Rank,Year,Division,DivisionRank,Team,GP,W,L,OTL,PTS,RW,ROW,SOW,SOL,HOME,AWAY,GF,GA,DIFF,L10,STRK
1,2025,Atlantic,1,Buffalo Sabres,67.0,41.0,20.0,6.0,88.0,34.0,37.0,4.0,0.0,22-9-3,19-11-3,235.0,200.0,35.0,9-1-0,W1
2,2025,Atlantic,2,Tampa Bay Lightning,65.0,40.0,21.0,4.0,84.0,31.0,36.0,4.0,2.0,20-12-0,20-9-4,231.0,182.0,49.0,3-7-0,L1
3,2025,Atlantic,3,Montreal Canadiens,66.0,36.0,20.0,10.0,82.0,25.0,34.0,2.0,5.0,18-13-2,18-7-8,233.0,220.0,13.0,5-3-2,L2
4,2025,Atlantic,4,Detroit Red Wings,68.0,37.0,23.0,8.0,82.0,26.0,35.0,2.0,3.0,19-11-3,18-12-5,200.0,203.0,-3.0,4-4-2,W1
5,2025,Atlantic,5,Boston Bruins,66.0,37.0,23.0,6.0,80.0,27.0,34.0,3.0,3.0,25-9-1,12-14-5,219.0,207.0,12.0,5-3-2,W1
6,2025,Atlantic,6,Ottawa Senators,66.0,34.0,23.0,9.0,77.0,28.0,31.0,3.0,0.0,16-11-5,18-12-4,225.0,205.0,20.0,7-1-2,W2
7,2025,Atlantic,7,Toronto Maple Leafs,68.0,29.0,27.0,12.0,70.0,21.0,28.0,1.0,4.0,17-11-7,12-16-5,215.0,238.0,-23.0,2-5-3,W1
8,2025,Atlantic,8,Florida Panthers,66.0,33.0,30.0,3.0,69.0,26.0,29.0,4.0,1.0,18-14-3,15-16-0,199.0,220.0,-21.0,4-6-0,L1
9,2025,Metropolitan,1,Carolina Hurricanes,66.0,42.0,18.0,6.0,90.0,31.0,37.0,5.0,3.0,24-9-2,18-9-4,234.0,192.0,42.0,7-3-0,W1
10,2025,Metropolitan,2,Pittsburgh Penguins,66.0,33.0,18.0,15.0,81.0,28.0,32.0,1.0,10.0,16-9-8,17-9-7,223.0,202.0,21.0,4-3-3,W1
11,2025,Metropolitan,3,New York Islanders,67.0,38.0,24.0,5.0,81.0,24.0,34.0,4.0,5.0,18-11-2,20-13-3,197.0,191.0,6.0,7-3-0,W1
12,2025,Metropolitan,4,Columbus Blue Jackets,66.0,34.0,21.0,11.0,79.0,23.0,28.0,6.0,1.0,17-8-7,17-13-4,212.0,208.0,4.0,5-1-4,W1
13,2025,Metropolitan,5,Philadelphia Flyers,66.0,31.0,23.0,12.0,74.0,20.0,23.0,8.0,4.0,15-11-8,16-12-4,191.0,205.0,-14.0,6-3-1,L1
14,2025,Metropolitan,6,Washington Capitals,68.0,33.0,27.0,8.0,74.0,28.0,32.0,1.0,6.0,20-11-4,13-16-4,212.0,203.0,9.0,5-4-1,L1
15,2025,Metropolitan,7,New Jersey Devils,66.0,33.0,31.0,2.0,68.0,22.0,29.0,4.0,0.0,17-15-2,16-16-0,176.0,201.0,-25.0,5-5-0,W1
16,2025,Metropolitan,8,New York Rangers,67.0,28.0,31.0,8.0,64.0,19.0,25.0,3.0,0.0,9-16-6,19-15-2,190.0,209.0,-19.0,6-2-2,L1
17,2025,Central,1,Colorado Avalanche,65.0,44.0,12.0,9.0,97.0,39.0,41.0,3.0,5.0,23-5-4,21-7-5,247.0,163.0,84.0,7-3-0,L1
18,2025,Central,2,Dallas Stars,66.0,42.0,14.0,10.0,94.0,33.0,38.0,4.0,4.0,22-7-4,20-7-6,232.0,178.0,54.0,9-0-1,W4
19,2025,Central,3,Minnesota Wild,68.0,38.0,18.0,12.0,88.0,25.0,34.0,4.0,5.0,19-9-8,19-9-4,226.0,196.0,30.0,4-4-2,L3
20,2025,Central,4,Utah Mammoth,67.0,34.0,27.0,6.0,74.0,26.0,34.0,0.0,0.0,18-11-3,16-16-3,208.0,188.0,20.0,4-4-2,L4
21,2025,Central,5,Nashville Predators,66.0,29.0,28.0,9.0,67.0,22.0,26.0,3.0,1.0,17-13-3,12-15-6,195.0,225.0,-30.0,3-5-2,L2
22,2025,Central,6,Winnipeg Jets,66.0,28.0,28.0,10.0,66.0,23.0,27.0,1.0,2.0,17-13-5,11-15-5,188.0,202.0,-14.0,6-2-2,W2
23,2025,Central,7,St. Louis Blues,67.0,27.0,30.0,10.0,64.0,24.0,26.0,1.0,3.0,15-12-7,12-18-3,177.0,222.0,-45.0,7-2-1,L1
24,2025,Central,8,Chicago Blackhawks,66.0,25.0,30.0,11.0,61.0,18.0,22.0,3.0,5.0,13-15-5,12-15-6,175.0,213.0,-38.0,3-5-2,L1
25,2025,Pacific,1,Anaheim Ducks,67.0,37.0,27.0,3.0,77.0,22.0,29.0,8.0,0.0,22-10-1,15-17-2,223.0,233.0,-10.0,6-4-0,W1
26,2025,Pacific,2,Vegas Golden Knights,67.0,31.0,22.0,14.0,76.0,23.0,30.0,1.0,6.0,16-10-7,15-12-7,220.0,209.0,11.0,4-6-0,W2
27,2025,Pacific,3,Edmonton Oilers,68.0,33.0,26.0,9.0,75.0,25.0,33.0,0.0,3.0,17-11-4,16-15-5,238.0,232.0,6.0,5-4-1,W1
28,2025,Pacific,4,Seattle Kraken,66.0,31.0,26.0,9.0,71.0,25.0,30.0,1.0,4.0,17-13-5,14-13-4,191.0,199.0,-8.0,4-6-0,W2
29,2025,Pacific,5,Los Angeles Kings,67.0,28.0,24.0,15.0,71.0,18.0,24.0,4.0,6.0,10-15-7,18-9-8,180.0,201.0,-21.0,5-4-1,W1
30,2025,Pacific,6,San Jose Sharks,65.0,32.0,27.0,6.0,70.0,20.0,30.0,2.0,1.0,17-10-5,15-17-1,204.0,229.0,-25.0,5-3-2,L1
31,2025,Pacific,7,Calgary Flames,67.0,26.0,34.0,7.0,59.0,22.0,24.0,2.0,3.0,16-12-4,10-22-3,167.0,212.0,-45.0,2-7-1,L2
32,2025,Pacific,8,Vancouver Canucks,66.0,20.0,38.0,8.0,48.0,13.0,15.0,5.0,2.0,7-21-5,13-17-3,171.0,246.0,-75.0,2-6-2,L1
1,2024,Atlantic,1,Toronto Maple Leafs,82.0,52.0,26.0,4.0,108.0,41.0,51.0,1.0,2.0,27-13-1,25-13-3,268.0,231.0,37.0,9-1-0,W5
2,2024,Atlantic,2,Tampa Bay Lightning,82.0,47.0,27.0,8.0,102.0,41.0,45.0,2.0,3.0,29-8-4,18-19-4,294.0,219.0,75.0,5-2-3,L1
3,2024,Atlantic,3,Florida Panthers,82.0,47.0,31.0,4.0,98.0,37.0,41.0,6.0,0.0,27-12-2,20-19-2,252.0,223.0,29.0,3-6-1,L2
4,2024,Atlantic,4,Ottawa Senators,82.0,45.0,30.0,7.0,97.0,35.0,44.0,1.0,2.0,27-11-3,18-19-4,243.0,234.0,9.0,6-2-2,W1
5,2024,Atlantic,5,Montreal Canadiens,82.0,40.0,31.0,11.0,91.0,30.0,38.0,2.0,4.0,23-12-6,17-19-5,245.0,265.0,-20.0,7-1-2,W1
6,2024,Atlantic,6,Detroit Red Wings,82.0,39.0,35.0,8.0,86.0,30.0,36.0,3.0,0.0,22-16-3,17-19-5,238.0,259.0,-21.0,6-2-2,L1
7,2024,Atlantic,7,Buffalo Sabres,82.0,36.0,39.0,7.0,79.0,29.0,32.0,4.0,2.0,23-15-3,13-24-4,269.0,289.0,-20.0,6-3-1,W1
8,2024,Atlantic,8,Boston Bruins,82.0,33.0,39.0,10.0,76.0,26.0,33.0,0.0,1.0,20-14-7,13-25-3,222.0,272.0,-50.0,3-6-1,L1
9,2024,Metropolitan,1,Washington Capitals,82.0,51.0,22.0,9.0,111.0,43.0,49.0,2.0,3.0,26-9-6,25-13-3,288.0,232.0,56.0,4-6-0,L1
10,2024,Metropolitan,2,Carolina Hurricanes,82.0,47.0,30.0,5.0,99.0,42.0,47.0,0.0,3.0,31-9-1,16-21-4,266.0,233.0,33.0,3-6-1,L3
11,2024,Metropolitan,3,New Jersey Devils,82.0,42.0,33.0,7.0,91.0,36.0,40.0,2.0,2.0,19-17-5,23-16-2,242.0,222.0,20.0,5-5-0,L1
12,2024,Metropolitan,4,Columbus Blue Jackets,82.0,40.0,33.0,9.0,89.0,30.0,34.0,6.0,1.0,26-10-5,14-23-4,273.0,268.0,5.0,7-3-0,W6
13,2024,Metropolitan,5,New York Rangers,82.0,39.0,36.0,7.0,85.0,35.0,38.0,1.0,0.0,19-19-3,20-17-4,256.0,255.0,1.0,5-4-1,W2
14,2024,Metropolitan,6,New York Islanders,82.0,35.0,35.0,12.0,82.0,28.0,33.0,2.0,3.0,19-17-5,16-18-7,224.0,260.0,-36.0,3-5-2,L2
15,2024,Metropolitan,7,Pittsburgh Penguins,82.0,34.0,36.0,12.0,80.0,24.0,33.0,1.0,6.0,21-15-5,13-21-7,243.0,293.0,-50.0,5-4-1,W1
16,2024,Metropolitan,8,Philadelphia Flyers,82.0,33.0,39.0,10.0,76.0,21.0,27.0,6.0,3.0,20-20-1,13-19-9,238.0,286.0,-48.0,5-4-1,L3
17,2024,Central,1,Winnipeg Jets,82.0,56.0,22.0,4.0,116.0,43.0,54.0,2.0,1.0,30-7-4,26-15-0,277.0,191.0,86.0,7-3-0,W1
18,2024,Central,2,Dallas Stars,82.0,50.0,26.0,6.0,106.0,41.0,48.0,2.0,2.0,28-10-3,22-16-3,277.0,224.0,53.0,3-5-2,L7
19,2024,Central,3,Colorado Avalanche,82.0,49.0,29.0,4.0,102.0,40.0,45.0,4.0,3.0,26-12-3,23-17-1,277.0,234.0,43.0,5-4-1,W1
20,2024,Central,4,Minnesota Wild,82.0,45.0,30.0,7.0,97.0,33.0,42.0,3.0,3.0,22-17-2,23-13-5,228.0,239.0,-11.0,5-3-2,W2
21,2024,Central,5,St. Louis Blues,82.0,44.0,30.0,8.0,96.0,32.0,40.0,4.0,2.0,24-14-3,20-16-5,254.0,233.0,21.0,7-2-1,W1
22,2024,Central,6,Utah Mammoth,82.0,38.0,31.0,13.0,89.0,30.0,37.0,1.0,4.0,18-15-8,20-16-5,241.0,251.0,-10.0,6-2-2,L1
23,2024,Central,7,Nashville Predators,82.0,30.0,44.0,8.0,68.0,24.0,28.0,2.0,0.0,20-18-3,10-26-5,214.0,274.0,-60.0,3-7-0,W1
24,2024,Central,8,Chicago Blackhawks,82.0,25.0,46.0,11.0,61.0,20.0,23.0,2.0,4.0,15-20-6,10-26-5,226.0,296.0,-70.0,4-4-2,W2
25,2024,Pacific,1,Vegas Golden Knights,82.0,50.0,22.0,10.0,110.0,46.0,49.0,1.0,5.0,29-9-3,21-13-7,275.0,219.0,56.0,6-2-2,W1
26,2024,Pacific,2,Los Angeles Kings,82.0,48.0,25.0,9.0,105.0,43.0,47.0,1.0,3.0,31-6-4,17-19-5,250.0,206.0,44.0,8-2-0,L1
27,2024,Pacific,3,Edmonton Oilers,82.0,48.0,29.0,5.0,101.0,36.0,48.0,0.0,1.0,25-13-3,23-16-2,259.0,236.0,23.0,7-3-0,W1
28,2024,Pacific,4,Calgary Flames,82.0,41.0,27.0,14.0,96.0,31.0,36.0,5.0,2.0,23-12-6,18-15-8,225.0,238.0,-13.0,7-1-2,W4
29,2024,Pacific,5,Vancouver Canucks,82.0,38.0,30.0,14.0,90.0,28.0,35.0,3.0,2.0,17-16-8,21-14-6,236.0,253.0,-17.0,4-4-2,L1
30,2024,Pacific,6,Anaheim Ducks,82.0,35.0,37.0,10.0,80.0,24.0,31.0,4.0,2.0,21-18-2,14-19-8,221.0,263.0,-42.0,3-5-2,L4
31,2024,Pacific,7,Seattle Kraken,82.0,35.0,41.0,6.0,76.0,28.0,33.0,2.0,3.0,18-18-5,17-23-1,247.0,265.0,-18.0,5-5-0,L1
32,2024,Pacific,8,San Jose Sharks,82.0,20.0,50.0,12.0,52.0,14.0,18.0,2.0,5.0,12-27-2,8-23-10,210.0,315.0,-105.0,0-7-3,L11
1,2023,Atlantic,1,Florida Panthers,82.0,52.0,24.0,6.0,110.0,42.0,49.0,3.0,2.0,26-13-2,26-11-4,268.0,200.0,68.0,6-3-1,W4
2,2023,Atlantic,2,Boston Bruins,82.0,47.0,20.0,15.0,109.0,36.0,43.0,4.0,3.0,24-11-6,23-9-9,267.0,224.0,43.0,6-4-0,L2
3,2023,Atlantic,3,Toronto Maple Leafs,82.0,46.0,26.0,10.0,102.0,33.0,41.0,5.0,2.0,22-15-4,24-11-6,303.0,263.0,40.0,5-4-1,L4
4,2023,Atlantic,4,Tampa Bay Lightning,82.0,45.0,29.0,8.0,98.0,37.0,42.0,3.0,1.0,25-11-5,20-18-3,291.0,268.0,23.0,5-4-1,W1
5,2023,Atlantic,5,Detroit Red Wings,82.0,41.0,32.0,9.0,91.0,27.0,38.0,3.0,1.0,23-13-5,18-19-4,278.0,274.0,4.0,5-3-2,W3
6,2023,Atlantic,6,Buffalo Sabres,82.0,39.0,37.0,6.0,84.0,33.0,37.0,2.0,1.0,21-19-1,18-18-5,246.0,244.0,2.0,5-4-1,W1
7,2023,Atlantic,7,Ottawa Senators,82.0,37.0,41.0,4.0,78.0,25.0,32.0,5.0,0.0,21-18-2,16-23-2,255.0,281.0,-26.0,5-5-0,W1
8,2023,Atlantic,8,Montreal Canadiens,82.0,30.0,36.0,16.0,76.0,20.0,26.0,4.0,8.0,16-20-5,14-16-11,236.0,289.0,-53.0,2-4-4,L4
9,2023,Metropolitan,1,New York Rangers,82.0,55.0,23.0,4.0,114.0,43.0,51.0,4.0,3.0,30-11-0,25-12-4,282.0,229.0,53.0,7-3-0,W2
10,2023,Metropolitan,2,Carolina Hurricanes,82.0,52.0,23.0,7.0,111.0,44.0,50.0,2.0,5.0,27-10-4,25-13-3,279.0,216.0,63.0,7-3-0,L1
11,2023,Metropolitan,3,New York Islanders,82.0,39.0,27.0,16.0,94.0,29.0,38.0,1.0,5.0,21-10-10,18-17-6,246.0,263.0,-17.0,8-1-1,W2
12,2023,Metropolitan,4,Washington Capitals,82.0,40.0,31.0,11.0,91.0,32.0,36.0,4.0,5.0,22-12-7,18-19-4,220.0,257.0,-37.0,4-4-2,W3
13,2023,Metropolitan,5,Pittsburgh Penguins,82.0,38.0,32.0,12.0,88.0,32.0,36.0,2.0,3.0,23-14-4,15-18-8,255.0,251.0,4.0,6-2-2,L1
14,2023,Metropolitan,6,Philadelphia Flyers,82.0,38.0,33.0,11.0,87.0,30.0,34.0,4.0,3.0,20-17-4,18-16-7,235.0,261.0,-26.0,2-6-2,L1
15,2023,Metropolitan,7,New Jersey Devils,82.0,38.0,39.0,5.0,81.0,33.0,38.0,0.0,2.0,17-21-3,21-18-2,264.0,283.0,-19.0,3-6-1,L2
16,2023,Metropolitan,8,Columbus Blue Jackets,82.0,27.0,43.0,12.0,66.0,21.0,24.0,3.0,2.0,17-19-5,10-24-7,237.0,300.0,-63.0,4-6-0,W1
17,2023,Central,1,Dallas Stars,82.0,52.0,21.0,9.0,113.0,40.0,48.0,4.0,2.0,26-11-4,26-10-5,298.0,234.0,64.0,8-2-0,W2
18,2023,Central,2,Winnipeg Jets,82.0,52.0,24.0,6.0,110.0,46.0,52.0,0.0,1.0,27-11-3,25-13-3,259.0,199.0,60.0,8-2-0,W8
19,2023,Central,3,Colorado Avalanche,82.0,50.0,25.0,7.0,107.0,42.0,48.0,2.0,2.0,31-9-1,19-16-6,304.0,254.0,50.0,4-4-2,W1
20,2023,Central,4,Nashville Predators,82.0,47.0,30.0,5.0,99.0,38.0,44.0,3.0,0.0,23-16-2,24-14-3,269.0,248.0,21.0,4-5-1,L1
21,2023,Central,5,St. Louis Blues,82.0,43.0,33.0,6.0,92.0,31.0,38.0,5.0,2.0,25-14-2,18-19-4,239.0,250.0,-11.0,5-3-2,L1
22,2023,Central,6,Minnesota Wild,82.0,39.0,33.0,10.0,87.0,32.0,36.0,3.0,3.0,20-15-6,19-18-4,251.0,263.0,-12.0,4-5-1,L1
23,2023,Central,7,Arizona Coyotes,82.0,36.0,41.0,5.0,77.0,28.0,34.0,2.0,0.0,22-19-0,14-22-5,256.0,274.0,-18.0,6-4-0,W1
24,2023,Central,8,Chicago Blackhawks,82.0,23.0,53.0,6.0,52.0,17.0,22.0,1.0,1.0,16-21-4,7-32-2,179.0,290.0,-111.0,2-7-1,L6
25,2023,Pacific,1,Vancouver Canucks,82.0,50.0,23.0,9.0,109.0,44.0,50.0,0.0,2.0,27-9-5,23-14-4,279.0,223.0,56.0,5-4-1,L1
26,2023,Pacific,2,Edmonton Oilers,82.0,49.0,27.0,6.0,104.0,39.0,47.0,2.0,1.0,28-9-4,21-18-2,294.0,237.0,57.0,4-4-2,L2
27,2023,Pacific,3,Los Angeles Kings,82.0,44.0,27.0,11.0,99.0,37.0,42.0,2.0,5.0,22-12-7,22-15-4,256.0,215.0,41.0,6-4-0,W1
28,2023,Pacific,4,Vegas Golden Knights,82.0,45.0,29.0,8.0,98.0,34.0,41.0,4.0,2.0,27-12-2,18-17-6,267.0,245.0,22.0,6-4-0,L1
29,2023,Pacific,5,Calgary Flames,82.0,38.0,39.0,5.0,81.0,32.0,38.0,0.0,4.0,21-19-1,17-20-4,253.0,271.0,-18.0,5-5-0,W1
30,2023,Pacific,6,Seattle Kraken,82.0,34.0,35.0,13.0,81.0,28.0,31.0,3.0,4.0,17-18-6,17-17-7,217.0,236.0,-19.0,4-6-0,W1
31,2023,Pacific,7,Anaheim Ducks,82.0,27.0,50.0,5.0,59.0,21.0,26.0,1.0,2.0,12-26-3,15-24-2,204.0,295.0,-91.0,3-6-1,W1
32,2023,Pacific,8,San Jose Sharks,82.0,19.0,54.0,9.0,47.0,14.0,18.0,1.0,5.0,11-25-5,8-29-4,181.0,331.0,-150.0,3-6-1,L3
1,2022,Atlantic,1,Boston Bruins,82.0,65.0,12.0,5.0,135.0,54.0,61.0,4.0,3.0,34-4-3,31-8-2,305.0,177.0,128.0,9-1-0,W8
2,2022,Atlantic,2,Toronto Maple Leafs,82.0,50.0,21.0,11.0,111.0,42.0,49.0,1.0,2.0,27-8-6,23-13-5,279.0,222.0,57.0,7-1-2,W4
3,2022,Atlantic,3,Tampa Bay Lightning,82.0,46.0,30.0,6.0,98.0,38.0,43.0,3.0,2.0,28-8-5,18-22-1,283.0,254.0,29.0,4-6-0,W1
4,2022,Atlantic,4,Florida Panthers,82.0,42.0,32.0,8.0,92.0,36.0,40.0,2.0,1.0,23-13-5,19-19-3,290.0,273.0,17.0,6-3-1,L2
5,2022,Atlantic,5,Buffalo Sabres,82.0,42.0,33.0,7.0,91.0,30.0,39.0,3.0,3.0,17-20-4,25-13-3,296.0,300.0,-4.0,7-2-1,W2
6,2022,Atlantic,6,Ottawa Senators,82.0,39.0,35.0,8.0,86.0,31.0,37.0,2.0,1.0,24-14-3,15-21-5,261.0,271.0,-10.0,4-3-3,L1
7,2022,Atlantic,7,Detroit Red Wings,82.0,35.0,37.0,10.0,80.0,28.0,32.0,3.0,4.0,19-17-5,16-20-5,240.0,279.0,-39.0,4-5-1,L5
8,2022,Atlantic,8,Montreal Canadiens,82.0,31.0,45.0,6.0,68.0,21.0,26.0,5.0,2.0,17-21-3,14-24-3,232.0,307.0,-75.0,3-7-0,L3
9,2022,Metropolitan,1,Carolina Hurricanes,82.0,52.0,21.0,9.0,113.0,39.0,48.0,4.0,3.0,28-10-3,24-11-6,266.0,213.0,53.0,5-5-0,W2
10,2022,Metropolitan,2,New Jersey Devils,82.0,52.0,22.0,8.0,112.0,39.0,50.0,2.0,4.0,24-13-4,28-9-4,291.0,226.0,65.0,7-3-0,W2
11,2022,Metropolitan,3,New York Rangers,82.0,47.0,22.0,13.0,107.0,37.0,43.0,4.0,3.0,23-13-5,24-9-8,277.0,219.0,58.0,5-2-3,L2
12,2022,Metropolitan,4,New York Islanders,82.0,42.0,31.0,9.0,93.0,36.0,41.0,1.0,5.0,25-13-3,17-18-6,243.0,222.0,21.0,5-4-1,W1
13,2022,Metropolitan,5,Pittsburgh Penguins,82.0,40.0,31.0,11.0,91.0,31.0,39.0,1.0,1.0,23-13-5,17-18-6,262.0,264.0,-2.0,5-4-1,L2
14,2022,Metropolitan,6,Washington Capitals,82.0,35.0,37.0,10.0,80.0,27.0,33.0,2.0,4.0,18-16-7,17-21-3,255.0,265.0,-10.0,2-6-2,L2
15,2022,Metropolitan,7,Philadelphia Flyers,82.0,31.0,38.0,13.0,75.0,26.0,29.0,2.0,1.0,18-18-5,13-20-8,222.0,277.0,-55.0,3-6-1,W2
16,2022,Metropolitan,8,Columbus Blue Jackets,82.0,25.0,48.0,9.0,59.0,15.0,24.0,1.0,1.0,16-23-2,9-25-7,214.0,330.0,-116.0,2-6-2,L1
17,2022,Central,1,Colorado Avalanche,82.0,51.0,24.0,7.0,109.0,36.0,45.0,6.0,3.0,22-13-6,29-11-1,280.0,226.0,54.0,8-1-1,W2
18,2022,Central,2,Dallas Stars,82.0,47.0,21.0,14.0,108.0,39.0,43.0,4.0,3.0,22-10-9,25-11-5,285.0,218.0,67.0,8-2-0,W6
19,2022,Central,3,Minnesota Wild,82.0,46.0,25.0,11.0,103.0,34.0,39.0,7.0,6.0,25-12-4,21-13-7,246.0,225.0,21.0,5-3-2,L2
20,2022,Central,4,Winnipeg Jets,82.0,46.0,33.0,3.0,95.0,36.0,45.0,1.0,1.0,26-13-2,20-20-1,247.0,225.0,22.0,6-4-0,L1
21,2022,Central,5,Nashville Predators,82.0,42.0,32.0,8.0,92.0,29.0,36.0,6.0,2.0,22-15-4,20-17-4,229.0,238.0,-9.0,6-4-0,L1
22,2022,Central,6,St. Louis Blues,82.0,37.0,38.0,7.0,81.0,27.0,34.0,3.0,3.0,18-17-6,19-21-1,263.0,301.0,-38.0,4-5-1,L3
23,2022,Central,7,Arizona Coyotes,82.0,28.0,40.0,14.0,70.0,20.0,25.0,3.0,4.0,21-15-5,7-25-9,228.0,299.0,-71.0,1-7-2,L2
24,2022,Central,8,Chicago Blackhawks,82.0,26.0,49.0,7.0,59.0,18.0,24.0,2.0,2.0,14-23-4,12-26-3,204.0,301.0,-97.0,2-7-1,L1
25,2022,Pacific,1,Vegas Golden Knights,82.0,51.0,22.0,9.0,111.0,38.0,46.0,5.0,4.0,25-15-1,26-7-8,272.0,229.0,43.0,6-1-3,W2
26,2022,Pacific,2,Edmonton Oilers,82.0,50.0,23.0,9.0,109.0,45.0,50.0,0.0,4.0,23-12-6,27-11-3,325.0,260.0,65.0,9-0-1,W9
27,2022,Pacific,3,Los Angeles Kings,82.0,47.0,25.0,10.0,104.0,37.0,41.0,6.0,3.0,26-11-4,21-14-6,280.0,257.0,23.0,5-5-0,W2
28,2022,Pacific,4,Seattle Kraken,82.0,46.0,28.0,8.0,100.0,37.0,46.0,0.0,4.0,20-17-4,26-11-4,289.0,256.0,33.0,6-4-0,L2
29,2022,Pacific,5,Calgary Flames,82.0,38.0,27.0,17.0,93.0,31.0,36.0,2.0,5.0,20-16-5,18-11-12,260.0,252.0,8.0,6-2-2,W1
30,2022,Pacific,6,Vancouver Canucks,82.0,38.0,37.0,7.0,83.0,24.0,32.0,6.0,2.0,19-20-2,19-17-5,276.0,298.0,-22.0,5-3-2,W2
31,2022,Pacific,7,San Jose Sharks,82.0,22.0,44.0,16.0,60.0,16.0,21.0,1.0,6.0,8-22-11,14-22-5,234.0,321.0,-87.0,3-6-1,L6
32,2022,Pacific,8,Anaheim Ducks,82.0,23.0,47.0,12.0,58.0,13.0,20.0,3.0,3.0,12-25-4,11-22-8,209.0,338.0,-129.0,0-8-2,L13
1,2021,Atlantic,1,Florida Panthers,82.0,58.0,18.0,6.0,122.0,42.0,55.0,3.0,4.0,34-7-0,24-11-6,340.0,246.0,94.0,7-3-0,L1
2,2021,Atlantic,2,Toronto Maple Leafs,82.0,54.0,21.0,7.0,115.0,45.0,51.0,3.0,1.0,31-8-2,23-13-5,315.0,253.0,62.0,7-2-1,W3
3,2021,Atlantic,3,Tampa Bay Lightning,82.0,51.0,23.0,8.0,110.0,39.0,49.0,2.0,5.0,27-8-6,24-15-2,287.0,233.0,54.0,7-3-0,W1
4,2021,Atlantic,4,Boston Bruins,82.0,51.0,26.0,5.0,107.0,40.0,49.0,2.0,2.0,26-13-2,25-13-3,254.0,220.0,34.0,6-4-0,L1
5,2021,Atlantic,5,Buffalo Sabres,82.0,32.0,39.0,11.0,75.0,25.0,29.0,3.0,3.0,17-18-6,15-21-5,232.0,290.0,-58.0,6-4-0,W1
6,2021,Atlantic,6,Detroit Red Wings,82.0,32.0,40.0,10.0,74.0,21.0,29.0,3.0,2.0,18-16-7,14-24-3,230.0,312.0,-82.0,4-6-0,W1
7,2021,Atlantic,7,Ottawa Senators,82.0,33.0,42.0,7.0,73.0,26.0,30.0,3.0,2.0,15-22-4,18-20-3,227.0,266.0,-39.0,7-2-1,W1
8,2021,Atlantic,8,Montreal Canadiens,82.0,22.0,49.0,11.0,55.0,16.0,19.0,3.0,2.0,11-26-4,11-23-7,221.0,319.0,-98.0,2-8-0,W2
9,2021,Metropolitan,1,Carolina Hurricanes,82.0,54.0,20.0,8.0,116.0,47.0,53.0,1.0,2.0,29-8-4,25-12-4,278.0,202.0,76.0,8-2-0,W6
10,2021,Metropolitan,2,New York Rangers,82.0,52.0,24.0,6.0,110.0,44.0,48.0,4.0,3.0,27-10-4,25-14-2,254.0,207.0,47.0,6-4-0,W1
11,2021,Metropolitan,3,Pittsburgh Penguins,82.0,46.0,25.0,11.0,103.0,37.0,43.0,3.0,7.0,23-13-5,23-12-6,272.0,229.0,43.0,5-4-1,W1
12,2021,Metropolitan,4,Washington Capitals,82.0,44.0,26.0,12.0,100.0,35.0,39.0,5.0,3.0,19-16-6,25-10-6,275.0,245.0,30.0,4-4-2,L4
13,2021,Metropolitan,5,New York Islanders,82.0,37.0,35.0,10.0,84.0,34.0,35.0,2.0,6.0,20-16-5,17-19-5,231.0,237.0,-6.0,3-6-1,L1
14,2021,Metropolitan,6,Columbus Blue Jackets,82.0,37.0,38.0,7.0,81.0,26.0,33.0,4.0,3.0,21-15-5,16-23-2,262.0,299.0,-37.0,4-5-1,L1
15,2021,Metropolitan,7,New Jersey Devils,82.0,27.0,46.0,9.0,63.0,19.0,24.0,3.0,5.0,16-20-5,11-26-4,248.0,307.0,-59.0,2-5-3,L6
16,2021,Metropolitan,8,Philadelphia Flyers,82.0,25.0,46.0,11.0,61.0,20.0,24.0,1.0,4.0,14-21-6,11-25-5,211.0,298.0,-87.0,2-8-0,L3
17,2021,Central,1,Colorado Avalanche,82.0,56.0,19.0,7.0,119.0,46.0,52.0,4.0,2.0,32-5-4,24-14-3,312.0,234.0,78.0,4-5-1,L2
18,2021,Central,2,Minnesota Wild,82.0,53.0,22.0,7.0,113.0,37.0,48.0,5.0,4.0,31-8-2,22-14-5,310.0,253.0,57.0,8-1-1,W2
19,2021,Central,3,St. Louis Blues,82.0,49.0,22.0,11.0,109.0,43.0,47.0,2.0,3.0,26-10-5,23-12-6,311.0,242.0,69.0,7-2-1,L2
20,2021,Central,4,Dallas Stars,82.0,46.0,30.0,6.0,98.0,31.0,41.0,5.0,2.0,27-10-4,19-20-2,238.0,246.0,-8.0,5-3-2,W1
21,2021,Central,5,Nashville Predators,82.0,45.0,30.0,7.0,97.0,35.0,41.0,4.0,2.0,25-14-2,20-16-5,266.0,252.0,14.0,4-4-2,L1
22,2021,Central,6,Winnipeg Jets,82.0,39.0,32.0,11.0,89.0,32.0,37.0,2.0,4.0,23-15-3,16-17-8,252.0,257.0,-5.0,6-4-0,W4
23,2021,Central,7,Chicago Blackhawks,82.0,28.0,42.0,12.0,68.0,16.0,22.0,6.0,2.0,14-21-6,14-21-6,219.0,291.0,-72.0,4-5-1,L1
24,2021,Central,8,Arizona Coyotes,82.0,25.0,50.0,7.0,57.0,18.0,24.0,1.0,4.0,11-27-3,14-23-4,207.0,313.0,-106.0,3-5-2,W3
25,2021,Pacific,1,Calgary Flames,82.0,50.0,21.0,11.0,111.0,44.0,48.0,2.0,2.0,25-9-7,25-12-4,293.0,208.0,85.0,6-2-2,L2
26,2021,Pacific,2,Edmonton Oilers,82.0,49.0,27.0,6.0,104.0,38.0,44.0,5.0,1.0,28-12-1,21-15-5,290.0,252.0,38.0,7-2-1,W3
27,2021,Pacific,3,Los Angeles Kings,82.0,44.0,27.0,11.0,99.0,35.0,40.0,4.0,4.0,21-16-4,23-11-7,239.0,236.0,3.0,6-3-1,L1
28,2021,Pacific,4,Vegas Golden Knights,82.0,43.0,31.0,8.0,94.0,34.0,39.0,4.0,4.0,22-15-4,21-16-4,266.0,248.0,18.0,4-2-4,W1
29,2021,Pacific,5,Vancouver Canucks,82.0,40.0,30.0,12.0,92.0,32.0,37.0,3.0,5.0,20-14-7,20-16-5,249.0,236.0,13.0,6-2-2,L1
30,2021,Pacific,6,San Jose Sharks,82.0,32.0,37.0,13.0,77.0,22.0,29.0,3.0,3.0,18-18-5,14-19-8,214.0,264.0,-50.0,3-4-3,L3
31,2021,Pacific,7,Anaheim Ducks,82.0,31.0,37.0,14.0,76.0,22.0,27.0,4.0,5.0,17-19-5,14-18-9,232.0,271.0,-39.0,3-5-2,L1
32,2021,Pacific,8,Seattle Kraken,82.0,27.0,49.0,6.0,60.0,23.0,24.0,3.0,1.0,16-22-3,11-27-3,216.0,285.0,-69.0,4-6-0,L1
1,2020,x --FLAFlorida Panthers,1,Tampa Bay Lightning,,,,,,,,,,,,,,,,
2,2020,x --FLAFlorida Panthers,2,Tampa Bay Lightning,,,,,,,,,,,,,,,,
3,2020,x --FLAFlorida Panthers,3,Nashville Predators,,,,,,,,,,,,,,,,
4,2020,x --FLAFlorida Panthers,4,Dallas Stars,,,,,,,,,,,,,,,,
5,2020,x --FLAFlorida Panthers,5,Chicago Blackhawks,,,,,,,,,,,,,,,,
6,2020,x --FLAFlorida Panthers,6,Detroit Red Wings,,,,,,,,,,,,,,,,
7,2020,x --FLAFlorida Panthers,7,Detroit Red Wings,,,,,,,,,,,,,,,,
8,2020,x --FLAFlorida Panthers,8,Columbus Blue Jackets,,,,,,,,,,,,,,,,
9,2020,x --WSHWashington Capitals,1,Boston Bruins,,,,,,,,,,,,,,,,
10,2020,x --WSHWashington Capitals,2,New York Islanders,,,,,,,,,,,,,,,,
11,2020,x --WSHWashington Capitals,3,New York Rangers,,,,,,,,,,,,,,,,
12,2020,x --WSHWashington Capitals,4,Philadelphia Flyers,,,,,,,,,,,,,,,,
13,2020,x --WSHWashington Capitals,5,New Jersey Devils,,,,,,,,,,,,,,,,
14,2020,x --WSHWashington Capitals,6,Buffalo Sabres,,,,,,,,,,,,,,,,
15,2020,x --EDMEdmonton Oilers,1,Winnipeg Jets,,,,,,,,,,,,,,,,
16,2020,x --EDMEdmonton Oilers,2,Montreal Canadiens,,,,,,,,,,,,,,,,
17,2020,x --EDMEdmonton Oilers,3,Calgary Flames,,,,,,,,,,,,,,,,
18,2020,x --EDMEdmonton Oilers,4,Ottawa Senators,,,,,,,,,,,,,,,,
19,2020,x --EDMEdmonton Oilers,5,Vancouver Canucks,,,,,,,,,,,,,,,,
20,2020,x --VGKVegas Golden Knights,1,Minnesota Wild,,,,,,,,,,,,,,,,
21,2020,x --VGKVegas Golden Knights,2,St. Louis Blues,,,,,,,,,,,,,,,,
22,2020,x --VGKVegas Golden Knights,3,Arizona Coyotes,,,,,,,,,,,,,,,,
23,2020,x --VGKVegas Golden Knights,4,Los Angeles Kings,,,,,,,,,,,,,,,,
24,2020,x --VGKVegas Golden Knights,5,San Jose Sharks,,,,,,,,,,,,,,,,
25,2020,x --VGKVegas Golden Knights,6,Anaheim Ducks,,,,,,,,,,,,,,,,
1,2019,Atlantic,1,Boston Bruins,70.0,44.0,14.0,12.0,100.0,38.0,44.0,0.0,7.0,22-4-9,22-10-3,227.0,174.0,53.0,7-3-0,W1
2,2019,Atlantic,2,Tampa Bay Lightning,70.0,43.0,21.0,6.0,92.0,35.0,41.0,2.0,1.0,22-10-2,21-11-4,245.0,195.0,50.0,3-6-1,L2
3,2019,Atlantic,3,Toronto Maple Leafs,70.0,36.0,25.0,9.0,81.0,28.0,35.0,1.0,5.0,18-9-7,18-16-2,238.0,227.0,11.0,5-4-1,W1
4,2019,Atlantic,4,Florida Panthers,69.0,35.0,26.0,8.0,78.0,30.0,32.0,3.0,4.0,17-14-4,18-12-4,231.0,228.0,3.0,4-4-2,W2
5,2019,Atlantic,5,Montreal Canadiens,71.0,31.0,31.0,9.0,71.0,19.0,27.0,4.0,1.0,14-17-6,17-14-3,212.0,221.0,-9.0,4-5-1,L3
6,2019,Atlantic,6,Buffalo Sabres,69.0,30.0,31.0,8.0,68.0,22.0,28.0,2.0,2.0,20-11-4,10-20-4,195.0,217.0,-22.0,3-7-0,W1
7,2019,Atlantic,7,Ottawa Senators,71.0,25.0,34.0,12.0,62.0,18.0,24.0,1.0,5.0,18-13-6,7-21-6,191.0,243.0,-52.0,4-6-1,L2
8,2019,Atlantic,8,Detroit Red Wings,71.0,17.0,49.0,5.0,39.0,13.0,14.0,3.0,2.0,12-23-2,5-26-3,145.0,267.0,-122.0,3-6-1,L1
9,2019,Metropolitan,1,Washington Capitals,69.0,41.0,20.0,8.0,90.0,31.0,37.0,4.0,3.0,18-10-5,23-10-3,240.0,215.0,25.0,4-3-3,L1
10,2019,Metropolitan,2,Philadelphia Flyers,69.0,41.0,21.0,7.0,89.0,31.0,36.0,5.0,5.0,25-6-4,16-15-3,232.0,196.0,36.0,9-1-0,L1
11,2019,Metropolitan,3,Pittsburgh Penguins,69.0,40.0,23.0,6.0,86.0,29.0,37.0,3.0,0.0,23-8-4,17-15-2,224.0,196.0,28.0,3-7-0,W1
12,2019,Metropolitan,4,Carolina Hurricanes,68.0,38.0,25.0,5.0,81.0,27.0,33.0,5.0,0.0,19-12-2,19-13-3,222.0,193.0,29.0,5-4-1,W3
13,2019,Metropolitan,5,New York Islanders,68.0,35.0,23.0,10.0,80.0,24.0,32.0,3.0,3.0,20-9-6,15-14-4,192.0,193.0,-1.0,2-4-4,L7
14,2019,Metropolitan,6,Columbus Blue Jackets,70.0,33.0,22.0,15.0,81.0,25.0,33.0,0.0,4.0,20-12-4,13-10-11,180.0,187.0,-7.0,3-4-3,W1
15,2019,Metropolitan,7,New York Rangers,70.0,37.0,28.0,5.0,79.0,31.0,36.0,1.0,2.0,18-16-2,19-12-3,234.0,222.0,12.0,5-4-1,L1
16,2019,Metropolitan,8,New Jersey Devils,69.0,28.0,29.0,12.0,68.0,22.0,24.0,4.0,6.0,13-11-10,15-18-2,189.0,230.0,-41.0,6-2-2,L1
17,2019,Central,1,St. Louis Blues,71.0,42.0,19.0,10.0,94.0,33.0,40.0,2.0,3.0,23-7-5,19-12-5,225.0,193.0,32.0,8-2-0,W1
18,2019,Central,2,Colorado Avalanche,70.0,42.0,20.0,8.0,92.0,37.0,41.0,1.0,1.0,18-9-6,24-11-2,237.0,191.0,46.0,7-2-1,W1
19,2019,Central,3,Dallas Stars,69.0,37.0,24.0,8.0,82.0,26.0,35.0,2.0,3.0,19-12-3,18-12-5,180.0,177.0,3.0,3-7-2,L6
20,2019,Central,4,Nashville Predators,69.0,35.0,26.0,8.0,78.0,28.0,32.0,3.0,3.0,17-14-4,18-12-4,215.0,217.0,-2.0,6-3-1,W3
21,2019,Central,5,Winnipeg Jets,71.0,37.0,28.0,6.0,80.0,30.0,34.0,3.0,2.0,20-14-3,17-14-3,216.0,203.0,13.0,6-3-1,W4
22,2019,Central,6,Minnesota Wild,69.0,35.0,27.0,7.0,77.0,30.0,33.0,2.0,3.0,19-11-5,16-16-2,220.0,220.0,0.0,7-3-0,W1
23,2019,Central,7,Chicago Blackhawks,70.0,32.0,30.0,8.0,72.0,23.0,28.0,4.0,4.0,16-14-4,16-16-4,212.0,218.0,-6.0,6-4-0,W1
24,2019,Pacific,1,Vegas Golden Knights,71.0,39.0,24.0,8.0,86.0,30.0,36.0,3.0,2.0,22-11-4,17-13-4,227.0,211.0,16.0,8-2-0,W2
25,2019,Pacific,2,Edmonton Oilers,71.0,37.0,25.0,9.0,83.0,31.0,35.0,2.0,2.0,17-11-6,20-14-3,225.0,217.0,8.0,5-3-2,L2
26,2019,Pacific,3,Vancouver Canucks,69.0,36.0,27.0,6.0,78.0,27.0,32.0,4.0,3.0,22-9-4,14-18-2,228.0,217.0,11.0,4-5-1,W1
27,2019,Pacific,4,Calgary Flames,70.0,36.0,27.0,7.0,79.0,25.0,30.0,6.0,1.0,16-13-4,20-14-3,210.0,215.0,-5.0,6-3-1,L1
28,2019,Pacific,5,Arizona Coyotes,70.0,33.0,29.0,8.0,74.0,26.0,28.0,5.0,4.0,17-12-4,16-17-4,195.0,187.0,8.0,5-5-0,L2
29,2019,Pacific,6,Anaheim Ducks,71.0,29.0,33.0,9.0,67.0,20.0,24.0,5.0,1.0,16-15-5,13-18-4,187.0,226.0,-39.0,5-3-2,L1
30,2019,Pacific,7,Los Angeles Kings,70.0,29.0,35.0,6.0,64.0,21.0,28.0,1.0,3.0,19-13-2,10-22-4,178.0,212.0,-34.0,8-2-1,W7
31,2019,Pacific,8,San Jose Sharks,70.0,29.0,36.0,5.0,63.0,22.0,27.0,2.0,1.0,17-17-2,12-19-3,182.0,226.0,-44.0,3-6-1,L4
1,2018,Atlantic,1,Tampa Bay Lightning,82.0,62.0,16.0,4.0,128.0,,56.0,6.0,1.0,32-7-2,30-9-2,325.0,222.0,103.0,7-3-0,W2
2,2018,Atlantic,2,Boston Bruins,82.0,49.0,24.0,9.0,107.0,,47.0,2.0,3.0,29-9-3,20-15-6,259.0,215.0,44.0,6-4-0,L1
3,2018,Atlantic,3,Toronto Maple Leafs,82.0,46.0,28.0,8.0,100.0,,46.0,0.0,2.0,23-16-2,23-12-6,286.0,251.0,35.0,3-4-3,L3
4,2018,Atlantic,4,Montreal Canadiens,82.0,44.0,30.0,8.0,96.0,,41.0,3.0,0.0,25-12-4,19-18-4,249.0,236.0,13.0,7-2-1,W1
5,2018,Atlantic,5,Florida Panthers,82.0,36.0,32.0,14.0,86.0,,33.0,3.0,7.0,20-13-8,16-19-6,267.0,280.0,-13.0,4-4-2,L2
6,2018,Atlantic,6,Buffalo Sabres,82.0,33.0,39.0,10.0,76.0,,28.0,5.0,3.0,21-15-5,12-24-5,226.0,271.0,-45.0,2-7-1,W2
7,2018,Atlantic,7,Detroit Red Wings,82.0,32.0,40.0,10.0,74.0,,29.0,3.0,5.0,17-19-5,15-21-5,227.0,277.0,-50.0,7-3-0,L2
8,2018,Atlantic,8,Ottawa Senators,82.0,29.0,47.0,6.0,64.0,,29.0,0.0,1.0,18-19-4,11-28-2,242.0,302.0,-60.0,4-6-0,L2
9,2018,Metropolitan,1,Washington Capitals,82.0,48.0,26.0,8.0,104.0,,44.0,4.0,1.0,24-11-6,24-15-2,278.0,249.0,29.0,6-3-1,L1
10,2018,Metropolitan,2,New York Islanders,82.0,48.0,27.0,7.0,103.0,,43.0,5.0,5.0,24-13-4,24-14-3,228.0,196.0,32.0,6-4-0,W2
11,2018,Metropolitan,3,Pittsburgh Penguins,82.0,44.0,26.0,12.0,100.0,,42.0,2.0,3.0,23-14-4,21-12-8,273.0,241.0,32.0,5-2-3,L1
12,2018,Metropolitan,4,Carolina Hurricanes,82.0,46.0,29.0,7.0,99.0,,44.0,2.0,2.0,24-13-4,22-16-3,245.0,223.0,22.0,6-4-0,W3
13,2018,Metropolitan,5,Columbus Blue Jackets,82.0,47.0,31.0,4.0,98.0,,45.0,2.0,1.0,22-17-2,25-14-2,258.0,232.0,26.0,7-3-0,W2
14,2018,Metropolitan,6,Philadelphia Flyers,82.0,37.0,37.0,8.0,82.0,,34.0,3.0,1.0,19-18-4,18-19-4,244.0,281.0,-37.0,2-8-0,L5
15,2018,Metropolitan,7,New York Rangers,82.0,32.0,36.0,14.0,78.0,,26.0,6.0,5.0,18-14-9,14-22-5,227.0,272.0,-45.0,4-5-1,W1
16,2018,Metropolitan,8,New Jersey Devils,82.0,31.0,41.0,10.0,72.0,,28.0,3.0,4.0,20-14-7,11-27-3,222.0,275.0,-53.0,4-5-1,W1
17,2018,Central,1,Nashville Predators,82.0,47.0,29.0,6.0,100.0,,43.0,4.0,2.0,25-14-2,22-15-4,240.0,214.0,26.0,7-2-1,W3
18,2018,Central,2,Winnipeg Jets,82.0,47.0,30.0,5.0,99.0,,45.0,2.0,1.0,25-12-4,22-18-1,272.0,244.0,28.0,4-5-1,W1
19,2018,Central,3,St. Louis Blues,82.0,45.0,28.0,9.0,99.0,,42.0,3.0,3.0,24-15-2,21-13-7,247.0,223.0,24.0,8-1-1,W2
20,2018,Central,4,Dallas Stars,82.0,43.0,32.0,7.0,93.0,,42.0,1.0,2.0,24-14-3,19-18-4,210.0,202.0,8.0,6-3-1,W1
21,2018,Central,5,Colorado Avalanche,82.0,38.0,30.0,14.0,90.0,,36.0,2.0,2.0,21-14-6,17-16-8,260.0,246.0,14.0,7-1-2,L1
22,2018,Central,6,Chicago Blackhawks,82.0,36.0,34.0,12.0,84.0,,33.0,3.0,1.0,19-14-8,17-20-4,270.0,292.0,-22.0,4-4-2,L1
23,2018,Central,7,Minnesota Wild,82.0,37.0,36.0,9.0,83.0,,36.0,1.0,4.0,16-18-7,21-18-2,211.0,237.0,-26.0,3-6-1,L2
24,2018,Pacific,1,Calgary Flames,82.0,50.0,25.0,7.0,107.0,,50.0,0.0,4.0,26-10-5,24-15-2,289.0,227.0,62.0,6-4-0,L2
25,2018,Pacific,2,San Jose Sharks,82.0,46.0,27.0,9.0,101.0,,46.0,0.0,3.0,25-11-5,21-16-4,289.0,261.0,28.0,3-6-1,W2
26,2018,Pacific,3,Vegas Golden Knights,82.0,43.0,32.0,7.0,93.0,,40.0,3.0,2.0,24-12-5,19-20-2,249.0,230.0,19.0,3-5-2,L2
27,2018,Pacific,4,Arizona Coyotes,82.0,39.0,35.0,8.0,86.0,,35.0,4.0,3.0,20-17-4,19-18-4,213.0,223.0,-10.0,3-5-2,L1
28,2018,Pacific,5,Vancouver Canucks,82.0,35.0,36.0,11.0,81.0,,29.0,6.0,6.0,20-16-5,15-20-6,225.0,254.0,-29.0,5-4-1,L2
29,2018,Pacific,6,Anaheim Ducks,82.0,35.0,37.0,10.0,80.0,,32.0,3.0,3.0,19-14-8,16-23-2,199.0,251.0,-52.0,7-2-1,W3
30,2018,Pacific,7,Edmonton Oilers,82.0,35.0,38.0,9.0,79.0,,32.0,3.0,3.0,18-19-4,17-19-5,232.0,274.0,-42.0,3-5-2,W1
31,2018,Pacific,8,Los Angeles Kings,82.0,31.0,42.0,9.0,71.0,,28.0,3.0,4.0,17-21-3,14-21-6,202.0,263.0,-61.0,6-3-1,W1
1,2017,Atlantic,1,Tampa Bay Lightning,82.0,54.0,23.0,5.0,113.0,,48.0,6.0,2.0,29-10-2,25-13-3,296.0,236.0,60.0,5-4-1,L1
2,2017,Atlantic,2,Boston Bruins,82.0,50.0,20.0,12.0,112.0,,47.0,3.0,3.0,28-8-5,22-12-7,270.0,214.0,56.0,5-3-2,L1
3,2017,Atlantic,3,Toronto Maple Leafs,82.0,49.0,26.0,7.0,105.0,,42.0,7.0,2.0,29-10-2,20-16-5,277.0,232.0,45.0,6-4-0,W1
4,2017,Atlantic,4,Florida Panthers,82.0,44.0,30.0,8.0,96.0,,41.0,3.0,3.0,27-11-3,17-19-5,248.0,246.0,2.0,7-2-1,W5
5,2017,Atlantic,5,Detroit Red Wings,82.0,30.0,39.0,13.0,73.0,,25.0,5.0,1.0,16-16-9,14-23-4,217.0,255.0,-38.0,4-4-2,L3
6,2017,Atlantic,6,Montreal Canadiens,82.0,29.0,40.0,13.0,71.0,,27.0,2.0,6.0,18-14-9,11-26-4,209.0,264.0,-55.0,3-6-1,L1
7,2017,Atlantic,7,Ottawa Senators,82.0,28.0,43.0,11.0,67.0,,26.0,2.0,7.0,16-19-6,12-24-5,221.0,291.0,-70.0,2-8-0,L2
8,2017,Atlantic,8,Buffalo Sabres,82.0,25.0,45.0,12.0,62.0,,24.0,1.0,2.0,11-25-5,14-20-7,199.0,280.0,-81.0,2-8-0,L4
9,2017,Metropolitan,1,Washington Capitals,82.0,49.0,26.0,7.0,105.0,,46.0,3.0,1.0,28-11-2,21-15-5,259.0,239.0,20.0,8-2-0,W1
10,2017,Metropolitan,2,Pittsburgh Penguins,82.0,47.0,29.0,6.0,100.0,,45.0,2.0,2.0,30-9-2,17-20-4,272.0,250.0,22.0,6-3-1,W2
11,2017,Metropolitan,3,Philadelphia Flyers,82.0,42.0,26.0,14.0,98.0,,40.0,2.0,7.0,22-13-6,20-13-8,251.0,243.0,8.0,6-1-3,W2
12,2017,Metropolitan,4,Columbus Blue Jackets,82.0,45.0,30.0,7.0,97.0,,39.0,6.0,4.0,26-12-3,19-18-4,242.0,230.0,12.0,6-2-2,L2
13,2017,Metropolitan,5,New Jersey Devils,82.0,44.0,29.0,9.0,97.0,,39.0,5.0,4.0,23-14-4,21-15-5,248.0,244.0,4.0,7-2-1,L1
14,2017,Metropolitan,6,Carolina Hurricanes,82.0,36.0,35.0,11.0,83.0,,33.0,3.0,3.0,19-16-6,17-19-5,228.0,256.0,-28.0,5-5-0,W1
15,2017,Metropolitan,7,New York Islanders,82.0,35.0,37.0,10.0,80.0,,32.0,3.0,3.0,19-18-4,16-19-6,264.0,296.0,-32.0,5-5-0,W3
16,2017,Metropolitan,8,New York Rangers,82.0,34.0,39.0,9.0,77.0,,31.0,3.0,5.0,21-16-4,13-23-5,231.0,268.0,-37.0,2-7-1,L3
17,2017,Central,1,Nashville Predators,82.0,53.0,18.0,11.0,117.0,,47.0,6.0,7.0,28-9-4,25-9-7,267.0,211.0,56.0,5-4-1,W2
18,2017,Central,2,Winnipeg Jets,82.0,52.0,20.0,10.0,114.0,,48.0,4.0,2.0,32-7-2,20-13-8,277.0,218.0,59.0,9-1-0,W5
19,2017,Central,3,Minnesota Wild,82.0,45.0,26.0,11.0,101.0,,42.0,3.0,3.0,27-6-8,18-20-3,253.0,232.0,21.0,4-2-4,W1
20,2017,Central,4,Colorado Avalanche,82.0,43.0,30.0,9.0,95.0,,41.0,2.0,1.0,28-11-2,15-19-7,257.0,237.0,20.0,4-5-1,W1
21,2017,Central,5,St. Louis Blues,82.0,44.0,32.0,6.0,94.0,,41.0,3.0,0.0,24-17-0,20-15-6,226.0,222.0,4.0,5-4-1,L1
22,2017,Central,6,Dallas Stars,82.0,42.0,32.0,8.0,92.0,,38.0,4.0,3.0,26-12-3,16-20-5,235.0,225.0,10.0,4-6-0,W1
23,2017,Central,7,Chicago Blackhawks,82.0,33.0,39.0,10.0,76.0,,32.0,1.0,2.0,18-18-5,15-21-5,229.0,256.0,-27.0,3-5-2,L2
24,2017,Pacific,1,Vegas Golden Knights,82.0,51.0,24.0,7.0,109.0,,47.0,4.0,3.0,29-10-2,22-14-5,272.0,228.0,44.0,5-3-2,L2
25,2017,Pacific,2,Anaheim Ducks,82.0,44.0,25.0,13.0,101.0,,40.0,4.0,7.0,26-10-5,18-15-8,235.0,216.0,19.0,8-1-1,W5
26,2017,Pacific,3,San Jose Sharks,82.0,45.0,27.0,10.0,100.0,,40.0,5.0,3.0,25-13-3,20-14-7,252.0,229.0,23.0,5-4-1,L1
27,2017,Pacific,4,Los Angeles Kings,82.0,45.0,29.0,8.0,98.0,,43.0,2.0,1.0,23-15-3,22-14-5,239.0,203.0,36.0,6-2-2,L1
28,2017,Pacific,5,Calgary Flames,82.0,37.0,35.0,10.0,84.0,,35.0,2.0,5.0,17-20-4,20-15-6,218.0,248.0,-30.0,2-8-0,W1
29,2017,Pacific,6,Edmonton Oilers,82.0,36.0,40.0,6.0,78.0,,31.0,5.0,1.0,19-18-4,17-22-2,234.0,263.0,-29.0,5-4-1,W2
30,2017,Pacific,7,Vancouver Canucks,82.0,31.0,40.0,11.0,73.0,,31.0,0.0,5.0,16-18-7,15-22-4,218.0,264.0,-46.0,6-2-2,L1
31,2017,Pacific,8,Arizona Coyotes,82.0,29.0,41.0,12.0,70.0,,27.0,2.0,5.0,16-21-4,13-20-8,208.0,256.0,-48.0,5-4-1,L2
1,2016,Atlantic,1,Montreal Canadiens,82.0,47.0,26.0,9.0,103.0,,44.0,3.0,2.0,24-12-5,23-14-4,226.0,200.0,26.0,6-3-1,W1
2,2016,Atlantic,2,Ottawa Senators,82.0,44.0,28.0,10.0,98.0,,38.0,6.0,4.0,22-11-8,22-17-2,212.0,214.0,-2.0,4-4-2,L1
3,2016,Atlantic,3,Boston Bruins,82.0,44.0,31.0,7.0,95.0,,42.0,2.0,3.0,23-17-1,21-14-6,234.0,212.0,22.0,6-3-1,L2
4,2016,Atlantic,4,Toronto Maple Leafs,82.0,40.0,27.0,15.0,95.0,,39.0,1.0,8.0,21-13-7,19-14-8,251.0,242.0,9.0,6-4-0,L1
5,2016,Atlantic,5,Tampa Bay Lightning,82.0,42.0,30.0,10.0,94.0,,38.0,4.0,3.0,23-14-4,19-16-6,234.0,227.0,7.0,8-1-1,W3
6,2016,Atlantic,6,Florida Panthers,82.0,35.0,36.0,11.0,81.0,,30.0,5.0,6.0,19-19-3,16-17-8,210.0,237.0,-27.0,4-6-0,W2
7,2016,Atlantic,7,Detroit Red Wings,82.0,33.0,36.0,13.0,79.0,,24.0,9.0,0.0,17-17-7,16-19-6,207.0,244.0,-37.0,4-4-2,W1
8,2016,Atlantic,8,Buffalo Sabres,82.0,33.0,37.0,12.0,78.0,,31.0,2.0,6.0,20-15-6,13-22-6,201.0,237.0,-36.0,4-6-0,L2
9,2016,Metropolitan,1,Washington Capitals,82.0,55.0,19.0,8.0,118.0,,53.0,2.0,5.0,32-7-2,23-12-6,263.0,182.0,81.0,8-2-0,L1
10,2016,Metropolitan,2,Pittsburgh Penguins,82.0,50.0,21.0,11.0,111.0,,46.0,4.0,5.0,31-6-4,19-15-7,282.0,234.0,48.0,4-4-2,L2
11,2016,Metropolitan,3,Columbus Blue Jackets,82.0,50.0,24.0,8.0,108.0,,48.0,2.0,2.0,28-12-1,22-12-7,249.0,195.0,54.0,3-5-2,W1
12,2016,Metropolitan,4,New York Rangers,82.0,48.0,28.0,6.0,102.0,,45.0,3.0,4.0,21-16-4,27-12-2,256.0,220.0,36.0,3-4-3,W1
13,2016,Metropolitan,5,New York Islanders,82.0,41.0,29.0,12.0,94.0,,39.0,2.0,4.0,22-12-7,19-17-5,241.0,242.0,-1.0,7-3-0,W6
14,2016,Metropolitan,6,Philadelphia Flyers,82.0,39.0,33.0,10.0,88.0,,32.0,7.0,5.0,25-11-5,14-22-5,219.0,236.0,-17.0,6-2-2,L1
15,2016,Metropolitan,7,Carolina Hurricanes,82.0,36.0,31.0,15.0,87.0,,33.0,3.0,6.0,23-12-6,13-19-9,215.0,236.0,-21.0,4-4-2,W1
16,2016,Metropolitan,8,New Jersey Devils,82.0,28.0,40.0,14.0,70.0,,25.0,3.0,3.0,16-17-8,12-23-6,183.0,244.0,-61.0,1-7-2,L3
17,2016,Central,1,Chicago Blackhawks,82.0,50.0,23.0,9.0,109.0,,46.0,4.0,1.0,26-10-5,24-13-4,244.0,213.0,31.0,3-3-4,L4
18,2016,Central,2,Minnesota Wild,82.0,49.0,25.0,8.0,106.0,,46.0,3.0,2.0,27-12-2,22-13-6,266.0,208.0,58.0,5-3-2,W4
19,2016,Central,3,St. Louis Blues,82.0,46.0,29.0,7.0,99.0,,44.0,2.0,2.0,24-12-5,22-17-2,235.0,218.0,17.0,7-1-2,W3
20,2016,Central,4,Nashville Predators,82.0,41.0,29.0,12.0,94.0,,39.0,2.0,4.0,24-9-8,17-20-4,240.0,224.0,16.0,5-4-1,L1
21,2016,Central,5,Winnipeg Jets,82.0,40.0,35.0,7.0,87.0,,37.0,3.0,1.0,22-18-1,18-17-6,249.0,256.0,-7.0,8-2-0,W7
22,2016,Central,6,Dallas Stars,82.0,34.0,37.0,11.0,79.0,,33.0,1.0,2.0,22-13-6,12-24-5,223.0,262.0,-39.0,5-4-1,W1
23,2016,Central,7,Colorado Avalanche,82.0,22.0,56.0,4.0,48.0,,21.0,1.0,2.0,13-26-2,9-30-2,166.0,278.0,-112.0,2-7-1,L3
24,2016,Pacific,1,Anaheim Ducks,82.0,46.0,23.0,13.0,105.0,,43.0,3.0,3.0,29-8-4,17-15-9,223.0,200.0,23.0,8-0-2,W4
25,2016,Pacific,2,Edmonton Oilers,82.0,47.0,26.0,9.0,103.0,,43.0,4.0,5.0,25-12-4,22-14-5,247.0,212.0,35.0,8-2-0,W3
26,2016,Pacific,3,San Jose Sharks,82.0,46.0,29.0,7.0,99.0,,44.0,2.0,1.0,26-11-4,20-18-3,221.0,201.0,20.0,4-6-0,W1
27,2016,Pacific,4,Calgary Flames,82.0,45.0,33.0,4.0,94.0,,41.0,4.0,2.0,24-17-0,21-16-4,226.0,221.0,5.0,4-6-0,L1
28,2016,Pacific,5,Los Angeles Kings,82.0,39.0,35.0,8.0,86.0,,37.0,2.0,4.0,23-16-2,16-19-6,201.0,205.0,-4.0,5-4-1,L1
29,2016,Pacific,6,Arizona Coyotes,82.0,30.0,42.0,10.0,70.0,,24.0,6.0,2.0,18-18-5,12-24-5,197.0,260.0,-63.0,4-5-1,L1
30,2016,Pacific,7,Vancouver Canucks,82.0,30.0,43.0,9.0,69.0,,26.0,4.0,2.0,18-17-6,12-26-3,182.0,243.0,-61.0,1-9-0,L8
1,2015,Atlantic,1,Florida Panthers,82.0,47.0,26.0,9.0,103.0,,40.0,7.0,3.0,25-11-5,22-15-4,239.0,203.0,36.0,7-3-0,W1
2,2015,Atlantic,2,Tampa Bay Lightning,82.0,46.0,31.0,5.0,97.0,,43.0,3.0,3.0,25-13-3,21-18-2,227.0,201.0,26.0,5-5-0,L1
3,2015,Atlantic,3,Detroit Red Wings,82.0,41.0,30.0,11.0,93.0,,39.0,2.0,5.0,22-13-6,19-17-5,211.0,224.0,-13.0,5-5-0,L2
4,2015,Atlantic,4,Boston Bruins,82.0,42.0,31.0,9.0,93.0,,38.0,4.0,2.0,17-18-6,25-13-3,240.0,230.0,10.0,3-6-1,L1
5,2015,Atlantic,5,Ottawa Senators,82.0,38.0,35.0,9.0,85.0,,32.0,6.0,6.0,21-14-6,17-21-3,236.0,247.0,-11.0,5-4-1,W2
6,2015,Atlantic,6,Montreal Canadiens,82.0,38.0,38.0,6.0,82.0,,33.0,5.0,3.0,22-16-3,16-22-3,221.0,236.0,-15.0,5-5-0,W2
7,2015,Atlantic,7,Buffalo Sabres,82.0,35.0,36.0,11.0,81.0,,33.0,2.0,7.0,16-19-6,19-17-5,201.0,222.0,-21.0,6-3-1,W1
8,2015,Atlantic,8,Toronto Maple Leafs,82.0,29.0,42.0,11.0,69.0,,23.0,6.0,6.0,14-18-9,15-24-2,198.0,246.0,-48.0,3-7-0,L1
9,2015,Metropolitan,1,Washington Capitals,82.0,56.0,18.0,8.0,120.0,,52.0,4.0,2.0,29-8-4,27-10-4,252.0,193.0,59.0,4-3-3,L1
10,2015,Metropolitan,2,Pittsburgh Penguins,82.0,48.0,26.0,8.0,104.0,,44.0,4.0,4.0,26-11-4,22-15-4,245.0,203.0,42.0,8-2-0,L1
11,2015,Metropolitan,3,New York Rangers,82.0,46.0,27.0,9.0,101.0,,43.0,3.0,2.0,27-10-4,19-17-5,236.0,217.0,19.0,6-3-1,W1
12,2015,Metropolitan,4,New York Islanders,82.0,45.0,27.0,10.0,100.0,,40.0,5.0,5.0,25-11-5,20-16-5,232.0,216.0,16.0,6-3-1,L2
13,2015,Metropolitan,5,Philadelphia Flyers,82.0,41.0,27.0,14.0,96.0,,38.0,3.0,8.0,23-10-8,18-17-6,214.0,218.0,-4.0,6-3-1,W2
14,2015,Metropolitan,6,Carolina Hurricanes,82.0,35.0,31.0,16.0,86.0,,33.0,2.0,5.0,19-15-7,16-16-9,198.0,226.0,-28.0,4-4-2,L2
15,2015,Metropolitan,7,New Jersey Devils,82.0,38.0,36.0,8.0,84.0,,36.0,2.0,6.0,19-17-5,19-19-3,184.0,208.0,-24.0,4-5-1,W1
16,2015,Metropolitan,8,Columbus Blue Jackets,82.0,34.0,40.0,8.0,76.0,,28.0,6.0,4.0,18-17-6,16-23-2,219.0,252.0,-33.0,5-5-0,W3
17,2015,Central,1,Dallas Stars,82.0,50.0,23.0,9.0,109.0,,48.0,2.0,2.0,28-11-2,22-12-7,267.0,230.0,37.0,8-2-0,W2
18,2015,Central,2,St. Louis Blues,82.0,49.0,24.0,9.0,107.0,,44.0,5.0,4.0,24-13-4,25-11-5,224.0,201.0,23.0,8-2-0,L1
19,2015,Central,3,Chicago Blackhawks,82.0,47.0,26.0,9.0,103.0,,46.0,1.0,2.0,26-11-4,21-15-5,235.0,209.0,26.0,5-2-3,L2
20,2015,Central,4,Nashville Predators,82.0,41.0,27.0,14.0,96.0,,37.0,4.0,2.0,23-11-7,18-16-7,228.0,215.0,13.0,5-4-1,L1
21,2015,Central,5,Minnesota Wild,82.0,38.0,33.0,11.0,87.0,,35.0,3.0,2.0,21-16-4,17-17-7,216.0,206.0,10.0,5-5-0,L5
22,2015,Central,6,Colorado Avalanche,82.0,39.0,39.0,4.0,82.0,,35.0,4.0,0.0,17-20-4,22-19-0,216.0,240.0,-24.0,2-8-0,L6
23,2015,Central,7,Winnipeg Jets,82.0,35.0,39.0,8.0,78.0,,32.0,3.0,3.0,18-19-4,17-20-4,215.0,239.0,-24.0,6-2-2,W4
24,2015,Pacific,1,Anaheim Ducks,82.0,46.0,25.0,11.0,103.0,,43.0,3.0,4.0,25-10-6,21-15-5,218.0,192.0,26.0,6-2-2,W2
25,2015,Pacific,2,Los Angeles Kings,82.0,48.0,28.0,6.0,102.0,,46.0,2.0,3.0,26-12-3,22-16-3,225.0,195.0,30.0,4-5-1,L1
26,2015,Pacific,3,San Jose Sharks,82.0,46.0,30.0,6.0,98.0,,42.0,4.0,3.0,18-20-3,28-10-3,241.0,210.0,31.0,5-5-0,W1
27,2015,Pacific,4,Arizona Coyotes,82.0,35.0,39.0,8.0,78.0,,34.0,1.0,1.0,22-15-4,13-24-4,209.0,245.0,-36.0,4-5-1,L4
28,2015,Pacific,5,Calgary Flames,82.0,35.0,40.0,7.0,77.0,,33.0,2.0,3.0,21-16-4,14-24-3,231.0,260.0,-29.0,4-5-1,W2
29,2015,Pacific,6,Vancouver Canucks,82.0,31.0,38.0,13.0,75.0,,26.0,5.0,4.0,15-21-5,16-17-8,191.0,243.0,-52.0,4-5-1,W1
30,2015,Pacific,7,Edmonton Oilers,82.0,31.0,43.0,8.0,70.0,,27.0,4.0,3.0,19-20-2,12-23-6,203.0,245.0,-42.0,4-5-1,L1
1,2014,Atlantic,1,Montreal Canadiens,82.0,50.0,32.0,10.0,110.0,,43.0,7.0,5.0,26-15-6,24-17-4,221.0,189.0,32.0,5-2-3,W3
2,2014,Atlantic,2,Tampa Bay Lightning,82.0,50.0,32.0,8.0,108.0,,47.0,3.0,5.0,32-9-1,18-23-7,262.0,211.0,51.0,6-3-1,W3
3,2014,Atlantic,3,Detroit Red Wings,82.0,43.0,39.0,14.0,100.0,,39.0,4.0,10.0,22-19-9,21-20-5,235.0,221.0,14.0,4-4-2,W1
4,2014,Atlantic,4,Ottawa Senators,82.0,43.0,39.0,13.0,99.0,,37.0,6.0,7.0,23-18-5,20-21-8,238.0,215.0,23.0,6-2-2,W3
5,2014,Atlantic,5,Boston Bruins,82.0,41.0,41.0,14.0,96.0,,37.0,4.0,10.0,24-17-7,17-24-7,213.0,211.0,2.0,5-3-2,L3
6,2014,Atlantic,6,Florida Panthers,82.0,38.0,44.0,15.0,91.0,,30.0,8.0,10.0,21-20-7,17-24-8,206.0,223.0,-17.0,5-4-1,W2
7,2014,Atlantic,7,Toronto Maple Leafs,82.0,30.0,52.0,8.0,68.0,,25.0,5.0,5.0,22-19-2,8-33-6,211.0,262.0,-51.0,3-5-2,L2
8,2014,Atlantic,8,Buffalo Sabres,82.0,23.0,59.0,8.0,54.0,,15.0,8.0,5.0,14-27-5,9-32-3,161.0,274.0,-113.0,3-6-1,L2
9,2014,Metropolitan,1,New York Rangers,82.0,53.0,29.0,7.0,113.0,,49.0,4.0,5.0,25-16-5,28-13-2,252.0,192.0,60.0,7-3-0,W1
10,2014,Metropolitan,2,Washington Capitals,82.0,45.0,37.0,11.0,101.0,,40.0,5.0,4.0,23-18-5,22-19-6,242.0,203.0,39.0,6-3-1,L1
11,2014,Metropolitan,3,New York Islanders,82.0,47.0,35.0,7.0,101.0,,40.0,7.0,6.0,25-16-2,22-19-5,252.0,230.0,22.0,4-3-3,L1
12,2014,Metropolitan,4,Pittsburgh Penguins,82.0,43.0,39.0,12.0,98.0,,39.0,4.0,6.0,23-18-4,20-21-8,221.0,210.0,11.0,3-5-2,W1
13,2014,Metropolitan,5,Columbus Blue Jackets,82.0,42.0,40.0,5.0,89.0,,33.0,9.0,2.0,19-22-2,23-18-3,236.0,250.0,-14.0,9-0-1,W3
14,2014,Metropolitan,6,Philadelphia Flyers,82.0,33.0,49.0,18.0,84.0,,30.0,3.0,11.0,23-18-7,10-31-11,215.0,234.0,-19.0,4-3-3,L2
15,2014,Metropolitan,7,New Jersey Devils,82.0,32.0,50.0,14.0,78.0,,27.0,5.0,7.0,19-22-8,13-28-6,181.0,216.0,-35.0,1-6-3,L4
16,2014,Metropolitan,8,Carolina Hurricanes,82.0,30.0,52.0,11.0,71.0,,25.0,5.0,7.0,18-23-7,12-29-4,188.0,226.0,-38.0,4-5-1,L1
17,2014,Central,1,St. Louis Blues,82.0,51.0,31.0,7.0,109.0,,42.0,9.0,4.0,27-14-2,24-17-5,248.0,201.0,47.0,6-3-1,W2
18,2014,Central,2,Nashville Predators,82.0,47.0,35.0,10.0,104.0,,41.0,6.0,6.0,28-13-4,19-22-6,232.0,208.0,24.0,4-4-2,L6
19,2014,Central,3,Chicago Blackhawks,82.0,48.0,34.0,6.0,102.0,,39.0,9.0,3.0,24-17-5,24-17-1,229.0,189.0,40.0,4-6-0,L4
20,2014,Central,4,Minnesota Wild,82.0,46.0,36.0,8.0,100.0,,42.0,4.0,3.0,22-19-6,24-17-2,231.0,201.0,30.0,6-3-1,L1
21,2014,Central,5,Winnipeg Jets,82.0,43.0,39.0,13.0,99.0,,36.0,7.0,6.0,23-18-5,20-21-8,230.0,210.0,20.0,6-3-1,W1
22,2014,Central,6,Dallas Stars,82.0,41.0,41.0,10.0,92.0,,37.0,4.0,3.0,17-24-8,24-17-2,261.0,260.0,1.0,7-3-0,W4
23,2014,Central,7,Colorado Avalanche,82.0,39.0,43.0,12.0,90.0,,29.0,10.0,4.0,23-18-3,16-25-9,219.0,227.0,-8.0,6-4-0,W3
24,2014,Pacific,1,Anaheim Ducks,82.0,51.0,31.0,7.0,109.0,,43.0,8.0,5.0,26-15-3,25-16-4,236.0,226.0,10.0,6-4-0,W1
25,2014,Pacific,2,Vancouver Canucks,82.0,48.0,34.0,5.0,101.0,,42.0,6.0,2.0,24-17-2,24-17-3,242.0,222.0,20.0,6-4-1,W3
26,2014,Pacific,3,Calgary Flames,82.0,45.0,37.0,7.0,97.0,,41.0,4.0,3.0,23-18-5,22-19-2,241.0,216.0,25.0,6-3-1,L1
27,2014,Pacific,4,Los Angeles Kings,82.0,40.0,42.0,15.0,95.0,,38.0,2.0,8.0,25-16-7,15-26-8,220.0,205.0,15.0,5-4-1,W1
28,2014,Pacific,5,San Jose Sharks,82.0,40.0,42.0,9.0,89.0,,36.0,4.0,6.0,19-22-5,21-20-4,228.0,232.0,-4.0,5-4-1,L1
29,2014,Pacific,6,Edmonton Oilers,82.0,24.0,58.0,14.0,62.0,,19.0,5.0,7.0,15-26-3,9-32-11,198.0,283.0,-85.0,4-6-1,L2
30,2014,Pacific,7,Arizona Coyotes,82.0,24.0,58.0,8.0,56.0,,19.0,5.0,5.0,11-30-5,13-28-3,170.0,272.0,-102.0,3-7-0,L3
1,2013,Atlantic,1,Boston Bruins,82.0,54.0,19.0,9.0,117.0,,51.0,3.0,6.0,31-7-3,23-12-6,261.0,177.0,84.0,5-2-3,L1
2,2013,Atlantic,2,Tampa Bay Lightning,82.0,46.0,27.0,9.0,101.0,,38.0,8.0,6.0,25-10-6,21-17-3,240.0,215.0,25.0,7-3-0,W4
3,2013,Atlantic,3,Montreal Canadiens,82.0,46.0,28.0,8.0,100.0,,40.0,6.0,3.0,23-13-5,23-15-3,215.0,204.0,11.0,7-2-1,W1
4,2013,Atlantic,4,Detroit Red Wings,82.0,39.0,28.0,15.0,93.0,,34.0,5.0,9.0,18-13-10,21-15-5,222.0,230.0,-8.0,6-3-1,W1
5,2013,Atlantic,5,Ottawa Senators,82.0,37.0,31.0,14.0,88.0,,30.0,7.0,7.0,18-17-6,19-14-8,236.0,265.0,-29.0,8-2-0,W5
6,2013,Atlantic,6,Toronto Maple Leafs,82.0,38.0,36.0,8.0,84.0,,29.0,9.0,4.0,24-16-1,14-20-7,231.0,256.0,-25.0,2-8-0,L4
7,2013,Atlantic,7,Florida Panthers,82.0,29.0,45.0,8.0,66.0,,21.0,8.0,6.0,16-20-5,13-25-3,196.0,268.0,-72.0,3-7-0,L1
8,2013,Atlantic,8,Buffalo Sabres,82.0,21.0,51.0,10.0,52.0,,14.0,7.0,5.0,13-21-7,8-30-3,157.0,248.0,-91.0,1-7-2,L7
9,2013,Metropolitan,1,Pittsburgh Penguins,82.0,51.0,24.0,7.0,109.0,,44.0,7.0,3.0,28-9-4,23-15-3,249.0,207.0,42.0,5-3-2,L2
10,2013,Metropolitan,2,New York Rangers,82.0,45.0,31.0,6.0,96.0,,41.0,4.0,3.0,20-17-4,25-14-2,218.0,193.0,25.0,6-2-2,L1
11,2013,Metropolitan,3,Philadelphia Flyers,82.0,42.0,30.0,10.0,94.0,,39.0,3.0,8.0,24-14-3,18-16-7,236.0,235.0,1.0,4-3-3,L1
12,2013,Metropolitan,4,Columbus Blue Jackets,82.0,43.0,32.0,7.0,93.0,,38.0,5.0,2.0,22-15-4,21-17-3,231.0,216.0,15.0,6-3-1,W1
13,2013,Metropolitan,5,Washington Capitals,82.0,38.0,30.0,14.0,90.0,,28.0,10.0,11.0,21-13-7,17-17-7,235.0,240.0,-5.0,4-3-3,L1
14,2013,Metropolitan,6,New Jersey Devils,82.0,35.0,29.0,18.0,88.0,,35.0,0.0,13.0,21-11-9,14-18-9,197.0,208.0,-11.0,4-1-5,W1
15,2013,Metropolitan,7,Carolina Hurricanes,82.0,36.0,35.0,11.0,83.0,,34.0,2.0,4.0,18-17-6,18-18-5,207.0,230.0,-23.0,5-3-2,W2
16,2013,Metropolitan,8,New York Islanders,82.0,34.0,37.0,11.0,79.0,,25.0,9.0,6.0,13-19-9,21-18-2,225.0,267.0,-42.0,6-2-2,W3
17,2013,Central,1,Colorado Avalanche,82.0,52.0,22.0,8.0,112.0,,47.0,5.0,4.0,26-11-4,26-11-4,250.0,220.0,30.0,7-1-2,L2
18,2013,Central,2,St. Louis Blues,82.0,52.0,23.0,7.0,111.0,,43.0,9.0,3.0,28-9-4,24-14-3,248.0,191.0,57.0,3-7-0,L6
19,2013,Central,3,Chicago Blackhawks,82.0,46.0,21.0,15.0,107.0,,40.0,6.0,8.0,27-7-7,19-14-8,267.0,220.0,47.0,5-5-0,L2
20,2013,Central,4,Minnesota Wild,82.0,43.0,27.0,12.0,98.0,,35.0,8.0,8.0,26-10-5,17-17-7,207.0,206.0,1.0,6-3-1,L1
21,2013,Central,5,Dallas Stars,82.0,40.0,31.0,11.0,91.0,,36.0,4.0,5.0,23-11-7,17-20-4,235.0,228.0,7.0,6-4-0,L1
22,2013,Central,6,Nashville Predators,82.0,38.0,32.0,12.0,88.0,,36.0,2.0,9.0,19-17-5,19-15-7,216.0,242.0,-26.0,7-1-2,W3
23,2013,Central,7,Winnipeg Jets,82.0,37.0,35.0,10.0,84.0,,29.0,8.0,6.0,18-17-6,19-18-4,227.0,237.0,-10.0,5-4-1,W2
24,2013,Pacific,1,Anaheim Ducks,82.0,54.0,20.0,8.0,116.0,,51.0,3.0,6.0,29-8-4,25-12-4,266.0,209.0,57.0,7-2-1,W4
25,2013,Pacific,2,San Jose Sharks,82.0,51.0,22.0,9.0,111.0,,41.0,10.0,7.0,29-7-5,22-15-4,249.0,200.0,49.0,5-4-1,W2
26,2013,Pacific,3,Los Angeles Kings,82.0,46.0,28.0,8.0,100.0,,38.0,8.0,6.0,23-14-4,23-14-4,206.0,174.0,32.0,5-3-2,L1
27,2013,Pacific,4,Phoenix Coyotes,82.0,37.0,30.0,15.0,89.0,,31.0,6.0,7.0,22-14-5,15-16-10,216.0,231.0,-15.0,3-4-3,W1
28,2013,Pacific,5,Vancouver Canucks,82.0,36.0,35.0,11.0,83.0,,31.0,5.0,7.0,20-15-6,16-20-5,196.0,223.0,-27.0,4-5-1,W1
29,2013,Pacific,6,Calgary Flames,82.0,35.0,40.0,7.0,77.0,,28.0,7.0,3.0,19-19-3,16-21-4,209.0,241.0,-32.0,5-5-0,L2
30,2013,Pacific,7,Edmonton Oilers,82.0,29.0,44.0,9.0,67.0,,25.0,4.0,3.0,16-22-3,13-22-6,203.0,270.0,-67.0,4-6-0,W1
1,2012,Atlantic,1,Pittsburgh Penguins,48.0,36.0,12.0,0.0,72.0,,33.0,3.0,0.0,18-6-0,18-6-0,165.0,119.0,46.0,8-2-0,W1
2,2012,Atlantic,2,New York Rangers,48.0,26.0,18.0,4.0,56.0,,22.0,4.0,4.0,16-6-2,10-12-2,130.0,112.0,18.0,7-3-0,W2
3,2012,Atlantic,3,New York Islanders,48.0,24.0,17.0,7.0,55.0,,20.0,4.0,3.0,10-11-3,14-6-4,139.0,139.0,0.0,6-1-3,L3
4,2012,Atlantic,4,Philadelphia Flyers,48.0,23.0,22.0,3.0,49.0,,22.0,1.0,2.0,15-7-2,8-15-1,133.0,141.0,-8.0,6-4-0,W4
5,2012,Atlantic,5,New Jersey Devils,48.0,19.0,19.0,10.0,48.0,,17.0,2.0,7.0,13-9-2,6-10-8,112.0,129.0,-17.0,4-5-1,L1
6,2012,Northeast,1,Montreal Canadiens,48.0,29.0,14.0,5.0,63.0,,26.0,3.0,2.0,14-7-3,15-7-2,149.0,126.0,23.0,4-6-0,W2
7,2012,Northeast,2,Boston Bruins,48.0,28.0,14.0,6.0,62.0,,24.0,4.0,3.0,16-5-3,12-9-3,131.0,109.0,22.0,3-5-2,L2
8,2012,Northeast,3,Toronto Maple Leafs,48.0,26.0,17.0,5.0,57.0,,26.0,0.0,5.0,13-9-2,13-8-3,145.0,133.0,12.0,5-4-1,L1
9,2012,Northeast,4,Ottawa Senators,48.0,25.0,17.0,6.0,56.0,,21.0,4.0,4.0,15-6-3,10-11-3,116.0,104.0,12.0,6-4-0,W1
10,2012,Northeast,5,Buffalo Sabres,48.0,21.0,21.0,6.0,48.0,,14.0,7.0,4.0,11-10-3,10-11-3,125.0,143.0,-18.0,6-4-0,W2
11,2012,Southeast,1,Washington Capitals,48.0,27.0,18.0,3.0,57.0,,24.0,3.0,0.0,15-8-1,12-10-2,149.0,130.0,19.0,8-1-1,W1
12,2012,Southeast,2,Winnipeg Jets,48.0,24.0,21.0,3.0,51.0,,22.0,2.0,3.0,13-10-1,11-11-2,128.0,144.0,-16.0,6-3-1,L2
13,2012,Southeast,3,Carolina Hurricanes,48.0,19.0,25.0,4.0,42.0,,18.0,1.0,1.0,9-14-1,10-11-3,128.0,160.0,-32.0,3-5-2,L2
14,2012,Southeast,4,Tampa Bay Lightning,48.0,18.0,26.0,4.0,40.0,,17.0,1.0,3.0,12-10-2,6-16-2,148.0,150.0,-2.0,2-6-2,L2
15,2012,Southeast,5,Florida Panthers,48.0,15.0,27.0,6.0,36.0,,12.0,3.0,1.0,8-11-5,7-16-1,112.0,171.0,-59.0,3-7-0,W1
16,2012,Central,1,Chicago Blackhawks,48.0,36.0,7.0,5.0,77.0,,30.0,6.0,5.0,18-3-3,18-4-2,155.0,102.0,53.0,7-2-1,L1
17,2012,Central,2,St. Louis Blues,48.0,29.0,17.0,2.0,60.0,,24.0,5.0,1.0,15-8-1,14-9-1,129.0,115.0,14.0,7-3-0,W3
18,2012,Central,3,Detroit Red Wings,48.0,24.0,16.0,8.0,56.0,,22.0,2.0,5.0,13-7-4,11-9-4,124.0,115.0,9.0,5-2-3,W4
19,2012,Central,4,Columbus Blue Jackets,48.0,24.0,17.0,7.0,55.0,,19.0,5.0,4.0,14-5-5,10-12-2,120.0,119.0,1.0,8-2-0,W3
20,2012,Central,5,Nashville Predators,48.0,16.0,23.0,9.0,41.0,,14.0,2.0,6.0,11-9-4,5-14-5,111.0,139.0,-28.0,1-8-1,L2
21,2012,Northwest,1,Vancouver Canucks,48.0,26.0,15.0,7.0,59.0,,21.0,5.0,6.0,15-6-3,11-9-4,127.0,121.0,6.0,5-4-1,L2
22,2012,Northwest,2,Minnesota Wild,48.0,26.0,19.0,3.0,55.0,,22.0,4.0,2.0,14-8-2,12-11-1,122.0,127.0,-5.0,4-5-1,W1
23,2012,Northwest,3,Edmonton Oilers,48.0,19.0,22.0,7.0,45.0,,17.0,2.0,3.0,9-11-4,10-11-3,125.0,134.0,-9.0,3-7-0,W2
24,2012,Northwest,4,Calgary Flames,48.0,19.0,25.0,4.0,42.0,,19.0,0.0,3.0,13-9-2,6-16-2,128.0,160.0,-32.0,5-5-0,L3
25,2012,Northwest,5,Colorado Avalanche,48.0,16.0,25.0,7.0,39.0,,14.0,2.0,2.0,12-9-3,4-16-4,116.0,152.0,-36.0,4-4-2,L1
26,2012,Pacific,1,Anaheim Ducks,48.0,30.0,12.0,6.0,66.0,,24.0,6.0,3.0,16-7-1,14-5-5,140.0,118.0,22.0,5-4-1,L1
27,2012,Pacific,2,Los Angeles Kings,48.0,27.0,16.0,5.0,59.0,,25.0,2.0,4.0,19-4-1,8-12-4,133.0,118.0,15.0,5-3-2,W1
28,2012,Pacific,3,San Jose Sharks,48.0,25.0,16.0,7.0,57.0,,17.0,8.0,4.0,17-2-5,8-14-2,124.0,116.0,8.0,5-5-0,L2
29,2012,Pacific,4,Phoenix Coyotes,48.0,21.0,18.0,9.0,51.0,,17.0,4.0,6.0,14-8-2,7-10-7,125.0,131.0,-6.0,4-3-3,W1
30,2012,Pacific,5,Dallas Stars,48.0,22.0,22.0,4.0,48.0,,20.0,2.0,1.0,11-11-2,11-11-2,130.0,142.0,-12.0,4-5-1,L5
1,2011,Atlantic,1,New York Rangers,82.0,51.0,24.0,7.0,109.0,,47.0,4.0,5.0,27-12-2,24-12-5,226.0,187.0,39.0,6-4-0,L2
2,2011,Atlantic,2,Pittsburgh Penguins,82.0,51.0,25.0,6.0,108.0,,42.0,9.0,3.0,29-10-2,22-15-4,282.0,221.0,61.0,6-4-0,W3
3,2011,Atlantic,3,Philadelphia Flyers,82.0,47.0,26.0,9.0,103.0,,43.0,4.0,7.0,22-13-6,25-13-3,264.0,232.0,32.0,5-4-1,L1
4,2011,Atlantic,4,New Jersey Devils,82.0,48.0,28.0,6.0,102.0,,36.0,12.0,4.0,24-13-4,24-15-2,228.0,209.0,19.0,7-2-1,W6
5,2011,Atlantic,5,New York Islanders,82.0,34.0,37.0,11.0,79.0,,27.0,7.0,4.0,17-18-6,17-19-5,203.0,255.0,-52.0,5-5-0,L1
6,2011,Northeast,1,Boston Bruins,82.0,49.0,29.0,4.0,102.0,,40.0,9.0,3.0,24-14-3,25-15-1,269.0,202.0,67.0,7-2-1,W2
7,2011,Northeast,2,Ottawa Senators,82.0,41.0,31.0,10.0,92.0,,35.0,6.0,4.0,20-17-4,21-14-6,249.0,240.0,9.0,4-6-0,L3
8,2011,Northeast,3,Buffalo Sabres,82.0,39.0,32.0,11.0,89.0,,32.0,7.0,7.0,21-12-8,18-20-3,218.0,230.0,-12.0,6-3-1,L2
9,2011,Northeast,4,Toronto Maple Leafs,82.0,35.0,37.0,10.0,80.0,,31.0,4.0,5.0,18-16-7,17-21-3,231.0,264.0,-33.0,3-5-2,L1
10,2011,Northeast,5,Montreal Canadiens,82.0,31.0,35.0,16.0,78.0,,26.0,5.0,12.0,16-15-10,15-20-6,212.0,226.0,-14.0,3-3-4,W1
11,2011,Southeast,1,Florida Panthers,82.0,38.0,26.0,18.0,94.0,,32.0,6.0,11.0,21-9-11,17-17-7,203.0,227.0,-24.0,2-3-5,W1
12,2011,Southeast,2,Washington Capitals,82.0,42.0,32.0,8.0,92.0,,38.0,4.0,4.0,26-11-4,16-21-4,222.0,230.0,-8.0,6-2-2,W2
13,2011,Southeast,3,Tampa Bay Lightning,82.0,38.0,36.0,8.0,84.0,,35.0,3.0,3.0,25-14-2,13-22-6,235.0,281.0,-46.0,6-3-1,W1
14,2011,Southeast,4,Winnipeg Jets,82.0,37.0,35.0,10.0,84.0,,33.0,4.0,4.0,23-13-5,14-22-5,225.0,246.0,-21.0,3-5-2,L2
15,2011,Southeast,5,Carolina Hurricanes,82.0,33.0,33.0,16.0,82.0,,32.0,1.0,6.0,20-14-7,13-19-9,213.0,243.0,-30.0,5-4-1,L1
16,2011,Central,1,St. Louis Blues,82.0,49.0,22.0,11.0,109.0,,45.0,4.0,10.0,30-6-5,19-16-6,210.0,165.0,45.0,4-3-3,W1
17,2011,Central,2,Nashville Predators,82.0,48.0,26.0,8.0,104.0,,43.0,5.0,5.0,26-10-5,22-16-3,237.0,210.0,27.0,6-4-0,W3
18,2011,Central,3,Detroit Red Wings,82.0,48.0,28.0,6.0,102.0,,39.0,9.0,3.0,31-7-3,17-21-3,248.0,203.0,45.0,4-4-2,L2
19,2011,Central,4,Chicago Blackhawks,82.0,45.0,26.0,11.0,101.0,,38.0,7.0,7.0,27-8-6,18-18-5,248.0,238.0,10.0,6-1-3,W1
20,2011,Central,5,Columbus Blue Jackets,82.0,29.0,46.0,7.0,65.0,,25.0,4.0,5.0,17-21-3,12-25-4,202.0,262.0,-60.0,6-4-0,W2
21,2011,Northwest,1,Vancouver Canucks,82.0,51.0,22.0,9.0,111.0,,43.0,8.0,7.0,27-10-4,24-12-5,249.0,198.0,51.0,8-1-1,W1
22,2011,Northwest,2,Calgary Flames,82.0,37.0,29.0,16.0,90.0,,34.0,3.0,9.0,23-12-6,14-17-10,202.0,226.0,-24.0,3-3-4,W2
23,2011,Northwest,3,Colorado Avalanche,82.0,41.0,35.0,6.0,88.0,,32.0,9.0,2.0,22-17-2,19-18-4,208.0,220.0,-12.0,3-5-2,L2
24,2011,Northwest,4,Minnesota Wild,82.0,35.0,36.0,11.0,81.0,,24.0,11.0,9.0,20-17-4,15-19-7,177.0,226.0,-49.0,5-4-1,L1
25,2011,Northwest,5,Edmonton Oilers,82.0,32.0,40.0,10.0,74.0,,27.0,5.0,7.0,18-17-6,14-23-4,212.0,239.0,-27.0,4-4-2,L3
26,2011,Pacific,1,Phoenix Coyotes,82.0,42.0,27.0,13.0,97.0,,36.0,6.0,10.0,22-13-6,20-14-7,216.0,204.0,12.0,7-1-2,W5
27,2011,Pacific,2,San Jose Sharks,82.0,43.0,29.0,10.0,96.0,,34.0,9.0,5.0,26-12-3,17-17-7,228.0,210.0,18.0,7-3-0,W4
28,2011,Pacific,3,Los Angeles Kings,82.0,40.0,27.0,15.0,95.0,,34.0,6.0,9.0,22-14-5,18-13-10,194.0,179.0,15.0,5-2-3,L2
29,2011,Pacific,4,Dallas Stars,82.0,42.0,35.0,5.0,89.0,,35.0,7.0,4.0,22-16-3,20-19-2,211.0,222.0,-11.0,3-7-0,L5
30,2011,Pacific,5,Anaheim Ducks,82.0,34.0,36.0,12.0,80.0,,31.0,3.0,7.0,21-18-2,13-18-10,204.0,231.0,-27.0,4-5-1,L1
1,2010,Atlantic,1,Philadelphia Flyers,82.0,47.0,23.0,12.0,106.0,,44.0,3.0,7.0,22-12-7,25-11-5,259.0,223.0,36.0,3-4-3,W1
2,2010,Atlantic,2,Pittsburgh Penguins,82.0,49.0,25.0,8.0,106.0,,39.0,10.0,3.0,25-14-2,24-11-6,238.0,199.0,39.0,8-2-0,W4
3,2010,Atlantic,3,New York Rangers,82.0,44.0,33.0,5.0,93.0,,35.0,9.0,3.0,20-17-4,24-16-1,233.0,198.0,35.0,6-3-1,W1
4,2010,Atlantic,4,New Jersey Devils,82.0,38.0,39.0,5.0,81.0,,35.0,3.0,2.0,22-16-3,16-23-2,174.0,209.0,-35.0,4-5-1,W1
5,2010,Atlantic,5,New York Islanders,82.0,30.0,39.0,13.0,73.0,,26.0,4.0,6.0,17-18-6,13-21-7,229.0,264.0,-35.0,3-6-1,L4
6,2010,Northeast,1,Boston Bruins,82.0,46.0,25.0,11.0,103.0,,44.0,2.0,6.0,22-13-6,24-12-5,246.0,195.0,51.0,6-3-1,L1
7,2010,Northeast,2,Montreal Canadiens,82.0,44.0,30.0,8.0,96.0,,41.0,3.0,3.0,24-11-6,20-19-2,216.0,209.0,7.0,5-4-1,W1
8,2010,Northeast,3,Buffalo Sabres,82.0,43.0,29.0,10.0,96.0,,38.0,5.0,1.0,21-16-4,22-13-6,245.0,229.0,16.0,8-1-1,W4
9,2010,Northeast,4,Toronto Maple Leafs,82.0,37.0,34.0,11.0,85.0,,32.0,5.0,6.0,18-15-8,19-19-3,218.0,251.0,-33.0,6-3-1,L3
10,2010,Northeast,5,Ottawa Senators,82.0,32.0,40.0,10.0,74.0,,30.0,2.0,5.0,16-20-5,16-20-5,192.0,250.0,-58.0,5-4-1,L1
11,2010,Southeast,1,Washington Capitals,82.0,48.0,23.0,11.0,107.0,,43.0,5.0,6.0,25-8-8,23-15-3,224.0,197.0,27.0,7-2-1,L1
12,2010,Southeast,2,Tampa Bay Lightning,82.0,46.0,25.0,11.0,103.0,,40.0,6.0,6.0,25-11-5,21-14-6,247.0,240.0,7.0,7-3-0,W2
13,2010,Southeast,3,Carolina Hurricanes,82.0,40.0,31.0,11.0,91.0,,35.0,5.0,5.0,22-14-5,18-17-6,236.0,239.0,-3.0,7-2-1,L1
14,2010,Southeast,4,Atlanta Thrashers,82.0,34.0,36.0,12.0,80.0,,29.0,5.0,7.0,17-17-7,17-19-5,223.0,269.0,-46.0,4-6-0,L2
15,2010,Southeast,5,Florida Panthers,82.0,30.0,40.0,12.0,72.0,,26.0,4.0,7.0,16-17-8,14-23-4,195.0,229.0,-34.0,1-7-2,W1
16,2010,Central,1,Detroit Red Wings,82.0,47.0,25.0,10.0,104.0,,43.0,4.0,4.0,21-14-6,26-11-4,261.0,241.0,20.0,4-4-2,W1
17,2010,Central,2,Nashville Predators,82.0,44.0,27.0,11.0,99.0,,38.0,6.0,4.0,24-9-8,20-18-3,219.0,194.0,25.0,7-2-1,L1
18,2010,Central,3,Chicago Blackhawks,82.0,44.0,29.0,9.0,97.0,,38.0,6.0,5.0,24-17-0,20-12-9,258.0,225.0,33.0,5-4-1,L1
19,2010,Central,4,St. Louis Blues,82.0,38.0,33.0,11.0,87.0,,34.0,4.0,6.0,23-13-5,15-20-6,240.0,234.0,6.0,6-2-2,W1
20,2010,Central,5,Columbus Blue Jackets,82.0,34.0,35.0,13.0,81.0,,29.0,5.0,8.0,17-19-5,17-16-8,215.0,258.0,-43.0,1-6-3,L6
21,2010,Northwest,1,Vancouver Canucks,82.0,54.0,19.0,9.0,117.0,,50.0,4.0,5.0,27-9-5,27-10-4,262.0,185.0,77.0,7-3-0,W2
22,2010,Northwest,2,Calgary Flames,82.0,41.0,29.0,12.0,94.0,,32.0,9.0,7.0,23-13-5,18-16-7,250.0,237.0,13.0,5-2-3,L1
23,2010,Northwest,3,Minnesota Wild,82.0,39.0,35.0,8.0,86.0,,36.0,3.0,5.0,19-17-5,20-18-3,206.0,233.0,-27.0,4-6-0,W2
24,2010,Northwest,4,Colorado Avalanche,82.0,30.0,44.0,8.0,68.0,,24.0,6.0,1.0,16-21-4,14-23-4,227.0,288.0,-61.0,2-8-0,W1
25,2010,Northwest,5,Edmonton Oilers,82.0,25.0,45.0,12.0,62.0,,23.0,2.0,9.0,13-22-6,12-23-6,193.0,269.0,-76.0,2-6-2,L3
26,2010,Pacific,1,San Jose Sharks,82.0,48.0,25.0,9.0,105.0,,43.0,5.0,5.0,25-11-5,23-14-4,248.0,213.0,35.0,7-2-1,W1
27,2010,Pacific,2,Anaheim Ducks,82.0,47.0,30.0,5.0,99.0,,43.0,4.0,2.0,26-13-2,21-17-3,239.0,235.0,4.0,7-3-0,W3
28,2010,Pacific,3,Phoenix Coyotes,82.0,43.0,26.0,13.0,99.0,,38.0,5.0,6.0,21-13-7,22-13-6,231.0,226.0,5.0,5-3-2,L1
29,2010,Pacific,4,Los Angeles Kings,82.0,46.0,30.0,6.0,98.0,,36.0,10.0,2.0,25-13-3,21-17-3,219.0,198.0,21.0,6-4-0,L2
30,2010,Pacific,5,Dallas Stars,82.0,42.0,29.0,11.0,95.0,,37.0,5.0,7.0,22-11-8,20-18-3,227.0,233.0,-6.0,4-4-2,L1
1,2009,Atlantic,1,New Jersey Devils,82.0,48.0,27.0,7.0,103.0,,48.0,0.0,0.0,27-10-4,21-17-3,222.0,191.0,31.0,5-2-3,W2
2,2009,Atlantic,2,Pittsburgh Penguins,82.0,47.0,28.0,7.0,101.0,,47.0,0.0,0.0,25-12-4,22-16-3,257.0,237.0,20.0,5-4-1,W1
3,2009,Atlantic,3,Philadelphia Flyers,82.0,41.0,35.0,6.0,88.0,,41.0,0.0,0.0,24-14-3,17-21-3,236.0,225.0,11.0,4-5-1,W1
4,2009,Atlantic,4,New York Rangers,82.0,38.0,33.0,11.0,87.0,,38.0,0.0,0.0,18-17-6,20-16-5,222.0,218.0,4.0,7-1-2,L1
5,2009,Atlantic,5,New York Islanders,82.0,34.0,37.0,11.0,79.0,,34.0,0.0,0.0,23-14-4,11-23-7,222.0,264.0,-42.0,5-4-1,L3
6,2009,Northeast,1,Buffalo Sabres,82.0,45.0,27.0,10.0,100.0,,45.0,0.0,0.0,25-10-6,20-17-4,235.0,207.0,28.0,5-5-0,L1
7,2009,Northeast,2,Ottawa Senators,82.0,44.0,32.0,6.0,94.0,,44.0,0.0,0.0,26-11-4,18-21-2,225.0,238.0,-13.0,7-2-1,L2
8,2009,Northeast,3,Boston Bruins,82.0,39.0,30.0,13.0,91.0,,39.0,0.0,0.0,18-17-6,21-13-7,206.0,200.0,6.0,6-3-1,W3
9,2009,Northeast,4,Montreal Canadiens,82.0,39.0,33.0,10.0,88.0,,39.0,0.0,0.0,20-16-5,19-17-5,217.0,223.0,-6.0,3-4-3,L3
10,2009,Northeast,5,Toronto Maple Leafs,82.0,30.0,38.0,14.0,74.0,,30.0,0.0,0.0,18-17-6,12-21-8,214.0,267.0,-53.0,4-4-2,W1
11,2009,Southeast,1,Washington Capitals,82.0,54.0,15.0,13.0,121.0,,54.0,0.0,0.0,30-5-6,24-10-7,318.0,233.0,85.0,6-1-3,L1
12,2009,Southeast,2,Atlanta Thrashers,82.0,35.0,34.0,13.0,83.0,,35.0,0.0,0.0,19-16-6,16-18-7,234.0,256.0,-22.0,3-5-2,W1
13,2009,Southeast,3,Carolina Hurricanes,82.0,35.0,37.0,10.0,80.0,,35.0,0.0,0.0,21-17-3,14-20-7,230.0,256.0,-26.0,5-3-2,L1
14,2009,Southeast,4,Tampa Bay Lightning,82.0,34.0,36.0,12.0,80.0,,34.0,0.0,0.0,21-14-6,13-22-6,217.0,260.0,-43.0,6-4-0,W3
15,2009,Southeast,5,Florida Panthers,82.0,32.0,37.0,13.0,77.0,,32.0,0.0,0.0,16-16-9,16-21-4,208.0,244.0,-36.0,2-6-2,L2
16,2009,Central,1,Chicago Blackhawks,82.0,52.0,22.0,8.0,112.0,,52.0,0.0,0.0,29-8-4,23-14-4,271.0,209.0,62.0,6-3-1,L1
17,2009,Central,2,Detroit Red Wings,82.0,44.0,24.0,14.0,102.0,,44.0,0.0,0.0,25-10-6,19-14-8,229.0,216.0,13.0,8-1-1,W3
18,2009,Central,3,Nashville Predators,82.0,47.0,29.0,6.0,100.0,,47.0,0.0,0.0,24-14-3,23-15-3,225.0,225.0,0.0,6-3-1,W1
19,2009,Central,4,St. Louis Blues,82.0,40.0,32.0,10.0,90.0,,40.0,0.0,0.0,18-18-5,22-14-5,225.0,223.0,2.0,6-3-1,L1
20,2009,Central,5,Columbus Blue Jackets,82.0,32.0,35.0,15.0,79.0,,32.0,0.0,0.0,20-12-9,12-23-6,216.0,259.0,-43.0,3-4-3,L5
21,2009,Northwest,1,Vancouver Canucks,82.0,49.0,28.0,5.0,103.0,,49.0,0.0,0.0,30-8-3,19-20-2,272.0,222.0,50.0,5-4-1,W1
22,2009,Northwest,2,Colorado Avalanche,82.0,43.0,30.0,9.0,95.0,,43.0,0.0,0.0,24-14-3,19-16-6,244.0,233.0,11.0,3-5-2,L3
23,2009,Northwest,3,Calgary Flames,82.0,40.0,32.0,10.0,90.0,,40.0,0.0,0.0,20-17-4,20-15-6,204.0,210.0,-6.0,4-5-1,L4
24,2009,Northwest,4,Minnesota Wild,82.0,38.0,36.0,8.0,84.0,,38.0,0.0,0.0,25-12-4,13-24-4,219.0,246.0,-27.0,3-5-2,L1
25,2009,Northwest,5,Edmonton Oilers,82.0,27.0,47.0,8.0,62.0,,27.0,0.0,0.0,18-19-4,9-28-4,214.0,284.0,-70.0,4-5-1,L1
26,2009,Pacific,1,San Jose Sharks,82.0,51.0,20.0,11.0,113.0,,51.0,0.0,0.0,27-6-8,24-14-3,264.0,215.0,49.0,8-1-1,W3
27,2009,Pacific,2,Phoenix Coyotes,82.0,50.0,25.0,7.0,107.0,,50.0,0.0,0.0,29-10-2,21-15-5,225.0,202.0,23.0,5-3-2,L1
28,2009,Pacific,3,Los Angeles Kings,82.0,46.0,27.0,9.0,101.0,,46.0,0.0,0.0,22-13-6,24-14-3,241.0,219.0,22.0,4-3-3,W1
29,2009,Pacific,4,Anaheim Ducks,82.0,39.0,32.0,11.0,89.0,,39.0,0.0,0.0,25-11-5,14-21-6,238.0,251.0,-13.0,5-2-3,W1
30,2009,Pacific,5,Dallas Stars,82.0,37.0,31.0,14.0,88.0,,37.0,0.0,0.0,23-11-7,14-20-7,237.0,254.0,-17.0,6-4-0,W2
1,2008,Atlantic,1,New Jersey Devils,82.0,51.0,27.0,4.0,106.0,,51.0,0.0,0.0,28-12-1,23-15-3,244.0,209.0,35.0,4-5-1,W2
2,2008,Atlantic,2,Pittsburgh Penguins,82.0,45.0,28.0,9.0,99.0,,45.0,0.0,0.0,25-13-3,20-15-6,264.0,239.0,25.0,7-2-1,W3
3,2008,Atlantic,3,Philadelphia Flyers,82.0,44.0,27.0,11.0,99.0,,44.0,0.0,0.0,24-13-4,20-14-7,264.0,238.0,26.0,4-5-1,L1
4,2008,Atlantic,4,New York Rangers,82.0,43.0,30.0,9.0,95.0,,43.0,0.0,0.0,26-11-4,17-19-5,210.0,218.0,-8.0,5-4-1,W3
5,2008,Atlantic,5,New York Islanders,82.0,26.0,47.0,9.0,61.0,,26.0,0.0,0.0,17-18-6,9-29-3,201.0,279.0,-78.0,2-7-1,L4
6,2008,Northeast,1,Boston Bruins,82.0,53.0,19.0,10.0,116.0,,53.0,0.0,0.0,29-6-6,24-13-4,274.0,196.0,78.0,8-2-0,W1
7,2008,Northeast,2,Montreal Canadiens,82.0,41.0,30.0,11.0,93.0,,41.0,0.0,0.0,24-10-7,17-20-4,249.0,247.0,2.0,5-3-2,L4
8,2008,Northeast,3,Buffalo Sabres,82.0,41.0,32.0,9.0,91.0,,41.0,0.0,0.0,23-15-3,18-17-6,250.0,234.0,16.0,7-2-1,W3
9,2008,Northeast,4,Ottawa Senators,82.0,36.0,35.0,11.0,83.0,,36.0,0.0,0.0,22-12-7,14-23-4,217.0,237.0,-20.0,4-5-1,L2
10,2008,Northeast,5,Toronto Maple Leafs,82.0,34.0,35.0,13.0,81.0,,34.0,0.0,0.0,16-16-9,18-19-4,250.0,293.0,-43.0,5-5-0,W1
11,2008,Southeast,1,Washington Capitals,82.0,50.0,24.0,8.0,108.0,,50.0,0.0,0.0,29-9-3,21-15-5,272.0,245.0,27.0,6-2-2,L1
12,2008,Southeast,2,Carolina Hurricanes,82.0,45.0,30.0,7.0,97.0,,45.0,0.0,0.0,26-14-1,19-16-6,239.0,226.0,13.0,8-2-0,L2
13,2008,Southeast,3,Florida Panthers,82.0,41.0,30.0,11.0,93.0,,41.0,0.0,0.0,22-12-7,19-18-4,234.0,231.0,3.0,6-3-1,W2
14,2008,Southeast,4,Atlanta Thrashers,82.0,35.0,41.0,6.0,76.0,,35.0,0.0,0.0,18-21-2,17-20-4,257.0,280.0,-23.0,6-4-0,W1
15,2008,Southeast,5,Tampa Bay Lightning,82.0,24.0,40.0,18.0,66.0,,24.0,0.0,0.0,12-18-11,12-22-7,210.0,279.0,-69.0,1-7-2,L9
16,2008,Central,1,Detroit Red Wings,82.0,51.0,21.0,10.0,112.0,,51.0,0.0,0.0,27-9-5,24-12-5,295.0,244.0,51.0,3-6-1,L3
17,2008,Central,2,Chicago Blackhawks,82.0,46.0,24.0,12.0,104.0,,46.0,0.0,0.0,24-9-8,22-15-4,264.0,216.0,48.0,7-2-1,W2
18,2008,Central,3,St. Louis Blues,82.0,41.0,31.0,10.0,92.0,,41.0,0.0,0.0,23-13-5,18-18-5,233.0,233.0,0.0,8-1-1,W3
19,2008,Central,4,Columbus Blue Jackets,82.0,41.0,31.0,10.0,92.0,,41.0,0.0,0.0,25-13-3,16-18-7,226.0,230.0,-4.0,3-3-4,L2
20,2008,Central,5,Nashville Predators,82.0,40.0,34.0,8.0,88.0,,40.0,0.0,0.0,24-13-4,16-21-4,213.0,233.0,-20.0,5-4-1,L1
21,2008,Northwest,1,Vancouver Canucks,82.0,45.0,27.0,10.0,100.0,,45.0,0.0,0.0,24-12-5,21-15-5,246.0,220.0,26.0,6-3-1,W3
22,2008,Northwest,2,Calgary Flames,82.0,46.0,30.0,6.0,98.0,,46.0,0.0,0.0,27-10-4,19-20-2,254.0,248.0,6.0,4-6-0,W1
23,2008,Northwest,3,Minnesota Wild,82.0,40.0,33.0,9.0,89.0,,40.0,0.0,0.0,23-11-7,17-22-2,219.0,200.0,19.0,6-3-1,W3
24,2008,Northwest,4,Edmonton Oilers,82.0,38.0,35.0,9.0,85.0,,38.0,0.0,0.0,18-17-6,20-18-3,234.0,248.0,-14.0,3-7-0,L1
25,2008,Northwest,5,Colorado Avalanche,82.0,32.0,45.0,5.0,69.0,,32.0,0.0,0.0,18-21-2,14-24-3,199.0,257.0,-58.0,1-6-3,L4
26,2008,Pacific,1,San Jose Sharks,82.0,53.0,18.0,11.0,117.0,,53.0,0.0,0.0,32-5-4,21-13-7,257.0,204.0,53.0,5-4-1,L2
27,2008,Pacific,2,Anaheim Ducks,82.0,42.0,33.0,7.0,91.0,,42.0,0.0,0.0,20-18-3,22-15-4,245.0,238.0,7.0,7-2-1,L1
28,2008,Pacific,3,Dallas Stars,82.0,36.0,35.0,11.0,83.0,,36.0,0.0,0.0,20-16-5,16-19-6,230.0,257.0,-27.0,3-4-3,L1
29,2008,Pacific,4,Phoenix Coyotes,82.0,36.0,39.0,7.0,79.0,,36.0,0.0,0.0,23-15-3,13-24-4,208.0,252.0,-44.0,6-4-0,W2
30,2008,Pacific,5,Los Angeles Kings,82.0,34.0,37.0,11.0,79.0,,34.0,0.0,0.0,18-15-8,16-22-3,207.0,234.0,-27.0,4-5-1,W1
1,2007,Atlantic,1,Pittsburgh Penguins,82.0,47.0,27.0,8.0,102.0,,47.0,0.0,0.0,26-10-5,21-17-3,247.0,216.0,31.0,6-3-1,L1
2,2007,Atlantic,2,New Jersey Devils,82.0,46.0,29.0,7.0,99.0,,46.0,0.0,0.0,25-14-2,21-15-5,206.0,197.0,9.0,4-5-1,W1
3,2007,Atlantic,3,New York Rangers,82.0,42.0,27.0,13.0,97.0,,42.0,0.0,0.0,25-13-3,17-14-10,213.0,199.0,14.0,5-1-4,L2
4,2007,Atlantic,4,Philadelphia Flyers,82.0,42.0,29.0,11.0,95.0,,42.0,0.0,0.0,21-14-6,21-15-5,248.0,233.0,15.0,7-2-1,W2
5,2007,Atlantic,5,New York Islanders,82.0,35.0,38.0,9.0,79.0,,35.0,0.0,0.0,18-18-5,17-20-4,194.0,243.0,-49.0,3-5-2,W1
6,2007,Northeast,1,Montreal Canadiens,82.0,47.0,25.0,10.0,104.0,,47.0,0.0,0.0,22-13-6,25-12-4,262.0,222.0,40.0,8-1-1,W3
7,2007,Northeast,2,Ottawa Senators,82.0,43.0,31.0,8.0,94.0,,43.0,0.0,0.0,22-15-4,21-16-4,261.0,247.0,14.0,3-6-1,L1
8,2007,Northeast,3,Boston Bruins,82.0,41.0,29.0,12.0,94.0,,41.0,0.0,0.0,21-16-4,20-13-8,212.0,222.0,-10.0,4-2-4,L1
9,2007,Northeast,4,Buffalo Sabres,82.0,39.0,31.0,12.0,90.0,,39.0,0.0,0.0,20-15-6,19-16-6,255.0,242.0,13.0,6-3-1,W1
10,2007,Northeast,5,Toronto Maple Leafs,82.0,36.0,35.0,11.0,83.0,,36.0,0.0,0.0,18-17-6,18-18-5,231.0,260.0,-29.0,4-5-1,L3
11,2007,Southeast,1,Washington Capitals,82.0,43.0,31.0,8.0,94.0,,43.0,0.0,0.0,23-15-3,20-16-5,242.0,231.0,11.0,9-1-0,W7
12,2007,Southeast,2,Carolina Hurricanes,82.0,43.0,33.0,6.0,92.0,,43.0,0.0,0.0,24-13-4,19-20-2,252.0,249.0,3.0,5-4-1,L1
13,2007,Southeast,3,Florida Panthers,82.0,38.0,35.0,9.0,85.0,,38.0,0.0,0.0,18-15-8,20-20-1,216.0,226.0,-10.0,5-4-1,L1
14,2007,Southeast,4,Atlanta Thrashers,82.0,34.0,40.0,8.0,76.0,,34.0,0.0,0.0,19-19-3,15-21-5,216.0,272.0,-56.0,3-7-0,W1
15,2007,Southeast,5,Tampa Bay Lightning,82.0,31.0,42.0,9.0,71.0,,31.0,0.0,0.0,20-18-3,11-24-6,223.0,267.0,-44.0,2-7-1,L4
16,2007,Central,1,Detroit Red Wings,82.0,54.0,21.0,7.0,115.0,,54.0,0.0,0.0,29-9-3,25-12-4,257.0,184.0,73.0,7-2-1,W2
17,2007,Central,2,Nashville Predators,82.0,41.0,32.0,9.0,91.0,,41.0,0.0,0.0,23-14-4,18-18-5,230.0,229.0,1.0,6-3-1,L1
18,2007,Central,3,Chicago Blackhawks,82.0,40.0,34.0,8.0,88.0,,40.0,0.0,0.0,23-16-2,17-18-6,239.0,235.0,4.0,6-3-1,L1
19,2007,Central,4,Columbus Blue Jackets,82.0,34.0,36.0,12.0,80.0,,34.0,0.0,0.0,20-14-7,14-22-5,193.0,218.0,-25.0,2-7-1,L5
20,2007,Central,5,St. Louis Blues,82.0,33.0,36.0,13.0,79.0,,33.0,0.0,0.0,20-15-6,13-21-7,205.0,237.0,-32.0,4-4-2,W2
21,2007,Northwest,1,Minnesota Wild,82.0,44.0,28.0,10.0,98.0,,44.0,0.0,0.0,25-11-5,19-17-5,223.0,218.0,5.0,6-2-2,L1
22,2007,Northwest,2,Colorado Avalanche,82.0,44.0,31.0,7.0,95.0,,44.0,0.0,0.0,27-12-2,17-19-5,231.0,219.0,12.0,5-4-1,W2
23,2007,Northwest,3,Calgary Flames,82.0,42.0,30.0,10.0,94.0,,42.0,0.0,0.0,21-11-9,21-19-1,229.0,227.0,2.0,5-5-0,W1
24,2007,Northwest,4,Edmonton Oilers,82.0,41.0,35.0,6.0,88.0,,41.0,0.0,0.0,23-17-1,18-18-5,235.0,251.0,-16.0,6-3-1,W1
25,2007,Northwest,5,Vancouver Canucks,82.0,39.0,33.0,10.0,88.0,,39.0,0.0,0.0,21-15-5,18-18-5,213.0,215.0,-2.0,3-7-0,L3
26,2007,Pacific,1,San Jose Sharks,82.0,49.0,23.0,10.0,108.0,,49.0,0.0,0.0,22-13-6,27-10-4,222.0,193.0,29.0,7-2-1,L2
27,2007,Pacific,2,Anaheim Ducks,82.0,47.0,27.0,8.0,102.0,,47.0,0.0,0.0,28-9-4,19-18-4,205.0,191.0,14.0,8-2-0,W3
28,2007,Pacific,3,Dallas Stars,82.0,45.0,30.0,7.0,97.0,,45.0,0.0,0.0,23-16-2,22-14-5,242.0,207.0,35.0,3-5-2,W1
29,2007,Pacific,4,Phoenix Coyotes,82.0,38.0,37.0,7.0,83.0,,38.0,0.0,0.0,17-20-4,21-17-3,214.0,231.0,-17.0,2-6-2,L1
30,2007,Pacific,5,Los Angeles Kings,82.0,32.0,43.0,7.0,71.0,,32.0,0.0,0.0,17-21-3,15-22-4,231.0,266.0,-35.0,4-5-1,L1
1,2006,Atlantic,1,New Jersey Devils,82.0,49.0,24.0,9.0,107.0,,49.0,0.0,0.0,25-10-6,24-14-3,216.0,201.0,15.0,6-3-1,L1
2,2006,Atlantic,2,Pittsburgh Penguins,82.0,47.0,24.0,11.0,105.0,,47.0,0.0,0.0,26-10-5,21-14-6,277.0,246.0,31.0,6-3-1,W2
3,2006,Atlantic,3,New York Rangers,82.0,42.0,30.0,10.0,94.0,,42.0,0.0,0.0,21-15-5,21-15-5,242.0,216.0,26.0,7-2-1,L1
4,2006,Atlantic,4,New York Islanders,82.0,40.0,30.0,12.0,92.0,,40.0,0.0,0.0,22-13-6,18-17-6,247.0,240.0,7.0,6-3-1,W4
5,2006,Atlantic,5,Philadelphia Flyers,82.0,22.0,48.0,12.0,56.0,,22.0,0.0,0.0,10-24-7,12-24-5,214.0,303.0,-89.0,2-7-1,W1
6,2006,Northeast,1,Buffalo Sabres,82.0,53.0,22.0,7.0,113.0,,53.0,0.0,0.0,28-10-3,25-12-4,308.0,242.0,66.0,7-3-0,L1
7,2006,Northeast,2,Ottawa Senators,82.0,48.0,25.0,9.0,105.0,,48.0,0.0,0.0,25-13-3,23-12-6,288.0,221.0,67.0,6-2-2,W1
8,2006,Northeast,3,Toronto Maple Leafs,82.0,40.0,31.0,11.0,91.0,,40.0,0.0,0.0,21-15-5,19-16-6,258.0,269.0,-11.0,6-3-1,W1
9,2006,Northeast,4,Montreal Canadiens,82.0,42.0,34.0,6.0,90.0,,42.0,0.0,0.0,26-12-3,16-22-3,245.0,256.0,-11.0,7-3-0,L2
10,2006,Northeast,5,Boston Bruins,82.0,35.0,41.0,6.0,76.0,,35.0,0.0,0.0,18-19-4,17-22-2,219.0,289.0,-70.0,1-8-1,L6
11,2006,Southeast,1,Atlanta Thrashers,82.0,43.0,28.0,11.0,97.0,,43.0,0.0,0.0,23-12-6,20-16-5,246.0,245.0,1.0,6-3-1,W2
12,2006,Southeast,2,Tampa Bay Lightning,82.0,44.0,33.0,5.0,93.0,,44.0,0.0,0.0,22-18-1,22-15-4,253.0,261.0,-8.0,5-4-1,L2
13,2006,Southeast,3,Carolina Hurricanes,82.0,40.0,34.0,8.0,88.0,,40.0,0.0,0.0,21-16-4,19-18-4,241.0,253.0,-12.0,5-5-0,W1
14,2006,Southeast,4,Florida Panthers,82.0,35.0,31.0,16.0,86.0,,35.0,0.0,0.0,23-12-6,12-19-10,247.0,257.0,-10.0,5-2-3,L1
15,2006,Southeast,5,Washington Capitals,82.0,28.0,40.0,14.0,70.0,,28.0,0.0,0.0,17-17-7,11-23-7,235.0,286.0,-51.0,3-6-1,L1
16,2006,Central,1,Detroit Red Wings,82.0,50.0,19.0,13.0,113.0,,50.0,0.0,0.0,29-4-8,21-15-5,254.0,199.0,55.0,5-1-4,W1
17,2006,Central,2,Nashville Predators,82.0,51.0,23.0,8.0,110.0,,51.0,0.0,0.0,28-8-5,23-15-3,272.0,212.0,60.0,5-3-2,W2
18,2006,Central,3,St. Louis Blues,82.0,34.0,35.0,13.0,81.0,,34.0,0.0,0.0,18-19-4,16-16-9,214.0,254.0,-40.0,4-5-1,L2
19,2006,Central,4,Columbus Blue Jackets,82.0,33.0,42.0,7.0,73.0,,33.0,0.0,0.0,18-19-4,15-23-3,201.0,249.0,-48.0,5-5-0,L1
20,2006,Central,5,Chicago Blackhawks,82.0,31.0,42.0,9.0,71.0,,31.0,0.0,0.0,17-20-4,14-22-5,201.0,258.0,-57.0,4-6-0,L2
21,2006,Northwest,1,Vancouver Canucks,82.0,49.0,26.0,7.0,105.0,,49.0,0.0,0.0,26-11-4,23-15-3,222.0,201.0,21.0,6-3-1,L1
22,2006,Northwest,2,Minnesota Wild,82.0,48.0,26.0,8.0,104.0,,48.0,0.0,0.0,29-7-5,19-19-3,235.0,191.0,44.0,7-2-1,W3
23,2006,Northwest,3,Calgary Flames,82.0,43.0,29.0,10.0,96.0,,43.0,0.0,0.0,30-9-2,13-20-8,258.0,226.0,32.0,6-4-0,L4
24,2006,Northwest,4,Colorado Avalanche,82.0,44.0,31.0,7.0,95.0,,44.0,0.0,0.0,22-16-3,22-15-4,272.0,251.0,21.0,7-2-1,W1
25,2006,Northwest,5,Edmonton Oilers,82.0,32.0,43.0,7.0,71.0,,32.0,0.0,0.0,19-19-3,13-24-4,195.0,248.0,-53.0,2-8-0,W1
26,2006,Pacific,1,Anaheim Ducks,82.0,48.0,20.0,14.0,110.0,,48.0,0.0,0.0,26-6-9,22-14-5,258.0,208.0,50.0,5-3-2,W1
27,2006,Pacific,2,San Jose Sharks,82.0,51.0,26.0,5.0,107.0,,51.0,0.0,0.0,25-12-4,26-14-1,258.0,199.0,59.0,7-1-2,L1
28,2006,Pacific,3,Dallas Stars,82.0,50.0,25.0,7.0,107.0,,50.0,0.0,0.0,28-11-2,22-14-5,226.0,197.0,29.0,7-1-2,W2
29,2006,Pacific,4,Los Angeles Kings,82.0,27.0,41.0,14.0,68.0,,27.0,0.0,0.0,16-16-9,11-25-5,227.0,283.0,-56.0,3-7-0,W1
30,2006,Pacific,5,Phoenix Coyotes,82.0,31.0,46.0,5.0,67.0,,31.0,0.0,0.0,18-20-3,13-26-2,216.0,284.0,-68.0,3-6-1,W1
1,2005,Atlantic,1,New Jersey Devils,82.0,46.0,27.0,9.0,101.0,,46.0,0.0,0.0,27-11-3,19-16-6,242.0,229.0,13.0,10-0-0,W11
2,2005,Atlantic,2,Philadelphia Flyers,82.0,45.0,26.0,11.0,101.0,,45.0,0.0,0.0,22-13-6,23-13-5,267.0,259.0,8.0,5-4-1,W1
3,2005,Atlantic,3,New York Rangers,82.0,44.0,26.0,12.0,100.0,,44.0,0.0,0.0,25-10-6,19-16-6,257.0,215.0,42.0,4-6-0,L5
4,2005,Atlantic,4,New York Islanders,82.0,36.0,40.0,6.0,78.0,,36.0,0.0,0.0,20-18-3,16-22-3,230.0,278.0,-48.0,3-6-1,L2
5,2005,Atlantic,5,Pittsburgh Penguins,82.0,22.0,46.0,14.0,58.0,,22.0,0.0,0.0,12-21-8,10-25-6,244.0,316.0,-72.0,4-4-2,L1
6,2005,Northeast,1,Ottawa Senators,82.0,52.0,21.0,9.0,113.0,,52.0,0.0,0.0,29-9-3,23-12-6,314.0,211.0,103.0,3-5-2,W1
7,2005,Northeast,2,Buffalo Sabres,82.0,52.0,24.0,6.0,110.0,,52.0,0.0,0.0,27-11-3,25-13-3,281.0,239.0,42.0,7-3-0,W5
8,2005,Northeast,3,Montreal Canadiens,82.0,42.0,31.0,9.0,93.0,,42.0,0.0,0.0,24-13-4,18-18-5,243.0,247.0,-4.0,6-4-0,L2
9,2005,Northeast,4,Toronto Maple Leafs,82.0,41.0,33.0,8.0,90.0,,41.0,0.0,0.0,26-12-3,15-21-5,257.0,270.0,-13.0,7-1-2,W1
10,2005,Northeast,5,Boston Bruins,82.0,29.0,37.0,16.0,74.0,,29.0,0.0,0.0,16-15-10,13-22-6,230.0,266.0,-36.0,1-5-4,L5
11,2005,Southeast,1,Carolina Hurricanes,82.0,52.0,22.0,8.0,112.0,,52.0,0.0,0.0,31-8-2,21-14-6,294.0,260.0,34.0,5-3-2,L2
12,2005,Southeast,2,Tampa Bay Lightning,82.0,43.0,33.0,6.0,92.0,,43.0,0.0,0.0,25-14-2,18-19-4,252.0,260.0,-8.0,5-4-1,L1
13,2005,Southeast,3,Atlanta Thrashers,82.0,41.0,33.0,8.0,90.0,,41.0,0.0,0.0,24-13-4,17-20-4,281.0,275.0,6.0,6-2-2,L2
14,2005,Southeast,4,Florida Panthers,82.0,37.0,34.0,11.0,85.0,,37.0,0.0,0.0,25-11-5,12-23-6,240.0,257.0,-17.0,4-4-2,W1
15,2005,Southeast,5,Washington Capitals,82.0,29.0,41.0,12.0,70.0,,29.0,0.0,0.0,16-18-7,13-23-5,237.0,306.0,-69.0,5-3-2,W3
16,2005,Central,1,Detroit Red Wings,82.0,58.0,16.0,8.0,124.0,,58.0,0.0,0.0,27-9-5,31-7-3,305.0,209.0,96.0,8-1-1,L1
17,2005,Central,2,Nashville Predators,82.0,49.0,25.0,8.0,106.0,,49.0,0.0,0.0,32-8-1,17-17-7,259.0,227.0,32.0,7-3-0,W6
18,2005,Central,3,Columbus Blue Jackets,82.0,35.0,43.0,4.0,74.0,,35.0,0.0,0.0,23-18-0,12-25-4,223.0,279.0,-56.0,6-3-1,W1
19,2005,Central,4,Chicago Blackhawks,82.0,26.0,43.0,13.0,65.0,,26.0,0.0,0.0,16-19-6,10-24-7,211.0,285.0,-74.0,3-5-2,W2
20,2005,Central,5,St. Louis Blues,82.0,21.0,46.0,15.0,57.0,,21.0,0.0,0.0,12-23-6,9-23-9,197.0,292.0,-95.0,1-7-2,L5
21,2005,Northwest,1,Calgary Flames,82.0,46.0,25.0,11.0,103.0,,46.0,0.0,0.0,30-7-4,16-18-7,218.0,200.0,18.0,6-1-3,L2
22,2005,Northwest,2,Colorado Avalanche,82.0,43.0,30.0,9.0,95.0,,43.0,0.0,0.0,25-10-6,18-20-3,283.0,257.0,26.0,4-5-1,L3
23,2005,Northwest,3,Edmonton Oilers,82.0,41.0,28.0,13.0,95.0,,41.0,0.0,0.0,20-15-6,21-13-7,256.0,251.0,5.0,5-4-1,W2
24,2005,Northwest,4,Vancouver Canucks,82.0,42.0,32.0,8.0,92.0,,42.0,0.0,0.0,25-10-6,17-22-2,256.0,255.0,1.0,4-4-2,W1
25,2005,Northwest,5,Minnesota Wild,82.0,38.0,36.0,8.0,84.0,,38.0,0.0,0.0,23-16-2,15-20-6,231.0,215.0,16.0,5-4-1,L2
26,2005,Pacific,1,Dallas Stars,82.0,53.0,23.0,6.0,112.0,,53.0,0.0,0.0,28-11-2,25-12-4,265.0,218.0,47.0,4-3-3,L2
27,2005,Pacific,2,San Jose Sharks,82.0,44.0,27.0,11.0,99.0,,44.0,0.0,0.0,25-9-7,19-18-4,266.0,242.0,24.0,8-1-1,L1
28,2005,Pacific,3,Anaheim Ducks,82.0,43.0,27.0,12.0,98.0,,43.0,0.0,0.0,26-10-5,17-17-7,254.0,229.0,25.0,6-4-0,W1
29,2005,Pacific,4,Los Angeles Kings,82.0,42.0,35.0,5.0,89.0,,42.0,0.0,0.0,26-14-1,16-21-4,249.0,270.0,-21.0,4-6-0,W2
30,2005,Pacific,5,Phoenix Coyotes,82.0,38.0,39.0,5.0,81.0,,38.0,0.0,0.0,19-18-4,19-21-1,246.0,271.0,-25.0,4-5-1,W1
1,2003,Atlantic,1,Philadelphia Flyers,82.0,40.0,21.0,6.0,101.0,,,0.0,0.0,24-11-3,16-10-3,229.0,186.0,43.0,4-4-0,L1
2,2003,Atlantic,2,New Jersey Devils,82.0,43.0,25.0,2.0,100.0,,,0.0,0.0,22-13-1,21-12-1,213.0,164.0,49.0,6-3-0,L1
3,2003,Atlantic,3,New York Islanders,82.0,38.0,29.0,4.0,91.0,,,0.0,0.0,25-11-1,13-18-3,237.0,210.0,27.0,6-3-0,L1
4,2003,Atlantic,4,New York Rangers,82.0,27.0,40.0,8.0,69.0,,,0.0,0.0,13-21-4,14-19-4,206.0,250.0,-44.0,2-6-2,W1
5,2003,Atlantic,5,Pittsburgh Penguins,82.0,23.0,47.0,4.0,58.0,,,0.0,0.0,13-22-0,10-25-4,190.0,303.0,-113.0,6-3-0,W2
6,2003,Northeast,1,Boston Bruins,82.0,41.0,19.0,7.0,104.0,,,0.0,0.0,18-12-2,23-7-5,209.0,188.0,21.0,6-3-0,W1
7,2003,Northeast,2,Toronto Maple Leafs,82.0,45.0,24.0,3.0,103.0,,,0.0,0.0,22-14-2,23-10-1,242.0,204.0,38.0,7-2-0,W3
8,2003,Northeast,3,Ottawa Senators,82.0,43.0,23.0,6.0,102.0,,,0.0,0.0,23-8-5,20-15-1,262.0,189.0,73.0,5-3-1,L1
9,2003,Northeast,4,Montreal Canadiens,82.0,41.0,30.0,4.0,93.0,,,0.0,0.0,23-13-1,18-17-3,208.0,192.0,16.0,4-4-1,W1
10,2003,Northeast,5,Buffalo Sabres,82.0,37.0,34.0,4.0,85.0,,,0.0,0.0,21-13-3,16-21-1,220.0,221.0,-1.0,6-3-0,L2
11,2003,Southeast,1,Tampa Bay Lightning,82.0,46.0,22.0,6.0,106.0,,,0.0,0.0,24-10-3,22-12-3,245.0,192.0,53.0,5-4-1,L1
12,2003,Southeast,2,Atlanta Thrashers,82.0,33.0,37.0,4.0,78.0,,,0.0,0.0,18-17-2,15-20-2,214.0,243.0,-29.0,5-3-1,W1
13,2003,Southeast,3,Carolina Hurricanes,82.0,28.0,34.0,6.0,76.0,,,0.0,0.0,13-18-2,15-16-4,172.0,209.0,-37.0,4-4-1,L1
14,2003,Southeast,4,Florida Panthers,82.0,28.0,35.0,4.0,75.0,,,0.0,0.0,16-15-3,12-20-1,188.0,221.0,-33.0,2-6-1,L1
15,2003,Southeast,5,Washington Capitals,82.0,23.0,46.0,3.0,59.0,,,0.0,0.0,13-20-2,10-26-1,186.0,253.0,-67.0,2-5-1,L2
16,2003,Central,1,Detroit Red Wings,82.0,48.0,21.0,2.0,109.0,,,0.0,0.0,30-7-0,18-14-2,255.0,189.0,66.0,6-3-0,L1
17,2003,Central,2,St. Louis Blues,82.0,39.0,30.0,2.0,91.0,,,0.0,0.0,23-11-0,16-19-2,191.0,198.0,-7.0,6-3-0,L1
18,2003,Central,3,Nashville Predators,82.0,38.0,29.0,4.0,91.0,,,0.0,0.0,22-10-2,16-19-2,216.0,217.0,-1.0,5-3-1,W1
19,2003,Central,4,Columbus Blue Jackets,82.0,25.0,45.0,4.0,62.0,,,0.0,0.0,17-18-2,8-27-2,177.0,238.0,-61.0,5-5-0,W1
20,2003,Central,5,Chicago Blackhawks,82.0,20.0,43.0,8.0,59.0,,,0.0,0.0,13-17-5,7-26-3,188.0,259.0,-71.0,1-5-2,L7
21,2003,Northwest,1,Vancouver Canucks,82.0,43.0,24.0,5.0,101.0,,,0.0,0.0,21-13-0,22-11-5,235.0,194.0,41.0,6-2-1,W6
22,2003,Northwest,2,Colorado Avalanche,82.0,40.0,22.0,7.0,100.0,,,0.0,0.0,19-14-2,21-8-5,236.0,198.0,38.0,2-5-2,L1
23,2003,Northwest,3,Calgary Flames,82.0,42.0,30.0,3.0,94.0,,,0.0,0.0,21-14-1,21-16-2,200.0,176.0,24.0,6-4-0,L1
24,2003,Northwest,4,Edmonton Oilers,82.0,36.0,29.0,5.0,89.0,,,0.0,0.0,22-12-3,14-17-2,221.0,208.0,13.0,7-2-1,L1
25,2003,Northwest,5,Minnesota Wild,82.0,30.0,29.0,3.0,83.0,,,0.0,0.0,19-13-2,11-16-1,188.0,183.0,5.0,6-3-1,W3
26,2003,Pacific,1,San Jose Sharks,82.0,43.0,21.0,6.0,104.0,,,0.0,0.0,24-8-2,19-13-4,219.0,183.0,36.0,8-2-0,W1
27,2003,Pacific,2,Dallas Stars,82.0,41.0,26.0,2.0,97.0,,,0.0,0.0,26-7-0,15-19-2,194.0,175.0,19.0,5-2-2,W1
28,2003,Pacific,3,Los Angeles Kings,82.0,28.0,29.0,9.0,81.0,,,0.0,0.0,15-16-1,13-13-8,205.0,217.0,-12.0,0-8-2,L11
29,2003,Pacific,4,Anaheim Ducks,82.0,29.0,35.0,8.0,76.0,,,0.0,0.0,19-11-4,10-24-4,184.0,213.0,-29.0,4-5-0,W1
30,2003,Pacific,5,Phoenix Coyotes,82.0,22.0,36.0,6.0,68.0,,,0.0,0.0,11-19-4,11-17-2,188.0,245.0,-57.0,2-5-1,W1
1,2002,Atlantic,1,New Jersey Devils,82.0,46.0,20.0,6.0,108.0,,,0.0,0.0,25-11-2,21-9-4,216.0,166.0,50.0,5-0-1,L1
2,2002,Atlantic,2,Philadelphia Flyers,82.0,45.0,20.0,4.0,107.0,,,0.0,0.0,21-10-2,24-10-2,211.0,166.0,45.0,7-1-0,W5
3,2002,Atlantic,3,New York Islanders,82.0,35.0,34.0,2.0,83.0,,,0.0,0.0,18-18-0,17-16-2,224.0,231.0,-7.0,3-5-0,W1
4,2002,Atlantic,4,New York Rangers,82.0,32.0,36.0,4.0,78.0,,,0.0,0.0,17-18-2,15-18-2,210.0,231.0,-21.0,4-4-1,L2
5,2002,Atlantic,5,Pittsburgh Penguins,82.0,27.0,44.0,5.0,65.0,,,0.0,0.0,15-22-2,12-22-3,189.0,255.0,-66.0,2-7-0,L1
6,2002,Northeast,1,Ottawa Senators,82.0,52.0,21.0,1.0,113.0,,,0.0,0.0,28-9-1,24-12-0,263.0,182.0,81.0,7-2-0,W4
7,2002,Northeast,2,Toronto Maple Leafs,82.0,44.0,28.0,3.0,98.0,,,0.0,0.0,24-13-0,20-15-3,236.0,208.0,28.0,5-2-1,L1
8,2002,Northeast,3,Boston Bruins,82.0,36.0,31.0,4.0,87.0,,,0.0,0.0,23-11-2,13-20-2,245.0,237.0,8.0,3-4-0,W1
9,2002,Northeast,4,Montreal Canadiens,82.0,30.0,35.0,9.0,77.0,,,0.0,0.0,16-16-4,14-19-5,206.0,234.0,-28.0,3-6-1,W1
10,2002,Northeast,5,Buffalo Sabres,82.0,27.0,37.0,8.0,72.0,,,0.0,0.0,18-16-2,9-21-6,190.0,219.0,-29.0,5-3-1,L1
11,2002,Southeast,1,Tampa Bay Lightning,82.0,36.0,25.0,5.0,93.0,,,0.0,0.0,22-9-3,14-16-2,219.0,210.0,9.0,3-2-0,L2
12,2002,Southeast,2,Washington Capitals,82.0,39.0,29.0,6.0,92.0,,,0.0,0.0,24-13-2,15-16-4,224.0,220.0,4.0,6-3-1,W1
13,2002,Southeast,3,Atlanta Thrashers,82.0,31.0,39.0,5.0,74.0,,,0.0,0.0,15-19-3,16-20-2,226.0,284.0,-58.0,6-3-0,W2
14,2002,Southeast,4,Florida Panthers,82.0,24.0,36.0,9.0,70.0,,,0.0,0.0,8-21-5,16-15-4,176.0,237.0,-61.0,2-7-0,L1
15,2002,Southeast,5,Carolina Hurricanes,82.0,22.0,43.0,6.0,61.0,,,0.0,0.0,12-17-3,10-26-3,171.0,240.0,-69.0,0-8-0,L6
16,2002,Central,1,Detroit Red Wings,82.0,48.0,20.0,4.0,110.0,,,0.0,0.0,28-6-2,20-14-2,269.0,203.0,66.0,6-2-1,L1
17,2002,Central,2,St. Louis Blues,82.0,41.0,24.0,6.0,99.0,,,0.0,0.0,23-11-3,18-13-3,253.0,222.0,31.0,3-5-0,L1
18,2002,Central,3,Chicago Blackhawks,82.0,30.0,33.0,6.0,79.0,,,0.0,0.0,17-15-2,13-18-4,207.0,226.0,-19.0,3-3-1,W1
19,2002,Central,4,Nashville Predators,82.0,27.0,35.0,7.0,74.0,,,0.0,0.0,18-17-1,9-18-6,183.0,206.0,-23.0,0-6-2,L6
20,2002,Central,5,Columbus Blue Jackets,82.0,29.0,42.0,3.0,69.0,,,0.0,0.0,20-14-2,9-28-1,213.0,263.0,-50.0,4-5-0,L1
21,2002,Northwest,1,Colorado Avalanche,82.0,42.0,19.0,8.0,105.0,,,0.0,0.0,21-9-3,21-10-5,251.0,194.0,57.0,7-1-1,W2
22,2002,Northwest,2,Vancouver Canucks,82.0,45.0,23.0,1.0,104.0,,,0.0,0.0,22-13-0,23-10-1,264.0,208.0,56.0,5-4-0,L1
23,2002,Northwest,3,Minnesota Wild,82.0,42.0,29.0,1.0,95.0,,,0.0,0.0,25-13-0,17-16-1,198.0,178.0,20.0,6-4-0,W1
24,2002,Northwest,4,Edmonton Oilers,82.0,36.0,26.0,9.0,92.0,,,0.0,0.0,20-12-4,16-14-5,231.0,230.0,1.0,5-1-1,L1
25,2002,Northwest,5,Calgary Flames,82.0,29.0,36.0,4.0,75.0,,,0.0,0.0,14-16-1,15-20-3,186.0,228.0,-42.0,5-3-0,W2
26,2002,Pacific,1,Dallas Stars,82.0,46.0,17.0,4.0,111.0,,,0.0,0.0,28-5-2,18-12-2,245.0,169.0,76.0,7-1-2,W4
27,2002,Pacific,2,Anaheim Ducks,82.0,40.0,27.0,6.0,95.0,,,0.0,0.0,22-10-2,18-17-4,203.0,193.0,10.0,5-2-2,L2
28,2002,Pacific,3,Los Angeles Kings,82.0,33.0,37.0,6.0,78.0,,,0.0,0.0,19-19-1,14-18-5,203.0,221.0,-18.0,3-4-2,W1
29,2002,Pacific,4,Phoenix Coyotes,82.0,31.0,35.0,5.0,78.0,,,0.0,0.0,17-16-2,14-19-3,204.0,230.0,-26.0,2-5-1,L1
30,2002,Pacific,5,San Jose Sharks,82.0,28.0,37.0,8.0,73.0,,,0.0,0.0,17-16-3,11-21-5,214.0,239.0,-25.0,2-4-1,L3
1,2001,Atlantic,1,Philadelphia Flyers,82.0,42.0,27.0,3.0,97.0,,,0.0,0.0,20-13-3,22-14-0,234.0,192.0,42.0,2-7-0,L1
2,2001,Atlantic,2,New York Islanders,82.0,42.0,28.0,4.0,96.0,,,0.0,0.0,21-13-2,21-15-2,239.0,220.0,19.0,7-2-0,W3
3,2001,Atlantic,3,New Jersey Devils,82.0,41.0,28.0,4.0,95.0,,,0.0,0.0,22-13-2,19-15-2,205.0,187.0,18.0,8-2-0,W6
4,2001,Atlantic,4,New York Rangers,82.0,36.0,38.0,4.0,80.0,,,0.0,0.0,19-19-1,17-19-3,227.0,258.0,-31.0,5-5-0,L2
5,2001,Atlantic,5,Pittsburgh Penguins,82.0,28.0,41.0,5.0,69.0,,,0.0,0.0,16-20-1,12-21-4,198.0,249.0,-51.0,0-8-1,L2
6,2001,Northeast,1,Boston Bruins,82.0,43.0,24.0,9.0,101.0,,,0.0,0.0,23-11-5,20-13-4,236.0,201.0,35.0,4-3-2,W1
7,2001,Northeast,2,Toronto Maple Leafs,82.0,43.0,25.0,4.0,100.0,,,0.0,0.0,24-11-0,19-14-4,249.0,207.0,42.0,6-3-0,W4
8,2001,Northeast,3,Ottawa Senators,82.0,39.0,27.0,7.0,94.0,,,0.0,0.0,21-13-4,18-14-3,243.0,208.0,35.0,4-4-1,L1
9,2001,Northeast,4,Montreal Canadiens,82.0,36.0,31.0,3.0,87.0,,,0.0,0.0,21-13-1,15-18-2,207.0,209.0,-2.0,7-3-0,L2
10,2001,Northeast,5,Buffalo Sabres,82.0,35.0,35.0,1.0,82.0,,,0.0,0.0,20-16-0,15-19-1,213.0,200.0,13.0,5-3-0,W1
11,2001,Southeast,1,Carolina Hurricanes,82.0,35.0,26.0,5.0,91.0,,,0.0,0.0,15-13-2,20-13-3,217.0,217.0,0.0,5-3-0,L1
12,2001,Southeast,2,Washington Capitals,82.0,36.0,33.0,2.0,85.0,,,0.0,0.0,21-12-2,15-21-0,228.0,240.0,-12.0,6-2-1,L1
13,2001,Southeast,3,Tampa Bay Lightning,82.0,27.0,40.0,4.0,69.0,,,0.0,0.0,16-17-3,11-23-1,178.0,219.0,-41.0,2-7-0,W1
14,2001,Southeast,4,Florida Panthers,82.0,22.0,44.0,6.0,60.0,,,0.0,0.0,11-23-4,11-21-2,180.0,250.0,-70.0,3-3-1,L2
15,2001,Southeast,5,Atlanta Thrashers,82.0,19.0,47.0,5.0,54.0,,,0.0,0.0,11-21-0,8-26-5,187.0,288.0,-101.0,1-5-1,L1
16,2001,Central,1,Detroit Red Wings,82.0,51.0,17.0,4.0,116.0,,,0.0,0.0,28-7-1,23-10-3,251.0,187.0,64.0,1-3-2,L2
17,2001,Central,2,St. Louis Blues,82.0,43.0,27.0,4.0,98.0,,,0.0,0.0,27-12-1,16-15-3,227.0,188.0,39.0,8-2-0,W4
18,2001,Central,3,Chicago Blackhawks,82.0,41.0,27.0,1.0,96.0,,,0.0,0.0,28-7-1,13-20-0,216.0,207.0,9.0,5-4-0,W1
19,2001,Central,4,Nashville Predators,82.0,28.0,41.0,0.0,69.0,,,0.0,0.0,17-16-0,11-25-0,196.0,230.0,-34.0,2-7-0,L3
20,2001,Central,5,Columbus Blue Jackets,82.0,22.0,47.0,5.0,57.0,,,0.0,0.0,14-18-4,8-29-1,164.0,255.0,-91.0,2-7-1,L1
21,2001,Northwest,1,Colorado Avalanche,82.0,45.0,28.0,1.0,99.0,,,0.0,0.0,24-12-1,21-16-0,212.0,169.0,43.0,5-4-0,L1
22,2001,Northwest,2,Vancouver Canucks,82.0,42.0,30.0,3.0,94.0,,,0.0,0.0,23-11-2,19-19-1,254.0,211.0,43.0,8-1-0,W5
23,2001,Northwest,3,Edmonton Oilers,82.0,38.0,28.0,4.0,92.0,,,0.0,0.0,23-14-0,15-14-4,205.0,182.0,23.0,6-2-1,W1
24,2001,Northwest,4,Calgary Flames,82.0,32.0,35.0,3.0,79.0,,,0.0,0.0,20-14-2,12-21-1,201.0,220.0,-19.0,5-4-0,L1
25,2001,Northwest,5,Minnesota Wild,82.0,26.0,35.0,9.0,73.0,,,0.0,0.0,14-14-5,12-21-4,195.0,238.0,-43.0,2-5-2,L2
26,2001,Pacific,1,San Jose Sharks,82.0,44.0,27.0,3.0,99.0,,,0.0,0.0,25-11-2,19-16-1,248.0,199.0,49.0,7-3-0,W1
27,2001,Pacific,2,Phoenix Coyotes,82.0,40.0,27.0,6.0,95.0,,,0.0,0.0,27-8-3,13-19-3,228.0,210.0,18.0,6-3-1,W2
28,2001,Pacific,3,Los Angeles Kings,82.0,40.0,27.0,4.0,95.0,,,0.0,0.0,22-12-1,18-15-3,214.0,190.0,24.0,4-4-0,W1
29,2001,Pacific,4,Dallas Stars,82.0,36.0,28.0,5.0,90.0,,,0.0,0.0,18-13-4,18-15-1,215.0,213.0,2.0,3-3-1,L1
30,2001,Pacific,5,Anaheim Ducks,82.0,29.0,42.0,3.0,69.0,,,0.0,0.0,15-19-2,14-23-1,175.0,198.0,-23.0,4-5-0,L2
1,2000,Atlantic,1,New Jersey Devils,82.0,48.0,19.0,3.0,111.0,,,0.0,0.0,24-11-0,24-8-3,295.0,195.0,100.0,8-2-0,W4
2,2000,Atlantic,2,Philadelphia Flyers,82.0,43.0,25.0,3.0,100.0,,,0.0,0.0,26-11-0,17-14-3,240.0,207.0,33.0,4-4-1,W2
3,2000,Atlantic,3,Pittsburgh Penguins,82.0,42.0,28.0,3.0,96.0,,,0.0,0.0,24-15-0,18-13-3,281.0,256.0,25.0,6-2-1,W1
4,2000,Atlantic,4,New York Rangers,82.0,33.0,43.0,1.0,72.0,,,0.0,0.0,17-20-1,16-23-0,250.0,290.0,-40.0,5-5-0,L1
5,2000,Atlantic,5,New York Islanders,82.0,21.0,51.0,3.0,52.0,,,0.0,0.0,12-27-1,9-24-2,185.0,268.0,-83.0,2-7-0,L3
6,2000,Northeast,1,Ottawa Senators,82.0,48.0,21.0,4.0,109.0,,,0.0,0.0,26-7-3,22-14-1,274.0,205.0,69.0,7-1-1,W2
7,2000,Northeast,2,Buffalo Sabres,82.0,46.0,30.0,1.0,98.0,,,0.0,0.0,26-12-0,20-18-1,218.0,184.0,34.0,6-4-0,L1
8,2000,Northeast,3,Toronto Maple Leafs,82.0,37.0,29.0,5.0,90.0,,,0.0,0.0,19-11-4,18-18-1,232.0,207.0,25.0,5-5-0,L1
9,2000,Northeast,4,Boston Bruins,82.0,36.0,30.0,8.0,88.0,,,0.0,0.0,21-12-3,15-18-5,227.0,249.0,-22.0,7-2-1,W1
10,2000,Northeast,5,Montreal Canadiens,82.0,28.0,40.0,6.0,70.0,,,0.0,0.0,15-20-2,13-20-4,206.0,232.0,-26.0,4-2-2,L1
11,2000,Southeast,1,Washington Capitals,82.0,41.0,27.0,4.0,96.0,,,0.0,0.0,24-9-2,17-18-2,233.0,211.0,22.0,4-4-2,W1
12,2000,Southeast,2,Carolina Hurricanes,82.0,38.0,32.0,3.0,88.0,,,0.0,0.0,23-15-0,15-17-3,212.0,225.0,-13.0,5-4-0,L1
13,2000,Southeast,3,Florida Panthers,82.0,22.0,38.0,9.0,66.0,,,0.0,0.0,12-18-4,10-20-5,200.0,246.0,-46.0,4-4-0,W1
14,2000,Southeast,4,Atlanta Thrashers,82.0,23.0,45.0,2.0,60.0,,,0.0,0.0,10-23-2,13-22-0,211.0,289.0,-78.0,3-7-0,L2
15,2000,Southeast,5,Tampa Bay Lightning,82.0,24.0,47.0,5.0,59.0,,,0.0,0.0,17-19-2,7-28-3,201.0,280.0,-79.0,2-7-1,L4
16,2000,Central,1,Detroit Red Wings,82.0,49.0,20.0,4.0,111.0,,,0.0,0.0,27-9-2,22-11-2,253.0,202.0,51.0,7-3-0,W2
17,2000,Central,2,St. Louis Blues,82.0,43.0,22.0,5.0,103.0,,,0.0,0.0,28-5-3,15-17-2,249.0,195.0,54.0,3-4-1,W2
18,2000,Central,3,Nashville Predators,82.0,34.0,36.0,3.0,80.0,,,0.0,0.0,16-18-0,18-18-3,186.0,200.0,-14.0,6-3-0,L1
19,2000,Central,4,Chicago Blackhawks,82.0,29.0,40.0,5.0,71.0,,,0.0,0.0,14-21-2,15-19-3,210.0,246.0,-36.0,0-7-2,L4
20,2000,Central,5,Columbus Blue Jackets,82.0,28.0,39.0,6.0,71.0,,,0.0,0.0,19-15-3,9-24-3,190.0,233.0,-43.0,4-5-0,W1
21,2000,Northwest,1,Colorado Avalanche,82.0,52.0,16.0,4.0,118.0,,,0.0,0.0,28-6-2,24-10-2,270.0,192.0,78.0,6-3-0,W1
22,2000,Northwest,2,Edmonton Oilers,82.0,39.0,28.0,3.0,93.0,,,0.0,0.0,23-9-2,16-19-1,243.0,222.0,21.0,4-4-0,W1
23,2000,Northwest,3,Vancouver Canucks,82.0,36.0,28.0,7.0,90.0,,,0.0,0.0,21-12-3,15-16-4,239.0,238.0,1.0,2-5-0,L1
24,2000,Northwest,4,Calgary Flames,82.0,27.0,36.0,4.0,73.0,,,0.0,0.0,12-18-2,15-18-2,197.0,236.0,-39.0,4-5-0,L2
25,2000,Northwest,5,Minnesota Wild,82.0,25.0,39.0,5.0,68.0,,,0.0,0.0,14-13-4,11-26-1,168.0,210.0,-42.0,1-6-0,L1
26,2000,Pacific,1,Dallas Stars,82.0,48.0,24.0,2.0,106.0,,,0.0,0.0,26-10-0,22-14-2,241.0,187.0,54.0,8-0-0,W2
27,2000,Pacific,2,San Jose Sharks,82.0,40.0,27.0,3.0,95.0,,,0.0,0.0,22-14-1,18-13-2,217.0,192.0,25.0,5-3-1,W1
28,2000,Pacific,3,Los Angeles Kings,82.0,38.0,28.0,3.0,92.0,,,0.0,0.0,20-12-1,18-16-2,252.0,228.0,24.0,4-1-2,W1
29,2000,Pacific,4,Phoenix Coyotes,82.0,35.0,27.0,3.0,90.0,,,0.0,0.0,21-11-2,14-16-1,214.0,212.0,2.0,4-3-1,W1
30,2000,Pacific,5,Anaheim Ducks,82.0,25.0,41.0,5.0,66.0,,,0.0,0.0,15-20-2,10-21-3,188.0,245.0,-57.0,2-5-0,L2
1,1999,Atlantic,1,New York Islanders,82.0,24.0,48.0,1.0,58.0,,,0.0,0.0,10-25-1,14-23-0,194.0,275.0,-81.0,3-6-0,W1
2,1999,Atlantic,2,New Jersey Devils,82.0,45.0,24.0,5.0,103.0,,,0.0,0.0,28-9-1,17-15-4,251.0,203.0,48.0,5-5-0,W1
3,1999,Atlantic,3,Philadelphia Flyers,82.0,45.0,22.0,3.0,105.0,,,0.0,0.0,25-6-3,20-16-0,237.0,179.0,58.0,7-2-1,W4
4,1999,Atlantic,4,New York Rangers,82.0,29.0,38.0,3.0,73.0,,,0.0,0.0,15-20-1,14-18-2,218.0,246.0,-28.0,1-8-0,L3
5,1999,Atlantic,5,Pittsburgh Penguins,82.0,37.0,31.0,6.0,88.0,,,0.0,0.0,23-11-0,14-20-6,241.0,236.0,5.0,7-3-0,L1
6,1999,Northeast,1,Buffalo Sabres,82.0,35.0,32.0,4.0,85.0,,,0.0,0.0,21-14-1,14-18-3,213.0,204.0,9.0,7-1-1,L1
7,1999,Northeast,2,Ottawa Senators,82.0,41.0,28.0,2.0,95.0,,,0.0,0.0,24-10-2,17-18-0,244.0,210.0,34.0,5-5-0,W2
8,1999,Northeast,3,Montreal Canadiens,82.0,35.0,34.0,4.0,83.0,,,0.0,0.0,18-17-1,17-17-3,196.0,194.0,2.0,4-4-1,L1
9,1999,Northeast,4,Toronto Maple Leafs,82.0,45.0,27.0,3.0,100.0,,,0.0,0.0,24-12-0,21-15-3,246.0,222.0,24.0,5-5-0,W2
10,1999,Northeast,5,Boston Bruins,82.0,24.0,33.0,6.0,73.0,,,0.0,0.0,12-17-1,12-16-5,210.0,248.0,-38.0,2-6-0,W1
11,1999,Southeast,1,Washington Capitals,82.0,44.0,24.0,2.0,102.0,,,0.0,0.0,26-5-2,18-19-0,227.0,194.0,33.0,5-3-1,L1
12,1999,Southeast,2,Tampa Bay Lightning,82.0,19.0,47.0,7.0,54.0,,,0.0,0.0,13-20-4,6-27-3,204.0,310.0,-106.0,2-7-0,L3
13,1999,Southeast,3,Carolina Hurricanes,82.0,37.0,35.0,0.0,84.0,,,0.0,0.0,20-16-0,17-19-0,217.0,216.0,1.0,7-3-0,W2
14,1999,Southeast,4,Florida Panthers,82.0,43.0,27.0,6.0,98.0,,,0.0,0.0,26-9-2,17-18-4,244.0,209.0,35.0,6-2-1,L2
15,1999,Southeast,5,Atlanta Thrashers,82.0,14.0,57.0,4.0,39.0,,,0.0,0.0,9-26-3,5-31-1,170.0,313.0,-143.0,1-9-0,L4
16,1999,Central,1,Columbus Blue Jackets,0.0,0.0,0.0,0.0,0.0,,,0.0,0.0,0-0-0,0-0-0,0.0,0.0,0.0,0-0-0,-
17,1999,Central,2,Detroit Red Wings,82.0,48.0,22.0,2.0,108.0,,,0.0,0.0,28-9-1,20-13-1,278.0,210.0,68.0,5-3-0,L2
18,1999,Central,3,Chicago Blackhawks,82.0,33.0,37.0,2.0,78.0,,,0.0,0.0,16-19-1,17-18-1,242.0,245.0,-3.0,5-3-0,W3
19,1999,Central,4,St. Louis Blues,82.0,51.0,19.0,1.0,114.0,,,0.0,0.0,24-9-1,27-10-0,248.0,165.0,83.0,5-2-1,L2
20,1999,Central,5,Nashville Predators,82.0,28.0,40.0,7.0,70.0,,,0.0,0.0,15-21-2,13-19-5,199.0,240.0,-41.0,3-7-0,L3
21,1999,Northwest,1,Minnesota Wild,0.0,0.0,0.0,0.0,0.0,,,0.0,0.0,0-0-0,0-0-0,0.0,0.0,0.0,0-0-0,-
22,1999,Northwest,2,Vancouver Canucks,82.0,30.0,28.0,9.0,84.0,,,0.0,0.0,16-13-7,14-15-2,227.0,237.0,-10.0,5-3-1,W1
23,1999,Northwest,3,Edmonton Oilers,82.0,32.0,26.0,8.0,88.0,,,0.0,0.0,18-11-3,14-15-5,226.0,212.0,14.0,5-5-0,W2
24,1999,Northwest,4,Colorado Avalanche,82.0,42.0,28.0,1.0,96.0,,,0.0,0.0,25-12-0,17-16-1,233.0,201.0,32.0,8-2-0,W8
25,1999,Northwest,5,Calgary Flames,82.0,31.0,36.0,5.0,77.0,,,0.0,0.0,20-14-1,11-22-4,211.0,256.0,-45.0,3-5-0,L3
26,1999,Pacific,1,Phoenix Coyotes,82.0,39.0,31.0,4.0,90.0,,,0.0,0.0,22-16-1,17-15-3,232.0,228.0,4.0,4-3-2,L1
27,1999,Pacific,2,Dallas Stars,82.0,43.0,23.0,6.0,102.0,,,0.0,0.0,21-11-4,22-12-2,211.0,184.0,27.0,4-2-2,L1
28,1999,Pacific,3,Anaheim Ducks,82.0,34.0,33.0,3.0,83.0,,,0.0,0.0,19-13-2,15-20-1,217.0,227.0,-10.0,5-4-1,L1
29,1999,Pacific,4,San Jose Sharks,82.0,35.0,30.0,7.0,87.0,,,0.0,0.0,21-14-3,14-16-4,225.0,214.0,11.0,5-4-0,L1
30,1999,Pacific,5,Los Angeles Kings,82.0,39.0,27.0,4.0,94.0,,,0.0,0.0,21-13-2,18-14-2,245.0,228.0,17.0,5-2-0,W2
1,1998,Atlantic,1,New Jersey Devils,82.0,47.0,23.0,1.0,106.0,,,0.0,0.0,19-13-1,28-10-0,248.0,196.0,52.0,8-2-0,W3
2,1998,Atlantic,2,Philadelphia Flyers,82.0,37.0,23.0,3.0,96.0,,,0.0,0.0,21-8-1,16-15-2,231.0,196.0,35.0,4-2-2,W1
3,1998,Atlantic,3,Pittsburgh Penguins,82.0,38.0,29.0,1.0,91.0,,,0.0,0.0,21-10-0,17-19-1,242.0,225.0,17.0,2-6-1,W1
4,1998,Atlantic,4,New York Rangers,82.0,33.0,35.0,3.0,80.0,,,0.0,0.0,17-17-2,16-18-1,217.0,227.0,-10.0,3-5-1,L1
5,1998,Atlantic,5,New York Islanders,82.0,24.0,42.0,6.0,64.0,,,0.0,0.0,11-19-4,13-23-2,194.0,244.0,-50.0,4-4-1,W1
6,1998,Northeast,1,Ottawa Senators,82.0,44.0,21.0,2.0,105.0,,,0.0,0.0,22-11-0,22-10-2,239.0,179.0,60.0,3-2-0,L2
7,1998,Northeast,2,Toronto Maple Leafs,82.0,45.0,29.0,1.0,98.0,,,0.0,0.0,23-13-0,22-16-1,268.0,231.0,37.0,6-2-0,L1
8,1998,Northeast,3,Buffalo Sabres,82.0,37.0,25.0,3.0,94.0,,,0.0,0.0,23-10-2,14-15-1,207.0,175.0,32.0,4-3-1,W1
9,1998,Northeast,4,Boston Bruins,82.0,39.0,28.0,2.0,93.0,,,0.0,0.0,22-9-1,17-19-1,214.0,181.0,33.0,7-2-1,L1
10,1998,Northeast,5,Montreal Canadiens,82.0,32.0,35.0,4.0,79.0,,,0.0,0.0,21-14-1,11-21-3,184.0,209.0,-25.0,3-5-1,W1
11,1998,Southeast,1,Carolina Hurricanes,82.0,34.0,25.0,5.0,91.0,,,0.0,0.0,20-10-2,14-15-3,210.0,202.0,8.0,3-3-0,L2
12,1998,Southeast,2,Florida Panthers,82.0,30.0,32.0,2.0,80.0,,,0.0,0.0,17-16-1,13-16-1,210.0,228.0,-18.0,3-7-0,W3
13,1998,Southeast,3,Washington Capitals,82.0,31.0,42.0,3.0,71.0,,,0.0,0.0,16-21-2,15-21-1,200.0,218.0,-18.0,2-8-0,L6
14,1998,Southeast,4,Tampa Bay Lightning,82.0,19.0,52.0,2.0,49.0,,,0.0,0.0,12-25-0,7-27-2,179.0,292.0,-113.0,2-5-0,L1
15,1998,Southeast,5,Atlanta Thrashers,0.0,0.0,0.0,0.0,0.0,,,0.0,0.0,0-0-0,0-0-0,0.0,0.0,0.0,0-0-0,-
16,1998,Central,1,Detroit Red Wings,82.0,43.0,31.0,1.0,94.0,,,0.0,0.0,27-11-1,16-20-0,245.0,202.0,43.0,7-2-0,L1
17,1998,Central,2,St. Louis Blues,82.0,37.0,31.0,1.0,88.0,,,0.0,0.0,18-17-0,19-14-1,237.0,209.0,28.0,6-2-0,W3
18,1998,Central,3,Chicago Blackhawks,82.0,29.0,39.0,2.0,72.0,,,0.0,0.0,20-15-2,9-24-0,202.0,248.0,-46.0,8-1-0,W6
19,1998,Central,4,Nashville Predators,82.0,28.0,45.0,2.0,65.0,,,0.0,0.0,15-21-1,13-24-1,190.0,261.0,-71.0,3-7-0,L4
20,1998,Northwest,1,Colorado Avalanche,82.0,44.0,28.0,0.0,98.0,,,0.0,0.0,21-14-0,23-14-0,239.0,205.0,34.0,7-2-0,W1
21,1998,Northwest,2,Edmonton Oilers,82.0,33.0,32.0,5.0,83.0,,,0.0,0.0,17-15-4,16-17-1,230.0,226.0,4.0,6-3-0,W3
22,1998,Northwest,3,Calgary Flames,82.0,30.0,39.0,1.0,73.0,,,0.0,0.0,15-19-1,15-20-0,211.0,234.0,-23.0,2-7-0,L1
23,1998,Northwest,4,Vancouver Canucks,82.0,23.0,46.0,1.0,59.0,,,0.0,0.0,14-21-0,9-25-1,192.0,258.0,-66.0,3-6-0,L1
24,1998,Pacific,1,Dallas Stars,82.0,51.0,18.0,1.0,115.0,,,0.0,0.0,29-8-0,22-10-1,236.0,168.0,68.0,6-4-0,L2
25,1998,Pacific,2,Phoenix Coyotes,82.0,39.0,30.0,1.0,91.0,,,0.0,0.0,23-12-1,16-18-0,205.0,197.0,8.0,4-6-0,W1
26,1998,Pacific,3,Anaheim Ducks,82.0,35.0,31.0,3.0,86.0,,,0.0,0.0,21-12-2,14-19-1,215.0,206.0,9.0,2-5-1,L1
27,1998,Pacific,4,San Jose Sharks,82.0,31.0,31.0,2.0,82.0,,,0.0,0.0,17-13-2,14-18-0,196.0,191.0,5.0,4-4-1,L1
28,1998,Pacific,5,Los Angeles Kings,82.0,32.0,43.0,2.0,71.0,,,0.0,0.0,18-19-1,14-24-1,189.0,222.0,-33.0,5-5-0,L1
1,1997,Atlantic,1,New Jersey Devils,82.0,48.0,20.0,3.0,110.0,,,0.0,0.0,29-8-2,19-12-1,225.0,166.0,59.0,3-5-0,L1
2,1997,Atlantic,2,Pittsburgh Penguins,82.0,40.0,22.0,2.0,100.0,,,0.0,0.0,21-9-1,19-13-1,228.0,188.0,40.0,4-4-0,W3
3,1997,Atlantic,3,Philadelphia Flyers,82.0,42.0,28.0,1.0,96.0,,,0.0,0.0,24-10-1,18-18-0,242.0,193.0,49.0,5-5-0,L2
4,1997,Atlantic,4,New York Islanders,82.0,30.0,39.0,2.0,73.0,,,0.0,0.0,17-19-1,13-20-1,212.0,225.0,-13.0,6-3-0,W2
5,1997,Atlantic,5,New York Rangers,82.0,25.0,35.0,4.0,72.0,,,0.0,0.0,14-16-2,11-19-2,197.0,231.0,-34.0,3-6-0,W2
6,1997,Northeast,1,Boston Bruins,82.0,39.0,29.0,1.0,92.0,,,0.0,0.0,19-15-1,20-14-0,221.0,194.0,27.0,6-4-0,W1
7,1997,Northeast,2,Montreal Canadiens,82.0,37.0,28.0,4.0,91.0,,,0.0,0.0,15-16-1,22-12-3,235.0,208.0,27.0,3-3-0,L1
8,1997,Northeast,3,Buffalo Sabres,82.0,36.0,28.0,1.0,90.0,,,0.0,0.0,20-13-0,16-15-1,211.0,187.0,24.0,5-2-1,L1
9,1997,Northeast,4,Ottawa Senators,82.0,34.0,33.0,0.0,83.0,,,0.0,0.0,18-16-0,16-17-0,193.0,200.0,-7.0,6-2-0,W1
10,1997,Northeast,5,Toronto Maple Leafs,82.0,30.0,43.0,0.0,69.0,,,0.0,0.0,16-20-0,14-23-0,194.0,237.0,-43.0,4-6-0,W1
11,1997,Southeast,1,Washington Capitals,82.0,40.0,29.0,1.0,93.0,,,0.0,0.0,23-12-0,17-17-1,219.0,202.0,17.0,7-1-1,W4
12,1997,Southeast,2,Carolina Hurricanes,82.0,33.0,39.0,2.0,76.0,,,0.0,0.0,16-17-1,17-22-1,200.0,219.0,-19.0,4-6-0,L5
13,1997,Southeast,3,Florida Panthers,82.0,24.0,41.0,2.0,65.0,,,0.0,0.0,11-23-1,13-18-1,203.0,256.0,-53.0,3-4-0,L1
14,1997,Southeast,4,Tampa Bay Lightning,82.0,17.0,52.0,3.0,47.0,,,0.0,0.0,11-21-2,6-31-1,151.0,269.0,-118.0,0-9-0,L1
15,1997,Central,1,Detroit Red Wings,82.0,44.0,23.0,0.0,103.0,,,0.0,0.0,25-8-0,19-15-0,250.0,196.0,54.0,6-4-0,L3
16,1997,Central,2,St. Louis Blues,82.0,45.0,27.0,2.0,100.0,,,0.0,0.0,26-9-1,19-18-1,256.0,204.0,52.0,7-3-0,W3
17,1997,Central,3,Chicago Blackhawks,82.0,30.0,35.0,4.0,77.0,,,0.0,0.0,14-17-2,16-18-2,192.0,199.0,-7.0,1-7-1,L1
18,1997,Central,4,Nashville Predators,0.0,0.0,0.0,0.0,0.0,,,0.0,0.0,0-0-0,0-0-0,0.0,0.0,0.0,0-0-0,-
19,1997,Northwest,1,Colorado Avalanche,82.0,39.0,23.0,3.0,98.0,,,0.0,0.0,21-8-2,18-15-1,231.0,205.0,26.0,3-6-0,W2
20,1997,Northwest,2,Edmonton Oilers,82.0,35.0,35.0,2.0,82.0,,,0.0,0.0,20-15-1,15-20-1,215.0,224.0,-9.0,7-3-0,W4
21,1997,Northwest,3,Calgary Flames,82.0,26.0,38.0,3.0,70.0,,,0.0,0.0,18-16-1,8-22-2,217.0,252.0,-35.0,2-6-0,L1
22,1997,Northwest,4,Vancouver Canucks,82.0,25.0,40.0,3.0,67.0,,,0.0,0.0,15-20-2,10-20-1,224.0,273.0,-49.0,3-6-0,L3
23,1997,Pacific,1,Dallas Stars,82.0,49.0,21.0,1.0,110.0,,,0.0,0.0,26-8-0,23-13-1,242.0,167.0,75.0,6-4-0,W1
24,1997,Pacific,2,Los Angeles Kings,82.0,38.0,31.0,2.0,89.0,,,0.0,0.0,22-15-1,16-16-1,227.0,225.0,2.0,4-6-0,L2
25,1997,Pacific,3,Phoenix Coyotes,82.0,35.0,33.0,2.0,84.0,,,0.0,0.0,19-14-2,16-19-0,224.0,227.0,-3.0,7-3-0,L1
26,1997,Pacific,4,San Jose Sharks,82.0,34.0,36.0,2.0,80.0,,,0.0,0.0,17-18-1,17-18-1,210.0,216.0,-6.0,5-2-0,W1
27,1997,Pacific,5,Anaheim Ducks,82.0,26.0,39.0,4.0,69.0,,,0.0,0.0,12-22-1,14-17-3,205.0,261.0,-56.0,2-6-0,L1
1,1996,Atlantic,1,New Jersey Devils,82.0,45.0,21.0,2.0,106.0,,,0.0,0.0,23-8-1,22-13-1,231.0,182.0,49.0,6-3-0,L1
2,1996,Atlantic,2,Philadelphia Flyers,82.0,45.0,22.0,2.0,105.0,,,0.0,0.0,23-12-0,22-10-2,274.0,217.0,57.0,5-3-0,W1
3,1996,Atlantic,3,Florida Panthers,82.0,35.0,24.0,4.0,93.0,,,0.0,0.0,21-11-1,14-13-3,221.0,201.0,20.0,3-4-0,W2
4,1996,Atlantic,4,New York Rangers,82.0,38.0,34.0,0.0,86.0,,,0.0,0.0,21-14-0,17-20-0,258.0,231.0,27.0,5-4-0,L1
5,1996,Atlantic,5,Washington Capitals,82.0,33.0,38.0,2.0,77.0,,,0.0,0.0,19-17-0,14-21-2,214.0,231.0,-17.0,5-4-0,W3
6,1996,Atlantic,6,Tampa Bay Lightning,82.0,32.0,38.0,2.0,76.0,,,0.0,0.0,15-18-0,17-20-2,217.0,247.0,-30.0,4-3-0,L1
7,1996,Atlantic,7,New York Islanders,82.0,29.0,39.0,2.0,72.0,,,0.0,0.0,19-17-1,10-22-1,240.0,250.0,-10.0,4-5-0,L1
8,1996,Northeast,1,Buffalo Sabres,82.0,40.0,26.0,4.0,96.0,,,0.0,0.0,24-9-2,16-17-2,237.0,208.0,29.0,2-5-2,L2
9,1996,Northeast,2,Pittsburgh Penguins,82.0,38.0,32.0,4.0,88.0,,,0.0,0.0,25-8-3,13-24-1,285.0,280.0,5.0,4-5-0,L3
10,1996,Northeast,3,Montreal Canadiens,82.0,31.0,32.0,4.0,81.0,,,0.0,0.0,17-14-3,14-18-1,249.0,276.0,-27.0,5-4-0,L1
11,1996,Northeast,4,Carolina Hurricanes,82.0,32.0,35.0,4.0,79.0,,,0.0,0.0,23-14-1,9-21-3,226.0,256.0,-30.0,5-4-0,W1
12,1996,Northeast,5,Ottawa Senators,82.0,31.0,34.0,2.0,79.0,,,0.0,0.0,16-15-2,15-19-0,226.0,234.0,-8.0,7-3-0,W3
13,1996,Northeast,6,Boston Bruins,82.0,26.0,44.0,3.0,64.0,,,0.0,0.0,14-19-1,12-25-2,234.0,300.0,-66.0,2-8-0,W1
14,1996,Central,1,Dallas Stars,82.0,48.0,23.0,3.0,107.0,,,0.0,0.0,25-11-2,23-12-1,252.0,198.0,54.0,5-3-0,L2
15,1996,Central,2,Detroit Red Wings,82.0,38.0,24.0,2.0,96.0,,,0.0,0.0,20-11-1,18-13-1,253.0,197.0,56.0,4-2-1,L2
16,1996,Central,3,Phoenix Coyotes,82.0,38.0,33.0,4.0,87.0,,,0.0,0.0,15-16-3,23-17-1,240.0,243.0,-3.0,5-3-0,W1
17,1996,Central,4,Chicago Blackhawks,82.0,34.0,30.0,5.0,86.0,,,0.0,0.0,16-17-4,18-13-1,223.0,210.0,13.0,6-3-0,W2
18,1996,Central,5,St. Louis Blues,82.0,36.0,34.0,1.0,84.0,,,0.0,0.0,17-20-0,19-14-1,236.0,239.0,-3.0,5-3-0,W3
19,1996,Central,6,Toronto Maple Leafs,82.0,30.0,43.0,1.0,69.0,,,0.0,0.0,18-20-0,12-23-1,230.0,273.0,-43.0,4-4-0,W1
20,1996,Pacific,1,Colorado Avalanche,82.0,49.0,21.0,3.0,110.0,,,0.0,0.0,26-10-0,23-11-3,277.0,205.0,72.0,4-4-2,L1
21,1996,Pacific,2,Edmonton Oilers,82.0,36.0,31.0,6.0,87.0,,,0.0,0.0,21-13-3,15-18-3,252.0,247.0,5.0,3-5-0,L2
22,1996,Pacific,3,Anaheim Ducks,82.0,36.0,33.0,0.0,85.0,,,0.0,0.0,23-12-0,13-21-0,245.0,233.0,12.0,6-2-0,W3
23,1996,Pacific,4,Vancouver Canucks,82.0,35.0,38.0,2.0,79.0,,,0.0,0.0,20-16-1,15-22-1,257.0,273.0,-16.0,6-1-0,W3
24,1996,Pacific,5,Calgary Flames,82.0,32.0,37.0,4.0,77.0,,,0.0,0.0,21-15-3,11-22-1,214.0,239.0,-25.0,2-5-2,L4
25,1996,Pacific,6,Los Angeles Kings,82.0,28.0,40.0,3.0,70.0,,,0.0,0.0,18-15-1,10-25-2,214.0,268.0,-54.0,3-5-0,W2
26,1996,Pacific,7,San Jose Sharks,82.0,27.0,46.0,1.0,63.0,,,0.0,0.0,14-23-0,13-23-1,211.0,278.0,-67.0,3-6-0,L2
1,1995,Atlantic,1,Philadelphia Flyers,82.0,45.0,21.0,3.0,106.0,,,0.0,0.0,27-8-1,18-13-2,282.0,208.0,74.0,8-2-0,W3
2,1995,Atlantic,2,New York Rangers,82.0,41.0,26.0,1.0,97.0,,,0.0,0.0,22-10-0,19-16-1,272.0,237.0,35.0,4-6-0,L5
3,1995,Atlantic,3,Florida Panthers,82.0,41.0,28.0,3.0,95.0,,,0.0,0.0,25-9-3,16-19-0,254.0,234.0,20.0,3-6-0,W1
4,1995,Atlantic,4,Tampa Bay Lightning,82.0,38.0,29.0,3.0,91.0,,,0.0,0.0,22-11-3,16-18-0,238.0,248.0,-10.0,5-4-0,L1
5,1995,Atlantic,5,Washington Capitals,82.0,39.0,31.0,1.0,90.0,,,0.0,0.0,21-14-1,18-17-0,234.0,204.0,30.0,6-3-0,L2
6,1995,Atlantic,6,New Jersey Devils,82.0,37.0,33.0,0.0,86.0,,,0.0,0.0,22-17-0,15-16-0,215.0,202.0,13.0,4-5-0,L1
7,1995,Atlantic,7,New York Islanders,82.0,22.0,45.0,5.0,59.0,,,0.0,0.0,14-19-2,8-26-3,229.0,315.0,-86.0,2-6-0,L2
8,1995,Northeast,1,Pittsburgh Penguins,82.0,49.0,27.0,2.0,104.0,,,0.0,0.0,32-7-2,17-20-0,362.0,284.0,78.0,6-4-0,L1
9,1995,Northeast,2,Boston Bruins,82.0,40.0,25.0,6.0,97.0,,,0.0,0.0,22-11-3,18-14-3,282.0,269.0,13.0,6-1-1,W1
10,1995,Northeast,3,Montreal Canadiens,82.0,40.0,29.0,3.0,93.0,,,0.0,0.0,23-10-2,17-19-1,265.0,248.0,17.0,4-3-1,L1
11,1995,Northeast,4,Hartford Whalers,82.0,34.0,36.0,3.0,80.0,,,0.0,0.0,22-14-1,12-22-2,237.0,259.0,-22.0,4-5-1,L1
12,1995,Northeast,5,Buffalo Sabres,82.0,33.0,36.0,6.0,79.0,,,0.0,0.0,19-15-2,14-21-4,247.0,262.0,-15.0,5-4-1,W3
13,1995,Northeast,6,Ottawa Senators,82.0,18.0,56.0,3.0,44.0,,,0.0,0.0,8-25-3,10-31-0,191.0,291.0,-100.0,3-6-0,W1
14,1995,Central,1,Detroit Red Wings,82.0,62.0,12.0,1.0,132.0,,,0.0,0.0,36-3-0,26-9-1,325.0,181.0,144.0,7-1-0,W4
15,1995,Central,2,Chicago Blackhawks,82.0,40.0,24.0,4.0,98.0,,,0.0,0.0,22-12-1,18-12-3,273.0,220.0,53.0,3-4-0,L1
16,1995,Central,3,Toronto Maple Leafs,82.0,34.0,34.0,2.0,82.0,,,0.0,0.0,19-13-2,15-21-0,247.0,252.0,-5.0,6-3-1,W1
17,1995,Central,4,St. Louis Blues,82.0,32.0,33.0,1.0,81.0,,,0.0,0.0,15-16-1,17-17-0,219.0,248.0,-29.0,1-5-0,L1
18,1995,Central,5,Phoenix Coyotes,82.0,36.0,40.0,0.0,78.0,,,0.0,0.0,22-16-0,14-24-0,275.0,291.0,-16.0,6-3-0,L1
19,1995,Central,6,Dallas Stars,82.0,26.0,42.0,0.0,66.0,,,0.0,0.0,14-18-0,12-24-0,227.0,280.0,-53.0,3-6-0,L2
20,1995,Pacific,1,Colorado Avalanche,82.0,47.0,22.0,3.0,107.0,,,0.0,0.0,24-8-2,23-14-1,326.0,240.0,86.0,6-3-1,L1
21,1995,Pacific,2,Vancouver Canucks,82.0,32.0,31.0,4.0,83.0,,,0.0,0.0,15-17-2,17-14-2,278.0,278.0,0.0,5-5-0,W1
22,1995,Pacific,3,Calgary Flames,82.0,34.0,34.0,3.0,82.0,,,0.0,0.0,18-16-2,16-18-1,241.0,240.0,1.0,4-5-1,L1
23,1995,Pacific,4,Anaheim Ducks,82.0,35.0,37.0,2.0,80.0,,,0.0,0.0,22-13-2,13-24-0,234.0,247.0,-13.0,6-3-0,W2
24,1995,Pacific,5,Edmonton Oilers,82.0,30.0,42.0,2.0,70.0,,,0.0,0.0,15-20-1,15-22-1,240.0,304.0,-64.0,3-6-0,L5
25,1995,Pacific,6,Los Angeles Kings,82.0,24.0,38.0,2.0,68.0,,,0.0,0.0,16-15-1,8-23-1,256.0,302.0,-46.0,3-4-0,W1
26,1995,Pacific,7,San Jose Sharks,82.0,20.0,54.0,1.0,48.0,,,0.0,0.0,12-25-1,8-29-0,252.0,357.0,-105.0,4-6-0,L4
1,1994,Atlantic,1,Philadelphia Flyers,48.0,28.0,15.0,1.0,61.0,,,0.0,0.0,16-6-1,12-9-0,150.0,132.0,18.0,7-3-0,W1
2,1994,Atlantic,2,New Jersey Devils,48.0,22.0,16.0,2.0,54.0,,,0.0,0.0,14-3-1,8-13-1,136.0,121.0,15.0,5-3-1,L1
3,1994,Atlantic,3,Washington Capitals,48.0,22.0,17.0,1.0,53.0,,,0.0,0.0,15-5-1,7-12-0,136.0,120.0,16.0,6-3-0,W1
4,1994,Atlantic,4,Florida Panthers,48.0,20.0,19.0,3.0,49.0,,,0.0,0.0,9-10-2,11-9-1,115.0,127.0,-12.0,6-3-0,W2
5,1994,Atlantic,5,New York Rangers,48.0,22.0,23.0,0.0,47.0,,,0.0,0.0,11-10-0,11-13-0,139.0,134.0,5.0,6-4-0,L1
6,1994,Atlantic,6,Tampa Bay Lightning,48.0,17.0,26.0,2.0,39.0,,,0.0,0.0,10-13-1,7-13-1,120.0,144.0,-24.0,2-8-0,L6
7,1994,Atlantic,7,New York Islanders,48.0,15.0,27.0,1.0,36.0,,,0.0,0.0,10-11-0,5-16-1,126.0,158.0,-32.0,3-7-0,L2
8,1994,Northeast,1,Pittsburgh Penguins,48.0,29.0,15.0,1.0,62.0,,,0.0,0.0,18-5-0,11-10-1,181.0,158.0,23.0,4-4-1,L3
9,1994,Northeast,2,Boston Bruins,48.0,27.0,15.0,3.0,60.0,,,0.0,0.0,15-6-1,12-9-2,150.0,127.0,23.0,8-2-0,W3
10,1994,Northeast,3,Buffalo Sabres,48.0,22.0,18.0,1.0,52.0,,,0.0,0.0,15-8-0,7-10-1,130.0,119.0,11.0,6-3-0,W2
11,1994,Northeast,4,Montreal Canadiens,48.0,18.0,21.0,2.0,45.0,,,0.0,0.0,15-5-0,3-16-2,125.0,148.0,-23.0,3-4-1,L2
12,1994,Northeast,5,Hartford Whalers,48.0,19.0,24.0,0.0,43.0,,,0.0,0.0,12-10-0,7-14-0,127.0,141.0,-14.0,3-7-0,L3
13,1994,Northeast,6,Ottawa Senators,48.0,9.0,33.0,1.0,24.0,,,0.0,0.0,5-15-1,4-18-0,117.0,174.0,-57.0,5-5-0,W1
14,1994,Central,1,Detroit Red Wings,48.0,33.0,11.0,0.0,70.0,,,0.0,0.0,17-4-0,16-7-0,180.0,117.0,63.0,5-4-0,W1
15,1994,Central,2,St. Louis Blues,48.0,28.0,14.0,1.0,62.0,,,0.0,0.0,16-6-0,12-8-1,178.0,135.0,43.0,5-2-1,L1
16,1994,Central,3,Chicago Blackhawks,48.0,24.0,19.0,0.0,53.0,,,0.0,0.0,11-10-0,13-9-0,156.0,115.0,41.0,5-3-0,W5
17,1994,Central,4,Toronto Maple Leafs,48.0,21.0,19.0,0.0,50.0,,,0.0,0.0,15-7-0,6-12-0,135.0,146.0,-11.0,5-4-0,L1
18,1994,Central,5,Dallas Stars,48.0,17.0,22.0,1.0,43.0,,,0.0,0.0,9-10-0,8-12-1,136.0,135.0,1.0,3-5-0,L4
19,1994,Central,6,Winnipeg Jets,48.0,16.0,23.0,2.0,41.0,,,0.0,0.0,10-9-1,6-14-1,157.0,177.0,-20.0,4-5-0,L2
20,1994,Pacific,1,Colorado Avalanche,48.0,30.0,13.0,0.0,65.0,,,0.0,0.0,19-1-0,11-12-0,185.0,134.0,51.0,5-4-0,W1
21,1994,Pacific,2,Calgary Flames,48.0,24.0,16.0,1.0,56.0,,,0.0,0.0,15-6-1,9-10-0,163.0,135.0,28.0,5-3-0,W1
22,1994,Pacific,3,Vancouver Canucks,48.0,18.0,17.0,1.0,49.0,,,0.0,0.0,10-8-0,8-9-1,153.0,148.0,5.0,4-2-1,L1
23,1994,Pacific,4,San Jose Sharks,48.0,19.0,25.0,0.0,42.0,,,0.0,0.0,10-13-0,9-12-0,129.0,161.0,-32.0,4-4-0,L1
24,1994,Pacific,5,Los Angeles Kings,48.0,16.0,23.0,0.0,41.0,,,0.0,0.0,7-11-0,9-12-0,142.0,174.0,-32.0,3-5-0,L1
25,1994,Pacific,6,Edmonton Oilers,48.0,17.0,25.0,2.0,40.0,,,0.0,0.0,11-12-0,6-13-2,136.0,183.0,-47.0,4-5-0,L3
26,1994,Pacific,7,Anaheim Ducks,48.0,16.0,27.0,0.0,37.0,,,0.0,0.0,11-9-0,5-18-0,125.0,164.0,-39.0,3-6-0,W1
1,1993,Atlantic,1,New York Rangers,84.0,52.0,23.0,1.0,113.0,,,0.0,0.0,28-8-0,24-15-1,299.0,231.0,68.0,7-2-0,L1
2,1993,Atlantic,2,New Jersey Devils,84.0,47.0,24.0,1.0,107.0,,,0.0,0.0,29-10-1,18-14-0,306.0,220.0,86.0,5-4-0,W1
3,1993,Atlantic,3,Washington Capitals,84.0,39.0,33.0,2.0,90.0,,,0.0,0.0,17-15-1,22-18-1,277.0,263.0,14.0,5-3-1,W3
4,1993,Atlantic,4,Florida Panthers,84.0,33.0,29.0,5.0,88.0,,,0.0,0.0,15-14-4,18-15-1,233.0,233.0,0.0,2-4-0,W1
5,1993,Atlantic,5,New York Islanders,84.0,36.0,34.0,2.0,86.0,,,0.0,0.0,23-15-0,13-19-2,282.0,264.0,18.0,5-2-0,L1
6,1993,Atlantic,6,Philadelphia Flyers,84.0,35.0,34.0,5.0,85.0,,,0.0,0.0,19-16-4,16-18-1,294.0,314.0,-20.0,2-4-1,L1
7,1993,Atlantic,7,Tampa Bay Lightning,84.0,30.0,39.0,4.0,75.0,,,0.0,0.0,14-20-2,16-19-2,224.0,251.0,-27.0,5-4-0,W1
8,1993,Northeast,1,Pittsburgh Penguins,84.0,44.0,25.0,2.0,103.0,,,0.0,0.0,25-8-1,19-17-1,299.0,285.0,14.0,6-4-0,W1
9,1993,Northeast,2,Buffalo Sabres,84.0,43.0,28.0,4.0,99.0,,,0.0,0.0,22-15-2,21-13-2,282.0,218.0,64.0,6-3-1,L2
10,1993,Northeast,3,Boston Bruins,84.0,42.0,27.0,2.0,99.0,,,0.0,0.0,20-13-1,22-14-1,289.0,252.0,37.0,5-4-0,L1
11,1993,Northeast,4,Montreal Canadiens,84.0,41.0,27.0,2.0,98.0,,,0.0,0.0,26-11-1,15-16-1,283.0,248.0,35.0,3-6-0,L1
12,1993,Northeast,5,Quebec Nordiques,84.0,34.0,42.0,0.0,76.0,,,0.0,0.0,19-17-0,15-25-0,277.0,292.0,-15.0,4-5-0,L1
13,1993,Northeast,6,Hartford Whalers,84.0,27.0,47.0,1.0,64.0,,,0.0,0.0,14-21-1,13-26-0,227.0,288.0,-61.0,3-6-0,W1
14,1993,Northeast,7,Ottawa Senators,84.0,14.0,57.0,4.0,41.0,,,0.0,0.0,8-28-2,6-29-2,201.0,397.0,-196.0,2-7-0,L5
15,1993,Central,1,Detroit Red Wings,84.0,46.0,28.0,2.0,102.0,,,0.0,0.0,23-12-1,23-16-1,356.0,275.0,81.0,4-4-0,L1
16,1993,Central,2,Dallas Stars,84.0,42.0,26.0,3.0,100.0,,,0.0,0.0,23-10-2,19-16-1,286.0,265.0,21.0,4-3-0,W2
17,1993,Central,3,Toronto Maple Leafs,84.0,43.0,28.0,1.0,99.0,,,0.0,0.0,23-15-0,20-13-1,280.0,243.0,37.0,4-5-1,W1
18,1993,Central,4,St. Louis Blues,84.0,40.0,31.0,2.0,93.0,,,0.0,0.0,23-10-1,17-21-1,270.0,283.0,-13.0,4-4-0,W1
19,1993,Central,5,Chicago Blackhawks,84.0,39.0,31.0,5.0,92.0,,,0.0,0.0,21-14-2,18-17-3,254.0,240.0,14.0,4-4-1,L1
20,1993,Central,6,Winnipeg Jets,84.0,24.0,46.0,5.0,62.0,,,0.0,0.0,15-20-3,9-26-2,245.0,344.0,-99.0,2-7-0,L3
21,1993,Pacific,1,Calgary Flames,84.0,42.0,27.0,2.0,99.0,,,0.0,0.0,25-11-1,17-16-1,302.0,256.0,46.0,6-2-0,L1
22,1993,Pacific,2,Vancouver Canucks,84.0,41.0,36.0,4.0,89.0,,,0.0,0.0,20-17-2,21-19-2,279.0,276.0,3.0,5-5-0,W1
23,1993,Pacific,3,San Jose Sharks,84.0,33.0,34.0,1.0,83.0,,,0.0,0.0,19-13-0,14-21-1,252.0,265.0,-13.0,7-2-0,L1
24,1993,Pacific,4,Anaheim Ducks,84.0,33.0,41.0,5.0,76.0,,,0.0,0.0,14-21-5,19-20-0,229.0,251.0,-22.0,6-3-1,L2
25,1993,Pacific,5,Edmonton Oilers,84.0,25.0,39.0,6.0,70.0,,,0.0,0.0,17-18-4,8-21-2,261.0,305.0,-44.0,5-2-1,L2
26,1993,Pacific,6,Los Angeles Kings,84.0,27.0,42.0,3.0,69.0,,,0.0,0.0,18-16-3,9-26-0,294.0,322.0,-28.0,2-7-0,L1
