Team,Year,GP,PTS,FGM,FGA,FG%,3PM,3PA,3P%,FTM,FTA,FT%,OR,DR,REB,AST,STL,BLK,TO,PF
Atlanta Hawks,2025,78,118.6,43.6,91.8,47.5,14.6,39.4,37.1,16.8,21.6,77.7,10.8,32.6,43.4,30.3,9.5,4.7,13.4,19.7
Boston Celtics,2025,78,114.6,42.1,90.3,46.7,15.2,41.8,36.4,15.1,18.8,80.4,12.6,33.9,46.5,24.6,7.1,5.1,11.4,19.0
Brooklyn Nets,2025,78,106.2,37.5,84.5,44.4,13.2,38.6,34.2,18.0,23.1,78.0,10.4,29.0,39.4,25.2,8.0,4.3,15.2,21.2
Charlotte Hornets,2025,79,116.5,41.1,89.0,46.2,16.4,43.1,38.1,17.9,21.9,81.9,12.8,33.5,46.2,26.5,7.0,4.5,14.4,19.2
Chicago Bulls,2025,78,116.1,42.3,90.2,46.9,14.4,40.2,35.9,17.2,22.1,77.5,10.3,34.7,45.0,28.4,7.4,5.0,14.6,18.9
Cleveland Cavaliers,2025,78,119.3,43.3,90.1,48.0,14.4,40.1,36.0,18.4,23.7,77.5,11.7,32.6,44.3,28.3,8.5,5.0,13.2,19.8
Dallas Mavericks,2025,77,113.6,41.8,89.5,46.7,10.8,31.5,34.2,19.2,25.7,74.8,10.4,34.3,44.7,25.2,7.5,5.1,14.4,18.3
Denver Nuggets,2025,78,121.6,43.2,87.3,49.4,14.1,35.7,39.6,21.1,26.1,80.7,9.6,34.1,43.6,28.8,6.8,3.9,12.2,19.2
Detroit Pistons,2025,78,117.5,43.3,89.7,48.3,10.9,30.9,35.4,20.0,26.2,76.1,13.1,32.5,45.6,27.5,10.4,6.3,14.1,22.1
Golden State Warriors,2025,78,114.8,41.1,89.1,46.1,15.8,44.5,35.6,16.8,21.0,80.3,11.3,31.2,42.5,29.0,9.8,4.3,15.0,19.8
Houston Rockets,2025,78,114.8,42.8,89.4,47.8,11.5,31.3,36.7,17.8,23.3,76.3,14.9,33.0,47.9,25.4,8.6,5.8,14.4,18.3
Indiana Pacers,2025,78,112.5,40.8,89.2,45.8,13.4,37.5,35.7,17.5,22.5,77.5,9.9,31.9,41.7,27.5,7.3,4.5,13.7,21.1
LA Clippers,2025,78,114.0,40.6,83.4,48.6,12.4,33.6,36.7,20.5,24.9,82.4,9.5,31.0,40.5,23.8,9.2,4.9,13.6,18.7
Los Angeles Lakers,2025,77,116.5,42.0,83.9,50.1,11.9,33.3,35.6,20.7,26.9,76.7,9.5,31.5,41.0,25.4,8.4,4.4,13.9,18.6
Memphis Grizzlies,2025,78,114.8,41.3,90.3,45.8,13.7,38.9,35.3,18.4,23.3,79.3,11.3,31.0,42.3,27.9,8.9,4.9,14.7,20.4
Miami Heat,2025,78,120.8,43.5,93.5,46.6,13.6,37.9,36.0,20.1,25.3,79.2,11.9,34.6,46.6,28.7,8.8,4.3,13.1,18.9
Milwaukee Bucks,2025,78,110.8,40.9,85.6,47.8,15.0,38.7,38.8,14.0,19.1,73.1,8.8,31.9,40.7,25.7,7.5,3.9,14.4,19.8
Minnesota Timberwolves,2025,78,117.5,42.4,88.5,47.9,13.7,37.1,36.9,19.0,25.3,75.0,11.1,33.4,44.5,26.0,8.7,5.7,14.2,21.1
New Orleans Pelicans,2025,79,114.8,41.8,90.0,46.5,11.2,32.3,34.8,20.0,25.5,78.3,12.1,31.6,43.7,25.1,8.8,5.2,13.5,19.9
New York Knicks,2025,78,116.9,42.8,89.7,47.7,14.4,38.4,37.4,17.1,21.5,79.4,12.9,33.1,46.0,27.5,8.1,4.0,13.0,20.1
Oklahoma City Thunder,2025,78,119.2,43.1,89.0,48.4,13.7,37.8,36.3,19.4,23.7,82.0,9.5,34.6,44.2,25.6,9.6,5.5,12.0,19.1
Orlando Magic,2025,78,115.4,40.8,88.2,46.3,11.7,34.2,34.3,22.0,27.4,80.4,10.9,32.4,43.3,26.4,8.4,4.6,13.6,21.0
Philadelphia 76ers,2025,78,116.2,41.8,90.2,46.3,12.4,35.4,35.1,20.2,24.9,81.1,11.7,31.6,43.3,24.8,9.1,5.8,13.0,20.4
Phoenix Suns,2025,78,112.9,41.1,90.3,45.5,14.9,41.0,36.3,15.8,20.3,78.0,13.0,30.0,43.0,24.9,9.7,4.1,13.4,20.9
Portland Trail Blazers,2025,78,115.4,40.8,90.0,45.3,14.4,42.2,34.1,19.4,25.4,76.4,14.1,32.0,46.1,25.1,8.2,5.5,16.6,20.0
Sacramento Kings,2025,79,110.9,41.6,89.1,46.7,10.2,30.1,34.0,17.5,22.6,77.3,11.4,30.8,42.1,25.6,8.0,4.5,13.7,19.7
San Antonio Spurs,2025,78,119.8,43.3,89.8,48.3,13.7,38.1,35.9,19.4,24.7,78.5,11.4,35.7,47.1,28.0,7.5,5.4,12.7,18.9
Toronto Raptors,2025,78,114.4,42.5,88.6,48.0,11.3,32.3,35.1,18.0,23.4,77.1,11.0,31.0,42.1,29.5,8.8,4.9,13.0,20.9
Utah Jazz,2025,79,117.1,42.2,90.6,46.5,12.7,36.8,34.6,20.0,25.4,78.9,12.0,31.7,43.6,29.4,8.7,3.8,15.0,21.4
Washington Wizards,2025,78,113.1,41.9,90.3,46.3,13.0,36.3,35.9,16.3,21.2,76.7,11.0,31.1,42.1,25.0,7.9,5.6,15.1,21.5
Atlanta Hawks,2024,82,118.2,43.4,91.8,47.2,13.5,37.7,35.8,18.0,23.2,77.5,11.9,32.6,44.5,29.6,9.7,5.1,14.7,19.1
Boston Celtics,2024,82,116.3,41.6,90.0,46.2,17.8,48.2,36.8,15.3,19.1,79.9,11.4,33.9,45.3,26.1,7.2,5.5,11.4,15.9
Brooklyn Nets,2024,82,105.1,37.6,86.1,43.7,13.6,39.4,34.4,16.3,20.7,78.7,10.9,30.4,41.3,25.2,7.8,4.3,13.9,20.7
Charlotte Hornets,2024,82,105.1,38.3,89.1,43.0,13.0,38.3,33.9,15.5,19.8,78.3,12.2,33.0,45.2,24.3,7.4,4.5,14.9,18.7
Chicago Bulls,2024,82,117.8,43.2,92.0,47.0,15.4,42.0,36.7,16.0,19.7,80.9,10.1,35.8,45.9,29.1,7.6,4.7,13.9,17.6
Cleveland Cavaliers,2024,82,121.9,44.5,90.8,49.1,15.9,41.5,38.3,17.0,21.9,77.6,11.2,34.2,45.4,28.1,8.2,4.3,12.5,18.1
Dallas Mavericks,2024,82,114.2,42.0,87.7,47.9,12.4,34.2,36.4,17.8,23.1,77.0,10.1,33.0,43.0,25.2,7.8,5.4,13.3,17.8
Denver Nuggets,2024,82,120.8,45.4,89.8,50.6,12.0,31.9,37.6,17.9,23.3,77.0,11.2,34.5,45.7,31.0,8.0,4.9,13.5,17.6
Detroit Pistons,2024,82,115.5,42.7,89.8,47.6,12.8,35.4,36.2,17.2,22.3,77.4,11.4,33.4,44.8,26.4,8.0,5.3,14.1,20.7
Golden State Warriors,2024,82,113.8,40.8,90.4,45.1,15.4,42.4,36.4,16.9,22.1,76.4,12.5,32.8,45.4,29.1,9.4,4.8,13.2,19.2
Houston Rockets,2024,82,114.3,42.5,93.4,45.5,12.7,35.8,35.3,16.7,22.6,73.8,14.6,33.8,48.5,23.3,8.4,5.0,13.0,19.0
Indiana Pacers,2024,82,117.4,43.6,89.3,48.8,13.2,35.8,36.8,17.0,21.6,78.9,9.2,32.7,41.8,29.2,8.5,5.5,12.2,18.7
LA Clippers,2024,82,112.9,41.6,86.3,48.2,12.5,33.4,37.3,17.3,21.7,79.7,10.3,33.5,43.8,25.2,9.4,4.5,13.8,18.3
Los Angeles Lakers,2024,82,113.4,40.9,85.5,47.9,13.3,36.4,36.6,18.2,23.2,78.5,9.7,32.8,42.4,26.0,7.7,4.5,13.1,17.3
Memphis Grizzlies,2024,82,121.7,44.8,93.3,47.9,13.9,37.9,36.7,18.3,23.3,78.6,12.9,34.4,47.3,28.4,8.9,5.6,15.0,20.9
Miami Heat,2024,82,110.6,40.5,87.0,46.5,13.7,37.3,36.7,16.0,20.2,79.1,9.7,33.7,43.4,26.4,8.1,3.8,12.6,15.5
Milwaukee Bucks,2024,82,115.5,42.0,86.4,48.6,14.2,36.6,38.7,17.3,23.1,75.0,8.2,35.1,43.4,25.5,7.3,4.7,12.8,17.9
Minnesota Timberwolves,2024,82,114.3,41.0,87.6,46.8,15.0,39.9,37.7,17.2,21.8,78.9,11.1,33.2,44.3,26.1,8.0,5.0,13.7,18.3
New Orleans Pelicans,2024,82,109.8,40.6,89.9,45.2,12.0,34.6,34.7,16.5,21.9,75.4,12.1,31.5,43.6,25.8,8.5,5.2,13.9,18.3
New York Knicks,2024,82,115.8,43.3,89.2,48.6,12.6,34.1,36.9,16.5,20.7,80.0,10.9,31.8,42.6,27.5,8.2,4.0,12.2,17.2
Oklahoma City Thunder,2024,82,120.5,44.6,92.7,48.2,14.5,38.8,37.4,16.7,20.4,81.9,10.6,34.2,44.8,26.9,10.3,5.7,11.0,19.9
Orlando Magic,2024,82,105.4,38.2,85.8,44.5,11.2,35.3,31.8,17.9,23.0,77.5,11.1,30.7,41.8,23.0,8.9,6.0,13.1,20.1
Philadelphia 76ers,2024,82,109.6,39.7,87.4,45.4,12.7,37.2,34.1,17.5,22.5,78.0,10.4,29.4,39.8,23.2,9.2,4.5,12.8,19.0
Phoenix Suns,2024,82,113.6,41.2,86.3,47.8,14.3,38.0,37.8,16.8,20.8,81.0,9.5,32.9,42.5,27.8,7.2,4.8,13.2,17.9
Portland Trail Blazers,2024,82,110.9,40.5,90.2,45.0,12.9,37.7,34.2,16.9,22.2,76.2,13.4,31.4,44.8,23.8,8.3,5.3,15.1,19.0
Sacramento Kings,2024,82,115.7,43.0,90.1,47.8,12.6,35.2,35.7,17.1,21.2,80.6,11.0,33.2,44.2,26.5,7.6,4.4,12.6,18.9
San Antonio Spurs,2024,82,113.9,41.8,89.8,46.5,14.1,39.6,35.7,16.2,21.0,77.4,10.9,32.7,43.7,28.6,8.2,5.5,13.3,16.6
Toronto Raptors,2024,82,110.9,41.6,91.0,45.8,11.8,34.0,34.8,15.8,21.1,74.8,12.6,32.5,45.1,28.5,8.1,4.2,14.7,21.2
Utah Jazz,2024,82,111.9,40.3,88.7,45.4,14.0,39.8,35.0,17.3,22.4,77.4,12.0,33.4,45.4,25.5,6.8,4.4,16.5,18.9
Washington Wizards,2024,82,108.0,39.4,89.9,43.9,13.1,39.1,33.5,16.0,20.6,77.8,10.6,33.1,43.7,25.1,7.6,5.1,14.9,19.7
Atlanta Hawks,2023,82,118.3,43.0,92.5,46.5,13.7,37.7,36.4,18.5,23.2,79.7,12.5,32.2,44.7,26.6,7.5,4.5,12.8,18.6
Boston Celtics,2023,82,120.6,43.9,90.2,48.7,16.5,42.5,38.8,16.3,20.2,80.7,10.7,35.6,46.3,26.9,6.8,6.6,11.3,16.2
Brooklyn Nets,2023,82,110.4,40.7,89.1,45.6,13.3,36.7,36.2,15.8,20.9,75.6,11.4,32.6,44.1,25.6,6.8,5.2,12.3,18.5
Charlotte Hornets,2023,82,106.6,40.0,87.0,46.0,12.1,34.0,35.5,14.5,18.4,78.6,9.3,31.0,40.3,24.8,6.9,4.5,13.0,18.0
Chicago Bulls,2023,82,112.3,42.0,89.5,47.0,11.5,32.1,35.8,16.7,21.1,79.1,11.2,32.6,43.8,25.0,7.8,4.8,11.7,18.8
Cleveland Cavaliers,2023,82,112.6,41.8,87.2,47.9,13.5,36.8,36.7,15.6,20.4,76.5,9.9,33.4,43.3,28.0,7.4,4.6,12.7,17.5
Dallas Mavericks,2023,82,117.9,43.1,89.7,48.1,14.6,39.5,36.9,17.0,22.5,75.8,9.7,33.2,42.9,25.7,6.9,5.0,12.1,18.3
Denver Nuggets,2023,82,114.9,44.0,88.8,49.6,11.7,31.2,37.4,15.1,19.9,76.2,10.7,33.7,44.4,29.5,7.1,5.6,11.8,18.2
Detroit Pistons,2023,82,109.9,40.9,88.2,46.3,11.0,31.7,34.8,17.0,21.7,78.5,10.5,32.8,43.3,25.5,6.5,4.7,14.6,20.6
Golden State Warriors,2023,82,117.8,43.7,91.6,47.7,14.8,38.9,38.0,15.6,20.0,78.0,12.1,34.6,46.7,29.3,7.0,4.6,13.7,19.5
Houston Rockets,2023,82,114.3,41.8,91.0,45.9,12.7,36.1,35.2,18.1,23.4,77.3,11.5,34.0,45.5,24.8,7.8,4.6,12.2,20.8
Indiana Pacers,2023,82,123.3,47.0,92.7,50.7,13.2,35.3,37.4,16.1,20.5,78.2,10.1,31.4,41.5,30.8,7.7,5.9,12.3,21.4
LA Clippers,2023,82,115.6,42.4,86.7,48.9,12.6,33.2,38.1,18.3,22.2,82.5,10.0,32.9,43.0,25.6,7.8,5.0,12.2,18.5
Los Angeles Lakers,2023,82,118.0,43.7,87.5,49.9,11.8,31.4,37.7,18.9,24.2,78.2,8.2,34.9,43.1,28.5,7.4,5.5,13.4,15.6
Memphis Grizzlies,2023,82,105.8,38.4,88.2,43.5,13.1,37.8,34.6,16.0,21.0,76.4,10.9,31.7,42.6,24.7,8.2,6.1,14.2,19.1
Miami Heat,2023,82,110.1,39.8,85.6,46.5,12.5,33.7,37.0,18.0,22.0,81.8,9.3,33.0,42.3,25.8,7.5,3.4,11.8,17.3
Milwaukee Bucks,2023,82,119.0,43.1,88.5,48.7,14.2,38.1,37.3,18.5,23.9,77.4,9.4,34.8,44.2,26.5,6.8,5.0,12.4,19.2
Minnesota Timberwolves,2023,82,113.0,41.3,85.0,48.5,12.6,32.7,38.7,17.8,22.9,77.7,9.4,34.2,43.6,26.6,7.9,6.1,13.4,18.8
New Orleans Pelicans,2023,82,115.1,42.5,87.4,48.6,12.5,32.6,38.3,17.6,22.8,77.1,10.4,33.6,44.0,27.0,8.3,4.6,12.4,18.4
New York Knicks,2023,82,112.8,41.3,88.7,46.5,13.2,35.8,36.9,17.0,21.8,78.0,12.7,32.5,45.2,24.4,7.5,4.1,12.2,17.6
Oklahoma City Thunder,2023,82,120.1,44.5,89.3,49.9,13.3,34.2,38.9,17.7,21.5,82.5,8.8,33.2,42.0,27.1,8.5,6.6,11.8,18.8
Orlando Magic,2023,82,110.5,40.5,84.9,47.6,11.0,31.3,35.2,18.5,24.4,75.9,10.5,31.8,42.3,24.7,8.2,5.2,13.8,19.7
Philadelphia 76ers,2023,82,114.6,41.5,89.4,46.4,12.1,33.3,36.3,19.5,23.6,82.6,11.0,31.9,43.0,24.9,8.5,6.0,11.3,20.3
Phoenix Suns,2023,82,116.2,42.5,86.1,49.3,12.4,32.6,38.2,18.9,23.4,80.8,10.1,33.9,44.1,27.0,7.4,6.0,14.1,18.0
Portland Trail Blazers,2023,82,106.4,39.4,89.7,43.9,11.5,33.2,34.5,16.2,20.5,79.1,12.6,30.1,42.7,23.1,7.6,4.3,14.4,20.2
Sacramento Kings,2023,82,116.6,43.3,90.9,47.7,14.4,39.3,36.6,15.5,20.9,74.5,10.8,33.2,44.0,28.3,7.6,4.2,12.5,19.9
San Antonio Spurs,2023,82,112.1,41.9,90.7,46.2,12.6,36.4,34.7,15.6,20.0,78.2,10.4,33.9,44.2,29.9,7.1,6.3,14.6,17.2
Toronto Raptors,2023,82,112.4,42.3,89.7,47.1,11.5,33.1,34.7,16.3,21.6,75.6,10.9,31.8,42.7,28.5,7.7,4.7,13.4,18.4
Utah Jazz,2023,82,115.7,42.0,89.9,46.7,12.9,36.5,35.4,18.8,22.6,83.0,12.2,33.2,45.5,27.2,6.5,5.6,15.0,18.6
Washington Wizards,2023,82,113.7,43.0,91.4,47.0,12.4,35.5,34.8,15.4,20.2,76.4,9.2,31.9,41.1,27.9,7.6,5.1,13.5,20.0
Atlanta Hawks,2022,82,118.4,44.6,92.4,48.3,10.8,30.5,35.2,18.5,22.6,81.8,11.2,33.2,44.4,25.0,7.1,4.9,12.4,18.8
Boston Celtics,2022,82,117.9,42.2,88.8,47.5,16.0,42.6,37.7,17.5,21.6,81.2,9.7,35.6,45.3,26.7,6.4,5.2,12.7,18.8
Brooklyn Nets,2022,82,113.4,41.5,85.1,48.7,12.8,33.8,37.8,17.7,22.1,80.0,8.2,32.3,40.5,25.5,7.1,6.2,12.9,21.1
Charlotte Hornets,2022,82,111.0,41.3,90.4,45.7,10.7,32.5,33.0,17.6,23.6,74.9,11.0,33.5,44.5,25.1,7.7,5.2,13.7,20.3
Chicago Bulls,2022,82,113.1,42.5,86.8,49.0,10.4,28.9,36.1,17.6,21.8,80.9,8.5,33.9,42.4,24.5,7.9,4.5,12.7,18.9
Cleveland Cavaliers,2022,82,112.3,41.6,85.2,48.8,11.6,31.6,36.7,17.5,22.5,78.0,9.7,31.4,41.1,24.9,7.1,4.7,12.4,19.0
Dallas Mavericks,2022,82,114.2,40.0,84.3,47.5,15.2,41.0,37.1,19.0,25.1,75.5,7.6,31.2,38.8,22.9,6.3,3.7,11.7,20.7
Denver Nuggets,2022,82,115.8,43.6,86.4,50.4,11.8,31.2,37.9,16.8,22.4,75.1,10.1,32.9,43.0,28.9,7.5,4.5,13.8,18.6
Detroit Pistons,2022,82,110.3,39.6,87.1,45.4,11.4,32.4,35.1,19.8,25.7,77.1,11.2,31.3,42.4,23.0,7.0,3.8,14.5,22.1
Golden State Warriors,2022,82,118.9,43.1,90.2,47.9,16.6,43.2,38.5,16.0,20.2,79.4,10.5,34.1,44.6,29.8,7.2,4.0,15.7,21.4
Houston Rockets,2022,82,110.7,40.6,88.9,45.7,10.4,31.9,32.7,19.1,25.3,75.4,13.4,32.9,46.3,22.4,7.3,4.6,15.5,20.5
Indiana Pacers,2022,82,116.3,42.0,89.6,46.9,13.6,37.0,36.7,18.7,23.7,79.0,10.1,31.4,41.5,27.0,7.7,5.8,14.1,21.2
LA Clippers,2022,82,113.6,41.1,86.1,47.7,12.7,33.3,38.1,18.7,23.9,78.1,9.8,33.4,43.2,23.9,7.1,4.4,13.5,19.5
Los Angeles Lakers,2022,82,117.2,42.9,89.0,48.2,10.8,31.2,34.6,20.6,26.6,77.5,10.0,35.7,45.7,25.3,6.4,4.6,13.5,17.9
Memphis Grizzlies,2022,82,116.9,43.7,92.1,47.5,12.0,34.2,35.1,17.5,23.8,73.3,12.0,34.6,46.6,26.0,8.3,5.8,12.9,20.0
Miami Heat,2022,82,109.5,39.2,85.3,46.0,12.0,34.8,34.4,19.1,23.0,83.1,9.7,30.9,40.6,23.8,8.0,3.0,12.8,18.5
Milwaukee Bucks,2022,82,116.9,42.7,90.4,47.3,14.8,40.3,36.8,16.6,22.4,74.3,11.1,37.5,48.6,25.8,6.4,4.9,13.9,18.0
Minnesota Timberwolves,2022,82,115.8,42.9,87.4,49.0,12.2,33.3,36.5,17.9,23.7,75.5,9.1,32.8,41.9,26.2,8.0,5.4,14.8,21.6
New Orleans Pelicans,2022,82,114.4,42.0,87.6,48.0,11.0,30.1,36.4,19.3,24.4,79.3,10.6,33.1,43.7,25.9,8.3,4.1,14.0,20.5
New York Knicks,2022,82,116.0,42.0,89.4,47.0,12.6,35.7,35.4,19.4,25.5,76.1,12.6,34.0,46.6,22.9,6.4,4.1,12.0,20.3
Oklahoma City Thunder,2022,82,117.5,43.1,92.6,46.5,12.1,34.1,35.6,19.2,23.7,80.9,11.4,32.3,43.6,24.4,8.2,4.2,12.5,21.0
Orlando Magic,2022,82,111.4,40.5,86.3,47.0,10.8,31.1,34.6,19.6,25.0,78.4,10.2,33.1,43.2,23.2,7.4,4.7,14.4,20.1
Philadelphia 76ers,2022,82,115.2,40.8,83.8,48.7,12.6,32.6,38.7,21.0,25.1,83.5,8.7,32.2,40.9,25.2,7.7,4.7,12.8,20.4
Phoenix Suns,2022,82,113.6,42.1,90.1,46.7,12.2,32.6,37.4,17.2,21.7,79.3,11.8,32.4,44.2,27.3,7.1,5.3,12.9,21.2
Portland Trail Blazers,2022,82,113.4,40.5,85.4,47.4,12.9,35.3,36.5,19.6,24.6,79.6,9.4,31.1,40.5,24.2,6.7,4.6,13.7,20.0
Sacramento Kings,2022,82,120.7,43.6,88.2,49.4,13.8,37.3,36.9,19.8,25.1,79.0,9.5,32.9,42.5,27.3,7.0,3.4,13.1,19.7
San Antonio Spurs,2022,82,113.0,43.1,92.6,46.5,11.1,32.2,34.5,15.8,21.2,74.3,11.8,31.9,43.7,27.2,7.0,3.9,14.7,19.9
Toronto Raptors,2022,82,112.9,41.9,91.3,45.9,10.7,32.0,33.5,18.4,23.4,78.4,12.7,30.3,43.0,23.9,9.4,5.2,11.2,20.0
Utah Jazz,2022,82,117.1,42.5,89.8,47.3,13.3,37.8,35.3,18.7,23.8,78.6,11.8,34.1,45.9,26.0,6.1,5.2,14.9,20.5
Washington Wizards,2022,82,113.2,42.1,86.9,48.5,11.3,31.7,35.6,17.6,22.4,78.5,9.4,34.2,43.6,25.4,6.8,5.2,13.3,18.8
Atlanta Hawks,2021,82,113.9,41.5,88.3,47.0,12.9,34.4,37.4,18.1,22.3,81.2,10.0,33.9,44.0,24.6,7.2,4.2,11.3,18.7
Boston Celtics,2021,82,111.8,40.7,87.4,46.6,13.2,37.1,35.6,17.0,20.9,81.6,10.5,35.5,46.1,24.8,7.2,5.8,13.0,18.5
Brooklyn Nets,2021,82,112.9,42.0,88.4,47.5,11.5,31.7,36.1,17.5,21.7,80.5,10.3,34.1,44.4,25.3,7.1,5.5,13.2,20.4
Charlotte Hornets,2021,82,115.3,42.8,91.4,46.8,13.9,38.2,36.5,15.8,21.4,74.0,10.8,33.7,44.6,28.1,8.6,4.9,12.7,19.9
Chicago Bulls,2021,82,111.6,41.7,86.9,48.0,10.6,28.8,36.9,17.5,21.5,81.3,8.7,33.7,42.3,23.9,7.1,4.1,12.1,18.8
Cleveland Cavaliers,2021,82,107.8,39.7,84.6,46.9,11.6,32.8,35.5,16.8,22.1,76.0,10.2,34.0,44.2,25.2,7.1,4.2,13.3,17.5
Dallas Mavericks,2021,82,108.0,39.3,85.1,46.1,13.1,37.4,35.0,16.4,21.2,77.1,9.3,33.8,43.0,23.4,6.7,4.0,11.7,19.7
Denver Nuggets,2021,82,112.7,41.7,86.3,48.3,12.7,35.9,35.3,16.7,21.0,79.5,9.2,34.9,44.1,27.8,7.2,3.7,13.8,20.0
Detroit Pistons,2021,82,104.8,38.2,88.6,43.1,11.3,34.6,32.6,17.2,22.0,78.2,11.0,32.0,43.0,23.5,7.7,4.8,13.4,21.9
Golden State Warriors,2021,82,111.0,40.5,86.4,46.9,14.3,39.4,36.4,15.6,20.3,76.9,9.8,35.7,45.5,27.1,8.8,4.5,14.3,21.0
Houston Rockets,2021,82,109.7,39.4,86.4,45.6,13.5,38.7,34.9,17.5,24.5,71.3,9.6,32.4,42.0,23.6,7.3,4.7,15.7,20.6
Indiana Pacers,2021,82,111.5,41.4,89.5,46.3,12.2,35.4,34.4,16.4,21.4,76.8,11.3,32.6,43.9,25.4,7.1,5.6,13.6,20.4
LA Clippers,2021,82,108.4,40.1,87.4,45.8,12.8,34.2,37.4,15.5,19.6,79.3,9.1,34.9,44.0,24.0,7.4,5.0,13.0,18.6
Los Angeles Lakers,2021,82,112.1,41.6,88.8,46.9,12.0,34.5,34.7,16.8,23.0,73.2,9.5,34.5,44.0,24.0,7.6,5.2,13.9,20.2
Memphis Grizzlies,2021,82,115.6,43.5,94.4,46.1,11.5,32.7,35.3,17.0,23.1,73.4,14.1,35.0,49.2,26.0,9.8,6.5,12.5,19.8
Miami Heat,2021,82,110.0,39.6,84.8,46.7,13.6,35.8,37.9,17.3,21.4,80.8,9.8,33.9,43.7,25.5,7.4,3.2,13.8,20.5
Milwaukee Bucks,2021,82,115.5,41.8,89.4,46.8,14.1,38.4,36.6,17.8,22.9,77.6,10.3,36.5,46.7,23.9,7.6,4.0,12.7,18.2
Minnesota Timberwolves,2021,82,115.9,41.6,91.0,45.7,14.8,41.3,35.8,18.0,23.1,77.8,11.2,32.9,44.2,25.7,8.8,5.6,13.7,21.8
New Orleans Pelicans,2021,82,109.3,40.2,88.0,45.7,10.6,32.1,33.2,18.3,23.2,78.9,12.0,33.2,45.2,25.0,8.3,4.0,13.3,19.7
New York Knicks,2021,82,106.5,37.7,86.2,43.7,13.2,36.9,35.7,18.0,24.1,74.4,11.5,34.6,46.1,21.9,7.0,4.9,12.4,20.4
Oklahoma City Thunder,2021,82,103.7,38.3,89.1,43.0,12.1,37.4,32.3,15.0,19.9,75.6,10.4,35.2,45.6,22.2,7.6,4.6,13.3,18.3
Orlando Magic,2021,82,104.2,38.3,88.3,43.4,12.2,36.9,33.1,15.5,19.7,78.7,9.1,35.2,44.3,23.7,6.8,4.5,13.8,19.7
Philadelphia 76ers,2021,82,109.9,39.4,84.5,46.6,11.6,31.8,36.4,19.6,23.8,82.1,8.5,33.8,42.3,23.7,7.7,5.3,11.7,19.4
Phoenix Suns,2021,82,114.8,43.7,90.1,48.5,11.6,31.9,36.4,15.9,19.9,79.7,9.8,35.5,45.3,27.4,8.6,4.4,12.3,19.9
Portland Trail Blazers,2021,82,106.2,38.5,87.1,44.2,12.7,36.8,34.6,16.4,21.6,76.0,10.4,32.5,42.9,22.9,8.0,4.5,13.7,21.1
Sacramento Kings,2021,82,110.3,40.5,88.1,46.0,11.4,33.2,34.4,17.9,23.3,76.8,9.6,33.4,42.9,23.7,7.2,4.5,13.5,18.9
San Antonio Spurs,2021,82,113.2,43.2,92.7,46.7,11.3,32.0,35.2,15.4,20.4,75.4,11.0,34.3,45.3,27.9,7.6,4.9,12.3,18.1
Toronto Raptors,2021,82,109.4,40.6,91.3,44.5,11.9,34.2,34.9,16.2,21.3,75.9,13.4,32.0,45.3,22.1,9.0,4.6,11.6,19.6
Utah Jazz,2021,82,113.6,40.6,86.2,47.1,14.5,40.3,36.0,17.9,23.4,76.7,10.8,35.6,46.3,22.4,7.2,4.9,13.2,18.9
Washington Wizards,2021,82,108.6,40.6,86.0,47.2,10.5,30.6,34.2,17.0,21.7,78.3,9.0,34.1,43.1,25.0,6.4,5.0,12.6,18.8
Atlanta Hawks,2020,72,113.7,40.8,87.2,46.8,12.4,33.4,37.3,19.7,24.2,81.2,10.6,35.1,45.6,24.1,7.0,4.8,12.7,19.3
Boston Celtics,2020,72,112.6,41.5,88.9,46.6,13.6,36.4,37.4,16.1,20.8,77.5,10.6,33.6,44.3,23.5,7.7,5.3,13.4,20.4
Brooklyn Nets,2020,72,118.6,43.1,87.3,49.4,14.2,36.1,39.2,18.1,22.5,80.4,8.9,35.5,44.4,26.8,6.7,5.3,13.1,19.0
Charlotte Hornets,2020,72,109.5,39.9,87.8,45.5,13.7,37.0,36.9,15.9,20.9,76.1,10.6,33.2,43.8,26.8,7.8,4.8,14.2,18.0
Chicago Bulls,2020,72,110.7,42.2,88.6,47.6,12.6,34.0,37.0,13.8,17.5,79.1,9.6,35.3,45.0,26.8,6.7,4.2,14.5,18.9
Cleveland Cavaliers,2020,72,103.8,38.6,85.8,45.0,10.0,29.7,33.6,16.7,22.4,74.3,10.4,32.3,42.8,23.8,7.8,4.5,14.4,18.2
Dallas Mavericks,2020,72,112.4,41.1,87.3,47.0,13.8,38.1,36.2,16.5,21.2,77.8,9.1,34.2,43.3,22.9,6.3,4.3,11.4,19.4
Denver Nuggets,2020,72,115.1,43.3,89.2,48.5,12.9,34.2,37.7,15.7,19.5,80.3,10.5,33.9,44.4,26.8,8.1,4.5,12.8,19.1
Detroit Pistons,2020,72,106.6,38.7,85.6,45.2,11.6,32.9,35.1,17.8,23.4,75.9,9.6,33.1,42.7,24.2,7.4,5.2,14.2,20.5
Golden State Warriors,2020,72,113.7,41.3,88.2,46.8,14.6,38.7,37.6,16.6,21.1,78.5,8.0,35.1,43.0,27.7,8.2,4.8,14.6,21.2
Houston Rockets,2020,72,108.8,39.3,88.5,44.3,13.8,40.6,33.9,16.5,22.3,74.0,9.3,33.3,42.6,23.6,7.6,5.0,14.2,19.5
Indiana Pacers,2020,72,115.3,43.3,91.2,47.4,12.3,34.0,36.4,16.4,20.7,79.2,9.0,33.7,42.7,27.4,8.5,6.4,13.0,20.2
LA Clippers,2020,72,114.0,41.8,86.7,48.2,14.3,34.7,41.1,16.2,19.3,83.9,9.4,34.7,44.2,24.4,7.1,4.1,12.4,19.2
Los Angeles Lakers,2020,72,109.5,40.6,86.1,47.2,11.1,31.2,35.4,17.2,23.3,73.9,9.7,34.6,44.2,24.7,7.8,5.4,14.7,19.1
Memphis Grizzlies,2020,72,113.3,42.8,91.8,46.7,11.2,31.4,35.6,16.4,21.3,77.1,11.2,35.3,46.5,26.9,9.1,5.1,12.7,18.7
Miami Heat,2020,72,108.1,39.2,83.7,46.8,12.9,36.2,35.8,16.7,21.1,79.0,8.0,33.5,41.5,26.3,7.9,4.0,13.3,18.9
Milwaukee Bucks,2020,72,120.1,44.7,91.8,48.7,14.4,37.1,38.9,16.2,21.4,76.0,10.3,37.8,48.1,25.5,8.1,4.6,13.4,17.3
Minnesota Timberwolves,2020,72,112.1,40.7,90.9,44.8,13.1,37.6,34.9,17.6,23.1,76.1,10.5,33.0,43.5,25.6,8.8,5.5,13.7,20.9
New Orleans Pelicans,2020,72,114.6,42.5,89.1,47.7,10.6,30.4,34.8,19.0,26.1,72.9,11.7,35.7,47.4,26.0,7.6,4.4,13.9,18.0
New York Knicks,2020,72,107.0,39.4,86.5,45.6,11.8,30.0,39.2,16.4,20.9,78.4,9.7,35.5,45.1,21.4,7.0,5.1,12.2,20.5
Oklahoma City Thunder,2020,72,105.0,38.8,88.0,44.1,11.9,35.1,33.9,15.5,21.3,72.5,9.9,35.7,45.6,22.1,7.0,4.4,15.4,18.1
Orlando Magic,2020,72,104.0,38.3,89.2,42.9,10.9,31.8,34.3,16.6,21.4,77.5,10.4,35.1,45.4,21.8,6.9,4.4,12.3,17.2
Philadelphia 76ers,2020,72,113.6,41.4,86.9,47.6,11.3,30.1,37.4,19.6,25.5,76.7,10.0,35.0,45.1,23.7,9.1,6.2,13.7,20.2
Phoenix Suns,2020,72,115.3,43.3,88.3,49.0,13.1,34.6,37.8,15.6,18.7,83.4,8.8,34.2,42.9,26.9,7.2,4.3,12.0,19.1
Portland Trail Blazers,2020,72,116.1,41.3,91.1,45.3,15.7,40.8,38.5,17.8,21.6,82.3,10.6,33.9,44.5,21.3,6.9,5.0,10.8,18.9
Sacramento Kings,2020,72,113.7,42.6,88.6,48.1,12.1,33.3,36.4,16.4,22.0,74.5,9.4,32.0,41.4,25.5,7.5,5.0,12.8,19.4
San Antonio Spurs,2020,72,111.1,41.9,90.5,46.2,9.9,28.4,35.0,17.4,22.0,79.2,9.3,34.6,43.9,24.4,7.0,5.1,11.0,18.0
Toronto Raptors,2020,72,111.3,39.7,88.7,44.8,14.5,39.3,36.8,17.4,21.3,81.5,9.4,32.1,41.6,24.1,8.6,5.4,12.5,21.2
Utah Jazz,2020,72,116.4,41.3,88.1,46.8,16.7,43.0,38.9,17.2,21.5,79.9,10.6,37.6,48.3,23.7,6.6,5.2,13.5,18.5
Washington Wizards,2020,72,116.6,43.2,90.9,47.5,10.2,29.0,35.1,20.1,26.2,76.9,9.7,35.5,45.2,25.5,7.3,4.1,13.9,21.6
Atlanta Hawks,2019,67,111.8,40.6,90.6,44.9,12.0,36.1,33.3,18.5,23.4,79.0,9.9,33.4,43.3,24.0,7.8,5.1,15.7,23.1
Boston Celtics,2019,72,113.7,41.3,89.6,46.1,12.6,34.5,36.4,18.6,23.2,80.1,10.7,35.4,46.1,23.0,8.3,5.6,13.2,21.6
Brooklyn Nets,2019,72,111.8,40.4,90.3,44.8,13.1,38.1,34.3,17.9,24.1,74.5,10.6,37.3,47.9,24.5,6.4,4.5,14.6,21.0
Charlotte Hornets,2019,65,102.9,37.3,85.9,43.4,12.1,34.3,35.2,16.2,21.6,74.8,11.0,31.8,42.8,23.8,6.6,4.1,13.9,18.8
Chicago Bulls,2019,65,106.8,39.6,88.6,44.7,12.2,35.1,34.8,15.5,20.5,75.5,10.5,31.4,41.9,23.2,10.0,4.1,14.6,21.8
Cleveland Cavaliers,2019,65,106.9,40.3,87.9,45.8,11.2,31.8,35.1,15.1,19.9,75.8,10.8,33.4,44.2,23.1,6.9,3.2,15.7,18.3
Dallas Mavericks,2019,75,117.0,41.7,90.3,46.1,15.1,41.3,36.7,18.6,23.8,77.9,10.5,36.4,46.9,24.7,6.1,4.8,12.1,19.5
Denver Nuggets,2019,73,111.3,42.0,88.9,47.3,11.0,30.6,35.9,16.2,20.9,77.7,10.8,33.4,44.1,26.7,8.0,4.6,13.1,20.3
Detroit Pistons,2019,66,107.2,39.3,85.7,45.9,12.0,32.7,36.7,16.6,22.4,74.3,9.8,32.0,41.7,24.1,7.4,4.5,14.5,19.7
Golden State Warriors,2019,65,106.3,38.6,88.2,43.8,10.4,31.3,33.4,18.7,23.2,80.3,10.0,32.9,42.8,25.6,8.2,4.6,14.3,20.1
Houston Rockets,2019,72,117.8,40.8,90.4,45.1,15.6,45.3,34.5,20.6,26.1,79.1,9.8,34.5,44.3,21.6,8.7,5.2,14.2,21.8
Indiana Pacers,2019,73,109.4,42.1,88.5,47.6,10.2,28.0,36.3,15.0,19.1,78.7,8.7,34.1,42.8,25.9,7.4,5.2,12.7,19.8
LA Clippers,2019,72,116.3,41.6,89.2,46.6,12.4,33.5,37.1,20.8,26.3,79.1,10.7,37.0,47.7,23.7,7.1,4.7,14.0,22.1
Los Angeles Lakers,2019,71,113.4,42.3,88.3,48.0,11.0,31.6,34.9,17.7,24.3,72.9,10.7,35.1,45.7,25.4,8.6,6.6,14.7,20.7
Memphis Grizzlies,2019,73,112.6,42.5,90.9,46.8,10.9,31.5,34.7,16.6,21.8,76.3,10.3,36.2,46.5,26.9,7.9,5.5,14.6,21.2
Miami Heat,2019,73,112.0,39.5,84.4,46.8,13.4,35.4,37.9,19.7,25.2,78.3,8.5,35.9,44.4,25.9,7.5,4.5,14.0,20.6
Milwaukee Bucks,2019,73,118.7,43.3,90.9,47.6,13.8,38.9,35.5,18.3,24.7,74.2,9.5,42.2,51.7,25.9,7.2,5.9,14.7,19.6
Minnesota Timberwolves,2019,64,113.3,40.4,91.6,44.1,13.3,39.7,33.6,19.1,25.4,75.3,10.5,34.3,44.8,23.8,8.7,5.7,14.7,21.4
New Orleans Pelicans,2019,72,115.8,42.6,91.6,46.5,13.6,36.9,37.0,17.1,23.4,72.9,11.1,35.4,46.5,26.8,7.5,5.0,15.9,21.2
New York Knicks,2019,66,105.8,40.0,89.3,44.7,9.6,28.4,33.7,16.3,23.5,69.4,12.0,34.5,46.5,22.1,7.6,4.7,13.8,22.2
Oklahoma City Thunder,2019,72,110.4,40.0,85.5,46.8,10.7,30.2,35.5,19.8,24.8,79.6,8.2,34.7,42.9,21.7,7.6,4.9,13.0,19.3
Orlando Magic,2019,73,107.3,39.3,88.6,44.4,11.1,32.2,34.3,17.6,22.7,77.4,10.3,34.2,44.5,23.9,8.2,5.4,12.2,18.3
Philadelphia 76ers,2019,73,110.7,41.1,87.9,46.8,11.6,31.6,36.8,16.9,22.4,75.5,10.5,35.0,45.4,25.8,8.0,5.3,13.5,20.9
Phoenix Suns,2019,73,113.6,41.2,88.1,46.8,11.4,31.8,35.8,19.9,23.8,83.4,9.8,33.8,43.5,27.2,7.7,4.0,14.2,22.0
Portland Trail Blazers,2019,74,115.0,42.2,91.2,46.3,12.9,34.1,37.7,17.7,22.1,80.4,10.2,35.1,45.3,20.6,6.3,6.1,12.4,21.7
Sacramento Kings,2019,72,110.1,40.9,88.4,46.2,12.7,34.9,36.4,15.7,20.3,77.0,9.7,32.9,42.6,23.8,7.7,4.1,13.8,22.2
San Antonio Spurs,2019,71,114.1,42.2,89.4,47.2,10.7,28.5,37.6,19.0,23.4,81.0,9.0,35.6,44.6,24.7,7.3,5.5,12.3,19.4
Toronto Raptors,2019,72,112.8,40.2,87.9,45.8,13.8,37.0,37.4,18.5,23.2,79.6,9.5,35.9,45.4,25.2,8.8,5.0,14.1,21.7
Utah Jazz,2019,72,111.3,40.1,85.1,47.1,13.4,35.2,38.0,17.8,22.8,77.9,9.1,35.8,44.9,22.4,6.1,4.0,14.6,20.4
Washington Wizards,2019,72,114.4,41.5,90.9,45.7,12.0,32.6,36.8,19.4,24.6,78.8,10.2,31.9,42.0,25.0,8.0,4.3,13.6,22.7
Atlanta Hawks,2018,82,113.3,41.4,91.8,45.1,13.0,37.0,35.2,17.6,23.4,75.2,11.6,34.5,46.1,25.8,8.2,5.1,16.6,23.6
Boston Celtics,2018,82,112.4,42.1,90.5,46.5,12.6,34.5,36.5,15.6,19.5,80.2,9.8,34.7,44.5,26.3,8.6,5.3,12.4,20.4
Brooklyn Nets,2018,82,112.2,40.3,89.7,44.9,12.8,36.2,35.3,19.0,25.5,74.5,11.0,35.6,46.6,23.8,6.6,4.1,14.4,21.5
Charlotte Hornets,2018,82,110.7,40.2,89.8,44.8,11.9,33.9,35.1,18.4,23.1,79.7,9.9,33.9,43.8,23.2,7.2,4.9,11.7,18.9
Chicago Bulls,2018,82,104.9,39.8,87.9,45.3,9.1,25.9,35.1,16.2,20.7,78.3,8.8,34.1,42.9,21.9,7.4,4.3,13.5,20.3
Cleveland Cavaliers,2018,82,104.5,38.9,87.6,44.4,10.3,29.1,35.5,16.4,20.7,79.2,10.7,31.9,42.7,20.7,6.5,2.4,12.6,20.0
Dallas Mavericks,2018,82,108.9,38.8,86.9,44.7,12.5,36.6,34.0,18.8,25.3,74.2,10.1,35.2,45.3,23.4,6.5,4.3,13.6,20.1
Denver Nuggets,2018,82,110.7,41.9,90.0,46.6,11.0,31.4,35.1,15.8,20.9,75.5,11.9,34.5,46.4,27.4,7.7,4.4,12.9,20.0
Detroit Pistons,2018,82,107.0,38.8,88.3,44.0,12.1,34.8,34.8,17.3,23.1,74.7,11.4,33.6,45.0,22.5,6.9,4.0,13.0,22.1
Golden State Warriors,2018,82,117.7,44.0,89.8,49.1,13.3,34.4,38.5,16.3,20.4,80.1,9.7,36.5,46.2,29.4,7.6,6.4,13.8,21.4
Houston Rockets,2018,82,113.9,39.2,87.4,44.9,16.1,45.4,35.6,19.3,24.4,79.1,10.2,31.9,42.1,21.2,8.5,4.9,12.7,22.0
Indiana Pacers,2018,82,108.0,41.3,87.0,47.5,9.5,25.4,37.4,15.8,21.1,75.2,9.3,33.7,43.0,26.0,8.7,4.9,13.3,19.4
LA Clippers,2018,82,115.1,41.3,87.5,47.1,10.0,25.8,38.8,22.6,28.5,79.2,9.7,35.8,45.5,24.0,6.8,4.7,13.8,23.3
Los Angeles Lakers,2018,82,111.8,42.6,90.5,47.0,10.3,31.0,33.3,16.3,23.3,69.9,10.2,36.4,46.6,25.6,7.5,5.4,15.2,20.7
Memphis Grizzlies,2018,82,103.5,38.0,84.4,45.0,9.9,28.9,34.2,17.7,23.0,77.2,8.8,33.0,41.8,23.9,8.3,5.5,13.2,22.0
Miami Heat,2018,82,105.7,39.6,88.0,45.0,11.3,32.4,34.9,15.1,21.7,69.5,11.2,35.1,46.3,24.3,7.6,5.5,14.1,20.9
Milwaukee Bucks,2018,82,118.1,43.4,91.1,47.6,13.5,38.2,35.3,17.9,23.2,77.3,9.3,40.4,49.7,26.0,7.5,5.9,13.3,19.6
Minnesota Timberwolves,2018,82,112.5,41.6,91.3,45.6,10.1,28.7,35.1,19.1,24.3,78.7,11.3,33.5,44.8,24.6,8.3,5.0,12.6,20.3
New Orleans Pelicans,2018,82,115.4,43.7,92.2,47.3,10.3,29.9,34.4,17.8,23.4,76.1,11.1,36.2,47.3,27.0,7.4,5.4,14.5,21.1
New York Knicks,2018,82,104.6,38.2,88.3,43.3,10.0,29.5,34.0,18.1,23.9,75.9,10.5,34.3,44.7,20.1,6.8,5.1,13.4,20.9
Oklahoma City Thunder,2018,82,114.5,42.6,94.0,45.4,11.4,32.6,34.8,17.8,25.0,71.3,12.6,35.5,48.1,23.4,9.3,5.2,13.6,22.4
Orlando Magic,2018,82,107.3,40.4,89.1,45.4,11.4,32.1,35.6,15.0,19.2,78.2,10.0,35.4,45.4,25.5,6.6,5.4,12.6,18.6
Philadelphia 76ers,2018,82,115.2,41.5,88.2,47.1,10.8,30.2,35.9,21.2,27.5,77.1,10.9,36.9,47.8,26.9,7.4,5.3,14.5,21.3
Phoenix Suns,2018,82,107.5,40.1,87.4,45.9,9.6,29.3,32.9,17.6,22.7,77.9,9.1,31.3,40.4,23.9,9.0,5.1,15.2,23.6
Portland Trail Blazers,2018,82,114.7,42.3,90.6,46.7,11.0,30.7,35.9,19.0,23.3,81.4,11.8,36.2,48.0,23.0,6.7,5.0,13.3,20.4
Sacramento Kings,2018,82,114.2,43.2,93.1,46.4,11.3,29.9,37.8,16.5,22.7,72.6,11.0,34.4,45.4,25.4,8.3,4.4,12.9,21.4
San Antonio Spurs,2018,82,111.7,42.3,88.4,47.8,9.9,25.3,39.2,17.2,21.0,81.9,9.2,35.5,44.7,24.5,6.1,4.7,11.8,18.1
Toronto Raptors,2018,82,114.4,42.2,89.1,47.4,12.4,33.8,36.6,17.7,22.0,80.4,9.6,35.6,45.2,25.4,8.3,5.3,13.3,21.0
Utah Jazz,2018,82,111.7,40.4,86.4,46.8,12.1,34.0,35.6,18.8,25.5,73.6,10.0,36.4,46.4,26.0,8.1,5.9,14.8,21.1
Washington Wizards,2018,82,114.0,42.1,90.1,46.8,11.3,33.3,34.1,18.4,23.9,76.8,9.7,32.7,42.4,26.3,8.3,4.6,13.7,20.7
Atlanta Hawks,2017,82,103.4,38.2,85.5,44.6,11.2,31.0,36.0,15.8,20.2,78.5,9.1,32.8,41.9,23.7,7.8,4.2,15.0,19.6
Boston Celtics,2017,82,104.0,38.3,85.1,45.0,11.5,30.4,37.7,16.0,20.7,77.1,9.4,35.1,44.5,22.5,7.4,4.5,13.3,19.7
Brooklyn Nets,2017,82,106.6,38.2,86.8,44.1,12.7,35.7,35.6,17.4,22.6,77.2,9.7,34.8,44.4,23.7,6.2,4.8,14.2,20.6
Charlotte Hornets,2017,82,108.2,39.0,86.7,45.0,10.0,27.2,36.9,20.2,27.0,74.7,10.1,35.4,45.5,21.6,6.8,4.5,12.3,17.2
Chicago Bulls,2017,82,102.9,38.7,88.8,43.5,11.0,31.1,35.5,14.6,19.2,75.9,9.6,35.0,44.7,23.5,7.6,3.5,13.3,19.2
Cleveland Cavaliers,2017,82,110.9,40.4,84.8,47.6,12.0,32.1,37.2,18.1,23.3,77.9,8.5,33.7,42.1,23.4,7.1,3.8,13.3,18.6
Dallas Mavericks,2017,82,102.3,38.1,85.9,44.4,11.8,32.8,36.0,14.2,18.7,76.3,8.1,33.1,41.3,22.7,7.0,3.8,11.8,19.2
Denver Nuggets,2017,82,110.0,40.7,86.6,47.0,11.5,30.9,37.1,17.1,22.3,76.7,11.0,33.5,44.5,25.1,7.6,4.9,14.3,18.7
Detroit Pistons,2017,82,103.8,39.1,86.9,45.0,10.8,28.9,37.3,14.7,19.8,74.5,10.1,33.6,43.7,22.8,7.7,3.9,12.7,18.4
Golden State Warriors,2017,82,113.5,42.8,85.1,50.3,11.3,28.9,39.1,16.6,20.3,81.5,8.4,35.1,43.5,29.3,8.0,7.5,15.0,19.6
Houston Rockets,2017,82,112.4,38.7,84.2,46.0,15.3,42.3,36.2,19.6,25.1,78.1,9.0,34.5,43.5,21.5,8.5,4.8,13.2,19.5
Indiana Pacers,2017,82,105.6,40.8,86.4,47.2,9.0,24.5,36.9,14.9,19.2,77.9,9.6,32.7,42.3,22.2,8.8,4.1,12.8,18.8
LA Clippers,2017,82,109.0,40.3,85.4,47.1,9.5,26.8,35.4,19.0,25.5,74.3,10.1,33.7,43.9,22.3,7.7,4.5,14.1,20.0
Los Angeles Lakers,2017,82,108.1,40.7,88.4,46.1,10.0,29.1,34.5,16.6,23.3,71.4,10.7,35.7,46.4,23.8,7.7,4.7,15.3,21.2
Memphis Grizzlies,2017,82,99.3,36.7,82.8,44.4,9.2,26.2,35.2,16.6,21.1,78.6,9.5,31.0,40.5,21.5,7.5,4.8,14.4,23.2
Miami Heat,2017,82,103.4,38.8,85.3,45.5,11.0,30.6,36.0,14.7,19.5,75.5,9.3,34.2,43.5,22.7,7.6,5.3,13.6,20.1
Milwaukee Bucks,2017,82,106.5,39.7,83.0,47.8,8.8,24.7,35.5,18.3,23.4,78.3,8.4,31.5,39.8,23.2,8.8,5.4,13.1,21.4
Minnesota Timberwolves,2017,82,109.5,41.0,86.1,47.6,8.0,22.5,35.7,19.4,24.1,80.4,10.3,31.6,42.0,22.7,8.4,4.2,11.7,18.2
New Orleans Pelicans,2017,82,111.7,42.7,88.3,48.3,10.2,28.2,36.2,16.1,20.9,77.2,8.7,35.7,44.3,26.8,8.0,5.9,14.4,19.1
New York Knicks,2017,82,104.5,40.7,87.7,46.4,8.2,23.3,35.2,14.9,19.0,78.7,10.5,33.6,44.0,23.3,6.7,5.1,14.2,20.5
Oklahoma City Thunder,2017,82,107.9,39.9,88.0,45.3,10.7,30.4,35.4,17.3,24.2,71.6,12.5,32.6,45.1,21.3,9.1,5.0,13.4,20.2
Orlando Magic,2017,82,103.4,38.8,85.9,45.2,10.3,29.3,35.1,15.5,20.5,75.7,8.8,32.8,41.6,23.4,7.6,4.9,13.9,19.3
Philadelphia 76ers,2017,82,109.8,40.8,86.6,47.2,11.0,29.8,36.9,17.1,22.8,75.2,10.9,36.5,47.4,27.1,8.3,5.1,15.9,22.1
Phoenix Suns,2017,82,103.9,38.5,87.1,44.2,9.3,27.9,33.4,17.7,23.9,74.1,10.3,33.9,44.1,21.3,6.9,4.5,15.0,22.0
Portland Trail Blazers,2017,82,105.6,39.3,87.0,45.2,10.3,28.1,36.6,16.7,20.9,80.0,10.2,35.3,45.5,19.5,7.0,5.2,13.0,19.5
Sacramento Kings,2017,82,98.8,38.8,86.1,45.0,9.0,24.0,37.5,12.3,16.7,73.5,9.5,31.4,40.9,21.6,7.8,4.1,13.2,20.0
San Antonio Spurs,2017,82,102.7,39.0,85.4,45.7,8.5,24.1,35.2,16.1,20.9,77.2,10.4,33.9,44.2,22.8,7.7,5.6,12.7,17.2
Toronto Raptors,2017,82,111.7,41.3,87.4,47.2,11.8,33.0,35.8,17.3,21.8,79.4,9.8,34.2,44.0,24.3,7.6,6.1,12.7,21.7
Utah Jazz,2017,82,104.1,38.3,82.9,46.2,10.8,29.6,36.6,16.8,21.5,77.9,9.0,34.2,43.3,22.4,8.6,5.1,14.1,19.6
Washington Wizards,2017,82,106.6,39.9,85.6,46.7,9.9,26.5,37.5,16.8,21.8,77.2,10.0,33.1,43.1,25.2,7.9,4.3,14.0,21.3
Atlanta Hawks,2016,82,103.2,38.1,84.4,45.1,8.9,26.1,34.1,18.1,24.9,72.8,10.3,34.1,44.3,23.6,8.2,4.8,15.2,18.2
Boston Celtics,2016,82,108.0,38.6,85.1,45.4,12.0,33.4,35.9,18.7,23.2,80.7,9.1,32.9,42.0,25.2,7.5,4.1,12.6,20.6
Brooklyn Nets,2016,82,105.8,37.8,85.2,44.4,10.7,31.6,33.8,19.4,24.6,78.8,8.8,35.1,43.9,21.4,7.2,4.7,15.9,21.0
Charlotte Hornets,2016,82,104.9,37.7,85.4,44.2,10.0,28.6,35.1,19.4,23.8,81.5,8.8,34.8,43.6,23.1,7.0,4.8,11.0,16.6
Chicago Bulls,2016,82,102.9,38.6,87.1,44.4,7.6,22.3,34.0,18.0,22.5,79.8,12.2,34.1,46.3,22.6,7.8,4.8,13.0,17.7
Cleveland Cavaliers,2016,82,110.3,39.9,84.9,47.0,13.0,33.9,38.4,17.5,23.3,74.8,9.3,34.4,43.8,22.7,6.6,4.0,13.2,18.1
Dallas Mavericks,2016,82,97.9,36.2,82.3,44.0,10.7,30.2,35.5,14.8,18.5,80.1,7.9,30.7,38.6,20.8,7.5,3.7,11.2,19.1
Denver Nuggets,2016,82,111.7,41.2,87.7,46.9,10.6,28.8,36.8,18.7,24.2,77.4,11.8,34.6,46.4,25.3,6.9,3.9,14.5,19.1
Detroit Pistons,2016,82,101.3,39.9,88.8,44.9,7.7,23.3,33.0,13.9,19.3,71.9,11.1,34.6,45.7,21.1,7.0,3.8,11.4,17.9
Golden State Warriors,2016,82,115.9,43.1,87.1,49.5,12.0,31.2,38.3,17.8,22.6,78.8,9.4,35.0,44.4,30.4,9.6,6.8,14.4,19.3
Houston Rockets,2016,82,115.3,40.3,87.2,46.2,14.4,40.3,35.7,20.3,26.5,76.6,10.9,33.5,44.4,25.2,8.2,4.3,14.5,19.9
Indiana Pacers,2016,82,105.1,39.3,84.5,46.5,8.6,23.0,37.6,17.9,22.1,81.0,9.0,33.0,42.0,22.5,8.2,5.0,13.3,19.5
LA Clippers,2016,82,108.7,39.5,83.2,47.5,10.3,27.4,37.5,19.3,26.0,74.5,9.0,34.0,43.0,22.5,7.5,4.2,12.5,19.8
Los Angeles Lakers,2016,82,104.6,39.3,87.4,45.0,8.9,25.7,34.6,17.0,22.6,75.4,11.4,32.1,43.5,20.9,8.2,3.9,14.5,20.7
Memphis Grizzlies,2016,82,100.5,36.4,83.6,43.5,9.4,26.5,35.4,18.3,23.4,78.4,10.8,32.0,42.8,21.3,8.0,4.2,12.4,22.4
Miami Heat,2016,82,103.2,39.0,85.8,45.5,9.9,27.0,36.5,15.2,21.6,70.6,10.6,33.0,43.6,21.2,7.2,5.8,12.6,20.5
Milwaukee Bucks,2016,82,103.6,38.8,81.9,47.4,8.8,23.7,37.0,17.2,22.4,76.8,8.8,31.6,40.4,24.2,8.1,5.3,13.4,20.2
Minnesota Timberwolves,2016,82,105.6,39.5,84.4,46.7,7.3,21.0,34.9,19.3,24.2,79.9,11.4,31.0,42.4,23.7,8.0,4.5,13.4,20.1
New Orleans Pelicans,2016,82,104.3,39.1,87.0,45.0,9.4,26.8,35.0,16.7,22.3,75.0,8.6,35.1,43.7,22.8,7.8,5.5,12.3,18.2
New York Knicks,2016,82,104.3,39.6,88.5,44.7,8.6,24.7,34.8,16.6,21.1,78.8,12.0,33.2,45.2,21.8,7.1,5.5,13.2,20.3
Oklahoma City Thunder,2016,82,106.6,39.5,87.4,45.2,8.4,25.8,32.7,19.2,25.8,74.5,12.2,34.4,46.6,21.0,7.9,5.0,14.6,20.9
Orlando Magic,2016,82,101.1,38.3,87.0,44.0,8.5,26.1,32.8,16.0,21.4,74.7,9.8,33.3,43.2,22.2,7.1,4.8,12.8,19.3
Philadelphia 76ers,2016,82,102.4,37.7,85.2,44.2,10.1,29.8,34.0,17.0,22.0,77.1,9.8,33.0,42.8,23.8,8.4,5.1,16.0,21.9
Phoenix Suns,2016,82,107.7,39.9,88.5,45.0,7.5,22.6,33.2,20.4,26.3,77.6,11.9,33.1,45.0,19.6,8.2,4.9,14.9,24.8
Portland Trail Blazers,2016,82,107.9,39.5,86.1,45.9,10.4,27.7,37.5,18.5,23.7,78.0,10.1,33.5,43.7,21.1,7.0,5.0,13.1,21.2
Sacramento Kings,2016,82,102.8,37.9,82.1,46.1,9.0,23.9,37.6,18.1,23.3,77.5,8.7,32.3,41.1,22.5,7.6,4.0,14.1,20.3
San Antonio Spurs,2016,82,105.3,39.3,83.7,46.9,9.2,23.5,39.1,17.6,22.0,79.7,10.0,33.9,43.9,23.8,8.0,5.9,12.9,18.3
Toronto Raptors,2016,82,106.9,39.2,84.4,46.4,8.8,24.3,36.3,19.7,24.7,79.6,10.6,32.6,43.3,18.5,8.3,4.9,11.8,20.8
Utah Jazz,2016,82,100.7,37.0,79.5,46.6,9.6,26.0,37.2,17.1,22.9,74.7,9.4,33.8,43.2,20.1,6.7,5.0,12.9,18.8
Washington Wizards,2016,82,109.2,41.3,87.0,47.5,9.2,24.8,37.2,17.3,22.1,78.4,10.3,32.6,42.9,23.9,8.5,4.1,13.5,21.3
Atlanta Hawks,2015,82,102.8,38.6,84.4,45.8,9.9,28.4,35.0,15.6,20.0,78.3,8.3,33.8,42.1,25.6,9.1,5.9,14.5,19.1
Boston Celtics,2015,82,105.7,39.2,89.2,43.9,8.7,26.1,33.5,18.5,23.5,78.8,11.6,33.3,44.9,24.2,9.2,4.2,13.5,21.9
Brooklyn Nets,2015,82,98.6,38.2,84.4,45.3,6.5,18.4,35.2,15.7,20.7,75.7,10.5,31.9,42.4,22.3,7.6,4.0,14.3,18.0
Charlotte Hornets,2015,82,103.4,37.0,84.4,43.9,10.6,29.4,36.2,18.7,23.7,79.0,9.0,35.0,43.9,21.7,7.3,5.3,11.9,18.1
Chicago Bulls,2015,82,101.6,38.6,87.4,44.1,7.9,21.4,37.1,16.5,21.0,78.7,11.1,35.2,46.3,22.8,6.0,5.7,13.3,18.8
Cleveland Cavaliers,2015,82,104.3,38.7,84.0,46.0,10.7,29.6,36.2,16.3,21.7,74.8,10.6,33.9,44.5,22.7,6.7,3.9,12.9,20.3
Dallas Mavericks,2015,82,102.3,37.4,84.1,44.4,9.8,28.6,34.4,17.7,22.3,79.4,9.2,33.9,43.1,22.1,6.8,3.7,12.3,19.5
Denver Nuggets,2015,82,101.9,37.7,85.4,44.2,8.0,23.7,33.8,18.5,24.1,76.6,11.5,33.1,44.6,22.7,7.4,4.8,14.2,21.0
Detroit Pistons,2015,82,102.0,37.9,86.4,43.9,9.0,26.2,34.5,17.1,25.5,66.8,12.5,33.9,46.3,19.4,7.0,3.7,13.0,19.0
Golden State Warriors,2015,82,114.9,42.5,87.3,48.7,13.1,31.6,41.6,16.7,21.8,76.3,10.0,36.2,46.2,28.9,8.4,6.1,14.9,20.7
Houston Rockets,2015,82,106.5,37.7,83.5,45.2,10.7,30.9,34.7,20.4,29.4,69.4,11.3,31.7,43.1,22.2,10.0,5.2,15.2,21.8
Indiana Pacers,2015,82,102.2,38.3,85.2,45.0,8.1,23.0,35.1,17.4,22.8,76.4,10.3,33.9,44.2,21.2,9.0,4.8,14.3,20.0
LA Clippers,2015,82,104.5,38.3,82.4,46.5,9.7,26.7,36.4,18.2,26.2,69.2,8.8,33.3,42.0,22.8,8.6,5.6,12.4,21.3
Los Angeles Lakers,2015,82,97.3,35.1,84.8,41.4,7.8,24.6,31.7,19.3,24.7,78.1,10.7,32.3,43.0,18.0,7.2,4.1,13.0,20.3
Memphis Grizzlies,2015,82,99.1,36.8,83.6,44.0,6.1,18.5,33.1,19.3,24.7,78.3,11.2,30.5,41.6,20.7,8.8,4.3,12.7,21.7
Miami Heat,2015,82,100.0,38.4,81.7,47.0,6.1,18.0,33.6,17.1,23.0,74.4,9.8,34.3,44.1,20.8,6.7,6.5,13.2,18.3
Milwaukee Bucks,2015,82,99.0,38.4,82.2,46.7,5.4,15.6,34.5,17.0,22.7,74.7,10.5,31.2,41.7,23.1,8.2,5.8,14.6,20.7
Minnesota Timberwolves,2015,82,102.4,37.7,81.3,46.4,5.5,16.4,33.8,21.4,27.0,79.2,10.0,31.5,41.6,23.4,8.0,4.6,14.4,20.7
New Orleans Pelicans,2015,82,102.7,38.5,85.9,44.8,8.6,23.8,36.0,17.3,22.2,77.6,9.5,33.1,42.6,22.2,7.7,4.2,13.0,20.9
New York Knicks,2015,82,98.4,36.9,84.0,43.9,7.4,21.5,34.6,17.2,21.4,80.5,10.4,34.0,44.4,20.5,5.7,5.7,12.7,19.7
Oklahoma City Thunder,2015,82,110.2,41.1,86.4,47.6,8.3,23.7,34.8,19.7,25.2,78.2,13.1,35.6,48.6,23.0,7.4,5.9,15.5,20.6
Orlando Magic,2015,82,102.1,39.5,86.8,45.5,7.8,22.2,35.0,15.2,20.1,75.7,10.3,33.0,43.3,23.6,8.2,5.1,13.6,20.7
Philadelphia 76ers,2015,82,97.4,36.2,84.0,43.1,9.3,27.5,33.9,15.7,22.6,69.4,9.5,31.8,41.2,21.5,8.3,6.0,15.6,21.7
Phoenix Suns,2015,82,100.9,37.2,85.6,43.5,9.0,25.8,34.8,17.5,23.2,75.1,11.5,33.3,44.8,20.7,7.7,3.8,16.6,22.7
Portland Trail Blazers,2015,82,105.1,38.6,85.9,45.0,10.5,28.5,37.0,17.4,23.0,75.4,11.6,33.9,45.5,21.3,6.9,4.6,14.1,21.7
Sacramento Kings,2015,82,106.6,40.0,86.4,46.3,8.0,22.4,35.9,18.5,25.5,72.5,10.6,33.7,44.2,24.5,8.9,4.5,15.5,20.4
San Antonio Spurs,2015,82,103.5,40.1,82.9,48.4,7.0,18.5,37.5,16.4,20.4,80.3,9.4,34.5,43.9,24.5,8.3,5.9,12.5,17.5
Toronto Raptors,2015,82,102.7,36.7,81.3,45.1,8.6,23.4,37.0,20.8,26.7,77.7,10.2,33.2,43.4,18.7,7.8,5.5,12.1,19.6
Utah Jazz,2015,82,97.7,36.1,80.4,44.9,8.5,23.8,35.5,17.1,23.0,74.4,10.7,32.5,43.2,19.0,7.7,5.2,14.2,20.2
Washington Wizards,2015,82,104.1,39.5,85.8,46.0,8.6,24.2,35.8,16.5,22.5,73.0,9.1,32.8,41.8,24.5,8.6,3.9,13.9,20.8
Atlanta Hawks,2014,82,102.5,38.1,81.7,46.6,10.0,26.2,38.0,16.5,21.2,77.8,8.7,31.8,40.6,25.7,9.1,4.6,13.5,17.8
Boston Celtics,2014,82,101.4,38.9,87.9,44.3,8.0,24.6,32.7,15.4,20.5,75.4,11.1,32.7,43.8,24.5,8.2,3.6,13.3,21.2
Brooklyn Nets,2014,82,98.0,37.4,83.0,45.1,6.6,19.9,33.1,16.6,22.2,74.8,10.3,32.0,42.4,20.9,7.0,4.1,13.4,19.3
Charlotte Hornets,2014,82,94.2,35.5,84.5,42.0,6.1,19.1,31.8,17.0,22.8,74.8,10.0,34.1,44.1,20.2,6.1,5.5,11.2,18.2
Chicago Bulls,2014,82,100.8,36.6,82.9,44.2,7.9,22.3,35.3,19.7,25.2,78.3,11.7,34.0,45.7,21.7,6.3,5.8,13.2,18.2
Cleveland Cavaliers,2014,82,103.1,37.7,82.2,45.8,10.1,27.5,36.7,17.7,23.6,75.1,11.1,31.9,43.0,22.1,7.4,4.1,13.6,18.4
Dallas Mavericks,2014,82,105.2,39.7,85.8,46.3,8.9,25.4,35.2,16.9,22.5,75.2,10.5,31.8,42.3,22.5,8.1,4.5,12.5,20.0
Denver Nuggets,2014,82,101.5,37.8,87.3,43.3,8.0,24.8,32.5,17.8,24.3,73.4,12.3,32.4,44.7,21.8,7.8,4.5,13.8,23.0
Detroit Pistons,2014,82,98.5,37.1,85.8,43.2,8.6,24.9,34.4,15.8,22.4,70.3,12.8,32.1,44.9,21.6,7.6,4.7,12.6,19.0
Golden State Warriors,2014,82,110.0,41.6,87.0,47.8,10.8,27.0,39.8,16.0,20.8,76.8,10.4,34.3,44.7,27.4,9.3,6.0,14.1,19.9
Houston Rockets,2014,82,103.9,37.0,83.3,44.4,11.4,32.7,34.8,18.6,26.0,71.5,11.7,32.0,43.7,22.2,9.5,5.0,15.9,22.0
Indiana Pacers,2014,82,97.3,36.6,83.2,43.9,7.5,21.2,35.2,16.7,22.2,75.6,10.4,34.4,44.9,21.4,6.2,4.6,13.3,21.2
LA Clippers,2014,82,106.7,39.4,83.3,47.3,10.1,26.9,37.6,17.9,25.2,71.0,9.6,33.1,42.6,24.8,7.8,5.0,11.8,21.3
Los Angeles Lakers,2014,82,98.5,37.2,85.6,43.5,6.5,18.9,34.4,17.5,23.6,74.1,11.6,32.3,43.9,20.9,7.0,4.5,12.6,21.2
Memphis Grizzlies,2014,82,98.3,37.8,82.5,45.8,5.2,15.2,33.9,17.6,22.8,77.3,10.4,32.1,42.6,21.7,8.5,4.2,13.0,19.1
Miami Heat,2014,82,94.7,35.2,77.2,45.6,6.8,20.2,33.5,17.5,23.7,74.1,9.1,30.0,39.1,19.8,7.8,4.5,13.9,20.0
Milwaukee Bucks,2014,82,97.8,37.6,82.0,45.9,6.6,18.3,36.3,16.0,21.1,75.7,10.7,31.4,42.1,23.6,9.6,4.9,16.0,22.1
Minnesota Timberwolves,2014,82,97.8,36.4,83.2,43.8,5.0,14.9,33.2,20.0,25.7,77.6,11.6,29.3,40.9,21.6,8.1,4.0,14.3,19.2
New Orleans Pelicans,2014,82,99.4,37.9,82.9,45.7,7.1,19.3,37.0,16.4,21.8,75.1,11.5,32.0,43.5,22.0,6.7,6.2,12.6,18.7
New York Knicks,2014,82,91.9,35.1,82.0,42.8,6.8,19.7,34.7,14.8,19.2,76.9,10.6,29.8,40.4,21.3,7.0,4.7,13.8,21.6
Oklahoma City Thunder,2014,82,104.0,38.8,86.8,44.7,7.7,22.7,33.9,18.6,24.6,75.4,12.8,34.7,47.5,20.5,7.3,5.5,14.0,22.3
Orlando Magic,2014,82,95.7,37.5,82.8,45.3,6.8,19.5,34.7,13.9,19.1,72.9,10.0,31.8,41.8,20.6,7.9,3.8,14.3,20.9
Philadelphia 76ers,2014,82,92.0,33.7,82.6,40.8,8.4,26.3,32.0,16.1,23.8,67.6,11.9,30.9,42.9,20.5,9.6,5.9,16.9,21.7
Phoenix Suns,2014,82,102.4,38.8,85.8,45.2,8.5,25.0,34.1,16.4,21.5,76.0,10.9,32.2,43.2,20.2,8.5,4.7,14.5,21.3
Portland Trail Blazers,2014,82,102.8,38.7,86.0,45.0,9.8,27.2,36.2,15.5,19.4,80.1,10.7,35.1,45.9,21.9,6.4,4.5,13.3,18.2
Sacramento Kings,2014,82,101.3,36.7,80.7,45.5,5.6,16.5,34.1,22.3,29.3,76.2,10.9,33.3,44.2,20.3,6.7,4.0,15.6,20.7
San Antonio Spurs,2014,82,103.2,39.1,83.6,46.8,8.3,22.5,36.7,16.7,21.4,78.0,9.8,33.8,43.6,24.4,8.0,5.4,13.5,19.1
Toronto Raptors,2014,82,104.0,37.9,83.3,45.5,8.9,25.1,35.2,19.3,24.6,78.7,10.7,30.8,41.5,20.7,7.5,4.4,12.2,20.9
Utah Jazz,2014,82,95.1,35.4,79.2,44.7,7.4,21.7,34.3,17.0,23.5,72.1,12.0,31.9,44.0,19.9,7.6,6.0,14.2,19.3
Washington Wizards,2014,82,98.5,38.3,82.8,46.2,6.1,16.8,36.0,15.9,21.4,74.2,10.5,34.2,44.7,24.0,7.3,4.6,14.4,20.8
Atlanta Hawks,2013,82,101.0,37.3,81.6,45.8,9.4,25.8,36.3,17.0,21.7,78.1,8.7,31.3,40.0,24.9,8.3,4.0,14.5,19.2
Boston Celtics,2013,82,96.2,36.5,83.9,43.5,7.0,21.1,33.3,16.2,20.8,77.7,12.0,30.5,42.5,21.0,7.1,4.2,14.4,21.3
Brooklyn Nets,2013,82,98.5,35.7,77.9,45.9,8.6,23.4,36.9,18.4,24.4,75.3,8.8,29.4,38.1,20.9,8.6,3.8,14.0,21.7
Charlotte Bobcats,2013,82,96.9,36.3,82.1,44.2,6.3,17.9,35.1,18.0,24.4,73.7,9.5,33.2,42.7,21.7,6.1,5.1,11.6,18.2
Chicago Bulls,2013,82,93.7,34.7,80.2,43.2,6.2,17.8,34.8,18.1,23.3,77.9,11.4,32.7,44.1,22.7,7.2,5.2,14.0,19.1
Cleveland Cavaliers,2013,82,98.2,37.0,84.8,43.7,7.1,20.0,35.6,17.0,22.7,75.1,12.1,32.1,44.1,21.2,7.1,3.7,13.5,20.0
Dallas Mavericks,2013,82,104.8,39.6,83.6,47.4,8.8,22.9,38.4,16.8,21.1,79.5,10.2,30.7,40.9,23.6,8.6,4.3,13.2,20.0
Denver Nuggets,2013,82,104.4,38.4,85.9,44.7,8.6,23.9,35.8,19.1,26.3,72.6,12.3,33.1,45.4,22.4,7.5,5.6,15.4,23.0
Detroit Pistons,2013,82,101.0,38.8,86.9,44.7,6.2,19.3,32.1,17.3,25.7,67.0,14.6,30.8,45.4,20.9,8.4,4.8,13.9,20.3
Golden State Warriors,2013,82,104.3,39.5,85.4,46.2,9.4,24.8,38.0,15.9,21.1,75.3,10.9,34.4,45.3,23.3,7.8,5.0,14.9,21.8
Houston Rockets,2013,82,107.7,38.0,80.5,47.2,9.5,26.6,35.8,22.1,31.1,71.2,11.2,34.1,45.3,21.4,7.6,5.6,15.4,20.4
Indiana Pacers,2013,82,96.7,36.0,80.2,44.9,6.7,18.8,35.7,18.1,23.3,77.9,10.2,34.5,44.7,20.1,6.7,5.4,14.5,20.4
LA Clippers,2013,82,107.9,39.1,82.5,47.4,8.5,24.0,35.2,21.2,29.1,73.0,10.5,32.5,43.0,24.6,8.6,4.8,13.3,21.5
Los Angeles Lakers,2013,82,103.0,38.3,85.1,45.0,9.4,24.8,38.1,17.0,22.4,75.7,9.1,32.0,41.0,24.5,7.5,5.4,14.8,19.8
Memphis Grizzlies,2013,82,96.1,38.1,82.0,46.4,4.9,14.0,35.3,15.1,20.3,74.1,11.6,30.8,42.4,21.9,7.7,4.6,12.9,19.1
Miami Heat,2013,82,102.2,38.3,76.5,50.1,8.1,22.3,36.4,17.5,23.0,76.0,7.6,29.2,36.9,22.5,8.9,4.5,14.2,19.5
Milwaukee Bucks,2013,82,95.5,36.0,82.2,43.8,6.7,18.9,35.3,16.8,22.5,74.7,11.8,29.3,41.1,21.5,6.6,4.9,14.3,20.9
Minnesota Timberwolves,2013,82,106.9,38.9,87.5,44.4,7.3,21.4,34.1,21.8,28.1,77.8,12.5,32.2,44.7,24.0,8.8,3.6,13.5,18.3
New Orleans Pelicans,2013,82,99.7,37.8,82.5,45.9,5.9,15.9,37.3,18.2,23.6,76.9,11.4,30.3,41.7,21.3,7.9,6.4,13.0,22.6
New York Knicks,2013,82,98.6,36.9,82.2,44.9,9.3,24.9,37.2,15.5,20.4,76.1,10.6,29.7,40.3,20.0,7.7,4.5,12.4,22.1
Oklahoma City Thunder,2013,82,106.2,39.0,82.7,47.1,8.1,22.4,36.1,20.2,25.0,80.6,10.8,33.9,44.7,21.9,8.3,6.1,14.8,22.7
Orlando Magic,2013,82,96.5,36.9,82.7,44.5,6.9,19.5,35.3,15.9,20.9,76.3,9.7,32.4,42.0,21.0,7.7,4.3,14.2,20.5
Philadelphia 76ers,2013,82,99.5,37.9,87.2,43.5,7.0,22.5,31.2,16.6,23.4,71.0,11.6,31.2,42.7,21.8,9.3,4.0,16.4,22.5
Phoenix Suns,2013,82,105.2,38.7,83.5,46.3,9.3,25.1,37.2,18.5,24.4,75.8,11.3,31.7,43.0,19.1,8.4,4.6,14.8,21.9
Portland Trail Blazers,2013,82,106.7,39.1,87.0,45.0,9.4,25.3,37.2,19.1,23.5,81.5,12.5,34.0,46.4,23.2,5.5,4.7,13.3,19.2
Sacramento Kings,2013,82,100.5,36.9,82.5,44.7,6.0,18.0,33.3,20.7,27.3,75.9,12.1,32.4,44.5,18.9,7.2,3.9,14.7,22.5
San Antonio Spurs,2013,82,105.4,40.6,83.5,48.6,8.5,21.4,39.7,15.7,20.0,78.5,9.3,34.0,43.3,25.2,7.4,5.1,14.1,18.2
Toronto Raptors,2013,82,101.3,36.5,81.9,44.5,8.7,23.4,37.2,19.6,25.1,78.2,11.4,31.1,42.5,21.2,7.0,4.2,13.4,23.0
Utah Jazz,2013,82,95.0,36.0,81.1,44.4,6.6,19.2,34.4,16.4,22.0,74.7,11.0,30.2,41.2,20.3,7.0,4.5,14.0,20.7
Washington Wizards,2013,82,100.7,38.7,84.4,45.9,7.9,20.8,38.0,15.3,20.9,73.1,10.8,31.4,42.2,23.3,8.1,4.6,14.1,20.4
Atlanta Hawks,2012,82,98.0,37.6,81.0,46.4,8.6,23.2,37.1,14.1,19.7,71.5,9.2,31.6,40.9,24.5,8.1,4.5,14.3,18.0
Boston Celtics,2012,81,96.5,37.0,79.7,46.5,6.1,17.2,35.8,16.3,21.0,77.6,8.1,31.3,39.3,22.8,8.2,4.5,13.9,21.2
Brooklyn Nets,2012,82,96.9,35.9,79.8,45.0,7.7,21.5,35.7,17.5,23.9,73.1,12.8,30.0,42.8,20.3,7.3,4.8,13.9,18.3
Charlotte Bobcats,2012,82,93.4,34.4,81.1,42.5,5.7,17.1,33.5,18.9,25.1,75.0,11.2,29.1,40.3,19.4,7.2,5.8,13.1,19.0
Chicago Bulls,2012,82,93.2,35.7,81.7,43.7,5.4,15.4,35.3,16.4,21.2,77.3,12.5,30.7,43.2,23.0,7.2,5.1,13.7,19.7
Cleveland Cavaliers,2012,82,96.5,36.5,84.2,43.4,6.7,19.3,34.6,16.8,22.3,75.6,12.2,28.8,41.0,20.7,7.9,4.1,13.4,21.2
Dallas Mavericks,2012,82,101.1,38.8,84.0,46.2,7.4,19.9,37.2,16.1,20.4,79.3,9.4,32.6,41.9,23.2,7.9,5.5,13.5,20.7
Denver Nuggets,2012,82,106.1,40.7,85.2,47.8,6.4,18.5,34.3,18.4,26.2,70.1,13.3,31.7,45.0,24.4,9.3,6.5,14.7,20.5
Detroit Pistons,2012,82,94.9,36.3,81.0,44.9,6.3,17.6,35.6,15.9,22.8,69.9,12.1,30.0,42.1,21.2,7.0,4.9,14.6,19.8
Golden State Warriors,2012,82,101.2,38.2,83.4,45.8,8.0,19.9,40.3,16.8,21.3,79.0,10.8,34.2,45.0,22.5,6.9,4.2,14.8,21.4
Houston Rockets,2012,82,106.0,38.1,82.7,46.1,10.6,28.9,36.6,19.2,25.5,75.4,11.1,32.3,43.4,23.2,8.3,4.4,15.8,20.3
Indiana Pacers,2012,81,94.7,35.1,80.6,43.6,6.9,19.7,34.7,17.6,23.6,74.6,12.9,33.0,45.9,20.3,7.2,6.3,14.5,20.0
LA Clippers,2012,82,101.1,38.5,80.6,47.8,7.6,21.4,35.8,16.4,23.0,71.1,11.4,30.2,41.6,23.9,9.6,5.6,13.8,20.9
Los Angeles Lakers,2012,82,102.2,37.1,81.0,45.8,8.7,24.6,35.5,19.3,27.9,69.2,11.5,33.3,44.8,22.2,7.0,5.2,14.6,17.9
Memphis Grizzlies,2012,82,93.4,36.1,81.5,44.4,4.7,13.5,34.5,16.5,21.3,77.3,12.9,29.8,42.7,20.9,8.6,5.3,13.2,20.2
Miami Heat,2012,82,102.9,38.4,77.4,49.6,8.7,22.1,39.6,17.4,23.0,75.4,8.2,30.4,38.6,23.0,8.7,5.4,13.3,18.7
Milwaukee Bucks,2012,82,98.9,38.1,87.8,43.5,7.3,20.4,36.0,15.3,20.7,73.6,13.0,30.9,44.0,22.9,8.4,6.7,13.6,19.0
Minnesota Timberwolves,2012,82,95.7,35.9,81.7,43.9,5.5,18.0,30.5,18.5,24.9,74.2,11.9,30.2,42.0,22.4,8.5,4.7,14.1,18.4
New Orleans Hornets,2012,82,94.1,36.0,80.4,44.8,6.5,18.0,36.3,15.5,20.0,77.6,12.0,29.6,41.6,21.0,6.3,5.4,13.7,20.4
New York Knicks,2012,82,100.0,36.5,81.6,44.8,10.9,28.9,37.6,16.0,21.1,75.9,10.9,29.7,40.6,19.3,8.2,3.6,11.6,20.1
Oklahoma City Thunder,2012,82,105.7,38.1,79.3,48.1,7.3,19.4,37.7,22.2,26.8,82.8,10.4,33.2,43.6,21.4,8.3,7.6,14.6,20.2
Orlando Magic,2012,82,94.1,37.7,84.2,44.8,6.2,18.7,32.9,12.5,16.6,75.5,10.9,31.9,42.7,22.8,6.4,4.4,14.0,19.4
Philadelphia 76ers,2012,82,93.2,37.3,84.1,44.4,6.3,17.5,36.0,12.2,16.8,72.9,10.9,30.4,41.3,22.8,7.4,4.7,12.6,18.4
Phoenix Suns,2012,82,95.2,37.3,84.4,44.3,5.9,17.7,33.0,14.7,19.7,74.4,11.7,29.9,41.6,22.6,8.0,5.3,14.9,20.6
Portland Trail Blazers,2012,82,97.5,36.7,81.9,44.8,8.2,23.2,35.3,15.9,20.5,77.6,10.7,30.2,40.8,21.8,6.6,4.3,14.2,18.5
Sacramento Kings,2012,82,100.2,37.6,84.2,44.7,7.4,20.5,36.3,17.5,22.8,76.9,11.5,29.1,40.6,20.8,8.2,4.2,14.0,20.9
San Antonio Spurs,2012,82,103.0,39.1,81.4,48.1,8.1,21.5,37.6,16.6,21.0,79.1,8.1,33.2,41.3,25.1,8.5,5.4,14.1,17.4
Toronto Raptors,2012,82,97.2,36.3,81.5,44.6,7.0,20.3,34.3,17.6,22.3,78.8,10.6,29.6,40.2,21.5,7.3,4.8,13.2,22.4
Utah Jazz,2012,82,98.0,37.1,81.8,45.4,6.2,16.9,36.6,17.5,23.0,76.4,12.1,30.0,42.0,22.7,8.4,6.3,14.2,21.3
Washington Wizards,2012,82,93.2,35.5,81.6,43.5,6.6,18.2,36.5,15.6,21.3,73.3,10.8,32.3,43.2,21.6,7.3,4.6,14.6,20.5
Atlanta Hawks,2011,66,96.6,36.8,81.0,45.4,7.5,20.2,37.0,15.5,21.0,74.0,9.9,31.3,41.2,22.4,8.1,4.6,14.0,17.8
Boston Celtics,2011,66,91.8,35.5,77.1,46.0,5.5,15.0,36.7,15.4,19.8,77.8,7.7,31.1,38.8,23.6,7.5,5.5,14.8,19.9
Charlotte Bobcats,2011,66,87.0,33.2,80.2,41.4,4.0,13.5,29.5,16.5,22.2,74.6,10.3,28.7,39.0,20.1,6.0,5.5,14.5,18.9
Chicago Bulls,2011,66,96.3,37.4,82.8,45.2,6.3,16.9,37.5,15.2,21.1,72.2,13.9,32.8,46.7,23.1,6.9,5.9,14.0,17.3
Cleveland Cavaliers,2011,66,93.0,34.3,81.2,42.2,6.7,19.3,34.6,17.8,24.9,71.6,12.7,29.5,42.3,19.8,7.1,4.0,15.4,20.0
Dallas Mavericks,2011,66,95.8,36.3,82.0,44.3,7.5,22.2,33.9,15.6,20.2,77.1,10.1,32.7,42.8,20.9,8.6,5.1,14.0,18.6
Denver Nuggets,2011,66,104.1,39.0,81.9,47.6,6.6,19.9,33.2,19.6,26.7,73.5,11.2,31.9,43.1,24.0,8.2,5.0,15.4,19.7
Detroit Pistons,2011,66,90.9,34.7,79.3,43.8,4.8,13.9,34.6,16.6,22.1,75.2,11.7,28.5,40.3,18.7,7.0,4.2,15.7,19.6
Golden State Warriors,2011,66,97.8,37.7,82.5,45.7,7.9,20.5,38.8,14.4,18.7,77.0,9.7,29.5,39.2,22.3,8.0,5.5,13.9,21.4
Houston Rockets,2011,66,98.1,37.7,84.0,44.9,7.2,20.2,35.9,15.4,19.7,78.2,11.7,30.5,42.2,21.3,7.5,4.8,14.5,20.4
Indiana Pacers,2011,66,97.7,35.7,81.4,43.8,5.9,16.1,36.8,20.4,26.1,78.2,12.5,31.4,43.9,18.6,7.9,5.4,14.0,21.7
LA Clippers,2011,66,97.5,37.0,81.3,45.5,7.8,21.8,35.7,15.8,23.3,68.0,12.1,29.4,41.6,21.0,8.4,4.8,13.3,21.2
Los Angeles Lakers,2011,66,97.3,36.8,80.6,45.7,5.5,16.8,32.6,18.2,24.1,75.6,12.1,34.1,46.2,22.5,5.9,5.3,15.1,16.8
Memphis Grizzlies,2011,66,95.0,36.7,82.2,44.7,4.2,12.9,32.6,17.3,22.8,75.9,12.6,29.5,42.0,19.5,9.6,5.2,14.5,19.9
Miami Heat,2011,66,98.5,37.1,79.0,46.9,5.6,15.6,35.9,18.8,24.2,77.5,10.4,31.2,41.6,20.0,8.9,5.4,15.2,19.4
Milwaukee Bucks,2011,66,99.0,37.9,85.6,44.3,6.6,19.2,34.5,16.6,21.4,77.4,12.4,30.0,42.5,23.5,8.3,5.1,14.1,19.3
Minnesota Timberwolves,2011,66,97.9,35.7,82.3,43.3,7.2,21.6,33.2,19.4,25.2,77.1,12.1,31.7,43.7,19.5,6.6,4.4,15.2,18.4
New Jersey Nets,2011,66,93.1,34.3,80.6,42.5,7.7,22.4,34.2,16.9,21.7,77.7,11.9,28.5,40.3,19.9,7.5,3.9,15.1,19.2
New Orleans Hornets,2011,66,89.6,34.8,77.3,45.1,3.9,11.8,33.3,16.0,21.2,75.7,11.0,30.2,41.1,20.7,7.4,4.8,15.5,20.1
New York Knicks,2011,66,97.8,35.8,80.8,44.3,7.8,23.3,33.6,18.3,24.8,74.1,11.3,30.5,41.7,20.1,9.4,4.2,16.0,21.1
Oklahoma City Thunder,2011,66,103.1,37.3,79.2,47.1,7.2,20.0,35.8,21.3,26.4,80.6,11.0,32.7,43.7,18.5,7.5,8.2,16.3,20.5
Orlando Magic,2011,66,94.2,34.5,78.2,44.1,10.2,27.0,37.5,15.1,22.8,66.0,11.2,31.2,42.5,20.0,6.8,4.2,14.9,17.7
Philadelphia 76ers,2011,66,93.6,37.4,83.6,44.8,5.3,14.6,36.2,13.5,18.2,74.2,10.7,32.5,43.2,22.0,8.0,5.2,11.2,17.5
Phoenix Suns,2011,66,98.4,37.8,82.5,45.8,6.7,19.6,34.3,16.0,21.2,75.7,10.9,30.8,41.7,22.5,6.5,5.5,14.1,18.7
Portland Trail Blazers,2011,66,97.2,36.4,82.1,44.3,7.2,20.9,34.6,17.2,21.6,79.6,11.1,29.5,40.7,20.4,8.0,4.9,14.2,19.0
Sacramento Kings,2011,66,98.8,37.7,86.5,43.6,6.2,19.7,31.6,17.1,23.2,73.6,13.4,29.5,42.9,19.3,8.5,4.9,14.4,19.5
San Antonio Spurs,2011,66,103.7,39.6,82.8,47.8,8.4,21.3,39.3,16.2,21.6,74.8,10.3,32.6,43.0,23.2,7.4,4.4,13.6,17.3
Toronto Raptors,2011,66,90.7,34.4,78.1,44.0,5.5,16.3,34.0,16.4,21.4,76.9,10.6,31.4,42.0,20.9,6.5,4.9,15.2,23.2
Utah Jazz,2011,66,99.7,38.2,83.8,45.6,4.1,12.8,32.3,19.1,25.3,75.4,13.0,31.1,44.2,21.8,8.3,5.8,14.2,21.8
Washington Wizards,2011,66,93.6,36.6,83.0,44.1,5.2,16.3,32.0,15.3,21.0,72.7,11.7,29.9,41.7,19.1,8.0,6.3,15.3,21.3
Atlanta Hawks,2010,82,95.0,36.2,78.4,46.2,6.1,17.4,35.2,16.4,21.1,77.9,9.3,30.0,39.3,22.0,6.1,4.2,13.6,19.0
Boston Celtics,2010,82,96.5,36.9,75.8,48.6,5.0,13.6,36.5,17.8,23.1,77.0,7.8,31.0,38.8,23.4,8.2,4.2,14.6,20.5
Charlotte Bobcats,2010,82,93.3,35.0,77.6,45.1,4.8,14.7,32.7,18.4,24.4,75.6,10.3,29.8,40.1,21.1,6.4,5.3,14.5,20.0
Chicago Bulls,2010,82,98.6,37.1,80.3,46.2,6.2,17.3,36.1,18.2,24.5,74.3,11.8,32.4,44.2,22.3,7.2,5.7,14.2,20.0
Cleveland Cavaliers,2010,82,95.5,35.2,81.1,43.4,6.2,18.2,34.2,18.9,25.3,74.5,10.4,29.9,40.3,21.0,6.6,4.2,14.2,20.1
Dallas Mavericks,2010,82,100.2,37.4,78.8,47.5,7.9,21.6,36.5,17.5,22.6,77.7,9.5,31.9,41.4,23.8,6.8,4.3,14.0,19.2
Denver Nuggets,2010,82,107.5,38.4,80.6,47.6,8.1,20.8,38.8,22.7,29.6,76.5,9.6,32.3,42.0,22.1,7.4,4.3,14.1,21.0
Detroit Pistons,2010,82,97.0,37.3,81.1,46.0,5.8,15.3,37.6,16.7,22.6,73.7,11.4,27.3,38.6,21.1,7.3,4.0,13.0,19.9
Golden State Warriors,2010,82,103.4,39.6,85.9,46.1,8.4,21.3,39.2,15.7,20.7,76.1,11.6,28.9,40.5,22.5,9.0,5.0,14.6,22.0
Houston Rockets,2010,82,105.9,38.7,85.1,45.4,8.3,22.5,36.7,20.3,25.4,80.1,11.7,31.1,42.8,23.8,7.1,4.5,13.5,20.0
Indiana Pacers,2010,82,99.8,36.6,82.8,44.2,7.1,20.2,35.4,19.4,24.8,78.2,11.1,32.4,43.5,19.6,7.1,5.6,15.4,21.7
LA Clippers,2010,82,98.6,36.8,80.4,45.7,6.3,18.5,33.8,18.9,26.7,70.7,11.6,30.5,42.1,22.1,7.1,4.9,16.4,21.1
Los Angeles Lakers,2010,82,101.5,38.1,82.4,46.3,6.4,18.1,35.2,18.8,24.1,77.9,12.1,31.9,44.0,22.0,7.3,5.1,13.1,19.0
Memphis Grizzlies,2010,82,99.9,39.0,82.9,47.1,3.8,11.3,33.4,18.1,24.2,75.0,11.8,29.2,41.0,20.6,9.4,5.4,14.0,20.8
Miami Heat,2010,82,102.1,37.0,76.8,48.1,6.7,18.0,37.0,21.5,27.9,76.9,9.6,32.5,42.1,20.0,6.6,5.2,13.9,20.4
Milwaukee Bucks,2010,82,91.9,34.3,79.8,43.0,5.9,17.2,34.2,17.4,22.9,75.7,10.5,30.2,40.8,18.8,7.5,4.9,13.5,20.5
Minnesota Timberwolves,2010,82,101.1,37.7,85.5,44.1,7.2,19.1,37.6,18.5,24.1,76.8,13.2,31.2,44.4,20.1,7.2,5.1,17.0,22.3
New Jersey Nets,2010,82,94.2,35.6,81.0,44.0,5.6,16.3,34.3,17.4,22.9,75.9,11.1,29.8,40.8,21.0,5.6,4.7,14.0,22.0
New Orleans Hornets,2010,82,94.9,35.9,78.2,45.9,5.4,15.0,36.0,17.7,23.1,76.5,10.0,30.1,40.1,20.6,7.6,4.4,13.0,21.0
New York Knicks,2010,82,106.5,38.3,83.7,45.7,9.3,25.4,36.8,20.6,25.5,80.9,10.3,30.1,40.5,21.4,7.6,5.8,13.7,21.3
Oklahoma City Thunder,2010,82,104.8,37.4,80.6,46.4,5.9,17.1,34.7,24.1,29.3,82.3,11.0,31.8,42.8,20.4,8.0,5.9,14.1,22.4
Orlando Magic,2010,82,99.2,36.0,78.2,46.1,9.4,25.6,36.6,17.7,25.6,69.2,10.5,32.7,43.2,20.0,6.7,4.7,14.9,20.0
Philadelphia 76ers,2010,82,99.0,38.1,82.6,46.1,5.4,15.2,35.5,17.4,22.6,77.0,10.4,31.4,41.8,22.7,7.6,4.3,13.0,19.4
Phoenix Suns,2010,82,105.0,39.3,83.5,47.0,8.5,22.6,37.7,18.0,23.6,75.9,10.0,30.2,40.2,23.7,6.6,4.4,14.3,20.3
Portland Trail Blazers,2010,82,96.3,36.0,80.5,44.7,6.3,18.3,34.5,18.0,22.4,80.4,12.1,27.2,39.3,21.2,8.0,4.4,13.0,19.3
Sacramento Kings,2010,82,99.4,38.2,85.1,44.9,5.2,15.6,33.5,17.7,24.2,73.4,13.1,30.8,43.9,20.4,7.4,4.8,16.1,22.0
San Antonio Spurs,2010,82,103.7,38.4,80.8,47.5,8.4,21.1,39.7,18.5,24.2,76.7,10.1,31.7,41.9,22.4,7.3,4.5,13.4,19.0
Toronto Raptors,2010,82,99.1,38.3,82.4,46.5,4.2,13.3,31.6,18.2,24.1,75.5,11.7,28.6,40.3,21.9,7.1,4.3,14.7,22.0
Utah Jazz,2010,82,99.4,37.4,80.4,46.5,5.3,15.3,34.6,19.4,25.1,77.1,11.0,28.5,39.5,23.4,7.7,5.9,14.3,22.7
Washington Wizards,2010,82,97.3,37.2,84.0,44.3,4.8,14.4,33.2,18.2,24.4,74.5,12.4,29.0,41.3,19.4,8.1,6.1,15.3,22.6
Atlanta Hawks,2009,82,101.7,38.8,82.9,46.8,6.4,17.7,36.0,17.7,23.3,75.9,11.8,29.9,41.7,21.8,7.2,5.0,12.0,19.9
Boston Celtics,2009,82,99.2,37.1,76.8,48.3,6.1,17.5,34.8,19.0,25.5,74.6,8.7,29.9,38.6,23.5,8.5,4.9,14.9,22.1
Charlotte Bobcats,2009,82,95.3,34.9,76.9,45.3,5.6,16.2,34.6,20.0,26.6,75.1,10.5,30.4,40.8,20.2,7.7,5.4,15.7,19.5
Chicago Bulls,2009,82,97.5,37.6,83.2,45.1,4.3,13.0,33.0,18.0,23.9,75.4,11.4,33.1,44.5,20.8,6.5,5.8,14.3,20.1
Cleveland Cavaliers,2009,82,102.1,37.8,77.9,48.5,7.3,19.3,38.1,19.1,26.6,72.0,9.6,32.8,42.5,22.4,6.9,5.2,13.9,19.4
Dallas Mavericks,2009,82,102.0,38.3,82.4,46.5,6.8,18.3,37.3,18.6,22.8,81.6,10.2,31.5,41.7,23.4,7.6,5.5,12.9,19.1
Denver Nuggets,2009,82,106.5,38.1,81.4,46.8,6.6,18.5,35.9,23.6,30.6,77.2,10.8,30.5,41.4,21.0,8.3,5.1,13.9,22.5
Detroit Pistons,2009,82,94.0,35.9,80.5,44.5,4.6,14.5,31.4,17.7,24.4,72.8,12.8,27.3,40.2,19.4,7.3,3.8,13.4,22.2
Golden State Warriors,2009,82,108.8,40.6,86.5,46.9,7.7,20.6,37.5,19.9,25.4,78.2,9.2,29.2,38.4,22.4,9.3,4.1,14.7,23.0
Houston Rockets,2009,82,102.4,37.7,84.4,44.7,7.9,22.4,35.1,19.0,24.7,77.2,11.8,30.1,42.0,21.8,7.1,3.9,14.5,20.9
Indiana Pacers,2009,82,100.8,36.8,83.2,44.3,8.0,23.1,34.8,19.1,24.6,77.5,9.6,31.9,41.5,21.1,7.1,5.4,15.0,22.5
LA Clippers,2009,82,95.7,36.6,80.5,45.5,5.9,17.8,33.2,16.6,22.8,73.0,11.3,30.5,41.8,22.1,6.5,5.7,15.7,19.3
Los Angeles Lakers,2009,82,101.7,38.3,83.8,45.7,6.5,19.0,34.1,18.5,24.2,76.5,11.9,32.5,44.3,21.1,7.5,4.9,13.4,19.4
Memphis Grizzlies,2009,82,102.5,39.3,83.8,46.9,4.2,12.4,33.7,19.7,26.9,73.3,13.0,30.4,43.5,18.8,7.9,4.9,15.2,20.2
Miami Heat,2009,82,96.5,36.4,79.5,45.8,6.0,17.4,34.6,17.7,23.5,75.2,10.7,31.1,41.8,18.9,7.4,5.6,13.2,20.9
Milwaukee Bucks,2009,82,97.7,37.2,85.3,43.6,7.9,22.1,35.6,15.4,20.4,75.5,11.8,31.2,43.0,21.2,7.1,4.7,13.2,22.2
Minnesota Timberwolves,2009,82,98.2,37.9,84.4,44.9,4.9,14.4,34.1,17.5,23.5,74.6,11.7,31.2,42.9,19.8,7.3,3.7,16.3,20.7
New Jersey Nets,2009,82,92.4,34.3,79.9,42.9,4.6,14.5,31.8,19.2,24.6,78.0,10.9,28.8,39.7,18.8,7.0,4.8,14.4,20.0
New Orleans Hornets,2009,82,100.2,38.8,83.4,46.4,7.0,19.2,36.3,15.8,20.3,77.8,10.4,29.9,40.3,22.3,7.6,3.7,13.5,19.6
New York Knicks,2009,82,102.1,38.1,83.9,45.5,9.1,26.2,34.6,16.8,21.5,78.2,10.2,30.2,40.4,21.6,7.1,3.7,14.0,20.0
Oklahoma City Thunder,2009,82,101.5,37.4,80.8,46.2,5.1,15.0,34.0,21.7,27.0,80.5,11.7,31.8,43.5,20.0,8.0,5.9,15.0,21.3
Orlando Magic,2009,82,102.8,36.6,78.0,47.0,10.3,27.3,37.5,19.2,26.5,72.4,9.9,33.4,43.2,19.7,6.2,5.6,14.1,19.9
Philadelphia 76ers,2009,82,97.7,37.6,81.8,46.0,5.8,16.8,34.3,16.7,22.0,75.6,11.5,29.5,41.0,21.0,8.1,5.4,14.5,20.5
Phoenix Suns,2009,82,110.2,40.7,82.8,49.2,8.9,21.6,41.2,19.9,25.8,77.0,11.1,31.9,43.0,23.3,5.8,5.1,14.8,20.9
Portland Trail Blazers,2009,82,98.1,36.3,78.7,46.1,6.0,16.9,35.4,19.6,24.8,79.0,11.1,29.1,40.2,20.4,6.4,4.3,12.3,20.9
Sacramento Kings,2009,82,100.0,38.3,84.1,45.6,5.9,16.9,34.9,17.4,24.0,72.6,11.9,30.7,42.6,20.5,6.9,4.5,15.0,22.3
San Antonio Spurs,2009,82,101.4,38.4,81.2,47.3,6.8,18.9,35.8,17.8,24.0,74.0,10.8,32.0,42.8,22.3,6.3,4.6,13.6,20.4
Toronto Raptors,2009,82,104.1,39.0,80.9,48.2,6.3,17.0,37.1,19.7,25.8,76.4,9.8,30.6,40.4,22.0,5.7,4.7,13.4,22.2
Utah Jazz,2009,82,104.2,39.4,80.2,49.1,5.4,14.7,36.4,20.2,27.2,74.1,10.6,31.6,42.2,26.7,8.2,4.9,15.2,22.7
Washington Wizards,2009,82,96.2,36.7,81.7,44.9,5.3,14.9,35.3,17.6,23.1,76.2,11.8,30.0,41.8,19.0,6.0,5.1,14.9,21.4
Atlanta Hawks,2008,82,98.1,36.0,78.7,45.8,7.3,19.9,36.6,18.7,25.4,73.7,10.6,29.4,40.0,20.2,7.4,4.6,12.8,19.6
Boston Celtics,2008,82,100.9,37.5,77.2,48.6,6.6,16.5,39.7,19.4,25.3,76.5,10.6,31.5,42.1,22.7,7.6,4.7,15.6,23.1
Charlotte Bobcats,2008,82,93.6,35.0,76.8,45.5,6.0,16.3,36.6,17.7,24.0,74.0,10.8,28.9,39.7,21.2,7.1,4.8,15.6,21.4
Chicago Bulls,2008,82,102.2,38.1,83.5,45.7,6.0,15.8,38.1,19.9,25.0,79.6,11.8,30.3,42.1,21.1,7.5,5.5,14.5,20.8
Cleveland Cavaliers,2008,82,100.3,36.9,78.7,46.8,8.0,20.4,39.3,18.6,24.5,75.7,10.8,31.4,42.2,20.3,7.2,5.3,12.7,20.3
Dallas Mavericks,2008,82,101.7,38.1,82.6,46.2,7.0,19.9,35.0,18.5,22.6,81.9,11.1,31.6,42.7,21.7,7.2,5.2,12.7,19.5
Denver Nuggets,2008,82,104.3,37.3,79.4,47.0,6.7,18.0,37.1,23.1,30.3,76.0,11.0,30.6,41.6,22.2,8.7,6.0,15.3,22.9
Detroit Pistons,2008,82,94.2,36.4,80.0,45.4,4.6,13.2,34.9,16.9,22.5,75.1,11.6,29.9,41.4,20.6,6.0,4.6,11.9,20.9
Golden State Warriors,2008,82,108.6,39.4,86.0,45.8,6.7,18.0,37.3,23.1,29.2,79.1,11.6,30.4,42.0,20.9,7.8,6.4,14.6,22.5
Houston Rockets,2008,82,98.4,36.1,79.6,45.3,7.6,20.2,37.5,18.7,23.2,80.5,10.5,32.5,43.0,20.3,6.7,4.3,14.1,18.9
Indiana Pacers,2008,82,105.1,39.3,86.3,45.5,8.0,21.0,37.8,18.6,23.0,80.7,11.3,32.5,43.7,21.6,7.0,5.3,14.5,23.1
LA Clippers,2008,82,95.1,36.0,81.7,44.1,6.5,18.5,35.4,16.5,22.4,73.6,10.9,29.0,39.8,21.0,7.0,5.9,14.9,20.1
Los Angeles Lakers,2008,82,106.9,40.3,85.1,47.4,6.7,18.5,36.1,19.6,25.5,77.0,12.4,31.5,43.9,23.3,8.8,5.1,13.5,20.7
Memphis Grizzlies,2008,82,93.9,34.9,77.0,45.4,4.9,13.5,36.0,19.1,25.3,75.6,10.3,28.5,38.8,17.4,7.5,4.7,15.3,21.7
Miami Heat,2008,82,98.3,37.0,81.0,45.7,7.1,19.9,35.7,17.2,22.8,75.4,10.1,29.4,39.5,20.4,7.9,5.5,12.5,20.7
Milwaukee Bucks,2008,82,99.3,36.7,82.4,44.5,6.2,17.2,36.3,19.7,25.2,78.0,11.9,28.9,40.7,22.0,7.4,3.8,14.1,24.2
Minnesota Timberwolves,2008,82,97.8,36.4,82.5,44.1,6.6,18.8,35.3,18.3,23.9,76.9,11.9,29.8,41.7,20.4,6.2,3.9,14.2,21.8
New Jersey Nets,2008,82,98.1,35.7,79.7,44.8,8.0,21.2,37.6,18.8,24.1,77.9,10.4,29.5,39.8,20.0,6.8,4.8,13.1,22.4
New Orleans Hornets,2008,82,95.8,35.5,77.6,45.7,6.8,18.6,36.4,18.0,22.4,80.7,9.8,29.9,39.7,19.6,7.2,4.1,12.5,20.3
New York Knicks,2008,82,105.2,38.5,86.5,44.5,10.0,27.9,36.0,18.2,23.2,78.4,11.1,31.0,42.1,21.2,7.4,2.5,14.3,20.4
Oklahoma City Thunder,2008,82,97.0,36.6,81.9,44.7,4.0,11.6,34.6,19.8,25.2,78.6,12.2,30.5,42.6,20.3,7.4,4.5,16.2,20.2
Orlando Magic,2008,82,101.0,35.7,78.2,45.7,10.0,26.2,38.1,19.6,27.5,71.5,10.0,33.3,43.3,19.4,7.0,5.4,13.9,20.3
Philadelphia 76ers,2008,82,97.4,36.5,79.7,45.9,4.2,13.1,31.8,20.1,27.0,74.5,12.7,28.5,41.2,20.1,8.0,5.1,14.1,20.1
Phoenix Suns,2008,82,109.4,41.1,81.6,50.4,6.7,17.6,38.3,20.4,27.5,74.4,11.0,30.7,41.7,23.2,7.2,5.1,15.7,20.6
Portland Trail Blazers,2008,82,99.4,36.8,79.2,46.5,7.3,19.0,38.3,18.5,24.2,76.5,12.9,28.8,41.7,20.3,6.7,4.9,12.9,20.4
Sacramento Kings,2008,82,100.6,36.5,81.5,44.7,7.1,19.4,36.8,20.5,25.7,79.8,10.2,28.9,39.1,19.7,6.9,4.3,15.4,23.3
San Antonio Spurs,2008,82,97.0,37.1,79.7,46.6,7.6,19.8,38.6,15.2,20.0,76.1,8.9,32.2,41.0,21.2,5.8,4.0,11.7,18.9
Toronto Raptors,2008,82,99.0,37.2,81.4,45.8,5.8,15.7,37.2,18.7,22.7,82.4,9.8,30.6,40.4,22.4,6.4,4.8,13.4,19.4
Utah Jazz,2008,82,103.6,38.3,80.8,47.5,4.8,13.7,34.9,22.1,28.7,77.1,11.5,29.5,41.0,24.7,8.8,4.6,14.8,22.3
Washington Wizards,2008,82,96.1,36.5,81.2,45.0,4.8,14.6,33.0,18.2,23.8,76.7,11.7,28.4,40.1,20.0,7.5,4.5,14.0,20.5
Atlanta Hawks,2007,82,98.2,36.3,79.9,45.4,4.7,13.1,35.6,21.0,27.2,77.2,12.3,29.9,42.2,22.0,7.3,5.5,14.9,20.4
Boston Celtics,2007,82,100.5,36.4,76.7,47.5,7.3,19.1,38.1,20.5,26.5,77.1,10.1,31.9,42.0,22.4,8.5,4.6,15.2,22.7
Charlotte Bobcats,2007,82,97.1,36.1,79.9,45.2,6.5,17.6,36.7,18.4,25.8,71.4,10.9,29.8,40.6,21.3,7.5,4.9,14.7,21.7
Chicago Bulls,2007,82,97.3,36.4,83.7,43.5,5.8,15.9,36.3,18.7,24.7,75.6,12.8,30.2,43.0,22.1,7.7,5.2,14.6,21.8
Cleveland Cavaliers,2007,82,96.4,35.8,81.7,43.9,6.7,18.8,35.8,18.0,25.1,71.7,13.3,31.3,44.6,20.0,7.1,5.2,14.0,20.9
Dallas Mavericks,2007,82,100.4,36.9,79.5,46.4,6.0,17.1,35.2,20.6,25.3,81.4,10.8,32.2,43.0,21.0,6.0,4.9,12.6,21.8
Denver Nuggets,2007,82,110.7,40.3,85.8,47.0,6.9,19.6,35.5,23.1,30.7,75.1,11.2,32.9,44.1,24.7,9.2,6.7,14.7,21.1
Detroit Pistons,2007,82,97.5,36.6,79.9,45.8,5.9,16.2,36.6,18.4,24.0,76.7,11.9,29.5,41.4,22.3,7.1,5.8,11.7,20.6
Golden State Warriors,2007,82,111.0,41.5,90.3,45.9,9.3,26.6,34.8,18.8,24.9,75.2,12.7,30.4,43.2,22.4,9.1,4.6,13.2,22.9
Houston Rockets,2007,82,96.7,36.6,81.7,44.8,7.1,20.8,34.2,16.4,22.5,72.6,12.2,32.4,44.6,21.4,7.3,5.1,13.7,19.6
Indiana Pacers,2007,82,104.0,37.8,85.3,44.4,9.2,24.6,37.4,19.1,24.9,76.8,11.0,32.1,43.1,22.7,7.6,5.0,15.1,23.4
LA Clippers,2007,82,93.8,34.4,78.6,43.8,4.3,13.2,32.4,20.8,26.6,78.1,9.8,30.4,40.1,21.1,6.8,4.9,14.4,21.3
Los Angeles Lakers,2007,82,108.6,39.6,83.1,47.6,8.1,21.4,37.8,21.3,27.7,76.9,11.0,33.2,44.1,24.4,8.0,5.3,14.1,20.6
Memphis Grizzlies,2007,82,100.7,37.3,82.2,45.4,7.6,21.7,34.9,18.5,25.6,72.3,10.3,31.3,41.6,19.2,6.1,4.7,15.3,19.4
Miami Heat,2007,82,91.4,34.2,77.3,44.3,6.0,16.7,35.8,16.9,23.2,72.7,9.1,28.6,37.6,20.0,7.2,4.3,14.7,20.4
Milwaukee Bucks,2007,82,97.0,36.9,82.3,44.9,5.5,16.0,34.4,17.7,24.1,73.3,12.9,28.8,41.7,21.5,6.6,4.4,14.8,21.3
Minnesota Timberwolves,2007,82,95.6,37.5,83.1,45.1,5.4,15.4,35.0,15.2,20.6,73.6,11.8,29.6,41.4,19.9,7.5,3.7,14.5,23.0
New Jersey Nets,2007,82,95.8,34.8,78.7,44.3,6.1,17.4,34.8,20.1,27.3,73.6,11.1,30.7,41.9,23.5,6.4,4.8,15.0,22.6
New Orleans Hornets,2007,82,100.9,38.6,82.9,46.6,7.7,19.8,38.9,16.0,20.8,76.9,11.4,30.4,41.8,21.8,7.8,3.9,11.9,18.7
New York Knicks,2007,82,96.9,36.2,82.4,43.9,6.0,17.7,33.7,18.6,25.5,72.7,12.5,30.0,42.5,18.7,6.4,2.6,14.5,21.5
Orlando Magic,2007,82,104.5,37.3,78.6,47.4,9.8,25.3,38.6,20.1,27.9,72.1,9.4,32.6,42.0,20.8,6.3,4.1,14.3,20.6
Philadelphia 76ers,2007,82,96.6,37.3,81.1,46.0,3.7,11.6,31.7,18.4,26.1,70.6,13.0,28.9,41.9,20.4,8.7,4.9,14.3,19.8
Phoenix Suns,2007,82,110.1,41.4,82.7,50.0,8.5,21.5,39.3,18.9,24.1,78.3,8.8,32.7,41.5,26.7,6.5,6.3,14.4,19.9
Portland Trail Blazers,2007,82,95.4,35.8,79.8,44.8,6.6,17.4,37.7,17.2,22.5,76.7,11.0,29.7,40.7,21.1,5.5,4.4,12.9,20.0
Sacramento Kings,2007,82,102.5,37.1,80.0,46.4,6.2,16.7,37.3,22.1,27.7,79.8,10.1,30.0,40.1,19.1,7.9,4.1,16.1,22.4
San Antonio Spurs,2007,82,95.4,35.8,78.3,45.7,7.2,19.6,36.9,16.5,21.6,76.1,9.4,31.9,41.3,21.0,6.4,4.1,12.6,18.7
Seattle SuperSonics,2007,82,97.5,38.1,85.8,44.4,3.8,11.5,33.3,17.5,22.8,77.0,11.8,32.8,44.6,21.3,6.5,4.9,16.0,20.5
Toronto Raptors,2007,82,100.2,38.4,82.0,46.8,7.0,17.8,39.2,16.4,20.2,81.2,9.6,30.4,40.1,23.8,7.0,4.1,11.7,19.5
Utah Jazz,2007,82,106.2,40.0,80.4,49.7,5.0,13.4,37.2,21.3,28.0,75.9,11.5,29.4,40.9,26.4,8.7,4.3,14.6,24.0
Washington Wizards,2007,82,98.8,36.4,81.6,44.6,7.0,19.7,35.6,19.0,24.3,78.2,12.3,29.3,41.6,19.6,7.7,4.8,13.2,19.6
Atlanta Hawks,2006,82,93.7,34.5,77.7,44.4,4.2,12.7,32.9,20.5,26.9,76.1,11.9,28.2,40.1,19.2,7.4,5.4,15.9,24.0
Boston Celtics,2006,82,95.8,34.9,78.7,44.3,5.7,15.6,36.7,20.4,26.6,76.7,11.2,29.2,40.4,19.9,7.2,4.7,16.5,24.0
Charlotte Bobcats,2006,82,96.9,36.1,81.0,44.6,5.6,15.6,35.7,19.1,26.0,73.4,11.2,28.6,39.8,22.4,7.8,4.5,14.9,24.2
Chicago Bulls,2006,82,98.8,37.1,81.3,45.7,5.9,15.1,38.8,18.6,25.4,73.4,12.0,31.7,43.7,22.3,7.8,5.4,16.0,23.3
Cleveland Cavaliers,2006,82,96.8,36.3,81.2,44.7,6.0,17.1,35.2,18.1,26.0,69.6,12.7,30.8,43.5,20.8,7.6,4.3,14.4,21.7
Dallas Mavericks,2006,82,100.0,36.7,78.6,46.7,6.5,17.1,38.1,20.1,24.9,80.5,11.2,30.7,41.9,19.9,6.8,5.0,13.9,22.4
Denver Nuggets,2006,82,105.4,38.6,83.0,46.5,5.9,17.6,33.6,22.3,29.9,74.6,12.2,31.2,43.4,23.4,8.3,5.3,16.5,21.4
Detroit Pistons,2006,82,96.0,35.9,79.1,45.4,5.5,15.9,34.4,18.8,24.2,77.4,11.6,29.0,40.5,21.6,7.1,5.8,12.2,20.4
Golden State Warriors,2006,82,106.5,39.8,86.0,46.3,8.5,24.0,35.6,18.5,25.8,71.7,11.5,30.0,41.4,23.8,9.1,5.7,16.0,23.6
Houston Rockets,2006,82,97.0,35.4,79.6,44.5,8.6,23.1,37.2,17.5,23.2,75.3,10.7,32.6,43.3,20.8,7.1,4.1,14.2,20.9
Indiana Pacers,2006,82,95.6,35.0,80.0,43.8,5.9,16.9,34.6,19.7,25.9,76.0,12.1,29.8,41.8,20.5,7.3,5.5,16.3,23.3
LA Clippers,2006,82,95.6,35.1,77.0,45.6,3.8,11.0,34.8,21.6,27.4,78.8,10.8,30.3,41.1,21.5,7.3,5.8,15.1,22.7
Los Angeles Lakers,2006,82,103.3,37.8,81.3,46.6,7.4,21.0,35.3,20.2,27.1,74.7,10.8,30.4,41.2,22.6,7.3,5.1,15.5,23.0
Memphis Grizzlies,2006,82,101.6,36.6,78.6,46.5,6.1,16.6,36.7,22.4,29.4,76.1,10.6,29.0,39.5,20.5,6.9,5.0,16.4,22.3
Miami Heat,2006,82,94.6,35.6,76.7,46.4,6.4,18.8,34.3,17.0,24.6,69.0,10.0,30.8,40.8,20.5,6.9,5.4,14.6,21.3
Milwaukee Bucks,2006,82,99.7,38.1,81.9,46.5,6.4,18.0,35.6,17.1,23.4,73.3,11.5,27.7,39.2,21.6,7.2,2.7,15.1,22.2
Minnesota Timberwolves,2006,82,96.1,36.5,79.3,46.1,4.7,13.3,35.3,18.3,23.1,79.2,10.0,30.2,40.2,22.5,6.5,4.0,15.6,21.4
NO/Oklahoma City Hornets,2006,82,95.5,36.2,81.4,44.5,5.5,15.3,36.2,17.5,23.7,74.0,12.5,30.6,43.1,18.7,6.4,4.2,14.5,19.8
New Jersey Nets,2006,82,97.6,35.5,77.8,45.7,7.4,20.4,36.3,19.1,26.3,72.7,10.0,30.8,40.8,23.9,6.1,3.3,14.8,22.8
New York Knicks,2006,82,97.5,35.4,77.5,45.7,5.8,16.7,34.6,20.9,29.2,71.5,12.6,30.7,43.3,18.7,6.6,3.2,17.1,23.6
Orlando Magic,2006,82,94.8,35.1,74.3,47.2,4.2,11.7,35.6,20.5,29.2,70.2,11.2,29.5,40.7,18.6,6.9,5.1,17.0,23.2
Philadelphia 76ers,2006,82,94.9,35.8,78.1,45.8,3.5,10.0,34.5,20.0,26.0,76.7,11.0,28.7,39.7,20.4,7.2,4.8,15.3,20.4
Phoenix Suns,2006,82,110.2,41.3,83.6,49.4,9.6,24.0,39.9,18.0,22.3,80.8,9.0,31.5,40.5,25.9,6.7,4.8,14.5,20.2
Portland Trail Blazers,2006,82,94.1,35.0,78.0,45.0,5.2,15.0,34.6,18.8,24.5,76.9,11.3,28.0,39.3,18.5,6.8,4.6,15.1,23.5
Sacramento Kings,2006,82,101.3,35.9,79.7,45.0,6.5,18.5,35.0,23.1,30.2,76.5,9.7,29.2,38.9,20.3,8.2,3.2,14.6,21.9
San Antonio Spurs,2006,82,98.5,36.6,77.2,47.4,7.3,19.0,38.1,18.1,24.1,75.1,9.3,31.4,40.7,22.1,7.2,5.1,13.9,19.4
Seattle SuperSonics,2006,82,99.1,37.2,80.8,46.0,6.4,17.7,36.2,18.4,23.3,79.1,11.3,28.3,39.6,20.7,7.7,3.7,15.5,22.0
Toronto Raptors,2006,82,99.5,37.0,79.8,46.3,6.5,17.9,36.3,19.0,24.2,78.8,9.2,30.2,39.5,22.2,7.1,3.9,13.5,20.4
Utah Jazz,2006,82,101.5,37.4,78.9,47.4,4.3,12.9,33.5,22.3,30.0,74.3,12.6,30.0,42.5,24.7,7.0,4.1,15.6,25.2
Washington Wizards,2006,82,104.3,37.4,83.2,45.0,6.8,19.7,34.8,22.6,29.6,76.5,12.2,29.0,41.2,20.2,7.7,4.6,13.8,22.2
Atlanta Hawks,2005,82,97.2,35.9,79.2,45.4,5.2,14.1,36.7,20.2,26.9,75.0,13.0,27.2,40.3,19.8,7.2,4.8,15.7,25.0
Boston Celtics,2005,82,98.0,36.0,77.1,46.7,5.7,15.7,36.2,20.3,26.9,75.5,9.9,29.7,39.6,20.9,7.0,5.1,16.6,24.8
Charlotte Bobcats,2005,82,96.9,36.1,83.5,43.3,5.2,15.4,33.9,19.4,26.7,72.9,12.1,27.7,39.8,20.9,10.0,4.3,14.2,23.9
Chicago Bulls,2005,82,97.8,36.6,82.2,44.6,6.8,18.0,37.9,17.7,24.0,73.8,11.0,31.7,42.8,22.0,6.2,4.2,14.9,24.9
Cleveland Cavaliers,2005,82,97.6,35.5,78.2,45.4,6.1,17.9,33.9,20.6,28.3,72.9,11.7,30.6,42.3,19.0,6.9,4.8,13.9,21.1
Dallas Mavericks,2005,82,99.1,36.0,77.7,46.2,5.1,13.6,37.4,22.2,28.3,78.3,12.6,29.6,42.2,18.0,7.2,6.0,13.6,22.4
Denver Nuggets,2005,82,100.3,37.5,81.4,46.1,4.3,13.1,32.5,21.0,28.2,74.4,11.0,30.3,41.3,23.4,8.5,5.6,14.8,22.7
Detroit Pistons,2005,82,96.8,36.4,80.0,45.5,6.8,17.7,38.4,17.3,23.8,72.7,11.9,28.6,40.5,24.0,7.1,6.0,11.4,18.5
Golden State Warriors,2005,82,98.5,35.8,82.7,43.3,7.6,22.3,34.1,19.2,26.7,71.8,12.0,30.3,42.3,20.7,7.4,4.4,14.1,23.7
Houston Rockets,2005,82,90.1,33.0,76.2,43.3,5.7,17.2,33.2,18.3,24.1,75.9,10.4,31.3,41.6,19.3,7.2,3.9,14.5,22.7
Indiana Pacers,2005,82,93.9,34.0,76.5,44.4,6.5,18.7,34.9,19.4,26.3,73.7,11.0,31.2,42.2,19.9,7.3,5.0,15.3,22.2
LA Clippers,2005,82,97.2,36.5,78.6,46.5,3.5,10.3,34.4,20.7,26.1,79.1,10.1,33.0,43.1,20.8,6.5,6.1,14.5,22.8
Los Angeles Lakers,2005,82,99.4,36.5,80.6,45.3,6.7,19.3,34.9,19.7,26.5,74.5,11.8,30.3,42.2,21.1,7.7,4.3,13.9,23.1
Memphis Grizzlies,2005,82,92.2,33.5,74.7,44.8,7.2,19.2,37.4,18.0,25.3,71.1,10.2,29.0,39.2,19.3,7.3,5.4,13.8,21.4
Miami Heat,2005,82,99.9,37.1,77.5,47.8,6.1,17.6,34.5,19.7,28.2,70.0,10.5,32.6,43.1,20.6,6.4,5.4,14.5,22.8
Milwaukee Bucks,2005,82,97.8,36.3,80.1,45.3,6.2,16.3,38.0,19.0,25.8,73.8,11.3,29.9,41.2,21.6,7.3,3.3,14.6,23.2
Minnesota Timberwolves,2005,82,91.7,35.2,77.3,45.6,3.8,11.5,32.9,17.5,23.1,75.8,9.9,29.5,39.4,20.9,6.8,5.7,14.5,23.0
NO/Oklahoma City Hornets,2005,82,92.8,34.5,78.4,44.0,3.7,10.8,33.9,20.1,26.5,75.8,11.2,29.0,40.2,18.5,7.5,3.8,13.4,21.8
New Jersey Nets,2005,82,93.8,33.9,77.0,44.0,5.8,17.6,33.0,20.2,26.7,75.8,10.0,31.0,41.0,23.0,6.8,3.4,13.6,23.2
New York Knicks,2005,82,95.6,34.4,75.7,45.5,3.9,10.8,36.2,22.9,31.5,72.6,12.6,28.8,41.4,17.9,6.8,3.3,17.7,26.3
Orlando Magic,2005,82,94.9,35.5,75.2,47.2,3.6,9.7,37.6,20.3,27.8,73.0,10.9,29.3,40.2,18.2,6.5,4.4,15.1,23.3
Philadelphia 76ers,2005,82,99.4,36.6,79.8,45.8,4.6,12.6,36.4,21.6,28.4,76.0,10.6,29.6,40.2,20.2,7.9,4.9,14.1,20.9
Phoenix Suns,2005,82,108.4,41.8,87.4,47.9,10.2,25.6,39.9,14.5,18.0,80.6,9.5,32.3,41.8,26.6,6.7,5.0,13.3,20.5
Portland Trail Blazers,2005,82,88.8,34.0,76.4,44.5,4.4,12.7,34.9,16.3,23.7,68.9,10.8,26.9,37.7,18.2,6.5,5.3,14.7,22.3
Sacramento Kings,2005,82,98.9,36.0,79.3,45.4,6.0,17.2,35.1,20.8,26.5,78.4,10.4,30.2,40.5,22.3,7.4,3.6,14.6,20.4
San Antonio Spurs,2005,82,95.6,36.5,77.3,47.2,6.4,16.6,38.5,16.2,23.1,70.2,10.4,31.1,41.5,20.9,6.6,5.7,13.7,20.9
Seattle SuperSonics,2005,82,102.6,37.5,81.8,45.8,7.4,19.9,37.1,20.1,25.7,78.5,12.4,27.2,39.6,20.7,7.6,3.7,14.7,23.6
Toronto Raptors,2005,82,101.1,36.7,81.0,45.4,7.4,19.8,37.5,20.2,25.5,79.1,10.5,27.9,38.5,19.4,6.5,3.3,13.1,24.0
Utah Jazz,2005,82,92.4,33.5,75.7,44.2,3.8,11.3,33.6,21.6,30.1,71.9,13.1,29.0,42.1,21.6,6.4,6.0,15.7,24.8
Washington Wizards,2005,82,101.7,36.3,81.2,44.7,6.1,17.0,35.7,23.0,30.4,75.7,12.6,28.6,41.2,18.6,8.0,4.1,13.9,22.6
Atlanta Hawks,2004,82,92.7,35.9,81.4,44.1,3.7,11.9,31.2,17.3,24.3,71.1,13.4,28.5,41.9,19.7,7.7,4.2,16.1,24.5
Boston Celtics,2004,82,101.3,37.1,79.4,46.8,5.3,15.3,34.9,21.6,28.3,76.4,11.1,29.7,40.8,22.1,8.1,5.2,15.8,24.4
Charlotte Bobcats,2004,82,94.3,36.1,83.6,43.2,3.9,10.7,36.3,18.1,25.6,70.9,13.2,28.5,41.7,21.9,8.5,5.4,14.5,23.1
Chicago Bulls,2004,82,94.5,34.7,80.4,43.2,6.2,17.5,35.7,18.7,25.0,75.0,12.2,31.6,43.8,21.3,7.0,4.5,16.7,24.7
Cleveland Cavaliers,2004,82,96.5,36.5,81.5,44.7,3.7,11.0,33.2,19.9,26.5,75.2,13.6,28.7,42.3,22.6,8.0,5.6,13.9,22.6
Dallas Mavericks,2004,82,102.5,37.3,81.6,45.7,5.6,15.5,36.4,22.3,28.2,78.9,12.1,30.9,42.9,19.6,8.6,5.6,13.4,22.3
Denver Nuggets,2004,82,99.5,37.0,80.7,45.9,3.9,11.5,34.0,21.5,28.2,76.3,11.8,30.2,42.0,23.9,9.1,6.0,14.9,22.9
Detroit Pistons,2004,82,93.3,34.8,78.3,44.4,4.4,12.8,34.5,19.4,26.2,73.9,12.9,30.6,43.4,21.8,7.0,6.1,13.8,20.0
Golden State Warriors,2004,82,98.7,36.9,85.8,43.0,7.6,21.6,35.2,17.2,23.8,72.2,13.0,29.7,42.7,22.1,7.8,5.1,13.6,22.4
Houston Rockets,2004,82,95.1,34.7,78.3,44.3,6.7,18.5,36.4,18.9,24.2,78.1,10.7,31.7,42.4,21.1,6.9,4.6,13.8,22.0
Indiana Pacers,2004,82,93.0,32.5,75.2,43.2,6.6,19.2,34.4,21.3,26.9,79.2,10.6,29.5,40.1,18.2,7.5,4.4,14.3,23.0
LA Clippers,2004,82,95.7,35.7,77.7,45.9,2.8,8.2,34.5,21.6,27.7,77.8,12.0,29.9,41.9,23.2,7.3,5.1,15.7,22.2
Los Angeles Lakers,2004,82,98.7,35.3,80.8,43.7,7.9,22.1,35.5,20.3,26.1,77.7,12.5,30.6,43.2,20.4,6.2,4.2,14.3,21.9
Memphis Grizzlies,2004,82,93.4,34.2,76.5,44.7,6.5,18.1,35.7,18.6,24.7,75.4,10.8,28.1,39.0,20.9,8.5,5.8,14.6,23.3
Miami Heat,2004,82,101.5,37.8,77.7,48.6,5.8,15.4,37.7,20.2,30.1,67.2,10.8,32.2,43.0,21.8,6.4,5.8,13.7,22.1
Milwaukee Bucks,2004,82,97.2,36.1,80.2,45.0,4.0,11.3,35.1,21.0,27.2,77.2,12.0,29.3,41.3,21.0,6.5,3.5,13.8,21.9
Minnesota Timberwolves,2004,82,96.8,37.1,80.8,45.9,4.8,14.0,34.5,17.7,22.2,79.6,11.5,31.5,43.0,23.4,5.6,5.5,13.2,21.6
New Jersey Nets,2004,82,91.4,33.6,78.3,42.9,5.3,14.7,36.2,19.0,24.9,76.3,10.4,29.1,39.5,21.6,7.9,3.8,14.2,24.2
New Orleans Hornets,2004,82,88.4,33.1,80.0,41.5,5.1,16.0,31.5,17.1,22.3,76.6,12.4,27.8,40.2,21.0,6.7,3.8,14.8,23.0
New York Knicks,2004,82,97.3,36.3,80.5,45.1,5.4,15.1,35.6,19.3,25.1,76.7,11.8,29.2,41.0,20.3,7.7,3.2,14.7,23.7
Orlando Magic,2004,82,99.5,37.0,81.5,45.4,3.9,11.2,34.9,21.6,28.5,75.9,12.7,31.0,43.7,19.3,7.7,5.4,16.1,23.6
Philadelphia 76ers,2004,82,99.1,35.9,82.1,43.7,6.2,17.7,34.8,21.1,26.8,78.9,11.1,30.9,42.0,20.9,9.2,3.9,15.5,22.9
Phoenix Suns,2004,82,110.4,40.9,85.6,47.7,9.7,24.7,39.3,19.0,25.4,74.8,11.8,32.3,44.1,23.5,7.0,5.5,13.7,19.1
Portland Trail Blazers,2004,82,92.9,35.3,78.3,45.1,5.1,14.2,36.2,17.2,23.7,72.5,11.8,29.3,41.1,21.0,7.1,6.6,16.0,20.8
Sacramento Kings,2004,82,103.7,39.1,85.1,45.9,6.4,17.0,37.4,19.2,24.4,78.7,12.5,29.9,42.4,24.5,8.2,3.9,13.1,20.5
San Antonio Spurs,2004,82,96.2,35.6,78.7,45.3,6.2,17.0,36.3,18.7,25.9,72.4,12.0,30.4,42.4,21.6,7.5,6.6,13.7,20.9
Seattle SuperSonics,2004,82,98.9,35.1,79.2,44.4,8.1,22.2,36.5,20.5,26.0,79.0,12.7,28.2,40.9,18.1,6.7,4.1,13.6,23.7
Toronto Raptors,2004,82,99.7,36.0,81.2,44.4,7.9,20.5,38.5,19.8,25.6,77.4,10.3,29.8,40.1,20.4,7.6,3.9,13.3,22.9
Utah Jazz,2004,82,93.0,34.5,76.8,44.9,3.0,9.3,32.8,21.0,27.7,75.7,12.8,27.4,40.1,22.3,6.6,4.6,15.8,26.7
Washington Wizards,2004,82,100.5,36.2,82.9,43.7,6.3,18.3,34.3,21.9,30.2,72.5,13.8,29.0,42.8,19.1,8.7,4.2,14.3,22.0
Atlanta Hawks,2003,82,92.8,34.5,79.6,43.3,5.1,15.2,33.5,18.7,24.1,77.6,12.1,30.6,42.7,20.1,7.6,5.0,16.5,22.3
Boston Celtics,2003,82,95.3,34.7,78.2,44.3,6.7,19.5,34.6,19.2,25.5,75.0,10.4,29.8,40.1,20.5,9.4,4.0,16.2,22.4
Chicago Bulls,2003,82,89.7,34.1,82.4,41.4,5.2,15.3,34.2,16.2,22.4,72.5,12.8,30.7,43.5,21.9,8.0,4.8,16.1,23.3
Cleveland Cavaliers,2003,82,92.9,35.6,82.4,43.3,3.0,9.6,31.4,18.6,24.8,75.3,13.6,31.9,45.6,22.0,7.1,6.5,14.8,21.3
Dallas Mavericks,2003,82,105.2,40.5,88.2,45.9,6.2,17.8,34.8,18.0,22.6,79.6,14.3,31.0,45.3,23.9,8.0,5.3,12.2,19.6
Denver Nuggets,2003,82,97.2,36.5,82.5,44.3,4.0,12.0,33.6,20.2,26.3,76.7,13.2,29.1,42.3,21.9,9.1,6.3,15.6,22.0
Detroit Pistons,2003,82,90.1,33.5,77.0,43.5,4.1,11.8,34.4,19.0,25.3,75.3,12.4,30.4,42.8,20.8,8.0,7.0,15.1,20.3
Golden State Warriors,2003,82,93.3,35.1,79.4,44.2,5.2,15.6,33.4,17.9,24.7,72.5,12.2,30.9,43.1,20.5,7.0,4.7,14.8,20.6
Houston Rockets,2003,82,89.8,33.4,75.5,44.2,6.3,17.1,36.6,16.7,21.6,77.3,10.3,32.3,42.6,19.3,6.8,5.4,16.7,21.5
Indiana Pacers,2003,82,91.4,33.6,77.1,43.5,5.5,15.6,35.1,18.8,24.6,76.4,11.8,29.9,41.7,21.6,8.9,5.0,14.4,20.8
LA Clippers,2003,82,94.8,34.4,80.2,42.8,4.0,12.5,32.1,22.0,28.1,78.5,14.0,29.5,43.5,20.2,7.2,4.6,16.4,22.1
Los Angeles Lakers,2003,82,98.2,36.9,81.4,45.4,4.5,13.6,32.7,19.9,28.7,69.3,12.2,30.9,43.1,23.8,8.3,4.6,13.8,21.1
Memphis Grizzlies,2003,82,96.7,36.1,81.2,44.5,5.5,16.0,34.0,19.0,26.1,72.7,12.8,29.0,41.8,23.4,9.7,6.9,15.0,23.2
Miami Heat,2003,82,90.3,33.3,78.3,42.5,5.9,16.5,35.7,17.8,23.4,76.2,11.5,30.0,41.5,19.1,7.2,3.8,13.9,22.1
Milwaukee Bucks,2003,82,98.0,36.2,81.1,44.7,4.9,14.0,35.0,20.7,26.7,77.5,11.7,30.5,42.2,22.8,6.8,4.7,13.5,20.3
Minnesota Timberwolves,2003,82,94.5,37.0,80.1,46.2,4.0,10.9,36.3,16.6,21.3,78.1,10.7,32.3,42.9,23.0,6.8,5.6,12.7,21.1
New Jersey Nets,2003,82,90.3,34.3,77.7,44.1,4.6,13.7,33.6,17.0,22.6,75.3,10.5,30.2,40.7,24.5,8.6,3.9,14.7,21.0
New Orleans Hornets,2003,82,91.8,33.8,80.5,42.0,6.5,20.3,31.9,17.7,23.6,75.1,13.3,29.5,42.8,20.9,8.6,4.2,15.0,20.9
New York Knicks,2003,82,92.0,35.1,79.4,44.2,5.0,13.6,36.4,16.8,21.1,79.3,11.6,31.0,42.6,20.7,7.4,4.8,15.7,23.1
Orlando Magic,2003,82,94.0,35.4,82.5,42.9,5.2,15.2,34.4,18.0,24.4,73.7,12.2,28.7,40.9,19.3,6.7,3.8,13.7,21.3
Philadelphia 76ers,2003,82,88.0,32.7,76.3,42.8,4.1,12.1,34.2,18.4,24.5,75.3,11.5,29.4,40.8,20.0,8.0,4.4,15.9,20.7
Phoenix Suns,2003,82,94.2,36.1,81.4,44.3,5.1,14.7,34.5,17.0,22.7,74.6,11.3,29.3,40.6,19.3,9.0,4.7,15.2,22.7
Portland Trail Blazers,2003,82,90.7,35.3,78.9,44.8,4.6,13.4,34.6,15.4,21.1,73.1,12.7,29.0,41.7,21.6,7.5,5.4,14.8,19.0
Sacramento Kings,2003,82,102.8,37.8,81.8,46.2,7.3,18.3,40.1,19.8,24.9,79.6,10.8,30.4,41.2,26.2,8.7,4.0,13.9,19.3
San Antonio Spurs,2003,82,91.5,34.7,78.5,44.2,5.0,13.9,35.8,17.2,25.2,68.1,12.5,32.5,45.1,20.4,8.1,6.5,14.7,20.3
Seattle SuperSonics,2003,82,97.1,35.8,80.4,44.6,8.8,23.6,37.3,16.6,21.7,76.5,11.1,28.3,39.3,21.7,8.1,4.7,14.5,21.8
Toronto Raptors,2003,82,85.4,32.4,77.4,41.8,5.6,15.8,35.6,15.1,20.1,75.0,10.1,29.5,39.6,19.2,7.4,4.9,14.2,21.3
Utah Jazz,2003,82,88.7,32.8,75.3,43.6,3.1,9.6,32.1,20.0,26.8,74.6,13.5,27.7,41.2,20.4,7.1,6.0,16.6,25.6
Washington Wizards,2003,82,91.8,33.6,80.0,42.1,5.3,15.5,34.1,19.3,27.0,71.4,13.6,29.2,42.8,18.7,8.9,5.0,17.5,20.9
Atlanta Hawks,2002,82,94.1,34.9,78.5,44.4,4.9,13.9,35.2,19.4,24.5,79.3,11.4,31.2,42.6,20.5,7.5,5.8,16.7,21.7
Boston Celtics,2002,82,92.7,32.9,79.4,41.5,8.8,26.3,33.4,18.0,24.3,74.2,10.4,30.1,40.5,19.2,8.8,3.7,14.0,21.4
Chicago Bulls,2002,82,95.0,36.5,81.9,44.5,4.3,12.2,35.0,17.7,24.6,72.2,12.0,31.0,43.0,21.7,7.4,5.6,16.9,24.7
Cleveland Cavaliers,2002,82,91.4,34.8,82.3,42.2,3.6,10.9,32.7,18.3,24.5,74.7,13.6,31.0,44.6,20.9,7.8,6.4,18.3,22.7
Dallas Mavericks,2002,82,103.0,38.5,85.1,45.3,7.8,20.3,38.1,18.1,21.9,82.9,11.1,31.0,42.1,22.4,8.1,5.5,11.6,21.1
Denver Nuggets,2002,82,84.2,32.8,79.8,41.1,2.8,10.0,27.8,15.8,22.6,69.9,13.6,28.8,42.4,21.2,8.7,5.1,18.5,25.1
Detroit Pistons,2002,82,91.4,32.9,76.5,43.0,6.5,18.1,35.8,19.0,24.6,77.1,10.8,29.8,40.6,19.8,6.8,5.7,13.5,21.3
Golden State Warriors,2002,82,102.4,37.3,84.6,44.1,5.2,15.1,34.4,22.6,29.0,77.8,15.7,31.0,46.7,20.9,7.2,6.2,15.8,21.8
Houston Rockets,2002,82,93.8,34.6,78.8,44.0,5.4,15.5,34.6,19.1,24.9,76.8,12.5,31.3,43.8,18.4,7.2,6.0,15.6,19.5
Indiana Pacers,2002,82,96.8,35.5,80.6,44.1,4.6,13.6,33.9,21.2,27.7,76.6,12.2,32.0,44.2,23.3,8.5,5.4,14.8,22.1
LA Clippers,2002,82,93.8,34.6,79.1,43.7,4.8,14.4,33.1,19.9,26.5,75.0,12.3,30.0,42.3,19.6,7.0,5.6,15.7,21.8
Los Angeles Lakers,2002,82,100.4,37.7,83.6,45.1,5.9,16.7,35.6,19.0,26.0,73.4,13.1,31.1,44.3,23.3,7.8,5.7,14.5,22.9
Memphis Grizzlies,2002,82,97.5,37.2,82.2,45.2,5.7,15.6,36.5,17.4,23.6,73.9,11.5,30.1,41.6,23.1,7.9,6.1,15.4,20.5
Miami Heat,2002,82,85.6,32.8,79.5,41.2,4.2,13.4,31.6,15.8,20.6,76.5,11.6,30.0,41.6,18.3,7.2,4.0,14.2,22.6
Milwaukee Bucks,2002,82,99.5,37.1,81.3,45.7,7.1,18.6,38.3,18.1,23.3,77.6,10.7,28.9,39.5,22.2,7.6,4.2,12.7,22.2
Minnesota Timberwolves,2002,82,98.1,38.7,83.0,46.6,3.6,9.8,36.8,17.1,22.3,77.0,11.7,31.9,43.6,25.2,6.7,5.3,13.7,20.8
New Jersey Nets,2002,82,95.4,35.4,80.3,44.1,4.2,12.7,33.2,20.3,26.8,75.7,12.1,30.8,42.9,23.0,8.7,4.6,14.8,21.6
New Orleans Hornets,2002,82,93.9,35.5,81.6,43.5,4.9,13.1,37.6,17.9,23.3,76.8,13.4,30.2,43.6,22.0,8.0,4.8,14.8,21.6
New York Knicks,2002,82,95.9,36.2,82.0,44.1,7.4,19.3,38.3,16.1,19.8,81.5,10.3,29.0,39.2,22.0,7.1,3.1,14.0,23.0
Orlando Magic,2002,82,98.5,35.9,82.5,43.6,6.9,19.4,35.7,19.7,25.4,77.7,11.7,29.2,40.9,20.4,8.5,3.7,14.4,23.0
Philadelphia 76ers,2002,82,96.8,36.3,81.0,44.8,3.0,9.6,31.1,21.3,27.5,77.5,12.7,29.5,42.2,21.6,10.3,3.5,14.8,22.0
Phoenix Suns,2002,82,95.5,36.6,82.6,44.3,4.8,14.0,34.3,17.4,23.5,74.2,12.8,29.8,42.5,21.0,8.1,4.9,14.7,22.0
Portland Trail Blazers,2002,82,95.2,36.4,79.2,46.0,4.6,14.0,33.0,17.7,23.7,74.5,12.1,29.0,41.1,22.7,8.8,3.9,15.2,19.9
Sacramento Kings,2002,82,101.7,39.5,85.2,46.4,6.0,15.7,38.1,16.7,22.3,74.6,11.0,33.5,44.5,24.8,9.0,5.6,14.5,20.3
San Antonio Spurs,2002,82,95.8,35.5,76.8,46.2,5.5,15.5,35.4,19.4,26.8,72.5,11.5,31.2,42.6,20.0,7.7,6.5,15.8,20.4
Seattle SuperSonics,2002,82,92.1,35.2,80.5,43.7,5.6,15.7,35.3,16.2,21.7,74.4,11.7,29.1,40.8,21.6,8.3,3.6,13.2,20.9
Toronto Raptors,2002,82,90.9,34.7,81.3,42.7,5.0,14.5,34.3,16.5,22.9,71.8,12.5,28.7,41.2,19.3,7.4,4.8,14.4,21.5
Utah Jazz,2002,82,94.7,35.3,75.5,46.8,2.7,7.8,34.9,21.3,28.6,74.5,12.5,29.0,41.5,25.6,8.6,5.7,16.8,22.4
Washington Wizards,2002,82,91.5,34.3,78.0,44.0,3.1,9.9,31.2,19.7,25.3,77.9,11.2,29.2,40.4,19.7,7.6,4.8,13.4,20.0
Atlanta Hawks,2001,82,94.0,35.4,80.6,43.9,5.2,14.6,35.4,18.1,23.7,76.5,11.6,29.8,41.5,20.2,8.1,4.3,15.5,20.8
Boston Celtics,2001,82,96.4,34.8,82.1,42.4,8.5,23.7,35.9,18.3,23.9,76.4,10.9,31.3,42.2,21.0,9.7,3.6,13.6,21.7
Charlotte Hornets,2001,82,93.9,35.3,80.2,44.0,4.2,12.1,34.8,19.1,25.7,74.5,12.9,30.5,43.5,21.5,8.0,5.6,14.0,21.3
Chicago Bulls,2001,82,89.5,34.3,79.2,43.3,3.7,10.6,34.6,17.2,23.9,72.2,11.3,28.8,40.0,22.2,7.7,4.4,15.3,22.4
Cleveland Cavaliers,2001,82,95.3,36.0,80.3,44.8,4.7,12.5,37.7,18.6,24.1,77.2,11.8,30.3,42.1,23.1,7.0,5.7,14.6,21.4
Dallas Mavericks,2001,82,105.2,39.0,84.5,46.2,7.6,20.1,37.8,19.6,24.3,80.6,11.2,31.3,42.5,22.1,7.1,4.8,12.1,22.5
Denver Nuggets,2001,82,92.2,35.5,83.8,42.4,5.2,15.7,32.9,15.9,21.4,74.4,13.6,28.2,41.8,22.2,7.5,5.6,14.7,22.8
Detroit Pistons,2001,82,94.3,34.7,76.8,45.2,6.9,18.4,37.6,18.0,23.8,75.6,9.9,28.9,38.7,21.5,7.9,6.9,14.5,20.7
Golden State Warriors,2001,82,97.7,36.6,85.2,42.9,3.9,12.1,32.2,20.6,28.6,72.2,16.3,30.4,46.7,20.8,7.9,6.4,16.8,23.0
Houston Rockets,2001,82,92.3,34.6,80.8,42.8,6.0,18.0,33.5,17.1,23.1,74.1,12.5,29.4,41.9,18.1,6.5,5.4,14.1,18.0
Indiana Pacers,2001,82,96.8,35.8,80.2,44.6,4.9,14.6,33.9,20.3,26.3,77.2,11.3,31.3,42.7,23.0,8.0,5.3,15.2,22.9
LA Clippers,2001,82,95.7,36.2,81.3,44.5,5.0,14.0,35.6,18.3,24.7,73.9,13.2,30.2,43.4,20.9,6.2,6.6,14.8,19.8
Los Angeles Lakers,2001,82,101.3,38.4,83.4,46.1,6.2,17.5,35.4,18.2,26.1,69.9,12.5,31.8,44.3,23.0,7.6,5.8,12.7,22.2
Memphis Grizzlies,2001,82,89.9,34.8,79.7,43.6,4.1,13.4,30.7,16.3,23.0,70.8,12.0,29.4,41.4,21.8,7.9,6.0,16.4,19.2
Miami Heat,2001,82,87.2,34.2,77.8,43.9,3.8,11.0,34.7,15.1,20.8,72.4,11.0,31.0,42.0,20.3,6.7,5.5,14.8,22.5
Milwaukee Bucks,2001,82,97.5,37.1,80.2,46.2,7.2,19.3,37.5,16.1,21.5,74.8,10.3,31.2,41.4,22.5,7.3,4.7,14.1,21.8
Minnesota Timberwolves,2001,82,99.3,38.7,84.0,46.1,4.8,12.8,37.8,17.1,21.4,79.8,12.9,31.2,44.2,24.3,6.4,5.2,13.4,21.2
New Jersey Nets,2001,82,96.2,37.1,83.1,44.6,4.9,14.6,33.8,17.1,23.3,73.5,12.7,30.7,43.3,24.3,8.7,6.0,14.5,21.1
New York Knicks,2001,82,91.6,34.4,79.5,43.2,5.8,16.4,35.3,17.1,21.8,78.7,10.7,30.0,40.7,21.0,6.8,3.5,14.5,22.0
Orlando Magic,2001,82,100.5,37.6,84.1,44.8,7.6,20.2,37.3,17.6,23.4,75.4,11.5,29.8,41.2,22.0,8.1,4.7,13.6,20.7
Philadelphia 76ers,2001,82,91.0,34.2,78.5,43.6,2.6,8.7,29.9,20.0,25.7,77.9,13.3,30.9,44.2,20.0,8.6,4.4,15.3,20.1
Phoenix Suns,2001,82,95.1,37.8,84.6,44.7,4.4,13.4,32.7,15.2,19.9,76.7,13.1,29.6,42.7,22.4,8.1,4.9,14.7,21.8
Portland Trail Blazers,2001,82,96.6,36.6,81.4,45.0,5.7,16.1,35.4,17.7,23.2,76.3,13.2,29.8,43.0,23.5,8.6,4.5,14.3,19.7
Sacramento Kings,2001,82,104.6,39.8,85.4,46.7,5.2,14.1,36.7,19.7,26.3,75.1,12.4,33.0,45.3,23.9,9.0,4.6,13.8,19.0
San Antonio Spurs,2001,82,96.7,35.5,77.6,45.8,5.3,14.8,36.2,20.3,27.4,74.2,11.1,31.3,42.4,20.0,7.6,6.5,14.4,19.2
Seattle SuperSonics,2001,82,97.7,38.2,81.5,46.9,6.0,15.8,37.8,15.4,20.4,75.5,11.8,28.5,40.3,23.5,8.5,4.4,13.7,21.1
Toronto Raptors,2001,82,91.4,35.6,82.0,43.4,4.7,13.5,34.9,15.5,20.9,73.9,13.6,28.5,42.1,21.7,8.4,5.5,14.3,21.6
Utah Jazz,2001,82,96.0,35.0,77.7,45.0,3.4,10.3,33.3,22.6,29.6,76.3,13.5,28.6,42.2,24.4,9.1,6.4,16.5,24.0
Washington Wizards,2001,82,92.8,35.8,81.3,44.1,3.7,9.6,38.8,17.4,22.8,76.5,12.9,29.2,42.0,20.9,7.0,4.3,13.0,21.5
Atlanta Hawks,2000,82,91.0,35.1,81.3,43.1,4.1,11.4,35.7,16.8,22.1,75.9,12.5,30.4,42.9,19.0,7.7,4.7,16.7,22.7
Boston Celtics,2000,82,94.6,33.8,79.1,42.8,7.2,19.9,36.3,19.8,26.7,74.0,10.9,28.9,39.8,20.8,9.4,4.1,15.7,23.8
Charlotte Hornets,2000,82,91.9,34.1,79.3,43.1,4.1,12.0,34.6,19.5,26.2,74.5,12.6,31.8,44.4,23.2,8.1,5.5,14.4,21.4
Chicago Bulls,2000,82,87.6,33.2,78.2,42.4,4.0,11.6,34.6,17.2,23.3,73.9,11.3,27.6,38.9,22.1,8.2,4.6,15.8,23.2
Cleveland Cavaliers,2000,82,92.2,35.2,79.7,44.2,2.7,8.0,33.4,19.0,24.9,76.5,12.4,29.8,42.1,20.8,7.8,5.3,16.5,23.2
Dallas Mavericks,2000,82,100.5,37.6,81.9,45.9,6.3,16.5,38.1,18.9,23.8,79.4,10.1,31.4,41.5,21.2,7.5,6.0,13.9,23.3
Denver Nuggets,2000,82,96.6,36.3,83.9,43.3,6.2,17.6,35.5,17.7,24.0,73.7,12.7,31.5,44.2,24.0,6.7,6.6,13.9,22.2
Detroit Pistons,2000,82,95.6,35.6,83.9,42.4,4.7,13.6,35.0,19.6,27.2,72.1,13.5,32.0,45.5,19.9,7.5,5.5,15.9,23.8
Golden State Warriors,2000,82,92.5,35.8,87.5,40.9,3.4,11.8,29.3,17.4,24.7,70.6,16.4,29.1,45.5,21.8,9.0,5.0,15.9,21.1
Houston Rockets,2000,82,97.2,35.9,79.2,45.3,6.1,17.2,35.7,19.3,25.4,75.8,11.2,30.8,42.0,19.7,7.2,4.4,14.7,20.2
Indiana Pacers,2000,82,92.6,34.5,78.4,44.0,4.8,14.1,34.2,18.8,24.5,76.6,11.2,31.6,42.9,21.5,6.9,5.9,15.2,23.5
Los Angeles Clippers,2000,82,92.5,35.3,78.9,44.8,4.4,13.0,33.9,17.4,25.1,69.3,11.7,31.2,42.9,19.3,6.0,6.3,15.8,21.6
Los Angeles Lakers,2000,82,100.6,37.9,81.5,46.5,5.4,15.5,34.4,19.4,28.5,68.3,13.2,31.5,44.7,23.0,6.9,6.0,14.4,22.8
Miami Heat,2000,82,88.9,32.9,76.3,43.0,5.8,16.9,34.5,17.4,22.9,75.9,9.9,29.7,39.6,19.9,7.7,3.7,13.7,21.0
Milwaukee Bucks,2000,82,100.7,38.0,82.9,45.8,6.9,18.1,37.9,18.0,22.9,78.7,11.9,30.5,42.4,22.5,8.2,4.7,13.7,23.5
Minnesota Timberwolves,2000,82,97.3,38.4,83.8,45.8,3.9,11.0,35.7,16.6,21.2,78.5,12.2,30.1,42.3,25.4,8.3,5.6,13.9,23.2
New Jersey Nets,2000,82,92.1,33.9,79.9,42.5,4.4,13.2,33.3,19.9,26.2,75.9,11.1,28.5,39.6,19.5,7.9,5.0,14.7,24.2
New York Knicks,2000,82,88.7,33.6,75.6,44.5,4.8,13.6,35.1,16.8,21.1,79.6,9.4,30.8,40.2,18.5,6.6,4.2,14.5,22.7
Orlando Magic,2000,82,97.5,36.7,83.8,43.8,6.0,16.4,36.4,18.0,25.2,71.4,13.0,29.9,42.9,22.0,8.2,5.9,15.2,25.3
Philadelphia 76ers,2000,82,94.7,35.4,79.1,44.7,3.2,9.8,32.6,20.7,27.8,74.5,13.1,31.7,44.8,20.6,8.4,5.0,15.8,20.4
Phoenix Suns,2000,82,94.0,35.9,82.4,43.6,4.0,12.9,31.5,18.2,24.1,75.5,11.8,30.8,42.7,23.2,9.5,5.2,15.2,22.7
Portland Trail Blazers,2000,82,95.4,36.6,78.3,46.8,4.5,12.9,34.9,17.6,23.2,76.2,11.7,30.3,42.0,23.9,8.2,5.1,15.3,21.3
Sacramento Kings,2000,82,101.7,38.2,85.0,44.9,5.8,16.5,35.4,19.5,25.3,77.1,12.0,33.0,45.0,22.6,9.7,5.3,14.9,19.5
San Antonio Spurs,2000,82,96.2,35.2,76.4,46.1,5.4,13.3,40.7,20.4,28.5,71.5,11.0,33.1,44.1,21.7,6.9,7.0,14.0,18.9
Seattle SuperSonics,2000,82,97.3,36.9,81.1,45.6,5.7,14.3,39.9,17.7,24.2,73.2,12.2,29.5,41.7,21.9,8.0,5.0,15.3,21.1
Toronto Raptors,2000,82,97.6,37.2,85.0,43.7,5.2,14.2,36.9,18.1,24.2,74.7,13.6,30.8,44.5,24.4,7.3,6.3,13.2,21.3
Utah Jazz,2000,82,97.1,36.1,76.7,47.1,4.0,10.4,38.1,20.9,27.8,75.2,11.5,29.1,40.6,25.7,8.1,5.6,15.8,25.7
Vancouver Grizzlies,2000,82,91.7,35.0,79.7,43.9,4.0,11.5,34.3,17.8,23.1,77.0,10.9,29.6,40.5,23.2,7.1,4.4,15.7,21.1
Washington Wizards,2000,82,93.2,34.5,78.7,43.9,3.4,10.3,32.4,20.8,27.4,75.9,12.4,28.9,41.3,20.1,7.7,4.7,17.0,23.3
Atlanta Hawks,1999,82,94.3,36.6,83.0,44.1,3.1,9.9,31.7,18.0,24.2,74.3,14.0,31.3,45.3,18.9,6.1,5.6,15.4,21.0
Boston Celtics,1999,82,99.3,37.2,83.9,44.4,5.1,15.4,33.1,19.8,26.5,74.5,13.5,29.5,43.0,21.2,9.7,3.5,15.4,27.1
Charlotte Hornets,1999,82,98.4,35.8,79.7,44.9,4.1,12.2,33.9,22.7,30.0,75.8,10.8,32.1,42.9,24.7,8.9,5.9,14.7,20.4
Chicago Bulls,1999,82,84.8,31.3,75.4,41.5,4.1,12.6,32.9,18.1,25.5,70.9,12.6,28.3,40.9,20.1,7.9,4.7,19.0,23.3
Cleveland Cavaliers,1999,82,97.0,36.3,82.1,44.2,4.2,11.2,37.3,20.2,26.9,75.0,12.3,30.5,42.8,23.7,8.7,4.4,17.4,27.1
Dallas Mavericks,1999,82,101.4,39.0,85.9,45.3,6.3,16.2,39.1,17.2,21.4,80.4,11.4,29.8,41.2,22.1,7.2,5.1,13.7,21.6
Denver Nuggets,1999,82,99.0,37.3,84.3,44.2,5.7,17.0,33.6,18.7,25.8,72.4,13.1,31.6,44.7,23.3,6.8,7.5,15.6,23.9
Detroit Pistons,1999,82,103.5,37.1,80.9,45.9,5.4,14.9,35.9,23.9,30.6,78.1,11.2,30.0,41.2,20.8,8.1,3.3,15.7,24.5
Golden State Warriors,1999,82,95.5,36.5,87.1,42.0,4.2,13.0,32.3,18.3,26.2,69.7,15.9,29.7,45.6,22.6,8.9,4.3,15.9,24.9
Houston Rockets,1999,82,99.5,36.6,81.3,45.0,7.1,19.8,35.8,19.2,26.2,73.3,12.3,31.5,43.8,21.6,7.5,5.3,17.4,20.3
Indiana Pacers,1999,82,101.3,37.2,81.0,45.9,7.1,18.1,39.2,19.9,24.5,81.1,10.3,31.9,42.1,22.6,6.8,5.1,14.1,21.8
Los Angeles Clippers,1999,82,92.0,35.1,82.4,42.6,5.2,15.5,33.9,16.6,22.3,74.6,11.6,29.0,40.6,18.0,7.0,6.0,16.2,22.2
Los Angeles Lakers,1999,82,100.8,38.3,83.4,45.9,4.2,12.8,32.9,20.1,28.9,69.6,13.6,33.4,47.0,23.4,7.5,6.5,13.9,22.5
Miami Heat,1999,82,94.4,36.3,78.8,46.0,5.4,14.7,37.1,16.4,22.3,73.6,11.2,31.9,43.2,23.5,7.1,6.4,15.0,23.7
Milwaukee Bucks,1999,82,101.2,38.7,83.3,46.5,4.8,13.0,36.9,19.0,24.2,78.6,12.4,28.9,41.3,22.6,8.2,4.6,15.0,24.6
Minnesota Timberwolves,1999,82,98.5,39.3,84.3,46.7,3.0,8.7,34.6,16.8,21.6,78.0,12.4,30.1,42.5,26.9,7.6,5.4,13.9,23.3
New Jersey Nets,1999,82,98.0,36.3,83.9,43.3,5.8,16.8,34.7,19.5,24.9,78.4,12.7,28.2,40.9,20.6,8.8,4.8,13.6,23.3
New York Knicks,1999,82,92.1,35.3,77.7,45.5,4.3,11.4,37.5,17.2,22.0,78.1,9.8,30.7,40.5,19.4,6.3,4.3,14.6,24.2
Orlando Magic,1999,82,100.1,38.6,85.5,45.2,3.6,10.6,33.8,19.2,26.1,73.5,14.0,31.0,44.9,20.8,9.1,5.7,17.6,24.0
Philadelphia 76ers,1999,82,94.8,36.5,82.6,44.2,2.5,7.8,32.3,19.2,27.1,70.8,14.0,30.1,44.1,22.2,9.6,4.7,15.7,23.6
Phoenix Suns,1999,82,98.9,37.7,82.6,45.7,5.6,15.2,36.8,17.9,23.6,75.9,12.5,31.2,43.7,25.6,9.1,5.3,16.7,24.1
Portland Trail Blazers,1999,82,97.5,36.8,78.4,47.0,5.0,13.8,36.1,18.8,24.7,76.0,11.8,31.2,43.0,23.5,7.7,4.8,15.2,22.7
Sacramento Kings,1999,82,105.0,40.0,88.9,45.0,6.5,20.2,32.2,18.5,24.6,75.4,12.9,32.1,45.0,23.8,9.6,4.6,16.2,21.1
San Antonio Spurs,1999,82,96.2,36.0,78.0,46.2,4.0,10.8,37.4,20.1,27.0,74.6,11.3,32.5,43.8,22.2,7.5,6.7,15.0,20.9
Seattle SuperSonics,1999,82,99.1,37.9,84.7,44.7,6.7,19.6,33.9,16.6,23.9,69.5,12.7,30.3,43.0,22.9,8.0,4.2,14.0,21.7
Toronto Raptors,1999,82,97.2,36.3,83.9,43.3,5.2,14.3,36.3,19.3,25.2,76.5,13.4,29.9,43.3,23.7,8.1,6.6,13.9,24.3
Utah Jazz,1999,82,96.5,36.1,77.8,46.4,4.0,10.4,38.5,20.3,26.2,77.3,11.4,29.6,41.0,24.9,7.7,5.4,14.9,24.5
Vancouver Grizzlies,1999,82,93.9,35.3,78.5,44.9,4.0,11.0,36.1,19.4,25.1,77.4,12.3,28.3,40.6,20.7,7.4,4.2,16.8,22.9
Washington Wizards,1999,82,96.6,36.7,81.5,45.1,4.1,10.9,37.6,19.1,25.7,74.3,13.0,29.7,42.7,21.6,7.2,4.7,16.1,26.2
Atlanta Hawks,1998,50,86.3,30.8,75.2,40.9,3.9,12.9,30.6,20.8,28.4,73.1,13.5,30.0,43.5,15.6,6.9,5.2,14.9,19.7
Boston Celtics,1998,50,93.0,36.3,83.3,43.6,5.5,15.2,36.0,14.9,21.5,69.2,13.6,29.2,42.8,21.5,9.1,5.1,16.1,23.9
Charlotte Hornets,1998,50,92.9,33.4,74.4,44.9,5.4,14.7,36.5,20.7,27.7,74.7,9.6,29.9,39.5,22.2,8.9,4.9,15.9,22.0
Chicago Bulls,1998,50,81.9,30.8,76.7,40.1,3.5,12.2,28.9,16.8,23.7,70.9,11.5,27.9,39.3,20.3,8.7,3.4,15.5,22.2
Cleveland Cavaliers,1998,50,86.4,31.2,71.2,43.9,3.6,10.7,34.1,20.3,27.1,74.9,9.4,26.3,35.8,21.9,9.0,4.1,15.7,24.2
Dallas Mavericks,1998,50,91.6,35.0,80.7,43.4,4.0,11.9,34.0,17.6,24.2,72.8,12.9,29.6,42.5,18.4,7.0,5.8,13.8,21.3
Denver Nuggets,1998,50,93.5,33.6,79.8,42.1,6.0,18.4,32.8,20.2,26.5,76.2,12.9,27.8,40.8,19.4,7.5,5.5,14.8,22.9
Detroit Pistons,1998,50,90.4,33.2,74.3,44.7,5.0,13.6,36.5,19.0,25.7,74.0,12.1,28.2,40.3,20.2,8.9,4.2,15.8,22.8
Golden State Warriors,1998,50,88.3,34.6,83.5,41.5,3.2,11.3,28.7,15.9,23.5,67.6,16.3,31.2,47.5,20.7,8.3,4.4,15.4,25.4
Houston Rockets,1998,50,94.2,35.1,76.0,46.2,6.7,18.3,36.8,17.3,23.7,72.9,10.7,30.8,41.5,21.2,7.7,5.2,16.2,19.2
Indiana Pacers,1998,50,94.7,34.6,77.3,44.8,5.9,16.0,36.8,19.5,24.6,79.6,11.5,29.0,40.5,20.1,6.3,4.5,13.0,21.6
Los Angeles Clippers,1998,50,90.4,34.2,80.1,42.7,4.3,13.4,32.0,17.7,24.5,72.1,13.3,25.9,39.2,16.4,8.5,4.7,15.9,24.5
Los Angeles Lakers,1998,50,99.0,36.8,78.7,46.8,4.8,13.7,35.2,20.5,30.1,68.3,12.4,29.6,42.0,21.9,7.8,5.7,15.1,24.6
Miami Heat,1998,50,89.0,32.3,71.3,45.3,5.8,16.1,35.9,18.6,25.2,73.5,10.1,30.2,40.3,20.4,6.5,6.1,14.9,20.7
Milwaukee Bucks,1998,50,91.7,35.1,76.4,45.9,4.6,12.4,37.3,16.9,23.1,73.3,11.4,27.4,38.8,20.6,8.8,4.0,14.4,22.8
Minnesota Timberwolves,1998,50,92.9,36.8,86.5,42.5,2.4,8.2,29.8,17.0,22.9,74.3,15.1,27.8,42.9,24.4,8.5,5.4,12.8,23.7
New Jersey Nets,1998,50,91.4,33.8,83.2,40.6,4.5,13.6,33.1,19.2,25.0,76.9,14.3,28.7,43.0,18.5,9.8,5.5,15.0,22.7
New York Knicks,1998,50,86.4,32.2,74.1,43.5,4.2,11.8,35.3,17.8,24.4,73.2,11.0,30.2,41.2,19.3,7.9,5.2,16.1,22.8
Orlando Magic,1998,50,89.5,33.7,78.9,42.8,4.5,13.5,33.0,17.5,25.0,70.0,13.8,28.9,42.7,21.3,9.9,4.3,16.4,18.7
Philadelphia 76ers,1998,50,89.7,33.1,77.7,42.6,2.0,7.4,26.4,21.5,29.7,72.2,14.6,28.6,43.1,18.7,10.8,5.4,16.4,23.0
Phoenix Suns,1998,50,95.6,35.9,80.1,44.9,5.2,14.0,37.2,18.5,24.3,76.0,12.0,28.4,40.3,25.0,8.9,4.0,13.6,20.4
Portland Trail Blazers,1998,50,94.8,34.9,79.1,44.2,4.9,13.5,36.4,20.0,27.0,74.3,12.9,31.4,44.3,21.5,8.2,5.8,15.4,22.5
Sacramento Kings,1998,50,100.2,38.4,86.1,44.5,5.8,18.9,30.8,17.7,25.9,68.3,14.1,31.5,45.6,22.6,8.9,4.6,16.8,20.3
San Antonio Spurs,1998,50,92.8,34.8,76.2,45.6,3.4,10.4,33.0,19.8,28.3,69.8,12.3,31.7,44.0,22.0,8.4,7.0,15.2,20.2
Seattle SuperSonics,1998,50,94.9,35.1,79.5,44.2,6.2,18.0,34.4,18.4,27.1,68.1,13.5,28.4,42.0,21.7,7.9,4.0,15.3,20.9
Toronto Raptors,1998,50,91.1,33.2,78.8,42.1,4.5,13.2,34.1,20.2,26.6,76.0,14.2,28.9,43.2,20.7,8.8,6.4,16.0,22.8
Utah Jazz,1998,50,93.3,33.7,72.4,46.5,2.8,7.8,36.1,23.2,30.2,76.7,11.1,30.2,41.3,24.1,8.0,5.5,16.3,22.7
Vancouver Grizzlies,1998,50,88.9,32.9,76.8,42.8,3.0,9.1,32.7,20.2,28.2,71.7,13.0,27.2,40.2,19.3,8.4,4.0,17.0,22.5
Washington Wizards,1998,50,91.2,35.4,79.4,44.5,3.6,11.6,30.9,16.9,24.0,70.5,11.9,28.1,40.0,21.3,7.9,3.9,14.7,23.0
Atlanta Hawks,1997,82,95.9,35.2,77.5,45.5,4.1,12.4,33.2,21.3,28.2,75.6,13.5,29.5,43.0,19.1,8.0,6.0,14.8,20.4
Boston Celtics,1997,82,95.9,36.7,84.6,43.4,5.1,15.2,33.2,17.4,24.0,72.6,14.6,24.9,39.5,22.1,12.0,4.5,16.2,26.9
Charlotte Hornets,1997,82,96.6,36.2,77.4,46.8,4.2,11.0,38.3,20.0,26.7,75.1,12.0,28.5,40.6,23.7,8.4,3.8,15.2,21.4
Chicago Bulls,1997,82,96.7,37.4,82.9,45.1,3.8,11.7,32.3,18.2,24.5,74.3,15.2,29.7,44.9,23.8,8.5,4.3,14.4,20.6
Cleveland Cavaliers,1997,82,92.5,34.4,75.7,45.4,3.6,9.8,37.2,20.2,26.7,75.6,11.6,28.4,40.1,23.1,9.9,5.1,17.3,23.6
Dallas Mavericks,1997,82,91.4,35.1,82.4,42.7,5.1,14.4,35.7,16.0,21.2,75.3,12.3,27.8,40.1,18.7,7.9,5.7,14.4,20.0
Denver Nuggets,1997,82,89.0,32.6,78.2,41.8,3.5,10.9,32.3,20.2,26.2,77.2,12.7,26.3,39.0,18.9,8.1,4.8,16.0,23.6
Detroit Pistons,1997,82,94.2,34.9,77.7,44.9,3.6,11.4,31.2,20.8,27.9,74.5,12.7,28.5,41.2,19.5,8.3,4.2,14.6,22.0
Golden State Warriors,1997,82,88.3,34.7,83.9,41.3,2.3,8.5,27.2,16.6,23.3,71.0,15.7,30.2,45.9,20.8,7.6,5.5,16.7,22.7
Houston Rockets,1997,82,98.8,35.9,79.4,45.2,7.0,20.4,34.3,19.9,25.9,77.1,12.0,28.7,40.7,21.9,8.4,3.6,15.8,20.2
Indiana Pacers,1997,82,96.0,35.6,75.9,46.9,4.9,12.5,39.0,19.9,26.0,76.4,10.7,28.6,39.3,23.0,7.9,4.5,14.2,22.7
Los Angeles Clippers,1997,82,95.9,35.7,81.6,43.8,6.4,17.9,35.8,18.0,25.0,72.3,12.7,27.8,40.4,18.7,7.6,5.6,16.1,22.3
Los Angeles Lakers,1997,82,105.5,38.4,79.7,48.1,6.1,17.3,35.1,22.7,33.5,67.9,13.2,30.1,43.3,24.5,9.0,6.8,15.3,22.7
Miami Heat,1997,82,95.0,34.8,77.2,45.0,6.7,18.8,35.5,18.8,25.4,73.9,12.5,29.5,42.0,21.4,8.1,5.2,15.0,24.2
Milwaukee Bucks,1997,82,94.5,35.6,78.0,45.6,3.0,8.6,35.4,20.3,26.4,76.7,12.6,27.3,39.9,20.1,8.9,4.4,16.9,23.4
Minnesota Timberwolves,1997,82,101.1,38.5,83.5,46.1,3.7,10.6,34.7,20.4,27.5,74.3,13.0,29.6,42.6,25.2,7.8,5.2,13.9,23.0
New Jersey Nets,1997,82,99.6,37.3,84.5,44.1,3.8,11.4,33.1,21.3,28.7,74.4,16.4,26.1,42.5,20.5,9.5,3.8,14.4,23.4
New York Knicks,1997,82,91.6,34.9,78.2,44.7,4.7,13.9,33.5,17.1,22.1,77.2,11.9,29.7,41.6,21.8,7.7,3.4,15.2,23.7
Orlando Magic,1997,82,90.1,33.8,78.7,42.9,3.6,11.1,32.3,18.9,26.1,72.6,14.4,26.9,41.2,20.7,7.9,5.4,15.3,19.7
Philadelphia 76ers,1997,82,93.3,34.6,78.2,44.3,3.0,9.9,30.0,21.1,28.7,73.7,13.7,28.0,41.7,21.1,8.9,6.0,16.5,22.9
Phoenix Suns,1997,82,99.6,38.3,81.8,46.8,5.3,14.8,35.6,17.8,23.8,74.9,12.1,29.9,42.0,25.9,9.2,5.2,15.1,21.5
Portland Trail Blazers,1997,82,94.3,35.2,78.0,45.1,4.0,12.8,30.9,20.0,27.1,73.7,13.2,30.8,44.0,21.5,7.1,5.7,16.9,22.7
Sacramento Kings,1997,82,93.1,36.1,81.5,44.2,3.5,9.8,35.1,17.6,25.6,68.7,13.3,28.1,41.4,22.4,7.3,5.1,15.5,22.1
San Antonio Spurs,1997,82,92.5,35.3,75.5,46.8,3.7,10.5,35.0,18.2,26.4,68.8,12.0,32.2,44.2,22.4,6.3,6.9,16.1,21.1
Seattle SuperSonics,1997,82,100.6,37.2,78.8,47.3,7.6,19.1,39.6,18.5,25.7,72.1,11.4,27.1,38.5,24.2,9.8,4.6,14.0,22.1
Toronto Raptors,1997,82,94.9,36.2,83.1,43.5,4.5,13.2,34.3,18.0,25.1,71.8,14.5,26.2,40.7,21.3,9.4,8.1,16.7,22.6
Utah Jazz,1997,82,101.0,36.5,74.5,49.0,3.0,8.2,37.2,24.9,32.2,77.3,11.7,29.3,41.1,25.2,7.9,5.0,15.4,23.9
Vancouver Grizzlies,1997,82,96.6,36.7,80.1,45.8,4.0,11.0,36.2,19.3,26.2,73.9,13.2,28.2,41.4,23.9,7.5,4.3,17.1,22.1
Washington Wizards,1997,82,97.2,37.6,83.1,45.2,3.9,11.5,33.9,18.2,26.3,69.1,13.7,28.5,42.2,23.2,8.4,4.6,14.1,22.4
Atlanta Hawks,1996,82,94.8,34.3,76.9,44.6,8.0,22.4,35.9,18.2,23.8,76.3,12.5,28.7,41.1,19.0,8.5,5.2,15.0,19.4
Boston Celtics,1996,82,100.6,37.4,85.0,44.0,5.7,16.2,35.1,20.1,26.8,75.0,13.4,26.7,40.0,21.9,9.9,3.8,16.4,23.4
Charlotte Hornets,1996,82,98.9,36.4,77.3,47.1,7.2,16.9,42.8,18.8,24.2,77.7,11.1,28.0,39.1,24.6,7.3,4.3,14.7,20.8
Chicago Bulls,1996,82,103.1,40.0,84.4,47.3,6.4,17.1,37.3,16.8,22.5,74.7,15.1,30.0,45.1,26.1,8.7,4.0,13.5,19.7
Cleveland Cavaliers,1996,82,87.5,33.0,72.8,45.3,5.9,15.7,37.6,15.6,21.6,72.3,11.1,26.3,37.4,20.9,8.0,3.8,14.5,23.0
Dallas Mavericks,1996,82,90.6,34.3,78.7,43.6,5.2,16.0,32.7,16.8,23.4,71.7,12.7,27.6,40.3,20.3,8.0,4.3,16.1,21.9
Denver Nuggets,1996,82,97.8,35.8,81.5,43.9,7.8,20.9,37.2,18.5,24.3,76.1,12.1,29.9,42.0,23.0,6.1,5.9,16.6,21.8
Detroit Pistons,1996,82,94.2,34.5,74.3,46.4,7.1,18.3,38.8,18.1,24.3,74.5,10.5,28.0,38.4,19.0,7.7,3.5,12.7,20.1
Golden State Warriors,1996,82,99.6,36.5,80.1,45.6,5.9,16.6,35.3,20.7,26.6,77.8,13.2,27.5,40.8,22.2,7.5,4.4,17.2,21.8
Houston Rockets,1996,82,100.6,37.0,79.1,46.8,8.2,22.4,36.5,18.3,24.3,75.5,11.3,31.3,42.6,24.5,8.4,4.2,16.6,19.6
Indiana Pacers,1996,82,95.4,34.8,76.3,45.6,5.2,13.8,38.1,20.6,28.5,72.2,12.5,29.1,41.7,21.3,7.1,4.8,16.3,24.1
Los Angeles Clippers,1996,82,97.2,36.5,81.7,44.6,5.8,16.3,35.4,18.5,25.3,73.1,13.3,27.3,40.7,20.3,8.9,5.4,16.0,24.0
Los Angeles Lakers,1996,82,100.0,36.8,81.0,45.4,6.7,18.3,36.7,19.7,28.4,69.2,13.3,29.4,42.8,22.5,9.0,7.0,14.9,22.2
Miami Heat,1996,82,94.8,34.4,76.0,45.3,8.3,22.7,36.4,17.7,24.7,71.9,11.7,29.3,41.0,21.2,7.9,5.4,15.9,23.4
Milwaukee Bucks,1996,82,95.3,36.2,76.9,47.1,4.0,11.2,35.2,19.0,25.7,74.1,11.6,27.6,39.2,19.6,7.7,4.2,15.7,23.1
Minnesota Timberwolves,1996,82,96.1,35.8,78.5,45.6,4.5,13.3,33.9,20.0,26.6,75.1,11.7,28.1,39.7,22.9,7.5,6.8,15.2,22.2
New Jersey Nets,1996,82,97.2,36.5,86.5,42.2,5.9,16.7,35.3,18.3,24.8,74.0,17.2,29.0,46.2,21.0,8.3,5.9,15.7,22.7
New York Knicks,1996,82,95.4,35.1,75.9,46.3,5.7,15.8,36.3,19.3,25.8,74.8,11.9,30.7,42.5,22.1,7.7,4.6,17.8,24.8
Orlando Magic,1996,82,94.1,34.6,79.2,43.7,6.9,20.3,34.1,18.0,24.1,74.6,13.1,27.1,40.1,20.6,8.5,4.4,15.2,20.0
Philadelphia 76ers,1996,82,100.2,36.6,83.5,43.8,5.3,16.5,31.9,21.7,29.9,72.5,15.5,28.7,44.2,20.7,8.3,4.8,17.5,21.1
Phoenix Suns,1996,82,102.8,38.3,81.8,46.9,6.4,17.4,36.9,19.7,25.9,76.1,11.2,29.0,40.1,25.2,8.1,3.9,14.4,21.1
Portland Trail Blazers,1996,82,99.0,36.6,78.8,46.4,6.1,17.1,35.8,19.7,27.6,71.3,12.9,30.4,43.3,20.9,7.8,5.3,16.5,23.5
Sacramento Kings,1996,82,96.4,36.6,80.6,45.4,5.0,12.9,39.1,18.2,25.2,72.3,13.4,28.1,41.5,21.9,7.2,4.4,16.2,23.7
San Antonio Spurs,1996,82,90.5,34.5,77.9,44.2,4.6,14.4,32.0,16.9,23.5,71.9,13.4,26.0,39.4,20.3,7.9,5.3,15.2,21.5
Seattle SuperSonics,1996,82,100.9,36.5,78.2,46.7,6.8,19.3,35.3,21.0,28.0,75.2,12.3,27.7,40.0,23.5,11.0,4.7,15.0,22.0
Toronto Raptors,1996,82,95.5,35.3,80.9,43.7,7.2,19.8,36.3,17.6,24.5,72.0,13.8,27.5,41.3,20.9,8.8,6.3,16.4,23.0
Utah Jazz,1996,82,103.1,38.2,75.8,50.4,4.1,11.0,37.0,22.7,29.5,76.9,10.8,29.4,40.2,26.8,9.1,5.1,15.4,24.2
Vancouver Grizzlies,1996,82,89.2,34.4,78.7,43.7,5.4,15.5,34.9,15.0,21.1,70.9,12.5,26.3,38.8,22.7,8.0,5.7,15.9,21.4
Washington Bullets,1996,82,99.4,39.1,81.4,48.0,4.0,12.2,33.1,17.1,24.1,70.7,12.3,29.5,41.8,23.4,8.7,4.9,15.7,22.1
Atlanta Hawks,1995,82,98.3,36.4,81.3,44.8,6.9,19.5,35.5,18.6,24.5,75.7,14.4,26.2,40.6,19.6,9.4,3.9,15.0,20.9
Boston Celtics,1995,82,103.6,38.6,84.7,45.6,6.6,17.7,37.1,19.9,27.9,71.4,12.8,29.6,42.4,21.9,8.0,5.0,15.9,24.9
Charlotte Hornets,1995,82,102.8,37.9,80.7,47.0,7.1,18.5,38.4,19.9,25.8,77.0,12.0,27.5,39.5,23.3,7.1,3.4,15.1,22.1
Chicago Bulls,1995,82,105.2,40.2,84.0,47.8,6.6,16.5,40.3,18.2,24.4,74.6,15.2,29.4,44.6,24.8,9.1,4.2,14.3,22.0
Cleveland Cavaliers,1995,82,91.1,33.7,73.1,46.0,7.3,19.3,37.7,16.5,21.6,76.3,10.6,25.1,35.6,22.2,8.2,4.1,13.1,20.5
Dallas Mavericks,1995,82,102.5,38.1,90.6,42.0,9.0,24.9,36.0,17.4,24.1,72.2,17.2,29.0,46.2,23.3,7.8,4.2,15.5,22.4
Denver Nuggets,1995,82,97.7,36.6,81.2,45.1,4.8,14.0,34.6,19.7,26.5,74.3,12.9,30.3,43.2,22.6,6.4,7.3,15.4,23.0
Detroit Pistons,1995,82,95.4,34.3,74.7,45.9,6.6,16.5,40.4,20.2,26.9,75.1,10.8,29.8,40.5,19.6,6.2,4.3,14.8,23.8
Golden State Warriors,1995,82,101.6,37.3,81.7,45.6,5.5,14.6,37.3,21.6,28.5,75.9,14.3,27.9,42.2,23.0,8.6,5.7,16.4,22.4
Houston Rockets,1995,82,102.5,37.5,81.0,46.4,7.8,21.5,36.2,19.6,25.7,76.5,11.2,29.9,41.1,24.2,7.9,5.8,15.2,21.4
Indiana Pacers,1995,82,99.3,36.3,75.7,48.0,4.4,11.9,37.3,22.2,29.5,75.5,12.3,27.6,39.9,23.4,7.1,3.9,16.3,24.8
Los Angeles Clippers,1995,82,99.4,38.1,80.7,47.2,6.2,16.8,37.0,17.0,24.2,70.2,11.9,26.7,38.6,20.4,8.6,5.0,16.5,24.5
Los Angeles Lakers,1995,82,102.9,39.2,81.8,48.0,5.8,16.6,35.1,18.6,25.0,74.6,12.1,28.1,40.2,25.4,8.8,6.3,14.2,20.8
Miami Heat,1995,82,96.5,35.4,77.4,45.7,6.7,17.8,37.9,18.9,26.7,71.0,12.2,30.4,42.6,21.4,7.0,5.4,17.0,26.3
Milwaukee Bucks,1995,82,95.6,37.0,79.1,46.7,4.4,12.9,33.8,17.2,23.3,73.8,11.9,26.4,38.3,21.4,7.1,3.7,15.8,23.7
Minnesota Timberwolves,1995,82,97.9,36.3,79.0,45.9,3.4,10.5,32.6,21.9,28.2,77.7,12.0,27.7,39.7,22.8,7.9,5.9,17.4,24.3
New Jersey Nets,1995,82,93.7,35.1,82.3,42.7,3.0,9.1,33.5,20.4,27.4,74.5,16.5,30.5,47.0,21.4,7.6,7.0,16.8,22.9
New York Knicks,1995,82,97.2,36.6,77.8,47.1,5.9,15.7,37.7,18.0,23.8,75.7,10.1,29.9,40.0,22.2,7.9,4.6,15.5,22.7
Orlando Magic,1995,82,104.5,39.1,81.0,48.2,7.6,20.1,37.8,18.8,27.2,69.1,11.8,29.3,41.1,25.4,8.1,5.0,14.1,20.8
Philadelphia 76ers,1995,82,94.5,34.1,78.3,43.6,6.0,17.5,34.2,20.3,27.6,73.4,12.6,26.4,38.9,19.9,7.8,5.1,17.2,21.7
Phoenix Suns,1995,82,104.3,38.5,81.4,47.3,4.0,12.0,33.2,23.3,30.1,77.1,12.3,30.5,42.8,24.4,7.6,4.0,14.7,21.7
Portland Trail Blazers,1995,82,99.3,37.4,81.6,45.8,5.9,16.6,35.3,18.7,28.3,66.2,14.1,31.4,45.6,21.5,7.2,5.1,16.8,22.7
Sacramento Kings,1995,82,99.5,36.2,79.2,45.8,5.6,14.6,38.7,21.5,29.4,73.1,13.6,28.6,42.2,22.3,7.8,5.3,17.6,26.0
San Antonio Spurs,1995,82,103.4,38.4,80.5,47.7,6.3,16.1,39.2,20.3,27.6,73.6,11.4,31.5,43.0,24.9,7.9,6.5,14.6,22.2
Seattle SuperSonics,1995,82,104.5,37.5,78.1,48.0,7.1,19.5,36.4,22.5,29.6,76.0,11.6,29.9,41.5,24.4,10.8,4.8,17.6,24.0
Toronto Raptors,1995,82,97.5,37.6,80.5,46.7,5.0,14.2,35.4,17.2,23.8,72.3,13.1,27.0,40.0,23.5,9.1,6.0,18.8,24.2
Utah Jazz,1995,82,102.5,38.2,78.3,48.8,4.6,12.4,37.2,21.6,28.1,76.8,12.1,28.9,41.0,26.1,8.1,5.1,14.8,25.0
Vancouver Grizzlies,1995,82,89.8,33.8,79.1,42.8,4.5,13.8,33.0,17.6,24.4,72.4,11.7,26.5,38.1,20.8,8.9,4.1,16.4,22.6
Washington Bullets,1995,82,102.5,39.0,80.7,48.4,6.0,14.8,40.7,18.4,25.3,72.8,11.3,28.4,39.7,22.1,7.2,6.2,16.2,24.2
Atlanta Hawks,1994,82,96.6,36.4,81.5,44.7,6.6,19.3,34.1,17.2,23.8,72.4,13.5,27.7,41.2,21.4,9.0,5.0,14.9,22.0
Boston Celtics,1994,82,102.8,38.8,83.5,46.4,4.4,12.0,36.8,20.8,27.7,75.3,14.1,28.3,42.4,21.7,7.5,4.4,15.9,24.1
Charlotte Hornets,1994,82,100.6,37.2,78.5,47.4,6.8,17.2,39.7,19.4,24.9,77.7,10.1,29.2,39.4,25.3,7.6,4.9,14.9,20.5
Chicago Bulls,1994,82,101.5,38.9,81.8,47.6,5.4,14.5,37.3,18.3,25.2,72.6,13.5,28.0,41.5,24.0,9.7,4.3,15.8,23.9
Cleveland Cavaliers,1994,82,90.5,33.6,76.3,44.1,4.9,12.6,38.5,18.4,24.2,76.0,12.7,27.3,40.0,20.4,7.7,4.3,14.3,20.7
Dallas Mavericks,1994,82,103.2,39.4,89.5,44.0,4.7,14.6,32.2,19.8,27.0,73.4,18.5,29.7,48.1,23.7,7.1,4.2,16.4,22.1
Denver Nuggets,1994,82,101.3,37.8,78.8,47.9,5.0,14.1,35.6,20.7,28.1,73.8,12.7,29.3,42.0,22.4,8.0,7.1,16.8,25.2
Detroit Pistons,1994,82,98.2,37.3,80.9,46.1,6.0,17.0,35.4,17.5,23.7,74.1,11.7,26.9,38.6,22.8,8.6,5.1,16.1,26.2
Golden State Warriors,1994,82,105.7,39.2,83.8,46.8,6.7,19.5,34.1,20.6,29.2,70.4,13.4,28.9,42.3,24.6,7.9,4.8,18.3,22.0
Houston Rockets,1994,82,103.5,38.5,80.2,48.0,7.9,21.4,36.8,18.6,24.9,74.9,10.7,29.8,40.5,25.1,8.8,6.3,16.1,20.9
Indiana Pacers,1994,82,99.2,36.4,76.2,47.7,4.6,12.0,38.0,21.9,29.1,75.1,12.8,27.9,40.7,22.9,8.6,4.4,16.3,23.6
Los Angeles Clippers,1994,82,96.7,37.3,84.0,44.4,4.0,12.8,31.5,18.0,25.4,71.0,13.0,25.3,38.3,22.0,9.6,5.3,16.3,26.2
Los Angeles Lakers,1994,82,105.1,40.0,86.4,46.3,6.4,18.2,35.2,18.6,25.3,73.5,13.7,28.2,42.0,25.3,9.1,6.9,15.2,23.6
Miami Heat,1994,82,101.1,38.3,82.2,46.7,5.3,14.4,36.9,19.1,26.0,73.6,13.3,27.7,41.0,21.7,8.1,3.6,15.7,24.4
Milwaukee Bucks,1994,82,99.3,36.9,80.3,45.9,6.0,16.5,36.6,19.6,27.5,71.2,13.0,26.7,39.6,21.2,8.2,4.4,17.0,22.7
Minnesota Timberwolves,1994,82,94.2,34.0,75.8,44.9,3.9,12.4,31.3,22.2,28.7,77.5,10.8,25.5,36.3,21.7,7.4,4.9,17.1,25.3
New Jersey Nets,1994,82,98.1,35.8,82.2,43.6,5.0,15.8,31.9,21.3,28.1,75.9,14.8,31.3,46.1,23.0,6.6,6.7,15.9,22.5
New York Knicks,1994,82,98.2,36.4,78.0,46.7,6.5,17.6,36.8,18.9,25.8,73.4,11.3,30.2,41.5,25.1,7.2,4.7,15.9,25.6
Orlando Magic,1994,82,110.9,42.2,84.1,50.2,6.4,17.2,37.0,20.1,30.1,66.9,14.0,30.0,44.0,27.8,8.2,6.0,15.8,21.0
Philadelphia 76ers,1994,82,95.4,36.0,80.2,44.8,4.3,11.4,37.9,19.1,25.9,73.7,13.5,27.2,40.7,19.1,7.8,7.0,16.5,22.4
Phoenix Suns,1994,82,110.6,40.9,85.0,48.2,7.1,19.3,36.9,21.7,28.7,75.6,12.5,29.3,41.8,26.8,8.4,3.8,14.2,22.4
Portland Trail Blazers,1994,82,103.1,39.2,87.0,45.1,5.6,15.4,36.5,19.0,27.2,69.7,16.5,29.8,46.3,22.5,8.1,5.7,14.8,24.7
Sacramento Kings,1994,82,98.2,36.9,78.8,46.8,4.4,12.6,34.6,20.1,28.3,71.1,13.1,28.4,41.4,22.2,7.9,5.6,17.7,24.9
San Antonio Spurs,1994,82,106.6,39.5,81.5,48.4,5.3,14.1,37.5,22.4,30.3,73.8,12.5,32.5,45.0,23.4,8.0,5.6,15.2,22.8
Seattle SuperSonics,1994,82,110.4,40.4,82.2,49.1,6.0,15.9,37.6,23.7,31.3,75.8,13.0,28.5,41.5,25.8,11.2,4.8,15.8,25.2
Utah Jazz,1994,82,106.4,39.5,77.3,51.2,3.7,9.8,37.6,23.6,30.3,78.1,10.7,29.4,40.1,27.5,9.2,4.8,15.7,24.9
Washington Bullets,1994,82,100.5,38.7,84.1,46.0,5.3,15.4,34.3,17.8,24.5,72.4,12.7,27.1,39.8,21.3,7.9,4.9,15.9,23.8
Atlanta Hawks,1993,82,101.4,39.6,85.8,46.1,3.3,10.1,32.3,19.0,25.2,75.2,15.2,29.5,44.8,25.1,11.2,5.5,15.3,19.8
Boston Celtics,1993,82,100.8,40.6,86.1,47.2,1.7,5.8,28.9,17.8,24.4,73.0,12.6,29.0,41.7,23.5,8.2,5.4,15.1,22.5
Charlotte Hornets,1993,82,106.5,41.2,86.6,47.6,4.1,11.2,36.7,19.9,26.0,76.4,12.4,30.2,42.6,27.0,8.8,4.8,15.4,21.3
Chicago Bulls,1993,82,98.0,39.6,83.1,47.6,2.8,8.0,35.4,16.0,22.7,70.5,13.9,29.2,43.1,25.6,9.0,4.3,15.9,21.3
Cleveland Cavaliers,1993,82,101.2,38.2,82.1,46.5,3.6,9.9,36.2,21.2,27.5,77.0,13.3,28.7,42.0,25.0,8.6,5.2,13.9,20.7
Dallas Mavericks,1993,82,95.1,37.3,86.2,43.2,2.9,9.4,31.2,17.7,23.7,74.7,15.5,26.2,41.7,19.9,9.4,3.6,17.0,24.5
Denver Nuggets,1993,82,100.3,38.5,82.7,46.5,2.1,7.3,28.5,21.2,29.5,71.8,13.5,31.2,44.7,21.5,8.3,8.4,17.3,23.5
Detroit Pistons,1993,82,96.9,38.6,85.6,45.2,4.4,12.7,34.4,15.3,20.9,73.1,12.5,28.3,40.8,21.5,7.3,3.8,15.1,23.6
Golden State Warriors,1993,82,107.9,42.8,87.1,49.2,3.5,10.5,33.9,18.6,28.1,66.4,14.4,29.2,43.6,26.8,9.8,6.2,17.5,21.8
Houston Rockets,1993,82,101.1,39.0,82.1,47.5,5.2,15.7,33.4,17.9,24.1,74.3,11.3,31.9,43.2,25.5,8.7,5.9,16.3,20.1
Indiana Pacers,1993,82,101.0,38.6,79.5,48.6,2.2,6.1,36.8,21.5,29.1,73.8,13.8,29.4,43.2,25.1,8.6,5.6,17.6,24.1
Los Angeles Clippers,1993,82,103.0,40.8,87.4,46.7,3.1,10.1,30.3,18.4,26.0,70.9,13.7,29.4,43.0,26.5,9.8,5.1,18.0,21.6
Los Angeles Lakers,1993,82,100.4,40.1,89.2,45.0,2.9,9.8,30.0,17.2,24.0,71.7,15.4,26.9,42.2,24.2,9.2,5.6,14.6,22.9
Miami Heat,1993,82,103.4,39.0,84.1,46.4,4.1,12.2,33.8,21.3,27.1,78.5,15.1,29.4,44.4,22.6,7.8,4.6,16.0,24.7
Milwaukee Bucks,1993,82,96.9,37.1,83.0,44.7,4.0,12.4,32.5,18.7,26.6,70.2,13.7,26.3,40.0,23.7,9.8,5.0,16.4,22.2
Minnesota Timberwolves,1993,82,96.7,36.4,79.7,45.7,2.2,6.8,32.9,21.7,28.1,77.2,12.1,28.6,40.6,24.0,7.3,5.4,18.0,24.6
New Jersey Nets,1993,82,103.2,38.6,86.8,44.5,2.7,8.3,32.7,23.2,30.4,76.2,15.9,31.2,47.0,23.2,8.5,7.0,14.6,20.6
New York Knicks,1993,82,98.5,37.8,82.1,46.0,3.9,11.1,34.8,19.1,25.6,74.6,14.3,31.0,45.3,25.2,9.2,4.7,16.6,24.4
Orlando Magic,1993,82,105.7,40.7,83.9,48.5,4.8,13.9,34.7,19.4,28.6,67.8,14.4,28.7,43.1,25.2,8.3,5.6,16.2,20.9
Philadelphia 76ers,1993,82,98.0,37.8,83.2,45.5,3.9,11.5,33.8,18.4,25.8,71.4,12.3,29.2,41.5,22.3,8.1,6.4,16.7,18.1
Phoenix Suns,1993,82,108.2,41.8,86.3,48.4,4.2,12.7,33.0,20.4,28.1,72.8,14.9,29.9,44.8,27.6,9.1,5.6,15.9,20.0
Portland Trail Blazers,1993,82,107.3,41.1,90.6,45.4,3.3,9.4,35.3,21.7,29.2,74.3,15.9,30.0,45.9,25.2,9.1,5.0,14.8,22.3
Sacramento Kings,1993,82,101.1,38.8,85.7,45.2,3.1,8.9,35.3,20.4,28.0,73.1,13.7,28.6,42.3,24.7,8.2,4.3,16.3,24.1
San Antonio Spurs,1993,82,100.0,38.8,81.6,47.5,3.0,8.7,34.9,19.5,26.2,74.2,14.5,31.7,46.2,23.1,6.8,5.5,14.6,20.3
Seattle SuperSonics,1993,82,105.9,40.7,84.2,48.4,3.0,8.8,33.5,21.6,29.0,74.5,14.0,27.2,41.2,25.8,12.8,4.5,15.4,23.3
Utah Jazz,1993,82,101.9,39.1,82.1,47.7,2.2,6.8,32.0,21.5,29.0,74.0,12.9,29.1,42.0,26.6,9.2,4.4,14.5,24.2
Washington Bullets,1993,82,100.4,39.0,83.2,46.8,2.7,9.1,29.7,19.7,26.4,74.8,13.1,26.7,39.8,22.2,8.5,3.9,17.1,20.9
