Player,Age,Team,Lg,WAR,G,PA,AB,R,H,2B,3B,HR,RBI,SB,CS,BB,SO,BA,OBP,SLG,OPS,OPS+,rOBA,Rbat+,TB,GIDP,HBP,SH,SF,IBB,Pos,Awards
A.J. Burnett,26.0,FLA,NL,0.1,4.0,9.0,7.0,0.0,1.0,0.0,0.0,0.0,0.0,0.0,0.0,2.0,3.0,0.143,0.333,0.143,0.476,32.0,0.259,40.0,1.0,0.0,0.0,0.0,0.0,0.0,/1,
A.J. Hinch,29.0,DET,AL,-0.2,27.0,82.0,74.0,7.0,15.0,3.0,1.0,3.0,11.0,0.0,0.0,3.0,18.0,0.203,0.247,0.392,0.639,71.0,0.273,60.0,29.0,3.0,2.0,1.0,2.0,0.0,2/H,
A.J. Pierzynski*,26.0,MIN,AL,4.5,137.0,533.0,487.0,63.0,152.0,35.0,3.0,11.0,74.0,3.0,1.0,24.0,55.0,0.312,0.36,0.464,0.824,115.0,0.362,115.0,226.0,13.0,15.0,2.0,5.0,12.0,*2/H,
Aaron Boone,30.0,2TM,2LG,4.1,160.0,656.0,592.0,92.0,158.0,32.0,3.0,24.0,96.0,23.0,3.0,46.0,104.0,0.267,0.327,0.453,0.78,105.0,0.363,114.0,268.0,13.0,8.0,6.0,2.0,2.0,*54/6H,AS
Aaron Boone,30.0,CIN,NL,2.7,106.0,447.0,403.0,61.0,110.0,19.0,3.0,18.0,65.0,15.0,3.0,35.0,74.0,0.273,0.339,0.469,0.808,113.0,0.369,119.0,189.0,6.0,5.0,3.0,0.0,2.0,54/6H,
Aaron Boone,30.0,NYY,AL,1.4,54.0,209.0,189.0,31.0,48.0,13.0,0.0,6.0,31.0,8.0,0.0,11.0,30.0,0.254,0.302,0.418,0.72,90.0,0.348,102.0,79.0,7.0,3.0,3.0,2.0,0.0,5,
Aaron Cook,24.0,COL,NL,0.0,42.0,37.0,29.0,3.0,5.0,0.0,0.0,0.0,3.0,0.0,0.0,2.0,10.0,0.172,0.226,0.172,0.398,0.0,0.187,-52.0,5.0,1.0,0.0,6.0,0.0,0.0,1,
Aaron Fultz*,29.0,TEX,AL,0.0,3.0,0.0,0.0,0.0,0.0,0.0,0.0,0.0,0.0,0.0,0.0,0.0,0.0,,,,,,,,0.0,0.0,0.0,0.0,0.0,0.0,1,
Aaron Guiel*,30.0,KCR,AL,1.8,99.0,401.0,354.0,63.0,98.0,30.0,0.0,15.0,52.0,3.0,5.0,27.0,63.0,0.277,0.346,0.489,0.835,112.0,0.361,112.0,173.0,3.0,13.0,2.0,5.0,0.0,9H/D78,
Aaron Harang,25.0,2TM,2LG,-0.2,10.0,18.0,18.0,0.0,1.0,0.0,0.0,0.0,0.0,0.0,0.0,0.0,12.0,0.056,0.056,0.056,0.111,-70.0,0.051,-106.0,1.0,0.0,0.0,0.0,0.0,0.0,1,
Aaron Harang,25.0,OAK,AL,0.0,1.0,1.0,1.0,0.0,0.0,0.0,0.0,0.0,0.0,0.0,0.0,0.0,1.0,0.0,0.0,0.0,0.0,-100.0,0.0,-142.0,0.0,0.0,0.0,0.0,0.0,0.0,/1,
Aaron Harang,25.0,CIN,NL,-0.2,9.0,17.0,17.0,0.0,1.0,0.0,0.0,0.0,0.0,0.0,0.0,0.0,11.0,0.059,0.059,0.059,0.118,-68.0,0.054,-104.0,1.0,0.0,0.0,0.0,0.0,0.0,/1,
Aaron Heilman,24.0,NYM,NL,-0.2,14.0,23.0,22.0,1.0,1.0,0.0,0.0,0.0,1.0,0.0,0.0,1.0,13.0,0.045,0.087,0.045,0.132,-63.0,0.07,-94.0,1.0,0.0,0.0,0.0,0.0,0.0,1,
Aaron Miles#,26.0,CHW,AL,0.1,8.0,12.0,12.0,3.0,4.0,3.0,0.0,0.0,2.0,0.0,0.0,0.0,0.0,0.333,0.333,0.583,0.917,134.0,0.378,126.0,7.0,0.0,0.0,0.0,0.0,0.0,/H4D,
Aaron Rowand,25.0,CHW,AL,0.8,93.0,170.0,157.0,22.0,45.0,8.0,0.0,6.0,24.0,0.0,0.0,7.0,21.0,0.287,0.327,0.452,0.78,102.0,0.344,102.0,71.0,1.0,3.0,2.0,1.0,0.0,879/HD,
Aaron Sele,33.0,ANA,AL,0.0,1.0,3.0,3.0,0.0,1.0,0.0,0.0,0.0,0.0,0.0,0.0,0.0,0.0,0.333,0.333,0.333,0.667,79.0,0.303,76.0,1.0,1.0,0.0,0.0,0.0,0.0,1,
Abraham Núñez#,27.0,PIT,NL,0.0,118.0,351.0,311.0,37.0,77.0,8.0,7.0,4.0,35.0,9.0,3.0,26.0,53.0,0.248,0.31,0.357,0.667,72.0,0.309,70.0,111.0,8.0,3.0,9.0,2.0,1.0,4H6/5,
Adam Bernero,26.0,2TM,2LG,0.0,34.0,6.0,6.0,1.0,0.0,0.0,0.0,0.0,0.0,0.0,0.0,0.0,2.0,0.0,0.0,0.0,0.0,-100.0,0.152,-35.0,0.0,0.0,0.0,0.0,0.0,0.0,1/H,
Adam Bernero,26.0,DET,AL,-0.1,3.0,4.0,4.0,0.0,0.0,0.0,0.0,0.0,0.0,0.0,0.0,0.0,1.0,0.0,0.0,0.0,0.0,-100.0,0.0,-131.0,0.0,0.0,0.0,0.0,0.0,0.0,1/H,
Adam Bernero,26.0,COL,NL,0.0,31.0,2.0,2.0,1.0,0.0,0.0,0.0,0.0,0.0,0.0,0.0,0.0,1.0,0.0,0.0,0.0,0.0,-100.0,0.457,170.0,0.0,0.0,0.0,0.0,0.0,0.0,1,
Adam Dunn*,23.0,CIN,NL,1.7,116.0,469.0,381.0,70.0,82.0,12.0,1.0,27.0,57.0,8.0,2.0,74.0,126.0,0.215,0.354,0.465,0.819,116.0,0.36,115.0,177.0,4.0,10.0,0.0,4.0,8.0,73/H9D,
Adam Eaton,25.0,SDP,NL,0.4,37.0,68.0,56.0,4.0,11.0,3.0,0.0,2.0,3.0,0.0,0.0,4.0,25.0,0.196,0.262,0.357,0.619,66.0,0.274,54.0,20.0,1.0,1.0,7.0,0.0,0.0,1/H,
Adam Everett,26.0,HOU,NL,2.3,128.0,436.0,387.0,51.0,99.0,18.0,3.0,8.0,51.0,8.0,1.0,28.0,66.0,0.256,0.32,0.38,0.7,80.0,0.317,73.0,147.0,7.0,9.0,11.0,1.0,6.0,*6/H,
Adam Hyzdu,31.0,PIT,NL,-0.2,51.0,75.0,63.0,16.0,13.0,5.0,0.0,1.0,8.0,0.0,0.0,10.0,21.0,0.206,0.32,0.333,0.653,70.0,0.308,72.0,21.0,2.0,1.0,0.0,1.0,0.0,H89/7,
Adam Kennedy*,27.0,ANA,AL,3.5,143.0,510.0,449.0,71.0,121.0,17.0,1.0,13.0,49.0,22.0,9.0,45.0,73.0,0.269,0.344,0.399,0.743,98.0,0.335,98.0,179.0,7.0,9.0,2.0,5.0,4.0,*4H/D,
Adam Melhuse#,31.0,OAK,AL,0.7,40.0,86.0,77.0,13.0,23.0,7.0,0.0,5.0,14.0,0.0,0.0,9.0,19.0,0.299,0.372,0.584,0.957,149.0,0.404,146.0,45.0,2.0,0.0,0.0,0.0,0.0,2/H53,
Adam Piatt,27.0,2TM,AL,-0.3,61.0,143.0,132.0,11.0,30.0,13.0,0.0,6.0,18.0,1.0,2.0,9.0,46.0,0.227,0.273,0.462,0.735,91.0,0.303,80.0,61.0,2.0,0.0,0.0,2.0,0.0,7H9/D3,
Adam Piatt,27.0,OAK,AL,-0.2,47.0,107.0,100.0,6.0,24.0,10.0,0.0,4.0,15.0,1.0,2.0,6.0,30.0,0.24,0.28,0.46,0.74,92.0,0.305,83.0,46.0,2.0,0.0,0.0,1.0,0.0,7H/9D3,
Adam Piatt,27.0,TBD,AL,-0.2,14.0,36.0,32.0,5.0,6.0,3.0,0.0,2.0,3.0,0.0,0.0,3.0,16.0,0.188,0.25,0.469,0.719,88.0,0.295,74.0,15.0,0.0,0.0,0.0,1.0,0.0,/H9D7,
Adam Riggs,30.0,ANA,AL,0.1,24.0,72.0,61.0,11.0,15.0,4.0,1.0,3.0,5.0,3.0,1.0,9.0,9.0,0.246,0.343,0.492,0.835,119.0,0.376,126.0,30.0,2.0,0.0,2.0,0.0,0.0,3/7H4D,
Adrian Beltré,24.0,LAD,NL,3.6,158.0,608.0,559.0,50.0,134.0,30.0,2.0,23.0,80.0,2.0,2.0,37.0,103.0,0.24,0.29,0.424,0.714,88.0,0.319,88.0,237.0,13.0,5.0,1.0,6.0,4.0,*5/6H,
Adrian Brown#,29.0,BOS,AL,-0.1,9.0,16.0,15.0,2.0,3.0,0.0,0.0,0.0,1.0,2.0,0.0,1.0,4.0,0.2,0.25,0.2,0.45,19.0,0.244,9.0,3.0,0.0,0.0,0.0,0.0,0.0,/87H,
Al Leiter*,37.0,NYM,NL,-0.6,28.0,60.0,53.0,2.0,1.0,0.0,0.0,0.0,0.0,0.0,0.0,2.0,28.0,0.019,0.055,0.019,0.073,-79.0,0.059,-121.0,1.0,2.0,0.0,5.0,0.0,0.0,1,
Al Levine*,35.0,TBD,AL,0.0,4.0,0.0,0.0,0.0,0.0,0.0,0.0,0.0,0.0,0.0,0.0,0.0,0.0,,,,,,,,0.0,0.0,0.0,0.0,0.0,0.0,1,
Al Martin*,35.0,TBD,AL,-0.6,100.0,258.0,238.0,19.0,60.0,12.0,2.0,3.0,26.0,2.0,2.0,17.0,51.0,0.252,0.306,0.357,0.663,79.0,0.289,71.0,85.0,8.0,2.0,0.0,1.0,4.0,DH/793,
Alan Benes,31.0,CHC,NL,0.0,3.0,1.0,1.0,0.0,0.0,0.0,0.0,0.0,0.0,0.0,0.0,0.0,0.0,0.0,0.0,0.0,0.0,-100.0,0.0,-142.0,0.0,0.0,0.0,0.0,0.0,0.0,/1,
Alan Embree*,33.0,BOS,AL,0.0,5.0,0.0,0.0,0.0,0.0,0.0,0.0,0.0,0.0,0.0,0.0,0.0,0.0,,,,,,,,0.0,0.0,0.0,0.0,0.0,0.0,1,
Albert Pujols,23.0,STL,NL,8.7,157.0,685.0,591.0,137.0,212.0,51.0,1.0,43.0,124.0,5.0,1.0,79.0,65.0,0.359,0.439,0.667,1.106,187.0,0.47,194.0,394.0,13.0,10.0,0.0,5.0,12.0,*73/HD,"AS,MVP-2,SS"
Alberto Castillo,33.0,SFG,NL,0.0,11.0,15.0,15.0,2.0,3.0,1.0,0.0,1.0,4.0,0.0,0.0,0.0,5.0,0.2,0.2,0.467,0.667,68.0,0.278,53.0,7.0,0.0,0.0,0.0,0.0,0.0,2/H,
Alex Gonzalez,30.0,CHC,NL,1.2,152.0,601.0,536.0,71.0,122.0,37.0,0.0,20.0,59.0,3.0,3.0,47.0,123.0,0.228,0.295,0.409,0.704,81.0,0.321,82.0,219.0,17.0,6.0,8.0,4.0,1.0,*6/H,
Alfonso Soriano,27.0,NYY,AL,5.4,156.0,734.0,682.0,114.0,198.0,36.0,5.0,38.0,91.0,35.0,8.0,38.0,130.0,0.29,0.338,0.525,0.863,126.0,0.381,128.0,358.0,8.0,12.0,0.0,2.0,7.0,*4/H,"AS,MVP-20"
Alfredo Amézaga#,25.0,ANA,AL,-0.1,37.0,120.0,105.0,15.0,22.0,3.0,2.0,2.0,7.0,2.0,2.0,9.0,23.0,0.21,0.278,0.333,0.612,62.0,0.268,54.0,35.0,2.0,1.0,5.0,0.0,0.0,65/HD,
Allen Levrault,25.0,FLA,NL,0.0,17.0,2.0,2.0,0.0,0.0,0.0,0.0,0.0,0.0,0.0,0.0,0.0,1.0,0.0,0.0,0.0,0.0,-100.0,0.0,-148.0,0.0,0.0,0.0,0.0,0.0,0.0,1,
Amaury Telemaco,29.0,PHI,NL,0.2,8.0,15.0,14.0,1.0,4.0,3.0,0.0,0.0,0.0,0.0,0.0,0.0,4.0,0.286,0.286,0.5,0.786,106.0,0.334,99.0,7.0,0.0,0.0,1.0,0.0,0.0,/1,
Anderson Machado#,22.0,PHI,NL,0.0,1.0,0.0,0.0,0.0,0.0,0.0,0.0,0.0,0.0,1.0,0.0,0.0,0.0,,,,,,,,0.0,0.0,0.0,0.0,0.0,0.0,/H,
Andrew Good,23.0,ARI,NL,-0.1,15.0,20.0,16.0,0.0,2.0,0.0,0.0,0.0,1.0,0.0,0.0,0.0,5.0,0.125,0.125,0.125,0.25,-36.0,0.114,-117.0,2.0,0.0,0.0,4.0,0.0,0.0,1,
Andruw Jones,26.0,ATL,NL,4.9,156.0,659.0,595.0,101.0,165.0,28.0,2.0,36.0,116.0,4.0,3.0,53.0,125.0,0.277,0.338,0.513,0.851,117.0,0.368,116.0,305.0,18.0,5.0,0.0,6.0,2.0,*8/H,"AS,MVP-13,GG"
Andrés Galarraga,42.0,SFG,NL,1.0,110.0,293.0,272.0,36.0,82.0,15.0,0.0,12.0,42.0,1.0,3.0,19.0,61.0,0.301,0.352,0.489,0.841,118.0,0.374,125.0,133.0,9.0,2.0,0.0,0.0,1.0,3H/D,
Andrés Torres#,25.0,DET,AL,-0.9,59.0,185.0,168.0,23.0,37.0,4.0,3.0,1.0,9.0,5.0,5.0,10.0,35.0,0.22,0.263,0.298,0.56,53.0,0.25,49.0,50.0,5.0,0.0,6.0,1.0,0.0,89H/D7,
Andy Abad*,30.0,BOS,AL,-0.3,9.0,19.0,17.0,1.0,2.0,0.0,0.0,0.0,0.0,0.0,1.0,2.0,5.0,0.118,0.211,0.118,0.328,-11.0,0.144,-23.0,2.0,1.0,0.0,0.0,0.0,0.0,/3H9,
Andy Ashby,35.0,LAD,NL,-0.2,20.0,17.0,14.0,0.0,0.0,0.0,0.0,0.0,0.0,0.0,0.0,0.0,8.0,0.0,0.0,0.0,0.0,-100.0,0.0,-193.0,0.0,0.0,0.0,3.0,0.0,0.0,1,
Andy Fox*,32.0,FLA,NL,-1.3,70.0,120.0,108.0,12.0,21.0,5.0,1.0,0.0,8.0,1.0,2.0,7.0,29.0,0.194,0.269,0.259,0.528,40.0,0.247,36.0,28.0,2.0,4.0,1.0,0.0,0.0,H4/6537,
Andy Pettitte*,31.0,NYY,AL,0.0,3.0,7.0,7.0,0.0,1.0,0.0,0.0,0.0,1.0,0.0,0.0,0.0,2.0,0.143,0.143,0.143,0.286,-23.0,0.13,-44.0,1.0,0.0,0.0,0.0,0.0,0.0,1,CYA-6
Anthony Ferrari*,25.0,MON,NL,0.0,2.0,0.0,0.0,0.0,0.0,0.0,0.0,0.0,0.0,0.0,0.0,0.0,0.0,,,,,,,,0.0,0.0,0.0,0.0,0.0,0.0,/1,
Antonio Alfonseca,31.0,CHC,NL,0.0,54.0,1.0,0.0,0.0,0.0,0.0,0.0,0.0,0.0,0.0,0.0,0.0,0.0,,,,,,,,0.0,0.0,0.0,1.0,0.0,0.0,1,
Antonio Osuna,30.0,NYY,AL,0.0,3.0,0.0,0.0,0.0,0.0,0.0,0.0,0.0,0.0,0.0,0.0,0.0,0.0,,,,,,,,0.0,0.0,0.0,0.0,0.0,0.0,1,
Antonio Pérez,23.0,TBD,AL,0.5,48.0,147.0,125.0,19.0,31.0,6.0,1.0,2.0,12.0,4.0,1.0,18.0,34.0,0.248,0.345,0.36,0.705,91.0,0.33,97.0,45.0,1.0,1.0,2.0,1.0,0.0,4/H56D,
Aquilino López,28.0,TOR,AL,0.0,3.0,0.0,0.0,0.0,0.0,0.0,0.0,0.0,0.0,0.0,0.0,0.0,0.0,,,,,,,,0.0,0.0,0.0,0.0,0.0,0.0,1,
Aramis Ramírez,25.0,2TM,NL,1.9,159.0,670.0,607.0,75.0,165.0,32.0,2.0,27.0,106.0,2.0,2.0,42.0,99.0,0.272,0.324,0.465,0.788,102.0,0.351,103.0,282.0,21.0,10.0,0.0,11.0,3.0,*5/H,
Aramis Ramírez,25.0,PIT,NL,1.3,96.0,415.0,375.0,44.0,105.0,25.0,1.0,12.0,67.0,1.0,1.0,25.0,68.0,0.28,0.33,0.448,0.778,99.0,0.34,95.0,168.0,17.0,7.0,0.0,8.0,3.0,5,
Aramis Ramírez,25.0,CHC,NL,0.6,63.0,255.0,232.0,31.0,60.0,7.0,1.0,15.0,39.0,1.0,1.0,17.0,31.0,0.259,0.314,0.491,0.805,105.0,0.37,117.0,114.0,4.0,3.0,0.0,3.0,0.0,5/H,
Armando Almanza*,30.0,FLA,NL,0.0,48.0,0.0,0.0,0.0,0.0,0.0,0.0,0.0,0.0,0.0,0.0,0.0,0.0,,,,,,,,0.0,0.0,0.0,0.0,0.0,0.0,1,
Armando Benítez,30.0,NYM,NL,0.0,43.0,1.0,1.0,0.0,0.0,0.0,0.0,0.0,0.0,0.0,0.0,0.0,1.0,0.0,0.0,0.0,0.0,-100.0,0.0,-142.0,0.0,0.0,0.0,0.0,0.0,0.0,1,AS
Armando Ríos*,31.0,CHW,AL,-1.1,49.0,112.0,104.0,4.0,22.0,3.0,0.0,2.0,11.0,0.0,1.0,5.0,13.0,0.212,0.245,0.298,0.544,42.0,0.238,29.0,31.0,6.0,0.0,2.0,1.0,0.0,8H/79D,
Arthur Rhodes*,33.0,SEA,AL,0.0,4.0,0.0,0.0,0.0,0.0,0.0,0.0,0.0,0.0,0.0,0.0,0.0,0.0,,,,,,,,0.0,0.0,0.0,0.0,0.0,0.0,1,
Aubrey Huff*,26.0,TBD,AL,4.0,162.0,706.0,636.0,91.0,198.0,47.0,3.0,34.0,107.0,2.0,3.0,53.0,80.0,0.311,0.367,0.555,0.922,145.0,0.386,140.0,353.0,19.0,8.0,0.0,9.0,17.0,9D3/5,MVP-24
Augie Ojeda#,28.0,CHC,NL,0.0,12.0,27.0,25.0,2.0,3.0,0.0,0.0,0.0,0.0,0.0,0.0,1.0,5.0,0.12,0.185,0.12,0.305,-18.0,0.134,-59.0,3.0,1.0,1.0,0.0,0.0,1.0,/645,
Austin Kearns,23.0,CIN,NL,1.4,82.0,338.0,292.0,39.0,77.0,11.0,0.0,15.0,58.0,5.0,2.0,41.0,68.0,0.264,0.364,0.455,0.819,117.0,0.365,119.0,133.0,7.0,5.0,0.0,0.0,1.0,98/H,
B.J. Ryan*,27.0,BAL,AL,0.0,4.0,0.0,0.0,0.0,0.0,0.0,0.0,0.0,0.0,0.0,0.0,0.0,0.0,,,,,,,,0.0,0.0,0.0,0.0,0.0,0.0,1,
B.J. Surhoff*,38.0,BAL,AL,0.7,93.0,354.0,319.0,32.0,94.0,20.0,0.0,5.0,41.0,2.0,2.0,29.0,29.0,0.295,0.353,0.404,0.758,101.0,0.342,104.0,129.0,4.0,1.0,3.0,2.0,3.0,D73H/9,
Barry Bonds*,38.0,SFG,NL,9.2,130.0,550.0,390.0,111.0,133.0,22.0,1.0,45.0,90.0,7.0,0.0,148.0,58.0,0.341,0.529,0.749,1.278,231.0,0.514,235.0,292.0,7.0,10.0,0.0,2.0,61.0,*7/DH,"AS,MVP-1,SS"
Barry Larkin,39.0,CIN,NL,0.9,70.0,265.0,241.0,39.0,68.0,16.0,1.0,2.0,18.0,2.0,0.0,22.0,32.0,0.282,0.345,0.382,0.726,94.0,0.336,97.0,92.0,7.0,1.0,1.0,0.0,0.0,6H,
Barry Wesson,26.0,ANA,AL,0.0,10.0,11.0,11.0,2.0,2.0,0.0,0.0,1.0,3.0,1.0,0.0,0.0,4.0,0.182,0.182,0.455,0.636,62.0,0.283,48.0,5.0,0.0,0.0,0.0,0.0,0.0,/79DH,
Barry Zito*,25.0,OAK,AL,-0.1,2.0,6.0,6.0,0.0,0.0,0.0,0.0,0.0,0.0,0.0,0.0,0.0,1.0,0.0,0.0,0.0,0.0,-100.0,0.0,-135.0,0.0,0.0,0.0,0.0,0.0,0.0,1,AS
Bartolo Colon,30.0,CHW,AL,-0.1,2.0,7.0,6.0,0.0,0.0,0.0,0.0,0.0,0.0,0.0,0.0,0.0,3.0,0.0,0.0,0.0,0.0,-100.0,0.0,-178.0,0.0,0.0,0.0,1.0,0.0,0.0,1,
Ben Broussard*,26.0,CLE,AL,0.8,116.0,429.0,386.0,53.0,96.0,21.0,3.0,16.0,55.0,5.0,2.0,32.0,75.0,0.249,0.312,0.443,0.755,100.0,0.336,102.0,171.0,6.0,5.0,3.0,3.0,2.0,*3/H,
Ben Davis#,26.0,SEA,AL,0.8,80.0,269.0,246.0,25.0,58.0,18.0,0.0,6.0,42.0,0.0,0.0,18.0,61.0,0.236,0.284,0.382,0.666,78.0,0.301,78.0,94.0,5.0,0.0,1.0,4.0,2.0,2/HD,
Ben Grieve*,27.0,TBD,AL,0.5,55.0,205.0,165.0,28.0,38.0,7.0,0.0,4.0,17.0,0.0,0.0,32.0,41.0,0.23,0.371,0.345,0.716,96.0,0.344,108.0,57.0,3.0,6.0,0.0,2.0,1.0,D9/H,
Ben Howard,24.0,SDP,NL,-0.1,6.0,11.0,11.0,1.0,1.0,0.0,0.0,0.0,0.0,0.0,0.0,0.0,5.0,0.091,0.091,0.091,0.182,-50.0,0.083,-79.0,1.0,0.0,0.0,0.0,0.0,0.0,/1,
Ben Petrick,26.0,2TM,2LG,0.3,46.0,131.0,122.0,18.0,27.0,6.0,0.0,4.0,12.0,0.0,0.0,8.0,31.0,0.221,0.269,0.369,0.638,72.0,0.287,70.0,45.0,3.0,0.0,1.0,0.0,0.0,78H/293,
Ben Petrick,26.0,COL,NL,0.1,3.0,2.0,2.0,0.0,0.0,0.0,0.0,0.0,0.0,0.0,0.0,0.0,1.0,0.0,0.0,0.0,0.0,-100.0,0.0,-165.0,0.0,0.0,0.0,0.0,0.0,0.0,/H278,
Ben Petrick,26.0,DET,AL,0.2,43.0,129.0,120.0,18.0,27.0,6.0,0.0,4.0,12.0,0.0,0.0,8.0,30.0,0.225,0.273,0.375,0.648,75.0,0.291,74.0,45.0,3.0,0.0,1.0,0.0,0.0,78/H293,
Ben Sheets,24.0,MIL,NL,-0.6,33.0,72.0,66.0,0.0,5.0,0.0,0.0,0.0,2.0,0.0,0.0,1.0,35.0,0.076,0.09,0.076,0.165,-56.0,0.091,-94.0,5.0,0.0,0.0,5.0,0.0,0.0,1,
Ben Weber,33.0,ANA,AL,0.0,5.0,0.0,0.0,0.0,0.0,0.0,0.0,0.0,0.0,0.0,0.0,0.0,0.0,,,,,,,,0.0,0.0,0.0,0.0,0.0,0.0,1,
Bengie Molina,28.0,ANA,AL,1.7,119.0,430.0,409.0,37.0,115.0,24.0,0.0,14.0,71.0,1.0,1.0,13.0,31.0,0.281,0.304,0.443,0.746,96.0,0.323,91.0,181.0,17.0,2.0,2.0,4.0,2.0,*2/H,GG
Benito Santiago,38.0,SFG,NL,1.5,108.0,434.0,401.0,53.0,112.0,21.0,2.0,11.0,56.0,0.0,1.0,29.0,69.0,0.279,0.329,0.424,0.753,96.0,0.34,98.0,170.0,13.0,2.0,0.0,2.0,0.0,2/H,
Benji Gil,30.0,ANA,AL,-0.7,62.0,135.0,125.0,12.0,24.0,5.0,1.0,1.0,9.0,5.0,1.0,4.0,33.0,0.192,0.214,0.272,0.486,29.0,0.219,12.0,34.0,5.0,0.0,4.0,2.0,1.0,46H/35D,
Bernie Williams#,34.0,NYY,AL,1.0,119.0,521.0,445.0,77.0,117.0,19.0,1.0,15.0,64.0,5.0,0.0,71.0,61.0,0.263,0.367,0.411,0.778,107.0,0.353,110.0,183.0,21.0,3.0,0.0,2.0,8.0,*8/DH,
Bill Hall,23.0,MIL,NL,-0.5,52.0,155.0,142.0,23.0,37.0,9.0,2.0,5.0,20.0,1.0,2.0,7.0,28.0,0.261,0.298,0.458,0.756,95.0,0.318,86.0,65.0,5.0,1.0,4.0,1.0,0.0,46H/5,
Bill Haselman,37.0,BOS,AL,-0.1,4.0,3.0,3.0,0.0,0.0,0.0,0.0,0.0,0.0,0.0,0.0,0.0,1.0,0.0,0.0,0.0,0.0,-100.0,0.0,-141.0,0.0,0.0,0.0,0.0,0.0,0.0,/2DH,
Bill Mueller#,32.0,BOS,AL,5.6,146.0,600.0,524.0,85.0,171.0,45.0,5.0,19.0,85.0,1.0,4.0,59.0,77.0,0.326,0.398,0.54,0.938,140.0,0.411,148.0,283.0,11.0,7.0,4.0,6.0,2.0,*54/HD6,"MVP-12,SS"
Bill Selby*,33.0,CLE,AL,-0.2,27.0,44.0,39.0,3.0,4.0,1.0,0.0,0.0,5.0,0.0,0.0,3.0,11.0,0.103,0.163,0.128,0.291,-20.0,0.163,-21.0,5.0,0.0,0.0,1.0,1.0,0.0,H5/D347,
Billy Koch,28.0,CHW,AL,0.0,4.0,0.0,0.0,0.0,0.0,0.0,0.0,0.0,0.0,0.0,0.0,0.0,0.0,,,,,,,,0.0,0.0,0.0,0.0,0.0,0.0,1,
Billy McMillon*,31.0,OAK,AL,0.7,66.0,175.0,153.0,15.0,41.0,11.0,0.0,6.0,26.0,0.0,0.0,19.0,36.0,0.268,0.354,0.458,0.812,114.0,0.354,111.0,70.0,3.0,2.0,0.0,1.0,1.0,7H/D39,
Billy Traber*,23.0,CLE,AL,-0.1,2.0,4.0,4.0,0.0,0.0,0.0,0.0,0.0,0.0,0.0,0.0,0.0,2.0,0.0,0.0,0.0,0.0,-100.0,0.0,-135.0,0.0,0.0,0.0,0.0,0.0,0.0,1,
Billy Wagner*,31.0,HOU,NL,0.1,73.0,3.0,2.0,1.0,0.0,0.0,0.0,0.0,1.0,0.0,0.0,1.0,0.0,0.0,0.333,0.0,0.333,-3.0,0.237,20.0,0.0,0.0,0.0,0.0,0.0,0.0,1,"AS,MVP-23"
Blaine Neal*,25.0,FLA,NL,0.0,16.0,0.0,0.0,0.0,0.0,0.0,0.0,0.0,0.0,0.0,0.0,0.0,0.0,,,,,,,,0.0,0.0,0.0,0.0,0.0,0.0,1,
Bo Hart,26.0,STL,NL,1.0,77.0,321.0,296.0,46.0,82.0,13.0,5.0,4.0,28.0,3.0,1.0,12.0,64.0,0.277,0.317,0.395,0.713,87.0,0.319,83.0,117.0,3.0,6.0,6.0,1.0,0.0,4/H6,
Bobby Abreu*,29.0,PHI,NL,5.4,158.0,695.0,577.0,99.0,173.0,35.0,1.0,20.0,101.0,22.0,9.0,109.0,126.0,0.3,0.409,0.468,0.877,136.0,0.392,141.0,270.0,13.0,2.0,0.0,7.0,13.0,*9,MVP-27
Bobby Crosby,23.0,OAK,AL,-0.5,11.0,14.0,12.0,1.0,0.0,0.0,0.0,0.0,0.0,0.0,0.0,1.0,5.0,0.0,0.143,0.0,0.143,-57.0,0.104,-63.0,0.0,0.0,1.0,0.0,0.0,0.0,/6HD,
Bobby Estalella,28.0,COL,NL,0.6,46.0,165.0,140.0,17.0,28.0,7.0,0.0,7.0,21.0,2.0,0.0,19.0,55.0,0.2,0.294,0.4,0.694,69.0,0.342,83.0,56.0,4.0,1.0,2.0,3.0,0.0,2,
Bobby Higginson*,32.0,DET,AL,0.3,130.0,539.0,469.0,61.0,110.0,13.0,4.0,14.0,52.0,8.0,8.0,59.0,73.0,0.235,0.32,0.369,0.689,88.0,0.307,88.0,173.0,12.0,3.0,1.0,6.0,3.0,*9/DH8,
Bobby Hill#,25.0,2TM,NL,-0.1,6.0,9.0,7.0,1.0,2.0,0.0,0.0,0.0,0.0,0.0,0.0,2.0,2.0,0.286,0.444,0.286,0.73,96.0,0.36,110.0,2.0,1.0,0.0,0.0,0.0,0.0,/H4,
Bobby Hill#,25.0,CHC,NL,-0.1,5.0,5.0,4.0,0.0,1.0,0.0,0.0,0.0,0.0,0.0,0.0,1.0,2.0,0.25,0.4,0.25,0.65,75.0,0.324,84.0,1.0,1.0,0.0,0.0,0.0,0.0,/H4,
Bobby Hill#,25.0,PIT,NL,0.0,1.0,4.0,3.0,1.0,1.0,0.0,0.0,0.0,0.0,0.0,0.0,1.0,0.0,0.333,0.5,0.333,0.833,122.0,0.405,140.0,1.0,0.0,0.0,0.0,0.0,0.0,/4H,
Bobby Kielty#,26.0,2TM,AL,0.9,137.0,509.0,427.0,71.0,104.0,26.0,1.0,13.0,57.0,8.0,3.0,71.0,92.0,0.244,0.358,0.4,0.758,99.0,0.342,99.0,171.0,11.0,7.0,0.0,4.0,6.0,9DH/738,
Bobby Kielty#,26.0,MIN,AL,1.1,75.0,284.0,238.0,40.0,60.0,13.0,0.0,9.0,32.0,6.0,2.0,42.0,56.0,0.252,0.37,0.42,0.79,108.0,0.357,110.0,100.0,5.0,3.0,0.0,1.0,2.0,9DH/87,
Bobby Kielty#,26.0,TOR,AL,-0.2,62.0,225.0,189.0,31.0,44.0,13.0,1.0,4.0,25.0,2.0,1.0,29.0,36.0,0.233,0.342,0.376,0.718,87.0,0.323,85.0,71.0,6.0,4.0,0.0,3.0,4.0,9/H378,
Brad Ausmus,34.0,HOU,NL,0.4,143.0,509.0,450.0,43.0,103.0,12.0,2.0,4.0,47.0,5.0,3.0,46.0,66.0,0.229,0.303,0.291,0.594,55.0,0.282,52.0,131.0,8.0,4.0,4.0,5.0,1.0,*2/H,
Brad Fullmer*,28.0,ANA,AL,1.3,63.0,235.0,206.0,32.0,63.0,9.0,2.0,9.0,35.0,5.0,4.0,26.0,31.0,0.306,0.387,0.5,0.887,135.0,0.376,131.0,103.0,4.0,2.0,0.0,1.0,4.0,D3/H,
Brad Lidge,26.0,HOU,NL,-0.1,73.0,4.0,4.0,0.0,0.0,0.0,0.0,0.0,0.0,0.0,0.0,0.0,4.0,0.0,0.0,0.0,0.0,-100.0,0.0,-149.0,0.0,0.0,0.0,0.0,0.0,0.0,1,ROY-5
Brad Penny,25.0,FLA,NL,-0.1,31.0,73.0,68.0,3.0,9.0,1.0,1.0,2.0,8.0,0.0,0.0,0.0,27.0,0.132,0.132,0.265,0.397,1.0,0.168,-35.0,18.0,2.0,0.0,5.0,0.0,0.0,1/H,
Brad Radke,30.0,MIN,AL,0.0,2.0,5.0,5.0,0.0,1.0,0.0,0.0,0.0,0.0,0.0,0.0,0.0,1.0,0.2,0.2,0.2,0.4,6.0,0.182,-10.0,1.0,0.0,0.0,0.0,0.0,0.0,1,
Brad Voyles,26.0,KCR,AL,0.0,1.0,1.0,1.0,0.0,0.0,0.0,0.0,0.0,0.0,0.0,0.0,0.0,1.0,0.0,0.0,0.0,0.0,-100.0,0.0,-150.0,0.0,0.0,0.0,0.0,0.0,0.0,1,
Brad Wilkerson*,26.0,MON,NL,3.3,146.0,602.0,504.0,78.0,135.0,34.0,4.0,19.0,77.0,13.0,10.0,89.0,155.0,0.268,0.38,0.464,0.844,115.0,0.376,120.0,234.0,5.0,4.0,2.0,3.0,0.0,*7839/H,
Braden Looper,28.0,FLA,NL,0.1,72.0,2.0,1.0,1.0,1.0,0.0,0.0,0.0,0.0,0.0,0.0,0.0,0.0,1.0,1.0,1.0,2.0,430.0,0.911,892.0,1.0,0.0,0.0,1.0,0.0,0.0,1,
Brady Clark,30.0,MIL,NL,0.4,128.0,356.0,315.0,33.0,86.0,21.0,1.0,6.0,40.0,13.0,2.0,21.0,40.0,0.273,0.33,0.403,0.733,92.0,0.331,88.0,127.0,12.0,9.0,2.0,7.0,0.0,9H7/8,
Brady Raggio,30.0,ARI,NL,0.0,10.0,0.0,0.0,0.0,0.0,0.0,0.0,0.0,0.0,0.0,0.0,0.0,0.0,,,,,,,,0.0,0.0,0.0,0.0,0.0,0.0,1,
Brandon Backe,25.0,TBD,AL,0.0,1.0,0.0,0.0,1.0,0.0,0.0,0.0,0.0,0.0,0.0,0.0,0.0,0.0,,,,,,,,0.0,0.0,0.0,0.0,0.0,0.0,1/H,
Brandon Berger,28.0,KCR,AL,-0.4,13.0,38.0,32.0,3.0,7.0,0.0,0.0,0.0,3.0,0.0,0.0,5.0,4.0,0.219,0.324,0.219,0.543,44.0,0.263,39.0,7.0,0.0,0.0,1.0,0.0,0.0,9/HD,
Brandon Claussen,24.0,NYY,AL,0.0,1.0,4.0,4.0,0.0,1.0,0.0,0.0,0.0,1.0,0.0,0.0,0.0,1.0,0.25,0.25,0.25,0.5,34.0,0.204,6.0,1.0,0.0,0.0,0.0,0.0,0.0,/1,
Brandon Duckworth,27.0,PHI,NL,0.1,22.0,30.0,27.0,1.0,5.0,0.0,0.0,0.0,2.0,0.0,0.0,2.0,5.0,0.185,0.241,0.185,0.427,17.0,0.203,2.0,5.0,1.0,0.0,1.0,0.0,0.0,1,
Brandon Inge,26.0,DET,AL,0.9,104.0,366.0,330.0,32.0,67.0,15.0,3.0,8.0,30.0,4.0,4.0,24.0,79.0,0.203,0.265,0.339,0.605,64.0,0.272,62.0,112.0,8.0,5.0,4.0,3.0,0.0,2/H,
Brandon Larson,27.0,CIN,NL,-1.1,32.0,104.0,89.0,6.0,9.0,1.0,0.0,1.0,9.0,2.0,2.0,13.0,31.0,0.101,0.212,0.146,0.358,-2.0,0.203,7.0,13.0,2.0,0.0,0.0,2.0,0.0,5/H7,
Brandon Lyon,23.0,BOS,AL,0.0,3.0,0.0,0.0,0.0,0.0,0.0,0.0,0.0,0.0,0.0,0.0,0.0,0.0,,,,,,,,0.0,0.0,0.0,0.0,0.0,0.0,1,
Brandon Phillips,22.0,CLE,AL,-0.3,112.0,393.0,370.0,36.0,77.0,18.0,1.0,6.0,33.0,4.0,5.0,14.0,77.0,0.208,0.242,0.311,0.553,48.0,0.256,48.0,115.0,12.0,3.0,5.0,1.0,0.0,*4/H,
Brandon Puffer,27.0,HOU,NL,-0.1,13.0,3.0,3.0,0.0,0.0,0.0,0.0,0.0,0.0,0.0,0.0,0.0,2.0,0.0,0.0,0.0,0.0,-100.0,0.0,-151.0,0.0,0.0,0.0,0.0,0.0,0.0,1,
Brandon Villafuerte,27.0,SDP,NL,0.0,31.0,1.0,1.0,0.0,0.0,0.0,0.0,0.0,0.0,0.0,0.0,0.0,1.0,0.0,0.0,0.0,0.0,-100.0,0.0,-133.0,0.0,0.0,0.0,0.0,0.0,0.0,1,
Brandon Webb,24.0,ARI,NL,-0.3,27.0,59.0,50.0,2.0,5.0,1.0,0.0,0.0,0.0,0.0,0.0,2.0,21.0,0.1,0.135,0.12,0.255,-35.0,0.135,-79.0,6.0,0.0,0.0,7.0,0.0,0.0,1,ROY-3
Brendan Donnelly,31.0,ANA,AL,0.0,4.0,0.0,0.0,0.0,0.0,0.0,0.0,0.0,0.0,0.0,0.0,0.0,0.0,,,,,,,,0.0,0.0,0.0,0.0,0.0,0.0,1,AS
Brent Abernathy,25.0,2TM,AL,-0.8,12.0,37.0,34.0,3.0,2.0,0.0,0.0,0.0,0.0,1.0,0.0,1.0,3.0,0.059,0.086,0.059,0.145,-61.0,0.076,-103.0,2.0,2.0,0.0,2.0,0.0,0.0,4/H,
Brent Abernathy,25.0,TBD,AL,0.0,2.0,7.0,7.0,1.0,0.0,0.0,0.0,0.0,0.0,1.0,0.0,0.0,0.0,0.0,0.0,0.0,0.0,-100.0,0.034,-133.0,0.0,0.0,0.0,0.0,0.0,0.0,/4H,
Brent Abernathy,25.0,KCR,AL,-0.8,10.0,30.0,27.0,2.0,2.0,0.0,0.0,0.0,0.0,0.0,0.0,1.0,3.0,0.074,0.107,0.074,0.181,-52.0,0.087,-95.0,2.0,2.0,0.0,2.0,0.0,0.0,/4H,
Brent Butler,25.0,COL,NL,-0.1,37.0,99.0,90.0,13.0,19.0,3.0,1.0,1.0,4.0,1.0,0.0,7.0,13.0,0.211,0.276,0.3,0.576,42.0,0.266,26.0,27.0,2.0,1.0,1.0,0.0,2.0,4/H56,
Brent Mayne*,35.0,KCR,AL,0.5,113.0,414.0,372.0,39.0,91.0,17.0,1.0,6.0,36.0,0.0,2.0,32.0,59.0,0.245,0.307,0.344,0.651,68.0,0.295,63.0,128.0,10.0,3.0,4.0,3.0,5.0,*2/H,
Bret Boone,34.0,SEA,AL,5.9,159.0,705.0,622.0,111.0,183.0,35.0,5.0,35.0,117.0,16.0,3.0,68.0,125.0,0.294,0.366,0.535,0.902,140.0,0.392,140.0,333.0,17.0,7.0,1.0,7.0,3.0,*4,"AS,MVP-10,GG,SS"
Bret Prinz,26.0,ARI,NL,0.0,1.0,0.0,0.0,0.0,0.0,0.0,0.0,0.0,0.0,0.0,0.0,0.0,0.0,,,,,,,,0.0,0.0,0.0,0.0,0.0,0.0,/1,
Brett Myers,22.0,PHI,NL,-0.1,31.0,69.0,62.0,3.0,9.0,1.0,0.0,0.0,1.0,0.0,0.0,2.0,18.0,0.145,0.172,0.161,0.333,-9.0,0.154,-40.0,10.0,1.0,0.0,5.0,0.0,0.0,1/H,
Brett Tomko,30.0,STL,NL,0.7,32.0,78.0,63.0,4.0,18.0,1.0,0.0,0.0,9.0,0.0,1.0,4.0,15.0,0.286,0.328,0.302,0.63,69.0,0.282,57.0,19.0,1.0,0.0,11.0,0.0,0.0,1/H,
Brian Anderson#,31.0,CLE,AL,0.0,3.0,2.0,1.0,0.0,0.0,0.0,0.0,0.0,0.0,0.0,0.0,1.0,0.0,0.0,0.5,0.0,0.5,52.0,0.357,116.0,0.0,0.0,0.0,0.0,0.0,0.0,1/HD,
Brian Banks#,32.0,FLA,NL,-0.3,92.0,180.0,149.0,14.0,35.0,6.0,2.0,4.0,23.0,2.0,1.0,25.0,38.0,0.235,0.348,0.383,0.731,93.0,0.326,89.0,57.0,4.0,2.0,2.0,2.0,1.0,H739/D,
Brian Boehringer#,34.0,PIT,NL,0.0,60.0,0.0,0.0,0.0,0.0,0.0,0.0,0.0,0.0,0.0,0.0,0.0,0.0,,,,,,,,0.0,0.0,0.0,0.0,0.0,0.0,1,
Brian Buchanan,29.0,SDP,NL,0.5,115.0,229.0,198.0,29.0,52.0,10.0,2.0,8.0,29.0,6.0,2.0,24.0,51.0,0.263,0.346,0.455,0.801,116.0,0.35,112.0,90.0,8.0,3.0,0.0,3.0,1.0,H937/D,
Brian Daubach*,31.0,CHW,AL,0.2,95.0,219.0,183.0,26.0,42.0,11.0,0.0,6.0,21.0,1.0,0.0,34.0,54.0,0.23,0.352,0.388,0.74,94.0,0.332,92.0,71.0,3.0,1.0,0.0,1.0,1.0,3HD/97,
Brian Fuentes*,27.0,COL,NL,0.0,72.0,1.0,1.0,0.0,0.0,0.0,0.0,0.0,0.0,0.0,0.0,0.0,0.0,0.0,0.0,0.0,0.0,-100.0,0.0,-150.0,0.0,0.0,0.0,0.0,0.0,0.0,1,
Brian Giles*,32.0,2TM,NL,3.4,134.0,609.0,492.0,93.0,147.0,34.0,6.0,20.0,88.0,4.0,3.0,105.0,58.0,0.299,0.427,0.514,0.941,145.0,0.409,148.0,253.0,12.0,8.0,0.0,4.0,12.0,*78,
Brian Giles*,32.0,PIT,NL,2.4,105.0,481.0,388.0,70.0,116.0,30.0,4.0,16.0,70.0,0.0,3.0,85.0,48.0,0.299,0.43,0.521,0.951,145.0,0.411,148.0,202.0,8.0,6.0,0.0,2.0,11.0,78,
Brian Giles*,32.0,SDP,NL,1.0,29.0,128.0,104.0,23.0,31.0,4.0,2.0,4.0,18.0,4.0,0.0,20.0,10.0,0.298,0.414,0.49,0.904,145.0,0.402,145.0,51.0,4.0,2.0,0.0,2.0,1.0,7,
Brian Hunter,32.0,HOU,NL,-0.1,56.0,108.0,98.0,13.0,23.0,6.0,1.0,0.0,13.0,0.0,0.0,6.0,21.0,0.235,0.278,0.316,0.594,53.0,0.275,47.0,31.0,1.0,1.0,0.0,3.0,0.0,H98/7,
Brian Jordan,36.0,LAD,NL,1.3,66.0,253.0,224.0,28.0,67.0,9.0,0.0,6.0,28.0,1.0,1.0,23.0,30.0,0.299,0.372,0.42,0.791,112.0,0.353,113.0,94.0,3.0,4.0,0.0,2.0,3.0,78/9HD,
Brian Lawrence,27.0,SDP,NL,0.6,32.0,72.0,67.0,7.0,15.0,2.0,0.0,1.0,5.0,0.0,0.0,3.0,18.0,0.224,0.257,0.299,0.556,51.0,0.26,47.0,20.0,1.0,0.0,2.0,0.0,0.0,1,
Brian Meadows,27.0,PIT,NL,-0.1,33.0,18.0,14.0,0.0,1.0,0.0,0.0,0.0,0.0,0.0,0.0,1.0,6.0,0.071,0.133,0.071,0.205,-45.0,0.108,-106.0,1.0,0.0,0.0,3.0,0.0,0.0,1,
Brian Moehler,31.0,HOU,NL,-0.1,3.0,4.0,4.0,0.0,0.0,0.0,0.0,0.0,0.0,0.0,0.0,0.0,2.0,0.0,0.0,0.0,0.0,-100.0,0.0,-149.0,0.0,0.0,0.0,0.0,0.0,0.0,/1,
Brian Powell,29.0,SFG,NL,0.0,1.0,2.0,2.0,0.0,0.0,0.0,0.0,0.0,0.0,0.0,0.0,0.0,0.0,0.0,0.0,0.0,0.0,-100.0,0.0,-148.0,0.0,0.0,0.0,0.0,0.0,0.0,/1,
Brian Reith,25.0,CIN,NL,-0.1,41.0,7.0,7.0,0.0,0.0,0.0,0.0,0.0,0.0,0.0,0.0,0.0,4.0,0.0,0.0,0.0,0.0,-100.0,0.0,-141.0,0.0,0.0,0.0,0.0,0.0,0.0,1,
Brian Roberts#,25.0,BAL,AL,2.7,112.0,512.0,460.0,65.0,124.0,22.0,4.0,5.0,41.0,23.0,6.0,46.0,58.0,0.27,0.337,0.367,0.704,87.0,0.325,88.0,169.0,9.0,1.0,4.0,1.0,1.0,4/D6H,
Brian Schneider*,26.0,MON,NL,0.4,108.0,377.0,335.0,34.0,77.0,26.0,1.0,9.0,46.0,0.0,2.0,37.0,75.0,0.23,0.309,0.394,0.703,78.0,0.303,66.0,132.0,12.0,2.0,1.0,2.0,8.0,2/HD,
Brian Shouse*,34.0,TEX,AL,0.0,2.0,0.0,0.0,0.0,0.0,0.0,0.0,0.0,0.0,0.0,0.0,0.0,0.0,,,,,,,,0.0,0.0,0.0,0.0,0.0,0.0,1,
Brian Tallet*,25.0,CLE,AL,0.0,3.0,2.0,2.0,0.0,0.0,0.0,0.0,0.0,0.0,0.0,0.0,0.0,1.0,0.0,0.0,0.0,0.0,-100.0,0.0,-128.0,0.0,0.0,0.0,0.0,0.0,0.0,/1,
Brian Tollberg,30.0,SDP,NL,0.0,2.0,3.0,2.0,0.0,0.0,0.0,0.0,0.0,0.0,0.0,0.0,0.0,0.0,0.0,0.0,0.0,0.0,-100.0,0.0,-261.0,0.0,0.0,0.0,1.0,0.0,0.0,/1,
Britt Reames,29.0,MON,NL,0.0,2.0,1.0,1.0,0.0,0.0,0.0,0.0,0.0,0.0,0.0,0.0,0.0,0.0,0.0,0.0,0.0,0.0,-100.0,0.0,-142.0,0.0,0.0,0.0,0.0,0.0,0.0,/1,
Brook Fordyce,33.0,BAL,AL,-0.2,108.0,376.0,348.0,28.0,95.0,12.0,2.0,6.0,31.0,2.0,3.0,19.0,44.0,0.273,0.311,0.371,0.682,80.0,0.305,79.0,129.0,10.0,1.0,6.0,2.0,1.0,2/H,
Brooks Kieschnick*,31.0,MIL,NL,1.1,69.0,76.0,70.0,12.0,21.0,1.0,0.0,7.0,12.0,0.0,0.0,6.0,13.0,0.3,0.355,0.614,0.97,149.0,0.412,150.0,43.0,2.0,0.0,0.0,0.0,0.0,1H/D7,
Bruce Chen*,26.0,HOU,NL,0.0,11.0,1.0,1.0,0.0,0.0,0.0,0.0,0.0,0.0,0.0,0.0,0.0,0.0,0.0,0.0,0.0,0.0,-100.0,0.0,-142.0,0.0,0.0,0.0,0.0,0.0,0.0,1,
Bryan Hebson,27.0,MON,NL,0.0,2.0,0.0,0.0,0.0,0.0,0.0,0.0,0.0,0.0,0.0,0.0,0.0,0.0,,,,,,,,0.0,0.0,0.0,0.0,0.0,0.0,/1,
Bubba Crosby*,26.0,LAD,NL,-0.1,9.0,12.0,12.0,0.0,1.0,0.0,0.0,0.0,1.0,0.0,0.0,0.0,3.0,0.083,0.083,0.083,0.167,-55.0,0.076,-86.0,1.0,0.0,0.0,0.0,0.0,0.0,/H7,
Bubba Trammell,31.0,NYY,AL,-0.1,22.0,61.0,55.0,4.0,11.0,5.0,0.0,0.0,5.0,0.0,0.0,6.0,10.0,0.2,0.279,0.291,0.57,53.0,0.291,69.0,16.0,1.0,0.0,0.0,0.0,0.0,D/H7,
Buddy Groom*,37.0,BAL,AL,0.0,1.0,0.0,0.0,0.0,0.0,0.0,0.0,0.0,0.0,0.0,0.0,0.0,0.0,,,,,,,,0.0,0.0,0.0,0.0,0.0,0.0,1,
Byung-Hyun Kim,24.0,2TM,2LG,0.1,11.0,22.0,20.0,0.0,4.0,1.0,0.0,0.0,1.0,0.0,0.0,0.0,2.0,0.2,0.2,0.25,0.45,14.0,0.245,11.0,5.0,0.0,0.0,2.0,0.0,0.0,1,
Byung-Hyun Kim,24.0,ARI,NL,0.0,7.0,15.0,13.0,0.0,2.0,1.0,0.0,0.0,1.0,0.0,0.0,0.0,2.0,0.154,0.154,0.231,0.385,-4.0,0.167,-57.0,3.0,0.0,0.0,2.0,0.0,0.0,/1,
Byung-Hyun Kim,24.0,BOS,AL,0.1,4.0,7.0,7.0,0.0,2.0,0.0,0.0,0.0,0.0,0.0,0.0,0.0,0.0,0.286,0.286,0.286,0.571,49.0,0.39,130.0,2.0,0.0,0.0,0.0,0.0,0.0,1,
Cal Eldred,35.0,STL,NL,0.0,61.0,2.0,2.0,0.0,1.0,0.0,0.0,0.0,0.0,0.0,0.0,0.0,1.0,0.5,0.5,0.5,1.0,166.0,0.408,148.0,1.0,0.0,0.0,0.0,0.0,0.0,1,
Carl Crawford*,21.0,TBD,AL,2.3,151.0,661.0,630.0,80.0,177.0,18.0,9.0,5.0,54.0,55.0,10.0,26.0,102.0,0.281,0.309,0.362,0.671,81.0,0.317,81.0,228.0,5.0,1.0,1.0,3.0,4.0,*78/HD,
Carl Everett#,32.0,2TM,AL,3.7,147.0,602.0,526.0,93.0,151.0,27.0,3.0,28.0,92.0,8.0,4.0,53.0,84.0,0.287,0.366,0.51,0.876,123.0,0.381,124.0,268.0,7.0,15.0,4.0,4.0,6.0,*879/HD,AS
Carl Everett#,32.0,TEX,AL,1.7,74.0,313.0,270.0,53.0,74.0,13.0,3.0,18.0,51.0,4.0,1.0,31.0,48.0,0.274,0.356,0.544,0.9,124.0,0.386,122.0,147.0,2.0,5.0,4.0,3.0,2.0,798/HD,
Carl Everett#,32.0,CHW,AL,2.0,73.0,289.0,256.0,40.0,77.0,14.0,0.0,10.0,41.0,4.0,3.0,22.0,36.0,0.301,0.377,0.473,0.85,121.0,0.377,126.0,121.0,5.0,10.0,0.0,1.0,4.0,8/7HD9,
Carl Pavano,27.0,FLA,NL,-0.2,32.0,68.0,61.0,4.0,6.0,2.0,1.0,0.0,1.0,0.0,0.0,2.0,27.0,0.098,0.127,0.164,0.291,-24.0,0.129,-65.0,10.0,0.0,0.0,5.0,0.0,0.0,1,
Carlos Baerga#,34.0,ARI,NL,0.9,105.0,231.0,207.0,31.0,71.0,13.0,0.0,4.0,39.0,1.0,1.0,18.0,20.0,0.343,0.396,0.464,0.859,117.0,0.377,116.0,96.0,6.0,2.0,1.0,3.0,1.0,H34/D5,
Carlos Beltrán#,26.0,KCR,AL,5.8,141.0,602.0,521.0,102.0,160.0,14.0,10.0,26.0,100.0,41.0,4.0,72.0,81.0,0.307,0.389,0.522,0.911,132.0,0.408,133.0,272.0,8.0,2.0,0.0,7.0,4.0,*8/DH,MVP-9
Carlos Delgado*,31.0,TOR,AL,5.9,161.0,705.0,570.0,117.0,172.0,38.0,1.0,42.0,145.0,0.0,0.0,109.0,137.0,0.302,0.426,0.593,1.019,161.0,0.426,159.0,338.0,9.0,19.0,0.0,7.0,23.0,*3D,"AS,MVP-2,SS"
Carlos Febles,27.0,KCR,AL,-1.7,74.0,219.0,196.0,31.0,46.0,5.0,0.0,0.0,11.0,8.0,2.0,13.0,30.0,0.235,0.299,0.26,0.559,46.0,0.272,42.0,51.0,8.0,5.0,5.0,0.0,0.0,4H/D6,
Carlos Guillén#,27.0,SEA,AL,2.5,109.0,451.0,388.0,63.0,107.0,19.0,3.0,7.0,52.0,4.0,4.0,52.0,64.0,0.276,0.359,0.394,0.753,104.0,0.344,110.0,153.0,12.0,1.0,5.0,5.0,2.0,65/D,
Carlos Lee,27.0,CHW,AL,3.2,158.0,671.0,623.0,100.0,181.0,35.0,1.0,31.0,113.0,18.0,4.0,37.0,91.0,0.291,0.331,0.499,0.83,114.0,0.367,115.0,311.0,20.0,4.0,0.0,7.0,2.0,*7/HD,MVP-18
Carlos Méndez,29.0,BAL,AL,-0.3,26.0,46.0,45.0,3.0,10.0,2.0,0.0,0.0,5.0,0.0,0.0,0.0,12.0,0.222,0.217,0.267,0.484,28.0,0.228,23.0,12.0,0.0,0.0,0.0,1.0,0.0,H/3D,
Carlos Peña*,25.0,DET,AL,1.3,131.0,516.0,452.0,51.0,112.0,21.0,6.0,18.0,50.0,4.0,5.0,53.0,123.0,0.248,0.332,0.44,0.772,108.0,0.338,109.0,199.0,6.0,6.0,1.0,4.0,1.0,*3/HD,
Carlos Reyes,34.0,TBD,AL,0.0,1.0,2.0,1.0,0.0,0.0,0.0,0.0,0.0,0.0,0.0,0.0,1.0,0.0,0.0,0.5,0.0,0.5,53.0,0.357,116.0,0.0,0.0,0.0,0.0,0.0,0.0,1,
Carlos Rivera*,25.0,PIT,NL,-0.7,78.0,107.0,95.0,12.0,21.0,5.0,0.0,3.0,10.0,0.0,0.0,8.0,28.0,0.221,0.283,0.368,0.651,67.0,0.278,49.0,35.0,2.0,1.0,1.0,2.0,2.0,3H,
Carlos Silva,24.0,PHI,NL,0.0,60.0,10.0,9.0,0.0,2.0,1.0,0.0,0.0,1.0,0.0,0.0,0.0,2.0,0.222,0.222,0.333,0.556,47.0,0.23,16.0,3.0,1.0,0.0,1.0,0.0,0.0,1,
Carlos Valderrama,25.0,SFG,NL,0.0,7.0,7.0,7.0,0.0,1.0,0.0,0.0,0.0,0.0,1.0,0.0,0.0,3.0,0.143,0.143,0.143,0.286,-25.0,0.151,-62.0,1.0,0.0,0.0,0.0,0.0,0.0,/78HD,
Carlos Zambrano#,22.0,CHC,NL,0.6,30.0,80.0,75.0,9.0,18.0,5.0,0.0,2.0,6.0,0.0,0.0,1.0,26.0,0.24,0.25,0.387,0.637,62.0,0.273,44.0,29.0,2.0,0.0,4.0,0.0,0.0,1,
Carlton Loewer,29.0,SDP,NL,-0.1,5.0,7.0,5.0,0.0,0.0,0.0,0.0,0.0,1.0,0.0,0.0,1.0,3.0,0.0,0.167,0.0,0.167,-49.0,0.118,-79.0,0.0,1.0,0.0,1.0,0.0,0.0,/1,
Casey Blake,29.0,CLE,AL,3.5,152.0,621.0,557.0,80.0,143.0,35.0,0.0,17.0,67.0,7.0,9.0,38.0,109.0,0.257,0.312,0.411,0.723,93.0,0.324,97.0,229.0,11.0,10.0,8.0,8.0,1.0,*53/H,
Casey Fossum*,25.0,BOS,AL,0.0,2.0,0.0,0.0,0.0,0.0,0.0,0.0,0.0,0.0,0.0,0.0,0.0,0.0,,,,,,,,0.0,0.0,0.0,0.0,0.0,0.0,1/H,
CC Sabathia*,22.0,CLE,AL,0.1,3.0,6.0,6.0,1.0,3.0,0.0,0.0,0.0,0.0,0.0,0.0,0.0,1.0,0.5,0.5,0.5,1.0,171.0,0.423,162.0,3.0,0.0,0.0,0.0,0.0,0.0,1/H,AS
Chad Allen,28.0,FLA,NL,0.0,12.0,25.0,24.0,2.0,5.0,1.0,1.0,0.0,0.0,0.0,0.0,0.0,5.0,0.208,0.24,0.333,0.573,49.0,0.252,35.0,8.0,1.0,1.0,0.0,0.0,0.0,/7H98D,
Chad Bradford,28.0,OAK,AL,0.0,5.0,0.0,0.0,0.0,0.0,0.0,0.0,0.0,0.0,0.0,0.0,0.0,0.0,,,,,,,,0.0,0.0,0.0,0.0,0.0,0.0,1,
Chad Cordero,21.0,MON,NL,0.0,12.0,1.0,0.0,0.0,0.0,0.0,0.0,0.0,0.0,0.0,0.0,0.0,0.0,,,,,,,,0.0,0.0,0.0,1.0,0.0,0.0,1,
Chad Fox,32.0,FLA,NL,0.0,21.0,0.0,0.0,0.0,0.0,0.0,0.0,0.0,0.0,0.0,0.0,0.0,0.0,,,,,,,,0.0,0.0,0.0,0.0,0.0,0.0,1,
Chad Hermansen,25.0,LAD,NL,-0.2,11.0,27.0,25.0,2.0,4.0,1.0,0.0,0.0,2.0,0.0,0.0,2.0,9.0,0.16,0.222,0.2,0.422,15.0,0.234,27.0,5.0,0.0,0.0,0.0,0.0,0.0,/7H,
Chad Kreuter#,38.0,TEX,AL,-0.2,7.0,21.0,18.0,0.0,2.0,1.0,0.0,0.0,0.0,0.0,0.0,3.0,2.0,0.111,0.238,0.167,0.405,6.0,0.204,-4.0,3.0,0.0,0.0,0.0,0.0,0.0,/2,
Chad Meyers,27.0,SEA,AL,-0.1,9.0,1.0,1.0,1.0,0.0,0.0,0.0,0.0,0.0,1.0,0.0,0.0,0.0,0.0,0.0,0.0,0.0,-100.0,0.235,-133.0,0.0,0.0,0.0,0.0,0.0,0.0,/DH7,
Chad Moeller,28.0,ARI,NL,0.8,78.0,269.0,239.0,29.0,64.0,17.0,1.0,7.0,29.0,1.0,2.0,23.0,59.0,0.268,0.335,0.435,0.77,93.0,0.33,83.0,104.0,7.0,2.0,3.0,2.0,11.0,2/H,
Chad Zerbe*,31.0,SFG,NL,-0.1,30.0,6.0,5.0,0.0,0.0,0.0,0.0,0.0,0.0,0.0,0.0,0.0,2.0,0.0,0.0,0.0,0.0,-100.0,0.0,-197.0,0.0,0.0,0.0,1.0,0.0,0.0,1,
Chan Ho Park,30.0,TEX,AL,0.0,1.0,1.0,0.0,1.0,0.0,0.0,0.0,0.0,0.0,0.0,0.0,1.0,0.0,,1.0,,,,0.713,358.0,0.0,0.0,0.0,0.0,0.0,0.0,/1,
Charles Gipson,30.0,NYY,AL,-0.1,18.0,12.0,10.0,3.0,2.0,0.0,0.0,0.0,2.0,2.0,1.0,1.0,2.0,0.2,0.273,0.2,0.473,29.0,0.217,13.0,2.0,0.0,0.0,1.0,0.0,0.0,H/8D,
Charles Johnson,31.0,COL,NL,0.8,108.0,414.0,356.0,49.0,82.0,20.0,0.0,20.0,61.0,1.0,3.0,49.0,84.0,0.23,0.32,0.455,0.775,88.0,0.337,83.0,162.0,8.0,1.0,1.0,7.0,2.0,2,
Charles Nagy*,36.0,SDP,NL,0.0,5.0,2.0,2.0,0.0,0.0,0.0,0.0,0.0,0.0,0.0,0.0,0.0,0.0,0.0,0.0,0.0,0.0,-100.0,0.0,-139.0,0.0,0.0,0.0,0.0,0.0,0.0,/1,
Chase Utley*,24.0,PHI,NL,0.3,43.0,152.0,134.0,13.0,32.0,10.0,1.0,2.0,21.0,2.0,0.0,11.0,22.0,0.239,0.322,0.373,0.696,87.0,0.316,85.0,50.0,3.0,6.0,0.0,1.0,0.0,4/H,
Chin-Feng Chen,25.0,LAD,NL,0.0,1.0,1.0,1.0,0.0,0.0,0.0,0.0,0.0,0.0,0.0,0.0,0.0,0.0,0.0,0.0,0.0,0.0,-100.0,0.0,-133.0,0.0,0.0,0.0,0.0,0.0,0.0,/H,
Chin-hui Tsao,22.0,COL,NL,0.2,9.0,15.0,13.0,2.0,2.0,1.0,0.0,0.0,0.0,0.0,0.0,0.0,1.0,0.154,0.154,0.231,0.385,-7.0,0.307,53.0,3.0,0.0,0.0,2.0,0.0,0.0,/1,
Chipper Jones#,31.0,ATL,NL,4.4,153.0,656.0,555.0,103.0,169.0,33.0,2.0,27.0,106.0,2.0,2.0,94.0,83.0,0.305,0.402,0.517,0.92,137.0,0.398,138.0,287.0,10.0,1.0,0.0,6.0,13.0,*7/HD,MVP-25
Chone Figgins#,25.0,ANA,AL,1.3,71.0,270.0,240.0,34.0,71.0,9.0,4.0,0.0,27.0,13.0,7.0,20.0,38.0,0.296,0.345,0.367,0.711,90.0,0.316,87.0,88.0,1.0,0.0,6.0,4.0,0.0,84/6H7D,
Chris Capuano*,24.0,ARI,NL,-0.1,9.0,8.0,8.0,0.0,0.0,0.0,0.0,0.0,0.0,0.0,0.0,0.0,5.0,0.0,0.0,0.0,0.0,-100.0,0.0,-156.0,0.0,0.0,0.0,0.0,0.0,0.0,/1,
Chris George*,23.0,KCR,AL,0.2,1.0,3.0,1.0,0.0,1.0,0.0,0.0,0.0,1.0,0.0,0.0,0.0,0.0,1.0,1.0,1.0,2.0,418.0,0.909,1308.0,1.0,0.0,0.0,2.0,0.0,0.0,1,
Chris Gomez,32.0,MIN,AL,-0.8,58.0,185.0,175.0,14.0,44.0,9.0,3.0,1.0,15.0,2.0,1.0,7.0,13.0,0.251,0.279,0.354,0.633,65.0,0.279,56.0,62.0,10.0,0.0,2.0,1.0,1.0,456/HD,
Chris Hammond*,37.0,NYY,AL,0.0,5.0,0.0,0.0,0.0,0.0,0.0,0.0,0.0,0.0,0.0,0.0,0.0,0.0,,,,,,,,0.0,0.0,0.0,0.0,0.0,0.0,1,
Chris Latham#,30.0,NYY,AL,0.1,4.0,2.0,2.0,3.0,2.0,0.0,0.0,0.0,0.0,1.0,0.0,0.0,0.0,1.0,1.0,1.0,2.0,437.0,0.98,464.0,2.0,0.0,0.0,0.0,0.0,0.0,/H89D,
Chris Magruder#,26.0,CLE,AL,0.3,9.0,30.0,26.0,3.0,9.0,2.0,1.0,1.0,3.0,0.0,1.0,3.0,6.0,0.346,0.433,0.615,1.049,178.0,0.427,178.0,16.0,0.0,1.0,0.0,0.0,0.0,/79H,
Chris Reitsma,25.0,CIN,NL,0.0,55.0,8.0,8.0,0.0,1.0,0.0,0.0,0.0,2.0,0.0,0.0,0.0,6.0,0.125,0.125,0.125,0.25,-33.0,0.114,-61.0,1.0,0.0,0.0,0.0,0.0,0.0,1,
Chris Richard*,29.0,COL,NL,-0.2,19.0,30.0,27.0,3.0,6.0,1.0,1.0,1.0,3.0,0.0,1.0,3.0,6.0,0.222,0.3,0.444,0.744,80.0,0.307,71.0,12.0,1.0,0.0,0.0,0.0,0.0,H/73,
Chris Singleton*,30.0,OAK,AL,-0.4,120.0,341.0,306.0,38.0,75.0,24.0,1.0,1.0,36.0,7.0,2.0,26.0,55.0,0.245,0.301,0.34,0.641,70.0,0.285,61.0,104.0,2.0,1.0,2.0,6.0,4.0,*8H/97,
Chris Spurling,26.0,DET,AL,0.0,4.0,0.0,0.0,0.0,0.0,0.0,0.0,0.0,0.0,0.0,0.0,0.0,0.0,,,,,,,,0.0,0.0,0.0,0.0,0.0,0.0,1,
Chris Stynes,30.0,COL,NL,2.3,138.0,502.0,443.0,71.0,113.0,31.0,3.0,11.0,73.0,3.0,1.0,48.0,76.0,0.255,0.335,0.413,0.748,83.0,0.348,89.0,183.0,8.0,6.0,3.0,2.0,1.0,*5H/4,
Chris Truby,29.0,TBD,AL,0.5,13.0,49.0,43.0,4.0,12.0,3.0,0.0,0.0,3.0,0.0,0.0,5.0,13.0,0.279,0.354,0.349,0.703,91.0,0.318,91.0,15.0,1.0,0.0,1.0,0.0,0.0,5,
Chris Widger,32.0,STL,NL,0.0,44.0,112.0,102.0,9.0,24.0,9.0,0.0,0.0,14.0,0.0,0.0,6.0,20.0,0.235,0.279,0.324,0.603,59.0,0.287,61.0,33.0,5.0,1.0,1.0,2.0,1.0,2/H39,
Chris Woodward,27.0,TOR,AL,0.8,104.0,386.0,349.0,49.0,91.0,22.0,2.0,7.0,45.0,1.0,2.0,28.0,72.0,0.261,0.316,0.395,0.711,84.0,0.323,87.0,138.0,6.0,3.0,0.0,6.0,0.0,6/H,
Claudio Vargas,25.0,MON,NL,-0.4,21.0,35.0,30.0,1.0,0.0,0.0,0.0,0.0,0.0,0.0,0.0,1.0,15.0,0.0,0.032,0.0,0.032,-91.0,0.052,-143.0,0.0,0.0,0.0,4.0,0.0,0.0,1,
Clay Condrey,27.0,SDP,NL,0.0,9.0,10.0,10.0,1.0,2.0,0.0,0.0,0.0,0.0,0.0,0.0,0.0,6.0,0.2,0.2,0.2,0.4,9.0,0.173,-14.0,2.0,0.0,0.0,0.0,0.0,0.0,/1,
Cliff Floyd*,30.0,NYM,NL,2.7,108.0,425.0,365.0,57.0,106.0,25.0,2.0,18.0,68.0,3.0,0.0,51.0,66.0,0.29,0.376,0.518,0.894,134.0,0.392,136.0,189.0,10.0,3.0,0.0,6.0,2.0,7/DH,
Cliff Politte,29.0,TOR,AL,0.0,4.0,0.0,0.0,0.0,0.0,0.0,0.0,0.0,0.0,0.0,0.0,0.0,0.0,,,,,,,,0.0,0.0,0.0,0.0,0.0,0.0,1,
Clint Barmes,24.0,COL,NL,-0.2,12.0,28.0,25.0,2.0,8.0,2.0,0.0,0.0,2.0,0.0,0.0,0.0,10.0,0.32,0.357,0.4,0.757,87.0,0.338,82.0,10.0,0.0,2.0,0.0,1.0,0.0,6/H,
Coco Crisp#,23.0,CLE,AL,0.6,99.0,447.0,414.0,55.0,110.0,15.0,6.0,3.0,27.0,15.0,9.0,23.0,51.0,0.266,0.302,0.353,0.655,76.0,0.292,72.0,146.0,4.0,0.0,7.0,3.0,1.0,87/DH,
Cody Ransom,27.0,SFG,NL,0.0,20.0,28.0,27.0,7.0,6.0,1.0,0.0,1.0,1.0,0.0,0.0,1.0,11.0,0.222,0.25,0.37,0.62,60.0,0.269,46.0,10.0,0.0,0.0,0.0,0.0,0.0,6/H,
Cody Ross,22.0,DET,AL,0.1,6.0,22.0,19.0,1.0,4.0,1.0,0.0,1.0,5.0,0.0,0.0,1.0,3.0,0.211,0.286,0.421,0.707,90.0,0.395,149.0,8.0,0.0,1.0,1.0,0.0,0.0,/9,
Colby Lewis,23.0,TEX,AL,0.0,1.0,1.0,1.0,0.0,0.0,0.0,0.0,0.0,0.0,0.0,0.0,0.0,1.0,0.0,0.0,0.0,0.0,-100.0,0.0,-150.0,0.0,0.0,0.0,0.0,0.0,0.0,1,
Colin Porter*,27.0,HOU,NL,-0.1,24.0,33.0,32.0,5.0,6.0,0.0,0.0,0.0,0.0,1.0,0.0,1.0,17.0,0.188,0.212,0.188,0.4,5.0,0.189,-20.0,6.0,1.0,0.0,0.0,0.0,0.0,H/897,
Corey Koskie*,30.0,MIN,AL,4.2,131.0,562.0,469.0,76.0,137.0,29.0,2.0,14.0,69.0,11.0,5.0,77.0,113.0,0.292,0.393,0.452,0.845,122.0,0.373,123.0,212.0,5.0,7.0,0.0,9.0,5.0,*5,
Corey Patterson*,23.0,CHC,NL,1.8,83.0,347.0,329.0,49.0,98.0,17.0,7.0,13.0,55.0,16.0,5.0,15.0,77.0,0.298,0.329,0.511,0.839,114.0,0.375,118.0,168.0,5.0,1.0,0.0,2.0,2.0,8/H,
Corky Miller,27.0,CIN,NL,0.0,14.0,38.0,30.0,4.0,8.0,0.0,0.0,0.0,1.0,0.0,0.0,5.0,7.0,0.267,0.395,0.267,0.661,82.0,0.319,86.0,8.0,1.0,2.0,0.0,1.0,0.0,2/H,
Cory Lidle,31.0,TOR,AL,0.1,2.0,6.0,6.0,1.0,2.0,0.0,0.0,0.0,0.0,0.0,0.0,0.0,0.0,0.333,0.333,0.333,0.667,75.0,0.303,70.0,2.0,0.0,0.0,0.0,0.0,0.0,1,
Cory Vance*,24.0,COL,NL,0.1,9.0,9.0,7.0,2.0,2.0,1.0,0.0,0.0,0.0,0.0,0.0,0.0,1.0,0.286,0.286,0.429,0.714,73.0,0.309,50.0,3.0,0.0,0.0,2.0,0.0,0.0,/1,
Craig Biggio,37.0,HOU,NL,2.6,153.0,717.0,628.0,102.0,166.0,44.0,2.0,15.0,62.0,8.0,4.0,57.0,116.0,0.264,0.35,0.412,0.763,96.0,0.357,106.0,259.0,4.0,27.0,3.0,2.0,3.0,*8/H,
Craig Counsell*,32.0,ARI,NL,0.3,89.0,351.0,303.0,40.0,71.0,6.0,3.0,3.0,21.0,11.0,4.0,41.0,32.0,0.234,0.328,0.304,0.631,61.0,0.3,59.0,92.0,4.0,2.0,3.0,2.0,0.0,56H4/3,
Craig Monroe,26.0,DET,AL,1.0,128.0,458.0,425.0,51.0,102.0,18.0,1.0,23.0,70.0,4.0,2.0,27.0,89.0,0.24,0.287,0.449,0.736,97.0,0.324,97.0,191.0,10.0,2.0,1.0,3.0,2.0,79HD/8,
Craig Paquette,34.0,DET,AL,-0.5,11.0,33.0,33.0,2.0,5.0,0.0,0.0,0.0,0.0,0.0,0.0,0.0,5.0,0.152,0.152,0.152,0.303,-17.0,0.138,-33.0,5.0,2.0,0.0,0.0,0.0,0.0,/37H9,
Craig Wilson,26.0,PIT,NL,1.3,116.0,358.0,309.0,49.0,81.0,15.0,4.0,18.0,48.0,3.0,1.0,35.0,89.0,0.262,0.36,0.511,0.872,123.0,0.381,123.0,158.0,6.0,13.0,0.0,1.0,4.0,93H2/7D,
Cristian Guzmán#,25.0,MIN,AL,1.2,143.0,585.0,534.0,78.0,143.0,15.0,14.0,3.0,53.0,18.0,9.0,30.0,79.0,0.268,0.311,0.365,0.676,77.0,0.316,83.0,195.0,4.0,5.0,12.0,4.0,0.0,*6/H,
Curt Leskanic,35.0,MIL,NL,0.0,24.0,0.0,0.0,0.0,0.0,0.0,0.0,0.0,0.0,0.0,0.0,0.0,0.0,,,,,,,,0.0,0.0,0.0,0.0,0.0,0.0,1,
Curt Schilling,36.0,ARI,NL,-0.3,24.0,59.0,52.0,4.0,3.0,0.0,0.0,0.0,0.0,0.0,0.0,3.0,21.0,0.058,0.109,0.058,0.167,-56.0,0.12,-81.0,3.0,0.0,0.0,4.0,0.0,0.0,1,
Curtis Pride*,34.0,NYY,AL,0.0,4.0,12.0,12.0,1.0,1.0,0.0,0.0,1.0,1.0,0.0,0.0,0.0,2.0,0.083,0.083,0.333,0.417,4.0,0.24,32.0,4.0,1.0,0.0,0.0,0.0,0.0,/97H,
César Izturis#,23.0,LAD,NL,0.2,158.0,593.0,558.0,47.0,140.0,21.0,6.0,1.0,40.0,10.0,5.0,25.0,70.0,0.251,0.282,0.315,0.597,60.0,0.27,51.0,176.0,8.0,0.0,7.0,3.0,8.0,*6/H,
D'Angelo Jiménez#,25.0,2TM,2LG,1.7,146.0,639.0,561.0,69.0,153.0,24.0,7.0,14.0,57.0,11.0,7.0,66.0,89.0,0.273,0.349,0.415,0.764,102.0,0.343,103.0,233.0,7.0,2.0,6.0,4.0,1.0,*4/H5,
D'Angelo Jiménez#,25.0,CHW,AL,-0.6,73.0,308.0,271.0,35.0,69.0,11.0,5.0,7.0,26.0,4.0,3.0,32.0,46.0,0.255,0.332,0.41,0.742,93.0,0.327,90.0,111.0,3.0,0.0,4.0,1.0,1.0,4/H5,
D'Angelo Jiménez#,25.0,CIN,NL,2.3,73.0,331.0,290.0,34.0,84.0,13.0,2.0,7.0,31.0,7.0,4.0,34.0,43.0,0.29,0.365,0.421,0.785,109.0,0.357,115.0,122.0,4.0,2.0,2.0,3.0,0.0,4/5,
D.J. Carrasco,26.0,KCR,AL,-0.1,3.0,2.0,2.0,0.0,0.0,0.0,0.0,0.0,0.0,0.0,0.0,0.0,1.0,0.0,0.0,0.0,0.0,-100.0,0.0,-140.0,0.0,1.0,0.0,0.0,0.0,0.0,1,
Damian Jackson,29.0,BOS,AL,-0.1,109.0,172.0,161.0,34.0,42.0,7.0,0.0,1.0,13.0,16.0,8.0,8.0,28.0,0.261,0.294,0.323,0.617,60.0,0.286,59.0,52.0,4.0,0.0,2.0,1.0,0.0,H46789/D53,
Damian Miller,33.0,CHC,NL,0.3,114.0,400.0,352.0,34.0,82.0,19.0,1.0,9.0,36.0,1.0,0.0,39.0,91.0,0.233,0.31,0.369,0.68,76.0,0.307,71.0,130.0,15.0,1.0,7.0,1.0,6.0,*2/H,
Damian Moss,26.0,SFG,NL,0.3,19.0,37.0,29.0,1.0,7.0,0.0,0.0,0.0,1.0,0.0,0.0,1.0,12.0,0.241,0.267,0.241,0.508,35.0,0.267,32.0,7.0,0.0,0.0,7.0,0.0,0.0,1,
Damian Rolls,25.0,TBD,AL,1.1,107.0,404.0,373.0,43.0,95.0,20.0,0.0,7.0,46.0,11.0,3.0,19.0,84.0,0.255,0.301,0.365,0.666,79.0,0.305,80.0,136.0,5.0,7.0,2.0,3.0,1.0,59/H74,
Damion Easley,33.0,TBD,AL,-1.3,36.0,110.0,107.0,8.0,20.0,3.0,1.0,1.0,7.0,0.0,0.0,2.0,18.0,0.187,0.202,0.262,0.464,24.0,0.227,26.0,28.0,3.0,0.0,1.0,0.0,0.0,5/HD4,
Dan Haren,22.0,STL,NL,-0.1,15.0,28.0,25.0,0.0,2.0,2.0,0.0,0.0,1.0,0.0,0.0,1.0,10.0,0.08,0.148,0.16,0.308,-18.0,0.147,-44.0,4.0,1.0,1.0,1.0,0.0,0.0,1/H,
Dan Miceli,32.0,4TM,2LG,0.0,44.0,1.0,1.0,0.0,0.0,0.0,0.0,0.0,0.0,0.0,0.0,0.0,1.0,0.0,0.0,0.0,0.0,-100.0,0.0,-142.0,0.0,0.0,0.0,0.0,0.0,0.0,1,
Dan Miceli,32.0,2TM,NL,0.0,37.0,1.0,1.0,0.0,0.0,0.0,0.0,0.0,0.0,0.0,0.0,0.0,1.0,0.0,0.0,0.0,0.0,-100.0,0.0,-142.0,0.0,0.0,0.0,0.0,0.0,0.0,1,
Dan Miceli,32.0,2TM,AL,0.0,7.0,0.0,0.0,0.0,0.0,0.0,0.0,0.0,0.0,0.0,0.0,0.0,0.0,,,,,,,,0.0,0.0,0.0,0.0,0.0,0.0,1,
Dan Miceli,32.0,COL,NL,0.0,14.0,0.0,0.0,0.0,0.0,0.0,0.0,0.0,0.0,0.0,0.0,0.0,0.0,,,,,,,,0.0,0.0,0.0,0.0,0.0,0.0,1,
Dan Miceli,32.0,CLE,AL,0.0,6.0,0.0,0.0,0.0,0.0,0.0,0.0,0.0,0.0,0.0,0.0,0.0,0.0,,,,,,,,0.0,0.0,0.0,0.0,0.0,0.0,1,
Dan Miceli,32.0,NYY,AL,0.0,1.0,0.0,0.0,0.0,0.0,0.0,0.0,0.0,0.0,0.0,0.0,0.0,0.0,,,,,,,,0.0,0.0,0.0,0.0,0.0,0.0,/1,
Dan Miceli,32.0,HOU,NL,0.0,23.0,1.0,1.0,0.0,0.0,0.0,0.0,0.0,0.0,0.0,0.0,0.0,1.0,0.0,0.0,0.0,0.0,-100.0,0.0,-142.0,0.0,0.0,0.0,0.0,0.0,0.0,1,
Dan Plesac*,41.0,PHI,NL,0.0,57.0,0.0,0.0,0.0,0.0,0.0,0.0,0.0,0.0,0.0,0.0,0.0,0.0,,,,,,,,0.0,0.0,0.0,0.0,0.0,0.0,1,
Dan Serafini#,29.0,CIN,NL,-0.1,11.0,7.0,6.0,0.0,0.0,0.0,0.0,0.0,0.0,0.0,0.0,0.0,2.0,0.0,0.0,0.0,0.0,-100.0,0.0,-183.0,0.0,0.0,0.0,1.0,0.0,0.0,1/H,
Dan Smith,27.0,MON,NL,0.0,30.0,2.0,2.0,0.0,0.0,0.0,0.0,0.0,0.0,0.0,0.0,0.0,0.0,0.0,0.0,0.0,0.0,-100.0,0.0,-157.0,0.0,0.0,0.0,0.0,0.0,0.0,1,
Dan Wheeler,25.0,NYM,NL,0.0,34.0,2.0,2.0,0.0,0.0,0.0,0.0,0.0,0.0,0.0,0.0,0.0,0.0,0.0,0.0,0.0,0.0,-100.0,0.0,-148.0,0.0,0.0,0.0,0.0,0.0,0.0,1,
Dan Wilson,34.0,SEA,AL,0.2,96.0,337.0,316.0,32.0,76.0,15.0,2.0,4.0,43.0,0.0,0.0,15.0,52.0,0.241,0.272,0.339,0.611,64.0,0.28,64.0,107.0,8.0,0.0,3.0,3.0,0.0,2,
Dan Wright,25.0,CHW,AL,0.0,1.0,2.0,2.0,0.0,0.0,0.0,0.0,0.0,0.0,0.0,0.0,0.0,0.0,0.0,0.0,0.0,0.0,-100.0,0.0,-136.0,0.0,0.0,0.0,0.0,0.0,0.0,1,
Dane Sardinha,24.0,CIN,NL,-0.1,1.0,2.0,2.0,0.0,0.0,0.0,0.0,0.0,0.0,0.0,0.0,0.0,1.0,0.0,0.0,0.0,0.0,-100.0,0.0,-143.0,0.0,0.0,0.0,0.0,0.0,0.0,/2H,
Daniel Garcia,23.0,NYM,NL,-0.1,19.0,63.0,56.0,5.0,12.0,2.0,0.0,2.0,6.0,0.0,0.0,2.0,11.0,0.214,0.274,0.357,0.631,66.0,0.309,77.0,20.0,2.0,3.0,1.0,1.0,0.0,4/7H,
Danny Bautista,31.0,ARI,NL,-1.1,88.0,314.0,284.0,29.0,78.0,16.0,3.0,4.0,36.0,3.0,2.0,21.0,50.0,0.275,0.33,0.394,0.724,83.0,0.335,85.0,112.0,7.0,4.0,2.0,3.0,2.0,98H/7,
Danny Graves,29.0,CIN,NL,-0.4,30.0,57.0,54.0,2.0,6.0,0.0,0.0,0.0,0.0,1.0,0.0,0.0,15.0,0.111,0.111,0.111,0.222,-40.0,0.104,-81.0,6.0,0.0,0.0,3.0,0.0,0.0,1/H,
Danny Klassen,27.0,DET,AL,-0.1,22.0,78.0,73.0,9.0,18.0,3.0,1.0,1.0,7.0,0.0,1.0,4.0,26.0,0.247,0.286,0.356,0.642,74.0,0.287,76.0,26.0,1.0,0.0,1.0,0.0,0.0,5/H46,
Danny Kolb,28.0,MIL,NL,0.0,36.0,0.0,0.0,0.0,0.0,0.0,0.0,0.0,0.0,0.0,0.0,0.0,0.0,,,,,,,,0.0,0.0,0.0,0.0,0.0,0.0,1,
Danys Báez,25.0,CLE,AL,0.0,5.0,1.0,1.0,0.0,0.0,0.0,0.0,0.0,0.0,0.0,0.0,0.0,0.0,0.0,0.0,0.0,0.0,-100.0,0.0,-142.0,0.0,0.0,0.0,0.0,0.0,0.0,1,
Darin Erstad*,29.0,ANA,AL,0.9,67.0,284.0,258.0,35.0,65.0,7.0,1.0,4.0,17.0,9.0,1.0,18.0,40.0,0.252,0.309,0.333,0.642,72.0,0.305,74.0,86.0,8.0,4.0,2.0,2.0,1.0,8/H,
Darrell May*,31.0,KCR,AL,-0.1,3.0,5.0,4.0,0.0,0.0,0.0,0.0,0.0,0.0,0.0,0.0,0.0,2.0,0.0,0.0,0.0,0.0,-100.0,0.0,-206.0,0.0,0.0,0.0,1.0,0.0,0.0,1,
Darren Bragg*,33.0,ATL,NL,-1.5,104.0,181.0,162.0,21.0,39.0,5.0,1.0,0.0,9.0,2.0,1.0,13.0,38.0,0.241,0.305,0.284,0.589,55.0,0.273,46.0,46.0,1.0,2.0,4.0,0.0,1.0,H978,
Darren Dreifort,31.0,LAD,NL,0.0,10.0,19.0,15.0,0.0,2.0,1.0,0.0,0.0,1.0,0.0,0.0,1.0,9.0,0.133,0.188,0.2,0.388,4.0,0.18,-34.0,3.0,0.0,0.0,3.0,0.0,0.0,1,
Darren Holmes,37.0,ATL,NL,0.0,44.0,0.0,0.0,0.0,0.0,0.0,0.0,0.0,0.0,0.0,0.0,0.0,0.0,,,,,,,,0.0,0.0,0.0,0.0,0.0,0.0,1,
Darren Oliver,32.0,COL,NL,0.5,34.0,73.0,67.0,6.0,17.0,3.0,0.0,1.0,8.0,0.0,0.0,3.0,17.0,0.254,0.296,0.343,0.639,57.0,0.289,45.0,23.0,1.0,1.0,2.0,0.0,0.0,1/H,
Daryle Ward*,28.0,LAD,NL,-1.1,52.0,114.0,109.0,6.0,20.0,1.0,0.0,0.0,9.0,0.0,0.0,3.0,19.0,0.183,0.211,0.193,0.403,9.0,0.204,5.0,21.0,4.0,1.0,0.0,1.0,0.0,H37,
Dave Berg,32.0,TOR,AL,-1.1,61.0,174.0,161.0,26.0,41.0,6.0,1.0,4.0,18.0,0.0,1.0,11.0,34.0,0.255,0.301,0.379,0.679,76.0,0.302,72.0,61.0,7.0,0.0,1.0,1.0,0.0,4H5/D9367,
Dave Burba,36.0,MIL,NL,-0.2,16.0,11.0,10.0,0.0,0.0,0.0,0.0,0.0,0.0,0.0,0.0,0.0,7.0,0.0,0.0,0.0,0.0,-100.0,0.0,-169.0,0.0,1.0,0.0,1.0,0.0,0.0,1,
Dave Hansen*,34.0,SDP,NL,-0.1,110.0,159.0,135.0,13.0,33.0,4.0,1.0,2.0,15.0,1.0,0.0,23.0,25.0,0.244,0.358,0.333,0.692,90.0,0.315,87.0,45.0,4.0,1.0,0.0,0.0,3.0,H35/D4,
Dave Matranga,26.0,HOU,NL,0.0,6.0,5.0,5.0,1.0,1.0,0.0,0.0,1.0,1.0,0.0,0.0,0.0,2.0,0.2,0.2,0.8,1.0,141.0,0.402,138.0,4.0,0.0,0.0,0.0,0.0,0.0,/H4,
Dave McCarty,33.0,2TM,AL,0.3,24.0,57.0,53.0,6.0,18.0,5.0,0.0,1.0,8.0,0.0,0.0,3.0,14.0,0.34,0.368,0.491,0.859,123.0,0.367,118.0,26.0,0.0,0.0,0.0,1.0,0.0,7/3H9D,
Dave McCarty,33.0,OAK,AL,0.0,8.0,28.0,26.0,2.0,7.0,2.0,0.0,0.0,2.0,0.0,0.0,1.0,7.0,0.269,0.286,0.346,0.632,67.0,0.27,53.0,9.0,0.0,0.0,0.0,1.0,0.0,/73,
Dave McCarty,33.0,BOS,AL,0.2,16.0,29.0,27.0,4.0,11.0,3.0,0.0,1.0,6.0,0.0,0.0,2.0,7.0,0.407,0.448,0.63,1.078,175.0,0.462,180.0,17.0,0.0,0.0,0.0,0.0,0.0,/73H9D,
Dave Roberts*,31.0,LAD,NL,0.9,107.0,440.0,388.0,56.0,97.0,6.0,5.0,2.0,16.0,40.0,14.0,43.0,39.0,0.25,0.331,0.307,0.638,73.0,0.316,81.0,119.0,0.0,4.0,5.0,0.0,1.0,8/H,
Dave Veres,36.0,CHC,NL,0.0,31.0,0.0,0.0,0.0,0.0,0.0,0.0,0.0,0.0,0.0,0.0,0.0,0.0,,,,,,,,0.0,0.0,0.0,0.0,0.0,0.0,1,
David Bell,30.0,PHI,NL,0.2,85.0,348.0,297.0,32.0,58.0,14.0,0.0,4.0,37.0,0.0,0.0,41.0,40.0,0.195,0.296,0.283,0.579,57.0,0.281,62.0,84.0,7.0,4.0,0.0,6.0,1.0,5/4,
David Cone*,40.0,NYM,NL,0.1,5.0,4.0,4.0,0.0,1.0,0.0,0.0,0.0,0.0,0.0,0.0,0.0,1.0,0.25,0.25,0.25,0.5,33.0,0.456,183.0,1.0,0.0,0.0,0.0,0.0,0.0,/1,
David DeJesus*,23.0,KCR,AL,-0.1,12.0,10.0,7.0,0.0,2.0,0.0,1.0,0.0,0.0,0.0,0.0,1.0,2.0,0.286,0.444,0.571,1.016,159.0,0.436,168.0,4.0,0.0,1.0,1.0,0.0,0.0,/8H9,
David Dellucci*,29.0,2TM,2LG,-0.1,91.0,248.0,216.0,26.0,49.0,12.0,3.0,3.0,23.0,12.0,0.0,23.0,58.0,0.227,0.313,0.352,0.665,70.0,0.317,67.0,76.0,6.0,5.0,2.0,2.0,1.0,9H8/7D,
David Dellucci*,29.0,ARI,NL,0.0,70.0,190.0,165.0,18.0,40.0,11.0,3.0,2.0,19.0,9.0,0.0,19.0,45.0,0.242,0.328,0.382,0.71,79.0,0.336,78.0,63.0,4.0,3.0,1.0,2.0,1.0,9H/87,
David Dellucci*,29.0,NYY,AL,-0.1,21.0,58.0,51.0,8.0,9.0,1.0,0.0,1.0,4.0,3.0,0.0,4.0,13.0,0.176,0.263,0.255,0.518,39.0,0.255,33.0,13.0,2.0,2.0,1.0,0.0,0.0,9/H7D8,
David Eckstein,28.0,ANA,AL,1.7,120.0,517.0,452.0,59.0,114.0,22.0,1.0,3.0,31.0,16.0,5.0,36.0,45.0,0.252,0.325,0.325,0.651,75.0,0.306,77.0,147.0,9.0,15.0,10.0,4.0,0.0,*6/DH,
David Kelton,23.0,CHC,NL,-0.1,10.0,12.0,12.0,1.0,2.0,1.0,0.0,0.0,1.0,0.0,0.0,0.0,5.0,0.167,0.167,0.25,0.417,7.0,0.249,30.0,3.0,0.0,0.0,0.0,0.0,0.0,/H7,
David Manning,30.0,MIL,NL,0.0,2.0,1.0,1.0,0.0,0.0,0.0,0.0,0.0,0.0,0.0,0.0,0.0,1.0,0.0,0.0,0.0,0.0,-100.0,0.0,-142.0,0.0,0.0,0.0,0.0,0.0,0.0,/1,
David Ortiz*,27.0,BOS,AL,3.4,128.0,509.0,448.0,79.0,129.0,39.0,2.0,31.0,101.0,0.0,0.0,58.0,83.0,0.288,0.369,0.592,0.961,144.0,0.405,142.0,265.0,9.0,1.0,0.0,2.0,8.0,D3H,MVP-5
David Riske,26.0,CLE,AL,0.0,4.0,0.0,0.0,0.0,0.0,0.0,0.0,0.0,0.0,0.0,0.0,0.0,0.0,,,,,,,,0.0,0.0,0.0,0.0,0.0,0.0,1,
David Ross,26.0,LAD,NL,1.0,40.0,140.0,124.0,19.0,32.0,7.0,0.0,10.0,18.0,0.0,0.0,13.0,42.0,0.258,0.336,0.556,0.892,134.0,0.378,130.0,69.0,4.0,2.0,0.0,1.0,0.0,2/H,
David Sanders*,23.0,CHW,AL,0.0,2.0,0.0,0.0,0.0,0.0,0.0,0.0,0.0,0.0,0.0,0.0,0.0,0.0,,,,,,,,0.0,0.0,0.0,0.0,0.0,0.0,1,
David Segui#,36.0,BAL,AL,0.3,67.0,252.0,224.0,26.0,59.0,10.0,1.0,5.0,25.0,1.0,0.0,26.0,47.0,0.263,0.341,0.384,0.725,93.0,0.33,94.0,86.0,8.0,1.0,0.0,1.0,2.0,DH/3,
David Weathers,33.0,NYM,NL,0.0,72.0,3.0,3.0,0.0,0.0,0.0,0.0,0.0,0.0,0.0,0.0,0.0,1.0,0.0,0.0,0.0,0.0,-100.0,0.0,-146.0,0.0,0.0,0.0,0.0,0.0,0.0,1,
David Wells*,40.0,NYY,AL,0.0,2.0,6.0,6.0,0.0,1.0,1.0,0.0,0.0,0.0,0.0,0.0,0.0,1.0,0.167,0.167,0.333,0.5,29.0,0.207,9.0,2.0,0.0,0.0,0.0,0.0,0.0,1,
Dean Palmer,34.0,DET,AL,-0.9,26.0,98.0,86.0,3.0,12.0,2.0,0.0,0.0,6.0,0.0,0.0,9.0,28.0,0.14,0.235,0.163,0.397,12.0,0.196,8.0,14.0,2.0,2.0,0.0,1.0,0.0,D/H35,
Dee Brown*,25.0,KCR,AL,-0.9,50.0,143.0,132.0,16.0,30.0,7.0,0.0,2.0,14.0,1.0,1.0,8.0,37.0,0.227,0.28,0.326,0.605,55.0,0.278,52.0,43.0,0.0,2.0,0.0,1.0,1.0,79DH,
Deivi Cruz,30.0,BAL,AL,1.2,152.0,572.0,548.0,61.0,137.0,24.0,2.0,14.0,65.0,1.0,2.0,13.0,49.0,0.25,0.269,0.378,0.647,69.0,0.291,68.0,207.0,13.0,2.0,7.0,2.0,1.0,*6/DH,
Dennis Tankersley,24.0,SDP,NL,0.0,1.0,0.0,0.0,0.0,0.0,0.0,0.0,0.0,0.0,0.0,0.0,0.0,0.0,,,,,,,,0.0,0.0,0.0,0.0,0.0,0.0,/1,
Denny Hocking#,33.0,MIN,AL,0.5,83.0,209.0,188.0,22.0,45.0,10.0,2.0,3.0,22.0,0.0,1.0,15.0,37.0,0.239,0.291,0.362,0.653,71.0,0.289,65.0,68.0,3.0,0.0,3.0,3.0,0.0,45H63/978D,
Denny Neagle*,34.0,COL,NL,-0.3,7.0,13.0,11.0,0.0,0.0,0.0,0.0,0.0,0.0,0.0,0.0,0.0,4.0,0.0,0.0,0.0,0.0,-100.0,0.0,-209.0,0.0,1.0,0.0,2.0,0.0,0.0,/1,
Denny Stark,28.0,COL,NL,-0.1,17.0,28.0,22.0,1.0,0.0,0.0,0.0,0.0,4.0,0.0,0.0,4.0,6.0,0.0,0.148,0.0,0.148,-59.0,0.139,-67.0,0.0,1.0,0.0,1.0,1.0,0.0,1,
Dennys Reyes,26.0,2TM,NL,0.0,15.0,0.0,0.0,0.0,0.0,0.0,0.0,0.0,0.0,0.0,0.0,0.0,0.0,,,,,,,,0.0,0.0,0.0,0.0,0.0,0.0,1,
Dennys Reyes,26.0,PIT,NL,0.0,12.0,0.0,0.0,0.0,0.0,0.0,0.0,0.0,0.0,0.0,0.0,0.0,0.0,,,,,,,,0.0,0.0,0.0,0.0,0.0,0.0,1,
Dennys Reyes,26.0,ARI,NL,0.0,3.0,0.0,0.0,0.0,0.0,0.0,0.0,0.0,0.0,0.0,0.0,0.0,0.0,,,,,,,,0.0,0.0,0.0,0.0,0.0,0.0,/1,
Derek Jeter,29.0,NYY,AL,3.6,119.0,542.0,482.0,87.0,156.0,25.0,3.0,10.0,52.0,11.0,5.0,43.0,88.0,0.324,0.393,0.45,0.844,125.0,0.379,130.0,217.0,10.0,13.0,3.0,1.0,2.0,*6/H,MVP-21
Derek Lowe,30.0,BOS,AL,-0.1,2.0,5.0,4.0,0.0,0.0,0.0,0.0,0.0,0.0,0.0,0.0,0.0,0.0,0.0,0.0,0.0,0.0,-100.0,0.0,-204.0,0.0,0.0,0.0,1.0,0.0,0.0,1,
Dernell Stenson*,25.0,CIN,NL,0.1,37.0,93.0,81.0,14.0,20.0,5.0,0.0,3.0,13.0,0.0,0.0,11.0,24.0,0.247,0.333,0.42,0.753,100.0,0.343,103.0,34.0,0.0,0.0,0.0,1.0,0.0,7H/93,
Derrek Lee,27.0,FLA,NL,2.9,155.0,643.0,539.0,91.0,146.0,31.0,2.0,31.0,92.0,21.0,8.0,88.0,131.0,0.271,0.379,0.508,0.888,131.0,0.391,134.0,274.0,9.0,10.0,0.0,6.0,7.0,*3,"MVP-27,GG"
Desi Relaford#,29.0,KCR,AL,-0.1,141.0,557.0,500.0,70.0,127.0,27.0,5.0,8.0,59.0,20.0,4.0,40.0,70.0,0.254,0.315,0.376,0.691,77.0,0.317,74.0,188.0,10.0,6.0,8.0,3.0,1.0,459H/68D7,
Dewon Brazelton,23.0,TBD,AL,0.0,1.0,1.0,1.0,0.0,0.0,0.0,0.0,0.0,0.0,0.0,0.0,0.0,0.0,0.0,0.0,0.0,0.0,-100.0,0.0,-142.0,0.0,0.0,0.0,0.0,0.0,0.0,1,
Dmitri Young#,29.0,DET,AL,3.4,155.0,635.0,562.0,78.0,167.0,34.0,7.0,29.0,85.0,2.0,1.0,58.0,130.0,0.297,0.372,0.537,0.909,144.0,0.391,145.0,302.0,16.0,11.0,0.0,4.0,16.0,D75/H3,AS
Donaldo Méndez,25.0,SDP,NL,0.0,26.0,94.0,84.0,10.0,19.0,6.0,0.0,2.0,9.0,1.0,0.0,7.0,32.0,0.226,0.298,0.369,0.667,80.0,0.294,71.0,31.0,0.0,2.0,0.0,1.0,1.0,6,
Donnie Sadler,28.0,TEX,AL,-0.1,77.0,150.0,131.0,27.0,26.0,5.0,2.0,1.0,5.0,4.0,3.0,13.0,34.0,0.198,0.277,0.29,0.567,44.0,0.269,43.0,38.0,1.0,2.0,2.0,2.0,0.0,5867H/94,
Dontrelle Willis*,21.0,FLA,NL,0.5,27.0,63.0,58.0,2.0,14.0,2.0,0.0,1.0,4.0,0.0,0.0,3.0,8.0,0.241,0.279,0.328,0.606,59.0,0.27,47.0,19.0,0.0,0.0,2.0,0.0,0.0,1,"AS,MVP-34,ROY-1"
Doug Davis,27.0,2TM,2LG,-0.2,10.0,22.0,21.0,0.0,2.0,0.0,0.0,0.0,0.0,0.0,0.0,0.0,10.0,0.095,0.095,0.095,0.19,-50.0,0.087,-92.0,2.0,0.0,0.0,1.0,0.0,0.0,1,
Doug Davis,27.0,TOR,AL,0.0,2.0,1.0,1.0,0.0,0.0,0.0,0.0,0.0,0.0,0.0,0.0,0.0,1.0,0.0,0.0,0.0,0.0,-100.0,0.0,-150.0,0.0,0.0,0.0,0.0,0.0,0.0,1,
Doug Davis,27.0,MIL,NL,-0.2,8.0,21.0,20.0,0.0,2.0,0.0,0.0,0.0,0.0,0.0,0.0,0.0,9.0,0.1,0.1,0.1,0.2,-47.0,0.091,-89.0,2.0,0.0,0.0,1.0,0.0,0.0,/1,
Doug Glanville,32.0,2TM,2LG,-0.2,80.0,258.0,246.0,24.0,65.0,5.0,0.0,5.0,16.0,4.0,1.0,8.0,29.0,0.264,0.286,0.346,0.632,60.0,0.293,57.0,85.0,2.0,0.0,3.0,1.0,1.0,8H/79,
Doug Glanville,32.0,TEX,AL,0.2,52.0,203.0,195.0,22.0,53.0,5.0,0.0,4.0,14.0,4.0,0.0,6.0,25.0,0.272,0.294,0.359,0.653,64.0,0.304,61.0,70.0,2.0,0.0,2.0,0.0,1.0,8,
Doug Glanville,32.0,CHC,NL,-0.4,28.0,55.0,51.0,2.0,12.0,0.0,0.0,1.0,2.0,0.0,1.0,2.0,4.0,0.235,0.259,0.294,0.553,44.0,0.253,38.0,15.0,0.0,0.0,1.0,1.0,0.0,8H/79,
Doug Mientkiewicz*,29.0,MIN,AL,4.3,142.0,574.0,487.0,67.0,146.0,38.0,1.0,11.0,65.0,4.0,1.0,74.0,55.0,0.3,0.393,0.45,0.843,122.0,0.373,122.0,219.0,9.0,5.0,2.0,6.0,4.0,*3/9H45D,
Doug Mirabelli,32.0,BOS,AL,0.4,62.0,176.0,163.0,23.0,42.0,13.0,0.0,6.0,18.0,0.0,0.0,11.0,36.0,0.258,0.307,0.448,0.755,92.0,0.33,89.0,73.0,3.0,1.0,0.0,1.0,0.0,2/HD3,
Drew Henson,23.0,NYY,AL,0.0,5.0,8.0,8.0,2.0,1.0,0.0,0.0,0.0,0.0,0.0,0.0,0.0,2.0,0.125,0.125,0.125,0.25,-33.0,0.114,-55.0,1.0,0.0,0.0,0.0,0.0,0.0,/5H,
Duaner Sánchez,23.0,PIT,NL,0.0,6.0,0.0,0.0,0.0,0.0,0.0,0.0,0.0,0.0,0.0,0.0,0.0,0.0,,,,,,,,0.0,0.0,0.0,0.0,0.0,0.0,/1,
Dustan Mohr,27.0,MIN,AL,0.3,121.0,387.0,348.0,50.0,87.0,22.0,0.0,10.0,36.0,5.0,2.0,33.0,106.0,0.25,0.314,0.399,0.714,87.0,0.33,92.0,139.0,10.0,1.0,2.0,3.0,0.0,*97H8/D,
Dustin Hermanson,30.0,2TM,NL,-0.2,30.0,15.0,11.0,0.0,0.0,0.0,0.0,0.0,0.0,0.0,0.0,1.0,6.0,0.0,0.083,0.0,0.083,-75.0,0.059,-165.0,0.0,0.0,0.0,3.0,0.0,0.0,1,
Dustin Hermanson,30.0,STL,NL,0.0,21.0,1.0,0.0,0.0,0.0,0.0,0.0,0.0,0.0,0.0,0.0,1.0,0.0,,1.0,,,,0.71,358.0,0.0,0.0,0.0,0.0,0.0,0.0,1,
Dustin Hermanson,30.0,SFG,NL,-0.2,9.0,14.0,11.0,0.0,0.0,0.0,0.0,0.0,0.0,0.0,0.0,0.0,6.0,0.0,0.0,0.0,0.0,-100.0,0.0,-214.0,0.0,0.0,0.0,3.0,0.0,0.0,/1,
Dámaso Marte*,28.0,CHW,AL,0.0,4.0,0.0,0.0,0.0,0.0,0.0,0.0,0.0,0.0,0.0,0.0,0.0,0.0,,,,,,,,0.0,0.0,0.0,0.0,0.0,0.0,1,
Eddie Guardado,32.0,MIN,AL,0.0,4.0,0.0,0.0,0.0,0.0,0.0,0.0,0.0,0.0,0.0,0.0,0.0,0.0,,,,,,,,0.0,0.0,0.0,0.0,0.0,0.0,1,AS
Eddie Oropesa*,31.0,ARI,NL,0.0,41.0,0.0,0.0,0.0,0.0,0.0,0.0,0.0,0.0,0.0,0.0,0.0,0.0,,,,,,,,0.0,0.0,0.0,0.0,0.0,0.0,1,
Eddie Pérez,35.0,MIL,NL,0.3,107.0,375.0,350.0,26.0,95.0,17.0,1.0,11.0,45.0,0.0,1.0,17.0,47.0,0.271,0.304,0.42,0.724,88.0,0.327,90.0,147.0,16.0,0.0,6.0,2.0,3.0,2/H,
Edgar Martínez,40.0,SEA,AL,3.3,145.0,603.0,497.0,72.0,146.0,25.0,0.0,24.0,98.0,0.0,1.0,92.0,95.0,0.294,0.406,0.489,0.895,141.0,0.389,141.0,243.0,17.0,7.0,0.0,7.0,7.0,*D/H,"AS,SS"
Edgardo Alfonzo,29.0,SFG,NL,0.3,142.0,586.0,514.0,56.0,133.0,25.0,2.0,13.0,81.0,5.0,2.0,58.0,41.0,0.259,0.334,0.391,0.726,90.0,0.331,91.0,201.0,14.0,4.0,3.0,7.0,4.0,*5/4H,
Eduardo Pérez,33.0,STL,NL,0.4,105.0,289.0,253.0,47.0,72.0,16.0,0.0,11.0,41.0,5.0,2.0,29.0,53.0,0.285,0.365,0.478,0.843,121.0,0.379,127.0,121.0,7.0,4.0,1.0,2.0,1.0,9H57/3D,
Edwards Guzmán*,26.0,MON,NL,-1.4,52.0,155.0,146.0,15.0,35.0,5.0,0.0,1.0,14.0,0.0,0.0,5.0,17.0,0.24,0.263,0.295,0.558,43.0,0.249,24.0,43.0,6.0,0.0,3.0,1.0,2.0,53H/2D,
Edwin Almonte,26.0,NYM,NL,0.0,12.0,1.0,1.0,0.0,0.0,0.0,0.0,0.0,0.0,0.0,0.0,0.0,0.0,0.0,0.0,0.0,0.0,-100.0,0.0,-142.0,0.0,1.0,0.0,0.0,0.0,0.0,1,
Edwin Jackson,19.0,LAD,NL,-0.1,4.0,8.0,6.0,0.0,0.0,0.0,0.0,0.0,0.0,0.0,0.0,1.0,2.0,0.0,0.143,0.0,0.143,-57.0,0.101,-91.0,0.0,0.0,0.0,1.0,0.0,0.0,/1,
Einar Díaz,30.0,TEX,AL,0.2,101.0,361.0,334.0,30.0,86.0,14.0,1.0,4.0,35.0,3.0,1.0,9.0,32.0,0.257,0.294,0.341,0.635,61.0,0.295,58.0,114.0,12.0,10.0,4.0,4.0,0.0,2/H,
Eli Marrero,29.0,STL,NL,0.0,41.0,116.0,107.0,10.0,24.0,4.0,2.0,2.0,20.0,0.0,1.0,7.0,18.0,0.224,0.267,0.355,0.622,63.0,0.275,56.0,38.0,0.0,0.0,0.0,2.0,0.0,9H7/283,
Ellis Burks,38.0,CLE,AL,0.6,55.0,228.0,198.0,27.0,52.0,11.0,1.0,6.0,28.0,1.0,1.0,27.0,46.0,0.263,0.36,0.419,0.779,109.0,0.346,110.0,83.0,4.0,3.0,0.0,0.0,2.0,D/7H,
Elmer Dessens,32.0,ARI,NL,0.2,34.0,59.0,46.0,1.0,9.0,1.0,1.0,0.0,6.0,0.0,0.0,3.0,11.0,0.196,0.245,0.261,0.506,28.0,0.229,-9.0,12.0,0.0,0.0,10.0,0.0,0.0,1/H,
Endy Chávez*,25.0,MON,NL,-0.3,141.0,526.0,483.0,66.0,121.0,25.0,5.0,5.0,47.0,18.0,7.0,31.0,59.0,0.251,0.294,0.354,0.648,65.0,0.297,59.0,171.0,7.0,0.0,9.0,3.0,3.0,*8H,
Enrique Cruz,21.0,MIL,NL,-1.5,60.0,76.0,71.0,6.0,6.0,1.0,0.0,0.0,2.0,0.0,0.0,4.0,30.0,0.085,0.145,0.099,0.243,-34.0,0.124,-57.0,7.0,2.0,1.0,0.0,0.0,0.0,H6/45,
Enrique Wilson#,29.0,NYY,AL,-0.4,63.0,147.0,135.0,18.0,31.0,9.0,0.0,3.0,15.0,3.0,1.0,7.0,14.0,0.23,0.276,0.363,0.639,69.0,0.282,60.0,49.0,3.0,2.0,2.0,1.0,0.0,65H4/D,
Erasmo Ramirez*,27.0,TEX,AL,0.0,1.0,0.0,0.0,0.0,0.0,0.0,0.0,0.0,0.0,0.0,0.0,0.0,0.0,,,,,,,,0.0,0.0,0.0,0.0,0.0,0.0,1,
Eric Bruntlett,25.0,HOU,NL,0.0,31.0,56.0,54.0,3.0,14.0,3.0,0.0,1.0,4.0,0.0,0.0,0.0,10.0,0.259,0.255,0.37,0.625,59.0,0.302,66.0,20.0,1.0,0.0,1.0,1.0,0.0,H6/4578,
Eric Byrnes,27.0,OAK,AL,2.1,121.0,461.0,414.0,64.0,109.0,27.0,9.0,12.0,51.0,10.0,2.0,42.0,71.0,0.263,0.333,0.459,0.792,108.0,0.347,104.0,190.0,3.0,2.0,0.0,2.0,4.0,*87/H9D,
Eric Chávez*,25.0,OAK,AL,5.3,156.0,654.0,588.0,94.0,166.0,39.0,5.0,29.0,101.0,8.0,3.0,62.0,89.0,0.282,0.35,0.514,0.864,126.0,0.372,124.0,302.0,14.0,1.0,0.0,3.0,10.0,*5/H,"MVP-17,GG"
Eric Gagné,27.0,LAD,NL,0.0,72.0,0.0,0.0,0.0,0.0,0.0,0.0,0.0,0.0,0.0,0.0,0.0,0.0,,,,,,,,0.0,0.0,0.0,0.0,0.0,0.0,1,"AS,CYA-1,MVP-6"
Eric Hinske*,25.0,TOR,AL,1.9,124.0,514.0,449.0,74.0,109.0,45.0,3.0,12.0,63.0,12.0,2.0,59.0,104.0,0.243,0.329,0.437,0.765,97.0,0.341,95.0,196.0,11.0,1.0,0.0,5.0,1.0,*5/H,
Eric Junge,26.0,PHI,NL,0.0,6.0,0.0,0.0,0.0,0.0,0.0,0.0,0.0,0.0,0.0,0.0,0.0,0.0,,,,,,,,0.0,0.0,0.0,0.0,0.0,0.0,/1,
Eric Karros,35.0,CHC,NL,-0.7,114.0,365.0,336.0,37.0,96.0,16.0,1.0,12.0,40.0,1.0,1.0,28.0,46.0,0.286,0.34,0.446,0.786,103.0,0.347,101.0,150.0,14.0,0.0,0.0,1.0,1.0,3H,
Eric Knott*,28.0,MON,NL,-0.1,13.0,5.0,5.0,0.0,0.0,0.0,0.0,0.0,0.0,0.0,0.0,0.0,2.0,0.0,0.0,0.0,0.0,-100.0,0.0,-153.0,0.0,0.0,0.0,0.0,0.0,0.0,1,
Eric Munson*,25.0,DET,AL,1.4,99.0,357.0,313.0,28.0,75.0,9.0,0.0,18.0,50.0,3.0,0.0,35.0,61.0,0.24,0.312,0.441,0.753,102.0,0.336,104.0,138.0,4.0,1.0,1.0,7.0,1.0,5/HD,
Eric Owens,32.0,ANA,AL,-0.7,111.0,257.0,241.0,29.0,65.0,6.0,0.0,1.0,20.0,11.0,8.0,10.0,24.0,0.27,0.3,0.307,0.607,63.0,0.276,62.0,74.0,4.0,1.0,4.0,1.0,0.0,89H7/D,
Eric Valent*,26.0,CIN,NL,-0.3,18.0,44.0,42.0,3.0,9.0,0.0,0.0,0.0,1.0,0.0,0.0,2.0,9.0,0.214,0.25,0.214,0.464,26.0,0.212,10.0,9.0,0.0,0.0,0.0,0.0,0.0,H/9,
Eric Young Sr.,36.0,2TM,NL,-0.2,135.0,541.0,475.0,80.0,119.0,20.0,1.0,15.0,34.0,28.0,12.0,57.0,44.0,0.251,0.336,0.392,0.727,91.0,0.339,96.0,186.0,12.0,5.0,2.0,2.0,2.0,*4H/8D,
Eric Young Sr.,36.0,MIL,NL,0.6,109.0,459.0,404.0,71.0,105.0,18.0,1.0,15.0,31.0,25.0,7.0,48.0,34.0,0.26,0.344,0.421,0.764,100.0,0.357,106.0,170.0,9.0,4.0,2.0,1.0,2.0,4H/D,
Eric Young Sr.,36.0,SFG,NL,-0.8,26.0,82.0,71.0,9.0,14.0,2.0,0.0,0.0,3.0,3.0,5.0,9.0,10.0,0.197,0.293,0.225,0.518,39.0,0.239,41.0,16.0,3.0,1.0,0.0,1.0,0.0,4/H8,
Erick Almonte,25.0,NYY,AL,-0.4,31.0,111.0,100.0,17.0,26.0,6.0,0.0,1.0,11.0,1.0,0.0,8.0,24.0,0.26,0.321,0.35,0.671,79.0,0.312,81.0,35.0,3.0,1.0,2.0,0.0,0.0,6,
Ernie Young,33.0,DET,AL,-0.2,5.0,15.0,11.0,0.0,2.0,0.0,0.0,0.0,0.0,0.0,2.0,4.0,5.0,0.182,0.4,0.182,0.582,67.0,0.243,88.0,2.0,1.0,0.0,0.0,0.0,0.0,/DH,
Erubiel Durazo*,29.0,OAK,AL,1.8,154.0,645.0,537.0,92.0,139.0,29.0,0.0,21.0,77.0,1.0,1.0,100.0,105.0,0.259,0.374,0.43,0.804,113.0,0.356,113.0,231.0,11.0,2.0,0.0,6.0,12.0,*D3/H,
Esteban Germán,25.0,OAK,AL,-0.1,5.0,4.0,4.0,0.0,1.0,0.0,0.0,0.0,1.0,0.0,0.0,0.0,1.0,0.25,0.25,0.25,0.5,34.0,0.227,22.0,1.0,1.0,0.0,0.0,0.0,0.0,/4H,
Esteban Loaiza,31.0,CHW,AL,0.0,2.0,6.0,5.0,1.0,1.0,0.0,0.0,0.0,0.0,0.0,0.0,0.0,2.0,0.2,0.2,0.2,0.4,6.0,0.182,-34.0,1.0,0.0,0.0,1.0,0.0,0.0,1,"AS,CYA-2,MVP-24"
Esteban Yan,28.0,STL,NL,0.1,35.0,1.0,1.0,0.0,1.0,0.0,0.0,0.0,0.0,0.0,0.0,0.0,0.0,1.0,1.0,1.0,2.0,433.0,0.815,433.0,1.0,0.0,0.0,0.0,0.0,0.0,1,
Felipe López#,23.0,CIN,NL,-0.5,59.0,229.0,197.0,28.0,42.0,7.0,2.0,2.0,13.0,8.0,5.0,28.0,59.0,0.213,0.313,0.299,0.612,65.0,0.297,73.0,59.0,2.0,1.0,2.0,1.0,1.0,6/5H4,
Fernando Seguignol#,28.0,NYY,AL,0.0,5.0,8.0,7.0,0.0,1.0,0.0,0.0,0.0,0.0,0.0,0.0,1.0,3.0,0.143,0.25,0.143,0.393,9.0,0.317,86.0,1.0,0.0,0.0,0.0,0.0,0.0,/3HD,
Fernando Tatís,28.0,MON,NL,-1.6,53.0,196.0,175.0,15.0,34.0,6.0,0.0,2.0,15.0,2.0,1.0,18.0,40.0,0.194,0.281,0.263,0.543,41.0,0.259,34.0,46.0,7.0,3.0,0.0,0.0,0.0,5/H,
Fernando Viña*,34.0,STL,NL,-0.5,61.0,285.0,259.0,35.0,65.0,14.0,4.0,4.0,23.0,4.0,4.0,11.0,24.0,0.251,0.309,0.382,0.691,82.0,0.317,85.0,99.0,5.0,11.0,3.0,1.0,0.0,4/H,
Francisco Cordero,28.0,TEX,AL,0.0,4.0,0.0,0.0,0.0,0.0,0.0,0.0,0.0,0.0,0.0,0.0,0.0,0.0,,,,,,,,0.0,0.0,0.0,0.0,0.0,0.0,1,
Francisco Rodríguez,21.0,ANA,AL,0.0,4.0,0.0,0.0,0.0,0.0,0.0,0.0,0.0,0.0,0.0,0.0,0.0,0.0,,,,,,,,0.0,0.0,0.0,0.0,0.0,0.0,1,
Francisco Santos*,29.0,SFG,NL,-0.1,8.0,15.0,15.0,2.0,3.0,2.0,0.0,1.0,1.0,0.0,0.0,0.0,3.0,0.2,0.2,0.533,0.733,83.0,0.301,70.0,8.0,0.0,0.0,0.0,0.0,0.0,/H93,
Frank Catalanotto*,29.0,TOR,AL,2.1,133.0,535.0,489.0,83.0,146.0,34.0,6.0,13.0,59.0,2.0,2.0,35.0,62.0,0.299,0.351,0.472,0.823,112.0,0.369,118.0,231.0,9.0,6.0,2.0,3.0,1.0,79DH/3,
Frank Menechino,32.0,OAK,AL,-0.1,43.0,109.0,83.0,10.0,16.0,0.0,0.0,2.0,9.0,0.0,0.0,19.0,16.0,0.193,0.364,0.265,0.63,72.0,0.305,76.0,22.0,2.0,4.0,2.0,1.0,1.0,45H/6D,
Frank Thomas,35.0,CHW,AL,4.3,153.0,662.0,546.0,87.0,146.0,35.0,0.0,42.0,105.0,0.0,0.0,100.0,115.0,0.267,0.39,0.562,0.952,146.0,0.405,144.0,307.0,11.0,12.0,0.0,4.0,4.0,*D3/H,MVP-15
Franklyn Germán,23.0,DET,AL,0.0,4.0,0.0,0.0,0.0,0.0,0.0,0.0,0.0,0.0,0.0,0.0,0.0,0.0,,,,,,,,0.0,0.0,0.0,0.0,0.0,0.0,1,
Fred McGriff*,39.0,LAD,NL,0.4,86.0,329.0,297.0,32.0,74.0,14.0,0.0,13.0,40.0,0.0,0.0,31.0,66.0,0.249,0.322,0.428,0.75,99.0,0.341,104.0,127.0,7.0,1.0,0.0,0.0,4.0,3/H,
Freddy García,26.0,SEA,AL,0.0,1.0,5.0,5.0,0.0,1.0,0.0,0.0,0.0,1.0,0.0,0.0,0.0,0.0,0.2,0.2,0.2,0.4,9.0,0.182,-5.0,1.0,1.0,0.0,0.0,0.0,0.0,1,
Freddy Sánchez,25.0,BOS,AL,0.1,20.0,34.0,34.0,6.0,8.0,2.0,0.0,0.0,2.0,0.0,0.0,0.0,8.0,0.235,0.235,0.294,0.529,36.0,0.228,18.0,10.0,0.0,0.0,0.0,0.0,0.0,/H564,
Félix Escalona,24.0,TBD,AL,-0.1,10.0,29.0,27.0,2.0,5.0,2.0,0.0,0.0,2.0,1.0,0.0,2.0,6.0,0.185,0.241,0.259,0.501,36.0,0.234,26.0,7.0,0.0,0.0,0.0,0.0,0.0,/645,
Félix Heredia*,28.0,CIN,NL,0.0,54.0,3.0,3.0,0.0,1.0,0.0,0.0,0.0,0.0,0.0,0.0,0.0,0.0,0.333,0.333,0.333,0.667,79.0,0.304,74.0,1.0,0.0,0.0,0.0,0.0,0.0,1,
Félix José#,38.0,ARI,NL,0.2,18.0,24.0,18.0,1.0,6.0,1.0,0.0,1.0,6.0,0.0,0.0,6.0,3.0,0.333,0.5,0.556,1.056,167.0,0.451,171.0,10.0,1.0,0.0,0.0,0.0,1.0,H/9D,
Félix Rodríguez,30.0,SFG,NL,0.1,63.0,1.0,1.0,0.0,1.0,0.0,0.0,0.0,0.0,0.0,0.0,0.0,0.0,1.0,1.0,1.0,2.0,428.0,0.911,492.0,1.0,0.0,0.0,0.0,0.0,0.0,1,
Félix Sánchez,21.0,CHC,NL,0.0,3.0,0.0,0.0,0.0,0.0,0.0,0.0,0.0,0.0,0.0,0.0,0.0,0.0,,,,,,,,0.0,0.0,0.0,0.0,0.0,0.0,/1,
Gabe Kapler,27.0,2TM,2LG,0.3,107.0,248.0,225.0,39.0,61.0,13.0,1.0,4.0,27.0,6.0,2.0,22.0,41.0,0.271,0.336,0.391,0.727,85.0,0.326,81.0,88.0,8.0,0.0,0.0,0.0,1.0,97H8/3D,
Gabe Kapler,27.0,COL,NL,0.1,39.0,76.0,67.0,10.0,15.0,2.0,0.0,0.0,4.0,2.0,0.0,8.0,18.0,0.224,0.307,0.254,0.56,41.0,0.276,31.0,17.0,3.0,0.0,0.0,0.0,1.0,H79/8,
Gabe Kapler,27.0,BOS,AL,0.3,68.0,172.0,158.0,29.0,46.0,11.0,1.0,4.0,23.0,4.0,2.0,14.0,23.0,0.291,0.349,0.449,0.798,105.0,0.348,101.0,71.0,5.0,0.0,0.0,0.0,0.0,97H/83D,
Gabe Molina,28.0,STL,NL,0.0,3.0,0.0,0.0,0.0,0.0,0.0,0.0,0.0,0.0,0.0,0.0,0.0,0.0,,,,,,,,0.0,0.0,0.0,0.0,0.0,0.0,/1,
Gabe White*,31.0,CIN,NL,0.0,32.0,2.0,2.0,0.0,0.0,0.0,0.0,0.0,0.0,0.0,0.0,0.0,2.0,0.0,0.0,0.0,0.0,-100.0,0.0,-143.0,0.0,0.0,0.0,0.0,0.0,0.0,1,
Garret Anderson*,31.0,ANA,AL,4.0,159.0,673.0,638.0,80.0,201.0,49.0,4.0,29.0,116.0,6.0,3.0,31.0,83.0,0.315,0.345,0.541,0.885,131.0,0.377,129.0,345.0,15.0,0.0,0.0,4.0,10.0,*7D,"AS,MVP-14,SS"
Garrett Atkins,23.0,COL,NL,-1.1,25.0,73.0,69.0,6.0,11.0,2.0,0.0,0.0,4.0,0.0,0.0,3.0,14.0,0.159,0.205,0.188,0.394,-2.0,0.183,-29.0,13.0,1.0,1.0,0.0,0.0,0.0,5/H,
Garrett Stephenson,31.0,STL,NL,0.2,30.0,55.0,44.0,0.0,9.0,0.0,0.0,0.0,2.0,0.0,0.0,3.0,18.0,0.205,0.271,0.205,0.475,29.0,0.231,9.0,9.0,0.0,1.0,7.0,0.0,0.0,1,
Gary Bennett,31.0,SDP,NL,0.6,96.0,338.0,307.0,26.0,73.0,15.0,0.0,2.0,42.0,3.0,0.0,24.0,48.0,0.238,0.296,0.306,0.602,64.0,0.284,64.0,94.0,8.0,2.0,3.0,2.0,3.0,2/H,
Gary Johnson*,27.0,ANA,AL,0.1,5.0,9.0,8.0,1.0,3.0,1.0,0.0,0.0,0.0,0.0,1.0,1.0,1.0,0.375,0.444,0.5,0.944,152.0,0.463,229.0,4.0,0.0,0.0,0.0,0.0,0.0,/79H,
Gary Knotts,26.0,DET,AL,0.0,2.0,1.0,1.0,0.0,0.0,0.0,0.0,0.0,0.0,0.0,0.0,0.0,0.0,0.0,0.0,0.0,0.0,-100.0,0.0,-133.0,0.0,0.0,0.0,0.0,0.0,0.0,1,
Gary Matthews#,28.0,2TM,2LG,1.5,144.0,513.0,468.0,71.0,116.0,31.0,2.0,6.0,42.0,12.0,8.0,43.0,95.0,0.248,0.314,0.361,0.675,82.0,0.307,83.0,169.0,8.0,2.0,0.0,0.0,0.0,*897H/D,
Gary Matthews#,28.0,BAL,AL,-0.6,41.0,172.0,162.0,21.0,33.0,12.0,1.0,2.0,20.0,0.0,3.0,9.0,29.0,0.204,0.25,0.327,0.577,52.0,0.254,48.0,53.0,4.0,1.0,0.0,0.0,0.0,8/HD,
Gary Matthews#,28.0,SDP,NL,2.1,103.0,341.0,306.0,50.0,83.0,19.0,1.0,4.0,22.0,12.0,5.0,34.0,66.0,0.271,0.346,0.379,0.725,97.0,0.334,101.0,116.0,4.0,1.0,0.0,0.0,0.0,897H,
Gary Sheffield,34.0,ATL,NL,6.8,155.0,678.0,576.0,126.0,190.0,37.0,2.0,39.0,132.0,18.0,4.0,86.0,55.0,0.33,0.419,0.604,1.023,162.0,0.448,171.0,348.0,16.0,8.0,0.0,8.0,6.0,*9/H,"AS,MVP-3,SS"
Gene Kingsale#,26.0,DET,AL,-0.6,39.0,140.0,120.0,11.0,25.0,3.0,1.0,1.0,8.0,1.0,3.0,10.0,17.0,0.208,0.265,0.275,0.54,48.0,0.246,47.0,33.0,2.0,0.0,8.0,2.0,0.0,8/7HD,
Geoff Blum#,30.0,HOU,NL,0.6,123.0,449.0,420.0,51.0,110.0,19.0,0.0,10.0,52.0,0.0,0.0,20.0,50.0,0.262,0.295,0.379,0.674,72.0,0.3,65.0,159.0,15.0,2.0,2.0,5.0,1.0,54H6/379,
Geoff Geary,26.0,PHI,NL,0.0,5.0,0.0,0.0,0.0,0.0,0.0,0.0,0.0,0.0,0.0,0.0,0.0,0.0,,,,,,,,0.0,0.0,0.0,0.0,0.0,0.0,/1,
Geoff Jenkins*,28.0,MIL,NL,3.3,124.0,554.0,487.0,81.0,144.0,30.0,2.0,28.0,95.0,0.0,0.0,58.0,120.0,0.296,0.375,0.538,0.913,137.0,0.395,139.0,262.0,12.0,6.0,0.0,3.0,10.0,*7/D,AS
George Lombard*,27.0,TBD,AL,-0.3,13.0,38.0,37.0,8.0,8.0,1.0,0.0,1.0,4.0,1.0,0.0,0.0,6.0,0.216,0.237,0.324,0.561,50.0,0.251,39.0,12.0,0.0,1.0,0.0,0.0,0.0,9/7H,
Gerald Laird,23.0,TEX,AL,0.3,19.0,50.0,44.0,9.0,12.0,2.0,1.0,1.0,4.0,0.0,0.0,5.0,11.0,0.273,0.36,0.432,0.792,100.0,0.381,119.0,19.0,2.0,1.0,0.0,0.0,0.0,2/H,
Gerald Williams,36.0,FLA,NL,-0.2,27.0,35.0,31.0,5.0,4.0,1.0,0.0,0.0,3.0,3.0,0.0,2.0,5.0,0.129,0.182,0.161,0.343,-8.0,0.211,-17.0,5.0,0.0,0.0,2.0,0.0,0.0,H7/98,
Geremi González,28.0,TBD,AL,-0.1,3.0,6.0,6.0,0.0,0.0,0.0,0.0,0.0,0.0,0.0,0.0,0.0,3.0,0.0,0.0,0.0,0.0,-100.0,0.0,-131.0,0.0,0.0,0.0,0.0,0.0,0.0,1,
Gerónimo Gil,27.0,BAL,AL,0.3,54.0,186.0,169.0,22.0,40.0,4.0,0.0,3.0,16.0,0.0,0.0,12.0,34.0,0.237,0.299,0.314,0.613,63.0,0.293,69.0,53.0,2.0,3.0,2.0,0.0,0.0,2/H,
Gil Meche,24.0,SEA,AL,0.0,2.0,5.0,5.0,0.0,1.0,0.0,0.0,0.0,0.0,0.0,0.0,0.0,1.0,0.2,0.2,0.2,0.4,9.0,0.163,-18.0,1.0,0.0,0.0,0.0,0.0,0.0,1,
Giovanni Carrara,35.0,SEA,AL,0.0,1.0,0.0,0.0,0.0,0.0,0.0,0.0,0.0,0.0,0.0,0.0,0.0,0.0,,,,,,,,0.0,0.0,0.0,0.0,0.0,0.0,1,
Glendon Rusch*,28.0,MIL,NL,0.1,32.0,41.0,34.0,2.0,7.0,0.0,0.0,0.0,2.0,0.0,0.0,3.0,7.0,0.206,0.27,0.206,0.476,28.0,0.225,6.0,7.0,2.0,0.0,4.0,0.0,0.0,1/H,
Graeme Lloyd*,36.0,NYM,NL,0.0,35.0,0.0,0.0,0.0,0.0,0.0,0.0,0.0,0.0,0.0,0.0,0.0,0.0,,,,,,,,0.0,0.0,0.0,0.0,0.0,0.0,1,
Graham Koonce*,28.0,OAK,AL,0.0,6.0,8.0,8.0,0.0,1.0,1.0,0.0,0.0,0.0,0.0,0.0,0.0,6.0,0.125,0.125,0.25,0.375,-4.0,0.155,-27.0,2.0,0.0,0.0,0.0,0.0,0.0,/3H,
Grant Roberts,25.0,NYM,NL,0.0,18.0,0.0,0.0,0.0,0.0,0.0,0.0,0.0,0.0,0.0,0.0,0.0,0.0,,,,,,,,0.0,0.0,0.0,0.0,0.0,0.0,1,
Greg Colbrunn,33.0,SEA,AL,0.1,22.0,62.0,58.0,7.0,16.0,1.0,1.0,3.0,7.0,0.0,1.0,4.0,16.0,0.276,0.323,0.483,0.805,114.0,0.338,110.0,28.0,3.0,0.0,0.0,0.0,0.0,3/HD,
Greg LaRocca,30.0,CLE,AL,0.2,5.0,10.0,9.0,3.0,3.0,1.0,0.0,0.0,0.0,0.0,0.0,1.0,1.0,0.333,0.4,0.444,0.844,127.0,0.459,188.0,4.0,0.0,0.0,0.0,0.0,0.0,/H5D,
Greg Maddux,37.0,ATL,NL,-0.1,35.0,78.0,68.0,2.0,10.0,3.0,0.0,0.0,2.0,0.0,0.0,1.0,21.0,0.147,0.157,0.191,0.348,-10.0,0.167,-44.0,13.0,0.0,0.0,8.0,1.0,0.0,1/H,
Greg Myers*,37.0,TOR,AL,2.4,121.0,369.0,329.0,51.0,101.0,19.0,0.0,15.0,52.0,0.0,3.0,37.0,57.0,0.307,0.374,0.502,0.876,125.0,0.38,128.0,165.0,14.0,0.0,0.0,3.0,2.0,2HD,
Greg Norton#,30.0,COL,NL,0.5,114.0,197.0,179.0,19.0,47.0,15.0,0.0,6.0,31.0,2.0,1.0,16.0,47.0,0.263,0.325,0.447,0.772,88.0,0.345,87.0,80.0,4.0,1.0,0.0,1.0,0.0,H5/39,
Greg Vaughn,37.0,COL,NL,-0.1,22.0,46.0,37.0,8.0,7.0,3.0,0.0,3.0,5.0,0.0,0.0,8.0,13.0,0.189,0.326,0.514,0.84,103.0,0.356,95.0,19.0,0.0,0.0,0.0,1.0,0.0,H/7D9,
Gregg Zaun#,32.0,2TM,NL,-0.3,74.0,189.0,166.0,15.0,38.0,8.0,0.0,4.0,21.0,1.0,1.0,19.0,21.0,0.229,0.309,0.349,0.658,67.0,0.3,63.0,58.0,5.0,1.0,1.0,2.0,0.0,2H,
Gregg Zaun#,32.0,HOU,NL,-0.3,59.0,138.0,120.0,9.0,26.0,7.0,0.0,1.0,13.0,1.0,0.0,14.0,14.0,0.217,0.299,0.3,0.599,56.0,0.284,52.0,36.0,5.0,1.0,1.0,2.0,0.0,H2,
Gregg Zaun#,32.0,COL,NL,0.0,15.0,51.0,46.0,6.0,12.0,1.0,0.0,3.0,8.0,0.0,1.0,5.0,7.0,0.261,0.333,0.478,0.812,97.0,0.344,93.0,22.0,0.0,0.0,0.0,0.0,0.0,2/H,
Guillermo Mota,29.0,LAD,NL,0.1,72.0,9.0,9.0,1.0,2.0,0.0,0.0,1.0,2.0,0.0,0.0,0.0,4.0,0.222,0.222,0.556,0.778,99.0,0.325,91.0,5.0,0.0,0.0,0.0,0.0,0.0,1,
Hank Blalock*,22.0,TEX,AL,6.4,143.0,615.0,567.0,89.0,170.0,33.0,3.0,29.0,90.0,2.0,3.0,44.0,97.0,0.3,0.35,0.522,0.872,117.0,0.383,122.0,296.0,16.0,1.0,0.0,3.0,1.0,*5/H4,AS
Hee-Seop Choi*,24.0,CHC,NL,1.1,80.0,245.0,202.0,31.0,44.0,17.0,0.0,8.0,28.0,1.0,1.0,37.0,71.0,0.218,0.35,0.421,0.771,100.0,0.356,108.0,85.0,2.0,4.0,2.0,0.0,1.0,3H,
Henry Blanco,31.0,ATL,NL,-1.2,55.0,166.0,151.0,11.0,30.0,8.0,0.0,1.0,13.0,0.0,0.0,10.0,21.0,0.199,0.252,0.272,0.523,36.0,0.239,20.0,41.0,3.0,1.0,3.0,1.0,2.0,2/H,
Henry Mateo#,26.0,MON,NL,-0.5,100.0,169.0,154.0,29.0,37.0,3.0,1.0,0.0,7.0,11.0,1.0,11.0,38.0,0.24,0.304,0.273,0.576,49.0,0.28,39.0,42.0,0.0,3.0,1.0,0.0,0.0,H4/9D678,
Herbert Perry,33.0,TEX,AL,-0.3,11.0,24.0,24.0,1.0,4.0,1.0,0.0,0.0,2.0,0.0,0.0,0.0,3.0,0.167,0.167,0.208,0.375,-6.0,0.161,-34.0,5.0,0.0,0.0,0.0,0.0,0.0,/3H5,
Hideki Matsui*,29.0,NYY,AL,2.3,163.0,695.0,623.0,82.0,179.0,42.0,1.0,16.0,106.0,2.0,2.0,63.0,86.0,0.287,0.353,0.435,0.788,109.0,0.351,111.0,271.0,25.0,3.0,0.0,6.0,5.0,*78/DH,"AS,ROY-2"
Hideo Nomo,34.0,LAD,NL,0.0,31.0,74.0,65.0,4.0,9.0,1.0,0.0,1.0,3.0,0.0,0.0,3.0,25.0,0.138,0.176,0.2,0.376,1.0,0.173,-28.0,13.0,1.0,0.0,6.0,0.0,0.0,1,
Hiram Bocachica,27.0,DET,AL,-0.4,6.0,22.0,22.0,1.0,1.0,1.0,0.0,0.0,0.0,0.0,0.0,0.0,7.0,0.045,0.045,0.091,0.136,-64.0,0.056,-90.0,2.0,0.0,0.0,0.0,0.0,0.0,/87,
Horacio Ramírez*,23.0,ATL,NL,-0.3,27.0,67.0,61.0,3.0,6.0,0.0,1.0,0.0,2.0,0.0,0.0,0.0,12.0,0.098,0.098,0.131,0.23,-41.0,0.115,-82.0,8.0,1.0,0.0,6.0,0.0,0.0,1,
Howie Clark*,29.0,TOR,AL,0.8,38.0,77.0,70.0,9.0,25.0,3.0,1.0,0.0,7.0,0.0,1.0,3.0,6.0,0.357,0.4,0.429,0.829,116.0,0.388,136.0,30.0,3.0,2.0,2.0,0.0,0.0,H5/D74369,
Humberto Cota,24.0,PIT,NL,0.1,10.0,17.0,16.0,1.0,4.0,1.0,0.0,0.0,1.0,0.0,0.0,1.0,5.0,0.25,0.294,0.313,0.607,58.0,0.378,122.0,5.0,0.0,0.0,0.0,0.0,0.0,/H2,
Humberto Quintero,23.0,SDP,NL,-0.2,12.0,24.0,23.0,1.0,5.0,0.0,0.0,0.0,2.0,0.0,0.0,1.0,6.0,0.217,0.25,0.217,0.467,29.0,0.194,-3.0,5.0,0.0,0.0,0.0,0.0,1.0,2/H,
Héctor Almonte,27.0,2TM,2LG,0.0,32.0,1.0,1.0,0.0,0.0,0.0,0.0,0.0,0.0,0.0,0.0,0.0,1.0,0.0,0.0,0.0,0.0,-100.0,0.0,-142.0,0.0,0.0,0.0,0.0,0.0,0.0,1,
Héctor Almonte,27.0,BOS,AL,0.0,4.0,0.0,0.0,0.0,0.0,0.0,0.0,0.0,0.0,0.0,0.0,0.0,0.0,,,,,,,,0.0,0.0,0.0,0.0,0.0,0.0,/1,
Héctor Almonte,27.0,MON,NL,0.0,28.0,1.0,1.0,0.0,0.0,0.0,0.0,0.0,0.0,0.0,0.0,0.0,1.0,0.0,0.0,0.0,0.0,-100.0,0.0,-142.0,0.0,0.0,0.0,0.0,0.0,0.0,1,
Héctor Mercado*,29.0,PHI,NL,-0.1,12.0,2.0,2.0,0.0,0.0,0.0,0.0,0.0,0.0,0.0,0.0,0.0,0.0,0.0,0.0,0.0,0.0,-100.0,0.0,-143.0,0.0,1.0,0.0,0.0,0.0,0.0,1,
Ichiro Suzuki*,29.0,SEA,AL,5.6,159.0,725.0,679.0,111.0,212.0,29.0,8.0,13.0,62.0,34.0,8.0,36.0,69.0,0.312,0.352,0.436,0.788,112.0,0.359,116.0,296.0,3.0,6.0,3.0,1.0,7.0,*9/H,"AS,MVP-23,GG"
Ismael Valdéz,29.0,TEX,AL,-0.1,2.0,6.0,4.0,0.0,0.0,0.0,0.0,0.0,0.0,0.0,0.0,0.0,0.0,0.0,0.0,0.0,0.0,-100.0,0.0,-273.0,0.0,0.0,0.0,2.0,0.0,0.0,1,
Iván Rodríguez,31.0,FLA,NL,4.5,144.0,578.0,511.0,90.0,152.0,36.0,3.0,16.0,85.0,10.0,6.0,55.0,92.0,0.297,0.369,0.474,0.843,120.0,0.371,122.0,242.0,18.0,6.0,1.0,5.0,6.0,*2/HD,MVP-23
J.C. Romero#,27.0,MIN,AL,0.0,3.0,1.0,1.0,0.0,0.0,0.0,0.0,0.0,0.0,0.0,0.0,0.0,1.0,0.0,0.0,0.0,0.0,-100.0,0.0,-142.0,0.0,0.0,0.0,0.0,0.0,0.0,1,
J.D. Drew*,27.0,STL,NL,2.5,100.0,328.0,287.0,60.0,83.0,13.0,3.0,15.0,42.0,2.0,2.0,36.0,48.0,0.289,0.374,0.512,0.886,132.0,0.386,134.0,147.0,6.0,3.0,2.0,0.0,0.0,9H8/7,
J.J. Davis,24.0,PIT,NL,-0.4,19.0,38.0,35.0,1.0,7.0,0.0,0.0,1.0,4.0,0.0,1.0,3.0,13.0,0.2,0.263,0.286,0.549,42.0,0.264,49.0,10.0,0.0,0.0,0.0,0.0,0.0,9H,
J.R. House,23.0,PIT,NL,0.1,1.0,1.0,1.0,0.0,1.0,0.0,0.0,0.0,0.0,0.0,0.0,0.0,0.0,1.0,1.0,1.0,2.0,421.0,0.911,492.0,1.0,0.0,0.0,0.0,0.0,0.0,/H,
J.T. Snow*,35.0,SFG,NL,2.0,103.0,396.0,330.0,48.0,90.0,18.0,3.0,8.0,51.0,1.0,2.0,55.0,55.0,0.273,0.387,0.418,0.806,112.0,0.371,121.0,138.0,7.0,8.0,1.0,2.0,0.0,3/H,
Jack Cust*,24.0,BAL,AL,0.4,27.0,84.0,73.0,7.0,19.0,7.0,0.0,4.0,11.0,0.0,0.0,10.0,25.0,0.26,0.357,0.521,0.878,129.0,0.388,135.0,38.0,0.0,1.0,0.0,0.0,0.0,D/H7,
Jack Wilson,25.0,PIT,NL,0.9,150.0,615.0,558.0,58.0,143.0,21.0,3.0,9.0,62.0,5.0,5.0,36.0,74.0,0.256,0.303,0.353,0.656,70.0,0.301,67.0,197.0,11.0,4.0,11.0,6.0,3.0,*6/H,
Jacque Jones*,28.0,MIN,AL,1.4,136.0,548.0,517.0,76.0,157.0,33.0,1.0,16.0,69.0,13.0,1.0,21.0,105.0,0.304,0.333,0.464,0.797,107.0,0.35,103.0,240.0,10.0,4.0,1.0,5.0,2.0,7D9/H,
Jae Weong Seo,26.0,NYM,NL,-0.2,33.0,58.0,51.0,3.0,5.0,1.0,0.0,0.0,0.0,0.0,0.0,3.0,19.0,0.098,0.148,0.118,0.266,-28.0,0.145,-51.0,6.0,0.0,0.0,4.0,0.0,0.0,1/H,
Jaime Cerda*,24.0,NYM,NL,0.0,27.0,1.0,1.0,0.0,0.0,0.0,0.0,0.0,0.0,0.0,0.0,0.0,1.0,0.0,0.0,0.0,0.0,-100.0,0.0,-142.0,0.0,0.0,0.0,0.0,0.0,0.0,1,
Jake Peavy,22.0,SDP,NL,-0.2,30.0,68.0,55.0,4.0,4.0,0.0,0.0,0.0,1.0,0.0,0.0,3.0,21.0,0.073,0.15,0.073,0.223,-37.0,0.133,-61.0,4.0,0.0,2.0,8.0,0.0,0.0,1,
Jake Westbrook,25.0,CLE,AL,0.1,4.0,1.0,0.0,0.0,0.0,0.0,0.0,0.0,0.0,0.0,0.0,1.0,0.0,,1.0,,,,0.713,375.0,0.0,0.0,0.0,0.0,0.0,0.0,1,
Jamal Strong,24.0,SEA,AL,-0.1,12.0,2.0,2.0,2.0,0.0,0.0,0.0,0.0,0.0,0.0,0.0,0.0,0.0,0.0,0.0,0.0,0.0,-100.0,0.0,-128.0,0.0,0.0,0.0,0.0,0.0,0.0,H/D8,
Jamey Carroll,29.0,MON,NL,0.2,105.0,260.0,227.0,31.0,59.0,10.0,1.0,1.0,10.0,5.0,2.0,19.0,39.0,0.26,0.323,0.326,0.649,67.0,0.324,79.0,74.0,10.0,3.0,9.0,2.0,0.0,5H64/D,
Jamie Burke,31.0,CHW,AL,0.0,6.0,8.0,8.0,0.0,3.0,0.0,0.0,0.0,2.0,0.0,0.0,0.0,0.0,0.375,0.375,0.375,0.75,98.0,0.329,91.0,3.0,0.0,0.0,0.0,0.0,0.0,/23DH,
Jamie Moyer*,40.0,SEA,AL,0.1,2.0,6.0,5.0,1.0,2.0,0.0,0.0,0.0,0.0,0.0,0.0,0.0,1.0,0.4,0.4,0.4,0.8,118.0,0.345,111.0,2.0,0.0,0.0,1.0,0.0,0.0,1,"AS,CYA-5"
Jamie Walker*,31.0,DET,AL,0.0,4.0,0.0,0.0,0.0,0.0,0.0,0.0,0.0,0.0,0.0,0.0,0.0,0.0,,,,,,,,0.0,0.0,0.0,0.0,0.0,0.0,1,
Jared Fernández,31.0,HOU,NL,-0.1,12.0,10.0,9.0,1.0,0.0,0.0,0.0,0.0,0.0,0.0,0.0,0.0,3.0,0.0,0.0,0.0,0.0,-100.0,0.0,-178.0,0.0,0.0,0.0,1.0,0.0,0.0,1,
Jared Sandberg,25.0,TBD,AL,0.7,55.0,156.0,136.0,15.0,29.0,10.0,1.0,6.0,23.0,0.0,0.0,16.0,52.0,0.213,0.305,0.434,0.739,97.0,0.318,90.0,59.0,3.0,2.0,2.0,0.0,1.0,5/H36,
Jaret Wright,27.0,2TM,NL,0.1,50.0,5.0,4.0,0.0,1.0,1.0,0.0,0.0,0.0,0.0,0.0,0.0,2.0,0.25,0.25,0.5,0.75,97.0,0.314,85.0,2.0,0.0,0.0,1.0,0.0,0.0,1,
Jaret Wright,27.0,SDP,NL,0.1,39.0,5.0,4.0,0.0,1.0,1.0,0.0,0.0,0.0,0.0,0.0,0.0,2.0,0.25,0.25,0.5,0.75,97.0,0.314,85.0,2.0,0.0,0.0,1.0,0.0,0.0,1,
Jaret Wright,27.0,ATL,NL,0.0,11.0,0.0,0.0,0.0,0.0,0.0,0.0,0.0,0.0,0.0,0.0,0.0,0.0,,,,,,,,0.0,0.0,0.0,0.0,0.0,0.0,1,
Jarrod Patterson*,29.0,KCR,AL,-0.3,13.0,25.0,22.0,3.0,4.0,0.0,0.0,0.0,0.0,0.0,0.0,3.0,6.0,0.182,0.28,0.182,0.462,23.0,0.245,25.0,4.0,0.0,0.0,0.0,0.0,1.0,/5DH3,
Jarrod Washburn*,28.0,ANA,AL,0.0,2.0,5.0,5.0,0.0,1.0,0.0,0.0,0.0,0.0,0.0,0.0,0.0,1.0,0.2,0.2,0.2,0.4,7.0,0.182,-8.0,1.0,0.0,0.0,0.0,0.0,0.0,1,
Jason Anderson*,24.0,2TM,2LG,0.0,9.0,0.0,0.0,0.0,0.0,0.0,0.0,0.0,0.0,0.0,0.0,0.0,0.0,,,,,,,,0.0,0.0,0.0,0.0,0.0,0.0,1,
Jason Anderson*,24.0,NYY,AL,0.0,3.0,0.0,0.0,0.0,0.0,0.0,0.0,0.0,0.0,0.0,0.0,0.0,0.0,,,,,,,,0.0,0.0,0.0,0.0,0.0,0.0,1,
Jason Anderson*,24.0,NYM,NL,0.0,6.0,0.0,0.0,0.0,0.0,0.0,0.0,0.0,0.0,0.0,0.0,0.0,0.0,,,,,,,,0.0,0.0,0.0,0.0,0.0,0.0,/1,
Jason Bay,24.0,2TM,NL,0.9,30.0,107.0,87.0,15.0,25.0,7.0,1.0,4.0,14.0,3.0,1.0,19.0,29.0,0.287,0.421,0.529,0.949,145.0,0.424,155.0,46.0,0.0,1.0,0.0,0.0,0.0,7/8H9,
Jason Bay,24.0,SDP,NL,0.3,3.0,10.0,8.0,2.0,2.0,1.0,0.0,1.0,2.0,0.0,0.0,1.0,1.0,0.25,0.4,0.75,1.15,203.0,0.472,200.0,6.0,0.0,1.0,0.0,0.0,0.0,/8,
Jason Bay,24.0,PIT,NL,0.7,27.0,97.0,79.0,13.0,23.0,6.0,1.0,3.0,12.0,3.0,1.0,18.0,28.0,0.291,0.423,0.506,0.929,140.0,0.42,150.0,40.0,0.0,0.0,0.0,0.0,0.0,7/8H9,
Jason Boyd,30.0,CLE,AL,0.0,5.0,0.0,0.0,0.0,0.0,0.0,0.0,0.0,0.0,0.0,0.0,0.0,0.0,,,,,,,,0.0,0.0,0.0,0.0,0.0,0.0,1,
Jason Christiansen,33.0,SFG,NL,0.0,35.0,0.0,0.0,0.0,0.0,0.0,0.0,0.0,0.0,0.0,0.0,0.0,0.0,,,,,,,,0.0,0.0,0.0,0.0,0.0,0.0,1,
Jason Conti*,28.0,MIL,NL,-0.2,30.0,52.0,48.0,3.0,11.0,2.0,0.0,2.0,7.0,0.0,1.0,2.0,18.0,0.229,0.255,0.396,0.651,68.0,0.289,68.0,19.0,1.0,0.0,1.0,1.0,0.0,9H/78,
Jason Davis,23.0,CLE,AL,-0.1,2.0,3.0,2.0,0.0,0.0,0.0,0.0,0.0,0.0,0.0,0.0,0.0,1.0,0.0,0.0,0.0,0.0,-100.0,0.0,-244.0,0.0,0.0,0.0,1.0,0.0,0.0,1/H,
Jason Ellison,25.0,SFG,NL,-0.2,7.0,10.0,10.0,1.0,1.0,0.0,0.0,0.0,0.0,0.0,0.0,0.0,1.0,0.1,0.1,0.1,0.2,-47.0,0.091,-80.0,1.0,0.0,0.0,0.0,0.0,0.0,/7H8,
Jason Giambi*,32.0,NYY,AL,4.8,156.0,690.0,535.0,97.0,134.0,25.0,0.0,41.0,107.0,2.0,1.0,129.0,140.0,0.25,0.412,0.527,0.939,148.0,0.406,149.0,282.0,9.0,21.0,0.0,5.0,9.0,3D/H,"AS,MVP-13"
Jason Gilfillan,26.0,KCR,AL,0.0,4.0,0.0,0.0,0.0,0.0,0.0,0.0,0.0,0.0,0.0,0.0,0.0,0.0,,,,,,,,0.0,0.0,0.0,0.0,0.0,0.0,1,
Jason Grabowski*,27.0,OAK,AL,-0.2,8.0,9.0,8.0,0.0,0.0,0.0,0.0,0.0,0.0,0.0,0.0,1.0,5.0,0.0,0.111,0.0,0.111,-67.0,0.079,-80.0,0.0,0.0,0.0,0.0,0.0,0.0,/H95D,
Jason Grimsley,35.0,KCR,AL,0.0,4.0,0.0,0.0,0.0,0.0,0.0,0.0,0.0,0.0,0.0,0.0,0.0,0.0,,,,,,,,0.0,0.0,0.0,0.0,0.0,0.0,1,
Jason Isringhausen,30.0,STL,NL,0.1,38.0,2.0,2.0,0.0,1.0,0.0,1.0,0.0,3.0,0.0,0.0,0.0,0.0,0.5,0.5,1.5,2.0,402.0,0.789,426.0,3.0,0.0,0.0,0.0,0.0,0.0,1,
Jason Jennings*,24.0,COL,NL,0.5,31.0,65.0,54.0,3.0,12.0,3.0,0.0,0.0,3.0,0.0,0.0,5.0,16.0,0.222,0.283,0.278,0.561,39.0,0.287,41.0,15.0,0.0,0.0,5.0,1.0,0.0,1/H,
Jason Johnson,29.0,BAL,AL,0.1,3.0,6.0,5.0,1.0,1.0,0.0,0.0,0.0,0.0,0.0,0.0,1.0,3.0,0.2,0.333,0.2,0.533,47.0,0.27,53.0,1.0,0.0,0.0,0.0,0.0,0.0,1,
Jason Jones#,26.0,TEX,AL,-0.2,40.0,121.0,107.0,11.0,23.0,6.0,0.0,3.0,11.0,0.0,1.0,10.0,21.0,0.215,0.298,0.355,0.653,65.0,0.319,79.0,38.0,1.0,3.0,0.0,1.0,0.0,79/HD3,
Jason Kendall,29.0,PIT,NL,4.5,150.0,666.0,587.0,84.0,191.0,29.0,3.0,6.0,58.0,8.0,7.0,49.0,40.0,0.325,0.399,0.416,0.815,112.0,0.37,118.0,244.0,9.0,25.0,1.0,3.0,3.0,*2/H,
Jason Lane,26.0,HOU,NL,0.2,18.0,27.0,27.0,5.0,8.0,2.0,0.0,4.0,10.0,0.0,0.0,0.0,2.0,0.296,0.296,0.815,1.111,173.0,0.458,178.0,22.0,0.0,0.0,0.0,0.0,0.0,H/879,
Jason LaRue,29.0,CIN,NL,1.8,118.0,437.0,379.0,52.0,87.0,23.0,1.0,16.0,50.0,3.0,3.0,33.0,111.0,0.23,0.321,0.422,0.743,96.0,0.328,94.0,160.0,9.0,20.0,1.0,4.0,4.0,*2/H37,
Jason Marquis*,24.0,ATL,NL,0.1,21.0,4.0,2.0,0.0,1.0,1.0,0.0,0.0,1.0,0.0,0.0,0.0,0.0,0.5,0.5,1.0,1.5,277.0,0.579,439.0,2.0,0.0,0.0,2.0,0.0,0.0,1,
Jason Michaels,27.0,PHI,NL,1.5,76.0,125.0,109.0,20.0,36.0,11.0,0.0,5.0,17.0,0.0,0.0,15.0,22.0,0.33,0.416,0.569,0.985,162.0,0.439,175.0,62.0,3.0,1.0,0.0,0.0,1.0,H79/8,
Jason Middlebrook,28.0,NYM,NL,0.0,5.0,0.0,0.0,0.0,0.0,0.0,0.0,0.0,0.0,0.0,0.0,0.0,0.0,,,,,,,,0.0,0.0,0.0,0.0,0.0,0.0,/1,
Jason Pearson*,27.0,STL,NL,0.0,2.0,0.0,0.0,0.0,0.0,0.0,0.0,0.0,0.0,0.0,0.0,0.0,0.0,,,,,,,,0.0,0.0,0.0,0.0,0.0,0.0,/1,
Jason Phillips,26.0,NYM,NL,1.1,119.0,453.0,403.0,45.0,120.0,25.0,0.0,11.0,58.0,0.0,1.0,39.0,50.0,0.298,0.373,0.442,0.815,115.0,0.366,119.0,178.0,21.0,10.0,0.0,1.0,3.0,32H,
Jason Roach,27.0,NYM,NL,0.1,1.0,2.0,2.0,0.0,2.0,0.0,0.0,0.0,0.0,0.0,0.0,0.0,0.0,1.0,1.0,1.0,2.0,432.0,0.863,478.0,2.0,0.0,0.0,0.0,0.0,0.0,/1,
Jason Romano,24.0,LAD,NL,-0.8,37.0,37.0,36.0,3.0,3.0,0.0,0.0,0.0,0.0,2.0,0.0,1.0,8.0,0.083,0.108,0.083,0.191,-48.0,0.106,-74.0,3.0,2.0,0.0,0.0,0.0,0.0,8H/794D,
Jason Schmidt,30.0,SFG,NL,-0.7,28.0,78.0,61.0,2.0,4.0,0.0,0.0,0.0,0.0,0.0,0.0,2.0,30.0,0.066,0.095,0.066,0.161,-57.0,0.079,-135.0,4.0,0.0,0.0,15.0,0.0,0.0,1,"AS,CYA-2,MVP-22"
Jason Shiell,26.0,BOS,AL,0.0,1.0,0.0,0.0,0.0,0.0,0.0,0.0,0.0,0.0,0.0,0.0,0.0,0.0,,,,,,,,0.0,0.0,0.0,0.0,0.0,0.0,1,
Jason Simontacchi,29.0,STL,NL,-0.1,46.0,38.0,38.0,3.0,5.0,1.0,0.0,0.0,0.0,0.0,0.0,0.0,14.0,0.132,0.132,0.158,0.289,-24.0,0.15,-37.0,6.0,0.0,0.0,0.0,0.0,0.0,1/HD,
Jason Smith*,25.0,TBD,AL,-0.1,1.0,4.0,4.0,0.0,1.0,0.0,0.0,0.0,0.0,0.0,0.0,0.0,0.0,0.25,0.25,0.25,0.5,36.0,0.204,10.0,1.0,0.0,0.0,0.0,0.0,0.0,/5,
Jason Standridge,24.0,TBD,AL,0.0,1.0,1.0,0.0,0.0,0.0,0.0,0.0,0.0,0.0,0.0,1.0,1.0,0.0,,1.0,,,,0.197,375.0,0.0,0.0,0.0,0.0,0.0,0.0,/1,
Jason Tyner*,26.0,TBD,AL,0.6,46.0,102.0,90.0,12.0,25.0,7.0,0.0,0.0,6.0,2.0,1.0,10.0,12.0,0.278,0.35,0.356,0.706,92.0,0.327,97.0,32.0,1.0,0.0,2.0,0.0,0.0,9H/7D8,
Jason Varitek#,31.0,BOS,AL,3.0,142.0,521.0,451.0,63.0,123.0,31.0,1.0,25.0,85.0,3.0,2.0,51.0,106.0,0.273,0.351,0.512,0.863,120.0,0.366,115.0,231.0,10.0,7.0,5.0,7.0,8.0,*2H/D,"AS,MVP-24"
Jason Young,23.0,COL,NL,0.1,8.0,8.0,7.0,1.0,2.0,1.0,0.0,0.0,0.0,0.0,0.0,1.0,1.0,0.286,0.375,0.429,0.804,98.0,0.359,97.0,3.0,0.0,0.0,0.0,0.0,0.0,/1,
Javier López*,25.0,COL,NL,0.1,73.0,5.0,5.0,1.0,1.0,0.0,0.0,0.0,1.0,0.0,0.0,0.0,1.0,0.2,0.2,0.2,0.4,-1.0,0.365,102.0,1.0,0.0,0.0,0.0,0.0,0.0,1,
Javier Valentín#,27.0,TBD,AL,-0.2,49.0,142.0,135.0,13.0,30.0,7.0,1.0,3.0,15.0,0.0,0.0,5.0,31.0,0.222,0.254,0.356,0.609,62.0,0.271,58.0,48.0,7.0,1.0,0.0,1.0,0.0,2/DH,
Javier Vázquez,26.0,MON,NL,-0.1,32.0,79.0,65.0,5.0,10.0,0.0,1.0,0.0,6.0,0.0,0.0,2.0,8.0,0.154,0.179,0.185,0.364,-6.0,0.178,-47.0,12.0,0.0,0.0,12.0,0.0,0.0,1,
Javy López,32.0,ATL,NL,6.8,129.0,495.0,457.0,89.0,150.0,29.0,3.0,43.0,109.0,0.0,1.0,33.0,90.0,0.328,0.378,0.687,1.065,169.0,0.454,179.0,314.0,10.0,4.0,0.0,1.0,5.0,*2H/D,"AS,MVP-5,SS"
Jay Bell,37.0,NYM,NL,-1.1,72.0,142.0,116.0,11.0,21.0,1.0,0.0,0.0,3.0,0.0,0.0,22.0,38.0,0.181,0.319,0.19,0.509,39.0,0.269,47.0,22.0,4.0,2.0,1.0,1.0,1.0,H4536/D,
Jay Gibbons*,26.0,BAL,AL,1.5,160.0,682.0,625.0,80.0,173.0,39.0,2.0,23.0,100.0,0.0,1.0,49.0,89.0,0.277,0.33,0.456,0.786,106.0,0.339,101.0,285.0,12.0,3.0,0.0,5.0,11.0,*93/D,
Jay Payton,30.0,COL,NL,2.0,157.0,658.0,600.0,93.0,181.0,32.0,5.0,28.0,89.0,6.0,4.0,43.0,77.0,0.302,0.354,0.512,0.865,110.0,0.384,116.0,307.0,27.0,7.0,5.0,3.0,3.0,*7/8H9,
Jay Powell,31.0,TEX,AL,0.0,4.0,0.0,0.0,0.0,0.0,0.0,0.0,0.0,0.0,0.0,0.0,0.0,0.0,,,,,,,,0.0,0.0,0.0,0.0,0.0,0.0,1,
Jay Witasick,30.0,SDP,NL,0.0,42.0,0.0,0.0,0.0,0.0,0.0,0.0,0.0,0.0,0.0,0.0,0.0,0.0,,,,,,,,0.0,0.0,0.0,0.0,0.0,0.0,1,
Jayson Durocher,28.0,MIL,NL,0.0,5.0,0.0,0.0,0.0,0.0,0.0,0.0,0.0,0.0,0.0,0.0,0.0,0.0,,,,,,,,0.0,0.0,0.0,0.0,0.0,0.0,/1,
Jayson Werth,24.0,TOR,AL,0.0,26.0,51.0,48.0,7.0,10.0,4.0,0.0,2.0,10.0,1.0,0.0,3.0,22.0,0.208,0.255,0.417,0.672,71.0,0.292,60.0,20.0,0.0,0.0,0.0,0.0,0.0,9/HD8,
Jeff Austin,26.0,CIN,NL,-0.1,7.0,10.0,8.0,0.0,1.0,0.0,0.0,0.0,0.0,0.0,0.0,0.0,5.0,0.125,0.125,0.125,0.25,-33.0,0.114,-101.0,1.0,0.0,0.0,2.0,0.0,0.0,/1,
Jeff Bagwell,35.0,HOU,NL,4.1,160.0,702.0,605.0,109.0,168.0,28.0,2.0,39.0,100.0,11.0,4.0,88.0,119.0,0.278,0.373,0.524,0.897,128.0,0.399,135.0,317.0,25.0,6.0,0.0,3.0,3.0,*3/H,MVP-14
Jeff Cirillo,33.0,SEA,AL,-1.4,87.0,293.0,258.0,24.0,53.0,11.0,0.0,2.0,23.0,1.0,1.0,24.0,32.0,0.205,0.284,0.271,0.555,51.0,0.268,55.0,70.0,6.0,5.0,4.0,2.0,1.0,5/H3D,
Jeff Conine,37.0,2TM,2LG,2.3,149.0,646.0,577.0,88.0,163.0,36.0,3.0,20.0,95.0,5.0,0.0,50.0,70.0,0.282,0.338,0.459,0.797,109.0,0.355,110.0,265.0,16.0,5.0,1.0,13.0,5.0,*37/95,
Jeff Conine,37.0,BAL,AL,1.5,124.0,547.0,493.0,75.0,143.0,33.0,3.0,15.0,80.0,5.0,0.0,37.0,60.0,0.29,0.338,0.46,0.799,110.0,0.351,108.0,227.0,14.0,5.0,0.0,12.0,5.0,*3/795,
Jeff Conine,37.0,FLA,NL,0.9,25.0,99.0,84.0,13.0,20.0,3.0,0.0,5.0,15.0,0.0,0.0,13.0,10.0,0.238,0.337,0.452,0.789,106.0,0.373,122.0,38.0,2.0,0.0,1.0,1.0,0.0,7,
Jeff D'Amico,27.0,PIT,NL,0.1,28.0,63.0,48.0,3.0,6.0,1.0,0.0,1.0,3.0,0.0,0.0,6.0,23.0,0.125,0.222,0.208,0.431,13.0,0.222,-5.0,10.0,2.0,0.0,9.0,0.0,0.0,1,
Jeff DaVanon#,29.0,ANA,AL,3.2,123.0,382.0,330.0,56.0,93.0,16.0,1.0,12.0,43.0,17.0,5.0,42.0,59.0,0.282,0.36,0.445,0.805,113.0,0.362,115.0,147.0,6.0,1.0,4.0,5.0,0.0,*98H/7D,
Jeff Duncan*,24.0,NYM,NL,-0.8,56.0,166.0,139.0,13.0,27.0,0.0,2.0,1.0,10.0,4.0,2.0,17.0,41.0,0.194,0.291,0.245,0.536,44.0,0.249,29.0,34.0,1.0,2.0,8.0,0.0,3.0,8/H7,
Jeff Fassero*,40.0,STL,NL,-0.2,59.0,10.0,9.0,0.0,0.0,0.0,0.0,0.0,0.0,0.0,0.0,0.0,4.0,0.0,0.0,0.0,0.0,-100.0,0.0,-171.0,0.0,0.0,0.0,1.0,0.0,0.0,1,
Jeff Kent,35.0,HOU,NL,2.8,130.0,552.0,505.0,77.0,150.0,39.0,1.0,22.0,93.0,6.0,2.0,39.0,85.0,0.297,0.351,0.509,0.86,119.0,0.384,124.0,257.0,13.0,5.0,0.0,3.0,2.0,*4/H,
Jeff Liefer*,28.0,2TM,2LG,-1.3,44.0,120.0,113.0,10.0,20.0,4.0,0.0,4.0,21.0,0.0,1.0,6.0,39.0,0.177,0.217,0.319,0.535,36.0,0.234,21.0,36.0,2.0,0.0,0.0,1.0,1.0,3H/5D7,
Jeff Liefer*,28.0,MON,NL,-1.2,35.0,92.0,88.0,6.0,17.0,3.0,0.0,3.0,18.0,0.0,1.0,3.0,26.0,0.193,0.217,0.33,0.547,38.0,0.243,26.0,29.0,2.0,0.0,0.0,1.0,0.0,3H,
Jeff Liefer*,28.0,TBD,AL,-0.1,9.0,28.0,25.0,4.0,3.0,1.0,0.0,1.0,3.0,0.0,0.0,3.0,13.0,0.12,0.214,0.28,0.494,32.0,0.202,6.0,7.0,0.0,0.0,0.0,0.0,1.0,/5D7,
Jeff Nelson,36.0,SEA,AL,0.0,4.0,0.0,0.0,0.0,0.0,0.0,0.0,0.0,0.0,0.0,0.0,0.0,0.0,,,,,,,,0.0,0.0,0.0,0.0,0.0,0.0,1,
Jeff Reboulet,39.0,PIT,NL,1.1,93.0,299.0,261.0,37.0,63.0,10.0,2.0,3.0,25.0,2.0,1.0,27.0,47.0,0.241,0.321,0.33,0.65,69.0,0.305,68.0,86.0,6.0,4.0,6.0,1.0,3.0,4H/5,
Jeff Suppan,28.0,2TM,2LG,0.5,21.0,55.0,43.0,3.0,12.0,1.0,0.0,0.0,2.0,0.0,0.0,2.0,12.0,0.279,0.326,0.302,0.628,65.0,0.29,47.0,13.0,0.0,1.0,9.0,0.0,0.0,1,
Jeff Suppan,28.0,PIT,NL,0.5,20.0,52.0,41.0,3.0,12.0,1.0,0.0,0.0,2.0,0.0,0.0,2.0,11.0,0.293,0.341,0.317,0.658,72.0,0.303,62.0,13.0,0.0,1.0,8.0,0.0,0.0,1,
Jeff Suppan,28.0,BOS,AL,-0.1,1.0,3.0,2.0,0.0,0.0,0.0,0.0,0.0,0.0,0.0,0.0,0.0,1.0,0.0,0.0,0.0,0.0,-100.0,0.0,-256.0,0.0,0.0,0.0,1.0,0.0,0.0,1,
Jeff Tam,32.0,TOR,AL,0.1,5.0,1.0,1.0,0.0,1.0,1.0,0.0,0.0,1.0,0.0,0.0,0.0,0.0,1.0,1.0,2.0,3.0,654.0,1.242,742.0,2.0,0.0,0.0,0.0,0.0,0.0,1,
Jeff Weaver,26.0,NYY,AL,0.0,2.0,0.0,0.0,0.0,0.0,0.0,0.0,0.0,0.0,0.0,0.0,0.0,0.0,,,,,,,,0.0,0.0,0.0,0.0,0.0,0.0,1,
Jeffrey Hammonds,32.0,2TM,NL,0.1,46.0,149.0,132.0,22.0,32.0,12.0,0.0,4.0,13.0,1.0,0.0,16.0,28.0,0.242,0.329,0.424,0.753,96.0,0.341,97.0,56.0,3.0,1.0,0.0,0.0,0.0,789/H,
Jeffrey Hammonds,32.0,MIL,NL,-0.4,10.0,41.0,38.0,2.0,6.0,2.0,0.0,1.0,3.0,0.0,0.0,3.0,7.0,0.158,0.22,0.289,0.509,33.0,0.251,35.0,11.0,2.0,0.0,0.0,0.0,0.0,9,
Jeffrey Hammonds,32.0,SFG,NL,0.6,36.0,108.0,94.0,20.0,26.0,10.0,0.0,3.0,10.0,1.0,0.0,13.0,21.0,0.277,0.37,0.479,0.849,121.0,0.375,121.0,45.0,1.0,1.0,0.0,0.0,0.0,78/H9,
Jeremy Affeldt*,24.0,KCR,AL,0.1,3.0,7.0,6.0,0.0,2.0,0.0,0.0,0.0,2.0,0.0,0.0,1.0,1.0,0.333,0.429,0.333,0.762,100.0,0.348,100.0,2.0,0.0,0.0,0.0,0.0,0.0,1,
Jeremy Bonderman,20.0,DET,AL,0.0,1.0,2.0,2.0,0.0,0.0,0.0,0.0,0.0,0.0,0.0,0.0,0.0,2.0,0.0,0.0,0.0,0.0,-100.0,0.0,-128.0,0.0,0.0,0.0,0.0,0.0,0.0,1,
Jeremy Giambi*,28.0,BOS,AL,-0.3,50.0,156.0,127.0,15.0,25.0,5.0,0.0,5.0,15.0,1.0,0.0,26.0,42.0,0.197,0.342,0.354,0.696,81.0,0.322,82.0,45.0,3.0,2.0,1.0,0.0,0.0,DH/79,
Jeremy Griffiths,25.0,NYM,NL,-0.1,7.0,11.0,9.0,0.0,0.0,0.0,0.0,0.0,0.0,0.0,0.0,1.0,3.0,0.0,0.1,0.0,0.1,-70.0,0.071,-112.0,0.0,0.0,0.0,1.0,0.0,0.0,/1,
Jeriome Robertson*,26.0,HOU,NL,-0.1,31.0,58.0,52.0,4.0,8.0,0.0,1.0,0.0,3.0,0.0,0.0,1.0,14.0,0.154,0.17,0.192,0.362,-7.0,0.196,-20.0,10.0,2.0,0.0,5.0,0.0,0.0,1/H,ROY-7
Jermaine Clark*,26.0,2TM,2LG,-0.6,25.0,57.0,48.0,2.0,8.0,2.0,0.0,0.0,7.0,2.0,2.0,6.0,5.0,0.167,0.25,0.208,0.458,19.0,0.203,1.0,10.0,1.0,0.0,1.0,2.0,0.0,7/4HD8,
Jermaine Clark*,26.0,TEX,AL,-0.5,24.0,54.0,46.0,2.0,8.0,2.0,0.0,0.0,6.0,2.0,1.0,6.0,4.0,0.174,0.264,0.217,0.482,24.0,0.224,9.0,10.0,1.0,0.0,1.0,1.0,0.0,7/4HD8,
Jermaine Clark*,26.0,SDP,NL,-0.1,1.0,3.0,2.0,0.0,0.0,0.0,0.0,0.0,1.0,0.0,1.0,0.0,1.0,0.0,0.0,0.0,0.0,-100.0,-0.169,-137.0,0.0,0.0,0.0,0.0,1.0,0.0,/7,
Jermaine Dye,29.0,OAK,AL,-1.8,65.0,253.0,221.0,28.0,38.0,6.0,0.0,4.0,20.0,1.0,0.0,25.0,42.0,0.172,0.261,0.253,0.514,38.0,0.247,36.0,56.0,11.0,3.0,0.0,4.0,2.0,9/8D7H,
Jerome Williams,21.0,SFG,NL,-0.3,18.0,43.0,37.0,1.0,4.0,1.0,0.0,0.0,1.0,0.0,0.0,0.0,19.0,0.108,0.108,0.135,0.243,-37.0,0.105,-99.0,5.0,0.0,0.0,6.0,0.0,0.0,1,
Jeromy Burnitz*,34.0,2TM,NL,1.1,126.0,505.0,464.0,63.0,111.0,22.0,0.0,31.0,77.0,5.0,4.0,35.0,112.0,0.239,0.299,0.487,0.786,105.0,0.335,99.0,226.0,5.0,5.0,0.0,1.0,9.0,*798/H,
Jeromy Burnitz*,34.0,NYM,NL,0.9,65.0,259.0,234.0,38.0,64.0,18.0,0.0,18.0,45.0,1.0,4.0,21.0,55.0,0.274,0.344,0.581,0.925,139.0,0.386,138.0,136.0,4.0,4.0,0.0,0.0,6.0,987,
Jeromy Burnitz*,34.0,LAD,NL,0.2,61.0,246.0,230.0,25.0,47.0,4.0,0.0,13.0,32.0,4.0,0.0,14.0,57.0,0.204,0.252,0.391,0.643,69.0,0.283,58.0,90.0,1.0,1.0,0.0,1.0,3.0,78/9H,
Jerry Hairston,27.0,BAL,AL,0.6,58.0,259.0,218.0,25.0,59.0,12.0,2.0,2.0,21.0,14.0,5.0,23.0,25.0,0.271,0.353,0.372,0.725,93.0,0.336,96.0,81.0,8.0,6.0,10.0,2.0,0.0,4/DH,
Jesse Foppert,22.0,SFG,NL,-0.2,21.0,38.0,37.0,3.0,3.0,1.0,1.0,0.0,1.0,0.0,0.0,0.0,19.0,0.081,0.105,0.162,0.267,-31.0,0.118,-62.0,6.0,1.0,1.0,0.0,0.0,0.0,1,
Jesse Garcia,29.0,ATL,NL,0.1,13.0,10.0,10.0,6.0,4.0,0.0,1.0,0.0,2.0,0.0,1.0,0.0,1.0,0.4,0.4,0.6,1.0,156.0,0.462,219.0,6.0,0.0,0.0,0.0,0.0,0.0,/H465,
Jesse Orosco,46.0,SDP,NL,0.0,40.0,0.0,0.0,0.0,0.0,0.0,0.0,0.0,0.0,0.0,0.0,0.0,0.0,,,,,,,,0.0,0.0,0.0,0.0,0.0,0.0,1,
Jesús Colomé,25.0,TBD,AL,0.0,6.0,0.0,0.0,0.0,0.0,0.0,0.0,0.0,0.0,0.0,0.0,0.0,0.0,,,,,,,,0.0,0.0,0.0,0.0,0.0,0.0,1,
Jesús Sánchez*,28.0,COL,NL,0.0,9.0,0.0,0.0,0.0,0.0,0.0,0.0,0.0,0.0,0.0,0.0,0.0,0.0,,,,,,,,0.0,0.0,0.0,0.0,0.0,0.0,/1,
Jhonny Peralta,21.0,CLE,AL,0.5,77.0,270.0,242.0,24.0,55.0,10.0,1.0,4.0,21.0,1.0,3.0,20.0,65.0,0.227,0.295,0.326,0.621,67.0,0.288,72.0,79.0,5.0,4.0,2.0,2.0,0.0,6/5H,
Jim Brower,30.0,SFG,NL,0.1,48.0,19.0,17.0,2.0,3.0,0.0,0.0,0.0,1.0,0.0,0.0,0.0,5.0,0.176,0.222,0.176,0.399,7.0,0.193,-14.0,3.0,0.0,1.0,1.0,0.0,0.0,1,
Jim Chamblee,28.0,CIN,NL,-0.1,2.0,2.0,2.0,0.0,0.0,0.0,0.0,0.0,0.0,0.0,0.0,0.0,2.0,0.0,0.0,0.0,0.0,-100.0,0.0,-143.0,0.0,0.0,0.0,0.0,0.0,0.0,/5H,
Jim Edmonds*,33.0,STL,NL,6.0,137.0,531.0,447.0,89.0,123.0,32.0,2.0,39.0,89.0,1.0,3.0,77.0,127.0,0.275,0.385,0.617,1.002,160.0,0.422,160.0,276.0,11.0,4.0,1.0,2.0,6.0,*8H/D7,"AS,MVP-27,GG"
Jim Mann,28.0,PIT,NL,0.0,2.0,0.0,0.0,0.0,0.0,0.0,0.0,0.0,0.0,0.0,0.0,0.0,0.0,,,,,,,,0.0,0.0,0.0,0.0,0.0,0.0,/1,
Jim Mecir#,33.0,OAK,AL,0.0,5.0,0.0,0.0,0.0,0.0,0.0,0.0,0.0,0.0,0.0,0.0,0.0,0.0,,,,,,,,0.0,0.0,0.0,0.0,0.0,0.0,1,
Jim Thome*,32.0,PHI,NL,4.7,159.0,698.0,578.0,111.0,154.0,30.0,3.0,47.0,131.0,0.0,3.0,111.0,182.0,0.266,0.385,0.573,0.958,154.0,0.408,155.0,331.0,5.0,4.0,0.0,5.0,11.0,*3/DH,MVP-4
Jimmy Anderson*,27.0,CIN,NL,0.0,8.0,13.0,9.0,1.0,1.0,0.0,0.0,0.0,0.0,0.0,0.0,2.0,4.0,0.111,0.273,0.111,0.384,8.0,0.212,-7.0,1.0,0.0,0.0,2.0,0.0,0.0,/1,
Jimmy Haynes,30.0,CIN,NL,0.2,17.0,30.0,23.0,2.0,6.0,1.0,0.0,0.0,3.0,0.0,0.0,0.0,4.0,0.261,0.261,0.304,0.565,50.0,0.253,20.0,7.0,0.0,0.0,7.0,0.0,0.0,1,
Jimmy Journell,25.0,STL,NL,0.0,6.0,0.0,0.0,0.0,0.0,0.0,0.0,0.0,0.0,0.0,0.0,0.0,0.0,,,,,,,,0.0,0.0,0.0,0.0,0.0,0.0,/1,
Jimmy Rollins#,24.0,PHI,NL,2.8,156.0,689.0,628.0,85.0,165.0,42.0,6.0,8.0,62.0,20.0,12.0,54.0,113.0,0.263,0.32,0.387,0.707,90.0,0.317,88.0,243.0,9.0,0.0,5.0,2.0,4.0,*6/H,
Joaquin Benoit,25.0,TEX,AL,0.0,1.0,2.0,2.0,0.0,0.0,0.0,0.0,0.0,0.0,0.0,0.0,0.0,0.0,0.0,0.0,0.0,0.0,-100.0,0.0,-144.0,0.0,0.0,0.0,0.0,0.0,0.0,1,
Jody Gerut*,25.0,CLE,AL,2.8,127.0,525.0,480.0,66.0,134.0,33.0,2.0,22.0,75.0,4.0,5.0,35.0,70.0,0.279,0.336,0.494,0.83,120.0,0.354,117.0,237.0,13.0,7.0,1.0,2.0,4.0,*978D/H,ROY-4
Joe Beimel*,26.0,PIT,NL,-0.1,67.0,5.0,5.0,0.0,0.0,0.0,0.0,0.0,0.0,0.0,0.0,0.0,2.0,0.0,0.0,0.0,0.0,-100.0,0.0,-150.0,0.0,0.0,0.0,0.0,0.0,0.0,1/H,
Joe Borchard#,24.0,CHW,AL,-0.2,16.0,57.0,49.0,5.0,9.0,1.0,0.0,1.0,5.0,0.0,1.0,5.0,18.0,0.184,0.246,0.265,0.511,34.0,0.237,33.0,13.0,0.0,0.0,0.0,3.0,0.0,8,
Joe Borowski,32.0,CHC,NL,0.0,64.0,0.0,0.0,0.0,0.0,0.0,0.0,0.0,0.0,0.0,0.0,0.0,0.0,,,,,,,,0.0,0.0,0.0,0.0,0.0,0.0,1,
Joe Crede,25.0,CHW,AL,2.3,151.0,580.0,536.0,68.0,140.0,31.0,2.0,19.0,75.0,1.0,1.0,32.0,75.0,0.261,0.308,0.433,0.741,92.0,0.321,85.0,232.0,11.0,6.0,2.0,4.0,1.0,*5/H,
Joe DePastino,29.0,NYM,NL,-0.1,2.0,2.0,2.0,0.0,0.0,0.0,0.0,0.0,0.0,0.0,0.0,0.0,1.0,0.0,0.0,0.0,0.0,-100.0,0.0,-148.0,0.0,0.0,0.0,0.0,0.0,0.0,/H2,
Joe Girardi,38.0,STL,NL,-0.4,16.0,26.0,23.0,1.0,3.0,0.0,0.0,0.0,1.0,0.0,0.0,3.0,4.0,0.13,0.231,0.13,0.361,-1.0,0.187,-10.0,3.0,2.0,0.0,0.0,0.0,0.0,2/H,
Joe Mays#,27.0,MIN,AL,0.1,2.0,5.0,3.0,0.0,1.0,0.0,0.0,0.0,0.0,0.0,0.0,1.0,1.0,0.333,0.5,0.333,0.833,127.0,0.406,157.0,1.0,0.0,0.0,1.0,0.0,0.0,1,
Joe McEwing,30.0,NYM,NL,0.2,119.0,313.0,278.0,31.0,67.0,11.0,0.0,1.0,16.0,3.0,0.0,25.0,57.0,0.241,0.309,0.291,0.601,61.0,0.277,51.0,81.0,6.0,3.0,6.0,1.0,4.0,46H7/3598,
Joe Nathan,28.0,SFG,NL,0.0,72.0,2.0,1.0,0.0,0.0,0.0,0.0,0.0,0.0,0.0,0.0,0.0,1.0,0.0,0.0,0.0,0.0,-100.0,0.0,-375.0,0.0,0.0,0.0,1.0,0.0,0.0,1,
Joe Randa,33.0,KCR,AL,3.0,131.0,566.0,502.0,80.0,146.0,31.0,1.0,16.0,72.0,1.0,0.0,41.0,61.0,0.291,0.348,0.452,0.8,104.0,0.367,113.0,227.0,12.0,7.0,9.0,7.0,0.0,*5/DH,
Joe Roa,31.0,3TM,NL,0.1,28.0,7.0,7.0,0.0,2.0,0.0,0.0,0.0,1.0,0.0,0.0,0.0,3.0,0.286,0.286,0.286,0.571,55.0,0.247,38.0,2.0,0.0,0.0,0.0,0.0,0.0,1,
Joe Roa,31.0,PHI,NL,0.0,6.0,4.0,4.0,0.0,1.0,0.0,0.0,0.0,1.0,0.0,0.0,0.0,2.0,0.25,0.25,0.25,0.5,36.0,0.228,23.0,1.0,0.0,0.0,0.0,0.0,0.0,/1,
Joe Roa,31.0,COL,NL,0.0,4.0,0.0,0.0,0.0,0.0,0.0,0.0,0.0,0.0,0.0,0.0,0.0,0.0,,,,,,,,0.0,0.0,0.0,0.0,0.0,0.0,/1,
Joe Roa,31.0,SDP,NL,0.0,18.0,3.0,3.0,0.0,1.0,0.0,0.0,0.0,0.0,0.0,0.0,0.0,1.0,0.333,0.333,0.333,0.667,82.0,0.272,57.0,1.0,0.0,0.0,0.0,0.0,0.0,1,
Joe Thurston*,23.0,LAD,NL,-0.2,12.0,11.0,10.0,2.0,2.0,0.0,0.0,0.0,0.0,0.0,0.0,1.0,1.0,0.2,0.273,0.2,0.473,30.0,0.23,23.0,2.0,0.0,0.0,0.0,0.0,0.0,H/4,
Joe Valentine,23.0,CIN,NL,0.0,2.0,0.0,0.0,0.0,0.0,0.0,0.0,0.0,0.0,0.0,0.0,0.0,0.0,,,,,,,,0.0,0.0,0.0,0.0,0.0,0.0,/1,
Joe Vitiello,33.0,MON,NL,0.8,38.0,86.0,76.0,12.0,26.0,6.0,0.0,3.0,13.0,0.0,0.0,7.0,14.0,0.342,0.407,0.539,0.946,140.0,0.445,167.0,41.0,1.0,2.0,0.0,1.0,0.0,73H/D,
Joel Piñeiro,24.0,SEA,AL,-0.1,2.0,5.0,4.0,1.0,0.0,0.0,0.0,0.0,0.0,0.0,0.0,0.0,3.0,0.0,0.0,0.0,0.0,-100.0,0.0,-192.0,0.0,0.0,0.0,1.0,0.0,0.0,1,
Joey Dawley,31.0,ATL,NL,0.0,5.0,1.0,1.0,0.0,0.0,0.0,0.0,0.0,0.0,0.0,0.0,0.0,1.0,0.0,0.0,0.0,0.0,-100.0,0.0,-142.0,0.0,0.0,0.0,0.0,0.0,0.0,/1,
Joey Eischen*,33.0,MON,NL,0.0,67.0,4.0,4.0,1.0,1.0,0.0,0.0,0.0,0.0,0.0,0.0,0.0,2.0,0.25,0.25,0.25,0.5,29.0,0.228,11.0,1.0,0.0,0.0,0.0,0.0,0.0,1/H,
Joey Hamilton,32.0,CIN,NL,0.0,3.0,3.0,3.0,0.0,0.0,0.0,0.0,0.0,0.0,0.0,0.0,0.0,3.0,0.0,0.0,0.0,0.0,-100.0,0.0,-143.0,0.0,0.0,0.0,0.0,0.0,0.0,/1,
Johan Santana*,24.0,MIN,AL,0.0,4.0,3.0,3.0,0.0,1.0,0.0,0.0,0.0,0.0,0.0,0.0,0.0,1.0,0.333,0.333,0.333,0.667,77.0,0.272,51.0,1.0,0.0,0.0,0.0,0.0,0.0,1,CYA-7
John Bale*,29.0,CIN,NL,-0.1,10.0,17.0,17.0,0.0,2.0,0.0,0.0,0.0,0.0,0.0,0.0,0.0,8.0,0.118,0.118,0.118,0.235,-37.0,0.107,-66.0,2.0,0.0,0.0,0.0,0.0,0.0,1,
John Burkett,38.0,BOS,AL,0.0,1.0,2.0,1.0,0.0,0.0,0.0,0.0,0.0,0.0,0.0,0.0,0.0,0.0,0.0,0.0,0.0,0.0,-100.0,0.0,-400.0,0.0,0.0,0.0,1.0,0.0,0.0,1,
John Flaherty,35.0,NYY,AL,0.6,40.0,116.0,105.0,16.0,28.0,8.0,0.0,4.0,14.0,0.0,0.0,4.0,19.0,0.267,0.297,0.457,0.754,97.0,0.349,109.0,48.0,6.0,1.0,5.0,1.0,1.0,2/H,
John Foster*,25.0,MIL,NL,0.0,23.0,0.0,0.0,0.0,0.0,0.0,0.0,0.0,0.0,0.0,0.0,0.0,0.0,,,,,,,,0.0,0.0,0.0,0.0,0.0,0.0,1,
John Franco*,42.0,NYM,NL,0.0,34.0,0.0,0.0,0.0,0.0,0.0,0.0,0.0,0.0,0.0,0.0,0.0,0.0,,,,,,,,0.0,0.0,0.0,0.0,0.0,0.0,1,
John Grabow*,24.0,PIT,NL,0.0,5.0,0.0,0.0,0.0,0.0,0.0,0.0,0.0,0.0,0.0,0.0,0.0,0.0,,,,,,,,0.0,0.0,0.0,0.0,0.0,0.0,/1,
John Halama*,31.0,OAK,AL,0.0,2.0,0.0,0.0,0.0,0.0,0.0,0.0,0.0,0.0,0.0,0.0,0.0,0.0,,,,,,,,0.0,0.0,0.0,0.0,0.0,0.0,1,
John Lackey,24.0,ANA,AL,0.0,2.0,3.0,3.0,0.0,0.0,0.0,0.0,0.0,0.0,0.0,0.0,0.0,2.0,0.0,0.0,0.0,0.0,-100.0,0.0,-135.0,0.0,0.0,0.0,0.0,0.0,0.0,1,
John Mabry*,32.0,SEA,AL,0.0,64.0,122.0,104.0,12.0,22.0,6.0,0.0,3.0,16.0,0.0,0.0,15.0,21.0,0.212,0.328,0.356,0.684,85.0,0.304,80.0,37.0,3.0,3.0,0.0,0.0,2.0,H9D/37,
John McDonald,28.0,CLE,AL,-0.3,82.0,233.0,214.0,21.0,46.0,9.0,1.0,1.0,14.0,3.0,3.0,11.0,31.0,0.215,0.258,0.28,0.538,45.0,0.261,51.0,60.0,4.0,2.0,4.0,2.0,0.0,465/H,
John Olerud*,34.0,SEA,AL,2.7,152.0,634.0,539.0,64.0,145.0,35.0,0.0,10.0,83.0,0.0,1.0,84.0,67.0,0.269,0.372,0.39,0.761,107.0,0.342,108.0,210.0,20.0,6.0,2.0,3.0,7.0,*3/H,GG
John Patterson,25.0,ARI,NL,0.1,15.0,13.0,13.0,1.0,1.0,0.0,0.0,0.0,1.0,0.0,0.0,0.0,4.0,0.077,0.077,0.077,0.154,-61.0,0.211,-5.0,1.0,0.0,0.0,0.0,0.0,0.0,1,
John Riedling,27.0,CIN,NL,0.0,54.0,19.0,18.0,2.0,4.0,0.0,0.0,0.0,2.0,0.0,0.0,0.0,10.0,0.222,0.222,0.222,0.444,19.0,0.202,-2.0,4.0,0.0,0.0,1.0,0.0,0.0,1,
John Smoltz,36.0,ATL,NL,0.0,58.0,1.0,1.0,0.0,0.0,0.0,0.0,0.0,0.0,0.0,0.0,0.0,0.0,0.0,0.0,0.0,0.0,-100.0,0.0,-142.0,0.0,0.0,0.0,0.0,0.0,0.0,1,"AS,MVP-18"
John Thomson,29.0,TEX,AL,0.0,1.0,1.0,1.0,0.0,0.0,0.0,0.0,0.0,0.0,0.0,0.0,0.0,0.0,0.0,0.0,0.0,0.0,-100.0,0.0,-150.0,0.0,0.0,0.0,0.0,0.0,0.0,1,
John Vander Wal*,37.0,MIL,NL,0.9,117.0,374.0,327.0,50.0,84.0,25.0,1.0,14.0,45.0,1.0,2.0,46.0,104.0,0.257,0.35,0.468,0.818,113.0,0.357,112.0,153.0,5.0,1.0,0.0,0.0,3.0,9H/7,
Johnny Damon*,29.0,BOS,AL,3.4,145.0,690.0,608.0,103.0,166.0,32.0,6.0,12.0,67.0,30.0,6.0,68.0,74.0,0.273,0.345,0.405,0.75,94.0,0.347,97.0,246.0,5.0,2.0,6.0,6.0,4.0,*8/HD,
Johnny Estrada#,27.0,ATL,NL,0.0,16.0,39.0,36.0,2.0,11.0,0.0,0.0,0.0,2.0,0.0,0.0,0.0,3.0,0.306,0.359,0.306,0.665,76.0,0.335,92.0,11.0,1.0,3.0,0.0,0.0,0.0,2/H,
Jolbert Cabrera,30.0,LAD,NL,0.3,128.0,380.0,347.0,43.0,98.0,32.0,2.0,6.0,37.0,6.0,4.0,17.0,62.0,0.282,0.332,0.438,0.77,104.0,0.339,103.0,152.0,10.0,10.0,3.0,3.0,3.0,487H/6359,
Jon Garland,23.0,CHW,AL,0.0,2.0,4.0,2.0,0.0,0.0,0.0,0.0,0.0,0.0,0.0,0.0,1.0,0.0,0.0,0.333,0.0,0.333,-1.0,0.238,3.0,0.0,0.0,0.0,1.0,0.0,0.0,1,
Jonathan Johnson,28.0,HOU,NL,-0.1,3.0,4.0,4.0,0.0,0.0,0.0,0.0,0.0,0.0,0.0,0.0,0.0,2.0,0.0,0.0,0.0,0.0,-100.0,0.0,-149.0,0.0,0.0,0.0,0.0,0.0,0.0,/1,
Jonny Gomes,22.0,TBD,AL,-0.1,8.0,16.0,15.0,1.0,2.0,1.0,0.0,0.0,0.0,0.0,0.0,0.0,6.0,0.133,0.188,0.2,0.388,5.0,0.238,35.0,3.0,0.0,1.0,0.0,0.0,0.0,/DH,
Jorge Julio,24.0,BAL,AL,0.0,3.0,0.0,0.0,0.0,0.0,0.0,0.0,0.0,0.0,0.0,0.0,0.0,0.0,,,,,,,,0.0,0.0,0.0,0.0,0.0,0.0,1,
Jorge Posada#,32.0,NYY,AL,5.9,142.0,588.0,481.0,83.0,135.0,24.0,0.0,30.0,101.0,2.0,4.0,93.0,110.0,0.281,0.405,0.518,0.922,144.0,0.406,151.0,249.0,13.0,10.0,0.0,4.0,6.0,*2/HD,"AS,MVP-3,SS"
Jorge Velandia,28.0,NYM,NL,0.2,23.0,72.0,58.0,6.0,11.0,3.0,1.0,0.0,8.0,0.0,0.0,10.0,15.0,0.19,0.304,0.276,0.58,55.0,0.263,41.0,16.0,1.0,0.0,3.0,1.0,1.0,6/H,
Josh Bard#,25.0,CLE,AL,0.6,91.0,330.0,303.0,25.0,74.0,13.0,1.0,8.0,36.0,0.0,2.0,22.0,53.0,0.244,0.293,0.373,0.666,78.0,0.29,72.0,113.0,9.0,0.0,1.0,3.0,1.0,2/HD,
Josh Beckett,23.0,FLA,NL,0.0,24.0,52.0,46.0,3.0,7.0,2.0,0.0,0.0,3.0,0.0,0.0,1.0,14.0,0.152,0.17,0.196,0.366,-4.0,0.183,-27.0,9.0,1.0,0.0,5.0,0.0,0.0,1,
Josh Fogg,26.0,PIT,NL,0.1,25.0,51.0,42.0,4.0,8.0,0.0,0.0,0.0,1.0,1.0,0.0,2.0,15.0,0.19,0.227,0.19,0.418,10.0,0.199,-28.0,8.0,0.0,0.0,7.0,0.0,0.0,1,
Josh Hall,22.0,CIN,NL,0.0,6.0,7.0,6.0,2.0,1.0,0.0,0.0,0.0,0.0,0.0,0.0,0.0,2.0,0.167,0.167,0.167,0.333,-10.0,0.152,-56.0,1.0,0.0,0.0,1.0,0.0,0.0,/1,
Josh Hancock,25.0,PHI,NL,0.0,2.0,0.0,0.0,0.0,0.0,0.0,0.0,0.0,0.0,0.0,0.0,0.0,0.0,,,,,,,,0.0,0.0,0.0,0.0,0.0,0.0,/1,
Josh Paul,28.0,2TM,2LG,0.1,16.0,27.0,23.0,6.0,6.0,0.0,0.0,0.0,4.0,0.0,0.0,3.0,6.0,0.261,0.346,0.261,0.607,63.0,0.288,54.0,6.0,0.0,0.0,1.0,0.0,0.0,2/HD,
Josh Paul,28.0,CHW,AL,0.3,13.0,20.0,17.0,6.0,6.0,0.0,0.0,0.0,4.0,0.0,0.0,3.0,3.0,0.353,0.45,0.353,0.803,115.0,0.375,123.0,6.0,0.0,0.0,0.0,0.0,0.0,2/HD,
Josh Paul,28.0,CHC,NL,-0.2,3.0,7.0,6.0,0.0,0.0,0.0,0.0,0.0,0.0,0.0,0.0,0.0,3.0,0.0,0.0,0.0,0.0,-100.0,0.0,-190.0,0.0,0.0,0.0,1.0,0.0,0.0,/2,
Josh Pearce,25.0,STL,NL,0.0,7.0,0.0,0.0,0.0,0.0,0.0,0.0,0.0,0.0,0.0,0.0,0.0,0.0,,,,,,,,0.0,0.0,0.0,0.0,0.0,0.0,/1,
Josh Phelps,25.0,TOR,AL,1.2,119.0,453.0,396.0,57.0,106.0,18.0,1.0,20.0,66.0,1.0,2.0,39.0,115.0,0.268,0.358,0.47,0.827,113.0,0.366,116.0,186.0,12.0,17.0,0.0,1.0,3.0,DH/3,
Josh Towers,26.0,TOR,AL,0.0,1.0,1.0,1.0,0.0,0.0,0.0,0.0,0.0,0.0,0.0,0.0,0.0,0.0,0.0,0.0,0.0,0.0,-100.0,0.0,-150.0,0.0,0.0,0.0,0.0,0.0,0.0,1,
José Acevedo,25.0,CIN,NL,-0.1,5.0,11.0,9.0,0.0,0.0,0.0,0.0,0.0,0.0,0.0,0.0,0.0,5.0,0.0,0.0,0.0,0.0,-100.0,0.101,-107.0,0.0,1.0,0.0,2.0,0.0,0.0,/1,
José Contreras,31.0,NYY,AL,0.0,1.0,3.0,3.0,0.0,0.0,0.0,0.0,0.0,0.0,0.0,0.0,0.0,2.0,0.0,0.0,0.0,0.0,-100.0,0.0,-135.0,0.0,0.0,0.0,0.0,0.0,0.0,1,
José Cruz#,29.0,SFG,NL,3.1,158.0,650.0,539.0,90.0,135.0,26.0,1.0,20.0,68.0,5.0,8.0,102.0,121.0,0.25,0.366,0.414,0.779,104.0,0.351,108.0,223.0,14.0,0.0,2.0,7.0,6.0,*9/8H,GG
José Guillén,27.0,2TM,2LG,4.9,136.0,535.0,485.0,77.0,151.0,28.0,2.0,31.0,86.0,1.0,3.0,24.0,95.0,0.311,0.359,0.569,0.928,142.0,0.401,147.0,276.0,16.0,14.0,8.0,3.0,2.0,*97H/8D,
José Guillén,27.0,CIN,NL,4.7,91.0,349.0,315.0,52.0,106.0,21.0,1.0,23.0,63.0,1.0,3.0,17.0,63.0,0.337,0.385,0.629,1.013,165.0,0.441,178.0,198.0,8.0,9.0,6.0,2.0,1.0,97H/8,
José Guillén,27.0,OAK,AL,0.2,45.0,186.0,170.0,25.0,45.0,7.0,1.0,8.0,23.0,0.0,0.0,7.0,32.0,0.265,0.311,0.459,0.77,101.0,0.328,93.0,78.0,8.0,5.0,2.0,1.0,1.0,97/8HD,
José Hernández,33.0,3TM,NL,-1.6,150.0,571.0,519.0,58.0,117.0,18.0,3.0,13.0,57.0,2.0,1.0,46.0,177.0,0.225,0.287,0.347,0.634,60.0,0.288,52.0,180.0,16.0,1.0,0.0,5.0,0.0,56/H834,
José Hernández,33.0,COL,NL,-1.0,69.0,286.0,257.0,33.0,61.0,6.0,1.0,8.0,27.0,1.0,1.0,27.0,95.0,0.237,0.308,0.362,0.67,65.0,0.299,55.0,93.0,6.0,0.0,0.0,2.0,0.0,6/3H,
José Hernández,33.0,CHC,NL,-0.2,23.0,72.0,69.0,6.0,13.0,3.0,1.0,2.0,9.0,0.0,0.0,3.0,26.0,0.188,0.222,0.348,0.57,45.0,0.261,38.0,24.0,1.0,0.0,0.0,0.0,0.0,5/6H84,
José Hernández,33.0,PIT,NL,-0.4,58.0,213.0,193.0,19.0,43.0,9.0,1.0,3.0,21.0,1.0,0.0,16.0,56.0,0.223,0.282,0.326,0.608,57.0,0.282,52.0,63.0,9.0,1.0,0.0,3.0,0.0,5/H,
José Jiménez,29.0,COL,NL,-0.1,62.0,19.0,17.0,3.0,3.0,0.0,0.0,0.0,0.0,0.0,0.0,0.0,10.0,0.176,0.176,0.176,0.353,-12.0,0.161,-63.0,3.0,0.0,0.0,2.0,0.0,0.0,1,
José León,26.0,BAL,AL,-0.3,21.0,59.0,54.0,6.0,13.0,1.0,0.0,0.0,0.0,0.0,0.0,3.0,18.0,0.241,0.305,0.259,0.564,52.0,0.278,58.0,14.0,1.0,2.0,0.0,0.0,0.0,5/3HD,
José Lima,30.0,KCR,AL,0.1,1.0,3.0,2.0,1.0,1.0,0.0,0.0,0.0,0.0,0.0,0.0,0.0,0.0,0.5,0.5,0.5,1.0,159.0,0.408,160.0,1.0,0.0,0.0,1.0,0.0,0.0,1,
José Macías#,31.0,MON,NL,-2.0,111.0,288.0,272.0,31.0,65.0,15.0,2.0,4.0,22.0,4.0,3.0,11.0,45.0,0.239,0.273,0.353,0.626,59.0,0.285,53.0,96.0,5.0,2.0,2.0,1.0,1.0,7H58/94D,
José Mercedes,32.0,MON,NL,0.0,5.0,0.0,0.0,0.0,0.0,0.0,0.0,0.0,0.0,0.0,0.0,0.0,0.0,,,,,,,,0.0,0.0,0.0,0.0,0.0,0.0,/1,
José Mesa,37.0,PHI,NL,0.0,57.0,0.0,0.0,0.0,0.0,0.0,0.0,0.0,0.0,0.0,0.0,0.0,0.0,,,,,,,,0.0,0.0,0.0,0.0,0.0,0.0,1,
José Molina,28.0,ANA,AL,-0.7,53.0,123.0,114.0,12.0,21.0,4.0,0.0,0.0,6.0,0.0,0.0,1.0,26.0,0.184,0.21,0.219,0.429,15.0,0.195,-2.0,25.0,1.0,3.0,4.0,1.0,0.0,2/H,
José Morban#,23.0,BAL,AL,-0.5,61.0,77.0,71.0,14.0,10.0,0.0,0.0,2.0,5.0,8.0,0.0,3.0,21.0,0.141,0.187,0.225,0.412,9.0,0.236,9.0,16.0,0.0,1.0,2.0,0.0,0.0,H6D4/5,
José Reyes#,20.0,NYM,NL,2.3,69.0,292.0,274.0,47.0,84.0,12.0,4.0,5.0,32.0,13.0,3.0,13.0,36.0,0.307,0.334,0.434,0.769,102.0,0.35,103.0,119.0,1.0,0.0,2.0,3.0,0.0,6,ROY-8
José Santiago,28.0,CLE,AL,0.0,1.0,0.0,0.0,0.0,0.0,0.0,0.0,0.0,0.0,0.0,0.0,0.0,0.0,,,,,,,,0.0,0.0,0.0,0.0,0.0,0.0,1,
José Valentín#,33.0,CHW,AL,4.0,144.0,569.0,503.0,79.0,119.0,26.0,2.0,28.0,74.0,8.0,3.0,54.0,114.0,0.237,0.313,0.463,0.776,100.0,0.341,99.0,233.0,6.0,3.0,7.0,2.0,4.0,*6/H,
José Valverde,25.0,ARI,NL,0.1,50.0,1.0,1.0,1.0,1.0,1.0,0.0,0.0,0.0,0.0,0.0,0.0,0.0,1.0,1.0,2.0,3.0,633.0,1.254,725.0,2.0,0.0,0.0,0.0,0.0,0.0,1,
José Vidro#,28.0,MON,NL,4.0,144.0,592.0,509.0,77.0,158.0,36.0,0.0,15.0,65.0,3.0,2.0,69.0,50.0,0.31,0.397,0.47,0.866,121.0,0.394,131.0,239.0,16.0,7.0,2.0,5.0,6.0,*4/H,"AS,SS"
José Vizcaíno#,35.0,HOU,NL,-0.5,91.0,203.0,189.0,14.0,47.0,7.0,3.0,3.0,26.0,0.0,1.0,8.0,22.0,0.249,0.281,0.365,0.646,65.0,0.28,50.0,69.0,5.0,1.0,4.0,1.0,3.0,H64/53,
Josías Manzanillo,35.0,CIN,NL,0.0,9.0,0.0,0.0,0.0,0.0,0.0,0.0,0.0,0.0,0.0,0.0,0.0,0.0,,,,,,,,0.0,0.0,0.0,0.0,0.0,0.0,/1,
Juan Acevedo,33.0,NYY,AL,0.0,2.0,0.0,0.0,0.0,0.0,0.0,0.0,0.0,0.0,0.0,0.0,0.0,0.0,,,,,,,,0.0,0.0,0.0,0.0,0.0,0.0,1,
Juan Alvarez*,29.0,FLA,NL,0.0,9.0,0.0,0.0,0.0,0.0,0.0,0.0,0.0,0.0,0.0,0.0,0.0,0.0,,,,,,,,0.0,0.0,0.0,0.0,0.0,0.0,/1,
Juan Castro,31.0,CIN,NL,1.7,113.0,348.0,320.0,28.0,81.0,14.0,1.0,9.0,33.0,2.0,3.0,18.0,58.0,0.253,0.29,0.388,0.678,79.0,0.304,78.0,124.0,7.0,0.0,7.0,3.0,1.0,456H/3,
Juan Cerros,26.0,CIN,NL,0.0,11.0,0.0,0.0,0.0,0.0,0.0,0.0,0.0,0.0,0.0,0.0,0.0,0.0,,,,,,,,0.0,0.0,0.0,0.0,0.0,0.0,1,
Juan Cruz,24.0,CHC,NL,0.1,24.0,13.0,12.0,1.0,3.0,0.0,1.0,0.0,1.0,0.0,0.0,0.0,5.0,0.25,0.25,0.417,0.667,69.0,0.267,39.0,5.0,0.0,0.0,1.0,0.0,0.0,1,
Juan Encarnación,27.0,FLA,NL,0.1,156.0,653.0,601.0,80.0,162.0,37.0,6.0,19.0,94.0,19.0,8.0,37.0,82.0,0.27,0.313,0.446,0.759,97.0,0.342,99.0,268.0,17.0,4.0,5.0,6.0,0.0,*9/H,
Juan González,33.0,TEX,AL,1.4,82.0,346.0,327.0,49.0,96.0,17.0,1.0,24.0,70.0,1.0,1.0,14.0,73.0,0.294,0.329,0.572,0.901,122.0,0.387,124.0,187.0,10.0,4.0,0.0,1.0,1.0,9D/H,
Juan Pierre*,25.0,FLA,NL,3.5,162.0,747.0,668.0,100.0,204.0,28.0,7.0,1.0,41.0,65.0,20.0,55.0,35.0,0.305,0.361,0.373,0.734,94.0,0.347,98.0,249.0,9.0,5.0,15.0,3.0,1.0,*8/H,MVP-10
Juan Rincón,24.0,MIN,AL,0.0,4.0,0.0,0.0,0.0,0.0,0.0,0.0,0.0,0.0,0.0,0.0,0.0,0.0,,,,,,,,0.0,0.0,0.0,0.0,0.0,0.0,1,
Juan Rivera,24.0,NYY,AL,0.7,57.0,185.0,173.0,22.0,46.0,14.0,0.0,7.0,26.0,0.0,0.0,10.0,27.0,0.266,0.304,0.468,0.773,102.0,0.338,101.0,81.0,8.0,0.0,1.0,1.0,1.0,79/H,
Juan Uribe,24.0,COL,NL,1.2,87.0,343.0,316.0,45.0,80.0,19.0,3.0,10.0,33.0,7.0,2.0,17.0,60.0,0.253,0.297,0.427,0.724,76.0,0.328,73.0,135.0,3.0,3.0,6.0,1.0,0.0,64/H8,
Julio Franco,44.0,ATL,NL,0.3,103.0,223.0,197.0,28.0,58.0,12.0,2.0,5.0,31.0,0.0,1.0,25.0,43.0,0.294,0.372,0.452,0.824,113.0,0.368,117.0,89.0,8.0,0.0,0.0,1.0,5.0,3H,
Julio Lugo,27.0,2TM,2LG,3.0,139.0,556.0,498.0,64.0,135.0,16.0,4.0,15.0,55.0,12.0,4.0,44.0,100.0,0.271,0.333,0.41,0.743,98.0,0.339,102.0,204.0,7.0,4.0,7.0,3.0,1.0,*6,
Julio Lugo,27.0,HOU,NL,-0.5,22.0,74.0,65.0,6.0,16.0,3.0,0.0,0.0,2.0,2.0,1.0,9.0,12.0,0.246,0.338,0.292,0.63,65.0,0.31,72.0,19.0,2.0,0.0,0.0,0.0,1.0,6,
Julio Lugo,27.0,TBD,AL,3.5,117.0,482.0,433.0,58.0,119.0,13.0,4.0,15.0,53.0,10.0,3.0,35.0,88.0,0.275,0.333,0.427,0.76,104.0,0.343,107.0,185.0,5.0,4.0,7.0,3.0,0.0,*6,
Julio Mateo,25.0,SEA,AL,0.0,1.0,0.0,0.0,0.0,0.0,0.0,0.0,0.0,0.0,0.0,0.0,0.0,0.0,,,,,,,,0.0,0.0,0.0,0.0,0.0,0.0,1,
Julio Mañón*,30.0,MON,NL,0.0,19.0,1.0,1.0,0.0,0.0,0.0,0.0,0.0,0.0,0.0,0.0,0.0,1.0,0.0,0.0,0.0,0.0,-100.0,0.0,-142.0,0.0,0.0,0.0,0.0,0.0,0.0,1,
Julio Ramírez,25.0,ANA,AL,0.0,6.0,3.0,2.0,1.0,0.0,0.0,0.0,0.0,0.0,0.0,0.0,0.0,0.0,0.0,0.0,0.0,0.0,-100.0,0.0,-248.0,0.0,0.0,0.0,1.0,0.0,0.0,/89HD,
Julius Matos,28.0,KCR,AL,0.0,28.0,59.0,57.0,7.0,15.0,1.0,0.0,2.0,7.0,1.0,0.0,1.0,12.0,0.263,0.276,0.386,0.662,68.0,0.309,69.0,22.0,2.0,0.0,1.0,0.0,0.0,54/H69D,
Julián Tavárez*,30.0,PIT,NL,0.0,63.0,5.0,4.0,0.0,0.0,0.0,0.0,0.0,0.0,0.0,0.0,1.0,2.0,0.0,0.2,0.0,0.2,-42.0,0.142,-48.0,0.0,0.0,0.0,0.0,0.0,0.0,1,
Jung Bong*,22.0,ATL,NL,0.0,42.0,7.0,5.0,0.0,0.0,0.0,0.0,0.0,0.0,0.0,0.0,1.0,2.0,0.0,0.167,0.0,0.167,-51.0,0.118,-91.0,0.0,0.0,0.0,1.0,0.0,0.0,1/H,
Junior Spivey,28.0,ARI,NL,0.7,106.0,408.0,365.0,52.0,93.0,22.0,2.0,13.0,50.0,4.0,3.0,33.0,95.0,0.255,0.326,0.433,0.759,90.0,0.336,87.0,158.0,7.0,7.0,0.0,3.0,1.0,4H/8,
Justin Morneau*,22.0,MIN,AL,-0.4,40.0,115.0,106.0,14.0,24.0,4.0,0.0,4.0,16.0,0.0,0.0,9.0,30.0,0.226,0.287,0.377,0.664,73.0,0.297,69.0,40.0,4.0,0.0,0.0,0.0,1.0,DH/3,
Justin Speier,29.0,COL,NL,0.0,70.0,1.0,1.0,0.0,0.0,0.0,0.0,0.0,0.0,0.0,0.0,0.0,0.0,0.0,0.0,0.0,0.0,-100.0,0.0,-150.0,0.0,0.0,0.0,0.0,0.0,0.0,1,
Justin Wayne,24.0,FLA,NL,0.0,2.0,2.0,2.0,0.0,0.0,0.0,0.0,0.0,0.0,0.0,0.0,0.0,1.0,0.0,0.0,0.0,0.0,-100.0,0.0,-148.0,0.0,0.0,0.0,0.0,0.0,0.0,/1,
Karim García*,27.0,2TM,AL,-0.2,76.0,262.0,244.0,25.0,64.0,6.0,0.0,11.0,35.0,0.0,2.0,14.0,52.0,0.262,0.302,0.422,0.724,91.0,0.316,89.0,103.0,8.0,1.0,0.0,3.0,2.0,978/HD,
Karim García*,27.0,CLE,AL,-0.6,24.0,101.0,93.0,8.0,18.0,1.0,0.0,5.0,14.0,0.0,0.0,5.0,20.0,0.194,0.238,0.366,0.603,59.0,0.263,50.0,34.0,4.0,1.0,0.0,2.0,1.0,9/8D,
Karim García*,27.0,NYY,AL,0.4,52.0,161.0,151.0,17.0,46.0,5.0,0.0,6.0,21.0,0.0,2.0,9.0,32.0,0.305,0.342,0.457,0.799,111.0,0.349,113.0,69.0,4.0,0.0,0.0,1.0,1.0,97/H8D,
Kazuhiro Sasaki,35.0,SEA,AL,0.0,2.0,0.0,0.0,0.0,0.0,0.0,0.0,0.0,0.0,0.0,0.0,0.0,0.0,,,,,,,,0.0,0.0,0.0,0.0,0.0,0.0,1,
Kazuhisa Ishii*,29.0,LAD,NL,-0.5,25.0,43.0,34.0,1.0,1.0,0.0,1.0,0.0,0.0,0.0,0.0,0.0,16.0,0.029,0.029,0.088,0.118,-70.0,0.046,-163.0,3.0,1.0,0.0,9.0,0.0,0.0,1,
Keith Foulke,30.0,OAK,AL,0.0,4.0,0.0,0.0,0.0,0.0,0.0,0.0,0.0,0.0,0.0,0.0,0.0,0.0,,,,,,,,0.0,0.0,0.0,0.0,0.0,0.0,1,"AS,CYA-7,MVP-15"
Keith Ginter,27.0,MIL,NL,0.4,127.0,415.0,358.0,51.0,92.0,15.0,2.0,14.0,44.0,1.0,1.0,37.0,87.0,0.257,0.352,0.427,0.779,104.0,0.358,112.0,153.0,8.0,17.0,0.0,3.0,1.0,45H/67,
Keith Lockhart*,38.0,SDP,NL,-0.1,62.0,111.0,95.0,18.0,23.0,5.0,1.0,3.0,8.0,0.0,1.0,13.0,19.0,0.242,0.339,0.411,0.75,103.0,0.329,102.0,39.0,2.0,1.0,2.0,0.0,0.0,H4/5,
Keith Osik,34.0,MIL,NL,1.0,80.0,275.0,241.0,22.0,60.0,12.0,0.0,2.0,21.0,0.0,1.0,31.0,44.0,0.249,0.342,0.324,0.665,77.0,0.32,85.0,78.0,7.0,3.0,0.0,0.0,0.0,2/H,
Kelly Stinnett,33.0,2TM,NL,-0.4,67.0,207.0,186.0,14.0,44.0,13.0,0.0,3.0,19.0,0.0,0.0,14.0,52.0,0.237,0.302,0.355,0.657,75.0,0.288,64.0,66.0,3.0,4.0,2.0,1.0,3.0,2H,
Kelly Stinnett,33.0,CIN,NL,-0.5,60.0,199.0,179.0,14.0,41.0,13.0,0.0,3.0,19.0,0.0,0.0,13.0,51.0,0.229,0.294,0.352,0.646,72.0,0.282,59.0,63.0,3.0,4.0,2.0,1.0,3.0,2H,
Kelly Stinnett,33.0,PHI,NL,0.1,7.0,8.0,7.0,0.0,3.0,0.0,0.0,0.0,0.0,0.0,0.0,1.0,1.0,0.429,0.5,0.429,0.929,154.0,0.43,169.0,3.0,0.0,0.0,0.0,0.0,0.0,/H2,
Kelly Wunsch*,30.0,CHW,AL,0.0,1.0,0.0,0.0,0.0,0.0,0.0,0.0,0.0,0.0,0.0,0.0,0.0,0.0,,,,,,,,0.0,0.0,0.0,0.0,0.0,0.0,1,
Kelvim Escobar,27.0,TOR,AL,0.0,2.0,6.0,6.0,1.0,1.0,0.0,0.0,0.0,1.0,0.0,0.0,0.0,3.0,0.167,0.167,0.167,0.333,-13.0,0.151,-35.0,1.0,0.0,0.0,0.0,0.0,0.0,1,
Ken Griffey Jr.*,33.0,CIN,NL,1.2,53.0,201.0,166.0,34.0,41.0,12.0,1.0,13.0,26.0,1.0,0.0,27.0,44.0,0.247,0.37,0.566,0.936,145.0,0.397,143.0,94.0,3.0,6.0,1.0,1.0,5.0,8/HD,
Ken Harvey,25.0,KCR,AL,0.4,135.0,524.0,485.0,50.0,129.0,30.0,0.0,13.0,64.0,2.0,3.0,29.0,94.0,0.266,0.313,0.408,0.721,84.0,0.329,88.0,198.0,15.0,5.0,3.0,2.0,4.0,3D/H,
Ken Huckaby,32.0,TOR,AL,-0.1,5.0,11.0,11.0,1.0,2.0,1.0,0.0,0.0,2.0,0.0,0.0,0.0,2.0,0.182,0.182,0.273,0.455,16.0,0.196,-4.0,3.0,0.0,0.0,0.0,0.0,0.0,/2H,
Kenny Lofton*,36.0,2TM,NL,3.5,140.0,610.0,547.0,97.0,162.0,32.0,8.0,12.0,46.0,30.0,9.0,46.0,51.0,0.296,0.352,0.45,0.801,106.0,0.37,114.0,246.0,6.0,4.0,7.0,6.0,3.0,*8/H,
Kenny Lofton*,36.0,PIT,NL,1.7,84.0,374.0,339.0,58.0,94.0,19.0,4.0,9.0,26.0,18.0,5.0,28.0,29.0,0.277,0.333,0.437,0.77,98.0,0.361,106.0,148.0,2.0,2.0,2.0,3.0,1.0,8/H,
Kenny Lofton*,36.0,CHC,NL,1.8,56.0,236.0,208.0,39.0,68.0,13.0,4.0,3.0,20.0,12.0,4.0,18.0,22.0,0.327,0.381,0.471,0.852,120.0,0.385,125.0,98.0,4.0,2.0,5.0,3.0,2.0,8/H,
Kenny Rogers*,38.0,MIN,AL,0.0,2.0,5.0,4.0,1.0,0.0,0.0,0.0,0.0,0.0,0.0,0.0,1.0,1.0,0.0,0.2,0.0,0.2,-40.0,0.143,-37.0,0.0,0.0,0.0,0.0,0.0,0.0,1,
Kent Mercker*,35.0,2TM,NL,0.0,66.0,1.0,1.0,0.0,0.0,0.0,0.0,0.0,0.0,0.0,0.0,0.0,1.0,0.0,0.0,0.0,0.0,-100.0,0.0,-142.0,0.0,0.0,0.0,0.0,0.0,0.0,1,
Kent Mercker*,35.0,CIN,NL,0.0,48.0,0.0,0.0,0.0,0.0,0.0,0.0,0.0,0.0,0.0,0.0,0.0,0.0,,,,,,,,0.0,0.0,0.0,0.0,0.0,0.0,1,
Kent Mercker*,35.0,ATL,NL,0.0,18.0,1.0,1.0,0.0,0.0,0.0,0.0,0.0,0.0,0.0,0.0,0.0,1.0,0.0,0.0,0.0,0.0,-100.0,0.0,-142.0,0.0,0.0,0.0,0.0,0.0,0.0,1,
Kerry Ligtenberg,32.0,BAL,AL,0.0,3.0,0.0,0.0,0.0,0.0,0.0,0.0,0.0,0.0,0.0,0.0,0.0,0.0,,,,,,,,0.0,0.0,0.0,0.0,0.0,0.0,1,
Kerry Robinson*,29.0,STL,NL,-0.9,116.0,221.0,208.0,19.0,52.0,6.0,3.0,1.0,16.0,6.0,1.0,8.0,27.0,0.25,0.281,0.322,0.603,59.0,0.272,46.0,67.0,3.0,1.0,4.0,0.0,3.0,H978,
Kerry Wood,26.0,CHC,NL,0.2,30.0,70.0,61.0,4.0,10.0,1.0,0.0,2.0,6.0,0.0,0.0,1.0,26.0,0.164,0.177,0.279,0.456,16.0,0.213,-9.0,17.0,1.0,0.0,8.0,0.0,0.0,1,AS
Kevin Appier,35.0,ANA,AL,-0.1,2.0,5.0,5.0,0.0,0.0,0.0,0.0,0.0,0.0,0.0,0.0,0.0,4.0,0.0,0.0,0.0,0.0,-100.0,0.0,-134.0,0.0,0.0,0.0,0.0,0.0,0.0,1,
Kevin Brown,38.0,LAD,NL,0.0,30.0,70.0,63.0,4.0,10.0,3.0,0.0,0.0,2.0,0.0,0.0,0.0,28.0,0.159,0.156,0.206,0.363,-4.0,0.171,-29.0,13.0,1.0,0.0,6.0,1.0,0.0,1,AS
Kevin Cash,25.0,TOR,AL,-1.1,34.0,117.0,106.0,10.0,15.0,3.0,0.0,1.0,8.0,0.0,0.0,4.0,22.0,0.142,0.179,0.198,0.377,-2.0,0.196,-9.0,21.0,6.0,1.0,5.0,1.0,0.0,2,
Kevin Correia,22.0,SFG,NL,0.0,10.0,14.0,13.0,1.0,2.0,0.0,0.0,0.0,2.0,0.0,0.0,0.0,6.0,0.154,0.154,0.154,0.308,-19.0,0.14,-58.0,2.0,0.0,0.0,1.0,0.0,0.0,1,
Kevin Gryboski,29.0,ATL,NL,0.0,60.0,1.0,1.0,0.0,0.0,0.0,0.0,0.0,0.0,0.0,0.0,0.0,1.0,0.0,0.0,0.0,0.0,-100.0,0.0,-142.0,0.0,0.0,0.0,0.0,0.0,0.0,1,
Kevin Jarvis*,33.0,SDP,NL,0.1,15.0,29.0,22.0,3.0,3.0,0.0,0.0,0.0,2.0,0.0,0.0,4.0,7.0,0.136,0.269,0.136,0.406,15.0,0.214,6.0,3.0,1.0,0.0,3.0,0.0,0.0,1/H,
Kevin Mench,25.0,TEX,AL,0.3,38.0,139.0,125.0,15.0,40.0,12.0,0.0,2.0,11.0,1.0,1.0,10.0,17.0,0.32,0.381,0.464,0.845,113.0,0.371,113.0,58.0,2.0,3.0,0.0,1.0,0.0,7/8H9,
Kevin Millar,31.0,BOS,AL,1.1,148.0,618.0,544.0,83.0,150.0,30.0,1.0,25.0,96.0,3.0,2.0,60.0,108.0,0.276,0.348,0.472,0.82,110.0,0.355,107.0,257.0,14.0,5.0,0.0,9.0,5.0,37D9/H,
Kevin Millwood,28.0,PHI,NL,-0.4,34.0,79.0,68.0,4.0,4.0,2.0,0.0,0.0,1.0,0.0,0.0,5.0,34.0,0.059,0.123,0.088,0.212,-42.0,0.12,-66.0,6.0,2.0,0.0,6.0,0.0,0.0,1,
Kevin Ohme*,32.0,STL,NL,0.1,2.0,1.0,1.0,0.0,1.0,0.0,0.0,0.0,0.0,0.0,0.0,0.0,0.0,1.0,1.0,1.0,2.0,433.0,0.911,500.0,1.0,0.0,0.0,0.0,0.0,0.0,/1,
Kevin Olsen,26.0,FLA,NL,0.0,5.0,0.0,0.0,0.0,0.0,0.0,0.0,0.0,0.0,0.0,0.0,0.0,0.0,,,,,,,,0.0,0.0,0.0,0.0,0.0,0.0,/1,
Kevin Walker*,26.0,SDP,NL,0.0,11.0,0.0,0.0,0.0,0.0,0.0,0.0,0.0,0.0,0.0,0.0,0.0,0.0,,,,,,,,0.0,0.0,0.0,0.0,0.0,0.0,1,
Kevin Witt*,27.0,DET,AL,-0.1,93.0,289.0,270.0,25.0,71.0,9.0,0.0,10.0,26.0,1.0,1.0,15.0,68.0,0.263,0.301,0.407,0.708,91.0,0.314,91.0,110.0,5.0,1.0,0.0,3.0,0.0,D3H7/5,
Kevin Young,34.0,PIT,NL,-0.4,52.0,96.0,84.0,8.0,17.0,4.0,0.0,2.0,7.0,1.0,0.0,12.0,25.0,0.202,0.302,0.321,0.624,62.0,0.287,54.0,27.0,1.0,0.0,0.0,0.0,0.0,3H/9,
Khalil Greene,23.0,SDP,NL,0.0,20.0,70.0,65.0,8.0,14.0,4.0,1.0,2.0,6.0,0.0,1.0,4.0,19.0,0.215,0.271,0.4,0.671,80.0,0.285,72.0,26.0,3.0,1.0,0.0,0.0,0.0,6/H,
Kiko Calero,28.0,STL,NL,0.0,23.0,4.0,4.0,1.0,1.0,0.0,0.0,0.0,1.0,0.0,0.0,0.0,0.0,0.25,0.25,0.25,0.5,33.0,0.228,19.0,1.0,0.0,0.0,0.0,0.0,0.0,1,
Kip Wells,26.0,PIT,NL,0.1,33.0,73.0,68.0,8.0,13.0,3.0,0.0,1.0,5.0,0.0,0.0,1.0,23.0,0.191,0.203,0.279,0.482,23.0,0.21,-5.0,19.0,0.0,0.0,4.0,0.0,0.0,1/H,
Kirk Bullinger,33.0,HOU,NL,0.0,7.0,0.0,0.0,0.0,0.0,0.0,0.0,0.0,0.0,0.0,0.0,0.0,0.0,,,,,,,,0.0,0.0,0.0,0.0,0.0,0.0,/1,
Kirk Rueter*,32.0,SFG,NL,0.1,26.0,61.0,53.0,5.0,7.0,0.0,0.0,0.0,3.0,1.0,0.0,2.0,8.0,0.132,0.164,0.132,0.296,-21.0,0.194,-22.0,7.0,0.0,0.0,6.0,0.0,0.0,1,
Kirk Saarloos,24.0,HOU,NL,-0.1,31.0,9.0,5.0,0.0,0.0,0.0,0.0,0.0,1.0,0.0,0.0,1.0,0.0,0.0,0.167,0.0,0.167,-52.0,0.118,-149.0,0.0,0.0,0.0,3.0,0.0,0.0,1,
Kit Pellow,29.0,COL,NL,0.4,11.0,21.0,18.0,6.0,8.0,3.0,1.0,1.0,4.0,0.0,0.0,0.0,4.0,0.444,0.476,0.889,1.365,226.0,0.546,231.0,16.0,0.0,2.0,0.0,1.0,0.0,/2H37,
Koyie Hill#,24.0,LAD,NL,0.0,3.0,3.0,3.0,0.0,1.0,1.0,0.0,0.0,0.0,0.0,0.0,0.0,2.0,0.333,0.333,0.667,1.0,159.0,0.418,160.0,2.0,0.0,0.0,0.0,0.0,0.0,/H,
Kris Benson,28.0,PIT,NL,-0.4,17.0,37.0,30.0,2.0,0.0,0.0,0.0,0.0,0.0,0.0,0.0,1.0,11.0,0.0,0.032,0.0,0.032,-91.0,0.052,-153.0,0.0,1.0,0.0,6.0,0.0,0.0,1,
Kurt Ainsworth,24.0,SFG,NL,-0.3,12.0,26.0,22.0,0.0,1.0,0.0,0.0,0.0,0.0,0.0,0.0,0.0,7.0,0.045,0.045,0.045,0.091,-76.0,0.083,-121.0,1.0,0.0,0.0,4.0,0.0,0.0,1/H,
Kyle Farnsworth,27.0,CHC,NL,0.0,73.0,1.0,1.0,0.0,0.0,0.0,0.0,0.0,0.0,0.0,0.0,0.0,0.0,0.0,0.0,0.0,0.0,-100.0,0.0,-142.0,0.0,0.0,0.0,0.0,0.0,0.0,1,
Kyle Lohse,24.0,MIN,AL,0.1,2.0,6.0,3.0,0.0,1.0,0.0,0.0,0.0,0.0,0.0,0.0,0.0,1.0,0.333,0.333,0.333,0.667,77.0,0.303,46.0,1.0,0.0,0.0,3.0,0.0,0.0,1,
Kyle Snyder#,25.0,KCR,AL,0.0,1.0,2.0,2.0,0.0,0.0,0.0,0.0,0.0,0.0,0.0,0.0,0.0,1.0,0.0,0.0,0.0,0.0,-100.0,0.0,-140.0,0.0,0.0,0.0,0.0,0.0,0.0,1,
Lance Berkman#,27.0,HOU,NL,5.3,153.0,658.0,538.0,110.0,155.0,35.0,6.0,25.0,93.0,5.0,3.0,107.0,108.0,0.288,0.412,0.515,0.927,138.0,0.41,145.0,277.0,10.0,9.0,1.0,3.0,13.0,*7/8,
Lance Carter,28.0,TBD,AL,0.0,3.0,0.0,0.0,0.0,0.0,0.0,0.0,0.0,0.0,0.0,0.0,0.0,0.0,,,,,,,,0.0,0.0,0.0,0.0,0.0,0.0,1,AS
Lance Niekro,24.0,SFG,NL,0.0,5.0,5.0,5.0,2.0,1.0,1.0,0.0,0.0,2.0,0.0,0.0,0.0,1.0,0.2,0.2,0.4,0.6,52.0,0.251,33.0,2.0,0.0,0.0,0.0,0.0,0.0,/3H,
Lance Painter*,35.0,STL,NL,0.0,21.0,1.0,1.0,0.0,0.0,0.0,0.0,0.0,0.0,0.0,0.0,0.0,0.0,0.0,0.0,0.0,0.0,-100.0,0.0,-142.0,0.0,0.0,0.0,0.0,0.0,0.0,1,
Larry Barnes*,28.0,LAD,NL,-0.3,30.0,39.0,38.0,2.0,8.0,2.0,0.0,0.0,2.0,0.0,0.0,1.0,9.0,0.211,0.231,0.263,0.494,32.0,0.267,50.0,10.0,0.0,0.0,0.0,0.0,0.0,H/37D,
Larry Bigbie*,25.0,BAL,AL,1.2,83.0,319.0,287.0,43.0,87.0,15.0,1.0,9.0,31.0,7.0,1.0,29.0,60.0,0.303,0.365,0.456,0.821,117.0,0.376,124.0,131.0,2.0,0.0,1.0,2.0,3.0,7/9H8,
Larry Walker*,36.0,COL,NL,4.4,143.0,564.0,454.0,86.0,129.0,25.0,7.0,16.0,79.0,7.0,4.0,98.0,87.0,0.284,0.422,0.476,0.898,121.0,0.402,129.0,216.0,9.0,11.0,0.0,1.0,14.0,*9H/D,
LaTroy Hawkins,30.0,MIN,AL,0.0,6.0,1.0,0.0,0.0,0.0,0.0,0.0,0.0,0.0,0.0,0.0,0.0,0.0,,,,,,,,0.0,0.0,0.0,1.0,0.0,0.0,1,
Laynce Nix*,22.0,TEX,AL,0.2,53.0,195.0,184.0,25.0,47.0,10.0,0.0,8.0,30.0,3.0,0.0,9.0,53.0,0.255,0.289,0.44,0.729,81.0,0.321,75.0,81.0,1.0,0.0,1.0,1.0,0.0,98/7HD,
Lenny Harris*,38.0,2TM,NL,-0.8,88.0,163.0,145.0,14.0,28.0,3.0,0.0,1.0,8.0,1.0,0.0,16.0,21.0,0.193,0.272,0.234,0.506,34.0,0.237,19.0,34.0,2.0,0.0,1.0,1.0,3.0,H5/793,
Lenny Harris*,38.0,CHC,NL,-0.9,75.0,146.0,131.0,11.0,24.0,3.0,0.0,1.0,7.0,1.0,0.0,13.0,20.0,0.183,0.255,0.229,0.484,28.0,0.225,9.0,30.0,1.0,0.0,1.0,1.0,3.0,H5/379,
Lenny Harris*,38.0,FLA,NL,0.1,13.0,17.0,14.0,3.0,4.0,0.0,0.0,0.0,1.0,0.0,0.0,3.0,1.0,0.286,0.412,0.286,0.697,89.0,0.34,98.0,4.0,1.0,0.0,0.0,0.0,0.0,H/79,
Leo Estrella,28.0,MIL,NL,0.0,56.0,0.0,0.0,0.0,0.0,0.0,0.0,0.0,0.0,0.0,0.0,0.0,0.0,,,,,,,,0.0,0.0,0.0,0.0,0.0,0.0,1,
Les Walrond*,26.0,KCR,AL,0.0,1.0,0.0,0.0,0.0,0.0,0.0,0.0,0.0,0.0,0.0,0.0,0.0,0.0,,,,,,,,0.0,0.0,0.0,0.0,0.0,0.0,/1,
Lew Ford,26.0,MIN,AL,1.2,34.0,83.0,73.0,16.0,24.0,7.0,1.0,3.0,15.0,2.0,0.0,8.0,9.0,0.329,0.402,0.575,0.978,154.0,0.421,152.0,42.0,1.0,1.0,1.0,0.0,0.0,8H/79D,
Liván Hernández,28.0,MON,NL,0.0,31.0,82.0,74.0,2.0,14.0,1.0,0.0,0.0,6.0,0.0,0.0,1.0,14.0,0.189,0.211,0.203,0.413,7.0,0.202,-16.0,15.0,2.0,1.0,6.0,0.0,0.0,1,
Lou Collier,29.0,BOS,AL,0.0,4.0,1.0,1.0,0.0,0.0,0.0,0.0,0.0,0.0,0.0,1.0,0.0,0.0,0.0,0.0,0.0,0.0,-100.0,-0.516,-150.0,0.0,0.0,0.0,0.0,0.0,0.0,/578H,
Lou Merloni,32.0,2TM,2LG,0.2,80.0,213.0,181.0,24.0,48.0,8.0,2.0,1.0,18.0,2.0,3.0,26.0,41.0,0.265,0.355,0.348,0.704,91.0,0.322,95.0,63.0,3.0,1.0,2.0,3.0,2.0,56H4/73,
Lou Merloni,32.0,SDP,NL,0.2,65.0,179.0,151.0,20.0,41.0,7.0,2.0,1.0,17.0,2.0,3.0,22.0,33.0,0.272,0.362,0.364,0.726,98.0,0.33,104.0,55.0,3.0,1.0,2.0,3.0,2.0,56H4/37,
Lou Merloni,32.0,BOS,AL,0.1,15.0,34.0,30.0,4.0,7.0,1.0,0.0,0.0,1.0,0.0,0.0,4.0,8.0,0.233,0.324,0.267,0.59,56.0,0.278,53.0,8.0,0.0,0.0,0.0,0.0,0.0,/45H7,
Luis Ayala,25.0,MON,NL,0.0,62.0,1.0,1.0,0.0,0.0,0.0,0.0,0.0,0.0,0.0,0.0,0.0,0.0,0.0,0.0,0.0,0.0,-100.0,0.0,-142.0,0.0,0.0,0.0,0.0,0.0,0.0,1,
Luis Castillo#,27.0,FLA,NL,4.4,152.0,676.0,595.0,99.0,187.0,19.0,6.0,6.0,39.0,21.0,19.0,63.0,60.0,0.314,0.381,0.397,0.778,106.0,0.354,114.0,236.0,7.0,2.0,15.0,1.0,0.0,*4/H,"AS,MVP-21,GG"
Luis Gonzalez*,35.0,ARI,NL,3.2,156.0,679.0,579.0,92.0,176.0,46.0,4.0,26.0,104.0,5.0,3.0,94.0,67.0,0.304,0.402,0.532,0.934,134.0,0.404,136.0,308.0,19.0,3.0,0.0,3.0,17.0,*7/H,"AS,MVP-25"
Luis Martínez*,23.0,MIL,NL,-0.1,4.0,4.0,4.0,0.0,0.0,0.0,0.0,0.0,0.0,0.0,0.0,0.0,3.0,0.0,0.0,0.0,0.0,-100.0,0.0,-143.0,0.0,0.0,0.0,0.0,0.0,0.0,/1,
Luis Matos,24.0,BAL,AL,4.0,109.0,486.0,439.0,70.0,133.0,23.0,3.0,13.0,45.0,15.0,7.0,28.0,90.0,0.303,0.353,0.458,0.811,113.0,0.361,117.0,201.0,9.0,7.0,10.0,2.0,0.0,8/9D,
Luis Rivas,23.0,MIN,AL,-1.2,135.0,521.0,475.0,69.0,123.0,16.0,9.0,8.0,43.0,17.0,7.0,30.0,65.0,0.259,0.308,0.381,0.689,80.0,0.312,79.0,181.0,20.0,5.0,8.0,3.0,0.0,*4/HD,
Luis Sojo,38.0,NYY,AL,0.0,3.0,4.0,4.0,0.0,0.0,0.0,0.0,0.0,0.0,0.0,0.0,0.0,0.0,0.0,0.0,0.0,0.0,-100.0,0.0,-137.0,0.0,0.0,0.0,0.0,0.0,0.0,/34DH,
Luis Terrero,23.0,ARI,NL,0.0,5.0,5.0,4.0,0.0,1.0,0.0,0.0,0.0,0.0,0.0,0.0,0.0,1.0,0.25,0.4,0.25,0.65,70.0,0.33,81.0,1.0,0.0,1.0,0.0,0.0,0.0,/H89,
Luis Ugueto#,24.0,SEA,AL,0.1,12.0,6.0,5.0,4.0,1.0,0.0,0.0,0.0,1.0,2.0,0.0,1.0,0.0,0.2,0.333,0.2,0.533,50.0,0.333,46.0,1.0,0.0,0.0,0.0,0.0,0.0,/H4D56,
Luis Vizcaíno,28.0,MIL,NL,0.0,72.0,0.0,0.0,0.0,0.0,0.0,0.0,0.0,0.0,0.0,0.0,0.0,0.0,,,,,,,,0.0,0.0,0.0,0.0,0.0,0.0,1,
Luke Allen*,24.0,COL,NL,-0.1,2.0,2.0,2.0,0.0,0.0,0.0,0.0,0.0,0.0,0.0,0.0,0.0,0.0,0.0,0.0,0.0,0.0,-100.0,0.0,-165.0,0.0,1.0,0.0,0.0,0.0,0.0,/H,
Luther Hackman,28.0,SDP,NL,0.0,63.0,2.0,2.0,0.0,0.0,0.0,0.0,0.0,0.0,0.0,0.0,0.0,2.0,0.0,0.0,0.0,0.0,-100.0,0.0,-139.0,0.0,0.0,0.0,0.0,0.0,0.0,1,
Lyle Overbay*,26.0,ARI,NL,1.0,86.0,293.0,254.0,23.0,70.0,20.0,0.0,4.0,28.0,1.0,0.0,35.0,67.0,0.276,0.365,0.402,0.767,94.0,0.35,95.0,102.0,8.0,2.0,0.0,2.0,7.0,3H,
Magglio Ordóñez,29.0,CHW,AL,5.6,160.0,674.0,606.0,95.0,192.0,46.0,3.0,29.0,99.0,9.0,5.0,57.0,73.0,0.317,0.38,0.546,0.926,139.0,0.4,141.0,331.0,20.0,7.0,0.0,4.0,1.0,*9/8DH,"AS,MVP-18"
Mandy Romero#,35.0,COL,NL,0.1,3.0,9.0,7.0,2.0,3.0,1.0,0.0,0.0,0.0,0.0,0.0,0.0,1.0,0.429,0.556,0.571,1.127,179.0,0.506,203.0,4.0,1.0,2.0,0.0,0.0,0.0,/2H,
Manny Aybar,31.0,SFG,NL,0.0,3.0,0.0,0.0,0.0,0.0,0.0,0.0,0.0,0.0,0.0,0.0,0.0,0.0,,,,,,,,0.0,0.0,0.0,0.0,0.0,0.0,/1,
Manny Ramírez,31.0,BOS,AL,5.4,154.0,679.0,569.0,117.0,185.0,36.0,1.0,37.0,104.0,3.0,1.0,97.0,94.0,0.325,0.427,0.587,1.014,160.0,0.43,161.0,334.0,22.0,8.0,0.0,5.0,28.0,*7D/H,"AS,MVP-6,SS"
Marco Scutaro,27.0,NYM,NL,-0.1,48.0,91.0,75.0,10.0,16.0,4.0,0.0,2.0,6.0,2.0,0.0,13.0,14.0,0.213,0.333,0.347,0.68,81.0,0.326,85.0,26.0,1.0,1.0,1.0,1.0,2.0,4H/6,
Marcus Giles,25.0,ATL,NL,7.9,145.0,635.0,551.0,101.0,174.0,49.0,2.0,21.0,69.0,14.0,4.0,59.0,80.0,0.316,0.39,0.526,0.917,136.0,0.408,143.0,290.0,7.0,11.0,10.0,4.0,2.0,*4/H,"AS,MVP-18"
Marcus Thames,26.0,TEX,AL,-0.4,30.0,84.0,73.0,12.0,15.0,2.0,0.0,1.0,4.0,0.0,1.0,8.0,18.0,0.205,0.298,0.274,0.572,47.0,0.262,41.0,20.0,2.0,2.0,0.0,1.0,0.0,9/H7D,
Mariano Rivera,33.0,NYY,AL,0.0,5.0,0.0,0.0,0.0,0.0,0.0,0.0,0.0,0.0,0.0,0.0,0.0,0.0,,,,,,,,0.0,0.0,0.0,0.0,0.0,0.0,1,MVP-27
Mario Ramos*,25.0,TEX,AL,0.0,1.0,1.0,1.0,0.0,0.0,0.0,0.0,0.0,0.0,0.0,0.0,0.0,1.0,0.0,0.0,0.0,0.0,-100.0,0.0,-150.0,0.0,0.0,0.0,0.0,0.0,0.0,/1,
Mark Bellhorn#,28.0,2TM,NL,0.0,99.0,307.0,249.0,27.0,55.0,10.0,1.0,2.0,26.0,5.0,6.0,50.0,78.0,0.221,0.353,0.293,0.646,67.0,0.316,77.0,73.0,3.0,3.0,1.0,4.0,1.0,5H4/6893,
Mark Bellhorn#,28.0,CHC,NL,0.1,51.0,173.0,139.0,15.0,29.0,7.0,1.0,2.0,22.0,3.0,3.0,29.0,46.0,0.209,0.341,0.317,0.658,73.0,0.313,79.0,44.0,2.0,1.0,0.0,4.0,1.0,5H,
Mark Bellhorn#,28.0,COL,NL,-0.2,48.0,134.0,110.0,12.0,26.0,3.0,0.0,0.0,4.0,2.0,3.0,21.0,32.0,0.236,0.368,0.264,0.632,60.0,0.32,74.0,29.0,1.0,2.0,1.0,0.0,0.0,4H5/6893,
Mark Budzinski*,29.0,CIN,NL,-0.1,4.0,7.0,7.0,0.0,0.0,0.0,0.0,0.0,0.0,0.0,0.0,0.0,4.0,0.0,0.0,0.0,0.0,-100.0,0.0,-141.0,0.0,0.0,0.0,0.0,0.0,0.0,/H8,
Mark Buehrle*,24.0,CHW,AL,0.0,2.0,6.0,6.0,0.0,1.0,0.0,0.0,0.0,1.0,0.0,0.0,0.0,3.0,0.167,0.167,0.167,0.333,-12.0,0.151,-32.0,1.0,0.0,0.0,0.0,0.0,0.0,1,
Mark Corey,28.0,PIT,NL,0.0,22.0,0.0,0.0,0.0,0.0,0.0,0.0,0.0,0.0,0.0,0.0,0.0,0.0,,,,,,,,0.0,0.0,0.0,0.0,0.0,0.0,1,
Mark DeRosa,28.0,ATL,NL,0.0,103.0,288.0,266.0,40.0,70.0,14.0,0.0,6.0,22.0,1.0,0.0,16.0,49.0,0.263,0.316,0.383,0.699,81.0,0.322,82.0,102.0,6.0,5.0,0.0,1.0,0.0,H456/7D3,
Mark Ellis,26.0,OAK,AL,3.0,154.0,622.0,553.0,78.0,137.0,31.0,5.0,9.0,52.0,6.0,2.0,48.0,94.0,0.248,0.313,0.371,0.684,81.0,0.312,81.0,205.0,7.0,7.0,9.0,5.0,4.0,*4/H,
Mark Grace*,39.0,ARI,NL,-0.9,66.0,155.0,135.0,13.0,27.0,5.0,0.0,3.0,16.0,0.0,0.0,16.0,15.0,0.2,0.279,0.304,0.583,48.0,0.266,34.0,41.0,6.0,0.0,1.0,3.0,2.0,3H/D,
Mark Grudzielanek,33.0,CHC,NL,2.3,121.0,531.0,481.0,73.0,151.0,38.0,1.0,3.0,38.0,6.0,2.0,30.0,64.0,0.314,0.366,0.416,0.782,103.0,0.363,111.0,200.0,12.0,11.0,7.0,2.0,0.0,*4/H,MVP-27
Mark Guthrie,37.0,CHC,NL,0.0,61.0,1.0,1.0,0.0,0.0,0.0,0.0,0.0,0.0,0.0,0.0,0.0,1.0,0.0,0.0,0.0,0.0,-100.0,0.0,-142.0,0.0,0.0,0.0,0.0,0.0,0.0,1,
Mark Hendrickson*,29.0,TOR,AL,0.1,2.0,4.0,4.0,1.0,1.0,0.0,0.0,1.0,1.0,0.0,0.0,0.0,1.0,0.25,0.25,1.0,1.25,203.0,0.491,202.0,4.0,1.0,0.0,0.0,0.0,0.0,1,
Mark Johnson*,27.0,OAK,AL,-0.2,13.0,33.0,27.0,3.0,3.0,1.0,0.0,0.0,3.0,0.0,0.0,3.0,4.0,0.111,0.219,0.148,0.367,0.0,0.186,-9.0,4.0,0.0,1.0,1.0,1.0,0.0,2/H,
Mark Kotsay*,27.0,SDP,NL,2.5,128.0,541.0,482.0,64.0,128.0,28.0,4.0,7.0,38.0,6.0,3.0,56.0,82.0,0.266,0.343,0.384,0.726,97.0,0.329,98.0,185.0,8.0,1.0,1.0,1.0,3.0,*8/H,
Mark Loretta,31.0,SDP,NL,4.9,154.0,653.0,589.0,74.0,185.0,28.0,4.0,13.0,72.0,5.0,4.0,54.0,62.0,0.314,0.372,0.441,0.814,120.0,0.368,127.0,260.0,17.0,3.0,3.0,4.0,2.0,*4/H6,
Mark McLemore#,38.0,SEA,AL,-0.5,99.0,352.0,309.0,34.0,72.0,15.0,2.0,2.0,37.0,5.0,5.0,38.0,71.0,0.233,0.318,0.314,0.632,72.0,0.289,73.0,97.0,4.0,2.0,0.0,3.0,0.0,657HD/4,
Mark Mulder*,25.0,OAK,AL,-0.1,3.0,6.0,4.0,0.0,0.0,0.0,0.0,0.0,1.0,0.0,0.0,0.0,3.0,0.0,0.0,0.0,0.0,-100.0,0.0,-181.0,0.0,1.0,0.0,1.0,1.0,0.0,1,AS
Mark Prior,22.0,CHC,NL,0.5,31.0,81.0,72.0,6.0,18.0,4.0,0.0,1.0,6.0,0.0,0.0,2.0,27.0,0.25,0.27,0.347,0.617,59.0,0.273,42.0,25.0,1.0,0.0,7.0,0.0,0.0,1/H,"AS,CYA-3,MVP-9"
Mark Redman*,29.0,FLA,NL,-0.9,28.0,66.0,61.0,0.0,1.0,0.0,0.0,0.0,1.0,0.0,0.0,1.0,31.0,0.016,0.032,0.016,0.049,-87.0,0.026,-142.0,1.0,1.0,0.0,4.0,0.0,0.0,1,
Mark Smith,33.0,MIL,NL,-0.4,33.0,69.0,63.0,8.0,15.0,4.0,0.0,3.0,10.0,0.0,0.0,4.0,13.0,0.238,0.275,0.444,0.72,86.0,0.319,83.0,28.0,5.0,0.0,0.0,2.0,0.0,H7/9,
Mark Sweeney*,33.0,COL,NL,-0.2,67.0,106.0,97.0,13.0,25.0,9.0,0.0,2.0,14.0,0.0,1.0,9.0,27.0,0.258,0.321,0.412,0.733,79.0,0.317,70.0,40.0,2.0,0.0,0.0,0.0,1.0,H9/37D,
Mark Teixeira#,23.0,TEX,AL,2.7,146.0,589.0,529.0,66.0,137.0,29.0,5.0,26.0,84.0,1.0,2.0,44.0,120.0,0.259,0.331,0.48,0.811,102.0,0.353,101.0,254.0,14.0,14.0,0.0,2.0,5.0,*3579/HD,ROY-5
Mark Watson,29.0,CIN,NL,0.0,2.0,0.0,0.0,0.0,0.0,0.0,0.0,0.0,0.0,0.0,0.0,0.0,0.0,,,,,,,,0.0,0.0,0.0,0.0,0.0,0.0,/1,
Marlon Anderson*,29.0,TBD,AL,2.4,145.0,535.0,482.0,59.0,130.0,27.0,3.0,6.0,67.0,19.0,3.0,41.0,60.0,0.27,0.328,0.376,0.703,90.0,0.316,85.0,181.0,6.0,3.0,4.0,5.0,5.0,*4H/D7,
Marlon Byrd,25.0,PHI,NL,3.4,135.0,553.0,495.0,86.0,150.0,28.0,4.0,7.0,45.0,11.0,1.0,44.0,94.0,0.303,0.366,0.418,0.784,111.0,0.364,118.0,207.0,8.0,7.0,4.0,3.0,3.0,*8/H,ROY-4
Marquis Grissom,36.0,SFG,NL,2.4,149.0,618.0,587.0,82.0,176.0,33.0,3.0,20.0,79.0,11.0,3.0,20.0,82.0,0.3,0.322,0.468,0.79,104.0,0.357,108.0,275.0,14.0,2.0,3.0,6.0,0.0,*8/H,
Marty Cordova,33.0,BAL,AL,0.1,9.0,39.0,30.0,5.0,7.0,1.0,0.0,1.0,4.0,1.0,0.0,8.0,5.0,0.233,0.41,0.367,0.777,109.0,0.385,129.0,11.0,1.0,1.0,0.0,0.0,1.0,/D7,
Marvin Benard*,32.0,SFG,NL,-0.5,46.0,77.0,71.0,5.0,14.0,3.0,1.0,0.0,4.0,1.0,0.0,4.0,9.0,0.197,0.237,0.268,0.504,32.0,0.241,23.0,19.0,3.0,0.0,1.0,1.0,0.0,H7/9,
Masao Kida,34.0,LAD,NL,0.0,3.0,4.0,4.0,0.0,1.0,0.0,0.0,0.0,0.0,0.0,0.0,0.0,2.0,0.25,0.25,0.25,0.5,35.0,0.204,6.0,1.0,0.0,0.0,0.0,0.0,0.0,/1,
Matt Belisle,23.0,CIN,NL,0.0,6.0,1.0,1.0,0.0,0.0,0.0,0.0,0.0,0.0,0.0,0.0,0.0,1.0,0.0,0.0,0.0,0.0,-100.0,0.0,-133.0,0.0,0.0,0.0,0.0,0.0,0.0,/1,
Matt Clement,28.0,CHC,NL,0.0,30.0,71.0,62.0,3.0,9.0,2.0,0.0,0.0,3.0,0.0,0.0,0.0,26.0,0.145,0.159,0.177,0.336,-13.0,0.193,-24.0,11.0,0.0,1.0,8.0,0.0,0.0,1,
Matt Diaz,25.0,TBD,AL,-0.1,4.0,10.0,9.0,2.0,1.0,0.0,0.0,0.0,0.0,0.0,0.0,1.0,3.0,0.111,0.2,0.111,0.311,-12.0,0.162,-19.0,1.0,0.0,0.0,0.0,0.0,0.0,/H7D,
Matt Ford#,22.0,MIL,NL,0.0,23.0,8.0,7.0,0.0,1.0,1.0,0.0,0.0,1.0,0.0,0.0,1.0,3.0,0.143,0.25,0.286,0.536,41.0,0.246,30.0,2.0,0.0,0.0,0.0,0.0,0.0,1,
Matt Franco*,33.0,ATL,NL,-0.4,112.0,148.0,134.0,11.0,33.0,5.0,0.0,3.0,15.0,0.0,1.0,11.0,26.0,0.246,0.299,0.351,0.65,69.0,0.294,64.0,47.0,4.0,0.0,1.0,2.0,0.0,H3/D97,
Matt Herges*,33.0,2TM,NL,0.0,64.0,3.0,3.0,0.0,1.0,0.0,0.0,0.0,0.0,0.0,0.0,0.0,1.0,0.333,0.333,0.333,0.667,78.0,0.272,51.0,1.0,0.0,0.0,0.0,0.0,0.0,1,
Matt Herges*,33.0,SDP,NL,0.0,37.0,1.0,1.0,0.0,0.0,0.0,0.0,0.0,0.0,0.0,0.0,0.0,1.0,0.0,0.0,0.0,0.0,-100.0,0.0,-133.0,0.0,0.0,0.0,0.0,0.0,0.0,1,
Matt Herges*,33.0,SFG,NL,0.0,27.0,2.0,2.0,0.0,1.0,0.0,0.0,0.0,0.0,0.0,0.0,0.0,0.0,0.5,0.5,0.5,1.0,164.0,0.408,148.0,1.0,0.0,0.0,0.0,0.0,0.0,1,
Matt Kata#,25.0,ARI,NL,0.5,78.0,322.0,288.0,42.0,74.0,16.0,5.0,7.0,29.0,3.0,2.0,25.0,53.0,0.257,0.315,0.42,0.736,84.0,0.329,82.0,121.0,4.0,1.0,5.0,3.0,0.0,45/H6,
Matt Kinney,26.0,MIL,NL,-0.6,32.0,62.0,55.0,3.0,2.0,1.0,0.0,0.0,0.0,0.0,0.0,2.0,27.0,0.036,0.07,0.055,0.125,-66.0,0.063,-118.0,3.0,1.0,0.0,5.0,0.0,0.0,1,
Matt Lawton*,31.0,CLE,AL,1.3,99.0,429.0,374.0,57.0,93.0,19.0,0.0,15.0,53.0,10.0,3.0,47.0,47.0,0.249,0.343,0.42,0.762,104.0,0.356,114.0,157.0,8.0,7.0,0.0,1.0,0.0,7D9/H,
Matt LeCroy,27.0,MIN,AL,1.2,107.0,374.0,345.0,39.0,99.0,19.0,0.0,17.0,64.0,0.0,1.0,25.0,82.0,0.287,0.342,0.49,0.832,116.0,0.362,116.0,169.0,8.0,4.0,0.0,0.0,1.0,D23H,
Matt Mantei,29.0,ARI,NL,0.0,49.0,0.0,0.0,0.0,0.0,0.0,0.0,0.0,0.0,0.0,0.0,0.0,0.0,,,,,,,,0.0,0.0,0.0,0.0,0.0,0.0,1,
Matt Miller,31.0,COL,NL,0.0,4.0,0.0,0.0,0.0,0.0,0.0,0.0,0.0,0.0,0.0,0.0,0.0,0.0,,,,,,,,0.0,0.0,0.0,0.0,0.0,0.0,/1,
Matt Morris,28.0,STL,NL,0.8,26.0,66.0,52.0,5.0,10.0,2.0,0.0,1.0,3.0,0.0,0.0,2.0,16.0,0.192,0.222,0.288,0.511,34.0,0.328,89.0,15.0,1.0,0.0,12.0,0.0,0.0,1,
Matt Roney,23.0,DET,AL,0.1,4.0,2.0,2.0,0.0,1.0,0.0,0.0,0.0,0.0,0.0,0.0,0.0,1.0,0.5,0.5,0.5,1.0,175.0,0.454,188.0,1.0,0.0,0.0,0.0,0.0,0.0,1,
Matt Stairs*,35.0,PIT,NL,1.1,121.0,357.0,305.0,49.0,89.0,20.0,1.0,20.0,57.0,0.0,1.0,45.0,64.0,0.292,0.389,0.561,0.95,142.0,0.407,144.0,171.0,7.0,5.0,0.0,2.0,3.0,9H3/7D,
Matt Walbeck#,33.0,DET,AL,-1.2,59.0,144.0,138.0,11.0,24.0,4.0,1.0,1.0,6.0,0.0,1.0,3.0,26.0,0.174,0.197,0.239,0.436,18.0,0.198,10.0,33.0,3.0,1.0,2.0,0.0,0.0,2/HD,
Matt Watson*,24.0,NYM,NL,-0.1,15.0,25.0,23.0,0.0,4.0,2.0,0.0,0.0,2.0,0.0,0.0,1.0,5.0,0.174,0.208,0.261,0.469,23.0,0.248,31.0,6.0,1.0,0.0,1.0,0.0,0.0,H/7,
Matt White,25.0,SEA,AL,0.0,1.0,0.0,0.0,0.0,0.0,0.0,0.0,0.0,0.0,0.0,0.0,0.0,0.0,,,,,,,,0.0,0.0,0.0,0.0,0.0,0.0,/1,
Matt Williams,37.0,ARI,NL,-0.5,44.0,156.0,134.0,17.0,33.0,9.0,0.0,4.0,16.0,0.0,0.0,16.0,26.0,0.246,0.327,0.403,0.73,84.0,0.325,78.0,54.0,1.0,2.0,0.0,4.0,1.0,5/H,
Matthew Cepicky*,25.0,MON,NL,-0.1,5.0,8.0,8.0,0.0,2.0,1.0,0.0,0.0,0.0,0.0,0.0,0.0,2.0,0.25,0.25,0.375,0.625,57.0,0.259,33.0,3.0,0.0,0.0,0.0,0.0,0.0,/7H9,
Melvin Mora,31.0,BAL,AL,4.7,96.0,413.0,344.0,68.0,109.0,17.0,1.0,15.0,48.0,6.0,3.0,49.0,71.0,0.317,0.418,0.503,0.921,143.0,0.407,149.0,173.0,3.0,12.0,6.0,2.0,0.0,7986/4H3,AS
Mendy López,29.0,KCR,AL,-0.1,52.0,100.0,94.0,13.0,26.0,5.0,1.0,3.0,11.0,2.0,0.0,4.0,28.0,0.277,0.306,0.447,0.753,90.0,0.329,83.0,42.0,3.0,0.0,2.0,0.0,0.0,35H4/697,
Michael Barrett,26.0,MON,NL,-0.1,70.0,252.0,226.0,33.0,47.0,9.0,2.0,10.0,30.0,0.0,0.0,21.0,37.0,0.208,0.28,0.398,0.678,71.0,0.293,57.0,90.0,6.0,2.0,2.0,1.0,7.0,2/H,
Michael Cuddyer,24.0,MIN,AL,-0.3,35.0,114.0,102.0,14.0,25.0,1.0,3.0,4.0,8.0,1.0,1.0,12.0,19.0,0.245,0.325,0.431,0.756,97.0,0.337,99.0,44.0,6.0,0.0,0.0,0.0,0.0,9/H53D47,
Michael Neu#,25.0,OAK,AL,0.0,3.0,0.0,0.0,0.0,0.0,0.0,0.0,0.0,0.0,0.0,0.0,0.0,0.0,,,,,,,,0.0,0.0,0.0,0.0,0.0,0.0,1,
Michael Restovich,24.0,MIN,AL,0.2,24.0,64.0,53.0,10.0,15.0,3.0,2.0,0.0,4.0,0.0,0.0,10.0,12.0,0.283,0.406,0.415,0.821,118.0,0.369,120.0,22.0,3.0,1.0,0.0,0.0,0.0,9/DH7,
Michael Tejera*,26.0,FLA,NL,-0.2,48.0,16.0,15.0,0.0,1.0,0.0,0.0,0.0,0.0,0.0,0.0,0.0,1.0,0.067,0.067,0.067,0.133,-65.0,0.061,-115.0,1.0,1.0,0.0,1.0,0.0,0.0,1,
Michael Tucker*,32.0,KCR,AL,-0.4,104.0,438.0,389.0,61.0,102.0,20.0,5.0,13.0,55.0,8.0,10.0,39.0,88.0,0.262,0.331,0.44,0.771,96.0,0.335,96.0,171.0,8.0,2.0,6.0,2.0,3.0,987D/H,
Michael Young,26.0,TEX,AL,2.8,160.0,713.0,666.0,106.0,204.0,33.0,9.0,14.0,72.0,13.0,2.0,36.0,103.0,0.306,0.339,0.446,0.785,97.0,0.353,98.0,297.0,14.0,1.0,3.0,7.0,1.0,*4/6,
Micheal Nakamura,26.0,MIN,AL,0.0,3.0,0.0,0.0,0.0,0.0,0.0,0.0,0.0,0.0,0.0,0.0,0.0,0.0,,,,,,,,0.0,0.0,0.0,0.0,0.0,0.0,1,
Michel Hernández,24.0,NYY,AL,0.0,5.0,5.0,4.0,0.0,1.0,0.0,0.0,0.0,0.0,0.0,0.0,1.0,1.0,0.25,0.4,0.25,0.65,80.0,0.324,92.0,1.0,0.0,0.0,0.0,0.0,0.0,/2H,
Mickey Callaway,28.0,ANA,AL,0.0,3.0,0.0,0.0,0.0,0.0,0.0,0.0,0.0,0.0,0.0,0.0,0.0,0.0,,,,,,,,0.0,0.0,0.0,0.0,0.0,0.0,1,
Miguel Batista,32.0,ARI,NL,-0.6,34.0,62.0,57.0,3.0,4.0,1.0,0.0,0.0,0.0,0.0,0.0,1.0,33.0,0.07,0.086,0.088,0.174,-56.0,0.079,-112.0,5.0,2.0,0.0,4.0,0.0,0.0,1,
Miguel Cabrera,20.0,FLA,NL,0.6,87.0,346.0,314.0,39.0,84.0,21.0,3.0,12.0,62.0,0.0,2.0,25.0,84.0,0.268,0.325,0.468,0.793,106.0,0.346,105.0,147.0,12.0,2.0,4.0,1.0,3.0,75/H,"MVP-27,ROY-5"
Miguel Cairo,29.0,STL,NL,0.0,92.0,290.0,261.0,41.0,64.0,15.0,2.0,5.0,32.0,4.0,1.0,13.0,30.0,0.245,0.289,0.375,0.665,74.0,0.298,68.0,98.0,6.0,6.0,3.0,7.0,1.0,4H75/693,
Miguel Ojeda,28.0,SDP,NL,0.2,61.0,163.0,141.0,13.0,33.0,6.0,0.0,4.0,22.0,1.0,1.0,18.0,26.0,0.234,0.331,0.362,0.693,89.0,0.315,89.0,51.0,2.0,3.0,0.0,1.0,2.0,2H/3,
Miguel Olivo,24.0,CHW,AL,0.8,114.0,346.0,317.0,37.0,75.0,19.0,1.0,6.0,27.0,6.0,4.0,19.0,80.0,0.237,0.287,0.36,0.646,68.0,0.292,66.0,114.0,3.0,4.0,4.0,2.0,0.0,*2/H,
Miguel Tejada,29.0,OAK,AL,4.9,162.0,703.0,636.0,98.0,177.0,42.0,0.0,27.0,106.0,10.0,0.0,53.0,65.0,0.278,0.336,0.472,0.807,111.0,0.362,115.0,300.0,12.0,6.0,0.0,8.0,7.0,*6,MVP-11
Mike Bacsik*,25.0,NYM,NL,0.0,4.0,3.0,3.0,0.0,0.0,0.0,0.0,0.0,0.0,0.0,0.0,0.0,1.0,0.0,0.0,0.0,0.0,-100.0,0.0,-146.0,0.0,0.0,0.0,0.0,0.0,0.0,/1,
Mike Bordick,37.0,TOR,AL,1.7,102.0,379.0,343.0,39.0,94.0,18.0,2.0,5.0,54.0,3.0,1.0,33.0,60.0,0.274,0.34,0.382,0.722,88.0,0.326,87.0,131.0,8.0,2.0,0.0,1.0,0.0,654/HD,
Mike Bynum*,25.0,SDP,NL,0.1,13.0,11.0,10.0,0.0,3.0,0.0,0.0,0.0,0.0,0.0,0.0,0.0,4.0,0.3,0.3,0.3,0.6,64.0,0.273,55.0,3.0,0.0,0.0,1.0,0.0,0.0,1,
Mike Cameron,30.0,SEA,AL,4.8,147.0,612.0,534.0,74.0,135.0,31.0,5.0,18.0,76.0,17.0,7.0,70.0,137.0,0.253,0.344,0.431,0.774,108.0,0.35,112.0,230.0,13.0,5.0,1.0,2.0,1.0,*8/H,GG
Mike Crudale,26.0,2TM,NL,0.0,22.0,0.0,0.0,0.0,0.0,0.0,0.0,0.0,0.0,0.0,0.0,0.0,0.0,,,,,,,,0.0,0.0,0.0,0.0,0.0,0.0,1,
Mike Crudale,26.0,STL,NL,0.0,13.0,0.0,0.0,0.0,0.0,0.0,0.0,0.0,0.0,0.0,0.0,0.0,0.0,,,,,,,,0.0,0.0,0.0,0.0,0.0,0.0,1,
Mike Crudale,26.0,MIL,NL,0.0,9.0,0.0,0.0,0.0,0.0,0.0,0.0,0.0,0.0,0.0,0.0,0.0,0.0,,,,,,,,0.0,0.0,0.0,0.0,0.0,0.0,/1,
Mike DeJean,32.0,2TM,NL,0.0,75.0,0.0,0.0,0.0,0.0,0.0,0.0,0.0,0.0,0.0,0.0,0.0,0.0,,,,,,,,0.0,0.0,0.0,0.0,0.0,0.0,1,
Mike DeJean,32.0,MIL,NL,0.0,57.0,0.0,0.0,0.0,0.0,0.0,0.0,0.0,0.0,0.0,0.0,0.0,0.0,,,,,,,,0.0,0.0,0.0,0.0,0.0,0.0,1,
Mike DeJean,32.0,STL,NL,0.0,18.0,0.0,0.0,0.0,0.0,0.0,0.0,0.0,0.0,0.0,0.0,0.0,0.0,,,,,,,,0.0,0.0,0.0,0.0,0.0,0.0,1,
Mike Difelice,34.0,KCR,AL,0.6,62.0,205.0,189.0,29.0,48.0,16.0,1.0,3.0,25.0,1.0,0.0,9.0,30.0,0.254,0.299,0.397,0.696,77.0,0.323,81.0,75.0,6.0,4.0,1.0,2.0,0.0,2/HD,
Mike Edwards,26.0,OAK,AL,-0.1,4.0,6.0,4.0,0.0,1.0,0.0,0.0,0.0,0.0,0.0,0.0,2.0,1.0,0.25,0.5,0.25,0.75,109.0,0.389,136.0,1.0,0.0,0.0,0.0,0.0,0.0,/H7D,
Mike Gallo*,26.0,HOU,NL,0.0,32.0,2.0,2.0,0.0,0.0,0.0,0.0,0.0,0.0,0.0,0.0,0.0,0.0,0.0,0.0,0.0,0.0,-100.0,0.0,-152.0,0.0,0.0,0.0,0.0,0.0,0.0,1,
Mike Glavine*,30.0,NYM,NL,-0.1,6.0,7.0,7.0,0.0,1.0,0.0,0.0,0.0,0.0,0.0,0.0,0.0,2.0,0.143,0.143,0.143,0.286,-24.0,0.13,-50.0,1.0,0.0,0.0,0.0,0.0,0.0,/H3,
Mike González,25.0,PIT,NL,0.0,16.0,0.0,0.0,0.0,0.0,0.0,0.0,0.0,0.0,0.0,0.0,0.0,0.0,,,,,,,,0.0,0.0,0.0,0.0,0.0,0.0,1,
Mike Hampton,30.0,ATL,NL,0.6,31.0,74.0,60.0,6.0,11.0,2.0,1.0,2.0,8.0,0.0,0.0,5.0,13.0,0.183,0.246,0.35,0.596,53.0,0.276,42.0,21.0,2.0,0.0,9.0,0.0,0.0,1/H,"GG,SS"
Mike Hessman,25.0,ATL,NL,0.4,19.0,26.0,21.0,2.0,6.0,2.0,0.0,2.0,3.0,0.0,0.0,5.0,6.0,0.286,0.423,0.667,1.09,178.0,0.448,176.0,14.0,2.0,0.0,0.0,0.0,1.0,/H7359,
Mike Kinkade,30.0,LAD,NL,-0.2,88.0,191.0,162.0,25.0,35.0,7.0,0.0,5.0,14.0,1.0,3.0,13.0,38.0,0.216,0.335,0.352,0.687,85.0,0.314,89.0,57.0,8.0,16.0,0.0,0.0,2.0,H73/59D,
Mike Koplove,26.0,ARI,NL,0.0,29.0,0.0,0.0,0.0,0.0,0.0,0.0,0.0,0.0,0.0,0.0,0.0,0.0,,,,,,,,0.0,0.0,0.0,0.0,0.0,0.0,1,
Mike Lamb*,27.0,TEX,AL,-0.5,28.0,42.0,38.0,3.0,5.0,0.0,0.0,0.0,2.0,1.0,0.0,2.0,7.0,0.132,0.19,0.132,0.322,-16.0,0.165,-35.0,5.0,1.0,1.0,0.0,1.0,0.0,H/D375,
Mike Lieberthal,31.0,PHI,NL,2.8,131.0,561.0,508.0,68.0,159.0,30.0,1.0,13.0,81.0,0.0,0.0,38.0,59.0,0.313,0.373,0.453,0.825,121.0,0.368,124.0,230.0,14.0,12.0,0.0,3.0,2.0,*2/H,
Mike Lincoln,28.0,PIT,NL,0.0,36.0,0.0,0.0,0.0,0.0,0.0,0.0,0.0,0.0,0.0,0.0,0.0,0.0,,,,,,,,0.0,0.0,0.0,0.0,0.0,0.0,1,
Mike Lowell,29.0,FLA,NL,2.8,130.0,557.0,492.0,76.0,136.0,27.0,1.0,32.0,105.0,3.0,1.0,56.0,78.0,0.276,0.35,0.53,0.881,128.0,0.378,126.0,261.0,14.0,3.0,0.0,6.0,6.0,*5/D,"AS,MVP-11,SS"
Mike MacDougal#,26.0,KCR,AL,0.0,4.0,0.0,0.0,0.0,0.0,0.0,0.0,0.0,0.0,0.0,0.0,0.0,0.0,,,,,,,,0.0,0.0,0.0,0.0,0.0,0.0,1,AS
Mike Maroth*,25.0,DET,AL,0.1,2.0,4.0,2.0,0.0,1.0,0.0,0.0,0.0,0.0,0.0,0.0,1.0,0.0,0.5,0.667,0.5,1.167,226.0,0.51,268.0,1.0,0.0,0.0,1.0,0.0,0.0,1,
Mike Matheny,32.0,STL,NL,0.1,141.0,498.0,441.0,43.0,111.0,18.0,2.0,8.0,47.0,1.0,1.0,44.0,81.0,0.252,0.32,0.356,0.676,79.0,0.302,71.0,157.0,11.0,2.0,8.0,3.0,16.0,*2/H3,GG
Mike Matthews*,29.0,SDP,NL,0.0,74.0,3.0,2.0,0.0,0.0,0.0,0.0,0.0,0.0,0.0,0.0,0.0,1.0,0.0,0.0,0.0,0.0,-100.0,0.0,-261.0,0.0,0.0,0.0,1.0,0.0,0.0,1,
Mike Mordecai,35.0,FLA,NL,-0.6,65.0,101.0,89.0,11.0,19.0,4.0,0.0,2.0,8.0,3.0,0.0,8.0,21.0,0.213,0.276,0.326,0.601,58.0,0.289,53.0,29.0,0.0,0.0,3.0,1.0,3.0,H645/3,
Mike Mussina*,34.0,NYY,AL,0.0,1.0,2.0,2.0,0.0,0.0,0.0,0.0,0.0,0.0,0.0,0.0,0.0,0.0,0.0,0.0,0.0,0.0,-100.0,0.0,-132.0,0.0,0.0,0.0,0.0,0.0,0.0,1,GG
Mike Myers*,34.0,ARI,NL,0.0,60.0,0.0,0.0,0.0,0.0,0.0,0.0,0.0,0.0,0.0,0.0,0.0,0.0,,,,,,,,0.0,0.0,0.0,0.0,0.0,0.0,1,
Mike Piazza,34.0,NYM,NL,2.1,68.0,273.0,234.0,37.0,67.0,13.0,0.0,11.0,34.0,0.0,0.0,35.0,40.0,0.286,0.377,0.483,0.86,126.0,0.383,130.0,113.0,11.0,1.0,0.0,3.0,3.0,2/H3,
Mike Redmond,32.0,FLA,NL,-0.4,59.0,141.0,125.0,12.0,30.0,7.0,1.0,0.0,11.0,0.0,0.0,7.0,16.0,0.24,0.302,0.312,0.614,63.0,0.293,64.0,39.0,2.0,5.0,2.0,2.0,0.0,2H/35,
Mike Remlinger*,37.0,CHC,NL,0.0,69.0,1.0,1.0,0.0,0.0,0.0,0.0,0.0,0.0,0.0,0.0,0.0,1.0,0.0,0.0,0.0,0.0,-100.0,0.0,-142.0,0.0,0.0,0.0,0.0,0.0,0.0,1,
Mike Rivera,26.0,SDP,NL,-0.4,19.0,58.0,53.0,2.0,9.0,1.0,0.0,1.0,2.0,0.0,0.0,5.0,11.0,0.17,0.241,0.245,0.487,33.0,0.227,25.0,13.0,4.0,0.0,0.0,0.0,0.0,2/3H,
Mike Ryan*,25.0,MIN,AL,0.9,27.0,68.0,61.0,13.0,24.0,7.0,0.0,5.0,13.0,2.0,1.0,6.0,12.0,0.393,0.441,0.754,1.195,207.0,0.507,217.0,46.0,4.0,0.0,0.0,1.0,0.0,9H/7D,
Mike Stanton*,36.0,NYM,NL,0.0,49.0,1.0,1.0,0.0,0.0,0.0,0.0,0.0,0.0,0.0,0.0,0.0,0.0,0.0,0.0,0.0,0.0,-100.0,0.0,-142.0,0.0,1.0,0.0,0.0,0.0,0.0,1,
Mike Sweeney,29.0,KCR,AL,2.1,108.0,463.0,392.0,62.0,115.0,18.0,1.0,16.0,83.0,3.0,2.0,64.0,56.0,0.293,0.391,0.467,0.858,120.0,0.386,127.0,183.0,13.0,2.0,0.0,5.0,5.0,D3/H,AS
Mike Timlin,37.0,BOS,AL,0.0,5.0,0.0,0.0,0.0,0.0,0.0,0.0,0.0,0.0,0.0,0.0,0.0,0.0,,,,,,,,0.0,0.0,0.0,0.0,0.0,0.0,1,
Mike Venafro*,29.0,TBD,AL,0.0,2.0,0.0,0.0,0.0,0.0,0.0,0.0,0.0,0.0,0.0,0.0,0.0,0.0,,,,,,,,0.0,0.0,0.0,0.0,0.0,0.0,1,
Mike Williams,34.0,2TM,NL,0.0,65.0,0.0,0.0,0.0,0.0,0.0,0.0,0.0,0.0,0.0,0.0,0.0,0.0,,,,,,,,0.0,0.0,0.0,0.0,0.0,0.0,1,AS
Mike Williams,34.0,PIT,NL,0.0,37.0,0.0,0.0,0.0,0.0,0.0,0.0,0.0,0.0,0.0,0.0,0.0,0.0,,,,,,,,0.0,0.0,0.0,0.0,0.0,0.0,1,
Mike Williams,34.0,PHI,NL,0.0,28.0,0.0,0.0,0.0,0.0,0.0,0.0,0.0,0.0,0.0,0.0,0.0,0.0,,,,,,,,0.0,0.0,0.0,0.0,0.0,0.0,1,
Milton Bradley#,25.0,CLE,AL,4.1,101.0,451.0,377.0,61.0,121.0,34.0,2.0,10.0,56.0,17.0,7.0,64.0,73.0,0.321,0.421,0.501,0.923,147.0,0.402,148.0,189.0,10.0,5.0,0.0,5.0,8.0,8/D,
Mitch Meluskey#,29.0,HOU,NL,-0.1,12.0,12.0,9.0,1.0,1.0,1.0,0.0,0.0,2.0,0.0,0.0,2.0,2.0,0.111,0.25,0.222,0.472,23.0,0.223,9.0,2.0,0.0,0.0,0.0,1.0,0.0,H,
MLB Average,,,,,,,,,,,,,,,,,,0.264,0.333,0.422,0.755,100.0,0.338,100.0,,,,,,,,
Mo Vaughn*,35.0,NYM,NL,-0.7,27.0,96.0,79.0,10.0,15.0,2.0,0.0,3.0,15.0,0.0,0.0,14.0,22.0,0.19,0.323,0.329,0.652,73.0,0.294,66.0,26.0,2.0,2.0,0.0,1.0,2.0,3/H,
Moisés Alou,36.0,CHC,NL,1.1,151.0,638.0,565.0,83.0,158.0,35.0,1.0,22.0,91.0,3.0,1.0,63.0,67.0,0.28,0.357,0.462,0.819,111.0,0.362,111.0,261.0,16.0,7.0,0.0,3.0,7.0,*7/DH,
Morgan Burkhart#,31.0,KCR,AL,-0.2,6.0,16.0,15.0,1.0,3.0,0.0,0.0,0.0,1.0,0.0,0.0,1.0,2.0,0.2,0.25,0.2,0.45,18.0,0.215,7.0,3.0,0.0,0.0,0.0,0.0,0.0,/3DH,
Morgan Ensberg,27.0,HOU,NL,4.8,127.0,441.0,385.0,69.0,112.0,15.0,1.0,25.0,60.0,7.0,2.0,48.0,60.0,0.291,0.377,0.53,0.907,131.0,0.399,135.0,204.0,10.0,6.0,1.0,1.0,1.0,*5H/D,
Nate Bland*,28.0,HOU,NL,0.0,19.0,0.0,0.0,0.0,0.0,0.0,0.0,0.0,0.0,0.0,0.0,0.0,0.0,,,,,,,,0.0,0.0,0.0,0.0,0.0,0.0,1,
Nate Bump*,26.0,FLA,NL,0.0,31.0,1.0,0.0,0.0,0.0,0.0,0.0,0.0,0.0,0.0,0.0,0.0,0.0,,,,,,,,0.0,0.0,0.0,1.0,0.0,0.0,1,
Nate Cornejo,23.0,DET,AL,-0.1,2.0,5.0,4.0,0.0,0.0,0.0,0.0,0.0,0.0,0.0,0.0,0.0,4.0,0.0,0.0,0.0,0.0,-100.0,0.0,-188.0,0.0,0.0,0.0,1.0,0.0,0.0,1,
Neifi Pérez#,30.0,SFG,NL,1.1,120.0,353.0,328.0,27.0,84.0,19.0,4.0,1.0,31.0,3.0,2.0,14.0,23.0,0.256,0.285,0.348,0.632,65.0,0.286,58.0,114.0,9.0,0.0,9.0,2.0,3.0,46H/5,
Nelson Cruz,30.0,COL,NL,0.1,19.0,15.0,13.0,1.0,2.0,1.0,0.0,0.0,1.0,0.0,0.0,0.0,2.0,0.154,0.154,0.231,0.385,-7.0,0.237,-5.0,3.0,0.0,0.0,2.0,0.0,0.0,1,
Nelson Figueroa#,29.0,PIT,NL,-0.1,12.0,7.0,7.0,0.0,0.0,0.0,0.0,0.0,0.0,0.0,0.0,0.0,4.0,0.0,0.0,0.0,0.0,-100.0,0.0,-149.0,0.0,0.0,0.0,0.0,0.0,0.0,1,
Nick Bierbrodt*,25.0,TBD,AL,0.0,1.0,0.0,0.0,0.0,0.0,0.0,0.0,0.0,0.0,0.0,0.0,0.0,0.0,,,,,,,,0.0,0.0,0.0,0.0,0.0,0.0,1,
Nick Johnson*,24.0,NYY,AL,2.5,96.0,406.0,324.0,60.0,92.0,19.0,0.0,14.0,47.0,5.0,2.0,70.0,57.0,0.284,0.422,0.472,0.894,138.0,0.395,141.0,153.0,9.0,8.0,3.0,1.0,4.0,3D/H,
Nick Punto#,25.0,PHI,NL,0.3,64.0,99.0,92.0,14.0,20.0,2.0,0.0,1.0,4.0,2.0,1.0,7.0,22.0,0.217,0.273,0.272,0.544,48.0,0.244,35.0,25.0,0.0,0.0,0.0,0.0,1.0,H4/56,
Noah Lowry,22.0,SFG,NL,0.1,4.0,2.0,2.0,1.0,1.0,0.0,0.0,0.0,0.0,0.0,0.0,0.0,1.0,0.5,0.5,0.5,1.0,164.0,0.455,183.0,1.0,0.0,0.0,0.0,0.0,0.0,/1,
Nomar Garciaparra,29.0,BOS,AL,6.1,156.0,719.0,658.0,120.0,198.0,37.0,13.0,28.0,105.0,19.0,5.0,39.0,61.0,0.301,0.345,0.524,0.87,121.0,0.379,121.0,345.0,10.0,11.0,1.0,10.0,1.0,*6/H,"AS,MVP-7"
Octavio Dotel,29.0,HOU,NL,-0.1,71.0,6.0,6.0,0.0,0.0,0.0,0.0,0.0,0.0,0.0,0.0,0.0,4.0,0.0,0.0,0.0,0.0,-100.0,0.0,-150.0,0.0,0.0,0.0,0.0,0.0,0.0,1,
Odalis Pérez*,25.0,LAD,NL,-0.3,28.0,63.0,52.0,3.0,5.0,0.0,0.0,0.0,0.0,0.0,0.0,1.0,14.0,0.096,0.113,0.096,0.209,-43.0,0.117,-87.0,5.0,2.0,0.0,10.0,0.0,0.0,1,
Omar Daal*,31.0,BAL,AL,0.0,1.0,0.0,0.0,0.0,0.0,0.0,0.0,0.0,0.0,0.0,0.0,0.0,0.0,,,,,,,,0.0,0.0,0.0,0.0,0.0,0.0,1,
Omar Infante,21.0,DET,AL,-0.6,69.0,244.0,221.0,24.0,49.0,6.0,1.0,0.0,8.0,6.0,3.0,18.0,37.0,0.222,0.278,0.258,0.536,48.0,0.253,47.0,57.0,1.0,0.0,3.0,2.0,0.0,6/54H,
Omar Vizquel#,36.0,CLE,AL,2.0,64.0,285.0,250.0,43.0,61.0,13.0,2.0,2.0,19.0,8.0,3.0,29.0,20.0,0.244,0.321,0.336,0.657,78.0,0.314,85.0,84.0,11.0,0.0,5.0,1.0,0.0,6/H,
Orber Moreno,26.0,NYM,NL,0.0,7.0,1.0,1.0,0.0,0.0,0.0,0.0,0.0,0.0,0.0,0.0,0.0,1.0,0.0,0.0,0.0,0.0,-100.0,0.0,-142.0,0.0,0.0,0.0,0.0,0.0,0.0,/1,
Orlando Cabrera,28.0,MON,NL,3.7,162.0,691.0,626.0,95.0,186.0,47.0,2.0,17.0,80.0,24.0,2.0,52.0,64.0,0.297,0.347,0.46,0.807,105.0,0.36,101.0,288.0,18.0,1.0,3.0,9.0,3.0,*6,
Orlando Hudson#,25.0,TOR,AL,3.2,142.0,521.0,474.0,54.0,127.0,21.0,6.0,9.0,57.0,5.0,4.0,39.0,87.0,0.268,0.328,0.395,0.723,87.0,0.323,86.0,187.0,13.0,5.0,0.0,3.0,1.0,*4/H,
Orlando Merced#,36.0,HOU,NL,-0.4,123.0,230.0,212.0,20.0,49.0,17.0,2.0,3.0,26.0,3.0,2.0,15.0,33.0,0.231,0.283,0.373,0.655,67.0,0.291,59.0,79.0,3.0,1.0,0.0,2.0,2.0,H937/D5,
Orlando Palmeiro*,34.0,STL,NL,-0.5,141.0,364.0,317.0,37.0,86.0,13.0,1.0,3.0,33.0,3.0,3.0,32.0,31.0,0.271,0.336,0.347,0.683,82.0,0.309,78.0,110.0,1.0,2.0,7.0,6.0,3.0,*9H78,
Pablo Ozuna,28.0,COL,NL,-0.1,17.0,45.0,40.0,5.0,8.0,1.0,0.0,0.0,2.0,3.0,0.0,2.0,6.0,0.2,0.273,0.225,0.498,25.0,0.254,7.0,9.0,1.0,2.0,1.0,0.0,0.0,/48H6,
Pat Borders,40.0,SEA,AL,-0.2,12.0,15.0,14.0,1.0,2.0,1.0,0.0,0.0,1.0,0.0,0.0,1.0,5.0,0.143,0.2,0.214,0.414,12.0,0.191,2.0,3.0,0.0,0.0,0.0,0.0,0.0,/2H5D,
Pat Burrell,26.0,PHI,NL,0.7,146.0,599.0,522.0,57.0,109.0,31.0,4.0,21.0,64.0,0.0,0.0,72.0,142.0,0.209,0.309,0.404,0.713,90.0,0.318,88.0,211.0,18.0,4.0,0.0,1.0,2.0,*7/HD,
Pat Hentgen,34.0,BAL,AL,-0.1,2.0,5.0,5.0,0.0,0.0,0.0,0.0,0.0,0.0,0.0,0.0,0.0,0.0,0.0,0.0,0.0,0.0,-100.0,0.0,-134.0,0.0,0.0,0.0,0.0,0.0,0.0,1,
Pat Mahomes,32.0,PIT,NL,0.0,9.0,4.0,4.0,0.0,1.0,0.0,0.0,0.0,0.0,0.0,0.0,0.0,2.0,0.25,0.25,0.25,0.5,30.0,0.204,-2.0,1.0,0.0,0.0,0.0,0.0,0.0,/1,
Pat Strange,22.0,NYM,NL,0.0,6.0,1.0,1.0,0.0,0.0,0.0,0.0,0.0,0.0,0.0,0.0,0.0,0.0,0.0,0.0,0.0,0.0,-100.0,0.0,-142.0,0.0,0.0,0.0,0.0,0.0,0.0,/1,
Paul Bako*,31.0,CHC,NL,0.5,70.0,213.0,188.0,19.0,43.0,13.0,3.0,0.0,17.0,0.0,1.0,22.0,47.0,0.229,0.311,0.33,0.641,67.0,0.302,69.0,62.0,2.0,1.0,1.0,1.0,3.0,2/H,
Paul Konerko,27.0,CHW,AL,-0.6,137.0,495.0,444.0,49.0,104.0,19.0,0.0,18.0,65.0,0.0,0.0,43.0,50.0,0.234,0.305,0.399,0.704,83.0,0.311,78.0,177.0,28.0,4.0,0.0,4.0,7.0,*3HD,
Paul Lo Duca,31.0,LAD,NL,3.8,147.0,630.0,568.0,64.0,155.0,34.0,2.0,7.0,52.0,0.0,2.0,44.0,54.0,0.273,0.335,0.377,0.712,91.0,0.323,92.0,214.0,21.0,10.0,7.0,1.0,6.0,*23/7H,AS
Paul Quantrill*,34.0,LAD,NL,0.0,85.0,1.0,1.0,0.0,0.0,0.0,0.0,0.0,0.0,0.0,0.0,0.0,1.0,0.0,0.0,0.0,0.0,-100.0,0.0,-133.0,0.0,0.0,0.0,0.0,0.0,0.0,1,
Paul Shuey,32.0,LAD,NL,0.0,59.0,2.0,2.0,0.0,0.0,0.0,0.0,0.0,0.0,0.0,0.0,0.0,0.0,0.0,0.0,0.0,0.0,-100.0,0.0,-143.0,0.0,0.0,0.0,0.0,0.0,0.0,1,
Paul Wilson,30.0,CIN,NL,-0.2,28.0,59.0,52.0,1.0,6.0,1.0,0.0,0.0,1.0,0.0,0.0,2.0,28.0,0.115,0.145,0.135,0.28,-24.0,0.148,-46.0,7.0,1.0,0.0,4.0,1.0,0.0,1/H,
Pedro Astacio,34.0,NYM,NL,-0.1,7.0,14.0,11.0,1.0,1.0,0.0,0.0,0.0,0.0,0.0,0.0,0.0,2.0,0.091,0.091,0.091,0.182,-52.0,0.074,-144.0,1.0,0.0,0.0,3.0,0.0,0.0,/1,
Pedro Borbón,35.0,STL,NL,0.0,7.0,0.0,0.0,0.0,0.0,0.0,0.0,0.0,0.0,0.0,0.0,0.0,0.0,,,,,,,,0.0,0.0,0.0,0.0,0.0,0.0,/1,
Pedro Feliciano*,26.0,NYM,NL,0.0,21.0,5.0,3.0,0.0,0.0,0.0,0.0,0.0,0.0,0.0,0.0,1.0,1.0,0.0,0.25,0.0,0.25,-26.0,0.178,-45.0,0.0,0.0,0.0,1.0,0.0,0.0,1,
Pedro Feliz,28.0,SFG,NL,1.0,95.0,249.0,235.0,31.0,58.0,9.0,3.0,16.0,48.0,2.0,2.0,10.0,53.0,0.247,0.278,0.515,0.793,102.0,0.341,100.0,121.0,7.0,1.0,1.0,2.0,0.0,5H73/9,
Pedro Martínez,31.0,BOS,AL,-0.1,1.0,3.0,3.0,0.0,0.0,0.0,0.0,0.0,0.0,0.0,0.0,0.0,0.0,0.0,0.0,0.0,0.0,-100.0,0.0,-141.0,0.0,0.0,0.0,0.0,0.0,0.0,1,"CYA-3,MVP-22"
Pedro Swann*,32.0,BAL,AL,0.1,8.0,15.0,14.0,3.0,3.0,1.0,0.0,1.0,2.0,0.0,0.0,1.0,4.0,0.214,0.267,0.5,0.767,97.0,0.383,131.0,7.0,1.0,0.0,0.0,0.0,0.0,/7HD,
Pete LaForest*,25.0,TBD,AL,-0.6,19.0,51.0,48.0,0.0,8.0,2.0,0.0,0.0,6.0,0.0,0.0,1.0,14.0,0.167,0.196,0.208,0.404,10.0,0.2,8.0,10.0,1.0,1.0,0.0,1.0,0.0,D/H2,
Pete Walker,34.0,TOR,AL,0.0,1.0,0.0,0.0,0.0,0.0,0.0,0.0,0.0,0.0,0.0,0.0,0.0,0.0,,,,,,,,0.0,0.0,0.0,0.0,0.0,0.0,1,
Peter Munro,28.0,HOU,NL,0.1,37.0,4.0,1.0,0.0,0.0,0.0,0.0,0.0,0.0,0.0,0.0,1.0,0.0,0.0,0.5,0.0,0.5,45.0,0.355,109.0,0.0,0.0,0.0,2.0,0.0,0.0,1,
Peter Zoccolillo*,26.0,MIL,NL,-0.5,20.0,39.0,37.0,0.0,4.0,1.0,0.0,0.0,3.0,0.0,0.0,2.0,13.0,0.108,0.154,0.135,0.289,-23.0,0.162,-30.0,5.0,1.0,0.0,0.0,0.0,0.0,H/97,
Phil Nevin,32.0,SDP,NL,0.5,59.0,248.0,226.0,30.0,63.0,8.0,0.0,13.0,46.0,2.0,0.0,21.0,44.0,0.279,0.339,0.487,0.825,121.0,0.371,127.0,110.0,9.0,0.0,0.0,1.0,1.0,39,
Phil Norton,27.0,2TM,NL,0.0,21.0,1.0,1.0,0.0,0.0,0.0,0.0,0.0,0.0,0.0,0.0,0.0,1.0,0.0,0.0,0.0,0.0,-100.0,0.0,-133.0,0.0,0.0,0.0,0.0,0.0,0.0,1,
Phil Norton,27.0,CHC,NL,0.0,4.0,0.0,0.0,0.0,0.0,0.0,0.0,0.0,0.0,0.0,0.0,0.0,0.0,,,,,,,,0.0,0.0,0.0,0.0,0.0,0.0,/1,
Phil Norton,27.0,CIN,NL,0.0,17.0,1.0,1.0,0.0,0.0,0.0,0.0,0.0,0.0,0.0,0.0,0.0,1.0,0.0,0.0,0.0,0.0,-100.0,0.0,-133.0,0.0,0.0,0.0,0.0,0.0,0.0,1,
Plácido Polanco,27.0,PHI,NL,4.6,122.0,554.0,492.0,87.0,142.0,30.0,3.0,14.0,63.0,14.0,2.0,42.0,38.0,0.289,0.352,0.447,0.799,113.0,0.36,115.0,220.0,16.0,8.0,8.0,4.0,1.0,45/H,
Pokey Reese,30.0,PIT,NL,-0.4,37.0,120.0,107.0,9.0,23.0,2.0,0.0,1.0,12.0,6.0,0.0,9.0,31.0,0.215,0.271,0.262,0.533,39.0,0.269,33.0,28.0,2.0,0.0,2.0,2.0,1.0,4/H,
Prentice Redman,23.0,NYM,NL,-0.5,15.0,27.0,24.0,3.0,3.0,1.0,0.0,1.0,2.0,2.0,0.0,1.0,9.0,0.125,0.192,0.292,0.484,26.0,0.231,5.0,7.0,1.0,1.0,1.0,0.0,0.0,/8H9,
Preston Wilson,28.0,COL,NL,2.7,155.0,661.0,600.0,94.0,169.0,43.0,1.0,36.0,141.0,14.0,7.0,54.0,139.0,0.282,0.343,0.537,0.88,113.0,0.385,116.0,322.0,23.0,4.0,0.0,3.0,1.0,*8/H,"AS,MVP-16"
Quinton McCracken#,32.0,ARI,NL,-1.7,115.0,226.0,203.0,17.0,46.0,5.0,2.0,0.0,18.0,5.0,1.0,15.0,34.0,0.227,0.276,0.271,0.547,39.0,0.257,25.0,55.0,4.0,0.0,5.0,3.0,2.0,H987/D,
R.A. Dickey,28.0,TEX,AL,0.0,2.0,1.0,1.0,0.0,1.0,0.0,0.0,0.0,0.0,0.0,0.0,0.0,0.0,1.0,1.0,1.0,2.0,411.0,0.909,500.0,1.0,0.0,0.0,0.0,0.0,0.0,1,
Rafael Betancourt,28.0,CLE,AL,0.0,1.0,0.0,0.0,0.0,0.0,0.0,0.0,0.0,0.0,0.0,0.0,0.0,0.0,,,,,,,,0.0,0.0,0.0,0.0,0.0,0.0,1,
Rafael Furcal#,25.0,ATL,NL,4.9,156.0,734.0,664.0,130.0,194.0,35.0,10.0,15.0,61.0,25.0,2.0,60.0,76.0,0.292,0.352,0.443,0.794,105.0,0.361,106.0,294.0,1.0,3.0,3.0,4.0,2.0,*6/H,"AS,MVP-33"
Rafael Palmeiro*,38.0,TEX,AL,3.6,154.0,654.0,561.0,92.0,146.0,21.0,2.0,38.0,112.0,2.0,0.0,84.0,77.0,0.26,0.359,0.508,0.867,117.0,0.377,116.0,285.0,7.0,5.0,0.0,4.0,9.0,D3/H,
Rafael Soriano,23.0,SEA,AL,0.0,1.0,0.0,0.0,0.0,0.0,0.0,0.0,0.0,0.0,0.0,0.0,0.0,0.0,,,,,,,,0.0,0.0,0.0,0.0,0.0,0.0,1,
Ramiro Mendoza,31.0,BOS,AL,0.0,3.0,0.0,0.0,0.0,0.0,0.0,0.0,0.0,0.0,0.0,0.0,0.0,0.0,,,,,,,,0.0,0.0,0.0,0.0,0.0,0.0,1,
Ramón Castro,27.0,FLA,NL,0.5,40.0,57.0,53.0,6.0,15.0,2.0,0.0,5.0,8.0,0.0,0.0,4.0,11.0,0.283,0.333,0.604,0.937,140.0,0.398,140.0,32.0,0.0,0.0,0.0,0.0,0.0,H2/D,
Ramón Hernández,27.0,OAK,AL,3.4,140.0,536.0,483.0,70.0,132.0,24.0,1.0,21.0,78.0,0.0,0.0,33.0,79.0,0.273,0.331,0.458,0.789,107.0,0.354,111.0,221.0,14.0,12.0,2.0,6.0,2.0,*2/H,AS
Ramón Martínez,30.0,CHC,NL,-0.8,108.0,333.0,293.0,30.0,83.0,16.0,1.0,3.0,34.0,0.0,1.0,24.0,50.0,0.283,0.333,0.375,0.709,84.0,0.329,89.0,110.0,8.0,2.0,6.0,8.0,1.0,456H/3,
Ramón Nivar,23.0,TEX,AL,-0.4,28.0,97.0,90.0,9.0,19.0,1.0,2.0,0.0,7.0,4.0,2.0,4.0,10.0,0.211,0.253,0.267,0.519,32.0,0.251,28.0,24.0,1.0,1.0,2.0,0.0,0.0,8/HD,
Ramón Ortiz,30.0,ANA,AL,-0.1,2.0,6.0,5.0,1.0,0.0,0.0,0.0,0.0,0.0,0.0,0.0,0.0,2.0,0.0,0.0,0.0,0.0,-100.0,0.0,-181.0,0.0,0.0,0.0,1.0,0.0,0.0,1,
Ramón Santiago#,23.0,DET,AL,-0.8,141.0,507.0,444.0,41.0,100.0,18.0,1.0,2.0,29.0,10.0,4.0,33.0,66.0,0.225,0.292,0.284,0.576,59.0,0.275,61.0,126.0,9.0,10.0,18.0,2.0,0.0,64/H,
Ramón Vázquez*,26.0,SDP,NL,1.2,116.0,484.0,422.0,56.0,110.0,17.0,4.0,3.0,30.0,10.0,3.0,52.0,88.0,0.261,0.342,0.341,0.684,87.0,0.322,92.0,144.0,4.0,2.0,5.0,3.0,2.0,6/H54,
Randall Simon*,28.0,2TM,NL,0.3,124.0,431.0,410.0,47.0,113.0,17.0,0.0,16.0,72.0,0.0,0.0,16.0,37.0,0.276,0.309,0.434,0.743,90.0,0.336,91.0,178.0,7.0,4.0,0.0,1.0,2.0,*3H,
Randall Simon*,28.0,PIT,NL,-0.2,91.0,321.0,307.0,34.0,84.0,14.0,0.0,10.0,51.0,0.0,0.0,12.0,30.0,0.274,0.305,0.417,0.722,85.0,0.327,85.0,128.0,6.0,2.0,0.0,0.0,1.0,3H,
Randall Simon*,28.0,CHC,NL,0.4,33.0,110.0,103.0,13.0,29.0,3.0,0.0,6.0,21.0,0.0,0.0,4.0,7.0,0.282,0.318,0.485,0.804,105.0,0.36,109.0,50.0,1.0,2.0,0.0,1.0,1.0,3/H,
Randy Johnson,39.0,ARI,NL,0.1,17.0,38.0,36.0,2.0,7.0,0.0,0.0,1.0,3.0,0.0,0.0,0.0,17.0,0.194,0.194,0.278,0.472,18.0,0.208,-12.0,10.0,0.0,0.0,2.0,0.0,0.0,1,
Randy Keisler*,27.0,SDP,NL,0.0,3.0,2.0,2.0,0.0,0.0,0.0,0.0,0.0,0.0,0.0,0.0,0.0,1.0,0.0,0.0,0.0,0.0,-100.0,0.0,-139.0,0.0,0.0,0.0,0.0,0.0,0.0,/1H,
Randy Winn#,29.0,SEA,AL,3.5,157.0,660.0,600.0,103.0,177.0,37.0,4.0,11.0,75.0,23.0,5.0,41.0,108.0,0.295,0.346,0.425,0.771,107.0,0.343,105.0,255.0,9.0,8.0,6.0,5.0,0.0,*78/9,
Randy Wolf*,26.0,PHI,NL,0.6,33.0,82.0,70.0,9.0,14.0,6.0,0.0,0.0,11.0,0.0,0.0,5.0,22.0,0.2,0.25,0.286,0.536,44.0,0.252,36.0,20.0,1.0,0.0,6.0,1.0,0.0,1,AS
Ray Durham#,31.0,SFG,NL,3.2,110.0,469.0,410.0,61.0,117.0,30.0,5.0,8.0,33.0,7.0,7.0,50.0,82.0,0.285,0.366,0.441,0.807,111.0,0.36,115.0,181.0,4.0,3.0,4.0,2.0,2.0,4/H,
Ray King*,29.0,ATL,NL,0.0,77.0,0.0,0.0,0.0,0.0,0.0,0.0,0.0,0.0,0.0,0.0,0.0,0.0,,,,,,,,0.0,0.0,0.0,0.0,0.0,0.0,1,
Ray Olmedo#,22.0,CIN,NL,-0.6,79.0,250.0,230.0,24.0,55.0,6.0,1.0,0.0,17.0,1.0,1.0,13.0,46.0,0.239,0.28,0.274,0.554,49.0,0.262,45.0,63.0,4.0,0.0,7.0,0.0,0.0,64H,
Raúl Chávez,30.0,HOU,NL,0.1,19.0,38.0,37.0,5.0,10.0,1.0,1.0,1.0,4.0,0.0,0.0,1.0,6.0,0.27,0.289,0.432,0.722,83.0,0.311,73.0,16.0,3.0,0.0,0.0,0.0,0.0,2/H,
Raúl González,29.0,NYM,NL,0.3,107.0,246.0,217.0,28.0,50.0,12.0,2.0,2.0,21.0,3.0,0.0,27.0,34.0,0.23,0.317,0.332,0.649,72.0,0.318,81.0,72.0,8.0,1.0,0.0,1.0,1.0,79H8,
Raúl Ibañez*,31.0,KCR,AL,2.4,157.0,671.0,608.0,95.0,179.0,33.0,5.0,18.0,90.0,8.0,4.0,49.0,81.0,0.294,0.345,0.454,0.799,103.0,0.352,103.0,276.0,10.0,3.0,1.0,10.0,5.0,*73D/9H,
Raúl Mondesi,32.0,2TM,2LG,2.8,143.0,586.0,523.0,83.0,142.0,31.0,4.0,24.0,71.0,22.0,11.0,56.0,97.0,0.272,0.343,0.484,0.827,114.0,0.362,114.0,253.0,9.0,3.0,0.0,4.0,6.0,*9/H8D,
Raúl Mondesi,32.0,NYY,AL,2.3,98.0,403.0,361.0,56.0,93.0,23.0,3.0,16.0,49.0,17.0,7.0,38.0,66.0,0.258,0.33,0.471,0.801,110.0,0.349,109.0,170.0,6.0,2.0,0.0,2.0,6.0,9/DH,
Raúl Mondesi,32.0,ARI,NL,0.5,45.0,183.0,162.0,27.0,49.0,8.0,1.0,8.0,22.0,5.0,4.0,18.0,31.0,0.302,0.372,0.512,0.884,121.0,0.388,127.0,83.0,3.0,1.0,0.0,2.0,0.0,9/8H,
Reed Johnson,26.0,TOR,AL,1.4,114.0,457.0,412.0,79.0,121.0,21.0,2.0,10.0,52.0,5.0,3.0,20.0,67.0,0.294,0.353,0.427,0.78,102.0,0.357,109.0,176.0,10.0,20.0,1.0,4.0,1.0,*97H/8D,
Reggie Sanders,35.0,PIT,NL,3.1,130.0,498.0,453.0,74.0,129.0,27.0,4.0,31.0,87.0,15.0,5.0,38.0,110.0,0.285,0.345,0.567,0.913,131.0,0.399,135.0,257.0,10.0,5.0,0.0,2.0,4.0,*97H/D,
Reggie Taylor*,26.0,CIN,NL,-0.4,100.0,194.0,180.0,17.0,39.0,5.0,2.0,5.0,19.0,7.0,0.0,11.0,68.0,0.217,0.266,0.35,0.616,63.0,0.286,56.0,63.0,4.0,1.0,2.0,0.0,0.0,H87/9,
René Reyes#,25.0,COL,NL,0.0,53.0,123.0,116.0,13.0,30.0,7.0,1.0,2.0,7.0,2.0,1.0,5.0,19.0,0.259,0.287,0.388,0.675,64.0,0.3,54.0,45.0,3.0,0.0,1.0,1.0,0.0,9H7/8,
Rey Ordóñez,32.0,TBD,AL,0.7,34.0,124.0,117.0,14.0,37.0,11.0,0.0,3.0,22.0,0.0,2.0,2.0,12.0,0.316,0.328,0.487,0.815,116.0,0.362,127.0,57.0,3.0,1.0,2.0,2.0,0.0,6,
Rey Sánchez,35.0,2TM,2LG,0.1,102.0,369.0,344.0,33.0,86.0,8.0,2.0,0.0,23.0,2.0,1.0,16.0,39.0,0.25,0.285,0.285,0.57,53.0,0.27,53.0,98.0,10.0,2.0,4.0,3.0,3.0,64/H,
Rey Sánchez,35.0,NYM,NL,-1.0,56.0,183.0,174.0,11.0,36.0,3.0,1.0,0.0,12.0,1.0,1.0,8.0,18.0,0.207,0.24,0.236,0.476,27.0,0.23,21.0,41.0,7.0,0.0,0.0,1.0,2.0,64/H,
Rey Sánchez,35.0,SEA,AL,1.1,46.0,186.0,170.0,22.0,50.0,5.0,1.0,0.0,11.0,1.0,0.0,8.0,21.0,0.294,0.33,0.335,0.665,81.0,0.309,83.0,57.0,3.0,2.0,4.0,2.0,1.0,6,
Reynaldo García,29.0,TEX,AL,0.0,2.0,0.0,0.0,0.0,0.0,0.0,0.0,0.0,0.0,0.0,0.0,0.0,0.0,,,,,,,,0.0,0.0,0.0,0.0,0.0,0.0,1,
Rhéal Cormier*,36.0,PHI,NL,0.1,61.0,3.0,2.0,1.0,1.0,0.0,0.0,0.0,0.0,0.0,0.0,1.0,0.0,0.5,0.667,0.5,1.167,221.0,0.54,249.0,1.0,0.0,0.0,0.0,0.0,0.0,1,
Ricardo Rincón*,33.0,OAK,AL,0.0,3.0,0.0,0.0,0.0,0.0,0.0,0.0,0.0,0.0,0.0,0.0,0.0,0.0,,,,,,,,0.0,0.0,0.0,0.0,0.0,0.0,1,
Ricardo Rodríguez*,25.0,CLE,AL,0.0,2.0,3.0,3.0,0.0,0.0,0.0,0.0,0.0,0.0,0.0,0.0,0.0,1.0,0.0,0.0,0.0,0.0,-100.0,0.0,-132.0,0.0,0.0,0.0,0.0,0.0,0.0,1,
Rich Aurilia,31.0,SFG,NL,0.8,129.0,545.0,505.0,65.0,140.0,26.0,1.0,13.0,58.0,2.0,2.0,36.0,82.0,0.277,0.325,0.41,0.735,91.0,0.329,90.0,207.0,18.0,1.0,0.0,3.0,0.0,*6/HD,
Richard Hidalgo,28.0,HOU,NL,5.7,141.0,585.0,514.0,91.0,159.0,43.0,4.0,28.0,88.0,9.0,7.0,58.0,104.0,0.309,0.385,0.572,0.957,143.0,0.409,145.0,294.0,10.0,8.0,0.0,5.0,8.0,*9/HD,MVP-18
Richie Sexson,28.0,MIL,NL,3.2,162.0,718.0,606.0,97.0,165.0,28.0,2.0,45.0,124.0,2.0,3.0,98.0,151.0,0.272,0.379,0.548,0.927,140.0,0.404,146.0,332.0,18.0,9.0,0.0,5.0,7.0,*3,"AS,MVP-12"
Rick Bauer,26.0,BAL,AL,0.0,4.0,0.0,0.0,0.0,0.0,0.0,0.0,0.0,0.0,0.0,0.0,0.0,0.0,,,,,,,,0.0,0.0,0.0,0.0,0.0,0.0,1,
Rick DeHart*,33.0,KCR,AL,0.0,2.0,1.0,1.0,0.0,0.0,0.0,0.0,0.0,0.0,0.0,0.0,0.0,1.0,0.0,0.0,0.0,0.0,-100.0,0.0,-150.0,0.0,0.0,0.0,0.0,0.0,0.0,/1,
Rick Helling,32.0,2TM,2LG,0.1,12.0,3.0,3.0,0.0,1.0,1.0,0.0,0.0,0.0,0.0,0.0,0.0,1.0,0.333,0.333,0.667,1.0,155.0,0.418,154.0,2.0,0.0,0.0,0.0,0.0,0.0,1,
Rick Helling,32.0,BAL,AL,0.0,1.0,1.0,1.0,0.0,0.0,0.0,0.0,0.0,0.0,0.0,0.0,0.0,1.0,0.0,0.0,0.0,0.0,-100.0,0.0,-142.0,0.0,0.0,0.0,0.0,0.0,0.0,1,
Rick Helling,32.0,FLA,NL,0.1,11.0,2.0,2.0,0.0,1.0,1.0,0.0,0.0,0.0,0.0,0.0,0.0,0.0,0.5,0.5,1.0,1.5,282.0,0.627,309.0,2.0,0.0,0.0,0.0,0.0,0.0,1,
Rick White,34.0,2TM,2LG,0.0,18.0,0.0,0.0,0.0,0.0,0.0,0.0,0.0,0.0,0.0,0.0,0.0,0.0,,,,,,,,0.0,0.0,0.0,0.0,0.0,0.0,1,
Rick White,34.0,CHW,AL,0.0,3.0,0.0,0.0,0.0,0.0,0.0,0.0,0.0,0.0,0.0,0.0,0.0,0.0,,,,,,,,0.0,0.0,0.0,0.0,0.0,0.0,1,
Rick White,34.0,HOU,NL,0.0,15.0,0.0,0.0,0.0,0.0,0.0,0.0,0.0,0.0,0.0,0.0,0.0,0.0,,,,,,,,0.0,0.0,0.0,0.0,0.0,0.0,1,
Rickey Henderson,44.0,LAD,NL,0.2,30.0,84.0,72.0,7.0,15.0,1.0,0.0,2.0,5.0,3.0,0.0,11.0,16.0,0.208,0.321,0.306,0.627,70.0,0.314,78.0,22.0,0.0,1.0,0.0,0.0,0.0,7H,
Rickie Weeks,20.0,MIL,NL,-0.1,7.0,14.0,12.0,1.0,2.0,1.0,0.0,0.0,0.0,0.0,0.0,1.0,6.0,0.167,0.286,0.25,0.536,43.0,0.258,40.0,3.0,0.0,1.0,0.0,0.0,0.0,/4H,
Ricky Bottalico*,33.0,ARI,NL,0.0,2.0,0.0,0.0,0.0,0.0,0.0,0.0,0.0,0.0,0.0,0.0,0.0,0.0,,,,,,,,0.0,0.0,0.0,0.0,0.0,0.0,/1,
Ricky Gutiérrez,33.0,CLE,AL,-0.5,16.0,56.0,50.0,2.0,13.0,3.0,0.0,0.0,3.0,0.0,0.0,3.0,5.0,0.26,0.309,0.32,0.629,70.0,0.299,75.0,16.0,1.0,1.0,1.0,1.0,0.0,/65H,
Ricky Ledée*,29.0,PHI,NL,0.3,121.0,291.0,255.0,37.0,63.0,15.0,2.0,13.0,46.0,0.0,0.0,34.0,59.0,0.247,0.334,0.475,0.809,115.0,0.348,110.0,121.0,4.0,0.0,1.0,1.0,5.0,H87/D9,
Ricky Stone,28.0,HOU,NL,0.0,62.0,3.0,3.0,0.0,0.0,0.0,0.0,0.0,0.0,0.0,0.0,0.0,2.0,0.0,0.0,0.0,0.0,-100.0,0.0,-151.0,0.0,0.0,0.0,0.0,0.0,0.0,1,
Rob Bell,26.0,TBD,AL,0.0,1.0,2.0,2.0,0.0,0.0,0.0,0.0,0.0,0.0,0.0,0.0,0.0,1.0,0.0,0.0,0.0,0.0,-100.0,0.0,-128.0,0.0,0.0,0.0,0.0,0.0,0.0,1,
Rob Bowen#,22.0,MIN,AL,-0.3,7.0,11.0,10.0,0.0,1.0,0.0,0.0,0.0,1.0,0.0,0.0,0.0,4.0,0.1,0.091,0.1,0.191,-50.0,0.083,-79.0,1.0,1.0,0.0,0.0,1.0,0.0,/2H,
Rob Mackowiak*,27.0,PIT,NL,0.5,77.0,193.0,174.0,20.0,47.0,4.0,4.0,6.0,19.0,6.0,0.0,15.0,53.0,0.27,0.342,0.443,0.784,101.0,0.357,101.0,77.0,1.0,4.0,0.0,0.0,2.0,H549/78,
Robb Quinlan,26.0,ANA,AL,-0.1,38.0,101.0,94.0,13.0,27.0,4.0,2.0,0.0,4.0,1.0,2.0,6.0,16.0,0.287,0.33,0.372,0.702,87.0,0.312,88.0,35.0,3.0,0.0,1.0,0.0,0.0,3/DH7,
Robby Hammock,26.0,ARI,NL,0.6,65.0,216.0,195.0,30.0,55.0,10.0,2.0,8.0,28.0,3.0,2.0,17.0,44.0,0.282,0.343,0.477,0.82,105.0,0.352,99.0,93.0,5.0,2.0,0.0,2.0,3.0,259/7HD,
Robert Fick*,29.0,ATL,NL,0.6,126.0,460.0,409.0,52.0,110.0,26.0,1.0,11.0,80.0,1.0,0.0,42.0,47.0,0.269,0.335,0.418,0.753,95.0,0.333,90.0,171.0,9.0,2.0,0.0,7.0,4.0,*3H,
Robert Machado,30.0,BAL,AL,0.4,18.0,55.0,49.0,8.0,13.0,1.0,0.0,1.0,3.0,0.0,0.0,6.0,12.0,0.265,0.345,0.347,0.692,85.0,0.318,86.0,17.0,0.0,0.0,0.0,0.0,0.0,2/H,
Robert Person,33.0,BOS,AL,0.0,2.0,1.0,1.0,0.0,0.0,0.0,0.0,0.0,0.0,0.0,0.0,0.0,1.0,0.0,0.0,0.0,0.0,-100.0,0.0,-150.0,0.0,0.0,0.0,0.0,0.0,0.0,/1,
Roberto Alomar#,35.0,2TM,2LG,-0.1,140.0,598.0,516.0,76.0,133.0,28.0,2.0,5.0,39.0,12.0,2.0,59.0,77.0,0.258,0.333,0.349,0.682,80.0,0.322,84.0,180.0,17.0,3.0,12.0,8.0,3.0,*4/H,
Roberto Alomar#,35.0,NYM,NL,-0.2,73.0,302.0,263.0,34.0,69.0,17.0,1.0,2.0,22.0,6.0,0.0,29.0,40.0,0.262,0.336,0.357,0.693,84.0,0.32,81.0,94.0,8.0,2.0,4.0,4.0,2.0,4/H,
Roberto Alomar#,35.0,CHW,AL,0.1,67.0,296.0,253.0,42.0,64.0,11.0,1.0,3.0,17.0,6.0,2.0,30.0,37.0,0.253,0.33,0.34,0.67,77.0,0.324,86.0,86.0,9.0,1.0,8.0,4.0,1.0,4/H,
Roberto Hernández,38.0,ATL,NL,0.0,64.0,0.0,0.0,0.0,0.0,0.0,0.0,0.0,0.0,0.0,0.0,0.0,0.0,,,,,,,,0.0,0.0,0.0,0.0,0.0,0.0,1,
Robin Ventura*,35.0,2TM,2LG,1.8,138.0,453.0,392.0,42.0,95.0,18.0,1.0,14.0,55.0,0.0,0.0,58.0,87.0,0.242,0.34,0.401,0.741,97.0,0.337,100.0,157.0,11.0,0.0,3.0,0.0,4.0,53H/D4,
Robin Ventura*,35.0,NYY,AL,1.7,89.0,326.0,283.0,31.0,71.0,13.0,0.0,9.0,42.0,0.0,0.0,40.0,62.0,0.251,0.344,0.392,0.736,96.0,0.334,98.0,111.0,8.0,0.0,3.0,0.0,2.0,5H/D4,
Robin Ventura*,35.0,LAD,NL,0.0,49.0,127.0,109.0,11.0,24.0,5.0,1.0,5.0,13.0,0.0,0.0,18.0,25.0,0.22,0.331,0.422,0.753,100.0,0.343,105.0,46.0,3.0,0.0,0.0,0.0,2.0,3/H5,
Rocco Baldelli,21.0,TBD,AL,2.9,156.0,684.0,637.0,89.0,184.0,32.0,8.0,11.0,78.0,27.0,10.0,30.0,128.0,0.289,0.326,0.416,0.742,99.0,0.329,97.0,265.0,10.0,8.0,3.0,6.0,4.0,*8/HD,ROY-3
Rocky Biddle,27.0,MON,NL,0.0,71.0,1.0,1.0,0.0,0.0,0.0,0.0,0.0,0.0,0.0,0.0,0.0,1.0,0.0,0.0,0.0,0.0,-100.0,0.0,-142.0,0.0,0.0,0.0,0.0,0.0,0.0,1,
Rod Barajas,27.0,ARI,NL,-0.8,80.0,239.0,220.0,19.0,48.0,15.0,0.0,3.0,28.0,0.0,0.0,14.0,43.0,0.218,0.265,0.327,0.592,49.0,0.262,30.0,72.0,6.0,1.0,1.0,3.0,7.0,2/H,
Rod Beck,34.0,SDP,NL,0.0,33.0,0.0,0.0,0.0,0.0,0.0,0.0,0.0,0.0,0.0,0.0,0.0,0.0,,,,,,,,0.0,0.0,0.0,0.0,0.0,0.0,1,
Rodney Myers,34.0,LAD,NL,0.0,4.0,2.0,2.0,0.0,0.0,0.0,0.0,0.0,0.0,0.0,0.0,0.0,2.0,0.0,0.0,0.0,0.0,-100.0,0.0,-143.0,0.0,0.0,0.0,0.0,0.0,0.0,/1,
Rodrigo López,27.0,BAL,AL,0.0,1.0,2.0,2.0,0.0,0.0,0.0,0.0,0.0,0.0,0.0,0.0,0.0,2.0,0.0,0.0,0.0,0.0,-100.0,0.0,-132.0,0.0,0.0,0.0,0.0,0.0,0.0,1,
Rodrigo Rosario,25.0,HOU,NL,0.0,1.0,0.0,0.0,0.0,0.0,0.0,0.0,0.0,0.0,0.0,0.0,0.0,0.0,,,,,,,,0.0,0.0,0.0,0.0,0.0,0.0,/1,
Roger Cedeño#,28.0,NYM,NL,-0.7,148.0,527.0,484.0,70.0,129.0,25.0,4.0,7.0,37.0,14.0,9.0,38.0,86.0,0.267,0.32,0.378,0.698,84.0,0.316,84.0,183.0,8.0,1.0,2.0,2.0,3.0,*9H8,
Roger Clemens,40.0,NYY,AL,0.0,1.0,2.0,1.0,0.0,0.0,0.0,0.0,0.0,0.0,0.0,0.0,0.0,1.0,0.0,0.0,0.0,0.0,-100.0,0.0,-383.0,0.0,0.0,0.0,1.0,0.0,0.0,1,AS
Roger Deago,26.0,SDP,NL,0.0,2.0,4.0,4.0,0.0,0.0,0.0,0.0,0.0,0.0,0.0,0.0,0.0,3.0,0.0,0.0,0.0,0.0,-100.0,0.0,-136.0,0.0,0.0,0.0,0.0,0.0,0.0,/1,
Ron Calloway*,26.0,MON,NL,-0.5,126.0,369.0,340.0,36.0,81.0,17.0,1.0,9.0,52.0,9.0,2.0,20.0,80.0,0.238,0.282,0.374,0.656,66.0,0.306,64.0,127.0,13.0,2.0,4.0,3.0,1.0,79H/8,
Ron Coomer,36.0,LAD,NL,0.3,69.0,137.0,125.0,11.0,30.0,4.0,0.0,4.0,15.0,0.0,0.0,10.0,19.0,0.24,0.299,0.368,0.667,78.0,0.298,72.0,46.0,7.0,1.0,0.0,1.0,2.0,H35/D,
Ron Gant,38.0,OAK,AL,-0.5,17.0,44.0,41.0,4.0,6.0,0.0,0.0,1.0,4.0,0.0,0.0,2.0,9.0,0.146,0.182,0.22,0.401,6.0,0.174,-14.0,9.0,1.0,0.0,0.0,1.0,0.0,/7DH9,
Ron Mahay*,32.0,TEX,AL,0.0,1.0,0.0,0.0,0.0,0.0,0.0,0.0,0.0,0.0,0.0,0.0,0.0,0.0,,,,,,,,0.0,0.0,0.0,0.0,0.0,0.0,1,
Ron Villone*,33.0,HOU,NL,0.0,19.0,44.0,42.0,2.0,7.0,1.0,0.0,1.0,2.0,0.0,0.0,0.0,17.0,0.167,0.186,0.262,0.448,14.0,0.197,-12.0,11.0,0.0,1.0,1.0,0.0,0.0,1,
Rondell White,31.0,2TM,2LG,2.9,137.0,534.0,488.0,62.0,141.0,23.0,4.0,22.0,87.0,1.0,4.0,31.0,79.0,0.289,0.341,0.488,0.829,120.0,0.369,127.0,238.0,13.0,10.0,0.0,5.0,2.0,*7/HD,AS
Rondell White,31.0,SDP,NL,2.0,115.0,449.0,413.0,49.0,115.0,17.0,3.0,18.0,66.0,1.0,4.0,25.0,71.0,0.278,0.33,0.465,0.795,113.0,0.354,119.0,192.0,11.0,8.0,0.0,3.0,2.0,7/HD,
Rondell White,31.0,KCR,AL,0.9,22.0,85.0,75.0,13.0,26.0,6.0,1.0,4.0,21.0,0.0,0.0,6.0,8.0,0.347,0.4,0.613,1.013,156.0,0.447,169.0,46.0,2.0,2.0,0.0,2.0,0.0,7/DH,
Ronnie Belliard,28.0,COL,NL,1.2,116.0,505.0,447.0,73.0,124.0,31.0,2.0,8.0,50.0,7.0,2.0,49.0,71.0,0.277,0.351,0.409,0.76,87.0,0.353,92.0,183.0,7.0,2.0,6.0,1.0,0.0,*4/H,
Rontrez Johnson,26.0,KCR,AL,-0.1,8.0,3.0,3.0,3.0,1.0,0.0,0.0,0.0,0.0,0.0,0.0,0.0,2.0,0.333,0.333,0.333,0.667,73.0,0.303,68.0,1.0,0.0,0.0,0.0,0.0,0.0,/8HD,
Rosman García,24.0,TEX,AL,0.0,4.0,0.0,0.0,0.0,0.0,0.0,0.0,0.0,0.0,0.0,0.0,0.0,0.0,,,,,,,,0.0,0.0,0.0,0.0,0.0,0.0,1,
Roy Corcoran,23.0,MON,NL,0.0,5.0,1.0,1.0,0.0,0.0,0.0,0.0,0.0,0.0,0.0,0.0,0.0,1.0,0.0,0.0,0.0,0.0,-100.0,0.0,-142.0,0.0,0.0,0.0,0.0,0.0,0.0,/1,
Roy Halladay,26.0,TOR,AL,-0.1,2.0,9.0,9.0,2.0,1.0,0.0,0.0,0.0,0.0,0.0,0.0,0.0,3.0,0.111,0.111,0.111,0.222,-42.0,0.101,-70.0,1.0,0.0,0.0,0.0,0.0,0.0,1,"AS,CYA-1"
Roy Oswalt,25.0,HOU,NL,0.0,20.0,48.0,39.0,4.0,7.0,1.0,0.0,0.0,0.0,0.0,0.0,2.0,15.0,0.179,0.22,0.205,0.425,11.0,0.194,-31.0,8.0,0.0,0.0,7.0,0.0,0.0,1,
Royce Clayton,33.0,MIL,NL,-1.3,146.0,543.0,483.0,49.0,110.0,16.0,1.0,11.0,39.0,5.0,2.0,49.0,92.0,0.228,0.301,0.333,0.634,67.0,0.287,59.0,161.0,25.0,3.0,4.0,4.0,10.0,*6/H,
Rubén Mateo,25.0,CIN,NL,-0.7,74.0,224.0,207.0,16.0,50.0,9.0,0.0,3.0,18.0,0.0,0.0,12.0,53.0,0.242,0.29,0.329,0.619,65.0,0.28,58.0,68.0,4.0,3.0,0.0,2.0,1.0,9H8/7,
Rubén Quevedo,24.0,MIL,NL,0.1,8.0,11.0,10.0,1.0,3.0,0.0,0.0,0.0,0.0,0.0,0.0,0.0,5.0,0.3,0.3,0.3,0.6,59.0,0.273,45.0,3.0,0.0,0.0,1.0,0.0,0.0,/1,
Rubén Rivera,29.0,SFG,NL,0.1,31.0,55.0,50.0,6.0,9.0,2.0,0.0,2.0,4.0,1.0,0.0,5.0,14.0,0.18,0.255,0.34,0.595,54.0,0.262,37.0,17.0,0.0,0.0,0.0,0.0,1.0,8/79H,
Rubén Sierra#,37.0,2TM,AL,0.0,106.0,336.0,307.0,33.0,83.0,17.0,1.0,9.0,43.0,2.0,1.0,27.0,47.0,0.27,0.327,0.42,0.748,93.0,0.336,95.0,129.0,9.0,0.0,0.0,2.0,3.0,DH79,
Rubén Sierra#,37.0,TEX,AL,0.0,43.0,147.0,133.0,14.0,35.0,9.0,0.0,3.0,12.0,1.0,1.0,14.0,27.0,0.263,0.333,0.398,0.732,85.0,0.338,90.0,53.0,2.0,0.0,0.0,0.0,1.0,7D/H9,
Rubén Sierra#,37.0,NYY,AL,0.1,63.0,189.0,174.0,19.0,48.0,8.0,1.0,6.0,31.0,1.0,0.0,13.0,20.0,0.276,0.323,0.437,0.76,100.0,0.335,98.0,76.0,7.0,0.0,0.0,2.0,2.0,DH9/7,
Rudy Seánez,34.0,BOS,AL,0.0,2.0,0.0,0.0,0.0,0.0,0.0,0.0,0.0,0.0,0.0,0.0,0.0,0.0,,,,,,,,0.0,0.0,0.0,0.0,0.0,0.0,/1,
Russ Ortiz,29.0,ATL,NL,0.9,33.0,82.0,70.0,6.0,18.0,4.0,0.0,2.0,10.0,0.0,0.0,4.0,17.0,0.257,0.303,0.4,0.703,81.0,0.334,90.0,28.0,1.0,1.0,6.0,1.0,0.0,1/H,"AS,CYA-4,MVP-27"
Russ Springer,34.0,STL,NL,0.0,17.0,2.0,1.0,0.0,0.0,0.0,0.0,0.0,0.0,0.0,0.0,0.0,1.0,0.0,0.0,0.0,0.0,-100.0,0.0,-375.0,0.0,0.0,0.0,1.0,0.0,0.0,1,
Russell Branyan*,27.0,CIN,NL,1.0,74.0,205.0,176.0,22.0,38.0,12.0,0.0,9.0,26.0,0.0,0.0,27.0,69.0,0.216,0.322,0.438,0.759,100.0,0.333,97.0,77.0,1.0,1.0,0.0,1.0,0.0,H573/D,
Ryan Bukvich,25.0,KCR,AL,0.0,1.0,0.0,0.0,0.0,0.0,0.0,0.0,0.0,0.0,0.0,0.0,0.0,0.0,,,,,,,,0.0,0.0,0.0,0.0,0.0,0.0,/1,
Ryan Christenson,29.0,TEX,AL,-0.4,60.0,186.0,165.0,22.0,29.0,7.0,0.0,2.0,16.0,2.0,2.0,15.0,44.0,0.176,0.255,0.255,0.51,30.0,0.243,24.0,42.0,3.0,3.0,2.0,1.0,0.0,8/H,
Ryan Dempster,26.0,CIN,NL,-0.4,22.0,35.0,33.0,1.0,1.0,0.0,0.0,0.0,0.0,0.0,0.0,1.0,19.0,0.03,0.059,0.03,0.089,-75.0,0.045,-116.0,1.0,0.0,0.0,1.0,0.0,0.0,1/H,
Ryan Franklin,30.0,SEA,AL,0.0,2.0,5.0,4.0,1.0,1.0,0.0,0.0,0.0,0.0,0.0,0.0,0.0,1.0,0.25,0.25,0.25,0.5,36.0,0.227,8.0,1.0,0.0,0.0,1.0,0.0,0.0,1,
Ryan Freel,27.0,CIN,NL,0.5,43.0,153.0,137.0,23.0,39.0,6.0,1.0,4.0,12.0,9.0,4.0,9.0,13.0,0.285,0.344,0.431,0.775,105.0,0.355,112.0,59.0,2.0,4.0,2.0,1.0,1.0,84/H75,
Ryan Jensen,27.0,SFG,NL,0.1,6.0,5.0,5.0,0.0,2.0,0.0,0.0,0.0,2.0,0.0,0.0,0.0,0.0,0.4,0.4,0.4,0.8,111.0,0.364,116.0,2.0,0.0,0.0,0.0,0.0,0.0,/1,
Ryan Klesko*,32.0,SDP,NL,0.8,121.0,474.0,397.0,47.0,100.0,18.0,0.0,21.0,67.0,2.0,5.0,65.0,83.0,0.252,0.354,0.456,0.81,118.0,0.354,120.0,181.0,11.0,3.0,0.0,9.0,5.0,*3H/D,
Ryan Langerhans*,23.0,ATL,NL,-0.1,16.0,15.0,15.0,2.0,4.0,0.0,0.0,0.0,0.0,0.0,0.0,0.0,6.0,0.267,0.267,0.267,0.533,40.0,0.243,26.0,4.0,1.0,0.0,0.0,0.0,0.0,/9H87,
Ryan Ludwick,24.0,2TM,AL,1.0,47.0,175.0,162.0,17.0,40.0,8.0,1.0,7.0,26.0,2.0,0.0,12.0,48.0,0.247,0.299,0.438,0.737,93.0,0.331,94.0,71.0,1.0,0.0,1.0,0.0,1.0,97/HD,
Ryan Ludwick,24.0,TEX,AL,-0.1,8.0,30.0,26.0,3.0,4.0,1.0,0.0,0.0,0.0,0.0,0.0,4.0,9.0,0.154,0.267,0.192,0.459,20.0,0.258,33.0,5.0,0.0,0.0,0.0,0.0,0.0,/97,
Ryan Ludwick,24.0,CLE,AL,1.0,39.0,145.0,136.0,14.0,36.0,7.0,1.0,7.0,26.0,2.0,0.0,8.0,39.0,0.265,0.306,0.485,0.791,108.0,0.346,107.0,66.0,1.0,0.0,1.0,0.0,1.0,97/HD,
Ryan Madson*,22.0,PHI,NL,0.0,1.0,0.0,0.0,0.0,0.0,0.0,0.0,0.0,0.0,0.0,0.0,0.0,0.0,,,,,,,,0.0,0.0,0.0,0.0,0.0,0.0,/1,
Ryan Rupe,28.0,BOS,AL,0.0,1.0,0.0,0.0,0.0,0.0,0.0,0.0,0.0,0.0,0.0,0.0,0.0,0.0,,,,,,,,0.0,0.0,0.0,0.0,0.0,0.0,/1,
Ryan Vogelsong,25.0,PIT,NL,0.0,5.0,8.0,6.0,0.0,1.0,0.0,0.0,0.0,0.0,0.0,0.0,0.0,2.0,0.167,0.167,0.167,0.333,-13.0,0.152,-87.0,1.0,0.0,0.0,2.0,0.0,0.0,/1,
Ryan Wagner,20.0,CIN,NL,0.0,17.0,0.0,0.0,0.0,0.0,0.0,0.0,0.0,0.0,0.0,0.0,0.0,0.0,,,,,,,,0.0,0.0,0.0,0.0,0.0,0.0,1,
Salomón Torres,31.0,PIT,NL,-0.2,40.0,41.0,32.0,3.0,2.0,0.0,1.0,0.0,1.0,0.0,0.0,2.0,16.0,0.063,0.143,0.125,0.268,-30.0,0.13,-83.0,4.0,1.0,1.0,6.0,0.0,0.0,1/H,
Sammy Sosa,34.0,CHC,NL,2.7,137.0,589.0,517.0,99.0,144.0,22.0,0.0,40.0,103.0,0.0,1.0,62.0,143.0,0.279,0.358,0.553,0.911,133.0,0.392,134.0,286.0,14.0,5.0,0.0,5.0,9.0,*9,MVP-8
Sandy Alomar,37.0,CHW,AL,0.2,75.0,204.0,194.0,22.0,52.0,12.0,0.0,5.0,26.0,0.0,0.0,4.0,17.0,0.268,0.281,0.407,0.689,78.0,0.308,76.0,79.0,4.0,0.0,5.0,1.0,0.0,2/H,
Scot Shields,27.0,ANA,AL,0.0,3.0,0.0,0.0,0.0,0.0,0.0,0.0,0.0,0.0,0.0,0.0,0.0,0.0,,,,,,,,0.0,0.0,0.0,0.0,0.0,0.0,1,
Scott Downs*,27.0,MON,NL,0.0,1.0,1.0,1.0,0.0,0.0,0.0,0.0,0.0,0.0,0.0,0.0,0.0,0.0,0.0,0.0,0.0,0.0,-100.0,0.0,-142.0,0.0,0.0,0.0,0.0,0.0,0.0,/1,
Scott Elarton,27.0,COL,NL,0.0,10.0,17.0,14.0,2.0,1.0,0.0,0.0,0.0,0.0,0.0,0.0,2.0,4.0,0.071,0.188,0.071,0.259,-32.0,0.203,-23.0,1.0,0.0,0.0,1.0,0.0,0.0,1,
Scott Eyre*,31.0,SFG,NL,0.1,69.0,2.0,2.0,0.0,1.0,0.0,0.0,0.0,0.0,0.0,0.0,0.0,0.0,0.5,0.5,0.5,1.0,164.0,0.455,183.0,1.0,0.0,0.0,0.0,0.0,0.0,1,
Scott Hatteberg*,33.0,OAK,AL,1.4,147.0,622.0,541.0,63.0,137.0,34.0,0.0,12.0,61.0,0.0,1.0,66.0,53.0,0.253,0.342,0.383,0.725,93.0,0.337,100.0,207.0,14.0,9.0,3.0,3.0,0.0,*3D/H,
Scott Linebrink,26.0,2TM,NL,0.0,49.0,13.0,12.0,0.0,2.0,1.0,0.0,0.0,0.0,0.0,0.0,0.0,7.0,0.167,0.167,0.25,0.417,7.0,0.18,-38.0,3.0,0.0,0.0,1.0,0.0,0.0,1,
Scott Linebrink,26.0,HOU,NL,-0.1,9.0,9.0,8.0,0.0,0.0,0.0,0.0,0.0,0.0,0.0,0.0,0.0,5.0,0.0,0.0,0.0,0.0,-100.0,0.0,-183.0,0.0,0.0,0.0,1.0,0.0,0.0,/1,
Scott Linebrink,26.0,SDP,NL,0.1,40.0,4.0,4.0,0.0,2.0,1.0,0.0,0.0,0.0,0.0,0.0,0.0,2.0,0.5,0.5,0.75,1.25,234.0,0.541,249.0,3.0,0.0,0.0,0.0,0.0,0.0,1,
Scott Mullen,28.0,LAD,NL,0.0,1.0,1.0,1.0,0.0,0.0,0.0,0.0,0.0,0.0,0.0,0.0,0.0,1.0,0.0,0.0,0.0,0.0,-100.0,0.0,-133.0,0.0,0.0,0.0,0.0,0.0,0.0,/1,
Scott Podsednik*,27.0,MIL,NL,3.6,154.0,628.0,558.0,100.0,175.0,29.0,8.0,9.0,58.0,43.0,10.0,56.0,91.0,0.314,0.379,0.443,0.822,116.0,0.383,123.0,247.0,11.0,4.0,8.0,2.0,2.0,*8H9/7,ROY-2
Scott Randall,27.0,CIN,NL,0.0,15.0,4.0,4.0,0.0,1.0,0.0,0.0,0.0,0.0,0.0,0.0,0.0,1.0,0.25,0.25,0.25,0.5,34.0,0.228,21.0,1.0,0.0,0.0,0.0,0.0,0.0,1,
Scott Rolen,28.0,STL,NL,4.7,154.0,657.0,559.0,98.0,160.0,49.0,1.0,28.0,104.0,13.0,3.0,82.0,104.0,0.286,0.382,0.528,0.91,138.0,0.402,142.0,295.0,19.0,9.0,0.0,7.0,5.0,*5/H,"AS,GG"
Scott Sauerbeck,31.0,2TM,2LG,0.0,51.0,1.0,1.0,0.0,0.0,0.0,0.0,0.0,0.0,0.0,0.0,0.0,1.0,0.0,0.0,0.0,0.0,-100.0,0.0,-142.0,0.0,0.0,0.0,0.0,0.0,0.0,1,
Scott Sauerbeck,31.0,PIT,NL,0.0,50.0,1.0,1.0,0.0,0.0,0.0,0.0,0.0,0.0,0.0,0.0,0.0,1.0,0.0,0.0,0.0,0.0,-100.0,0.0,-142.0,0.0,0.0,0.0,0.0,0.0,0.0,1,
Scott Sauerbeck,31.0,BOS,AL,0.0,1.0,0.0,0.0,0.0,0.0,0.0,0.0,0.0,0.0,0.0,0.0,0.0,0.0,,,,,,,,0.0,0.0,0.0,0.0,0.0,0.0,1,
Scott Schoeneweis*,29.0,ANA,AL,0.0,2.0,0.0,0.0,0.0,0.0,0.0,0.0,0.0,0.0,0.0,0.0,0.0,0.0,,,,,,,,0.0,0.0,0.0,0.0,0.0,0.0,1,
Scott Service,36.0,2TM,2LG,0.0,18.0,0.0,0.0,0.0,0.0,0.0,0.0,0.0,0.0,0.0,0.0,0.0,0.0,,,,,,,,0.0,0.0,0.0,0.0,0.0,0.0,1,
Scott Service,36.0,ARI,NL,0.0,17.0,0.0,0.0,0.0,0.0,0.0,0.0,0.0,0.0,0.0,0.0,0.0,0.0,,,,,,,,0.0,0.0,0.0,0.0,0.0,0.0,1,
Scott Service,36.0,TOR,AL,0.0,1.0,0.0,0.0,0.0,0.0,0.0,0.0,0.0,0.0,0.0,0.0,0.0,0.0,,,,,,,,0.0,0.0,0.0,0.0,0.0,0.0,1,
Scott Spiezio#,30.0,ANA,AL,1.6,158.0,581.0,521.0,69.0,138.0,36.0,7.0,16.0,83.0,6.0,3.0,46.0,66.0,0.265,0.326,0.453,0.779,105.0,0.336,100.0,236.0,12.0,5.0,2.0,7.0,8.0,*35H/97,
Scott Stewart,27.0,MON,NL,0.0,48.0,2.0,2.0,0.0,0.0,0.0,0.0,0.0,0.0,0.0,0.0,0.0,1.0,0.0,0.0,0.0,0.0,-100.0,0.0,-157.0,0.0,0.0,0.0,0.0,0.0,0.0,1,
Scott Strickland,27.0,NYM,NL,0.0,19.0,2.0,1.0,0.0,0.0,0.0,0.0,0.0,0.0,0.0,0.0,0.0,0.0,0.0,0.0,0.0,0.0,-100.0,0.0,-375.0,0.0,0.0,0.0,1.0,0.0,0.0,1,
Scott Sullivan,32.0,CIN,NL,0.0,49.0,0.0,0.0,0.0,0.0,0.0,0.0,0.0,0.0,0.0,0.0,0.0,0.0,,,,,,,,0.0,0.0,0.0,0.0,0.0,0.0,1,
Scott Williamson,27.0,CIN,NL,0.0,38.0,0.0,0.0,0.0,0.0,0.0,0.0,0.0,0.0,0.0,0.0,0.0,0.0,,,,,,,,0.0,0.0,0.0,0.0,0.0,0.0,1,
Sean Burroughs*,22.0,SDP,NL,2.0,146.0,578.0,517.0,62.0,148.0,27.0,6.0,7.0,58.0,7.0,2.0,44.0,75.0,0.286,0.352,0.402,0.755,105.0,0.341,106.0,208.0,13.0,11.0,2.0,4.0,4.0,*5H,
Sean Casey*,28.0,CIN,NL,1.7,147.0,629.0,573.0,71.0,167.0,19.0,3.0,14.0,80.0,4.0,0.0,51.0,58.0,0.291,0.35,0.408,0.758,102.0,0.345,104.0,234.0,19.0,2.0,0.0,3.0,4.0,*3/H,
Sean Lowe,32.0,KCR,AL,0.0,4.0,0.0,0.0,0.0,0.0,0.0,0.0,0.0,0.0,0.0,0.0,0.0,0.0,,,,,,,,0.0,0.0,0.0,0.0,0.0,0.0,1,
Sergio Mitre,22.0,CHC,NL,0.0,3.0,2.0,2.0,1.0,1.0,0.0,0.0,0.0,0.0,0.0,0.0,0.0,1.0,0.5,0.5,0.5,1.0,162.0,0.455,178.0,1.0,0.0,0.0,0.0,0.0,0.0,/1,
Seth Etherton,26.0,CIN,NL,0.0,7.0,10.0,7.0,0.0,1.0,0.0,0.0,0.0,0.0,0.0,0.0,0.0,2.0,0.143,0.143,0.143,0.286,-23.0,0.13,-112.0,1.0,0.0,0.0,3.0,0.0,0.0,/1,
Shane Halter,33.0,DET,AL,1.3,114.0,393.0,360.0,33.0,78.0,5.0,2.0,12.0,30.0,2.0,3.0,27.0,77.0,0.217,0.269,0.342,0.611,65.0,0.278,66.0,123.0,11.0,0.0,3.0,3.0,0.0,5643H/D7,
Shane Nance*,25.0,MIL,NL,0.0,26.0,0.0,0.0,0.0,0.0,0.0,0.0,0.0,0.0,0.0,0.0,0.0,0.0,,,,,,,,0.0,0.0,0.0,0.0,0.0,0.0,1,
Shane Reynolds,35.0,ATL,NL,-0.5,28.0,65.0,54.0,0.0,5.0,0.0,0.0,0.0,3.0,0.0,0.0,1.0,26.0,0.093,0.109,0.093,0.202,-47.0,0.096,-113.0,5.0,1.0,0.0,10.0,0.0,0.0,1,
Shane Spencer,31.0,2TM,AL,0.6,119.0,448.0,395.0,39.0,99.0,20.0,0.0,12.0,49.0,2.0,0.0,45.0,92.0,0.251,0.328,0.392,0.721,88.0,0.332,92.0,155.0,8.0,3.0,0.0,5.0,0.0,79H3/D,
Shane Spencer,31.0,CLE,AL,0.8,64.0,232.0,210.0,23.0,57.0,10.0,0.0,8.0,26.0,2.0,0.0,18.0,52.0,0.271,0.328,0.433,0.761,103.0,0.348,109.0,91.0,6.0,1.0,0.0,3.0,0.0,973H/D,
Shane Spencer,31.0,TEX,AL,-0.2,55.0,216.0,185.0,16.0,42.0,10.0,0.0,4.0,23.0,0.0,0.0,27.0,40.0,0.227,0.329,0.346,0.675,72.0,0.316,74.0,64.0,2.0,2.0,0.0,2.0,0.0,79/HD,
Shane Victorino,22.0,SDP,NL,-0.2,36.0,83.0,73.0,8.0,11.0,2.0,0.0,0.0,4.0,7.0,2.0,7.0,17.0,0.151,0.232,0.178,0.41,14.0,0.217,11.0,13.0,5.0,1.0,1.0,1.0,0.0,87/H9,
Shannon Stewart,29.0,2TM,AL,3.1,136.0,644.0,573.0,90.0,176.0,44.0,2.0,13.0,73.0,4.0,6.0,52.0,66.0,0.307,0.364,0.459,0.823,114.0,0.364,118.0,263.0,10.0,6.0,2.0,11.0,3.0,*79/DH,MVP-4
Shannon Stewart,29.0,TOR,AL,0.5,71.0,340.0,303.0,47.0,89.0,22.0,2.0,7.0,35.0,1.0,2.0,27.0,30.0,0.294,0.347,0.449,0.796,105.0,0.344,101.0,136.0,6.0,2.0,0.0,8.0,2.0,7/D,
Shannon Stewart,29.0,MIN,AL,2.6,65.0,304.0,270.0,43.0,87.0,22.0,0.0,6.0,38.0,3.0,4.0,25.0,36.0,0.322,0.384,0.47,0.854,124.0,0.387,136.0,127.0,4.0,4.0,2.0,3.0,1.0,79/DH,
Shawn Chacón,25.0,COL,NL,0.2,22.0,48.0,46.0,4.0,9.0,2.0,0.0,1.0,5.0,0.0,0.0,0.0,16.0,0.196,0.196,0.304,0.5,21.0,0.237,5.0,14.0,0.0,0.0,2.0,0.0,0.0,1,AS
Shawn Estes,30.0,CHC,NL,0.3,28.0,51.0,39.0,4.0,7.0,1.0,0.0,1.0,3.0,0.0,0.0,2.0,17.0,0.179,0.214,0.282,0.496,28.0,0.239,7.0,11.0,0.0,0.0,9.0,1.0,0.0,1/H,
Shawn Green*,30.0,LAD,NL,2.1,160.0,691.0,611.0,84.0,171.0,49.0,2.0,19.0,85.0,6.0,2.0,68.0,112.0,0.28,0.355,0.46,0.814,116.0,0.364,120.0,281.0,18.0,6.0,0.0,6.0,2.0,*9/DH,
Shawn Wooten,30.0,ANA,AL,-0.9,98.0,300.0,272.0,25.0,66.0,8.0,0.0,7.0,32.0,0.0,4.0,24.0,45.0,0.243,0.303,0.349,0.653,74.0,0.278,64.0,95.0,7.0,1.0,0.0,3.0,5.0,3DH25,
Shea Hillenbrand,27.0,2TM,2LG,0.3,134.0,554.0,515.0,60.0,144.0,35.0,1.0,20.0,97.0,1.0,0.0,24.0,70.0,0.28,0.314,0.468,0.782,96.0,0.343,93.0,241.0,22.0,6.0,0.0,9.0,4.0,35/HD,
Shea Hillenbrand,27.0,BOS,AL,0.6,49.0,200.0,185.0,20.0,56.0,17.0,0.0,3.0,38.0,1.0,0.0,7.0,26.0,0.303,0.335,0.443,0.778,100.0,0.347,100.0,82.0,9.0,4.0,0.0,4.0,1.0,53/HD,
Shea Hillenbrand,27.0,ARI,NL,-0.4,85.0,354.0,330.0,40.0,88.0,18.0,1.0,17.0,59.0,0.0,0.0,17.0,44.0,0.267,0.302,0.482,0.784,94.0,0.341,89.0,159.0,13.0,2.0,0.0,5.0,3.0,35/H,
Shigetoshi Hasegawa,34.0,SEA,AL,0.0,3.0,0.0,0.0,0.0,0.0,0.0,0.0,0.0,0.0,0.0,0.0,0.0,0.0,,,,,,,,0.0,0.0,0.0,0.0,0.0,0.0,1,AS
Sidney Ponson,26.0,2TM,2LG,-0.3,12.0,30.0,27.0,1.0,2.0,1.0,0.0,0.0,0.0,0.0,0.0,0.0,5.0,0.074,0.074,0.111,0.185,-52.0,0.08,-107.0,3.0,1.0,0.0,3.0,0.0,0.0,1,
Sidney Ponson,26.0,BAL,AL,-0.1,2.0,5.0,5.0,0.0,0.0,0.0,0.0,0.0,0.0,0.0,0.0,0.0,0.0,0.0,0.0,0.0,0.0,-100.0,0.0,-134.0,0.0,0.0,0.0,0.0,0.0,0.0,1,
Sidney Ponson,26.0,SFG,NL,-0.2,10.0,25.0,22.0,1.0,2.0,1.0,0.0,0.0,0.0,0.0,0.0,0.0,5.0,0.091,0.091,0.136,0.227,-41.0,0.098,-100.0,3.0,1.0,0.0,3.0,0.0,0.0,1,
So Taguchi,33.0,STL,NL,0.3,43.0,59.0,54.0,9.0,14.0,3.0,1.0,3.0,13.0,0.0,0.0,4.0,11.0,0.259,0.31,0.519,0.829,114.0,0.363,117.0,28.0,2.0,0.0,1.0,0.0,1.0,H897/4,
Stephen Smitherman,24.0,CIN,NL,-0.1,21.0,47.0,44.0,3.0,7.0,2.0,0.0,1.0,6.0,1.0,0.0,3.0,9.0,0.159,0.213,0.273,0.485,29.0,0.261,41.0,12.0,0.0,0.0,0.0,0.0,0.0,7/H,
Sterling Hitchcock*,32.0,2TM,2LG,-0.1,11.0,14.0,12.0,0.0,1.0,0.0,0.0,0.0,0.0,0.0,0.0,0.0,5.0,0.083,0.083,0.083,0.167,-56.0,0.076,-121.0,1.0,0.0,0.0,2.0,0.0,0.0,1,
Sterling Hitchcock*,32.0,NYY,AL,0.0,3.0,0.0,0.0,0.0,0.0,0.0,0.0,0.0,0.0,0.0,0.0,0.0,0.0,,,,,,,,0.0,0.0,0.0,0.0,0.0,0.0,1,
Sterling Hitchcock*,32.0,STL,NL,-0.1,8.0,14.0,12.0,0.0,1.0,0.0,0.0,0.0,0.0,0.0,0.0,0.0,5.0,0.083,0.083,0.083,0.167,-56.0,0.076,-121.0,1.0,0.0,0.0,2.0,0.0,0.0,/1,
Steve Avery*,33.0,DET,AL,0.1,2.0,1.0,1.0,1.0,1.0,0.0,0.0,0.0,0.0,0.0,0.0,0.0,0.0,1.0,1.0,1.0,2.0,450.0,0.909,517.0,1.0,0.0,0.0,0.0,0.0,0.0,1/H,
Steve Colyer*,24.0,LAD,NL,0.0,13.0,1.0,0.0,0.0,0.0,0.0,0.0,0.0,0.0,0.0,0.0,1.0,0.0,,1.0,,,,0.71,358.0,0.0,0.0,0.0,0.0,0.0,0.0,1,
Steve Finley*,38.0,ARI,NL,3.2,147.0,582.0,516.0,82.0,148.0,24.0,10.0,22.0,70.0,15.0,8.0,57.0,94.0,0.287,0.363,0.5,0.863,115.0,0.375,115.0,258.0,6.0,6.0,0.0,3.0,4.0,*8/H,
Steve Kline#,30.0,STL,NL,0.1,75.0,3.0,2.0,0.0,1.0,1.0,0.0,0.0,2.0,0.0,0.0,0.0,0.0,0.5,0.5,1.0,1.5,284.0,0.627,413.0,2.0,0.0,0.0,1.0,0.0,0.0,1,
Steve Parris,35.0,TBD,AL,0.0,1.0,1.0,1.0,0.0,0.0,0.0,0.0,0.0,0.0,0.0,0.0,0.0,0.0,0.0,0.0,0.0,0.0,-100.0,0.0,-142.0,0.0,0.0,0.0,0.0,0.0,0.0,1,
Steve Randolph*,29.0,ARI,NL,-0.1,48.0,4.0,3.0,0.0,0.0,0.0,0.0,0.0,0.0,0.0,0.0,0.0,2.0,0.0,0.0,0.0,0.0,-100.0,0.0,-240.0,0.0,0.0,0.0,1.0,0.0,0.0,1/H,
Steve Reed,38.0,COL,NL,0.0,65.0,1.0,0.0,0.0,0.0,0.0,0.0,0.0,1.0,0.0,0.0,0.0,0.0,,0.0,,,,0.0,-150.0,0.0,0.0,0.0,0.0,1.0,0.0,1,
Steve Sparks,38.0,DET,AL,0.0,3.0,0.0,0.0,0.0,0.0,0.0,0.0,0.0,0.0,0.0,0.0,0.0,0.0,,,,,,,,0.0,0.0,0.0,0.0,0.0,0.0,1,
Steve Trachsel,32.0,NYM,NL,0.0,34.0,72.0,58.0,3.0,11.0,2.0,0.0,0.0,4.0,0.0,0.0,2.0,16.0,0.19,0.213,0.224,0.437,16.0,0.196,-23.0,13.0,1.0,0.0,11.0,1.0,0.0,1/H,
Sun-Woo Kim,25.0,MON,NL,0.0,4.0,3.0,3.0,0.0,0.0,0.0,0.0,0.0,0.0,0.0,0.0,0.0,1.0,0.0,0.0,0.0,0.0,-100.0,0.304,66.0,0.0,0.0,0.0,0.0,0.0,0.0,/1,
T.J. Tucker,24.0,MON,NL,0.1,44.0,20.0,19.0,1.0,5.0,1.0,0.0,0.0,0.0,0.0,0.0,0.0,6.0,0.263,0.263,0.316,0.579,48.0,0.253,25.0,6.0,0.0,0.0,1.0,0.0,0.0,1/H,
Tanyon Sturtze,32.0,TOR,AL,0.0,3.0,0.0,0.0,0.0,0.0,0.0,0.0,0.0,0.0,0.0,0.0,0.0,0.0,,,,,,,,0.0,0.0,0.0,0.0,0.0,0.0,1,
Ted Lilly*,27.0,OAK,AL,-0.1,2.0,5.0,5.0,0.0,0.0,0.0,0.0,0.0,0.0,0.0,0.0,0.0,1.0,0.0,0.0,0.0,0.0,-100.0,0.0,-134.0,0.0,0.0,0.0,0.0,0.0,0.0,1,
Terrence Long*,27.0,OAK,AL,0.0,140.0,522.0,486.0,64.0,119.0,22.0,2.0,14.0,61.0,4.0,1.0,31.0,67.0,0.245,0.293,0.385,0.678,78.0,0.309,79.0,187.0,9.0,3.0,0.0,2.0,4.0,*79/HD,
Terry Adams,30.0,PHI,NL,0.0,63.0,1.0,1.0,0.0,0.0,0.0,0.0,0.0,0.0,0.0,0.0,0.0,1.0,0.0,0.0,0.0,0.0,-100.0,0.0,-133.0,0.0,0.0,0.0,0.0,0.0,0.0,1,
Terry Mulholland,40.0,CLE,AL,0.0,5.0,1.0,1.0,0.0,0.0,0.0,0.0,0.0,0.0,0.0,0.0,0.0,1.0,0.0,0.0,0.0,0.0,-100.0,0.0,-142.0,0.0,0.0,0.0,0.0,0.0,0.0,1,
Terry Shumpert,36.0,TBD,AL,-0.1,59.0,99.0,84.0,14.0,16.0,5.0,2.0,2.0,7.0,1.0,0.0,10.0,17.0,0.19,0.289,0.369,0.658,76.0,0.293,70.0,31.0,0.0,2.0,2.0,1.0,0.0,HD45/976,
Tike Redman*,26.0,PIT,NL,1.5,56.0,248.0,230.0,36.0,76.0,16.0,5.0,3.0,19.0,7.0,3.0,14.0,18.0,0.33,0.374,0.483,0.857,120.0,0.391,131.0,111.0,1.0,2.0,2.0,0.0,0.0,8/H,
Tim Drew,24.0,MON,NL,0.0,6.0,2.0,1.0,0.0,0.0,0.0,0.0,0.0,0.0,0.0,0.0,0.0,0.0,0.0,0.0,0.0,0.0,-100.0,0.0,-392.0,0.0,0.0,0.0,1.0,0.0,0.0,/1,
Tim Hudson,27.0,OAK,AL,0.0,1.0,3.0,3.0,0.0,1.0,0.0,0.0,0.0,1.0,0.0,0.0,0.0,1.0,0.333,0.333,0.333,0.667,78.0,0.303,76.0,1.0,1.0,0.0,0.0,0.0,0.0,1,CYA-4
Tim Hummel,24.0,CIN,NL,-0.4,26.0,94.0,84.0,9.0,19.0,5.0,0.0,2.0,10.0,0.0,0.0,8.0,13.0,0.226,0.29,0.357,0.647,72.0,0.287,63.0,30.0,1.0,0.0,1.0,1.0,0.0,5/H64,
Tim Laker,33.0,CLE,AL,0.2,52.0,176.0,162.0,17.0,39.0,11.0,0.0,3.0,21.0,2.0,2.0,9.0,38.0,0.241,0.281,0.364,0.645,72.0,0.287,69.0,59.0,4.0,0.0,5.0,0.0,1.0,2/DH,
Tim Raines Jr.,23.0,BAL,AL,-0.4,20.0,46.0,43.0,4.0,6.0,1.0,1.0,0.0,2.0,0.0,0.0,2.0,12.0,0.14,0.196,0.209,0.405,8.0,0.181,-9.0,9.0,2.0,1.0,0.0,0.0,0.0,8/H7D,
Tim Redding,25.0,HOU,NL,0.3,32.0,60.0,50.0,4.0,10.0,3.0,0.0,0.0,2.0,0.0,0.0,2.0,19.0,0.2,0.231,0.26,0.491,27.0,0.238,8.0,13.0,0.0,0.0,8.0,0.0,0.0,1,
Tim Salmon,34.0,ANA,AL,2.8,148.0,621.0,528.0,78.0,145.0,35.0,4.0,19.0,72.0,3.0,1.0,77.0,93.0,0.275,0.374,0.464,0.838,122.0,0.372,125.0,245.0,12.0,10.0,0.0,6.0,3.0,9D/H,
Tim Spooneybarger,23.0,FLA,NL,0.0,33.0,3.0,3.0,0.0,0.0,0.0,0.0,0.0,0.0,0.0,0.0,0.0,3.0,0.0,0.0,0.0,0.0,-100.0,0.0,-146.0,0.0,0.0,0.0,0.0,0.0,0.0,1,
Tim Wakefield,36.0,BOS,AL,0.1,1.0,1.0,0.0,0.0,0.0,0.0,0.0,0.0,0.0,0.0,0.0,0.0,0.0,,1.0,,,,0.742,383.0,0.0,0.0,1.0,0.0,0.0,0.0,1,
Tim Worrell,35.0,SFG,NL,0.0,73.0,3.0,3.0,0.0,0.0,0.0,0.0,0.0,0.0,0.0,0.0,0.0,3.0,0.0,0.0,0.0,0.0,-100.0,0.0,-146.0,0.0,0.0,0.0,0.0,0.0,0.0,1,
Timo Pérez*,28.0,NYM,NL,-0.5,127.0,382.0,346.0,32.0,93.0,21.0,0.0,4.0,42.0,5.0,6.0,18.0,29.0,0.269,0.301,0.364,0.665,75.0,0.295,70.0,126.0,5.0,2.0,7.0,9.0,1.0,78H9,
Tino Martinez*,35.0,STL,NL,0.9,138.0,547.0,476.0,66.0,130.0,25.0,2.0,15.0,69.0,1.0,1.0,53.0,71.0,0.273,0.352,0.429,0.781,106.0,0.348,105.0,204.0,14.0,9.0,2.0,7.0,7.0,*3/HD,
Toby Borland,34.0,FLA,NL,0.0,7.0,0.0,0.0,0.0,0.0,0.0,0.0,0.0,0.0,0.0,0.0,0.0,0.0,,,,,,,,0.0,0.0,0.0,0.0,0.0,0.0,/1,
Toby Hall,27.0,TBD,AL,1.6,130.0,498.0,463.0,50.0,117.0,23.0,0.0,12.0,47.0,0.0,1.0,23.0,40.0,0.253,0.295,0.38,0.675,81.0,0.302,80.0,176.0,14.0,7.0,0.0,5.0,4.0,*2,
Todd Greene,32.0,TEX,AL,0.0,62.0,210.0,205.0,25.0,47.0,10.0,1.0,10.0,20.0,0.0,0.0,2.0,47.0,0.229,0.243,0.434,0.677,67.0,0.299,62.0,89.0,2.0,2.0,0.0,1.0,0.0,2/HD3,
Todd Helton*,29.0,COL,NL,6.3,160.0,703.0,583.0,135.0,209.0,49.0,5.0,33.0,117.0,0.0,4.0,111.0,72.0,0.358,0.458,0.63,1.088,165.0,0.462,175.0,367.0,19.0,2.0,0.0,7.0,21.0,*3/H,"AS,MVP-7,SS"
Todd Hollandsworth*,30.0,FLA,NL,0.1,93.0,254.0,228.0,32.0,58.0,23.0,3.0,3.0,20.0,2.0,3.0,22.0,55.0,0.254,0.317,0.421,0.739,93.0,0.317,85.0,96.0,2.0,0.0,2.0,2.0,4.0,7H/9D,
Todd Hundley#,34.0,LAD,NL,0.0,21.0,41.0,33.0,2.0,6.0,1.0,0.0,2.0,11.0,0.0,1.0,8.0,13.0,0.182,0.341,0.394,0.735,97.0,0.322,98.0,13.0,0.0,0.0,0.0,0.0,0.0,H2,
Todd Jones*,35.0,COL,NL,-0.1,30.0,2.0,2.0,0.0,0.0,0.0,0.0,0.0,0.0,0.0,0.0,0.0,1.0,0.0,0.0,0.0,0.0,-100.0,0.0,-165.0,0.0,1.0,0.0,0.0,0.0,0.0,1,
Todd Linden#,23.0,SFG,NL,-0.3,18.0,39.0,38.0,2.0,8.0,1.0,0.0,1.0,6.0,0.0,0.0,1.0,8.0,0.211,0.231,0.316,0.547,42.0,0.242,27.0,12.0,2.0,0.0,0.0,0.0,0.0,/79H,
Todd Pratt,36.0,PHI,NL,1.0,43.0,156.0,125.0,16.0,34.0,10.0,1.0,4.0,20.0,0.0,0.0,22.0,38.0,0.272,0.4,0.464,0.864,132.0,0.383,135.0,58.0,3.0,6.0,1.0,2.0,0.0,2/3H,
Todd Ritchie,31.0,MIL,NL,0.1,5.0,11.0,9.0,0.0,2.0,0.0,0.0,0.0,0.0,0.0,0.0,0.0,2.0,0.222,0.222,0.222,0.444,18.0,0.304,67.0,2.0,0.0,0.0,2.0,0.0,0.0,/1,
Todd Sears,27.0,2TM,2LG,-0.1,33.0,82.0,73.0,9.0,18.0,3.0,0.0,2.0,11.0,0.0,0.0,7.0,18.0,0.247,0.317,0.37,0.687,81.0,0.306,77.0,27.0,4.0,1.0,0.0,1.0,0.0,3H/D,
Todd Sears,27.0,MIN,AL,-0.1,24.0,74.0,65.0,7.0,16.0,2.0,0.0,2.0,11.0,0.0,0.0,7.0,15.0,0.246,0.324,0.369,0.694,83.0,0.31,79.0,24.0,4.0,1.0,0.0,1.0,0.0,3/DH,
Todd Sears,27.0,SDP,NL,0.0,9.0,8.0,8.0,2.0,2.0,1.0,0.0,0.0,0.0,0.0,0.0,0.0,3.0,0.25,0.25,0.375,0.625,67.0,0.271,56.0,3.0,0.0,0.0,0.0,0.0,0.0,/H3,
Todd Van Poppel,31.0,CIN,NL,-0.1,9.0,10.0,9.0,0.0,1.0,0.0,0.0,0.0,0.0,0.0,0.0,0.0,4.0,0.111,0.111,0.111,0.222,-40.0,0.101,-89.0,1.0,0.0,0.0,1.0,0.0,0.0,/1,
Todd Walker*,30.0,BOS,AL,1.1,144.0,647.0,587.0,92.0,166.0,38.0,4.0,13.0,85.0,1.0,1.0,48.0,54.0,0.283,0.333,0.428,0.76,95.0,0.342,97.0,251.0,17.0,1.0,1.0,10.0,0.0,*4/HD,
Todd Wellemeyer,24.0,CHC,NL,0.0,14.0,3.0,1.0,0.0,0.0,0.0,0.0,0.0,0.0,0.0,0.0,1.0,0.0,0.0,0.5,0.0,0.5,46.0,0.355,109.0,0.0,0.0,0.0,1.0,0.0,0.0,1,
Todd Zeile,37.0,2TM,2LG,0.2,100.0,341.0,299.0,40.0,68.0,10.0,2.0,11.0,42.0,1.0,0.0,34.0,54.0,0.227,0.308,0.385,0.693,81.0,0.314,80.0,115.0,6.0,3.0,0.0,5.0,0.0,53H/D,
Todd Zeile,37.0,NYY,AL,-0.4,66.0,214.0,186.0,29.0,39.0,8.0,0.0,6.0,23.0,0.0,0.0,24.0,36.0,0.21,0.294,0.349,0.644,71.0,0.298,73.0,65.0,3.0,0.0,0.0,4.0,0.0,53H/D,
Todd Zeile,37.0,MON,NL,0.6,34.0,127.0,113.0,11.0,29.0,2.0,2.0,5.0,19.0,1.0,0.0,10.0,18.0,0.257,0.331,0.442,0.773,96.0,0.343,92.0,50.0,3.0,3.0,0.0,1.0,0.0,5,
Tom Glavine*,37.0,NYM,NL,0.2,33.0,67.0,53.0,4.0,8.0,1.0,0.0,0.0,3.0,0.0,0.0,4.0,13.0,0.151,0.211,0.17,0.38,3.0,0.212,-8.0,9.0,0.0,0.0,10.0,0.0,0.0,1/H,
Tom Goodwin*,34.0,CHC,NL,0.2,87.0,184.0,171.0,26.0,49.0,10.0,0.0,1.0,12.0,19.0,5.0,11.0,33.0,0.287,0.328,0.363,0.69,80.0,0.334,83.0,62.0,3.0,0.0,1.0,1.0,0.0,H879,
Tom Gordon,35.0,CHW,AL,0.0,3.0,0.0,0.0,0.0,0.0,0.0,0.0,0.0,0.0,0.0,0.0,0.0,0.0,,,,,,,,0.0,0.0,0.0,0.0,0.0,0.0,1,
Tom Gregorio,26.0,ANA,AL,-0.1,12.0,21.0,19.0,1.0,3.0,0.0,0.0,0.0,2.0,0.0,0.0,1.0,8.0,0.158,0.238,0.158,0.396,9.0,0.199,4.0,3.0,0.0,1.0,0.0,0.0,0.0,2/H,
Tom Martin*,33.0,LAD,NL,0.0,77.0,1.0,1.0,0.0,0.0,0.0,0.0,0.0,0.0,0.0,0.0,0.0,1.0,0.0,0.0,0.0,0.0,-100.0,0.0,-133.0,0.0,0.0,0.0,0.0,0.0,0.0,1,
Tom Prince,38.0,2TM,AL,0.1,32.0,57.0,48.0,5.0,10.0,2.0,0.0,2.0,6.0,1.0,0.0,5.0,7.0,0.208,0.309,0.375,0.684,79.0,0.327,86.0,18.0,2.0,2.0,2.0,0.0,0.0,2/HD,
Tom Prince,38.0,MIN,AL,0.2,24.0,49.0,40.0,5.0,8.0,2.0,0.0,2.0,5.0,1.0,0.0,5.0,7.0,0.2,0.319,0.4,0.719,88.0,0.344,99.0,16.0,0.0,2.0,2.0,0.0,0.0,2/HD,
Tom Prince,38.0,KCR,AL,-0.1,8.0,8.0,8.0,0.0,2.0,0.0,0.0,0.0,1.0,0.0,0.0,0.0,0.0,0.25,0.25,0.25,0.5,30.0,0.227,15.0,2.0,2.0,0.0,0.0,0.0,0.0,/2HD,
Tom Wilson,32.0,TOR,AL,0.0,96.0,287.0,256.0,37.0,66.0,19.0,0.0,5.0,35.0,0.0,0.0,28.0,80.0,0.258,0.331,0.391,0.722,87.0,0.328,88.0,100.0,4.0,1.0,0.0,2.0,0.0,2H3/79D,
Tommy Phelps*,29.0,FLA,NL,0.0,25.0,14.0,11.0,1.0,1.0,0.0,0.0,0.0,0.0,0.0,0.0,2.0,3.0,0.091,0.231,0.091,0.322,-10.0,0.179,-26.0,1.0,1.0,0.0,1.0,0.0,0.0,1,
Tomo Ohka#,27.0,MON,NL,0.0,33.0,65.0,55.0,2.0,10.0,0.0,0.0,0.0,3.0,0.0,0.0,2.0,10.0,0.182,0.211,0.182,0.392,2.0,0.197,-26.0,10.0,1.0,0.0,8.0,0.0,0.0,1/H,
Tomás Pérez#,29.0,PHI,NL,-0.3,125.0,327.0,298.0,39.0,79.0,18.0,1.0,5.0,33.0,0.0,1.0,23.0,54.0,0.265,0.316,0.383,0.698,87.0,0.3,75.0,114.0,7.0,0.0,4.0,2.0,11.0,5H4/36,
Tony Armas,25.0,MON,NL,0.0,5.0,10.0,10.0,0.0,2.0,0.0,0.0,0.0,0.0,0.0,0.0,0.0,2.0,0.2,0.2,0.2,0.4,3.0,0.182,-21.0,2.0,0.0,0.0,0.0,0.0,0.0,/1,
Tony Batista,29.0,BAL,AL,-0.5,161.0,670.0,631.0,76.0,148.0,20.0,1.0,26.0,99.0,4.0,3.0,28.0,102.0,0.235,0.27,0.393,0.663,73.0,0.294,70.0,248.0,20.0,5.0,0.0,6.0,4.0,*5/D,
Tony Clark#,31.0,NYM,NL,-0.8,125.0,280.0,254.0,29.0,59.0,13.0,0.0,16.0,43.0,0.0,0.0,24.0,73.0,0.232,0.3,0.472,0.772,100.0,0.337,97.0,120.0,8.0,1.0,0.0,1.0,2.0,3H/7,
Tony Fiore,31.0,MIN,AL,0.0,1.0,1.0,1.0,0.0,0.0,0.0,0.0,0.0,0.0,0.0,0.0,0.0,1.0,0.0,0.0,0.0,0.0,-100.0,0.0,-142.0,0.0,0.0,0.0,0.0,0.0,0.0,1,
Tony Graffanino,31.0,CHW,AL,1.9,90.0,281.0,250.0,51.0,65.0,15.0,3.0,7.0,23.0,8.0,0.0,24.0,37.0,0.26,0.331,0.428,0.759,97.0,0.353,103.0,107.0,1.0,3.0,3.0,1.0,1.0,645H/D3,
Tony Mounce*,28.0,TEX,AL,-0.1,1.0,2.0,2.0,0.0,0.0,0.0,0.0,0.0,0.0,0.0,0.0,0.0,1.0,0.0,0.0,0.0,0.0,-100.0,0.0,-144.0,0.0,1.0,0.0,0.0,0.0,0.0,1,
Tony Torcato*,23.0,SFG,NL,-0.3,14.0,18.0,16.0,0.0,3.0,1.0,0.0,0.0,1.0,0.0,0.0,0.0,4.0,0.188,0.235,0.25,0.485,28.0,0.224,9.0,4.0,0.0,1.0,1.0,0.0,0.0,/H79,
Tony Womack*,33.0,3TM,NL,-1.8,103.0,364.0,349.0,43.0,79.0,14.0,4.0,2.0,22.0,13.0,5.0,9.0,47.0,0.226,0.251,0.307,0.558,40.0,0.252,24.0,107.0,7.0,3.0,2.0,1.0,0.0,64H/8,
Tony Womack*,33.0,ARI,NL,-1.3,61.0,231.0,219.0,30.0,52.0,10.0,3.0,2.0,15.0,8.0,3.0,8.0,27.0,0.237,0.27,0.338,0.607,53.0,0.27,37.0,74.0,6.0,2.0,1.0,1.0,0.0,6/H,
Tony Womack*,33.0,COL,NL,-0.6,21.0,81.0,79.0,9.0,15.0,2.0,0.0,0.0,5.0,3.0,1.0,0.0,9.0,0.19,0.2,0.215,0.415,3.0,0.197,-23.0,17.0,1.0,1.0,1.0,0.0,0.0,6/4H8,
Tony Womack*,33.0,CHC,NL,0.1,21.0,52.0,51.0,4.0,12.0,2.0,1.0,0.0,2.0,2.0,1.0,1.0,11.0,0.235,0.25,0.314,0.564,46.0,0.26,38.0,16.0,0.0,0.0,0.0,0.0,0.0,4/H6,
Torii Hunter,27.0,MIN,AL,3.8,154.0,642.0,581.0,83.0,145.0,31.0,4.0,26.0,102.0,6.0,7.0,50.0,106.0,0.25,0.312,0.451,0.762,98.0,0.33,95.0,262.0,15.0,5.0,0.0,6.0,7.0,*8/DH,GG
Travis Chapman,25.0,PHI,NL,-0.1,1.0,1.0,1.0,0.0,0.0,0.0,0.0,0.0,0.0,0.0,0.0,0.0,0.0,0.0,0.0,0.0,0.0,-100.0,0.0,-133.0,0.0,0.0,0.0,0.0,0.0,0.0,/5H,
Travis Dawkins,24.0,KCR,AL,0.0,3.0,3.0,2.0,0.0,0.0,0.0,0.0,0.0,0.0,0.0,0.0,1.0,2.0,0.0,0.333,0.0,0.333,-3.0,0.238,22.0,0.0,0.0,0.0,0.0,0.0,0.0,/4H,
Travis Driskill,31.0,BAL,AL,0.0,4.0,1.0,1.0,0.0,0.0,0.0,0.0,0.0,0.0,0.0,0.0,0.0,0.0,0.0,0.0,0.0,0.0,-100.0,0.0,-142.0,0.0,0.0,0.0,0.0,0.0,0.0,1,
Travis Hafner*,26.0,CLE,AL,0.5,91.0,324.0,291.0,35.0,74.0,19.0,3.0,14.0,40.0,2.0,1.0,22.0,81.0,0.254,0.327,0.485,0.812,115.0,0.347,109.0,141.0,7.0,10.0,0.0,1.0,2.0,D3/H,
Travis Harper*,27.0,TBD,AL,0.0,4.0,0.0,0.0,0.0,0.0,0.0,0.0,0.0,0.0,0.0,0.0,0.0,0.0,,,,,,,,0.0,0.0,0.0,0.0,0.0,0.0,1,
Travis Lee*,28.0,TBD,AL,3.6,145.0,613.0,542.0,75.0,149.0,37.0,3.0,19.0,70.0,6.0,2.0,64.0,97.0,0.275,0.348,0.459,0.807,116.0,0.355,116.0,249.0,13.0,0.0,1.0,6.0,4.0,*3/DH,
Trenidad Hubbard,39.0,CHC,NL,0.0,10.0,21.0,16.0,2.0,4.0,1.0,0.0,0.0,2.0,1.0,0.0,4.0,3.0,0.25,0.429,0.313,0.741,98.0,0.372,110.0,5.0,0.0,1.0,0.0,0.0,0.0,/H89,
Trent Durrington,27.0,ANA,AL,-0.1,12.0,17.0,14.0,5.0,2.0,0.0,0.0,0.0,1.0,1.0,1.0,3.0,0.0,0.143,0.294,0.143,0.437,22.0,0.211,24.0,2.0,0.0,0.0,0.0,0.0,0.0,/H45D7,
Trever Miller,30.0,TOR,AL,0.0,5.0,0.0,0.0,0.0,0.0,0.0,0.0,0.0,0.0,0.0,0.0,0.0,0.0,,,,,,,,0.0,0.0,0.0,0.0,0.0,0.0,1,
Trevor Hoffman,35.0,SDP,NL,0.0,9.0,0.0,0.0,0.0,0.0,0.0,0.0,0.0,0.0,0.0,0.0,0.0,0.0,,,,,,,,0.0,0.0,0.0,0.0,0.0,0.0,/1,
Trey Hodges,25.0,ATL,NL,-0.1,49.0,6.0,5.0,0.0,0.0,0.0,0.0,0.0,0.0,0.0,0.0,0.0,4.0,0.0,0.0,0.0,0.0,-100.0,0.0,-200.0,0.0,0.0,0.0,1.0,0.0,0.0,1,
Trey Lunsford,24.0,SFG,NL,0.0,1.0,1.0,1.0,0.0,0.0,0.0,0.0,0.0,0.0,0.0,0.0,0.0,0.0,0.0,0.0,0.0,0.0,-100.0,0.0,-142.0,0.0,0.0,0.0,0.0,0.0,0.0,/2,
Tripp Cromer,35.0,HOU,NL,0.0,3.0,4.0,4.0,0.0,1.0,0.0,1.0,0.0,1.0,0.0,0.0,0.0,0.0,0.25,0.25,0.75,1.0,144.0,0.394,132.0,3.0,0.0,0.0,0.0,0.0,0.0,/H4,
Trot Nixon*,29.0,BOS,AL,5.1,134.0,513.0,441.0,81.0,135.0,24.0,6.0,28.0,87.0,4.0,2.0,65.0,96.0,0.306,0.396,0.578,0.975,149.0,0.419,151.0,255.0,3.0,3.0,1.0,3.0,4.0,*9H/8,
Troy Brohawn*,30.0,LAD,NL,0.1,12.0,1.0,1.0,0.0,1.0,0.0,0.0,0.0,0.0,0.0,0.0,0.0,0.0,1.0,1.0,1.0,2.0,440.0,0.911,500.0,1.0,0.0,0.0,0.0,0.0,0.0,1,
Troy Glaus,26.0,ANA,AL,1.3,91.0,367.0,319.0,53.0,79.0,17.0,2.0,16.0,50.0,7.0,2.0,46.0,73.0,0.248,0.343,0.464,0.807,113.0,0.353,111.0,148.0,8.0,1.0,0.0,1.0,4.0,5/D,AS
Troy O'Leary*,33.0,CHC,NL,-0.6,93.0,194.0,174.0,18.0,38.0,9.0,0.0,5.0,28.0,3.0,0.0,14.0,31.0,0.218,0.275,0.356,0.631,63.0,0.285,53.0,62.0,8.0,1.0,1.0,4.0,1.0,H79,
Troy Percival,33.0,ANA,AL,0.0,3.0,0.0,0.0,0.0,0.0,0.0,0.0,0.0,0.0,0.0,0.0,0.0,0.0,,,,,,,,0.0,0.0,0.0,0.0,0.0,0.0,1,
Tsuyoshi Shinjo,31.0,NYM,NL,0.2,62.0,124.0,114.0,10.0,22.0,3.0,0.0,1.0,7.0,0.0,1.0,6.0,12.0,0.193,0.238,0.246,0.483,28.0,0.22,15.0,28.0,0.0,1.0,2.0,1.0,1.0,8H/79,
Turk Wendell#,36.0,PHI,NL,0.0,54.0,2.0,2.0,0.0,0.0,0.0,0.0,0.0,0.0,0.0,0.0,0.0,2.0,0.0,0.0,0.0,0.0,-100.0,0.0,-143.0,0.0,0.0,0.0,0.0,0.0,0.0,1,
Ty Wigginton,25.0,NYM,NL,-0.1,156.0,633.0,573.0,73.0,146.0,36.0,6.0,11.0,71.0,12.0,2.0,46.0,124.0,0.255,0.318,0.396,0.714,88.0,0.34,97.0,227.0,15.0,9.0,1.0,4.0,2.0,*5/H,ROY-8
Tyler Houston*,32.0,PHI,NL,0.3,54.0,103.0,97.0,7.0,27.0,6.0,0.0,2.0,14.0,0.0,0.0,6.0,19.0,0.278,0.32,0.402,0.722,93.0,0.325,93.0,39.0,2.0,0.0,0.0,0.0,1.0,H5/3,
Ugueth Urbina,29.0,2TM,2LG,0.1,37.0,2.0,0.0,0.0,0.0,0.0,0.0,0.0,0.0,0.0,0.0,1.0,0.0,,1.0,,,,0.71,608.0,0.0,0.0,0.0,1.0,0.0,0.0,1,
Ugueth Urbina,29.0,TEX,AL,0.0,4.0,0.0,0.0,0.0,0.0,0.0,0.0,0.0,0.0,0.0,0.0,0.0,0.0,,,,,,,,0.0,0.0,0.0,0.0,0.0,0.0,1,
Ugueth Urbina,29.0,FLA,NL,0.1,33.0,2.0,0.0,0.0,0.0,0.0,0.0,0.0,0.0,0.0,0.0,1.0,0.0,,1.0,,,,0.71,608.0,0.0,0.0,0.0,1.0,0.0,0.0,1,
Valerio De Los Santos*,30.0,2TM,NL,0.0,49.0,1.0,1.0,0.0,0.0,0.0,0.0,0.0,0.0,0.0,0.0,0.0,1.0,0.0,0.0,0.0,0.0,-100.0,0.0,-142.0,0.0,0.0,0.0,0.0,0.0,0.0,1,
Valerio De Los Santos*,30.0,MIL,NL,0.0,43.0,1.0,1.0,0.0,0.0,0.0,0.0,0.0,0.0,0.0,0.0,0.0,1.0,0.0,0.0,0.0,0.0,-100.0,0.0,-142.0,0.0,0.0,0.0,0.0,0.0,0.0,1,
Valerio De Los Santos*,30.0,PHI,NL,0.0,6.0,0.0,0.0,0.0,0.0,0.0,0.0,0.0,0.0,0.0,0.0,0.0,0.0,,,,,,,,0.0,0.0,0.0,0.0,0.0,0.0,/1,
Vance Wilson,30.0,NYM,NL,0.5,96.0,292.0,268.0,28.0,65.0,9.0,1.0,8.0,39.0,1.0,2.0,15.0,56.0,0.243,0.293,0.373,0.666,75.0,0.305,76.0,100.0,6.0,5.0,2.0,2.0,1.0,2H,
Vernon Wells,24.0,TOR,AL,4.5,161.0,735.0,678.0,118.0,215.0,49.0,5.0,33.0,117.0,4.0,1.0,42.0,80.0,0.317,0.359,0.55,0.909,132.0,0.389,131.0,373.0,21.0,7.0,0.0,8.0,2.0,*8,"AS,MVP-8,SS"
Vic Darensbourg*,32.0,2TM,NL,0.0,10.0,1.0,1.0,0.0,0.0,0.0,0.0,0.0,0.0,0.0,0.0,0.0,1.0,0.0,0.0,0.0,0.0,-100.0,0.0,-142.0,0.0,0.0,0.0,0.0,0.0,0.0,/1H,
Vic Darensbourg*,32.0,COL,NL,0.0,3.0,0.0,0.0,0.0,0.0,0.0,0.0,0.0,0.0,0.0,0.0,0.0,0.0,,,,,,,,0.0,0.0,0.0,0.0,0.0,0.0,/1,
Vic Darensbourg*,32.0,MON,NL,0.0,7.0,1.0,1.0,0.0,0.0,0.0,0.0,0.0,0.0,0.0,0.0,0.0,1.0,0.0,0.0,0.0,0.0,-100.0,0.0,-142.0,0.0,0.0,0.0,0.0,0.0,0.0,/1H,
Vicente Padilla,25.0,PHI,NL,-0.4,31.0,77.0,67.0,1.0,4.0,0.0,0.0,0.0,1.0,0.0,0.0,6.0,34.0,0.06,0.149,0.06,0.208,-41.0,0.117,-63.0,4.0,1.0,1.0,3.0,0.0,0.0,1,
Victor Martinez#,24.0,CLE,AL,0.4,49.0,174.0,159.0,15.0,46.0,4.0,0.0,1.0,16.0,1.0,1.0,13.0,21.0,0.289,0.345,0.333,0.678,84.0,0.324,95.0,53.0,8.0,1.0,0.0,1.0,0.0,2/HD,
Vinny Castilla,35.0,ATL,NL,1.8,147.0,578.0,542.0,65.0,150.0,28.0,3.0,22.0,76.0,1.0,2.0,26.0,86.0,0.277,0.31,0.461,0.771,97.0,0.344,99.0,250.0,22.0,3.0,1.0,6.0,3.0,*5,
Vladimir Guerrero,28.0,MON,NL,3.2,112.0,467.0,394.0,71.0,130.0,20.0,3.0,25.0,79.0,9.0,5.0,63.0,53.0,0.33,0.426,0.586,1.012,156.0,0.431,160.0,231.0,18.0,6.0,0.0,4.0,22.0,*9,MVP-17
Vladimir Núñez,28.0,FLA,NL,0.0,14.0,0.0,0.0,0.0,0.0,0.0,0.0,0.0,0.0,0.0,0.0,0.0,0.0,,,,,,,,0.0,0.0,0.0,0.0,0.0,0.0,1,
Víctor Santos,26.0,TEX,AL,-0.1,2.0,3.0,2.0,0.0,0.0,0.0,0.0,0.0,0.0,0.0,0.0,0.0,1.0,0.0,0.0,0.0,0.0,-100.0,0.0,-264.0,0.0,0.0,0.0,1.0,0.0,0.0,/1,
Víctor Zambrano#,27.0,TBD,AL,-0.1,2.0,5.0,3.0,0.0,0.0,0.0,0.0,0.0,0.0,0.0,0.0,0.0,2.0,0.0,0.0,0.0,0.0,-100.0,0.0,-286.0,0.0,0.0,0.0,2.0,0.0,0.0,1,
Víctor Álvarez*,26.0,LAD,NL,0.0,5.0,0.0,0.0,0.0,0.0,0.0,0.0,0.0,0.0,0.0,0.0,0.0,0.0,,,,,,,,0.0,0.0,0.0,0.0,0.0,0.0,/1,
Wade Miller,26.0,HOU,NL,0.0,33.0,70.0,63.0,4.0,10.0,3.0,0.0,0.0,6.0,0.0,0.0,2.0,16.0,0.159,0.185,0.206,0.391,1.0,0.19,-23.0,13.0,0.0,0.0,5.0,0.0,0.0,1/H,
Warren Morris*,29.0,DET,AL,1.7,97.0,377.0,346.0,37.0,94.0,13.0,2.0,6.0,37.0,4.0,2.0,23.0,42.0,0.272,0.316,0.373,0.689,87.0,0.308,86.0,129.0,6.0,1.0,4.0,3.0,1.0,4H,
Wayne Franklin*,29.0,MIL,NL,0.0,36.0,71.0,59.0,1.0,10.0,1.0,0.0,0.0,3.0,0.0,0.0,0.0,18.0,0.169,0.169,0.186,0.356,-6.0,0.188,-33.0,11.0,2.0,0.0,12.0,0.0,0.0,1,
Wes Helms,27.0,MIL,NL,0.8,134.0,536.0,476.0,56.0,124.0,21.0,0.0,23.0,67.0,0.0,1.0,43.0,131.0,0.261,0.33,0.45,0.78,103.0,0.346,104.0,214.0,10.0,10.0,0.0,7.0,3.0,*5/H,
Wes Obermueller,26.0,MIL,NL,-0.1,12.0,25.0,23.0,1.0,3.0,0.0,0.0,0.0,1.0,0.0,0.0,0.0,6.0,0.13,0.13,0.13,0.261,-31.0,0.119,-74.0,3.0,0.0,0.0,2.0,0.0,0.0,1,
Wiki González,29.0,SDP,NL,-0.5,24.0,73.0,65.0,1.0,13.0,5.0,0.0,0.0,10.0,0.0,0.0,5.0,13.0,0.2,0.264,0.277,0.541,47.0,0.24,33.0,18.0,3.0,1.0,1.0,1.0,1.0,2/H1,
Wil Cordero,31.0,MON,NL,0.4,130.0,492.0,436.0,57.0,121.0,27.0,0.0,16.0,71.0,1.0,1.0,49.0,90.0,0.278,0.354,0.45,0.803,104.0,0.353,101.0,196.0,11.0,4.0,0.0,3.0,5.0,*3H/D7,
Wil Ledezma*,22.0,DET,AL,0.0,3.0,0.0,0.0,0.0,0.0,0.0,0.0,0.0,0.0,0.0,0.0,0.0,0.0,,,,,,,,0.0,0.0,0.0,0.0,0.0,0.0,1,
Wilkin Ruan,24.0,LAD,NL,0.2,21.0,41.0,41.0,2.0,9.0,2.0,1.0,0.0,2.0,1.0,0.0,0.0,7.0,0.22,0.22,0.317,0.537,42.0,0.283,58.0,13.0,0.0,0.0,0.0,0.0,0.0,8/H,
Will Cunnane,29.0,ATL,NL,0.0,20.0,0.0,0.0,0.0,0.0,0.0,0.0,0.0,0.0,0.0,0.0,0.0,0.0,,,,,,,,0.0,0.0,0.0,0.0,0.0,0.0,1,
Willie Bloomquist,25.0,SEA,AL,0.6,89.0,220.0,196.0,30.0,49.0,7.0,2.0,1.0,14.0,4.0,1.0,19.0,39.0,0.25,0.317,0.321,0.638,73.0,0.299,76.0,63.0,6.0,1.0,2.0,2.0,1.0,5H6D7/439,
Willie Harris*,25.0,CHW,AL,-0.1,79.0,150.0,137.0,19.0,28.0,3.0,1.0,0.0,5.0,12.0,2.0,10.0,28.0,0.204,0.259,0.241,0.499,33.0,0.265,37.0,33.0,1.0,0.0,3.0,0.0,0.0,8H4,
Willis Roberts,28.0,BAL,AL,0.0,4.0,0.0,0.0,0.0,0.0,0.0,0.0,0.0,0.0,0.0,0.0,0.0,0.0,,,,,,,,0.0,0.0,0.0,0.0,0.0,0.0,1,
Wilson Delgado#,30.0,2TM,2LG,-0.2,62.0,140.0,127.0,12.0,29.0,3.0,0.0,0.0,7.0,0.0,0.0,11.0,18.0,0.228,0.293,0.252,0.545,47.0,0.262,46.0,32.0,5.0,1.0,0.0,1.0,0.0,H564,
Wilson Delgado#,30.0,STL,NL,-0.6,43.0,82.0,77.0,8.0,13.0,3.0,0.0,0.0,3.0,0.0,0.0,3.0,10.0,0.169,0.207,0.208,0.415,11.0,0.201,-1.0,16.0,4.0,1.0,0.0,1.0,0.0,H456,
Wilson Delgado#,30.0,ANA,AL,0.4,19.0,58.0,50.0,4.0,16.0,0.0,0.0,0.0,4.0,0.0,0.0,8.0,8.0,0.32,0.414,0.32,0.734,100.0,0.347,108.0,16.0,1.0,0.0,0.0,0.0,0.0,/56H4,
Wilson Álvarez*,33.0,LAD,NL,0.0,20.0,31.0,29.0,1.0,5.0,0.0,0.0,0.0,0.0,0.0,0.0,1.0,9.0,0.172,0.2,0.172,0.372,1.0,0.175,-19.0,5.0,2.0,0.0,1.0,0.0,0.0,1,
Wily Mo Peña,21.0,CIN,NL,-0.7,80.0,181.0,165.0,20.0,36.0,6.0,1.0,5.0,16.0,3.0,2.0,12.0,53.0,0.218,0.283,0.358,0.641,70.0,0.293,68.0,59.0,2.0,3.0,1.0,0.0,2.0,H89/75,
Woody Williams,36.0,STL,NL,1.1,32.0,86.0,70.0,12.0,17.0,4.0,1.0,1.0,7.0,0.0,0.0,5.0,26.0,0.243,0.299,0.371,0.67,76.0,0.32,83.0,26.0,0.0,1.0,9.0,1.0,0.0,1,AS
Xavier Nady,24.0,SDP,NL,1.1,110.0,404.0,371.0,50.0,99.0,17.0,1.0,9.0,39.0,6.0,2.0,24.0,74.0,0.267,0.321,0.391,0.712,92.0,0.329,97.0,145.0,14.0,6.0,2.0,1.0,0.0,9H,
Yorvit Torrealba,24.0,SFG,NL,0.6,66.0,221.0,200.0,22.0,52.0,10.0,2.0,4.0,29.0,1.0,0.0,14.0,39.0,0.26,0.312,0.39,0.702,83.0,0.32,82.0,78.0,3.0,2.0,3.0,2.0,1.0,2/7H,
Zach Day,25.0,MON,NL,-0.5,23.0,49.0,47.0,2.0,2.0,0.0,0.0,0.0,2.0,0.0,0.0,1.0,22.0,0.043,0.063,0.043,0.105,-72.0,0.053,-119.0,2.0,0.0,0.0,1.0,0.0,0.0,1,
Zach Sorensen#,26.0,CLE,AL,-0.4,36.0,44.0,37.0,2.0,5.0,1.0,0.0,1.0,2.0,0.0,3.0,7.0,13.0,0.135,0.273,0.243,0.516,41.0,0.232,54.0,9.0,0.0,0.0,0.0,0.0,0.0,H4/657D,
Álex Cintrón#,24.0,ARI,NL,2.7,117.0,487.0,448.0,70.0,142.0,26.0,6.0,13.0,51.0,2.0,3.0,29.0,33.0,0.317,0.359,0.489,0.848,112.0,0.378,118.0,219.0,7.0,2.0,5.0,3.0,0.0,65/4H,
Álex Cora*,27.0,LAD,NL,0.3,148.0,514.0,477.0,39.0,119.0,24.0,3.0,4.0,34.0,4.0,2.0,16.0,59.0,0.249,0.287,0.338,0.625,67.0,0.282,60.0,161.0,5.0,10.0,9.0,2.0,3.0,*46/H,
Álex Escobar,24.0,CLE,AL,0.6,28.0,108.0,99.0,16.0,27.0,2.0,0.0,5.0,14.0,1.0,0.0,7.0,33.0,0.273,0.324,0.444,0.769,104.0,0.341,104.0,44.0,0.0,1.0,0.0,1.0,1.0,9/H,
Álex González,26.0,FLA,NL,1.3,150.0,582.0,528.0,52.0,135.0,33.0,6.0,18.0,77.0,0.0,4.0,33.0,106.0,0.256,0.313,0.443,0.756,96.0,0.327,92.0,234.0,8.0,13.0,3.0,5.0,13.0,*6,
Álex Prieto,27.0,MIN,AL,-0.1,8.0,11.0,11.0,1.0,1.0,0.0,0.0,0.0,0.0,0.0,0.0,0.0,4.0,0.091,0.091,0.091,0.182,-52.0,0.165,-22.0,1.0,0.0,0.0,0.0,0.0,0.0,/4H6,
Álex Rodríguez,27.0,TEX,AL,8.4,161.0,715.0,607.0,124.0,181.0,30.0,6.0,47.0,118.0,17.0,3.0,87.0,126.0,0.298,0.396,0.6,0.995,147.0,0.424,147.0,364.0,16.0,15.0,0.0,6.0,10.0,*6/HD,"AS,MVP-1,GG,SS"
Álex Sánchez*,26.0,2TM,2LG,-0.1,144.0,599.0,557.0,58.0,160.0,23.0,8.0,1.0,32.0,52.0,24.0,25.0,74.0,0.287,0.319,0.363,0.681,84.0,0.303,79.0,202.0,5.0,3.0,9.0,5.0,0.0,*8H,
Álex Sánchez*,26.0,MIL,NL,-0.2,43.0,176.0,163.0,15.0,46.0,10.0,3.0,0.0,10.0,8.0,6.0,7.0,28.0,0.282,0.316,0.38,0.696,83.0,0.304,77.0,62.0,1.0,2.0,2.0,2.0,0.0,8/H,
Álex Sánchez*,26.0,DET,AL,0.2,101.0,423.0,394.0,43.0,114.0,13.0,5.0,1.0,22.0,44.0,18.0,18.0,46.0,0.289,0.32,0.355,0.675,84.0,0.302,80.0,140.0,4.0,1.0,7.0,3.0,0.0,8/H,
Ángel Berroa,25.0,KCR,AL,2.5,158.0,635.0,567.0,92.0,163.0,28.0,7.0,17.0,73.0,21.0,5.0,29.0,100.0,0.287,0.338,0.451,0.789,101.0,0.354,101.0,256.0,13.0,18.0,13.0,8.0,3.0,*6,ROY-1
Ángel Santos#,23.0,CLE,AL,0.2,32.0,80.0,76.0,9.0,17.0,3.0,1.0,3.0,6.0,1.0,1.0,3.0,18.0,0.224,0.253,0.408,0.661,74.0,0.292,73.0,31.0,0.0,0.0,1.0,0.0,0.0,4/5H,
Édgar González,20.0,ARI,NL,0.0,9.0,5.0,4.0,1.0,1.0,0.0,0.0,0.0,0.0,0.0,0.0,0.0,0.0,0.25,0.25,0.25,0.5,27.0,0.228,-13.0,1.0,0.0,0.0,1.0,0.0,0.0,/1,
Édgar Rentería,26.0,STL,NL,5.6,157.0,663.0,587.0,96.0,194.0,47.0,1.0,13.0,100.0,34.0,7.0,65.0,54.0,0.33,0.394,0.48,0.874,130.0,0.395,135.0,282.0,21.0,1.0,3.0,7.0,12.0,*6/H,"AS,MVP-15,GG,SS"
Óliver Pérez*,21.0,2TM,NL,0.1,23.0,44.0,39.0,0.0,7.0,0.0,0.0,0.0,4.0,0.0,0.0,1.0,11.0,0.179,0.195,0.179,0.375,2.0,0.171,-24.0,7.0,1.0,0.0,3.0,1.0,0.0,1,
Óliver Pérez*,21.0,SDP,NL,0.2,18.0,38.0,33.0,0.0,7.0,0.0,0.0,0.0,4.0,0.0,0.0,1.0,10.0,0.212,0.229,0.212,0.441,21.0,0.2,-2.0,7.0,1.0,0.0,3.0,1.0,0.0,1,
Óliver Pérez*,21.0,PIT,NL,-0.1,5.0,6.0,6.0,0.0,0.0,0.0,0.0,0.0,0.0,0.0,0.0,0.0,1.0,0.0,0.0,0.0,0.0,-100.0,0.0,-150.0,0.0,0.0,0.0,0.0,0.0,0.0,/1,
Óscar Villarreal*,21.0,ARI,NL,-0.1,82.0,3.0,3.0,0.0,0.0,0.0,0.0,0.0,0.0,0.0,0.0,0.0,2.0,0.0,0.0,0.0,0.0,-100.0,0.0,-154.0,0.0,0.0,0.0,0.0,0.0,0.0,1,
