Player,Age,Team,Lg,WAR,G,PA,AB,R,H,2B,3B,HR,RBI,SB,CS,BB,SO,BA,OBP,SLG,OPS,OPS+,rOBA,Rbat+,TB,GIDP,HBP,SH,SF,IBB,Pos,Awards
A.J. Minter*,25.0,ATL,NL,0.0,35.0,0.0,0.0,0.0,0.0,0.0,0.0,0.0,0.0,0.0,0.0,0.0,0.0,,,,,,,,0.0,0.0,0.0,0.0,0.0,0.0,1,
Aaron Altherr,28.0,3TM,NL,-0.7,49.0,66.0,61.0,8.0,5.0,2.0,0.0,1.0,3.0,0.0,0.0,3.0,25.0,0.082,0.136,0.164,0.3,-21.0,0.148,-31.0,10.0,1.0,1.0,0.0,1.0,0.0,H87/91,
Aaron Altherr,28.0,PHI,NL,-0.4,22.0,30.0,29.0,2.0,1.0,1.0,0.0,0.0,1.0,0.0,0.0,1.0,9.0,0.034,0.067,0.069,0.136,-65.0,0.093,-74.0,2.0,1.0,0.0,0.0,0.0,0.0,H/8917,
Aaron Altherr,28.0,SFG,NL,0.0,1.0,1.0,1.0,0.0,0.0,0.0,0.0,0.0,0.0,0.0,0.0,0.0,1.0,0.0,0.0,0.0,0.0,-100.0,0.0,-133.0,0.0,0.0,0.0,0.0,0.0,0.0,/H,
Aaron Altherr,28.0,NYM,NL,-0.3,26.0,35.0,31.0,6.0,4.0,1.0,0.0,1.0,2.0,0.0,0.0,2.0,15.0,0.129,0.2,0.258,0.458,22.0,0.199,10.0,8.0,0.0,1.0,0.0,1.0,0.0,7H/89,
Aaron Barrett,31.0,WSN,NL,0.0,2.0,0.0,0.0,0.0,0.0,0.0,0.0,0.0,0.0,0.0,0.0,0.0,0.0,,,,,,,,0.0,0.0,0.0,0.0,0.0,0.0,/1,
Aaron Brooks,29.0,BAL,AL,-0.1,2.0,4.0,3.0,0.0,0.0,0.0,0.0,0.0,0.0,0.0,0.0,0.0,1.0,0.0,0.0,0.0,0.0,-100.0,0.0,-205.0,0.0,0.0,0.0,1.0,0.0,0.0,1,
Aaron Bummer*,25.0,CHW,AL,0.0,7.0,0.0,0.0,0.0,0.0,0.0,0.0,0.0,0.0,0.0,0.0,0.0,0.0,,,,,,,,0.0,0.0,0.0,0.0,0.0,0.0,1,
Aaron Civale,24.0,CLE,AL,0.0,1.0,2.0,2.0,0.0,0.0,0.0,0.0,0.0,0.0,0.0,0.0,0.0,1.0,0.0,0.0,0.0,0.0,-100.0,0.0,-136.0,0.0,0.0,0.0,0.0,0.0,0.0,1,
Aaron Hicks#,29.0,NYY,AL,1.3,59.0,255.0,221.0,41.0,52.0,10.0,0.0,12.0,36.0,1.0,2.0,31.0,72.0,0.235,0.325,0.443,0.769,103.0,0.333,107.0,98.0,2.0,0.0,0.0,3.0,0.0,8/DH,
Aaron Judge,27.0,NYY,AL,5.6,102.0,447.0,378.0,75.0,103.0,18.0,1.0,27.0,55.0,3.0,2.0,64.0,141.0,0.272,0.381,0.54,0.921,143.0,0.393,148.0,204.0,11.0,3.0,0.0,1.0,4.0,9D/H,
Aaron Loup*,31.0,SDP,NL,0.0,4.0,0.0,0.0,0.0,0.0,0.0,0.0,0.0,0.0,0.0,0.0,0.0,0.0,,,,,,,,0.0,0.0,0.0,0.0,0.0,0.0,/1,
Aaron Nola,26.0,PHI,NL,0.3,32.0,70.0,59.0,6.0,7.0,2.0,0.0,0.0,2.0,0.0,0.0,6.0,35.0,0.119,0.2,0.153,0.353,-6.0,0.211,3.0,9.0,0.0,0.0,5.0,0.0,0.0,1,
Aaron Sanchez,26.0,TOR,AL,0.0,1.0,2.0,2.0,0.0,0.0,0.0,0.0,0.0,0.0,0.0,0.0,0.0,0.0,0.0,0.0,0.0,0.0,-100.0,0.0,-128.0,0.0,0.0,0.0,0.0,0.0,0.0,1,
Aaron Wilkerson,30.0,MIL,NL,0.1,8.0,3.0,3.0,1.0,1.0,0.0,0.0,1.0,2.0,0.0,0.0,0.0,1.0,0.333,0.333,1.333,1.667,299.0,0.65,325.0,4.0,0.0,0.0,0.0,0.0,0.0,/1,
Abiatal Avelino,24.0,SFG,NL,0.0,4.0,8.0,7.0,0.0,2.0,0.0,0.0,0.0,1.0,0.0,0.0,1.0,3.0,0.286,0.375,0.286,0.661,81.0,0.308,86.0,2.0,0.0,0.0,0.0,0.0,0.0,/H67,
Abraham Almonte#,30.0,ARI,NL,0.5,17.0,38.0,31.0,11.0,9.0,3.0,1.0,1.0,4.0,0.0,0.0,7.0,8.0,0.29,0.421,0.548,0.969,149.0,0.407,150.0,17.0,1.0,0.0,0.0,0.0,0.0,/9H8,
Abraham Toro#,22.0,HOU,AL,0.3,25.0,89.0,78.0,13.0,17.0,3.0,2.0,2.0,9.0,1.0,1.0,9.0,19.0,0.218,0.303,0.385,0.688,79.0,0.3,79.0,30.0,2.0,1.0,0.0,1.0,0.0,5/H3,
Adalberto Mejía,26.0,3TM,2LG,0.0,24.0,0.0,0.0,0.0,0.0,0.0,0.0,0.0,0.0,0.0,0.0,0.0,0.0,,,,,,,,0.0,0.0,0.0,0.0,0.0,0.0,1,
Adalberto Mejía,26.0,2TM,AL,0.0,23.0,0.0,0.0,0.0,0.0,0.0,0.0,0.0,0.0,0.0,0.0,0.0,0.0,,,,,,,,0.0,0.0,0.0,0.0,0.0,0.0,1,
Adalberto Mejía,26.0,MIN,AL,0.0,3.0,0.0,0.0,0.0,0.0,0.0,0.0,0.0,0.0,0.0,0.0,0.0,0.0,,,,,,,,0.0,0.0,0.0,0.0,0.0,0.0,1,
Adalberto Mejía,26.0,LAA,AL,0.0,20.0,0.0,0.0,0.0,0.0,0.0,0.0,0.0,0.0,0.0,0.0,0.0,0.0,,,,,,,,0.0,0.0,0.0,0.0,0.0,0.0,1,
Adalberto Mejía,26.0,STL,NL,0.0,1.0,0.0,0.0,0.0,0.0,0.0,0.0,0.0,0.0,0.0,0.0,0.0,0.0,,,,,,,,0.0,0.0,0.0,0.0,0.0,0.0,/1,
Adalberto Mondesí#,23.0,KCR,AL,2.0,102.0,443.0,415.0,58.0,109.0,20.0,10.0,9.0,62.0,43.0,7.0,19.0,132.0,0.263,0.291,0.424,0.715,85.0,0.321,82.0,176.0,6.0,0.0,3.0,6.0,0.0,6/DH,
Adam Cimber,28.0,CLE,AL,0.0,5.0,0.0,0.0,0.0,0.0,0.0,0.0,0.0,0.0,0.0,0.0,0.0,0.0,,,,,,,,0.0,0.0,0.0,0.0,0.0,0.0,1,
Adam Conley*,29.0,MIA,NL,0.0,56.0,1.0,1.0,0.0,0.0,0.0,0.0,0.0,0.0,0.0,0.0,0.0,0.0,0.0,0.0,0.0,0.0,-100.0,0.0,-133.0,0.0,0.0,0.0,0.0,0.0,0.0,1,
Adam Duvall,30.0,ATL,NL,0.7,41.0,130.0,120.0,17.0,32.0,4.0,1.0,10.0,19.0,0.0,0.0,7.0,39.0,0.267,0.315,0.567,0.882,117.0,0.359,112.0,68.0,0.0,2.0,0.0,1.0,0.0,7H/9,
Adam Eaton*,30.0,WSN,NL,1.8,151.0,656.0,566.0,103.0,158.0,25.0,7.0,15.0,49.0,15.0,3.0,65.0,106.0,0.279,0.365,0.428,0.792,105.0,0.347,104.0,242.0,8.0,13.0,9.0,3.0,0.0,*9/7H,
Adam Engel,27.0,CHW,AL,0.8,89.0,248.0,227.0,26.0,55.0,10.0,2.0,6.0,26.0,3.0,3.0,14.0,78.0,0.242,0.304,0.383,0.687,83.0,0.293,79.0,87.0,5.0,6.0,1.0,0.0,0.0,8/H,
Adam Frazier*,27.0,PIT,NL,2.4,152.0,608.0,554.0,80.0,154.0,33.0,7.0,10.0,50.0,5.0,5.0,40.0,75.0,0.278,0.336,0.417,0.753,98.0,0.328,100.0,231.0,6.0,9.0,4.0,1.0,4.0,*4H,
Adam Haseley*,23.0,PHI,NL,1.8,67.0,242.0,222.0,30.0,59.0,14.0,0.0,5.0,26.0,4.0,0.0,14.0,60.0,0.266,0.324,0.396,0.72,86.0,0.32,85.0,88.0,7.0,5.0,1.0,0.0,1.0,879/H,
Adam Jones,33.0,ARI,NL,-0.7,137.0,528.0,485.0,66.0,126.0,25.0,1.0,16.0,67.0,2.0,1.0,31.0,101.0,0.26,0.313,0.414,0.728,87.0,0.319,88.0,201.0,15.0,8.0,0.0,3.0,2.0,*9H/8,
Adam Kolarek*,30.0,2TM,2LG,0.0,29.0,0.0,0.0,0.0,0.0,0.0,0.0,0.0,0.0,0.0,0.0,0.0,0.0,,,,,,,,0.0,0.0,0.0,0.0,0.0,0.0,1/3,
Adam Kolarek*,30.0,TBR,AL,0.0,4.0,0.0,0.0,0.0,0.0,0.0,0.0,0.0,0.0,0.0,0.0,0.0,0.0,,,,,,,,0.0,0.0,0.0,0.0,0.0,0.0,1/3,
Adam Kolarek*,30.0,LAD,NL,0.0,25.0,0.0,0.0,0.0,0.0,0.0,0.0,0.0,0.0,0.0,0.0,0.0,0.0,,,,,,,,0.0,0.0,0.0,0.0,0.0,0.0,1/3,
Adam Morgan*,29.0,PHI,NL,0.0,38.0,0.0,0.0,0.0,0.0,0.0,0.0,0.0,0.0,0.0,0.0,0.0,0.0,,,,,,,,0.0,0.0,0.0,0.0,0.0,0.0,1,
Adam Ottavino#,33.0,NYY,AL,0.0,5.0,0.0,0.0,0.0,0.0,0.0,0.0,0.0,0.0,0.0,0.0,0.0,0.0,,,,,,,,0.0,0.0,0.0,0.0,0.0,0.0,1,
Adam Plutko,27.0,CLE,AL,0.0,2.0,2.0,2.0,0.0,0.0,0.0,0.0,0.0,0.0,0.0,0.0,0.0,1.0,0.0,0.0,0.0,0.0,-100.0,0.0,-136.0,0.0,0.0,0.0,0.0,0.0,0.0,1,
Adam Wainwright,37.0,STL,NL,0.3,29.0,59.0,50.0,6.0,8.0,3.0,0.0,0.0,2.0,0.0,0.0,2.0,20.0,0.16,0.189,0.22,0.409,8.0,0.196,-7.0,11.0,0.0,0.0,6.0,1.0,0.0,1,
Adam Warren,31.0,SDP,NL,0.0,23.0,0.0,0.0,0.0,0.0,0.0,0.0,0.0,0.0,0.0,0.0,0.0,0.0,,,,,,,,0.0,0.0,0.0,0.0,0.0,0.0,1,
Adbert Alzolay,24.0,CHC,NL,-0.1,4.0,5.0,5.0,0.0,0.0,0.0,0.0,0.0,0.0,0.0,0.0,0.0,2.0,0.0,0.0,0.0,0.0,-100.0,0.0,-142.0,0.0,0.0,0.0,0.0,0.0,0.0,/1,
Addison Russell,25.0,CHC,NL,0.7,82.0,241.0,215.0,25.0,51.0,4.0,1.0,9.0,23.0,2.0,0.0,20.0,58.0,0.237,0.308,0.391,0.699,81.0,0.299,72.0,84.0,7.0,3.0,1.0,2.0,2.0,46/H,
Adeiny Hechavarría,30.0,2TM,NL,0.8,84.0,221.0,203.0,34.0,49.0,12.0,1.0,9.0,33.0,3.0,1.0,14.0,48.0,0.241,0.299,0.443,0.742,92.0,0.33,99.0,90.0,3.0,3.0,0.0,1.0,0.0,46H/5D,
Adeiny Hechavarría,30.0,NYM,NL,-0.3,60.0,151.0,142.0,20.0,29.0,7.0,0.0,5.0,18.0,3.0,1.0,8.0,33.0,0.204,0.252,0.359,0.611,62.0,0.279,66.0,51.0,2.0,1.0,0.0,0.0,0.0,4H6/5,
Adeiny Hechavarría,30.0,ATL,NL,1.1,24.0,70.0,61.0,14.0,20.0,5.0,1.0,4.0,15.0,0.0,0.0,6.0,15.0,0.328,0.4,0.639,1.039,158.0,0.44,170.0,39.0,1.0,2.0,0.0,1.0,0.0,6/H45D,
Adrian Houser,26.0,MIL,NL,-0.1,32.0,27.0,22.0,0.0,1.0,1.0,0.0,0.0,0.0,0.0,0.0,2.0,17.0,0.045,0.125,0.091,0.216,-42.0,0.109,-84.0,2.0,0.0,0.0,3.0,0.0,0.0,1,
Adrian Sampson,27.0,TEX,AL,0.1,3.0,2.0,2.0,0.0,0.0,0.0,0.0,0.0,0.0,0.0,0.0,0.0,1.0,0.0,0.0,0.0,0.0,-100.0,0.444,172.0,0.0,0.0,0.0,0.0,0.0,0.0,1,
Adrián Morejón*,20.0,SDP,NL,0.0,4.0,1.0,1.0,0.0,0.0,0.0,0.0,0.0,0.0,0.0,0.0,0.0,1.0,0.0,0.0,0.0,0.0,-100.0,0.0,-133.0,0.0,0.0,0.0,0.0,0.0,0.0,/1,
Adrián Sanchez,28.0,WSN,NL,-0.1,28.0,32.0,31.0,3.0,7.0,0.0,0.0,0.0,1.0,0.0,0.0,1.0,10.0,0.226,0.25,0.226,0.476,25.0,0.266,48.0,7.0,0.0,0.0,0.0,0.0,0.0,H/54637,
AJ Pollock,31.0,LAD,NL,0.0,86.0,342.0,308.0,49.0,82.0,15.0,1.0,15.0,47.0,5.0,1.0,23.0,74.0,0.266,0.327,0.468,0.795,107.0,0.338,104.0,144.0,7.0,7.0,0.0,4.0,1.0,87/HD,
AJ Reed*,26.0,CHW,AL,-0.6,14.0,49.0,44.0,1.0,6.0,0.0,0.0,1.0,4.0,0.0,0.0,4.0,21.0,0.136,0.204,0.205,0.409,11.0,0.184,0.0,9.0,1.0,0.0,0.0,1.0,0.0,/D31H,
Albert Almora,25.0,CHC,NL,-0.7,130.0,363.0,339.0,41.0,80.0,11.0,1.0,12.0,32.0,2.0,1.0,16.0,62.0,0.236,0.271,0.381,0.651,67.0,0.286,64.0,129.0,8.0,1.0,5.0,2.0,4.0,*8H,
Albert Pujols,39.0,LAA,AL,0.2,131.0,545.0,491.0,55.0,120.0,22.0,0.0,23.0,93.0,3.0,0.0,43.0,68.0,0.244,0.305,0.43,0.734,92.0,0.32,92.0,211.0,21.0,3.0,0.0,8.0,1.0,3D/H5,
Alec Mills,27.0,CHC,NL,-0.1,9.0,12.0,12.0,0.0,1.0,0.0,0.0,0.0,0.0,0.0,0.0,0.0,6.0,0.083,0.083,0.083,0.167,-56.0,0.074,-88.0,1.0,0.0,0.0,0.0,0.0,0.0,/1,
Aledmys Díaz,28.0,HOU,AL,1.1,69.0,247.0,210.0,36.0,57.0,12.0,1.0,9.0,40.0,2.0,0.0,26.0,28.0,0.271,0.356,0.467,0.823,114.0,0.361,118.0,98.0,10.0,5.0,0.0,6.0,1.0,345H/67D,
Alen Hanson#,26.0,TOR,AL,-0.5,18.0,48.0,43.0,5.0,7.0,0.0,0.0,0.0,4.0,1.0,0.0,3.0,17.0,0.163,0.229,0.163,0.392,9.0,0.18,-7.0,7.0,0.0,1.0,0.0,1.0,1.0,/4H93D7,
Alex Avila*,32.0,ARI,NL,1.2,63.0,201.0,164.0,22.0,34.0,8.0,0.0,9.0,24.0,1.0,0.0,36.0,68.0,0.207,0.353,0.421,0.774,100.0,0.331,95.0,69.0,8.0,1.0,0.0,0.0,7.0,2/H1,
Alex Blandino,26.0,CIN,NL,0.2,23.0,50.0,36.0,6.0,9.0,1.0,0.0,1.0,3.0,0.0,0.0,10.0,14.0,0.25,0.42,0.361,0.781,103.0,0.355,109.0,13.0,1.0,2.0,0.0,2.0,0.0,H4/53D,
Alex Bregman,25.0,HOU,AL,8.9,156.0,690.0,554.0,122.0,164.0,37.0,2.0,41.0,112.0,5.0,1.0,119.0,83.0,0.296,0.423,0.592,1.015,162.0,0.421,161.0,328.0,9.0,9.0,0.0,8.0,2.0,56/D,"AS,MVP-2,SS"
Alex Colomé,30.0,CHW,AL,0.0,5.0,0.0,0.0,0.0,0.0,0.0,0.0,0.0,0.0,0.0,0.0,0.0,0.0,,,,,,,,0.0,0.0,0.0,0.0,0.0,0.0,1,
Alex Dickerson*,29.0,2TM,NL,0.5,68.0,190.0,174.0,29.0,48.0,13.0,3.0,6.0,28.0,1.0,1.0,13.0,42.0,0.276,0.332,0.489,0.82,115.0,0.35,118.0,85.0,5.0,2.0,0.0,1.0,1.0,7H/9,
Alex Dickerson*,29.0,SDP,NL,-0.3,12.0,19.0,19.0,1.0,3.0,0.0,0.0,0.0,2.0,0.0,0.0,0.0,7.0,0.158,0.158,0.158,0.316,-15.0,0.14,-33.0,3.0,0.0,0.0,0.0,0.0,0.0,/H7,
Alex Dickerson*,29.0,SFG,NL,0.8,56.0,171.0,155.0,28.0,45.0,13.0,3.0,6.0,26.0,1.0,1.0,13.0,35.0,0.29,0.351,0.529,0.88,130.0,0.374,135.0,82.0,5.0,2.0,0.0,1.0,1.0,7H/9,
Alex Gordon*,35.0,KCR,AL,1.1,150.0,633.0,556.0,77.0,148.0,31.0,1.0,13.0,76.0,5.0,3.0,51.0,100.0,0.266,0.345,0.396,0.741,95.0,0.323,94.0,220.0,13.0,19.0,1.0,6.0,4.0,*7/1DH,GG
Alex Jackson,23.0,ATL,NL,-0.3,4.0,15.0,13.0,0.0,0.0,0.0,0.0,0.0,0.0,0.0,0.0,1.0,5.0,0.0,0.133,0.0,0.133,-61.0,0.052,-124.0,0.0,1.0,1.0,0.0,0.0,1.0,/2,
Alex McRae,26.0,PIT,NL,0.1,11.0,7.0,6.0,0.0,2.0,0.0,0.0,0.0,0.0,0.0,0.0,0.0,3.0,0.333,0.333,0.333,0.667,78.0,0.296,71.0,2.0,0.0,0.0,1.0,0.0,0.0,1,
Alex Reyes,24.0,STL,NL,0.0,4.0,0.0,0.0,0.0,0.0,0.0,0.0,0.0,0.0,0.0,0.0,0.0,0.0,,,,,,,,0.0,0.0,0.0,0.0,0.0,0.0,/1,
Alex Verdugo*,23.0,LAD,NL,2.9,106.0,377.0,343.0,43.0,101.0,22.0,2.0,12.0,44.0,4.0,1.0,26.0,49.0,0.294,0.342,0.475,0.817,113.0,0.344,109.0,163.0,8.0,2.0,0.0,6.0,1.0,897H,
Alex Wilson,32.0,MIL,NL,0.0,11.0,0.0,0.0,0.0,0.0,0.0,0.0,0.0,0.0,0.0,0.0,0.0,0.0,,,,,,,,0.0,0.0,0.0,0.0,0.0,0.0,1,
Alex Wood,28.0,CIN,NL,0.1,7.0,12.0,9.0,0.0,2.0,0.0,0.0,0.0,0.0,0.0,0.0,0.0,5.0,0.222,0.222,0.222,0.444,14.0,0.197,-40.0,2.0,0.0,0.0,3.0,0.0,0.0,/1,
Alex Young*,25.0,ARI,NL,-0.3,16.0,25.0,25.0,1.0,1.0,0.0,0.0,0.0,0.0,0.0,0.0,0.0,18.0,0.04,0.04,0.04,0.08,-79.0,0.032,-119.0,1.0,0.0,0.0,0.0,0.0,0.0,1,
Allen Webster,29.0,CHC,NL,0.0,11.0,0.0,0.0,0.0,0.0,0.0,0.0,0.0,0.0,0.0,0.0,0.0,0.0,,,,,,,,0.0,0.0,0.0,0.0,0.0,0.0,1,
Amed Rosario,23.0,NYM,NL,2.7,157.0,655.0,616.0,75.0,177.0,30.0,7.0,15.0,72.0,19.0,10.0,31.0,124.0,0.287,0.323,0.432,0.755,101.0,0.329,104.0,266.0,13.0,3.0,2.0,3.0,2.0,*6/H7D,
Amir Garrett,27.0,CIN,NL,0.0,64.0,0.0,0.0,0.0,0.0,0.0,0.0,0.0,0.0,0.0,0.0,0.0,0.0,,,,,,,,0.0,0.0,0.0,0.0,0.0,0.0,1,
Andrelton Simmons,29.0,LAA,AL,1.4,103.0,424.0,398.0,47.0,105.0,19.0,0.0,7.0,40.0,10.0,2.0,24.0,37.0,0.264,0.309,0.364,0.673,78.0,0.295,74.0,145.0,21.0,2.0,0.0,0.0,1.0,6/DH,
Andrew Benintendi*,24.0,BOS,AL,1.7,138.0,615.0,541.0,72.0,144.0,40.0,5.0,13.0,68.0,10.0,3.0,59.0,140.0,0.266,0.343,0.431,0.774,99.0,0.337,99.0,233.0,6.0,7.0,3.0,5.0,1.0,*78/HD,
Andrew Cashner,32.0,2TM,AL,0.0,3.0,3.0,3.0,1.0,0.0,0.0,0.0,0.0,0.0,0.0,0.0,0.0,0.0,0.0,0.0,0.0,0.0,-100.0,0.0,-129.0,0.0,0.0,0.0,0.0,0.0,0.0,1,
Andrew Cashner,32.0,BAL,AL,0.0,1.0,3.0,3.0,1.0,0.0,0.0,0.0,0.0,0.0,0.0,0.0,0.0,0.0,0.0,0.0,0.0,0.0,-100.0,0.0,-129.0,0.0,0.0,0.0,0.0,0.0,0.0,1,
Andrew Cashner,32.0,BOS,AL,0.0,2.0,0.0,0.0,0.0,0.0,0.0,0.0,0.0,0.0,0.0,0.0,0.0,0.0,,,,,,,,0.0,0.0,0.0,0.0,0.0,0.0,1,
Andrew Chafin,29.0,ARI,NL,0.0,71.0,0.0,0.0,0.0,0.0,0.0,0.0,0.0,0.0,0.0,0.0,0.0,0.0,,,,,,,,0.0,0.0,0.0,0.0,0.0,0.0,1,
Andrew Kittredge,29.0,TBR,AL,0.0,3.0,0.0,0.0,0.0,0.0,0.0,0.0,0.0,0.0,0.0,0.0,0.0,0.0,,,,,,,,0.0,0.0,0.0,0.0,0.0,0.0,1,
Andrew Knapp#,27.0,PHI,NL,0.1,74.0,160.0,136.0,12.0,29.0,9.0,0.0,2.0,8.0,0.0,0.0,18.0,51.0,0.213,0.318,0.324,0.642,68.0,0.283,61.0,44.0,2.0,3.0,3.0,0.0,2.0,2H/3,
Andrew Knizner,24.0,STL,NL,0.2,18.0,58.0,53.0,7.0,12.0,2.0,0.0,2.0,7.0,2.0,0.0,4.0,14.0,0.226,0.293,0.377,0.67,76.0,0.314,83.0,20.0,3.0,1.0,0.0,0.0,0.0,2/H3,
Andrew McCutchen,32.0,PHI,NL,1.7,59.0,262.0,219.0,45.0,56.0,12.0,1.0,10.0,29.0,2.0,1.0,43.0,55.0,0.256,0.378,0.457,0.834,116.0,0.363,120.0,100.0,1.0,0.0,0.0,0.0,0.0,78/D,
Andrew Miller*,34.0,STL,NL,0.0,67.0,0.0,0.0,0.0,0.0,0.0,0.0,0.0,0.0,0.0,0.0,0.0,0.0,,,,,,,,0.0,0.0,0.0,0.0,0.0,0.0,1,
Andrew Stevenson*,25.0,WSN,NL,0.2,30.0,37.0,30.0,4.0,11.0,1.0,1.0,0.0,0.0,0.0,1.0,6.0,11.0,0.367,0.486,0.467,0.953,150.0,0.404,157.0,14.0,1.0,1.0,0.0,0.0,0.0,H/7,
Andrew Suárez*,26.0,SFG,NL,0.0,19.0,3.0,3.0,0.0,0.0,0.0,0.0,0.0,0.0,0.0,0.0,0.0,1.0,0.0,0.0,0.0,0.0,-100.0,0.297,78.0,0.0,0.0,0.0,0.0,0.0,0.0,1,
Andrew Vasquez*,25.0,MIN,AL,0.0,1.0,0.0,0.0,0.0,0.0,0.0,0.0,0.0,0.0,0.0,0.0,0.0,0.0,,,,,,,,0.0,0.0,0.0,0.0,0.0,0.0,/1,
Andrew Velazquez#,24.0,2TM,AL,-0.2,15.0,24.0,23.0,3.0,2.0,2.0,0.0,0.0,0.0,1.0,0.0,1.0,13.0,0.087,0.125,0.174,0.299,-22.0,0.139,-40.0,4.0,0.0,0.0,0.0,0.0,0.0,/H4587,
Andrew Velazquez#,24.0,TBR,AL,-0.2,10.0,12.0,12.0,2.0,1.0,1.0,0.0,0.0,0.0,0.0,0.0,0.0,6.0,0.083,0.083,0.167,0.25,-35.0,0.101,-56.0,2.0,0.0,0.0,0.0,0.0,0.0,/H547,
Andrew Velazquez#,24.0,CLE,AL,0.0,5.0,12.0,11.0,1.0,1.0,1.0,0.0,0.0,0.0,1.0,0.0,1.0,7.0,0.091,0.167,0.182,0.348,-9.0,0.178,-23.0,2.0,0.0,0.0,0.0,0.0,0.0,/48,
Andrés Muñoz,20.0,SDP,NL,0.0,21.0,0.0,0.0,0.0,0.0,0.0,0.0,0.0,0.0,0.0,0.0,0.0,0.0,,,,,,,,0.0,0.0,0.0,0.0,0.0,0.0,1,
Anthony Alford,24.0,TOR,AL,0.0,16.0,30.0,28.0,3.0,5.0,0.0,0.0,1.0,1.0,2.0,0.0,1.0,11.0,0.179,0.233,0.286,0.519,39.0,0.235,27.0,8.0,0.0,1.0,0.0,0.0,0.0,/H798D,
Anthony Bass,31.0,SEA,AL,0.0,3.0,0.0,0.0,0.0,0.0,0.0,0.0,0.0,0.0,0.0,0.0,0.0,0.0,,,,,,,,0.0,0.0,0.0,0.0,0.0,0.0,1,
Anthony Bemboom*,29.0,2TM,AL,-0.5,25.0,56.0,54.0,2.0,7.0,1.0,0.0,1.0,4.0,0.0,0.0,1.0,21.0,0.13,0.145,0.204,0.349,-9.0,0.148,-29.0,11.0,0.0,0.0,1.0,0.0,0.0,2,
Anthony Bemboom*,29.0,TBR,AL,0.0,3.0,5.0,5.0,0.0,2.0,1.0,0.0,0.0,1.0,0.0,0.0,0.0,2.0,0.4,0.4,0.6,1.0,165.0,0.42,167.0,3.0,0.0,0.0,0.0,0.0,0.0,/2,
Anthony Bemboom*,29.0,LAA,AL,-0.5,22.0,51.0,49.0,2.0,5.0,0.0,0.0,1.0,3.0,0.0,0.0,1.0,19.0,0.102,0.12,0.163,0.283,-26.0,0.121,-49.0,8.0,0.0,0.0,1.0,0.0,0.0,2,
Anthony DeSclafani,29.0,CIN,NL,-0.3,30.0,57.0,55.0,0.0,6.0,0.0,0.0,0.0,1.0,0.0,0.0,0.0,28.0,0.109,0.109,0.109,0.218,-44.0,0.095,-84.0,6.0,0.0,0.0,2.0,0.0,0.0,1,
Anthony Rendon,29.0,WSN,NL,7.3,146.0,646.0,545.0,117.0,174.0,44.0,3.0,34.0,126.0,5.0,1.0,80.0,86.0,0.319,0.412,0.598,1.01,157.0,0.422,160.0,326.0,13.0,12.0,0.0,9.0,8.0,*5/4,"AS,MVP-3,SS"
Anthony Rizzo*,29.0,CHC,NL,4.4,146.0,613.0,512.0,89.0,150.0,29.0,3.0,27.0,94.0,5.0,2.0,71.0,86.0,0.293,0.405,0.52,0.924,139.0,0.395,143.0,266.0,15.0,27.0,0.0,3.0,3.0,*3/H,GG
Anthony Santander#,24.0,BAL,AL,1.7,93.0,405.0,380.0,46.0,99.0,20.0,1.0,20.0,59.0,1.0,2.0,19.0,86.0,0.261,0.297,0.476,0.773,100.0,0.329,101.0,181.0,1.0,2.0,1.0,3.0,0.0,978/DH,
Anthony Swarzak,33.0,ATL,NL,0.0,41.0,0.0,0.0,0.0,0.0,0.0,0.0,0.0,0.0,0.0,0.0,0.0,0.0,,,,,,,,0.0,0.0,0.0,0.0,0.0,0.0,1,
Antonio Senzatela,24.0,COL,NL,-0.6,24.0,46.0,40.0,2.0,1.0,0.0,0.0,0.0,3.0,0.0,0.0,1.0,24.0,0.025,0.049,0.025,0.074,-81.0,0.039,-154.0,1.0,0.0,0.0,5.0,0.0,0.0,1,
Aníbal Sánchez,35.0,WSN,NL,-0.4,27.0,56.0,52.0,1.0,6.0,0.0,0.0,0.0,1.0,0.0,0.0,0.0,24.0,0.115,0.115,0.115,0.231,-40.0,0.099,-85.0,6.0,3.0,0.0,4.0,0.0,0.0,1,
Aramis Garcia,26.0,SFG,NL,-0.3,18.0,46.0,42.0,5.0,6.0,1.0,0.0,2.0,5.0,0.0,0.0,4.0,21.0,0.143,0.217,0.31,0.527,38.0,0.219,20.0,13.0,1.0,0.0,0.0,0.0,1.0,2/3H,
Archie Bradley,26.0,ARI,NL,0.0,61.0,1.0,1.0,0.0,0.0,0.0,0.0,0.0,0.0,0.0,0.0,0.0,1.0,0.0,0.0,0.0,0.0,-100.0,0.0,-142.0,0.0,0.0,0.0,0.0,0.0,0.0,1,
Ariel Jurado,23.0,TEX,AL,0.0,2.0,1.0,1.0,0.0,0.0,0.0,0.0,0.0,0.0,0.0,0.0,0.0,1.0,0.0,0.0,0.0,0.0,-100.0,0.0,-131.0,0.0,0.0,0.0,0.0,0.0,0.0,1,
Aristides Aquino,25.0,CIN,NL,1.2,56.0,225.0,205.0,31.0,53.0,8.0,0.0,19.0,47.0,7.0,0.0,16.0,60.0,0.259,0.316,0.576,0.891,119.0,0.368,113.0,118.0,5.0,2.0,0.0,2.0,2.0,9/H3,
Arodys Vizcaíno,28.0,ATL,NL,0.0,4.0,0.0,0.0,0.0,0.0,0.0,0.0,0.0,0.0,0.0,0.0,0.0,0.0,,,,,,,,0.0,0.0,0.0,0.0,0.0,0.0,/1,
Aroldis Chapman*,31.0,NYY,AL,0.0,3.0,0.0,0.0,0.0,0.0,0.0,0.0,0.0,0.0,0.0,0.0,0.0,0.0,,,,,,,,0.0,0.0,0.0,0.0,0.0,0.0,1,AS
Asdrúbal Cabrera#,33.0,2TM,2LG,0.7,131.0,514.0,447.0,69.0,116.0,25.0,1.0,18.0,91.0,4.0,0.0,57.0,103.0,0.26,0.342,0.441,0.783,98.0,0.342,99.0,197.0,9.0,3.0,0.0,7.0,2.0,54/H3,
Asdrúbal Cabrera#,33.0,TEX,AL,-0.2,93.0,368.0,323.0,45.0,76.0,15.0,0.0,12.0,51.0,4.0,0.0,38.0,85.0,0.235,0.318,0.393,0.711,80.0,0.317,80.0,127.0,6.0,3.0,0.0,4.0,1.0,5/H,
Asdrúbal Cabrera#,33.0,WSN,NL,0.9,38.0,146.0,124.0,24.0,40.0,10.0,1.0,6.0,40.0,0.0,0.0,19.0,18.0,0.323,0.404,0.565,0.969,147.0,0.406,150.0,70.0,3.0,0.0,0.0,3.0,1.0,4/5H3,
Asher Wojciechowski,30.0,BAL,AL,0.0,1.0,1.0,1.0,0.0,0.0,0.0,0.0,0.0,0.0,0.0,0.0,0.0,1.0,0.0,0.0,0.0,0.0,-100.0,0.0,-123.0,0.0,0.0,0.0,0.0,0.0,0.0,1,
Austen Williams,26.0,WSN,NL,0.0,2.0,0.0,0.0,0.0,0.0,0.0,0.0,0.0,0.0,0.0,0.0,0.0,0.0,,,,,,,,0.0,0.0,0.0,0.0,0.0,0.0,/1,
Austin Adams,28.0,2TM,2LG,0.0,4.0,1.0,1.0,0.0,0.0,0.0,0.0,0.0,0.0,0.0,0.0,0.0,1.0,0.0,0.0,0.0,0.0,-100.0,0.0,-115.0,0.0,0.0,0.0,0.0,0.0,0.0,1,
Austin Adams,28.0,WSN,NL,0.0,1.0,0.0,0.0,0.0,0.0,0.0,0.0,0.0,0.0,0.0,0.0,0.0,0.0,,,,,,,,0.0,0.0,0.0,0.0,0.0,0.0,/1,
Austin Adams,28.0,SEA,AL,0.0,3.0,1.0,1.0,0.0,0.0,0.0,0.0,0.0,0.0,0.0,0.0,0.0,1.0,0.0,0.0,0.0,0.0,-100.0,0.0,-115.0,0.0,0.0,0.0,0.0,0.0,0.0,1,
Austin Adams,32.0,DET,AL,0.0,1.0,0.0,0.0,0.0,0.0,0.0,0.0,0.0,0.0,0.0,0.0,0.0,0.0,,,,,,,,0.0,0.0,0.0,0.0,0.0,0.0,1,
Austin Allen*,25.0,SDP,NL,-0.4,34.0,71.0,65.0,4.0,14.0,4.0,0.0,0.0,3.0,0.0,0.0,6.0,21.0,0.215,0.282,0.277,0.559,51.0,0.23,28.0,18.0,2.0,0.0,0.0,0.0,3.0,2H/3,
Austin Barnes,29.0,LAD,NL,0.2,75.0,242.0,212.0,28.0,43.0,12.0,1.0,5.0,25.0,3.0,0.0,23.0,56.0,0.203,0.293,0.34,0.633,67.0,0.286,66.0,72.0,8.0,5.0,0.0,2.0,3.0,2H/4,
Austin Brice,27.0,MIA,NL,0.0,34.0,0.0,0.0,0.0,0.0,0.0,0.0,0.0,0.0,0.0,0.0,0.0,0.0,,,,,,,,0.0,0.0,0.0,0.0,0.0,0.0,1,
Austin Davis*,26.0,PHI,NL,0.0,13.0,0.0,0.0,0.0,0.0,0.0,0.0,0.0,0.0,0.0,0.0,0.0,0.0,,,,,,,,0.0,0.0,0.0,0.0,0.0,0.0,1,
Austin Dean,25.0,MIA,NL,-1.4,64.0,189.0,178.0,17.0,40.0,14.0,0.0,6.0,21.0,0.0,2.0,9.0,47.0,0.225,0.261,0.404,0.665,73.0,0.277,66.0,72.0,5.0,0.0,1.0,1.0,1.0,7H/39,
Austin Hays,23.0,BAL,AL,0.8,21.0,75.0,68.0,12.0,21.0,6.0,0.0,4.0,13.0,2.0,0.0,7.0,13.0,0.309,0.373,0.574,0.947,146.0,0.408,151.0,39.0,0.0,0.0,0.0,0.0,0.0,8/H,
Austin Hedges,26.0,SDP,NL,-0.8,102.0,347.0,312.0,28.0,55.0,9.0,0.0,11.0,36.0,1.0,0.0,27.0,109.0,0.176,0.252,0.311,0.563,50.0,0.25,44.0,97.0,3.0,5.0,2.0,1.0,3.0,2/H5,
Austin Meadows*,24.0,TBR,AL,4.0,138.0,591.0,530.0,83.0,154.0,29.0,7.0,33.0,89.0,12.0,7.0,54.0,131.0,0.291,0.364,0.558,0.922,144.0,0.38,141.0,296.0,3.0,7.0,0.0,0.0,6.0,9D7/H8,"AS,MVP-14"
Austin Nola,29.0,SEA,AL,1.3,79.0,267.0,238.0,37.0,64.0,12.0,1.0,10.0,31.0,1.0,0.0,23.0,63.0,0.269,0.342,0.454,0.796,114.0,0.338,112.0,108.0,8.0,4.0,1.0,1.0,1.0,34/25H79,
Austin Pruitt,29.0,TBR,AL,0.0,1.0,1.0,1.0,0.0,0.0,0.0,0.0,0.0,0.0,0.0,0.0,0.0,1.0,0.0,0.0,0.0,0.0,-100.0,0.0,-123.0,0.0,0.0,0.0,0.0,0.0,0.0,1,
Austin Riley,22.0,ATL,NL,-0.1,80.0,297.0,274.0,41.0,62.0,11.0,1.0,18.0,49.0,0.0,2.0,16.0,108.0,0.226,0.279,0.471,0.75,86.0,0.308,77.0,129.0,4.0,5.0,0.0,2.0,3.0,7H/359D,
Austin Romine,30.0,NYY,AL,0.7,72.0,240.0,228.0,29.0,64.0,12.0,0.0,8.0,35.0,1.0,1.0,10.0,50.0,0.281,0.31,0.439,0.748,97.0,0.314,92.0,100.0,7.0,0.0,1.0,1.0,0.0,2/H1,
Austin Slater,26.0,SFG,NL,0.7,68.0,192.0,168.0,20.0,40.0,9.0,3.0,5.0,21.0,1.0,0.0,22.0,59.0,0.238,0.333,0.417,0.75,99.0,0.334,104.0,70.0,1.0,2.0,0.0,0.0,1.0,9H/374,
Austin Voth,27.0,WSN,NL,-0.1,7.0,10.0,9.0,0.0,1.0,0.0,0.0,0.0,1.0,0.0,0.0,0.0,3.0,0.111,0.111,0.111,0.222,-42.0,0.099,-91.0,1.0,0.0,0.0,1.0,0.0,0.0,/1,
Austin Wynns,28.0,BAL,AL,0.2,28.0,74.0,70.0,8.0,15.0,1.0,0.0,1.0,5.0,0.0,0.0,3.0,14.0,0.214,0.247,0.271,0.518,38.0,0.265,54.0,19.0,2.0,0.0,1.0,0.0,0.0,2/HD,
Avisaíl García,28.0,TBR,AL,2.3,125.0,530.0,489.0,61.0,138.0,25.0,2.0,20.0,72.0,10.0,4.0,31.0,125.0,0.282,0.332,0.464,0.796,112.0,0.341,112.0,227.0,15.0,7.0,0.0,3.0,2.0,9D8/H,
Beau Taylor*,29.0,2TM,AL,0.0,11.0,30.0,25.0,3.0,4.0,0.0,0.0,2.0,2.0,0.0,0.0,4.0,7.0,0.16,0.3,0.4,0.7,88.0,0.304,88.0,10.0,0.0,1.0,0.0,0.0,0.0,2/H,
Beau Taylor*,29.0,OAK,AL,0.1,10.0,28.0,23.0,3.0,4.0,0.0,0.0,2.0,2.0,0.0,0.0,4.0,6.0,0.174,0.321,0.435,0.756,104.0,0.325,104.0,10.0,0.0,1.0,0.0,0.0,0.0,/2H,
Beau Taylor*,29.0,TOR,AL,0.0,1.0,2.0,2.0,0.0,0.0,0.0,0.0,0.0,0.0,0.0,0.0,0.0,1.0,0.0,0.0,0.0,0.0,-100.0,0.0,-128.0,0.0,0.0,0.0,0.0,0.0,0.0,/2,
Ben Gamel*,27.0,MIL,NL,0.6,134.0,356.0,311.0,47.0,77.0,18.0,0.0,7.0,33.0,2.0,2.0,40.0,104.0,0.248,0.337,0.373,0.71,85.0,0.315,86.0,116.0,0.0,3.0,0.0,2.0,2.0,7H98,
Ben Zobrist#,38.0,CHC,NL,-0.3,47.0,176.0,150.0,24.0,39.0,5.0,0.0,1.0,17.0,0.0,0.0,23.0,24.0,0.26,0.358,0.313,0.671,79.0,0.305,78.0,47.0,6.0,1.0,0.0,2.0,0.0,49/7H16D,
Billy Hamilton,28.0,2TM,2LG,0.4,119.0,353.0,316.0,41.0,69.0,14.0,2.0,0.0,15.0,22.0,6.0,32.0,87.0,0.218,0.289,0.275,0.564,50.0,0.264,46.0,87.0,1.0,0.0,3.0,2.0,1.0,*8H/D,
Billy Hamilton,28.0,KCR,AL,0.6,93.0,305.0,275.0,32.0,58.0,12.0,2.0,0.0,12.0,18.0,5.0,25.0,74.0,0.211,0.275,0.269,0.544,45.0,0.255,42.0,74.0,1.0,0.0,3.0,2.0,0.0,8/HD,
Billy Hamilton,28.0,ATL,NL,-0.2,26.0,48.0,41.0,9.0,11.0,2.0,0.0,0.0,3.0,4.0,1.0,7.0,13.0,0.268,0.375,0.317,0.692,80.0,0.318,75.0,13.0,0.0,0.0,0.0,0.0,1.0,8H,
Billy McKinney*,24.0,TOR,AL,0.5,84.0,276.0,251.0,37.0,54.0,14.0,1.0,12.0,28.0,0.0,2.0,19.0,73.0,0.215,0.274,0.422,0.696,83.0,0.306,89.0,106.0,0.0,2.0,2.0,2.0,0.0,97H/3D,
Blaine Hardy*,32.0,DET,AL,0.0,3.0,0.0,0.0,0.0,0.0,0.0,0.0,0.0,0.0,0.0,0.0,0.0,0.0,,,,,,,,0.0,0.0,0.0,0.0,0.0,0.0,1,
Blake Parker,34.0,2TM,2LG,0.0,24.0,1.0,1.0,0.0,0.0,0.0,0.0,0.0,0.0,0.0,0.0,0.0,1.0,0.0,0.0,0.0,0.0,-100.0,0.0,-142.0,0.0,0.0,0.0,0.0,0.0,0.0,1,
Blake Parker,34.0,MIN,AL,0.0,2.0,0.0,0.0,0.0,0.0,0.0,0.0,0.0,0.0,0.0,0.0,0.0,0.0,,,,,,,,0.0,0.0,0.0,0.0,0.0,0.0,1,
Blake Parker,34.0,PHI,NL,0.0,22.0,1.0,1.0,0.0,0.0,0.0,0.0,0.0,0.0,0.0,0.0,0.0,1.0,0.0,0.0,0.0,0.0,-100.0,0.0,-142.0,0.0,0.0,0.0,0.0,0.0,0.0,1,
Blake Snell*,26.0,TBR,AL,0.0,1.0,0.0,0.0,0.0,0.0,0.0,0.0,0.0,0.0,0.0,0.0,0.0,0.0,,,,,,,,0.0,0.0,0.0,0.0,0.0,0.0,1,
Blake Swihart#,27.0,2TM,2LG,-1.0,43.0,99.0,92.0,13.0,15.0,1.0,0.0,4.0,13.0,0.0,0.0,6.0,36.0,0.163,0.222,0.304,0.527,35.0,0.229,23.0,28.0,2.0,1.0,0.0,0.0,0.0,H7/923,
Blake Swihart#,27.0,BOS,AL,0.0,12.0,29.0,26.0,4.0,6.0,1.0,0.0,1.0,4.0,0.0,0.0,2.0,7.0,0.231,0.31,0.385,0.695,79.0,0.303,76.0,10.0,0.0,1.0,0.0,0.0,0.0,/2H37,
Blake Swihart#,27.0,ARI,NL,-1.0,31.0,70.0,66.0,9.0,9.0,0.0,0.0,3.0,9.0,0.0,0.0,4.0,29.0,0.136,0.186,0.273,0.458,17.0,0.198,1.0,18.0,2.0,0.0,0.0,0.0,0.0,H7/93,
Blake Treinen,31.0,OAK,AL,0.0,3.0,0.0,0.0,0.0,0.0,0.0,0.0,0.0,0.0,0.0,0.0,0.0,0.0,,,,,,,,0.0,0.0,0.0,0.0,0.0,0.0,1,
Bo Bichette,21.0,TOR,AL,2.3,46.0,212.0,196.0,32.0,61.0,18.0,0.0,11.0,21.0,4.0,4.0,14.0,50.0,0.311,0.358,0.571,0.93,144.0,0.376,140.0,112.0,2.0,1.0,0.0,1.0,0.0,6/D,
Bobby Bradley*,23.0,CLE,AL,-0.3,15.0,49.0,45.0,4.0,8.0,5.0,0.0,1.0,4.0,0.0,0.0,4.0,20.0,0.178,0.245,0.356,0.6,54.0,0.274,57.0,16.0,2.0,0.0,0.0,0.0,0.0,/D3H,
Bobby Poyner*,26.0,BOS,AL,0.0,1.0,0.0,0.0,0.0,0.0,0.0,0.0,0.0,0.0,0.0,0.0,0.0,0.0,,,,,,,,0.0,0.0,0.0,0.0,0.0,0.0,1,
Bobby Wilson,36.0,DET,AL,-0.7,15.0,47.0,44.0,2.0,4.0,1.0,0.0,0.0,2.0,0.0,0.0,2.0,11.0,0.091,0.13,0.114,0.244,-34.0,0.114,-55.0,5.0,1.0,0.0,1.0,0.0,0.0,2,
Brad Boxberger,31.0,KCR,AL,0.0,2.0,0.0,0.0,0.0,0.0,0.0,0.0,0.0,0.0,0.0,0.0,0.0,0.0,,,,,,,,0.0,0.0,0.0,0.0,0.0,0.0,1,
Brad Brach,33.0,2TM,NL,0.0,53.0,5.0,4.0,0.0,1.0,0.0,0.0,0.0,1.0,0.0,0.0,0.0,1.0,0.25,0.25,0.25,0.5,32.0,0.222,-2.0,1.0,0.0,0.0,1.0,0.0,0.0,1/H,
Brad Brach,33.0,CHC,NL,0.0,39.0,5.0,4.0,0.0,1.0,0.0,0.0,0.0,1.0,0.0,0.0,0.0,1.0,0.25,0.25,0.25,0.5,32.0,0.222,-2.0,1.0,0.0,0.0,1.0,0.0,0.0,1/H,
Brad Brach,33.0,NYM,NL,0.0,14.0,0.0,0.0,0.0,0.0,0.0,0.0,0.0,0.0,0.0,0.0,0.0,0.0,,,,,,,,0.0,0.0,0.0,0.0,0.0,0.0,1,
Brad Hand*,29.0,CLE,AL,0.0,2.0,0.0,0.0,0.0,0.0,0.0,0.0,0.0,0.0,0.0,0.0,0.0,0.0,,,,,,,,0.0,0.0,0.0,0.0,0.0,0.0,1,AS
Brad Keller,23.0,KCR,AL,0.0,3.0,10.0,8.0,0.0,1.0,0.0,0.0,0.0,1.0,0.0,0.0,1.0,5.0,0.125,0.222,0.125,0.347,-4.0,0.176,-22.0,1.0,0.0,0.0,1.0,0.0,0.0,1,
Brad Miller*,29.0,2TM,2LG,1.4,79.0,170.0,154.0,26.0,40.0,6.0,1.0,13.0,25.0,2.0,0.0,15.0,45.0,0.26,0.329,0.565,0.894,126.0,0.382,131.0,87.0,2.0,1.0,0.0,0.0,0.0,H574/69,
Brad Miller*,29.0,CLE,AL,0.4,13.0,40.0,36.0,4.0,9.0,3.0,0.0,1.0,4.0,1.0,0.0,4.0,10.0,0.25,0.325,0.417,0.742,92.0,0.325,89.0,15.0,0.0,0.0,0.0,0.0,0.0,4/H,
Brad Miller*,29.0,PHI,NL,1.0,66.0,130.0,118.0,22.0,31.0,3.0,1.0,12.0,21.0,1.0,0.0,11.0,35.0,0.263,0.331,0.61,0.941,136.0,0.4,144.0,72.0,2.0,1.0,0.0,0.0,0.0,H57/69,
Brad Wieck*,27.0,2TM,NL,0.0,42.0,2.0,2.0,0.0,0.0,0.0,0.0,0.0,0.0,0.0,0.0,0.0,1.0,0.0,0.0,0.0,0.0,-100.0,0.0,-133.0,0.0,0.0,0.0,0.0,0.0,0.0,1,
Brad Wieck*,27.0,SDP,NL,0.0,28.0,2.0,2.0,0.0,0.0,0.0,0.0,0.0,0.0,0.0,0.0,0.0,1.0,0.0,0.0,0.0,0.0,-100.0,0.0,-133.0,0.0,0.0,0.0,0.0,0.0,0.0,1,
Brad Wieck*,27.0,CHC,NL,0.0,14.0,0.0,0.0,0.0,0.0,0.0,0.0,0.0,0.0,0.0,0.0,0.0,0.0,,,,,,,,0.0,0.0,0.0,0.0,0.0,0.0,1,
Braden Bishop,25.0,SEA,AL,-0.3,27.0,60.0,56.0,3.0,6.0,0.0,0.0,0.0,4.0,0.0,0.0,3.0,21.0,0.107,0.153,0.107,0.26,-27.0,0.138,-30.0,6.0,0.0,0.0,1.0,0.0,0.0,8/7H9D,
Bradley Zimmer*,26.0,CLE,AL,-0.2,9.0,14.0,13.0,1.0,0.0,0.0,0.0,0.0,0.0,0.0,0.0,1.0,7.0,0.0,0.071,0.0,0.071,-78.0,0.113,-56.0,0.0,0.0,0.0,0.0,0.0,0.0,/H98,
Branden Kline,27.0,BAL,AL,0.0,3.0,0.0,0.0,0.0,0.0,0.0,0.0,0.0,0.0,0.0,0.0,0.0,0.0,,,,,,,,0.0,0.0,0.0,0.0,0.0,0.0,1,
Brandon Belt*,31.0,SFG,NL,0.8,156.0,616.0,526.0,76.0,123.0,32.0,3.0,17.0,57.0,4.0,3.0,83.0,127.0,0.234,0.339,0.403,0.742,97.0,0.322,97.0,212.0,6.0,3.0,0.0,4.0,3.0,*3H7/9D,
Brandon Brennan,27.0,SEA,AL,0.0,3.0,0.0,0.0,0.0,0.0,0.0,0.0,0.0,0.0,0.0,0.0,0.0,0.0,,,,,,,,0.0,0.0,0.0,0.0,0.0,0.0,1,
Brandon Crawford*,32.0,SFG,NL,-0.5,147.0,560.0,500.0,58.0,114.0,24.0,2.0,11.0,59.0,3.0,2.0,53.0,117.0,0.228,0.304,0.35,0.654,74.0,0.289,73.0,175.0,10.0,3.0,0.0,4.0,5.0,*6/H,
Brandon Dixon,27.0,DET,AL,-0.3,117.0,420.0,391.0,41.0,97.0,20.0,4.0,15.0,52.0,5.0,1.0,21.0,136.0,0.248,0.29,0.435,0.725,88.0,0.313,87.0,170.0,5.0,4.0,0.0,4.0,0.0,37DH/95418,
Brandon Drury,26.0,TOR,AL,-0.7,120.0,447.0,418.0,43.0,91.0,21.0,1.0,15.0,41.0,0.0,1.0,25.0,113.0,0.218,0.262,0.38,0.642,70.0,0.278,68.0,159.0,6.0,1.0,0.0,3.0,0.0,5943/76HD,
Brandon Kintzler,34.0,CHC,NL,0.0,58.0,0.0,0.0,0.0,0.0,0.0,0.0,0.0,0.0,0.0,0.0,0.0,0.0,,,,,,,,0.0,0.0,0.0,0.0,0.0,0.0,1,
Brandon Lowe*,24.0,TBR,AL,2.9,82.0,327.0,296.0,42.0,80.0,17.0,2.0,17.0,51.0,5.0,0.0,25.0,113.0,0.27,0.336,0.514,0.85,125.0,0.362,125.0,152.0,1.0,5.0,0.0,1.0,0.0,4/H39D7,"AS,ROY-3"
Brandon Nimmo*,26.0,NYM,NL,1.0,69.0,254.0,199.0,34.0,44.0,11.0,1.0,8.0,29.0,3.0,0.0,46.0,71.0,0.221,0.375,0.407,0.783,111.0,0.348,115.0,81.0,1.0,5.0,1.0,3.0,2.0,87/H9,
Brandon Woodruff*,26.0,MIL,NL,0.4,25.0,49.0,45.0,1.0,12.0,4.0,0.0,0.0,4.0,0.0,0.0,1.0,20.0,0.267,0.283,0.356,0.638,65.0,0.271,50.0,16.0,0.0,0.0,3.0,0.0,0.0,1/H,AS
Brandon Workman,30.0,BOS,AL,0.0,7.0,0.0,0.0,0.0,0.0,0.0,0.0,0.0,0.0,0.0,0.0,0.0,0.0,,,,,,,,0.0,0.0,0.0,0.0,0.0,0.0,1,
Brendan McKay*,23.0,TBR,AL,0.1,7.0,11.0,10.0,2.0,2.0,0.0,0.0,1.0,1.0,0.0,0.0,1.0,2.0,0.2,0.273,0.5,0.773,101.0,0.318,96.0,5.0,1.0,0.0,0.0,0.0,0.0,1/HD,
Brendan Rodgers,22.0,COL,NL,-0.6,25.0,81.0,76.0,8.0,17.0,2.0,0.0,0.0,7.0,0.0,0.0,4.0,27.0,0.224,0.272,0.25,0.522,30.0,0.241,18.0,19.0,2.0,1.0,0.0,0.0,0.0,4/6H,
Brent Suter*,29.0,MIL,NL,0.0,9.0,2.0,2.0,0.0,0.0,0.0,0.0,0.0,0.0,0.0,0.0,0.0,1.0,0.0,0.0,0.0,0.0,-100.0,0.0,-142.0,0.0,0.0,0.0,0.0,0.0,0.0,/1,
Brett Anderson*,31.0,OAK,AL,0.2,3.0,8.0,8.0,1.0,4.0,0.0,0.0,0.0,0.0,0.0,0.0,0.0,2.0,0.5,0.5,0.5,1.0,175.0,0.432,178.0,4.0,0.0,0.0,0.0,0.0,0.0,1,
Brett Gardner*,35.0,NYY,AL,4.3,141.0,550.0,491.0,86.0,123.0,26.0,7.0,28.0,74.0,10.0,2.0,52.0,108.0,0.251,0.325,0.503,0.829,117.0,0.352,116.0,247.0,6.0,4.0,0.0,3.0,0.0,*87/HD,
Brett Martin*,24.0,TEX,AL,0.0,4.0,0.0,0.0,0.0,0.0,0.0,0.0,0.0,0.0,0.0,0.0,0.0,0.0,,,,,,,,0.0,0.0,0.0,0.0,0.0,0.0,1,
Brett Phillips*,25.0,KCR,AL,0.3,30.0,79.0,65.0,7.0,9.0,2.0,0.0,2.0,6.0,3.0,0.0,10.0,23.0,0.138,0.247,0.262,0.508,35.0,0.248,33.0,17.0,1.0,0.0,2.0,2.0,0.0,8/H79D,
Breyvic Valera#,27.0,2TM,AL,0.1,17.0,52.0,47.0,7.0,11.0,2.0,1.0,1.0,6.0,0.0,0.0,4.0,7.0,0.234,0.308,0.383,0.691,84.0,0.296,79.0,18.0,1.0,1.0,0.0,0.0,0.0,4/65H,
Breyvic Valera#,27.0,NYY,AL,0.0,12.0,37.0,32.0,5.0,7.0,1.0,1.0,0.0,3.0,0.0,0.0,4.0,5.0,0.219,0.324,0.313,0.637,73.0,0.286,72.0,10.0,0.0,1.0,0.0,0.0,0.0,4/H,
Breyvic Valera#,27.0,TOR,AL,0.1,5.0,15.0,15.0,2.0,4.0,1.0,0.0,1.0,3.0,0.0,0.0,0.0,2.0,0.267,0.267,0.533,0.8,106.0,0.32,97.0,8.0,1.0,0.0,0.0,0.0,0.0,/465,
Brian Anderson,26.0,MIA,NL,3.2,126.0,520.0,459.0,57.0,120.0,33.0,1.0,20.0,66.0,5.0,1.0,44.0,114.0,0.261,0.342,0.468,0.811,112.0,0.353,116.0,215.0,15.0,14.0,0.0,3.0,1.0,59/HD,
Brian Dozier,32.0,WSN,NL,1.3,135.0,482.0,416.0,54.0,99.0,20.0,0.0,20.0,50.0,3.0,4.0,61.0,105.0,0.238,0.34,0.43,0.771,98.0,0.333,99.0,179.0,11.0,4.0,0.0,1.0,2.0,*4H/1,
Brian Flynn*,29.0,KCR,AL,0.0,1.0,0.0,0.0,0.0,0.0,0.0,0.0,0.0,0.0,0.0,0.0,0.0,0.0,,,,,,,,0.0,0.0,0.0,0.0,0.0,0.0,1,
Brian Goodwin*,28.0,LAA,AL,2.2,136.0,458.0,413.0,65.0,108.0,29.0,3.0,17.0,47.0,7.0,3.0,38.0,129.0,0.262,0.326,0.47,0.796,108.0,0.34,107.0,194.0,3.0,3.0,1.0,3.0,2.0,*78H9/D,
Brian Johnson*,28.0,BOS,AL,0.0,3.0,1.0,1.0,1.0,0.0,0.0,0.0,0.0,0.0,0.0,0.0,0.0,1.0,0.0,0.0,0.0,0.0,-100.0,0.0,-131.0,0.0,0.0,0.0,0.0,0.0,0.0,1/H,
Brian McCann*,35.0,ATL,NL,0.2,85.0,316.0,277.0,28.0,69.0,9.0,0.0,12.0,45.0,0.0,0.0,31.0,53.0,0.249,0.323,0.412,0.734,85.0,0.315,80.0,114.0,10.0,2.0,0.0,6.0,1.0,2/H,
Brian Moran*,30.0,MIA,NL,0.0,10.0,0.0,0.0,0.0,0.0,0.0,0.0,0.0,0.0,0.0,0.0,0.0,0.0,,,,,,,,0.0,0.0,0.0,0.0,0.0,0.0,1,
Brian O'Grady*,27.0,CIN,NL,0.1,28.0,48.0,42.0,4.0,8.0,2.0,1.0,2.0,3.0,0.0,0.0,4.0,17.0,0.19,0.292,0.429,0.72,80.0,0.326,88.0,18.0,0.0,2.0,0.0,0.0,0.0,H8/73D,
Brock Holt*,31.0,BOS,AL,1.6,87.0,295.0,259.0,38.0,77.0,14.0,2.0,3.0,31.0,1.0,0.0,28.0,57.0,0.297,0.369,0.402,0.771,101.0,0.337,99.0,104.0,4.0,4.0,0.0,4.0,1.0,4H3/6957D,
Brock Stewart*,27.0,LAD,NL,0.1,3.0,3.0,3.0,1.0,1.0,1.0,0.0,0.0,0.0,0.0,0.0,0.0,0.0,0.333,0.333,0.667,1.0,154.0,0.407,156.0,2.0,0.0,0.0,0.0,0.0,0.0,/1,
Brooks Pounders,28.0,NYM,NL,0.0,7.0,0.0,0.0,0.0,0.0,0.0,0.0,0.0,0.0,0.0,0.0,0.0,0.0,,,,,,,,0.0,0.0,0.0,0.0,0.0,0.0,/1,
Bryan Holaday,31.0,MIA,NL,0.3,43.0,129.0,115.0,12.0,32.0,6.0,0.0,4.0,12.0,0.0,1.0,11.0,21.0,0.278,0.344,0.435,0.779,105.0,0.344,114.0,50.0,5.0,1.0,1.0,1.0,2.0,2/H1,
Bryan Reynolds#,24.0,PIT,NL,4.2,134.0,546.0,491.0,83.0,154.0,37.0,4.0,16.0,68.0,3.0,2.0,46.0,121.0,0.314,0.377,0.503,0.88,130.0,0.381,137.0,247.0,9.0,6.0,0.0,3.0,0.0,*798/H,ROY-4
Bryan Shaw#,31.0,COL,NL,0.0,64.0,0.0,0.0,0.0,0.0,0.0,0.0,0.0,0.0,0.0,0.0,0.0,0.0,,,,,,,,0.0,0.0,0.0,0.0,0.0,0.0,1,
Bryce Harper*,26.0,PHI,NL,4.5,157.0,682.0,573.0,98.0,149.0,36.0,1.0,35.0,114.0,15.0,3.0,99.0,178.0,0.26,0.372,0.51,0.882,126.0,0.373,125.0,292.0,10.0,6.0,0.0,4.0,11.0,*9/HD,
Bryse Wilson,21.0,ATL,NL,0.0,6.0,9.0,9.0,0.0,2.0,0.0,0.0,0.0,0.0,0.0,0.0,0.0,6.0,0.222,0.222,0.222,0.444,14.0,0.197,-5.0,2.0,0.0,0.0,0.0,0.0,0.0,/1,
Bubba Starling,26.0,KCR,AL,-1.1,56.0,197.0,186.0,26.0,40.0,7.0,0.0,4.0,12.0,2.0,0.0,9.0,56.0,0.215,0.255,0.317,0.572,50.0,0.248,39.0,59.0,4.0,1.0,1.0,0.0,0.0,89/7H,
Buck Farmer*,28.0,DET,AL,0.0,5.0,0.0,0.0,0.0,0.0,0.0,0.0,0.0,0.0,0.0,0.0,0.0,0.0,,,,,,,,0.0,0.0,0.0,0.0,0.0,0.0,1,
Buddy Boshers*,31.0,TOR,AL,0.0,3.0,0.0,0.0,0.0,0.0,0.0,0.0,0.0,0.0,0.0,0.0,0.0,0.0,,,,,,,,0.0,0.0,0.0,0.0,0.0,0.0,1,
Burch Smith,29.0,2TM,NL,0.0,16.0,1.0,1.0,0.0,0.0,0.0,0.0,0.0,0.0,0.0,0.0,0.0,1.0,0.0,0.0,0.0,0.0,-100.0,0.0,-142.0,0.0,0.0,0.0,0.0,0.0,0.0,1,
Burch Smith,29.0,MIL,NL,0.0,7.0,1.0,1.0,0.0,0.0,0.0,0.0,0.0,0.0,0.0,0.0,0.0,1.0,0.0,0.0,0.0,0.0,-100.0,0.0,-142.0,0.0,0.0,0.0,0.0,0.0,0.0,/1,
Burch Smith,29.0,SFG,NL,0.0,9.0,0.0,0.0,0.0,0.0,0.0,0.0,0.0,0.0,0.0,0.0,0.0,0.0,,,,,,,,0.0,0.0,0.0,0.0,0.0,0.0,1,
Buster Posey,32.0,SFG,NL,0.8,114.0,445.0,405.0,43.0,104.0,24.0,0.0,7.0,38.0,0.0,0.0,34.0,71.0,0.257,0.32,0.368,0.688,83.0,0.301,81.0,149.0,18.0,4.0,1.0,1.0,1.0,2H/3D,
Byron Buxton,25.0,MIN,AL,3.0,87.0,295.0,271.0,48.0,71.0,30.0,4.0,10.0,46.0,14.0,3.0,19.0,68.0,0.262,0.314,0.513,0.827,115.0,0.354,115.0,139.0,3.0,2.0,2.0,1.0,1.0,8/HD,
C.J. Cron,29.0,MIN,AL,1.6,125.0,499.0,458.0,51.0,116.0,24.0,0.0,25.0,78.0,0.0,0.0,29.0,107.0,0.253,0.311,0.469,0.78,104.0,0.333,104.0,215.0,13.0,10.0,0.0,2.0,3.0,*3/HD,
Cal Quantrill*,24.0,SDP,NL,0.0,21.0,30.0,25.0,1.0,2.0,0.0,0.0,0.0,1.0,0.0,1.0,1.0,6.0,0.08,0.115,0.08,0.195,-46.0,0.11,-63.0,2.0,0.0,0.0,4.0,0.0,0.0,1,
Caleb Ferguson,22.0,LAD,NL,0.1,42.0,2.0,2.0,1.0,1.0,1.0,0.0,0.0,0.0,0.0,0.0,0.0,0.0,0.5,0.5,1.0,1.5,281.0,0.61,300.0,2.0,0.0,0.0,0.0,0.0,0.0,1,
Caleb Joseph,33.0,ARI,NL,0.0,20.0,41.0,38.0,5.0,8.0,2.0,0.0,0.0,3.0,0.0,0.0,1.0,10.0,0.211,0.25,0.263,0.513,34.0,0.272,52.0,10.0,0.0,1.0,1.0,0.0,0.0,2/H1,
Caleb Smith,27.0,MIA,NL,0.3,27.0,49.0,43.0,2.0,10.0,2.0,0.0,0.0,3.0,0.0,0.0,0.0,15.0,0.233,0.25,0.279,0.529,41.0,0.245,33.0,12.0,2.0,1.0,5.0,0.0,0.0,1/H,
Cam Bedrosian,27.0,LAA,AL,0.0,6.0,0.0,0.0,0.0,0.0,0.0,0.0,0.0,0.0,0.0,0.0,0.0,0.0,,,,,,,,0.0,0.0,0.0,0.0,0.0,0.0,1,
Cam Gallagher,26.0,KCR,AL,0.1,45.0,142.0,126.0,14.0,30.0,7.0,0.0,3.0,12.0,0.0,1.0,11.0,28.0,0.238,0.312,0.365,0.677,78.0,0.297,78.0,46.0,3.0,3.0,1.0,1.0,0.0,2/H,
Cameron Maybin,32.0,NYY,AL,1.6,82.0,269.0,239.0,48.0,68.0,17.0,0.0,11.0,32.0,9.0,6.0,30.0,72.0,0.285,0.364,0.494,0.858,127.0,0.363,129.0,118.0,5.0,0.0,0.0,0.0,0.0,79/H8D,
Carl Edwards Jr.,27.0,2TM,NL,0.0,20.0,0.0,0.0,0.0,0.0,0.0,0.0,0.0,0.0,0.0,0.0,0.0,0.0,,,,,,,,0.0,0.0,0.0,0.0,0.0,0.0,1,
Carl Edwards Jr.,27.0,CHC,NL,0.0,18.0,0.0,0.0,0.0,0.0,0.0,0.0,0.0,0.0,0.0,0.0,0.0,0.0,,,,,,,,0.0,0.0,0.0,0.0,0.0,0.0,1,
Carl Edwards Jr.,27.0,SDP,NL,0.0,2.0,0.0,0.0,0.0,0.0,0.0,0.0,0.0,0.0,0.0,0.0,0.0,0.0,,,,,,,,0.0,0.0,0.0,0.0,0.0,0.0,/1,
Carlos Carrasco,32.0,CLE,AL,0.0,1.0,0.0,0.0,0.0,0.0,0.0,0.0,0.0,0.0,0.0,0.0,0.0,0.0,,,,,,,,0.0,0.0,0.0,0.0,0.0,0.0,1,
Carlos Correa,24.0,HOU,AL,3.8,75.0,321.0,280.0,42.0,78.0,16.0,1.0,21.0,59.0,1.0,0.0,35.0,75.0,0.279,0.358,0.568,0.926,137.0,0.385,136.0,159.0,8.0,2.0,0.0,4.0,0.0,6,
Carlos Estévez,26.0,COL,NL,0.0,67.0,0.0,0.0,0.0,0.0,0.0,0.0,0.0,0.0,0.0,0.0,0.0,0.0,,,,,,,,0.0,0.0,0.0,0.0,0.0,0.0,1,
Carlos González*,33.0,2TM,2LG,-0.5,45.0,166.0,145.0,21.0,29.0,3.0,0.0,3.0,10.0,0.0,3.0,18.0,52.0,0.2,0.289,0.283,0.572,51.0,0.251,47.0,41.0,3.0,1.0,0.0,2.0,1.0,79/DH,
Carlos González*,33.0,CLE,AL,-0.1,30.0,117.0,105.0,13.0,22.0,1.0,0.0,2.0,7.0,0.0,1.0,10.0,33.0,0.21,0.282,0.276,0.558,48.0,0.254,46.0,29.0,2.0,1.0,0.0,1.0,0.0,7/D9H,
Carlos González*,33.0,CHC,NL,-0.4,15.0,49.0,40.0,8.0,7.0,2.0,0.0,1.0,3.0,0.0,2.0,8.0,19.0,0.175,0.306,0.3,0.606,60.0,0.246,50.0,12.0,1.0,0.0,0.0,1.0,1.0,9/7H,
Carlos Gómez,33.0,NYM,NL,-0.3,34.0,99.0,86.0,10.0,17.0,3.0,0.0,3.0,10.0,4.0,1.0,7.0,30.0,0.198,0.278,0.337,0.616,65.0,0.284,67.0,29.0,3.0,3.0,2.0,1.0,0.0,87/9H,
Carlos Martínez,27.0,STL,NL,0.0,43.0,1.0,1.0,0.0,0.0,0.0,0.0,0.0,0.0,0.0,0.0,0.0,1.0,0.0,0.0,0.0,0.0,-100.0,0.0,-133.0,0.0,0.0,0.0,0.0,0.0,0.0,1,
Carlos Santana#,33.0,CLE,AL,4.7,158.0,686.0,573.0,110.0,161.0,30.0,1.0,34.0,93.0,4.0,0.0,108.0,108.0,0.281,0.397,0.515,0.911,136.0,0.386,136.0,295.0,13.0,3.0,0.0,2.0,12.0,*3D,"AS,MVP-16,SS"
Carson Fulmer,25.0,CHW,AL,0.0,1.0,1.0,1.0,0.0,0.0,0.0,0.0,0.0,0.0,0.0,0.0,0.0,0.0,0.0,0.0,0.0,0.0,-100.0,0.0,-123.0,0.0,0.0,0.0,0.0,0.0,0.0,1,
Carson Kelly,24.0,ARI,NL,1.5,111.0,365.0,314.0,46.0,77.0,19.0,0.0,18.0,47.0,0.0,0.0,48.0,79.0,0.245,0.348,0.478,0.826,112.0,0.347,108.0,150.0,11.0,2.0,0.0,1.0,10.0,2H/5,
Carter Kieboom,21.0,WSN,NL,-0.9,11.0,43.0,39.0,4.0,5.0,0.0,0.0,2.0,2.0,0.0,0.0,4.0,16.0,0.128,0.209,0.282,0.491,26.0,0.203,1.0,11.0,0.0,0.0,0.0,0.0,1.0,6/H,
Casey Sadler,28.0,LAD,NL,0.0,23.0,3.0,3.0,0.0,0.0,0.0,0.0,0.0,0.0,0.0,0.0,0.0,1.0,0.0,0.0,0.0,0.0,-100.0,0.0,-139.0,0.0,0.0,0.0,0.0,0.0,0.0,1,
Cavan Biggio*,24.0,TOR,AL,3.1,100.0,430.0,354.0,66.0,83.0,17.0,2.0,16.0,48.0,14.0,0.0,71.0,123.0,0.234,0.364,0.429,0.793,113.0,0.357,117.0,152.0,0.0,2.0,0.0,2.0,0.0,4/39DH7,ROY-5
CC Sabathia*,38.0,NYY,AL,0.0,2.0,3.0,3.0,0.0,0.0,0.0,0.0,0.0,0.0,0.0,0.0,0.0,2.0,0.0,0.0,0.0,0.0,-100.0,0.0,-129.0,0.0,0.0,0.0,0.0,0.0,0.0,1,
Cedric Mullins*,24.0,BAL,AL,-0.6,22.0,74.0,64.0,7.0,6.0,0.0,2.0,0.0,4.0,1.0,0.0,4.0,14.0,0.094,0.181,0.156,0.337,-9.0,0.176,-13.0,10.0,2.0,3.0,2.0,1.0,0.0,8/H,
Chad Bettis,30.0,COL,NL,0.0,35.0,10.0,5.0,0.0,0.0,0.0,0.0,0.0,0.0,0.0,0.0,2.0,2.0,0.0,0.286,0.0,0.286,-19.0,0.198,-61.0,0.0,0.0,0.0,3.0,0.0,0.0,1,
Chad Green*,28.0,NYY,AL,0.0,2.0,1.0,1.0,0.0,0.0,0.0,0.0,0.0,0.0,0.0,0.0,0.0,1.0,0.0,0.0,0.0,0.0,-100.0,0.0,-123.0,0.0,0.0,0.0,0.0,0.0,0.0,1,
Chad Pinder,27.0,OAK,AL,1.7,124.0,370.0,341.0,45.0,82.0,21.0,0.0,13.0,47.0,0.0,1.0,20.0,88.0,0.24,0.29,0.416,0.706,89.0,0.306,91.0,142.0,11.0,5.0,1.0,3.0,0.0,79H45/86D3,
Chad Sobotka,25.0,ATL,NL,0.0,30.0,2.0,2.0,0.0,0.0,0.0,0.0,0.0,0.0,0.0,0.0,0.0,2.0,0.0,0.0,0.0,0.0,-100.0,0.0,-146.0,0.0,0.0,0.0,0.0,0.0,0.0,1,
Chad Wallach,27.0,MIA,NL,0.1,19.0,54.0,48.0,4.0,12.0,3.0,0.0,1.0,3.0,0.0,0.0,6.0,12.0,0.25,0.333,0.375,0.708,88.0,0.312,88.0,18.0,0.0,0.0,0.0,0.0,0.0,2/H,
Chance Sisco*,24.0,BAL,AL,0.0,59.0,198.0,167.0,29.0,35.0,7.0,0.0,8.0,20.0,0.0,1.0,22.0,61.0,0.21,0.333,0.395,0.729,93.0,0.316,92.0,66.0,5.0,9.0,0.0,0.0,0.0,2/HD3,
Charlie Blackmon*,32.0,COL,NL,2.3,140.0,634.0,580.0,112.0,182.0,42.0,7.0,32.0,86.0,2.0,5.0,40.0,104.0,0.314,0.364,0.576,0.94,125.0,0.393,130.0,334.0,11.0,9.0,0.0,5.0,1.0,*9/HD,AS
Charlie Culberson,30.0,ATL,NL,-0.1,108.0,144.0,135.0,14.0,35.0,5.0,2.0,5.0,20.0,0.0,1.0,6.0,44.0,0.259,0.294,0.437,0.731,82.0,0.32,86.0,59.0,5.0,1.0,1.0,1.0,0.0,H793/615,
Charlie Morton,35.0,TBR,AL,0.0,1.0,2.0,2.0,0.0,0.0,0.0,0.0,0.0,0.0,0.0,0.0,0.0,2.0,0.0,0.0,0.0,0.0,-100.0,0.0,-128.0,0.0,0.0,0.0,0.0,0.0,0.0,1,"AS,CYA-3,MVP-21"
Charlie Tilson*,26.0,CHW,AL,-0.7,54.0,157.0,144.0,16.0,33.0,5.0,0.0,1.0,12.0,4.0,0.0,10.0,38.0,0.229,0.293,0.285,0.578,57.0,0.272,58.0,41.0,1.0,3.0,0.0,0.0,1.0,978/H,
Chase Anderson,31.0,MIL,NL,-0.1,31.0,44.0,40.0,1.0,4.0,1.0,0.0,0.0,1.0,0.0,0.0,2.0,24.0,0.1,0.143,0.125,0.268,-29.0,0.144,-44.0,5.0,0.0,0.0,2.0,0.0,0.0,1/H,
Chase De Jong*,25.0,MIN,AL,0.0,1.0,0.0,0.0,0.0,0.0,0.0,0.0,0.0,0.0,0.0,0.0,0.0,0.0,,,,,,,,0.0,0.0,0.0,0.0,0.0,0.0,/1,
Chasen Bradford,29.0,SEA,AL,0.0,1.0,0.0,0.0,0.0,0.0,0.0,0.0,0.0,0.0,0.0,0.0,0.0,0.0,,,,,,,,0.0,0.0,0.0,0.0,0.0,0.0,1,
Chasen Shreve*,28.0,STL,NL,0.1,3.0,1.0,0.0,0.0,0.0,0.0,0.0,0.0,0.0,0.0,0.0,1.0,0.0,,1.0,,,,0.693,358.0,0.0,0.0,0.0,0.0,0.0,0.0,/1,
Chaz Roe,32.0,TBR,AL,0.0,9.0,0.0,0.0,0.0,0.0,0.0,0.0,0.0,0.0,0.0,0.0,0.0,0.0,,,,,,,,0.0,0.0,0.0,0.0,0.0,0.0,1,
Cheslor Cuthbert,26.0,KCR,AL,-1.0,87.0,330.0,309.0,24.0,76.0,14.0,0.0,9.0,40.0,1.0,0.0,19.0,67.0,0.246,0.294,0.379,0.673,76.0,0.293,72.0,117.0,14.0,2.0,0.0,0.0,1.0,35H/D,
Chi Chi González,27.0,COL,NL,-0.3,13.0,24.0,24.0,0.0,1.0,0.0,0.0,0.0,2.0,0.0,0.0,0.0,15.0,0.042,0.042,0.042,0.083,-79.0,0.037,-128.0,1.0,0.0,0.0,0.0,0.0,0.0,1,
Chris Archer,30.0,PIT,NL,0.1,22.0,41.0,35.0,1.0,4.0,0.0,0.0,0.0,2.0,0.0,0.0,3.0,19.0,0.114,0.184,0.114,0.298,-18.0,0.172,-23.0,4.0,0.0,0.0,3.0,0.0,0.0,1,
Chris Bassitt,30.0,OAK,AL,-0.1,3.0,5.0,4.0,0.0,0.0,0.0,0.0,0.0,0.0,0.0,0.0,0.0,2.0,0.0,0.0,0.0,0.0,-100.0,0.0,-182.0,0.0,0.0,0.0,1.0,0.0,0.0,1,
Chris Davis*,33.0,BAL,AL,-1.1,105.0,352.0,307.0,26.0,55.0,9.0,0.0,12.0,36.0,0.0,0.0,39.0,139.0,0.179,0.276,0.326,0.601,59.0,0.268,57.0,100.0,6.0,3.0,0.0,3.0,1.0,3H/D19,
Chris Devenski,28.0,HOU,AL,0.0,7.0,0.0,0.0,0.0,0.0,0.0,0.0,0.0,0.0,0.0,0.0,0.0,0.0,,,,,,,,0.0,0.0,0.0,0.0,0.0,0.0,1,
Chris Flexen,24.0,NYM,NL,0.1,9.0,2.0,2.0,0.0,1.0,0.0,0.0,0.0,0.0,0.0,0.0,0.0,0.0,0.5,0.5,0.5,1.0,172.0,0.444,188.0,1.0,0.0,0.0,0.0,0.0,0.0,/1,
Chris Herrmann*,31.0,OAK,AL,-0.3,30.0,94.0,84.0,9.0,17.0,3.0,0.0,1.0,8.0,0.0,0.0,9.0,29.0,0.202,0.28,0.274,0.553,53.0,0.258,56.0,23.0,4.0,0.0,1.0,0.0,0.0,2/H7,
Chris Iannetta,36.0,COL,NL,-0.5,52.0,164.0,144.0,20.0,32.0,10.0,0.0,6.0,21.0,0.0,0.0,18.0,54.0,0.222,0.311,0.417,0.728,76.0,0.309,67.0,60.0,9.0,1.0,0.0,1.0,3.0,2H/D,
Chris Martin,33.0,2TM,2LG,0.0,20.0,0.0,0.0,0.0,0.0,0.0,0.0,0.0,0.0,0.0,0.0,0.0,0.0,,,,,,,,0.0,0.0,0.0,0.0,0.0,0.0,1,
Chris Martin,33.0,TEX,AL,0.0,4.0,0.0,0.0,0.0,0.0,0.0,0.0,0.0,0.0,0.0,0.0,0.0,0.0,,,,,,,,0.0,0.0,0.0,0.0,0.0,0.0,1,
Chris Martin,33.0,ATL,NL,0.0,16.0,0.0,0.0,0.0,0.0,0.0,0.0,0.0,0.0,0.0,0.0,0.0,0.0,,,,,,,,0.0,0.0,0.0,0.0,0.0,0.0,1,
Chris Mazza,29.0,NYM,NL,0.0,8.0,3.0,3.0,0.0,0.0,0.0,0.0,0.0,0.0,0.0,0.0,0.0,1.0,0.0,0.0,0.0,0.0,-100.0,0.0,-133.0,0.0,0.0,0.0,0.0,0.0,0.0,/1,
Chris Owings,27.0,2TM,AL,-1.2,66.0,196.0,180.0,13.0,25.0,6.0,1.0,3.0,14.0,5.0,2.0,14.0,78.0,0.139,0.209,0.233,0.443,16.0,0.208,11.0,42.0,2.0,2.0,0.0,0.0,0.0,4H56/8971D,
Chris Owings,27.0,KCR,AL,-1.1,40.0,145.0,135.0,9.0,18.0,4.0,1.0,2.0,9.0,4.0,1.0,8.0,55.0,0.133,0.193,0.222,0.415,9.0,0.194,1.0,30.0,1.0,2.0,0.0,0.0,0.0,45/89617H,
Chris Owings,27.0,BOS,AL,-0.1,26.0,51.0,45.0,4.0,7.0,2.0,0.0,1.0,5.0,1.0,1.0,6.0,23.0,0.156,0.255,0.267,0.522,36.0,0.248,41.0,12.0,1.0,0.0,0.0,0.0,0.0,H4/657D,
Chris Paddack,23.0,SDP,NL,-0.2,25.0,46.0,42.0,3.0,5.0,0.0,0.0,0.0,2.0,0.0,0.0,0.0,19.0,0.119,0.119,0.119,0.238,-36.0,0.101,-77.0,5.0,0.0,0.0,4.0,0.0,0.0,1,
Chris Rusin*,32.0,COL,NL,0.0,2.0,0.0,0.0,0.0,0.0,0.0,0.0,0.0,0.0,0.0,0.0,0.0,0.0,,,,,,,,0.0,0.0,0.0,0.0,0.0,0.0,/1,
Chris Shaw*,25.0,SFG,NL,-0.5,16.0,20.0,18.0,0.0,1.0,0.0,0.0,0.0,0.0,0.0,0.0,2.0,8.0,0.056,0.15,0.056,0.206,-41.0,0.114,-54.0,1.0,0.0,0.0,0.0,0.0,0.0,H/3D,
Chris Stratton,28.0,2TM,2LG,-0.1,27.0,4.0,4.0,0.0,0.0,0.0,0.0,0.0,0.0,0.0,0.0,0.0,2.0,0.0,0.0,0.0,0.0,-100.0,0.0,-135.0,0.0,1.0,0.0,0.0,0.0,0.0,1,
Chris Stratton,28.0,LAA,AL,-0.1,1.0,2.0,2.0,0.0,0.0,0.0,0.0,0.0,0.0,0.0,0.0,0.0,0.0,0.0,0.0,0.0,0.0,-100.0,0.0,-132.0,0.0,1.0,0.0,0.0,0.0,0.0,/1,
Chris Stratton,28.0,PIT,NL,0.0,26.0,2.0,2.0,0.0,0.0,0.0,0.0,0.0,0.0,0.0,0.0,0.0,2.0,0.0,0.0,0.0,0.0,-100.0,0.0,-138.0,0.0,0.0,0.0,0.0,0.0,0.0,1,
Chris Taylor,28.0,LAD,NL,1.6,124.0,414.0,366.0,52.0,96.0,29.0,4.0,12.0,52.0,8.0,0.0,37.0,115.0,0.262,0.333,0.462,0.794,107.0,0.345,107.0,169.0,6.0,4.0,2.0,5.0,3.0,76H48/59,
Christian Arroyo,24.0,TBR,AL,0.1,16.0,57.0,50.0,8.0,11.0,2.0,0.0,2.0,7.0,0.0,0.0,5.0,18.0,0.22,0.304,0.38,0.684,83.0,0.293,78.0,19.0,0.0,1.0,1.0,0.0,0.0,5/H4,
Christian Colón,30.0,CIN,NL,0.2,8.0,8.0,6.0,1.0,3.0,0.0,0.0,0.0,1.0,0.0,0.0,0.0,0.0,0.5,0.625,0.5,1.125,194.0,0.502,215.0,3.0,0.0,2.0,0.0,0.0,0.0,/H4,
Christian Vázquez,28.0,BOS,AL,2.2,138.0,521.0,482.0,66.0,133.0,26.0,1.0,23.0,72.0,4.0,2.0,33.0,101.0,0.276,0.32,0.477,0.798,103.0,0.336,99.0,230.0,17.0,0.0,3.0,3.0,3.0,*2HD3/54,
Christian Walker,28.0,ARI,NL,2.7,152.0,603.0,529.0,86.0,137.0,26.0,1.0,29.0,73.0,8.0,1.0,67.0,155.0,0.259,0.348,0.476,0.825,111.0,0.354,111.0,252.0,11.0,6.0,0.0,1.0,6.0,*3H/D,
Christian Yelich*,27.0,MIL,NL,7.1,130.0,580.0,489.0,100.0,161.0,29.0,3.0,44.0,97.0,30.0,2.0,80.0,118.0,0.329,0.429,0.671,1.1,179.0,0.458,182.0,328.0,8.0,8.0,0.0,3.0,16.0,*9/7HD8,"AS,MVP-2,SS"
Christin Stewart*,25.0,DET,AL,-0.3,104.0,416.0,369.0,32.0,86.0,25.0,1.0,10.0,40.0,0.0,1.0,34.0,103.0,0.233,0.305,0.388,0.693,82.0,0.299,79.0,143.0,4.0,7.0,0.0,6.0,3.0,7D/H,
Cionel Pérez,23.0,HOU,AL,0.0,1.0,0.0,0.0,0.0,0.0,0.0,0.0,0.0,0.0,0.0,0.0,0.0,0.0,,,,,,,,0.0,0.0,0.0,0.0,0.0,0.0,/1,
Clay Holmes,26.0,PIT,NL,-0.1,32.0,5.0,5.0,0.0,0.0,0.0,0.0,0.0,0.0,0.0,0.0,0.0,4.0,0.0,0.0,0.0,0.0,-100.0,0.0,-138.0,0.0,0.0,0.0,0.0,0.0,0.0,1,
Clayton Kershaw*,31.0,LAD,NL,0.0,28.0,65.0,49.0,1.0,5.0,1.0,0.0,0.0,1.0,0.0,0.0,1.0,16.0,0.102,0.12,0.122,0.242,-35.0,0.163,-57.0,6.0,0.0,0.0,15.0,0.0,0.0,1,"AS,CYA-8"
Clint Frazier,24.0,NYY,AL,-0.1,69.0,246.0,225.0,31.0,60.0,14.0,0.0,12.0,38.0,1.0,2.0,16.0,70.0,0.267,0.317,0.489,0.806,111.0,0.337,110.0,110.0,2.0,2.0,0.0,3.0,1.0,97D/H,
Cody Allen,30.0,LAA,AL,0.0,1.0,1.0,1.0,0.0,0.0,0.0,0.0,0.0,0.0,0.0,0.0,0.0,1.0,0.0,0.0,0.0,0.0,-100.0,0.0,-123.0,0.0,0.0,0.0,0.0,0.0,0.0,1,
Cody Bellinger*,23.0,LAD,NL,8.7,156.0,661.0,558.0,121.0,170.0,34.0,3.0,47.0,115.0,15.0,5.0,95.0,108.0,0.305,0.406,0.629,1.035,167.0,0.421,166.0,351.0,10.0,3.0,0.0,4.0,21.0,*938/H,"AS,MVP-1,GG,SS"
Cody Reed*,26.0,CIN,NL,0.0,3.0,1.0,1.0,0.0,0.0,0.0,0.0,0.0,0.0,0.0,0.0,0.0,1.0,0.0,0.0,0.0,0.0,-100.0,0.0,-150.0,0.0,0.0,0.0,0.0,0.0,0.0,/1,
Cody Stashak,25.0,MIN,AL,0.0,1.0,0.0,0.0,0.0,0.0,0.0,0.0,0.0,0.0,0.0,0.0,0.0,0.0,,,,,,,,0.0,0.0,0.0,0.0,0.0,0.0,1,
Cole Hamels*,35.0,CHC,NL,0.0,24.0,46.0,42.0,1.0,6.0,1.0,0.0,0.0,4.0,0.0,0.0,1.0,15.0,0.143,0.178,0.167,0.344,-9.0,0.155,-32.0,7.0,2.0,1.0,1.0,1.0,0.0,1,
Cole Irvin*,25.0,PHI,NL,0.1,14.0,8.0,6.0,1.0,1.0,0.0,0.0,0.0,0.0,0.0,0.0,2.0,2.0,0.167,0.375,0.167,0.542,50.0,0.284,63.0,1.0,0.0,0.0,0.0,0.0,0.0,1,
Cole Sulser,29.0,TBR,AL,0.0,1.0,0.0,0.0,0.0,0.0,0.0,0.0,0.0,0.0,0.0,0.0,0.0,0.0,,,,,,,,0.0,0.0,0.0,0.0,0.0,0.0,/1,
Cole Tucker#,22.0,PIT,NL,0.2,56.0,159.0,147.0,16.0,31.0,10.0,3.0,2.0,13.0,0.0,0.0,10.0,40.0,0.211,0.266,0.361,0.626,63.0,0.265,53.0,53.0,2.0,1.0,1.0,0.0,1.0,6H,
Colin Moran*,26.0,PIT,NL,-1.0,149.0,503.0,466.0,46.0,129.0,30.0,1.0,13.0,80.0,0.0,1.0,30.0,117.0,0.277,0.322,0.429,0.751,96.0,0.321,94.0,200.0,13.0,3.0,0.0,4.0,4.0,*5H4/37,
Colin Poche*,25.0,TBR,AL,0.0,4.0,0.0,0.0,0.0,0.0,0.0,0.0,0.0,0.0,0.0,0.0,0.0,0.0,,,,,,,,0.0,0.0,0.0,0.0,0.0,0.0,1,
Collin McHugh,32.0,HOU,AL,0.0,2.0,0.0,0.0,0.0,0.0,0.0,0.0,0.0,0.0,0.0,0.0,0.0,0.0,,,,,,,,0.0,0.0,0.0,0.0,0.0,0.0,1,
Colten Brewer,26.0,BOS,AL,0.0,1.0,0.0,0.0,0.0,0.0,0.0,0.0,0.0,0.0,0.0,0.0,0.0,0.0,,,,,,,,0.0,0.0,0.0,0.0,0.0,0.0,1,
Conner Menez*,24.0,SFG,NL,0.0,9.0,3.0,3.0,0.0,0.0,0.0,0.0,0.0,0.0,0.0,0.0,0.0,0.0,0.0,0.0,0.0,0.0,-100.0,0.0,-136.0,0.0,0.0,0.0,0.0,0.0,0.0,/1H,
Connor Joe,26.0,SFG,NL,-0.2,8.0,16.0,15.0,1.0,1.0,0.0,0.0,0.0,0.0,0.0,0.0,1.0,5.0,0.067,0.125,0.067,0.192,-46.0,0.099,-65.0,1.0,1.0,0.0,0.0,0.0,0.0,/7H,
Corban Joseph*,30.0,3TM,2LG,-0.6,28.0,68.0,64.0,5.0,10.0,3.0,0.0,1.0,7.0,0.0,0.0,3.0,12.0,0.156,0.191,0.25,0.441,18.0,0.204,15.0,16.0,2.0,0.0,0.0,1.0,0.0,4H/59D,
Corban Joseph*,30.0,2TM,NL,-0.4,17.0,28.0,27.0,1.0,3.0,1.0,0.0,0.0,2.0,0.0,0.0,1.0,7.0,0.111,0.143,0.148,0.291,-22.0,0.163,-19.0,4.0,0.0,0.0,0.0,0.0,0.0,H/459,
Corban Joseph*,30.0,OAK,AL,-0.2,11.0,40.0,37.0,4.0,7.0,2.0,0.0,1.0,5.0,0.0,0.0,2.0,5.0,0.189,0.225,0.324,0.549,47.0,0.232,38.0,12.0,2.0,0.0,0.0,1.0,0.0,/45D,
Corban Joseph*,30.0,SFG,NL,-0.3,8.0,17.0,16.0,0.0,1.0,0.0,0.0,0.0,2.0,0.0,0.0,1.0,6.0,0.063,0.118,0.063,0.18,-49.0,0.145,-31.0,1.0,0.0,0.0,0.0,0.0,0.0,/4H5,
Corban Joseph*,30.0,PIT,NL,-0.1,9.0,11.0,11.0,1.0,2.0,1.0,0.0,0.0,0.0,0.0,0.0,0.0,1.0,0.182,0.182,0.273,0.455,18.0,0.192,0.0,3.0,0.0,0.0,0.0,0.0,0.0,/H49,
Corbin Burnes,24.0,MIL,NL,0.1,30.0,8.0,7.0,0.0,2.0,0.0,0.0,0.0,0.0,0.0,0.0,0.0,2.0,0.286,0.286,0.286,0.571,50.0,0.254,32.0,2.0,0.0,0.0,1.0,0.0,0.0,1,
Corey Dickerson*,30.0,2TM,NL,0.8,78.0,279.0,260.0,33.0,79.0,28.0,2.0,12.0,59.0,1.0,0.0,16.0,56.0,0.304,0.341,0.565,0.906,131.0,0.371,127.0,147.0,4.0,0.0,0.0,3.0,4.0,7H,
Corey Dickerson*,30.0,PIT,NL,0.4,44.0,142.0,127.0,20.0,40.0,18.0,0.0,4.0,25.0,1.0,0.0,13.0,23.0,0.315,0.373,0.551,0.924,140.0,0.374,131.0,70.0,3.0,0.0,0.0,2.0,4.0,7H,
Corey Dickerson*,30.0,PHI,NL,0.4,34.0,137.0,133.0,13.0,39.0,10.0,2.0,8.0,34.0,0.0,0.0,3.0,33.0,0.293,0.307,0.579,0.886,122.0,0.367,122.0,77.0,1.0,0.0,0.0,1.0,0.0,7/H,
Corey Kluber,33.0,CLE,AL,0.0,1.0,1.0,1.0,0.0,0.0,0.0,0.0,0.0,0.0,0.0,0.0,0.0,1.0,0.0,0.0,0.0,0.0,-100.0,0.0,-131.0,0.0,0.0,0.0,0.0,0.0,0.0,/1,
Corey Oswalt,25.0,NYM,NL,0.0,2.0,3.0,1.0,0.0,0.0,0.0,0.0,0.0,1.0,0.0,0.0,0.0,1.0,0.0,0.0,0.0,0.0,-100.0,0.0,-250.0,0.0,0.0,0.0,1.0,1.0,0.0,/1,
Corey Seager*,25.0,LAD,NL,2.9,134.0,541.0,489.0,82.0,133.0,44.0,1.0,19.0,87.0,1.0,0.0,44.0,98.0,0.272,0.335,0.483,0.817,112.0,0.345,110.0,236.0,8.0,4.0,0.0,4.0,3.0,*6/H,
Cory Gearrin,33.0,2TM,AL,0.0,3.0,0.0,0.0,0.0,0.0,0.0,0.0,0.0,0.0,0.0,0.0,0.0,0.0,,,,,,,,0.0,0.0,0.0,0.0,0.0,0.0,1,
Cory Gearrin,33.0,SEA,AL,0.0,2.0,0.0,0.0,0.0,0.0,0.0,0.0,0.0,0.0,0.0,0.0,0.0,0.0,,,,,,,,0.0,0.0,0.0,0.0,0.0,0.0,1,
Cory Gearrin,33.0,NYY,AL,0.0,1.0,0.0,0.0,0.0,0.0,0.0,0.0,0.0,0.0,0.0,0.0,0.0,0.0,,,,,,,,0.0,0.0,0.0,0.0,0.0,0.0,1,
Cory Spangenberg*,28.0,MIL,NL,0.6,32.0,102.0,95.0,11.0,22.0,2.0,2.0,2.0,10.0,3.0,0.0,6.0,36.0,0.232,0.277,0.358,0.635,64.0,0.287,59.0,34.0,1.0,0.0,1.0,0.0,1.0,4/567H,
Craig Kimbrel,31.0,CHC,NL,0.0,22.0,0.0,0.0,0.0,0.0,0.0,0.0,0.0,0.0,0.0,0.0,0.0,0.0,,,,,,,,0.0,0.0,0.0,0.0,0.0,0.0,1,
Craig Stammen,35.0,SDP,NL,0.0,72.0,1.0,1.0,0.0,0.0,0.0,0.0,0.0,0.0,0.0,0.0,0.0,1.0,0.0,0.0,0.0,0.0,-100.0,0.0,-133.0,0.0,0.0,0.0,0.0,0.0,0.0,1,
Cristhian Adames#,27.0,SFG,NL,0.2,10.0,24.0,22.0,1.0,7.0,1.0,0.0,0.0,2.0,0.0,0.0,2.0,8.0,0.318,0.375,0.364,0.739,99.0,0.327,99.0,8.0,0.0,0.0,0.0,0.0,0.0,/H45,
Curt Casali,30.0,CIN,NL,1.3,84.0,236.0,207.0,24.0,52.0,9.0,0.0,8.0,32.0,0.0,0.0,25.0,59.0,0.251,0.331,0.411,0.741,88.0,0.325,87.0,85.0,1.0,1.0,0.0,3.0,1.0,2H/3D,
Curtis Granderson*,38.0,MIA,NL,-0.5,138.0,363.0,317.0,44.0,58.0,17.0,1.0,12.0,34.0,0.0,3.0,41.0,98.0,0.183,0.281,0.356,0.637,68.0,0.29,75.0,113.0,3.0,3.0,0.0,2.0,1.0,7H/9D,
César Hernández#,29.0,PHI,NL,1.9,161.0,667.0,612.0,77.0,171.0,31.0,3.0,14.0,71.0,9.0,2.0,45.0,100.0,0.279,0.333,0.408,0.741,92.0,0.325,91.0,250.0,9.0,6.0,0.0,4.0,4.0,*4/H,
César Puello,28.0,2TM,2LG,1.0,44.0,147.0,125.0,14.0,31.0,5.0,0.0,4.0,18.0,0.0,0.0,10.0,38.0,0.248,0.356,0.384,0.74,97.0,0.336,105.0,48.0,2.0,11.0,1.0,0.0,1.0,879/H,
César Puello,28.0,LAA,AL,0.6,12.0,50.0,41.0,6.0,16.0,3.0,0.0,3.0,12.0,0.0,0.0,3.0,8.0,0.39,0.5,0.683,1.183,210.0,0.488,211.0,28.0,1.0,6.0,0.0,0.0,0.0,7,
César Puello,28.0,MIA,NL,0.4,32.0,97.0,84.0,8.0,15.0,2.0,0.0,1.0,6.0,0.0,0.0,7.0,30.0,0.179,0.281,0.238,0.519,41.0,0.256,46.0,20.0,1.0,5.0,1.0,0.0,1.0,89/H,
Dakota Hudson,24.0,STL,NL,-0.3,30.0,59.0,51.0,1.0,4.0,0.0,0.0,0.0,2.0,0.0,0.0,0.0,24.0,0.078,0.096,0.078,0.175,-53.0,0.097,-89.0,4.0,1.0,1.0,7.0,0.0,0.0,1,ROY-5
Dallas Keuchel*,31.0,ATL,NL,-0.1,19.0,41.0,38.0,0.0,5.0,1.0,0.0,0.0,2.0,0.0,0.0,1.0,28.0,0.132,0.154,0.158,0.312,-20.0,0.14,-53.0,6.0,0.0,0.0,2.0,0.0,0.0,1,
Dan Altavilla,26.0,SEA,AL,0.0,2.0,0.0,0.0,0.0,0.0,0.0,0.0,0.0,0.0,0.0,0.0,0.0,0.0,,,,,,,,0.0,0.0,0.0,0.0,0.0,0.0,1,
Dan Jennings*,32.0,WSN,NL,0.0,8.0,0.0,0.0,0.0,0.0,0.0,0.0,0.0,0.0,0.0,0.0,0.0,0.0,,,,,,,,0.0,0.0,0.0,0.0,0.0,0.0,/1,
Dan Otero,34.0,CLE,AL,0.0,3.0,0.0,0.0,0.0,0.0,0.0,0.0,0.0,0.0,0.0,0.0,0.0,0.0,,,,,,,,0.0,0.0,0.0,0.0,0.0,0.0,1,
Dan Winkler,29.0,ATL,NL,0.0,26.0,1.0,0.0,0.0,0.0,0.0,0.0,0.0,0.0,0.0,0.0,0.0,0.0,,,,,,,,0.0,0.0,0.0,1.0,0.0,0.0,1,
Daniel Descalso*,32.0,CHC,NL,-0.9,82.0,194.0,168.0,20.0,29.0,5.0,1.0,2.0,15.0,2.0,1.0,23.0,57.0,0.173,0.271,0.25,0.521,38.0,0.243,33.0,42.0,3.0,0.0,1.0,1.0,0.0,4H/5D13,
Daniel Hudson,32.0,2TM,2LG,0.0,25.0,0.0,0.0,0.0,0.0,0.0,0.0,0.0,0.0,0.0,0.0,0.0,0.0,,,,,,,,0.0,0.0,0.0,0.0,0.0,0.0,1,
Daniel Hudson,32.0,TOR,AL,0.0,2.0,0.0,0.0,0.0,0.0,0.0,0.0,0.0,0.0,0.0,0.0,0.0,0.0,,,,,,,,0.0,0.0,0.0,0.0,0.0,0.0,1,
Daniel Hudson,32.0,WSN,NL,0.0,23.0,0.0,0.0,0.0,0.0,0.0,0.0,0.0,0.0,0.0,0.0,0.0,0.0,,,,,,,,0.0,0.0,0.0,0.0,0.0,0.0,1,
Daniel Mengden,26.0,OAK,AL,0.0,1.0,2.0,2.0,0.0,0.0,0.0,0.0,0.0,0.0,0.0,0.0,0.0,2.0,0.0,0.0,0.0,0.0,-100.0,0.0,-128.0,0.0,0.0,0.0,0.0,0.0,0.0,1,
Daniel Murphy*,34.0,COL,NL,0.7,132.0,478.0,438.0,56.0,122.0,35.0,1.0,13.0,78.0,1.0,1.0,32.0,74.0,0.279,0.328,0.452,0.78,89.0,0.337,88.0,198.0,10.0,2.0,0.0,4.0,1.0,*3H/D4,
Daniel Norris*,26.0,DET,AL,0.0,4.0,6.0,6.0,1.0,1.0,0.0,0.0,0.0,0.0,0.0,0.0,0.0,3.0,0.167,0.167,0.167,0.333,-11.0,0.133,-40.0,1.0,0.0,0.0,0.0,0.0,0.0,1/H,
Daniel Palka*,27.0,CHW,AL,-1.6,30.0,93.0,84.0,4.0,9.0,0.0,0.0,2.0,4.0,0.0,1.0,8.0,35.0,0.107,0.194,0.179,0.372,1.0,0.169,-7.0,15.0,3.0,1.0,0.0,0.0,0.0,9/HD3,
Daniel Ponce de Leon,27.0,STL,NL,-0.1,12.0,12.0,9.0,0.0,0.0,0.0,0.0,0.0,0.0,0.0,0.0,1.0,4.0,0.0,0.1,0.0,0.1,-69.0,0.069,-124.0,0.0,0.0,0.0,2.0,0.0,0.0,1,
Daniel Robertson,25.0,TBR,AL,-0.3,74.0,237.0,207.0,23.0,44.0,9.0,1.0,2.0,19.0,2.0,2.0,24.0,59.0,0.213,0.312,0.295,0.607,66.0,0.281,72.0,61.0,10.0,6.0,0.0,0.0,0.0,546/H1,
Daniel Stumpf*,28.0,DET,AL,0.0,5.0,0.0,0.0,0.0,0.0,0.0,0.0,0.0,0.0,0.0,0.0,0.0,0.0,,,,,,,,0.0,0.0,0.0,0.0,0.0,0.0,1,
Daniel Vogelbach*,26.0,SEA,AL,1.1,144.0,558.0,462.0,73.0,96.0,17.0,0.0,30.0,76.0,0.0,0.0,92.0,149.0,0.208,0.341,0.439,0.78,111.0,0.338,112.0,203.0,4.0,2.0,0.0,2.0,2.0,D3H,AS
Daniel Zamora*,26.0,NYM,NL,0.0,17.0,0.0,0.0,0.0,0.0,0.0,0.0,0.0,0.0,0.0,0.0,0.0,0.0,,,,,,,,0.0,0.0,0.0,0.0,0.0,0.0,1,
Danny Duffy*,30.0,KCR,AL,0.0,2.0,4.0,4.0,0.0,1.0,0.0,0.0,0.0,0.0,0.0,0.0,0.0,2.0,0.25,0.25,0.25,0.5,33.0,0.199,6.0,1.0,0.0,0.0,0.0,0.0,0.0,1,
Danny Hultzen*,29.0,CHC,NL,0.0,6.0,0.0,0.0,0.0,0.0,0.0,0.0,0.0,0.0,0.0,0.0,0.0,0.0,,,,,,,,0.0,0.0,0.0,0.0,0.0,0.0,/1,
Danny Jansen,24.0,TOR,AL,1.0,107.0,384.0,347.0,41.0,72.0,12.0,1.0,13.0,43.0,0.0,1.0,31.0,79.0,0.207,0.279,0.36,0.64,70.0,0.278,68.0,125.0,8.0,4.0,1.0,1.0,1.0,2/DH,
Danny Mendick,25.0,CHW,AL,0.4,16.0,40.0,39.0,6.0,12.0,0.0,0.0,2.0,4.0,0.0,0.0,1.0,11.0,0.308,0.325,0.462,0.787,107.0,0.35,117.0,18.0,1.0,0.0,0.0,0.0,0.0,/H6D45,
Danny Santana#,28.0,TEX,AL,1.9,130.0,511.0,474.0,81.0,134.0,23.0,6.0,28.0,81.0,21.0,6.0,25.0,151.0,0.283,0.324,0.534,0.857,112.0,0.36,109.0,253.0,8.0,6.0,0.0,5.0,2.0,38479H/65D,
Dansby Swanson,25.0,ATL,NL,1.0,127.0,545.0,483.0,77.0,121.0,26.0,3.0,17.0,65.0,10.0,5.0,51.0,124.0,0.251,0.325,0.422,0.748,89.0,0.323,86.0,204.0,7.0,5.0,1.0,5.0,2.0,*6/H,
Dario Agrazal,24.0,PIT,NL,-0.1,14.0,24.0,22.0,0.0,2.0,0.0,0.0,0.0,2.0,0.0,0.0,0.0,9.0,0.091,0.087,0.091,0.178,-53.0,0.116,-61.0,2.0,0.0,0.0,1.0,1.0,0.0,1,
Darren O'Day,36.0,ATL,NL,0.0,6.0,0.0,0.0,0.0,0.0,0.0,0.0,0.0,0.0,0.0,0.0,0.0,0.0,,,,,,,,0.0,0.0,0.0,0.0,0.0,0.0,/1,
Darwinzon Hernández*,22.0,BOS,AL,0.0,2.0,0.0,0.0,0.0,0.0,0.0,0.0,0.0,0.0,0.0,0.0,0.0,0.0,,,,,,,,0.0,0.0,0.0,0.0,0.0,0.0,1,
David Bednar*,24.0,SDP,NL,0.0,13.0,0.0,0.0,0.0,0.0,0.0,0.0,0.0,0.0,0.0,0.0,0.0,0.0,,,,,,,,0.0,0.0,0.0,0.0,0.0,0.0,1,
David Bote,26.0,CHC,NL,2.0,127.0,356.0,303.0,47.0,78.0,17.0,0.0,11.0,41.0,5.0,1.0,44.0,93.0,0.257,0.362,0.422,0.785,104.0,0.351,110.0,128.0,11.0,7.0,0.0,2.0,4.0,54H/69,
David Dahl*,25.0,COL,NL,0.7,100.0,413.0,374.0,67.0,113.0,28.0,5.0,15.0,61.0,4.0,4.0,28.0,110.0,0.302,0.353,0.524,0.877,111.0,0.365,110.0,196.0,3.0,4.0,2.0,5.0,0.0,879/H,AS
David Fletcher,25.0,LAA,AL,3.7,154.0,653.0,596.0,83.0,173.0,30.0,4.0,6.0,49.0,8.0,3.0,55.0,64.0,0.29,0.35,0.384,0.734,95.0,0.326,98.0,229.0,8.0,0.0,1.0,1.0,2.0,5467/9H,
David Freese,36.0,LAD,NL,1.5,79.0,186.0,162.0,35.0,51.0,13.0,0.0,11.0,29.0,0.0,0.0,23.0,44.0,0.315,0.403,0.599,1.002,160.0,0.418,163.0,97.0,7.0,1.0,0.0,0.0,0.0,3H/D5,
David Freitas,30.0,2TM,2LG,-0.2,17.0,20.0,15.0,2.0,1.0,0.0,0.0,0.0,1.0,0.0,0.0,4.0,5.0,0.067,0.25,0.067,0.317,-9.0,0.183,-8.0,1.0,1.0,0.0,0.0,1.0,0.0,H/2,
David Freitas,30.0,SEA,AL,0.0,1.0,4.0,2.0,1.0,0.0,0.0,0.0,0.0,1.0,0.0,0.0,1.0,0.0,0.0,0.25,0.0,0.25,-21.0,0.174,-4.0,0.0,0.0,0.0,0.0,1.0,0.0,/2,
David Freitas,30.0,MIL,NL,-0.2,16.0,16.0,13.0,1.0,1.0,0.0,0.0,0.0,0.0,0.0,0.0,3.0,5.0,0.077,0.25,0.077,0.327,-8.0,0.185,-9.0,1.0,1.0,0.0,0.0,0.0,0.0,H,
David Hernández,34.0,CIN,NL,0.0,44.0,0.0,0.0,0.0,0.0,0.0,0.0,0.0,0.0,0.0,0.0,0.0,0.0,,,,,,,,0.0,0.0,0.0,0.0,0.0,0.0,1,
David Hess,25.0,BAL,AL,-0.1,2.0,4.0,3.0,0.0,0.0,0.0,0.0,0.0,0.0,0.0,0.0,0.0,1.0,0.0,0.0,0.0,0.0,-100.0,0.0,-205.0,0.0,0.0,0.0,1.0,0.0,0.0,1,
David Peralta*,31.0,ARI,NL,1.8,99.0,423.0,382.0,48.0,105.0,29.0,3.0,12.0,57.0,0.0,0.0,35.0,87.0,0.275,0.343,0.461,0.804,106.0,0.346,107.0,176.0,9.0,5.0,0.0,1.0,3.0,7/HD,GG
David Phelps,32.0,CHC,NL,0.0,24.0,0.0,0.0,0.0,0.0,0.0,0.0,0.0,0.0,0.0,0.0,0.0,0.0,,,,,,,,0.0,0.0,0.0,0.0,0.0,0.0,1,
David Price*,33.0,BOS,AL,0.1,1.0,2.0,2.0,0.0,1.0,0.0,0.0,0.0,1.0,0.0,0.0,0.0,1.0,0.5,0.5,0.5,1.0,162.0,0.443,176.0,1.0,0.0,0.0,0.0,0.0,0.0,1,
David Robertson,34.0,PHI,NL,0.0,7.0,0.0,0.0,0.0,0.0,0.0,0.0,0.0,0.0,0.0,0.0,0.0,0.0,,,,,,,,0.0,0.0,0.0,0.0,0.0,0.0,/1,
Dawel Lugo,24.0,DET,AL,-1.0,77.0,288.0,273.0,28.0,67.0,11.0,4.0,6.0,26.0,0.0,0.0,8.0,59.0,0.245,0.271,0.381,0.652,70.0,0.28,64.0,104.0,8.0,3.0,0.0,4.0,1.0,5/HD,
Dee Strange-Gordon*,31.0,SEA,AL,1.2,117.0,421.0,393.0,36.0,108.0,12.0,6.0,3.0,34.0,22.0,5.0,18.0,61.0,0.275,0.304,0.359,0.663,80.0,0.297,80.0,141.0,8.0,1.0,3.0,6.0,1.0,*4/HD6,
Deivy Grullón,23.0,PHI,NL,-0.2,4.0,9.0,9.0,0.0,1.0,1.0,0.0,0.0,1.0,0.0,0.0,0.0,2.0,0.111,0.111,0.222,0.333,-17.0,0.136,-44.0,2.0,1.0,0.0,0.0,0.0,0.0,/2HD,
Delino DeShields,26.0,TEX,AL,1.2,118.0,408.0,357.0,42.0,89.0,15.0,4.0,4.0,32.0,24.0,6.0,38.0,100.0,0.249,0.325,0.347,0.672,72.0,0.314,75.0,124.0,8.0,3.0,8.0,2.0,0.0,*8H/D,
Dennis Santana,23.0,LAD,NL,0.1,3.0,2.0,2.0,0.0,1.0,0.0,0.0,0.0,0.0,0.0,0.0,0.0,0.0,0.5,0.5,0.5,1.0,167.0,0.444,183.0,1.0,0.0,0.0,0.0,0.0,0.0,/1,
Deolis Guerra,30.0,MIL,NL,0.0,1.0,0.0,0.0,0.0,0.0,0.0,0.0,0.0,0.0,0.0,0.0,0.0,0.0,,,,,,,,0.0,0.0,0.0,0.0,0.0,0.0,/1,
Dereck Rodríguez,27.0,SFG,NL,0.0,27.0,29.0,29.0,1.0,5.0,0.0,0.0,0.0,0.0,0.0,0.0,0.0,17.0,0.172,0.172,0.172,0.345,-7.0,0.15,-28.0,5.0,0.0,0.0,0.0,0.0,0.0,1/H,
Derek Dietrich*,29.0,CIN,NL,1.1,113.0,306.0,251.0,41.0,47.0,8.0,2.0,19.0,43.0,1.0,1.0,28.0,74.0,0.187,0.328,0.462,0.79,98.0,0.344,101.0,116.0,2.0,25.0,0.0,1.0,2.0,4H37/D5,
Derek Fisher*,25.0,2TM,AL,0.1,57.0,167.0,146.0,23.0,27.0,4.0,1.0,7.0,17.0,5.0,1.0,21.0,57.0,0.185,0.287,0.37,0.657,74.0,0.294,74.0,54.0,3.0,0.0,0.0,0.0,0.0,7H/9D8,
Derek Fisher*,25.0,HOU,AL,0.2,17.0,60.0,53.0,9.0,12.0,2.0,1.0,1.0,5.0,4.0,1.0,7.0,14.0,0.226,0.317,0.358,0.675,77.0,0.317,84.0,19.0,0.0,0.0,0.0,0.0,0.0,7/9DH,
Derek Fisher*,25.0,TOR,AL,-0.1,40.0,107.0,93.0,14.0,15.0,2.0,0.0,6.0,12.0,1.0,0.0,14.0,43.0,0.161,0.271,0.376,0.647,72.0,0.281,68.0,35.0,3.0,0.0,0.0,0.0,0.0,7/H98D,
Derek Holland#,32.0,2TM,NL,-0.1,52.0,16.0,14.0,0.0,1.0,0.0,0.0,0.0,0.0,0.0,0.0,1.0,10.0,0.071,0.133,0.071,0.205,-43.0,0.099,-78.0,1.0,0.0,0.0,1.0,0.0,0.0,1/H,
Derek Holland#,32.0,SFG,NL,-0.1,32.0,13.0,12.0,0.0,1.0,0.0,0.0,0.0,0.0,0.0,0.0,0.0,8.0,0.083,0.083,0.083,0.167,-55.0,0.066,-103.0,1.0,0.0,0.0,1.0,0.0,0.0,1/H,
Derek Holland#,32.0,CHC,NL,0.0,20.0,3.0,2.0,0.0,0.0,0.0,0.0,0.0,0.0,0.0,0.0,1.0,2.0,0.0,0.333,0.0,0.333,1.0,0.231,25.0,0.0,0.0,0.0,0.0,0.0,0.0,1,
Derek Law,28.0,TOR,AL,0.0,4.0,0.0,0.0,0.0,0.0,0.0,0.0,0.0,0.0,0.0,0.0,0.0,0.0,,,,,,,,0.0,0.0,0.0,0.0,0.0,0.0,1,
Deven Marrero,28.0,MIA,NL,0.0,5.0,5.0,5.0,0.0,0.0,0.0,0.0,0.0,0.0,0.0,0.0,0.0,3.0,0.0,0.0,0.0,0.0,-100.0,0.0,-137.0,0.0,0.0,0.0,0.0,0.0,0.0,/H65,
Devin Williams,24.0,MIL,NL,0.0,13.0,1.0,1.0,0.0,0.0,0.0,0.0,0.0,0.0,0.0,0.0,0.0,1.0,0.0,0.0,0.0,0.0,-100.0,0.0,-142.0,0.0,0.0,0.0,0.0,0.0,0.0,1,
Dexter Fowler#,33.0,STL,NL,1.5,150.0,574.0,487.0,69.0,116.0,24.0,1.0,19.0,67.0,8.0,5.0,74.0,142.0,0.238,0.346,0.409,0.754,100.0,0.333,104.0,199.0,6.0,8.0,1.0,4.0,1.0,*98H,
Didi Gregorius*,29.0,NYY,AL,0.4,82.0,344.0,324.0,47.0,77.0,14.0,2.0,16.0,61.0,2.0,1.0,17.0,53.0,0.238,0.276,0.441,0.718,87.0,0.306,86.0,143.0,5.0,1.0,0.0,2.0,1.0,6/DH,
Diego Castillo,25.0,TBR,AL,0.0,8.0,1.0,1.0,0.0,0.0,0.0,0.0,0.0,0.0,0.0,0.0,0.0,1.0,0.0,0.0,0.0,0.0,-100.0,0.0,-123.0,0.0,0.0,0.0,0.0,0.0,0.0,1,
Dillon Maples,27.0,CHC,NL,0.0,12.0,0.0,0.0,0.0,0.0,0.0,0.0,0.0,0.0,0.0,0.0,0.0,0.0,,,,,,,,0.0,0.0,0.0,0.0,0.0,0.0,1,
Dillon Tate,25.0,BAL,AL,0.0,2.0,0.0,0.0,0.0,0.0,0.0,0.0,0.0,0.0,0.0,0.0,0.0,0.0,,,,,,,,0.0,0.0,0.0,0.0,0.0,0.0,1,
Dinelson Lamet,26.0,SDP,NL,-0.1,13.0,24.0,21.0,1.0,3.0,0.0,0.0,0.0,0.0,0.0,0.0,0.0,11.0,0.143,0.143,0.143,0.286,-23.0,0.122,-67.0,3.0,0.0,0.0,3.0,0.0,0.0,1,
DJ Johnson*,29.0,COL,NL,0.0,27.0,0.0,0.0,0.0,0.0,0.0,0.0,0.0,0.0,0.0,0.0,0.0,0.0,,,,,,,,0.0,0.0,0.0,0.0,0.0,0.0,1,
DJ LeMahieu,30.0,NYY,AL,5.6,145.0,655.0,602.0,109.0,197.0,33.0,2.0,26.0,102.0,5.0,2.0,46.0,90.0,0.327,0.375,0.518,0.893,136.0,0.382,139.0,312.0,14.0,2.0,1.0,4.0,0.0,453/HD,"AS,MVP-4,SS"
DJ Stewart*,25.0,BAL,AL,-0.4,44.0,142.0,126.0,15.0,30.0,6.0,0.0,4.0,15.0,1.0,2.0,14.0,26.0,0.238,0.317,0.381,0.698,85.0,0.299,83.0,48.0,3.0,1.0,0.0,1.0,1.0,97/HD,
Dom Nuñez*,24.0,COL,NL,-0.1,16.0,43.0,39.0,4.0,7.0,3.0,0.0,2.0,4.0,0.0,0.0,3.0,17.0,0.179,0.233,0.41,0.643,53.0,0.265,36.0,16.0,0.0,0.0,0.0,1.0,0.0,2/H,
Domingo Germán,26.0,NYY,AL,-0.1,3.0,8.0,8.0,0.0,0.0,0.0,0.0,0.0,0.0,0.0,0.0,0.0,7.0,0.0,0.0,0.0,0.0,-100.0,0.0,-129.0,0.0,1.0,0.0,0.0,0.0,0.0,1,
Domingo Leyba#,23.0,ARI,NL,0.2,21.0,30.0,25.0,6.0,7.0,2.0,1.0,0.0,5.0,0.0,0.0,4.0,9.0,0.28,0.367,0.44,0.807,109.0,0.343,105.0,11.0,0.0,0.0,0.0,1.0,0.0,H/465,
Domingo Santana,26.0,SEA,AL,0.5,121.0,507.0,451.0,63.0,114.0,20.0,1.0,21.0,69.0,8.0,3.0,50.0,164.0,0.253,0.329,0.441,0.77,107.0,0.334,109.0,199.0,11.0,2.0,0.0,2.0,1.0,79D/H,
Dominic Leone,27.0,STL,NL,0.0,39.0,0.0,0.0,0.0,0.0,0.0,0.0,0.0,0.0,0.0,0.0,0.0,0.0,,,,,,,,0.0,0.0,0.0,0.0,0.0,0.0,1,
Dominic Smith*,24.0,NYM,NL,0.6,89.0,197.0,177.0,35.0,50.0,10.0,0.0,11.0,25.0,1.0,2.0,19.0,44.0,0.282,0.355,0.525,0.881,132.0,0.367,133.0,93.0,5.0,1.0,0.0,0.0,0.0,H37/9,
Donnie Hart*,28.0,2TM,NL,0.0,5.0,2.0,2.0,0.0,0.0,0.0,0.0,0.0,0.0,0.0,0.0,0.0,1.0,0.0,0.0,0.0,0.0,-100.0,0.0,-138.0,0.0,0.0,0.0,0.0,0.0,0.0,/1,
Donnie Hart*,28.0,MIL,NL,0.0,4.0,1.0,1.0,0.0,0.0,0.0,0.0,0.0,0.0,0.0,0.0,0.0,0.0,0.0,0.0,0.0,0.0,-100.0,0.0,-142.0,0.0,0.0,0.0,0.0,0.0,0.0,/1,
Donnie Hart*,28.0,NYM,NL,0.0,1.0,1.0,1.0,0.0,0.0,0.0,0.0,0.0,0.0,0.0,0.0,0.0,1.0,0.0,0.0,0.0,0.0,-100.0,0.0,-133.0,0.0,0.0,0.0,0.0,0.0,0.0,/1,
Donovan Solano,31.0,SFG,NL,1.5,81.0,228.0,215.0,27.0,71.0,13.0,1.0,4.0,23.0,0.0,1.0,10.0,49.0,0.33,0.36,0.456,0.815,116.0,0.358,124.0,98.0,4.0,1.0,0.0,2.0,0.0,4H6/5D,
Donovan Walton*,25.0,SEA,AL,0.0,7.0,19.0,16.0,2.0,3.0,0.0,0.0,0.0,2.0,0.0,1.0,3.0,5.0,0.188,0.316,0.188,0.503,44.0,0.27,84.0,3.0,0.0,0.0,0.0,0.0,0.0,/64,
Dovydas Neverauskas,26.0,PIT,NL,0.0,10.0,0.0,0.0,0.0,0.0,0.0,0.0,0.0,0.0,0.0,0.0,0.0,0.0,,,,,,,,0.0,0.0,0.0,0.0,0.0,0.0,1,
Drew Anderson,25.0,PHI,NL,0.0,2.0,1.0,1.0,0.0,0.0,0.0,0.0,0.0,0.0,0.0,0.0,0.0,1.0,0.0,0.0,0.0,0.0,-100.0,0.0,-142.0,0.0,0.0,0.0,0.0,0.0,0.0,/1,
Drew Butera,35.0,COL,NL,-0.4,16.0,49.0,43.0,6.0,7.0,3.0,0.0,0.0,3.0,0.0,0.0,4.0,14.0,0.163,0.229,0.233,0.462,14.0,0.208,-7.0,10.0,2.0,0.0,1.0,1.0,0.0,2/3H,
Drew Gagnon,29.0,NYM,NL,0.0,17.0,4.0,3.0,0.0,1.0,0.0,0.0,0.0,0.0,0.0,0.0,0.0,0.0,0.333,0.333,0.333,0.667,81.0,0.296,72.0,1.0,1.0,0.0,1.0,0.0,0.0,1,
Drew Jackson,25.0,BAL,AL,0.0,3.0,4.0,3.0,0.0,0.0,0.0,0.0,0.0,0.0,0.0,0.0,1.0,1.0,0.0,0.25,0.0,0.25,-23.0,0.174,-10.0,0.0,0.0,0.0,0.0,0.0,0.0,/8H7,
Drew Pomeranz,30.0,2TM,NL,-0.3,44.0,20.0,19.0,0.0,0.0,0.0,0.0,0.0,0.0,0.0,0.0,0.0,13.0,0.0,0.0,0.0,0.0,-100.0,0.0,-149.0,0.0,1.0,0.0,1.0,0.0,0.0,1,
Drew Pomeranz,30.0,SFG,NL,-0.3,19.0,18.0,17.0,0.0,0.0,0.0,0.0,0.0,0.0,0.0,0.0,0.0,13.0,0.0,0.0,0.0,0.0,-100.0,0.0,-150.0,0.0,1.0,0.0,1.0,0.0,0.0,1,
Drew Pomeranz,30.0,MIL,NL,0.0,25.0,2.0,2.0,0.0,0.0,0.0,0.0,0.0,0.0,0.0,0.0,0.0,0.0,0.0,0.0,0.0,0.0,-100.0,0.0,-142.0,0.0,0.0,0.0,0.0,0.0,0.0,1,
Drew Robinson*,27.0,STL,NL,-0.1,5.0,7.0,7.0,1.0,1.0,0.0,0.0,0.0,0.0,0.0,0.0,0.0,3.0,0.143,0.143,0.143,0.286,-23.0,0.127,-45.0,1.0,0.0,0.0,0.0,0.0,0.0,/H89,
Drew Smyly*,30.0,2TM,2LG,-0.2,11.0,20.0,19.0,1.0,0.0,0.0,0.0,0.0,0.0,0.0,0.0,1.0,9.0,0.0,0.05,0.0,0.05,-85.0,0.035,-116.0,0.0,0.0,0.0,0.0,0.0,0.0,1,
Drew Smyly*,30.0,TEX,AL,0.0,1.0,1.0,1.0,0.0,0.0,0.0,0.0,0.0,0.0,0.0,0.0,0.0,1.0,0.0,0.0,0.0,0.0,-100.0,0.0,-131.0,0.0,0.0,0.0,0.0,0.0,0.0,1,
Drew Smyly*,30.0,PHI,NL,-0.2,10.0,19.0,18.0,1.0,0.0,0.0,0.0,0.0,0.0,0.0,0.0,1.0,8.0,0.0,0.053,0.0,0.053,-84.0,0.036,-115.0,0.0,0.0,0.0,0.0,0.0,0.0,1,
Drew Steckenrider,28.0,MIA,NL,0.0,14.0,0.0,0.0,0.0,0.0,0.0,0.0,0.0,0.0,0.0,0.0,0.0,0.0,,,,,,,,0.0,0.0,0.0,0.0,0.0,0.0,1,
Drew VerHagen,28.0,DET,AL,0.0,1.0,0.0,0.0,0.0,0.0,0.0,0.0,0.0,0.0,0.0,0.0,0.0,0.0,,,,,,,,0.0,0.0,0.0,0.0,0.0,0.0,1,
Duane Underwood Jr.,24.0,CHC,NL,0.0,12.0,1.0,1.0,0.0,0.0,0.0,0.0,0.0,0.0,0.0,0.0,0.0,1.0,0.0,0.0,0.0,0.0,-100.0,0.0,-142.0,0.0,0.0,0.0,0.0,0.0,0.0,1,
Dustin Garneau,31.0,2TM,AL,0.9,35.0,101.0,86.0,14.0,21.0,5.0,0.0,3.0,14.0,0.0,0.0,10.0,22.0,0.244,0.35,0.407,0.757,102.0,0.347,114.0,35.0,1.0,4.0,0.0,0.0,0.0,2/H3,
Dustin Garneau,31.0,LAA,AL,0.7,28.0,82.0,69.0,11.0,16.0,3.0,0.0,2.0,7.0,0.0,0.0,8.0,18.0,0.232,0.346,0.362,0.708,89.0,0.336,104.0,25.0,1.0,4.0,0.0,0.0,0.0,2/3H,
Dustin Garneau,31.0,OAK,AL,0.2,7.0,19.0,17.0,3.0,5.0,2.0,0.0,1.0,7.0,0.0,0.0,2.0,4.0,0.294,0.368,0.588,0.957,154.0,0.395,152.0,10.0,0.0,0.0,0.0,0.0,0.0,/2H,
Dustin May,21.0,LAD,NL,-0.1,13.0,11.0,11.0,0.0,1.0,0.0,0.0,0.0,0.0,0.0,0.0,0.0,4.0,0.091,0.091,0.091,0.182,-51.0,0.072,-86.0,1.0,0.0,0.0,0.0,0.0,0.0,1,
Dustin Pedroia,35.0,BOS,AL,-0.6,6.0,21.0,20.0,1.0,2.0,0.0,0.0,0.0,1.0,0.0,0.0,1.0,2.0,0.1,0.143,0.1,0.243,-35.0,0.16,-25.0,2.0,2.0,0.0,0.0,0.0,0.0,/4D,
Dustin Peterson,24.0,DET,AL,-0.6,17.0,47.0,44.0,3.0,10.0,4.0,0.0,0.0,6.0,1.0,0.0,2.0,14.0,0.227,0.277,0.318,0.595,57.0,0.264,50.0,14.0,1.0,1.0,0.0,0.0,0.0,/7H89D3,
Dwight Smith Jr.*,26.0,BAL,AL,-0.4,101.0,392.0,357.0,46.0,86.0,16.0,3.0,13.0,53.0,5.0,1.0,26.0,82.0,0.241,0.297,0.412,0.708,85.0,0.313,88.0,147.0,8.0,4.0,1.0,4.0,0.0,7H/D,
Dylan Bundy#,26.0,BAL,AL,0.0,1.0,2.0,2.0,0.0,0.0,0.0,0.0,0.0,0.0,0.0,0.0,0.0,2.0,0.0,0.0,0.0,0.0,-100.0,0.0,-132.0,0.0,0.0,0.0,0.0,0.0,0.0,1,
Dylan Covey,27.0,CHW,AL,0.0,2.0,2.0,2.0,0.0,0.0,0.0,0.0,0.0,0.0,0.0,0.0,0.0,1.0,0.0,0.0,0.0,0.0,-100.0,0.0,-132.0,0.0,0.0,0.0,0.0,0.0,0.0,1,
Dylan Cozens*,25.0,PHI,NL,0.0,1.0,1.0,1.0,0.0,0.0,0.0,0.0,0.0,0.0,0.0,0.0,0.0,0.0,0.0,0.0,0.0,0.0,-100.0,0.0,-142.0,0.0,0.0,0.0,0.0,0.0,0.0,/H,
Dylan Floro*,28.0,LAD,NL,0.0,46.0,2.0,2.0,0.0,0.0,0.0,0.0,0.0,0.0,0.0,0.0,0.0,1.0,0.0,0.0,0.0,0.0,-100.0,0.0,-138.0,0.0,0.0,0.0,0.0,0.0,0.0,1,
Dylan Moore,26.0,SEA,AL,0.3,113.0,282.0,247.0,31.0,51.0,14.0,2.0,9.0,28.0,11.0,9.0,25.0,93.0,0.206,0.302,0.389,0.691,87.0,0.291,85.0,96.0,6.0,9.0,1.0,0.0,0.0,674H59/3D81,
Eddie Rosario*,27.0,MIN,AL,1.6,137.0,590.0,562.0,91.0,155.0,28.0,1.0,32.0,109.0,3.0,1.0,22.0,86.0,0.276,0.3,0.5,0.8,107.0,0.335,105.0,281.0,10.0,0.0,0.0,6.0,2.0,*79/8DH,MVP-18
Edgar García,22.0,PHI,NL,0.0,35.0,0.0,0.0,0.0,0.0,0.0,0.0,0.0,0.0,0.0,0.0,0.0,0.0,,,,,,,,0.0,0.0,0.0,0.0,0.0,0.0,1,
Edmundo Sosa,23.0,STL,NL,0.0,8.0,10.0,8.0,2.0,2.0,0.0,0.0,0.0,0.0,1.0,0.0,1.0,2.0,0.25,0.4,0.25,0.65,80.0,0.342,93.0,2.0,0.0,1.0,0.0,0.0,0.0,/H4,
Eduardo Escobar#,30.0,ARI,NL,3.7,158.0,699.0,636.0,94.0,171.0,29.0,10.0,35.0,118.0,5.0,1.0,50.0,130.0,0.269,0.32,0.511,0.831,111.0,0.352,110.0,325.0,8.0,3.0,0.0,10.0,3.0,*54/HD,
Eduardo Núñez,32.0,BOS,AL,-1.5,60.0,174.0,167.0,13.0,38.0,7.0,0.0,2.0,20.0,5.0,1.0,4.0,27.0,0.228,0.243,0.305,0.548,41.0,0.252,37.0,51.0,6.0,0.0,1.0,2.0,0.0,4HD/561,
Eduardo Rodríguez*,26.0,BOS,AL,0.0,3.0,9.0,7.0,1.0,0.0,0.0,0.0,0.0,0.0,0.0,0.0,0.0,3.0,0.0,0.0,0.0,0.0,-100.0,0.127,-90.0,0.0,0.0,0.0,2.0,0.0,0.0,1,CYA-6
Edubray Ramos,26.0,PHI,NL,0.0,18.0,0.0,0.0,0.0,0.0,0.0,0.0,0.0,0.0,0.0,0.0,0.0,0.0,,,,,,,,0.0,0.0,0.0,0.0,0.0,0.0,1,
Edwin Díaz,25.0,NYM,NL,0.0,61.0,0.0,0.0,0.0,0.0,0.0,0.0,0.0,0.0,0.0,0.0,0.0,0.0,,,,,,,,0.0,0.0,0.0,0.0,0.0,0.0,1,
Edwin Encarnación,36.0,2TM,AL,2.9,109.0,486.0,418.0,81.0,102.0,18.0,0.0,34.0,86.0,0.0,1.0,58.0,103.0,0.244,0.344,0.531,0.875,131.0,0.37,134.0,222.0,4.0,7.0,0.0,3.0,1.0,3D/4H,
Edwin Encarnación,36.0,SEA,AL,2.1,65.0,289.0,241.0,48.0,58.0,7.0,0.0,21.0,49.0,0.0,1.0,41.0,55.0,0.241,0.356,0.531,0.888,137.0,0.381,144.0,128.0,3.0,4.0,0.0,3.0,0.0,3D/4H,
Edwin Encarnación,36.0,NYY,AL,0.8,44.0,197.0,177.0,33.0,44.0,11.0,0.0,13.0,37.0,0.0,0.0,17.0,48.0,0.249,0.325,0.531,0.856,123.0,0.352,118.0,94.0,1.0,3.0,0.0,0.0,1.0,D3,
Edwin Jackson,35.0,TOR,AL,0.0,2.0,3.0,3.0,0.0,0.0,0.0,0.0,0.0,0.0,0.0,0.0,0.0,2.0,0.0,0.0,0.0,0.0,-100.0,0.0,-126.0,0.0,0.0,0.0,0.0,0.0,0.0,/1,
Edwin Ríos*,25.0,LAD,NL,0.3,28.0,56.0,47.0,10.0,13.0,2.0,1.0,4.0,8.0,0.0,0.0,9.0,21.0,0.277,0.393,0.617,1.01,161.0,0.415,161.0,29.0,1.0,0.0,0.0,0.0,0.0,H3/57D,
Ehire Adrianza#,29.0,MIN,AL,1.0,83.0,236.0,202.0,34.0,55.0,8.0,3.0,5.0,22.0,0.0,2.0,20.0,40.0,0.272,0.349,0.416,0.765,103.0,0.337,110.0,84.0,2.0,6.0,2.0,4.0,1.0,563H/4917,
Elias Díaz,28.0,PIT,NL,-1.1,101.0,332.0,303.0,31.0,73.0,14.0,0.0,2.0,28.0,0.0,0.0,23.0,56.0,0.241,0.296,0.307,0.603,60.0,0.283,66.0,93.0,11.0,2.0,1.0,3.0,0.0,2H,
Elieser Hernández,24.0,MIA,NL,-0.1,20.0,24.0,19.0,0.0,1.0,0.0,0.0,0.0,0.0,0.0,0.0,1.0,10.0,0.053,0.1,0.053,0.153,-57.0,0.123,-77.0,1.0,0.0,0.0,4.0,0.0,0.0,1,
Eloy Jiménez,22.0,CHW,AL,1.6,122.0,504.0,468.0,69.0,125.0,18.0,2.0,31.0,79.0,0.0,0.0,30.0,134.0,0.267,0.315,0.513,0.828,116.0,0.349,116.0,240.0,11.0,4.0,0.0,2.0,0.0,*7/D,ROY-4
Elvis Andrus,30.0,TEX,AL,1.4,147.0,648.0,600.0,81.0,165.0,27.0,4.0,12.0,72.0,31.0,8.0,34.0,96.0,0.275,0.313,0.393,0.707,78.0,0.322,81.0,236.0,16.0,4.0,0.0,10.0,1.0,*6/D,
Elvis Luciano,19.0,TOR,AL,0.0,1.0,1.0,1.0,0.0,0.0,0.0,0.0,0.0,0.0,0.0,0.0,0.0,1.0,0.0,0.0,0.0,0.0,-100.0,0.0,-123.0,0.0,0.0,0.0,0.0,0.0,0.0,1,
Emilio Pagán*,28.0,TBR,AL,0.0,5.0,1.0,1.0,0.0,0.0,0.0,0.0,0.0,0.0,0.0,0.0,0.0,1.0,0.0,0.0,0.0,0.0,-100.0,0.0,-123.0,0.0,0.0,0.0,0.0,0.0,0.0,1,
Emmanuel Clase,21.0,TEX,AL,0.0,1.0,0.0,0.0,0.0,0.0,0.0,0.0,0.0,0.0,0.0,0.0,0.0,0.0,,,,,,,,0.0,0.0,0.0,0.0,0.0,0.0,1,
Ender Inciarte*,28.0,ATL,NL,0.5,65.0,230.0,199.0,30.0,49.0,11.0,2.0,5.0,24.0,7.0,1.0,26.0,41.0,0.246,0.343,0.397,0.74,88.0,0.328,86.0,79.0,1.0,4.0,0.0,1.0,2.0,8/H,
Enderson Franco,26.0,SFG,NL,0.0,4.0,0.0,0.0,0.0,0.0,0.0,0.0,0.0,0.0,0.0,0.0,0.0,0.0,,,,,,,,0.0,0.0,0.0,0.0,0.0,0.0,/1,
Enyel De Los Santos,23.0,PHI,NL,0.0,5.0,1.0,1.0,0.0,0.0,0.0,0.0,0.0,0.0,0.0,0.0,0.0,1.0,0.0,0.0,0.0,0.0,-100.0,0.0,-142.0,0.0,0.0,0.0,0.0,0.0,0.0,/1,
Eric Haase,26.0,CLE,AL,-0.2,10.0,17.0,16.0,1.0,1.0,0.0,0.0,1.0,3.0,0.0,0.0,1.0,8.0,0.063,0.118,0.25,0.368,-8.0,0.154,-27.0,4.0,0.0,0.0,0.0,0.0,0.0,/2HD,
Eric Hosmer*,29.0,SDP,NL,-0.4,160.0,667.0,619.0,72.0,164.0,29.0,2.0,22.0,99.0,0.0,3.0,40.0,163.0,0.265,0.31,0.425,0.735,94.0,0.314,93.0,263.0,12.0,3.0,0.0,5.0,3.0,*3/HD,
Eric Lauer,24.0,SDP,NL,-0.2,29.0,48.0,40.0,1.0,4.0,2.0,0.0,0.0,0.0,0.0,0.0,1.0,23.0,0.1,0.122,0.15,0.272,-28.0,0.12,-73.0,6.0,0.0,0.0,6.0,0.0,0.0,1,
Eric Skoglund*,26.0,KCR,AL,0.0,1.0,0.0,0.0,0.0,0.0,0.0,0.0,0.0,0.0,0.0,0.0,0.0,0.0,,,,,,,,0.0,0.0,0.0,0.0,0.0,0.0,/1,
Eric Sogard*,33.0,2TM,AL,3.1,110.0,442.0,396.0,59.0,115.0,23.0,2.0,13.0,40.0,8.0,0.0,38.0,63.0,0.29,0.353,0.457,0.81,116.0,0.355,119.0,181.0,4.0,2.0,3.0,3.0,2.0,4DH/5967,
Eric Sogard*,33.0,TOR,AL,2.4,73.0,323.0,287.0,45.0,86.0,17.0,2.0,10.0,30.0,6.0,0.0,29.0,47.0,0.3,0.363,0.477,0.84,123.0,0.365,125.0,137.0,2.0,1.0,3.0,3.0,0.0,4D/596H7,
Eric Sogard*,33.0,TBR,AL,0.7,37.0,119.0,109.0,14.0,29.0,6.0,0.0,3.0,10.0,2.0,0.0,9.0,16.0,0.266,0.328,0.404,0.731,96.0,0.329,101.0,44.0,2.0,1.0,0.0,0.0,2.0,4H/D,
Eric Stamets,27.0,CLE,AL,-0.7,15.0,48.0,41.0,4.0,2.0,1.0,0.0,0.0,2.0,0.0,0.0,5.0,24.0,0.049,0.149,0.073,0.222,-38.0,0.138,-41.0,3.0,2.0,0.0,1.0,1.0,0.0,6,
Eric Thames*,32.0,MIL,NL,1.3,149.0,459.0,396.0,67.0,98.0,23.0,2.0,25.0,61.0,3.0,2.0,51.0,140.0,0.247,0.346,0.505,0.851,117.0,0.354,113.0,200.0,0.0,10.0,0.0,2.0,4.0,3H9/D,
Eric Yardley,28.0,SDP,NL,0.0,10.0,0.0,0.0,0.0,0.0,0.0,0.0,0.0,0.0,0.0,0.0,0.0,0.0,,,,,,,,0.0,0.0,0.0,0.0,0.0,0.0,1,
Erick Fedde,26.0,WSN,NL,-0.1,20.0,20.0,15.0,1.0,2.0,0.0,0.0,0.0,0.0,0.0,0.0,0.0,6.0,0.133,0.133,0.133,0.267,-30.0,0.118,-111.0,2.0,0.0,0.0,5.0,0.0,0.0,1,
Erick Mejia#,24.0,KCR,AL,0.0,9.0,27.0,22.0,3.0,5.0,1.0,0.0,0.0,4.0,0.0,0.0,4.0,7.0,0.227,0.333,0.273,0.606,64.0,0.273,58.0,6.0,1.0,0.0,0.0,1.0,0.0,/8H46,
Erik González,27.0,PIT,NL,0.5,53.0,156.0,142.0,15.0,36.0,4.0,1.0,1.0,6.0,4.0,1.0,9.0,37.0,0.254,0.301,0.317,0.618,64.0,0.282,62.0,45.0,5.0,1.0,3.0,1.0,3.0,65/H78,
Erik Kratz,39.0,2TM,2LG,-0.5,21.0,53.0,49.0,1.0,5.0,2.0,0.0,1.0,3.0,0.0,0.0,2.0,14.0,0.102,0.17,0.204,0.374,0.0,0.17,-12.0,10.0,0.0,2.0,0.0,0.0,0.0,2/H,
Erik Kratz,39.0,SFG,NL,-0.2,15.0,36.0,32.0,1.0,4.0,2.0,0.0,1.0,3.0,0.0,0.0,2.0,6.0,0.125,0.222,0.281,0.503,33.0,0.225,26.0,9.0,0.0,2.0,0.0,0.0,0.0,2/H,
Erik Kratz,39.0,TBR,AL,-0.3,6.0,17.0,17.0,0.0,1.0,0.0,0.0,0.0,0.0,0.0,0.0,0.0,8.0,0.059,0.059,0.059,0.118,-68.0,0.052,-90.0,1.0,0.0,0.0,0.0,0.0,0.0,/2,
Erik Swanson,25.0,SEA,AL,0.0,3.0,2.0,2.0,0.0,0.0,0.0,0.0,0.0,0.0,0.0,0.0,0.0,1.0,0.0,0.0,0.0,0.0,-100.0,0.0,-128.0,0.0,0.0,0.0,0.0,0.0,0.0,1,
Eugenio Suárez,27.0,CIN,NL,3.5,159.0,662.0,575.0,87.0,156.0,22.0,2.0,49.0,103.0,3.0,2.0,70.0,189.0,0.271,0.358,0.572,0.93,131.0,0.386,132.0,329.0,12.0,11.0,0.0,6.0,4.0,*5/HD,MVP-15
Evan Longoria,33.0,SFG,NL,2.2,129.0,508.0,453.0,59.0,115.0,19.0,2.0,20.0,69.0,3.0,1.0,43.0,112.0,0.254,0.325,0.437,0.762,101.0,0.334,104.0,198.0,14.0,7.0,0.0,5.0,1.0,*5H,
Evan Marshall,29.0,CHW,AL,0.0,7.0,0.0,0.0,0.0,0.0,0.0,0.0,0.0,0.0,0.0,0.0,0.0,0.0,,,,,,,,0.0,0.0,0.0,0.0,0.0,0.0,1,
Evan Phillips,24.0,BAL,AL,0.0,1.0,0.0,0.0,0.0,0.0,0.0,0.0,0.0,0.0,0.0,0.0,0.0,0.0,,,,,,,,0.0,0.0,0.0,0.0,0.0,0.0,1,
Felipe Vázquez*,27.0,PIT,NL,0.0,51.0,2.0,2.0,0.0,0.0,0.0,0.0,0.0,0.0,0.0,0.0,0.0,0.0,0.0,0.0,0.0,0.0,-100.0,0.0,-138.0,0.0,0.0,0.0,0.0,0.0,0.0,1,AS
Fernando Abad*,33.0,SFG,NL,0.0,18.0,0.0,0.0,0.0,0.0,0.0,0.0,0.0,0.0,0.0,0.0,0.0,0.0,,,,,,,,0.0,0.0,0.0,0.0,0.0,0.0,1,
Fernando Rodney,42.0,2TM,2LG,0.0,37.0,0.0,0.0,0.0,0.0,0.0,0.0,0.0,0.0,0.0,0.0,0.0,0.0,,,,,,,,0.0,0.0,0.0,0.0,0.0,0.0,1,
Fernando Rodney,42.0,OAK,AL,0.0,2.0,0.0,0.0,0.0,0.0,0.0,0.0,0.0,0.0,0.0,0.0,0.0,0.0,,,,,,,,0.0,0.0,0.0,0.0,0.0,0.0,1,
Fernando Rodney,42.0,WSN,NL,0.0,35.0,0.0,0.0,0.0,0.0,0.0,0.0,0.0,0.0,0.0,0.0,0.0,0.0,,,,,,,,0.0,0.0,0.0,0.0,0.0,0.0,1,
Fernando Salas,34.0,PHI,NL,0.0,3.0,0.0,0.0,0.0,0.0,0.0,0.0,0.0,0.0,0.0,0.0,0.0,0.0,,,,,,,,0.0,0.0,0.0,0.0,0.0,0.0,/1,
Fernando Tatis Jr.,20.0,SDP,NL,4.0,84.0,372.0,334.0,61.0,106.0,13.0,6.0,22.0,53.0,16.0,6.0,30.0,110.0,0.317,0.379,0.59,0.969,154.0,0.412,161.0,197.0,4.0,5.0,0.0,3.0,1.0,6/H,ROY-3
Franchy Cordero*,24.0,SDP,NL,0.2,9.0,20.0,15.0,2.0,5.0,1.0,0.0,0.0,1.0,1.0,0.0,4.0,7.0,0.333,0.45,0.4,0.85,132.0,0.379,130.0,6.0,0.0,0.0,0.0,1.0,0.0,/89H,
Francisco Cervelli,33.0,2TM,NL,0.3,48.0,160.0,141.0,15.0,30.0,8.0,1.0,3.0,12.0,1.0,0.0,13.0,41.0,0.213,0.302,0.348,0.649,70.0,0.299,74.0,49.0,7.0,5.0,1.0,0.0,0.0,2/H3D,
Francisco Cervelli,33.0,PIT,NL,0.0,34.0,123.0,109.0,11.0,21.0,3.0,0.0,1.0,5.0,1.0,0.0,9.0,31.0,0.193,0.279,0.248,0.526,42.0,0.253,42.0,27.0,4.0,4.0,1.0,0.0,0.0,2/H3,
Francisco Cervelli,33.0,ATL,NL,0.3,14.0,37.0,32.0,4.0,9.0,5.0,1.0,2.0,7.0,0.0,0.0,4.0,10.0,0.281,0.378,0.688,1.066,162.0,0.452,178.0,22.0,3.0,1.0,0.0,0.0,0.0,/23HD,
Francisco Lindor#,25.0,CLE,AL,4.8,143.0,654.0,598.0,101.0,170.0,40.0,2.0,32.0,74.0,22.0,5.0,46.0,98.0,0.284,0.335,0.518,0.854,118.0,0.356,113.0,310.0,13.0,3.0,1.0,6.0,9.0,*6/DH,"AS,MVP-15,GG"
Francisco Liriano*,35.0,PIT,NL,0.1,67.0,2.0,1.0,0.0,1.0,0.0,0.0,0.0,0.0,0.0,0.0,1.0,0.0,1.0,1.0,1.0,2.0,434.0,0.744,396.0,1.0,0.0,0.0,0.0,0.0,0.0,1,
Francisco Mejia#,23.0,SDP,NL,0.5,79.0,244.0,226.0,27.0,60.0,11.0,2.0,8.0,22.0,1.0,1.0,13.0,56.0,0.265,0.316,0.438,0.754,99.0,0.323,98.0,99.0,6.0,4.0,0.0,1.0,1.0,2H/7D,
Frank Schwindel,27.0,KCR,AL,-0.2,6.0,15.0,15.0,0.0,1.0,0.0,0.0,0.0,0.0,0.0,0.0,0.0,2.0,0.067,0.067,0.067,0.133,-65.0,0.171,-13.0,1.0,0.0,0.0,0.0,0.0,0.0,/3H,
Frankie Montas,26.0,OAK,AL,0.0,1.0,2.0,1.0,0.0,0.0,0.0,0.0,0.0,0.0,0.0,0.0,1.0,0.0,0.0,0.5,0.0,0.5,58.0,0.348,120.0,0.0,0.0,0.0,0.0,0.0,0.0,1,
Franklin Barreto,23.0,OAK,AL,-0.5,23.0,58.0,57.0,6.0,7.0,2.0,0.0,2.0,5.0,1.0,0.0,1.0,23.0,0.123,0.138,0.263,0.401,5.0,0.183,1.0,15.0,0.0,0.0,0.0,0.0,0.0,4/6H,
Franmil Reyes,23.0,2TM,2LG,0.4,150.0,548.0,494.0,69.0,123.0,19.0,0.0,37.0,81.0,0.0,0.0,47.0,156.0,0.249,0.31,0.512,0.822,112.0,0.342,109.0,253.0,15.0,0.0,0.0,7.0,1.0,9DH,
Franmil Reyes,23.0,SDP,NL,0.3,99.0,354.0,321.0,43.0,82.0,9.0,0.0,27.0,46.0,0.0,0.0,29.0,93.0,0.255,0.314,0.536,0.849,121.0,0.354,120.0,172.0,12.0,0.0,0.0,4.0,1.0,9H/D,
Franmil Reyes,23.0,CLE,AL,0.1,51.0,194.0,173.0,26.0,41.0,10.0,0.0,10.0,35.0,0.0,0.0,18.0,63.0,0.237,0.304,0.468,0.772,97.0,0.32,90.0,81.0,3.0,0.0,0.0,3.0,0.0,D/9H,
Freddie Freeman*,29.0,ATL,NL,3.8,158.0,692.0,597.0,113.0,176.0,34.0,2.0,38.0,121.0,6.0,3.0,87.0,127.0,0.295,0.389,0.549,0.938,135.0,0.392,136.0,328.0,17.0,6.0,0.0,2.0,11.0,*3/H,"AS,MVP-8,SS"
Freddy Galvis#,29.0,2TM,2LG,3.2,147.0,589.0,557.0,67.0,145.0,28.0,1.0,23.0,70.0,4.0,2.0,28.0,145.0,0.26,0.296,0.438,0.734,91.0,0.316,92.0,244.0,14.0,1.0,1.0,2.0,1.0,*64/HD,
Freddy Galvis#,29.0,TOR,AL,2.9,115.0,473.0,450.0,55.0,120.0,24.0,1.0,18.0,54.0,4.0,1.0,21.0,112.0,0.267,0.299,0.444,0.743,96.0,0.321,97.0,200.0,11.0,0.0,1.0,1.0,1.0,6/4DH,
Freddy Galvis#,29.0,CIN,NL,0.3,32.0,116.0,107.0,12.0,25.0,4.0,0.0,5.0,16.0,0.0,1.0,7.0,33.0,0.234,0.284,0.411,0.696,74.0,0.297,71.0,44.0,3.0,1.0,0.0,1.0,0.0,4/6H,
Freddy Peralta,23.0,MIL,NL,-0.1,37.0,16.0,15.0,1.0,2.0,0.0,0.0,0.0,1.0,0.0,0.0,0.0,6.0,0.133,0.133,0.133,0.267,-30.0,0.118,-67.0,2.0,0.0,0.0,1.0,0.0,0.0,1/H,
Félix Hernández,33.0,SEA,AL,0.0,2.0,3.0,3.0,0.0,0.0,0.0,0.0,0.0,0.0,0.0,0.0,0.0,2.0,0.0,0.0,0.0,0.0,-100.0,0.0,-124.0,0.0,0.0,0.0,0.0,0.0,0.0,1,
Félix Peña,29.0,LAA,AL,0.0,3.0,2.0,2.0,0.0,0.0,0.0,0.0,0.0,0.0,0.0,0.0,0.0,0.0,0.0,0.0,0.0,0.0,-100.0,0.0,-132.0,0.0,0.0,0.0,0.0,0.0,0.0,1/H,
Gabe Speier*,24.0,KCR,AL,0.0,1.0,0.0,0.0,0.0,0.0,0.0,0.0,0.0,0.0,0.0,0.0,0.0,0.0,,,,,,,,0.0,0.0,0.0,0.0,0.0,0.0,/1,
Gabriel Ynoa,26.0,BAL,AL,0.0,4.0,0.0,0.0,0.0,0.0,0.0,0.0,0.0,0.0,0.0,0.0,0.0,0.0,,,,,,,,0.0,0.0,0.0,0.0,0.0,0.0,1,
Garrett Cooper,28.0,MIA,NL,1.7,107.0,421.0,381.0,52.0,107.0,16.0,1.0,15.0,50.0,0.0,0.0,33.0,110.0,0.281,0.344,0.446,0.791,108.0,0.347,113.0,170.0,10.0,5.0,0.0,2.0,0.0,39/HD,
Garrett Hampson,24.0,COL,NL,0.3,105.0,327.0,299.0,40.0,74.0,9.0,4.0,8.0,27.0,15.0,3.0,24.0,88.0,0.247,0.302,0.385,0.686,67.0,0.312,65.0,115.0,2.0,0.0,2.0,2.0,1.0,48H6/7,
Garrett Richards,31.0,SDP,NL,0.0,3.0,3.0,2.0,0.0,0.0,0.0,0.0,0.0,0.0,0.0,0.0,0.0,1.0,0.0,0.0,0.0,0.0,-100.0,0.0,-250.0,0.0,0.0,0.0,1.0,0.0,0.0,/1,
Garrett Stubbs*,26.0,HOU,AL,0.1,19.0,39.0,35.0,8.0,7.0,3.0,0.0,0.0,2.0,1.0,0.0,4.0,7.0,0.2,0.282,0.286,0.568,50.0,0.284,61.0,10.0,1.0,0.0,0.0,0.0,0.0,2/7H9,
Gary Sánchez,26.0,NYY,AL,3.1,106.0,446.0,396.0,62.0,92.0,12.0,1.0,34.0,77.0,0.0,1.0,40.0,125.0,0.232,0.316,0.525,0.841,119.0,0.354,120.0,208.0,3.0,9.0,0.0,1.0,3.0,2D/H,AS
Gavin Lux*,21.0,LAD,NL,0.5,23.0,82.0,75.0,12.0,18.0,4.0,1.0,2.0,9.0,2.0,0.0,7.0,24.0,0.24,0.305,0.4,0.705,84.0,0.319,88.0,30.0,0.0,0.0,0.0,0.0,0.0,4/HD,
Geoff Hartlieb,25.0,PIT,NL,0.0,27.0,0.0,0.0,0.0,0.0,0.0,0.0,0.0,0.0,0.0,0.0,0.0,0.0,,,,,,,,0.0,0.0,0.0,0.0,0.0,0.0,1,
George Springer,29.0,HOU,AL,6.5,122.0,556.0,479.0,96.0,140.0,20.0,3.0,39.0,96.0,6.0,2.0,67.0,113.0,0.292,0.383,0.591,0.974,150.0,0.407,151.0,283.0,12.0,6.0,0.0,4.0,1.0,*89D/H,"AS,MVP-7,SS"
Gerardo Parra*,32.0,2TM,NL,1.0,119.0,301.0,274.0,38.0,64.0,14.0,1.0,9.0,48.0,8.0,3.0,19.0,59.0,0.234,0.293,0.391,0.684,77.0,0.309,81.0,107.0,7.0,5.0,1.0,2.0,3.0,H9738/145,
Gerardo Parra*,32.0,SFG,NL,0.3,30.0,97.0,86.0,8.0,17.0,3.0,0.0,1.0,6.0,2.0,1.0,8.0,18.0,0.198,0.278,0.267,0.546,47.0,0.267,56.0,23.0,0.0,2.0,0.0,1.0,2.0,79/H,
Gerardo Parra*,32.0,WSN,NL,0.7,89.0,204.0,188.0,30.0,47.0,11.0,1.0,8.0,42.0,6.0,2.0,11.0,41.0,0.25,0.3,0.447,0.747,90.0,0.329,92.0,84.0,7.0,3.0,1.0,1.0,1.0,H938/7145,
Gerardo Reyes,26.0,SDP,NL,0.0,27.0,1.0,1.0,0.0,0.0,0.0,0.0,0.0,0.0,0.0,0.0,0.0,1.0,0.0,0.0,0.0,0.0,-100.0,0.0,-133.0,0.0,0.0,0.0,0.0,0.0,0.0,1,
Germán Márquez,24.0,COL,NL,0.3,25.0,58.0,48.0,5.0,11.0,4.0,1.0,0.0,11.0,0.0,0.0,0.0,14.0,0.229,0.229,0.354,0.583,40.0,0.243,3.0,17.0,1.0,0.0,10.0,0.0,0.0,1/H,
Gerrit Cole,28.0,HOU,AL,-0.1,3.0,7.0,7.0,0.0,0.0,0.0,0.0,0.0,0.0,0.0,0.0,0.0,5.0,0.0,0.0,0.0,0.0,-100.0,0.0,-134.0,0.0,1.0,0.0,0.0,0.0,0.0,1,"AS,CYA-2,MVP-10"
Giancarlo Stanton,29.0,NYY,AL,0.4,18.0,72.0,59.0,8.0,17.0,3.0,0.0,3.0,13.0,0.0,0.0,12.0,24.0,0.288,0.403,0.492,0.894,138.0,0.379,137.0,29.0,1.0,0.0,0.0,1.0,0.0,7/D9,
Gio González,33.0,MIL,NL,-0.2,18.0,28.0,25.0,1.0,1.0,0.0,0.0,0.0,0.0,0.0,0.0,1.0,17.0,0.04,0.077,0.04,0.117,-68.0,0.061,-113.0,1.0,0.0,0.0,2.0,0.0,0.0,1,
Gio Urshela,27.0,NYY,AL,3.8,132.0,476.0,442.0,73.0,139.0,34.0,0.0,21.0,74.0,1.0,1.0,25.0,87.0,0.314,0.355,0.534,0.889,133.0,0.372,133.0,236.0,13.0,5.0,0.0,4.0,1.0,*5H/D37,
Giovanny Gallegos,27.0,STL,NL,0.0,63.0,3.0,2.0,0.0,0.0,0.0,0.0,0.0,0.0,0.0,0.0,0.0,1.0,0.0,0.0,0.0,0.0,-100.0,0.0,-254.0,0.0,0.0,0.0,1.0,0.0,0.0,1,
Glenn Sparkman,27.0,KCR,AL,0.0,3.0,2.0,2.0,0.0,0.0,0.0,0.0,0.0,0.0,0.0,0.0,0.0,0.0,0.0,0.0,0.0,0.0,-100.0,0.0,-136.0,0.0,0.0,0.0,0.0,0.0,0.0,1,
Gleyber Torres,22.0,NYY,AL,2.9,144.0,604.0,546.0,96.0,152.0,26.0,0.0,38.0,90.0,5.0,2.0,48.0,129.0,0.278,0.337,0.535,0.871,128.0,0.361,124.0,292.0,10.0,3.0,1.0,6.0,3.0,64/DH,"AS,MVP-17"
Gordon Beckham,32.0,DET,AL,-1.3,83.0,240.0,223.0,29.0,48.0,13.0,2.0,6.0,15.0,3.0,1.0,13.0,68.0,0.215,0.271,0.372,0.643,68.0,0.282,65.0,83.0,6.0,4.0,0.0,0.0,0.0,4H6D/53,
Gorkys Hernández,31.0,BOS,AL,-0.5,20.0,57.0,49.0,5.0,7.0,1.0,2.0,0.0,2.0,1.0,0.0,5.0,14.0,0.143,0.218,0.245,0.463,20.0,0.207,2.0,12.0,0.0,0.0,2.0,1.0,0.0,/97H8D,
Grant Dayton*,31.0,ATL,NL,0.0,13.0,0.0,0.0,0.0,0.0,0.0,0.0,0.0,0.0,0.0,0.0,0.0,0.0,,,,,,,,0.0,0.0,0.0,0.0,0.0,0.0,1,
Grayson Greiner,26.0,DET,AL,-0.6,58.0,224.0,208.0,18.0,42.0,5.0,1.0,5.0,19.0,0.0,0.0,13.0,70.0,0.202,0.251,0.308,0.559,47.0,0.251,44.0,64.0,5.0,1.0,1.0,1.0,0.0,2,
Greg Allen#,26.0,CLE,AL,0.4,89.0,256.0,231.0,30.0,53.0,9.0,3.0,4.0,27.0,8.0,2.0,11.0,53.0,0.229,0.29,0.346,0.636,66.0,0.294,69.0,80.0,3.0,9.0,4.0,1.0,1.0,7H89,
Greg Bird*,26.0,NYY,AL,-0.3,10.0,41.0,35.0,6.0,6.0,0.0,0.0,1.0,1.0,0.0,0.0,6.0,16.0,0.171,0.293,0.257,0.55,50.0,0.278,66.0,9.0,1.0,0.0,0.0,0.0,0.0,3,
Greg Garcia*,29.0,SDP,NL,0.9,134.0,372.0,311.0,52.0,77.0,13.0,4.0,4.0,31.0,0.0,2.0,53.0,83.0,0.248,0.364,0.354,0.718,94.0,0.321,98.0,110.0,4.0,5.0,1.0,2.0,1.0,4H5/637D,
Greg Holland,33.0,ARI,NL,0.0,39.0,0.0,0.0,0.0,0.0,0.0,0.0,0.0,0.0,0.0,0.0,0.0,0.0,,,,,,,,0.0,0.0,0.0,0.0,0.0,0.0,1,
Gregory Polanco*,27.0,PIT,NL,-0.5,42.0,167.0,153.0,23.0,37.0,8.0,1.0,6.0,17.0,3.0,1.0,12.0,49.0,0.242,0.301,0.425,0.726,89.0,0.308,83.0,65.0,4.0,1.0,0.0,0.0,1.0,9/HD,
Gregory Soto*,24.0,DET,AL,0.1,1.0,2.0,2.0,0.0,2.0,0.0,0.0,0.0,0.0,0.0,0.0,0.0,0.0,1.0,1.0,1.0,2.0,434.0,0.886,492.0,2.0,0.0,0.0,0.0,0.0,0.0,1,
Griffin Canning,23.0,LAA,AL,0.0,1.0,2.0,2.0,0.0,0.0,0.0,0.0,0.0,0.0,0.0,0.0,0.0,1.0,0.0,0.0,0.0,0.0,-100.0,0.0,-132.0,0.0,0.0,0.0,0.0,0.0,0.0,1,
Guillermo Heredia,28.0,TBR,AL,0.2,89.0,231.0,204.0,31.0,46.0,13.0,0.0,5.0,20.0,2.0,2.0,18.0,60.0,0.225,0.306,0.363,0.668,80.0,0.291,79.0,74.0,4.0,6.0,2.0,1.0,0.0,89H7/D,
Génesis Cabrera*,22.0,STL,NL,-0.1,13.0,4.0,4.0,0.0,0.0,0.0,0.0,0.0,0.0,0.0,0.0,0.0,4.0,0.0,0.0,0.0,0.0,-100.0,0.0,-138.0,0.0,0.0,0.0,0.0,0.0,0.0,1,
Hanley Ramírez,35.0,CLE,AL,-0.2,16.0,57.0,49.0,4.0,9.0,1.0,0.0,2.0,8.0,0.0,0.0,8.0,17.0,0.184,0.298,0.327,0.625,64.0,0.293,71.0,16.0,2.0,0.0,0.0,0.0,0.0,D/H,
Hansel Robles,28.0,LAA,AL,0.0,5.0,0.0,0.0,0.0,0.0,0.0,0.0,0.0,0.0,0.0,0.0,0.0,0.0,,,,,,,,0.0,0.0,0.0,0.0,0.0,0.0,1,
Hanser Alberto,26.0,BAL,AL,3.4,139.0,550.0,524.0,62.0,160.0,21.0,2.0,12.0,51.0,4.0,4.0,16.0,50.0,0.305,0.329,0.422,0.751,98.0,0.336,106.0,221.0,9.0,4.0,3.0,3.0,1.0,45/H719D,
Harold Castro*,25.0,DET,AL,-0.9,97.0,369.0,354.0,30.0,103.0,10.0,4.0,5.0,38.0,4.0,2.0,9.0,86.0,0.291,0.305,0.384,0.689,81.0,0.3,78.0,136.0,6.0,0.0,2.0,4.0,0.0,485/7H9D63,
Harold Ramírez,24.0,MIA,NL,0.2,119.0,446.0,421.0,54.0,116.0,20.0,3.0,11.0,50.0,2.0,1.0,18.0,91.0,0.276,0.312,0.416,0.728,91.0,0.323,95.0,175.0,8.0,5.0,0.0,1.0,1.0,*798H,
Harrison Bader,25.0,STL,NL,2.3,128.0,406.0,347.0,54.0,71.0,14.0,3.0,12.0,39.0,11.0,3.0,46.0,117.0,0.205,0.314,0.366,0.68,80.0,0.312,86.0,127.0,3.0,10.0,1.0,2.0,4.0,*8H,
Harrison Musgrave*,27.0,COL,NL,0.0,9.0,0.0,0.0,0.0,0.0,0.0,0.0,0.0,0.0,0.0,0.0,0.0,0.0,,,,,,,,0.0,0.0,0.0,0.0,0.0,0.0,1,
Heath Fillmyer,25.0,KCR,AL,0.0,1.0,0.0,0.0,0.0,0.0,0.0,0.0,0.0,0.0,0.0,0.0,0.0,0.0,,,,,,,,0.0,0.0,0.0,0.0,0.0,0.0,1,
Hector Velázquez,30.0,BOS,AL,0.0,3.0,1.0,1.0,0.0,0.0,0.0,0.0,0.0,0.0,0.0,0.0,0.0,1.0,0.0,0.0,0.0,0.0,-100.0,0.0,-131.0,0.0,0.0,0.0,0.0,0.0,0.0,1,
Hernán Pérez,28.0,MIL,NL,-0.2,91.0,246.0,232.0,29.0,53.0,11.0,0.0,8.0,18.0,5.0,1.0,11.0,66.0,0.228,0.262,0.379,0.642,64.0,0.288,63.0,88.0,9.0,0.0,2.0,1.0,0.0,46H5/9317,
Homer Bailey,33.0,2TM,AL,0.1,3.0,5.0,5.0,0.0,2.0,0.0,0.0,0.0,1.0,0.0,0.0,0.0,1.0,0.4,0.4,0.4,0.8,119.0,0.336,110.0,2.0,0.0,0.0,0.0,0.0,0.0,1,
Homer Bailey,33.0,KCR,AL,0.0,1.0,1.0,1.0,0.0,0.0,0.0,0.0,0.0,0.0,0.0,0.0,0.0,0.0,0.0,0.0,0.0,0.0,-100.0,0.0,-123.0,0.0,0.0,0.0,0.0,0.0,0.0,1,
Homer Bailey,33.0,OAK,AL,0.1,2.0,4.0,4.0,0.0,2.0,0.0,0.0,0.0,1.0,0.0,0.0,0.0,1.0,0.5,0.5,0.5,1.0,175.0,0.421,170.0,2.0,0.0,0.0,0.0,0.0,0.0,1,
Howie Kendrick,35.0,WSN,NL,2.8,121.0,370.0,334.0,61.0,115.0,23.0,1.0,17.0,62.0,2.0,1.0,27.0,49.0,0.344,0.395,0.572,0.966,146.0,0.413,154.0,191.0,11.0,4.0,0.0,5.0,1.0,3H45/D,
Huascar Ynoa,21.0,ATL,NL,0.0,2.0,0.0,0.0,0.0,0.0,0.0,0.0,0.0,0.0,0.0,0.0,0.0,0.0,,,,,,,,0.0,0.0,0.0,0.0,0.0,0.0,/1,
Humberto Arteaga,25.0,KCR,AL,-0.7,41.0,135.0,122.0,11.0,24.0,4.0,0.0,0.0,4.0,1.0,1.0,8.0,28.0,0.197,0.258,0.23,0.487,31.0,0.254,46.0,28.0,2.0,2.0,3.0,0.0,0.0,6/4H15,
Hunter Dozier,27.0,KCR,AL,2.7,139.0,586.0,523.0,75.0,146.0,29.0,10.0,26.0,84.0,2.0,2.0,55.0,148.0,0.279,0.348,0.522,0.87,124.0,0.362,122.0,273.0,9.0,3.0,0.0,5.0,2.0,59D/3H,
Hunter Harvey,24.0,BAL,AL,0.0,1.0,0.0,0.0,0.0,0.0,0.0,0.0,0.0,0.0,0.0,0.0,0.0,0.0,,,,,,,,0.0,0.0,0.0,0.0,0.0,0.0,/1,
Hunter Pence,36.0,TEX,AL,1.6,83.0,316.0,286.0,53.0,85.0,17.0,1.0,18.0,59.0,6.0,1.0,26.0,69.0,0.297,0.358,0.552,0.91,126.0,0.386,128.0,158.0,2.0,2.0,0.0,2.0,0.0,D7H/9,AS
Hunter Renfroe,27.0,SDP,NL,2.3,140.0,494.0,440.0,64.0,95.0,19.0,1.0,33.0,64.0,5.0,0.0,46.0,154.0,0.216,0.289,0.489,0.778,103.0,0.325,98.0,215.0,6.0,2.0,0.0,6.0,1.0,*97H/8,
Hunter Strickland,30.0,WSN,NL,0.0,23.0,0.0,0.0,0.0,0.0,0.0,0.0,0.0,0.0,0.0,0.0,0.0,0.0,,,,,,,,0.0,0.0,0.0,0.0,0.0,0.0,1,
Hunter Wood,25.0,CLE,AL,0.0,3.0,0.0,0.0,0.0,0.0,0.0,0.0,0.0,0.0,0.0,0.0,0.0,0.0,,,,,,,,0.0,0.0,0.0,0.0,0.0,0.0,1,
Hyun Jin Ryu,32.0,LAD,NL,0.3,28.0,67.0,51.0,3.0,8.0,1.0,0.0,1.0,3.0,0.0,0.0,4.0,23.0,0.157,0.218,0.235,0.453,20.0,0.205,-10.0,12.0,0.0,0.0,12.0,0.0,0.0,1/H,"AS,CYA-2,MVP-19"
Héctor Neris,30.0,PHI,NL,0.0,63.0,1.0,1.0,0.0,0.0,0.0,0.0,0.0,0.0,0.0,0.0,0.0,1.0,0.0,0.0,0.0,0.0,-100.0,0.0,-142.0,0.0,0.0,0.0,0.0,0.0,0.0,1,
Héctor Noesí,32.0,MIA,NL,0.0,12.0,5.0,4.0,0.0,1.0,0.0,0.0,0.0,0.0,0.0,0.0,0.0,3.0,0.25,0.25,0.25,0.5,34.0,0.222,4.0,1.0,0.0,0.0,1.0,0.0,0.0,1,
Héctor Rondón,31.0,HOU,AL,0.0,6.0,0.0,0.0,0.0,0.0,0.0,0.0,0.0,0.0,0.0,0.0,0.0,0.0,,,,,,,,0.0,0.0,0.0,0.0,0.0,0.0,1,
Héctor Santiago,31.0,2TM,2LG,0.0,9.0,0.0,0.0,0.0,0.0,0.0,0.0,0.0,0.0,0.0,0.0,0.0,0.0,,,,,,,,0.0,0.0,0.0,0.0,0.0,0.0,1,
Héctor Santiago,31.0,NYM,NL,0.0,8.0,0.0,0.0,0.0,0.0,0.0,0.0,0.0,0.0,0.0,0.0,0.0,0.0,,,,,,,,0.0,0.0,0.0,0.0,0.0,0.0,/1,
Héctor Santiago,31.0,CHW,AL,0.0,1.0,0.0,0.0,0.0,0.0,0.0,0.0,0.0,0.0,0.0,0.0,0.0,0.0,,,,,,,,0.0,0.0,0.0,0.0,0.0,0.0,1,
Ian Desmond,33.0,COL,NL,-1.5,140.0,482.0,443.0,64.0,113.0,31.0,4.0,20.0,65.0,3.0,3.0,34.0,119.0,0.255,0.31,0.479,0.788,89.0,0.334,86.0,212.0,12.0,2.0,1.0,2.0,1.0,*87H/D1,
Ian Happ#,24.0,CHC,NL,1.4,58.0,156.0,140.0,25.0,37.0,7.0,1.0,11.0,30.0,2.0,0.0,15.0,39.0,0.264,0.333,0.564,0.898,128.0,0.377,128.0,79.0,1.0,0.0,0.0,1.0,0.0,H748/593,
Ian Kennedy,34.0,KCR,AL,0.0,4.0,0.0,0.0,0.0,0.0,0.0,0.0,0.0,0.0,0.0,0.0,0.0,0.0,,,,,,,,0.0,0.0,0.0,0.0,0.0,0.0,1,
Ian Kinsler,37.0,SDP,NL,-0.8,87.0,281.0,258.0,28.0,56.0,12.0,0.0,9.0,22.0,2.0,4.0,19.0,54.0,0.217,0.278,0.368,0.646,71.0,0.281,72.0,95.0,5.0,3.0,0.0,1.0,0.0,4H/1,
Ian Miller*,27.0,MIN,AL,0.1,12.0,17.0,17.0,2.0,3.0,1.0,0.0,0.0,1.0,0.0,0.0,0.0,3.0,0.176,0.176,0.235,0.412,9.0,0.176,-7.0,4.0,0.0,0.0,0.0,0.0,0.0,/879H,
Ichiro Suzuki*,45.0,SEA,AL,0.0,2.0,6.0,5.0,0.0,0.0,0.0,0.0,0.0,0.0,0.0,0.0,1.0,1.0,0.0,0.167,0.0,0.167,-47.0,0.116,-44.0,0.0,0.0,0.0,0.0,0.0,0.0,/9,
Ildemaro Vargas#,27.0,ARI,NL,0.6,92.0,211.0,201.0,25.0,54.0,9.0,1.0,6.0,24.0,1.0,0.0,9.0,24.0,0.269,0.299,0.413,0.712,82.0,0.312,82.0,83.0,6.0,0.0,0.0,1.0,0.0,4H5/679,
Isaac Galloway,29.0,MIA,NL,-0.7,19.0,54.0,54.0,6.0,9.0,1.0,0.0,0.0,1.0,2.0,0.0,0.0,17.0,0.167,0.167,0.185,0.352,-6.0,0.176,-16.0,10.0,0.0,0.0,0.0,0.0,0.0,8/H79,
Isan Díaz*,23.0,MIA,NL,-0.9,49.0,201.0,179.0,17.0,31.0,5.0,2.0,5.0,23.0,0.0,3.0,19.0,59.0,0.173,0.259,0.307,0.566,50.0,0.251,49.0,55.0,2.0,2.0,0.0,1.0,0.0,4/H,
Isiah Kiner-Falefa,24.0,TEX,AL,0.0,65.0,222.0,202.0,23.0,48.0,12.0,1.0,1.0,21.0,3.0,0.0,14.0,49.0,0.238,0.299,0.322,0.62,58.0,0.276,50.0,65.0,9.0,4.0,1.0,1.0,0.0,25/HD,
Iván Nova,32.0,CHW,AL,-0.1,3.0,5.0,5.0,0.0,0.0,0.0,0.0,0.0,0.0,0.0,0.0,0.0,4.0,0.0,0.0,0.0,0.0,-100.0,0.0,-129.0,0.0,0.0,0.0,0.0,0.0,0.0,1,
J.A. Happ*,36.0,NYY,AL,0.0,2.0,4.0,3.0,1.0,0.0,0.0,0.0,0.0,0.0,0.0,0.0,0.0,0.0,0.0,0.0,0.0,0.0,-100.0,0.0,-203.0,0.0,0.0,0.0,1.0,0.0,0.0,1/H,
J.B. Wendelken,26.0,OAK,AL,0.0,2.0,0.0,0.0,0.0,0.0,0.0,0.0,0.0,0.0,0.0,0.0,0.0,0.0,,,,,,,,0.0,0.0,0.0,0.0,0.0,0.0,1,
J.D. Davis,26.0,NYM,NL,1.1,140.0,453.0,410.0,65.0,126.0,22.0,1.0,22.0,57.0,3.0,0.0,38.0,97.0,0.307,0.369,0.527,0.895,137.0,0.384,142.0,216.0,14.0,3.0,0.0,2.0,2.0,7H5/D,
J.D. Hammer,24.0,PHI,NL,0.0,20.0,1.0,1.0,0.0,0.0,0.0,0.0,0.0,0.0,0.0,0.0,0.0,0.0,0.0,0.0,0.0,0.0,-100.0,0.0,-142.0,0.0,0.0,0.0,0.0,0.0,0.0,1,
J.D. Martinez,31.0,BOS,AL,3.5,146.0,657.0,575.0,98.0,175.0,33.0,2.0,36.0,105.0,2.0,0.0,72.0,138.0,0.304,0.383,0.557,0.939,139.0,0.393,139.0,320.0,19.0,4.0,0.0,5.0,9.0,D97/H,"AS,MVP-21"
J.P. Crawford*,24.0,SEA,AL,1.5,93.0,396.0,345.0,43.0,78.0,21.0,4.0,7.0,46.0,5.0,3.0,43.0,83.0,0.226,0.313,0.371,0.684,86.0,0.304,89.0,128.0,4.0,2.0,3.0,3.0,0.0,6,
J.T. Realmuto,28.0,PHI,NL,4.5,145.0,593.0,538.0,92.0,148.0,36.0,3.0,25.0,83.0,9.0,1.0,41.0,123.0,0.275,0.328,0.493,0.82,109.0,0.355,112.0,265.0,12.0,5.0,0.0,8.0,2.0,*2H/3D,"AS,MVP-14,GG,SS"
Jace Fry*,25.0,CHW,AL,0.0,7.0,0.0,0.0,0.0,0.0,0.0,0.0,0.0,0.0,0.0,0.0,0.0,0.0,,,,,,,,0.0,0.0,0.0,0.0,0.0,0.0,1,
Jace Peterson*,29.0,BAL,AL,0.1,29.0,108.0,100.0,14.0,22.0,3.0,1.0,2.0,11.0,4.0,1.0,6.0,24.0,0.22,0.269,0.33,0.599,58.0,0.261,49.0,33.0,1.0,1.0,0.0,1.0,0.0,7/54H9,
Jack Flaherty,23.0,STL,NL,0.1,35.0,66.0,54.0,4.0,10.0,3.0,0.0,0.0,4.0,1.0,1.0,2.0,17.0,0.185,0.211,0.241,0.451,20.0,0.188,-13.0,13.0,0.0,0.0,9.0,1.0,0.0,1/H,"CYA-4,MVP-13"
Jack Mayfield,28.0,HOU,AL,0.1,26.0,65.0,64.0,8.0,10.0,5.0,0.0,2.0,5.0,0.0,0.0,1.0,16.0,0.156,0.169,0.328,0.497,25.0,0.202,8.0,21.0,0.0,0.0,0.0,0.0,0.0,6/4H5,
Jackie Bradley Jr.*,29.0,BOS,AL,2.1,147.0,567.0,494.0,69.0,111.0,28.0,3.0,21.0,62.0,8.0,6.0,56.0,155.0,0.225,0.317,0.421,0.738,89.0,0.322,91.0,208.0,6.0,12.0,3.0,2.0,3.0,*8/H9,
Jacob Barnes,29.0,2TM,2LG,0.0,17.0,0.0,0.0,0.0,0.0,0.0,0.0,0.0,0.0,0.0,0.0,0.0,0.0,,,,,,,,0.0,0.0,0.0,0.0,0.0,0.0,1,
Jacob Barnes,29.0,MIL,NL,0.0,16.0,0.0,0.0,0.0,0.0,0.0,0.0,0.0,0.0,0.0,0.0,0.0,0.0,,,,,,,,0.0,0.0,0.0,0.0,0.0,0.0,1,
Jacob Barnes,29.0,KCR,AL,0.0,1.0,0.0,0.0,0.0,0.0,0.0,0.0,0.0,0.0,0.0,0.0,0.0,0.0,,,,,,,,0.0,0.0,0.0,0.0,0.0,0.0,1,
Jacob deGrom*,31.0,NYM,NL,0.6,31.0,70.0,65.0,4.0,13.0,2.0,0.0,2.0,6.0,0.0,0.0,4.0,19.0,0.2,0.246,0.323,0.569,52.0,0.245,42.0,21.0,0.0,0.0,1.0,0.0,0.0,1/H,"AS,CYA-1,MVP-10"
Jacob Nottingham,24.0,MIL,NL,0.0,9.0,7.0,6.0,1.0,2.0,0.0,0.0,1.0,4.0,0.0,0.0,0.0,2.0,0.333,0.429,0.833,1.262,215.0,0.508,224.0,5.0,0.0,1.0,0.0,0.0,0.0,/2H3,
Jacob Rhame,26.0,NYM,NL,0.0,5.0,0.0,0.0,0.0,0.0,0.0,0.0,0.0,0.0,0.0,0.0,0.0,0.0,,,,,,,,0.0,0.0,0.0,0.0,0.0,0.0,/1,
Jacob Stallings,29.0,PIT,NL,1.4,71.0,210.0,191.0,26.0,50.0,5.0,0.0,6.0,13.0,0.0,0.0,16.0,40.0,0.262,0.325,0.382,0.708,87.0,0.306,82.0,73.0,3.0,2.0,1.0,0.0,5.0,2H/1,
Jacob Waguespack,25.0,TOR,AL,0.0,2.0,3.0,2.0,0.0,0.0,0.0,0.0,0.0,0.0,0.0,0.0,1.0,2.0,0.0,0.333,0.0,0.333,4.0,0.232,34.0,0.0,0.0,0.0,0.0,0.0,0.0,1,
Jacob Webb,25.0,ATL,NL,0.0,35.0,1.0,1.0,0.0,0.0,0.0,0.0,0.0,0.0,0.0,0.0,0.0,1.0,0.0,0.0,0.0,0.0,-100.0,0.0,-150.0,0.0,0.0,0.0,0.0,0.0,0.0,1,
JaCoby Jones,27.0,DET,AL,-0.3,88.0,333.0,298.0,39.0,70.0,19.0,3.0,11.0,26.0,7.0,2.0,27.0,94.0,0.235,0.31,0.43,0.74,93.0,0.323,93.0,128.0,6.0,6.0,1.0,1.0,2.0,8/HD,
Jaime Barria,22.0,LAA,AL,0.0,1.0,2.0,2.0,0.0,0.0,0.0,0.0,0.0,0.0,0.0,0.0,0.0,1.0,0.0,0.0,0.0,0.0,-100.0,0.0,-132.0,0.0,0.0,0.0,0.0,0.0,0.0,1,
Jaime Schultz,28.0,LAD,NL,0.0,4.0,0.0,0.0,0.0,0.0,0.0,0.0,0.0,0.0,0.0,0.0,0.0,0.0,,,,,,,,0.0,0.0,0.0,0.0,0.0,0.0,/1,
Jairo Díaz,28.0,COL,NL,0.0,54.0,0.0,0.0,0.0,0.0,0.0,0.0,0.0,0.0,0.0,0.0,0.0,0.0,,,,,,,,0.0,0.0,0.0,0.0,0.0,0.0,1,
Jake Arrieta,33.0,PHI,NL,0.0,23.0,50.0,45.0,2.0,7.0,1.0,0.0,0.0,4.0,0.0,0.0,1.0,19.0,0.156,0.174,0.178,0.352,-8.0,0.175,-26.0,8.0,1.0,0.0,4.0,0.0,0.0,1,
Jake Bauers*,23.0,CLE,AL,-0.7,117.0,423.0,372.0,46.0,84.0,16.0,1.0,12.0,43.0,3.0,3.0,45.0,115.0,0.226,0.312,0.371,0.683,78.0,0.297,75.0,138.0,3.0,3.0,0.0,3.0,0.0,7D3/H,
Jake Cave*,26.0,MIN,AL,0.7,72.0,228.0,198.0,28.0,51.0,11.0,2.0,8.0,25.0,0.0,0.0,21.0,71.0,0.258,0.351,0.455,0.805,113.0,0.347,114.0,90.0,5.0,8.0,0.0,1.0,0.0,987/HD,
Jake Diekman,32.0,2TM,AL,0.0,5.0,0.0,0.0,0.0,0.0,0.0,0.0,0.0,0.0,0.0,0.0,0.0,0.0,,,,,,,,0.0,0.0,0.0,0.0,0.0,0.0,1,
Jake Diekman,32.0,KCR,AL,0.0,4.0,0.0,0.0,0.0,0.0,0.0,0.0,0.0,0.0,0.0,0.0,0.0,0.0,,,,,,,,0.0,0.0,0.0,0.0,0.0,0.0,1,
Jake Diekman,32.0,OAK,AL,0.0,1.0,0.0,0.0,0.0,0.0,0.0,0.0,0.0,0.0,0.0,0.0,0.0,0.0,,,,,,,,0.0,0.0,0.0,0.0,0.0,0.0,1,
Jake Elmore,32.0,PIT,NL,-0.4,20.0,49.0,47.0,3.0,10.0,1.0,0.0,0.0,4.0,0.0,1.0,2.0,8.0,0.213,0.245,0.234,0.479,28.0,0.222,30.0,11.0,0.0,0.0,0.0,0.0,0.0,/H7594,
Jake Faria,25.0,MIL,NL,0.0,9.0,0.0,0.0,0.0,0.0,0.0,0.0,0.0,0.0,0.0,0.0,0.0,0.0,,,,,,,,0.0,0.0,0.0,0.0,0.0,0.0,/1,
Jake Fraley*,24.0,SEA,AL,-0.8,12.0,41.0,40.0,3.0,6.0,2.0,0.0,0.0,1.0,0.0,0.0,0.0,14.0,0.15,0.171,0.2,0.371,1.0,0.163,-10.0,8.0,0.0,1.0,0.0,0.0,0.0,8/H9,
Jake Jewell,26.0,LAA,AL,0.0,4.0,0.0,0.0,0.0,0.0,0.0,0.0,0.0,0.0,0.0,0.0,0.0,0.0,,,,,,,,0.0,0.0,0.0,0.0,0.0,0.0,1,
Jake Lamb*,28.0,ARI,NL,-0.1,78.0,226.0,187.0,26.0,36.0,8.0,2.0,6.0,30.0,1.0,0.0,32.0,55.0,0.193,0.323,0.353,0.676,76.0,0.308,79.0,66.0,4.0,5.0,0.0,2.0,1.0,53H/D,
Jake Marisnick,28.0,HOU,AL,1.4,120.0,318.0,292.0,46.0,68.0,16.0,3.0,10.0,34.0,10.0,3.0,17.0,95.0,0.233,0.289,0.411,0.7,80.0,0.304,77.0,120.0,6.0,6.0,3.0,0.0,0.0,*8H/D,
Jake McGee*,32.0,COL,NL,0.0,42.0,0.0,0.0,0.0,0.0,0.0,0.0,0.0,0.0,0.0,0.0,0.0,0.0,,,,,,,,0.0,0.0,0.0,0.0,0.0,0.0,1,
Jake Newberry,24.0,KCR,AL,0.0,1.0,0.0,0.0,0.0,0.0,0.0,0.0,0.0,0.0,0.0,0.0,0.0,0.0,,,,,,,,0.0,0.0,0.0,0.0,0.0,0.0,1,
Jake Noll,25.0,WSN,NL,-0.1,8.0,13.0,12.0,1.0,2.0,1.0,0.0,0.0,2.0,0.0,0.0,1.0,4.0,0.167,0.231,0.25,0.481,25.0,0.215,12.0,3.0,0.0,0.0,0.0,0.0,0.0,/H35,
Jake Odorizzi,29.0,MIN,AL,0.0,3.0,3.0,2.0,0.0,0.0,0.0,0.0,0.0,0.0,0.0,0.0,0.0,0.0,0.0,0.0,0.0,0.0,-100.0,0.0,-248.0,0.0,0.0,0.0,1.0,0.0,0.0,1,AS
Jake Petricka,31.0,MIL,NL,0.0,5.0,0.0,0.0,0.0,0.0,0.0,0.0,0.0,0.0,0.0,0.0,0.0,0.0,,,,,,,,0.0,0.0,0.0,0.0,0.0,0.0,/1,
Jake Rogers,24.0,DET,AL,-0.6,35.0,128.0,112.0,11.0,14.0,3.0,0.0,4.0,8.0,0.0,0.0,13.0,51.0,0.125,0.222,0.259,0.481,27.0,0.216,18.0,29.0,3.0,1.0,2.0,0.0,0.0,2/D,
Jakob Junis,26.0,KCR,AL,0.0,1.0,2.0,2.0,0.0,0.0,0.0,0.0,0.0,0.0,0.0,0.0,0.0,0.0,0.0,0.0,0.0,0.0,-100.0,0.0,-136.0,0.0,0.0,0.0,0.0,0.0,0.0,1,
Jalen Beeks*,25.0,TBR,AL,0.0,4.0,3.0,3.0,0.0,0.0,0.0,0.0,0.0,0.0,0.0,0.0,0.0,2.0,0.0,0.0,0.0,0.0,-100.0,0.0,-126.0,0.0,0.0,0.0,0.0,0.0,0.0,1/H,
James Bourque,25.0,WSN,NL,0.0,1.0,0.0,0.0,0.0,0.0,0.0,0.0,0.0,0.0,0.0,0.0,0.0,0.0,,,,,,,,0.0,0.0,0.0,0.0,0.0,0.0,/1,
James Hoyt,32.0,CLE,AL,0.0,1.0,0.0,0.0,0.0,0.0,0.0,0.0,0.0,0.0,0.0,0.0,0.0,0.0,,,,,,,,0.0,0.0,0.0,0.0,0.0,0.0,/1,
James Karinchak,23.0,CLE,AL,0.0,1.0,0.0,0.0,0.0,0.0,0.0,0.0,0.0,0.0,0.0,0.0,0.0,0.0,,,,,,,,0.0,0.0,0.0,0.0,0.0,0.0,/1,
James Marvel,25.0,PIT,NL,-0.1,4.0,4.0,4.0,0.0,0.0,0.0,0.0,0.0,0.0,0.0,0.0,0.0,2.0,0.0,0.0,0.0,0.0,-100.0,0.0,-138.0,0.0,0.0,0.0,0.0,0.0,0.0,/1,
James McCann,29.0,CHW,AL,3.6,118.0,476.0,439.0,62.0,120.0,26.0,1.0,18.0,60.0,4.0,1.0,30.0,137.0,0.273,0.328,0.46,0.789,108.0,0.345,113.0,202.0,10.0,6.0,1.0,0.0,1.0,2D/H,AS
James Norwood,25.0,CHC,NL,0.0,9.0,1.0,1.0,0.0,0.0,0.0,0.0,0.0,0.0,0.0,0.0,0.0,0.0,0.0,0.0,0.0,0.0,-100.0,0.0,-142.0,0.0,0.0,0.0,0.0,0.0,0.0,/1,
James Paxton*,30.0,NYY,AL,-0.1,3.0,8.0,5.0,0.0,0.0,0.0,0.0,0.0,1.0,0.0,0.0,0.0,5.0,0.0,0.0,0.0,0.0,-100.0,0.0,-267.0,0.0,0.0,0.0,3.0,0.0,0.0,1,
James Pazos,28.0,COL,NL,0.0,12.0,0.0,0.0,0.0,0.0,0.0,0.0,0.0,0.0,0.0,0.0,0.0,0.0,,,,,,,,0.0,0.0,0.0,0.0,0.0,0.0,1,
James Sherfy,27.0,ARI,NL,0.0,17.0,2.0,2.0,0.0,0.0,0.0,0.0,0.0,0.0,0.0,0.0,0.0,2.0,0.0,0.0,0.0,0.0,-100.0,0.0,-142.0,0.0,0.0,0.0,0.0,0.0,0.0,1,
Jameson Taillon,27.0,PIT,NL,0.1,6.0,11.0,8.0,0.0,2.0,0.0,0.0,0.0,0.0,0.0,0.0,0.0,3.0,0.25,0.25,0.25,0.5,33.0,0.222,-7.0,2.0,0.0,0.0,3.0,0.0,0.0,/1,
Jandel Gustave,26.0,SFG,NL,0.0,20.0,1.0,1.0,0.0,0.0,0.0,0.0,0.0,0.0,0.0,0.0,0.0,1.0,0.0,0.0,0.0,0.0,-100.0,0.0,-133.0,0.0,0.0,0.0,0.0,0.0,0.0,1,
Jared Hughes,33.0,2TM,NL,0.0,66.0,2.0,2.0,0.0,0.0,0.0,0.0,0.0,0.0,0.0,0.0,0.0,1.0,0.0,0.0,0.0,0.0,-100.0,0.0,-146.0,0.0,0.0,0.0,0.0,0.0,0.0,1,
Jared Hughes,33.0,CIN,NL,0.0,44.0,2.0,2.0,0.0,0.0,0.0,0.0,0.0,0.0,0.0,0.0,0.0,1.0,0.0,0.0,0.0,0.0,-100.0,0.0,-146.0,0.0,0.0,0.0,0.0,0.0,0.0,1,
Jared Hughes,33.0,PHI,NL,0.0,22.0,0.0,0.0,0.0,0.0,0.0,0.0,0.0,0.0,0.0,0.0,0.0,0.0,,,,,,,,0.0,0.0,0.0,0.0,0.0,0.0,1,
Jared Walsh*,25.0,LAA,AL,-0.3,31.0,87.0,79.0,6.0,16.0,5.0,1.0,1.0,5.0,0.0,0.0,6.0,35.0,0.203,0.276,0.329,0.605,60.0,0.26,51.0,26.0,0.0,2.0,0.0,0.0,1.0,3/H1,
Jarlín García*,26.0,MIA,NL,0.0,51.0,1.0,1.0,0.0,0.0,0.0,0.0,0.0,0.0,0.0,0.0,0.0,1.0,0.0,0.0,0.0,0.0,-100.0,0.0,-133.0,0.0,0.0,0.0,0.0,0.0,0.0,1,
Jarrett Parker*,30.0,LAA,AL,-0.1,5.0,15.0,12.0,1.0,0.0,0.0,0.0,0.0,0.0,0.0,0.0,3.0,8.0,0.0,0.2,0.0,0.2,-38.0,0.139,-33.0,0.0,0.0,0.0,0.0,0.0,0.0,/7,
Jarrod Dyson*,34.0,ARI,NL,1.5,130.0,452.0,400.0,65.0,92.0,11.0,2.0,7.0,27.0,30.0,4.0,47.0,86.0,0.23,0.313,0.32,0.633,66.0,0.292,61.0,128.0,1.0,2.0,1.0,2.0,0.0,*89H7,
Jason Adam,27.0,TOR,AL,0.0,3.0,0.0,0.0,0.0,0.0,0.0,0.0,0.0,0.0,0.0,0.0,0.0,0.0,,,,,,,,0.0,0.0,0.0,0.0,0.0,0.0,1,
Jason Castro*,32.0,MIN,AL,0.6,79.0,275.0,237.0,39.0,55.0,9.0,0.0,13.0,30.0,0.0,0.0,33.0,88.0,0.232,0.332,0.435,0.767,102.0,0.327,100.0,103.0,0.0,3.0,1.0,1.0,0.0,2/H,
Jason Heyward*,29.0,CHC,NL,2.4,147.0,589.0,513.0,78.0,129.0,20.0,4.0,21.0,62.0,8.0,3.0,68.0,110.0,0.251,0.343,0.429,0.772,100.0,0.338,102.0,220.0,12.0,5.0,0.0,3.0,5.0,*98/H,
Jason Kipnis*,32.0,CLE,AL,0.6,121.0,511.0,458.0,52.0,112.0,23.0,1.0,17.0,65.0,7.0,2.0,40.0,88.0,0.245,0.304,0.41,0.715,84.0,0.311,82.0,188.0,7.0,2.0,5.0,6.0,2.0,*4/D,
Jason Martin*,23.0,PIT,NL,-0.3,20.0,40.0,36.0,5.0,9.0,2.0,0.0,0.0,2.0,2.0,0.0,4.0,10.0,0.25,0.325,0.306,0.631,69.0,0.295,66.0,11.0,0.0,0.0,0.0,0.0,0.0,7/H8,
Jason Vargas*,36.0,2TM,NL,-0.4,27.0,45.0,40.0,0.0,3.0,0.0,0.0,0.0,0.0,0.0,0.0,0.0,22.0,0.075,0.075,0.075,0.15,-60.0,0.067,-111.0,3.0,1.0,0.0,5.0,0.0,0.0,1,
Jason Vargas*,36.0,NYM,NL,-0.3,17.0,31.0,28.0,0.0,2.0,0.0,0.0,0.0,0.0,0.0,0.0,0.0,16.0,0.071,0.071,0.071,0.143,-61.0,0.063,-107.0,2.0,1.0,0.0,3.0,0.0,0.0,1,
Jason Vargas*,36.0,PHI,NL,-0.2,10.0,14.0,12.0,0.0,1.0,0.0,0.0,0.0,0.0,0.0,0.0,0.0,6.0,0.083,0.083,0.083,0.167,-56.0,0.074,-120.0,1.0,0.0,0.0,2.0,0.0,0.0,1,
Javier Báez,26.0,CHC,NL,6.7,138.0,561.0,531.0,89.0,149.0,38.0,4.0,29.0,85.0,11.0,7.0,28.0,156.0,0.281,0.316,0.531,0.847,115.0,0.351,113.0,282.0,16.0,0.0,0.0,2.0,3.0,*6/HD5,AS
Javy Guerra,33.0,WSN,NL,-0.1,33.0,5.0,3.0,0.0,0.0,0.0,0.0,0.0,0.0,0.0,0.0,0.0,2.0,0.0,0.0,0.0,0.0,-100.0,0.0,-306.0,0.0,0.0,0.0,2.0,0.0,0.0,1,
Javy Guerra*,23.0,SDP,NL,0.0,8.0,0.0,0.0,0.0,0.0,0.0,0.0,0.0,0.0,0.0,0.0,0.0,0.0,,,,,,,,0.0,0.0,0.0,0.0,0.0,0.0,/1,
Jay Bruce*,32.0,2TM,2LG,0.6,98.0,333.0,310.0,43.0,67.0,17.0,0.0,26.0,59.0,1.0,0.0,19.0,82.0,0.216,0.261,0.523,0.784,101.0,0.32,95.0,162.0,5.0,1.0,0.0,3.0,0.0,79H3/D,
Jay Bruce*,32.0,SEA,AL,0.2,47.0,184.0,165.0,27.0,35.0,11.0,0.0,14.0,28.0,1.0,0.0,16.0,53.0,0.212,0.283,0.533,0.816,114.0,0.329,106.0,88.0,1.0,1.0,0.0,2.0,0.0,93/7DH,
Jay Bruce*,32.0,PHI,NL,0.4,51.0,149.0,145.0,16.0,32.0,6.0,0.0,12.0,31.0,0.0,0.0,3.0,29.0,0.221,0.235,0.51,0.745,85.0,0.309,80.0,74.0,4.0,0.0,0.0,1.0,0.0,7H/D,
Jay Jackson,31.0,MIL,NL,0.0,27.0,2.0,2.0,0.0,0.0,0.0,0.0,0.0,0.0,0.0,0.0,0.0,2.0,0.0,0.0,0.0,0.0,-100.0,0.0,-142.0,0.0,0.0,0.0,0.0,0.0,0.0,1,
Jaylin Davis,24.0,SFG,NL,-0.5,17.0,47.0,42.0,2.0,7.0,0.0,0.0,1.0,3.0,1.0,2.0,3.0,11.0,0.167,0.255,0.238,0.493,33.0,0.225,38.0,10.0,1.0,2.0,0.0,0.0,0.0,9/DH,
JB Shuck*,32.0,PIT,NL,0.0,27.0,57.0,47.0,4.0,10.0,0.0,1.0,0.0,2.0,1.0,1.0,8.0,10.0,0.213,0.339,0.255,0.595,62.0,0.302,83.0,12.0,0.0,1.0,1.0,0.0,0.0,H9/781D,
Jean Segura,29.0,PHI,NL,1.9,144.0,618.0,576.0,79.0,161.0,37.0,4.0,12.0,60.0,10.0,2.0,30.0,73.0,0.28,0.323,0.42,0.743,91.0,0.323,89.0,242.0,11.0,8.0,1.0,3.0,1.0,*6/H,
Jed Lowrie#,35.0,NYM,NL,-0.2,9.0,8.0,7.0,0.0,0.0,0.0,0.0,0.0,0.0,0.0,0.0,1.0,4.0,0.0,0.125,0.0,0.125,-61.0,0.087,-71.0,0.0,0.0,0.0,0.0,0.0,0.0,/H,
Jedd Gyorko,30.0,2TM,NL,-0.5,62.0,101.0,92.0,6.0,16.0,1.0,0.0,2.0,9.0,2.0,0.0,9.0,24.0,0.174,0.248,0.25,0.498,33.0,0.238,31.0,23.0,3.0,0.0,0.0,0.0,0.0,H5/341D,
Jedd Gyorko,30.0,STL,NL,-0.1,38.0,62.0,56.0,5.0,11.0,0.0,0.0,2.0,7.0,2.0,0.0,6.0,14.0,0.196,0.274,0.304,0.578,54.0,0.279,59.0,17.0,1.0,0.0,0.0,0.0,0.0,H5/413,
Jedd Gyorko,30.0,LAD,NL,-0.4,24.0,39.0,36.0,1.0,5.0,1.0,0.0,0.0,2.0,0.0,0.0,3.0,10.0,0.139,0.205,0.167,0.372,1.0,0.173,-13.0,6.0,2.0,0.0,0.0,0.0,0.0,H/534D,
Jeff Brigham,27.0,MIA,NL,0.0,32.0,1.0,1.0,0.0,0.0,0.0,0.0,0.0,0.0,0.0,0.0,0.0,1.0,0.0,0.0,0.0,0.0,-100.0,0.0,-133.0,0.0,0.0,0.0,0.0,0.0,0.0,1,
Jeff Hoffman,26.0,COL,NL,0.0,18.0,24.0,21.0,2.0,5.0,0.0,0.0,0.0,1.0,0.0,0.0,0.0,9.0,0.238,0.238,0.238,0.476,18.0,0.198,-28.0,5.0,0.0,0.0,3.0,0.0,0.0,1/H,
Jeff Mathis,36.0,TEX,AL,-1.5,86.0,244.0,228.0,17.0,36.0,9.0,0.0,2.0,12.0,1.0,0.0,15.0,87.0,0.158,0.209,0.224,0.433,11.0,0.194,-6.0,51.0,2.0,0.0,0.0,1.0,1.0,2/1,
Jeff McNeil*,27.0,NYM,NL,5.2,133.0,567.0,510.0,83.0,162.0,38.0,1.0,23.0,75.0,5.0,6.0,35.0,75.0,0.318,0.384,0.531,0.916,143.0,0.389,149.0,271.0,5.0,21.0,0.0,1.0,2.0,7945/H,AS
Jeff Samardzija,34.0,SFG,NL,0.0,29.0,56.0,50.0,1.0,6.0,2.0,0.0,0.0,1.0,0.0,0.0,0.0,30.0,0.12,0.12,0.16,0.28,-26.0,0.138,-53.0,8.0,0.0,0.0,6.0,0.0,0.0,1,
Jeffrey Springs*,26.0,TEX,AL,0.0,2.0,0.0,0.0,0.0,0.0,0.0,0.0,0.0,0.0,0.0,0.0,0.0,0.0,,,,,,,,0.0,0.0,0.0,0.0,0.0,0.0,1,
Jefry Rodríguez,25.0,CLE,AL,0.0,1.0,0.0,0.0,0.0,0.0,0.0,0.0,0.0,0.0,0.0,0.0,0.0,0.0,,,,,,,,0.0,0.0,0.0,0.0,0.0,0.0,1,
Jeimer Candelario#,25.0,DET,AL,0.3,94.0,386.0,335.0,33.0,68.0,17.0,2.0,8.0,32.0,3.0,1.0,43.0,99.0,0.203,0.306,0.337,0.643,70.0,0.292,72.0,113.0,3.0,7.0,0.0,1.0,1.0,53/DH,
Jerad Eickhoff,28.0,PHI,NL,-0.2,12.0,19.0,14.0,0.0,0.0,0.0,0.0,0.0,0.0,0.0,0.0,1.0,7.0,0.0,0.067,0.0,0.067,-80.0,0.046,-164.0,0.0,0.0,0.0,4.0,0.0,0.0,1,
Jeremy Hellickson,32.0,WSN,NL,0.1,9.0,13.0,9.0,3.0,1.0,0.0,0.0,0.0,0.0,0.0,0.0,2.0,4.0,0.111,0.273,0.111,0.384,7.0,0.207,-11.0,1.0,0.0,0.0,2.0,0.0,0.0,/1,
Jeremy Jeffress,31.0,MIL,NL,0.0,45.0,1.0,1.0,0.0,0.0,0.0,0.0,0.0,0.0,0.0,0.0,0.0,1.0,0.0,0.0,0.0,0.0,-100.0,0.0,-142.0,0.0,0.0,0.0,0.0,0.0,0.0,1,
Jeremy Walker,24.0,ATL,NL,0.0,6.0,1.0,1.0,0.0,0.0,0.0,0.0,0.0,0.0,0.0,0.0,0.0,0.0,0.0,0.0,0.0,0.0,-100.0,0.0,-150.0,0.0,0.0,0.0,0.0,0.0,0.0,/1,
Jerry Blevins*,35.0,ATL,NL,0.0,43.0,0.0,0.0,0.0,0.0,0.0,0.0,0.0,0.0,0.0,0.0,0.0,0.0,,,,,,,,0.0,0.0,0.0,0.0,0.0,0.0,1,
Jesse Biddle*,27.0,ATL,NL,0.0,13.0,0.0,0.0,0.0,0.0,0.0,0.0,0.0,0.0,0.0,0.0,0.0,0.0,,,,,,,,0.0,0.0,0.0,0.0,0.0,0.0,1,
Jesse Chavez,35.0,TEX,AL,0.1,4.0,2.0,2.0,0.0,1.0,0.0,0.0,0.0,0.0,0.0,0.0,0.0,1.0,0.5,0.5,0.5,1.0,157.0,0.443,172.0,1.0,0.0,0.0,0.0,0.0,0.0,1,
Jesse Hahn,29.0,KCR,AL,0.0,1.0,0.0,0.0,0.0,0.0,0.0,0.0,0.0,0.0,0.0,0.0,0.0,0.0,,,,,,,,0.0,0.0,0.0,0.0,0.0,0.0,/1,
Jesse Winker*,25.0,CIN,NL,1.0,113.0,384.0,338.0,51.0,91.0,17.0,2.0,16.0,38.0,0.0,2.0,38.0,60.0,0.269,0.357,0.473,0.83,109.0,0.357,112.0,160.0,10.0,8.0,0.0,0.0,2.0,7H89/D,
Jesús Aguilar,29.0,2TM,2LG,-0.5,131.0,369.0,314.0,39.0,74.0,12.0,0.0,12.0,50.0,0.0,0.0,43.0,81.0,0.236,0.325,0.389,0.714,87.0,0.314,87.0,122.0,12.0,2.0,0.0,7.0,0.0,3HD/5,
Jesús Aguilar,29.0,MIL,NL,-0.7,94.0,262.0,222.0,26.0,50.0,9.0,0.0,8.0,34.0,0.0,0.0,31.0,59.0,0.225,0.32,0.374,0.694,80.0,0.307,79.0,83.0,11.0,2.0,0.0,4.0,0.0,3H/5,
Jesús Aguilar,29.0,TBR,AL,0.2,37.0,107.0,92.0,13.0,24.0,3.0,0.0,4.0,16.0,0.0,0.0,12.0,22.0,0.261,0.336,0.424,0.76,104.0,0.332,106.0,39.0,1.0,0.0,0.0,3.0,0.0,3D/H,
Jesús Sucre,31.0,BAL,AL,0.0,20.0,67.0,62.0,3.0,13.0,2.0,0.0,0.0,3.0,0.0,0.0,4.0,13.0,0.21,0.269,0.242,0.511,38.0,0.259,51.0,15.0,1.0,1.0,0.0,0.0,0.0,2/H13D,
Jesús Tinoco,24.0,COL,NL,0.0,23.0,6.0,5.0,1.0,1.0,0.0,0.0,0.0,0.0,0.0,0.0,0.0,4.0,0.2,0.2,0.2,0.4,-1.0,0.177,-53.0,1.0,0.0,0.0,1.0,0.0,0.0,1,
Jeurys Familia,29.0,NYM,NL,0.0,61.0,0.0,0.0,0.0,0.0,0.0,0.0,0.0,0.0,0.0,0.0,0.0,0.0,,,,,,,,0.0,0.0,0.0,0.0,0.0,0.0,1,
Jhoulys Chacín,31.0,MIL,NL,0.0,18.0,25.0,24.0,2.0,3.0,0.0,0.0,1.0,1.0,0.0,0.0,1.0,10.0,0.125,0.16,0.25,0.41,4.0,0.177,-15.0,6.0,0.0,0.0,0.0,0.0,0.0,1,
Jim Adduci*,34.0,CHC,NL,0.0,2.0,5.0,5.0,0.0,0.0,0.0,0.0,0.0,0.0,0.0,0.0,0.0,3.0,0.0,0.0,0.0,0.0,-100.0,0.0,-142.0,0.0,0.0,0.0,0.0,0.0,0.0,/9H,
Jiman Choi*,28.0,TBR,AL,2.1,127.0,487.0,410.0,54.0,107.0,20.0,2.0,19.0,63.0,2.0,3.0,64.0,108.0,0.261,0.363,0.459,0.822,120.0,0.349,120.0,188.0,7.0,6.0,0.0,7.0,2.0,3HD,
Jimmy Cordero,27.0,CHW,AL,0.0,3.0,1.0,0.0,0.0,0.0,0.0,0.0,0.0,0.0,0.0,0.0,0.0,0.0,,,,,,,,0.0,0.0,0.0,1.0,0.0,0.0,1,
Jimmy Herget,25.0,CIN,NL,0.0,5.0,0.0,0.0,0.0,0.0,0.0,0.0,0.0,0.0,0.0,0.0,0.0,0.0,,,,,,,,0.0,0.0,0.0,0.0,0.0,0.0,/1,
Jimmy Nelson,30.0,MIL,NL,0.0,10.0,3.0,3.0,0.0,0.0,0.0,0.0,0.0,0.0,0.0,0.0,0.0,3.0,0.0,0.0,0.0,0.0,-100.0,0.0,-142.0,0.0,0.0,0.0,0.0,0.0,0.0,1,
Jimmy Yacabonis,27.0,BAL,AL,0.0,1.0,0.0,0.0,0.0,0.0,0.0,0.0,0.0,0.0,0.0,0.0,0.0,0.0,,,,,,,,0.0,0.0,0.0,0.0,0.0,0.0,1,
Joakim Soria,35.0,OAK,AL,0.0,5.0,0.0,0.0,0.0,0.0,0.0,0.0,0.0,0.0,0.0,0.0,0.0,0.0,,,,,,,,0.0,0.0,0.0,0.0,0.0,0.0,1,
Joc Pederson*,27.0,LAD,NL,2.7,149.0,514.0,450.0,83.0,112.0,16.0,3.0,36.0,74.0,1.0,1.0,50.0,111.0,0.249,0.339,0.538,0.876,126.0,0.365,125.0,242.0,4.0,12.0,0.0,2.0,2.0,*79H3/8D,
Joe Biagini,29.0,2TM,AL,0.0,3.0,0.0,0.0,0.0,0.0,0.0,0.0,0.0,0.0,0.0,0.0,0.0,0.0,,,,,,,,0.0,0.0,0.0,0.0,0.0,0.0,1,
Joe Biagini,29.0,TOR,AL,0.0,2.0,0.0,0.0,0.0,0.0,0.0,0.0,0.0,0.0,0.0,0.0,0.0,0.0,,,,,,,,0.0,0.0,0.0,0.0,0.0,0.0,1,
Joe Biagini,29.0,HOU,AL,0.0,1.0,0.0,0.0,0.0,0.0,0.0,0.0,0.0,0.0,0.0,0.0,0.0,0.0,,,,,,,,0.0,0.0,0.0,0.0,0.0,0.0,1,
Joe Harvey,27.0,2TM,2LG,0.0,10.0,0.0,0.0,0.0,0.0,0.0,0.0,0.0,0.0,0.0,0.0,0.0,0.0,,,,,,,,0.0,0.0,0.0,0.0,0.0,0.0,1,
Joe Harvey,27.0,NYY,AL,0.0,1.0,0.0,0.0,0.0,0.0,0.0,0.0,0.0,0.0,0.0,0.0,0.0,0.0,,,,,,,,0.0,0.0,0.0,0.0,0.0,0.0,/1,
Joe Harvey,27.0,COL,NL,0.0,9.0,0.0,0.0,0.0,0.0,0.0,0.0,0.0,0.0,0.0,0.0,0.0,0.0,,,,,,,,0.0,0.0,0.0,0.0,0.0,0.0,/1,
Joe Hudson,28.0,STL,NL,0.0,1.0,1.0,1.0,0.0,0.0,0.0,0.0,0.0,0.0,0.0,0.0,0.0,1.0,0.0,0.0,0.0,0.0,-100.0,0.0,-133.0,0.0,0.0,0.0,0.0,0.0,0.0,/H,
Joe Jiménez,24.0,DET,AL,0.0,5.0,0.0,0.0,0.0,0.0,0.0,0.0,0.0,0.0,0.0,0.0,0.0,0.0,,,,,,,,0.0,0.0,0.0,0.0,0.0,0.0,1,
Joe Kelly,31.0,LAD,NL,0.0,52.0,3.0,2.0,0.0,0.0,0.0,0.0,0.0,0.0,0.0,0.0,0.0,2.0,0.0,0.0,0.0,0.0,-100.0,0.0,-258.0,0.0,0.0,0.0,1.0,0.0,0.0,1,
Joe Musgrove,26.0,PIT,NL,0.0,44.0,61.0,51.0,8.0,8.0,2.0,1.0,0.0,3.0,0.0,0.0,2.0,19.0,0.157,0.189,0.235,0.424,11.0,0.181,-24.0,12.0,1.0,0.0,8.0,0.0,0.0,1H,
Joe Panik*,28.0,2TM,NL,-0.7,142.0,491.0,438.0,50.0,107.0,21.0,2.0,5.0,39.0,4.0,2.0,43.0,47.0,0.244,0.315,0.336,0.651,75.0,0.292,75.0,147.0,6.0,4.0,2.0,4.0,2.0,*4H,
Joe Panik*,28.0,SFG,NL,-1.0,103.0,388.0,344.0,33.0,81.0,17.0,1.0,3.0,27.0,4.0,2.0,36.0,38.0,0.235,0.31,0.317,0.627,68.0,0.28,66.0,109.0,5.0,3.0,1.0,4.0,2.0,4H,
Joe Panik*,28.0,NYM,NL,0.3,39.0,103.0,94.0,17.0,26.0,4.0,1.0,2.0,12.0,0.0,0.0,7.0,9.0,0.277,0.333,0.404,0.738,98.0,0.338,110.0,38.0,1.0,1.0,1.0,0.0,0.0,4H,
Joe Ross,26.0,WSN,NL,-0.1,28.0,20.0,19.0,1.0,2.0,0.0,0.0,0.0,0.0,0.0,0.0,1.0,10.0,0.105,0.15,0.105,0.255,-32.0,0.119,-57.0,2.0,0.0,0.0,0.0,0.0,0.0,1/H,
Joe Smith,35.0,HOU,AL,0.0,1.0,0.0,0.0,0.0,0.0,0.0,0.0,0.0,0.0,0.0,0.0,0.0,0.0,,,,,,,,0.0,0.0,0.0,0.0,0.0,0.0,1,
Joel Kuhnel,24.0,CIN,NL,0.0,11.0,1.0,1.0,0.0,0.0,0.0,0.0,0.0,0.0,0.0,0.0,0.0,0.0,0.0,0.0,0.0,0.0,-100.0,0.0,-150.0,0.0,0.0,0.0,0.0,0.0,0.0,1,
Joel Payamps,25.0,ARI,NL,0.0,2.0,0.0,0.0,0.0,0.0,0.0,0.0,0.0,0.0,0.0,0.0,0.0,0.0,,,,,,,,0.0,0.0,0.0,0.0,0.0,0.0,/1,
Joey Gallo*,25.0,TEX,AL,3.1,70.0,297.0,241.0,54.0,61.0,15.0,1.0,22.0,49.0,4.0,2.0,52.0,114.0,0.253,0.389,0.598,0.986,145.0,0.398,139.0,144.0,0.0,2.0,1.0,1.0,4.0,87/D,AS
Joey Lucchesi*,26.0,SDP,NL,-0.4,28.0,54.0,48.0,0.0,3.0,0.0,0.0,0.0,1.0,0.0,0.0,1.0,36.0,0.063,0.082,0.063,0.144,-60.0,0.068,-104.0,3.0,0.0,0.0,5.0,0.0,0.0,1,
Joey Rickard,28.0,2TM,2LG,0.6,68.0,189.0,168.0,14.0,38.0,9.0,2.0,3.0,10.0,4.0,2.0,18.0,50.0,0.226,0.312,0.357,0.669,78.0,0.307,85.0,60.0,1.0,3.0,0.0,0.0,1.0,798H/D,
Joey Rickard,28.0,BAL,AL,0.5,42.0,135.0,118.0,10.0,24.0,7.0,2.0,2.0,6.0,3.0,2.0,14.0,33.0,0.203,0.304,0.347,0.651,73.0,0.306,85.0,41.0,0.0,3.0,0.0,0.0,1.0,98/7HD,
Joey Rickard,28.0,SFG,NL,0.1,26.0,54.0,50.0,4.0,14.0,2.0,0.0,1.0,4.0,1.0,0.0,4.0,17.0,0.28,0.333,0.38,0.713,90.0,0.311,85.0,19.0,1.0,0.0,0.0,0.0,0.0,7H/9,
Joey Votto*,35.0,CIN,NL,1.2,142.0,608.0,525.0,79.0,137.0,32.0,1.0,15.0,47.0,5.0,0.0,76.0,123.0,0.261,0.357,0.411,0.768,95.0,0.349,103.0,216.0,14.0,4.0,0.0,3.0,2.0,*3/HD7,
Joey Wendle*,29.0,TBR,AL,0.6,75.0,263.0,238.0,32.0,55.0,13.0,2.0,3.0,19.0,8.0,3.0,14.0,47.0,0.231,0.293,0.34,0.633,71.0,0.285,72.0,81.0,4.0,8.0,0.0,3.0,0.0,456/H9,
Johan Camargo#,25.0,ATL,NL,-0.7,98.0,248.0,232.0,31.0,54.0,12.0,1.0,7.0,32.0,1.0,0.0,15.0,43.0,0.233,0.279,0.384,0.663,67.0,0.287,59.0,89.0,5.0,0.0,1.0,0.0,2.0,H657/943D,
John Brebbia*,29.0,STL,NL,0.1,63.0,1.0,1.0,1.0,1.0,0.0,0.0,0.0,0.0,0.0,0.0,0.0,0.0,1.0,1.0,1.0,2.0,436.0,0.887,500.0,1.0,0.0,0.0,0.0,0.0,0.0,1,
John Gant,26.0,STL,NL,0.0,60.0,3.0,3.0,0.0,0.0,0.0,0.0,0.0,0.0,0.0,0.0,0.0,2.0,0.0,0.0,0.0,0.0,-100.0,0.0,-136.0,0.0,0.0,0.0,0.0,0.0,0.0,1,
John Hicks,29.0,DET,AL,-0.4,95.0,333.0,319.0,29.0,67.0,15.0,0.0,13.0,35.0,1.0,1.0,13.0,109.0,0.21,0.24,0.379,0.62,60.0,0.269,57.0,121.0,7.0,0.0,0.0,1.0,0.0,23H/D,
John Means*,26.0,BAL,AL,0.1,2.0,3.0,1.0,0.0,1.0,0.0,0.0,0.0,0.0,0.0,0.0,1.0,0.0,1.0,1.0,1.0,2.0,436.0,0.746,540.0,1.0,0.0,0.0,1.0,0.0,0.0,1,"AS,ROY-2"
John Ryan Murphy,28.0,2TM,NL,0.2,26.0,70.0,63.0,9.0,11.0,3.0,0.0,4.0,7.0,0.0,0.0,6.0,28.0,0.175,0.246,0.413,0.659,66.0,0.276,56.0,26.0,0.0,0.0,1.0,0.0,0.0,2/H1,
John Ryan Murphy,28.0,ARI,NL,0.2,25.0,69.0,62.0,9.0,11.0,3.0,0.0,4.0,7.0,0.0,0.0,6.0,28.0,0.177,0.25,0.419,0.669,69.0,0.28,59.0,26.0,0.0,0.0,1.0,0.0,0.0,2/H1,
John Ryan Murphy,28.0,ATL,NL,0.0,1.0,1.0,1.0,0.0,0.0,0.0,0.0,0.0,0.0,0.0,0.0,0.0,0.0,0.0,0.0,0.0,0.0,-100.0,0.0,-150.0,0.0,0.0,0.0,0.0,0.0,0.0,/2,
Johnny Cueto,33.0,SFG,NL,-0.1,4.0,4.0,4.0,0.0,0.0,0.0,0.0,0.0,0.0,0.0,0.0,0.0,3.0,0.0,0.0,0.0,0.0,-100.0,0.0,-135.0,0.0,0.0,0.0,0.0,0.0,0.0,/1,
Johnny Davis#,29.0,TBR,AL,-0.1,8.0,4.0,4.0,5.0,1.0,0.0,1.0,0.0,0.0,0.0,0.0,0.0,2.0,0.25,0.25,0.75,1.0,152.0,0.379,140.0,3.0,0.0,0.0,0.0,0.0,0.0,/H87,
Jon Berti,29.0,MIA,NL,1.6,73.0,287.0,256.0,52.0,70.0,14.0,1.0,6.0,24.0,17.0,3.0,24.0,73.0,0.273,0.348,0.406,0.755,100.0,0.342,103.0,104.0,2.0,6.0,0.0,1.0,0.0,685/H79,
Jon Duplantier*,24.0,ARI,NL,0.0,15.0,8.0,8.0,1.0,1.0,0.0,0.0,0.0,0.0,0.0,0.0,0.0,5.0,0.125,0.125,0.125,0.25,-34.0,0.099,-71.0,1.0,0.0,0.0,0.0,0.0,0.0,1,
Jon Gray,27.0,COL,NL,-0.5,27.0,59.0,47.0,1.0,3.0,0.0,0.0,0.0,1.0,0.0,0.0,3.0,22.0,0.064,0.12,0.064,0.184,-52.0,0.095,-120.0,3.0,2.0,0.0,9.0,0.0,0.0,1/H,
Jon Jay*,34.0,CHW,AL,-0.7,47.0,182.0,165.0,12.0,44.0,8.0,0.0,0.0,9.0,0.0,0.0,8.0,30.0,0.267,0.311,0.315,0.626,69.0,0.295,77.0,52.0,1.0,3.0,5.0,1.0,0.0,97/DH,
Jon Lester*,35.0,CHC,NL,0.4,28.0,53.0,48.0,6.0,9.0,2.0,0.0,1.0,6.0,0.0,0.0,5.0,20.0,0.188,0.264,0.292,0.556,45.0,0.265,50.0,14.0,1.0,0.0,0.0,0.0,0.0,1/H,
Jonathan Davis,27.0,TOR,AL,-0.3,37.0,95.0,83.0,8.0,15.0,1.0,0.0,2.0,6.0,3.0,1.0,5.0,24.0,0.181,0.266,0.265,0.531,44.0,0.243,41.0,22.0,1.0,5.0,1.0,1.0,0.0,8/H9D7,
Jonathan Holder,26.0,NYY,AL,0.0,2.0,0.0,0.0,0.0,0.0,0.0,0.0,0.0,0.0,0.0,0.0,0.0,0.0,,,,,,,,0.0,0.0,0.0,0.0,0.0,0.0,1,
Jonathan Lucroy,33.0,2TM,2LG,-1.1,101.0,328.0,293.0,30.0,68.0,10.0,1.0,8.0,36.0,0.0,0.0,27.0,51.0,0.232,0.305,0.355,0.66,74.0,0.285,68.0,104.0,17.0,5.0,0.0,3.0,1.0,2/3HD,
Jonathan Lucroy,33.0,LAA,AL,-0.7,74.0,268.0,240.0,28.0,58.0,8.0,1.0,7.0,30.0,0.0,0.0,21.0,39.0,0.242,0.31,0.371,0.681,80.0,0.293,75.0,89.0,15.0,4.0,0.0,3.0,0.0,2/3DH,
Jonathan Lucroy,33.0,CHC,NL,-0.4,27.0,60.0,53.0,2.0,10.0,2.0,0.0,1.0,6.0,0.0,0.0,6.0,12.0,0.189,0.283,0.283,0.566,49.0,0.247,36.0,15.0,2.0,1.0,0.0,0.0,1.0,2/H3,
Jonathan Schoop,27.0,MIN,AL,1.5,121.0,464.0,433.0,61.0,111.0,23.0,1.0,23.0,59.0,1.0,1.0,20.0,116.0,0.256,0.304,0.473,0.777,102.0,0.325,98.0,205.0,13.0,10.0,0.0,1.0,1.0,*4/HD,
Jonathan Villar#,28.0,BAL,AL,4.4,162.0,714.0,642.0,111.0,176.0,33.0,5.0,24.0,73.0,40.0,9.0,61.0,176.0,0.274,0.339,0.453,0.792,108.0,0.346,107.0,291.0,8.0,4.0,2.0,4.0,0.0,*46/HD,
Jonny Venters*,34.0,2TM,NL,0.0,11.0,0.0,0.0,0.0,0.0,0.0,0.0,0.0,0.0,0.0,0.0,0.0,0.0,,,,,,,,0.0,0.0,0.0,0.0,0.0,0.0,1,
Jonny Venters*,34.0,ATL,NL,0.0,9.0,0.0,0.0,0.0,0.0,0.0,0.0,0.0,0.0,0.0,0.0,0.0,0.0,,,,,,,,0.0,0.0,0.0,0.0,0.0,0.0,/1,
Jonny Venters*,34.0,WSN,NL,0.0,2.0,0.0,0.0,0.0,0.0,0.0,0.0,0.0,0.0,0.0,0.0,0.0,0.0,,,,,,,,0.0,0.0,0.0,0.0,0.0,0.0,/1,
Jordan Hicks,22.0,STL,NL,0.0,28.0,0.0,0.0,0.0,0.0,0.0,0.0,0.0,0.0,0.0,0.0,0.0,0.0,,,,,,,,0.0,0.0,0.0,0.0,0.0,0.0,1,
Jordan Luplow,25.0,CLE,AL,2.0,85.0,261.0,225.0,42.0,62.0,15.0,1.0,15.0,38.0,3.0,2.0,33.0,61.0,0.276,0.372,0.551,0.923,136.0,0.384,136.0,124.0,7.0,2.0,0.0,1.0,0.0,97H/8D,
Jordan Lyles,28.0,2TM,NL,-0.1,26.0,48.0,45.0,3.0,4.0,0.0,0.0,0.0,4.0,0.0,0.0,1.0,28.0,0.089,0.128,0.089,0.217,-41.0,0.121,-55.0,4.0,1.0,1.0,1.0,0.0,0.0,1,
Jordan Lyles,28.0,PIT,NL,-0.2,16.0,26.0,25.0,1.0,2.0,0.0,0.0,0.0,2.0,0.0,0.0,0.0,16.0,0.08,0.115,0.08,0.195,-46.0,0.092,-71.0,2.0,1.0,1.0,0.0,0.0,0.0,1,
Jordan Lyles,28.0,MIL,NL,0.0,10.0,22.0,20.0,2.0,2.0,0.0,0.0,0.0,2.0,0.0,0.0,1.0,12.0,0.1,0.143,0.1,0.243,-35.0,0.155,-36.0,2.0,0.0,0.0,1.0,0.0,0.0,1,
Jordan Romano,26.0,TOR,AL,0.0,1.0,0.0,0.0,0.0,0.0,0.0,0.0,0.0,0.0,0.0,0.0,0.0,0.0,,,,,,,,0.0,0.0,0.0,0.0,0.0,0.0,1,
Jordan Yamamoto,23.0,MIA,NL,-0.2,16.0,26.0,21.0,0.0,1.0,0.0,0.0,0.0,1.0,0.0,0.0,1.0,9.0,0.048,0.091,0.048,0.139,-61.0,0.072,-118.0,1.0,1.0,0.0,4.0,0.0,0.0,1/H,
Jordan Zimmermann,33.0,DET,AL,0.0,1.0,2.0,2.0,0.0,0.0,0.0,0.0,0.0,0.0,0.0,0.0,0.0,2.0,0.0,0.0,0.0,0.0,-100.0,0.0,-132.0,0.0,0.0,0.0,0.0,0.0,0.0,1,
Jordy Mercer,32.0,DET,AL,0.4,74.0,271.0,256.0,24.0,69.0,16.0,0.0,9.0,22.0,0.0,0.0,13.0,57.0,0.27,0.31,0.438,0.747,94.0,0.327,97.0,112.0,4.0,2.0,0.0,0.0,1.0,6/435DH,
Jorge Alfaro,26.0,MIA,NL,1.1,130.0,465.0,431.0,44.0,113.0,14.0,1.0,18.0,57.0,4.0,4.0,22.0,154.0,0.262,0.312,0.425,0.736,93.0,0.32,95.0,183.0,12.0,10.0,0.0,2.0,1.0,*2H/3D,
Jorge Bonifacio,26.0,KCR,AL,0.1,5.0,21.0,20.0,3.0,7.0,3.0,0.0,0.0,3.0,0.0,0.0,1.0,7.0,0.35,0.381,0.5,0.881,130.0,0.371,127.0,10.0,0.0,0.0,0.0,0.0,0.0,/97,
Jorge López,26.0,KCR,AL,0.0,3.0,2.0,1.0,0.0,0.0,0.0,0.0,0.0,0.0,0.0,0.0,0.0,0.0,0.0,0.0,0.0,0.0,-100.0,0.0,-354.0,0.0,0.0,0.0,1.0,0.0,0.0,1,
Jorge Polanco#,25.0,MIN,AL,4.6,153.0,704.0,631.0,107.0,186.0,40.0,7.0,22.0,79.0,4.0,3.0,60.0,116.0,0.295,0.356,0.485,0.841,121.0,0.364,126.0,306.0,11.0,4.0,2.0,7.0,2.0,*6D/H,"AS,MVP-13"
Jorge Soler,27.0,KCR,AL,3.5,162.0,679.0,589.0,95.0,156.0,33.0,1.0,48.0,117.0,3.0,1.0,73.0,178.0,0.265,0.354,0.569,0.922,137.0,0.388,139.0,335.0,16.0,10.0,0.0,4.0,3.0,D9/H,MVP-21
Jose Altuve,29.0,HOU,AL,3.7,124.0,548.0,500.0,89.0,149.0,27.0,3.0,31.0,74.0,6.0,5.0,41.0,82.0,0.298,0.353,0.55,0.903,131.0,0.372,129.0,275.0,19.0,3.0,1.0,3.0,0.0,*4/DH6,
Jose Iglesias,29.0,CIN,NL,0.9,146.0,530.0,504.0,62.0,145.0,21.0,3.0,11.0,59.0,6.0,6.0,20.0,70.0,0.288,0.318,0.407,0.724,83.0,0.309,78.0,205.0,17.0,3.0,1.0,2.0,3.0,*6/H,
Jose Quintana,30.0,CHC,NL,-0.4,31.0,63.0,54.0,2.0,5.0,1.0,0.0,0.0,3.0,0.0,0.0,0.0,27.0,0.093,0.093,0.111,0.204,-47.0,0.088,-106.0,6.0,1.0,0.0,9.0,0.0,0.0,1,
Jose Trevino,26.0,TEX,AL,0.0,40.0,126.0,120.0,18.0,31.0,9.0,0.0,2.0,13.0,0.0,0.0,3.0,27.0,0.258,0.272,0.383,0.655,64.0,0.302,71.0,46.0,6.0,0.0,1.0,2.0,0.0,2/H,
Josh A. Smith,31.0,BOS,AL,0.0,2.0,0.0,0.0,0.0,0.0,0.0,0.0,0.0,0.0,0.0,0.0,0.0,0.0,,,,,,,,0.0,0.0,0.0,0.0,0.0,0.0,1,
Josh Bell#,26.0,PIT,NL,2.6,143.0,613.0,527.0,94.0,146.0,37.0,3.0,37.0,116.0,0.0,1.0,74.0,118.0,0.277,0.367,0.569,0.936,142.0,0.384,139.0,300.0,11.0,5.0,0.0,7.0,13.0,*3/DH,AS
Josh D. Smith*,29.0,MIA,NL,0.0,6.0,0.0,0.0,0.0,0.0,0.0,0.0,0.0,0.0,0.0,0.0,0.0,0.0,,,,,,,,0.0,0.0,0.0,0.0,0.0,0.0,/1,
Josh Donaldson,33.0,ATL,NL,5.3,155.0,659.0,549.0,96.0,142.0,33.0,0.0,37.0,94.0,4.0,2.0,100.0,155.0,0.259,0.379,0.521,0.9,126.0,0.388,133.0,286.0,13.0,8.0,0.0,2.0,2.0,*5/HD,MVP-11
Josh Hader*,25.0,MIL,NL,0.0,56.0,2.0,2.0,0.0,0.0,0.0,0.0,0.0,0.0,0.0,0.0,0.0,1.0,0.0,0.0,0.0,0.0,-100.0,0.0,-142.0,0.0,0.0,0.0,0.0,0.0,0.0,1,AS
Josh Harrison,31.0,DET,AL,-1.0,36.0,147.0,137.0,10.0,24.0,7.0,1.0,1.0,8.0,4.0,2.0,6.0,27.0,0.175,0.218,0.263,0.48,27.0,0.208,15.0,36.0,0.0,2.0,0.0,2.0,0.0,4/HD,
Josh James,26.0,HOU,AL,0.0,3.0,0.0,0.0,0.0,0.0,0.0,0.0,0.0,0.0,0.0,0.0,0.0,0.0,,,,,,,,0.0,0.0,0.0,0.0,0.0,0.0,1,
Josh Lucas,28.0,BAL,AL,0.0,1.0,0.0,0.0,0.0,0.0,0.0,0.0,0.0,0.0,0.0,0.0,0.0,0.0,,,,,,,,0.0,0.0,0.0,0.0,0.0,0.0,/1,
Josh Naylor*,22.0,SDP,NL,0.0,94.0,279.0,253.0,29.0,63.0,15.0,0.0,8.0,32.0,1.0,1.0,25.0,64.0,0.249,0.315,0.403,0.719,91.0,0.313,91.0,102.0,4.0,0.0,0.0,1.0,1.0,79H/D,
Josh Osich*,30.0,CHW,AL,0.0,5.0,1.0,0.0,0.0,0.0,0.0,0.0,0.0,0.0,0.0,0.0,0.0,0.0,,,,,,,,0.0,0.0,0.0,1.0,0.0,0.0,1,
Josh Phegley,31.0,OAK,AL,0.3,106.0,342.0,314.0,44.0,75.0,18.0,0.0,12.0,62.0,0.0,1.0,15.0,63.0,0.239,0.282,0.411,0.693,86.0,0.305,90.0,129.0,11.0,6.0,2.0,5.0,0.0,2/H,
Josh Reddick*,32.0,HOU,AL,1.3,141.0,550.0,501.0,57.0,138.0,19.0,3.0,14.0,56.0,5.0,2.0,36.0,66.0,0.275,0.319,0.409,0.728,89.0,0.315,87.0,205.0,9.0,0.0,1.0,9.0,1.0,*97H/83D,
Josh Rojas*,25.0,ARI,NL,0.0,41.0,157.0,138.0,17.0,30.0,7.0,0.0,2.0,16.0,4.0,2.0,18.0,41.0,0.217,0.312,0.312,0.624,64.0,0.287,65.0,43.0,3.0,1.0,0.0,0.0,0.0,7/9H4,
Josh Sborz,25.0,LAD,NL,0.0,7.0,0.0,0.0,0.0,0.0,0.0,0.0,0.0,0.0,0.0,0.0,0.0,0.0,,,,,,,,0.0,0.0,0.0,0.0,0.0,0.0,/1,
Josh Taylor*,26.0,BOS,AL,0.0,5.0,0.0,0.0,0.0,0.0,0.0,0.0,0.0,0.0,0.0,0.0,0.0,0.0,,,,,,,,0.0,0.0,0.0,0.0,0.0,0.0,1,
Josh Tomlin,34.0,ATL,NL,-0.1,47.0,6.0,6.0,0.0,0.0,0.0,0.0,0.0,0.0,0.0,0.0,0.0,3.0,0.0,0.0,0.0,0.0,-100.0,0.0,-147.0,0.0,0.0,0.0,0.0,0.0,0.0,1,
Josh VanMeter*,24.0,CIN,NL,0.1,95.0,260.0,228.0,33.0,54.0,13.0,1.0,8.0,23.0,9.0,3.0,29.0,56.0,0.237,0.327,0.408,0.735,86.0,0.324,85.0,93.0,5.0,2.0,0.0,1.0,0.0,7H43/59D,
Joshua Fuentes,26.0,COL,NL,-0.1,24.0,56.0,55.0,8.0,12.0,1.0,0.0,3.0,7.0,1.0,0.0,1.0,20.0,0.218,0.232,0.4,0.632,50.0,0.285,48.0,22.0,0.0,0.0,0.0,0.0,0.0,H3/5,
José Abreu,32.0,CHW,AL,2.3,159.0,693.0,634.0,85.0,180.0,38.0,1.0,33.0,123.0,2.0,2.0,36.0,152.0,0.284,0.33,0.503,0.834,118.0,0.351,118.0,319.0,24.0,13.0,0.0,10.0,4.0,*3D,"AS,MVP-19"
José Alvarado*,24.0,TBR,AL,0.0,4.0,0.0,0.0,0.0,0.0,0.0,0.0,0.0,0.0,0.0,0.0,0.0,0.0,,,,,,,,0.0,0.0,0.0,0.0,0.0,0.0,1,
José Berríos,25.0,MIN,AL,0.0,2.0,5.0,4.0,1.0,0.0,0.0,0.0,0.0,0.0,0.0,0.0,1.0,4.0,0.0,0.2,0.0,0.2,-38.0,0.139,-32.0,0.0,0.0,0.0,0.0,0.0,0.0,1,AS
José Castillo*,23.0,SDP,NL,0.0,1.0,0.0,0.0,0.0,0.0,0.0,0.0,0.0,0.0,0.0,0.0,0.0,0.0,,,,,,,,0.0,0.0,0.0,0.0,0.0,0.0,/1,
José De León,26.0,TBR,AL,0.0,1.0,0.0,0.0,0.0,0.0,0.0,0.0,0.0,0.0,0.0,0.0,0.0,0.0,,,,,,,,0.0,0.0,0.0,0.0,0.0,0.0,/1,
José Leclerc,25.0,TEX,AL,0.0,5.0,0.0,0.0,0.0,0.0,0.0,0.0,0.0,0.0,0.0,0.0,0.0,0.0,,,,,,,,0.0,0.0,0.0,0.0,0.0,0.0,1,
José Martínez,30.0,STL,NL,-0.3,128.0,373.0,334.0,45.0,90.0,13.0,2.0,10.0,42.0,3.0,0.0,35.0,82.0,0.269,0.34,0.41,0.751,98.0,0.336,103.0,137.0,14.0,2.0,0.0,2.0,0.0,9H/D7,
José Osuna,26.0,PIT,NL,0.0,95.0,285.0,261.0,41.0,69.0,20.0,0.0,10.0,36.0,0.0,0.0,18.0,48.0,0.264,0.31,0.456,0.766,99.0,0.326,97.0,119.0,6.0,1.0,0.0,4.0,0.0,3H95/17,
José Peraza,25.0,CIN,NL,-1.2,141.0,403.0,376.0,37.0,90.0,18.0,2.0,6.0,33.0,7.0,6.0,17.0,58.0,0.239,0.285,0.346,0.631,60.0,0.274,53.0,130.0,9.0,8.0,0.0,2.0,0.0,467H/581,
José Pirela,29.0,2TM,NL,-0.1,14.0,24.0,22.0,1.0,4.0,1.0,0.0,1.0,2.0,0.0,0.0,2.0,7.0,0.182,0.25,0.364,0.614,58.0,0.26,47.0,8.0,1.0,0.0,0.0,0.0,0.0,/H79,
José Pirela,29.0,SDP,NL,-0.2,2.0,5.0,5.0,0.0,0.0,0.0,0.0,0.0,0.0,0.0,0.0,0.0,3.0,0.0,0.0,0.0,0.0,-100.0,0.0,-135.0,0.0,1.0,0.0,0.0,0.0,0.0,/7H,
José Pirela,29.0,PHI,NL,0.1,12.0,19.0,17.0,1.0,4.0,1.0,0.0,1.0,2.0,0.0,0.0,2.0,4.0,0.235,0.316,0.471,0.786,100.0,0.328,94.0,8.0,0.0,0.0,0.0,0.0,0.0,/H79,
José Quijada*,23.0,MIA,NL,0.0,31.0,1.0,1.0,0.0,0.0,0.0,0.0,0.0,0.0,0.0,0.0,0.0,1.0,0.0,0.0,0.0,0.0,-100.0,0.0,-133.0,0.0,0.0,0.0,0.0,0.0,0.0,1,
José Ramírez#,26.0,CLE,AL,3.0,129.0,542.0,482.0,68.0,123.0,33.0,3.0,23.0,83.0,24.0,4.0,52.0,74.0,0.255,0.327,0.479,0.806,106.0,0.348,105.0,231.0,8.0,2.0,0.0,6.0,3.0,*5/DH,
José Rondón,25.0,2TM,AL,-0.8,56.0,157.0,143.0,10.0,28.0,3.0,0.0,3.0,9.0,0.0,0.0,11.0,38.0,0.196,0.263,0.28,0.543,46.0,0.256,50.0,40.0,4.0,2.0,1.0,0.0,0.0,465H/D713,
José Rondón,25.0,CHW,AL,-0.8,55.0,156.0,142.0,10.0,28.0,3.0,0.0,3.0,9.0,0.0,0.0,11.0,38.0,0.197,0.265,0.282,0.546,47.0,0.258,51.0,40.0,4.0,2.0,1.0,0.0,0.0,465H/D713,
José Rondón,25.0,BAL,AL,0.0,1.0,1.0,1.0,0.0,0.0,0.0,0.0,0.0,0.0,0.0,0.0,0.0,0.0,0.0,0.0,0.0,0.0,-100.0,0.0,-123.0,0.0,0.0,0.0,0.0,0.0,0.0,/5H,
José Ruiz,24.0,CHW,AL,0.0,3.0,0.0,0.0,0.0,0.0,0.0,0.0,0.0,0.0,0.0,0.0,0.0,0.0,,,,,,,,0.0,0.0,0.0,0.0,0.0,0.0,1,
José Suarez*,21.0,LAA,AL,0.0,1.0,2.0,2.0,0.0,0.0,0.0,0.0,0.0,0.0,0.0,0.0,0.0,1.0,0.0,0.0,0.0,0.0,-100.0,0.0,-132.0,0.0,0.0,0.0,0.0,0.0,0.0,1,
José Ureña,27.0,MIA,NL,-0.1,24.0,22.0,19.0,1.0,0.0,0.0,0.0,0.0,0.0,0.0,0.0,1.0,14.0,0.0,0.05,0.0,0.05,-85.0,0.079,-97.0,0.0,1.0,0.0,2.0,0.0,0.0,1/H,
José Urquidy,24.0,HOU,AL,-0.1,2.0,4.0,4.0,0.0,0.0,0.0,0.0,0.0,0.0,0.0,0.0,0.0,3.0,0.0,0.0,0.0,0.0,-100.0,0.0,-136.0,0.0,0.0,0.0,0.0,0.0,0.0,/1,
José Álvarez*,30.0,PHI,NL,0.0,62.0,0.0,0.0,0.0,0.0,0.0,0.0,0.0,0.0,0.0,0.0,0.0,0.0,,,,,,,,0.0,0.0,0.0,0.0,0.0,0.0,1,
JT Chargois#,28.0,LAD,NL,0.0,19.0,1.0,1.0,0.0,0.0,0.0,0.0,0.0,0.0,0.0,0.0,0.0,1.0,0.0,0.0,0.0,0.0,-100.0,0.0,-142.0,0.0,0.0,0.0,0.0,0.0,0.0,1,
JT Riddle*,27.0,MIA,NL,-0.8,51.0,139.0,132.0,15.0,25.0,6.0,0.0,6.0,12.0,0.0,0.0,5.0,42.0,0.189,0.23,0.371,0.601,56.0,0.251,44.0,49.0,3.0,2.0,0.0,0.0,1.0,8H6,
Juan Centeno*,29.0,BOS,AL,-0.1,7.0,18.0,15.0,0.0,2.0,0.0,0.0,0.0,2.0,1.0,0.0,2.0,2.0,0.133,0.278,0.133,0.411,13.0,0.229,15.0,2.0,0.0,1.0,0.0,0.0,0.0,/2HD,
Juan Graterol,30.0,CIN,NL,-0.2,6.0,18.0,18.0,1.0,4.0,0.0,0.0,0.0,1.0,0.0,0.0,0.0,4.0,0.222,0.222,0.222,0.444,14.0,0.197,-4.0,4.0,0.0,0.0,0.0,0.0,0.0,/2H,
Juan Lagares,30.0,NYM,NL,-0.7,133.0,285.0,258.0,38.0,55.0,12.0,1.0,5.0,27.0,4.0,1.0,22.0,75.0,0.213,0.279,0.326,0.605,62.0,0.265,55.0,84.0,8.0,2.0,2.0,1.0,4.0,*8H,
Juan Minaya,28.0,CHW,AL,0.0,2.0,0.0,0.0,0.0,0.0,0.0,0.0,0.0,0.0,0.0,0.0,0.0,0.0,,,,,,,,0.0,0.0,0.0,0.0,0.0,0.0,1,
Juan Nicasio,32.0,PHI,NL,0.0,45.0,2.0,2.0,0.0,0.0,0.0,0.0,0.0,0.0,0.0,0.0,0.0,1.0,0.0,0.0,0.0,0.0,-100.0,0.0,-142.0,0.0,0.0,0.0,0.0,0.0,0.0,1,
Juan Soto*,20.0,WSN,NL,5.1,150.0,659.0,542.0,110.0,153.0,32.0,5.0,34.0,110.0,12.0,1.0,108.0,132.0,0.282,0.401,0.548,0.949,142.0,0.404,145.0,297.0,11.0,3.0,0.0,6.0,3.0,*7,MVP-9
Julio Teheran,28.0,ATL,NL,-0.3,33.0,60.0,55.0,1.0,6.0,1.0,0.0,0.0,4.0,0.0,0.0,0.0,24.0,0.109,0.107,0.127,0.234,-40.0,0.101,-86.0,7.0,0.0,0.0,4.0,1.0,0.0,1/H,
Julio Urías*,22.0,LAD,NL,0.2,35.0,18.0,12.0,0.0,3.0,0.0,0.0,0.0,2.0,0.0,0.0,1.0,4.0,0.25,0.308,0.25,0.558,51.0,0.258,28.0,3.0,0.0,0.0,5.0,0.0,0.0,1,
Jung Ho Kang,32.0,PIT,NL,-0.3,65.0,185.0,172.0,15.0,29.0,7.0,1.0,10.0,24.0,0.0,0.0,11.0,60.0,0.169,0.222,0.395,0.617,58.0,0.281,64.0,68.0,4.0,1.0,0.0,1.0,0.0,5H6,
Junior Fernández,22.0,STL,NL,0.0,12.0,0.0,0.0,0.0,0.0,0.0,0.0,0.0,0.0,0.0,0.0,0.0,0.0,,,,,,,,0.0,0.0,0.0,0.0,0.0,0.0,1,
Junior Guerra,34.0,MIL,NL,0.0,65.0,3.0,3.0,0.0,1.0,0.0,0.0,0.0,0.0,0.0,0.0,0.0,2.0,0.333,0.333,0.333,0.667,75.0,0.296,72.0,1.0,0.0,0.0,0.0,0.0,0.0,1,
Jurickson Profar#,26.0,OAK,AL,0.0,139.0,518.0,459.0,65.0,100.0,24.0,2.0,20.0,67.0,9.0,1.0,48.0,75.0,0.218,0.301,0.41,0.711,91.0,0.306,88.0,188.0,12.0,8.0,0.0,3.0,2.0,*4H/D73,
Justin Anderson*,26.0,LAA,AL,0.0,5.0,0.0,0.0,0.0,0.0,0.0,0.0,0.0,0.0,0.0,0.0,0.0,0.0,,,,,,,,0.0,0.0,0.0,0.0,0.0,0.0,1,
Justin Bour*,31.0,LAA,AL,-0.6,52.0,170.0,151.0,18.0,26.0,5.0,0.0,8.0,26.0,0.0,0.0,17.0,52.0,0.172,0.259,0.364,0.623,63.0,0.277,63.0,55.0,7.0,1.0,0.0,1.0,0.0,3H/D,
Justin Dunn,23.0,SEA,AL,0.0,1.0,1.0,1.0,0.0,0.0,0.0,0.0,0.0,0.0,0.0,0.0,0.0,1.0,0.0,0.0,0.0,0.0,-100.0,0.0,-115.0,0.0,0.0,0.0,0.0,0.0,0.0,/1,
Justin Miller,32.0,WSN,NL,0.0,17.0,0.0,0.0,0.0,0.0,0.0,0.0,0.0,0.0,0.0,0.0,0.0,0.0,,,,,,,,0.0,0.0,0.0,0.0,0.0,0.0,1,
Justin Shafer,26.0,TOR,AL,0.0,2.0,0.0,0.0,0.0,0.0,0.0,0.0,0.0,0.0,0.0,0.0,0.0,0.0,,,,,,,,0.0,0.0,0.0,0.0,0.0,0.0,1,
Justin Smoak#,32.0,TOR,AL,0.5,121.0,500.0,414.0,54.0,86.0,16.0,0.0,22.0,61.0,0.0,0.0,79.0,106.0,0.208,0.342,0.406,0.748,101.0,0.329,103.0,168.0,11.0,6.0,0.0,1.0,3.0,3D/H,
Justin Turner,34.0,LAD,NL,3.9,135.0,549.0,479.0,80.0,139.0,24.0,0.0,27.0,67.0,2.0,0.0,51.0,88.0,0.29,0.372,0.509,0.881,130.0,0.382,136.0,244.0,11.0,14.0,0.0,5.0,1.0,*5H/D4,
Justin Upton,31.0,LAA,AL,-1.0,63.0,256.0,219.0,34.0,47.0,8.0,0.0,12.0,40.0,1.0,1.0,32.0,78.0,0.215,0.309,0.416,0.724,90.0,0.313,89.0,91.0,5.0,0.0,0.0,5.0,0.0,7/DH,
Justin Verlander,36.0,HOU,AL,-0.1,1.0,2.0,2.0,0.0,0.0,0.0,0.0,0.0,0.0,0.0,0.0,0.0,1.0,0.0,0.0,0.0,0.0,-100.0,0.0,-136.0,0.0,1.0,0.0,0.0,0.0,0.0,1,"AS,CYA-1,MVP-11"
Justin Wilson*,31.0,NYM,NL,0.0,40.0,0.0,0.0,0.0,0.0,0.0,0.0,0.0,0.0,0.0,0.0,0.0,0.0,,,,,,,,0.0,0.0,0.0,0.0,0.0,0.0,1,
Justus Sheffield*,23.0,SEA,AL,0.0,1.0,2.0,2.0,0.0,0.0,0.0,0.0,0.0,0.0,0.0,0.0,0.0,2.0,0.0,0.0,0.0,0.0,-100.0,0.0,-128.0,0.0,0.0,0.0,0.0,0.0,0.0,/1,
Kaleb Cowart#,27.0,LAA,AL,-0.1,9.0,26.0,25.0,1.0,4.0,3.0,0.0,0.0,1.0,1.0,0.0,1.0,7.0,0.16,0.192,0.28,0.472,23.0,0.209,10.0,7.0,2.0,0.0,0.0,0.0,0.0,/54H,
Kean Wong*,24.0,2TM,AL,-0.1,7.0,18.0,18.0,2.0,3.0,0.0,0.0,0.0,0.0,0.0,1.0,0.0,6.0,0.167,0.167,0.167,0.333,-9.0,0.164,7.0,3.0,0.0,0.0,0.0,0.0,0.0,/H49,
Kean Wong*,24.0,TBR,AL,0.0,6.0,14.0,14.0,1.0,3.0,0.0,0.0,0.0,0.0,0.0,1.0,0.0,5.0,0.214,0.214,0.214,0.429,17.0,0.211,47.0,3.0,0.0,0.0,0.0,0.0,0.0,/H49,
Kean Wong*,24.0,LAA,AL,-0.1,1.0,4.0,4.0,1.0,0.0,0.0,0.0,0.0,0.0,0.0,0.0,0.0,1.0,0.0,0.0,0.0,0.0,-100.0,0.0,-132.0,0.0,0.0,0.0,0.0,0.0,0.0,/4H,
Kelvin Gutiérrez,24.0,KCR,AL,0.3,20.0,79.0,73.0,4.0,19.0,2.0,1.0,1.0,11.0,1.0,0.0,5.0,24.0,0.26,0.304,0.356,0.66,73.0,0.288,67.0,26.0,2.0,0.0,0.0,1.0,0.0,5/D,
Kelvin Herrera,29.0,CHW,AL,0.0,3.0,0.0,0.0,0.0,0.0,0.0,0.0,0.0,0.0,0.0,0.0,0.0,0.0,,,,,,,,0.0,0.0,0.0,0.0,0.0,0.0,1,
Ken Giles,28.0,TOR,AL,0.0,4.0,0.0,0.0,0.0,0.0,0.0,0.0,0.0,0.0,0.0,0.0,0.0,0.0,,,,,,,,0.0,0.0,0.0,0.0,0.0,0.0,1,
Kendrys Morales#,36.0,2TM,AL,-0.7,53.0,201.0,170.0,16.0,33.0,2.0,1.0,2.0,12.0,0.0,0.0,26.0,26.0,0.194,0.313,0.253,0.566,57.0,0.27,63.0,43.0,6.0,4.0,0.0,1.0,0.0,3D/H1,
Kendrys Morales#,36.0,OAK,AL,-0.3,34.0,126.0,108.0,9.0,22.0,1.0,1.0,1.0,7.0,0.0,0.0,14.0,20.0,0.204,0.31,0.259,0.569,59.0,0.272,66.0,28.0,3.0,3.0,0.0,1.0,0.0,3/DH1,
Kendrys Morales#,36.0,NYY,AL,-0.4,19.0,75.0,62.0,7.0,11.0,1.0,0.0,1.0,5.0,0.0,0.0,12.0,6.0,0.177,0.32,0.242,0.562,55.0,0.267,58.0,15.0,3.0,1.0,0.0,0.0,0.0,D/3H,
Kenley Jansen#,31.0,LAD,NL,0.0,59.0,1.0,1.0,0.0,0.0,0.0,0.0,0.0,0.0,0.0,0.0,0.0,1.0,0.0,0.0,0.0,0.0,-100.0,0.0,-142.0,0.0,0.0,0.0,0.0,0.0,0.0,1,
Kenta Maeda,31.0,LAD,NL,0.5,38.0,61.0,48.0,3.0,12.0,2.0,0.0,0.0,6.0,0.0,0.0,0.0,13.0,0.25,0.25,0.292,0.542,43.0,0.267,42.0,14.0,0.0,0.0,13.0,0.0,0.0,1/H,
Keon Broxton,29.0,3TM,2LG,-0.6,100.0,228.0,204.0,24.0,34.0,4.0,0.0,6.0,16.0,10.0,6.0,20.0,104.0,0.167,0.242,0.275,0.517,39.0,0.228,33.0,56.0,5.0,1.0,1.0,2.0,0.0,87H/9D,
Keon Broxton,29.0,2TM,AL,-0.1,66.0,175.0,155.0,19.0,27.0,3.0,0.0,6.0,14.0,6.0,5.0,16.0,82.0,0.174,0.253,0.31,0.563,50.0,0.243,46.0,48.0,4.0,1.0,1.0,2.0,0.0,8/H7D9,
Keon Broxton,29.0,NYM,NL,-0.5,34.0,53.0,49.0,5.0,7.0,1.0,0.0,0.0,2.0,4.0,1.0,4.0,22.0,0.143,0.208,0.163,0.371,2.0,0.181,-9.0,8.0,1.0,0.0,0.0,0.0,0.0,7H/89,
Keon Broxton,29.0,BAL,AL,0.1,37.0,112.0,103.0,14.0,21.0,3.0,0.0,4.0,9.0,4.0,1.0,8.0,49.0,0.204,0.261,0.35,0.611,60.0,0.264,51.0,36.0,4.0,0.0,1.0,0.0,0.0,8/H,
Keon Broxton,29.0,SEA,AL,-0.2,29.0,63.0,52.0,5.0,6.0,0.0,0.0,2.0,5.0,2.0,4.0,8.0,33.0,0.115,0.238,0.231,0.469,29.0,0.205,36.0,12.0,0.0,1.0,0.0,2.0,0.0,8/H7D9,
Keone Kela,26.0,PIT,NL,0.0,29.0,0.0,0.0,0.0,0.0,0.0,0.0,0.0,0.0,0.0,0.0,0.0,0.0,,,,,,,,0.0,0.0,0.0,0.0,0.0,0.0,1,
Keston Hiura,22.0,MIL,NL,1.8,84.0,348.0,314.0,51.0,95.0,23.0,2.0,19.0,49.0,9.0,3.0,25.0,107.0,0.303,0.368,0.57,0.938,138.0,0.391,138.0,179.0,6.0,8.0,0.0,1.0,1.0,4/H,
Ketel Marte#,25.0,ARI,NL,6.9,144.0,628.0,569.0,97.0,187.0,36.0,9.0,32.0,92.0,10.0,2.0,53.0,86.0,0.329,0.389,0.592,0.981,149.0,0.413,154.0,337.0,7.0,4.0,0.0,2.0,2.0,846/H,"AS,MVP-4"
Keury Mella,25.0,CIN,NL,0.0,2.0,1.0,1.0,0.0,0.0,0.0,0.0,0.0,0.0,0.0,0.0,0.0,1.0,0.0,0.0,0.0,0.0,-100.0,0.0,-150.0,0.0,0.0,0.0,0.0,0.0,0.0,/1,
Kevan Smith,31.0,LAA,AL,0.4,67.0,211.0,191.0,21.0,48.0,12.0,0.0,5.0,20.0,2.0,0.0,16.0,37.0,0.251,0.318,0.393,0.71,87.0,0.313,87.0,75.0,8.0,3.0,0.0,1.0,0.0,2/DH,
Kevin Cron,26.0,ARI,NL,0.1,39.0,78.0,71.0,12.0,15.0,4.0,0.0,6.0,16.0,0.0,1.0,4.0,28.0,0.211,0.269,0.521,0.79,98.0,0.328,99.0,37.0,2.0,2.0,0.0,1.0,0.0,H3/D5,
Kevin Gausman*,28.0,2TM,NL,-0.3,30.0,27.0,27.0,1.0,1.0,0.0,0.0,0.0,0.0,0.0,0.0,0.0,18.0,0.037,0.037,0.037,0.074,-81.0,0.033,-122.0,1.0,1.0,0.0,0.0,0.0,0.0,1,
Kevin Gausman*,28.0,ATL,NL,-0.3,16.0,27.0,27.0,1.0,1.0,0.0,0.0,0.0,0.0,0.0,0.0,0.0,18.0,0.037,0.037,0.037,0.074,-81.0,0.033,-122.0,1.0,1.0,0.0,0.0,0.0,0.0,1,
Kevin Gausman*,28.0,CIN,NL,0.0,14.0,0.0,0.0,0.0,0.0,0.0,0.0,0.0,0.0,0.0,0.0,0.0,0.0,,,,,,,,0.0,0.0,0.0,0.0,0.0,0.0,1,
Kevin Ginkel*,25.0,ARI,NL,0.0,25.0,0.0,0.0,0.0,0.0,0.0,0.0,0.0,0.0,0.0,0.0,0.0,0.0,,,,,,,,0.0,0.0,0.0,0.0,0.0,0.0,1,
Kevin Kiermaier*,29.0,TBR,AL,2.3,129.0,480.0,447.0,60.0,102.0,20.0,7.0,14.0,55.0,19.0,5.0,26.0,104.0,0.228,0.278,0.398,0.676,79.0,0.292,75.0,178.0,8.0,5.0,1.0,1.0,2.0,*8/HD,GG
Kevin Kramer*,25.0,PIT,NL,-0.4,22.0,50.0,42.0,5.0,7.0,1.0,0.0,0.0,5.0,0.0,1.0,6.0,17.0,0.167,0.26,0.19,0.45,23.0,0.22,28.0,8.0,0.0,0.0,0.0,2.0,0.0,/H794,
Kevin McCarthy,27.0,KCR,AL,0.0,4.0,0.0,0.0,0.0,0.0,0.0,0.0,0.0,0.0,0.0,0.0,0.0,0.0,,,,,,,,0.0,0.0,0.0,0.0,0.0,0.0,1,
Kevin Newman,25.0,PIT,NL,3.0,130.0,531.0,493.0,61.0,152.0,20.0,6.0,12.0,64.0,16.0,8.0,28.0,62.0,0.308,0.353,0.446,0.8,110.0,0.357,119.0,220.0,5.0,7.0,2.0,1.0,2.0,64H/57,
Kevin Pillar,30.0,2TM,2LG,0.3,161.0,645.0,611.0,83.0,158.0,37.0,3.0,21.0,88.0,14.0,5.0,18.0,89.0,0.259,0.287,0.432,0.719,88.0,0.311,87.0,264.0,15.0,9.0,0.0,7.0,4.0,*89/HD,MVP-22
Kevin Pillar,30.0,TOR,AL,-0.4,5.0,17.0,16.0,1.0,1.0,0.0,0.0,0.0,1.0,0.0,0.0,0.0,3.0,0.063,0.059,0.063,0.121,-67.0,0.052,-92.0,1.0,0.0,0.0,0.0,1.0,0.0,/8DH,
Kevin Pillar,30.0,SFG,NL,0.6,156.0,628.0,595.0,82.0,157.0,37.0,3.0,21.0,87.0,14.0,5.0,18.0,86.0,0.264,0.293,0.442,0.735,92.0,0.318,92.0,263.0,15.0,9.0,0.0,6.0,4.0,*89/H,
Kevin Plawecki,28.0,CLE,AL,-0.1,59.0,174.0,158.0,13.0,35.0,10.0,0.0,3.0,17.0,0.0,1.0,12.0,31.0,0.222,0.287,0.342,0.629,64.0,0.281,64.0,54.0,4.0,3.0,0.0,1.0,0.0,2/H13D,
Khris Davis,31.0,OAK,AL,-0.2,133.0,533.0,481.0,61.0,106.0,11.0,0.0,23.0,73.0,0.0,0.0,47.0,146.0,0.22,0.293,0.387,0.679,83.0,0.299,85.0,186.0,11.0,3.0,0.0,2.0,3.0,*D/H7,
Kiké Hernández,27.0,LAD,NL,1.9,130.0,460.0,414.0,57.0,98.0,19.0,1.0,17.0,64.0,4.0,0.0,36.0,97.0,0.237,0.304,0.411,0.715,87.0,0.309,83.0,170.0,9.0,6.0,0.0,4.0,3.0,4H8967/35,
Kirby Yates*,32.0,SDP,NL,0.0,59.0,0.0,0.0,0.0,0.0,0.0,0.0,0.0,0.0,0.0,0.0,0.0,0.0,,,,,,,,0.0,0.0,0.0,0.0,0.0,0.0,1,"AS,CYA-9"
Kolby Allard*,21.0,TEX,AL,0.0,1.0,2.0,2.0,0.0,0.0,0.0,0.0,0.0,0.0,0.0,0.0,0.0,0.0,0.0,0.0,0.0,0.0,-100.0,0.0,-144.0,0.0,0.0,0.0,0.0,0.0,0.0,/1,
Kole Calhoun*,31.0,LAA,AL,1.8,152.0,632.0,552.0,92.0,128.0,29.0,1.0,33.0,74.0,4.0,1.0,70.0,162.0,0.232,0.325,0.467,0.792,107.0,0.339,106.0,258.0,14.0,7.0,0.0,2.0,7.0,*9/H8,
Kolten Wong*,28.0,STL,NL,5.4,148.0,549.0,478.0,61.0,136.0,25.0,4.0,11.0,59.0,24.0,4.0,47.0,83.0,0.285,0.361,0.423,0.784,108.0,0.354,113.0,202.0,2.0,13.0,6.0,5.0,5.0,*4/H,"MVP-20,GG"
Kris Bryant,27.0,CHC,NL,4.4,147.0,634.0,543.0,108.0,153.0,35.0,1.0,31.0,77.0,4.0,0.0,74.0,145.0,0.282,0.382,0.521,0.903,132.0,0.389,138.0,283.0,10.0,15.0,0.0,2.0,1.0,*597/3DH,AS
Kristopher Negrón,33.0,2TM,2LG,0.1,40.0,82.0,77.0,12.0,19.0,1.0,0.0,2.0,8.0,1.0,1.0,5.0,26.0,0.247,0.293,0.338,0.63,68.0,0.276,65.0,26.0,1.0,0.0,0.0,0.0,1.0,H9/87564,
Kristopher Negrón,33.0,SEA,AL,0.1,10.0,25.0,23.0,3.0,5.0,0.0,0.0,0.0,1.0,1.0,0.0,2.0,9.0,0.217,0.28,0.217,0.497,40.0,0.238,36.0,5.0,0.0,0.0,0.0,0.0,0.0,/97H58,
Kristopher Negrón,33.0,LAD,NL,0.0,30.0,57.0,54.0,9.0,14.0,1.0,0.0,2.0,7.0,0.0,1.0,3.0,17.0,0.259,0.298,0.389,0.687,80.0,0.292,79.0,21.0,1.0,0.0,0.0,0.0,1.0,H/896457,
Kurt Suzuki,35.0,WSN,NL,0.5,85.0,309.0,280.0,37.0,74.0,11.0,0.0,17.0,63.0,0.0,1.0,20.0,36.0,0.264,0.324,0.486,0.809,105.0,0.343,105.0,136.0,10.0,6.0,0.0,3.0,1.0,2H,
Kyle Barraclough,29.0,2TM,NL,0.0,41.0,0.0,0.0,0.0,0.0,0.0,0.0,0.0,0.0,0.0,0.0,0.0,0.0,,,,,,,,0.0,0.0,0.0,0.0,0.0,0.0,1,
Kyle Barraclough,29.0,WSN,NL,0.0,32.0,0.0,0.0,0.0,0.0,0.0,0.0,0.0,0.0,0.0,0.0,0.0,0.0,,,,,,,,0.0,0.0,0.0,0.0,0.0,0.0,1,
Kyle Barraclough,29.0,SFG,NL,0.0,9.0,0.0,0.0,0.0,0.0,0.0,0.0,0.0,0.0,0.0,0.0,0.0,0.0,,,,,,,,0.0,0.0,0.0,0.0,0.0,0.0,1,
Kyle Bird*,26.0,TEX,AL,0.0,1.0,0.0,0.0,0.0,0.0,0.0,0.0,0.0,0.0,0.0,0.0,0.0,0.0,,,,,,,,0.0,0.0,0.0,0.0,0.0,0.0,1,
Kyle Crick*,26.0,PIT,NL,0.0,48.0,0.0,0.0,0.0,0.0,0.0,0.0,0.0,0.0,0.0,0.0,0.0,0.0,,,,,,,,0.0,0.0,0.0,0.0,0.0,0.0,1,
Kyle Dowdy,26.0,TEX,AL,0.0,1.0,0.0,0.0,0.0,0.0,0.0,0.0,0.0,0.0,0.0,0.0,0.0,0.0,,,,,,,,0.0,0.0,0.0,0.0,0.0,0.0,1,
Kyle Farmer,28.0,CIN,NL,0.1,97.0,197.0,183.0,22.0,42.0,6.0,0.0,9.0,27.0,4.0,1.0,10.0,59.0,0.23,0.279,0.41,0.689,72.0,0.301,68.0,75.0,1.0,3.0,0.0,1.0,1.0,4H325/16D,
Kyle Freeland*,26.0,COL,NL,-0.1,19.0,31.0,23.0,1.0,2.0,0.0,0.0,0.0,0.0,0.0,0.0,3.0,15.0,0.087,0.192,0.087,0.279,-27.0,0.145,-79.0,2.0,1.0,0.0,5.0,0.0,0.0,1,
Kyle Garlick,27.0,LAD,NL,0.1,30.0,53.0,48.0,8.0,12.0,4.0,0.0,3.0,6.0,0.0,0.0,5.0,19.0,0.25,0.321,0.521,0.842,117.0,0.343,109.0,25.0,0.0,0.0,0.0,0.0,1.0,H7/9,
Kyle Gibson,31.0,MIN,AL,0.1,2.0,4.0,1.0,0.0,0.0,0.0,0.0,0.0,0.0,0.0,0.0,1.0,1.0,0.0,0.5,0.0,0.5,55.0,0.348,128.0,0.0,0.0,0.0,2.0,0.0,0.0,1,
Kyle Hendricks,29.0,CHC,NL,0.2,29.0,64.0,54.0,1.0,8.0,1.0,0.0,0.0,5.0,0.0,0.0,2.0,29.0,0.148,0.193,0.167,0.36,-4.0,0.183,-22.0,9.0,1.0,1.0,7.0,0.0,0.0,1/H,
Kyle Higashioka,29.0,NYY,AL,0.0,18.0,57.0,56.0,8.0,12.0,5.0,0.0,3.0,11.0,0.0,0.0,0.0,26.0,0.214,0.211,0.464,0.675,72.0,0.268,59.0,26.0,1.0,0.0,0.0,1.0,0.0,2,
Kyle Keller,26.0,MIA,NL,0.0,9.0,0.0,0.0,0.0,0.0,0.0,0.0,0.0,0.0,0.0,0.0,0.0,0.0,,,,,,,,0.0,0.0,0.0,0.0,0.0,0.0,1,
Kyle Lewis,23.0,SEA,AL,0.5,18.0,75.0,71.0,10.0,19.0,5.0,0.0,6.0,13.0,0.0,0.0,3.0,29.0,0.268,0.293,0.592,0.885,131.0,0.356,125.0,42.0,0.0,0.0,0.0,1.0,0.0,9/8H,
Kyle McGowin,27.0,WSN,NL,0.0,7.0,3.0,3.0,1.0,1.0,0.0,0.0,0.0,0.0,0.0,0.0,0.0,0.0,0.333,0.333,0.333,0.667,74.0,0.296,69.0,1.0,0.0,0.0,0.0,0.0,0.0,/1,
Kyle Ryan*,27.0,CHC,NL,0.0,71.0,3.0,2.0,0.0,0.0,0.0,0.0,0.0,0.0,0.0,0.0,1.0,1.0,0.0,0.333,0.0,0.333,1.0,0.231,25.0,0.0,0.0,0.0,0.0,0.0,0.0,1,
Kyle Schwarber*,26.0,CHC,NL,2.1,155.0,610.0,529.0,82.0,132.0,29.0,3.0,38.0,92.0,2.0,3.0,70.0,156.0,0.25,0.339,0.531,0.871,122.0,0.362,121.0,281.0,6.0,5.0,0.0,6.0,5.0,*7H/D2,
Kyle Seager*,31.0,SEA,AL,2.9,106.0,443.0,393.0,55.0,94.0,19.0,1.0,23.0,63.0,2.0,2.0,44.0,86.0,0.239,0.321,0.468,0.789,111.0,0.334,110.0,184.0,12.0,4.0,0.0,2.0,0.0,5/HD,
Kyle Tucker*,22.0,HOU,AL,0.8,22.0,72.0,67.0,15.0,18.0,6.0,0.0,4.0,11.0,5.0,0.0,4.0,20.0,0.269,0.319,0.537,0.857,118.0,0.364,111.0,36.0,1.0,1.0,0.0,0.0,1.0,79/H3D,
Kyle Wright,23.0,ATL,NL,-0.1,7.0,6.0,6.0,0.0,0.0,0.0,0.0,0.0,0.0,0.0,0.0,0.0,4.0,0.0,0.0,0.0,0.0,-100.0,0.0,-147.0,0.0,0.0,0.0,0.0,0.0,0.0,/1,
Kyle Zimmer,27.0,KCR,AL,0.0,1.0,0.0,0.0,0.0,0.0,0.0,0.0,0.0,0.0,0.0,0.0,0.0,0.0,,,,,,,,0.0,0.0,0.0,0.0,0.0,0.0,1,
LaMonte Wade Jr.*,25.0,MIN,AL,0.0,26.0,69.0,56.0,10.0,11.0,2.0,1.0,2.0,5.0,0.0,1.0,11.0,9.0,0.196,0.348,0.375,0.723,94.0,0.312,94.0,21.0,0.0,2.0,0.0,0.0,0.0,8/7H93D,
Lance Lynn#,32.0,TEX,AL,0.0,1.0,2.0,2.0,0.0,0.0,0.0,0.0,0.0,0.0,0.0,0.0,0.0,2.0,0.0,0.0,0.0,0.0,-100.0,0.0,-144.0,0.0,0.0,0.0,0.0,0.0,0.0,1,CYA-5
Lane Thomas,23.0,STL,NL,0.5,34.0,44.0,38.0,6.0,12.0,0.0,1.0,4.0,12.0,1.0,1.0,4.0,8.0,0.316,0.409,0.684,1.093,182.0,0.437,182.0,26.0,1.0,2.0,0.0,0.0,0.0,8H/97,
Leonys Martín*,31.0,CLE,AL,-0.2,65.0,264.0,236.0,32.0,47.0,7.0,0.0,9.0,19.0,4.0,5.0,21.0,78.0,0.199,0.276,0.343,0.619,61.0,0.269,58.0,81.0,1.0,4.0,3.0,0.0,0.0,8,
Leury García#,28.0,CHW,AL,1.2,140.0,618.0,577.0,93.0,161.0,27.0,3.0,8.0,40.0,15.0,5.0,21.0,139.0,0.279,0.31,0.378,0.688,83.0,0.311,88.0,218.0,6.0,6.0,11.0,3.0,0.0,*8976/H45D,
Lewis Brinson,25.0,MIA,NL,-2.2,75.0,248.0,226.0,15.0,39.0,9.0,1.0,0.0,15.0,1.0,1.0,13.0,74.0,0.173,0.236,0.221,0.457,23.0,0.212,15.0,50.0,8.0,6.0,2.0,1.0,1.0,89/H,
Liam Hendriks,30.0,OAK,AL,0.0,5.0,0.0,0.0,0.0,0.0,0.0,0.0,0.0,0.0,0.0,0.0,0.0,0.0,,,,,,,,0.0,0.0,0.0,0.0,0.0,0.0,1,AS
Logan Allen,22.0,SDP,NL,0.1,7.0,5.0,4.0,1.0,1.0,0.0,0.0,0.0,0.0,0.0,0.0,0.0,0.0,0.25,0.4,0.25,0.65,82.0,0.322,97.0,1.0,0.0,1.0,0.0,0.0,0.0,/1,
Logan Forsythe,32.0,TEX,AL,-0.4,101.0,367.0,317.0,38.0,72.0,17.0,1.0,7.0,39.0,2.0,0.0,44.0,100.0,0.227,0.325,0.353,0.678,73.0,0.31,76.0,112.0,8.0,3.0,0.0,2.0,0.0,356H/4,
Logan Morrison*,31.0,PHI,NL,-0.1,29.0,38.0,35.0,5.0,7.0,1.0,0.0,2.0,3.0,0.0,0.0,3.0,10.0,0.2,0.263,0.4,0.663,69.0,0.306,78.0,14.0,1.0,0.0,0.0,0.0,0.0,H/3D,
Logan Webb,22.0,SFG,NL,0.0,7.0,11.0,9.0,0.0,1.0,0.0,0.0,0.0,0.0,0.0,0.0,1.0,2.0,0.111,0.2,0.111,0.311,-13.0,0.158,-34.0,1.0,1.0,0.0,1.0,0.0,0.0,/1H,
Lorenzo Cain,33.0,MIL,NL,2.6,148.0,623.0,562.0,75.0,146.0,30.0,0.0,11.0,48.0,18.0,8.0,50.0,106.0,0.26,0.325,0.372,0.697,81.0,0.313,83.0,209.0,14.0,6.0,0.0,4.0,0.0,*8/H,GG
Lou Trivino,27.0,OAK,AL,0.0,4.0,0.0,0.0,0.0,0.0,0.0,0.0,0.0,0.0,0.0,0.0,0.0,0.0,,,,,,,,0.0,0.0,0.0,0.0,0.0,0.0,1,
Lourdes Gurriel Jr.,25.0,TOR,AL,1.8,84.0,343.0,314.0,52.0,87.0,19.0,2.0,20.0,50.0,6.0,4.0,20.0,86.0,0.277,0.327,0.541,0.869,127.0,0.358,124.0,170.0,4.0,5.0,1.0,3.0,0.0,7/4D3H,
Lucas Duda*,33.0,KCR,AL,-0.9,39.0,119.0,105.0,7.0,18.0,4.0,0.0,4.0,15.0,0.0,0.0,11.0,32.0,0.171,0.252,0.324,0.576,50.0,0.253,44.0,34.0,3.0,1.0,0.0,2.0,1.0,3D/H,
Lucas Giolito,24.0,CHW,AL,0.0,2.0,4.0,4.0,0.0,1.0,0.0,0.0,0.0,2.0,0.0,0.0,0.0,3.0,0.25,0.25,0.25,0.5,35.0,0.222,26.0,1.0,0.0,0.0,0.0,0.0,0.0,1,"AS,CYA-6"
Lucas Sims,25.0,CIN,NL,0.0,23.0,8.0,8.0,0.0,1.0,0.0,0.0,0.0,0.0,0.0,0.0,0.0,5.0,0.125,0.125,0.125,0.25,-36.0,0.099,-75.0,1.0,0.0,0.0,0.0,0.0,0.0,1,
Luis Arráez*,22.0,MIN,AL,1.6,92.0,366.0,326.0,54.0,109.0,20.0,1.0,4.0,28.0,2.0,2.0,36.0,29.0,0.334,0.399,0.439,0.838,124.0,0.359,123.0,143.0,2.0,1.0,0.0,3.0,1.0,475/6HD,ROY-6
Luis Avilán*,29.0,NYM,NL,0.0,43.0,0.0,0.0,0.0,0.0,0.0,0.0,0.0,0.0,0.0,0.0,0.0,0.0,,,,,,,,0.0,0.0,0.0,0.0,0.0,0.0,1,
Luis Castillo,26.0,CIN,NL,-0.4,31.0,66.0,62.0,3.0,6.0,1.0,0.0,0.0,0.0,0.0,0.0,0.0,32.0,0.097,0.097,0.113,0.21,-47.0,0.09,-93.0,7.0,1.0,0.0,4.0,0.0,0.0,1,AS
Luis Cessa,27.0,NYY,AL,0.0,2.0,1.0,1.0,0.0,0.0,0.0,0.0,0.0,0.0,0.0,0.0,0.0,1.0,0.0,0.0,0.0,0.0,-100.0,0.0,-123.0,0.0,0.0,0.0,0.0,0.0,0.0,1,
Luis Escobar,23.0,PIT,NL,0.0,4.0,2.0,2.0,0.0,0.0,0.0,0.0,0.0,0.0,0.0,0.0,0.0,1.0,0.0,0.0,0.0,0.0,-100.0,0.0,-138.0,0.0,0.0,0.0,0.0,0.0,0.0,/1,
Luis García,32.0,LAA,AL,0.0,5.0,0.0,0.0,0.0,0.0,0.0,0.0,0.0,0.0,0.0,0.0,0.0,0.0,,,,,,,,0.0,0.0,0.0,0.0,0.0,0.0,1,
Luis Guillorme*,24.0,NYM,NL,0.4,45.0,70.0,61.0,8.0,15.0,4.0,0.0,1.0,3.0,0.0,0.0,7.0,14.0,0.246,0.324,0.361,0.684,84.0,0.302,84.0,22.0,2.0,0.0,2.0,0.0,0.0,H/465D,
Luis Perdomo,26.0,SDP,NL,0.0,44.0,7.0,7.0,0.0,1.0,0.0,0.0,0.0,1.0,0.0,0.0,0.0,2.0,0.143,0.143,0.143,0.286,-23.0,0.114,-52.0,1.0,0.0,0.0,0.0,0.0,0.0,1,
Luis Rengifo#,22.0,LAA,AL,1.0,108.0,406.0,357.0,44.0,85.0,18.0,3.0,7.0,33.0,2.0,5.0,40.0,93.0,0.238,0.321,0.364,0.685,82.0,0.307,88.0,130.0,6.0,5.0,1.0,3.0,0.0,46/H,
Luis Torrens,23.0,SDP,NL,0.0,7.0,16.0,14.0,2.0,3.0,1.0,0.0,0.0,0.0,0.0,0.0,2.0,6.0,0.214,0.313,0.286,0.598,63.0,0.274,63.0,4.0,1.0,0.0,0.0,0.0,0.0,/2H,
Luis Urías,22.0,SDP,NL,0.4,71.0,249.0,215.0,27.0,48.0,8.0,1.0,4.0,24.0,0.0,1.0,25.0,56.0,0.223,0.329,0.326,0.655,77.0,0.306,87.0,70.0,8.0,9.0,0.0,0.0,0.0,64/H5,
Luke Bard,28.0,LAA,AL,0.0,2.0,0.0,0.0,0.0,0.0,0.0,0.0,0.0,0.0,0.0,0.0,0.0,0.0,,,,,,,,0.0,0.0,0.0,0.0,0.0,0.0,1,
Luke Gregerson*,35.0,STL,NL,0.0,6.0,0.0,0.0,0.0,0.0,0.0,0.0,0.0,0.0,0.0,0.0,0.0,0.0,,,,,,,,0.0,0.0,0.0,0.0,0.0,0.0,/1,
Luke Jackson,27.0,ATL,NL,0.0,66.0,0.0,0.0,0.0,0.0,0.0,0.0,0.0,0.0,0.0,0.0,0.0,0.0,,,,,,,,0.0,0.0,0.0,0.0,0.0,0.0,1,
Luke Maile,28.0,TOR,AL,-0.5,44.0,129.0,119.0,9.0,18.0,2.0,1.0,2.0,9.0,1.0,0.0,8.0,33.0,0.151,0.205,0.235,0.44,18.0,0.203,12.0,28.0,1.0,0.0,2.0,0.0,0.0,2/1,
Luke Voit,28.0,NYY,AL,1.4,118.0,510.0,429.0,72.0,113.0,21.0,1.0,21.0,62.0,0.0,0.0,71.0,142.0,0.263,0.378,0.464,0.842,124.0,0.364,126.0,199.0,12.0,9.0,0.0,1.0,2.0,3D/H,
Luke Weaver,25.0,ARI,NL,0.0,13.0,21.0,19.0,2.0,2.0,0.0,0.0,1.0,4.0,0.0,0.0,0.0,11.0,0.105,0.1,0.263,0.363,-11.0,0.142,-46.0,5.0,0.0,0.0,1.0,1.0,0.0,1/H,
Mac Williamson,28.0,2TM,2LG,-0.4,40.0,144.0,128.0,13.0,20.0,1.0,0.0,4.0,17.0,2.0,1.0,14.0,44.0,0.156,0.25,0.258,0.508,38.0,0.236,39.0,33.0,3.0,2.0,0.0,0.0,0.0,7/H9D,
Mac Williamson,28.0,SFG,NL,-0.5,15.0,57.0,51.0,3.0,6.0,1.0,0.0,1.0,7.0,2.0,0.0,5.0,18.0,0.118,0.211,0.196,0.407,10.0,0.199,2.0,10.0,2.0,1.0,0.0,0.0,0.0,7/9H,
Mac Williamson,28.0,SEA,AL,0.1,25.0,87.0,77.0,10.0,14.0,0.0,0.0,3.0,10.0,0.0,1.0,9.0,26.0,0.182,0.276,0.299,0.575,57.0,0.26,62.0,23.0,1.0,1.0,0.0,0.0,0.0,7/H9D,
Madison Bumgarner,29.0,SFG,NL,0.3,35.0,76.0,63.0,4.0,8.0,0.0,0.0,2.0,4.0,0.0,0.0,9.0,40.0,0.127,0.236,0.222,0.458,24.0,0.213,13.0,14.0,0.0,0.0,4.0,0.0,0.0,1/H,
Magneuris Sierra*,23.0,MIA,NL,0.1,15.0,42.0,40.0,5.0,14.0,1.0,1.0,0.0,1.0,3.0,3.0,2.0,7.0,0.35,0.381,0.425,0.806,114.0,0.324,110.0,17.0,0.0,0.0,0.0,0.0,0.0,/89H,
Maikel Franco,26.0,PHI,NL,-0.3,123.0,428.0,389.0,48.0,91.0,17.0,0.0,17.0,56.0,0.0,0.0,36.0,61.0,0.234,0.297,0.409,0.705,81.0,0.297,70.0,159.0,14.0,0.0,0.0,3.0,19.0,*5H/3,
Mallex Smith*,26.0,SEA,AL,0.0,134.0,566.0,510.0,70.0,116.0,19.0,9.0,6.0,37.0,46.0,9.0,42.0,141.0,0.227,0.3,0.335,0.635,73.0,0.298,77.0,171.0,7.0,11.0,2.0,1.0,0.0,*89/7HD,
Manny Bañuelos,28.0,CHW,AL,0.0,1.0,0.0,0.0,0.0,0.0,0.0,0.0,0.0,0.0,0.0,0.0,0.0,0.0,,,,,,,,0.0,0.0,0.0,0.0,0.0,0.0,1,
Manny Machado,26.0,SDP,NL,2.5,156.0,661.0,587.0,81.0,150.0,21.0,2.0,32.0,85.0,5.0,3.0,65.0,128.0,0.256,0.334,0.462,0.796,110.0,0.341,111.0,271.0,24.0,6.0,0.0,3.0,3.0,*56/H,
Manny Piña,32.0,MIL,NL,0.8,76.0,179.0,158.0,10.0,36.0,8.0,0.0,7.0,25.0,0.0,0.0,16.0,50.0,0.228,0.313,0.411,0.724,86.0,0.309,80.0,65.0,1.0,4.0,0.0,1.0,1.0,2H/5,
Manuel Margot,24.0,SDP,NL,1.8,151.0,441.0,398.0,59.0,93.0,19.0,3.0,12.0,37.0,20.0,4.0,38.0,88.0,0.234,0.304,0.387,0.691,83.0,0.314,87.0,154.0,6.0,2.0,3.0,0.0,1.0,*8H,
Marcell Ozuna,28.0,STL,NL,2.2,130.0,549.0,485.0,80.0,117.0,23.0,1.0,29.0,89.0,12.0,2.0,62.0,114.0,0.241,0.328,0.472,0.8,109.0,0.347,110.0,229.0,21.0,1.0,0.0,1.0,2.0,*7/H,
Marco Gonzales*,27.0,SEA,AL,0.1,2.0,6.0,5.0,1.0,1.0,1.0,0.0,0.0,0.0,0.0,0.0,0.0,4.0,0.2,0.2,0.4,0.6,57.0,0.42,184.0,2.0,0.0,0.0,1.0,0.0,0.0,1,
Marco Hernández*,26.0,BOS,AL,-0.1,61.0,155.0,148.0,18.0,37.0,7.0,0.0,2.0,11.0,1.0,2.0,3.0,42.0,0.25,0.279,0.338,0.617,59.0,0.281,64.0,50.0,1.0,3.0,1.0,0.0,0.0,4H/D6,
Marcus Semien,28.0,OAK,AL,8.4,162.0,747.0,657.0,123.0,187.0,43.0,7.0,33.0,92.0,10.0,8.0,87.0,102.0,0.285,0.369,0.522,0.892,139.0,0.384,147.0,343.0,11.0,2.0,0.0,1.0,2.0,*6,MVP-3
Marcus Stroman,28.0,2TM,2LG,-0.2,12.0,25.0,23.0,2.0,1.0,0.0,0.0,0.0,0.0,0.0,0.0,0.0,13.0,0.043,0.043,0.043,0.087,-76.0,0.035,-125.0,1.0,1.0,0.0,2.0,0.0,0.0,1,AS
Marcus Stroman,28.0,TOR,AL,0.0,1.0,2.0,2.0,0.0,0.0,0.0,0.0,0.0,0.0,0.0,0.0,0.0,2.0,0.0,0.0,0.0,0.0,-100.0,0.0,-128.0,0.0,0.0,0.0,0.0,0.0,0.0,1,
Marcus Stroman,28.0,NYM,NL,-0.2,11.0,23.0,21.0,2.0,1.0,0.0,0.0,0.0,0.0,0.0,0.0,0.0,11.0,0.048,0.048,0.048,0.095,-74.0,0.038,-125.0,1.0,1.0,0.0,2.0,0.0,0.0,1,
Marcus Walden,30.0,BOS,AL,0.0,5.0,1.0,1.0,0.0,0.0,0.0,0.0,0.0,0.0,0.0,0.0,0.0,1.0,0.0,0.0,0.0,0.0,-100.0,0.0,-131.0,0.0,0.0,0.0,0.0,0.0,0.0,1,
Mark Canha,30.0,OAK,AL,4.3,126.0,497.0,410.0,80.0,112.0,16.0,3.0,26.0,58.0,3.0,2.0,67.0,107.0,0.273,0.396,0.517,0.913,146.0,0.394,152.0,212.0,10.0,18.0,0.0,2.0,1.0,89D3H7,
Mark Melancon,34.0,2TM,NL,0.0,62.0,0.0,0.0,0.0,0.0,0.0,0.0,0.0,0.0,0.0,0.0,0.0,0.0,,,,,,,,0.0,0.0,0.0,0.0,0.0,0.0,1,
Mark Melancon,34.0,SFG,NL,0.0,41.0,0.0,0.0,0.0,0.0,0.0,0.0,0.0,0.0,0.0,0.0,0.0,0.0,,,,,,,,0.0,0.0,0.0,0.0,0.0,0.0,1,
Mark Melancon,34.0,ATL,NL,0.0,21.0,0.0,0.0,0.0,0.0,0.0,0.0,0.0,0.0,0.0,0.0,0.0,0.0,,,,,,,,0.0,0.0,0.0,0.0,0.0,0.0,1,
Mark Reynolds,35.0,COL,NL,-1.1,78.0,162.0,135.0,13.0,23.0,7.0,0.0,4.0,20.0,2.0,0.0,22.0,57.0,0.17,0.29,0.311,0.601,48.0,0.272,39.0,42.0,3.0,2.0,0.0,3.0,0.0,H3/1D,
Mark Trumbo,33.0,BAL,AL,-0.3,12.0,31.0,29.0,1.0,5.0,3.0,0.0,0.0,3.0,0.0,0.0,2.0,5.0,0.172,0.226,0.276,0.502,33.0,0.219,23.0,8.0,2.0,0.0,0.0,0.0,0.0,/DH,
Mark Zagunis,26.0,CHC,NL,-0.1,30.0,40.0,36.0,2.0,9.0,3.0,0.0,0.0,5.0,0.0,0.0,4.0,16.0,0.25,0.325,0.333,0.658,73.0,0.309,81.0,12.0,1.0,0.0,0.0,0.0,0.0,H/97,
Martín Maldonado,32.0,3TM,2LG,1.2,105.0,374.0,333.0,46.0,71.0,19.0,0.0,12.0,27.0,0.0,0.0,32.0,86.0,0.213,0.293,0.378,0.671,75.0,0.3,77.0,126.0,11.0,6.0,2.0,1.0,1.0,2/H3,
Martín Maldonado,32.0,2TM,AL,1.6,101.0,361.0,322.0,46.0,71.0,19.0,0.0,12.0,27.0,0.0,0.0,30.0,81.0,0.22,0.298,0.391,0.689,79.0,0.308,83.0,126.0,11.0,6.0,2.0,1.0,0.0,2/H3,
Martín Maldonado,32.0,KCR,AL,1.1,74.0,263.0,238.0,26.0,54.0,15.0,0.0,6.0,17.0,0.0,0.0,17.0,55.0,0.227,0.291,0.366,0.657,72.0,0.297,75.0,87.0,9.0,5.0,2.0,1.0,0.0,2/H,
Martín Maldonado,32.0,CHC,NL,-0.4,4.0,13.0,11.0,0.0,0.0,0.0,0.0,0.0,0.0,0.0,0.0,2.0,5.0,0.0,0.154,0.0,0.154,-54.0,0.058,-116.0,0.0,0.0,0.0,0.0,0.0,1.0,/2,
Martín Maldonado,32.0,HOU,AL,0.5,27.0,98.0,84.0,20.0,17.0,4.0,0.0,6.0,10.0,0.0,0.0,13.0,26.0,0.202,0.316,0.464,0.781,101.0,0.339,104.0,39.0,2.0,1.0,0.0,0.0,0.0,2/3H,
Martín Prado,35.0,MIA,NL,-1.4,104.0,260.0,245.0,26.0,57.0,9.0,0.0,2.0,15.0,0.0,0.0,12.0,41.0,0.233,0.265,0.294,0.559,49.0,0.251,44.0,72.0,10.0,0.0,0.0,3.0,0.0,H35/D,
Martín Pérez*,28.0,MIN,AL,0.1,3.0,3.0,3.0,1.0,0.0,0.0,0.0,0.0,0.0,0.0,0.0,0.0,2.0,0.0,0.0,0.0,0.0,-100.0,0.296,79.0,0.0,0.0,0.0,0.0,0.0,0.0,1,
Marwin González#,30.0,MIN,AL,2.0,114.0,463.0,425.0,52.0,112.0,19.0,0.0,15.0,55.0,1.0,0.0,31.0,98.0,0.264,0.322,0.414,0.736,94.0,0.315,91.0,176.0,7.0,6.0,0.0,1.0,2.0,9537/HD46,
Masahiro Tanaka,30.0,NYY,AL,0.0,1.0,1.0,1.0,0.0,0.0,0.0,0.0,0.0,0.0,0.0,0.0,0.0,0.0,0.0,0.0,0.0,0.0,-100.0,0.0,-123.0,0.0,0.0,0.0,0.0,0.0,0.0,1,AS
Mason Williams*,27.0,BAL,AL,-0.1,11.0,34.0,30.0,4.0,8.0,1.0,0.0,0.0,2.0,1.0,0.0,3.0,6.0,0.267,0.324,0.3,0.624,68.0,0.284,63.0,9.0,0.0,0.0,0.0,1.0,0.0,/8H79D,
Matt Adams*,30.0,WSN,NL,0.6,111.0,333.0,310.0,42.0,70.0,14.0,0.0,20.0,56.0,0.0,0.0,20.0,115.0,0.226,0.276,0.465,0.741,86.0,0.313,82.0,144.0,7.0,2.0,0.0,1.0,1.0,3H,
Matt Albers*,36.0,MIL,NL,0.0,63.0,0.0,0.0,0.0,0.0,0.0,0.0,0.0,0.0,0.0,0.0,0.0,0.0,,,,,,,,0.0,0.0,0.0,0.0,0.0,0.0,1,
Matt Andriese,29.0,ARI,NL,-0.1,51.0,6.0,6.0,0.0,0.0,0.0,0.0,0.0,0.0,0.0,0.0,0.0,3.0,0.0,0.0,0.0,0.0,-100.0,0.0,-142.0,0.0,0.0,0.0,0.0,0.0,0.0,1,
Matt Barnes,29.0,BOS,AL,0.0,8.0,1.0,1.0,0.0,0.0,0.0,0.0,0.0,0.0,0.0,0.0,0.0,1.0,0.0,0.0,0.0,0.0,-100.0,0.0,-131.0,0.0,0.0,0.0,0.0,0.0,0.0,1,
Matt Beaty*,26.0,LAD,NL,0.2,99.0,268.0,249.0,36.0,66.0,19.0,1.0,9.0,46.0,5.0,0.0,17.0,33.0,0.265,0.317,0.458,0.775,101.0,0.334,100.0,114.0,6.0,2.0,0.0,0.0,2.0,37H/59D,
Matt Bowman,28.0,CIN,NL,0.0,25.0,1.0,1.0,0.0,0.0,0.0,0.0,0.0,0.0,0.0,0.0,0.0,0.0,0.0,0.0,0.0,0.0,-100.0,0.0,-150.0,0.0,0.0,0.0,0.0,0.0,0.0,1,
Matt Carasiti,27.0,SEA,AL,0.0,1.0,1.0,1.0,0.0,0.0,0.0,0.0,0.0,0.0,0.0,0.0,0.0,0.0,0.0,0.0,0.0,0.0,-100.0,0.0,-115.0,0.0,0.0,0.0,0.0,0.0,0.0,1,
Matt Carpenter*,33.0,STL,NL,1.2,129.0,492.0,416.0,59.0,94.0,20.0,2.0,15.0,46.0,6.0,1.0,63.0,129.0,0.226,0.334,0.392,0.726,92.0,0.321,93.0,163.0,3.0,7.0,1.0,5.0,0.0,5H/3D,
Matt Chapman,26.0,OAK,AL,7.3,156.0,670.0,583.0,102.0,145.0,36.0,3.0,36.0,91.0,1.0,1.0,73.0,147.0,0.249,0.342,0.506,0.848,127.0,0.361,129.0,295.0,12.0,11.0,0.0,3.0,0.0,*5,"AS,MVP-6,GG"
Matt Duffy,28.0,TBR,AL,0.0,46.0,169.0,147.0,12.0,37.0,8.0,0.0,1.0,12.0,0.0,1.0,19.0,29.0,0.252,0.343,0.327,0.67,83.0,0.304,88.0,48.0,4.0,2.0,0.0,1.0,0.0,5/6,
Matt Festa,26.0,SEA,AL,0.0,2.0,0.0,0.0,0.0,0.0,0.0,0.0,0.0,0.0,0.0,0.0,0.0,0.0,,,,,,,,0.0,0.0,0.0,0.0,0.0,0.0,1,
Matt Grace*,30.0,WSN,NL,0.0,50.0,3.0,3.0,0.0,0.0,0.0,0.0,0.0,0.0,0.0,0.0,0.0,3.0,0.0,0.0,0.0,0.0,-100.0,0.0,-142.0,0.0,0.0,0.0,0.0,0.0,0.0,1,
Matt Joyce*,34.0,ATL,NL,0.8,129.0,238.0,200.0,32.0,59.0,10.0,0.0,7.0,23.0,0.0,0.0,38.0,45.0,0.295,0.408,0.45,0.858,119.0,0.378,125.0,90.0,3.0,0.0,0.0,0.0,0.0,H9/D7,
Matt Kemp,34.0,CIN,NL,-1.0,20.0,62.0,60.0,4.0,12.0,2.0,0.0,1.0,5.0,0.0,0.0,1.0,19.0,0.2,0.21,0.283,0.493,24.0,0.208,3.0,17.0,2.0,0.0,0.0,1.0,0.0,7/H,
Matt Koch*,28.0,ARI,NL,-0.1,9.0,6.0,6.0,0.0,0.0,0.0,0.0,0.0,0.0,0.0,0.0,0.0,5.0,0.0,0.0,0.0,0.0,-100.0,0.0,-142.0,0.0,0.0,0.0,0.0,0.0,0.0,/1,
Matt Magill,29.0,SEA,AL,0.0,1.0,0.0,0.0,0.0,0.0,0.0,0.0,0.0,0.0,0.0,0.0,0.0,0.0,,,,,,,,0.0,0.0,0.0,0.0,0.0,0.0,1,
Matt Olson*,25.0,OAK,AL,5.1,127.0,547.0,483.0,73.0,129.0,26.0,0.0,36.0,91.0,0.0,0.0,51.0,138.0,0.267,0.351,0.545,0.896,139.0,0.373,138.0,263.0,11.0,12.0,0.0,1.0,7.0,*3,"MVP-21,GG"
Matt Skole*,29.0,CHW,AL,-0.7,27.0,80.0,72.0,7.0,15.0,2.0,0.0,0.0,6.0,0.0,0.0,7.0,31.0,0.208,0.275,0.236,0.511,40.0,0.232,34.0,17.0,0.0,0.0,0.0,1.0,0.0,D/3H,
Matt Strahm,27.0,SDP,NL,0.4,45.0,27.0,21.0,1.0,6.0,2.0,0.0,0.0,1.0,0.0,0.0,2.0,12.0,0.286,0.348,0.381,0.729,96.0,0.321,95.0,8.0,0.0,0.0,4.0,0.0,0.0,1/H,
Matt Thaiss*,24.0,LAA,AL,0.3,53.0,164.0,147.0,17.0,31.0,7.0,0.0,8.0,23.0,0.0,0.0,17.0,52.0,0.211,0.293,0.422,0.714,86.0,0.302,81.0,62.0,4.0,0.0,0.0,0.0,0.0,53/H,
Matt Wieters#,33.0,STL,NL,0.5,67.0,183.0,168.0,15.0,36.0,4.0,0.0,11.0,27.0,1.0,1.0,12.0,47.0,0.214,0.268,0.435,0.702,82.0,0.297,78.0,73.0,3.0,1.0,0.0,2.0,0.0,2H,
Matt Wisler,26.0,2TM,2LG,0.0,19.0,1.0,1.0,0.0,0.0,0.0,0.0,0.0,0.0,0.0,0.0,0.0,0.0,0.0,0.0,0.0,0.0,-100.0,0.0,-133.0,0.0,0.0,0.0,0.0,0.0,0.0,1,
Matt Wisler,26.0,SDP,NL,0.0,18.0,1.0,1.0,0.0,0.0,0.0,0.0,0.0,0.0,0.0,0.0,0.0,0.0,0.0,0.0,0.0,0.0,-100.0,0.0,-133.0,0.0,0.0,0.0,0.0,0.0,0.0,1,
Matt Wisler,26.0,SEA,AL,0.0,1.0,0.0,0.0,0.0,0.0,0.0,0.0,0.0,0.0,0.0,0.0,0.0,0.0,,,,,,,,0.0,0.0,0.0,0.0,0.0,0.0,1,
Matthew Boyd*,28.0,DET,AL,0.1,1.0,2.0,2.0,0.0,1.0,0.0,0.0,0.0,0.0,0.0,0.0,0.0,1.0,0.5,0.5,0.5,1.0,167.0,0.443,180.0,1.0,0.0,0.0,0.0,0.0,0.0,1,
Mauricio Dubón,24.0,2TM,NL,0.6,30.0,111.0,106.0,12.0,29.0,5.0,0.0,4.0,9.0,3.0,1.0,5.0,20.0,0.274,0.306,0.434,0.74,94.0,0.34,108.0,46.0,3.0,0.0,0.0,0.0,0.0,46/H,
Mauricio Dubón,24.0,MIL,NL,-0.1,2.0,2.0,2.0,0.0,0.0,0.0,0.0,0.0,0.0,0.0,0.0,0.0,1.0,0.0,0.0,0.0,0.0,-100.0,0.0,-142.0,0.0,0.0,0.0,0.0,0.0,0.0,/H6,
Mauricio Dubón,24.0,SFG,NL,0.6,28.0,109.0,104.0,12.0,29.0,5.0,0.0,4.0,9.0,3.0,1.0,5.0,19.0,0.279,0.312,0.442,0.754,98.0,0.347,113.0,46.0,3.0,0.0,0.0,0.0,0.0,4/6,
Max Fried*,25.0,ATL,NL,0.3,38.0,65.0,56.0,11.0,11.0,4.0,0.0,0.0,4.0,0.0,0.0,5.0,16.0,0.196,0.262,0.268,0.53,36.0,0.237,19.0,15.0,0.0,0.0,4.0,0.0,0.0,1/H,
Max Kepler*,26.0,MIN,AL,4.0,134.0,596.0,524.0,98.0,132.0,32.0,0.0,36.0,90.0,1.0,5.0,60.0,99.0,0.252,0.336,0.519,0.855,123.0,0.358,124.0,272.0,5.0,8.0,0.0,4.0,0.0,*98/HD,MVP-20
Max Moroff#,26.0,CLE,AL,-0.4,20.0,35.0,32.0,3.0,4.0,1.0,0.0,1.0,4.0,1.0,0.0,2.0,16.0,0.125,0.176,0.25,0.426,10.0,0.192,-8.0,8.0,0.0,0.0,1.0,0.0,0.0,6/4H5,
Max Muncy*,28.0,LAD,NL,5.3,141.0,589.0,487.0,101.0,122.0,22.0,1.0,35.0,98.0,4.0,1.0,90.0,149.0,0.251,0.374,0.515,0.889,132.0,0.387,140.0,251.0,5.0,8.0,0.0,4.0,1.0,435/H,"AS,MVP-15"
Max Scherzer,34.0,WSN,NL,0.0,28.0,61.0,55.0,6.0,10.0,0.0,0.0,0.0,2.0,2.0,0.0,0.0,27.0,0.182,0.182,0.182,0.364,-5.0,0.184,-29.0,10.0,1.0,0.0,6.0,0.0,0.0,1/H,"AS,CYA-3,MVP-22"
Max Stassi,28.0,2TM,AL,-1.6,51.0,147.0,132.0,7.0,18.0,1.0,0.0,1.0,5.0,0.0,0.0,12.0,49.0,0.136,0.211,0.167,0.378,2.0,0.185,-3.0,22.0,3.0,1.0,0.0,2.0,0.0,2/31DH,
Max Stassi,28.0,HOU,AL,-0.8,31.0,98.0,90.0,4.0,15.0,1.0,0.0,1.0,3.0,0.0,0.0,7.0,34.0,0.167,0.235,0.211,0.446,19.0,0.216,17.0,19.0,1.0,1.0,0.0,0.0,0.0,2/31DH,
Max Stassi,28.0,LAA,AL,-0.8,20.0,49.0,42.0,3.0,3.0,0.0,0.0,0.0,2.0,0.0,0.0,5.0,15.0,0.071,0.163,0.071,0.235,-33.0,0.123,-45.0,3.0,2.0,0.0,0.0,2.0,0.0,2,
Meibrys Viloria*,22.0,KCR,AL,-0.2,42.0,148.0,133.0,7.0,28.0,7.0,0.0,1.0,15.0,0.0,1.0,10.0,44.0,0.211,0.259,0.286,0.544,44.0,0.251,45.0,38.0,4.0,0.0,1.0,4.0,0.0,2/DH,
Melky Cabrera#,34.0,PIT,NL,-1.2,133.0,397.0,378.0,43.0,106.0,22.0,1.0,7.0,47.0,2.0,0.0,17.0,41.0,0.28,0.313,0.399,0.713,87.0,0.32,91.0,151.0,14.0,1.0,1.0,0.0,3.0,9H7/D,
Merrill Kelly,30.0,ARI,NL,-0.6,30.0,60.0,52.0,3.0,1.0,0.0,0.0,0.0,2.0,0.0,0.0,2.0,25.0,0.019,0.056,0.019,0.075,-79.0,0.042,-135.0,1.0,2.0,0.0,6.0,0.0,0.0,1,
Michael A. Taylor,28.0,WSN,NL,-0.1,53.0,97.0,88.0,10.0,22.0,7.0,0.0,1.0,3.0,6.0,0.0,7.0,34.0,0.25,0.305,0.364,0.669,73.0,0.303,64.0,32.0,0.0,0.0,2.0,0.0,0.0,8H/9,
Michael Blazek,30.0,WSN,NL,0.0,4.0,0.0,0.0,0.0,0.0,0.0,0.0,0.0,0.0,0.0,0.0,0.0,0.0,,,,,,,,0.0,0.0,0.0,0.0,0.0,0.0,/1,
Michael Brantley*,32.0,HOU,AL,4.9,148.0,637.0,575.0,88.0,179.0,40.0,2.0,22.0,90.0,3.0,2.0,51.0,66.0,0.311,0.372,0.503,0.875,126.0,0.37,126.0,289.0,21.0,7.0,0.0,4.0,3.0,*7D/9H,AS
Michael Chavis,23.0,BOS,AL,0.9,95.0,382.0,347.0,46.0,88.0,10.0,1.0,18.0,58.0,2.0,1.0,31.0,127.0,0.254,0.322,0.444,0.766,96.0,0.326,92.0,154.0,11.0,4.0,0.0,0.0,2.0,34/5HD,
Michael Conforto*,26.0,NYM,NL,3.6,151.0,648.0,549.0,90.0,141.0,29.0,1.0,33.0,92.0,7.0,2.0,84.0,149.0,0.257,0.363,0.494,0.856,127.0,0.365,129.0,271.0,11.0,10.0,0.0,5.0,5.0,*98/H,
Michael Feliz,26.0,PIT,NL,0.0,54.0,0.0,0.0,0.0,0.0,0.0,0.0,0.0,0.0,0.0,0.0,0.0,0.0,,,,,,,,0.0,0.0,0.0,0.0,0.0,0.0,1,
Michael Hermosillo,24.0,LAA,AL,0.0,18.0,46.0,36.0,7.0,5.0,1.0,1.0,0.0,3.0,2.0,0.0,5.0,19.0,0.139,0.304,0.222,0.527,45.0,0.266,48.0,8.0,1.0,4.0,0.0,1.0,0.0,7/89H,
Michael Lorenzen,27.0,CIN,NL,0.4,100.0,53.0,48.0,6.0,10.0,2.0,0.0,1.0,6.0,5.0,2.0,5.0,17.0,0.208,0.283,0.313,0.596,52.0,0.284,55.0,15.0,1.0,0.0,0.0,0.0,0.0,1H8/79,
Michael Pineda,30.0,MIN,AL,-0.1,2.0,4.0,4.0,0.0,0.0,0.0,0.0,0.0,0.0,0.0,0.0,0.0,1.0,0.0,0.0,0.0,0.0,-100.0,0.0,-132.0,0.0,0.0,0.0,0.0,0.0,0.0,1,
Michael Pérez*,26.0,TBR,AL,0.3,22.0,55.0,46.0,6.0,10.0,5.0,0.0,0.0,2.0,0.0,0.0,8.0,19.0,0.217,0.345,0.326,0.672,84.0,0.305,87.0,15.0,0.0,1.0,0.0,0.0,0.0,2/3H,
Michael Reed,26.0,SFG,NL,-0.3,4.0,8.0,8.0,0.0,0.0,0.0,0.0,0.0,0.0,0.0,0.0,0.0,6.0,0.0,0.0,0.0,0.0,-100.0,0.0,-135.0,0.0,0.0,0.0,0.0,0.0,0.0,/79,
Michael Soroka,21.0,ATL,NL,-0.1,27.0,63.0,52.0,2.0,4.0,0.0,0.0,0.0,3.0,0.0,0.0,2.0,22.0,0.077,0.143,0.077,0.22,-41.0,0.13,-72.0,4.0,1.0,2.0,7.0,0.0,0.0,1,"AS,CYA-6,ROY-2"
Michael Wacha,27.0,STL,NL,0.0,28.0,39.0,36.0,3.0,6.0,1.0,0.0,0.0,3.0,0.0,0.0,0.0,21.0,0.167,0.167,0.194,0.361,-4.0,0.152,-38.0,7.0,0.0,0.0,3.0,0.0,0.0,1,
Michel Báez,23.0,SDP,NL,0.0,23.0,0.0,0.0,0.0,0.0,0.0,0.0,0.0,0.0,0.0,0.0,0.0,0.0,,,,,,,,0.0,0.0,0.0,0.0,0.0,0.0,1,
Miguel Andujar,24.0,NYY,AL,-1.2,12.0,49.0,47.0,1.0,6.0,0.0,0.0,0.0,1.0,0.0,0.0,1.0,11.0,0.128,0.143,0.128,0.271,-26.0,0.119,-46.0,6.0,4.0,0.0,0.0,1.0,0.0,/D5,
Miguel Cabrera,36.0,DET,AL,0.0,136.0,549.0,493.0,41.0,139.0,21.0,0.0,12.0,59.0,0.0,0.0,48.0,108.0,0.282,0.346,0.398,0.744,97.0,0.325,96.0,196.0,18.0,3.0,0.0,5.0,4.0,D3/H,
Miguel Castro,24.0,BAL,AL,0.0,5.0,0.0,0.0,0.0,0.0,0.0,0.0,0.0,0.0,0.0,0.0,0.0,0.0,,,,,,,,0.0,0.0,0.0,0.0,0.0,0.0,1,
Miguel Díaz,24.0,SDP,NL,0.0,5.0,1.0,1.0,0.0,0.0,0.0,0.0,0.0,0.0,0.0,0.0,0.0,1.0,0.0,0.0,0.0,0.0,-100.0,0.0,-133.0,0.0,0.0,0.0,0.0,0.0,0.0,/1,
Miguel Rojas,30.0,MIA,NL,0.8,132.0,526.0,483.0,52.0,137.0,29.0,1.0,5.0,46.0,9.0,5.0,32.0,62.0,0.284,0.331,0.379,0.71,89.0,0.311,87.0,183.0,15.0,5.0,1.0,5.0,2.0,*6/3H4,
Miguel Sanó,26.0,MIN,AL,2.7,105.0,439.0,380.0,76.0,94.0,19.0,2.0,34.0,79.0,0.0,1.0,55.0,159.0,0.247,0.346,0.576,0.923,139.0,0.389,144.0,219.0,5.0,3.0,0.0,1.0,0.0,5/3DH,
Mike Brosseau,25.0,TBR,AL,0.3,50.0,142.0,132.0,17.0,36.0,7.0,0.0,6.0,16.0,1.0,0.0,7.0,39.0,0.273,0.319,0.462,0.781,107.0,0.336,108.0,61.0,3.0,2.0,1.0,0.0,0.0,45H/9713D,
Mike Clevinger,28.0,CLE,AL,0.0,1.0,2.0,2.0,0.0,0.0,0.0,0.0,0.0,0.0,0.0,0.0,0.0,1.0,0.0,0.0,0.0,0.0,-100.0,0.0,-136.0,0.0,0.0,0.0,0.0,0.0,0.0,1,
Mike Dunn*,34.0,COL,NL,0.0,25.0,0.0,0.0,0.0,0.0,0.0,0.0,0.0,0.0,0.0,0.0,0.0,0.0,,,,,,,,0.0,0.0,0.0,0.0,0.0,0.0,1,
Mike Foltynewicz,27.0,ATL,NL,-0.4,19.0,38.0,35.0,1.0,2.0,0.0,0.0,0.0,1.0,0.0,0.0,0.0,19.0,0.057,0.057,0.057,0.114,-71.0,0.048,-130.0,2.0,1.0,0.0,3.0,0.0,0.0,1,
Mike Ford*,26.0,NYY,AL,1.1,50.0,163.0,143.0,30.0,37.0,7.0,0.0,12.0,25.0,0.0,0.0,17.0,28.0,0.259,0.35,0.559,0.909,137.0,0.378,137.0,80.0,0.0,3.0,0.0,0.0,2.0,3DH/1,
Mike Freeman*,31.0,CLE,AL,1.4,75.0,213.0,177.0,27.0,49.0,8.0,0.0,4.0,24.0,1.0,2.0,22.0,61.0,0.277,0.362,0.39,0.752,97.0,0.332,101.0,69.0,2.0,4.0,6.0,4.0,0.0,4H5/67D1,
Mike Gerber*,26.0,SFG,NL,-0.5,12.0,26.0,24.0,0.0,1.0,1.0,0.0,0.0,0.0,0.0,0.0,2.0,15.0,0.042,0.115,0.083,0.199,-45.0,0.1,-63.0,2.0,0.0,0.0,0.0,0.0,0.0,/79H,
Mike Leake,31.0,2TM,2LG,-0.2,11.0,24.0,21.0,0.0,1.0,0.0,0.0,0.0,1.0,0.0,0.0,1.0,11.0,0.048,0.091,0.048,0.139,-62.0,0.072,-107.0,1.0,0.0,0.0,2.0,0.0,0.0,1,GG
Mike Leake,31.0,SEA,AL,0.0,1.0,2.0,1.0,0.0,0.0,0.0,0.0,0.0,0.0,0.0,0.0,1.0,0.0,0.0,0.5,0.0,0.5,58.0,0.348,120.0,0.0,0.0,0.0,0.0,0.0,0.0,1,
Mike Leake,31.0,ARI,NL,-0.2,10.0,22.0,20.0,0.0,1.0,0.0,0.0,0.0,1.0,0.0,0.0,0.0,11.0,0.05,0.05,0.05,0.1,-74.0,0.044,-130.0,1.0,0.0,0.0,2.0,0.0,0.0,1,
Mike Mayers,27.0,STL,NL,0.0,15.0,1.0,1.0,0.0,0.0,0.0,0.0,0.0,0.0,0.0,0.0,0.0,1.0,0.0,0.0,0.0,0.0,-100.0,0.0,-133.0,0.0,0.0,0.0,0.0,0.0,0.0,1,
Mike Minor,31.0,TEX,AL,-0.2,4.0,10.0,9.0,0.0,0.0,0.0,0.0,0.0,0.0,0.0,0.0,0.0,6.0,0.0,0.0,0.0,0.0,-100.0,0.0,-168.0,0.0,0.0,0.0,1.0,0.0,0.0,1/H,"AS,CYA-8"
Mike Montgomery*,29.0,2TM,2LG,0.0,19.0,6.0,6.0,0.0,1.0,0.0,0.0,0.0,0.0,0.0,0.0,0.0,3.0,0.167,0.167,0.167,0.333,-12.0,0.148,-33.0,1.0,0.0,0.0,0.0,0.0,0.0,1,
Mike Montgomery*,29.0,CHC,NL,0.0,18.0,5.0,5.0,0.0,1.0,0.0,0.0,0.0,0.0,0.0,0.0,0.0,2.0,0.2,0.2,0.2,0.4,5.0,0.177,-13.0,1.0,0.0,0.0,0.0,0.0,0.0,1,
Mike Montgomery*,29.0,KCR,AL,0.0,1.0,1.0,1.0,0.0,0.0,0.0,0.0,0.0,0.0,0.0,0.0,0.0,1.0,0.0,0.0,0.0,0.0,-100.0,0.0,-123.0,0.0,0.0,0.0,0.0,0.0,0.0,1,
Mike Morin,28.0,PHI,NL,0.0,25.0,0.0,0.0,0.0,0.0,0.0,0.0,0.0,0.0,0.0,0.0,0.0,0.0,,,,,,,,0.0,0.0,0.0,0.0,0.0,0.0,1,
Mike Moustakas*,30.0,MIL,NL,2.8,143.0,584.0,523.0,80.0,133.0,30.0,1.0,35.0,87.0,3.0,0.0,53.0,98.0,0.254,0.329,0.516,0.845,114.0,0.361,117.0,270.0,12.0,6.0,0.0,2.0,5.0,54/HD,AS
Mike Tauchman*,28.0,NYY,AL,3.9,87.0,296.0,260.0,46.0,72.0,18.0,1.0,13.0,47.0,6.0,0.0,34.0,71.0,0.277,0.361,0.504,0.865,128.0,0.374,130.0,131.0,9.0,1.0,0.0,1.0,0.0,798/H,
Mike Trout,27.0,LAA,AL,7.9,134.0,600.0,470.0,110.0,137.0,27.0,2.0,45.0,104.0,11.0,2.0,110.0,120.0,0.291,0.438,0.645,1.083,182.0,0.444,181.0,303.0,5.0,16.0,0.0,4.0,14.0,*8D/H,"AS,MVP-1,SS"
Mike Yastrzemski*,28.0,SFG,NL,2.6,107.0,411.0,371.0,64.0,101.0,22.0,3.0,21.0,55.0,2.0,4.0,32.0,107.0,0.272,0.334,0.518,0.852,122.0,0.359,125.0,192.0,4.0,4.0,1.0,3.0,1.0,79H/8,
Mike Zunino,28.0,TBR,AL,-0.2,90.0,289.0,266.0,30.0,44.0,10.0,1.0,9.0,32.0,0.0,0.0,20.0,98.0,0.165,0.232,0.312,0.544,45.0,0.24,42.0,83.0,4.0,3.0,0.0,0.0,0.0,2/H,
Mikie Mahtook,29.0,DET,AL,-0.4,9.0,25.0,23.0,0.0,0.0,0.0,0.0,0.0,0.0,0.0,0.0,2.0,11.0,0.0,0.08,0.0,0.08,-75.0,0.056,-93.0,0.0,0.0,0.0,0.0,0.0,0.0,/8H7D,
Miles Mikolas,30.0,STL,NL,-0.1,31.0,62.0,59.0,1.0,8.0,1.0,0.0,0.0,2.0,0.0,0.0,0.0,27.0,0.136,0.136,0.153,0.288,-23.0,0.123,-56.0,9.0,0.0,0.0,3.0,0.0,0.0,1,
Mitch Garver,28.0,MIN,AL,4.1,93.0,359.0,311.0,70.0,85.0,16.0,1.0,31.0,67.0,0.0,0.0,41.0,87.0,0.273,0.365,0.63,0.995,157.0,0.41,158.0,196.0,5.0,5.0,0.0,2.0,0.0,2H/D3,SS
Mitch Haniger,28.0,SEA,AL,1.6,63.0,283.0,246.0,46.0,54.0,13.0,1.0,15.0,32.0,4.0,0.0,30.0,81.0,0.22,0.314,0.463,0.778,108.0,0.338,110.0,114.0,3.0,5.0,0.0,2.0,1.0,98/DH,
Mitch Keller,23.0,PIT,NL,-0.2,10.0,11.0,10.0,0.0,0.0,0.0,0.0,0.0,0.0,0.0,0.0,0.0,3.0,0.0,0.0,0.0,0.0,-100.0,0.0,-162.0,0.0,1.0,0.0,1.0,0.0,0.0,1,
Mitch Moreland*,33.0,BOS,AL,1.2,91.0,335.0,298.0,48.0,75.0,17.0,1.0,19.0,58.0,1.0,0.0,34.0,74.0,0.252,0.328,0.507,0.835,111.0,0.355,112.0,151.0,12.0,1.0,0.0,2.0,0.0,3H/D,
Mitch Walding*,26.0,PHI,NL,-0.1,2.0,2.0,2.0,0.0,0.0,0.0,0.0,0.0,0.0,0.0,0.0,0.0,2.0,0.0,0.0,0.0,0.0,-100.0,0.0,-142.0,0.0,0.0,0.0,0.0,0.0,0.0,/H,
MLB Average,,,,,,,,,,,,,,,,,,0.252,0.323,0.435,0.758,100.0,0.328,100.0,,,,,,,,
Montana DuRapau,27.0,PIT,NL,0.0,14.0,4.0,4.0,0.0,1.0,0.0,0.0,0.0,0.0,0.0,0.0,0.0,2.0,0.25,0.25,0.25,0.5,33.0,0.222,21.0,1.0,0.0,0.0,0.0,0.0,0.0,1,
Mookie Betts,26.0,BOS,AL,7.2,150.0,706.0,597.0,135.0,176.0,40.0,5.0,29.0,80.0,16.0,3.0,97.0,101.0,0.295,0.391,0.524,0.915,134.0,0.39,135.0,313.0,11.0,3.0,0.0,9.0,6.0,*98/DH,"AS,MVP-8,GG,SS"
Mychal Givens,29.0,BAL,AL,0.0,3.0,0.0,0.0,0.0,0.0,0.0,0.0,0.0,0.0,0.0,0.0,0.0,0.0,,,,,,,,0.0,0.0,0.0,0.0,0.0,0.0,1,
Myles Straw,24.0,HOU,AL,1.0,56.0,128.0,108.0,27.0,29.0,4.0,2.0,0.0,7.0,8.0,1.0,19.0,24.0,0.269,0.378,0.343,0.721,92.0,0.334,93.0,37.0,2.0,0.0,1.0,0.0,0.0,6H8/74D9,
Nathan Eovaldi,29.0,BOS,AL,0.0,1.0,2.0,2.0,0.0,0.0,0.0,0.0,0.0,0.0,0.0,0.0,0.0,1.0,0.0,0.0,0.0,0.0,-100.0,0.0,-140.0,0.0,0.0,0.0,0.0,0.0,0.0,1,
Nathaniel Lowe*,23.0,TBR,AL,0.5,50.0,169.0,152.0,24.0,40.0,8.0,0.0,7.0,19.0,0.0,0.0,13.0,50.0,0.263,0.325,0.454,0.779,107.0,0.333,107.0,69.0,4.0,2.0,0.0,2.0,0.0,3DH/5,
Neil Ramírez,30.0,2TM,AL,0.0,2.0,0.0,0.0,0.0,0.0,0.0,0.0,0.0,0.0,0.0,0.0,0.0,0.0,,,,,,,,0.0,0.0,0.0,0.0,0.0,0.0,1,
Neil Ramírez,30.0,CLE,AL,0.0,1.0,0.0,0.0,0.0,0.0,0.0,0.0,0.0,0.0,0.0,0.0,0.0,0.0,,,,,,,,0.0,0.0,0.0,0.0,0.0,0.0,1,
Neil Ramírez,30.0,TOR,AL,0.0,1.0,0.0,0.0,0.0,0.0,0.0,0.0,0.0,0.0,0.0,0.0,0.0,0.0,,,,,,,,0.0,0.0,0.0,0.0,0.0,0.0,/1,
Neil Walker#,33.0,MIA,NL,0.4,115.0,381.0,337.0,37.0,88.0,19.0,1.0,8.0,38.0,3.0,0.0,42.0,77.0,0.261,0.344,0.395,0.738,96.0,0.327,97.0,133.0,8.0,1.0,0.0,1.0,1.0,3H5/D4,
Nelson Cruz,38.0,MIN,AL,4.4,120.0,521.0,454.0,81.0,141.0,26.0,0.0,41.0,108.0,0.0,1.0,56.0,131.0,0.311,0.392,0.639,1.031,168.0,0.418,165.0,290.0,14.0,7.0,0.0,3.0,8.0,*D/H,"MVP-9,SS"
Nestor Cortes,24.0,NYY,AL,0.0,2.0,0.0,0.0,0.0,0.0,0.0,0.0,0.0,0.0,0.0,0.0,0.0,0.0,,,,,,,,0.0,0.0,0.0,0.0,0.0,0.0,1,
Nick Ahmed,29.0,ARI,NL,4.0,158.0,625.0,556.0,79.0,141.0,33.0,6.0,19.0,82.0,8.0,2.0,52.0,113.0,0.254,0.316,0.437,0.753,93.0,0.332,96.0,243.0,15.0,4.0,1.0,12.0,2.0,*6/H,GG
Nick Anderson,28.0,2TM,2LG,0.0,44.0,0.0,0.0,0.0,0.0,0.0,0.0,0.0,0.0,0.0,0.0,0.0,0.0,,,,,,,,0.0,0.0,0.0,0.0,0.0,0.0,1,
Nick Anderson,28.0,MIA,NL,0.0,41.0,0.0,0.0,0.0,0.0,0.0,0.0,0.0,0.0,0.0,0.0,0.0,0.0,,,,,,,,0.0,0.0,0.0,0.0,0.0,0.0,1,
Nick Anderson,28.0,TBR,AL,0.0,3.0,0.0,0.0,0.0,0.0,0.0,0.0,0.0,0.0,0.0,0.0,0.0,0.0,,,,,,,,0.0,0.0,0.0,0.0,0.0,0.0,1,
Nick Burdi,26.0,PIT,NL,0.0,10.0,0.0,0.0,0.0,0.0,0.0,0.0,0.0,0.0,0.0,0.0,0.0,0.0,,,,,,,,0.0,0.0,0.0,0.0,0.0,0.0,1,
Nick Castellanos,27.0,2TM,2LG,2.8,151.0,664.0,615.0,100.0,178.0,58.0,3.0,27.0,73.0,2.0,2.0,41.0,143.0,0.289,0.337,0.525,0.863,122.0,0.369,127.0,323.0,12.0,5.0,0.0,3.0,1.0,*97D,
Nick Castellanos,27.0,DET,AL,1.0,100.0,439.0,403.0,57.0,110.0,37.0,3.0,11.0,37.0,2.0,1.0,31.0,96.0,0.273,0.328,0.462,0.79,105.0,0.347,111.0,186.0,7.0,3.0,0.0,2.0,1.0,9D,
Nick Castellanos,27.0,CHC,NL,1.7,51.0,225.0,212.0,43.0,68.0,21.0,0.0,16.0,36.0,0.0,1.0,10.0,47.0,0.321,0.356,0.646,1.002,153.0,0.413,158.0,137.0,5.0,2.0,0.0,1.0,0.0,97,
Nick Ciuffo*,24.0,TBR,AL,-0.1,3.0,6.0,6.0,0.0,1.0,0.0,0.0,0.0,0.0,0.0,0.0,0.0,3.0,0.167,0.167,0.167,0.333,-9.0,0.133,-35.0,1.0,0.0,0.0,0.0,0.0,0.0,/2,
Nick Dini,25.0,KCR,AL,0.0,20.0,64.0,56.0,11.0,11.0,3.0,0.0,2.0,6.0,0.0,0.0,4.0,18.0,0.196,0.27,0.357,0.627,63.0,0.284,66.0,20.0,1.0,2.0,1.0,1.0,0.0,2/H,
Nick Goody,27.0,CLE,AL,0.0,3.0,0.0,0.0,0.0,0.0,0.0,0.0,0.0,0.0,0.0,0.0,0.0,0.0,,,,,,,,0.0,0.0,0.0,0.0,0.0,0.0,1,
Nick Hundley,35.0,OAK,AL,-0.4,31.0,73.0,70.0,5.0,14.0,3.0,1.0,2.0,5.0,0.0,1.0,2.0,18.0,0.2,0.233,0.357,0.59,57.0,0.241,49.0,25.0,7.0,1.0,0.0,0.0,0.0,2/H,
Nick Kingham,27.0,PIT,NL,0.0,13.0,8.0,6.0,0.0,0.0,0.0,0.0,0.0,0.0,0.0,0.0,2.0,4.0,0.0,0.25,0.0,0.25,-24.0,0.173,-14.0,0.0,0.0,0.0,0.0,0.0,0.0,1,
Nick Margevicius*,23.0,SDP,NL,0.1,17.0,17.0,15.0,1.0,3.0,0.0,0.0,0.0,0.0,0.0,0.0,0.0,7.0,0.2,0.2,0.2,0.4,8.0,0.237,27.0,3.0,0.0,0.0,2.0,0.0,0.0,1,
Nick Markakis*,35.0,ATL,NL,0.8,116.0,469.0,414.0,61.0,118.0,25.0,2.0,9.0,62.0,2.0,0.0,47.0,59.0,0.285,0.356,0.42,0.776,97.0,0.35,104.0,174.0,11.0,2.0,0.0,6.0,1.0,*9/7HD,
Nick Martini*,29.0,2TM,2LG,-0.2,32.0,109.0,93.0,8.0,21.0,4.0,1.0,1.0,7.0,0.0,0.0,14.0,26.0,0.226,0.33,0.323,0.653,77.0,0.309,88.0,30.0,0.0,1.0,0.0,1.0,0.0,7/H1D,
Nick Martini*,29.0,OAK,AL,-0.1,6.0,13.0,11.0,1.0,1.0,0.0,0.0,1.0,2.0,0.0,0.0,2.0,5.0,0.091,0.231,0.364,0.594,58.0,0.254,53.0,4.0,0.0,0.0,0.0,0.0,0.0,/7H1D,
Nick Martini*,29.0,SDP,NL,-0.1,26.0,96.0,82.0,7.0,20.0,4.0,1.0,0.0,5.0,0.0,0.0,12.0,21.0,0.244,0.344,0.317,0.661,80.0,0.316,93.0,26.0,0.0,1.0,0.0,1.0,0.0,7/H,
Nick Pivetta,26.0,PHI,NL,-0.1,29.0,27.0,25.0,1.0,2.0,0.0,0.0,0.0,0.0,0.0,0.0,1.0,19.0,0.08,0.115,0.08,0.195,-47.0,0.091,-82.0,2.0,0.0,0.0,1.0,0.0,0.0,1,
Nick Ramirez*,29.0,DET,AL,0.0,3.0,1.0,1.0,0.0,0.0,0.0,0.0,0.0,0.0,0.0,0.0,0.0,1.0,0.0,0.0,0.0,0.0,-100.0,0.0,-123.0,0.0,0.0,0.0,0.0,0.0,0.0,1,
Nick Senzel,24.0,CIN,NL,0.1,104.0,414.0,375.0,55.0,96.0,20.0,4.0,12.0,42.0,14.0,5.0,30.0,101.0,0.256,0.315,0.427,0.742,87.0,0.327,87.0,160.0,6.0,3.0,0.0,1.0,0.0,8H/4,
Nick Solak,24.0,TEX,AL,0.7,33.0,135.0,116.0,19.0,34.0,6.0,1.0,5.0,17.0,2.0,0.0,15.0,29.0,0.293,0.393,0.491,0.884,123.0,0.397,136.0,57.0,2.0,4.0,0.0,0.0,1.0,D5/4H,
Nick Vincent,32.0,2TM,NL,0.0,30.0,3.0,3.0,0.0,0.0,0.0,0.0,0.0,0.0,0.0,0.0,0.0,3.0,0.0,0.0,0.0,0.0,-100.0,0.0,-136.0,0.0,0.0,0.0,0.0,0.0,0.0,1,
Nick Vincent,32.0,SFG,NL,0.0,18.0,3.0,3.0,0.0,0.0,0.0,0.0,0.0,0.0,0.0,0.0,0.0,3.0,0.0,0.0,0.0,0.0,-100.0,0.0,-136.0,0.0,0.0,0.0,0.0,0.0,0.0,1,
Nick Vincent,32.0,PHI,NL,0.0,12.0,0.0,0.0,0.0,0.0,0.0,0.0,0.0,0.0,0.0,0.0,0.0,0.0,,,,,,,,0.0,0.0,0.0,0.0,0.0,0.0,1,
Nick Williams*,25.0,PHI,NL,-1.2,67.0,112.0,106.0,9.0,16.0,4.0,0.0,2.0,5.0,0.0,0.0,4.0,43.0,0.151,0.196,0.245,0.442,14.0,0.203,4.0,26.0,1.0,2.0,0.0,0.0,0.0,H7/9,
Nick Wittgren,28.0,CLE,AL,0.0,4.0,0.0,0.0,0.0,0.0,0.0,0.0,0.0,0.0,0.0,0.0,0.0,0.0,,,,,,,,0.0,0.0,0.0,0.0,0.0,0.0,1,
Nicky Delmonico*,26.0,CHW,AL,-0.5,21.0,68.0,63.0,6.0,13.0,2.0,0.0,1.0,6.0,0.0,1.0,4.0,25.0,0.206,0.265,0.286,0.55,48.0,0.249,51.0,18.0,1.0,1.0,0.0,0.0,0.0,7/H3,
Nicky Lopez*,24.0,KCR,AL,-0.2,103.0,402.0,379.0,44.0,91.0,22.0,2.0,2.0,30.0,1.0,1.0,18.0,51.0,0.24,0.276,0.325,0.601,58.0,0.266,54.0,123.0,5.0,1.0,4.0,0.0,0.0,46/HD,
Nico Hoerner,22.0,CHC,NL,0.3,20.0,82.0,78.0,13.0,22.0,1.0,1.0,3.0,17.0,0.0,0.0,3.0,11.0,0.282,0.305,0.436,0.741,90.0,0.308,81.0,34.0,3.0,0.0,0.0,1.0,1.0,6/48H,
Niko Goodrum#,27.0,DET,AL,1.5,112.0,472.0,423.0,61.0,105.0,27.0,5.0,12.0,45.0,12.0,3.0,46.0,138.0,0.248,0.322,0.421,0.743,94.0,0.323,93.0,178.0,7.0,1.0,0.0,2.0,1.0,6473/89DH5,
Noah Syndergaard*,26.0,NYM,NL,-0.1,30.0,69.0,65.0,6.0,6.0,1.0,0.0,2.0,2.0,0.0,0.0,3.0,47.0,0.092,0.132,0.2,0.332,-12.0,0.145,-31.0,13.0,1.0,0.0,1.0,0.0,0.0,1,
Noel Cuevas,27.0,COL,NL,0.0,1.0,2.0,2.0,0.0,0.0,0.0,0.0,0.0,0.0,0.0,0.0,0.0,0.0,0.0,0.0,0.0,0.0,-100.0,0.445,167.0,0.0,0.0,0.0,0.0,0.0,0.0,/7,
Nolan Arenado,28.0,COL,NL,7.1,155.0,662.0,588.0,102.0,185.0,31.0,2.0,41.0,118.0,3.0,2.0,62.0,93.0,0.315,0.379,0.583,0.962,131.0,0.404,137.0,343.0,14.0,4.0,0.0,8.0,11.0,*5/H,"AS,MVP-6,GG"
Nomar Mazara*,24.0,TEX,AL,1.0,116.0,469.0,429.0,69.0,115.0,27.0,1.0,19.0,66.0,4.0,1.0,28.0,108.0,0.268,0.318,0.469,0.786,96.0,0.338,96.0,201.0,5.0,6.0,0.0,6.0,2.0,9/DH,
Noé Ramirez,29.0,LAA,AL,0.0,3.0,0.0,0.0,0.0,0.0,0.0,0.0,0.0,0.0,0.0,0.0,0.0,0.0,,,,,,,,0.0,0.0,0.0,0.0,0.0,0.0,1,
Odúbel Herrera*,27.0,PHI,NL,-0.5,39.0,139.0,126.0,12.0,28.0,10.0,1.0,1.0,16.0,2.0,2.0,11.0,33.0,0.222,0.288,0.341,0.629,63.0,0.27,55.0,43.0,0.0,1.0,0.0,1.0,0.0,8/H,
Oliver Drake,32.0,TBR,AL,0.1,3.0,1.0,1.0,0.0,1.0,0.0,0.0,0.0,1.0,0.0,0.0,0.0,0.0,1.0,1.0,1.0,2.0,446.0,0.796,423.0,1.0,0.0,0.0,0.0,0.0,0.0,1,
Omar Narváez*,27.0,SEA,AL,2.3,132.0,482.0,428.0,63.0,119.0,12.0,0.0,22.0,55.0,0.0,0.0,47.0,92.0,0.278,0.353,0.46,0.813,119.0,0.348,119.0,197.0,5.0,4.0,0.0,3.0,1.0,2DH/4,
Orlando Arcia,24.0,MIL,NL,-0.9,152.0,546.0,494.0,51.0,110.0,16.0,1.0,15.0,59.0,8.0,5.0,43.0,109.0,0.223,0.283,0.35,0.633,64.0,0.276,57.0,173.0,15.0,1.0,2.0,6.0,5.0,*6/H,
Ozzie Albies#,22.0,ATL,NL,4.6,160.0,702.0,640.0,102.0,189.0,43.0,8.0,24.0,86.0,15.0,4.0,54.0,112.0,0.295,0.352,0.5,0.852,113.0,0.369,117.0,320.0,2.0,4.0,0.0,4.0,6.0,*4/H,SS
Pablo López*,23.0,MIA,NL,0.0,21.0,36.0,35.0,1.0,6.0,2.0,0.0,0.0,3.0,0.0,0.0,0.0,19.0,0.171,0.171,0.229,0.4,5.0,0.168,-19.0,8.0,0.0,0.0,1.0,0.0,0.0,1/H,
Pablo Reyes,25.0,PIT,NL,-0.9,71.0,157.0,143.0,18.0,29.0,7.0,2.0,2.0,19.0,1.0,1.0,13.0,36.0,0.203,0.274,0.322,0.596,57.0,0.265,54.0,46.0,0.0,1.0,0.0,0.0,0.0,H798/456,
Pablo Sandoval#,32.0,SFG,NL,1.4,108.0,296.0,272.0,42.0,73.0,23.0,0.0,14.0,41.0,1.0,0.0,18.0,67.0,0.268,0.313,0.507,0.82,113.0,0.351,117.0,138.0,8.0,1.0,2.0,3.0,2.0,H53/D1,
Parker Markel,28.0,PIT,NL,0.0,15.0,3.0,3.0,0.0,0.0,0.0,0.0,0.0,0.0,0.0,0.0,0.0,1.0,0.0,0.0,0.0,0.0,-100.0,0.0,-139.0,0.0,0.0,0.0,0.0,0.0,0.0,1,
Pat Neshek#,38.0,PHI,NL,0.0,20.0,0.0,0.0,0.0,0.0,0.0,0.0,0.0,0.0,0.0,0.0,0.0,0.0,,,,,,,,0.0,0.0,0.0,0.0,0.0,0.0,1,
Pat Valaika,26.0,COL,NL,-0.5,40.0,86.0,79.0,11.0,15.0,5.0,1.0,1.0,4.0,0.0,0.0,7.0,34.0,0.19,0.256,0.316,0.572,40.0,0.248,24.0,25.0,1.0,0.0,0.0,0.0,0.0,H4/653D,
Pat Venditte*,34.0,SFG,NL,0.0,2.0,0.0,0.0,0.0,0.0,0.0,0.0,0.0,0.0,0.0,0.0,0.0,0.0,,,,,,,,0.0,0.0,0.0,0.0,0.0,0.0,/1,
Patrick Corbin*,29.0,WSN,NL,-0.2,31.0,72.0,65.0,3.0,6.0,1.0,0.0,0.0,4.0,0.0,0.0,3.0,27.0,0.092,0.132,0.108,0.24,-36.0,0.127,-60.0,7.0,0.0,0.0,4.0,0.0,0.0,1,CYA-11
Patrick Sandoval*,22.0,LAA,AL,0.0,1.0,2.0,2.0,0.0,0.0,0.0,0.0,0.0,0.0,0.0,0.0,0.0,2.0,0.0,0.0,0.0,0.0,-100.0,0.0,-132.0,0.0,0.0,0.0,0.0,0.0,0.0,1,
Patrick Wisdom,27.0,TEX,AL,-0.3,9.0,28.0,26.0,1.0,4.0,1.0,0.0,0.0,1.0,0.0,0.0,1.0,15.0,0.154,0.185,0.192,0.377,-3.0,0.202,-3.0,5.0,0.0,0.0,1.0,0.0,0.0,/35H,
Paul DeJong,25.0,STL,NL,5.2,159.0,664.0,583.0,97.0,136.0,31.0,1.0,30.0,78.0,9.0,5.0,62.0,149.0,0.233,0.318,0.444,0.762,99.0,0.331,102.0,259.0,15.0,13.0,0.0,6.0,1.0,*6/H,AS
Paul Fry*,26.0,BAL,AL,0.0,2.0,0.0,0.0,0.0,0.0,0.0,0.0,0.0,0.0,0.0,0.0,0.0,0.0,,,,,,,,0.0,0.0,0.0,0.0,0.0,0.0,1,
Paul Goldschmidt,31.0,STL,NL,2.6,161.0,682.0,597.0,97.0,155.0,25.0,1.0,34.0,97.0,3.0,1.0,78.0,166.0,0.26,0.346,0.476,0.821,115.0,0.357,120.0,284.0,11.0,2.0,0.0,3.0,2.0,*3/H,MVP-20
Paul Sewald,29.0,NYM,NL,0.0,17.0,1.0,1.0,0.0,0.0,0.0,0.0,0.0,0.0,0.0,0.0,0.0,0.0,0.0,0.0,0.0,0.0,-100.0,0.0,-133.0,0.0,0.0,0.0,0.0,0.0,0.0,1,
Pedro Avila,22.0,SDP,NL,0.0,1.0,2.0,1.0,0.0,0.0,0.0,0.0,0.0,0.0,0.0,0.0,0.0,0.0,0.0,0.0,0.0,0.0,-100.0,0.0,-367.0,0.0,0.0,0.0,1.0,0.0,0.0,/1,
Pedro Báez,31.0,LAD,NL,0.0,66.0,0.0,0.0,0.0,0.0,0.0,0.0,0.0,0.0,0.0,0.0,0.0,0.0,,,,,,,,0.0,0.0,0.0,0.0,0.0,0.0,1,
Pedro Payano,24.0,TEX,AL,0.0,1.0,1.0,1.0,0.0,0.0,0.0,0.0,0.0,0.0,0.0,0.0,0.0,1.0,0.0,0.0,0.0,0.0,-100.0,0.0,-131.0,0.0,0.0,0.0,0.0,0.0,0.0,/1,
Pedro Severino,25.0,BAL,AL,1.0,96.0,341.0,305.0,37.0,76.0,13.0,0.0,13.0,44.0,3.0,1.0,29.0,73.0,0.249,0.321,0.42,0.74,95.0,0.319,93.0,128.0,5.0,4.0,1.0,2.0,0.0,2/HD,
Pedro Strop,34.0,CHC,NL,0.0,47.0,0.0,0.0,0.0,0.0,0.0,0.0,0.0,0.0,0.0,0.0,0.0,0.0,,,,,,,,0.0,0.0,0.0,0.0,0.0,0.0,1,
Pete Alonso,24.0,NYM,NL,5.4,161.0,693.0,597.0,103.0,155.0,30.0,2.0,53.0,120.0,1.0,0.0,72.0,183.0,0.26,0.358,0.583,0.941,147.0,0.399,154.0,348.0,13.0,21.0,0.0,3.0,6.0,*3/HD,"AS,MVP-7,ROY-1"
Pete Fairbanks,25.0,2TM,AL,0.0,3.0,0.0,0.0,0.0,0.0,0.0,0.0,0.0,0.0,0.0,0.0,0.0,0.0,,,,,,,,0.0,0.0,0.0,0.0,0.0,0.0,1,
Pete Fairbanks,25.0,TEX,AL,0.0,1.0,0.0,0.0,0.0,0.0,0.0,0.0,0.0,0.0,0.0,0.0,0.0,0.0,,,,,,,,0.0,0.0,0.0,0.0,0.0,0.0,/1,
Pete Fairbanks,25.0,TBR,AL,0.0,2.0,0.0,0.0,0.0,0.0,0.0,0.0,0.0,0.0,0.0,0.0,0.0,0.0,,,,,,,,0.0,0.0,0.0,0.0,0.0,0.0,1,
Peter Bourjos,32.0,LAA,AL,-0.3,26.0,46.0,44.0,4.0,4.0,1.0,0.0,0.0,2.0,2.0,0.0,1.0,15.0,0.091,0.109,0.114,0.222,-41.0,0.107,-63.0,5.0,1.0,0.0,0.0,1.0,0.0,78/HD45,
Peter Lambert,22.0,COL,NL,0.4,21.0,34.0,28.0,3.0,9.0,0.0,0.0,0.0,2.0,0.0,0.0,3.0,10.0,0.321,0.387,0.321,0.709,78.0,0.325,77.0,9.0,1.0,0.0,3.0,0.0,0.0,1/H,
Peter O'Brien,28.0,MIA,NL,-0.7,14.0,47.0,42.0,2.0,7.0,1.0,0.0,1.0,4.0,1.0,0.0,4.0,19.0,0.167,0.255,0.262,0.517,38.0,0.239,32.0,11.0,2.0,1.0,0.0,0.0,0.0,9/73H,
Phil Ervin,26.0,CIN,NL,0.9,94.0,260.0,236.0,30.0,64.0,11.0,7.0,7.0,23.0,4.0,3.0,18.0,63.0,0.271,0.331,0.466,0.797,100.0,0.337,97.0,110.0,4.0,4.0,0.0,2.0,0.0,7H89,
Phil Gosselin,30.0,PHI,NL,-0.4,44.0,68.0,65.0,5.0,17.0,3.0,0.0,0.0,7.0,0.0,0.0,3.0,16.0,0.262,0.294,0.308,0.602,57.0,0.266,49.0,20.0,1.0,0.0,0.0,0.0,0.0,H/765,
Phil Maton,26.0,2TM,2LG,0.0,20.0,4.0,4.0,0.0,1.0,0.0,0.0,0.0,1.0,0.0,0.0,0.0,2.0,0.25,0.25,0.25,0.5,35.0,0.222,25.0,1.0,0.0,0.0,0.0,0.0,0.0,1,
Phil Maton,26.0,SDP,NL,0.0,18.0,4.0,4.0,0.0,1.0,0.0,0.0,0.0,1.0,0.0,0.0,0.0,2.0,0.25,0.25,0.25,0.5,35.0,0.222,25.0,1.0,0.0,0.0,0.0,0.0,0.0,1,
Phil Maton,26.0,CLE,AL,0.0,2.0,0.0,0.0,0.0,0.0,0.0,0.0,0.0,0.0,0.0,0.0,0.0,0.0,,,,,,,,0.0,0.0,0.0,0.0,0.0,0.0,/1,
Phillip Diehl*,24.0,COL,NL,0.0,10.0,0.0,0.0,0.0,0.0,0.0,0.0,0.0,0.0,0.0,0.0,0.0,0.0,,,,,,,,0.0,0.0,0.0,0.0,0.0,0.0,1,
R.J. Alaniz,28.0,CIN,NL,0.1,8.0,1.0,1.0,0.0,1.0,0.0,0.0,0.0,1.0,0.0,0.0,0.0,0.0,1.0,1.0,1.0,2.0,414.0,0.887,492.0,1.0,0.0,0.0,0.0,0.0,0.0,/1,
Rafael Devers*,22.0,BOS,AL,5.4,156.0,702.0,647.0,129.0,201.0,54.0,4.0,32.0,115.0,8.0,8.0,48.0,119.0,0.311,0.361,0.555,0.916,132.0,0.385,136.0,359.0,8.0,4.0,1.0,2.0,7.0,*5/H6D,MVP-12
Rafael Montero,28.0,TEX,AL,0.0,1.0,0.0,0.0,0.0,0.0,0.0,0.0,0.0,0.0,0.0,0.0,0.0,0.0,,,,,,,,0.0,0.0,0.0,0.0,0.0,0.0,1,
Rafael Ortega*,28.0,ATL,NL,-0.4,34.0,96.0,88.0,7.0,18.0,3.0,0.0,2.0,10.0,3.0,0.0,8.0,22.0,0.205,0.271,0.307,0.578,47.0,0.261,36.0,27.0,2.0,0.0,0.0,0.0,0.0,7H/98,
Raimel Tapia*,25.0,COL,NL,-0.4,138.0,447.0,426.0,54.0,117.0,23.0,5.0,9.0,44.0,9.0,3.0,21.0,100.0,0.275,0.309,0.415,0.724,75.0,0.318,73.0,177.0,2.0,0.0,0.0,0.0,0.0,7H8/9D,
Raisel Iglesias,29.0,CIN,NL,0.0,64.0,2.0,2.0,0.0,0.0,0.0,0.0,0.0,0.0,0.0,0.0,0.0,1.0,0.0,0.0,0.0,0.0,-100.0,0.0,-146.0,0.0,0.0,0.0,0.0,0.0,0.0,1,
Rajai Davis,38.0,NYM,NL,-0.1,29.0,26.0,25.0,4.0,5.0,2.0,0.0,1.0,8.0,0.0,1.0,1.0,5.0,0.2,0.231,0.4,0.631,65.0,0.279,81.0,10.0,0.0,0.0,0.0,0.0,0.0,H7/9,
Ramón Laureano,24.0,OAK,AL,3.5,123.0,481.0,434.0,79.0,125.0,29.0,0.0,24.0,67.0,13.0,2.0,27.0,123.0,0.288,0.34,0.521,0.86,129.0,0.363,127.0,226.0,7.0,11.0,1.0,8.0,0.0,*89/H,
Randal Grichuk,27.0,TOR,AL,0.8,151.0,628.0,586.0,75.0,136.0,29.0,5.0,31.0,80.0,2.0,1.0,35.0,163.0,0.232,0.28,0.457,0.738,93.0,0.312,91.0,268.0,20.0,5.0,0.0,2.0,0.0,*98D/H,
Randy Arozarena,24.0,STL,NL,0.3,19.0,23.0,20.0,4.0,6.0,1.0,0.0,1.0,2.0,2.0,1.0,2.0,4.0,0.3,0.391,0.5,0.891,135.0,0.409,158.0,10.0,0.0,1.0,0.0,0.0,0.0,H/987,
Randy Rosario*,25.0,CHC,NL,0.0,11.0,1.0,1.0,0.0,0.0,0.0,0.0,0.0,0.0,0.0,0.0,0.0,0.0,0.0,0.0,0.0,0.0,-100.0,0.0,-142.0,0.0,0.0,0.0,0.0,0.0,0.0,1,
Rangel Ravelo,27.0,STL,NL,-0.2,29.0,43.0,39.0,4.0,8.0,2.0,0.0,2.0,7.0,0.0,0.0,3.0,12.0,0.205,0.256,0.41,0.666,72.0,0.278,63.0,16.0,1.0,0.0,0.0,1.0,0.0,H/3,
Ranger Suárez*,23.0,PHI,NL,0.0,34.0,5.0,4.0,0.0,1.0,0.0,0.0,0.0,0.0,0.0,0.0,0.0,2.0,0.25,0.25,0.25,0.5,31.0,0.199,-23.0,1.0,0.0,0.0,1.0,0.0,0.0,1,
Raudy Read,25.0,WSN,NL,-0.2,6.0,11.0,11.0,0.0,1.0,0.0,0.0,0.0,0.0,0.0,0.0,0.0,5.0,0.091,0.091,0.091,0.182,-52.0,0.081,-85.0,1.0,1.0,0.0,0.0,0.0,0.0,/2H,
Ray Black,29.0,2TM,NL,0.0,17.0,0.0,0.0,0.0,0.0,0.0,0.0,0.0,0.0,0.0,0.0,0.0,0.0,,,,,,,,0.0,0.0,0.0,0.0,0.0,0.0,1,
Ray Black,29.0,SFG,NL,0.0,2.0,0.0,0.0,0.0,0.0,0.0,0.0,0.0,0.0,0.0,0.0,0.0,0.0,,,,,,,,0.0,0.0,0.0,0.0,0.0,0.0,/1,
Ray Black,29.0,MIL,NL,0.0,15.0,0.0,0.0,0.0,0.0,0.0,0.0,0.0,0.0,0.0,0.0,0.0,0.0,,,,,,,,0.0,0.0,0.0,0.0,0.0,0.0,1,
Reese McGuire*,24.0,TOR,AL,1.0,30.0,105.0,97.0,14.0,29.0,7.0,0.0,5.0,11.0,0.0,0.0,7.0,18.0,0.299,0.346,0.526,0.872,130.0,0.363,127.0,51.0,1.0,0.0,0.0,0.0,0.0,2/H,
Reggie McClain,26.0,SEA,AL,0.0,2.0,0.0,0.0,0.0,0.0,0.0,0.0,0.0,0.0,0.0,0.0,0.0,0.0,,,,,,,,0.0,0.0,0.0,0.0,0.0,0.0,1,
Renato Núñez,25.0,BAL,AL,0.4,151.0,599.0,541.0,72.0,132.0,24.0,0.0,31.0,90.0,1.0,1.0,44.0,143.0,0.244,0.311,0.46,0.771,101.0,0.326,98.0,249.0,9.0,10.0,0.0,4.0,1.0,*D3H/57,
René Rivera,35.0,NYM,NL,-0.1,9.0,20.0,17.0,2.0,4.0,0.0,0.0,1.0,3.0,0.0,0.0,3.0,4.0,0.235,0.35,0.412,0.762,104.0,0.334,107.0,7.0,0.0,0.0,0.0,0.0,0.0,/2H,
Reyes Moronta,26.0,SFG,NL,0.0,52.0,0.0,0.0,0.0,0.0,0.0,0.0,0.0,0.0,0.0,0.0,0.0,0.0,,,,,,,,0.0,0.0,0.0,0.0,0.0,0.0,1,
Reynaldo López,25.0,CHW,AL,-0.1,3.0,4.0,4.0,0.0,0.0,0.0,0.0,0.0,0.0,0.0,0.0,0.0,3.0,0.0,0.0,0.0,0.0,-100.0,0.0,-130.0,0.0,0.0,0.0,0.0,0.0,0.0,1,
Rhys Hoskins,26.0,PHI,NL,1.9,160.0,705.0,570.0,86.0,129.0,33.0,5.0,29.0,85.0,2.0,2.0,116.0,173.0,0.226,0.364,0.454,0.819,111.0,0.353,112.0,259.0,10.0,11.0,0.0,6.0,6.0,*3/D,
Rich Hill*,39.0,LAD,NL,0.1,11.0,20.0,18.0,0.0,3.0,1.0,0.0,0.0,1.0,0.0,0.0,1.0,9.0,0.167,0.211,0.222,0.433,15.0,0.194,-3.0,4.0,0.0,0.0,1.0,0.0,0.0,1,
Richard Bleier*,32.0,BAL,AL,0.0,6.0,0.0,0.0,0.0,0.0,0.0,0.0,0.0,0.0,0.0,0.0,0.0,0.0,,,,,,,,0.0,0.0,0.0,0.0,0.0,0.0,1,
Richard Lovelady*,23.0,KCR,AL,0.0,1.0,0.0,0.0,0.0,0.0,0.0,0.0,0.0,0.0,0.0,0.0,0.0,0.0,,,,,,,,0.0,0.0,0.0,0.0,0.0,0.0,1,
Richard Rodríguez,29.0,PIT,NL,0.0,68.0,0.0,0.0,0.0,0.0,0.0,0.0,0.0,0.0,0.0,0.0,0.0,0.0,,,,,,,,0.0,0.0,0.0,0.0,0.0,0.0,1,
Richard Ureña#,23.0,TOR,AL,0.1,30.0,80.0,74.0,4.0,18.0,6.0,0.0,0.0,4.0,0.0,0.0,2.0,23.0,0.243,0.273,0.324,0.597,60.0,0.269,59.0,24.0,0.0,1.0,3.0,0.0,0.0,6/45H17,
Richie Martin,24.0,BAL,AL,-1.0,120.0,309.0,283.0,29.0,59.0,8.0,3.0,6.0,23.0,10.0,1.0,14.0,83.0,0.208,0.26,0.322,0.581,53.0,0.266,51.0,91.0,6.0,6.0,5.0,1.0,0.0,*6/HD,
Rick Porcello,30.0,BOS,AL,-0.1,3.0,6.0,6.0,0.0,0.0,0.0,0.0,0.0,0.0,0.0,0.0,0.0,2.0,0.0,0.0,0.0,0.0,-100.0,0.0,-139.0,0.0,1.0,0.0,0.0,0.0,0.0,1,
Rico Garcia,25.0,COL,NL,0.0,2.0,1.0,1.0,0.0,0.0,0.0,0.0,0.0,0.0,0.0,0.0,0.0,1.0,0.0,0.0,0.0,0.0,-100.0,0.0,-158.0,0.0,0.0,0.0,0.0,0.0,0.0,/1,
Rio Ruiz*,25.0,BAL,AL,0.2,127.0,413.0,370.0,35.0,86.0,13.0,2.0,12.0,46.0,0.0,1.0,40.0,88.0,0.232,0.306,0.376,0.682,80.0,0.299,79.0,139.0,12.0,0.0,1.0,2.0,0.0,*5H3/D4,
Rob Brantly*,29.0,PHI,NL,0.0,1.0,1.0,1.0,0.0,0.0,0.0,0.0,0.0,0.0,0.0,0.0,0.0,1.0,0.0,0.0,0.0,0.0,-100.0,0.0,-142.0,0.0,0.0,0.0,0.0,0.0,0.0,/H,
Robbie Erlin,28.0,SDP,NL,-0.1,34.0,4.0,4.0,0.0,0.0,0.0,0.0,0.0,0.0,0.0,0.0,0.0,0.0,0.0,0.0,0.0,0.0,-100.0,0.0,-135.0,0.0,1.0,0.0,0.0,0.0,0.0,1,
Robbie Grossman#,29.0,OAK,AL,1.0,138.0,482.0,420.0,57.0,101.0,21.0,3.0,6.0,38.0,9.0,4.0,59.0,86.0,0.24,0.334,0.348,0.682,87.0,0.306,90.0,146.0,7.0,1.0,0.0,2.0,2.0,*7H9/8,
Robbie Ray*,27.0,ARI,NL,-0.6,31.0,60.0,55.0,1.0,4.0,0.0,0.0,0.0,3.0,0.0,0.0,0.0,28.0,0.073,0.073,0.073,0.145,-62.0,0.063,-114.0,4.0,2.0,0.0,5.0,0.0,0.0,1/H,
Robby Scott#,29.0,ARI,NL,0.0,11.0,0.0,0.0,0.0,0.0,0.0,0.0,0.0,0.0,0.0,0.0,0.0,0.0,,,,,,,,0.0,0.0,0.0,0.0,0.0,0.0,1,
Robel García#,26.0,CHC,NL,0.0,31.0,80.0,72.0,8.0,15.0,2.0,2.0,5.0,11.0,0.0,0.0,7.0,35.0,0.208,0.275,0.5,0.775,95.0,0.317,87.0,36.0,2.0,0.0,0.0,1.0,0.0,4H/79D,
Robert Dugger,23.0,MIA,NL,-0.2,7.0,11.0,11.0,0.0,0.0,0.0,0.0,0.0,0.0,0.0,0.0,0.0,6.0,0.0,0.0,0.0,0.0,-100.0,0.0,-137.0,0.0,0.0,0.0,0.0,0.0,0.0,/1,
Robert Gsellman,25.0,NYM,NL,0.1,50.0,1.0,0.0,0.0,0.0,0.0,0.0,0.0,0.0,0.0,0.0,1.0,0.0,,1.0,,,,0.693,367.0,0.0,0.0,0.0,0.0,0.0,0.0,1,
Robert Stephenson,26.0,CIN,NL,0.0,54.0,1.0,1.0,0.0,0.0,0.0,0.0,0.0,0.0,0.0,0.0,0.0,1.0,0.0,0.0,0.0,0.0,-100.0,0.0,-150.0,0.0,0.0,0.0,0.0,0.0,0.0,1,
Robert Stock*,29.0,SDP,NL,0.0,10.0,0.0,0.0,0.0,0.0,0.0,0.0,0.0,0.0,0.0,0.0,0.0,0.0,,,,,,,,0.0,0.0,0.0,0.0,0.0,0.0,1,
Roberto Osuna,24.0,HOU,AL,0.0,4.0,0.0,0.0,0.0,0.0,0.0,0.0,0.0,0.0,0.0,0.0,0.0,0.0,,,,,,,,0.0,0.0,0.0,0.0,0.0,0.0,1,
Roberto Pérez,30.0,CLE,AL,4.1,119.0,449.0,389.0,46.0,93.0,9.0,1.0,24.0,63.0,0.0,0.0,45.0,127.0,0.239,0.321,0.452,0.774,99.0,0.332,98.0,176.0,12.0,4.0,7.0,4.0,1.0,*2/D,GG
Robinson Canó*,36.0,NYM,NL,0.7,107.0,423.0,390.0,46.0,100.0,28.0,0.0,13.0,39.0,0.0,0.0,25.0,69.0,0.256,0.307,0.428,0.736,95.0,0.314,93.0,167.0,16.0,5.0,0.0,3.0,3.0,4/HD,
Robinson Chirinos,35.0,HOU,AL,3.8,114.0,437.0,366.0,57.0,87.0,22.0,1.0,17.0,58.0,1.0,2.0,51.0,125.0,0.238,0.347,0.443,0.79,105.0,0.351,114.0,162.0,11.0,13.0,2.0,5.0,1.0,*2/H,
Rocky Gale,31.0,LAD,NL,-0.2,5.0,15.0,15.0,1.0,2.0,0.0,0.0,0.0,0.0,0.0,0.0,0.0,7.0,0.133,0.133,0.133,0.267,-29.0,0.118,-53.0,2.0,1.0,0.0,0.0,0.0,0.0,/2H,
Roenis Elías*,30.0,2TM,2LG,0.0,5.0,1.0,1.0,0.0,0.0,0.0,0.0,0.0,0.0,0.0,0.0,0.0,0.0,0.0,0.0,0.0,0.0,-100.0,0.0,-142.0,0.0,0.0,0.0,0.0,0.0,0.0,1,
Roenis Elías*,30.0,SEA,AL,0.0,1.0,0.0,0.0,0.0,0.0,0.0,0.0,0.0,0.0,0.0,0.0,0.0,0.0,,,,,,,,0.0,0.0,0.0,0.0,0.0,0.0,1,
Roenis Elías*,30.0,WSN,NL,0.0,4.0,1.0,1.0,0.0,0.0,0.0,0.0,0.0,0.0,0.0,0.0,0.0,0.0,0.0,0.0,0.0,0.0,-100.0,0.0,-142.0,0.0,0.0,0.0,0.0,0.0,0.0,/1,
Roman Quinn#,26.0,PHI,NL,-0.2,44.0,122.0,108.0,18.0,23.0,3.0,1.0,4.0,11.0,8.0,0.0,12.0,34.0,0.213,0.298,0.37,0.668,72.0,0.301,63.0,40.0,2.0,1.0,1.0,0.0,0.0,8H/1,
Ronald Acuña Jr.,21.0,ATL,NL,5.2,156.0,715.0,626.0,127.0,175.0,22.0,2.0,41.0,101.0,37.0,9.0,76.0,188.0,0.28,0.365,0.518,0.883,121.0,0.386,128.0,324.0,8.0,9.0,0.0,1.0,4.0,*879/H,"AS,MVP-5,SS"
Ronald Bolaños,22.0,SDP,NL,-0.1,5.0,5.0,5.0,1.0,0.0,0.0,0.0,0.0,1.0,0.0,0.0,0.0,4.0,0.0,0.0,0.0,0.0,-100.0,0.0,-135.0,0.0,0.0,0.0,0.0,0.0,0.0,/1,
Ronald Guzmán*,24.0,TEX,AL,0.1,87.0,295.0,256.0,34.0,56.0,20.0,0.0,10.0,36.0,1.0,2.0,32.0,87.0,0.219,0.308,0.414,0.723,81.0,0.306,76.0,106.0,7.0,3.0,0.0,4.0,1.0,3/HD,
Ronald Torreyes,26.0,MIN,AL,-0.2,7.0,17.0,16.0,3.0,3.0,0.0,0.0,0.0,1.0,1.0,0.0,0.0,3.0,0.188,0.235,0.188,0.423,16.0,0.259,43.0,3.0,0.0,1.0,0.0,0.0,0.0,/6457,
Ronny Rodríguez,27.0,DET,AL,-0.6,84.0,294.0,276.0,29.0,61.0,12.0,3.0,14.0,43.0,3.0,1.0,13.0,82.0,0.221,0.252,0.438,0.69,77.0,0.287,69.0,121.0,5.0,0.0,0.0,5.0,0.0,46H3/D57,
Rookie Davis,26.0,PIT,NL,0.0,5.0,1.0,1.0,0.0,0.0,0.0,0.0,0.0,0.0,0.0,0.0,0.0,0.0,0.0,0.0,0.0,0.0,-100.0,0.0,-142.0,0.0,0.0,0.0,0.0,0.0,0.0,/1,
Rosell Herrera#,26.0,MIA,NL,-1.0,63.0,119.0,105.0,10.0,21.0,6.0,0.0,2.0,11.0,4.0,1.0,11.0,27.0,0.2,0.288,0.314,0.602,60.0,0.266,51.0,33.0,2.0,2.0,1.0,0.0,1.0,H897/456,
Ross Detwiler,33.0,CHW,AL,0.0,2.0,2.0,2.0,0.0,0.0,0.0,0.0,0.0,0.0,0.0,0.0,0.0,1.0,0.0,0.0,0.0,0.0,-100.0,0.0,-132.0,0.0,0.0,0.0,0.0,0.0,0.0,1,
Ross Stripling,29.0,LAD,NL,0.0,27.0,24.0,20.0,1.0,3.0,0.0,0.0,0.0,1.0,0.0,0.0,2.0,7.0,0.15,0.227,0.15,0.377,4.0,0.18,-18.0,3.0,1.0,0.0,2.0,0.0,0.0,1,
Rougned Odor*,25.0,TEX,AL,-0.2,145.0,581.0,522.0,77.0,107.0,30.0,1.0,30.0,93.0,11.0,9.0,52.0,178.0,0.205,0.283,0.439,0.721,79.0,0.303,74.0,229.0,4.0,5.0,1.0,1.0,2.0,*4/HD,
Rowan Wick*,26.0,CHC,NL,0.0,31.0,0.0,0.0,0.0,0.0,0.0,0.0,0.0,0.0,0.0,0.0,0.0,0.0,,,,,,,,0.0,0.0,0.0,0.0,0.0,0.0,1,
Rowdy Tellez*,24.0,TOR,AL,0.1,111.0,409.0,370.0,49.0,84.0,19.0,0.0,21.0,54.0,1.0,1.0,29.0,116.0,0.227,0.293,0.449,0.742,95.0,0.31,90.0,166.0,9.0,7.0,0.0,3.0,3.0,3DH,
Rubén Tejada,29.0,NYM,NL,-0.2,6.0,9.0,9.0,1.0,0.0,0.0,0.0,0.0,0.0,0.0,0.0,0.0,3.0,0.0,0.0,0.0,0.0,-100.0,0.0,-133.0,0.0,0.0,0.0,0.0,0.0,0.0,/456H,
Russell Martin,36.0,LAD,NL,0.6,83.0,249.0,209.0,29.0,46.0,5.0,0.0,6.0,20.0,1.0,0.0,30.0,60.0,0.22,0.337,0.33,0.667,78.0,0.311,85.0,69.0,1.0,8.0,0.0,2.0,3.0,2H/51,
Ryan Brasier,31.0,BOS,AL,0.0,5.0,0.0,0.0,0.0,0.0,0.0,0.0,0.0,0.0,0.0,0.0,0.0,0.0,,,,,,,,0.0,0.0,0.0,0.0,0.0,0.0,1,
Ryan Braun,35.0,MIL,NL,1.7,144.0,508.0,459.0,70.0,131.0,31.0,2.0,22.0,75.0,11.0,1.0,34.0,105.0,0.285,0.343,0.505,0.849,116.0,0.364,117.0,232.0,15.0,8.0,0.0,3.0,1.0,*7H/D9,
Ryan Buchter*,32.0,OAK,AL,0.0,4.0,0.0,0.0,0.0,0.0,0.0,0.0,0.0,0.0,0.0,0.0,0.0,0.0,,,,,,,,0.0,0.0,0.0,0.0,0.0,0.0,1,
Ryan Carpenter*,28.0,DET,AL,0.0,1.0,2.0,2.0,0.0,0.0,0.0,0.0,0.0,0.0,0.0,0.0,0.0,1.0,0.0,0.0,0.0,0.0,-100.0,0.0,-132.0,0.0,0.0,0.0,0.0,0.0,0.0,/1,
Ryan Cordell,27.0,CHW,AL,-0.6,97.0,247.0,217.0,22.0,48.0,8.0,0.0,7.0,24.0,3.0,1.0,19.0,69.0,0.221,0.29,0.355,0.645,72.0,0.281,67.0,77.0,2.0,3.0,6.0,2.0,0.0,98H/7,
Ryan Court,31.0,SEA,AL,-0.2,12.0,25.0,24.0,1.0,5.0,1.0,0.0,1.0,5.0,0.0,0.0,1.0,11.0,0.208,0.24,0.375,0.615,64.0,0.259,57.0,9.0,0.0,0.0,0.0,0.0,0.0,/379H,
Ryan Flaherty*,32.0,CLE,AL,-0.2,14.0,22.0,21.0,4.0,3.0,2.0,0.0,0.0,1.0,0.0,0.0,0.0,7.0,0.143,0.143,0.238,0.381,-3.0,0.158,-30.0,5.0,1.0,0.0,1.0,0.0,0.0,5/4H,
Ryan Goins*,31.0,CHW,AL,0.0,52.0,163.0,144.0,13.0,36.0,6.0,1.0,2.0,10.0,0.0,1.0,17.0,44.0,0.25,0.333,0.347,0.681,84.0,0.293,79.0,50.0,7.0,1.0,1.0,0.0,1.0,56H/937D,
Ryan Helsley,24.0,STL,NL,0.0,24.0,3.0,3.0,0.0,1.0,0.0,0.0,0.0,0.0,0.0,0.0,0.0,2.0,0.333,0.333,0.333,0.667,79.0,0.265,53.0,1.0,0.0,0.0,0.0,0.0,0.0,1,
Ryan LaMarre,30.0,MIN,AL,0.0,14.0,26.0,23.0,3.0,5.0,0.0,0.0,2.0,3.0,1.0,1.0,3.0,5.0,0.217,0.308,0.478,0.786,105.0,0.316,99.0,11.0,0.0,0.0,0.0,0.0,0.0,8/9HD,
Ryan Lavarnway,31.0,CIN,NL,0.2,5.0,19.0,18.0,4.0,5.0,2.0,0.0,2.0,7.0,0.0,0.0,1.0,5.0,0.278,0.316,0.722,1.038,151.0,0.417,153.0,13.0,0.0,0.0,0.0,0.0,0.0,/2,
Ryan McBroom,27.0,KCR,AL,-0.2,23.0,83.0,75.0,8.0,22.0,5.0,0.0,0.0,6.0,0.0,0.0,7.0,25.0,0.293,0.361,0.36,0.721,92.0,0.32,91.0,27.0,3.0,1.0,0.0,0.0,0.0,9/3H7,
Ryan McMahon*,24.0,COL,NL,1.9,141.0,539.0,480.0,70.0,120.0,22.0,1.0,24.0,83.0,5.0,1.0,56.0,160.0,0.25,0.329,0.45,0.779,88.0,0.337,87.0,216.0,14.0,1.0,1.0,1.0,1.0,*453H,
Ryan O'Hearn*,25.0,KCR,AL,-1.4,105.0,370.0,328.0,32.0,64.0,13.0,1.0,14.0,38.0,0.0,1.0,39.0,99.0,0.195,0.281,0.369,0.65,69.0,0.276,62.0,121.0,7.0,1.0,0.0,2.0,1.0,3H/7D,
Ryan O'Rourke,31.0,NYM,NL,0.0,2.0,0.0,0.0,0.0,0.0,0.0,0.0,0.0,0.0,0.0,0.0,0.0,0.0,,,,,,,,0.0,0.0,0.0,0.0,0.0,0.0,/1,
Ryan Pressly,30.0,HOU,AL,0.0,4.0,0.0,0.0,0.0,0.0,0.0,0.0,0.0,0.0,0.0,0.0,0.0,0.0,,,,,,,,0.0,0.0,0.0,0.0,0.0,0.0,1,AS
Ryan Tepera,31.0,TOR,AL,0.0,2.0,0.0,0.0,0.0,0.0,0.0,0.0,0.0,0.0,0.0,0.0,0.0,0.0,,,,,,,,0.0,0.0,0.0,0.0,0.0,0.0,1,
Ryan Yarbrough,27.0,TBR,AL,0.0,1.0,0.0,0.0,0.0,0.0,0.0,0.0,0.0,0.0,0.0,0.0,0.0,0.0,,,,,,,,0.0,0.0,0.0,0.0,0.0,0.0,1,
Ryan Zimmerman,34.0,WSN,NL,0.5,52.0,190.0,171.0,20.0,44.0,9.0,0.0,6.0,27.0,0.0,0.0,17.0,39.0,0.257,0.321,0.415,0.736,89.0,0.319,87.0,71.0,4.0,0.0,0.0,2.0,0.0,3/HD,
Ryne Harper,30.0,MIN,AL,0.0,5.0,0.0,0.0,0.0,0.0,0.0,0.0,0.0,0.0,0.0,0.0,0.0,0.0,,,,,,,,0.0,0.0,0.0,0.0,0.0,0.0,1,
Ryne Stanek,27.0,2TM,2LG,0.0,24.0,0.0,0.0,0.0,0.0,0.0,0.0,0.0,0.0,0.0,0.0,0.0,0.0,,,,,,,,0.0,0.0,0.0,0.0,0.0,0.0,1,
Ryne Stanek,27.0,TBR,AL,0.0,2.0,0.0,0.0,0.0,0.0,0.0,0.0,0.0,0.0,0.0,0.0,0.0,0.0,,,,,,,,0.0,0.0,0.0,0.0,0.0,0.0,1,
Ryne Stanek,27.0,MIA,NL,0.0,22.0,0.0,0.0,0.0,0.0,0.0,0.0,0.0,0.0,0.0,0.0,0.0,0.0,,,,,,,,0.0,0.0,0.0,0.0,0.0,0.0,1,
Ryon Healy,27.0,SEA,AL,0.2,47.0,187.0,169.0,24.0,40.0,16.0,0.0,7.0,26.0,0.0,0.0,13.0,40.0,0.237,0.289,0.456,0.744,98.0,0.311,93.0,77.0,1.0,1.0,0.0,4.0,0.0,53,
Sal Romano*,25.0,CIN,NL,0.0,11.0,2.0,2.0,0.0,0.0,0.0,0.0,0.0,0.0,0.0,0.0,0.0,1.0,0.0,0.0,0.0,0.0,-100.0,0.0,-146.0,0.0,0.0,0.0,0.0,0.0,0.0,1/H,
Sam Coonrod,26.0,SFG,NL,0.0,28.0,0.0,0.0,0.0,0.0,0.0,0.0,0.0,0.0,0.0,0.0,0.0,0.0,,,,,,,,0.0,0.0,0.0,0.0,0.0,0.0,1,
Sam Dyson,31.0,2TM,2LG,0.0,50.0,0.0,0.0,0.0,0.0,0.0,0.0,0.0,0.0,0.0,0.0,0.0,0.0,,,,,,,,0.0,0.0,0.0,0.0,0.0,0.0,1,
Sam Dyson,31.0,SFG,NL,0.0,47.0,0.0,0.0,0.0,0.0,0.0,0.0,0.0,0.0,0.0,0.0,0.0,0.0,,,,,,,,0.0,0.0,0.0,0.0,0.0,0.0,1,
Sam Dyson,31.0,MIN,AL,0.0,3.0,0.0,0.0,0.0,0.0,0.0,0.0,0.0,0.0,0.0,0.0,0.0,0.0,,,,,,,,0.0,0.0,0.0,0.0,0.0,0.0,1,
Sam Gaviglio,29.0,TOR,AL,0.0,2.0,0.0,0.0,0.0,0.0,0.0,0.0,0.0,0.0,0.0,0.0,0.0,0.0,,,,,,,,0.0,0.0,0.0,0.0,0.0,0.0,1,
Sam Haggerty#,25.0,NYM,NL,-0.1,11.0,4.0,4.0,2.0,0.0,0.0,0.0,0.0,0.0,0.0,0.0,0.0,3.0,0.0,0.0,0.0,0.0,-100.0,0.0,-133.0,0.0,0.0,0.0,0.0,0.0,0.0,H/49,
Sam Hilliard*,25.0,COL,NL,0.6,27.0,87.0,77.0,13.0,21.0,4.0,2.0,7.0,13.0,2.0,0.0,9.0,23.0,0.273,0.356,0.649,1.006,138.0,0.414,139.0,50.0,1.0,1.0,0.0,0.0,0.0,8/9H7,
Sam Howard,26.0,COL,NL,0.0,19.0,1.0,1.0,0.0,0.0,0.0,0.0,0.0,0.0,0.0,0.0,0.0,1.0,0.0,0.0,0.0,0.0,-100.0,0.0,-158.0,0.0,0.0,0.0,0.0,0.0,0.0,1,
Sam Selman,28.0,SFG,NL,0.0,9.0,0.0,0.0,0.0,0.0,0.0,0.0,0.0,0.0,0.0,0.0,0.0,0.0,,,,,,,,0.0,0.0,0.0,0.0,0.0,0.0,1,
Sam Travis,25.0,BOS,AL,-0.8,59.0,157.0,144.0,17.0,31.0,4.0,1.0,6.0,16.0,2.0,0.0,11.0,36.0,0.215,0.274,0.382,0.656,67.0,0.288,63.0,55.0,6.0,1.0,0.0,1.0,2.0,37H/D9,
Sam Tuivailala,26.0,SEA,AL,0.0,1.0,0.0,0.0,0.0,0.0,0.0,0.0,0.0,0.0,0.0,0.0,0.0,0.0,,,,,,,,0.0,0.0,0.0,0.0,0.0,0.0,1,
Sandy Alcantara,23.0,MIA,NL,-0.2,31.0,63.0,58.0,2.0,5.0,1.0,0.0,0.0,4.0,0.0,0.0,1.0,46.0,0.086,0.117,0.103,0.22,-40.0,0.102,-71.0,6.0,0.0,1.0,3.0,0.0,0.0,1,AS
Sandy León#,30.0,BOS,AL,-0.5,65.0,191.0,172.0,14.0,33.0,3.0,0.0,5.0,19.0,0.0,0.0,13.0,47.0,0.192,0.251,0.297,0.548,42.0,0.258,43.0,51.0,0.0,1.0,4.0,1.0,0.0,2/3DH,
Scooter Gennett*,29.0,2TM,NL,-1.2,42.0,139.0,133.0,15.0,30.0,7.0,0.0,2.0,11.0,0.0,0.0,2.0,41.0,0.226,0.245,0.323,0.568,46.0,0.249,38.0,43.0,1.0,2.0,0.0,2.0,0.0,4/H,
Scooter Gennett*,29.0,CIN,NL,-1.1,21.0,72.0,69.0,4.0,15.0,3.0,0.0,0.0,5.0,0.0,0.0,1.0,20.0,0.217,0.236,0.261,0.497,27.0,0.217,10.0,18.0,0.0,1.0,0.0,1.0,0.0,4/H,
Scooter Gennett*,29.0,SFG,NL,-0.1,21.0,67.0,64.0,11.0,15.0,4.0,0.0,2.0,6.0,0.0,0.0,1.0,21.0,0.234,0.254,0.391,0.644,68.0,0.283,68.0,25.0,1.0,1.0,0.0,1.0,0.0,4/H,
Scott Alexander*,29.0,LAD,NL,0.0,27.0,0.0,0.0,0.0,0.0,0.0,0.0,0.0,0.0,0.0,0.0,0.0,0.0,,,,,,,,0.0,0.0,0.0,0.0,0.0,0.0,1,
Scott Barlow,26.0,KCR,AL,0.0,3.0,0.0,0.0,0.0,0.0,0.0,0.0,0.0,0.0,0.0,0.0,0.0,0.0,,,,,,,,0.0,0.0,0.0,0.0,0.0,0.0,1,
Scott Heineman,26.0,TEX,AL,0.1,25.0,85.0,75.0,8.0,16.0,6.0,0.0,2.0,7.0,1.0,2.0,9.0,20.0,0.213,0.306,0.373,0.679,72.0,0.294,72.0,28.0,3.0,1.0,0.0,0.0,0.0,/8973,
Scott Kingery,25.0,PHI,NL,2.7,126.0,500.0,458.0,64.0,118.0,34.0,4.0,19.0,55.0,15.0,4.0,34.0,147.0,0.258,0.315,0.474,0.788,101.0,0.338,99.0,217.0,3.0,5.0,1.0,2.0,1.0,85647/H9,
Scott Oberg,29.0,COL,NL,0.0,45.0,1.0,1.0,0.0,0.0,0.0,0.0,0.0,0.0,0.0,0.0,0.0,1.0,0.0,0.0,0.0,0.0,-100.0,0.0,-158.0,0.0,0.0,0.0,0.0,0.0,0.0,1,
Scott Schebler*,28.0,CIN,NL,-0.7,30.0,95.0,81.0,11.0,10.0,2.0,0.0,2.0,7.0,0.0,1.0,14.0,27.0,0.123,0.253,0.222,0.475,23.0,0.236,27.0,18.0,3.0,0.0,0.0,0.0,0.0,8/H79,
Sean Doolittle*,32.0,WSN,NL,-0.1,61.0,3.0,3.0,0.0,0.0,0.0,0.0,0.0,0.0,0.0,0.0,0.0,2.0,0.0,0.0,0.0,0.0,-100.0,0.0,-142.0,0.0,1.0,0.0,0.0,0.0,0.0,1,
Sean Murphy,24.0,OAK,AL,0.6,20.0,60.0,53.0,14.0,13.0,5.0,0.0,4.0,8.0,0.0,0.0,6.0,16.0,0.245,0.333,0.566,0.899,138.0,0.368,133.0,30.0,3.0,1.0,0.0,0.0,0.0,2/HD,
Sean Newcomb*,26.0,ATL,NL,-0.1,52.0,8.0,8.0,0.0,0.0,0.0,0.0,0.0,0.0,0.0,0.0,0.0,7.0,0.0,0.0,0.0,0.0,-100.0,0.0,-147.0,0.0,0.0,0.0,0.0,0.0,0.0,1,
Sean Poppen,25.0,MIN,AL,0.0,1.0,0.0,0.0,0.0,0.0,0.0,0.0,0.0,0.0,0.0,0.0,0.0,0.0,,,,,,,,0.0,0.0,0.0,0.0,0.0,0.0,/1,
Sean Reid-Foley,23.0,TOR,AL,0.0,1.0,1.0,1.0,0.0,0.0,0.0,0.0,0.0,0.0,0.0,0.0,0.0,1.0,0.0,0.0,0.0,0.0,-100.0,0.0,-123.0,0.0,0.0,0.0,0.0,0.0,0.0,/1,
Sean Rodríguez,34.0,PHI,NL,0.5,76.0,139.0,112.0,24.0,25.0,5.0,0.0,4.0,12.0,1.0,1.0,19.0,41.0,0.223,0.348,0.375,0.723,89.0,0.331,97.0,42.0,2.0,3.0,4.0,1.0,0.0,H56/794183D,
Seby Zavala,25.0,CHW,AL,-0.2,5.0,12.0,12.0,1.0,1.0,0.0,0.0,0.0,0.0,0.0,0.0,0.0,9.0,0.083,0.083,0.083,0.167,-55.0,0.066,-83.0,1.0,0.0,0.0,0.0,0.0,0.0,/2H,
Seranthony Domínguez,24.0,PHI,NL,0.0,26.0,1.0,1.0,0.0,0.0,0.0,0.0,0.0,0.0,0.0,0.0,0.0,1.0,0.0,0.0,0.0,0.0,-100.0,0.0,-142.0,0.0,0.0,0.0,0.0,0.0,0.0,1,
Sergio Romo,36.0,2TM,2LG,0.0,36.0,0.0,0.0,0.0,0.0,0.0,0.0,0.0,0.0,0.0,0.0,0.0,0.0,,,,,,,,0.0,0.0,0.0,0.0,0.0,0.0,1,
Sergio Romo,36.0,MIA,NL,0.0,32.0,0.0,0.0,0.0,0.0,0.0,0.0,0.0,0.0,0.0,0.0,0.0,0.0,,,,,,,,0.0,0.0,0.0,0.0,0.0,0.0,1,
Sergio Romo,36.0,MIN,AL,0.0,4.0,0.0,0.0,0.0,0.0,0.0,0.0,0.0,0.0,0.0,0.0,0.0,0.0,,,,,,,,0.0,0.0,0.0,0.0,0.0,0.0,1,
Seth Brown*,26.0,OAK,AL,0.8,26.0,83.0,75.0,11.0,22.0,8.0,2.0,0.0,13.0,1.0,0.0,7.0,23.0,0.293,0.361,0.453,0.815,121.0,0.351,119.0,34.0,2.0,1.0,0.0,0.0,0.0,7/H3,
Seth Lugo,29.0,NYM,NL,0.1,57.0,1.0,1.0,0.0,1.0,0.0,0.0,0.0,1.0,0.0,0.0,0.0,0.0,1.0,1.0,1.0,2.0,444.0,0.887,508.0,1.0,0.0,0.0,0.0,0.0,0.0,1,
Seth Mejias-Brean,28.0,SDP,NL,0.4,14.0,33.0,30.0,3.0,7.0,2.0,0.0,2.0,5.0,0.0,0.0,3.0,9.0,0.233,0.303,0.5,0.803,109.0,0.336,107.0,15.0,1.0,0.0,0.0,0.0,0.0,/H365,
Seunghwan Oh,36.0,COL,NL,0.0,20.0,0.0,0.0,0.0,0.0,0.0,0.0,0.0,0.0,0.0,0.0,0.0,0.0,,,,,,,,0.0,0.0,0.0,0.0,0.0,0.0,1,
Shane Bieber,24.0,CLE,AL,-0.1,2.0,5.0,5.0,0.0,0.0,0.0,0.0,0.0,0.0,0.0,0.0,0.0,3.0,0.0,0.0,0.0,0.0,-100.0,0.0,-135.0,0.0,0.0,0.0,0.0,0.0,0.0,1,"AS,CYA-4"
Shane Carle,27.0,ATL,NL,0.0,5.0,1.0,1.0,0.0,0.0,0.0,0.0,0.0,0.0,0.0,0.0,0.0,1.0,0.0,0.0,0.0,0.0,-100.0,0.0,-150.0,0.0,0.0,0.0,0.0,0.0,0.0,/1,
Shane Greene,30.0,2TM,2LG,0.0,27.0,0.0,0.0,0.0,0.0,0.0,0.0,0.0,0.0,0.0,0.0,0.0,0.0,,,,,,,,0.0,0.0,0.0,0.0,0.0,0.0,1,AS
Shane Greene,30.0,DET,AL,0.0,3.0,0.0,0.0,0.0,0.0,0.0,0.0,0.0,0.0,0.0,0.0,0.0,0.0,,,,,,,,0.0,0.0,0.0,0.0,0.0,0.0,1,
Shane Greene,30.0,ATL,NL,0.0,24.0,0.0,0.0,0.0,0.0,0.0,0.0,0.0,0.0,0.0,0.0,0.0,0.0,,,,,,,,0.0,0.0,0.0,0.0,0.0,0.0,1,
Shaun Anderson,24.0,SFG,NL,-0.1,25.0,28.0,25.0,0.0,2.0,1.0,0.0,0.0,0.0,0.0,0.0,0.0,19.0,0.08,0.115,0.12,0.235,-37.0,0.109,-69.0,3.0,0.0,1.0,2.0,0.0,0.0,1,
Shawn Armstrong,28.0,BAL,AL,0.0,4.0,0.0,0.0,0.0,0.0,0.0,0.0,0.0,0.0,0.0,0.0,0.0,0.0,,,,,,,,0.0,0.0,0.0,0.0,0.0,0.0,1,
Shawn Kelley,35.0,TEX,AL,0.0,3.0,0.0,0.0,0.0,0.0,0.0,0.0,0.0,0.0,0.0,0.0,0.0,0.0,,,,,,,,0.0,0.0,0.0,0.0,0.0,0.0,1,
Shed Long Jr.*,23.0,SEA,AL,0.0,42.0,168.0,152.0,21.0,40.0,12.0,1.0,5.0,15.0,3.0,3.0,16.0,40.0,0.263,0.333,0.454,0.787,112.0,0.333,113.0,69.0,1.0,0.0,0.0,0.0,0.0,47/H5D,
Shelby Miller,28.0,TEX,AL,0.1,2.0,3.0,1.0,0.0,0.0,0.0,0.0,0.0,0.0,0.0,0.0,2.0,1.0,0.0,0.667,0.0,0.667,98.0,0.464,184.0,0.0,0.0,0.0,0.0,0.0,0.0,1,
Sheldon Neuse,24.0,OAK,AL,0.3,25.0,61.0,56.0,3.0,14.0,3.0,0.0,0.0,7.0,0.0,0.0,4.0,19.0,0.25,0.295,0.304,0.599,64.0,0.265,61.0,17.0,2.0,0.0,0.0,1.0,0.0,4/5D,
Shin-Soo Choo*,36.0,TEX,AL,1.5,151.0,660.0,563.0,93.0,149.0,31.0,2.0,24.0,61.0,15.0,1.0,78.0,165.0,0.265,0.371,0.455,0.826,109.0,0.371,116.0,256.0,6.0,18.0,0.0,1.0,3.0,D97H,
Shohei Ohtani*,24.0,LAA,AL,2.4,106.0,425.0,384.0,51.0,110.0,20.0,5.0,18.0,62.0,12.0,3.0,33.0,110.0,0.286,0.343,0.505,0.848,121.0,0.37,127.0,194.0,6.0,2.0,0.0,4.0,1.0,DH,
Skye Bolt#,25.0,OAK,AL,-0.1,5.0,11.0,10.0,1.0,1.0,1.0,0.0,0.0,0.0,0.0,0.0,1.0,3.0,0.1,0.182,0.2,0.382,4.0,0.173,-4.0,2.0,0.0,0.0,0.0,0.0,0.0,/8H9,
Sonny Gray,29.0,CIN,NL,0.0,32.0,60.0,46.0,3.0,7.0,0.0,1.0,0.0,3.0,0.0,0.0,2.0,19.0,0.152,0.188,0.196,0.383,-2.0,0.168,-57.0,9.0,0.0,0.0,12.0,0.0,0.0,1/H,"AS,CYA-7"
Spencer Turnbull,26.0,DET,AL,-0.1,3.0,8.0,8.0,1.0,0.0,0.0,0.0,0.0,0.0,0.0,0.0,0.0,7.0,0.0,0.0,0.0,0.0,-100.0,0.0,-132.0,0.0,0.0,0.0,0.0,0.0,0.0,1,
Starlin Castro,29.0,MIA,NL,1.1,162.0,676.0,636.0,68.0,172.0,31.0,4.0,22.0,86.0,2.0,2.0,28.0,111.0,0.27,0.3,0.436,0.736,92.0,0.31,87.0,277.0,23.0,3.0,0.0,9.0,2.0,*45/6H,
Starling Marte,30.0,PIT,NL,2.9,132.0,586.0,539.0,97.0,159.0,31.0,6.0,23.0,82.0,25.0,6.0,25.0,94.0,0.295,0.342,0.503,0.845,119.0,0.364,120.0,271.0,15.0,16.0,2.0,4.0,1.0,*8/H,
Stefan Crichton,27.0,ARI,NL,0.0,28.0,0.0,0.0,0.0,0.0,0.0,0.0,0.0,0.0,0.0,0.0,0.0,0.0,,,,,,,,0.0,0.0,0.0,0.0,0.0,0.0,1,
Stephen Nogosek,24.0,NYM,NL,0.0,7.0,0.0,0.0,0.0,0.0,0.0,0.0,0.0,0.0,0.0,0.0,0.0,0.0,,,,,,,,0.0,0.0,0.0,0.0,0.0,0.0,/1,
Stephen Piscotty,28.0,OAK,AL,1.0,93.0,393.0,357.0,46.0,89.0,17.0,1.0,13.0,44.0,2.0,0.0,29.0,84.0,0.249,0.309,0.412,0.72,94.0,0.309,91.0,147.0,13.0,3.0,1.0,3.0,0.0,9/DH,
Stephen Strasburg,30.0,WSN,NL,0.2,33.0,80.0,72.0,4.0,12.0,1.0,0.0,1.0,10.0,0.0,0.0,3.0,25.0,0.167,0.2,0.222,0.422,9.0,0.199,-6.0,16.0,0.0,0.0,5.0,0.0,0.0,1/H,"CYA-5,MVP-15"
Stephen Vogt*,34.0,SFG,NL,1.1,99.0,280.0,255.0,30.0,67.0,24.0,2.0,10.0,40.0,3.0,1.0,20.0,66.0,0.263,0.314,0.49,0.804,110.0,0.34,108.0,125.0,1.0,1.0,0.0,4.0,1.0,2H/7D3,
Steve Cishek,33.0,CHC,NL,0.0,64.0,2.0,2.0,0.0,0.0,0.0,0.0,0.0,0.0,0.0,0.0,0.0,0.0,0.0,0.0,0.0,0.0,-100.0,0.0,-142.0,0.0,0.0,0.0,0.0,0.0,0.0,1,
Steve Pearce,36.0,BOS,AL,-0.5,29.0,99.0,89.0,9.0,16.0,4.0,0.0,1.0,9.0,0.0,0.0,7.0,31.0,0.18,0.245,0.258,0.503,31.0,0.243,33.0,23.0,5.0,1.0,0.0,1.0,0.0,3/D7H,
Steven Baron,28.0,PIT,NL,-0.1,7.0,10.0,10.0,0.0,2.0,1.0,0.0,0.0,1.0,0.0,0.0,0.0,6.0,0.2,0.2,0.3,0.5,30.0,0.211,13.0,3.0,0.0,0.0,0.0,0.0,0.0,/2H,
Steven Brault*,27.0,PIT,NL,0.6,33.0,50.0,42.0,8.0,14.0,1.0,0.0,1.0,2.0,0.0,0.0,1.0,8.0,0.333,0.349,0.429,0.777,104.0,0.335,104.0,18.0,1.0,0.0,7.0,0.0,0.0,1H,
Steven Duggar*,25.0,SFG,NL,-0.1,73.0,281.0,261.0,26.0,61.0,12.0,2.0,4.0,28.0,1.0,4.0,16.0,78.0,0.234,0.278,0.341,0.619,64.0,0.275,67.0,89.0,1.0,1.0,0.0,3.0,0.0,89/H,
Steven Matz,28.0,NYM,NL,0.3,35.0,61.0,57.0,4.0,13.0,0.0,0.0,1.0,1.0,0.0,0.0,0.0,17.0,0.228,0.228,0.281,0.509,36.0,0.232,29.0,16.0,0.0,0.0,4.0,0.0,0.0,1/H,
Stevie Wilkerson#,27.0,BAL,AL,-0.7,117.0,361.0,329.0,41.0,74.0,18.0,2.0,10.0,35.0,3.0,3.0,22.0,108.0,0.225,0.286,0.383,0.669,76.0,0.282,69.0,126.0,5.0,7.0,1.0,2.0,0.0,87H49/1D,
Sócrates Brito*,26.0,TOR,AL,-0.8,17.0,43.0,39.0,5.0,3.0,0.0,1.0,0.0,2.0,0.0,0.0,4.0,17.0,0.077,0.163,0.128,0.291,-19.0,0.139,-30.0,5.0,2.0,0.0,0.0,0.0,0.0,9/8H7,
T.J. McFarland*,30.0,ARI,NL,-0.1,47.0,5.0,3.0,0.0,0.0,0.0,0.0,0.0,0.0,0.0,0.0,0.0,3.0,0.0,0.0,0.0,0.0,-100.0,0.0,-303.0,0.0,0.0,0.0,2.0,0.0,0.0,1,
T.J. Zeuch,23.0,TOR,AL,0.0,1.0,1.0,1.0,0.0,0.0,0.0,0.0,0.0,0.0,0.0,0.0,0.0,1.0,0.0,0.0,0.0,0.0,-100.0,0.0,-123.0,0.0,0.0,0.0,0.0,0.0,0.0,/1,
Taijuan Walker#,26.0,ARI,NL,0.0,1.0,0.0,0.0,0.0,0.0,0.0,0.0,0.0,0.0,0.0,0.0,0.0,0.0,,,,,,,,0.0,0.0,0.0,0.0,0.0,0.0,/1,
Tanner Anderson,26.0,OAK,AL,0.0,1.0,1.0,1.0,0.0,0.0,0.0,0.0,0.0,0.0,0.0,0.0,0.0,1.0,0.0,0.0,0.0,0.0,-100.0,0.0,-115.0,0.0,0.0,0.0,0.0,0.0,0.0,/1H,
Tanner Rainey,26.0,WSN,NL,0.0,47.0,1.0,1.0,0.0,0.0,0.0,0.0,0.0,0.0,0.0,0.0,0.0,1.0,0.0,0.0,0.0,0.0,-100.0,0.0,-142.0,0.0,0.0,0.0,0.0,0.0,0.0,1,
Tanner Roark,32.0,CIN,NL,0.0,19.0,34.0,33.0,2.0,5.0,1.0,0.0,1.0,2.0,0.0,0.0,0.0,13.0,0.152,0.152,0.273,0.424,4.0,0.174,-25.0,9.0,0.0,0.0,1.0,0.0,0.0,1,
Tanner Scott,24.0,BAL,AL,0.0,1.0,0.0,0.0,0.0,0.0,0.0,0.0,0.0,0.0,0.0,0.0,0.0,0.0,,,,,,,,0.0,0.0,0.0,0.0,0.0,0.0,1,
Tayler Scott,27.0,BAL,AL,0.0,1.0,0.0,0.0,0.0,0.0,0.0,0.0,0.0,0.0,0.0,0.0,0.0,0.0,,,,,,,,0.0,0.0,0.0,0.0,0.0,0.0,/1,
Taylor Clarke,26.0,ARI,NL,0.3,21.0,25.0,24.0,2.0,6.0,0.0,0.0,1.0,2.0,0.0,0.0,0.0,10.0,0.25,0.25,0.375,0.625,59.0,0.254,39.0,9.0,0.0,0.0,1.0,0.0,0.0,1,
Taylor Cole,29.0,LAA,AL,0.0,3.0,0.0,0.0,0.0,0.0,0.0,0.0,0.0,0.0,0.0,0.0,0.0,0.0,,,,,,,,0.0,0.0,0.0,0.0,0.0,0.0,1,
Taylor Davis,29.0,CHC,NL,-0.1,7.0,20.0,18.0,2.0,3.0,0.0,0.0,1.0,4.0,0.0,0.0,2.0,4.0,0.167,0.25,0.333,0.583,50.0,0.255,43.0,6.0,0.0,0.0,0.0,0.0,0.0,/213,
Taylor Guerrieri,26.0,TEX,AL,0.0,1.0,0.0,0.0,0.0,0.0,0.0,0.0,0.0,0.0,0.0,0.0,0.0,0.0,,,,,,,,0.0,0.0,0.0,0.0,0.0,0.0,1,
Taylor Guilbeau*,26.0,SEA,AL,0.0,2.0,0.0,0.0,0.0,0.0,0.0,0.0,0.0,0.0,0.0,0.0,0.0,0.0,,,,,,,,0.0,0.0,0.0,0.0,0.0,0.0,1,
Taylor Rogers*,28.0,MIN,AL,0.0,5.0,0.0,0.0,0.0,0.0,0.0,0.0,0.0,0.0,0.0,0.0,0.0,0.0,,,,,,,,0.0,0.0,0.0,0.0,0.0,0.0,1,
Taylor Ward,25.0,LAA,AL,-0.9,20.0,48.0,42.0,4.0,8.0,3.0,0.0,1.0,2.0,0.0,0.0,6.0,23.0,0.19,0.292,0.333,0.625,66.0,0.276,63.0,14.0,1.0,0.0,0.0,0.0,0.0,/7H5D,
Taylor Williams#,27.0,MIL,NL,0.0,12.0,1.0,1.0,0.0,0.0,0.0,0.0,0.0,0.0,0.0,0.0,0.0,1.0,0.0,0.0,0.0,0.0,-100.0,0.0,-142.0,0.0,0.0,0.0,0.0,0.0,0.0,1/H,
Tayron Guerrero,28.0,MIA,NL,0.0,48.0,0.0,0.0,0.0,0.0,0.0,0.0,0.0,0.0,0.0,0.0,0.0,0.0,,,,,,,,0.0,0.0,0.0,0.0,0.0,0.0,1,
Teoscar Hernández,26.0,TOR,AL,1.4,125.0,464.0,417.0,58.0,96.0,19.0,2.0,26.0,65.0,6.0,3.0,45.0,153.0,0.23,0.306,0.472,0.778,105.0,0.329,103.0,197.0,8.0,1.0,0.0,1.0,1.0,*87H/D,
Terrance Gore,28.0,KCR,AL,0.1,37.0,58.0,51.0,13.0,14.0,2.0,1.0,0.0,1.0,13.0,5.0,6.0,18.0,0.275,0.362,0.353,0.715,91.0,0.319,86.0,18.0,0.0,1.0,0.0,0.0,0.0,H9/78D,
Thairo Estrada,23.0,NYY,AL,0.4,35.0,69.0,64.0,12.0,16.0,3.0,0.0,3.0,12.0,4.0,0.0,3.0,15.0,0.25,0.294,0.438,0.732,92.0,0.335,96.0,28.0,1.0,1.0,1.0,0.0,0.0,4H/679D,
Thomas Eshelman,25.0,BAL,AL,0.0,1.0,2.0,2.0,0.0,0.0,0.0,0.0,0.0,0.0,0.0,0.0,0.0,0.0,0.0,0.0,0.0,0.0,-100.0,0.0,-132.0,0.0,0.0,0.0,0.0,0.0,0.0,1,
Thomas Pannone*,25.0,TOR,AL,0.0,2.0,0.0,0.0,0.0,0.0,0.0,0.0,0.0,0.0,0.0,0.0,0.0,0.0,,,,,,,,0.0,0.0,0.0,0.0,0.0,0.0,1,
Thyago Vieira,26.0,CHW,AL,0.0,1.0,0.0,0.0,0.0,0.0,0.0,0.0,0.0,0.0,0.0,0.0,0.0,0.0,,,,,,,,0.0,0.0,0.0,0.0,0.0,0.0,/1,
Tim Anderson,26.0,CHW,AL,4.2,123.0,518.0,498.0,81.0,167.0,32.0,0.0,18.0,56.0,17.0,5.0,15.0,109.0,0.335,0.357,0.508,0.865,128.0,0.369,128.0,253.0,12.0,3.0,0.0,2.0,0.0,*6/DH,
Tim Beckham,29.0,SEA,AL,0.6,88.0,328.0,304.0,39.0,72.0,21.0,1.0,15.0,47.0,1.0,3.0,21.0,102.0,0.237,0.293,0.461,0.753,100.0,0.318,101.0,140.0,7.0,3.0,0.0,0.0,0.0,675D/43H,
Tim Collins*,29.0,CHC,NL,0.0,9.0,0.0,0.0,0.0,0.0,0.0,0.0,0.0,0.0,0.0,0.0,0.0,0.0,,,,,,,,0.0,0.0,0.0,0.0,0.0,0.0,/1,
Tim Federowicz,31.0,TEX,AL,-0.4,29.0,83.0,75.0,6.0,12.0,2.0,0.0,4.0,7.0,1.0,0.0,5.0,31.0,0.16,0.213,0.347,0.559,38.0,0.25,30.0,26.0,1.0,0.0,3.0,0.0,0.0,2/1,
Tim Hill,29.0,KCR,AL,0.0,3.0,0.0,0.0,0.0,0.0,0.0,0.0,0.0,0.0,0.0,0.0,0.0,0.0,,,,,,,,0.0,0.0,0.0,0.0,0.0,0.0,1,
Tim Locastro,26.0,ARI,NL,0.8,91.0,250.0,212.0,38.0,53.0,12.0,2.0,1.0,17.0,17.0,0.0,14.0,44.0,0.25,0.357,0.34,0.697,84.0,0.334,87.0,72.0,1.0,22.0,1.0,1.0,0.0,7H98,
Tim Lopes,25.0,SEA,AL,1.0,41.0,128.0,111.0,11.0,30.0,7.0,0.0,1.0,12.0,6.0,3.0,15.0,29.0,0.27,0.359,0.36,0.72,98.0,0.335,111.0,40.0,1.0,1.0,0.0,1.0,0.0,7/H49D,
Tim Mayza*,27.0,TOR,AL,0.0,5.0,0.0,0.0,0.0,0.0,0.0,0.0,0.0,0.0,0.0,0.0,0.0,0.0,,,,,,,,0.0,0.0,0.0,0.0,0.0,0.0,1,
Tim Melville,29.0,COL,NL,0.0,7.0,10.0,8.0,0.0,2.0,0.0,0.0,0.0,2.0,0.0,0.0,0.0,3.0,0.25,0.25,0.25,0.5,24.0,0.222,-19.0,2.0,0.0,0.0,2.0,0.0,0.0,/1,
Tim Peterson,28.0,NYM,NL,0.0,5.0,0.0,0.0,0.0,0.0,0.0,0.0,0.0,0.0,0.0,0.0,0.0,0.0,,,,,,,,0.0,0.0,0.0,0.0,0.0,0.0,/1,
Todd Frazier,33.0,NYM,NL,2.3,133.0,499.0,447.0,63.0,112.0,19.0,2.0,21.0,67.0,1.0,2.0,40.0,106.0,0.251,0.329,0.443,0.772,105.0,0.335,109.0,198.0,9.0,12.0,0.0,0.0,1.0,*5H/3D,
Tom Murphy,28.0,SEA,AL,2.5,75.0,281.0,260.0,32.0,71.0,12.0,1.0,18.0,40.0,2.0,0.0,19.0,87.0,0.273,0.324,0.535,0.858,128.0,0.353,122.0,139.0,0.0,1.0,0.0,1.0,0.0,2/D1H7,
Tommy Edman#,24.0,STL,NL,4.0,92.0,349.0,326.0,59.0,99.0,17.0,7.0,11.0,36.0,15.0,1.0,16.0,61.0,0.304,0.35,0.5,0.85,122.0,0.382,132.0,163.0,3.0,7.0,0.0,0.0,0.0,54H9/78,
Tommy Hunter,32.0,PHI,NL,0.0,5.0,0.0,0.0,0.0,0.0,0.0,0.0,0.0,0.0,0.0,0.0,0.0,0.0,,,,,,,,0.0,0.0,0.0,0.0,0.0,0.0,/1,
Tommy Kahnle,29.0,NYY,AL,0.0,6.0,0.0,0.0,0.0,0.0,0.0,0.0,0.0,0.0,0.0,0.0,0.0,0.0,,,,,,,,0.0,0.0,0.0,0.0,0.0,0.0,1,
Tommy La Stella*,30.0,LAA,AL,1.8,80.0,321.0,292.0,49.0,86.0,8.0,0.0,16.0,44.0,0.0,0.0,20.0,28.0,0.295,0.346,0.486,0.832,118.0,0.357,120.0,142.0,8.0,3.0,0.0,0.0,0.0,45/H3D,AS
Tommy Milone*,32.0,SEA,AL,0.0,1.0,2.0,2.0,0.0,0.0,0.0,0.0,0.0,0.0,0.0,0.0,0.0,1.0,0.0,0.0,0.0,0.0,-100.0,0.0,-128.0,0.0,0.0,0.0,0.0,0.0,0.0,1,
Tommy Pham,31.0,TBR,AL,3.9,145.0,654.0,567.0,77.0,155.0,33.0,2.0,21.0,68.0,25.0,4.0,81.0,123.0,0.273,0.369,0.45,0.818,120.0,0.367,127.0,255.0,22.0,5.0,0.0,1.0,4.0,*7D/H,
Tomás Nido,25.0,NYM,NL,-0.8,50.0,144.0,136.0,9.0,26.0,5.0,0.0,4.0,14.0,0.0,0.0,7.0,37.0,0.191,0.231,0.316,0.547,45.0,0.229,30.0,43.0,4.0,0.0,1.0,0.0,2.0,2/H,
Tony Barnette,35.0,CHC,NL,0.0,2.0,0.0,0.0,0.0,0.0,0.0,0.0,0.0,0.0,0.0,0.0,0.0,0.0,,,,,,,,0.0,0.0,0.0,0.0,0.0,0.0,/1,
Tony Gonsolin,25.0,LAD,NL,0.1,10.0,14.0,13.0,2.0,4.0,0.0,0.0,0.0,1.0,0.0,0.0,0.0,4.0,0.308,0.308,0.308,0.615,64.0,0.266,50.0,4.0,0.0,0.0,1.0,0.0,0.0,1,
Tony Kemp*,27.0,2TM,2LG,0.3,110.0,279.0,245.0,31.0,52.0,9.0,4.0,8.0,29.0,4.0,4.0,23.0,47.0,0.212,0.291,0.38,0.671,74.0,0.285,68.0,93.0,4.0,6.0,1.0,4.0,1.0,4H78/D9,
Tony Kemp*,27.0,HOU,AL,0.4,66.0,186.0,163.0,23.0,37.0,6.0,2.0,7.0,17.0,4.0,3.0,16.0,29.0,0.227,0.308,0.417,0.725,88.0,0.303,80.0,68.0,2.0,4.0,1.0,2.0,1.0,47H8/D,
Tony Kemp*,27.0,CHC,NL,-0.1,44.0,93.0,82.0,8.0,15.0,3.0,2.0,1.0,12.0,0.0,1.0,7.0,18.0,0.183,0.258,0.305,0.563,46.0,0.249,42.0,25.0,2.0,2.0,0.0,2.0,0.0,H4/798,
Tony Sipp*,35.0,WSN,NL,0.0,33.0,0.0,0.0,0.0,0.0,0.0,0.0,0.0,0.0,0.0,0.0,0.0,0.0,,,,,,,,0.0,0.0,0.0,0.0,0.0,0.0,1,
Tony Watson*,34.0,SFG,NL,0.0,57.0,0.0,0.0,0.0,0.0,0.0,0.0,0.0,0.0,0.0,0.0,0.0,0.0,,,,,,,,0.0,0.0,0.0,0.0,0.0,0.0,1,
Tony Wolters*,27.0,COL,NL,1.4,121.0,411.0,359.0,42.0,94.0,17.0,2.0,1.0,42.0,0.0,1.0,36.0,68.0,0.262,0.337,0.329,0.666,65.0,0.304,64.0,118.0,9.0,8.0,2.0,6.0,5.0,*2/H45,
Touki Toussaint,23.0,ATL,NL,-0.2,23.0,10.0,9.0,0.0,0.0,0.0,0.0,0.0,0.0,0.0,0.0,0.0,7.0,0.0,0.0,0.0,0.0,-100.0,0.0,-174.0,0.0,0.0,0.0,1.0,0.0,0.0,1,
Travis Bergen*,25.0,SFG,NL,0.0,21.0,0.0,0.0,0.0,0.0,0.0,0.0,0.0,0.0,0.0,0.0,0.0,0.0,,,,,,,,0.0,0.0,0.0,0.0,0.0,0.0,1,
Travis d'Arnaud,30.0,3TM,2LG,1.0,103.0,391.0,351.0,52.0,88.0,16.0,0.0,16.0,69.0,0.0,1.0,32.0,85.0,0.251,0.312,0.433,0.745,98.0,0.318,97.0,152.0,4.0,2.0,0.0,6.0,0.0,23H/D,
Travis d'Arnaud,30.0,2TM,NL,-0.4,11.0,26.0,24.0,2.0,2.0,0.0,0.0,0.0,2.0,0.0,0.0,2.0,5.0,0.083,0.154,0.083,0.237,-33.0,0.122,-46.0,2.0,1.0,0.0,0.0,0.0,0.0,/2H,
Travis d'Arnaud,30.0,NYM,NL,-0.4,10.0,25.0,23.0,2.0,2.0,0.0,0.0,0.0,2.0,0.0,0.0,2.0,5.0,0.087,0.16,0.087,0.247,-30.0,0.126,-42.0,2.0,1.0,0.0,0.0,0.0,0.0,/2H,
Travis d'Arnaud,30.0,LAD,NL,0.0,1.0,1.0,1.0,0.0,0.0,0.0,0.0,0.0,0.0,0.0,0.0,0.0,0.0,0.0,0.0,0.0,0.0,-100.0,0.0,-142.0,0.0,0.0,0.0,0.0,0.0,0.0,/H,
Travis d'Arnaud,30.0,TBR,AL,1.4,92.0,365.0,327.0,50.0,86.0,16.0,0.0,16.0,67.0,0.0,1.0,30.0,80.0,0.263,0.323,0.459,0.782,108.0,0.332,107.0,150.0,3.0,2.0,0.0,6.0,0.0,23H/D,
Travis Demeritte,24.0,DET,AL,-1.1,48.0,186.0,169.0,24.0,38.0,7.0,2.0,3.0,10.0,3.0,0.0,14.0,63.0,0.225,0.286,0.343,0.63,66.0,0.275,58.0,58.0,3.0,1.0,1.0,1.0,0.0,9/H,
Travis Jankowski*,28.0,SDP,NL,0.0,25.0,24.0,22.0,4.0,4.0,0.0,0.0,0.0,0.0,2.0,2.0,2.0,4.0,0.182,0.25,0.182,0.432,19.0,0.176,9.0,4.0,0.0,0.0,0.0,0.0,0.0,H/897,
Travis Shaw*,29.0,MIL,NL,-1.4,86.0,270.0,230.0,22.0,36.0,5.0,0.0,7.0,16.0,0.0,0.0,36.0,89.0,0.157,0.281,0.27,0.551,45.0,0.25,37.0,62.0,5.0,4.0,0.0,0.0,3.0,5H/34,
Trea Turner,26.0,WSN,NL,4.0,122.0,569.0,521.0,96.0,155.0,37.0,5.0,19.0,57.0,35.0,5.0,43.0,113.0,0.298,0.353,0.497,0.85,117.0,0.372,118.0,259.0,10.0,3.0,0.0,2.0,2.0,*6,
Trent Grisham*,22.0,MIL,NL,0.6,51.0,183.0,156.0,24.0,36.0,6.0,2.0,6.0,24.0,1.0,0.0,20.0,48.0,0.231,0.328,0.41,0.738,90.0,0.319,87.0,64.0,3.0,4.0,0.0,3.0,0.0,879H,
Trent Thornton,25.0,TOR,AL,0.1,1.0,3.0,3.0,2.0,2.0,0.0,0.0,0.0,0.0,0.0,0.0,0.0,0.0,0.667,0.667,0.667,1.333,262.0,0.591,284.0,2.0,0.0,0.0,0.0,0.0,0.0,1,
Tres Barrera,24.0,WSN,NL,-0.1,2.0,2.0,2.0,0.0,0.0,0.0,0.0,0.0,0.0,0.0,0.0,0.0,0.0,0.0,0.0,0.0,0.0,-100.0,0.0,-142.0,0.0,0.0,0.0,0.0,0.0,0.0,/2H,
Trevor Bauer,28.0,2TM,2LG,0.1,11.0,22.0,19.0,1.0,3.0,0.0,0.0,0.0,0.0,0.0,0.0,2.0,12.0,0.158,0.238,0.158,0.396,6.0,0.193,-12.0,3.0,0.0,0.0,1.0,0.0,0.0,1,
Trevor Bauer,28.0,CLE,AL,0.0,2.0,6.0,5.0,0.0,1.0,0.0,0.0,0.0,0.0,0.0,0.0,0.0,3.0,0.2,0.2,0.2,0.4,6.0,0.177,-33.0,1.0,0.0,0.0,1.0,0.0,0.0,1,
Trevor Bauer,28.0,CIN,NL,0.1,9.0,16.0,14.0,1.0,2.0,0.0,0.0,0.0,0.0,0.0,0.0,2.0,9.0,0.143,0.25,0.143,0.393,5.0,0.198,-5.0,2.0,0.0,0.0,0.0,0.0,0.0,1,
Trevor Cahill,31.0,LAA,AL,0.0,2.0,3.0,3.0,0.0,1.0,0.0,0.0,0.0,0.0,0.0,0.0,0.0,1.0,0.333,0.333,0.333,0.667,79.0,0.295,76.0,1.0,0.0,0.0,0.0,0.0,0.0,1/H,
Trevor Gott,26.0,SFG,NL,0.0,48.0,1.0,1.0,0.0,0.0,0.0,0.0,0.0,0.0,0.0,0.0,0.0,0.0,0.0,0.0,0.0,0.0,-100.0,0.0,-133.0,0.0,0.0,0.0,0.0,0.0,0.0,1,
Trevor Hildenberger,28.0,MIN,AL,0.0,4.0,0.0,0.0,0.0,0.0,0.0,0.0,0.0,0.0,0.0,0.0,0.0,0.0,,,,,,,,0.0,0.0,0.0,0.0,0.0,0.0,1,
Trevor May,29.0,MIN,AL,0.0,5.0,0.0,0.0,0.0,0.0,0.0,0.0,0.0,0.0,0.0,0.0,0.0,0.0,,,,,,,,0.0,0.0,0.0,0.0,0.0,0.0,1,
Trevor Richards,26.0,MIA,NL,-0.1,22.0,34.0,30.0,2.0,3.0,0.0,0.0,0.0,0.0,0.0,0.0,2.0,18.0,0.1,0.156,0.1,0.256,-29.0,0.124,-57.0,3.0,0.0,0.0,2.0,0.0,0.0,1/H,
Trevor Rosenthal,29.0,WSN,NL,0.0,11.0,0.0,0.0,0.0,0.0,0.0,0.0,0.0,0.0,0.0,0.0,0.0,0.0,,,,,,,,0.0,0.0,0.0,0.0,0.0,0.0,1,
Trevor Story,26.0,COL,NL,6.9,145.0,656.0,588.0,111.0,173.0,38.0,5.0,35.0,85.0,23.0,8.0,58.0,174.0,0.294,0.363,0.554,0.917,120.0,0.392,126.0,326.0,3.0,7.0,0.0,3.0,0.0,*6/H,"AS,MVP-12,SS"
Trevor Williams,27.0,PIT,NL,0.1,23.0,44.0,36.0,2.0,6.0,0.0,0.0,0.0,4.0,0.0,0.0,2.0,17.0,0.167,0.211,0.167,0.377,2.0,0.174,-30.0,6.0,0.0,0.0,6.0,0.0,0.0,1,
Trey Mancini,27.0,BAL,AL,3.7,154.0,679.0,602.0,106.0,175.0,38.0,2.0,35.0,97.0,1.0,0.0,63.0,143.0,0.291,0.364,0.535,0.899,134.0,0.379,135.0,322.0,22.0,9.0,0.0,5.0,3.0,93D/7H,
Trey Wingenter,25.0,SDP,NL,0.0,48.0,0.0,0.0,0.0,0.0,0.0,0.0,0.0,0.0,0.0,0.0,0.0,0.0,,,,,,,,0.0,0.0,0.0,0.0,0.0,0.0,1,
Troy Tulowitzki,34.0,NYY,AL,0.1,5.0,13.0,11.0,1.0,2.0,1.0,0.0,1.0,1.0,0.0,0.0,2.0,4.0,0.182,0.308,0.545,0.853,121.0,0.347,115.0,6.0,1.0,0.0,0.0,0.0,0.0,/6H,
Tucker Barnhart*,28.0,CIN,NL,0.5,114.0,364.0,316.0,32.0,73.0,14.0,0.0,11.0,40.0,1.0,0.0,44.0,83.0,0.231,0.328,0.38,0.708,80.0,0.309,75.0,120.0,5.0,2.0,1.0,1.0,7.0,2H/3,
Ty Blach,28.0,SFG,NL,0.0,2.0,1.0,1.0,0.0,0.0,0.0,0.0,0.0,0.0,0.0,0.0,0.0,1.0,0.0,0.0,0.0,0.0,-100.0,0.0,-133.0,0.0,0.0,0.0,0.0,0.0,0.0,/1,
Ty Buttrey*,26.0,LAA,AL,0.0,4.0,0.0,0.0,0.0,0.0,0.0,0.0,0.0,0.0,0.0,0.0,0.0,0.0,,,,,,,,0.0,0.0,0.0,0.0,0.0,0.0,1,
Ty France,24.0,SDP,NL,-0.2,69.0,201.0,184.0,20.0,43.0,8.0,1.0,7.0,24.0,0.0,2.0,9.0,49.0,0.234,0.294,0.402,0.696,84.0,0.301,86.0,74.0,8.0,7.0,0.0,1.0,0.0,54H/13,
Tyler Anderson*,29.0,COL,NL,-0.1,5.0,8.0,7.0,1.0,1.0,0.0,0.0,0.0,0.0,0.0,0.0,0.0,4.0,0.143,0.143,0.143,0.286,-29.0,0.127,-87.0,1.0,1.0,0.0,1.0,0.0,0.0,/1,
Tyler Austin,27.0,3TM,2LG,0.5,89.0,179.0,154.0,30.0,29.0,5.0,1.0,9.0,24.0,2.0,0.0,24.0,67.0,0.188,0.296,0.409,0.705,85.0,0.313,87.0,63.0,2.0,0.0,0.0,1.0,1.0,H37/9D,
Tyler Austin,27.0,2TM,NL,0.5,87.0,174.0,150.0,29.0,28.0,4.0,1.0,9.0,24.0,2.0,0.0,23.0,64.0,0.187,0.293,0.407,0.7,83.0,0.311,85.0,61.0,2.0,0.0,0.0,1.0,1.0,H73/9D,
Tyler Austin,27.0,MIN,AL,-0.1,2.0,5.0,4.0,1.0,1.0,1.0,0.0,0.0,0.0,0.0,0.0,1.0,3.0,0.25,0.4,0.5,0.9,138.0,0.381,138.0,2.0,0.0,0.0,0.0,0.0,0.0,/3H,
Tyler Austin,27.0,SFG,NL,0.3,70.0,147.0,130.0,24.0,24.0,2.0,1.0,8.0,20.0,1.0,0.0,17.0,57.0,0.185,0.279,0.4,0.679,78.0,0.299,78.0,52.0,1.0,0.0,0.0,0.0,0.0,H73/9D,
Tyler Austin,27.0,MIL,NL,0.2,17.0,27.0,20.0,5.0,4.0,2.0,0.0,1.0,4.0,1.0,0.0,6.0,7.0,0.2,0.37,0.45,0.82,112.0,0.379,126.0,9.0,1.0,0.0,0.0,1.0,1.0,H/3,
Tyler Bashlor,26.0,NYM,NL,0.0,24.0,0.0,0.0,0.0,0.0,0.0,0.0,0.0,0.0,0.0,0.0,0.0,0.0,,,,,,,,0.0,0.0,0.0,0.0,0.0,0.0,1,
Tyler Beede,26.0,SFG,NL,-0.1,25.0,43.0,38.0,2.0,4.0,0.0,0.0,0.0,1.0,0.0,0.0,3.0,23.0,0.105,0.171,0.105,0.276,-23.0,0.137,-43.0,4.0,0.0,0.0,2.0,0.0,0.0,1/H,
Tyler Chatwood,29.0,CHC,NL,0.1,40.0,21.0,18.0,1.0,3.0,2.0,0.0,0.0,1.0,0.0,0.0,1.0,6.0,0.167,0.211,0.278,0.488,26.0,0.212,2.0,5.0,0.0,0.0,2.0,0.0,0.0,1/H,
Tyler Clippard,34.0,CLE,AL,0.0,2.0,0.0,0.0,0.0,0.0,0.0,0.0,0.0,0.0,0.0,0.0,0.0,0.0,,,,,,,,0.0,0.0,0.0,0.0,0.0,0.0,1,
Tyler Duffey,28.0,MIN,AL,0.0,3.0,0.0,0.0,0.0,0.0,0.0,0.0,0.0,0.0,0.0,0.0,0.0,0.0,,,,,,,,0.0,0.0,0.0,0.0,0.0,0.0,1,
Tyler Flowers,33.0,ATL,NL,-0.2,85.0,310.0,271.0,36.0,62.0,11.0,3.0,11.0,34.0,0.0,0.0,31.0,105.0,0.229,0.319,0.413,0.733,85.0,0.314,79.0,112.0,8.0,6.0,0.0,2.0,3.0,2/H,
Tyler Glasnow*,25.0,TBR,AL,0.0,1.0,2.0,2.0,0.0,0.0,0.0,0.0,0.0,0.0,0.0,0.0,0.0,1.0,0.0,0.0,0.0,0.0,-100.0,0.0,-128.0,0.0,0.0,0.0,0.0,0.0,0.0,1,
Tyler Heineman#,28.0,MIA,NL,0.1,5.0,12.0,11.0,1.0,3.0,1.0,0.0,1.0,2.0,0.0,0.0,0.0,4.0,0.273,0.273,0.636,0.909,129.0,0.369,131.0,7.0,0.0,0.0,1.0,0.0,0.0,/H2,
Tyler Kinley,28.0,MIA,NL,0.0,49.0,1.0,1.0,0.0,0.0,0.0,0.0,0.0,0.0,0.0,0.0,0.0,1.0,0.0,0.0,0.0,0.0,-100.0,0.0,-133.0,0.0,0.0,0.0,0.0,0.0,0.0,1,
Tyler Lyons*,31.0,PIT,NL,0.0,3.0,1.0,1.0,0.0,0.0,0.0,0.0,0.0,0.0,0.0,0.0,0.0,0.0,0.0,0.0,0.0,0.0,-100.0,0.0,-142.0,0.0,0.0,0.0,0.0,0.0,0.0,/1,
Tyler Mahle,24.0,CIN,NL,-0.2,24.0,41.0,34.0,4.0,3.0,1.0,0.0,0.0,0.0,0.0,0.0,1.0,19.0,0.088,0.114,0.118,0.232,-40.0,0.105,-100.0,4.0,0.0,0.0,6.0,0.0,0.0,1/H,
Tyler Naquin*,28.0,CLE,AL,1.6,89.0,294.0,274.0,34.0,79.0,19.0,0.0,10.0,34.0,4.0,2.0,14.0,66.0,0.288,0.325,0.467,0.792,103.0,0.333,99.0,128.0,8.0,2.0,2.0,2.0,2.0,97H/D,
Tyler O'Neill,24.0,STL,NL,0.4,60.0,151.0,141.0,18.0,37.0,6.0,0.0,5.0,16.0,1.0,0.0,10.0,53.0,0.262,0.311,0.411,0.723,90.0,0.328,98.0,58.0,3.0,0.0,0.0,0.0,0.0,7H/98,
Tyler Olson,29.0,CLE,AL,0.0,1.0,0.0,0.0,0.0,0.0,0.0,0.0,0.0,0.0,0.0,0.0,0.0,0.0,,,,,,,,0.0,0.0,0.0,0.0,0.0,0.0,1,
Tyler Rogers,28.0,SFG,NL,0.0,15.0,0.0,0.0,0.0,0.0,0.0,0.0,0.0,0.0,0.0,0.0,0.0,0.0,,,,,,,,0.0,0.0,0.0,0.0,0.0,0.0,1,
Tyler Saladino,29.0,MIL,NL,-0.2,28.0,71.0,65.0,7.0,8.0,0.0,0.0,2.0,8.0,2.0,0.0,5.0,26.0,0.123,0.197,0.215,0.413,8.0,0.193,-8.0,14.0,1.0,1.0,0.0,0.0,0.0,6/75H4,
Tyler Skaggs*,27.0,LAA,AL,0.0,2.0,3.0,2.0,0.0,0.0,0.0,0.0,0.0,0.0,0.0,0.0,1.0,1.0,0.0,0.333,0.0,0.333,3.0,0.232,32.0,0.0,0.0,0.0,0.0,0.0,0.0,1,
Tyler Thornburg,30.0,BOS,AL,0.0,2.0,0.0,0.0,0.0,0.0,0.0,0.0,0.0,0.0,0.0,0.0,0.0,0.0,,,,,,,,0.0,0.0,0.0,0.0,0.0,0.0,1,
Tyler Wade*,24.0,NYY,AL,0.2,43.0,108.0,94.0,16.0,23.0,3.0,1.0,2.0,11.0,7.0,0.0,11.0,28.0,0.245,0.33,0.362,0.692,86.0,0.315,81.0,34.0,0.0,1.0,2.0,0.0,0.0,47/H5689D,
Tyler Webb*,28.0,STL,NL,0.0,60.0,0.0,0.0,0.0,0.0,0.0,0.0,0.0,0.0,0.0,0.0,0.0,0.0,,,,,,,,0.0,0.0,0.0,0.0,0.0,0.0,1,
Tyler White,28.0,2TM,2LG,-0.9,83.0,279.0,240.0,18.0,50.0,14.0,0.0,3.0,23.0,0.0,0.0,36.0,78.0,0.208,0.308,0.304,0.612,63.0,0.278,61.0,73.0,7.0,0.0,0.0,3.0,0.0,3DH/1,
Tyler White,28.0,HOU,AL,-0.4,71.0,253.0,218.0,16.0,49.0,14.0,0.0,3.0,21.0,0.0,0.0,32.0,74.0,0.225,0.32,0.33,0.65,72.0,0.292,71.0,72.0,7.0,0.0,0.0,3.0,0.0,3D/H1,
Tyler White,28.0,LAD,NL,-0.5,12.0,26.0,22.0,2.0,1.0,0.0,0.0,0.0,2.0,0.0,0.0,4.0,4.0,0.045,0.192,0.045,0.238,-31.0,0.141,-36.0,1.0,0.0,0.0,0.0,0.0,0.0,/3H,
Tyrone Taylor,25.0,MIL,NL,0.1,15.0,12.0,10.0,1.0,4.0,2.0,0.0,0.0,1.0,0.0,0.0,1.0,1.0,0.4,0.5,0.6,1.1,185.0,0.469,196.0,6.0,0.0,1.0,0.0,0.0,0.0,/9H8,
Tzu-Wei Lin*,25.0,BOS,AL,0.0,13.0,22.0,20.0,3.0,4.0,2.0,0.0,0.0,1.0,1.0,1.0,2.0,6.0,0.2,0.273,0.3,0.573,49.0,0.273,64.0,6.0,0.0,0.0,0.0,0.0,0.0,/46H8,
Victor Alcántara,26.0,DET,AL,0.0,7.0,0.0,0.0,0.0,0.0,0.0,0.0,0.0,0.0,0.0,0.0,0.0,0.0,,,,,,,,0.0,0.0,0.0,0.0,0.0,0.0,1,
Victor Caratini#,25.0,CHC,NL,1.0,95.0,279.0,244.0,31.0,65.0,11.0,0.0,11.0,34.0,1.0,0.0,29.0,59.0,0.266,0.348,0.447,0.794,105.0,0.348,109.0,109.0,6.0,3.0,0.0,3.0,0.0,23H/15,
Vince Velasquez,27.0,PHI,NL,0.6,33.0,36.0,30.0,2.0,7.0,0.0,0.0,1.0,3.0,0.0,0.0,2.0,9.0,0.233,0.281,0.333,0.615,59.0,0.268,45.0,10.0,1.0,0.0,4.0,0.0,0.0,1/H7,
Vladimir Guerrero Jr.,20.0,TOR,AL,2.2,123.0,514.0,464.0,52.0,126.0,26.0,2.0,15.0,69.0,0.0,1.0,46.0,91.0,0.272,0.339,0.433,0.772,106.0,0.337,109.0,201.0,17.0,2.0,0.0,2.0,0.0,5D/H,ROY-6
Víctor Arano,24.0,PHI,NL,0.0,3.0,0.0,0.0,0.0,0.0,0.0,0.0,0.0,0.0,0.0,0.0,0.0,0.0,,,,,,,,0.0,0.0,0.0,0.0,0.0,0.0,/1,
Víctor Reyes#,24.0,DET,AL,1.3,69.0,292.0,276.0,29.0,84.0,16.0,5.0,3.0,25.0,9.0,3.0,14.0,64.0,0.304,0.336,0.431,0.767,101.0,0.332,100.0,119.0,5.0,0.0,0.0,2.0,0.0,87/9H,
Víctor Robles,22.0,WSN,NL,4.2,155.0,617.0,546.0,86.0,139.0,33.0,3.0,17.0,65.0,28.0,9.0,35.0,140.0,0.255,0.326,0.419,0.745,91.0,0.334,95.0,229.0,6.0,25.0,6.0,5.0,3.0,*89/H,ROY-6
Wade Davis,33.0,COL,NL,0.0,47.0,0.0,0.0,0.0,0.0,0.0,0.0,0.0,0.0,0.0,0.0,0.0,0.0,,,,,,,,0.0,0.0,0.0,0.0,0.0,0.0,1,
Wade LeBlanc*,34.0,SEA,AL,0.1,2.0,2.0,0.0,0.0,0.0,0.0,0.0,0.0,0.0,0.0,0.0,1.0,0.0,,1.0,,,,0.696,608.0,0.0,0.0,0.0,1.0,0.0,0.0,1,
Wade Miley*,32.0,HOU,AL,0.0,3.0,6.0,4.0,1.0,0.0,0.0,0.0,0.0,0.0,0.0,0.0,1.0,1.0,0.0,0.2,0.0,0.2,-39.0,0.139,-63.0,0.0,0.0,0.0,1.0,0.0,0.0,1,
Walker Buehler,24.0,LAD,NL,0.0,29.0,66.0,59.0,5.0,5.0,0.0,0.0,1.0,2.0,0.0,0.0,4.0,33.0,0.085,0.143,0.136,0.278,-25.0,0.144,-40.0,8.0,0.0,0.0,3.0,0.0,0.0,1,"AS,CYA-9"
Walker Lockett,25.0,NYM,NL,0.0,9.0,7.0,6.0,0.0,1.0,0.0,0.0,0.0,0.0,0.0,0.0,1.0,4.0,0.167,0.286,0.167,0.452,28.0,0.226,29.0,1.0,0.0,0.0,0.0,0.0,0.0,/1,
Wander Suero,27.0,WSN,NL,0.0,75.0,1.0,1.0,0.0,0.0,0.0,0.0,0.0,0.0,0.0,0.0,0.0,1.0,0.0,0.0,0.0,0.0,-100.0,0.0,-142.0,0.0,0.0,0.0,0.0,0.0,0.0,1,
Wandy Peralta*,27.0,2TM,NL,0.0,44.0,0.0,0.0,0.0,0.0,0.0,0.0,0.0,0.0,0.0,0.0,0.0,0.0,,,,,,,,0.0,0.0,0.0,0.0,0.0,0.0,1,
Wandy Peralta*,27.0,CIN,NL,0.0,38.0,0.0,0.0,0.0,0.0,0.0,0.0,0.0,0.0,0.0,0.0,0.0,0.0,,,,,,,,0.0,0.0,0.0,0.0,0.0,0.0,1,
Wandy Peralta*,27.0,SFG,NL,0.0,6.0,0.0,0.0,0.0,0.0,0.0,0.0,0.0,0.0,0.0,0.0,0.0,0.0,,,,,,,,0.0,0.0,0.0,0.0,0.0,0.0,/1,
Wei-Chung Wang*,27.0,2TM,2LG,0.0,6.0,0.0,0.0,0.0,0.0,0.0,0.0,0.0,0.0,0.0,0.0,0.0,0.0,,,,,,,,0.0,0.0,0.0,0.0,0.0,0.0,1,
Wei-Chung Wang*,27.0,OAK,AL,0.0,1.0,0.0,0.0,0.0,0.0,0.0,0.0,0.0,0.0,0.0,0.0,0.0,0.0,,,,,,,,0.0,0.0,0.0,0.0,0.0,0.0,1,
Wei-Chung Wang*,27.0,PIT,NL,0.0,5.0,0.0,0.0,0.0,0.0,0.0,0.0,0.0,0.0,0.0,0.0,0.0,0.0,,,,,,,,0.0,0.0,0.0,0.0,0.0,0.0,/1,
Wei-Yin Chen,33.0,MIA,NL,-0.1,43.0,5.0,5.0,0.0,0.0,0.0,0.0,0.0,0.0,0.0,0.0,0.0,4.0,0.0,0.0,0.0,0.0,-100.0,0.0,-137.0,0.0,0.0,0.0,0.0,0.0,0.0,1,
Welington Castillo,32.0,CHW,AL,-0.3,72.0,251.0,230.0,19.0,48.0,12.0,0.0,12.0,41.0,0.0,0.0,16.0,74.0,0.209,0.267,0.417,0.684,79.0,0.293,77.0,96.0,8.0,3.0,0.0,2.0,0.0,2D/H,
Wes Parsons,26.0,2TM,NL,0.0,31.0,3.0,2.0,0.0,0.0,0.0,0.0,0.0,0.0,0.0,0.0,1.0,2.0,0.0,0.333,0.0,0.333,-4.0,0.231,14.0,0.0,0.0,0.0,0.0,0.0,0.0,1,
Wes Parsons,26.0,ATL,NL,0.0,16.0,1.0,1.0,0.0,0.0,0.0,0.0,0.0,0.0,0.0,0.0,0.0,1.0,0.0,0.0,0.0,0.0,-100.0,0.0,-150.0,0.0,0.0,0.0,0.0,0.0,0.0,1,
Wes Parsons,26.0,COL,NL,0.0,15.0,2.0,1.0,0.0,0.0,0.0,0.0,0.0,0.0,0.0,0.0,1.0,1.0,0.0,0.5,0.0,0.5,42.0,0.346,96.0,0.0,0.0,0.0,0.0,0.0,0.0,1,
Whit Merrifield,30.0,KCR,AL,3.5,162.0,735.0,681.0,105.0,206.0,41.0,10.0,16.0,74.0,20.0,10.0,45.0,126.0,0.302,0.348,0.463,0.811,111.0,0.349,113.0,315.0,8.0,5.0,0.0,4.0,5.0,498/D37,AS
Wil Myers,28.0,SDP,NL,-0.3,155.0,490.0,435.0,58.0,104.0,22.0,1.0,18.0,53.0,16.0,7.0,51.0,168.0,0.239,0.321,0.418,0.739,96.0,0.324,98.0,182.0,12.0,2.0,1.0,1.0,0.0,*78H/395,
Wilfredo Tovar,27.0,LAA,AL,-0.1,31.0,88.0,83.0,5.0,16.0,5.0,0.0,0.0,5.0,0.0,0.0,5.0,15.0,0.193,0.239,0.253,0.492,31.0,0.226,27.0,21.0,0.0,0.0,0.0,0.0,0.0,6/H,
Wilkin Castillo#,35.0,MIA,NL,-0.2,2.0,7.0,7.0,0.0,1.0,1.0,0.0,0.0,2.0,0.0,0.0,0.0,3.0,0.143,0.143,0.286,0.429,9.0,0.174,-12.0,2.0,0.0,0.0,0.0,0.0,0.0,/2,
Will Harris,34.0,HOU,AL,0.0,5.0,0.0,0.0,0.0,0.0,0.0,0.0,0.0,0.0,0.0,0.0,0.0,0.0,,,,,,,,0.0,0.0,0.0,0.0,0.0,0.0,1,
Will Smith,24.0,LAD,NL,1.7,54.0,196.0,170.0,30.0,43.0,9.0,0.0,15.0,42.0,2.0,0.0,18.0,52.0,0.253,0.337,0.571,0.907,133.0,0.38,134.0,97.0,3.0,5.0,0.0,3.0,1.0,2/HD,
Will Smith,29.0,SFG,NL,0.1,58.0,2.0,1.0,0.0,1.0,0.0,0.0,0.0,2.0,0.0,0.0,0.0,0.0,1.0,1.0,1.0,2.0,439.0,0.887,908.0,1.0,0.0,0.0,1.0,0.0,0.0,1,AS
Willi Castro#,22.0,DET,AL,-0.6,30.0,110.0,100.0,10.0,23.0,6.0,1.0,1.0,8.0,0.0,1.0,6.0,34.0,0.23,0.284,0.34,0.624,65.0,0.264,56.0,34.0,4.0,2.0,1.0,1.0,0.0,6/H,
Williams Jerez*,27.0,2TM,NL,0.0,12.0,0.0,0.0,0.0,0.0,0.0,0.0,0.0,0.0,0.0,0.0,0.0,0.0,,,,,,,,0.0,0.0,0.0,0.0,0.0,0.0,1,
Williams Jerez*,27.0,SFG,NL,0.0,6.0,0.0,0.0,0.0,0.0,0.0,0.0,0.0,0.0,0.0,0.0,0.0,0.0,,,,,,,,0.0,0.0,0.0,0.0,0.0,0.0,/1,
Williams Jerez*,27.0,PIT,NL,0.0,6.0,0.0,0.0,0.0,0.0,0.0,0.0,0.0,0.0,0.0,0.0,0.0,0.0,,,,,,,,0.0,0.0,0.0,0.0,0.0,0.0,/1,
Willians Astudillo,27.0,MIN,AL,0.0,58.0,204.0,190.0,28.0,51.0,9.0,0.0,4.0,21.0,0.0,0.0,5.0,8.0,0.268,0.299,0.379,0.678,79.0,0.298,79.0,72.0,6.0,5.0,0.0,4.0,0.0,235/H974D,
Willie Calhoun*,24.0,TEX,AL,0.8,83.0,337.0,309.0,51.0,83.0,14.0,1.0,21.0,48.0,0.0,0.0,23.0,53.0,0.269,0.323,0.524,0.848,110.0,0.358,110.0,162.0,5.0,3.0,0.0,2.0,0.0,7/DH,
Willson Contreras,27.0,CHC,NL,3.0,105.0,409.0,360.0,57.0,98.0,18.0,2.0,24.0,64.0,1.0,2.0,38.0,102.0,0.272,0.355,0.533,0.888,127.0,0.369,126.0,192.0,4.0,9.0,0.0,2.0,2.0,2/H397D,AS
Willy Adames,23.0,TBR,AL,4.0,152.0,584.0,531.0,69.0,135.0,25.0,1.0,20.0,52.0,4.0,2.0,46.0,153.0,0.254,0.317,0.418,0.735,96.0,0.32,98.0,222.0,9.0,3.0,3.0,1.0,1.0,*6/H,
Wilmer Difo#,27.0,WSN,NL,-0.9,43.0,144.0,131.0,15.0,33.0,2.0,0.0,2.0,8.0,0.0,1.0,12.0,29.0,0.252,0.315,0.313,0.628,64.0,0.267,51.0,41.0,2.0,0.0,1.0,0.0,3.0,6/5H4,
Wilmer Flores,27.0,ARI,NL,0.6,89.0,285.0,265.0,31.0,84.0,18.0,0.0,9.0,37.0,0.0,0.0,15.0,31.0,0.317,0.361,0.487,0.848,118.0,0.365,121.0,129.0,9.0,4.0,0.0,1.0,0.0,4H3,
Wilmer Font,29.0,3TM,2LG,0.1,17.0,4.0,3.0,0.0,1.0,0.0,0.0,0.0,0.0,0.0,0.0,0.0,2.0,0.333,0.333,0.333,0.667,81.0,0.296,72.0,1.0,0.0,0.0,1.0,0.0,0.0,1,
Wilmer Font,29.0,2TM,AL,0.0,3.0,0.0,0.0,0.0,0.0,0.0,0.0,0.0,0.0,0.0,0.0,0.0,0.0,,,,,,,,0.0,0.0,0.0,0.0,0.0,0.0,1,
Wilmer Font,29.0,TBR,AL,0.0,1.0,0.0,0.0,0.0,0.0,0.0,0.0,0.0,0.0,0.0,0.0,0.0,0.0,,,,,,,,0.0,0.0,0.0,0.0,0.0,0.0,1,
Wilmer Font,29.0,NYM,NL,0.1,14.0,4.0,3.0,0.0,1.0,0.0,0.0,0.0,0.0,0.0,0.0,0.0,2.0,0.333,0.333,0.333,0.667,81.0,0.296,72.0,1.0,0.0,0.0,1.0,0.0,0.0,1,
Wilmer Font,29.0,TOR,AL,0.0,2.0,0.0,0.0,0.0,0.0,0.0,0.0,0.0,0.0,0.0,0.0,0.0,0.0,,,,,,,,0.0,0.0,0.0,0.0,0.0,0.0,1,
Wilson Ramos,31.0,NYM,NL,2.1,141.0,524.0,473.0,52.0,136.0,19.0,0.0,14.0,73.0,1.0,0.0,44.0,69.0,0.288,0.351,0.416,0.768,106.0,0.336,108.0,197.0,16.0,4.0,0.0,3.0,5.0,*2H/D,
Wily Peralta,30.0,KCR,AL,0.0,2.0,0.0,0.0,0.0,0.0,0.0,0.0,0.0,0.0,0.0,0.0,0.0,0.0,,,,,,,,0.0,0.0,0.0,0.0,0.0,0.0,1,
Xander Bogaerts,26.0,BOS,AL,6.3,155.0,698.0,614.0,110.0,190.0,52.0,0.0,33.0,117.0,4.0,2.0,76.0,122.0,0.309,0.384,0.555,0.939,139.0,0.4,144.0,341.0,11.0,2.0,0.0,6.0,2.0,*6/DH,"AS,MVP-5,SS"
Xavier Cedeño*,32.0,CHC,NL,0.0,5.0,0.0,0.0,0.0,0.0,0.0,0.0,0.0,0.0,0.0,0.0,0.0,0.0,,,,,,,,0.0,0.0,0.0,0.0,0.0,0.0,/1,
Yacksel Ríos,26.0,2TM,NL,0.0,14.0,0.0,0.0,0.0,0.0,0.0,0.0,0.0,0.0,0.0,0.0,0.0,0.0,,,,,,,,0.0,0.0,0.0,0.0,0.0,0.0,1,
Yacksel Ríos,26.0,PHI,NL,0.0,4.0,0.0,0.0,0.0,0.0,0.0,0.0,0.0,0.0,0.0,0.0,0.0,0.0,,,,,,,,0.0,0.0,0.0,0.0,0.0,0.0,/1,
Yacksel Ríos,26.0,PIT,NL,0.0,10.0,0.0,0.0,0.0,0.0,0.0,0.0,0.0,0.0,0.0,0.0,0.0,0.0,,,,,,,,0.0,0.0,0.0,0.0,0.0,0.0,1,
Yadiel Rivera,27.0,MIA,NL,-0.3,34.0,66.0,60.0,8.0,11.0,2.0,0.0,0.0,3.0,2.0,0.0,6.0,20.0,0.183,0.258,0.217,0.474,29.0,0.237,29.0,13.0,1.0,0.0,0.0,0.0,0.0,H/563948,
Yadier Molina,36.0,STL,NL,1.4,113.0,452.0,419.0,45.0,113.0,24.0,0.0,10.0,57.0,6.0,0.0,23.0,58.0,0.27,0.312,0.399,0.711,87.0,0.316,88.0,167.0,14.0,5.0,0.0,5.0,0.0,*2/3H5,
Yairo Muñoz,24.0,STL,NL,-0.6,88.0,181.0,172.0,20.0,46.0,7.0,1.0,2.0,13.0,8.0,3.0,7.0,37.0,0.267,0.298,0.355,0.653,73.0,0.291,71.0,61.0,5.0,1.0,0.0,1.0,0.0,H5697/84,
Yan Gomes,31.0,WSN,NL,1.4,97.0,358.0,314.0,36.0,70.0,16.0,0.0,12.0,43.0,2.0,0.0,38.0,84.0,0.223,0.316,0.389,0.704,81.0,0.311,79.0,122.0,7.0,5.0,0.0,1.0,6.0,2/H3,
Yandy Díaz,27.0,TBR,AL,1.5,79.0,347.0,307.0,53.0,82.0,20.0,1.0,14.0,38.0,2.0,2.0,35.0,61.0,0.267,0.34,0.476,0.816,117.0,0.345,116.0,146.0,9.0,1.0,0.0,4.0,1.0,53D/H,
Yangervis Solarte#,31.0,SFG,NL,-0.4,28.0,78.0,73.0,9.0,15.0,5.0,0.0,1.0,7.0,0.0,0.0,4.0,16.0,0.205,0.247,0.315,0.562,49.0,0.236,32.0,23.0,4.0,0.0,1.0,0.0,1.0,4/7H65,
Yasiel Puig,28.0,2TM,2LG,1.0,149.0,611.0,555.0,76.0,148.0,30.0,2.0,24.0,84.0,19.0,7.0,44.0,133.0,0.267,0.327,0.458,0.785,99.0,0.34,99.0,254.0,13.0,8.0,0.0,4.0,1.0,*9/HD,
Yasiel Puig,28.0,CIN,NL,0.5,100.0,404.0,373.0,51.0,94.0,15.0,1.0,22.0,61.0,14.0,5.0,23.0,89.0,0.252,0.302,0.475,0.777,93.0,0.332,91.0,177.0,9.0,5.0,0.0,3.0,1.0,9/H,
Yasiel Puig,28.0,CLE,AL,0.5,49.0,207.0,182.0,25.0,54.0,15.0,1.0,2.0,23.0,5.0,2.0,21.0,44.0,0.297,0.377,0.423,0.8,109.0,0.355,114.0,77.0,4.0,3.0,0.0,1.0,0.0,9/D,
Yasmani Grandal#,30.0,MIL,NL,2.5,153.0,632.0,513.0,79.0,126.0,26.0,2.0,28.0,77.0,5.0,1.0,109.0,139.0,0.246,0.38,0.468,0.848,119.0,0.37,123.0,240.0,16.0,5.0,0.0,5.0,2.0,*23/HD,"AS,MVP-15"
Yasmany Tomás,28.0,ARI,NL,-0.2,4.0,6.0,6.0,0.0,0.0,0.0,0.0,0.0,0.0,0.0,0.0,0.0,3.0,0.0,0.0,0.0,0.0,-100.0,0.0,-142.0,0.0,1.0,0.0,0.0,0.0,0.0,/HD,
Yefry Ramírez,25.0,PIT,NL,0.0,9.0,2.0,2.0,0.0,0.0,0.0,0.0,0.0,0.0,0.0,0.0,0.0,0.0,0.0,0.0,0.0,0.0,-100.0,0.0,-138.0,0.0,0.0,0.0,0.0,0.0,0.0,/1,
Yency Almonte,25.0,COL,NL,-0.1,27.0,5.0,5.0,0.0,0.0,0.0,0.0,0.0,0.0,0.0,0.0,0.0,3.0,0.0,0.0,0.0,0.0,-100.0,0.0,-155.0,0.0,0.0,0.0,0.0,0.0,0.0,1,
Yimi García,28.0,LAD,NL,-0.1,61.0,2.0,2.0,0.0,0.0,0.0,0.0,0.0,0.0,0.0,0.0,0.0,1.0,0.0,0.0,0.0,0.0,-100.0,0.0,-138.0,0.0,1.0,0.0,0.0,0.0,0.0,1,
Yoan López,26.0,ARI,NL,0.0,65.0,0.0,0.0,0.0,0.0,0.0,0.0,0.0,0.0,0.0,0.0,0.0,0.0,,,,,,,,0.0,0.0,0.0,0.0,0.0,0.0,1,
Yolmer Sánchez#,27.0,CHW,AL,1.6,149.0,555.0,496.0,59.0,125.0,20.0,4.0,2.0,43.0,5.0,4.0,44.0,117.0,0.252,0.318,0.321,0.638,73.0,0.293,77.0,159.0,7.0,5.0,7.0,3.0,1.0,*4/H,GG
Yonathan Daza,25.0,COL,NL,-0.8,44.0,105.0,97.0,7.0,20.0,1.0,1.0,0.0,3.0,1.0,0.0,7.0,21.0,0.206,0.257,0.237,0.494,23.0,0.231,10.0,23.0,2.0,0.0,0.0,1.0,0.0,8H/79,
Yonder Alonso*,32.0,2TM,2LG,-0.9,121.0,335.0,292.0,34.0,58.0,13.0,0.0,10.0,37.0,0.0,1.0,39.0,70.0,0.199,0.296,0.346,0.641,68.0,0.292,72.0,101.0,13.0,2.0,0.0,2.0,3.0,HD3,
Yonder Alonso*,32.0,CHW,AL,-1.0,67.0,251.0,219.0,23.0,39.0,6.0,0.0,7.0,27.0,0.0,1.0,29.0,53.0,0.178,0.275,0.301,0.576,55.0,0.272,63.0,66.0,8.0,1.0,0.0,2.0,2.0,D3/H,
Yonder Alonso*,32.0,COL,NL,0.1,54.0,84.0,73.0,11.0,19.0,7.0,0.0,3.0,10.0,0.0,0.0,10.0,17.0,0.26,0.357,0.479,0.837,103.0,0.352,99.0,35.0,5.0,1.0,0.0,0.0,1.0,H3,
Yonny Chirinos,25.0,TBR,AL,0.0,1.0,2.0,2.0,0.0,0.0,0.0,0.0,0.0,0.0,0.0,0.0,0.0,2.0,0.0,0.0,0.0,0.0,-100.0,0.0,-128.0,0.0,0.0,0.0,0.0,0.0,0.0,1,
Yordan Alvarez*,22.0,HOU,AL,3.7,87.0,369.0,313.0,58.0,98.0,26.0,0.0,27.0,78.0,0.0,0.0,52.0,94.0,0.313,0.412,0.655,1.067,173.0,0.436,173.0,205.0,9.0,2.0,0.0,2.0,4.0,D7/H,ROY-1
Yoshihisa Hirano,35.0,ARI,NL,0.0,56.0,0.0,0.0,0.0,0.0,0.0,0.0,0.0,0.0,0.0,0.0,0.0,0.0,,,,,,,,0.0,0.0,0.0,0.0,0.0,0.0,1,
Yoán Moncada#,24.0,CHW,AL,5.1,132.0,559.0,511.0,83.0,161.0,34.0,5.0,25.0,79.0,10.0,3.0,40.0,154.0,0.315,0.367,0.548,0.915,140.0,0.386,141.0,280.0,1.0,4.0,1.0,3.0,2.0,*5/DH,MVP-21
Yu Chang,23.0,CLE,AL,-0.3,28.0,84.0,73.0,8.0,13.0,2.0,1.0,1.0,6.0,0.0,0.0,11.0,22.0,0.178,0.286,0.274,0.56,48.0,0.255,44.0,20.0,4.0,0.0,0.0,0.0,0.0,5/6H,
Yu Darvish,32.0,CHC,NL,-0.2,30.0,62.0,56.0,1.0,5.0,0.0,0.0,0.0,3.0,0.0,0.0,2.0,31.0,0.089,0.119,0.089,0.208,-44.0,0.114,-67.0,5.0,1.0,0.0,3.0,1.0,0.0,1,
Yuli Gurriel,35.0,HOU,AL,3.9,144.0,612.0,564.0,85.0,168.0,40.0,2.0,31.0,104.0,5.0,3.0,37.0,65.0,0.298,0.343,0.541,0.884,126.0,0.37,126.0,305.0,12.0,5.0,0.0,6.0,2.0,*35/4DH,
Yusei Kikuchi*,28.0,SEA,AL,0.1,1.0,2.0,1.0,0.0,0.0,0.0,0.0,0.0,0.0,0.0,0.0,0.0,1.0,0.0,0.0,0.0,0.0,-100.0,0.888,869.0,0.0,0.0,0.0,1.0,0.0,0.0,1,
Yusmeiro Petit,34.0,OAK,AL,0.0,6.0,1.0,1.0,0.0,0.0,0.0,0.0,0.0,0.0,0.0,0.0,0.0,0.0,0.0,0.0,0.0,0.0,-100.0,0.0,-115.0,0.0,1.0,0.0,0.0,0.0,0.0,1,
Zac Gallen,23.0,2TM,NL,-0.1,14.0,24.0,19.0,2.0,2.0,0.0,0.0,0.0,1.0,0.0,0.0,0.0,8.0,0.105,0.105,0.105,0.211,-44.0,0.089,-122.0,2.0,0.0,0.0,5.0,0.0,0.0,1,
Zac Gallen,23.0,MIA,NL,-0.1,6.0,11.0,10.0,1.0,1.0,0.0,0.0,0.0,0.0,0.0,0.0,0.0,5.0,0.1,0.1,0.1,0.2,-46.0,0.089,-90.0,1.0,0.0,0.0,1.0,0.0,0.0,/1,
Zac Gallen,23.0,ARI,NL,-0.1,8.0,13.0,9.0,1.0,1.0,0.0,0.0,0.0,1.0,0.0,0.0,0.0,3.0,0.111,0.111,0.111,0.222,-42.0,0.088,-157.0,1.0,0.0,0.0,4.0,0.0,0.0,/1,
Zac Grotz,26.0,SEA,AL,0.0,2.0,0.0,0.0,0.0,0.0,0.0,0.0,0.0,0.0,0.0,0.0,0.0,0.0,,,,,,,,0.0,0.0,0.0,0.0,0.0,0.0,1,
Zac Reininger#,26.0,DET,AL,0.0,5.0,0.0,0.0,0.0,0.0,0.0,0.0,0.0,0.0,0.0,0.0,0.0,0.0,,,,,,,,0.0,0.0,0.0,0.0,0.0,0.0,1,
Zac Rosscup,31.0,LAD,NL,0.0,5.0,0.0,0.0,0.0,0.0,0.0,0.0,0.0,0.0,0.0,0.0,0.0,0.0,,,,,,,,0.0,0.0,0.0,0.0,0.0,0.0,/1,
Zach Davies,26.0,MIL,NL,-0.1,34.0,55.0,52.0,3.0,8.0,2.0,0.0,0.0,3.0,0.0,0.0,1.0,25.0,0.154,0.17,0.192,0.362,-6.0,0.156,-34.0,10.0,1.0,0.0,2.0,0.0,0.0,1/H,
Zach Duke*,36.0,CIN,NL,0.0,29.0,0.0,0.0,0.0,0.0,0.0,0.0,0.0,0.0,0.0,0.0,0.0,0.0,,,,,,,,0.0,0.0,0.0,0.0,0.0,0.0,1,
Zach Eflin,25.0,PHI,NL,0.1,31.0,52.0,50.0,3.0,8.0,1.0,0.0,0.0,2.0,0.0,0.0,0.0,27.0,0.16,0.16,0.18,0.34,-12.0,0.163,-30.0,9.0,0.0,0.0,2.0,0.0,0.0,1,
Zach Green,25.0,SFG,NL,0.0,8.0,16.0,14.0,1.0,2.0,1.0,0.0,0.0,1.0,0.0,0.0,2.0,6.0,0.143,0.25,0.214,0.464,26.0,0.274,61.0,3.0,2.0,0.0,0.0,0.0,0.0,/5H,
Zach Plesac,24.0,CLE,AL,0.0,1.0,1.0,0.0,0.0,0.0,0.0,0.0,0.0,0.0,0.0,0.0,0.0,0.0,,,,,,,,0.0,0.0,0.0,1.0,0.0,0.0,1,
Zack Britton*,31.0,NYY,AL,0.0,5.0,0.0,0.0,0.0,0.0,0.0,0.0,0.0,0.0,0.0,0.0,0.0,0.0,,,,,,,,0.0,0.0,0.0,0.0,0.0,0.0,1,
Zack Collins*,24.0,CHW,AL,-0.2,27.0,102.0,86.0,10.0,16.0,3.0,1.0,3.0,12.0,0.0,0.0,14.0,39.0,0.186,0.307,0.349,0.656,76.0,0.285,70.0,30.0,1.0,1.0,0.0,0.0,1.0,D2/H3,
Zack Cozart,33.0,LAA,AL,-1.2,38.0,107.0,97.0,4.0,12.0,2.0,0.0,0.0,7.0,0.0,0.0,5.0,16.0,0.124,0.178,0.144,0.322,-12.0,0.152,-25.0,14.0,2.0,2.0,0.0,3.0,0.0,5/6H4,
Zack Godley,29.0,2TM,2LG,0.1,24.0,23.0,19.0,3.0,3.0,0.0,0.0,0.0,2.0,0.0,0.0,3.0,10.0,0.158,0.273,0.158,0.431,18.0,0.215,10.0,3.0,0.0,0.0,1.0,0.0,0.0,1,
Zack Godley,29.0,ARI,NL,0.1,23.0,22.0,18.0,3.0,3.0,0.0,0.0,0.0,2.0,0.0,0.0,3.0,9.0,0.167,0.286,0.167,0.452,23.0,0.226,17.0,3.0,0.0,0.0,1.0,0.0,0.0,1,
Zack Godley,29.0,TOR,AL,0.0,1.0,1.0,1.0,0.0,0.0,0.0,0.0,0.0,0.0,0.0,0.0,0.0,1.0,0.0,0.0,0.0,0.0,-100.0,0.0,-123.0,0.0,0.0,0.0,0.0,0.0,0.0,/1,
Zack Greinke,35.0,2TM,2LG,0.8,25.0,56.0,50.0,7.0,14.0,4.0,1.0,3.0,8.0,1.0,1.0,2.0,12.0,0.28,0.308,0.58,0.888,122.0,0.358,121.0,29.0,2.0,0.0,4.0,0.0,0.0,1/H,"AS,GG,SS"
Zack Greinke,35.0,ARI,NL,0.9,24.0,54.0,48.0,7.0,13.0,4.0,1.0,3.0,8.0,1.0,0.0,2.0,11.0,0.271,0.3,0.583,0.883,121.0,0.364,118.0,28.0,2.0,0.0,4.0,0.0,0.0,1/H,
Zack Greinke,35.0,HOU,AL,0.0,1.0,2.0,2.0,0.0,1.0,0.0,0.0,0.0,0.0,0.0,1.0,0.0,1.0,0.5,0.5,0.5,1.0,165.0,0.19,180.0,1.0,0.0,0.0,0.0,0.0,0.0,1,
Zack Littell,23.0,MIN,AL,0.0,1.0,0.0,0.0,0.0,0.0,0.0,0.0,0.0,0.0,0.0,0.0,0.0,0.0,,,,,,,,0.0,0.0,0.0,0.0,0.0,0.0,1,
Zack Wheeler*,29.0,NYM,NL,0.6,28.0,64.0,57.0,5.0,12.0,2.0,0.0,1.0,6.0,0.0,0.0,2.0,19.0,0.211,0.262,0.298,0.561,51.0,0.261,52.0,17.0,0.0,2.0,3.0,0.0,0.0,1,
Álex Claudio*,27.0,MIL,NL,0.0,78.0,0.0,0.0,0.0,0.0,0.0,0.0,0.0,0.0,0.0,0.0,0.0,0.0,,,,,,,,0.0,0.0,0.0,0.0,0.0,0.0,1,
Óliver Pérez*,37.0,CLE,AL,0.0,1.0,0.0,0.0,0.0,0.0,0.0,0.0,0.0,0.0,0.0,0.0,0.0,0.0,,,,,,,,0.0,0.0,0.0,0.0,0.0,0.0,1,
Óscar Mercado,24.0,CLE,AL,2.2,115.0,482.0,438.0,70.0,118.0,25.0,3.0,15.0,54.0,15.0,4.0,28.0,84.0,0.269,0.318,0.443,0.761,96.0,0.33,95.0,194.0,9.0,5.0,7.0,4.0,0.0,*87/9HD,ROY-8
