Player,Age,Team,Lg,WAR,G,PA,AB,R,H,2B,3B,HR,RBI,SB,CS,BB,SO,BA,OBP,SLG,OPS,OPS+,rOBA,Rbat+,TB,GIDP,HBP,SH,SF,IBB,Pos,Awards
A.J. Achter,26.0,MIN,AL,0.0,1.0,0.0,0.0,0.0,0.0,0.0,0.0,0.0,0.0,0.0,0.0,0.0,0.0,,,,,,,,0.0,0.0,0.0,0.0,0.0,0.0,1,
A.J. Burnett,38.0,PIT,NL,-0.1,24.0,52.0,42.0,1.0,5.0,0.0,0.0,1.0,5.0,0.0,0.0,0.0,20.0,0.119,0.116,0.19,0.307,-17.0,0.132,-73.0,8.0,1.0,0.0,9.0,1.0,0.0,1,AS
A.J. Cole,23.0,WSN,NL,-0.1,3.0,2.0,2.0,0.0,0.0,0.0,0.0,0.0,0.0,0.0,0.0,0.0,0.0,0.0,0.0,0.0,0.0,-100.0,0.0,-141.0,0.0,1.0,0.0,0.0,0.0,0.0,/1,
A.J. Ellis,34.0,LAD,NL,1.8,63.0,217.0,181.0,24.0,43.0,9.0,0.0,7.0,21.0,0.0,0.0,32.0,38.0,0.238,0.355,0.403,0.758,113.0,0.352,123.0,73.0,4.0,1.0,3.0,0.0,1.0,2/H,
A.J. Pierzynski*,38.0,ATL,NL,1.3,113.0,436.0,407.0,38.0,122.0,24.0,1.0,9.0,49.0,0.0,2.0,19.0,37.0,0.3,0.339,0.43,0.769,112.0,0.342,115.0,175.0,19.0,7.0,0.0,3.0,2.0,2/HD,
A.J. Schugel,26.0,ARI,NL,0.0,5.0,0.0,0.0,0.0,0.0,0.0,0.0,0.0,0.0,0.0,0.0,0.0,0.0,,,,,,,,0.0,0.0,0.0,0.0,0.0,0.0,/1,
Aaron Altherr,24.0,PHI,NL,1.8,39.0,161.0,137.0,25.0,33.0,11.0,4.0,5.0,22.0,6.0,2.0,16.0,41.0,0.241,0.338,0.489,0.827,126.0,0.37,132.0,67.0,3.0,5.0,1.0,2.0,0.0,79/8H,
Aaron Barrett,27.0,WSN,NL,0.0,37.0,0.0,0.0,0.0,0.0,0.0,0.0,0.0,0.0,0.0,0.0,0.0,0.0,,,,,,,,0.0,0.0,0.0,0.0,0.0,0.0,1,
Aaron Brooks,25.0,OAK,AL,0.0,1.0,2.0,2.0,0.0,0.0,0.0,0.0,0.0,0.0,0.0,0.0,0.0,0.0,0.0,0.0,0.0,0.0,-100.0,0.0,-136.0,0.0,0.0,0.0,0.0,0.0,0.0,1,
Aaron Harang,37.0,PHI,NL,0.2,28.0,58.0,48.0,4.0,8.0,1.0,0.0,0.0,0.0,0.0,0.0,1.0,18.0,0.167,0.184,0.188,0.371,4.0,0.185,-21.0,9.0,2.0,0.0,9.0,0.0,0.0,1,
Aaron Hicks#,25.0,MIN,AL,1.4,97.0,390.0,352.0,48.0,90.0,11.0,3.0,11.0,33.0,13.0,3.0,34.0,66.0,0.256,0.323,0.398,0.721,98.0,0.323,96.0,140.0,6.0,2.0,0.0,2.0,2.0,89/7H,
Aaron Hill,33.0,ARI,NL,0.0,116.0,353.0,313.0,32.0,72.0,18.0,0.0,6.0,39.0,7.0,2.0,31.0,54.0,0.23,0.295,0.345,0.64,72.0,0.296,70.0,108.0,9.0,1.0,0.0,8.0,0.0,45H/D,
Aaron Laffey*,30.0,COL,NL,0.0,3.0,2.0,2.0,0.0,1.0,0.0,0.0,0.0,0.0,0.0,0.0,0.0,1.0,0.5,0.5,0.5,1.0,158.0,0.452,173.0,1.0,0.0,0.0,0.0,0.0,0.0,/1,
Aaron Loup*,27.0,TOR,AL,0.0,2.0,0.0,0.0,0.0,0.0,0.0,0.0,0.0,0.0,0.0,0.0,0.0,0.0,,,,,,,,0.0,0.0,0.0,0.0,0.0,0.0,1,
Aaron Nola,22.0,PHI,NL,-0.1,13.0,26.0,23.0,0.0,2.0,0.0,0.0,0.0,1.0,0.0,0.0,1.0,16.0,0.087,0.125,0.087,0.212,-39.0,0.104,-75.0,2.0,0.0,0.0,2.0,0.0,0.0,1,
Aaron Sanchez,22.0,TOR,AL,0.0,2.0,0.0,0.0,0.0,0.0,0.0,0.0,0.0,0.0,0.0,0.0,0.0,0.0,,,,,,,,0.0,0.0,0.0,0.0,0.0,0.0,1,
Aaron Thompson*,28.0,MIN,AL,0.0,6.0,0.0,0.0,0.0,0.0,0.0,0.0,0.0,0.0,0.0,0.0,0.0,0.0,,,,,,,,0.0,0.0,0.0,0.0,0.0,0.0,1,
Abel De Los Santos,22.0,WSN,NL,0.0,2.0,0.0,0.0,0.0,0.0,0.0,0.0,0.0,0.0,0.0,0.0,0.0,0.0,,,,,,,,0.0,0.0,0.0,0.0,0.0,0.0,/1,
Abraham Almonte#,26.0,2TM,2LG,0.8,82.0,258.0,232.0,36.0,58.0,12.0,5.0,5.0,24.0,7.0,1.0,21.0,52.0,0.25,0.31,0.409,0.719,93.0,0.317,86.0,95.0,5.0,0.0,3.0,2.0,0.0,8H/79D,
Abraham Almonte#,26.0,SDP,NL,-0.3,31.0,62.0,54.0,6.0,11.0,3.0,0.0,0.0,4.0,1.0,1.0,5.0,19.0,0.204,0.271,0.259,0.53,50.0,0.252,50.0,14.0,1.0,0.0,3.0,0.0,0.0,H/789D,
Abraham Almonte#,26.0,CLE,AL,1.1,51.0,196.0,178.0,30.0,47.0,9.0,5.0,5.0,20.0,6.0,0.0,16.0,33.0,0.264,0.321,0.455,0.776,105.0,0.337,97.0,81.0,4.0,0.0,0.0,2.0,0.0,8/H,
Adam Conley*,25.0,MIA,NL,0.1,13.0,22.0,18.0,0.0,4.0,0.0,0.0,0.0,1.0,0.0,0.0,0.0,8.0,0.222,0.222,0.222,0.444,25.0,0.201,-10.0,4.0,0.0,0.0,4.0,0.0,0.0,1,
Adam Duvall,26.0,CIN,NL,0.1,27.0,72.0,64.0,6.0,14.0,2.0,0.0,5.0,9.0,0.0,0.0,6.0,26.0,0.219,0.306,0.484,0.79,112.0,0.338,108.0,31.0,0.0,2.0,0.0,0.0,1.0,7/H3,
Adam Eaton*,26.0,CHW,AL,4.1,153.0,689.0,610.0,98.0,175.0,28.0,9.0,14.0,56.0,18.0,8.0,58.0,131.0,0.287,0.361,0.431,0.792,122.0,0.351,124.0,263.0,5.0,14.0,5.0,2.0,2.0,*8/DH,
Adam Jones,29.0,BAL,AL,3.4,137.0,581.0,546.0,74.0,147.0,25.0,3.0,27.0,82.0,3.0,1.0,24.0,102.0,0.269,0.308,0.474,0.782,110.0,0.337,108.0,259.0,21.0,8.0,0.0,3.0,3.0,*8/D,AS
Adam LaRoche*,35.0,CHW,AL,-0.5,127.0,484.0,429.0,41.0,89.0,21.0,0.0,12.0,44.0,0.0,0.0,49.0,133.0,0.207,0.293,0.34,0.634,78.0,0.292,80.0,146.0,10.0,4.0,0.0,2.0,0.0,D3/H1,
Adam Liberatore*,28.0,LAD,NL,0.0,38.0,2.0,2.0,0.0,0.0,0.0,0.0,0.0,0.0,0.0,0.0,0.0,2.0,0.0,0.0,0.0,0.0,-100.0,0.0,-132.0,0.0,0.0,0.0,0.0,0.0,0.0,1,
Adam Lind*,31.0,MIL,NL,3.6,149.0,572.0,502.0,72.0,139.0,32.0,0.0,20.0,87.0,0.0,0.0,66.0,100.0,0.277,0.36,0.46,0.82,123.0,0.362,126.0,231.0,7.0,1.0,0.0,3.0,11.0,*3H/D,
Adam Loewen*,31.0,PHI,NL,0.0,19.0,3.0,3.0,0.0,1.0,0.0,0.0,0.0,0.0,0.0,0.0,0.0,0.0,0.333,0.333,0.333,0.667,86.0,0.301,85.0,1.0,1.0,0.0,0.0,0.0,0.0,1,
Adam Moore,31.0,CLE,AL,0.0,1.0,4.0,4.0,0.0,1.0,0.0,0.0,0.0,1.0,0.0,0.0,0.0,2.0,0.25,0.25,0.25,0.5,35.0,0.224,18.0,1.0,0.0,0.0,0.0,0.0,0.0,/2,
Adam Morgan*,25.0,PHI,NL,0.0,13.0,27.0,26.0,2.0,2.0,1.0,0.0,0.0,1.0,0.0,0.0,0.0,12.0,0.077,0.077,0.115,0.192,-47.0,0.153,-30.0,3.0,0.0,0.0,1.0,0.0,0.0,1,
Adam Ottavino#,29.0,COL,NL,0.0,10.0,0.0,0.0,0.0,0.0,0.0,0.0,0.0,0.0,0.0,0.0,0.0,0.0,,,,,,,,0.0,0.0,0.0,0.0,0.0,0.0,1,
Adam Rosales,32.0,TEX,AL,-0.1,53.0,125.0,114.0,14.0,26.0,4.0,0.0,3.0,7.0,4.0,4.0,10.0,30.0,0.228,0.296,0.342,0.638,72.0,0.283,71.0,39.0,4.0,1.0,0.0,0.0,0.0,345H/17D,
Adam Wainwright,33.0,STL,NL,-0.1,7.0,10.0,10.0,0.0,0.0,0.0,0.0,0.0,0.0,0.0,0.0,0.0,2.0,0.0,0.0,0.0,0.0,-100.0,0.0,-144.0,0.0,0.0,0.0,0.0,0.0,0.0,/1,
Adam Warren,27.0,NYY,AL,0.0,2.0,3.0,3.0,0.0,0.0,0.0,0.0,0.0,0.0,0.0,0.0,0.0,1.0,0.0,0.0,0.0,0.0,-100.0,0.0,-142.0,0.0,0.0,0.0,0.0,0.0,0.0,1,
Addison Reed*,26.0,2TM,NL,0.0,52.0,2.0,2.0,0.0,0.0,0.0,0.0,0.0,0.0,0.0,0.0,0.0,0.0,0.0,0.0,0.0,0.0,-100.0,0.0,-141.0,0.0,0.0,0.0,0.0,0.0,0.0,1,
Addison Reed*,26.0,ARI,NL,0.0,35.0,2.0,2.0,0.0,0.0,0.0,0.0,0.0,0.0,0.0,0.0,0.0,0.0,0.0,0.0,0.0,0.0,-100.0,0.0,-141.0,0.0,0.0,0.0,0.0,0.0,0.0,1,
Addison Reed*,26.0,NYM,NL,0.0,17.0,0.0,0.0,0.0,0.0,0.0,0.0,0.0,0.0,0.0,0.0,0.0,0.0,,,,,,,,0.0,0.0,0.0,0.0,0.0,0.0,1,
Addison Russell,21.0,CHC,NL,2.8,142.0,523.0,475.0,60.0,115.0,29.0,1.0,13.0,54.0,4.0,3.0,42.0,149.0,0.242,0.307,0.389,0.696,91.0,0.31,89.0,185.0,8.0,3.0,1.0,2.0,2.0,46/H,
Adeiny Hechavarría,26.0,MIA,NL,2.6,130.0,499.0,470.0,54.0,132.0,17.0,6.0,5.0,48.0,7.0,2.0,23.0,78.0,0.281,0.315,0.374,0.689,92.0,0.303,85.0,176.0,18.0,2.0,0.0,4.0,4.0,*6,
Adonis García,30.0,ATL,NL,0.3,58.0,198.0,191.0,20.0,53.0,12.0,0.0,10.0,26.0,0.0,0.0,5.0,35.0,0.277,0.293,0.497,0.79,114.0,0.343,114.0,95.0,9.0,0.0,0.0,2.0,0.0,57/H,
Adrian Beltré,36.0,TEX,AL,4.6,143.0,619.0,567.0,83.0,163.0,32.0,4.0,18.0,83.0,1.0,0.0,41.0,65.0,0.287,0.334,0.453,0.788,110.0,0.352,116.0,257.0,18.0,3.0,0.0,8.0,4.0,*5/D,MVP-7
Adrian Houser,22.0,MIL,NL,0.0,2.0,0.0,0.0,0.0,0.0,0.0,0.0,0.0,0.0,0.0,0.0,0.0,0.0,,,,,,,,0.0,0.0,0.0,0.0,0.0,0.0,/1,
Adrián González*,33.0,LAD,NL,4.7,156.0,643.0,571.0,76.0,157.0,33.0,0.0,28.0,90.0,0.0,1.0,62.0,107.0,0.275,0.35,0.48,0.83,130.0,0.365,134.0,274.0,21.0,6.0,0.0,3.0,10.0,*3/HD,"AS,MVP-19"
AJ Pollock,27.0,ARI,NL,6.8,157.0,673.0,609.0,111.0,192.0,39.0,6.0,20.0,76.0,39.0,7.0,53.0,89.0,0.315,0.367,0.498,0.865,130.0,0.389,133.0,303.0,19.0,2.0,0.0,9.0,0.0,*8/H,"AS,MVP-14,GG"
AJ Ramos,28.0,MIA,NL,0.0,69.0,0.0,0.0,0.0,0.0,0.0,0.0,0.0,0.0,0.0,0.0,0.0,0.0,,,,,,,,0.0,0.0,0.0,0.0,0.0,0.0,1,
Al Alburquerque,29.0,DET,AL,0.0,6.0,0.0,0.0,0.0,0.0,0.0,0.0,0.0,0.0,0.0,0.0,0.0,0.0,,,,,,,,0.0,0.0,0.0,0.0,0.0,0.0,1,
Albert Pujols,35.0,LAA,AL,3.1,157.0,661.0,602.0,85.0,147.0,22.0,0.0,40.0,95.0,5.0,3.0,50.0,72.0,0.244,0.307,0.48,0.787,118.0,0.338,117.0,289.0,15.0,6.0,0.0,3.0,10.0,3D/5,AS
Alberto Callaspo#,32.0,2TM,NL,-0.8,97.0,261.0,230.0,20.0,54.0,7.0,0.0,1.0,15.0,0.0,0.0,28.0,34.0,0.235,0.315,0.278,0.594,68.0,0.276,66.0,64.0,6.0,0.0,1.0,2.0,1.0,5H/4D,
Alberto Callaspo#,32.0,ATL,NL,-0.6,37.0,123.0,107.0,12.0,22.0,2.0,0.0,1.0,8.0,0.0,0.0,14.0,10.0,0.206,0.293,0.252,0.545,54.0,0.259,52.0,27.0,4.0,0.0,0.0,2.0,1.0,5/H4,
Alberto Callaspo#,32.0,LAD,NL,-0.3,60.0,138.0,123.0,8.0,32.0,5.0,0.0,0.0,7.0,0.0,0.0,14.0,24.0,0.26,0.336,0.301,0.637,81.0,0.292,79.0,37.0,2.0,0.0,1.0,0.0,0.0,5H/D,
Alcides Escobar,28.0,KCR,AL,1.1,148.0,662.0,612.0,76.0,157.0,20.0,5.0,3.0,47.0,17.0,5.0,26.0,75.0,0.257,0.293,0.32,0.614,67.0,0.281,62.0,196.0,10.0,8.0,11.0,5.0,1.0,*6,"AS,GG"
Alec Asher,23.0,PHI,NL,0.1,6.0,6.0,6.0,0.0,2.0,1.0,0.0,0.0,0.0,0.0,0.0,0.0,3.0,0.333,0.333,0.5,0.833,128.0,0.361,128.0,3.0,0.0,0.0,0.0,0.0,0.0,/1,
Alejandro De Aza*,31.0,3TM,2LG,0.8,114.0,365.0,325.0,51.0,85.0,17.0,7.0,7.0,35.0,7.0,5.0,31.0,84.0,0.262,0.333,0.422,0.755,103.0,0.338,108.0,137.0,6.0,5.0,2.0,2.0,3.0,79H/D8,
Alejandro De Aza*,31.0,2TM,AL,1.0,90.0,290.0,264.0,39.0,69.0,13.0,6.0,7.0,32.0,5.0,3.0,19.0,70.0,0.261,0.319,0.436,0.755,102.0,0.339,107.0,115.0,3.0,4.0,2.0,1.0,3.0,79H/8D,
Alejandro De Aza*,31.0,BAL,AL,-0.2,30.0,112.0,103.0,16.0,22.0,4.0,1.0,3.0,7.0,2.0,2.0,7.0,34.0,0.214,0.277,0.359,0.636,72.0,0.276,65.0,37.0,1.0,2.0,0.0,0.0,2.0,79/H,
Alejandro De Aza*,31.0,BOS,AL,1.2,60.0,178.0,161.0,23.0,47.0,9.0,5.0,4.0,25.0,3.0,1.0,12.0,36.0,0.292,0.347,0.484,0.831,120.0,0.379,133.0,78.0,2.0,2.0,2.0,1.0,1.0,79H/8D,
Alejandro De Aza*,31.0,SFG,NL,-0.3,24.0,75.0,61.0,12.0,16.0,4.0,1.0,0.0,3.0,2.0,2.0,12.0,14.0,0.262,0.387,0.361,0.747,108.0,0.334,110.0,22.0,3.0,1.0,0.0,1.0,0.0,7H/D,
Alex Avila*,28.0,DET,AL,0.0,67.0,219.0,178.0,21.0,34.0,5.0,0.0,4.0,13.0,0.0,1.0,40.0,66.0,0.191,0.339,0.287,0.626,77.0,0.292,79.0,51.0,4.0,0.0,1.0,0.0,0.0,23/HD,
Alex Colomé,26.0,TBR,AL,0.0,1.0,0.0,0.0,0.0,0.0,0.0,0.0,0.0,0.0,0.0,0.0,0.0,0.0,,,,,,,,0.0,0.0,0.0,0.0,0.0,0.0,1,
Alex Dickerson*,25.0,SDP,NL,-0.1,11.0,8.0,8.0,0.0,2.0,0.0,0.0,0.0,0.0,0.0,0.0,0.0,3.0,0.25,0.25,0.25,0.5,41.0,0.226,30.0,2.0,1.0,0.0,0.0,0.0,0.0,H/7,
Alex Gordon*,31.0,KCR,AL,2.5,104.0,422.0,354.0,40.0,96.0,18.0,0.0,13.0,48.0,2.0,5.0,49.0,92.0,0.271,0.377,0.432,0.809,119.0,0.351,120.0,153.0,2.0,14.0,0.0,5.0,7.0,7/DH,AS
Alex Meyer,25.0,MIN,AL,0.0,2.0,0.0,0.0,0.0,0.0,0.0,0.0,0.0,0.0,0.0,0.0,0.0,0.0,,,,,,,,0.0,0.0,0.0,0.0,0.0,0.0,/1,
Alex Presley*,29.0,HOU,AL,-0.1,8.0,13.0,12.0,1.0,3.0,0.0,0.0,0.0,1.0,0.0,0.0,1.0,5.0,0.25,0.308,0.25,0.558,59.0,0.26,56.0,3.0,0.0,0.0,0.0,0.0,0.0,/7H89,
Alex Wilson,28.0,DET,AL,0.0,3.0,0.0,0.0,0.0,0.0,0.0,0.0,0.0,0.0,0.0,0.0,0.0,0.0,,,,,,,,0.0,0.0,0.0,0.0,0.0,0.0,1,
Alex Wood,24.0,2TM,NL,0.2,29.0,67.0,55.0,2.0,9.0,2.0,0.0,0.0,4.0,0.0,0.0,4.0,34.0,0.164,0.22,0.2,0.42,19.0,0.212,8.0,11.0,2.0,0.0,8.0,0.0,0.0,1,
Alex Wood,24.0,ATL,NL,0.1,18.0,41.0,33.0,1.0,5.0,1.0,0.0,0.0,4.0,0.0,0.0,3.0,21.0,0.152,0.222,0.182,0.404,14.0,0.193,-10.0,6.0,1.0,0.0,5.0,0.0,0.0,1,
Alex Wood,24.0,LAD,NL,0.1,11.0,26.0,22.0,1.0,4.0,1.0,0.0,0.0,0.0,0.0,0.0,1.0,13.0,0.182,0.217,0.227,0.445,25.0,0.242,35.0,5.0,1.0,0.0,3.0,0.0,0.0,1,
Alexei Ramírez,33.0,CHW,AL,1.5,154.0,622.0,583.0,54.0,145.0,33.0,0.0,10.0,62.0,17.0,7.0,31.0,68.0,0.249,0.285,0.357,0.642,79.0,0.296,82.0,208.0,18.0,1.0,1.0,6.0,2.0,*6/H1D,
Alexi Amarista*,26.0,SDP,NL,-0.3,118.0,357.0,324.0,28.0,66.0,10.0,4.0,3.0,30.0,5.0,1.0,24.0,55.0,0.204,0.257,0.287,0.544,53.0,0.245,41.0,93.0,6.0,1.0,3.0,5.0,4.0,6H47/851,
Alexi Ogando,31.0,BOS,AL,0.0,4.0,0.0,0.0,0.0,0.0,0.0,0.0,0.0,0.0,0.0,0.0,0.0,0.0,,,,,,,,0.0,0.0,0.0,0.0,0.0,0.0,1,
Alfredo Marte,26.0,LAA,AL,0.2,5.0,8.0,6.0,0.0,2.0,0.0,0.0,0.0,0.0,0.0,0.0,1.0,1.0,0.333,0.5,0.333,0.833,144.0,0.388,154.0,2.0,0.0,1.0,0.0,0.0,0.0,/79DH,
Alfredo Simón,34.0,DET,AL,-0.1,2.0,5.0,5.0,0.0,0.0,0.0,0.0,0.0,0.0,0.0,0.0,0.0,2.0,0.0,0.0,0.0,0.0,-100.0,0.0,-140.0,0.0,0.0,0.0,0.0,0.0,0.0,1,
Allan Dykstra*,28.0,TBR,AL,-0.5,13.0,38.0,31.0,3.0,4.0,0.0,0.0,1.0,4.0,0.0,0.0,6.0,12.0,0.129,0.289,0.226,0.515,48.0,0.252,51.0,7.0,2.0,1.0,0.0,0.0,0.0,3,
Allen Craig,30.0,BOS,AL,-0.7,36.0,88.0,79.0,6.0,12.0,1.0,0.0,1.0,3.0,0.0,0.0,7.0,26.0,0.152,0.239,0.203,0.441,21.0,0.23,24.0,16.0,2.0,2.0,0.0,0.0,0.0,H/9D73,
Allen Webster,25.0,ARI,NL,0.0,9.0,11.0,11.0,1.0,0.0,0.0,0.0,0.0,0.0,0.0,0.0,0.0,6.0,0.0,0.0,0.0,0.0,-100.0,0.082,-86.0,0.0,0.0,0.0,0.0,0.0,0.0,/1,
Andre Ethier*,33.0,LAD,NL,2.7,142.0,445.0,395.0,54.0,116.0,20.0,7.0,14.0,53.0,2.0,3.0,43.0,75.0,0.294,0.366,0.486,0.852,137.0,0.373,141.0,192.0,11.0,4.0,0.0,3.0,2.0,*97H/8D,
Andrelton Simmons,25.0,ATL,NL,4.2,147.0,583.0,535.0,60.0,142.0,23.0,2.0,4.0,44.0,5.0,3.0,39.0,48.0,0.265,0.321,0.338,0.66,84.0,0.299,82.0,181.0,19.0,6.0,1.0,2.0,6.0,*6/H,
Andrew Bailey,31.0,NYY,AL,0.0,1.0,0.0,0.0,0.0,0.0,0.0,0.0,0.0,0.0,0.0,0.0,0.0,0.0,,,,,,,,0.0,0.0,0.0,0.0,0.0,0.0,1,
Andrew Cashner,28.0,SDP,NL,-0.2,37.0,61.0,60.0,2.0,5.0,0.0,0.0,0.0,1.0,0.0,0.0,1.0,24.0,0.083,0.098,0.083,0.182,-48.0,0.14,-33.0,5.0,0.0,0.0,0.0,0.0,0.0,1/H,
Andrew Chafin,25.0,ARI,NL,0.0,61.0,3.0,3.0,0.0,0.0,0.0,0.0,0.0,0.0,0.0,0.0,0.0,1.0,0.0,0.0,0.0,0.0,-100.0,0.0,-142.0,0.0,0.0,0.0,0.0,0.0,0.0,1,
Andrew Faulkner,22.0,TEX,AL,0.0,1.0,0.0,0.0,0.0,0.0,0.0,0.0,0.0,0.0,0.0,0.0,0.0,0.0,,,,,,,,0.0,0.0,0.0,0.0,0.0,0.0,1,
Andrew Heaney*,24.0,LAA,AL,-0.1,2.0,6.0,5.0,0.0,0.0,0.0,0.0,0.0,0.0,0.0,0.0,0.0,3.0,0.0,0.0,0.0,0.0,-100.0,0.0,-182.0,0.0,0.0,0.0,1.0,0.0,0.0,1,
Andrew Lambo*,26.0,PIT,NL,-0.6,20.0,27.0,25.0,1.0,1.0,1.0,0.0,0.0,0.0,0.0,0.0,2.0,8.0,0.04,0.111,0.08,0.191,-46.0,0.098,-68.0,2.0,0.0,0.0,0.0,0.0,0.0,H/97,
Andrew McCutchen,28.0,PIT,NL,4.9,157.0,685.0,566.0,91.0,165.0,36.0,3.0,23.0,96.0,11.0,5.0,98.0,133.0,0.292,0.401,0.488,0.889,144.0,0.39,147.0,276.0,9.0,12.0,0.0,9.0,12.0,*8/DH,"AS,MVP-5,SS"
Andrew McKirahan,25.0,ATL,NL,0.0,24.0,1.0,1.0,0.0,0.0,0.0,0.0,0.0,0.0,0.0,0.0,0.0,1.0,0.0,0.0,0.0,0.0,-100.0,0.0,-136.0,0.0,0.0,0.0,0.0,0.0,0.0,1,
Andrew Miller*,30.0,NYY,AL,0.0,4.0,0.0,0.0,0.0,0.0,0.0,0.0,0.0,0.0,0.0,0.0,0.0,0.0,,,,,,,,0.0,0.0,0.0,0.0,0.0,0.0,1,CYA-10
Andrew Romine#,29.0,DET,AL,0.9,109.0,203.0,184.0,25.0,47.0,5.0,0.0,2.0,15.0,10.0,5.0,11.0,46.0,0.255,0.307,0.315,0.622,73.0,0.289,75.0,58.0,4.0,3.0,4.0,1.0,1.0,56H34/7D,
Andrew Susac,25.0,SFG,NL,0.1,52.0,148.0,133.0,14.0,29.0,7.0,2.0,3.0,14.0,0.0,0.0,14.0,43.0,0.218,0.297,0.368,0.666,82.0,0.303,83.0,49.0,2.0,1.0,0.0,0.0,0.0,2H,
André Rienzo,26.0,MIA,NL,0.0,13.0,2.0,2.0,0.0,0.0,0.0,0.0,0.0,0.0,0.0,0.0,0.0,0.0,0.0,0.0,0.0,0.0,-100.0,0.0,-132.0,0.0,0.0,0.0,0.0,0.0,0.0,1,
Andrés Blanco#,31.0,PHI,NL,1.4,106.0,261.0,233.0,32.0,68.0,22.0,3.0,7.0,25.0,1.0,1.0,21.0,44.0,0.292,0.36,0.502,0.863,137.0,0.382,144.0,117.0,11.0,4.0,3.0,0.0,0.0,H546/3,
Andy Parrino#,29.0,OAK,AL,-0.1,17.0,8.0,6.0,1.0,0.0,0.0,0.0,0.0,0.0,0.0,0.0,2.0,5.0,0.0,0.25,0.0,0.25,-21.0,0.173,-8.0,0.0,0.0,0.0,0.0,0.0,0.0,6/5H,
Anthony Bass,27.0,TEX,AL,0.0,2.0,0.0,0.0,0.0,0.0,0.0,0.0,0.0,0.0,0.0,0.0,0.0,0.0,,,,,,,,0.0,0.0,0.0,0.0,0.0,0.0,1,
Anthony DeSclafani,25.0,CIN,NL,0.1,30.0,64.0,58.0,1.0,9.0,1.0,0.0,0.0,3.0,0.0,0.0,3.0,33.0,0.155,0.194,0.172,0.366,2.0,0.167,-22.0,10.0,0.0,0.0,2.0,1.0,0.0,1,
Anthony Gose*,24.0,DET,AL,0.8,140.0,535.0,485.0,73.0,123.0,24.0,8.0,5.0,26.0,23.0,11.0,45.0,145.0,0.254,0.321,0.367,0.688,90.0,0.315,94.0,178.0,11.0,3.0,2.0,0.0,0.0,*8/H,
Anthony Ranaudo,25.0,TEX,AL,0.0,1.0,2.0,2.0,0.0,0.0,0.0,0.0,0.0,0.0,0.0,0.0,0.0,2.0,0.0,0.0,0.0,0.0,-100.0,0.0,-145.0,0.0,0.0,0.0,0.0,0.0,0.0,/1,
Anthony Recker,31.0,NYM,NL,-0.8,32.0,92.0,80.0,6.0,10.0,1.0,0.0,2.0,5.0,1.0,0.0,11.0,35.0,0.125,0.239,0.213,0.452,27.0,0.219,19.0,17.0,1.0,1.0,0.0,0.0,2.0,2/H35,
Anthony Rendon,25.0,WSN,NL,0.5,80.0,355.0,311.0,43.0,82.0,16.0,0.0,5.0,25.0,1.0,2.0,36.0,70.0,0.264,0.344,0.363,0.707,93.0,0.318,92.0,113.0,8.0,4.0,0.0,4.0,0.0,45/H,
Anthony Rizzo*,25.0,CHC,NL,6.4,160.0,701.0,586.0,94.0,163.0,38.0,3.0,31.0,101.0,17.0,6.0,78.0,105.0,0.278,0.387,0.512,0.899,146.0,0.397,152.0,300.0,9.0,30.0,0.0,7.0,9.0,*3,"AS,MVP-4"
Antonio Bastardo,29.0,PIT,NL,0.0,61.0,2.0,2.0,0.0,0.0,0.0,0.0,0.0,0.0,0.0,0.0,0.0,2.0,0.0,0.0,0.0,0.0,-100.0,0.0,-136.0,0.0,0.0,0.0,0.0,0.0,0.0,1,
Aníbal Sánchez,31.0,DET,AL,-0.1,2.0,4.0,4.0,0.0,0.0,0.0,0.0,0.0,0.0,0.0,0.0,0.0,4.0,0.0,0.0,0.0,0.0,-100.0,0.0,-141.0,0.0,0.0,0.0,0.0,0.0,0.0,1,
Aramis Ramírez,37.0,2TM,NL,-0.4,137.0,516.0,475.0,43.0,117.0,31.0,1.0,17.0,75.0,1.0,0.0,31.0,68.0,0.246,0.297,0.423,0.72,95.0,0.314,90.0,201.0,23.0,5.0,0.0,5.0,3.0,*5H/3D,
Aramis Ramírez,37.0,MIL,NL,-0.3,81.0,302.0,279.0,25.0,69.0,18.0,0.0,11.0,42.0,1.0,0.0,16.0,42.0,0.247,0.295,0.43,0.725,96.0,0.316,90.0,120.0,12.0,4.0,0.0,3.0,3.0,5/HD,
Aramis Ramírez,37.0,PIT,NL,-0.1,56.0,214.0,196.0,18.0,48.0,13.0,1.0,6.0,33.0,0.0,0.0,15.0,26.0,0.245,0.299,0.413,0.712,94.0,0.311,89.0,81.0,11.0,1.0,0.0,2.0,0.0,5/H3,
Archie Bradley,22.0,ARI,NL,-0.1,8.0,14.0,14.0,0.0,2.0,0.0,0.0,0.0,0.0,0.0,1.0,0.0,7.0,0.143,0.143,0.143,0.286,-23.0,0.094,-51.0,2.0,0.0,0.0,0.0,0.0,0.0,/1,
Ariel Peña,26.0,MIL,NL,-0.1,6.0,7.0,7.0,0.0,0.0,0.0,0.0,0.0,0.0,0.0,0.0,0.0,6.0,0.0,0.0,0.0,0.0,-100.0,0.0,-141.0,0.0,0.0,0.0,0.0,0.0,0.0,/1,
Arismendy Alcántara#,23.0,CHC,NL,-0.3,11.0,32.0,26.0,5.0,2.0,0.0,0.0,0.0,1.0,1.0,0.0,5.0,11.0,0.077,0.226,0.077,0.303,-11.0,0.207,4.0,2.0,0.0,0.0,1.0,0.0,0.0,/4H5,
Arodys Vizcaíno,24.0,ATL,NL,0.0,34.0,0.0,0.0,0.0,0.0,0.0,0.0,0.0,0.0,0.0,0.0,0.0,0.0,,,,,,,,0.0,0.0,0.0,0.0,0.0,0.0,1,
Aroldis Chapman*,27.0,CIN,NL,0.0,62.0,1.0,1.0,1.0,0.0,0.0,0.0,0.0,0.0,0.0,0.0,0.0,0.0,0.0,0.0,0.0,0.0,-100.0,0.0,-136.0,0.0,0.0,0.0,0.0,0.0,0.0,1,AS
Arquimedes Caminero,28.0,PIT,NL,0.0,67.0,0.0,0.0,0.0,0.0,0.0,0.0,0.0,0.0,0.0,0.0,0.0,0.0,,,,,,,,0.0,0.0,0.0,0.0,0.0,0.0,1,
Asdrúbal Cabrera#,29.0,TBR,AL,1.6,143.0,551.0,505.0,66.0,134.0,28.0,5.0,15.0,58.0,6.0,3.0,36.0,107.0,0.265,0.315,0.43,0.744,106.0,0.317,99.0,217.0,14.0,3.0,1.0,6.0,4.0,*6/HD,
Austin Adams,28.0,CLE,AL,0.0,3.0,1.0,1.0,0.0,0.0,0.0,0.0,0.0,0.0,0.0,0.0,0.0,0.0,0.0,0.0,0.0,0.0,-100.0,0.0,-145.0,0.0,1.0,0.0,0.0,0.0,0.0,1,
Austin Barnes,25.0,LAD,NL,0.1,20.0,37.0,29.0,4.0,6.0,2.0,0.0,0.0,1.0,1.0,0.0,6.0,6.0,0.207,0.361,0.276,0.637,83.0,0.313,89.0,8.0,2.0,1.0,1.0,0.0,0.0,2/H45,
Austin Hedges,22.0,SDP,NL,-0.4,56.0,152.0,137.0,13.0,23.0,2.0,0.0,3.0,11.0,0.0,0.0,8.0,38.0,0.168,0.215,0.248,0.463,30.0,0.217,22.0,34.0,1.0,1.0,3.0,3.0,1.0,2/H,
Austin Jackson,28.0,2TM,2LG,1.5,136.0,527.0,491.0,56.0,131.0,25.0,3.0,9.0,48.0,17.0,10.0,29.0,126.0,0.267,0.311,0.385,0.696,95.0,0.308,93.0,189.0,5.0,3.0,3.0,1.0,0.0,*89H/7,
Austin Jackson,28.0,SEA,AL,1.4,107.0,448.0,419.0,46.0,114.0,18.0,3.0,8.0,38.0,15.0,9.0,24.0,107.0,0.272,0.312,0.387,0.699,96.0,0.306,93.0,162.0,4.0,1.0,3.0,1.0,0.0,8/H,
Austin Jackson,28.0,CHC,NL,0.1,29.0,79.0,72.0,10.0,17.0,7.0,0.0,1.0,10.0,2.0,1.0,5.0,19.0,0.236,0.304,0.375,0.679,87.0,0.315,92.0,27.0,1.0,2.0,0.0,0.0,0.0,9H/87,
Austin Romine,26.0,NYY,AL,-0.2,1.0,2.0,2.0,0.0,0.0,0.0,0.0,0.0,0.0,0.0,0.0,0.0,0.0,0.0,0.0,0.0,0.0,-100.0,0.0,-141.0,0.0,0.0,0.0,0.0,0.0,0.0,/3,
Avisaíl García,24.0,CHW,AL,0.4,148.0,601.0,553.0,66.0,142.0,17.0,2.0,13.0,59.0,7.0,7.0,36.0,141.0,0.257,0.309,0.365,0.675,89.0,0.301,89.0,202.0,13.0,8.0,0.0,4.0,3.0,*9D/H,
B.J. Upton,30.0,SDP,NL,1.4,87.0,228.0,205.0,23.0,53.0,12.0,4.0,5.0,17.0,9.0,3.0,21.0,62.0,0.259,0.327,0.429,0.757,110.0,0.348,118.0,88.0,1.0,0.0,2.0,0.0,2.0,8H,
Bartolo Colon,42.0,NYM,NL,-0.1,31.0,64.0,58.0,2.0,8.0,1.0,0.0,0.0,4.0,0.0,0.0,0.0,24.0,0.138,0.15,0.155,0.305,-15.0,0.154,-34.0,9.0,2.0,1.0,4.0,1.0,0.0,1,
Ben Paulsen*,27.0,COL,NL,1.0,116.0,354.0,325.0,42.0,90.0,19.0,4.0,11.0,49.0,1.0,2.0,23.0,92.0,0.277,0.326,0.462,0.787,99.0,0.347,100.0,150.0,5.0,2.0,1.0,3.0,0.0,3H7/9,
Ben Revere*,27.0,2TM,2LG,3.0,152.0,634.0,592.0,84.0,181.0,22.0,7.0,2.0,45.0,31.0,7.0,32.0,64.0,0.306,0.342,0.377,0.719,98.0,0.335,102.0,223.0,5.0,2.0,5.0,3.0,0.0,*789/H,
Ben Revere*,27.0,PHI,NL,2.3,96.0,388.0,366.0,49.0,109.0,13.0,6.0,1.0,26.0,24.0,5.0,19.0,36.0,0.298,0.334,0.374,0.709,97.0,0.34,106.0,137.0,4.0,1.0,2.0,0.0,0.0,789/H,
Ben Revere*,27.0,TOR,AL,0.7,56.0,246.0,226.0,35.0,72.0,9.0,1.0,1.0,19.0,7.0,2.0,13.0,28.0,0.319,0.354,0.381,0.734,101.0,0.327,97.0,86.0,1.0,1.0,3.0,3.0,0.0,7/8,
Ben Zobrist#,34.0,2TM,AL,2.4,126.0,535.0,467.0,76.0,129.0,36.0,3.0,13.0,56.0,3.0,4.0,62.0,56.0,0.276,0.359,0.45,0.809,121.0,0.352,122.0,210.0,8.0,1.0,0.0,5.0,3.0,47/D95H,
Ben Zobrist#,34.0,OAK,AL,1.3,67.0,271.0,235.0,39.0,63.0,20.0,2.0,6.0,33.0,1.0,1.0,33.0,26.0,0.268,0.354,0.447,0.801,122.0,0.348,122.0,105.0,5.0,0.0,0.0,3.0,2.0,47/DH9,
Ben Zobrist#,34.0,KCR,AL,1.1,59.0,264.0,232.0,37.0,66.0,16.0,1.0,7.0,23.0,2.0,3.0,29.0,30.0,0.284,0.364,0.453,0.816,120.0,0.355,122.0,105.0,3.0,1.0,0.0,2.0,1.0,47/59D,
Billy Burns#,25.0,OAK,AL,3.0,125.0,555.0,520.0,70.0,153.0,18.0,9.0,5.0,42.0,26.0,8.0,26.0,81.0,0.294,0.334,0.392,0.726,102.0,0.322,98.0,204.0,5.0,6.0,1.0,2.0,1.0,*8/H,ROY-5
Billy Butler,29.0,OAK,AL,-0.7,151.0,601.0,538.0,63.0,135.0,28.0,1.0,15.0,65.0,0.0,0.0,52.0,101.0,0.251,0.323,0.39,0.713,98.0,0.314,95.0,210.0,26.0,7.0,0.0,4.0,4.0,*D/H3,
Billy Hamilton,24.0,CIN,NL,1.0,114.0,454.0,412.0,56.0,93.0,8.0,3.0,4.0,28.0,57.0,8.0,28.0,75.0,0.226,0.274,0.289,0.563,55.0,0.279,46.0,119.0,5.0,1.0,9.0,4.0,0.0,*8/H,
Blaine Boyer,33.0,MIN,AL,0.0,7.0,0.0,0.0,0.0,0.0,0.0,0.0,0.0,0.0,0.0,0.0,0.0,0.0,,,,,,,,0.0,0.0,0.0,0.0,0.0,0.0,1,
Blaine Hardy*,28.0,DET,AL,0.0,4.0,1.0,1.0,0.0,0.0,0.0,0.0,0.0,0.0,0.0,0.0,0.0,0.0,0.0,0.0,0.0,0.0,-100.0,0.0,-136.0,0.0,0.0,0.0,0.0,0.0,0.0,1,
Blake Swihart#,23.0,BOS,AL,0.2,84.0,309.0,288.0,47.0,79.0,17.0,1.0,5.0,31.0,4.0,2.0,18.0,77.0,0.274,0.319,0.392,0.712,90.0,0.314,86.0,113.0,8.0,1.0,2.0,0.0,0.0,2/H,
Blake Treinen,27.0,WSN,NL,-0.1,57.0,4.0,2.0,0.0,0.0,0.0,0.0,0.0,0.0,0.0,0.0,0.0,1.0,0.0,0.0,0.0,0.0,-100.0,0.0,-382.0,0.0,0.0,0.0,2.0,0.0,0.0,1,
Bo Schultz,29.0,TOR,AL,0.0,3.0,0.0,0.0,0.0,0.0,0.0,0.0,0.0,0.0,0.0,0.0,0.0,0.0,,,,,,,,0.0,0.0,0.0,0.0,0.0,0.0,1,
Bobby LaFromboise*,29.0,PIT,NL,0.0,11.0,0.0,0.0,0.0,0.0,0.0,0.0,0.0,0.0,0.0,0.0,0.0,0.0,,,,,,,,0.0,0.0,0.0,0.0,0.0,0.0,1,
Bobby Parnell,30.0,NYM,NL,0.0,28.0,0.0,0.0,0.0,0.0,0.0,0.0,0.0,0.0,0.0,0.0,0.0,0.0,,,,,,,,0.0,0.0,0.0,0.0,0.0,0.0,1,
Bobby Wilson,32.0,2TM,AL,-0.2,56.0,147.0,132.0,8.0,25.0,5.0,0.0,1.0,14.0,0.0,1.0,11.0,39.0,0.189,0.255,0.25,0.505,40.0,0.233,34.0,33.0,1.0,1.0,2.0,1.0,0.0,2/HD,
Bobby Wilson,32.0,TBR,AL,-0.3,25.0,59.0,55.0,3.0,8.0,0.0,0.0,0.0,4.0,0.0,0.0,4.0,20.0,0.145,0.203,0.145,0.349,1.0,0.182,-1.0,8.0,1.0,0.0,0.0,0.0,0.0,2/DH,
Bobby Wilson,32.0,TEX,AL,0.1,31.0,88.0,77.0,5.0,17.0,5.0,0.0,1.0,10.0,0.0,1.0,7.0,19.0,0.221,0.291,0.325,0.615,66.0,0.268,57.0,25.0,0.0,1.0,2.0,1.0,0.0,2/H,
Boone Logan,30.0,COL,NL,0.0,57.0,0.0,0.0,0.0,0.0,0.0,0.0,0.0,0.0,0.0,0.0,0.0,0.0,,,,,,,,0.0,0.0,0.0,0.0,0.0,0.0,1,
Brad Boxberger,27.0,TBR,AL,0.0,7.0,0.0,0.0,0.0,0.0,0.0,0.0,0.0,0.0,0.0,0.0,0.0,0.0,,,,,,,,0.0,0.0,0.0,0.0,0.0,0.0,1,AS
Brad Brach,29.0,BAL,AL,0.0,5.0,0.0,0.0,0.0,0.0,0.0,0.0,0.0,0.0,0.0,0.0,0.0,0.0,,,,,,,,0.0,0.0,0.0,0.0,0.0,0.0,1,
Brad Hand*,25.0,MIA,NL,-0.1,35.0,23.0,17.0,1.0,2.0,0.0,0.0,0.0,2.0,0.0,0.0,0.0,5.0,0.118,0.118,0.118,0.235,-34.0,0.106,-116.0,2.0,0.0,0.0,6.0,0.0,0.0,1,
Brad Miller*,25.0,SEA,AL,0.3,144.0,497.0,438.0,44.0,113.0,22.0,4.0,11.0,46.0,13.0,4.0,47.0,101.0,0.258,0.329,0.402,0.73,105.0,0.328,107.0,176.0,7.0,2.0,4.0,6.0,0.0,687H4D/95,
Brad Ziegler,35.0,ARI,NL,0.0,63.0,0.0,0.0,0.0,0.0,0.0,0.0,0.0,0.0,0.0,0.0,0.0,0.0,,,,,,,,0.0,0.0,0.0,0.0,0.0,0.0,1,
Branden Pinder,26.0,NYY,AL,0.1,2.0,1.0,1.0,0.0,1.0,1.0,0.0,0.0,1.0,0.0,0.0,0.0,0.0,1.0,1.0,2.0,3.0,694.0,1.246,782.0,2.0,0.0,0.0,0.0,0.0,0.0,1,
Brandon Barnes,29.0,COL,NL,-1.2,106.0,281.0,255.0,30.0,64.0,13.0,2.0,2.0,17.0,4.0,2.0,21.0,67.0,0.251,0.314,0.341,0.655,68.0,0.303,66.0,87.0,6.0,3.0,1.0,1.0,3.0,79H8,
Brandon Beachy,28.0,LAD,NL,0.0,2.0,2.0,2.0,0.0,0.0,0.0,0.0,0.0,0.0,0.0,0.0,0.0,1.0,0.0,0.0,0.0,0.0,-100.0,0.0,-132.0,0.0,0.0,0.0,0.0,0.0,0.0,/1,
Brandon Belt*,27.0,SFG,NL,4.2,137.0,556.0,492.0,73.0,138.0,33.0,5.0,18.0,68.0,9.0,3.0,56.0,147.0,0.28,0.356,0.478,0.834,127.0,0.368,130.0,235.0,3.0,4.0,0.0,4.0,2.0,*37/H,
Brandon Crawford*,28.0,SFG,NL,6.0,143.0,561.0,507.0,65.0,130.0,33.0,4.0,21.0,84.0,6.0,4.0,39.0,119.0,0.256,0.321,0.462,0.782,113.0,0.341,111.0,234.0,18.0,11.0,0.0,4.0,9.0,*6/H,"AS,GG,SS"
Brandon Cunniff,26.0,ATL,NL,0.0,38.0,0.0,0.0,0.0,0.0,0.0,0.0,0.0,0.0,0.0,0.0,0.0,0.0,,,,,,,,0.0,0.0,0.0,0.0,0.0,0.0,1,
Brandon Drury,22.0,ARI,NL,-0.1,20.0,59.0,56.0,3.0,12.0,3.0,0.0,2.0,8.0,0.0,0.0,2.0,8.0,0.214,0.254,0.375,0.629,66.0,0.274,55.0,21.0,5.0,1.0,0.0,0.0,0.0,5/4H6,
Brandon Finnegan*,22.0,CIN,NL,-0.1,6.0,6.0,4.0,0.0,0.0,0.0,0.0,0.0,0.0,0.0,0.0,0.0,2.0,0.0,0.0,0.0,0.0,-100.0,0.0,-265.0,0.0,0.0,0.0,2.0,0.0,0.0,/1,
Brandon Gomes,30.0,TBR,AL,0.0,4.0,0.0,0.0,0.0,0.0,0.0,0.0,0.0,0.0,0.0,0.0,0.0,0.0,,,,,,,,0.0,0.0,0.0,0.0,0.0,0.0,1,
Brandon Guyer,29.0,TBR,AL,2.1,128.0,385.0,332.0,51.0,88.0,21.0,2.0,8.0,28.0,10.0,4.0,25.0,61.0,0.265,0.359,0.413,0.771,116.0,0.347,120.0,137.0,5.0,24.0,3.0,1.0,0.0,*7H98/D,
Brandon Kintzler,30.0,MIL,NL,0.0,7.0,1.0,1.0,0.0,0.0,0.0,0.0,0.0,0.0,0.0,0.0,0.0,0.0,0.0,0.0,0.0,0.0,-100.0,0.0,-136.0,0.0,0.0,0.0,0.0,0.0,0.0,/1,
Brandon Maurer,24.0,SDP,NL,0.0,47.0,0.0,0.0,0.0,0.0,0.0,0.0,0.0,0.0,0.0,0.0,0.0,0.0,,,,,,,,0.0,0.0,0.0,0.0,0.0,0.0,1,
Brandon McCarthy,31.0,LAD,NL,0.0,4.0,9.0,6.0,0.0,0.0,0.0,0.0,0.0,1.0,0.0,0.0,1.0,5.0,0.0,0.143,0.0,0.143,-55.0,0.099,-109.0,0.0,0.0,0.0,2.0,0.0,0.0,/1,
Brandon Morrow,30.0,SDP,NL,-0.1,5.0,10.0,9.0,0.0,0.0,0.0,0.0,0.0,0.0,0.0,0.0,1.0,8.0,0.0,0.1,0.0,0.1,-69.0,0.069,-86.0,0.0,0.0,0.0,0.0,0.0,0.0,/1,
Brandon Moss*,31.0,2TM,2LG,-0.3,145.0,526.0,469.0,47.0,106.0,24.0,2.0,19.0,58.0,0.0,1.0,49.0,148.0,0.226,0.304,0.407,0.711,90.0,0.307,82.0,191.0,12.0,5.0,0.0,3.0,4.0,93H7/D,
Brandon Moss*,31.0,CLE,AL,-0.4,94.0,375.0,337.0,36.0,73.0,17.0,1.0,15.0,50.0,0.0,0.0,32.0,106.0,0.217,0.288,0.407,0.695,84.0,0.3,75.0,137.0,9.0,3.0,0.0,3.0,2.0,93/DH,
Brandon Moss*,31.0,STL,NL,0.1,51.0,151.0,132.0,11.0,33.0,7.0,1.0,4.0,8.0,0.0,1.0,17.0,42.0,0.25,0.344,0.409,0.753,105.0,0.326,100.0,54.0,3.0,2.0,0.0,0.0,2.0,3H7/9,
Brandon Phillips,34.0,CIN,NL,2.6,148.0,623.0,588.0,69.0,173.0,19.0,2.0,12.0,70.0,23.0,3.0,27.0,68.0,0.294,0.328,0.395,0.723,97.0,0.339,103.0,232.0,13.0,4.0,1.0,3.0,1.0,*4/H6,
Brayan Peña#,33.0,CIN,NL,0.5,108.0,367.0,333.0,17.0,91.0,17.0,0.0,0.0,18.0,2.0,0.0,29.0,34.0,0.273,0.334,0.324,0.659,82.0,0.301,79.0,108.0,10.0,2.0,2.0,1.0,1.0,2H/3D,
Brendan Ryan,33.0,NYY,AL,0.0,47.0,103.0,96.0,10.0,22.0,6.0,2.0,0.0,8.0,0.0,0.0,5.0,29.0,0.229,0.275,0.333,0.608,66.0,0.273,61.0,32.0,1.0,1.0,1.0,0.0,0.0,45/H6391,
Brennan Boesch*,30.0,CIN,NL,-1.3,51.0,94.0,89.0,4.0,13.0,2.0,0.0,1.0,5.0,1.0,0.0,4.0,30.0,0.146,0.191,0.202,0.394,8.0,0.183,-9.0,18.0,0.0,1.0,0.0,0.0,0.0,H/789D,
Brent Morel,28.0,PIT,NL,0.0,3.0,7.0,7.0,1.0,2.0,1.0,0.0,0.0,1.0,0.0,0.0,0.0,3.0,0.286,0.286,0.429,0.714,94.0,0.309,87.0,3.0,0.0,0.0,0.0,0.0,0.0,/5H,
Brett Anderson*,27.0,LAD,NL,-0.1,29.0,61.0,47.0,1.0,4.0,1.0,0.0,0.0,3.0,0.0,0.0,5.0,32.0,0.085,0.173,0.106,0.279,-19.0,0.143,-54.0,5.0,2.0,0.0,9.0,0.0,0.0,1,
Brett Bochy,27.0,SFG,NL,0.0,4.0,0.0,0.0,0.0,0.0,0.0,0.0,0.0,0.0,0.0,0.0,0.0,0.0,,,,,,,,0.0,0.0,0.0,0.0,0.0,0.0,/1,
Brett Cecil,28.0,TOR,AL,0.0,4.0,0.0,0.0,0.0,0.0,0.0,0.0,0.0,0.0,0.0,0.0,0.0,0.0,,,,,,,,0.0,0.0,0.0,0.0,0.0,0.0,1,
Brett Gardner*,31.0,NYY,AL,3.7,151.0,656.0,571.0,94.0,148.0,26.0,3.0,16.0,66.0,20.0,5.0,68.0,135.0,0.259,0.343,0.399,0.742,103.0,0.339,107.0,228.0,8.0,6.0,8.0,3.0,1.0,*78/H,AS
Brett Hayes,31.0,CLE,AL,-0.2,14.0,36.0,32.0,4.0,5.0,0.0,0.0,3.0,6.0,0.0,0.0,3.0,7.0,0.156,0.229,0.438,0.666,73.0,0.282,61.0,14.0,0.0,0.0,1.0,0.0,0.0,2,
Brett Lawrie,25.0,OAK,AL,1.7,149.0,602.0,562.0,64.0,146.0,29.0,3.0,16.0,60.0,5.0,2.0,28.0,144.0,0.26,0.299,0.407,0.706,95.0,0.317,98.0,229.0,8.0,5.0,3.0,4.0,1.0,*54/DH,
Brett Oberholtzer*,25.0,HOU,AL,0.1,1.0,3.0,0.0,0.0,0.0,0.0,0.0,0.0,0.0,0.0,0.0,1.0,0.0,,1.0,,,,0.69,927.0,0.0,0.0,0.0,2.0,0.0,0.0,/1,
Brett Wallace*,28.0,SDP,NL,0.8,64.0,107.0,96.0,14.0,29.0,6.0,0.0,5.0,16.0,0.0,0.0,10.0,31.0,0.302,0.374,0.521,0.895,148.0,0.385,147.0,50.0,1.0,1.0,0.0,0.0,1.0,H3/5D,
Brian Bogusevic*,31.0,PHI,NL,0.2,22.0,61.0,58.0,9.0,15.0,3.0,0.0,2.0,5.0,2.0,0.0,3.0,21.0,0.259,0.295,0.414,0.709,94.0,0.317,89.0,24.0,1.0,0.0,0.0,0.0,0.0,9/H7,
Brian Dozier,28.0,MIN,AL,3.1,157.0,704.0,628.0,101.0,148.0,39.0,4.0,28.0,77.0,12.0,4.0,61.0,148.0,0.236,0.307,0.444,0.751,104.0,0.326,100.0,279.0,10.0,7.0,0.0,8.0,2.0,*4,"AS,MVP-28"
Brian Duensing*,32.0,MIN,AL,0.0,4.0,1.0,1.0,0.0,0.0,0.0,0.0,0.0,0.0,0.0,0.0,0.0,0.0,0.0,0.0,0.0,0.0,-100.0,0.0,-145.0,0.0,0.0,0.0,0.0,0.0,0.0,1,
Brian Ellington,24.0,MIA,NL,0.0,22.0,0.0,0.0,0.0,0.0,0.0,0.0,0.0,0.0,0.0,0.0,0.0,0.0,,,,,,,,0.0,0.0,0.0,0.0,0.0,0.0,1,
Brian Matusz*,28.0,BAL,AL,0.0,5.0,0.0,0.0,0.0,0.0,0.0,0.0,0.0,0.0,0.0,0.0,0.0,0.0,,,,,,,,0.0,0.0,0.0,0.0,0.0,0.0,1,
Brian McCann*,31.0,NYY,AL,2.6,135.0,535.0,465.0,68.0,108.0,15.0,1.0,26.0,94.0,0.0,0.0,52.0,97.0,0.232,0.32,0.437,0.756,105.0,0.329,102.0,203.0,7.0,11.0,0.0,7.0,3.0,*2H3/D,"MVP-24,SS"
Brian Schlitter,29.0,CHC,NL,0.0,10.0,0.0,0.0,0.0,0.0,0.0,0.0,0.0,0.0,0.0,0.0,0.0,0.0,,,,,,,,0.0,0.0,0.0,0.0,0.0,0.0,1,
Brock Holt*,27.0,BOS,AL,2.8,129.0,509.0,454.0,56.0,127.0,27.0,6.0,2.0,45.0,8.0,1.0,46.0,97.0,0.28,0.349,0.379,0.727,96.0,0.33,96.0,172.0,7.0,3.0,4.0,2.0,0.0,45976/3H8D,AS
Brooks Brown*,30.0,COL,NL,0.0,35.0,0.0,0.0,0.0,0.0,0.0,0.0,0.0,0.0,0.0,0.0,0.0,0.0,,,,,,,,0.0,0.0,0.0,0.0,0.0,0.0,1,
Bruce Rondón,24.0,DET,AL,0.0,1.0,0.0,0.0,0.0,0.0,0.0,0.0,0.0,0.0,0.0,0.0,0.0,0.0,,,,,,,,0.0,0.0,0.0,0.0,0.0,0.0,1,
Bryan Anderson*,28.0,OAK,AL,0.1,4.0,8.0,5.0,0.0,2.0,0.0,0.0,0.0,1.0,0.0,0.0,1.0,1.0,0.4,0.429,0.4,0.829,134.0,0.354,129.0,2.0,0.0,0.0,1.0,1.0,0.0,/2H,
Bryan Holaday,27.0,DET,AL,0.2,24.0,65.0,64.0,3.0,18.0,5.0,0.0,2.0,13.0,0.0,0.0,1.0,13.0,0.281,0.292,0.453,0.745,102.0,0.318,96.0,29.0,0.0,0.0,0.0,0.0,0.0,2/HD34,
Bryan Mitchell*,24.0,NYY,AL,0.0,3.0,1.0,1.0,0.0,0.0,0.0,0.0,0.0,0.0,0.0,0.0,0.0,1.0,0.0,0.0,0.0,0.0,-100.0,0.0,-145.0,0.0,0.0,0.0,0.0,0.0,0.0,1,
Bryan Morris*,28.0,MIA,NL,0.0,64.0,0.0,0.0,0.0,0.0,0.0,0.0,0.0,0.0,0.0,0.0,0.0,0.0,,,,,,,,0.0,0.0,0.0,0.0,0.0,0.0,1,
Bryan Shaw#,27.0,CLE,AL,0.0,3.0,0.0,0.0,0.0,0.0,0.0,0.0,0.0,0.0,0.0,0.0,0.0,0.0,,,,,,,,0.0,0.0,0.0,0.0,0.0,0.0,1,
Bryce Harper*,22.0,WSN,NL,9.7,153.0,654.0,521.0,118.0,172.0,38.0,1.0,42.0,99.0,6.0,4.0,124.0,131.0,0.33,0.46,0.649,1.109,198.0,0.466,203.0,338.0,15.0,5.0,0.0,4.0,15.0,*98/D,"AS,MVP-1,SS"
Buck Farmer*,24.0,DET,AL,0.0,2.0,4.0,4.0,0.0,1.0,0.0,0.0,0.0,0.0,0.0,0.0,0.0,3.0,0.25,0.25,0.25,0.5,40.0,0.224,27.0,1.0,0.0,0.0,0.0,0.0,0.0,1,
Bud Norris,30.0,2TM,2LG,-0.1,22.0,4.0,4.0,0.0,0.0,0.0,0.0,0.0,0.0,0.0,0.0,0.0,1.0,0.0,0.0,0.0,0.0,-100.0,0.0,-143.0,0.0,0.0,0.0,0.0,0.0,0.0,1,
Bud Norris,30.0,BAL,AL,-0.1,2.0,4.0,4.0,0.0,0.0,0.0,0.0,0.0,0.0,0.0,0.0,0.0,1.0,0.0,0.0,0.0,0.0,-100.0,0.0,-143.0,0.0,0.0,0.0,0.0,0.0,0.0,1,
Bud Norris,30.0,SDP,NL,0.0,20.0,0.0,0.0,0.0,0.0,0.0,0.0,0.0,0.0,0.0,0.0,0.0,0.0,,,,,,,,0.0,0.0,0.0,0.0,0.0,0.0,1,
Buddy Carlyle*,37.0,NYM,NL,0.0,11.0,0.0,0.0,0.0,0.0,0.0,0.0,0.0,0.0,0.0,0.0,0.0,0.0,,,,,,,,0.0,0.0,0.0,0.0,0.0,0.0,1,
Burke Badenhop,32.0,CIN,NL,0.0,63.0,1.0,1.0,0.0,0.0,0.0,0.0,0.0,0.0,0.0,0.0,0.0,0.0,0.0,0.0,0.0,0.0,-100.0,0.0,-136.0,0.0,0.0,0.0,0.0,0.0,0.0,1,
Buster Posey,28.0,SFG,NL,5.9,150.0,623.0,557.0,74.0,177.0,28.0,0.0,19.0,95.0,2.0,0.0,56.0,52.0,0.318,0.379,0.47,0.849,133.0,0.374,135.0,262.0,17.0,3.0,0.0,7.0,10.0,23/HD,"AS,MVP-9,SS"
Byron Buxton,21.0,MIN,AL,0.3,46.0,138.0,129.0,16.0,27.0,7.0,1.0,2.0,6.0,2.0,2.0,6.0,44.0,0.209,0.25,0.326,0.576,57.0,0.264,58.0,42.0,1.0,1.0,2.0,0.0,0.0,8/H,
C.J. Cron,25.0,LAA,AL,0.2,113.0,404.0,378.0,37.0,99.0,17.0,1.0,16.0,51.0,3.0,1.0,17.0,82.0,0.262,0.3,0.439,0.739,106.0,0.317,101.0,166.0,9.0,5.0,0.0,3.0,1.0,3DH,
C.J. Wilson*,34.0,LAA,AL,0.1,2.0,6.0,6.0,0.0,2.0,0.0,0.0,0.0,0.0,0.0,0.0,0.0,1.0,0.333,0.333,0.333,0.667,90.0,0.298,88.0,2.0,0.0,0.0,0.0,0.0,0.0,1,
Caleb Cotham,27.0,NYY,AL,0.0,1.0,0.0,0.0,0.0,0.0,0.0,0.0,0.0,0.0,0.0,0.0,0.0,0.0,,,,,,,,0.0,0.0,0.0,0.0,0.0,0.0,1,
Caleb Joseph,29.0,BAL,AL,2.1,100.0,355.0,320.0,38.0,75.0,16.0,1.0,11.0,49.0,0.0,0.0,27.0,72.0,0.234,0.299,0.394,0.693,88.0,0.309,86.0,126.0,7.0,3.0,3.0,1.0,2.0,2/DH3,
Cam Bedrosian,23.0,LAA,AL,0.0,1.0,0.0,0.0,0.0,0.0,0.0,0.0,0.0,0.0,0.0,0.0,0.0,0.0,,,,,,,,0.0,0.0,0.0,0.0,0.0,0.0,1,
Cameron Maybin,28.0,ATL,NL,0.5,141.0,555.0,505.0,65.0,135.0,18.0,2.0,10.0,59.0,23.0,6.0,45.0,102.0,0.267,0.327,0.37,0.697,94.0,0.324,97.0,187.0,16.0,1.0,1.0,3.0,1.0,*8/H,
Cameron Rupp,26.0,PHI,NL,1.0,81.0,299.0,270.0,24.0,63.0,9.0,1.0,9.0,28.0,0.0,1.0,24.0,71.0,0.233,0.301,0.374,0.675,87.0,0.298,82.0,101.0,8.0,3.0,0.0,2.0,5.0,2/H,
Carl Crawford*,33.0,LAD,NL,-0.1,69.0,193.0,181.0,19.0,48.0,9.0,2.0,4.0,16.0,10.0,2.0,10.0,41.0,0.265,0.304,0.403,0.707,96.0,0.314,89.0,73.0,3.0,0.0,0.0,0.0,1.0,7H/D,
Carl Edwards Jr.,23.0,CHC,NL,0.0,5.0,1.0,1.0,0.0,0.0,0.0,0.0,0.0,0.0,0.0,0.0,0.0,1.0,0.0,0.0,0.0,0.0,-100.0,0.0,-136.0,0.0,0.0,0.0,0.0,0.0,0.0,/1,
Carlos Beltrán#,38.0,NYY,AL,1.1,133.0,531.0,478.0,57.0,132.0,34.0,1.0,19.0,67.0,0.0,0.0,45.0,85.0,0.276,0.337,0.471,0.808,119.0,0.347,116.0,225.0,12.0,2.0,0.0,6.0,2.0,*9/DH,
Carlos Carrasco,28.0,CLE,AL,0.3,1.0,3.0,1.0,0.0,1.0,0.0,0.0,0.0,0.0,0.0,0.0,0.0,0.0,1.0,1.0,1.0,2.0,441.0,1.793,3364.0,1.0,0.0,0.0,2.0,0.0,0.0,1,CYA-13
Carlos Contreras,24.0,CIN,NL,0.0,22.0,0.0,0.0,0.0,0.0,0.0,0.0,0.0,0.0,0.0,0.0,0.0,0.0,,,,,,,,0.0,0.0,0.0,0.0,0.0,0.0,1,
Carlos Corporán#,31.0,TEX,AL,-0.4,33.0,121.0,107.0,10.0,19.0,4.0,0.0,3.0,15.0,0.0,0.0,6.0,40.0,0.178,0.244,0.299,0.543,46.0,0.242,34.0,32.0,1.0,4.0,2.0,2.0,0.0,2/HD,
Carlos Correa,20.0,HOU,AL,4.7,99.0,432.0,387.0,52.0,108.0,22.0,1.0,22.0,68.0,14.0,4.0,40.0,78.0,0.279,0.345,0.512,0.857,135.0,0.371,136.0,198.0,10.0,1.0,0.0,4.0,2.0,6,"MVP-24,ROY-1"
Carlos Frías,25.0,LAD,NL,-0.1,16.0,24.0,21.0,1.0,1.0,0.0,0.0,0.0,0.0,0.0,0.0,1.0,12.0,0.048,0.13,0.048,0.178,-47.0,0.097,-73.0,1.0,0.0,1.0,1.0,0.0,0.0,1,
Carlos González*,29.0,COL,NL,2.7,153.0,608.0,554.0,87.0,150.0,25.0,2.0,40.0,97.0,2.0,0.0,46.0,133.0,0.271,0.325,0.54,0.864,116.0,0.37,115.0,299.0,11.0,1.0,1.0,6.0,6.0,*9/H,SS
Carlos Gómez,29.0,2TM,2LG,2.2,115.0,477.0,435.0,61.0,111.0,29.0,1.0,12.0,56.0,17.0,9.0,31.0,101.0,0.255,0.314,0.409,0.724,98.0,0.322,98.0,178.0,5.0,7.0,3.0,1.0,1.0,*8/HD4,
Carlos Gómez,29.0,MIL,NL,1.6,74.0,314.0,286.0,42.0,75.0,20.0,1.0,8.0,43.0,7.0,6.0,23.0,70.0,0.262,0.328,0.423,0.751,104.0,0.338,110.0,121.0,4.0,5.0,0.0,0.0,0.0,8/4DH,
Carlos Gómez,29.0,HOU,AL,0.6,41.0,163.0,149.0,19.0,36.0,9.0,0.0,4.0,13.0,10.0,3.0,8.0,31.0,0.242,0.288,0.383,0.67,85.0,0.292,74.0,57.0,1.0,2.0,3.0,1.0,1.0,8/HD,
Carlos Martínez,23.0,STL,NL,-0.1,31.0,63.0,56.0,2.0,8.0,2.0,0.0,0.0,0.0,0.0,0.0,1.0,23.0,0.143,0.172,0.179,0.351,-4.0,0.156,-39.0,10.0,1.0,1.0,5.0,0.0,0.0,1/H,AS
Carlos Peguero*,28.0,2TM,AL,0.5,34.0,90.0,75.0,11.0,14.0,4.0,0.0,4.0,9.0,2.0,0.0,13.0,37.0,0.187,0.311,0.4,0.711,90.0,0.338,101.0,30.0,1.0,1.0,0.0,1.0,0.0,7H/98,
Carlos Peguero*,28.0,TEX,AL,0.5,30.0,84.0,70.0,10.0,13.0,4.0,0.0,4.0,9.0,2.0,0.0,12.0,36.0,0.186,0.31,0.414,0.724,93.0,0.343,105.0,29.0,1.0,1.0,0.0,1.0,0.0,7/9H8,
Carlos Peguero*,28.0,BOS,AL,0.0,4.0,6.0,5.0,1.0,1.0,0.0,0.0,0.0,0.0,0.0,0.0,1.0,1.0,0.2,0.333,0.2,0.533,49.0,0.264,48.0,1.0,0.0,0.0,0.0,0.0,0.0,/7H,
Carlos Pérez,24.0,LAA,AL,1.1,86.0,283.0,260.0,20.0,65.0,13.0,0.0,4.0,21.0,2.0,0.0,19.0,49.0,0.25,0.299,0.346,0.645,82.0,0.301,88.0,90.0,7.0,0.0,2.0,2.0,0.0,2/H3D,
Carlos Rodón*,22.0,CHW,AL,0.0,2.0,3.0,1.0,0.0,0.0,0.0,0.0,0.0,0.0,0.0,0.0,0.0,1.0,0.0,0.0,0.0,0.0,-100.0,0.0,-609.0,0.0,0.0,0.0,2.0,0.0,0.0,1,
Carlos Ruiz,36.0,PHI,NL,-0.7,86.0,320.0,284.0,23.0,60.0,13.0,1.0,2.0,22.0,1.0,1.0,28.0,43.0,0.211,0.29,0.285,0.575,61.0,0.274,63.0,81.0,13.0,4.0,3.0,1.0,2.0,2/H,
Carlos Santana#,29.0,CLE,AL,0.5,154.0,666.0,550.0,72.0,127.0,29.0,2.0,19.0,85.0,11.0,3.0,108.0,122.0,0.231,0.357,0.395,0.752,102.0,0.336,101.0,217.0,20.0,3.0,0.0,5.0,8.0,*3D/H,
Carlos Torres,32.0,NYM,NL,0.0,56.0,1.0,1.0,1.0,1.0,0.0,0.0,0.0,0.0,0.0,0.0,0.0,0.0,1.0,1.0,1.0,2.0,460.0,0.803,445.0,1.0,0.0,0.0,0.0,0.0,0.0,1,
Carlos Villanueva,31.0,STL,NL,-0.2,32.0,11.0,8.0,0.0,0.0,0.0,0.0,0.0,0.0,0.0,0.0,0.0,5.0,0.0,0.0,0.0,0.0,-100.0,0.0,-232.0,0.0,0.0,0.0,3.0,0.0,0.0,1,
Carson Blair,25.0,OAK,AL,-0.4,11.0,35.0,31.0,3.0,4.0,0.0,0.0,1.0,3.0,0.0,0.0,4.0,18.0,0.129,0.229,0.226,0.454,28.0,0.214,22.0,7.0,1.0,0.0,0.0,0.0,0.0,2,
Carson Smith,25.0,SEA,AL,0.0,5.0,0.0,0.0,0.0,0.0,0.0,0.0,0.0,0.0,0.0,0.0,0.0,0.0,,,,,,,,0.0,0.0,0.0,0.0,0.0,0.0,1,
Carter Capps,24.0,MIA,NL,0.1,28.0,2.0,2.0,0.0,1.0,0.0,0.0,0.0,0.0,0.0,0.0,0.0,1.0,0.5,0.5,0.5,1.0,181.0,0.452,195.0,1.0,0.0,0.0,0.0,0.0,0.0,1,
Casey Fien,31.0,MIN,AL,0.0,3.0,0.0,0.0,0.0,0.0,0.0,0.0,0.0,0.0,0.0,0.0,0.0,0.0,,,,,,,,0.0,0.0,0.0,0.0,0.0,0.0,1,
Casey Janssen,33.0,WSN,NL,0.0,45.0,0.0,0.0,0.0,0.0,0.0,0.0,0.0,0.0,0.0,0.0,0.0,0.0,,,,,,,,0.0,0.0,0.0,0.0,0.0,0.0,1,
Casey Kelly,25.0,SDP,NL,0.0,3.0,3.0,2.0,0.0,0.0,0.0,0.0,0.0,0.0,0.0,0.0,0.0,0.0,0.0,0.0,0.0,0.0,-100.0,0.0,-250.0,0.0,0.0,0.0,1.0,0.0,0.0,/1,
Casey McGehee,32.0,2TM,NL,-1.5,109.0,258.0,237.0,14.0,47.0,12.0,0.0,2.0,20.0,1.0,1.0,21.0,50.0,0.198,0.264,0.274,0.538,50.0,0.248,44.0,65.0,18.0,0.0,0.0,0.0,0.0,H53/D,
Casey McGehee,32.0,SFG,NL,-0.9,49.0,138.0,127.0,7.0,27.0,5.0,0.0,2.0,11.0,0.0,1.0,11.0,28.0,0.213,0.275,0.299,0.575,59.0,0.255,50.0,38.0,15.0,0.0,0.0,0.0,0.0,5H/3D,
Casey McGehee,32.0,MIA,NL,-0.6,60.0,120.0,110.0,7.0,20.0,7.0,0.0,0.0,9.0,1.0,0.0,10.0,22.0,0.182,0.25,0.245,0.495,39.0,0.239,37.0,27.0,3.0,0.0,0.0,0.0,0.0,H35/D,
Casey Sadler,24.0,PIT,NL,0.0,1.0,2.0,1.0,0.0,0.0,0.0,0.0,0.0,0.0,0.0,0.0,0.0,0.0,0.0,0.0,0.0,0.0,-100.0,0.0,-373.0,0.0,0.0,0.0,1.0,0.0,0.0,/1,
CC Sabathia*,34.0,NYY,AL,0.0,1.0,3.0,3.0,0.0,0.0,0.0,0.0,0.0,0.0,0.0,0.0,0.0,2.0,0.0,0.0,0.0,0.0,-100.0,0.0,-142.0,0.0,0.0,0.0,0.0,0.0,0.0,1,
Chad Bettis,26.0,COL,NL,0.0,17.0,33.0,29.0,2.0,2.0,0.0,0.0,0.0,1.0,0.0,0.0,4.0,13.0,0.069,0.182,0.069,0.251,-32.0,0.139,-54.0,2.0,0.0,0.0,0.0,0.0,0.0,1,
Chad Billingsley,30.0,PHI,NL,0.1,7.0,14.0,13.0,2.0,1.0,0.0,0.0,1.0,1.0,0.0,0.0,0.0,5.0,0.077,0.077,0.308,0.385,0.0,0.229,25.0,4.0,1.0,0.0,1.0,0.0,0.0,/1,
Chad Qualls,36.0,HOU,AL,0.0,4.0,0.0,0.0,0.0,0.0,0.0,0.0,0.0,0.0,0.0,0.0,0.0,0.0,,,,,,,,0.0,0.0,0.0,0.0,0.0,0.0,1,
Charlie Blackmon*,28.0,COL,NL,1.9,157.0,682.0,614.0,93.0,176.0,31.0,9.0,17.0,58.0,43.0,13.0,46.0,112.0,0.287,0.347,0.45,0.797,102.0,0.361,105.0,276.0,4.0,13.0,5.0,4.0,2.0,*87/9H,
Charlie Furbush*,29.0,SEA,AL,0.0,3.0,0.0,0.0,0.0,0.0,0.0,0.0,0.0,0.0,0.0,0.0,0.0,0.0,,,,,,,,0.0,0.0,0.0,0.0,0.0,0.0,1,
Charlie Morton,31.0,PIT,NL,-0.4,21.0,43.0,36.0,0.0,1.0,0.0,0.0,0.0,1.0,0.0,0.0,1.0,18.0,0.028,0.054,0.028,0.082,-76.0,0.043,-143.0,1.0,0.0,0.0,6.0,0.0,0.0,1,
Chase Anderson,27.0,ARI,NL,-0.4,28.0,57.0,48.0,0.0,5.0,0.0,0.0,0.0,3.0,0.0,0.0,1.0,23.0,0.104,0.122,0.104,0.227,-38.0,0.102,-99.0,5.0,2.0,0.0,8.0,0.0,0.0,1/H,
Chase d'Arnaud,28.0,PHI,NL,-0.2,11.0,18.0,17.0,2.0,3.0,0.0,1.0,0.0,0.0,0.0,1.0,1.0,7.0,0.176,0.222,0.294,0.516,42.0,0.189,21.0,5.0,0.0,0.0,0.0,0.0,0.0,/H65,
Chase Headley#,31.0,NYY,AL,1.2,156.0,642.0,580.0,74.0,150.0,29.0,1.0,11.0,62.0,0.0,2.0,51.0,135.0,0.259,0.324,0.369,0.693,90.0,0.309,89.0,214.0,17.0,7.0,0.0,4.0,0.0,*5/H3,
Chase Utley*,36.0,2TM,NL,0.5,107.0,423.0,373.0,37.0,79.0,21.0,2.0,8.0,39.0,4.0,0.0,32.0,64.0,0.212,0.286,0.343,0.629,75.0,0.289,73.0,128.0,7.0,10.0,0.0,8.0,4.0,4H/35D,
Chase Utley*,36.0,PHI,NL,-0.3,73.0,282.0,249.0,23.0,54.0,12.0,1.0,5.0,30.0,3.0,0.0,22.0,35.0,0.217,0.284,0.333,0.617,71.0,0.287,71.0,83.0,6.0,4.0,0.0,7.0,4.0,4/H3D,
Chase Utley*,36.0,LAD,NL,0.8,34.0,141.0,124.0,14.0,25.0,9.0,1.0,3.0,9.0,1.0,0.0,10.0,29.0,0.202,0.291,0.363,0.654,82.0,0.291,77.0,45.0,1.0,6.0,0.0,1.0,0.0,4/H53D,
Chasen Shreve*,24.0,NYY,AL,0.0,3.0,0.0,0.0,0.0,0.0,0.0,0.0,0.0,0.0,0.0,0.0,0.0,0.0,,,,,,,,0.0,0.0,0.0,0.0,0.0,0.0,1,
Chaz Roe,28.0,BAL,AL,0.0,3.0,0.0,0.0,0.0,0.0,0.0,0.0,0.0,0.0,0.0,0.0,0.0,0.0,,,,,,,,0.0,0.0,0.0,0.0,0.0,0.0,1,
Cheslor Cuthbert,22.0,KCR,AL,0.3,19.0,50.0,46.0,6.0,10.0,2.0,1.0,1.0,8.0,0.0,0.0,4.0,9.0,0.217,0.28,0.37,0.65,74.0,0.283,66.0,17.0,0.0,0.0,0.0,0.0,0.0,5/H34D,
Chin-hui Tsao,34.0,LAD,NL,0.1,5.0,1.0,1.0,1.0,1.0,1.0,0.0,0.0,0.0,0.0,0.0,0.0,0.0,1.0,1.0,2.0,3.0,713.0,1.263,782.0,2.0,0.0,0.0,0.0,0.0,0.0,/1,
Chris Archer,26.0,TBR,AL,-0.1,2.0,5.0,5.0,0.0,0.0,0.0,0.0,0.0,0.0,0.0,0.0,0.0,3.0,0.0,0.0,0.0,0.0,-100.0,0.0,-136.0,0.0,0.0,0.0,0.0,0.0,0.0,1,"AS,CYA-5"
Chris Bassitt,26.0,OAK,AL,0.0,1.0,2.0,2.0,0.0,0.0,0.0,0.0,0.0,0.0,0.0,0.0,0.0,1.0,0.0,0.0,0.0,0.0,-100.0,0.0,-136.0,0.0,0.0,0.0,0.0,0.0,0.0,1,
Chris Capuano*,36.0,NYY,AL,0.0,2.0,1.0,1.0,0.0,0.0,0.0,0.0,0.0,0.0,0.0,0.0,0.0,0.0,0.0,0.0,0.0,0.0,-100.0,0.0,-145.0,0.0,0.0,0.0,0.0,0.0,0.0,1,
Chris Carter,28.0,HOU,AL,0.5,129.0,460.0,391.0,50.0,78.0,17.0,0.0,24.0,64.0,1.0,2.0,57.0,151.0,0.199,0.307,0.427,0.734,102.0,0.321,102.0,167.0,5.0,6.0,0.0,5.0,1.0,*3H/D,
Chris Coghlan*,30.0,CHC,NL,2.1,148.0,503.0,440.0,64.0,110.0,25.0,6.0,16.0,41.0,11.0,2.0,58.0,94.0,0.25,0.341,0.443,0.784,115.0,0.347,114.0,195.0,8.0,3.0,1.0,1.0,6.0,*7H94/35,
Chris Colabello,31.0,TOR,AL,0.7,101.0,360.0,333.0,55.0,107.0,19.0,1.0,15.0,54.0,2.0,0.0,22.0,96.0,0.321,0.367,0.52,0.886,138.0,0.389,144.0,173.0,12.0,3.0,0.0,2.0,0.0,37H9D,
Chris Davis*,29.0,BAL,AL,4.9,160.0,670.0,573.0,100.0,150.0,31.0,0.0,47.0,117.0,2.0,3.0,84.0,208.0,0.262,0.361,0.562,0.923,147.0,0.395,152.0,322.0,6.0,8.0,0.0,5.0,6.0,*39D,MVP-14
Chris Denorfia,34.0,CHC,NL,-0.1,103.0,231.0,212.0,18.0,57.0,11.0,1.0,3.0,18.0,0.0,1.0,15.0,56.0,0.269,0.319,0.373,0.691,91.0,0.305,87.0,79.0,7.0,1.0,2.0,1.0,1.0,7H9/81,
Chris Dominguez,28.0,CIN,NL,0.1,14.0,23.0,23.0,2.0,6.0,1.0,1.0,1.0,3.0,0.0,0.0,0.0,12.0,0.261,0.261,0.522,0.783,108.0,0.324,97.0,12.0,0.0,0.0,0.0,0.0,0.0,/H379,
Chris Gimenez,32.0,TEX,AL,0.6,36.0,113.0,98.0,19.0,25.0,6.0,1.0,5.0,14.0,2.0,0.0,10.0,19.0,0.255,0.33,0.49,0.82,118.0,0.356,116.0,48.0,2.0,1.0,4.0,0.0,0.0,2,
Chris Hatcher#,30.0,LAD,NL,0.0,45.0,1.0,1.0,0.0,0.0,0.0,0.0,0.0,0.0,0.0,0.0,0.0,0.0,0.0,0.0,0.0,0.0,-100.0,0.0,-136.0,0.0,0.0,0.0,0.0,0.0,0.0,1,
Chris Heisey,30.0,LAD,NL,0.1,33.0,72.0,55.0,8.0,10.0,2.0,0.0,2.0,9.0,0.0,1.0,15.0,17.0,0.182,0.347,0.327,0.674,91.0,0.293,84.0,18.0,1.0,0.0,0.0,2.0,2.0,798/H,
Chris Herrmann*,27.0,MIN,AL,-0.2,45.0,113.0,103.0,13.0,15.0,5.0,1.0,2.0,10.0,0.0,0.0,7.0,37.0,0.146,0.214,0.272,0.486,33.0,0.232,32.0,28.0,1.0,2.0,1.0,0.0,0.0,2/H39D,
Chris Heston,27.0,SFG,NL,0.1,28.0,58.0,51.0,1.0,10.0,2.0,0.0,0.0,3.0,0.0,0.0,0.0,18.0,0.196,0.196,0.235,0.431,18.0,0.187,-17.0,12.0,1.0,0.0,7.0,0.0,0.0,1,
Chris Iannetta,32.0,LAA,AL,0.7,92.0,317.0,272.0,28.0,51.0,10.0,0.0,10.0,34.0,0.0,1.0,41.0,83.0,0.188,0.293,0.335,0.628,78.0,0.287,80.0,91.0,11.0,1.0,0.0,3.0,1.0,2/H3D,
Chris Johnson,30.0,2TM,2LG,-0.9,83.0,255.0,243.0,18.0,62.0,11.0,0.0,3.0,18.0,2.0,1.0,10.0,74.0,0.255,0.286,0.337,0.624,71.0,0.284,68.0,82.0,5.0,1.0,0.0,1.0,0.0,35HD,
Chris Johnson,30.0,ATL,NL,-0.6,56.0,162.0,153.0,12.0,36.0,7.0,0.0,2.0,11.0,2.0,1.0,7.0,49.0,0.235,0.272,0.32,0.592,64.0,0.275,64.0,49.0,3.0,1.0,0.0,1.0,0.0,53H/D,
Chris Johnson,30.0,CLE,AL,-0.3,27.0,93.0,90.0,6.0,26.0,4.0,0.0,1.0,7.0,0.0,0.0,3.0,25.0,0.289,0.312,0.367,0.678,81.0,0.299,75.0,33.0,2.0,0.0,0.0,0.0,0.0,D3/5H,
Chris Martin,29.0,NYY,AL,0.0,2.0,0.0,0.0,0.0,0.0,0.0,0.0,0.0,0.0,0.0,0.0,0.0,0.0,,,,,,,,0.0,0.0,0.0,0.0,0.0,0.0,1,
Chris Narveson*,33.0,MIA,NL,-0.1,14.0,7.0,6.0,1.0,0.0,0.0,0.0,0.0,1.0,0.0,0.0,0.0,4.0,0.0,0.0,0.0,0.0,-100.0,0.0,-177.0,0.0,0.0,0.0,1.0,0.0,0.0,1,
Chris Owings,23.0,ARI,NL,-0.6,147.0,552.0,515.0,59.0,117.0,27.0,5.0,4.0,43.0,16.0,4.0,26.0,144.0,0.227,0.264,0.322,0.587,57.0,0.268,47.0,166.0,9.0,1.0,7.0,3.0,3.0,*46H,
Chris Parmelee*,27.0,BAL,AL,-0.1,32.0,102.0,97.0,11.0,21.0,7.0,1.0,4.0,9.0,0.0,1.0,4.0,26.0,0.216,0.255,0.433,0.688,83.0,0.288,75.0,42.0,1.0,1.0,0.0,0.0,0.0,3/9H,
Chris Rearick*,27.0,SDP,NL,0.0,5.0,0.0,0.0,0.0,0.0,0.0,0.0,0.0,0.0,0.0,0.0,0.0,0.0,,,,,,,,0.0,0.0,0.0,0.0,0.0,0.0,/1,
Chris Reed*,25.0,MIA,NL,0.0,2.0,0.0,0.0,0.0,0.0,0.0,0.0,0.0,0.0,0.0,0.0,0.0,0.0,,,,,,,,0.0,0.0,0.0,0.0,0.0,0.0,/1,
Chris Rusin*,28.0,COL,NL,0.1,26.0,50.0,46.0,5.0,10.0,0.0,0.0,1.0,4.0,0.0,0.0,0.0,7.0,0.217,0.217,0.283,0.5,27.0,0.213,-9.0,13.0,0.0,0.0,4.0,0.0,0.0,1/H,
Chris Sale*,26.0,CHW,AL,0.0,3.0,9.0,9.0,1.0,1.0,0.0,0.0,0.0,0.0,0.0,0.0,0.0,4.0,0.111,0.111,0.111,0.222,-37.0,0.1,-61.0,1.0,0.0,0.0,0.0,0.0,0.0,1,"AS,CYA-4,MVP-19"
Chris Stewart,33.0,PIT,NL,0.4,58.0,172.0,159.0,9.0,46.0,8.0,0.0,0.0,15.0,0.0,0.0,6.0,29.0,0.289,0.32,0.34,0.659,82.0,0.291,73.0,54.0,3.0,2.0,3.0,2.0,0.0,2H,
Chris Taylor,24.0,SEA,AL,-0.8,37.0,102.0,94.0,9.0,16.0,3.0,1.0,0.0,1.0,3.0,2.0,6.0,31.0,0.17,0.22,0.223,0.443,26.0,0.214,24.0,21.0,0.0,0.0,2.0,0.0,0.0,6/H4D5,
Chris Tillman,27.0,BAL,AL,0.0,1.0,2.0,2.0,0.0,0.0,0.0,0.0,0.0,0.0,0.0,0.0,0.0,2.0,0.0,0.0,0.0,0.0,-100.0,0.0,-145.0,0.0,0.0,0.0,0.0,0.0,0.0,1,
Chris Volstad,28.0,PIT,NL,0.0,1.0,0.0,0.0,0.0,0.0,0.0,0.0,0.0,0.0,0.0,0.0,0.0,0.0,,,,,,,,0.0,0.0,0.0,0.0,0.0,0.0,/1,
Chris Young,31.0,NYY,AL,1.0,140.0,356.0,318.0,53.0,80.0,20.0,1.0,14.0,42.0,3.0,1.0,30.0,73.0,0.252,0.32,0.453,0.773,109.0,0.346,115.0,144.0,6.0,3.0,3.0,2.0,2.0,*97H8/D,
Chris Young,36.0,KCR,AL,0.1,3.0,4.0,4.0,0.0,2.0,0.0,0.0,0.0,3.0,0.0,0.0,0.0,1.0,0.5,0.5,0.5,1.0,173.0,0.448,189.0,2.0,0.0,0.0,0.0,0.0,0.0,1,
Christian Bergman,27.0,COL,NL,0.0,29.0,15.0,12.0,1.0,2.0,0.0,0.0,0.0,0.0,0.0,0.0,1.0,4.0,0.167,0.231,0.167,0.397,4.0,0.185,-40.0,2.0,0.0,0.0,2.0,0.0,0.0,1,
Christian Bethancourt,23.0,ATL,NL,-0.2,48.0,160.0,155.0,16.0,31.0,8.0,0.0,2.0,12.0,1.0,1.0,5.0,33.0,0.2,0.225,0.29,0.515,42.0,0.25,47.0,45.0,7.0,0.0,0.0,0.0,1.0,2/H,
Christian Colón,26.0,KCR,AL,0.5,43.0,119.0,107.0,8.0,31.0,5.0,0.0,0.0,6.0,3.0,2.0,11.0,17.0,0.29,0.356,0.336,0.692,90.0,0.314,90.0,36.0,2.0,0.0,1.0,0.0,0.0,64/5H,
Christian Friedrich,27.0,COL,NL,0.0,63.0,3.0,3.0,0.0,0.0,0.0,0.0,0.0,0.0,0.0,0.0,0.0,0.0,0.0,0.0,0.0,0.0,-100.0,0.0,-155.0,0.0,0.0,0.0,0.0,0.0,0.0,1,
Christian Walker,24.0,BAL,AL,-0.1,7.0,12.0,9.0,0.0,1.0,0.0,0.0,0.0,0.0,0.0,0.0,3.0,4.0,0.111,0.333,0.111,0.444,31.0,0.247,41.0,1.0,0.0,0.0,0.0,0.0,0.0,/H3D,
Christian Yelich*,23.0,MIA,NL,3.6,126.0,525.0,476.0,63.0,143.0,30.0,2.0,7.0,44.0,16.0,5.0,47.0,101.0,0.3,0.366,0.416,0.782,118.0,0.353,121.0,198.0,13.0,2.0,0.0,0.0,2.0,*78/H,
Clay Buchholz*,30.0,BOS,AL,-0.1,2.0,6.0,6.0,0.0,0.0,0.0,0.0,0.0,0.0,0.0,0.0,0.0,2.0,0.0,0.0,0.0,0.0,-100.0,0.0,-148.0,0.0,0.0,0.0,0.0,0.0,0.0,1,
Clayton Kershaw*,27.0,LAD,NL,0.0,31.0,79.0,71.0,2.0,9.0,2.0,0.0,0.0,2.0,0.0,0.0,2.0,23.0,0.127,0.162,0.155,0.317,-10.0,0.16,-26.0,11.0,2.0,1.0,5.0,0.0,0.0,1/H,"AS,CYA-3,MVP-10"
Clayton Richard*,31.0,CHC,NL,0.1,22.0,15.0,14.0,1.0,2.0,2.0,0.0,0.0,3.0,0.0,0.0,1.0,6.0,0.143,0.2,0.286,0.486,33.0,0.215,18.0,4.0,0.0,0.0,0.0,0.0,0.0,1,
Cliff Pennington#,31.0,2TM,2LG,-0.4,105.0,249.0,210.0,24.0,44.0,6.0,0.0,3.0,21.0,3.0,0.0,27.0,49.0,0.21,0.298,0.281,0.578,58.0,0.265,46.0,59.0,6.0,1.0,7.0,4.0,2.0,H465/7D,
Cliff Pennington#,31.0,ARI,NL,-0.1,72.0,157.0,135.0,15.0,32.0,3.0,0.0,1.0,10.0,3.0,0.0,16.0,29.0,0.237,0.314,0.281,0.595,62.0,0.272,49.0,38.0,4.0,0.0,4.0,2.0,2.0,H654/7,
Cliff Pennington#,31.0,TOR,AL,-0.3,33.0,92.0,75.0,9.0,12.0,3.0,0.0,2.0,11.0,0.0,0.0,11.0,20.0,0.16,0.27,0.28,0.55,51.0,0.252,42.0,21.0,2.0,1.0,3.0,2.0,0.0,4/5H67D,
Clint Barmes,36.0,SDP,NL,0.2,98.0,224.0,207.0,24.0,48.0,14.0,1.0,3.0,16.0,0.0,1.0,10.0,55.0,0.232,0.281,0.353,0.633,76.0,0.296,83.0,73.0,0.0,4.0,3.0,0.0,2.0,6H/3,
Clint Robinson*,30.0,WSN,NL,-0.1,126.0,352.0,309.0,44.0,84.0,15.0,1.0,10.0,34.0,0.0,0.0,37.0,52.0,0.272,0.358,0.424,0.782,112.0,0.352,116.0,131.0,6.0,5.0,0.0,1.0,4.0,3H79/D1,
Coco Crisp#,35.0,OAK,AL,-0.5,44.0,139.0,126.0,11.0,22.0,6.0,0.0,0.0,6.0,2.0,0.0,13.0,25.0,0.175,0.252,0.222,0.474,35.0,0.229,30.0,28.0,2.0,0.0,0.0,0.0,0.0,7H,
Cody Allen,26.0,CLE,AL,0.0,4.0,0.0,0.0,0.0,0.0,0.0,0.0,0.0,0.0,0.0,0.0,0.0,0.0,,,,,,,,0.0,0.0,0.0,0.0,0.0,0.0,1,
Cody Anderson,24.0,CLE,AL,0.0,2.0,3.0,3.0,0.0,0.0,0.0,0.0,0.0,0.0,0.0,0.0,0.0,3.0,0.0,0.0,0.0,0.0,-100.0,0.0,-148.0,0.0,0.0,0.0,0.0,0.0,0.0,1,
Cody Asche*,25.0,PHI,NL,-0.7,129.0,456.0,425.0,41.0,104.0,22.0,3.0,12.0,39.0,1.0,2.0,26.0,111.0,0.245,0.294,0.395,0.689,90.0,0.301,84.0,168.0,4.0,4.0,0.0,1.0,3.0,75H,
Cody Decker,28.0,SDP,NL,-0.3,8.0,12.0,11.0,0.0,0.0,0.0,0.0,0.0,1.0,0.0,0.0,0.0,5.0,0.0,0.0,0.0,0.0,-100.0,0.0,-136.0,0.0,1.0,0.0,0.0,1.0,0.0,/H3,
Cody Hall,27.0,SFG,NL,0.0,6.0,0.0,0.0,0.0,0.0,0.0,0.0,0.0,0.0,0.0,0.0,0.0,0.0,,,,,,,,0.0,0.0,0.0,0.0,0.0,0.0,/1,
Cody Martin,25.0,ATL,NL,0.0,19.0,1.0,0.0,0.0,0.0,0.0,0.0,0.0,0.0,0.0,0.0,0.0,0.0,,,,,,,,0.0,0.0,0.0,1.0,0.0,0.0,1,
Cody Ross,34.0,OAK,AL,-0.5,9.0,25.0,22.0,3.0,2.0,0.0,0.0,0.0,3.0,0.0,0.0,3.0,6.0,0.091,0.2,0.091,0.291,-14.0,0.154,-22.0,2.0,0.0,0.0,0.0,0.0,0.0,/97HD,
Cody Stanley*,26.0,STL,NL,0.0,9.0,10.0,10.0,2.0,4.0,1.0,0.0,0.0,3.0,0.0,0.0,0.0,3.0,0.4,0.4,0.5,0.9,144.0,0.397,150.0,5.0,0.0,0.0,0.0,0.0,0.0,/H2,
Colby Lewis,35.0,TEX,AL,0.0,1.0,2.0,2.0,0.0,0.0,0.0,0.0,0.0,0.0,0.0,0.0,0.0,2.0,0.0,0.0,0.0,0.0,-100.0,0.0,-145.0,0.0,0.0,0.0,0.0,0.0,0.0,1,
Colby Rasmus*,28.0,HOU,AL,3.0,137.0,485.0,432.0,67.0,103.0,23.0,2.0,25.0,61.0,2.0,1.0,47.0,154.0,0.238,0.314,0.475,0.789,116.0,0.343,117.0,205.0,6.0,2.0,1.0,3.0,0.0,*789H,
Cole Figueroa*,28.0,NYY,AL,0.0,2.0,8.0,8.0,2.0,2.0,2.0,0.0,0.0,0.0,0.0,0.0,0.0,0.0,0.25,0.25,0.5,0.75,99.0,0.312,90.0,4.0,0.0,0.0,0.0,0.0,0.0,/5,
Cole Gillespie,31.0,MIA,NL,0.5,67.0,157.0,145.0,17.0,42.0,10.0,2.0,2.0,16.0,4.0,1.0,10.0,27.0,0.29,0.333,0.428,0.761,111.0,0.334,106.0,62.0,5.0,0.0,1.0,1.0,0.0,89H7,
Cole Hamels*,31.0,2TM,2LG,-0.1,20.0,46.0,42.0,2.0,7.0,1.0,0.0,0.0,0.0,0.0,0.0,0.0,17.0,0.167,0.167,0.19,0.357,-1.0,0.159,-34.0,8.0,1.0,0.0,4.0,0.0,0.0,1,
Cole Hamels*,31.0,PHI,NL,-0.1,19.0,43.0,39.0,2.0,6.0,1.0,0.0,0.0,0.0,0.0,0.0,0.0,15.0,0.154,0.154,0.179,0.333,-8.0,0.148,-43.0,7.0,1.0,0.0,4.0,0.0,0.0,1,
Cole Hamels*,31.0,TEX,AL,0.0,1.0,3.0,3.0,0.0,1.0,0.0,0.0,0.0,0.0,0.0,0.0,0.0,2.0,0.333,0.333,0.333,0.667,82.0,0.298,76.0,1.0,0.0,0.0,0.0,0.0,0.0,1,
Colin Rea,24.0,SDP,NL,0.1,7.0,12.0,9.0,2.0,2.0,1.0,0.0,0.0,0.0,0.0,0.0,1.0,4.0,0.222,0.3,0.333,0.633,78.0,0.286,69.0,3.0,0.0,0.0,2.0,0.0,0.0,/1H,
Collin Balester,29.0,CIN,NL,0.0,15.0,1.0,1.0,0.0,0.0,0.0,0.0,0.0,0.0,0.0,0.0,0.0,0.0,0.0,0.0,0.0,0.0,-100.0,0.0,-136.0,0.0,0.0,0.0,0.0,0.0,0.0,1,
Collin Cowgill,29.0,LAA,AL,0.4,55.0,74.0,69.0,10.0,13.0,2.0,1.0,1.0,2.0,2.0,1.0,4.0,19.0,0.188,0.233,0.29,0.523,47.0,0.24,44.0,20.0,1.0,0.0,1.0,0.0,0.0,7H/89D,
Collin McHugh,28.0,HOU,AL,0.1,3.0,8.0,8.0,1.0,1.0,0.0,0.0,0.0,0.0,0.0,0.0,0.0,4.0,0.125,0.125,0.125,0.25,-30.0,0.224,29.0,1.0,0.0,0.0,0.0,0.0,0.0,1,CYA-8
Colton Murray,25.0,PHI,NL,0.0,7.0,0.0,0.0,0.0,0.0,0.0,0.0,0.0,0.0,0.0,0.0,0.0,0.0,,,,,,,,0.0,0.0,0.0,0.0,0.0,0.0,/1,
Conor Gillaspie*,27.0,2TM,AL,-0.6,75.0,253.0,237.0,14.0,54.0,15.0,2.0,4.0,24.0,0.0,1.0,13.0,47.0,0.228,0.269,0.359,0.627,75.0,0.268,64.0,85.0,2.0,1.0,0.0,2.0,2.0,5/H3D4,
Conor Gillaspie*,27.0,CHW,AL,-0.6,58.0,185.0,173.0,10.0,41.0,11.0,1.0,3.0,15.0,0.0,1.0,9.0,34.0,0.237,0.276,0.364,0.64,78.0,0.274,69.0,63.0,2.0,1.0,0.0,2.0,1.0,5/H3D,
Conor Gillaspie*,27.0,LAA,AL,0.0,17.0,68.0,64.0,4.0,13.0,4.0,1.0,1.0,9.0,0.0,0.0,4.0,13.0,0.203,0.25,0.344,0.594,66.0,0.253,53.0,22.0,0.0,0.0,0.0,0.0,1.0,5/4,
Corey Dickerson*,26.0,COL,NL,0.5,65.0,234.0,224.0,30.0,68.0,18.0,2.0,10.0,31.0,0.0,1.0,10.0,56.0,0.304,0.333,0.536,0.869,118.0,0.383,127.0,120.0,3.0,0.0,0.0,0.0,0.0,7/H8D,
Corey Hart,33.0,PIT,NL,-0.5,35.0,57.0,54.0,3.0,12.0,1.0,0.0,2.0,9.0,0.0,0.0,1.0,19.0,0.222,0.246,0.352,0.597,62.0,0.251,43.0,19.0,5.0,1.0,0.0,1.0,1.0,H/39D,
Corey Kluber,29.0,CLE,AL,-0.1,2.0,6.0,6.0,0.0,0.0,0.0,0.0,0.0,0.0,0.0,0.0,0.0,3.0,0.0,0.0,0.0,0.0,-100.0,0.0,-148.0,0.0,1.0,0.0,0.0,0.0,0.0,1,CYA-9
Corey Knebel,23.0,MIL,NL,0.0,44.0,0.0,0.0,0.0,0.0,0.0,0.0,0.0,0.0,0.0,0.0,0.0,0.0,,,,,,,,0.0,0.0,0.0,0.0,0.0,0.0,1,
Corey Seager*,21.0,LAD,NL,1.7,27.0,113.0,98.0,17.0,33.0,8.0,1.0,4.0,17.0,2.0,0.0,14.0,19.0,0.337,0.425,0.561,0.986,174.0,0.429,177.0,55.0,2.0,1.0,0.0,0.0,1.0,6/5H,
Cory Gearrin,29.0,SFG,NL,0.0,6.0,0.0,0.0,0.0,0.0,0.0,0.0,0.0,0.0,0.0,0.0,0.0,0.0,,,,,,,,0.0,0.0,0.0,0.0,0.0,0.0,/1,
Cory Mazzoni,25.0,SDP,NL,0.0,7.0,0.0,0.0,0.0,0.0,0.0,0.0,0.0,0.0,0.0,0.0,0.0,0.0,,,,,,,,0.0,0.0,0.0,0.0,0.0,0.0,/1,
Cory Rasmus,27.0,LAA,AL,0.0,2.0,1.0,1.0,0.0,0.0,0.0,0.0,0.0,0.0,0.0,0.0,0.0,0.0,0.0,0.0,0.0,0.0,-100.0,0.0,-136.0,0.0,0.0,0.0,0.0,0.0,0.0,1,
Cory Spangenberg*,24.0,SDP,NL,2.0,108.0,345.0,303.0,38.0,82.0,17.0,5.0,4.0,21.0,9.0,4.0,28.0,75.0,0.271,0.333,0.399,0.733,105.0,0.327,104.0,121.0,4.0,2.0,8.0,3.0,1.0,4H5/978D,
Craig Breslow*,34.0,BOS,AL,0.0,4.0,0.0,0.0,0.0,0.0,0.0,0.0,0.0,0.0,0.0,0.0,0.0,0.0,,,,,,,,0.0,0.0,0.0,0.0,0.0,0.0,1,
Craig Gentry,31.0,OAK,AL,-0.5,26.0,56.0,50.0,6.0,6.0,0.0,2.0,0.0,3.0,1.0,1.0,4.0,15.0,0.12,0.196,0.2,0.396,12.0,0.208,21.0,10.0,0.0,1.0,0.0,1.0,0.0,7/89HD,
Craig Kimbrel,27.0,SDP,NL,0.0,54.0,1.0,1.0,0.0,0.0,0.0,0.0,0.0,0.0,0.0,0.0,0.0,1.0,0.0,0.0,0.0,0.0,-100.0,0.0,-136.0,0.0,0.0,0.0,0.0,0.0,0.0,1,
Craig Stammen,31.0,WSN,NL,0.0,4.0,0.0,0.0,0.0,0.0,0.0,0.0,0.0,0.0,0.0,0.0,0.0,0.0,,,,,,,,0.0,0.0,0.0,0.0,0.0,0.0,/1,
Cristhian Adames#,23.0,COL,NL,0.0,26.0,58.0,53.0,4.0,13.0,1.0,1.0,0.0,3.0,0.0,1.0,3.0,11.0,0.245,0.298,0.302,0.6,55.0,0.283,56.0,16.0,0.0,1.0,1.0,0.0,1.0,6H/4,
Curt Casali,26.0,TBR,AL,0.9,38.0,113.0,101.0,13.0,24.0,6.0,0.0,10.0,18.0,0.0,0.0,8.0,34.0,0.238,0.304,0.594,0.898,143.0,0.382,147.0,60.0,2.0,2.0,1.0,1.0,0.0,2/HD,
Curtis Granderson*,34.0,NYM,NL,5.2,157.0,682.0,580.0,98.0,150.0,33.0,2.0,26.0,70.0,11.0,6.0,91.0,151.0,0.259,0.364,0.457,0.821,127.0,0.363,129.0,265.0,3.0,7.0,0.0,4.0,3.0,*9H/8D,MVP-18
César Hernández#,25.0,PHI,NL,1.2,127.0,452.0,405.0,57.0,110.0,20.0,4.0,1.0,35.0,19.0,5.0,40.0,86.0,0.272,0.339,0.348,0.687,92.0,0.329,100.0,141.0,6.0,2.0,4.0,1.0,1.0,4H65,
César Jiménez*,30.0,2TM,NL,0.0,18.0,0.0,0.0,0.0,0.0,0.0,0.0,0.0,0.0,0.0,0.0,0.0,0.0,,,,,,,,0.0,0.0,0.0,0.0,0.0,0.0,1,
César Jiménez*,30.0,PHI,NL,0.0,3.0,0.0,0.0,0.0,0.0,0.0,0.0,0.0,0.0,0.0,0.0,0.0,0.0,,,,,,,,0.0,0.0,0.0,0.0,0.0,0.0,/1,
César Jiménez*,30.0,MIL,NL,0.0,15.0,0.0,0.0,0.0,0.0,0.0,0.0,0.0,0.0,0.0,0.0,0.0,0.0,,,,,,,,0.0,0.0,0.0,0.0,0.0,0.0,1,
César Ramos*,31.0,LAA,AL,0.0,6.0,0.0,0.0,0.0,0.0,0.0,0.0,0.0,0.0,0.0,0.0,0.0,0.0,,,,,,,,0.0,0.0,0.0,0.0,0.0,0.0,1,
Dale Thayer,34.0,SDP,NL,0.0,36.0,0.0,0.0,0.0,0.0,0.0,0.0,0.0,0.0,0.0,0.0,0.0,0.0,,,,,,,,0.0,0.0,0.0,0.0,0.0,0.0,1,
Dalier Hinojosa,29.0,PHI,NL,0.0,17.0,0.0,0.0,0.0,0.0,0.0,0.0,0.0,0.0,0.0,0.0,0.0,0.0,,,,,,,,0.0,0.0,0.0,0.0,0.0,0.0,1,
Dallas Beeler,26.0,CHC,NL,0.0,3.0,3.0,3.0,0.0,1.0,1.0,0.0,0.0,0.0,0.0,0.0,0.0,1.0,0.333,0.333,0.667,1.0,168.0,0.421,170.0,2.0,0.0,0.0,0.0,0.0,0.0,/1,
Dallas Keuchel*,27.0,HOU,AL,0.0,2.0,6.0,5.0,0.0,1.0,0.0,0.0,0.0,0.0,0.0,0.0,0.0,4.0,0.2,0.2,0.2,0.4,13.0,0.179,-25.0,1.0,0.0,0.0,1.0,0.0,0.0,1,"AS,CYA-1,MVP-5,GG"
Dalton Pompey#,22.0,TOR,AL,0.6,34.0,103.0,94.0,17.0,21.0,8.0,0.0,2.0,6.0,5.0,1.0,7.0,23.0,0.223,0.291,0.372,0.664,79.0,0.295,71.0,35.0,1.0,2.0,0.0,0.0,0.0,8/H7D,
Dan Haren,34.0,2TM,NL,0.1,30.0,65.0,49.0,4.0,6.0,1.0,0.0,0.0,5.0,0.0,0.0,5.0,16.0,0.122,0.2,0.143,0.343,-2.0,0.168,-34.0,7.0,2.0,0.0,10.0,1.0,0.0,1/H,
Dan Haren,34.0,MIA,NL,0.1,20.0,42.0,32.0,3.0,5.0,1.0,0.0,0.0,4.0,0.0,0.0,2.0,12.0,0.156,0.206,0.188,0.393,11.0,0.184,-26.0,6.0,1.0,0.0,8.0,0.0,0.0,1/H,
Dan Haren,34.0,CHC,NL,0.0,10.0,23.0,17.0,1.0,1.0,0.0,0.0,0.0,1.0,0.0,0.0,3.0,4.0,0.059,0.19,0.059,0.249,-26.0,0.142,-47.0,1.0,1.0,0.0,2.0,1.0,0.0,1,
Dan Johnson*,35.0,STL,NL,-0.4,12.0,21.0,19.0,1.0,3.0,0.0,0.0,0.0,2.0,0.0,0.0,2.0,4.0,0.158,0.238,0.158,0.396,12.0,0.19,-2.0,3.0,1.0,0.0,0.0,0.0,0.0,/H3,
Dan Otero,30.0,OAK,AL,0.0,2.0,0.0,0.0,0.0,0.0,0.0,0.0,0.0,0.0,0.0,0.0,0.0,0.0,,,,,,,,0.0,0.0,0.0,0.0,0.0,0.0,1,
Dan Uggla,35.0,WSN,NL,-0.4,67.0,141.0,120.0,12.0,22.0,4.0,2.0,2.0,16.0,0.0,1.0,19.0,40.0,0.183,0.298,0.3,0.598,64.0,0.283,68.0,36.0,3.0,1.0,0.0,1.0,0.0,H4/3D,
Dan Winkler,25.0,ATL,NL,0.0,2.0,0.0,0.0,0.0,0.0,0.0,0.0,0.0,0.0,0.0,0.0,0.0,0.0,,,,,,,,0.0,0.0,0.0,0.0,0.0,0.0,/1,
Dana Eveland*,31.0,ATL,NL,0.0,9.0,0.0,0.0,0.0,0.0,0.0,0.0,0.0,0.0,0.0,0.0,0.0,0.0,,,,,,,,0.0,0.0,0.0,0.0,0.0,0.0,1,
Daniel Castro,22.0,ATL,NL,0.6,33.0,100.0,96.0,14.0,23.0,2.0,1.0,2.0,5.0,0.0,0.0,3.0,15.0,0.24,0.263,0.344,0.606,67.0,0.283,70.0,33.0,4.0,0.0,1.0,0.0,0.0,46/H5,
Daniel Descalso*,28.0,COL,NL,-0.4,101.0,209.0,185.0,22.0,38.0,3.0,2.0,5.0,22.0,1.0,2.0,20.0,45.0,0.205,0.283,0.324,0.607,55.0,0.271,43.0,60.0,3.0,0.0,4.0,0.0,6.0,H64/359,
Daniel Fields*,24.0,DET,AL,-0.1,1.0,3.0,3.0,1.0,1.0,1.0,0.0,0.0,0.0,0.0,0.0,0.0,2.0,0.333,0.333,0.667,1.0,167.0,0.415,170.0,2.0,0.0,0.0,0.0,0.0,0.0,/7,
Daniel Hudson,28.0,ARI,NL,0.0,61.0,1.0,1.0,0.0,0.0,0.0,0.0,0.0,0.0,0.0,0.0,0.0,1.0,0.0,0.0,0.0,0.0,-100.0,0.0,-145.0,0.0,0.0,0.0,0.0,0.0,0.0,1,
Daniel Muno#,26.0,NYM,NL,-0.3,17.0,32.0,27.0,2.0,4.0,1.0,0.0,0.0,0.0,1.0,0.0,4.0,11.0,0.148,0.258,0.185,0.443,26.0,0.213,10.0,5.0,1.0,0.0,1.0,0.0,0.0,H/54D,
Daniel Murphy*,30.0,NYM,NL,1.1,130.0,538.0,499.0,56.0,140.0,38.0,2.0,14.0,73.0,2.0,2.0,31.0,38.0,0.281,0.322,0.449,0.77,111.0,0.33,105.0,224.0,15.0,2.0,0.0,6.0,10.0,453/HD,
Daniel Nava#,32.0,2TM,AL,-0.3,60.0,166.0,139.0,13.0,27.0,4.0,0.0,1.0,10.0,1.0,0.0,20.0,36.0,0.194,0.315,0.245,0.56,57.0,0.29,72.0,34.0,4.0,5.0,1.0,1.0,0.0,9H37/D,
Daniel Nava#,32.0,BOS,AL,-0.4,29.0,78.0,66.0,6.0,10.0,2.0,0.0,0.0,7.0,0.0,0.0,8.0,17.0,0.152,0.26,0.182,0.442,22.0,0.238,29.0,12.0,3.0,2.0,1.0,1.0,0.0,9/H73D,
Daniel Nava#,32.0,TBR,AL,0.2,31.0,88.0,73.0,7.0,17.0,2.0,0.0,1.0,3.0,1.0,0.0,12.0,19.0,0.233,0.364,0.301,0.665,90.0,0.335,110.0,22.0,1.0,3.0,0.0,0.0,0.0,9/3H7,
Daniel Norris*,22.0,DET,AL,0.2,1.0,3.0,2.0,1.0,1.0,0.0,0.0,1.0,2.0,0.0,0.0,1.0,1.0,0.5,0.667,2.0,2.667,596.0,0.908,536.0,4.0,0.0,0.0,0.0,0.0,0.0,/1,
Daniel Robertson,29.0,LAA,AL,0.6,37.0,80.0,75.0,10.0,21.0,2.0,0.0,0.0,7.0,0.0,0.0,2.0,7.0,0.28,0.299,0.307,0.605,72.0,0.27,64.0,23.0,1.0,0.0,3.0,0.0,1.0,7H/89,
Daniel Webb,25.0,CHW,AL,0.0,3.0,0.0,0.0,0.0,0.0,0.0,0.0,0.0,0.0,0.0,0.0,0.0,0.0,,,,,,,,0.0,0.0,0.0,0.0,0.0,0.0,1,
Danny Burawa,26.0,ATL,NL,0.0,12.0,0.0,0.0,0.0,0.0,0.0,0.0,0.0,0.0,0.0,0.0,0.0,0.0,,,,,,,,0.0,0.0,0.0,0.0,0.0,0.0,1,
Danny Coulombe*,25.0,LAD,NL,0.0,5.0,1.0,1.0,0.0,0.0,0.0,0.0,0.0,0.0,0.0,0.0,0.0,1.0,0.0,0.0,0.0,0.0,-100.0,0.0,-136.0,0.0,0.0,0.0,0.0,0.0,0.0,/1,
Danny Dorn*,30.0,ARI,NL,-0.3,23.0,32.0,30.0,0.0,5.0,1.0,0.0,0.0,3.0,0.0,0.0,2.0,10.0,0.167,0.219,0.2,0.419,14.0,0.196,-2.0,6.0,1.0,0.0,0.0,0.0,0.0,H/93,
Danny Espinosa#,28.0,WSN,NL,2.3,118.0,412.0,367.0,59.0,88.0,21.0,1.0,13.0,37.0,5.0,2.0,33.0,106.0,0.24,0.311,0.409,0.719,94.0,0.319,91.0,150.0,6.0,6.0,3.0,3.0,5.0,45H/637,
Danny Farquhar,28.0,SEA,AL,0.0,1.0,0.0,0.0,0.0,0.0,0.0,0.0,0.0,0.0,0.0,0.0,0.0,0.0,,,,,,,,0.0,0.0,0.0,0.0,0.0,0.0,1,
Danny Salazar,25.0,CLE,AL,-0.1,2.0,4.0,4.0,0.0,0.0,0.0,0.0,0.0,0.0,0.0,0.0,0.0,4.0,0.0,0.0,0.0,0.0,-100.0,0.0,-148.0,0.0,0.0,0.0,0.0,0.0,0.0,1,
Danny Santana#,24.0,MIN,AL,-1.8,91.0,277.0,261.0,30.0,56.0,10.0,5.0,0.0,21.0,8.0,4.0,6.0,68.0,0.215,0.241,0.291,0.532,46.0,0.245,40.0,76.0,7.0,3.0,7.0,0.0,1.0,6H/8D9,
Danny Valencia,30.0,2TM,AL,1.7,105.0,378.0,345.0,59.0,100.0,23.0,1.0,18.0,66.0,2.0,2.0,29.0,80.0,0.29,0.345,0.519,0.864,134.0,0.368,134.0,179.0,13.0,1.0,1.0,2.0,3.0,57H/394D,
Danny Valencia,30.0,TOR,AL,0.2,58.0,173.0,162.0,26.0,48.0,13.0,0.0,7.0,29.0,2.0,1.0,9.0,40.0,0.296,0.331,0.506,0.838,124.0,0.355,120.0,82.0,4.0,0.0,1.0,1.0,0.0,7H5/394D,
Danny Valencia,30.0,OAK,AL,1.5,47.0,205.0,183.0,33.0,52.0,10.0,1.0,11.0,37.0,0.0,1.0,20.0,40.0,0.284,0.356,0.53,0.886,143.0,0.378,146.0,97.0,9.0,1.0,0.0,1.0,3.0,5/D,
Dariel Álvarez,26.0,BAL,AL,0.0,12.0,31.0,29.0,3.0,7.0,1.0,0.0,1.0,1.0,0.0,0.0,2.0,8.0,0.241,0.29,0.379,0.67,81.0,0.321,95.0,11.0,0.0,0.0,0.0,0.0,0.0,9/8,
Darin Ruf,28.0,PHI,NL,-0.4,106.0,297.0,268.0,30.0,63.0,12.0,0.0,12.0,39.0,1.0,0.0,21.0,69.0,0.235,0.3,0.414,0.714,96.0,0.32,97.0,111.0,7.0,5.0,0.0,3.0,0.0,3H7,
Dario Álvarez*,26.0,NYM,NL,0.0,6.0,0.0,0.0,0.0,0.0,0.0,0.0,0.0,0.0,0.0,0.0,0.0,0.0,,,,,,,,0.0,0.0,0.0,0.0,0.0,0.0,/1,
Darnell Sweeney#,24.0,PHI,NL,-0.4,37.0,98.0,85.0,9.0,15.0,4.0,1.0,3.0,11.0,0.0,2.0,13.0,27.0,0.176,0.286,0.353,0.639,77.0,0.278,74.0,30.0,1.0,0.0,0.0,0.0,0.0,H7/4859,
Darrell Ceciliani*,25.0,NYM,NL,0.5,39.0,75.0,68.0,5.0,14.0,2.0,0.0,1.0,3.0,5.0,1.0,4.0,25.0,0.206,0.27,0.279,0.55,53.0,0.299,74.0,19.0,0.0,2.0,0.0,0.0,0.0,H7/8,
Darren O'Day,32.0,BAL,AL,0.0,5.0,0.0,0.0,0.0,0.0,0.0,0.0,0.0,0.0,0.0,0.0,0.0,0.0,,,,,,,,0.0,0.0,0.0,0.0,0.0,0.0,1,AS
Darwin Barney,29.0,2TM,2LG,0.3,17.0,30.0,27.0,4.0,7.0,1.0,0.0,2.0,4.0,0.0,0.0,1.0,2.0,0.259,0.286,0.519,0.804,114.0,0.374,142.0,14.0,0.0,0.0,2.0,0.0,0.0,4/56H,
Darwin Barney,29.0,LAD,NL,-0.1,2.0,4.0,4.0,0.0,0.0,0.0,0.0,0.0,0.0,0.0,0.0,0.0,0.0,0.0,0.0,0.0,0.0,-100.0,0.0,-137.0,0.0,0.0,0.0,0.0,0.0,0.0,/56,
Darwin Barney,29.0,TOR,AL,0.4,15.0,26.0,23.0,4.0,7.0,1.0,0.0,2.0,4.0,0.0,0.0,1.0,2.0,0.304,0.333,0.609,0.942,149.0,0.437,187.0,14.0,0.0,0.0,2.0,0.0,0.0,4/H,
David Aardsma,33.0,ATL,NL,0.0,30.0,1.0,1.0,0.0,0.0,0.0,0.0,0.0,0.0,0.0,0.0,0.0,1.0,0.0,0.0,0.0,0.0,-100.0,0.0,-136.0,0.0,0.0,0.0,0.0,0.0,0.0,1,
David Buchanan,26.0,PHI,NL,0.2,15.0,23.0,20.0,2.0,4.0,1.0,0.0,0.0,1.0,0.0,0.0,2.0,8.0,0.2,0.273,0.25,0.523,47.0,0.244,38.0,5.0,0.0,0.0,1.0,0.0,0.0,1,
David Carpenter,29.0,2TM,2LG,0.0,9.0,0.0,0.0,0.0,0.0,0.0,0.0,0.0,0.0,0.0,0.0,0.0,0.0,,,,,,,,0.0,0.0,0.0,0.0,0.0,0.0,1,
David Carpenter,29.0,NYY,AL,0.0,2.0,0.0,0.0,0.0,0.0,0.0,0.0,0.0,0.0,0.0,0.0,0.0,0.0,,,,,,,,0.0,0.0,0.0,0.0,0.0,0.0,1,
David Carpenter,29.0,WSN,NL,0.0,7.0,0.0,0.0,0.0,0.0,0.0,0.0,0.0,0.0,0.0,0.0,0.0,0.0,,,,,,,,0.0,0.0,0.0,0.0,0.0,0.0,/1,
David Carpenter,27.0,ATL,NL,0.0,4.0,0.0,0.0,0.0,0.0,0.0,0.0,0.0,0.0,0.0,0.0,0.0,0.0,,,,,,,,0.0,0.0,0.0,0.0,0.0,0.0,/1,
David DeJesus*,35.0,2TM,AL,0.1,112.0,317.0,288.0,27.0,67.0,9.0,2.0,5.0,30.0,3.0,2.0,21.0,52.0,0.233,0.297,0.33,0.626,76.0,0.285,76.0,95.0,5.0,6.0,0.0,2.0,1.0,7HD/98,
David DeJesus*,35.0,TBR,AL,0.8,82.0,257.0,232.0,24.0,60.0,8.0,2.0,5.0,26.0,3.0,2.0,19.0,39.0,0.259,0.323,0.375,0.698,96.0,0.309,94.0,87.0,4.0,4.0,0.0,2.0,1.0,7DH/9,
David DeJesus*,35.0,LAA,AL,-0.7,30.0,60.0,56.0,3.0,7.0,1.0,0.0,0.0,4.0,0.0,0.0,2.0,13.0,0.125,0.183,0.143,0.326,-5.0,0.182,2.0,8.0,1.0,2.0,0.0,0.0,0.0,H7/89,
David Freese,32.0,LAA,AL,2.8,121.0,470.0,424.0,53.0,109.0,27.0,0.0,14.0,56.0,1.0,1.0,31.0,107.0,0.257,0.323,0.42,0.743,109.0,0.333,113.0,178.0,12.0,12.0,0.0,3.0,0.0,*5/DH,
David Goforth,26.0,MIL,NL,-0.1,20.0,4.0,3.0,0.0,0.0,0.0,0.0,0.0,0.0,0.0,0.0,0.0,3.0,0.0,0.0,0.0,0.0,-100.0,0.0,-218.0,0.0,0.0,0.0,1.0,0.0,0.0,1,
David Hale,27.0,COL,NL,-0.2,15.0,27.0,23.0,1.0,2.0,0.0,0.0,0.0,0.0,0.0,0.0,0.0,9.0,0.087,0.087,0.087,0.174,-55.0,0.079,-134.0,2.0,0.0,0.0,4.0,0.0,0.0,1,
David Hernández,30.0,ARI,NL,0.0,37.0,0.0,0.0,0.0,0.0,0.0,0.0,0.0,0.0,0.0,0.0,0.0,0.0,,,,,,,,0.0,0.0,0.0,0.0,0.0,0.0,1,
David Holmberg,23.0,CIN,NL,0.1,6.0,12.0,8.0,2.0,1.0,0.0,0.0,0.0,0.0,0.0,0.0,2.0,5.0,0.125,0.364,0.125,0.489,43.0,0.274,56.0,1.0,0.0,1.0,1.0,0.0,0.0,/1,
David Huff#,30.0,LAD,NL,0.0,3.0,1.0,1.0,0.0,0.0,0.0,0.0,0.0,0.0,0.0,0.0,0.0,0.0,0.0,0.0,0.0,0.0,-100.0,0.0,-136.0,0.0,0.0,0.0,0.0,0.0,0.0,/1,
David Lough*,29.0,BAL,AL,-0.2,84.0,144.0,134.0,14.0,27.0,1.0,1.0,4.0,12.0,2.0,4.0,5.0,36.0,0.201,0.241,0.313,0.555,50.0,0.245,46.0,42.0,0.0,2.0,3.0,0.0,0.0,78H/9D,
David Murphy*,33.0,2TM,AL,-0.1,132.0,391.0,361.0,38.0,102.0,18.0,1.0,10.0,50.0,0.0,2.0,20.0,49.0,0.283,0.318,0.421,0.739,101.0,0.318,96.0,152.0,6.0,1.0,1.0,5.0,1.0,7DH9/1,
David Murphy*,33.0,CLE,AL,0.3,84.0,229.0,206.0,22.0,61.0,12.0,1.0,5.0,27.0,0.0,1.0,16.0,29.0,0.296,0.344,0.437,0.781,108.0,0.339,106.0,90.0,4.0,1.0,1.0,4.0,1.0,DH79/1,
David Murphy*,33.0,LAA,AL,-0.3,48.0,162.0,155.0,16.0,41.0,6.0,0.0,5.0,23.0,0.0,1.0,4.0,20.0,0.265,0.281,0.4,0.681,90.0,0.289,83.0,62.0,2.0,0.0,0.0,1.0,0.0,7/HD,
David Ortiz*,39.0,BOS,AL,3.0,146.0,614.0,528.0,73.0,144.0,37.0,0.0,37.0,108.0,0.0,1.0,77.0,95.0,0.273,0.36,0.553,0.913,140.0,0.385,140.0,292.0,16.0,0.0,0.0,9.0,16.0,*D/3H,MVP-28
David Peralta*,27.0,ARI,NL,3.6,149.0,517.0,462.0,61.0,144.0,26.0,10.0,17.0,78.0,9.0,4.0,44.0,107.0,0.312,0.371,0.522,0.893,137.0,0.391,141.0,241.0,7.0,4.0,0.0,7.0,2.0,*7H/98,
David Phelps,28.0,MIA,NL,-0.1,23.0,40.0,34.0,0.0,4.0,0.0,0.0,0.0,0.0,0.0,0.0,0.0,16.0,0.118,0.143,0.118,0.261,-26.0,0.124,-67.0,4.0,0.0,1.0,5.0,0.0,0.0,1,
David Price*,29.0,2TM,AL,-0.2,3.0,9.0,9.0,0.0,0.0,0.0,0.0,0.0,0.0,0.0,0.0,0.0,3.0,0.0,0.0,0.0,0.0,-100.0,0.0,-141.0,0.0,1.0,0.0,0.0,0.0,0.0,1,"AS,CYA-2,MVP-9"
David Price*,29.0,DET,AL,-0.1,2.0,5.0,5.0,0.0,0.0,0.0,0.0,0.0,0.0,0.0,0.0,0.0,3.0,0.0,0.0,0.0,0.0,-100.0,0.0,-140.0,0.0,0.0,0.0,0.0,0.0,0.0,1,
David Price*,29.0,TOR,AL,-0.1,1.0,4.0,4.0,0.0,0.0,0.0,0.0,0.0,0.0,0.0,0.0,0.0,0.0,0.0,0.0,0.0,0.0,-100.0,0.0,-143.0,0.0,1.0,0.0,0.0,0.0,0.0,1,
David Robertson,30.0,CHW,AL,0.0,5.0,0.0,0.0,0.0,0.0,0.0,0.0,0.0,0.0,0.0,0.0,0.0,0.0,,,,,,,,0.0,0.0,0.0,0.0,0.0,0.0,1,
David Ross,38.0,CHC,NL,-0.1,72.0,182.0,159.0,6.0,28.0,9.0,0.0,1.0,9.0,1.0,0.0,20.0,61.0,0.176,0.267,0.252,0.518,45.0,0.229,25.0,40.0,1.0,0.0,2.0,1.0,7.0,2H/1,
David Wright,32.0,NYM,NL,0.4,38.0,174.0,152.0,24.0,44.0,7.0,0.0,5.0,17.0,2.0,1.0,22.0,36.0,0.289,0.379,0.434,0.814,126.0,0.377,140.0,66.0,4.0,0.0,0.0,0.0,0.0,5,
Dean Anna*,28.0,STL,NL,0.0,1.0,1.0,1.0,0.0,0.0,0.0,0.0,0.0,0.0,0.0,0.0,0.0,0.0,0.0,0.0,0.0,0.0,-100.0,0.0,-136.0,0.0,0.0,0.0,0.0,0.0,0.0,/H,
Dee Strange-Gordon*,27.0,MIA,NL,4.4,145.0,653.0,615.0,88.0,205.0,24.0,8.0,4.0,46.0,58.0,20.0,25.0,91.0,0.333,0.359,0.418,0.776,116.0,0.349,115.0,257.0,6.0,2.0,6.0,5.0,2.0,*4/H,"AS,MVP-16,GG,SS"
Delino DeShields,22.0,TEX,AL,0.9,121.0,492.0,425.0,83.0,111.0,22.0,10.0,2.0,37.0,25.0,8.0,53.0,101.0,0.261,0.344,0.374,0.718,95.0,0.326,93.0,159.0,1.0,3.0,7.0,4.0,1.0,*87/HD4,ROY-7
Dellin Betances,27.0,NYY,AL,0.0,4.0,0.0,0.0,0.0,0.0,0.0,0.0,0.0,0.0,0.0,0.0,0.0,0.0,,,,,,,,0.0,0.0,0.0,0.0,0.0,0.0,1,"AS,CYA-14"
Delmon Young,29.0,BAL,AL,0.4,52.0,180.0,174.0,20.0,47.0,6.0,0.0,2.0,16.0,0.0,0.0,4.0,29.0,0.27,0.289,0.339,0.628,71.0,0.286,70.0,59.0,8.0,1.0,0.0,1.0,0.0,9H/D7,
Denard Span*,31.0,WSN,NL,1.0,61.0,275.0,246.0,38.0,74.0,17.0,0.0,5.0,22.0,11.0,0.0,25.0,26.0,0.301,0.365,0.431,0.796,116.0,0.377,127.0,106.0,5.0,1.0,1.0,2.0,0.0,8,
Deolis Guerra,26.0,PIT,NL,0.0,8.0,1.0,1.0,0.0,0.0,0.0,0.0,0.0,0.0,0.0,0.0,0.0,0.0,0.0,0.0,0.0,0.0,-100.0,0.0,-136.0,0.0,0.0,0.0,0.0,0.0,0.0,1,
Derek Dietrich*,25.0,MIA,NL,0.1,90.0,289.0,250.0,38.0,64.0,14.0,3.0,10.0,24.0,0.0,2.0,23.0,65.0,0.256,0.346,0.456,0.802,122.0,0.348,121.0,114.0,4.0,13.0,0.0,3.0,2.0,75H/34D,
Derek Norris,26.0,SDP,NL,2.5,147.0,557.0,515.0,65.0,129.0,33.0,2.0,14.0,62.0,4.0,1.0,35.0,131.0,0.25,0.305,0.404,0.709,97.0,0.323,101.0,208.0,5.0,6.0,0.0,1.0,1.0,*23H/D,
Desmond Jennings,28.0,TBR,AL,0.5,28.0,108.0,97.0,9.0,26.0,2.0,1.0,1.0,7.0,5.0,3.0,8.0,17.0,0.268,0.324,0.34,0.664,87.0,0.3,88.0,33.0,2.0,1.0,0.0,2.0,0.0,78/DH,
Deven Marrero,24.0,BOS,AL,-0.2,25.0,56.0,53.0,8.0,12.0,0.0,0.0,1.0,3.0,2.0,1.0,3.0,19.0,0.226,0.268,0.283,0.551,48.0,0.244,34.0,15.0,0.0,0.0,0.0,0.0,0.0,5/H6D4,
Devin Mesoraco,27.0,CIN,NL,-0.3,23.0,51.0,45.0,2.0,8.0,1.0,1.0,0.0,2.0,1.0,0.0,5.0,9.0,0.178,0.275,0.244,0.519,44.0,0.246,36.0,11.0,0.0,1.0,0.0,0.0,0.0,H/2D,
Devon Travis,24.0,TOR,AL,1.8,62.0,239.0,217.0,38.0,66.0,18.0,0.0,8.0,35.0,3.0,1.0,18.0,43.0,0.304,0.361,0.498,0.859,131.0,0.381,139.0,108.0,4.0,2.0,0.0,1.0,0.0,4/H,
Dexter Fowler#,29.0,CHC,NL,2.3,156.0,690.0,596.0,102.0,149.0,29.0,8.0,17.0,46.0,20.0,7.0,84.0,154.0,0.25,0.346,0.411,0.757,109.0,0.348,115.0,245.0,4.0,5.0,2.0,3.0,1.0,*8/H,
Didi Gregorius*,25.0,NYY,AL,3.0,155.0,578.0,525.0,57.0,139.0,24.0,2.0,9.0,56.0,5.0,3.0,33.0,85.0,0.265,0.318,0.37,0.688,89.0,0.312,91.0,194.0,4.0,11.0,3.0,6.0,0.0,*6/H,
Dillon Gee,29.0,NYM,NL,0.0,8.0,12.0,10.0,0.0,1.0,0.0,0.0,0.0,0.0,0.0,0.0,0.0,5.0,0.1,0.1,0.1,0.2,-44.0,0.09,-107.0,1.0,0.0,0.0,2.0,0.0,0.0,/1,
Dilson Herrera,21.0,NYM,NL,-0.1,31.0,103.0,90.0,7.0,19.0,3.0,1.0,3.0,6.0,2.0,0.0,11.0,23.0,0.211,0.311,0.367,0.677,88.0,0.304,82.0,33.0,2.0,2.0,0.0,0.0,1.0,4/H,
Dioner Navarro#,31.0,TOR,AL,0.7,54.0,192.0,171.0,17.0,42.0,7.0,0.0,5.0,20.0,0.0,0.0,17.0,29.0,0.246,0.307,0.374,0.682,85.0,0.3,79.0,64.0,0.0,0.0,0.0,4.0,1.0,2D/H,
Dixon Machado,23.0,DET,AL,0.1,24.0,78.0,68.0,6.0,16.0,3.0,0.0,0.0,5.0,1.0,0.0,7.0,14.0,0.235,0.307,0.279,0.586,65.0,0.27,57.0,19.0,3.0,0.0,3.0,0.0,0.0,6/H,
DJ LeMahieu,26.0,COL,NL,2.0,150.0,620.0,564.0,85.0,170.0,21.0,5.0,6.0,61.0,23.0,3.0,50.0,107.0,0.301,0.358,0.388,0.746,92.0,0.345,92.0,219.0,20.0,1.0,3.0,2.0,4.0,*4/H,AS
Domingo Santana,22.0,2TM,2LG,0.2,52.0,187.0,160.0,20.0,38.0,7.0,0.0,8.0,26.0,4.0,1.0,20.0,63.0,0.238,0.337,0.431,0.768,110.0,0.348,114.0,69.0,2.0,5.0,0.0,2.0,0.0,987/H,
Domingo Santana,22.0,HOU,AL,0.0,14.0,42.0,39.0,6.0,10.0,2.0,0.0,2.0,8.0,2.0,1.0,2.0,17.0,0.256,0.31,0.462,0.771,112.0,0.33,107.0,18.0,1.0,1.0,0.0,0.0,0.0,/97H8,
Domingo Santana,22.0,MIL,NL,0.2,38.0,145.0,121.0,14.0,28.0,5.0,0.0,6.0,18.0,2.0,0.0,18.0,46.0,0.231,0.345,0.421,0.766,109.0,0.354,116.0,51.0,1.0,4.0,0.0,2.0,0.0,897/H,
Dominic Leone,23.0,2TM,2LG,0.0,4.0,0.0,0.0,0.0,0.0,0.0,0.0,0.0,0.0,0.0,0.0,0.0,0.0,,,,,,,,0.0,0.0,0.0,0.0,0.0,0.0,1,
Dominic Leone,23.0,SEA,AL,0.0,1.0,0.0,0.0,0.0,0.0,0.0,0.0,0.0,0.0,0.0,0.0,0.0,0.0,,,,,,,,0.0,0.0,0.0,0.0,0.0,0.0,1,
Dominic Leone,23.0,ARI,NL,0.0,3.0,0.0,0.0,0.0,0.0,0.0,0.0,0.0,0.0,0.0,0.0,0.0,0.0,,,,,,,,0.0,0.0,0.0,0.0,0.0,0.0,/1,
Domonic Brown*,27.0,PHI,NL,0.3,63.0,204.0,189.0,19.0,43.0,6.0,1.0,5.0,25.0,3.0,1.0,14.0,36.0,0.228,0.284,0.349,0.634,75.0,0.293,77.0,66.0,2.0,1.0,0.0,0.0,0.0,9H,
Don Kelly*,35.0,MIA,NL,0.0,2.0,1.0,1.0,0.0,0.0,0.0,0.0,0.0,0.0,0.0,0.0,0.0,0.0,0.0,0.0,0.0,0.0,-100.0,0.0,-136.0,0.0,0.0,0.0,0.0,0.0,0.0,/35H,
Donn Roach,25.0,CHC,NL,0.1,1.0,1.0,1.0,0.0,1.0,0.0,0.0,0.0,1.0,0.0,0.0,0.0,0.0,1.0,1.0,1.0,2.0,457.0,0.903,518.0,1.0,0.0,0.0,0.0,0.0,0.0,/1,
Donnie Veal*,30.0,ATL,NL,0.0,5.0,0.0,0.0,0.0,0.0,0.0,0.0,0.0,0.0,0.0,0.0,0.0,0.0,,,,,,,,0.0,0.0,0.0,0.0,0.0,0.0,/1,
Donovan Hand,29.0,CIN,NL,0.0,1.0,1.0,1.0,0.0,0.0,0.0,0.0,0.0,0.0,0.0,0.0,0.0,0.0,0.0,0.0,0.0,0.0,-100.0,0.0,-136.0,0.0,0.0,0.0,0.0,0.0,0.0,/1,
Donovan Solano,27.0,MIA,NL,-0.5,55.0,94.0,90.0,6.0,17.0,3.0,1.0,0.0,7.0,0.0,0.0,1.0,18.0,0.189,0.215,0.244,0.459,28.0,0.233,34.0,22.0,4.0,2.0,1.0,0.0,0.0,H56/4,
Doug Bernier,35.0,MIN,AL,0.0,4.0,6.0,5.0,1.0,1.0,1.0,0.0,0.0,2.0,0.0,0.0,1.0,3.0,0.2,0.333,0.4,0.733,102.0,0.323,98.0,2.0,0.0,0.0,0.0,0.0,0.0,/45H,
Doug Fister*,31.0,WSN,NL,0.2,29.0,39.0,31.0,2.0,7.0,1.0,0.0,0.0,0.0,0.0,0.0,2.0,15.0,0.226,0.273,0.258,0.531,46.0,0.241,22.0,8.0,0.0,0.0,6.0,0.0,0.0,1/H,
Drew Butera,31.0,2TM,AL,-0.4,55.0,120.0,107.0,9.0,21.0,3.0,0.0,1.0,5.0,0.0,1.0,6.0,26.0,0.196,0.252,0.252,0.505,39.0,0.234,32.0,27.0,0.0,2.0,5.0,0.0,0.0,2/3H,
Drew Butera,31.0,LAA,AL,0.0,10.0,21.0,21.0,3.0,4.0,0.0,0.0,0.0,0.0,0.0,1.0,0.0,2.0,0.19,0.19,0.19,0.381,9.0,0.19,25.0,4.0,0.0,0.0,0.0,0.0,0.0,/23,
Drew Butera,31.0,KCR,AL,-0.4,45.0,99.0,86.0,6.0,17.0,3.0,0.0,1.0,5.0,0.0,0.0,6.0,24.0,0.198,0.266,0.267,0.533,46.0,0.244,33.0,23.0,0.0,2.0,5.0,0.0,0.0,2/3H,
Drew Hutchison*,24.0,TOR,AL,0.0,1.0,0.0,0.0,0.0,0.0,0.0,0.0,0.0,0.0,0.0,0.0,0.0,0.0,,,,,,,,0.0,0.0,0.0,0.0,0.0,0.0,1/H,
Drew Pomeranz,26.0,OAK,AL,0.0,6.0,0.0,0.0,0.0,0.0,0.0,0.0,0.0,0.0,0.0,0.0,0.0,0.0,,,,,,,,0.0,0.0,0.0,0.0,0.0,0.0,1,
Drew Rucinski,26.0,LAA,AL,0.0,1.0,0.0,0.0,0.0,0.0,0.0,0.0,0.0,0.0,0.0,0.0,0.0,0.0,,,,,,,,0.0,0.0,0.0,0.0,0.0,0.0,/1,
Drew Storen#,27.0,WSN,NL,0.0,53.0,0.0,0.0,0.0,0.0,0.0,0.0,0.0,0.0,0.0,0.0,0.0,0.0,,,,,,,,0.0,0.0,0.0,0.0,0.0,0.0,1,
Drew Stubbs,30.0,2TM,2LG,-0.3,78.0,140.0,123.0,20.0,24.0,4.0,2.0,5.0,10.0,5.0,1.0,14.0,60.0,0.195,0.283,0.382,0.665,70.0,0.299,61.0,47.0,1.0,1.0,2.0,0.0,1.0,8H7/9D,
Drew Stubbs,30.0,COL,NL,-0.1,51.0,114.0,102.0,14.0,22.0,3.0,2.0,5.0,10.0,2.0,1.0,9.0,50.0,0.216,0.286,0.431,0.717,80.0,0.312,73.0,44.0,1.0,1.0,2.0,0.0,1.0,8H7/9,
Drew Stubbs,30.0,TEX,AL,-0.2,27.0,26.0,21.0,6.0,2.0,1.0,0.0,0.0,0.0,3.0,0.0,5.0,10.0,0.095,0.269,0.143,0.412,17.0,0.24,12.0,3.0,0.0,0.0,0.0,0.0,0.0,8/7HD,
Drew VerHagen,24.0,DET,AL,0.0,1.0,0.0,0.0,0.0,0.0,0.0,0.0,0.0,0.0,0.0,0.0,0.0,0.0,,,,,,,,0.0,0.0,0.0,0.0,0.0,0.0,1,
Dustin Ackley*,27.0,2TM,AL,-0.9,108.0,264.0,238.0,28.0,55.0,11.0,3.0,10.0,30.0,2.0,2.0,18.0,45.0,0.231,0.284,0.429,0.712,96.0,0.31,94.0,102.0,3.0,1.0,3.0,4.0,0.0,7H84/3D9,
Dustin Ackley*,27.0,SEA,AL,-1.0,85.0,207.0,186.0,22.0,40.0,8.0,1.0,6.0,19.0,2.0,2.0,14.0,38.0,0.215,0.27,0.366,0.635,77.0,0.278,73.0,68.0,3.0,1.0,3.0,3.0,0.0,78H/9D4,
Dustin Ackley*,27.0,NYY,AL,0.2,23.0,57.0,52.0,6.0,15.0,3.0,2.0,4.0,11.0,0.0,0.0,4.0,7.0,0.288,0.333,0.654,0.987,162.0,0.422,171.0,34.0,0.0,0.0,0.0,1.0,0.0,/4H37D,
Dustin Garneau,27.0,COL,NL,-0.1,22.0,76.0,70.0,6.0,11.0,3.0,0.0,2.0,8.0,0.0,0.0,6.0,14.0,0.157,0.224,0.286,0.509,29.0,0.253,28.0,20.0,2.0,0.0,0.0,0.0,2.0,2,
Dustin McGowan,33.0,PHI,NL,0.0,13.0,3.0,3.0,0.0,0.0,0.0,0.0,0.0,0.0,0.0,0.0,0.0,3.0,0.0,0.0,0.0,0.0,-100.0,0.0,-136.0,0.0,0.0,0.0,0.0,0.0,0.0,1,
Dustin Pedroia,31.0,BOS,AL,2.7,93.0,425.0,381.0,46.0,111.0,19.0,1.0,12.0,42.0,2.0,2.0,38.0,51.0,0.291,0.356,0.441,0.797,112.0,0.349,112.0,168.0,6.0,2.0,1.0,3.0,1.0,4/D,
Dusty Coleman,28.0,KCR,AL,-0.2,4.0,5.0,5.0,0.0,0.0,0.0,0.0,0.0,0.0,0.0,0.0,0.0,3.0,0.0,0.0,0.0,0.0,-100.0,0.0,-145.0,0.0,0.0,0.0,0.0,0.0,0.0,/H5,
Dylan Axelrod,29.0,CIN,NL,0.0,6.0,3.0,2.0,0.0,0.0,0.0,0.0,0.0,0.0,0.0,0.0,0.0,1.0,0.0,0.0,0.0,0.0,-100.0,0.0,-259.0,0.0,0.0,0.0,1.0,0.0,0.0,/1,
Ed Easley,29.0,STL,NL,-0.1,4.0,7.0,6.0,0.0,0.0,0.0,0.0,0.0,1.0,0.0,0.0,0.0,1.0,0.0,0.0,0.0,0.0,-100.0,0.129,-47.0,0.0,1.0,0.0,0.0,1.0,0.0,/2H,
Eddie Butler,24.0,COL,NL,-0.4,16.0,24.0,23.0,0.0,1.0,0.0,0.0,0.0,0.0,0.0,0.0,0.0,13.0,0.043,0.043,0.043,0.087,-78.0,0.035,-141.0,1.0,0.0,0.0,1.0,0.0,0.0,1,
Eddie Rosario*,23.0,MIN,AL,2.3,122.0,474.0,453.0,60.0,121.0,18.0,15.0,13.0,50.0,11.0,6.0,15.0,118.0,0.267,0.289,0.459,0.748,102.0,0.314,93.0,208.0,5.0,0.0,3.0,3.0,3.0,*79/H8,ROY-6
Edinson Vólquez,31.0,KCR,AL,-0.1,3.0,6.0,6.0,0.0,0.0,0.0,0.0,0.0,0.0,0.0,0.0,0.0,4.0,0.0,0.0,0.0,0.0,-100.0,0.0,-145.0,0.0,0.0,0.0,0.0,0.0,0.0,1,
Eduardo Escobar#,26.0,MIN,AL,1.6,127.0,446.0,409.0,48.0,107.0,31.0,4.0,12.0,58.0,2.0,3.0,28.0,86.0,0.262,0.309,0.445,0.754,105.0,0.329,105.0,182.0,7.0,2.0,2.0,5.0,1.0,674/DH59,
Eduardo Núñez,28.0,MIN,AL,1.2,72.0,204.0,188.0,23.0,53.0,14.0,1.0,4.0,20.0,8.0,4.0,12.0,29.0,0.282,0.327,0.431,0.758,107.0,0.323,99.0,81.0,1.0,1.0,2.0,1.0,0.0,6H5D/74,
Eduardo Rodríguez*,22.0,BOS,AL,0.0,1.0,3.0,2.0,0.0,0.0,0.0,0.0,0.0,0.0,0.0,0.0,0.0,2.0,0.0,0.0,0.0,0.0,-100.0,0.0,-273.0,0.0,0.0,0.0,1.0,0.0,0.0,1,
Edward Mujica,31.0,2TM,AL,0.0,4.0,0.0,0.0,0.0,0.0,0.0,0.0,0.0,0.0,0.0,0.0,0.0,0.0,,,,,,,,0.0,0.0,0.0,0.0,0.0,0.0,1,
Edward Mujica,31.0,BOS,AL,0.0,1.0,0.0,0.0,0.0,0.0,0.0,0.0,0.0,0.0,0.0,0.0,0.0,0.0,,,,,,,,0.0,0.0,0.0,0.0,0.0,0.0,1,
Edward Mujica,31.0,OAK,AL,0.0,3.0,0.0,0.0,0.0,0.0,0.0,0.0,0.0,0.0,0.0,0.0,0.0,0.0,,,,,,,,0.0,0.0,0.0,0.0,0.0,0.0,1,
Edwin Encarnación,32.0,TOR,AL,4.8,146.0,624.0,528.0,94.0,146.0,31.0,0.0,39.0,111.0,3.0,2.0,77.0,98.0,0.277,0.372,0.557,0.929,148.0,0.394,149.0,294.0,14.0,9.0,0.0,10.0,5.0,D3/H,MVP-12
Edwin Jackson,31.0,2TM,NL,0.0,45.0,1.0,1.0,0.0,0.0,0.0,0.0,0.0,0.0,0.0,0.0,0.0,0.0,0.0,0.0,0.0,0.0,-100.0,0.0,-136.0,0.0,0.0,0.0,0.0,0.0,0.0,1,
Edwin Jackson,31.0,CHC,NL,0.0,21.0,0.0,0.0,0.0,0.0,0.0,0.0,0.0,0.0,0.0,0.0,0.0,0.0,,,,,,,,0.0,0.0,0.0,0.0,0.0,0.0,1,
Edwin Jackson,31.0,ATL,NL,0.0,24.0,1.0,1.0,0.0,0.0,0.0,0.0,0.0,0.0,0.0,0.0,0.0,0.0,0.0,0.0,0.0,0.0,-100.0,0.0,-136.0,0.0,0.0,0.0,0.0,0.0,0.0,1,
Efren Navarro*,29.0,LAA,AL,0.3,54.0,88.0,83.0,9.0,21.0,4.0,0.0,0.0,5.0,0.0,2.0,5.0,16.0,0.253,0.295,0.301,0.597,70.0,0.247,57.0,25.0,5.0,0.0,0.0,0.0,1.0,37H/9D,
Ehire Adrianza#,25.0,SFG,NL,0.2,52.0,134.0,113.0,11.0,21.0,7.0,1.0,0.0,11.0,3.0,2.0,15.0,20.0,0.186,0.303,0.265,0.569,59.0,0.265,55.0,30.0,2.0,4.0,2.0,0.0,0.0,46H/35,
Elias Díaz,24.0,PIT,NL,-0.1,2.0,2.0,2.0,0.0,0.0,0.0,0.0,0.0,0.0,0.0,0.0,0.0,1.0,0.0,0.0,0.0,0.0,-100.0,0.0,-136.0,0.0,0.0,0.0,0.0,0.0,0.0,/H,
Elián Herrera#,30.0,MIL,NL,0.7,83.0,277.0,256.0,29.0,62.0,18.0,0.0,7.0,33.0,3.0,1.0,18.0,72.0,0.242,0.29,0.395,0.684,86.0,0.3,78.0,101.0,4.0,0.0,1.0,2.0,1.0,54H/97,
Elvis Andrus,26.0,TEX,AL,1.7,160.0,661.0,596.0,69.0,154.0,34.0,2.0,7.0,62.0,25.0,9.0,46.0,78.0,0.258,0.309,0.357,0.667,80.0,0.308,81.0,213.0,14.0,2.0,8.0,9.0,1.0,*6,
Elvis Araújo*,23.0,PHI,NL,0.0,36.0,1.0,1.0,0.0,0.0,0.0,0.0,0.0,0.0,0.0,0.0,0.0,1.0,0.0,0.0,0.0,0.0,-100.0,0.0,-136.0,0.0,0.0,0.0,0.0,0.0,0.0,1,
Emilio Bonifácio#,30.0,CHW,AL,-0.9,47.0,82.0,78.0,5.0,13.0,2.0,0.0,0.0,4.0,1.0,4.0,2.0,27.0,0.167,0.198,0.192,0.39,10.0,0.164,0.0,15.0,1.0,1.0,1.0,0.0,0.0,H4/D875,
Emmanuel Burriss#,30.0,WSN,NL,0.2,5.0,5.0,3.0,2.0,2.0,0.0,0.0,0.0,0.0,0.0,0.0,2.0,0.0,0.667,0.8,0.667,1.467,306.0,0.598,298.0,2.0,0.0,0.0,0.0,0.0,0.0,/H4,
Ender Inciarte*,24.0,ARI,NL,5.0,132.0,561.0,524.0,73.0,159.0,27.0,5.0,6.0,45.0,21.0,10.0,26.0,58.0,0.303,0.338,0.408,0.747,100.0,0.34,104.0,214.0,8.0,4.0,2.0,5.0,0.0,*978H,
Enrique Burgos,24.0,ARI,NL,0.0,30.0,0.0,0.0,0.0,0.0,0.0,0.0,0.0,0.0,0.0,0.0,0.0,0.0,,,,,,,,0.0,0.0,0.0,0.0,0.0,0.0,1,
Erasmo Ramírez,25.0,TBR,AL,0.0,2.0,2.0,2.0,0.0,0.0,0.0,0.0,0.0,0.0,0.0,0.0,0.0,2.0,0.0,0.0,0.0,0.0,-100.0,0.0,-136.0,0.0,0.0,0.0,0.0,0.0,0.0,1,
Eric Campbell,28.0,NYM,NL,-0.8,71.0,206.0,173.0,28.0,34.0,8.0,0.0,3.0,19.0,5.0,3.0,26.0,37.0,0.197,0.312,0.295,0.607,70.0,0.28,68.0,51.0,11.0,4.0,1.0,2.0,1.0,5H/37,
Eric Fryer,29.0,MIN,AL,0.2,15.0,27.0,22.0,2.0,5.0,2.0,0.0,0.0,2.0,0.0,0.0,5.0,11.0,0.227,0.37,0.318,0.689,93.0,0.316,94.0,7.0,0.0,0.0,0.0,0.0,0.0,2/H,
Eric Hosmer*,25.0,KCR,AL,4.3,158.0,667.0,599.0,98.0,178.0,33.0,5.0,18.0,93.0,7.0,3.0,61.0,108.0,0.297,0.363,0.459,0.822,122.0,0.357,121.0,275.0,16.0,3.0,1.0,3.0,6.0,*3/H9D,"MVP-24,GG"
Eric O'Flaherty*,30.0,2TM,2LG,0.0,18.0,0.0,0.0,0.0,0.0,0.0,0.0,0.0,0.0,0.0,0.0,0.0,0.0,,,,,,,,0.0,0.0,0.0,0.0,0.0,0.0,1,
Eric O'Flaherty*,30.0,OAK,AL,0.0,4.0,0.0,0.0,0.0,0.0,0.0,0.0,0.0,0.0,0.0,0.0,0.0,0.0,,,,,,,,0.0,0.0,0.0,0.0,0.0,0.0,1,
Eric O'Flaherty*,30.0,NYM,NL,0.0,14.0,0.0,0.0,0.0,0.0,0.0,0.0,0.0,0.0,0.0,0.0,0.0,0.0,,,,,,,,0.0,0.0,0.0,0.0,0.0,0.0,1,
Eric Sogard*,29.0,OAK,AL,1.3,120.0,401.0,372.0,40.0,92.0,12.0,3.0,1.0,37.0,6.0,1.0,23.0,50.0,0.247,0.294,0.304,0.598,68.0,0.278,67.0,113.0,9.0,2.0,3.0,1.0,1.0,46H/D5,
Eric Stults*,35.0,ATL,NL,-0.1,9.0,16.0,13.0,0.0,1.0,0.0,0.0,0.0,0.0,0.0,0.0,0.0,7.0,0.077,0.077,0.077,0.154,-57.0,0.069,-130.0,1.0,0.0,0.0,3.0,0.0,0.0,/1,
Eric Surkamp*,27.0,LAD,NL,0.0,1.0,1.0,0.0,0.0,0.0,0.0,0.0,0.0,0.0,0.0,0.0,0.0,0.0,,,,,,,,0.0,0.0,0.0,1.0,0.0,0.0,/1,
Eric Young Jr.#,30.0,2TM,NL,-0.4,53.0,94.0,85.0,16.0,13.0,4.0,2.0,0.0,5.0,6.0,2.0,6.0,18.0,0.153,0.217,0.247,0.464,29.0,0.211,10.0,21.0,1.0,1.0,2.0,0.0,1.0,H78/9,
Eric Young Jr.#,30.0,ATL,NL,-0.5,35.0,85.0,77.0,7.0,13.0,4.0,2.0,0.0,5.0,3.0,0.0,6.0,17.0,0.169,0.229,0.273,0.502,39.0,0.228,20.0,21.0,1.0,0.0,2.0,0.0,1.0,8H7,
Eric Young Jr.#,30.0,NYM,NL,0.1,18.0,9.0,8.0,9.0,0.0,0.0,0.0,0.0,0.0,3.0,2.0,0.0,1.0,0.0,0.111,0.0,0.111,-65.0,0.055,-77.0,0.0,0.0,1.0,0.0,0.0,0.0,H/79,
Erick Aybar#,31.0,LAA,AL,2.2,156.0,638.0,597.0,74.0,161.0,30.0,1.0,3.0,44.0,15.0,6.0,25.0,73.0,0.27,0.301,0.338,0.639,81.0,0.292,82.0,202.0,12.0,4.0,7.0,5.0,1.0,*6/HD,
Erik Cordier,29.0,MIA,NL,0.0,8.0,1.0,0.0,0.0,0.0,0.0,0.0,0.0,0.0,0.0,0.0,0.0,0.0,,,,,,,,0.0,0.0,0.0,1.0,0.0,0.0,/1,
Erik Goeddel,26.0,NYM,NL,0.0,33.0,1.0,1.0,0.0,0.0,0.0,0.0,0.0,0.0,0.0,0.0,0.0,0.0,0.0,0.0,0.0,0.0,-100.0,0.0,-136.0,0.0,0.0,0.0,0.0,0.0,0.0,1,
Erik Kratz,35.0,2TM,2LG,-0.1,16.0,28.0,26.0,3.0,5.0,2.0,0.0,0.0,3.0,0.0,0.0,1.0,5.0,0.192,0.214,0.269,0.484,33.0,0.208,13.0,7.0,0.0,0.0,0.0,1.0,0.0,/2H3,
Erik Kratz,35.0,KCR,AL,-0.1,4.0,5.0,4.0,0.0,0.0,0.0,0.0,0.0,1.0,0.0,0.0,0.0,2.0,0.0,0.0,0.0,0.0,-100.0,0.0,-145.0,0.0,0.0,0.0,0.0,1.0,0.0,/2,
Erik Kratz,35.0,PHI,NL,0.0,12.0,23.0,22.0,3.0,5.0,2.0,0.0,0.0,2.0,0.0,0.0,1.0,3.0,0.227,0.261,0.318,0.579,60.0,0.253,48.0,7.0,0.0,0.0,0.0,0.0,0.0,/H23,
Ernesto Frieri,29.0,TBR,AL,0.0,2.0,0.0,0.0,0.0,0.0,0.0,0.0,0.0,0.0,0.0,0.0,0.0,0.0,,,,,,,,0.0,0.0,0.0,0.0,0.0,0.0,1,
Esmil Rogers,29.0,NYY,AL,0.0,1.0,0.0,0.0,0.0,0.0,0.0,0.0,0.0,0.0,0.0,0.0,0.0,0.0,,,,,,,,0.0,0.0,0.0,0.0,0.0,0.0,1,
Eugenio Suárez,23.0,CIN,NL,0.8,97.0,398.0,372.0,42.0,104.0,19.0,2.0,13.0,48.0,4.0,1.0,17.0,94.0,0.28,0.315,0.446,0.761,106.0,0.347,113.0,166.0,7.0,3.0,4.0,2.0,0.0,6/H5,
Eury Pérez,25.0,ATL,NL,0.0,47.0,133.0,119.0,10.0,32.0,4.0,0.0,0.0,5.0,3.0,1.0,7.0,23.0,0.269,0.331,0.303,0.633,78.0,0.285,69.0,36.0,3.0,4.0,3.0,0.0,1.0,7H/98D,
Evan Gattis,28.0,HOU,AL,0.8,153.0,604.0,566.0,66.0,139.0,20.0,11.0,27.0,88.0,0.0,1.0,30.0,119.0,0.246,0.285,0.463,0.748,104.0,0.327,106.0,262.0,13.0,3.0,0.0,5.0,3.0,*D7/H,
Evan Longoria,29.0,TBR,AL,4.6,160.0,670.0,604.0,74.0,163.0,35.0,1.0,21.0,73.0,3.0,1.0,51.0,132.0,0.27,0.328,0.435,0.764,112.0,0.332,110.0,263.0,11.0,6.0,0.0,9.0,8.0,*5D/H,
Evan Marshall,25.0,ARI,NL,0.0,13.0,0.0,0.0,0.0,0.0,0.0,0.0,0.0,0.0,0.0,0.0,0.0,0.0,,,,,,,,0.0,0.0,0.0,0.0,0.0,0.0,1,
Evan Scribner,29.0,OAK,AL,0.0,2.0,0.0,0.0,0.0,0.0,0.0,0.0,0.0,0.0,0.0,0.0,0.0,0.0,,,,,,,,0.0,0.0,0.0,0.0,0.0,0.0,1,
Everth Cabrera#,28.0,BAL,AL,-1.1,29.0,105.0,96.0,7.0,20.0,2.0,0.0,0.0,4.0,2.0,0.0,5.0,22.0,0.208,0.25,0.229,0.479,33.0,0.221,18.0,22.0,4.0,1.0,1.0,2.0,0.0,6/4H,
Ezequiel Carrera*,28.0,TOR,AL,-0.8,91.0,192.0,172.0,27.0,47.0,8.0,0.0,3.0,26.0,2.0,1.0,11.0,45.0,0.273,0.321,0.372,0.693,88.0,0.309,86.0,64.0,1.0,2.0,5.0,2.0,0.0,79H/8D,
Felipe Vázquez*,23.0,WSN,NL,0.0,46.0,0.0,0.0,0.0,0.0,0.0,0.0,0.0,0.0,0.0,0.0,0.0,0.0,,,,,,,,0.0,0.0,0.0,0.0,0.0,0.0,1,
Fernando Abad*,29.0,OAK,AL,0.0,4.0,0.0,0.0,0.0,0.0,0.0,0.0,0.0,0.0,0.0,0.0,0.0,0.0,,,,,,,,0.0,0.0,0.0,0.0,0.0,0.0,1,
Fernando Rodney,38.0,2TM,2LG,0.0,21.0,0.0,0.0,0.0,0.0,0.0,0.0,0.0,0.0,0.0,0.0,0.0,0.0,,,,,,,,0.0,0.0,0.0,0.0,0.0,0.0,1,
Fernando Rodney,38.0,SEA,AL,0.0,7.0,0.0,0.0,0.0,0.0,0.0,0.0,0.0,0.0,0.0,0.0,0.0,0.0,,,,,,,,0.0,0.0,0.0,0.0,0.0,0.0,1,
Fernando Rodney,38.0,CHC,NL,0.0,14.0,0.0,0.0,0.0,0.0,0.0,0.0,0.0,0.0,0.0,0.0,0.0,0.0,,,,,,,,0.0,0.0,0.0,0.0,0.0,0.0,1,
Fernando Rodriguez Jr.,31.0,OAK,AL,0.0,6.0,0.0,0.0,0.0,0.0,0.0,0.0,0.0,0.0,0.0,0.0,0.0,0.0,,,,,,,,0.0,0.0,0.0,0.0,0.0,0.0,1,
Fernando Salas,30.0,LAA,AL,0.0,5.0,0.0,0.0,0.0,0.0,0.0,0.0,0.0,0.0,0.0,0.0,0.0,0.0,,,,,,,,0.0,0.0,0.0,0.0,0.0,0.0,1,
Francisco Cervelli,29.0,PIT,NL,3.5,130.0,510.0,451.0,56.0,133.0,17.0,5.0,7.0,43.0,1.0,1.0,46.0,94.0,0.295,0.37,0.401,0.771,113.0,0.352,119.0,181.0,12.0,8.0,4.0,1.0,1.0,*2/HD,
Francisco Lindor#,21.0,CLE,AL,4.1,99.0,438.0,390.0,50.0,122.0,22.0,4.0,12.0,51.0,12.0,2.0,27.0,69.0,0.313,0.353,0.482,0.835,121.0,0.369,124.0,188.0,12.0,1.0,13.0,7.0,0.0,6/HD,ROY-2
Francisco Liriano*,31.0,PIT,NL,0.1,29.0,67.0,65.0,4.0,11.0,2.0,0.0,1.0,7.0,0.0,0.0,0.0,28.0,0.169,0.169,0.246,0.415,13.0,0.18,-11.0,16.0,0.0,0.0,2.0,0.0,0.0,1,
Francisco Peña,25.0,KCR,AL,0.0,8.0,7.0,7.0,0.0,1.0,0.0,0.0,0.0,0.0,0.0,0.0,0.0,3.0,0.143,0.143,0.143,0.286,-22.0,0.256,46.0,1.0,1.0,0.0,0.0,0.0,0.0,/2H,
Francisco Rodríguez,33.0,MIL,NL,0.0,58.0,0.0,0.0,0.0,0.0,0.0,0.0,0.0,0.0,0.0,0.0,0.0,0.0,,,,,,,,0.0,0.0,0.0,0.0,0.0,0.0,1,AS
Frank Garcés*,25.0,SDP,NL,0.0,37.0,0.0,0.0,0.0,0.0,0.0,0.0,0.0,0.0,0.0,0.0,0.0,0.0,,,,,,,,0.0,0.0,0.0,0.0,0.0,0.0,1,
Franklin Gutierrez,32.0,SEA,AL,2.7,59.0,189.0,171.0,27.0,50.0,11.0,0.0,15.0,35.0,0.0,0.0,14.0,54.0,0.292,0.354,0.62,0.974,167.0,0.413,171.0,106.0,5.0,3.0,0.0,1.0,1.0,7H/D9,
Franklin Morales*,29.0,KCR,AL,0.0,5.0,0.0,0.0,0.0,0.0,0.0,0.0,0.0,0.0,0.0,0.0,0.0,0.0,,,,,,,,0.0,0.0,0.0,0.0,0.0,0.0,1,
Freddie Freeman*,25.0,ATL,NL,2.9,118.0,481.0,416.0,62.0,115.0,27.0,0.0,18.0,66.0,3.0,1.0,56.0,98.0,0.276,0.37,0.471,0.841,132.0,0.371,135.0,196.0,6.0,7.0,0.0,2.0,4.0,*3/HD,
Freddy Galvis#,25.0,PHI,NL,0.2,151.0,603.0,559.0,63.0,147.0,14.0,5.0,7.0,50.0,10.0,1.0,30.0,103.0,0.263,0.302,0.343,0.645,79.0,0.296,77.0,192.0,11.0,3.0,7.0,4.0,1.0,*6/4H,
Félix Hernández,29.0,SEA,AL,0.0,1.0,3.0,3.0,0.0,0.0,0.0,0.0,0.0,0.0,0.0,0.0,0.0,1.0,0.0,0.0,0.0,0.0,-100.0,0.0,-136.0,0.0,0.0,0.0,0.0,0.0,0.0,1,"AS,CYA-7"
Garin Cecchini*,24.0,BOS,AL,-0.1,2.0,4.0,4.0,0.0,0.0,0.0,0.0,0.0,0.0,0.0,0.0,0.0,3.0,0.0,0.0,0.0,0.0,-100.0,0.0,-148.0,0.0,0.0,0.0,0.0,0.0,0.0,/H3D,
Garrett Jones*,34.0,NYY,AL,-0.6,57.0,152.0,144.0,12.0,31.0,4.0,1.0,5.0,17.0,0.0,0.0,8.0,37.0,0.215,0.257,0.361,0.618,67.0,0.268,58.0,52.0,1.0,0.0,0.0,0.0,0.0,93H/7D1,
Gary Sánchez,22.0,NYY,AL,-0.1,2.0,2.0,2.0,0.0,0.0,0.0,0.0,0.0,0.0,0.0,0.0,0.0,1.0,0.0,0.0,0.0,0.0,-100.0,0.0,-141.0,0.0,0.0,0.0,0.0,0.0,0.0,/H,
George Kontos,30.0,SFG,NL,0.0,70.0,3.0,2.0,0.0,0.0,0.0,0.0,0.0,0.0,0.0,0.0,0.0,2.0,0.0,0.0,0.0,0.0,-100.0,0.0,-255.0,0.0,0.0,0.0,1.0,0.0,0.0,1,
George Springer,25.0,HOU,AL,4.2,102.0,451.0,388.0,59.0,107.0,19.0,2.0,16.0,41.0,16.0,4.0,50.0,109.0,0.276,0.367,0.459,0.826,129.0,0.372,135.0,178.0,4.0,8.0,2.0,3.0,0.0,98/H,
Geovany Soto,32.0,CHW,AL,0.8,78.0,210.0,187.0,20.0,41.0,8.0,0.0,9.0,21.0,0.0,1.0,21.0,63.0,0.219,0.301,0.406,0.708,96.0,0.321,104.0,76.0,2.0,1.0,1.0,0.0,0.0,2/HD,
Gerald Laird,35.0,ARI,NL,-0.1,1.0,2.0,2.0,0.0,0.0,0.0,0.0,0.0,0.0,0.0,0.0,0.0,0.0,0.0,0.0,0.0,0.0,-100.0,0.0,-141.0,0.0,0.0,0.0,0.0,0.0,0.0,/2,
Gerardo Parra*,28.0,2TM,2LG,0.9,155.0,589.0,547.0,83.0,159.0,36.0,5.0,14.0,51.0,14.0,4.0,28.0,92.0,0.291,0.328,0.452,0.78,111.0,0.341,108.0,247.0,8.0,5.0,4.0,5.0,3.0,*978H,
Gerardo Parra*,28.0,MIL,NL,1.9,100.0,351.0,323.0,53.0,106.0,24.0,5.0,9.0,31.0,9.0,3.0,20.0,57.0,0.328,0.369,0.517,0.886,140.0,0.387,142.0,167.0,7.0,3.0,1.0,4.0,2.0,78H9,
Gerardo Parra*,28.0,BAL,AL,-1.0,55.0,238.0,224.0,30.0,53.0,12.0,0.0,5.0,20.0,5.0,1.0,8.0,35.0,0.237,0.268,0.357,0.625,69.0,0.273,57.0,80.0,1.0,2.0,3.0,1.0,1.0,98/7H,
Gerrit Cole,24.0,PIT,NL,0.1,30.0,71.0,60.0,5.0,9.0,0.0,0.0,0.0,2.0,0.0,0.0,2.0,28.0,0.15,0.177,0.15,0.327,-8.0,0.179,-24.0,9.0,0.0,0.0,9.0,0.0,0.0,1/H,"AS,CYA-4,MVP-19"
Giancarlo Stanton,25.0,MIA,NL,3.8,74.0,318.0,279.0,47.0,74.0,12.0,1.0,27.0,67.0,4.0,2.0,34.0,95.0,0.265,0.346,0.606,0.952,159.0,0.405,162.0,169.0,5.0,2.0,0.0,3.0,6.0,9/D,AS
Gio González,29.0,WSN,NL,-0.1,27.0,56.0,43.0,1.0,4.0,1.0,0.0,0.0,2.0,0.0,0.0,1.0,18.0,0.093,0.152,0.116,0.268,-25.0,0.15,-62.0,5.0,1.0,2.0,10.0,0.0,0.0,1,
Gio Urshela,23.0,CLE,AL,-0.3,81.0,288.0,267.0,25.0,60.0,8.0,1.0,6.0,21.0,0.0,1.0,18.0,58.0,0.225,0.279,0.33,0.608,63.0,0.285,66.0,88.0,9.0,2.0,1.0,0.0,0.0,5/H,
Glen Perkins*,32.0,MIN,AL,0.0,4.0,0.0,0.0,0.0,0.0,0.0,0.0,0.0,0.0,0.0,0.0,0.0,0.0,,,,,,,,0.0,0.0,0.0,0.0,0.0,0.0,1,AS
González Germen,27.0,2TM,NL,0.0,35.0,1.0,1.0,0.0,0.0,0.0,0.0,0.0,0.0,0.0,0.0,0.0,1.0,0.0,0.0,0.0,0.0,-100.0,0.0,-155.0,0.0,0.0,0.0,0.0,0.0,0.0,1,
González Germen,27.0,CHC,NL,0.0,6.0,0.0,0.0,0.0,0.0,0.0,0.0,0.0,0.0,0.0,0.0,0.0,0.0,,,,,,,,0.0,0.0,0.0,0.0,0.0,0.0,/1,
González Germen,27.0,COL,NL,0.0,29.0,1.0,1.0,0.0,0.0,0.0,0.0,0.0,0.0,0.0,0.0,0.0,1.0,0.0,0.0,0.0,0.0,-100.0,0.0,-155.0,0.0,0.0,0.0,0.0,0.0,0.0,1,
Gordon Beckham,28.0,CHW,AL,0.8,100.0,237.0,211.0,24.0,44.0,8.0,0.0,6.0,20.0,0.0,1.0,19.0,43.0,0.209,0.275,0.332,0.607,70.0,0.271,66.0,70.0,6.0,2.0,1.0,4.0,1.0,5H4/6D,
Gorkys Hernández,27.0,PIT,NL,-0.1,8.0,5.0,5.0,0.0,0.0,0.0,0.0,0.0,0.0,1.0,0.0,0.0,0.0,0.0,0.0,0.0,0.0,-100.0,0.051,-141.0,0.0,0.0,0.0,0.0,0.0,0.0,/7H9,
Grady Sizemore*,32.0,2TM,2LG,-0.2,97.0,296.0,273.0,24.0,69.0,17.0,0.0,6.0,33.0,3.0,3.0,20.0,60.0,0.253,0.307,0.381,0.688,91.0,0.308,93.0,104.0,3.0,2.0,0.0,1.0,0.0,97HD,
Grady Sizemore*,32.0,PHI,NL,-0.6,39.0,104.0,98.0,4.0,24.0,5.0,0.0,0.0,6.0,0.0,0.0,6.0,23.0,0.245,0.288,0.296,0.584,63.0,0.283,70.0,29.0,2.0,0.0,0.0,0.0,0.0,9H/7,
Grady Sizemore*,32.0,TBR,AL,0.4,58.0,192.0,175.0,20.0,45.0,12.0,0.0,6.0,27.0,3.0,3.0,14.0,37.0,0.257,0.318,0.429,0.746,107.0,0.321,105.0,75.0,1.0,2.0,0.0,1.0,0.0,7H9D,
Grant Balfour,37.0,TBR,AL,0.0,1.0,0.0,0.0,0.0,0.0,0.0,0.0,0.0,0.0,0.0,0.0,0.0,0.0,,,,,,,,0.0,0.0,0.0,0.0,0.0,0.0,/1,
Grant Green,27.0,LAA,AL,-0.5,21.0,44.0,42.0,6.0,8.0,0.0,0.0,1.0,3.0,0.0,1.0,2.0,14.0,0.19,0.227,0.262,0.489,38.0,0.186,11.0,11.0,2.0,0.0,0.0,0.0,1.0,4/H3D67,
Greg Bird*,22.0,NYY,AL,0.8,46.0,178.0,157.0,26.0,41.0,9.0,0.0,11.0,31.0,0.0,0.0,19.0,53.0,0.261,0.343,0.529,0.871,135.0,0.377,138.0,83.0,1.0,1.0,0.0,1.0,0.0,3/H,
Greg Garcia*,25.0,STL,NL,0.4,49.0,87.0,75.0,7.0,18.0,5.0,0.0,2.0,4.0,0.0,0.0,10.0,12.0,0.24,0.337,0.387,0.724,98.0,0.34,108.0,29.0,2.0,1.0,1.0,0.0,1.0,H64/5,
Greg Holland,29.0,KCR,AL,0.0,3.0,0.0,0.0,0.0,0.0,0.0,0.0,0.0,0.0,0.0,0.0,0.0,0.0,,,,,,,,0.0,0.0,0.0,0.0,0.0,0.0,1,
Gregorio Petit,30.0,NYY,AL,-0.6,20.0,47.0,42.0,7.0,7.0,3.0,0.0,0.0,5.0,0.0,0.0,3.0,16.0,0.167,0.217,0.238,0.455,25.0,0.191,-4.0,10.0,0.0,0.0,1.0,1.0,1.0,4/H5D,
Gregory Polanco*,23.0,PIT,NL,2.5,153.0,652.0,593.0,83.0,152.0,35.0,6.0,9.0,52.0,27.0,10.0,55.0,121.0,0.256,0.32,0.381,0.701,92.0,0.321,94.0,226.0,5.0,1.0,1.0,2.0,6.0,*9H/78,
Grégor Blanco*,31.0,SFG,NL,1.0,115.0,372.0,327.0,59.0,95.0,19.0,3.0,5.0,26.0,13.0,5.0,40.0,59.0,0.291,0.368,0.413,0.781,115.0,0.345,112.0,135.0,3.0,2.0,0.0,3.0,7.0,87H9,
Guido Knudson,25.0,DET,AL,0.0,1.0,0.0,0.0,0.0,0.0,0.0,0.0,0.0,0.0,0.0,0.0,0.0,0.0,,,,,,,,0.0,0.0,0.0,0.0,0.0,0.0,/1,
Hank Conger#,27.0,HOU,AL,0.5,73.0,229.0,201.0,25.0,46.0,11.0,0.0,11.0,33.0,0.0,1.0,23.0,63.0,0.229,0.311,0.448,0.759,109.0,0.325,106.0,90.0,6.0,2.0,1.0,2.0,0.0,2H/7,
Hanley Ramírez,31.0,BOS,AL,-0.6,105.0,430.0,401.0,59.0,100.0,12.0,1.0,19.0,53.0,6.0,3.0,21.0,71.0,0.249,0.291,0.426,0.717,89.0,0.323,93.0,171.0,11.0,4.0,0.0,4.0,2.0,7D/H5,
Hansel Robles,24.0,NYM,NL,0.0,55.0,0.0,0.0,0.0,0.0,0.0,0.0,0.0,0.0,0.0,0.0,0.0,0.0,,,,,,,,0.0,0.0,0.0,0.0,0.0,0.0,1,
Hanser Alberto,22.0,TEX,AL,0.3,41.0,104.0,99.0,12.0,22.0,2.0,1.0,0.0,4.0,1.0,0.0,2.0,17.0,0.222,0.238,0.263,0.5,35.0,0.249,36.0,26.0,2.0,0.0,3.0,0.0,0.0,4/65HD,
Heath Hembree,26.0,BOS,AL,0.0,2.0,0.0,0.0,0.0,0.0,0.0,0.0,0.0,0.0,0.0,0.0,0.0,0.0,,,,,,,,0.0,0.0,0.0,0.0,0.0,0.0,1,
Henderson Alvarez III,25.0,MIA,NL,0.1,4.0,6.0,6.0,1.0,2.0,1.0,0.0,0.0,1.0,0.0,0.0,0.0,1.0,0.333,0.333,0.5,0.833,129.0,0.361,129.0,3.0,0.0,0.0,0.0,0.0,0.0,/1,
Henry Owens*,22.0,BOS,AL,0.0,1.0,2.0,2.0,0.0,0.0,0.0,0.0,0.0,0.0,0.0,0.0,0.0,2.0,0.0,0.0,0.0,0.0,-100.0,0.0,-150.0,0.0,0.0,0.0,0.0,0.0,0.0,1,
Henry Urrutia*,28.0,BAL,AL,0.2,10.0,36.0,34.0,3.0,9.0,1.0,0.0,1.0,6.0,0.0,0.0,2.0,3.0,0.265,0.306,0.382,0.688,87.0,0.298,79.0,13.0,1.0,0.0,0.0,0.0,0.0,/7DH,
Hernán Pérez,24.0,2TM,2LG,-0.4,112.0,272.0,263.0,14.0,64.0,15.0,2.0,1.0,21.0,5.0,1.0,5.0,59.0,0.243,0.257,0.327,0.584,59.0,0.26,47.0,86.0,6.0,0.0,3.0,1.0,1.0,5H4/36D,
Hernán Pérez,24.0,DET,AL,-0.7,22.0,34.0,33.0,1.0,2.0,0.0,0.0,0.0,0.0,1.0,0.0,1.0,11.0,0.061,0.088,0.061,0.149,-57.0,0.077,-86.0,2.0,2.0,0.0,0.0,0.0,0.0,/5H436D,
Hernán Pérez,24.0,MIL,NL,0.3,90.0,238.0,230.0,13.0,62.0,15.0,2.0,1.0,21.0,4.0,1.0,4.0,48.0,0.27,0.281,0.365,0.646,76.0,0.286,67.0,84.0,4.0,0.0,3.0,1.0,1.0,5H4/36,
Hisashi Iwakuma,34.0,SEA,AL,0.0,2.0,3.0,2.0,0.0,0.0,0.0,0.0,0.0,0.0,0.0,0.0,0.0,2.0,0.0,0.0,0.0,0.0,-100.0,0.0,-255.0,0.0,0.0,0.0,1.0,0.0,0.0,1,
Homer Bailey,29.0,CIN,NL,-0.1,2.0,4.0,4.0,0.0,0.0,0.0,0.0,0.0,0.0,0.0,0.0,0.0,1.0,0.0,0.0,0.0,0.0,-100.0,0.0,-144.0,0.0,0.0,0.0,0.0,0.0,0.0,/1,
Howie Kendrick,31.0,LAD,NL,1.6,117.0,495.0,464.0,64.0,137.0,22.0,2.0,9.0,54.0,6.0,2.0,27.0,82.0,0.295,0.336,0.409,0.746,108.0,0.336,110.0,190.0,17.0,2.0,1.0,1.0,1.0,*4/H,
Hunter Pence,32.0,SFG,NL,0.9,52.0,223.0,207.0,30.0,57.0,13.0,1.0,9.0,40.0,4.0,1.0,16.0,48.0,0.275,0.327,0.478,0.806,119.0,0.359,122.0,99.0,8.0,0.0,0.0,0.0,0.0,9/DH,
Hunter Strickland,26.0,SFG,NL,0.0,52.0,1.0,1.0,0.0,0.0,0.0,0.0,0.0,0.0,0.0,0.0,0.0,1.0,0.0,0.0,0.0,0.0,-100.0,0.0,-136.0,0.0,0.0,0.0,0.0,0.0,0.0,1,
Huston Street,31.0,LAA,AL,0.0,4.0,0.0,0.0,0.0,0.0,0.0,0.0,0.0,0.0,0.0,0.0,0.0,0.0,,,,,,,,0.0,0.0,0.0,0.0,0.0,0.0,1,
Héctor Gómez,27.0,MIL,NL,-0.1,66.0,134.0,127.0,15.0,23.0,11.0,2.0,1.0,7.0,0.0,0.0,3.0,40.0,0.181,0.212,0.323,0.535,44.0,0.26,49.0,41.0,1.0,2.0,2.0,0.0,0.0,H45/67,
Héctor Neris,26.0,PHI,NL,0.0,30.0,1.0,1.0,0.0,0.0,0.0,0.0,0.0,0.0,0.0,0.0,0.0,1.0,0.0,0.0,0.0,0.0,-100.0,0.0,-136.0,0.0,0.0,0.0,0.0,0.0,0.0,1,
Héctor Noesí,28.0,CHW,AL,0.0,2.0,0.0,0.0,0.0,0.0,0.0,0.0,0.0,0.0,0.0,0.0,0.0,0.0,,,,,,,,0.0,0.0,0.0,0.0,0.0,0.0,1,
Héctor Olivera,30.0,ATL,NL,-0.1,24.0,87.0,79.0,4.0,20.0,4.0,1.0,2.0,11.0,0.0,0.0,5.0,12.0,0.253,0.31,0.405,0.715,97.0,0.31,90.0,32.0,2.0,2.0,0.0,1.0,0.0,5/H,
Héctor Rondón,27.0,CHC,NL,0.0,69.0,0.0,0.0,0.0,0.0,0.0,0.0,0.0,0.0,0.0,0.0,0.0,0.0,,,,,,,,0.0,0.0,0.0,0.0,0.0,0.0,1,
Héctor Santiago,27.0,LAA,AL,0.0,3.0,5.0,5.0,0.0,1.0,0.0,0.0,0.0,0.0,0.0,0.0,0.0,3.0,0.2,0.2,0.2,0.4,14.0,0.179,-2.0,1.0,1.0,0.0,0.0,0.0,0.0,1,AS
Héctor Sánchez#,25.0,SFG,NL,-0.4,28.0,59.0,56.0,5.0,10.0,4.0,0.0,1.0,5.0,0.0,0.0,2.0,14.0,0.179,0.207,0.304,0.51,39.0,0.223,22.0,17.0,1.0,0.0,1.0,0.0,0.0,2H,
Ian Desmond,29.0,WSN,NL,1.9,156.0,641.0,583.0,69.0,136.0,27.0,2.0,19.0,62.0,13.0,5.0,45.0,187.0,0.233,0.29,0.384,0.674,82.0,0.308,83.0,224.0,9.0,3.0,6.0,4.0,0.0,*6/H,
Ian Kennedy,30.0,SDP,NL,-0.1,27.0,48.0,42.0,3.0,4.0,3.0,0.0,0.0,0.0,0.0,0.0,0.0,23.0,0.095,0.095,0.167,0.262,-28.0,0.133,-58.0,7.0,1.0,0.0,6.0,0.0,0.0,1,
Ian Kinsler,33.0,DET,AL,5.0,154.0,675.0,624.0,94.0,185.0,35.0,7.0,11.0,73.0,10.0,6.0,43.0,80.0,0.296,0.342,0.428,0.77,112.0,0.341,114.0,267.0,13.0,3.0,0.0,5.0,0.0,*4/DH,MVP-21
Ian Krol*,24.0,DET,AL,0.0,2.0,0.0,0.0,0.0,0.0,0.0,0.0,0.0,0.0,0.0,0.0,0.0,0.0,,,,,,,,0.0,0.0,0.0,0.0,0.0,0.0,1,
Ian Thomas,28.0,2TM,NL,0.0,14.0,4.0,3.0,1.0,0.0,0.0,0.0,0.0,0.0,0.0,0.0,1.0,1.0,0.0,0.25,0.0,0.25,-21.0,0.173,-9.0,0.0,1.0,0.0,0.0,0.0,0.0,1,
Ian Thomas,28.0,ATL,NL,0.0,5.0,0.0,0.0,0.0,0.0,0.0,0.0,0.0,0.0,0.0,0.0,0.0,0.0,,,,,,,,0.0,0.0,0.0,0.0,0.0,0.0,/1,
Ian Thomas,28.0,LAD,NL,0.0,9.0,4.0,3.0,1.0,0.0,0.0,0.0,0.0,0.0,0.0,0.0,1.0,1.0,0.0,0.25,0.0,0.25,-21.0,0.173,-9.0,0.0,1.0,0.0,0.0,0.0,0.0,/1,
Ichiro Suzuki*,41.0,MIA,NL,-1.1,153.0,438.0,398.0,45.0,91.0,5.0,6.0,1.0,21.0,11.0,5.0,31.0,51.0,0.229,0.282,0.279,0.561,58.0,0.257,51.0,111.0,8.0,0.0,5.0,4.0,1.0,*9H7/8D1,
Ike Davis*,28.0,OAK,AL,0.0,72.0,239.0,214.0,19.0,49.0,17.0,0.0,3.0,20.0,0.0,0.0,23.0,44.0,0.229,0.301,0.35,0.652,82.0,0.299,84.0,75.0,5.0,0.0,0.0,2.0,0.0,3/H1D,
Iván De Jesús,28.0,CIN,NL,-0.6,76.0,222.0,201.0,15.0,49.0,10.0,2.0,4.0,28.0,0.0,2.0,19.0,55.0,0.244,0.311,0.373,0.684,87.0,0.309,89.0,75.0,3.0,1.0,0.0,1.0,0.0,H4756/3,
J.A. Happ*,32.0,2TM,2LG,-0.1,12.0,27.0,23.0,1.0,2.0,0.0,0.0,0.0,0.0,0.0,0.0,1.0,13.0,0.087,0.125,0.087,0.212,-40.0,0.104,-86.0,2.0,1.0,0.0,3.0,0.0,0.0,1,
J.A. Happ*,32.0,SEA,AL,0.0,1.0,2.0,1.0,0.0,0.0,0.0,0.0,0.0,0.0,0.0,0.0,1.0,0.0,0.0,0.5,0.0,0.5,60.0,0.345,123.0,0.0,1.0,0.0,0.0,0.0,0.0,1,
J.A. Happ*,32.0,PIT,NL,-0.1,11.0,25.0,22.0,1.0,2.0,0.0,0.0,0.0,0.0,0.0,0.0,0.0,13.0,0.091,0.091,0.091,0.182,-50.0,0.082,-105.0,2.0,0.0,0.0,3.0,0.0,0.0,1,
J.D. Martinez,27.0,DET,AL,5.5,158.0,657.0,596.0,93.0,168.0,33.0,2.0,38.0,102.0,3.0,2.0,53.0,178.0,0.282,0.344,0.535,0.879,139.0,0.375,139.0,319.0,11.0,5.0,0.0,3.0,7.0,*9D/H,"AS,MVP-15,SS"
J.J. Hardy,32.0,BAL,AL,-0.2,114.0,437.0,411.0,45.0,90.0,14.0,0.0,8.0,37.0,0.0,0.0,20.0,88.0,0.219,0.253,0.311,0.564,54.0,0.262,52.0,128.0,11.0,0.0,2.0,4.0,0.0,*6,
J.J. Hoover,27.0,CIN,NL,0.0,61.0,0.0,0.0,0.0,0.0,0.0,0.0,0.0,0.0,0.0,0.0,0.0,0.0,,,,,,,,0.0,0.0,0.0,0.0,0.0,0.0,1,
J.P. Arencibia,29.0,TBR,AL,0.7,24.0,73.0,71.0,9.0,22.0,3.0,0.0,6.0,17.0,0.0,0.0,1.0,22.0,0.31,0.315,0.606,0.921,150.0,0.386,150.0,43.0,1.0,0.0,0.0,1.0,0.0,2/HD,
J.P. Howell*,32.0,LAD,NL,0.0,62.0,0.0,0.0,0.0,0.0,0.0,0.0,0.0,0.0,0.0,0.0,0.0,0.0,,,,,,,,0.0,0.0,0.0,0.0,0.0,0.0,1,
J.R. Graham,25.0,MIN,AL,0.0,4.0,0.0,0.0,0.0,0.0,0.0,0.0,0.0,0.0,0.0,0.0,0.0,0.0,,,,,,,,0.0,0.0,0.0,0.0,0.0,0.0,1,
J.T. Realmuto,24.0,MIA,NL,2.4,126.0,467.0,441.0,49.0,114.0,21.0,7.0,10.0,47.0,8.0,4.0,19.0,70.0,0.259,0.29,0.406,0.696,92.0,0.306,88.0,179.0,11.0,2.0,1.0,4.0,2.0,*2H,
Jace Peterson*,25.0,ATL,NL,1.1,152.0,597.0,528.0,55.0,126.0,23.0,5.0,6.0,52.0,12.0,10.0,56.0,120.0,0.239,0.314,0.335,0.649,81.0,0.29,77.0,177.0,5.0,3.0,7.0,3.0,4.0,*4H,
Jack Leathersich,24.0,NYM,NL,0.0,16.0,0.0,0.0,0.0,0.0,0.0,0.0,0.0,0.0,0.0,0.0,0.0,0.0,,,,,,,,0.0,0.0,0.0,0.0,0.0,0.0,1,
Jackie Bradley Jr.*,25.0,BOS,AL,2.2,74.0,255.0,221.0,43.0,55.0,17.0,4.0,10.0,43.0,3.0,0.0,27.0,69.0,0.249,0.335,0.498,0.832,119.0,0.359,117.0,110.0,5.0,3.0,1.0,3.0,0.0,987/H,
Jackson Williams,29.0,SFG,NL,0.1,7.0,14.0,10.0,1.0,2.0,1.0,0.0,0.0,1.0,1.0,0.0,4.0,1.0,0.2,0.429,0.3,0.729,106.0,0.371,119.0,3.0,0.0,0.0,0.0,0.0,0.0,/2H,
Jacob deGrom*,27.0,NYM,NL,0.2,28.0,66.0,59.0,3.0,11.0,1.0,0.0,0.0,4.0,0.0,0.0,3.0,16.0,0.186,0.226,0.203,0.429,21.0,0.213,13.0,12.0,4.0,0.0,4.0,0.0,0.0,1/H,"AS,CYA-7"
Jacoby Ellsbury*,31.0,NYY,AL,1.7,111.0,501.0,452.0,66.0,116.0,15.0,2.0,7.0,33.0,21.0,9.0,35.0,86.0,0.257,0.318,0.345,0.663,83.0,0.312,89.0,156.0,6.0,7.0,1.0,3.0,1.0,*8/H,
Jaff Decker*,25.0,PIT,NL,-0.2,23.0,36.0,28.0,8.0,6.0,1.0,1.0,0.0,1.0,0.0,0.0,7.0,9.0,0.214,0.371,0.321,0.693,94.0,0.347,115.0,9.0,0.0,0.0,1.0,0.0,0.0,H/7981,
Jaime García*,28.0,STL,NL,-0.1,19.0,44.0,41.0,1.0,4.0,0.0,0.0,0.0,1.0,0.0,0.0,2.0,15.0,0.098,0.14,0.098,0.237,-33.0,0.137,-45.0,4.0,0.0,0.0,1.0,0.0,0.0,1,
Jairo Díaz,24.0,COL,NL,0.0,19.0,0.0,0.0,0.0,0.0,0.0,0.0,0.0,0.0,0.0,0.0,0.0,0.0,,,,,,,,0.0,0.0,0.0,0.0,0.0,0.0,1,
Jake Arrieta,29.0,CHC,NL,0.3,30.0,83.0,79.0,5.0,12.0,1.0,1.0,2.0,2.0,0.0,0.0,1.0,45.0,0.152,0.163,0.266,0.428,16.0,0.185,-7.0,21.0,1.0,0.0,3.0,0.0,0.0,1,"CYA-1,MVP-6"
Jake Brigham,27.0,ATL,NL,0.0,12.0,2.0,1.0,0.0,0.0,0.0,0.0,0.0,0.0,0.0,0.0,0.0,1.0,0.0,0.0,0.0,0.0,-100.0,0.0,-373.0,0.0,0.0,0.0,1.0,0.0,0.0,1,
Jake Diekman,28.0,2TM,2LG,0.0,40.0,0.0,0.0,0.0,0.0,0.0,0.0,0.0,0.0,0.0,0.0,0.0,0.0,,,,,,,,0.0,0.0,0.0,0.0,0.0,0.0,1,
Jake Diekman,28.0,PHI,NL,0.0,39.0,0.0,0.0,0.0,0.0,0.0,0.0,0.0,0.0,0.0,0.0,0.0,0.0,,,,,,,,0.0,0.0,0.0,0.0,0.0,0.0,1,
Jake Diekman,28.0,TEX,AL,0.0,1.0,0.0,0.0,0.0,0.0,0.0,0.0,0.0,0.0,0.0,0.0,0.0,0.0,,,,,,,,0.0,0.0,0.0,0.0,0.0,0.0,1,
Jake Elmore,28.0,TBR,AL,-0.9,51.0,158.0,141.0,10.0,29.0,5.0,0.0,2.0,16.0,1.0,1.0,12.0,25.0,0.206,0.263,0.284,0.547,54.0,0.244,45.0,40.0,6.0,0.0,2.0,3.0,1.0,3/5467H1D,
Jake Lamb*,24.0,ARI,NL,2.2,107.0,390.0,350.0,38.0,92.0,15.0,5.0,6.0,34.0,3.0,2.0,36.0,97.0,0.263,0.331,0.386,0.716,92.0,0.322,92.0,135.0,5.0,1.0,0.0,3.0,3.0,5H/3,
Jake Marisnick,24.0,HOU,AL,2.4,133.0,372.0,339.0,46.0,80.0,15.0,4.0,9.0,36.0,24.0,9.0,18.0,105.0,0.236,0.281,0.383,0.665,84.0,0.298,80.0,130.0,2.0,5.0,6.0,4.0,0.0,*8H79/D,
Jake McGee*,28.0,TBR,AL,0.0,4.0,0.0,0.0,0.0,0.0,0.0,0.0,0.0,0.0,0.0,0.0,0.0,0.0,,,,,,,,0.0,0.0,0.0,0.0,0.0,0.0,1,
Jake Odorizzi,25.0,TBR,AL,-0.1,2.0,4.0,4.0,0.0,0.0,0.0,0.0,0.0,0.0,0.0,0.0,0.0,2.0,0.0,0.0,0.0,0.0,-100.0,0.0,-136.0,0.0,0.0,0.0,0.0,0.0,0.0,1,
Jake Peavy,34.0,SFG,NL,0.4,19.0,41.0,36.0,5.0,7.0,2.0,0.0,1.0,3.0,0.0,0.0,1.0,17.0,0.194,0.216,0.333,0.55,49.0,0.262,48.0,12.0,0.0,0.0,4.0,0.0,0.0,1,
Jake Petricka,27.0,CHW,AL,0.0,5.0,0.0,0.0,0.0,0.0,0.0,0.0,0.0,0.0,0.0,0.0,0.0,0.0,,,,,,,,0.0,0.0,0.0,0.0,0.0,0.0,1,
Jake Smolinski,26.0,2TM,AL,0.0,76.0,192.0,166.0,24.0,32.0,7.0,2.0,6.0,26.0,1.0,1.0,19.0,39.0,0.193,0.281,0.367,0.649,77.0,0.303,86.0,61.0,3.0,3.0,0.0,4.0,0.0,79H/D,
Jake Smolinski,26.0,TEX,AL,-0.7,35.0,74.0,60.0,12.0,8.0,1.0,0.0,1.0,6.0,1.0,0.0,11.0,20.0,0.133,0.27,0.2,0.47,31.0,0.245,34.0,12.0,1.0,1.0,0.0,2.0,0.0,7/H9D,
Jake Smolinski,26.0,OAK,AL,0.6,41.0,118.0,106.0,12.0,24.0,6.0,2.0,5.0,20.0,0.0,1.0,8.0,19.0,0.226,0.288,0.462,0.75,105.0,0.34,118.0,49.0,2.0,2.0,0.0,2.0,0.0,79/H,
James Jones*,26.0,SEA,AL,-1.0,28.0,31.0,29.0,1.0,3.0,1.0,0.0,0.0,0.0,1.0,1.0,2.0,13.0,0.103,0.161,0.138,0.299,-14.0,0.135,-29.0,4.0,0.0,0.0,0.0,0.0,0.0,8H/97D,
James Loney*,31.0,TBR,AL,-0.8,104.0,388.0,361.0,25.0,101.0,16.0,0.0,4.0,32.0,2.0,4.0,23.0,34.0,0.28,0.322,0.357,0.68,91.0,0.294,84.0,129.0,10.0,1.0,0.0,3.0,5.0,3/HD,
James McCann,25.0,DET,AL,0.6,114.0,425.0,401.0,32.0,106.0,18.0,5.0,7.0,41.0,0.0,1.0,16.0,90.0,0.264,0.297,0.387,0.683,88.0,0.301,84.0,155.0,17.0,3.0,4.0,1.0,0.0,*2/HD,
James Paxton*,26.0,SEA,AL,0.0,1.0,2.0,2.0,0.0,0.0,0.0,0.0,0.0,0.0,0.0,0.0,0.0,2.0,0.0,0.0,0.0,0.0,-100.0,0.0,-136.0,0.0,0.0,0.0,0.0,0.0,0.0,1,
James Pazos,24.0,NYY,AL,0.0,2.0,0.0,0.0,0.0,0.0,0.0,0.0,0.0,0.0,0.0,0.0,0.0,0.0,,,,,,,,0.0,0.0,0.0,0.0,0.0,0.0,1,
James Russell*,29.0,CHC,NL,0.0,46.0,1.0,1.0,0.0,0.0,0.0,0.0,0.0,0.0,0.0,0.0,0.0,1.0,0.0,0.0,0.0,0.0,-100.0,0.0,-136.0,0.0,0.0,0.0,0.0,0.0,0.0,1,
James Shields,33.0,SDP,NL,-0.1,34.0,74.0,68.0,7.0,9.0,2.0,0.0,0.0,2.0,0.0,0.0,1.0,28.0,0.132,0.145,0.162,0.307,-14.0,0.137,-45.0,11.0,0.0,0.0,5.0,0.0,0.0,1/H,
Jamie Romak,29.0,ARI,NL,-0.1,12.0,16.0,15.0,2.0,5.0,2.0,0.0,0.0,1.0,0.0,0.0,1.0,6.0,0.333,0.375,0.467,0.842,125.0,0.364,122.0,7.0,0.0,0.0,0.0,0.0,0.0,H/73,
Jared Hughes,29.0,PIT,NL,0.0,71.0,1.0,0.0,0.0,0.0,0.0,0.0,0.0,0.0,0.0,0.0,0.0,0.0,,,,,,,,0.0,0.0,0.0,1.0,0.0,0.0,1,
Jarred Cosart,25.0,MIA,NL,-0.1,14.0,18.0,17.0,0.0,1.0,0.0,0.0,0.0,1.0,0.0,0.0,0.0,8.0,0.059,0.059,0.059,0.118,-67.0,0.106,-68.0,1.0,0.0,0.0,1.0,0.0,0.0,1/H,
Jarrett Parker*,26.0,SFG,NL,0.5,21.0,54.0,49.0,11.0,17.0,2.0,0.0,6.0,14.0,1.0,1.0,5.0,21.0,0.347,0.407,0.755,1.163,211.0,0.486,221.0,37.0,1.0,0.0,0.0,0.0,0.0,/9H78,
Jarrod Dyson*,30.0,KCR,AL,2.2,90.0,225.0,200.0,31.0,50.0,8.0,6.0,2.0,18.0,26.0,3.0,14.0,37.0,0.25,0.311,0.38,0.691,86.0,0.334,87.0,76.0,3.0,4.0,6.0,1.0,0.0,87H9/D,
Jarrod Saltalamacchia#,30.0,2TM,NL,0.7,79.0,227.0,200.0,26.0,45.0,15.0,0.0,9.0,24.0,0.0,0.0,23.0,69.0,0.225,0.31,0.435,0.745,99.0,0.327,96.0,87.0,5.0,2.0,1.0,1.0,0.0,2H/3D,
Jarrod Saltalamacchia#,30.0,MIA,NL,-0.2,9.0,33.0,29.0,3.0,2.0,1.0,0.0,1.0,1.0,0.0,0.0,4.0,12.0,0.069,0.182,0.207,0.389,8.0,0.185,-1.0,6.0,2.0,0.0,0.0,0.0,0.0,/2,
Jarrod Saltalamacchia#,30.0,ARI,NL,0.9,70.0,194.0,171.0,23.0,43.0,14.0,0.0,8.0,23.0,0.0,0.0,19.0,57.0,0.251,0.332,0.474,0.805,113.0,0.351,112.0,81.0,3.0,2.0,1.0,1.0,0.0,2H/3D,
Jason Bourgeois,33.0,CIN,NL,-0.4,68.0,212.0,196.0,28.0,47.0,5.0,2.0,3.0,14.0,3.0,1.0,14.0,33.0,0.24,0.294,0.332,0.625,72.0,0.292,72.0,65.0,2.0,1.0,1.0,0.0,0.0,8H7/9,
Jason Castro*,28.0,HOU,AL,1.5,104.0,375.0,337.0,38.0,71.0,19.0,0.0,11.0,31.0,0.0,0.0,33.0,115.0,0.211,0.283,0.365,0.648,79.0,0.286,75.0,123.0,5.0,2.0,0.0,3.0,1.0,2/H,
Jason Frasor,37.0,2TM,2LG,0.0,7.0,0.0,0.0,0.0,0.0,0.0,0.0,0.0,0.0,0.0,0.0,0.0,0.0,,,,,,,,0.0,0.0,0.0,0.0,0.0,0.0,1,
Jason Frasor,37.0,KCR,AL,0.0,2.0,0.0,0.0,0.0,0.0,0.0,0.0,0.0,0.0,0.0,0.0,0.0,0.0,,,,,,,,0.0,0.0,0.0,0.0,0.0,0.0,1,
Jason Frasor,37.0,ATL,NL,0.0,5.0,0.0,0.0,0.0,0.0,0.0,0.0,0.0,0.0,0.0,0.0,0.0,0.0,,,,,,,,0.0,0.0,0.0,0.0,0.0,0.0,/1,
Jason García,22.0,BAL,AL,0.1,3.0,1.0,0.0,0.0,0.0,0.0,0.0,0.0,0.0,0.0,0.0,1.0,0.0,,1.0,,,,0.69,373.0,0.0,0.0,0.0,0.0,0.0,0.0,1,
Jason Grilli,38.0,ATL,NL,0.0,33.0,0.0,0.0,0.0,0.0,0.0,0.0,0.0,0.0,0.0,0.0,0.0,0.0,,,,,,,,0.0,0.0,0.0,0.0,0.0,0.0,1,
Jason Gurka*,27.0,COL,NL,0.0,10.0,0.0,0.0,0.0,0.0,0.0,0.0,0.0,0.0,0.0,0.0,0.0,0.0,,,,,,,,0.0,0.0,0.0,0.0,0.0,0.0,/19,
Jason Hammel,32.0,CHC,NL,0.1,31.0,70.0,65.0,6.0,11.0,1.0,0.0,0.0,4.0,0.0,0.0,1.0,18.0,0.169,0.179,0.185,0.364,1.0,0.161,-26.0,12.0,1.0,0.0,3.0,1.0,0.0,1/H,
Jason Heyward*,25.0,STL,NL,7.0,154.0,610.0,547.0,79.0,160.0,33.0,4.0,13.0,60.0,23.0,3.0,56.0,90.0,0.293,0.359,0.439,0.797,117.0,0.364,121.0,240.0,13.0,2.0,0.0,3.0,4.0,*98/H,"MVP-15,GG"
Jason Kipnis*,28.0,CLE,AL,3.8,141.0,641.0,565.0,86.0,171.0,43.0,7.0,9.0,52.0,12.0,8.0,57.0,107.0,0.303,0.372,0.451,0.823,120.0,0.36,121.0,255.0,5.0,9.0,4.0,6.0,6.0,*4D/H,"AS,MVP-16"
Jason Marquis*,36.0,CIN,NL,0.1,8.0,17.0,16.0,2.0,3.0,1.0,0.0,0.0,1.0,0.0,0.0,0.0,4.0,0.188,0.188,0.25,0.438,19.0,0.186,-12.0,4.0,0.0,0.0,1.0,0.0,0.0,/1H,
Jason Motte,33.0,CHC,NL,0.0,55.0,0.0,0.0,0.0,0.0,0.0,0.0,0.0,0.0,0.0,0.0,0.0,0.0,,,,,,,,0.0,0.0,0.0,0.0,0.0,0.0,1,
Jason Pridie*,31.0,OAK,AL,-0.2,6.0,10.0,9.0,0.0,0.0,0.0,0.0,0.0,0.0,0.0,0.0,1.0,4.0,0.0,0.1,0.0,0.1,-68.0,0.069,-85.0,0.0,0.0,0.0,0.0,0.0,0.0,/H978D,
Jason Rogers,27.0,MIL,NL,0.5,86.0,169.0,152.0,22.0,45.0,6.0,2.0,4.0,16.0,0.0,0.0,15.0,34.0,0.296,0.367,0.441,0.808,121.0,0.36,124.0,67.0,2.0,2.0,0.0,0.0,0.0,H3/57D,
Javier Báez,22.0,CHC,NL,0.6,28.0,80.0,76.0,4.0,22.0,6.0,0.0,1.0,4.0,1.0,2.0,4.0,24.0,0.289,0.325,0.408,0.733,102.0,0.307,93.0,31.0,0.0,0.0,0.0,0.0,1.0,45/6H3,
Javier López*,37.0,SFG,NL,0.0,71.0,1.0,0.0,0.0,0.0,0.0,0.0,0.0,0.0,0.0,0.0,0.0,0.0,,,,,,,,0.0,0.0,0.0,1.0,0.0,0.0,1,
Jay Bruce*,28.0,CIN,NL,0.9,157.0,649.0,580.0,72.0,131.0,35.0,4.0,26.0,87.0,9.0,5.0,58.0,145.0,0.226,0.294,0.434,0.729,97.0,0.315,90.0,252.0,10.0,2.0,0.0,9.0,8.0,*9/HD,
Jay Jackson,27.0,SDP,NL,0.0,6.0,0.0,0.0,0.0,0.0,0.0,0.0,0.0,0.0,0.0,0.0,0.0,0.0,,,,,,,,0.0,0.0,0.0,0.0,0.0,0.0,/1,
Jayson Werth,36.0,WSN,NL,-1.5,88.0,378.0,331.0,51.0,73.0,16.0,1.0,12.0,42.0,0.0,1.0,38.0,84.0,0.221,0.302,0.384,0.685,85.0,0.305,82.0,127.0,8.0,3.0,0.0,6.0,0.0,79/HD,
JB Shuck*,28.0,CHW,AL,0.8,79.0,165.0,143.0,15.0,38.0,8.0,2.0,0.0,15.0,7.0,5.0,16.0,16.0,0.266,0.34,0.35,0.689,95.0,0.322,106.0,50.0,2.0,1.0,3.0,2.0,0.0,H987,
JC Ramírez,26.0,ARI,NL,0.0,12.0,0.0,0.0,0.0,0.0,0.0,0.0,0.0,0.0,0.0,0.0,0.0,0.0,,,,,,,,0.0,0.0,0.0,0.0,0.0,0.0,1,
Jean Machi,33.0,2TM,2LG,0.0,36.0,3.0,3.0,0.0,0.0,0.0,0.0,0.0,0.0,0.0,0.0,0.0,2.0,0.0,0.0,0.0,0.0,-100.0,0.0,-136.0,0.0,0.0,0.0,0.0,0.0,0.0,1,
Jean Machi,33.0,SFG,NL,0.0,33.0,3.0,3.0,0.0,0.0,0.0,0.0,0.0,0.0,0.0,0.0,0.0,2.0,0.0,0.0,0.0,0.0,-100.0,0.0,-136.0,0.0,0.0,0.0,0.0,0.0,0.0,1,
Jean Machi,33.0,BOS,AL,0.0,3.0,0.0,0.0,0.0,0.0,0.0,0.0,0.0,0.0,0.0,0.0,0.0,0.0,,,,,,,,0.0,0.0,0.0,0.0,0.0,0.0,1,
Jean Segura,25.0,MIL,NL,0.6,142.0,584.0,560.0,57.0,144.0,16.0,5.0,6.0,50.0,25.0,6.0,13.0,93.0,0.257,0.281,0.336,0.616,68.0,0.282,62.0,188.0,14.0,6.0,3.0,2.0,2.0,*6/H,
Jeanmar Gómez,27.0,PHI,NL,0.0,61.0,1.0,1.0,0.0,0.0,0.0,0.0,0.0,0.0,0.0,0.0,0.0,1.0,0.0,0.0,0.0,0.0,-100.0,0.0,-136.0,0.0,0.0,0.0,0.0,0.0,0.0,1,
Jed Lowrie#,31.0,HOU,AL,1.2,69.0,263.0,230.0,35.0,51.0,14.0,0.0,9.0,30.0,1.0,0.0,28.0,43.0,0.222,0.312,0.4,0.712,97.0,0.322,101.0,92.0,3.0,3.0,0.0,2.0,5.0,56/HD,
Jedd Gyorko,26.0,SDP,NL,0.6,128.0,458.0,421.0,34.0,104.0,15.0,0.0,16.0,57.0,0.0,1.0,27.0,107.0,0.247,0.297,0.397,0.694,93.0,0.309,92.0,167.0,13.0,5.0,0.0,5.0,1.0,46H/3D,
Jeff Baker,34.0,MIA,NL,-0.1,41.0,80.0,72.0,11.0,15.0,3.0,0.0,3.0,8.0,0.0,0.0,8.0,25.0,0.208,0.288,0.375,0.663,83.0,0.317,96.0,27.0,0.0,0.0,0.0,0.0,0.0,H3/457D,
Jeff Beliveau*,28.0,TBR,AL,0.0,2.0,0.0,0.0,0.0,0.0,0.0,0.0,0.0,0.0,0.0,0.0,0.0,0.0,,,,,,,,0.0,0.0,0.0,0.0,0.0,0.0,/1,
Jeff Bianchi,28.0,BOS,AL,0.0,3.0,2.0,2.0,0.0,0.0,0.0,0.0,0.0,0.0,0.0,0.0,0.0,0.0,0.0,0.0,0.0,0.0,-100.0,0.0,-150.0,0.0,0.0,0.0,0.0,0.0,0.0,/56H,
Jeff Francoeur,31.0,PHI,NL,-0.8,118.0,343.0,326.0,34.0,84.0,16.0,1.0,13.0,45.0,0.0,2.0,13.0,77.0,0.258,0.286,0.433,0.718,96.0,0.32,99.0,141.0,10.0,1.0,0.0,3.0,0.0,9H7/D1,
Jeff Locke*,27.0,PIT,NL,-0.2,29.0,54.0,45.0,1.0,3.0,1.0,0.0,0.0,2.0,0.0,0.0,2.0,18.0,0.067,0.106,0.089,0.195,-45.0,0.114,-80.0,4.0,1.0,0.0,7.0,0.0,0.0,1,
Jeff Manship,30.0,CLE,AL,0.0,4.0,0.0,0.0,0.0,0.0,0.0,0.0,0.0,0.0,0.0,0.0,0.0,0.0,,,,,,,,0.0,0.0,0.0,0.0,0.0,0.0,1,
Jeff Mathis,32.0,MIA,NL,-0.5,32.0,103.0,93.0,9.0,15.0,4.0,1.0,2.0,12.0,0.0,0.0,7.0,24.0,0.161,0.214,0.29,0.504,39.0,0.235,35.0,27.0,2.0,0.0,0.0,3.0,1.0,2/H,
Jeff Samardzija,30.0,CHW,AL,0.0,1.0,2.0,2.0,0.0,1.0,0.0,0.0,0.0,0.0,0.0,0.0,0.0,1.0,0.5,0.5,0.5,1.0,183.0,0.448,195.0,1.0,0.0,0.0,0.0,0.0,0.0,1,
Jefry Marté,24.0,DET,AL,0.0,33.0,90.0,80.0,9.0,17.0,4.0,0.0,4.0,11.0,0.0,0.0,8.0,22.0,0.213,0.284,0.413,0.697,90.0,0.311,91.0,33.0,2.0,0.0,2.0,0.0,0.0,3H/5D,
Jemile Weeks#,28.0,BOS,AL,0.1,3.0,9.0,9.0,1.0,3.0,0.0,0.0,0.0,1.0,0.0,0.0,0.0,2.0,0.333,0.333,0.333,0.667,80.0,0.288,67.0,3.0,0.0,0.0,0.0,0.0,0.0,/4,
Jenrry Mejía,25.0,NYM,NL,0.0,7.0,0.0,0.0,0.0,0.0,0.0,0.0,0.0,0.0,0.0,0.0,0.0,0.0,,,,,,,,0.0,0.0,0.0,0.0,0.0,0.0,/1,
Jerad Eickhoff,24.0,PHI,NL,0.0,7.0,16.0,14.0,1.0,2.0,0.0,0.0,0.0,2.0,0.0,0.0,0.0,7.0,0.143,0.143,0.143,0.286,-20.0,0.129,-64.0,2.0,0.0,0.0,2.0,0.0,0.0,/1,
Jered Weaver,32.0,LAA,AL,0.0,1.0,2.0,2.0,0.0,0.0,0.0,0.0,0.0,0.0,0.0,0.0,0.0,1.0,0.0,0.0,0.0,0.0,-100.0,0.0,-136.0,0.0,0.0,0.0,0.0,0.0,0.0,1,
Jeremy Affeldt*,36.0,SFG,NL,0.0,47.0,2.0,2.0,0.0,0.0,0.0,0.0,0.0,0.0,0.0,0.0,0.0,2.0,0.0,0.0,0.0,0.0,-100.0,0.0,-136.0,0.0,0.0,0.0,0.0,0.0,0.0,1,
Jeremy Guthrie,36.0,KCR,AL,0.0,2.0,5.0,4.0,0.0,1.0,0.0,0.0,0.0,0.0,0.0,0.0,0.0,0.0,0.25,0.25,0.25,0.5,37.0,0.224,2.0,1.0,0.0,0.0,1.0,0.0,0.0,1,
Jeremy Hellickson,28.0,ARI,NL,0.3,26.0,49.0,41.0,3.0,9.0,0.0,0.0,0.0,7.0,0.0,0.0,2.0,14.0,0.22,0.283,0.22,0.502,38.0,0.236,23.0,9.0,0.0,2.0,3.0,1.0,0.0,1/H,
Jeremy Jeffress,27.0,MIL,NL,0.0,68.0,0.0,0.0,0.0,0.0,0.0,0.0,0.0,0.0,0.0,0.0,0.0,0.0,,,,,,,,0.0,0.0,0.0,0.0,0.0,0.0,1,
Jerome Williams,33.0,PHI,NL,0.0,30.0,36.0,31.0,0.0,2.0,1.0,0.0,0.0,1.0,0.0,0.0,1.0,14.0,0.065,0.094,0.097,0.191,-47.0,0.146,-47.0,3.0,0.0,0.0,4.0,0.0,0.0,1,
Jerry Blevins*,31.0,NYM,NL,0.0,7.0,0.0,0.0,0.0,0.0,0.0,0.0,0.0,0.0,0.0,0.0,0.0,0.0,,,,,,,,0.0,0.0,0.0,0.0,0.0,0.0,/1,
Jerry Sands,27.0,CLE,AL,-0.5,50.0,133.0,123.0,11.0,29.0,5.0,1.0,4.0,19.0,0.0,0.0,9.0,36.0,0.236,0.286,0.39,0.676,79.0,0.29,68.0,48.0,0.0,0.0,0.0,1.0,0.0,9H3/7D,
Jesse Chavez,31.0,OAK,AL,0.0,3.0,5.0,3.0,0.0,1.0,0.0,0.0,0.0,0.0,0.0,0.0,0.0,2.0,0.333,0.333,0.333,0.667,88.0,0.298,73.0,1.0,0.0,0.0,2.0,0.0,0.0,1,
Jesse Hahn,25.0,OAK,AL,0.0,1.0,3.0,3.0,0.0,0.0,0.0,0.0,0.0,0.0,0.0,0.0,0.0,2.0,0.0,0.0,0.0,0.0,-100.0,0.0,-139.0,0.0,0.0,0.0,0.0,0.0,0.0,1,
Jesús Aguilar,25.0,CLE,AL,-0.2,7.0,20.0,19.0,0.0,6.0,1.0,0.0,0.0,2.0,0.0,0.0,0.0,7.0,0.316,0.35,0.368,0.718,94.0,0.322,92.0,7.0,0.0,1.0,0.0,0.0,0.0,/3DH,
Jesús Montero,25.0,SEA,AL,-0.4,38.0,116.0,112.0,11.0,25.0,6.0,0.0,5.0,19.0,0.0,0.0,4.0,32.0,0.223,0.25,0.411,0.661,82.0,0.289,79.0,46.0,2.0,0.0,0.0,0.0,0.0,3/DH,
Jesús Sucre,27.0,SEA,AL,-0.6,50.0,142.0,127.0,9.0,20.0,6.0,0.0,1.0,7.0,0.0,0.0,6.0,21.0,0.157,0.195,0.228,0.424,19.0,0.209,15.0,29.0,6.0,0.0,9.0,0.0,0.0,2/1,
Jett Bandy,25.0,LAA,AL,0.1,2.0,2.0,2.0,1.0,1.0,0.0,0.0,1.0,1.0,0.0,0.0,0.0,0.0,0.5,0.5,2.0,2.5,559.0,1.017,623.0,4.0,0.0,0.0,0.0,0.0,0.0,/2H,
Jeurys Familia,25.0,NYM,NL,0.0,74.0,0.0,0.0,0.0,0.0,0.0,0.0,0.0,0.0,0.0,0.0,0.0,0.0,,,,,,,,0.0,0.0,0.0,0.0,0.0,0.0,1,
Jhonatan Solano,29.0,MIA,NL,-0.3,7.0,21.0,20.0,1.0,1.0,1.0,0.0,0.0,2.0,0.0,0.0,1.0,1.0,0.05,0.095,0.1,0.195,-45.0,0.093,-68.0,2.0,0.0,0.0,0.0,0.0,0.0,/2H,
Jhonny Peralta,33.0,STL,NL,1.2,155.0,640.0,579.0,64.0,159.0,26.0,1.0,17.0,71.0,1.0,4.0,50.0,111.0,0.275,0.334,0.411,0.745,103.0,0.338,108.0,238.0,23.0,5.0,0.0,6.0,6.0,*6/HD,AS
Jhoulys Chacín,27.0,ARI,NL,0.0,5.0,9.0,8.0,0.0,1.0,0.0,0.0,0.0,0.0,0.0,0.0,0.0,4.0,0.125,0.125,0.125,0.25,-32.0,0.113,-83.0,1.0,0.0,0.0,1.0,0.0,0.0,/1,
Jim Johnson,32.0,2TM,NL,0.0,64.0,0.0,0.0,0.0,0.0,0.0,0.0,0.0,0.0,0.0,0.0,0.0,0.0,,,,,,,,0.0,0.0,0.0,0.0,0.0,0.0,1,
Jim Johnson,32.0,ATL,NL,0.0,45.0,0.0,0.0,0.0,0.0,0.0,0.0,0.0,0.0,0.0,0.0,0.0,0.0,,,,,,,,0.0,0.0,0.0,0.0,0.0,0.0,1,
Jim Johnson,32.0,LAD,NL,0.0,19.0,0.0,0.0,0.0,0.0,0.0,0.0,0.0,0.0,0.0,0.0,0.0,0.0,,,,,,,,0.0,0.0,0.0,0.0,0.0,0.0,1,
Jimmy Nelson,26.0,MIL,NL,-0.2,27.0,59.0,55.0,1.0,6.0,1.0,0.0,0.0,2.0,0.0,0.0,1.0,34.0,0.109,0.125,0.127,0.252,-30.0,0.114,-66.0,7.0,0.0,0.0,3.0,0.0,0.0,1,
Jimmy Paredes#,26.0,BAL,AL,0.3,104.0,384.0,363.0,46.0,100.0,17.0,2.0,10.0,42.0,4.0,4.0,19.0,111.0,0.275,0.31,0.416,0.726,96.0,0.322,98.0,151.0,8.0,0.0,0.0,2.0,0.0,DH/5497,
Jimmy Rollins#,36.0,LAD,NL,0.8,144.0,563.0,517.0,71.0,116.0,24.0,3.0,13.0,41.0,12.0,8.0,44.0,86.0,0.224,0.285,0.358,0.643,79.0,0.288,77.0,185.0,12.0,0.0,1.0,1.0,0.0,*6H,
Joakim Soria,31.0,2TM,2LG,0.0,33.0,0.0,0.0,0.0,0.0,0.0,0.0,0.0,0.0,0.0,0.0,0.0,0.0,,,,,,,,0.0,0.0,0.0,0.0,0.0,0.0,1,
Joakim Soria,31.0,DET,AL,0.0,4.0,0.0,0.0,0.0,0.0,0.0,0.0,0.0,0.0,0.0,0.0,0.0,0.0,,,,,,,,0.0,0.0,0.0,0.0,0.0,0.0,1,
Joakim Soria,31.0,PIT,NL,0.0,29.0,0.0,0.0,0.0,0.0,0.0,0.0,0.0,0.0,0.0,0.0,0.0,0.0,,,,,,,,0.0,0.0,0.0,0.0,0.0,0.0,1,
Joaquin Benoit,37.0,SDP,NL,0.0,62.0,0.0,0.0,0.0,0.0,0.0,0.0,0.0,0.0,0.0,0.0,0.0,0.0,,,,,,,,0.0,0.0,0.0,0.0,0.0,0.0,1,
Joaquín Árias,30.0,SFG,NL,0.1,40.0,59.0,58.0,5.0,12.0,1.0,0.0,1.0,4.0,1.0,0.0,0.0,12.0,0.207,0.207,0.276,0.483,32.0,0.228,23.0,16.0,1.0,0.0,1.0,0.0,0.0,H/5634D,
Joba Chamberlain,29.0,DET,AL,0.0,3.0,0.0,0.0,0.0,0.0,0.0,0.0,0.0,0.0,0.0,0.0,0.0,0.0,,,,,,,,0.0,0.0,0.0,0.0,0.0,0.0,1,
Joc Pederson*,23.0,LAD,NL,2.5,151.0,585.0,480.0,67.0,101.0,19.0,1.0,26.0,54.0,4.0,7.0,92.0,170.0,0.21,0.346,0.417,0.763,113.0,0.337,115.0,200.0,5.0,9.0,2.0,2.0,6.0,*8H,"AS,ROY-6"
Joe Beimel*,38.0,SEA,AL,0.0,3.0,0.0,0.0,0.0,0.0,0.0,0.0,0.0,0.0,0.0,0.0,0.0,0.0,,,,,,,,0.0,0.0,0.0,0.0,0.0,0.0,1,
Joe Blanton,34.0,2TM,2LG,-0.1,22.0,4.0,4.0,0.0,0.0,0.0,0.0,0.0,0.0,0.0,0.0,0.0,1.0,0.0,0.0,0.0,0.0,-100.0,0.0,-139.0,0.0,0.0,0.0,0.0,0.0,0.0,1,
Joe Blanton,34.0,KCR,AL,0.0,1.0,1.0,1.0,0.0,0.0,0.0,0.0,0.0,0.0,0.0,0.0,0.0,0.0,0.0,0.0,0.0,0.0,-100.0,0.0,-145.0,0.0,0.0,0.0,0.0,0.0,0.0,1,
Joe Blanton,34.0,PIT,NL,0.0,21.0,3.0,3.0,0.0,0.0,0.0,0.0,0.0,0.0,0.0,0.0,0.0,1.0,0.0,0.0,0.0,0.0,-100.0,0.0,-136.0,0.0,0.0,0.0,0.0,0.0,0.0,1,
Joe Kelly,27.0,BOS,AL,0.0,2.0,5.0,5.0,0.0,1.0,0.0,0.0,0.0,1.0,0.0,0.0,0.0,2.0,0.2,0.2,0.2,0.4,8.0,0.16,-29.0,1.0,0.0,0.0,0.0,0.0,0.0,1,
Joe Mauer*,32.0,MIN,AL,1.5,158.0,666.0,592.0,69.0,157.0,34.0,2.0,10.0,66.0,2.0,1.0,67.0,112.0,0.265,0.338,0.38,0.718,98.0,0.328,103.0,225.0,22.0,1.0,1.0,5.0,12.0,*3D/H,
Joe Panik*,24.0,SFG,NL,3.7,100.0,432.0,382.0,59.0,119.0,27.0,2.0,8.0,37.0,3.0,2.0,38.0,42.0,0.312,0.378,0.455,0.833,129.0,0.366,130.0,174.0,7.0,5.0,3.0,4.0,0.0,4/H,AS
Joe Ross,22.0,WSN,NL,-0.2,17.0,30.0,27.0,2.0,3.0,0.0,0.0,0.0,0.0,0.0,0.0,0.0,11.0,0.111,0.143,0.111,0.254,-29.0,0.115,-70.0,3.0,1.0,1.0,2.0,0.0,0.0,1/DH,
Joe Smith,31.0,LAA,AL,0.0,4.0,0.0,0.0,0.0,0.0,0.0,0.0,0.0,0.0,0.0,0.0,0.0,0.0,,,,,,,,0.0,0.0,0.0,0.0,0.0,0.0,1,
Joe Thatcher*,33.0,HOU,AL,0.0,3.0,0.0,0.0,0.0,0.0,0.0,0.0,0.0,0.0,0.0,0.0,0.0,0.0,,,,,,,,0.0,0.0,0.0,0.0,0.0,0.0,1,
Joe Wieland,25.0,LAD,NL,0.0,1.0,2.0,1.0,0.0,0.0,0.0,0.0,0.0,0.0,0.0,0.0,0.0,1.0,0.0,0.0,0.0,0.0,-100.0,0.0,-364.0,0.0,0.0,0.0,1.0,0.0,0.0,/1,
Joel Peralta,39.0,LAD,NL,0.0,33.0,1.0,1.0,0.0,0.0,0.0,0.0,0.0,0.0,0.0,0.0,0.0,1.0,0.0,0.0,0.0,0.0,-100.0,0.0,-136.0,0.0,0.0,0.0,0.0,0.0,0.0,1,
Joey Butler,29.0,TBR,AL,0.5,88.0,276.0,257.0,30.0,71.0,12.0,0.0,8.0,30.0,5.0,2.0,16.0,82.0,0.276,0.326,0.416,0.742,107.0,0.329,107.0,107.0,16.0,3.0,0.0,0.0,0.0,D7H/9,
Joey Gallo*,21.0,TEX,AL,0.3,36.0,123.0,108.0,16.0,22.0,3.0,1.0,6.0,14.0,3.0,0.0,15.0,57.0,0.204,0.301,0.417,0.717,91.0,0.309,79.0,45.0,0.0,0.0,0.0,0.0,3.0,75/HD8,
Joey Terdoslavich#,26.0,ATL,NL,-0.2,28.0,59.0,56.0,5.0,12.0,4.0,1.0,1.0,4.0,0.0,0.0,3.0,14.0,0.214,0.254,0.375,0.629,72.0,0.268,58.0,21.0,1.0,0.0,0.0,0.0,1.0,H3/7,
Joey Votto*,31.0,CIN,NL,7.7,158.0,695.0,545.0,95.0,171.0,33.0,2.0,29.0,80.0,11.0,3.0,143.0,135.0,0.314,0.459,0.541,1.0,174.0,0.437,181.0,295.0,11.0,5.0,0.0,2.0,15.0,*3/H,MVP-3
John Axford,32.0,COL,NL,0.0,57.0,0.0,0.0,0.0,0.0,0.0,0.0,0.0,0.0,0.0,0.0,0.0,0.0,,,,,,,,0.0,0.0,0.0,0.0,0.0,0.0,1,
John Cornely,26.0,ATL,NL,0.0,1.0,0.0,0.0,0.0,0.0,0.0,0.0,0.0,0.0,0.0,0.0,0.0,0.0,,,,,,,,0.0,0.0,0.0,0.0,0.0,0.0,/1,
John Hicks,25.0,SEA,AL,-0.5,17.0,34.0,32.0,1.0,2.0,1.0,0.0,0.0,1.0,1.0,1.0,1.0,18.0,0.063,0.091,0.094,0.185,-48.0,0.079,-76.0,3.0,0.0,0.0,1.0,0.0,0.0,2/DH5,
John Jaso*,31.0,TBR,AL,1.0,70.0,216.0,185.0,23.0,53.0,17.0,0.0,5.0,22.0,1.0,2.0,28.0,39.0,0.286,0.38,0.459,0.839,134.0,0.373,143.0,85.0,5.0,1.0,0.0,2.0,1.0,DH/79,
John Lackey,36.0,STL,NL,-0.1,31.0,70.0,62.0,0.0,7.0,2.0,0.0,0.0,3.0,0.0,0.0,4.0,24.0,0.113,0.167,0.145,0.312,-14.0,0.149,-41.0,9.0,2.0,0.0,4.0,0.0,0.0,1,CYA-9
John Lamb*,24.0,CIN,NL,-0.1,10.0,16.0,16.0,0.0,1.0,1.0,0.0,0.0,1.0,0.0,0.0,0.0,8.0,0.063,0.063,0.125,0.188,-50.0,0.079,-84.0,2.0,0.0,0.0,0.0,0.0,0.0,1,
John Mayberry,31.0,NYM,NL,-0.5,59.0,119.0,110.0,8.0,18.0,6.0,1.0,3.0,9.0,1.0,0.0,9.0,33.0,0.164,0.227,0.318,0.545,50.0,0.243,39.0,35.0,2.0,0.0,0.0,0.0,0.0,H79/D,
John Ryan Murphy,24.0,NYY,AL,0.4,67.0,172.0,155.0,21.0,43.0,9.0,1.0,3.0,14.0,0.0,0.0,12.0,43.0,0.277,0.327,0.406,0.734,100.0,0.321,97.0,63.0,4.0,1.0,1.0,3.0,0.0,2/HD,
Johnny Cueto,29.0,CIN,NL,0.0,17.0,43.0,37.0,1.0,6.0,0.0,0.0,0.0,0.0,0.0,0.0,1.0,10.0,0.162,0.184,0.162,0.346,-4.0,0.156,-44.0,6.0,0.0,0.0,5.0,0.0,0.0,1,
Johnny Giavotella,27.0,LAA,AL,1.3,129.0,502.0,453.0,51.0,123.0,25.0,5.0,4.0,49.0,2.0,1.0,32.0,59.0,0.272,0.318,0.375,0.694,96.0,0.309,95.0,170.0,7.0,2.0,9.0,6.0,0.0,*4/H6,
Johnny Monell*,29.0,NYM,NL,-0.3,27.0,52.0,48.0,5.0,8.0,2.0,0.0,0.0,4.0,0.0,0.0,4.0,13.0,0.167,0.231,0.208,0.439,24.0,0.206,13.0,10.0,5.0,0.0,0.0,0.0,0.0,H2,
Jon Edwards,27.0,2TM,2LG,0.0,12.0,0.0,0.0,0.0,0.0,0.0,0.0,0.0,0.0,0.0,0.0,0.0,0.0,,,,,,,,0.0,0.0,0.0,0.0,0.0,0.0,1,
Jon Edwards,27.0,TEX,AL,0.0,1.0,0.0,0.0,0.0,0.0,0.0,0.0,0.0,0.0,0.0,0.0,0.0,0.0,,,,,,,,0.0,0.0,0.0,0.0,0.0,0.0,1,
Jon Edwards,27.0,SDP,NL,0.0,11.0,0.0,0.0,0.0,0.0,0.0,0.0,0.0,0.0,0.0,0.0,0.0,0.0,,,,,,,,0.0,0.0,0.0,0.0,0.0,0.0,1,
Jon Gray,23.0,COL,NL,-0.1,9.0,13.0,11.0,1.0,0.0,0.0,0.0,0.0,0.0,0.0,0.0,2.0,6.0,0.0,0.154,0.0,0.154,-56.0,0.107,-78.0,0.0,0.0,0.0,0.0,0.0,0.0,/1,
Jon Jay*,30.0,STL,NL,-0.2,79.0,245.0,210.0,25.0,44.0,5.0,1.0,1.0,10.0,0.0,2.0,19.0,36.0,0.21,0.306,0.257,0.563,56.0,0.264,54.0,54.0,7.0,11.0,3.0,2.0,5.0,8H7/9,
Jon Lester*,31.0,CHC,NL,-0.3,30.0,71.0,62.0,6.0,4.0,0.0,0.0,0.0,0.0,0.0,0.0,3.0,30.0,0.065,0.108,0.065,0.172,-51.0,0.1,-81.0,4.0,1.0,0.0,6.0,0.0,0.0,1,
Jon Moscot,23.0,CIN,NL,0.0,2.0,4.0,4.0,0.0,1.0,0.0,0.0,0.0,0.0,0.0,0.0,0.0,2.0,0.25,0.25,0.25,0.5,38.0,0.201,5.0,1.0,0.0,0.0,0.0,0.0,0.0,/1,
Jon Niese*,28.0,NYM,NL,0.5,31.0,60.0,52.0,5.0,9.0,1.0,0.0,0.0,4.0,0.0,0.0,5.0,18.0,0.173,0.246,0.192,0.438,24.0,0.226,24.0,10.0,0.0,0.0,3.0,0.0,0.0,1,
Jon Singleton*,23.0,HOU,AL,-0.3,19.0,58.0,47.0,6.0,9.0,2.0,0.0,1.0,6.0,1.0,0.0,10.0,17.0,0.191,0.328,0.298,0.625,77.0,0.292,77.0,14.0,0.0,0.0,0.0,1.0,0.0,3/DH,
Jonathan Broxton,31.0,2TM,NL,0.0,62.0,0.0,0.0,0.0,0.0,0.0,0.0,0.0,0.0,0.0,0.0,0.0,0.0,,,,,,,,0.0,0.0,0.0,0.0,0.0,0.0,1,
Jonathan Broxton,31.0,MIL,NL,0.0,36.0,0.0,0.0,0.0,0.0,0.0,0.0,0.0,0.0,0.0,0.0,0.0,0.0,,,,,,,,0.0,0.0,0.0,0.0,0.0,0.0,1,
Jonathan Broxton,31.0,STL,NL,0.0,26.0,0.0,0.0,0.0,0.0,0.0,0.0,0.0,0.0,0.0,0.0,0.0,0.0,,,,,,,,0.0,0.0,0.0,0.0,0.0,0.0,1,
Jonathan Diaz,30.0,TOR,AL,-0.1,7.0,16.0,13.0,1.0,2.0,0.0,0.0,0.0,2.0,0.0,0.0,1.0,3.0,0.154,0.267,0.154,0.421,20.0,0.207,4.0,2.0,0.0,1.0,1.0,0.0,0.0,/67,
Jonathan Herrera#,30.0,CHC,NL,-0.7,73.0,132.0,126.0,14.0,29.0,5.0,1.0,2.0,14.0,3.0,0.0,2.0,23.0,0.23,0.242,0.333,0.576,57.0,0.26,45.0,42.0,3.0,0.0,4.0,0.0,1.0,H45/6,
Jonathan Lucroy,29.0,MIL,NL,0.9,103.0,415.0,371.0,51.0,98.0,20.0,3.0,7.0,43.0,1.0,0.0,36.0,64.0,0.264,0.326,0.391,0.717,96.0,0.323,96.0,145.0,18.0,1.0,1.0,6.0,0.0,2H/3D,
Jonathan Papelbon,34.0,2TM,NL,0.0,58.0,0.0,0.0,0.0,0.0,0.0,0.0,0.0,0.0,0.0,0.0,0.0,0.0,,,,,,,,0.0,0.0,0.0,0.0,0.0,0.0,1,AS
Jonathan Papelbon,34.0,PHI,NL,0.0,36.0,0.0,0.0,0.0,0.0,0.0,0.0,0.0,0.0,0.0,0.0,0.0,0.0,,,,,,,,0.0,0.0,0.0,0.0,0.0,0.0,1,
Jonathan Papelbon,34.0,WSN,NL,0.0,22.0,0.0,0.0,0.0,0.0,0.0,0.0,0.0,0.0,0.0,0.0,0.0,0.0,,,,,,,,0.0,0.0,0.0,0.0,0.0,0.0,1,
Jonathan Schoop,23.0,BAL,AL,1.8,86.0,321.0,305.0,34.0,85.0,17.0,0.0,15.0,39.0,2.0,0.0,9.0,79.0,0.279,0.306,0.482,0.788,111.0,0.345,113.0,147.0,9.0,4.0,1.0,2.0,0.0,4/H,
Jonathan Villar#,24.0,HOU,AL,0.9,53.0,128.0,116.0,18.0,33.0,7.0,1.0,2.0,11.0,7.0,2.0,10.0,29.0,0.284,0.339,0.414,0.752,109.0,0.34,111.0,48.0,3.0,0.0,1.0,1.0,0.0,6H5/7D48,
Jonny Gomes,34.0,2TM,2LG,-0.9,95.0,262.0,225.0,29.0,48.0,9.0,0.0,7.0,26.0,1.0,1.0,31.0,81.0,0.213,0.313,0.347,0.66,83.0,0.304,85.0,78.0,6.0,3.0,0.0,3.0,1.0,7H/9D1,
Jonny Gomes,34.0,ATL,NL,-0.4,83.0,228.0,195.0,27.0,43.0,7.0,0.0,7.0,22.0,1.0,1.0,28.0,67.0,0.221,0.325,0.364,0.689,91.0,0.314,94.0,71.0,5.0,3.0,0.0,2.0,1.0,7H/91,
Jonny Gomes,34.0,KCR,AL,-0.5,12.0,34.0,30.0,2.0,5.0,2.0,0.0,0.0,4.0,0.0,0.0,3.0,14.0,0.167,0.235,0.233,0.469,28.0,0.234,29.0,7.0,1.0,0.0,0.0,1.0,0.0,/9DH,
Jordan Danks*,28.0,PHI,NL,-0.1,4.0,4.0,4.0,0.0,0.0,0.0,0.0,0.0,0.0,0.0,0.0,0.0,2.0,0.0,0.0,0.0,0.0,-100.0,0.0,-140.0,0.0,0.0,0.0,0.0,0.0,0.0,/H7,
Jordan Lyles,24.0,COL,NL,-0.3,10.0,19.0,19.0,0.0,0.0,0.0,0.0,0.0,0.0,0.0,0.0,0.0,11.0,0.0,0.0,0.0,0.0,-100.0,0.0,-157.0,0.0,0.0,0.0,0.0,0.0,0.0,1/H,
Jordan Pacheco,29.0,ARI,NL,-0.3,29.0,78.0,66.0,8.0,16.0,0.0,0.0,2.0,8.0,1.0,0.0,9.0,14.0,0.242,0.333,0.333,0.667,80.0,0.306,77.0,22.0,6.0,1.0,0.0,2.0,0.0,2H/35,
Jordan Schafer*,28.0,MIN,AL,-0.5,27.0,74.0,69.0,9.0,15.0,3.0,0.0,0.0,5.0,0.0,3.0,3.0,23.0,0.217,0.25,0.261,0.511,42.0,0.231,44.0,18.0,0.0,0.0,2.0,0.0,0.0,8/H7,
Jordan Walden,27.0,STL,NL,0.0,12.0,0.0,0.0,0.0,0.0,0.0,0.0,0.0,0.0,0.0,0.0,0.0,0.0,,,,,,,,0.0,0.0,0.0,0.0,0.0,0.0,1,
Jordan Zimmermann,29.0,WSN,NL,-0.1,31.0,69.0,63.0,4.0,10.0,1.0,0.0,0.0,3.0,0.0,0.0,0.0,18.0,0.159,0.159,0.175,0.333,-9.0,0.146,-49.0,11.0,0.0,0.0,6.0,0.0,0.0,1,
Jordany Valdespin*,27.0,MIA,NL,-0.1,2.0,4.0,4.0,0.0,0.0,0.0,0.0,0.0,0.0,0.0,0.0,0.0,1.0,0.0,0.0,0.0,0.0,-100.0,0.0,-140.0,0.0,0.0,0.0,0.0,0.0,0.0,/9H,
Jordy Mercer,28.0,PIT,NL,0.7,116.0,430.0,394.0,34.0,96.0,21.0,0.0,3.0,34.0,3.0,2.0,27.0,73.0,0.244,0.293,0.32,0.613,69.0,0.277,63.0,126.0,7.0,2.0,4.0,3.0,7.0,*6/H,
Jorge De La Rosa*,34.0,COL,NL,-0.4,25.0,50.0,48.0,0.0,3.0,0.0,0.0,0.0,3.0,0.0,0.0,0.0,18.0,0.063,0.063,0.063,0.125,-68.0,0.094,-95.0,3.0,1.0,0.0,2.0,0.0,0.0,1,
Jorge López,22.0,MIL,NL,0.0,2.0,3.0,2.0,0.0,0.0,0.0,0.0,0.0,0.0,0.0,0.0,0.0,2.0,0.0,0.0,0.0,0.0,-100.0,0.0,-259.0,0.0,0.0,0.0,1.0,0.0,0.0,/1,
Jorge Polanco#,21.0,MIN,AL,-0.1,4.0,12.0,10.0,1.0,3.0,0.0,0.0,0.0,1.0,1.0,0.0,2.0,1.0,0.3,0.417,0.3,0.717,103.0,0.359,111.0,3.0,0.0,0.0,0.0,0.0,0.0,/6H,
Jorge Rondon,27.0,COL,NL,0.0,2.0,0.0,0.0,0.0,0.0,0.0,0.0,0.0,0.0,0.0,0.0,0.0,0.0,,,,,,,,0.0,0.0,0.0,0.0,0.0,0.0,/1,
Jorge Soler,23.0,CHC,NL,0.1,101.0,404.0,366.0,39.0,96.0,18.0,1.0,10.0,47.0,3.0,1.0,32.0,121.0,0.262,0.324,0.399,0.723,99.0,0.326,100.0,146.0,9.0,3.0,0.0,3.0,5.0,9/HD,
Jose Altuve,25.0,HOU,AL,4.0,154.0,689.0,638.0,86.0,200.0,40.0,4.0,15.0,66.0,38.0,13.0,33.0,67.0,0.313,0.353,0.459,0.812,125.0,0.359,126.0,293.0,17.0,9.0,3.0,6.0,8.0,*4/D,"AS,MVP-10,GG,SS"
Jose Iglesias,25.0,DET,AL,1.4,120.0,454.0,416.0,44.0,125.0,17.0,3.0,2.0,23.0,11.0,8.0,25.0,44.0,0.3,0.347,0.37,0.717,99.0,0.317,98.0,154.0,10.0,6.0,4.0,3.0,2.0,*6/H,AS
Jose Lobaton#,30.0,WSN,NL,-0.6,44.0,155.0,136.0,11.0,27.0,4.0,0.0,3.0,20.0,0.0,0.0,15.0,40.0,0.199,0.279,0.294,0.573,57.0,0.277,60.0,40.0,5.0,1.0,1.0,2.0,1.0,2/H,
Jose Quintana,26.0,CHW,AL,-0.1,4.0,9.0,8.0,0.0,0.0,0.0,0.0,0.0,0.0,0.0,0.0,0.0,5.0,0.0,0.0,0.0,0.0,-100.0,0.0,-164.0,0.0,0.0,0.0,1.0,0.0,0.0,1,
Josh A. Smith,27.0,CIN,NL,0.1,10.0,10.0,9.0,1.0,2.0,0.0,1.0,0.0,0.0,0.0,0.0,0.0,4.0,0.222,0.222,0.444,0.667,77.0,0.278,59.0,4.0,0.0,0.0,1.0,0.0,0.0,/1H,
Josh Collmenter,29.0,ARI,NL,0.1,41.0,32.0,27.0,2.0,5.0,0.0,0.0,0.0,1.0,0.0,0.0,3.0,9.0,0.185,0.267,0.185,0.452,25.0,0.216,7.0,5.0,1.0,0.0,2.0,0.0,0.0,1,
Josh Donaldson,29.0,TOR,AL,7.4,158.0,711.0,620.0,122.0,184.0,41.0,2.0,41.0,123.0,6.0,0.0,73.0,133.0,0.297,0.371,0.568,0.939,151.0,0.403,154.0,352.0,16.0,6.0,2.0,10.0,0.0,*5/DH,"AS,MVP-1,SS"
Josh Fields,29.0,HOU,AL,0.0,4.0,0.0,0.0,0.0,0.0,0.0,0.0,0.0,0.0,0.0,0.0,0.0,0.0,,,,,,,,0.0,0.0,0.0,0.0,0.0,0.0,1,
Josh Hamilton*,34.0,TEX,AL,0.4,50.0,182.0,170.0,22.0,43.0,8.0,0.0,8.0,25.0,0.0,0.0,10.0,52.0,0.253,0.291,0.441,0.732,94.0,0.324,95.0,75.0,1.0,0.0,0.0,2.0,0.0,79/HD,
Josh Harrison,27.0,PIT,NL,1.6,114.0,449.0,418.0,57.0,120.0,29.0,1.0,4.0,28.0,10.0,8.0,19.0,71.0,0.287,0.327,0.39,0.717,97.0,0.321,99.0,163.0,4.0,7.0,3.0,2.0,1.0,549H7,
Josh Osich*,26.0,SFG,NL,0.0,34.0,3.0,1.0,0.0,0.0,0.0,0.0,0.0,0.0,0.0,0.0,0.0,1.0,0.0,0.0,0.0,0.0,-100.0,0.0,-609.0,0.0,0.0,0.0,2.0,0.0,0.0,1,
Josh Phegley,27.0,OAK,AL,1.7,73.0,243.0,225.0,27.0,56.0,16.0,1.0,9.0,34.0,0.0,0.0,14.0,51.0,0.249,0.3,0.449,0.749,106.0,0.333,110.0,101.0,5.0,3.0,0.0,1.0,0.0,2/H,
Josh Ravin,27.0,LAD,NL,0.0,8.0,0.0,0.0,0.0,0.0,0.0,0.0,0.0,0.0,0.0,0.0,0.0,0.0,,,,,,,,0.0,0.0,0.0,0.0,0.0,0.0,/1,
Josh Reddick*,28.0,OAK,AL,3.6,149.0,582.0,526.0,67.0,143.0,25.0,4.0,20.0,77.0,10.0,2.0,49.0,65.0,0.272,0.333,0.449,0.781,116.0,0.35,120.0,236.0,7.0,0.0,1.0,2.0,1.0,*9H/D8,
Josh Rutledge,26.0,BOS,AL,-0.2,39.0,85.0,74.0,11.0,21.0,1.0,0.0,1.0,10.0,0.0,0.0,5.0,26.0,0.284,0.333,0.338,0.671,81.0,0.289,67.0,25.0,0.0,2.0,1.0,3.0,1.0,4/H5D,
Josh Thole*,28.0,TOR,AL,-0.5,18.0,52.0,49.0,5.0,10.0,2.0,0.0,0.0,2.0,0.0,0.0,3.0,9.0,0.204,0.25,0.245,0.495,36.0,0.226,24.0,12.0,2.0,0.0,0.0,0.0,0.0,2,
Josh Wilson,34.0,DET,AL,0.3,21.0,41.0,38.0,4.0,12.0,3.0,0.0,0.0,5.0,0.0,0.0,0.0,15.0,0.316,0.35,0.395,0.745,106.0,0.326,102.0,15.0,1.0,2.0,1.0,0.0,0.0,45/6H1D,
José Abreu,28.0,CHW,AL,3.4,154.0,668.0,613.0,88.0,178.0,34.0,3.0,30.0,101.0,0.0,0.0,39.0,140.0,0.29,0.347,0.502,0.85,135.0,0.366,135.0,308.0,16.0,15.0,0.0,1.0,11.0,*3D,MVP-21
José Bautista,34.0,TOR,AL,4.8,153.0,666.0,543.0,108.0,136.0,29.0,3.0,40.0,114.0,8.0,2.0,110.0,106.0,0.25,0.377,0.536,0.913,145.0,0.391,146.0,291.0,19.0,5.0,0.0,8.0,2.0,*9D/H,"AS,MVP-8"
José Domínguez,24.0,TBR,AL,0.0,1.0,0.0,0.0,0.0,0.0,0.0,0.0,0.0,0.0,0.0,0.0,0.0,0.0,,,,,,,,0.0,0.0,0.0,0.0,0.0,0.0,/1,
José Fernández,22.0,MIA,NL,0.3,10.0,22.0,18.0,2.0,3.0,1.0,0.0,1.0,2.0,0.0,0.0,0.0,4.0,0.167,0.167,0.389,0.556,49.0,0.286,67.0,7.0,0.0,0.0,4.0,0.0,0.0,1,
José Peraza,21.0,LAD,NL,0.0,7.0,25.0,22.0,3.0,4.0,1.0,1.0,0.0,1.0,3.0,0.0,2.0,2.0,0.182,0.25,0.318,0.568,58.0,0.266,30.0,7.0,0.0,0.0,1.0,0.0,1.0,/48H,
José Pirela,25.0,NYY,AL,-0.6,37.0,78.0,74.0,7.0,17.0,3.0,0.0,1.0,5.0,1.0,0.0,2.0,16.0,0.23,0.247,0.311,0.558,52.0,0.253,43.0,23.0,4.0,0.0,1.0,1.0,0.0,4H/D79,
José Ramírez,25.0,NYY,AL,0.0,2.0,0.0,0.0,0.0,0.0,0.0,0.0,0.0,0.0,0.0,0.0,0.0,0.0,,,,,,,,0.0,0.0,0.0,0.0,0.0,0.0,/1,
José Ramírez#,22.0,CLE,AL,1.2,97.0,355.0,315.0,50.0,69.0,14.0,3.0,6.0,27.0,10.0,4.0,32.0,39.0,0.219,0.291,0.34,0.631,69.0,0.296,71.0,107.0,5.0,1.0,5.0,2.0,0.0,645/H7D,
José Reyes#,32.0,2TM,2LG,0.4,116.0,519.0,481.0,57.0,132.0,25.0,2.0,7.0,53.0,24.0,6.0,26.0,62.0,0.274,0.31,0.378,0.688,82.0,0.311,76.0,182.0,6.0,0.0,9.0,3.0,0.0,*6,
José Reyes#,32.0,TOR,AL,0.6,69.0,311.0,288.0,36.0,82.0,17.0,0.0,4.0,34.0,16.0,2.0,17.0,38.0,0.285,0.322,0.385,0.708,92.0,0.323,89.0,111.0,3.0,0.0,4.0,2.0,0.0,6,
José Reyes#,32.0,COL,NL,-0.2,47.0,208.0,193.0,21.0,50.0,8.0,2.0,3.0,19.0,8.0,4.0,9.0,24.0,0.259,0.291,0.368,0.659,67.0,0.291,57.0,71.0,3.0,0.0,5.0,1.0,0.0,6,
José Tábata,26.0,PIT,NL,-0.3,27.0,41.0,38.0,2.0,11.0,0.0,0.0,0.0,4.0,0.0,1.0,2.0,7.0,0.289,0.341,0.289,0.631,77.0,0.294,85.0,11.0,3.0,1.0,0.0,0.0,0.0,H/97D,
José Ureña,23.0,MIA,NL,-0.1,18.0,13.0,13.0,0.0,1.0,0.0,0.0,0.0,0.0,0.0,0.0,0.0,9.0,0.077,0.077,0.077,0.154,-57.0,0.062,-91.0,1.0,0.0,0.0,0.0,0.0,0.0,1,
José Álvarez*,26.0,LAA,AL,0.0,3.0,0.0,0.0,0.0,0.0,0.0,0.0,0.0,0.0,0.0,0.0,0.0,0.0,,,,,,,,0.0,0.0,0.0,0.0,0.0,0.0,1,
Juan Centeno*,25.0,MIL,NL,-0.5,10.0,23.0,21.0,0.0,1.0,1.0,0.0,0.0,0.0,0.0,0.0,2.0,7.0,0.048,0.13,0.095,0.226,-37.0,0.115,-57.0,2.0,0.0,0.0,0.0,0.0,0.0,/2H,
Juan Jaime,27.0,ATL,NL,0.0,2.0,0.0,0.0,0.0,0.0,0.0,0.0,0.0,0.0,0.0,0.0,0.0,0.0,,,,,,,,0.0,0.0,0.0,0.0,0.0,0.0,/1,
Juan Lagares,26.0,NYM,NL,0.4,143.0,465.0,441.0,47.0,114.0,16.0,5.0,6.0,41.0,7.0,3.0,16.0,87.0,0.259,0.289,0.358,0.647,79.0,0.289,74.0,158.0,6.0,4.0,1.0,3.0,2.0,*8H/9,
Juan Nicasio,28.0,LAD,NL,0.1,52.0,1.0,1.0,0.0,0.0,0.0,0.0,0.0,0.0,0.0,0.0,0.0,0.0,0.0,0.0,0.0,0.0,-100.0,0.906,527.0,0.0,0.0,0.0,0.0,0.0,0.0,1/H,
Juan Pérez,28.0,SFG,NL,0.2,22.0,40.0,39.0,5.0,11.0,3.0,0.0,0.0,2.0,1.0,0.0,1.0,6.0,0.282,0.3,0.359,0.659,81.0,0.312,84.0,14.0,1.0,0.0,0.0,0.0,0.0,H/784,
Juan Uribe,36.0,3TM,NL,1.0,119.0,397.0,360.0,40.0,91.0,17.0,0.0,14.0,43.0,2.0,0.0,34.0,80.0,0.253,0.32,0.417,0.737,103.0,0.326,101.0,150.0,12.0,2.0,0.0,1.0,3.0,5H/4D,
Juan Uribe,36.0,LAD,NL,-0.3,29.0,87.0,81.0,6.0,20.0,2.0,0.0,1.0,6.0,1.0,0.0,5.0,9.0,0.247,0.287,0.309,0.596,68.0,0.271,61.0,25.0,5.0,0.0,0.0,1.0,0.0,5/H,
Juan Uribe,36.0,ATL,NL,0.8,46.0,167.0,151.0,17.0,43.0,6.0,0.0,7.0,17.0,1.0,0.0,15.0,37.0,0.285,0.353,0.464,0.817,125.0,0.361,127.0,70.0,5.0,1.0,0.0,0.0,2.0,5/H4,
Juan Uribe,36.0,NYM,NL,0.5,44.0,143.0,128.0,17.0,28.0,9.0,0.0,6.0,20.0,0.0,0.0,14.0,34.0,0.219,0.301,0.43,0.73,100.0,0.318,96.0,55.0,2.0,1.0,0.0,0.0,1.0,5H/4D,
Julio Teheran,24.0,ATL,NL,-0.1,30.0,68.0,52.0,0.0,5.0,0.0,0.0,0.0,2.0,0.0,0.0,2.0,9.0,0.096,0.13,0.096,0.226,-36.0,0.141,-70.0,5.0,0.0,0.0,14.0,0.0,0.0,1,
Jumbo Díaz,31.0,CIN,NL,0.0,58.0,0.0,0.0,0.0,0.0,0.0,0.0,0.0,0.0,0.0,0.0,0.0,0.0,,,,,,,,0.0,0.0,0.0,0.0,0.0,0.0,1,
Jung Ho Kang,28.0,PIT,NL,4.1,126.0,467.0,421.0,60.0,121.0,24.0,2.0,15.0,58.0,5.0,4.0,28.0,99.0,0.287,0.355,0.461,0.816,123.0,0.364,129.0,194.0,10.0,17.0,0.0,1.0,0.0,56H,ROY-3
Junichi Tazawa,29.0,BOS,AL,0.0,4.0,0.0,0.0,0.0,0.0,0.0,0.0,0.0,0.0,0.0,0.0,0.0,0.0,,,,,,,,0.0,0.0,0.0,0.0,0.0,0.0,1,
Junior Guerra,30.0,CHW,AL,0.0,1.0,0.0,0.0,0.0,0.0,0.0,0.0,0.0,0.0,0.0,0.0,0.0,0.0,,,,,,,,0.0,0.0,0.0,0.0,0.0,0.0,/1,
Junior Lake,25.0,2TM,2LG,-0.6,29.0,84.0,80.0,4.0,16.0,7.0,0.0,1.0,5.0,4.0,0.0,4.0,29.0,0.2,0.238,0.325,0.563,54.0,0.267,48.0,26.0,1.0,0.0,0.0,0.0,0.0,79H/8D,
Junior Lake,25.0,CHC,NL,-0.2,21.0,62.0,58.0,2.0,13.0,4.0,0.0,1.0,5.0,4.0,0.0,4.0,20.0,0.224,0.274,0.345,0.619,70.0,0.288,60.0,20.0,1.0,0.0,0.0,0.0,0.0,9/H78,
Junior Lake,25.0,BAL,AL,-0.4,8.0,22.0,22.0,2.0,3.0,3.0,0.0,0.0,0.0,0.0,0.0,0.0,9.0,0.136,0.136,0.273,0.409,8.0,0.211,14.0,6.0,0.0,0.0,0.0,0.0,0.0,/78DH,
Justin Bour*,27.0,MIA,NL,0.3,129.0,446.0,409.0,42.0,107.0,20.0,0.0,23.0,73.0,0.0,0.0,34.0,101.0,0.262,0.321,0.479,0.8,120.0,0.348,119.0,196.0,19.0,2.0,0.0,1.0,3.0,*3H/D,ROY-5
Justin De Fratus#,27.0,PHI,NL,0.0,57.0,3.0,3.0,0.0,1.0,0.0,0.0,0.0,0.0,0.0,0.0,0.0,1.0,0.333,0.333,0.333,0.667,86.0,0.301,85.0,1.0,0.0,0.0,0.0,0.0,0.0,1,
Justin Grimm,26.0,CHC,NL,0.0,57.0,1.0,1.0,0.0,0.0,0.0,0.0,0.0,0.0,0.0,0.0,0.0,1.0,0.0,0.0,0.0,0.0,-100.0,0.0,-136.0,0.0,0.0,0.0,0.0,0.0,0.0,1,
Justin Masterson,30.0,BOS,AL,0.1,1.0,3.0,3.0,0.0,2.0,0.0,0.0,0.0,1.0,0.0,0.0,0.0,1.0,0.667,0.667,0.667,1.333,260.0,0.564,273.0,2.0,0.0,0.0,0.0,0.0,0.0,1,
Justin Maxwell,31.0,SFG,NL,0.0,100.0,274.0,249.0,26.0,52.0,8.0,2.0,7.0,26.0,2.0,1.0,20.0,76.0,0.209,0.275,0.341,0.616,69.0,0.288,71.0,85.0,4.0,3.0,1.0,1.0,1.0,9H7/8,
Justin Miller,28.0,COL,NL,-0.1,31.0,3.0,2.0,0.0,0.0,0.0,0.0,0.0,0.0,0.0,0.0,0.0,2.0,0.0,0.0,0.0,0.0,-100.0,0.0,-282.0,0.0,0.0,0.0,1.0,0.0,0.0,1,
Justin Morneau*,34.0,COL,NL,0.5,49.0,182.0,168.0,19.0,52.0,10.0,3.0,3.0,15.0,0.0,0.0,13.0,25.0,0.31,0.363,0.458,0.821,109.0,0.367,113.0,77.0,2.0,1.0,0.0,0.0,2.0,3/HD,
Justin Nicolino*,23.0,MIA,NL,-0.3,13.0,27.0,25.0,0.0,1.0,0.0,0.0,0.0,0.0,0.0,0.0,0.0,8.0,0.04,0.04,0.04,0.08,-78.0,0.036,-128.0,1.0,0.0,0.0,2.0,0.0,0.0,1/H,
Justin Ruggiano,33.0,2TM,2LG,0.1,57.0,141.0,125.0,20.0,31.0,8.0,1.0,6.0,15.0,5.0,2.0,14.0,41.0,0.248,0.333,0.472,0.805,123.0,0.357,126.0,59.0,1.0,2.0,0.0,0.0,0.0,H789/D,
Justin Ruggiano,33.0,SEA,AL,-0.6,36.0,81.0,70.0,8.0,15.0,4.0,0.0,2.0,3.0,3.0,2.0,11.0,27.0,0.214,0.321,0.357,0.678,91.0,0.298,89.0,25.0,0.0,0.0,0.0,0.0,0.0,8H9/7D,
Justin Ruggiano,33.0,LAD,NL,0.6,21.0,60.0,55.0,12.0,16.0,4.0,1.0,4.0,12.0,2.0,0.0,3.0,14.0,0.291,0.35,0.618,0.968,165.0,0.435,178.0,34.0,1.0,2.0,0.0,0.0,0.0,7/H9,
Justin Smoak#,28.0,TOR,AL,0.9,132.0,328.0,296.0,44.0,67.0,16.0,1.0,18.0,59.0,0.0,0.0,29.0,86.0,0.226,0.299,0.47,0.768,105.0,0.338,107.0,139.0,10.0,2.0,0.0,1.0,0.0,*3H/D,
Justin Turner,30.0,LAD,NL,3.6,126.0,439.0,385.0,55.0,113.0,26.0,1.0,16.0,60.0,5.0,2.0,36.0,71.0,0.294,0.37,0.491,0.861,139.0,0.379,143.0,189.0,10.0,13.0,1.0,4.0,1.0,5H3/46,
Justin Upton,27.0,SDP,NL,4.1,150.0,620.0,542.0,85.0,136.0,26.0,3.0,26.0,81.0,19.0,5.0,68.0,159.0,0.251,0.336,0.454,0.79,119.0,0.358,125.0,246.0,10.0,4.0,0.0,5.0,5.0,*7/HD,AS
Justin Wilson*,27.0,NYY,AL,0.0,6.0,0.0,0.0,0.0,0.0,0.0,0.0,0.0,0.0,0.0,0.0,0.0,0.0,,,,,,,,0.0,0.0,0.0,0.0,0.0,0.0,1,
Kaleb Cowart#,23.0,LAA,AL,0.0,34.0,52.0,46.0,8.0,8.0,2.0,0.0,1.0,4.0,1.0,1.0,5.0,19.0,0.174,0.255,0.283,0.538,52.0,0.239,46.0,13.0,1.0,0.0,1.0,0.0,0.0,5/H,
Keith Hessler*,26.0,ARI,NL,0.1,18.0,1.0,1.0,0.0,1.0,0.0,0.0,0.0,0.0,0.0,0.0,0.0,0.0,1.0,1.0,1.0,2.0,442.0,0.903,509.0,1.0,0.0,0.0,0.0,0.0,0.0,1,
Kelby Tomlinson,25.0,SFG,NL,0.8,54.0,193.0,178.0,23.0,54.0,6.0,3.0,2.0,20.0,5.0,4.0,14.0,40.0,0.303,0.358,0.404,0.762,110.0,0.343,115.0,72.0,3.0,1.0,0.0,0.0,0.0,4/H6,
Kelly Johnson*,33.0,2TM,NL,0.2,111.0,335.0,310.0,38.0,82.0,11.0,0.0,14.0,47.0,2.0,1.0,23.0,81.0,0.265,0.314,0.435,0.75,106.0,0.336,109.0,135.0,8.0,0.0,0.0,1.0,2.0,74H35/96D,
Kelly Johnson*,33.0,ATL,NL,-0.2,62.0,197.0,182.0,20.0,50.0,5.0,0.0,9.0,34.0,1.0,1.0,13.0,43.0,0.275,0.321,0.451,0.772,112.0,0.343,116.0,82.0,4.0,0.0,0.0,1.0,1.0,735H/94D,
Kelly Johnson*,33.0,NYM,NL,0.3,49.0,138.0,128.0,18.0,32.0,6.0,0.0,5.0,13.0,1.0,0.0,10.0,38.0,0.25,0.304,0.414,0.718,97.0,0.326,101.0,53.0,4.0,0.0,0.0,0.0,1.0,4H/39756,
Kelvin Herrera,25.0,KCR,AL,0.0,8.0,0.0,0.0,0.0,0.0,0.0,0.0,0.0,0.0,0.0,0.0,0.0,0.0,,,,,,,,0.0,0.0,0.0,0.0,0.0,0.0,1,AS
Ken Giles,24.0,PHI,NL,0.0,65.0,0.0,0.0,0.0,0.0,0.0,0.0,0.0,0.0,0.0,0.0,0.0,0.0,,,,,,,,0.0,0.0,0.0,0.0,0.0,0.0,1,
Kendall Graveman,24.0,OAK,AL,0.0,1.0,0.0,0.0,0.0,0.0,0.0,0.0,0.0,0.0,0.0,0.0,0.0,0.0,,,,,,,,0.0,0.0,0.0,0.0,0.0,0.0,1,
Kendry Flores,23.0,MIA,NL,0.0,6.0,1.0,1.0,0.0,0.0,0.0,0.0,0.0,0.0,0.0,0.0,0.0,1.0,0.0,0.0,0.0,0.0,-100.0,0.0,-136.0,0.0,0.0,0.0,0.0,0.0,0.0,/1,
Kendrys Morales#,32.0,KCR,AL,2.6,158.0,639.0,569.0,81.0,165.0,41.0,2.0,22.0,106.0,0.0,0.0,58.0,103.0,0.29,0.362,0.485,0.847,127.0,0.37,130.0,276.0,24.0,8.0,0.0,4.0,4.0,*D/3H,"MVP-18,SS"
Kenley Jansen#,27.0,LAD,NL,0.0,51.0,0.0,0.0,0.0,0.0,0.0,0.0,0.0,0.0,0.0,0.0,0.0,0.0,,,,,,,,0.0,0.0,0.0,0.0,0.0,0.0,1,
Kenny Roberts*,27.0,2TM,NL,0.0,14.0,0.0,0.0,0.0,0.0,0.0,0.0,0.0,0.0,0.0,0.0,0.0,0.0,,,,,,,,0.0,0.0,0.0,0.0,0.0,0.0,1,
Kenny Roberts*,27.0,COL,NL,0.0,8.0,0.0,0.0,0.0,0.0,0.0,0.0,0.0,0.0,0.0,0.0,0.0,0.0,,,,,,,,0.0,0.0,0.0,0.0,0.0,0.0,/1,
Kenny Roberts*,27.0,PHI,NL,0.0,6.0,0.0,0.0,0.0,0.0,0.0,0.0,0.0,0.0,0.0,0.0,0.0,0.0,,,,,,,,0.0,0.0,0.0,0.0,0.0,0.0,/1,
Kennys Vargas#,24.0,MIN,AL,-0.7,58.0,184.0,175.0,18.0,42.0,4.0,0.0,5.0,17.0,0.0,0.0,9.0,54.0,0.24,0.277,0.349,0.626,71.0,0.281,68.0,61.0,7.0,0.0,0.0,0.0,0.0,D3H,
Keon Broxton,25.0,PIT,NL,-0.1,7.0,2.0,2.0,3.0,0.0,0.0,0.0,0.0,0.0,1.0,1.0,0.0,1.0,0.0,0.0,0.0,0.0,-100.0,-0.119,-136.0,0.0,0.0,0.0,0.0,0.0,0.0,/H789,
Keone Kela,22.0,TEX,AL,0.0,6.0,0.0,0.0,0.0,0.0,0.0,0.0,0.0,0.0,0.0,0.0,0.0,0.0,,,,,,,,0.0,0.0,0.0,0.0,0.0,0.0,1,
Ketel Marte#,21.0,SEA,AL,2.2,57.0,247.0,219.0,25.0,62.0,14.0,3.0,2.0,17.0,8.0,4.0,24.0,43.0,0.283,0.351,0.402,0.753,112.0,0.347,122.0,88.0,1.0,0.0,2.0,2.0,0.0,6/48H,
Kevin Correia,34.0,PHI,NL,0.0,4.0,7.0,6.0,0.0,1.0,0.0,0.0,0.0,0.0,0.0,0.0,0.0,1.0,0.167,0.167,0.167,0.333,-7.0,0.151,-49.0,1.0,0.0,0.0,1.0,0.0,0.0,/1,
Kevin Frandsen,33.0,SFG,NL,0.0,7.0,13.0,11.0,1.0,2.0,0.0,0.0,0.0,0.0,0.0,0.0,1.0,3.0,0.182,0.25,0.182,0.432,22.0,0.208,5.0,2.0,2.0,0.0,1.0,0.0,0.0,/3H,
Kevin Gausman*,24.0,BAL,AL,0.0,1.0,0.0,0.0,0.0,0.0,0.0,0.0,0.0,0.0,0.0,0.0,0.0,0.0,,,,,,,,0.0,0.0,0.0,0.0,0.0,0.0,1,
Kevin Gregg,37.0,CIN,NL,0.0,11.0,0.0,0.0,0.0,0.0,0.0,0.0,0.0,0.0,0.0,0.0,0.0,0.0,,,,,,,,0.0,0.0,0.0,0.0,0.0,0.0,1,
Kevin Jepsen,30.0,TBR,AL,0.0,6.0,0.0,0.0,0.0,0.0,0.0,0.0,0.0,0.0,0.0,0.0,0.0,0.0,,,,,,,,0.0,0.0,0.0,0.0,0.0,0.0,1,
Kevin Kiermaier*,25.0,TBR,AL,6.9,151.0,535.0,505.0,62.0,133.0,25.0,12.0,10.0,40.0,18.0,5.0,24.0,95.0,0.263,0.298,0.42,0.718,99.0,0.322,100.0,212.0,7.0,2.0,2.0,2.0,0.0,*8H/9,"MVP-17,GG"
Kevin Pillar,26.0,TOR,AL,5.1,159.0,628.0,586.0,76.0,163.0,31.0,2.0,12.0,56.0,25.0,4.0,28.0,85.0,0.278,0.314,0.399,0.713,93.0,0.321,90.0,234.0,9.0,5.0,4.0,5.0,1.0,*87/9H,
Kevin Plawecki,24.0,NYM,NL,0.8,73.0,258.0,233.0,18.0,51.0,9.0,0.0,3.0,21.0,0.0,0.0,17.0,60.0,0.219,0.28,0.296,0.576,61.0,0.278,65.0,69.0,4.0,4.0,1.0,3.0,4.0,2/H,
Kevin Quackenbush,26.0,SDP,NL,0.0,56.0,0.0,0.0,0.0,0.0,0.0,0.0,0.0,0.0,0.0,0.0,0.0,0.0,,,,,,,,0.0,0.0,0.0,0.0,0.0,0.0,1,
Kevin Siegrist*,25.0,STL,NL,0.0,75.0,0.0,0.0,0.0,0.0,0.0,0.0,0.0,0.0,0.0,0.0,0.0,0.0,,,,,,,,0.0,0.0,0.0,0.0,0.0,0.0,1,
Keyvius Sampson,24.0,CIN,NL,-0.2,13.0,17.0,16.0,1.0,0.0,0.0,0.0,0.0,0.0,0.0,0.0,0.0,11.0,0.0,0.0,0.0,0.0,-100.0,0.057,-113.0,0.0,1.0,0.0,1.0,0.0,0.0,1,
Khris Davis,27.0,MIL,NL,0.7,121.0,440.0,392.0,54.0,97.0,16.0,2.0,27.0,66.0,6.0,2.0,44.0,122.0,0.247,0.323,0.505,0.828,123.0,0.359,122.0,198.0,9.0,1.0,0.0,3.0,1.0,7H,
Kiké Hernández,23.0,LAD,NL,1.7,76.0,218.0,202.0,24.0,62.0,12.0,2.0,7.0,22.0,0.0,2.0,11.0,46.0,0.307,0.346,0.49,0.836,131.0,0.373,142.0,99.0,3.0,2.0,1.0,2.0,0.0,4876H/95,
Kirby Yates*,28.0,TBR,AL,0.0,2.0,0.0,0.0,0.0,0.0,0.0,0.0,0.0,0.0,0.0,0.0,0.0,0.0,,,,,,,,0.0,0.0,0.0,0.0,0.0,0.0,1,
Kirk Nieuwenhuis*,27.0,2TM,2LG,0.7,74.0,141.0,128.0,21.0,25.0,11.0,0.0,4.0,14.0,2.0,2.0,10.0,49.0,0.195,0.27,0.375,0.645,77.0,0.301,86.0,48.0,2.0,3.0,0.0,0.0,0.0,7H8/9,
Kirk Nieuwenhuis*,27.0,NYM,NL,0.7,64.0,117.0,106.0,17.0,22.0,9.0,0.0,4.0,13.0,2.0,1.0,8.0,40.0,0.208,0.282,0.406,0.688,88.0,0.318,96.0,43.0,2.0,3.0,0.0,0.0,0.0,H78/9,
Kirk Nieuwenhuis*,27.0,LAA,AL,0.0,10.0,24.0,22.0,4.0,3.0,2.0,0.0,0.0,1.0,0.0,1.0,2.0,9.0,0.136,0.208,0.227,0.436,24.0,0.216,41.0,5.0,0.0,0.0,0.0,0.0,0.0,/78H,
Koji Uehara,40.0,BOS,AL,0.0,1.0,0.0,0.0,0.0,0.0,0.0,0.0,0.0,0.0,0.0,0.0,0.0,0.0,,,,,,,,0.0,0.0,0.0,0.0,0.0,0.0,1,
Kole Calhoun*,27.0,LAA,AL,3.2,159.0,686.0,630.0,78.0,161.0,23.0,2.0,26.0,83.0,4.0,1.0,45.0,164.0,0.256,0.308,0.422,0.731,104.0,0.32,103.0,266.0,6.0,5.0,2.0,4.0,1.0,*9/H3D,GG
Kolten Wong*,24.0,STL,NL,2.7,150.0,613.0,557.0,71.0,146.0,28.0,4.0,11.0,61.0,15.0,8.0,36.0,95.0,0.262,0.321,0.386,0.707,93.0,0.316,91.0,215.0,10.0,15.0,0.0,5.0,2.0,*4/H,
Kris Bryant,23.0,CHC,NL,5.4,151.0,650.0,559.0,87.0,154.0,31.0,5.0,26.0,99.0,13.0,4.0,77.0,199.0,0.275,0.369,0.488,0.858,135.0,0.383,141.0,273.0,7.0,9.0,0.0,5.0,0.0,*5/789H3D,"AS,MVP-11,ROY-1"
Kris Medlen#,29.0,KCR,AL,0.0,2.0,1.0,0.0,1.0,0.0,0.0,0.0,0.0,0.0,0.0,0.0,0.0,0.0,,,,,,,,0.0,0.0,0.0,1.0,0.0,0.0,1,
Kristopher Negrón,29.0,CIN,NL,-0.4,43.0,107.0,93.0,5.0,13.0,2.0,0.0,0.0,2.0,2.0,0.0,9.0,23.0,0.14,0.238,0.161,0.399,13.0,0.203,2.0,15.0,2.0,3.0,2.0,0.0,0.0,H67/48359,
Kurt Suzuki,31.0,MIN,AL,0.4,131.0,479.0,433.0,36.0,104.0,17.0,0.0,5.0,50.0,0.0,0.0,29.0,59.0,0.24,0.296,0.314,0.61,69.0,0.276,64.0,136.0,14.0,7.0,6.0,4.0,4.0,*2/H,
Kyle Barraclough,25.0,MIA,NL,0.0,24.0,0.0,0.0,0.0,0.0,0.0,0.0,0.0,0.0,0.0,0.0,0.0,0.0,,,,,,,,0.0,0.0,0.0,0.0,0.0,0.0,1,
Kyle Blanks,28.0,TEX,AL,0.5,18.0,71.0,67.0,10.0,21.0,5.0,0.0,3.0,6.0,1.0,0.0,4.0,20.0,0.313,0.352,0.522,0.875,132.0,0.391,142.0,35.0,1.0,0.0,0.0,0.0,0.0,3/7DH,
Kyle Crockett*,23.0,CLE,AL,0.0,3.0,0.0,0.0,0.0,0.0,0.0,0.0,0.0,0.0,0.0,0.0,0.0,0.0,,,,,,,,0.0,0.0,0.0,0.0,0.0,0.0,1,
Kyle Davies,31.0,NYY,AL,0.0,1.0,0.0,0.0,0.0,0.0,0.0,0.0,0.0,0.0,0.0,0.0,0.0,0.0,,,,,,,,0.0,0.0,0.0,0.0,0.0,0.0,/1,
Kyle Gibson,27.0,MIN,AL,0.0,2.0,5.0,5.0,0.0,1.0,0.0,0.0,0.0,0.0,0.0,0.0,0.0,2.0,0.2,0.2,0.2,0.4,11.0,0.179,-7.0,1.0,0.0,0.0,0.0,0.0,0.0,1,
Kyle Hendricks,25.0,CHC,NL,-0.4,30.0,64.0,60.0,2.0,3.0,1.0,0.0,0.0,1.0,0.0,0.0,1.0,24.0,0.05,0.066,0.067,0.132,-63.0,0.077,-92.0,4.0,2.0,0.0,3.0,0.0,0.0,1,
Kyle Kendrick,30.0,COL,NL,0.3,25.0,49.0,43.0,6.0,8.0,2.0,0.0,1.0,2.0,0.0,0.0,3.0,16.0,0.186,0.239,0.302,0.541,38.0,0.241,15.0,13.0,1.0,0.0,3.0,0.0,0.0,1,
Kyle Kubitza*,24.0,LAA,AL,-0.3,19.0,39.0,36.0,6.0,7.0,0.0,0.0,0.0,1.0,0.0,0.0,3.0,15.0,0.194,0.256,0.194,0.451,31.0,0.211,23.0,7.0,2.0,0.0,0.0,0.0,0.0,5/H47D,
Kyle Lohse,36.0,MIL,NL,0.2,38.0,42.0,39.0,3.0,9.0,1.0,0.0,0.0,1.0,0.0,0.0,0.0,10.0,0.231,0.231,0.256,0.487,34.0,0.215,10.0,10.0,1.0,0.0,3.0,0.0,0.0,1/H,
Kyle Parker,25.0,COL,NL,-1.2,46.0,112.0,106.0,10.0,19.0,3.0,1.0,3.0,11.0,1.0,0.0,6.0,37.0,0.179,0.223,0.311,0.535,35.0,0.238,17.0,33.0,2.0,0.0,0.0,0.0,0.0,7H/93,
Kyle Schwarber*,22.0,CHC,NL,1.2,69.0,273.0,232.0,52.0,57.0,6.0,1.0,16.0,43.0,3.0,3.0,36.0,77.0,0.246,0.355,0.487,0.842,130.0,0.366,132.0,113.0,4.0,4.0,0.0,1.0,1.0,72/HD9,
Kyle Seager*,27.0,SEA,AL,5.4,161.0,686.0,623.0,85.0,166.0,37.0,0.0,26.0,74.0,6.0,6.0,54.0,98.0,0.266,0.328,0.451,0.779,117.0,0.341,120.0,281.0,17.0,5.0,0.0,4.0,6.0,*5/6H,
Kyle Waldrop*,23.0,CIN,NL,0.0,1.0,1.0,1.0,0.0,0.0,0.0,0.0,0.0,0.0,0.0,0.0,0.0,1.0,0.0,0.0,0.0,0.0,-100.0,0.0,-136.0,0.0,0.0,0.0,0.0,0.0,0.0,/H,
L.J. Hoes,25.0,HOU,AL,0.2,8.0,16.0,15.0,1.0,4.0,0.0,0.0,0.0,1.0,0.0,0.0,1.0,3.0,0.267,0.313,0.267,0.579,65.0,0.261,56.0,4.0,0.0,0.0,0.0,0.0,0.0,/97H,
Lance Lynn#,28.0,STL,NL,0.0,28.0,55.0,50.0,3.0,8.0,2.0,0.0,0.0,1.0,0.0,0.0,0.0,26.0,0.16,0.16,0.2,0.36,-2.0,0.159,-38.0,10.0,0.0,0.0,5.0,0.0,0.0,1,
Lance McCullers Jr.*,21.0,HOU,AL,0.0,1.0,2.0,2.0,0.0,0.0,0.0,0.0,0.0,0.0,0.0,0.0,0.0,1.0,0.0,0.0,0.0,0.0,-100.0,0.0,-136.0,0.0,0.0,0.0,0.0,0.0,0.0,1,
LaTroy Hawkins,42.0,2TM,2LG,0.0,23.0,1.0,1.0,0.0,0.0,0.0,0.0,0.0,0.0,0.0,0.0,0.0,1.0,0.0,0.0,0.0,0.0,-100.0,0.0,-155.0,0.0,0.0,0.0,0.0,0.0,0.0,1,
LaTroy Hawkins,42.0,COL,NL,0.0,22.0,1.0,1.0,0.0,0.0,0.0,0.0,0.0,0.0,0.0,0.0,0.0,1.0,0.0,0.0,0.0,0.0,-100.0,0.0,-155.0,0.0,0.0,0.0,0.0,0.0,0.0,1,
LaTroy Hawkins,42.0,TOR,AL,0.0,1.0,0.0,0.0,0.0,0.0,0.0,0.0,0.0,0.0,0.0,0.0,0.0,0.0,,,,,,,,0.0,0.0,0.0,0.0,0.0,0.0,1,
Leonel Campos,27.0,SDP,NL,0.0,1.0,0.0,0.0,0.0,0.0,0.0,0.0,0.0,0.0,0.0,0.0,0.0,0.0,,,,,,,,0.0,0.0,0.0,0.0,0.0,0.0,/1,
Leonys Martín*,27.0,TEX,AL,0.9,95.0,310.0,288.0,26.0,63.0,12.0,0.0,5.0,25.0,14.0,5.0,16.0,69.0,0.219,0.264,0.313,0.576,55.0,0.261,46.0,90.0,5.0,2.0,3.0,1.0,1.0,8/HD,
Leury García#,24.0,CHW,AL,-0.1,17.0,15.0,14.0,0.0,3.0,0.0,0.0,0.0,1.0,1.0,0.0,1.0,7.0,0.214,0.267,0.214,0.481,38.0,0.235,27.0,3.0,0.0,0.0,0.0,0.0,0.0,/H8647D1,
Liam Hendriks,26.0,TOR,AL,0.1,5.0,1.0,0.0,0.0,0.0,0.0,0.0,0.0,0.0,0.0,0.0,1.0,0.0,,1.0,,,,0.69,373.0,0.0,0.0,0.0,0.0,0.0,0.0,1,
Logan Forsythe,28.0,TBR,AL,4.6,153.0,615.0,540.0,69.0,152.0,33.0,2.0,17.0,68.0,9.0,4.0,55.0,111.0,0.281,0.359,0.444,0.804,124.0,0.355,127.0,240.0,12.0,14.0,0.0,6.0,2.0,*43/5DH,
Logan Morrison*,27.0,SEA,AL,0.3,146.0,511.0,457.0,47.0,103.0,15.0,3.0,17.0,54.0,8.0,4.0,47.0,81.0,0.225,0.302,0.383,0.685,92.0,0.303,90.0,175.0,7.0,4.0,1.0,2.0,5.0,*3H/97D,
Logan Schafer*,28.0,MIL,NL,-0.5,69.0,143.0,122.0,17.0,27.0,6.0,1.0,1.0,6.0,1.0,0.0,12.0,29.0,0.221,0.299,0.311,0.611,68.0,0.291,71.0,38.0,3.0,2.0,6.0,1.0,0.0,8H/7,
Logan Verrett,25.0,2TM,2LG,-0.1,13.0,8.0,7.0,0.0,0.0,0.0,0.0,0.0,0.0,0.0,0.0,0.0,2.0,0.0,0.0,0.0,0.0,-100.0,0.0,-172.0,0.0,0.0,0.0,1.0,0.0,0.0,1,
Logan Verrett,25.0,TEX,AL,0.0,1.0,0.0,0.0,0.0,0.0,0.0,0.0,0.0,0.0,0.0,0.0,0.0,0.0,,,,,,,,0.0,0.0,0.0,0.0,0.0,0.0,/1,
Logan Verrett,25.0,NYM,NL,-0.1,12.0,8.0,7.0,0.0,0.0,0.0,0.0,0.0,0.0,0.0,0.0,0.0,2.0,0.0,0.0,0.0,0.0,-100.0,0.0,-172.0,0.0,0.0,0.0,1.0,0.0,0.0,1,
Lonnie Chisenhall*,26.0,CLE,AL,1.9,106.0,362.0,333.0,38.0,82.0,19.0,1.0,7.0,44.0,4.0,1.0,23.0,69.0,0.246,0.294,0.372,0.667,77.0,0.291,68.0,124.0,0.0,1.0,2.0,3.0,3.0,95H/D,
Lorenzo Cain,29.0,KCR,AL,6.9,140.0,604.0,551.0,101.0,169.0,34.0,6.0,16.0,72.0,28.0,6.0,37.0,98.0,0.307,0.361,0.477,0.838,125.0,0.375,129.0,263.0,16.0,12.0,0.0,4.0,4.0,*8/9DH,"AS,MVP-3"
Lucas Duda*,29.0,NYM,NL,2.7,135.0,554.0,471.0,67.0,115.0,33.0,0.0,27.0,73.0,0.0,2.0,66.0,138.0,0.244,0.352,0.486,0.838,130.0,0.363,131.0,229.0,12.0,14.0,0.0,3.0,7.0,*3/H,
Luis Avilán*,25.0,2TM,NL,0.0,66.0,1.0,1.0,0.0,0.0,0.0,0.0,0.0,0.0,0.0,0.0,0.0,0.0,0.0,0.0,0.0,0.0,-100.0,0.0,-136.0,0.0,0.0,0.0,0.0,0.0,0.0,1,
Luis Avilán*,25.0,ATL,NL,0.0,46.0,0.0,0.0,0.0,0.0,0.0,0.0,0.0,0.0,0.0,0.0,0.0,0.0,,,,,,,,0.0,0.0,0.0,0.0,0.0,0.0,1,
Luis Avilán*,25.0,LAD,NL,0.0,20.0,1.0,1.0,0.0,0.0,0.0,0.0,0.0,0.0,0.0,0.0,0.0,0.0,0.0,0.0,0.0,0.0,-100.0,0.0,-136.0,0.0,0.0,0.0,0.0,0.0,0.0,1,
Luis García,28.0,PHI,NL,0.0,69.0,0.0,0.0,0.0,0.0,0.0,0.0,0.0,0.0,0.0,0.0,0.0,0.0,,,,,,,,0.0,0.0,0.0,0.0,0.0,0.0,1,
Luis Jiménez,27.0,2TM,2LG,-0.3,16.0,17.0,16.0,1.0,1.0,0.0,0.0,0.0,0.0,0.0,0.0,1.0,6.0,0.063,0.118,0.063,0.18,-49.0,0.094,-73.0,1.0,0.0,0.0,0.0,0.0,0.0,H/54D,
Luis Jiménez,27.0,MIL,NL,-0.3,15.0,16.0,15.0,1.0,1.0,0.0,0.0,0.0,0.0,0.0,0.0,1.0,6.0,0.067,0.125,0.067,0.192,-45.0,0.1,-69.0,1.0,0.0,0.0,0.0,0.0,0.0,/H54,
Luis Jiménez,27.0,BOS,AL,0.0,1.0,1.0,1.0,0.0,0.0,0.0,0.0,0.0,0.0,0.0,0.0,0.0,0.0,0.0,0.0,0.0,0.0,-100.0,0.0,-145.0,0.0,0.0,0.0,0.0,0.0,0.0,/DH,
Luis Sardiñas#,22.0,MIL,NL,-0.2,36.0,105.0,97.0,8.0,19.0,0.0,1.0,0.0,4.0,0.0,0.0,6.0,25.0,0.196,0.24,0.216,0.457,27.0,0.223,21.0,21.0,3.0,0.0,1.0,1.0,1.0,46/H5,
Luis Severino,21.0,NYY,AL,0.0,1.0,2.0,2.0,0.0,0.0,0.0,0.0,0.0,0.0,0.0,0.0,0.0,0.0,0.0,0.0,0.0,0.0,-100.0,0.0,-141.0,0.0,0.0,0.0,0.0,0.0,0.0,1,
Luis Valbuena*,29.0,HOU,AL,2.5,132.0,493.0,434.0,62.0,97.0,18.0,0.0,25.0,56.0,1.0,0.0,50.0,106.0,0.224,0.31,0.438,0.748,106.0,0.333,109.0,190.0,13.0,6.0,0.0,3.0,1.0,53/HD4,
Luke Gregerson*,31.0,HOU,AL,0.0,3.0,0.0,0.0,0.0,0.0,0.0,0.0,0.0,0.0,0.0,0.0,0.0,0.0,,,,,,,,0.0,0.0,0.0,0.0,0.0,0.0,1,
Luke Hochevar,31.0,KCR,AL,0.0,5.0,0.0,0.0,0.0,0.0,0.0,0.0,0.0,0.0,0.0,0.0,0.0,0.0,,,,,,,,0.0,0.0,0.0,0.0,0.0,0.0,1,
Luke Maile,24.0,TBR,AL,-0.2,15.0,35.0,35.0,2.0,6.0,3.0,0.0,0.0,2.0,0.0,0.0,0.0,8.0,0.171,0.171,0.257,0.429,18.0,0.184,0.0,9.0,3.0,0.0,0.0,0.0,0.0,2/H,
Mac Williamson,24.0,SFG,NL,-0.2,10.0,34.0,32.0,2.0,7.0,0.0,1.0,0.0,1.0,0.0,0.0,0.0,8.0,0.219,0.235,0.281,0.517,42.0,0.225,25.0,9.0,1.0,1.0,0.0,1.0,0.0,/79DH,
Madison Bumgarner,25.0,SFG,NL,0.9,34.0,81.0,77.0,9.0,19.0,2.0,0.0,5.0,9.0,0.0,0.0,3.0,27.0,0.247,0.275,0.468,0.743,100.0,0.319,94.0,36.0,1.0,0.0,1.0,0.0,0.0,1/H,"AS,CYA-6,SS"
Maikel Franco,22.0,PHI,NL,1.6,80.0,335.0,304.0,45.0,85.0,22.0,1.0,14.0,50.0,1.0,0.0,26.0,52.0,0.28,0.343,0.497,0.84,130.0,0.382,143.0,151.0,8.0,4.0,0.0,1.0,2.0,5/3H,
Manny Bañuelos,24.0,ATL,NL,-0.1,7.0,7.0,3.0,0.0,0.0,0.0,0.0,0.0,0.0,0.0,0.0,0.0,1.0,0.0,0.0,0.0,0.0,-100.0,0.0,-448.0,0.0,0.0,0.0,4.0,0.0,0.0,/1,
Manny Machado,22.0,BAL,AL,7.3,162.0,713.0,633.0,102.0,181.0,30.0,1.0,35.0,86.0,20.0,8.0,70.0,111.0,0.286,0.359,0.502,0.861,132.0,0.375,135.0,318.0,17.0,4.0,2.0,4.0,2.0,*5/6,"AS,MVP-4,GG"
Manny Parra*,32.0,CIN,NL,0.0,40.0,0.0,0.0,0.0,0.0,0.0,0.0,0.0,0.0,0.0,0.0,0.0,0.0,,,,,,,,0.0,0.0,0.0,0.0,0.0,0.0,1,
Marc Krauss*,27.0,3TM,AL,-0.8,27.0,81.0,78.0,3.0,11.0,3.0,0.0,2.0,8.0,0.0,0.0,3.0,31.0,0.141,0.173,0.256,0.429,18.0,0.198,11.0,20.0,0.0,0.0,0.0,0.0,0.0,3/D7H,
Marc Krauss*,27.0,LAA,AL,-0.1,11.0,38.0,35.0,2.0,5.0,2.0,0.0,1.0,5.0,0.0,0.0,3.0,11.0,0.143,0.211,0.286,0.496,39.0,0.244,48.0,10.0,0.0,0.0,0.0,0.0,0.0,/D37H,
Marc Krauss*,27.0,TBR,AL,-0.2,4.0,10.0,10.0,0.0,1.0,1.0,0.0,0.0,1.0,0.0,0.0,0.0,7.0,0.1,0.1,0.2,0.3,-19.0,0.125,-43.0,2.0,0.0,0.0,0.0,0.0,0.0,/3,
Marc Krauss*,27.0,DET,AL,-0.5,12.0,33.0,33.0,1.0,5.0,0.0,0.0,1.0,2.0,0.0,0.0,0.0,13.0,0.152,0.152,0.242,0.394,7.0,0.167,-15.0,8.0,0.0,0.0,0.0,0.0,0.0,3,
Marc Rzepczynski*,29.0,2TM,2LG,0.0,31.0,0.0,0.0,0.0,0.0,0.0,0.0,0.0,0.0,0.0,0.0,0.0,0.0,,,,,,,,0.0,0.0,0.0,0.0,0.0,0.0,1,
Marc Rzepczynski*,29.0,CLE,AL,0.0,4.0,0.0,0.0,0.0,0.0,0.0,0.0,0.0,0.0,0.0,0.0,0.0,0.0,,,,,,,,0.0,0.0,0.0,0.0,0.0,0.0,1,
Marc Rzepczynski*,29.0,SDP,NL,0.0,27.0,0.0,0.0,0.0,0.0,0.0,0.0,0.0,0.0,0.0,0.0,0.0,0.0,,,,,,,,0.0,0.0,0.0,0.0,0.0,0.0,1,
Marcell Ozuna,24.0,MIA,NL,0.8,123.0,494.0,459.0,47.0,119.0,27.0,0.0,10.0,44.0,2.0,3.0,30.0,110.0,0.259,0.308,0.383,0.691,92.0,0.301,86.0,176.0,10.0,3.0,0.0,2.0,1.0,*89/H,
Marco Estrada,31.0,TOR,AL,0.1,2.0,6.0,6.0,0.0,2.0,0.0,0.0,0.0,0.0,0.0,0.0,0.0,2.0,0.333,0.333,0.333,0.667,83.0,0.298,77.0,2.0,0.0,0.0,0.0,0.0,0.0,1,CYA-10
Marco Gonzales*,23.0,STL,NL,0.0,1.0,0.0,0.0,0.0,0.0,0.0,0.0,0.0,0.0,0.0,0.0,0.0,0.0,,,,,,,,0.0,0.0,0.0,0.0,0.0,0.0,/1,
Marcos Mateo,31.0,SDP,NL,0.0,25.0,0.0,0.0,0.0,0.0,0.0,0.0,0.0,0.0,0.0,0.0,0.0,0.0,,,,,,,,0.0,0.0,0.0,0.0,0.0,0.0,1,
Marcus Hatley,27.0,STL,NL,0.0,2.0,0.0,0.0,0.0,0.0,0.0,0.0,0.0,0.0,0.0,0.0,0.0,0.0,,,,,,,,0.0,0.0,0.0,0.0,0.0,0.0,/1,
Marcus Semien,24.0,OAK,AL,1.9,155.0,601.0,556.0,65.0,143.0,23.0,7.0,15.0,45.0,11.0,5.0,42.0,132.0,0.257,0.31,0.405,0.715,98.0,0.314,95.0,225.0,16.0,1.0,1.0,1.0,1.0,*6/H,
Mark Buehrle*,36.0,TOR,AL,0.0,4.0,9.0,7.0,0.0,1.0,0.0,0.0,0.0,0.0,0.0,0.0,1.0,3.0,0.143,0.25,0.143,0.393,12.0,0.198,-8.0,1.0,0.0,0.0,1.0,0.0,0.0,1,
Mark Canha,26.0,OAK,AL,1.6,124.0,485.0,441.0,61.0,112.0,22.0,3.0,16.0,70.0,7.0,2.0,33.0,96.0,0.254,0.315,0.426,0.742,105.0,0.329,105.0,188.0,9.0,8.0,0.0,3.0,0.0,37H/9D5,
Mark Lowe*,32.0,2TM,AL,0.0,4.0,0.0,0.0,0.0,0.0,0.0,0.0,0.0,0.0,0.0,0.0,0.0,0.0,,,,,,,,0.0,0.0,0.0,0.0,0.0,0.0,1,
Mark Lowe*,32.0,SEA,AL,0.0,2.0,0.0,0.0,0.0,0.0,0.0,0.0,0.0,0.0,0.0,0.0,0.0,0.0,,,,,,,,0.0,0.0,0.0,0.0,0.0,0.0,1,
Mark Lowe*,32.0,TOR,AL,0.0,2.0,0.0,0.0,0.0,0.0,0.0,0.0,0.0,0.0,0.0,0.0,0.0,0.0,,,,,,,,0.0,0.0,0.0,0.0,0.0,0.0,1,
Mark Melancon,30.0,PIT,NL,0.0,72.0,0.0,0.0,0.0,0.0,0.0,0.0,0.0,0.0,0.0,0.0,0.0,0.0,,,,,,,,0.0,0.0,0.0,0.0,0.0,0.0,1,"AS,CYA-8"
Mark Reynolds,31.0,STL,NL,-0.4,140.0,432.0,382.0,35.0,88.0,21.0,2.0,13.0,48.0,2.0,3.0,44.0,121.0,0.23,0.315,0.398,0.713,93.0,0.312,89.0,152.0,10.0,4.0,0.0,2.0,2.0,3H5/7D49,
Mark Teixeira#,35.0,NYY,AL,3.2,111.0,462.0,392.0,57.0,100.0,22.0,0.0,31.0,79.0,2.0,0.0,59.0,85.0,0.255,0.357,0.548,0.906,144.0,0.384,143.0,215.0,7.0,6.0,0.0,5.0,6.0,3/DH,"AS,MVP-28"
Mark Trumbo,29.0,2TM,2LG,1.7,142.0,545.0,508.0,62.0,133.0,23.0,3.0,22.0,64.0,0.0,0.0,36.0,132.0,0.262,0.31,0.449,0.759,107.0,0.342,114.0,228.0,12.0,0.0,0.0,1.0,1.0,9D37H,
Mark Trumbo,29.0,ARI,NL,0.7,46.0,184.0,174.0,23.0,45.0,10.0,3.0,9.0,23.0,0.0,0.0,10.0,39.0,0.259,0.299,0.506,0.805,111.0,0.36,119.0,88.0,4.0,0.0,0.0,0.0,0.0,9/H3,
Mark Trumbo,29.0,SEA,AL,1.0,96.0,361.0,334.0,39.0,88.0,13.0,0.0,13.0,41.0,0.0,0.0,26.0,93.0,0.263,0.316,0.419,0.735,105.0,0.333,112.0,140.0,8.0,0.0,0.0,1.0,1.0,9D37/H,
Marlon Byrd,37.0,2TM,NL,1.6,135.0,544.0,506.0,58.0,125.0,25.0,5.0,23.0,73.0,2.0,1.0,29.0,145.0,0.247,0.29,0.453,0.743,100.0,0.334,104.0,229.0,10.0,4.0,0.0,5.0,2.0,*79/8HD,
Marlon Byrd,37.0,CIN,NL,1.0,96.0,388.0,359.0,46.0,85.0,13.0,3.0,19.0,42.0,2.0,1.0,23.0,101.0,0.237,0.286,0.448,0.735,98.0,0.33,101.0,161.0,6.0,3.0,0.0,3.0,1.0,7/89HD,
Marlon Byrd,37.0,SFG,NL,0.7,39.0,156.0,147.0,12.0,40.0,12.0,2.0,4.0,31.0,0.0,0.0,6.0,44.0,0.272,0.301,0.463,0.764,107.0,0.343,112.0,68.0,4.0,1.0,0.0,2.0,1.0,9/DH,
Martín Maldonado,28.0,MIL,NL,0.2,79.0,256.0,229.0,19.0,48.0,7.0,0.0,4.0,22.0,0.0,1.0,23.0,65.0,0.21,0.282,0.293,0.575,59.0,0.254,46.0,67.0,6.0,1.0,1.0,2.0,3.0,2/H3,
Martín Prado,31.0,MIA,NL,3.4,129.0,551.0,500.0,52.0,144.0,22.0,2.0,9.0,63.0,1.0,0.0,37.0,68.0,0.288,0.338,0.394,0.732,104.0,0.326,102.0,197.0,9.0,5.0,1.0,8.0,4.0,*54/H,
Martín Pérez*,24.0,TEX,AL,0.0,1.0,2.0,2.0,0.0,0.0,0.0,0.0,0.0,0.0,0.0,0.0,0.0,2.0,0.0,0.0,0.0,0.0,-100.0,0.0,-145.0,0.0,0.0,0.0,0.0,0.0,0.0,1,
Marwin González#,26.0,HOU,AL,2.7,120.0,370.0,344.0,44.0,96.0,18.0,1.0,12.0,34.0,4.0,5.0,16.0,74.0,0.279,0.317,0.442,0.759,109.0,0.329,110.0,152.0,9.0,3.0,7.0,0.0,0.0,36H547/D,
Masahiro Tanaka,26.0,NYY,AL,0.0,4.0,8.0,7.0,0.0,0.0,0.0,0.0,0.0,0.0,0.0,0.0,1.0,2.0,0.0,0.125,0.0,0.125,-61.0,0.086,-76.0,0.0,0.0,0.0,0.0,0.0,0.0,1,
Mason Williams*,23.0,NYY,AL,0.1,8.0,22.0,21.0,3.0,6.0,3.0,0.0,1.0,3.0,0.0,0.0,1.0,3.0,0.286,0.318,0.571,0.89,137.0,0.371,134.0,12.0,0.0,0.0,0.0,0.0,0.0,/8,
Mat Latos,27.0,2TM,NL,0.5,21.0,34.0,24.0,1.0,7.0,0.0,0.0,0.0,1.0,0.0,0.0,0.0,7.0,0.292,0.292,0.292,0.583,64.0,0.301,78.0,7.0,0.0,0.0,10.0,0.0,0.0,1,
Mat Latos,27.0,MIA,NL,0.3,15.0,27.0,18.0,0.0,5.0,0.0,0.0,0.0,1.0,0.0,0.0,0.0,6.0,0.278,0.278,0.278,0.556,56.0,0.301,76.0,5.0,0.0,0.0,9.0,0.0,0.0,1,
Mat Latos,27.0,LAD,NL,0.1,6.0,7.0,6.0,1.0,2.0,0.0,0.0,0.0,0.0,0.0,0.0,0.0,1.0,0.333,0.333,0.333,0.667,88.0,0.301,83.0,2.0,0.0,0.0,1.0,0.0,0.0,/1,
Matt Adams*,26.0,STL,NL,0.0,60.0,186.0,175.0,14.0,42.0,9.0,0.0,5.0,24.0,1.0,0.0,10.0,41.0,0.24,0.28,0.377,0.657,78.0,0.293,72.0,66.0,1.0,0.0,0.0,1.0,1.0,3H,
Matt Andriese,25.0,TBR,AL,0.0,2.0,1.0,1.0,0.0,0.0,0.0,0.0,0.0,0.0,0.0,0.0,0.0,0.0,0.0,0.0,0.0,0.0,-100.0,0.0,-136.0,0.0,0.0,0.0,0.0,0.0,0.0,1,
Matt Belisle,35.0,STL,NL,0.0,32.0,0.0,0.0,0.0,0.0,0.0,0.0,0.0,0.0,0.0,0.0,0.0,0.0,,,,,,,,0.0,0.0,0.0,0.0,0.0,0.0,1,
Matt Cain,30.0,SFG,NL,-0.3,12.0,20.0,16.0,0.0,0.0,0.0,0.0,0.0,1.0,0.0,0.0,0.0,9.0,0.0,0.0,0.0,0.0,-100.0,0.0,-183.0,0.0,0.0,0.0,3.0,1.0,0.0,1,
Matt Carpenter*,29.0,STL,NL,4.8,154.0,665.0,574.0,101.0,156.0,44.0,3.0,28.0,84.0,4.0,3.0,81.0,151.0,0.272,0.365,0.505,0.871,135.0,0.382,139.0,290.0,5.0,6.0,0.0,4.0,5.0,*54/3H,MVP-12
Matt den Dekker*,27.0,WSN,NL,0.5,55.0,110.0,99.0,12.0,25.0,6.0,1.0,5.0,12.0,0.0,1.0,9.0,20.0,0.253,0.315,0.485,0.8,114.0,0.341,111.0,48.0,0.0,0.0,2.0,0.0,0.0,7H9/8,
Matt Duffy,24.0,SFG,NL,4.0,149.0,612.0,573.0,77.0,169.0,28.0,6.0,12.0,77.0,12.0,0.0,30.0,96.0,0.295,0.334,0.428,0.762,108.0,0.35,114.0,245.0,22.0,5.0,2.0,2.0,0.0,*5H/463,ROY-2
Matt Duffy,26.0,HOU,AL,0.2,8.0,9.0,8.0,0.0,3.0,1.0,0.0,0.0,3.0,0.0,0.0,1.0,2.0,0.375,0.444,0.5,0.944,164.0,0.403,161.0,4.0,0.0,0.0,0.0,0.0,0.0,/H35,
Matt Garza,31.0,MIL,NL,-0.5,25.0,47.0,39.0,0.0,3.0,0.0,0.0,0.0,0.0,0.0,1.0,1.0,21.0,0.077,0.1,0.077,0.177,-50.0,0.073,-110.0,3.0,0.0,0.0,7.0,0.0,0.0,1,
Matt Grace*,26.0,WSN,NL,0.0,26.0,0.0,0.0,0.0,0.0,0.0,0.0,0.0,0.0,0.0,0.0,0.0,0.0,,,,,,,,0.0,0.0,0.0,0.0,0.0,0.0,1,
Matt Hague,29.0,TOR,AL,0.0,10.0,15.0,12.0,1.0,3.0,1.0,0.0,0.0,0.0,0.0,0.0,2.0,4.0,0.25,0.4,0.333,0.733,104.0,0.318,92.0,4.0,0.0,1.0,0.0,0.0,1.0,/H3D5,
Matt Harrison*,29.0,TEX,AL,0.1,1.0,3.0,2.0,0.0,0.0,0.0,0.0,0.0,0.0,0.0,0.0,0.0,1.0,0.0,0.0,0.0,0.0,-100.0,0.449,232.0,0.0,0.0,0.0,1.0,0.0,0.0,/1,
Matt Harvey,26.0,NYM,NL,-0.2,28.0,66.0,65.0,1.0,7.0,2.0,0.0,1.0,7.0,0.0,0.0,0.0,31.0,0.108,0.108,0.185,0.292,-21.0,0.126,-48.0,12.0,2.0,0.0,1.0,0.0,0.0,1,
Matt Holliday,35.0,STL,NL,0.7,73.0,277.0,229.0,24.0,64.0,16.0,1.0,4.0,35.0,2.0,1.0,39.0,49.0,0.279,0.394,0.41,0.804,121.0,0.364,126.0,94.0,9.0,6.0,0.0,3.0,5.0,7/HD,AS
Matt Joyce*,30.0,LAA,AL,-0.9,93.0,284.0,247.0,17.0,43.0,12.0,1.0,5.0,21.0,0.0,3.0,30.0,67.0,0.174,0.272,0.291,0.564,60.0,0.26,62.0,72.0,5.0,4.0,1.0,2.0,1.0,7DH/9,
Matt Kemp,30.0,SDP,NL,0.6,154.0,648.0,596.0,80.0,158.0,31.0,3.0,23.0,100.0,12.0,2.0,39.0,147.0,0.265,0.312,0.443,0.755,109.0,0.339,111.0,264.0,17.0,5.0,0.0,8.0,0.0,*9/DH,
Matt Marksberry*,24.0,ATL,NL,0.0,30.0,0.0,0.0,0.0,0.0,0.0,0.0,0.0,0.0,0.0,0.0,0.0,0.0,,,,,,,,0.0,0.0,0.0,0.0,0.0,0.0,1,
Matt McBride,30.0,COL,NL,-0.7,20.0,43.0,42.0,5.0,7.0,0.0,0.0,0.0,0.0,0.0,0.0,0.0,4.0,0.167,0.186,0.167,0.353,-8.0,0.164,-36.0,7.0,0.0,1.0,0.0,0.0,0.0,H/379,
Matt Moore*,26.0,TBR,AL,0.0,1.0,2.0,1.0,0.0,0.0,0.0,0.0,0.0,0.0,0.0,0.0,0.0,0.0,0.0,0.0,0.0,0.0,-100.0,0.0,-373.0,0.0,0.0,0.0,1.0,0.0,0.0,1,
Matt Reynolds*,30.0,ARI,NL,0.0,18.0,0.0,0.0,0.0,0.0,0.0,0.0,0.0,0.0,0.0,0.0,0.0,0.0,,,,,,,,0.0,0.0,0.0,0.0,0.0,0.0,1,
Matt Shoemaker,28.0,LAA,AL,0.0,1.0,2.0,1.0,0.0,0.0,0.0,0.0,0.0,0.0,0.0,0.0,1.0,0.0,0.0,0.5,0.0,0.5,61.0,0.345,123.0,0.0,0.0,0.0,0.0,0.0,0.0,1,
Matt Stites*,25.0,ARI,NL,0.0,11.0,0.0,0.0,0.0,0.0,0.0,0.0,0.0,0.0,0.0,0.0,0.0,0.0,,,,,,,,0.0,0.0,0.0,0.0,0.0,0.0,1,
Matt Szczur,25.0,CHC,NL,-0.5,47.0,80.0,72.0,5.0,16.0,5.0,0.0,1.0,8.0,2.0,0.0,6.0,15.0,0.222,0.278,0.333,0.612,69.0,0.276,58.0,24.0,1.0,0.0,1.0,1.0,0.0,H7/89,
Matt Thornton*,38.0,WSN,NL,0.0,56.0,0.0,0.0,0.0,0.0,0.0,0.0,0.0,0.0,0.0,0.0,0.0,0.0,,,,,,,,0.0,0.0,0.0,0.0,0.0,0.0,1,
Matt West,26.0,LAD,NL,0.0,2.0,0.0,0.0,0.0,0.0,0.0,0.0,0.0,0.0,0.0,0.0,0.0,0.0,,,,,,,,0.0,0.0,0.0,0.0,0.0,0.0,/1,
Matt Wieters#,29.0,BAL,AL,0.8,75.0,282.0,258.0,24.0,69.0,14.0,1.0,8.0,25.0,0.0,0.0,21.0,67.0,0.267,0.319,0.422,0.742,101.0,0.328,101.0,109.0,4.0,0.0,0.0,3.0,0.0,2D/H3,
Matt Wisler,22.0,ATL,NL,0.0,20.0,36.0,29.0,0.0,4.0,0.0,0.0,0.0,1.0,0.0,0.0,2.0,6.0,0.138,0.194,0.138,0.331,-5.0,0.158,-42.0,4.0,0.0,0.0,5.0,0.0,0.0,1/H,
Matthew Boyd*,24.0,DET,AL,0.0,1.0,0.0,0.0,0.0,0.0,0.0,0.0,0.0,0.0,0.0,0.0,0.0,0.0,,,,,,,,0.0,0.0,0.0,0.0,0.0,0.0,1,
Max Kepler*,22.0,MIN,AL,-0.1,3.0,7.0,7.0,0.0,1.0,0.0,0.0,0.0,0.0,0.0,0.0,0.0,3.0,0.143,0.143,0.143,0.286,-21.0,0.128,-44.0,1.0,0.0,0.0,0.0,0.0,0.0,/9H,
Max Muncy*,24.0,OAK,AL,-0.2,45.0,112.0,102.0,14.0,21.0,8.0,1.0,3.0,9.0,0.0,0.0,9.0,31.0,0.206,0.268,0.392,0.66,81.0,0.283,73.0,40.0,0.0,0.0,0.0,1.0,0.0,35H/D,
Max Scherzer,30.0,WSN,NL,0.5,32.0,77.0,69.0,4.0,15.0,0.0,0.0,0.0,0.0,0.0,0.0,2.0,23.0,0.217,0.239,0.217,0.457,26.0,0.229,19.0,15.0,0.0,0.0,6.0,0.0,0.0,1/H,"AS,CYA-5"
Max Stassi,24.0,HOU,AL,0.4,11.0,17.0,15.0,4.0,6.0,0.0,0.0,1.0,2.0,0.0,0.0,1.0,5.0,0.4,0.438,0.6,1.038,186.0,0.45,202.0,9.0,1.0,0.0,1.0,0.0,0.0,2/DH,
Mayckol Guaipe,24.0,SEA,AL,0.0,2.0,0.0,0.0,0.0,0.0,0.0,0.0,0.0,0.0,0.0,0.0,0.0,0.0,,,,,,,,0.0,0.0,0.0,0.0,0.0,0.0,1,
Melky Cabrera#,30.0,CHW,AL,1.6,158.0,683.0,629.0,70.0,172.0,36.0,2.0,12.0,77.0,3.0,0.0,40.0,88.0,0.273,0.314,0.394,0.709,98.0,0.315,97.0,248.0,18.0,2.0,2.0,10.0,2.0,*7/D,
Micah Johnson*,24.0,CHW,AL,-0.7,36.0,114.0,100.0,10.0,23.0,4.0,0.0,0.0,4.0,3.0,2.0,9.0,30.0,0.23,0.306,0.27,0.576,64.0,0.264,61.0,27.0,0.0,2.0,2.0,0.0,0.0,4/H,
Michael A. Taylor,24.0,WSN,NL,0.4,138.0,511.0,472.0,49.0,108.0,15.0,2.0,14.0,63.0,16.0,3.0,35.0,158.0,0.229,0.282,0.358,0.64,73.0,0.292,67.0,169.0,5.0,1.0,1.0,2.0,9.0,*87H/9,
Michael Blazek,26.0,MIL,NL,0.1,42.0,4.0,4.0,0.0,1.0,1.0,0.0,0.0,1.0,0.0,0.0,0.0,2.0,0.25,0.25,0.5,0.75,99.0,0.316,91.0,2.0,0.0,0.0,0.0,0.0,0.0,1,
Michael Bourn*,32.0,2TM,2LG,0.1,141.0,482.0,425.0,39.0,101.0,15.0,2.0,0.0,30.0,17.0,7.0,46.0,107.0,0.238,0.31,0.282,0.592,63.0,0.276,58.0,120.0,5.0,0.0,8.0,3.0,0.0,*87H/9D,
Michael Bourn*,32.0,CLE,AL,0.4,95.0,326.0,289.0,29.0,71.0,12.0,1.0,0.0,19.0,13.0,5.0,29.0,76.0,0.246,0.313,0.294,0.608,65.0,0.278,57.0,85.0,2.0,0.0,7.0,1.0,0.0,8H/7D,
Michael Bourn*,32.0,ATL,NL,-0.3,46.0,156.0,136.0,10.0,30.0,3.0,1.0,0.0,11.0,4.0,2.0,17.0,31.0,0.221,0.303,0.257,0.561,58.0,0.271,61.0,35.0,3.0,0.0,1.0,2.0,0.0,78/H9,
Michael Brantley*,28.0,CLE,AL,3.8,137.0,596.0,529.0,68.0,164.0,45.0,0.0,15.0,84.0,15.0,1.0,60.0,51.0,0.31,0.379,0.48,0.859,129.0,0.377,129.0,254.0,14.0,2.0,0.0,5.0,8.0,*78D/H,MVP-28
Michael Choice,25.0,TEX,AL,-0.1,1.0,1.0,1.0,0.0,0.0,0.0,0.0,0.0,0.0,0.0,0.0,0.0,1.0,0.0,0.0,0.0,0.0,-100.0,0.0,-145.0,0.0,0.0,0.0,0.0,0.0,0.0,/9,
Michael Conforto*,22.0,NYM,NL,2.2,56.0,194.0,174.0,30.0,47.0,14.0,0.0,9.0,26.0,0.0,1.0,17.0,39.0,0.27,0.335,0.506,0.841,130.0,0.364,132.0,88.0,4.0,1.0,0.0,2.0,0.0,7/H,
Michael Cuddyer,36.0,NYM,NL,0.6,117.0,408.0,379.0,44.0,98.0,18.0,1.0,10.0,41.0,2.0,0.0,24.0,88.0,0.259,0.309,0.391,0.699,93.0,0.327,102.0,148.0,13.0,4.0,0.0,1.0,0.0,7H3/9D,
Michael Feliz,22.0,HOU,AL,0.0,1.0,0.0,0.0,0.0,0.0,0.0,0.0,0.0,0.0,0.0,0.0,0.0,0.0,,,,,,,,0.0,0.0,0.0,0.0,0.0,0.0,/1,
Michael Kohn,29.0,ATL,NL,0.0,6.0,0.0,0.0,0.0,0.0,0.0,0.0,0.0,0.0,0.0,0.0,0.0,0.0,,,,,,,,0.0,0.0,0.0,0.0,0.0,0.0,/1,
Michael Lorenzen,23.0,CIN,NL,0.3,30.0,41.0,36.0,4.0,9.0,0.0,1.0,0.0,4.0,0.0,0.0,0.0,13.0,0.25,0.27,0.306,0.576,58.0,0.283,63.0,11.0,0.0,1.0,4.0,0.0,0.0,1/H,
Michael Martínez#,32.0,CLE,AL,0.0,16.0,32.0,30.0,7.0,8.0,2.0,0.0,0.0,2.0,0.0,1.0,1.0,12.0,0.267,0.29,0.333,0.624,67.0,0.312,96.0,10.0,1.0,0.0,1.0,0.0,0.0,/7H8D59,
Michael McKenry,30.0,COL,NL,-0.2,58.0,152.0,127.0,20.0,26.0,7.0,3.0,4.0,17.0,2.0,2.0,22.0,41.0,0.205,0.329,0.402,0.731,86.0,0.328,87.0,51.0,2.0,2.0,0.0,1.0,0.0,2H/D,
Michael Pineda,26.0,NYY,AL,0.0,1.0,2.0,2.0,0.0,0.0,0.0,0.0,0.0,0.0,0.0,0.0,0.0,1.0,0.0,0.0,0.0,0.0,-100.0,0.0,-141.0,0.0,0.0,0.0,0.0,0.0,0.0,1,
Michael Reed,22.0,MIL,NL,0.1,7.0,6.0,6.0,2.0,2.0,1.0,0.0,0.0,0.0,0.0,0.0,0.0,3.0,0.333,0.333,0.5,0.833,125.0,0.361,125.0,3.0,0.0,0.0,0.0,0.0,0.0,/H9,
Michael Saunders*,28.0,TOR,AL,-0.2,9.0,36.0,31.0,2.0,6.0,0.0,0.0,0.0,3.0,0.0,0.0,5.0,10.0,0.194,0.306,0.194,0.499,41.0,0.29,72.0,6.0,1.0,0.0,0.0,0.0,0.0,/97,
Michael Tonkin,25.0,MIN,AL,0.0,2.0,0.0,0.0,0.0,0.0,0.0,0.0,0.0,0.0,0.0,0.0,0.0,0.0,,,,,,,,0.0,0.0,0.0,0.0,0.0,0.0,1,
Michael Wacha,23.0,STL,NL,0.2,27.0,62.0,52.0,5.0,8.0,1.0,0.0,0.0,4.0,1.0,0.0,4.0,20.0,0.154,0.214,0.173,0.387,8.0,0.202,-7.0,9.0,0.0,0.0,6.0,0.0,0.0,1,AS
Miguel Almonte,22.0,KCR,AL,0.0,1.0,0.0,0.0,0.0,0.0,0.0,0.0,0.0,0.0,0.0,0.0,0.0,0.0,,,,,,,,0.0,0.0,0.0,0.0,0.0,0.0,/1,
Miguel Cabrera,32.0,DET,AL,4.9,119.0,511.0,429.0,64.0,145.0,28.0,1.0,18.0,76.0,1.0,1.0,77.0,82.0,0.338,0.44,0.534,0.974,169.0,0.417,172.0,229.0,19.0,3.0,0.0,2.0,15.0,3D/H,"AS,MVP-11,SS"
Miguel Castro,20.0,COL,NL,0.0,4.0,0.0,0.0,0.0,0.0,0.0,0.0,0.0,0.0,0.0,0.0,0.0,0.0,,,,,,,,0.0,0.0,0.0,0.0,0.0,0.0,/1,
Miguel González,31.0,BAL,AL,0.0,1.0,1.0,1.0,0.0,0.0,0.0,0.0,0.0,0.0,0.0,0.0,0.0,0.0,0.0,0.0,0.0,0.0,-100.0,0.0,-145.0,0.0,0.0,0.0,0.0,0.0,0.0,1,
Miguel Montero*,31.0,CHC,NL,1.7,113.0,403.0,347.0,36.0,86.0,11.0,0.0,15.0,53.0,1.0,1.0,49.0,103.0,0.248,0.345,0.409,0.754,108.0,0.337,109.0,142.0,9.0,4.0,0.0,3.0,5.0,*2H/D,
Miguel Rojas,26.0,MIA,NL,1.2,60.0,157.0,142.0,13.0,40.0,7.0,1.0,1.0,17.0,0.0,1.0,11.0,16.0,0.282,0.329,0.366,0.695,94.0,0.327,106.0,52.0,4.0,0.0,2.0,2.0,1.0,6H/45,
Miguel Sanó,22.0,MIN,AL,2.3,80.0,335.0,279.0,46.0,75.0,17.0,1.0,18.0,52.0,1.0,1.0,53.0,119.0,0.269,0.385,0.53,0.916,149.0,0.395,153.0,148.0,4.0,1.0,0.0,2.0,1.0,D/53H,ROY-3
Miguel Socolovich,28.0,STL,NL,0.0,26.0,1.0,1.0,0.0,0.0,0.0,0.0,0.0,0.0,0.0,0.0,0.0,0.0,0.0,0.0,0.0,0.0,-100.0,0.0,-136.0,0.0,0.0,0.0,0.0,0.0,0.0,1,
Mike Aviles,34.0,CLE,AL,-1.2,98.0,317.0,290.0,37.0,67.0,10.0,0.0,5.0,17.0,3.0,1.0,20.0,38.0,0.231,0.282,0.317,0.599,61.0,0.274,55.0,92.0,18.0,1.0,5.0,1.0,0.0,756H4/8D9,
Mike Baxter*,30.0,CHC,NL,0.1,34.0,66.0,57.0,6.0,14.0,1.0,0.0,0.0,2.0,0.0,0.0,7.0,14.0,0.246,0.348,0.263,0.612,73.0,0.286,71.0,15.0,3.0,2.0,0.0,0.0,1.0,H9/37D,
Mike Bolsinger,27.0,LAD,NL,-0.4,21.0,40.0,38.0,1.0,1.0,1.0,0.0,0.0,0.0,0.0,0.0,0.0,23.0,0.026,0.026,0.053,0.079,-79.0,0.033,-123.0,2.0,0.0,0.0,2.0,0.0,0.0,1,
Mike Broadway,28.0,SFG,NL,0.0,21.0,0.0,0.0,0.0,0.0,0.0,0.0,0.0,0.0,0.0,0.0,0.0,0.0,,,,,,,,0.0,0.0,0.0,0.0,0.0,0.0,1,
Mike Dunn*,30.0,MIA,NL,0.1,67.0,1.0,1.0,0.0,1.0,0.0,0.0,0.0,0.0,0.0,0.0,0.0,0.0,1.0,1.0,1.0,2.0,462.0,0.903,518.0,1.0,0.0,0.0,0.0,0.0,0.0,1,
Mike Fiers,30.0,MIL,NL,-0.2,18.0,34.0,30.0,0.0,3.0,0.0,0.0,0.0,0.0,0.0,0.0,0.0,12.0,0.1,0.1,0.1,0.2,-45.0,0.084,-104.0,3.0,0.0,0.0,4.0,0.0,0.0,1,
Mike Foltynewicz,23.0,ATL,NL,-0.2,17.0,30.0,28.0,0.0,2.0,1.0,0.0,0.0,3.0,0.0,0.0,0.0,19.0,0.071,0.069,0.107,0.176,-52.0,0.075,-90.0,3.0,1.0,0.0,1.0,1.0,0.0,1,
Mike Leake,27.0,2TM,NL,-0.2,34.0,73.0,69.0,4.0,8.0,3.0,0.0,2.0,8.0,0.0,0.0,0.0,36.0,0.116,0.116,0.246,0.362,-4.0,0.154,-35.0,17.0,0.0,0.0,4.0,0.0,0.0,1/H,
Mike Leake,27.0,CIN,NL,-0.1,24.0,56.0,52.0,3.0,7.0,3.0,0.0,1.0,5.0,0.0,0.0,0.0,25.0,0.135,0.135,0.25,0.385,3.0,0.165,-29.0,13.0,0.0,0.0,4.0,0.0,0.0,1/H,
Mike Leake,27.0,SFG,NL,-0.1,10.0,17.0,17.0,1.0,1.0,0.0,0.0,1.0,3.0,0.0,0.0,0.0,11.0,0.059,0.059,0.235,0.294,-24.0,0.122,-51.0,4.0,0.0,0.0,0.0,0.0,0.0,/1H,
Mike Montgomery*,25.0,SEA,AL,0.0,1.0,3.0,3.0,0.0,0.0,0.0,0.0,0.0,0.0,0.0,0.0,0.0,2.0,0.0,0.0,0.0,0.0,-100.0,0.0,-136.0,0.0,0.0,0.0,0.0,0.0,0.0,1,
Mike Morin,24.0,LAA,AL,0.0,2.0,0.0,0.0,0.0,0.0,0.0,0.0,0.0,0.0,0.0,0.0,0.0,0.0,,,,,,,,0.0,0.0,0.0,0.0,0.0,0.0,1,
Mike Morse,33.0,2TM,NL,-0.4,98.0,256.0,229.0,14.0,53.0,7.0,1.0,5.0,19.0,0.0,0.0,23.0,76.0,0.231,0.313,0.336,0.649,81.0,0.306,87.0,77.0,10.0,4.0,0.0,0.0,0.0,3H/7D,
Mike Morse,33.0,MIA,NL,-0.4,53.0,174.0,160.0,8.0,34.0,4.0,0.0,4.0,12.0,0.0,0.0,12.0,55.0,0.213,0.276,0.313,0.588,64.0,0.277,67.0,50.0,6.0,2.0,0.0,0.0,0.0,3H/7D,
Mike Morse,33.0,PIT,NL,0.0,45.0,82.0,69.0,6.0,19.0,3.0,1.0,1.0,7.0,0.0,0.0,11.0,21.0,0.275,0.39,0.391,0.782,117.0,0.367,130.0,27.0,4.0,2.0,0.0,0.0,0.0,H3,
Mike Moustakas*,26.0,KCR,AL,4.0,147.0,614.0,549.0,73.0,156.0,34.0,1.0,22.0,82.0,1.0,2.0,43.0,76.0,0.284,0.348,0.47,0.817,119.0,0.357,121.0,258.0,14.0,13.0,4.0,5.0,1.0,*5/H,"AS,MVP-21"
Mike Napoli,33.0,2TM,AL,0.8,133.0,469.0,407.0,46.0,91.0,20.0,1.0,18.0,50.0,3.0,3.0,57.0,118.0,0.224,0.324,0.41,0.734,96.0,0.333,102.0,167.0,11.0,4.0,0.0,1.0,3.0,*3H7/D,
Mike Napoli,33.0,BOS,AL,0.5,98.0,378.0,329.0,37.0,68.0,18.0,1.0,13.0,40.0,3.0,1.0,45.0,99.0,0.207,0.307,0.386,0.693,84.0,0.32,90.0,127.0,10.0,3.0,0.0,1.0,2.0,3/DH,
Mike Napoli,33.0,TEX,AL,0.3,35.0,91.0,78.0,9.0,23.0,2.0,0.0,5.0,10.0,0.0,2.0,12.0,19.0,0.295,0.396,0.513,0.908,143.0,0.386,150.0,40.0,1.0,1.0,0.0,0.0,1.0,37H/D,
Mike Olt,26.0,2TM,2LG,-0.5,30.0,102.0,94.0,7.0,18.0,0.0,0.0,4.0,5.0,0.0,1.0,7.0,35.0,0.191,0.255,0.319,0.574,60.0,0.252,54.0,30.0,2.0,1.0,0.0,0.0,0.0,5/3H,
Mike Olt,26.0,CHC,NL,0.1,6.0,16.0,15.0,1.0,2.0,0.0,0.0,1.0,1.0,0.0,0.0,0.0,6.0,0.133,0.188,0.333,0.521,40.0,0.231,31.0,5.0,0.0,1.0,0.0,0.0,0.0,/5H,
Mike Olt,26.0,CHW,AL,-0.6,24.0,86.0,79.0,6.0,16.0,0.0,0.0,3.0,4.0,0.0,1.0,7.0,29.0,0.203,0.267,0.316,0.584,63.0,0.256,58.0,25.0,2.0,0.0,0.0,0.0,0.0,5/3H,
Mike Pelfrey,31.0,MIN,AL,0.1,2.0,3.0,3.0,0.0,2.0,0.0,0.0,0.0,0.0,0.0,0.0,0.0,1.0,0.667,0.667,0.667,1.333,271.0,0.564,279.0,2.0,0.0,0.0,0.0,0.0,0.0,1,
Mike Trout,23.0,LAA,AL,9.5,159.0,682.0,575.0,104.0,172.0,32.0,6.0,41.0,90.0,11.0,7.0,92.0,158.0,0.299,0.402,0.59,0.991,176.0,0.419,179.0,339.0,11.0,10.0,0.0,5.0,14.0,*8/D,"AS,MVP-2,SS"
Mike Wright Jr.,25.0,BAL,AL,0.1,2.0,3.0,2.0,0.0,1.0,0.0,0.0,0.0,0.0,0.0,0.0,0.0,1.0,0.5,0.5,0.5,1.0,176.0,0.448,236.0,1.0,0.0,0.0,1.0,0.0,0.0,1,
Mike Zunino,24.0,SEA,AL,-0.8,112.0,386.0,350.0,28.0,61.0,11.0,0.0,11.0,28.0,0.0,1.0,21.0,132.0,0.174,0.23,0.3,0.53,48.0,0.236,40.0,105.0,6.0,5.0,8.0,2.0,0.0,*2/H,
Mikie Mahtook,25.0,TBR,AL,1.3,41.0,115.0,105.0,22.0,31.0,5.0,1.0,9.0,19.0,4.0,3.0,6.0,31.0,0.295,0.351,0.619,0.97,165.0,0.427,184.0,65.0,0.0,3.0,1.0,0.0,0.0,789/HD,
Mitch Harris,29.0,STL,NL,0.0,26.0,1.0,1.0,0.0,0.0,0.0,0.0,0.0,0.0,0.0,0.0,0.0,1.0,0.0,0.0,0.0,0.0,-100.0,0.0,-136.0,0.0,0.0,0.0,0.0,0.0,0.0,1,
Mitch Moreland*,29.0,TEX,AL,2.2,132.0,515.0,471.0,51.0,131.0,27.0,0.0,23.0,85.0,1.0,0.0,32.0,112.0,0.278,0.33,0.482,0.812,116.0,0.353,116.0,227.0,9.0,7.0,0.0,5.0,2.0,*3H/D,
MLB Average,,,,,,,,,,,,,,,,,,0.254,0.317,0.405,0.721,100.0,0.322,100.0,,,,,,,,
Mookie Betts,22.0,BOS,AL,6.0,145.0,654.0,597.0,92.0,174.0,42.0,8.0,18.0,77.0,21.0,6.0,46.0,82.0,0.291,0.341,0.479,0.82,117.0,0.368,123.0,286.0,2.0,2.0,3.0,6.0,1.0,*89/HD,MVP-19
Munenori Kawasaki*,34.0,TOR,AL,0.2,23.0,34.0,28.0,6.0,6.0,2.0,0.0,0.0,2.0,0.0,1.0,4.0,6.0,0.214,0.313,0.286,0.598,65.0,0.258,57.0,8.0,1.0,0.0,2.0,0.0,0.0,4/H5,
Mychal Givens,25.0,BAL,AL,0.0,1.0,0.0,0.0,0.0,0.0,0.0,0.0,0.0,0.0,0.0,0.0,0.0,0.0,,,,,,,,0.0,0.0,0.0,0.0,0.0,0.0,1,
Nate Karns,27.0,TBR,AL,0.2,2.0,5.0,4.0,1.0,1.0,0.0,0.0,1.0,1.0,0.0,0.0,0.0,3.0,0.25,0.25,1.0,1.25,226.0,0.508,277.0,4.0,0.0,0.0,1.0,0.0,0.0,1,
Nathan Adcock,27.0,CIN,NL,0.0,12.0,0.0,0.0,0.0,0.0,0.0,0.0,0.0,0.0,0.0,0.0,0.0,0.0,,,,,,,,0.0,0.0,0.0,0.0,0.0,0.0,1,
Nathan Eovaldi,25.0,NYY,AL,-0.1,3.0,5.0,5.0,1.0,0.0,0.0,0.0,0.0,0.0,0.0,0.0,0.0,2.0,0.0,0.0,0.0,0.0,-100.0,0.0,-142.0,0.0,0.0,0.0,0.0,0.0,0.0,1,
Neal Cotts*,35.0,2TM,2LG,0.0,50.0,0.0,0.0,0.0,0.0,0.0,0.0,0.0,0.0,0.0,0.0,0.0,0.0,,,,,,,,0.0,0.0,0.0,0.0,0.0,0.0,1,
Neal Cotts*,35.0,MIL,NL,0.0,49.0,0.0,0.0,0.0,0.0,0.0,0.0,0.0,0.0,0.0,0.0,0.0,0.0,,,,,,,,0.0,0.0,0.0,0.0,0.0,0.0,1,
Neal Cotts*,35.0,MIN,AL,0.0,1.0,0.0,0.0,0.0,0.0,0.0,0.0,0.0,0.0,0.0,0.0,0.0,0.0,,,,,,,,0.0,0.0,0.0,0.0,0.0,0.0,1,
Nefi Ogando,26.0,PHI,NL,0.0,4.0,0.0,0.0,0.0,0.0,0.0,0.0,0.0,0.0,0.0,0.0,0.0,0.0,,,,,,,,0.0,0.0,0.0,0.0,0.0,0.0,/1,
Neftalí Feliz,27.0,DET,AL,0.0,2.0,0.0,0.0,0.0,0.0,0.0,0.0,0.0,0.0,0.0,0.0,0.0,0.0,,,,,,,,0.0,0.0,0.0,0.0,0.0,0.0,1,
Neil Ramírez,26.0,CHC,NL,0.0,19.0,0.0,0.0,0.0,0.0,0.0,0.0,0.0,0.0,0.0,0.0,0.0,0.0,,,,,,,,0.0,0.0,0.0,0.0,0.0,0.0,1,
Neil Walker#,29.0,PIT,NL,2.6,151.0,603.0,543.0,69.0,146.0,32.0,3.0,16.0,71.0,4.0,1.0,44.0,110.0,0.269,0.328,0.427,0.756,106.0,0.333,104.0,232.0,9.0,8.0,0.0,8.0,5.0,*4H,
Nelson Cruz,34.0,SEA,AL,5.1,152.0,655.0,590.0,90.0,178.0,22.0,1.0,44.0,93.0,3.0,2.0,59.0,164.0,0.302,0.369,0.566,0.936,159.0,0.399,161.0,334.0,6.0,5.0,0.0,1.0,9.0,9D,"AS,MVP-6,SS"
Nevin Ashley,30.0,MIL,NL,-0.2,12.0,21.0,20.0,2.0,2.0,1.0,0.0,0.0,1.0,0.0,0.0,0.0,8.0,0.1,0.143,0.15,0.293,-19.0,0.176,-12.0,3.0,0.0,1.0,0.0,0.0,0.0,/2H,
Nick Ahmed,25.0,ARI,NL,1.0,134.0,459.0,421.0,49.0,95.0,17.0,6.0,9.0,34.0,4.0,5.0,29.0,81.0,0.226,0.275,0.359,0.634,69.0,0.286,66.0,151.0,4.0,1.0,5.0,3.0,1.0,*6/H,
Nick Castellanos,23.0,DET,AL,1.1,154.0,595.0,549.0,42.0,140.0,33.0,6.0,15.0,73.0,0.0,3.0,39.0,152.0,0.255,0.303,0.419,0.721,97.0,0.314,95.0,230.0,21.0,1.0,0.0,6.0,1.0,*5/DH,
Nick Franklin#,24.0,TBR,AL,-0.7,44.0,109.0,101.0,11.0,16.0,4.0,1.0,3.0,7.0,1.0,0.0,7.0,37.0,0.158,0.213,0.307,0.52,44.0,0.234,36.0,31.0,2.0,0.0,1.0,0.0,0.0,4H63/D1,
Nick Goody,23.0,NYY,AL,0.0,1.0,0.0,0.0,0.0,0.0,0.0,0.0,0.0,0.0,0.0,0.0,0.0,0.0,,,,,,,,0.0,0.0,0.0,0.0,0.0,0.0,/1,
Nick Greenwood,27.0,STL,NL,0.0,1.0,0.0,0.0,0.0,0.0,0.0,0.0,0.0,0.0,0.0,0.0,0.0,0.0,,,,,,,,0.0,0.0,0.0,0.0,0.0,0.0,/1,
Nick Hagadone*,29.0,CLE,AL,0.0,1.0,0.0,0.0,0.0,0.0,0.0,0.0,0.0,0.0,0.0,0.0,0.0,0.0,,,,,,,,0.0,0.0,0.0,0.0,0.0,0.0,1,
Nick Hundley,31.0,COL,NL,1.8,103.0,389.0,366.0,45.0,110.0,21.0,5.0,10.0,43.0,5.0,6.0,21.0,76.0,0.301,0.339,0.467,0.807,104.0,0.359,111.0,171.0,8.0,1.0,0.0,1.0,0.0,2/H,
Nick Markakis*,31.0,ATL,NL,1.9,156.0,686.0,612.0,73.0,181.0,38.0,1.0,3.0,53.0,2.0,1.0,70.0,83.0,0.296,0.37,0.376,0.746,109.0,0.345,116.0,230.0,17.0,3.0,0.0,1.0,11.0,*9/D,
Nick Martinez*,24.0,TEX,AL,0.1,2.0,4.0,4.0,2.0,0.0,0.0,0.0,0.0,0.0,0.0,0.0,0.0,1.0,0.0,0.0,0.0,0.0,-100.0,0.224,20.0,0.0,0.0,0.0,0.0,0.0,0.0,1,
Nick Masset,33.0,2TM,NL,0.0,27.0,0.0,0.0,0.0,0.0,0.0,0.0,0.0,0.0,0.0,0.0,0.0,0.0,,,,,,,,0.0,0.0,0.0,0.0,0.0,0.0,1,
Nick Masset,33.0,MIA,NL,0.0,8.0,0.0,0.0,0.0,0.0,0.0,0.0,0.0,0.0,0.0,0.0,0.0,0.0,,,,,,,,0.0,0.0,0.0,0.0,0.0,0.0,/1,
Nick Masset,33.0,ATL,NL,0.0,19.0,0.0,0.0,0.0,0.0,0.0,0.0,0.0,0.0,0.0,0.0,0.0,0.0,,,,,,,,0.0,0.0,0.0,0.0,0.0,0.0,1,
Nick Noonan*,26.0,SFG,NL,-0.3,14.0,24.0,22.0,2.0,2.0,1.0,0.0,1.0,3.0,0.0,0.0,2.0,8.0,0.091,0.167,0.273,0.439,18.0,0.197,4.0,6.0,1.0,0.0,0.0,0.0,0.0,/H63,
Nick Rumbelow,23.0,NYY,AL,0.0,1.0,0.0,0.0,0.0,0.0,0.0,0.0,0.0,0.0,0.0,0.0,0.0,0.0,,,,,,,,0.0,0.0,0.0,0.0,0.0,0.0,1,
Nick Swisher#,34.0,2TM,2LG,-1.3,76.0,260.0,219.0,14.0,43.0,9.0,0.0,6.0,25.0,0.0,0.0,35.0,54.0,0.196,0.312,0.32,0.631,74.0,0.294,75.0,70.0,9.0,3.0,0.0,3.0,1.0,D7H3/9,
Nick Swisher#,34.0,CLE,AL,-0.8,30.0,111.0,101.0,6.0,20.0,4.0,0.0,2.0,8.0,0.0,0.0,8.0,24.0,0.198,0.261,0.297,0.558,50.0,0.255,42.0,30.0,2.0,1.0,0.0,1.0,1.0,D/H9,
Nick Swisher#,34.0,ATL,NL,-0.6,46.0,149.0,118.0,8.0,23.0,5.0,0.0,4.0,17.0,0.0,0.0,27.0,30.0,0.195,0.349,0.339,0.688,93.0,0.324,100.0,40.0,7.0,2.0,0.0,2.0,0.0,73/H9D,
Nick Vincent,28.0,SDP,NL,0.0,25.0,0.0,0.0,0.0,0.0,0.0,0.0,0.0,0.0,0.0,0.0,0.0,0.0,,,,,,,,0.0,0.0,0.0,0.0,0.0,0.0,1,
Noah Syndergaard*,22.0,NYM,NL,0.3,22.0,50.0,43.0,2.0,9.0,1.0,0.0,1.0,4.0,0.0,0.0,1.0,26.0,0.209,0.227,0.302,0.53,46.0,0.235,26.0,13.0,0.0,0.0,6.0,0.0,0.0,1,ROY-4
Nolan Arenado,24.0,COL,NL,6.3,157.0,665.0,616.0,97.0,177.0,43.0,4.0,42.0,130.0,2.0,5.0,34.0,110.0,0.287,0.323,0.575,0.898,124.0,0.378,124.0,354.0,17.0,4.0,0.0,11.0,13.0,*5/H,"AS,MVP-8,GG,SS"
Nolan Reimold,31.0,BAL,AL,0.2,61.0,195.0,170.0,24.0,42.0,5.0,1.0,6.0,20.0,0.0,0.0,23.0,47.0,0.247,0.344,0.394,0.738,102.0,0.331,103.0,67.0,2.0,2.0,0.0,0.0,2.0,79H/8D,
Nori Aoki*,33.0,SFG,NL,1.1,93.0,392.0,355.0,42.0,102.0,12.0,3.0,5.0,26.0,14.0,5.0,30.0,25.0,0.287,0.353,0.38,0.733,103.0,0.337,106.0,135.0,8.0,6.0,1.0,0.0,0.0,7/H9D,
Odrisamer Despaigne,28.0,SDP,NL,-0.2,31.0,34.0,30.0,0.0,2.0,1.0,0.0,0.0,0.0,0.0,0.0,1.0,11.0,0.067,0.097,0.1,0.197,-45.0,0.092,-85.0,3.0,1.0,0.0,3.0,0.0,0.0,1,
Odúbel Herrera*,23.0,PHI,NL,4.0,147.0,537.0,495.0,64.0,147.0,30.0,3.0,8.0,41.0,16.0,8.0,28.0,129.0,0.297,0.344,0.418,0.762,111.0,0.341,113.0,207.0,6.0,8.0,5.0,1.0,0.0,*8H,
Oliver Drake,28.0,BAL,AL,0.0,1.0,0.0,0.0,0.0,0.0,0.0,0.0,0.0,0.0,0.0,0.0,0.0,0.0,,,,,,,,0.0,0.0,0.0,0.0,0.0,0.0,1,
Omar Infante,33.0,KCR,AL,-0.5,124.0,455.0,440.0,39.0,97.0,23.0,7.0,2.0,44.0,2.0,2.0,9.0,69.0,0.22,0.234,0.318,0.552,48.0,0.249,41.0,140.0,8.0,0.0,2.0,4.0,0.0,*4/H,
Orlando Calixte,23.0,KCR,AL,0.0,2.0,3.0,3.0,1.0,0.0,0.0,0.0,0.0,0.0,0.0,0.0,0.0,0.0,0.0,0.0,0.0,0.0,-100.0,0.0,-145.0,0.0,0.0,0.0,0.0,0.0,0.0,/H6,
Oswaldo Arcia*,24.0,MIN,AL,-0.3,19.0,65.0,58.0,6.0,16.0,0.0,0.0,2.0,8.0,0.0,0.0,4.0,15.0,0.276,0.338,0.379,0.718,98.0,0.294,76.0,22.0,2.0,2.0,0.0,1.0,4.0,7/9H,
Pablo Sandoval#,28.0,BOS,AL,-0.5,126.0,505.0,470.0,43.0,115.0,25.0,1.0,10.0,47.0,0.0,0.0,25.0,73.0,0.245,0.292,0.366,0.658,75.0,0.297,73.0,172.0,14.0,7.0,1.0,2.0,1.0,*5/H,
Paco Rodríguez*,24.0,LAD,NL,0.0,18.0,0.0,0.0,0.0,0.0,0.0,0.0,0.0,0.0,0.0,0.0,0.0,0.0,,,,,,,,0.0,0.0,0.0,0.0,0.0,0.0,1,
Pat Neshek#,34.0,HOU,AL,0.0,5.0,0.0,0.0,0.0,0.0,0.0,0.0,0.0,0.0,0.0,0.0,0.0,0.0,,,,,,,,0.0,0.0,0.0,0.0,0.0,0.0,1,
Pat Venditte*,30.0,OAK,AL,0.0,2.0,1.0,1.0,0.0,0.0,0.0,0.0,0.0,0.0,0.0,0.0,0.0,1.0,0.0,0.0,0.0,0.0,-100.0,0.0,-136.0,0.0,0.0,0.0,0.0,0.0,0.0,1,
Patrick Corbin*,25.0,ARI,NL,0.0,15.0,29.0,25.0,1.0,3.0,0.0,0.0,0.0,3.0,0.0,0.0,3.0,11.0,0.12,0.214,0.12,0.334,-7.0,0.171,-25.0,3.0,1.0,0.0,1.0,0.0,0.0,1,
Paul Goldschmidt,27.0,ARI,NL,8.3,159.0,695.0,567.0,103.0,182.0,38.0,2.0,33.0,110.0,21.0,5.0,118.0,151.0,0.321,0.435,0.57,1.005,168.0,0.432,172.0,323.0,16.0,2.0,0.0,7.0,29.0,*3/DH,"AS,MVP-2,GG,SS"
Paul Janish,32.0,BAL,AL,0.4,14.0,36.0,35.0,4.0,10.0,3.0,0.0,0.0,3.0,0.0,0.0,0.0,3.0,0.286,0.278,0.371,0.649,76.0,0.3,80.0,13.0,0.0,0.0,0.0,1.0,0.0,6/4H,
Paulo Orlando,29.0,KCR,AL,0.7,86.0,251.0,241.0,31.0,60.0,14.0,6.0,7.0,27.0,3.0,3.0,5.0,53.0,0.249,0.269,0.444,0.713,89.0,0.303,82.0,107.0,0.0,2.0,2.0,1.0,0.0,97H/8D,
Pedro Báez,27.0,LAD,NL,0.0,48.0,0.0,0.0,0.0,0.0,0.0,0.0,0.0,0.0,0.0,0.0,0.0,0.0,,,,,,,,0.0,0.0,0.0,0.0,0.0,0.0,1,
Pedro Ciriaco,29.0,ATL,NL,0.0,84.0,151.0,142.0,14.0,37.0,8.0,1.0,1.0,15.0,4.0,2.0,2.0,38.0,0.261,0.275,0.352,0.627,73.0,0.274,63.0,50.0,1.0,2.0,2.0,3.0,0.0,H5/6437D,
Pedro Florimón#,28.0,PIT,NL,-0.2,24.0,25.0,23.0,5.0,2.0,0.0,1.0,0.0,1.0,1.0,0.0,2.0,12.0,0.087,0.16,0.174,0.334,-8.0,0.166,-26.0,4.0,0.0,0.0,0.0,0.0,0.0,6H/4,
Pedro Severino,21.0,WSN,NL,0.1,2.0,4.0,4.0,1.0,1.0,1.0,0.0,0.0,0.0,0.0,0.0,0.0,1.0,0.25,0.25,0.5,0.75,97.0,0.316,88.0,2.0,0.0,0.0,0.0,0.0,0.0,/2H,
Pedro Strop,30.0,CHC,NL,0.0,73.0,0.0,0.0,0.0,0.0,0.0,0.0,0.0,0.0,0.0,0.0,0.0,0.0,,,,,,,,0.0,0.0,0.0,0.0,0.0,0.0,1,
Pedro Villarreal,27.0,CIN,NL,0.0,27.0,6.0,6.0,0.0,1.0,1.0,0.0,0.0,2.0,0.0,0.0,0.0,3.0,0.167,0.167,0.333,0.5,33.0,0.21,14.0,2.0,0.0,0.0,0.0,0.0,0.0,1,
Pedro Álvarez*,28.0,PIT,NL,0.0,150.0,491.0,437.0,60.0,106.0,18.0,0.0,27.0,77.0,2.0,0.0,48.0,131.0,0.243,0.318,0.469,0.787,113.0,0.342,111.0,205.0,6.0,2.0,0.0,4.0,9.0,*3H/D,
Pete Kozma,27.0,STL,NL,-0.7,76.0,111.0,99.0,15.0,15.0,0.0,0.0,0.0,2.0,3.0,1.0,10.0,21.0,0.152,0.236,0.152,0.388,9.0,0.181,-14.0,15.0,0.0,1.0,1.0,0.0,2.0,H645/37D,
Peter Bourjos,28.0,STL,NL,-0.9,117.0,225.0,195.0,32.0,39.0,8.0,3.0,4.0,13.0,5.0,8.0,19.0,59.0,0.2,0.29,0.333,0.623,70.0,0.261,58.0,65.0,2.0,6.0,4.0,1.0,4.0,8H,
Peter Moylan,36.0,ATL,NL,0.0,22.0,0.0,0.0,0.0,0.0,0.0,0.0,0.0,0.0,0.0,0.0,0.0,0.0,,,,,,,,0.0,0.0,0.0,0.0,0.0,0.0,1,
Peter O'Brien,24.0,ARI,NL,0.1,8.0,12.0,10.0,1.0,4.0,1.0,0.0,1.0,3.0,0.0,0.0,2.0,5.0,0.4,0.5,0.8,1.3,242.0,0.544,255.0,8.0,0.0,0.0,0.0,0.0,0.0,/H7,
Phil Coke*,32.0,CHC,NL,0.0,16.0,0.0,0.0,0.0,0.0,0.0,0.0,0.0,0.0,0.0,0.0,0.0,0.0,,,,,,,,0.0,0.0,0.0,0.0,0.0,0.0,1,
Phil Gosselin,26.0,2TM,NL,0.9,44.0,118.0,106.0,19.0,33.0,9.0,1.0,3.0,15.0,2.0,1.0,9.0,16.0,0.311,0.373,0.5,0.873,135.0,0.394,146.0,53.0,2.0,2.0,0.0,1.0,0.0,H4/57,
Phil Gosselin,26.0,ATL,NL,0.3,20.0,42.0,40.0,2.0,13.0,4.0,0.0,0.0,2.0,2.0,0.0,2.0,5.0,0.325,0.357,0.425,0.782,117.0,0.352,112.0,17.0,0.0,0.0,0.0,0.0,0.0,H/54,
Phil Gosselin,26.0,ARI,NL,0.6,24.0,76.0,66.0,17.0,20.0,5.0,1.0,3.0,13.0,0.0,1.0,7.0,11.0,0.303,0.382,0.545,0.927,146.0,0.417,166.0,36.0,2.0,2.0,0.0,1.0,0.0,4/H75,
Phil Hughes,29.0,MIN,AL,0.0,1.0,3.0,3.0,0.0,0.0,0.0,0.0,0.0,0.0,0.0,0.0,0.0,0.0,0.0,0.0,0.0,0.0,-100.0,0.0,-142.0,0.0,0.0,0.0,0.0,0.0,0.0,1,
Phillippe Aumont*,26.0,PHI,NL,0.1,1.0,1.0,0.0,0.0,0.0,0.0,0.0,0.0,0.0,0.0,0.0,1.0,0.0,,1.0,,,,0.693,364.0,0.0,0.0,0.0,0.0,0.0,0.0,/1,
Preston Guilmet,27.0,MIL,NL,0.0,2.0,0.0,0.0,0.0,0.0,0.0,0.0,0.0,0.0,0.0,0.0,0.0,0.0,,,,,,,,0.0,0.0,0.0,0.0,0.0,0.0,/1,
Preston Tucker*,24.0,HOU,AL,0.5,98.0,323.0,300.0,35.0,73.0,19.0,0.0,13.0,33.0,0.0,2.0,20.0,68.0,0.243,0.297,0.437,0.734,102.0,0.324,105.0,131.0,3.0,3.0,0.0,0.0,0.0,7H9/D,
Prince Fielder*,31.0,TEX,AL,1.8,158.0,693.0,613.0,78.0,187.0,28.0,0.0,23.0,98.0,0.0,0.0,64.0,88.0,0.305,0.378,0.463,0.841,126.0,0.364,125.0,284.0,21.0,11.0,0.0,5.0,14.0,*D3/H,"AS,MVP-13"
Quintin Berry*,30.0,CHC,NL,0.0,8.0,1.0,1.0,1.0,0.0,0.0,0.0,0.0,0.0,2.0,1.0,0.0,1.0,0.0,0.0,0.0,0.0,-100.0,0.014,-127.0,0.0,0.0,0.0,0.0,0.0,0.0,/H789,
R.A. Dickey,40.0,TOR,AL,-0.1,2.0,4.0,3.0,0.0,0.0,0.0,0.0,0.0,0.0,0.0,0.0,0.0,1.0,0.0,0.0,0.0,0.0,-100.0,0.0,-224.0,0.0,0.0,0.0,1.0,0.0,0.0,1,
Radhames Liz,31.0,PIT,NL,0.0,14.0,1.0,1.0,0.0,0.0,0.0,0.0,0.0,0.0,0.0,0.0,0.0,0.0,0.0,0.0,0.0,0.0,-100.0,0.0,-136.0,0.0,0.0,0.0,0.0,0.0,0.0,1,
Rafael Betancourt,40.0,COL,NL,0.0,44.0,0.0,0.0,0.0,0.0,0.0,0.0,0.0,0.0,0.0,0.0,0.0,0.0,,,,,,,,0.0,0.0,0.0,0.0,0.0,0.0,1,
Rafael Martín,31.0,WSN,NL,0.0,12.0,0.0,0.0,0.0,0.0,0.0,0.0,0.0,0.0,0.0,0.0,0.0,0.0,,,,,,,,0.0,0.0,0.0,0.0,0.0,0.0,1,
Rafael Montero,24.0,NYM,NL,0.0,5.0,2.0,2.0,0.0,0.0,0.0,0.0,0.0,0.0,0.0,0.0,0.0,1.0,0.0,0.0,0.0,0.0,-100.0,0.0,-136.0,0.0,0.0,0.0,0.0,0.0,0.0,/1,
Rafael Soriano,35.0,CHC,NL,0.0,6.0,0.0,0.0,0.0,0.0,0.0,0.0,0.0,0.0,0.0,0.0,0.0,0.0,,,,,,,,0.0,0.0,0.0,0.0,0.0,0.0,/1,
Rafael Ynoa#,27.0,COL,NL,-0.9,72.0,131.0,127.0,14.0,33.0,8.0,1.0,0.0,9.0,1.0,0.0,3.0,28.0,0.26,0.277,0.339,0.616,57.0,0.275,44.0,43.0,2.0,0.0,1.0,0.0,0.0,H75/64,
Raisel Iglesias,25.0,CIN,NL,-0.2,16.0,31.0,30.0,0.0,2.0,0.0,1.0,0.0,1.0,0.0,0.0,0.0,13.0,0.067,0.067,0.133,0.2,-47.0,0.08,-89.0,4.0,0.0,0.0,1.0,0.0,0.0,1,
Rajai Davis,34.0,DET,AL,1.5,112.0,370.0,341.0,55.0,88.0,16.0,11.0,8.0,30.0,18.0,8.0,22.0,76.0,0.258,0.306,0.44,0.746,103.0,0.33,104.0,150.0,5.0,3.0,1.0,3.0,0.0,87H9/D,
Ramón Cabrera#,25.0,CIN,NL,0.5,13.0,30.0,30.0,4.0,11.0,1.0,0.0,1.0,3.0,0.0,0.0,0.0,5.0,0.367,0.367,0.5,0.867,135.0,0.433,177.0,15.0,1.0,0.0,0.0,0.0,0.0,/2H,
Ramón Flores*,23.0,NYY,AL,0.0,12.0,33.0,32.0,3.0,7.0,1.0,0.0,0.0,0.0,0.0,0.0,0.0,4.0,0.219,0.219,0.25,0.469,29.0,0.235,31.0,8.0,0.0,0.0,1.0,0.0,0.0,7/9,
Randal Grichuk,23.0,STL,NL,3.1,103.0,350.0,323.0,49.0,89.0,23.0,7.0,17.0,47.0,4.0,2.0,22.0,110.0,0.276,0.329,0.548,0.877,134.0,0.382,139.0,177.0,6.0,4.0,0.0,1.0,2.0,78H9,
Randall Delgado,25.0,ARI,NL,0.0,61.0,2.0,1.0,0.0,0.0,0.0,0.0,0.0,0.0,0.0,0.0,0.0,1.0,0.0,0.0,0.0,0.0,-100.0,0.0,-382.0,0.0,0.0,0.0,1.0,0.0,0.0,1,
Randy Choate*,39.0,STL,NL,0.1,66.0,1.0,0.0,0.0,0.0,0.0,0.0,0.0,0.0,0.0,0.0,1.0,0.0,,1.0,,,,0.693,364.0,0.0,0.0,0.0,0.0,0.0,0.0,1,
Raudel Lazo*,26.0,MIA,NL,0.0,7.0,0.0,0.0,0.0,0.0,0.0,0.0,0.0,0.0,0.0,0.0,0.0,0.0,,,,,,,,0.0,0.0,0.0,0.0,0.0,0.0,/1,
Reed Johnson,38.0,WSN,NL,-0.2,17.0,24.0,22.0,0.0,5.0,1.0,0.0,0.0,3.0,0.0,0.0,0.0,6.0,0.227,0.25,0.273,0.523,42.0,0.233,28.0,6.0,1.0,1.0,0.0,1.0,0.0,H/79,
Reid Brignac#,29.0,MIA,NL,-0.2,17.0,17.0,13.0,2.0,1.0,0.0,0.0,0.0,0.0,0.0,0.0,3.0,5.0,0.077,0.25,0.077,0.327,-2.0,0.186,-7.0,1.0,0.0,0.0,1.0,0.0,0.0,H/5,
René Rivera,31.0,TBR,AL,-2.0,110.0,319.0,298.0,16.0,53.0,14.0,0.0,5.0,26.0,0.0,0.0,11.0,86.0,0.178,0.213,0.275,0.489,36.0,0.215,22.0,82.0,4.0,3.0,5.0,2.0,0.0,2/3HD,
Rex Brothers*,27.0,COL,NL,0.0,16.0,0.0,0.0,0.0,0.0,0.0,0.0,0.0,0.0,0.0,0.0,0.0,0.0,,,,,,,,0.0,0.0,0.0,0.0,0.0,0.0,1,
Rey Navarro#,25.0,BAL,AL,-0.1,10.0,30.0,29.0,5.0,8.0,2.0,0.0,1.0,3.0,0.0,0.0,0.0,3.0,0.276,0.276,0.448,0.724,94.0,0.31,88.0,13.0,0.0,0.0,1.0,0.0,0.0,/4H,
Richie Shaffer,24.0,TBR,AL,-0.2,31.0,88.0,74.0,11.0,14.0,3.0,0.0,4.0,6.0,0.0,1.0,10.0,32.0,0.189,0.307,0.392,0.699,95.0,0.313,100.0,29.0,2.0,3.0,0.0,1.0,0.0,3/DH597,
Rick Porcello,26.0,BOS,AL,0.0,1.0,2.0,2.0,0.0,0.0,0.0,0.0,0.0,0.0,0.0,0.0,0.0,2.0,0.0,0.0,0.0,0.0,-100.0,0.0,-150.0,0.0,0.0,0.0,0.0,0.0,0.0,1,
Rickie Weeks,32.0,SEA,AL,-0.8,37.0,95.0,84.0,7.0,14.0,1.0,0.0,2.0,9.0,0.0,0.0,9.0,25.0,0.167,0.263,0.25,0.513,46.0,0.247,48.0,21.0,3.0,2.0,0.0,0.0,0.0,7HD,
Ricky Nolasco,32.0,MIN,AL,0.0,1.0,3.0,3.0,0.0,0.0,0.0,0.0,0.0,0.0,0.0,0.0,0.0,3.0,0.0,0.0,0.0,0.0,-100.0,0.0,-142.0,0.0,0.0,0.0,0.0,0.0,0.0,/1,
Rico Noel,26.0,NYY,AL,0.0,15.0,2.0,2.0,5.0,1.0,0.0,0.0,0.0,0.0,5.0,2.0,0.0,0.0,0.5,0.5,0.5,1.0,177.0,0.528,159.0,1.0,0.0,0.0,0.0,0.0,0.0,H/D9,
Rob Brantly*,25.0,CHW,AL,-0.3,14.0,36.0,33.0,3.0,4.0,1.0,0.0,1.0,6.0,0.0,0.0,2.0,8.0,0.121,0.167,0.242,0.409,13.0,0.179,-3.0,8.0,1.0,0.0,0.0,1.0,0.0,2/H,
Rob Rasmussen,26.0,SEA,AL,0.0,5.0,0.0,0.0,0.0,0.0,0.0,0.0,0.0,0.0,0.0,0.0,0.0,0.0,,,,,,,,0.0,0.0,0.0,0.0,0.0,0.0,1,
Rob Refsnyder,24.0,NYY,AL,0.5,16.0,47.0,43.0,3.0,13.0,3.0,0.0,2.0,5.0,2.0,0.0,3.0,7.0,0.302,0.348,0.512,0.859,132.0,0.374,129.0,22.0,3.0,0.0,0.0,0.0,1.0,4/H,
Rob Scahill*,28.0,PIT,NL,0.0,28.0,0.0,0.0,0.0,0.0,0.0,0.0,0.0,0.0,0.0,0.0,0.0,0.0,,,,,,,,0.0,0.0,0.0,0.0,0.0,0.0,1,
Rob Wooten,29.0,MIL,NL,0.0,4.0,1.0,1.0,0.0,0.0,0.0,0.0,0.0,0.0,0.0,0.0,0.0,0.0,0.0,0.0,0.0,0.0,-100.0,0.0,-136.0,0.0,0.0,0.0,0.0,0.0,0.0,/1,
Robbie Erlin,24.0,SDP,NL,-0.1,3.0,6.0,5.0,0.0,0.0,0.0,0.0,0.0,0.0,0.0,0.0,0.0,1.0,0.0,0.0,0.0,0.0,-100.0,0.0,-185.0,0.0,0.0,0.0,1.0,0.0,0.0,/1,
Robbie Grossman#,25.0,HOU,AL,-0.4,24.0,54.0,49.0,7.0,7.0,2.0,0.0,1.0,5.0,0.0,0.0,5.0,17.0,0.143,0.222,0.245,0.467,31.0,0.231,34.0,12.0,0.0,0.0,0.0,0.0,0.0,7/H9D,
Robbie Ray*,23.0,ARI,NL,-0.2,19.0,36.0,31.0,0.0,3.0,1.0,0.0,0.0,0.0,0.0,0.0,0.0,14.0,0.097,0.097,0.129,0.226,-40.0,0.099,-101.0,4.0,0.0,0.0,5.0,0.0,0.0,1,
Robbie Ross*,26.0,BOS,AL,0.0,5.0,0.0,0.0,0.0,0.0,0.0,0.0,0.0,0.0,0.0,0.0,0.0,0.0,,,,,,,,0.0,0.0,0.0,0.0,0.0,0.0,1,
Roberto Hernández,34.0,HOU,AL,0.0,1.0,3.0,2.0,1.0,0.0,0.0,0.0,0.0,0.0,0.0,0.0,1.0,2.0,0.0,0.333,0.0,0.333,6.0,0.23,33.0,0.0,0.0,0.0,0.0,0.0,0.0,1,
Roberto Osuna,20.0,TOR,AL,0.0,4.0,0.0,0.0,0.0,0.0,0.0,0.0,0.0,0.0,0.0,0.0,0.0,0.0,,,,,,,,0.0,0.0,0.0,0.0,0.0,0.0,1,ROY-4
Roberto Pérez,26.0,CLE,AL,1.5,70.0,226.0,184.0,30.0,42.0,9.0,1.0,7.0,21.0,0.0,0.0,33.0,64.0,0.228,0.348,0.402,0.751,101.0,0.331,98.0,74.0,9.0,2.0,5.0,2.0,1.0,2/D,
Robinson Canó*,32.0,SEA,AL,3.8,156.0,674.0,624.0,82.0,179.0,34.0,1.0,21.0,79.0,2.0,6.0,43.0,107.0,0.287,0.334,0.446,0.779,117.0,0.349,127.0,278.0,26.0,3.0,0.0,4.0,5.0,*4/DH,
Robinson Chirinos,31.0,TEX,AL,1.7,78.0,273.0,233.0,33.0,54.0,16.0,1.0,10.0,34.0,0.0,0.0,28.0,62.0,0.232,0.325,0.438,0.762,104.0,0.338,106.0,102.0,4.0,5.0,5.0,2.0,0.0,2,
Rocky Gale,27.0,SDP,NL,-0.2,11.0,10.0,10.0,0.0,1.0,0.0,0.0,0.0,0.0,0.0,0.0,0.0,1.0,0.1,0.1,0.1,0.2,-44.0,0.09,-70.0,1.0,1.0,0.0,0.0,0.0,0.0,/2H,
Román Méndez,24.0,2TM,AL,0.0,2.0,0.0,0.0,0.0,0.0,0.0,0.0,0.0,0.0,0.0,0.0,0.0,0.0,,,,,,,,0.0,0.0,0.0,0.0,0.0,0.0,1,
Román Méndez,24.0,TEX,AL,0.0,1.0,0.0,0.0,0.0,0.0,0.0,0.0,0.0,0.0,0.0,0.0,0.0,0.0,,,,,,,,0.0,0.0,0.0,0.0,0.0,0.0,1,
Román Méndez,24.0,BOS,AL,0.0,1.0,0.0,0.0,0.0,0.0,0.0,0.0,0.0,0.0,0.0,0.0,0.0,0.0,,,,,,,,0.0,0.0,0.0,0.0,0.0,0.0,/1,
Ronald Belisario,32.0,TBR,AL,0.0,1.0,1.0,1.0,0.0,0.0,0.0,0.0,0.0,0.0,0.0,0.0,0.0,0.0,0.0,0.0,0.0,0.0,-100.0,0.0,-136.0,0.0,0.0,0.0,0.0,0.0,0.0,/1,
Ronald Torreyes,22.0,LAD,NL,0.1,8.0,8.0,6.0,1.0,2.0,1.0,0.0,0.0,1.0,0.0,0.0,1.0,1.0,0.333,0.429,0.5,0.929,160.0,0.408,174.0,3.0,0.0,0.0,1.0,0.0,0.0,/4H5,
Ross Detwiler,29.0,2TM,2LG,0.0,24.0,1.0,1.0,0.0,0.0,0.0,0.0,0.0,0.0,0.0,0.0,0.0,1.0,0.0,0.0,0.0,0.0,-100.0,0.0,-136.0,0.0,0.0,0.0,0.0,0.0,0.0,1,
Ross Detwiler,29.0,TEX,AL,0.0,1.0,0.0,0.0,0.0,0.0,0.0,0.0,0.0,0.0,0.0,0.0,0.0,0.0,,,,,,,,0.0,0.0,0.0,0.0,0.0,0.0,1,
Ross Detwiler,29.0,ATL,NL,0.0,23.0,1.0,1.0,0.0,0.0,0.0,0.0,0.0,0.0,0.0,0.0,0.0,1.0,0.0,0.0,0.0,0.0,-100.0,0.0,-136.0,0.0,0.0,0.0,0.0,0.0,0.0,1,
Ross Ohlendorf,32.0,TEX,AL,0.0,1.0,0.0,0.0,0.0,0.0,0.0,0.0,0.0,0.0,0.0,0.0,0.0,0.0,,,,,,,,0.0,0.0,0.0,0.0,0.0,0.0,1,
Rougned Odor*,21.0,TEX,AL,2.1,120.0,470.0,426.0,54.0,111.0,21.0,9.0,16.0,61.0,6.0,7.0,23.0,79.0,0.261,0.316,0.465,0.781,107.0,0.337,108.0,198.0,3.0,14.0,2.0,5.0,2.0,*4/H,
Rubby De La Rosa,26.0,ARI,NL,-0.4,31.0,68.0,64.0,3.0,6.0,0.0,0.0,0.0,2.0,0.0,0.0,0.0,25.0,0.094,0.094,0.094,0.188,-49.0,0.097,-86.0,6.0,0.0,0.0,4.0,0.0,0.0,1,
Rubén Tejada,25.0,NYM,NL,0.0,116.0,407.0,360.0,36.0,94.0,23.0,0.0,3.0,28.0,2.0,1.0,38.0,70.0,0.261,0.338,0.35,0.688,92.0,0.327,102.0,126.0,6.0,5.0,2.0,2.0,5.0,654/H,
Rusney Castillo,27.0,BOS,AL,0.8,80.0,289.0,273.0,35.0,69.0,10.0,2.0,5.0,29.0,4.0,5.0,13.0,54.0,0.253,0.288,0.359,0.647,72.0,0.273,59.0,98.0,11.0,1.0,1.0,1.0,0.0,97/H8D,
Russell Martin,32.0,TOR,AL,3.0,129.0,507.0,441.0,76.0,106.0,23.0,2.0,23.0,77.0,4.0,5.0,53.0,106.0,0.24,0.329,0.458,0.787,112.0,0.347,116.0,202.0,22.0,8.0,0.0,5.0,1.0,*2/HD4,"AS,MVP-24"
Ryan Braun,31.0,MIL,NL,3.4,140.0,568.0,506.0,87.0,144.0,27.0,3.0,25.0,84.0,24.0,4.0,54.0,115.0,0.285,0.356,0.498,0.854,131.0,0.383,136.0,252.0,20.0,4.0,0.0,3.0,4.0,*9/HD,AS
Ryan Brett#,23.0,TBR,AL,0.1,3.0,4.0,3.0,0.0,2.0,1.0,0.0,0.0,0.0,0.0,0.0,1.0,0.0,0.667,0.75,1.0,1.75,386.0,0.684,373.0,3.0,0.0,0.0,0.0,0.0,0.0,/4H,
Ryan Cook,28.0,BOS,AL,0.0,2.0,0.0,0.0,0.0,0.0,0.0,0.0,0.0,0.0,0.0,0.0,0.0,0.0,,,,,,,,0.0,0.0,0.0,0.0,0.0,0.0,/1,
Ryan Flaherty*,28.0,BAL,AL,0.0,91.0,301.0,267.0,34.0,54.0,8.0,3.0,9.0,31.0,0.0,0.0,26.0,81.0,0.202,0.281,0.356,0.637,73.0,0.279,64.0,95.0,8.0,4.0,2.0,2.0,2.0,463/59H7,
Ryan Goins*,27.0,TOR,AL,2.0,128.0,428.0,376.0,52.0,94.0,16.0,4.0,5.0,45.0,2.0,1.0,39.0,83.0,0.25,0.318,0.354,0.672,83.0,0.303,81.0,133.0,12.0,1.0,7.0,5.0,0.0,46/H579,
Ryan Hanigan,34.0,BOS,AL,0.6,54.0,201.0,174.0,28.0,43.0,8.0,0.0,2.0,16.0,0.0,0.0,20.0,39.0,0.247,0.337,0.328,0.664,80.0,0.315,87.0,57.0,6.0,4.0,1.0,1.0,0.0,2/H,
Ryan Howard*,35.0,PHI,NL,-1.7,129.0,503.0,467.0,53.0,107.0,29.0,1.0,23.0,77.0,0.0,0.0,27.0,138.0,0.229,0.277,0.443,0.72,96.0,0.31,90.0,207.0,11.0,5.0,0.0,3.0,2.0,*3H/D,
Ryan Jackson,27.0,LAA,AL,-0.5,22.0,14.0,9.0,0.0,0.0,0.0,0.0,0.0,0.0,0.0,0.0,1.0,5.0,0.0,0.1,0.0,0.1,-68.0,0.069,-154.0,0.0,1.0,0.0,4.0,0.0,0.0,4/65H,
Ryan Kelly,27.0,ATL,NL,0.0,16.0,0.0,0.0,0.0,0.0,0.0,0.0,0.0,0.0,0.0,0.0,0.0,0.0,,,,,,,,0.0,0.0,0.0,0.0,0.0,0.0,1,
Ryan LaMarre,26.0,CIN,NL,-0.5,21.0,26.0,25.0,2.0,2.0,0.0,0.0,0.0,0.0,0.0,0.0,0.0,9.0,0.08,0.08,0.08,0.16,-56.0,0.072,-96.0,2.0,1.0,0.0,1.0,0.0,0.0,8/H79,
Ryan Lavarnway,27.0,2TM,2LG,-0.1,37.0,106.0,94.0,6.0,18.0,6.0,0.0,2.0,6.0,0.0,0.0,12.0,28.0,0.191,0.283,0.319,0.602,67.0,0.269,58.0,30.0,5.0,0.0,0.0,0.0,1.0,2/H3,
Ryan Lavarnway,27.0,BAL,AL,-0.3,10.0,32.0,28.0,1.0,3.0,1.0,0.0,0.0,0.0,0.0,0.0,4.0,7.0,0.107,0.219,0.143,0.362,2.0,0.178,-10.0,4.0,1.0,0.0,0.0,0.0,0.0,/2H,
Ryan Lavarnway,27.0,ATL,NL,0.2,27.0,74.0,66.0,5.0,15.0,5.0,0.0,2.0,6.0,0.0,0.0,8.0,21.0,0.227,0.311,0.394,0.705,94.0,0.309,89.0,26.0,4.0,0.0,0.0,0.0,1.0,2/H3,
Ryan Lollis*,28.0,SFG,NL,-0.1,5.0,13.0,12.0,0.0,2.0,0.0,0.0,0.0,0.0,1.0,0.0,1.0,1.0,0.167,0.231,0.167,0.397,12.0,0.212,1.0,2.0,0.0,0.0,0.0,0.0,0.0,/79H,
Ryan Madson*,34.0,KCR,AL,0.0,7.0,0.0,0.0,0.0,0.0,0.0,0.0,0.0,0.0,0.0,0.0,0.0,0.0,,,,,,,,0.0,0.0,0.0,0.0,0.0,0.0,1,
Ryan Mattheus,31.0,CIN,NL,0.0,54.0,0.0,0.0,0.0,0.0,0.0,0.0,0.0,0.0,0.0,0.0,0.0,0.0,,,,,,,,0.0,0.0,0.0,0.0,0.0,0.0,1,
Ryan Pressly,26.0,MIN,AL,0.0,6.0,0.0,0.0,0.0,0.0,0.0,0.0,0.0,0.0,0.0,0.0,0.0,0.0,,,,,,,,0.0,0.0,0.0,0.0,0.0,0.0,1,
Ryan Raburn,34.0,CLE,AL,1.1,82.0,201.0,173.0,22.0,52.0,16.0,1.0,8.0,29.0,0.0,0.0,23.0,44.0,0.301,0.393,0.543,0.936,148.0,0.401,151.0,94.0,5.0,4.0,0.0,1.0,3.0,DH79/1,
Ryan Rua,25.0,TEX,AL,-0.2,28.0,86.0,83.0,10.0,16.0,5.0,0.0,4.0,7.0,0.0,0.0,3.0,32.0,0.193,0.221,0.398,0.619,62.0,0.284,65.0,33.0,2.0,0.0,0.0,0.0,0.0,7/39H,
Ryan Strausborger,27.0,TEX,AL,-0.6,31.0,51.0,45.0,9.0,9.0,0.0,0.0,1.0,3.0,2.0,1.0,3.0,11.0,0.2,0.24,0.267,0.507,37.0,0.238,30.0,12.0,1.0,0.0,1.0,2.0,0.0,7H/D9,
Ryan Tepera,27.0,TOR,AL,0.0,2.0,0.0,0.0,0.0,0.0,0.0,0.0,0.0,0.0,0.0,0.0,0.0,0.0,,,,,,,,0.0,0.0,0.0,0.0,0.0,0.0,1,
Ryan Vogelsong,37.0,SFG,NL,0.0,30.0,45.0,36.0,3.0,5.0,1.0,0.0,1.0,2.0,0.0,0.0,1.0,13.0,0.139,0.162,0.25,0.412,12.0,0.179,-32.0,9.0,0.0,0.0,8.0,0.0,0.0,1,
Ryan Webb,29.0,CLE,AL,0.0,4.0,0.0,0.0,0.0,0.0,0.0,0.0,0.0,0.0,0.0,0.0,0.0,0.0,,,,,,,,0.0,0.0,0.0,0.0,0.0,0.0,1,
Ryan Weber,24.0,ATL,NL,-0.1,5.0,10.0,10.0,0.0,0.0,0.0,0.0,0.0,0.0,0.0,0.0,0.0,8.0,0.0,0.0,0.0,0.0,-100.0,0.0,-139.0,0.0,0.0,0.0,0.0,0.0,0.0,/1,
Ryan Zimmerman,30.0,WSN,NL,0.7,95.0,390.0,346.0,43.0,86.0,25.0,1.0,16.0,73.0,1.0,0.0,33.0,79.0,0.249,0.308,0.465,0.773,107.0,0.343,109.0,161.0,13.0,1.0,0.0,10.0,0.0,3/H7,
Salvador Perez,25.0,KCR,AL,2.3,142.0,553.0,531.0,52.0,138.0,25.0,0.0,21.0,70.0,1.0,0.0,13.0,82.0,0.26,0.28,0.426,0.706,88.0,0.316,90.0,226.0,23.0,4.0,0.0,5.0,4.0,*2/D3H,"AS,GG"
Sam Dyson,27.0,2TM,2LG,0.0,43.0,0.0,0.0,0.0,0.0,0.0,0.0,0.0,0.0,0.0,0.0,0.0,0.0,,,,,,,,0.0,0.0,0.0,0.0,0.0,0.0,1,
Sam Dyson,27.0,MIA,NL,0.0,41.0,0.0,0.0,0.0,0.0,0.0,0.0,0.0,0.0,0.0,0.0,0.0,0.0,,,,,,,,0.0,0.0,0.0,0.0,0.0,0.0,1,
Sam Dyson,27.0,TEX,AL,0.0,2.0,0.0,0.0,0.0,0.0,0.0,0.0,0.0,0.0,0.0,0.0,0.0,0.0,,,,,,,,0.0,0.0,0.0,0.0,0.0,0.0,1,
Sam Freeman,28.0,TEX,AL,0.0,4.0,0.0,0.0,0.0,0.0,0.0,0.0,0.0,0.0,0.0,0.0,0.0,0.0,,,,,,,,0.0,0.0,0.0,0.0,0.0,0.0,1,
Sam Fuld*,33.0,OAK,AL,0.8,120.0,325.0,290.0,34.0,57.0,16.0,3.0,2.0,22.0,9.0,3.0,30.0,55.0,0.197,0.276,0.293,0.569,60.0,0.274,64.0,85.0,6.0,2.0,2.0,1.0,1.0,78H9/D,
Sam LeCure,31.0,CIN,NL,0.0,19.0,1.0,1.0,0.0,0.0,0.0,0.0,0.0,0.0,0.0,0.0,0.0,0.0,0.0,0.0,0.0,0.0,-100.0,0.0,-136.0,0.0,0.0,0.0,0.0,0.0,0.0,1,
Sam Tuivailala,22.0,STL,NL,0.0,12.0,0.0,0.0,0.0,0.0,0.0,0.0,0.0,0.0,0.0,0.0,0.0,0.0,,,,,,,,0.0,0.0,0.0,0.0,0.0,0.0,1,
Sammy Solís,26.0,WSN,NL,0.1,18.0,2.0,2.0,0.0,1.0,0.0,0.0,0.0,0.0,0.0,0.0,0.0,0.0,0.5,0.5,0.5,1.0,174.0,0.452,186.0,1.0,0.0,0.0,0.0,0.0,0.0,1,
Sandy León#,26.0,BOS,AL,-0.1,41.0,128.0,114.0,8.0,21.0,2.0,0.0,0.0,3.0,0.0,1.0,7.0,28.0,0.184,0.238,0.202,0.439,20.0,0.22,15.0,23.0,4.0,1.0,6.0,0.0,1.0,2/HD5,
Santiago Casilla,34.0,SFG,NL,0.0,64.0,0.0,0.0,0.0,0.0,0.0,0.0,0.0,0.0,0.0,0.0,0.0,0.0,,,,,,,,0.0,0.0,0.0,0.0,0.0,0.0,1,
Scooter Gennett*,25.0,MIL,NL,0.2,114.0,391.0,375.0,42.0,99.0,18.0,4.0,6.0,29.0,1.0,3.0,12.0,68.0,0.264,0.294,0.381,0.675,84.0,0.295,78.0,143.0,11.0,4.0,0.0,0.0,5.0,4H,
Scott Baker,33.0,LAD,NL,0.0,2.0,4.0,3.0,0.0,0.0,0.0,0.0,0.0,0.0,0.0,0.0,0.0,1.0,0.0,0.0,0.0,0.0,-100.0,0.0,-209.0,0.0,0.0,0.0,1.0,0.0,0.0,/1,
Scott Carroll,30.0,CHW,AL,0.0,1.0,0.0,0.0,0.0,0.0,0.0,0.0,0.0,0.0,0.0,0.0,0.0,0.0,,,,,,,,0.0,0.0,0.0,0.0,0.0,0.0,1,
Scott Copeland,27.0,TOR,AL,0.0,1.0,1.0,1.0,0.0,0.0,0.0,0.0,0.0,0.0,0.0,0.0,0.0,1.0,0.0,0.0,0.0,0.0,-100.0,0.0,-145.0,0.0,0.0,0.0,0.0,0.0,0.0,/1,
Scott Feldman*,32.0,HOU,AL,0.1,1.0,2.0,2.0,0.0,1.0,0.0,0.0,0.0,0.0,0.0,0.0,0.0,1.0,0.5,0.5,0.5,1.0,182.0,0.448,195.0,1.0,0.0,0.0,0.0,0.0,0.0,1,
Scott Kazmir*,31.0,2TM,AL,0.0,2.0,4.0,4.0,1.0,1.0,0.0,0.0,0.0,1.0,0.0,0.0,0.0,2.0,0.25,0.25,0.25,0.5,41.0,0.224,30.0,1.0,0.0,0.0,0.0,0.0,0.0,1,
Scott Kazmir*,31.0,OAK,AL,0.1,1.0,2.0,2.0,1.0,1.0,0.0,0.0,0.0,1.0,0.0,0.0,0.0,1.0,0.5,0.5,0.5,1.0,182.0,0.448,195.0,1.0,0.0,0.0,0.0,0.0,0.0,1,
Scott Kazmir*,31.0,HOU,AL,0.0,1.0,2.0,2.0,0.0,0.0,0.0,0.0,0.0,0.0,0.0,0.0,0.0,1.0,0.0,0.0,0.0,0.0,-100.0,0.0,-136.0,0.0,0.0,0.0,0.0,0.0,0.0,1,
Scott McGough,25.0,MIA,NL,0.0,6.0,0.0,0.0,0.0,0.0,0.0,0.0,0.0,0.0,0.0,0.0,0.0,0.0,,,,,,,,0.0,0.0,0.0,0.0,0.0,0.0,/1,
Scott Oberg,25.0,COL,NL,0.0,61.0,0.0,0.0,0.0,0.0,0.0,0.0,0.0,0.0,0.0,0.0,0.0,0.0,,,,,,,,0.0,0.0,0.0,0.0,0.0,0.0,1,
Scott Schebler*,24.0,LAD,NL,0.6,19.0,40.0,36.0,6.0,9.0,0.0,0.0,3.0,4.0,2.0,1.0,3.0,13.0,0.25,0.325,0.5,0.825,127.0,0.376,142.0,18.0,0.0,1.0,0.0,0.0,1.0,H/79,
Scott Van Slyke,28.0,LAD,NL,1.1,96.0,253.0,222.0,19.0,53.0,14.0,0.0,6.0,30.0,3.0,1.0,23.0,62.0,0.239,0.317,0.383,0.7,96.0,0.307,89.0,85.0,5.0,4.0,1.0,3.0,2.0,7H93/8D,
Sean Doolittle*,28.0,OAK,AL,0.0,1.0,0.0,0.0,0.0,0.0,0.0,0.0,0.0,0.0,0.0,0.0,0.0,0.0,,,,,,,,0.0,0.0,0.0,0.0,0.0,0.0,1,
Sean Gilmartin*,25.0,NYM,NL,0.1,48.0,6.0,6.0,1.0,2.0,0.0,0.0,0.0,0.0,0.0,0.0,0.0,3.0,0.333,0.333,0.333,0.667,87.0,0.301,83.0,2.0,0.0,0.0,0.0,0.0,0.0,1,
Sean O'Sullivan,27.0,PHI,NL,-0.1,12.0,23.0,20.0,2.0,2.0,1.0,0.0,0.0,0.0,0.0,0.0,1.0,10.0,0.1,0.143,0.15,0.293,-18.0,0.136,-51.0,3.0,0.0,0.0,2.0,0.0,0.0,1,
Sean Rodríguez,30.0,PIT,NL,0.0,139.0,240.0,224.0,25.0,55.0,12.0,1.0,4.0,17.0,2.0,2.0,5.0,63.0,0.246,0.281,0.362,0.642,76.0,0.291,75.0,81.0,9.0,6.0,5.0,0.0,0.0,3H79/546,
Sergio Romo,32.0,SFG,NL,0.0,67.0,2.0,2.0,0.0,0.0,0.0,0.0,0.0,0.0,0.0,0.0,0.0,1.0,0.0,0.0,0.0,0.0,-100.0,0.0,-136.0,0.0,0.0,0.0,0.0,0.0,0.0,1,
Sergio Santos,31.0,2TM,2LG,0.0,13.0,0.0,0.0,0.0,0.0,0.0,0.0,0.0,0.0,0.0,0.0,0.0,0.0,,,,,,,,0.0,0.0,0.0,0.0,0.0,0.0,1,
Sergio Santos,31.0,LAD,NL,0.0,12.0,0.0,0.0,0.0,0.0,0.0,0.0,0.0,0.0,0.0,0.0,0.0,0.0,,,,,,,,0.0,0.0,0.0,0.0,0.0,0.0,1,
Sergio Santos,31.0,NYY,AL,0.0,1.0,0.0,0.0,0.0,0.0,0.0,0.0,0.0,0.0,0.0,0.0,0.0,0.0,,,,,,,,0.0,0.0,0.0,0.0,0.0,0.0,/1,
Seth Maness,26.0,STL,NL,0.0,74.0,3.0,3.0,0.0,0.0,0.0,0.0,0.0,0.0,0.0,0.0,0.0,2.0,0.0,0.0,0.0,0.0,-100.0,0.0,-139.0,0.0,0.0,0.0,0.0,0.0,0.0,1/H,
Seth Rosin,26.0,PHI,NL,0.0,1.0,0.0,0.0,0.0,0.0,0.0,0.0,0.0,0.0,0.0,0.0,0.0,0.0,,,,,,,,0.0,0.0,0.0,0.0,0.0,0.0,/1,
Seth Smith*,32.0,SEA,AL,1.7,136.0,452.0,395.0,54.0,98.0,31.0,5.0,12.0,42.0,0.0,0.0,47.0,99.0,0.248,0.33,0.443,0.773,116.0,0.338,115.0,175.0,15.0,4.0,1.0,5.0,4.0,*79HD,
Severino González,22.0,PHI,NL,0.0,7.0,12.0,10.0,2.0,1.0,0.0,0.0,0.0,1.0,0.0,0.0,1.0,4.0,0.1,0.182,0.1,0.282,-18.0,0.145,-44.0,1.0,0.0,0.0,1.0,0.0,0.0,/1,
Shane Greene,26.0,DET,AL,-0.1,2.0,5.0,5.0,0.0,0.0,0.0,0.0,0.0,0.0,0.0,0.0,0.0,5.0,0.0,0.0,0.0,0.0,-100.0,0.0,-140.0,0.0,0.0,0.0,0.0,0.0,0.0,1,
Shane Peterson*,27.0,MIL,NL,0.7,93.0,226.0,201.0,22.0,52.0,7.0,3.0,2.0,16.0,0.0,1.0,20.0,55.0,0.259,0.324,0.353,0.678,86.0,0.308,87.0,71.0,3.0,0.0,3.0,1.0,1.0,H78/93D,
Shane Robinson,30.0,MIN,AL,0.3,83.0,197.0,180.0,28.0,45.0,7.0,3.0,0.0,16.0,6.0,1.0,12.0,29.0,0.25,0.299,0.322,0.621,72.0,0.302,80.0,58.0,4.0,1.0,3.0,1.0,0.0,7H89/D1,
Shane Victorino,34.0,2TM,AL,0.1,71.0,204.0,178.0,19.0,41.0,4.0,2.0,1.0,7.0,7.0,0.0,16.0,32.0,0.23,0.308,0.292,0.601,67.0,0.288,65.0,52.0,4.0,5.0,3.0,2.0,1.0,97H/8,
Shane Victorino,34.0,BOS,AL,0.4,33.0,106.0,94.0,10.0,23.0,2.0,0.0,1.0,4.0,5.0,0.0,9.0,14.0,0.245,0.324,0.298,0.622,69.0,0.313,76.0,28.0,3.0,2.0,1.0,0.0,0.0,9/H,
Shane Victorino,34.0,LAA,AL,-0.4,38.0,98.0,84.0,9.0,18.0,2.0,2.0,0.0,3.0,2.0,0.0,7.0,18.0,0.214,0.292,0.286,0.577,65.0,0.26,54.0,24.0,1.0,3.0,2.0,2.0,1.0,7/H89,
Shawn Kelley,31.0,SDP,NL,0.0,50.0,0.0,0.0,0.0,0.0,0.0,0.0,0.0,0.0,0.0,0.0,0.0,0.0,,,,,,,,0.0,0.0,0.0,0.0,0.0,0.0,1,
Shawn O'Malley#,27.0,SEA,AL,0.5,24.0,57.0,42.0,10.0,11.0,1.0,0.0,1.0,7.0,3.0,0.0,12.0,14.0,0.262,0.418,0.357,0.775,123.0,0.381,139.0,15.0,0.0,0.0,2.0,1.0,0.0,8H/759D,
Shawn Tolleson,27.0,TEX,AL,0.0,4.0,0.0,0.0,0.0,0.0,0.0,0.0,0.0,0.0,0.0,0.0,0.0,0.0,,,,,,,,0.0,0.0,0.0,0.0,0.0,0.0,1,CYA-10
Shelby Miller,24.0,ATL,NL,-0.3,32.0,71.0,56.0,1.0,3.0,2.0,0.0,0.0,0.0,0.0,0.0,4.0,29.0,0.054,0.117,0.089,0.206,-41.0,0.102,-94.0,5.0,0.0,0.0,11.0,0.0,0.0,1,AS
Shin-Soo Choo*,32.0,TEX,AL,3.3,149.0,653.0,555.0,94.0,153.0,32.0,3.0,22.0,82.0,4.0,2.0,76.0,147.0,0.276,0.375,0.463,0.838,125.0,0.37,129.0,257.0,7.0,15.0,2.0,5.0,1.0,*9/HD,
Silvino Bracho,22.0,ARI,NL,0.0,13.0,0.0,0.0,0.0,0.0,0.0,0.0,0.0,0.0,0.0,0.0,0.0,0.0,,,,,,,,0.0,0.0,0.0,0.0,0.0,0.0,1,
Simon Castro,27.0,COL,NL,0.0,11.0,0.0,0.0,0.0,0.0,0.0,0.0,0.0,0.0,0.0,0.0,0.0,0.0,,,,,,,,0.0,0.0,0.0,0.0,0.0,0.0,1,
Skip Schumaker*,35.0,CIN,NL,-0.8,131.0,268.0,244.0,23.0,59.0,20.0,0.0,1.0,21.0,2.0,2.0,23.0,51.0,0.242,0.306,0.336,0.642,76.0,0.287,71.0,82.0,7.0,0.0,0.0,1.0,2.0,H74/98D,
Slade Heathcott*,24.0,NYY,AL,0.4,17.0,30.0,25.0,6.0,10.0,2.0,0.0,2.0,8.0,0.0,1.0,2.0,5.0,0.4,0.429,0.72,1.149,208.0,0.455,216.0,18.0,0.0,0.0,0.0,1.0,0.0,/98H,
Sonny Gray,25.0,OAK,AL,0.0,2.0,6.0,6.0,0.0,1.0,0.0,0.0,0.0,0.0,0.0,0.0,0.0,4.0,0.167,0.167,0.167,0.333,-6.0,0.149,-27.0,1.0,0.0,0.0,0.0,0.0,0.0,1,"AS,CYA-3"
Spencer Patton,27.0,TEX,AL,0.0,2.0,0.0,0.0,0.0,0.0,0.0,0.0,0.0,0.0,0.0,0.0,0.0,0.0,,,,,,,,0.0,0.0,0.0,0.0,0.0,0.0,1,
Starlin Castro,25.0,CHC,NL,0.4,151.0,578.0,547.0,52.0,145.0,23.0,2.0,11.0,69.0,5.0,5.0,21.0,91.0,0.265,0.296,0.375,0.671,84.0,0.298,81.0,205.0,18.0,5.0,1.0,4.0,6.0,*64H,
Starling Marte,26.0,PIT,NL,5.0,153.0,633.0,579.0,84.0,166.0,30.0,2.0,19.0,81.0,30.0,10.0,27.0,123.0,0.287,0.337,0.444,0.78,113.0,0.354,117.0,257.0,14.0,19.0,3.0,5.0,3.0,*78/H,GG
Stefen Romero,26.0,SEA,AL,-0.1,13.0,24.0,21.0,6.0,4.0,1.0,0.0,1.0,3.0,0.0,0.0,3.0,6.0,0.19,0.292,0.381,0.673,88.0,0.298,86.0,8.0,0.0,0.0,0.0,0.0,0.0,/79H8,
Stephen Drew*,32.0,NYY,AL,0.1,131.0,428.0,383.0,43.0,77.0,16.0,1.0,17.0,44.0,0.0,2.0,37.0,71.0,0.201,0.271,0.381,0.652,77.0,0.288,74.0,146.0,7.0,1.0,4.0,3.0,1.0,*46/H5,
Stephen Piscotty,24.0,STL,NL,1.1,63.0,256.0,233.0,29.0,71.0,15.0,4.0,7.0,39.0,2.0,1.0,20.0,56.0,0.305,0.359,0.494,0.853,130.0,0.381,139.0,115.0,7.0,1.0,0.0,2.0,2.0,793/H8,ROY-6
Stephen Strasburg,26.0,WSN,NL,-0.1,22.0,46.0,38.0,1.0,5.0,0.0,0.0,0.0,0.0,0.0,0.0,2.0,17.0,0.132,0.175,0.132,0.307,-15.0,0.145,-58.0,5.0,0.0,0.0,6.0,0.0,0.0,1,
Stephen Vogt*,30.0,OAK,AL,3.6,136.0,511.0,445.0,58.0,116.0,21.0,3.0,18.0,71.0,0.0,2.0,56.0,97.0,0.261,0.341,0.443,0.783,117.0,0.339,116.0,197.0,9.0,2.0,0.0,8.0,6.0,23H/D,AS
Steve Cishek,29.0,2TM,NL,0.0,58.0,0.0,0.0,0.0,0.0,0.0,0.0,0.0,0.0,0.0,0.0,0.0,0.0,,,,,,,,0.0,0.0,0.0,0.0,0.0,0.0,1,
Steve Cishek,29.0,MIA,NL,0.0,31.0,0.0,0.0,0.0,0.0,0.0,0.0,0.0,0.0,0.0,0.0,0.0,0.0,,,,,,,,0.0,0.0,0.0,0.0,0.0,0.0,1,
Steve Cishek,29.0,STL,NL,0.0,27.0,0.0,0.0,0.0,0.0,0.0,0.0,0.0,0.0,0.0,0.0,0.0,0.0,,,,,,,,0.0,0.0,0.0,0.0,0.0,0.0,1,
Steve Clevenger*,29.0,BAL,AL,0.4,30.0,105.0,101.0,11.0,29.0,4.0,2.0,2.0,15.0,0.0,0.0,4.0,13.0,0.287,0.314,0.426,0.74,100.0,0.351,118.0,43.0,3.0,0.0,0.0,0.0,1.0,D/2H3,
Steve Delabar,31.0,TOR,AL,0.0,1.0,0.0,0.0,0.0,0.0,0.0,0.0,0.0,0.0,0.0,0.0,0.0,0.0,,,,,,,,0.0,0.0,0.0,0.0,0.0,0.0,1,
Steve Geltz,27.0,TBR,AL,0.0,5.0,0.0,0.0,0.0,0.0,0.0,0.0,0.0,0.0,0.0,0.0,0.0,0.0,,,,,,,,0.0,0.0,0.0,0.0,0.0,0.0,1,
Steve Lombardozzi#,26.0,PIT,NL,-0.3,12.0,11.0,10.0,1.0,0.0,0.0,0.0,0.0,0.0,0.0,0.0,1.0,4.0,0.0,0.091,0.0,0.091,-72.0,0.063,-94.0,0.0,0.0,0.0,0.0,0.0,0.0,H,
Steve Pearce,32.0,BAL,AL,0.0,92.0,325.0,294.0,42.0,64.0,13.0,1.0,15.0,40.0,1.0,1.0,23.0,69.0,0.218,0.289,0.422,0.711,91.0,0.312,89.0,124.0,11.0,7.0,0.0,1.0,1.0,734H/9D,
Steven Baron,24.0,SEA,AL,-0.3,4.0,11.0,11.0,0.0,0.0,0.0,0.0,0.0,0.0,0.0,0.0,0.0,2.0,0.0,0.0,0.0,0.0,-100.0,0.0,-134.0,0.0,2.0,0.0,0.0,0.0,0.0,/2,
Steven Matz,24.0,NYM,NL,0.1,6.0,14.0,14.0,1.0,4.0,1.0,0.0,0.0,5.0,0.0,0.0,0.0,1.0,0.286,0.286,0.357,0.643,78.0,0.277,65.0,5.0,1.0,0.0,0.0,0.0,0.0,/1,
Steven Moya*,23.0,DET,AL,-0.1,9.0,25.0,22.0,1.0,4.0,0.0,1.0,0.0,0.0,0.0,0.0,3.0,10.0,0.182,0.28,0.273,0.553,55.0,0.249,46.0,6.0,0.0,0.0,0.0,0.0,0.0,/97DH,
Steven Souza Jr.,26.0,TBR,AL,1.4,110.0,426.0,373.0,59.0,84.0,15.0,1.0,16.0,40.0,12.0,6.0,46.0,144.0,0.225,0.318,0.399,0.717,100.0,0.32,101.0,149.0,7.0,5.0,1.0,1.0,0.0,9/HD,
Steven Tolleson,31.0,TOR,AL,0.5,19.0,45.0,41.0,9.0,11.0,5.0,1.0,0.0,3.0,2.0,0.0,4.0,9.0,0.268,0.333,0.439,0.772,108.0,0.343,103.0,18.0,1.0,0.0,0.0,0.0,0.0,4/67H9,
Steven Wright,30.0,BOS,AL,0.0,1.0,2.0,1.0,0.0,0.0,0.0,0.0,0.0,0.0,0.0,0.0,0.0,0.0,0.0,0.0,0.0,0.0,-100.0,0.0,-400.0,0.0,0.0,0.0,1.0,0.0,0.0,1,
Stolmy Pimentel,25.0,TEX,AL,0.0,1.0,0.0,0.0,0.0,0.0,0.0,0.0,0.0,0.0,0.0,0.0,0.0,0.0,,,,,,,,0.0,0.0,0.0,0.0,0.0,0.0,/1,
Sugar Ray Marimón,26.0,ATL,NL,0.1,14.0,7.0,6.0,0.0,2.0,0.0,0.0,0.0,0.0,0.0,0.0,1.0,3.0,0.333,0.429,0.333,0.762,116.0,0.328,104.0,2.0,0.0,0.0,0.0,0.0,0.0,1,
Sócrates Brito*,22.0,ARI,NL,0.6,18.0,34.0,33.0,5.0,10.0,3.0,1.0,0.0,1.0,1.0,0.0,1.0,7.0,0.303,0.324,0.455,0.778,106.0,0.343,101.0,15.0,0.0,0.0,0.0,0.0,0.0,H/978,
T.J. McFarland*,26.0,BAL,AL,0.0,1.0,0.0,0.0,0.0,0.0,0.0,0.0,0.0,0.0,0.0,0.0,0.0,0.0,,,,,,,,0.0,0.0,0.0,0.0,0.0,0.0,1,
Taijuan Walker#,22.0,SEA,AL,0.0,4.0,10.0,9.0,0.0,1.0,1.0,0.0,0.0,1.0,0.0,0.0,0.0,5.0,0.111,0.111,0.222,0.333,-9.0,0.138,-46.0,2.0,0.0,0.0,1.0,0.0,0.0,1,
Tanner Roark,28.0,WSN,NL,0.1,37.0,29.0,27.0,1.0,5.0,2.0,0.0,0.0,0.0,0.0,0.0,0.0,9.0,0.185,0.185,0.259,0.444,19.0,0.183,-17.0,7.0,0.0,0.0,2.0,0.0,0.0,1,
Tanner Scheppers,28.0,TEX,AL,0.0,5.0,0.0,0.0,0.0,0.0,0.0,0.0,0.0,0.0,0.0,0.0,0.0,0.0,,,,,,,,0.0,0.0,0.0,0.0,0.0,0.0,1,
Taylor Featherston,25.0,LAA,AL,-0.1,101.0,169.0,154.0,23.0,25.0,5.0,1.0,2.0,9.0,4.0,2.0,7.0,46.0,0.162,0.212,0.247,0.459,30.0,0.216,25.0,38.0,3.0,3.0,4.0,1.0,0.0,54H6/D,
Taylor Hill,26.0,WSN,NL,0.0,4.0,0.0,0.0,0.0,0.0,0.0,0.0,0.0,0.0,0.0,0.0,0.0,0.0,,,,,,,,0.0,0.0,0.0,0.0,0.0,0.0,/1,
Taylor Jordan,26.0,WSN,NL,0.1,4.0,6.0,6.0,0.0,2.0,0.0,0.0,0.0,0.0,0.0,0.0,0.0,2.0,0.333,0.333,0.333,0.667,83.0,0.284,66.0,2.0,0.0,0.0,0.0,0.0,0.0,/1,
Taylor Jungmann,25.0,MIL,NL,0.4,21.0,44.0,37.0,2.0,10.0,2.0,0.0,0.0,0.0,0.0,0.0,1.0,12.0,0.27,0.289,0.324,0.614,68.0,0.27,50.0,12.0,0.0,0.0,6.0,0.0,0.0,1,
Taylor Teagarden,31.0,CHC,NL,-0.2,8.0,15.0,15.0,0.0,3.0,0.0,0.0,0.0,2.0,0.0,0.0,0.0,4.0,0.2,0.2,0.2,0.4,11.0,0.181,-6.0,3.0,1.0,0.0,0.0,0.0,0.0,/2H,
Terrance Gore,24.0,KCR,AL,-0.1,9.0,4.0,3.0,1.0,0.0,0.0,0.0,0.0,0.0,3.0,0.0,0.0,1.0,0.0,0.25,0.0,0.25,-23.0,0.365,-9.0,0.0,0.0,1.0,0.0,0.0,0.0,/H7D,
Thomas Field,28.0,TEX,AL,-0.1,14.0,45.0,41.0,6.0,8.0,1.0,0.0,2.0,5.0,1.0,0.0,2.0,16.0,0.195,0.25,0.366,0.616,64.0,0.292,67.0,15.0,0.0,1.0,1.0,0.0,0.0,4/H6,
Tim Beckham,25.0,TBR,AL,0.1,82.0,223.0,203.0,24.0,45.0,7.0,4.0,9.0,37.0,3.0,1.0,13.0,69.0,0.222,0.274,0.429,0.702,93.0,0.298,84.0,87.0,3.0,3.0,0.0,4.0,0.0,46HD/5,
Tim Cooney*,24.0,STL,NL,0.2,6.0,11.0,10.0,1.0,3.0,1.0,0.0,0.0,0.0,0.0,0.0,0.0,0.0,0.3,0.3,0.4,0.7,89.0,0.307,81.0,4.0,0.0,0.0,1.0,0.0,0.0,/1,
Tim Hudson,39.0,SFG,NL,0.3,22.0,42.0,38.0,3.0,7.0,2.0,0.0,1.0,1.0,0.0,0.0,1.0,11.0,0.184,0.205,0.316,0.521,41.0,0.228,22.0,12.0,0.0,0.0,3.0,0.0,0.0,1,
Tim Lincecum*,31.0,SFG,NL,0.1,16.0,25.0,21.0,0.0,3.0,1.0,0.0,0.0,0.0,0.0,0.0,2.0,10.0,0.143,0.217,0.19,0.408,14.0,0.194,-6.0,4.0,1.0,0.0,2.0,0.0,0.0,1/H,
Tim Stauffer,33.0,NYM,NL,0.0,5.0,0.0,0.0,0.0,0.0,0.0,0.0,0.0,0.0,0.0,0.0,0.0,0.0,,,,,,,,0.0,0.0,0.0,0.0,0.0,0.0,/1,
Todd Cunningham#,26.0,ATL,NL,0.0,39.0,93.0,86.0,13.0,19.0,4.0,0.0,0.0,4.0,2.0,1.0,5.0,17.0,0.221,0.28,0.267,0.547,53.0,0.256,49.0,23.0,1.0,2.0,0.0,0.0,1.0,7H/98,
Todd Frazier,29.0,CIN,NL,3.7,157.0,678.0,619.0,82.0,158.0,43.0,1.0,35.0,89.0,13.0,8.0,44.0,137.0,0.255,0.309,0.498,0.806,117.0,0.351,118.0,308.0,19.0,7.0,1.0,7.0,3.0,*5/H,AS
Tom Gorzelanny,32.0,DET,AL,0.0,5.0,0.0,0.0,0.0,0.0,0.0,0.0,0.0,0.0,0.0,0.0,0.0,0.0,,,,,,,,0.0,0.0,0.0,0.0,0.0,0.0,1,
Tom Koehler,29.0,MIA,NL,0.1,30.0,64.0,50.0,2.0,6.0,1.0,0.0,0.0,1.0,0.0,0.0,2.0,28.0,0.12,0.154,0.14,0.294,-17.0,0.188,-22.0,7.0,1.0,0.0,12.0,0.0,0.0,1,
Tom Murphy,24.0,COL,NL,0.2,11.0,39.0,35.0,5.0,9.0,1.0,0.0,3.0,9.0,0.0,0.0,4.0,10.0,0.257,0.333,0.543,0.876,119.0,0.389,131.0,19.0,0.0,0.0,0.0,0.0,1.0,2,
Tom Wilhelmsen,31.0,SEA,AL,0.0,5.0,0.0,0.0,0.0,0.0,0.0,0.0,0.0,0.0,0.0,0.0,0.0,0.0,,,,,,,,0.0,0.0,0.0,0.0,0.0,0.0,1,
Tommy Hunter,28.0,2TM,2LG,0.0,20.0,0.0,0.0,0.0,0.0,0.0,0.0,0.0,0.0,0.0,0.0,0.0,0.0,,,,,,,,0.0,0.0,0.0,0.0,0.0,0.0,1,
Tommy Hunter,28.0,BAL,AL,0.0,2.0,0.0,0.0,0.0,0.0,0.0,0.0,0.0,0.0,0.0,0.0,0.0,0.0,,,,,,,,0.0,0.0,0.0,0.0,0.0,0.0,1,
Tommy Hunter,28.0,CHC,NL,0.0,18.0,0.0,0.0,0.0,0.0,0.0,0.0,0.0,0.0,0.0,0.0,0.0,0.0,,,,,,,,0.0,0.0,0.0,0.0,0.0,0.0,1,
Tommy Kahnle,25.0,COL,NL,0.0,34.0,0.0,0.0,0.0,0.0,0.0,0.0,0.0,0.0,0.0,0.0,0.0,0.0,,,,,,,,0.0,0.0,0.0,0.0,0.0,0.0,1,
Tommy La Stella*,26.0,CHC,NL,0.6,33.0,75.0,67.0,4.0,18.0,6.0,0.0,1.0,11.0,2.0,0.0,5.0,7.0,0.269,0.324,0.403,0.727,100.0,0.328,97.0,27.0,1.0,1.0,0.0,1.0,0.0,H45,
Tommy Layne*,30.0,BOS,AL,0.0,8.0,0.0,0.0,0.0,0.0,0.0,0.0,0.0,0.0,0.0,0.0,0.0,0.0,,,,,,,,0.0,0.0,0.0,0.0,0.0,0.0,1,
Tommy Milone*,28.0,MIN,AL,0.0,1.0,2.0,2.0,0.0,0.0,0.0,0.0,0.0,0.0,0.0,0.0,0.0,1.0,0.0,0.0,0.0,0.0,-100.0,0.0,-141.0,0.0,0.0,0.0,0.0,0.0,0.0,1,
Tommy Pham,27.0,STL,NL,1.5,52.0,173.0,153.0,28.0,41.0,7.0,5.0,5.0,18.0,2.0,0.0,19.0,41.0,0.268,0.347,0.477,0.824,123.0,0.368,126.0,73.0,1.0,0.0,0.0,1.0,1.0,87H/9,
Tomás Telis#,24.0,2TM,2LG,-0.1,23.0,41.0,38.0,2.0,6.0,0.0,0.0,0.0,2.0,0.0,0.0,1.0,4.0,0.158,0.22,0.158,0.377,7.0,0.236,33.0,6.0,2.0,2.0,0.0,0.0,1.0,H2/D,
Tomás Telis#,24.0,TEX,AL,0.0,6.0,12.0,11.0,1.0,2.0,0.0,0.0,0.0,2.0,0.0,0.0,0.0,1.0,0.182,0.25,0.182,0.432,20.0,0.284,65.0,2.0,0.0,1.0,0.0,0.0,0.0,/2H,
Tomás Telis#,24.0,MIA,NL,-0.1,17.0,29.0,27.0,1.0,4.0,0.0,0.0,0.0,0.0,0.0,0.0,1.0,3.0,0.148,0.207,0.148,0.355,2.0,0.216,19.0,4.0,2.0,1.0,0.0,0.0,1.0,/H2D,
Tony Cingrani*,25.0,CIN,NL,0.0,33.0,2.0,2.0,1.0,0.0,0.0,0.0,0.0,1.0,0.0,0.0,0.0,1.0,0.0,0.0,0.0,0.0,-100.0,0.453,191.0,0.0,0.0,0.0,0.0,0.0,0.0,1,
Tony Cruz,28.0,STL,NL,-0.7,69.0,151.0,142.0,6.0,29.0,7.0,1.0,2.0,11.0,0.0,0.0,6.0,32.0,0.204,0.235,0.31,0.545,47.0,0.239,33.0,44.0,6.0,0.0,2.0,1.0,0.0,2H/5,
Tony Sanchez,27.0,PIT,NL,0.2,3.0,9.0,8.0,2.0,3.0,0.0,0.0,0.0,0.0,0.0,0.0,1.0,3.0,0.375,0.444,0.375,0.819,130.0,0.479,211.0,3.0,0.0,0.0,0.0,0.0,0.0,/2H,
Tony Sipp*,31.0,HOU,AL,0.0,3.0,0.0,0.0,0.0,0.0,0.0,0.0,0.0,0.0,0.0,0.0,0.0,0.0,,,,,,,,0.0,0.0,0.0,0.0,0.0,0.0,1,
Tony Watson*,30.0,PIT,NL,0.0,72.0,0.0,0.0,0.0,0.0,0.0,0.0,0.0,0.0,0.0,0.0,0.0,0.0,,,,,,,,0.0,0.0,0.0,0.0,0.0,0.0,1,
Torii Hunter,39.0,MIN,AL,-0.7,139.0,567.0,521.0,67.0,125.0,22.0,0.0,22.0,81.0,2.0,5.0,35.0,105.0,0.24,0.293,0.409,0.702,91.0,0.305,88.0,213.0,14.0,6.0,0.0,5.0,1.0,*9D/H,
Travis d'Arnaud,26.0,NYM,NL,1.5,67.0,268.0,239.0,31.0,64.0,14.0,1.0,12.0,41.0,0.0,0.0,23.0,49.0,0.268,0.34,0.485,0.825,126.0,0.361,127.0,116.0,7.0,4.0,0.0,2.0,0.0,2/H,
Travis Ishikawa*,31.0,2TM,NL,-0.5,44.0,72.0,63.0,6.0,13.0,3.0,0.0,1.0,8.0,0.0,0.0,9.0,20.0,0.206,0.306,0.302,0.607,69.0,0.278,64.0,19.0,2.0,0.0,0.0,0.0,0.0,H3/7,
Travis Ishikawa*,31.0,SFG,NL,-0.1,6.0,6.0,5.0,1.0,0.0,0.0,0.0,0.0,0.0,0.0,0.0,1.0,3.0,0.0,0.167,0.0,0.167,-48.0,0.115,-55.0,0.0,0.0,0.0,0.0,0.0,0.0,/H7,
Travis Ishikawa*,31.0,PIT,NL,-0.4,38.0,66.0,58.0,5.0,13.0,3.0,0.0,1.0,8.0,0.0,0.0,8.0,17.0,0.224,0.318,0.328,0.646,79.0,0.293,75.0,19.0,2.0,0.0,0.0,0.0,0.0,H3/7,
Travis Jankowski*,24.0,SDP,NL,0.1,34.0,96.0,90.0,9.0,19.0,2.0,2.0,2.0,12.0,2.0,1.0,4.0,24.0,0.211,0.245,0.344,0.589,63.0,0.281,70.0,31.0,1.0,0.0,2.0,0.0,0.0,89/H,
Travis Shaw*,25.0,BOS,AL,1.1,65.0,248.0,226.0,31.0,61.0,10.0,0.0,13.0,36.0,0.0,1.0,18.0,57.0,0.27,0.327,0.487,0.813,114.0,0.352,116.0,110.0,1.0,2.0,0.0,2.0,1.0,3/5H7,
Travis Snider*,27.0,2TM,2LG,0.9,87.0,265.0,237.0,24.0,55.0,12.0,2.0,4.0,28.0,1.0,0.0,26.0,66.0,0.232,0.313,0.35,0.663,82.0,0.307,85.0,83.0,3.0,2.0,0.0,0.0,2.0,79H/D,
Travis Snider*,27.0,BAL,AL,1.1,69.0,236.0,211.0,23.0,50.0,9.0,2.0,3.0,20.0,1.0,0.0,23.0,56.0,0.237,0.318,0.341,0.659,81.0,0.309,86.0,72.0,3.0,2.0,0.0,0.0,1.0,79/HD,
Travis Snider*,27.0,PIT,NL,-0.2,18.0,29.0,26.0,1.0,5.0,3.0,0.0,1.0,8.0,0.0,0.0,3.0,10.0,0.192,0.276,0.423,0.699,89.0,0.288,70.0,11.0,0.0,0.0,0.0,0.0,1.0,H/79,
Travis Tartamella,27.0,STL,NL,0.0,3.0,2.0,2.0,0.0,1.0,0.0,0.0,0.0,0.0,0.0,0.0,0.0,0.0,0.5,0.5,0.5,1.0,175.0,0.452,191.0,1.0,0.0,0.0,0.0,0.0,0.0,/2,
Travis Wood,28.0,CHC,NL,-0.1,57.0,32.0,30.0,0.0,3.0,0.0,0.0,0.0,2.0,0.0,0.0,2.0,16.0,0.1,0.156,0.1,0.256,-27.0,0.128,-45.0,3.0,0.0,0.0,0.0,0.0,0.0,1/H,
Trayce Thompson,24.0,CHW,AL,1.6,44.0,135.0,122.0,17.0,36.0,8.0,3.0,5.0,16.0,1.0,0.0,13.0,26.0,0.295,0.363,0.533,0.896,147.0,0.39,152.0,65.0,3.0,0.0,0.0,0.0,0.0,978/HD,
Trea Turner,22.0,WSN,NL,0.3,27.0,44.0,40.0,5.0,9.0,1.0,0.0,1.0,1.0,2.0,2.0,4.0,12.0,0.225,0.295,0.325,0.62,69.0,0.29,78.0,13.0,0.0,0.0,0.0,0.0,0.0,H4/6,
Trevor Bauer,24.0,CLE,AL,0.0,3.0,7.0,6.0,0.0,1.0,0.0,0.0,0.0,0.0,0.0,0.0,1.0,1.0,0.167,0.286,0.167,0.452,26.0,0.227,22.0,1.0,0.0,0.0,0.0,0.0,0.0,1,
Trevor Brown,23.0,SFG,NL,-0.2,13.0,43.0,39.0,1.0,9.0,3.0,0.0,0.0,5.0,1.0,1.0,3.0,8.0,0.231,0.279,0.308,0.587,62.0,0.252,49.0,12.0,0.0,0.0,0.0,1.0,0.0,2,
Trevor Cahill,27.0,2TM,NL,0.0,26.0,8.0,7.0,0.0,1.0,0.0,0.0,0.0,0.0,0.0,0.0,1.0,2.0,0.143,0.25,0.143,0.393,13.0,0.199,8.0,1.0,0.0,0.0,0.0,0.0,0.0,1,
Trevor Cahill,27.0,ATL,NL,0.0,15.0,5.0,5.0,0.0,1.0,0.0,0.0,0.0,0.0,0.0,0.0,0.0,2.0,0.2,0.2,0.2,0.4,12.0,0.181,-6.0,1.0,0.0,0.0,0.0,0.0,0.0,1,
Trevor Cahill,27.0,CHC,NL,0.0,11.0,3.0,2.0,0.0,0.0,0.0,0.0,0.0,0.0,0.0,0.0,1.0,0.0,0.0,0.333,0.0,0.333,4.0,0.231,30.0,0.0,0.0,0.0,0.0,0.0,0.0,1,
Trevor Gott,22.0,LAA,AL,0.0,6.0,0.0,0.0,0.0,0.0,0.0,0.0,0.0,0.0,0.0,0.0,0.0,0.0,,,,,,,,0.0,0.0,0.0,0.0,0.0,0.0,1,
Trevor May,25.0,MIN,AL,0.0,3.0,3.0,3.0,0.0,0.0,0.0,0.0,0.0,0.0,0.0,0.0,0.0,3.0,0.0,0.0,0.0,0.0,-100.0,0.0,-142.0,0.0,0.0,0.0,0.0,0.0,0.0,1,
Trevor Plouffe,29.0,MIN,AL,2.9,152.0,632.0,573.0,74.0,140.0,35.0,4.0,22.0,86.0,2.0,1.0,50.0,124.0,0.244,0.307,0.435,0.742,102.0,0.335,108.0,249.0,28.0,4.0,1.0,4.0,0.0,*53,
Trevor Rosenthal,25.0,STL,NL,0.0,64.0,1.0,1.0,0.0,0.0,0.0,0.0,0.0,0.0,0.0,0.0,0.0,1.0,0.0,0.0,0.0,0.0,-100.0,0.0,-136.0,0.0,0.0,0.0,0.0,0.0,0.0,1,"AS,MVP-17"
Troy Tulowitzki,30.0,2TM,2LG,2.7,128.0,534.0,486.0,77.0,136.0,27.0,0.0,17.0,70.0,1.0,0.0,38.0,114.0,0.28,0.337,0.44,0.777,101.0,0.346,103.0,214.0,17.0,6.0,0.0,4.0,5.0,*6/HD,AS
Troy Tulowitzki,30.0,COL,NL,1.7,87.0,351.0,323.0,46.0,97.0,19.0,0.0,12.0,53.0,0.0,0.0,24.0,72.0,0.3,0.348,0.471,0.818,107.0,0.36,109.0,152.0,13.0,1.0,0.0,3.0,4.0,6/H,
Troy Tulowitzki,30.0,TOR,AL,0.9,41.0,183.0,163.0,31.0,39.0,8.0,0.0,5.0,17.0,1.0,0.0,14.0,42.0,0.239,0.317,0.38,0.697,89.0,0.318,91.0,62.0,4.0,5.0,0.0,1.0,1.0,6/DH,
Tsuyoshi Wada*,34.0,CHC,NL,-0.1,7.0,9.0,8.0,1.0,0.0,0.0,0.0,0.0,0.0,0.0,0.0,1.0,5.0,0.0,0.111,0.0,0.111,-65.0,0.077,-82.0,0.0,0.0,0.0,0.0,0.0,0.0,/1,
Tucker Barnhart*,24.0,CIN,NL,0.3,81.0,274.0,242.0,23.0,61.0,9.0,0.0,3.0,18.0,0.0,1.0,25.0,45.0,0.252,0.324,0.326,0.65,79.0,0.296,77.0,79.0,10.0,2.0,2.0,3.0,5.0,2/H9,
Tuffy Gosewisch,31.0,ARI,NL,0.5,38.0,138.0,128.0,9.0,27.0,6.0,0.0,1.0,13.0,2.0,1.0,8.0,23.0,0.211,0.261,0.281,0.542,46.0,0.297,73.0,36.0,2.0,1.0,0.0,1.0,0.0,2/H,
Tyler Clippard,30.0,2TM,2LG,0.0,30.0,1.0,1.0,0.0,0.0,0.0,0.0,0.0,0.0,0.0,0.0,0.0,0.0,0.0,0.0,0.0,0.0,-100.0,0.0,-136.0,0.0,0.0,0.0,0.0,0.0,0.0,1,
Tyler Clippard,30.0,OAK,AL,0.0,1.0,0.0,0.0,0.0,0.0,0.0,0.0,0.0,0.0,0.0,0.0,0.0,0.0,,,,,,,,0.0,0.0,0.0,0.0,0.0,0.0,1,
Tyler Clippard,30.0,NYM,NL,0.0,29.0,1.0,1.0,0.0,0.0,0.0,0.0,0.0,0.0,0.0,0.0,0.0,0.0,0.0,0.0,0.0,0.0,-100.0,0.0,-136.0,0.0,0.0,0.0,0.0,0.0,0.0,1,
Tyler Collins*,25.0,DET,AL,-0.2,60.0,207.0,192.0,18.0,51.0,11.0,3.0,4.0,25.0,2.0,1.0,13.0,43.0,0.266,0.316,0.417,0.732,101.0,0.317,96.0,80.0,2.0,1.0,1.0,0.0,0.0,7D/H9,
Tyler Cravy,25.0,MIL,NL,-0.1,14.0,10.0,8.0,0.0,0.0,0.0,0.0,0.0,0.0,0.0,0.0,0.0,3.0,0.0,0.0,0.0,0.0,-100.0,0.0,-201.0,0.0,0.0,0.0,2.0,0.0,0.0,1,
Tyler Flowers,29.0,CHW,AL,0.8,112.0,361.0,331.0,21.0,79.0,12.0,0.0,9.0,39.0,0.0,1.0,21.0,104.0,0.239,0.295,0.356,0.652,82.0,0.293,82.0,118.0,8.0,6.0,2.0,1.0,0.0,*2/3DH,
Tyler Holt,26.0,2TM,2LG,-0.3,14.0,34.0,31.0,4.0,3.0,0.0,0.0,0.0,0.0,1.0,0.0,3.0,11.0,0.097,0.176,0.097,0.273,-23.0,0.148,-41.0,3.0,0.0,0.0,0.0,0.0,0.0,/879,
Tyler Holt,26.0,CLE,AL,-0.3,9.0,21.0,20.0,2.0,2.0,0.0,0.0,0.0,0.0,0.0,0.0,1.0,9.0,0.1,0.143,0.1,0.243,-33.0,0.118,-58.0,2.0,0.0,0.0,0.0,0.0,0.0,/879,
Tyler Holt,26.0,CIN,NL,0.1,5.0,13.0,11.0,2.0,1.0,0.0,0.0,0.0,0.0,1.0,0.0,2.0,2.0,0.091,0.231,0.091,0.322,-7.0,0.195,-11.0,1.0,0.0,0.0,0.0,0.0,0.0,/8,
Tyler Ladendorf,27.0,OAK,AL,0.1,9.0,18.0,17.0,3.0,4.0,0.0,1.0,0.0,2.0,0.0,0.0,1.0,2.0,0.235,0.278,0.353,0.631,75.0,0.275,67.0,6.0,0.0,0.0,0.0,0.0,0.0,/7H4856,
Tyler Lyons*,27.0,STL,NL,0.1,17.0,20.0,16.0,3.0,3.0,0.0,0.0,0.0,1.0,0.0,0.0,2.0,4.0,0.188,0.278,0.188,0.465,31.0,0.222,12.0,3.0,0.0,0.0,2.0,0.0,0.0,1,
Tyler Matzek*,24.0,COL,NL,0.2,6.0,9.0,8.0,3.0,3.0,1.0,0.0,0.0,0.0,0.0,0.0,0.0,1.0,0.375,0.375,0.5,0.875,122.0,0.384,129.0,4.0,0.0,0.0,1.0,0.0,0.0,/1H,
Tyler Moore,28.0,WSN,NL,-1.2,97.0,200.0,187.0,14.0,38.0,12.0,0.0,6.0,27.0,0.0,0.0,11.0,45.0,0.203,0.25,0.364,0.614,64.0,0.279,62.0,68.0,2.0,1.0,0.0,1.0,2.0,H37/19,
Tyler Olson,25.0,SEA,AL,0.0,2.0,0.0,0.0,0.0,0.0,0.0,0.0,0.0,0.0,0.0,0.0,0.0,0.0,,,,,,,,0.0,0.0,0.0,0.0,0.0,0.0,1,
Tyler Saladino,25.0,CHW,AL,0.9,68.0,254.0,236.0,33.0,53.0,6.0,4.0,4.0,20.0,8.0,2.0,12.0,51.0,0.225,0.267,0.335,0.602,68.0,0.27,61.0,79.0,9.0,2.0,3.0,1.0,0.0,56/H3,
Tyler Thornburg,26.0,MIL,NL,0.0,23.0,3.0,3.0,0.0,0.0,0.0,0.0,0.0,0.0,0.0,0.0,0.0,1.0,0.0,0.0,0.0,0.0,-100.0,0.0,-139.0,0.0,0.0,0.0,0.0,0.0,0.0,1,
Tyler Wagner,24.0,MIL,NL,0.0,3.0,3.0,3.0,0.0,0.0,0.0,0.0,0.0,0.0,0.0,0.0,0.0,2.0,0.0,0.0,0.0,0.0,-100.0,0.0,-139.0,0.0,0.0,0.0,0.0,0.0,0.0,/1,
Tyler Wilson,25.0,BAL,AL,0.0,2.0,3.0,2.0,0.0,0.0,0.0,0.0,0.0,0.0,0.0,0.0,0.0,0.0,0.0,0.0,0.0,0.0,-100.0,0.0,-264.0,0.0,0.0,0.0,1.0,0.0,0.0,/1,
Tyson Ross,28.0,SDP,NL,0.7,32.0,68.0,56.0,6.0,14.0,1.0,1.0,1.0,6.0,0.0,0.0,2.0,19.0,0.25,0.283,0.357,0.64,78.0,0.275,61.0,20.0,1.0,1.0,8.0,1.0,0.0,1/H,
Ubaldo Jiménez,31.0,BAL,AL,0.0,4.0,8.0,8.0,0.0,2.0,0.0,0.0,0.0,2.0,0.0,0.0,0.0,4.0,0.25,0.25,0.25,0.5,38.0,0.212,16.0,2.0,0.0,0.0,0.0,0.0,0.0,1,
Vance Worley,27.0,PIT,NL,0.0,23.0,18.0,17.0,1.0,3.0,1.0,0.0,0.0,0.0,0.0,0.0,0.0,6.0,0.176,0.176,0.235,0.412,12.0,0.175,-18.0,4.0,0.0,0.0,1.0,0.0,0.0,1/H,
Victor Martinez#,36.0,DET,AL,-1.9,120.0,485.0,440.0,39.0,108.0,20.0,0.0,11.0,64.0,0.0,0.0,31.0,52.0,0.245,0.301,0.366,0.667,84.0,0.287,73.0,161.0,18.0,7.0,0.0,7.0,8.0,D3/H,
Vidal Nuño III*,27.0,2TM,2LG,0.0,6.0,7.0,7.0,0.0,1.0,0.0,0.0,0.0,1.0,0.0,0.0,0.0,0.0,0.143,0.143,0.143,0.286,-22.0,0.128,-47.0,1.0,0.0,0.0,0.0,0.0,0.0,1,
Vidal Nuño III*,27.0,ARI,NL,-0.1,3.0,5.0,5.0,0.0,0.0,0.0,0.0,0.0,0.0,0.0,0.0,0.0,0.0,0.0,0.0,0.0,0.0,-100.0,0.0,-146.0,0.0,0.0,0.0,0.0,0.0,0.0,/1,
Vidal Nuño III*,27.0,SEA,AL,0.1,3.0,2.0,2.0,0.0,1.0,0.0,0.0,0.0,1.0,0.0,0.0,0.0,0.0,0.5,0.5,0.5,1.0,184.0,0.448,195.0,1.0,0.0,0.0,0.0,0.0,0.0,1,
Vin Mazzaro,28.0,MIA,NL,0.0,8.0,0.0,0.0,0.0,0.0,0.0,0.0,0.0,0.0,0.0,0.0,0.0,0.0,,,,,,,,0.0,0.0,0.0,0.0,0.0,0.0,1,
Vince Velasquez,23.0,HOU,AL,0.0,1.0,0.0,0.0,0.0,0.0,0.0,0.0,0.0,0.0,0.0,0.0,0.0,0.0,,,,,,,,0.0,0.0,0.0,0.0,0.0,0.0,1,
Vinnie Pestano,30.0,LAA,AL,0.0,1.0,0.0,0.0,0.0,0.0,0.0,0.0,0.0,0.0,0.0,0.0,0.0,0.0,,,,,,,,0.0,0.0,0.0,0.0,0.0,0.0,1,
Wade Davis,29.0,KCR,AL,0.0,6.0,0.0,0.0,0.0,0.0,0.0,0.0,0.0,0.0,0.0,0.0,0.0,0.0,,,,,,,,0.0,0.0,0.0,0.0,0.0,0.0,1,"AS,CYA-6,MVP-28"
Wade Miley*,28.0,BOS,AL,0.0,1.0,2.0,2.0,0.0,0.0,0.0,0.0,0.0,0.0,0.0,0.0,0.0,0.0,0.0,0.0,0.0,0.0,-100.0,0.0,-150.0,0.0,0.0,0.0,0.0,0.0,0.0,1,
Wandy Rodríguez#,36.0,TEX,AL,0.1,1.0,2.0,2.0,1.0,1.0,0.0,0.0,0.0,0.0,0.0,0.0,0.0,0.0,0.5,0.5,0.5,1.0,173.0,0.448,186.0,1.0,0.0,0.0,0.0,0.0,0.0,1,
Welington Castillo,28.0,3TM,2LG,1.0,110.0,378.0,342.0,42.0,81.0,15.0,1.0,19.0,57.0,0.0,0.0,25.0,92.0,0.237,0.296,0.453,0.75,99.0,0.331,99.0,155.0,12.0,6.0,0.0,5.0,1.0,2H/D,
Welington Castillo,28.0,2TM,NL,1.4,104.0,350.0,317.0,39.0,77.0,15.0,1.0,19.0,55.0,0.0,0.0,24.0,87.0,0.243,0.306,0.476,0.782,107.0,0.345,109.0,151.0,10.0,6.0,0.0,3.0,1.0,2H/D,
Welington Castillo,28.0,CHC,NL,0.0,24.0,47.0,43.0,5.0,7.0,2.0,0.0,2.0,5.0,0.0,0.0,3.0,12.0,0.163,0.234,0.349,0.583,59.0,0.27,58.0,15.0,0.0,1.0,0.0,0.0,1.0,H/2,
Welington Castillo,28.0,SEA,AL,-0.4,6.0,28.0,25.0,3.0,4.0,0.0,0.0,0.0,2.0,0.0,0.0,1.0,5.0,0.16,0.179,0.16,0.339,-3.0,0.153,-22.0,4.0,2.0,0.0,0.0,2.0,0.0,/2D,
Welington Castillo,28.0,ARI,NL,1.3,80.0,303.0,274.0,34.0,70.0,13.0,1.0,17.0,50.0,0.0,0.0,21.0,75.0,0.255,0.317,0.496,0.813,114.0,0.357,117.0,136.0,10.0,5.0,0.0,3.0,0.0,2/HD,
Wil Myers,24.0,SDP,NL,1.2,60.0,253.0,225.0,40.0,57.0,13.0,1.0,8.0,29.0,5.0,2.0,27.0,55.0,0.253,0.336,0.427,0.763,112.0,0.365,132.0,96.0,2.0,1.0,0.0,0.0,0.0,83/7H9,
Wil Nieves,37.0,SDP,NL,-0.3,6.0,14.0,13.0,1.0,1.0,0.0,0.0,1.0,4.0,0.0,0.0,1.0,4.0,0.077,0.143,0.308,0.451,22.0,0.198,9.0,4.0,0.0,0.0,0.0,0.0,0.0,/23H,
Wilin Rosario,26.0,COL,NL,-1.6,87.0,242.0,231.0,22.0,62.0,14.0,1.0,6.0,29.0,2.0,1.0,8.0,56.0,0.268,0.295,0.416,0.71,79.0,0.308,69.0,96.0,8.0,1.0,1.0,1.0,2.0,3H/D2,
Will Harris,30.0,HOU,AL,0.0,4.0,1.0,1.0,0.0,0.0,0.0,0.0,0.0,0.0,0.0,0.0,0.0,1.0,0.0,0.0,0.0,0.0,-100.0,0.0,-136.0,0.0,0.0,0.0,0.0,0.0,0.0,1,
Will Middlebrooks,26.0,SDP,NL,-0.6,83.0,270.0,255.0,23.0,54.0,7.0,2.0,9.0,29.0,2.0,1.0,11.0,60.0,0.212,0.241,0.361,0.602,66.0,0.264,58.0,92.0,4.0,0.0,0.0,4.0,0.0,5H/63,
Will Smith,25.0,MIL,NL,0.0,72.0,0.0,0.0,0.0,0.0,0.0,0.0,0.0,0.0,0.0,0.0,0.0,0.0,,,,,,,,0.0,0.0,0.0,0.0,0.0,0.0,1,
Will Venable*,32.0,2TM,2LG,0.4,135.0,390.0,349.0,40.0,85.0,13.0,3.0,6.0,33.0,16.0,1.0,37.0,94.0,0.244,0.32,0.35,0.669,87.0,0.309,83.0,122.0,8.0,2.0,2.0,0.0,3.0,*87H9,
Will Venable*,32.0,SDP,NL,0.5,98.0,308.0,283.0,34.0,73.0,10.0,3.0,6.0,30.0,11.0,1.0,25.0,73.0,0.258,0.318,0.378,0.696,95.0,0.316,91.0,107.0,8.0,0.0,0.0,0.0,1.0,8H97,
Will Venable*,32.0,TEX,AL,-0.1,37.0,82.0,66.0,6.0,12.0,3.0,0.0,0.0,3.0,5.0,0.0,12.0,21.0,0.182,0.325,0.227,0.552,54.0,0.283,51.0,15.0,0.0,2.0,2.0,0.0,2.0,7H/89,
Williams Pérez,24.0,ATL,NL,-0.1,21.0,34.0,28.0,2.0,2.0,0.0,0.0,0.0,0.0,0.0,0.0,2.0,13.0,0.071,0.133,0.071,0.205,-41.0,0.133,-59.0,2.0,0.0,0.0,4.0,0.0,0.0,1,
Willie Bloomquist,37.0,SEA,AL,-0.4,35.0,72.0,69.0,2.0,11.0,1.0,0.0,0.0,4.0,1.0,1.0,2.0,13.0,0.159,0.194,0.174,0.368,5.0,0.201,17.0,12.0,2.0,1.0,0.0,0.0,0.0,H/465739,
Wilmer Difo#,23.0,WSN,NL,-0.2,15.0,11.0,11.0,1.0,2.0,0.0,0.0,0.0,0.0,0.0,0.0,0.0,2.0,0.182,0.182,0.182,0.364,0.0,0.155,-29.0,2.0,0.0,0.0,0.0,0.0,0.0,H/4,
Wilmer Flores,23.0,NYM,NL,1.0,137.0,510.0,483.0,55.0,127.0,22.0,0.0,16.0,59.0,0.0,1.0,19.0,63.0,0.263,0.295,0.408,0.703,93.0,0.315,94.0,197.0,12.0,4.0,2.0,2.0,2.0,64/H,
Wilson Ramos,27.0,WSN,NL,1.0,128.0,504.0,475.0,41.0,109.0,16.0,0.0,15.0,68.0,0.0,0.0,21.0,101.0,0.229,0.258,0.358,0.616,66.0,0.28,63.0,170.0,16.0,0.0,0.0,8.0,2.0,*2/HD,
Wily Peralta,26.0,MIL,NL,-0.1,19.0,37.0,30.0,1.0,1.0,0.0,0.0,0.0,1.0,0.0,0.0,3.0,15.0,0.033,0.121,0.033,0.155,-54.0,0.118,-73.0,1.0,0.0,0.0,4.0,0.0,0.0,1,
Xander Bogaerts,22.0,BOS,AL,4.5,156.0,654.0,613.0,84.0,196.0,35.0,3.0,7.0,81.0,10.0,2.0,32.0,101.0,0.32,0.355,0.421,0.776,107.0,0.348,109.0,258.0,16.0,3.0,3.0,3.0,1.0,*6/H,SS
Xavier Cedeño*,28.0,2TM,2LG,0.0,9.0,0.0,0.0,0.0,0.0,0.0,0.0,0.0,0.0,0.0,0.0,0.0,0.0,,,,,,,,0.0,0.0,0.0,0.0,0.0,0.0,1,
Xavier Cedeño*,28.0,WSN,NL,0.0,4.0,0.0,0.0,0.0,0.0,0.0,0.0,0.0,0.0,0.0,0.0,0.0,0.0,,,,,,,,0.0,0.0,0.0,0.0,0.0,0.0,/1,
Xavier Cedeño*,28.0,TBR,AL,0.0,5.0,0.0,0.0,0.0,0.0,0.0,0.0,0.0,0.0,0.0,0.0,0.0,0.0,,,,,,,,0.0,0.0,0.0,0.0,0.0,0.0,1,
Xavier Scruggs,27.0,STL,NL,-0.2,17.0,43.0,42.0,5.0,11.0,2.0,0.0,0.0,7.0,1.0,0.0,0.0,10.0,0.262,0.279,0.31,0.589,61.0,0.289,66.0,13.0,2.0,1.0,0.0,0.0,0.0,3/H,
Yadiel Rivera,23.0,MIL,NL,-0.3,7.0,15.0,14.0,0.0,1.0,0.0,0.0,0.0,0.0,0.0,0.0,0.0,4.0,0.071,0.071,0.071,0.143,-61.0,0.065,-107.0,1.0,0.0,0.0,1.0,0.0,0.0,/465,
Yadier Molina,32.0,STL,NL,1.4,136.0,530.0,488.0,34.0,132.0,23.0,2.0,4.0,61.0,3.0,1.0,32.0,59.0,0.27,0.31,0.35,0.66,80.0,0.294,74.0,171.0,16.0,0.0,1.0,9.0,3.0,*2/HD,"AS,GG"
Yan Gomes,27.0,CLE,AL,0.8,95.0,389.0,363.0,38.0,84.0,22.0,0.0,12.0,45.0,0.0,0.0,13.0,104.0,0.231,0.267,0.391,0.659,74.0,0.292,69.0,142.0,11.0,7.0,0.0,6.0,1.0,2/DH,
Yangervis Solarte#,27.0,SDP,NL,2.2,152.0,571.0,526.0,63.0,142.0,33.0,4.0,14.0,63.0,1.0,0.0,34.0,56.0,0.27,0.32,0.428,0.748,107.0,0.334,109.0,225.0,15.0,6.0,2.0,3.0,0.0,53H4/D,
Yasiel Puig,24.0,LAD,NL,1.1,79.0,311.0,282.0,30.0,72.0,12.0,3.0,11.0,38.0,3.0,3.0,26.0,66.0,0.255,0.322,0.436,0.758,110.0,0.33,108.0,123.0,1.0,2.0,0.0,1.0,1.0,9/H,
Yasmani Grandal#,26.0,LAD,NL,1.4,115.0,426.0,355.0,43.0,83.0,12.0,0.0,16.0,47.0,0.0,1.0,65.0,92.0,0.234,0.353,0.403,0.756,112.0,0.336,112.0,143.0,16.0,2.0,1.0,3.0,1.0,2H/3,AS
Yasmany Tomás,24.0,ARI,NL,-0.9,118.0,426.0,406.0,40.0,111.0,19.0,3.0,9.0,48.0,5.0,2.0,17.0,110.0,0.273,0.305,0.401,0.707,88.0,0.315,85.0,163.0,16.0,2.0,0.0,1.0,0.0,95H/73D,
Yhonathan Barrios#,23.0,MIL,NL,0.0,5.0,0.0,0.0,0.0,0.0,0.0,0.0,0.0,0.0,0.0,0.0,0.0,0.0,,,,,,,,0.0,0.0,0.0,0.0,0.0,0.0,/1,
Yimi García,24.0,LAD,NL,0.0,55.0,0.0,0.0,0.0,0.0,0.0,0.0,0.0,0.0,0.0,0.0,0.0,0.0,,,,,,,,0.0,0.0,0.0,0.0,0.0,0.0,1,
Yoenis Céspedes,29.0,2TM,2LG,6.1,159.0,676.0,633.0,101.0,184.0,42.0,6.0,35.0,105.0,7.0,5.0,33.0,141.0,0.291,0.328,0.542,0.87,136.0,0.374,139.0,343.0,14.0,5.0,0.0,5.0,5.0,*78/DH,"MVP-13,GG"
Yoenis Céspedes,29.0,DET,AL,4.1,102.0,427.0,403.0,62.0,118.0,28.0,2.0,18.0,61.0,3.0,4.0,19.0,87.0,0.293,0.323,0.506,0.829,125.0,0.361,130.0,204.0,9.0,1.0,0.0,4.0,2.0,7/DH,
Yoenis Céspedes,29.0,NYM,NL,2.0,57.0,249.0,230.0,39.0,66.0,14.0,4.0,17.0,44.0,4.0,1.0,14.0,54.0,0.287,0.337,0.604,0.942,155.0,0.398,154.0,139.0,5.0,4.0,0.0,1.0,3.0,87/HD,
Yoervis Medina,26.0,2TM,2LG,0.0,5.0,0.0,0.0,0.0,0.0,0.0,0.0,0.0,0.0,0.0,0.0,0.0,0.0,,,,,,,,0.0,0.0,0.0,0.0,0.0,0.0,1,
Yoervis Medina,26.0,SEA,AL,0.0,1.0,0.0,0.0,0.0,0.0,0.0,0.0,0.0,0.0,0.0,0.0,0.0,0.0,,,,,,,,0.0,0.0,0.0,0.0,0.0,0.0,1,
Yoervis Medina,26.0,CHC,NL,0.0,4.0,0.0,0.0,0.0,0.0,0.0,0.0,0.0,0.0,0.0,0.0,0.0,0.0,,,,,,,,0.0,0.0,0.0,0.0,0.0,0.0,/1,
Yohan Flande*,29.0,COL,NL,-0.1,18.0,22.0,21.0,1.0,3.0,0.0,0.0,0.0,1.0,0.0,0.0,0.0,10.0,0.143,0.143,0.143,0.286,-26.0,0.119,-77.0,3.0,0.0,0.0,1.0,0.0,0.0,1,
Yolmer Sánchez#,23.0,CHW,AL,0.1,120.0,420.0,389.0,40.0,87.0,23.0,1.0,5.0,31.0,2.0,2.0,19.0,81.0,0.224,0.268,0.326,0.595,66.0,0.269,64.0,127.0,9.0,5.0,6.0,1.0,0.0,*4/HD,
Yonder Alonso*,28.0,SDP,NL,2.1,103.0,402.0,354.0,50.0,100.0,18.0,1.0,5.0,31.0,2.0,5.0,42.0,48.0,0.282,0.361,0.381,0.742,109.0,0.328,109.0,135.0,13.0,3.0,0.0,3.0,3.0,3/H5,
Yordano Ventura,24.0,KCR,AL,-0.1,3.0,6.0,6.0,0.0,0.0,0.0,0.0,0.0,0.0,0.0,0.0,0.0,5.0,0.0,0.0,0.0,0.0,-100.0,0.0,-145.0,0.0,0.0,0.0,0.0,0.0,0.0,1,
Yovani Gallardo,29.0,TEX,AL,0.1,2.0,4.0,4.0,0.0,2.0,1.0,0.0,0.0,0.0,0.0,0.0,0.0,1.0,0.5,0.5,0.75,1.25,232.0,0.535,252.0,3.0,0.0,0.0,0.0,0.0,0.0,1,
Yunel Escobar,32.0,WSN,NL,2.1,139.0,591.0,535.0,75.0,168.0,25.0,1.0,9.0,56.0,2.0,2.0,45.0,70.0,0.314,0.375,0.415,0.79,115.0,0.359,121.0,222.0,24.0,8.0,1.0,2.0,0.0,*5/DH,
Yusmeiro Petit,30.0,SFG,NL,-0.1,40.0,10.0,9.0,1.0,0.0,0.0,0.0,0.0,0.0,0.0,0.0,0.0,3.0,0.0,0.0,0.0,0.0,-100.0,0.0,-166.0,0.0,0.0,0.0,1.0,0.0,0.0,1,
Zac Rosscup,27.0,CHC,NL,0.0,32.0,0.0,0.0,0.0,0.0,0.0,0.0,0.0,0.0,0.0,0.0,0.0,0.0,,,,,,,,0.0,0.0,0.0,0.0,0.0,0.0,1,
Zach Davies,22.0,MIL,NL,0.0,6.0,14.0,13.0,1.0,1.0,0.0,0.0,0.0,0.0,0.0,0.0,0.0,3.0,0.077,0.077,0.077,0.154,-57.0,0.139,-50.0,1.0,0.0,0.0,1.0,0.0,0.0,/1,
Zach Duke*,32.0,CHW,AL,0.0,6.0,0.0,0.0,0.0,0.0,0.0,0.0,0.0,0.0,0.0,0.0,0.0,0.0,,,,,,,,0.0,0.0,0.0,0.0,0.0,0.0,1,
Zach Lee,23.0,LAD,NL,0.0,1.0,2.0,2.0,0.0,0.0,0.0,0.0,0.0,0.0,0.0,0.0,0.0,0.0,0.0,0.0,0.0,0.0,-100.0,0.0,-132.0,0.0,0.0,0.0,0.0,0.0,0.0,/1,
Zach McAllister,27.0,CLE,AL,0.0,7.0,0.0,0.0,0.0,0.0,0.0,0.0,0.0,0.0,0.0,0.0,0.0,0.0,,,,,,,,0.0,0.0,0.0,0.0,0.0,0.0,1,
Zach Putnam,27.0,CHW,AL,0.0,3.0,0.0,0.0,0.0,0.0,0.0,0.0,0.0,0.0,0.0,0.0,0.0,0.0,,,,,,,,0.0,0.0,0.0,0.0,0.0,0.0,1,
Zach Walters#,25.0,CLE,AL,-0.4,12.0,30.0,30.0,0.0,4.0,0.0,0.0,0.0,3.0,0.0,0.0,0.0,15.0,0.133,0.133,0.133,0.267,-28.0,0.119,-58.0,4.0,0.0,0.0,0.0,0.0,0.0,/H74569,
Zack Britton*,27.0,BAL,AL,0.0,2.0,0.0,0.0,0.0,0.0,0.0,0.0,0.0,0.0,0.0,0.0,0.0,0.0,,,,,,,,0.0,0.0,0.0,0.0,0.0,0.0,1,AS
Zack Cozart,29.0,CIN,NL,1.8,53.0,214.0,194.0,28.0,50.0,10.0,1.0,9.0,28.0,3.0,3.0,14.0,29.0,0.258,0.31,0.459,0.769,108.0,0.339,111.0,89.0,4.0,2.0,1.0,3.0,1.0,6/H,
Zack Godley,25.0,ARI,NL,-0.1,8.0,10.0,9.0,0.0,1.0,0.0,0.0,0.0,0.0,0.0,0.0,0.0,6.0,0.111,0.111,0.111,0.222,-40.0,0.089,-100.0,1.0,0.0,0.0,1.0,0.0,0.0,/1,
Zack Greinke,31.0,LAD,NL,0.6,30.0,77.0,67.0,8.0,15.0,2.0,0.0,2.0,3.0,1.0,0.0,1.0,14.0,0.224,0.232,0.343,0.575,59.0,0.252,40.0,23.0,0.0,0.0,8.0,1.0,0.0,1,"AS,CYA-2,MVP-7,GG"
Álex Guerrero,28.0,LAD,NL,0.0,106.0,230.0,219.0,25.0,51.0,9.0,1.0,11.0,36.0,1.0,0.0,7.0,57.0,0.233,0.261,0.434,0.695,90.0,0.312,93.0,95.0,7.0,2.0,0.0,2.0,0.0,H75/D,
Álex Rodríguez,39.0,NYY,AL,2.8,151.0,620.0,523.0,83.0,131.0,22.0,1.0,33.0,86.0,4.0,0.0,84.0,145.0,0.25,0.356,0.486,0.842,129.0,0.366,129.0,254.0,17.0,6.0,0.0,7.0,5.0,*DH/53,MVP-28
Álex Ríos,34.0,KCR,AL,-1.3,105.0,411.0,385.0,40.0,98.0,22.0,2.0,4.0,32.0,9.0,0.0,15.0,67.0,0.255,0.287,0.353,0.64,73.0,0.289,66.0,136.0,10.0,5.0,0.0,6.0,0.0,9,
Álex Torres*,27.0,NYM,NL,0.0,37.0,1.0,1.0,0.0,0.0,0.0,0.0,0.0,0.0,0.0,0.0,0.0,0.0,0.0,0.0,0.0,0.0,-100.0,0.0,-136.0,0.0,0.0,0.0,0.0,0.0,0.0,1,
Ángel Castro,32.0,OAK,AL,0.0,1.0,0.0,0.0,0.0,0.0,0.0,0.0,0.0,0.0,0.0,0.0,0.0,0.0,,,,,,,,0.0,0.0,0.0,0.0,0.0,0.0,/1,
Ángel Nesbitt,24.0,DET,AL,0.0,2.0,0.0,0.0,0.0,0.0,0.0,0.0,0.0,0.0,0.0,0.0,0.0,0.0,,,,,,,,0.0,0.0,0.0,0.0,0.0,0.0,1,
Ángel Pagán#,33.0,SFG,NL,-1.9,133.0,551.0,512.0,55.0,134.0,21.0,3.0,3.0,37.0,12.0,4.0,32.0,93.0,0.262,0.303,0.332,0.635,75.0,0.288,70.0,170.0,12.0,1.0,0.0,6.0,0.0,*8H/D,
Óliver Pérez*,33.0,2TM,2LG,0.0,46.0,0.0,0.0,0.0,0.0,0.0,0.0,0.0,0.0,0.0,0.0,0.0,0.0,,,,,,,,0.0,0.0,0.0,0.0,0.0,0.0,1,
Óliver Pérez*,33.0,ARI,NL,0.0,43.0,0.0,0.0,0.0,0.0,0.0,0.0,0.0,0.0,0.0,0.0,0.0,0.0,,,,,,,,0.0,0.0,0.0,0.0,0.0,0.0,1,
Óliver Pérez*,33.0,HOU,AL,0.0,3.0,0.0,0.0,0.0,0.0,0.0,0.0,0.0,0.0,0.0,0.0,0.0,0.0,,,,,,,,0.0,0.0,0.0,0.0,0.0,0.0,1,
Óscar Hernández,21.0,ARI,NL,-0.3,18.0,36.0,31.0,4.0,5.0,1.0,0.0,0.0,1.0,0.0,0.0,3.0,15.0,0.161,0.257,0.194,0.451,24.0,0.219,13.0,6.0,0.0,1.0,1.0,0.0,0.0,2/HD,
