Player,Age,Team,Lg,WAR,G,PA,AB,R,H,2B,3B,HR,RBI,SB,CS,BB,SO,BA,OBP,SLG,OPS,OPS+,rOBA,Rbat+,TB,GIDP,HBP,SH,SF,IBB,Pos,Awards
Aaron Holbert,23.0,STL,NL,-0.1,1.0,3.0,3.0,0.0,0.0,0.0,0.0,0.0,0.0,0.0,0.0,0.0,0.0,0.0,0.0,0.0,0.0,-100.0,0.0,-139.0,0.0,0.0,0.0,0.0,0.0,0.0,/4,
Al Leiter*,30.0,FLA,NL,-0.3,33.0,81.0,70.0,3.0,7.0,0.0,0.0,0.0,1.0,0.0,0.0,4.0,45.0,0.1,0.149,0.1,0.249,-32.0,0.136,-57.0,7.0,1.0,0.0,7.0,0.0,0.0,1,"AS,CYA-9"
Al Martin*,28.0,PIT,NL,1.6,155.0,694.0,630.0,101.0,189.0,40.0,1.0,18.0,72.0,38.0,12.0,54.0,116.0,0.3,0.354,0.452,0.806,109.0,0.375,115.0,285.0,9.0,2.0,1.0,7.0,2.0,*78/H,
Al Osuna,30.0,SDP,NL,0.0,10.0,1.0,1.0,0.0,0.0,0.0,0.0,0.0,0.0,0.0,0.0,0.0,0.0,0.0,0.0,0.0,0.0,-100.0,0.0,-133.0,0.0,0.0,0.0,0.0,0.0,0.0,1,
Alan Benes,24.0,STL,NL,0.0,34.0,70.0,61.0,4.0,9.0,3.0,0.0,0.0,5.0,0.0,0.0,2.0,25.0,0.148,0.175,0.197,0.371,-1.0,0.198,-14.0,12.0,1.0,0.0,7.0,0.0,0.0,1,ROY-7
Alan Cockrell,33.0,COL,NL,-0.1,9.0,9.0,8.0,0.0,2.0,1.0,0.0,0.0,2.0,0.0,0.0,0.0,4.0,0.25,0.222,0.375,0.597,42.0,0.24,8.0,3.0,0.0,0.0,0.0,1.0,0.0,/H9,
Alan Trammell,38.0,DET,AL,-1.1,66.0,207.0,193.0,16.0,45.0,2.0,0.0,1.0,16.0,6.0,0.0,10.0,27.0,0.233,0.267,0.259,0.526,34.0,0.253,25.0,50.0,3.0,0.0,1.0,3.0,0.0,64H/57,
Albert Belle,29.0,CLE,AL,5.7,158.0,715.0,602.0,124.0,187.0,38.0,3.0,48.0,148.0,11.0,0.0,99.0,87.0,0.311,0.41,0.623,1.033,158.0,0.447,161.0,375.0,20.0,7.0,0.0,7.0,15.0,*7/D,"AS,MVP-3,SS"
Alberto Castillo,26.0,NYM,NL,0.0,6.0,11.0,11.0,1.0,4.0,0.0,0.0,0.0,0.0,0.0,0.0,0.0,4.0,0.364,0.364,0.364,0.727,98.0,0.328,93.0,4.0,0.0,0.0,0.0,0.0,0.0,/2,
Alberto Reyes,26.0,MIL,AL,0.0,1.0,0.0,0.0,0.0,0.0,0.0,0.0,0.0,0.0,0.0,0.0,0.0,0.0,,,,,,,,0.0,0.0,0.0,0.0,0.0,0.0,/1,
Alejandro Peña,37.0,FLA,NL,0.0,4.0,0.0,0.0,0.0,0.0,0.0,0.0,0.0,0.0,0.0,0.0,0.0,0.0,,,,,,,,0.0,0.0,0.0,0.0,0.0,0.0,/1,
Alex Arias,28.0,FLA,NL,1.4,100.0,246.0,224.0,27.0,62.0,11.0,2.0,3.0,26.0,2.0,0.0,17.0,28.0,0.277,0.335,0.384,0.719,92.0,0.345,102.0,86.0,2.0,3.0,1.0,1.0,1.0,5H6/34,
Alex Cole*,30.0,BOS,AL,-0.3,24.0,83.0,72.0,13.0,16.0,5.0,1.0,0.0,7.0,5.0,3.0,8.0,11.0,0.222,0.296,0.319,0.616,56.0,0.274,46.0,23.0,2.0,0.0,2.0,1.0,0.0,8/H,
Alex Diaz#,27.0,SEA,AL,0.0,38.0,84.0,79.0,11.0,19.0,2.0,0.0,1.0,5.0,6.0,3.0,2.0,8.0,0.241,0.274,0.304,0.578,47.0,0.258,36.0,24.0,2.0,2.0,0.0,1.0,0.0,7H/89D,
Alex Gonzalez,23.0,TOR,AL,2.2,147.0,587.0,527.0,64.0,124.0,30.0,5.0,14.0,64.0,16.0,6.0,45.0,127.0,0.235,0.3,0.391,0.691,74.0,0.316,73.0,206.0,12.0,5.0,7.0,3.0,0.0,*6,
Alex Ochoa,24.0,NYM,NL,2.4,82.0,304.0,282.0,37.0,83.0,19.0,3.0,4.0,33.0,4.0,3.0,17.0,30.0,0.294,0.336,0.426,0.761,104.0,0.357,115.0,120.0,2.0,2.0,0.0,3.0,0.0,9/H,
Allen Battle,27.0,OAK,AL,-1.0,47.0,151.0,130.0,20.0,25.0,3.0,0.0,1.0,5.0,10.0,2.0,17.0,26.0,0.192,0.293,0.238,0.532,37.0,0.275,38.0,31.0,3.0,2.0,1.0,1.0,1.0,87/H,
Allen Watson*,25.0,SFG,NL,0.4,32.0,72.0,65.0,5.0,15.0,3.0,0.0,0.0,7.0,0.0,0.0,5.0,8.0,0.231,0.286,0.277,0.563,53.0,0.286,63.0,18.0,3.0,0.0,2.0,0.0,0.0,1/H,
Alvin Morman*,27.0,HOU,NL,0.0,53.0,0.0,0.0,0.0,0.0,0.0,0.0,0.0,0.0,0.0,0.0,0.0,0.0,,,,,,,,0.0,0.0,0.0,0.0,0.0,0.0,1,
Amaury Telemaco,22.0,CHC,NL,-0.1,25.0,34.0,29.0,1.0,3.0,0.0,0.0,0.0,1.0,0.0,0.0,1.0,15.0,0.103,0.133,0.103,0.237,-37.0,0.145,-62.0,3.0,0.0,0.0,4.0,0.0,0.0,1,
Andre Dawson,41.0,FLA,NL,-0.1,42.0,61.0,58.0,6.0,16.0,2.0,0.0,2.0,14.0,0.0,0.0,2.0,13.0,0.276,0.311,0.414,0.725,92.0,0.335,97.0,24.0,1.0,1.0,0.0,0.0,0.0,H/7,
Andruw Jones,19.0,ATL,NL,0.1,31.0,113.0,106.0,11.0,23.0,7.0,1.0,5.0,13.0,3.0,0.0,7.0,29.0,0.217,0.265,0.443,0.709,80.0,0.336,85.0,47.0,1.0,0.0,0.0,0.0,0.0,98/H,
Andrés Berumen,25.0,SDP,NL,0.0,3.0,0.0,0.0,0.0,0.0,0.0,0.0,0.0,0.0,0.0,0.0,0.0,0.0,,,,,,,,0.0,0.0,0.0,0.0,0.0,0.0,/1,
Andrés Galarraga,35.0,COL,NL,4.2,159.0,691.0,626.0,119.0,190.0,39.0,3.0,47.0,150.0,18.0,8.0,40.0,157.0,0.304,0.357,0.601,0.958,127.0,0.424,137.0,376.0,6.0,17.0,0.0,8.0,3.0,*3/5H,"MVP-6,SS"
Andy Ashby,28.0,SDP,NL,0.3,25.0,55.0,45.0,6.0,11.0,5.0,0.0,0.0,5.0,0.0,0.0,0.0,13.0,0.244,0.239,0.356,0.595,59.0,0.255,32.0,16.0,0.0,0.0,9.0,1.0,0.0,1/H,
Andy Benes,28.0,STL,NL,-0.1,36.0,85.0,73.0,5.0,11.0,4.0,0.0,0.0,6.0,0.0,0.0,1.0,37.0,0.151,0.158,0.205,0.363,-4.0,0.171,-36.0,15.0,0.0,0.0,9.0,2.0,0.0,1,CYA-3
Andy Fox*,25.0,NYY,AL,-0.7,113.0,219.0,189.0,26.0,37.0,4.0,0.0,3.0,13.0,11.0,3.0,20.0,28.0,0.196,0.276,0.265,0.541,38.0,0.267,33.0,50.0,2.0,1.0,9.0,0.0,0.0,45H/6D9,
Andy Larkin,22.0,FLA,NL,0.0,1.0,2.0,2.0,0.0,0.0,0.0,0.0,0.0,0.0,0.0,0.0,0.0,1.0,0.0,0.0,0.0,0.0,-100.0,0.0,-138.0,0.0,0.0,0.0,0.0,0.0,0.0,/1,
Andy Sheets,24.0,SEA,AL,-0.3,47.0,124.0,110.0,18.0,21.0,8.0,0.0,0.0,9.0,2.0,0.0,10.0,41.0,0.191,0.262,0.264,0.526,35.0,0.256,29.0,29.0,2.0,1.0,2.0,1.0,0.0,54/6H,
Andy Stankiewicz,31.0,MON,NL,0.4,64.0,88.0,77.0,12.0,22.0,5.0,1.0,0.0,9.0,1.0,0.0,6.0,12.0,0.286,0.356,0.377,0.733,93.0,0.34,93.0,29.0,1.0,3.0,1.0,1.0,1.0,H46/5,
Andy Tomberlin*,29.0,NYM,NL,0.3,63.0,76.0,66.0,12.0,17.0,4.0,0.0,3.0,10.0,0.0,0.0,9.0,27.0,0.258,0.355,0.455,0.81,117.0,0.359,115.0,30.0,0.0,1.0,0.0,0.0,0.0,H/793,
Andújar Cedeño,26.0,3TM,2LG,-1.8,104.0,355.0,335.0,30.0,71.0,6.0,3.0,10.0,38.0,5.0,3.0,15.0,70.0,0.212,0.247,0.337,0.584,51.0,0.265,44.0,113.0,15.0,1.0,3.0,1.0,2.0,6/H5,
Andújar Cedeño,26.0,2TM,NL,-0.4,52.0,169.0,156.0,11.0,36.0,2.0,1.0,3.0,18.0,3.0,2.0,11.0,33.0,0.231,0.284,0.314,0.598,62.0,0.275,58.0,49.0,7.0,1.0,0.0,1.0,2.0,6/5H,
Andújar Cedeño,26.0,SDP,NL,-0.5,49.0,165.0,154.0,10.0,36.0,2.0,1.0,3.0,18.0,3.0,2.0,9.0,32.0,0.234,0.279,0.318,0.597,62.0,0.273,57.0,49.0,7.0,1.0,0.0,1.0,2.0,6/5H,
Andújar Cedeño,26.0,DET,AL,-1.5,52.0,186.0,179.0,19.0,35.0,4.0,2.0,7.0,20.0,2.0,1.0,4.0,37.0,0.196,0.213,0.358,0.571,41.0,0.257,32.0,64.0,8.0,0.0,3.0,0.0,0.0,6/H5,
Andújar Cedeño,26.0,HOU,NL,0.1,3.0,4.0,2.0,1.0,0.0,0.0,0.0,0.0,0.0,0.0,0.0,2.0,1.0,0.0,0.5,0.0,0.5,52.0,0.357,117.0,0.0,0.0,0.0,0.0,0.0,0.0,/65,
Angel Echevarria,25.0,COL,NL,-0.2,26.0,26.0,21.0,2.0,6.0,0.0,0.0,0.0,6.0,0.0,0.0,2.0,5.0,0.286,0.346,0.286,0.632,56.0,0.292,44.0,6.0,0.0,1.0,0.0,2.0,0.0,H/97,
Angelo Encarnación,27.0,PIT,NL,-0.1,7.0,22.0,22.0,3.0,7.0,2.0,0.0,0.0,1.0,0.0,0.0,0.0,5.0,0.318,0.318,0.409,0.727,88.0,0.319,79.0,9.0,0.0,0.0,0.0,0.0,0.0,/2,
Anthony Young,30.0,HOU,NL,0.0,28.0,2.0,2.0,0.0,0.0,0.0,0.0,0.0,0.0,0.0,0.0,0.0,2.0,0.0,0.0,0.0,0.0,-100.0,0.0,-129.0,0.0,0.0,0.0,0.0,0.0,0.0,1,
Antonio Osuna,23.0,LAD,NL,0.0,73.0,3.0,1.0,0.0,0.0,0.0,0.0,0.0,1.0,0.0,0.0,1.0,0.0,0.0,0.333,0.0,0.333,1.0,0.238,33.0,0.0,0.0,0.0,0.0,1.0,0.0,1,
Archi Cianfrocco,29.0,SDP,NL,-0.3,79.0,204.0,192.0,21.0,54.0,13.0,3.0,2.0,32.0,1.0,0.0,8.0,56.0,0.281,0.315,0.411,0.727,95.0,0.33,95.0,79.0,4.0,2.0,0.0,1.0,0.0,3H56/9427,
Armando Reynoso,30.0,COL,NL,0.1,30.0,64.0,52.0,4.0,9.0,1.0,0.0,0.0,2.0,0.0,0.0,5.0,25.0,0.173,0.246,0.192,0.438,8.0,0.227,-14.0,10.0,0.0,0.0,7.0,0.0,0.0,1,
Arquimedez Pozo,22.0,BOS,AL,-0.4,21.0,62.0,58.0,4.0,10.0,3.0,1.0,1.0,11.0,1.0,0.0,2.0,10.0,0.172,0.21,0.31,0.52,29.0,0.228,10.0,18.0,1.0,1.0,0.0,1.0,0.0,45/HD,
Arthur Rhodes*,26.0,BAL,AL,0.0,1.0,0.0,0.0,0.0,0.0,0.0,0.0,0.0,0.0,0.0,0.0,0.0,0.0,,,,,,,,0.0,0.0,0.0,0.0,0.0,0.0,1,
B.J. Surhoff*,31.0,BAL,AL,3.1,143.0,590.0,537.0,74.0,157.0,27.0,6.0,21.0,82.0,0.0,1.0,47.0,79.0,0.292,0.352,0.482,0.834,109.0,0.363,105.0,259.0,7.0,3.0,2.0,1.0,8.0,57D/H3,
Barry Bonds*,31.0,SFG,NL,9.7,158.0,675.0,517.0,122.0,159.0,27.0,3.0,42.0,129.0,40.0,7.0,151.0,76.0,0.308,0.461,0.615,1.076,188.0,0.471,191.0,318.0,11.0,1.0,0.0,6.0,30.0,*7/H8,"AS,MVP-5,GG,SS"
Barry Larkin,32.0,CIN,NL,7.2,152.0,627.0,517.0,117.0,154.0,32.0,4.0,33.0,89.0,36.0,10.0,96.0,52.0,0.298,0.41,0.567,0.977,155.0,0.437,161.0,293.0,20.0,7.0,0.0,7.0,3.0,*6/H,"AS,MVP-12,GG,SS"
Barry Manuel,30.0,MON,NL,-0.1,53.0,9.0,7.0,0.0,0.0,0.0,0.0,0.0,0.0,0.0,0.0,1.0,3.0,0.0,0.125,0.0,0.125,-63.0,0.089,-104.0,0.0,0.0,0.0,1.0,0.0,0.0,1,
Benito Santiago,31.0,PHI,NL,2.9,136.0,533.0,481.0,71.0,127.0,21.0,2.0,30.0,85.0,2.0,0.0,49.0,104.0,0.264,0.332,0.503,0.835,118.0,0.368,117.0,242.0,8.0,1.0,0.0,2.0,7.0,*23H,
Benji Gil,23.0,TEX,AL,0.0,5.0,7.0,5.0,0.0,2.0,0.0,0.0,0.0,1.0,0.0,1.0,1.0,1.0,0.4,0.5,0.4,0.9,128.0,0.335,149.0,2.0,0.0,0.0,1.0,0.0,0.0,/6,
Bernard Gilkey,29.0,NYM,NL,8.1,153.0,656.0,571.0,108.0,181.0,44.0,3.0,30.0,117.0,17.0,9.0,73.0,125.0,0.317,0.393,0.562,0.955,155.0,0.42,159.0,321.0,18.0,4.0,0.0,8.0,7.0,*7/H,MVP-14
Bernie Williams#,27.0,NYY,AL,4.0,143.0,641.0,551.0,108.0,168.0,26.0,7.0,29.0,102.0,17.0,4.0,82.0,72.0,0.305,0.391,0.535,0.926,131.0,0.405,131.0,295.0,15.0,0.0,1.0,7.0,8.0,*8/DH,MVP-17
Bill Haselman,30.0,BOS,AL,0.8,77.0,257.0,237.0,33.0,65.0,13.0,1.0,8.0,34.0,4.0,2.0,19.0,52.0,0.274,0.331,0.439,0.77,92.0,0.339,88.0,104.0,13.0,1.0,0.0,0.0,3.0,2H/3D,
Bill Hurst,26.0,FLA,NL,0.0,2.0,0.0,0.0,0.0,0.0,0.0,0.0,0.0,0.0,0.0,0.0,0.0,0.0,,,,,,,,0.0,0.0,0.0,0.0,0.0,0.0,/1,
Bill Mueller#,25.0,SFG,NL,1.6,55.0,228.0,200.0,31.0,66.0,15.0,1.0,0.0,19.0,0.0,0.0,24.0,26.0,0.33,0.401,0.415,0.816,121.0,0.38,130.0,83.0,1.0,1.0,1.0,2.0,0.0,5/4H,
Bill Selby*,26.0,BOS,AL,-0.3,40.0,105.0,95.0,12.0,26.0,4.0,0.0,3.0,6.0,1.0,1.0,9.0,11.0,0.274,0.337,0.411,0.747,88.0,0.334,86.0,39.0,3.0,0.0,1.0,0.0,1.0,45H/7D,
Bill Spiers*,30.0,HOU,NL,0.3,122.0,242.0,218.0,27.0,55.0,10.0,1.0,6.0,26.0,7.0,0.0,20.0,34.0,0.252,0.32,0.39,0.709,93.0,0.329,92.0,85.0,3.0,2.0,1.0,1.0,4.0,5H/46389,
Bill Swift,34.0,COL,NL,0.0,7.0,6.0,6.0,0.0,2.0,0.0,0.0,0.0,0.0,0.0,0.0,0.0,1.0,0.333,0.333,0.333,0.667,63.0,0.3,49.0,2.0,0.0,0.0,0.0,0.0,0.0,/1,
Billy Ashley,25.0,LAD,NL,0.7,71.0,133.0,110.0,18.0,22.0,2.0,1.0,9.0,25.0,0.0,0.0,21.0,44.0,0.2,0.331,0.482,0.813,118.0,0.379,132.0,53.0,3.0,1.0,0.0,1.0,1.0,7H,
Billy McMillon*,24.0,FLA,NL,-0.6,28.0,56.0,51.0,4.0,11.0,0.0,0.0,0.0,4.0,0.0,0.0,5.0,14.0,0.216,0.286,0.216,0.501,37.0,0.232,23.0,11.0,1.0,0.0,0.0,0.0,1.0,7H,
Billy Ripken,31.0,BAL,AL,0.1,57.0,147.0,135.0,19.0,31.0,8.0,0.0,2.0,12.0,0.0,0.0,9.0,18.0,0.23,0.281,0.333,0.614,55.0,0.288,53.0,45.0,4.0,1.0,1.0,1.0,0.0,45/H3,
Billy Wagner*,24.0,HOU,NL,-0.1,37.0,5.0,5.0,0.0,0.0,0.0,0.0,0.0,0.0,0.0,0.0,0.0,2.0,0.0,0.0,0.0,0.0,-100.0,0.0,-134.0,0.0,0.0,0.0,0.0,0.0,0.0,1,
Bip Roberts#,32.0,KCR,AL,0.4,90.0,372.0,339.0,39.0,96.0,21.0,2.0,0.0,52.0,12.0,9.0,25.0,38.0,0.283,0.331,0.357,0.688,75.0,0.31,73.0,121.0,8.0,2.0,0.0,6.0,8.0,4D/H789,
Blas Minor,30.0,NYM,NL,0.0,17.0,1.0,1.0,0.0,0.0,0.0,0.0,0.0,0.0,0.0,0.0,0.0,0.0,0.0,0.0,0.0,0.0,-100.0,0.0,-133.0,0.0,0.0,0.0,0.0,0.0,0.0,1,
Bob Hamelin*,28.0,KCR,AL,0.6,89.0,299.0,239.0,31.0,61.0,14.0,1.0,9.0,40.0,5.0,2.0,54.0,58.0,0.255,0.391,0.435,0.826,110.0,0.371,111.0,104.0,7.0,2.0,0.0,4.0,2.0,D3H,
Bob MacDonald*,31.0,NYM,NL,0.0,20.0,0.0,0.0,0.0,0.0,0.0,0.0,0.0,0.0,0.0,0.0,0.0,0.0,,,,,,,,0.0,0.0,0.0,0.0,0.0,0.0,1,
Bob Natal,30.0,FLA,NL,-1.1,44.0,105.0,90.0,4.0,12.0,1.0,1.0,0.0,2.0,0.0,1.0,15.0,31.0,0.133,0.257,0.167,0.424,17.0,0.185,-11.0,15.0,3.0,0.0,0.0,0.0,5.0,2/H,
Bob Patterson,37.0,CHC,NL,0.0,79.0,3.0,3.0,0.0,1.0,0.0,0.0,0.0,0.0,0.0,0.0,0.0,2.0,0.333,0.333,0.333,0.667,76.0,0.3,67.0,1.0,0.0,0.0,0.0,0.0,0.0,1,
Bob Tewksbury,35.0,SDP,NL,-0.8,36.0,76.0,65.0,1.0,2.0,1.0,0.0,0.0,2.0,0.0,0.0,3.0,27.0,0.031,0.074,0.046,0.12,-67.0,0.063,-114.0,3.0,1.0,0.0,8.0,0.0,0.0,1,
Bob Wickman,27.0,MIL,AL,0.0,1.0,0.0,0.0,0.0,0.0,0.0,0.0,0.0,0.0,0.0,0.0,0.0,0.0,,,,,,,,0.0,0.0,0.0,0.0,0.0,0.0,1,
Bobby Abreu*,22.0,HOU,NL,0.0,15.0,24.0,22.0,1.0,5.0,1.0,0.0,0.0,1.0,0.0,0.0,2.0,3.0,0.227,0.292,0.273,0.564,56.0,0.262,51.0,6.0,1.0,0.0,0.0,0.0,0.0,/H79,
Bobby Ayala,26.0,SEA,AL,0.0,2.0,0.0,0.0,0.0,0.0,0.0,0.0,0.0,0.0,0.0,0.0,0.0,0.0,,,,,,,,0.0,0.0,0.0,0.0,0.0,0.0,1,
Bobby Bonilla#,33.0,BAL,AL,1.1,159.0,693.0,595.0,107.0,171.0,27.0,5.0,28.0,116.0,1.0,3.0,75.0,85.0,0.287,0.363,0.491,0.853,114.0,0.367,109.0,292.0,13.0,5.0,0.0,17.0,7.0,9D/35H,
Bobby Estalella,21.0,PHI,NL,0.3,7.0,18.0,17.0,5.0,6.0,0.0,0.0,2.0,4.0,1.0,0.0,1.0,6.0,0.353,0.389,0.706,1.095,183.0,0.478,185.0,12.0,0.0,0.0,0.0,0.0,0.0,/2H,
Bobby Higginson*,25.0,DET,AL,3.6,130.0,515.0,440.0,75.0,141.0,35.0,0.0,26.0,81.0,6.0,3.0,65.0,66.0,0.32,0.404,0.577,0.982,145.0,0.419,144.0,254.0,7.0,1.0,3.0,6.0,7.0,*798H/D,
Bobby Jones,26.0,NYM,NL,0.0,31.0,72.0,60.0,6.0,7.0,2.0,0.0,0.0,2.0,0.0,0.0,3.0,20.0,0.117,0.159,0.15,0.309,-16.0,0.175,-31.0,9.0,1.0,0.0,9.0,0.0,0.0,1,
Bobby Muñoz,28.0,PHI,NL,0.0,6.0,8.0,7.0,1.0,1.0,1.0,0.0,0.0,0.0,0.0,0.0,0.0,3.0,0.143,0.143,0.286,0.429,10.0,0.18,-31.0,2.0,0.0,0.0,1.0,0.0,0.0,/1,
Brad Ausmus,27.0,2TM,2LG,0.4,125.0,427.0,375.0,46.0,83.0,16.0,0.0,5.0,35.0,4.0,8.0,39.0,72.0,0.221,0.302,0.304,0.606,59.0,0.293,68.0,114.0,8.0,5.0,6.0,2.0,1.0,*2H,
Brad Ausmus,27.0,SDP,NL,-0.5,50.0,166.0,149.0,16.0,27.0,4.0,0.0,1.0,13.0,1.0,4.0,13.0,27.0,0.181,0.261,0.228,0.489,34.0,0.25,47.0,34.0,4.0,3.0,1.0,0.0,0.0,2/H,
Brad Ausmus,27.0,DET,AL,0.9,75.0,261.0,226.0,30.0,56.0,12.0,0.0,4.0,22.0,3.0,4.0,26.0,45.0,0.248,0.328,0.354,0.682,73.0,0.321,79.0,80.0,4.0,2.0,5.0,2.0,1.0,2/H,
Brad Clontz,25.0,ATL,NL,0.1,81.0,5.0,2.0,1.0,0.0,0.0,0.0,0.0,0.0,0.0,0.0,2.0,2.0,0.0,0.5,0.0,0.5,45.0,0.357,104.0,0.0,0.0,0.0,1.0,0.0,0.0,1,
Brad Woodall#,27.0,ATL,NL,0.0,8.0,6.0,5.0,0.0,1.0,0.0,0.0,0.0,0.0,0.0,0.0,1.0,2.0,0.2,0.333,0.2,0.533,43.0,0.269,42.0,1.0,0.0,0.0,0.0,0.0,0.0,/1,
Brady Anderson*,32.0,BAL,AL,6.9,149.0,687.0,579.0,117.0,172.0,37.0,5.0,50.0,110.0,21.0,8.0,76.0,106.0,0.297,0.396,0.637,1.034,156.0,0.436,154.0,369.0,11.0,22.0,6.0,4.0,1.0,*8/HD,"AS,MVP-9"
Brant Brown*,25.0,CHC,NL,0.5,29.0,73.0,69.0,11.0,21.0,1.0,0.0,5.0,9.0,3.0,3.0,2.0,17.0,0.304,0.329,0.536,0.865,122.0,0.367,122.0,37.0,1.0,1.0,0.0,1.0,1.0,3H,
Brent Bowers*,25.0,BAL,AL,0.3,21.0,39.0,39.0,6.0,12.0,2.0,0.0,0.0,3.0,0.0,0.0,0.0,7.0,0.308,0.308,0.359,0.667,69.0,0.343,91.0,14.0,1.0,0.0,0.0,0.0,0.0,7/H,
Brent Brede*,24.0,MIN,AL,0.0,10.0,21.0,20.0,2.0,6.0,0.0,1.0,0.0,2.0,0.0,0.0,1.0,5.0,0.3,0.333,0.4,0.733,84.0,0.324,77.0,8.0,1.0,0.0,0.0,0.0,0.0,/9H,
Brent Gates#,26.0,OAK,AL,-0.1,64.0,274.0,247.0,26.0,65.0,19.0,2.0,2.0,30.0,1.0,1.0,18.0,35.0,0.263,0.316,0.381,0.697,75.0,0.315,71.0,94.0,9.0,2.0,5.0,2.0,0.0,4/H,
Brent Knackert,26.0,BOS,AL,0.0,1.0,0.0,0.0,0.0,0.0,0.0,0.0,0.0,0.0,0.0,0.0,0.0,0.0,,,,,,,,0.0,0.0,0.0,0.0,0.0,0.0,/1,
Brent Mayne*,28.0,NYM,NL,-0.1,70.0,113.0,99.0,9.0,26.0,6.0,0.0,1.0,6.0,0.0,1.0,12.0,22.0,0.263,0.342,0.354,0.696,89.0,0.335,101.0,35.0,4.0,0.0,2.0,0.0,1.0,H2,
Bret Barberie#,28.0,CHC,NL,0.0,15.0,37.0,29.0,4.0,1.0,0.0,0.0,1.0,2.0,0.0,1.0,5.0,11.0,0.034,0.176,0.138,0.314,-16.0,0.149,-40.0,4.0,0.0,0.0,3.0,0.0,0.0,/H456,
Bret Boone,27.0,CIN,NL,0.3,142.0,568.0,520.0,56.0,121.0,21.0,3.0,12.0,69.0,3.0,2.0,31.0,100.0,0.233,0.275,0.354,0.629,65.0,0.297,66.0,184.0,9.0,3.0,5.0,9.0,0.0,*4/H,
Brett Butler*,39.0,LAD,NL,-0.1,34.0,145.0,131.0,22.0,35.0,1.0,1.0,0.0,8.0,8.0,3.0,9.0,22.0,0.267,0.313,0.29,0.603,66.0,0.298,73.0,38.0,1.0,1.0,1.0,3.0,0.0,8,
Brian Banks#,25.0,MIL,AL,0.2,4.0,8.0,7.0,2.0,4.0,2.0,0.0,1.0,2.0,0.0,0.0,1.0,2.0,0.571,0.625,1.286,1.911,362.0,0.754,367.0,9.0,0.0,0.0,0.0,0.0,0.0,/73H,
Brian Barber,23.0,STL,NL,0.0,1.0,0.0,0.0,0.0,0.0,0.0,0.0,0.0,0.0,0.0,0.0,0.0,0.0,,,,,,,,0.0,0.0,0.0,0.0,0.0,0.0,/1,
Brian Dorsett,35.0,CHC,NL,-0.4,17.0,46.0,41.0,3.0,5.0,0.0,0.0,1.0,3.0,0.0,0.0,4.0,8.0,0.122,0.196,0.195,0.391,3.0,0.184,-15.0,8.0,2.0,0.0,0.0,1.0,0.0,2/H,
Brian Giles*,25.0,CLE,AL,1.4,51.0,143.0,121.0,26.0,43.0,14.0,1.0,5.0,27.0,3.0,0.0,19.0,13.0,0.355,0.434,0.612,1.045,162.0,0.445,160.0,74.0,6.0,0.0,0.0,3.0,4.0,DH7/9,
Brian Hunter,25.0,HOU,NL,1.5,132.0,553.0,526.0,74.0,145.0,27.0,2.0,5.0,35.0,35.0,9.0,17.0,92.0,0.276,0.297,0.363,0.66,80.0,0.31,80.0,191.0,6.0,2.0,1.0,7.0,0.0,*8/H,
Brian Hunter,28.0,SEA,AL,0.8,75.0,221.0,198.0,21.0,53.0,10.0,0.0,7.0,28.0,0.0,1.0,15.0,43.0,0.268,0.327,0.424,0.752,90.0,0.353,100.0,84.0,6.0,4.0,1.0,3.0,2.0,37H/9D,
Brian Johnson,28.0,SDP,NL,0.4,82.0,257.0,243.0,18.0,66.0,13.0,1.0,8.0,35.0,0.0,0.0,4.0,36.0,0.272,0.29,0.432,0.722,93.0,0.313,84.0,105.0,8.0,4.0,2.0,4.0,2.0,2H/35,
Brian Jordan,29.0,STL,NL,5.5,140.0,560.0,513.0,82.0,159.0,36.0,1.0,17.0,104.0,22.0,5.0,29.0,84.0,0.31,0.349,0.483,0.833,119.0,0.374,118.0,248.0,6.0,7.0,2.0,9.0,4.0,*98/H3,MVP-8
Brian Lesher,25.0,OAK,AL,-0.3,26.0,90.0,82.0,11.0,19.0,3.0,0.0,5.0,16.0,0.0,0.0,5.0,17.0,0.232,0.281,0.451,0.732,81.0,0.321,75.0,37.0,2.0,1.0,1.0,1.0,0.0,79/H3,
Brian McRae#,28.0,CHC,NL,3.8,157.0,716.0,624.0,111.0,172.0,32.0,5.0,17.0,66.0,37.0,9.0,73.0,84.0,0.276,0.36,0.425,0.785,105.0,0.37,112.0,265.0,11.0,12.0,2.0,5.0,6.0,*8/H,
Brian Raabe,28.0,MIN,AL,-0.2,7.0,10.0,9.0,0.0,2.0,0.0,0.0,0.0,1.0,0.0,0.0,0.0,1.0,0.222,0.2,0.222,0.422,7.0,0.181,-20.0,2.0,0.0,0.0,0.0,1.0,0.0,/5H4,
Bronson Heflin,24.0,PHI,NL,0.0,3.0,0.0,0.0,0.0,0.0,0.0,0.0,0.0,0.0,0.0,0.0,0.0,0.0,,,,,,,,0.0,0.0,0.0,0.0,0.0,0.0,/1,
Brook Fordyce,26.0,CIN,NL,0.3,4.0,10.0,7.0,0.0,2.0,1.0,0.0,0.0,1.0,0.0,0.0,3.0,1.0,0.286,0.5,0.429,0.929,149.0,0.523,225.0,3.0,0.0,0.0,0.0,0.0,0.0,/2,
Brooks Kieschnick*,24.0,CHC,NL,0.0,25.0,32.0,29.0,6.0,10.0,2.0,0.0,1.0,6.0,0.0,0.0,3.0,8.0,0.345,0.406,0.517,0.923,140.0,0.406,141.0,15.0,0.0,0.0,0.0,0.0,0.0,H/97,
Bruce Ruffin#,32.0,COL,NL,0.0,71.0,2.0,1.0,0.0,0.0,0.0,0.0,0.0,0.0,0.0,0.0,1.0,1.0,0.0,0.5,0.0,0.5,36.0,0.357,92.0,0.0,0.0,0.0,0.0,0.0,0.0,1,
Bryan Rekar,24.0,COL,NL,0.2,14.0,17.0,15.0,2.0,4.0,1.0,0.0,0.0,0.0,0.0,0.0,1.0,5.0,0.267,0.313,0.333,0.646,57.0,0.35,84.0,5.0,0.0,0.0,1.0,0.0,0.0,1,
Bryce Florie,26.0,SDP,NL,0.0,39.0,3.0,3.0,0.0,0.0,0.0,0.0,0.0,0.0,0.0,0.0,0.0,1.0,0.0,0.0,0.0,0.0,-100.0,0.0,-133.0,0.0,0.0,0.0,0.0,0.0,0.0,1,
Butch Huskey,24.0,NYM,NL,0.2,118.0,445.0,414.0,43.0,115.0,16.0,2.0,15.0,60.0,1.0,2.0,27.0,77.0,0.278,0.319,0.435,0.754,101.0,0.346,108.0,180.0,10.0,0.0,0.0,4.0,3.0,39/5H,
Cal Ripken Jr.,35.0,BAL,AL,3.8,163.0,707.0,640.0,94.0,178.0,40.0,1.0,26.0,102.0,1.0,2.0,59.0,78.0,0.278,0.341,0.466,0.807,102.0,0.359,103.0,298.0,28.0,4.0,0.0,4.0,3.0,*6/5,AS
Calvin Maduro,21.0,PHI,NL,-0.1,4.0,4.0,4.0,0.0,0.0,0.0,0.0,0.0,0.0,0.0,0.0,0.0,2.0,0.0,0.0,0.0,0.0,-100.0,0.0,-143.0,0.0,0.0,0.0,0.0,0.0,0.0,/1,
Carl Everett#,25.0,NYM,NL,0.7,101.0,219.0,192.0,29.0,46.0,8.0,1.0,1.0,16.0,6.0,0.0,21.0,53.0,0.24,0.326,0.307,0.633,72.0,0.31,76.0,59.0,4.0,4.0,1.0,1.0,2.0,H98/7,
Carl Schutz*,24.0,ATL,NL,0.0,3.0,0.0,0.0,0.0,0.0,0.0,0.0,0.0,0.0,0.0,0.0,0.0,0.0,,,,,,,,0.0,0.0,0.0,0.0,0.0,0.0,/1,
Carlos Baerga#,27.0,2TM,2LG,-1.4,126.0,544.0,507.0,59.0,129.0,28.0,0.0,12.0,66.0,1.0,1.0,21.0,27.0,0.254,0.293,0.381,0.674,72.0,0.311,73.0,193.0,23.0,9.0,2.0,5.0,0.0,43/5H,
Carlos Baerga#,27.0,CLE,AL,-0.8,100.0,453.0,424.0,54.0,113.0,25.0,0.0,10.0,55.0,1.0,1.0,16.0,25.0,0.267,0.302,0.396,0.698,76.0,0.319,76.0,168.0,15.0,7.0,2.0,4.0,0.0,4,
Carlos Baerga#,27.0,NYM,NL,-0.6,26.0,91.0,83.0,5.0,16.0,3.0,0.0,2.0,11.0,0.0,0.0,5.0,2.0,0.193,0.253,0.301,0.554,49.0,0.271,53.0,25.0,8.0,2.0,0.0,1.0,0.0,3/5H4,
Carlos Crawford,24.0,PHI,NL,0.0,1.0,1.0,1.0,0.0,0.0,0.0,0.0,0.0,0.0,0.0,0.0,0.0,0.0,0.0,0.0,0.0,0.0,-100.0,0.0,-142.0,0.0,0.0,0.0,0.0,0.0,0.0,/1,
Carlos Delgado*,24.0,TOR,AL,1.8,138.0,563.0,488.0,68.0,132.0,28.0,2.0,25.0,92.0,0.0,0.0,58.0,139.0,0.27,0.353,0.49,0.843,112.0,0.374,113.0,239.0,13.0,9.0,0.0,8.0,2.0,D3H,
Carlos García,28.0,PIT,NL,1.3,101.0,422.0,390.0,66.0,111.0,18.0,4.0,6.0,44.0,16.0,6.0,23.0,58.0,0.285,0.329,0.397,0.727,89.0,0.344,95.0,155.0,3.0,4.0,3.0,2.0,3.0,465/H,
Carlos Hernández,29.0,LAD,NL,0.0,13.0,16.0,14.0,1.0,4.0,0.0,0.0,0.0,0.0,0.0,0.0,2.0,2.0,0.286,0.375,0.286,0.661,84.0,0.315,86.0,4.0,0.0,0.0,0.0,0.0,0.0,/2H,
Casey Candaele#,35.0,CLE,AL,0.0,24.0,45.0,44.0,8.0,11.0,2.0,0.0,1.0,4.0,0.0,0.0,1.0,9.0,0.25,0.267,0.364,0.63,58.0,0.275,46.0,16.0,0.0,0.0,0.0,0.0,0.0,H4/56,
Cecil Fielder,32.0,2TM,AL,0.9,160.0,688.0,591.0,85.0,149.0,20.0,0.0,39.0,117.0,2.0,0.0,87.0,139.0,0.252,0.35,0.484,0.834,108.0,0.358,101.0,286.0,18.0,5.0,0.0,5.0,12.0,3D/H,
Cecil Fielder,32.0,DET,AL,0.7,107.0,460.0,391.0,55.0,97.0,12.0,0.0,26.0,80.0,2.0,0.0,63.0,91.0,0.248,0.354,0.478,0.833,109.0,0.359,101.0,187.0,11.0,3.0,0.0,3.0,8.0,3D,
Cecil Fielder,32.0,NYY,AL,0.2,53.0,228.0,200.0,30.0,52.0,8.0,0.0,13.0,37.0,0.0,0.0,24.0,48.0,0.26,0.342,0.495,0.837,108.0,0.357,100.0,99.0,7.0,2.0,0.0,2.0,4.0,D/3H,
Chad Curtis,27.0,2TM,2LG,1.1,147.0,587.0,504.0,85.0,127.0,25.0,1.0,12.0,46.0,18.0,11.0,70.0,88.0,0.252,0.341,0.377,0.718,85.0,0.335,91.0,190.0,15.0,1.0,6.0,6.0,0.0,*87H,
Chad Curtis,27.0,DET,AL,0.8,104.0,466.0,400.0,65.0,105.0,20.0,1.0,10.0,37.0,16.0,10.0,53.0,73.0,0.263,0.346,0.393,0.738,87.0,0.341,92.0,157.0,14.0,1.0,6.0,6.0,0.0,87/H,
Chad Curtis,27.0,LAD,NL,0.4,43.0,121.0,104.0,20.0,22.0,5.0,0.0,2.0,9.0,2.0,1.0,17.0,15.0,0.212,0.322,0.317,0.64,75.0,0.313,85.0,33.0,1.0,0.0,0.0,0.0,0.0,8H,
Chad Fonville#,25.0,LAD,NL,-0.5,103.0,221.0,201.0,34.0,41.0,4.0,1.0,0.0,13.0,7.0,2.0,17.0,31.0,0.204,0.266,0.234,0.5,38.0,0.244,34.0,47.0,1.0,0.0,3.0,0.0,1.0,H4678/5,
Chad Kreuter#,31.0,CHW,AL,0.2,46.0,132.0,114.0,14.0,25.0,8.0,0.0,3.0,18.0,0.0,0.0,13.0,29.0,0.219,0.308,0.368,0.676,74.0,0.303,69.0,42.0,2.0,2.0,2.0,1.0,0.0,2H/3D,
Chad Mottola,24.0,CIN,NL,-0.5,35.0,85.0,79.0,10.0,17.0,3.0,0.0,3.0,6.0,2.0,2.0,6.0,16.0,0.215,0.271,0.367,0.638,67.0,0.271,52.0,29.0,0.0,0.0,0.0,0.0,1.0,9/H8,
Chan Ho Park,23.0,LAD,NL,-0.2,48.0,23.0,19.0,0.0,1.0,0.0,0.0,0.0,2.0,0.0,0.0,1.0,9.0,0.053,0.1,0.053,0.153,-57.0,0.081,-105.0,1.0,0.0,0.0,3.0,0.0,0.0,1,
Charles Johnson,24.0,FLA,NL,1.1,120.0,435.0,386.0,34.0,84.0,13.0,1.0,13.0,37.0,1.0,0.0,40.0,91.0,0.218,0.292,0.358,0.649,73.0,0.292,65.0,138.0,20.0,2.0,2.0,4.0,6.0,*2/H,GG
Charlie Greene,25.0,NYM,NL,0.0,2.0,1.0,1.0,0.0,0.0,0.0,0.0,0.0,0.0,0.0,0.0,0.0,0.0,0.0,0.0,0.0,0.0,-100.0,0.0,-133.0,0.0,0.0,0.0,0.0,0.0,0.0,/2H,
Charlie Hayes,31.0,2TM,2LG,0.4,148.0,569.0,526.0,58.0,133.0,24.0,2.0,12.0,75.0,6.0,0.0,37.0,90.0,0.253,0.3,0.375,0.675,74.0,0.309,69.0,197.0,17.0,0.0,3.0,3.0,4.0,*5H,
Charlie Hayes,31.0,PIT,NL,0.0,128.0,500.0,459.0,51.0,114.0,21.0,2.0,10.0,62.0,6.0,0.0,36.0,78.0,0.248,0.301,0.368,0.669,74.0,0.307,68.0,169.0,16.0,0.0,2.0,3.0,4.0,*5/H,
Charlie Hayes,31.0,NYY,AL,0.4,20.0,69.0,67.0,7.0,19.0,3.0,0.0,2.0,13.0,0.0,0.0,1.0,12.0,0.284,0.294,0.418,0.712,77.0,0.322,75.0,28.0,1.0,0.0,1.0,0.0,0.0,5/H,
Charlie O'Brien,36.0,TOR,AL,1.7,109.0,375.0,324.0,33.0,77.0,17.0,0.0,13.0,44.0,0.0,1.0,29.0,68.0,0.238,0.331,0.41,0.741,87.0,0.332,86.0,133.0,8.0,17.0,3.0,2.0,1.0,2H,
Chili Davis#,36.0,CAL,AL,2.3,145.0,623.0,530.0,73.0,155.0,24.0,0.0,28.0,95.0,5.0,2.0,86.0,99.0,0.292,0.387,0.496,0.884,124.0,0.387,123.0,263.0,18.0,0.0,1.0,6.0,11.0,*D/H,
Chip Hale*,31.0,MIN,AL,0.1,85.0,98.0,87.0,8.0,24.0,5.0,0.0,1.0,16.0,0.0,0.0,10.0,6.0,0.276,0.347,0.368,0.715,81.0,0.316,71.0,32.0,3.0,0.0,0.0,1.0,2.0,H4D/359,
Chipper Jones#,24.0,ATL,NL,6.2,157.0,693.0,598.0,114.0,185.0,32.0,5.0,30.0,110.0,14.0,1.0,87.0,88.0,0.309,0.393,0.53,0.923,137.0,0.412,139.0,317.0,14.0,0.0,1.0,7.0,0.0,*56/H9,"AS,MVP-4"
Chris Gomez,25.0,2TM,2LG,-0.3,137.0,528.0,456.0,53.0,117.0,21.0,1.0,4.0,45.0,3.0,3.0,57.0,84.0,0.257,0.347,0.333,0.68,82.0,0.32,85.0,152.0,16.0,7.0,6.0,2.0,1.0,*6/H,
Chris Gomez,25.0,DET,AL,-0.2,48.0,150.0,128.0,21.0,31.0,5.0,0.0,1.0,16.0,1.0,1.0,18.0,20.0,0.242,0.34,0.305,0.645,66.0,0.315,73.0,39.0,5.0,1.0,3.0,0.0,0.0,6/H,
Chris Gomez,25.0,SDP,NL,-0.2,89.0,378.0,328.0,32.0,86.0,16.0,1.0,3.0,29.0,2.0,2.0,39.0,64.0,0.262,0.349,0.345,0.694,89.0,0.321,91.0,113.0,11.0,6.0,3.0,2.0,1.0,6,
Chris Gwynn*,31.0,SDP,NL,-0.7,81.0,100.0,90.0,8.0,16.0,4.0,0.0,1.0,10.0,0.0,0.0,10.0,28.0,0.178,0.26,0.256,0.516,41.0,0.25,40.0,23.0,2.0,0.0,0.0,0.0,0.0,H9/73,
Chris Hammond*,30.0,FLA,NL,-0.1,38.0,18.0,15.0,1.0,1.0,0.0,0.0,0.0,0.0,0.0,0.0,1.0,7.0,0.067,0.125,0.067,0.192,-47.0,0.101,-89.0,1.0,0.0,0.0,2.0,0.0,0.0,1,
Chris Hoiles,31.0,BAL,AL,2.5,127.0,481.0,407.0,64.0,105.0,13.0,0.0,25.0,73.0,0.0,1.0,57.0,97.0,0.258,0.356,0.474,0.83,108.0,0.369,109.0,193.0,7.0,9.0,1.0,7.0,1.0,*2/H3,
Chris Holt,24.0,HOU,NL,0.0,4.0,1.0,1.0,0.0,0.0,0.0,0.0,0.0,0.0,0.0,0.0,0.0,0.0,0.0,0.0,0.0,0.0,-100.0,0.0,-133.0,0.0,0.0,0.0,0.0,0.0,0.0,/1,
Chris Hook,27.0,SFG,NL,0.1,10.0,2.0,2.0,0.0,1.0,0.0,0.0,0.0,1.0,0.0,0.0,0.0,1.0,0.5,0.5,0.5,1.0,172.0,0.45,179.0,1.0,0.0,0.0,0.0,0.0,0.0,1,
Chris Jones,30.0,NYM,NL,0.1,89.0,163.0,149.0,22.0,36.0,7.0,0.0,4.0,18.0,1.0,0.0,12.0,42.0,0.242,0.307,0.369,0.676,82.0,0.32,86.0,55.0,3.0,2.0,0.0,0.0,1.0,9H7/83,
Chris Peters*,24.0,PIT,NL,0.0,16.0,20.0,19.0,2.0,4.0,1.0,0.0,0.0,1.0,0.0,0.0,0.0,8.0,0.211,0.211,0.263,0.474,23.0,0.209,-4.0,5.0,0.0,0.0,1.0,0.0,0.0,1,
Chris Pritchett*,26.0,CAL,AL,-0.2,5.0,13.0,13.0,1.0,2.0,0.0,0.0,0.0,1.0,0.0,0.0,0.0,3.0,0.154,0.154,0.154,0.308,-21.0,0.139,-45.0,2.0,0.0,0.0,0.0,0.0,0.0,/3,
Chris Sabo,34.0,CIN,NL,0.5,54.0,145.0,125.0,15.0,32.0,7.0,1.0,3.0,16.0,2.0,0.0,18.0,27.0,0.256,0.354,0.4,0.754,99.0,0.35,101.0,50.0,4.0,1.0,1.0,0.0,0.0,5H,
Chris Snopek,25.0,CHW,AL,0.6,46.0,113.0,104.0,18.0,27.0,6.0,1.0,6.0,18.0,0.0,1.0,6.0,16.0,0.26,0.304,0.51,0.813,106.0,0.362,112.0,53.0,5.0,1.0,1.0,1.0,0.0,56H/D,
Chris Stynes,23.0,KCR,AL,-0.4,36.0,95.0,92.0,8.0,27.0,6.0,0.0,0.0,6.0,5.0,2.0,2.0,5.0,0.293,0.309,0.359,0.667,69.0,0.298,61.0,33.0,1.0,0.0,1.0,0.0,0.0,7H/4D5,
Chris Turner,27.0,CAL,AL,0.1,4.0,5.0,3.0,1.0,1.0,0.0,0.0,0.0,1.0,0.0,0.0,1.0,0.0,0.333,0.4,0.333,0.733,91.0,0.328,83.0,1.0,0.0,0.0,0.0,1.0,0.0,/27H,
Chris Widger,25.0,SEA,AL,-0.2,8.0,12.0,11.0,1.0,2.0,0.0,0.0,0.0,0.0,0.0,0.0,0.0,5.0,0.182,0.25,0.182,0.432,13.0,0.215,5.0,2.0,0.0,1.0,0.0,0.0,0.0,/2H,
Chuck Carr#,28.0,MIL,AL,0.8,27.0,113.0,106.0,18.0,29.0,6.0,1.0,1.0,11.0,5.0,4.0,6.0,21.0,0.274,0.31,0.377,0.687,71.0,0.303,67.0,40.0,1.0,0.0,0.0,1.0,0.0,8,
Chuck Knoblauch,27.0,MIN,AL,8.7,153.0,701.0,578.0,140.0,197.0,35.0,14.0,13.0,72.0,45.0,14.0,98.0,74.0,0.341,0.448,0.517,0.965,143.0,0.44,154.0,299.0,9.0,19.0,0.0,6.0,6.0,*4/DH,"AS,MVP-16"
Chuck McElroy*,28.0,CIN,NL,0.0,12.0,2.0,2.0,0.0,0.0,0.0,0.0,0.0,0.0,0.0,0.0,0.0,0.0,0.0,0.0,0.0,0.0,-100.0,0.0,-138.0,0.0,0.0,0.0,0.0,0.0,0.0,1,
Cliff Floyd*,23.0,MON,NL,0.1,117.0,266.0,227.0,29.0,55.0,15.0,4.0,6.0,26.0,7.0,1.0,30.0,52.0,0.242,0.34,0.423,0.763,99.0,0.355,102.0,96.0,3.0,5.0,1.0,3.0,1.0,7H8/93,
Cory Bailey,25.0,STL,NL,0.2,51.0,4.0,1.0,2.0,0.0,0.0,0.0,0.0,0.0,0.0,0.0,2.0,0.0,0.0,0.667,0.0,0.667,97.0,0.783,506.0,0.0,0.0,0.0,1.0,0.0,0.0,1,
Craig Biggio,30.0,HOU,NL,5.5,162.0,723.0,605.0,113.0,174.0,24.0,4.0,15.0,75.0,25.0,7.0,75.0,72.0,0.288,0.386,0.415,0.801,120.0,0.377,129.0,251.0,10.0,27.0,8.0,8.0,0.0,*4,"AS,GG"
Craig Grebeck,31.0,FLA,NL,-0.1,50.0,103.0,95.0,8.0,20.0,1.0,0.0,1.0,9.0,0.0,0.0,4.0,14.0,0.211,0.245,0.253,0.498,34.0,0.231,21.0,24.0,2.0,1.0,1.0,2.0,1.0,4H/65,
Craig Paquette,27.0,KCR,AL,0.4,118.0,462.0,429.0,61.0,111.0,15.0,1.0,22.0,67.0,5.0,3.0,23.0,101.0,0.259,0.296,0.452,0.749,87.0,0.337,89.0,194.0,11.0,2.0,3.0,5.0,2.0,5736/HD,
Craig Shipley,33.0,SDP,NL,0.7,33.0,99.0,92.0,13.0,29.0,5.0,0.0,1.0,7.0,7.0,0.0,2.0,15.0,0.315,0.337,0.402,0.739,100.0,0.34,91.0,37.0,0.0,2.0,1.0,2.0,1.0,4/6H59,
Craig Worthington,31.0,TEX,AL,0.1,13.0,27.0,19.0,2.0,3.0,0.0,0.0,1.0,4.0,0.0,0.0,6.0,3.0,0.158,0.333,0.316,0.649,63.0,0.335,81.0,6.0,1.0,0.0,0.0,2.0,0.0,/53H,
Curt Leskanic,28.0,COL,NL,0.1,70.0,4.0,3.0,0.0,1.0,1.0,0.0,0.0,1.0,0.0,0.0,0.0,2.0,0.333,0.333,0.667,1.0,135.0,0.42,144.0,2.0,0.0,0.0,1.0,0.0,0.0,1,
Curt Lyons,21.0,CIN,NL,-0.1,3.0,6.0,5.0,0.0,0.0,0.0,0.0,0.0,0.0,0.0,0.0,0.0,2.0,0.0,0.0,0.0,0.0,-100.0,0.0,-192.0,0.0,0.0,0.0,1.0,0.0,0.0,/1,
Curt Schilling,29.0,PHI,NL,-0.2,28.0,71.0,63.0,1.0,11.0,1.0,0.0,0.0,4.0,0.0,0.0,1.0,24.0,0.175,0.188,0.19,0.378,1.0,0.172,-34.0,12.0,1.0,0.0,7.0,0.0,0.0,1/H,
Curtis Goodwin*,23.0,CIN,NL,-1.0,49.0,156.0,136.0,20.0,31.0,3.0,0.0,0.0,5.0,15.0,6.0,19.0,34.0,0.228,0.323,0.25,0.573,54.0,0.278,51.0,34.0,1.0,0.0,1.0,0.0,0.0,8H/79,
Curtis Pride*,27.0,DET,AL,1.8,95.0,301.0,267.0,52.0,80.0,17.0,5.0,10.0,31.0,11.0,6.0,31.0,63.0,0.3,0.372,0.513,0.886,122.0,0.392,126.0,137.0,2.0,0.0,3.0,0.0,1.0,7DH/9,
César Devarez,26.0,BAL,AL,-0.2,10.0,19.0,18.0,3.0,2.0,0.0,1.0,0.0,0.0,0.0,0.0,1.0,3.0,0.111,0.158,0.222,0.38,-5.0,0.167,-28.0,4.0,0.0,0.0,0.0,0.0,0.0,2/H,
Dale Sveum#,32.0,PIT,NL,0.5,12.0,40.0,34.0,9.0,12.0,5.0,0.0,1.0,5.0,0.0,0.0,6.0,6.0,0.353,0.45,0.588,1.038,169.0,0.473,188.0,20.0,0.0,0.0,0.0,0.0,0.0,5/H,
Damian Jackson,22.0,CLE,AL,0.2,5.0,11.0,10.0,2.0,3.0,2.0,0.0,0.0,1.0,0.0,0.0,1.0,4.0,0.3,0.364,0.5,0.864,117.0,0.375,114.0,5.0,0.0,0.0,0.0,0.0,0.0,/6H,
Damion Easley,26.0,2TM,AL,-0.2,49.0,129.0,112.0,14.0,30.0,2.0,0.0,4.0,17.0,3.0,1.0,10.0,25.0,0.268,0.331,0.393,0.724,83.0,0.331,82.0,44.0,0.0,1.0,5.0,1.0,0.0,64/H5D8,
Damion Easley,26.0,CAL,AL,-0.2,28.0,54.0,45.0,4.0,7.0,1.0,0.0,2.0,7.0,0.0,0.0,6.0,12.0,0.156,0.255,0.311,0.566,44.0,0.275,44.0,14.0,0.0,0.0,3.0,0.0,0.0,6/4H58D,
Damion Easley,26.0,DET,AL,0.0,21.0,75.0,67.0,10.0,23.0,1.0,0.0,2.0,10.0,3.0,1.0,4.0,13.0,0.343,0.384,0.448,0.831,110.0,0.37,108.0,30.0,0.0,1.0,2.0,1.0,0.0,/46H5D,
Damon Buford,26.0,TEX,AL,0.1,90.0,162.0,145.0,30.0,41.0,9.0,0.0,6.0,20.0,8.0,5.0,15.0,34.0,0.283,0.348,0.469,0.817,101.0,0.35,95.0,68.0,3.0,0.0,1.0,1.0,0.0,9H87/D,
Damon Mashore,26.0,OAK,AL,-0.3,50.0,124.0,105.0,20.0,28.0,7.0,1.0,3.0,12.0,4.0,0.0,16.0,31.0,0.267,0.366,0.438,0.804,102.0,0.372,104.0,46.0,2.0,1.0,1.0,1.0,0.0,79H/8,
Dan Carlson,26.0,SFG,NL,0.0,5.0,1.0,1.0,0.0,0.0,0.0,0.0,0.0,0.0,0.0,0.0,0.0,0.0,0.0,0.0,0.0,0.0,-100.0,0.0,-133.0,0.0,0.0,0.0,0.0,0.0,0.0,/1,
Dan Miceli,25.0,PIT,NL,-0.2,44.0,13.0,13.0,0.0,0.0,0.0,0.0,0.0,0.0,0.0,0.0,0.0,4.0,0.0,0.0,0.0,0.0,-100.0,0.0,-145.0,0.0,0.0,0.0,0.0,0.0,0.0,1,
Dan Peltier*,28.0,SFG,NL,0.0,31.0,67.0,59.0,3.0,15.0,2.0,0.0,0.0,9.0,0.0,0.0,7.0,9.0,0.254,0.328,0.288,0.616,69.0,0.295,70.0,17.0,1.0,0.0,0.0,1.0,1.0,H3/7,
Dan Plesac*,34.0,PIT,NL,-0.1,73.0,5.0,5.0,0.0,0.0,0.0,0.0,0.0,0.0,0.0,0.0,0.0,2.0,0.0,0.0,0.0,0.0,-100.0,0.0,-146.0,0.0,0.0,0.0,0.0,0.0,0.0,1,
Dan Wilson,27.0,SEA,AL,3.4,138.0,540.0,491.0,51.0,140.0,24.0,0.0,18.0,83.0,1.0,2.0,32.0,88.0,0.285,0.33,0.444,0.774,95.0,0.344,94.0,218.0,15.0,3.0,9.0,5.0,2.0,*2/H,AS
Danny Bautista,24.0,2TM,2LG,-0.2,42.0,96.0,84.0,13.0,19.0,2.0,0.0,2.0,9.0,1.0,2.0,11.0,20.0,0.226,0.323,0.321,0.644,65.0,0.299,69.0,27.0,4.0,1.0,0.0,0.0,0.0,97H/8D,
Danny Bautista,24.0,DET,AL,-0.1,25.0,73.0,64.0,12.0,16.0,2.0,0.0,2.0,8.0,1.0,2.0,9.0,15.0,0.25,0.342,0.375,0.717,82.0,0.327,88.0,24.0,1.0,0.0,0.0,0.0,0.0,79/HD,
Danny Bautista,24.0,ATL,NL,-0.2,17.0,23.0,20.0,1.0,3.0,0.0,0.0,0.0,1.0,0.0,0.0,2.0,5.0,0.15,0.261,0.15,0.411,10.0,0.212,2.0,3.0,3.0,1.0,0.0,0.0,0.0,9/H78,
Danny Darwin,40.0,2TM,NL,0.1,34.0,56.0,49.0,2.0,9.0,4.0,0.0,1.0,3.0,1.0,0.0,0.0,27.0,0.184,0.184,0.327,0.51,31.0,0.223,-4.0,16.0,1.0,0.0,7.0,0.0,0.0,1,
Danny Darwin,40.0,PIT,NL,0.2,19.0,44.0,39.0,2.0,8.0,4.0,0.0,1.0,3.0,0.0,0.0,0.0,19.0,0.205,0.205,0.385,0.59,50.0,0.25,22.0,15.0,1.0,0.0,5.0,0.0,0.0,1,
Danny Darwin,40.0,HOU,NL,-0.1,15.0,12.0,10.0,0.0,1.0,0.0,0.0,0.0,0.0,1.0,0.0,0.0,8.0,0.1,0.1,0.1,0.2,-45.0,0.114,-105.0,1.0,0.0,0.0,2.0,0.0,0.0,1,
Danny Jackson,34.0,STL,NL,0.1,13.0,10.0,9.0,1.0,3.0,2.0,0.0,0.0,4.0,0.0,0.0,0.0,1.0,0.333,0.333,0.556,0.889,131.0,0.38,129.0,5.0,0.0,0.0,1.0,0.0,0.0,1,
Danny Perez,25.0,MIL,AL,-0.2,4.0,4.0,4.0,0.0,0.0,0.0,0.0,0.0,0.0,0.0,0.0,0.0,0.0,0.0,0.0,0.0,0.0,-100.0,0.0,-145.0,0.0,0.0,0.0,0.0,0.0,0.0,/78DH,
Danny Sheaffer,34.0,STL,NL,-1.0,79.0,214.0,198.0,10.0,45.0,9.0,3.0,2.0,20.0,3.0,3.0,9.0,25.0,0.227,0.271,0.333,0.605,60.0,0.266,48.0,66.0,13.0,3.0,4.0,0.0,0.0,2H5/37,
Danny Tartabull,33.0,CHW,AL,0.6,132.0,541.0,472.0,58.0,120.0,23.0,3.0,27.0,101.0,1.0,2.0,64.0,128.0,0.254,0.34,0.487,0.827,111.0,0.362,110.0,230.0,10.0,0.0,0.0,5.0,4.0,*9D/H,
Dante Bichette,32.0,COL,NL,0.7,159.0,694.0,633.0,114.0,198.0,39.0,3.0,31.0,141.0,31.0,12.0,45.0,105.0,0.313,0.359,0.531,0.89,112.0,0.392,113.0,336.0,18.0,6.0,0.0,10.0,4.0,*97/H,"AS,MVP-20"
Darin Erstad*,22.0,CAL,AL,0.9,57.0,229.0,208.0,34.0,59.0,5.0,1.0,4.0,20.0,3.0,3.0,17.0,29.0,0.284,0.333,0.375,0.708,81.0,0.319,80.0,78.0,3.0,0.0,1.0,3.0,1.0,87H/9,ROY-6
Darrell May*,24.0,PIT,NL,0.0,5.0,3.0,3.0,1.0,1.0,0.0,0.0,0.0,0.0,0.0,0.0,0.0,1.0,0.333,0.333,0.333,0.667,75.0,0.3,67.0,1.0,0.0,0.0,0.0,0.0,0.0,/1,
Darren Bragg*,26.0,2TM,AL,1.9,127.0,499.0,417.0,74.0,109.0,26.0,2.0,10.0,47.0,14.0,9.0,69.0,74.0,0.261,0.366,0.405,0.771,96.0,0.352,99.0,169.0,5.0,4.0,2.0,7.0,6.0,*789H,
Darren Bragg*,26.0,SEA,AL,1.8,69.0,235.0,195.0,36.0,53.0,12.0,1.0,7.0,25.0,8.0,5.0,33.0,35.0,0.272,0.376,0.451,0.827,110.0,0.367,111.0,88.0,2.0,2.0,1.0,4.0,4.0,79H/8,
Darren Bragg*,26.0,BOS,AL,0.2,58.0,264.0,222.0,38.0,56.0,14.0,1.0,3.0,22.0,6.0,4.0,36.0,39.0,0.252,0.357,0.365,0.722,83.0,0.339,89.0,81.0,3.0,2.0,1.0,3.0,2.0,89/7,
Darren Daulton*,34.0,PHI,NL,-0.1,5.0,20.0,12.0,3.0,2.0,0.0,0.0,0.0,0.0,0.0,0.0,7.0,5.0,0.167,0.5,0.167,0.667,88.0,0.378,124.0,2.0,1.0,1.0,0.0,0.0,0.0,/7,
Darren Dreifort,24.0,LAD,NL,0.0,20.0,3.0,3.0,0.0,0.0,0.0,0.0,0.0,0.0,0.0,0.0,0.0,2.0,0.0,0.0,0.0,0.0,-100.0,0.0,-131.0,0.0,0.0,0.0,0.0,0.0,0.0,1/H,
Darren Hall,31.0,LAD,NL,0.0,9.0,0.0,0.0,0.0,0.0,0.0,0.0,0.0,0.0,0.0,0.0,0.0,0.0,,,,,,,,0.0,0.0,0.0,0.0,0.0,0.0,/1,
Darren Holmes,30.0,COL,NL,0.0,62.0,3.0,2.0,0.0,0.0,0.0,0.0,0.0,0.0,0.0,0.0,1.0,1.0,0.0,0.333,0.0,0.333,-9.0,0.238,8.0,0.0,0.0,0.0,0.0,0.0,0.0,1,
Darren Lewis,28.0,CHW,AL,0.0,141.0,405.0,337.0,55.0,77.0,12.0,2.0,4.0,53.0,21.0,5.0,45.0,40.0,0.228,0.321,0.312,0.632,65.0,0.3,62.0,105.0,9.0,3.0,15.0,5.0,1.0,*8H/7,
Darrin Fletcher*,29.0,MON,NL,0.2,127.0,432.0,394.0,41.0,105.0,22.0,0.0,12.0,57.0,0.0,0.0,27.0,42.0,0.266,0.321,0.414,0.735,91.0,0.334,90.0,163.0,13.0,6.0,1.0,3.0,4.0,*2H,
Darryl Hamilton*,31.0,TEX,AL,0.7,148.0,696.0,627.0,94.0,184.0,29.0,4.0,6.0,51.0,15.0,5.0,54.0,66.0,0.293,0.348,0.381,0.73,81.0,0.339,83.0,239.0,15.0,2.0,7.0,6.0,4.0,*8/H,
Darryl Kile,27.0,HOU,NL,-0.2,37.0,84.0,73.0,3.0,10.0,4.0,0.0,0.0,5.0,0.0,0.0,3.0,34.0,0.137,0.169,0.192,0.361,-1.0,0.164,-29.0,14.0,0.0,0.0,7.0,1.0,0.0,1/H,
Darryl Strawberry*,34.0,NYY,AL,0.4,63.0,237.0,202.0,35.0,53.0,13.0,0.0,11.0,36.0,6.0,5.0,31.0,55.0,0.262,0.359,0.49,0.849,112.0,0.353,101.0,99.0,3.0,1.0,0.0,3.0,5.0,7D/9H,
Darío Veras,23.0,SDP,NL,0.0,23.0,0.0,0.0,0.0,0.0,0.0,0.0,0.0,0.0,0.0,0.0,0.0,0.0,,,,,,,,0.0,0.0,0.0,0.0,0.0,0.0,1,
Dave Burba,29.0,CIN,NL,-0.2,34.0,73.0,67.0,3.0,7.0,0.0,0.0,2.0,5.0,0.0,0.0,3.0,26.0,0.104,0.143,0.194,0.337,-12.0,0.166,-31.0,13.0,2.0,0.0,3.0,0.0,0.0,1,
Dave Clark*,33.0,2TM,NL,0.4,107.0,261.0,226.0,28.0,61.0,12.0,2.0,8.0,36.0,2.0,1.0,34.0,53.0,0.27,0.364,0.447,0.811,111.0,0.363,111.0,101.0,6.0,0.0,0.0,1.0,3.0,H79,
Dave Clark*,33.0,PIT,NL,0.4,92.0,243.0,211.0,28.0,58.0,12.0,2.0,8.0,35.0,2.0,1.0,31.0,51.0,0.275,0.366,0.464,0.831,115.0,0.37,115.0,98.0,6.0,0.0,0.0,1.0,3.0,H79,
Dave Clark*,33.0,LAD,NL,-0.1,15.0,18.0,15.0,0.0,3.0,0.0,0.0,0.0,1.0,0.0,0.0,3.0,2.0,0.2,0.333,0.2,0.533,50.0,0.269,54.0,3.0,0.0,0.0,0.0,0.0,0.0,H/7,
Dave Hajek,28.0,HOU,NL,0.1,8.0,12.0,10.0,3.0,3.0,1.0,0.0,0.0,0.0,0.0,0.0,2.0,0.0,0.3,0.417,0.4,0.817,125.0,0.374,130.0,4.0,3.0,0.0,0.0,0.0,0.0,/H54,
Dave Hansen*,27.0,LAD,NL,-0.6,80.0,116.0,104.0,7.0,23.0,1.0,0.0,0.0,6.0,0.0,0.0,11.0,22.0,0.221,0.293,0.231,0.524,45.0,0.261,49.0,24.0,4.0,0.0,0.0,1.0,1.0,H5/3,
Dave Hollins#,30.0,2TM,AL,4.2,149.0,616.0,516.0,88.0,135.0,29.0,0.0,16.0,78.0,6.0,6.0,84.0,117.0,0.262,0.377,0.411,0.788,99.0,0.365,108.0,212.0,11.0,13.0,1.0,2.0,7.0,*5/HD36,
Dave Hollins#,30.0,MIN,AL,3.1,121.0,503.0,422.0,71.0,102.0,26.0,0.0,13.0,53.0,6.0,4.0,71.0,102.0,0.242,0.364,0.396,0.76,92.0,0.357,101.0,167.0,9.0,10.0,0.0,0.0,5.0,*5/DH6,
Dave Hollins#,30.0,SEA,AL,1.1,28.0,113.0,94.0,17.0,33.0,3.0,0.0,3.0,25.0,0.0,2.0,13.0,15.0,0.351,0.438,0.479,0.916,133.0,0.401,139.0,45.0,2.0,3.0,1.0,2.0,2.0,5/3H,
Dave Leiper*,34.0,2TM,NL,0.0,33.0,0.0,0.0,0.0,0.0,0.0,0.0,0.0,0.0,0.0,0.0,0.0,0.0,,,,,,,,0.0,0.0,0.0,0.0,0.0,0.0,1,
Dave Leiper*,34.0,PHI,NL,0.0,26.0,0.0,0.0,0.0,0.0,0.0,0.0,0.0,0.0,0.0,0.0,0.0,0.0,,,,,,,,0.0,0.0,0.0,0.0,0.0,0.0,1,
Dave Leiper*,34.0,MON,NL,0.0,7.0,0.0,0.0,0.0,0.0,0.0,0.0,0.0,0.0,0.0,0.0,0.0,0.0,,,,,,,,0.0,0.0,0.0,0.0,0.0,0.0,/1,
Dave Magadan*,33.0,CHC,NL,0.5,78.0,201.0,169.0,23.0,43.0,10.0,0.0,3.0,17.0,0.0,2.0,29.0,23.0,0.254,0.36,0.367,0.727,91.0,0.34,98.0,62.0,3.0,0.0,1.0,2.0,3.0,5H3,
Dave Martinez*,31.0,CHW,AL,4.8,146.0,498.0,440.0,85.0,140.0,20.0,8.0,10.0,53.0,15.0,7.0,52.0,52.0,0.318,0.393,0.468,0.861,122.0,0.384,124.0,206.0,4.0,3.0,2.0,1.0,1.0,*893H/7,
Dave McCarty,26.0,SFG,NL,-0.6,91.0,197.0,175.0,16.0,38.0,3.0,0.0,6.0,24.0,2.0,1.0,18.0,43.0,0.217,0.294,0.337,0.632,70.0,0.286,64.0,59.0,5.0,2.0,0.0,2.0,0.0,3H9/7,
Dave Mlicki,28.0,NYM,NL,-0.1,51.0,11.0,10.0,0.0,1.0,0.0,0.0,0.0,0.0,0.0,0.0,1.0,3.0,0.1,0.182,0.1,0.282,-21.0,0.147,-34.0,1.0,0.0,0.0,0.0,0.0,0.0,1/H,
Dave Nilsson*,26.0,MIL,AL,3.0,123.0,516.0,453.0,81.0,150.0,33.0,2.0,17.0,84.0,2.0,3.0,57.0,68.0,0.331,0.407,0.525,0.932,131.0,0.412,137.0,238.0,4.0,3.0,0.0,3.0,6.0,9D3/H72,
Dave Silvestri,28.0,MON,NL,-1.0,86.0,200.0,162.0,16.0,33.0,4.0,0.0,1.0,17.0,2.0,1.0,34.0,41.0,0.204,0.34,0.247,0.587,57.0,0.279,49.0,40.0,5.0,0.0,3.0,1.0,6.0,5H6/3478,
Dave Swartzbaugh,28.0,CHC,NL,-0.1,6.0,7.0,6.0,0.0,0.0,0.0,0.0,0.0,0.0,0.0,0.0,1.0,3.0,0.0,0.143,0.0,0.143,-58.0,0.102,-72.0,0.0,0.0,0.0,0.0,0.0,0.0,/1,
Dave Valle,35.0,TEX,AL,0.8,42.0,95.0,86.0,14.0,26.0,6.0,1.0,3.0,17.0,0.0,0.0,9.0,17.0,0.302,0.368,0.5,0.868,113.0,0.387,116.0,43.0,3.0,0.0,0.0,0.0,0.0,2/3HD,
Dave Veres,29.0,MON,NL,0.1,68.0,8.0,8.0,1.0,3.0,1.0,0.0,0.0,1.0,0.0,0.0,0.0,4.0,0.375,0.375,0.5,0.875,127.0,0.383,125.0,4.0,0.0,0.0,0.0,0.0,0.0,1,
Dave Wainhouse*,28.0,PIT,NL,0.0,17.0,1.0,1.0,0.0,0.0,0.0,0.0,0.0,0.0,0.0,0.0,0.0,0.0,0.0,0.0,0.0,0.0,-100.0,0.0,-142.0,0.0,0.0,0.0,0.0,0.0,0.0,1,
David Bell,23.0,STL,NL,0.0,62.0,157.0,145.0,12.0,31.0,6.0,0.0,1.0,9.0,1.0,1.0,10.0,22.0,0.214,0.268,0.276,0.543,45.0,0.247,33.0,40.0,3.0,1.0,0.0,1.0,2.0,54/H6,
David Doster,25.0,PHI,NL,0.1,39.0,113.0,105.0,14.0,28.0,8.0,0.0,1.0,8.0,0.0,0.0,7.0,21.0,0.267,0.313,0.371,0.684,81.0,0.322,85.0,39.0,1.0,0.0,1.0,0.0,0.0,4H/5,
David Howard#,29.0,KCR,AL,0.3,143.0,485.0,420.0,51.0,92.0,14.0,5.0,4.0,48.0,5.0,6.0,40.0,74.0,0.219,0.291,0.305,0.595,52.0,0.272,45.0,128.0,6.0,4.0,17.0,4.0,0.0,*6/H438D,
David Hulse*,28.0,MIL,AL,-0.4,81.0,127.0,117.0,18.0,26.0,3.0,0.0,0.0,6.0,4.0,1.0,8.0,16.0,0.222,0.272,0.248,0.52,32.0,0.261,29.0,29.0,2.0,0.0,2.0,0.0,0.0,8H79/D,
David Justice*,30.0,ATL,NL,2.2,40.0,164.0,140.0,23.0,45.0,9.0,0.0,6.0,25.0,1.0,1.0,21.0,22.0,0.321,0.409,0.514,0.923,137.0,0.412,144.0,72.0,5.0,1.0,0.0,2.0,1.0,9,
David Nied,27.0,COL,NL,0.0,6.0,1.0,1.0,0.0,0.0,0.0,0.0,0.0,0.0,0.0,0.0,0.0,1.0,0.0,0.0,0.0,0.0,-100.0,0.0,-158.0,0.0,0.0,0.0,0.0,0.0,0.0,/1,
David Segui#,29.0,MON,NL,1.1,115.0,477.0,416.0,69.0,119.0,30.0,1.0,11.0,58.0,4.0,4.0,60.0,54.0,0.286,0.375,0.442,0.818,114.0,0.373,120.0,184.0,8.0,0.0,0.0,1.0,4.0,*3/H,
David Weathers,26.0,FLA,NL,0.1,32.0,20.0,19.0,1.0,3.0,0.0,0.0,1.0,2.0,0.0,0.0,0.0,13.0,0.158,0.2,0.316,0.516,36.0,0.274,54.0,6.0,0.0,1.0,0.0,0.0,0.0,1/H,
David West*,31.0,PHI,NL,0.1,7.0,11.0,7.0,0.0,2.0,0.0,0.0,0.0,0.0,0.0,0.0,2.0,2.0,0.286,0.444,0.286,0.73,100.0,0.359,113.0,2.0,0.0,0.0,2.0,0.0,0.0,/1,
Dax Jones,25.0,SFG,NL,-0.2,34.0,67.0,58.0,7.0,10.0,0.0,2.0,1.0,7.0,2.0,2.0,8.0,12.0,0.172,0.269,0.293,0.562,52.0,0.262,53.0,17.0,0.0,0.0,0.0,1.0,0.0,8/H9,
Dean Hartgraves,29.0,2TM,NL,0.0,39.0,2.0,1.0,0.0,0.0,0.0,0.0,0.0,0.0,0.0,0.0,0.0,0.0,0.0,0.0,0.0,0.0,-100.0,0.0,-142.0,0.0,0.0,0.0,1.0,0.0,0.0,1,
Dean Hartgraves,29.0,HOU,NL,0.0,19.0,1.0,0.0,0.0,0.0,0.0,0.0,0.0,0.0,0.0,0.0,0.0,0.0,,,,,,,,0.0,0.0,0.0,1.0,0.0,0.0,1,
Dean Hartgraves,29.0,ATL,NL,0.0,20.0,1.0,1.0,0.0,0.0,0.0,0.0,0.0,0.0,0.0,0.0,0.0,0.0,0.0,0.0,0.0,0.0,-100.0,0.0,-142.0,0.0,0.0,0.0,0.0,0.0,0.0,1,
Dean Palmer,27.0,TEX,AL,2.8,154.0,652.0,582.0,98.0,163.0,26.0,2.0,38.0,107.0,2.0,0.0,59.0,145.0,0.28,0.348,0.527,0.876,114.0,0.377,109.0,307.0,15.0,5.0,0.0,6.0,4.0,*5/D,
Delino DeShields*,27.0,LAD,NL,-1.4,154.0,642.0,581.0,75.0,130.0,12.0,8.0,5.0,41.0,48.0,11.0,53.0,124.0,0.224,0.288,0.298,0.585,60.0,0.286,60.0,173.0,12.0,1.0,2.0,5.0,7.0,*4/H,
Dennis Eckersley,41.0,STL,NL,0.0,63.0,1.0,1.0,0.0,0.0,0.0,0.0,0.0,0.0,0.0,0.0,0.0,0.0,0.0,0.0,0.0,0.0,-100.0,0.0,-142.0,0.0,0.0,0.0,0.0,0.0,0.0,1,
Denny Hocking#,26.0,MIN,AL,-0.7,49.0,137.0,127.0,16.0,25.0,6.0,0.0,1.0,10.0,3.0,3.0,8.0,24.0,0.197,0.243,0.268,0.51,29.0,0.239,23.0,34.0,3.0,0.0,1.0,1.0,0.0,9H/643D,
Denny Neagle*,27.0,2TM,NL,-0.2,36.0,88.0,69.0,3.0,12.0,1.0,0.0,0.0,4.0,0.0,0.0,2.0,18.0,0.174,0.194,0.188,0.383,1.0,0.175,-50.0,13.0,0.0,0.0,16.0,1.0,0.0,1/H,CYA-8
Denny Neagle*,27.0,PIT,NL,-0.2,30.0,73.0,55.0,3.0,10.0,1.0,0.0,0.0,2.0,0.0,0.0,1.0,15.0,0.182,0.193,0.2,0.393,3.0,0.177,-55.0,11.0,0.0,0.0,16.0,1.0,0.0,1/H,
Denny Neagle*,27.0,ATL,NL,0.0,6.0,15.0,14.0,0.0,2.0,0.0,0.0,0.0,2.0,0.0,0.0,1.0,3.0,0.143,0.2,0.143,0.343,-9.0,0.168,-29.0,2.0,0.0,0.0,0.0,0.0,0.0,/1,
Derek Aucoin,26.0,MON,NL,0.0,2.0,0.0,0.0,0.0,0.0,0.0,0.0,0.0,0.0,0.0,0.0,0.0,0.0,,,,,,,,0.0,0.0,0.0,0.0,0.0,0.0,/1,
Derek Bell,27.0,HOU,NL,2.8,158.0,684.0,627.0,84.0,165.0,40.0,3.0,17.0,113.0,29.0,3.0,40.0,123.0,0.263,0.311,0.418,0.729,98.0,0.337,97.0,262.0,18.0,8.0,0.0,9.0,8.0,*9/8H,
Derek Jeter,22.0,NYY,AL,3.3,157.0,654.0,582.0,104.0,183.0,25.0,6.0,10.0,78.0,14.0,7.0,48.0,102.0,0.314,0.37,0.43,0.8,101.0,0.372,111.0,250.0,13.0,9.0,6.0,9.0,1.0,*6,ROY-1
Derek Lilliquist*,30.0,CIN,NL,0.0,5.0,0.0,0.0,0.0,0.0,0.0,0.0,0.0,0.0,0.0,0.0,0.0,0.0,,,,,,,,0.0,0.0,0.0,0.0,0.0,0.0,/1,
Derek Wallace,24.0,NYM,NL,0.0,19.0,0.0,0.0,0.0,0.0,0.0,0.0,0.0,0.0,0.0,0.0,0.0,0.0,,,,,,,,0.0,0.0,0.0,0.0,0.0,0.0,1,
Derrick May*,27.0,HOU,NL,1.0,109.0,294.0,259.0,24.0,65.0,12.0,3.0,5.0,33.0,2.0,2.0,30.0,33.0,0.251,0.33,0.378,0.708,94.0,0.324,95.0,98.0,3.0,2.0,0.0,3.0,8.0,7H/9,
Desi Relaford#,22.0,PHI,NL,-0.5,15.0,44.0,40.0,2.0,7.0,2.0,0.0,0.0,1.0,1.0,0.0,3.0,9.0,0.175,0.233,0.225,0.458,22.0,0.219,6.0,9.0,1.0,0.0,1.0,0.0,0.0,/6H4,
Desi Wilson*,27.0,SFG,NL,-0.5,41.0,130.0,118.0,10.0,32.0,2.0,0.0,2.0,12.0,0.0,2.0,12.0,27.0,0.271,0.338,0.339,0.677,84.0,0.296,76.0,40.0,2.0,0.0,0.0,0.0,2.0,3/H,
Devon White#,33.0,FLA,NL,3.3,146.0,611.0,552.0,77.0,151.0,37.0,6.0,17.0,84.0,22.0,6.0,38.0,99.0,0.274,0.325,0.455,0.779,106.0,0.346,102.0,251.0,8.0,8.0,4.0,9.0,6.0,*8/H,
Dick Schofield,33.0,CAL,AL,0.2,13.0,17.0,16.0,3.0,4.0,0.0,0.0,0.0,0.0,1.0,0.0,1.0,1.0,0.25,0.294,0.25,0.544,41.0,0.378,108.0,4.0,0.0,0.0,0.0,0.0,0.0,/6H45D,
Dion James*,33.0,NYY,AL,-0.2,6.0,13.0,12.0,1.0,2.0,0.0,0.0,0.0,0.0,1.0,0.0,1.0,2.0,0.167,0.231,0.167,0.397,3.0,0.213,-10.0,2.0,1.0,0.0,0.0,0.0,0.0,/79DH,
Dmitri Young#,22.0,STL,NL,-0.3,16.0,34.0,29.0,3.0,7.0,0.0,0.0,0.0,2.0,0.0,1.0,4.0,5.0,0.241,0.353,0.241,0.594,62.0,0.276,64.0,7.0,1.0,1.0,0.0,0.0,0.0,3/H,
Domingo Cedeño#,27.0,2TM,AL,-0.3,89.0,329.0,301.0,46.0,82.0,12.0,2.0,2.0,20.0,6.0,3.0,15.0,64.0,0.272,0.308,0.346,0.654,67.0,0.301,63.0,104.0,7.0,2.0,8.0,3.0,0.0,4H/65D,
Domingo Cedeño#,27.0,TOR,AL,0.0,77.0,307.0,282.0,44.0,79.0,10.0,2.0,2.0,17.0,5.0,3.0,15.0,60.0,0.28,0.32,0.351,0.671,71.0,0.31,70.0,99.0,6.0,2.0,7.0,1.0,0.0,4/H56,
Domingo Cedeño#,27.0,CHW,AL,-0.3,12.0,22.0,19.0,2.0,3.0,2.0,0.0,0.0,3.0,1.0,0.0,0.0,4.0,0.158,0.143,0.263,0.406,2.0,0.172,-33.0,5.0,1.0,0.0,1.0,2.0,0.0,/H46D,
Don Slaught,37.0,2TM,AL,0.7,76.0,263.0,243.0,25.0,76.0,10.0,0.0,6.0,36.0,0.0,0.0,15.0,22.0,0.313,0.355,0.428,0.783,100.0,0.368,110.0,104.0,16.0,2.0,1.0,2.0,0.0,2H/D,
Don Slaught,37.0,CAL,AL,1.1,62.0,224.0,207.0,23.0,67.0,9.0,0.0,6.0,32.0,0.0,0.0,13.0,20.0,0.324,0.366,0.454,0.82,108.0,0.386,122.0,94.0,12.0,2.0,0.0,2.0,0.0,2/HD,
Don Slaught,37.0,CHW,AL,-0.3,14.0,39.0,36.0,2.0,9.0,1.0,0.0,0.0,4.0,0.0,0.0,2.0,2.0,0.25,0.289,0.278,0.567,48.0,0.262,40.0,10.0,4.0,0.0,1.0,0.0,0.0,2/HD,
Donn Pall,34.0,FLA,NL,0.0,12.0,3.0,2.0,0.0,0.0,0.0,0.0,0.0,0.0,0.0,0.0,1.0,0.0,0.0,0.333,0.0,0.333,0.0,0.238,28.0,0.0,0.0,0.0,0.0,0.0,0.0,1,
Donne Wall,28.0,HOU,NL,0.4,26.0,54.0,44.0,5.0,9.0,1.0,0.0,0.0,1.0,0.0,0.0,2.0,11.0,0.205,0.239,0.227,0.466,29.0,0.255,36.0,10.0,0.0,0.0,8.0,0.0,0.0,1,
Donovan Osborne#,27.0,STL,NL,0.5,30.0,72.0,59.0,6.0,13.0,4.0,0.0,1.0,10.0,0.0,1.0,3.0,24.0,0.22,0.258,0.339,0.597,57.0,0.256,36.0,20.0,0.0,0.0,10.0,0.0,0.0,1,
Doug Bochtler,25.0,SDP,NL,0.0,63.0,0.0,0.0,0.0,0.0,0.0,0.0,0.0,0.0,0.0,0.0,0.0,0.0,,,,,,,,0.0,0.0,0.0,0.0,0.0,0.0,1,
Doug Brocail*,29.0,HOU,NL,-0.2,25.0,11.0,11.0,0.0,0.0,0.0,0.0,0.0,0.0,0.0,0.0,0.0,4.0,0.0,0.0,0.0,0.0,-100.0,0.0,-134.0,0.0,0.0,0.0,0.0,0.0,0.0,1/H,
Doug Creek*,27.0,SFG,NL,0.0,63.0,2.0,1.0,0.0,0.0,0.0,0.0,0.0,0.0,0.0,0.0,0.0,1.0,0.0,0.0,0.0,0.0,-100.0,0.0,-367.0,0.0,0.0,0.0,1.0,0.0,0.0,1,
Doug Dascenzo#,32.0,SDP,NL,-0.2,21.0,10.0,9.0,3.0,1.0,0.0,0.0,0.0,0.0,0.0,1.0,1.0,2.0,0.111,0.2,0.111,0.311,-12.0,0.11,-23.0,1.0,0.0,0.0,0.0,0.0,0.0,H/98,
Doug Drabek,33.0,HOU,NL,0.0,32.0,63.0,56.0,5.0,10.0,1.0,0.0,0.0,3.0,0.0,0.0,0.0,12.0,0.179,0.179,0.196,0.375,3.0,0.184,-18.0,11.0,1.0,0.0,7.0,0.0,0.0,1/H,
Doug Glanville,25.0,CHC,NL,0.4,49.0,89.0,83.0,10.0,20.0,5.0,1.0,1.0,10.0,2.0,0.0,3.0,11.0,0.241,0.264,0.361,0.626,62.0,0.321,77.0,30.0,0.0,0.0,2.0,1.0,0.0,H7/89,
Doug Henry,32.0,NYM,NL,0.0,58.0,5.0,5.0,0.0,0.0,0.0,0.0,0.0,0.0,0.0,0.0,0.0,0.0,0.0,0.0,0.0,0.0,-100.0,0.184,-8.0,0.0,0.0,0.0,0.0,0.0,0.0,1,
Doug Johns,28.0,OAK,AL,0.0,2.0,0.0,0.0,1.0,0.0,0.0,0.0,0.0,0.0,0.0,0.0,0.0,0.0,,,,,,,,0.0,0.0,0.0,0.0,0.0,0.0,1/H,
Doug Jones,39.0,CHC,NL,0.0,28.0,0.0,0.0,0.0,0.0,0.0,0.0,0.0,0.0,0.0,0.0,0.0,0.0,,,,,,,,0.0,0.0,0.0,0.0,0.0,0.0,1,
Doug Mirabelli,25.0,SFG,NL,-0.2,9.0,21.0,18.0,2.0,4.0,1.0,0.0,0.0,1.0,0.0,0.0,3.0,4.0,0.222,0.333,0.278,0.611,68.0,0.291,67.0,5.0,0.0,0.0,0.0,0.0,0.0,/2H,
Doug Strange#,32.0,SEA,AL,-0.1,88.0,200.0,183.0,19.0,43.0,7.0,1.0,3.0,23.0,1.0,0.0,14.0,31.0,0.235,0.29,0.333,0.623,58.0,0.304,65.0,61.0,3.0,1.0,0.0,2.0,0.0,H57D/349,
Duane Singleton*,23.0,DET,AL,-0.5,18.0,61.0,56.0,5.0,9.0,1.0,0.0,0.0,3.0,0.0,2.0,4.0,15.0,0.161,0.23,0.179,0.408,6.0,0.197,4.0,10.0,2.0,1.0,0.0,0.0,0.0,8/H7D,
Dustin Hermanson,23.0,SDP,NL,0.0,8.0,0.0,0.0,0.0,0.0,0.0,0.0,0.0,0.0,0.0,0.0,0.0,0.0,,,,,,,,0.0,0.0,0.0,0.0,0.0,0.0,/1,
Dwayne Hosey#,29.0,BOS,AL,-0.2,28.0,87.0,78.0,13.0,17.0,2.0,2.0,1.0,3.0,6.0,3.0,7.0,17.0,0.218,0.282,0.333,0.616,55.0,0.306,66.0,26.0,0.0,0.0,2.0,0.0,0.0,8/7HD,
Dwight Smith*,32.0,ATL,NL,-1.1,101.0,172.0,153.0,16.0,31.0,5.0,0.0,3.0,16.0,1.0,3.0,17.0,42.0,0.203,0.285,0.294,0.579,51.0,0.262,42.0,45.0,2.0,1.0,0.0,1.0,1.0,H9/7,
Ed Giovanola*,27.0,ATL,NL,-0.3,43.0,94.0,82.0,10.0,19.0,2.0,0.0,0.0,7.0,1.0,0.0,8.0,13.0,0.232,0.304,0.256,0.56,47.0,0.287,52.0,21.0,3.0,1.0,2.0,1.0,0.0,6H/54,
Ed Sprague,28.0,TOR,AL,3.1,159.0,670.0,591.0,88.0,146.0,35.0,2.0,36.0,101.0,0.0,0.0,60.0,146.0,0.247,0.325,0.496,0.821,105.0,0.357,101.0,293.0,7.0,12.0,0.0,7.0,3.0,*5D/H,
Ed Taubensee*,27.0,CIN,NL,1.1,108.0,359.0,327.0,46.0,95.0,20.0,0.0,12.0,48.0,3.0,4.0,26.0,64.0,0.291,0.338,0.462,0.8,109.0,0.353,108.0,151.0,4.0,0.0,1.0,5.0,5.0,2H,
Eddie Murray#,40.0,2TM,AL,-0.3,152.0,637.0,566.0,69.0,147.0,21.0,1.0,22.0,79.0,4.0,0.0,61.0,87.0,0.26,0.327,0.417,0.743,87.0,0.333,83.0,236.0,19.0,0.0,0.0,10.0,6.0,*D/H3,
Eddie Murray#,40.0,CLE,AL,-0.5,88.0,374.0,336.0,33.0,88.0,9.0,1.0,12.0,45.0,3.0,0.0,34.0,45.0,0.262,0.326,0.402,0.728,84.0,0.327,80.0,135.0,13.0,0.0,0.0,4.0,2.0,D/H3,
Eddie Murray#,40.0,BAL,AL,0.2,64.0,263.0,230.0,36.0,59.0,12.0,0.0,10.0,34.0,1.0,0.0,27.0,42.0,0.257,0.327,0.439,0.766,92.0,0.341,89.0,101.0,6.0,0.0,0.0,6.0,4.0,D/H,
Eddie Pérez,28.0,ATL,NL,0.2,68.0,167.0,156.0,19.0,40.0,9.0,1.0,4.0,17.0,0.0,0.0,8.0,19.0,0.256,0.293,0.404,0.697,79.0,0.316,75.0,63.0,6.0,1.0,0.0,2.0,0.0,2/H3,
Eddie Williams,31.0,DET,AL,-1.3,77.0,237.0,215.0,22.0,43.0,5.0,0.0,6.0,26.0,0.0,2.0,18.0,50.0,0.2,0.267,0.307,0.574,45.0,0.264,40.0,66.0,8.0,2.0,0.0,1.0,0.0,DH/359,
Edgar Martínez,33.0,SEA,AL,6.5,139.0,634.0,499.0,121.0,163.0,52.0,2.0,26.0,103.0,3.0,3.0,123.0,84.0,0.327,0.464,0.595,1.059,167.0,0.462,175.0,297.0,15.0,8.0,0.0,4.0,12.0,*D/35,AS
Edgardo Alfonzo,22.0,NYM,NL,1.0,123.0,407.0,368.0,36.0,96.0,15.0,2.0,4.0,40.0,2.0,0.0,25.0,56.0,0.261,0.304,0.345,0.649,75.0,0.306,76.0,127.0,8.0,0.0,9.0,5.0,2.0,45H6,
Eduardo Pérez,26.0,CIN,NL,0.1,18.0,41.0,36.0,8.0,8.0,0.0,0.0,3.0,5.0,0.0,0.0,5.0,9.0,0.222,0.317,0.472,0.789,105.0,0.335,93.0,17.0,2.0,0.0,0.0,0.0,1.0,/3H5,
Einar Díaz,23.0,CLE,AL,0.0,4.0,1.0,1.0,0.0,0.0,0.0,0.0,0.0,0.0,0.0,0.0,0.0,0.0,0.0,0.0,0.0,0.0,-100.0,0.0,-146.0,0.0,0.0,0.0,0.0,0.0,0.0,/2,
Ellis Burks,31.0,COL,NL,7.9,156.0,685.0,613.0,142.0,211.0,45.0,8.0,40.0,128.0,32.0,6.0,61.0,114.0,0.344,0.408,0.639,1.047,149.0,0.462,159.0,392.0,19.0,6.0,3.0,2.0,2.0,*78/H,"AS,MVP-3,SS"
Elmer Dessens,25.0,PIT,NL,0.1,15.0,5.0,5.0,1.0,2.0,0.0,0.0,0.0,2.0,0.0,0.0,0.0,0.0,0.4,0.4,0.4,0.8,110.0,0.36,108.0,2.0,0.0,0.0,0.0,0.0,0.0,1,
Eric Anthony*,28.0,2TM,NL,-0.8,79.0,218.0,185.0,32.0,45.0,8.0,0.0,12.0,22.0,0.0,2.0,32.0,56.0,0.243,0.353,0.481,0.834,112.0,0.366,112.0,89.0,3.0,0.0,0.0,1.0,2.0,9H7/8,
Eric Anthony*,28.0,CIN,NL,-0.5,47.0,145.0,123.0,22.0,30.0,6.0,0.0,8.0,13.0,0.0,1.0,22.0,36.0,0.244,0.359,0.488,0.846,121.0,0.376,125.0,60.0,2.0,0.0,0.0,0.0,2.0,97H,
Eric Anthony*,28.0,COL,NL,-0.4,32.0,73.0,62.0,10.0,15.0,2.0,0.0,4.0,9.0,0.0,1.0,10.0,20.0,0.242,0.342,0.468,0.81,94.0,0.347,88.0,29.0,1.0,0.0,0.0,1.0,0.0,H9/87,
Eric Davis,34.0,CIN,NL,3.1,129.0,496.0,415.0,81.0,119.0,20.0,0.0,26.0,83.0,23.0,9.0,70.0,121.0,0.287,0.394,0.523,0.917,140.0,0.402,139.0,217.0,8.0,6.0,1.0,4.0,3.0,*87/H3,
Eric Karros,28.0,LAD,NL,1.4,154.0,670.0,608.0,84.0,158.0,29.0,1.0,34.0,111.0,8.0,0.0,53.0,121.0,0.26,0.316,0.479,0.795,113.0,0.353,112.0,291.0,27.0,1.0,0.0,8.0,2.0,*3,MVP-16
Eric Ludwick,24.0,STL,NL,0.0,6.0,2.0,2.0,0.0,0.0,0.0,0.0,0.0,0.0,0.0,0.0,0.0,1.0,0.0,0.0,0.0,0.0,-100.0,0.0,-138.0,0.0,0.0,0.0,0.0,0.0,0.0,/1,
Eric Owens,25.0,CIN,NL,-1.8,88.0,232.0,205.0,26.0,41.0,6.0,0.0,0.0,9.0,16.0,2.0,23.0,38.0,0.2,0.281,0.229,0.511,37.0,0.27,38.0,47.0,2.0,1.0,1.0,2.0,1.0,7H/45,
Eric Young Sr.,29.0,COL,NL,3.3,141.0,643.0,568.0,113.0,184.0,23.0,4.0,8.0,74.0,53.0,19.0,47.0,31.0,0.324,0.393,0.421,0.814,98.0,0.379,103.0,239.0,9.0,21.0,2.0,5.0,1.0,*4/H,"AS,SS"
Ernie Young,26.0,OAK,AL,0.8,141.0,528.0,462.0,72.0,112.0,19.0,4.0,19.0,64.0,7.0,5.0,52.0,118.0,0.242,0.326,0.424,0.75,88.0,0.334,85.0,196.0,13.0,7.0,3.0,4.0,1.0,*89/7H,
Esteban Beltré,28.0,BOS,AL,-0.5,27.0,68.0,62.0,6.0,16.0,2.0,0.0,0.0,6.0,1.0,0.0,4.0,14.0,0.258,0.299,0.29,0.589,50.0,0.274,40.0,18.0,1.0,0.0,1.0,1.0,0.0,5/46HD,
Esteban Loaiza,24.0,PIT,NL,-0.1,11.0,22.0,17.0,1.0,2.0,0.0,0.0,0.0,1.0,0.0,0.0,0.0,2.0,0.118,0.118,0.118,0.235,-38.0,0.106,-121.0,2.0,1.0,0.0,5.0,0.0,0.0,1/H,
F.P. Santangelo#,28.0,MON,NL,3.3,152.0,467.0,393.0,54.0,109.0,20.0,5.0,7.0,56.0,5.0,2.0,49.0,61.0,0.277,0.369,0.407,0.776,104.0,0.35,102.0,160.0,6.0,11.0,9.0,5.0,4.0,*875H9/46,ROY-4
Fausto Cruz,24.0,DET,AL,-0.4,14.0,40.0,38.0,5.0,9.0,2.0,0.0,0.0,0.0,0.0,0.0,1.0,11.0,0.237,0.256,0.289,0.546,38.0,0.269,39.0,11.0,1.0,0.0,1.0,0.0,0.0,/46HD,
Felipe Crespo#,23.0,TOR,AL,0.2,22.0,64.0,49.0,6.0,9.0,4.0,0.0,0.0,4.0,1.0,0.0,12.0,13.0,0.184,0.375,0.265,0.64,67.0,0.325,78.0,13.0,0.0,3.0,0.0,0.0,0.0,4/5H3,
Fernando Valenzuela*,35.0,SDP,NL,-0.2,36.0,66.0,63.0,4.0,9.0,2.0,0.0,0.0,2.0,0.0,0.0,0.0,15.0,0.143,0.143,0.175,0.317,-14.0,0.155,-33.0,11.0,0.0,0.0,3.0,0.0,0.0,1/H,
Fernando Viña*,27.0,MIL,AL,1.7,140.0,615.0,554.0,94.0,157.0,19.0,10.0,7.0,46.0,16.0,7.0,38.0,35.0,0.283,0.342,0.392,0.733,83.0,0.337,84.0,217.0,15.0,13.0,6.0,4.0,3.0,*4/H,
Francisco Córdova,24.0,PIT,NL,-0.1,59.0,18.0,16.0,1.0,2.0,0.0,0.0,0.0,2.0,0.0,0.0,0.0,7.0,0.125,0.125,0.125,0.25,-34.0,0.113,-86.0,2.0,1.0,0.0,2.0,0.0,0.0,1,
Frank Castillo,27.0,CHC,NL,-0.4,33.0,63.0,57.0,1.0,5.0,0.0,0.0,0.0,2.0,0.0,0.0,2.0,21.0,0.088,0.119,0.088,0.206,-45.0,0.116,-74.0,5.0,0.0,0.0,4.0,0.0,0.0,1,
Frank Thomas,28.0,CHW,AL,5.6,141.0,649.0,527.0,110.0,184.0,26.0,0.0,40.0,134.0,1.0,1.0,109.0,70.0,0.349,0.459,0.626,1.085,178.0,0.453,174.0,330.0,25.0,5.0,0.0,8.0,26.0,*3/H,"AS,MVP-8"
Fred McGriff*,32.0,ATL,NL,1.7,159.0,691.0,617.0,81.0,182.0,37.0,1.0,28.0,107.0,7.0,3.0,68.0,116.0,0.295,0.365,0.494,0.859,120.0,0.378,119.0,305.0,20.0,2.0,0.0,4.0,12.0,*3/H,AS
Félix Fermín,32.0,CHC,NL,-0.3,11.0,19.0,16.0,4.0,2.0,1.0,0.0,0.0,1.0,0.0,0.0,2.0,0.0,0.125,0.222,0.188,0.41,9.0,0.2,-10.0,3.0,2.0,0.0,1.0,0.0,0.0,/4H6,
Félix Heredia*,21.0,FLA,NL,0.0,21.0,0.0,0.0,0.0,0.0,0.0,0.0,0.0,0.0,0.0,0.0,0.0,0.0,,,,,,,,0.0,0.0,0.0,0.0,0.0,0.0,1,
Garret Anderson*,24.0,CAL,AL,0.8,150.0,642.0,607.0,79.0,173.0,33.0,2.0,12.0,72.0,7.0,9.0,27.0,84.0,0.285,0.314,0.405,0.719,82.0,0.319,80.0,246.0,22.0,0.0,5.0,3.0,5.0,*7/98HD,
Garvin Alston,24.0,COL,NL,0.0,6.0,1.0,1.0,0.0,0.0,0.0,0.0,0.0,0.0,0.0,0.0,0.0,0.0,0.0,0.0,0.0,0.0,-100.0,0.0,-158.0,0.0,0.0,0.0,0.0,0.0,0.0,/1,
Gary Bennett,24.0,PHI,NL,0.1,6.0,18.0,16.0,0.0,4.0,0.0,0.0,0.0,1.0,0.0,0.0,2.0,6.0,0.25,0.333,0.25,0.583,58.0,0.254,33.0,4.0,0.0,0.0,0.0,0.0,1.0,/2H,
Gary Disarcina,28.0,CAL,AL,1.4,150.0,576.0,536.0,62.0,137.0,26.0,4.0,5.0,48.0,2.0,1.0,21.0,36.0,0.256,0.286,0.347,0.633,61.0,0.301,63.0,186.0,16.0,2.0,16.0,1.0,0.0,*6,
Gary Gaetti,37.0,STL,NL,2.5,141.0,574.0,522.0,71.0,143.0,27.0,4.0,23.0,80.0,2.0,2.0,35.0,97.0,0.274,0.326,0.473,0.799,109.0,0.362,114.0,247.0,10.0,8.0,4.0,5.0,6.0,*53/H,
Gary Sheffield,27.0,FLA,NL,5.9,161.0,677.0,519.0,118.0,163.0,33.0,1.0,42.0,120.0,16.0,9.0,142.0,66.0,0.314,0.465,0.624,1.09,189.0,0.467,193.0,324.0,16.0,10.0,0.0,6.0,19.0,*9/H,"AS,MVP-6,SS"
Gene Kingsale#,19.0,BAL,AL,0.0,3.0,0.0,0.0,0.0,0.0,0.0,0.0,0.0,0.0,0.0,0.0,0.0,0.0,,,,,,,,0.0,0.0,0.0,0.0,0.0,0.0,/8H,
Gene Schall,26.0,PHI,NL,0.1,28.0,79.0,66.0,7.0,18.0,5.0,1.0,2.0,10.0,0.0,0.0,12.0,15.0,0.273,0.392,0.47,0.862,128.0,0.383,128.0,31.0,2.0,1.0,0.0,0.0,0.0,3H,
George Arias,24.0,CAL,AL,0.1,84.0,274.0,252.0,19.0,60.0,8.0,1.0,6.0,28.0,2.0,0.0,16.0,50.0,0.238,0.284,0.349,0.633,61.0,0.294,57.0,88.0,6.0,0.0,6.0,0.0,2.0,5/HD,
George Williams#,27.0,OAK,AL,-0.6,56.0,166.0,132.0,17.0,20.0,5.0,0.0,3.0,10.0,0.0,0.0,28.0,32.0,0.152,0.311,0.258,0.569,46.0,0.287,51.0,34.0,3.0,3.0,2.0,1.0,1.0,2D/H,
Gerald Williams,29.0,2TM,AL,-0.6,125.0,357.0,325.0,43.0,82.0,19.0,4.0,5.0,34.0,10.0,9.0,19.0,57.0,0.252,0.299,0.382,0.681,70.0,0.312,73.0,124.0,8.0,5.0,3.0,5.0,3.0,*78H9/D,
Gerald Williams,29.0,NYY,AL,-0.8,99.0,258.0,233.0,37.0,63.0,15.0,4.0,5.0,30.0,7.0,8.0,15.0,39.0,0.27,0.319,0.433,0.753,88.0,0.341,96.0,101.0,7.0,4.0,1.0,5.0,2.0,7H89/D,
Gerald Williams,29.0,MIL,AL,0.1,26.0,99.0,92.0,6.0,19.0,4.0,0.0,0.0,4.0,3.0,1.0,4.0,18.0,0.207,0.247,0.25,0.497,25.0,0.235,11.0,23.0,1.0,1.0,2.0,0.0,1.0,8/9,
Gerónimo Berroa,31.0,OAK,AL,2.2,153.0,643.0,586.0,101.0,170.0,32.0,1.0,36.0,106.0,0.0,3.0,47.0,122.0,0.29,0.344,0.532,0.876,117.0,0.379,116.0,312.0,16.0,4.0,0.0,6.0,0.0,D97/H,
Gerónimo Peña#,29.0,CLE,AL,-0.1,5.0,10.0,9.0,1.0,1.0,0.0,0.0,1.0,2.0,0.0,0.0,1.0,4.0,0.111,0.2,0.444,0.644,58.0,0.265,39.0,4.0,2.0,0.0,0.0,0.0,0.0,/5H4,
Giovanni Carrara,28.0,CIN,NL,0.0,8.0,7.0,7.0,1.0,0.0,0.0,0.0,0.0,0.0,0.0,0.0,0.0,1.0,0.0,0.0,0.0,0.0,-100.0,0.131,-49.0,0.0,0.0,0.0,0.0,0.0,0.0,/1,
Glenallen Hill,31.0,SFG,NL,1.6,98.0,421.0,379.0,56.0,106.0,26.0,0.0,19.0,67.0,6.0,3.0,33.0,95.0,0.28,0.344,0.499,0.843,125.0,0.372,125.0,189.0,6.0,6.0,0.0,3.0,3.0,9,
Glenn Dishman,25.0,2TM,NL,0.0,7.0,2.0,0.0,0.0,0.0,0.0,0.0,0.0,0.0,0.0,0.0,0.0,0.0,,,,,,,,0.0,0.0,0.0,2.0,0.0,0.0,/1,
Glenn Dishman,25.0,SDP,NL,0.0,3.0,0.0,0.0,0.0,0.0,0.0,0.0,0.0,0.0,0.0,0.0,0.0,0.0,,,,,,,,0.0,0.0,0.0,0.0,0.0,0.0,/1,
Glenn Dishman,25.0,PHI,NL,0.0,4.0,2.0,0.0,0.0,0.0,0.0,0.0,0.0,0.0,0.0,0.0,0.0,0.0,,,,,,,,0.0,0.0,0.0,2.0,0.0,0.0,/1,
Glenn Murray,25.0,PHI,NL,-0.6,38.0,104.0,97.0,8.0,19.0,3.0,0.0,2.0,6.0,1.0,1.0,7.0,36.0,0.196,0.25,0.289,0.539,43.0,0.251,37.0,28.0,0.0,0.0,0.0,0.0,0.0,9H/87,
Graeme Lloyd*,29.0,MIL,AL,0.0,1.0,0.0,0.0,0.0,0.0,0.0,0.0,0.0,0.0,0.0,0.0,0.0,0.0,,,,,,,,0.0,0.0,0.0,0.0,0.0,0.0,1,
Greg Colbrunn,26.0,FLA,NL,1.1,141.0,556.0,511.0,60.0,146.0,26.0,2.0,16.0,69.0,4.0,5.0,25.0,76.0,0.286,0.333,0.438,0.772,105.0,0.348,107.0,224.0,22.0,14.0,0.0,5.0,1.0,*3/H,
Greg Gagne,34.0,LAD,NL,2.2,128.0,487.0,428.0,48.0,109.0,13.0,2.0,10.0,55.0,4.0,2.0,50.0,93.0,0.255,0.333,0.364,0.698,90.0,0.312,84.0,156.0,6.0,2.0,4.0,3.0,11.0,*6/H,
Greg Maddux,30.0,ATL,NL,0.0,35.0,82.0,68.0,6.0,10.0,2.0,0.0,0.0,2.0,0.0,0.0,3.0,12.0,0.147,0.183,0.176,0.36,-6.0,0.193,-29.0,12.0,0.0,0.0,11.0,0.0,0.0,1,"AS,CYA-5,GG"
Greg McMichael,29.0,ATL,NL,0.0,73.0,0.0,0.0,0.0,0.0,0.0,0.0,0.0,0.0,0.0,0.0,0.0,0.0,,,,,,,,0.0,0.0,0.0,0.0,0.0,0.0,1,
Greg Myers*,30.0,MIN,AL,1.1,97.0,353.0,329.0,37.0,94.0,22.0,3.0,6.0,47.0,0.0,0.0,19.0,52.0,0.286,0.32,0.426,0.746,86.0,0.331,82.0,140.0,11.0,0.0,0.0,5.0,3.0,2H,
Greg Norton#,23.0,CHW,AL,-0.1,11.0,27.0,23.0,4.0,5.0,0.0,0.0,2.0,3.0,0.0,1.0,4.0,6.0,0.217,0.333,0.478,0.812,107.0,0.331,102.0,11.0,0.0,0.0,0.0,0.0,0.0,/6H5D,
Greg Pirkl,25.0,2TM,AL,-0.2,9.0,23.0,23.0,2.0,4.0,1.0,0.0,1.0,1.0,0.0,0.0,0.0,4.0,0.174,0.174,0.348,0.522,28.0,0.216,6.0,8.0,1.0,0.0,0.0,0.0,0.0,/HD3,
Greg Pirkl,25.0,SEA,AL,-0.2,7.0,21.0,21.0,2.0,4.0,1.0,0.0,1.0,1.0,0.0,0.0,0.0,3.0,0.19,0.19,0.381,0.571,41.0,0.236,20.0,8.0,1.0,0.0,0.0,0.0,0.0,/DH3,
Greg Pirkl,25.0,BOS,AL,-0.1,2.0,2.0,2.0,0.0,0.0,0.0,0.0,0.0,0.0,0.0,0.0,0.0,1.0,0.0,0.0,0.0,0.0,-100.0,0.0,-137.0,0.0,0.0,0.0,0.0,0.0,0.0,/H,
Greg Swindell,31.0,HOU,NL,0.1,8.0,6.0,6.0,0.0,2.0,1.0,0.0,0.0,0.0,0.0,0.0,0.0,1.0,0.333,0.333,0.5,0.833,125.0,0.36,120.0,3.0,0.0,0.0,0.0,0.0,0.0,/1,
Greg Vaughn,30.0,2TM,2LG,3.1,145.0,609.0,516.0,98.0,134.0,19.0,1.0,41.0,117.0,9.0,3.0,82.0,130.0,0.26,0.365,0.539,0.903,127.0,0.391,126.0,278.0,7.0,6.0,0.0,5.0,6.0,*7/H8D,AS
Greg Vaughn,30.0,MIL,AL,2.7,102.0,442.0,375.0,78.0,105.0,16.0,0.0,31.0,95.0,5.0,2.0,58.0,99.0,0.28,0.378,0.571,0.948,133.0,0.407,131.0,214.0,6.0,4.0,0.0,5.0,4.0,7/8DH,
Greg Vaughn,30.0,SDP,NL,0.4,43.0,167.0,141.0,20.0,29.0,3.0,1.0,10.0,22.0,4.0,1.0,24.0,31.0,0.206,0.329,0.454,0.783,110.0,0.349,108.0,64.0,1.0,2.0,0.0,0.0,2.0,7/H,
Gregg Jefferies#,28.0,PHI,NL,1.6,104.0,446.0,404.0,59.0,118.0,17.0,3.0,7.0,51.0,20.0,6.0,36.0,21.0,0.292,0.348,0.401,0.749,98.0,0.343,97.0,162.0,9.0,1.0,0.0,5.0,6.0,37/H,
Gregg Olson,29.0,HOU,NL,0.0,9.0,0.0,0.0,0.0,0.0,0.0,0.0,0.0,0.0,0.0,0.0,0.0,0.0,,,,,,,,0.0,0.0,0.0,0.0,0.0,0.0,/1,
Gregg Zaun#,25.0,2TM,2LG,0.0,60.0,158.0,139.0,20.0,34.0,9.0,1.0,2.0,15.0,1.0,0.0,14.0,20.0,0.245,0.318,0.367,0.685,75.0,0.307,67.0,51.0,5.0,2.0,1.0,2.0,3.0,2/H,
Gregg Zaun#,25.0,BAL,AL,-0.1,50.0,123.0,108.0,16.0,25.0,8.0,1.0,1.0,13.0,0.0,0.0,11.0,15.0,0.231,0.309,0.352,0.661,67.0,0.298,60.0,38.0,3.0,2.0,0.0,2.0,2.0,2/H,
Gregg Zaun#,25.0,FLA,NL,0.1,10.0,35.0,31.0,4.0,9.0,1.0,0.0,1.0,2.0,1.0,0.0,3.0,5.0,0.29,0.353,0.419,0.772,106.0,0.341,95.0,13.0,2.0,0.0,1.0,0.0,1.0,2,
Hal Morris*,31.0,CIN,NL,2.7,142.0,594.0,528.0,82.0,165.0,32.0,4.0,16.0,80.0,7.0,5.0,50.0,76.0,0.313,0.374,0.479,0.853,124.0,0.382,128.0,253.0,12.0,5.0,5.0,6.0,5.0,*3/H,
Harold Baines*,37.0,CHW,AL,2.8,143.0,572.0,495.0,80.0,154.0,29.0,0.0,22.0,95.0,3.0,1.0,73.0,62.0,0.311,0.399,0.503,0.902,132.0,0.397,133.0,249.0,20.0,1.0,0.0,3.0,7.0,*DH,
Harvey Pulliam,28.0,COL,NL,0.0,10.0,17.0,15.0,2.0,2.0,0.0,0.0,0.0,0.0,0.0,0.0,2.0,6.0,0.133,0.235,0.133,0.369,-7.0,0.244,10.0,2.0,1.0,0.0,0.0,0.0,0.0,/H7,
Henry Mercedes,26.0,KCR,AL,0.0,4.0,4.0,4.0,1.0,1.0,0.0,0.0,0.0,0.0,0.0,0.0,0.0,1.0,0.25,0.25,0.25,0.5,28.0,0.227,13.0,1.0,0.0,0.0,0.0,0.0,0.0,/2,
Henry Rodríguez*,28.0,MON,NL,1.6,145.0,576.0,532.0,81.0,147.0,42.0,1.0,36.0,103.0,2.0,0.0,37.0,160.0,0.276,0.325,0.562,0.887,127.0,0.382,124.0,299.0,10.0,3.0,0.0,4.0,7.0,73/H9,"AS,MVP-17"
Herbert Perry,26.0,CLE,AL,-0.1,7.0,13.0,12.0,1.0,1.0,1.0,0.0,0.0,0.0,1.0,0.0,1.0,2.0,0.083,0.154,0.167,0.321,-18.0,0.311,59.0,2.0,0.0,0.0,0.0,0.0,0.0,/3H5,
Hideo Nomo,27.0,LAD,NL,-0.1,33.0,87.0,75.0,1.0,10.0,4.0,0.0,0.0,3.0,0.0,0.0,2.0,38.0,0.133,0.156,0.187,0.343,-7.0,0.166,-33.0,14.0,1.0,0.0,10.0,0.0,0.0,1,CYA-4
Howard Battle,24.0,PHI,NL,-0.1,5.0,5.0,5.0,0.0,0.0,0.0,0.0,0.0,0.0,0.0,0.0,0.0,2.0,0.0,0.0,0.0,0.0,-100.0,0.0,-142.0,0.0,0.0,0.0,0.0,0.0,0.0,/H5,
Héctor Carrasco,26.0,CIN,NL,0.0,56.0,5.0,5.0,0.0,1.0,0.0,0.0,0.0,0.0,0.0,0.0,0.0,4.0,0.2,0.2,0.2,0.4,6.0,0.18,-17.0,1.0,0.0,0.0,0.0,0.0,0.0,1,
Ismael Valdéz,22.0,LAD,NL,-0.2,33.0,84.0,70.0,6.0,10.0,1.0,0.0,0.0,2.0,0.0,0.0,1.0,25.0,0.143,0.155,0.157,0.312,-15.0,0.168,-38.0,11.0,1.0,0.0,13.0,0.0,0.0,1,
Iván Rodríguez,24.0,TEX,AL,6.1,153.0,685.0,639.0,116.0,192.0,47.0,3.0,19.0,86.0,5.0,0.0,38.0,55.0,0.3,0.342,0.473,0.814,100.0,0.364,99.0,302.0,15.0,4.0,0.0,4.0,7.0,*2/DH,"AS,MVP-10,GG,SS"
Izzy Molina,25.0,OAK,AL,-0.3,14.0,26.0,25.0,0.0,5.0,2.0,0.0,0.0,1.0,0.0,0.0,1.0,3.0,0.2,0.231,0.28,0.511,28.0,0.228,12.0,7.0,0.0,0.0,0.0,0.0,0.0,2/HD,
J.R. Phillips*,26.0,2TM,NL,-0.6,50.0,116.0,104.0,12.0,17.0,5.0,0.0,7.0,15.0,0.0,0.0,11.0,51.0,0.163,0.25,0.413,0.663,73.0,0.286,60.0,43.0,1.0,1.0,0.0,0.0,1.0,39H,
J.R. Phillips*,26.0,SFG,NL,-0.1,15.0,26.0,25.0,3.0,5.0,0.0,0.0,2.0,5.0,0.0,0.0,1.0,13.0,0.2,0.231,0.44,0.671,76.0,0.287,64.0,11.0,0.0,0.0,0.0,0.0,0.0,3/H,
J.R. Phillips*,26.0,PHI,NL,-0.5,35.0,90.0,79.0,9.0,12.0,5.0,0.0,5.0,10.0,0.0,0.0,10.0,38.0,0.152,0.256,0.405,0.661,72.0,0.285,59.0,32.0,1.0,1.0,0.0,0.0,1.0,93H,
J.T. Snow*,28.0,CAL,AL,-0.7,155.0,641.0,575.0,69.0,148.0,20.0,1.0,17.0,67.0,1.0,6.0,56.0,96.0,0.257,0.327,0.384,0.711,81.0,0.317,78.0,221.0,19.0,5.0,2.0,3.0,6.0,*3/H,GG
Jack Howell*,34.0,CAL,AL,0.1,66.0,136.0,126.0,20.0,34.0,4.0,1.0,8.0,21.0,0.0,1.0,10.0,30.0,0.27,0.324,0.508,0.831,108.0,0.357,105.0,64.0,3.0,0.0,0.0,0.0,0.0,5H/D34,
Jack Voigt,30.0,TEX,AL,-0.1,5.0,9.0,9.0,1.0,1.0,0.0,0.0,0.0,0.0,0.0,0.0,0.0,2.0,0.111,0.111,0.111,0.222,-44.0,0.101,-79.0,1.0,0.0,0.0,0.0,0.0,0.0,/7H59,
Jacob Brumfield,31.0,2TM,2LG,0.3,119.0,426.0,388.0,63.0,99.0,28.0,2.0,14.0,60.0,15.0,4.0,29.0,75.0,0.255,0.311,0.446,0.756,91.0,0.339,88.0,173.0,14.0,4.0,1.0,4.0,2.0,89H7/D,
Jacob Brumfield,31.0,PIT,NL,-0.2,29.0,86.0,80.0,11.0,20.0,9.0,0.0,2.0,8.0,3.0,1.0,5.0,17.0,0.25,0.291,0.438,0.728,87.0,0.323,80.0,35.0,4.0,0.0,0.0,1.0,1.0,8H,
Jacob Brumfield,31.0,TOR,AL,0.5,90.0,340.0,308.0,52.0,79.0,19.0,2.0,12.0,52.0,12.0,3.0,24.0,58.0,0.256,0.316,0.448,0.764,92.0,0.343,90.0,138.0,10.0,4.0,1.0,3.0,1.0,897H/D,
Jacob Cruz*,23.0,SFG,NL,0.4,33.0,92.0,77.0,10.0,18.0,3.0,0.0,3.0,10.0,0.0,1.0,12.0,24.0,0.234,0.352,0.39,0.741,100.0,0.342,107.0,30.0,2.0,2.0,1.0,0.0,0.0,9H/7,
Jaime Navarro,29.0,CHC,NL,-0.5,35.0,86.0,77.0,1.0,10.0,1.0,0.0,0.0,3.0,0.0,0.0,0.0,26.0,0.13,0.141,0.143,0.284,-25.0,0.141,-60.0,11.0,1.0,1.0,8.0,0.0,0.0,1,
James Mouton,27.0,HOU,NL,-0.2,122.0,343.0,300.0,40.0,79.0,15.0,1.0,3.0,34.0,21.0,9.0,38.0,55.0,0.263,0.343,0.35,0.693,91.0,0.321,91.0,105.0,9.0,0.0,2.0,3.0,2.0,7H8/9,
Jamey Wright,21.0,COL,NL,-0.2,16.0,33.0,26.0,3.0,2.0,2.0,0.0,0.0,0.0,0.0,0.0,2.0,13.0,0.077,0.143,0.154,0.297,-28.0,0.141,-91.0,4.0,0.0,0.0,5.0,0.0,0.0,1,
Jason Bates#,25.0,COL,NL,-1.0,88.0,187.0,160.0,19.0,33.0,8.0,1.0,1.0,9.0,2.0,1.0,23.0,34.0,0.206,0.312,0.288,0.599,47.0,0.289,41.0,46.0,7.0,2.0,1.0,1.0,1.0,H465,
Jason Christiansen,26.0,PIT,NL,-0.1,33.0,5.0,4.0,0.0,0.0,0.0,0.0,0.0,0.0,0.0,0.0,0.0,4.0,0.0,0.0,0.0,0.0,-100.0,0.0,-209.0,0.0,0.0,0.0,1.0,0.0,0.0,1,
Jason Giambi*,25.0,OAK,AL,1.1,140.0,598.0,536.0,84.0,156.0,40.0,1.0,20.0,79.0,0.0,1.0,51.0,95.0,0.291,0.355,0.481,0.836,109.0,0.366,107.0,258.0,15.0,5.0,1.0,5.0,3.0,375D/H9,
Jason Hardtke#,24.0,NYM,NL,-0.1,19.0,60.0,57.0,3.0,11.0,5.0,0.0,0.0,6.0,0.0,0.0,2.0,12.0,0.193,0.233,0.281,0.514,38.0,0.231,26.0,16.0,1.0,1.0,0.0,0.0,0.0,4/H,
Jason Isringhausen,23.0,NYM,NL,0.6,27.0,57.0,51.0,5.0,13.0,2.0,0.0,2.0,9.0,0.0,0.0,3.0,15.0,0.255,0.291,0.412,0.703,87.0,0.306,77.0,21.0,0.0,0.0,2.0,1.0,0.0,1,
Jason Kendall,22.0,PIT,NL,1.6,130.0,471.0,414.0,54.0,124.0,23.0,5.0,3.0,42.0,5.0,2.0,35.0,30.0,0.3,0.372,0.401,0.773,102.0,0.364,111.0,166.0,7.0,15.0,3.0,4.0,11.0,*2/H,"AS,ROY-3"
Jason Schmidt,23.0,2TM,NL,-0.3,19.0,35.0,31.0,1.0,1.0,0.0,0.0,0.0,3.0,0.0,0.0,2.0,15.0,0.032,0.091,0.032,0.123,-66.0,0.098,-88.0,1.0,0.0,0.0,2.0,0.0,0.0,1,
Jason Schmidt,23.0,ATL,NL,-0.2,13.0,22.0,19.0,1.0,0.0,0.0,0.0,0.0,1.0,0.0,0.0,2.0,9.0,0.0,0.095,0.0,0.095,-72.0,0.112,-76.0,0.0,0.0,0.0,1.0,0.0,0.0,1,
Jason Schmidt,23.0,PIT,NL,-0.1,6.0,13.0,12.0,0.0,1.0,0.0,0.0,0.0,2.0,0.0,0.0,0.0,6.0,0.083,0.083,0.083,0.167,-56.0,0.075,-108.0,1.0,0.0,0.0,1.0,0.0,0.0,/1,
Jason Thompson*,25.0,SDP,NL,-0.3,13.0,51.0,49.0,4.0,11.0,4.0,0.0,2.0,6.0,0.0,0.0,1.0,14.0,0.224,0.235,0.429,0.664,75.0,0.298,74.0,21.0,0.0,0.0,0.0,1.0,0.0,3,
Javy López,25.0,ATL,NL,1.5,138.0,526.0,489.0,56.0,138.0,19.0,1.0,23.0,69.0,1.0,6.0,28.0,84.0,0.282,0.322,0.466,0.788,101.0,0.349,102.0,228.0,17.0,3.0,1.0,5.0,5.0,*2/H,
Jay Bell,30.0,PIT,NL,2.0,151.0,598.0,527.0,65.0,132.0,29.0,3.0,13.0,71.0,6.0,4.0,54.0,108.0,0.25,0.323,0.391,0.714,85.0,0.323,82.0,206.0,10.0,5.0,6.0,6.0,5.0,*6/H,
Jay Buhner,31.0,SEA,AL,3.5,150.0,667.0,564.0,107.0,153.0,29.0,0.0,44.0,138.0,0.0,1.0,84.0,159.0,0.271,0.369,0.557,0.926,131.0,0.395,128.0,314.0,11.0,9.0,0.0,10.0,5.0,*9/D,"AS,MVP-17,GG"
Jay Canizaro,22.0,SFG,NL,-0.8,43.0,132.0,120.0,11.0,24.0,4.0,1.0,2.0,8.0,0.0,2.0,9.0,38.0,0.2,0.26,0.3,0.56,51.0,0.252,45.0,36.0,5.0,1.0,1.0,1.0,0.0,4/6H,
Jay Powell,24.0,FLA,NL,-0.1,67.0,6.0,5.0,0.0,0.0,0.0,0.0,0.0,0.0,0.0,0.0,0.0,4.0,0.0,0.0,0.0,0.0,-100.0,0.0,-188.0,0.0,0.0,0.0,1.0,0.0,0.0,1/H,
Jayhawk Owens,27.0,COL,NL,0.1,73.0,213.0,180.0,31.0,43.0,9.0,1.0,4.0,17.0,4.0,1.0,27.0,56.0,0.239,0.338,0.367,0.705,71.0,0.34,76.0,66.0,1.0,1.0,3.0,2.0,0.0,2H,
Jeff Bagwell,28.0,HOU,NL,7.5,162.0,719.0,568.0,111.0,179.0,48.0,2.0,31.0,120.0,21.0,7.0,135.0,114.0,0.315,0.451,0.57,1.021,178.0,0.441,177.0,324.0,15.0,10.0,0.0,6.0,20.0,*3,"AS,MVP-9"
Jeff Blauser,30.0,ATL,NL,1.0,83.0,312.0,265.0,48.0,65.0,14.0,1.0,10.0,35.0,6.0,0.0,40.0,54.0,0.245,0.356,0.419,0.775,100.0,0.382,118.0,111.0,7.0,6.0,0.0,1.0,3.0,6/H,
Jeff Branson*,29.0,CIN,NL,0.1,129.0,353.0,311.0,34.0,76.0,16.0,4.0,9.0,37.0,2.0,0.0,31.0,67.0,0.244,0.312,0.408,0.72,89.0,0.32,81.0,127.0,9.0,1.0,7.0,3.0,4.0,564H,
Jeff Brantley,32.0,CIN,NL,0.0,66.0,2.0,1.0,0.0,0.0,0.0,0.0,0.0,0.0,0.0,0.0,0.0,0.0,0.0,0.0,0.0,0.0,-100.0,0.0,-375.0,0.0,0.0,0.0,1.0,0.0,0.0,1,
Jeff Cirillo,26.0,MIL,AL,4.5,158.0,643.0,566.0,101.0,184.0,46.0,5.0,15.0,83.0,4.0,9.0,58.0,69.0,0.325,0.391,0.504,0.894,122.0,0.391,125.0,285.0,14.0,7.0,6.0,6.0,0.0,*5/HD34,
Jeff Conine,30.0,FLA,NL,3.5,157.0,670.0,597.0,84.0,175.0,32.0,2.0,26.0,95.0,1.0,4.0,62.0,121.0,0.293,0.36,0.484,0.844,124.0,0.369,122.0,289.0,17.0,4.0,0.0,7.0,1.0,*73/H,
Jeff Fassero*,33.0,MON,NL,-0.3,34.0,87.0,64.0,5.0,6.0,0.0,0.0,0.0,4.0,1.0,0.0,8.0,32.0,0.094,0.192,0.094,0.286,-22.0,0.156,-63.0,6.0,0.0,0.0,14.0,1.0,0.0,1,CYA-9
Jeff Frye,29.0,BOS,AL,0.9,105.0,486.0,419.0,74.0,120.0,27.0,2.0,4.0,41.0,18.0,4.0,54.0,57.0,0.286,0.372,0.389,0.761,93.0,0.356,96.0,163.0,6.0,5.0,5.0,3.0,0.0,4/6H798D,
Jeff Huson*,31.0,BAL,AL,0.0,17.0,30.0,28.0,5.0,9.0,1.0,0.0,0.0,2.0,0.0,0.0,1.0,3.0,0.321,0.333,0.357,0.69,75.0,0.308,67.0,10.0,0.0,0.0,0.0,1.0,0.0,4/H59,
Jeff Juden,25.0,2TM,NL,0.0,58.0,4.0,3.0,0.0,0.0,0.0,0.0,0.0,0.0,0.0,0.0,0.0,2.0,0.0,0.0,0.0,0.0,-100.0,0.0,-133.0,0.0,0.0,0.0,1.0,0.0,0.0,1,
Jeff Juden,25.0,SFG,NL,0.0,36.0,3.0,3.0,0.0,0.0,0.0,0.0,0.0,0.0,0.0,0.0,0.0,2.0,0.0,0.0,0.0,0.0,-100.0,0.0,-133.0,0.0,0.0,0.0,0.0,0.0,0.0,1,
Jeff Juden,25.0,MON,NL,0.0,22.0,1.0,0.0,0.0,0.0,0.0,0.0,0.0,0.0,0.0,0.0,0.0,0.0,,,,,,,,0.0,0.0,0.0,1.0,0.0,0.0,1,
Jeff Kent,28.0,2TM,2LG,2.4,128.0,477.0,437.0,61.0,124.0,27.0,1.0,12.0,55.0,6.0,4.0,31.0,78.0,0.284,0.33,0.432,0.762,101.0,0.343,102.0,189.0,8.0,2.0,1.0,6.0,1.0,53/4DH,
Jeff Kent,28.0,NYM,NL,1.7,89.0,361.0,335.0,45.0,97.0,20.0,1.0,9.0,39.0,4.0,3.0,21.0,56.0,0.29,0.331,0.436,0.766,105.0,0.347,108.0,146.0,7.0,1.0,1.0,3.0,1.0,5,
Jeff Kent,28.0,CLE,AL,0.7,39.0,116.0,102.0,16.0,27.0,7.0,0.0,3.0,16.0,2.0,1.0,10.0,22.0,0.265,0.328,0.422,0.749,89.0,0.334,87.0,43.0,1.0,1.0,0.0,3.0,0.0,3/45DH,
Jeff King,31.0,PIT,NL,3.3,155.0,672.0,591.0,91.0,160.0,36.0,4.0,30.0,111.0,15.0,1.0,70.0,95.0,0.271,0.346,0.497,0.843,117.0,0.376,116.0,294.0,17.0,2.0,1.0,8.0,3.0,345/H,
Jeff Manto,31.0,2TM,AL,-0.2,43.0,120.0,102.0,15.0,20.0,6.0,1.0,3.0,10.0,0.0,1.0,17.0,24.0,0.196,0.317,0.363,0.679,72.0,0.312,73.0,37.0,2.0,1.0,0.0,0.0,0.0,5/H46D37,
Jeff Manto,31.0,BOS,AL,0.1,22.0,57.0,48.0,8.0,10.0,3.0,1.0,2.0,6.0,0.0,0.0,8.0,12.0,0.208,0.333,0.438,0.771,93.0,0.356,99.0,21.0,0.0,1.0,0.0,0.0,0.0,5/46H3,
Jeff Manto,31.0,SEA,AL,-0.3,21.0,63.0,54.0,7.0,10.0,3.0,0.0,1.0,4.0,0.0,1.0,9.0,12.0,0.185,0.302,0.296,0.598,53.0,0.272,50.0,16.0,2.0,0.0,0.0,0.0,0.0,5/HD7,
Jeff Montgomery,34.0,KCR,AL,0.0,1.0,0.0,0.0,0.0,0.0,0.0,0.0,0.0,0.0,0.0,0.0,0.0,0.0,,,,,,,,0.0,0.0,0.0,0.0,0.0,0.0,1,AS
Jeff Parrett,34.0,2TM,NL,0.0,51.0,3.0,2.0,1.0,0.0,0.0,0.0,0.0,0.0,0.0,0.0,1.0,1.0,0.0,0.333,0.0,0.333,-1.0,0.238,28.0,0.0,0.0,0.0,0.0,0.0,0.0,1,
Jeff Parrett,34.0,STL,NL,0.0,33.0,3.0,2.0,1.0,0.0,0.0,0.0,0.0,0.0,0.0,0.0,1.0,1.0,0.0,0.333,0.0,0.333,-1.0,0.238,28.0,0.0,0.0,0.0,0.0,0.0,0.0,1,
Jeff Parrett,34.0,PHI,NL,0.0,18.0,0.0,0.0,0.0,0.0,0.0,0.0,0.0,0.0,0.0,0.0,0.0,0.0,,,,,,,,0.0,0.0,0.0,0.0,0.0,0.0,1,
Jeff Reboulet,32.0,MIN,AL,-0.8,107.0,266.0,234.0,20.0,52.0,9.0,0.0,0.0,23.0,4.0,2.0,25.0,34.0,0.222,0.298,0.261,0.558,43.0,0.265,37.0,61.0,10.0,1.0,4.0,2.0,1.0,654H3/9D7,
Jeff Reed*,33.0,COL,NL,1.0,116.0,395.0,341.0,34.0,97.0,20.0,1.0,8.0,37.0,2.0,2.0,43.0,65.0,0.284,0.365,0.419,0.784,90.0,0.361,93.0,143.0,8.0,2.0,6.0,3.0,8.0,*2/H,
Jeff Shaw,29.0,CIN,NL,0.0,78.0,6.0,5.0,0.0,0.0,0.0,0.0,0.0,0.0,0.0,0.0,1.0,3.0,0.0,0.167,0.0,0.167,-51.0,0.119,-59.0,0.0,0.0,0.0,0.0,0.0,0.0,1,
Jeff Tabaka,32.0,HOU,NL,0.0,18.0,1.0,1.0,0.0,0.0,0.0,0.0,0.0,0.0,0.0,0.0,0.0,1.0,0.0,0.0,0.0,0.0,-100.0,0.0,-133.0,0.0,0.0,0.0,0.0,0.0,0.0,1,
Jeffrey Hammonds,25.0,BAL,AL,0.0,71.0,282.0,248.0,38.0,56.0,10.0,1.0,9.0,27.0,3.0,3.0,23.0,53.0,0.226,0.301,0.383,0.684,72.0,0.318,76.0,95.0,7.0,4.0,6.0,1.0,1.0,79/H8D,
Jermaine Allensworth,24.0,PIT,NL,-0.4,61.0,260.0,229.0,32.0,60.0,9.0,3.0,4.0,31.0,11.0,6.0,23.0,50.0,0.262,0.337,0.38,0.717,87.0,0.339,94.0,87.0,2.0,4.0,2.0,2.0,0.0,8/H,
Jermaine Dye,22.0,ATL,NL,0.1,98.0,306.0,292.0,32.0,82.0,16.0,0.0,12.0,37.0,1.0,4.0,8.0,67.0,0.281,0.304,0.459,0.763,94.0,0.339,95.0,134.0,11.0,3.0,0.0,3.0,0.0,97/H8,ROY-6
Jerome Walton,30.0,ATL,NL,0.6,37.0,55.0,47.0,9.0,16.0,5.0,0.0,1.0,4.0,0.0,0.0,5.0,10.0,0.34,0.389,0.511,0.9,131.0,0.387,125.0,24.0,1.0,0.0,1.0,2.0,0.0,7H/98,
Jeromy Burnitz*,27.0,2TM,AL,1.1,94.0,239.0,200.0,38.0,53.0,14.0,0.0,9.0,40.0,4.0,1.0,33.0,47.0,0.265,0.377,0.47,0.847,113.0,0.371,109.0,94.0,4.0,4.0,0.0,2.0,2.0,H9D87,
Jeromy Burnitz*,27.0,CLE,AL,1.2,71.0,155.0,128.0,30.0,36.0,10.0,0.0,7.0,26.0,2.0,1.0,25.0,31.0,0.281,0.406,0.523,0.93,135.0,0.403,133.0,67.0,3.0,2.0,0.0,0.0,1.0,H9D7/8,
Jeromy Burnitz*,27.0,MIL,AL,-0.1,23.0,84.0,72.0,8.0,17.0,4.0,0.0,2.0,14.0,2.0,0.0,8.0,16.0,0.236,0.321,0.375,0.696,74.0,0.312,63.0,27.0,1.0,2.0,0.0,2.0,1.0,9/8H,
Jerry Brooks,29.0,FLA,NL,0.1,8.0,7.0,5.0,2.0,2.0,0.0,1.0,0.0,3.0,0.0,0.0,1.0,1.0,0.4,0.571,0.8,1.371,263.0,0.564,257.0,4.0,0.0,1.0,0.0,0.0,0.0,/H93,
Jerry Dipoto,28.0,NYM,NL,0.0,57.0,1.0,1.0,0.0,0.0,0.0,0.0,0.0,0.0,0.0,0.0,0.0,1.0,0.0,0.0,0.0,0.0,-100.0,0.0,-133.0,0.0,0.0,0.0,0.0,0.0,0.0,1,
Jerry Goff*,32.0,HOU,NL,0.0,1.0,4.0,4.0,1.0,2.0,0.0,0.0,1.0,2.0,0.0,0.0,0.0,1.0,0.5,0.5,1.25,1.75,360.0,0.73,381.0,5.0,0.0,0.0,0.0,0.0,0.0,/2,
Jerry Spradlin#,29.0,CIN,NL,0.0,1.0,0.0,0.0,0.0,0.0,0.0,0.0,0.0,0.0,0.0,0.0,0.0,0.0,,,,,,,,0.0,0.0,0.0,0.0,0.0,0.0,/1,
Jesse Levis*,28.0,MIL,AL,0.7,104.0,274.0,233.0,27.0,55.0,6.0,1.0,1.0,21.0,0.0,0.0,38.0,15.0,0.236,0.348,0.283,0.631,61.0,0.317,71.0,66.0,7.0,2.0,1.0,0.0,0.0,2H/D,
Jesús Tavárez#,25.0,FLA,NL,-0.1,98.0,124.0,114.0,14.0,25.0,3.0,0.0,0.0,6.0,5.0,1.0,7.0,18.0,0.219,0.264,0.246,0.51,38.0,0.273,47.0,28.0,2.0,0.0,3.0,0.0,0.0,H879,
Jim Bruske,31.0,LAD,NL,0.0,11.0,0.0,0.0,0.0,0.0,0.0,0.0,0.0,0.0,0.0,0.0,0.0,0.0,,,,,,,,0.0,0.0,0.0,0.0,0.0,0.0,1,
Jim Bullinger,30.0,CHC,NL,0.7,38.0,41.0,32.0,8.0,8.0,3.0,0.0,2.0,6.0,0.0,0.0,5.0,11.0,0.25,0.368,0.531,0.9,133.0,0.391,133.0,17.0,0.0,1.0,3.0,0.0,0.0,1/H,
Jim Dougherty,28.0,HOU,NL,0.0,12.0,0.0,0.0,0.0,0.0,0.0,0.0,0.0,0.0,0.0,0.0,0.0,0.0,,,,,,,,0.0,0.0,0.0,0.0,0.0,0.0,1,
Jim Edmonds*,26.0,CAL,AL,5.0,114.0,483.0,431.0,73.0,131.0,28.0,3.0,27.0,66.0,4.0,0.0,46.0,101.0,0.304,0.375,0.571,0.946,137.0,0.402,132.0,246.0,8.0,4.0,0.0,2.0,2.0,*8/HD,
Jim Eisenreich*,37.0,PHI,NL,2.9,113.0,373.0,338.0,45.0,122.0,24.0,3.0,3.0,41.0,11.0,1.0,31.0,32.0,0.361,0.413,0.476,0.889,136.0,0.407,142.0,161.0,7.0,1.0,0.0,3.0,9.0,97H/8,
Jim Leyritz,32.0,NYY,AL,0.5,88.0,309.0,265.0,23.0,70.0,10.0,0.0,7.0,40.0,2.0,0.0,30.0,68.0,0.264,0.355,0.381,0.736,86.0,0.335,83.0,101.0,11.0,9.0,2.0,3.0,3.0,25DH/374,
Jim Poole*,30.0,SFG,NL,0.0,35.0,2.0,2.0,0.0,0.0,0.0,0.0,0.0,0.0,0.0,0.0,0.0,1.0,0.0,0.0,0.0,0.0,-100.0,0.0,-133.0,0.0,0.0,0.0,0.0,0.0,0.0,1,
Jim Tatum,28.0,2TM,2LG,-0.2,7.0,11.0,11.0,1.0,1.0,0.0,0.0,0.0,0.0,0.0,0.0,0.0,3.0,0.091,0.091,0.091,0.182,-53.0,0.082,-83.0,1.0,0.0,0.0,0.0,0.0,0.0,/H5,
Jim Tatum,28.0,BOS,AL,-0.2,2.0,8.0,8.0,1.0,1.0,0.0,0.0,0.0,0.0,0.0,0.0,0.0,2.0,0.125,0.125,0.125,0.25,-36.0,0.113,-66.0,1.0,0.0,0.0,0.0,0.0,0.0,/5,
Jim Tatum,28.0,SDP,NL,-0.1,5.0,3.0,3.0,0.0,0.0,0.0,0.0,0.0,0.0,0.0,0.0,0.0,1.0,0.0,0.0,0.0,0.0,-100.0,0.0,-133.0,0.0,0.0,0.0,0.0,0.0,0.0,/H5,
Jim Thome*,25.0,CLE,AL,7.5,151.0,636.0,505.0,122.0,157.0,28.0,5.0,38.0,116.0,2.0,2.0,123.0,141.0,0.311,0.45,0.612,1.062,167.0,0.458,172.0,309.0,13.0,6.0,0.0,2.0,8.0,*5/HD,"MVP-15,SS"
Jody Reed,33.0,SDP,NL,-1.3,146.0,568.0,495.0,45.0,121.0,20.0,0.0,2.0,49.0,2.0,5.0,59.0,53.0,0.244,0.325,0.297,0.622,71.0,0.286,67.0,147.0,15.0,3.0,5.0,6.0,8.0,*4/H,
Joe Ayrault,24.0,ATL,NL,0.0,7.0,6.0,5.0,0.0,1.0,0.0,0.0,0.0,0.0,0.0,0.0,0.0,1.0,0.2,0.333,0.2,0.533,43.0,0.274,45.0,1.0,1.0,1.0,0.0,0.0,0.0,/2,
Joe Boever,35.0,PIT,NL,0.0,13.0,1.0,1.0,0.0,0.0,0.0,0.0,0.0,0.0,0.0,0.0,0.0,1.0,0.0,0.0,0.0,0.0,-100.0,0.0,-142.0,0.0,0.0,0.0,0.0,0.0,0.0,1,
Joe Borowski,25.0,ATL,NL,-0.1,22.0,3.0,2.0,0.0,0.0,0.0,0.0,0.0,0.0,0.0,0.0,0.0,2.0,0.0,0.0,0.0,0.0,-100.0,0.0,-267.0,0.0,0.0,0.0,1.0,0.0,0.0,1,
Joe Carter,36.0,TOR,AL,-0.5,157.0,682.0,625.0,84.0,158.0,35.0,7.0,30.0,107.0,7.0,6.0,44.0,106.0,0.253,0.306,0.475,0.782,95.0,0.339,91.0,297.0,12.0,7.0,0.0,6.0,2.0,*73D,AS
Joe Girardi,31.0,NYY,AL,1.1,124.0,471.0,422.0,55.0,124.0,22.0,3.0,2.0,45.0,13.0,4.0,30.0,55.0,0.294,0.346,0.374,0.72,82.0,0.336,84.0,158.0,11.0,5.0,11.0,3.0,1.0,*2H/D,
Joe Oliver,30.0,CIN,NL,0.6,106.0,325.0,289.0,31.0,70.0,12.0,1.0,11.0,46.0,2.0,0.0,28.0,54.0,0.242,0.311,0.405,0.715,87.0,0.322,82.0,117.0,8.0,2.0,3.0,3.0,6.0,2H/379,
Joe Orsulak*,34.0,FLA,NL,-1.1,120.0,234.0,217.0,23.0,48.0,6.0,1.0,2.0,19.0,1.0,1.0,16.0,38.0,0.221,0.274,0.286,0.559,50.0,0.252,39.0,62.0,4.0,0.0,0.0,1.0,1.0,H798/3,
Joe Randa,26.0,KCR,AL,1.3,110.0,370.0,337.0,36.0,102.0,24.0,1.0,6.0,47.0,13.0,4.0,26.0,47.0,0.303,0.351,0.433,0.784,98.0,0.351,96.0,146.0,10.0,1.0,2.0,4.0,4.0,5H4/3D,
Joe Siddall*,28.0,FLA,NL,-0.4,18.0,49.0,47.0,0.0,7.0,1.0,0.0,0.0,3.0,0.0,0.0,2.0,8.0,0.149,0.184,0.17,0.354,-4.0,0.184,-10.0,8.0,0.0,0.0,0.0,0.0,0.0,2/H,
Joe Vitiello,26.0,KCR,AL,-0.2,85.0,301.0,257.0,29.0,62.0,15.0,1.0,8.0,40.0,2.0,0.0,38.0,69.0,0.241,0.342,0.401,0.743,89.0,0.35,96.0,103.0,12.0,3.0,0.0,3.0,2.0,DH/39,
Joel Adamson*,24.0,FLA,NL,0.0,9.0,0.0,0.0,0.0,0.0,0.0,0.0,0.0,0.0,0.0,0.0,0.0,0.0,,,,,,,,0.0,0.0,0.0,0.0,0.0,0.0,/1,
Joey Cora#,31.0,SEA,AL,1.0,144.0,583.0,530.0,90.0,154.0,37.0,6.0,6.0,45.0,5.0,5.0,35.0,32.0,0.291,0.34,0.417,0.757,91.0,0.337,90.0,221.0,9.0,7.0,6.0,5.0,1.0,*4H/5,
Joey Eischen*,26.0,LAD,NL,-0.1,28.0,6.0,6.0,0.0,0.0,0.0,0.0,0.0,0.0,0.0,0.0,0.0,2.0,0.0,0.0,0.0,0.0,-100.0,0.0,-135.0,0.0,0.0,0.0,0.0,0.0,0.0,1,
Joey Hamilton,25.0,SDP,NL,0.0,34.0,81.0,68.0,7.0,11.0,2.0,0.0,1.0,4.0,0.0,0.0,2.0,32.0,0.162,0.186,0.235,0.421,13.0,0.188,-20.0,16.0,1.0,0.0,11.0,0.0,0.0,1,
John Briscoe,28.0,OAK,AL,0.0,1.0,0.0,0.0,0.0,0.0,0.0,0.0,0.0,0.0,0.0,0.0,0.0,0.0,,,,,,,,0.0,0.0,0.0,0.0,0.0,0.0,1/H,
John Burke#,26.0,COL,NL,0.1,11.0,2.0,2.0,0.0,1.0,0.0,0.0,0.0,1.0,0.0,0.0,0.0,0.0,0.5,0.5,0.5,1.0,144.0,0.45,154.0,1.0,0.0,0.0,0.0,0.0,0.0,1,
John Burkett,31.0,FLA,NL,0.0,24.0,55.0,52.0,2.0,9.0,2.0,0.0,0.0,1.0,0.0,0.0,0.0,17.0,0.173,0.173,0.212,0.385,2.0,0.17,-27.0,11.0,0.0,0.0,3.0,0.0,0.0,1,
John Cangelosi#,33.0,HOU,NL,1.4,108.0,313.0,262.0,49.0,69.0,11.0,4.0,1.0,16.0,17.0,9.0,44.0,41.0,0.263,0.378,0.347,0.726,101.0,0.35,114.0,91.0,4.0,5.0,1.0,1.0,0.0,7H8,
John Cummings*,27.0,LAD,NL,0.0,4.0,0.0,0.0,0.0,0.0,0.0,0.0,0.0,0.0,0.0,0.0,0.0,0.0,,,,,,,,0.0,0.0,0.0,0.0,0.0,0.0,/1,
John Ericks,28.0,PIT,NL,-0.1,28.0,5.0,5.0,0.0,0.0,0.0,0.0,0.0,0.0,0.0,0.0,0.0,1.0,0.0,0.0,0.0,0.0,-100.0,0.0,-146.0,0.0,1.0,0.0,0.0,0.0,0.0,1,
John Flaherty,28.0,2TM,2LG,1.5,119.0,444.0,416.0,40.0,118.0,24.0,0.0,13.0,64.0,3.0,3.0,17.0,61.0,0.284,0.314,0.435,0.749,96.0,0.337,96.0,181.0,13.0,3.0,4.0,4.0,2.0,*2/H,
John Flaherty,28.0,DET,AL,0.2,47.0,165.0,152.0,18.0,38.0,12.0,0.0,4.0,23.0,1.0,0.0,8.0,25.0,0.25,0.29,0.408,0.698,74.0,0.319,73.0,62.0,5.0,1.0,3.0,1.0,1.0,2/H,
John Flaherty,28.0,SDP,NL,1.3,72.0,279.0,264.0,22.0,80.0,12.0,0.0,9.0,41.0,2.0,3.0,9.0,36.0,0.303,0.327,0.451,0.778,109.0,0.348,111.0,119.0,8.0,2.0,1.0,3.0,1.0,2/H,
John Franco*,35.0,NYM,NL,0.0,51.0,1.0,1.0,0.0,0.0,0.0,0.0,0.0,0.0,0.0,0.0,0.0,1.0,0.0,0.0,0.0,0.0,-100.0,0.0,-133.0,0.0,0.0,0.0,0.0,0.0,0.0,1,
John Habyan,32.0,COL,NL,0.0,19.0,4.0,3.0,0.0,0.0,0.0,0.0,0.0,0.0,0.0,0.0,1.0,1.0,0.0,0.25,0.0,0.25,-32.0,0.179,-36.0,0.0,1.0,0.0,0.0,0.0,0.0,1,
John Hope,25.0,PIT,NL,0.0,5.0,6.0,5.0,0.0,1.0,0.0,0.0,0.0,0.0,1.0,0.0,0.0,0.0,0.2,0.2,0.2,0.4,5.0,0.229,-42.0,1.0,0.0,0.0,1.0,0.0,0.0,/1,
John Hudek#,29.0,HOU,NL,0.0,15.0,0.0,0.0,0.0,0.0,0.0,0.0,0.0,0.0,0.0,0.0,0.0,0.0,,,,,,,,0.0,0.0,0.0,0.0,0.0,0.0,1,
John Jaha,30.0,MIL,AL,4.2,148.0,636.0,543.0,108.0,163.0,28.0,1.0,34.0,118.0,3.0,1.0,85.0,118.0,0.3,0.398,0.543,0.941,133.0,0.419,139.0,295.0,16.0,5.0,0.0,3.0,1.0,3D/H,
John Johnstone,27.0,HOU,NL,0.0,9.0,0.0,0.0,0.0,0.0,0.0,0.0,0.0,0.0,0.0,0.0,0.0,0.0,,,,,,,,0.0,0.0,0.0,0.0,0.0,0.0,/1,
John Mabry*,25.0,STL,NL,0.2,151.0,591.0,543.0,63.0,161.0,30.0,2.0,13.0,74.0,3.0,2.0,37.0,84.0,0.297,0.342,0.431,0.773,104.0,0.34,98.0,234.0,21.0,3.0,3.0,5.0,11.0,*39/H7,
John Marzano,33.0,SEA,AL,0.0,41.0,120.0,106.0,8.0,26.0,6.0,0.0,0.0,6.0,0.0,0.0,7.0,15.0,0.245,0.316,0.302,0.618,59.0,0.296,59.0,32.0,2.0,4.0,3.0,0.0,0.0,2/H,
John Olerud*,27.0,TOR,AL,2.5,125.0,469.0,398.0,59.0,109.0,25.0,0.0,18.0,61.0,1.0,0.0,60.0,37.0,0.274,0.382,0.472,0.854,116.0,0.377,115.0,188.0,10.0,10.0,0.0,1.0,6.0,3HD,
John Smiley*,31.0,CIN,NL,0.2,35.0,76.0,68.0,1.0,13.0,2.0,0.0,0.0,6.0,0.0,0.0,4.0,22.0,0.191,0.236,0.221,0.457,22.0,0.225,11.0,15.0,1.0,0.0,4.0,0.0,0.0,1,
John Smoltz,29.0,ATL,NL,0.4,35.0,98.0,78.0,3.0,17.0,3.0,0.0,1.0,12.0,0.0,0.0,3.0,26.0,0.218,0.253,0.295,0.548,42.0,0.246,12.0,23.0,0.0,1.0,15.0,1.0,0.0,1,"AS,CYA-1,MVP-11"
John Valentin,29.0,BOS,AL,3.1,131.0,606.0,527.0,84.0,156.0,29.0,3.0,13.0,59.0,9.0,10.0,63.0,59.0,0.296,0.374,0.436,0.811,104.0,0.367,110.0,230.0,15.0,7.0,2.0,7.0,0.0,*65/HD,
John Vander Wal*,30.0,COL,NL,0.1,104.0,173.0,151.0,20.0,38.0,6.0,2.0,5.0,31.0,2.0,2.0,19.0,38.0,0.252,0.335,0.417,0.752,81.0,0.337,77.0,63.0,1.0,1.0,0.0,2.0,2.0,H73/9,
John Wehner,29.0,PIT,NL,-0.4,86.0,149.0,139.0,19.0,36.0,9.0,1.0,2.0,13.0,1.0,5.0,8.0,22.0,0.259,0.299,0.381,0.681,76.0,0.289,68.0,53.0,3.0,0.0,2.0,0.0,1.0,H584/792,
John Wetteland,29.0,NYY,AL,0.0,1.0,0.0,0.0,0.0,0.0,0.0,0.0,0.0,0.0,0.0,0.0,0.0,0.0,,,,,,,,0.0,0.0,0.0,0.0,0.0,0.0,1,"AS,MVP-19"
Johnny Damon*,22.0,KCR,AL,0.5,145.0,566.0,517.0,61.0,140.0,22.0,5.0,6.0,50.0,25.0,5.0,31.0,64.0,0.271,0.313,0.368,0.68,73.0,0.323,74.0,190.0,4.0,3.0,10.0,5.0,3.0,*89/HD,
Johnny Ruffin,24.0,CIN,NL,0.1,49.0,4.0,4.0,0.0,2.0,0.0,0.0,0.0,0.0,0.0,0.0,0.0,1.0,0.5,0.5,0.5,1.0,166.0,0.45,174.0,2.0,1.0,0.0,0.0,0.0,0.0,1,
Jon Lieber*,26.0,PIT,NL,0.1,51.0,42.0,36.0,4.0,7.0,3.0,0.0,0.0,3.0,0.0,0.0,3.0,11.0,0.194,0.256,0.278,0.534,40.0,0.244,21.0,10.0,2.0,0.0,3.0,0.0,0.0,1,
Jon Nunnally*,24.0,KCR,AL,0.7,35.0,104.0,90.0,16.0,19.0,5.0,1.0,5.0,17.0,0.0,0.0,13.0,25.0,0.211,0.308,0.456,0.763,91.0,0.32,76.0,41.0,0.0,0.0,0.0,1.0,2.0,9/H7D,
Jon Zuber*,26.0,PHI,NL,-0.7,30.0,99.0,91.0,7.0,23.0,4.0,0.0,1.0,10.0,1.0,0.0,6.0,11.0,0.253,0.296,0.33,0.626,66.0,0.279,52.0,30.0,3.0,0.0,1.0,1.0,1.0,3H,
Jorge Brito,30.0,COL,NL,-0.2,8.0,18.0,14.0,1.0,1.0,0.0,0.0,0.0,0.0,0.0,0.0,1.0,8.0,0.071,0.235,0.071,0.307,-21.0,0.183,-41.0,1.0,0.0,2.0,1.0,0.0,0.0,/2H,
Jorge Fábregas*,26.0,CAL,AL,-0.3,90.0,279.0,254.0,18.0,73.0,6.0,0.0,2.0,26.0,0.0,1.0,17.0,27.0,0.287,0.326,0.335,0.661,70.0,0.303,66.0,85.0,7.0,0.0,3.0,5.0,3.0,2/HD,
Jorge Posada#,25.0,NYY,AL,-0.3,8.0,15.0,14.0,1.0,1.0,0.0,0.0,0.0,0.0,0.0,0.0,1.0,6.0,0.071,0.133,0.071,0.205,-46.0,0.109,-68.0,1.0,1.0,0.0,0.0,0.0,0.0,/2HD,
Jose Munoz#,28.0,CHW,AL,-0.1,17.0,31.0,27.0,7.0,7.0,0.0,0.0,0.0,1.0,0.0,0.0,4.0,1.0,0.259,0.355,0.259,0.614,63.0,0.329,87.0,7.0,2.0,0.0,0.0,0.0,0.0,/H46D57,
Josh Booty,21.0,FLA,NL,0.0,2.0,2.0,2.0,1.0,1.0,0.0,0.0,0.0,0.0,0.0,0.0,0.0,0.0,0.5,0.5,0.5,1.0,169.0,0.45,175.0,1.0,1.0,0.0,0.0,0.0,0.0,/H5,
José Bautista,31.0,SFG,NL,-0.1,37.0,10.0,9.0,1.0,1.0,0.0,0.0,0.0,0.0,0.0,0.0,0.0,4.0,0.111,0.111,0.111,0.222,-40.0,0.1,-84.0,1.0,0.0,0.0,1.0,0.0,0.0,1,
José Canseco,31.0,BOS,AL,3.0,96.0,432.0,360.0,68.0,104.0,22.0,1.0,28.0,82.0,3.0,1.0,63.0,82.0,0.289,0.4,0.589,0.989,146.0,0.422,144.0,212.0,7.0,6.0,0.0,3.0,3.0,D7/H9,
José Hernández,26.0,CHC,NL,0.2,131.0,363.0,331.0,52.0,80.0,14.0,1.0,10.0,41.0,4.0,0.0,24.0,97.0,0.242,0.293,0.381,0.674,75.0,0.312,73.0,126.0,10.0,1.0,5.0,2.0,4.0,65H/48,
José Herrera*,23.0,OAK,AL,-0.8,108.0,346.0,320.0,44.0,86.0,15.0,1.0,6.0,30.0,8.0,2.0,20.0,59.0,0.269,0.318,0.378,0.696,75.0,0.325,76.0,121.0,5.0,3.0,3.0,0.0,1.0,9H8/D,
José Malavé,25.0,BOS,AL,-0.6,41.0,105.0,102.0,12.0,24.0,3.0,0.0,4.0,17.0,0.0,0.0,2.0,25.0,0.235,0.257,0.382,0.639,59.0,0.285,51.0,39.0,0.0,1.0,0.0,0.0,0.0,9H/7,
José Mercedes,25.0,MIL,AL,0.0,1.0,0.0,0.0,0.0,0.0,0.0,0.0,0.0,0.0,0.0,0.0,0.0,0.0,,,,,,,,0.0,0.0,0.0,0.0,0.0,0.0,1,
José Offerman#,27.0,KCR,AL,2.5,151.0,645.0,561.0,85.0,170.0,33.0,8.0,5.0,47.0,24.0,10.0,74.0,98.0,0.303,0.384,0.417,0.801,104.0,0.359,103.0,234.0,9.0,1.0,7.0,2.0,3.0,346/H8,
José Paniagua,22.0,MON,NL,-0.1,13.0,14.0,11.0,1.0,0.0,0.0,0.0,0.0,0.0,0.0,0.0,2.0,7.0,0.0,0.154,0.0,0.154,-55.0,0.11,-80.0,0.0,0.0,0.0,1.0,0.0,0.0,1,
José Parra,23.0,MIN,AL,0.0,1.0,0.0,0.0,0.0,0.0,0.0,0.0,0.0,0.0,0.0,0.0,0.0,0.0,,,,,,,,0.0,0.0,0.0,0.0,0.0,0.0,1,
José Valentín#,26.0,MIL,AL,3.9,154.0,628.0,552.0,90.0,143.0,33.0,7.0,24.0,95.0,17.0,4.0,66.0,145.0,0.259,0.336,0.475,0.811,100.0,0.348,90.0,262.0,4.0,0.0,6.0,4.0,9.0,*6/H,
José Vizcaíno#,28.0,2TM,2LG,2.3,144.0,593.0,542.0,70.0,161.0,17.0,8.0,1.0,45.0,15.0,7.0,35.0,82.0,0.297,0.341,0.363,0.705,87.0,0.335,94.0,197.0,8.0,3.0,10.0,3.0,0.0,*4/H6D,
José Vizcaíno#,28.0,NYM,NL,2.0,96.0,402.0,363.0,47.0,110.0,12.0,6.0,1.0,32.0,9.0,5.0,28.0,58.0,0.303,0.356,0.377,0.733,99.0,0.348,109.0,137.0,6.0,3.0,6.0,2.0,0.0,4/H,
José Vizcaíno#,28.0,CLE,AL,0.3,48.0,191.0,179.0,23.0,51.0,5.0,2.0,0.0,13.0,6.0,2.0,7.0,24.0,0.285,0.31,0.335,0.645,65.0,0.307,66.0,60.0,2.0,0.0,4.0,1.0,0.0,4/6DH,
Juan Castro,24.0,LAD,NL,-0.9,70.0,146.0,132.0,16.0,26.0,5.0,3.0,0.0,5.0,1.0,0.0,10.0,27.0,0.197,0.254,0.28,0.534,46.0,0.251,38.0,37.0,3.0,0.0,4.0,0.0,0.0,65H/47,
Juan González,26.0,TEX,AL,3.8,134.0,592.0,541.0,89.0,170.0,33.0,2.0,47.0,144.0,2.0,0.0,45.0,82.0,0.314,0.368,0.643,1.011,145.0,0.427,144.0,348.0,10.0,3.0,0.0,3.0,12.0,9D,"MVP-1,SS"
Juan Samuel,35.0,TOR,AL,0.4,69.0,207.0,188.0,34.0,48.0,8.0,3.0,8.0,26.0,9.0,1.0,15.0,65.0,0.255,0.319,0.457,0.776,95.0,0.351,93.0,86.0,2.0,3.0,0.0,1.0,0.0,DH39/78,
Julio Franco,37.0,CLE,AL,3.0,112.0,499.0,432.0,72.0,139.0,20.0,1.0,14.0,76.0,8.0,8.0,61.0,82.0,0.322,0.407,0.47,0.877,123.0,0.389,127.0,203.0,14.0,3.0,0.0,3.0,2.0,3D/H,
Julio Mosquera,24.0,TOR,AL,-0.2,8.0,23.0,22.0,2.0,5.0,2.0,0.0,0.0,2.0,0.0,1.0,0.0,3.0,0.227,0.261,0.318,0.579,47.0,0.276,62.0,7.0,0.0,1.0,0.0,0.0,0.0,/2,
Karim García*,20.0,LAD,NL,0.0,1.0,1.0,1.0,0.0,0.0,0.0,0.0,0.0,0.0,0.0,0.0,0.0,1.0,0.0,0.0,0.0,0.0,-100.0,0.0,-133.0,0.0,0.0,0.0,0.0,0.0,0.0,/H,
Keith Lockhart*,31.0,KCR,AL,1.9,138.0,471.0,433.0,49.0,118.0,33.0,3.0,7.0,55.0,11.0,6.0,30.0,40.0,0.273,0.319,0.411,0.73,84.0,0.323,79.0,178.0,7.0,2.0,1.0,5.0,4.0,45H/D,
Keith Mitchell,26.0,CIN,NL,0.0,11.0,16.0,15.0,2.0,4.0,1.0,0.0,1.0,3.0,0.0,0.0,1.0,3.0,0.267,0.313,0.533,0.846,119.0,0.362,112.0,8.0,0.0,0.0,0.0,0.0,0.0,/H798,
Keith Osik,27.0,PIT,NL,0.6,48.0,156.0,140.0,18.0,41.0,14.0,1.0,1.0,14.0,1.0,0.0,14.0,22.0,0.293,0.361,0.429,0.79,106.0,0.357,105.0,60.0,3.0,1.0,1.0,0.0,1.0,2/H57,
Keith Williams,24.0,SFG,NL,-0.2,9.0,20.0,20.0,0.0,5.0,0.0,0.0,0.0,0.0,0.0,0.0,0.0,6.0,0.25,0.25,0.25,0.5,36.0,0.225,21.0,5.0,0.0,0.0,0.0,0.0,0.0,/H97,
Kelly Stinnett,26.0,MIL,AL,-0.6,14.0,29.0,26.0,1.0,2.0,0.0,0.0,0.0,0.0,0.0,0.0,2.0,11.0,0.077,0.172,0.077,0.249,-34.0,0.139,-50.0,2.0,0.0,1.0,0.0,0.0,0.0,2/DH,
Ken Caminiti#,33.0,SDP,NL,7.6,146.0,639.0,546.0,109.0,178.0,37.0,2.0,40.0,130.0,11.0,5.0,78.0,99.0,0.326,0.408,0.621,1.028,174.0,0.444,178.0,339.0,15.0,4.0,0.0,10.0,16.0,*5/H,"AS,MVP-1,GG,SS"
Ken Griffey Jr.*,26.0,SEA,AL,9.7,140.0,638.0,545.0,125.0,165.0,26.0,2.0,49.0,140.0,16.0,1.0,78.0,104.0,0.303,0.392,0.628,1.02,154.0,0.429,148.0,342.0,7.0,7.0,1.0,7.0,13.0,*8/D,"AS,MVP-4,GG,SS"
Ken Hill,30.0,TEX,AL,0.0,1.0,0.0,0.0,0.0,0.0,0.0,0.0,0.0,0.0,0.0,0.0,0.0,0.0,,,,,,,,0.0,0.0,0.0,0.0,0.0,0.0,1,CYA-6
Ken Ryan,27.0,PHI,NL,0.0,62.0,8.0,7.0,0.0,1.0,0.0,0.0,0.0,0.0,0.0,0.0,0.0,4.0,0.143,0.143,0.143,0.286,-24.0,0.129,-72.0,1.0,0.0,0.0,1.0,0.0,0.0,1,
Kenny Lofton*,29.0,CLE,AL,5.5,154.0,736.0,662.0,132.0,210.0,35.0,4.0,14.0,67.0,75.0,17.0,61.0,82.0,0.317,0.372,0.446,0.817,107.0,0.386,114.0,295.0,7.0,0.0,7.0,6.0,3.0,*8/H,"AS,MVP-11,GG"
Kent Bottenfield,27.0,CHC,NL,0.1,48.0,3.0,2.0,0.0,1.0,0.0,0.0,0.0,0.0,0.0,0.0,0.0,1.0,0.5,0.5,0.5,1.0,164.0,0.45,208.0,1.0,0.0,0.0,1.0,0.0,0.0,1,
Kerwin Moore#,25.0,OAK,AL,-0.1,22.0,18.0,16.0,4.0,1.0,1.0,0.0,0.0,0.0,1.0,0.0,2.0,6.0,0.063,0.167,0.125,0.292,-25.0,0.163,-41.0,2.0,0.0,0.0,0.0,0.0,0.0,8H/D,
Kevin Brown,31.0,FLA,NL,-0.2,34.0,85.0,75.0,1.0,9.0,1.0,0.0,0.0,3.0,0.0,0.0,6.0,28.0,0.12,0.185,0.133,0.319,-13.0,0.169,-26.0,10.0,1.0,0.0,4.0,0.0,0.0,1/H,"AS,CYA-2,MVP-22"
Kevin Brown,23.0,TEX,AL,0.1,3.0,8.0,4.0,1.0,0.0,0.0,0.0,0.0,1.0,0.0,0.0,2.0,2.0,0.0,0.375,0.0,0.375,5.0,0.279,42.0,0.0,0.0,1.0,0.0,1.0,0.0,/2HD,
Kevin Elster,31.0,TEX,AL,1.4,157.0,596.0,515.0,79.0,130.0,32.0,2.0,24.0,99.0,4.0,1.0,52.0,138.0,0.252,0.317,0.462,0.779,90.0,0.335,80.0,238.0,8.0,2.0,16.0,11.0,1.0,*6,
Kevin Foster,27.0,CHC,NL,0.6,19.0,35.0,27.0,3.0,8.0,4.0,1.0,0.0,6.0,0.0,0.0,4.0,11.0,0.296,0.406,0.519,0.925,141.0,0.404,144.0,14.0,0.0,1.0,3.0,0.0,0.0,1/H,
Kevin Jarvis*,26.0,CIN,NL,0.1,24.0,44.0,36.0,2.0,6.0,1.0,0.0,0.0,1.0,0.0,0.0,0.0,12.0,0.167,0.167,0.194,0.361,-5.0,0.211,-15.0,7.0,1.0,0.0,8.0,0.0,0.0,1,
Kevin Jordan,26.0,PHI,NL,0.5,43.0,142.0,131.0,15.0,37.0,10.0,0.0,3.0,12.0,2.0,1.0,5.0,20.0,0.282,0.309,0.427,0.737,93.0,0.334,93.0,56.0,3.0,1.0,3.0,2.0,0.0,3/4H5,
Kevin Koslofski*,29.0,MIL,AL,-0.3,25.0,47.0,42.0,5.0,9.0,3.0,2.0,0.0,6.0,0.0,0.0,4.0,12.0,0.214,0.298,0.381,0.679,69.0,0.291,52.0,16.0,1.0,1.0,0.0,0.0,1.0,8/7H9D,
Kevin Lomon,24.0,ATL,NL,0.0,6.0,0.0,0.0,0.0,0.0,0.0,0.0,0.0,0.0,0.0,0.0,0.0,0.0,,,,,,,,0.0,0.0,0.0,0.0,0.0,0.0,/1,
Kevin Mitchell,34.0,2TM,2LG,1.0,64.0,245.0,206.0,27.0,65.0,15.0,0.0,8.0,39.0,0.0,0.0,37.0,30.0,0.316,0.42,0.505,0.925,139.0,0.414,144.0,104.0,8.0,1.0,0.0,1.0,2.0,79/HD3,
Kevin Mitchell,34.0,BOS,AL,-0.3,27.0,104.0,92.0,9.0,28.0,4.0,0.0,2.0,13.0,0.0,0.0,11.0,14.0,0.304,0.385,0.413,0.798,102.0,0.379,114.0,38.0,3.0,1.0,0.0,0.0,0.0,9/DH7,
Kevin Mitchell,34.0,CIN,NL,1.3,37.0,141.0,114.0,18.0,37.0,11.0,0.0,6.0,26.0,0.0,0.0,26.0,16.0,0.325,0.447,0.579,1.026,169.0,0.44,168.0,66.0,5.0,0.0,0.0,1.0,2.0,7/3H,
Kevin Ritz,31.0,COL,NL,0.6,35.0,83.0,65.0,7.0,15.0,2.0,0.0,1.0,5.0,0.0,0.0,7.0,28.0,0.231,0.306,0.308,0.613,50.0,0.295,38.0,20.0,0.0,0.0,11.0,0.0,0.0,1,
Kevin Roberson#,28.0,NYM,NL,0.4,27.0,46.0,36.0,8.0,8.0,1.0,0.0,3.0,9.0,0.0,0.0,7.0,17.0,0.222,0.348,0.5,0.848,126.0,0.382,132.0,18.0,0.0,1.0,0.0,2.0,0.0,H/97,
Kevin Sefcik,25.0,PHI,NL,0.2,44.0,130.0,116.0,10.0,33.0,5.0,3.0,0.0,9.0,3.0,0.0,9.0,16.0,0.284,0.341,0.379,0.72,91.0,0.318,78.0,44.0,4.0,2.0,1.0,2.0,3.0,65/H4,
Kevin Seitzer,34.0,2TM,AL,4.3,154.0,675.0,573.0,85.0,187.0,35.0,3.0,13.0,78.0,6.0,1.0,87.0,79.0,0.326,0.416,0.466,0.882,121.0,0.403,129.0,267.0,13.0,5.0,5.0,5.0,7.0,D35/H,
Kevin Seitzer,34.0,MIL,AL,3.2,132.0,577.0,490.0,74.0,155.0,25.0,3.0,12.0,62.0,6.0,1.0,73.0,68.0,0.316,0.406,0.453,0.859,115.0,0.393,121.0,222.0,11.0,4.0,5.0,5.0,6.0,3D5/H,
Kevin Seitzer,34.0,CLE,AL,1.1,22.0,98.0,83.0,11.0,32.0,10.0,0.0,1.0,16.0,0.0,0.0,14.0,11.0,0.386,0.48,0.542,1.022,160.0,0.46,172.0,45.0,2.0,1.0,0.0,0.0,1.0,D/3,
Kevin Stocker#,26.0,PHI,NL,1.5,119.0,452.0,394.0,46.0,100.0,22.0,6.0,5.0,41.0,6.0,4.0,43.0,89.0,0.254,0.336,0.378,0.714,90.0,0.321,85.0,149.0,6.0,8.0,3.0,4.0,9.0,*6/H,
Kevin Young,27.0,KCR,AL,-0.5,55.0,143.0,132.0,20.0,32.0,6.0,0.0,8.0,23.0,3.0,3.0,11.0,32.0,0.242,0.301,0.47,0.77,92.0,0.336,92.0,62.0,2.0,0.0,0.0,0.0,0.0,3H9/5D7,
Kim Batiste,28.0,SFG,NL,-1.4,54.0,136.0,130.0,17.0,27.0,6.0,0.0,3.0,11.0,3.0,3.0,5.0,33.0,0.208,0.235,0.323,0.558,49.0,0.257,47.0,42.0,4.0,0.0,0.0,1.0,1.0,5H/6,
Kimera Bartee#,23.0,DET,AL,0.0,110.0,247.0,217.0,32.0,55.0,6.0,1.0,1.0,14.0,20.0,10.0,17.0,77.0,0.253,0.308,0.304,0.612,56.0,0.286,52.0,66.0,1.0,0.0,13.0,0.0,0.0,8H/79D,
Kirk Rueter*,25.0,2TM,NL,0.0,20.0,37.0,32.0,2.0,4.0,0.0,0.0,0.0,3.0,0.0,0.0,2.0,5.0,0.125,0.171,0.125,0.296,-20.0,0.196,-11.0,4.0,1.0,0.0,2.0,1.0,0.0,1,
Kirk Rueter*,25.0,MON,NL,0.0,16.0,29.0,25.0,2.0,3.0,0.0,0.0,0.0,2.0,0.0,0.0,1.0,4.0,0.12,0.148,0.12,0.268,-28.0,0.195,-15.0,3.0,0.0,0.0,2.0,1.0,0.0,1,
Kirk Rueter*,25.0,SFG,NL,0.0,4.0,8.0,7.0,0.0,1.0,0.0,0.0,0.0,1.0,0.0,0.0,1.0,1.0,0.143,0.25,0.143,0.393,10.0,0.202,5.0,1.0,1.0,0.0,0.0,0.0,0.0,/1,
Kirt Manwaring,30.0,2TM,NL,1.1,86.0,256.0,227.0,14.0,52.0,9.0,0.0,1.0,18.0,0.0,1.0,19.0,40.0,0.229,0.3,0.282,0.582,59.0,0.285,65.0,64.0,4.0,5.0,2.0,2.0,1.0,2,
Kirt Manwaring,30.0,SFG,NL,0.7,49.0,167.0,145.0,9.0,34.0,6.0,0.0,1.0,14.0,0.0,1.0,16.0,24.0,0.234,0.319,0.297,0.616,68.0,0.292,70.0,43.0,2.0,3.0,1.0,2.0,1.0,2,
Kirt Manwaring,30.0,HOU,NL,0.4,37.0,89.0,82.0,5.0,18.0,3.0,0.0,0.0,4.0,0.0,0.0,3.0,16.0,0.22,0.264,0.256,0.52,44.0,0.272,57.0,21.0,2.0,2.0,1.0,0.0,0.0,2,
Kurt Abbott,27.0,FLA,NL,-0.4,109.0,349.0,320.0,37.0,81.0,18.0,7.0,8.0,33.0,3.0,3.0,22.0,99.0,0.253,0.307,0.428,0.735,95.0,0.324,90.0,137.0,7.0,3.0,4.0,0.0,1.0,654H,
Kurt Miller,23.0,FLA,NL,0.1,26.0,9.0,8.0,0.0,3.0,0.0,0.0,0.0,2.0,0.0,0.0,0.0,0.0,0.375,0.375,0.375,0.75,102.0,0.338,98.0,3.0,0.0,0.0,1.0,0.0,0.0,1,
Kurt Stillwell#,31.0,TEX,AL,0.0,46.0,89.0,77.0,12.0,21.0,4.0,0.0,1.0,4.0,0.0,0.0,10.0,11.0,0.273,0.364,0.364,0.727,82.0,0.345,88.0,28.0,1.0,1.0,1.0,0.0,0.0,4H/653D,
Lance Johnson*,32.0,NYM,NL,7.2,160.0,724.0,682.0,117.0,227.0,31.0,21.0,9.0,69.0,50.0,12.0,33.0,40.0,0.333,0.362,0.479,0.841,125.0,0.382,126.0,327.0,8.0,1.0,3.0,5.0,8.0,*8/H,"AS,MVP-18"
Lance Painter*,28.0,COL,NL,-0.1,35.0,15.0,15.0,1.0,2.0,0.0,0.0,0.0,2.0,0.0,0.0,0.0,8.0,0.133,0.133,0.133,0.267,-35.0,0.12,-76.0,2.0,0.0,0.0,0.0,0.0,0.0,1/H,
Larry Casian,30.0,CHC,NL,0.0,35.0,0.0,0.0,0.0,0.0,0.0,0.0,0.0,0.0,0.0,0.0,0.0,0.0,,,,,,,,0.0,0.0,0.0,0.0,0.0,0.0,1,
Larry Mitchell,24.0,PHI,NL,0.0,7.0,2.0,2.0,0.0,0.0,0.0,0.0,0.0,0.0,0.0,0.0,0.0,1.0,0.0,0.0,0.0,0.0,-100.0,0.0,-138.0,0.0,0.0,0.0,0.0,0.0,0.0,/1,
Larry Thomas,26.0,CHW,AL,0.0,1.0,0.0,0.0,0.0,0.0,0.0,0.0,0.0,0.0,0.0,0.0,0.0,0.0,,,,,,,,0.0,0.0,0.0,0.0,0.0,0.0,1,
Larry Walker*,29.0,COL,NL,1.2,83.0,304.0,272.0,58.0,75.0,18.0,4.0,18.0,58.0,18.0,2.0,20.0,58.0,0.276,0.342,0.57,0.912,116.0,0.4,112.0,155.0,7.0,9.0,0.0,3.0,2.0,89/H,
Lee Hancock*,29.0,PIT,NL,0.0,13.0,0.0,0.0,0.0,0.0,0.0,0.0,0.0,0.0,0.0,0.0,0.0,0.0,,,,,,,,0.0,0.0,0.0,0.0,0.0,0.0,1,
Lee Smith,38.0,CIN,NL,0.0,43.0,0.0,0.0,0.0,0.0,0.0,0.0,0.0,0.0,0.0,0.0,0.0,0.0,,,,,,,,0.0,0.0,0.0,0.0,0.0,0.0,1,
Lee Stevens*,28.0,TEX,AL,0.2,27.0,86.0,78.0,6.0,18.0,2.0,3.0,3.0,12.0,0.0,0.0,6.0,22.0,0.231,0.291,0.449,0.739,80.0,0.325,74.0,35.0,2.0,1.0,0.0,1.0,0.0,3/H7,
Lee Tinsley#,27.0,2TM,2LG,-1.7,123.0,266.0,244.0,29.0,54.0,6.0,1.0,3.0,16.0,8.0,12.0,17.0,78.0,0.221,0.277,0.291,0.567,45.0,0.246,38.0,71.0,6.0,2.0,2.0,1.0,0.0,8H7/D,
Lee Tinsley#,27.0,PHI,NL,-1.1,31.0,57.0,52.0,1.0,7.0,0.0,0.0,0.0,2.0,2.0,4.0,4.0,22.0,0.135,0.196,0.135,0.331,-10.0,0.135,-28.0,7.0,1.0,0.0,1.0,0.0,0.0,7H/8,
Lee Tinsley#,27.0,BOS,AL,-0.6,92.0,209.0,192.0,28.0,47.0,6.0,1.0,3.0,14.0,6.0,8.0,13.0,56.0,0.245,0.298,0.333,0.631,59.0,0.276,54.0,64.0,5.0,2.0,1.0,1.0,0.0,8H/7D,
Lenny Dykstra*,33.0,PHI,NL,2.0,40.0,164.0,134.0,21.0,35.0,6.0,3.0,3.0,13.0,3.0,1.0,26.0,25.0,0.261,0.387,0.418,0.804,114.0,0.371,119.0,56.0,1.0,2.0,1.0,1.0,2.0,8/H,
Lenny Harris*,31.0,CIN,NL,0.0,125.0,333.0,302.0,33.0,86.0,17.0,2.0,5.0,32.0,14.0,6.0,21.0,31.0,0.285,0.33,0.404,0.734,93.0,0.333,91.0,122.0,3.0,1.0,6.0,3.0,1.0,H5793/48,
Lenny Webster,31.0,MON,NL,0.3,78.0,203.0,174.0,18.0,40.0,10.0,0.0,2.0,17.0,0.0,0.0,25.0,21.0,0.23,0.332,0.322,0.654,73.0,0.317,78.0,56.0,10.0,2.0,1.0,1.0,2.0,2H,
Leo Gómez,30.0,CHC,NL,1.5,136.0,427.0,362.0,44.0,86.0,19.0,0.0,17.0,56.0,1.0,4.0,53.0,94.0,0.238,0.344,0.431,0.775,102.0,0.354,108.0,156.0,8.0,7.0,3.0,2.0,0.0,*5H/36,
Les Norman,27.0,KCR,AL,-0.7,54.0,56.0,49.0,9.0,6.0,0.0,0.0,0.0,0.0,1.0,1.0,6.0,14.0,0.122,0.232,0.122,0.355,-6.0,0.2,-1.0,6.0,0.0,1.0,0.0,0.0,0.0,H97/D8,
Liván Hernández,21.0,FLA,NL,0.1,1.0,1.0,1.0,1.0,1.0,0.0,0.0,0.0,0.0,0.0,0.0,0.0,0.0,1.0,1.0,1.0,2.0,439.0,0.901,492.0,1.0,0.0,0.0,0.0,0.0,0.0,/1,
Lou Frazier#,31.0,TEX,AL,0.2,30.0,60.0,50.0,5.0,13.0,2.0,1.0,0.0,5.0,4.0,2.0,8.0,10.0,0.26,0.373,0.34,0.713,79.0,0.363,102.0,17.0,2.0,1.0,1.0,0.0,0.0,HD7/84,
Luis Alicea#,30.0,STL,NL,1.1,129.0,447.0,380.0,54.0,98.0,26.0,3.0,5.0,42.0,11.0,3.0,52.0,78.0,0.258,0.35,0.382,0.731,94.0,0.328,87.0,145.0,4.0,5.0,4.0,6.0,10.0,*4H,
Luis Castillo#,20.0,FLA,NL,1.2,41.0,180.0,164.0,26.0,43.0,2.0,1.0,1.0,8.0,17.0,4.0,14.0,46.0,0.262,0.32,0.305,0.625,69.0,0.31,70.0,50.0,0.0,0.0,2.0,0.0,0.0,4,
Luis Gonzalez*,28.0,CHC,NL,2.6,146.0,555.0,483.0,70.0,131.0,30.0,4.0,15.0,79.0,9.0,6.0,61.0,49.0,0.271,0.354,0.443,0.797,108.0,0.358,109.0,214.0,13.0,4.0,1.0,6.0,8.0,*7H/3,
Luis López#,25.0,SDP,NL,-1.9,63.0,151.0,139.0,10.0,25.0,3.0,0.0,2.0,11.0,0.0,0.0,9.0,35.0,0.18,0.233,0.245,0.478,30.0,0.229,24.0,34.0,7.0,1.0,1.0,1.0,1.0,64H/5,
Luis Ortiz,26.0,TEX,AL,0.1,3.0,7.0,7.0,1.0,2.0,0.0,1.0,1.0,1.0,0.0,0.0,0.0,1.0,0.286,0.286,1.0,1.286,200.0,0.493,188.0,7.0,0.0,0.0,0.0,0.0,0.0,/HD,
Luis Polonia*,32.0,2TM,2LG,-1.6,80.0,220.0,206.0,28.0,55.0,4.0,1.0,2.0,16.0,9.0,7.0,11.0,23.0,0.267,0.306,0.325,0.631,61.0,0.295,63.0,67.0,10.0,1.0,1.0,1.0,0.0,7HD/9,
Luis Polonia*,32.0,BAL,AL,-1.6,58.0,187.0,175.0,25.0,42.0,4.0,1.0,2.0,14.0,8.0,6.0,10.0,20.0,0.24,0.285,0.309,0.594,51.0,0.277,51.0,54.0,10.0,1.0,1.0,0.0,0.0,7DH/9,
Luis Polonia*,32.0,ATL,NL,0.0,22.0,33.0,31.0,3.0,13.0,0.0,0.0,0.0,2.0,1.0,1.0,1.0,3.0,0.419,0.424,0.419,0.844,120.0,0.396,137.0,13.0,0.0,0.0,0.0,1.0,0.0,H/7,
Luis Sojo,31.0,2TM,AL,-0.7,95.0,308.0,287.0,23.0,63.0,10.0,1.0,1.0,21.0,2.0,2.0,11.0,17.0,0.22,0.25,0.272,0.522,33.0,0.244,24.0,78.0,10.0,1.0,8.0,1.0,0.0,456H,
Luis Sojo,31.0,SEA,AL,-1.1,77.0,264.0,247.0,20.0,52.0,8.0,1.0,1.0,16.0,2.0,2.0,10.0,13.0,0.211,0.244,0.263,0.507,29.0,0.232,16.0,65.0,8.0,1.0,6.0,0.0,0.0,546H,
Luis Sojo,31.0,NYY,AL,0.4,18.0,44.0,40.0,3.0,11.0,2.0,0.0,0.0,5.0,0.0,0.0,1.0,4.0,0.275,0.286,0.325,0.611,54.0,0.315,69.0,13.0,2.0,0.0,2.0,1.0,0.0,4/65H,
Lyle Mouton,27.0,CHW,AL,1.1,87.0,241.0,214.0,25.0,63.0,8.0,1.0,7.0,39.0,3.0,0.0,22.0,50.0,0.294,0.361,0.439,0.8,106.0,0.361,107.0,94.0,3.0,2.0,0.0,3.0,4.0,9DH7,
Manny Alexander,25.0,BAL,AL,-1.3,53.0,73.0,68.0,6.0,7.0,0.0,0.0,0.0,4.0,3.0,3.0,3.0,27.0,0.103,0.141,0.103,0.244,-37.0,0.107,-65.0,7.0,2.0,0.0,2.0,0.0,0.0,H6/4571D,
Manny Martínez,25.0,2TM,2LG,-0.1,22.0,59.0,53.0,5.0,12.0,2.0,3.0,0.0,3.0,4.0,1.0,4.0,16.0,0.226,0.293,0.377,0.67,74.0,0.303,65.0,20.0,2.0,1.0,1.0,0.0,0.0,9/8H7,
Manny Martínez,25.0,SEA,AL,0.2,9.0,20.0,17.0,3.0,4.0,2.0,1.0,0.0,3.0,2.0,0.0,3.0,5.0,0.235,0.35,0.471,0.821,107.0,0.379,101.0,8.0,1.0,0.0,0.0,0.0,0.0,/897H,
Manny Martínez,25.0,PHI,NL,-0.3,13.0,39.0,36.0,2.0,8.0,0.0,2.0,0.0,0.0,2.0,1.0,1.0,11.0,0.222,0.263,0.333,0.596,57.0,0.263,43.0,12.0,1.0,1.0,1.0,0.0,0.0,9/H78,
Manny Ramírez,24.0,CLE,AL,4.2,152.0,647.0,550.0,94.0,170.0,45.0,3.0,33.0,112.0,8.0,5.0,85.0,104.0,0.309,0.399,0.582,0.981,146.0,0.416,143.0,320.0,18.0,3.0,0.0,9.0,8.0,*9/DH,
Marc Newfield,23.0,2TM,2LG,0.4,133.0,410.0,370.0,48.0,103.0,26.0,0.0,12.0,57.0,1.0,2.0,27.0,70.0,0.278,0.332,0.446,0.778,101.0,0.35,104.0,165.0,8.0,6.0,0.0,7.0,2.0,7H9/3,
Marc Newfield,23.0,SDP,NL,-0.3,84.0,212.0,191.0,27.0,48.0,11.0,0.0,5.0,26.0,1.0,1.0,16.0,44.0,0.251,0.311,0.387,0.699,88.0,0.32,90.0,74.0,7.0,2.0,0.0,3.0,1.0,H79/3,
Marc Newfield,23.0,MIL,AL,0.7,49.0,198.0,179.0,21.0,55.0,15.0,0.0,7.0,31.0,0.0,1.0,11.0,26.0,0.307,0.354,0.508,0.862,113.0,0.383,117.0,91.0,1.0,4.0,0.0,4.0,1.0,7,
Marc Valdes,24.0,FLA,NL,-0.1,11.0,15.0,14.0,0.0,0.0,0.0,0.0,0.0,0.0,0.0,0.0,1.0,2.0,0.0,0.067,0.0,0.067,-80.0,0.109,-62.0,0.0,0.0,0.0,0.0,0.0,0.0,1,
Marc Wilkins,25.0,PIT,NL,0.0,47.0,10.0,9.0,1.0,2.0,0.0,0.0,0.0,1.0,0.0,0.0,1.0,6.0,0.222,0.3,0.222,0.522,39.0,0.252,31.0,2.0,0.0,0.0,0.0,0.0,0.0,1,
Marcus Jensen#,23.0,SFG,NL,0.1,9.0,27.0,19.0,4.0,4.0,1.0,0.0,0.0,4.0,0.0,0.0,8.0,7.0,0.211,0.444,0.263,0.708,98.0,0.359,115.0,5.0,1.0,0.0,0.0,0.0,0.0,/2H,
Marcus Moore#,25.0,CIN,NL,0.1,23.0,3.0,3.0,0.0,1.0,1.0,0.0,0.0,0.0,0.0,0.0,0.0,2.0,0.333,0.333,0.667,1.0,156.0,0.42,153.0,2.0,0.0,0.0,0.0,0.0,0.0,1,
Mariano Duncan,33.0,NYY,AL,2.7,109.0,417.0,400.0,62.0,136.0,34.0,3.0,8.0,56.0,4.0,3.0,9.0,77.0,0.34,0.352,0.5,0.852,112.0,0.384,119.0,200.0,10.0,1.0,2.0,5.0,1.0,4/H57D9,
Mark Carreon,32.0,2TM,2LG,0.6,119.0,475.0,434.0,56.0,122.0,34.0,3.0,11.0,65.0,3.0,4.0,33.0,42.0,0.281,0.339,0.449,0.788,107.0,0.356,111.0,195.0,10.0,6.0,0.0,2.0,2.0,3/H879D,
Mark Carreon,32.0,SFG,NL,-0.1,81.0,319.0,292.0,40.0,76.0,22.0,3.0,9.0,51.0,2.0,3.0,22.0,33.0,0.26,0.317,0.449,0.765,104.0,0.342,106.0,131.0,6.0,3.0,0.0,2.0,2.0,3/H79,
Mark Carreon,32.0,CLE,AL,0.6,38.0,156.0,142.0,16.0,46.0,12.0,0.0,2.0,14.0,1.0,1.0,11.0,9.0,0.324,0.385,0.451,0.835,112.0,0.382,120.0,64.0,4.0,3.0,0.0,0.0,0.0,3/8DH9,
Mark Clark,28.0,NYM,NL,-0.6,32.0,81.0,69.0,3.0,3.0,1.0,0.0,0.0,2.0,0.0,0.0,1.0,26.0,0.043,0.056,0.058,0.114,-69.0,0.092,-97.0,4.0,0.0,0.0,10.0,1.0,0.0,1,
Mark Dewey,31.0,SFG,NL,-0.1,78.0,8.0,7.0,0.0,0.0,0.0,0.0,0.0,0.0,0.0,0.0,1.0,3.0,0.0,0.125,0.0,0.125,-62.0,0.089,-74.0,0.0,0.0,0.0,0.0,0.0,0.0,1,
Mark Gardner,34.0,SFG,NL,0.0,33.0,79.0,68.0,6.0,11.0,1.0,0.0,0.0,4.0,0.0,0.0,2.0,26.0,0.162,0.197,0.176,0.374,2.0,0.201,-7.0,12.0,2.0,1.0,8.0,0.0,0.0,1/H,
Mark Grace*,32.0,CHC,NL,3.8,142.0,616.0,547.0,88.0,181.0,39.0,1.0,9.0,75.0,2.0,3.0,62.0,41.0,0.331,0.396,0.455,0.851,123.0,0.384,127.0,249.0,18.0,1.0,0.0,6.0,8.0,*3/H,GG
Mark Grudzielanek,26.0,MON,NL,2.3,153.0,696.0,657.0,99.0,201.0,34.0,4.0,6.0,49.0,33.0,7.0,26.0,83.0,0.306,0.34,0.397,0.737,93.0,0.349,96.0,261.0,10.0,9.0,1.0,3.0,3.0,*6,AS
Mark Guthrie,30.0,LAD,NL,0.0,66.0,3.0,3.0,0.0,0.0,0.0,0.0,0.0,0.0,0.0,0.0,0.0,0.0,0.0,0.0,0.0,0.0,-100.0,0.0,-131.0,0.0,0.0,0.0,0.0,0.0,0.0,1,
Mark Holzemer*,26.0,CAL,AL,0.0,1.0,0.0,0.0,0.0,0.0,0.0,0.0,0.0,0.0,0.0,0.0,0.0,0.0,,,,,,,,0.0,0.0,0.0,0.0,0.0,0.0,1,
Mark Hutton,26.0,FLA,NL,0.2,13.0,20.0,19.0,2.0,6.0,0.0,0.0,1.0,1.0,0.0,0.0,0.0,6.0,0.316,0.316,0.474,0.789,108.0,0.343,102.0,9.0,1.0,0.0,1.0,0.0,0.0,1,
Mark Johnson*,28.0,PIT,NL,1.6,127.0,396.0,343.0,55.0,94.0,24.0,0.0,13.0,47.0,6.0,4.0,44.0,64.0,0.274,0.361,0.458,0.819,112.0,0.369,115.0,157.0,5.0,5.0,0.0,4.0,3.0,3H/7,
Mark Leiter,33.0,2TM,NL,-0.3,35.0,79.0,67.0,4.0,8.0,1.0,0.0,0.0,5.0,0.0,0.0,3.0,35.0,0.119,0.157,0.134,0.291,-21.0,0.152,-49.0,9.0,1.0,0.0,9.0,0.0,0.0,1,
Mark Leiter,33.0,SFG,NL,-0.1,23.0,50.0,42.0,2.0,6.0,1.0,0.0,0.0,2.0,0.0,0.0,1.0,20.0,0.143,0.163,0.167,0.329,-11.0,0.172,-35.0,7.0,1.0,0.0,7.0,0.0,0.0,1,
Mark Leiter,33.0,MON,NL,-0.2,12.0,29.0,25.0,2.0,2.0,0.0,0.0,0.0,3.0,0.0,0.0,2.0,15.0,0.08,0.148,0.08,0.228,-38.0,0.12,-72.0,2.0,0.0,0.0,2.0,0.0,0.0,1,
Mark Lemke#,30.0,ATL,NL,1.2,135.0,562.0,498.0,64.0,127.0,17.0,0.0,5.0,37.0,5.0,2.0,53.0,48.0,0.255,0.323,0.319,0.642,68.0,0.301,64.0,159.0,9.0,0.0,5.0,6.0,1.0,*4/H,
Mark Lewis,26.0,DET,AL,-0.5,145.0,599.0,545.0,69.0,147.0,30.0,3.0,11.0,55.0,6.0,1.0,42.0,109.0,0.27,0.326,0.396,0.722,82.0,0.33,81.0,216.0,12.0,5.0,4.0,3.0,0.0,*4/D,
Mark Loretta,24.0,MIL,AL,-0.3,73.0,170.0,154.0,20.0,43.0,3.0,0.0,1.0,13.0,2.0,1.0,14.0,15.0,0.279,0.339,0.318,0.657,66.0,0.31,66.0,49.0,7.0,0.0,2.0,0.0,0.0,456/H,
Mark McGwire,32.0,OAK,AL,6.4,130.0,548.0,423.0,104.0,132.0,21.0,0.0,52.0,113.0,0.0,0.0,116.0,112.0,0.312,0.467,0.73,1.198,196.0,0.486,190.0,309.0,14.0,8.0,0.0,1.0,16.0,*3D/H,"AS,MVP-7,SS"
Mark McLemore#,31.0,TEX,AL,4.3,147.0,611.0,517.0,84.0,150.0,23.0,4.0,5.0,46.0,27.0,10.0,87.0,69.0,0.29,0.389,0.379,0.768,92.0,0.362,98.0,196.0,16.0,0.0,2.0,5.0,5.0,*4/9H,
Mark Parent,34.0,2TM,AL,0.0,56.0,144.0,137.0,17.0,31.0,7.0,0.0,9.0,23.0,0.0,0.0,5.0,37.0,0.226,0.252,0.474,0.726,78.0,0.302,63.0,65.0,3.0,0.0,1.0,1.0,0.0,2/H3,
Mark Parent,34.0,DET,AL,0.1,38.0,108.0,104.0,13.0,25.0,6.0,0.0,7.0,17.0,0.0,0.0,3.0,27.0,0.24,0.259,0.5,0.759,86.0,0.314,71.0,52.0,2.0,0.0,0.0,1.0,0.0,2/H3,
Mark Parent,34.0,BAL,AL,-0.1,18.0,36.0,33.0,4.0,6.0,1.0,0.0,2.0,6.0,0.0,0.0,2.0,10.0,0.182,0.229,0.394,0.623,54.0,0.264,36.0,13.0,1.0,0.0,1.0,0.0,0.0,2,
Mark Petkovsek,30.0,STL,NL,0.0,48.0,17.0,16.0,1.0,3.0,0.0,0.0,0.0,0.0,0.0,0.0,0.0,3.0,0.188,0.235,0.188,0.423,14.0,0.203,1.0,3.0,0.0,1.0,0.0,0.0,0.0,1,
Mark Portugal,33.0,CIN,NL,0.0,28.0,56.0,48.0,4.0,8.0,1.0,0.0,0.0,1.0,0.0,0.0,1.0,11.0,0.167,0.184,0.188,0.371,-1.0,0.207,-11.0,9.0,1.0,0.0,7.0,0.0,0.0,1/H,
Mark Small,28.0,HOU,NL,0.0,16.0,1.0,1.0,0.0,0.0,0.0,0.0,0.0,0.0,0.0,0.0,0.0,1.0,0.0,0.0,0.0,0.0,-100.0,0.0,-133.0,0.0,0.0,0.0,0.0,0.0,0.0,1,
Mark Smith,26.0,BAL,AL,0.3,27.0,84.0,78.0,9.0,19.0,2.0,0.0,4.0,10.0,0.0,2.0,3.0,20.0,0.244,0.298,0.423,0.721,80.0,0.301,71.0,33.0,0.0,3.0,0.0,0.0,0.0,7/9DH,
Mark Sweeney*,26.0,STL,NL,0.3,98.0,209.0,170.0,32.0,45.0,9.0,0.0,3.0,22.0,3.0,0.0,33.0,29.0,0.265,0.387,0.371,0.758,103.0,0.364,112.0,63.0,4.0,1.0,5.0,0.0,2.0,H73/9,
Mark Thompson,25.0,COL,NL,-0.4,34.0,64.0,58.0,3.0,8.0,3.0,0.0,0.0,2.0,0.0,0.0,1.0,21.0,0.138,0.153,0.19,0.342,-17.0,0.153,-67.0,11.0,1.0,0.0,5.0,0.0,0.0,1,
Mark Whiten#,29.0,3TM,2LG,3.4,136.0,486.0,412.0,76.0,108.0,20.0,1.0,22.0,71.0,17.0,9.0,70.0,127.0,0.262,0.372,0.476,0.848,119.0,0.381,124.0,196.0,12.0,3.0,0.0,1.0,6.0,*97H/8,
Mark Whiten#,29.0,2TM,NL,1.8,96.0,323.0,272.0,45.0,66.0,13.0,1.0,10.0,38.0,15.0,8.0,49.0,87.0,0.243,0.359,0.408,0.767,102.0,0.357,109.0,111.0,11.0,1.0,0.0,1.0,2.0,9H/8,
Mark Whiten#,29.0,PHI,NL,1.3,60.0,216.0,182.0,33.0,43.0,8.0,0.0,7.0,21.0,13.0,3.0,33.0,62.0,0.236,0.356,0.396,0.752,100.0,0.359,106.0,72.0,9.0,1.0,0.0,0.0,2.0,9H/8,
Mark Whiten#,29.0,ATL,NL,0.5,36.0,107.0,90.0,12.0,23.0,5.0,1.0,3.0,17.0,2.0,5.0,16.0,25.0,0.256,0.364,0.433,0.798,106.0,0.353,115.0,39.0,2.0,0.0,0.0,1.0,0.0,9/H,
Mark Whiten#,29.0,SEA,AL,1.7,40.0,163.0,140.0,31.0,42.0,7.0,0.0,12.0,33.0,2.0,1.0,21.0,40.0,0.3,0.399,0.607,1.006,151.0,0.429,152.0,85.0,1.0,2.0,0.0,0.0,4.0,7/9H,
Mark Wohlers,26.0,ATL,NL,-0.1,77.0,3.0,3.0,0.0,0.0,0.0,0.0,0.0,0.0,0.0,0.0,0.0,3.0,0.0,0.0,0.0,0.0,-100.0,0.0,-144.0,0.0,0.0,0.0,0.0,0.0,0.0,1,AS
Marquis Grissom,29.0,ATL,NL,4.5,158.0,723.0,671.0,106.0,207.0,32.0,10.0,23.0,74.0,28.0,11.0,41.0,73.0,0.308,0.349,0.489,0.838,114.0,0.384,122.0,328.0,12.0,3.0,4.0,4.0,6.0,*8/H,"MVP-13,GG"
Marty Cordova,26.0,MIN,AL,2.6,145.0,640.0,569.0,97.0,176.0,46.0,1.0,16.0,111.0,11.0,5.0,53.0,96.0,0.309,0.371,0.478,0.849,112.0,0.376,113.0,272.0,18.0,8.0,0.0,9.0,4.0,*7/H,
Marvin Benard*,25.0,SFG,NL,2.0,135.0,558.0,488.0,89.0,121.0,17.0,4.0,5.0,27.0,25.0,11.0,59.0,84.0,0.248,0.333,0.33,0.663,80.0,0.318,86.0,161.0,8.0,4.0,6.0,1.0,2.0,*89/H7,
Marvin Freeman,33.0,COL,NL,-0.3,26.0,47.0,41.0,3.0,5.0,0.0,0.0,0.0,0.0,0.0,0.0,2.0,21.0,0.122,0.163,0.122,0.285,-29.0,0.159,-63.0,5.0,1.0,0.0,4.0,0.0,0.0,1,
Matt Beech*,24.0,PHI,NL,-0.1,8.0,14.0,14.0,1.0,1.0,0.0,0.0,0.0,1.0,0.0,0.0,0.0,4.0,0.071,0.071,0.071,0.143,-62.0,0.13,-50.0,1.0,0.0,0.0,0.0,0.0,0.0,/1,
Matt Franco*,26.0,NYM,NL,-0.1,14.0,34.0,31.0,3.0,6.0,1.0,0.0,1.0,2.0,0.0,0.0,1.0,5.0,0.194,0.235,0.323,0.558,49.0,0.272,54.0,10.0,1.0,1.0,0.0,1.0,0.0,/5H3,
Matt Howard,28.0,NYY,AL,-0.6,35.0,59.0,54.0,9.0,11.0,1.0,0.0,1.0,9.0,1.0,0.0,2.0,8.0,0.204,0.228,0.278,0.506,27.0,0.244,18.0,15.0,2.0,0.0,2.0,1.0,0.0,4/H5,
Matt Lawton*,24.0,MIN,AL,0.6,79.0,286.0,252.0,34.0,65.0,7.0,1.0,6.0,42.0,4.0,4.0,28.0,28.0,0.258,0.339,0.365,0.704,78.0,0.334,87.0,92.0,6.0,4.0,0.0,2.0,1.0,98H/7D,
Matt Luke*,25.0,NYY,AL,0.0,1.0,0.0,0.0,1.0,0.0,0.0,0.0,0.0,0.0,0.0,0.0,0.0,0.0,,,,,,,,0.0,0.0,0.0,0.0,0.0,0.0,/DH,
Matt Mantei,22.0,FLA,NL,0.0,14.0,1.0,1.0,0.0,0.0,0.0,0.0,0.0,0.0,0.0,0.0,0.0,1.0,0.0,0.0,0.0,0.0,-100.0,0.0,-133.0,0.0,0.0,0.0,0.0,0.0,0.0,1,
Matt Mieske,28.0,MIL,AL,0.3,127.0,409.0,374.0,46.0,104.0,24.0,3.0,14.0,64.0,1.0,5.0,26.0,76.0,0.278,0.324,0.471,0.794,96.0,0.339,90.0,176.0,9.0,2.0,1.0,6.0,2.0,*98H/7,
Matt Ruebel*,26.0,PIT,NL,0.1,26.0,16.0,13.0,0.0,3.0,0.0,0.0,0.0,0.0,0.0,0.0,1.0,4.0,0.231,0.286,0.231,0.516,37.0,0.244,16.0,3.0,0.0,0.0,2.0,0.0,0.0,1,
Matt Stairs*,28.0,OAK,AL,0.6,61.0,158.0,137.0,21.0,38.0,5.0,1.0,10.0,23.0,1.0,1.0,19.0,23.0,0.277,0.367,0.547,0.915,127.0,0.395,127.0,75.0,2.0,1.0,0.0,1.0,2.0,9H7/D3,
Matt Walbeck#,26.0,MIN,AL,-0.7,63.0,227.0,215.0,25.0,48.0,10.0,0.0,2.0,24.0,3.0,1.0,9.0,34.0,0.223,0.252,0.298,0.55,38.0,0.258,32.0,64.0,6.0,0.0,1.0,2.0,0.0,2/H,
Matt Williams,30.0,SFG,NL,2.9,105.0,455.0,404.0,69.0,122.0,16.0,1.0,22.0,85.0,1.0,2.0,39.0,91.0,0.302,0.367,0.51,0.877,134.0,0.383,134.0,206.0,10.0,6.0,0.0,6.0,9.0,53/H6,AS
Mel Hall*,35.0,SFG,NL,-0.4,25.0,27.0,25.0,3.0,3.0,0.0,0.0,0.0,5.0,0.0,0.0,1.0,4.0,0.12,0.148,0.12,0.268,-26.0,0.161,-24.0,3.0,0.0,0.0,0.0,1.0,0.0,H/79,
Mel Rojas,29.0,MON,NL,0.1,74.0,8.0,8.0,0.0,3.0,1.0,0.0,0.0,3.0,0.0,0.0,0.0,2.0,0.375,0.375,0.5,0.875,127.0,0.383,125.0,4.0,0.0,0.0,0.0,0.0,0.0,1,
Melvin Nieves#,24.0,DET,AL,-0.4,120.0,484.0,431.0,71.0,106.0,23.0,4.0,24.0,60.0,1.0,2.0,44.0,158.0,0.246,0.322,0.485,0.807,101.0,0.352,98.0,209.0,10.0,6.0,0.0,3.0,2.0,97D/H,
Michael Mimbs*,27.0,PHI,NL,-0.2,21.0,35.0,33.0,0.0,4.0,0.0,0.0,0.0,0.0,0.0,0.0,0.0,12.0,0.121,0.121,0.121,0.242,-35.0,0.137,-54.0,4.0,1.0,0.0,2.0,0.0,0.0,1,
Michael Tucker*,25.0,KCR,AL,1.3,108.0,393.0,339.0,55.0,88.0,18.0,4.0,12.0,53.0,10.0,4.0,40.0,69.0,0.26,0.346,0.442,0.789,99.0,0.355,100.0,150.0,7.0,7.0,3.0,4.0,1.0,97H/3D,
Mickey Morandini*,30.0,PHI,NL,-0.1,140.0,606.0,539.0,64.0,135.0,24.0,6.0,3.0,32.0,26.0,5.0,49.0,87.0,0.25,0.321,0.334,0.655,75.0,0.312,74.0,180.0,15.0,9.0,5.0,4.0,0.0,*4/H,
Mickey Tettleton#,35.0,TEX,AL,1.0,143.0,599.0,491.0,78.0,121.0,26.0,1.0,24.0,83.0,2.0,1.0,95.0,137.0,0.246,0.366,0.45,0.816,102.0,0.365,102.0,221.0,12.0,3.0,1.0,9.0,8.0,*D3/H,
Midre Cummings*,24.0,PIT,NL,0.0,24.0,87.0,85.0,11.0,19.0,3.0,1.0,3.0,7.0,0.0,0.0,0.0,16.0,0.224,0.221,0.388,0.609,55.0,0.269,43.0,33.0,0.0,0.0,1.0,1.0,0.0,89/H,
Miguel Batista,25.0,FLA,NL,0.0,9.0,0.0,0.0,0.0,0.0,0.0,0.0,0.0,0.0,0.0,0.0,0.0,0.0,,,,,,,,0.0,0.0,0.0,0.0,0.0,0.0,/1,
Miguel Cairo,22.0,TOR,AL,0.1,9.0,30.0,27.0,5.0,6.0,2.0,0.0,0.0,1.0,0.0,0.0,2.0,9.0,0.222,0.3,0.296,0.596,53.0,0.309,69.0,8.0,1.0,1.0,0.0,0.0,0.0,/4,
Miguel Mejía,21.0,STL,NL,-0.4,45.0,23.0,23.0,10.0,2.0,0.0,0.0,0.0,0.0,6.0,3.0,0.0,10.0,0.087,0.087,0.087,0.174,-54.0,0.075,-85.0,2.0,0.0,0.0,0.0,0.0,0.0,H8/97,
Mike Aldrete*,35.0,2TM,AL,-0.4,63.0,123.0,108.0,16.0,23.0,6.0,0.0,6.0,20.0,0.0,1.0,14.0,19.0,0.213,0.301,0.435,0.736,84.0,0.321,79.0,47.0,4.0,0.0,0.0,1.0,0.0,HD7/391,
Mike Aldrete*,35.0,CAL,AL,-0.4,31.0,46.0,40.0,5.0,6.0,1.0,0.0,3.0,8.0,0.0,0.0,5.0,4.0,0.15,0.239,0.4,0.639,59.0,0.271,44.0,16.0,3.0,0.0,0.0,1.0,0.0,H/D793,
Mike Aldrete*,35.0,NYY,AL,0.0,32.0,77.0,68.0,11.0,17.0,5.0,0.0,3.0,12.0,0.0,1.0,9.0,15.0,0.25,0.338,0.456,0.794,98.0,0.352,101.0,31.0,1.0,0.0,0.0,0.0,0.0,/D3H791,
Mike Benjamin,30.0,PHI,NL,0.7,35.0,118.0,103.0,13.0,23.0,5.0,1.0,4.0,13.0,3.0,1.0,12.0,21.0,0.223,0.316,0.408,0.724,91.0,0.34,96.0,42.0,2.0,2.0,1.0,0.0,5.0,6/H4,
Mike Bielecki,36.0,ATL,NL,0.0,40.0,12.0,10.0,1.0,1.0,0.0,0.0,0.0,1.0,0.0,0.0,2.0,5.0,0.1,0.25,0.1,0.35,-4.0,0.194,-11.0,1.0,0.0,0.0,0.0,0.0,0.0,1,
Mike Blowers,31.0,LAD,NL,-0.1,92.0,358.0,317.0,31.0,84.0,19.0,2.0,6.0,38.0,0.0,0.0,37.0,77.0,0.265,0.341,0.394,0.735,100.0,0.345,108.0,125.0,11.0,1.0,0.0,3.0,2.0,5/36H,
Mike Bordick,30.0,OAK,AL,-0.9,155.0,587.0,525.0,46.0,126.0,18.0,4.0,5.0,54.0,5.0,6.0,52.0,59.0,0.24,0.307,0.318,0.625,58.0,0.287,54.0,167.0,8.0,1.0,4.0,5.0,0.0,*6/H,
Mike Busby,23.0,STL,NL,0.0,1.0,2.0,2.0,0.0,1.0,0.0,0.0,0.0,0.0,0.0,0.0,0.0,1.0,0.5,0.5,0.5,1.0,167.0,0.45,175.0,1.0,0.0,0.0,0.0,0.0,0.0,/1,
Mike Busch,27.0,LAD,NL,-0.4,38.0,88.0,83.0,8.0,18.0,4.0,0.0,4.0,17.0,0.0,0.0,5.0,33.0,0.217,0.261,0.41,0.671,80.0,0.292,70.0,34.0,2.0,0.0,0.0,0.0,0.0,5H/3,
Mike Cameron,23.0,CHW,AL,-0.1,11.0,12.0,11.0,1.0,1.0,0.0,0.0,0.0,0.0,0.0,1.0,1.0,3.0,0.091,0.167,0.091,0.258,-31.0,0.092,-44.0,1.0,0.0,0.0,0.0,0.0,0.0,/98H7D,
Mike Campbell,32.0,CHC,NL,0.2,13.0,12.0,11.0,2.0,4.0,2.0,0.0,0.0,1.0,0.0,0.0,0.0,5.0,0.364,0.364,0.545,0.909,134.0,0.393,135.0,6.0,0.0,0.0,1.0,0.0,0.0,1,
Mike Devereaux,33.0,BAL,AL,-0.3,127.0,363.0,323.0,49.0,74.0,11.0,2.0,8.0,34.0,8.0,2.0,34.0,53.0,0.229,0.305,0.35,0.655,66.0,0.315,70.0,113.0,8.0,2.0,2.0,2.0,0.0,*978HD,
Mike Difelice,27.0,STL,NL,0.1,4.0,7.0,7.0,0.0,2.0,1.0,0.0,0.0,2.0,0.0,0.0,0.0,1.0,0.286,0.286,0.429,0.714,87.0,0.309,76.0,3.0,0.0,0.0,0.0,0.0,0.0,/2,
Mike Durant,26.0,MIN,AL,0.0,40.0,96.0,81.0,15.0,17.0,3.0,0.0,0.0,5.0,3.0,0.0,10.0,15.0,0.21,0.293,0.247,0.54,39.0,0.286,44.0,20.0,2.0,0.0,4.0,1.0,0.0,2/H,
Mike Dyer,29.0,MON,NL,-0.1,70.0,7.0,7.0,0.0,0.0,0.0,0.0,0.0,0.0,0.0,0.0,0.0,4.0,0.0,0.0,0.0,0.0,-100.0,0.0,-145.0,0.0,0.0,0.0,0.0,0.0,0.0,1,
Mike Farmer#,27.0,COL,NL,0.1,7.0,10.0,10.0,1.0,4.0,0.0,0.0,0.0,0.0,0.0,0.0,0.0,0.0,0.4,0.4,0.4,0.8,95.0,0.36,92.0,4.0,0.0,0.0,0.0,0.0,0.0,/1,
Mike Fetters,31.0,MIL,AL,0.0,4.0,0.0,0.0,0.0,0.0,0.0,0.0,0.0,0.0,0.0,0.0,0.0,0.0,,,,,,,,0.0,0.0,0.0,0.0,0.0,0.0,1,
Mike Fyhrie,26.0,NYM,NL,0.0,2.0,0.0,0.0,0.0,0.0,0.0,0.0,0.0,0.0,0.0,0.0,0.0,0.0,,,,,,,,0.0,0.0,0.0,0.0,0.0,0.0,/1,
Mike Gallego,35.0,STL,NL,-0.5,51.0,159.0,143.0,12.0,30.0,2.0,0.0,0.0,4.0,0.0,0.0,12.0,31.0,0.21,0.276,0.224,0.499,35.0,0.24,26.0,32.0,0.0,1.0,3.0,0.0,1.0,4/5H6,
Mike Grace,26.0,PHI,NL,0.0,12.0,33.0,29.0,1.0,4.0,0.0,0.0,0.0,0.0,0.0,0.0,2.0,11.0,0.138,0.219,0.138,0.357,-2.0,0.181,-18.0,4.0,0.0,1.0,1.0,0.0,0.0,1,
Mike Greenwell*,32.0,BOS,AL,0.1,77.0,318.0,295.0,35.0,87.0,20.0,1.0,7.0,44.0,4.0,0.0,18.0,27.0,0.295,0.336,0.441,0.777,94.0,0.341,87.0,130.0,11.0,2.0,0.0,3.0,3.0,7/H89,
Mike Hampton,23.0,HOU,NL,0.4,29.0,54.0,42.0,9.0,10.0,1.0,0.0,0.0,3.0,0.0,0.0,4.0,11.0,0.238,0.319,0.262,0.581,62.0,0.276,55.0,11.0,1.0,1.0,7.0,0.0,0.0,1/H,
Mike Henneman,34.0,TEX,AL,0.0,2.0,0.0,0.0,0.0,0.0,0.0,0.0,0.0,0.0,0.0,0.0,0.0,0.0,,,,,,,,0.0,0.0,0.0,0.0,0.0,0.0,1,
Mike Hubbard,25.0,CHC,NL,-0.5,21.0,39.0,38.0,1.0,4.0,0.0,0.0,1.0,4.0,0.0,0.0,0.0,15.0,0.105,0.103,0.184,0.287,-27.0,0.121,-59.0,7.0,1.0,0.0,0.0,1.0,0.0,2H,
Mike Huff,32.0,TOR,AL,-0.3,11.0,30.0,29.0,5.0,5.0,0.0,1.0,0.0,0.0,0.0,0.0,1.0,5.0,0.172,0.2,0.241,0.441,12.0,0.197,-7.0,7.0,0.0,0.0,0.0,0.0,0.0,/895H7,
Mike Jackson,31.0,SEA,AL,0.0,1.0,0.0,0.0,0.0,0.0,0.0,0.0,0.0,0.0,0.0,0.0,0.0,0.0,,,,,,,,0.0,0.0,0.0,0.0,0.0,0.0,1,
Mike Kelly,26.0,CIN,NL,-0.1,19.0,60.0,49.0,5.0,9.0,4.0,0.0,1.0,7.0,4.0,0.0,9.0,11.0,0.184,0.333,0.327,0.66,76.0,0.341,86.0,16.0,2.0,2.0,0.0,0.0,0.0,8/7H9,
Mike Kingery*,35.0,PIT,NL,-2.0,117.0,304.0,276.0,32.0,68.0,12.0,2.0,3.0,27.0,2.0,1.0,23.0,29.0,0.246,0.304,0.337,0.641,67.0,0.304,68.0,93.0,5.0,1.0,1.0,3.0,2.0,8H9/7,
Mike Lansing,28.0,MON,NL,1.6,159.0,705.0,641.0,99.0,183.0,40.0,2.0,11.0,53.0,23.0,8.0,44.0,85.0,0.285,0.341,0.406,0.746,95.0,0.345,97.0,260.0,19.0,10.0,9.0,1.0,1.0,*4/6,
Mike Lieberthal,24.0,PHI,NL,0.5,50.0,182.0,166.0,21.0,42.0,8.0,0.0,7.0,23.0,0.0,0.0,10.0,30.0,0.253,0.297,0.428,0.724,90.0,0.324,87.0,71.0,4.0,2.0,0.0,4.0,0.0,2/H,
Mike Macfarlane,32.0,KCR,AL,2.8,112.0,419.0,379.0,58.0,104.0,24.0,2.0,19.0,54.0,3.0,3.0,31.0,57.0,0.274,0.339,0.499,0.838,110.0,0.364,108.0,189.0,4.0,7.0,0.0,2.0,5.0,2H/D,
Mike Matheny,25.0,MIL,AL,-1.2,106.0,341.0,313.0,31.0,64.0,15.0,2.0,8.0,46.0,3.0,2.0,14.0,80.0,0.204,0.243,0.342,0.584,44.0,0.256,28.0,107.0,9.0,3.0,7.0,4.0,0.0,2/HD,
Mike Mordecai,28.0,ATL,NL,-0.2,66.0,122.0,108.0,12.0,26.0,5.0,0.0,2.0,8.0,1.0,0.0,9.0,24.0,0.241,0.297,0.343,0.639,65.0,0.294,56.0,37.0,1.0,0.0,4.0,1.0,1.0,H45/63,
Mike Morgan,36.0,2TM,NL,-0.7,23.0,51.0,40.0,1.0,2.0,0.0,0.0,0.0,0.0,0.0,0.0,0.0,17.0,0.05,0.05,0.05,0.1,-73.0,0.045,-168.0,2.0,0.0,0.0,11.0,0.0,0.0,1,
Mike Morgan,36.0,STL,NL,-0.5,18.0,42.0,33.0,1.0,2.0,0.0,0.0,0.0,0.0,0.0,0.0,0.0,14.0,0.061,0.061,0.061,0.121,-68.0,0.055,-158.0,2.0,0.0,0.0,9.0,0.0,0.0,1,
Mike Morgan,36.0,CIN,NL,-0.2,5.0,9.0,7.0,0.0,0.0,0.0,0.0,0.0,0.0,0.0,0.0,0.0,3.0,0.0,0.0,0.0,0.0,-100.0,0.0,-211.0,0.0,0.0,0.0,2.0,0.0,0.0,/1,
Mike Munoz*,30.0,COL,NL,0.0,54.0,1.0,1.0,0.0,0.0,0.0,0.0,0.0,0.0,0.0,0.0,0.0,1.0,0.0,0.0,0.0,0.0,-100.0,0.0,-158.0,0.0,0.0,0.0,0.0,0.0,0.0,1,
Mike Oquist,28.0,SDP,NL,0.0,8.0,0.0,0.0,0.0,0.0,0.0,0.0,0.0,0.0,0.0,0.0,0.0,0.0,,,,,,,,0.0,0.0,0.0,0.0,0.0,0.0,/1,
Mike Piazza,27.0,LAD,NL,5.4,148.0,631.0,547.0,87.0,184.0,16.0,0.0,36.0,105.0,0.0,3.0,81.0,93.0,0.336,0.422,0.563,0.985,166.0,0.419,164.0,308.0,21.0,1.0,0.0,2.0,21.0,*2/H,"AS,MVP-2,SS"
Mike Pérez,31.0,CHC,NL,0.0,24.0,1.0,1.0,0.0,0.0,0.0,0.0,0.0,0.0,0.0,0.0,0.0,1.0,0.0,0.0,0.0,0.0,-100.0,0.0,-142.0,0.0,0.0,0.0,0.0,0.0,0.0,1,
Mike Remlinger*,30.0,CIN,NL,0.0,19.0,8.0,7.0,0.0,1.0,0.0,0.0,0.0,0.0,0.0,0.0,1.0,3.0,0.143,0.25,0.143,0.393,8.0,0.202,0.0,1.0,0.0,0.0,0.0,0.0,0.0,1,
Mike Robertson*,25.0,CHW,AL,-0.1,6.0,7.0,7.0,0.0,1.0,1.0,0.0,0.0,0.0,0.0,0.0,0.0,1.0,0.143,0.143,0.286,0.429,7.0,0.177,-16.0,2.0,0.0,0.0,0.0,0.0,0.0,/H3D,
Mike Simms,29.0,HOU,NL,-0.3,49.0,73.0,68.0,6.0,12.0,2.0,1.0,1.0,8.0,1.0,0.0,4.0,16.0,0.176,0.233,0.279,0.512,40.0,0.248,38.0,19.0,1.0,1.0,0.0,0.0,0.0,H/739,
Mike Stanley,33.0,BOS,AL,2.5,121.0,473.0,397.0,73.0,107.0,20.0,1.0,24.0,69.0,2.0,0.0,69.0,62.0,0.27,0.383,0.506,0.889,122.0,0.403,130.0,201.0,8.0,5.0,0.0,2.0,3.0,2HD,
Mike Stanton*,29.0,TEX,AL,0.0,1.0,0.0,0.0,0.0,0.0,0.0,0.0,0.0,0.0,0.0,0.0,0.0,0.0,,,,,,,,0.0,0.0,0.0,0.0,0.0,0.0,1,
Mike Sweeney,22.0,KCR,AL,0.5,50.0,190.0,165.0,23.0,46.0,10.0,0.0,4.0,24.0,1.0,2.0,18.0,21.0,0.279,0.358,0.412,0.77,96.0,0.349,99.0,68.0,7.0,4.0,0.0,3.0,0.0,2D/H,
Mike Williams,27.0,PHI,NL,-0.1,33.0,59.0,51.0,4.0,8.0,0.0,0.0,0.0,1.0,1.0,0.0,2.0,11.0,0.157,0.189,0.157,0.346,-7.0,0.168,-41.0,8.0,0.0,0.0,6.0,0.0,0.0,1/H,
Milt Cuyler#,27.0,BOS,AL,-0.1,50.0,134.0,110.0,19.0,22.0,1.0,2.0,2.0,12.0,7.0,3.0,13.0,19.0,0.2,0.299,0.3,0.599,52.0,0.293,54.0,33.0,1.0,3.0,7.0,1.0,0.0,89H/D,
Milt Thompson*,37.0,2TM,NL,-1.1,62.0,73.0,66.0,3.0,7.0,2.0,0.0,0.0,3.0,1.0,1.0,7.0,13.0,0.106,0.192,0.136,0.328,-11.0,0.186,-7.0,9.0,1.0,0.0,0.0,0.0,0.0,H7,
Milt Thompson*,37.0,LAD,NL,-0.6,48.0,57.0,51.0,2.0,6.0,1.0,0.0,0.0,1.0,1.0,1.0,6.0,10.0,0.118,0.211,0.137,0.348,-3.0,0.204,12.0,7.0,1.0,0.0,0.0,0.0,0.0,H7,
Milt Thompson*,37.0,COL,NL,-0.5,14.0,16.0,15.0,1.0,1.0,1.0,0.0,0.0,2.0,0.0,0.0,1.0,3.0,0.067,0.125,0.133,0.258,-37.0,0.124,-74.0,2.0,0.0,0.0,0.0,0.0,0.0,H/7,
MLB Average,,,,,,,,,,,,,,,,,,0.27,0.34,0.427,0.767,100.0,0.347,100.0,,,,,,,,
Mo Vaughn*,28.0,BOS,AL,5.6,161.0,752.0,635.0,118.0,207.0,29.0,1.0,44.0,143.0,2.0,0.0,95.0,154.0,0.326,0.42,0.583,1.003,150.0,0.422,144.0,370.0,17.0,14.0,0.0,8.0,19.0,*3D,"AS,MVP-5"
Moisés Alou,29.0,MON,NL,1.2,143.0,598.0,540.0,87.0,152.0,28.0,2.0,21.0,96.0,9.0,4.0,49.0,83.0,0.281,0.339,0.457,0.797,107.0,0.357,106.0,247.0,15.0,2.0,0.0,7.0,7.0,*97/8H,MVP-24
Neifi Pérez#,23.0,COL,NL,-0.6,17.0,46.0,45.0,4.0,7.0,2.0,0.0,0.0,3.0,2.0,2.0,0.0,8.0,0.156,0.156,0.2,0.356,-14.0,0.185,-25.0,9.0,2.0,0.0,1.0,0.0,0.0,6/4H,
Nelson Liriano#,32.0,PIT,NL,-1.0,112.0,234.0,217.0,23.0,58.0,14.0,2.0,3.0,30.0,2.0,0.0,14.0,22.0,0.267,0.308,0.392,0.699,81.0,0.31,71.0,85.0,1.0,0.0,0.0,3.0,2.0,H4/56,
Nigel Wilson*,26.0,CLE,AL,0.1,10.0,13.0,12.0,2.0,3.0,0.0,0.0,2.0,5.0,0.0,0.0,1.0,6.0,0.25,0.308,0.75,1.058,157.0,0.42,145.0,9.0,0.0,0.0,0.0,0.0,0.0,/HD7,
Nomar Garciaparra,22.0,BOS,AL,0.2,24.0,93.0,87.0,11.0,21.0,2.0,3.0,4.0,16.0,5.0,0.0,4.0,14.0,0.241,0.272,0.471,0.743,83.0,0.333,74.0,41.0,0.0,0.0,1.0,1.0,0.0,6/H4D,
Norberto Martín,29.0,CHW,AL,0.8,70.0,151.0,140.0,30.0,49.0,7.0,0.0,1.0,14.0,10.0,2.0,6.0,17.0,0.35,0.374,0.421,0.796,106.0,0.369,109.0,59.0,4.0,0.0,4.0,1.0,0.0,H6D4/5,
Norm Charlton#,33.0,SEA,AL,0.0,1.0,0.0,0.0,0.0,0.0,0.0,0.0,0.0,0.0,0.0,0.0,0.0,0.0,,,,,,,,0.0,0.0,0.0,0.0,0.0,0.0,1,
Omar Daal*,24.0,MON,NL,-0.2,64.0,11.0,11.0,0.0,0.0,0.0,0.0,0.0,0.0,0.0,0.0,0.0,5.0,0.0,0.0,0.0,0.0,-100.0,0.0,-145.0,0.0,1.0,0.0,0.0,0.0,0.0,1,
Omar Olivares,28.0,DET,AL,0.0,1.0,0.0,0.0,0.0,0.0,0.0,0.0,0.0,0.0,0.0,0.0,0.0,0.0,,,,,,,,0.0,0.0,0.0,0.0,0.0,0.0,1,
Omar Vizquel#,29.0,CLE,AL,3.3,151.0,623.0,542.0,98.0,161.0,36.0,1.0,9.0,64.0,35.0,9.0,56.0,42.0,0.297,0.362,0.417,0.779,98.0,0.359,100.0,226.0,10.0,4.0,12.0,9.0,0.0,*6/H,GG
Oreste Marrero*,26.0,LAD,NL,0.1,10.0,9.0,8.0,2.0,3.0,1.0,0.0,0.0,1.0,0.0,0.0,1.0,3.0,0.375,0.444,0.5,0.944,157.0,0.42,160.0,4.0,0.0,0.0,0.0,0.0,0.0,H/3,
Orlando Merced#,29.0,PIT,NL,2.5,120.0,507.0,453.0,69.0,130.0,24.0,1.0,17.0,80.0,8.0,4.0,51.0,74.0,0.287,0.357,0.457,0.814,111.0,0.361,108.0,207.0,9.0,0.0,0.0,3.0,5.0,*9/H3,
Orlando Miller,27.0,HOU,NL,0.5,139.0,496.0,468.0,43.0,120.0,26.0,2.0,15.0,58.0,3.0,7.0,14.0,116.0,0.256,0.291,0.417,0.708,91.0,0.309,88.0,195.0,14.0,10.0,1.0,3.0,4.0,*65/H,
Orlando Palmeiro*,27.0,CAL,AL,0.6,50.0,98.0,87.0,6.0,25.0,6.0,1.0,0.0,6.0,0.0,1.0,8.0,13.0,0.287,0.361,0.379,0.74,90.0,0.347,99.0,33.0,1.0,2.0,1.0,0.0,1.0,H8/97D,
Osvaldo Fernández,29.0,SFG,NL,-0.7,33.0,62.0,57.0,0.0,5.0,0.0,0.0,0.0,1.0,0.0,0.0,0.0,25.0,0.088,0.088,0.088,0.175,-52.0,0.079,-97.0,5.0,0.0,0.0,5.0,0.0,0.0,1/H,
Otis Nixon#,37.0,TOR,AL,1.2,125.0,575.0,496.0,87.0,142.0,15.0,1.0,1.0,29.0,54.0,13.0,71.0,68.0,0.286,0.377,0.327,0.703,82.0,0.348,89.0,162.0,9.0,1.0,7.0,0.0,1.0,*8,
Ozzie Guillén*,32.0,CHW,AL,-0.8,150.0,528.0,499.0,62.0,131.0,24.0,8.0,4.0,45.0,6.0,5.0,10.0,27.0,0.263,0.273,0.367,0.64,64.0,0.291,62.0,183.0,10.0,0.0,12.0,7.0,0.0,*6/H7,
Ozzie Smith#,41.0,STL,NL,1.6,82.0,261.0,227.0,36.0,64.0,10.0,2.0,2.0,18.0,7.0,5.0,25.0,9.0,0.282,0.358,0.37,0.728,94.0,0.35,107.0,84.0,5.0,2.0,7.0,0.0,0.0,6H,AS
Ozzie Timmons,25.0,CHC,NL,-0.1,65.0,157.0,140.0,18.0,28.0,4.0,0.0,7.0,16.0,1.0,0.0,15.0,30.0,0.2,0.282,0.379,0.661,71.0,0.314,75.0,53.0,1.0,1.0,1.0,0.0,0.0,H79,
Pablo Martínez#,27.0,ATL,NL,0.0,4.0,3.0,2.0,1.0,1.0,0.0,0.0,0.0,0.0,0.0,1.0,0.0,0.0,0.5,0.5,0.5,1.0,161.0,0.192,204.0,1.0,0.0,0.0,1.0,0.0,0.0,/H6,
Pat Borders,33.0,3TM,2LG,0.1,76.0,234.0,220.0,15.0,61.0,7.0,0.0,5.0,18.0,0.0,2.0,9.0,43.0,0.277,0.306,0.377,0.683,77.0,0.31,76.0,83.0,4.0,0.0,5.0,0.0,0.0,2/H3D,
Pat Borders,33.0,2TM,AL,-0.2,50.0,163.0,151.0,12.0,39.0,4.0,0.0,5.0,14.0,0.0,1.0,8.0,29.0,0.258,0.296,0.384,0.68,74.0,0.308,73.0,58.0,3.0,0.0,4.0,0.0,0.0,2/DH,
Pat Borders,33.0,STL,NL,0.3,26.0,71.0,69.0,3.0,22.0,3.0,0.0,0.0,4.0,0.0,1.0,1.0,14.0,0.319,0.329,0.362,0.691,84.0,0.315,85.0,25.0,1.0,0.0,1.0,0.0,0.0,2/H3,
Pat Borders,33.0,CAL,AL,-0.2,19.0,61.0,57.0,6.0,13.0,3.0,0.0,2.0,8.0,0.0,1.0,3.0,11.0,0.228,0.267,0.386,0.653,64.0,0.305,73.0,22.0,1.0,0.0,1.0,0.0,0.0,2/H,
Pat Borders,33.0,CHW,AL,0.0,31.0,102.0,94.0,6.0,26.0,1.0,0.0,3.0,6.0,0.0,0.0,5.0,18.0,0.277,0.313,0.383,0.696,79.0,0.309,72.0,36.0,2.0,0.0,3.0,0.0,0.0,2/D,
Pat Kelly,28.0,NYY,AL,-0.3,13.0,23.0,21.0,4.0,3.0,0.0,0.0,0.0,2.0,0.0,1.0,2.0,9.0,0.143,0.217,0.143,0.36,-6.0,0.159,-19.0,3.0,1.0,0.0,0.0,0.0,0.0,4/HD,
Pat Lennon,28.0,KCR,AL,0.1,14.0,37.0,30.0,5.0,7.0,3.0,0.0,0.0,1.0,0.0,0.0,7.0,10.0,0.233,0.378,0.333,0.712,84.0,0.337,88.0,10.0,0.0,0.0,0.0,0.0,0.0,7/HD,
Pat Listach#,28.0,MIL,AL,-0.6,87.0,362.0,317.0,51.0,76.0,16.0,2.0,1.0,33.0,25.0,5.0,36.0,51.0,0.24,0.317,0.312,0.63,59.0,0.315,63.0,99.0,2.0,1.0,6.0,2.0,0.0,84/H67D,
Pat Meares,27.0,MIN,AL,0.5,152.0,554.0,517.0,66.0,138.0,26.0,7.0,8.0,67.0,9.0,4.0,17.0,90.0,0.267,0.298,0.391,0.689,72.0,0.305,64.0,202.0,19.0,9.0,4.0,7.0,1.0,*6/H8,
Pat Rapp,28.0,FLA,NL,-0.3,30.0,58.0,58.0,2.0,7.0,1.0,0.0,0.0,2.0,0.0,0.0,0.0,21.0,0.121,0.121,0.138,0.259,-31.0,0.131,-47.0,8.0,1.0,0.0,0.0,0.0,0.0,1,
Paul Byrd,25.0,NYM,NL,0.0,38.0,2.0,2.0,0.0,0.0,0.0,0.0,0.0,0.0,0.0,0.0,0.0,0.0,0.0,0.0,0.0,0.0,-100.0,0.0,-133.0,0.0,0.0,0.0,0.0,0.0,0.0,1,
Paul Molitor,39.0,MIN,AL,3.7,161.0,729.0,660.0,99.0,225.0,41.0,8.0,9.0,113.0,18.0,6.0,56.0,72.0,0.341,0.39,0.468,0.858,116.0,0.39,121.0,309.0,21.0,3.0,0.0,9.0,10.0,*D3/H,"MVP-13,SS"
Paul O'Neill*,33.0,NYY,AL,3.9,150.0,660.0,546.0,89.0,165.0,35.0,1.0,19.0,91.0,0.0,1.0,102.0,76.0,0.302,0.411,0.474,0.885,123.0,0.397,128.0,259.0,21.0,4.0,0.0,8.0,8.0,*9/DH3,
Paul Sorrento*,30.0,SEA,AL,1.1,143.0,542.0,471.0,67.0,136.0,32.0,1.0,23.0,93.0,0.0,2.0,57.0,103.0,0.289,0.37,0.507,0.878,121.0,0.376,116.0,239.0,10.0,7.0,2.0,5.0,10.0,*3H,
Paul Wagner,28.0,PIT,NL,-0.3,17.0,30.0,25.0,1.0,1.0,0.0,0.0,0.0,2.0,0.0,1.0,2.0,8.0,0.04,0.111,0.04,0.151,-58.0,0.067,-105.0,1.0,0.0,0.0,3.0,0.0,0.0,1/H,
Paul Wilson,23.0,NYM,NL,-0.2,26.0,56.0,50.0,3.0,4.0,0.0,0.0,1.0,4.0,0.0,0.0,1.0,32.0,0.08,0.115,0.14,0.255,-31.0,0.137,-52.0,7.0,0.0,1.0,4.0,0.0,0.0,1,
Pedro Astacio,27.0,LAD,NL,-0.6,35.0,77.0,68.0,1.0,6.0,0.0,0.0,0.0,3.0,0.0,0.0,1.0,28.0,0.088,0.101,0.088,0.19,-48.0,0.089,-93.0,6.0,0.0,0.0,8.0,0.0,0.0,1,
Pedro Borbón,28.0,ATL,NL,0.1,43.0,1.0,1.0,0.0,1.0,0.0,0.0,0.0,0.0,0.0,0.0,0.0,0.0,1.0,1.0,1.0,2.0,421.0,0.901,483.0,1.0,0.0,0.0,0.0,0.0,0.0,1,
Pedro Castellano,26.0,COL,NL,-0.3,13.0,21.0,17.0,1.0,2.0,0.0,0.0,0.0,2.0,0.0,0.0,3.0,6.0,0.118,0.286,0.118,0.403,3.0,0.199,-27.0,2.0,0.0,1.0,0.0,0.0,1.0,/H457,
Pedro Martínez,24.0,MON,NL,-0.2,33.0,85.0,64.0,5.0,6.0,1.0,0.0,0.0,4.0,0.0,0.0,4.0,29.0,0.094,0.159,0.109,0.269,-28.0,0.149,-72.0,7.0,0.0,1.0,16.0,0.0,0.0,1,AS
Pedro Martínez,27.0,2TM,NL,0.0,9.0,0.0,0.0,0.0,0.0,0.0,0.0,0.0,0.0,0.0,0.0,0.0,0.0,,,,,,,,0.0,0.0,0.0,0.0,0.0,0.0,/1,
Pedro Martínez,27.0,NYM,NL,0.0,5.0,0.0,0.0,0.0,0.0,0.0,0.0,0.0,0.0,0.0,0.0,0.0,0.0,,,,,,,,0.0,0.0,0.0,0.0,0.0,0.0,/1,
Pedro Martínez,27.0,CIN,NL,0.0,4.0,0.0,0.0,0.0,0.0,0.0,0.0,0.0,0.0,0.0,0.0,0.0,0.0,,,,,,,,0.0,0.0,0.0,0.0,0.0,0.0,/1,
Pedro Muñoz,27.0,OAK,AL,-0.8,34.0,130.0,121.0,17.0,31.0,5.0,0.0,6.0,18.0,0.0,0.0,9.0,31.0,0.256,0.308,0.446,0.754,87.0,0.33,81.0,54.0,2.0,0.0,0.0,0.0,1.0,D9/H,
Pedro Valdés*,23.0,CHC,NL,-0.1,9.0,9.0,8.0,2.0,1.0,1.0,0.0,0.0,1.0,0.0,0.0,1.0,5.0,0.125,0.222,0.25,0.472,24.0,0.22,10.0,2.0,0.0,0.0,0.0,0.0,0.0,/H9,
Pete Harnisch#,29.0,NYM,NL,-0.4,32.0,68.0,55.0,3.0,5.0,1.0,0.0,0.0,1.0,0.0,0.0,2.0,18.0,0.091,0.121,0.109,0.23,-37.0,0.109,-89.0,6.0,0.0,0.0,10.0,1.0,0.0,1/H,
Pete Incaviglia,32.0,2TM,2LG,0.8,111.0,337.0,302.0,37.0,73.0,9.0,2.0,18.0,50.0,2.0,0.0,30.0,89.0,0.242,0.318,0.464,0.781,103.0,0.353,105.0,140.0,6.0,4.0,0.0,1.0,2.0,7H/D9,
Pete Incaviglia,32.0,PHI,NL,0.5,99.0,302.0,269.0,33.0,63.0,7.0,2.0,16.0,42.0,2.0,0.0,30.0,82.0,0.234,0.318,0.454,0.771,102.0,0.35,103.0,122.0,6.0,3.0,0.0,0.0,2.0,7H/9,
Pete Incaviglia,32.0,BAL,AL,0.3,12.0,35.0,33.0,4.0,10.0,2.0,0.0,2.0,8.0,0.0,0.0,0.0,7.0,0.303,0.314,0.545,0.86,112.0,0.384,119.0,18.0,0.0,1.0,0.0,1.0,0.0,/7DH,
Pete Schourek*,27.0,CIN,NL,0.1,13.0,25.0,19.0,1.0,5.0,0.0,0.0,0.0,2.0,0.0,0.0,1.0,5.0,0.263,0.3,0.263,0.563,51.0,0.261,27.0,5.0,0.0,0.0,5.0,0.0,0.0,1/H,
Pete Walker,27.0,SDP,NL,0.0,1.0,0.0,0.0,0.0,0.0,0.0,0.0,0.0,0.0,0.0,0.0,0.0,0.0,,,,,,,,0.0,0.0,0.0,0.0,0.0,0.0,/1,
Phil Clark,28.0,BOS,AL,-0.1,3.0,3.0,3.0,0.0,0.0,0.0,0.0,0.0,0.0,0.0,0.0,0.0,1.0,0.0,0.0,0.0,0.0,-100.0,0.0,-143.0,0.0,1.0,0.0,0.0,0.0,0.0,/H35D,
Phil Hiatt,27.0,DET,AL,0.0,7.0,23.0,21.0,3.0,4.0,0.0,1.0,0.0,1.0,0.0,0.0,2.0,11.0,0.19,0.261,0.286,0.547,39.0,0.249,27.0,6.0,1.0,0.0,0.0,0.0,0.0,/5H79D,
Phil Nevin,25.0,DET,AL,0.8,38.0,130.0,120.0,15.0,35.0,5.0,0.0,8.0,19.0,1.0,0.0,8.0,39.0,0.292,0.338,0.533,0.872,116.0,0.386,119.0,64.0,1.0,1.0,0.0,1.0,0.0,5/72HD,
Phil Plantier*,27.0,OAK,AL,-1.1,73.0,263.0,231.0,29.0,49.0,8.0,1.0,7.0,31.0,2.0,2.0,28.0,56.0,0.212,0.304,0.346,0.651,64.0,0.293,57.0,80.0,5.0,3.0,0.0,1.0,0.0,7/H98D,
Quilvio Veras#,25.0,FLA,NL,1.0,73.0,308.0,253.0,40.0,64.0,8.0,1.0,4.0,14.0,8.0,8.0,51.0,42.0,0.253,0.381,0.34,0.721,95.0,0.338,104.0,86.0,3.0,2.0,1.0,1.0,1.0,4/H,
Quinton McCracken#,25.0,COL,NL,0.3,124.0,329.0,283.0,50.0,82.0,13.0,6.0,3.0,40.0,17.0,6.0,32.0,62.0,0.29,0.363,0.41,0.773,87.0,0.356,86.0,116.0,5.0,1.0,12.0,1.0,4.0,8H/79,
Rafael Belliard,34.0,ATL,NL,-0.9,87.0,148.0,142.0,9.0,24.0,7.0,0.0,0.0,3.0,3.0,1.0,2.0,22.0,0.169,0.179,0.218,0.398,2.0,0.191,-17.0,31.0,6.0,0.0,3.0,1.0,0.0,6H4,
Rafael Bournigal,30.0,OAK,AL,0.4,88.0,277.0,252.0,33.0,61.0,14.0,2.0,0.0,18.0,4.0,3.0,16.0,19.0,0.242,0.29,0.313,0.603,53.0,0.296,58.0,79.0,6.0,1.0,8.0,0.0,0.0,46H,
Rafael Palmeiro*,31.0,BAL,AL,4.5,162.0,732.0,626.0,110.0,181.0,40.0,2.0,39.0,142.0,8.0,0.0,95.0,96.0,0.289,0.381,0.546,0.927,132.0,0.398,127.0,342.0,9.0,3.0,0.0,8.0,12.0,*3/D,MVP-6
Rafael Quirico*,26.0,PHI,NL,0.0,1.0,0.0,0.0,0.0,0.0,0.0,0.0,0.0,0.0,0.0,0.0,0.0,0.0,,,,,,,,0.0,0.0,0.0,0.0,0.0,0.0,/1,
Ralph Milliard,22.0,FLA,NL,-0.2,24.0,77.0,62.0,7.0,10.0,2.0,0.0,0.0,1.0,2.0,0.0,14.0,16.0,0.161,0.312,0.194,0.505,40.0,0.257,36.0,12.0,1.0,0.0,0.0,1.0,1.0,4/H,
Ramón Martínez*,28.0,LAD,NL,-0.2,30.0,69.0,59.0,3.0,7.0,0.0,0.0,0.0,2.0,0.0,0.0,2.0,22.0,0.119,0.148,0.119,0.266,-26.0,0.157,-41.0,7.0,0.0,0.0,8.0,0.0,0.0,1/H,
Ramón Morel,21.0,PIT,NL,-0.1,29.0,5.0,4.0,0.0,0.0,0.0,0.0,0.0,0.0,0.0,0.0,0.0,2.0,0.0,0.0,0.0,0.0,-100.0,0.0,-209.0,0.0,0.0,0.0,1.0,0.0,0.0,1,
Randy Knorr,27.0,HOU,NL,0.0,37.0,94.0,87.0,7.0,17.0,5.0,0.0,1.0,7.0,0.0,1.0,5.0,18.0,0.195,0.245,0.287,0.532,45.0,0.224,26.0,25.0,1.0,1.0,0.0,1.0,2.0,2/H,
Randy Myers*,33.0,BAL,AL,0.0,1.0,0.0,0.0,0.0,0.0,0.0,0.0,0.0,0.0,0.0,0.0,0.0,0.0,,,,,,,,0.0,0.0,0.0,0.0,0.0,0.0,1,
Randy Velarde,33.0,CAL,AL,2.1,136.0,611.0,530.0,82.0,151.0,27.0,3.0,14.0,54.0,7.0,7.0,70.0,118.0,0.285,0.372,0.426,0.799,104.0,0.359,106.0,226.0,7.0,5.0,4.0,2.0,0.0,*45/6H,
Ray Durham#,24.0,CHW,AL,3.1,156.0,639.0,557.0,79.0,153.0,33.0,5.0,10.0,65.0,30.0,4.0,58.0,95.0,0.275,0.35,0.406,0.755,95.0,0.351,97.0,226.0,6.0,10.0,7.0,7.0,4.0,*4/HD,
Ray Lankford*,29.0,STL,NL,5.0,149.0,635.0,545.0,100.0,150.0,36.0,8.0,21.0,86.0,35.0,7.0,79.0,133.0,0.275,0.366,0.486,0.852,124.0,0.379,120.0,265.0,12.0,3.0,1.0,7.0,10.0,*8/H,
Ray Montgomery,26.0,HOU,NL,0.0,12.0,15.0,14.0,4.0,3.0,1.0,0.0,1.0,4.0,0.0,0.0,1.0,5.0,0.214,0.267,0.5,0.767,104.0,0.326,96.0,7.0,0.0,0.0,0.0,0.0,0.0,/H798,
Raúl Casanova#,23.0,DET,AL,-0.8,25.0,91.0,85.0,6.0,16.0,1.0,0.0,4.0,9.0,0.0,0.0,6.0,18.0,0.188,0.242,0.341,0.583,46.0,0.256,32.0,29.0,6.0,0.0,0.0,0.0,0.0,2/DH,
Raúl Chávez,23.0,MON,NL,0.0,4.0,6.0,5.0,1.0,1.0,0.0,0.0,0.0,0.0,1.0,0.0,1.0,1.0,0.2,0.333,0.2,0.533,44.0,0.31,45.0,1.0,1.0,0.0,0.0,0.0,0.0,/2H,
Raúl Ibañez*,24.0,SEA,AL,-0.1,4.0,6.0,5.0,0.0,0.0,0.0,0.0,0.0,0.0,0.0,0.0,0.0,1.0,0.0,0.167,0.0,0.167,-52.0,0.127,-54.0,0.0,0.0,1.0,0.0,0.0,0.0,/HD,
Raúl Mondesi,25.0,LAD,NL,4.7,157.0,673.0,634.0,98.0,188.0,40.0,7.0,24.0,88.0,14.0,7.0,32.0,122.0,0.297,0.334,0.495,0.83,123.0,0.371,127.0,314.0,6.0,5.0,0.0,2.0,9.0,*9,
Reggie Jefferson#,27.0,BOS,AL,1.9,122.0,418.0,386.0,67.0,134.0,30.0,4.0,19.0,74.0,0.0,0.0,25.0,89.0,0.347,0.388,0.593,0.981,143.0,0.416,140.0,229.0,11.0,3.0,0.0,4.0,5.0,D7H3,
Reggie Sanders,28.0,CIN,NL,2.7,81.0,334.0,287.0,49.0,72.0,17.0,1.0,14.0,33.0,24.0,8.0,44.0,86.0,0.251,0.353,0.463,0.817,114.0,0.369,114.0,133.0,8.0,2.0,0.0,1.0,4.0,9/H,
Rene Gonzales,35.0,TEX,AL,-0.2,51.0,104.0,92.0,19.0,20.0,4.0,0.0,2.0,5.0,0.0,0.0,10.0,11.0,0.217,0.288,0.326,0.615,53.0,0.295,54.0,30.0,3.0,0.0,0.0,2.0,0.0,356/H47,
Rex Hudler,35.0,CAL,AL,2.6,92.0,317.0,302.0,60.0,94.0,20.0,3.0,16.0,40.0,14.0,5.0,9.0,54.0,0.311,0.337,0.556,0.893,123.0,0.39,124.0,168.0,7.0,3.0,2.0,1.0,0.0,4H8/7D3,
Rey Ordóñez,25.0,NYM,NL,0.9,151.0,530.0,502.0,51.0,129.0,12.0,4.0,1.0,30.0,1.0,3.0,22.0,53.0,0.257,0.289,0.303,0.592,60.0,0.271,54.0,152.0,12.0,1.0,4.0,1.0,12.0,*6/H,ROY-5
Rey Sánchez,28.0,CHC,NL,0.4,95.0,324.0,289.0,28.0,61.0,9.0,0.0,1.0,12.0,7.0,1.0,22.0,42.0,0.211,0.272,0.253,0.525,39.0,0.263,35.0,73.0,6.0,3.0,8.0,2.0,6.0,6/H,
Rhéal Cormier*,29.0,MON,NL,0.2,33.0,56.0,43.0,2.0,8.0,0.0,1.0,0.0,4.0,0.0,0.0,2.0,12.0,0.186,0.222,0.233,0.455,20.0,0.248,13.0,10.0,0.0,0.0,11.0,0.0,0.0,1,
Ricardo Jordan*,26.0,PHI,NL,0.0,26.0,1.0,1.0,0.0,0.0,0.0,0.0,0.0,0.0,0.0,0.0,0.0,0.0,0.0,0.0,0.0,0.0,-100.0,0.0,-142.0,0.0,0.0,0.0,0.0,0.0,0.0,1,
Rich Amaral,34.0,SEA,AL,1.7,118.0,369.0,312.0,69.0,91.0,11.0,3.0,1.0,29.0,25.0,6.0,47.0,55.0,0.292,0.392,0.356,0.748,93.0,0.368,105.0,111.0,6.0,5.0,4.0,1.0,0.0,78H43/D95,
Rich Aude,24.0,PIT,NL,-0.2,7.0,16.0,16.0,0.0,4.0,0.0,0.0,0.0,1.0,0.0,0.0,0.0,8.0,0.25,0.25,0.25,0.5,31.0,0.225,13.0,4.0,0.0,0.0,0.0,0.0,0.0,/3H,
Rich Aurilia,24.0,SFG,NL,0.2,105.0,352.0,318.0,27.0,76.0,7.0,1.0,3.0,26.0,4.0,1.0,25.0,52.0,0.239,0.295,0.296,0.59,60.0,0.272,52.0,94.0,1.0,1.0,6.0,2.0,2.0,64/H,
Rich Batchelor,29.0,STL,NL,0.0,11.0,1.0,1.0,0.0,0.0,0.0,0.0,0.0,0.0,0.0,0.0,0.0,1.0,0.0,0.0,0.0,0.0,-100.0,0.0,-142.0,0.0,0.0,0.0,0.0,0.0,0.0,1,
Rich Becker*,24.0,MIN,AL,4.3,148.0,606.0,525.0,92.0,153.0,31.0,4.0,12.0,71.0,19.0,5.0,68.0,118.0,0.291,0.372,0.434,0.807,103.0,0.37,107.0,228.0,14.0,2.0,5.0,4.0,1.0,*87H9,
Rich DeLucia,31.0,SFG,NL,0.1,56.0,5.0,4.0,1.0,1.0,0.0,0.0,0.0,0.0,0.0,0.0,1.0,0.0,0.25,0.4,0.25,0.65,81.0,0.323,90.0,1.0,0.0,0.0,0.0,0.0,0.0,1,
Rich Hunter,21.0,PHI,NL,0.0,15.0,23.0,18.0,2.0,3.0,1.0,0.0,0.0,0.0,0.0,0.0,1.0,5.0,0.167,0.211,0.222,0.433,15.0,0.199,-23.0,4.0,0.0,0.0,4.0,0.0,0.0,1/H,
Rich Loiselle,24.0,PIT,NL,0.0,5.0,8.0,8.0,0.0,2.0,1.0,0.0,0.0,2.0,0.0,0.0,0.0,3.0,0.25,0.25,0.375,0.625,61.0,0.27,45.0,3.0,1.0,0.0,0.0,0.0,0.0,/1,
Richie Lewis,30.0,DET,AL,0.0,1.0,1.0,1.0,0.0,0.0,0.0,0.0,0.0,0.0,0.0,0.0,0.0,0.0,0.0,0.0,0.0,0.0,-100.0,0.0,-146.0,0.0,0.0,0.0,0.0,0.0,0.0,1,
Rick Helling,25.0,FLA,NL,0.0,5.0,9.0,9.0,1.0,1.0,0.0,0.0,0.0,0.0,0.0,0.0,0.0,3.0,0.111,0.111,0.111,0.222,-40.0,0.202,3.0,1.0,0.0,0.0,0.0,0.0,0.0,/1,
Rick Honeycutt*,42.0,STL,NL,0.1,61.0,3.0,1.0,0.0,0.0,0.0,0.0,0.0,1.0,0.0,0.0,2.0,1.0,0.0,0.667,0.0,0.667,97.0,0.477,192.0,0.0,0.0,0.0,0.0,0.0,0.0,1,
Rick Parker,33.0,LAD,NL,0.0,16.0,15.0,14.0,2.0,4.0,1.0,0.0,0.0,1.0,1.0,0.0,0.0,2.0,0.286,0.333,0.357,0.69,89.0,0.33,86.0,5.0,1.0,1.0,0.0,0.0,0.0,H/87,
Rick Schu,34.0,MON,NL,-0.1,1.0,4.0,4.0,0.0,0.0,0.0,0.0,0.0,0.0,0.0,0.0,0.0,0.0,0.0,0.0,0.0,0.0,-100.0,0.0,-147.0,0.0,0.0,0.0,0.0,0.0,0.0,/5,
Rick Wilkins*,29.0,2TM,NL,1.2,136.0,489.0,411.0,53.0,100.0,18.0,2.0,14.0,59.0,0.0,3.0,67.0,121.0,0.243,0.344,0.399,0.743,102.0,0.324,95.0,164.0,5.0,1.0,0.0,10.0,13.0,*2H/3,
Rick Wilkins*,29.0,HOU,NL,-0.2,84.0,306.0,254.0,34.0,54.0,8.0,2.0,6.0,23.0,0.0,1.0,46.0,81.0,0.213,0.33,0.331,0.661,82.0,0.289,70.0,84.0,1.0,1.0,0.0,5.0,10.0,2/H,
Rick Wilkins*,29.0,SFG,NL,1.4,52.0,183.0,157.0,19.0,46.0,10.0,0.0,8.0,36.0,0.0,2.0,21.0,40.0,0.293,0.366,0.51,0.876,134.0,0.381,135.0,80.0,4.0,0.0,0.0,5.0,3.0,2/H3,
Rickey Henderson,37.0,SDP,NL,1.9,148.0,602.0,465.0,110.0,112.0,17.0,2.0,9.0,29.0,37.0,15.0,125.0,90.0,0.241,0.41,0.344,0.754,108.0,0.371,123.0,160.0,5.0,10.0,0.0,2.0,2.0,*7H98,
Ricky Bones,27.0,MIL,AL,0.0,1.0,0.0,0.0,0.0,0.0,0.0,0.0,0.0,0.0,0.0,0.0,0.0,0.0,,,,,,,,0.0,0.0,0.0,0.0,0.0,0.0,1/H,
Ricky Bottalico*,26.0,PHI,NL,0.1,61.0,3.0,3.0,0.0,1.0,1.0,0.0,0.0,0.0,0.0,0.0,0.0,2.0,0.333,0.333,0.667,1.0,157.0,0.42,153.0,2.0,0.0,0.0,0.0,0.0,0.0,1,AS
Ricky Gutiérrez,26.0,HOU,NL,-0.1,89.0,249.0,218.0,28.0,62.0,8.0,1.0,1.0,15.0,6.0,1.0,23.0,42.0,0.284,0.359,0.344,0.703,94.0,0.338,101.0,75.0,4.0,3.0,4.0,1.0,3.0,6/H54,
Ricky Jordan,31.0,SEA,AL,0.0,15.0,31.0,28.0,4.0,7.0,0.0,0.0,1.0,4.0,0.0,0.0,1.0,6.0,0.25,0.29,0.357,0.647,64.0,0.315,73.0,10.0,0.0,1.0,0.0,1.0,0.0,/3HD,
Ricky Otero#,24.0,PHI,NL,-0.3,104.0,449.0,411.0,54.0,112.0,11.0,7.0,2.0,32.0,16.0,10.0,34.0,30.0,0.273,0.33,0.348,0.678,80.0,0.31,79.0,143.0,3.0,2.0,0.0,2.0,0.0,8/H,
Ricky Trlicek,27.0,NYM,NL,0.0,5.0,0.0,0.0,0.0,0.0,0.0,0.0,0.0,0.0,0.0,0.0,0.0,0.0,,,,,,,,0.0,0.0,0.0,0.0,0.0,0.0,/1,
Rico Brogna*,26.0,NYM,NL,-0.1,55.0,211.0,188.0,18.0,48.0,10.0,1.0,7.0,30.0,0.0,0.0,19.0,50.0,0.255,0.318,0.431,0.748,100.0,0.334,97.0,81.0,4.0,0.0,0.0,4.0,1.0,3/H,
Rikkert Faneyte,27.0,TEX,AL,-0.1,8.0,7.0,5.0,0.0,1.0,0.0,0.0,0.0,1.0,0.0,0.0,0.0,0.0,0.2,0.2,0.2,0.4,0.0,0.181,-74.0,1.0,0.0,0.0,2.0,0.0,0.0,/8H7D,
Rob Deer,35.0,SDP,NL,0.5,25.0,64.0,50.0,9.0,9.0,3.0,0.0,4.0,9.0,0.0,0.0,14.0,30.0,0.18,0.359,0.48,0.839,125.0,0.37,124.0,24.0,1.0,0.0,0.0,0.0,0.0,9H/7,
Rob Lukachyk*,27.0,MON,NL,-0.1,2.0,2.0,2.0,0.0,0.0,0.0,0.0,0.0,0.0,0.0,0.0,0.0,1.0,0.0,0.0,0.0,0.0,-100.0,0.0,-142.0,0.0,0.0,0.0,0.0,0.0,0.0,/H,
Robb Nen,26.0,FLA,NL,0.0,75.0,2.0,2.0,0.0,0.0,0.0,0.0,0.0,0.0,0.0,0.0,0.0,0.0,0.0,0.0,0.0,0.0,-100.0,0.0,-138.0,0.0,0.0,0.0,0.0,0.0,0.0,1,
Robbie Beckett,23.0,COL,NL,0.0,5.0,0.0,0.0,0.0,0.0,0.0,0.0,0.0,0.0,0.0,0.0,0.0,0.0,,,,,,,,0.0,0.0,0.0,0.0,0.0,0.0,/1,
Robby Thompson,34.0,SFG,NL,0.6,63.0,259.0,227.0,35.0,48.0,11.0,1.0,5.0,21.0,2.0,2.0,24.0,69.0,0.211,0.301,0.335,0.636,72.0,0.296,72.0,76.0,6.0,5.0,3.0,0.0,0.0,4/H,
Robert Eenhoorn,28.0,2TM,AL,0.1,18.0,34.0,29.0,3.0,5.0,0.0,0.0,0.0,2.0,0.0,0.0,2.0,5.0,0.172,0.212,0.172,0.385,-1.0,0.21,-3.0,5.0,0.0,0.0,1.0,2.0,0.0,4/65H,
Robert Eenhoorn,28.0,NYY,AL,-0.1,12.0,19.0,14.0,2.0,1.0,0.0,0.0,0.0,2.0,0.0,0.0,2.0,3.0,0.071,0.167,0.071,0.238,-37.0,0.183,-25.0,1.0,0.0,0.0,1.0,2.0,0.0,4/5H,
Robert Eenhoorn,28.0,CAL,AL,0.2,6.0,15.0,15.0,1.0,4.0,0.0,0.0,0.0,0.0,0.0,0.0,0.0,2.0,0.267,0.267,0.267,0.533,37.0,0.242,24.0,4.0,0.0,0.0,0.0,0.0,0.0,/64,
Robert Machado,23.0,CHW,AL,0.1,4.0,6.0,6.0,1.0,4.0,1.0,0.0,0.0,2.0,0.0,0.0,0.0,0.0,0.667,0.667,0.833,1.5,286.0,0.66,310.0,5.0,1.0,0.0,0.0,0.0,0.0,/2,
Robert Person,26.0,NYM,NL,-0.2,29.0,26.0,21.0,1.0,3.0,1.0,0.0,0.0,0.0,0.0,0.0,0.0,12.0,0.143,0.143,0.19,0.333,-11.0,0.146,-66.0,4.0,0.0,0.0,5.0,0.0,0.0,1/H,
Robert Pérez,27.0,TOR,AL,-0.3,86.0,216.0,202.0,30.0,66.0,10.0,0.0,2.0,21.0,3.0,0.0,8.0,17.0,0.327,0.354,0.406,0.76,93.0,0.355,98.0,82.0,6.0,1.0,4.0,1.0,0.0,7H9/D,
Roberto Alomar#,28.0,BAL,AL,5.3,153.0,699.0,588.0,132.0,193.0,43.0,4.0,22.0,94.0,17.0,6.0,90.0,65.0,0.328,0.411,0.527,0.938,136.0,0.409,136.0,310.0,14.0,1.0,8.0,12.0,10.0,*4D/H,"AS,MVP-20,GG,SS"
Roberto Hernández,31.0,CHW,AL,0.0,1.0,0.0,0.0,0.0,0.0,0.0,0.0,0.0,0.0,0.0,0.0,0.0,0.0,,,,,,,,0.0,0.0,0.0,0.0,0.0,0.0,1,"AS,CYA-6"
Roberto Kelly,31.0,MIN,AL,1.2,98.0,359.0,322.0,41.0,104.0,17.0,4.0,6.0,47.0,10.0,2.0,23.0,53.0,0.323,0.375,0.457,0.832,109.0,0.38,113.0,147.0,17.0,7.0,0.0,5.0,0.0,98/7HD,
Roberto Petagine*,25.0,NYM,NL,-0.1,50.0,113.0,99.0,10.0,23.0,3.0,0.0,4.0,17.0,0.0,2.0,9.0,27.0,0.232,0.313,0.384,0.696,87.0,0.299,79.0,38.0,4.0,3.0,1.0,1.0,1.0,3H,
Robin Jennings*,24.0,CHC,NL,-0.6,31.0,62.0,58.0,7.0,13.0,5.0,0.0,0.0,4.0,1.0,0.0,3.0,9.0,0.224,0.274,0.31,0.585,53.0,0.268,42.0,18.0,1.0,1.0,0.0,0.0,0.0,H9,
Robin Ventura*,28.0,CHW,AL,4.8,158.0,674.0,586.0,96.0,168.0,31.0,2.0,34.0,105.0,1.0,3.0,78.0,81.0,0.287,0.368,0.52,0.888,127.0,0.378,122.0,305.0,18.0,2.0,0.0,8.0,10.0,*53H,GG
Rod Beck,27.0,SFG,NL,0.0,63.0,3.0,3.0,0.0,1.0,0.0,0.0,0.0,1.0,0.0,0.0,0.0,2.0,0.333,0.333,0.333,0.667,81.0,0.3,75.0,1.0,0.0,0.0,0.0,0.0,0.0,1,
Rod Myers*,23.0,KCR,AL,-0.1,22.0,70.0,63.0,9.0,18.0,7.0,0.0,1.0,11.0,3.0,2.0,7.0,16.0,0.286,0.357,0.444,0.802,103.0,0.349,100.0,28.0,1.0,0.0,0.0,0.0,0.0,8/H79,
Rodney Myers,27.0,CHC,NL,-0.1,45.0,5.0,5.0,0.0,0.0,0.0,0.0,0.0,0.0,0.0,0.0,0.0,4.0,0.0,0.0,0.0,0.0,-100.0,0.0,-146.0,0.0,0.0,0.0,0.0,0.0,0.0,1,
Roger Bailey,25.0,COL,NL,0.4,24.0,25.0,19.0,4.0,5.0,0.0,1.0,1.0,5.0,0.0,0.0,3.0,4.0,0.263,0.364,0.526,0.89,113.0,0.384,110.0,10.0,0.0,0.0,3.0,0.0,0.0,1,
Roger Cedeño#,21.0,LAD,NL,0.4,86.0,238.0,211.0,26.0,52.0,11.0,1.0,2.0,18.0,5.0,1.0,24.0,47.0,0.246,0.326,0.336,0.663,81.0,0.314,84.0,71.0,0.0,1.0,2.0,0.0,0.0,8H7/9,
Roger Clemens,33.0,BOS,AL,0.1,1.0,1.0,1.0,0.0,1.0,0.0,0.0,0.0,0.0,0.0,0.0,0.0,0.0,1.0,1.0,1.0,2.0,408.0,0.907,477.0,1.0,0.0,0.0,0.0,0.0,0.0,1,
Roger Salkeld,25.0,CIN,NL,-0.4,29.0,37.0,32.0,1.0,1.0,0.0,0.0,0.0,0.0,0.0,0.0,1.0,21.0,0.031,0.061,0.031,0.092,-75.0,0.049,-133.0,1.0,0.0,0.0,4.0,0.0,0.0,1,
Ron Blazier,24.0,PHI,NL,0.1,27.0,1.0,1.0,0.0,1.0,0.0,0.0,0.0,0.0,0.0,0.0,0.0,0.0,1.0,1.0,1.0,2.0,434.0,0.901,483.0,1.0,0.0,0.0,0.0,0.0,0.0,1,
Ron Coomer,29.0,MIN,AL,0.7,95.0,253.0,233.0,34.0,69.0,12.0,1.0,12.0,41.0,3.0,0.0,17.0,24.0,0.296,0.34,0.511,0.851,111.0,0.371,107.0,119.0,10.0,0.0,0.0,3.0,1.0,3H9/5D,
Ron Gant,31.0,STL,NL,3.2,122.0,500.0,419.0,74.0,103.0,14.0,2.0,30.0,82.0,13.0,4.0,73.0,98.0,0.246,0.359,0.504,0.862,126.0,0.385,128.0,211.0,9.0,3.0,1.0,4.0,5.0,*7/H,
Ron Karkovice,32.0,CHW,AL,1.1,111.0,389.0,355.0,44.0,78.0,22.0,0.0,10.0,38.0,0.0,0.0,24.0,93.0,0.22,0.27,0.366,0.636,63.0,0.288,58.0,130.0,7.0,1.0,7.0,2.0,2.0,*2,
Ron Villone*,26.0,SDP,NL,0.0,21.0,0.0,0.0,0.0,0.0,0.0,0.0,0.0,0.0,0.0,0.0,0.0,0.0,,,,,,,,0.0,0.0,0.0,0.0,0.0,0.0,1,
Rondell White,24.0,MON,NL,1.6,88.0,359.0,334.0,35.0,98.0,19.0,4.0,6.0,41.0,14.0,6.0,22.0,53.0,0.293,0.34,0.428,0.768,100.0,0.35,101.0,143.0,11.0,2.0,0.0,1.0,0.0,8/H,
Royce Clayton,26.0,STL,NL,1.6,129.0,531.0,491.0,64.0,136.0,20.0,4.0,6.0,35.0,33.0,15.0,33.0,89.0,0.277,0.321,0.371,0.692,83.0,0.319,82.0,182.0,13.0,1.0,2.0,4.0,4.0,*6H,
Rubén Amaro Jr.#,31.0,PHI,NL,0.7,61.0,130.0,117.0,14.0,37.0,10.0,0.0,2.0,15.0,0.0,0.0,9.0,18.0,0.316,0.38,0.453,0.833,120.0,0.378,125.0,53.0,3.0,3.0,1.0,0.0,0.0,H9/83,
Rubén Rivera,22.0,NYY,AL,0.9,46.0,106.0,88.0,17.0,25.0,6.0,1.0,2.0,16.0,6.0,2.0,13.0,26.0,0.284,0.381,0.443,0.824,107.0,0.377,111.0,39.0,1.0,2.0,1.0,2.0,0.0,987H,
Rubén Sierra#,30.0,2TM,AL,-1.3,142.0,587.0,518.0,61.0,128.0,26.0,2.0,12.0,72.0,4.0,4.0,60.0,83.0,0.247,0.32,0.375,0.695,75.0,0.306,66.0,194.0,12.0,0.0,0.0,9.0,12.0,D79/H,
Rubén Sierra#,30.0,NYY,AL,-0.9,96.0,407.0,360.0,39.0,93.0,17.0,1.0,11.0,52.0,1.0,3.0,40.0,58.0,0.258,0.327,0.403,0.73,83.0,0.314,72.0,145.0,10.0,0.0,0.0,7.0,11.0,D7/H9,
Rubén Sierra#,30.0,DET,AL,-0.4,46.0,180.0,158.0,22.0,35.0,9.0,1.0,1.0,20.0,3.0,1.0,20.0,25.0,0.222,0.306,0.31,0.616,57.0,0.287,52.0,49.0,2.0,0.0,0.0,2.0,1.0,D9/H7,
Rudy Pemberton,26.0,BOS,AL,0.8,13.0,45.0,41.0,11.0,21.0,8.0,0.0,1.0,10.0,3.0,1.0,2.0,4.0,0.512,0.556,0.78,1.336,233.0,0.595,259.0,32.0,0.0,2.0,0.0,0.0,0.0,9/H7,
Russ Davis,26.0,SEA,AL,-0.3,51.0,191.0,167.0,24.0,39.0,9.0,0.0,5.0,18.0,2.0,0.0,17.0,50.0,0.234,0.312,0.377,0.689,75.0,0.314,69.0,63.0,1.0,2.0,4.0,0.0,1.0,5/H,
Russ Morman,34.0,FLA,NL,0.0,6.0,7.0,6.0,0.0,1.0,1.0,0.0,0.0,0.0,0.0,0.0,1.0,2.0,0.167,0.286,0.333,0.619,65.0,0.282,59.0,2.0,0.0,0.0,0.0,0.0,0.0,/H3,
Russ Springer,27.0,PHI,NL,-0.2,51.0,19.0,17.0,1.0,1.0,0.0,0.0,0.0,0.0,0.0,0.0,0.0,12.0,0.059,0.059,0.059,0.118,-69.0,0.053,-128.0,1.0,1.0,0.0,2.0,0.0,0.0,1,
Rusty Greer*,27.0,TEX,AL,5.4,139.0,617.0,542.0,96.0,180.0,41.0,6.0,18.0,100.0,9.0,0.0,62.0,86.0,0.332,0.397,0.53,0.927,128.0,0.416,134.0,287.0,9.0,3.0,0.0,10.0,4.0,*7/H38D,
Ryan Hancock,24.0,CAL,AL,0.1,1.0,1.0,1.0,1.0,1.0,0.0,0.0,0.0,0.0,0.0,0.0,0.0,0.0,1.0,1.0,1.0,2.0,414.0,0.907,485.0,1.0,0.0,0.0,0.0,0.0,0.0,1,
Ryan Hawblitzel,25.0,COL,NL,0.0,8.0,1.0,1.0,0.0,0.0,0.0,0.0,0.0,0.0,0.0,0.0,0.0,0.0,0.0,0.0,0.0,0.0,-100.0,0.0,-158.0,0.0,0.0,0.0,0.0,0.0,0.0,/1,
Ryan Klesko*,25.0,ATL,NL,3.5,153.0,605.0,528.0,90.0,149.0,21.0,4.0,34.0,93.0,6.0,3.0,68.0,129.0,0.282,0.364,0.53,0.894,128.0,0.396,132.0,280.0,10.0,2.0,0.0,4.0,10.0,*7/H3,
Ryan Thompson,28.0,CLE,AL,0.1,8.0,23.0,22.0,2.0,7.0,0.0,0.0,1.0,5.0,0.0,0.0,1.0,6.0,0.318,0.348,0.455,0.802,102.0,0.392,125.0,10.0,0.0,0.0,0.0,0.0,0.0,/8H,
Ryne Sandberg,36.0,CHC,NL,3.2,150.0,621.0,554.0,85.0,135.0,28.0,4.0,25.0,92.0,12.0,8.0,54.0,116.0,0.244,0.316,0.444,0.76,97.0,0.339,95.0,246.0,9.0,7.0,1.0,5.0,4.0,*4/H,
Sal Fasano,24.0,KCR,AL,0.0,51.0,160.0,143.0,20.0,29.0,2.0,0.0,6.0,19.0,1.0,1.0,14.0,25.0,0.203,0.283,0.343,0.626,58.0,0.286,54.0,49.0,3.0,2.0,1.0,0.0,0.0,2,
Sammy Sosa,27.0,CHC,NL,5.4,124.0,541.0,498.0,84.0,136.0,21.0,2.0,40.0,100.0,18.0,5.0,34.0,134.0,0.273,0.323,0.564,0.888,127.0,0.392,130.0,281.0,14.0,5.0,0.0,4.0,6.0,*9,MVP-15
Sandy Alomar,30.0,CLE,AL,1.0,127.0,444.0,418.0,53.0,110.0,23.0,0.0,11.0,50.0,1.0,0.0,19.0,42.0,0.263,0.299,0.397,0.696,75.0,0.322,77.0,166.0,20.0,3.0,2.0,2.0,0.0,*2/H3,AS
Sandy Martínez*,25.0,TOR,AL,-0.4,76.0,251.0,229.0,17.0,52.0,9.0,3.0,3.0,18.0,0.0,0.0,16.0,58.0,0.227,0.288,0.332,0.62,57.0,0.279,49.0,76.0,4.0,4.0,1.0,1.0,0.0,2/H,
Scott Brosius,29.0,OAK,AL,5.3,114.0,500.0,428.0,73.0,130.0,25.0,0.0,22.0,71.0,7.0,2.0,59.0,85.0,0.304,0.393,0.516,0.909,127.0,0.399,127.0,221.0,11.0,7.0,1.0,5.0,4.0,*53/78H,
Scott Bullett*,27.0,CHC,NL,-0.5,109.0,177.0,165.0,26.0,35.0,5.0,0.0,3.0,16.0,7.0,3.0,10.0,54.0,0.212,0.256,0.297,0.553,45.0,0.26,38.0,49.0,2.0,0.0,1.0,1.0,0.0,H798,
Scott Hatteberg*,26.0,BOS,AL,0.0,10.0,14.0,11.0,3.0,2.0,1.0,0.0,0.0,0.0,0.0,0.0,3.0,2.0,0.182,0.357,0.273,0.63,63.0,0.311,68.0,3.0,2.0,0.0,0.0,0.0,0.0,2/H,
Scott Leius,30.0,CLE,AL,-0.6,27.0,46.0,43.0,3.0,6.0,4.0,0.0,1.0,3.0,0.0,0.0,2.0,8.0,0.14,0.178,0.302,0.48,19.0,0.205,-4.0,13.0,1.0,0.0,1.0,0.0,0.0,/5H34D,
Scott Livingstone*,30.0,SDP,NL,-0.1,102.0,181.0,172.0,20.0,51.0,4.0,1.0,2.0,20.0,0.0,1.0,9.0,22.0,0.297,0.331,0.366,0.698,89.0,0.321,92.0,63.0,6.0,0.0,0.0,0.0,0.0,H35,
Scott Radinsky*,28.0,LAD,NL,0.0,58.0,1.0,1.0,0.0,0.0,0.0,0.0,0.0,0.0,0.0,0.0,0.0,0.0,0.0,0.0,0.0,0.0,-100.0,0.0,-133.0,0.0,0.0,0.0,0.0,0.0,0.0,1,
Scott Rolen,21.0,PHI,NL,-0.3,37.0,146.0,130.0,10.0,33.0,7.0,0.0,4.0,18.0,0.0,2.0,13.0,27.0,0.254,0.322,0.4,0.722,91.0,0.319,88.0,52.0,4.0,1.0,0.0,2.0,0.0,5,
Scott Sanders,27.0,SDP,NL,0.2,46.0,41.0,36.0,2.0,7.0,3.0,0.0,0.0,1.0,0.0,0.0,1.0,11.0,0.194,0.216,0.278,0.494,33.0,0.244,28.0,10.0,0.0,0.0,4.0,0.0,0.0,1,
Scott Servais,29.0,CHC,NL,1.1,129.0,499.0,445.0,42.0,118.0,20.0,0.0,11.0,63.0,0.0,2.0,30.0,75.0,0.265,0.327,0.384,0.711,86.0,0.324,85.0,171.0,18.0,14.0,3.0,7.0,1.0,*2/H3,
Scott Service,29.0,CIN,NL,-0.1,34.0,5.0,5.0,0.0,0.0,0.0,0.0,0.0,0.0,0.0,0.0,0.0,2.0,0.0,0.0,0.0,0.0,-100.0,0.0,-144.0,0.0,0.0,0.0,0.0,0.0,0.0,1,
Scott Spiezio#,23.0,OAK,AL,0.2,9.0,35.0,29.0,6.0,9.0,2.0,0.0,2.0,8.0,0.0,1.0,4.0,4.0,0.31,0.394,0.586,0.98,143.0,0.391,137.0,17.0,0.0,0.0,2.0,0.0,1.0,/5D,
Scott Stahoviak*,26.0,MIN,AL,1.4,130.0,469.0,405.0,72.0,115.0,30.0,3.0,13.0,61.0,3.0,3.0,59.0,114.0,0.284,0.376,0.469,0.845,112.0,0.366,107.0,190.0,9.0,2.0,1.0,2.0,7.0,*3H/D,
Scott Sullivan,25.0,CIN,NL,0.0,7.0,1.0,1.0,0.0,0.0,0.0,0.0,0.0,1.0,0.0,0.0,0.0,0.0,0.0,0.0,0.0,0.0,-100.0,0.0,-142.0,0.0,0.0,0.0,0.0,0.0,0.0,/1,
Sean Bergman,26.0,SDP,NL,-0.2,43.0,30.0,30.0,1.0,3.0,0.0,0.0,1.0,5.0,0.0,0.0,0.0,9.0,0.1,0.1,0.2,0.3,-21.0,0.127,-46.0,6.0,0.0,0.0,0.0,0.0,0.0,1/H,
Sean Berry,30.0,HOU,NL,1.3,132.0,469.0,431.0,55.0,121.0,38.0,1.0,17.0,95.0,12.0,6.0,23.0,58.0,0.281,0.328,0.492,0.82,121.0,0.369,126.0,212.0,11.0,9.0,2.0,4.0,1.0,*5H,
Sean Mulligan,26.0,SDP,NL,0.0,2.0,1.0,1.0,0.0,0.0,0.0,0.0,0.0,0.0,0.0,0.0,0.0,0.0,0.0,0.0,0.0,0.0,-100.0,0.0,-133.0,0.0,0.0,0.0,0.0,0.0,0.0,/H,
Shane Andrews,24.0,MON,NL,1.4,127.0,414.0,375.0,43.0,85.0,15.0,2.0,19.0,64.0,3.0,1.0,35.0,119.0,0.227,0.295,0.429,0.724,87.0,0.318,79.0,161.0,2.0,2.0,0.0,2.0,8.0,*5/H,
Shane Reynolds,28.0,HOU,NL,0.6,35.0,93.0,76.0,6.0,14.0,2.0,0.0,2.0,3.0,0.0,0.0,3.0,28.0,0.184,0.215,0.289,0.505,37.0,0.271,49.0,22.0,2.0,0.0,14.0,0.0,0.0,1,CYA-9
Shannon Penn#,26.0,DET,AL,-0.2,6.0,14.0,14.0,0.0,1.0,0.0,0.0,0.0,1.0,0.0,0.0,0.0,3.0,0.071,0.071,0.071,0.143,-64.0,0.131,-53.0,1.0,0.0,0.0,0.0,0.0,0.0,/DH7,
Shannon Stewart,22.0,TOR,AL,-0.3,7.0,18.0,17.0,2.0,3.0,1.0,0.0,0.0,2.0,1.0,0.0,1.0,4.0,0.176,0.222,0.235,0.458,17.0,0.223,2.0,4.0,1.0,0.0,0.0,0.0,0.0,/8H,
Shawn Barton,33.0,SFG,NL,0.0,7.0,0.0,0.0,0.0,0.0,0.0,0.0,0.0,0.0,0.0,0.0,0.0,0.0,,,,,,,,0.0,0.0,0.0,0.0,0.0,0.0,/1,
Shawn Boskie,29.0,CAL,AL,0.0,2.0,0.0,0.0,0.0,0.0,0.0,0.0,0.0,0.0,0.0,0.0,0.0,0.0,,,,,,,,0.0,0.0,0.0,0.0,0.0,0.0,1/DH,
Shawn Estes,23.0,SFG,NL,0.1,15.0,26.0,19.0,3.0,3.0,0.0,0.0,0.0,1.0,0.0,0.0,1.0,8.0,0.158,0.2,0.158,0.358,-2.0,0.263,32.0,3.0,0.0,0.0,6.0,0.0,0.0,1/H,
Shawn Green*,23.0,TOR,AL,1.0,132.0,465.0,422.0,52.0,118.0,32.0,3.0,11.0,45.0,5.0,1.0,33.0,75.0,0.28,0.342,0.448,0.79,99.0,0.355,99.0,189.0,9.0,8.0,0.0,2.0,3.0,*9H/8D,
Shawon Dunston,33.0,SFG,NL,1.3,82.0,307.0,287.0,27.0,86.0,12.0,2.0,5.0,25.0,8.0,0.0,13.0,40.0,0.3,0.331,0.408,0.739,98.0,0.346,102.0,117.0,8.0,1.0,5.0,1.0,0.0,6/H,
Sherman Obando,26.0,MON,NL,-0.1,89.0,202.0,178.0,30.0,44.0,9.0,0.0,8.0,22.0,2.0,0.0,22.0,48.0,0.247,0.332,0.433,0.764,99.0,0.348,98.0,77.0,2.0,1.0,0.0,1.0,1.0,H9,
Sid Fernandez*,33.0,PHI,NL,0.0,11.0,25.0,19.0,0.0,2.0,1.0,0.0,0.0,2.0,0.0,0.0,3.0,10.0,0.105,0.217,0.158,0.375,2.0,0.187,-19.0,3.0,0.0,0.0,2.0,1.0,0.0,1,
Stan Javier#,32.0,SFG,NL,1.9,71.0,306.0,274.0,44.0,74.0,25.0,0.0,2.0,22.0,14.0,2.0,25.0,51.0,0.27,0.336,0.383,0.719,94.0,0.362,112.0,105.0,4.0,2.0,5.0,0.0,0.0,89,
Steve Avery*,26.0,ATL,NL,0.5,24.0,50.0,46.0,5.0,11.0,4.0,1.0,2.0,11.0,0.0,0.0,1.0,12.0,0.239,0.245,0.5,0.745,87.0,0.306,67.0,23.0,1.0,0.0,1.0,2.0,0.0,1,
Steve Bourgeois,23.0,SFG,NL,0.2,15.0,14.0,11.0,1.0,3.0,2.0,0.0,0.0,1.0,0.0,0.0,2.0,2.0,0.273,0.385,0.455,0.839,126.0,0.373,127.0,5.0,0.0,0.0,1.0,0.0,0.0,1,
Steve Cooke,26.0,PIT,NL,0.0,3.0,1.0,1.0,0.0,0.0,0.0,0.0,0.0,0.0,0.0,0.0,0.0,0.0,0.0,0.0,0.0,0.0,-100.0,0.0,-142.0,0.0,0.0,0.0,0.0,0.0,0.0,/1,
Steve Decker,30.0,2TM,NL,-0.2,67.0,171.0,147.0,24.0,36.0,3.0,0.0,2.0,20.0,1.0,0.0,18.0,29.0,0.245,0.323,0.306,0.629,68.0,0.293,62.0,45.0,3.0,0.0,4.0,2.0,4.0,2H/35,
Steve Decker,30.0,SFG,NL,-0.5,57.0,142.0,122.0,16.0,28.0,1.0,0.0,1.0,12.0,0.0,0.0,15.0,26.0,0.23,0.309,0.262,0.572,57.0,0.27,50.0,32.0,3.0,0.0,3.0,2.0,4.0,2H/35,
Steve Decker,30.0,COL,NL,0.3,10.0,29.0,25.0,8.0,8.0,2.0,0.0,1.0,8.0,1.0,0.0,3.0,3.0,0.32,0.393,0.52,0.913,119.0,0.408,120.0,13.0,0.0,0.0,1.0,0.0,0.0,2,
Steve Finley*,31.0,SDP,NL,5.8,161.0,721.0,655.0,126.0,195.0,45.0,9.0,30.0,95.0,22.0,8.0,56.0,87.0,0.298,0.354,0.531,0.885,136.0,0.397,143.0,348.0,20.0,4.0,1.0,5.0,5.0,*8/H,"MVP-10,GG"
Steve Frey,32.0,PHI,NL,0.0,31.0,0.0,0.0,0.0,0.0,0.0,0.0,0.0,0.0,0.0,0.0,0.0,0.0,,,,,,,,0.0,0.0,0.0,0.0,0.0,0.0,1,
Steve Gibralter,23.0,CIN,NL,-0.2,2.0,2.0,2.0,0.0,0.0,0.0,0.0,0.0,0.0,0.0,0.0,0.0,2.0,0.0,0.0,0.0,0.0,-100.0,0.0,-138.0,0.0,0.0,0.0,0.0,0.0,0.0,/78,
Steve Parris,28.0,PIT,NL,0.0,8.0,9.0,6.0,1.0,1.0,0.0,0.0,0.0,0.0,0.0,0.0,1.0,1.0,0.167,0.286,0.167,0.452,22.0,0.231,-7.0,1.0,0.0,0.0,2.0,0.0,0.0,/1,
Steve Reed,31.0,COL,NL,0.0,70.0,3.0,3.0,0.0,1.0,0.0,0.0,0.0,0.0,0.0,0.0,0.0,1.0,0.333,0.333,0.333,0.667,63.0,0.3,50.0,1.0,0.0,0.0,0.0,0.0,0.0,1,
Steve Scarsone,30.0,SFG,NL,-0.7,105.0,319.0,283.0,28.0,62.0,12.0,1.0,5.0,23.0,2.0,3.0,25.0,91.0,0.219,0.286,0.322,0.608,64.0,0.287,66.0,91.0,6.0,2.0,8.0,1.0,0.0,4H5/36,
Steve Soderstrom,24.0,SFG,NL,-0.1,3.0,5.0,5.0,0.0,0.0,0.0,0.0,0.0,0.0,0.0,0.0,0.0,3.0,0.0,0.0,0.0,0.0,-100.0,0.0,-137.0,0.0,0.0,0.0,0.0,0.0,0.0,/1,
Steve Sparks,31.0,MIL,AL,0.0,1.0,0.0,0.0,0.0,0.0,0.0,0.0,0.0,0.0,0.0,0.0,0.0,0.0,,,,,,,,0.0,0.0,0.0,0.0,0.0,0.0,1,
Steve Trachsel,25.0,CHC,NL,-0.4,31.0,73.0,66.0,3.0,7.0,2.0,0.0,1.0,5.0,0.0,0.0,1.0,20.0,0.106,0.119,0.182,0.301,-22.0,0.132,-65.0,12.0,0.0,0.0,6.0,0.0,0.0,1,AS
Steve Wojciechowski*,25.0,OAK,AL,0.0,2.0,0.0,0.0,0.0,0.0,0.0,0.0,0.0,0.0,0.0,0.0,0.0,0.0,,,,,,,,0.0,0.0,0.0,0.0,0.0,0.0,1/HD,
T.J. Mathews,26.0,STL,NL,-0.1,67.0,4.0,4.0,0.0,0.0,0.0,0.0,0.0,0.0,0.0,0.0,0.0,3.0,0.0,0.0,0.0,0.0,-100.0,0.0,-143.0,0.0,0.0,0.0,0.0,0.0,0.0,1,
Tanyon Sturtze,25.0,CHC,NL,0.0,6.0,2.0,1.0,0.0,0.0,0.0,0.0,0.0,0.0,0.0,0.0,0.0,0.0,0.0,0.0,0.0,0.0,-100.0,0.0,-383.0,0.0,0.0,0.0,1.0,0.0,0.0,/1,
Tavo Álvarez,24.0,MON,NL,0.1,11.0,5.0,4.0,0.0,2.0,0.0,0.0,0.0,0.0,0.0,0.0,0.0,1.0,0.5,0.5,0.5,1.0,164.0,0.45,191.0,2.0,0.0,0.0,1.0,0.0,0.0,1,
Terrell Wade*,23.0,ATL,NL,-0.1,44.0,16.0,13.0,0.0,2.0,0.0,0.0,0.0,1.0,0.0,0.0,1.0,7.0,0.154,0.214,0.154,0.368,-2.0,0.18,-38.0,2.0,1.0,0.0,2.0,0.0,0.0,1,
Terry Adams,23.0,CHC,NL,0.0,69.0,7.0,6.0,0.0,0.0,0.0,0.0,0.0,0.0,0.0,0.0,1.0,3.0,0.0,0.143,0.0,0.143,-58.0,0.102,-72.0,0.0,0.0,0.0,0.0,0.0,0.0,1,
Terry Bradshaw*,27.0,STL,NL,0.1,15.0,25.0,21.0,4.0,7.0,1.0,0.0,0.0,3.0,0.0,1.0,3.0,2.0,0.333,0.417,0.381,0.798,114.0,0.346,118.0,8.0,0.0,0.0,1.0,0.0,0.0,/H789,
Terry Clark,35.0,HOU,NL,0.0,5.0,0.0,0.0,0.0,0.0,0.0,0.0,0.0,0.0,0.0,0.0,0.0,0.0,,,,,,,,0.0,0.0,0.0,0.0,0.0,0.0,/1,
Terry Jones#,25.0,COL,NL,-0.1,12.0,11.0,10.0,6.0,3.0,0.0,0.0,0.0,1.0,0.0,0.0,0.0,3.0,0.3,0.273,0.3,0.573,39.0,0.246,12.0,3.0,0.0,0.0,0.0,1.0,0.0,/H8,
Terry Mathews*,31.0,FLA,NL,-0.1,57.0,4.0,4.0,0.0,0.0,0.0,0.0,0.0,0.0,0.0,0.0,0.0,2.0,0.0,0.0,0.0,0.0,-100.0,0.0,-140.0,0.0,0.0,0.0,0.0,0.0,0.0,1,
Terry Mulholland,33.0,PHI,NL,0.1,21.0,49.0,45.0,2.0,8.0,1.0,0.0,1.0,2.0,0.0,0.0,0.0,20.0,0.178,0.178,0.267,0.444,16.0,0.193,-15.0,12.0,0.0,0.0,4.0,0.0,0.0,1,
Terry Pendleton#,35.0,2TM,NL,-1.4,153.0,618.0,568.0,51.0,135.0,26.0,1.0,11.0,75.0,2.0,3.0,41.0,111.0,0.238,0.29,0.345,0.635,68.0,0.289,63.0,196.0,18.0,3.0,1.0,5.0,6.0,*5/H,
Terry Pendleton#,35.0,FLA,NL,-0.1,111.0,441.0,406.0,30.0,102.0,20.0,1.0,7.0,58.0,0.0,2.0,26.0,75.0,0.251,0.298,0.357,0.655,75.0,0.299,73.0,145.0,10.0,3.0,1.0,5.0,5.0,5/H,
Terry Pendleton#,35.0,ATL,NL,-1.3,42.0,177.0,162.0,21.0,33.0,6.0,0.0,4.0,17.0,2.0,1.0,15.0,36.0,0.204,0.271,0.315,0.586,51.0,0.263,38.0,51.0,8.0,0.0,0.0,0.0,1.0,5/H,
Terry Shumpert,29.0,CHC,NL,-0.2,27.0,35.0,31.0,5.0,7.0,1.0,0.0,2.0,6.0,0.0,1.0,2.0,11.0,0.226,0.286,0.452,0.737,90.0,0.302,78.0,14.0,0.0,1.0,0.0,1.0,0.0,H5/46,
Terry Steinbach,34.0,OAK,AL,3.4,145.0,571.0,514.0,79.0,140.0,25.0,1.0,35.0,100.0,0.0,1.0,49.0,115.0,0.272,0.342,0.529,0.871,116.0,0.373,111.0,272.0,16.0,6.0,0.0,2.0,5.0,*2H/D3,MVP-21
Thomas Howard#,31.0,CIN,NL,-0.5,121.0,386.0,360.0,50.0,98.0,19.0,10.0,6.0,42.0,6.0,5.0,17.0,51.0,0.272,0.307,0.431,0.738,93.0,0.322,86.0,155.0,5.0,3.0,2.0,4.0,3.0,78H9,
Tilson Brito,24.0,TOR,AL,0.1,26.0,95.0,80.0,10.0,19.0,7.0,0.0,1.0,7.0,1.0,1.0,10.0,18.0,0.238,0.344,0.363,0.707,80.0,0.331,86.0,29.0,0.0,3.0,2.0,0.0,0.0,4/6HD,
Tim Belk,26.0,CIN,NL,-0.2,7.0,16.0,15.0,2.0,3.0,0.0,0.0,0.0,0.0,0.0,0.0,1.0,2.0,0.2,0.25,0.2,0.45,21.0,0.214,8.0,3.0,0.0,0.0,0.0,0.0,0.0,/3H,
Tim Bogar,29.0,NYM,NL,0.4,91.0,104.0,89.0,17.0,19.0,4.0,0.0,0.0,6.0,1.0,3.0,8.0,20.0,0.213,0.287,0.258,0.546,49.0,0.26,54.0,23.0,0.0,2.0,3.0,2.0,0.0,H356/4,
Tim Hyers*,24.0,DET,AL,-0.6,17.0,30.0,26.0,1.0,2.0,1.0,0.0,0.0,0.0,0.0,0.0,4.0,5.0,0.077,0.2,0.115,0.315,-17.0,0.129,-65.0,3.0,1.0,0.0,0.0,0.0,2.0,H/3D7,
Tim McIntosh,31.0,NYY,AL,-0.1,3.0,3.0,3.0,0.0,0.0,0.0,0.0,0.0,0.0,0.0,0.0,0.0,0.0,0.0,0.0,0.0,0.0,-100.0,0.0,-143.0,0.0,0.0,0.0,0.0,0.0,0.0,/235,
Tim Naehring,29.0,BOS,AL,3.6,116.0,489.0,430.0,77.0,124.0,16.0,0.0,17.0,65.0,2.0,1.0,49.0,63.0,0.288,0.363,0.444,0.808,103.0,0.367,107.0,191.0,14.0,4.0,2.0,4.0,4.0,*5/H4,
Tim Pugh,29.0,CIN,NL,0.0,10.0,2.0,0.0,0.0,0.0,0.0,0.0,0.0,0.0,0.0,0.0,0.0,0.0,,,,,,,,0.0,0.0,0.0,1.0,0.0,0.0,1,
Tim Raines#,36.0,NYY,AL,1.1,59.0,240.0,201.0,45.0,57.0,10.0,0.0,9.0,33.0,10.0,1.0,34.0,29.0,0.284,0.383,0.468,0.851,114.0,0.384,113.0,94.0,5.0,1.0,0.0,4.0,1.0,7/HD,
Tim Salmon,27.0,CAL,AL,2.6,156.0,681.0,581.0,90.0,166.0,27.0,4.0,30.0,98.0,4.0,2.0,93.0,125.0,0.286,0.386,0.501,0.887,125.0,0.389,124.0,291.0,8.0,4.0,0.0,3.0,7.0,*9/DH,
Tim Scott,29.0,2TM,NL,-0.1,65.0,5.0,5.0,0.0,0.0,0.0,0.0,0.0,0.0,0.0,0.0,0.0,4.0,0.0,0.0,0.0,0.0,-100.0,0.0,-144.0,0.0,0.0,0.0,0.0,0.0,0.0,1,
Tim Scott,29.0,MON,NL,-0.1,45.0,4.0,4.0,0.0,0.0,0.0,0.0,0.0,0.0,0.0,0.0,0.0,3.0,0.0,0.0,0.0,0.0,-100.0,0.0,-147.0,0.0,0.0,0.0,0.0,0.0,0.0,1,
Tim Scott,29.0,SFG,NL,0.0,20.0,1.0,1.0,0.0,0.0,0.0,0.0,0.0,0.0,0.0,0.0,0.0,1.0,0.0,0.0,0.0,0.0,-100.0,0.0,-133.0,0.0,0.0,0.0,0.0,0.0,0.0,1,
Tim Spehr,29.0,MON,NL,-0.7,63.0,49.0,44.0,4.0,4.0,1.0,0.0,1.0,3.0,1.0,0.0,3.0,15.0,0.091,0.167,0.182,0.348,-9.0,0.19,-16.0,8.0,1.0,1.0,1.0,0.0,0.0,2H/9,
Tim Unroe,25.0,MIL,AL,0.2,14.0,20.0,16.0,5.0,3.0,0.0,0.0,0.0,0.0,0.0,1.0,4.0,5.0,0.188,0.35,0.188,0.538,40.0,0.256,47.0,3.0,0.0,0.0,0.0,0.0,0.0,3/5H7D,
Tim Wallach,38.0,2TM,2LG,-0.2,102.0,384.0,352.0,37.0,82.0,10.0,1.0,12.0,42.0,1.0,1.0,30.0,79.0,0.233,0.297,0.369,0.666,74.0,0.316,81.0,130.0,7.0,2.0,0.0,0.0,2.0,5/DH3,
Tim Wallach,38.0,CAL,AL,0.1,57.0,209.0,190.0,23.0,45.0,7.0,0.0,8.0,20.0,1.0,0.0,18.0,47.0,0.237,0.306,0.4,0.706,79.0,0.331,84.0,76.0,3.0,1.0,0.0,0.0,2.0,5/DH3,
Tim Wallach,38.0,LAD,NL,-0.3,45.0,175.0,162.0,14.0,37.0,3.0,1.0,4.0,22.0,0.0,1.0,12.0,32.0,0.228,0.286,0.333,0.619,68.0,0.297,76.0,54.0,4.0,1.0,0.0,0.0,0.0,5/H,
Tim Worrell,28.0,SDP,NL,-0.1,50.0,27.0,20.0,1.0,3.0,0.0,0.0,0.0,2.0,0.0,0.0,1.0,10.0,0.15,0.19,0.15,0.34,-6.0,0.163,-56.0,3.0,0.0,0.0,6.0,0.0,0.0,1,
Tino Martinez*,28.0,NYY,AL,2.2,155.0,671.0,595.0,82.0,174.0,28.0,0.0,25.0,117.0,2.0,1.0,68.0,85.0,0.292,0.364,0.466,0.83,108.0,0.367,106.0,277.0,18.0,2.0,1.0,5.0,4.0,*3/DH,
Toby Borland,27.0,PHI,NL,-0.1,69.0,4.0,4.0,0.0,0.0,0.0,0.0,0.0,0.0,0.0,0.0,0.0,2.0,0.0,0.0,0.0,0.0,-100.0,0.0,-143.0,0.0,0.0,0.0,0.0,0.0,0.0,1,
Todd Dunn,25.0,MIL,AL,0.1,6.0,10.0,10.0,2.0,3.0,1.0,0.0,0.0,1.0,0.0,0.0,0.0,3.0,0.3,0.3,0.4,0.7,73.0,0.305,62.0,4.0,1.0,0.0,0.0,0.0,0.0,/978H,
Todd Greene,25.0,CAL,AL,-0.4,29.0,84.0,79.0,9.0,15.0,1.0,0.0,2.0,9.0,2.0,0.0,4.0,11.0,0.19,0.238,0.278,0.517,32.0,0.25,26.0,22.0,4.0,1.0,0.0,0.0,0.0,2/HD,
Todd Haney,30.0,CHC,NL,-1.2,49.0,92.0,82.0,11.0,11.0,1.0,0.0,0.0,3.0,1.0,0.0,7.0,15.0,0.134,0.2,0.146,0.346,-7.0,0.183,-20.0,12.0,1.0,0.0,2.0,1.0,0.0,H4/56,
Todd Hollandsworth*,23.0,LAD,NL,1.1,149.0,526.0,478.0,64.0,139.0,26.0,4.0,12.0,59.0,21.0,6.0,41.0,93.0,0.291,0.348,0.437,0.785,113.0,0.357,114.0,209.0,2.0,2.0,3.0,2.0,1.0,*78H/9,ROY-1
Todd Hundley#,27.0,NYM,NL,5.0,153.0,624.0,540.0,85.0,140.0,32.0,1.0,41.0,112.0,1.0,3.0,79.0,146.0,0.259,0.356,0.55,0.906,140.0,0.39,139.0,297.0,9.0,3.0,0.0,2.0,15.0,*2H,"AS,MVP-18"
Todd Jones*,28.0,HOU,NL,0.0,51.0,1.0,1.0,0.0,0.0,0.0,0.0,0.0,0.0,0.0,0.0,0.0,0.0,0.0,0.0,0.0,0.0,-100.0,0.0,-133.0,0.0,0.0,0.0,0.0,0.0,0.0,1,
Todd Steverson,24.0,SDP,NL,0.0,1.0,1.0,1.0,0.0,0.0,0.0,0.0,0.0,0.0,0.0,0.0,0.0,1.0,0.0,0.0,0.0,0.0,-100.0,0.0,-133.0,0.0,0.0,0.0,0.0,0.0,0.0,/H,
Todd Stottlemyre*,31.0,STL,NL,0.5,34.0,82.0,66.0,8.0,15.0,0.0,0.0,0.0,2.0,1.0,1.0,7.0,27.0,0.227,0.301,0.227,0.529,43.0,0.263,39.0,15.0,0.0,0.0,9.0,0.0,0.0,1,
Todd Walker*,23.0,MIN,AL,-0.1,25.0,89.0,82.0,8.0,21.0,6.0,0.0,0.0,6.0,2.0,0.0,4.0,13.0,0.256,0.281,0.329,0.61,54.0,0.274,40.0,27.0,4.0,0.0,0.0,3.0,0.0,5/4HD,
Todd Worrell,36.0,LAD,NL,0.0,72.0,0.0,0.0,0.0,0.0,0.0,0.0,0.0,0.0,0.0,0.0,0.0,0.0,,,,,,,,0.0,0.0,0.0,0.0,0.0,0.0,1,"AS,CYA-5,MVP-21"
Todd Zeile,30.0,2TM,2LG,1.2,163.0,704.0,617.0,78.0,162.0,32.0,0.0,25.0,99.0,1.0,1.0,82.0,104.0,0.263,0.348,0.436,0.784,105.0,0.354,106.0,269.0,18.0,1.0,0.0,4.0,4.0,*53,
Todd Zeile,30.0,PHI,NL,0.7,134.0,572.0,500.0,61.0,134.0,24.0,0.0,20.0,80.0,1.0,1.0,67.0,88.0,0.268,0.353,0.436,0.789,108.0,0.355,109.0,218.0,16.0,1.0,0.0,4.0,4.0,53,
Todd Zeile,30.0,BAL,AL,0.4,29.0,132.0,117.0,17.0,28.0,8.0,0.0,5.0,19.0,0.0,0.0,15.0,16.0,0.239,0.326,0.436,0.762,91.0,0.348,94.0,51.0,2.0,0.0,0.0,0.0,0.0,5,
Tom Candiotti,39.0,LAD,NL,-0.3,28.0,56.0,45.0,3.0,4.0,0.0,0.0,0.0,2.0,0.0,0.0,0.0,14.0,0.089,0.106,0.089,0.195,-46.0,0.132,-69.0,4.0,1.0,1.0,9.0,1.0,0.0,1,
Tom Glavine*,30.0,ATL,NL,1.0,39.0,96.0,76.0,8.0,22.0,4.0,0.0,0.0,3.0,0.0,0.0,5.0,17.0,0.289,0.333,0.342,0.675,76.0,0.341,91.0,26.0,2.0,0.0,15.0,0.0,0.0,1/H,"AS,SS"
Tom Goodwin*,27.0,KCR,AL,0.6,143.0,587.0,524.0,80.0,148.0,14.0,4.0,1.0,35.0,66.0,22.0,39.0,79.0,0.282,0.334,0.33,0.664,70.0,0.322,73.0,173.0,3.0,2.0,21.0,1.0,0.0,*87H/D,
Tom Lampkin*,32.0,SFG,NL,1.3,66.0,204.0,177.0,26.0,41.0,8.0,0.0,6.0,29.0,1.0,5.0,20.0,22.0,0.232,0.324,0.379,0.702,89.0,0.324,99.0,67.0,2.0,5.0,0.0,2.0,2.0,2H,
Tom Pagnozzi,33.0,STL,NL,1.6,119.0,440.0,407.0,48.0,110.0,23.0,0.0,13.0,55.0,4.0,1.0,24.0,78.0,0.27,0.311,0.423,0.734,93.0,0.329,89.0,172.0,9.0,2.0,3.0,4.0,2.0,*2/H3,
Tom Prince,31.0,LAD,NL,0.3,40.0,77.0,64.0,6.0,19.0,6.0,0.0,1.0,11.0,0.0,0.0,6.0,15.0,0.297,0.365,0.438,0.802,118.0,0.344,107.0,28.0,0.0,2.0,3.0,2.0,2.0,2/H,
Tom Quinlan,28.0,MIN,AL,-0.2,4.0,6.0,6.0,0.0,0.0,0.0,0.0,0.0,0.0,0.0,0.0,0.0,3.0,0.0,0.0,0.0,0.0,-100.0,0.0,-141.0,0.0,0.0,0.0,0.0,0.0,0.0,/5H,
Tom Thobe*,26.0,ATL,NL,0.0,4.0,1.0,1.0,0.0,0.0,0.0,0.0,0.0,0.0,0.0,0.0,0.0,0.0,0.0,0.0,0.0,0.0,-100.0,0.0,-142.0,0.0,0.0,0.0,0.0,0.0,0.0,/1,
Tom Urbani*,28.0,STL,NL,-0.1,5.0,6.0,6.0,0.0,1.0,0.0,0.0,0.0,0.0,0.0,0.0,0.0,1.0,0.167,0.167,0.167,0.333,-11.0,0.15,-37.0,1.0,0.0,0.0,0.0,0.0,0.0,/1H,
Tomás Pérez#,22.0,TOR,AL,0.6,91.0,328.0,295.0,24.0,74.0,13.0,4.0,1.0,19.0,1.0,2.0,25.0,29.0,0.251,0.311,0.332,0.643,64.0,0.307,69.0,98.0,10.0,1.0,6.0,1.0,0.0,45/6H,
Tony Barron,29.0,MON,NL,0.0,1.0,1.0,1.0,0.0,0.0,0.0,0.0,0.0,0.0,0.0,0.0,0.0,1.0,0.0,0.0,0.0,0.0,-100.0,0.0,-142.0,0.0,0.0,0.0,0.0,0.0,0.0,/H,
Tony Batista,22.0,OAK,AL,1.3,74.0,260.0,238.0,38.0,71.0,10.0,2.0,6.0,25.0,7.0,3.0,19.0,49.0,0.298,0.35,0.433,0.783,96.0,0.348,94.0,103.0,2.0,1.0,0.0,2.0,0.0,45H/6D,ROY-7
Tony Clark#,24.0,DET,AL,-0.3,100.0,411.0,376.0,56.0,94.0,14.0,0.0,27.0,72.0,0.0,1.0,29.0,127.0,0.25,0.299,0.503,0.802,98.0,0.339,89.0,189.0,7.0,0.0,0.0,6.0,1.0,3D/H,ROY-3
Tony Eusebio,29.0,HOU,NL,0.1,58.0,172.0,152.0,15.0,41.0,7.0,2.0,1.0,19.0,0.0,1.0,18.0,20.0,0.27,0.343,0.362,0.705,94.0,0.311,87.0,55.0,5.0,0.0,0.0,2.0,2.0,2H,
Tony Fossas*,38.0,STL,NL,0.0,65.0,1.0,1.0,0.0,0.0,0.0,0.0,0.0,0.0,0.0,0.0,0.0,0.0,0.0,0.0,0.0,0.0,-100.0,0.0,-142.0,0.0,1.0,0.0,0.0,0.0,0.0,1,
Tony Graffanino,24.0,ATL,NL,-0.1,22.0,52.0,46.0,7.0,8.0,1.0,1.0,0.0,2.0,0.0,0.0,4.0,13.0,0.174,0.25,0.239,0.489,28.0,0.246,25.0,11.0,0.0,1.0,0.0,1.0,0.0,4/H,
Tony Gwynn*,36.0,SDP,NL,2.3,116.0,498.0,451.0,67.0,159.0,27.0,2.0,3.0,50.0,11.0,4.0,39.0,17.0,0.353,0.4,0.441,0.842,128.0,0.373,126.0,199.0,17.0,1.0,1.0,6.0,12.0,*9/H,AS
Tony Peña,39.0,CLE,AL,-0.5,67.0,195.0,174.0,14.0,34.0,4.0,0.0,1.0,27.0,0.0,1.0,15.0,25.0,0.195,0.255,0.236,0.491,26.0,0.251,31.0,41.0,8.0,0.0,3.0,3.0,0.0,2,
Tony Phillips#,37.0,CHW,AL,3.3,153.0,719.0,581.0,119.0,161.0,29.0,3.0,12.0,63.0,13.0,8.0,125.0,132.0,0.277,0.404,0.399,0.803,109.0,0.363,111.0,232.0,6.0,4.0,1.0,8.0,9.0,*7/H483,
Tony Rodríguez,25.0,BOS,AL,0.3,27.0,77.0,67.0,7.0,16.0,1.0,0.0,1.0,9.0,0.0,0.0,4.0,8.0,0.239,0.292,0.299,0.59,50.0,0.284,47.0,20.0,3.0,1.0,5.0,0.0,0.0,6/5H,
Tony Tarasco*,25.0,BAL,AL,-0.6,31.0,92.0,84.0,14.0,20.0,3.0,0.0,1.0,9.0,5.0,3.0,7.0,15.0,0.238,0.297,0.31,0.606,54.0,0.293,60.0,26.0,1.0,0.0,1.0,0.0,0.0,9/HD8,
Tony Womack*,26.0,PIT,NL,0.4,17.0,40.0,30.0,11.0,10.0,3.0,1.0,0.0,7.0,2.0,0.0,6.0,1.0,0.333,0.459,0.5,0.959,151.0,0.465,179.0,15.0,0.0,1.0,3.0,0.0,0.0,H/849,
Torey Lovullo#,30.0,OAK,AL,-0.7,65.0,99.0,82.0,15.0,18.0,4.0,0.0,3.0,9.0,1.0,2.0,11.0,17.0,0.22,0.323,0.378,0.701,76.0,0.306,70.0,31.0,0.0,2.0,3.0,1.0,0.0,3H5/D467,
Travis Fryman,27.0,DET,AL,2.6,157.0,688.0,616.0,90.0,165.0,32.0,3.0,22.0,100.0,4.0,3.0,57.0,118.0,0.268,0.329,0.437,0.766,92.0,0.343,92.0,269.0,18.0,4.0,1.0,10.0,2.0,*56,AS
Trenidad Hubbard,32.0,2TM,NL,0.7,55.0,101.0,89.0,15.0,19.0,5.0,2.0,2.0,14.0,2.0,0.0,11.0,27.0,0.213,0.307,0.382,0.689,72.0,0.322,69.0,34.0,3.0,1.0,0.0,0.0,0.0,H87,
Trenidad Hubbard,32.0,COL,NL,0.4,45.0,70.0,60.0,12.0,13.0,5.0,1.0,1.0,12.0,2.0,0.0,9.0,22.0,0.217,0.329,0.383,0.712,72.0,0.328,65.0,23.0,1.0,1.0,0.0,0.0,0.0,H8/7,
Trenidad Hubbard,32.0,SFG,NL,0.4,10.0,31.0,29.0,3.0,6.0,0.0,1.0,1.0,2.0,0.0,0.0,2.0,5.0,0.207,0.258,0.379,0.637,70.0,0.308,80.0,11.0,2.0,0.0,0.0,0.0,0.0,/7H8,
Trevor Hoffman,28.0,SDP,NL,-0.1,70.0,9.0,8.0,0.0,0.0,0.0,0.0,0.0,0.0,0.0,0.0,0.0,4.0,0.0,0.0,0.0,0.0,-100.0,0.0,-165.0,0.0,0.0,0.0,1.0,0.0,0.0,1,"CYA-5,MVP-22"
Trey Beamon*,22.0,PIT,NL,-0.3,24.0,56.0,51.0,7.0,11.0,2.0,0.0,0.0,6.0,1.0,1.0,4.0,6.0,0.216,0.273,0.255,0.528,39.0,0.257,38.0,13.0,0.0,0.0,1.0,0.0,0.0,9H/7,
Trot Nixon*,22.0,BOS,AL,0.0,2.0,4.0,4.0,2.0,2.0,1.0,0.0,0.0,0.0,1.0,0.0,0.0,1.0,0.5,0.5,0.75,1.25,210.0,0.593,221.0,3.0,0.0,0.0,0.0,0.0,0.0,/9H,
Troy O'Leary*,26.0,BOS,AL,-0.9,149.0,552.0,497.0,68.0,129.0,28.0,5.0,15.0,81.0,3.0,2.0,47.0,80.0,0.26,0.327,0.427,0.753,88.0,0.348,94.0,212.0,13.0,4.0,1.0,3.0,3.0,*97H8,
Troy Percival,26.0,CAL,AL,0.0,1.0,1.0,1.0,0.0,0.0,0.0,0.0,0.0,0.0,0.0,0.0,0.0,1.0,0.0,0.0,0.0,0.0,-100.0,0.0,-146.0,0.0,0.0,0.0,0.0,0.0,0.0,1,AS
Turk Wendell#,29.0,CHC,NL,0.2,70.0,4.0,2.0,0.0,1.0,0.0,0.0,0.0,0.0,0.0,0.0,1.0,0.0,0.5,0.667,0.5,1.167,212.0,0.845,561.0,1.0,0.0,0.0,1.0,0.0,0.0,1/H,
Turner Ward#,31.0,MIL,AL,-0.2,43.0,82.0,67.0,7.0,12.0,2.0,1.0,2.0,10.0,3.0,0.0,13.0,17.0,0.179,0.309,0.328,0.637,60.0,0.313,61.0,22.0,3.0,0.0,1.0,1.0,0.0,97H/8D,
Tyler Houston*,25.0,2TM,NL,0.6,79.0,151.0,142.0,21.0,45.0,9.0,1.0,3.0,27.0,3.0,2.0,9.0,27.0,0.317,0.358,0.458,0.815,112.0,0.361,111.0,65.0,5.0,0.0,0.0,0.0,1.0,H23/547,
Tyler Houston*,25.0,ATL,NL,-0.1,33.0,28.0,27.0,3.0,6.0,2.0,1.0,1.0,8.0,0.0,0.0,1.0,9.0,0.222,0.25,0.481,0.731,84.0,0.309,70.0,13.0,1.0,0.0,0.0,0.0,0.0,H3/7,
Tyler Houston*,25.0,CHC,NL,0.7,46.0,123.0,115.0,18.0,39.0,7.0,0.0,2.0,19.0,3.0,2.0,8.0,18.0,0.339,0.382,0.452,0.834,118.0,0.373,120.0,52.0,4.0,0.0,0.0,0.0,1.0,2H/543,
Ugueth Urbina,22.0,MON,NL,0.0,33.0,34.0,29.0,3.0,3.0,0.0,0.0,0.0,1.0,0.0,0.0,2.0,17.0,0.103,0.161,0.103,0.265,-29.0,0.193,-20.0,3.0,0.0,0.0,3.0,0.0,0.0,1,
Vince Coleman#,34.0,CIN,NL,-0.3,33.0,94.0,84.0,10.0,13.0,1.0,1.0,1.0,4.0,12.0,2.0,9.0,31.0,0.155,0.237,0.226,0.463,23.0,0.268,32.0,19.0,0.0,0.0,1.0,0.0,0.0,7H,
Vinny Castilla,28.0,COL,NL,3.2,160.0,673.0,629.0,97.0,191.0,34.0,0.0,40.0,113.0,7.0,2.0,35.0,88.0,0.304,0.343,0.548,0.892,112.0,0.387,111.0,345.0,20.0,5.0,0.0,4.0,7.0,*5/H,
Vladimir Guerrero,21.0,MON,NL,-0.1,9.0,27.0,27.0,2.0,5.0,0.0,0.0,1.0,1.0,0.0,0.0,0.0,3.0,0.185,0.185,0.296,0.481,24.0,0.242,26.0,8.0,1.0,0.0,0.0,0.0,0.0,/98H,
Wade Boggs*,38.0,NYY,AL,3.4,132.0,574.0,501.0,80.0,156.0,29.0,2.0,2.0,41.0,1.0,2.0,67.0,32.0,0.311,0.389,0.389,0.778,98.0,0.364,105.0,195.0,10.0,0.0,1.0,5.0,7.0,*5/HD,AS
Wally Joyner*,34.0,SDP,NL,2.8,121.0,510.0,433.0,59.0,120.0,29.0,1.0,8.0,65.0,5.0,3.0,69.0,71.0,0.277,0.377,0.404,0.781,112.0,0.363,120.0,175.0,6.0,3.0,1.0,4.0,8.0,*3/H,
Walt McKeel,24.0,BOS,AL,0.0,1.0,0.0,0.0,0.0,0.0,0.0,0.0,0.0,0.0,0.0,0.0,0.0,0.0,,,,,,,,0.0,0.0,0.0,0.0,0.0,0.0,/2,
Walt Weiss#,32.0,COL,NL,0.9,155.0,624.0,517.0,89.0,146.0,20.0,2.0,8.0,48.0,10.0,2.0,80.0,78.0,0.282,0.381,0.375,0.756,85.0,0.353,85.0,194.0,9.0,6.0,14.0,6.0,5.0,*6/H,
Warren Newson*,31.0,TEX,AL,0.7,91.0,273.0,235.0,34.0,60.0,14.0,1.0,10.0,31.0,3.0,0.0,37.0,82.0,0.255,0.355,0.451,0.806,99.0,0.37,103.0,106.0,3.0,0.0,0.0,1.0,1.0,9H/D7,
Wayne Kirby*,32.0,2TM,2LG,-0.1,92.0,226.0,204.0,26.0,55.0,11.0,1.0,1.0,12.0,4.0,3.0,19.0,19.0,0.27,0.333,0.348,0.681,85.0,0.305,80.0,71.0,4.0,1.0,1.0,1.0,1.0,8H79/D,
Wayne Kirby*,32.0,CLE,AL,-0.1,27.0,18.0,16.0,3.0,4.0,1.0,0.0,0.0,1.0,0.0,1.0,2.0,2.0,0.25,0.333,0.313,0.646,66.0,0.272,64.0,5.0,1.0,0.0,0.0,0.0,0.0,H9/8D7,
Wayne Kirby*,32.0,LAD,NL,0.0,65.0,208.0,188.0,23.0,51.0,10.0,1.0,1.0,11.0,4.0,2.0,17.0,17.0,0.271,0.333,0.351,0.684,87.0,0.308,82.0,66.0,3.0,1.0,1.0,1.0,1.0,8H/7,
Webster Garrison,30.0,OAK,AL,-0.2,5.0,10.0,9.0,0.0,0.0,0.0,0.0,0.0,0.0,0.0,0.0,1.0,0.0,0.0,0.1,0.0,0.1,-72.0,0.073,-92.0,0.0,0.0,0.0,0.0,0.0,0.0,/43H,
Wendell Magee,23.0,PHI,NL,-1.2,38.0,151.0,142.0,9.0,29.0,7.0,0.0,2.0,14.0,0.0,0.0,9.0,33.0,0.204,0.252,0.296,0.547,45.0,0.259,41.0,42.0,2.0,0.0,0.0,0.0,0.0,89/7H,
Wil Cordero,24.0,BOS,AL,-0.2,59.0,213.0,198.0,29.0,57.0,14.0,0.0,3.0,37.0,2.0,1.0,11.0,31.0,0.288,0.33,0.404,0.734,84.0,0.33,81.0,80.0,8.0,2.0,1.0,1.0,4.0,4HD/3,
Will Clark*,32.0,TEX,AL,2.2,117.0,512.0,436.0,69.0,124.0,25.0,1.0,13.0,72.0,2.0,1.0,64.0,67.0,0.284,0.377,0.436,0.813,101.0,0.363,100.0,190.0,10.0,5.0,0.0,7.0,5.0,*3/H,
William VanLandingham,25.0,SFG,NL,-0.2,32.0,70.0,61.0,3.0,8.0,1.0,0.0,0.0,2.0,0.0,0.0,2.0,31.0,0.131,0.156,0.148,0.304,-17.0,0.141,-51.0,9.0,1.0,0.0,6.0,1.0,0.0,1,
Willie Blair,30.0,SDP,NL,0.0,60.0,3.0,3.0,0.0,0.0,0.0,0.0,0.0,0.0,0.0,0.0,0.0,1.0,0.0,0.0,0.0,0.0,-100.0,0.0,-133.0,0.0,0.0,0.0,0.0,0.0,0.0,1,
Willie Greene*,24.0,CIN,NL,0.6,115.0,325.0,287.0,48.0,70.0,5.0,5.0,19.0,63.0,0.0,1.0,36.0,88.0,0.244,0.327,0.495,0.822,114.0,0.359,111.0,142.0,5.0,0.0,1.0,1.0,6.0,5H/7369,
Willie McGee#,37.0,STL,NL,0.9,123.0,331.0,309.0,52.0,95.0,15.0,2.0,5.0,41.0,5.0,2.0,18.0,60.0,0.307,0.348,0.417,0.766,103.0,0.361,112.0,129.0,8.0,2.0,1.0,1.0,2.0,H978/3,
Wilson Delgado#,23.0,SFG,NL,0.0,6.0,25.0,22.0,3.0,8.0,0.0,0.0,0.0,2.0,1.0,0.0,1.0,5.0,0.364,0.44,0.364,0.804,121.0,0.386,128.0,8.0,0.0,2.0,0.0,0.0,0.0,/6,
Wilton Guerrero#,21.0,LAD,NL,-0.1,5.0,2.0,2.0,1.0,0.0,0.0,0.0,0.0,0.0,0.0,0.0,0.0,2.0,0.0,0.0,0.0,0.0,-100.0,0.0,-133.0,0.0,0.0,0.0,0.0,0.0,0.0,/H,
Xavier Hernandez*,30.0,2TM,NL,0.0,61.0,3.0,2.0,0.0,0.0,0.0,0.0,0.0,0.0,0.0,0.0,0.0,1.0,0.0,0.0,0.0,0.0,-100.0,0.0,-246.0,0.0,0.0,0.0,1.0,0.0,0.0,1,
Xavier Hernandez*,30.0,CIN,NL,0.0,3.0,0.0,0.0,0.0,0.0,0.0,0.0,0.0,0.0,0.0,0.0,0.0,0.0,,,,,,,,0.0,0.0,0.0,0.0,0.0,0.0,/1,
Xavier Hernandez*,30.0,HOU,NL,0.0,58.0,3.0,2.0,0.0,0.0,0.0,0.0,0.0,0.0,0.0,0.0,0.0,1.0,0.0,0.0,0.0,0.0,-100.0,0.0,-246.0,0.0,0.0,0.0,1.0,0.0,0.0,1,
Yamil Benítez,23.0,MON,NL,-0.2,11.0,12.0,12.0,0.0,2.0,0.0,0.0,0.0,2.0,0.0,0.0,0.0,4.0,0.167,0.167,0.167,0.333,-12.0,0.15,-39.0,2.0,0.0,0.0,0.0,0.0,0.0,/H79,
Yorkis Pérez*,28.0,FLA,NL,0.0,64.0,1.0,1.0,0.0,0.0,0.0,0.0,0.0,0.0,0.0,0.0,0.0,1.0,0.0,0.0,0.0,0.0,-100.0,0.0,-133.0,0.0,0.0,0.0,0.0,0.0,0.0,1,
Zane Smith*,35.0,PIT,NL,-0.1,16.0,28.0,26.0,2.0,4.0,0.0,0.0,0.0,3.0,0.0,0.0,0.0,6.0,0.154,0.154,0.154,0.308,-19.0,0.139,-59.0,4.0,0.0,0.0,2.0,0.0,0.0,1,
Álex Delgado,25.0,BOS,AL,-0.1,26.0,24.0,20.0,5.0,5.0,0.0,0.0,0.0,1.0,0.0,0.0,3.0,3.0,0.25,0.348,0.25,0.598,55.0,0.293,54.0,5.0,0.0,0.0,1.0,0.0,0.0,2H/57934,
Álex Pacheco,22.0,MON,NL,0.0,5.0,0.0,0.0,0.0,0.0,0.0,0.0,0.0,0.0,0.0,0.0,0.0,0.0,,,,,,,,0.0,0.0,0.0,0.0,0.0,0.0,/1,
Álex Rodríguez,20.0,SEA,AL,9.4,146.0,677.0,601.0,141.0,215.0,54.0,1.0,36.0,123.0,15.0,4.0,59.0,104.0,0.358,0.414,0.631,1.045,161.0,0.452,166.0,379.0,15.0,4.0,6.0,7.0,1.0,*6/H,"AS,MVP-2,SS"
Álvaro Espinoza,34.0,2TM,2LG,0.9,107.0,269.0,246.0,31.0,66.0,11.0,4.0,8.0,27.0,1.0,3.0,10.0,37.0,0.268,0.303,0.443,0.746,93.0,0.331,92.0,109.0,8.0,3.0,8.0,2.0,0.0,563/4HD,
Álvaro Espinoza,34.0,CLE,AL,0.0,59.0,125.0,112.0,12.0,25.0,4.0,2.0,4.0,11.0,1.0,1.0,6.0,18.0,0.223,0.279,0.402,0.68,71.0,0.292,58.0,45.0,4.0,3.0,3.0,1.0,0.0,536/4HD,
Álvaro Espinoza,34.0,NYM,NL,0.8,48.0,144.0,134.0,19.0,41.0,7.0,2.0,4.0,16.0,0.0,2.0,4.0,19.0,0.306,0.324,0.478,0.801,113.0,0.365,126.0,64.0,4.0,0.0,5.0,1.0,0.0,5/6H43,
Ángel Miranda*,26.0,MIL,AL,0.0,1.0,0.0,0.0,0.0,0.0,0.0,0.0,0.0,0.0,0.0,0.0,0.0,0.0,,,,,,,,0.0,0.0,0.0,0.0,0.0,0.0,1,
Édgar Rentería,19.0,FLA,NL,3.2,106.0,471.0,431.0,68.0,133.0,18.0,3.0,5.0,31.0,16.0,2.0,33.0,68.0,0.309,0.358,0.399,0.757,103.0,0.349,102.0,172.0,12.0,2.0,2.0,3.0,0.0,6,ROY-2
