Player,Age,Team,Lg,WAR,G,PA,AB,R,H,2B,3B,HR,RBI,SB,CS,BB,SO,BA,OBP,SLG,OPS,OPS+,rOBA,Rbat+,TB,GIDP,HBP,SH,SF,IBB,Pos,Awards
A.J. Burnett,34.0,NYY,AL,-0.1,2.0,3.0,2.0,0.0,0.0,0.0,0.0,0.0,0.0,0.0,0.0,0.0,2.0,0.0,0.0,0.0,0.0,-100.0,0.0,-261.0,0.0,0.0,0.0,1.0,0.0,0.0,1/H,
A.J. Ellis,30.0,LAD,NL,0.5,31.0,103.0,85.0,8.0,23.0,1.0,1.0,2.0,11.0,0.0,1.0,14.0,16.0,0.271,0.392,0.376,0.769,117.0,0.359,130.0,32.0,2.0,3.0,1.0,0.0,0.0,2/H,
A.J. Pierzynski*,34.0,CHW,AL,0.6,129.0,500.0,464.0,38.0,133.0,29.0,1.0,8.0,48.0,0.0,0.0,23.0,33.0,0.287,0.323,0.405,0.728,94.0,0.317,86.0,188.0,19.0,5.0,2.0,6.0,6.0,*2/HD,
Aaron Cook,32.0,COL,NL,-0.2,22.0,35.0,34.0,1.0,5.0,0.0,0.0,0.0,2.0,0.0,0.0,0.0,11.0,0.147,0.147,0.147,0.294,-24.0,0.161,-46.0,5.0,0.0,0.0,1.0,0.0,0.0,1/H,
Aaron Crow,24.0,KCR,AL,0.0,3.0,0.0,0.0,0.0,0.0,0.0,0.0,0.0,0.0,0.0,0.0,0.0,0.0,,,,,,,,0.0,0.0,0.0,0.0,0.0,0.0,1,AS
Aaron Cunningham,25.0,SDP,NL,0.2,52.0,101.0,90.0,12.0,16.0,6.0,1.0,3.0,9.0,1.0,0.0,9.0,17.0,0.178,0.257,0.367,0.624,75.0,0.296,81.0,33.0,2.0,1.0,0.0,1.0,0.0,H97,
Aaron Harang,33.0,SDP,NL,-0.4,28.0,62.0,56.0,3.0,5.0,1.0,0.0,0.0,1.0,0.0,0.0,0.0,23.0,0.089,0.089,0.107,0.196,-44.0,0.088,-90.0,6.0,0.0,0.0,6.0,0.0,0.0,1,
Aaron Heilman,32.0,ARI,NL,0.0,28.0,1.0,1.0,0.0,0.0,0.0,0.0,0.0,0.0,0.0,0.0,0.0,0.0,0.0,0.0,0.0,0.0,-100.0,0.0,-136.0,0.0,0.0,0.0,0.0,0.0,0.0,1,
Aaron Hill,29.0,2TM,2LG,0.7,137.0,571.0,520.0,61.0,128.0,27.0,3.0,8.0,61.0,21.0,7.0,35.0,72.0,0.246,0.299,0.356,0.655,77.0,0.297,70.0,185.0,10.0,7.0,2.0,7.0,1.0,*4/H,
Aaron Hill,29.0,TOR,AL,-0.9,104.0,429.0,396.0,38.0,89.0,15.0,1.0,6.0,45.0,16.0,3.0,23.0,53.0,0.225,0.27,0.313,0.584,58.0,0.27,49.0,124.0,8.0,4.0,0.0,6.0,1.0,4/H,
Aaron Hill,29.0,ARI,NL,1.6,33.0,142.0,124.0,23.0,39.0,12.0,2.0,2.0,16.0,5.0,4.0,12.0,19.0,0.315,0.386,0.492,0.878,137.0,0.379,138.0,61.0,2.0,3.0,2.0,1.0,0.0,4/H,
Aaron Laffey*,26.0,SEA,AL,0.0,1.0,0.0,0.0,0.0,0.0,0.0,0.0,0.0,0.0,0.0,0.0,0.0,0.0,,,,,,,,0.0,0.0,0.0,0.0,0.0,0.0,1,
Aaron Miles#,34.0,LAD,NL,0.5,136.0,490.0,454.0,49.0,125.0,17.0,3.0,3.0,45.0,4.0,3.0,25.0,49.0,0.275,0.314,0.346,0.66,85.0,0.304,86.0,157.0,11.0,3.0,3.0,5.0,1.0,45H/6,
Aaron Rowand,33.0,SFG,NL,0.6,108.0,351.0,331.0,34.0,77.0,22.0,2.0,4.0,21.0,2.0,3.0,10.0,84.0,0.233,0.274,0.347,0.621,76.0,0.292,83.0,115.0,6.0,9.0,0.0,1.0,1.0,87H/9D,
Aaron Thompson*,24.0,PIT,NL,0.1,4.0,1.0,0.0,0.0,0.0,0.0,0.0,0.0,0.0,0.0,0.0,1.0,0.0,,1.0,,,,0.697,364.0,0.0,0.0,0.0,0.0,0.0,0.0,/1,
Adam Dunn*,31.0,CHW,AL,-2.9,122.0,496.0,415.0,36.0,66.0,16.0,0.0,11.0,42.0,0.0,1.0,75.0,177.0,0.159,0.292,0.277,0.569,54.0,0.268,51.0,115.0,10.0,4.0,0.0,2.0,0.0,D3/H9,
Adam Everett,34.0,CLE,AL,-0.2,34.0,67.0,60.0,9.0,13.0,1.0,0.0,0.0,1.0,1.0,0.0,5.0,14.0,0.217,0.277,0.233,0.51,47.0,0.241,39.0,14.0,0.0,0.0,2.0,0.0,0.0,5H/4D6,
Adam Jones,25.0,BAL,AL,3.3,151.0,618.0,567.0,68.0,159.0,26.0,2.0,25.0,83.0,12.0,4.0,29.0,113.0,0.28,0.319,0.466,0.785,111.0,0.348,111.0,264.0,16.0,9.0,1.0,12.0,2.0,*8/DH,
Adam Kennedy*,35.0,SEA,AL,0.0,114.0,409.0,380.0,36.0,89.0,23.0,1.0,7.0,38.0,8.0,2.0,22.0,67.0,0.234,0.277,0.355,0.632,80.0,0.278,72.0,135.0,3.0,1.0,4.0,2.0,3.0,345DH,
Adam LaRoche*,31.0,WSN,NL,-0.2,43.0,177.0,151.0,15.0,26.0,4.0,0.0,3.0,15.0,1.0,0.0,25.0,37.0,0.172,0.288,0.258,0.546,52.0,0.26,47.0,39.0,2.0,0.0,0.0,1.0,0.0,3,
Adam Lind*,27.0,TOR,AL,0.1,125.0,542.0,499.0,56.0,125.0,16.0,0.0,26.0,87.0,1.0,1.0,32.0,107.0,0.251,0.295,0.439,0.734,95.0,0.325,94.0,219.0,12.0,3.0,0.0,8.0,4.0,*3D,
Adam Loewen*,27.0,TOR,AL,-0.2,14.0,37.0,32.0,4.0,6.0,1.0,0.0,1.0,4.0,0.0,0.0,3.0,13.0,0.188,0.297,0.313,0.61,66.0,0.28,61.0,10.0,0.0,2.0,0.0,0.0,0.0,/98DH7,
Adam Moore,27.0,SEA,AL,0.0,2.0,6.0,6.0,0.0,1.0,1.0,0.0,0.0,0.0,0.0,0.0,0.0,2.0,0.167,0.167,0.333,0.5,39.0,0.209,25.0,2.0,0.0,0.0,0.0,0.0,0.0,/2,
Adam Rosales,28.0,OAK,AL,-0.7,24.0,68.0,61.0,5.0,6.0,0.0,0.0,2.0,8.0,0.0,0.0,4.0,13.0,0.098,0.162,0.197,0.358,-1.0,0.192,3.0,12.0,4.0,1.0,0.0,2.0,0.0,/65347H,
Adam Russell,28.0,TBR,AL,0.0,5.0,0.0,0.0,0.0,0.0,0.0,0.0,0.0,0.0,0.0,0.0,0.0,0.0,,,,,,,,0.0,0.0,0.0,0.0,0.0,0.0,1,
Adam Wilk*,23.0,DET,AL,0.0,1.0,1.0,1.0,0.0,0.0,0.0,0.0,0.0,0.0,0.0,0.0,0.0,1.0,0.0,0.0,0.0,0.0,-100.0,0.0,-145.0,0.0,0.0,0.0,0.0,0.0,0.0,/1,
Adrian Beltré,32.0,TEX,AL,5.6,124.0,525.0,487.0,82.0,144.0,33.0,0.0,32.0,105.0,1.0,1.0,25.0,53.0,0.296,0.331,0.561,0.892,131.0,0.393,139.0,273.0,13.0,5.0,0.0,8.0,0.0,*5D/H,"AS,MVP-15,GG,SS"
Adrián González*,29.0,BOS,AL,6.9,159.0,715.0,630.0,108.0,213.0,45.0,3.0,27.0,117.0,1.0,0.0,74.0,119.0,0.338,0.41,0.548,0.957,155.0,0.413,158.0,345.0,28.0,6.0,0.0,5.0,20.0,*3/9D,"AS,MVP-7,GG,SS"
Adron Chambers*,24.0,STL,NL,0.0,18.0,8.0,8.0,2.0,3.0,0.0,1.0,0.0,4.0,0.0,0.0,0.0,1.0,0.375,0.375,0.625,1.0,172.0,0.429,176.0,5.0,0.0,0.0,0.0,0.0,0.0,H/789,
Al Alburquerque,25.0,DET,AL,0.0,3.0,0.0,0.0,0.0,0.0,0.0,0.0,0.0,0.0,0.0,0.0,0.0,0.0,,,,,,,,0.0,0.0,0.0,0.0,0.0,0.0,1,
Alan Johnson,27.0,COL,NL,0.0,1.0,2.0,1.0,0.0,0.0,0.0,0.0,0.0,0.0,0.0,0.0,0.0,1.0,0.0,0.0,0.0,0.0,-100.0,0.0,-400.0,0.0,0.0,0.0,1.0,0.0,0.0,/1,
Albert Pujols,31.0,STL,NL,5.3,147.0,651.0,579.0,105.0,173.0,29.0,0.0,37.0,99.0,9.0,1.0,61.0,58.0,0.299,0.366,0.541,0.906,148.0,0.395,150.0,313.0,29.0,4.0,0.0,7.0,15.0,*3/5H,MVP-5
Alberto Callaspo#,28.0,LAA,AL,3.5,141.0,536.0,475.0,54.0,137.0,23.0,0.0,6.0,46.0,8.0,1.0,58.0,48.0,0.288,0.366,0.375,0.74,112.0,0.335,112.0,178.0,11.0,1.0,0.0,2.0,8.0,*5H,
Alberto Castillo*,35.0,ARI,NL,0.0,16.0,0.0,0.0,0.0,0.0,0.0,0.0,0.0,0.0,0.0,0.0,0.0,0.0,,,,,,,,0.0,0.0,0.0,0.0,0.0,0.0,1,
Alberto González,28.0,SDP,NL,-0.1,102.0,267.0,247.0,18.0,53.0,10.0,2.0,1.0,32.0,1.0,2.0,13.0,37.0,0.215,0.256,0.283,0.539,53.0,0.258,55.0,70.0,5.0,2.0,1.0,4.0,3.0,465H/3,
Alcides Escobar,24.0,KCR,AL,2.7,158.0,598.0,548.0,69.0,139.0,21.0,8.0,4.0,46.0,26.0,9.0,25.0,73.0,0.254,0.29,0.343,0.633,74.0,0.298,76.0,188.0,10.0,4.0,18.0,3.0,1.0,*6/H,
Alejandro De Aza*,27.0,CHW,AL,2.5,54.0,171.0,152.0,29.0,50.0,11.0,3.0,4.0,23.0,12.0,5.0,17.0,34.0,0.329,0.4,0.52,0.92,145.0,0.426,164.0,79.0,2.0,1.0,1.0,0.0,1.0,98/H7D,
Alex Avila*,24.0,DET,AL,5.1,141.0,551.0,464.0,63.0,137.0,33.0,4.0,19.0,82.0,3.0,1.0,73.0,131.0,0.295,0.389,0.506,0.895,142.0,0.388,142.0,235.0,8.0,3.0,3.0,8.0,9.0,*2/DH5,"AS,MVP-12,SS"
Alex Burnett,23.0,MIN,AL,0.0,7.0,0.0,0.0,0.0,0.0,0.0,0.0,0.0,0.0,0.0,0.0,0.0,0.0,,,,,,,,0.0,0.0,0.0,0.0,0.0,0.0,1,
Alex Gordon*,27.0,KCR,AL,7.3,151.0,690.0,611.0,101.0,185.0,45.0,4.0,23.0,87.0,17.0,8.0,67.0,139.0,0.303,0.376,0.502,0.879,140.0,0.389,145.0,307.0,9.0,7.0,0.0,3.0,2.0,*7/3H,"MVP-21,GG"
Alex Liddi,22.0,SEA,AL,0.5,15.0,44.0,40.0,7.0,9.0,3.0,0.0,3.0,6.0,1.0,0.0,3.0,17.0,0.225,0.295,0.525,0.82,130.0,0.356,127.0,21.0,1.0,1.0,0.0,0.0,0.0,5/H,
Alex Presley*,25.0,PIT,NL,1.5,52.0,231.0,215.0,27.0,64.0,12.0,6.0,4.0,20.0,9.0,3.0,13.0,40.0,0.298,0.339,0.465,0.804,124.0,0.36,126.0,100.0,1.0,1.0,1.0,1.0,1.0,7/8H,
Alex Sanabia,22.0,FLA,NL,-0.1,3.0,4.0,3.0,0.0,0.0,0.0,0.0,0.0,0.0,0.0,0.0,0.0,3.0,0.0,0.0,0.0,0.0,-100.0,0.0,-225.0,0.0,0.0,0.0,1.0,0.0,0.0,/1,
Alex White,22.0,COL,NL,-0.1,7.0,14.0,13.0,1.0,1.0,1.0,0.0,0.0,0.0,0.0,0.0,0.0,6.0,0.077,0.077,0.154,0.231,-43.0,0.098,-103.0,2.0,0.0,0.0,1.0,0.0,0.0,/1,
Alexei Ramírez,29.0,CHW,AL,3.8,158.0,684.0,614.0,81.0,165.0,31.0,2.0,15.0,70.0,7.0,5.0,51.0,84.0,0.269,0.328,0.399,0.727,94.0,0.323,91.0,245.0,19.0,6.0,8.0,5.0,1.0,*6/HD,
Alexi Amarista*,22.0,LAA,AL,-0.4,23.0,56.0,52.0,2.0,8.0,3.0,1.0,0.0,5.0,0.0,0.0,2.0,8.0,0.154,0.182,0.25,0.432,22.0,0.202,15.0,13.0,1.0,0.0,1.0,1.0,0.0,4/7H6,
Alexi Casilla#,26.0,MIN,AL,1.6,97.0,365.0,323.0,52.0,84.0,21.0,4.0,2.0,21.0,15.0,4.0,28.0,45.0,0.26,0.322,0.368,0.691,91.0,0.316,88.0,119.0,4.0,3.0,8.0,3.0,0.0,46/HD,
Alexi Ogando,27.0,TEX,AL,0.0,1.0,2.0,2.0,0.0,1.0,0.0,0.0,0.0,0.0,0.0,0.0,0.0,1.0,0.5,0.5,0.5,1.0,167.0,0.453,183.0,1.0,0.0,0.0,0.0,0.0,0.0,1,AS
Alfonso Soriano,35.0,CHC,NL,0.0,137.0,508.0,475.0,50.0,116.0,27.0,1.0,26.0,88.0,2.0,1.0,27.0,113.0,0.244,0.289,0.469,0.759,104.0,0.334,102.0,223.0,15.0,4.0,0.0,2.0,4.0,*7/HD,
Alfredo Aceves,28.0,BOS,AL,0.0,2.0,0.0,0.0,0.0,0.0,0.0,0.0,0.0,0.0,0.0,0.0,0.0,0.0,,,,,,,,0.0,0.0,0.0,0.0,0.0,0.0,1,
Alfredo Amézaga#,33.0,2TM,NL,-0.9,40.0,87.0,77.0,6.0,14.0,1.0,0.0,0.0,4.0,0.0,0.0,7.0,14.0,0.182,0.247,0.195,0.442,20.0,0.221,10.0,15.0,1.0,0.0,2.0,1.0,0.0,4H/7569,
Alfredo Amézaga#,33.0,COL,NL,-0.3,20.0,38.0,33.0,5.0,8.0,1.0,0.0,0.0,2.0,0.0,0.0,3.0,7.0,0.242,0.297,0.273,0.57,48.0,0.285,49.0,9.0,0.0,0.0,1.0,1.0,0.0,/H4569,
Alfredo Amézaga#,33.0,FLA,NL,-0.6,20.0,49.0,44.0,1.0,6.0,0.0,0.0,0.0,2.0,0.0,0.0,4.0,7.0,0.136,0.208,0.136,0.345,-3.0,0.172,-21.0,6.0,1.0,0.0,1.0,0.0,0.0,4/H7,
Allen Craig,26.0,STL,NL,2.4,75.0,219.0,200.0,33.0,63.0,15.0,0.0,11.0,40.0,5.0,0.0,15.0,40.0,0.315,0.362,0.555,0.917,151.0,0.407,155.0,111.0,7.0,1.0,1.0,2.0,0.0,7H9/4835,
Andre Ethier*,29.0,LAD,NL,2.1,135.0,551.0,487.0,67.0,142.0,30.0,0.0,11.0,62.0,0.0,1.0,58.0,103.0,0.292,0.368,0.421,0.789,121.0,0.349,120.0,205.0,8.0,3.0,0.0,3.0,9.0,*9/HD,"AS,GG"
Andrew Bailey,27.0,OAK,AL,0.0,1.0,0.0,0.0,0.0,0.0,0.0,0.0,0.0,0.0,0.0,0.0,0.0,0.0,,,,,,,,0.0,0.0,0.0,0.0,0.0,0.0,1,
Andrew Brown,26.0,STL,NL,-0.2,11.0,22.0,22.0,1.0,4.0,1.0,0.0,0.0,3.0,0.0,0.0,0.0,8.0,0.182,0.182,0.227,0.409,13.0,0.182,-7.0,5.0,1.0,0.0,0.0,0.0,0.0,/9H,
Andrew Cashner,24.0,CHC,NL,0.0,7.0,2.0,1.0,0.0,0.0,0.0,0.0,0.0,0.0,0.0,0.0,0.0,1.0,0.0,0.0,0.0,0.0,-100.0,0.0,-373.0,0.0,0.0,0.0,1.0,0.0,0.0,/1,
Andrew McCutchen,24.0,PIT,NL,5.4,158.0,678.0,572.0,87.0,148.0,34.0,5.0,23.0,89.0,23.0,10.0,89.0,126.0,0.259,0.364,0.456,0.82,130.0,0.372,136.0,261.0,7.0,9.0,2.0,6.0,3.0,*8/HD,AS
Andrew Miller*,26.0,BOS,AL,-0.1,2.0,4.0,4.0,0.0,0.0,0.0,0.0,0.0,0.0,0.0,0.0,0.0,4.0,0.0,0.0,0.0,0.0,-100.0,0.0,-144.0,0.0,0.0,0.0,0.0,0.0,0.0,1,
Andrew Romine#,25.0,LAA,AL,-0.2,10.0,18.0,16.0,2.0,2.0,0.0,0.0,0.0,0.0,1.0,0.0,1.0,6.0,0.125,0.176,0.125,0.301,-12.0,0.216,11.0,2.0,0.0,0.0,1.0,0.0,0.0,/65,
Andruw Jones,34.0,NYY,AL,0.9,77.0,222.0,190.0,27.0,47.0,8.0,0.0,13.0,33.0,0.0,0.0,29.0,62.0,0.247,0.356,0.495,0.851,126.0,0.37,124.0,94.0,3.0,3.0,0.0,0.0,0.0,79DH,
Andrés Blanco#,27.0,TEX,AL,0.2,36.0,82.0,76.0,9.0,17.0,3.0,0.0,2.0,3.0,0.0,1.0,4.0,14.0,0.224,0.263,0.342,0.605,59.0,0.283,62.0,26.0,1.0,0.0,2.0,0.0,0.0,6/54H9,
Andrés Torres#,33.0,SFG,NL,1.0,112.0,398.0,348.0,50.0,77.0,24.0,1.0,4.0,19.0,19.0,6.0,42.0,95.0,0.221,0.312,0.33,0.643,84.0,0.307,88.0,115.0,3.0,4.0,4.0,0.0,0.0,*8H/97,
Andy Dirks*,25.0,DET,AL,0.6,78.0,235.0,219.0,34.0,55.0,13.0,0.0,7.0,28.0,5.0,2.0,11.0,36.0,0.251,0.296,0.406,0.703,89.0,0.311,84.0,89.0,3.0,3.0,2.0,0.0,1.0,798H/D,
Andy LaRoche,27.0,OAK,AL,-0.2,40.0,104.0,93.0,10.0,23.0,6.0,1.0,0.0,5.0,0.0,0.0,8.0,19.0,0.247,0.32,0.333,0.654,82.0,0.291,74.0,31.0,6.0,2.0,1.0,0.0,1.0,5/643,
Andy Parrino#,25.0,SDP,NL,0.6,24.0,55.0,44.0,3.0,8.0,1.0,0.0,0.0,4.0,1.0,0.0,9.0,17.0,0.182,0.327,0.205,0.532,56.0,0.28,67.0,9.0,1.0,1.0,0.0,1.0,1.0,5/69H47,
Andy Sonnanstine*,28.0,TBR,AL,0.0,2.0,2.0,2.0,0.0,0.0,0.0,0.0,0.0,0.0,0.0,0.0,0.0,2.0,0.0,0.0,0.0,0.0,-100.0,0.0,-126.0,0.0,0.0,0.0,0.0,0.0,0.0,1,
Aneury Rodríguez,23.0,HOU,NL,-0.2,41.0,11.0,9.0,0.0,0.0,0.0,0.0,0.0,0.0,0.0,0.0,0.0,5.0,0.0,0.0,0.0,0.0,-100.0,0.0,-196.0,0.0,0.0,0.0,2.0,0.0,0.0,1,
Angel Sánchez,27.0,HOU,NL,-0.3,110.0,328.0,288.0,35.0,69.0,10.0,0.0,1.0,28.0,3.0,0.0,27.0,44.0,0.24,0.305,0.285,0.59,65.0,0.276,59.0,82.0,3.0,1.0,10.0,2.0,1.0,6H45,
Anthony Bass,23.0,SDP,NL,-0.1,26.0,6.0,5.0,0.0,0.0,0.0,0.0,0.0,0.0,0.0,0.0,0.0,3.0,0.0,0.0,0.0,0.0,-100.0,0.0,-185.0,0.0,0.0,0.0,1.0,0.0,0.0,1,
Anthony Recker,27.0,OAK,AL,0.1,5.0,21.0,17.0,3.0,3.0,1.0,0.0,0.0,0.0,0.0,0.0,4.0,7.0,0.176,0.333,0.235,0.569,62.0,0.275,63.0,4.0,0.0,0.0,0.0,0.0,0.0,/2,
Anthony Rizzo*,21.0,SDP,NL,-0.4,49.0,153.0,128.0,9.0,18.0,8.0,1.0,1.0,9.0,2.0,1.0,21.0,46.0,0.141,0.281,0.242,0.523,51.0,0.268,62.0,31.0,2.0,4.0,0.0,0.0,1.0,3/H,
Anthony Swarzak,25.0,MIN,AL,0.0,1.0,0.0,0.0,0.0,0.0,0.0,0.0,0.0,0.0,0.0,0.0,0.0,0.0,,,,,,,,0.0,0.0,0.0,0.0,0.0,0.0,1,
Anthony Varvaro,26.0,ATL,NL,0.0,18.0,0.0,0.0,0.0,0.0,0.0,0.0,0.0,0.0,0.0,0.0,0.0,0.0,,,,,,,,0.0,0.0,0.0,0.0,0.0,0.0,1,
Antoan Richardson#,27.0,ATL,NL,0.1,9.0,4.0,4.0,2.0,2.0,0.0,0.0,0.0,0.0,1.0,0.0,0.0,0.0,0.5,0.5,0.5,1.0,176.0,0.519,191.0,2.0,0.0,0.0,0.0,0.0,0.0,/H,
Antonio Bastardo,25.0,PHI,NL,0.0,62.0,0.0,0.0,0.0,0.0,0.0,0.0,0.0,0.0,0.0,0.0,0.0,0.0,,,,,,,,0.0,0.0,0.0,0.0,0.0,0.0,1,
Aníbal Sánchez,27.0,FLA,NL,0.0,31.0,70.0,57.0,1.0,7.0,0.0,0.0,0.0,3.0,0.0,0.0,4.0,23.0,0.123,0.18,0.123,0.303,-15.0,0.162,-44.0,7.0,0.0,0.0,9.0,0.0,0.0,1,
Aramis Ramírez,33.0,CHC,NL,2.8,149.0,626.0,565.0,80.0,173.0,35.0,1.0,26.0,93.0,1.0,1.0,43.0,69.0,0.306,0.361,0.51,0.871,136.0,0.384,140.0,288.0,12.0,10.0,0.0,8.0,5.0,*5/DH,SS
Armando Galarraga,29.0,ARI,NL,-0.3,8.0,16.0,15.0,0.0,0.0,0.0,0.0,0.0,1.0,0.0,0.0,0.0,7.0,0.0,0.0,0.0,0.0,-100.0,0.0,-165.0,0.0,0.0,0.0,1.0,0.0,0.0,/1,
Arodys Vizcaíno,20.0,ATL,NL,0.0,17.0,0.0,0.0,0.0,0.0,0.0,0.0,0.0,0.0,0.0,0.0,0.0,0.0,,,,,,,,0.0,0.0,0.0,0.0,0.0,0.0,1,
Aroldis Chapman*,23.0,CIN,NL,0.0,52.0,0.0,0.0,0.0,0.0,0.0,0.0,0.0,0.0,0.0,0.0,0.0,0.0,,,,,,,,0.0,0.0,0.0,0.0,0.0,0.0,1,
Arthur Rhodes*,41.0,2TM,2LG,0.0,23.0,1.0,1.0,0.0,0.0,0.0,0.0,0.0,0.0,0.0,0.0,0.0,1.0,0.0,0.0,0.0,0.0,-100.0,0.0,-155.0,0.0,0.0,0.0,0.0,0.0,0.0,1,
Arthur Rhodes*,41.0,TEX,AL,0.0,4.0,1.0,1.0,0.0,0.0,0.0,0.0,0.0,0.0,0.0,0.0,0.0,1.0,0.0,0.0,0.0,0.0,-100.0,0.0,-155.0,0.0,0.0,0.0,0.0,0.0,0.0,1,
Arthur Rhodes*,41.0,STL,NL,0.0,19.0,0.0,0.0,0.0,0.0,0.0,0.0,0.0,0.0,0.0,0.0,0.0,0.0,,,,,,,,0.0,0.0,0.0,0.0,0.0,0.0,1,
Asdrúbal Cabrera#,25.0,CLE,AL,4.7,151.0,667.0,604.0,87.0,165.0,32.0,3.0,25.0,92.0,17.0,5.0,44.0,119.0,0.273,0.332,0.46,0.792,121.0,0.349,120.0,278.0,10.0,11.0,4.0,4.0,5.0,*6,"AS,MVP-20,SS"
Atahualpa Severino*,26.0,WSN,NL,0.0,6.0,0.0,0.0,0.0,0.0,0.0,0.0,0.0,0.0,0.0,0.0,0.0,0.0,,,,,,,,0.0,0.0,0.0,0.0,0.0,0.0,/1,
Aubrey Huff*,34.0,SFG,NL,-0.2,150.0,579.0,521.0,45.0,128.0,27.0,1.0,12.0,59.0,5.0,3.0,47.0,90.0,0.246,0.306,0.37,0.676,92.0,0.313,96.0,193.0,11.0,2.0,0.0,9.0,6.0,*39H/7D,
Austin Jackson,24.0,DET,AL,4.6,153.0,668.0,591.0,90.0,147.0,22.0,11.0,10.0,45.0,22.0,5.0,56.0,181.0,0.249,0.317,0.374,0.69,88.0,0.317,87.0,221.0,11.0,4.0,14.0,3.0,3.0,*8/HD,
Austin Kearns,31.0,CLE,AL,-0.6,57.0,174.0,150.0,18.0,30.0,5.0,1.0,2.0,7.0,0.0,4.0,18.0,48.0,0.2,0.302,0.287,0.589,68.0,0.265,69.0,43.0,2.0,4.0,2.0,0.0,0.0,79/HD,
Austin Romine,22.0,NYY,AL,-0.2,9.0,20.0,19.0,2.0,3.0,0.0,0.0,0.0,0.0,0.0,0.0,1.0,5.0,0.158,0.2,0.158,0.358,-2.0,0.171,-20.0,3.0,0.0,0.0,0.0,0.0,0.0,/2DH,
B.J. Upton,26.0,TBR,AL,3.2,153.0,640.0,560.0,82.0,136.0,27.0,4.0,23.0,81.0,36.0,12.0,71.0,161.0,0.243,0.331,0.429,0.759,114.0,0.344,116.0,240.0,16.0,4.0,2.0,3.0,4.0,*8/H,
Barry Enright,25.0,ARI,NL,0.1,8.0,15.0,12.0,1.0,2.0,0.0,0.0,1.0,2.0,0.0,0.0,2.0,2.0,0.167,0.286,0.417,0.702,88.0,0.314,85.0,5.0,2.0,0.0,1.0,0.0,0.0,/1H,
Barry Zito*,33.0,SFG,NL,-0.2,12.0,14.0,13.0,0.0,0.0,0.0,0.0,0.0,0.0,0.0,0.0,1.0,5.0,0.0,0.071,0.0,0.071,-77.0,0.05,-99.0,0.0,1.0,0.0,0.0,0.0,0.0,1,
Bartolo Colon,38.0,NYY,AL,0.0,1.0,2.0,1.0,0.0,0.0,0.0,0.0,0.0,0.0,0.0,0.0,0.0,1.0,0.0,0.0,0.0,0.0,-100.0,0.0,-400.0,0.0,0.0,0.0,1.0,0.0,0.0,1,
Ben Francisco,29.0,PHI,NL,-0.8,100.0,293.0,250.0,24.0,61.0,10.0,1.0,6.0,34.0,4.0,4.0,33.0,42.0,0.244,0.34,0.364,0.704,94.0,0.318,93.0,91.0,5.0,5.0,2.0,3.0,1.0,9H7/D,
Ben Revere*,23.0,MIN,AL,0.9,117.0,481.0,450.0,56.0,120.0,9.0,5.0,0.0,30.0,34.0,9.0,26.0,41.0,0.267,0.31,0.309,0.619,72.0,0.298,73.0,139.0,7.0,2.0,3.0,0.0,1.0,87H/9D,
Ben Zobrist#,30.0,TBR,AL,7.6,156.0,674.0,588.0,99.0,158.0,46.0,6.0,20.0,91.0,19.0,6.0,77.0,128.0,0.269,0.353,0.469,0.822,131.0,0.366,133.0,276.0,9.0,2.0,2.0,5.0,1.0,*49/DH,MVP-16
Bill Bray*,28.0,CIN,NL,0.0,74.0,0.0,0.0,0.0,0.0,0.0,0.0,0.0,0.0,0.0,0.0,0.0,0.0,,,,,,,,0.0,0.0,0.0,0.0,0.0,0.0,1,
Bill Hall,31.0,2TM,NL,-1.4,62.0,199.0,185.0,24.0,39.0,9.0,2.0,2.0,14.0,3.0,2.0,11.0,63.0,0.211,0.261,0.314,0.575,60.0,0.254,48.0,58.0,3.0,2.0,0.0,1.0,1.0,4H/7D,
Bill Hall,31.0,HOU,NL,-1.0,46.0,158.0,147.0,18.0,33.0,7.0,2.0,2.0,13.0,1.0,1.0,8.0,55.0,0.224,0.272,0.34,0.612,69.0,0.268,58.0,50.0,1.0,2.0,0.0,1.0,1.0,4/H,
Bill Hall,31.0,SFG,NL,-0.4,16.0,41.0,38.0,6.0,6.0,2.0,0.0,0.0,1.0,2.0,1.0,3.0,8.0,0.158,0.22,0.211,0.43,24.0,0.2,12.0,8.0,2.0,0.0,0.0,0.0,0.0,4/H7D,
Billy Butler,25.0,KCR,AL,2.2,159.0,673.0,597.0,74.0,174.0,44.0,0.0,19.0,95.0,2.0,1.0,66.0,95.0,0.291,0.361,0.461,0.822,125.0,0.359,124.0,275.0,16.0,3.0,0.0,7.0,15.0,*D3/H,
Blaine Boyer,29.0,NYM,NL,0.0,5.0,0.0,0.0,0.0,0.0,0.0,0.0,0.0,0.0,0.0,0.0,0.0,0.0,,,,,,,,0.0,0.0,0.0,0.0,0.0,0.0,/1,
Blake Davis*,27.0,BAL,AL,0.2,25.0,65.0,59.0,6.0,15.0,3.0,1.0,1.0,6.0,1.0,1.0,6.0,13.0,0.254,0.323,0.39,0.713,94.0,0.326,99.0,23.0,1.0,0.0,0.0,0.0,0.0,4/H65,
Blake DeWitt*,25.0,CHC,NL,0.1,121.0,243.0,230.0,21.0,61.0,11.0,4.0,5.0,26.0,1.0,0.0,12.0,31.0,0.265,0.305,0.413,0.718,95.0,0.327,96.0,95.0,6.0,1.0,0.0,0.0,1.0,H745,
Blake Hawksworth,28.0,LAD,NL,0.0,47.0,1.0,1.0,0.0,0.0,0.0,0.0,0.0,0.0,0.0,0.0,0.0,1.0,0.0,0.0,0.0,0.0,-100.0,0.0,-136.0,0.0,0.0,0.0,0.0,0.0,0.0,1,
Blake Tekotte*,24.0,SDP,NL,-0.6,19.0,40.0,34.0,1.0,6.0,1.0,1.0,0.0,1.0,2.0,1.0,4.0,21.0,0.176,0.263,0.265,0.528,51.0,0.246,42.0,9.0,0.0,0.0,2.0,0.0,0.0,H/879,
Blake Wood,25.0,KCR,AL,0.0,4.0,1.0,1.0,0.0,0.0,0.0,0.0,0.0,0.0,0.0,0.0,0.0,1.0,0.0,0.0,0.0,0.0,-100.0,0.0,-145.0,0.0,0.0,0.0,0.0,0.0,0.0,1,
Bobby Abreu*,37.0,LAA,AL,1.6,142.0,585.0,502.0,54.0,127.0,30.0,1.0,8.0,60.0,21.0,5.0,78.0,113.0,0.253,0.353,0.365,0.717,105.0,0.334,109.0,183.0,8.0,1.0,1.0,3.0,5.0,D79/H,
Bobby Cassevah,25.0,LAA,AL,0.0,3.0,0.0,0.0,0.0,0.0,0.0,0.0,0.0,0.0,0.0,0.0,0.0,0.0,,,,,,,,0.0,0.0,0.0,0.0,0.0,0.0,1,
Bobby Jenks,30.0,BOS,AL,0.0,3.0,0.0,0.0,0.0,0.0,0.0,0.0,0.0,0.0,0.0,0.0,0.0,0.0,,,,,,,,0.0,0.0,0.0,0.0,0.0,0.0,1,
Bobby Parnell,26.0,NYM,NL,0.0,57.0,0.0,0.0,0.0,0.0,0.0,0.0,0.0,0.0,0.0,0.0,0.0,0.0,,,,,,,,0.0,0.0,0.0,0.0,0.0,0.0,1,
Bobby Wilson,28.0,LAA,AL,0.0,57.0,127.0,111.0,5.0,21.0,8.0,0.0,1.0,8.0,0.0,2.0,10.0,16.0,0.189,0.252,0.288,0.54,54.0,0.229,40.0,32.0,2.0,0.0,4.0,2.0,1.0,2/3HD,
Boone Logan,26.0,NYY,AL,0.0,4.0,1.0,0.0,0.0,0.0,0.0,0.0,0.0,0.0,0.0,0.0,0.0,0.0,,,,,,,,0.0,0.0,0.0,1.0,0.0,0.0,1,
Brad Bergesen*,25.0,BAL,AL,0.0,3.0,0.0,0.0,0.0,0.0,0.0,0.0,0.0,0.0,0.0,0.0,0.0,0.0,,,,,,,,0.0,0.0,0.0,0.0,0.0,0.0,1,
Brad Brach,25.0,SDP,NL,0.0,9.0,0.0,0.0,0.0,0.0,0.0,0.0,0.0,0.0,0.0,0.0,0.0,0.0,,,,,,,,0.0,0.0,0.0,0.0,0.0,0.0,/1,
Brad Emaus,25.0,NYM,NL,-0.7,14.0,42.0,37.0,2.0,6.0,0.0,0.0,0.0,1.0,0.0,0.0,4.0,9.0,0.162,0.262,0.162,0.424,23.0,0.192,0.0,6.0,3.0,1.0,0.0,0.0,1.0,4/H,
Brad Hand*,21.0,FLA,NL,-0.1,10.0,20.0,17.0,1.0,2.0,0.0,0.0,0.0,1.0,0.0,0.0,0.0,7.0,0.118,0.118,0.118,0.235,-35.0,0.107,-95.0,2.0,0.0,0.0,3.0,0.0,0.0,1,
Brad Hawpe*,32.0,SDP,NL,-0.4,62.0,216.0,195.0,19.0,45.0,10.0,0.0,4.0,19.0,0.0,0.0,19.0,68.0,0.231,0.301,0.344,0.645,83.0,0.293,80.0,67.0,7.0,1.0,0.0,1.0,2.0,3H/9D,
Brad Lidge,34.0,PHI,NL,0.0,25.0,0.0,0.0,0.0,0.0,0.0,0.0,0.0,0.0,0.0,0.0,0.0,0.0,,,,,,,,0.0,0.0,0.0,0.0,0.0,0.0,1,
Brad Lincoln*,26.0,PIT,NL,0.0,13.0,14.0,12.0,1.0,1.0,1.0,0.0,0.0,1.0,0.0,0.0,1.0,5.0,0.083,0.154,0.167,0.321,-10.0,0.152,-37.0,2.0,0.0,0.0,1.0,0.0,0.0,1/H,
Brad Peacock,23.0,WSN,NL,-0.1,3.0,4.0,4.0,0.0,0.0,0.0,0.0,0.0,0.0,0.0,0.0,0.0,2.0,0.0,0.0,0.0,0.0,-100.0,0.0,-142.0,0.0,0.0,0.0,0.0,0.0,0.0,/1,
Brad Penny,33.0,DET,AL,-0.1,2.0,4.0,4.0,0.0,0.0,0.0,0.0,0.0,0.0,0.0,0.0,0.0,3.0,0.0,0.0,0.0,0.0,-100.0,0.0,-142.0,0.0,0.0,0.0,0.0,0.0,0.0,1,
Brad Snyder*,29.0,CHC,NL,-0.2,8.0,9.0,9.0,1.0,1.0,0.0,0.0,0.0,0.0,0.0,0.0,0.0,6.0,0.111,0.111,0.111,0.222,-39.0,0.101,-70.0,1.0,0.0,0.0,0.0,0.0,0.0,/H7,
Brad Ziegler,31.0,2TM,2LG,0.0,27.0,0.0,0.0,0.0,0.0,0.0,0.0,0.0,0.0,0.0,0.0,0.0,0.0,,,,,,,,0.0,0.0,0.0,0.0,0.0,0.0,1,
Brad Ziegler,31.0,OAK,AL,0.0,4.0,0.0,0.0,0.0,0.0,0.0,0.0,0.0,0.0,0.0,0.0,0.0,0.0,,,,,,,,0.0,0.0,0.0,0.0,0.0,0.0,1,
Brad Ziegler,31.0,ARI,NL,0.0,23.0,0.0,0.0,0.0,0.0,0.0,0.0,0.0,0.0,0.0,0.0,0.0,0.0,,,,,,,,0.0,0.0,0.0,0.0,0.0,0.0,1,
Brandon Allen*,25.0,2TM,2LG,-0.2,52.0,195.0,175.0,23.0,35.0,9.0,2.0,6.0,18.0,3.0,0.0,18.0,68.0,0.2,0.277,0.377,0.654,79.0,0.296,74.0,66.0,0.0,1.0,0.0,1.0,3.0,3/H,
Brandon Allen*,25.0,ARI,NL,0.1,11.0,37.0,29.0,5.0,5.0,0.0,0.0,3.0,7.0,1.0,0.0,7.0,13.0,0.172,0.351,0.483,0.834,125.0,0.36,115.0,14.0,0.0,1.0,0.0,0.0,2.0,3/H,
Brandon Allen*,25.0,OAK,AL,-0.3,41.0,158.0,146.0,18.0,30.0,9.0,2.0,3.0,11.0,2.0,0.0,11.0,55.0,0.205,0.259,0.356,0.616,69.0,0.281,65.0,52.0,0.0,0.0,0.0,1.0,1.0,3,
Brandon Beachy,24.0,ATL,NL,-0.4,24.0,50.0,43.0,0.0,3.0,0.0,0.0,0.0,1.0,0.0,0.0,1.0,22.0,0.07,0.091,0.07,0.161,-55.0,0.099,-96.0,3.0,0.0,0.0,6.0,0.0,0.0,1,
Brandon Belt*,23.0,SFG,NL,0.9,63.0,209.0,187.0,21.0,42.0,6.0,1.0,9.0,18.0,3.0,2.0,20.0,57.0,0.225,0.306,0.412,0.718,103.0,0.329,109.0,77.0,3.0,2.0,0.0,0.0,1.0,37H/9,
Brandon Boggs#,28.0,MIL,NL,0.0,16.0,22.0,19.0,4.0,3.0,0.0,0.0,2.0,2.0,1.0,0.0,3.0,8.0,0.158,0.273,0.474,0.746,98.0,0.303,65.0,9.0,0.0,0.0,0.0,0.0,2.0,H/798,
Brandon Crawford*,24.0,SFG,NL,0.3,66.0,220.0,196.0,22.0,40.0,5.0,2.0,3.0,21.0,1.0,3.0,23.0,31.0,0.204,0.288,0.296,0.584,67.0,0.263,63.0,58.0,4.0,0.0,1.0,0.0,1.0,6/H,
Brandon Dickson,26.0,STL,NL,0.1,3.0,3.0,3.0,2.0,2.0,0.0,0.0,0.0,0.0,0.0,0.0,0.0,1.0,0.667,0.667,0.667,1.333,273.0,0.573,281.0,2.0,0.0,0.0,0.0,0.0,0.0,/1,
Brandon Gomes,26.0,TBR,AL,0.0,3.0,0.0,0.0,0.0,0.0,0.0,0.0,0.0,0.0,0.0,0.0,0.0,0.0,,,,,,,,0.0,0.0,0.0,0.0,0.0,0.0,1,
Brandon Guyer,25.0,TBR,AL,0.0,15.0,43.0,41.0,7.0,8.0,1.0,0.0,2.0,3.0,0.0,0.0,1.0,9.0,0.195,0.214,0.366,0.58,61.0,0.271,65.0,15.0,1.0,0.0,1.0,0.0,0.0,9/7DH,
Brandon Hicks,25.0,ATL,NL,-0.4,17.0,22.0,21.0,1.0,1.0,0.0,0.0,0.0,1.0,0.0,0.0,1.0,9.0,0.048,0.091,0.048,0.139,-61.0,0.073,-91.0,1.0,0.0,0.0,0.0,0.0,0.0,H/56,
Brandon Inge,34.0,DET,AL,-1.0,102.0,303.0,269.0,29.0,53.0,10.0,2.0,3.0,23.0,1.0,1.0,24.0,74.0,0.197,0.265,0.283,0.548,50.0,0.254,44.0,76.0,9.0,2.0,5.0,3.0,0.0,5/HD,
Brandon Kintzler,26.0,MIL,NL,0.0,9.0,1.0,1.0,0.0,0.0,0.0,0.0,0.0,0.0,0.0,0.0,0.0,1.0,0.0,0.0,0.0,0.0,-100.0,0.0,-136.0,0.0,0.0,0.0,0.0,0.0,0.0,/1,
Brandon Laird,23.0,NYY,AL,0.0,11.0,25.0,21.0,3.0,4.0,0.0,0.0,0.0,1.0,0.0,0.0,3.0,4.0,0.19,0.292,0.19,0.482,34.0,0.314,83.0,4.0,1.0,0.0,1.0,0.0,0.0,/53H,
Brandon League,28.0,SEA,AL,0.0,3.0,0.0,0.0,0.0,0.0,0.0,0.0,0.0,0.0,0.0,0.0,0.0,0.0,,,,,,,,0.0,0.0,0.0,0.0,0.0,0.0,1,AS
Brandon Lyon,31.0,HOU,NL,0.1,15.0,1.0,1.0,0.0,1.0,1.0,0.0,0.0,1.0,0.0,0.0,0.0,0.0,1.0,1.0,2.0,3.0,709.0,1.274,782.0,2.0,0.0,0.0,0.0,0.0,0.0,1,
Brandon Morrow,26.0,TOR,AL,-0.1,2.0,6.0,6.0,0.0,0.0,0.0,0.0,0.0,0.0,0.0,0.0,0.0,2.0,0.0,0.0,0.0,0.0,-100.0,0.0,-141.0,0.0,0.0,0.0,0.0,0.0,0.0,1,
Brandon Moss*,27.0,PHI,NL,-0.1,5.0,6.0,6.0,0.0,0.0,0.0,0.0,0.0,0.0,0.0,0.0,0.0,2.0,0.0,0.0,0.0,0.0,-100.0,0.0,-145.0,0.0,1.0,0.0,0.0,0.0,0.0,/H9,
Brandon Phillips,30.0,CIN,NL,4.9,150.0,675.0,610.0,94.0,183.0,38.0,2.0,18.0,82.0,14.0,9.0,44.0,85.0,0.3,0.353,0.457,0.81,118.0,0.361,121.0,279.0,15.0,9.0,5.0,6.0,3.0,*4/H,"AS,GG,SS"
Brandon Snyder,24.0,BAL,AL,-0.1,6.0,17.0,13.0,2.0,3.0,1.0,0.0,0.0,1.0,0.0,0.0,3.0,4.0,0.231,0.412,0.308,0.719,101.0,0.347,111.0,4.0,0.0,1.0,0.0,0.0,0.0,/3DH,
Brandon Wood,26.0,2TM,2LG,-0.9,105.0,272.0,250.0,26.0,54.0,10.0,0.0,7.0,31.0,0.0,0.0,19.0,73.0,0.216,0.27,0.34,0.61,71.0,0.284,71.0,85.0,6.0,0.0,2.0,1.0,2.0,56H3/4D,
Brandon Wood,26.0,LAA,AL,-0.2,6.0,15.0,14.0,1.0,2.0,1.0,0.0,0.0,0.0,0.0,0.0,0.0,8.0,0.143,0.143,0.214,0.357,0.0,0.219,24.0,3.0,1.0,0.0,1.0,0.0,0.0,/63,
Brandon Wood,26.0,PIT,NL,-0.7,99.0,257.0,236.0,25.0,52.0,9.0,0.0,7.0,31.0,0.0,0.0,19.0,65.0,0.22,0.277,0.347,0.625,75.0,0.288,74.0,82.0,5.0,0.0,1.0,1.0,2.0,56H/34D,
Brayan Peña#,29.0,KCR,AL,0.5,72.0,240.0,222.0,17.0,55.0,11.0,0.0,3.0,24.0,0.0,0.0,12.0,24.0,0.248,0.288,0.338,0.625,72.0,0.281,67.0,75.0,6.0,2.0,0.0,4.0,0.0,2/H,
Brayan Villarreal,24.0,DET,AL,0.0,1.0,0.0,0.0,0.0,0.0,0.0,0.0,0.0,0.0,0.0,0.0,0.0,0.0,,,,,,,,0.0,0.0,0.0,0.0,0.0,0.0,1,
Brendan Ryan,29.0,SEA,AL,4.2,123.0,494.0,436.0,51.0,108.0,19.0,3.0,3.0,39.0,13.0,3.0,34.0,87.0,0.248,0.313,0.326,0.639,85.0,0.297,86.0,142.0,7.0,10.0,9.0,5.0,0.0,*6/H,
Brennan Boesch*,26.0,DET,AL,2.5,115.0,472.0,428.0,75.0,121.0,25.0,1.0,16.0,54.0,5.0,3.0,35.0,83.0,0.283,0.341,0.458,0.799,116.0,0.353,117.0,196.0,7.0,5.0,0.0,4.0,2.0,79D/H,
Brent Lillibridge,27.0,CHW,AL,1.5,97.0,216.0,186.0,38.0,48.0,5.0,1.0,13.0,29.0,10.0,6.0,17.0,62.0,0.258,0.34,0.505,0.845,123.0,0.364,123.0,94.0,2.0,7.0,4.0,2.0,1.0,9H38/7D4,
Brent Morel,24.0,CHW,AL,1.3,126.0,444.0,413.0,44.0,101.0,18.0,1.0,10.0,41.0,5.0,4.0,22.0,57.0,0.245,0.287,0.366,0.653,74.0,0.306,79.0,151.0,8.0,3.0,5.0,1.0,0.0,*5/H,
Brett Anderson*,23.0,OAK,AL,0.0,1.0,1.0,1.0,0.0,0.0,0.0,0.0,0.0,0.0,0.0,0.0,0.0,0.0,0.0,0.0,0.0,0.0,-100.0,0.0,-145.0,0.0,0.0,0.0,0.0,0.0,0.0,1,
Brett Carroll,28.0,MIL,NL,-0.1,2.0,3.0,3.0,0.0,0.0,0.0,0.0,0.0,0.0,0.0,0.0,0.0,1.0,0.0,0.0,0.0,0.0,-100.0,0.0,-147.0,0.0,0.0,0.0,0.0,0.0,0.0,/8H,
Brett Gardner*,27.0,NYY,AL,4.1,159.0,588.0,510.0,87.0,132.0,19.0,8.0,7.0,36.0,49.0,13.0,60.0,93.0,0.259,0.345,0.369,0.713,92.0,0.331,89.0,188.0,5.0,8.0,8.0,2.0,1.0,*78/H,
Brett Hayes,27.0,FLA,NL,0.4,64.0,144.0,130.0,19.0,30.0,9.0,0.0,5.0,16.0,0.0,0.0,11.0,39.0,0.231,0.291,0.415,0.706,91.0,0.325,96.0,54.0,2.0,0.0,3.0,0.0,2.0,2H/379,
Brett Lawrie,21.0,TOR,AL,3.3,43.0,171.0,150.0,26.0,44.0,8.0,4.0,9.0,25.0,7.0,1.0,16.0,31.0,0.293,0.373,0.58,0.953,153.0,0.422,160.0,87.0,0.0,3.0,2.0,0.0,1.0,5,
Brett Myers,30.0,HOU,NL,0.0,32.0,71.0,63.0,3.0,10.0,1.0,0.0,0.0,0.0,0.0,0.0,4.0,22.0,0.159,0.209,0.175,0.384,8.0,0.181,-14.0,11.0,2.0,0.0,4.0,0.0,0.0,1,
Brett Pill,26.0,SFG,NL,0.7,15.0,53.0,50.0,7.0,15.0,3.0,2.0,2.0,9.0,0.0,1.0,2.0,8.0,0.3,0.321,0.56,0.881,146.0,0.367,143.0,28.0,2.0,0.0,0.0,1.0,0.0,3/H,
Brett Tomko,38.0,TEX,AL,0.0,1.0,0.0,0.0,0.0,0.0,0.0,0.0,0.0,0.0,0.0,0.0,0.0,0.0,,,,,,,,0.0,0.0,0.0,0.0,0.0,0.0,/1,
Brett Wallace*,24.0,HOU,NL,0.2,115.0,379.0,336.0,37.0,87.0,22.0,0.0,5.0,29.0,1.0,1.0,36.0,91.0,0.259,0.334,0.369,0.703,96.0,0.315,91.0,124.0,12.0,3.0,1.0,2.0,4.0,3H,
Brian Bixler,28.0,WSN,NL,-0.3,79.0,94.0,83.0,9.0,17.0,1.0,2.0,0.0,2.0,4.0,3.0,7.0,19.0,0.205,0.267,0.265,0.532,47.0,0.238,31.0,22.0,1.0,0.0,4.0,0.0,3.0,H75/9836D,
Brian Bogusevic*,27.0,HOU,NL,1.9,87.0,182.0,164.0,22.0,47.0,14.0,1.0,4.0,15.0,4.0,2.0,15.0,40.0,0.287,0.348,0.457,0.805,122.0,0.356,122.0,75.0,8.0,1.0,1.0,1.0,1.0,H97,
Brian Broderick,24.0,WSN,NL,0.0,11.0,0.0,0.0,0.0,0.0,0.0,0.0,0.0,0.0,0.0,0.0,0.0,0.0,,,,,,,,0.0,0.0,0.0,0.0,0.0,0.0,1,
Brian Bruney,29.0,CHW,AL,0.0,5.0,0.0,0.0,0.0,0.0,0.0,0.0,0.0,0.0,0.0,0.0,0.0,0.0,,,,,,,,0.0,0.0,0.0,0.0,0.0,0.0,1,
Brian Burres*,30.0,PIT,NL,0.0,5.0,3.0,3.0,0.0,0.0,0.0,0.0,0.0,0.0,0.0,0.0,0.0,1.0,0.0,0.0,0.0,0.0,-100.0,0.0,-138.0,0.0,0.0,0.0,0.0,0.0,0.0,/1,
Brian Dinkelman*,27.0,MIN,AL,-0.2,23.0,78.0,73.0,5.0,22.0,1.0,0.0,0.0,4.0,2.0,0.0,4.0,14.0,0.301,0.346,0.315,0.661,85.0,0.313,85.0,23.0,0.0,1.0,0.0,0.0,2.0,4/79DH,
Brian Duensing*,28.0,MIN,AL,-0.1,3.0,4.0,4.0,0.0,0.0,0.0,0.0,0.0,0.0,0.0,0.0,0.0,2.0,0.0,0.0,0.0,0.0,-100.0,0.0,-138.0,0.0,0.0,0.0,0.0,0.0,0.0,1/H,
Brian Fuentes*,35.0,OAK,AL,0.0,5.0,0.0,0.0,0.0,0.0,0.0,0.0,0.0,0.0,0.0,0.0,0.0,0.0,,,,,,,,0.0,0.0,0.0,0.0,0.0,0.0,1,
Brian Gordon*,32.0,NYY,AL,0.0,1.0,2.0,1.0,0.0,0.0,0.0,0.0,0.0,0.0,0.0,0.0,1.0,1.0,0.0,0.5,0.0,0.5,51.0,0.35,109.0,0.0,0.0,0.0,0.0,0.0,0.0,/1,
Brian Matusz*,24.0,BAL,AL,0.0,1.0,2.0,2.0,0.0,0.0,0.0,0.0,0.0,0.0,0.0,0.0,0.0,0.0,0.0,0.0,0.0,0.0,-100.0,0.0,-135.0,0.0,0.0,0.0,0.0,0.0,0.0,1,
Brian McCann*,27.0,ATL,NL,2.6,128.0,527.0,466.0,51.0,126.0,19.0,0.0,24.0,71.0,3.0,2.0,57.0,89.0,0.27,0.351,0.466,0.817,122.0,0.353,117.0,217.0,10.0,2.0,0.0,2.0,14.0,*2/HD,"AS,SS"
Brian Roberts#,33.0,BAL,AL,0.1,39.0,178.0,163.0,18.0,36.0,7.0,1.0,3.0,19.0,6.0,1.0,12.0,21.0,0.221,0.273,0.331,0.604,64.0,0.274,54.0,54.0,4.0,0.0,2.0,1.0,0.0,4,
Brian Sanches,32.0,FLA,NL,0.0,37.0,5.0,5.0,0.0,1.0,0.0,0.0,0.0,0.0,0.0,0.0,0.0,2.0,0.2,0.2,0.2,0.4,10.0,0.182,-11.0,1.0,1.0,0.0,0.0,0.0,0.0,1,
Brian Schneider*,34.0,PHI,NL,-0.9,41.0,139.0,125.0,11.0,22.0,4.0,0.0,2.0,9.0,0.0,0.0,11.0,35.0,0.176,0.246,0.256,0.502,38.0,0.229,23.0,32.0,3.0,1.0,1.0,1.0,1.0,2/H,
Brian Tallet*,33.0,STL,NL,0.0,16.0,0.0,0.0,0.0,0.0,0.0,0.0,0.0,0.0,0.0,0.0,0.0,0.0,,,,,,,,0.0,0.0,0.0,0.0,0.0,0.0,1,
Brian Wilson,29.0,SFG,NL,0.0,56.0,0.0,0.0,0.0,0.0,0.0,0.0,0.0,0.0,0.0,0.0,0.0,0.0,,,,,,,,0.0,0.0,0.0,0.0,0.0,0.0,1,AS
Bronson Arroyo,34.0,CIN,NL,-0.3,35.0,66.0,57.0,1.0,6.0,2.0,0.0,0.0,2.0,0.0,0.0,1.0,27.0,0.105,0.121,0.14,0.261,-29.0,0.117,-84.0,8.0,0.0,0.0,8.0,0.0,0.0,1/H,
Brooks Conrad#,31.0,ATL,NL,0.5,92.0,122.0,103.0,11.0,23.0,5.0,0.0,4.0,13.0,2.0,0.0,15.0,41.0,0.223,0.325,0.388,0.713,95.0,0.32,89.0,40.0,0.0,1.0,2.0,1.0,2.0,H4/53,
Bruce Billings,25.0,COL,NL,0.0,1.0,0.0,0.0,0.0,0.0,0.0,0.0,0.0,0.0,0.0,0.0,0.0,0.0,,,,,,,,0.0,0.0,0.0,0.0,0.0,0.0,/1,
Bruce Chen*,34.0,KCR,AL,0.0,1.0,2.0,1.0,0.0,0.0,0.0,0.0,0.0,0.0,0.0,0.0,0.0,1.0,0.0,0.0,0.0,0.0,-100.0,0.0,-391.0,0.0,0.0,0.0,1.0,0.0,0.0,1,
Bryan Augenstein,24.0,STL,NL,0.1,5.0,1.0,1.0,0.0,1.0,0.0,0.0,0.0,0.0,0.0,0.0,0.0,0.0,1.0,1.0,1.0,2.0,459.0,0.91,518.0,1.0,0.0,0.0,0.0,0.0,0.0,/1,
Bryan LaHair*,28.0,CHC,NL,0.2,20.0,69.0,59.0,9.0,17.0,5.0,1.0,2.0,6.0,0.0,0.0,9.0,18.0,0.288,0.377,0.508,0.885,141.0,0.383,139.0,30.0,1.0,0.0,0.0,1.0,0.0,/973H,
Bryan Petersen*,25.0,FLA,NL,0.6,74.0,241.0,204.0,18.0,54.0,13.0,3.0,2.0,10.0,7.0,1.0,26.0,49.0,0.265,0.357,0.387,0.744,105.0,0.343,105.0,79.0,4.0,5.0,3.0,3.0,2.0,87H9/1,
Bryan Shaw#,23.0,ARI,NL,0.0,31.0,0.0,0.0,0.0,0.0,0.0,0.0,0.0,0.0,0.0,0.0,0.0,0.0,,,,,,,,0.0,0.0,0.0,0.0,0.0,0.0,1,
Bud Norris,26.0,HOU,NL,-0.1,31.0,66.0,53.0,3.0,7.0,2.0,0.0,0.0,5.0,0.0,0.0,1.0,25.0,0.132,0.145,0.17,0.315,-13.0,0.142,-65.0,9.0,1.0,0.0,11.0,1.0,0.0,1,
Burke Badenhop,28.0,FLA,NL,0.2,45.0,8.0,7.0,1.0,2.0,1.0,0.0,0.0,1.0,0.0,0.0,1.0,5.0,0.286,0.375,0.429,0.804,120.0,0.36,121.0,3.0,0.0,0.0,0.0,0.0,0.0,1,
Buster Posey,24.0,SFG,NL,1.3,45.0,185.0,162.0,17.0,46.0,5.0,0.0,4.0,21.0,3.0,0.0,18.0,30.0,0.284,0.368,0.389,0.756,117.0,0.34,114.0,63.0,4.0,4.0,0.0,1.0,3.0,2/3H,
C.J. Wilson*,30.0,TEX,AL,0.1,2.0,5.0,4.0,1.0,1.0,0.0,1.0,0.0,0.0,0.0,0.0,0.0,0.0,0.25,0.25,0.75,1.0,151.0,0.396,151.0,3.0,0.0,0.0,1.0,0.0,0.0,1,"AS,CYA-6"
Cameron Maybin,24.0,SDP,NL,4.4,137.0,568.0,516.0,82.0,136.0,24.0,8.0,9.0,40.0,40.0,8.0,44.0,125.0,0.264,0.323,0.393,0.716,103.0,0.333,102.0,203.0,6.0,2.0,4.0,2.0,2.0,*8/H,
Carl Crawford*,29.0,BOS,AL,0.3,130.0,539.0,506.0,65.0,129.0,29.0,7.0,11.0,56.0,18.0,6.0,23.0,104.0,0.255,0.289,0.405,0.694,85.0,0.311,80.0,205.0,7.0,3.0,2.0,4.0,1.0,*7/DH,
Carl Pavano,35.0,MIN,AL,-0.1,2.0,6.0,6.0,0.0,0.0,0.0,0.0,0.0,0.0,0.0,0.0,0.0,4.0,0.0,0.0,0.0,0.0,-100.0,0.0,-137.0,0.0,0.0,0.0,0.0,0.0,0.0,1,
Carlos Beltrán#,34.0,2TM,NL,4.5,142.0,598.0,520.0,78.0,156.0,39.0,6.0,22.0,84.0,4.0,2.0,71.0,88.0,0.3,0.385,0.525,0.91,154.0,0.4,158.0,273.0,18.0,3.0,0.0,4.0,7.0,*9/HD,"AS,MVP-20"
Carlos Beltrán#,34.0,NYM,NL,3.4,98.0,419.0,353.0,61.0,102.0,30.0,2.0,15.0,66.0,3.0,0.0,60.0,61.0,0.289,0.391,0.513,0.904,151.0,0.401,157.0,181.0,9.0,2.0,0.0,4.0,6.0,9/HD,
Carlos Beltrán#,34.0,SFG,NL,1.2,44.0,179.0,167.0,17.0,54.0,9.0,4.0,7.0,18.0,1.0,2.0,11.0,27.0,0.323,0.369,0.551,0.92,159.0,0.396,162.0,92.0,9.0,1.0,0.0,0.0,1.0,9/H,
Carlos Carrasco,24.0,CLE,AL,-0.1,2.0,7.0,5.0,0.0,0.0,0.0,0.0,0.0,0.0,0.0,0.0,0.0,3.0,0.0,0.0,0.0,0.0,-100.0,0.0,-221.0,0.0,0.0,0.0,2.0,0.0,0.0,1,
Carlos Corporán#,27.0,HOU,NL,-0.7,52.0,173.0,154.0,9.0,29.0,8.0,1.0,0.0,11.0,0.0,0.0,10.0,49.0,0.188,0.253,0.253,0.506,41.0,0.22,18.0,39.0,5.0,4.0,3.0,2.0,4.0,2/H,
Carlos Fisher,28.0,CIN,NL,0.0,17.0,2.0,2.0,0.0,0.0,0.0,0.0,0.0,0.0,0.0,0.0,0.0,1.0,0.0,0.0,0.0,0.0,-100.0,0.0,-152.0,0.0,0.0,0.0,0.0,0.0,0.0,1,
Carlos González*,25.0,COL,NL,4.3,127.0,542.0,481.0,92.0,142.0,27.0,3.0,26.0,92.0,20.0,5.0,48.0,105.0,0.295,0.363,0.526,0.889,125.0,0.395,129.0,253.0,11.0,7.0,0.0,6.0,8.0,*798/H,
Carlos Guillén#,35.0,DET,AL,-0.3,28.0,102.0,95.0,8.0,22.0,2.0,1.0,3.0,13.0,1.0,1.0,5.0,16.0,0.232,0.265,0.368,0.633,71.0,0.281,65.0,35.0,4.0,0.0,0.0,2.0,0.0,4/H3D,
Carlos Gómez,25.0,MIL,NL,2.3,94.0,258.0,231.0,37.0,52.0,11.0,3.0,8.0,24.0,16.0,2.0,15.0,64.0,0.225,0.276,0.403,0.679,82.0,0.32,80.0,93.0,2.0,2.0,8.0,2.0,0.0,8H,
Carlos Lee,35.0,HOU,NL,3.9,155.0,653.0,585.0,66.0,161.0,38.0,4.0,18.0,94.0,4.0,3.0,59.0,60.0,0.275,0.342,0.446,0.788,117.0,0.358,124.0,261.0,9.0,3.0,0.0,6.0,8.0,73/DH,
Carlos Mármol,28.0,CHC,NL,0.0,72.0,0.0,0.0,0.0,0.0,0.0,0.0,0.0,0.0,0.0,0.0,0.0,0.0,,,,,,,,0.0,0.0,0.0,0.0,0.0,0.0,1,
Carlos Peguero*,24.0,SEA,AL,-0.1,46.0,155.0,143.0,14.0,28.0,3.0,2.0,6.0,19.0,0.0,1.0,8.0,54.0,0.196,0.252,0.371,0.622,76.0,0.262,65.0,53.0,0.0,3.0,0.0,1.0,2.0,7/9DH,
Carlos Peña*,33.0,CHC,NL,2.6,153.0,606.0,493.0,72.0,111.0,27.0,3.0,28.0,80.0,2.0,2.0,101.0,161.0,0.225,0.357,0.462,0.819,123.0,0.36,122.0,228.0,6.0,4.0,1.0,7.0,7.0,*3/H,
Carlos Quentin,28.0,CHW,AL,2.5,118.0,483.0,421.0,53.0,107.0,31.0,0.0,24.0,77.0,1.0,1.0,34.0,84.0,0.254,0.34,0.499,0.838,122.0,0.37,125.0,210.0,7.0,23.0,0.0,5.0,0.0,9D/H,AS
Carlos Ruiz,32.0,PHI,NL,2.9,132.0,472.0,410.0,49.0,116.0,23.0,0.0,6.0,40.0,1.0,0.0,48.0,48.0,0.283,0.371,0.383,0.754,108.0,0.351,115.0,157.0,7.0,10.0,3.0,1.0,10.0,*2H/5,MVP-23
Carlos Santana#,25.0,CLE,AL,4.1,155.0,658.0,552.0,84.0,132.0,35.0,2.0,27.0,79.0,5.0,3.0,97.0,133.0,0.239,0.351,0.457,0.808,126.0,0.35,123.0,252.0,15.0,2.0,0.0,7.0,7.0,23/HD,
Carlos Villanueva,27.0,TOR,AL,0.0,2.0,5.0,4.0,1.0,0.0,0.0,0.0,0.0,0.0,0.0,0.0,1.0,2.0,0.0,0.2,0.0,0.2,-39.0,0.14,-39.0,0.0,0.0,0.0,0.0,0.0,0.0,1,
Carlos Zambrano#,30.0,CHC,NL,0.8,22.0,48.0,44.0,8.0,14.0,2.0,0.0,2.0,5.0,0.0,0.0,2.0,14.0,0.318,0.348,0.5,0.848,130.0,0.366,127.0,22.0,0.0,0.0,2.0,0.0,0.0,1/H,
Casey Blake,37.0,LAD,NL,0.9,63.0,239.0,202.0,32.0,51.0,10.0,1.0,4.0,26.0,1.0,2.0,26.0,50.0,0.252,0.342,0.371,0.713,100.0,0.315,96.0,75.0,9.0,3.0,5.0,3.0,1.0,5H/37,
Casey Coleman*,23.0,CHC,NL,0.1,21.0,29.0,25.0,1.0,4.0,1.0,1.0,0.0,0.0,0.0,0.0,0.0,6.0,0.16,0.16,0.28,0.44,18.0,0.188,-23.0,7.0,0.0,0.0,4.0,0.0,0.0,1/H,
Casey Kotchman*,28.0,TBR,AL,3.6,146.0,563.0,500.0,44.0,153.0,24.0,2.0,10.0,48.0,2.0,2.0,48.0,66.0,0.306,0.378,0.422,0.8,127.0,0.364,134.0,211.0,13.0,12.0,0.0,3.0,5.0,*3/H,
Casey McGehee,28.0,MIL,NL,-0.7,155.0,600.0,546.0,46.0,122.0,24.0,2.0,13.0,67.0,0.0,3.0,45.0,104.0,0.223,0.28,0.346,0.626,69.0,0.281,63.0,189.0,19.0,1.0,0.0,8.0,4.0,*5/H3D,
Casper Wells,26.0,2TM,AL,1.8,95.0,241.0,215.0,30.0,51.0,11.0,0.0,11.0,27.0,3.0,2.0,18.0,71.0,0.237,0.317,0.442,0.759,110.0,0.334,110.0,95.0,3.0,7.0,1.0,0.0,2.0,97H/8D,
Casper Wells,26.0,DET,AL,1.0,64.0,125.0,113.0,16.0,29.0,10.0,0.0,4.0,12.0,1.0,0.0,9.0,29.0,0.257,0.323,0.451,0.774,108.0,0.345,109.0,51.0,2.0,2.0,1.0,0.0,0.0,9H/78D,
Casper Wells,26.0,SEA,AL,0.8,31.0,116.0,102.0,14.0,22.0,1.0,0.0,7.0,15.0,2.0,2.0,9.0,42.0,0.216,0.31,0.431,0.742,111.0,0.322,110.0,44.0,1.0,5.0,0.0,0.0,2.0,7/D98,
CC Sabathia*,30.0,NYY,AL,-0.1,1.0,3.0,3.0,0.0,0.0,0.0,0.0,0.0,0.0,0.0,0.0,0.0,1.0,0.0,0.0,0.0,0.0,-100.0,0.0,-144.0,0.0,0.0,0.0,0.0,0.0,0.0,1,"AS,CYA-4,MVP-14"
Cedric Hunter*,23.0,SDP,NL,0.0,6.0,5.0,4.0,1.0,1.0,0.0,0.0,0.0,0.0,0.0,1.0,1.0,0.0,0.25,0.4,0.25,0.65,90.0,0.223,102.0,1.0,0.0,0.0,0.0,0.0,0.0,/H8,
Chad Billingsley,26.0,LAD,NL,0.3,30.0,65.0,56.0,4.0,9.0,3.0,0.0,1.0,4.0,0.0,0.0,4.0,23.0,0.161,0.217,0.268,0.485,35.0,0.221,17.0,15.0,0.0,0.0,5.0,0.0,0.0,1,
Chad Durbin,33.0,CLE,AL,0.0,3.0,0.0,0.0,0.0,0.0,0.0,0.0,0.0,0.0,0.0,0.0,0.0,0.0,,,,,,,,0.0,0.0,0.0,0.0,0.0,0.0,1,
Chad Gaudin,28.0,WSN,NL,0.0,10.0,0.0,0.0,0.0,0.0,0.0,0.0,0.0,0.0,0.0,0.0,0.0,0.0,,,,,,,,0.0,0.0,0.0,0.0,0.0,0.0,1,
Chad Qualls,32.0,SDP,NL,0.0,73.0,0.0,0.0,0.0,0.0,0.0,0.0,0.0,0.0,0.0,0.0,0.0,0.0,,,,,,,,0.0,0.0,0.0,0.0,0.0,0.0,1,
Chad Reineke,29.0,CIN,NL,-0.1,2.0,2.0,2.0,0.0,0.0,0.0,0.0,0.0,0.0,0.0,0.0,0.0,1.0,0.0,0.0,0.0,0.0,-100.0,0.0,-152.0,0.0,1.0,0.0,0.0,0.0,0.0,/1,
Charlie Blackmon*,24.0,COL,NL,-0.7,27.0,102.0,98.0,9.0,25.0,1.0,0.0,1.0,8.0,5.0,1.0,3.0,8.0,0.255,0.277,0.296,0.573,47.0,0.288,46.0,29.0,2.0,0.0,1.0,0.0,1.0,7/8H,
Charlie Furbush*,25.0,DET,AL,0.0,2.0,0.0,0.0,0.0,0.0,0.0,0.0,0.0,0.0,0.0,0.0,0.0,0.0,,,,,,,,0.0,0.0,0.0,0.0,0.0,0.0,1,
Charlie Morton,27.0,PIT,NL,-0.3,29.0,64.0,50.0,0.0,4.0,3.0,0.0,0.0,2.0,0.0,0.0,1.0,29.0,0.08,0.094,0.14,0.234,-35.0,0.12,-82.0,7.0,0.0,0.0,11.0,2.0,0.0,1,
Chase d'Arnaud,24.0,PIT,NL,-0.4,48.0,151.0,143.0,17.0,31.0,6.0,2.0,0.0,6.0,12.0,2.0,4.0,36.0,0.217,0.242,0.287,0.528,48.0,0.257,41.0,41.0,3.0,1.0,2.0,1.0,0.0,65/H4,
Chase Headley#,27.0,SDP,NL,2.7,113.0,439.0,381.0,43.0,110.0,28.0,1.0,4.0,44.0,13.0,2.0,52.0,92.0,0.289,0.374,0.399,0.773,120.0,0.349,119.0,152.0,6.0,2.0,1.0,3.0,8.0,5/H,
Chase Utley*,32.0,PHI,NL,3.8,103.0,454.0,398.0,54.0,103.0,21.0,6.0,11.0,44.0,14.0,0.0,39.0,47.0,0.259,0.344,0.425,0.769,110.0,0.352,110.0,169.0,3.0,14.0,1.0,2.0,4.0,4/H,
Chien-Ming Wang,31.0,WSN,NL,-0.2,11.0,20.0,19.0,0.0,1.0,0.0,0.0,0.0,1.0,0.0,0.0,1.0,10.0,0.053,0.1,0.053,0.153,-56.0,0.08,-85.0,1.0,0.0,0.0,0.0,0.0,0.0,1,
Chin-lung Hu,27.0,NYM,NL,-0.4,22.0,23.0,20.0,2.0,1.0,0.0,0.0,0.0,1.0,1.0,0.0,1.0,11.0,0.05,0.091,0.05,0.141,-59.0,0.126,-62.0,1.0,0.0,0.0,1.0,1.0,0.0,H4/6,
Chipper Jones#,39.0,ATL,NL,2.5,126.0,512.0,455.0,56.0,125.0,33.0,1.0,18.0,70.0,2.0,2.0,51.0,80.0,0.275,0.344,0.47,0.814,121.0,0.36,122.0,214.0,10.0,0.0,0.0,6.0,10.0,*5H/D,AS
Chone Figgins#,33.0,SEA,AL,-0.9,81.0,313.0,288.0,24.0,54.0,11.0,1.0,1.0,15.0,11.0,6.0,21.0,42.0,0.188,0.241,0.243,0.484,40.0,0.242,49.0,70.0,6.0,0.0,2.0,2.0,1.0,5/H7,
Chris Capuano*,32.0,NYM,NL,-0.5,34.0,62.0,56.0,2.0,4.0,2.0,0.0,0.0,0.0,0.0,0.0,0.0,33.0,0.071,0.071,0.107,0.179,-51.0,0.092,-90.0,6.0,1.0,0.0,6.0,0.0,0.0,1/H,
Chris Carpenter,36.0,STL,NL,0.0,32.0,82.0,71.0,2.0,11.0,3.0,0.0,0.0,5.0,0.0,0.0,2.0,25.0,0.155,0.178,0.197,0.375,4.0,0.171,-30.0,14.0,0.0,0.0,9.0,0.0,0.0,1,
Chris Carpenter,25.0,CHC,NL,0.0,7.0,0.0,0.0,0.0,0.0,0.0,0.0,0.0,0.0,0.0,0.0,0.0,0.0,,,,,,,,0.0,0.0,0.0,0.0,0.0,0.0,1,
Chris Carter,24.0,OAK,AL,-0.7,15.0,46.0,44.0,2.0,6.0,0.0,0.0,0.0,0.0,0.0,0.0,2.0,20.0,0.136,0.174,0.136,0.31,-12.0,0.149,-28.0,6.0,1.0,0.0,0.0,0.0,0.0,3/DH,
Chris Coghlan*,26.0,FLA,NL,-1.3,65.0,298.0,269.0,33.0,62.0,20.0,1.0,5.0,22.0,7.0,6.0,22.0,49.0,0.23,0.296,0.368,0.664,81.0,0.29,72.0,99.0,3.0,4.0,1.0,2.0,3.0,8,
Chris Davis*,25.0,2TM,AL,-0.1,59.0,210.0,199.0,25.0,53.0,12.0,0.0,5.0,19.0,1.0,0.0,11.0,63.0,0.266,0.305,0.402,0.707,89.0,0.333,98.0,80.0,4.0,0.0,0.0,0.0,1.0,35/DH,
Chris Davis*,25.0,TEX,AL,-0.1,28.0,81.0,76.0,9.0,19.0,3.0,0.0,3.0,6.0,0.0,0.0,5.0,24.0,0.25,0.296,0.408,0.704,85.0,0.322,87.0,31.0,2.0,0.0,0.0,0.0,0.0,3/5DH,
Chris Davis*,25.0,BAL,AL,0.0,31.0,129.0,123.0,16.0,34.0,9.0,0.0,2.0,13.0,1.0,0.0,6.0,39.0,0.276,0.31,0.398,0.708,92.0,0.34,105.0,49.0,2.0,0.0,0.0,0.0,1.0,53,
Chris Denorfia,30.0,SDP,NL,1.1,111.0,340.0,307.0,38.0,85.0,13.0,2.0,5.0,19.0,11.0,6.0,28.0,49.0,0.277,0.337,0.381,0.718,104.0,0.325,104.0,117.0,10.0,1.0,2.0,2.0,1.0,97H8,
Chris Dickerson*,29.0,NYY,AL,0.3,60.0,55.0,50.0,9.0,13.0,2.0,0.0,1.0,7.0,4.0,0.0,2.0,17.0,0.26,0.296,0.36,0.656,75.0,0.34,89.0,18.0,1.0,1.0,1.0,1.0,0.0,97H/D,
Chris Getz*,27.0,KCR,AL,0.5,118.0,429.0,380.0,50.0,97.0,6.0,3.0,0.0,26.0,21.0,7.0,30.0,45.0,0.255,0.313,0.287,0.6,68.0,0.291,70.0,109.0,5.0,3.0,14.0,2.0,0.0,*4/H6D,
Chris Gimenez,28.0,SEA,AL,0.1,24.0,70.0,59.0,6.0,12.0,1.0,0.0,1.0,6.0,0.0,1.0,10.0,13.0,0.203,0.314,0.271,0.585,71.0,0.269,73.0,16.0,1.0,0.0,0.0,1.0,0.0,2/73,
Chris Hatcher#,26.0,FLA,NL,0.0,12.0,0.0,0.0,0.0,0.0,0.0,0.0,0.0,0.0,0.0,0.0,0.0,0.0,,,,,,,,0.0,0.0,0.0,0.0,0.0,0.0,1/H,
Chris Heisey,26.0,CIN,NL,1.7,120.0,308.0,279.0,44.0,71.0,9.0,1.0,18.0,50.0,6.0,1.0,19.0,78.0,0.254,0.309,0.487,0.797,112.0,0.365,120.0,136.0,1.0,5.0,1.0,4.0,3.0,7H89,
Chris Iannetta,28.0,COL,NL,3.1,112.0,426.0,345.0,51.0,82.0,17.0,1.0,14.0,55.0,6.0,3.0,70.0,89.0,0.238,0.37,0.414,0.785,101.0,0.359,106.0,143.0,10.0,5.0,2.0,4.0,5.0,2/H35,
Chris Jakubauskas*,32.0,BAL,AL,0.1,2.0,3.0,3.0,0.0,2.0,0.0,0.0,0.0,0.0,0.0,0.0,0.0,0.0,0.667,0.667,0.667,1.333,266.0,0.603,297.0,2.0,0.0,0.0,0.0,0.0,0.0,1/H,
Chris Johnson,26.0,HOU,NL,-0.8,107.0,405.0,378.0,32.0,95.0,21.0,3.0,7.0,42.0,2.0,2.0,16.0,97.0,0.251,0.291,0.378,0.67,85.0,0.296,78.0,143.0,2.0,7.0,0.0,4.0,3.0,5/H,
Chris Leroux*,27.0,PIT,NL,0.0,23.0,0.0,0.0,0.0,0.0,0.0,0.0,0.0,0.0,0.0,0.0,0.0,0.0,,,,,,,,0.0,0.0,0.0,0.0,0.0,0.0,1,
Chris Marrero,22.0,WSN,NL,-0.7,31.0,117.0,109.0,6.0,27.0,5.0,0.0,0.0,10.0,0.0,0.0,4.0,27.0,0.248,0.274,0.294,0.567,57.0,0.26,48.0,32.0,1.0,1.0,0.0,3.0,0.0,3/H,
Chris Narveson*,29.0,MIL,NL,0.0,29.0,59.0,49.0,2.0,8.0,2.0,0.0,0.0,5.0,0.0,0.0,3.0,19.0,0.163,0.212,0.204,0.416,14.0,0.192,-19.0,10.0,0.0,0.0,7.0,0.0,0.0,1,
Chris Nelson,25.0,COL,NL,-0.8,63.0,189.0,180.0,20.0,45.0,10.0,1.0,4.0,16.0,3.0,1.0,7.0,35.0,0.25,0.28,0.383,0.664,68.0,0.29,53.0,69.0,5.0,1.0,0.0,1.0,1.0,45H/6,
Chris Parmelee*,23.0,MIN,AL,1.4,21.0,88.0,76.0,8.0,27.0,6.0,0.0,4.0,14.0,0.0,0.0,12.0,13.0,0.355,0.443,0.592,1.035,183.0,0.458,195.0,45.0,3.0,0.0,0.0,0.0,0.0,3/H,
Chris Pettit,26.0,LAA,AL,0.0,1.0,0.0,0.0,0.0,0.0,0.0,0.0,0.0,0.0,0.0,0.0,0.0,0.0,,,,,,,,0.0,0.0,0.0,0.0,0.0,0.0,/H,
Chris Pérez,25.0,CLE,AL,0.0,2.0,0.0,0.0,0.0,0.0,0.0,0.0,0.0,0.0,0.0,0.0,0.0,0.0,,,,,,,,0.0,0.0,0.0,0.0,0.0,0.0,1,AS
Chris Ray,29.0,SEA,AL,0.0,3.0,0.0,0.0,0.0,0.0,0.0,0.0,0.0,0.0,0.0,0.0,0.0,0.0,,,,,,,,0.0,0.0,0.0,0.0,0.0,0.0,1,
Chris Resop,28.0,PIT,NL,0.0,72.0,0.0,0.0,0.0,0.0,0.0,0.0,0.0,0.0,0.0,0.0,0.0,0.0,,,,,,,,0.0,0.0,0.0,0.0,0.0,0.0,1,
Chris Sale*,22.0,CHW,AL,0.0,3.0,0.0,0.0,0.0,0.0,0.0,0.0,0.0,0.0,0.0,0.0,0.0,0.0,,,,,,,,0.0,0.0,0.0,0.0,0.0,0.0,1,
Chris Schwinden,24.0,NYM,NL,0.0,4.0,7.0,6.0,1.0,1.0,0.0,0.0,0.0,0.0,0.0,0.0,1.0,2.0,0.167,0.286,0.167,0.452,31.0,0.215,19.0,1.0,0.0,0.0,0.0,0.0,0.0,/1,
Chris Snyder,30.0,PIT,NL,0.8,34.0,119.0,96.0,13.0,26.0,3.0,0.0,3.0,17.0,0.0,1.0,17.0,23.0,0.271,0.376,0.396,0.772,118.0,0.358,130.0,38.0,2.0,1.0,2.0,3.0,0.0,2/H,
Chris Stewart,29.0,SFG,NL,1.3,67.0,183.0,162.0,20.0,33.0,8.0,0.0,3.0,10.0,0.0,0.0,16.0,18.0,0.204,0.283,0.309,0.592,69.0,0.275,67.0,50.0,2.0,2.0,3.0,0.0,4.0,2/H3,
Chris Valaika,25.0,CIN,NL,0.3,14.0,27.0,25.0,3.0,7.0,1.0,1.0,0.0,0.0,0.0,0.0,2.0,3.0,0.28,0.333,0.4,0.733,98.0,0.32,89.0,10.0,0.0,0.0,0.0,0.0,0.0,/H564,
Chris Volstad,24.0,FLA,NL,0.1,27.0,52.0,46.0,3.0,9.0,2.0,0.0,0.0,2.0,0.0,0.0,1.0,19.0,0.196,0.213,0.239,0.452,24.0,0.202,-5.0,11.0,1.0,0.0,5.0,0.0,0.0,1,
Chris Woodward,35.0,TOR,AL,-0.3,11.0,10.0,10.0,3.0,0.0,0.0,0.0,0.0,0.0,0.0,0.0,0.0,4.0,0.0,0.0,0.0,0.0,-100.0,0.0,-142.0,0.0,0.0,0.0,0.0,0.0,0.0,/HD456,
Chris Young,27.0,ARI,NL,4.6,156.0,659.0,567.0,89.0,134.0,38.0,3.0,20.0,71.0,22.0,9.0,80.0,139.0,0.236,0.331,0.42,0.751,103.0,0.339,103.0,238.0,3.0,4.0,1.0,7.0,4.0,*8/H,
Chris Young,32.0,NYM,NL,0.1,4.0,11.0,9.0,1.0,3.0,0.0,0.0,0.0,2.0,0.0,0.0,0.0,4.0,0.333,0.333,0.333,0.667,88.0,0.292,71.0,3.0,0.0,0.0,2.0,0.0,0.0,/1,
Clay Hensley,31.0,FLA,NL,-0.2,37.0,17.0,14.0,0.0,0.0,0.0,0.0,0.0,0.0,0.0,0.0,1.0,5.0,0.0,0.067,0.0,0.067,-80.0,0.046,-140.0,0.0,0.0,0.0,2.0,0.0,0.0,1,
Clay Rapada,30.0,BAL,AL,0.0,2.0,0.0,0.0,0.0,0.0,0.0,0.0,0.0,0.0,0.0,0.0,0.0,0.0,,,,,,,,0.0,0.0,0.0,0.0,0.0,0.0,1,
Clayton Kershaw*,23.0,LAD,NL,0.7,32.0,86.0,71.0,10.0,16.0,0.0,0.0,0.0,4.0,0.0,0.0,3.0,13.0,0.225,0.267,0.225,0.492,40.0,0.236,25.0,16.0,1.0,1.0,11.0,0.0,0.0,1,"AS,CYA-1,MVP-12,GG"
Clayton Mortensen,26.0,COL,NL,-0.2,15.0,15.0,13.0,1.0,0.0,0.0,0.0,0.0,1.0,0.0,0.0,1.0,9.0,0.0,0.067,0.0,0.067,-81.0,0.046,-127.0,0.0,1.0,0.0,0.0,1.0,0.0,1,
Clayton Richard*,27.0,SDP,NL,-0.1,18.0,32.0,28.0,0.0,3.0,1.0,0.0,0.0,2.0,0.0,0.0,1.0,12.0,0.107,0.138,0.143,0.281,-20.0,0.131,-55.0,4.0,1.0,0.0,3.0,0.0,0.0,1/H,
Cliff Lee*,32.0,PHI,NL,0.5,34.0,82.0,75.0,6.0,15.0,2.0,0.0,2.0,7.0,1.0,0.0,1.0,26.0,0.2,0.208,0.307,0.514,39.0,0.251,34.0,23.0,2.0,0.0,5.0,1.0,0.0,1/H,"AS,CYA-3,MVP-15"
Cliff Pennington#,27.0,OAK,AL,0.6,148.0,570.0,515.0,57.0,136.0,26.0,2.0,8.0,58.0,14.0,9.0,42.0,104.0,0.264,0.319,0.369,0.687,90.0,0.307,88.0,190.0,5.0,1.0,8.0,4.0,1.0,*6/HD,
Clint Barmes,32.0,HOU,NL,3.4,123.0,495.0,446.0,47.0,109.0,27.0,0.0,12.0,39.0,3.0,1.0,38.0,88.0,0.244,0.312,0.386,0.698,93.0,0.318,93.0,172.0,9.0,7.0,2.0,2.0,2.0,*6/H,
Coco Crisp#,31.0,OAK,AL,2.5,136.0,583.0,531.0,69.0,140.0,27.0,5.0,8.0,54.0,49.0,9.0,41.0,65.0,0.264,0.314,0.379,0.693,91.0,0.327,92.0,201.0,11.0,1.0,4.0,6.0,2.0,*8/HD,
Cody Ransom,35.0,ARI,NL,-0.2,12.0,37.0,33.0,3.0,5.0,2.0,0.0,1.0,4.0,1.0,0.0,3.0,9.0,0.152,0.243,0.303,0.546,48.0,0.258,39.0,10.0,3.0,1.0,0.0,0.0,0.0,/65H,
Cody Ross,30.0,SFG,NL,0.5,121.0,461.0,405.0,54.0,97.0,25.0,0.0,14.0,52.0,5.0,2.0,49.0,96.0,0.24,0.325,0.405,0.73,107.0,0.33,109.0,164.0,10.0,4.0,0.0,3.0,4.0,*798/H,
Colby Lewis,31.0,TEX,AL,0.0,3.0,8.0,8.0,0.0,1.0,1.0,0.0,0.0,0.0,0.0,0.0,0.0,2.0,0.125,0.125,0.25,0.375,-4.0,0.157,-33.0,2.0,0.0,0.0,0.0,0.0,0.0,1,
Colby Rasmus*,24.0,2TM,2LG,0.5,129.0,526.0,471.0,75.0,106.0,24.0,6.0,14.0,53.0,5.0,2.0,50.0,116.0,0.225,0.298,0.391,0.688,88.0,0.306,82.0,184.0,10.0,0.0,2.0,3.0,2.0,*8/H,
Colby Rasmus*,24.0,STL,NL,1.6,94.0,386.0,338.0,61.0,83.0,14.0,6.0,11.0,40.0,5.0,2.0,45.0,77.0,0.246,0.332,0.42,0.753,108.0,0.335,106.0,142.0,8.0,0.0,1.0,2.0,2.0,8/H,
Colby Rasmus*,24.0,TOR,AL,-1.1,35.0,140.0,133.0,14.0,23.0,10.0,0.0,3.0,13.0,0.0,0.0,5.0,39.0,0.173,0.201,0.316,0.517,37.0,0.223,19.0,42.0,2.0,0.0,1.0,1.0,0.0,8,
Cole Garner,26.0,COL,NL,-0.1,4.0,10.0,9.0,1.0,2.0,0.0,0.0,0.0,3.0,0.0,0.0,1.0,6.0,0.222,0.3,0.222,0.522,37.0,0.241,18.0,2.0,0.0,0.0,0.0,0.0,0.0,/7H9,
Cole Gillespie,27.0,ARI,NL,0.1,5.0,7.0,6.0,2.0,2.0,0.0,0.0,1.0,4.0,0.0,0.0,1.0,1.0,0.333,0.429,0.833,1.262,234.0,0.515,235.0,5.0,0.0,0.0,0.0,0.0,0.0,/79H,
Cole Hamels*,27.0,PHI,NL,-0.1,32.0,75.0,69.0,2.0,11.0,0.0,1.0,0.0,3.0,0.0,1.0,3.0,33.0,0.159,0.194,0.188,0.383,6.0,0.168,-20.0,13.0,2.0,0.0,3.0,0.0,0.0,1/H,"AS,CYA-5"
Cole Kimball,25.0,WSN,NL,0.0,11.0,2.0,1.0,1.0,0.0,0.0,0.0,0.0,0.0,0.0,0.0,1.0,1.0,0.0,0.5,0.0,0.5,53.0,0.348,114.0,0.0,0.0,0.0,0.0,0.0,0.0,1,
Collin Balester,25.0,WSN,NL,-0.1,21.0,5.0,4.0,0.0,0.0,0.0,0.0,0.0,0.0,0.0,0.0,0.0,0.0,0.0,0.0,0.0,0.0,-100.0,0.0,-202.0,0.0,0.0,0.0,1.0,0.0,0.0,1,
Collin Cowgill,25.0,ARI,NL,0.5,36.0,100.0,92.0,8.0,22.0,3.0,0.0,1.0,9.0,4.0,2.0,8.0,28.0,0.239,0.3,0.304,0.604,65.0,0.29,67.0,28.0,0.0,0.0,0.0,0.0,1.0,7H8,
Conor Gillaspie*,23.0,SFG,NL,0.0,15.0,21.0,19.0,2.0,5.0,0.0,0.0,1.0,2.0,0.0,0.0,2.0,1.0,0.263,0.333,0.421,0.754,114.0,0.34,116.0,8.0,0.0,0.0,0.0,0.0,0.0,H/5,
Conor Jackson,29.0,2TM,AL,0.0,114.0,390.0,352.0,32.0,86.0,17.0,1.0,5.0,43.0,3.0,1.0,32.0,53.0,0.244,0.31,0.341,0.651,81.0,0.305,84.0,120.0,13.0,3.0,0.0,3.0,0.0,397H/5D,
Conor Jackson,29.0,OAK,AL,0.4,102.0,368.0,333.0,30.0,83.0,17.0,1.0,4.0,38.0,3.0,1.0,30.0,50.0,0.249,0.315,0.342,0.658,83.0,0.309,87.0,114.0,12.0,3.0,0.0,2.0,0.0,397H/5,
Conor Jackson,29.0,BOS,AL,-0.4,12.0,22.0,19.0,2.0,3.0,0.0,0.0,1.0,5.0,0.0,0.0,2.0,3.0,0.158,0.227,0.316,0.543,45.0,0.238,30.0,6.0,1.0,0.0,0.0,1.0,0.0,/H3795D,
Cord Phelps#,24.0,CLE,AL,-0.9,35.0,80.0,71.0,10.0,11.0,2.0,1.0,1.0,6.0,1.0,0.0,8.0,17.0,0.155,0.241,0.254,0.494,40.0,0.241,40.0,18.0,2.0,0.0,1.0,0.0,0.0,4HD,
Corey Brown*,25.0,WSN,NL,-0.1,3.0,3.0,3.0,0.0,0.0,0.0,0.0,0.0,0.0,0.0,0.0,0.0,2.0,0.0,0.0,0.0,0.0,-100.0,0.0,-144.0,0.0,0.0,0.0,0.0,0.0,0.0,/H,
Corey Hart,29.0,MIL,NL,3.2,130.0,551.0,492.0,80.0,140.0,25.0,4.0,26.0,63.0,7.0,6.0,51.0,114.0,0.285,0.356,0.51,0.866,133.0,0.387,141.0,251.0,12.0,4.0,3.0,1.0,1.0,*9/H,
Corey Patterson*,31.0,2TM,2LG,-0.7,133.0,397.0,368.0,49.0,88.0,20.0,3.0,6.0,36.0,13.0,9.0,17.0,77.0,0.239,0.273,0.359,0.632,70.0,0.283,66.0,132.0,8.0,1.0,9.0,2.0,1.0,*78H9/D,
Corey Patterson*,31.0,TOR,AL,-0.3,89.0,341.0,317.0,44.0,80.0,16.0,3.0,6.0,33.0,13.0,8.0,15.0,65.0,0.252,0.287,0.379,0.665,78.0,0.294,73.0,120.0,7.0,1.0,6.0,2.0,1.0,78/9HD,
Corey Patterson*,31.0,STL,NL,-0.4,44.0,56.0,51.0,5.0,8.0,4.0,0.0,0.0,3.0,0.0,1.0,2.0,12.0,0.157,0.189,0.235,0.424,17.0,0.212,18.0,12.0,1.0,0.0,3.0,0.0,0.0,H98/7,
Cory Gearrin,25.0,ATL,NL,0.0,18.0,0.0,0.0,0.0,0.0,0.0,0.0,0.0,0.0,0.0,0.0,0.0,0.0,,,,,,,,0.0,0.0,0.0,0.0,0.0,0.0,1,
Cory Luebke,26.0,SDP,NL,0.3,44.0,36.0,33.0,3.0,7.0,0.0,0.0,0.0,0.0,0.0,0.0,2.0,16.0,0.212,0.257,0.212,0.469,35.0,0.242,41.0,7.0,0.0,0.0,1.0,0.0,0.0,1/H,
Cory Wade,28.0,NYY,AL,0.0,4.0,0.0,0.0,0.0,0.0,0.0,0.0,0.0,0.0,0.0,0.0,0.0,0.0,,,,,,,,0.0,0.0,0.0,0.0,0.0,0.0,1,
Craig Breslow*,30.0,OAK,AL,0.0,5.0,0.0,0.0,0.0,0.0,0.0,0.0,0.0,0.0,0.0,0.0,0.0,0.0,,,,,,,,0.0,0.0,0.0,0.0,0.0,0.0,1,
Craig Counsell*,40.0,MIL,NL,0.2,107.0,187.0,157.0,19.0,28.0,2.0,1.0,1.0,9.0,2.0,1.0,20.0,21.0,0.178,0.28,0.223,0.503,39.0,0.237,25.0,35.0,1.0,3.0,5.0,2.0,2.0,H465/7,
Craig Gentry,27.0,TEX,AL,1.6,64.0,153.0,133.0,26.0,36.0,5.0,1.0,1.0,13.0,18.0,0.0,10.0,27.0,0.271,0.347,0.346,0.693,85.0,0.342,80.0,46.0,2.0,6.0,3.0,1.0,1.0,8H/97D,
Craig Kimbrel,23.0,ATL,NL,0.0,75.0,0.0,0.0,0.0,0.0,0.0,0.0,0.0,0.0,0.0,0.0,0.0,0.0,,,,,,,,0.0,0.0,0.0,0.0,0.0,0.0,1,"AS,CYA-9,MVP-23,ROY-1"
Craig Stammen,27.0,WSN,NL,0.0,7.0,2.0,2.0,1.0,1.0,0.0,0.0,0.0,0.0,0.0,0.0,0.0,0.0,0.5,0.5,0.5,1.0,177.0,0.404,157.0,1.0,0.0,0.0,0.0,0.0,0.0,/1,
Craig Tatum,28.0,BAL,AL,-0.1,31.0,96.0,87.0,7.0,17.0,3.0,0.0,0.0,7.0,1.0,0.0,6.0,21.0,0.195,0.245,0.23,0.475,31.0,0.23,23.0,20.0,7.0,0.0,2.0,1.0,0.0,2/3,
Cristhian Martínez,29.0,ATL,NL,0.1,45.0,8.0,6.0,0.0,2.0,1.0,0.0,0.0,2.0,0.0,0.0,0.0,1.0,0.333,0.333,0.5,0.833,125.0,0.364,133.0,3.0,0.0,0.0,2.0,0.0,0.0,1,
Curtis Granderson*,30.0,NYY,AL,6.1,156.0,691.0,583.0,136.0,153.0,26.0,10.0,41.0,119.0,25.0,10.0,85.0,169.0,0.262,0.364,0.552,0.916,142.0,0.394,141.0,322.0,12.0,12.0,4.0,7.0,0.0,*8/HD,"AS,MVP-4,SS"
César Izturis#,31.0,BAL,AL,0.1,18.0,33.0,30.0,4.0,6.0,0.0,0.0,0.0,1.0,0.0,0.0,2.0,10.0,0.2,0.25,0.2,0.45,25.0,0.21,10.0,6.0,0.0,0.0,1.0,0.0,0.0,6/4H5D,
César Ramos*,27.0,TBR,AL,0.0,6.0,0.0,0.0,0.0,0.0,0.0,0.0,0.0,0.0,0.0,0.0,0.0,0.0,,,,,,,,0.0,0.0,0.0,0.0,0.0,0.0,1,
D.J. Carrasco,34.0,NYM,NL,0.0,38.0,1.0,0.0,0.0,0.0,0.0,0.0,0.0,0.0,0.0,0.0,0.0,0.0,,,,,,,,0.0,0.0,0.0,1.0,0.0,0.0,1,
Dale Thayer,30.0,NYM,NL,0.0,11.0,0.0,0.0,0.0,0.0,0.0,0.0,0.0,0.0,0.0,0.0,0.0,0.0,,,,,,,,0.0,0.0,0.0,0.0,0.0,0.0,1,
Dallas McPherson*,30.0,CHW,AL,-0.2,11.0,15.0,15.0,1.0,2.0,0.0,0.0,0.0,0.0,0.0,0.0,0.0,7.0,0.133,0.133,0.133,0.267,-28.0,0.181,-12.0,2.0,0.0,0.0,0.0,0.0,0.0,/35H,
Dan Haren,30.0,LAA,AL,0.1,2.0,4.0,3.0,0.0,1.0,0.0,0.0,0.0,1.0,0.0,0.0,0.0,1.0,0.333,0.333,0.333,0.667,91.0,0.302,85.0,1.0,0.0,0.0,1.0,0.0,0.0,1,CYA-7
Dan Johnson*,31.0,TBR,AL,-0.9,31.0,91.0,84.0,7.0,10.0,1.0,0.0,2.0,4.0,0.0,0.0,6.0,18.0,0.119,0.187,0.202,0.389,11.0,0.182,2.0,17.0,3.0,1.0,0.0,0.0,0.0,3/H5D,
Dan Runzler*,26.0,SFG,NL,0.1,31.0,1.0,0.0,0.0,0.0,0.0,0.0,0.0,0.0,0.0,0.0,1.0,0.0,,1.0,,,,0.697,373.0,0.0,0.0,0.0,0.0,0.0,0.0,1,
Dan Uggla,31.0,ATL,NL,1.6,161.0,672.0,600.0,88.0,140.0,22.0,1.0,36.0,82.0,1.0,3.0,62.0,156.0,0.233,0.311,0.453,0.764,107.0,0.341,109.0,272.0,9.0,7.0,0.0,3.0,2.0,*4/H,
Dan Wheeler,33.0,BOS,AL,0.0,3.0,0.0,0.0,0.0,0.0,0.0,0.0,0.0,0.0,0.0,0.0,0.0,0.0,,,,,,,,0.0,0.0,0.0,0.0,0.0,0.0,1,
Dana Eveland*,27.0,LAD,NL,-0.1,5.0,11.0,9.0,0.0,0.0,0.0,0.0,0.0,0.0,0.0,0.0,1.0,7.0,0.0,0.1,0.0,0.1,-69.0,0.07,-108.0,0.0,0.0,0.0,1.0,0.0,0.0,/1,
Dane Sardinha,32.0,PHI,NL,0.2,15.0,43.0,32.0,8.0,7.0,1.0,0.0,0.0,1.0,0.0,0.0,10.0,13.0,0.219,0.419,0.25,0.669,89.0,0.346,112.0,8.0,0.0,1.0,0.0,0.0,1.0,2/H,
Daniel Bard,26.0,BOS,AL,0.0,5.0,0.0,0.0,0.0,0.0,0.0,0.0,0.0,0.0,0.0,0.0,0.0,0.0,,,,,,,,0.0,0.0,0.0,0.0,0.0,0.0,1,
Daniel Descalso*,24.0,STL,NL,0.7,148.0,375.0,326.0,35.0,86.0,20.0,3.0,1.0,28.0,2.0,2.0,33.0,65.0,0.264,0.334,0.353,0.687,92.0,0.318,94.0,115.0,3.0,3.0,10.0,3.0,9.0,*5H46,
Daniel Hudson,24.0,ARI,NL,0.8,32.0,79.0,65.0,5.0,18.0,3.0,0.0,1.0,14.0,0.0,0.0,3.0,21.0,0.277,0.309,0.369,0.678,84.0,0.305,75.0,24.0,2.0,0.0,11.0,0.0,0.0,1,SS
Daniel McCutchen,28.0,PIT,NL,-0.1,73.0,6.0,5.0,0.0,0.0,0.0,0.0,0.0,0.0,0.0,0.0,0.0,0.0,0.0,0.0,0.0,0.0,-100.0,0.0,-189.0,0.0,0.0,0.0,1.0,0.0,0.0,1,
Daniel Moskos,25.0,PIT,NL,0.0,30.0,0.0,0.0,0.0,0.0,0.0,0.0,0.0,0.0,0.0,0.0,0.0,0.0,,,,,,,,0.0,0.0,0.0,0.0,0.0,0.0,1,
Daniel Murphy*,26.0,NYM,NL,2.8,109.0,423.0,391.0,49.0,125.0,28.0,2.0,6.0,49.0,5.0,5.0,24.0,42.0,0.32,0.362,0.448,0.809,126.0,0.362,131.0,175.0,14.0,3.0,3.0,2.0,2.0,354H/7,
Daniel Schlereth*,25.0,DET,AL,0.0,4.0,0.0,0.0,0.0,0.0,0.0,0.0,0.0,0.0,0.0,0.0,0.0,0.0,,,,,,,,0.0,0.0,0.0,0.0,0.0,0.0,1,
Danny Duffy*,22.0,KCR,AL,0.0,2.0,3.0,3.0,0.0,0.0,0.0,0.0,0.0,0.0,0.0,0.0,0.0,2.0,0.0,0.0,0.0,0.0,-100.0,0.0,-135.0,0.0,0.0,0.0,0.0,0.0,0.0,1,
Danny Espinosa#,24.0,WSN,NL,2.9,158.0,658.0,573.0,72.0,135.0,29.0,5.0,21.0,66.0,17.0,6.0,57.0,166.0,0.236,0.323,0.414,0.737,102.0,0.329,98.0,237.0,6.0,19.0,5.0,4.0,4.0,*4/H,ROY-6
Danny Herrera*,26.0,2TM,NL,0.0,17.0,0.0,0.0,0.0,0.0,0.0,0.0,0.0,0.0,0.0,0.0,0.0,0.0,,,,,,,,0.0,0.0,0.0,0.0,0.0,0.0,1,
Danny Herrera*,26.0,MIL,NL,0.0,1.0,0.0,0.0,0.0,0.0,0.0,0.0,0.0,0.0,0.0,0.0,0.0,0.0,,,,,,,,0.0,0.0,0.0,0.0,0.0,0.0,/1,
Danny Herrera*,26.0,NYM,NL,0.0,16.0,0.0,0.0,0.0,0.0,0.0,0.0,0.0,0.0,0.0,0.0,0.0,0.0,,,,,,,,0.0,0.0,0.0,0.0,0.0,0.0,1,
Danny Valencia,26.0,MIN,AL,-0.4,154.0,608.0,564.0,63.0,139.0,28.0,2.0,15.0,72.0,2.0,6.0,40.0,102.0,0.246,0.294,0.383,0.677,86.0,0.304,86.0,216.0,15.0,0.0,0.0,4.0,2.0,*5/DH,
Danny Worth,25.0,DET,AL,0.0,30.0,39.0,37.0,6.0,10.0,2.0,0.0,0.0,3.0,0.0,0.0,2.0,9.0,0.27,0.308,0.324,0.632,73.0,0.281,64.0,12.0,0.0,0.0,0.0,0.0,0.0,45/H,
Danys Báez,33.0,PHI,NL,0.0,28.0,2.0,2.0,0.0,0.0,0.0,0.0,0.0,0.0,0.0,0.0,0.0,1.0,0.0,0.0,0.0,0.0,-100.0,0.0,-148.0,0.0,0.0,0.0,0.0,0.0,0.0,1,
Daric Barton*,25.0,OAK,AL,0.1,67.0,280.0,236.0,27.0,50.0,13.0,0.0,0.0,21.0,2.0,1.0,39.0,47.0,0.212,0.325,0.267,0.592,67.0,0.285,70.0,63.0,6.0,2.0,0.0,3.0,3.0,3/H,
Darin Mastroianni,25.0,TOR,AL,-0.2,1.0,3.0,2.0,0.0,0.0,0.0,0.0,0.0,0.0,0.0,0.0,0.0,1.0,0.0,0.0,0.0,0.0,-100.0,0.0,-257.0,0.0,0.0,0.0,1.0,0.0,0.0,/8,
Darnell McDonald,32.0,BOS,AL,0.4,79.0,175.0,157.0,26.0,37.0,6.0,1.0,6.0,24.0,2.0,3.0,14.0,33.0,0.236,0.303,0.401,0.704,88.0,0.316,91.0,63.0,3.0,2.0,0.0,2.0,0.0,97H8/D1,
Darren Ford,25.0,SFG,NL,0.2,26.0,16.0,14.0,7.0,4.0,0.0,0.0,0.0,0.0,7.0,5.0,1.0,5.0,0.286,0.375,0.286,0.661,92.0,0.269,97.0,4.0,0.0,1.0,0.0,0.0,0.0,H8,
Darren Oliver,40.0,TEX,AL,0.0,2.0,0.0,0.0,0.0,0.0,0.0,0.0,0.0,0.0,0.0,0.0,0.0,0.0,,,,,,,,0.0,0.0,0.0,0.0,0.0,0.0,1,
Darwin Barney,25.0,CHC,NL,1.8,143.0,571.0,529.0,66.0,146.0,23.0,6.0,2.0,43.0,9.0,2.0,22.0,67.0,0.276,0.313,0.353,0.666,83.0,0.314,86.0,187.0,14.0,8.0,7.0,4.0,2.0,*4/H6,ROY-7
Daryl Thompson,25.0,CIN,NL,0.0,1.0,1.0,1.0,0.0,0.0,0.0,0.0,0.0,0.0,0.0,0.0,0.0,1.0,0.0,0.0,0.0,0.0,-100.0,0.0,-136.0,0.0,0.0,0.0,0.0,0.0,0.0,/1,
Dave Bush,31.0,TEX,AL,0.0,3.0,0.0,0.0,0.0,0.0,0.0,0.0,0.0,0.0,0.0,0.0,0.0,0.0,,,,,,,,0.0,0.0,0.0,0.0,0.0,0.0,1,
Dave Sappelt,24.0,CIN,NL,0.0,38.0,118.0,107.0,14.0,26.0,8.0,0.0,0.0,5.0,1.0,1.0,7.0,17.0,0.243,0.289,0.318,0.607,65.0,0.287,65.0,34.0,1.0,0.0,4.0,0.0,0.0,7H/8,
David Carpenter,25.0,HOU,NL,0.0,34.0,0.0,0.0,0.0,0.0,0.0,0.0,0.0,0.0,0.0,0.0,0.0,0.0,,,,,,,,0.0,0.0,0.0,0.0,0.0,0.0,1,
David Cooper*,24.0,TOR,AL,-0.2,27.0,81.0,71.0,9.0,15.0,7.0,0.0,2.0,12.0,0.0,0.0,7.0,14.0,0.211,0.284,0.394,0.678,81.0,0.307,80.0,28.0,2.0,1.0,0.0,2.0,0.0,3D/H,
David DeJesus*,31.0,OAK,AL,1.1,131.0,506.0,442.0,60.0,106.0,20.0,5.0,10.0,46.0,4.0,3.0,45.0,86.0,0.24,0.323,0.376,0.698,93.0,0.319,96.0,166.0,14.0,11.0,4.0,4.0,1.0,*9/8HD,
David Freese,28.0,STL,NL,1.9,97.0,363.0,333.0,41.0,99.0,16.0,1.0,10.0,55.0,1.0,0.0,24.0,75.0,0.297,0.35,0.441,0.791,119.0,0.356,121.0,147.0,18.0,4.0,0.0,2.0,0.0,5/H3,
David Herndon,25.0,PHI,NL,-0.1,43.0,4.0,4.0,0.0,0.0,0.0,0.0,0.0,0.0,0.0,0.0,0.0,3.0,0.0,0.0,0.0,0.0,-100.0,0.0,-142.0,0.0,0.0,0.0,0.0,0.0,0.0,1,
David Hernández,26.0,ARI,NL,0.0,69.0,0.0,0.0,0.0,0.0,0.0,0.0,0.0,0.0,0.0,0.0,0.0,0.0,,,,,,,,0.0,0.0,0.0,0.0,0.0,0.0,1,
David Murphy*,29.0,TEX,AL,0.8,120.0,440.0,404.0,46.0,111.0,14.0,2.0,11.0,46.0,11.0,6.0,33.0,61.0,0.275,0.328,0.401,0.729,92.0,0.324,89.0,162.0,11.0,0.0,1.0,2.0,3.0,*798H/D,
David Ortiz*,35.0,BOS,AL,4.0,146.0,605.0,525.0,84.0,162.0,40.0,1.0,29.0,96.0,1.0,1.0,78.0,83.0,0.309,0.398,0.554,0.953,154.0,0.408,155.0,291.0,24.0,1.0,0.0,1.0,12.0,*D/H3,"AS,SS"
David Pauley,28.0,SEA,AL,0.0,5.0,0.0,0.0,0.0,0.0,0.0,0.0,0.0,0.0,0.0,0.0,0.0,0.0,,,,,,,,0.0,0.0,0.0,0.0,0.0,0.0,1,
David Price*,25.0,TBR,AL,0.0,2.0,5.0,4.0,0.0,0.0,0.0,0.0,0.0,0.0,0.0,0.0,1.0,2.0,0.0,0.2,0.0,0.2,-36.0,0.14,-28.0,0.0,0.0,0.0,0.0,0.0,0.0,1,AS
David Purcey*,29.0,DET,AL,0.0,2.0,0.0,0.0,0.0,0.0,0.0,0.0,0.0,0.0,0.0,0.0,0.0,0.0,,,,,,,,0.0,0.0,0.0,0.0,0.0,0.0,1,
David Robertson,26.0,NYY,AL,0.0,8.0,0.0,0.0,0.0,0.0,0.0,0.0,0.0,0.0,0.0,0.0,0.0,0.0,,,,,,,,0.0,0.0,0.0,0.0,0.0,0.0,1,"AS,CYA-11,MVP-22"
David Ross,34.0,ATL,NL,1.1,52.0,171.0,152.0,14.0,40.0,7.0,0.0,6.0,23.0,0.0,1.0,16.0,51.0,0.263,0.333,0.428,0.761,107.0,0.345,113.0,65.0,4.0,0.0,2.0,0.0,0.0,2/HD,
David Wright,28.0,NYM,NL,2.1,102.0,447.0,389.0,60.0,99.0,23.0,1.0,14.0,61.0,13.0,2.0,52.0,97.0,0.254,0.345,0.427,0.771,115.0,0.354,119.0,166.0,5.0,3.0,0.0,3.0,4.0,5/6H,
Dayán Viciedo,22.0,CHW,AL,-0.1,29.0,113.0,102.0,11.0,26.0,3.0,0.0,1.0,6.0,1.0,0.0,9.0,23.0,0.255,0.327,0.314,0.641,74.0,0.302,74.0,32.0,4.0,2.0,0.0,0.0,0.0,9/D3H,
Dee Strange-Gordon*,23.0,LAD,NL,0.6,56.0,233.0,224.0,34.0,68.0,9.0,2.0,0.0,11.0,24.0,7.0,7.0,27.0,0.304,0.325,0.362,0.686,92.0,0.32,88.0,81.0,1.0,0.0,2.0,0.0,0.0,6/H,
Delmon Young,25.0,2TM,AL,-0.2,124.0,503.0,473.0,54.0,127.0,21.0,1.0,12.0,64.0,1.0,0.0,23.0,85.0,0.268,0.302,0.393,0.695,90.0,0.312,88.0,186.0,19.0,2.0,0.0,5.0,2.0,*7/DH,
Delmon Young,25.0,MIN,AL,-0.5,84.0,325.0,305.0,26.0,81.0,16.0,0.0,4.0,32.0,1.0,0.0,18.0,55.0,0.266,0.305,0.357,0.662,82.0,0.296,77.0,109.0,12.0,0.0,0.0,2.0,2.0,7/DH,
Delmon Young,25.0,DET,AL,0.3,40.0,178.0,168.0,28.0,46.0,5.0,1.0,8.0,32.0,0.0,0.0,5.0,30.0,0.274,0.298,0.458,0.756,103.0,0.343,108.0,77.0,7.0,2.0,0.0,3.0,0.0,7,
Denard Span*,27.0,MIN,AL,2.4,70.0,311.0,284.0,37.0,75.0,11.0,5.0,2.0,16.0,6.0,1.0,27.0,36.0,0.264,0.328,0.359,0.687,90.0,0.322,94.0,102.0,3.0,0.0,0.0,0.0,0.0,8/HD,
Derek Jeter,37.0,NYY,AL,1.4,131.0,607.0,546.0,84.0,162.0,24.0,4.0,6.0,61.0,16.0,6.0,46.0,81.0,0.297,0.355,0.388,0.743,100.0,0.342,103.0,212.0,10.0,6.0,4.0,5.0,0.0,*6D,AS
Derek Lowe,38.0,ATL,NL,0.5,32.0,65.0,52.0,4.0,9.0,4.0,0.0,1.0,7.0,0.0,0.0,4.0,18.0,0.173,0.232,0.308,0.54,47.0,0.259,38.0,16.0,0.0,0.0,9.0,0.0,0.0,1,
Derrek Lee,35.0,2TM,2LG,0.8,113.0,477.0,435.0,55.0,116.0,17.0,2.0,19.0,59.0,2.0,1.0,33.0,110.0,0.267,0.325,0.446,0.771,109.0,0.34,107.0,194.0,14.0,6.0,0.0,3.0,2.0,*3,
Derrek Lee,35.0,BAL,AL,0.0,85.0,364.0,334.0,39.0,82.0,15.0,1.0,12.0,41.0,2.0,1.0,25.0,83.0,0.246,0.302,0.404,0.706,91.0,0.313,87.0,135.0,13.0,3.0,0.0,2.0,2.0,3,
Derrek Lee,35.0,PIT,NL,0.9,28.0,113.0,101.0,16.0,34.0,2.0,1.0,7.0,18.0,0.0,0.0,8.0,27.0,0.337,0.398,0.584,0.982,173.0,0.427,177.0,59.0,1.0,3.0,0.0,1.0,0.0,3,
Desmond Jennings,24.0,TBR,AL,2.4,63.0,287.0,247.0,44.0,64.0,9.0,4.0,10.0,25.0,20.0,6.0,31.0,59.0,0.259,0.356,0.449,0.805,127.0,0.365,130.0,111.0,1.0,6.0,3.0,0.0,1.0,7/8H9D,ROY-7
Devin Mesoraco,23.0,CIN,NL,-0.3,18.0,53.0,50.0,5.0,9.0,3.0,0.0,2.0,6.0,0.0,0.0,3.0,10.0,0.18,0.226,0.36,0.586,56.0,0.267,48.0,18.0,1.0,0.0,0.0,0.0,1.0,2/H,
Dewayne Wise*,33.0,2TM,2LG,-0.4,69.0,104.0,99.0,10.0,20.0,2.0,1.0,2.0,7.0,6.0,2.0,3.0,36.0,0.202,0.231,0.303,0.534,45.0,0.251,37.0,30.0,0.0,1.0,0.0,1.0,0.0,8H7/9D,
Dewayne Wise*,33.0,FLA,NL,-0.3,49.0,72.0,67.0,6.0,16.0,2.0,0.0,0.0,5.0,4.0,2.0,3.0,21.0,0.239,0.278,0.269,0.546,51.0,0.265,51.0,18.0,0.0,1.0,0.0,1.0,0.0,8H7,
Dewayne Wise*,33.0,TOR,AL,-0.1,20.0,32.0,32.0,4.0,4.0,0.0,1.0,2.0,2.0,2.0,0.0,0.0,15.0,0.125,0.125,0.375,0.5,28.0,0.22,7.0,12.0,0.0,0.0,0.0,0.0,0.0,8H/79D,
Dexter Fowler#,25.0,COL,NL,2.3,125.0,563.0,481.0,84.0,128.0,35.0,15.0,5.0,45.0,12.0,9.0,68.0,130.0,0.266,0.363,0.432,0.796,103.0,0.361,110.0,208.0,6.0,6.0,7.0,1.0,3.0,*8/H,
Dillon Gee,25.0,NYM,NL,-0.2,29.0,58.0,46.0,3.0,5.0,0.0,0.0,0.0,4.0,0.0,0.0,2.0,22.0,0.109,0.16,0.109,0.269,-23.0,0.131,-66.0,5.0,1.0,1.0,8.0,1.0,0.0,1,
Dioner Navarro#,27.0,LAD,NL,-0.1,64.0,202.0,176.0,13.0,34.0,6.0,1.0,5.0,17.0,0.0,0.0,20.0,35.0,0.193,0.276,0.324,0.6,68.0,0.268,57.0,57.0,3.0,1.0,3.0,2.0,4.0,2H/D,
Diory Hernández,27.0,ATL,NL,-0.2,22.0,35.0,33.0,4.0,7.0,1.0,0.0,1.0,4.0,0.0,0.0,0.0,5.0,0.212,0.212,0.333,0.545,47.0,0.268,50.0,11.0,0.0,0.0,2.0,0.0,0.0,H/563,
DJ LeMahieu,22.0,CHC,NL,-0.2,37.0,62.0,60.0,3.0,15.0,2.0,0.0,0.0,4.0,0.0,0.0,1.0,12.0,0.25,0.262,0.283,0.546,50.0,0.257,44.0,17.0,2.0,0.0,1.0,0.0,0.0,4H5/3,
Domonic Brown*,23.0,PHI,NL,-0.2,56.0,210.0,184.0,28.0,45.0,10.0,1.0,5.0,19.0,3.0,1.0,25.0,35.0,0.245,0.333,0.391,0.725,98.0,0.336,103.0,72.0,2.0,0.0,0.0,1.0,1.0,9/H,
Don Kelly*,31.0,DET,AL,0.6,112.0,281.0,257.0,35.0,63.0,8.0,3.0,7.0,28.0,2.0,1.0,14.0,32.0,0.245,0.291,0.381,0.672,82.0,0.312,86.0,98.0,8.0,3.0,6.0,1.0,0.0,59H73/8D12,
Donnie Murphy,28.0,FLA,NL,-0.3,36.0,100.0,92.0,10.0,17.0,4.0,1.0,2.0,9.0,0.0,0.0,4.0,21.0,0.185,0.24,0.315,0.555,51.0,0.241,33.0,29.0,0.0,3.0,0.0,1.0,1.0,65/H4,
Donny Lucy,28.0,CHW,AL,0.0,6.0,11.0,10.0,1.0,2.0,1.0,0.0,0.0,1.0,0.0,0.0,1.0,5.0,0.2,0.273,0.3,0.573,54.0,0.26,44.0,3.0,0.0,0.0,0.0,0.0,0.0,/2HD,
Dontrelle Willis*,29.0,CIN,NL,0.7,16.0,34.0,31.0,2.0,12.0,3.0,1.0,1.0,4.0,0.0,0.0,0.0,4.0,0.387,0.387,0.645,1.032,174.0,0.448,192.0,20.0,0.0,0.0,3.0,0.0,0.0,1/H,
Doug Davis,35.0,CHC,NL,-0.2,7.0,13.0,10.0,0.0,0.0,0.0,0.0,0.0,0.0,0.0,0.0,0.0,4.0,0.0,0.0,0.0,0.0,-100.0,0.0,-220.0,0.0,0.0,0.0,3.0,0.0,0.0,/1,
Doug Fister*,27.0,SEA,AL,0.1,2.0,7.0,6.0,1.0,2.0,1.0,0.0,0.0,1.0,0.0,0.0,0.0,1.0,0.333,0.333,0.5,0.833,136.0,0.36,140.0,3.0,0.0,0.0,1.0,0.0,0.0,1,
Doug Slaten*,31.0,WSN,NL,0.0,30.0,0.0,0.0,0.0,0.0,0.0,0.0,0.0,0.0,0.0,0.0,0.0,0.0,,,,,,,,0.0,0.0,0.0,0.0,0.0,0.0,1,
Drew Butera,27.0,MIN,AL,-1.6,93.0,254.0,234.0,19.0,39.0,9.0,1.0,2.0,23.0,0.0,0.0,11.0,42.0,0.167,0.21,0.239,0.449,24.0,0.205,9.0,56.0,7.0,2.0,6.0,1.0,0.0,2/H,
Drew Carpenter,26.0,2TM,NL,0.0,12.0,0.0,0.0,0.0,0.0,0.0,0.0,0.0,0.0,0.0,0.0,0.0,0.0,,,,,,,,0.0,0.0,0.0,0.0,0.0,0.0,1,
Drew Carpenter,26.0,PHI,NL,0.0,6.0,0.0,0.0,0.0,0.0,0.0,0.0,0.0,0.0,0.0,0.0,0.0,0.0,,,,,,,,0.0,0.0,0.0,0.0,0.0,0.0,/1,
Drew Carpenter,26.0,SDP,NL,0.0,6.0,0.0,0.0,0.0,0.0,0.0,0.0,0.0,0.0,0.0,0.0,0.0,0.0,,,,,,,,0.0,0.0,0.0,0.0,0.0,0.0,/1,
Drew Pomeranz,22.0,COL,NL,0.0,4.0,7.0,5.0,0.0,1.0,0.0,0.0,0.0,0.0,0.0,0.0,0.0,3.0,0.2,0.2,0.2,0.4,3.0,0.182,-75.0,1.0,0.0,0.0,2.0,0.0,0.0,/1,
Drew Storen#,23.0,WSN,NL,0.0,71.0,0.0,0.0,0.0,0.0,0.0,0.0,0.0,0.0,0.0,0.0,0.0,0.0,,,,,,,,0.0,0.0,0.0,0.0,0.0,0.0,1,
Drew Stubbs,26.0,CIN,NL,1.8,158.0,681.0,604.0,92.0,147.0,22.0,3.0,15.0,44.0,40.0,10.0,63.0,205.0,0.243,0.321,0.364,0.686,86.0,0.323,86.0,220.0,2.0,7.0,6.0,1.0,1.0,*8/H,
Drew Sutton#,28.0,BOS,AL,0.2,31.0,60.0,54.0,11.0,17.0,7.0,0.0,0.0,7.0,0.0,0.0,3.0,13.0,0.315,0.362,0.444,0.807,116.0,0.369,125.0,24.0,0.0,1.0,2.0,0.0,0.0,H/54367D,
Dustin Ackley*,23.0,SEA,AL,3.7,90.0,376.0,333.0,39.0,91.0,16.0,7.0,6.0,36.0,6.0,0.0,40.0,79.0,0.273,0.348,0.417,0.766,120.0,0.347,122.0,139.0,3.0,0.0,0.0,3.0,1.0,4/HD3,ROY-6
Dustin Moseley,29.0,SDP,NL,0.0,18.0,36.0,29.0,0.0,4.0,0.0,0.0,0.0,0.0,0.0,0.0,1.0,11.0,0.138,0.167,0.138,0.305,-12.0,0.141,-59.0,4.0,0.0,0.0,6.0,0.0,0.0,1,
Dustin Pedroia,27.0,BOS,AL,8.0,159.0,731.0,635.0,102.0,195.0,37.0,3.0,21.0,91.0,26.0,8.0,86.0,85.0,0.307,0.387,0.474,0.861,131.0,0.382,132.0,301.0,12.0,1.0,2.0,7.0,6.0,*4/H,"MVP-9,GG"
Dusty Brown,29.0,PIT,NL,-0.5,11.0,30.0,28.0,2.0,3.0,0.0,0.0,0.0,0.0,1.0,0.0,1.0,10.0,0.107,0.138,0.107,0.245,-30.0,0.123,-59.0,3.0,0.0,0.0,1.0,0.0,0.0,2/H,
Dusty Hughes*,29.0,MIN,AL,0.0,1.0,0.0,0.0,0.0,0.0,0.0,0.0,0.0,0.0,0.0,0.0,0.0,0.0,,,,,,,,0.0,0.0,0.0,0.0,0.0,0.0,1,
Edgmer Escalona,24.0,COL,NL,-0.1,14.0,3.0,3.0,0.0,0.0,0.0,0.0,0.0,0.0,0.0,0.0,0.0,3.0,0.0,0.0,0.0,0.0,-100.0,0.0,-159.0,0.0,0.0,0.0,0.0,0.0,0.0,1,
Edinson Vólquez,27.0,CIN,NL,-0.1,18.0,34.0,26.0,2.0,3.0,0.0,0.0,0.0,0.0,0.0,0.0,1.0,13.0,0.115,0.148,0.115,0.264,-27.0,0.161,-63.0,3.0,1.0,0.0,7.0,0.0,0.0,1,
Eduardo Escobar#,22.0,CHW,AL,0.1,9.0,7.0,7.0,0.0,2.0,0.0,0.0,0.0,0.0,0.0,0.0,0.0,1.0,0.286,0.286,0.286,0.571,54.0,0.245,33.0,2.0,0.0,0.0,0.0,0.0,0.0,/H64D,
Eduardo Núñez,24.0,NYY,AL,-0.4,112.0,338.0,309.0,38.0,82.0,18.0,2.0,5.0,30.0,22.0,6.0,22.0,37.0,0.265,0.313,0.385,0.698,87.0,0.314,78.0,119.0,6.0,0.0,6.0,1.0,2.0,65H4/D97,
Eduardo Sánchez,22.0,STL,NL,0.0,25.0,2.0,2.0,0.0,0.0,0.0,0.0,0.0,0.0,0.0,0.0,0.0,1.0,0.0,0.0,0.0,0.0,-100.0,0.0,-148.0,0.0,0.0,0.0,0.0,0.0,0.0,1,
Edward Mujica,27.0,FLA,NL,0.0,64.0,1.0,1.0,0.0,0.0,0.0,0.0,0.0,0.0,0.0,0.0,0.0,0.0,0.0,0.0,0.0,0.0,-100.0,0.0,-136.0,0.0,0.0,0.0,0.0,0.0,0.0,1,
Edwin Encarnación,28.0,TOR,AL,1.0,134.0,530.0,481.0,70.0,131.0,36.0,0.0,17.0,55.0,8.0,2.0,43.0,77.0,0.272,0.334,0.453,0.787,111.0,0.35,111.0,218.0,17.0,3.0,0.0,3.0,2.0,D53H,
Edwin Jackson,27.0,2TM,2LG,0.2,15.0,34.0,30.0,2.0,8.0,0.0,0.0,0.0,2.0,0.0,1.0,1.0,9.0,0.267,0.281,0.267,0.548,53.0,0.224,31.0,8.0,0.0,0.0,2.0,1.0,0.0,1,
Edwin Jackson,27.0,CHW,AL,-0.1,2.0,4.0,4.0,0.0,0.0,0.0,0.0,0.0,0.0,0.0,0.0,0.0,1.0,0.0,0.0,0.0,0.0,-100.0,0.0,-144.0,0.0,0.0,0.0,0.0,0.0,0.0,1,
Edwin Jackson,27.0,STL,NL,0.3,13.0,30.0,26.0,2.0,8.0,0.0,0.0,0.0,2.0,0.0,1.0,1.0,8.0,0.308,0.321,0.308,0.629,76.0,0.256,58.0,8.0,0.0,0.0,2.0,1.0,0.0,1,
Efren Navarro*,25.0,LAA,AL,-0.1,8.0,12.0,10.0,1.0,2.0,1.0,0.0,0.0,0.0,0.0,0.0,1.0,1.0,0.2,0.273,0.3,0.573,63.0,0.26,56.0,3.0,1.0,0.0,1.0,0.0,0.0,/3H,
Eli Whiteside,31.0,SFG,NL,-0.5,82.0,236.0,213.0,14.0,42.0,8.0,2.0,4.0,17.0,2.0,1.0,18.0,59.0,0.197,0.264,0.31,0.574,63.0,0.26,56.0,66.0,8.0,2.0,1.0,2.0,3.0,2/H,
Elih Villanueva,24.0,FLA,NL,0.0,1.0,1.0,1.0,0.0,0.0,0.0,0.0,0.0,0.0,0.0,0.0,0.0,1.0,0.0,0.0,0.0,0.0,-100.0,0.0,-136.0,0.0,0.0,0.0,0.0,0.0,0.0,/1,
Eliézer Alfonzo,32.0,COL,NL,0.1,25.0,79.0,75.0,2.0,20.0,1.0,0.0,1.0,9.0,0.0,0.0,3.0,13.0,0.267,0.304,0.32,0.624,60.0,0.284,50.0,24.0,1.0,1.0,0.0,0.0,0.0,2/H,
Elliot Johnson#,27.0,TBR,AL,0.7,70.0,181.0,160.0,20.0,31.0,7.0,2.0,4.0,17.0,6.0,7.0,14.0,53.0,0.194,0.257,0.338,0.595,67.0,0.27,73.0,54.0,3.0,0.0,6.0,1.0,0.0,6H/4378D,
Elvis Andrus,22.0,TEX,AL,4.2,150.0,665.0,587.0,96.0,164.0,27.0,3.0,5.0,60.0,37.0,12.0,56.0,74.0,0.279,0.347,0.361,0.708,89.0,0.339,96.0,212.0,17.0,5.0,16.0,1.0,0.0,*6/HD,
Emilio Bonifácio#,26.0,FLA,NL,2.7,152.0,641.0,565.0,78.0,167.0,26.0,7.0,5.0,36.0,40.0,11.0,59.0,129.0,0.296,0.36,0.393,0.753,107.0,0.348,107.0,222.0,4.0,1.0,11.0,5.0,1.0,65789H/4,
Emmanuel Burriss#,26.0,SFG,NL,-0.2,59.0,152.0,137.0,14.0,28.0,1.0,0.0,0.0,4.0,11.0,3.0,6.0,17.0,0.204,0.253,0.212,0.465,35.0,0.248,40.0,29.0,2.0,3.0,6.0,0.0,0.0,4H/6357,
Endy Chávez*,33.0,TEX,AL,1.0,83.0,274.0,256.0,37.0,77.0,11.0,3.0,5.0,27.0,10.0,5.0,10.0,30.0,0.301,0.323,0.426,0.749,97.0,0.334,96.0,109.0,7.0,0.0,5.0,3.0,0.0,8H7/9D,
Enerio Del Rosario,25.0,HOU,NL,0.0,52.0,0.0,0.0,0.0,0.0,0.0,0.0,0.0,0.0,0.0,0.0,0.0,0.0,,,,,,,,0.0,0.0,0.0,0.0,0.0,0.0,1,
Eric Chávez*,33.0,NYY,AL,0.4,58.0,175.0,160.0,16.0,42.0,7.0,1.0,2.0,26.0,0.0,0.0,14.0,34.0,0.263,0.32,0.356,0.676,82.0,0.301,74.0,57.0,4.0,0.0,0.0,1.0,3.0,5H/D3,
Eric Farris,25.0,MIL,NL,0.0,1.0,1.0,1.0,0.0,0.0,0.0,0.0,0.0,0.0,0.0,0.0,0.0,0.0,0.0,0.0,0.0,0.0,-100.0,0.0,-136.0,0.0,0.0,0.0,0.0,0.0,0.0,/H,
Eric Fryer,25.0,PIT,NL,0.2,10.0,29.0,26.0,5.0,7.0,0.0,0.0,0.0,0.0,1.0,1.0,3.0,7.0,0.269,0.345,0.269,0.614,76.0,0.262,60.0,7.0,0.0,0.0,0.0,0.0,1.0,/2H,
Eric Hinske*,33.0,ATL,NL,0.0,117.0,264.0,236.0,24.0,55.0,10.0,0.0,10.0,28.0,0.0,1.0,26.0,71.0,0.233,0.311,0.403,0.713,94.0,0.315,90.0,95.0,5.0,1.0,0.0,1.0,1.0,H793/D,
Eric Hosmer*,21.0,KCR,AL,1.4,128.0,563.0,523.0,66.0,153.0,27.0,3.0,19.0,78.0,11.0,5.0,34.0,82.0,0.293,0.334,0.465,0.799,118.0,0.347,115.0,243.0,13.0,1.0,0.0,5.0,7.0,*3/H,ROY-3
Eric O'Flaherty*,26.0,ATL,NL,0.0,75.0,0.0,0.0,0.0,0.0,0.0,0.0,0.0,0.0,0.0,0.0,0.0,0.0,,,,,,,,0.0,0.0,0.0,0.0,0.0,0.0,1,
Eric Patterson*,28.0,SDP,NL,-0.3,47.0,104.0,89.0,8.0,16.0,2.0,1.0,2.0,8.0,8.0,2.0,12.0,22.0,0.18,0.272,0.292,0.564,61.0,0.278,61.0,26.0,1.0,0.0,0.0,2.0,0.0,H4/897,
Eric Sogard*,25.0,OAK,AL,0.3,27.0,74.0,70.0,7.0,14.0,3.0,0.0,2.0,4.0,0.0,0.0,4.0,13.0,0.2,0.243,0.329,0.572,57.0,0.25,45.0,23.0,2.0,0.0,0.0,0.0,0.0,65/4H,
Eric Stults*,31.0,COL,NL,0.1,6.0,2.0,2.0,0.0,1.0,1.0,0.0,0.0,0.0,0.0,0.0,0.0,0.0,0.5,0.5,1.0,1.5,273.0,0.637,314.0,2.0,0.0,0.0,0.0,0.0,0.0,/1,
Eric Surkamp*,23.0,SFG,NL,0.0,6.0,9.0,8.0,0.0,1.0,0.0,0.0,0.0,1.0,0.0,0.0,1.0,5.0,0.125,0.222,0.125,0.347,3.0,0.178,-3.0,1.0,0.0,0.0,0.0,0.0,0.0,/1,
Eric Thames*,24.0,TOR,AL,0.5,95.0,394.0,362.0,58.0,95.0,24.0,5.0,12.0,37.0,2.0,1.0,23.0,88.0,0.262,0.313,0.456,0.769,105.0,0.334,101.0,165.0,7.0,5.0,1.0,3.0,0.0,79D/H,
Eric Young Jr.#,26.0,COL,NL,-0.2,77.0,229.0,198.0,34.0,49.0,4.0,3.0,0.0,10.0,27.0,4.0,26.0,38.0,0.247,0.342,0.298,0.64,66.0,0.322,63.0,59.0,1.0,3.0,1.0,1.0,0.0,7H/489D,
Erick Almonte,33.0,MIL,NL,-0.7,16.0,29.0,29.0,1.0,3.0,0.0,0.0,1.0,3.0,0.0,0.0,0.0,4.0,0.103,0.103,0.207,0.31,-18.0,0.167,-24.0,6.0,2.0,0.0,0.0,0.0,0.0,/H93,
Erick Aybar#,27.0,LAA,AL,4.4,143.0,605.0,556.0,71.0,155.0,33.0,8.0,10.0,59.0,30.0,6.0,31.0,68.0,0.279,0.322,0.421,0.743,110.0,0.339,111.0,234.0,13.0,6.0,9.0,3.0,1.0,*6/H,GG
Erik Hamren,24.0,SDP,NL,0.0,14.0,0.0,0.0,0.0,0.0,0.0,0.0,0.0,0.0,0.0,0.0,0.0,0.0,,,,,,,,0.0,0.0,0.0,0.0,0.0,0.0,1,
Erik Kratz,31.0,PHI,NL,0.0,2.0,6.0,6.0,0.0,2.0,1.0,0.0,0.0,0.0,0.0,0.0,0.0,1.0,0.333,0.333,0.5,0.833,125.0,0.364,125.0,3.0,0.0,0.0,0.0,0.0,0.0,/2H,
Ernesto Frieri,25.0,SDP,NL,0.0,55.0,0.0,0.0,0.0,0.0,0.0,0.0,0.0,0.0,0.0,0.0,0.0,0.0,,,,,,,,0.0,0.0,0.0,0.0,0.0,0.0,1,
Ervin Santana,28.0,LAA,AL,0.0,1.0,2.0,2.0,0.0,1.0,0.0,0.0,0.0,0.0,0.0,0.0,0.0,1.0,0.5,0.5,0.5,1.0,187.0,0.404,161.0,1.0,0.0,0.0,0.0,0.0,0.0,1,
Esmerling Vásquez,27.0,ARI,NL,0.0,29.0,0.0,0.0,0.0,0.0,0.0,0.0,0.0,0.0,0.0,0.0,0.0,0.0,,,,,,,,0.0,0.0,0.0,0.0,0.0,0.0,1,
Esmil Rogers,25.0,COL,NL,0.0,22.0,31.0,27.0,2.0,7.0,1.0,0.0,0.0,0.0,0.0,0.0,0.0,12.0,0.259,0.259,0.296,0.556,42.0,0.234,0.0,8.0,0.0,0.0,4.0,0.0,0.0,1/H,
Esteban Germán,33.0,TEX,AL,0.4,11.0,13.0,11.0,6.0,5.0,1.0,0.0,1.0,4.0,1.0,0.0,1.0,1.0,0.455,0.462,0.818,1.28,231.0,0.667,324.0,9.0,0.0,0.0,0.0,1.0,0.0,/H54D,
Eugenio Vélez#,29.0,LAD,NL,-0.6,34.0,40.0,37.0,5.0,0.0,0.0,0.0,0.0,1.0,1.0,0.0,2.0,11.0,0.0,0.075,0.0,0.075,-77.0,0.059,-101.0,0.0,0.0,1.0,0.0,0.0,0.0,H4/7,
Evan Longoria,25.0,TBR,AL,7.2,133.0,574.0,483.0,78.0,118.0,26.0,1.0,31.0,99.0,3.0,2.0,80.0,93.0,0.244,0.355,0.495,0.85,138.0,0.376,143.0,239.0,11.0,6.0,0.0,5.0,6.0,*5/DH,MVP-10
Evan Meek,28.0,PIT,NL,0.0,24.0,0.0,0.0,0.0,0.0,0.0,0.0,0.0,0.0,0.0,0.0,0.0,0.0,,,,,,,,0.0,0.0,0.0,0.0,0.0,0.0,1,
Evan Scribner,25.0,SDP,NL,0.0,9.0,0.0,0.0,0.0,0.0,0.0,0.0,0.0,0.0,0.0,0.0,0.0,0.0,,,,,,,,0.0,0.0,0.0,0.0,0.0,0.0,1,
Everth Cabrera#,24.0,SDP,NL,-0.1,2.0,9.0,8.0,1.0,1.0,0.0,0.0,0.0,0.0,2.0,0.0,1.0,3.0,0.125,0.222,0.125,0.347,2.0,0.427,139.0,1.0,0.0,0.0,0.0,0.0,0.0,/6,
Ezequiel Carrera*,24.0,CLE,AL,0.1,68.0,226.0,202.0,27.0,49.0,8.0,3.0,0.0,14.0,10.0,5.0,16.0,35.0,0.243,0.301,0.312,0.613,74.0,0.281,72.0,63.0,4.0,1.0,7.0,0.0,0.0,8/7H9D,
Felipe López#,31.0,2TM,2LG,-0.6,48.0,153.0,141.0,12.0,29.0,4.0,0.0,2.0,11.0,1.0,1.0,8.0,35.0,0.206,0.247,0.277,0.523,46.0,0.249,46.0,39.0,4.0,0.0,3.0,1.0,1.0,54H/3D,
Felipe López#,31.0,TBR,AL,-0.4,32.0,102.0,97.0,8.0,21.0,4.0,0.0,2.0,8.0,1.0,1.0,4.0,28.0,0.216,0.248,0.32,0.567,60.0,0.252,53.0,31.0,2.0,0.0,1.0,0.0,1.0,5/3HD,
Felipe López#,31.0,MIL,NL,-0.2,16.0,51.0,44.0,4.0,8.0,0.0,0.0,0.0,3.0,0.0,0.0,4.0,7.0,0.182,0.245,0.182,0.427,19.0,0.243,30.0,8.0,2.0,0.0,2.0,1.0,0.0,4/H5,
Felipe Paulino,27.0,2TM,2LG,-0.1,20.0,4.0,1.0,0.0,0.0,0.0,0.0,0.0,1.0,0.0,0.0,0.0,1.0,0.0,0.0,0.0,0.0,-100.0,0.0,-873.0,0.0,0.0,0.0,3.0,0.0,0.0,1,
Felipe Paulino,27.0,COL,NL,0.0,18.0,0.0,0.0,0.0,0.0,0.0,0.0,0.0,0.0,0.0,0.0,0.0,0.0,,,,,,,,0.0,0.0,0.0,0.0,0.0,0.0,1,
Felipe Paulino,27.0,KCR,AL,-0.1,2.0,4.0,1.0,0.0,0.0,0.0,0.0,0.0,1.0,0.0,0.0,0.0,1.0,0.0,0.0,0.0,0.0,-100.0,0.0,-873.0,0.0,0.0,0.0,3.0,0.0,0.0,1,
Fernando Abad*,25.0,HOU,NL,0.0,28.0,0.0,0.0,0.0,0.0,0.0,0.0,0.0,0.0,0.0,0.0,0.0,0.0,,,,,,,,0.0,0.0,0.0,0.0,0.0,0.0,1,
Fernando Martínez*,22.0,NYM,NL,0.0,11.0,23.0,22.0,3.0,5.0,2.0,0.0,1.0,2.0,0.0,0.0,1.0,7.0,0.227,0.261,0.455,0.715,96.0,0.311,91.0,10.0,0.0,0.0,0.0,0.0,0.0,/H9D7,
Fernando Rodriguez Jr.,27.0,HOU,NL,0.0,46.0,1.0,1.0,0.0,0.0,0.0,0.0,0.0,0.0,0.0,0.0,0.0,1.0,0.0,0.0,0.0,0.0,-100.0,0.0,-136.0,0.0,0.0,0.0,0.0,0.0,0.0,1,
Fernando Salas,26.0,STL,NL,0.0,63.0,1.0,1.0,0.0,0.0,0.0,0.0,0.0,0.0,0.0,0.0,0.0,0.0,0.0,0.0,0.0,0.0,-100.0,0.0,-136.0,0.0,0.0,0.0,0.0,0.0,0.0,1,
Francisco Cervelli,25.0,NYY,AL,0.8,43.0,137.0,124.0,17.0,33.0,4.0,0.0,4.0,22.0,4.0,1.0,9.0,29.0,0.266,0.324,0.395,0.719,92.0,0.342,102.0,49.0,4.0,2.0,1.0,1.0,0.0,2/H54,
Francisco Cordero,36.0,CIN,NL,0.0,65.0,0.0,0.0,0.0,0.0,0.0,0.0,0.0,0.0,0.0,0.0,0.0,0.0,,,,,,,,0.0,0.0,0.0,0.0,0.0,0.0,1,
Francisco Liriano*,27.0,MIN,AL,0.1,2.0,3.0,2.0,0.0,1.0,0.0,0.0,0.0,1.0,0.0,0.0,1.0,0.0,0.5,0.667,0.5,1.167,230.0,0.535,250.0,1.0,0.0,0.0,0.0,0.0,0.0,1,
Francisco Rodríguez,29.0,2TM,NL,0.0,70.0,2.0,2.0,0.0,1.0,0.0,0.0,0.0,0.0,0.0,0.0,0.0,1.0,0.5,0.5,0.5,1.0,178.0,0.404,150.0,1.0,0.0,0.0,0.0,0.0,0.0,1,
Francisco Rodríguez,29.0,NYM,NL,0.0,39.0,1.0,1.0,0.0,0.0,0.0,0.0,0.0,0.0,0.0,0.0,0.0,1.0,0.0,0.0,0.0,0.0,-100.0,0.0,-136.0,0.0,0.0,0.0,0.0,0.0,0.0,1,
Francisco Rodríguez,29.0,MIL,NL,0.1,31.0,1.0,1.0,0.0,1.0,0.0,0.0,0.0,0.0,0.0,0.0,0.0,0.0,1.0,1.0,1.0,2.0,448.0,0.808,436.0,1.0,0.0,0.0,0.0,0.0,0.0,1,
Frank Francisco,31.0,TOR,AL,0.0,4.0,0.0,0.0,0.0,0.0,0.0,0.0,0.0,0.0,0.0,0.0,0.0,0.0,,,,,,,,0.0,0.0,0.0,0.0,0.0,0.0,1,
Frank Herrmann*,27.0,CLE,AL,0.0,1.0,1.0,1.0,0.0,0.0,0.0,0.0,0.0,0.0,0.0,0.0,0.0,0.0,0.0,0.0,0.0,0.0,-100.0,0.0,-136.0,0.0,0.0,0.0,0.0,0.0,0.0,1,
Frankie De La Cruz,27.0,MIL,NL,0.0,11.0,0.0,0.0,0.0,0.0,0.0,0.0,0.0,0.0,0.0,0.0,0.0,0.0,,,,,,,,0.0,0.0,0.0,0.0,0.0,0.0,1,
Franklin Gutierrez,28.0,SEA,AL,0.5,92.0,344.0,322.0,26.0,72.0,13.0,0.0,1.0,19.0,13.0,2.0,16.0,56.0,0.224,0.261,0.273,0.534,54.0,0.255,53.0,88.0,6.0,1.0,3.0,2.0,1.0,8/H,
Franklin Morales*,25.0,2TM,2LG,0.0,17.0,0.0,0.0,0.0,0.0,0.0,0.0,0.0,0.0,0.0,0.0,0.0,0.0,,,,,,,,0.0,0.0,0.0,0.0,0.0,0.0,1,
Franklin Morales*,25.0,COL,NL,0.0,14.0,0.0,0.0,0.0,0.0,0.0,0.0,0.0,0.0,0.0,0.0,0.0,0.0,,,,,,,,0.0,0.0,0.0,0.0,0.0,0.0,1,
Franklin Morales*,25.0,BOS,AL,0.0,3.0,0.0,0.0,0.0,0.0,0.0,0.0,0.0,0.0,0.0,0.0,0.0,0.0,,,,,,,,0.0,0.0,0.0,0.0,0.0,0.0,1,
Fred Lewis*,30.0,CIN,NL,0.4,81.0,210.0,183.0,20.0,42.0,7.0,0.0,3.0,19.0,2.0,5.0,22.0,38.0,0.23,0.321,0.317,0.638,74.0,0.284,69.0,58.0,1.0,3.0,1.0,1.0,2.0,7H/9D,
Freddie Freeman*,21.0,ATL,NL,1.5,157.0,635.0,571.0,67.0,161.0,32.0,0.0,21.0,76.0,4.0,4.0,53.0,142.0,0.282,0.346,0.448,0.795,116.0,0.355,119.0,256.0,15.0,6.0,0.0,5.0,3.0,*3/H,ROY-2
Freddy García,34.0,NYY,AL,-0.1,3.0,8.0,5.0,0.0,0.0,0.0,0.0,0.0,0.0,0.0,0.0,0.0,0.0,0.0,0.0,0.0,0.0,-100.0,0.0,-288.0,0.0,0.0,0.0,3.0,0.0,0.0,1,
Freddy Sánchez,33.0,SFG,NL,0.8,60.0,261.0,239.0,21.0,69.0,15.0,1.0,3.0,24.0,0.0,1.0,13.0,35.0,0.289,0.332,0.397,0.73,107.0,0.326,107.0,95.0,2.0,3.0,5.0,1.0,3.0,4/H,
Félix Hernández,25.0,SEA,AL,0.0,2.0,7.0,7.0,0.0,1.0,0.0,0.0,0.0,0.0,0.0,0.0,0.0,2.0,0.143,0.143,0.143,0.286,-17.0,0.129,-33.0,1.0,0.0,0.0,0.0,0.0,0.0,1,AS
Félix Pié*,26.0,BAL,AL,-1.7,85.0,175.0,164.0,15.0,36.0,8.0,1.0,0.0,7.0,3.0,2.0,10.0,32.0,0.22,0.264,0.28,0.545,49.0,0.249,41.0,46.0,0.0,0.0,1.0,0.0,0.0,7H/89D,
Gaby Sánchez,27.0,FLA,NL,2.7,159.0,661.0,572.0,72.0,152.0,35.0,0.0,19.0,78.0,3.0,1.0,74.0,97.0,0.266,0.352,0.427,0.779,113.0,0.353,116.0,244.0,18.0,6.0,2.0,7.0,4.0,*3/HD,AS
Garrett Jones*,30.0,PIT,NL,0.2,148.0,478.0,423.0,51.0,103.0,30.0,1.0,16.0,58.0,6.0,3.0,48.0,104.0,0.243,0.321,0.433,0.753,110.0,0.339,113.0,183.0,7.0,2.0,0.0,4.0,2.0,93H/D,
Garrett Olson,27.0,PIT,NL,0.0,4.0,0.0,0.0,0.0,0.0,0.0,0.0,0.0,0.0,0.0,0.0,0.0,0.0,,,,,,,,0.0,0.0,0.0,0.0,0.0,0.0,/1,
Gavin Floyd,28.0,CHW,AL,0.0,2.0,5.0,3.0,0.0,0.0,0.0,0.0,0.0,0.0,0.0,0.0,1.0,1.0,0.0,0.25,0.0,0.25,-24.0,0.175,-47.0,0.0,0.0,0.0,1.0,0.0,0.0,1,
Geoff Blum#,38.0,ARI,NL,0.2,23.0,55.0,49.0,8.0,11.0,3.0,0.0,2.0,10.0,0.0,0.0,5.0,9.0,0.224,0.309,0.408,0.717,93.0,0.315,86.0,20.0,2.0,1.0,0.0,0.0,1.0,5H,
George Kottaras*,28.0,MIL,NL,0.5,49.0,123.0,111.0,15.0,28.0,6.0,1.0,5.0,17.0,0.0,1.0,10.0,26.0,0.252,0.311,0.459,0.771,107.0,0.333,102.0,51.0,2.0,0.0,1.0,1.0,0.0,2H,
George Sherrill*,34.0,ATL,NL,0.0,47.0,0.0,0.0,0.0,0.0,0.0,0.0,0.0,0.0,0.0,0.0,0.0,0.0,,,,,,,,0.0,0.0,0.0,0.0,0.0,0.0,1,
Geovany Soto,28.0,CHC,NL,1.7,125.0,474.0,421.0,46.0,96.0,26.0,0.0,17.0,54.0,0.0,0.0,45.0,124.0,0.228,0.31,0.411,0.721,96.0,0.328,98.0,173.0,12.0,6.0,0.0,2.0,3.0,*2/H,
Gerald Laird,31.0,STL,NL,-0.4,37.0,108.0,95.0,11.0,22.0,7.0,1.0,1.0,12.0,1.0,1.0,9.0,19.0,0.232,0.302,0.358,0.66,83.0,0.28,65.0,34.0,3.0,1.0,2.0,1.0,3.0,2/H3D,
Gerardo Parra*,24.0,ARI,NL,3.0,141.0,493.0,445.0,55.0,130.0,20.0,8.0,8.0,46.0,15.0,1.0,43.0,82.0,0.292,0.357,0.427,0.784,113.0,0.349,107.0,190.0,8.0,3.0,0.0,2.0,16.0,*79H/8,GG
Giancarlo Stanton,21.0,FLA,NL,4.1,150.0,601.0,516.0,79.0,135.0,30.0,5.0,34.0,87.0,5.0,5.0,70.0,166.0,0.262,0.356,0.537,0.893,141.0,0.385,142.0,277.0,11.0,9.0,0.0,6.0,6.0,*9/H8D,MVP-23
Gil Velazquez,31.0,LAA,AL,0.2,4.0,7.0,6.0,0.0,3.0,0.0,0.0,0.0,1.0,0.0,0.0,0.0,0.0,0.5,0.429,0.5,0.929,164.0,0.388,152.0,3.0,0.0,0.0,0.0,1.0,0.0,/45H,
Gio González,25.0,OAK,AL,0.1,2.0,5.0,3.0,0.0,0.0,0.0,0.0,0.0,0.0,0.0,0.0,0.0,1.0,0.0,0.0,0.0,0.0,-100.0,0.303,74.0,0.0,0.0,0.0,2.0,0.0,0.0,1,AS
Glen Perkins*,28.0,MIN,AL,0.0,4.0,0.0,0.0,0.0,0.0,0.0,0.0,0.0,0.0,0.0,0.0,0.0,0.0,,,,,,,,0.0,0.0,0.0,0.0,0.0,0.0,1,
Gordon Beckham,24.0,CHW,AL,1.4,150.0,557.0,499.0,60.0,115.0,23.0,0.0,10.0,44.0,5.0,3.0,35.0,111.0,0.23,0.296,0.337,0.633,70.0,0.3,74.0,168.0,6.0,13.0,7.0,3.0,0.0,*4/HD,
Grady Sizemore*,28.0,CLE,AL,0.2,71.0,295.0,268.0,34.0,60.0,21.0,1.0,10.0,32.0,0.0,2.0,18.0,85.0,0.224,0.285,0.422,0.706,96.0,0.301,89.0,113.0,4.0,6.0,0.0,3.0,1.0,8D/H,
Graham Godfrey,26.0,OAK,AL,0.0,1.0,2.0,2.0,0.0,0.0,0.0,0.0,0.0,0.0,0.0,0.0,0.0,1.0,0.0,0.0,0.0,0.0,-100.0,0.0,-130.0,0.0,0.0,0.0,0.0,0.0,0.0,/1,
Grant Balfour,33.0,OAK,AL,0.0,3.0,0.0,0.0,0.0,0.0,0.0,0.0,0.0,0.0,0.0,0.0,0.0,0.0,,,,,,,,0.0,0.0,0.0,0.0,0.0,0.0,1,
Greg Dobbs*,32.0,FLA,NL,-0.3,134.0,439.0,411.0,38.0,113.0,23.0,0.0,8.0,49.0,0.0,0.0,22.0,83.0,0.275,0.311,0.389,0.701,91.0,0.317,89.0,160.0,12.0,1.0,2.0,3.0,3.0,5H/397D,
Greg Golson,25.0,NYY,AL,-0.3,9.0,12.0,11.0,1.0,2.0,0.0,0.0,0.0,0.0,1.0,0.0,1.0,2.0,0.182,0.25,0.182,0.432,19.0,0.222,2.0,2.0,0.0,0.0,0.0,0.0,0.0,/789H,
Greg Halman,23.0,SEA,AL,-0.6,35.0,91.0,87.0,7.0,20.0,2.0,1.0,2.0,6.0,5.0,1.0,2.0,32.0,0.23,0.256,0.345,0.6,71.0,0.27,63.0,30.0,2.0,1.0,1.0,0.0,0.0,7/8H9,
Greg Holland,25.0,KCR,AL,0.0,3.0,0.0,0.0,0.0,0.0,0.0,0.0,0.0,0.0,0.0,0.0,0.0,0.0,,,,,,,,0.0,0.0,0.0,0.0,0.0,0.0,1,
Greg Reynolds,25.0,COL,NL,0.0,13.0,12.0,8.0,0.0,1.0,0.0,0.0,0.0,0.0,0.0,0.0,0.0,4.0,0.125,0.125,0.125,0.25,-36.0,0.228,-38.0,1.0,0.0,0.0,4.0,0.0,0.0,1,
Guillermo Moscoso,27.0,OAK,AL,0.0,1.0,3.0,2.0,0.0,0.0,0.0,0.0,0.0,0.0,0.0,0.0,0.0,2.0,0.0,0.0,0.0,0.0,-100.0,0.0,-248.0,0.0,0.0,0.0,1.0,0.0,0.0,1,
Guillermo Mota,37.0,SFG,NL,-0.1,50.0,10.0,10.0,0.0,1.0,1.0,0.0,0.0,0.0,0.0,0.0,0.0,2.0,0.1,0.1,0.2,0.3,-17.0,0.127,-42.0,2.0,1.0,0.0,0.0,0.0,0.0,1,
Gustavo Molina,29.0,NYY,AL,0.0,3.0,6.0,6.0,0.0,1.0,1.0,0.0,0.0,0.0,0.0,0.0,0.0,0.0,0.167,0.167,0.333,0.5,30.0,0.209,7.0,2.0,0.0,0.0,0.0,0.0,0.0,/2,
Hank Conger#,23.0,LAA,AL,0.5,59.0,197.0,177.0,14.0,37.0,8.0,0.0,6.0,19.0,0.0,0.0,17.0,37.0,0.209,0.282,0.356,0.638,81.0,0.295,84.0,63.0,2.0,1.0,2.0,0.0,2.0,2/HD,
Hanley Ramírez,27.0,FLA,NL,0.2,92.0,385.0,338.0,55.0,82.0,16.0,0.0,10.0,45.0,20.0,10.0,44.0,66.0,0.243,0.333,0.379,0.712,95.0,0.326,96.0,128.0,6.0,2.0,1.0,0.0,3.0,6/DH,
Heath Bell,33.0,SDP,NL,0.0,62.0,0.0,0.0,0.0,0.0,0.0,0.0,0.0,0.0,0.0,0.0,0.0,0.0,,,,,,,,0.0,0.0,0.0,0.0,0.0,0.0,1,AS
Henry Blanco,39.0,ARI,NL,0.9,37.0,112.0,100.0,12.0,25.0,3.0,1.0,8.0,12.0,0.0,1.0,12.0,21.0,0.25,0.33,0.54,0.87,132.0,0.37,130.0,54.0,2.0,0.0,0.0,0.0,1.0,2/H,
Henry Rodríguez,24.0,WSN,NL,0.0,55.0,2.0,2.0,0.0,0.0,0.0,0.0,0.0,0.0,0.0,0.0,0.0,2.0,0.0,0.0,0.0,0.0,-100.0,0.0,-148.0,0.0,0.0,0.0,0.0,0.0,0.0,1,
Henry Sosa,25.0,HOU,NL,0.0,10.0,18.0,15.0,3.0,1.0,1.0,0.0,0.0,0.0,0.0,0.0,2.0,8.0,0.067,0.176,0.133,0.31,-12.0,0.157,-33.0,2.0,0.0,0.0,1.0,0.0,0.0,1,
Hideki Matsui*,37.0,OAK,AL,0.5,141.0,585.0,517.0,58.0,130.0,28.0,0.0,12.0,72.0,1.0,1.0,56.0,84.0,0.251,0.321,0.375,0.696,93.0,0.314,92.0,194.0,10.0,1.0,0.0,9.0,3.0,*D7/H,
Hiroki Kuroda,36.0,LAD,NL,-0.1,30.0,71.0,61.0,2.0,7.0,0.0,0.0,0.0,1.0,0.0,0.0,4.0,20.0,0.115,0.169,0.115,0.284,-18.0,0.149,-42.0,7.0,0.0,0.0,6.0,0.0,0.0,1,
Hisanori Takahashi*,36.0,LAA,AL,0.0,4.0,0.0,0.0,0.0,0.0,0.0,0.0,0.0,0.0,0.0,0.0,0.0,0.0,,,,,,,,0.0,0.0,0.0,0.0,0.0,0.0,1,
Homer Bailey,25.0,CIN,NL,0.3,21.0,45.0,39.0,7.0,11.0,2.0,0.0,0.0,2.0,0.0,0.0,1.0,11.0,0.282,0.3,0.333,0.633,72.0,0.283,57.0,13.0,1.0,0.0,5.0,0.0,0.0,1/H,
Howie Kendrick,27.0,LAA,AL,4.6,140.0,583.0,537.0,86.0,153.0,30.0,6.0,18.0,63.0,14.0,6.0,33.0,119.0,0.285,0.338,0.464,0.802,126.0,0.352,126.0,249.0,18.0,10.0,3.0,0.0,3.0,473/H,AS
Humberto Quintero,31.0,HOU,NL,0.4,79.0,272.0,262.0,22.0,63.0,12.0,1.0,2.0,25.0,1.0,0.0,6.0,53.0,0.24,0.258,0.317,0.575,59.0,0.266,54.0,83.0,10.0,1.0,1.0,2.0,2.0,2/H,
Hung-Chih Kuo*,29.0,LAD,NL,0.0,38.0,0.0,0.0,0.0,0.0,0.0,0.0,0.0,0.0,0.0,0.0,0.0,0.0,,,,,,,,0.0,0.0,0.0,0.0,0.0,0.0,1,
Hunter Pence,28.0,2TM,NL,5.7,154.0,668.0,606.0,84.0,190.0,38.0,5.0,22.0,97.0,8.0,2.0,56.0,124.0,0.314,0.37,0.502,0.871,139.0,0.395,148.0,304.0,15.0,1.0,0.0,5.0,3.0,*9/H,"AS,MVP-16"
Hunter Pence,28.0,HOU,NL,3.5,100.0,432.0,399.0,49.0,123.0,26.0,3.0,11.0,62.0,7.0,1.0,30.0,86.0,0.308,0.356,0.471,0.828,128.0,0.38,137.0,188.0,7.0,1.0,0.0,2.0,1.0,9/H,
Hunter Pence,28.0,PHI,NL,2.3,54.0,236.0,207.0,35.0,67.0,12.0,2.0,11.0,35.0,1.0,1.0,26.0,38.0,0.324,0.394,0.56,0.954,159.0,0.423,169.0,116.0,8.0,0.0,0.0,3.0,2.0,9/H,
Huston Street,27.0,COL,NL,0.0,59.0,1.0,1.0,0.0,0.0,0.0,0.0,0.0,0.0,0.0,0.0,0.0,0.0,0.0,0.0,0.0,0.0,-100.0,0.0,-155.0,0.0,0.0,0.0,0.0,0.0,0.0,1,
Héctor Giménez#,28.0,LAD,NL,0.0,4.0,7.0,7.0,0.0,1.0,0.0,0.0,0.0,0.0,0.0,0.0,0.0,3.0,0.143,0.143,0.143,0.286,-19.0,0.26,53.0,1.0,0.0,0.0,0.0,0.0,0.0,/H2,
Héctor Gómez,23.0,COL,NL,0.0,2.0,7.0,6.0,1.0,2.0,0.0,0.0,0.0,0.0,0.0,0.0,1.0,2.0,0.333,0.429,0.333,0.762,99.0,0.303,58.0,2.0,0.0,0.0,0.0,0.0,1.0,/6H,
Héctor Noesí,24.0,NYY,AL,0.0,6.0,0.0,0.0,0.0,0.0,0.0,0.0,0.0,0.0,0.0,0.0,0.0,0.0,,,,,,,,0.0,0.0,0.0,0.0,0.0,0.0,1,
Héctor Sánchez#,21.0,SFG,NL,0.0,13.0,34.0,31.0,0.0,8.0,2.0,0.0,0.0,1.0,0.0,0.0,3.0,6.0,0.258,0.324,0.323,0.646,85.0,0.297,84.0,10.0,1.0,0.0,0.0,0.0,0.0,2/H,
Ian Desmond,25.0,WSN,NL,1.4,154.0,639.0,584.0,65.0,148.0,27.0,5.0,8.0,49.0,25.0,10.0,35.0,139.0,0.253,0.298,0.358,0.656,80.0,0.306,81.0,209.0,9.0,4.0,11.0,5.0,2.0,*6/H,
Ian Kennedy,26.0,ARI,NL,0.0,32.0,75.0,61.0,3.0,8.0,3.0,0.0,0.0,4.0,0.0,0.0,4.0,24.0,0.131,0.197,0.18,0.377,4.0,0.18,-29.0,11.0,0.0,1.0,9.0,0.0,0.0,1/H,"CYA-4,MVP-14"
Ian Kinsler,29.0,TEX,AL,7.0,155.0,723.0,620.0,121.0,158.0,34.0,4.0,32.0,77.0,30.0,4.0,89.0,71.0,0.255,0.355,0.477,0.832,118.0,0.378,122.0,296.0,17.0,8.0,4.0,2.0,2.0,*4D/H,MVP-11
Ian Stewart*,26.0,COL,NL,-0.7,48.0,136.0,122.0,14.0,19.0,6.0,1.0,0.0,6.0,3.0,2.0,14.0,37.0,0.156,0.243,0.221,0.464,20.0,0.21,-5.0,27.0,1.0,0.0,0.0,0.0,2.0,5H,
Ichiro Suzuki*,37.0,SEA,AL,0.6,161.0,721.0,677.0,80.0,184.0,22.0,3.0,5.0,47.0,40.0,7.0,39.0,69.0,0.272,0.31,0.335,0.645,86.0,0.299,83.0,227.0,11.0,0.0,1.0,4.0,13.0,*9D,
Ike Davis*,24.0,NYM,NL,1.2,36.0,149.0,129.0,20.0,39.0,8.0,1.0,7.0,25.0,0.0,0.0,17.0,31.0,0.302,0.383,0.543,0.925,156.0,0.401,158.0,70.0,5.0,1.0,0.0,2.0,3.0,3,
Iván De Jesús,24.0,LAD,NL,-0.6,17.0,35.0,32.0,2.0,6.0,0.0,0.0,0.0,1.0,0.0,0.0,2.0,11.0,0.188,0.235,0.188,0.423,21.0,0.199,4.0,6.0,1.0,0.0,1.0,0.0,0.0,4/H,
Iván Nova,24.0,NYY,AL,-0.1,2.0,5.0,4.0,0.0,0.0,0.0,0.0,0.0,0.0,0.0,0.0,0.0,4.0,0.0,0.0,0.0,0.0,-100.0,0.0,-207.0,0.0,0.0,0.0,1.0,0.0,0.0,1,ROY-4
Iván Rodríguez,39.0,WSN,NL,0.4,44.0,137.0,124.0,14.0,27.0,7.0,0.0,2.0,19.0,0.0,0.0,10.0,28.0,0.218,0.281,0.323,0.604,66.0,0.282,64.0,40.0,6.0,1.0,2.0,0.0,2.0,2/H3,
J.A. Happ*,28.0,HOU,NL,0.4,28.0,53.0,43.0,3.0,7.0,1.0,0.0,1.0,4.0,0.0,0.0,3.0,17.0,0.163,0.217,0.256,0.473,31.0,0.255,39.0,11.0,0.0,0.0,7.0,0.0,0.0,1/H,
J.C. Boscán,31.0,ATL,NL,0.0,4.0,9.0,9.0,0.0,3.0,0.0,0.0,0.0,0.0,0.0,0.0,0.0,5.0,0.333,0.333,0.333,0.667,84.0,0.292,71.0,3.0,0.0,0.0,0.0,0.0,0.0,/2H,
J.C. Gutiérrez,27.0,ARI,NL,0.0,20.0,0.0,0.0,0.0,0.0,0.0,0.0,0.0,0.0,0.0,0.0,0.0,0.0,,,,,,,,0.0,0.0,0.0,0.0,0.0,0.0,1,
J.C. Romero#,35.0,2TM,NL,0.0,36.0,0.0,0.0,0.0,0.0,0.0,0.0,0.0,0.0,0.0,0.0,0.0,0.0,,,,,,,,0.0,0.0,0.0,0.0,0.0,0.0,1,
J.C. Romero#,35.0,PHI,NL,0.0,24.0,0.0,0.0,0.0,0.0,0.0,0.0,0.0,0.0,0.0,0.0,0.0,0.0,,,,,,,,0.0,0.0,0.0,0.0,0.0,0.0,1,
J.C. Romero#,35.0,COL,NL,0.0,12.0,0.0,0.0,0.0,0.0,0.0,0.0,0.0,0.0,0.0,0.0,0.0,0.0,,,,,,,,0.0,0.0,0.0,0.0,0.0,0.0,1,
J.D. Drew*,35.0,BOS,AL,-0.9,81.0,286.0,248.0,23.0,55.0,6.0,1.0,4.0,22.0,0.0,1.0,33.0,58.0,0.222,0.315,0.302,0.617,68.0,0.285,65.0,75.0,2.0,2.0,0.0,3.0,4.0,9H,
J.D. Martinez,23.0,HOU,NL,0.4,53.0,226.0,208.0,29.0,57.0,13.0,0.0,6.0,35.0,0.0,1.0,13.0,48.0,0.274,0.319,0.423,0.742,104.0,0.323,99.0,88.0,4.0,2.0,0.0,3.0,1.0,7/9H,
J.J. Hardy,28.0,BAL,AL,4.1,129.0,567.0,527.0,76.0,142.0,27.0,0.0,30.0,80.0,0.0,0.0,31.0,92.0,0.269,0.31,0.491,0.801,114.0,0.341,107.0,259.0,10.0,2.0,2.0,5.0,3.0,*6,
J.J. Putz,34.0,ARI,NL,0.0,57.0,0.0,0.0,0.0,0.0,0.0,0.0,0.0,0.0,0.0,0.0,0.0,0.0,,,,,,,,0.0,0.0,0.0,0.0,0.0,0.0,1,
J.P. Arencibia,25.0,TOR,AL,1.1,129.0,486.0,443.0,47.0,97.0,20.0,4.0,23.0,78.0,1.0,1.0,36.0,133.0,0.219,0.282,0.438,0.72,91.0,0.321,91.0,194.0,6.0,4.0,0.0,3.0,3.0,*2/DH,
J.P. Howell*,28.0,TBR,AL,0.0,4.0,0.0,0.0,0.0,0.0,0.0,0.0,0.0,0.0,0.0,0.0,0.0,0.0,,,,,,,,0.0,0.0,0.0,0.0,0.0,0.0,1,
J.R. Towles,27.0,HOU,NL,0.1,54.0,165.0,147.0,11.0,27.0,7.0,0.0,3.0,11.0,0.0,0.0,13.0,26.0,0.184,0.256,0.293,0.549,52.0,0.28,64.0,43.0,3.0,2.0,1.0,2.0,1.0,2/H,
Jack Cust*,32.0,SEA,AL,0.2,67.0,270.0,225.0,19.0,48.0,15.0,1.0,3.0,23.0,0.0,0.0,44.0,87.0,0.213,0.344,0.329,0.673,96.0,0.308,96.0,74.0,3.0,1.0,0.0,0.0,2.0,D/H,
Jack Hannahan*,31.0,CLE,AL,2.3,110.0,366.0,320.0,38.0,80.0,16.0,2.0,8.0,40.0,2.0,1.0,38.0,80.0,0.25,0.331,0.388,0.719,103.0,0.325,104.0,124.0,7.0,2.0,4.0,2.0,0.0,5/3H,
Jack Wilson,33.0,2TM,2LG,1.2,79.0,232.0,214.0,25.0,52.0,9.0,0.0,0.0,11.0,5.0,2.0,10.0,39.0,0.243,0.274,0.285,0.559,60.0,0.287,77.0,61.0,2.0,0.0,6.0,2.0,0.0,46H/5,
Jack Wilson,33.0,SEA,AL,1.3,62.0,187.0,173.0,22.0,43.0,8.0,0.0,0.0,11.0,5.0,2.0,9.0,27.0,0.249,0.283,0.295,0.577,67.0,0.299,89.0,51.0,2.0,0.0,3.0,2.0,0.0,46/H5,
Jack Wilson,33.0,ATL,NL,-0.1,17.0,45.0,41.0,3.0,9.0,1.0,0.0,0.0,0.0,0.0,0.0,1.0,12.0,0.22,0.238,0.244,0.482,33.0,0.237,26.0,10.0,0.0,0.0,3.0,0.0,0.0,6/H5,
Jacoby Ellsbury*,27.0,BOS,AL,8.3,158.0,732.0,660.0,119.0,212.0,46.0,5.0,32.0,105.0,39.0,15.0,52.0,98.0,0.321,0.376,0.552,0.928,146.0,0.408,152.0,364.0,8.0,9.0,3.0,5.0,1.0,*8/HD,"AS,MVP-2,GG,SS"
Jai Miller,26.0,OAK,AL,0.0,7.0,12.0,12.0,2.0,3.0,0.0,0.0,1.0,2.0,0.0,0.0,0.0,5.0,0.25,0.25,0.5,0.75,101.0,0.32,96.0,6.0,0.0,0.0,0.0,0.0,0.0,/H89,
Jaime García*,24.0,STL,NL,-0.3,30.0,68.0,62.0,3.0,6.0,0.0,0.0,1.0,6.0,0.0,0.0,1.0,18.0,0.097,0.111,0.145,0.256,-29.0,0.131,-57.0,9.0,1.0,0.0,5.0,0.0,0.0,1,
Jair Jurrjens,25.0,ATL,NL,-0.4,23.0,55.0,47.0,0.0,5.0,0.0,0.0,0.0,1.0,0.0,0.0,1.0,13.0,0.106,0.125,0.106,0.231,-36.0,0.109,-89.0,5.0,3.0,0.0,7.0,0.0,0.0,1,AS
Jairo Asencio,28.0,ATL,NL,0.0,5.0,0.0,0.0,0.0,0.0,0.0,0.0,0.0,0.0,0.0,0.0,0.0,0.0,,,,,,,,0.0,0.0,0.0,0.0,0.0,0.0,/1,
Jake Arrieta,25.0,BAL,AL,0.0,2.0,5.0,4.0,0.0,1.0,0.0,0.0,0.0,1.0,0.0,0.0,0.0,1.0,0.25,0.25,0.25,0.5,37.0,0.226,4.0,1.0,0.0,0.0,1.0,0.0,0.0,1,
Jake Fox,28.0,BAL,AL,-0.2,27.0,67.0,61.0,8.0,15.0,4.0,1.0,2.0,6.0,0.0,0.0,4.0,8.0,0.246,0.313,0.443,0.756,104.0,0.331,100.0,27.0,4.0,2.0,0.0,0.0,0.0,2/H37D,
Jake McGee*,24.0,TBR,AL,0.0,3.0,0.0,0.0,0.0,0.0,0.0,0.0,0.0,0.0,0.0,0.0,0.0,0.0,,,,,,,,0.0,0.0,0.0,0.0,0.0,0.0,1,
Jake Peavy,30.0,CHW,AL,0.0,1.0,2.0,1.0,0.0,0.0,0.0,0.0,0.0,0.0,0.0,0.0,1.0,0.0,0.0,0.5,0.0,0.5,51.0,0.35,109.0,0.0,0.0,0.0,0.0,0.0,0.0,1,
Jake Westbrook,33.0,STL,NL,0.1,33.0,60.0,47.0,2.0,5.0,2.0,0.0,1.0,8.0,0.0,0.0,3.0,23.0,0.106,0.16,0.213,0.373,3.0,0.187,-24.0,10.0,0.0,0.0,10.0,0.0,0.0,1/H,
James Darnell,24.0,SDP,NL,-0.4,18.0,52.0,45.0,2.0,10.0,2.0,0.0,1.0,7.0,1.0,0.0,5.0,7.0,0.222,0.294,0.333,0.627,78.0,0.287,72.0,15.0,6.0,0.0,1.0,1.0,0.0,5/H7,
James Loney*,27.0,LAD,NL,2.8,158.0,582.0,531.0,56.0,153.0,30.0,1.0,12.0,65.0,4.0,0.0,42.0,67.0,0.288,0.339,0.416,0.755,111.0,0.337,109.0,221.0,8.0,1.0,3.0,5.0,7.0,*3H/D,
James McDonald*,26.0,PIT,NL,-0.3,31.0,63.0,55.0,3.0,5.0,1.0,0.0,0.0,3.0,0.0,0.0,3.0,29.0,0.091,0.138,0.109,0.247,-29.0,0.117,-65.0,6.0,3.0,0.0,5.0,0.0,0.0,1,
James Russell*,25.0,CHC,NL,0.0,59.0,8.0,8.0,0.0,1.0,0.0,0.0,0.0,0.0,0.0,0.0,0.0,3.0,0.125,0.125,0.125,0.25,-31.0,0.114,-61.0,1.0,0.0,0.0,0.0,0.0,0.0,1,
James Shields,29.0,TBR,AL,0.0,3.0,8.0,8.0,0.0,0.0,0.0,0.0,0.0,1.0,0.0,0.0,0.0,5.0,0.0,0.0,0.0,0.0,-100.0,0.113,-49.0,0.0,0.0,0.0,0.0,0.0,0.0,1,"AS,CYA-3,MVP-16"
Jamey Carroll,37.0,LAD,NL,1.1,146.0,510.0,452.0,52.0,131.0,14.0,6.0,0.0,17.0,10.0,0.0,47.0,58.0,0.29,0.359,0.347,0.706,99.0,0.333,103.0,157.0,3.0,2.0,8.0,1.0,3.0,46H,
Jamey Wright,36.0,SEA,AL,0.0,2.0,0.0,0.0,0.0,0.0,0.0,0.0,0.0,0.0,0.0,0.0,0.0,0.0,,,,,,,,0.0,0.0,0.0,0.0,0.0,0.0,1,
Jamie Hoffmann,26.0,LAD,NL,-0.1,2.0,4.0,4.0,0.0,0.0,0.0,0.0,0.0,0.0,0.0,0.0,0.0,1.0,0.0,0.0,0.0,0.0,-100.0,0.0,-137.0,0.0,0.0,0.0,0.0,0.0,0.0,/7H,
Jared Burton,30.0,CIN,NL,0.0,6.0,0.0,0.0,0.0,0.0,0.0,0.0,0.0,0.0,0.0,0.0,0.0,0.0,,,,,,,,0.0,0.0,0.0,0.0,0.0,0.0,/1,
Jared Hughes,25.0,PIT,NL,0.0,12.0,0.0,0.0,0.0,0.0,0.0,0.0,0.0,0.0,0.0,0.0,0.0,0.0,,,,,,,,0.0,0.0,0.0,0.0,0.0,0.0,1,
Jarrod Dyson*,26.0,KCR,AL,0.5,26.0,53.0,44.0,8.0,9.0,1.0,0.0,0.0,3.0,11.0,1.0,7.0,14.0,0.205,0.308,0.227,0.535,51.0,0.287,40.0,10.0,0.0,0.0,1.0,1.0,0.0,8H/D,
Jarrod Parker,22.0,ARI,NL,0.0,1.0,2.0,2.0,0.0,1.0,1.0,0.0,0.0,0.0,0.0,0.0,0.0,1.0,0.5,0.5,1.0,1.5,296.0,0.637,329.0,2.0,0.0,0.0,0.0,0.0,0.0,/1,
Jarrod Saltalamacchia#,26.0,BOS,AL,0.7,103.0,386.0,358.0,52.0,84.0,23.0,3.0,16.0,56.0,1.0,0.0,24.0,119.0,0.235,0.288,0.45,0.737,95.0,0.32,89.0,161.0,7.0,3.0,0.0,1.0,1.0,2/H,
Jason Bartlett,31.0,SDP,NL,-0.2,139.0,618.0,554.0,61.0,136.0,22.0,3.0,2.0,40.0,23.0,10.0,48.0,98.0,0.245,0.308,0.307,0.615,76.0,0.289,76.0,170.0,13.0,5.0,5.0,6.0,0.0,*6/H,
Jason Bay,32.0,NYM,NL,1.0,123.0,509.0,444.0,59.0,109.0,19.0,1.0,12.0,57.0,11.0,1.0,56.0,109.0,0.245,0.329,0.374,0.703,97.0,0.328,100.0,166.0,8.0,2.0,1.0,6.0,3.0,*7/H,
Jason Berken,27.0,BAL,AL,0.0,3.0,0.0,0.0,0.0,0.0,0.0,0.0,0.0,0.0,0.0,0.0,0.0,0.0,,,,,,,,0.0,0.0,0.0,0.0,0.0,0.0,1,
Jason Bourgeois,29.0,HOU,NL,1.2,93.0,252.0,238.0,30.0,70.0,8.0,2.0,1.0,16.0,31.0,6.0,10.0,24.0,0.294,0.323,0.357,0.68,89.0,0.335,92.0,85.0,5.0,0.0,4.0,0.0,0.0,78H9/4,
Jason Donald,26.0,CLE,AL,1.1,39.0,143.0,132.0,13.0,42.0,6.0,1.0,1.0,8.0,3.0,2.0,7.0,35.0,0.318,0.364,0.402,0.765,116.0,0.349,123.0,53.0,2.0,3.0,0.0,1.0,0.0,46/5HD,
Jason Frasor,33.0,2TM,AL,0.0,4.0,0.0,0.0,0.0,0.0,0.0,0.0,0.0,0.0,0.0,0.0,0.0,0.0,,,,,,,,0.0,0.0,0.0,0.0,0.0,0.0,1,
Jason Frasor,33.0,TOR,AL,0.0,3.0,0.0,0.0,0.0,0.0,0.0,0.0,0.0,0.0,0.0,0.0,0.0,0.0,,,,,,,,0.0,0.0,0.0,0.0,0.0,0.0,1,
Jason Frasor,33.0,CHW,AL,0.0,1.0,0.0,0.0,0.0,0.0,0.0,0.0,0.0,0.0,0.0,0.0,0.0,0.0,,,,,,,,0.0,0.0,0.0,0.0,0.0,0.0,1,
Jason Giambi*,40.0,COL,NL,1.1,64.0,152.0,131.0,20.0,34.0,6.0,0.0,13.0,32.0,0.0,0.0,17.0,45.0,0.26,0.355,0.603,0.958,140.0,0.418,149.0,79.0,1.0,3.0,0.0,1.0,0.0,H3/D,
Jason Grilli,34.0,PIT,NL,0.0,28.0,1.0,1.0,0.0,0.0,0.0,0.0,0.0,0.0,0.0,0.0,0.0,1.0,0.0,0.0,0.0,0.0,-100.0,0.0,-127.0,0.0,0.0,0.0,0.0,0.0,0.0,1,
Jason Hammel,28.0,COL,NL,0.1,32.0,61.0,46.0,3.0,7.0,1.0,0.0,1.0,4.0,0.0,0.0,1.0,15.0,0.152,0.17,0.239,0.409,4.0,0.203,-43.0,11.0,0.0,0.0,14.0,0.0,0.0,1/H,
Jason Heyward*,21.0,ATL,NL,2.0,128.0,456.0,396.0,50.0,90.0,18.0,2.0,14.0,42.0,9.0,2.0,51.0,93.0,0.227,0.319,0.389,0.708,93.0,0.322,91.0,154.0,7.0,4.0,0.0,3.0,4.0,*9H,
Jason Isringhausen,38.0,NYM,NL,0.0,50.0,0.0,0.0,0.0,0.0,0.0,0.0,0.0,0.0,0.0,0.0,0.0,0.0,,,,,,,,0.0,0.0,0.0,0.0,0.0,0.0,1,
Jason Jaramillo#,28.0,PIT,NL,0.1,23.0,45.0,43.0,1.0,14.0,3.0,0.0,0.0,6.0,1.0,0.0,2.0,12.0,0.326,0.356,0.395,0.751,111.0,0.344,112.0,17.0,1.0,0.0,0.0,0.0,0.0,2H,
Jason Kipnis*,24.0,CLE,AL,1.0,36.0,150.0,136.0,24.0,37.0,9.0,1.0,7.0,19.0,5.0,0.0,11.0,34.0,0.272,0.333,0.507,0.841,133.0,0.375,134.0,69.0,0.0,2.0,0.0,1.0,0.0,4/H,
Jason Kubel*,29.0,MIN,AL,0.8,99.0,401.0,366.0,37.0,100.0,21.0,1.0,12.0,58.0,1.0,1.0,32.0,86.0,0.273,0.332,0.434,0.766,110.0,0.339,109.0,159.0,8.0,1.0,0.0,2.0,2.0,9D/7H,
Jason Marquis*,32.0,2TM,NL,0.0,26.0,49.0,46.0,3.0,8.0,1.0,0.0,0.0,3.0,0.0,0.0,0.0,14.0,0.174,0.174,0.196,0.37,2.0,0.186,-13.0,9.0,0.0,0.0,3.0,0.0,0.0,1/H,
Jason Marquis*,32.0,WSN,NL,0.1,23.0,45.0,42.0,3.0,8.0,1.0,0.0,0.0,3.0,0.0,0.0,0.0,13.0,0.19,0.19,0.214,0.405,11.0,0.204,0.0,9.0,0.0,0.0,3.0,0.0,0.0,1/H,
Jason Marquis*,32.0,ARI,NL,-0.1,3.0,4.0,4.0,0.0,0.0,0.0,0.0,0.0,0.0,0.0,0.0,0.0,1.0,0.0,0.0,0.0,0.0,-100.0,0.0,-144.0,0.0,0.0,0.0,0.0,0.0,0.0,/1,
Jason Michaels,35.0,HOU,NL,-0.5,89.0,169.0,156.0,10.0,31.0,9.0,0.0,2.0,10.0,1.0,0.0,11.0,31.0,0.199,0.256,0.295,0.551,53.0,0.252,43.0,46.0,5.0,1.0,1.0,0.0,1.0,H79,
Jason Motte,29.0,STL,NL,0.0,74.0,1.0,1.0,0.0,0.0,0.0,0.0,0.0,0.0,0.0,0.0,0.0,1.0,0.0,0.0,0.0,0.0,-100.0,0.0,-136.0,0.0,0.0,0.0,0.0,0.0,0.0,1,
Jason Pridie*,27.0,NYM,NL,0.8,101.0,236.0,208.0,28.0,48.0,11.0,3.0,4.0,20.0,7.0,1.0,24.0,64.0,0.231,0.309,0.37,0.679,90.0,0.31,85.0,77.0,2.0,0.0,3.0,1.0,2.0,8H97,
Jason Repko,30.0,MIN,AL,-0.4,67.0,144.0,133.0,21.0,30.0,2.0,0.0,2.0,11.0,7.0,2.0,6.0,38.0,0.226,0.27,0.286,0.555,54.0,0.254,42.0,38.0,0.0,2.0,3.0,0.0,0.0,97H/D8,
Jason Vargas*,28.0,SEA,AL,0.0,1.0,2.0,2.0,0.0,0.0,0.0,0.0,0.0,0.0,0.0,0.0,0.0,0.0,0.0,0.0,0.0,0.0,-100.0,0.0,-122.0,0.0,0.0,0.0,0.0,0.0,0.0,1,
Jason Varitek#,39.0,BOS,AL,0.8,68.0,250.0,222.0,32.0,49.0,10.0,1.0,11.0,36.0,0.0,0.0,21.0,67.0,0.221,0.3,0.423,0.723,92.0,0.324,92.0,94.0,3.0,4.0,3.0,0.0,0.0,2,
Javier López*,33.0,SFG,NL,0.0,67.0,2.0,2.0,0.0,0.0,0.0,0.0,0.0,0.0,0.0,0.0,0.0,1.0,0.0,0.0,0.0,0.0,-100.0,0.0,-138.0,0.0,0.0,0.0,0.0,0.0,0.0,1,
Javier Vázquez,34.0,FLA,NL,-0.1,34.0,67.0,56.0,5.0,10.0,1.0,0.0,0.0,2.0,0.0,0.0,2.0,10.0,0.179,0.207,0.196,0.403,12.0,0.182,-28.0,11.0,1.0,0.0,9.0,0.0,0.0,1/H,
Javy Guerra,25.0,LAD,NL,0.1,45.0,1.0,0.0,0.0,0.0,0.0,0.0,0.0,0.0,0.0,0.0,1.0,0.0,,1.0,,,,0.697,364.0,0.0,0.0,0.0,0.0,0.0,0.0,1,
Jay Bruce*,24.0,CIN,NL,2.3,157.0,664.0,585.0,84.0,150.0,27.0,2.0,32.0,97.0,8.0,7.0,71.0,158.0,0.256,0.341,0.474,0.814,118.0,0.353,115.0,277.0,8.0,5.0,1.0,2.0,14.0,*9/H,AS
Jay Buente,27.0,FLA,NL,0.0,1.0,1.0,1.0,0.0,0.0,0.0,0.0,0.0,0.0,0.0,0.0,0.0,1.0,0.0,0.0,0.0,0.0,-100.0,0.0,-136.0,0.0,0.0,0.0,0.0,0.0,0.0,/1,
Jay Gibbons*,34.0,LAD,NL,-0.2,24.0,62.0,55.0,5.0,14.0,2.0,0.0,1.0,5.0,0.0,0.0,5.0,14.0,0.255,0.323,0.345,0.668,88.0,0.313,92.0,19.0,0.0,1.0,0.0,1.0,1.0,7/H9D,
Jayson Nix,28.0,TOR,AL,-0.1,46.0,151.0,136.0,15.0,23.0,5.0,1.0,4.0,16.0,4.0,1.0,12.0,42.0,0.169,0.245,0.309,0.554,49.0,0.254,40.0,42.0,2.0,2.0,0.0,1.0,1.0,5/4DH7,
Jayson Werth,32.0,WSN,NL,1.3,150.0,649.0,561.0,69.0,130.0,26.0,1.0,20.0,58.0,19.0,3.0,74.0,160.0,0.232,0.33,0.389,0.718,97.0,0.335,100.0,218.0,10.0,10.0,0.0,4.0,5.0,*98/H,
JB Shuck*,24.0,HOU,NL,0.0,37.0,92.0,81.0,9.0,22.0,2.0,1.0,0.0,3.0,2.0,0.0,11.0,7.0,0.272,0.359,0.321,0.68,91.0,0.322,92.0,26.0,3.0,0.0,0.0,0.0,1.0,9H/87,
Jed Lowrie#,27.0,BOS,AL,0.6,88.0,341.0,309.0,40.0,78.0,14.0,4.0,6.0,36.0,1.0,1.0,23.0,60.0,0.252,0.303,0.382,0.685,83.0,0.307,80.0,118.0,6.0,2.0,1.0,6.0,2.0,65/H3D4,
Jeff Baker,30.0,CHC,NL,0.0,81.0,212.0,201.0,20.0,54.0,12.0,1.0,3.0,23.0,0.0,0.0,10.0,46.0,0.269,0.302,0.383,0.685,87.0,0.326,96.0,77.0,8.0,0.0,0.0,1.0,0.0,H3459/D7,
Jeff Francis*,30.0,KCR,AL,0.0,1.0,2.0,2.0,0.0,0.0,0.0,0.0,0.0,0.0,0.0,0.0,0.0,1.0,0.0,0.0,0.0,0.0,-100.0,0.0,-135.0,0.0,0.0,0.0,0.0,0.0,0.0,1,
Jeff Francoeur,27.0,KCR,AL,3.2,153.0,656.0,601.0,77.0,171.0,47.0,4.0,20.0,87.0,22.0,10.0,37.0,123.0,0.285,0.329,0.476,0.805,119.0,0.352,118.0,286.0,17.0,8.0,0.0,10.0,3.0,*9/H,
Jeff Fulchino,31.0,2TM,NL,0.0,39.0,0.0,0.0,0.0,0.0,0.0,0.0,0.0,0.0,0.0,0.0,0.0,0.0,,,,,,,,0.0,0.0,0.0,0.0,0.0,0.0,1,
Jeff Fulchino,31.0,HOU,NL,0.0,36.0,0.0,0.0,0.0,0.0,0.0,0.0,0.0,0.0,0.0,0.0,0.0,0.0,,,,,,,,0.0,0.0,0.0,0.0,0.0,0.0,1,
Jeff Fulchino,31.0,SDP,NL,0.0,3.0,0.0,0.0,0.0,0.0,0.0,0.0,0.0,0.0,0.0,0.0,0.0,0.0,,,,,,,,0.0,0.0,0.0,0.0,0.0,0.0,/1,
Jeff Karstens,28.0,PIT,NL,-0.1,28.0,58.0,48.0,2.0,5.0,1.0,0.0,0.0,2.0,0.0,0.0,3.0,28.0,0.104,0.157,0.125,0.282,-19.0,0.137,-56.0,6.0,0.0,0.0,7.0,0.0,0.0,1,
Jeff Keppinger,31.0,2TM,NL,-0.4,99.0,400.0,379.0,39.0,105.0,20.0,0.0,6.0,35.0,0.0,1.0,12.0,24.0,0.277,0.3,0.377,0.677,90.0,0.305,88.0,143.0,11.0,2.0,2.0,4.0,0.0,4/H,
Jeff Keppinger,31.0,HOU,NL,0.4,43.0,170.0,163.0,22.0,50.0,9.0,0.0,4.0,20.0,0.0,1.0,4.0,7.0,0.307,0.32,0.436,0.755,108.0,0.334,108.0,71.0,5.0,0.0,0.0,2.0,0.0,4/H,
Jeff Keppinger,31.0,SFG,NL,-0.7,56.0,230.0,216.0,17.0,55.0,11.0,0.0,2.0,15.0,0.0,0.0,8.0,17.0,0.255,0.285,0.333,0.618,76.0,0.283,74.0,72.0,6.0,2.0,2.0,2.0,0.0,4/H,
Jeff Locke*,23.0,PIT,NL,-0.1,4.0,5.0,5.0,0.0,0.0,0.0,0.0,0.0,0.0,0.0,0.0,0.0,4.0,0.0,0.0,0.0,0.0,-100.0,0.0,-140.0,0.0,1.0,0.0,0.0,0.0,0.0,/1,
Jeff Marquez,26.0,NYY,AL,0.0,1.0,0.0,0.0,0.0,0.0,0.0,0.0,0.0,0.0,0.0,0.0,0.0,0.0,,,,,,,,0.0,0.0,0.0,0.0,0.0,0.0,/1,
Jeff Mathis,28.0,LAA,AL,0.0,93.0,281.0,247.0,18.0,43.0,12.0,0.0,3.0,22.0,1.0,2.0,15.0,75.0,0.174,0.225,0.259,0.484,38.0,0.227,33.0,64.0,3.0,2.0,14.0,3.0,2.0,2/DH,
Jeff Niemann,28.0,TBR,AL,0.0,2.0,3.0,3.0,0.0,1.0,0.0,0.0,0.0,0.0,0.0,0.0,0.0,2.0,0.333,0.333,0.333,0.667,90.0,0.302,88.0,1.0,0.0,0.0,0.0,0.0,0.0,1,
Jeff Samardzija,26.0,CHC,NL,-0.1,71.0,4.0,4.0,0.0,0.0,0.0,0.0,0.0,0.0,0.0,0.0,0.0,3.0,0.0,0.0,0.0,0.0,-100.0,0.0,-142.0,0.0,0.0,0.0,0.0,0.0,0.0,1,
Jeff Stevens,27.0,CHC,NL,0.0,4.0,2.0,2.0,0.0,0.0,0.0,0.0,0.0,0.0,0.0,0.0,0.0,1.0,0.0,0.0,0.0,0.0,-100.0,0.0,-148.0,0.0,0.0,0.0,0.0,0.0,0.0,/1,
Jemile Weeks#,24.0,OAK,AL,1.7,97.0,437.0,406.0,50.0,123.0,26.0,8.0,2.0,36.0,22.0,11.0,21.0,62.0,0.303,0.34,0.421,0.761,110.0,0.339,110.0,171.0,3.0,4.0,2.0,4.0,1.0,4/H,
Jerad Head,28.0,CLE,AL,0.0,10.0,25.0,24.0,2.0,3.0,1.0,0.0,0.0,1.0,1.0,0.0,0.0,5.0,0.125,0.16,0.167,0.327,-7.0,0.23,28.0,4.0,0.0,1.0,0.0,0.0,0.0,/7H,
Jered Weaver,28.0,LAA,AL,-0.1,2.0,4.0,4.0,0.0,0.0,0.0,0.0,0.0,0.0,0.0,0.0,0.0,1.0,0.0,0.0,0.0,0.0,-100.0,0.0,-131.0,0.0,0.0,0.0,0.0,0.0,0.0,1,"AS,CYA-2"
Jeremy Accardo,29.0,BAL,AL,0.0,1.0,0.0,0.0,0.0,0.0,0.0,0.0,0.0,0.0,0.0,0.0,0.0,0.0,,,,,,,,0.0,0.0,0.0,0.0,0.0,0.0,1,
Jeremy Affeldt*,32.0,SFG,NL,0.0,64.0,2.0,1.0,0.0,0.0,0.0,0.0,0.0,0.0,0.0,0.0,1.0,1.0,0.0,0.5,0.0,0.5,58.0,0.348,124.0,0.0,0.0,0.0,0.0,0.0,0.0,1,
Jeremy Guthrie,32.0,BAL,AL,0.1,3.0,5.0,5.0,0.0,1.0,1.0,0.0,0.0,0.0,0.0,0.0,0.0,2.0,0.2,0.2,0.4,0.6,58.0,0.251,42.0,2.0,0.0,0.0,0.0,0.0,0.0,1/H,
Jeremy Hellickson,24.0,TBR,AL,0.0,1.0,2.0,2.0,0.0,0.0,0.0,0.0,0.0,0.0,0.0,0.0,0.0,2.0,0.0,0.0,0.0,0.0,-100.0,0.0,-126.0,0.0,0.0,0.0,0.0,0.0,0.0,1,ROY-1
Jeremy Hermida*,27.0,2TM,NL,0.3,30.0,66.0,58.0,5.0,11.0,2.0,1.0,2.0,9.0,0.0,0.0,7.0,26.0,0.19,0.288,0.362,0.65,81.0,0.294,78.0,21.0,0.0,1.0,0.0,0.0,0.0,9H/7,
Jeremy Hermida*,27.0,CIN,NL,-0.2,10.0,18.0,18.0,2.0,2.0,0.0,0.0,1.0,3.0,0.0,0.0,0.0,7.0,0.111,0.111,0.278,0.389,1.0,0.167,-25.0,5.0,0.0,0.0,0.0,0.0,0.0,/H79,
Jeremy Hermida*,27.0,SDP,NL,0.5,20.0,48.0,40.0,3.0,9.0,2.0,1.0,1.0,6.0,0.0,0.0,7.0,19.0,0.225,0.354,0.4,0.754,114.0,0.342,117.0,16.0,0.0,1.0,0.0,0.0,0.0,9/H,
Jeremy Horst*,25.0,CIN,NL,0.1,12.0,1.0,1.0,0.0,1.0,0.0,0.0,0.0,1.0,0.0,0.0,0.0,0.0,1.0,1.0,1.0,2.0,445.0,0.91,509.0,1.0,0.0,0.0,0.0,0.0,0.0,1,
Jeremy Moore*,24.0,LAA,AL,0.0,8.0,8.0,8.0,3.0,1.0,0.0,0.0,0.0,0.0,0.0,0.0,0.0,2.0,0.125,0.125,0.125,0.25,-28.0,0.101,-57.0,1.0,0.0,0.0,0.0,0.0,0.0,/H97,
Jeremy Reed*,30.0,MIL,NL,-0.2,7.0,7.0,7.0,0.0,0.0,0.0,0.0,0.0,0.0,0.0,0.0,0.0,2.0,0.0,0.0,0.0,0.0,-100.0,0.0,-149.0,0.0,0.0,0.0,0.0,0.0,0.0,/H,
Jerry Blevins*,27.0,OAK,AL,0.0,1.0,0.0,0.0,0.0,0.0,0.0,0.0,0.0,0.0,0.0,0.0,0.0,0.0,,,,,,,,0.0,0.0,0.0,0.0,0.0,0.0,1,
Jerry Hairston,35.0,2TM,NL,1.6,120.0,376.0,337.0,43.0,91.0,21.0,1.0,5.0,31.0,3.0,2.0,33.0,46.0,0.27,0.344,0.383,0.727,99.0,0.334,103.0,129.0,7.0,5.0,1.0,0.0,1.0,5478H/6,
Jerry Hairston,35.0,WSN,NL,0.6,75.0,238.0,213.0,25.0,57.0,11.0,1.0,4.0,24.0,2.0,2.0,22.0,30.0,0.268,0.342,0.385,0.727,100.0,0.332,103.0,82.0,3.0,2.0,1.0,0.0,1.0,57H/846,
Jerry Hairston,35.0,MIL,NL,1.0,45.0,138.0,124.0,18.0,34.0,10.0,0.0,1.0,7.0,1.0,0.0,11.0,16.0,0.274,0.348,0.379,0.727,98.0,0.339,103.0,47.0,4.0,3.0,0.0,0.0,0.0,48/H567,
Jerry Sands,23.0,LAD,NL,0.3,61.0,227.0,198.0,20.0,50.0,15.0,0.0,4.0,26.0,3.0,3.0,25.0,51.0,0.253,0.338,0.389,0.727,103.0,0.324,102.0,77.0,5.0,1.0,2.0,1.0,0.0,79/3H8,
Jesse Crain,29.0,CHW,AL,0.0,4.0,0.0,0.0,0.0,0.0,0.0,0.0,0.0,0.0,0.0,0.0,0.0,0.0,,,,,,,,0.0,0.0,0.0,0.0,0.0,0.0,1,
Jesse Litsch,26.0,TOR,AL,0.0,1.0,0.0,0.0,0.0,0.0,0.0,0.0,0.0,0.0,0.0,0.0,0.0,0.0,,,,,,,,0.0,0.0,0.0,0.0,0.0,0.0,1,
Jesús Flores,26.0,WSN,NL,-0.2,30.0,91.0,86.0,5.0,18.0,6.0,0.0,1.0,2.0,0.0,0.0,5.0,27.0,0.209,0.253,0.314,0.567,55.0,0.252,41.0,27.0,1.0,0.0,0.0,0.0,2.0,2/H,
Jesús Guzmán,27.0,SDP,NL,1.8,76.0,271.0,247.0,33.0,77.0,22.0,2.0,5.0,44.0,9.0,2.0,22.0,43.0,0.312,0.369,0.478,0.847,139.0,0.382,143.0,118.0,6.0,1.0,0.0,1.0,2.0,3H/7D9,
Jesús Montero,21.0,NYY,AL,0.6,18.0,69.0,61.0,9.0,20.0,4.0,0.0,4.0,12.0,0.0,0.0,7.0,17.0,0.328,0.406,0.59,0.996,163.0,0.446,182.0,36.0,2.0,1.0,0.0,0.0,2.0,D/2H,
Jhonny Peralta,29.0,DET,AL,3.7,146.0,576.0,525.0,68.0,157.0,25.0,3.0,21.0,86.0,0.0,2.0,40.0,95.0,0.299,0.345,0.478,0.824,122.0,0.355,119.0,251.0,17.0,2.0,0.0,9.0,2.0,*6/H3,AS
Jhoulys Chacín,23.0,COL,NL,-0.1,32.0,68.0,61.0,3.0,10.0,1.0,0.0,0.0,4.0,0.0,0.0,1.0,12.0,0.164,0.19,0.18,0.371,-4.0,0.171,-44.0,11.0,0.0,1.0,5.0,0.0,0.0,1/H,
Jim Hoey,28.0,MIN,AL,0.0,1.0,0.0,0.0,0.0,0.0,0.0,0.0,0.0,0.0,0.0,0.0,0.0,0.0,,,,,,,,0.0,0.0,0.0,0.0,0.0,0.0,1,
Jim Johnson,28.0,BAL,AL,0.0,3.0,0.0,0.0,0.0,0.0,0.0,0.0,0.0,0.0,0.0,0.0,0.0,0.0,,,,,,,,0.0,0.0,0.0,0.0,0.0,0.0,1,
Jim Miller,29.0,COL,NL,0.0,6.0,0.0,0.0,0.0,0.0,0.0,0.0,0.0,0.0,0.0,0.0,0.0,0.0,,,,,,,,0.0,0.0,0.0,0.0,0.0,0.0,/1,
Jim Thome*,40.0,2TM,AL,1.5,93.0,324.0,277.0,32.0,71.0,16.0,0.0,15.0,50.0,0.0,0.0,46.0,92.0,0.256,0.361,0.477,0.838,131.0,0.368,131.0,132.0,6.0,0.0,0.0,1.0,4.0,DH,
Jim Thome*,40.0,MIN,AL,1.0,71.0,242.0,206.0,21.0,50.0,12.0,0.0,12.0,40.0,0.0,0.0,35.0,69.0,0.243,0.351,0.476,0.827,126.0,0.365,128.0,98.0,5.0,0.0,0.0,1.0,3.0,DH,
Jim Thome*,40.0,CLE,AL,0.6,22.0,82.0,71.0,11.0,21.0,4.0,0.0,3.0,10.0,0.0,0.0,11.0,23.0,0.296,0.39,0.479,0.869,144.0,0.377,142.0,34.0,1.0,0.0,0.0,0.0,1.0,D/H,
Jimmy Paredes#,22.0,HOU,NL,0.5,46.0,179.0,168.0,16.0,48.0,8.0,2.0,2.0,18.0,5.0,4.0,9.0,47.0,0.286,0.32,0.393,0.713,97.0,0.318,96.0,66.0,3.0,0.0,1.0,1.0,0.0,5/H,
Jimmy Rollins#,32.0,PHI,NL,2.7,142.0,631.0,567.0,87.0,152.0,22.0,2.0,16.0,63.0,30.0,8.0,58.0,59.0,0.268,0.338,0.399,0.736,101.0,0.344,105.0,226.0,9.0,3.0,0.0,3.0,5.0,*6/HD,
Jo-Jo Reyes*,26.0,TOR,AL,0.0,2.0,4.0,4.0,0.0,1.0,0.0,0.0,0.0,0.0,0.0,0.0,0.0,2.0,0.25,0.25,0.25,0.5,36.0,0.226,22.0,1.0,0.0,0.0,0.0,0.0,0.0,1,
Joakim Soria,27.0,KCR,AL,0.0,2.0,0.0,0.0,0.0,0.0,0.0,0.0,0.0,0.0,0.0,0.0,0.0,0.0,,,,,,,,0.0,0.0,0.0,0.0,0.0,0.0,1,
Joaquin Benoit,33.0,DET,AL,0.0,3.0,0.0,0.0,0.0,0.0,0.0,0.0,0.0,0.0,0.0,0.0,0.0,0.0,,,,,,,,0.0,0.0,0.0,0.0,0.0,0.0,1,
Joe Beimel*,34.0,PIT,NL,0.0,35.0,1.0,1.0,0.0,0.0,0.0,0.0,0.0,0.0,0.0,0.0,0.0,1.0,0.0,0.0,0.0,0.0,-100.0,0.0,-127.0,0.0,0.0,0.0,0.0,0.0,0.0,1,
Joe Benson,23.0,MIN,AL,-0.7,21.0,74.0,71.0,3.0,17.0,6.0,1.0,0.0,2.0,2.0,2.0,3.0,21.0,0.239,0.27,0.352,0.622,70.0,0.277,69.0,25.0,1.0,0.0,0.0,0.0,0.0,7/98HD,
Joe Blanton,30.0,PHI,NL,0.0,11.0,12.0,11.0,1.0,2.0,0.0,0.0,0.0,2.0,0.0,0.0,0.0,3.0,0.182,0.182,0.182,0.364,0.0,0.248,33.0,2.0,0.0,0.0,1.0,0.0,0.0,1,
Joe Inglett*,33.0,HOU,NL,-0.3,20.0,27.0,27.0,3.0,6.0,1.0,0.0,0.0,1.0,0.0,0.0,0.0,7.0,0.222,0.222,0.259,0.481,34.0,0.212,15.0,7.0,0.0,0.0,0.0,0.0,0.0,H/45,
Joe Mather,28.0,ATL,NL,-0.6,36.0,83.0,75.0,4.0,16.0,4.0,0.0,1.0,9.0,0.0,1.0,6.0,23.0,0.213,0.272,0.307,0.578,59.0,0.245,38.0,23.0,1.0,0.0,2.0,0.0,2.0,9H/7835,
Joe Mauer*,28.0,MIN,AL,1.5,82.0,333.0,296.0,38.0,85.0,15.0,0.0,3.0,30.0,0.0,0.0,32.0,38.0,0.287,0.36,0.368,0.729,102.0,0.332,104.0,109.0,9.0,3.0,0.0,2.0,7.0,23D/H9,
Joe Nathan,36.0,MIN,AL,0.0,2.0,0.0,0.0,0.0,0.0,0.0,0.0,0.0,0.0,0.0,0.0,0.0,0.0,,,,,,,,0.0,0.0,0.0,0.0,0.0,0.0,1,
Joe Paterson,25.0,ARI,NL,0.0,61.0,0.0,0.0,0.0,0.0,0.0,0.0,0.0,0.0,0.0,0.0,0.0,0.0,,,,,,,,0.0,0.0,0.0,0.0,0.0,0.0,1,
Joe Saunders*,30.0,ARI,NL,0.3,30.0,67.0,61.0,2.0,12.0,1.0,0.0,0.0,4.0,0.0,0.0,2.0,15.0,0.197,0.222,0.213,0.435,19.0,0.212,4.0,13.0,1.0,0.0,4.0,0.0,0.0,1,
Joe Savery*,25.0,PHI,NL,0.0,4.0,0.0,0.0,0.0,0.0,0.0,0.0,0.0,0.0,0.0,0.0,0.0,0.0,,,,,,,,0.0,0.0,0.0,0.0,0.0,0.0,/1,
Joe Smith,27.0,CLE,AL,0.0,5.0,0.0,0.0,0.0,0.0,0.0,0.0,0.0,0.0,0.0,0.0,0.0,0.0,,,,,,,,0.0,0.0,0.0,0.0,0.0,0.0,1,
Joe Thatcher*,29.0,SDP,NL,0.0,18.0,0.0,0.0,0.0,0.0,0.0,0.0,0.0,0.0,0.0,0.0,0.0,0.0,,,,,,,,0.0,0.0,0.0,0.0,0.0,0.0,1,
Joe Thurston*,31.0,FLA,NL,0.0,1.0,4.0,4.0,0.0,1.0,0.0,0.0,0.0,0.0,1.0,0.0,0.0,1.0,0.25,0.25,0.25,0.5,38.0,0.291,26.0,1.0,0.0,0.0,0.0,0.0,0.0,/4,
Joel Carreño,24.0,TOR,AL,0.0,1.0,0.0,0.0,0.0,0.0,0.0,0.0,0.0,0.0,0.0,0.0,0.0,0.0,,,,,,,,0.0,0.0,0.0,0.0,0.0,0.0,1,
Joel Hanrahan,29.0,PIT,NL,0.0,69.0,0.0,0.0,0.0,0.0,0.0,0.0,0.0,0.0,0.0,0.0,0.0,0.0,,,,,,,,0.0,0.0,0.0,0.0,0.0,0.0,1,AS
Joel Peralta,35.0,TBR,AL,0.0,4.0,0.0,0.0,0.0,0.0,0.0,0.0,0.0,0.0,0.0,0.0,0.0,0.0,,,,,,,,0.0,0.0,0.0,0.0,0.0,0.0,1,
Joel Piñeiro,32.0,LAA,AL,-0.1,2.0,6.0,5.0,0.0,0.0,0.0,0.0,0.0,0.0,0.0,0.0,0.0,4.0,0.0,0.0,0.0,0.0,-100.0,0.0,-174.0,0.0,0.0,0.0,1.0,0.0,0.0,1,
Joey Devine,27.0,OAK,AL,0.0,4.0,0.0,0.0,0.0,0.0,0.0,0.0,0.0,0.0,0.0,0.0,0.0,0.0,,,,,,,,0.0,0.0,0.0,0.0,0.0,0.0,1,
Joey Gathright*,30.0,BOS,AL,0.1,7.0,1.0,0.0,1.0,0.0,0.0,0.0,0.0,0.0,1.0,1.0,1.0,0.0,,1.0,,,,0.448,382.0,0.0,0.0,0.0,0.0,0.0,0.0,/7HD,
Joey Votto*,27.0,CIN,NL,6.6,161.0,719.0,599.0,101.0,185.0,40.0,3.0,29.0,103.0,8.0,6.0,110.0,129.0,0.309,0.416,0.531,0.947,155.0,0.419,165.0,318.0,20.0,4.0,0.0,6.0,15.0,*3/H,"AS,MVP-6,GG"
John Axford,28.0,MIL,NL,0.0,71.0,0.0,0.0,0.0,0.0,0.0,0.0,0.0,0.0,0.0,0.0,0.0,0.0,,,,,,,,0.0,0.0,0.0,0.0,0.0,0.0,1,"CYA-9,MVP-17"
John Baker*,30.0,FLA,NL,-0.1,16.0,16.0,13.0,0.0,2.0,0.0,0.0,0.0,1.0,0.0,0.0,2.0,3.0,0.154,0.267,0.154,0.421,19.0,0.207,2.0,2.0,0.0,0.0,1.0,0.0,0.0,H/2,
John Bowker*,27.0,2TM,NL,-0.4,31.0,32.0,30.0,0.0,4.0,1.0,0.0,0.0,2.0,0.0,1.0,2.0,11.0,0.133,0.188,0.167,0.354,0.0,0.165,-8.0,5.0,0.0,0.0,0.0,0.0,1.0,H/39,
John Bowker*,27.0,PIT,NL,0.0,19.0,19.0,17.0,0.0,4.0,1.0,0.0,0.0,2.0,0.0,1.0,2.0,4.0,0.235,0.316,0.294,0.61,73.0,0.284,92.0,5.0,0.0,0.0,0.0,0.0,1.0,H/39,
John Bowker*,27.0,PHI,NL,-0.4,12.0,13.0,13.0,0.0,0.0,0.0,0.0,0.0,0.0,0.0,0.0,0.0,7.0,0.0,0.0,0.0,0.0,-100.0,0.0,-146.0,0.0,0.0,0.0,0.0,0.0,0.0,H/39,
John Buck,30.0,FLA,NL,0.6,140.0,530.0,466.0,41.0,106.0,15.0,1.0,16.0,57.0,0.0,1.0,54.0,115.0,0.227,0.316,0.367,0.683,87.0,0.309,84.0,171.0,11.0,7.0,2.0,1.0,7.0,*2/H,
John Danks*,26.0,CHW,AL,-0.1,1.0,3.0,3.0,0.0,0.0,0.0,0.0,0.0,0.0,0.0,0.0,0.0,0.0,0.0,0.0,0.0,0.0,-100.0,0.0,-144.0,0.0,0.0,0.0,0.0,0.0,0.0,1,
John Ely,25.0,LAD,NL,-0.1,5.0,4.0,3.0,0.0,0.0,0.0,0.0,0.0,0.0,0.0,1.0,1.0,2.0,0.0,0.25,0.0,0.25,-22.0,0.051,-9.0,0.0,0.0,0.0,0.0,0.0,0.0,/1,
John Gaub,26.0,CHC,NL,0.0,4.0,0.0,0.0,0.0,0.0,0.0,0.0,0.0,0.0,0.0,0.0,0.0,0.0,,,,,,,,0.0,0.0,0.0,0.0,0.0,0.0,/1,
John Grabow*,32.0,CHC,NL,0.0,55.0,0.0,0.0,0.0,0.0,0.0,0.0,0.0,0.0,0.0,0.0,0.0,0.0,,,,,,,,0.0,0.0,0.0,0.0,0.0,0.0,1,
John Jaso*,27.0,TBR,AL,0.5,89.0,273.0,246.0,26.0,55.0,15.0,1.0,5.0,27.0,1.0,2.0,25.0,36.0,0.224,0.298,0.354,0.651,84.0,0.29,82.0,87.0,9.0,1.0,1.0,0.0,0.0,2H,
John Lackey,32.0,BOS,AL,0.1,1.0,3.0,3.0,0.0,1.0,1.0,0.0,0.0,1.0,0.0,0.0,0.0,1.0,0.333,0.333,0.667,1.0,161.0,0.418,162.0,2.0,0.0,0.0,0.0,0.0,0.0,1,
John Lannan*,26.0,WSN,NL,-0.2,31.0,65.0,57.0,3.0,5.0,0.0,0.0,1.0,5.0,0.0,0.0,3.0,24.0,0.088,0.133,0.14,0.274,-24.0,0.13,-60.0,8.0,0.0,0.0,5.0,0.0,0.0,1,
John Mayberry,27.0,PHI,NL,1.6,104.0,296.0,267.0,37.0,73.0,17.0,1.0,15.0,49.0,8.0,3.0,26.0,55.0,0.273,0.341,0.513,0.854,131.0,0.375,131.0,137.0,6.0,2.0,0.0,1.0,2.0,H8739,
John McDonald,36.0,2TM,2LG,0.9,84.0,245.0,227.0,21.0,52.0,10.0,1.0,2.0,22.0,2.0,4.0,12.0,27.0,0.229,0.269,0.308,0.577,56.0,0.272,60.0,70.0,1.0,1.0,3.0,2.0,0.0,654/H,
John McDonald,36.0,TOR,AL,0.7,65.0,182.0,168.0,19.0,42.0,8.0,1.0,2.0,20.0,2.0,4.0,8.0,18.0,0.25,0.285,0.345,0.63,70.0,0.283,69.0,58.0,1.0,1.0,3.0,2.0,0.0,546/H,
John McDonald,36.0,ARI,NL,0.2,19.0,63.0,59.0,2.0,10.0,2.0,0.0,0.0,2.0,0.0,0.0,4.0,9.0,0.169,0.222,0.203,0.426,17.0,0.242,32.0,12.0,0.0,0.0,0.0,0.0,0.0,6/H,
Johnny Cueto,25.0,CIN,NL,-0.3,23.0,56.0,47.0,3.0,3.0,0.0,0.0,0.0,0.0,0.0,0.0,2.0,11.0,0.064,0.102,0.064,0.166,-54.0,0.119,-83.0,3.0,0.0,0.0,7.0,0.0,0.0,1,
Johnny Damon*,37.0,TBR,AL,2.5,150.0,647.0,582.0,79.0,152.0,29.0,7.0,16.0,73.0,19.0,6.0,51.0,92.0,0.261,0.326,0.418,0.743,109.0,0.342,116.0,243.0,4.0,7.0,2.0,5.0,1.0,*D7/H3,
Johnny Giavotella,23.0,KCR,AL,0.1,46.0,187.0,178.0,20.0,44.0,9.0,4.0,2.0,21.0,5.0,2.0,6.0,32.0,0.247,0.273,0.376,0.649,77.0,0.29,72.0,67.0,4.0,1.0,0.0,2.0,0.0,4,
Jon Garland,31.0,LAD,NL,-0.1,8.0,16.0,11.0,1.0,0.0,0.0,0.0,0.0,0.0,0.0,0.0,1.0,3.0,0.0,0.083,0.0,0.083,-74.0,0.058,-163.0,0.0,0.0,0.0,4.0,0.0,0.0,/1,
Jon Jay*,26.0,STL,NL,2.8,159.0,503.0,455.0,56.0,135.0,24.0,2.0,10.0,37.0,6.0,7.0,28.0,81.0,0.297,0.344,0.424,0.768,112.0,0.338,111.0,193.0,11.0,7.0,9.0,4.0,1.0,*89H7,
Jon Lester*,27.0,BOS,AL,-0.1,2.0,5.0,5.0,0.0,0.0,0.0,0.0,0.0,0.0,0.0,0.0,0.0,3.0,0.0,0.0,0.0,0.0,-100.0,0.0,-140.0,0.0,0.0,0.0,0.0,0.0,0.0,1,AS
Jon Niese*,24.0,NYM,NL,-0.3,28.0,60.0,49.0,1.0,3.0,0.0,1.0,0.0,0.0,0.0,0.0,4.0,33.0,0.061,0.132,0.102,0.234,-33.0,0.117,-74.0,5.0,0.0,0.0,7.0,0.0,0.0,1/H,
Jon Rauch,32.0,TOR,AL,0.0,3.0,0.0,0.0,0.0,0.0,0.0,0.0,0.0,0.0,0.0,0.0,0.0,0.0,,,,,,,,0.0,0.0,0.0,0.0,0.0,0.0,1,
Jonathan Broxton,27.0,LAD,NL,0.0,14.0,0.0,0.0,0.0,0.0,0.0,0.0,0.0,0.0,0.0,0.0,0.0,0.0,,,,,,,,0.0,0.0,0.0,0.0,0.0,0.0,1,
Jonathan Herrera#,26.0,COL,NL,0.4,104.0,320.0,281.0,28.0,68.0,5.0,1.0,3.0,14.0,4.0,4.0,28.0,40.0,0.242,0.313,0.299,0.612,58.0,0.303,65.0,84.0,7.0,1.0,10.0,0.0,0.0,4H6/5,
Jonathan Lucroy,25.0,MIL,NL,1.0,136.0,468.0,430.0,45.0,114.0,16.0,1.0,12.0,59.0,2.0,1.0,29.0,99.0,0.265,0.313,0.391,0.703,90.0,0.316,87.0,168.0,7.0,2.0,4.0,3.0,0.0,*2H,
Jonathan Papelbon,30.0,BOS,AL,0.0,5.0,0.0,0.0,0.0,0.0,0.0,0.0,0.0,0.0,0.0,0.0,0.0,0.0,,,,,,,,0.0,0.0,0.0,0.0,0.0,0.0,1,
Jonathan Sánchez*,28.0,SFG,NL,0.3,18.0,31.0,29.0,2.0,6.0,4.0,0.0,0.0,1.0,0.0,0.0,1.0,12.0,0.207,0.233,0.345,0.578,63.0,0.254,51.0,10.0,1.0,0.0,1.0,0.0,0.0,1,
Jonny Gomes,30.0,2TM,NL,0.2,120.0,372.0,311.0,41.0,65.0,12.0,1.0,14.0,43.0,7.0,3.0,48.0,105.0,0.209,0.325,0.389,0.714,94.0,0.328,96.0,121.0,2.0,8.0,0.0,5.0,1.0,7H9/D,
Jonny Gomes,30.0,CIN,NL,0.4,77.0,265.0,218.0,30.0,46.0,8.0,0.0,11.0,31.0,5.0,3.0,38.0,74.0,0.211,0.336,0.399,0.735,99.0,0.334,100.0,87.0,1.0,5.0,0.0,4.0,1.0,7H/D,
Jonny Gomes,30.0,WSN,NL,-0.2,43.0,107.0,93.0,11.0,19.0,4.0,1.0,3.0,12.0,2.0,0.0,10.0,31.0,0.204,0.299,0.366,0.665,82.0,0.313,84.0,34.0,1.0,3.0,0.0,1.0,0.0,7H9,
Jonny Venters*,26.0,ATL,NL,0.0,82.0,0.0,0.0,0.0,0.0,0.0,0.0,0.0,0.0,0.0,0.0,0.0,0.0,,,,,,,,0.0,0.0,0.0,0.0,0.0,0.0,1,AS
Jordan Lyles,20.0,HOU,NL,-0.1,19.0,29.0,25.0,2.0,3.0,0.0,0.0,0.0,0.0,0.0,0.0,2.0,9.0,0.12,0.185,0.12,0.305,-13.0,0.145,-45.0,3.0,0.0,0.0,2.0,0.0,0.0,1,
Jordan Pacheco,25.0,COL,NL,-0.5,21.0,88.0,84.0,5.0,24.0,1.0,0.0,2.0,14.0,0.0,0.0,3.0,9.0,0.286,0.318,0.369,0.687,76.0,0.322,78.0,31.0,2.0,1.0,0.0,0.0,0.0,3/524H,
Jordan Schafer*,24.0,2TM,NL,-0.2,82.0,338.0,302.0,46.0,73.0,10.0,3.0,2.0,13.0,22.0,4.0,28.0,70.0,0.242,0.309,0.315,0.624,73.0,0.301,71.0,95.0,4.0,2.0,4.0,1.0,0.0,8/H,
Jordan Schafer*,24.0,ATL,NL,0.2,52.0,220.0,196.0,32.0,47.0,6.0,3.0,1.0,7.0,15.0,4.0,18.0,42.0,0.24,0.307,0.316,0.623,72.0,0.305,74.0,62.0,3.0,1.0,4.0,0.0,0.0,8/H,
Jordan Schafer*,24.0,HOU,NL,-0.4,30.0,118.0,106.0,14.0,26.0,4.0,0.0,1.0,6.0,7.0,0.0,10.0,28.0,0.245,0.314,0.311,0.625,75.0,0.296,66.0,33.0,1.0,1.0,0.0,1.0,0.0,8/H,
Jordan Smith,25.0,CIN,NL,0.0,16.0,2.0,2.0,0.0,0.0,0.0,0.0,0.0,0.0,0.0,0.0,0.0,0.0,0.0,0.0,0.0,0.0,-100.0,0.0,-152.0,0.0,0.0,0.0,0.0,0.0,0.0,1,
Jordan Walden,23.0,LAA,AL,0.0,4.0,0.0,0.0,0.0,0.0,0.0,0.0,0.0,0.0,0.0,0.0,0.0,0.0,,,,,,,,0.0,0.0,0.0,0.0,0.0,0.0,1,"AS,ROY-7"
Jordan Zimmermann,25.0,WSN,NL,0.2,26.0,56.0,43.0,1.0,9.0,1.0,0.0,0.0,3.0,0.0,0.0,2.0,12.0,0.209,0.244,0.233,0.477,33.0,0.216,-5.0,10.0,0.0,0.0,11.0,0.0,0.0,1/H,
Jorge Cantú,29.0,SDP,NL,-0.9,57.0,155.0,144.0,8.0,28.0,4.0,0.0,3.0,16.0,0.0,0.0,7.0,28.0,0.194,0.232,0.285,0.517,46.0,0.23,33.0,41.0,6.0,1.0,0.0,3.0,1.0,3H5/4,
Jorge De La Rosa*,30.0,COL,NL,0.1,10.0,23.0,21.0,1.0,5.0,0.0,0.0,0.0,3.0,0.0,0.0,0.0,10.0,0.238,0.238,0.238,0.476,23.0,0.217,-9.0,5.0,0.0,0.0,2.0,0.0,0.0,1,
Jorge Posada#,40.0,NYY,AL,-0.4,115.0,387.0,344.0,34.0,81.0,14.0,0.0,14.0,44.0,0.0,2.0,39.0,76.0,0.235,0.315,0.398,0.714,90.0,0.324,93.0,137.0,17.0,2.0,0.0,2.0,4.0,DH3/24,
Jose Altuve,21.0,HOU,NL,0.6,57.0,234.0,221.0,26.0,61.0,10.0,1.0,2.0,12.0,7.0,3.0,5.0,29.0,0.276,0.297,0.357,0.654,81.0,0.301,80.0,79.0,5.0,2.0,5.0,1.0,0.0,4/H,
Jose Iglesias,21.0,BOS,AL,0.0,10.0,6.0,6.0,3.0,2.0,0.0,0.0,0.0,0.0,0.0,0.0,0.0,2.0,0.333,0.333,0.333,0.667,81.0,0.285,65.0,2.0,0.0,0.0,0.0,0.0,0.0,/6H,
Jose Lobaton#,26.0,TBR,AL,-0.1,15.0,39.0,34.0,2.0,4.0,1.0,0.0,0.0,0.0,0.0,0.0,4.0,8.0,0.118,0.231,0.147,0.378,11.0,0.192,9.0,5.0,2.0,1.0,0.0,0.0,0.0,2/H,
Josh Bard#,33.0,SEA,AL,0.1,26.0,86.0,81.0,5.0,17.0,4.0,0.0,2.0,11.0,0.0,0.0,5.0,20.0,0.21,0.256,0.333,0.589,68.0,0.262,63.0,27.0,0.0,0.0,0.0,0.0,0.0,2/D,
Josh Beckett,31.0,BOS,AL,-0.1,2.0,5.0,5.0,0.0,0.0,0.0,0.0,0.0,0.0,0.0,0.0,0.0,1.0,0.0,0.0,0.0,0.0,-100.0,0.0,-140.0,0.0,1.0,0.0,0.0,0.0,0.0,1,"AS,CYA-9"
Josh Bell#,24.0,BAL,AL,-0.6,26.0,65.0,61.0,6.0,10.0,0.0,0.0,0.0,6.0,0.0,0.0,4.0,25.0,0.164,0.215,0.164,0.379,6.0,0.196,2.0,10.0,1.0,0.0,0.0,0.0,0.0,5/DH79,
Josh Collmenter,25.0,ARI,NL,0.0,29.0,47.0,40.0,2.0,6.0,0.0,0.0,0.0,1.0,0.0,0.0,2.0,16.0,0.15,0.209,0.15,0.359,0.0,0.19,-16.0,6.0,0.0,1.0,4.0,0.0,0.0,1,ROY-5
Josh Hamilton*,30.0,TEX,AL,3.8,121.0,538.0,487.0,80.0,145.0,31.0,5.0,25.0,94.0,8.0,1.0,39.0,93.0,0.298,0.346,0.536,0.882,130.0,0.381,129.0,261.0,8.0,2.0,0.0,10.0,13.0,*78/D,"AS,MVP-22"
Josh Harrison,23.0,PIT,NL,1.2,65.0,204.0,195.0,21.0,53.0,13.0,2.0,1.0,16.0,4.0,1.0,3.0,24.0,0.272,0.281,0.374,0.656,83.0,0.304,84.0,73.0,6.0,0.0,5.0,1.0,0.0,5H/4,
Josh Johnson*,27.0,FLA,NL,0.1,9.0,23.0,19.0,1.0,3.0,0.0,0.0,0.0,4.0,0.0,0.0,2.0,10.0,0.158,0.238,0.158,0.396,12.0,0.24,26.0,3.0,1.0,0.0,2.0,0.0,0.0,/1,
Josh Judy,25.0,CLE,AL,0.0,1.0,0.0,0.0,0.0,0.0,0.0,0.0,0.0,0.0,0.0,0.0,0.0,0.0,,,,,,,,0.0,0.0,0.0,0.0,0.0,0.0,1,
Josh Lindblom,24.0,LAD,NL,0.0,27.0,1.0,1.0,0.0,0.0,0.0,0.0,0.0,0.0,0.0,0.0,0.0,1.0,0.0,0.0,0.0,0.0,-100.0,0.0,-136.0,0.0,0.0,0.0,0.0,0.0,0.0,1,
Josh Outman*,26.0,OAK,AL,-0.1,2.0,5.0,5.0,0.0,0.0,0.0,0.0,0.0,0.0,0.0,0.0,0.0,1.0,0.0,0.0,0.0,0.0,-100.0,0.0,-135.0,0.0,0.0,0.0,0.0,0.0,0.0,1,
Josh Reddick*,24.0,BOS,AL,1.9,87.0,278.0,254.0,41.0,71.0,18.0,3.0,7.0,28.0,1.0,2.0,19.0,50.0,0.28,0.327,0.457,0.784,109.0,0.344,109.0,116.0,1.0,1.0,0.0,4.0,1.0,97H/8D,
Josh Rodríguez,26.0,PIT,NL,-0.1,7.0,14.0,12.0,1.0,1.0,0.0,0.0,0.0,1.0,0.0,0.0,1.0,8.0,0.083,0.214,0.083,0.298,-12.0,0.16,-21.0,1.0,0.0,1.0,0.0,0.0,0.0,/6H4,
Josh Roenicke,28.0,COL,NL,0.0,19.0,0.0,0.0,0.0,0.0,0.0,0.0,0.0,0.0,0.0,0.0,0.0,0.0,,,,,,,,0.0,0.0,0.0,0.0,0.0,0.0,1,
Josh Satin,26.0,NYM,NL,-0.1,15.0,27.0,25.0,3.0,5.0,1.0,0.0,0.0,2.0,0.0,0.0,1.0,11.0,0.2,0.259,0.24,0.499,41.0,0.231,31.0,6.0,1.0,1.0,0.0,0.0,0.0,H/35,
Josh Spence*,23.0,SDP,NL,0.0,39.0,0.0,0.0,0.0,0.0,0.0,0.0,0.0,0.0,0.0,0.0,0.0,0.0,,,,,,,,0.0,0.0,0.0,0.0,0.0,0.0,1,
Josh Stinson,23.0,NYM,NL,0.0,14.0,1.0,0.0,0.0,0.0,0.0,0.0,0.0,0.0,0.0,0.0,1.0,0.0,,1.0,,,,0.697,364.0,0.0,0.0,0.0,0.0,0.0,0.0,1,
Josh Thole*,24.0,NYM,NL,0.4,114.0,386.0,340.0,22.0,91.0,17.0,0.0,3.0,40.0,0.0,2.0,38.0,47.0,0.268,0.345,0.344,0.69,94.0,0.312,93.0,117.0,8.0,4.0,1.0,3.0,6.0,2H,
Josh Tomlin,26.0,CLE,AL,0.1,2.0,2.0,2.0,1.0,2.0,0.0,0.0,0.0,1.0,0.0,0.0,0.0,0.0,1.0,1.0,1.0,2.0,469.0,0.856,483.0,2.0,0.0,0.0,0.0,0.0,0.0,1/H,
Josh Willingham,32.0,OAK,AL,2.3,136.0,563.0,488.0,69.0,120.0,26.0,0.0,29.0,98.0,4.0,1.0,56.0,150.0,0.246,0.332,0.477,0.81,121.0,0.353,119.0,233.0,6.0,11.0,0.0,8.0,3.0,7D/H,
Josh Wilson,30.0,2TM,NL,0.2,60.0,92.0,85.0,13.0,19.0,5.0,0.0,2.0,5.0,1.0,0.0,4.0,22.0,0.224,0.258,0.353,0.611,65.0,0.305,76.0,30.0,0.0,0.0,3.0,0.0,0.0,H564/73,
Josh Wilson,30.0,ARI,NL,0.1,6.0,10.0,10.0,3.0,2.0,1.0,0.0,0.0,1.0,0.0,0.0,0.0,1.0,0.2,0.2,0.3,0.5,34.0,0.218,14.0,3.0,0.0,0.0,0.0,0.0,0.0,/6H,
Josh Wilson,30.0,MIL,NL,0.1,54.0,82.0,75.0,10.0,17.0,4.0,0.0,2.0,4.0,1.0,0.0,4.0,21.0,0.227,0.266,0.36,0.626,69.0,0.316,84.0,27.0,0.0,0.0,3.0,0.0,0.0,H54/673,
José Arredondo,27.0,CIN,NL,0.0,50.0,2.0,2.0,0.0,1.0,0.0,0.0,0.0,0.0,0.0,0.0,0.0,1.0,0.5,0.5,0.5,1.0,173.0,0.455,190.0,1.0,0.0,0.0,0.0,0.0,0.0,1,
José Ascanio,26.0,PIT,NL,0.0,8.0,0.0,0.0,0.0,0.0,0.0,0.0,0.0,0.0,0.0,0.0,0.0,0.0,,,,,,,,0.0,0.0,0.0,0.0,0.0,0.0,/1,
José Bautista,30.0,TOR,AL,8.3,149.0,655.0,513.0,105.0,155.0,24.0,2.0,43.0,103.0,9.0,5.0,132.0,111.0,0.302,0.447,0.608,1.056,182.0,0.451,189.0,312.0,8.0,6.0,0.0,4.0,24.0,*95/D,"AS,MVP-3,SS"
José Ceda,24.0,FLA,NL,0.0,16.0,0.0,0.0,0.0,0.0,0.0,0.0,0.0,0.0,0.0,0.0,0.0,0.0,,,,,,,,0.0,0.0,0.0,0.0,0.0,0.0,1,
José Constanza*,27.0,ATL,NL,0.7,42.0,119.0,109.0,21.0,33.0,1.0,1.0,2.0,10.0,7.0,4.0,6.0,14.0,0.303,0.339,0.385,0.724,99.0,0.352,118.0,42.0,1.0,0.0,4.0,0.0,0.0,79H/8,
José Contreras,39.0,PHI,NL,0.0,15.0,0.0,0.0,0.0,0.0,0.0,0.0,0.0,0.0,0.0,0.0,0.0,0.0,,,,,,,,0.0,0.0,0.0,0.0,0.0,0.0,1,
José López,27.0,2TM,NL,-0.4,82.0,242.0,231.0,23.0,50.0,12.0,0.0,8.0,21.0,2.0,0.0,7.0,28.0,0.216,0.245,0.372,0.617,60.0,0.294,63.0,86.0,6.0,2.0,1.0,1.0,1.0,5H4/3D,
José López,27.0,COL,NL,-0.4,38.0,129.0,125.0,10.0,26.0,4.0,0.0,2.0,8.0,2.0,0.0,3.0,15.0,0.208,0.233,0.288,0.521,33.0,0.263,32.0,36.0,2.0,1.0,0.0,0.0,0.0,54/H,
José López,27.0,FLA,NL,0.0,44.0,113.0,106.0,13.0,24.0,8.0,0.0,6.0,13.0,0.0,0.0,4.0,13.0,0.226,0.259,0.472,0.731,95.0,0.329,98.0,50.0,4.0,1.0,1.0,1.0,1.0,H5/43D,
José Mijares*,26.0,MIN,AL,0.0,4.0,0.0,0.0,0.0,0.0,0.0,0.0,0.0,0.0,0.0,0.0,0.0,0.0,,,,,,,,0.0,0.0,0.0,0.0,0.0,0.0,1,
José Molina,36.0,TOR,AL,0.9,55.0,191.0,171.0,19.0,48.0,12.0,1.0,3.0,15.0,2.0,1.0,15.0,44.0,0.281,0.342,0.415,0.757,104.0,0.345,108.0,71.0,2.0,1.0,4.0,0.0,0.0,2/DH,
José Morales#,28.0,COL,NL,-0.2,22.0,71.0,60.0,6.0,16.0,3.0,0.0,0.0,7.0,0.0,1.0,9.0,12.0,0.267,0.352,0.317,0.669,73.0,0.304,69.0,19.0,1.0,0.0,0.0,2.0,4.0,2/H4,
José Reyes#,28.0,NYM,NL,4.6,126.0,586.0,537.0,101.0,181.0,31.0,16.0,7.0,44.0,39.0,7.0,43.0,41.0,0.337,0.384,0.493,0.877,144.0,0.396,146.0,265.0,5.0,0.0,2.0,4.0,9.0,*6/H,"AS,MVP-11"
José Tábata,22.0,PIT,NL,0.5,91.0,382.0,334.0,53.0,89.0,18.0,1.0,4.0,21.0,16.0,7.0,40.0,61.0,0.266,0.349,0.362,0.711,101.0,0.32,97.0,121.0,8.0,4.0,1.0,3.0,1.0,79/8H,
José Valdéz,28.0,HOU,NL,0.0,11.0,0.0,0.0,0.0,0.0,0.0,0.0,0.0,0.0,0.0,0.0,0.0,0.0,,,,,,,,0.0,0.0,0.0,0.0,0.0,0.0,1,
José Valverde,33.0,DET,AL,0.0,3.0,0.0,0.0,0.0,0.0,0.0,0.0,0.0,0.0,0.0,0.0,0.0,0.0,,,,,,,,0.0,0.0,0.0,0.0,0.0,0.0,1,"AS,CYA-5"
José Veras,30.0,PIT,NL,0.0,75.0,1.0,0.0,1.0,0.0,0.0,0.0,0.0,0.0,0.0,0.0,1.0,0.0,,1.0,,,,0.697,364.0,0.0,0.0,0.0,0.0,0.0,0.0,1,
Juan Abreu,26.0,HOU,NL,0.0,7.0,0.0,0.0,0.0,0.0,0.0,0.0,0.0,0.0,0.0,0.0,0.0,0.0,,,,,,,,0.0,0.0,0.0,0.0,0.0,0.0,/1,
Juan Carlos Oviedo,29.0,FLA,NL,0.0,65.0,1.0,1.0,0.0,0.0,0.0,0.0,0.0,0.0,0.0,0.0,0.0,0.0,0.0,0.0,0.0,0.0,-100.0,0.0,-136.0,0.0,0.0,0.0,0.0,0.0,0.0,1,
Juan Castro,39.0,LAD,NL,-0.3,7.0,15.0,14.0,2.0,4.0,0.0,0.0,0.0,1.0,0.0,0.0,1.0,4.0,0.286,0.333,0.286,0.619,76.0,0.282,69.0,4.0,0.0,0.0,0.0,0.0,0.0,/4H5,
Juan Cruz,32.0,TBR,AL,0.0,2.0,0.0,0.0,0.0,0.0,0.0,0.0,0.0,0.0,0.0,0.0,0.0,0.0,,,,,,,,0.0,0.0,0.0,0.0,0.0,0.0,1,
Juan Francisco*,24.0,CIN,NL,0.2,31.0,97.0,93.0,10.0,24.0,7.0,1.0,3.0,15.0,1.0,0.0,4.0,24.0,0.258,0.289,0.452,0.74,97.0,0.321,87.0,42.0,1.0,0.0,0.0,0.0,1.0,5H,
Juan Miranda*,28.0,ARI,NL,-0.4,65.0,202.0,174.0,18.0,37.0,8.0,2.0,7.0,23.0,0.0,1.0,23.0,48.0,0.213,0.315,0.402,0.717,94.0,0.322,93.0,70.0,1.0,3.0,2.0,0.0,1.0,3H,
Juan Nicasio,24.0,COL,NL,-0.1,11.0,23.0,22.0,0.0,3.0,2.0,0.0,0.0,0.0,0.0,0.0,0.0,16.0,0.136,0.136,0.227,0.364,-9.0,0.157,-50.0,5.0,0.0,0.0,1.0,0.0,0.0,1,
Juan Pierre*,33.0,CHW,AL,-0.9,158.0,711.0,639.0,80.0,178.0,17.0,4.0,2.0,50.0,27.0,17.0,43.0,41.0,0.279,0.329,0.327,0.657,78.0,0.3,75.0,209.0,7.0,7.0,19.0,3.0,0.0,*7/HD,
Juan Pérez,32.0,PHI,NL,0.0,8.0,0.0,0.0,0.0,0.0,0.0,0.0,0.0,0.0,0.0,0.0,0.0,0.0,,,,,,,,0.0,0.0,0.0,0.0,0.0,0.0,/1,
Juan Rivera,32.0,2TM,2LG,0.4,132.0,521.0,466.0,46.0,120.0,23.0,1.0,11.0,74.0,5.0,3.0,43.0,76.0,0.258,0.319,0.382,0.701,92.0,0.318,92.0,178.0,16.0,3.0,0.0,9.0,1.0,73D9H,
Juan Rivera,32.0,TOR,AL,-0.2,70.0,275.0,247.0,22.0,60.0,11.0,0.0,6.0,28.0,3.0,2.0,22.0,41.0,0.243,0.305,0.36,0.666,80.0,0.3,76.0,89.0,11.0,2.0,0.0,4.0,1.0,73D/H9,
Juan Rivera,32.0,LAD,NL,0.7,62.0,246.0,219.0,24.0,60.0,12.0,1.0,5.0,46.0,2.0,1.0,21.0,35.0,0.274,0.333,0.406,0.74,106.0,0.339,111.0,89.0,5.0,1.0,0.0,5.0,0.0,739/H,
Juan Uribe,32.0,LAD,NL,-0.2,77.0,295.0,270.0,21.0,55.0,12.0,0.0,4.0,28.0,2.0,0.0,17.0,60.0,0.204,0.264,0.293,0.557,56.0,0.259,50.0,79.0,12.0,6.0,0.0,2.0,2.0,54/6H,
Julio Borbón*,25.0,TEX,AL,0.1,32.0,98.0,89.0,10.0,24.0,1.0,3.0,0.0,11.0,6.0,2.0,3.0,9.0,0.27,0.305,0.348,0.654,73.0,0.318,80.0,31.0,2.0,2.0,3.0,1.0,0.0,8,
Julio Lugo,35.0,ATL,NL,-0.2,22.0,48.0,44.0,3.0,6.0,0.0,0.0,0.0,3.0,0.0,0.0,4.0,11.0,0.136,0.208,0.136,0.345,-3.0,0.206,7.0,6.0,0.0,0.0,0.0,0.0,0.0,H/564,
Julio Teheran,20.0,ATL,NL,-0.1,5.0,5.0,4.0,0.0,0.0,0.0,0.0,0.0,0.0,0.0,0.0,0.0,1.0,0.0,0.0,0.0,0.0,-100.0,0.0,-202.0,0.0,0.0,0.0,1.0,0.0,0.0,/1,
Justin Berg,27.0,CHC,NL,0.0,7.0,2.0,2.0,0.0,0.0,0.0,0.0,0.0,0.0,0.0,0.0,0.0,1.0,0.0,0.0,0.0,0.0,-100.0,0.0,-148.0,0.0,0.0,0.0,0.0,0.0,0.0,/1,
Justin Christian,31.0,SFG,NL,0.6,18.0,51.0,47.0,6.0,12.0,5.0,0.0,0.0,4.0,3.0,2.0,2.0,8.0,0.255,0.286,0.362,0.647,84.0,0.313,100.0,17.0,0.0,0.0,2.0,0.0,0.0,8/79H,
Justin De Fratus#,23.0,PHI,NL,0.0,5.0,0.0,0.0,0.0,0.0,0.0,0.0,0.0,0.0,0.0,0.0,0.0,0.0,,,,,,,,0.0,0.0,0.0,0.0,0.0,0.0,/1,
Justin Masterson,26.0,CLE,AL,0.0,2.0,6.0,6.0,0.0,1.0,0.0,0.0,0.0,0.0,0.0,0.0,0.0,2.0,0.167,0.167,0.167,0.333,-5.0,0.151,-22.0,1.0,0.0,0.0,0.0,0.0,0.0,1,
Justin Morneau*,30.0,MIN,AL,-1.1,69.0,288.0,264.0,19.0,60.0,16.0,0.0,4.0,30.0,0.0,0.0,19.0,44.0,0.227,0.285,0.333,0.618,70.0,0.274,62.0,88.0,8.0,3.0,0.0,2.0,1.0,3D/H,
Justin Ruggiano,29.0,TBR,AL,0.5,46.0,111.0,105.0,11.0,26.0,4.0,0.0,4.0,13.0,1.0,1.0,4.0,26.0,0.248,0.273,0.4,0.673,88.0,0.307,93.0,42.0,2.0,0.0,1.0,1.0,0.0,7H/98D,
Justin Sellers,25.0,LAD,NL,1.0,36.0,139.0,123.0,20.0,25.0,9.0,0.0,1.0,13.0,1.0,0.0,12.0,21.0,0.203,0.283,0.301,0.583,64.0,0.268,57.0,37.0,1.0,2.0,1.0,1.0,0.0,64/5H,
Justin Smoak#,24.0,SEA,AL,1.0,123.0,489.0,427.0,38.0,100.0,24.0,0.0,15.0,55.0,0.0,0.0,55.0,105.0,0.234,0.323,0.396,0.719,106.0,0.32,105.0,169.0,10.0,3.0,0.0,4.0,4.0,3D/H,
Justin Turner,26.0,NYM,NL,0.2,117.0,487.0,435.0,49.0,113.0,30.0,0.0,4.0,51.0,7.0,2.0,39.0,59.0,0.26,0.334,0.356,0.69,94.0,0.323,98.0,155.0,9.0,10.0,2.0,1.0,2.0,45H/6,
Justin Upton,23.0,ARI,NL,5.5,159.0,674.0,592.0,105.0,171.0,39.0,5.0,31.0,88.0,21.0,9.0,59.0,126.0,0.289,0.369,0.529,0.898,141.0,0.396,146.0,313.0,8.0,19.0,0.0,4.0,9.0,*9/H,"AS,MVP-4,SS"
Justin Verlander,28.0,DET,AL,-0.1,1.0,4.0,4.0,0.0,0.0,0.0,0.0,0.0,0.0,0.0,0.0,0.0,3.0,0.0,0.0,0.0,0.0,-100.0,0.0,-142.0,0.0,0.0,0.0,0.0,0.0,0.0,1,"AS,CYA-1,MVP-1"
Kam Mickolio,27.0,ARI,NL,0.0,6.0,1.0,1.0,0.0,0.0,0.0,0.0,0.0,0.0,0.0,0.0,0.0,0.0,0.0,0.0,0.0,0.0,-100.0,0.0,-136.0,0.0,0.0,0.0,0.0,0.0,0.0,/1,
Kameron Loe,29.0,MIL,NL,0.0,69.0,1.0,1.0,0.0,0.0,0.0,0.0,0.0,0.0,0.0,0.0,0.0,1.0,0.0,0.0,0.0,0.0,-100.0,0.0,-136.0,0.0,0.0,0.0,0.0,0.0,0.0,1,
Kelly Johnson*,29.0,2TM,2LG,1.8,147.0,613.0,545.0,75.0,121.0,27.0,7.0,21.0,58.0,16.0,6.0,60.0,163.0,0.222,0.304,0.413,0.717,93.0,0.322,90.0,225.0,3.0,4.0,4.0,0.0,2.0,*4/H,
Kelly Johnson*,29.0,ARI,NL,0.7,114.0,481.0,430.0,59.0,90.0,23.0,5.0,18.0,49.0,13.0,3.0,44.0,132.0,0.209,0.287,0.412,0.699,88.0,0.312,81.0,177.0,3.0,3.0,4.0,0.0,2.0,4/H,
Kelly Johnson*,29.0,TOR,AL,1.0,33.0,132.0,115.0,16.0,31.0,4.0,2.0,3.0,9.0,3.0,3.0,16.0,31.0,0.27,0.364,0.417,0.781,111.0,0.356,121.0,48.0,0.0,1.0,0.0,0.0,0.0,4,
Kelly Shoppach,31.0,TBR,AL,0.7,87.0,253.0,221.0,23.0,39.0,3.0,0.0,11.0,22.0,0.0,0.0,19.0,79.0,0.176,0.268,0.339,0.607,71.0,0.277,70.0,75.0,5.0,9.0,3.0,1.0,0.0,2/H,
Kenley Jansen#,23.0,LAD,NL,0.0,48.0,0.0,0.0,0.0,0.0,0.0,0.0,0.0,0.0,0.0,0.0,0.0,0.0,,,,,,,,0.0,0.0,0.0,0.0,0.0,0.0,1,ROY-7
Kerry Wood,34.0,CHC,NL,0.0,53.0,0.0,0.0,0.0,0.0,0.0,0.0,0.0,0.0,0.0,0.0,0.0,0.0,,,,,,,,0.0,0.0,0.0,0.0,0.0,0.0,1,
Kevin Correia,30.0,PIT,NL,-0.2,25.0,55.0,46.0,0.0,4.0,2.0,0.0,0.0,3.0,0.0,0.0,1.0,19.0,0.087,0.106,0.13,0.237,-34.0,0.127,-69.0,6.0,0.0,0.0,8.0,0.0,0.0,1,AS
Kevin Gregg,33.0,BAL,AL,0.0,2.0,0.0,0.0,0.0,0.0,0.0,0.0,0.0,0.0,0.0,0.0,0.0,0.0,,,,,,,,0.0,0.0,0.0,0.0,0.0,0.0,1,
Kevin Kouzmanoff,29.0,2TM,2LG,-0.5,73.0,257.0,234.0,24.0,55.0,11.0,0.0,7.0,33.0,2.0,0.0,12.0,46.0,0.235,0.284,0.372,0.656,74.0,0.303,74.0,87.0,4.0,6.0,0.0,5.0,1.0,5/H,
Kevin Kouzmanoff,29.0,OAK,AL,-0.4,46.0,149.0,136.0,13.0,30.0,6.0,0.0,4.0,17.0,2.0,0.0,8.0,27.0,0.221,0.262,0.353,0.615,69.0,0.283,67.0,48.0,2.0,1.0,0.0,4.0,0.0,5/H,
Kevin Kouzmanoff,29.0,COL,NL,-0.1,27.0,108.0,98.0,11.0,25.0,5.0,0.0,3.0,16.0,0.0,0.0,4.0,19.0,0.255,0.315,0.398,0.713,81.0,0.332,85.0,39.0,2.0,5.0,0.0,1.0,1.0,5/H,
Kevin Millwood,36.0,COL,NL,0.3,9.0,23.0,19.0,3.0,3.0,0.0,0.0,2.0,3.0,0.0,0.0,1.0,8.0,0.158,0.2,0.474,0.674,66.0,0.336,87.0,9.0,0.0,0.0,3.0,0.0,0.0,/1,
Kevin Slowey,27.0,MIN,AL,0.0,1.0,0.0,0.0,0.0,0.0,0.0,0.0,0.0,0.0,0.0,0.0,0.0,0.0,,,,,,,,0.0,0.0,0.0,0.0,0.0,0.0,1,
Kevin Youkilis,32.0,BOS,AL,3.8,120.0,517.0,431.0,68.0,111.0,32.0,2.0,17.0,80.0,3.0,0.0,68.0,100.0,0.258,0.373,0.459,0.833,123.0,0.376,129.0,198.0,14.0,14.0,0.0,4.0,3.0,*5/3D,AS
Kila Ka'aihue*,27.0,KCR,AL,-0.2,23.0,96.0,82.0,6.0,16.0,4.0,0.0,2.0,6.0,0.0,0.0,12.0,26.0,0.195,0.295,0.317,0.612,69.0,0.294,76.0,26.0,3.0,0.0,1.0,1.0,0.0,3/D,
Koji Uehara,36.0,BAL,AL,0.0,5.0,0.0,0.0,0.0,0.0,0.0,0.0,0.0,0.0,0.0,0.0,0.0,0.0,,,,,,,,0.0,0.0,0.0,0.0,0.0,0.0,1,
Kosuke Fukudome*,34.0,2TM,2LG,0.7,146.0,603.0,530.0,59.0,139.0,27.0,3.0,8.0,35.0,4.0,6.0,61.0,110.0,0.262,0.342,0.37,0.712,98.0,0.321,99.0,196.0,8.0,4.0,6.0,2.0,4.0,*98H/D,
Kosuke Fukudome*,34.0,CHC,NL,1.2,87.0,345.0,293.0,33.0,80.0,15.0,2.0,3.0,13.0,2.0,2.0,46.0,57.0,0.273,0.374,0.369,0.742,105.0,0.348,114.0,108.0,2.0,1.0,5.0,0.0,1.0,9H/8D,
Kosuke Fukudome*,34.0,CLE,AL,-0.5,59.0,258.0,237.0,26.0,59.0,12.0,1.0,5.0,22.0,2.0,4.0,15.0,53.0,0.249,0.3,0.371,0.671,88.0,0.286,79.0,88.0,6.0,3.0,1.0,2.0,3.0,98,
Koyie Hill#,32.0,CHC,NL,-0.5,46.0,153.0,134.0,15.0,26.0,3.0,1.0,2.0,9.0,1.0,0.0,14.0,40.0,0.194,0.268,0.276,0.545,50.0,0.25,36.0,37.0,3.0,0.0,4.0,1.0,3.0,2/H,
Kris Medlen#,25.0,ATL,NL,0.0,2.0,0.0,0.0,0.0,0.0,0.0,0.0,0.0,0.0,0.0,0.0,0.0,0.0,,,,,,,,0.0,0.0,0.0,0.0,0.0,0.0,/1,
Kurt Suzuki,27.0,OAK,AL,1.5,134.0,515.0,460.0,54.0,109.0,26.0,0.0,14.0,44.0,2.0,2.0,38.0,64.0,0.237,0.301,0.385,0.686,89.0,0.309,89.0,177.0,14.0,7.0,3.0,7.0,1.0,*2/DH,
Kyle Blanks,24.0,SDP,NL,1.4,55.0,190.0,170.0,21.0,39.0,7.0,1.0,7.0,26.0,2.0,0.0,16.0,51.0,0.229,0.3,0.406,0.706,99.0,0.329,105.0,69.0,3.0,2.0,0.0,2.0,0.0,73H,
Kyle Davies,27.0,KCR,AL,0.0,1.0,1.0,1.0,0.0,0.0,0.0,0.0,0.0,0.0,0.0,0.0,0.0,1.0,0.0,0.0,0.0,0.0,-100.0,0.0,-145.0,0.0,0.0,0.0,0.0,0.0,0.0,1,
Kyle Farnsworth,35.0,TBR,AL,0.0,6.0,0.0,0.0,0.0,0.0,0.0,0.0,0.0,0.0,0.0,0.0,0.0,0.0,,,,,,,,0.0,0.0,0.0,0.0,0.0,0.0,1,
Kyle Hudson*,24.0,BAL,AL,-0.4,14.0,29.0,28.0,3.0,4.0,0.0,0.0,0.0,2.0,2.0,0.0,0.0,6.0,0.143,0.143,0.143,0.286,-21.0,0.172,-32.0,4.0,3.0,0.0,1.0,0.0,0.0,/7H8D,
Kyle Kendrick,26.0,PHI,NL,0.1,34.0,31.0,24.0,1.0,5.0,0.0,0.0,0.0,0.0,0.0,0.0,2.0,9.0,0.208,0.269,0.208,0.478,34.0,0.229,9.0,5.0,0.0,0.0,5.0,0.0,0.0,1/H,
Kyle Lohse,32.0,STL,NL,-0.1,33.0,70.0,63.0,3.0,11.0,2.0,0.0,0.0,3.0,0.0,0.0,1.0,17.0,0.175,0.188,0.206,0.394,10.0,0.175,-23.0,13.0,0.0,0.0,6.0,0.0,0.0,1/H,
Kyle McClellan,27.0,STL,NL,0.1,43.0,41.0,35.0,3.0,5.0,1.0,0.0,0.0,4.0,0.0,0.0,1.0,12.0,0.143,0.167,0.171,0.338,-6.0,0.181,-23.0,6.0,1.0,0.0,5.0,0.0,0.0,1/H,
Kyle Phillips*,27.0,SDP,NL,0.1,36.0,85.0,76.0,9.0,13.0,3.0,0.0,2.0,10.0,0.0,0.0,8.0,19.0,0.171,0.259,0.289,0.548,56.0,0.26,55.0,22.0,2.0,1.0,0.0,0.0,1.0,2H,
Kyle Seager*,23.0,SEA,AL,0.9,53.0,201.0,182.0,22.0,47.0,13.0,0.0,3.0,13.0,3.0,1.0,13.0,36.0,0.258,0.312,0.379,0.691,98.0,0.321,105.0,69.0,4.0,2.0,2.0,2.0,0.0,56/4H,
Lance Berkman#,35.0,STL,NL,3.8,145.0,587.0,488.0,90.0,147.0,23.0,2.0,31.0,94.0,2.0,6.0,92.0,93.0,0.301,0.412,0.547,0.959,164.0,0.412,168.0,267.0,7.0,3.0,0.0,4.0,17.0,*937/HD,"AS,MVP-7"
Lance Cormier,30.0,LAD,NL,0.0,8.0,1.0,1.0,0.0,0.0,0.0,0.0,0.0,0.0,0.0,0.0,0.0,0.0,0.0,0.0,0.0,0.0,-100.0,0.0,-136.0,0.0,0.0,0.0,0.0,0.0,0.0,/1,
Lance Lynn#,24.0,STL,NL,0.0,16.0,5.0,4.0,0.0,0.0,0.0,0.0,0.0,0.0,0.0,0.0,1.0,1.0,0.0,0.2,0.0,0.2,-38.0,0.139,-40.0,0.0,0.0,0.0,0.0,0.0,0.0,1,
Lance Pendleton*,27.0,HOU,NL,0.0,4.0,0.0,0.0,0.0,0.0,0.0,0.0,0.0,0.0,0.0,0.0,0.0,0.0,,,,,,,,0.0,0.0,0.0,0.0,0.0,0.0,/1,
Landon Powell#,29.0,OAK,AL,-0.2,36.0,122.0,111.0,10.0,19.0,3.0,0.0,1.0,4.0,0.0,0.0,11.0,32.0,0.171,0.246,0.225,0.471,32.0,0.229,30.0,25.0,4.0,0.0,0.0,0.0,0.0,2/H3D,
Lars Anderson*,23.0,BOS,AL,-0.1,6.0,5.0,5.0,2.0,0.0,0.0,0.0,0.0,0.0,0.0,0.0,0.0,3.0,0.0,0.0,0.0,0.0,-100.0,0.0,-140.0,0.0,0.0,0.0,0.0,0.0,0.0,/3H,
Lastings Milledge,26.0,CHW,AL,-0.2,2.0,4.0,4.0,1.0,1.0,1.0,0.0,0.0,0.0,0.0,0.0,0.0,1.0,0.25,0.25,0.5,0.75,95.0,0.314,84.0,2.0,0.0,0.0,0.0,0.0,0.0,/7,
LaTroy Hawkins,38.0,MIL,NL,0.0,49.0,0.0,0.0,0.0,0.0,0.0,0.0,0.0,0.0,0.0,0.0,0.0,0.0,,,,,,,,0.0,0.0,0.0,0.0,0.0,0.0,1,
Laynce Nix*,30.0,WSN,NL,1.5,124.0,351.0,324.0,38.0,81.0,15.0,1.0,16.0,44.0,2.0,2.0,23.0,82.0,0.25,0.299,0.451,0.75,103.0,0.338,108.0,146.0,1.0,1.0,0.0,3.0,2.0,7H9/38D,
Leonys Martín*,23.0,TEX,AL,0.1,8.0,8.0,8.0,2.0,3.0,1.0,0.0,0.0,0.0,0.0,0.0,0.0,1.0,0.375,0.375,0.5,0.875,130.0,0.497,214.0,4.0,0.0,0.0,0.0,0.0,0.0,/8H,
Liván Hernández,36.0,WSN,NL,0.2,30.0,61.0,46.0,3.0,10.0,1.0,0.0,0.0,7.0,0.0,0.0,0.0,2.0,0.217,0.217,0.239,0.457,26.0,0.223,-5.0,11.0,0.0,0.0,15.0,0.0,0.0,1/H,
Logan Forsythe,24.0,SDP,NL,0.7,62.0,169.0,150.0,12.0,32.0,9.0,1.0,0.0,12.0,3.0,1.0,12.0,33.0,0.213,0.281,0.287,0.568,62.0,0.264,56.0,43.0,3.0,3.0,2.0,2.0,3.0,54H/6,
Logan Morrison*,23.0,FLA,NL,-0.6,123.0,525.0,462.0,54.0,114.0,25.0,4.0,23.0,72.0,2.0,1.0,54.0,99.0,0.247,0.33,0.468,0.797,116.0,0.358,120.0,216.0,9.0,5.0,0.0,4.0,3.0,*7/H3D,
Logan Ondrusek,26.0,CIN,NL,0.0,61.0,0.0,0.0,0.0,0.0,0.0,0.0,0.0,0.0,0.0,0.0,0.0,0.0,,,,,,,,0.0,0.0,0.0,0.0,0.0,0.0,1,
Logan Schafer*,24.0,MIL,NL,0.1,8.0,5.0,3.0,1.0,1.0,0.0,0.0,0.0,0.0,0.0,0.0,1.0,1.0,0.333,0.5,0.333,0.833,133.0,0.402,163.0,1.0,0.0,0.0,1.0,0.0,0.0,/H89,
Lonnie Chisenhall*,22.0,CLE,AL,1.3,66.0,223.0,212.0,27.0,54.0,13.0,0.0,7.0,22.0,1.0,0.0,8.0,49.0,0.255,0.284,0.415,0.699,94.0,0.315,96.0,88.0,3.0,1.0,1.0,1.0,1.0,5/HD,
Lorenzo Cain,25.0,KCR,AL,0.0,6.0,23.0,22.0,4.0,6.0,1.0,0.0,0.0,1.0,0.0,0.0,1.0,4.0,0.273,0.304,0.318,0.623,73.0,0.269,58.0,7.0,0.0,0.0,0.0,0.0,0.0,/98,
Lou Marson,25.0,CLE,AL,0.7,79.0,272.0,243.0,26.0,56.0,9.0,2.0,1.0,19.0,4.0,2.0,24.0,68.0,0.23,0.3,0.296,0.596,70.0,0.278,70.0,72.0,7.0,1.0,2.0,2.0,0.0,2/DH,
Louis Coleman,25.0,KCR,AL,0.0,3.0,1.0,1.0,0.0,0.0,0.0,0.0,0.0,0.0,0.0,0.0,0.0,1.0,0.0,0.0,0.0,0.0,-100.0,0.0,-145.0,0.0,0.0,0.0,0.0,0.0,0.0,1,
Lucas Duda*,25.0,NYM,NL,1.1,100.0,347.0,301.0,38.0,88.0,21.0,3.0,10.0,50.0,1.0,0.0,33.0,57.0,0.292,0.37,0.482,0.852,137.0,0.38,142.0,145.0,5.0,7.0,1.0,5.0,3.0,39H/7D,
Lucas Harrell#,26.0,HOU,NL,0.0,6.0,3.0,3.0,0.0,0.0,0.0,0.0,0.0,0.0,0.0,0.0,0.0,3.0,0.0,0.0,0.0,0.0,-100.0,0.0,-141.0,0.0,0.0,0.0,0.0,0.0,0.0,/1,
Luis Ayala,33.0,NYY,AL,0.0,7.0,0.0,0.0,0.0,0.0,0.0,0.0,0.0,0.0,0.0,0.0,0.0,0.0,,,,,,,,0.0,0.0,0.0,0.0,0.0,0.0,1,
Luis Durango#,25.0,HOU,NL,0.0,2.0,7.0,6.0,0.0,1.0,0.0,0.0,0.0,1.0,0.0,0.0,1.0,1.0,0.167,0.286,0.167,0.452,30.0,0.229,27.0,1.0,0.0,0.0,0.0,0.0,0.0,/8,
Luis Martinez,26.0,SDP,NL,0.0,22.0,68.0,59.0,7.0,12.0,1.0,1.0,1.0,10.0,1.0,0.0,8.0,14.0,0.203,0.309,0.305,0.614,76.0,0.29,75.0,18.0,0.0,1.0,0.0,0.0,2.0,2/H,
Luis Montañez,29.0,CHC,NL,-0.4,36.0,57.0,54.0,6.0,12.0,4.0,0.0,1.0,9.0,0.0,1.0,2.0,9.0,0.222,0.263,0.352,0.615,67.0,0.265,57.0,19.0,0.0,1.0,0.0,0.0,0.0,H97/8,
Luis Pérez*,26.0,TOR,AL,0.0,2.0,0.0,0.0,0.0,0.0,0.0,0.0,0.0,0.0,0.0,0.0,0.0,0.0,,,,,,,,0.0,0.0,0.0,0.0,0.0,0.0,1,
Luis Rodríguez#,31.0,SEA,AL,0.3,44.0,139.0,117.0,10.0,23.0,10.0,0.0,2.0,14.0,1.0,2.0,16.0,21.0,0.197,0.299,0.333,0.633,82.0,0.286,84.0,39.0,0.0,2.0,2.0,2.0,0.0,65/4H3,
Luis Valbuena*,25.0,CLE,AL,-0.3,17.0,44.0,43.0,4.0,9.0,0.0,0.0,1.0,1.0,1.0,0.0,1.0,9.0,0.209,0.227,0.279,0.506,42.0,0.228,30.0,12.0,0.0,0.0,0.0,0.0,0.0,4/H7D6,
Luke Gregerson*,27.0,SDP,NL,0.0,61.0,0.0,0.0,0.0,0.0,0.0,0.0,0.0,0.0,0.0,0.0,0.0,0.0,,,,,,,,0.0,0.0,0.0,0.0,0.0,0.0,1,
Luke Hochevar,27.0,KCR,AL,0.1,1.0,2.0,2.0,0.0,0.0,0.0,0.0,0.0,0.0,0.0,0.0,0.0,1.0,0.0,0.0,0.0,0.0,-100.0,0.454,191.0,0.0,0.0,0.0,0.0,0.0,0.0,1,
Luke Hughes,26.0,MIN,AL,0.8,96.0,317.0,287.0,31.0,64.0,12.0,0.0,7.0,30.0,3.0,2.0,24.0,79.0,0.223,0.289,0.338,0.627,73.0,0.283,69.0,97.0,2.0,3.0,2.0,1.0,0.0,43H5/D,
Luke Scott*,33.0,BAL,AL,0.3,64.0,236.0,209.0,24.0,46.0,11.0,0.0,9.0,22.0,1.0,1.0,24.0,54.0,0.22,0.301,0.402,0.703,90.0,0.314,88.0,84.0,2.0,1.0,0.0,2.0,1.0,73/HD,
Lyle Overbay*,34.0,2TM,NL,-0.5,121.0,440.0,394.0,43.0,92.0,21.0,1.0,9.0,47.0,2.0,1.0,42.0,88.0,0.234,0.31,0.36,0.67,88.0,0.311,90.0,142.0,13.0,2.0,1.0,1.0,2.0,*3H,
Lyle Overbay*,34.0,PIT,NL,-0.6,103.0,391.0,352.0,40.0,80.0,17.0,1.0,8.0,37.0,1.0,1.0,36.0,77.0,0.227,0.3,0.349,0.649,82.0,0.303,86.0,123.0,12.0,1.0,1.0,1.0,1.0,3/H,
Lyle Overbay*,34.0,ARI,NL,0.1,18.0,49.0,42.0,3.0,12.0,4.0,0.0,1.0,10.0,1.0,0.0,6.0,11.0,0.286,0.388,0.452,0.84,128.0,0.371,125.0,19.0,1.0,1.0,0.0,0.0,1.0,3/H,
Madison Bumgarner,21.0,SFG,NL,0.1,34.0,75.0,59.0,5.0,7.0,4.0,0.0,0.0,3.0,0.0,0.0,5.0,18.0,0.119,0.188,0.186,0.374,7.0,0.191,-10.0,11.0,0.0,0.0,11.0,0.0,0.0,1/H,CYA-11
Magglio Ordóñez,37.0,DET,AL,-1.4,92.0,357.0,329.0,33.0,84.0,10.0,0.0,5.0,32.0,2.0,1.0,23.0,41.0,0.255,0.303,0.331,0.634,73.0,0.287,68.0,109.0,10.0,1.0,0.0,4.0,0.0,9D/H,
Maicer Izturis#,30.0,LAA,AL,1.9,122.0,494.0,449.0,51.0,124.0,35.0,0.0,5.0,38.0,9.0,6.0,33.0,65.0,0.276,0.334,0.388,0.722,105.0,0.322,105.0,174.0,6.0,8.0,0.0,4.0,3.0,45H6D,
Maikel Cleto,22.0,STL,NL,0.0,3.0,1.0,1.0,0.0,0.0,0.0,0.0,0.0,0.0,0.0,0.0,0.0,1.0,0.0,0.0,0.0,0.0,-100.0,0.0,-136.0,0.0,0.0,0.0,0.0,0.0,0.0,/1,
Manny Acosta,30.0,NYM,NL,0.0,41.0,0.0,0.0,0.0,0.0,0.0,0.0,0.0,0.0,0.0,0.0,0.0,0.0,,,,,,,,0.0,0.0,0.0,0.0,0.0,0.0,1,
Manny Piña,24.0,KCR,AL,-0.1,4.0,15.0,14.0,2.0,3.0,2.0,0.0,0.0,0.0,0.0,0.0,1.0,2.0,0.214,0.267,0.357,0.624,71.0,0.274,62.0,5.0,1.0,0.0,0.0,0.0,0.0,/2,
Manny Ramírez,39.0,TBR,AL,-0.3,5.0,17.0,17.0,0.0,1.0,0.0,0.0,0.0,1.0,0.0,0.0,0.0,4.0,0.059,0.059,0.059,0.118,-66.0,0.107,-54.0,1.0,0.0,0.0,0.0,0.0,0.0,/DH,
Marc Rzepczynski*,25.0,2TM,2LG,0.0,32.0,0.0,0.0,0.0,0.0,0.0,0.0,0.0,0.0,0.0,0.0,0.0,0.0,,,,,,,,0.0,0.0,0.0,0.0,0.0,0.0,1,
Marc Rzepczynski*,25.0,TOR,AL,0.0,4.0,0.0,0.0,0.0,0.0,0.0,0.0,0.0,0.0,0.0,0.0,0.0,0.0,,,,,,,,0.0,0.0,0.0,0.0,0.0,0.0,1,
Marc Rzepczynski*,25.0,STL,NL,0.0,28.0,0.0,0.0,0.0,0.0,0.0,0.0,0.0,0.0,0.0,0.0,0.0,0.0,,,,,,,,0.0,0.0,0.0,0.0,0.0,0.0,1,
Marco Estrada,27.0,MIL,NL,0.2,40.0,16.0,12.0,1.0,3.0,1.0,0.0,0.0,0.0,0.0,0.0,0.0,5.0,0.25,0.25,0.333,0.583,57.0,0.334,100.0,4.0,0.0,0.0,4.0,0.0,0.0,1,
Marco Scutaro,35.0,BOS,AL,2.5,113.0,445.0,395.0,59.0,118.0,26.0,1.0,7.0,54.0,4.0,2.0,38.0,36.0,0.299,0.358,0.423,0.781,110.0,0.344,107.0,167.0,12.0,1.0,7.0,4.0,1.0,*6/H4,
Marcos Mateo,27.0,CHC,NL,0.0,23.0,2.0,1.0,0.0,0.0,0.0,0.0,0.0,0.0,0.0,0.0,0.0,0.0,0.0,0.0,0.0,0.0,-100.0,0.0,-373.0,0.0,0.0,0.0,1.0,0.0,0.0,1,
Marcus Thames,34.0,LAD,NL,-0.6,36.0,70.0,66.0,4.0,13.0,1.0,1.0,2.0,7.0,0.0,0.0,4.0,16.0,0.197,0.243,0.333,0.576,60.0,0.257,50.0,22.0,4.0,0.0,0.0,0.0,0.0,H7/D,
Mariano Rivera,41.0,NYY,AL,0.0,9.0,0.0,0.0,0.0,0.0,0.0,0.0,0.0,0.0,0.0,0.0,0.0,0.0,,,,,,,,0.0,0.0,0.0,0.0,0.0,0.0,1,"AS,CYA-8"
Mark Buehrle*,32.0,CHW,AL,0.0,1.0,2.0,2.0,0.0,1.0,1.0,0.0,0.0,0.0,0.0,0.0,0.0,1.0,0.5,0.5,1.0,1.5,289.0,0.628,309.0,2.0,0.0,0.0,0.0,0.0,0.0,1,GG
Mark DeRosa,36.0,SFG,NL,0.1,47.0,97.0,86.0,9.0,24.0,2.0,0.0,0.0,12.0,1.0,1.0,8.0,18.0,0.279,0.351,0.302,0.653,89.0,0.315,100.0,26.0,4.0,2.0,0.0,1.0,0.0,H53/4,
Mark DiFelice,34.0,MIL,NL,0.0,2.0,0.0,0.0,0.0,0.0,0.0,0.0,0.0,0.0,0.0,0.0,0.0,0.0,,,,,,,,0.0,0.0,0.0,0.0,0.0,0.0,/1,
Mark Ellis,34.0,2TM,2LG,2.1,132.0,519.0,480.0,55.0,119.0,24.0,1.0,7.0,41.0,14.0,5.0,22.0,75.0,0.248,0.288,0.346,0.634,68.0,0.293,63.0,166.0,8.0,6.0,9.0,2.0,0.0,*4/H3,
Mark Ellis,34.0,OAK,AL,0.5,62.0,233.0,217.0,21.0,47.0,11.0,1.0,1.0,16.0,7.0,2.0,8.0,32.0,0.217,0.253,0.29,0.544,51.0,0.261,50.0,63.0,3.0,3.0,4.0,1.0,0.0,4/3H,
Mark Ellis,34.0,COL,NL,1.6,70.0,286.0,263.0,34.0,72.0,13.0,0.0,6.0,25.0,7.0,3.0,14.0,43.0,0.274,0.317,0.392,0.708,81.0,0.319,75.0,103.0,5.0,3.0,5.0,1.0,0.0,4/H,
Mark Hamilton*,26.0,STL,NL,-0.1,38.0,51.0,47.0,5.0,10.0,3.0,0.0,0.0,4.0,0.0,0.0,4.0,16.0,0.213,0.275,0.277,0.551,54.0,0.268,56.0,13.0,1.0,0.0,0.0,0.0,0.0,H/37D,
Mark Kotsay*,35.0,MIL,NL,0.2,104.0,255.0,233.0,18.0,63.0,13.0,1.0,3.0,31.0,3.0,0.0,21.0,27.0,0.27,0.329,0.373,0.703,91.0,0.322,89.0,87.0,4.0,0.0,0.0,1.0,3.0,H9738,
Mark Lowe*,28.0,TEX,AL,0.0,3.0,0.0,0.0,0.0,0.0,0.0,0.0,0.0,0.0,0.0,0.0,0.0,0.0,,,,,,,,0.0,0.0,0.0,0.0,0.0,0.0,1,
Mark Melancon,26.0,HOU,NL,0.1,67.0,1.0,0.0,0.0,0.0,0.0,0.0,0.0,0.0,0.0,0.0,1.0,0.0,,1.0,,,,0.697,364.0,0.0,0.0,0.0,0.0,0.0,0.0,1,
Mark Reynolds,27.0,BAL,AL,0.8,155.0,620.0,534.0,84.0,118.0,27.0,1.0,37.0,86.0,6.0,4.0,75.0,196.0,0.221,0.323,0.483,0.806,116.0,0.35,114.0,258.0,11.0,7.0,0.0,4.0,2.0,*53/H,
Mark Teahen*,29.0,2TM,AL,-0.3,78.0,177.0,160.0,14.0,32.0,4.0,0.0,4.0,14.0,0.0,1.0,16.0,45.0,0.2,0.273,0.3,0.573,54.0,0.273,57.0,48.0,3.0,0.0,1.0,0.0,1.0,5H3/9D7,
Mark Teahen*,29.0,CHW,AL,-0.5,51.0,130.0,118.0,11.0,24.0,3.0,0.0,3.0,11.0,0.0,1.0,12.0,28.0,0.203,0.277,0.305,0.582,56.0,0.268,53.0,36.0,3.0,0.0,0.0,0.0,1.0,5H3/97D,
Mark Teahen*,29.0,TOR,AL,0.2,27.0,47.0,42.0,3.0,8.0,1.0,0.0,1.0,3.0,0.0,0.0,4.0,17.0,0.19,0.261,0.286,0.547,48.0,0.288,66.0,12.0,0.0,0.0,1.0,0.0,0.0,H/35D79,
Mark Teixeira#,31.0,NYY,AL,3.4,156.0,684.0,589.0,90.0,146.0,26.0,1.0,39.0,111.0,4.0,1.0,76.0,110.0,0.248,0.341,0.494,0.835,121.0,0.365,121.0,291.0,12.0,11.0,0.0,8.0,3.0,*3/DH,MVP-19
Mark Trumbo,25.0,LAA,AL,2.9,149.0,573.0,539.0,65.0,137.0,31.0,1.0,29.0,87.0,9.0,4.0,25.0,120.0,0.254,0.291,0.477,0.768,114.0,0.335,113.0,257.0,17.0,5.0,0.0,4.0,6.0,*39/H7,ROY-2
Marlon Byrd,33.0,CHC,NL,1.9,119.0,482.0,446.0,51.0,123.0,22.0,2.0,9.0,35.0,3.0,2.0,25.0,78.0,0.276,0.324,0.395,0.719,96.0,0.331,100.0,176.0,13.0,8.0,1.0,2.0,2.0,*8/H,
Martín Maldonado,24.0,MIL,NL,0.0,3.0,1.0,1.0,0.0,0.0,0.0,0.0,0.0,0.0,0.0,0.0,0.0,1.0,0.0,0.0,0.0,0.0,-100.0,0.0,-136.0,0.0,0.0,0.0,0.0,0.0,0.0,/2H,
Martín Prado,27.0,ATL,NL,1.5,129.0,590.0,551.0,66.0,143.0,26.0,2.0,13.0,57.0,4.0,8.0,34.0,52.0,0.26,0.302,0.385,0.687,87.0,0.316,93.0,212.0,16.0,1.0,1.0,3.0,1.0,75/3H,
Mat Gamel*,25.0,MIL,NL,-0.4,10.0,27.0,26.0,1.0,3.0,1.0,0.0,0.0,2.0,0.0,0.0,1.0,4.0,0.115,0.148,0.154,0.302,-18.0,0.14,-43.0,4.0,1.0,0.0,0.0,0.0,0.0,/537DH,
Mat Latos,23.0,SDP,NL,-0.3,29.0,63.0,56.0,3.0,4.0,1.0,0.0,1.0,1.0,0.0,0.0,1.0,28.0,0.071,0.103,0.143,0.246,-31.0,0.112,-67.0,8.0,3.0,1.0,5.0,0.0,0.0,1,
Matt Albers*,28.0,BOS,AL,0.0,3.0,0.0,0.0,0.0,0.0,0.0,0.0,0.0,0.0,0.0,0.0,0.0,0.0,,,,,,,,0.0,0.0,0.0,0.0,0.0,0.0,1,
Matt Angle*,25.0,BAL,AL,-0.2,31.0,95.0,79.0,12.0,14.0,4.0,0.0,1.0,7.0,11.0,1.0,12.0,13.0,0.177,0.293,0.266,0.559,55.0,0.336,86.0,21.0,0.0,1.0,3.0,0.0,0.0,87/H9D,
Matt Belisle,31.0,COL,NL,0.1,71.0,3.0,2.0,0.0,1.0,1.0,0.0,0.0,0.0,0.0,0.0,0.0,0.0,0.5,0.5,1.0,1.5,273.0,0.637,424.0,2.0,0.0,0.0,1.0,0.0,0.0,1,
Matt Cain,26.0,SFG,NL,0.3,34.0,78.0,66.0,5.0,9.0,1.0,0.0,1.0,6.0,0.0,0.0,3.0,30.0,0.136,0.171,0.197,0.368,5.0,0.194,-3.0,13.0,0.0,0.0,8.0,1.0,0.0,1/H,"AS,CYA-8"
Matt Capps,27.0,MIN,AL,0.0,1.0,0.0,0.0,0.0,0.0,0.0,0.0,0.0,0.0,0.0,0.0,0.0,0.0,,,,,,,,0.0,0.0,0.0,0.0,0.0,0.0,1,
Matt Carpenter*,25.0,STL,NL,-0.2,7.0,19.0,15.0,0.0,1.0,1.0,0.0,0.0,0.0,0.0,0.0,4.0,4.0,0.067,0.263,0.133,0.396,15.0,0.214,16.0,2.0,0.0,0.0,0.0,0.0,0.0,/5H,
Matt Daley,29.0,COL,NL,0.0,7.0,0.0,0.0,0.0,0.0,0.0,0.0,0.0,0.0,0.0,0.0,0.0,0.0,,,,,,,,0.0,0.0,0.0,0.0,0.0,0.0,/1,
Matt Diaz,33.0,2TM,NL,-0.8,116.0,268.0,251.0,16.0,66.0,13.0,1.0,0.0,20.0,5.0,2.0,12.0,52.0,0.263,0.302,0.323,0.625,76.0,0.292,76.0,81.0,11.0,3.0,0.0,2.0,0.0,9H7/D,
Matt Diaz,33.0,PIT,NL,-0.5,100.0,231.0,216.0,14.0,56.0,12.0,1.0,0.0,19.0,4.0,2.0,11.0,44.0,0.259,0.303,0.324,0.627,77.0,0.295,80.0,70.0,8.0,3.0,0.0,1.0,0.0,H97/D,
Matt Diaz,33.0,ATL,NL,-0.3,16.0,37.0,35.0,2.0,10.0,1.0,0.0,0.0,1.0,1.0,0.0,1.0,8.0,0.286,0.297,0.314,0.612,68.0,0.276,54.0,11.0,3.0,0.0,0.0,1.0,0.0,/9H7,
Matt Dominguez,21.0,FLA,NL,-0.4,17.0,48.0,45.0,2.0,11.0,4.0,0.0,0.0,2.0,0.0,0.0,2.0,8.0,0.244,0.292,0.333,0.625,71.0,0.283,64.0,15.0,2.0,1.0,0.0,0.0,0.0,5/H,
Matt Downs,27.0,HOU,NL,1.3,106.0,222.0,199.0,29.0,55.0,18.0,0.0,10.0,41.0,0.0,0.0,17.0,47.0,0.276,0.347,0.518,0.864,137.0,0.396,152.0,103.0,3.0,5.0,0.0,1.0,0.0,H453/96,
Matt Garza,27.0,CHC,NL,-0.4,30.0,71.0,64.0,2.0,6.0,0.0,0.0,0.0,1.0,0.0,0.0,1.0,42.0,0.094,0.121,0.094,0.215,-40.0,0.104,-81.0,6.0,1.0,1.0,5.0,0.0,0.0,1,
Matt Guerrier,32.0,LAD,NL,0.0,69.0,1.0,0.0,0.0,0.0,0.0,0.0,0.0,1.0,0.0,0.0,1.0,0.0,,1.0,,,,0.697,364.0,0.0,0.0,0.0,0.0,0.0,0.0,1,
Matt Harrison*,25.0,TEX,AL,-0.2,3.0,9.0,9.0,0.0,0.0,0.0,0.0,0.0,0.0,0.0,0.0,0.0,6.0,0.0,0.0,0.0,0.0,-100.0,0.0,-146.0,0.0,0.0,0.0,0.0,0.0,0.0,1,
Matt Holliday,31.0,STL,NL,3.8,124.0,516.0,446.0,83.0,132.0,36.0,0.0,22.0,75.0,2.0,1.0,60.0,93.0,0.296,0.388,0.525,0.912,151.0,0.4,155.0,234.0,21.0,8.0,0.0,2.0,4.0,*7/DH,AS
Matt Joyce*,26.0,TBR,AL,3.4,141.0,522.0,462.0,69.0,128.0,32.0,2.0,19.0,75.0,13.0,1.0,49.0,106.0,0.277,0.347,0.478,0.825,131.0,0.361,128.0,221.0,7.0,4.0,0.0,7.0,9.0,*9H7/D,AS
Matt Kemp,26.0,LAD,NL,8.0,161.0,689.0,602.0,115.0,195.0,33.0,4.0,39.0,126.0,40.0,11.0,74.0,159.0,0.324,0.399,0.586,0.986,172.0,0.433,179.0,353.0,16.0,6.0,0.0,7.0,24.0,*8/DH,"AS,MVP-2,GG,SS"
Matt LaPorta,26.0,CLE,AL,-0.8,107.0,385.0,352.0,34.0,87.0,23.0,1.0,11.0,53.0,1.0,0.0,23.0,87.0,0.247,0.299,0.412,0.711,98.0,0.323,102.0,145.0,2.0,5.0,0.0,5.0,1.0,3/DH,
Matt Lindstrom,31.0,COL,NL,0.0,61.0,0.0,0.0,0.0,0.0,0.0,0.0,0.0,0.0,0.0,0.0,0.0,0.0,,,,,,,,0.0,0.0,0.0,0.0,0.0,0.0,1,
Matt Maloney*,27.0,CIN,NL,-0.1,8.0,4.0,4.0,0.0,0.0,0.0,0.0,0.0,0.0,0.0,0.0,0.0,0.0,0.0,0.0,0.0,0.0,-100.0,0.0,-147.0,0.0,0.0,0.0,0.0,0.0,0.0,/1,
Matt Pagnozzi,28.0,2TM,NL,-0.1,12.0,34.0,29.0,2.0,8.0,0.0,0.0,0.0,3.0,0.0,0.0,1.0,10.0,0.276,0.323,0.276,0.598,59.0,0.277,46.0,8.0,1.0,1.0,3.0,0.0,0.0,/2H,
Matt Pagnozzi,28.0,COL,NL,0.0,7.0,25.0,21.0,2.0,6.0,0.0,0.0,0.0,2.0,0.0,0.0,1.0,8.0,0.286,0.348,0.286,0.634,65.0,0.295,55.0,6.0,0.0,1.0,2.0,0.0,0.0,/2,
Matt Pagnozzi,28.0,PIT,NL,-0.2,5.0,9.0,8.0,0.0,2.0,0.0,0.0,0.0,1.0,0.0,0.0,0.0,2.0,0.25,0.25,0.25,0.5,42.0,0.227,21.0,2.0,1.0,0.0,1.0,0.0,0.0,/H2,
Matt Reynolds*,26.0,COL,NL,0.0,69.0,2.0,2.0,0.0,0.0,0.0,0.0,0.0,0.0,0.0,0.0,0.0,1.0,0.0,0.0,0.0,0.0,-100.0,0.0,-162.0,0.0,0.0,0.0,0.0,0.0,0.0,1,
Matt Stairs*,43.0,WSN,NL,-0.6,56.0,74.0,65.0,4.0,10.0,1.0,0.0,0.0,2.0,0.0,0.0,9.0,23.0,0.154,0.257,0.169,0.426,21.0,0.222,20.0,11.0,1.0,0.0,0.0,0.0,0.0,H/D3,
Matt Thornton*,34.0,CHW,AL,0.0,4.0,0.0,0.0,0.0,0.0,0.0,0.0,0.0,0.0,0.0,0.0,0.0,0.0,,,,,,,,0.0,0.0,0.0,0.0,0.0,0.0,1,
Matt Tolbert#,29.0,MIN,AL,0.0,87.0,226.0,207.0,22.0,41.0,10.0,2.0,0.0,11.0,3.0,2.0,11.0,31.0,0.198,0.252,0.266,0.518,44.0,0.24,36.0,55.0,2.0,4.0,4.0,0.0,0.0,46H/5D,
Matt Treanor,35.0,2TM,AL,0.5,72.0,242.0,196.0,24.0,42.0,6.0,0.0,3.0,22.0,2.0,2.0,34.0,53.0,0.214,0.338,0.291,0.628,76.0,0.308,87.0,57.0,3.0,4.0,5.0,3.0,0.0,2/H,
Matt Treanor,35.0,KCR,AL,0.7,65.0,230.0,186.0,24.0,42.0,6.0,0.0,3.0,21.0,2.0,2.0,33.0,49.0,0.226,0.351,0.306,0.658,84.0,0.321,97.0,57.0,3.0,4.0,5.0,2.0,0.0,2,
Matt Treanor,35.0,TEX,AL,-0.2,7.0,12.0,10.0,0.0,0.0,0.0,0.0,0.0,1.0,0.0,0.0,1.0,4.0,0.0,0.083,0.0,0.083,-75.0,0.058,-104.0,0.0,0.0,0.0,0.0,1.0,0.0,/2H,
Matt Wieters#,25.0,BAL,AL,5.2,139.0,551.0,500.0,72.0,131.0,28.0,0.0,22.0,68.0,1.0,0.0,48.0,84.0,0.262,0.328,0.45,0.778,110.0,0.34,106.0,225.0,16.0,2.0,0.0,1.0,3.0,*2/HD3,"AS,GG"
Matt Young*,28.0,ATL,NL,-0.3,20.0,52.0,48.0,4.0,10.0,1.0,0.0,0.0,1.0,0.0,1.0,4.0,6.0,0.208,0.269,0.229,0.498,39.0,0.224,28.0,11.0,0.0,0.0,0.0,0.0,0.0,/7H98,
Max Scherzer,26.0,DET,AL,-0.1,2.0,4.0,4.0,0.0,0.0,0.0,0.0,0.0,0.0,0.0,0.0,0.0,0.0,0.0,0.0,0.0,0.0,-100.0,0.0,-142.0,0.0,0.0,0.0,0.0,0.0,0.0,1,
Melky Cabrera#,26.0,KCR,AL,4.4,155.0,706.0,658.0,102.0,201.0,44.0,5.0,18.0,87.0,20.0,10.0,35.0,94.0,0.305,0.339,0.47,0.809,121.0,0.36,124.0,309.0,12.0,1.0,7.0,5.0,3.0,*87/9DH,
Melvin Mora,39.0,ARI,NL,-1.1,42.0,135.0,127.0,5.0,29.0,6.0,0.0,0.0,16.0,0.0,1.0,2.0,24.0,0.228,0.244,0.276,0.52,41.0,0.237,31.0,35.0,5.0,2.0,0.0,4.0,1.0,5H/3,
Micah Owings,28.0,ARI,NL,0.0,31.0,19.0,19.0,2.0,4.0,0.0,0.0,0.0,1.0,0.0,0.0,0.0,8.0,0.211,0.211,0.211,0.421,15.0,0.181,-13.0,4.0,0.0,0.0,0.0,0.0,0.0,1/H,
Michael Bourn*,28.0,2TM,NL,3.0,158.0,722.0,656.0,94.0,193.0,34.0,10.0,2.0,50.0,61.0,14.0,53.0,140.0,0.294,0.349,0.386,0.734,103.0,0.343,102.0,253.0,6.0,4.0,5.0,4.0,3.0,*8/H,
Michael Bourn*,28.0,HOU,NL,2.2,105.0,473.0,429.0,64.0,130.0,26.0,7.0,1.0,32.0,39.0,7.0,38.0,90.0,0.303,0.363,0.403,0.766,113.0,0.359,114.0,173.0,5.0,3.0,2.0,1.0,2.0,8/H,
Michael Bourn*,28.0,ATL,NL,0.8,53.0,249.0,227.0,30.0,63.0,8.0,3.0,1.0,18.0,22.0,7.0,15.0,50.0,0.278,0.321,0.352,0.674,85.0,0.314,81.0,80.0,1.0,1.0,3.0,3.0,1.0,8,
Michael Brantley*,24.0,CLE,AL,2.1,114.0,496.0,451.0,63.0,120.0,24.0,4.0,7.0,46.0,13.0,5.0,34.0,76.0,0.266,0.318,0.384,0.702,97.0,0.313,94.0,173.0,11.0,3.0,3.0,5.0,2.0,*78/DH,
Michael Crotta,26.0,PIT,NL,0.0,15.0,0.0,0.0,0.0,0.0,0.0,0.0,0.0,0.0,0.0,0.0,0.0,0.0,,,,,,,,0.0,0.0,0.0,0.0,0.0,0.0,1,
Michael Cuddyer,32.0,MIN,AL,2.3,139.0,584.0,529.0,70.0,150.0,29.0,2.0,20.0,70.0,11.0,1.0,48.0,95.0,0.284,0.346,0.459,0.805,120.0,0.371,129.0,243.0,18.0,4.0,0.0,3.0,3.0,934/D1,AS
Michael Kirkman*,24.0,TEX,AL,0.0,1.0,0.0,0.0,0.0,0.0,0.0,0.0,0.0,0.0,0.0,0.0,0.0,0.0,,,,,,,,0.0,0.0,0.0,0.0,0.0,0.0,1,
Michael Kohn,25.0,LAA,AL,0.0,3.0,0.0,0.0,0.0,0.0,0.0,0.0,0.0,0.0,0.0,0.0,0.0,0.0,,,,,,,,0.0,0.0,0.0,0.0,0.0,0.0,1,
Michael Martínez#,28.0,PHI,NL,0.2,88.0,234.0,209.0,25.0,41.0,5.0,2.0,3.0,24.0,3.0,0.0,18.0,35.0,0.196,0.258,0.282,0.54,48.0,0.274,54.0,59.0,2.0,0.0,5.0,2.0,0.0,H5468/7,
Michael McKenry,26.0,PIT,NL,0.0,58.0,201.0,180.0,17.0,40.0,12.0,0.0,2.0,11.0,0.0,1.0,14.0,49.0,0.222,0.276,0.322,0.598,68.0,0.272,63.0,58.0,3.0,0.0,5.0,2.0,2.0,2/5,
Michael Pineda,22.0,SEA,AL,0.1,2.0,5.0,5.0,0.0,1.0,0.0,0.0,0.0,0.0,0.0,0.0,0.0,2.0,0.2,0.2,0.2,0.4,16.0,0.363,135.0,1.0,0.0,0.0,0.0,0.0,0.0,1,"AS,ROY-5"
Michael Saunders*,24.0,SEA,AL,-0.8,58.0,179.0,161.0,16.0,24.0,5.0,0.0,2.0,8.0,6.0,2.0,12.0,56.0,0.149,0.207,0.217,0.424,23.0,0.194,9.0,35.0,1.0,0.0,5.0,1.0,1.0,87/H,
Michael Schwimer,25.0,PHI,NL,0.0,12.0,1.0,1.0,0.0,0.0,0.0,0.0,0.0,0.0,0.0,0.0,0.0,1.0,0.0,0.0,0.0,0.0,-100.0,0.0,-136.0,0.0,0.0,0.0,0.0,0.0,0.0,1,
Michael Stutes,24.0,PHI,NL,0.0,55.0,0.0,0.0,0.0,0.0,0.0,0.0,0.0,0.0,0.0,0.0,0.0,0.0,,,,,,,,0.0,0.0,0.0,0.0,0.0,0.0,1,
Michael Taylor,25.0,OAK,AL,-0.2,11.0,35.0,30.0,4.0,6.0,0.0,0.0,1.0,1.0,0.0,0.0,5.0,11.0,0.2,0.314,0.3,0.614,72.0,0.308,87.0,9.0,0.0,0.0,0.0,0.0,0.0,/97H,
Michael Wuertz,32.0,OAK,AL,0.0,4.0,0.0,0.0,0.0,0.0,0.0,0.0,0.0,0.0,0.0,0.0,0.0,0.0,,,,,,,,0.0,0.0,0.0,0.0,0.0,0.0,1,
Michael Young,34.0,TEX,AL,2.7,159.0,689.0,631.0,88.0,213.0,41.0,6.0,11.0,106.0,6.0,2.0,47.0,78.0,0.338,0.38,0.474,0.854,125.0,0.375,126.0,299.0,17.0,2.0,0.0,9.0,7.0,D534/6,"AS,MVP-8"
Miguel Batista,40.0,2TM,NL,0.0,34.0,8.0,6.0,1.0,0.0,0.0,0.0,0.0,0.0,0.0,0.0,0.0,2.0,0.0,0.0,0.0,0.0,-100.0,0.152,-69.0,0.0,0.0,0.0,2.0,0.0,0.0,1,
Miguel Batista,40.0,STL,NL,0.0,25.0,0.0,0.0,0.0,0.0,0.0,0.0,0.0,0.0,0.0,0.0,0.0,0.0,,,,,,,,0.0,0.0,0.0,0.0,0.0,0.0,1,
Miguel Batista,40.0,NYM,NL,0.0,9.0,8.0,6.0,1.0,0.0,0.0,0.0,0.0,0.0,0.0,0.0,0.0,2.0,0.0,0.0,0.0,0.0,-100.0,0.152,-69.0,0.0,0.0,0.0,2.0,0.0,0.0,/1,
Miguel Cabrera,28.0,DET,AL,7.6,161.0,688.0,572.0,111.0,197.0,48.0,0.0,30.0,105.0,2.0,1.0,108.0,89.0,0.344,0.448,0.586,1.033,179.0,0.445,185.0,335.0,24.0,3.0,0.0,5.0,22.0,*3/DH,"AS,MVP-5"
Miguel Cairo,37.0,CIN,NL,1.6,102.0,276.0,245.0,33.0,65.0,8.0,2.0,8.0,33.0,3.0,4.0,18.0,36.0,0.265,0.33,0.412,0.742,100.0,0.334,102.0,101.0,3.0,7.0,3.0,3.0,1.0,5H4/3,
Miguel Montero*,27.0,ARI,NL,4.4,140.0,553.0,493.0,65.0,139.0,36.0,1.0,18.0,86.0,1.0,1.0,47.0,97.0,0.282,0.351,0.469,0.82,121.0,0.358,119.0,231.0,14.0,8.0,1.0,4.0,10.0,*2/H,"AS,MVP-21"
Miguel Olivo,32.0,SEA,AL,0.3,130.0,507.0,477.0,54.0,107.0,19.0,1.0,19.0,62.0,6.0,5.0,20.0,140.0,0.224,0.253,0.388,0.641,81.0,0.277,75.0,185.0,7.0,1.0,1.0,8.0,2.0,*2/HD,
Miguel Tejada,37.0,SFG,NL,0.2,91.0,343.0,322.0,28.0,77.0,16.0,0.0,4.0,26.0,4.0,4.0,12.0,35.0,0.239,0.27,0.326,0.596,69.0,0.266,63.0,105.0,10.0,3.0,2.0,4.0,5.0,56/H4,
Mike Adams,32.0,2TM,2LG,0.0,46.0,0.0,0.0,0.0,0.0,0.0,0.0,0.0,0.0,0.0,0.0,0.0,0.0,,,,,,,,0.0,0.0,0.0,0.0,0.0,0.0,1,
Mike Adams,32.0,SDP,NL,0.0,45.0,0.0,0.0,0.0,0.0,0.0,0.0,0.0,0.0,0.0,0.0,0.0,0.0,,,,,,,,0.0,0.0,0.0,0.0,0.0,0.0,1,
Mike Adams,32.0,TEX,AL,0.0,1.0,0.0,0.0,0.0,0.0,0.0,0.0,0.0,0.0,0.0,0.0,0.0,0.0,,,,,,,,0.0,0.0,0.0,0.0,0.0,0.0,1,
Mike Aviles,30.0,2TM,AL,0.3,91.0,309.0,286.0,31.0,73.0,17.0,3.0,7.0,39.0,14.0,4.0,13.0,44.0,0.255,0.289,0.409,0.698,89.0,0.315,86.0,117.0,8.0,2.0,4.0,4.0,0.0,546H/9D7,
Mike Aviles,30.0,KCR,AL,0.1,53.0,202.0,185.0,14.0,41.0,11.0,3.0,5.0,31.0,10.0,2.0,9.0,27.0,0.222,0.261,0.395,0.656,78.0,0.297,72.0,73.0,5.0,2.0,3.0,3.0,0.0,54/6HD,
Mike Aviles,30.0,BOS,AL,0.3,38.0,107.0,101.0,17.0,32.0,6.0,0.0,2.0,8.0,4.0,2.0,4.0,17.0,0.317,0.34,0.436,0.775,107.0,0.35,112.0,44.0,3.0,0.0,1.0,1.0,0.0,5/6H497,
Mike Baxter*,26.0,NYM,NL,0.5,22.0,40.0,34.0,6.0,8.0,2.0,1.0,1.0,4.0,0.0,0.0,5.0,9.0,0.235,0.35,0.441,0.791,120.0,0.353,121.0,15.0,1.0,1.0,0.0,0.0,0.0,9/H7,
Mike Cameron,38.0,2TM,2LG,-0.2,78.0,269.0,237.0,27.0,48.0,10.0,0.0,9.0,27.0,1.0,0.0,28.0,59.0,0.203,0.285,0.359,0.643,74.0,0.293,69.0,85.0,6.0,0.0,2.0,2.0,0.0,89H/7D,
Mike Cameron,38.0,BOS,AL,-1.0,33.0,105.0,94.0,9.0,14.0,2.0,0.0,3.0,9.0,0.0,0.0,8.0,25.0,0.149,0.212,0.266,0.477,28.0,0.223,18.0,25.0,3.0,0.0,1.0,2.0,0.0,9/H78D,
Mike Cameron,38.0,FLA,NL,0.8,45.0,164.0,143.0,18.0,34.0,8.0,0.0,6.0,18.0,1.0,0.0,20.0,34.0,0.238,0.331,0.42,0.751,105.0,0.337,103.0,60.0,3.0,0.0,1.0,0.0,0.0,8/H,
Mike Carp*,25.0,SEA,AL,0.3,79.0,313.0,290.0,27.0,80.0,17.0,1.0,12.0,46.0,0.0,2.0,19.0,81.0,0.276,0.326,0.466,0.791,125.0,0.341,122.0,135.0,10.0,3.0,0.0,1.0,0.0,37D/H9,
Mike Dunn*,26.0,FLA,NL,0.0,69.0,1.0,1.0,0.0,0.0,0.0,0.0,0.0,0.0,0.0,0.0,0.0,0.0,0.0,0.0,0.0,0.0,-100.0,0.0,-136.0,0.0,0.0,0.0,0.0,0.0,0.0,1,
Mike Fiers,26.0,MIL,NL,0.0,2.0,0.0,0.0,0.0,0.0,0.0,0.0,0.0,0.0,0.0,0.0,0.0,0.0,,,,,,,,0.0,0.0,0.0,0.0,0.0,0.0,/1,
Mike Fontenot*,31.0,SFG,NL,0.3,85.0,252.0,220.0,22.0,50.0,15.0,3.0,4.0,21.0,5.0,1.0,25.0,48.0,0.227,0.304,0.377,0.681,93.0,0.3,84.0,83.0,3.0,1.0,2.0,4.0,3.0,6H4/5,
Mike González,33.0,BAL,AL,0.0,3.0,0.0,0.0,0.0,0.0,0.0,0.0,0.0,0.0,0.0,0.0,0.0,0.0,,,,,,,,0.0,0.0,0.0,0.0,0.0,0.0,1,
Mike Leake,23.0,CIN,NL,0.1,37.0,66.0,55.0,7.0,11.0,2.0,0.0,0.0,2.0,0.0,0.0,1.0,23.0,0.2,0.214,0.236,0.451,22.0,0.215,-5.0,13.0,3.0,0.0,10.0,0.0,0.0,1/H,
Mike MacDougal#,34.0,LAD,NL,0.0,67.0,0.0,0.0,0.0,0.0,0.0,0.0,0.0,0.0,0.0,0.0,0.0,0.0,,,,,,,,0.0,0.0,0.0,0.0,0.0,0.0,1,
Mike McClendon,26.0,MIL,NL,0.0,9.0,0.0,0.0,0.0,0.0,0.0,0.0,0.0,0.0,0.0,0.0,0.0,0.0,,,,,,,,0.0,0.0,0.0,0.0,0.0,0.0,/1,
Mike McCoy,30.0,TOR,AL,0.8,80.0,228.0,197.0,26.0,39.0,8.0,0.0,2.0,10.0,12.0,2.0,25.0,41.0,0.198,0.291,0.269,0.561,53.0,0.294,64.0,53.0,0.0,1.0,5.0,0.0,1.0,658H4/9D1,
Mike Minor,23.0,ATL,NL,0.1,15.0,32.0,27.0,1.0,3.0,2.0,0.0,0.0,0.0,0.0,0.0,3.0,15.0,0.111,0.2,0.185,0.385,7.0,0.185,-16.0,5.0,0.0,0.0,2.0,0.0,0.0,1,
Mike Morse,29.0,WSN,NL,3.4,146.0,575.0,522.0,73.0,158.0,36.0,0.0,31.0,95.0,2.0,3.0,36.0,126.0,0.303,0.36,0.55,0.91,147.0,0.397,151.0,287.0,9.0,13.0,0.0,4.0,5.0,37H/D,MVP-19
Mike Moustakas*,22.0,KCR,AL,1.0,89.0,365.0,338.0,26.0,89.0,18.0,1.0,5.0,30.0,2.0,0.0,22.0,51.0,0.263,0.309,0.367,0.675,86.0,0.31,87.0,124.0,5.0,1.0,2.0,2.0,0.0,5,
Mike Napoli,29.0,TEX,AL,5.5,113.0,432.0,369.0,72.0,118.0,25.0,0.0,30.0,75.0,4.0,2.0,58.0,85.0,0.32,0.414,0.631,1.046,173.0,0.451,181.0,233.0,10.0,3.0,0.0,2.0,2.0,23D/H,
Mike Nickeas,28.0,NYM,NL,0.0,21.0,59.0,53.0,4.0,10.0,1.0,0.0,1.0,6.0,0.0,1.0,4.0,11.0,0.189,0.246,0.264,0.51,43.0,0.241,43.0,14.0,1.0,0.0,2.0,0.0,0.0,2/H,
Mike O'Connor*,30.0,NYM,NL,0.0,8.0,0.0,0.0,0.0,0.0,0.0,0.0,0.0,0.0,0.0,0.0,0.0,0.0,,,,,,,,0.0,0.0,0.0,0.0,0.0,0.0,/1,
Mike Pelfrey,27.0,NYM,NL,-0.1,31.0,63.0,55.0,1.0,6.0,2.0,0.0,0.0,4.0,0.0,0.0,4.0,14.0,0.109,0.169,0.145,0.315,-10.0,0.15,-38.0,8.0,0.0,0.0,4.0,0.0,0.0,1,
Mike Rivera,34.0,MIL,NL,0.0,1.0,6.0,6.0,0.0,2.0,0.0,0.0,0.0,0.0,0.0,0.0,0.0,1.0,0.333,0.333,0.333,0.667,83.0,0.303,78.0,2.0,0.0,0.0,0.0,0.0,0.0,/2,
Mike Trout,19.0,LAA,AL,0.5,40.0,135.0,123.0,20.0,27.0,6.0,0.0,5.0,16.0,4.0,0.0,9.0,30.0,0.22,0.281,0.39,0.672,89.0,0.319,97.0,48.0,2.0,2.0,0.0,1.0,0.0,897/HD,
Mike Wilson,28.0,SEA,AL,-0.3,8.0,28.0,27.0,0.0,4.0,1.0,0.0,0.0,3.0,0.0,0.0,1.0,7.0,0.148,0.179,0.185,0.364,5.0,0.196,15.0,5.0,1.0,0.0,0.0,0.0,0.0,/79DH,
Mike Zagurski*,28.0,PHI,NL,0.0,4.0,0.0,0.0,0.0,0.0,0.0,0.0,0.0,0.0,0.0,0.0,0.0,0.0,,,,,,,,0.0,0.0,0.0,0.0,0.0,0.0,/1,
Milton Bradley#,33.0,SEA,AL,0.0,28.0,115.0,101.0,12.0,22.0,6.0,1.0,2.0,13.0,4.0,0.0,13.0,31.0,0.218,0.313,0.356,0.669,92.0,0.337,111.0,36.0,1.0,1.0,0.0,0.0,1.0,7/DH,
Mitch Maier*,29.0,KCR,AL,0.8,44.0,113.0,95.0,19.0,22.0,4.0,3.0,0.0,7.0,1.0,0.0,16.0,32.0,0.232,0.345,0.337,0.682,90.0,0.314,89.0,32.0,1.0,1.0,0.0,1.0,0.0,H79/8D1,
Mitch Moreland*,25.0,TEX,AL,0.0,134.0,512.0,464.0,60.0,120.0,22.0,1.0,16.0,51.0,2.0,2.0,39.0,92.0,0.259,0.32,0.414,0.733,93.0,0.329,93.0,192.0,9.0,4.0,2.0,3.0,6.0,39/DH,
Mitch Stetter*,30.0,MIL,NL,0.0,16.0,0.0,0.0,0.0,0.0,0.0,0.0,0.0,0.0,0.0,0.0,0.0,0.0,,,,,,,,0.0,0.0,0.0,0.0,0.0,0.0,1,
Mitch Talbot,27.0,CLE,AL,0.0,2.0,3.0,2.0,0.0,0.0,0.0,0.0,0.0,0.0,0.0,0.0,0.0,1.0,0.0,0.0,0.0,0.0,-100.0,0.0,-243.0,0.0,0.0,0.0,1.0,0.0,0.0,1,
Mitchell Boggs,27.0,STL,NL,0.0,50.0,2.0,2.0,0.0,0.0,0.0,0.0,0.0,0.0,0.0,0.0,0.0,2.0,0.0,0.0,0.0,0.0,-100.0,0.0,-148.0,0.0,0.0,0.0,0.0,0.0,0.0,1,
MLB Average,,,,,,,,,,,,,,,,,,0.255,0.321,0.399,0.72,100.0,0.326,100.0,,,,,,,,
Nate McLouth*,29.0,ATL,NL,0.3,81.0,321.0,267.0,35.0,61.0,12.0,2.0,4.0,16.0,4.0,2.0,44.0,52.0,0.228,0.344,0.333,0.677,87.0,0.313,86.0,89.0,4.0,3.0,7.0,0.0,4.0,87/9H,
Nate Schierholtz*,27.0,SFG,NL,1.1,115.0,362.0,335.0,42.0,93.0,22.0,1.0,9.0,41.0,7.0,4.0,21.0,61.0,0.278,0.326,0.43,0.756,114.0,0.34,117.0,144.0,5.0,4.0,0.0,2.0,3.0,9H/7,
Nate Spears*,26.0,BOS,AL,-0.1,3.0,4.0,4.0,0.0,0.0,0.0,0.0,0.0,0.0,0.0,0.0,0.0,1.0,0.0,0.0,0.0,0.0,-100.0,0.0,-144.0,0.0,0.0,0.0,0.0,0.0,0.0,/H47,
Nathan Adcock,23.0,KCR,AL,0.0,1.0,0.0,0.0,0.0,0.0,0.0,0.0,0.0,0.0,0.0,0.0,0.0,0.0,,,,,,,,0.0,0.0,0.0,0.0,0.0,0.0,1,
Nathan Eovaldi,21.0,LAD,NL,0.0,10.0,12.0,11.0,1.0,1.0,0.0,0.0,0.0,0.0,0.0,0.0,1.0,9.0,0.091,0.167,0.091,0.258,-25.0,0.134,-41.0,1.0,0.0,0.0,0.0,0.0,0.0,1,
Neftalí Feliz,23.0,TEX,AL,0.0,5.0,0.0,0.0,0.0,0.0,0.0,0.0,0.0,0.0,0.0,0.0,0.0,0.0,,,,,,,,0.0,0.0,0.0,0.0,0.0,0.0,1,
Neil Walker#,25.0,PIT,NL,2.6,159.0,662.0,596.0,76.0,163.0,36.0,4.0,12.0,83.0,9.0,6.0,54.0,112.0,0.273,0.334,0.408,0.742,108.0,0.329,106.0,243.0,15.0,4.0,0.0,8.0,5.0,*4/H,
Nelson Cruz,30.0,TEX,AL,1.5,124.0,513.0,475.0,64.0,125.0,28.0,1.0,29.0,87.0,9.0,5.0,33.0,116.0,0.263,0.312,0.509,0.821,113.0,0.356,113.0,242.0,8.0,2.0,0.0,3.0,1.0,*97/DH,
Nelson Figueroa#,37.0,HOU,NL,0.0,8.0,10.0,9.0,0.0,2.0,0.0,0.0,0.0,0.0,0.0,0.0,0.0,2.0,0.222,0.222,0.222,0.444,24.0,0.191,-11.0,2.0,0.0,0.0,1.0,0.0,0.0,/1,
Nick Blackburn,29.0,MIN,AL,0.0,1.0,2.0,2.0,0.0,0.0,0.0,0.0,0.0,0.0,0.0,0.0,0.0,0.0,0.0,0.0,0.0,0.0,-100.0,0.0,-135.0,0.0,0.0,0.0,0.0,0.0,0.0,1,
Nick Evans,25.0,NYM,NL,1.2,59.0,194.0,176.0,26.0,45.0,10.0,2.0,4.0,25.0,0.0,1.0,15.0,48.0,0.256,0.314,0.403,0.718,100.0,0.323,101.0,71.0,6.0,1.0,0.0,2.0,0.0,3H/957,
Nick Hundley,27.0,SDP,NL,3.0,82.0,308.0,281.0,34.0,81.0,16.0,5.0,9.0,29.0,1.0,1.0,22.0,74.0,0.288,0.347,0.477,0.824,132.0,0.362,133.0,134.0,3.0,4.0,0.0,1.0,3.0,2/H,
Nick Markakis*,27.0,BAL,AL,2.7,160.0,716.0,641.0,72.0,182.0,31.0,1.0,15.0,73.0,12.0,3.0,62.0,75.0,0.284,0.351,0.406,0.756,106.0,0.339,105.0,260.0,16.0,7.0,0.0,6.0,6.0,*9/3D,GG
Nick Masset,29.0,CIN,NL,0.0,72.0,0.0,0.0,0.0,0.0,0.0,0.0,0.0,0.0,0.0,0.0,0.0,0.0,,,,,,,,0.0,0.0,0.0,0.0,0.0,0.0,1,
Nick Punto#,33.0,STL,NL,1.6,63.0,166.0,133.0,21.0,37.0,8.0,4.0,1.0,20.0,1.0,1.0,25.0,21.0,0.278,0.388,0.421,0.809,125.0,0.364,131.0,56.0,3.0,0.0,6.0,2.0,3.0,4H/65,
Nick Swisher#,30.0,NYY,AL,2.2,150.0,635.0,526.0,81.0,137.0,30.0,0.0,23.0,85.0,2.0,2.0,95.0,125.0,0.26,0.374,0.449,0.822,120.0,0.363,120.0,236.0,18.0,5.0,1.0,8.0,6.0,*93/DH,
Nolan Reimold,27.0,BAL,AL,1.0,87.0,305.0,267.0,40.0,66.0,10.0,3.0,13.0,45.0,7.0,2.0,28.0,57.0,0.247,0.328,0.453,0.781,111.0,0.349,111.0,121.0,4.0,6.0,0.0,4.0,1.0,7/9HD,
Nyjer Morgan*,30.0,MIL,NL,3.0,119.0,429.0,378.0,61.0,115.0,20.0,6.0,4.0,37.0,13.0,4.0,19.0,70.0,0.304,0.357,0.421,0.778,111.0,0.359,118.0,159.0,6.0,14.0,15.0,3.0,0.0,*89H7,
Octavio Dotel,37.0,2TM,2LG,0.0,32.0,2.0,2.0,0.0,0.0,0.0,0.0,0.0,0.0,0.0,0.0,0.0,1.0,0.0,0.0,0.0,0.0,-100.0,0.0,-148.0,0.0,0.0,0.0,0.0,0.0,0.0,1,
Octavio Dotel,37.0,TOR,AL,0.0,3.0,0.0,0.0,0.0,0.0,0.0,0.0,0.0,0.0,0.0,0.0,0.0,0.0,,,,,,,,0.0,0.0,0.0,0.0,0.0,0.0,1,
Octavio Dotel,37.0,STL,NL,0.0,29.0,2.0,2.0,0.0,0.0,0.0,0.0,0.0,0.0,0.0,0.0,0.0,1.0,0.0,0.0,0.0,0.0,-100.0,0.0,-148.0,0.0,0.0,0.0,0.0,0.0,0.0,1,
Omar Infante,29.0,FLA,NL,2.4,148.0,640.0,579.0,55.0,160.0,24.0,8.0,7.0,49.0,4.0,2.0,34.0,67.0,0.276,0.315,0.382,0.696,90.0,0.323,94.0,221.0,12.0,2.0,17.0,8.0,1.0,*4/H,
Omar Quintanilla*,29.0,TEX,AL,-0.4,11.0,23.0,22.0,3.0,1.0,0.0,1.0,0.0,2.0,0.0,0.0,0.0,9.0,0.045,0.045,0.136,0.182,-54.0,0.113,-71.0,3.0,0.0,0.0,1.0,0.0,0.0,/456H,
Omar Vizquel#,44.0,CHW,AL,-0.4,58.0,182.0,167.0,18.0,42.0,7.0,1.0,0.0,8.0,1.0,2.0,9.0,18.0,0.251,0.287,0.305,0.592,59.0,0.265,51.0,51.0,2.0,0.0,4.0,2.0,0.0,54H/6D3,
Omir Santos,30.0,DET,AL,-0.1,11.0,22.0,22.0,1.0,5.0,0.0,0.0,0.0,0.0,0.0,0.0,0.0,4.0,0.227,0.227,0.227,0.455,25.0,0.247,39.0,5.0,0.0,0.0,0.0,0.0,0.0,2/H,
Orlando Cabrera,36.0,2TM,2LG,-0.9,130.0,477.0,450.0,39.0,107.0,16.0,0.0,5.0,51.0,8.0,4.0,17.0,57.0,0.238,0.267,0.307,0.573,62.0,0.262,58.0,138.0,12.0,3.0,1.0,6.0,0.0,46/H5D,
Orlando Cabrera,36.0,CLE,AL,-0.9,91.0,344.0,324.0,35.0,79.0,13.0,0.0,4.0,38.0,6.0,2.0,13.0,40.0,0.244,0.277,0.321,0.598,69.0,0.269,62.0,104.0,10.0,3.0,1.0,3.0,0.0,4/H56D,
Orlando Cabrera,36.0,SFG,NL,0.0,39.0,133.0,126.0,4.0,28.0,3.0,0.0,1.0,13.0,2.0,2.0,4.0,17.0,0.222,0.241,0.27,0.51,46.0,0.244,48.0,34.0,2.0,0.0,0.0,3.0,0.0,6/H45,
Orlando Hudson#,33.0,SDP,NL,0.6,119.0,454.0,398.0,54.0,98.0,15.0,3.0,7.0,43.0,19.0,3.0,49.0,84.0,0.246,0.329,0.352,0.681,94.0,0.314,90.0,140.0,5.0,2.0,1.0,4.0,6.0,*4/H,
Osvaldo Martínez,23.0,FLA,NL,-0.5,20.0,23.0,23.0,0.0,3.0,0.0,0.0,0.0,1.0,0.0,0.0,0.0,9.0,0.13,0.13,0.13,0.261,-28.0,0.119,-57.0,3.0,1.0,0.0,0.0,0.0,0.0,H/65,
P.J. Walters,26.0,STL,NL,0.0,4.0,0.0,0.0,0.0,0.0,0.0,0.0,0.0,0.0,0.0,0.0,0.0,0.0,,,,,,,,0.0,0.0,0.0,0.0,0.0,0.0,/1,
Pablo Sandoval#,24.0,SFG,NL,6.0,117.0,466.0,426.0,55.0,134.0,26.0,3.0,23.0,70.0,2.0,4.0,32.0,63.0,0.315,0.357,0.552,0.909,155.0,0.388,156.0,235.0,12.0,0.0,1.0,7.0,9.0,5/H3D,"AS,MVP-17"
Pat Burrell,34.0,SFG,NL,1.0,92.0,219.0,183.0,17.0,42.0,9.0,1.0,7.0,21.0,0.0,0.0,33.0,67.0,0.23,0.352,0.404,0.756,115.0,0.344,119.0,74.0,2.0,2.0,0.0,1.0,0.0,7H,
Pat Misch,29.0,NYM,NL,0.0,5.0,0.0,0.0,0.0,0.0,0.0,0.0,0.0,0.0,0.0,0.0,0.0,0.0,,,,,,,,0.0,0.0,0.0,0.0,0.0,0.0,/1,
Pat Neshek#,30.0,SDP,NL,0.0,22.0,0.0,0.0,0.0,0.0,0.0,0.0,0.0,0.0,0.0,0.0,0.0,0.0,,,,,,,,0.0,0.0,0.0,0.0,0.0,0.0,1,
Paul Goldschmidt,23.0,ARI,NL,0.4,48.0,177.0,156.0,28.0,39.0,9.0,1.0,8.0,26.0,4.0,0.0,20.0,53.0,0.25,0.333,0.474,0.808,117.0,0.36,115.0,74.0,4.0,0.0,0.0,1.0,0.0,3/H,
Paul Janish,28.0,CIN,NL,-0.6,114.0,366.0,336.0,27.0,72.0,14.0,1.0,0.0,23.0,3.0,2.0,18.0,46.0,0.214,0.259,0.262,0.521,42.0,0.251,38.0,88.0,7.0,4.0,3.0,5.0,1.0,6/54H,
Paul Konerko,35.0,CHW,AL,2.9,149.0,639.0,543.0,69.0,163.0,25.0,0.0,31.0,105.0,1.0,1.0,77.0,89.0,0.3,0.388,0.517,0.906,141.0,0.386,137.0,281.0,14.0,8.0,0.0,11.0,17.0,*3D/H,"AS,MVP-13"
Paul Maholm*,29.0,PIT,NL,0.0,24.0,53.0,46.0,1.0,5.0,0.0,0.0,0.0,1.0,0.0,0.0,3.0,22.0,0.109,0.163,0.109,0.272,-21.0,0.154,-35.0,5.0,1.0,0.0,4.0,0.0,0.0,1,
Pedro Beato,24.0,NYM,NL,0.0,56.0,0.0,0.0,0.0,0.0,0.0,0.0,0.0,0.0,0.0,0.0,0.0,0.0,,,,,,,,0.0,0.0,0.0,0.0,0.0,0.0,1,
Pedro Ciriaco,25.0,PIT,NL,0.2,23.0,34.0,33.0,4.0,10.0,2.0,1.0,0.0,6.0,2.0,1.0,1.0,6.0,0.303,0.324,0.424,0.748,109.0,0.349,119.0,14.0,1.0,0.0,0.0,0.0,0.0,H/657,
Pedro Florimón#,24.0,BAL,AL,-0.1,4.0,10.0,8.0,1.0,1.0,1.0,0.0,0.0,2.0,0.0,0.0,1.0,6.0,0.125,0.222,0.25,0.472,29.0,0.318,89.0,2.0,0.0,0.0,1.0,0.0,0.0,/6H,
Pedro Viola,28.0,BAL,AL,0.0,1.0,0.0,0.0,0.0,0.0,0.0,0.0,0.0,0.0,0.0,0.0,0.0,0.0,,,,,,,,0.0,0.0,0.0,0.0,0.0,0.0,/1,
Pedro Álvarez*,24.0,PIT,NL,-1.8,74.0,262.0,235.0,18.0,45.0,9.0,1.0,4.0,19.0,1.0,0.0,24.0,80.0,0.191,0.272,0.289,0.561,58.0,0.261,53.0,68.0,11.0,2.0,1.0,0.0,1.0,5H,
Pete Kozma,23.0,STL,NL,0.0,16.0,22.0,17.0,2.0,3.0,1.0,0.0,0.0,1.0,0.0,0.0,4.0,4.0,0.176,0.333,0.235,0.569,62.0,0.28,64.0,4.0,0.0,0.0,1.0,0.0,0.0,4/H65,
Pete Orr*,32.0,PHI,NL,0.1,46.0,104.0,96.0,7.0,21.0,3.0,0.0,0.0,4.0,3.0,0.0,6.0,19.0,0.219,0.279,0.25,0.529,47.0,0.244,29.0,24.0,0.0,2.0,0.0,0.0,2.0,4H/5,
Peter Bourjos,24.0,LAA,AL,4.9,147.0,552.0,502.0,72.0,136.0,26.0,11.0,12.0,43.0,22.0,9.0,32.0,124.0,0.271,0.327,0.438,0.765,116.0,0.341,117.0,220.0,7.0,10.0,7.0,1.0,0.0,*8/H,
Peter Moylan,32.0,ATL,NL,0.0,13.0,0.0,0.0,0.0,0.0,0.0,0.0,0.0,0.0,0.0,0.0,0.0,0.0,,,,,,,,0.0,0.0,0.0,0.0,0.0,0.0,1,
Phil Coke*,28.0,DET,AL,0.0,1.0,2.0,2.0,0.0,0.0,0.0,0.0,0.0,0.0,0.0,0.0,0.0,2.0,0.0,0.0,0.0,0.0,-100.0,0.0,-135.0,0.0,0.0,0.0,0.0,0.0,0.0,1,
Phil Dumatrait,29.0,MIN,AL,0.0,4.0,0.0,0.0,0.0,0.0,0.0,0.0,0.0,0.0,0.0,0.0,0.0,0.0,,,,,,,,0.0,0.0,0.0,0.0,0.0,0.0,1,
Philip Humber,28.0,CHW,AL,-0.1,2.0,6.0,5.0,0.0,0.0,0.0,0.0,0.0,0.0,0.0,0.0,0.0,2.0,0.0,0.0,0.0,0.0,-100.0,0.0,-189.0,0.0,0.0,0.0,1.0,0.0,0.0,1,
Plácido Polanco,35.0,PHI,NL,1.9,122.0,523.0,469.0,46.0,130.0,14.0,0.0,5.0,50.0,3.0,0.0,42.0,44.0,0.277,0.335,0.339,0.674,86.0,0.314,86.0,159.0,15.0,3.0,1.0,8.0,0.0,*5/H4D,"AS,GG"
Prince Fielder*,27.0,MIL,NL,4.5,162.0,692.0,569.0,95.0,170.0,36.0,1.0,38.0,120.0,1.0,1.0,107.0,106.0,0.299,0.415,0.566,0.981,164.0,0.419,167.0,322.0,17.0,10.0,0.0,6.0,32.0,*3/D,"AS,MVP-3,SS"
R.A. Dickey,36.0,NYM,NL,-0.1,31.0,69.0,59.0,0.0,8.0,0.0,0.0,0.0,2.0,0.0,0.0,1.0,11.0,0.136,0.15,0.136,0.286,-19.0,0.145,-53.0,8.0,1.0,0.0,9.0,0.0,0.0,1,
Rafael Betancourt,36.0,COL,NL,0.0,65.0,0.0,0.0,0.0,0.0,0.0,0.0,0.0,0.0,0.0,0.0,0.0,0.0,,,,,,,,0.0,0.0,0.0,0.0,0.0,0.0,1,
Rafael Dolis,23.0,CHC,NL,0.0,1.0,0.0,0.0,0.0,0.0,0.0,0.0,0.0,0.0,0.0,0.0,0.0,0.0,,,,,,,,0.0,0.0,0.0,0.0,0.0,0.0,/1,
Rafael Furcal#,33.0,2TM,NL,0.7,87.0,369.0,333.0,44.0,77.0,15.0,0.0,8.0,28.0,9.0,5.0,28.0,39.0,0.231,0.298,0.348,0.646,80.0,0.303,83.0,116.0,3.0,4.0,3.0,1.0,0.0,6/H,
Rafael Furcal#,33.0,LAD,NL,-0.1,37.0,152.0,137.0,15.0,27.0,4.0,0.0,1.0,12.0,5.0,3.0,11.0,21.0,0.197,0.272,0.248,0.52,47.0,0.254,49.0,34.0,0.0,3.0,1.0,0.0,0.0,6/H,
Rafael Furcal#,33.0,STL,NL,0.8,50.0,217.0,196.0,29.0,50.0,11.0,0.0,7.0,16.0,4.0,2.0,17.0,18.0,0.255,0.316,0.418,0.735,102.0,0.336,107.0,82.0,3.0,1.0,2.0,1.0,0.0,6/H,
Rafael Pérez*,29.0,CLE,AL,0.0,4.0,0.0,0.0,0.0,0.0,0.0,0.0,0.0,0.0,0.0,0.0,0.0,0.0,,,,,,,,0.0,0.0,0.0,0.0,0.0,0.0,1,
Rafael Soriano,31.0,NYY,AL,0.0,2.0,0.0,0.0,0.0,0.0,0.0,0.0,0.0,0.0,0.0,0.0,0.0,0.0,,,,,,,,0.0,0.0,0.0,0.0,0.0,0.0,1,
Rajai Davis,30.0,TOR,AL,-0.8,95.0,338.0,320.0,44.0,76.0,21.0,6.0,1.0,29.0,34.0,11.0,15.0,63.0,0.238,0.273,0.35,0.623,67.0,0.292,64.0,112.0,4.0,1.0,1.0,1.0,0.0,8/H97D,
Ramiro Peña#,25.0,NYY,AL,-0.8,23.0,46.0,40.0,5.0,4.0,0.0,0.0,1.0,4.0,0.0,0.0,2.0,11.0,0.1,0.159,0.175,0.334,-10.0,0.198,-5.0,7.0,1.0,1.0,2.0,1.0,0.0,5/4H6D,
Ramón Castro,35.0,CHW,AL,0.2,23.0,75.0,68.0,6.0,16.0,3.0,0.0,4.0,10.0,0.0,0.0,7.0,23.0,0.235,0.307,0.456,0.763,101.0,0.329,95.0,31.0,0.0,0.0,0.0,0.0,0.0,2/HD,
Ramón Hernández,35.0,CIN,NL,1.3,91.0,328.0,298.0,28.0,84.0,13.0,0.0,12.0,36.0,0.0,0.0,23.0,41.0,0.282,0.341,0.446,0.788,112.0,0.354,114.0,133.0,11.0,5.0,0.0,2.0,6.0,2H/3,
Ramón Ortiz,38.0,CHC,NL,0.1,22.0,3.0,2.0,0.0,0.0,0.0,0.0,0.0,0.0,0.0,0.0,0.0,2.0,0.0,0.0,0.0,0.0,-100.0,0.456,243.0,0.0,0.0,0.0,1.0,0.0,0.0,1,
Ramón Ramírez,29.0,SFG,NL,0.0,65.0,1.0,1.0,0.0,0.0,0.0,0.0,0.0,0.0,0.0,0.0,0.0,0.0,0.0,0.0,0.0,0.0,-100.0,0.0,-127.0,0.0,0.0,0.0,0.0,0.0,0.0,1,
Ramón Santiago#,31.0,DET,AL,1.6,101.0,294.0,258.0,29.0,67.0,11.0,3.0,5.0,30.0,0.0,0.0,17.0,38.0,0.26,0.311,0.384,0.695,89.0,0.311,85.0,99.0,5.0,4.0,11.0,4.0,0.0,46H/5,
Ramón Troncoso,28.0,LAD,NL,0.0,16.0,1.0,1.0,0.0,0.0,0.0,0.0,0.0,0.0,0.0,0.0,0.0,1.0,0.0,0.0,0.0,0.0,-100.0,0.0,-136.0,0.0,0.0,0.0,0.0,0.0,0.0,1,
Randall Delgado,21.0,ATL,NL,-0.2,7.0,11.0,10.0,0.0,0.0,0.0,0.0,0.0,0.0,0.0,0.0,0.0,6.0,0.0,0.0,0.0,0.0,-100.0,0.0,-171.0,0.0,0.0,0.0,1.0,0.0,0.0,/1,
Randy Choate*,35.0,FLA,NL,0.0,50.0,0.0,0.0,0.0,0.0,0.0,0.0,0.0,0.0,0.0,0.0,0.0,0.0,,,,,,,,0.0,0.0,0.0,0.0,0.0,0.0,1,
Randy Wells,28.0,CHC,NL,-0.1,22.0,50.0,43.0,2.0,6.0,0.0,0.0,0.0,1.0,0.0,0.0,1.0,13.0,0.14,0.159,0.14,0.299,-17.0,0.14,-61.0,6.0,0.0,0.0,6.0,0.0,0.0,1,
Randy Wolf*,34.0,MIL,NL,0.0,31.0,66.0,61.0,2.0,10.0,3.0,0.0,0.0,0.0,0.0,0.0,0.0,25.0,0.164,0.177,0.213,0.391,6.0,0.173,-27.0,13.0,0.0,1.0,4.0,0.0,0.0,1,
Raúl Ibañez*,39.0,PHI,NL,-1.7,144.0,575.0,535.0,65.0,131.0,31.0,1.0,20.0,84.0,2.0,0.0,33.0,106.0,0.245,0.289,0.419,0.707,91.0,0.321,92.0,224.0,13.0,2.0,0.0,5.0,3.0,*7H/D,
Raúl Valdés*,33.0,STL,NL,0.0,5.0,0.0,0.0,0.0,0.0,0.0,0.0,0.0,0.0,0.0,0.0,0.0,0.0,,,,,,,,0.0,0.0,0.0,0.0,0.0,0.0,/1,
Reed Johnson,34.0,CHC,NL,1.2,111.0,266.0,246.0,33.0,76.0,22.0,1.0,5.0,28.0,2.0,1.0,5.0,63.0,0.309,0.348,0.467,0.816,122.0,0.372,131.0,115.0,4.0,11.0,2.0,2.0,1.0,9H78,
Reggie Willits#,30.0,LAA,AL,-0.4,22.0,28.0,22.0,0.0,1.0,1.0,0.0,0.0,1.0,0.0,0.0,4.0,7.0,0.045,0.192,0.091,0.283,-15.0,0.156,-25.0,2.0,0.0,0.0,2.0,0.0,0.0,7/H9,
Reid Brignac#,25.0,TBR,AL,-1.3,92.0,264.0,249.0,18.0,48.0,4.0,0.0,1.0,15.0,3.0,1.0,10.0,63.0,0.193,0.227,0.221,0.448,28.0,0.206,17.0,55.0,2.0,1.0,4.0,0.0,1.0,6/H,
Rene Tosoni*,24.0,MIN,AL,-0.8,60.0,189.0,172.0,20.0,35.0,7.0,1.0,5.0,22.0,0.0,2.0,14.0,42.0,0.203,0.275,0.343,0.618,70.0,0.281,71.0,59.0,2.0,3.0,0.0,0.0,0.0,7H/D9,
René Rivera,27.0,MIN,AL,-0.1,45.0,114.0,104.0,9.0,15.0,3.0,0.0,1.0,5.0,0.0,0.0,8.0,32.0,0.144,0.211,0.202,0.412,15.0,0.207,13.0,21.0,2.0,1.0,0.0,1.0,0.0,2/H,
Rex Brothers*,23.0,COL,NL,0.0,45.0,1.0,1.0,0.0,0.0,0.0,0.0,0.0,0.0,0.0,0.0,0.0,1.0,0.0,0.0,0.0,0.0,-100.0,0.0,-155.0,0.0,0.0,0.0,0.0,0.0,0.0,1,
Rich Thompson,26.0,LAA,AL,0.0,1.0,0.0,0.0,0.0,0.0,0.0,0.0,0.0,0.0,0.0,0.0,0.0,0.0,,,,,,,,0.0,0.0,0.0,0.0,0.0,0.0,1,
Rick Ankiel*,31.0,WSN,NL,1.7,122.0,415.0,380.0,46.0,91.0,20.0,0.0,9.0,37.0,10.0,3.0,29.0,96.0,0.239,0.296,0.363,0.659,81.0,0.307,81.0,138.0,7.0,2.0,3.0,1.0,1.0,*8H/9,
Rick Porcello,22.0,DET,AL,0.0,3.0,6.0,6.0,0.0,1.0,0.0,0.0,0.0,0.0,0.0,0.0,0.0,3.0,0.167,0.167,0.167,0.333,-8.0,0.135,-43.0,1.0,0.0,0.0,0.0,0.0,0.0,1,
Rickie Weeks,28.0,MIL,NL,3.0,118.0,515.0,453.0,77.0,122.0,26.0,2.0,20.0,49.0,9.0,2.0,50.0,107.0,0.269,0.35,0.468,0.818,121.0,0.368,124.0,212.0,6.0,8.0,1.0,3.0,3.0,*4/DH,AS
Ricky Nolasco,28.0,FLA,NL,-0.2,31.0,71.0,56.0,5.0,5.0,2.0,0.0,0.0,1.0,0.0,0.0,3.0,22.0,0.089,0.15,0.125,0.275,-23.0,0.135,-72.0,7.0,2.0,1.0,11.0,0.0,0.0,1,
Ricky Romero,26.0,TOR,AL,0.0,2.0,6.0,6.0,0.0,1.0,0.0,0.0,0.0,2.0,0.0,0.0,0.0,2.0,0.167,0.167,0.167,0.333,-9.0,0.151,-32.0,1.0,0.0,0.0,0.0,0.0,0.0,1,"AS,CYA-10"
Rob Johnson,28.0,SDP,NL,-0.2,67.0,199.0,179.0,9.0,34.0,6.0,1.0,3.0,16.0,3.0,0.0,14.0,58.0,0.19,0.259,0.285,0.544,55.0,0.25,45.0,51.0,3.0,3.0,2.0,1.0,1.0,2/H,
Robby Hammock,34.0,ARI,NL,-0.1,2.0,2.0,2.0,0.0,0.0,0.0,0.0,0.0,0.0,0.0,0.0,0.0,0.0,0.0,0.0,0.0,0.0,-100.0,0.0,-152.0,0.0,0.0,0.0,0.0,0.0,0.0,/7H,
Robert Andino,27.0,BAL,AL,2.6,139.0,511.0,457.0,63.0,120.0,22.0,0.0,5.0,36.0,13.0,3.0,41.0,83.0,0.263,0.327,0.344,0.67,84.0,0.315,86.0,157.0,14.0,3.0,9.0,1.0,0.0,465/H7,
Roberto Hernández,30.0,CLE,AL,0.0,2.0,3.0,3.0,0.0,0.0,0.0,0.0,0.0,0.0,0.0,0.0,0.0,2.0,0.0,0.0,0.0,0.0,-100.0,0.0,-132.0,0.0,0.0,0.0,0.0,0.0,0.0,1,
Robinson Cancel,35.0,HOU,NL,-0.2,2.0,7.0,6.0,0.0,0.0,0.0,0.0,0.0,0.0,0.0,0.0,1.0,4.0,0.0,0.143,0.0,0.143,-56.0,0.0,-181.0,0.0,0.0,0.0,0.0,0.0,1.0,/2,
Robinson Canó*,28.0,NYY,AL,5.8,159.0,681.0,623.0,104.0,188.0,46.0,7.0,28.0,118.0,8.0,2.0,38.0,96.0,0.302,0.349,0.533,0.882,133.0,0.383,133.0,332.0,18.0,12.0,0.0,8.0,11.0,*4/DH,"AS,MVP-6,SS"
Robinson Chirinos,27.0,TBR,AL,0.2,20.0,60.0,55.0,4.0,12.0,2.0,0.0,1.0,7.0,0.0,0.0,5.0,13.0,0.218,0.283,0.309,0.592,68.0,0.282,74.0,17.0,0.0,0.0,0.0,0.0,0.0,2/H3,
Rod Barajas,35.0,LAD,NL,1.3,98.0,337.0,305.0,29.0,70.0,13.0,0.0,16.0,47.0,0.0,0.0,22.0,71.0,0.23,0.287,0.43,0.717,98.0,0.317,95.0,131.0,5.0,4.0,2.0,3.0,4.0,2H,
Rodrigo López,35.0,CHC,NL,-0.3,25.0,33.0,30.0,1.0,2.0,0.0,0.0,0.0,0.0,0.0,0.0,1.0,11.0,0.067,0.097,0.067,0.163,-54.0,0.081,-97.0,2.0,0.0,0.0,2.0,0.0,0.0,1,
Roger Bernadina*,27.0,WSN,NL,0.6,91.0,337.0,309.0,40.0,75.0,12.0,2.0,7.0,27.0,17.0,3.0,22.0,63.0,0.243,0.301,0.362,0.664,82.0,0.318,85.0,112.0,7.0,4.0,2.0,0.0,1.0,87H9,
Ronny Cedeño,28.0,PIT,NL,1.1,128.0,454.0,413.0,43.0,103.0,25.0,3.0,2.0,32.0,2.0,5.0,30.0,93.0,0.249,0.297,0.339,0.636,79.0,0.28,71.0,140.0,11.0,0.0,6.0,5.0,7.0,*6/H4,
Ronny Paulino,30.0,NYM,NL,-0.3,78.0,248.0,228.0,19.0,61.0,13.0,0.0,2.0,19.0,0.0,0.0,15.0,38.0,0.268,0.312,0.351,0.663,86.0,0.298,80.0,80.0,9.0,1.0,1.0,3.0,3.0,2H,
Ross Detwiler,25.0,WSN,NL,-0.1,15.0,22.0,19.0,0.0,2.0,0.0,0.0,0.0,1.0,0.0,0.0,0.0,3.0,0.105,0.105,0.105,0.211,-42.0,0.096,-101.0,2.0,0.0,0.0,3.0,0.0,0.0,1,
Ross Gload*,35.0,PHI,NL,-0.3,93.0,118.0,113.0,3.0,29.0,8.0,0.0,0.0,8.0,0.0,0.0,3.0,23.0,0.257,0.276,0.327,0.603,65.0,0.278,60.0,37.0,2.0,0.0,0.0,0.0,0.0,H3/9D,
Ross Ohlendorf,28.0,PIT,NL,0.2,9.0,15.0,14.0,2.0,3.0,0.0,0.0,1.0,4.0,0.0,0.0,0.0,7.0,0.214,0.214,0.429,0.643,76.0,0.28,66.0,6.0,0.0,0.0,1.0,0.0,0.0,/1,
Roy Halladay,34.0,PHI,NL,-0.2,31.0,92.0,74.0,3.0,9.0,2.0,0.0,0.0,3.0,0.0,0.0,2.0,35.0,0.122,0.145,0.149,0.293,-19.0,0.148,-65.0,11.0,1.0,0.0,16.0,0.0,0.0,1,"AS,CYA-2,MVP-9"
Roy Oswalt,33.0,PHI,NL,-0.2,23.0,49.0,38.0,2.0,3.0,0.0,0.0,0.0,2.0,0.0,0.0,4.0,14.0,0.079,0.167,0.079,0.246,-30.0,0.131,-72.0,3.0,0.0,0.0,7.0,0.0,0.0,1,
Rubby De La Rosa,22.0,LAD,NL,0.1,12.0,16.0,14.0,1.0,3.0,0.0,0.0,0.0,0.0,0.0,0.0,1.0,1.0,0.214,0.267,0.214,0.481,37.0,0.215,13.0,3.0,0.0,0.0,1.0,0.0,0.0,1,
Rubén Tejada,21.0,NYM,NL,2.1,96.0,376.0,328.0,31.0,93.0,15.0,1.0,0.0,36.0,5.0,1.0,35.0,50.0,0.284,0.36,0.335,0.696,97.0,0.333,105.0,110.0,6.0,6.0,4.0,3.0,3.0,46/H,
Russ Canzler,25.0,TBR,AL,0.0,3.0,5.0,3.0,0.0,1.0,0.0,0.0,0.0,1.0,0.0,0.0,1.0,1.0,0.333,0.4,0.333,0.733,112.0,0.321,102.0,1.0,0.0,0.0,0.0,1.0,0.0,/HD,
Russ Mitchell,26.0,LAD,NL,-0.5,25.0,58.0,51.0,5.0,8.0,1.0,0.0,2.0,3.0,0.0,0.0,7.0,10.0,0.157,0.259,0.294,0.553,55.0,0.229,26.0,15.0,3.0,0.0,0.0,0.0,3.0,5/H39,
Russell Branyan*,35.0,2TM,2LG,0.0,68.0,146.0,127.0,11.0,25.0,7.0,0.0,5.0,14.0,2.0,0.0,18.0,41.0,0.197,0.295,0.37,0.665,84.0,0.301,80.0,47.0,2.0,0.0,0.0,1.0,0.0,H3D/5,
Russell Branyan*,35.0,ARI,NL,-0.1,31.0,69.0,62.0,4.0,13.0,5.0,0.0,1.0,2.0,0.0,0.0,7.0,20.0,0.21,0.29,0.339,0.629,71.0,0.286,64.0,21.0,0.0,0.0,0.0,0.0,0.0,H3,
Russell Branyan*,35.0,LAA,AL,0.1,37.0,77.0,65.0,7.0,12.0,2.0,0.0,4.0,12.0,2.0,0.0,11.0,21.0,0.185,0.299,0.4,0.699,97.0,0.314,94.0,26.0,2.0,0.0,0.0,1.0,0.0,HD3/5,
Russell Martin,28.0,NYY,AL,2.4,125.0,476.0,417.0,57.0,99.0,17.0,0.0,18.0,65.0,8.0,2.0,50.0,81.0,0.237,0.324,0.408,0.732,95.0,0.335,98.0,170.0,19.0,5.0,1.0,3.0,1.0,*2/H54,AS
Ryan Adams,24.0,BAL,AL,-0.4,29.0,96.0,89.0,9.0,25.0,4.0,0.0,0.0,7.0,0.0,0.0,6.0,25.0,0.281,0.333,0.326,0.659,81.0,0.301,78.0,29.0,7.0,1.0,0.0,0.0,0.0,4/H,
Ryan Braun,27.0,MIL,NL,7.7,150.0,629.0,563.0,109.0,187.0,38.0,6.0,33.0,111.0,33.0,6.0,58.0,93.0,0.332,0.397,0.597,0.994,166.0,0.45,180.0,336.0,9.0,5.0,0.0,3.0,2.0,*7/HD,"AS,MVP-1,SS"
Ryan Cook,24.0,ARI,NL,0.0,12.0,0.0,0.0,0.0,0.0,0.0,0.0,0.0,0.0,0.0,0.0,0.0,0.0,,,,,,,,0.0,0.0,0.0,0.0,0.0,0.0,1,
Ryan Dempster,34.0,CHC,NL,-0.5,34.0,70.0,58.0,1.0,5.0,0.0,0.0,0.0,0.0,0.0,0.0,1.0,19.0,0.086,0.102,0.086,0.188,-48.0,0.089,-113.0,5.0,0.0,0.0,10.0,0.0,0.0,1/H,
Ryan Doumit#,30.0,PIT,NL,1.1,77.0,236.0,218.0,17.0,66.0,12.0,1.0,8.0,30.0,0.0,1.0,16.0,35.0,0.303,0.353,0.477,0.83,131.0,0.365,133.0,104.0,5.0,1.0,1.0,0.0,0.0,2H,
Ryan Franklin,38.0,STL,NL,0.0,19.0,2.0,2.0,0.0,0.0,0.0,0.0,0.0,0.0,0.0,0.0,0.0,1.0,0.0,0.0,0.0,0.0,-100.0,0.0,-148.0,0.0,0.0,0.0,0.0,0.0,0.0,1,
Ryan Hanigan,30.0,CIN,NL,1.8,91.0,304.0,266.0,27.0,71.0,6.0,0.0,6.0,31.0,0.0,0.0,35.0,32.0,0.267,0.356,0.357,0.714,95.0,0.339,103.0,95.0,3.0,2.0,1.0,0.0,3.0,2/H,
Ryan Howard*,31.0,PHI,NL,1.2,152.0,644.0,557.0,81.0,141.0,30.0,1.0,33.0,116.0,1.0,0.0,75.0,172.0,0.253,0.346,0.488,0.835,126.0,0.367,127.0,272.0,10.0,7.0,0.0,5.0,16.0,*3/HD,MVP-10
Ryan Langerhans*,31.0,SEA,AL,-0.5,19.0,64.0,52.0,6.0,9.0,0.0,0.0,3.0,6.0,0.0,1.0,11.0,22.0,0.173,0.317,0.346,0.664,91.0,0.296,93.0,18.0,0.0,0.0,1.0,0.0,0.0,8/7H9D,
Ryan Lavarnway,23.0,BOS,AL,0.5,17.0,43.0,39.0,5.0,9.0,2.0,0.0,2.0,8.0,0.0,0.0,4.0,10.0,0.231,0.302,0.436,0.738,96.0,0.363,121.0,17.0,1.0,0.0,0.0,0.0,0.0,/2DH,
Ryan Ludwick,32.0,2TM,NL,-0.2,139.0,558.0,490.0,56.0,116.0,23.0,0.0,13.0,75.0,1.0,1.0,51.0,124.0,0.237,0.31,0.363,0.674,90.0,0.309,92.0,178.0,9.0,4.0,2.0,6.0,4.0,*79/HD,
Ryan Ludwick,32.0,SDP,NL,-0.1,101.0,425.0,378.0,42.0,90.0,18.0,0.0,11.0,64.0,1.0,1.0,32.0,87.0,0.238,0.301,0.373,0.674,90.0,0.305,89.0,141.0,8.0,4.0,1.0,5.0,1.0,7/D9H,
Ryan Ludwick,32.0,PIT,NL,0.0,38.0,133.0,112.0,14.0,26.0,5.0,0.0,2.0,11.0,0.0,0.0,19.0,37.0,0.232,0.341,0.33,0.671,90.0,0.324,101.0,37.0,1.0,0.0,1.0,1.0,3.0,79/H,
Ryan Madson*,30.0,PHI,NL,0.0,61.0,0.0,0.0,0.0,0.0,0.0,0.0,0.0,0.0,0.0,0.0,0.0,0.0,,,,,,,,0.0,0.0,0.0,0.0,0.0,0.0,1,
Ryan Mattheus,27.0,WSN,NL,0.0,31.0,0.0,0.0,0.0,0.0,0.0,0.0,0.0,0.0,0.0,0.0,0.0,0.0,,,,,,,,0.0,0.0,0.0,0.0,0.0,0.0,1,
Ryan Perry,24.0,DET,AL,0.0,1.0,0.0,0.0,0.0,0.0,0.0,0.0,0.0,0.0,0.0,0.0,0.0,0.0,,,,,,,,0.0,0.0,0.0,0.0,0.0,0.0,1,
Ryan Raburn,30.0,DET,AL,0.0,121.0,418.0,387.0,53.0,99.0,22.0,2.0,14.0,49.0,1.0,1.0,21.0,114.0,0.256,0.297,0.432,0.729,96.0,0.32,92.0,167.0,4.0,3.0,4.0,3.0,2.0,479H/5D38,
Ryan Roberts,30.0,ARI,NL,2.4,143.0,555.0,482.0,86.0,120.0,25.0,2.0,19.0,65.0,18.0,9.0,66.0,98.0,0.249,0.341,0.427,0.768,108.0,0.349,111.0,206.0,6.0,2.0,3.0,2.0,2.0,54H/76,
Ryan Rohlinger,27.0,SFG,NL,0.0,1.0,1.0,1.0,0.0,0.0,0.0,0.0,0.0,0.0,0.0,0.0,0.0,1.0,0.0,0.0,0.0,0.0,-100.0,0.0,-127.0,0.0,0.0,0.0,0.0,0.0,0.0,/H,
Ryan Spilborghs,31.0,COL,NL,-1.7,98.0,223.0,200.0,22.0,42.0,8.0,1.0,3.0,22.0,2.0,2.0,19.0,49.0,0.21,0.283,0.305,0.588,51.0,0.273,43.0,61.0,10.0,2.0,0.0,2.0,0.0,H798,
Ryan Sweeney*,26.0,OAK,AL,0.2,108.0,299.0,264.0,34.0,70.0,11.0,3.0,1.0,25.0,1.0,1.0,33.0,48.0,0.265,0.346,0.341,0.687,92.0,0.312,91.0,90.0,7.0,0.0,1.0,1.0,3.0,78H9/D,
Ryan Theriot,31.0,STL,NL,0.3,132.0,483.0,442.0,46.0,120.0,26.0,1.0,1.0,47.0,4.0,6.0,29.0,41.0,0.271,0.321,0.342,0.662,85.0,0.302,85.0,151.0,15.0,4.0,6.0,2.0,0.0,64H,
Ryan Vogelsong,33.0,SFG,NL,0.5,30.0,61.0,53.0,7.0,12.0,1.0,0.0,0.0,2.0,0.0,0.0,2.0,15.0,0.226,0.268,0.245,0.513,48.0,0.238,35.0,13.0,1.0,1.0,5.0,0.0,0.0,1/H,"AS,CYA-11"
Ryan Webb,25.0,FLA,NL,0.0,51.0,0.0,0.0,0.0,0.0,0.0,0.0,0.0,0.0,0.0,0.0,0.0,0.0,,,,,,,,0.0,0.0,0.0,0.0,0.0,0.0,1,
Ryan Zimmerman,26.0,WSN,NL,1.9,101.0,440.0,395.0,52.0,114.0,21.0,2.0,12.0,49.0,3.0,1.0,41.0,73.0,0.289,0.355,0.443,0.798,118.0,0.357,120.0,175.0,14.0,1.0,0.0,3.0,4.0,5/HD,
Ryota Igarashi,32.0,NYM,NL,0.0,45.0,0.0,0.0,0.0,0.0,0.0,0.0,0.0,0.0,0.0,0.0,0.0,0.0,,,,,,,,0.0,0.0,0.0,0.0,0.0,0.0,1,
Salvador Perez,21.0,KCR,AL,1.5,39.0,158.0,148.0,20.0,49.0,8.0,2.0,3.0,21.0,0.0,0.0,7.0,20.0,0.331,0.361,0.473,0.834,128.0,0.379,138.0,70.0,5.0,1.0,0.0,2.0,0.0,2,
Sam Deduno,27.0,SDP,NL,0.0,2.0,0.0,0.0,0.0,0.0,0.0,0.0,0.0,0.0,0.0,0.0,0.0,0.0,,,,,,,,0.0,0.0,0.0,0.0,0.0,0.0,/1,
Sam Demel,25.0,ARI,NL,0.0,33.0,0.0,0.0,0.0,0.0,0.0,0.0,0.0,0.0,0.0,0.0,0.0,0.0,,,,,,,,0.0,0.0,0.0,0.0,0.0,0.0,1,
Sam Fuld*,29.0,TBR,AL,2.1,105.0,346.0,308.0,41.0,74.0,18.0,5.0,3.0,27.0,20.0,8.0,32.0,49.0,0.24,0.313,0.36,0.673,91.0,0.313,95.0,111.0,3.0,1.0,4.0,1.0,0.0,7H/98D,
Sam LeCure,27.0,CIN,NL,0.0,40.0,11.0,9.0,0.0,1.0,1.0,0.0,0.0,0.0,0.0,0.0,1.0,5.0,0.111,0.2,0.222,0.422,14.0,0.197,-13.0,2.0,0.0,0.0,1.0,0.0,0.0,1,
Sandy Rosario,25.0,FLA,NL,0.0,4.0,0.0,0.0,0.0,0.0,0.0,0.0,0.0,0.0,0.0,0.0,0.0,0.0,,,,,,,,0.0,0.0,0.0,0.0,0.0,0.0,/1,
Santiago Casilla,30.0,SFG,NL,0.1,48.0,1.0,0.0,0.0,0.0,0.0,0.0,0.0,0.0,0.0,0.0,1.0,0.0,,1.0,,,,0.697,373.0,0.0,0.0,0.0,0.0,0.0,0.0,1,
Scott Baker,29.0,MIN,AL,0.1,2.0,5.0,5.0,0.0,2.0,1.0,0.0,0.0,0.0,0.0,0.0,0.0,1.0,0.4,0.4,0.6,1.0,172.0,0.432,175.0,3.0,0.0,0.0,0.0,0.0,0.0,1,
Scott Cousins*,26.0,FLA,NL,0.2,48.0,58.0,52.0,5.0,7.0,1.0,0.0,1.0,4.0,1.0,1.0,6.0,21.0,0.135,0.224,0.212,0.436,21.0,0.22,21.0,11.0,0.0,0.0,0.0,0.0,0.0,H9/87,
Scott Downs*,35.0,LAA,AL,0.0,6.0,0.0,0.0,0.0,0.0,0.0,0.0,0.0,0.0,0.0,0.0,0.0,0.0,,,,,,,,0.0,0.0,0.0,0.0,0.0,0.0,1,
Scott Elbert*,25.0,LAD,NL,0.0,44.0,0.0,0.0,0.0,0.0,0.0,0.0,0.0,0.0,0.0,0.0,0.0,0.0,,,,,,,,0.0,0.0,0.0,0.0,0.0,0.0,1,
Scott Hairston,31.0,NYM,NL,0.4,79.0,145.0,132.0,20.0,31.0,8.0,1.0,7.0,24.0,1.0,1.0,11.0,34.0,0.235,0.303,0.47,0.773,113.0,0.337,111.0,62.0,2.0,2.0,0.0,0.0,2.0,H978/D4,
Scott Linebrink,34.0,ATL,NL,0.0,62.0,0.0,0.0,0.0,0.0,0.0,0.0,0.0,0.0,0.0,0.0,0.0,0.0,,,,,,,,0.0,0.0,0.0,0.0,0.0,0.0,1,
Scott Maine*,26.0,CHC,NL,0.0,5.0,0.0,0.0,0.0,0.0,0.0,0.0,0.0,0.0,0.0,0.0,0.0,0.0,,,,,,,,0.0,0.0,0.0,0.0,0.0,0.0,/1,
Scott Mathieson,27.0,PHI,NL,0.0,4.0,0.0,0.0,0.0,0.0,0.0,0.0,0.0,0.0,0.0,0.0,0.0,0.0,,,,,,,,0.0,0.0,0.0,0.0,0.0,0.0,/1,
Scott Proctor,34.0,ATL,NL,0.0,28.0,2.0,2.0,0.0,0.0,0.0,0.0,0.0,1.0,0.0,0.0,0.0,0.0,0.0,0.0,0.0,0.0,-100.0,0.0,-148.0,0.0,0.0,0.0,0.0,0.0,0.0,1,
Scott Rolen,36.0,CIN,NL,1.6,65.0,269.0,252.0,31.0,61.0,20.0,2.0,5.0,36.0,1.0,0.0,10.0,36.0,0.242,0.279,0.397,0.676,81.0,0.314,84.0,100.0,4.0,4.0,0.0,3.0,0.0,5/H,AS
Scott Sizemore,26.0,2TM,AL,1.7,110.0,429.0,368.0,50.0,90.0,22.0,1.0,11.0,56.0,5.0,3.0,53.0,112.0,0.245,0.342,0.399,0.741,105.0,0.342,112.0,147.0,8.0,2.0,5.0,1.0,0.0,54/H,
Scott Sizemore,26.0,DET,AL,0.3,17.0,74.0,63.0,8.0,14.0,1.0,0.0,0.0,4.0,1.0,1.0,10.0,19.0,0.222,0.329,0.238,0.567,59.0,0.29,73.0,15.0,0.0,0.0,1.0,0.0,0.0,4,
Scott Sizemore,26.0,OAK,AL,1.4,93.0,355.0,305.0,42.0,76.0,21.0,1.0,11.0,52.0,4.0,2.0,43.0,93.0,0.249,0.345,0.433,0.778,114.0,0.353,120.0,132.0,8.0,2.0,4.0,1.0,0.0,5/H4,
Sean Burnett*,28.0,WSN,NL,0.1,66.0,2.0,1.0,1.0,1.0,0.0,0.0,0.0,0.0,0.0,0.0,1.0,0.0,1.0,1.0,1.0,2.0,454.0,0.803,457.0,1.0,0.0,0.0,0.0,0.0,0.0,1,
Sean Burroughs*,30.0,ARI,NL,-0.1,78.0,115.0,110.0,8.0,30.0,4.0,0.0,1.0,8.0,1.0,0.0,3.0,15.0,0.273,0.289,0.336,0.626,70.0,0.281,59.0,37.0,4.0,0.0,1.0,1.0,0.0,H5,
Sean Green,32.0,MIL,NL,0.0,14.0,0.0,0.0,0.0,0.0,0.0,0.0,0.0,0.0,0.0,0.0,0.0,0.0,,,,,,,,0.0,0.0,0.0,0.0,0.0,0.0,1,
Sean Marshall*,28.0,CHC,NL,0.0,75.0,0.0,0.0,0.0,0.0,0.0,0.0,0.0,0.0,0.0,0.0,0.0,0.0,,,,,,,,0.0,0.0,0.0,0.0,0.0,0.0,1,
Sean Rodríguez,26.0,TBR,AL,2.3,131.0,436.0,373.0,45.0,83.0,20.0,3.0,8.0,36.0,11.0,7.0,38.0,87.0,0.223,0.323,0.357,0.679,93.0,0.308,94.0,133.0,8.0,18.0,5.0,2.0,2.0,645H/37,
Sergio Escalona*,26.0,HOU,NL,0.0,46.0,0.0,0.0,0.0,0.0,0.0,0.0,0.0,0.0,0.0,0.0,0.0,0.0,,,,,,,,0.0,0.0,0.0,0.0,0.0,0.0,1,
Sergio Mitre,30.0,2TM,2LG,0.0,22.0,2.0,2.0,0.0,0.0,0.0,0.0,0.0,0.0,0.0,0.0,0.0,0.0,0.0,0.0,0.0,0.0,-100.0,0.0,-152.0,0.0,0.0,0.0,0.0,0.0,0.0,1,
Sergio Mitre,30.0,MIL,NL,0.0,21.0,2.0,2.0,0.0,0.0,0.0,0.0,0.0,0.0,0.0,0.0,0.0,0.0,0.0,0.0,0.0,0.0,-100.0,0.0,-152.0,0.0,0.0,0.0,0.0,0.0,0.0,1,
Sergio Mitre,30.0,NYY,AL,0.0,1.0,0.0,0.0,0.0,0.0,0.0,0.0,0.0,0.0,0.0,0.0,0.0,0.0,,,,,,,,0.0,0.0,0.0,0.0,0.0,0.0,/1,
Sergio Romo,28.0,SFG,NL,0.0,63.0,0.0,0.0,0.0,0.0,0.0,0.0,0.0,0.0,0.0,0.0,0.0,0.0,,,,,,,,0.0,0.0,0.0,0.0,0.0,0.0,1,
Sergio Santos,27.0,CHW,AL,0.0,5.0,0.0,0.0,0.0,0.0,0.0,0.0,0.0,0.0,0.0,0.0,0.0,0.0,,,,,,,,0.0,0.0,0.0,0.0,0.0,0.0,1,
Seth Smith*,28.0,COL,NL,0.6,147.0,533.0,476.0,67.0,135.0,32.0,9.0,15.0,59.0,10.0,2.0,46.0,93.0,0.284,0.347,0.483,0.83,110.0,0.363,107.0,230.0,9.0,4.0,0.0,7.0,7.0,*97H,
Shane Robinson,26.0,STL,NL,-0.2,9.0,8.0,7.0,0.0,0.0,0.0,0.0,0.0,0.0,0.0,0.0,1.0,2.0,0.0,0.125,0.0,0.125,-61.0,0.087,-78.0,0.0,1.0,0.0,0.0,0.0,0.0,/89H7,
Shane Victorino,30.0,PHI,NL,5.5,132.0,586.0,519.0,95.0,145.0,27.0,16.0,17.0,61.0,19.0,3.0,55.0,63.0,0.279,0.355,0.491,0.847,130.0,0.384,135.0,255.0,4.0,6.0,6.0,0.0,1.0,*8/H,"AS,MVP-13"
Shaun Marcum,29.0,MIL,NL,0.4,31.0,76.0,59.0,4.0,9.0,2.0,0.0,1.0,6.0,0.0,0.0,4.0,21.0,0.153,0.219,0.237,0.456,24.0,0.24,17.0,14.0,0.0,1.0,12.0,0.0,0.0,1,
Shawn Camp,35.0,TOR,AL,0.0,3.0,0.0,0.0,0.0,0.0,0.0,0.0,0.0,0.0,0.0,0.0,0.0,0.0,,,,,,,,0.0,0.0,0.0,0.0,0.0,0.0,1,
Shelley Duncan,31.0,CLE,AL,0.6,76.0,247.0,223.0,29.0,58.0,17.0,0.0,11.0,47.0,0.0,1.0,19.0,56.0,0.26,0.324,0.484,0.808,125.0,0.351,125.0,108.0,7.0,3.0,0.0,2.0,1.0,7DH/39,
Shin-Soo Choo*,28.0,CLE,AL,1.6,85.0,358.0,313.0,37.0,81.0,11.0,3.0,8.0,36.0,12.0,5.0,36.0,78.0,0.259,0.344,0.39,0.733,107.0,0.33,107.0,122.0,7.0,6.0,0.0,3.0,3.0,9,
Skip Schumaker*,31.0,STL,NL,0.8,117.0,400.0,367.0,34.0,104.0,19.0,0.0,2.0,38.0,0.0,2.0,27.0,50.0,0.283,0.333,0.351,0.685,91.0,0.311,90.0,129.0,10.0,2.0,1.0,3.0,3.0,49H/781,
Starlin Castro,21.0,CHC,NL,3.2,158.0,715.0,674.0,91.0,207.0,36.0,9.0,10.0,66.0,22.0,9.0,35.0,96.0,0.307,0.341,0.432,0.773,111.0,0.353,115.0,291.0,20.0,2.0,0.0,4.0,2.0,*6,"AS,MVP-23"
Stephen Drew*,28.0,ARI,NL,1.9,86.0,354.0,321.0,44.0,81.0,21.0,5.0,5.0,45.0,4.0,4.0,30.0,74.0,0.252,0.317,0.396,0.713,93.0,0.322,94.0,127.0,3.0,1.0,1.0,1.0,0.0,6/H,
Stephen Strasburg,22.0,WSN,NL,0.0,5.0,8.0,6.0,1.0,0.0,0.0,0.0,0.0,0.0,0.0,0.0,0.0,3.0,0.0,0.0,0.0,0.0,-100.0,0.152,-75.0,0.0,0.0,0.0,2.0,0.0,0.0,/1,
Steve Cishek,25.0,FLA,NL,0.0,43.0,0.0,0.0,0.0,0.0,0.0,0.0,0.0,0.0,0.0,0.0,0.0,0.0,,,,,,,,0.0,0.0,0.0,0.0,0.0,0.0,1,
Steve Clevenger*,25.0,CHC,NL,0.1,2.0,5.0,4.0,1.0,1.0,1.0,0.0,0.0,0.0,0.0,0.0,0.0,0.0,0.25,0.4,0.5,0.9,145.0,0.4,151.0,2.0,0.0,1.0,0.0,0.0,0.0,/2H,
Steve Edlefsen,26.0,SFG,NL,0.0,13.0,1.0,1.0,0.0,0.0,0.0,0.0,0.0,0.0,0.0,0.0,0.0,1.0,0.0,0.0,0.0,0.0,-100.0,0.0,-127.0,0.0,0.0,0.0,0.0,0.0,0.0,1,
Steve Holm,31.0,MIN,AL,-0.2,6.0,18.0,17.0,1.0,2.0,1.0,0.0,0.0,0.0,0.0,0.0,1.0,4.0,0.118,0.167,0.176,0.343,-5.0,0.159,-22.0,3.0,0.0,0.0,0.0,0.0,0.0,/2,
Steve Lombardozzi#,22.0,WSN,NL,-0.2,13.0,32.0,31.0,3.0,6.0,1.0,0.0,0.0,1.0,0.0,0.0,1.0,4.0,0.194,0.219,0.226,0.445,23.0,0.204,6.0,7.0,0.0,0.0,0.0,0.0,0.0,/H456,
Steve Pearce,28.0,PIT,NL,-0.7,50.0,105.0,94.0,8.0,19.0,2.0,0.0,1.0,10.0,0.0,0.0,7.0,21.0,0.202,0.26,0.255,0.515,46.0,0.242,40.0,24.0,6.0,1.0,1.0,2.0,0.0,H35/9,
Takashi Saito*,41.0,MIL,NL,0.0,29.0,0.0,0.0,0.0,0.0,0.0,0.0,0.0,0.0,0.0,0.0,0.0,0.0,,,,,,,,0.0,0.0,0.0,0.0,0.0,0.0,1,
Taylor Buchholz,29.0,NYM,NL,0.0,22.0,2.0,2.0,0.0,0.0,0.0,0.0,0.0,0.0,0.0,0.0,0.0,0.0,0.0,0.0,0.0,0.0,-100.0,0.0,-143.0,0.0,0.0,0.0,0.0,0.0,0.0,1,
Taylor Green*,24.0,MIL,NL,0.0,20.0,37.0,37.0,2.0,10.0,3.0,0.0,0.0,1.0,0.0,0.0,0.0,6.0,0.27,0.27,0.351,0.622,68.0,0.275,57.0,13.0,1.0,0.0,0.0,0.0,0.0,H/45,
Taylor Teagarden,27.0,TEX,AL,0.2,14.0,36.0,34.0,3.0,8.0,2.0,0.0,0.0,2.0,0.0,0.0,2.0,13.0,0.235,0.278,0.294,0.572,52.0,0.285,60.0,10.0,0.0,0.0,0.0,0.0,0.0,2,
Ted Lilly*,35.0,LAD,NL,-0.5,32.0,63.0,58.0,0.0,5.0,2.0,0.0,0.0,4.0,1.0,1.0,0.0,13.0,0.086,0.086,0.121,0.207,-43.0,0.085,-89.0,7.0,0.0,0.0,5.0,0.0,0.0,1/H,
Thomas Field,24.0,COL,NL,0.2,16.0,51.0,48.0,4.0,13.0,0.0,0.0,0.0,3.0,0.0,0.0,3.0,14.0,0.271,0.314,0.271,0.585,52.0,0.271,40.0,13.0,1.0,0.0,0.0,0.0,0.0,6/9H,
Tim Byrdak*,37.0,NYM,NL,0.0,68.0,0.0,0.0,0.0,0.0,0.0,0.0,0.0,0.0,0.0,0.0,0.0,0.0,,,,,,,,0.0,0.0,0.0,0.0,0.0,0.0,1,
Tim Collins*,21.0,KCR,AL,0.0,5.0,0.0,0.0,0.0,0.0,0.0,0.0,0.0,0.0,0.0,0.0,0.0,0.0,,,,,,,,0.0,0.0,0.0,0.0,0.0,0.0,1,
Tim Dillard,27.0,MIL,NL,0.0,21.0,0.0,0.0,0.0,0.0,0.0,0.0,0.0,0.0,0.0,0.0,0.0,0.0,,,,,,,,0.0,0.0,0.0,0.0,0.0,0.0,1,
Tim Federowicz,23.0,LAD,NL,0.1,7.0,16.0,13.0,0.0,2.0,0.0,0.0,0.0,1.0,0.0,0.0,2.0,4.0,0.154,0.313,0.154,0.466,36.0,0.246,42.0,2.0,0.0,1.0,0.0,0.0,0.0,/2H,
Tim Hudson,35.0,ATL,NL,-0.1,32.0,80.0,69.0,4.0,8.0,1.0,0.0,1.0,4.0,0.0,0.0,4.0,20.0,0.116,0.164,0.174,0.338,-7.0,0.159,-40.0,12.0,1.0,0.0,7.0,0.0,0.0,1,
Tim Lincecum*,27.0,SFG,NL,-0.3,32.0,72.0,61.0,0.0,5.0,0.0,0.0,0.0,1.0,0.0,0.0,3.0,30.0,0.082,0.125,0.082,0.207,-39.0,0.102,-80.0,5.0,0.0,0.0,8.0,0.0,0.0,1,"AS,CYA-6"
Tim Stauffer,29.0,SDP,NL,0.1,31.0,63.0,54.0,2.0,8.0,0.0,0.0,0.0,6.0,0.0,0.0,1.0,19.0,0.148,0.161,0.148,0.309,-11.0,0.173,-22.0,8.0,1.0,0.0,7.0,1.0,0.0,1/H,
Tim Wakefield,44.0,BOS,AL,-0.1,2.0,4.0,4.0,0.0,0.0,0.0,0.0,0.0,0.0,0.0,0.0,0.0,4.0,0.0,0.0,0.0,0.0,-100.0,0.0,-144.0,0.0,0.0,0.0,0.0,0.0,0.0,1,
Tim Wood,28.0,PIT,NL,0.0,10.0,0.0,0.0,0.0,0.0,0.0,0.0,0.0,0.0,0.0,0.0,0.0,0.0,,,,,,,,0.0,0.0,0.0,0.0,0.0,0.0,1,
Todd Coffey,30.0,WSN,NL,0.0,65.0,0.0,0.0,0.0,0.0,0.0,0.0,0.0,0.0,0.0,0.0,0.0,0.0,,,,,,,,0.0,0.0,0.0,0.0,0.0,0.0,1,
Todd Frazier,25.0,CIN,NL,0.9,41.0,121.0,112.0,17.0,26.0,5.0,0.0,6.0,15.0,1.0,0.0,7.0,27.0,0.232,0.289,0.438,0.727,94.0,0.353,112.0,49.0,2.0,2.0,0.0,0.0,0.0,5H/7463,
Todd Helton*,37.0,COL,NL,2.2,124.0,491.0,421.0,59.0,127.0,27.0,0.0,14.0,69.0,0.0,1.0,59.0,71.0,0.302,0.385,0.466,0.85,117.0,0.373,117.0,196.0,6.0,3.0,0.0,8.0,5.0,*3/H,
Tom Gorzelanny,28.0,WSN,NL,-0.1,29.0,33.0,28.0,2.0,3.0,0.0,0.0,0.0,1.0,0.0,0.0,2.0,13.0,0.107,0.167,0.107,0.274,-22.0,0.134,-60.0,3.0,0.0,0.0,3.0,0.0,0.0,1,
Tommy Hanson,24.0,ATL,NL,-0.5,20.0,45.0,39.0,0.0,2.0,0.0,0.0,0.0,0.0,0.0,0.0,0.0,15.0,0.051,0.051,0.051,0.103,-72.0,0.067,-125.0,2.0,1.0,0.0,6.0,0.0,0.0,1,
Tommy Hottovy*,29.0,BOS,AL,0.0,1.0,0.0,0.0,0.0,0.0,0.0,0.0,0.0,0.0,0.0,0.0,0.0,0.0,,,,,,,,0.0,0.0,0.0,0.0,0.0,0.0,/1,
Tommy Milone*,24.0,WSN,NL,0.2,5.0,10.0,6.0,1.0,1.0,0.0,0.0,1.0,3.0,0.0,0.0,0.0,1.0,0.167,0.167,0.667,0.833,116.0,0.35,125.0,4.0,0.0,0.0,4.0,0.0,0.0,/1,
Tony Campana*,25.0,CHC,NL,0.9,95.0,155.0,143.0,24.0,37.0,3.0,0.0,1.0,6.0,24.0,2.0,8.0,30.0,0.259,0.303,0.301,0.603,67.0,0.308,57.0,43.0,1.0,1.0,3.0,0.0,1.0,H78/9D,
Tony Cruz,24.0,STL,NL,-0.1,38.0,72.0,65.0,8.0,17.0,5.0,0.0,0.0,6.0,0.0,1.0,6.0,13.0,0.262,0.333,0.338,0.672,88.0,0.307,90.0,22.0,1.0,1.0,0.0,0.0,1.0,2H/5394,
Tony Gwynn*,28.0,LAD,NL,1.8,136.0,340.0,312.0,37.0,80.0,12.0,6.0,2.0,22.0,22.0,6.0,23.0,61.0,0.256,0.308,0.353,0.66,85.0,0.31,84.0,110.0,2.0,1.0,2.0,2.0,1.0,*7H8/9,
Tony Sipp*,27.0,CLE,AL,0.0,4.0,0.0,0.0,0.0,0.0,0.0,0.0,0.0,0.0,0.0,0.0,0.0,0.0,,,,,,,,0.0,0.0,0.0,0.0,0.0,0.0,1,
Tony Watson*,26.0,PIT,NL,0.0,39.0,1.0,1.0,0.0,0.0,0.0,0.0,0.0,0.0,0.0,0.0,0.0,1.0,0.0,0.0,0.0,0.0,-100.0,0.0,-127.0,0.0,0.0,0.0,0.0,0.0,0.0,1,
Torii Hunter,35.0,LAA,AL,3.6,156.0,649.0,580.0,80.0,152.0,24.0,2.0,23.0,82.0,5.0,7.0,62.0,125.0,0.262,0.336,0.429,0.765,116.0,0.344,122.0,249.0,24.0,4.0,0.0,3.0,2.0,*9D/8,
Travis Buck*,27.0,CLE,AL,0.3,50.0,160.0,149.0,18.0,34.0,11.0,0.0,2.0,18.0,1.0,1.0,8.0,30.0,0.228,0.275,0.342,0.617,73.0,0.282,74.0,51.0,3.0,2.0,0.0,1.0,0.0,79/HD8,
Travis Hafner*,34.0,CLE,AL,1.6,94.0,368.0,325.0,41.0,91.0,16.0,0.0,13.0,57.0,0.0,0.0,36.0,78.0,0.28,0.361,0.449,0.811,128.0,0.358,128.0,146.0,7.0,6.0,0.0,1.0,5.0,DH,
Travis Snider*,23.0,TOR,AL,0.0,49.0,202.0,187.0,23.0,42.0,14.0,0.0,3.0,30.0,9.0,3.0,11.0,56.0,0.225,0.269,0.348,0.616,65.0,0.281,59.0,65.0,5.0,1.0,1.0,2.0,1.0,7/89HD,
Travis Wood,24.0,CIN,NL,-0.3,25.0,35.0,30.0,2.0,2.0,0.0,0.0,1.0,3.0,0.0,0.0,0.0,14.0,0.067,0.067,0.167,0.233,-39.0,0.1,-103.0,5.0,0.0,0.0,5.0,0.0,0.0,1/H,
Trayvon Robinson#,23.0,SEA,AL,-0.6,44.0,155.0,143.0,12.0,30.0,12.0,0.0,2.0,14.0,1.0,0.0,8.0,61.0,0.21,0.25,0.336,0.586,67.0,0.271,68.0,48.0,1.0,0.0,3.0,1.0,0.0,78/HD,
Trent Oeltjen*,28.0,LAD,NL,0.0,61.0,91.0,71.0,10.0,14.0,1.0,1.0,2.0,6.0,6.0,0.0,13.0,30.0,0.197,0.322,0.324,0.646,82.0,0.332,92.0,23.0,1.0,1.0,4.0,2.0,1.0,H79/D8,
Trever Miller,38.0,STL,NL,0.0,35.0,0.0,0.0,0.0,0.0,0.0,0.0,0.0,0.0,0.0,0.0,0.0,0.0,,,,,,,,0.0,0.0,0.0,0.0,0.0,0.0,1,
Trevor Bell*,24.0,LAA,AL,0.0,3.0,0.0,0.0,0.0,0.0,0.0,0.0,0.0,0.0,0.0,0.0,0.0,0.0,,,,,,,,0.0,0.0,0.0,0.0,0.0,0.0,1,
Trevor Cahill,23.0,OAK,AL,-0.1,2.0,5.0,5.0,0.0,0.0,0.0,0.0,0.0,0.0,0.0,0.0,0.0,2.0,0.0,0.0,0.0,0.0,-100.0,0.0,-135.0,0.0,1.0,0.0,0.0,0.0,0.0,1,
Trevor Crowe#,27.0,CLE,AL,0.0,15.0,32.0,28.0,6.0,6.0,1.0,0.0,0.0,2.0,3.0,0.0,4.0,9.0,0.214,0.313,0.25,0.563,62.0,0.291,63.0,7.0,1.0,0.0,0.0,0.0,0.0,7/8H,
Trevor Plouffe,25.0,MIN,AL,-0.7,81.0,320.0,286.0,47.0,68.0,18.0,1.0,8.0,31.0,3.0,3.0,25.0,71.0,0.238,0.305,0.392,0.697,91.0,0.314,92.0,112.0,6.0,4.0,2.0,3.0,0.0,649/HD73,
Troy Tulowitzki,26.0,COL,NL,6.2,143.0,606.0,537.0,81.0,162.0,36.0,2.0,30.0,105.0,9.0,3.0,59.0,79.0,0.302,0.372,0.544,0.916,131.0,0.402,137.0,292.0,16.0,4.0,1.0,5.0,12.0,*6/H,"AS,MVP-8,GG,SS"
Tsuyoshi Nishioka#,26.0,MIN,AL,-1.8,68.0,240.0,221.0,14.0,50.0,5.0,0.0,0.0,19.0,2.0,4.0,15.0,43.0,0.226,0.278,0.249,0.527,48.0,0.251,49.0,55.0,1.0,1.0,3.0,0.0,1.0,6/4HD,
Ty Wigginton,33.0,COL,NL,-0.2,130.0,446.0,401.0,52.0,97.0,21.0,2.0,15.0,47.0,8.0,1.0,38.0,84.0,0.242,0.315,0.416,0.731,86.0,0.335,85.0,167.0,10.0,5.0,1.0,1.0,4.0,537H/9,
Tyler Chatwood,21.0,LAA,AL,0.2,2.0,5.0,3.0,1.0,2.0,0.0,0.0,0.0,0.0,0.0,0.0,0.0,0.0,0.667,0.667,0.667,1.333,282.0,0.603,447.0,2.0,0.0,0.0,2.0,0.0,0.0,1,
Tyler Clippard,26.0,WSN,NL,0.0,68.0,3.0,2.0,0.0,0.0,0.0,0.0,0.0,0.0,0.0,0.0,0.0,0.0,0.0,0.0,0.0,0.0,-100.0,0.0,-271.0,0.0,0.0,0.0,1.0,0.0,0.0,1,AS
Tyler Colvin*,25.0,CHC,NL,-1.2,80.0,222.0,206.0,17.0,31.0,8.0,3.0,6.0,20.0,0.0,0.0,14.0,58.0,0.15,0.204,0.306,0.509,38.0,0.224,19.0,63.0,2.0,0.0,1.0,1.0,3.0,9H7/83,
Tyler Flowers,25.0,CHW,AL,0.7,38.0,129.0,110.0,13.0,23.0,5.0,1.0,5.0,16.0,0.0,1.0,14.0,38.0,0.209,0.31,0.409,0.719,91.0,0.312,85.0,45.0,2.0,3.0,0.0,2.0,0.0,2/3HD,
Tyler Greene,27.0,STL,NL,0.3,58.0,121.0,104.0,22.0,22.0,5.0,0.0,1.0,11.0,11.0,0.0,13.0,31.0,0.212,0.322,0.288,0.611,72.0,0.332,86.0,30.0,3.0,4.0,0.0,0.0,2.0,4H6/97,
Ubaldo Jiménez,27.0,COL,NL,-0.1,20.0,42.0,35.0,0.0,4.0,0.0,0.0,0.0,3.0,0.0,0.0,2.0,18.0,0.114,0.162,0.114,0.276,-27.0,0.161,-61.0,4.0,1.0,0.0,5.0,0.0,0.0,1,
Val Pascucci,32.0,NYM,NL,0.0,10.0,11.0,11.0,1.0,3.0,0.0,0.0,1.0,2.0,0.0,0.0,0.0,3.0,0.273,0.273,0.545,0.818,123.0,0.356,124.0,6.0,0.0,0.0,0.0,0.0,0.0,/H3,
Vance Worley,23.0,PHI,NL,0.2,24.0,48.0,45.0,4.0,10.0,1.0,0.0,0.0,5.0,0.0,0.0,1.0,14.0,0.222,0.239,0.244,0.484,33.0,0.221,15.0,11.0,0.0,0.0,2.0,0.0,0.0,1,ROY-3
Vernon Wells,32.0,LAA,AL,-0.5,131.0,529.0,505.0,60.0,110.0,15.0,4.0,25.0,66.0,9.0,4.0,20.0,86.0,0.218,0.248,0.412,0.66,84.0,0.298,86.0,208.0,8.0,1.0,0.0,3.0,0.0,*789/DH,
Vicente Padilla,33.0,LAD,NL,0.0,9.0,0.0,0.0,0.0,0.0,0.0,0.0,0.0,0.0,0.0,0.0,0.0,0.0,,,,,,,,0.0,0.0,0.0,0.0,0.0,0.0,/1,
Victor Martinez#,32.0,DET,AL,3.2,145.0,595.0,540.0,76.0,178.0,40.0,0.0,12.0,103.0,1.0,0.0,46.0,51.0,0.33,0.38,0.47,0.85,131.0,0.381,136.0,254.0,20.0,2.0,0.0,7.0,6.0,*D2/3H,MVP-16
Vin Mazzaro,24.0,KCR,AL,0.0,1.0,2.0,2.0,0.0,0.0,0.0,0.0,0.0,0.0,0.0,0.0,0.0,2.0,0.0,0.0,0.0,0.0,-100.0,0.0,-135.0,0.0,0.0,0.0,0.0,0.0,0.0,/1,
Vinnie Pestano,26.0,CLE,AL,0.0,4.0,0.0,0.0,0.0,0.0,0.0,0.0,0.0,0.0,0.0,0.0,0.0,0.0,,,,,,,,0.0,0.0,0.0,0.0,0.0,0.0,1,
Vinny Rottino,31.0,FLA,NL,-0.1,8.0,14.0,12.0,1.0,2.0,0.0,0.0,0.0,0.0,0.0,0.0,2.0,4.0,0.167,0.286,0.167,0.452,28.0,0.229,25.0,2.0,0.0,0.0,0.0,0.0,0.0,/H97,
Vladimir Guerrero,36.0,BAL,AL,0.2,145.0,590.0,562.0,60.0,163.0,30.0,1.0,13.0,63.0,2.0,2.0,17.0,56.0,0.29,0.317,0.416,0.733,98.0,0.325,96.0,234.0,23.0,7.0,0.0,4.0,3.0,*D/H,
Wade Davis,25.0,TBR,AL,0.1,2.0,4.0,2.0,0.0,1.0,0.0,0.0,0.0,0.0,0.0,0.0,0.0,1.0,0.5,0.5,0.5,1.0,185.0,0.453,291.0,1.0,0.0,0.0,2.0,0.0,0.0,1/H,
Wade LeBlanc*,26.0,SDP,NL,0.3,13.0,26.0,22.0,3.0,8.0,0.0,0.0,0.0,1.0,0.0,0.0,1.0,4.0,0.364,0.391,0.364,0.755,117.0,0.347,123.0,8.0,0.0,0.0,3.0,0.0,0.0,1,
Wade Miley*,24.0,ARI,NL,0.0,8.0,16.0,13.0,1.0,1.0,0.0,0.0,0.0,1.0,0.0,0.0,2.0,2.0,0.077,0.2,0.077,0.277,-21.0,0.154,-43.0,1.0,0.0,0.0,1.0,0.0,0.0,/1,
Waldis Joaquín,24.0,SFG,NL,0.0,5.0,0.0,0.0,0.0,0.0,0.0,0.0,0.0,0.0,0.0,0.0,0.0,0.0,,,,,,,,0.0,0.0,0.0,0.0,0.0,0.0,/1,
Wandy Rodríguez#,32.0,HOU,NL,0.1,29.0,67.0,61.0,1.0,11.0,3.0,0.0,0.0,5.0,0.0,0.0,0.0,12.0,0.18,0.18,0.23,0.41,13.0,0.197,-6.0,14.0,0.0,0.0,6.0,0.0,0.0,1,
Welington Castillo,24.0,CHC,NL,-0.1,4.0,13.0,13.0,0.0,2.0,0.0,0.0,0.0,0.0,0.0,0.0,0.0,4.0,0.154,0.154,0.154,0.308,-15.0,0.202,4.0,2.0,1.0,0.0,0.0,0.0,0.0,/2,
Wes Helms,35.0,FLA,NL,-0.6,69.0,124.0,110.0,10.0,21.0,5.0,0.0,0.0,6.0,0.0,0.0,11.0,35.0,0.191,0.276,0.236,0.513,43.0,0.261,47.0,26.0,2.0,2.0,1.0,0.0,1.0,H5/34,
Wesley Wright,26.0,HOU,NL,0.0,21.0,1.0,1.0,0.0,0.0,0.0,0.0,0.0,0.0,0.0,0.0,0.0,1.0,0.0,0.0,0.0,0.0,-100.0,0.0,-136.0,0.0,0.0,0.0,0.0,0.0,0.0,1/9,
Wil Nieves,33.0,MIL,NL,-0.6,20.0,54.0,50.0,2.0,7.0,2.0,0.0,0.0,0.0,0.0,0.0,3.0,12.0,0.14,0.189,0.18,0.369,1.0,0.163,-31.0,9.0,3.0,0.0,1.0,0.0,1.0,2/H,
Wilin Rosario,22.0,COL,NL,-0.3,16.0,57.0,54.0,6.0,11.0,3.0,1.0,3.0,8.0,0.0,0.0,2.0,20.0,0.204,0.228,0.463,0.691,72.0,0.292,56.0,25.0,1.0,0.0,0.0,1.0,0.0,2/H,
Wilkin Ramírez,25.0,ATL,NL,-0.2,20.0,30.0,26.0,5.0,6.0,2.0,0.0,0.0,2.0,0.0,2.0,4.0,11.0,0.231,0.333,0.308,0.641,78.0,0.263,74.0,8.0,0.0,0.0,0.0,0.0,0.0,H/79D,
Will Ohman*,33.0,CHW,AL,0.0,6.0,0.0,0.0,0.0,0.0,0.0,0.0,0.0,0.0,0.0,0.0,0.0,0.0,,,,,,,,0.0,0.0,0.0,0.0,0.0,0.0,1,
Will Rhymes*,28.0,DET,AL,-0.3,29.0,99.0,85.0,13.0,20.0,3.0,0.0,0.0,2.0,1.0,0.0,11.0,12.0,0.235,0.323,0.271,0.594,65.0,0.297,73.0,23.0,2.0,0.0,3.0,0.0,0.0,4/HD,
Will Venable*,28.0,SDP,NL,1.9,121.0,411.0,370.0,49.0,91.0,14.0,7.0,9.0,44.0,26.0,3.0,31.0,92.0,0.246,0.31,0.395,0.704,99.0,0.331,99.0,146.0,2.0,5.0,1.0,4.0,4.0,*9H8/7,
Willie Bloomquist,33.0,ARI,NL,-0.2,97.0,381.0,350.0,44.0,93.0,10.0,2.0,4.0,26.0,20.0,10.0,23.0,51.0,0.266,0.317,0.34,0.657,79.0,0.291,68.0,119.0,3.0,4.0,2.0,2.0,3.0,67H/4,
Willie Harris*,33.0,NYM,NL,-1.1,126.0,283.0,240.0,36.0,59.0,11.0,0.0,2.0,23.0,5.0,4.0,36.0,62.0,0.246,0.351,0.317,0.668,89.0,0.31,91.0,76.0,6.0,4.0,1.0,2.0,3.0,H74/589D,
Wilson Betemit#,29.0,2TM,AL,0.4,97.0,359.0,323.0,40.0,92.0,22.0,4.0,8.0,46.0,4.0,1.0,31.0,105.0,0.285,0.343,0.452,0.795,117.0,0.345,111.0,146.0,7.0,0.0,0.0,5.0,6.0,5H/3D4,
Wilson Betemit#,29.0,KCR,AL,0.0,57.0,226.0,203.0,29.0,57.0,15.0,1.0,3.0,27.0,3.0,1.0,20.0,58.0,0.281,0.341,0.409,0.75,106.0,0.324,97.0,83.0,6.0,0.0,0.0,3.0,6.0,5/H3D4,
Wilson Betemit#,29.0,DET,AL,0.5,40.0,133.0,120.0,11.0,35.0,7.0,3.0,5.0,19.0,1.0,0.0,11.0,47.0,0.292,0.346,0.525,0.871,133.0,0.38,134.0,63.0,1.0,0.0,0.0,2.0,0.0,5/H,
Wilson Ramos,23.0,WSN,NL,2.1,113.0,435.0,389.0,48.0,104.0,22.0,1.0,15.0,52.0,0.0,2.0,38.0,76.0,0.267,0.334,0.445,0.779,113.0,0.344,112.0,173.0,19.0,2.0,4.0,2.0,8.0,*2/HD,ROY-4
Wilson Valdéz,33.0,PHI,NL,-0.6,99.0,300.0,273.0,39.0,68.0,14.0,4.0,1.0,30.0,3.0,3.0,18.0,41.0,0.249,0.294,0.341,0.634,74.0,0.287,68.0,93.0,13.0,0.0,7.0,2.0,3.0,465H/1,
Wilton López,27.0,HOU,NL,0.0,70.0,0.0,0.0,0.0,0.0,0.0,0.0,0.0,0.0,0.0,0.0,0.0,0.0,,,,,,,,0.0,0.0,0.0,0.0,0.0,0.0,1,
Wily Mo Peña,29.0,2TM,2LG,0.0,39.0,120.0,113.0,15.0,23.0,3.0,0.0,7.0,15.0,0.0,0.0,5.0,39.0,0.204,0.25,0.416,0.666,83.0,0.305,88.0,47.0,2.0,2.0,0.0,0.0,0.0,DH/7,
Wily Mo Peña,29.0,ARI,NL,0.0,17.0,46.0,46.0,7.0,9.0,0.0,0.0,5.0,7.0,0.0,0.0,0.0,19.0,0.196,0.196,0.522,0.717,87.0,0.325,93.0,24.0,1.0,0.0,0.0,0.0,0.0,/DH7,
Wily Mo Peña,29.0,SEA,AL,0.0,22.0,74.0,67.0,8.0,14.0,3.0,0.0,2.0,8.0,0.0,0.0,5.0,20.0,0.209,0.284,0.343,0.627,80.0,0.293,85.0,23.0,1.0,2.0,0.0,0.0,0.0,D/H,
Wyatt Toregas,28.0,PIT,NL,-0.1,3.0,4.0,4.0,0.0,0.0,0.0,0.0,0.0,0.0,0.0,0.0,0.0,1.0,0.0,0.0,0.0,0.0,-100.0,0.0,-137.0,0.0,1.0,0.0,0.0,0.0,0.0,/2H,
Xavier Cedeño*,24.0,HOU,NL,0.0,3.0,0.0,0.0,0.0,0.0,0.0,0.0,0.0,0.0,0.0,0.0,0.0,0.0,,,,,,,,0.0,0.0,0.0,0.0,0.0,0.0,/1,
Xavier Nady,32.0,ARI,NL,-0.3,82.0,223.0,206.0,26.0,51.0,11.0,0.0,4.0,35.0,2.0,0.0,10.0,46.0,0.248,0.287,0.359,0.646,75.0,0.294,69.0,74.0,4.0,3.0,0.0,4.0,1.0,3H7,
Xavier Paul*,26.0,2TM,NL,-0.2,128.0,262.0,243.0,30.0,62.0,6.0,5.0,2.0,20.0,16.0,6.0,13.0,62.0,0.255,0.292,0.346,0.638,79.0,0.304,83.0,84.0,2.0,0.0,5.0,1.0,1.0,9H7/8,
Xavier Paul*,26.0,LAD,NL,-0.2,7.0,11.0,11.0,0.0,3.0,0.0,0.0,0.0,0.0,0.0,0.0,0.0,5.0,0.273,0.273,0.273,0.545,54.0,0.239,37.0,3.0,0.0,0.0,0.0,0.0,0.0,/7H9,
Xavier Paul*,26.0,PIT,NL,0.0,121.0,251.0,232.0,30.0,59.0,6.0,5.0,2.0,20.0,16.0,6.0,13.0,57.0,0.254,0.293,0.349,0.642,80.0,0.307,85.0,81.0,2.0,0.0,5.0,1.0,1.0,9H7/8,
Yadier Molina,28.0,STL,NL,2.9,139.0,518.0,475.0,55.0,145.0,32.0,1.0,14.0,65.0,4.0,5.0,33.0,44.0,0.305,0.349,0.465,0.814,124.0,0.356,124.0,221.0,21.0,1.0,5.0,4.0,4.0,*2/3H,"AS,MVP-21,GG"
Yamaico Navarro,23.0,2TM,AL,0.1,22.0,66.0,60.0,8.0,15.0,3.0,0.0,1.0,9.0,0.0,0.0,5.0,14.0,0.25,0.303,0.35,0.653,77.0,0.303,79.0,21.0,0.0,0.0,0.0,1.0,0.0,5/67H,
Yamaico Navarro,23.0,BOS,AL,0.0,16.0,40.0,37.0,6.0,8.0,2.0,0.0,1.0,3.0,0.0,0.0,3.0,9.0,0.216,0.275,0.351,0.626,68.0,0.279,60.0,13.0,0.0,0.0,0.0,0.0,0.0,5/67H,
Yamaico Navarro,23.0,KCR,AL,0.1,6.0,26.0,23.0,2.0,7.0,1.0,0.0,0.0,6.0,0.0,0.0,2.0,5.0,0.304,0.346,0.348,0.694,93.0,0.338,108.0,8.0,0.0,0.0,0.0,1.0,0.0,/56,
Yhency Brazobán,31.0,ARI,NL,0.0,5.0,0.0,0.0,0.0,0.0,0.0,0.0,0.0,0.0,0.0,0.0,0.0,0.0,,,,,,,,0.0,0.0,0.0,0.0,0.0,0.0,/1,
Yonder Alonso*,24.0,CIN,NL,0.2,47.0,98.0,88.0,9.0,29.0,4.0,0.0,5.0,15.0,0.0,0.0,10.0,21.0,0.33,0.398,0.545,0.943,153.0,0.414,158.0,48.0,2.0,0.0,0.0,0.0,0.0,H7/35,
Yorvit Torrealba,32.0,TEX,AL,-0.1,113.0,419.0,396.0,40.0,108.0,27.0,1.0,7.0,37.0,0.0,2.0,20.0,65.0,0.273,0.306,0.399,0.705,86.0,0.313,82.0,158.0,11.0,0.0,1.0,2.0,0.0,2D/H,
Yoshinori Tateyama,35.0,TEX,AL,0.0,4.0,0.0,0.0,0.0,0.0,0.0,0.0,0.0,0.0,0.0,0.0,0.0,0.0,,,,,,,,0.0,0.0,0.0,0.0,0.0,0.0,1,
Yovani Gallardo,25.0,MIL,NL,0.6,31.0,78.0,68.0,10.0,15.0,4.0,0.0,1.0,4.0,0.0,0.0,3.0,24.0,0.221,0.254,0.324,0.577,56.0,0.257,38.0,22.0,0.0,0.0,7.0,0.0,0.0,1,CYA-7
Yunel Escobar,28.0,TOR,AL,4.8,133.0,590.0,513.0,77.0,149.0,24.0,3.0,11.0,48.0,3.0,3.0,61.0,70.0,0.29,0.369,0.413,0.782,112.0,0.358,119.0,212.0,14.0,6.0,5.0,5.0,1.0,*6/HD,
Yunesky Maya,29.0,WSN,NL,-0.1,10.0,9.0,8.0,0.0,0.0,0.0,0.0,0.0,0.0,0.0,0.0,0.0,5.0,0.0,0.0,0.0,0.0,-100.0,0.0,-175.0,0.0,1.0,0.0,1.0,0.0,0.0,1,
Yuniesky Betancourt,29.0,MIL,NL,-0.1,152.0,584.0,556.0,51.0,140.0,27.0,3.0,13.0,68.0,4.0,4.0,16.0,63.0,0.252,0.271,0.381,0.652,75.0,0.287,67.0,212.0,16.0,2.0,0.0,10.0,3.0,*6/H,
Zach Braddock*,23.0,MIL,NL,0.0,21.0,0.0,0.0,0.0,0.0,0.0,0.0,0.0,0.0,0.0,0.0,0.0,0.0,,,,,,,,0.0,0.0,0.0,0.0,0.0,0.0,1,
Zach Duke*,28.0,ARI,NL,0.5,20.0,23.0,20.0,3.0,6.0,0.0,0.0,2.0,6.0,0.0,0.0,1.0,7.0,0.3,0.333,0.6,0.933,148.0,0.406,159.0,12.0,0.0,0.0,2.0,0.0,0.0,1,
Zach Kroenke,27.0,ARI,NL,0.0,4.0,0.0,0.0,0.0,0.0,0.0,0.0,0.0,0.0,0.0,0.0,0.0,0.0,,,,,,,,0.0,0.0,0.0,0.0,0.0,0.0,/1,
Zach Stewart,24.0,2TM,AL,0.0,2.0,2.0,2.0,0.0,0.0,0.0,0.0,0.0,0.0,0.0,0.0,0.0,2.0,0.0,0.0,0.0,0.0,-100.0,0.0,-139.0,0.0,0.0,0.0,0.0,0.0,0.0,1/DH,
Zach Stewart,24.0,TOR,AL,0.0,1.0,2.0,2.0,0.0,0.0,0.0,0.0,0.0,0.0,0.0,0.0,0.0,2.0,0.0,0.0,0.0,0.0,-100.0,0.0,-139.0,0.0,0.0,0.0,0.0,0.0,0.0,/1,
Zach Stewart,24.0,CHW,AL,0.0,1.0,0.0,0.0,0.0,0.0,0.0,0.0,0.0,0.0,0.0,0.0,0.0,0.0,,,,,,,,0.0,0.0,0.0,0.0,0.0,0.0,1/DH,
Zack Britton*,23.0,BAL,AL,0.4,3.0,8.0,8.0,3.0,5.0,1.0,0.0,1.0,2.0,0.0,0.0,0.0,1.0,0.625,0.625,1.125,1.75,365.0,0.739,397.0,9.0,0.0,0.0,0.0,0.0,0.0,1,
Zack Cozart,25.0,CIN,NL,0.8,11.0,38.0,37.0,6.0,12.0,0.0,0.0,2.0,3.0,0.0,0.0,0.0,6.0,0.324,0.324,0.486,0.811,116.0,0.354,115.0,18.0,2.0,0.0,1.0,0.0,0.0,6/H,
Zack Greinke,27.0,MIL,NL,0.1,27.0,59.0,49.0,6.0,7.0,0.0,0.0,1.0,1.0,1.0,0.0,3.0,9.0,0.143,0.192,0.204,0.396,8.0,0.187,-28.0,10.0,0.0,0.0,7.0,0.0,0.0,1/H,
Álex Cora*,35.0,WSN,NL,-0.1,91.0,172.0,156.0,12.0,35.0,6.0,1.0,0.0,6.0,2.0,0.0,12.0,23.0,0.224,0.287,0.276,0.562,56.0,0.262,47.0,43.0,4.0,2.0,1.0,1.0,0.0,H56/34,
Álex González,34.0,ATL,NL,1.4,149.0,593.0,564.0,59.0,136.0,27.0,1.0,15.0,56.0,2.0,0.0,22.0,126.0,0.241,0.27,0.372,0.642,74.0,0.296,73.0,210.0,19.0,1.0,4.0,2.0,1.0,*6/H,
Álex Rodríguez,35.0,NYY,AL,4.0,99.0,428.0,373.0,67.0,103.0,21.0,0.0,16.0,62.0,4.0,1.0,47.0,80.0,0.276,0.362,0.461,0.823,119.0,0.365,120.0,172.0,13.0,5.0,0.0,3.0,1.0,5D/H,AS
Álex Ríos,30.0,CHW,AL,-1.9,145.0,570.0,537.0,64.0,122.0,22.0,2.0,13.0,44.0,11.0,6.0,27.0,68.0,0.227,0.265,0.348,0.613,63.0,0.272,53.0,187.0,20.0,2.0,0.0,4.0,4.0,*8/HD,
Ángel Pagán#,29.0,NYM,NL,1.0,123.0,532.0,478.0,68.0,125.0,24.0,4.0,7.0,56.0,32.0,7.0,44.0,62.0,0.262,0.322,0.372,0.694,94.0,0.327,96.0,178.0,4.0,1.0,4.0,5.0,4.0,*8/H,
Édgar González,28.0,COL,NL,0.0,1.0,0.0,0.0,0.0,0.0,0.0,0.0,0.0,0.0,0.0,0.0,0.0,0.0,,,,,,,,0.0,0.0,0.0,0.0,0.0,0.0,/1,
Édgar Rentería,34.0,CIN,NL,0.8,96.0,333.0,299.0,34.0,75.0,14.0,0.0,5.0,36.0,4.0,2.0,24.0,65.0,0.251,0.306,0.348,0.654,77.0,0.31,81.0,104.0,7.0,1.0,6.0,3.0,0.0,6H/4,
Érik Bédard*,32.0,SEA,AL,0.0,2.0,5.0,5.0,0.0,1.0,0.0,0.0,0.0,0.0,0.0,0.0,0.0,1.0,0.2,0.2,0.2,0.4,16.0,0.162,-9.0,1.0,0.0,0.0,0.0,0.0,0.0,1,
