Player,Age,Team,Lg,WAR,G,PA,AB,R,H,2B,3B,HR,RBI,SB,CS,BB,SO,BA,OBP,SLG,OPS,OPS+,rOBA,Rbat+,TB,GIDP,HBP,SH,SF,IBB,Pos,Awards
Al Newman#,30.0,MIN,AL,1.5,144.0,433.0,388.0,43.0,94.0,14.0,0.0,0.0,30.0,13.0,6.0,33.0,34.0,0.242,0.304,0.278,0.582,61.0,0.284,57.0,108.0,7.0,2.0,8.0,2.0,0.0,465H/7,
Al Osuna,24.0,HOU,NL,0.0,12.0,0.0,0.0,0.0,0.0,0.0,0.0,0.0,0.0,0.0,0.0,0.0,0.0,,,,,,,,0.0,0.0,0.0,0.0,0.0,0.0,1,
Alan Trammell,32.0,DET,AL,6.7,146.0,637.0,559.0,71.0,170.0,37.0,1.0,14.0,89.0,12.0,10.0,68.0,55.0,0.304,0.377,0.449,0.826,130.0,0.377,132.0,251.0,11.0,1.0,3.0,6.0,7.0,*6/DH,"AS,MVP-19,SS"
Albert Belle,23.0,CLE,AL,-0.1,9.0,25.0,23.0,1.0,4.0,0.0,0.0,1.0,3.0,0.0,0.0,1.0,6.0,0.174,0.208,0.304,0.513,43.0,0.311,83.0,7.0,1.0,0.0,1.0,0.0,0.0,/DH7,
Alejandro Peña,31.0,NYM,NL,0.2,52.0,7.0,6.0,2.0,1.0,0.0,0.0,0.0,1.0,0.0,0.0,1.0,3.0,0.167,0.286,0.167,0.452,28.0,0.362,120.0,1.0,0.0,0.0,0.0,0.0,0.0,1,
Alex Cole*,24.0,CLE,AL,1.9,63.0,256.0,227.0,43.0,68.0,5.0,4.0,0.0,13.0,40.0,9.0,28.0,38.0,0.3,0.379,0.357,0.736,109.0,0.381,118.0,81.0,2.0,1.0,0.0,0.0,0.0,8/HD,ROY-9
Alexis Infante,28.0,ATL,NL,-1.0,20.0,32.0,28.0,3.0,1.0,1.0,0.0,0.0,0.0,0.0,0.0,0.0,7.0,0.036,0.069,0.071,0.14,-62.0,0.07,-117.0,2.0,2.0,1.0,3.0,0.0,0.0,4/H56,
Alfredo Griffin#,32.0,LAD,NL,-2.3,141.0,502.0,461.0,38.0,97.0,11.0,3.0,1.0,35.0,6.0,3.0,29.0,65.0,0.21,0.258,0.254,0.512,44.0,0.241,33.0,117.0,5.0,2.0,6.0,4.0,11.0,*6/H,
Alvin Davis*,29.0,SEA,AL,2.9,140.0,592.0,494.0,63.0,140.0,21.0,0.0,17.0,68.0,0.0,2.0,85.0,68.0,0.283,0.387,0.429,0.816,129.0,0.37,127.0,212.0,9.0,4.0,0.0,9.0,10.0,D3/H,
Andre Dawson,35.0,CHC,NL,2.2,147.0,581.0,529.0,72.0,164.0,28.0,5.0,27.0,100.0,16.0,2.0,42.0,65.0,0.31,0.358,0.535,0.893,135.0,0.403,140.0,283.0,12.0,2.0,0.0,8.0,21.0,*9/H,"AS,MVP-19"
Andrés Galarraga,29.0,MON,NL,1.5,155.0,628.0,579.0,65.0,148.0,29.0,0.0,20.0,87.0,10.0,1.0,40.0,169.0,0.256,0.306,0.409,0.715,99.0,0.328,97.0,237.0,14.0,4.0,0.0,5.0,8.0,*3/H,GG
Andrés Santana#,22.0,SFG,NL,-0.1,6.0,2.0,2.0,0.0,0.0,0.0,0.0,0.0,1.0,0.0,0.0,0.0,0.0,0.0,0.0,0.0,0.0,-100.0,0.0,-132.0,0.0,0.0,0.0,0.0,0.0,0.0,/H6,
Andrés Thomas,26.0,ATL,NL,-1.8,84.0,290.0,278.0,26.0,61.0,8.0,0.0,5.0,30.0,2.0,1.0,11.0,43.0,0.219,0.248,0.302,0.55,48.0,0.252,35.0,84.0,10.0,0.0,0.0,1.0,2.0,6H/5,
Andy Benes,22.0,SDP,NL,-0.3,32.0,68.0,60.0,2.0,6.0,1.0,0.0,0.0,2.0,0.0,0.0,2.0,25.0,0.1,0.127,0.117,0.244,-32.0,0.115,-73.0,7.0,1.0,0.0,5.0,1.0,0.0,1,
Andy McGaffigan,33.0,SFG,NL,0.0,4.0,0.0,0.0,0.0,0.0,0.0,0.0,0.0,0.0,0.0,0.0,0.0,0.0,,,,,,,,0.0,0.0,0.0,0.0,0.0,0.0,/1,
Andy Van Slyke*,29.0,PIT,NL,4.3,136.0,569.0,493.0,67.0,140.0,26.0,6.0,17.0,77.0,14.0,4.0,66.0,89.0,0.284,0.367,0.465,0.832,132.0,0.384,139.0,229.0,6.0,1.0,3.0,4.0,2.0,*8/H,"MVP-27,GG"
Andújar Cedeño,20.0,HOU,NL,-0.2,7.0,8.0,8.0,0.0,0.0,0.0,0.0,0.0,0.0,0.0,0.0,0.0,5.0,0.0,0.0,0.0,0.0,-100.0,0.0,-140.0,0.0,0.0,0.0,0.0,0.0,0.0,/H6,
Atlee Hammaker#,32.0,2TM,NL,0.0,34.0,21.0,19.0,2.0,2.0,0.0,0.0,0.0,0.0,0.0,0.0,1.0,6.0,0.105,0.15,0.105,0.255,-27.0,0.126,-56.0,2.0,0.0,0.0,1.0,0.0,0.0,1,
Atlee Hammaker#,32.0,SFG,NL,-0.1,25.0,19.0,17.0,2.0,1.0,0.0,0.0,0.0,0.0,0.0,0.0,1.0,5.0,0.059,0.111,0.059,0.17,-51.0,0.089,-83.0,1.0,0.0,0.0,1.0,0.0,0.0,1,
Atlee Hammaker#,32.0,SDP,NL,0.1,9.0,2.0,2.0,0.0,1.0,0.0,0.0,0.0,0.0,0.0,0.0,0.0,1.0,0.5,0.5,0.5,1.0,176.0,0.452,182.0,1.0,0.0,0.0,0.0,0.0,0.0,/1,
B.J. Surhoff*,25.0,MIL,AL,2.5,135.0,530.0,474.0,55.0,131.0,21.0,4.0,6.0,59.0,18.0,7.0,41.0,37.0,0.276,0.331,0.376,0.706,99.0,0.336,101.0,178.0,8.0,1.0,7.0,7.0,5.0,*25/H,
Barry Bonds*,25.0,PIT,NL,9.7,151.0,621.0,519.0,104.0,156.0,32.0,3.0,33.0,114.0,52.0,13.0,93.0,83.0,0.301,0.406,0.565,0.97,170.0,0.435,171.0,293.0,8.0,3.0,0.0,6.0,15.0,*7/H8,"AS,MVP-1,GG,SS"
Barry Larkin,26.0,CIN,NL,5.7,158.0,681.0,614.0,85.0,185.0,25.0,6.0,7.0,67.0,30.0,5.0,49.0,49.0,0.301,0.358,0.396,0.753,104.0,0.358,107.0,243.0,14.0,7.0,7.0,4.0,3.0,*6/H,"AS,MVP-7,SS"
Barry Lyons,30.0,2TM,NL,-0.3,27.0,88.0,85.0,9.0,20.0,0.0,0.0,3.0,9.0,0.0,0.0,2.0,10.0,0.235,0.261,0.341,0.603,65.0,0.292,70.0,29.0,2.0,1.0,0.0,0.0,0.0,2/H,
Barry Lyons,30.0,NYM,NL,-0.4,24.0,83.0,80.0,8.0,19.0,0.0,0.0,2.0,7.0,0.0,0.0,2.0,9.0,0.238,0.265,0.313,0.578,59.0,0.284,64.0,25.0,2.0,1.0,0.0,0.0,0.0,2/H,
Barry Lyons,30.0,LAD,NL,0.1,3.0,5.0,5.0,1.0,1.0,0.0,0.0,1.0,2.0,0.0,0.0,0.0,1.0,0.2,0.2,0.8,1.0,166.0,0.423,169.0,4.0,0.0,0.0,0.0,0.0,0.0,/2H,
Beau Allred*,25.0,CLE,AL,-0.1,4.0,18.0,16.0,2.0,3.0,1.0,0.0,1.0,2.0,0.0,0.0,2.0,3.0,0.188,0.278,0.438,0.715,99.0,0.321,91.0,7.0,0.0,0.0,0.0,0.0,0.0,/89,
Benito Santiago,25.0,SDP,NL,2.1,100.0,382.0,344.0,42.0,93.0,8.0,5.0,11.0,53.0,5.0,5.0,27.0,55.0,0.27,0.323,0.419,0.741,102.0,0.329,98.0,144.0,4.0,3.0,1.0,7.0,2.0,2/H,"AS,MVP-23,GG,SS"
Bernard Gilkey,23.0,STL,NL,0.7,18.0,72.0,64.0,11.0,19.0,5.0,2.0,1.0,3.0,6.0,1.0,8.0,5.0,0.297,0.375,0.484,0.859,135.0,0.395,134.0,31.0,1.0,0.0,0.0,0.0,0.0,7/8,
Bill Bathe,29.0,SFG,NL,0.2,52.0,56.0,48.0,3.0,11.0,0.0,1.0,3.0,12.0,0.0,0.0,7.0,12.0,0.229,0.321,0.458,0.78,116.0,0.33,102.0,22.0,2.0,0.0,0.0,1.0,2.0,H/2,
Bill Buckner*,40.0,BOS,AL,-0.7,22.0,48.0,43.0,4.0,8.0,0.0,0.0,1.0,3.0,0.0,0.0,3.0,2.0,0.186,0.234,0.256,0.49,35.0,0.206,-2.0,11.0,1.0,0.0,1.0,1.0,2.0,3H,
Bill Doran#,32.0,2TM,NL,3.4,126.0,488.0,403.0,59.0,121.0,29.0,2.0,7.0,37.0,23.0,9.0,79.0,58.0,0.3,0.411,0.434,0.845,135.0,0.397,146.0,175.0,3.0,0.0,1.0,5.0,2.0,*4H/5,
Bill Doran#,32.0,HOU,NL,2.7,109.0,421.0,344.0,49.0,99.0,21.0,2.0,6.0,32.0,18.0,9.0,71.0,53.0,0.288,0.405,0.413,0.818,129.0,0.387,142.0,142.0,2.0,0.0,1.0,5.0,1.0,4H,
Bill Doran#,32.0,CIN,NL,0.7,17.0,67.0,59.0,10.0,22.0,8.0,0.0,1.0,5.0,5.0,0.0,8.0,5.0,0.373,0.448,0.559,1.007,171.0,0.461,174.0,33.0,1.0,0.0,0.0,0.0,1.0,4/5H,
Bill Gullickson,31.0,HOU,NL,0.1,32.0,69.0,57.0,2.0,9.0,0.0,0.0,1.0,5.0,0.0,0.0,4.0,14.0,0.158,0.21,0.211,0.42,18.0,0.196,-8.0,12.0,2.0,0.0,7.0,1.0,0.0,1,
Bill Haselman,24.0,TEX,AL,-0.2,7.0,14.0,13.0,0.0,2.0,0.0,0.0,0.0,3.0,0.0,0.0,1.0,5.0,0.154,0.214,0.154,0.368,5.0,0.182,-8.0,2.0,0.0,0.0,0.0,0.0,0.0,/DH2,
Bill Landrum,32.0,PIT,NL,0.0,54.0,9.0,9.0,2.0,1.0,1.0,0.0,0.0,0.0,0.0,0.0,0.0,5.0,0.111,0.111,0.222,0.333,-9.0,0.143,-34.0,2.0,0.0,0.0,0.0,0.0,0.0,1,
Bill Long,30.0,CHC,NL,0.0,42.0,6.0,5.0,0.0,0.0,0.0,0.0,0.0,0.0,0.0,0.0,1.0,4.0,0.0,0.167,0.0,0.167,-51.0,0.118,-63.0,0.0,0.0,0.0,0.0,0.0,0.0,1,
Bill Pecota,30.0,KCR,AL,2.6,87.0,280.0,240.0,43.0,58.0,15.0,2.0,5.0,20.0,8.0,5.0,33.0,39.0,0.242,0.336,0.383,0.719,103.0,0.353,117.0,92.0,5.0,1.0,6.0,0.0,0.0,46H5/379D,
Bill Sampen,27.0,MON,NL,0.0,59.0,10.0,8.0,0.0,0.0,0.0,0.0,0.0,0.0,0.0,0.0,0.0,4.0,0.0,0.0,0.0,0.0,-100.0,0.115,-94.0,0.0,0.0,0.0,2.0,0.0,0.0,1,
Bill Schroeder,31.0,CAL,AL,0.2,18.0,59.0,58.0,7.0,13.0,3.0,0.0,4.0,9.0,0.0,0.0,1.0,10.0,0.224,0.237,0.483,0.72,100.0,0.315,89.0,28.0,3.0,0.0,0.0,0.0,0.0,2/3,
Bill Spiers*,24.0,MIL,AL,0.7,112.0,389.0,363.0,44.0,88.0,15.0,3.0,2.0,36.0,11.0,6.0,16.0,45.0,0.242,0.274,0.317,0.591,66.0,0.279,61.0,115.0,12.0,1.0,6.0,3.0,0.0,*6/H,
Billy Bates*,26.0,2TM,2LG,-0.2,22.0,40.0,34.0,8.0,3.0,1.0,0.0,0.0,2.0,6.0,1.0,4.0,9.0,0.088,0.179,0.118,0.297,-15.0,0.205,-14.0,4.0,0.0,0.0,1.0,1.0,0.0,4/H,
Billy Bates*,26.0,MIL,AL,0.0,14.0,35.0,29.0,6.0,3.0,1.0,0.0,0.0,2.0,4.0,0.0,4.0,7.0,0.103,0.206,0.138,0.344,-1.0,0.235,5.0,4.0,0.0,0.0,1.0,1.0,0.0,4/H,
Billy Bates*,26.0,CIN,NL,-0.2,8.0,5.0,5.0,2.0,0.0,0.0,0.0,0.0,0.0,2.0,1.0,0.0,2.0,0.0,0.0,0.0,0.0,-100.0,0.003,-144.0,0.0,0.0,0.0,0.0,0.0,0.0,/H4,
Billy Hatcher,29.0,CIN,NL,2.1,139.0,545.0,504.0,68.0,139.0,28.0,5.0,5.0,25.0,30.0,10.0,33.0,42.0,0.276,0.327,0.381,0.708,91.0,0.34,96.0,192.0,4.0,6.0,1.0,1.0,5.0,*78H,
Billy Jo Robidoux*,26.0,BOS,AL,-0.4,27.0,52.0,44.0,3.0,8.0,4.0,0.0,1.0,4.0,0.0,0.0,6.0,14.0,0.182,0.288,0.341,0.629,73.0,0.301,71.0,15.0,2.0,1.0,0.0,1.0,1.0,H3/D,
Billy Ripken,25.0,BAL,AL,4.1,129.0,456.0,406.0,48.0,118.0,28.0,1.0,3.0,38.0,5.0,2.0,28.0,43.0,0.291,0.342,0.387,0.728,107.0,0.36,121.0,157.0,7.0,4.0,17.0,1.0,2.0,*4/H,
Bip Roberts#,26.0,SDP,NL,5.8,149.0,629.0,556.0,104.0,172.0,36.0,3.0,9.0,44.0,46.0,12.0,55.0,65.0,0.309,0.375,0.433,0.809,122.0,0.393,136.0,241.0,8.0,6.0,8.0,4.0,1.0,756/4H,
Bo Jackson,27.0,KCR,AL,3.5,111.0,456.0,405.0,74.0,110.0,16.0,1.0,28.0,78.0,15.0,9.0,44.0,128.0,0.272,0.342,0.523,0.866,142.0,0.396,147.0,212.0,10.0,2.0,0.0,5.0,2.0,87D/H,
Bob Boone,42.0,KCR,AL,0.0,40.0,136.0,117.0,11.0,28.0,3.0,0.0,0.0,9.0,1.0,1.0,17.0,12.0,0.239,0.336,0.265,0.601,72.0,0.303,81.0,31.0,2.0,0.0,2.0,0.0,0.0,2,
Bob Geren,28.0,NYY,AL,0.4,110.0,303.0,277.0,21.0,59.0,7.0,0.0,8.0,31.0,0.0,0.0,13.0,73.0,0.213,0.259,0.325,0.584,63.0,0.285,64.0,90.0,7.0,5.0,6.0,2.0,1.0,2/HD,
Bob Kipper,25.0,PIT,NL,0.0,41.0,7.0,7.0,0.0,1.0,0.0,0.0,0.0,0.0,0.0,0.0,0.0,2.0,0.143,0.143,0.143,0.286,-19.0,0.129,-45.0,1.0,0.0,0.0,0.0,0.0,0.0,1,
Bob Knepper*,36.0,SFG,NL,0.1,12.0,13.0,13.0,1.0,3.0,1.0,0.0,0.0,4.0,0.0,0.0,0.0,7.0,0.231,0.231,0.308,0.538,50.0,0.238,34.0,4.0,0.0,0.0,0.0,0.0,0.0,1,
Bob Malloy,25.0,MON,NL,0.0,1.0,0.0,0.0,0.0,0.0,0.0,0.0,0.0,0.0,0.0,0.0,0.0,0.0,,,,,,,,0.0,0.0,0.0,0.0,0.0,0.0,/1,
Bob Melvin,28.0,BAL,AL,0.6,93.0,318.0,301.0,30.0,73.0,14.0,1.0,5.0,37.0,0.0,1.0,11.0,53.0,0.243,0.267,0.346,0.612,73.0,0.276,62.0,104.0,8.0,0.0,3.0,3.0,1.0,2HD/3,
Bob Ojeda*,32.0,NYM,NL,0.0,38.0,31.0,30.0,2.0,4.0,1.0,0.0,0.0,0.0,0.0,0.0,0.0,11.0,0.133,0.133,0.167,0.3,-18.0,0.164,-28.0,5.0,0.0,0.0,1.0,0.0,0.0,1,
Bob Patterson,31.0,PIT,NL,-0.2,55.0,20.0,19.0,0.0,1.0,0.0,0.0,0.0,0.0,0.0,0.0,0.0,6.0,0.053,0.053,0.053,0.105,-70.0,0.048,-115.0,1.0,0.0,0.0,1.0,0.0,0.0,1,
Bob Tewksbury,29.0,STL,NL,0.3,28.0,54.0,41.0,2.0,7.0,1.0,0.0,0.0,2.0,0.0,0.0,4.0,18.0,0.171,0.244,0.195,0.44,23.0,0.232,11.0,8.0,1.0,0.0,9.0,0.0,0.0,1,
Bob Walk,33.0,PIT,NL,0.2,26.0,49.0,37.0,3.0,6.0,1.0,0.0,0.0,4.0,0.0,0.0,1.0,13.0,0.162,0.205,0.189,0.394,12.0,0.21,-8.0,7.0,1.0,1.0,10.0,0.0,0.0,1,
Bobby Bonilla#,27.0,PIT,NL,4.0,160.0,686.0,625.0,112.0,175.0,39.0,7.0,32.0,120.0,4.0,3.0,45.0,103.0,0.28,0.322,0.518,0.841,132.0,0.37,131.0,324.0,11.0,1.0,0.0,15.0,9.0,*95/3H,"AS,MVP-2,SS"
Bobby Rose,23.0,CAL,AL,0.4,7.0,16.0,13.0,5.0,5.0,0.0,0.0,1.0,2.0,0.0,0.0,2.0,1.0,0.385,0.467,0.615,1.082,205.0,0.481,215.0,8.0,0.0,0.0,1.0,0.0,0.0,/45H,
Bobby Witt,26.0,TEX,AL,0.0,3.0,0.0,0.0,1.0,0.0,0.0,0.0,0.0,0.0,0.0,0.0,0.0,0.0,,,,,,,,0.0,0.0,0.0,0.0,0.0,0.0,1/H,
Brad Arnsberg,26.0,TEX,AL,0.0,2.0,0.0,0.0,0.0,0.0,0.0,0.0,0.0,0.0,0.0,0.0,0.0,0.0,,,,,,,,0.0,0.0,0.0,0.0,0.0,0.0,1,
Brad Komminsk,29.0,2TM,2LG,0.7,54.0,125.0,106.0,20.0,25.0,4.0,0.0,3.0,8.0,1.0,1.0,15.0,31.0,0.236,0.341,0.358,0.7,99.0,0.345,113.0,38.0,2.0,2.0,2.0,0.0,1.0,9H8/7D,
Brad Komminsk,29.0,SFG,NL,0.1,8.0,6.0,5.0,2.0,1.0,0.0,0.0,0.0,0.0,0.0,0.0,1.0,2.0,0.2,0.333,0.2,0.533,54.0,0.268,57.0,1.0,0.0,0.0,0.0,0.0,0.0,/978H,
Brad Komminsk,29.0,BAL,AL,0.6,46.0,119.0,101.0,18.0,24.0,4.0,0.0,3.0,8.0,1.0,1.0,14.0,29.0,0.238,0.342,0.366,0.708,101.0,0.349,115.0,37.0,2.0,2.0,2.0,0.0,1.0,9H8/7D,
Brad Moore,26.0,PHI,NL,0.0,3.0,0.0,0.0,0.0,0.0,0.0,0.0,0.0,0.0,0.0,0.0,0.0,0.0,,,,,,,,0.0,0.0,0.0,0.0,0.0,0.0,/1,
Brady Anderson*,26.0,BAL,AL,0.4,89.0,279.0,234.0,24.0,54.0,5.0,2.0,3.0,24.0,15.0,2.0,31.0,46.0,0.231,0.327,0.308,0.635,82.0,0.318,83.0,72.0,4.0,5.0,4.0,5.0,2.0,7H8D/9,
Brent Mayne*,22.0,KCR,AL,-0.2,5.0,16.0,13.0,2.0,3.0,0.0,0.0,0.0,1.0,0.0,1.0,3.0,3.0,0.231,0.375,0.231,0.606,76.0,0.274,82.0,3.0,0.0,0.0,0.0,0.0,0.0,/2H,
Brett Butler*,33.0,SFG,NL,5.0,160.0,732.0,622.0,108.0,192.0,20.0,9.0,3.0,44.0,51.0,19.0,90.0,62.0,0.309,0.397,0.384,0.781,121.0,0.376,132.0,239.0,3.0,6.0,7.0,7.0,1.0,*8/H,MVP-24
Brett Gideon,26.0,MON,NL,0.0,1.0,0.0,0.0,0.0,0.0,0.0,0.0,0.0,0.0,0.0,0.0,0.0,0.0,,,,,,,,0.0,0.0,0.0,0.0,0.0,0.0,/1,
Brian Barnes*,23.0,MON,NL,-0.1,4.0,10.0,9.0,0.0,0.0,0.0,0.0,0.0,0.0,0.0,0.0,1.0,7.0,0.0,0.1,0.0,0.1,-69.0,0.071,-87.0,0.0,0.0,0.0,0.0,0.0,0.0,/1,
Brian Dorsett,29.0,NYY,AL,-0.5,14.0,37.0,35.0,2.0,5.0,2.0,0.0,0.0,0.0,0.0,0.0,2.0,4.0,0.143,0.189,0.2,0.389,9.0,0.183,-8.0,7.0,2.0,0.0,0.0,0.0,0.0,/2DH,
Brian Downing,39.0,CAL,AL,2.1,96.0,390.0,330.0,47.0,90.0,18.0,2.0,14.0,51.0,0.0,0.0,50.0,45.0,0.273,0.374,0.467,0.841,138.0,0.385,139.0,154.0,11.0,6.0,0.0,4.0,2.0,D/H,
Brian Fisher,28.0,HOU,NL,0.0,4.0,0.0,0.0,0.0,0.0,0.0,0.0,0.0,0.0,0.0,0.0,0.0,0.0,,,,,,,,0.0,0.0,0.0,0.0,0.0,0.0,/1,
Brian Giles,30.0,SEA,AL,0.9,45.0,110.0,95.0,15.0,22.0,6.0,0.0,4.0,11.0,2.0,1.0,15.0,24.0,0.232,0.336,0.421,0.757,111.0,0.354,114.0,40.0,1.0,0.0,0.0,0.0,0.0,6H/45D,
Brian Harper,30.0,MIN,AL,2.8,134.0,509.0,479.0,61.0,141.0,42.0,3.0,6.0,54.0,3.0,2.0,19.0,27.0,0.294,0.328,0.432,0.76,107.0,0.354,108.0,207.0,20.0,7.0,0.0,4.0,2.0,*2D/5H3,
Brian Holman,25.0,SEA,AL,0.1,1.0,1.0,1.0,0.0,0.0,0.0,0.0,0.0,0.0,0.0,0.0,0.0,0.0,0.0,0.0,0.0,0.0,-100.0,0.936,527.0,0.0,0.0,0.0,0.0,0.0,0.0,1,
Brian McRae#,22.0,KCR,AL,0.8,46.0,182.0,168.0,21.0,48.0,8.0,3.0,2.0,23.0,4.0,3.0,9.0,29.0,0.286,0.318,0.405,0.723,103.0,0.332,102.0,68.0,5.0,0.0,3.0,2.0,0.0,8/H,
Brian Meyer,27.0,HOU,NL,0.0,14.0,1.0,1.0,0.0,0.0,0.0,0.0,0.0,0.0,0.0,0.0,0.0,1.0,0.0,0.0,0.0,0.0,-100.0,0.0,-136.0,0.0,0.0,0.0,0.0,0.0,0.0,1,
Brian Traxler*,22.0,LAD,NL,-0.1,9.0,11.0,11.0,0.0,1.0,1.0,0.0,0.0,0.0,0.0,0.0,0.0,4.0,0.091,0.091,0.182,0.273,-26.0,0.201,6.0,2.0,0.0,0.0,0.0,0.0,0.0,/H3,
Brook Jacoby,30.0,CLE,AL,3.6,155.0,624.0,553.0,77.0,162.0,24.0,4.0,14.0,75.0,1.0,4.0,63.0,58.0,0.293,0.365,0.427,0.792,123.0,0.363,124.0,236.0,20.0,2.0,2.0,4.0,6.0,53/H,AS
Bruce Hurst*,32.0,SDP,NL,-0.3,33.0,78.0,67.0,2.0,6.0,0.0,0.0,0.0,1.0,0.0,0.0,4.0,43.0,0.09,0.141,0.09,0.23,-35.0,0.116,-75.0,6.0,0.0,0.0,7.0,0.0,0.0,1,
Bruce Ruffin#,26.0,PHI,NL,-0.2,32.0,53.0,44.0,3.0,3.0,0.0,0.0,0.0,0.0,0.0,0.0,3.0,9.0,0.068,0.128,0.068,0.196,-44.0,0.122,-72.0,3.0,0.0,0.0,6.0,0.0,0.0,1/H,
Bryn Smith,34.0,STL,NL,0.4,26.0,51.0,39.0,2.0,10.0,1.0,0.0,1.0,7.0,0.0,0.0,1.0,9.0,0.256,0.275,0.359,0.634,74.0,0.284,53.0,14.0,1.0,0.0,11.0,0.0,0.0,1,
Cal Ripken Jr.,29.0,BAL,AL,7.5,161.0,695.0,600.0,78.0,150.0,28.0,4.0,21.0,84.0,3.0,1.0,82.0,66.0,0.25,0.341,0.415,0.756,114.0,0.351,115.0,249.0,12.0,5.0,1.0,7.0,18.0,*6,"AS,MVP-24"
Calvin Schiraldi,28.0,SDP,NL,0.2,42.0,23.0,21.0,2.0,4.0,2.0,0.0,1.0,1.0,0.0,0.0,1.0,6.0,0.19,0.227,0.429,0.656,76.0,0.287,63.0,9.0,0.0,0.0,1.0,0.0,0.0,1,
Candy Maldonado,29.0,CLE,AL,3.4,155.0,651.0,590.0,76.0,161.0,32.0,2.0,22.0,95.0,3.0,5.0,49.0,134.0,0.273,0.33,0.446,0.776,117.0,0.357,119.0,263.0,13.0,5.0,0.0,7.0,4.0,*79D/H,
Carl Nichols,27.0,HOU,NL,-0.3,32.0,61.0,49.0,7.0,10.0,3.0,0.0,0.0,11.0,0.0,0.0,8.0,11.0,0.204,0.317,0.265,0.582,65.0,0.269,54.0,13.0,1.0,1.0,1.0,2.0,1.0,H2/37,
Carlos Baerga#,21.0,CLE,AL,0.9,108.0,338.0,312.0,46.0,81.0,17.0,2.0,7.0,47.0,0.0,2.0,16.0,57.0,0.26,0.3,0.394,0.694,94.0,0.317,91.0,123.0,4.0,4.0,1.0,5.0,2.0,56H/4,
Carlos Diaz,25.0,TOR,AL,0.0,9.0,4.0,3.0,1.0,1.0,0.0,0.0,0.0,0.0,0.0,0.0,0.0,2.0,0.333,0.333,0.333,0.667,83.0,0.305,64.0,1.0,0.0,0.0,1.0,0.0,0.0,/2,
Carlos García,22.0,PIT,NL,0.1,4.0,4.0,4.0,1.0,2.0,0.0,0.0,0.0,0.0,0.0,0.0,0.0,2.0,0.5,0.5,0.5,1.0,182.0,0.452,191.0,2.0,0.0,0.0,0.0,0.0,0.0,/6H,
Carlos Hernández,23.0,LAD,NL,0.2,10.0,20.0,20.0,2.0,4.0,1.0,0.0,0.0,1.0,0.0,0.0,0.0,2.0,0.2,0.2,0.25,0.45,25.0,0.246,39.0,5.0,0.0,0.0,0.0,0.0,0.0,2,
Carlos Martínez,24.0,CHW,AL,-1.3,92.0,283.0,272.0,18.0,61.0,6.0,5.0,4.0,24.0,0.0,4.0,10.0,40.0,0.224,0.252,0.327,0.579,63.0,0.258,52.0,89.0,8.0,0.0,1.0,0.0,2.0,3H/D7,
Carlos Quintana,24.0,BOS,AL,2.0,149.0,572.0,512.0,56.0,147.0,28.0,0.0,7.0,67.0,1.0,2.0,52.0,74.0,0.287,0.354,0.383,0.737,103.0,0.351,109.0,196.0,19.0,2.0,4.0,2.0,0.0,*3H/9,
Carlton Fisk,42.0,CHW,AL,4.9,137.0,521.0,452.0,65.0,129.0,21.0,0.0,18.0,65.0,7.0,2.0,61.0,73.0,0.285,0.378,0.451,0.829,134.0,0.38,134.0,204.0,12.0,7.0,0.0,1.0,8.0,*2DH,MVP-15
Carmelo Castillo,32.0,MIN,AL,-2.0,64.0,142.0,137.0,11.0,30.0,4.0,0.0,0.0,12.0,0.0,1.0,3.0,23.0,0.219,0.239,0.248,0.488,34.0,0.231,22.0,34.0,1.0,1.0,0.0,1.0,1.0,DH9/7,
Carmelo Martínez,29.0,2TM,NL,0.4,83.0,247.0,217.0,26.0,52.0,9.0,0.0,10.0,35.0,2.0,1.0,30.0,42.0,0.24,0.332,0.419,0.751,107.0,0.347,110.0,91.0,3.0,0.0,0.0,0.0,0.0,37H/9,
Carmelo Martínez,29.0,PHI,NL,0.4,71.0,227.0,198.0,23.0,48.0,8.0,0.0,8.0,31.0,2.0,1.0,29.0,37.0,0.242,0.339,0.404,0.743,105.0,0.346,109.0,80.0,3.0,0.0,0.0,0.0,0.0,37H/9,
Carmelo Martínez,29.0,PIT,NL,0.0,12.0,20.0,19.0,3.0,4.0,1.0,0.0,2.0,4.0,0.0,0.0,1.0,5.0,0.211,0.25,0.579,0.829,125.0,0.357,120.0,11.0,0.0,0.0,0.0,0.0,0.0,/H37,
Carney Lansford,33.0,OAK,AL,1.0,134.0,564.0,507.0,58.0,136.0,15.0,1.0,3.0,50.0,16.0,14.0,45.0,50.0,0.268,0.333,0.32,0.652,88.0,0.307,89.0,162.0,10.0,6.0,2.0,4.0,4.0,*5/3DH,
Casey Candaele#,29.0,HOU,NL,1.5,130.0,298.0,262.0,30.0,75.0,8.0,6.0,3.0,22.0,7.0,5.0,31.0,42.0,0.286,0.364,0.397,0.761,113.0,0.349,117.0,104.0,4.0,1.0,4.0,0.0,5.0,4H7698/5,
Cecil Espy#,27.0,TEX,AL,-0.5,52.0,82.0,71.0,10.0,9.0,0.0,0.0,0.0,1.0,11.0,5.0,10.0,20.0,0.127,0.235,0.127,0.361,4.0,0.194,-4.0,9.0,1.0,0.0,1.0,0.0,0.0,8H/97D4,
Cecil Fielder,26.0,DET,AL,6.5,159.0,673.0,573.0,104.0,159.0,25.0,1.0,51.0,132.0,0.0,1.0,90.0,182.0,0.277,0.377,0.592,0.969,167.0,0.432,170.0,339.0,15.0,5.0,0.0,5.0,11.0,*3D/H,"AS,MVP-2,SS"
Chad Kreuter#,25.0,TEX,AL,-0.1,22.0,32.0,22.0,2.0,1.0,1.0,0.0,0.0,2.0,0.0,0.0,8.0,9.0,0.045,0.29,0.091,0.381,12.0,0.227,21.0,2.0,0.0,0.0,1.0,1.0,0.0,2/HD,
Charlie Hayes,25.0,PHI,NL,1.2,152.0,597.0,561.0,56.0,145.0,20.0,0.0,10.0,57.0,4.0,4.0,28.0,91.0,0.258,0.293,0.348,0.641,77.0,0.306,82.0,195.0,12.0,2.0,0.0,6.0,3.0,*5/H34,
Charlie Kerfeld,26.0,2TM,NL,0.0,30.0,0.0,0.0,0.0,0.0,0.0,0.0,0.0,0.0,0.0,0.0,0.0,0.0,,,,,,,,0.0,0.0,0.0,0.0,0.0,0.0,1,
Charlie Kerfeld,26.0,HOU,NL,0.0,5.0,0.0,0.0,0.0,0.0,0.0,0.0,0.0,0.0,0.0,0.0,0.0,0.0,,,,,,,,0.0,0.0,0.0,0.0,0.0,0.0,/1,
Charlie Kerfeld,26.0,ATL,NL,0.0,25.0,0.0,0.0,0.0,0.0,0.0,0.0,0.0,0.0,0.0,0.0,0.0,0.0,,,,,,,,0.0,0.0,0.0,0.0,0.0,0.0,1,
Charlie Leibrandt,33.0,ATL,NL,0.1,24.0,58.0,50.0,2.0,9.0,0.0,0.0,0.0,3.0,0.0,0.0,3.0,11.0,0.18,0.226,0.18,0.406,12.0,0.193,-17.0,9.0,0.0,0.0,5.0,0.0,0.0,1,
Charlie O'Brien,30.0,2TM,2LG,0.4,74.0,249.0,213.0,17.0,38.0,10.0,2.0,0.0,20.0,0.0,0.0,21.0,34.0,0.178,0.259,0.244,0.504,42.0,0.269,51.0,52.0,4.0,3.0,10.0,2.0,3.0,2,
Charlie O'Brien,30.0,MIL,AL,0.1,46.0,166.0,145.0,11.0,27.0,7.0,2.0,0.0,11.0,0.0,0.0,11.0,26.0,0.186,0.253,0.262,0.515,46.0,0.269,52.0,38.0,3.0,2.0,8.0,0.0,1.0,2,
Charlie O'Brien,30.0,NYM,NL,0.3,28.0,83.0,68.0,6.0,11.0,3.0,0.0,0.0,9.0,0.0,0.0,10.0,8.0,0.162,0.272,0.206,0.477,34.0,0.268,49.0,14.0,1.0,1.0,2.0,2.0,2.0,2,
Chet Lemon,35.0,DET,AL,2.4,104.0,378.0,322.0,39.0,83.0,16.0,4.0,5.0,32.0,3.0,2.0,48.0,61.0,0.258,0.359,0.379,0.738,107.0,0.343,106.0,122.0,8.0,4.0,2.0,2.0,3.0,9H/D8,
Chili Davis#,30.0,CAL,AL,0.3,113.0,476.0,412.0,58.0,109.0,17.0,1.0,12.0,58.0,1.0,2.0,61.0,89.0,0.265,0.357,0.398,0.755,114.0,0.352,117.0,164.0,14.0,0.0,0.0,3.0,4.0,D7/9H,
Chip Hale*,25.0,MIN,AL,0.0,1.0,4.0,2.0,0.0,0.0,0.0,0.0,0.0,2.0,0.0,0.0,0.0,1.0,0.0,0.0,0.0,0.0,-100.0,0.0,-143.0,0.0,0.0,0.0,0.0,2.0,0.0,/4,
Chris Gwynn*,25.0,LAD,NL,0.0,101.0,151.0,141.0,19.0,40.0,2.0,1.0,5.0,22.0,0.0,1.0,7.0,28.0,0.284,0.311,0.418,0.73,102.0,0.314,91.0,59.0,2.0,0.0,0.0,3.0,2.0,H7/98,
Chris Hammond*,24.0,CIN,NL,-0.1,3.0,3.0,3.0,0.0,0.0,0.0,0.0,0.0,0.0,0.0,0.0,0.0,1.0,0.0,0.0,0.0,0.0,-100.0,0.0,-150.0,0.0,1.0,0.0,0.0,0.0,0.0,/1,
Chris Hoiles,25.0,BAL,AL,-0.2,23.0,68.0,63.0,7.0,12.0,3.0,0.0,1.0,6.0,0.0,0.0,5.0,12.0,0.19,0.25,0.286,0.536,52.0,0.256,46.0,18.0,0.0,0.0,0.0,0.0,1.0,/2D3H,
Chris James,27.0,CLE,AL,2.4,140.0,569.0,528.0,62.0,158.0,32.0,4.0,12.0,70.0,4.0,3.0,31.0,71.0,0.299,0.341,0.443,0.784,119.0,0.364,123.0,234.0,11.0,4.0,3.0,3.0,4.0,*D7/H89,
Chris Jelic,26.0,NYM,NL,0.0,4.0,11.0,11.0,2.0,1.0,0.0,0.0,1.0,1.0,0.0,0.0,0.0,3.0,0.091,0.091,0.364,0.455,19.0,0.36,119.0,4.0,0.0,0.0,0.0,0.0,0.0,/7H,
Chris Nabholz*,23.0,MON,NL,-0.2,11.0,24.0,21.0,1.0,0.0,0.0,0.0,0.0,0.0,0.0,0.0,1.0,9.0,0.0,0.045,0.0,0.045,-86.0,0.074,-101.0,0.0,0.0,0.0,2.0,0.0,0.0,1,
Chris Sabo,28.0,CIN,NL,4.2,148.0,636.0,567.0,95.0,153.0,38.0,2.0,25.0,71.0,25.0,10.0,61.0,58.0,0.27,0.343,0.476,0.819,119.0,0.374,123.0,270.0,8.0,4.0,1.0,3.0,7.0,*5/H,"AS,MVP-13"
Chuck Carr#,22.0,NYM,NL,0.0,4.0,2.0,2.0,0.0,0.0,0.0,0.0,0.0,0.0,1.0,0.0,0.0,2.0,0.0,0.0,0.0,0.0,-100.0,0.13,-136.0,0.0,0.0,0.0,0.0,0.0,0.0,/H7,
Chuck Crim,28.0,MIL,AL,0.0,1.0,0.0,0.0,0.0,0.0,0.0,0.0,0.0,0.0,0.0,0.0,0.0,0.0,,,,,,,,0.0,0.0,0.0,0.0,0.0,0.0,1,
Chuck Malone,24.0,PHI,NL,0.0,7.0,0.0,0.0,0.0,0.0,0.0,0.0,0.0,0.0,0.0,0.0,0.0,0.0,,,,,,,,0.0,0.0,0.0,0.0,0.0,0.0,/1,
Chuck McElroy*,22.0,PHI,NL,0.0,16.0,0.0,0.0,0.0,0.0,0.0,0.0,0.0,0.0,0.0,0.0,0.0,0.0,,,,,,,,0.0,0.0,0.0,0.0,0.0,0.0,1,
Claudell Washington*,35.0,2TM,AL,-0.9,45.0,119.0,114.0,7.0,19.0,2.0,1.0,1.0,9.0,4.0,1.0,4.0,25.0,0.167,0.193,0.228,0.421,18.0,0.225,19.0,26.0,2.0,0.0,0.0,1.0,1.0,7H9/D,
Claudell Washington*,35.0,CAL,AL,-0.3,12.0,36.0,34.0,3.0,6.0,1.0,0.0,1.0,3.0,1.0,0.0,2.0,8.0,0.176,0.222,0.294,0.516,46.0,0.244,33.0,10.0,1.0,0.0,0.0,0.0,0.0,/9H,
Claudell Washington*,35.0,NYY,AL,-0.6,33.0,83.0,80.0,4.0,13.0,1.0,1.0,0.0,6.0,3.0,1.0,2.0,17.0,0.163,0.181,0.2,0.381,7.0,0.216,12.0,16.0,1.0,0.0,0.0,1.0,1.0,7H/9D,
Clay Parker,27.0,DET,AL,0.0,1.0,0.0,0.0,0.0,0.0,0.0,0.0,0.0,0.0,0.0,0.0,0.0,0.0,,,,,,,,0.0,0.0,0.0,0.0,0.0,0.0,1,
Cory Snyder,27.0,CLE,AL,-0.6,123.0,468.0,438.0,46.0,102.0,27.0,3.0,14.0,55.0,1.0,4.0,21.0,118.0,0.233,0.268,0.404,0.672,87.0,0.306,83.0,177.0,11.0,2.0,1.0,6.0,3.0,*9/6H,
Craig Biggio,24.0,HOU,NL,2.9,150.0,621.0,555.0,53.0,153.0,24.0,2.0,4.0,42.0,25.0,11.0,53.0,79.0,0.276,0.342,0.348,0.689,93.0,0.328,97.0,193.0,11.0,3.0,9.0,1.0,1.0,*287/H9,
Craig Grebeck,25.0,CHW,AL,0.5,59.0,135.0,119.0,7.0,20.0,3.0,1.0,1.0,9.0,0.0,0.0,8.0,24.0,0.168,0.227,0.235,0.463,31.0,0.231,27.0,28.0,2.0,2.0,3.0,3.0,0.0,56/H4D,
Craig Lefferts*,32.0,SDP,NL,0.0,56.0,6.0,4.0,1.0,1.0,0.0,0.0,0.0,1.0,0.0,0.0,0.0,2.0,0.25,0.25,0.25,0.5,38.0,0.226,-19.0,1.0,0.0,0.0,2.0,0.0,0.0,1,
Craig Wilson,25.0,STL,NL,-0.5,55.0,131.0,121.0,13.0,30.0,2.0,0.0,0.0,7.0,0.0,2.0,8.0,14.0,0.248,0.29,0.264,0.555,54.0,0.248,43.0,32.0,7.0,0.0,0.0,2.0,0.0,H5/4793,
Craig Worthington,25.0,BAL,AL,0.4,133.0,501.0,425.0,46.0,96.0,17.0,0.0,8.0,44.0,1.0,2.0,63.0,96.0,0.226,0.328,0.322,0.65,86.0,0.315,90.0,137.0,13.0,3.0,7.0,3.0,2.0,*5/D,
Cris Carpenter,25.0,STL,NL,0.0,4.0,1.0,1.0,0.0,0.0,0.0,0.0,0.0,0.0,0.0,0.0,0.0,0.0,0.0,0.0,0.0,0.0,-100.0,0.0,-136.0,0.0,0.0,0.0,0.0,0.0,0.0,/1,
Curt Ford*,29.0,PHI,NL,-0.3,22.0,19.0,18.0,0.0,2.0,0.0,0.0,0.0,0.0,0.0,0.0,1.0,5.0,0.111,0.158,0.111,0.269,-24.0,0.132,-46.0,2.0,1.0,0.0,0.0,0.0,0.0,H/9,
Curt Wilkerson#,29.0,CHC,NL,-1.3,77.0,196.0,186.0,21.0,41.0,5.0,1.0,0.0,16.0,2.0,2.0,7.0,36.0,0.22,0.249,0.258,0.507,36.0,0.229,16.0,48.0,4.0,0.0,3.0,0.0,2.0,5H4/67,
Curt Young,30.0,OAK,AL,0.0,2.0,0.0,0.0,0.0,0.0,0.0,0.0,0.0,0.0,0.0,0.0,0.0,0.0,,,,,,,,0.0,0.0,0.0,0.0,0.0,0.0,1/HD,
Dale Mohorcic,34.0,MON,NL,0.0,34.0,9.0,8.0,0.0,1.0,0.0,0.0,0.0,0.0,0.0,0.0,0.0,1.0,0.125,0.125,0.125,0.25,-30.0,0.113,-77.0,1.0,0.0,0.0,1.0,0.0,0.0,1/H,
Dale Murphy,34.0,2TM,NL,1.0,154.0,629.0,563.0,60.0,138.0,23.0,1.0,24.0,83.0,9.0,3.0,61.0,130.0,0.245,0.318,0.417,0.735,99.0,0.337,99.0,235.0,22.0,1.0,0.0,4.0,14.0,*9/H78,
Dale Murphy,34.0,ATL,NL,1.0,97.0,394.0,349.0,38.0,81.0,14.0,0.0,17.0,55.0,9.0,2.0,41.0,84.0,0.232,0.312,0.418,0.731,96.0,0.344,100.0,146.0,11.0,1.0,0.0,3.0,11.0,9/H,
Dale Murphy,34.0,PHI,NL,0.0,57.0,235.0,214.0,22.0,57.0,9.0,1.0,7.0,28.0,0.0,1.0,20.0,46.0,0.266,0.328,0.416,0.744,105.0,0.326,97.0,89.0,11.0,0.0,0.0,1.0,3.0,9/H78,
Dale Sveum#,26.0,MIL,AL,-1.0,48.0,133.0,117.0,15.0,23.0,7.0,0.0,1.0,12.0,0.0,1.0,12.0,30.0,0.197,0.278,0.282,0.56,58.0,0.267,55.0,33.0,2.0,2.0,0.0,2.0,0.0,54/H36,
Damon Berryhill#,26.0,CHC,NL,-0.5,17.0,59.0,53.0,6.0,10.0,4.0,0.0,1.0,9.0,0.0,0.0,5.0,14.0,0.189,0.254,0.321,0.575,53.0,0.252,32.0,17.0,3.0,0.0,0.0,1.0,1.0,2/H,
Dan Gladden,32.0,MIN,AL,-1.1,136.0,571.0,534.0,64.0,147.0,27.0,6.0,5.0,40.0,25.0,9.0,26.0,67.0,0.275,0.314,0.376,0.69,88.0,0.327,86.0,201.0,17.0,6.0,1.0,4.0,2.0,*7/HD8,
Dan Pasqua*,28.0,CHW,AL,2.4,112.0,369.0,325.0,43.0,89.0,27.0,3.0,13.0,58.0,1.0,1.0,37.0,66.0,0.274,0.347,0.495,0.842,136.0,0.371,129.0,161.0,4.0,2.0,0.0,5.0,7.0,D9H7,
Dan Petry,31.0,DET,AL,0.0,1.0,0.0,0.0,0.0,0.0,0.0,0.0,0.0,0.0,0.0,0.0,0.0,0.0,,,,,,,,0.0,0.0,0.0,0.0,0.0,0.0,1,
Dan Quisenberry,37.0,SFG,NL,0.0,5.0,1.0,1.0,0.0,0.0,0.0,0.0,0.0,0.0,0.0,0.0,0.0,0.0,0.0,0.0,0.0,0.0,-100.0,0.0,-136.0,0.0,0.0,0.0,0.0,0.0,0.0,/1,
Dan Schatzeder*,35.0,2TM,NL,0.1,51.0,4.0,4.0,1.0,1.0,0.0,0.0,0.0,0.0,0.0,0.0,0.0,2.0,0.25,0.25,0.25,0.5,40.0,0.457,193.0,1.0,0.0,0.0,0.0,0.0,0.0,1,
Dan Schatzeder*,35.0,HOU,NL,0.1,45.0,4.0,4.0,1.0,1.0,0.0,0.0,0.0,0.0,0.0,0.0,0.0,2.0,0.25,0.25,0.25,0.5,40.0,0.457,193.0,1.0,0.0,0.0,0.0,0.0,0.0,1,
Dan Schatzeder*,35.0,NYM,NL,0.0,6.0,0.0,0.0,0.0,0.0,0.0,0.0,0.0,0.0,0.0,0.0,0.0,0.0,,,,,,,,0.0,0.0,0.0,0.0,0.0,0.0,/1,
Dann Bilardello,31.0,PIT,NL,-0.2,19.0,43.0,37.0,1.0,2.0,0.0,0.0,0.0,3.0,0.0,0.0,4.0,10.0,0.054,0.146,0.054,0.2,-41.0,0.144,-44.0,2.0,0.0,0.0,2.0,0.0,1.0,2,
Dann Howitt*,26.0,OAK,AL,0.2,14.0,25.0,22.0,3.0,3.0,0.0,1.0,0.0,1.0,0.0,0.0,3.0,12.0,0.136,0.24,0.227,0.467,35.0,0.263,54.0,5.0,0.0,0.0,0.0,0.0,0.0,9/3H5,
Danny Darwin,34.0,HOU,NL,0.0,52.0,43.0,38.0,5.0,5.0,1.0,1.0,0.0,3.0,0.0,0.0,2.0,21.0,0.132,0.175,0.211,0.386,7.0,0.176,-20.0,8.0,0.0,0.0,3.0,0.0,0.0,1/H,
Danny Heep*,32.0,BOS,AL,-0.8,41.0,78.0,69.0,3.0,12.0,1.0,1.0,0.0,8.0,0.0,0.0,7.0,14.0,0.174,0.256,0.217,0.474,32.0,0.229,21.0,15.0,0.0,1.0,0.0,1.0,0.0,H9/D317,
Danny Jackson,28.0,CIN,NL,-0.4,23.0,41.0,37.0,1.0,2.0,0.0,1.0,0.0,0.0,0.0,0.0,0.0,21.0,0.054,0.054,0.108,0.162,-57.0,0.069,-119.0,4.0,1.0,0.0,4.0,0.0,0.0,1,
Danny Tartabull,27.0,KCR,AL,0.9,88.0,352.0,313.0,41.0,84.0,19.0,0.0,15.0,60.0,1.0,1.0,36.0,93.0,0.268,0.341,0.473,0.814,128.0,0.377,132.0,148.0,9.0,0.0,0.0,3.0,0.0,9D/H,
Dante Bichette,26.0,CAL,AL,0.1,109.0,371.0,349.0,40.0,89.0,15.0,1.0,15.0,53.0,5.0,2.0,16.0,79.0,0.255,0.292,0.433,0.725,103.0,0.331,100.0,151.0,9.0,3.0,1.0,2.0,1.0,978H,
Darnell Coles,28.0,2TM,AL,-1.3,89.0,235.0,215.0,22.0,45.0,7.0,1.0,3.0,20.0,0.0,4.0,16.0,38.0,0.209,0.265,0.293,0.558,56.0,0.254,47.0,63.0,4.0,1.0,1.0,2.0,2.0,HD95/37,
Darnell Coles,28.0,SEA,AL,-0.5,37.0,113.0,107.0,9.0,23.0,5.0,1.0,2.0,16.0,0.0,0.0,4.0,17.0,0.215,0.248,0.336,0.584,62.0,0.259,46.0,36.0,1.0,1.0,0.0,1.0,1.0,9H/53D,
Darnell Coles,28.0,DET,AL,-0.9,52.0,122.0,108.0,13.0,22.0,2.0,0.0,1.0,4.0,0.0,4.0,12.0,21.0,0.204,0.281,0.25,0.531,50.0,0.249,49.0,27.0,3.0,0.0,1.0,1.0,1.0,DH/957,
Darrel Akerfelds,28.0,PHI,NL,0.0,71.0,6.0,6.0,0.0,1.0,0.0,0.0,0.0,0.0,0.0,0.0,0.0,3.0,0.167,0.167,0.167,0.333,-7.0,0.151,-31.0,1.0,0.0,0.0,0.0,0.0,0.0,1,
Darren Daulton*,28.0,PHI,NL,4.0,143.0,540.0,459.0,62.0,123.0,30.0,1.0,12.0,57.0,7.0,1.0,72.0,72.0,0.268,0.367,0.416,0.783,117.0,0.354,114.0,191.0,6.0,2.0,3.0,4.0,9.0,*2H,
Darren Holmes,24.0,LAD,NL,0.0,14.0,0.0,0.0,0.0,0.0,0.0,0.0,0.0,0.0,0.0,0.0,0.0,0.0,,,,,,,,0.0,0.0,0.0,0.0,0.0,0.0,1,
Darren Lewis,22.0,OAK,AL,0.4,25.0,46.0,35.0,4.0,8.0,0.0,0.0,0.0,1.0,2.0,0.0,7.0,4.0,0.229,0.372,0.229,0.601,76.0,0.317,83.0,8.0,2.0,1.0,3.0,0.0,0.0,8/H97D,
Darren Reed,24.0,NYM,NL,0.4,26.0,42.0,39.0,5.0,8.0,4.0,1.0,1.0,2.0,1.0,0.0,3.0,11.0,0.205,0.262,0.436,0.698,89.0,0.312,79.0,17.0,0.0,0.0,0.0,0.0,0.0,H/897,
Darrin Fletcher*,23.0,2TM,NL,-0.4,11.0,24.0,23.0,3.0,3.0,1.0,0.0,0.0,1.0,0.0,0.0,1.0,6.0,0.13,0.167,0.174,0.341,-5.0,0.158,-27.0,4.0,0.0,0.0,0.0,0.0,0.0,/2H,
Darrin Fletcher*,23.0,LAD,NL,0.0,2.0,1.0,1.0,0.0,0.0,0.0,0.0,0.0,0.0,0.0,0.0,0.0,1.0,0.0,0.0,0.0,0.0,-100.0,0.0,-136.0,0.0,0.0,0.0,0.0,0.0,0.0,/2H,
Darrin Fletcher*,23.0,PHI,NL,-0.4,9.0,23.0,22.0,3.0,3.0,1.0,0.0,0.0,1.0,0.0,0.0,1.0,5.0,0.136,0.174,0.182,0.356,-1.0,0.165,-22.0,4.0,0.0,0.0,0.0,0.0,0.0,/2H,
Darrin Jackson,26.0,SDP,NL,0.3,58.0,120.0,113.0,10.0,29.0,3.0,0.0,3.0,9.0,3.0,0.0,5.0,24.0,0.257,0.286,0.363,0.649,77.0,0.309,76.0,41.0,1.0,0.0,1.0,1.0,1.0,8H/97,
Darryl Hamilton*,25.0,MIL,AL,0.6,89.0,168.0,156.0,27.0,46.0,5.0,0.0,1.0,18.0,10.0,3.0,9.0,12.0,0.295,0.333,0.346,0.679,92.0,0.342,102.0,54.0,2.0,0.0,3.0,0.0,0.0,7H9/D8,
Darryl Strawberry*,28.0,NYM,NL,6.3,152.0,621.0,542.0,92.0,150.0,18.0,1.0,37.0,108.0,15.0,8.0,70.0,110.0,0.277,0.361,0.518,0.879,140.0,0.39,142.0,281.0,5.0,4.0,0.0,5.0,15.0,*9/H,"AS,MVP-3,SS"
Daryl Boston*,27.0,2TM,2LG,1.5,120.0,397.0,367.0,65.0,100.0,21.0,2.0,12.0,45.0,19.0,7.0,28.0,50.0,0.272,0.327,0.439,0.766,110.0,0.353,111.0,161.0,7.0,2.0,0.0,0.0,2.0,*8H/D79,
Daryl Boston*,27.0,CHW,AL,-0.1,5.0,1.0,1.0,0.0,0.0,0.0,0.0,0.0,0.0,1.0,0.0,0.0,0.0,0.0,0.0,0.0,0.0,-100.0,0.259,-136.0,0.0,0.0,0.0,0.0,0.0,0.0,/HD9,
Daryl Boston*,27.0,NYM,NL,1.5,115.0,396.0,366.0,65.0,100.0,21.0,2.0,12.0,45.0,18.0,7.0,28.0,50.0,0.273,0.328,0.44,0.768,110.0,0.353,112.0,161.0,7.0,2.0,0.0,0.0,2.0,*8H/7,
Dave Anderson,29.0,SFG,NL,1.3,60.0,104.0,100.0,14.0,35.0,5.0,1.0,1.0,6.0,1.0,2.0,3.0,20.0,0.35,0.369,0.45,0.819,129.0,0.376,140.0,45.0,2.0,0.0,1.0,0.0,0.0,6H4/35,
Dave Bergman*,37.0,DET,AL,0.6,100.0,241.0,205.0,21.0,57.0,10.0,1.0,2.0,26.0,3.0,2.0,33.0,17.0,0.278,0.375,0.366,0.741,108.0,0.359,118.0,75.0,7.0,0.0,1.0,2.0,3.0,DH3/7,
Dave Clark*,27.0,CHC,NL,-0.4,84.0,181.0,171.0,22.0,47.0,4.0,2.0,5.0,20.0,7.0,1.0,8.0,40.0,0.275,0.304,0.409,0.713,89.0,0.331,85.0,70.0,4.0,0.0,0.0,2.0,1.0,H7,
Dave Cochrane#,27.0,SEA,AL,-0.1,15.0,20.0,20.0,0.0,3.0,0.0,0.0,0.0,0.0,0.0,0.0,0.0,8.0,0.15,0.15,0.15,0.3,-15.0,0.137,-40.0,3.0,0.0,0.0,0.0,0.0,0.0,/H6352,
Dave Collins#,37.0,STL,NL,-0.3,99.0,74.0,58.0,12.0,13.0,1.0,0.0,0.0,3.0,7.0,1.0,13.0,10.0,0.224,0.366,0.241,0.608,72.0,0.307,65.0,14.0,1.0,0.0,3.0,0.0,2.0,H3/978,
Dave Gallagher,29.0,2TM,AL,-0.5,68.0,142.0,126.0,12.0,32.0,4.0,1.0,0.0,7.0,1.0,2.0,7.0,12.0,0.254,0.296,0.302,0.598,70.0,0.285,70.0,38.0,3.0,1.0,7.0,1.0,0.0,78H/D9,
Dave Gallagher,29.0,CHW,AL,-0.7,45.0,84.0,75.0,5.0,21.0,3.0,1.0,0.0,5.0,0.0,1.0,3.0,9.0,0.28,0.316,0.347,0.663,88.0,0.297,79.0,26.0,3.0,1.0,5.0,0.0,0.0,87H/D9,
Dave Gallagher,29.0,BAL,AL,0.3,23.0,58.0,51.0,7.0,11.0,1.0,0.0,0.0,2.0,1.0,1.0,4.0,3.0,0.216,0.268,0.235,0.503,44.0,0.267,56.0,12.0,0.0,0.0,2.0,1.0,0.0,7/H8D9,
Dave Hansen*,21.0,LAD,NL,-0.1,5.0,7.0,7.0,0.0,1.0,0.0,0.0,0.0,1.0,0.0,0.0,0.0,3.0,0.143,0.143,0.143,0.286,-20.0,0.129,-47.0,1.0,0.0,0.0,0.0,0.0,0.0,/H5,
Dave Henderson,31.0,OAK,AL,4.9,127.0,494.0,450.0,65.0,122.0,28.0,0.0,20.0,63.0,3.0,1.0,40.0,105.0,0.271,0.331,0.467,0.797,126.0,0.364,126.0,210.0,5.0,1.0,1.0,2.0,1.0,*8/HD97,
Dave Hollins#,24.0,PHI,NL,-0.8,72.0,127.0,114.0,14.0,21.0,0.0,0.0,5.0,15.0,0.0,0.0,10.0,28.0,0.184,0.252,0.316,0.568,56.0,0.248,37.0,36.0,1.0,1.0,0.0,2.0,3.0,H5/3,
Dave Liddell,24.0,NYM,NL,0.1,1.0,1.0,1.0,1.0,1.0,0.0,0.0,0.0,0.0,0.0,0.0,0.0,0.0,1.0,1.0,1.0,2.0,454.0,0.904,509.0,1.0,0.0,0.0,0.0,0.0,0.0,/2H,
Dave Magadan*,27.0,NYM,NL,4.6,144.0,541.0,451.0,74.0,148.0,28.0,6.0,6.0,72.0,2.0,1.0,74.0,55.0,0.328,0.417,0.457,0.874,141.0,0.394,144.0,206.0,11.0,2.0,4.0,10.0,4.0,*3H5,MVP-22
Dave Martinez*,25.0,MON,NL,2.1,118.0,421.0,391.0,60.0,109.0,13.0,5.0,11.0,39.0,13.0,11.0,24.0,48.0,0.279,0.321,0.422,0.743,107.0,0.339,112.0,165.0,8.0,1.0,3.0,2.0,2.0,89H/1,
Dave Parker*,39.0,MIL,AL,1.1,157.0,669.0,610.0,71.0,176.0,30.0,3.0,21.0,92.0,4.0,7.0,41.0,102.0,0.289,0.33,0.451,0.781,118.0,0.348,113.0,275.0,18.0,4.0,0.0,14.0,11.0,*D/3H,"AS,MVP-16,SS"
Dave Pavlas,27.0,CHC,NL,0.0,13.0,2.0,1.0,0.0,0.0,0.0,0.0,0.0,0.0,0.0,0.0,1.0,1.0,0.0,0.5,0.0,0.5,47.0,0.353,105.0,0.0,0.0,0.0,0.0,0.0,0.0,1,
Dave Rohde#,26.0,HOU,NL,-0.4,59.0,117.0,98.0,8.0,18.0,4.0,0.0,0.0,5.0,0.0,0.0,9.0,20.0,0.184,0.283,0.224,0.508,44.0,0.255,42.0,22.0,3.0,5.0,4.0,1.0,2.0,4H/56,
Dave Schmidt,33.0,MON,NL,0.0,34.0,3.0,3.0,0.0,0.0,0.0,0.0,0.0,0.0,0.0,0.0,0.0,0.0,0.0,0.0,0.0,0.0,-100.0,0.0,-141.0,0.0,0.0,0.0,0.0,0.0,0.0,1,
Dave Smith,35.0,HOU,NL,0.0,49.0,3.0,2.0,0.0,0.0,0.0,0.0,0.0,0.0,0.0,0.0,1.0,1.0,0.0,0.333,0.0,0.333,2.0,0.235,31.0,0.0,0.0,0.0,0.0,0.0,0.0,1,AS
Dave Stewart,33.0,OAK,AL,0.0,1.0,0.0,0.0,0.0,0.0,0.0,0.0,0.0,0.0,0.0,0.0,0.0,0.0,,,,,,,,0.0,0.0,0.0,0.0,0.0,0.0,1,"CYA-3,MVP-8"
Dave Valle,29.0,SEA,AL,0.7,107.0,364.0,308.0,37.0,66.0,15.0,0.0,7.0,33.0,1.0,2.0,45.0,48.0,0.214,0.328,0.331,0.659,86.0,0.323,93.0,102.0,11.0,7.0,4.0,0.0,0.0,2/H3,
Dave Walsh*,29.0,LAD,NL,0.0,20.0,0.0,0.0,0.0,0.0,0.0,0.0,0.0,0.0,0.0,0.0,0.0,0.0,,,,,,,,0.0,0.0,0.0,0.0,0.0,0.0,1,
Dave Winfield,38.0,2TM,AL,0.7,132.0,537.0,475.0,70.0,127.0,21.0,2.0,21.0,78.0,0.0,1.0,52.0,81.0,0.267,0.338,0.453,0.79,122.0,0.367,127.0,215.0,17.0,2.0,1.0,7.0,3.0,*97D/H,
Dave Winfield,38.0,NYY,AL,-0.4,20.0,67.0,61.0,7.0,13.0,3.0,0.0,2.0,6.0,0.0,0.0,4.0,13.0,0.213,0.269,0.361,0.629,75.0,0.299,74.0,22.0,2.0,1.0,0.0,1.0,0.0,7/DH,
Dave Winfield,38.0,CAL,AL,1.2,112.0,470.0,414.0,63.0,114.0,18.0,2.0,19.0,72.0,0.0,1.0,48.0,68.0,0.275,0.348,0.466,0.814,129.0,0.377,134.0,193.0,15.0,1.0,1.0,6.0,3.0,9/DH,
David Cone*,27.0,NYM,NL,0.5,32.0,84.0,70.0,7.0,14.0,1.0,0.0,0.0,5.0,0.0,0.0,5.0,12.0,0.2,0.253,0.214,0.468,31.0,0.246,28.0,15.0,2.0,0.0,9.0,0.0,0.0,1/H,
David Justice*,24.0,ATL,NL,2.9,127.0,504.0,439.0,76.0,124.0,23.0,2.0,28.0,78.0,11.0,6.0,64.0,92.0,0.282,0.373,0.535,0.908,143.0,0.401,144.0,235.0,2.0,0.0,0.0,1.0,4.0,39/H7,"MVP-24,ROY-1"
David Segui#,23.0,BAL,AL,-1.0,40.0,136.0,123.0,14.0,30.0,7.0,0.0,2.0,15.0,0.0,0.0,11.0,15.0,0.244,0.311,0.35,0.661,88.0,0.306,82.0,43.0,12.0,1.0,1.0,0.0,2.0,3/D,
Dean Wilkins,23.0,CHC,NL,0.0,7.0,0.0,0.0,0.0,0.0,0.0,0.0,0.0,0.0,0.0,0.0,0.0,0.0,,,,,,,,0.0,0.0,0.0,0.0,0.0,0.0,/1,
Deion Sanders*,22.0,NYY,AL,-0.6,57.0,149.0,133.0,24.0,21.0,2.0,2.0,3.0,9.0,8.0,2.0,13.0,27.0,0.158,0.236,0.271,0.507,42.0,0.264,44.0,36.0,2.0,1.0,1.0,1.0,0.0,7H8/D,
Delino DeShields*,21.0,MON,NL,1.4,129.0,572.0,499.0,69.0,144.0,28.0,6.0,4.0,45.0,42.0,22.0,66.0,96.0,0.289,0.375,0.393,0.768,116.0,0.352,118.0,196.0,10.0,4.0,1.0,2.0,3.0,*4/H,ROY-2
Dennis Cook*,27.0,2TM,NL,0.6,48.0,53.0,49.0,8.0,15.0,1.0,0.0,1.0,4.0,0.0,0.0,0.0,4.0,0.306,0.306,0.388,0.694,91.0,0.309,82.0,19.0,3.0,0.0,4.0,0.0,0.0,1/H,
Dennis Cook*,27.0,PHI,NL,0.5,43.0,46.0,42.0,6.0,13.0,0.0,0.0,1.0,4.0,0.0,0.0,0.0,4.0,0.31,0.31,0.381,0.69,90.0,0.309,81.0,16.0,2.0,0.0,4.0,0.0,0.0,1/H,
Dennis Cook*,27.0,LAD,NL,0.1,5.0,7.0,7.0,2.0,2.0,1.0,0.0,0.0,0.0,0.0,0.0,0.0,0.0,0.286,0.286,0.429,0.714,97.0,0.313,88.0,3.0,1.0,0.0,0.0,0.0,0.0,/1,
Dennis Eckersley,35.0,OAK,AL,0.0,2.0,0.0,0.0,0.0,0.0,0.0,0.0,0.0,0.0,0.0,0.0,0.0,0.0,,,,,,,,0.0,0.0,0.0,0.0,0.0,0.0,1,"AS,CYA-5,MVP-6"
Dennis Martínez,36.0,MON,NL,-0.4,32.0,82.0,68.0,0.0,7.0,1.0,0.0,0.0,6.0,0.0,0.0,1.0,25.0,0.103,0.129,0.118,0.246,-30.0,0.117,-80.0,8.0,3.0,1.0,12.0,0.0,0.0,1,AS
Dennis Rasmussen*,31.0,SDP,NL,0.6,33.0,71.0,62.0,8.0,18.0,2.0,0.0,0.0,8.0,0.0,0.0,2.0,18.0,0.29,0.308,0.323,0.63,74.0,0.284,59.0,20.0,1.0,0.0,6.0,1.0,0.0,1/H,
Denny Walling*,36.0,STL,NL,-1.2,78.0,137.0,127.0,7.0,28.0,5.0,0.0,1.0,19.0,0.0,0.0,8.0,15.0,0.22,0.265,0.283,0.548,51.0,0.251,39.0,36.0,5.0,0.0,1.0,1.0,0.0,H35/97,
Derek Lilliquist*,24.0,2TM,NL,0.5,29.0,46.0,43.0,6.0,11.0,0.0,0.0,2.0,3.0,0.0,0.0,1.0,8.0,0.256,0.273,0.395,0.668,80.0,0.318,81.0,17.0,3.0,0.0,2.0,0.0,0.0,1/H,
Derek Lilliquist*,24.0,ATL,NL,0.4,13.0,23.0,23.0,3.0,8.0,0.0,0.0,2.0,3.0,0.0,0.0,0.0,4.0,0.348,0.348,0.609,0.957,153.0,0.42,157.0,14.0,2.0,0.0,0.0,0.0,0.0,1/H,
Derek Lilliquist*,24.0,SDP,NL,0.0,16.0,23.0,20.0,3.0,3.0,0.0,0.0,0.0,0.0,0.0,0.0,1.0,4.0,0.15,0.19,0.15,0.34,-5.0,0.207,-3.0,3.0,1.0,0.0,2.0,0.0,0.0,1/H,
Derrick May*,21.0,CHC,NL,-0.5,17.0,63.0,61.0,8.0,15.0,3.0,0.0,1.0,11.0,1.0,0.0,2.0,7.0,0.246,0.27,0.344,0.614,63.0,0.279,50.0,21.0,1.0,0.0,0.0,0.0,0.0,7,
Devon White#,27.0,CAL,AL,1.7,125.0,503.0,443.0,57.0,96.0,17.0,3.0,11.0,44.0,21.0,6.0,44.0,116.0,0.217,0.29,0.343,0.633,79.0,0.315,85.0,152.0,6.0,3.0,10.0,3.0,5.0,*8/H,
Dick Schofield,27.0,CAL,AL,2.5,99.0,379.0,310.0,41.0,79.0,8.0,1.0,1.0,18.0,3.0,4.0,52.0,61.0,0.255,0.363,0.297,0.66,90.0,0.329,101.0,92.0,3.0,2.0,13.0,2.0,3.0,6,
Dickie Noles,33.0,PHI,NL,0.0,1.0,0.0,0.0,0.0,0.0,0.0,0.0,0.0,0.0,0.0,0.0,0.0,0.0,,,,,,,,0.0,0.0,0.0,0.0,0.0,0.0,/1,
Dickie Thon,32.0,PHI,NL,1.6,149.0,595.0,552.0,54.0,141.0,20.0,4.0,8.0,48.0,12.0,5.0,37.0,77.0,0.255,0.305,0.35,0.654,81.0,0.305,79.0,193.0,14.0,3.0,1.0,2.0,10.0,*6/H,
Dion James*,27.0,CLE,AL,0.2,87.0,280.0,248.0,28.0,68.0,15.0,2.0,1.0,22.0,5.0,3.0,27.0,23.0,0.274,0.347,0.363,0.709,100.0,0.336,103.0,90.0,6.0,1.0,3.0,1.0,3.0,37HD/8,
Domingo Ramos,32.0,CHC,NL,-1.0,98.0,259.0,226.0,22.0,60.0,5.0,0.0,2.0,17.0,0.0,2.0,27.0,29.0,0.265,0.342,0.314,0.657,77.0,0.31,78.0,71.0,7.0,1.0,2.0,3.0,1.0,56H/4,
Don Aase,35.0,LAD,NL,0.0,32.0,0.0,0.0,0.0,0.0,0.0,0.0,0.0,0.0,0.0,0.0,0.0,0.0,,,,,,,,0.0,0.0,0.0,0.0,0.0,0.0,1,
Don Carman*,30.0,PHI,NL,0.1,59.0,11.0,11.0,0.0,3.0,0.0,0.0,0.0,0.0,0.0,0.0,0.0,4.0,0.273,0.273,0.273,0.545,52.0,0.247,37.0,3.0,0.0,0.0,0.0,0.0,0.0,1,
Don Mattingly*,29.0,NYY,AL,-0.3,102.0,428.0,394.0,40.0,101.0,16.0,0.0,5.0,42.0,1.0,0.0,28.0,20.0,0.256,0.308,0.335,0.643,81.0,0.291,67.0,132.0,13.0,3.0,0.0,3.0,13.0,3D/H7,
Don Robinson,33.0,SFG,NL,-0.1,31.0,66.0,63.0,4.0,9.0,1.0,0.0,2.0,7.0,0.0,0.0,0.0,17.0,0.143,0.143,0.254,0.397,9.0,0.174,-18.0,16.0,2.0,0.0,3.0,0.0,0.0,1/H,SS
Don Slaught,31.0,PIT,NL,2.3,84.0,267.0,230.0,27.0,69.0,18.0,3.0,4.0,29.0,0.0,1.0,27.0,27.0,0.3,0.375,0.457,0.832,132.0,0.372,134.0,105.0,2.0,3.0,3.0,4.0,2.0,2H,
Donell Nixon,28.0,BAL,AL,0.2,8.0,21.0,20.0,1.0,5.0,2.0,0.0,0.0,2.0,5.0,0.0,1.0,7.0,0.25,0.286,0.35,0.636,80.0,0.35,70.0,7.0,0.0,0.0,0.0,0.0,0.0,/7DH,
Donnie Hill#,29.0,CAL,AL,0.2,102.0,392.0,352.0,36.0,93.0,18.0,2.0,3.0,32.0,1.0,2.0,29.0,27.0,0.264,0.319,0.352,0.671,91.0,0.314,90.0,124.0,10.0,1.0,6.0,4.0,1.0,465H/31D,
Doug Bair,40.0,PIT,NL,0.0,22.0,1.0,1.0,0.0,0.0,0.0,0.0,0.0,0.0,0.0,0.0,0.0,1.0,0.0,0.0,0.0,0.0,-100.0,0.0,-136.0,0.0,0.0,0.0,0.0,0.0,0.0,1,
Doug Baker#,29.0,MIN,AL,0.0,3.0,1.0,1.0,0.0,0.0,0.0,0.0,0.0,0.0,0.0,0.0,0.0,0.0,0.0,0.0,0.0,0.0,-100.0,0.0,-145.0,0.0,0.0,0.0,0.0,0.0,0.0,/4H,
Doug Dascenzo#,26.0,CHC,NL,-0.4,113.0,271.0,241.0,27.0,61.0,9.0,5.0,1.0,26.0,15.0,6.0,21.0,18.0,0.253,0.312,0.344,0.656,75.0,0.301,65.0,83.0,3.0,1.0,5.0,3.0,2.0,789H/1,
Doug Drabek,27.0,PIT,NL,0.8,33.0,96.0,84.0,8.0,18.0,2.0,0.0,1.0,6.0,0.0,0.0,4.0,25.0,0.214,0.258,0.274,0.532,50.0,0.256,43.0,23.0,0.0,1.0,7.0,0.0,0.0,1,"CYA-1,MVP-8"
Doug Jennings*,25.0,OAK,AL,-0.2,64.0,180.0,156.0,19.0,30.0,7.0,2.0,2.0,14.0,0.0,3.0,17.0,48.0,0.192,0.275,0.301,0.577,65.0,0.286,76.0,47.0,1.0,2.0,2.0,3.0,0.0,7H9/D3,
Doug Sisk,32.0,ATL,NL,0.0,3.0,0.0,0.0,0.0,0.0,0.0,0.0,0.0,0.0,0.0,0.0,0.0,0.0,,,,,,,,0.0,0.0,0.0,0.0,0.0,0.0,/1,
Drew Hall*,27.0,MON,NL,-0.1,42.0,5.0,4.0,0.0,0.0,0.0,0.0,0.0,1.0,0.0,0.0,0.0,4.0,0.0,0.0,0.0,0.0,-100.0,0.0,-198.0,0.0,0.0,0.0,1.0,0.0,0.0,1,
Dwayne Henry,28.0,ATL,NL,0.0,34.0,0.0,0.0,0.0,0.0,0.0,0.0,0.0,0.0,0.0,0.0,0.0,0.0,,,,,,,,0.0,0.0,0.0,0.0,0.0,0.0,1,
Dwight Evans,38.0,BOS,AL,0.9,123.0,522.0,445.0,66.0,111.0,18.0,3.0,13.0,63.0,3.0,4.0,67.0,73.0,0.249,0.349,0.391,0.74,104.0,0.348,108.0,174.0,18.0,4.0,0.0,6.0,5.0,*D/H,
Dwight Gooden,25.0,NYM,NL,0.7,35.0,94.0,75.0,4.0,14.0,1.0,1.0,1.0,9.0,0.0,0.0,2.0,15.0,0.187,0.225,0.267,0.492,35.0,0.246,25.0,20.0,0.0,2.0,14.0,1.0,0.0,1/H,"CYA-4,MVP-14"
Dwight Smith*,26.0,CHC,NL,-0.7,117.0,322.0,290.0,34.0,76.0,15.0,0.0,6.0,27.0,11.0,6.0,28.0,46.0,0.262,0.329,0.376,0.705,88.0,0.334,93.0,109.0,7.0,2.0,0.0,2.0,2.0,7H9/8,
Ed Romero,32.0,DET,AL,-0.2,32.0,80.0,70.0,8.0,16.0,3.0,0.0,0.0,4.0,0.0,0.0,6.0,4.0,0.229,0.286,0.271,0.557,57.0,0.28,58.0,19.0,0.0,0.0,3.0,1.0,1.0,5/HD,
Ed Vosberg*,28.0,SFG,NL,0.0,18.0,0.0,0.0,0.0,0.0,0.0,0.0,0.0,0.0,0.0,0.0,0.0,0.0,,,,,,,,0.0,0.0,0.0,0.0,0.0,0.0,1,
Ed Whitson,35.0,SDP,NL,0.1,33.0,82.0,67.0,6.0,10.0,1.0,0.0,1.0,4.0,0.0,0.0,2.0,16.0,0.149,0.174,0.209,0.383,5.0,0.188,-27.0,14.0,1.0,0.0,13.0,0.0,0.0,1/H,
Eddie Murray#,34.0,LAD,NL,5.2,155.0,645.0,558.0,96.0,184.0,22.0,3.0,26.0,95.0,8.0,5.0,82.0,64.0,0.33,0.414,0.52,0.934,159.0,0.408,159.0,290.0,19.0,1.0,0.0,4.0,21.0,*3/H,"MVP-5,SS"
Eddie Williams,25.0,SDP,NL,-0.1,14.0,47.0,42.0,5.0,12.0,3.0,0.0,3.0,4.0,0.0,1.0,5.0,6.0,0.286,0.362,0.571,0.933,152.0,0.383,145.0,24.0,1.0,0.0,0.0,0.0,2.0,5/H,
Edgar Díaz,26.0,MIL,AL,0.1,86.0,245.0,218.0,27.0,59.0,2.0,2.0,0.0,14.0,3.0,2.0,21.0,32.0,0.271,0.338,0.298,0.636,81.0,0.315,87.0,65.0,3.0,1.0,5.0,0.0,0.0,64/5HD,
Edgar Martínez,27.0,SEA,AL,5.6,144.0,572.0,487.0,71.0,147.0,27.0,2.0,11.0,49.0,1.0,4.0,74.0,62.0,0.302,0.397,0.433,0.83,133.0,0.381,135.0,211.0,13.0,5.0,1.0,3.0,3.0,*5/DH,
Ellis Burks,25.0,BOS,AL,3.3,152.0,641.0,588.0,89.0,174.0,33.0,8.0,21.0,89.0,9.0,11.0,48.0,82.0,0.296,0.349,0.486,0.835,128.0,0.377,131.0,286.0,18.0,1.0,2.0,2.0,4.0,*8/DH,"AS,MVP-13,GG,SS"
Eric Anthony*,22.0,HOU,NL,-1.6,84.0,277.0,239.0,26.0,46.0,8.0,0.0,10.0,29.0,5.0,0.0,29.0,78.0,0.192,0.279,0.351,0.63,75.0,0.299,74.0,84.0,4.0,2.0,1.0,6.0,3.0,9H7,
Eric Bullock*,30.0,MON,NL,0.0,4.0,2.0,2.0,0.0,1.0,0.0,0.0,0.0,0.0,0.0,0.0,0.0,0.0,0.5,0.5,0.5,1.0,182.0,0.452,186.0,1.0,0.0,0.0,0.0,0.0,0.0,/H,
Eric Davis,28.0,CIN,NL,3.3,127.0,518.0,453.0,84.0,118.0,26.0,2.0,24.0,86.0,21.0,3.0,60.0,100.0,0.26,0.347,0.486,0.833,123.0,0.385,127.0,220.0,7.0,2.0,0.0,3.0,6.0,*87/H,MVP-12
Eric Gunderson,24.0,SFG,NL,-0.1,7.0,6.0,6.0,0.0,0.0,0.0,0.0,0.0,0.0,0.0,0.0,0.0,4.0,0.0,0.0,0.0,0.0,-100.0,0.0,-137.0,0.0,0.0,0.0,0.0,0.0,0.0,/1,
Eric Show,34.0,SDP,NL,0.1,39.0,26.0,25.0,3.0,5.0,1.0,0.0,0.0,2.0,0.0,0.0,0.0,8.0,0.2,0.2,0.24,0.44,20.0,0.196,-5.0,6.0,0.0,0.0,1.0,0.0,0.0,1,
Eric Yelding,25.0,HOU,NL,0.1,142.0,559.0,511.0,69.0,130.0,9.0,5.0,1.0,28.0,64.0,25.0,39.0,87.0,0.254,0.305,0.297,0.602,69.0,0.293,68.0,152.0,11.0,0.0,4.0,5.0,1.0,867H4/95,
Ernie Camacho,35.0,2TM,NL,0.0,14.0,0.0,0.0,0.0,0.0,0.0,0.0,0.0,0.0,0.0,0.0,0.0,0.0,,,,,,,,0.0,0.0,0.0,0.0,0.0,0.0,1,
Ernie Camacho,35.0,SFG,NL,0.0,8.0,0.0,0.0,0.0,0.0,0.0,0.0,0.0,0.0,0.0,0.0,0.0,0.0,,,,,,,,0.0,0.0,0.0,0.0,0.0,0.0,/1,
Ernie Camacho,35.0,STL,NL,0.0,6.0,0.0,0.0,0.0,0.0,0.0,0.0,0.0,0.0,0.0,0.0,0.0,0.0,,,,,,,,0.0,0.0,0.0,0.0,0.0,0.0,/1,
Ernie Riles*,29.0,SFG,NL,0.4,92.0,184.0,155.0,22.0,31.0,2.0,1.0,8.0,21.0,0.0,0.0,26.0,26.0,0.2,0.313,0.381,0.694,94.0,0.315,90.0,59.0,2.0,0.0,2.0,1.0,3.0,H645,
Ernie Whitt*,38.0,ATL,NL,-1.2,67.0,204.0,180.0,14.0,31.0,8.0,0.0,2.0,10.0,0.0,2.0,23.0,27.0,0.172,0.265,0.25,0.515,40.0,0.237,28.0,45.0,6.0,0.0,0.0,1.0,1.0,2H,
Fernando Valenzuela*,29.0,LAD,NL,1.2,35.0,78.0,69.0,8.0,21.0,5.0,0.0,1.0,11.0,0.0,0.0,1.0,12.0,0.304,0.31,0.42,0.73,102.0,0.36,124.0,29.0,0.0,0.0,7.0,1.0,0.0,1/H,
Francisco Cabrera,23.0,ATL,NL,0.3,63.0,143.0,137.0,14.0,38.0,5.0,1.0,7.0,25.0,1.0,0.0,5.0,21.0,0.277,0.301,0.482,0.782,108.0,0.37,120.0,66.0,4.0,0.0,0.0,1.0,0.0,3H/2,
Francisco Oliveras,27.0,SFG,NL,-0.1,33.0,5.0,5.0,0.0,0.0,0.0,0.0,0.0,0.0,0.0,0.0,0.0,4.0,0.0,0.0,0.0,0.0,-100.0,0.0,-137.0,0.0,0.0,0.0,0.0,0.0,0.0,1,
Frank DiPino*,33.0,STL,NL,0.1,62.0,5.0,4.0,0.0,1.0,1.0,0.0,0.0,0.0,0.0,0.0,0.0,2.0,0.25,0.25,0.5,0.75,102.0,0.322,88.0,2.0,0.0,0.0,1.0,0.0,0.0,1,
Frank Thomas,22.0,CHW,AL,2.3,60.0,240.0,191.0,39.0,63.0,11.0,3.0,7.0,31.0,0.0,1.0,44.0,54.0,0.33,0.454,0.529,0.983,177.0,0.438,177.0,101.0,5.0,2.0,0.0,3.0,0.0,3/DH,
Frank Viola*,30.0,NYM,NL,-0.1,35.0,92.0,85.0,4.0,13.0,0.0,0.0,0.0,4.0,0.0,0.0,0.0,20.0,0.153,0.153,0.153,0.306,-15.0,0.149,-46.0,13.0,1.0,0.0,7.0,0.0,0.0,1,"AS,CYA-3"
Frank White,39.0,KCR,AL,-0.1,82.0,257.0,241.0,20.0,52.0,14.0,1.0,2.0,21.0,1.0,0.0,10.0,32.0,0.216,0.253,0.307,0.56,58.0,0.274,58.0,74.0,7.0,3.0,0.0,3.0,0.0,4/H9,
Franklin Stubbs*,29.0,HOU,NL,2.8,146.0,501.0,448.0,59.0,117.0,23.0,2.0,23.0,71.0,19.0,6.0,48.0,114.0,0.261,0.334,0.475,0.809,124.0,0.375,131.0,213.0,4.0,2.0,1.0,2.0,3.0,37H/9,
Fred Lynn*,38.0,SDP,NL,-0.8,90.0,223.0,196.0,18.0,47.0,3.0,1.0,6.0,23.0,2.0,0.0,22.0,44.0,0.24,0.315,0.357,0.672,85.0,0.313,82.0,70.0,1.0,1.0,1.0,3.0,2.0,7H/98,
Fred Manrique,28.0,MIN,AL,-0.2,69.0,237.0,228.0,22.0,54.0,10.0,0.0,5.0,29.0,2.0,0.0,4.0,35.0,0.237,0.254,0.346,0.601,63.0,0.28,54.0,79.0,8.0,2.0,1.0,2.0,0.0,4/HD,
Fred McGriff*,26.0,TOR,AL,5.2,153.0,658.0,557.0,91.0,167.0,21.0,1.0,35.0,88.0,5.0,3.0,94.0,108.0,0.3,0.4,0.53,0.93,153.0,0.417,154.0,295.0,7.0,2.0,1.0,4.0,12.0,*3/D,MVP-10
Félix Fermín,26.0,CLE,AL,0.9,148.0,458.0,414.0,47.0,106.0,13.0,2.0,1.0,40.0,3.0,3.0,26.0,22.0,0.256,0.297,0.304,0.601,70.0,0.284,65.0,126.0,13.0,0.0,13.0,5.0,0.0,*6/4,
Félix José#,25.0,2TM,2LG,2.0,126.0,458.0,426.0,54.0,113.0,16.0,1.0,11.0,52.0,12.0,6.0,24.0,81.0,0.265,0.311,0.385,0.696,97.0,0.329,100.0,164.0,9.0,5.0,2.0,1.0,0.0,*978H/D,
Félix José#,25.0,OAK,AL,1.8,101.0,365.0,341.0,42.0,90.0,12.0,0.0,8.0,39.0,8.0,2.0,16.0,65.0,0.264,0.306,0.37,0.675,93.0,0.324,96.0,126.0,8.0,5.0,2.0,1.0,0.0,978H/D,
Félix José#,25.0,STL,NL,0.2,25.0,93.0,85.0,12.0,23.0,4.0,1.0,3.0,13.0,4.0,4.0,8.0,16.0,0.271,0.333,0.447,0.78,113.0,0.347,117.0,38.0,1.0,0.0,0.0,0.0,0.0,9/8H7,
Garry Templeton#,34.0,SDP,NL,-0.2,144.0,541.0,505.0,45.0,125.0,25.0,3.0,9.0,59.0,1.0,4.0,24.0,59.0,0.248,0.28,0.362,0.642,75.0,0.283,63.0,183.0,17.0,0.0,8.0,4.0,7.0,*6H,
Gary Carter,36.0,SFG,NL,1.8,92.0,272.0,244.0,24.0,62.0,10.0,0.0,9.0,27.0,1.0,1.0,25.0,31.0,0.254,0.324,0.406,0.729,104.0,0.347,114.0,99.0,2.0,1.0,0.0,2.0,3.0,2H/3,
Gary Disarcina,22.0,CAL,AL,-0.4,18.0,61.0,57.0,8.0,8.0,1.0,1.0,0.0,0.0,1.0,0.0,3.0,10.0,0.14,0.183,0.193,0.376,7.0,0.212,11.0,11.0,3.0,0.0,1.0,0.0,0.0,6/4H,
Gary Gaetti,31.0,MIN,AL,2.6,154.0,625.0,577.0,61.0,132.0,27.0,5.0,16.0,85.0,6.0,1.0,36.0,101.0,0.229,0.274,0.376,0.65,76.0,0.316,79.0,217.0,22.0,3.0,1.0,8.0,1.0,*5/H36,
Gary Green,28.0,TEX,AL,-0.2,62.0,99.0,88.0,10.0,19.0,3.0,0.0,0.0,8.0,1.0,1.0,6.0,18.0,0.216,0.263,0.25,0.513,45.0,0.248,37.0,22.0,2.0,0.0,4.0,1.0,0.0,6/H,
Gary Pettis#,32.0,TEX,AL,1.8,136.0,498.0,423.0,66.0,101.0,16.0,8.0,3.0,31.0,38.0,15.0,57.0,118.0,0.239,0.333,0.336,0.668,88.0,0.322,88.0,142.0,6.0,4.0,11.0,3.0,0.0,*8H/D,GG
Gary Redus,33.0,PIT,NL,1.4,96.0,268.0,227.0,32.0,56.0,15.0,3.0,6.0,23.0,11.0,5.0,33.0,38.0,0.247,0.341,0.419,0.759,112.0,0.344,111.0,95.0,1.0,2.0,1.0,5.0,0.0,3H/798,
Gary Sheffield,21.0,MIL,AL,3.1,125.0,547.0,487.0,67.0,143.0,30.0,1.0,10.0,67.0,25.0,10.0,44.0,41.0,0.294,0.35,0.421,0.771,116.0,0.362,119.0,205.0,11.0,3.0,4.0,9.0,1.0,*5,
Gary Thurman,25.0,KCR,AL,-0.7,23.0,63.0,60.0,5.0,14.0,3.0,0.0,0.0,3.0,1.0,1.0,2.0,12.0,0.233,0.258,0.283,0.541,53.0,0.244,40.0,17.0,2.0,0.0,1.0,0.0,0.0,9/7H8,
Gary Varsho*,29.0,CHC,NL,-0.1,46.0,49.0,48.0,10.0,12.0,4.0,0.0,0.0,1.0,2.0,0.0,1.0,6.0,0.25,0.265,0.333,0.599,59.0,0.269,36.0,16.0,1.0,0.0,0.0,0.0,1.0,H/79,
Gary Ward,36.0,DET,AL,-0.6,106.0,344.0,309.0,32.0,79.0,11.0,2.0,9.0,46.0,2.0,0.0,30.0,50.0,0.256,0.322,0.392,0.713,98.0,0.34,102.0,121.0,12.0,1.0,2.0,2.0,0.0,7H9D/3,
Gene Larkin#,27.0,MIN,AL,-1.0,119.0,457.0,401.0,46.0,108.0,26.0,4.0,5.0,42.0,5.0,3.0,42.0,55.0,0.269,0.343,0.392,0.734,101.0,0.342,100.0,157.0,6.0,5.0,5.0,4.0,2.0,9D3/H,
Gene Nelson,29.0,OAK,AL,0.0,1.0,0.0,0.0,0.0,0.0,0.0,0.0,0.0,0.0,0.0,0.0,0.0,0.0,,,,,,,,0.0,0.0,0.0,0.0,0.0,0.0,1,
Geno Petralli*,30.0,TEX,AL,0.7,133.0,382.0,325.0,28.0,83.0,13.0,1.0,0.0,21.0,0.0,2.0,50.0,49.0,0.255,0.357,0.302,0.658,87.0,0.309,83.0,98.0,12.0,3.0,1.0,3.0,3.0,*2H/54,
George Bell,30.0,TOR,AL,1.1,142.0,608.0,562.0,67.0,149.0,25.0,0.0,21.0,86.0,3.0,2.0,32.0,80.0,0.265,0.303,0.422,0.724,96.0,0.332,93.0,237.0,14.0,3.0,0.0,11.0,7.0,7D,AS
George Brett*,37.0,KCR,AL,4.1,142.0,607.0,544.0,82.0,179.0,45.0,7.0,14.0,87.0,9.0,2.0,56.0,63.0,0.329,0.387,0.515,0.902,153.0,0.397,146.0,280.0,18.0,0.0,0.0,7.0,14.0,3D/97H5,MVP-7
George Canale*,24.0,MIL,AL,-0.2,10.0,15.0,13.0,4.0,1.0,1.0,0.0,0.0,0.0,0.0,1.0,2.0,6.0,0.077,0.2,0.154,0.354,1.0,0.148,-8.0,2.0,0.0,0.0,0.0,0.0,0.0,/3HD,
Gerald Perry*,29.0,KCR,AL,0.2,133.0,512.0,465.0,57.0,118.0,22.0,2.0,8.0,57.0,17.0,4.0,39.0,56.0,0.254,0.313,0.361,0.674,90.0,0.321,89.0,168.0,14.0,3.0,0.0,5.0,4.0,D3H,
Gerald Young#,25.0,HOU,NL,-0.5,57.0,179.0,154.0,15.0,27.0,4.0,1.0,1.0,4.0,6.0,3.0,20.0,23.0,0.175,0.269,0.234,0.502,42.0,0.267,53.0,36.0,3.0,0.0,4.0,1.0,0.0,8H,
Gerónimo Berroa,25.0,ATL,NL,-0.1,7.0,5.0,4.0,0.0,0.0,0.0,0.0,0.0,0.0,0.0,0.0,1.0,1.0,0.0,0.2,0.0,0.2,-41.0,0.0,-209.0,0.0,0.0,0.0,0.0,0.0,1.0,/H7,
Gerónimo Peña#,23.0,STL,NL,-0.1,18.0,51.0,45.0,5.0,11.0,2.0,0.0,0.0,2.0,1.0,1.0,4.0,14.0,0.244,0.314,0.289,0.603,68.0,0.275,61.0,13.0,0.0,1.0,0.0,1.0,0.0,4/H,
Gino Minutelli*,26.0,CIN,NL,0.0,2.0,0.0,0.0,0.0,0.0,0.0,0.0,0.0,0.0,0.0,0.0,0.0,0.0,,,,,,,,0.0,0.0,0.0,0.0,0.0,0.0,/1,
Glenallen Hill,25.0,TOR,AL,-0.1,84.0,278.0,260.0,47.0,60.0,11.0,3.0,12.0,32.0,8.0,3.0,18.0,62.0,0.231,0.281,0.435,0.715,93.0,0.328,88.0,113.0,5.0,0.0,0.0,0.0,0.0,97DH/8,
Glenn Braggs,27.0,2TM,2LG,2.3,109.0,362.0,314.0,39.0,88.0,14.0,1.0,9.0,41.0,8.0,7.0,38.0,64.0,0.28,0.365,0.417,0.782,114.0,0.353,113.0,131.0,4.0,6.0,0.0,4.0,3.0,97H/D,
Glenn Braggs,27.0,MIL,AL,0.9,37.0,131.0,113.0,17.0,28.0,5.0,0.0,3.0,13.0,5.0,3.0,12.0,21.0,0.248,0.328,0.372,0.7,97.0,0.32,92.0,42.0,1.0,3.0,0.0,3.0,2.0,97/HD,
Glenn Braggs,27.0,CIN,NL,1.5,72.0,231.0,201.0,22.0,60.0,9.0,1.0,6.0,28.0,3.0,4.0,26.0,43.0,0.299,0.385,0.443,0.828,123.0,0.371,126.0,89.0,3.0,3.0,0.0,1.0,1.0,97H,
Glenn Davis,29.0,HOU,NL,2.3,93.0,381.0,327.0,44.0,82.0,15.0,4.0,22.0,64.0,8.0,3.0,46.0,54.0,0.251,0.357,0.523,0.88,143.0,0.39,145.0,171.0,5.0,8.0,0.0,0.0,17.0,3/H,
Glenn Sutko,22.0,CIN,NL,0.0,1.0,1.0,1.0,0.0,0.0,0.0,0.0,0.0,0.0,0.0,0.0,0.0,1.0,0.0,0.0,0.0,0.0,-100.0,0.0,-145.0,0.0,0.0,0.0,0.0,0.0,0.0,/2,
Glenn Wilson,31.0,HOU,NL,0.2,118.0,400.0,368.0,42.0,90.0,14.0,0.0,10.0,55.0,0.0,3.0,26.0,64.0,0.245,0.293,0.364,0.657,83.0,0.293,76.0,134.0,16.0,1.0,0.0,4.0,1.0,97H/3,
Greg Booker,30.0,SFG,NL,0.0,2.0,0.0,0.0,0.0,0.0,0.0,0.0,0.0,0.0,0.0,0.0,0.0,0.0,,,,,,,,0.0,0.0,0.0,0.0,0.0,0.0,/1,
Greg Briley*,25.0,SEA,AL,0.9,125.0,380.0,337.0,40.0,83.0,18.0,2.0,5.0,29.0,16.0,4.0,37.0,48.0,0.246,0.319,0.356,0.675,89.0,0.326,90.0,120.0,6.0,1.0,1.0,4.0,0.0,97H/D,
Greg Brock*,33.0,MIL,AL,0.4,123.0,422.0,367.0,42.0,91.0,23.0,0.0,7.0,50.0,4.0,2.0,43.0,45.0,0.248,0.324,0.368,0.692,95.0,0.319,90.0,135.0,6.0,2.0,2.0,8.0,9.0,*3H,
Greg Gagne,28.0,MIN,AL,3.2,138.0,423.0,388.0,38.0,91.0,22.0,3.0,7.0,38.0,8.0,8.0,24.0,76.0,0.235,0.28,0.361,0.64,74.0,0.301,73.0,140.0,5.0,1.0,8.0,2.0,0.0,*6/HD8,
Greg Harris,26.0,SDP,NL,0.0,73.0,13.0,12.0,1.0,1.0,0.0,1.0,0.0,0.0,0.0,0.0,0.0,8.0,0.083,0.083,0.25,0.333,-12.0,0.136,-57.0,3.0,0.0,0.0,1.0,0.0,0.0,1,
Greg Litton,25.0,SFG,NL,-0.4,93.0,220.0,204.0,17.0,50.0,9.0,1.0,1.0,24.0,1.0,0.0,11.0,45.0,0.245,0.284,0.314,0.598,68.0,0.277,61.0,64.0,5.0,1.0,2.0,2.0,0.0,9H47/65,
Greg Maddux,24.0,CHC,NL,-0.3,35.0,89.0,83.0,1.0,12.0,0.0,0.0,0.0,3.0,0.0,0.0,2.0,25.0,0.145,0.165,0.145,0.309,-16.0,0.144,-52.0,12.0,0.0,0.0,4.0,0.0,0.0,1,GG
Greg Mathews,28.0,STL,NL,0.2,12.0,17.0,14.0,2.0,3.0,1.0,0.0,0.0,0.0,0.0,0.0,2.0,5.0,0.214,0.313,0.286,0.598,66.0,0.282,59.0,4.0,1.0,0.0,1.0,0.0,0.0,1/H,
Greg Myers*,24.0,TOR,AL,0.5,87.0,277.0,250.0,33.0,59.0,7.0,1.0,5.0,22.0,0.0,1.0,22.0,33.0,0.236,0.293,0.332,0.625,71.0,0.306,75.0,83.0,12.0,0.0,1.0,4.0,0.0,2/H,
Greg Olson,29.0,ATL,NL,1.0,100.0,332.0,298.0,36.0,78.0,12.0,1.0,7.0,36.0,1.0,1.0,30.0,51.0,0.262,0.332,0.379,0.712,92.0,0.34,100.0,113.0,8.0,2.0,1.0,1.0,4.0,2H/5,AS
Greg Smith#,23.0,CHC,NL,-0.5,18.0,48.0,44.0,4.0,9.0,2.0,1.0,0.0,5.0,1.0,0.0,2.0,5.0,0.205,0.234,0.295,0.529,41.0,0.241,19.0,13.0,1.0,0.0,1.0,1.0,0.0,/46H,
Greg Vaughn,24.0,MIL,AL,0.2,120.0,429.0,382.0,51.0,84.0,26.0,2.0,17.0,61.0,7.0,4.0,33.0,91.0,0.22,0.28,0.432,0.712,98.0,0.325,95.0,165.0,11.0,1.0,7.0,6.0,1.0,7H/D,
Greg Walker*,30.0,2TM,AL,-0.4,16.0,43.0,39.0,2.0,6.0,0.0,0.0,0.0,2.0,1.0,0.0,3.0,11.0,0.154,0.233,0.154,0.386,12.0,0.223,19.0,6.0,2.0,1.0,0.0,0.0,0.0,D/H3,
Greg Walker*,30.0,CHW,AL,0.0,2.0,5.0,5.0,0.0,1.0,0.0,0.0,0.0,0.0,0.0,0.0,0.0,2.0,0.2,0.2,0.2,0.4,14.0,0.183,-5.0,1.0,0.0,0.0,0.0,0.0,0.0,/3D,
Greg Walker*,30.0,BAL,AL,-0.4,14.0,38.0,34.0,2.0,5.0,0.0,0.0,0.0,2.0,1.0,0.0,3.0,9.0,0.147,0.237,0.147,0.384,12.0,0.228,22.0,5.0,2.0,1.0,0.0,0.0,0.0,D/H,
Gregg Jefferies#,22.0,NYM,NL,2.8,153.0,659.0,604.0,96.0,171.0,40.0,3.0,15.0,68.0,11.0,2.0,46.0,40.0,0.283,0.337,0.434,0.771,111.0,0.361,117.0,262.0,12.0,5.0,0.0,4.0,2.0,*45/H,
Gus Polidor,28.0,MIL,AL,-0.1,18.0,15.0,15.0,0.0,1.0,0.0,0.0,0.0,1.0,0.0,0.0,0.0,1.0,0.067,0.067,0.067,0.133,-62.0,0.061,-94.0,1.0,0.0,0.0,0.0,0.0,0.0,5/46,
Hal Morris*,25.0,CIN,NL,1.8,107.0,336.0,309.0,50.0,105.0,22.0,3.0,7.0,36.0,9.0,3.0,21.0,32.0,0.34,0.381,0.498,0.88,136.0,0.394,137.0,154.0,12.0,1.0,3.0,2.0,4.0,3H/7,ROY-3
Harold Baines*,31.0,2TM,AL,1.4,135.0,489.0,415.0,52.0,118.0,15.0,1.0,16.0,65.0,0.0,3.0,67.0,80.0,0.284,0.378,0.441,0.819,130.0,0.369,129.0,183.0,17.0,0.0,0.0,7.0,10.0,*DH/9,
Harold Baines*,31.0,TEX,AL,0.9,103.0,371.0,321.0,41.0,93.0,10.0,1.0,13.0,44.0,0.0,1.0,47.0,63.0,0.29,0.377,0.449,0.826,131.0,0.37,127.0,144.0,13.0,0.0,0.0,3.0,9.0,DH/9,
Harold Baines*,31.0,OAK,AL,0.5,32.0,118.0,94.0,11.0,25.0,5.0,0.0,3.0,21.0,0.0,2.0,20.0,17.0,0.266,0.381,0.415,0.796,128.0,0.367,135.0,39.0,4.0,0.0,0.0,4.0,1.0,D/H,
Harold Reynolds#,29.0,SEA,AL,4.8,160.0,737.0,642.0,100.0,162.0,36.0,5.0,5.0,55.0,31.0,16.0,81.0,52.0,0.252,0.336,0.347,0.683,92.0,0.327,95.0,223.0,9.0,3.0,5.0,6.0,3.0,*4,GG
Henry Cotto,29.0,SEA,AL,0.6,127.0,390.0,355.0,40.0,92.0,14.0,3.0,4.0,33.0,21.0,3.0,22.0,52.0,0.259,0.307,0.349,0.657,84.0,0.326,86.0,124.0,13.0,4.0,6.0,3.0,2.0,*97H8/D,
Hensley Meulens,23.0,NYY,AL,0.5,23.0,95.0,83.0,12.0,20.0,7.0,0.0,3.0,10.0,1.0,0.0,9.0,25.0,0.241,0.337,0.434,0.771,115.0,0.393,140.0,36.0,3.0,3.0,0.0,0.0,0.0,7,
Herm Winningham*,28.0,CIN,NL,0.3,84.0,177.0,160.0,20.0,41.0,8.0,5.0,3.0,17.0,6.0,4.0,14.0,31.0,0.256,0.314,0.425,0.739,98.0,0.333,97.0,68.0,0.0,0.0,2.0,1.0,1.0,8H/79,
Howard Farmer,23.0,MON,NL,0.1,6.0,6.0,5.0,0.0,2.0,0.0,0.0,0.0,0.0,0.0,0.0,0.0,1.0,0.4,0.4,0.4,0.8,126.0,0.362,130.0,2.0,0.0,0.0,1.0,0.0,0.0,/1,
Howard Hilton,26.0,STL,NL,0.0,2.0,0.0,0.0,0.0,0.0,0.0,0.0,0.0,0.0,0.0,0.0,0.0,0.0,,,,,,,,0.0,0.0,0.0,0.0,0.0,0.0,/1,
Howard Johnson#,29.0,NYM,NL,2.4,154.0,668.0,590.0,89.0,144.0,37.0,3.0,23.0,90.0,34.0,8.0,69.0,100.0,0.244,0.319,0.434,0.753,106.0,0.34,99.0,256.0,7.0,0.0,0.0,9.0,12.0,56/H,
Hubie Brooks,33.0,LAD,NL,1.7,153.0,618.0,568.0,74.0,151.0,28.0,1.0,20.0,91.0,2.0,5.0,33.0,108.0,0.266,0.307,0.424,0.732,102.0,0.331,103.0,241.0,13.0,6.0,0.0,11.0,10.0,*9/H,
Héctor Villanueva,25.0,CHC,NL,0.5,52.0,120.0,114.0,14.0,31.0,4.0,1.0,7.0,18.0,1.0,0.0,4.0,27.0,0.272,0.308,0.509,0.817,114.0,0.363,112.0,58.0,3.0,2.0,0.0,0.0,2.0,2H3,
Iván Calderón,28.0,CHW,AL,2.6,158.0,667.0,607.0,85.0,166.0,44.0,2.0,14.0,74.0,32.0,16.0,51.0,79.0,0.273,0.327,0.422,0.749,110.0,0.338,105.0,256.0,26.0,1.0,0.0,8.0,7.0,*7D/93H,
Jack Armstrong,25.0,CIN,NL,-0.2,29.0,62.0,47.0,2.0,5.0,0.0,0.0,0.0,3.0,0.0,0.0,0.0,21.0,0.106,0.143,0.106,0.249,-31.0,0.141,-83.0,5.0,2.0,2.0,13.0,0.0,0.0,1,AS
Jack Clark,34.0,SDP,NL,3.7,115.0,442.0,334.0,59.0,89.0,12.0,1.0,25.0,62.0,4.0,3.0,104.0,91.0,0.266,0.441,0.533,0.974,167.0,0.433,173.0,178.0,12.0,2.0,0.0,2.0,11.0,*3/H,
Jack Daugherty#,29.0,TEX,AL,1.4,125.0,340.0,310.0,36.0,93.0,20.0,2.0,6.0,47.0,0.0,0.0,22.0,49.0,0.3,0.347,0.435,0.783,118.0,0.355,115.0,135.0,4.0,2.0,2.0,3.0,0.0,H73D/9,
Jack Howell*,28.0,CAL,AL,1.0,105.0,366.0,316.0,35.0,72.0,19.0,1.0,8.0,33.0,3.0,0.0,46.0,61.0,0.228,0.326,0.37,0.696,98.0,0.334,101.0,117.0,3.0,1.0,1.0,2.0,5.0,5/H36,
Jack Savage,26.0,MIN,AL,0.0,1.0,0.0,0.0,0.0,0.0,0.0,0.0,0.0,0.0,0.0,0.0,0.0,0.0,,,,,,,,0.0,0.0,0.0,0.0,0.0,0.0,1,
Jamie Quirk*,35.0,OAK,AL,0.8,56.0,144.0,121.0,12.0,34.0,5.0,1.0,3.0,26.0,0.0,0.0,14.0,34.0,0.281,0.353,0.413,0.766,119.0,0.351,118.0,50.0,1.0,1.0,5.0,3.0,1.0,2H/359D,
Jason Grimsley,22.0,PHI,NL,0.1,12.0,20.0,16.0,1.0,3.0,0.0,0.0,0.0,2.0,0.0,0.0,1.0,2.0,0.188,0.235,0.188,0.423,19.0,0.201,-13.0,3.0,0.0,0.0,3.0,0.0,0.0,1/H,
Javier Ortiz,27.0,HOU,NL,0.3,30.0,90.0,77.0,7.0,21.0,5.0,1.0,1.0,10.0,1.0,1.0,12.0,11.0,0.273,0.367,0.403,0.769,115.0,0.366,128.0,31.0,1.0,0.0,0.0,1.0,0.0,7/9H8,
Jay Bell,24.0,PIT,NL,2.6,159.0,696.0,583.0,93.0,148.0,28.0,7.0,7.0,52.0,10.0,6.0,65.0,109.0,0.254,0.329,0.362,0.691,94.0,0.33,102.0,211.0,14.0,3.0,39.0,6.0,0.0,*6/H,
Jay Buhner,25.0,SEA,AL,0.2,51.0,185.0,163.0,16.0,45.0,12.0,0.0,7.0,33.0,2.0,2.0,17.0,50.0,0.276,0.357,0.479,0.835,132.0,0.371,128.0,78.0,6.0,4.0,0.0,1.0,1.0,9D/H8,
Jay Howell,34.0,LAD,NL,0.0,45.0,2.0,2.0,0.0,0.0,0.0,0.0,0.0,0.0,0.0,0.0,0.0,0.0,0.0,0.0,0.0,0.0,-100.0,0.0,-136.0,0.0,0.0,0.0,0.0,0.0,0.0,1,
Jay Tibbs,28.0,PIT,NL,0.0,5.0,0.0,0.0,0.0,0.0,0.0,0.0,0.0,0.0,0.0,0.0,0.0,0.0,,,,,,,,0.0,0.0,0.0,0.0,0.0,0.0,/1,
Jeff Baldwin*,24.0,HOU,NL,-0.2,7.0,9.0,8.0,1.0,0.0,0.0,0.0,0.0,0.0,0.0,0.0,1.0,2.0,0.0,0.111,0.0,0.111,-66.0,0.078,-82.0,0.0,0.0,0.0,0.0,0.0,0.0,/H79,
Jeff Blauser,24.0,ATL,NL,1.0,115.0,429.0,386.0,46.0,104.0,24.0,3.0,8.0,39.0,3.0,5.0,35.0,70.0,0.269,0.338,0.409,0.747,101.0,0.352,111.0,158.0,4.0,5.0,3.0,0.0,1.0,64/5H8,
Jeff Brantley,26.0,SFG,NL,0.1,55.0,11.0,7.0,1.0,2.0,1.0,0.0,0.0,2.0,0.0,0.0,0.0,1.0,0.286,0.286,0.429,0.714,98.0,0.313,83.0,3.0,0.0,0.0,4.0,0.0,0.0,1,AS
Jeff Conine,24.0,KCR,AL,-0.1,9.0,22.0,20.0,3.0,5.0,2.0,0.0,0.0,2.0,0.0,0.0,2.0,5.0,0.25,0.318,0.35,0.668,89.0,0.308,83.0,7.0,1.0,0.0,0.0,0.0,0.0,/3H,
Jeff Hamilton,26.0,LAD,NL,-0.4,7.0,24.0,24.0,1.0,3.0,0.0,0.0,0.0,1.0,0.0,0.0,0.0,3.0,0.125,0.125,0.125,0.25,-30.0,0.113,-58.0,3.0,1.0,0.0,0.0,0.0,0.0,/5H,
Jeff Huson*,25.0,TEX,AL,1.8,145.0,454.0,396.0,57.0,95.0,12.0,2.0,0.0,28.0,12.0,4.0,46.0,54.0,0.24,0.32,0.28,0.6,70.0,0.296,70.0,111.0,8.0,2.0,7.0,3.0,0.0,*65H4,
Jeff Innis,27.0,NYM,NL,0.0,18.0,1.0,0.0,0.0,0.0,0.0,0.0,0.0,0.0,0.0,0.0,0.0,0.0,,,,,,,,0.0,0.0,0.0,1.0,0.0,0.0,1,
Jeff King,25.0,PIT,NL,0.6,127.0,402.0,371.0,46.0,91.0,17.0,1.0,14.0,53.0,3.0,3.0,21.0,50.0,0.245,0.283,0.41,0.692,92.0,0.316,92.0,152.0,12.0,1.0,2.0,7.0,1.0,*5H/3,
Jeff Kunkel,28.0,TEX,AL,0.0,99.0,218.0,200.0,17.0,34.0,11.0,1.0,3.0,17.0,2.0,1.0,11.0,66.0,0.17,0.221,0.28,0.501,40.0,0.239,30.0,56.0,7.0,2.0,5.0,0.0,0.0,6H54/897D,
Jeff Manto,25.0,CLE,AL,0.4,30.0,97.0,76.0,12.0,17.0,5.0,1.0,2.0,14.0,0.0,1.0,21.0,18.0,0.224,0.392,0.395,0.786,122.0,0.379,136.0,30.0,0.0,0.0,0.0,0.0,1.0,3/5H,
Jeff McKnight#,27.0,BAL,AL,-0.2,29.0,84.0,75.0,11.0,15.0,2.0,0.0,1.0,4.0,0.0,0.0,5.0,17.0,0.2,0.259,0.267,0.526,50.0,0.248,39.0,20.0,0.0,1.0,3.0,0.0,0.0,3/479H6D,
Jeff Musselman*,27.0,NYM,NL,0.0,28.0,1.0,1.0,0.0,0.0,0.0,0.0,0.0,0.0,0.0,0.0,0.0,0.0,0.0,0.0,0.0,0.0,-100.0,0.0,-136.0,0.0,0.0,0.0,0.0,0.0,0.0,1,
Jeff Parrett,28.0,2TM,NL,-0.1,67.0,13.0,11.0,0.0,1.0,0.0,0.0,0.0,1.0,0.0,0.0,0.0,4.0,0.091,0.091,0.091,0.182,-50.0,0.082,-125.0,1.0,0.0,0.0,2.0,0.0,0.0,1,
Jeff Parrett,28.0,PHI,NL,-0.2,47.0,12.0,10.0,0.0,0.0,0.0,0.0,0.0,1.0,0.0,0.0,0.0,4.0,0.0,0.0,0.0,0.0,-100.0,0.0,-189.0,0.0,0.0,0.0,2.0,0.0,0.0,1,
Jeff Parrett,28.0,ATL,NL,0.1,20.0,1.0,1.0,0.0,1.0,0.0,0.0,0.0,0.0,0.0,0.0,0.0,0.0,1.0,1.0,1.0,2.0,443.0,0.904,500.0,1.0,0.0,0.0,0.0,0.0,0.0,1,
Jeff Pico,24.0,CHC,NL,0.3,31.0,26.0,22.0,2.0,6.0,1.0,0.0,0.0,1.0,0.0,0.0,3.0,5.0,0.273,0.36,0.318,0.678,83.0,0.317,79.0,7.0,0.0,0.0,1.0,0.0,0.0,1,
Jeff Reed*,27.0,CIN,NL,0.2,72.0,205.0,175.0,12.0,44.0,8.0,1.0,3.0,16.0,0.0,0.0,24.0,26.0,0.251,0.34,0.36,0.7,90.0,0.33,92.0,63.0,4.0,0.0,5.0,1.0,5.0,2/H,
Jeff Schaefer,30.0,SEA,AL,0.1,55.0,115.0,107.0,11.0,22.0,3.0,0.0,0.0,6.0,4.0,1.0,3.0,11.0,0.206,0.239,0.234,0.473,33.0,0.25,35.0,25.0,1.0,2.0,2.0,1.0,0.0,56H/4,
Jeff Schulz*,29.0,KCR,AL,-0.1,30.0,73.0,66.0,5.0,17.0,5.0,1.0,0.0,6.0,0.0,0.0,6.0,13.0,0.258,0.319,0.364,0.683,93.0,0.315,87.0,24.0,2.0,0.0,1.0,0.0,2.0,9H/7D,
Jeff Stone*,29.0,BOS,AL,0.0,10.0,2.0,2.0,1.0,1.0,0.0,0.0,0.0,1.0,0.0,1.0,0.0,1.0,0.5,0.5,0.5,1.0,177.0,0.201,182.0,1.0,0.0,0.0,0.0,0.0,0.0,H/D,
Jeff Treadway*,27.0,ATL,NL,1.0,128.0,511.0,474.0,56.0,134.0,20.0,2.0,11.0,59.0,3.0,4.0,25.0,42.0,0.283,0.32,0.403,0.723,94.0,0.327,92.0,191.0,10.0,3.0,5.0,4.0,1.0,*4/H,
Jeffrey Leonard,34.0,SEA,AL,-1.7,134.0,525.0,478.0,39.0,120.0,20.0,0.0,10.0,75.0,4.0,2.0,37.0,97.0,0.251,0.305,0.356,0.66,85.0,0.299,74.0,170.0,20.0,3.0,0.0,7.0,6.0,7DH/9,
Jerald Clark,26.0,SDP,NL,0.1,53.0,107.0,101.0,12.0,27.0,4.0,1.0,5.0,11.0,0.0,0.0,5.0,24.0,0.267,0.299,0.475,0.774,109.0,0.356,115.0,48.0,3.0,0.0,0.0,1.0,0.0,H3/97,
Jerome Walton,24.0,CHC,NL,-0.9,101.0,450.0,392.0,63.0,103.0,16.0,2.0,2.0,21.0,14.0,7.0,50.0,70.0,0.263,0.35,0.329,0.68,83.0,0.327,88.0,129.0,4.0,4.0,1.0,2.0,1.0,8/H,
Jerry Browne#,24.0,CLE,AL,3.2,140.0,610.0,513.0,92.0,137.0,26.0,5.0,6.0,50.0,12.0,7.0,72.0,46.0,0.267,0.353,0.372,0.725,105.0,0.349,112.0,191.0,12.0,2.0,12.0,11.0,1.0,*4/H,
Jerry Goff*,26.0,MON,NL,-0.6,52.0,141.0,119.0,14.0,27.0,1.0,0.0,3.0,7.0,0.0,2.0,21.0,36.0,0.227,0.343,0.311,0.654,85.0,0.297,82.0,37.0,0.0,0.0,1.0,0.0,4.0,2H/35,
Jerry Reuss*,41.0,PIT,NL,0.0,4.0,2.0,0.0,0.0,0.0,0.0,0.0,0.0,0.0,0.0,0.0,0.0,0.0,,,,,,,,0.0,0.0,0.0,2.0,0.0,0.0,/1,
Jerry Willard*,30.0,CHW,AL,-0.1,3.0,3.0,3.0,0.0,0.0,0.0,0.0,0.0,0.0,0.0,0.0,0.0,2.0,0.0,0.0,0.0,0.0,-100.0,0.0,-136.0,0.0,0.0,0.0,0.0,0.0,0.0,/H2,
Jesse Barfield,30.0,NYY,AL,5.2,153.0,570.0,476.0,69.0,117.0,21.0,2.0,25.0,78.0,4.0,3.0,82.0,150.0,0.246,0.359,0.456,0.815,127.0,0.375,130.0,217.0,6.0,5.0,2.0,5.0,4.0,*9H/8,
Jim Clancy,34.0,HOU,NL,0.0,33.0,16.0,14.0,1.0,3.0,0.0,0.0,0.0,2.0,0.0,0.0,0.0,4.0,0.214,0.214,0.214,0.429,20.0,0.194,-13.0,3.0,1.0,0.0,2.0,0.0,0.0,1,
Jim Deshaies*,30.0,HOU,NL,-0.6,34.0,72.0,63.0,1.0,4.0,0.0,0.0,0.0,3.0,0.0,0.0,2.0,33.0,0.063,0.092,0.063,0.156,-56.0,0.077,-103.0,4.0,0.0,0.0,7.0,0.0,0.0,1,
Jim Dwyer*,40.0,MIN,AL,-0.4,37.0,75.0,63.0,7.0,12.0,0.0,0.0,1.0,5.0,0.0,0.0,12.0,7.0,0.19,0.32,0.238,0.558,55.0,0.284,58.0,15.0,2.0,0.0,0.0,0.0,1.0,DH/79,
Jim Eisenreich*,31.0,KCR,AL,1.2,142.0,545.0,496.0,61.0,139.0,29.0,7.0,5.0,51.0,12.0,14.0,42.0,51.0,0.28,0.335,0.397,0.732,107.0,0.337,109.0,197.0,7.0,1.0,2.0,4.0,2.0,*978H/D,
Jim Eppard*,30.0,TOR,AL,0.0,6.0,6.0,5.0,0.0,1.0,0.0,0.0,0.0,0.0,0.0,0.0,0.0,2.0,0.2,0.333,0.2,0.533,50.0,0.278,53.0,1.0,0.0,1.0,0.0,0.0,0.0,/H,
Jim Gantner*,37.0,MIL,AL,1.0,88.0,358.0,323.0,36.0,85.0,8.0,5.0,0.0,25.0,18.0,3.0,29.0,19.0,0.263,0.328,0.319,0.647,83.0,0.327,89.0,103.0,10.0,2.0,4.0,0.0,0.0,4/5H,
Jim Gott,30.0,LAD,NL,0.0,50.0,1.0,1.0,0.0,0.0,0.0,0.0,0.0,0.0,0.0,0.0,0.0,1.0,0.0,0.0,0.0,0.0,-100.0,0.0,-136.0,0.0,0.0,0.0,0.0,0.0,0.0,1,
Jim Leyritz,26.0,NYY,AL,-0.7,92.0,339.0,303.0,28.0,78.0,13.0,1.0,5.0,25.0,2.0,3.0,27.0,51.0,0.257,0.331,0.356,0.688,93.0,0.32,92.0,108.0,11.0,7.0,1.0,1.0,1.0,527/9H,
Jim Lindeman,28.0,DET,AL,0.0,12.0,34.0,32.0,5.0,7.0,1.0,0.0,2.0,8.0,0.0,0.0,2.0,13.0,0.219,0.265,0.438,0.702,93.0,0.313,83.0,14.0,0.0,0.0,0.0,0.0,0.0,D/H39,
Jim Neidlinger#,25.0,LAD,NL,0.0,12.0,27.0,25.0,1.0,3.0,0.0,0.0,0.0,2.0,0.0,0.0,2.0,8.0,0.12,0.185,0.12,0.305,-13.0,0.153,-29.0,3.0,0.0,0.0,0.0,0.0,0.0,1,
Jim Pankovits,34.0,BOS,AL,0.0,2.0,0.0,0.0,0.0,0.0,0.0,0.0,0.0,0.0,0.0,0.0,0.0,0.0,,,,,,,,0.0,0.0,0.0,0.0,0.0,0.0,/4,
Jim Poole*,24.0,LAD,NL,0.0,16.0,0.0,0.0,0.0,0.0,0.0,0.0,0.0,0.0,0.0,0.0,0.0,0.0,,,,,,,,0.0,0.0,0.0,0.0,0.0,0.0,1,
Jim Presley,28.0,ATL,NL,-1.8,140.0,577.0,541.0,59.0,131.0,34.0,1.0,19.0,72.0,1.0,1.0,29.0,130.0,0.242,0.282,0.414,0.697,86.0,0.321,86.0,224.0,10.0,3.0,0.0,4.0,0.0,*53/H,
Jim Vatcher,25.0,2TM,NL,0.2,57.0,78.0,73.0,7.0,19.0,2.0,1.0,1.0,7.0,0.0,0.0,5.0,15.0,0.26,0.308,0.356,0.664,82.0,0.324,91.0,26.0,1.0,0.0,0.0,0.0,0.0,H97,
Jim Vatcher,25.0,PHI,NL,0.1,36.0,50.0,46.0,5.0,12.0,1.0,0.0,1.0,4.0,0.0,0.0,4.0,6.0,0.261,0.32,0.348,0.668,85.0,0.342,107.0,16.0,1.0,0.0,0.0,0.0,0.0,H79,
Jim Vatcher,25.0,ATL,NL,0.2,21.0,28.0,27.0,2.0,7.0,1.0,1.0,0.0,3.0,0.0,0.0,1.0,9.0,0.259,0.286,0.37,0.656,76.0,0.291,64.0,10.0,0.0,0.0,0.0,0.0,0.0,H/97,
Jim Walewander#,28.0,NYY,AL,-0.1,9.0,5.0,5.0,1.0,1.0,1.0,0.0,0.0,1.0,1.0,1.0,0.0,0.0,0.2,0.2,0.4,0.6,64.0,0.209,45.0,2.0,0.0,0.0,0.0,0.0,0.0,/H45D6,
Jimmy Kremers*,24.0,ATL,NL,-1.0,29.0,79.0,73.0,7.0,8.0,1.0,1.0,1.0,2.0,0.0,0.0,6.0,27.0,0.11,0.177,0.192,0.369,0.0,0.18,-19.0,14.0,0.0,0.0,0.0,0.0,1.0,2/H,
Jody Davis,33.0,ATL,NL,-0.4,12.0,31.0,28.0,0.0,2.0,0.0,0.0,0.0,1.0,0.0,0.0,3.0,3.0,0.071,0.161,0.071,0.233,-35.0,0.156,-34.0,2.0,1.0,0.0,0.0,0.0,0.0,/3H2,
Jody Reed,27.0,BOS,AL,3.1,155.0,691.0,598.0,70.0,173.0,45.0,0.0,5.0,51.0,4.0,4.0,75.0,65.0,0.289,0.371,0.39,0.76,110.0,0.361,116.0,233.0,19.0,4.0,11.0,3.0,4.0,*46/HD,MVP-18
Joe Bitker,26.0,TEX,AL,0.0,1.0,0.0,0.0,0.0,0.0,0.0,0.0,0.0,0.0,0.0,0.0,0.0,0.0,,,,,,,,0.0,0.0,0.0,0.0,0.0,0.0,/1,
Joe Boever,29.0,2TM,NL,0.0,67.0,3.0,3.0,0.0,0.0,0.0,0.0,0.0,0.0,0.0,0.0,0.0,0.0,0.0,0.0,0.0,0.0,-100.0,0.0,-139.0,0.0,0.0,0.0,0.0,0.0,0.0,1,
Joe Boever,29.0,ATL,NL,0.0,33.0,2.0,2.0,0.0,0.0,0.0,0.0,0.0,0.0,0.0,0.0,0.0,0.0,0.0,0.0,0.0,0.0,-100.0,0.0,-141.0,0.0,0.0,0.0,0.0,0.0,0.0,1,
Joe Boever,29.0,PHI,NL,0.0,34.0,1.0,1.0,0.0,0.0,0.0,0.0,0.0,0.0,0.0,0.0,0.0,0.0,0.0,0.0,0.0,0.0,-100.0,0.0,-136.0,0.0,0.0,0.0,0.0,0.0,0.0,1,
Joe Carter,30.0,SDP,NL,-1.7,162.0,697.0,634.0,79.0,147.0,27.0,1.0,24.0,115.0,22.0,6.0,48.0,93.0,0.232,0.29,0.391,0.681,85.0,0.318,84.0,248.0,12.0,7.0,0.0,8.0,18.0,*873/H,MVP-17
Joe Girardi,25.0,CHC,NL,1.1,133.0,447.0,419.0,36.0,113.0,24.0,2.0,1.0,38.0,8.0,3.0,17.0,50.0,0.27,0.3,0.344,0.644,72.0,0.302,67.0,144.0,13.0,3.0,4.0,4.0,11.0,*2/H,
Joe Hesketh*,31.0,2TM,NL,0.0,33.0,1.0,1.0,0.0,0.0,0.0,0.0,0.0,0.0,0.0,0.0,0.0,1.0,0.0,0.0,0.0,0.0,-100.0,0.0,-145.0,0.0,0.0,0.0,0.0,0.0,0.0,1,
Joe Hesketh*,31.0,MON,NL,0.0,2.0,0.0,0.0,0.0,0.0,0.0,0.0,0.0,0.0,0.0,0.0,0.0,0.0,,,,,,,,0.0,0.0,0.0,0.0,0.0,0.0,/1,
Joe Hesketh*,31.0,ATL,NL,0.0,31.0,1.0,1.0,0.0,0.0,0.0,0.0,0.0,0.0,0.0,0.0,0.0,1.0,0.0,0.0,0.0,0.0,-100.0,0.0,-145.0,0.0,0.0,0.0,0.0,0.0,0.0,1,
Joe Klink*,28.0,OAK,AL,0.0,3.0,0.0,0.0,0.0,0.0,0.0,0.0,0.0,0.0,0.0,0.0,0.0,0.0,,,,,,,,0.0,0.0,0.0,0.0,0.0,0.0,1,
Joe Kraemer*,25.0,CHC,NL,0.0,18.0,0.0,0.0,0.0,0.0,0.0,0.0,0.0,0.0,0.0,0.0,0.0,0.0,,,,,,,,0.0,0.0,0.0,0.0,0.0,0.0,1,
Joe Magrane,25.0,STL,NL,0.0,31.0,67.0,55.0,3.0,7.0,2.0,0.0,0.0,0.0,0.0,0.0,3.0,19.0,0.127,0.172,0.164,0.336,-7.0,0.159,-47.0,9.0,2.0,0.0,9.0,0.0,0.0,1,
Joe Oliver,24.0,CIN,NL,0.9,121.0,409.0,364.0,34.0,84.0,23.0,0.0,8.0,52.0,1.0,1.0,37.0,75.0,0.231,0.304,0.36,0.664,79.0,0.291,62.0,131.0,6.0,2.0,5.0,1.0,15.0,*2/H,
Joe Orsulak*,28.0,BAL,AL,2.4,124.0,465.0,413.0,49.0,111.0,14.0,3.0,11.0,57.0,6.0,8.0,46.0,48.0,0.269,0.343,0.397,0.74,110.0,0.33,104.0,164.0,7.0,1.0,4.0,1.0,9.0,*97H/D,
Joel Skinner,29.0,CLE,AL,0.5,49.0,146.0,139.0,16.0,35.0,4.0,1.0,2.0,16.0,0.0,0.0,7.0,44.0,0.252,0.288,0.338,0.626,76.0,0.286,66.0,47.0,2.0,0.0,0.0,0.0,0.0,2,
Joey Cora#,25.0,SDP,NL,-0.8,51.0,106.0,100.0,12.0,27.0,3.0,0.0,0.0,2.0,8.0,3.0,6.0,9.0,0.27,0.311,0.3,0.611,69.0,0.291,64.0,30.0,1.0,0.0,0.0,0.0,1.0,6H4/2,
John Barfield*,25.0,TEX,AL,0.0,1.0,0.0,0.0,0.0,0.0,0.0,0.0,0.0,0.0,0.0,0.0,0.0,0.0,,,,,,,,0.0,0.0,0.0,0.0,0.0,0.0,1,
John Burkett,25.0,SFG,NL,-0.4,33.0,76.0,63.0,1.0,3.0,0.0,0.0,0.0,3.0,0.0,0.0,5.0,35.0,0.048,0.118,0.048,0.165,-52.0,0.092,-92.0,3.0,0.0,0.0,8.0,0.0,0.0,1,ROY-4
John Candelaria*,36.0,MIN,AL,0.0,1.0,0.0,0.0,0.0,0.0,0.0,0.0,0.0,0.0,0.0,0.0,0.0,0.0,,,,,,,,0.0,0.0,0.0,0.0,0.0,0.0,1,
John Cangelosi#,27.0,PIT,NL,-0.2,58.0,90.0,76.0,13.0,15.0,2.0,0.0,0.0,1.0,7.0,2.0,11.0,12.0,0.197,0.307,0.224,0.531,52.0,0.29,65.0,17.0,2.0,1.0,2.0,0.0,0.0,H/87,
John Costello,29.0,2TM,NL,0.0,8.0,0.0,0.0,0.0,0.0,0.0,0.0,0.0,0.0,0.0,0.0,0.0,0.0,,,,,,,,0.0,0.0,0.0,0.0,0.0,0.0,/1,
John Costello,29.0,STL,NL,0.0,4.0,0.0,0.0,0.0,0.0,0.0,0.0,0.0,0.0,0.0,0.0,0.0,0.0,,,,,,,,0.0,0.0,0.0,0.0,0.0,0.0,/1,
John Costello,29.0,MON,NL,0.0,4.0,0.0,0.0,0.0,0.0,0.0,0.0,0.0,0.0,0.0,0.0,0.0,0.0,,,,,,,,0.0,0.0,0.0,0.0,0.0,0.0,/1,
John Davis,27.0,SDP,NL,0.0,6.0,1.0,1.0,0.0,0.0,0.0,0.0,0.0,0.0,0.0,0.0,0.0,0.0,0.0,0.0,0.0,0.0,-100.0,0.0,-136.0,0.0,0.0,0.0,0.0,0.0,0.0,/1,
John Franco*,29.0,NYM,NL,-0.1,55.0,5.0,5.0,0.0,0.0,0.0,0.0,0.0,0.0,0.0,0.0,0.0,1.0,0.0,0.0,0.0,0.0,-100.0,0.0,-143.0,0.0,0.0,0.0,0.0,0.0,0.0,1,AS
John Kruk*,29.0,PHI,NL,2.4,142.0,515.0,443.0,52.0,129.0,25.0,8.0,7.0,67.0,10.0,5.0,69.0,70.0,0.291,0.386,0.431,0.817,126.0,0.369,128.0,191.0,11.0,0.0,2.0,1.0,16.0,739H,
John Marzano,27.0,BOS,AL,0.0,32.0,91.0,83.0,8.0,20.0,4.0,0.0,0.0,6.0,0.0,1.0,5.0,10.0,0.241,0.281,0.289,0.57,58.0,0.268,52.0,24.0,0.0,0.0,2.0,1.0,0.0,2,
John Morris*,29.0,STL,NL,-0.3,18.0,21.0,18.0,0.0,2.0,0.0,0.0,0.0,0.0,0.0,0.0,3.0,6.0,0.111,0.238,0.111,0.349,0.0,0.187,-7.0,2.0,0.0,0.0,0.0,0.0,0.0,H/98,
John Moses#,32.0,MIN,AL,-1.0,115.0,195.0,172.0,26.0,38.0,3.0,1.0,1.0,14.0,2.0,3.0,19.0,19.0,0.221,0.303,0.267,0.57,58.0,0.274,55.0,46.0,4.0,2.0,0.0,2.0,1.0,9H87D/31,
John Olerud*,21.0,TOR,AL,1.7,111.0,421.0,358.0,43.0,95.0,15.0,1.0,14.0,48.0,0.0,2.0,57.0,75.0,0.265,0.364,0.43,0.794,117.0,0.363,117.0,154.0,5.0,1.0,1.0,4.0,6.0,D3/H,ROY-4
John Orton,24.0,CAL,AL,-0.1,31.0,92.0,84.0,8.0,16.0,5.0,0.0,1.0,6.0,0.0,1.0,5.0,31.0,0.19,0.244,0.286,0.53,50.0,0.261,53.0,24.0,2.0,1.0,2.0,0.0,0.0,2,
John Russell,29.0,TEX,AL,-0.7,68.0,140.0,128.0,16.0,35.0,4.0,0.0,2.0,8.0,1.0,0.0,11.0,41.0,0.273,0.331,0.352,0.682,92.0,0.319,87.0,45.0,3.0,0.0,1.0,0.0,2.0,2HD/735,
John Shelby#,32.0,2TM,2LG,-0.7,103.0,262.0,246.0,24.0,61.0,10.0,3.0,4.0,22.0,4.0,5.0,10.0,58.0,0.248,0.277,0.362,0.639,77.0,0.29,71.0,89.0,7.0,0.0,6.0,0.0,0.0,87H9/D,
John Shelby#,32.0,LAD,NL,-0.1,25.0,24.0,24.0,2.0,6.0,1.0,0.0,0.0,2.0,1.0,0.0,0.0,7.0,0.25,0.25,0.292,0.542,51.0,0.253,36.0,7.0,1.0,0.0,0.0,0.0,0.0,H/798,
John Shelby#,32.0,DET,AL,-0.6,78.0,238.0,222.0,22.0,55.0,9.0,3.0,4.0,20.0,3.0,5.0,10.0,51.0,0.248,0.28,0.369,0.65,80.0,0.293,74.0,82.0,6.0,0.0,6.0,0.0,0.0,87H9/D,
John Smiley*,25.0,PIT,NL,-0.1,26.0,55.0,49.0,1.0,6.0,0.0,0.0,0.0,3.0,0.0,0.0,3.0,15.0,0.122,0.173,0.122,0.296,-15.0,0.145,-41.0,6.0,0.0,0.0,3.0,0.0,0.0,1,
John Smoltz,23.0,ATL,NL,0.3,38.0,87.0,74.0,7.0,12.0,2.0,0.0,0.0,4.0,1.0,0.0,6.0,32.0,0.162,0.225,0.189,0.414,13.0,0.224,6.0,14.0,2.0,0.0,7.0,0.0,0.0,1/H,
John Tudor*,36.0,STL,NL,0.1,25.0,55.0,46.0,3.0,7.0,2.0,0.0,0.0,3.0,0.0,0.0,2.0,19.0,0.152,0.188,0.196,0.383,6.0,0.177,-31.0,9.0,0.0,0.0,7.0,0.0,0.0,1,
John Wetteland,23.0,LAD,NL,0.1,22.0,8.0,7.0,2.0,1.0,0.0,0.0,1.0,3.0,0.0,0.0,0.0,1.0,0.143,0.143,0.571,0.714,90.0,0.302,77.0,4.0,0.0,0.0,1.0,0.0,0.0,1,
Johnny Paredes,27.0,2TM,2LG,-0.1,9.0,16.0,14.0,2.0,3.0,1.0,0.0,0.0,1.0,0.0,0.0,2.0,0.0,0.214,0.313,0.286,0.598,69.0,0.255,46.0,4.0,0.0,0.0,0.0,0.0,1.0,/4H,
Johnny Paredes,27.0,DET,AL,-0.1,6.0,9.0,8.0,2.0,1.0,0.0,0.0,0.0,0.0,0.0,0.0,1.0,0.0,0.125,0.222,0.125,0.347,0.0,0.182,-10.0,1.0,0.0,0.0,0.0,0.0,0.0,/4H,
Johnny Paredes,27.0,MON,NL,0.1,3.0,7.0,6.0,0.0,2.0,1.0,0.0,0.0,1.0,0.0,0.0,1.0,0.0,0.333,0.429,0.5,0.929,160.0,0.365,131.0,3.0,0.0,0.0,0.0,0.0,1.0,/4H,
Johnny Ray#,33.0,CAL,AL,0.7,105.0,429.0,404.0,47.0,112.0,23.0,0.0,5.0,43.0,2.0,3.0,19.0,44.0,0.277,0.308,0.371,0.679,92.0,0.319,93.0,150.0,10.0,0.0,3.0,3.0,2.0,4/HD,
José Canseco,25.0,OAK,AL,5.4,131.0,563.0,481.0,83.0,132.0,14.0,2.0,37.0,101.0,19.0,10.0,72.0,158.0,0.274,0.371,0.543,0.914,159.0,0.411,161.0,261.0,9.0,5.0,0.0,5.0,8.0,9D/H,"AS,MVP-12,SS"
José de Jesús,25.0,PHI,NL,-0.1,22.0,46.0,38.0,1.0,3.0,1.0,0.0,0.0,2.0,0.0,0.0,4.0,21.0,0.079,0.167,0.105,0.272,-23.0,0.141,-53.0,4.0,0.0,0.0,4.0,0.0,0.0,1,
José DeLeón,29.0,STL,NL,-0.3,32.0,62.0,56.0,1.0,6.0,0.0,1.0,0.0,3.0,0.0,0.0,1.0,23.0,0.107,0.123,0.143,0.266,-27.0,0.137,-56.0,8.0,1.0,0.0,5.0,0.0,0.0,1,
José González,25.0,LAD,NL,-0.4,106.0,108.0,99.0,15.0,23.0,5.0,3.0,2.0,8.0,3.0,1.0,6.0,27.0,0.232,0.28,0.404,0.684,89.0,0.309,83.0,40.0,1.0,1.0,1.0,1.0,1.0,7H98,
José Lind,26.0,PIT,NL,0.8,152.0,561.0,514.0,46.0,134.0,28.0,5.0,1.0,48.0,8.0,0.0,35.0,52.0,0.261,0.305,0.34,0.646,81.0,0.284,63.0,175.0,20.0,1.0,4.0,7.0,19.0,*4/H,
José Núñez,26.0,CHC,NL,-0.2,21.0,15.0,11.0,1.0,0.0,0.0,0.0,0.0,1.0,0.0,0.0,1.0,5.0,0.0,0.083,0.0,0.083,-76.0,0.059,-160.0,0.0,0.0,0.0,3.0,0.0,0.0,1,
José Offerman#,21.0,LAD,NL,-0.7,29.0,63.0,58.0,7.0,9.0,0.0,0.0,1.0,7.0,1.0,0.0,4.0,14.0,0.155,0.21,0.207,0.417,17.0,0.207,5.0,12.0,0.0,0.0,1.0,0.0,1.0,6/H,
José Oquendo#,26.0,STL,NL,0.9,156.0,553.0,469.0,38.0,118.0,17.0,5.0,1.0,37.0,1.0,1.0,74.0,46.0,0.252,0.35,0.316,0.666,85.0,0.308,81.0,148.0,7.0,0.0,5.0,5.0,8.0,*4/6H,
José Rijo,25.0,CIN,NL,0.2,29.0,75.0,62.0,3.0,10.0,1.0,0.0,0.0,2.0,1.0,0.0,2.0,10.0,0.161,0.188,0.177,0.365,-1.0,0.188,-34.0,11.0,1.0,0.0,11.0,0.0,0.0,1,MVP-19
José Uribe#,31.0,SFG,NL,-1.1,138.0,448.0,415.0,35.0,103.0,8.0,6.0,1.0,24.0,5.0,9.0,29.0,49.0,0.248,0.297,0.304,0.601,69.0,0.266,58.0,126.0,8.0,0.0,4.0,0.0,13.0,*6/H,
José Vizcaíno#,22.0,LAD,NL,0.1,37.0,55.0,51.0,3.0,14.0,1.0,1.0,0.0,2.0,1.0,1.0,4.0,8.0,0.275,0.327,0.333,0.661,85.0,0.307,86.0,17.0,1.0,0.0,0.0,0.0,1.0,H6/4,
Juan Agosto*,32.0,HOU,NL,0.0,82.0,2.0,2.0,0.0,0.0,0.0,0.0,0.0,0.0,0.0,0.0,0.0,0.0,0.0,0.0,0.0,0.0,-100.0,0.0,-136.0,0.0,0.0,0.0,0.0,0.0,0.0,1,
Juan Bell#,22.0,BAL,AL,-0.1,5.0,2.0,2.0,1.0,0.0,0.0,0.0,0.0,0.0,0.0,0.0,0.0,1.0,0.0,0.0,0.0,0.0,-100.0,0.0,-136.0,0.0,0.0,0.0,0.0,0.0,0.0,/H6D,
Juan González,20.0,TEX,AL,0.8,25.0,95.0,90.0,11.0,26.0,7.0,1.0,4.0,12.0,0.0,1.0,2.0,18.0,0.289,0.316,0.522,0.838,131.0,0.363,124.0,47.0,2.0,2.0,0.0,1.0,0.0,8/D9H7,
Juan Samuel,29.0,LAD,NL,0.5,143.0,558.0,492.0,62.0,119.0,24.0,3.0,13.0,52.0,38.0,20.0,51.0,126.0,0.242,0.316,0.382,0.699,94.0,0.323,96.0,188.0,8.0,5.0,5.0,5.0,5.0,48/H,
Julio Franco,31.0,TEX,AL,6.8,157.0,670.0,582.0,96.0,172.0,27.0,1.0,11.0,69.0,31.0,10.0,82.0,83.0,0.296,0.383,0.402,0.785,121.0,0.379,129.0,234.0,12.0,2.0,2.0,2.0,3.0,*4/DH,"AS,SS"
Julio Machado,24.0,NYM,NL,0.0,27.0,0.0,0.0,0.0,0.0,0.0,0.0,0.0,0.0,0.0,0.0,0.0,0.0,,,,,,,,0.0,0.0,0.0,0.0,0.0,0.0,1,
Julio Valera,21.0,NYM,NL,0.1,3.0,5.0,5.0,0.0,1.0,0.0,0.0,0.0,2.0,0.0,0.0,0.0,1.0,0.2,0.2,0.2,0.4,11.0,0.365,122.0,1.0,0.0,0.0,0.0,0.0,0.0,/1,
Junior Félix#,22.0,TOR,AL,1.9,127.0,517.0,463.0,73.0,122.0,23.0,7.0,15.0,65.0,13.0,8.0,45.0,99.0,0.263,0.328,0.441,0.769,109.0,0.354,109.0,204.0,4.0,2.0,2.0,5.0,0.0,*98/HD,
Junior Noboa,25.0,MON,NL,-0.4,81.0,173.0,158.0,15.0,42.0,7.0,2.0,0.0,14.0,4.0,1.0,7.0,14.0,0.266,0.294,0.335,0.63,76.0,0.285,65.0,53.0,2.0,1.0,3.0,4.0,2.0,H4/56971,
Junior Ortiz,30.0,MIN,AL,1.5,71.0,187.0,170.0,18.0,57.0,7.0,1.0,0.0,18.0,0.0,4.0,12.0,16.0,0.335,0.384,0.388,0.772,112.0,0.359,120.0,66.0,4.0,2.0,2.0,1.0,0.0,2/HD,
Kal Daniels*,26.0,LAD,NL,4.3,130.0,526.0,450.0,81.0,133.0,23.0,1.0,27.0,94.0,4.0,3.0,68.0,104.0,0.296,0.389,0.531,0.92,155.0,0.419,166.0,239.0,9.0,3.0,2.0,3.0,1.0,*7/H,MVP-27
Karl Rhodes*,21.0,HOU,NL,0.1,38.0,101.0,86.0,12.0,21.0,6.0,1.0,1.0,3.0,4.0,1.0,13.0,12.0,0.244,0.34,0.372,0.712,99.0,0.327,94.0,32.0,1.0,0.0,1.0,1.0,3.0,7H/89,
Keith Brown#,26.0,CIN,NL,0.0,8.0,0.0,0.0,0.0,0.0,0.0,0.0,0.0,0.0,0.0,0.0,0.0,0.0,,,,,,,,0.0,0.0,0.0,0.0,0.0,0.0,/1,
Keith Hernandez*,36.0,CLE,AL,-0.7,43.0,145.0,130.0,7.0,26.0,2.0,0.0,1.0,8.0,0.0,0.0,14.0,17.0,0.2,0.283,0.238,0.521,49.0,0.249,39.0,31.0,2.0,1.0,0.0,0.0,3.0,3/H,
Keith Hughes*,26.0,NYM,NL,-0.2,8.0,9.0,9.0,0.0,0.0,0.0,0.0,0.0,0.0,0.0,0.0,0.0,4.0,0.0,0.0,0.0,0.0,-100.0,0.0,-142.0,0.0,0.0,0.0,0.0,0.0,0.0,/H78,
Keith Miller,27.0,NYM,NL,0.5,88.0,262.0,233.0,42.0,60.0,8.0,0.0,1.0,12.0,16.0,3.0,23.0,46.0,0.258,0.327,0.305,0.632,76.0,0.313,77.0,71.0,2.0,2.0,2.0,2.0,1.0,8H4/796,
Kelly Downs,29.0,SFG,NL,-0.2,13.0,18.0,13.0,0.0,0.0,0.0,0.0,0.0,1.0,0.0,0.0,1.0,4.0,0.0,0.067,0.0,0.067,-80.0,0.047,-146.0,0.0,0.0,0.0,3.0,1.0,0.0,1,
Kelly Gruber,28.0,TOR,AL,4.2,150.0,662.0,592.0,92.0,162.0,36.0,6.0,31.0,118.0,14.0,2.0,48.0,94.0,0.274,0.33,0.512,0.842,127.0,0.382,126.0,303.0,14.0,8.0,1.0,13.0,2.0,*5/9HD,"AS,MVP-4,GG,SS"
Kelly Mann,22.0,ATL,NL,-0.4,11.0,28.0,28.0,2.0,4.0,1.0,0.0,1.0,2.0,0.0,0.0,0.0,6.0,0.143,0.143,0.286,0.429,13.0,0.186,-12.0,8.0,2.0,0.0,0.0,0.0,0.0,2/H,
Kelvin Torve*,30.0,NYM,NL,0.1,20.0,44.0,38.0,0.0,11.0,4.0,0.0,0.0,2.0,0.0,0.0,4.0,9.0,0.289,0.386,0.395,0.781,116.0,0.359,118.0,15.0,1.0,2.0,0.0,0.0,0.0,H/37,
Ken Caminiti#,27.0,HOU,NL,-0.2,153.0,596.0,541.0,52.0,131.0,20.0,2.0,4.0,51.0,9.0,4.0,48.0,97.0,0.242,0.302,0.309,0.611,71.0,0.282,64.0,167.0,15.0,0.0,3.0,4.0,7.0,*5H,
Ken Dayley*,31.0,STL,NL,-0.1,58.0,6.0,6.0,0.0,0.0,0.0,0.0,0.0,0.0,0.0,0.0,0.0,3.0,0.0,0.0,0.0,0.0,-100.0,0.0,-142.0,0.0,0.0,0.0,0.0,0.0,0.0,1,
Ken Griffey Jr.*,20.0,SEA,AL,5.2,155.0,666.0,597.0,91.0,179.0,28.0,7.0,22.0,80.0,16.0,11.0,63.0,81.0,0.3,0.366,0.481,0.847,136.0,0.376,131.0,287.0,12.0,2.0,0.0,4.0,12.0,*8/HD,"AS,MVP-19,GG"
Ken Griffey*,40.0,2TM,2LG,0.5,67.0,156.0,140.0,19.0,42.0,4.0,0.0,4.0,26.0,2.0,1.0,12.0,8.0,0.3,0.353,0.414,0.767,111.0,0.352,111.0,58.0,1.0,1.0,0.0,3.0,0.0,H7/39,
Ken Griffey*,40.0,CIN,NL,-0.3,46.0,68.0,63.0,6.0,13.0,2.0,0.0,1.0,8.0,2.0,1.0,2.0,5.0,0.206,0.235,0.286,0.521,40.0,0.247,32.0,18.0,0.0,1.0,0.0,2.0,0.0,H/379,
Ken Griffey*,40.0,SEA,AL,0.9,21.0,88.0,77.0,13.0,29.0,2.0,0.0,3.0,18.0,0.0,0.0,10.0,3.0,0.377,0.443,0.519,0.963,169.0,0.433,170.0,40.0,1.0,0.0,0.0,1.0,0.0,7/H,
Ken Hill,24.0,STL,NL,0.2,17.0,26.0,19.0,0.0,4.0,0.0,0.0,0.0,1.0,0.0,0.0,1.0,5.0,0.211,0.286,0.211,0.496,39.0,0.241,16.0,4.0,0.0,1.0,5.0,0.0,0.0,1,
Ken Howell,29.0,PHI,NL,-0.1,18.0,39.0,30.0,2.0,2.0,1.0,0.0,0.0,2.0,1.0,0.0,1.0,15.0,0.067,0.097,0.1,0.197,-45.0,0.102,-118.0,3.0,1.0,0.0,8.0,0.0,0.0,1,
Ken Oberkfell*,34.0,HOU,NL,-0.3,77.0,168.0,150.0,10.0,31.0,6.0,1.0,1.0,12.0,1.0,1.0,15.0,17.0,0.207,0.281,0.28,0.561,58.0,0.262,52.0,42.0,2.0,1.0,1.0,1.0,1.0,H534,
Ken Phelps*,35.0,2TM,AL,-1.0,56.0,143.0,120.0,10.0,18.0,2.0,0.0,1.0,6.0,1.0,0.0,22.0,21.0,0.15,0.28,0.192,0.471,37.0,0.238,31.0,23.0,4.0,0.0,0.0,1.0,3.0,D3H,
Ken Phelps*,35.0,OAK,AL,-0.2,32.0,72.0,59.0,6.0,11.0,2.0,0.0,1.0,6.0,0.0,0.0,12.0,10.0,0.186,0.319,0.271,0.591,71.0,0.294,76.0,16.0,1.0,0.0,0.0,1.0,1.0,DH/3,
Ken Phelps*,35.0,CLE,AL,-0.8,24.0,71.0,61.0,4.0,7.0,0.0,0.0,0.0,0.0,1.0,0.0,10.0,11.0,0.115,0.239,0.115,0.354,3.0,0.18,-15.0,7.0,3.0,0.0,0.0,0.0,2.0,3/DH,
Ken Williams,26.0,2TM,AL,-0.9,106.0,169.0,155.0,23.0,25.0,8.0,1.0,0.0,13.0,9.0,4.0,10.0,42.0,0.161,0.219,0.226,0.445,23.0,0.228,19.0,35.0,1.0,2.0,0.0,2.0,0.0,H798D,
Ken Williams,26.0,DET,AL,-0.8,57.0,88.0,83.0,10.0,11.0,2.0,0.0,0.0,5.0,2.0,2.0,3.0,24.0,0.133,0.17,0.157,0.327,-8.0,0.172,-13.0,13.0,0.0,1.0,0.0,1.0,0.0,H978/D,
Ken Williams,26.0,TOR,AL,-0.1,49.0,81.0,72.0,13.0,14.0,6.0,1.0,0.0,8.0,7.0,2.0,7.0,18.0,0.194,0.272,0.306,0.577,58.0,0.288,54.0,22.0,1.0,1.0,0.0,1.0,0.0,H7/8D9,
Kenny Rogers*,25.0,TEX,AL,0.0,1.0,0.0,0.0,0.0,0.0,0.0,0.0,0.0,0.0,0.0,0.0,0.0,0.0,,,,,,,,0.0,0.0,0.0,0.0,0.0,0.0,1,
Kent Anderson,26.0,CAL,AL,0.6,49.0,161.0,143.0,16.0,44.0,6.0,1.0,1.0,5.0,0.0,2.0,13.0,19.0,0.308,0.369,0.385,0.754,115.0,0.351,120.0,55.0,4.0,1.0,4.0,0.0,1.0,65/4,
Kent Hrbek*,30.0,MIN,AL,1.9,143.0,578.0,492.0,61.0,141.0,26.0,0.0,22.0,79.0,5.0,2.0,69.0,45.0,0.287,0.377,0.474,0.85,131.0,0.382,128.0,233.0,17.0,7.0,2.0,8.0,8.0,*3D/H5,
Kent Mercker*,22.0,ATL,NL,0.0,36.0,3.0,3.0,0.0,0.0,0.0,0.0,0.0,0.0,0.0,0.0,0.0,2.0,0.0,0.0,0.0,0.0,-100.0,0.0,-150.0,0.0,0.0,0.0,0.0,0.0,0.0,1,
Kevin Baez,23.0,NYM,NL,-0.1,5.0,12.0,12.0,0.0,2.0,1.0,0.0,0.0,0.0,0.0,0.0,0.0,0.0,0.167,0.167,0.25,0.417,13.0,0.183,-10.0,3.0,2.0,0.0,0.0,0.0,0.0,/6H,
Kevin Bass#,31.0,SFG,NL,-0.4,61.0,233.0,214.0,25.0,54.0,9.0,1.0,7.0,32.0,2.0,2.0,14.0,26.0,0.252,0.303,0.402,0.705,96.0,0.32,96.0,86.0,5.0,2.0,2.0,1.0,3.0,9/H,
Kevin Belcher,22.0,TEX,AL,0.2,16.0,17.0,15.0,4.0,2.0,1.0,0.0,0.0,0.0,0.0,0.0,2.0,6.0,0.133,0.235,0.2,0.435,23.0,0.215,14.0,3.0,0.0,0.0,0.0,0.0,0.0,H/879,
Kevin Blankenship,27.0,CHC,NL,-0.1,3.0,4.0,4.0,0.0,0.0,0.0,0.0,0.0,0.0,0.0,0.0,0.0,3.0,0.0,0.0,0.0,0.0,-100.0,0.0,-151.0,0.0,0.0,0.0,0.0,0.0,0.0,/1,
Kevin Brown,25.0,TEX,AL,0.0,1.0,1.0,1.0,0.0,0.0,0.0,0.0,0.0,0.0,0.0,0.0,0.0,0.0,0.0,0.0,0.0,0.0,-100.0,0.0,-136.0,0.0,0.0,0.0,0.0,0.0,0.0,1/H,
Kevin Brown*,24.0,NYM,NL,0.0,2.0,0.0,0.0,0.0,0.0,0.0,0.0,0.0,0.0,0.0,0.0,0.0,0.0,,,,,,,,0.0,0.0,0.0,0.0,0.0,0.0,/1,
Kevin Coffman,25.0,CHC,NL,0.0,8.0,5.0,5.0,0.0,1.0,0.0,0.0,0.0,0.0,0.0,0.0,0.0,1.0,0.2,0.2,0.2,0.4,7.0,0.181,-19.0,1.0,0.0,0.0,0.0,0.0,0.0,/1,
Kevin Elster,25.0,NYM,NL,-0.2,92.0,352.0,314.0,36.0,65.0,20.0,1.0,9.0,45.0,2.0,0.0,30.0,54.0,0.207,0.274,0.363,0.637,74.0,0.297,72.0,114.0,4.0,1.0,1.0,6.0,2.0,6/H,
Kevin Gross,29.0,MON,NL,0.5,32.0,59.0,50.0,3.0,10.0,4.0,0.0,1.0,4.0,0.0,0.0,2.0,21.0,0.2,0.231,0.34,0.571,58.0,0.254,38.0,17.0,0.0,0.0,7.0,0.0,0.0,1/H,
Kevin Maas*,25.0,NYY,AL,1.2,79.0,300.0,254.0,42.0,64.0,9.0,0.0,21.0,41.0,1.0,2.0,43.0,76.0,0.252,0.367,0.535,0.902,150.0,0.391,144.0,136.0,2.0,3.0,0.0,0.0,10.0,3D/H,ROY-2
Kevin McReynolds,30.0,NYM,NL,3.6,147.0,601.0,521.0,75.0,140.0,23.0,1.0,24.0,82.0,9.0,2.0,71.0,61.0,0.269,0.353,0.455,0.808,121.0,0.371,126.0,237.0,8.0,1.0,0.0,8.0,11.0,*7/H,
Kevin Mitchell,28.0,SFG,NL,4.1,140.0,589.0,524.0,90.0,152.0,24.0,2.0,35.0,93.0,4.0,7.0,58.0,87.0,0.29,0.36,0.544,0.904,150.0,0.396,153.0,285.0,8.0,2.0,0.0,5.0,9.0,*7/H,"AS,MVP-11"
Kevin Reimer*,26.0,TEX,AL,0.4,64.0,111.0,100.0,5.0,26.0,9.0,1.0,2.0,15.0,0.0,1.0,10.0,22.0,0.26,0.333,0.43,0.763,113.0,0.366,126.0,43.0,3.0,1.0,0.0,0.0,0.0,HD/79,
Kevin Romine,29.0,BOS,AL,0.3,70.0,151.0,136.0,21.0,37.0,7.0,0.0,2.0,14.0,4.0,0.0,12.0,27.0,0.272,0.331,0.368,0.699,93.0,0.333,90.0,50.0,7.0,1.0,0.0,2.0,0.0,98H7/D,
Kevin Seitzer,28.0,KCR,AL,3.2,158.0,697.0,622.0,91.0,171.0,31.0,5.0,6.0,38.0,7.0,5.0,67.0,66.0,0.275,0.346,0.37,0.716,103.0,0.339,106.0,230.0,11.0,2.0,4.0,2.0,2.0,*54/H,
Kip Gross,25.0,CIN,NL,0.0,5.0,0.0,0.0,0.0,0.0,0.0,0.0,0.0,0.0,0.0,0.0,0.0,0.0,,,,,,,,0.0,0.0,0.0,0.0,0.0,0.0,/1,
Kirby Puckett,30.0,MIN,AL,2.8,146.0,615.0,551.0,82.0,164.0,40.0,3.0,12.0,80.0,5.0,4.0,57.0,73.0,0.298,0.365,0.446,0.811,121.0,0.375,124.0,246.0,15.0,3.0,1.0,3.0,11.0,*8/79D456H,AS
Kirk Gibson*,33.0,LAD,NL,2.5,89.0,359.0,315.0,59.0,82.0,20.0,0.0,8.0,38.0,26.0,2.0,39.0,65.0,0.26,0.345,0.4,0.745,108.0,0.356,108.0,126.0,4.0,3.0,0.0,2.0,0.0,87/H,
Kirt Manwaring,24.0,SFG,NL,-0.2,8.0,13.0,13.0,0.0,2.0,0.0,1.0,0.0,1.0,0.0,0.0,0.0,3.0,0.154,0.154,0.308,0.462,26.0,0.195,4.0,4.0,0.0,0.0,0.0,0.0,0.0,/2,
Kurt Stillwell#,25.0,KCR,AL,0.9,144.0,560.0,506.0,60.0,126.0,35.0,4.0,3.0,51.0,0.0,2.0,39.0,60.0,0.249,0.304,0.352,0.656,85.0,0.307,83.0,178.0,11.0,4.0,4.0,7.0,1.0,*6/H,
Lance Blankenship,26.0,OAK,AL,0.3,86.0,162.0,136.0,18.0,26.0,3.0,0.0,0.0,10.0,3.0,1.0,20.0,23.0,0.191,0.295,0.213,0.508,48.0,0.272,58.0,29.0,6.0,0.0,6.0,0.0,0.0,5H497/D38,
Lance Dickson,20.0,CHC,NL,-0.1,3.0,3.0,3.0,0.0,0.0,0.0,0.0,0.0,0.0,0.0,0.0,0.0,0.0,0.0,0.0,0.0,0.0,-100.0,0.0,-153.0,0.0,0.0,0.0,0.0,0.0,0.0,/1,
Lance Johnson*,26.0,CHW,AL,2.6,151.0,587.0,541.0,76.0,154.0,18.0,9.0,1.0,51.0,36.0,22.0,33.0,45.0,0.285,0.325,0.357,0.681,93.0,0.323,96.0,193.0,12.0,1.0,8.0,4.0,2.0,*8H/7D,
Lance Parrish,34.0,CAL,AL,4.5,133.0,523.0,470.0,54.0,126.0,14.0,0.0,24.0,70.0,2.0,2.0,46.0,107.0,0.268,0.338,0.451,0.789,123.0,0.362,123.0,212.0,12.0,5.0,0.0,2.0,4.0,*2/3DH,"AS,SS"
Larry Andersen,37.0,HOU,NL,-0.1,50.0,4.0,3.0,0.0,0.0,0.0,0.0,0.0,0.0,0.0,0.0,0.0,0.0,0.0,0.0,0.0,0.0,-100.0,0.0,-222.0,0.0,0.0,0.0,1.0,0.0,0.0,1,
Larry Sheets*,30.0,DET,AL,-1.0,131.0,390.0,360.0,40.0,94.0,17.0,2.0,10.0,52.0,1.0,3.0,24.0,42.0,0.261,0.308,0.403,0.71,97.0,0.329,97.0,145.0,13.0,2.0,0.0,4.0,2.0,7DH9,
Larry Walker*,23.0,MON,NL,3.4,133.0,478.0,419.0,59.0,101.0,18.0,3.0,19.0,51.0,21.0,7.0,49.0,112.0,0.241,0.326,0.434,0.761,112.0,0.349,112.0,182.0,8.0,5.0,3.0,2.0,5.0,*9H,ROY-7
Lee Smith,32.0,STL,NL,0.0,53.0,2.0,2.0,0.0,0.0,0.0,0.0,0.0,0.0,0.0,0.0,0.0,1.0,0.0,0.0,0.0,0.0,-100.0,0.0,-136.0,0.0,0.0,0.0,0.0,0.0,0.0,1,
Lee Stevens*,22.0,CAL,AL,-0.5,67.0,275.0,248.0,28.0,53.0,10.0,0.0,7.0,32.0,1.0,1.0,22.0,75.0,0.214,0.275,0.339,0.613,73.0,0.285,68.0,84.0,8.0,0.0,2.0,3.0,3.0,3/H,
Lenny Dykstra*,27.0,PHI,NL,8.9,149.0,691.0,590.0,106.0,192.0,35.0,3.0,9.0,60.0,33.0,5.0,89.0,48.0,0.325,0.418,0.441,0.859,138.0,0.396,140.0,260.0,5.0,7.0,2.0,3.0,14.0,*8/H,"AS,MVP-9"
Lenny Harris*,25.0,LAD,NL,3.1,137.0,465.0,431.0,61.0,131.0,16.0,4.0,2.0,29.0,15.0,10.0,29.0,31.0,0.304,0.348,0.374,0.722,102.0,0.349,116.0,161.0,8.0,1.0,3.0,1.0,2.0,54H/689,
Lenny Webster,25.0,MIN,AL,0.1,2.0,7.0,6.0,1.0,2.0,1.0,0.0,0.0,0.0,0.0,0.0,1.0,1.0,0.333,0.429,0.5,0.929,154.0,0.419,155.0,3.0,0.0,0.0,0.0,0.0,0.0,/2,
Leo Gómez,24.0,BAL,AL,-0.2,12.0,48.0,39.0,3.0,9.0,0.0,0.0,0.0,1.0,0.0,0.0,8.0,7.0,0.231,0.362,0.231,0.592,72.0,0.298,76.0,9.0,2.0,0.0,1.0,0.0,0.0,5,
Les Lancaster,28.0,CHC,NL,-0.1,55.0,24.0,20.0,1.0,1.0,0.0,0.0,0.0,0.0,0.0,0.0,3.0,11.0,0.05,0.174,0.05,0.224,-37.0,0.131,-62.0,1.0,0.0,0.0,1.0,0.0,0.0,1/7,
Lloyd McClendon,31.0,2TM,NL,-1.2,53.0,125.0,110.0,6.0,18.0,3.0,0.0,2.0,12.0,1.0,0.0,14.0,22.0,0.164,0.256,0.245,0.501,35.0,0.232,16.0,27.0,2.0,0.0,0.0,1.0,2.0,7H/23,
Lloyd McClendon,31.0,CHC,NL,-1.3,49.0,122.0,107.0,5.0,17.0,3.0,0.0,1.0,10.0,1.0,0.0,14.0,21.0,0.159,0.254,0.215,0.469,27.0,0.221,7.0,23.0,2.0,0.0,0.0,1.0,2.0,7H/23,
Lloyd McClendon,31.0,PIT,NL,0.1,4.0,3.0,3.0,1.0,1.0,0.0,0.0,1.0,2.0,0.0,0.0,0.0,1.0,0.333,0.333,1.333,1.667,344.0,0.706,375.0,4.0,0.0,0.0,0.0,0.0,0.0,/H7,
Lloyd Moseby*,30.0,DET,AL,1.0,122.0,487.0,431.0,64.0,107.0,16.0,5.0,14.0,51.0,17.0,5.0,48.0,77.0,0.248,0.329,0.406,0.735,104.0,0.344,103.0,175.0,14.0,5.0,1.0,2.0,3.0,*87/HD,
Lonnie Smith,34.0,ATL,NL,4.6,135.0,537.0,466.0,72.0,142.0,27.0,9.0,9.0,42.0,10.0,10.0,58.0,69.0,0.305,0.384,0.459,0.844,127.0,0.384,135.0,214.0,2.0,6.0,1.0,6.0,3.0,*7H,
Lou Thornton*,27.0,NYM,NL,0.0,3.0,0.0,0.0,0.0,0.0,0.0,0.0,0.0,0.0,0.0,0.0,0.0,0.0,,,,,,,,0.0,0.0,0.0,0.0,0.0,0.0,/89H,
Lou Whitaker*,33.0,DET,AL,3.8,132.0,552.0,472.0,75.0,112.0,22.0,2.0,18.0,60.0,8.0,2.0,74.0,71.0,0.237,0.338,0.407,0.744,107.0,0.344,104.0,192.0,10.0,0.0,1.0,5.0,7.0,*4H/D,
Louie Meadows*,29.0,2TM,NL,-0.6,30.0,31.0,28.0,4.0,3.0,0.0,0.0,0.0,0.0,0.0,0.0,3.0,6.0,0.107,0.194,0.107,0.301,-14.0,0.156,-28.0,3.0,0.0,0.0,0.0,0.0,0.0,H7/89,
Louie Meadows*,29.0,HOU,NL,-0.3,15.0,16.0,14.0,3.0,2.0,0.0,0.0,0.0,0.0,0.0,0.0,2.0,4.0,0.143,0.25,0.143,0.393,13.0,0.201,6.0,2.0,0.0,0.0,0.0,0.0,0.0,/H79,
Louie Meadows*,29.0,PHI,NL,-0.3,15.0,15.0,14.0,1.0,1.0,0.0,0.0,0.0,0.0,0.0,0.0,1.0,2.0,0.071,0.133,0.071,0.205,-41.0,0.107,-64.0,1.0,0.0,0.0,0.0,0.0,0.0,H/78,
Luis Gonzalez*,22.0,HOU,NL,0.0,12.0,23.0,21.0,1.0,4.0,2.0,0.0,0.0,0.0,0.0,0.0,2.0,5.0,0.19,0.261,0.286,0.547,53.0,0.231,25.0,6.0,0.0,0.0,0.0,0.0,1.0,/H53,
Luis Lopez,25.0,LAD,NL,-0.3,6.0,6.0,6.0,0.0,0.0,0.0,0.0,0.0,0.0,0.0,0.0,0.0,2.0,0.0,0.0,0.0,0.0,-100.0,0.0,-138.0,0.0,0.0,0.0,0.0,0.0,0.0,/H3,
Luis Polonia*,26.0,2TM,AL,1.2,120.0,436.0,403.0,52.0,135.0,7.0,9.0,2.0,35.0,21.0,14.0,25.0,43.0,0.335,0.372,0.412,0.784,123.0,0.355,121.0,166.0,9.0,1.0,3.0,4.0,1.0,7HD8,
Luis Polonia*,26.0,NYY,AL,0.0,11.0,23.0,22.0,2.0,7.0,0.0,0.0,0.0,3.0,1.0,0.0,0.0,1.0,0.318,0.304,0.318,0.623,75.0,0.29,60.0,7.0,1.0,0.0,0.0,1.0,0.0,/HD,
Luis Polonia*,26.0,CAL,AL,1.3,109.0,413.0,381.0,50.0,128.0,7.0,9.0,2.0,32.0,20.0,14.0,25.0,42.0,0.336,0.376,0.417,0.793,125.0,0.359,124.0,159.0,8.0,1.0,3.0,3.0,1.0,7H8D,
Luis Quiñones#,28.0,CIN,NL,0.0,83.0,164.0,145.0,10.0,35.0,7.0,0.0,2.0,17.0,1.0,0.0,13.0,29.0,0.241,0.301,0.331,0.632,71.0,0.286,58.0,48.0,3.0,1.0,1.0,4.0,3.0,H54/63,
Luis Rivera,26.0,BOS,AL,-0.7,118.0,385.0,346.0,38.0,78.0,20.0,0.0,7.0,45.0,4.0,3.0,25.0,58.0,0.225,0.279,0.344,0.623,71.0,0.291,65.0,119.0,10.0,1.0,12.0,1.0,0.0,*6/H45,
Luis Salazar,34.0,CHC,NL,0.4,115.0,434.0,410.0,44.0,104.0,13.0,3.0,12.0,47.0,3.0,1.0,19.0,59.0,0.254,0.293,0.388,0.68,80.0,0.322,83.0,159.0,4.0,4.0,0.0,1.0,3.0,57/H,
Luis Sojo,25.0,TOR,AL,0.1,33.0,85.0,80.0,14.0,18.0,3.0,0.0,1.0,9.0,1.0,1.0,5.0,5.0,0.225,0.271,0.3,0.571,56.0,0.294,67.0,24.0,1.0,0.0,0.0,0.0,0.0,4/H675D,
Mackey Sasser*,27.0,NYM,NL,1.1,100.0,288.0,270.0,31.0,83.0,14.0,0.0,6.0,41.0,0.0,0.0,15.0,19.0,0.307,0.344,0.426,0.77,111.0,0.342,106.0,115.0,7.0,1.0,0.0,2.0,9.0,2H/3,
Manuel Lee#,25.0,TOR,AL,1.2,117.0,421.0,391.0,45.0,95.0,12.0,4.0,6.0,41.0,3.0,1.0,26.0,90.0,0.243,0.288,0.34,0.628,71.0,0.303,71.0,133.0,9.0,0.0,1.0,3.0,0.0,*4/6H,
Mariano Duncan,27.0,CIN,NL,2.5,125.0,471.0,435.0,67.0,133.0,22.0,11.0,10.0,55.0,13.0,7.0,24.0,67.0,0.306,0.345,0.476,0.821,120.0,0.378,128.0,207.0,10.0,4.0,4.0,4.0,4.0,*46/H7,
Mario Díaz,28.0,NYM,NL,-0.1,16.0,23.0,22.0,0.0,3.0,1.0,0.0,0.0,1.0,0.0,0.0,0.0,3.0,0.136,0.13,0.182,0.312,-15.0,0.135,-45.0,4.0,0.0,0.0,0.0,1.0,0.0,6/H4,
Mark Bailey#,28.0,SFG,NL,0.0,5.0,7.0,7.0,1.0,1.0,0.0,0.0,1.0,3.0,0.0,0.0,0.0,2.0,0.143,0.143,0.571,0.714,90.0,0.302,81.0,4.0,0.0,0.0,0.0,0.0,0.0,/H2,
Mark Carreon,26.0,NYM,NL,1.1,82.0,205.0,188.0,30.0,47.0,12.0,0.0,10.0,26.0,1.0,0.0,15.0,29.0,0.25,0.312,0.473,0.786,114.0,0.367,123.0,89.0,1.0,2.0,0.0,0.0,0.0,8H79,
Mark Davidson,29.0,HOU,NL,-0.2,57.0,142.0,130.0,12.0,38.0,5.0,1.0,1.0,11.0,0.0,3.0,10.0,18.0,0.292,0.34,0.369,0.71,98.0,0.314,96.0,48.0,1.0,0.0,1.0,1.0,1.0,97H/8,
Mark Dewey,25.0,SFG,NL,0.1,14.0,2.0,1.0,0.0,0.0,0.0,0.0,0.0,0.0,0.0,0.0,1.0,1.0,0.0,0.5,0.0,0.5,54.0,0.353,118.0,0.0,0.0,0.0,0.0,0.0,0.0,1,
Mark Gardner,28.0,MON,NL,-0.1,27.0,52.0,44.0,2.0,5.0,1.0,1.0,0.0,1.0,0.0,0.0,0.0,23.0,0.114,0.114,0.182,0.295,-18.0,0.149,-54.0,8.0,0.0,0.0,8.0,0.0,0.0,1,
Mark Grace*,26.0,CHC,NL,3.6,157.0,662.0,589.0,72.0,182.0,32.0,1.0,9.0,82.0,15.0,6.0,59.0,54.0,0.309,0.372,0.413,0.785,110.0,0.368,116.0,243.0,10.0,5.0,1.0,8.0,5.0,*3/H,
Mark Grant,26.0,2TM,NL,0.2,59.0,8.0,6.0,2.0,2.0,0.0,0.0,0.0,1.0,0.0,0.0,1.0,2.0,0.333,0.5,0.333,0.833,132.0,0.406,148.0,2.0,0.0,1.0,0.0,0.0,0.0,1,
Mark Grant,26.0,SDP,NL,0.1,26.0,2.0,2.0,1.0,1.0,0.0,0.0,0.0,0.0,0.0,0.0,0.0,0.0,0.5,0.5,0.5,1.0,176.0,0.452,182.0,1.0,0.0,0.0,0.0,0.0,0.0,1,
Mark Grant,26.0,ATL,NL,0.1,33.0,6.0,4.0,1.0,1.0,0.0,0.0,0.0,1.0,0.0,0.0,1.0,2.0,0.25,0.5,0.25,0.75,110.0,0.391,137.0,1.0,0.0,1.0,0.0,0.0,0.0,1,
Mark Huismann,32.0,PIT,NL,0.0,2.0,0.0,0.0,0.0,0.0,0.0,0.0,0.0,0.0,0.0,0.0,0.0,0.0,,,,,,,,0.0,0.0,0.0,0.0,0.0,0.0,/1,
Mark Lemke#,24.0,ATL,NL,0.2,102.0,266.0,239.0,22.0,54.0,13.0,0.0,0.0,21.0,0.0,1.0,21.0,22.0,0.226,0.286,0.28,0.567,54.0,0.273,51.0,67.0,6.0,0.0,4.0,2.0,3.0,54H/6,
Mark Leonard*,25.0,SFG,NL,0.1,11.0,20.0,17.0,3.0,3.0,1.0,0.0,1.0,2.0,0.0,0.0,3.0,8.0,0.176,0.3,0.412,0.712,98.0,0.321,95.0,7.0,0.0,0.0,0.0,0.0,0.0,/9H7,
Mark McGwire,26.0,OAK,AL,5.7,156.0,650.0,523.0,87.0,123.0,16.0,0.0,39.0,108.0,2.0,1.0,110.0,116.0,0.235,0.37,0.489,0.859,144.0,0.388,144.0,256.0,13.0,7.0,1.0,9.0,9.0,*3/HD,"AS,MVP-11,GG"
Mark McLemore#,25.0,2TM,AL,-0.6,28.0,65.0,60.0,6.0,9.0,2.0,0.0,0.0,2.0,1.0,0.0,4.0,15.0,0.15,0.203,0.183,0.386,11.0,0.204,6.0,11.0,1.0,0.0,1.0,0.0,0.0,4/H65D,
Mark McLemore#,25.0,CAL,AL,-0.4,20.0,53.0,48.0,4.0,7.0,2.0,0.0,0.0,2.0,1.0,0.0,4.0,9.0,0.146,0.212,0.188,0.399,14.0,0.216,13.0,9.0,1.0,0.0,1.0,0.0,0.0,/46HD,
Mark McLemore#,25.0,CLE,AL,-0.2,8.0,12.0,12.0,2.0,2.0,0.0,0.0,0.0,0.0,0.0,0.0,0.0,6.0,0.167,0.167,0.167,0.333,-6.0,0.153,-29.0,2.0,0.0,0.0,0.0,0.0,0.0,/5H4D,
Mark Parent,28.0,SDP,NL,0.1,65.0,208.0,189.0,13.0,42.0,11.0,0.0,3.0,16.0,1.0,0.0,16.0,29.0,0.222,0.283,0.328,0.611,67.0,0.283,60.0,62.0,2.0,0.0,3.0,0.0,3.0,2/H,
Mark Portugal,27.0,HOU,NL,-0.3,32.0,72.0,66.0,2.0,9.0,0.0,0.0,0.0,5.0,0.0,0.0,1.0,8.0,0.136,0.149,0.136,0.286,-19.0,0.132,-55.0,9.0,4.0,0.0,5.0,0.0,0.0,1,
Mark Ross,35.0,PIT,NL,0.0,9.0,1.0,1.0,0.0,0.0,0.0,0.0,0.0,0.0,0.0,0.0,0.0,1.0,0.0,0.0,0.0,0.0,-100.0,0.0,-136.0,0.0,0.0,0.0,0.0,0.0,0.0,/1,
Mark Ryal*,29.0,PIT,NL,-0.3,9.0,12.0,12.0,0.0,1.0,0.0,0.0,0.0,0.0,0.0,0.0,0.0,3.0,0.083,0.083,0.083,0.167,-53.0,0.075,-84.0,1.0,0.0,0.0,0.0,0.0,0.0,/H79,
Mark Salas*,29.0,DET,AL,0.4,74.0,187.0,164.0,18.0,38.0,3.0,0.0,9.0,24.0,0.0,0.0,21.0,28.0,0.232,0.323,0.415,0.737,105.0,0.333,97.0,68.0,3.0,1.0,1.0,0.0,2.0,2H/D5,
Mark Thurmond*,33.0,SFG,NL,-0.1,43.0,6.0,5.0,0.0,0.0,0.0,0.0,0.0,1.0,0.0,0.0,0.0,4.0,0.0,0.0,0.0,0.0,-100.0,0.0,-137.0,0.0,0.0,0.0,0.0,1.0,0.0,1,
Mark Whiten#,23.0,TOR,AL,0.4,33.0,96.0,88.0,12.0,24.0,1.0,1.0,2.0,7.0,2.0,0.0,7.0,14.0,0.273,0.323,0.375,0.698,91.0,0.323,82.0,33.0,2.0,0.0,0.0,1.0,0.0,9/H7D,
Marquis Grissom,23.0,MON,NL,1.3,98.0,320.0,288.0,42.0,74.0,14.0,2.0,3.0,29.0,22.0,2.0,27.0,40.0,0.257,0.32,0.351,0.67,88.0,0.329,90.0,101.0,3.0,0.0,4.0,1.0,2.0,98H7,ROY-7
Marty Barrett,32.0,BOS,AL,-0.2,62.0,188.0,159.0,15.0,36.0,4.0,0.0,0.0,13.0,4.0,0.0,15.0,13.0,0.226,0.294,0.252,0.545,52.0,0.279,49.0,40.0,4.0,1.0,11.0,2.0,1.0,4/H5D,
Marty Brown,27.0,BAL,AL,-0.2,9.0,16.0,15.0,1.0,3.0,0.0,0.0,0.0,0.0,0.0,0.0,1.0,7.0,0.2,0.25,0.2,0.45,30.0,0.217,19.0,3.0,1.0,0.0,0.0,0.0,0.0,/D4H5,
Marty Clary,28.0,ATL,NL,-0.3,33.0,31.0,28.0,0.0,0.0,0.0,0.0,0.0,0.0,0.0,0.0,1.0,10.0,0.0,0.034,0.0,0.034,-90.0,0.056,-121.0,0.0,1.0,0.0,2.0,0.0,0.0,1,
Marvell Wynne*,30.0,CHC,NL,-0.9,92.0,202.0,186.0,21.0,38.0,8.0,2.0,4.0,19.0,3.0,2.0,14.0,25.0,0.204,0.264,0.333,0.597,59.0,0.272,47.0,62.0,4.0,1.0,1.0,0.0,3.0,8H7/9,
Marvin Freeman,27.0,2TM,NL,-0.1,25.0,7.0,7.0,0.0,0.0,0.0,0.0,0.0,0.0,0.0,0.0,0.0,6.0,0.0,0.0,0.0,0.0,-100.0,0.0,-143.0,0.0,0.0,0.0,0.0,0.0,0.0,1,
Marvin Freeman,27.0,PHI,NL,-0.1,16.0,7.0,7.0,0.0,0.0,0.0,0.0,0.0,0.0,0.0,0.0,0.0,6.0,0.0,0.0,0.0,0.0,-100.0,0.0,-143.0,0.0,0.0,0.0,0.0,0.0,0.0,1,
Marvin Freeman,27.0,ATL,NL,0.0,9.0,0.0,0.0,0.0,0.0,0.0,0.0,0.0,0.0,0.0,0.0,0.0,0.0,,,,,,,,0.0,0.0,0.0,0.0,0.0,0.0,/1,
Matt Nokes*,26.0,2TM,AL,0.5,136.0,382.0,351.0,33.0,87.0,9.0,1.0,11.0,40.0,2.0,2.0,24.0,47.0,0.248,0.306,0.373,0.68,90.0,0.308,82.0,131.0,11.0,6.0,0.0,1.0,6.0,2DH/9,
Matt Nokes*,26.0,DET,AL,0.1,44.0,118.0,111.0,12.0,30.0,5.0,1.0,3.0,8.0,0.0,0.0,4.0,14.0,0.27,0.305,0.414,0.719,99.0,0.313,83.0,46.0,5.0,2.0,0.0,1.0,3.0,D2/H,
Matt Nokes*,26.0,NYY,AL,0.4,92.0,264.0,240.0,21.0,57.0,4.0,0.0,8.0,32.0,2.0,2.0,20.0,33.0,0.238,0.307,0.354,0.661,85.0,0.306,81.0,85.0,6.0,4.0,0.0,0.0,3.0,2DH/9,
Matt Sinatro,30.0,SEA,AL,0.4,30.0,57.0,50.0,2.0,15.0,1.0,0.0,0.0,4.0,1.0,0.0,4.0,10.0,0.3,0.352,0.32,0.672,90.0,0.32,85.0,16.0,3.0,0.0,3.0,0.0,0.0,2/H,
Matt Stark,25.0,CHW,AL,-0.1,8.0,18.0,16.0,0.0,4.0,1.0,0.0,0.0,3.0,0.0,0.0,1.0,6.0,0.25,0.294,0.313,0.607,72.0,0.28,61.0,5.0,2.0,0.0,1.0,0.0,0.0,/DH,
Matt Williams,24.0,SFG,NL,5.0,159.0,664.0,617.0,87.0,171.0,27.0,2.0,33.0,122.0,7.0,4.0,33.0,138.0,0.277,0.319,0.488,0.807,123.0,0.36,123.0,301.0,13.0,7.0,2.0,5.0,9.0,*5/H,"AS,MVP-6,SS"
Max Venable*,33.0,CAL,AL,1.0,93.0,222.0,189.0,26.0,49.0,9.0,3.0,4.0,21.0,5.0,1.0,24.0,31.0,0.259,0.34,0.402,0.742,110.0,0.342,106.0,76.0,3.0,0.0,7.0,2.0,2.0,78H9/D,
Mel Hall*,29.0,NYY,AL,-0.7,113.0,371.0,360.0,41.0,93.0,23.0,2.0,12.0,46.0,0.0,0.0,6.0,46.0,0.258,0.272,0.433,0.706,95.0,0.315,86.0,156.0,7.0,2.0,0.0,3.0,2.0,D7H9,
Mel Rojas,23.0,MON,NL,-0.1,23.0,6.0,3.0,0.0,0.0,0.0,0.0,0.0,0.0,0.0,0.0,0.0,1.0,0.0,0.0,0.0,0.0,-100.0,0.0,-381.0,0.0,0.0,0.0,3.0,0.0,0.0,1,
Mickey Hatcher,35.0,LAD,NL,-0.9,85.0,141.0,132.0,12.0,28.0,3.0,1.0,0.0,13.0,0.0,0.0,6.0,22.0,0.212,0.248,0.25,0.498,40.0,0.238,33.0,33.0,1.0,1.0,0.0,2.0,1.0,H357,
Mickey Morandini*,24.0,PHI,NL,0.1,25.0,87.0,79.0,9.0,19.0,4.0,0.0,1.0,3.0,3.0,0.0,6.0,19.0,0.241,0.294,0.329,0.623,73.0,0.293,64.0,26.0,1.0,0.0,2.0,0.0,0.0,4/H,
Mickey Tettleton#,29.0,BAL,AL,2.9,135.0,559.0,444.0,68.0,99.0,21.0,2.0,15.0,51.0,2.0,4.0,106.0,160.0,0.223,0.376,0.381,0.756,116.0,0.358,122.0,169.0,7.0,5.0,0.0,4.0,3.0,2D/3H9,
Mike Aldrete*,29.0,MON,NL,0.7,96.0,200.0,161.0,22.0,39.0,7.0,1.0,1.0,18.0,1.0,2.0,37.0,31.0,0.242,0.385,0.317,0.702,100.0,0.331,105.0,51.0,2.0,1.0,0.0,1.0,2.0,H739,
Mike Bell*,22.0,ATL,NL,-0.1,36.0,48.0,45.0,8.0,11.0,5.0,1.0,1.0,5.0,0.0,1.0,2.0,9.0,0.244,0.292,0.467,0.758,102.0,0.322,94.0,21.0,4.0,1.0,0.0,0.0,0.0,3H,
Mike Benjamin,24.0,SFG,NL,0.4,22.0,59.0,56.0,7.0,12.0,3.0,1.0,2.0,3.0,1.0,0.0,3.0,10.0,0.214,0.254,0.411,0.665,83.0,0.322,92.0,23.0,2.0,0.0,0.0,0.0,1.0,6/H,
Mike Bielecki,30.0,CHC,NL,0.2,36.0,55.0,43.0,3.0,7.0,0.0,0.0,0.0,1.0,0.0,0.0,2.0,20.0,0.163,0.2,0.163,0.363,-2.0,0.213,-17.0,7.0,0.0,0.0,10.0,0.0,0.0,1,
Mike Blowers,25.0,NYY,AL,-0.8,48.0,157.0,144.0,16.0,27.0,4.0,0.0,5.0,21.0,1.0,0.0,12.0,50.0,0.188,0.255,0.319,0.574,60.0,0.27,52.0,46.0,3.0,1.0,0.0,0.0,1.0,5/HD,
Mike Bordick,24.0,OAK,AL,-0.1,25.0,15.0,14.0,0.0,1.0,0.0,0.0,0.0,0.0,0.0,0.0,1.0,4.0,0.071,0.133,0.071,0.205,-40.0,0.109,-56.0,1.0,0.0,0.0,0.0,0.0,0.0,5/64H,
Mike Brumley#,28.0,SEA,AL,0.1,62.0,162.0,147.0,19.0,33.0,5.0,4.0,0.0,7.0,2.0,0.0,10.0,22.0,0.224,0.272,0.313,0.585,64.0,0.276,55.0,46.0,5.0,0.0,4.0,1.0,0.0,6H/4578D,
Mike Devereaux,27.0,BAL,AL,1.0,108.0,403.0,367.0,48.0,88.0,18.0,1.0,12.0,49.0,13.0,12.0,28.0,48.0,0.24,0.291,0.392,0.683,92.0,0.324,101.0,144.0,10.0,0.0,4.0,4.0,0.0,8H/D,
Mike Dunne,27.0,SDP,NL,-0.1,10.0,6.0,6.0,0.0,0.0,0.0,0.0,0.0,0.0,0.0,0.0,0.0,2.0,0.0,0.0,0.0,0.0,-100.0,0.0,-142.0,0.0,0.0,0.0,0.0,0.0,0.0,1,
Mike Felder#,28.0,MIL,AL,1.2,121.0,272.0,237.0,38.0,65.0,7.0,2.0,3.0,27.0,20.0,9.0,22.0,17.0,0.274,0.33,0.359,0.688,94.0,0.338,102.0,85.0,0.0,0.0,8.0,5.0,0.0,*79H8/45D,
Mike Fitzgerald,29.0,MON,NL,2.3,111.0,383.0,313.0,36.0,76.0,18.0,1.0,9.0,41.0,8.0,1.0,60.0,60.0,0.243,0.365,0.393,0.758,113.0,0.356,118.0,123.0,5.0,2.0,5.0,3.0,2.0,2H/97,
Mike Gallego,29.0,OAK,AL,1.2,140.0,447.0,389.0,36.0,80.0,13.0,2.0,3.0,34.0,5.0,5.0,35.0,50.0,0.206,0.277,0.272,0.549,58.0,0.276,64.0,106.0,13.0,4.0,17.0,2.0,0.0,465/H9D,
Mike Greenwell*,26.0,BOS,AL,2.6,159.0,682.0,610.0,71.0,181.0,30.0,6.0,14.0,73.0,8.0,7.0,65.0,43.0,0.297,0.367,0.434,0.801,120.0,0.369,123.0,265.0,19.0,4.0,0.0,3.0,12.0,*7/H,
Mike Harkey,23.0,CHC,NL,0.6,27.0,66.0,56.0,4.0,14.0,4.0,0.0,0.0,4.0,0.0,0.0,1.0,16.0,0.25,0.276,0.321,0.597,59.0,0.27,38.0,18.0,0.0,1.0,8.0,0.0,0.0,1,ROY-5
Mike Hartley,28.0,LAD,NL,-0.1,32.0,16.0,13.0,1.0,1.0,0.0,0.0,0.0,0.0,0.0,0.0,0.0,8.0,0.077,0.077,0.077,0.154,-57.0,0.141,-69.0,1.0,0.0,0.0,3.0,0.0,0.0,1,
Mike Heath,35.0,DET,AL,0.9,122.0,398.0,370.0,46.0,100.0,18.0,2.0,7.0,38.0,7.0,6.0,19.0,71.0,0.27,0.311,0.386,0.697,94.0,0.329,97.0,143.0,12.0,4.0,2.0,3.0,0.0,*2H/9D6,
Mike Henneman,28.0,DET,AL,0.0,2.0,0.0,0.0,0.0,0.0,0.0,0.0,0.0,0.0,0.0,0.0,0.0,0.0,,,,,,,,0.0,0.0,0.0,0.0,0.0,0.0,1,
Mike Jackson,25.0,SEA,AL,0.0,1.0,0.0,0.0,0.0,0.0,0.0,0.0,0.0,0.0,0.0,0.0,0.0,0.0,,,,,,,,0.0,0.0,0.0,0.0,0.0,0.0,1,
Mike Jeffcoat*,30.0,TEX,AL,0.0,1.0,0.0,0.0,0.0,0.0,0.0,0.0,0.0,0.0,0.0,0.0,0.0,0.0,,,,,,,,0.0,0.0,0.0,0.0,0.0,0.0,1,
Mike Kingery*,29.0,SFG,NL,0.3,105.0,227.0,207.0,24.0,61.0,7.0,1.0,0.0,24.0,6.0,1.0,12.0,19.0,0.295,0.335,0.338,0.673,90.0,0.324,93.0,70.0,1.0,1.0,5.0,1.0,0.0,9H7/8,
Mike LaCoss,34.0,SFG,NL,-0.3,13.0,31.0,23.0,2.0,1.0,1.0,0.0,0.0,0.0,0.0,0.0,0.0,10.0,0.043,0.043,0.087,0.13,-64.0,0.056,-167.0,2.0,0.0,0.0,8.0,0.0,0.0,1,
Mike Laga*,30.0,SFG,NL,0.1,23.0,29.0,27.0,4.0,5.0,1.0,0.0,2.0,4.0,0.0,0.0,1.0,7.0,0.185,0.241,0.444,0.686,88.0,0.303,81.0,12.0,1.0,1.0,0.0,0.0,0.0,H3,
Mike LaValliere*,29.0,PIT,NL,1.8,96.0,330.0,279.0,27.0,72.0,15.0,0.0,3.0,31.0,0.0,3.0,44.0,20.0,0.258,0.362,0.344,0.706,100.0,0.32,97.0,96.0,6.0,2.0,4.0,1.0,8.0,2/H,
Mike Macfarlane,26.0,KCR,AL,0.7,124.0,440.0,400.0,37.0,102.0,24.0,4.0,6.0,58.0,1.0,0.0,25.0,69.0,0.255,0.306,0.38,0.686,93.0,0.313,86.0,152.0,9.0,7.0,1.0,6.0,2.0,*2H/D,
Mike Maddux*,28.0,LAD,NL,0.0,11.0,2.0,2.0,0.0,0.0,0.0,0.0,0.0,0.0,0.0,0.0,0.0,0.0,0.0,0.0,0.0,0.0,-100.0,0.0,-136.0,0.0,0.0,0.0,0.0,0.0,0.0,1,
Mike Marshall,30.0,2TM,2LG,0.0,83.0,293.0,275.0,34.0,71.0,14.0,2.0,10.0,39.0,0.0,2.0,11.0,66.0,0.258,0.294,0.433,0.726,98.0,0.328,96.0,119.0,4.0,4.0,0.0,3.0,0.0,3DH/9,
Mike Marshall,30.0,NYM,NL,-0.4,53.0,176.0,163.0,24.0,39.0,8.0,1.0,6.0,27.0,0.0,2.0,7.0,40.0,0.239,0.278,0.411,0.689,88.0,0.309,86.0,67.0,2.0,3.0,0.0,3.0,0.0,3H/9,
Mike Marshall,30.0,BOS,AL,0.5,30.0,117.0,112.0,10.0,32.0,6.0,1.0,4.0,12.0,0.0,0.0,4.0,26.0,0.286,0.316,0.464,0.781,113.0,0.356,112.0,52.0,2.0,1.0,0.0,0.0,0.0,D/39,
Mike Morgan,30.0,LAD,NL,-0.3,33.0,78.0,71.0,2.0,8.0,0.0,0.0,0.0,2.0,0.0,0.0,2.0,25.0,0.113,0.137,0.113,0.25,-29.0,0.118,-64.0,8.0,1.0,0.0,5.0,0.0,0.0,1,
Mike Munoz*,24.0,LAD,NL,0.0,8.0,1.0,1.0,0.0,0.0,0.0,0.0,0.0,0.0,0.0,0.0,0.0,1.0,0.0,0.0,0.0,0.0,-100.0,0.0,-136.0,0.0,0.0,0.0,0.0,0.0,0.0,/1,
Mike Norris,35.0,OAK,AL,0.0,1.0,0.0,0.0,0.0,0.0,0.0,0.0,0.0,0.0,0.0,0.0,0.0,0.0,,,,,,,,0.0,0.0,0.0,0.0,0.0,0.0,1,
Mike Pagliarulo*,30.0,SDP,NL,0.4,128.0,446.0,398.0,29.0,101.0,23.0,2.0,7.0,38.0,1.0,3.0,39.0,66.0,0.254,0.322,0.374,0.696,91.0,0.32,91.0,149.0,12.0,3.0,2.0,4.0,3.0,*5H,
Mike Pérez,25.0,STL,NL,0.0,13.0,1.0,1.0,0.0,0.0,0.0,0.0,0.0,0.0,0.0,0.0,0.0,0.0,0.0,0.0,0.0,0.0,-100.0,0.0,-136.0,0.0,0.0,0.0,0.0,0.0,0.0,1,
Mike Roesler,26.0,PIT,NL,0.0,5.0,1.0,1.0,0.0,0.0,0.0,0.0,0.0,0.0,0.0,0.0,0.0,1.0,0.0,0.0,0.0,0.0,-100.0,0.0,-136.0,0.0,0.0,0.0,0.0,0.0,0.0,/1,
Mike Schooler,27.0,SEA,AL,0.0,2.0,1.0,1.0,0.0,0.0,0.0,0.0,0.0,0.0,0.0,0.0,0.0,0.0,0.0,0.0,0.0,0.0,-100.0,0.0,-136.0,0.0,0.0,0.0,0.0,0.0,0.0,1,
Mike Scioscia*,31.0,LAD,NL,2.7,135.0,498.0,435.0,46.0,115.0,25.0,0.0,12.0,66.0,4.0,1.0,55.0,31.0,0.264,0.348,0.405,0.753,110.0,0.339,106.0,176.0,11.0,3.0,1.0,4.0,14.0,*2/H,AS
Mike Scott,35.0,HOU,NL,0.0,32.0,64.0,54.0,0.0,7.0,0.0,0.0,0.0,1.0,1.0,0.0,4.0,22.0,0.13,0.19,0.13,0.319,-9.0,0.162,-38.0,7.0,1.0,0.0,6.0,0.0,0.0,1,
Mike Sharperson,28.0,LAD,NL,2.3,129.0,415.0,357.0,42.0,106.0,14.0,2.0,3.0,36.0,15.0,6.0,46.0,39.0,0.297,0.376,0.373,0.748,110.0,0.349,113.0,133.0,5.0,1.0,8.0,3.0,6.0,5H6/43,
Mike Simms,23.0,HOU,NL,0.1,12.0,13.0,13.0,3.0,4.0,1.0,0.0,1.0,2.0,0.0,0.0,0.0,4.0,0.308,0.308,0.615,0.923,151.0,0.401,151.0,8.0,1.0,0.0,0.0,0.0,0.0,/H3,
Mike Stanley,27.0,TEX,AL,0.4,103.0,226.0,189.0,21.0,47.0,8.0,1.0,2.0,19.0,1.0,0.0,30.0,25.0,0.249,0.35,0.333,0.683,93.0,0.328,94.0,63.0,4.0,0.0,6.0,1.0,2.0,2HD/53,
Mike Stanton*,23.0,ATL,NL,0.0,7.0,0.0,0.0,0.0,0.0,0.0,0.0,0.0,0.0,0.0,0.0,0.0,0.0,,,,,,,,0.0,0.0,0.0,0.0,0.0,0.0,/1,
Mike York,25.0,PIT,NL,0.1,4.0,3.0,3.0,1.0,1.0,0.0,0.0,0.0,0.0,0.0,0.0,0.0,1.0,0.333,0.333,0.333,0.667,88.0,0.301,81.0,1.0,0.0,0.0,0.0,0.0,0.0,/1,
Milt Cuyler#,21.0,DET,AL,0.1,19.0,59.0,51.0,8.0,13.0,3.0,1.0,0.0,8.0,1.0,2.0,5.0,10.0,0.255,0.316,0.353,0.669,87.0,0.291,77.0,18.0,1.0,0.0,2.0,1.0,0.0,8/H,
Milt Thompson*,31.0,STL,NL,0.7,135.0,463.0,418.0,42.0,91.0,14.0,7.0,6.0,30.0,25.0,5.0,39.0,60.0,0.218,0.292,0.328,0.62,71.0,0.298,67.0,137.0,4.0,5.0,1.0,0.0,5.0,*9H87,
Mitch Webster#,31.0,CLE,AL,3.4,128.0,477.0,437.0,58.0,110.0,20.0,6.0,12.0,55.0,22.0,6.0,20.0,61.0,0.252,0.285,0.407,0.693,93.0,0.323,89.0,178.0,5.0,3.0,11.0,6.0,1.0,*87H/3D,
Mitch Williams*,25.0,CHC,NL,-0.1,59.0,5.0,5.0,1.0,0.0,0.0,0.0,0.0,0.0,0.0,0.0,0.0,0.0,0.0,0.0,0.0,0.0,-100.0,0.0,-150.0,0.0,0.0,0.0,0.0,0.0,0.0,1,
MLB Average,,,,,,,,,,,,,,,,,,0.258,0.325,0.385,0.71,100.0,0.331,100.0,,,,,,,,
Moisés Alou,23.0,2TM,NL,-0.2,16.0,21.0,20.0,4.0,4.0,0.0,1.0,0.0,0.0,0.0,0.0,0.0,3.0,0.2,0.2,0.3,0.5,38.0,0.217,15.0,6.0,1.0,0.0,1.0,0.0,0.0,/H789,
Moisés Alou,23.0,PIT,NL,-0.1,2.0,5.0,5.0,0.0,1.0,0.0,0.0,0.0,0.0,0.0,0.0,0.0,0.0,0.2,0.2,0.2,0.4,13.0,0.181,-7.0,1.0,1.0,0.0,0.0,0.0,0.0,/7,
Moisés Alou,23.0,MON,NL,-0.1,14.0,16.0,15.0,4.0,3.0,0.0,1.0,0.0,0.0,0.0,0.0,0.0,3.0,0.2,0.2,0.333,0.533,47.0,0.229,23.0,5.0,0.0,0.0,1.0,0.0,0.0,/H897,
Mookie Wilson#,34.0,TOR,AL,1.9,147.0,629.0,588.0,81.0,156.0,36.0,4.0,3.0,51.0,23.0,4.0,31.0,102.0,0.265,0.3,0.355,0.656,79.0,0.311,73.0,209.0,10.0,0.0,6.0,4.0,0.0,*8/7D,
Neal Heaton*,30.0,PIT,NL,-0.3,32.0,50.0,43.0,3.0,2.0,0.0,0.0,0.0,1.0,1.0,0.0,4.0,13.0,0.047,0.128,0.047,0.174,-49.0,0.104,-77.0,2.0,3.0,0.0,3.0,0.0,0.0,1/H,AS
Nelson Liriano#,26.0,2TM,AL,0.4,103.0,400.0,355.0,46.0,83.0,12.0,9.0,1.0,28.0,8.0,7.0,38.0,44.0,0.234,0.308,0.327,0.635,74.0,0.311,80.0,116.0,8.0,1.0,4.0,2.0,0.0,4/HD6,
Nelson Liriano#,26.0,TOR,AL,-0.5,50.0,189.0,170.0,16.0,36.0,7.0,2.0,1.0,15.0,3.0,5.0,16.0,20.0,0.212,0.282,0.294,0.576,58.0,0.279,61.0,50.0,5.0,1.0,1.0,1.0,0.0,4/H,
Nelson Liriano#,26.0,MIN,AL,0.9,53.0,211.0,185.0,30.0,47.0,5.0,7.0,0.0,13.0,5.0,2.0,22.0,24.0,0.254,0.332,0.357,0.688,89.0,0.34,97.0,66.0,3.0,0.0,3.0,1.0,0.0,4/HD6,
Nelson Santovenia,28.0,MON,NL,-1.1,59.0,176.0,163.0,13.0,31.0,3.0,1.0,6.0,28.0,0.0,3.0,8.0,31.0,0.19,0.222,0.331,0.553,53.0,0.245,46.0,54.0,5.0,0.0,0.0,5.0,0.0,2H,
Nick Esasky,30.0,ATL,NL,-0.6,9.0,39.0,35.0,2.0,6.0,0.0,0.0,0.0,0.0,0.0,0.0,4.0,14.0,0.171,0.256,0.171,0.428,18.0,0.211,6.0,6.0,0.0,0.0,0.0,0.0,0.0,/3,
Norm Charlton#,27.0,CIN,NL,0.0,57.0,42.0,37.0,4.0,5.0,0.0,0.0,0.0,0.0,0.0,0.0,3.0,21.0,0.135,0.238,0.135,0.373,4.0,0.193,-7.0,5.0,0.0,2.0,0.0,0.0,0.0,1/H,
Oddibe McDowell*,27.0,ATL,NL,-0.2,113.0,329.0,305.0,47.0,74.0,14.0,0.0,7.0,25.0,13.0,2.0,21.0,53.0,0.243,0.295,0.357,0.652,76.0,0.313,75.0,109.0,3.0,2.0,0.0,1.0,0.0,8H7/9,
Oil Can Boyd,30.0,MON,NL,-0.5,31.0,71.0,59.0,1.0,3.0,0.0,0.0,0.0,0.0,0.0,0.0,0.0,20.0,0.051,0.051,0.051,0.102,-71.0,0.077,-120.0,3.0,1.0,0.0,12.0,0.0,0.0,1,
Omar Olivares,22.0,STL,NL,0.1,9.0,18.0,17.0,2.0,3.0,1.0,0.0,1.0,4.0,0.0,0.0,0.0,4.0,0.176,0.167,0.412,0.578,54.0,0.239,31.0,7.0,0.0,0.0,0.0,1.0,0.0,/1,
Omar Vizquel#,23.0,SEA,AL,1.5,81.0,285.0,255.0,19.0,63.0,3.0,2.0,2.0,18.0,4.0,1.0,18.0,22.0,0.247,0.295,0.298,0.593,67.0,0.284,61.0,76.0,7.0,0.0,10.0,2.0,0.0,6,
Orel Hershiser,31.0,LAD,NL,-0.1,4.0,8.0,7.0,0.0,0.0,0.0,0.0,0.0,0.0,0.0,0.0,0.0,1.0,0.0,0.0,0.0,0.0,-100.0,0.0,-175.0,0.0,0.0,0.0,1.0,0.0,0.0,/1,
Orlando Mercado,28.0,2TM,NL,-0.7,50.0,108.0,98.0,10.0,21.0,1.0,0.0,3.0,7.0,0.0,0.0,8.0,12.0,0.214,0.287,0.316,0.603,67.0,0.284,63.0,31.0,4.0,2.0,0.0,0.0,3.0,2/H,
Orlando Mercado,28.0,NYM,NL,-0.6,42.0,100.0,90.0,10.0,19.0,1.0,0.0,3.0,7.0,0.0,0.0,8.0,11.0,0.211,0.29,0.322,0.612,69.0,0.289,66.0,29.0,4.0,2.0,0.0,0.0,3.0,2/H,
Orlando Mercado,28.0,MON,NL,-0.1,8.0,8.0,8.0,0.0,2.0,0.0,0.0,0.0,0.0,0.0,0.0,0.0,1.0,0.25,0.25,0.25,0.5,41.0,0.226,26.0,2.0,0.0,0.0,0.0,0.0,0.0,/2,
Orlando Merced#,23.0,PIT,NL,-0.1,25.0,25.0,24.0,3.0,5.0,1.0,0.0,0.0,0.0,0.0,0.0,1.0,9.0,0.208,0.24,0.25,0.49,38.0,0.224,25.0,6.0,1.0,0.0,0.0,0.0,0.0,H/29,
Otis Nixon#,31.0,MON,NL,1.5,119.0,263.0,231.0,46.0,58.0,6.0,2.0,1.0,20.0,50.0,13.0,28.0,33.0,0.251,0.331,0.307,0.638,81.0,0.332,86.0,71.0,2.0,0.0,3.0,1.0,0.0,8H7/6,
Ozzie Canseco,25.0,OAK,AL,-0.3,9.0,20.0,19.0,1.0,2.0,1.0,0.0,0.0,1.0,0.0,0.0,1.0,10.0,0.105,0.15,0.158,0.308,-12.0,0.147,-29.0,3.0,0.0,0.0,0.0,0.0,0.0,/HD79,
Ozzie Guillén*,26.0,CHW,AL,3.2,160.0,563.0,516.0,61.0,144.0,21.0,4.0,1.0,58.0,13.0,17.0,26.0,37.0,0.279,0.312,0.341,0.653,85.0,0.293,78.0,176.0,6.0,1.0,15.0,5.0,8.0,*6/H,"AS,MVP-17,GG"
Ozzie Smith#,35.0,STL,NL,3.6,143.0,592.0,512.0,61.0,130.0,21.0,1.0,1.0,50.0,32.0,6.0,61.0,33.0,0.254,0.33,0.305,0.635,77.0,0.313,78.0,156.0,8.0,2.0,7.0,10.0,4.0,*6/H,"AS,GG"
Ozzie Virgil,33.0,TOR,AL,-0.1,3.0,5.0,5.0,0.0,0.0,0.0,0.0,0.0,0.0,0.0,0.0,0.0,3.0,0.0,0.0,0.0,0.0,-100.0,0.0,-144.0,0.0,0.0,0.0,0.0,0.0,0.0,/2D,
Pat Borders,27.0,TOR,AL,3.0,125.0,368.0,346.0,36.0,99.0,24.0,2.0,15.0,49.0,0.0,1.0,18.0,57.0,0.286,0.319,0.497,0.816,120.0,0.365,117.0,172.0,17.0,0.0,1.0,3.0,2.0,*2H/D,
Pat Clements,28.0,SDP,NL,0.0,9.0,0.0,0.0,0.0,0.0,0.0,0.0,0.0,0.0,0.0,0.0,0.0,0.0,,,,,,,,0.0,0.0,0.0,0.0,0.0,0.0,/1,
Pat Combs*,23.0,PHI,NL,0.3,32.0,67.0,60.0,6.0,9.0,2.0,0.0,0.0,2.0,0.0,0.0,3.0,24.0,0.15,0.19,0.183,0.374,4.0,0.204,1.0,11.0,0.0,0.0,4.0,0.0,0.0,1,
Pat Perry*,31.0,LAD,NL,0.0,7.0,1.0,1.0,0.0,0.0,0.0,0.0,0.0,0.0,0.0,0.0,0.0,1.0,0.0,0.0,0.0,0.0,-100.0,0.0,-136.0,0.0,0.0,0.0,0.0,0.0,0.0,/1,
Pat Tabler,32.0,2TM,2LG,-0.8,92.0,266.0,238.0,18.0,65.0,15.0,1.0,2.0,29.0,0.0,2.0,23.0,29.0,0.273,0.338,0.37,0.708,100.0,0.324,97.0,88.0,8.0,2.0,0.0,3.0,2.0,9HD7/53,
Pat Tabler,32.0,KCR,AL,-1.1,75.0,219.0,195.0,12.0,53.0,14.0,0.0,1.0,19.0,0.0,2.0,20.0,21.0,0.272,0.338,0.359,0.697,97.0,0.321,96.0,70.0,8.0,1.0,0.0,3.0,2.0,9DH7/53,
Pat Tabler,32.0,NYM,NL,0.3,17.0,47.0,43.0,6.0,12.0,1.0,1.0,1.0,10.0,0.0,0.0,3.0,8.0,0.279,0.34,0.419,0.759,108.0,0.341,105.0,18.0,0.0,1.0,0.0,0.0,0.0,/9H7,
Paul Assenmacher*,29.0,CHC,NL,-0.1,74.0,10.0,8.0,0.0,0.0,0.0,0.0,0.0,0.0,0.0,0.0,0.0,3.0,0.0,0.0,0.0,0.0,-100.0,0.0,-213.0,0.0,0.0,0.0,2.0,0.0,0.0,1,
Paul Faries,25.0,SDP,NL,0.3,14.0,45.0,37.0,4.0,7.0,1.0,0.0,0.0,2.0,0.0,1.0,4.0,7.0,0.189,0.279,0.216,0.495,38.0,0.27,59.0,8.0,0.0,1.0,2.0,1.0,0.0,/46H5,
Paul Marak,24.0,ATL,NL,0.0,7.0,13.0,11.0,1.0,1.0,0.0,0.0,0.0,0.0,0.0,0.0,1.0,4.0,0.091,0.167,0.091,0.258,-28.0,0.134,-63.0,1.0,0.0,0.0,1.0,0.0,0.0,/1,
Paul McClellan,24.0,SFG,NL,0.1,4.0,2.0,2.0,0.0,1.0,0.0,0.0,0.0,0.0,0.0,0.0,0.0,0.0,0.5,0.5,0.5,1.0,182.0,0.452,186.0,1.0,0.0,0.0,0.0,0.0,0.0,/1,
Paul Molitor,33.0,MIL,AL,3.2,103.0,458.0,418.0,64.0,119.0,27.0,6.0,12.0,45.0,18.0,3.0,37.0,51.0,0.285,0.343,0.464,0.807,125.0,0.379,128.0,194.0,7.0,1.0,0.0,2.0,4.0,43/D5H,
Paul Noce,30.0,CIN,NL,0.1,1.0,1.0,1.0,0.0,1.0,0.0,0.0,0.0,0.0,0.0,0.0,0.0,0.0,1.0,1.0,1.0,2.0,443.0,0.904,500.0,1.0,0.0,0.0,0.0,0.0,0.0,/H,
Paul O'Neill*,27.0,CIN,NL,0.3,145.0,564.0,503.0,59.0,136.0,28.0,0.0,16.0,78.0,13.0,11.0,53.0,103.0,0.27,0.339,0.421,0.761,105.0,0.33,95.0,212.0,12.0,2.0,1.0,5.0,13.0,*9H/8,MVP-19
Paul Sorrento*,24.0,MIN,AL,-0.3,41.0,135.0,121.0,11.0,25.0,4.0,1.0,5.0,13.0,1.0,1.0,12.0,31.0,0.207,0.281,0.38,0.662,80.0,0.305,75.0,46.0,3.0,1.0,0.0,1.0,0.0,D3/H,
Pedro Guerrero,34.0,STL,NL,-0.1,136.0,554.0,498.0,42.0,140.0,31.0,1.0,13.0,80.0,1.0,1.0,44.0,70.0,0.281,0.334,0.426,0.76,108.0,0.336,101.0,212.0,14.0,1.0,0.0,11.0,14.0,*3/H,MVP-24
Pedro Muñoz,21.0,MIN,AL,-0.8,22.0,90.0,85.0,13.0,23.0,4.0,1.0,0.0,5.0,3.0,0.0,2.0,16.0,0.271,0.281,0.341,0.622,70.0,0.308,69.0,29.0,3.0,0.0,1.0,2.0,0.0,9/7D,
Pete Coachman,28.0,CAL,AL,0.0,16.0,49.0,45.0,3.0,14.0,3.0,0.0,0.0,5.0,0.0,1.0,1.0,7.0,0.311,0.354,0.378,0.732,108.0,0.346,119.0,17.0,1.0,2.0,1.0,0.0,0.0,/5H4D,
Pete Incaviglia,26.0,TEX,AL,1.3,153.0,587.0,529.0,59.0,123.0,27.0,0.0,24.0,85.0,3.0,4.0,45.0,146.0,0.233,0.302,0.42,0.721,100.0,0.329,98.0,222.0,18.0,9.0,0.0,4.0,5.0,*78H/D9,
Pete O'Brien*,32.0,SEA,AL,0.0,108.0,417.0,366.0,32.0,82.0,18.0,0.0,5.0,27.0,0.0,0.0,44.0,33.0,0.224,0.308,0.314,0.622,75.0,0.292,70.0,115.0,12.0,2.0,1.0,4.0,1.0,3/7DH,
Pete Smith,24.0,ATL,NL,-0.1,13.0,28.0,23.0,2.0,2.0,0.0,0.0,0.0,0.0,0.0,0.0,1.0,1.0,0.087,0.125,0.087,0.212,-41.0,0.143,-67.0,2.0,0.0,0.0,4.0,0.0,0.0,1,
Phil Bradley,31.0,2TM,AL,0.7,117.0,495.0,422.0,59.0,108.0,14.0,2.0,4.0,31.0,17.0,7.0,50.0,61.0,0.256,0.349,0.327,0.676,93.0,0.331,99.0,138.0,11.0,11.0,11.0,1.0,5.0,78H/D9,
Phil Bradley,31.0,BAL,AL,0.7,72.0,333.0,289.0,39.0,78.0,9.0,1.0,4.0,26.0,10.0,4.0,30.0,35.0,0.27,0.352,0.349,0.701,100.0,0.344,109.0,101.0,9.0,7.0,6.0,1.0,2.0,7/HD,
Phil Bradley,31.0,CHW,AL,-0.1,45.0,162.0,133.0,20.0,30.0,5.0,1.0,0.0,5.0,7.0,3.0,20.0,26.0,0.226,0.344,0.278,0.622,78.0,0.302,76.0,37.0,2.0,4.0,5.0,0.0,3.0,78/HD9,
Phil Plantier*,21.0,BOS,AL,-0.1,14.0,21.0,15.0,1.0,2.0,1.0,0.0,0.0,3.0,0.0,0.0,4.0,6.0,0.133,0.333,0.2,0.533,51.0,0.278,56.0,3.0,1.0,1.0,0.0,1.0,0.0,H/D7,
Phil Stephenson*,29.0,SDP,NL,-0.8,103.0,213.0,182.0,26.0,38.0,9.0,1.0,4.0,19.0,2.0,1.0,30.0,43.0,0.209,0.319,0.335,0.654,80.0,0.31,81.0,61.0,3.0,0.0,0.0,1.0,1.0,3H,
R.J. Reynolds#,31.0,PIT,NL,0.0,95.0,243.0,215.0,25.0,62.0,10.0,1.0,0.0,19.0,12.0,2.0,23.0,35.0,0.288,0.354,0.344,0.698,97.0,0.339,102.0,74.0,12.0,0.0,0.0,2.0,1.0,H987,
Rafael Belliard,28.0,PIT,NL,-0.3,47.0,61.0,54.0,10.0,11.0,3.0,0.0,0.0,6.0,1.0,2.0,5.0,13.0,0.204,0.283,0.259,0.543,54.0,0.244,47.0,14.0,2.0,1.0,1.0,0.0,0.0,4H6/5,
Rafael Novoa*,22.0,SFG,NL,0.1,7.0,6.0,5.0,1.0,1.0,0.0,0.0,0.0,1.0,0.0,0.0,1.0,2.0,0.2,0.333,0.2,0.533,54.0,0.268,57.0,1.0,0.0,0.0,0.0,0.0,0.0,/1,
Rafael Palmeiro*,25.0,TEX,AL,4.3,154.0,651.0,598.0,72.0,191.0,35.0,6.0,14.0,89.0,3.0,3.0,40.0,59.0,0.319,0.361,0.468,0.829,131.0,0.372,128.0,280.0,24.0,3.0,2.0,8.0,6.0,*3/DH,MVP-14
Rafael Ramírez,32.0,HOU,NL,-0.4,132.0,480.0,445.0,44.0,116.0,19.0,3.0,2.0,37.0,10.0,5.0,24.0,46.0,0.261,0.299,0.33,0.63,76.0,0.301,78.0,147.0,9.0,1.0,9.0,1.0,9.0,*6/H,
Rafael Santana,32.0,CLE,AL,-0.1,7.0,13.0,13.0,3.0,3.0,0.0,0.0,1.0,3.0,0.0,0.0,0.0,0.0,0.231,0.231,0.462,0.692,90.0,0.304,79.0,6.0,1.0,0.0,0.0,0.0,0.0,/6,
Rafael Valdéz,22.0,SDP,NL,0.0,3.0,1.0,1.0,0.0,0.0,0.0,0.0,0.0,0.0,0.0,0.0,0.0,0.0,0.0,0.0,0.0,0.0,-100.0,0.0,-136.0,0.0,0.0,0.0,0.0,0.0,0.0,/1,
Ramón Martínez*,22.0,LAD,NL,-0.2,33.0,92.0,80.0,2.0,10.0,0.0,0.0,0.0,6.0,0.0,0.0,1.0,32.0,0.125,0.145,0.125,0.27,-24.0,0.137,-55.0,10.0,1.0,1.0,9.0,1.0,0.0,1,"AS,CYA-2,MVP-16"
Rance Mulliniks*,34.0,TOR,AL,0.7,57.0,120.0,97.0,11.0,28.0,4.0,0.0,2.0,16.0,2.0,1.0,22.0,19.0,0.289,0.417,0.392,0.808,123.0,0.373,122.0,38.0,2.0,0.0,0.0,1.0,2.0,H5/D3,
Randy Bush*,31.0,MIN,AL,0.1,73.0,210.0,181.0,17.0,44.0,8.0,0.0,6.0,18.0,0.0,3.0,21.0,27.0,0.243,0.338,0.387,0.725,98.0,0.328,94.0,70.0,2.0,6.0,0.0,2.0,2.0,9DH/37,
Randy Hennis,24.0,HOU,NL,0.0,3.0,2.0,2.0,0.0,0.0,0.0,0.0,0.0,0.0,0.0,0.0,0.0,1.0,0.0,0.0,0.0,0.0,-100.0,0.0,-136.0,0.0,0.0,0.0,0.0,0.0,0.0,/1,
Randy Kramer,29.0,2TM,NL,-0.1,22.0,7.0,6.0,0.0,0.0,0.0,0.0,0.0,0.0,0.0,0.0,0.0,2.0,0.0,0.0,0.0,0.0,-100.0,0.0,-180.0,0.0,0.0,0.0,1.0,0.0,0.0,1,
Randy Kramer,29.0,PIT,NL,-0.1,12.0,5.0,5.0,0.0,0.0,0.0,0.0,0.0,0.0,0.0,0.0,0.0,2.0,0.0,0.0,0.0,0.0,-100.0,0.0,-137.0,0.0,0.0,0.0,0.0,0.0,0.0,1,
Randy Kramer,29.0,CHC,NL,0.0,10.0,2.0,1.0,0.0,0.0,0.0,0.0,0.0,0.0,0.0,0.0,0.0,0.0,0.0,0.0,0.0,0.0,-100.0,0.0,-391.0,0.0,0.0,0.0,1.0,0.0,0.0,1,
Randy Kutcher,30.0,BOS,AL,-0.3,63.0,90.0,74.0,18.0,17.0,4.0,1.0,1.0,5.0,3.0,3.0,13.0,18.0,0.23,0.345,0.351,0.696,93.0,0.317,90.0,26.0,2.0,0.0,3.0,0.0,0.0,9H5/84D7,
Randy McCament,27.0,SFG,NL,0.0,3.0,1.0,1.0,0.0,0.0,0.0,0.0,0.0,0.0,0.0,0.0,0.0,0.0,0.0,0.0,0.0,0.0,-100.0,0.0,-136.0,0.0,0.0,0.0,0.0,0.0,0.0,/1,
Randy Milligan,28.0,BAL,AL,4.2,109.0,456.0,362.0,64.0,96.0,20.0,1.0,20.0,60.0,6.0,3.0,88.0,68.0,0.265,0.408,0.492,0.9,155.0,0.418,163.0,178.0,11.0,2.0,0.0,4.0,3.0,3/DH,
Randy Myers*,27.0,CIN,NL,0.0,66.0,4.0,4.0,0.0,1.0,0.0,0.0,0.0,1.0,0.0,0.0,0.0,2.0,0.25,0.25,0.25,0.5,36.0,0.226,16.0,1.0,0.0,0.0,0.0,0.0,0.0,1,"AS,CYA-5,MVP-17"
Randy O'Neal,29.0,SFG,NL,0.0,26.0,7.0,6.0,0.0,1.0,0.0,0.0,0.0,0.0,0.0,0.0,0.0,3.0,0.167,0.167,0.167,0.333,-6.0,0.151,-49.0,1.0,0.0,0.0,1.0,0.0,0.0,1,
Randy Ready,30.0,PHI,NL,0.3,101.0,253.0,217.0,26.0,53.0,9.0,1.0,1.0,26.0,3.0,2.0,29.0,35.0,0.244,0.332,0.309,0.641,79.0,0.305,80.0,67.0,3.0,1.0,3.0,3.0,0.0,H74,
Randy Tomlin*,24.0,PIT,NL,-0.1,12.0,28.0,25.0,1.0,1.0,1.0,0.0,0.0,0.0,0.0,0.0,1.0,7.0,0.04,0.077,0.08,0.157,-56.0,0.148,-41.0,2.0,1.0,0.0,2.0,0.0,0.0,1,
Randy Velarde,27.0,NYY,AL,1.4,95.0,253.0,229.0,21.0,48.0,6.0,2.0,5.0,19.0,0.0,3.0,20.0,53.0,0.21,0.275,0.319,0.594,66.0,0.287,70.0,73.0,6.0,1.0,2.0,1.0,0.0,56H/74D,
Ray Lankford*,23.0,STL,NL,0.8,39.0,139.0,126.0,12.0,36.0,10.0,1.0,3.0,12.0,8.0,2.0,13.0,27.0,0.286,0.353,0.452,0.805,121.0,0.367,118.0,57.0,1.0,0.0,0.0,0.0,0.0,8/H,
Ray Searage*,35.0,LAD,NL,0.0,29.0,2.0,2.0,0.0,0.0,0.0,0.0,0.0,0.0,0.0,0.0,0.0,1.0,0.0,0.0,0.0,0.0,-100.0,0.0,-136.0,0.0,0.0,0.0,0.0,0.0,0.0,1,
Ray Stephens,27.0,STL,NL,-0.3,5.0,15.0,15.0,2.0,2.0,1.0,0.0,1.0,1.0,0.0,0.0,0.0,3.0,0.133,0.133,0.4,0.533,41.0,0.227,22.0,6.0,2.0,0.0,0.0,0.0,0.0,/2,
Reggie Harris,21.0,OAK,AL,0.0,1.0,0.0,0.0,0.0,0.0,0.0,0.0,0.0,0.0,0.0,0.0,0.0,0.0,,,,,,,,0.0,0.0,0.0,0.0,0.0,0.0,1,
Rene Gonzales,29.0,BAL,AL,0.4,67.0,121.0,103.0,13.0,22.0,3.0,1.0,1.0,12.0,1.0,2.0,12.0,14.0,0.214,0.296,0.291,0.587,68.0,0.287,72.0,30.0,3.0,0.0,6.0,0.0,0.0,45H/69,
Rex Hudler,29.0,2TM,NL,2.0,93.0,237.0,220.0,31.0,62.0,11.0,2.0,7.0,22.0,18.0,10.0,12.0,32.0,0.282,0.323,0.445,0.769,110.0,0.358,119.0,98.0,3.0,2.0,2.0,1.0,1.0,H974/3586,
Rex Hudler,29.0,MON,NL,0.0,4.0,3.0,3.0,1.0,1.0,0.0,0.0,0.0,0.0,0.0,0.0,0.0,1.0,0.333,0.333,0.333,0.667,88.0,0.301,81.0,1.0,0.0,0.0,0.0,0.0,0.0,/H,
Rex Hudler,29.0,STL,NL,2.0,89.0,234.0,217.0,30.0,61.0,11.0,2.0,7.0,22.0,18.0,10.0,12.0,31.0,0.281,0.323,0.447,0.77,110.0,0.358,120.0,97.0,3.0,2.0,2.0,1.0,1.0,H974/3586,
Rey Palacios,27.0,KCR,AL,0.1,41.0,61.0,56.0,8.0,13.0,3.0,0.0,2.0,9.0,2.0,2.0,5.0,24.0,0.232,0.295,0.393,0.688,93.0,0.335,108.0,22.0,0.0,0.0,0.0,0.0,0.0,2H/359,
Rich Gedman*,30.0,2TM,2LG,-0.3,50.0,143.0,119.0,7.0,24.0,7.0,0.0,1.0,10.0,0.0,0.0,20.0,30.0,0.202,0.319,0.286,0.605,70.0,0.283,62.0,34.0,3.0,1.0,2.0,1.0,6.0,2/H,
Rich Gedman*,30.0,BOS,AL,0.1,10.0,21.0,15.0,3.0,3.0,0.0,0.0,0.0,0.0,0.0,0.0,5.0,6.0,0.2,0.429,0.2,0.629,80.0,0.382,130.0,3.0,1.0,1.0,0.0,0.0,0.0,/2H,
Rich Gedman*,30.0,HOU,NL,-0.4,40.0,122.0,104.0,4.0,21.0,7.0,0.0,1.0,10.0,0.0,0.0,15.0,24.0,0.202,0.3,0.298,0.598,68.0,0.265,49.0,31.0,2.0,0.0,2.0,1.0,6.0,2/H,
Rich Rodriguez*,27.0,SDP,NL,0.0,32.0,4.0,3.0,1.0,0.0,0.0,0.0,0.0,0.0,0.0,0.0,1.0,1.0,0.0,0.25,0.0,0.25,-25.0,0.176,-16.0,0.0,1.0,0.0,0.0,0.0,0.0,1,
Rich Rowland,26.0,DET,AL,-0.2,7.0,21.0,19.0,3.0,3.0,1.0,0.0,0.0,0.0,0.0,0.0,2.0,4.0,0.158,0.238,0.211,0.449,26.0,0.239,28.0,4.0,1.0,0.0,0.0,0.0,1.0,/2DH,
Rich Thompson,31.0,MON,NL,0.0,1.0,0.0,0.0,0.0,0.0,0.0,0.0,0.0,0.0,0.0,0.0,0.0,0.0,,,,,,,,0.0,0.0,0.0,0.0,0.0,0.0,/1,
Rick Aguilera,28.0,MIN,AL,0.0,1.0,0.0,0.0,0.0,0.0,0.0,0.0,0.0,0.0,0.0,0.0,0.0,0.0,,,,,,,,0.0,0.0,0.0,0.0,0.0,0.0,1,
Rick Cerone,36.0,NYY,AL,0.9,49.0,146.0,139.0,12.0,42.0,6.0,0.0,2.0,11.0,0.0,0.0,5.0,13.0,0.302,0.324,0.388,0.713,99.0,0.335,101.0,54.0,4.0,0.0,1.0,1.0,0.0,2H/D4,
Rick Dempsey,40.0,LAD,NL,0.2,62.0,151.0,128.0,13.0,25.0,5.0,0.0,2.0,15.0,1.0,0.0,23.0,29.0,0.195,0.318,0.281,0.599,69.0,0.288,68.0,36.0,8.0,0.0,0.0,0.0,0.0,2H,
Rick Honeycutt*,36.0,OAK,AL,0.0,5.0,2.0,2.0,0.0,0.0,0.0,0.0,0.0,0.0,0.0,0.0,0.0,1.0,0.0,0.0,0.0,0.0,-100.0,0.0,-132.0,0.0,0.0,0.0,0.0,0.0,0.0,1/HD,
Rick Lancellotti*,33.0,BOS,AL,-0.2,4.0,9.0,8.0,0.0,0.0,0.0,0.0,0.0,1.0,0.0,0.0,0.0,3.0,0.0,0.0,0.0,0.0,-100.0,0.0,-142.0,0.0,0.0,0.0,0.0,1.0,0.0,/3H,
Rick Leach*,33.0,SFG,NL,0.7,78.0,196.0,174.0,24.0,51.0,13.0,0.0,2.0,16.0,0.0,2.0,21.0,20.0,0.293,0.372,0.402,0.775,118.0,0.366,131.0,70.0,2.0,1.0,0.0,0.0,0.0,9H7/3,
Rick Luecken,29.0,ATL,NL,0.0,36.0,3.0,3.0,1.0,1.0,1.0,0.0,0.0,0.0,0.0,0.0,0.0,1.0,0.333,0.333,0.667,1.0,163.0,0.429,166.0,2.0,1.0,0.0,0.0,0.0,0.0,1,
Rick Mahler,36.0,CIN,NL,-0.2,35.0,42.0,35.0,1.0,4.0,1.0,0.0,0.0,2.0,0.0,0.0,1.0,4.0,0.114,0.135,0.143,0.278,-25.0,0.127,-76.0,5.0,3.0,0.0,5.0,1.0,0.0,1,
Rick Parker,27.0,SFG,NL,0.4,54.0,121.0,107.0,19.0,26.0,5.0,0.0,2.0,14.0,6.0,1.0,10.0,15.0,0.243,0.314,0.346,0.659,85.0,0.342,104.0,37.0,1.0,1.0,3.0,0.0,0.0,H97/8456,
Rick Reed,25.0,PIT,NL,0.1,13.0,18.0,16.0,0.0,4.0,0.0,0.0,0.0,1.0,0.0,0.0,1.0,6.0,0.25,0.278,0.25,0.528,50.0,0.24,36.0,4.0,0.0,0.0,0.0,1.0,0.0,1,
Rick Reuschel,41.0,SFG,NL,0.0,15.0,29.0,26.0,2.0,4.0,1.0,0.0,0.0,3.0,0.0,0.0,0.0,11.0,0.154,0.154,0.192,0.346,-3.0,0.154,-41.0,5.0,0.0,0.0,3.0,0.0,0.0,1,
Rick Rodriguez,29.0,SFG,NL,0.0,3.0,0.0,0.0,0.0,0.0,0.0,0.0,0.0,0.0,0.0,0.0,0.0,0.0,,,,,,,,0.0,0.0,0.0,0.0,0.0,0.0,/1,
Rick Schu,28.0,CAL,AL,1.0,61.0,169.0,157.0,19.0,42.0,8.0,0.0,6.0,14.0,0.0,0.0,11.0,25.0,0.268,0.314,0.433,0.747,110.0,0.357,119.0,68.0,4.0,0.0,0.0,1.0,0.0,5H3/74,
Rick Sutcliffe*,34.0,CHC,NL,0.0,5.0,8.0,5.0,0.0,0.0,0.0,0.0,0.0,0.0,0.0,0.0,2.0,2.0,0.0,0.286,0.0,0.286,-16.0,0.202,-19.0,0.0,0.0,0.0,1.0,0.0,0.0,/1,
Rick Wrona,26.0,CHC,NL,-0.3,16.0,32.0,29.0,3.0,5.0,0.0,0.0,0.0,0.0,1.0,0.0,2.0,11.0,0.172,0.226,0.172,0.398,8.0,0.183,-32.0,5.0,0.0,0.0,1.0,0.0,1.0,2,
Rickey Henderson,31.0,OAK,AL,9.9,136.0,594.0,489.0,119.0,159.0,33.0,3.0,28.0,61.0,65.0,10.0,97.0,60.0,0.325,0.439,0.577,1.016,189.0,0.479,195.0,282.0,13.0,4.0,2.0,2.0,2.0,*7D/H,"AS,MVP-1,SS"
Ricky Horton*,30.0,STL,NL,-0.1,32.0,5.0,4.0,0.0,0.0,0.0,0.0,0.0,0.0,0.0,0.0,0.0,1.0,0.0,0.0,0.0,0.0,-100.0,0.0,-205.0,0.0,0.0,0.0,1.0,0.0,0.0,1,
Ricky Jordan,25.0,PHI,NL,-0.9,92.0,346.0,324.0,32.0,78.0,21.0,0.0,5.0,44.0,2.0,0.0,13.0,39.0,0.241,0.277,0.352,0.629,73.0,0.287,65.0,114.0,9.0,5.0,0.0,4.0,6.0,3/H,
Rob Deer,29.0,MIL,AL,1.1,134.0,511.0,440.0,57.0,92.0,15.0,1.0,27.0,69.0,2.0,3.0,64.0,147.0,0.209,0.313,0.432,0.745,108.0,0.336,103.0,190.0,0.0,4.0,0.0,3.0,6.0,*93H/D,
Rob Dibble*,26.0,CIN,NL,-0.1,68.0,10.0,7.0,0.0,0.0,0.0,0.0,0.0,0.0,0.0,0.0,0.0,1.0,0.0,0.0,0.0,0.0,-100.0,0.0,-255.0,0.0,0.0,0.0,3.0,0.0,0.0,1,AS
Rob Ducey*,25.0,TOR,AL,0.5,19.0,62.0,53.0,7.0,16.0,5.0,0.0,0.0,7.0,1.0,1.0,7.0,15.0,0.302,0.387,0.396,0.783,115.0,0.356,113.0,21.0,0.0,1.0,0.0,1.0,0.0,7,
Rob Nelson*,26.0,SDP,NL,-0.1,5.0,5.0,5.0,0.0,0.0,0.0,0.0,0.0,0.0,0.0,0.0,0.0,4.0,0.0,0.0,0.0,0.0,-100.0,0.0,-143.0,0.0,0.0,0.0,0.0,0.0,0.0,/H,
Robby Thompson,28.0,SFG,NL,1.7,144.0,549.0,498.0,67.0,122.0,22.0,3.0,15.0,56.0,14.0,4.0,34.0,96.0,0.245,0.299,0.392,0.691,92.0,0.329,98.0,195.0,9.0,6.0,8.0,3.0,1.0,*4/H,
Roberto Alomar#,22.0,SDP,NL,3.4,147.0,646.0,586.0,80.0,168.0,27.0,5.0,6.0,60.0,24.0,7.0,48.0,72.0,0.287,0.34,0.381,0.721,98.0,0.341,101.0,223.0,16.0,2.0,5.0,5.0,1.0,*4/6H,AS
Roberto Kelly,25.0,NYY,AL,5.5,162.0,687.0,641.0,85.0,183.0,32.0,4.0,15.0,61.0,42.0,17.0,33.0,148.0,0.285,0.323,0.418,0.741,106.0,0.344,104.0,268.0,7.0,4.0,4.0,4.0,0.0,*87/HD,
Robin Ventura*,22.0,CHW,AL,2.4,150.0,565.0,493.0,48.0,123.0,17.0,1.0,5.0,54.0,1.0,4.0,55.0,53.0,0.249,0.324,0.318,0.643,83.0,0.306,84.0,157.0,5.0,1.0,13.0,3.0,2.0,*5H/3,ROY-7
Robin Yount,34.0,MIL,AL,2.5,158.0,683.0,587.0,98.0,145.0,17.0,5.0,17.0,77.0,15.0,8.0,78.0,89.0,0.247,0.337,0.38,0.717,102.0,0.337,103.0,223.0,7.0,6.0,4.0,8.0,6.0,*8/D,
Rod Booker*,31.0,PHI,NL,-0.7,73.0,148.0,131.0,19.0,29.0,5.0,2.0,0.0,10.0,3.0,1.0,15.0,26.0,0.221,0.301,0.29,0.591,65.0,0.262,44.0,38.0,7.0,0.0,2.0,0.0,7.0,64H5,
Rod Brewer*,24.0,STL,NL,0.1,14.0,25.0,25.0,4.0,6.0,1.0,0.0,0.0,2.0,0.0,0.0,0.0,4.0,0.24,0.24,0.28,0.52,43.0,0.306,80.0,7.0,1.0,0.0,0.0,0.0,0.0,/3H,
Rodney McCray,26.0,CHW,AL,-0.1,32.0,7.0,6.0,8.0,0.0,0.0,0.0,0.0,0.0,6.0,0.0,1.0,4.0,0.0,0.143,0.0,0.143,-56.0,0.324,-64.0,0.0,0.0,0.0,0.0,0.0,0.0,H/8D97,
Roger McDowell,29.0,PHI,NL,0.0,72.0,3.0,2.0,1.0,0.0,0.0,0.0,0.0,0.0,0.0,0.0,0.0,1.0,0.0,0.0,0.0,0.0,-100.0,0.0,-255.0,0.0,0.0,0.0,1.0,0.0,0.0,1,
Rolando Roomes,28.0,2TM,NL,-0.2,46.0,76.0,75.0,6.0,17.0,0.0,1.0,2.0,8.0,0.0,2.0,1.0,26.0,0.227,0.237,0.333,0.57,54.0,0.295,79.0,25.0,2.0,0.0,0.0,0.0,1.0,H7/98,
Rolando Roomes,28.0,CIN,NL,-0.1,30.0,61.0,61.0,5.0,13.0,0.0,0.0,2.0,7.0,0.0,0.0,0.0,20.0,0.213,0.213,0.311,0.525,40.0,0.293,65.0,19.0,2.0,0.0,0.0,0.0,0.0,7H/9,
Rolando Roomes,28.0,MON,NL,-0.1,16.0,15.0,14.0,1.0,4.0,0.0,1.0,0.0,1.0,0.0,2.0,1.0,6.0,0.286,0.333,0.429,0.762,112.0,0.304,138.0,6.0,0.0,0.0,0.0,0.0,1.0,H/789,
Ron Darling,29.0,NYM,NL,0.1,34.0,39.0,31.0,2.0,4.0,0.0,0.0,0.0,2.0,0.0,0.0,3.0,12.0,0.129,0.206,0.129,0.335,-5.0,0.196,-15.0,4.0,0.0,0.0,5.0,0.0,0.0,1/H,
Ron Gant,25.0,ATL,NL,5.6,152.0,631.0,575.0,107.0,174.0,34.0,3.0,32.0,84.0,33.0,16.0,50.0,86.0,0.303,0.357,0.539,0.896,139.0,0.408,149.0,310.0,8.0,1.0,1.0,4.0,0.0,*87H/9,MVP-14
Ron Hassey*,37.0,OAK,AL,0.6,94.0,286.0,254.0,18.0,54.0,7.0,0.0,5.0,22.0,0.0,0.0,27.0,29.0,0.213,0.288,0.299,0.587,69.0,0.28,66.0,76.0,3.0,1.0,1.0,3.0,3.0,2HD/3,
Ron Jones*,26.0,PHI,NL,0.2,24.0,67.0,58.0,5.0,16.0,2.0,0.0,3.0,7.0,0.0,1.0,9.0,9.0,0.276,0.373,0.466,0.839,131.0,0.383,142.0,27.0,1.0,0.0,0.0,0.0,0.0,/H79,
Ron Karkovice,26.0,CHW,AL,2.0,68.0,208.0,183.0,30.0,45.0,10.0,0.0,6.0,20.0,2.0,0.0,16.0,52.0,0.246,0.308,0.399,0.707,99.0,0.326,94.0,73.0,1.0,1.0,7.0,1.0,1.0,2/HD,
Ron Kittle,32.0,2TM,AL,0.1,105.0,369.0,338.0,33.0,78.0,16.0,0.0,18.0,46.0,0.0,0.0,26.0,91.0,0.231,0.293,0.438,0.731,104.0,0.333,101.0,148.0,6.0,4.0,0.0,1.0,2.0,D3H,
Ron Kittle,32.0,CHW,AL,0.7,83.0,305.0,277.0,29.0,68.0,14.0,0.0,16.0,43.0,0.0,0.0,24.0,77.0,0.245,0.311,0.469,0.781,118.0,0.353,115.0,130.0,3.0,3.0,0.0,1.0,2.0,D3/H,
Ron Kittle,32.0,BAL,AL,-0.6,22.0,64.0,61.0,4.0,10.0,2.0,0.0,2.0,3.0,0.0,0.0,2.0,14.0,0.164,0.203,0.295,0.498,40.0,0.241,37.0,18.0,3.0,1.0,0.0,0.0,0.0,D/H3,
Ron Oester#,34.0,CIN,NL,0.0,64.0,171.0,154.0,10.0,46.0,10.0,1.0,0.0,13.0,1.0,2.0,10.0,29.0,0.299,0.339,0.377,0.716,94.0,0.327,93.0,58.0,1.0,0.0,6.0,1.0,1.0,4H/5,
Ron Robinson,28.0,2TM,2LG,-0.1,7.0,12.0,11.0,0.0,1.0,0.0,0.0,0.0,1.0,0.0,0.0,0.0,6.0,0.091,0.091,0.091,0.182,-51.0,0.082,-106.0,1.0,0.0,0.0,1.0,0.0,0.0,1,
Ron Robinson,28.0,CIN,NL,-0.1,6.0,12.0,11.0,0.0,1.0,0.0,0.0,0.0,1.0,0.0,0.0,0.0,6.0,0.091,0.091,0.091,0.182,-51.0,0.082,-106.0,1.0,0.0,0.0,1.0,0.0,0.0,/1,
Ron Robinson,28.0,MIL,AL,0.0,1.0,0.0,0.0,0.0,0.0,0.0,0.0,0.0,0.0,0.0,0.0,0.0,0.0,,,,,,,,0.0,0.0,0.0,0.0,0.0,0.0,1,
Ron Tingley,31.0,CAL,AL,0.0,5.0,4.0,3.0,0.0,0.0,0.0,0.0,0.0,0.0,0.0,0.0,1.0,1.0,0.0,0.25,0.0,0.25,-23.0,0.18,-7.0,0.0,1.0,0.0,0.0,0.0,0.0,/2,
Ronn Reynolds,31.0,SDP,NL,-0.3,8.0,16.0,15.0,1.0,1.0,1.0,0.0,0.0,1.0,0.0,0.0,1.0,6.0,0.067,0.125,0.133,0.258,-29.0,0.125,-53.0,2.0,0.0,0.0,0.0,0.0,0.0,/2,
Rosario Rodríguez,20.0,CIN,NL,0.0,9.0,0.0,0.0,0.0,0.0,0.0,0.0,0.0,0.0,0.0,0.0,0.0,0.0,,,,,,,,0.0,0.0,0.0,0.0,0.0,0.0,/1,
Rubén Sierra#,24.0,TEX,AL,1.6,159.0,666.0,608.0,70.0,170.0,37.0,2.0,16.0,96.0,9.0,0.0,49.0,86.0,0.28,0.33,0.426,0.756,111.0,0.343,104.0,259.0,15.0,1.0,0.0,8.0,13.0,*9/DH,
Russ Morman,28.0,KCR,AL,0.4,12.0,41.0,37.0,5.0,10.0,4.0,2.0,1.0,3.0,0.0,0.0,3.0,3.0,0.27,0.317,0.568,0.885,145.0,0.424,166.0,21.0,0.0,0.0,0.0,1.0,0.0,/73DH,
Russ Swan*,26.0,SFG,NL,0.0,2.0,1.0,1.0,0.0,0.0,0.0,0.0,0.0,0.0,0.0,0.0,0.0,1.0,0.0,0.0,0.0,0.0,-100.0,0.0,-136.0,0.0,0.0,0.0,0.0,0.0,0.0,/1,
Rusty Richards*,25.0,ATL,NL,0.0,1.0,0.0,0.0,0.0,0.0,0.0,0.0,0.0,0.0,0.0,0.0,0.0,0.0,,,,,,,,0.0,0.0,0.0,0.0,0.0,0.0,/1,
Ryne Sandberg,30.0,CHC,NL,7.1,155.0,675.0,615.0,116.0,188.0,30.0,3.0,40.0,100.0,25.0,7.0,50.0,84.0,0.306,0.354,0.559,0.913,140.0,0.42,153.0,344.0,8.0,1.0,0.0,9.0,8.0,*4/H,"AS,MVP-4,GG,SS"
Sam Horn*,26.0,BAL,AL,0.9,79.0,280.0,246.0,30.0,61.0,13.0,0.0,14.0,45.0,0.0,0.0,32.0,62.0,0.248,0.332,0.472,0.804,126.0,0.368,127.0,116.0,8.0,0.0,0.0,2.0,1.0,D3H,
Sammy Sosa,21.0,CHW,AL,0.5,153.0,579.0,532.0,72.0,124.0,26.0,10.0,15.0,70.0,32.0,16.0,33.0,150.0,0.233,0.282,0.404,0.687,92.0,0.314,87.0,215.0,10.0,6.0,2.0,6.0,4.0,*9/H8,
Sandy Alomar,24.0,CLE,AL,2.4,132.0,483.0,445.0,60.0,129.0,26.0,2.0,9.0,66.0,4.0,1.0,25.0,46.0,0.29,0.326,0.418,0.744,108.0,0.342,105.0,186.0,10.0,2.0,5.0,6.0,2.0,*2H,"AS,ROY-1,GG"
Scott Anderson,27.0,MON,NL,-0.1,4.0,5.0,4.0,0.0,0.0,0.0,0.0,0.0,0.0,0.0,0.0,0.0,3.0,0.0,0.0,0.0,0.0,-100.0,0.0,-198.0,0.0,0.0,0.0,1.0,0.0,0.0,/1,
Scott Bradley*,30.0,SEA,AL,-1.0,101.0,257.0,233.0,11.0,52.0,9.0,0.0,1.0,28.0,0.0,1.0,15.0,20.0,0.223,0.264,0.275,0.538,51.0,0.246,37.0,64.0,6.0,0.0,3.0,6.0,2.0,2H/D53,
Scott Coolbaugh,24.0,TEX,AL,-0.6,67.0,201.0,180.0,21.0,36.0,6.0,0.0,2.0,13.0,1.0,0.0,15.0,47.0,0.2,0.264,0.267,0.531,49.0,0.256,42.0,48.0,2.0,1.0,4.0,1.0,0.0,5/H,
Scott Cooper*,22.0,BOS,AL,0.0,2.0,1.0,1.0,0.0,0.0,0.0,0.0,0.0,0.0,0.0,0.0,0.0,1.0,0.0,0.0,0.0,0.0,-100.0,0.0,-145.0,0.0,0.0,0.0,0.0,0.0,0.0,/H,
Scott Fletcher,31.0,CHW,AL,1.8,151.0,573.0,509.0,54.0,123.0,18.0,3.0,4.0,56.0,1.0,3.0,45.0,63.0,0.242,0.304,0.312,0.617,75.0,0.29,71.0,159.0,10.0,3.0,11.0,5.0,3.0,*4,
Scott Garrelts,28.0,SFG,NL,-0.6,42.0,68.0,66.0,5.0,4.0,1.0,0.0,0.0,0.0,1.0,0.0,1.0,28.0,0.061,0.088,0.076,0.164,-53.0,0.097,-70.0,5.0,0.0,1.0,0.0,0.0,0.0,1H,
Scott Hemond,24.0,OAK,AL,-0.1,7.0,13.0,13.0,0.0,2.0,0.0,0.0,0.0,1.0,0.0,0.0,0.0,5.0,0.154,0.154,0.154,0.308,-11.0,0.141,-33.0,2.0,0.0,0.0,0.0,0.0,0.0,/54,
Scott Leius,24.0,MIN,AL,0.4,14.0,28.0,25.0,4.0,6.0,1.0,0.0,1.0,4.0,0.0,0.0,2.0,2.0,0.24,0.296,0.4,0.696,89.0,0.316,80.0,10.0,2.0,0.0,1.0,0.0,0.0,6/H5,
Scott Lusader*,25.0,DET,AL,-0.1,45.0,102.0,87.0,13.0,21.0,2.0,0.0,2.0,16.0,0.0,0.0,12.0,8.0,0.241,0.324,0.333,0.657,84.0,0.304,77.0,29.0,2.0,0.0,0.0,3.0,0.0,97/H8D,
Scott Ruskin,27.0,2TM,NL,0.1,67.0,8.0,8.0,1.0,2.0,1.0,1.0,0.0,1.0,0.0,0.0,0.0,5.0,0.25,0.25,0.625,0.875,137.0,0.365,126.0,5.0,0.0,0.0,0.0,0.0,0.0,1/H,
Scott Ruskin,27.0,PIT,NL,0.2,44.0,6.0,6.0,1.0,2.0,1.0,1.0,0.0,1.0,0.0,0.0,0.0,4.0,0.333,0.333,0.833,1.167,216.0,0.487,214.0,5.0,0.0,0.0,0.0,0.0,0.0,1,
Scott Ruskin,27.0,MON,NL,0.0,23.0,2.0,2.0,0.0,0.0,0.0,0.0,0.0,0.0,0.0,0.0,0.0,1.0,0.0,0.0,0.0,0.0,-100.0,0.0,-132.0,0.0,0.0,0.0,0.0,0.0,0.0,1/H,
Scott Sanderson,33.0,OAK,AL,0.0,1.0,0.0,0.0,0.0,0.0,0.0,0.0,0.0,0.0,0.0,0.0,0.0,0.0,,,,,,,,0.0,0.0,0.0,0.0,0.0,0.0,1,
Scott Scudder,22.0,CIN,NL,-0.1,21.0,21.0,18.0,1.0,1.0,0.0,0.0,0.0,0.0,0.0,0.0,2.0,6.0,0.056,0.15,0.056,0.206,-42.0,0.116,-72.0,1.0,0.0,0.0,1.0,0.0,0.0,1,
Scott Terry,30.0,STL,NL,0.3,50.0,12.0,11.0,2.0,5.0,1.0,0.0,0.0,0.0,0.0,0.0,0.0,3.0,0.455,0.455,0.545,1.0,175.0,0.446,189.0,6.0,0.0,0.0,1.0,0.0,0.0,1,
Sean Berry,24.0,KCR,AL,-0.3,8.0,25.0,23.0,2.0,5.0,1.0,1.0,0.0,4.0,0.0,0.0,2.0,5.0,0.217,0.28,0.348,0.628,77.0,0.285,67.0,8.0,0.0,0.0,0.0,0.0,0.0,/5,
Sergio Valdéz,25.0,ATL,NL,0.0,6.0,0.0,0.0,0.0,0.0,0.0,0.0,0.0,0.0,0.0,0.0,0.0,0.0,,,,,,,,0.0,0.0,0.0,0.0,0.0,0.0,/1,
Shane Mack,26.0,MIN,AL,2.5,125.0,353.0,313.0,50.0,102.0,10.0,4.0,8.0,44.0,13.0,4.0,29.0,69.0,0.326,0.392,0.46,0.852,133.0,0.395,136.0,144.0,7.0,5.0,6.0,0.0,1.0,*98H7/D,
Shawn Abner,24.0,SDP,NL,-1.1,91.0,198.0,184.0,17.0,45.0,9.0,0.0,1.0,15.0,2.0,3.0,9.0,28.0,0.245,0.286,0.31,0.595,64.0,0.283,65.0,57.0,3.0,2.0,2.0,1.0,1.0,8H7/9,
Shawn Boskie,23.0,CHC,NL,0.2,15.0,38.0,36.0,1.0,8.0,3.0,0.0,0.0,3.0,0.0,0.0,0.0,8.0,0.222,0.222,0.306,0.528,40.0,0.233,14.0,11.0,0.0,0.0,2.0,0.0,0.0,1,
Shawon Dunston,27.0,CHC,NL,1.5,146.0,573.0,545.0,73.0,143.0,22.0,8.0,17.0,66.0,25.0,5.0,15.0,87.0,0.262,0.283,0.426,0.709,87.0,0.342,93.0,232.0,9.0,3.0,4.0,6.0,1.0,*6/H,AS
Sid Bream*,29.0,PIT,NL,2.7,147.0,448.0,389.0,39.0,105.0,23.0,2.0,15.0,67.0,8.0,4.0,48.0,65.0,0.27,0.349,0.455,0.804,124.0,0.36,123.0,177.0,6.0,2.0,4.0,5.0,5.0,*3H,
Sid Fernandez*,27.0,NYM,NL,0.1,30.0,63.0,58.0,3.0,11.0,1.0,0.0,0.0,4.0,0.0,0.0,0.0,22.0,0.19,0.19,0.207,0.397,9.0,0.178,-23.0,12.0,2.0,0.0,5.0,0.0,0.0,1,
Sil Campusano,24.0,PHI,NL,0.0,66.0,93.0,85.0,10.0,18.0,1.0,1.0,2.0,9.0,1.0,0.0,6.0,16.0,0.212,0.269,0.318,0.586,62.0,0.319,88.0,27.0,1.0,1.0,0.0,1.0,0.0,H87/9,
Spike Owen#,29.0,MON,NL,1.3,149.0,533.0,453.0,55.0,106.0,24.0,5.0,5.0,35.0,8.0,6.0,70.0,60.0,0.234,0.333,0.342,0.675,90.0,0.314,91.0,155.0,6.0,0.0,5.0,5.0,12.0,*6/H,
Stan Belinda,23.0,PIT,NL,-0.1,55.0,6.0,5.0,0.0,0.0,0.0,0.0,0.0,0.0,0.0,0.0,0.0,3.0,0.0,0.0,0.0,0.0,-100.0,0.0,-185.0,0.0,0.0,0.0,1.0,0.0,0.0,1,
Stan Clarke,29.0,STL,NL,0.0,2.0,0.0,0.0,0.0,0.0,0.0,0.0,0.0,0.0,0.0,0.0,0.0,0.0,,,,,,,,0.0,0.0,0.0,0.0,0.0,0.0,/1,
Stan Javier#,26.0,2TM,2LG,4.3,123.0,357.0,309.0,60.0,92.0,9.0,6.0,3.0,27.0,15.0,7.0,40.0,50.0,0.298,0.376,0.395,0.771,117.0,0.365,126.0,122.0,6.0,0.0,6.0,2.0,2.0,8H97/D,
Stan Javier#,26.0,OAK,AL,0.3,19.0,36.0,33.0,4.0,8.0,0.0,2.0,0.0,3.0,0.0,0.0,3.0,6.0,0.242,0.306,0.364,0.669,91.0,0.304,83.0,12.0,0.0,0.0,0.0,0.0,0.0,H/978D,
Stan Javier#,26.0,LAD,NL,4.0,104.0,321.0,276.0,56.0,84.0,9.0,4.0,3.0,24.0,15.0,7.0,37.0,44.0,0.304,0.384,0.399,0.783,119.0,0.372,131.0,110.0,6.0,0.0,6.0,2.0,2.0,8H9/7,
Stan Jefferson#,27.0,2TM,AL,-0.1,59.0,133.0,117.0,22.0,27.0,8.0,0.0,2.0,10.0,9.0,4.0,10.0,26.0,0.231,0.295,0.35,0.646,82.0,0.304,78.0,41.0,2.0,2.0,1.0,3.0,0.0,7H8/9D,
Stan Jefferson#,27.0,BAL,AL,-0.4,10.0,21.0,19.0,1.0,0.0,0.0,0.0,0.0,0.0,1.0,0.0,2.0,8.0,0.0,0.095,0.0,0.095,-71.0,0.081,-87.0,0.0,0.0,0.0,0.0,0.0,0.0,/9H8D,
Stan Jefferson#,27.0,CLE,AL,0.3,49.0,112.0,98.0,21.0,27.0,8.0,0.0,2.0,10.0,8.0,4.0,8.0,18.0,0.276,0.333,0.418,0.752,111.0,0.346,109.0,41.0,2.0,2.0,1.0,3.0,0.0,7H8/D9,
Steve Avery*,20.0,ATL,NL,-0.1,21.0,32.0,30.0,1.0,4.0,0.0,0.0,0.0,0.0,0.0,0.0,0.0,7.0,0.133,0.133,0.133,0.267,-28.0,0.151,-47.0,4.0,1.0,0.0,2.0,0.0,0.0,1,
Steve Balboni,33.0,NYY,AL,-0.5,116.0,307.0,266.0,24.0,51.0,6.0,0.0,17.0,34.0,0.0,0.0,35.0,91.0,0.192,0.291,0.406,0.697,94.0,0.323,92.0,108.0,4.0,3.0,1.0,2.0,2.0,DH3,
Steve Bedrosian,32.0,SFG,NL,0.1,68.0,4.0,4.0,0.0,2.0,0.0,0.0,0.0,1.0,0.0,0.0,0.0,1.0,0.5,0.5,0.5,1.0,182.0,0.452,191.0,2.0,0.0,0.0,0.0,0.0,0.0,1/H,
Steve Buechele,28.0,TEX,AL,0.6,91.0,289.0,251.0,30.0,54.0,10.0,0.0,7.0,30.0,1.0,0.0,27.0,63.0,0.215,0.294,0.339,0.633,77.0,0.312,83.0,85.0,5.0,2.0,7.0,2.0,1.0,5/4H,
Steve Carter*,25.0,PIT,NL,-0.2,5.0,5.0,5.0,0.0,1.0,0.0,0.0,0.0,0.0,0.0,0.0,0.0,1.0,0.2,0.2,0.2,0.4,13.0,0.181,-7.0,1.0,0.0,0.0,0.0,0.0,0.0,/H879,
Steve Chitren,23.0,OAK,AL,0.0,2.0,0.0,0.0,0.0,0.0,0.0,0.0,0.0,0.0,0.0,0.0,0.0,0.0,,,,,,,,0.0,0.0,0.0,0.0,0.0,0.0,/1,
Steve Decker,24.0,SFG,NL,0.6,15.0,56.0,54.0,5.0,16.0,2.0,0.0,3.0,8.0,0.0,0.0,1.0,10.0,0.296,0.309,0.5,0.809,123.0,0.373,133.0,27.0,1.0,0.0,1.0,0.0,0.0,2,
Steve Finley*,25.0,BAL,AL,0.3,142.0,513.0,464.0,46.0,119.0,16.0,4.0,3.0,37.0,22.0,9.0,32.0,53.0,0.256,0.304,0.328,0.632,80.0,0.303,79.0,152.0,8.0,2.0,10.0,5.0,3.0,*987H/D,
Steve Frey,26.0,MON,NL,0.0,51.0,1.0,1.0,0.0,0.0,0.0,0.0,0.0,0.0,0.0,0.0,0.0,0.0,0.0,0.0,0.0,0.0,-100.0,0.0,-136.0,0.0,0.0,0.0,0.0,0.0,0.0,1,
Steve Howard,26.0,OAK,AL,-0.5,21.0,56.0,52.0,5.0,12.0,4.0,0.0,0.0,1.0,0.0,0.0,4.0,17.0,0.231,0.286,0.308,0.593,70.0,0.267,56.0,16.0,0.0,0.0,0.0,0.0,1.0,/9D78H,
Steve Jeltz#,31.0,KCR,AL,-0.7,74.0,114.0,103.0,11.0,16.0,4.0,0.0,0.0,10.0,1.0,1.0,6.0,21.0,0.155,0.2,0.194,0.394,12.0,0.201,5.0,20.0,3.0,0.0,4.0,1.0,0.0,46H9/5D78,
Steve Lake,33.0,PHI,NL,-0.1,29.0,84.0,80.0,4.0,20.0,2.0,0.0,0.0,6.0,0.0,0.0,3.0,12.0,0.25,0.286,0.275,0.561,56.0,0.253,41.0,22.0,1.0,1.0,0.0,0.0,1.0,2/H,
Steve Lombardozzi,30.0,HOU,NL,0.0,2.0,2.0,1.0,0.0,0.0,0.0,0.0,0.0,0.0,0.0,0.0,1.0,1.0,0.0,0.5,0.0,0.5,53.0,0.353,118.0,0.0,0.0,0.0,0.0,0.0,0.0,/H,
Steve Lyons*,30.0,CHW,AL,-0.4,93.0,163.0,146.0,22.0,28.0,6.0,1.0,1.0,11.0,1.0,0.0,10.0,41.0,0.192,0.245,0.267,0.512,45.0,0.26,46.0,39.0,1.0,1.0,4.0,2.0,1.0,3H4/589D716,
Steve Ontiveros,29.0,PHI,NL,0.0,5.0,0.0,0.0,0.0,0.0,0.0,0.0,0.0,0.0,0.0,0.0,0.0,0.0,,,,,,,,0.0,0.0,0.0,0.0,0.0,0.0,/1,
Steve Sax,30.0,NYY,AL,1.4,155.0,680.0,615.0,70.0,160.0,24.0,2.0,4.0,42.0,43.0,9.0,49.0,46.0,0.26,0.316,0.325,0.641,80.0,0.312,76.0,200.0,13.0,4.0,6.0,6.0,3.0,*4/H,AS
Steve Springer,29.0,CLE,AL,-0.1,4.0,13.0,12.0,1.0,2.0,0.0,0.0,0.0,1.0,0.0,0.0,0.0,6.0,0.167,0.154,0.167,0.321,-10.0,0.141,-37.0,2.0,0.0,0.0,0.0,1.0,0.0,/5DH,
Steve Wilson*,25.0,CHC,NL,0.2,45.0,45.0,37.0,3.0,6.0,1.0,0.0,0.0,3.0,0.0,0.0,3.0,11.0,0.162,0.225,0.189,0.414,12.0,0.221,-1.0,7.0,0.0,0.0,5.0,0.0,0.0,1,
Ted Power,35.0,PIT,NL,0.0,40.0,8.0,8.0,0.0,1.0,1.0,0.0,0.0,0.0,0.0,0.0,0.0,5.0,0.125,0.125,0.25,0.375,3.0,0.161,-22.0,2.0,0.0,0.0,0.0,0.0,0.0,1,
Terry Clark,29.0,HOU,NL,0.1,1.0,2.0,2.0,1.0,1.0,0.0,0.0,0.0,0.0,0.0,0.0,0.0,0.0,0.5,0.5,0.5,1.0,181.0,0.452,186.0,1.0,0.0,0.0,0.0,0.0,0.0,/1,
Terry Francona*,31.0,MIL,AL,-0.1,3.0,4.0,4.0,1.0,0.0,0.0,0.0,0.0,0.0,0.0,0.0,0.0,0.0,0.0,0.0,0.0,0.0,-100.0,0.0,-139.0,0.0,0.0,0.0,0.0,0.0,0.0,/3HD,
Terry Kennedy*,34.0,SFG,NL,1.5,107.0,339.0,303.0,25.0,84.0,22.0,0.0,2.0,26.0,1.0,2.0,31.0,38.0,0.277,0.342,0.37,0.712,100.0,0.322,97.0,112.0,7.0,0.0,3.0,2.0,7.0,2H,
Terry Lee,28.0,CIN,NL,-0.1,12.0,22.0,19.0,1.0,4.0,1.0,0.0,0.0,3.0,0.0,0.0,2.0,2.0,0.211,0.273,0.263,0.536,46.0,0.246,31.0,5.0,1.0,0.0,0.0,1.0,0.0,/H3,
Terry McGriff,26.0,2TM,NL,-0.3,6.0,9.0,9.0,0.0,0.0,0.0,0.0,0.0,0.0,0.0,0.0,0.0,1.0,0.0,0.0,0.0,0.0,-100.0,0.0,-143.0,0.0,0.0,0.0,0.0,0.0,0.0,/2H,
Terry McGriff,26.0,CIN,NL,-0.1,2.0,4.0,4.0,0.0,0.0,0.0,0.0,0.0,0.0,0.0,0.0,0.0,1.0,0.0,0.0,0.0,0.0,-100.0,0.0,-149.0,0.0,0.0,0.0,0.0,0.0,0.0,/2H,
Terry McGriff,26.0,HOU,NL,-0.2,4.0,5.0,5.0,0.0,0.0,0.0,0.0,0.0,0.0,0.0,0.0,0.0,0.0,0.0,0.0,0.0,0.0,-100.0,0.0,-139.0,0.0,0.0,0.0,0.0,0.0,0.0,/2,
Terry Mulholland,27.0,PHI,NL,-0.3,33.0,67.0,62.0,2.0,6.0,1.0,0.0,0.0,2.0,0.0,1.0,1.0,30.0,0.097,0.111,0.113,0.224,-38.0,0.11,-66.0,7.0,2.0,0.0,4.0,0.0,0.0,1,
Terry Pendleton#,29.0,STL,NL,0.1,121.0,484.0,447.0,46.0,103.0,20.0,2.0,6.0,58.0,7.0,5.0,30.0,58.0,0.23,0.277,0.324,0.601,65.0,0.273,56.0,145.0,12.0,1.0,0.0,6.0,8.0,*5/H,
Terry Puhl*,33.0,HOU,NL,0.0,37.0,49.0,41.0,5.0,12.0,1.0,0.0,0.0,8.0,1.0,2.0,5.0,7.0,0.293,0.375,0.317,0.692,96.0,0.307,95.0,13.0,0.0,1.0,1.0,1.0,0.0,H/783,
Terry Shumpert,23.0,KCR,AL,-0.2,32.0,96.0,91.0,7.0,25.0,6.0,1.0,0.0,8.0,3.0,3.0,2.0,17.0,0.275,0.292,0.363,0.654,84.0,0.285,72.0,33.0,4.0,1.0,0.0,2.0,0.0,4/HD,
Terry Steinbach,28.0,OAK,AL,0.7,114.0,412.0,379.0,32.0,95.0,15.0,2.0,9.0,57.0,0.0,1.0,19.0,66.0,0.251,0.291,0.372,0.663,89.0,0.305,85.0,141.0,11.0,4.0,5.0,3.0,1.0,2DH/3,
Terry Wells*,26.0,LAD,NL,-0.1,5.0,7.0,7.0,0.0,0.0,0.0,0.0,0.0,0.0,0.0,0.0,0.0,4.0,0.0,0.0,0.0,0.0,-100.0,0.0,-141.0,0.0,0.0,0.0,0.0,0.0,0.0,/1,
Thad Bosley*,33.0,TEX,AL,-0.3,30.0,33.0,29.0,3.0,4.0,0.0,0.0,1.0,3.0,1.0,0.0,4.0,7.0,0.138,0.242,0.241,0.484,36.0,0.228,15.0,7.0,1.0,0.0,0.0,0.0,1.0,H/7D89,
Thomas Howard#,25.0,SDP,NL,-0.3,20.0,45.0,44.0,4.0,12.0,2.0,0.0,0.0,0.0,0.0,1.0,0.0,11.0,0.273,0.273,0.318,0.591,62.0,0.274,62.0,14.0,1.0,0.0,1.0,0.0,0.0,/7H89,
Tim Belcher,28.0,LAD,NL,0.1,24.0,54.0,43.0,5.0,7.0,1.0,0.0,0.0,1.0,0.0,0.0,0.0,15.0,0.163,0.2,0.186,0.386,9.0,0.182,-29.0,8.0,1.0,2.0,9.0,0.0,0.0,1,
Tim Birtsas*,29.0,CIN,NL,-0.1,29.0,7.0,4.0,0.0,0.0,0.0,0.0,0.0,0.0,0.0,0.0,0.0,0.0,0.0,0.0,0.0,0.0,-100.0,0.0,-333.0,0.0,0.0,0.0,3.0,0.0,0.0,1,
Tim Burke,31.0,MON,NL,0.1,58.0,7.0,6.0,1.0,1.0,0.0,0.0,0.0,0.0,0.0,0.0,1.0,3.0,0.167,0.286,0.167,0.452,31.0,0.23,28.0,1.0,0.0,0.0,0.0,0.0,0.0,1,
Tim Crews,29.0,LAD,NL,-0.1,66.0,8.0,7.0,0.0,0.0,0.0,0.0,0.0,1.0,0.0,0.0,0.0,5.0,0.0,0.0,0.0,0.0,-100.0,0.0,-140.0,0.0,0.0,0.0,0.0,1.0,0.0,1,
Tim Hulett,30.0,BAL,AL,1.4,53.0,169.0,153.0,16.0,39.0,7.0,1.0,3.0,16.0,1.0,0.0,15.0,41.0,0.255,0.321,0.373,0.694,97.0,0.331,100.0,57.0,2.0,0.0,1.0,0.0,0.0,54H/D,
Tim Jones*,27.0,STL,NL,0.0,67.0,145.0,128.0,9.0,28.0,7.0,1.0,1.0,12.0,3.0,4.0,12.0,20.0,0.219,0.291,0.313,0.603,67.0,0.272,60.0,40.0,1.0,1.0,4.0,0.0,1.0,6H4/51,
Tim Layana,26.0,CIN,NL,-0.1,55.0,5.0,5.0,0.0,0.0,0.0,0.0,0.0,0.0,0.0,0.0,0.0,2.0,0.0,0.0,0.0,0.0,-100.0,0.0,-146.0,0.0,0.0,0.0,0.0,0.0,0.0,1,
Tim Leary,31.0,NYY,AL,0.0,1.0,0.0,0.0,0.0,0.0,0.0,0.0,0.0,0.0,0.0,0.0,0.0,0.0,,,,,,,,0.0,0.0,0.0,0.0,0.0,0.0,1,
Tim McIntosh,25.0,MIL,AL,0.0,5.0,5.0,5.0,1.0,1.0,0.0,0.0,1.0,1.0,0.0,0.0,0.0,2.0,0.2,0.2,0.8,1.0,169.0,0.424,165.0,4.0,0.0,0.0,0.0,0.0,0.0,/2H,
Tim Naehring,23.0,BOS,AL,0.3,24.0,93.0,85.0,10.0,23.0,6.0,0.0,2.0,12.0,0.0,0.0,8.0,15.0,0.271,0.333,0.412,0.745,105.0,0.355,111.0,35.0,2.0,0.0,0.0,0.0,1.0,6/54,
Tim Raines#,30.0,MON,NL,2.9,130.0,538.0,457.0,65.0,131.0,11.0,5.0,9.0,62.0,49.0,16.0,70.0,43.0,0.287,0.379,0.392,0.771,117.0,0.367,122.0,179.0,9.0,3.0,0.0,8.0,8.0,*7/H,
Tim Sherrill*,24.0,STL,NL,0.0,8.0,0.0,0.0,0.0,0.0,0.0,0.0,0.0,0.0,0.0,0.0,0.0,0.0,,,,,,,,0.0,0.0,0.0,0.0,0.0,0.0,/1,
Tim Teufel,31.0,NYM,NL,0.3,80.0,192.0,175.0,28.0,43.0,11.0,0.0,10.0,24.0,0.0,0.0,15.0,33.0,0.246,0.304,0.48,0.784,113.0,0.357,117.0,84.0,5.0,0.0,1.0,1.0,1.0,H345,
Tim Wallach,32.0,MON,NL,4.1,161.0,678.0,626.0,69.0,185.0,37.0,5.0,21.0,98.0,6.0,9.0,42.0,80.0,0.296,0.339,0.471,0.81,125.0,0.361,128.0,295.0,12.0,3.0,0.0,7.0,11.0,*5,"AS,MVP-10,GG"
Tino Martinez*,22.0,SEA,AL,-0.1,24.0,78.0,68.0,4.0,15.0,4.0,0.0,0.0,5.0,0.0,0.0,9.0,9.0,0.221,0.308,0.279,0.587,66.0,0.303,77.0,19.0,0.0,0.0,0.0,1.0,0.0,3/H,
Todd Benzinger#,27.0,CIN,NL,-1.6,118.0,408.0,376.0,35.0,95.0,14.0,2.0,5.0,46.0,3.0,4.0,19.0,69.0,0.253,0.291,0.34,0.631,70.0,0.288,63.0,128.0,3.0,4.0,2.0,7.0,4.0,3H7,
Todd Burns,26.0,OAK,AL,0.0,1.0,0.0,0.0,0.0,0.0,0.0,0.0,0.0,0.0,0.0,0.0,0.0,0.0,,,,,,,,0.0,0.0,0.0,0.0,0.0,0.0,1,
Todd Frohwirth,27.0,PHI,NL,0.0,5.0,0.0,0.0,0.0,0.0,0.0,0.0,0.0,0.0,0.0,0.0,0.0,0.0,,,,,,,,0.0,0.0,0.0,0.0,0.0,0.0,/1,
Todd Hundley#,21.0,NYM,NL,-0.4,36.0,74.0,67.0,8.0,14.0,6.0,0.0,0.0,2.0,0.0,0.0,6.0,18.0,0.209,0.274,0.299,0.572,58.0,0.276,57.0,20.0,1.0,0.0,1.0,0.0,0.0,2/H,
Todd Zeile,24.0,STL,NL,2.0,144.0,570.0,495.0,62.0,121.0,25.0,3.0,15.0,57.0,2.0,4.0,67.0,77.0,0.244,0.333,0.398,0.731,101.0,0.329,98.0,197.0,11.0,2.0,0.0,6.0,3.0,253/H7,ROY-6
Tom Brookens,36.0,CLE,AL,0.4,64.0,172.0,154.0,18.0,41.0,7.0,2.0,1.0,20.0,0.0,0.0,14.0,25.0,0.266,0.322,0.357,0.679,91.0,0.318,89.0,55.0,3.0,0.0,1.0,3.0,1.0,54H/63D,
Tom Browning*,30.0,CIN,NL,-0.4,38.0,86.0,75.0,6.0,7.0,2.0,0.0,0.0,4.0,0.0,0.0,2.0,29.0,0.093,0.117,0.12,0.237,-36.0,0.111,-87.0,9.0,0.0,0.0,9.0,0.0,0.0,1/H,
Tom Brunansky,29.0,2TM,2LG,1.4,148.0,597.0,518.0,66.0,132.0,27.0,5.0,16.0,73.0,5.0,10.0,66.0,115.0,0.255,0.338,0.419,0.757,108.0,0.336,102.0,217.0,13.0,4.0,0.0,9.0,7.0,*9/DH8,
Tom Brunansky,29.0,STL,NL,-0.5,19.0,71.0,57.0,5.0,9.0,3.0,0.0,1.0,2.0,0.0,0.0,12.0,10.0,0.158,0.31,0.263,0.573,60.0,0.278,59.0,15.0,1.0,1.0,0.0,1.0,0.0,9/H,
Tom Brunansky,29.0,BOS,AL,1.9,129.0,526.0,461.0,61.0,123.0,24.0,5.0,15.0,71.0,5.0,10.0,54.0,105.0,0.267,0.342,0.438,0.78,114.0,0.344,108.0,202.0,12.0,3.0,0.0,8.0,7.0,*9/DH8,
Tom Foley*,30.0,MON,NL,-0.2,73.0,178.0,164.0,11.0,35.0,2.0,1.0,0.0,12.0,0.0,1.0,12.0,22.0,0.213,0.266,0.238,0.503,43.0,0.232,31.0,39.0,4.0,0.0,1.0,1.0,2.0,64H/53,
Tom Glavine*,24.0,ATL,NL,0.1,34.0,78.0,62.0,5.0,7.0,2.0,0.0,0.0,4.0,0.0,0.0,8.0,24.0,0.113,0.211,0.145,0.356,-2.0,0.179,-29.0,9.0,0.0,0.0,7.0,1.0,0.0,1/H,
Tom Gordon,22.0,KCR,AL,0.0,1.0,0.0,0.0,0.0,0.0,0.0,0.0,0.0,0.0,0.0,0.0,0.0,0.0,,,,,,,,0.0,0.0,0.0,0.0,0.0,0.0,1/DH,
Tom Herr#,34.0,2TM,NL,-0.2,146.0,607.0,547.0,48.0,143.0,26.0,3.0,5.0,60.0,7.0,1.0,50.0,58.0,0.261,0.324,0.347,0.672,86.0,0.315,85.0,190.0,11.0,2.0,6.0,2.0,4.0,*4/H,
Tom Herr#,34.0,PHI,NL,0.3,119.0,493.0,447.0,39.0,118.0,21.0,3.0,4.0,50.0,7.0,1.0,36.0,47.0,0.264,0.32,0.351,0.672,86.0,0.312,83.0,157.0,10.0,2.0,6.0,2.0,4.0,*4/H,
Tom Herr#,34.0,NYM,NL,-0.4,27.0,114.0,100.0,9.0,25.0,5.0,0.0,1.0,10.0,0.0,0.0,14.0,11.0,0.25,0.342,0.33,0.672,87.0,0.329,96.0,33.0,1.0,0.0,0.0,0.0,0.0,4/H,
Tom Lampkin*,26.0,SDP,NL,-0.1,26.0,67.0,63.0,4.0,14.0,0.0,1.0,1.0,4.0,0.0,1.0,4.0,9.0,0.222,0.269,0.302,0.57,57.0,0.26,50.0,19.0,2.0,0.0,0.0,0.0,1.0,2/H,
Tom Lawless,33.0,TOR,AL,-0.3,15.0,12.0,12.0,1.0,1.0,0.0,0.0,0.0,1.0,0.0,2.0,0.0,1.0,0.083,0.083,0.083,0.167,-54.0,-0.009,-90.0,1.0,0.0,0.0,0.0,0.0,0.0,/HD574,
Tom Niedenfuer,30.0,STL,NL,0.0,52.0,3.0,3.0,0.0,0.0,0.0,0.0,0.0,0.0,0.0,0.0,0.0,2.0,0.0,0.0,0.0,0.0,-100.0,0.0,-144.0,0.0,0.0,0.0,0.0,0.0,0.0,1,
Tom Nieto,29.0,PHI,NL,-0.2,17.0,34.0,30.0,1.0,5.0,0.0,0.0,0.0,4.0,0.0,0.0,3.0,11.0,0.167,0.265,0.167,0.431,23.0,0.217,16.0,5.0,2.0,1.0,0.0,0.0,0.0,2/H,
Tom O'Malley*,29.0,NYM,NL,0.0,82.0,133.0,121.0,14.0,27.0,7.0,0.0,3.0,14.0,0.0,0.0,11.0,20.0,0.223,0.286,0.355,0.641,76.0,0.3,75.0,43.0,1.0,0.0,0.0,1.0,1.0,H5/3,
Tom Pagnozzi,27.0,STL,NL,2.1,69.0,237.0,220.0,20.0,61.0,15.0,0.0,2.0,23.0,1.0,1.0,14.0,37.0,0.277,0.321,0.373,0.693,91.0,0.317,88.0,82.0,0.0,1.0,0.0,2.0,1.0,2/H3,
Tom Prince,25.0,PIT,NL,-0.1,4.0,11.0,10.0,1.0,1.0,0.0,0.0,0.0,0.0,0.0,1.0,1.0,2.0,0.1,0.182,0.1,0.282,-18.0,0.184,29.0,1.0,0.0,0.0,0.0,0.0,0.0,/2H,
Tom Quinlan,22.0,TOR,AL,0.1,1.0,3.0,2.0,0.0,1.0,0.0,0.0,0.0,0.0,0.0,0.0,0.0,1.0,0.5,0.667,0.5,1.167,225.0,0.555,252.0,1.0,0.0,1.0,0.0,0.0,0.0,/5,
Tommy Greene,23.0,2TM,NL,0.0,15.0,15.0,12.0,2.0,2.0,1.0,0.0,0.0,0.0,0.0,0.0,0.0,1.0,0.167,0.167,0.25,0.417,14.0,0.183,-47.0,3.0,0.0,0.0,3.0,0.0,0.0,1,
Tommy Greene,23.0,ATL,NL,0.0,5.0,2.0,1.0,0.0,0.0,0.0,0.0,0.0,0.0,0.0,0.0,0.0,0.0,0.0,0.0,0.0,0.0,-100.0,0.0,-382.0,0.0,0.0,0.0,1.0,0.0,0.0,/1,
Tommy Greene,23.0,PHI,NL,0.0,10.0,13.0,11.0,2.0,2.0,1.0,0.0,0.0,0.0,0.0,0.0,0.0,1.0,0.182,0.182,0.273,0.455,24.0,0.199,-15.0,3.0,0.0,0.0,2.0,0.0,0.0,1,
Tommy Gregg*,26.0,ATL,NL,0.4,124.0,261.0,239.0,18.0,63.0,13.0,1.0,5.0,32.0,4.0,3.0,20.0,39.0,0.264,0.322,0.389,0.711,91.0,0.327,91.0,93.0,1.0,1.0,0.0,1.0,4.0,H39/7,
Tony Castillo*,27.0,ATL,NL,0.1,52.0,10.0,7.0,1.0,1.0,0.0,0.0,0.0,0.0,0.0,0.0,1.0,5.0,0.143,0.25,0.143,0.393,9.0,0.201,-27.0,1.0,0.0,0.0,2.0,0.0,0.0,1,
Tony Fernández#,28.0,TOR,AL,4.5,161.0,721.0,635.0,84.0,175.0,27.0,17.0,4.0,66.0,26.0,13.0,71.0,70.0,0.276,0.352,0.391,0.742,103.0,0.345,102.0,248.0,17.0,7.0,2.0,6.0,4.0,*6,
Tony Gwynn*,30.0,SDP,NL,2.9,141.0,629.0,573.0,79.0,177.0,29.0,10.0,4.0,72.0,17.0,8.0,44.0,23.0,0.309,0.357,0.415,0.772,112.0,0.344,106.0,238.0,13.0,1.0,7.0,4.0,20.0,*9,"AS,GG"
Tony Perezchica,24.0,SFG,NL,0.0,4.0,4.0,3.0,1.0,1.0,0.0,0.0,0.0,0.0,0.0,0.0,1.0,2.0,0.333,0.5,0.333,0.833,139.0,0.403,153.0,1.0,0.0,0.0,0.0,0.0,0.0,/46H,
Tony Peña,33.0,BOS,AL,1.7,143.0,540.0,491.0,62.0,129.0,19.0,1.0,7.0,56.0,8.0,6.0,43.0,71.0,0.263,0.322,0.348,0.67,85.0,0.321,87.0,171.0,23.0,1.0,2.0,3.0,3.0,*2/H3,MVP-21
Tony Phillips#,31.0,DET,AL,4.8,152.0,687.0,573.0,97.0,144.0,23.0,5.0,8.0,55.0,19.0,9.0,99.0,85.0,0.251,0.364,0.351,0.715,101.0,0.351,110.0,201.0,10.0,4.0,9.0,2.0,0.0,546/79DH8,
Tracy Jones,29.0,2TM,AL,-0.2,75.0,220.0,204.0,23.0,53.0,8.0,1.0,6.0,24.0,1.0,2.0,9.0,25.0,0.26,0.307,0.397,0.704,96.0,0.334,101.0,81.0,7.0,5.0,2.0,0.0,0.0,7DH/8,
Tracy Jones,29.0,DET,AL,-0.7,50.0,128.0,118.0,15.0,27.0,4.0,1.0,4.0,9.0,1.0,1.0,6.0,13.0,0.229,0.283,0.381,0.665,84.0,0.315,86.0,45.0,3.0,3.0,1.0,0.0,0.0,7DH,
Tracy Jones,29.0,SEA,AL,0.5,25.0,92.0,86.0,8.0,26.0,4.0,0.0,2.0,15.0,0.0,1.0,3.0,12.0,0.302,0.341,0.419,0.759,112.0,0.36,122.0,36.0,4.0,2.0,1.0,0.0,0.0,7/DH8,
Travis Fryman,21.0,DET,AL,2.1,66.0,251.0,232.0,32.0,69.0,11.0,1.0,9.0,27.0,3.0,3.0,17.0,51.0,0.297,0.348,0.47,0.818,127.0,0.387,139.0,109.0,3.0,1.0,1.0,0.0,0.0,56/HD,ROY-6
Trevor Wilson*,24.0,SFG,NL,0.1,27.0,36.0,29.0,2.0,4.0,0.0,0.0,0.0,0.0,0.0,0.0,2.0,10.0,0.138,0.194,0.138,0.331,-5.0,0.192,-15.0,4.0,0.0,0.0,5.0,0.0,0.0,1,
Troy Afenir,26.0,OAK,AL,-0.1,14.0,15.0,14.0,0.0,2.0,0.0,0.0,0.0,2.0,0.0,0.0,0.0,6.0,0.143,0.133,0.143,0.276,-21.0,0.122,-46.0,2.0,0.0,0.0,0.0,1.0,0.0,2/HD,
Turner Ward#,25.0,CLE,AL,0.5,14.0,49.0,46.0,10.0,16.0,2.0,1.0,1.0,10.0,3.0,0.0,3.0,8.0,0.348,0.388,0.5,0.888,148.0,0.414,146.0,23.0,1.0,0.0,0.0,0.0,0.0,9/DH,
Vicente Palacios,26.0,PIT,NL,0.0,7.0,5.0,4.0,0.0,0.0,0.0,0.0,0.0,0.0,0.0,0.0,1.0,2.0,0.0,0.2,0.0,0.2,-38.0,0.141,-35.0,0.0,0.0,0.0,0.0,0.0,0.0,/1,
Vince Coleman#,28.0,STL,NL,3.1,124.0,539.0,497.0,73.0,145.0,18.0,9.0,6.0,39.0,77.0,17.0,35.0,88.0,0.292,0.34,0.4,0.741,104.0,0.362,105.0,199.0,6.0,2.0,4.0,1.0,1.0,*7/H9,
Von Hayes*,31.0,PHI,NL,3.1,129.0,568.0,467.0,70.0,122.0,14.0,3.0,17.0,73.0,16.0,7.0,87.0,81.0,0.261,0.375,0.413,0.788,118.0,0.357,117.0,193.0,10.0,4.0,0.0,10.0,16.0,*97/8H,
Víctor Rosario,23.0,ATL,NL,-0.1,9.0,8.0,7.0,3.0,1.0,0.0,0.0,0.0,0.0,0.0,0.0,1.0,1.0,0.143,0.25,0.143,0.393,9.0,0.201,-1.0,1.0,0.0,0.0,0.0,0.0,0.0,/H64,
Wade Boggs*,32.0,BOS,AL,3.2,155.0,713.0,619.0,89.0,187.0,44.0,5.0,6.0,63.0,0.0,0.0,87.0,68.0,0.302,0.386,0.418,0.804,122.0,0.368,120.0,259.0,14.0,1.0,0.0,6.0,19.0,*5/D,"AS,MVP-22"
Wallace Johnson#,33.0,MON,NL,0.1,47.0,57.0,49.0,6.0,8.0,1.0,0.0,1.0,5.0,1.0,0.0,7.0,6.0,0.163,0.281,0.245,0.526,49.0,0.31,83.0,12.0,1.0,1.0,0.0,0.0,2.0,H/3,
Wally Backman#,30.0,PIT,NL,1.5,104.0,361.0,315.0,62.0,92.0,21.0,3.0,2.0,28.0,6.0,3.0,42.0,53.0,0.292,0.374,0.397,0.771,117.0,0.362,124.0,125.0,5.0,1.0,0.0,3.0,1.0,5H4,
Wally Joyner*,28.0,CAL,AL,2.0,83.0,358.0,310.0,35.0,83.0,15.0,0.0,8.0,41.0,2.0,1.0,41.0,34.0,0.268,0.35,0.394,0.744,111.0,0.347,112.0,122.0,10.0,1.0,1.0,5.0,4.0,3/H,
Wally Whitehurst,26.0,NYM,NL,0.1,38.0,9.0,8.0,0.0,2.0,0.0,0.0,0.0,0.0,0.0,0.0,0.0,0.0,0.25,0.25,0.25,0.5,39.0,0.226,12.0,2.0,0.0,0.0,1.0,0.0,0.0,1,
Walt Terrell*,32.0,PIT,NL,-0.1,16.0,30.0,28.0,0.0,3.0,0.0,0.0,0.0,0.0,0.0,0.0,1.0,13.0,0.107,0.138,0.107,0.245,-30.0,0.118,-58.0,3.0,1.0,0.0,1.0,0.0,0.0,1,
Walt Weiss#,26.0,OAK,AL,4.2,138.0,505.0,445.0,50.0,118.0,17.0,1.0,2.0,35.0,9.0,3.0,46.0,53.0,0.265,0.337,0.321,0.658,90.0,0.317,91.0,143.0,7.0,4.0,6.0,4.0,5.0,*6/H,
Wayne Tolleson#,34.0,NYY,AL,-0.1,73.0,83.0,74.0,12.0,11.0,1.0,1.0,0.0,4.0,1.0,0.0,6.0,21.0,0.149,0.21,0.189,0.399,13.0,0.229,21.0,14.0,0.0,0.0,2.0,1.0,0.0,6H4/D5,
Wes Chamberlain,24.0,PHI,NL,0.3,18.0,47.0,46.0,9.0,13.0,3.0,0.0,2.0,4.0,4.0,0.0,1.0,9.0,0.283,0.298,0.478,0.776,111.0,0.403,135.0,22.0,0.0,0.0,0.0,0.0,0.0,7/H9,
Will Clark*,26.0,SFG,NL,3.5,154.0,678.0,600.0,91.0,177.0,25.0,5.0,19.0,95.0,8.0,2.0,62.0,97.0,0.295,0.357,0.448,0.805,125.0,0.364,125.0,269.0,7.0,3.0,0.0,13.0,9.0,*3/H,AS
Willie McGee#,31.0,2TM,2LG,5.3,154.0,665.0,614.0,99.0,199.0,35.0,7.0,3.0,77.0,31.0,9.0,48.0,104.0,0.324,0.373,0.419,0.791,120.0,0.371,125.0,257.0,13.0,1.0,0.0,2.0,6.0,*8/9HD,
Willie McGee#,31.0,STL,NL,4.5,125.0,542.0,501.0,76.0,168.0,32.0,5.0,3.0,62.0,28.0,9.0,38.0,86.0,0.335,0.382,0.437,0.819,126.0,0.379,129.0,219.0,9.0,1.0,0.0,2.0,6.0,*8/9H,
Willie McGee#,31.0,OAK,AL,0.8,29.0,123.0,113.0,23.0,31.0,3.0,2.0,0.0,15.0,3.0,0.0,10.0,18.0,0.274,0.333,0.336,0.67,93.0,0.34,104.0,38.0,4.0,0.0,0.0,0.0,0.0,8/DH,
Willie Randolph,35.0,2TM,2LG,3.0,119.0,446.0,388.0,52.0,101.0,13.0,3.0,2.0,30.0,7.0,1.0,45.0,34.0,0.26,0.339,0.325,0.664,90.0,0.33,99.0,126.0,14.0,2.0,10.0,1.0,1.0,*4/DH,
Willie Randolph,35.0,LAD,NL,0.6,26.0,113.0,96.0,15.0,26.0,4.0,0.0,1.0,9.0,1.0,0.0,13.0,9.0,0.271,0.364,0.344,0.707,99.0,0.348,112.0,33.0,3.0,1.0,3.0,0.0,0.0,4,
Willie Randolph,35.0,OAK,AL,2.3,93.0,333.0,292.0,37.0,75.0,9.0,3.0,1.0,21.0,6.0,1.0,32.0,25.0,0.257,0.331,0.318,0.65,87.0,0.324,95.0,93.0,11.0,1.0,7.0,1.0,1.0,4/DH,
Willie Wilson#,34.0,KCR,AL,1.9,115.0,345.0,307.0,49.0,89.0,13.0,3.0,2.0,42.0,24.0,6.0,30.0,57.0,0.29,0.354,0.371,0.725,106.0,0.366,118.0,114.0,4.0,2.0,3.0,3.0,1.0,78H/9D,
Xavier Hernandez*,24.0,HOU,NL,0.0,35.0,3.0,3.0,1.0,1.0,0.0,0.0,0.0,0.0,0.0,0.0,0.0,1.0,0.333,0.333,0.333,0.667,87.0,0.301,78.0,1.0,1.0,0.0,0.0,0.0,0.0,1/H,
Zane Smith*,29.0,2TM,NL,0.2,34.0,77.0,68.0,1.0,11.0,3.0,1.0,0.0,2.0,0.0,0.0,1.0,16.0,0.162,0.174,0.235,0.409,14.0,0.195,-7.0,16.0,1.0,0.0,8.0,0.0,0.0,1/H,
Zane Smith*,29.0,MON,NL,0.1,23.0,47.0,40.0,1.0,7.0,1.0,1.0,0.0,2.0,0.0,0.0,0.0,9.0,0.175,0.175,0.25,0.425,18.0,0.209,-2.0,10.0,1.0,0.0,7.0,0.0,0.0,1/H,
Zane Smith*,29.0,PIT,NL,0.0,11.0,30.0,28.0,0.0,4.0,2.0,0.0,0.0,0.0,0.0,0.0,1.0,7.0,0.143,0.172,0.214,0.387,8.0,0.176,-15.0,6.0,0.0,0.0,1.0,0.0,0.0,1,
Álex Treviño,32.0,3TM,NL,-0.2,58.0,100.0,86.0,3.0,19.0,5.0,0.0,1.0,13.0,0.0,1.0,7.0,11.0,0.221,0.293,0.314,0.607,69.0,0.277,63.0,27.0,2.0,3.0,1.0,3.0,1.0,2H/3,
Álex Treviño,32.0,HOU,NL,-0.3,42.0,80.0,69.0,3.0,13.0,3.0,0.0,1.0,10.0,0.0,1.0,6.0,11.0,0.188,0.266,0.275,0.541,52.0,0.239,37.0,19.0,2.0,2.0,1.0,2.0,1.0,2H/3,
Álex Treviño,32.0,NYM,NL,-0.1,9.0,12.0,10.0,0.0,3.0,1.0,0.0,0.0,2.0,0.0,0.0,1.0,0.0,0.3,0.333,0.4,0.733,102.0,0.317,88.0,4.0,0.0,0.0,0.0,1.0,0.0,/2H,
Álex Treviño,32.0,CIN,NL,0.2,7.0,8.0,7.0,0.0,3.0,1.0,0.0,0.0,1.0,0.0,0.0,0.0,0.0,0.429,0.5,0.571,1.071,189.0,0.595,285.0,4.0,0.0,1.0,0.0,0.0,0.0,/H2,
Álvaro Espinoza,28.0,NYY,AL,0.4,150.0,472.0,438.0,31.0,98.0,12.0,2.0,2.0,20.0,1.0,2.0,16.0,54.0,0.224,0.258,0.274,0.532,50.0,0.251,40.0,120.0,13.0,5.0,11.0,2.0,0.0,*6,
Óscar Azócar*,25.0,NYY,AL,0.9,65.0,218.0,214.0,18.0,53.0,8.0,0.0,5.0,19.0,7.0,0.0,2.0,15.0,0.248,0.257,0.355,0.612,70.0,0.296,66.0,76.0,1.0,1.0,0.0,1.0,0.0,79/HD,
