Player,Age,Team,Lg,WAR,G,PA,AB,R,H,2B,3B,HR,RBI,SB,CS,BB,SO,BA,OBP,SLG,OPS,OPS+,rOBA,Rbat+,TB,GIDP,HBP,SH,SF,IBB,Pos,Awards
A.J. Burnett,35.0,PIT,NL,-0.2,29.0,71.0,63.0,1.0,4.0,0.0,0.0,0.0,2.0,0.0,0.0,3.0,36.0,0.063,0.106,0.063,0.17,-51.0,0.114,-66.0,4.0,1.0,0.0,5.0,0.0,0.0,1,
A.J. Ellis,31.0,LAD,NL,3.4,133.0,505.0,423.0,44.0,114.0,20.0,1.0,13.0,52.0,0.0,0.0,65.0,107.0,0.27,0.373,0.414,0.786,118.0,0.353,121.0,175.0,17.0,7.0,6.0,4.0,11.0,*2/H,
A.J. Pierzynski*,35.0,CHW,AL,3.3,135.0,520.0,479.0,68.0,133.0,18.0,4.0,27.0,77.0,0.0,0.0,28.0,78.0,0.278,0.326,0.501,0.827,120.0,0.35,115.0,240.0,8.0,8.0,1.0,4.0,5.0,*2/HD,SS
Aaron Crow,25.0,KCR,AL,0.0,4.0,0.0,0.0,0.0,0.0,0.0,0.0,0.0,0.0,0.0,0.0,0.0,0.0,,,,,,,,0.0,0.0,0.0,0.0,0.0,0.0,1,
Aaron Cunningham,26.0,CLE,AL,-0.7,72.0,109.0,97.0,5.0,17.0,4.0,0.0,1.0,7.0,0.0,3.0,9.0,25.0,0.175,0.245,0.247,0.493,40.0,0.222,39.0,24.0,0.0,0.0,3.0,0.0,1.0,798/HD,
Aaron Harang,34.0,LAD,NL,-0.5,29.0,63.0,56.0,1.0,4.0,1.0,0.0,0.0,2.0,0.0,0.0,0.0,23.0,0.071,0.071,0.089,0.161,-56.0,0.069,-112.0,5.0,1.0,0.0,7.0,0.0,0.0,1,
Aaron Hill,30.0,ARI,NL,5.1,156.0,668.0,609.0,93.0,184.0,44.0,6.0,26.0,85.0,14.0,5.0,52.0,86.0,0.302,0.36,0.522,0.882,133.0,0.384,135.0,318.0,15.0,4.0,1.0,2.0,7.0,*4/H,"MVP-26,SS"
Aaron Laffey*,27.0,TOR,AL,0.0,2.0,1.0,1.0,0.0,0.0,0.0,0.0,0.0,0.0,0.0,0.0,0.0,0.0,0.0,0.0,0.0,0.0,-100.0,0.0,-145.0,0.0,0.0,0.0,0.0,0.0,0.0,1,
Aaron Loup*,24.0,TOR,AL,0.0,1.0,1.0,1.0,0.0,0.0,0.0,0.0,0.0,0.0,0.0,0.0,0.0,0.0,0.0,0.0,0.0,0.0,-100.0,0.0,-145.0,0.0,0.0,0.0,0.0,0.0,0.0,1,
Adam Dunn*,32.0,CHW,AL,1.6,151.0,649.0,539.0,87.0,110.0,19.0,0.0,41.0,96.0,2.0,1.0,105.0,222.0,0.204,0.333,0.468,0.8,114.0,0.348,113.0,252.0,8.0,1.0,0.0,4.0,3.0,D3/7H,AS
Adam Eaton*,23.0,ARI,NL,0.7,22.0,103.0,85.0,19.0,22.0,3.0,2.0,2.0,5.0,2.0,3.0,14.0,15.0,0.259,0.382,0.412,0.794,114.0,0.351,119.0,35.0,0.0,3.0,1.0,0.0,0.0,8/7H,
Adam Greenberg*,31.0,MIA,NL,0.0,1.0,1.0,1.0,0.0,0.0,0.0,0.0,0.0,0.0,0.0,0.0,0.0,1.0,0.0,0.0,0.0,0.0,-100.0,0.0,-145.0,0.0,0.0,0.0,0.0,0.0,0.0,/H,
Adam Jones,26.0,BAL,AL,4.1,162.0,697.0,648.0,103.0,186.0,39.0,3.0,32.0,82.0,16.0,7.0,34.0,126.0,0.287,0.334,0.505,0.839,125.0,0.37,131.0,327.0,15.0,13.0,0.0,2.0,0.0,*8/D,"AS,MVP-6,GG"
Adam Kennedy*,36.0,LAD,NL,0.3,86.0,201.0,168.0,22.0,44.0,8.0,1.0,2.0,16.0,1.0,1.0,23.0,33.0,0.262,0.345,0.357,0.702,95.0,0.32,97.0,60.0,5.0,1.0,4.0,5.0,1.0,5H4/37,
Adam LaRoche*,32.0,WSN,NL,4.2,154.0,647.0,571.0,76.0,155.0,35.0,1.0,33.0,100.0,1.0,1.0,67.0,138.0,0.271,0.343,0.51,0.853,127.0,0.372,130.0,291.0,10.0,0.0,0.0,9.0,7.0,*3/H,"MVP-6,GG,SS"
Adam Lind*,28.0,TOR,AL,0.3,93.0,353.0,321.0,28.0,82.0,14.0,2.0,11.0,45.0,0.0,0.0,29.0,61.0,0.255,0.314,0.414,0.729,97.0,0.326,99.0,133.0,10.0,0.0,0.0,3.0,1.0,3D/H,
Adam Moore,28.0,KCR,AL,0.0,4.0,12.0,11.0,1.0,2.0,1.0,0.0,1.0,2.0,0.0,0.0,1.0,3.0,0.182,0.25,0.545,0.795,109.0,0.33,101.0,6.0,0.0,0.0,0.0,0.0,0.0,/2D,
Adam Ottavino#,26.0,COL,NL,0.0,49.0,12.0,9.0,1.0,1.0,0.0,0.0,0.0,0.0,0.0,0.0,0.0,7.0,0.111,0.111,0.111,0.222,-43.0,0.19,-58.0,1.0,0.0,0.0,3.0,0.0,0.0,1,
Adam Rosales,29.0,OAK,AL,0.8,42.0,111.0,99.0,12.0,22.0,5.0,0.0,2.0,8.0,0.0,0.0,11.0,24.0,0.222,0.297,0.333,0.631,77.0,0.295,83.0,33.0,4.0,0.0,0.0,1.0,1.0,46/3H5,
Adam Wainwright,30.0,STL,NL,0.1,32.0,72.0,66.0,5.0,8.0,2.0,0.0,1.0,4.0,0.0,0.0,3.0,32.0,0.121,0.159,0.197,0.356,-3.0,0.175,-18.0,13.0,1.0,0.0,3.0,0.0,0.0,1/H,
Addison Reed*,23.0,CHW,AL,0.0,5.0,0.0,0.0,0.0,0.0,0.0,0.0,0.0,0.0,0.0,0.0,0.0,0.0,,,,,,,,0.0,0.0,0.0,0.0,0.0,0.0,1,
Adeiny Hechavarría,23.0,TOR,AL,0.1,41.0,137.0,126.0,10.0,32.0,8.0,0.0,2.0,15.0,0.0,0.0,4.0,32.0,0.254,0.28,0.365,0.645,75.0,0.286,68.0,46.0,2.0,1.0,5.0,1.0,0.0,56/4H,
Adrian Beltré,33.0,TEX,AL,7.2,156.0,654.0,604.0,95.0,194.0,33.0,2.0,36.0,102.0,1.0,0.0,36.0,82.0,0.321,0.359,0.561,0.921,139.0,0.395,143.0,339.0,8.0,5.0,0.0,9.0,8.0,*5D/H,"AS,MVP-3,GG"
Adrian Cardenas*,24.0,CHC,NL,-0.3,45.0,67.0,60.0,5.0,11.0,6.0,0.0,0.0,2.0,0.0,0.0,7.0,13.0,0.183,0.269,0.283,0.552,50.0,0.258,45.0,17.0,0.0,0.0,0.0,0.0,1.0,H4/75,
Adrián González*,30.0,2TM,2LG,3.7,159.0,684.0,629.0,75.0,188.0,47.0,1.0,18.0,108.0,2.0,0.0,42.0,110.0,0.299,0.344,0.463,0.806,117.0,0.352,117.0,291.0,10.0,5.0,0.0,8.0,5.0,*39/DH,
Adrián González*,30.0,BOS,AL,3.0,123.0,527.0,484.0,63.0,145.0,37.0,0.0,15.0,86.0,0.0,0.0,31.0,81.0,0.3,0.343,0.469,0.812,117.0,0.354,118.0,227.0,9.0,5.0,0.0,7.0,4.0,*39/DH,
Adrián González*,30.0,LAD,NL,0.7,36.0,157.0,145.0,12.0,43.0,10.0,1.0,3.0,22.0,2.0,0.0,11.0,29.0,0.297,0.344,0.441,0.785,116.0,0.345,113.0,64.0,1.0,0.0,0.0,1.0,1.0,3,
Adron Chambers*,25.0,STL,NL,0.2,41.0,62.0,54.0,4.0,12.0,0.0,2.0,0.0,4.0,2.0,1.0,5.0,18.0,0.222,0.3,0.296,0.596,65.0,0.256,43.0,16.0,0.0,1.0,2.0,0.0,2.0,H78/9,
AJ Pollock,24.0,ARI,NL,-0.1,31.0,93.0,81.0,8.0,20.0,4.0,1.0,2.0,8.0,1.0,2.0,9.0,11.0,0.247,0.315,0.395,0.71,90.0,0.297,78.0,32.0,2.0,0.0,1.0,2.0,1.0,8H/79,
AJ Ramos,25.0,MIA,NL,0.0,11.0,0.0,0.0,0.0,0.0,0.0,0.0,0.0,0.0,0.0,0.0,0.0,0.0,,,,,,,,0.0,0.0,0.0,0.0,0.0,0.0,1,
Albert Pujols,32.0,LAA,AL,4.8,154.0,670.0,607.0,85.0,173.0,50.0,0.0,30.0,105.0,8.0,1.0,52.0,76.0,0.285,0.343,0.516,0.859,138.0,0.366,136.0,313.0,19.0,5.0,0.0,6.0,16.0,*3D/5,MVP-17
Alberto Cabrera,23.0,CHC,NL,0.0,25.0,0.0,0.0,0.0,0.0,0.0,0.0,0.0,0.0,0.0,0.0,0.0,0.0,,,,,,,,0.0,0.0,0.0,0.0,0.0,0.0,1,
Alberto Callaspo#,29.0,LAA,AL,3.4,138.0,520.0,457.0,55.0,115.0,20.0,0.0,10.0,53.0,4.0,3.0,56.0,59.0,0.252,0.331,0.361,0.692,96.0,0.321,104.0,165.0,6.0,0.0,3.0,4.0,1.0,*5H,
Alberto González,29.0,TEX,AL,0.1,24.0,55.0,54.0,7.0,13.0,2.0,1.0,0.0,4.0,0.0,0.0,0.0,9.0,0.241,0.241,0.315,0.556,46.0,0.238,26.0,17.0,0.0,0.0,1.0,0.0,0.0,/654HD,
Alcides Escobar,25.0,KCR,AL,3.4,155.0,648.0,605.0,68.0,177.0,30.0,7.0,5.0,52.0,35.0,5.0,27.0,100.0,0.293,0.331,0.39,0.721,96.0,0.331,96.0,236.0,14.0,8.0,8.0,0.0,2.0,*6,
Alejandro De Aza*,28.0,CHW,AL,2.3,131.0,585.0,524.0,81.0,147.0,29.0,6.0,9.0,50.0,26.0,12.0,47.0,109.0,0.281,0.349,0.41,0.76,105.0,0.338,106.0,215.0,1.0,9.0,4.0,1.0,3.0,*87/HD,
Alex Avila*,25.0,DET,AL,2.2,116.0,434.0,367.0,42.0,89.0,21.0,2.0,9.0,48.0,2.0,0.0,61.0,104.0,0.243,0.352,0.384,0.736,99.0,0.328,97.0,141.0,12.0,2.0,2.0,2.0,2.0,*2/H,
Alex Burnett,24.0,MIN,AL,0.0,5.0,0.0,0.0,0.0,0.0,0.0,0.0,0.0,0.0,0.0,0.0,0.0,0.0,,,,,,,,0.0,0.0,0.0,0.0,0.0,0.0,1,
Alex Castellanos,25.0,LAD,NL,-0.3,16.0,25.0,23.0,3.0,4.0,0.0,1.0,1.0,3.0,0.0,0.0,0.0,8.0,0.174,0.2,0.391,0.591,59.0,0.243,40.0,9.0,0.0,1.0,0.0,1.0,0.0,7/H9,
Alex Gordon*,28.0,KCR,AL,6.3,161.0,721.0,642.0,93.0,189.0,51.0,5.0,14.0,72.0,10.0,5.0,73.0,140.0,0.294,0.368,0.455,0.822,123.0,0.358,122.0,292.0,14.0,3.0,0.0,3.0,3.0,*7/H,GG
Alex Hinshaw*,29.0,2TM,NL,0.0,31.0,1.0,1.0,0.0,0.0,0.0,0.0,0.0,0.0,0.0,0.0,0.0,1.0,0.0,0.0,0.0,0.0,-100.0,0.0,-136.0,0.0,0.0,0.0,0.0,0.0,0.0,1,
Alex Hinshaw*,29.0,SDP,NL,0.0,29.0,1.0,1.0,0.0,0.0,0.0,0.0,0.0,0.0,0.0,0.0,0.0,1.0,0.0,0.0,0.0,0.0,-100.0,0.0,-136.0,0.0,0.0,0.0,0.0,0.0,0.0,1,
Alex Hinshaw*,29.0,CHC,NL,0.0,2.0,0.0,0.0,0.0,0.0,0.0,0.0,0.0,0.0,0.0,0.0,0.0,0.0,,,,,,,,0.0,0.0,0.0,0.0,0.0,0.0,/1,
Alex Liddi,23.0,SEA,AL,-0.2,38.0,126.0,116.0,8.0,26.0,4.0,1.0,3.0,10.0,2.0,1.0,9.0,49.0,0.224,0.278,0.353,0.631,79.0,0.275,72.0,41.0,0.0,0.0,0.0,1.0,0.0,5/73H,
Alex Presley*,26.0,PIT,NL,0.0,104.0,370.0,346.0,46.0,82.0,14.0,7.0,10.0,25.0,9.0,7.0,18.0,72.0,0.237,0.279,0.405,0.683,87.0,0.303,87.0,140.0,5.0,2.0,4.0,0.0,0.0,7H/98,
Alex White,23.0,COL,NL,0.2,27.0,33.0,28.0,2.0,5.0,1.0,0.0,2.0,5.0,0.0,0.0,0.0,12.0,0.179,0.172,0.429,0.601,46.0,0.279,40.0,12.0,0.0,0.0,4.0,1.0,0.0,1/H,
Alexei Ramírez,30.0,CHW,AL,2.7,158.0,621.0,593.0,59.0,157.0,24.0,4.0,9.0,73.0,20.0,7.0,16.0,77.0,0.265,0.287,0.364,0.651,75.0,0.294,71.0,216.0,15.0,4.0,4.0,4.0,2.0,*6/H,
Alexi Amarista*,23.0,2TM,2LG,0.3,106.0,300.0,275.0,36.0,66.0,15.0,5.0,5.0,32.0,8.0,4.0,17.0,42.0,0.24,0.282,0.385,0.668,87.0,0.298,85.0,106.0,2.0,0.0,6.0,2.0,1.0,4H768/95D,
Alexi Amarista*,23.0,LAA,AL,0.0,1.0,0.0,0.0,1.0,0.0,0.0,0.0,0.0,0.0,0.0,0.0,0.0,0.0,,,,,,,,0.0,0.0,0.0,0.0,0.0,0.0,/DH,
Alexi Amarista*,23.0,SDP,NL,0.3,105.0,300.0,275.0,35.0,66.0,15.0,5.0,5.0,32.0,8.0,4.0,17.0,42.0,0.24,0.282,0.385,0.668,87.0,0.298,85.0,106.0,2.0,0.0,6.0,2.0,1.0,4H768/95,
Alexi Casilla#,27.0,MIN,AL,2.0,106.0,326.0,299.0,33.0,72.0,17.0,2.0,1.0,30.0,21.0,1.0,16.0,52.0,0.241,0.282,0.321,0.603,67.0,0.285,62.0,96.0,6.0,3.0,3.0,5.0,0.0,4H/5,
Alexi Ogando,28.0,TEX,AL,0.0,2.0,2.0,2.0,0.0,1.0,0.0,0.0,0.0,0.0,0.0,0.0,0.0,1.0,0.5,0.5,0.5,1.0,167.0,0.4,148.0,1.0,0.0,0.0,0.0,0.0,0.0,1,
Alfonso Soriano,36.0,CHC,NL,1.9,151.0,615.0,561.0,68.0,147.0,33.0,2.0,32.0,108.0,6.0,2.0,44.0,153.0,0.262,0.322,0.499,0.821,118.0,0.359,119.0,280.0,18.0,7.0,0.0,3.0,5.0,*7/DH,MVP-20
Alfredo Aceves,29.0,BOS,AL,0.0,6.0,0.0,0.0,0.0,0.0,0.0,0.0,0.0,0.0,0.0,0.0,0.0,0.0,,,,,,,,0.0,0.0,0.0,0.0,0.0,0.0,1,
Alfredo Simón,31.0,CIN,NL,-0.1,35.0,4.0,4.0,0.0,0.0,0.0,0.0,0.0,0.0,0.0,0.0,0.0,2.0,0.0,0.0,0.0,0.0,-100.0,0.0,-148.0,0.0,0.0,0.0,0.0,0.0,0.0,1,
Allen Craig,27.0,STL,NL,2.4,119.0,514.0,469.0,76.0,144.0,35.0,0.0,22.0,92.0,2.0,1.0,37.0,89.0,0.307,0.354,0.522,0.876,137.0,0.382,139.0,245.0,15.0,1.0,0.0,7.0,1.0,39/7HD,MVP-19
Alí Solís,24.0,SDP,NL,-0.1,5.0,4.0,4.0,0.0,0.0,0.0,0.0,0.0,0.0,0.0,0.0,0.0,2.0,0.0,0.0,0.0,0.0,-100.0,0.0,-132.0,0.0,0.0,0.0,0.0,0.0,0.0,/H2,
Andre Ethier*,30.0,LAD,NL,3.5,149.0,618.0,556.0,79.0,158.0,36.0,1.0,20.0,89.0,2.0,2.0,50.0,124.0,0.284,0.351,0.46,0.812,123.0,0.367,131.0,256.0,13.0,9.0,0.0,3.0,6.0,*9/DH8,
Andrelton Simmons,22.0,ATL,NL,2.9,49.0,182.0,166.0,17.0,48.0,8.0,2.0,3.0,19.0,1.0,0.0,12.0,21.0,0.289,0.335,0.416,0.751,101.0,0.329,96.0,69.0,5.0,1.0,0.0,3.0,1.0,6,
Andrew Brown,27.0,COL,NL,-0.1,46.0,126.0,112.0,14.0,26.0,7.0,0.0,5.0,11.0,2.0,2.0,12.0,34.0,0.232,0.302,0.429,0.73,83.0,0.311,74.0,48.0,3.0,0.0,0.0,2.0,0.0,9H7,
Andrew Cashner,25.0,SDP,NL,0.0,33.0,8.0,7.0,0.0,1.0,0.0,0.0,0.0,0.0,0.0,0.0,1.0,2.0,0.143,0.25,0.143,0.393,16.0,0.187,5.0,1.0,0.0,0.0,0.0,0.0,0.0,1,
Andrew McCutchen,25.0,PIT,NL,6.9,157.0,673.0,593.0,107.0,194.0,29.0,6.0,31.0,96.0,20.0,12.0,70.0,132.0,0.327,0.4,0.553,0.953,162.0,0.407,164.0,328.0,9.0,5.0,0.0,5.0,13.0,*8/H,"AS,MVP-3,GG,SS"
Andrew Miller*,27.0,BOS,AL,0.0,2.0,0.0,0.0,0.0,0.0,0.0,0.0,0.0,0.0,0.0,0.0,0.0,0.0,,,,,,,,0.0,0.0,0.0,0.0,0.0,0.0,1,
Andrew Romine#,26.0,LAA,AL,0.1,12.0,21.0,17.0,2.0,7.0,0.0,0.0,0.0,1.0,1.0,0.0,3.0,3.0,0.412,0.5,0.412,0.912,163.0,0.421,171.0,7.0,0.0,0.0,1.0,0.0,0.0,/6H45D,
Andrew Werner*,25.0,SDP,NL,0.0,8.0,14.0,12.0,0.0,1.0,0.0,0.0,0.0,0.0,0.0,0.0,0.0,4.0,0.083,0.083,0.083,0.167,-52.0,0.151,-42.0,1.0,1.0,0.0,2.0,0.0,0.0,/1,
Andruw Jones,35.0,NYY,AL,0.2,94.0,269.0,233.0,27.0,46.0,7.0,0.0,14.0,34.0,0.0,0.0,28.0,71.0,0.197,0.294,0.408,0.701,87.0,0.314,88.0,95.0,2.0,5.0,0.0,3.0,1.0,7H9D,
Andrés Torres#,34.0,NYM,NL,1.5,132.0,434.0,374.0,47.0,86.0,17.0,7.0,3.0,35.0,13.0,5.0,52.0,90.0,0.23,0.327,0.337,0.664,86.0,0.313,91.0,126.0,9.0,3.0,1.0,2.0,2.0,*8H/D,
Andy Dirks*,26.0,DET,AL,2.1,88.0,344.0,314.0,56.0,101.0,18.0,5.0,8.0,35.0,1.0,1.0,23.0,53.0,0.322,0.37,0.487,0.857,129.0,0.371,130.0,153.0,4.0,2.0,3.0,2.0,2.0,79D/H8,
Andy Parrino#,26.0,SDP,NL,0.1,55.0,138.0,116.0,9.0,24.0,5.0,0.0,1.0,6.0,1.0,0.0,17.0,35.0,0.207,0.316,0.276,0.592,70.0,0.269,60.0,32.0,2.0,2.0,2.0,1.0,7.0,6H4/59,
Andy Pettitte*,40.0,NYY,AL,0.1,3.0,5.0,4.0,0.0,1.0,0.0,0.0,0.0,0.0,0.0,0.0,0.0,2.0,0.25,0.25,0.25,0.5,36.0,0.224,2.0,1.0,0.0,0.0,1.0,0.0,0.0,1,
Aneury Rodríguez,24.0,HOU,NL,0.1,1.0,1.0,1.0,0.0,1.0,0.0,0.0,0.0,0.0,0.0,0.0,0.0,0.0,1.0,1.0,1.0,2.0,448.0,0.903,518.0,1.0,0.0,0.0,0.0,0.0,0.0,/1,
Anthony Bass,24.0,SDP,NL,0.1,24.0,31.0,31.0,3.0,4.0,0.0,1.0,0.0,5.0,1.0,0.0,0.0,13.0,0.129,0.129,0.194,0.323,-10.0,0.173,-12.0,6.0,0.0,0.0,0.0,0.0,0.0,1/H,
Anthony Gose*,21.0,TOR,AL,0.6,56.0,189.0,166.0,25.0,37.0,7.0,3.0,1.0,11.0,15.0,3.0,17.0,59.0,0.223,0.303,0.319,0.622,71.0,0.293,65.0,53.0,1.0,2.0,4.0,0.0,0.0,987/H,
Anthony Recker,28.0,2TM,2LG,-0.1,22.0,58.0,49.0,4.0,7.0,2.0,0.0,1.0,4.0,0.0,0.0,6.0,15.0,0.143,0.263,0.245,0.508,43.0,0.257,50.0,12.0,1.0,2.0,1.0,0.0,0.0,2/H3D,
Anthony Recker,28.0,OAK,AL,-0.2,13.0,37.0,31.0,3.0,4.0,1.0,0.0,0.0,0.0,0.0,0.0,4.0,13.0,0.129,0.25,0.161,0.411,20.0,0.232,35.0,5.0,0.0,1.0,1.0,0.0,0.0,2/DH,
Anthony Recker,28.0,CHC,NL,0.1,9.0,21.0,18.0,1.0,3.0,1.0,0.0,1.0,4.0,0.0,0.0,2.0,2.0,0.167,0.286,0.389,0.675,81.0,0.302,77.0,7.0,1.0,1.0,0.0,0.0,0.0,/2H3,
Anthony Rizzo*,22.0,CHC,NL,2.2,87.0,368.0,337.0,44.0,96.0,15.0,0.0,15.0,48.0,3.0,2.0,27.0,62.0,0.285,0.342,0.463,0.805,116.0,0.365,125.0,156.0,7.0,3.0,0.0,1.0,1.0,3/H,
Anthony Swarzak,26.0,MIN,AL,0.0,3.0,2.0,2.0,0.0,0.0,0.0,0.0,0.0,0.0,0.0,0.0,0.0,1.0,0.0,0.0,0.0,0.0,-100.0,0.0,-130.0,0.0,0.0,0.0,0.0,0.0,0.0,1,
Anthony Varvaro,27.0,ATL,NL,0.0,10.0,0.0,0.0,0.0,0.0,0.0,0.0,0.0,0.0,0.0,0.0,0.0,0.0,,,,,,,,0.0,0.0,0.0,0.0,0.0,0.0,1,
Antonio Bastardo,26.0,PHI,NL,0.0,62.0,0.0,0.0,0.0,0.0,0.0,0.0,0.0,0.0,0.0,0.0,0.0,0.0,,,,,,,,0.0,0.0,0.0,0.0,0.0,0.0,1,
Aníbal Sánchez,28.0,MIA,NL,-0.1,17.0,35.0,30.0,1.0,3.0,0.0,1.0,0.0,0.0,0.0,0.0,1.0,18.0,0.1,0.129,0.167,0.296,-21.0,0.132,-67.0,5.0,0.0,0.0,4.0,0.0,0.0,1,
Aramis Ramírez,34.0,MIL,NL,5.6,149.0,630.0,570.0,92.0,171.0,50.0,3.0,27.0,105.0,9.0,2.0,44.0,82.0,0.3,0.36,0.54,0.901,136.0,0.395,141.0,308.0,14.0,12.0,0.0,4.0,3.0,*5/DH,MVP-9
Armando Galarraga,30.0,HOU,NL,-0.1,5.0,8.0,8.0,0.0,0.0,0.0,0.0,0.0,0.0,0.0,0.0,0.0,3.0,0.0,0.0,0.0,0.0,-100.0,0.0,-143.0,0.0,0.0,0.0,0.0,0.0,0.0,/1,
Aroldis Chapman*,24.0,CIN,NL,0.0,65.0,0.0,0.0,0.0,0.0,0.0,0.0,0.0,0.0,0.0,0.0,0.0,0.0,,,,,,,,0.0,0.0,0.0,0.0,0.0,0.0,1,"AS,CYA-8,MVP-12"
Asdrúbal Cabrera#,26.0,CLE,AL,3.3,143.0,616.0,555.0,70.0,150.0,35.0,1.0,16.0,68.0,9.0,4.0,52.0,99.0,0.27,0.338,0.423,0.762,114.0,0.335,114.0,235.0,18.0,6.0,1.0,2.0,3.0,*6/DH,AS
Aubrey Huff*,35.0,SFG,NL,0.2,52.0,95.0,78.0,7.0,15.0,4.0,0.0,1.0,7.0,0.0,0.0,16.0,12.0,0.192,0.326,0.282,0.608,77.0,0.301,90.0,22.0,3.0,0.0,0.0,1.0,1.0,H3/74,
Austin Jackson,25.0,DET,AL,5.5,137.0,617.0,543.0,103.0,163.0,29.0,10.0,16.0,66.0,12.0,9.0,67.0,134.0,0.3,0.377,0.479,0.856,129.0,0.377,135.0,260.0,9.0,2.0,2.0,3.0,0.0,*8/H,
Austin Kearns,32.0,MIA,NL,0.3,87.0,175.0,147.0,21.0,36.0,6.0,0.0,4.0,16.0,2.0,1.0,22.0,44.0,0.245,0.366,0.367,0.733,99.0,0.334,100.0,54.0,8.0,6.0,0.0,0.0,1.0,H79/3D,
Avisaíl García,21.0,DET,AL,-0.3,23.0,51.0,47.0,7.0,15.0,0.0,0.0,0.0,3.0,0.0,2.0,3.0,10.0,0.319,0.373,0.319,0.692,90.0,0.286,81.0,15.0,1.0,1.0,0.0,0.0,1.0,9/H78,
B.J. Rosenberg,26.0,PHI,NL,0.0,20.0,4.0,3.0,0.0,1.0,0.0,0.0,0.0,1.0,0.0,0.0,0.0,1.0,0.333,0.333,0.333,0.667,81.0,0.268,36.0,1.0,0.0,0.0,1.0,0.0,0.0,1,
B.J. Upton,27.0,TBR,AL,2.7,146.0,633.0,573.0,79.0,141.0,29.0,3.0,28.0,78.0,31.0,6.0,45.0,169.0,0.246,0.298,0.454,0.752,108.0,0.334,107.0,260.0,13.0,1.0,4.0,8.0,0.0,*8/DH,
Barret Browning*,27.0,STL,NL,0.0,22.0,1.0,1.0,0.0,0.0,0.0,0.0,0.0,0.0,0.0,0.0,0.0,0.0,0.0,0.0,0.0,0.0,-100.0,0.0,-136.0,0.0,0.0,0.0,0.0,0.0,0.0,1,
Barry Zito*,34.0,SFG,NL,-0.1,31.0,69.0,53.0,3.0,4.0,0.0,0.0,0.0,2.0,0.0,0.0,6.0,12.0,0.075,0.169,0.075,0.245,-26.0,0.132,-57.0,4.0,1.0,0.0,10.0,0.0,0.0,1,
Bartolo Colon,39.0,OAK,AL,0.0,2.0,4.0,4.0,0.0,0.0,0.0,0.0,0.0,0.0,0.0,0.0,0.0,3.0,0.0,0.0,0.0,0.0,-100.0,0.0,-133.0,0.0,0.0,0.0,0.0,0.0,0.0,1,
Ben Francisco,30.0,3TM,2LG,-1.0,82.0,207.0,192.0,14.0,46.0,14.0,1.0,4.0,15.0,0.0,1.0,13.0,49.0,0.24,0.285,0.385,0.67,82.0,0.297,81.0,74.0,1.0,0.0,0.0,2.0,0.0,9H7D,
Ben Francisco,30.0,2TM,AL,-0.3,51.0,117.0,107.0,9.0,25.0,10.0,1.0,2.0,10.0,0.0,1.0,8.0,26.0,0.234,0.282,0.402,0.684,87.0,0.305,90.0,43.0,1.0,0.0,0.0,2.0,0.0,HD97,
Ben Francisco,30.0,TOR,AL,-0.1,27.0,54.0,50.0,5.0,12.0,5.0,1.0,0.0,2.0,0.0,1.0,4.0,10.0,0.24,0.296,0.38,0.676,83.0,0.32,101.0,19.0,0.0,0.0,0.0,0.0,0.0,DH/79,
Ben Francisco,30.0,HOU,NL,-0.7,31.0,90.0,85.0,5.0,21.0,4.0,0.0,2.0,5.0,0.0,0.0,5.0,23.0,0.247,0.289,0.365,0.654,77.0,0.287,68.0,31.0,0.0,0.0,0.0,0.0,0.0,97/H,
Ben Francisco,30.0,TBR,AL,-0.1,24.0,63.0,57.0,4.0,13.0,5.0,0.0,2.0,8.0,0.0,0.0,4.0,16.0,0.228,0.27,0.421,0.691,90.0,0.292,81.0,24.0,1.0,0.0,0.0,2.0,0.0,9/H7D,
Ben Revere*,24.0,MIN,AL,2.8,124.0,553.0,511.0,70.0,150.0,13.0,6.0,0.0,32.0,40.0,9.0,29.0,54.0,0.294,0.333,0.342,0.675,89.0,0.316,89.0,175.0,8.0,3.0,6.0,4.0,0.0,*98/7H,
Ben Sheets,33.0,ATL,NL,-0.1,9.0,17.0,13.0,0.0,0.0,0.0,0.0,0.0,0.0,0.0,0.0,1.0,6.0,0.0,0.071,0.0,0.071,-78.0,0.114,-95.0,0.0,0.0,0.0,3.0,0.0,0.0,/1,
Ben Zobrist#,31.0,TBR,AL,5.8,157.0,668.0,560.0,88.0,151.0,39.0,7.0,20.0,74.0,14.0,9.0,97.0,103.0,0.27,0.377,0.471,0.848,137.0,0.369,140.0,264.0,13.0,3.0,2.0,6.0,7.0,946/D,MVP-18
Bill Bray*,29.0,CIN,NL,0.0,14.0,0.0,0.0,0.0,0.0,0.0,0.0,0.0,0.0,0.0,0.0,0.0,0.0,,,,,,,,0.0,0.0,0.0,0.0,0.0,0.0,1,
Bill Hall,32.0,BAL,AL,0.0,7.0,14.0,9.0,2.0,2.0,0.0,0.0,1.0,1.0,0.0,0.0,5.0,7.0,0.222,0.5,0.556,1.056,188.0,0.438,186.0,5.0,0.0,0.0,0.0,0.0,1.0,/HD79,
Billy Butler,26.0,KCR,AL,3.0,161.0,679.0,614.0,72.0,192.0,32.0,1.0,29.0,107.0,2.0,1.0,54.0,111.0,0.313,0.373,0.51,0.882,138.0,0.378,137.0,313.0,20.0,7.0,0.0,4.0,9.0,*D3/H,"AS,SS"
Blake Beavan,23.0,SEA,AL,0.0,1.0,3.0,2.0,0.0,0.0,0.0,0.0,0.0,0.0,0.0,0.0,0.0,1.0,0.0,0.0,0.0,0.0,-100.0,0.0,-239.0,0.0,0.0,0.0,1.0,0.0,0.0,1,
Blake DeWitt*,26.0,CHC,NL,-0.4,18.0,30.0,29.0,1.0,4.0,1.0,0.0,0.0,1.0,0.0,0.0,0.0,2.0,0.138,0.133,0.172,0.306,-18.0,0.193,-3.0,5.0,1.0,0.0,0.0,1.0,0.0,H/47,
Blake Lalli*,29.0,CHC,NL,-0.3,6.0,16.0,15.0,1.0,2.0,0.0,0.0,0.0,2.0,0.0,0.0,1.0,3.0,0.133,0.188,0.133,0.321,-11.0,0.156,-29.0,2.0,0.0,0.0,0.0,0.0,0.0,/23H,
Blake Parker,27.0,CHC,NL,0.0,7.0,0.0,0.0,0.0,0.0,0.0,0.0,0.0,0.0,0.0,0.0,0.0,0.0,,,,,,,,0.0,0.0,0.0,0.0,0.0,0.0,/1,
Blake Tekotte*,25.0,SDP,NL,-0.2,11.0,15.0,15.0,0.0,2.0,0.0,0.0,0.0,0.0,1.0,0.0,0.0,4.0,0.133,0.133,0.133,0.267,-24.0,0.13,-49.0,2.0,0.0,0.0,0.0,0.0,0.0,/H789,
Bobby Abreu*,38.0,2TM,2LG,-0.5,100.0,257.0,219.0,29.0,53.0,11.0,1.0,3.0,24.0,6.0,2.0,37.0,56.0,0.242,0.35,0.342,0.693,94.0,0.317,93.0,75.0,7.0,0.0,0.0,1.0,3.0,7H/D9,
Bobby Abreu*,38.0,LAA,AL,-0.2,8.0,27.0,24.0,1.0,5.0,3.0,0.0,0.0,5.0,0.0,0.0,2.0,5.0,0.208,0.259,0.333,0.593,66.0,0.253,53.0,8.0,1.0,0.0,0.0,1.0,0.0,/79H,
Bobby Abreu*,38.0,LAD,NL,-0.3,92.0,230.0,195.0,28.0,48.0,8.0,1.0,3.0,19.0,6.0,2.0,35.0,51.0,0.246,0.361,0.344,0.704,97.0,0.324,98.0,67.0,6.0,0.0,0.0,0.0,3.0,7H/D9,
Bobby Parnell,27.0,NYM,NL,0.0,70.0,1.0,0.0,0.0,0.0,0.0,0.0,0.0,0.0,0.0,0.0,0.0,0.0,,,,,,,,0.0,0.0,0.0,1.0,0.0,0.0,1,
Bobby Wilson,29.0,LAA,AL,0.8,75.0,201.0,171.0,19.0,36.0,5.0,0.0,3.0,13.0,0.0,0.0,15.0,33.0,0.211,0.277,0.292,0.569,61.0,0.27,64.0,50.0,7.0,1.0,13.0,1.0,0.0,2/3DH,
Boone Logan,27.0,NYY,AL,0.0,7.0,0.0,0.0,0.0,0.0,0.0,0.0,0.0,0.0,0.0,0.0,0.0,0.0,,,,,,,,0.0,0.0,0.0,0.0,0.0,0.0,1,
Brad Bergesen*,26.0,ARI,NL,0.0,19.0,2.0,1.0,0.0,0.0,0.0,0.0,0.0,0.0,0.0,0.0,0.0,0.0,0.0,0.0,0.0,0.0,-100.0,0.0,-391.0,0.0,0.0,0.0,1.0,0.0,0.0,1,
Brad Boxberger,24.0,SDP,NL,0.0,23.0,2.0,1.0,0.0,0.0,0.0,0.0,0.0,0.0,0.0,0.0,0.0,1.0,0.0,0.0,0.0,0.0,-100.0,0.0,-364.0,0.0,0.0,0.0,1.0,0.0,0.0,1,
Brad Brach,26.0,SDP,NL,0.0,66.0,0.0,0.0,0.0,0.0,0.0,0.0,0.0,0.0,0.0,0.0,0.0,0.0,,,,,,,,0.0,0.0,0.0,0.0,0.0,0.0,1,
Brad Eldred,31.0,DET,AL,-0.1,5.0,17.0,16.0,1.0,3.0,1.0,1.0,0.0,1.0,0.0,0.0,1.0,6.0,0.188,0.235,0.375,0.61,61.0,0.306,82.0,6.0,0.0,0.0,0.0,0.0,0.0,/DH,
Brad Hand*,22.0,MIA,NL,0.0,1.0,1.0,1.0,0.0,0.0,0.0,0.0,0.0,0.0,0.0,0.0,0.0,0.0,0.0,0.0,0.0,0.0,-100.0,0.0,-145.0,0.0,1.0,0.0,0.0,0.0,0.0,/1,
Brad Lidge,35.0,WSN,NL,0.0,9.0,0.0,0.0,0.0,0.0,0.0,0.0,0.0,0.0,0.0,0.0,0.0,0.0,,,,,,,,0.0,0.0,0.0,0.0,0.0,0.0,1,
Brad Lincoln*,27.0,2TM,2LG,0.0,26.0,10.0,10.0,2.0,2.0,0.0,0.0,0.0,0.0,0.0,0.0,0.0,6.0,0.2,0.2,0.2,0.4,12.0,0.181,-5.0,2.0,0.0,0.0,0.0,0.0,0.0,1/H,
Brad Lincoln*,27.0,PIT,NL,0.0,25.0,10.0,10.0,2.0,2.0,0.0,0.0,0.0,0.0,0.0,0.0,0.0,6.0,0.2,0.2,0.2,0.4,12.0,0.181,-5.0,2.0,0.0,0.0,0.0,0.0,0.0,1/H,
Brad Lincoln*,27.0,TOR,AL,0.0,1.0,0.0,0.0,0.0,0.0,0.0,0.0,0.0,0.0,0.0,0.0,0.0,0.0,,,,,,,,0.0,0.0,0.0,0.0,0.0,0.0,1,
Brad Penny,34.0,SFG,NL,0.0,22.0,1.0,1.0,0.0,0.0,0.0,0.0,0.0,0.0,0.0,0.0,0.0,0.0,0.0,0.0,0.0,0.0,-100.0,0.0,-127.0,0.0,0.0,0.0,0.0,0.0,0.0,1,
Brad Ziegler,32.0,ARI,NL,0.0,73.0,4.0,4.0,1.0,1.0,0.0,0.0,0.0,0.0,0.0,0.0,0.0,2.0,0.25,0.25,0.25,0.5,35.0,0.226,20.0,1.0,0.0,0.0,0.0,0.0,0.0,1,
Brandon Allen*,26.0,2TM,AL,-0.1,10.0,22.0,20.0,3.0,2.0,0.0,0.0,1.0,3.0,0.0,0.0,2.0,9.0,0.1,0.182,0.25,0.432,20.0,0.237,41.0,5.0,0.0,0.0,0.0,0.0,0.0,/H37,
Brandon Allen*,26.0,OAK,AL,0.0,3.0,7.0,7.0,0.0,0.0,0.0,0.0,0.0,0.0,0.0,0.0,0.0,5.0,0.0,0.0,0.0,0.0,-100.0,0.128,-38.0,0.0,0.0,0.0,0.0,0.0,0.0,/3H,
Brandon Allen*,26.0,TBR,AL,-0.1,7.0,15.0,13.0,3.0,2.0,0.0,0.0,1.0,3.0,0.0,0.0,2.0,4.0,0.154,0.267,0.385,0.651,80.0,0.287,78.0,5.0,0.0,0.0,0.0,0.0,0.0,/H7,
Brandon Barnes,26.0,HOU,NL,0.0,43.0,105.0,98.0,8.0,20.0,3.0,0.0,1.0,7.0,1.0,1.0,5.0,29.0,0.204,0.25,0.265,0.515,41.0,0.249,41.0,26.0,1.0,1.0,1.0,0.0,0.0,8/H97,
Brandon Beachy,25.0,ATL,NL,0.1,14.0,31.0,27.0,3.0,5.0,1.0,0.0,0.0,4.0,0.0,0.0,2.0,17.0,0.185,0.241,0.222,0.464,27.0,0.209,2.0,6.0,0.0,0.0,2.0,0.0,0.0,1/H,
Brandon Belt*,24.0,SFG,NL,2.8,145.0,472.0,411.0,47.0,113.0,27.0,6.0,7.0,56.0,12.0,2.0,54.0,106.0,0.275,0.36,0.421,0.781,123.0,0.354,126.0,173.0,2.0,3.0,0.0,4.0,5.0,*3H/7,
Brandon Crawford*,25.0,SFG,NL,2.4,143.0,476.0,435.0,44.0,108.0,26.0,3.0,4.0,45.0,1.0,4.0,33.0,95.0,0.248,0.304,0.349,0.653,86.0,0.286,82.0,152.0,4.0,3.0,2.0,3.0,6.0,*6/H,
Brandon Dickson,27.0,STL,NL,0.0,4.0,2.0,2.0,0.0,1.0,0.0,0.0,0.0,0.0,0.0,0.0,0.0,1.0,0.5,0.5,0.5,1.0,176.0,0.402,155.0,1.0,0.0,0.0,0.0,0.0,0.0,/1,
Brandon Gomes,27.0,TBR,AL,0.0,2.0,2.0,1.0,0.0,0.0,0.0,0.0,0.0,1.0,0.0,0.0,1.0,1.0,0.0,0.5,0.0,0.5,59.0,0.347,122.0,0.0,0.0,0.0,0.0,0.0,0.0,1,
Brandon Guyer,26.0,TBR,AL,0.1,3.0,7.0,7.0,2.0,1.0,0.0,0.0,1.0,1.0,0.0,0.0,0.0,1.0,0.143,0.143,0.571,0.714,87.0,0.417,172.0,4.0,0.0,0.0,0.0,0.0,0.0,/7,
Brandon Hicks,26.0,OAK,AL,0.0,22.0,70.0,64.0,8.0,11.0,5.0,0.0,3.0,7.0,1.0,0.0,6.0,31.0,0.172,0.243,0.391,0.633,74.0,0.277,68.0,25.0,1.0,0.0,0.0,0.0,0.0,6/H34,
Brandon Inge,35.0,2TM,AL,0.5,83.0,331.0,303.0,33.0,66.0,14.0,0.0,12.0,54.0,0.0,1.0,24.0,91.0,0.218,0.275,0.383,0.658,82.0,0.283,75.0,116.0,8.0,1.0,0.0,3.0,1.0,5/4DH,
Brandon Inge,35.0,DET,AL,-0.5,9.0,20.0,20.0,2.0,2.0,1.0,0.0,1.0,2.0,0.0,0.0,0.0,6.0,0.1,0.1,0.3,0.4,2.0,0.163,-23.0,6.0,0.0,0.0,0.0,0.0,0.0,/45DH,
Brandon Inge,35.0,OAK,AL,1.1,74.0,311.0,283.0,31.0,64.0,13.0,0.0,11.0,52.0,0.0,1.0,24.0,85.0,0.226,0.286,0.389,0.675,88.0,0.291,82.0,110.0,8.0,1.0,0.0,3.0,1.0,5,
Brandon Kintzler,27.0,MIL,NL,0.0,14.0,0.0,0.0,0.0,0.0,0.0,0.0,0.0,0.0,0.0,0.0,0.0,0.0,,,,,,,,0.0,0.0,0.0,0.0,0.0,0.0,1,
Brandon Laird,24.0,HOU,NL,0.1,17.0,37.0,35.0,2.0,9.0,1.0,0.0,1.0,4.0,0.0,0.0,2.0,8.0,0.257,0.297,0.371,0.669,81.0,0.317,90.0,13.0,1.0,0.0,0.0,0.0,0.0,/5H3,
Brandon League,29.0,2TM,2LG,0.0,32.0,0.0,0.0,0.0,0.0,0.0,0.0,0.0,0.0,0.0,0.0,0.0,0.0,,,,,,,,0.0,0.0,0.0,0.0,0.0,0.0,1,
Brandon League,29.0,SEA,AL,0.0,4.0,0.0,0.0,0.0,0.0,0.0,0.0,0.0,0.0,0.0,0.0,0.0,0.0,,,,,,,,0.0,0.0,0.0,0.0,0.0,0.0,1,
Brandon League,29.0,LAD,NL,0.0,28.0,0.0,0.0,0.0,0.0,0.0,0.0,0.0,0.0,0.0,0.0,0.0,0.0,,,,,,,,0.0,0.0,0.0,0.0,0.0,0.0,1,
Brandon Lyon,32.0,HOU,NL,0.0,35.0,0.0,0.0,0.0,0.0,0.0,0.0,0.0,0.0,0.0,0.0,0.0,0.0,,,,,,,,0.0,0.0,0.0,0.0,0.0,0.0,1,
Brandon Moss*,28.0,OAK,AL,2.1,84.0,296.0,265.0,48.0,77.0,18.0,0.0,21.0,52.0,1.0,1.0,26.0,90.0,0.291,0.358,0.596,0.954,162.0,0.4,161.0,158.0,5.0,3.0,0.0,2.0,2.0,3H97/D,
Brandon Phillips,31.0,CIN,NL,4.0,147.0,623.0,580.0,86.0,163.0,30.0,1.0,18.0,77.0,15.0,2.0,28.0,79.0,0.281,0.321,0.429,0.75,99.0,0.346,104.0,249.0,19.0,8.0,3.0,4.0,2.0,*4/H,MVP-13
Brandon Snyder,25.0,TEX,AL,0.2,40.0,69.0,65.0,11.0,18.0,2.0,0.0,3.0,9.0,0.0,0.0,3.0,26.0,0.277,0.309,0.446,0.755,97.0,0.328,94.0,29.0,1.0,0.0,1.0,0.0,0.0,H3/579D2,
Brayan Peña#,30.0,KCR,AL,-0.6,68.0,226.0,212.0,16.0,50.0,10.0,1.0,2.0,25.0,0.0,1.0,9.0,24.0,0.236,0.262,0.321,0.583,58.0,0.256,49.0,68.0,7.0,0.0,1.0,4.0,0.0,2/DH3,
Brayan Villarreal,25.0,DET,AL,0.0,3.0,0.0,0.0,0.0,0.0,0.0,0.0,0.0,0.0,0.0,0.0,0.0,0.0,,,,,,,,0.0,0.0,0.0,0.0,0.0,0.0,1,
Brendan Ryan,30.0,SEA,AL,3.4,141.0,470.0,407.0,42.0,79.0,19.0,3.0,3.0,31.0,11.0,5.0,44.0,98.0,0.194,0.277,0.278,0.555,59.0,0.264,63.0,113.0,4.0,5.0,8.0,6.0,0.0,*6/H,
Brennan Boesch*,27.0,DET,AL,-1.0,132.0,503.0,470.0,52.0,113.0,22.0,2.0,12.0,54.0,6.0,3.0,26.0,104.0,0.24,0.286,0.372,0.659,76.0,0.293,72.0,175.0,11.0,5.0,0.0,2.0,1.0,*9/DH,
Brent Lillibridge,28.0,3TM,AL,-0.7,102.0,209.0,190.0,25.0,37.0,6.0,0.0,3.0,10.0,13.0,2.0,11.0,71.0,0.195,0.25,0.274,0.524,46.0,0.257,44.0,52.0,2.0,4.0,1.0,3.0,0.0,H36758/49D,
Brent Lillibridge,28.0,CHW,AL,-0.3,49.0,70.0,63.0,10.0,11.0,1.0,0.0,0.0,2.0,7.0,2.0,4.0,26.0,0.175,0.232,0.19,0.422,17.0,0.217,8.0,12.0,0.0,1.0,1.0,1.0,0.0,3H7/58D,
Brent Lillibridge,28.0,BOS,AL,-0.3,10.0,16.0,16.0,0.0,2.0,0.0,0.0,0.0,0.0,0.0,0.0,0.0,5.0,0.125,0.125,0.125,0.25,-32.0,0.112,-60.0,2.0,0.0,0.0,0.0,0.0,0.0,/9H83D,
Brent Lillibridge,28.0,CLE,AL,-0.1,43.0,123.0,111.0,15.0,24.0,5.0,0.0,3.0,8.0,6.0,0.0,7.0,40.0,0.216,0.276,0.342,0.619,74.0,0.298,78.0,38.0,2.0,3.0,0.0,2.0,0.0,65/H4783,
Brent Morel,25.0,CHW,AL,-0.5,35.0,125.0,113.0,14.0,20.0,2.0,0.0,0.0,5.0,4.0,1.0,7.0,39.0,0.177,0.225,0.195,0.42,16.0,0.227,19.0,22.0,3.0,0.0,5.0,0.0,0.0,5/H,
Brett Carroll,29.0,WSN,NL,0.0,5.0,2.0,2.0,2.0,0.0,0.0,0.0,0.0,0.0,0.0,0.0,0.0,0.0,0.0,0.0,0.0,0.0,-100.0,0.0,-145.0,0.0,0.0,0.0,0.0,0.0,0.0,/H8,
Brett Cecil,25.0,TOR,AL,0.0,1.0,2.0,2.0,0.0,0.0,0.0,0.0,0.0,0.0,0.0,0.0,0.0,2.0,0.0,0.0,0.0,0.0,-100.0,0.0,-135.0,0.0,0.0,0.0,0.0,0.0,0.0,1,
Brett Gardner*,28.0,NYY,AL,0.2,16.0,37.0,31.0,7.0,10.0,2.0,0.0,0.0,3.0,2.0,2.0,5.0,7.0,0.323,0.417,0.387,0.804,120.0,0.348,125.0,12.0,0.0,0.0,1.0,0.0,0.0,7/H,
Brett Hayes,28.0,MIA,NL,-0.9,39.0,118.0,114.0,7.0,23.0,6.0,0.0,0.0,3.0,1.0,0.0,4.0,49.0,0.202,0.229,0.254,0.483,30.0,0.205,1.0,29.0,1.0,0.0,0.0,0.0,3.0,2/H,
Brett Jackson*,23.0,CHC,NL,0.0,44.0,142.0,120.0,14.0,21.0,6.0,1.0,4.0,9.0,0.0,3.0,22.0,59.0,0.175,0.303,0.342,0.644,75.0,0.294,80.0,41.0,1.0,0.0,0.0,0.0,0.0,8/H,
Brett Lawrie,22.0,TOR,AL,4.5,125.0,536.0,494.0,73.0,135.0,26.0,3.0,11.0,48.0,13.0,8.0,33.0,86.0,0.273,0.324,0.405,0.729,98.0,0.327,101.0,200.0,9.0,5.0,2.0,2.0,0.0,*5/6D,
Brett Myers,31.0,HOU,NL,0.0,33.0,0.0,0.0,0.0,0.0,0.0,0.0,0.0,0.0,0.0,0.0,0.0,0.0,,,,,,,,0.0,0.0,0.0,0.0,0.0,0.0,1,
Brett Pill,27.0,SFG,NL,-0.2,48.0,114.0,105.0,10.0,22.0,3.0,0.0,4.0,11.0,1.0,0.0,6.0,19.0,0.21,0.265,0.352,0.618,75.0,0.286,77.0,37.0,5.0,2.0,1.0,0.0,1.0,3H/75,
Brett Wallace*,25.0,HOU,NL,-0.3,66.0,254.0,229.0,24.0,58.0,10.0,1.0,9.0,24.0,0.0,0.0,18.0,73.0,0.253,0.323,0.424,0.746,101.0,0.331,100.0,97.0,2.0,6.0,0.0,1.0,1.0,3/5H,
Brian Bixler,29.0,HOU,NL,0.0,36.0,96.0,88.0,11.0,17.0,6.0,0.0,2.0,7.0,3.0,0.0,7.0,36.0,0.193,0.253,0.33,0.582,57.0,0.294,67.0,29.0,0.0,0.0,1.0,0.0,0.0,H/96457,
Brian Bogusevic*,28.0,HOU,NL,-0.2,146.0,404.0,355.0,39.0,72.0,9.0,2.0,7.0,28.0,15.0,4.0,41.0,96.0,0.203,0.297,0.299,0.596,63.0,0.291,68.0,106.0,6.0,7.0,0.0,1.0,1.0,*9H8/17,
Brian Dozier,25.0,MIN,AL,0.7,84.0,340.0,316.0,33.0,74.0,11.0,1.0,6.0,33.0,9.0,2.0,16.0,58.0,0.234,0.271,0.332,0.603,67.0,0.288,72.0,105.0,10.0,1.0,4.0,3.0,0.0,6/H,
Brian Duensing*,29.0,MIN,AL,0.0,4.0,1.0,1.0,0.0,0.0,0.0,0.0,0.0,0.0,0.0,0.0,0.0,1.0,0.0,0.0,0.0,0.0,-100.0,0.0,-145.0,0.0,0.0,0.0,0.0,0.0,0.0,1,
Brian Fuentes*,36.0,2TM,2LG,0.0,9.0,0.0,0.0,0.0,0.0,0.0,0.0,0.0,0.0,0.0,0.0,0.0,0.0,,,,,,,,0.0,0.0,0.0,0.0,0.0,0.0,1,
Brian Fuentes*,36.0,OAK,AL,0.0,3.0,0.0,0.0,0.0,0.0,0.0,0.0,0.0,0.0,0.0,0.0,0.0,0.0,,,,,,,,0.0,0.0,0.0,0.0,0.0,0.0,1,
Brian Fuentes*,36.0,STL,NL,0.0,6.0,0.0,0.0,0.0,0.0,0.0,0.0,0.0,0.0,0.0,0.0,0.0,0.0,,,,,,,,0.0,0.0,0.0,0.0,0.0,0.0,/1,
Brian Matusz*,25.0,BAL,AL,0.0,2.0,4.0,4.0,0.0,1.0,0.0,0.0,0.0,0.0,0.0,0.0,0.0,2.0,0.25,0.25,0.25,0.5,38.0,0.224,24.0,1.0,0.0,0.0,0.0,0.0,0.0,1,
Brian McCann*,28.0,ATL,NL,1.1,121.0,487.0,439.0,44.0,101.0,14.0,0.0,20.0,67.0,3.0,0.0,44.0,76.0,0.23,0.3,0.399,0.698,87.0,0.307,79.0,175.0,15.0,1.0,0.0,3.0,7.0,*2/HD,
Brian Roberts#,34.0,BAL,AL,-1.1,17.0,74.0,66.0,2.0,12.0,0.0,0.0,0.0,5.0,1.0,1.0,5.0,12.0,0.182,0.233,0.182,0.415,16.0,0.204,11.0,12.0,0.0,0.0,1.0,2.0,0.0,4,
Brian Sanches,33.0,PHI,NL,0.0,6.0,1.0,1.0,0.0,0.0,0.0,0.0,0.0,0.0,0.0,0.0,0.0,1.0,0.0,0.0,0.0,0.0,-100.0,0.0,-145.0,0.0,0.0,0.0,0.0,0.0,0.0,/1,
Brian Schneider*,35.0,PHI,NL,0.1,34.0,98.0,89.0,9.0,20.0,5.0,0.0,2.0,7.0,0.0,0.0,5.0,15.0,0.225,0.289,0.348,0.637,71.0,0.284,64.0,31.0,4.0,3.0,1.0,0.0,0.0,2/H,
Brian Wilson,30.0,SFG,NL,0.0,2.0,0.0,0.0,0.0,0.0,0.0,0.0,0.0,0.0,0.0,0.0,0.0,0.0,,,,,,,,0.0,0.0,0.0,0.0,0.0,0.0,/1,
Brock Holt*,24.0,PIT,NL,-0.1,24.0,72.0,65.0,6.0,19.0,2.0,1.0,0.0,3.0,0.0,0.0,4.0,14.0,0.292,0.329,0.354,0.682,90.0,0.312,91.0,23.0,1.0,0.0,2.0,1.0,0.0,4H,
Bronson Arroyo,35.0,CIN,NL,0.0,30.0,71.0,63.0,4.0,9.0,1.0,0.0,1.0,3.0,0.0,0.0,1.0,28.0,0.143,0.154,0.206,0.36,-5.0,0.159,-42.0,13.0,1.0,0.0,6.0,1.0,0.0,1,
Brooks Conrad#,32.0,2TM,2LG,-0.5,49.0,105.0,98.0,6.0,13.0,5.0,0.0,4.0,15.0,0.0,0.0,6.0,43.0,0.133,0.181,0.306,0.487,31.0,0.21,15.0,30.0,2.0,0.0,0.0,1.0,0.0,H54/36D,
Brooks Conrad#,32.0,MIL,NL,-0.7,25.0,44.0,40.0,2.0,3.0,0.0,0.0,2.0,6.0,0.0,0.0,3.0,16.0,0.075,0.136,0.225,0.361,-6.0,0.161,-29.0,9.0,0.0,0.0,0.0,1.0,0.0,H/3456,
Brooks Conrad#,32.0,TBR,AL,0.2,24.0,61.0,58.0,4.0,10.0,5.0,0.0,2.0,9.0,0.0,0.0,3.0,27.0,0.172,0.213,0.362,0.575,58.0,0.245,47.0,21.0,2.0,0.0,0.0,0.0,0.0,5/4HD,
Brooks Raley*,24.0,CHC,NL,0.0,5.0,10.0,10.0,0.0,2.0,0.0,0.0,0.0,0.0,0.0,0.0,0.0,1.0,0.2,0.2,0.2,0.4,9.0,0.171,-18.0,2.0,0.0,0.0,0.0,0.0,0.0,/1,
Bruce Chen*,35.0,KCR,AL,0.0,4.0,5.0,5.0,0.0,1.0,0.0,0.0,0.0,0.0,0.0,0.0,0.0,3.0,0.2,0.2,0.2,0.4,10.0,0.179,-9.0,1.0,0.0,0.0,0.0,0.0,0.0,1/H,
Bryan Anderson*,25.0,STL,NL,-0.1,10.0,14.0,12.0,2.0,3.0,1.0,0.0,0.0,0.0,1.0,0.0,1.0,6.0,0.25,0.357,0.333,0.69,92.0,0.331,90.0,4.0,0.0,1.0,0.0,0.0,0.0,/H23,
Bryan Holaday,24.0,DET,AL,0.0,6.0,13.0,12.0,3.0,3.0,1.0,0.0,0.0,0.0,0.0,0.0,0.0,2.0,0.25,0.25,0.333,0.583,56.0,0.253,38.0,4.0,0.0,0.0,1.0,0.0,0.0,/2H,
Bryan LaHair*,29.0,CHC,NL,0.1,130.0,380.0,340.0,42.0,88.0,17.0,0.0,16.0,40.0,4.0,2.0,39.0,124.0,0.259,0.334,0.45,0.784,110.0,0.348,112.0,153.0,8.0,0.0,0.0,1.0,3.0,3H9/7,AS
Bryan Morris*,25.0,PIT,NL,0.0,5.0,0.0,0.0,0.0,0.0,0.0,0.0,0.0,0.0,0.0,0.0,0.0,0.0,,,,,,,,0.0,0.0,0.0,0.0,0.0,0.0,/1,
Bryan Petersen*,26.0,MIA,NL,-1.8,84.0,273.0,241.0,29.0,47.0,9.0,3.0,0.0,17.0,8.0,2.0,25.0,58.0,0.195,0.272,0.257,0.53,44.0,0.255,38.0,62.0,3.0,1.0,5.0,1.0,0.0,78H/9,
Bryan Shaw#,24.0,ARI,NL,0.0,62.0,0.0,0.0,0.0,0.0,0.0,0.0,0.0,0.0,0.0,0.0,0.0,0.0,,,,,,,,0.0,0.0,0.0,0.0,0.0,0.0,1,
Bryce Harper*,19.0,WSN,NL,5.2,139.0,597.0,533.0,98.0,144.0,26.0,9.0,22.0,59.0,18.0,6.0,56.0,120.0,0.27,0.34,0.477,0.817,118.0,0.365,122.0,254.0,8.0,2.0,3.0,3.0,0.0,*89/7H,"AS,MVP-30,ROY-1"
Bud Norris,27.0,HOU,NL,-0.3,30.0,60.0,50.0,2.0,5.0,1.0,0.0,0.0,3.0,0.0,0.0,1.0,15.0,0.1,0.115,0.12,0.235,-36.0,0.103,-94.0,6.0,0.0,0.0,8.0,1.0,0.0,1/H,
Burke Badenhop,29.0,TBR,AL,0.0,5.0,1.0,1.0,0.0,0.0,0.0,0.0,0.0,0.0,0.0,0.0,0.0,1.0,0.0,0.0,0.0,0.0,-100.0,0.0,-136.0,0.0,0.0,0.0,0.0,0.0,0.0,1,
Buster Posey,25.0,SFG,NL,7.6,148.0,610.0,530.0,78.0,178.0,39.0,1.0,24.0,103.0,1.0,1.0,69.0,96.0,0.336,0.408,0.549,0.957,171.0,0.417,177.0,291.0,19.0,2.0,0.0,9.0,7.0,*23/HD,"AS,MVP-1,SS"
C.J. Fick,26.0,2TM,NL,0.0,20.0,0.0,0.0,0.0,0.0,0.0,0.0,0.0,0.0,0.0,0.0,0.0,0.0,,,,,,,,0.0,0.0,0.0,0.0,0.0,0.0,1,
C.J. Fick,26.0,STL,NL,0.0,2.0,0.0,0.0,0.0,0.0,0.0,0.0,0.0,0.0,0.0,0.0,0.0,0.0,,,,,,,,0.0,0.0,0.0,0.0,0.0,0.0,/1,
C.J. Fick,26.0,HOU,NL,0.0,18.0,0.0,0.0,0.0,0.0,0.0,0.0,0.0,0.0,0.0,0.0,0.0,0.0,,,,,,,,0.0,0.0,0.0,0.0,0.0,0.0,1,
C.J. Wilson*,31.0,LAA,AL,0.0,2.0,6.0,5.0,0.0,0.0,0.0,0.0,0.0,0.0,0.0,0.0,1.0,1.0,0.0,0.167,0.0,0.167,-47.0,0.116,-46.0,0.0,0.0,0.0,0.0,0.0,0.0,1,AS
Cameron Maybin,25.0,SDP,NL,2.8,147.0,561.0,507.0,67.0,123.0,20.0,5.0,8.0,45.0,26.0,7.0,44.0,110.0,0.243,0.306,0.349,0.656,85.0,0.311,91.0,177.0,12.0,4.0,3.0,3.0,1.0,*8/H,
Carl Crawford*,30.0,BOS,AL,0.6,31.0,125.0,117.0,23.0,33.0,10.0,2.0,3.0,19.0,5.0,0.0,3.0,22.0,0.282,0.306,0.479,0.785,108.0,0.338,98.0,56.0,1.0,2.0,1.0,2.0,0.0,7/DH,
Carl Pavano,36.0,MIN,AL,-0.1,1.0,2.0,2.0,0.0,0.0,0.0,0.0,0.0,0.0,0.0,0.0,0.0,1.0,0.0,0.0,0.0,0.0,-100.0,0.0,-130.0,0.0,1.0,0.0,0.0,0.0,0.0,1,
Carlos Beltrán#,35.0,STL,NL,3.9,151.0,619.0,547.0,83.0,147.0,26.0,1.0,32.0,97.0,13.0,6.0,65.0,124.0,0.269,0.346,0.495,0.842,128.0,0.366,128.0,271.0,9.0,2.0,1.0,4.0,15.0,*9H/8D,"AS,MVP-26"
Carlos Corporán#,28.0,HOU,NL,0.4,27.0,85.0,78.0,5.0,21.0,2.0,0.0,4.0,13.0,0.0,1.0,4.0,19.0,0.269,0.31,0.449,0.758,103.0,0.325,100.0,35.0,2.0,1.0,1.0,1.0,0.0,2/H,
Carlos González*,26.0,COL,NL,1.6,135.0,579.0,518.0,89.0,157.0,31.0,5.0,22.0,85.0,20.0,5.0,56.0,115.0,0.303,0.371,0.51,0.881,122.0,0.384,122.0,264.0,11.0,2.0,0.0,3.0,11.0,*7/H,"AS,GG"
Carlos Gómez,26.0,MIL,NL,2.2,137.0,452.0,415.0,72.0,108.0,19.0,4.0,19.0,51.0,37.0,6.0,20.0,98.0,0.26,0.305,0.463,0.768,101.0,0.351,100.0,192.0,6.0,8.0,6.0,3.0,1.0,*8H,
Carlos Lee,36.0,2TM,NL,-0.2,147.0,615.0,550.0,53.0,145.0,27.0,1.0,9.0,77.0,3.0,0.0,58.0,49.0,0.264,0.332,0.365,0.697,89.0,0.321,91.0,201.0,13.0,1.0,0.0,6.0,4.0,*3/DH,
Carlos Lee,36.0,HOU,NL,0.2,66.0,277.0,258.0,24.0,74.0,15.0,1.0,5.0,29.0,0.0,0.0,19.0,17.0,0.287,0.336,0.411,0.747,102.0,0.335,103.0,106.0,7.0,0.0,0.0,0.0,2.0,3/D,
Carlos Lee,36.0,MIA,NL,-0.4,81.0,338.0,292.0,29.0,71.0,12.0,0.0,4.0,48.0,3.0,0.0,39.0,32.0,0.243,0.328,0.325,0.654,78.0,0.309,80.0,95.0,6.0,1.0,0.0,6.0,2.0,3/H,
Carlos Maldonado,33.0,WSN,NL,-0.2,4.0,12.0,9.0,0.0,0.0,0.0,0.0,0.0,1.0,0.0,0.0,2.0,4.0,0.0,0.182,0.0,0.182,-45.0,0.126,-64.0,0.0,0.0,0.0,1.0,0.0,0.0,/2H,
Carlos Mármol,29.0,CHC,NL,0.0,60.0,0.0,0.0,0.0,0.0,0.0,0.0,0.0,0.0,0.0,0.0,0.0,0.0,,,,,,,,0.0,0.0,0.0,0.0,0.0,0.0,1,
Carlos Peguero*,25.0,SEA,AL,-0.4,17.0,57.0,56.0,2.0,10.0,2.0,1.0,2.0,7.0,0.0,0.0,1.0,28.0,0.179,0.193,0.357,0.55,52.0,0.247,52.0,20.0,0.0,0.0,0.0,0.0,0.0,9/D7H,
Carlos Peña*,34.0,TBR,AL,0.6,160.0,600.0,497.0,72.0,98.0,17.0,2.0,19.0,61.0,2.0,3.0,87.0,182.0,0.197,0.33,0.354,0.684,93.0,0.31,96.0,176.0,10.0,13.0,0.0,3.0,2.0,*3H/D,
Carlos Quentin,29.0,SDP,NL,1.6,86.0,340.0,284.0,44.0,74.0,21.0,0.0,16.0,46.0,0.0,1.0,36.0,41.0,0.261,0.374,0.504,0.877,146.0,0.383,150.0,143.0,6.0,17.0,0.0,3.0,2.0,7/HD9,
Carlos Ruiz,33.0,PHI,NL,4.6,114.0,421.0,372.0,56.0,121.0,32.0,0.0,16.0,68.0,4.0,0.0,29.0,50.0,0.325,0.394,0.54,0.935,149.0,0.402,149.0,201.0,6.0,16.0,0.0,4.0,6.0,2H,"AS,MVP-28"
Carlos Santana#,26.0,CLE,AL,3.7,143.0,609.0,507.0,72.0,128.0,27.0,2.0,18.0,76.0,3.0,5.0,91.0,101.0,0.252,0.365,0.42,0.785,121.0,0.35,127.0,213.0,21.0,3.0,0.0,8.0,4.0,2D3/7H,
Carlos Torres,29.0,COL,NL,0.1,32.0,13.0,9.0,1.0,2.0,0.0,0.0,0.0,1.0,0.0,0.0,1.0,4.0,0.222,0.3,0.222,0.522,36.0,0.24,-5.0,2.0,0.0,0.0,3.0,0.0,0.0,1/H,
Carlos Triunfel,22.0,SEA,AL,0.1,10.0,24.0,22.0,2.0,5.0,2.0,0.0,0.0,3.0,0.0,0.0,1.0,4.0,0.227,0.261,0.318,0.579,64.0,0.255,56.0,7.0,0.0,0.0,1.0,0.0,0.0,/64H,
Carlos Villanueva,28.0,TOR,AL,0.1,3.0,2.0,2.0,1.0,1.0,0.0,0.0,0.0,0.0,0.0,0.0,0.0,0.0,0.5,0.5,0.5,1.0,175.0,0.449,187.0,1.0,0.0,0.0,0.0,0.0,0.0,1,
Carlos Zambrano#,31.0,MIA,NL,0.1,32.0,36.0,34.0,3.0,6.0,0.0,0.0,1.0,2.0,0.0,0.0,0.0,8.0,0.176,0.176,0.265,0.441,17.0,0.19,-12.0,9.0,2.0,0.0,2.0,0.0,0.0,1,
Casey Coleman*,24.0,CHC,NL,0.0,15.0,3.0,3.0,0.0,1.0,0.0,0.0,0.0,0.0,0.0,0.0,0.0,1.0,0.333,0.333,0.333,0.667,82.0,0.301,76.0,1.0,0.0,0.0,0.0,0.0,0.0,1,
Casey Janssen,30.0,TOR,AL,0.0,3.0,0.0,0.0,0.0,0.0,0.0,0.0,0.0,0.0,0.0,0.0,0.0,0.0,,,,,,,,0.0,0.0,0.0,0.0,0.0,0.0,1,
Casey Kelly,22.0,SDP,NL,0.0,7.0,12.0,10.0,0.0,2.0,0.0,0.0,0.0,0.0,0.0,0.0,0.0,4.0,0.2,0.2,0.2,0.4,14.0,0.181,-21.0,2.0,1.0,0.0,2.0,0.0,0.0,/1H,
Casey Kotchman*,29.0,CLE,AL,-0.9,142.0,500.0,463.0,46.0,106.0,12.0,0.0,12.0,55.0,3.0,0.0,26.0,49.0,0.229,0.28,0.333,0.612,72.0,0.279,72.0,154.0,15.0,7.0,3.0,1.0,1.0,*3H/D,
Casey McGehee,29.0,2TM,2LG,-0.3,114.0,352.0,318.0,36.0,69.0,16.0,1.0,9.0,41.0,1.0,1.0,29.0,70.0,0.217,0.284,0.358,0.643,77.0,0.302,83.0,114.0,10.0,2.0,0.0,3.0,0.0,35H/D4,
Casey McGehee,29.0,PIT,NL,0.4,92.0,293.0,265.0,27.0,61.0,13.0,1.0,8.0,35.0,1.0,1.0,24.0,60.0,0.23,0.297,0.377,0.674,86.0,0.313,93.0,100.0,7.0,2.0,0.0,2.0,0.0,3H/5,
Casey McGehee,29.0,NYY,AL,-0.7,22.0,59.0,53.0,9.0,8.0,3.0,0.0,1.0,6.0,0.0,0.0,5.0,10.0,0.151,0.22,0.264,0.484,31.0,0.246,38.0,14.0,3.0,0.0,0.0,1.0,0.0,5/3D4H,
Casper Wells,27.0,SEA,AL,0.9,93.0,316.0,285.0,42.0,65.0,12.0,3.0,10.0,36.0,3.0,0.0,26.0,80.0,0.228,0.302,0.396,0.698,97.0,0.313,98.0,113.0,3.0,4.0,1.0,0.0,0.0,798/HD,
CC Sabathia*,31.0,NYY,AL,-0.1,2.0,5.0,5.0,0.0,0.0,0.0,0.0,0.0,0.0,0.0,0.0,0.0,1.0,0.0,0.0,0.0,0.0,-100.0,0.0,-143.0,0.0,0.0,0.0,0.0,0.0,0.0,1,AS
Chad Beck,27.0,TOR,AL,0.0,2.0,0.0,0.0,0.0,0.0,0.0,0.0,0.0,0.0,0.0,0.0,0.0,0.0,,,,,,,,0.0,0.0,0.0,0.0,0.0,0.0,1,
Chad Billingsley,27.0,LAD,NL,0.1,23.0,48.0,42.0,1.0,8.0,1.0,0.0,0.0,2.0,0.0,0.0,0.0,18.0,0.19,0.186,0.214,0.4,11.0,0.174,-24.0,9.0,0.0,0.0,5.0,1.0,0.0,1,
Chad Durbin,34.0,ATL,NL,0.0,71.0,0.0,0.0,0.0,0.0,0.0,0.0,0.0,0.0,0.0,0.0,0.0,0.0,,,,,,,,0.0,0.0,0.0,0.0,0.0,0.0,1,
Chad Gaudin,29.0,MIA,NL,-0.1,43.0,8.0,8.0,0.0,0.0,0.0,0.0,0.0,0.0,0.0,0.0,0.0,4.0,0.0,0.0,0.0,0.0,-100.0,0.0,-144.0,0.0,0.0,0.0,0.0,0.0,0.0,1,
Chad Qualls,33.0,2TM,NL,0.0,48.0,0.0,0.0,0.0,0.0,0.0,0.0,0.0,0.0,0.0,0.0,0.0,0.0,,,,,,,,0.0,0.0,0.0,0.0,0.0,0.0,1,
Chad Qualls,33.0,PHI,NL,0.0,31.0,0.0,0.0,0.0,0.0,0.0,0.0,0.0,0.0,0.0,0.0,0.0,0.0,,,,,,,,0.0,0.0,0.0,0.0,0.0,0.0,1,
Chad Qualls,33.0,PIT,NL,0.0,17.0,0.0,0.0,0.0,0.0,0.0,0.0,0.0,0.0,0.0,0.0,0.0,0.0,,,,,,,,0.0,0.0,0.0,0.0,0.0,0.0,1,
Chad Tracy*,32.0,WSN,NL,0.4,73.0,105.0,93.0,7.0,25.0,7.0,0.0,3.0,14.0,0.0,0.0,10.0,15.0,0.269,0.343,0.441,0.784,111.0,0.342,108.0,41.0,1.0,1.0,0.0,1.0,3.0,H35,
Charlie Blackmon*,25.0,COL,NL,0.2,42.0,121.0,113.0,15.0,32.0,8.0,0.0,2.0,9.0,1.0,2.0,4.0,17.0,0.283,0.325,0.407,0.732,85.0,0.313,77.0,46.0,4.0,3.0,1.0,0.0,0.0,97H/8,
Charlie Culberson,23.0,SFG,NL,-0.2,6.0,23.0,22.0,0.0,3.0,0.0,0.0,0.0,1.0,0.0,0.0,0.0,7.0,0.136,0.136,0.136,0.273,-22.0,0.114,-54.0,3.0,0.0,0.0,1.0,0.0,0.0,/4H,
Charlie Furbush*,26.0,SEA,AL,0.0,4.0,0.0,0.0,0.0,0.0,0.0,0.0,0.0,0.0,0.0,0.0,0.0,0.0,,,,,,,,0.0,0.0,0.0,0.0,0.0,0.0,1,
Charlie Morton,28.0,PIT,NL,-0.2,8.0,15.0,13.0,0.0,0.0,0.0,0.0,0.0,0.0,0.0,0.0,0.0,8.0,0.0,0.0,0.0,0.0,-100.0,0.0,-174.0,0.0,0.0,0.0,2.0,0.0,0.0,/1,
Chase d'Arnaud,25.0,PIT,NL,-0.1,8.0,6.0,6.0,2.0,0.0,0.0,0.0,0.0,1.0,1.0,0.0,0.0,2.0,0.0,0.0,0.0,0.0,-100.0,0.042,-136.0,0.0,0.0,0.0,0.0,0.0,0.0,/H46,
Chase Headley#,28.0,SDP,NL,6.4,161.0,699.0,604.0,95.0,173.0,31.0,2.0,31.0,115.0,17.0,6.0,86.0,157.0,0.286,0.376,0.498,0.875,145.0,0.391,153.0,301.0,7.0,4.0,0.0,5.0,2.0,*5/H3,"MVP-5,GG,SS"
Chase Utley*,33.0,PHI,NL,3.1,83.0,362.0,301.0,48.0,77.0,15.0,2.0,11.0,45.0,11.0,1.0,43.0,43.0,0.256,0.365,0.429,0.793,113.0,0.349,107.0,129.0,4.0,12.0,0.0,6.0,7.0,4/H,
Che-Hsuan Lin,23.0,BOS,AL,-0.1,9.0,12.0,12.0,1.0,3.0,0.0,0.0,0.0,0.0,0.0,0.0,0.0,5.0,0.25,0.25,0.25,0.5,36.0,0.224,22.0,3.0,0.0,0.0,0.0,0.0,0.0,/98H,
Chien-Ming Wang,32.0,WSN,NL,0.1,9.0,7.0,6.0,1.0,1.0,1.0,0.0,0.0,0.0,0.0,0.0,1.0,3.0,0.167,0.286,0.333,0.619,67.0,0.279,61.0,2.0,0.0,0.0,0.0,0.0,0.0,1,
Chipper Jones#,40.0,ATL,NL,2.8,112.0,448.0,387.0,58.0,111.0,23.0,0.0,14.0,62.0,1.0,0.0,57.0,51.0,0.287,0.377,0.455,0.832,124.0,0.376,131.0,176.0,15.0,1.0,0.0,3.0,6.0,5H/D,"AS,MVP-32"
Chone Figgins#,34.0,SEA,AL,-1.2,66.0,194.0,166.0,18.0,30.0,5.0,2.0,2.0,11.0,4.0,1.0,19.0,48.0,0.181,0.262,0.271,0.533,53.0,0.254,53.0,45.0,3.0,0.0,7.0,2.0,0.0,7H5/8D9,
Chris Archer,23.0,TBR,AL,-0.1,4.0,3.0,3.0,1.0,0.0,0.0,0.0,0.0,0.0,0.0,1.0,0.0,1.0,0.0,0.0,0.0,0.0,-100.0,-0.164,-129.0,0.0,0.0,0.0,0.0,0.0,0.0,/1H,
Chris Capuano*,33.0,LAD,NL,-0.2,33.0,69.0,54.0,3.0,5.0,2.0,0.0,0.0,3.0,0.0,0.0,1.0,27.0,0.093,0.107,0.13,0.237,-35.0,0.122,-84.0,7.0,0.0,0.0,13.0,1.0,0.0,1/H,
Chris Carpenter,37.0,STL,NL,0.0,3.0,6.0,6.0,0.0,1.0,0.0,0.0,0.0,0.0,0.0,0.0,0.0,2.0,0.167,0.167,0.167,0.333,-8.0,0.134,-42.0,1.0,0.0,0.0,0.0,0.0,0.0,/1,
Chris Carter,25.0,OAK,AL,1.2,67.0,260.0,218.0,38.0,52.0,12.0,0.0,16.0,39.0,0.0,0.0,39.0,83.0,0.239,0.35,0.514,0.864,139.0,0.373,141.0,112.0,4.0,0.0,0.0,3.0,1.0,3/DH,
Chris Coghlan*,27.0,MIA,NL,-1.5,39.0,105.0,93.0,10.0,13.0,1.0,0.0,1.0,10.0,0.0,2.0,9.0,12.0,0.14,0.212,0.183,0.394,8.0,0.177,-10.0,17.0,4.0,0.0,1.0,2.0,1.0,78H/9,
Chris Davis*,26.0,BAL,AL,1.7,139.0,562.0,515.0,75.0,139.0,20.0,0.0,33.0,85.0,2.0,3.0,37.0,169.0,0.27,0.326,0.501,0.827,121.0,0.35,118.0,258.0,8.0,7.0,0.0,3.0,6.0,D397/1H,
Chris Denorfia,31.0,SDP,NL,2.4,130.0,382.0,348.0,56.0,102.0,19.0,6.0,8.0,36.0,13.0,5.0,27.0,52.0,0.293,0.345,0.451,0.796,123.0,0.354,126.0,157.0,9.0,2.0,2.0,3.0,0.0,*97H/8,
Chris Dickerson*,30.0,NYY,AL,0.2,25.0,17.0,14.0,5.0,4.0,0.0,0.0,2.0,5.0,3.0,0.0,3.0,5.0,0.286,0.412,0.714,1.126,197.0,0.509,200.0,10.0,1.0,0.0,0.0,0.0,0.0,7/H98,
Chris Getz*,28.0,KCR,AL,0.5,64.0,210.0,189.0,22.0,52.0,10.0,3.0,0.0,17.0,9.0,3.0,11.0,17.0,0.275,0.312,0.36,0.672,83.0,0.303,79.0,68.0,3.0,0.0,8.0,2.0,0.0,4/HD,
Chris Gimenez,29.0,TBR,AL,0.5,42.0,109.0,100.0,10.0,26.0,4.0,0.0,1.0,9.0,0.0,0.0,8.0,24.0,0.26,0.315,0.33,0.645,82.0,0.298,85.0,33.0,4.0,0.0,1.0,0.0,0.0,2/H357D,
Chris Hatcher#,27.0,MIA,NL,0.0,9.0,1.0,1.0,0.0,0.0,0.0,0.0,0.0,0.0,0.0,0.0,0.0,1.0,0.0,0.0,0.0,0.0,-100.0,0.0,-145.0,0.0,0.0,0.0,0.0,0.0,0.0,1,
Chris Heisey,27.0,CIN,NL,0.2,120.0,375.0,347.0,44.0,92.0,16.0,5.0,7.0,31.0,6.0,3.0,18.0,81.0,0.265,0.315,0.401,0.715,90.0,0.323,90.0,139.0,8.0,7.0,3.0,0.0,0.0,78H9,
Chris Herrmann*,24.0,MIN,AL,-0.3,7.0,19.0,18.0,0.0,1.0,0.0,0.0,0.0,1.0,0.0,0.0,1.0,5.0,0.056,0.105,0.056,0.161,-53.0,0.079,-79.0,1.0,0.0,0.0,0.0,0.0,0.0,/27DH,
Chris Iannetta,29.0,LAA,AL,1.3,79.0,253.0,221.0,27.0,53.0,6.0,1.0,9.0,26.0,1.0,3.0,29.0,60.0,0.24,0.332,0.398,0.73,106.0,0.318,105.0,88.0,4.0,2.0,0.0,1.0,0.0,2/H,
Chris Johnson,27.0,2TM,NL,1.0,136.0,528.0,488.0,48.0,137.0,28.0,5.0,15.0,76.0,5.0,1.0,31.0,132.0,0.281,0.326,0.451,0.777,108.0,0.341,106.0,220.0,18.0,4.0,1.0,4.0,2.0,*5/H39,
Chris Johnson,27.0,HOU,NL,0.5,92.0,368.0,341.0,36.0,95.0,21.0,3.0,8.0,41.0,4.0,1.0,23.0,92.0,0.279,0.329,0.428,0.757,104.0,0.337,104.0,146.0,12.0,3.0,0.0,1.0,1.0,5/39H,
Chris Johnson,27.0,ARI,NL,0.5,44.0,160.0,147.0,12.0,42.0,7.0,2.0,7.0,35.0,1.0,0.0,8.0,40.0,0.286,0.321,0.503,0.824,117.0,0.351,111.0,74.0,6.0,1.0,1.0,3.0,1.0,5/H,
Chris Leroux*,28.0,PIT,NL,0.0,10.0,1.0,1.0,0.0,0.0,0.0,0.0,0.0,0.0,0.0,0.0,0.0,0.0,0.0,0.0,0.0,0.0,-100.0,0.0,-136.0,0.0,0.0,0.0,0.0,0.0,0.0,1,
Chris Narveson*,30.0,MIL,NL,0.0,2.0,3.0,3.0,0.0,0.0,0.0,0.0,0.0,0.0,0.0,0.0,0.0,2.0,0.0,0.0,0.0,0.0,-100.0,0.0,-148.0,0.0,0.0,0.0,0.0,0.0,0.0,/1,
Chris Nelson,26.0,COL,NL,-0.8,111.0,377.0,345.0,45.0,104.0,21.0,3.0,9.0,53.0,2.0,1.0,27.0,84.0,0.301,0.352,0.458,0.81,105.0,0.359,106.0,158.0,9.0,1.0,2.0,2.0,4.0,54H/6,
Chris Parmelee*,24.0,MIN,AL,-0.7,64.0,210.0,192.0,18.0,44.0,10.0,2.0,5.0,19.0,0.0,0.0,13.0,52.0,0.229,0.29,0.38,0.671,84.0,0.291,77.0,73.0,4.0,4.0,0.0,1.0,1.0,39H/7D,
Chris Pérez,26.0,CLE,AL,0.0,3.0,0.0,0.0,0.0,0.0,0.0,0.0,0.0,0.0,0.0,0.0,0.0,0.0,,,,,,,,0.0,0.0,0.0,0.0,0.0,0.0,1,AS
Chris Resop,29.0,PIT,NL,0.0,58.0,5.0,3.0,0.0,0.0,0.0,0.0,0.0,0.0,0.0,0.0,1.0,2.0,0.0,0.25,0.0,0.25,-22.0,0.174,-39.0,0.0,0.0,0.0,1.0,0.0,0.0,1,
Chris Rusin*,25.0,CHC,NL,0.1,7.0,12.0,12.0,0.0,2.0,0.0,1.0,0.0,0.0,0.0,0.0,0.0,5.0,0.167,0.167,0.333,0.5,31.0,0.208,9.0,4.0,0.0,0.0,0.0,0.0,0.0,/1,
Chris Sale*,23.0,CHW,AL,0.0,1.0,3.0,2.0,0.0,0.0,0.0,0.0,0.0,0.0,0.0,0.0,0.0,2.0,0.0,0.0,0.0,0.0,-100.0,0.0,-257.0,0.0,0.0,0.0,1.0,0.0,0.0,1,"AS,CYA-6"
Chris Schwinden,25.0,NYM,NL,0.0,3.0,4.0,4.0,0.0,1.0,0.0,0.0,0.0,1.0,0.0,0.0,0.0,1.0,0.25,0.25,0.25,0.5,40.0,0.226,27.0,1.0,0.0,0.0,0.0,0.0,0.0,/1,
Chris Snyder,31.0,HOU,NL,-0.6,76.0,258.0,221.0,23.0,39.0,8.0,0.0,7.0,24.0,0.0,0.0,33.0,70.0,0.176,0.295,0.308,0.602,65.0,0.275,58.0,68.0,5.0,4.0,0.0,0.0,4.0,2/H3,
Chris Stewart,30.0,NYY,AL,0.9,55.0,157.0,141.0,15.0,34.0,8.0,0.0,1.0,13.0,2.0,0.0,10.0,21.0,0.241,0.292,0.319,0.611,66.0,0.297,73.0,45.0,1.0,1.0,3.0,2.0,0.0,2/H,
Chris Volstad,25.0,CHC,NL,0.0,21.0,34.0,28.0,0.0,5.0,0.0,0.0,0.0,0.0,0.0,0.0,0.0,10.0,0.179,0.179,0.179,0.357,-3.0,0.158,-56.0,5.0,0.0,0.0,6.0,0.0,0.0,1,
Chris Young,28.0,ARI,NL,1.9,101.0,363.0,325.0,36.0,75.0,24.0,0.0,14.0,41.0,8.0,3.0,36.0,79.0,0.231,0.311,0.434,0.745,98.0,0.328,94.0,141.0,4.0,2.0,0.0,0.0,0.0,8H/D,
Chris Young,33.0,NYM,NL,0.0,19.0,36.0,31.0,0.0,4.0,2.0,0.0,0.0,2.0,0.0,0.0,1.0,11.0,0.129,0.156,0.194,0.35,-3.0,0.157,-38.0,6.0,0.0,0.0,4.0,0.0,0.0,1,
Christian Friedrich,24.0,COL,NL,-0.1,15.0,29.0,25.0,1.0,2.0,0.0,0.0,0.0,0.0,0.0,0.0,3.0,15.0,0.08,0.179,0.08,0.259,-31.0,0.139,-62.0,2.0,0.0,0.0,1.0,0.0,0.0,1/H,
Christian Garcia,26.0,WSN,NL,0.0,13.0,0.0,0.0,0.0,0.0,0.0,0.0,0.0,0.0,0.0,0.0,0.0,0.0,,,,,,,,0.0,0.0,0.0,0.0,0.0,0.0,1,
Clay Buchholz*,27.0,BOS,AL,0.0,1.0,3.0,2.0,0.0,0.0,0.0,0.0,0.0,0.0,0.0,0.0,0.0,1.0,0.0,0.0,0.0,0.0,-100.0,0.0,-257.0,0.0,0.0,0.0,1.0,0.0,0.0,1,
Clay Hensley,32.0,SFG,NL,0.0,57.0,1.0,1.0,0.0,0.0,0.0,0.0,0.0,0.0,0.0,0.0,0.0,0.0,0.0,0.0,0.0,0.0,-100.0,0.0,-127.0,0.0,0.0,0.0,0.0,0.0,0.0,1,
Clay Rapada,31.0,NYY,AL,0.0,8.0,0.0,0.0,0.0,0.0,0.0,0.0,0.0,0.0,0.0,0.0,0.0,0.0,,,,,,,,0.0,0.0,0.0,0.0,0.0,0.0,1,
Clayton Kershaw*,24.0,LAD,NL,0.4,32.0,75.0,58.0,2.0,12.0,1.0,0.0,0.0,2.0,0.0,0.0,2.0,19.0,0.207,0.23,0.224,0.454,27.0,0.205,-9.0,13.0,2.0,0.0,14.0,1.0,0.0,1/H,"AS,CYA-2,MVP-16"
Clayton Mortensen,27.0,BOS,AL,0.0,1.0,1.0,1.0,0.0,0.0,0.0,0.0,0.0,0.0,0.0,0.0,0.0,1.0,0.0,0.0,0.0,0.0,-100.0,0.0,-145.0,0.0,0.0,0.0,0.0,0.0,0.0,1,
Clayton Richard*,28.0,SDP,NL,-0.3,34.0,79.0,69.0,5.0,6.0,2.0,0.0,1.0,7.0,0.0,0.0,1.0,40.0,0.087,0.099,0.159,0.258,-28.0,0.111,-69.0,11.0,1.0,0.0,8.0,1.0,0.0,1/H,
Clete Thomas*,28.0,2TM,AL,0.0,15.0,29.0,28.0,3.0,4.0,1.0,0.0,1.0,4.0,0.0,0.0,0.0,16.0,0.143,0.172,0.286,0.458,24.0,0.199,10.0,8.0,0.0,1.0,0.0,0.0,0.0,9/H78,
Clete Thomas*,28.0,DET,AL,0.0,3.0,0.0,0.0,1.0,0.0,0.0,0.0,0.0,0.0,0.0,0.0,0.0,0.0,,,,,,,,0.0,0.0,0.0,0.0,0.0,0.0,/79H,
Clete Thomas*,28.0,MIN,AL,0.0,12.0,29.0,28.0,2.0,4.0,1.0,0.0,1.0,4.0,0.0,0.0,0.0,16.0,0.143,0.172,0.286,0.458,24.0,0.199,10.0,8.0,0.0,1.0,0.0,0.0,0.0,/9H78,
Cliff Lee*,33.0,PHI,NL,0.0,31.0,71.0,64.0,3.0,10.0,2.0,0.0,0.0,4.0,1.0,0.0,1.0,23.0,0.156,0.169,0.188,0.357,-4.0,0.163,-40.0,12.0,0.0,0.0,6.0,0.0,0.0,1/H,
Cliff Pennington#,28.0,OAK,AL,2.0,125.0,462.0,418.0,50.0,90.0,18.0,2.0,6.0,28.0,15.0,6.0,35.0,90.0,0.215,0.278,0.311,0.589,66.0,0.279,70.0,130.0,1.0,2.0,5.0,2.0,0.0,64/H,
Clint Barmes,33.0,PIT,NL,1.2,144.0,493.0,455.0,34.0,104.0,16.0,1.0,8.0,45.0,0.0,2.0,20.0,106.0,0.229,0.272,0.321,0.593,64.0,0.267,59.0,146.0,9.0,8.0,8.0,2.0,3.0,*6/H3,
Clint Robinson*,27.0,KCR,AL,-0.1,4.0,4.0,4.0,0.0,0.0,0.0,0.0,0.0,0.0,0.0,0.0,0.0,2.0,0.0,0.0,0.0,0.0,-100.0,0.0,-140.0,0.0,0.0,0.0,0.0,0.0,0.0,/H,
Coco Crisp#,32.0,OAK,AL,3.0,120.0,508.0,455.0,68.0,118.0,25.0,7.0,11.0,46.0,39.0,4.0,45.0,64.0,0.259,0.325,0.418,0.742,107.0,0.34,106.0,190.0,9.0,0.0,6.0,2.0,0.0,*87/HD,
Cody Eppley,26.0,NYY,AL,0.0,8.0,0.0,0.0,0.0,0.0,0.0,0.0,0.0,0.0,0.0,0.0,0.0,0.0,,,,,,,,0.0,0.0,0.0,0.0,0.0,0.0,1,
Cody Ransom,36.0,2TM,NL,0.5,90.0,283.0,246.0,29.0,54.0,14.0,0.0,11.0,42.0,0.0,1.0,30.0,109.0,0.22,0.312,0.411,0.722,91.0,0.323,91.0,101.0,6.0,3.0,3.0,0.0,0.0,65H/43D,
Cody Ransom,36.0,ARI,NL,0.6,26.0,88.0,78.0,11.0,21.0,7.0,0.0,5.0,16.0,0.0,0.0,7.0,30.0,0.269,0.352,0.551,0.904,138.0,0.398,147.0,43.0,1.0,3.0,0.0,0.0,0.0,5/6HD,
Cody Ransom,36.0,MIL,NL,-0.1,64.0,195.0,168.0,18.0,33.0,7.0,0.0,6.0,26.0,0.0,1.0,23.0,79.0,0.196,0.293,0.345,0.638,70.0,0.288,65.0,58.0,5.0,0.0,3.0,0.0,0.0,65H/43,
Cody Ross,31.0,BOS,AL,2.2,130.0,528.0,476.0,70.0,127.0,34.0,1.0,22.0,81.0,2.0,3.0,42.0,129.0,0.267,0.326,0.481,0.807,115.0,0.353,118.0,229.0,11.0,3.0,1.0,6.0,3.0,*97D/8H,
Colby Lewis,32.0,TEX,AL,0.1,1.0,4.0,4.0,0.0,2.0,0.0,0.0,0.0,2.0,0.0,0.0,0.0,2.0,0.5,0.5,0.5,1.0,168.0,0.424,164.0,2.0,0.0,0.0,0.0,0.0,0.0,1,
Colby Rasmus*,25.0,TOR,AL,1.8,151.0,625.0,565.0,75.0,126.0,21.0,5.0,23.0,75.0,4.0,3.0,47.0,149.0,0.223,0.289,0.4,0.689,86.0,0.299,79.0,226.0,7.0,7.0,2.0,4.0,5.0,*8/HD,
Cole Hamels*,28.0,PHI,NL,0.6,30.0,82.0,69.0,5.0,15.0,2.0,0.0,1.0,5.0,0.0,1.0,4.0,27.0,0.217,0.27,0.29,0.56,52.0,0.248,35.0,20.0,1.0,1.0,8.0,0.0,0.0,1,"AS,CYA-8"
Collin Cowgill,26.0,OAK,AL,0.4,38.0,116.0,104.0,10.0,28.0,2.0,0.0,1.0,9.0,3.0,4.0,11.0,27.0,0.269,0.336,0.317,0.654,86.0,0.287,85.0,33.0,3.0,0.0,0.0,1.0,0.0,78/9H,
Collin McHugh,25.0,NYM,NL,-0.1,8.0,4.0,4.0,0.0,0.0,0.0,0.0,0.0,0.0,0.0,0.0,0.0,2.0,0.0,0.0,0.0,0.0,-100.0,0.0,-139.0,0.0,0.0,0.0,0.0,0.0,0.0,/1,
Conor Gillaspie*,24.0,SFG,NL,-0.5,6.0,20.0,20.0,2.0,3.0,1.0,0.0,0.0,2.0,0.0,0.0,0.0,2.0,0.15,0.15,0.2,0.35,-1.0,0.153,-19.0,4.0,0.0,0.0,0.0,0.0,0.0,/5H,
Cord Phelps#,25.0,CLE,AL,0.0,14.0,34.0,33.0,2.0,7.0,0.0,0.0,1.0,5.0,0.0,0.0,1.0,10.0,0.212,0.235,0.303,0.538,51.0,0.238,43.0,10.0,0.0,0.0,0.0,0.0,0.0,/4HD56,
Corey Brown*,26.0,WSN,NL,0.3,19.0,27.0,25.0,4.0,5.0,2.0,0.0,1.0,3.0,0.0,0.0,1.0,9.0,0.2,0.231,0.4,0.631,67.0,0.307,81.0,10.0,0.0,0.0,1.0,0.0,0.0,H/789,
Corey Hart,30.0,MIL,NL,1.8,149.0,622.0,562.0,91.0,152.0,35.0,4.0,30.0,83.0,5.0,0.0,44.0,151.0,0.27,0.334,0.507,0.841,120.0,0.369,122.0,285.0,13.0,11.0,2.0,3.0,5.0,39/H,
Cory Burns,24.0,SDP,NL,0.0,17.0,1.0,1.0,0.0,0.0,0.0,0.0,0.0,0.0,0.0,0.0,0.0,1.0,0.0,0.0,0.0,0.0,-100.0,0.0,-136.0,0.0,0.0,0.0,0.0,0.0,0.0,1,
Cory Gearrin,26.0,ATL,NL,0.0,22.0,0.0,0.0,0.0,0.0,0.0,0.0,0.0,0.0,0.0,0.0,0.0,0.0,,,,,,,,0.0,0.0,0.0,0.0,0.0,0.0,1,
Cory Luebke,27.0,SDP,NL,-0.1,5.0,12.0,11.0,0.0,0.0,0.0,0.0,0.0,0.0,0.0,0.0,0.0,6.0,0.0,0.0,0.0,0.0,-100.0,0.082,-88.0,0.0,0.0,0.0,1.0,0.0,0.0,/1,
Cory Wade,29.0,NYY,AL,0.0,4.0,0.0,0.0,0.0,0.0,0.0,0.0,0.0,0.0,0.0,0.0,0.0,0.0,,,,,,,,0.0,0.0,0.0,0.0,0.0,0.0,1,
Craig Breslow*,31.0,ARI,NL,0.0,38.0,3.0,3.0,0.0,0.0,0.0,0.0,0.0,0.0,0.0,0.0,0.0,2.0,0.0,0.0,0.0,0.0,-100.0,0.0,-145.0,0.0,0.0,0.0,0.0,0.0,0.0,1,
Craig Gentry,28.0,TEX,AL,2.7,121.0,269.0,240.0,31.0,73.0,12.0,3.0,1.0,26.0,13.0,7.0,14.0,41.0,0.304,0.367,0.392,0.759,102.0,0.334,99.0,94.0,4.0,10.0,5.0,0.0,1.0,*8H/9D1,
Craig Kimbrel,24.0,ATL,NL,0.0,59.0,0.0,0.0,0.0,0.0,0.0,0.0,0.0,0.0,0.0,0.0,0.0,0.0,,,,,,,,0.0,0.0,0.0,0.0,0.0,0.0,1,"AS,CYA-5,MVP-8"
Craig Stammen,28.0,WSN,NL,0.0,55.0,8.0,6.0,0.0,0.0,0.0,0.0,0.0,0.0,0.0,0.0,0.0,4.0,0.0,0.0,0.0,0.0,-100.0,0.151,-77.0,0.0,0.0,0.0,2.0,0.0,0.0,1,
Cristhian Martínez,30.0,ATL,NL,0.0,52.0,3.0,3.0,0.0,0.0,0.0,0.0,0.0,0.0,0.0,0.0,0.0,1.0,0.0,0.0,0.0,0.0,-100.0,0.0,-145.0,0.0,0.0,0.0,0.0,0.0,0.0,1,
Curtis Granderson*,31.0,NYY,AL,3.3,160.0,684.0,596.0,102.0,138.0,18.0,4.0,43.0,106.0,10.0,3.0,75.0,195.0,0.232,0.319,0.492,0.811,115.0,0.35,114.0,293.0,5.0,5.0,1.0,7.0,4.0,*8/HD,AS
César Izturis#,32.0,2TM,NL,-0.6,62.0,173.0,166.0,13.0,40.0,7.0,2.0,2.0,11.0,1.0,1.0,3.0,13.0,0.241,0.254,0.343,0.598,58.0,0.26,43.0,57.0,7.0,0.0,4.0,0.0,0.0,6H/543,
César Izturis#,32.0,MIL,NL,-0.6,57.0,169.0,162.0,9.0,38.0,6.0,2.0,2.0,11.0,1.0,1.0,3.0,13.0,0.235,0.248,0.333,0.582,53.0,0.253,38.0,54.0,7.0,0.0,4.0,0.0,0.0,6H/534,
César Izturis#,32.0,WSN,NL,0.0,5.0,4.0,4.0,4.0,2.0,1.0,0.0,0.0,0.0,0.0,0.0,0.0,0.0,0.5,0.5,0.75,1.25,233.0,0.54,252.0,3.0,0.0,0.0,0.0,0.0,0.0,/H456,
César Ramos*,28.0,TBR,AL,0.0,2.0,1.0,1.0,0.0,0.0,0.0,0.0,0.0,0.0,0.0,0.0,0.0,1.0,0.0,0.0,0.0,0.0,-100.0,0.0,-136.0,0.0,0.0,0.0,0.0,0.0,0.0,1,
D.J. Carrasco,35.0,NYM,NL,0.0,4.0,0.0,0.0,0.0,0.0,0.0,0.0,0.0,0.0,0.0,0.0,0.0,0.0,,,,,,,,0.0,0.0,0.0,0.0,0.0,0.0,/1,
D.J. Mitchell,25.0,NYY,AL,0.0,1.0,0.0,0.0,0.0,0.0,0.0,0.0,0.0,0.0,0.0,0.0,0.0,0.0,,,,,,,,0.0,0.0,0.0,0.0,0.0,0.0,/1,
Daisuke Matsuzaka,31.0,BOS,AL,0.0,1.0,2.0,2.0,0.0,0.0,0.0,0.0,0.0,0.0,0.0,0.0,0.0,1.0,0.0,0.0,0.0,0.0,-100.0,0.0,-139.0,0.0,0.0,0.0,0.0,0.0,0.0,1,
Dale Thayer,31.0,SDP,NL,0.0,62.0,0.0,0.0,0.0,0.0,0.0,0.0,0.0,0.0,0.0,0.0,0.0,0.0,,,,,,,,0.0,0.0,0.0,0.0,0.0,0.0,1,
Dallas Keuchel*,24.0,HOU,NL,0.0,16.0,27.0,20.0,1.0,2.0,0.0,0.0,0.0,1.0,0.0,0.0,1.0,10.0,0.1,0.136,0.1,0.236,-34.0,0.114,-96.0,2.0,0.0,0.0,5.0,1.0,0.0,1/H,
Dan Haren,31.0,LAA,AL,-0.1,3.0,7.0,4.0,0.0,0.0,0.0,0.0,0.0,0.0,0.0,0.0,0.0,2.0,0.0,0.0,0.0,0.0,-100.0,0.0,-307.0,0.0,0.0,0.0,3.0,0.0,0.0,1/H,
Dan Jennings*,25.0,MIA,NL,0.0,22.0,1.0,1.0,0.0,0.0,0.0,0.0,0.0,0.0,0.0,0.0,0.0,0.0,0.0,0.0,0.0,0.0,-100.0,0.0,-145.0,0.0,0.0,0.0,0.0,0.0,0.0,1,
Dan Johnson*,32.0,CHW,AL,0.5,14.0,31.0,22.0,8.0,8.0,1.0,0.0,3.0,6.0,0.0,0.0,9.0,3.0,0.364,0.548,0.818,1.367,264.0,0.548,265.0,18.0,0.0,0.0,0.0,0.0,1.0,/HD3,
Dan Otero,27.0,SFG,NL,0.0,12.0,1.0,1.0,0.0,0.0,0.0,0.0,0.0,0.0,0.0,0.0,0.0,1.0,0.0,0.0,0.0,0.0,-100.0,0.0,-127.0,0.0,0.0,0.0,0.0,0.0,0.0,1,
Dan Runzler*,27.0,SFG,NL,0.0,6.0,0.0,0.0,0.0,0.0,0.0,0.0,0.0,0.0,0.0,0.0,0.0,0.0,,,,,,,,0.0,0.0,0.0,0.0,0.0,0.0,/1,
Dan Uggla,32.0,ATL,NL,2.9,154.0,630.0,523.0,86.0,115.0,29.0,0.0,19.0,78.0,4.0,3.0,94.0,168.0,0.22,0.348,0.384,0.732,98.0,0.332,99.0,201.0,8.0,10.0,0.0,3.0,5.0,*4/H,AS
Dana Eveland*,28.0,BAL,AL,0.0,2.0,0.0,0.0,0.0,0.0,0.0,0.0,0.0,0.0,0.0,0.0,0.0,0.0,,,,,,,,0.0,0.0,0.0,0.0,0.0,0.0,1,
Daniel Bard,27.0,BOS,AL,0.0,1.0,2.0,2.0,0.0,0.0,0.0,0.0,0.0,0.0,0.0,0.0,0.0,1.0,0.0,0.0,0.0,0.0,-100.0,0.0,-139.0,0.0,0.0,0.0,0.0,0.0,0.0,1,
Daniel Descalso*,25.0,STL,NL,-0.1,143.0,426.0,374.0,41.0,85.0,10.0,7.0,4.0,26.0,6.0,3.0,37.0,83.0,0.227,0.303,0.324,0.627,72.0,0.294,75.0,121.0,5.0,5.0,7.0,3.0,3.0,46H5/3,
Daniel Hudson,25.0,ARI,NL,0.1,8.0,16.0,13.0,1.0,2.0,0.0,0.0,0.0,1.0,0.0,0.0,2.0,6.0,0.154,0.25,0.154,0.404,12.0,0.2,1.0,2.0,0.0,0.0,0.0,1.0,0.0,/1,
Daniel McCutchen,29.0,PIT,NL,0.0,1.0,0.0,0.0,0.0,0.0,0.0,0.0,0.0,0.0,0.0,0.0,0.0,0.0,,,,,,,,0.0,0.0,0.0,0.0,0.0,0.0,/1,
Daniel Murphy*,27.0,NYM,NL,1.5,156.0,612.0,571.0,62.0,166.0,40.0,3.0,6.0,65.0,10.0,2.0,36.0,82.0,0.291,0.332,0.403,0.735,103.0,0.331,104.0,230.0,12.0,1.0,0.0,4.0,5.0,*4H3,
Daniel Nava#,29.0,BOS,AL,1.6,88.0,317.0,267.0,38.0,65.0,21.0,0.0,6.0,33.0,3.0,0.0,37.0,63.0,0.243,0.352,0.39,0.742,101.0,0.344,109.0,104.0,5.0,9.0,2.0,2.0,1.0,7H/9D,
Danny Espinosa#,25.0,WSN,NL,2.6,160.0,658.0,594.0,82.0,147.0,37.0,2.0,17.0,56.0,20.0,6.0,46.0,189.0,0.247,0.315,0.402,0.717,93.0,0.32,88.0,239.0,11.0,13.0,3.0,2.0,4.0,*46/H,
Danny Valencia,27.0,2TM,AL,-0.9,44.0,161.0,154.0,14.0,29.0,6.0,1.0,3.0,21.0,0.0,1.0,3.0,38.0,0.188,0.199,0.299,0.497,35.0,0.219,26.0,46.0,6.0,0.0,0.0,4.0,0.0,5/H,
Danny Valencia,27.0,MIN,AL,-0.8,34.0,132.0,126.0,13.0,25.0,6.0,1.0,2.0,17.0,0.0,1.0,3.0,32.0,0.198,0.212,0.31,0.522,43.0,0.225,32.0,39.0,5.0,0.0,0.0,3.0,0.0,5/H,
Danny Valencia,27.0,BOS,AL,-0.1,10.0,29.0,28.0,1.0,4.0,0.0,0.0,1.0,4.0,0.0,0.0,0.0,6.0,0.143,0.138,0.25,0.388,2.0,0.194,0.0,7.0,1.0,0.0,0.0,1.0,0.0,5/H,
Danny Worth,26.0,DET,AL,-0.2,43.0,90.0,74.0,9.0,16.0,3.0,0.0,0.0,3.0,0.0,0.0,13.0,23.0,0.216,0.33,0.257,0.586,62.0,0.288,67.0,19.0,1.0,0.0,2.0,1.0,0.0,4H/56D,
Daric Barton*,26.0,OAK,AL,0.3,46.0,136.0,113.0,8.0,23.0,7.0,0.0,1.0,6.0,1.0,0.0,22.0,32.0,0.204,0.338,0.292,0.63,80.0,0.296,83.0,33.0,1.0,1.0,0.0,0.0,0.0,3/H,
Darin Mastroianni,26.0,MIN,AL,0.9,77.0,186.0,163.0,22.0,41.0,3.0,2.0,3.0,17.0,21.0,3.0,18.0,45.0,0.252,0.328,0.35,0.678,89.0,0.338,98.0,57.0,4.0,1.0,3.0,1.0,0.0,97HD/84,
Darin Ruf,25.0,PHI,NL,0.4,12.0,37.0,33.0,4.0,11.0,2.0,1.0,3.0,10.0,0.0,0.0,2.0,12.0,0.333,0.351,0.727,1.079,181.0,0.43,173.0,24.0,1.0,0.0,0.0,2.0,1.0,/73H,
Darnell McDonald,33.0,2TM,AL,0.3,42.0,103.0,88.0,17.0,18.0,7.0,0.0,2.0,9.0,1.0,1.0,12.0,19.0,0.205,0.297,0.352,0.649,75.0,0.302,81.0,31.0,1.0,0.0,2.0,1.0,0.0,79H/8D1,
Darnell McDonald,33.0,BOS,AL,0.4,38.0,99.0,84.0,17.0,18.0,7.0,0.0,2.0,9.0,1.0,1.0,12.0,17.0,0.214,0.309,0.369,0.678,83.0,0.315,90.0,31.0,1.0,0.0,2.0,1.0,0.0,7H9/8D1,
Darnell McDonald,33.0,NYY,AL,-0.1,4.0,4.0,4.0,0.0,0.0,0.0,0.0,0.0,0.0,0.0,0.0,0.0,2.0,0.0,0.0,0.0,0.0,-100.0,0.0,-142.0,0.0,0.0,0.0,0.0,0.0,0.0,/978,
Darren O'Day,29.0,BAL,AL,0.0,3.0,0.0,0.0,0.0,0.0,0.0,0.0,0.0,0.0,0.0,0.0,0.0,0.0,,,,,,,,0.0,0.0,0.0,0.0,0.0,0.0,1,
Darren Oliver,41.0,TOR,AL,0.0,5.0,0.0,0.0,0.0,0.0,0.0,0.0,0.0,0.0,0.0,0.0,0.0,0.0,,,,,,,,0.0,0.0,0.0,0.0,0.0,0.0,1,
Darwin Barney,26.0,CHC,NL,4.6,156.0,588.0,548.0,73.0,139.0,26.0,4.0,7.0,44.0,6.0,1.0,33.0,58.0,0.254,0.299,0.354,0.653,76.0,0.305,79.0,194.0,11.0,3.0,3.0,1.0,1.0,*4/H6,GG
Dave Sappelt,25.0,CHC,NL,0.6,26.0,78.0,69.0,8.0,19.0,6.0,0.0,2.0,8.0,0.0,0.0,7.0,9.0,0.275,0.351,0.449,0.8,115.0,0.353,115.0,31.0,1.0,1.0,1.0,0.0,1.0,9/H7,
David Carpenter,26.0,HOU,NL,0.1,28.0,2.0,2.0,0.0,1.0,0.0,0.0,0.0,0.0,0.0,0.0,0.0,0.0,0.5,0.5,0.5,1.0,174.0,0.451,186.0,1.0,0.0,0.0,0.0,0.0,0.0,1/H,
David Carpenter,24.0,LAA,AL,0.0,1.0,0.0,0.0,0.0,0.0,0.0,0.0,0.0,0.0,0.0,0.0,0.0,0.0,,,,,,,,0.0,0.0,0.0,0.0,0.0,0.0,1,
David Cooper*,25.0,TOR,AL,0.3,45.0,145.0,140.0,16.0,42.0,11.0,0.0,4.0,11.0,0.0,1.0,4.0,22.0,0.3,0.324,0.464,0.788,112.0,0.356,123.0,65.0,1.0,1.0,0.0,0.0,0.0,3D/H,
David DeJesus*,32.0,CHC,NL,1.4,148.0,582.0,506.0,76.0,133.0,28.0,8.0,9.0,50.0,7.0,8.0,61.0,89.0,0.263,0.35,0.403,0.753,104.0,0.345,113.0,204.0,9.0,9.0,2.0,4.0,1.0,*98H/7,
David Freese,29.0,STL,NL,3.8,144.0,567.0,501.0,70.0,147.0,25.0,1.0,20.0,79.0,3.0,3.0,57.0,122.0,0.293,0.372,0.467,0.839,129.0,0.37,132.0,234.0,19.0,7.0,0.0,2.0,2.0,*5H,AS
David Herndon,26.0,PHI,NL,0.0,5.0,1.0,1.0,0.0,0.0,0.0,0.0,0.0,0.0,0.0,0.0,0.0,1.0,0.0,0.0,0.0,0.0,-100.0,0.0,-145.0,0.0,0.0,0.0,0.0,0.0,0.0,/1,
David Hernández,27.0,ARI,NL,0.1,69.0,1.0,1.0,0.0,1.0,0.0,0.0,0.0,0.0,0.0,0.0,0.0,0.0,1.0,1.0,1.0,2.0,442.0,0.903,518.0,1.0,0.0,0.0,0.0,0.0,0.0,1,
David Lough*,26.0,KCR,AL,0.0,20.0,65.0,59.0,9.0,14.0,2.0,1.0,0.0,2.0,1.0,0.0,4.0,9.0,0.237,0.292,0.305,0.597,64.0,0.269,54.0,18.0,2.0,1.0,0.0,1.0,0.0,8/9H7,
David Murphy*,30.0,TEX,AL,3.5,147.0,521.0,457.0,65.0,139.0,29.0,3.0,15.0,61.0,10.0,5.0,54.0,74.0,0.304,0.38,0.479,0.859,126.0,0.378,131.0,219.0,7.0,4.0,0.0,4.0,7.0,*79H/D8,
David Ortiz*,36.0,BOS,AL,3.2,90.0,383.0,324.0,65.0,103.0,26.0,0.0,23.0,60.0,0.0,1.0,56.0,51.0,0.318,0.415,0.611,1.026,173.0,0.424,172.0,198.0,6.0,0.0,0.0,3.0,13.0,D/3H,AS
David Pauley,29.0,2TM,AL,0.0,3.0,0.0,0.0,0.0,0.0,0.0,0.0,0.0,0.0,0.0,0.0,0.0,0.0,,,,,,,,0.0,0.0,0.0,0.0,0.0,0.0,1,
David Pauley,29.0,LAA,AL,0.0,1.0,0.0,0.0,0.0,0.0,0.0,0.0,0.0,0.0,0.0,0.0,0.0,0.0,,,,,,,,0.0,0.0,0.0,0.0,0.0,0.0,/1,
David Pauley,29.0,TOR,AL,0.0,2.0,0.0,0.0,0.0,0.0,0.0,0.0,0.0,0.0,0.0,0.0,0.0,0.0,,,,,,,,0.0,0.0,0.0,0.0,0.0,0.0,/1,
David Price*,26.0,TBR,AL,0.0,2.0,5.0,4.0,0.0,0.0,0.0,0.0,0.0,0.0,0.0,0.0,1.0,2.0,0.0,0.2,0.0,0.2,-36.0,0.139,-32.0,0.0,0.0,0.0,0.0,0.0,0.0,1,"AS,CYA-1,MVP-12"
David Robertson,27.0,NYY,AL,0.0,4.0,0.0,0.0,0.0,0.0,0.0,0.0,0.0,0.0,0.0,0.0,0.0,0.0,,,,,,,,0.0,0.0,0.0,0.0,0.0,0.0,1,
David Ross,35.0,ATL,NL,1.0,62.0,196.0,176.0,18.0,45.0,7.0,0.0,9.0,23.0,1.0,0.0,18.0,60.0,0.256,0.321,0.449,0.77,105.0,0.34,104.0,79.0,5.0,0.0,0.0,2.0,0.0,2/H,
David Wright,29.0,NYM,NL,7.1,156.0,670.0,581.0,91.0,178.0,41.0,2.0,21.0,93.0,15.0,10.0,81.0,112.0,0.306,0.391,0.492,0.883,144.0,0.38,144.0,286.0,15.0,3.0,0.0,5.0,16.0,*5/6H,"AS,MVP-6"
Dayán Viciedo,23.0,CHW,AL,1.0,147.0,543.0,505.0,64.0,129.0,18.0,1.0,25.0,78.0,0.0,2.0,28.0,120.0,0.255,0.3,0.444,0.744,98.0,0.329,101.0,224.0,18.0,6.0,0.0,4.0,0.0,*7D/H,
Dee Strange-Gordon*,24.0,LAD,NL,-1.2,87.0,330.0,303.0,38.0,69.0,9.0,2.0,1.0,17.0,32.0,10.0,20.0,62.0,0.228,0.28,0.281,0.561,56.0,0.277,58.0,85.0,5.0,3.0,2.0,2.0,0.0,6/H,
Delmon Young,26.0,DET,AL,-0.9,151.0,608.0,574.0,54.0,153.0,27.0,1.0,18.0,74.0,0.0,2.0,20.0,112.0,0.267,0.296,0.411,0.707,88.0,0.311,86.0,236.0,20.0,7.0,0.0,7.0,1.0,*D7/H,
Denard Span*,28.0,MIN,AL,4.9,128.0,568.0,516.0,71.0,146.0,38.0,4.0,4.0,41.0,17.0,6.0,47.0,62.0,0.283,0.342,0.395,0.738,104.0,0.336,109.0,204.0,10.0,0.0,4.0,1.0,0.0,*8/HD,
Denis Phipps,26.0,CIN,NL,0.0,8.0,11.0,10.0,4.0,3.0,1.0,0.0,1.0,2.0,0.0,0.0,1.0,4.0,0.3,0.364,0.7,1.064,176.0,0.438,174.0,7.0,0.0,0.0,0.0,0.0,0.0,/H89,
Derek Holland#,25.0,TEX,AL,0.0,1.0,2.0,2.0,0.0,0.0,0.0,0.0,0.0,0.0,0.0,0.0,0.0,1.0,0.0,0.0,0.0,0.0,-100.0,0.0,-143.0,0.0,0.0,0.0,0.0,0.0,0.0,1,
Derek Jeter,38.0,NYY,AL,2.2,159.0,740.0,683.0,99.0,216.0,32.0,0.0,15.0,58.0,9.0,4.0,45.0,90.0,0.316,0.362,0.429,0.791,114.0,0.352,116.0,293.0,24.0,5.0,6.0,1.0,1.0,*6D,"AS,MVP-7,SS"
Derek Lowe,39.0,2TM,AL,0.1,3.0,4.0,4.0,0.0,2.0,0.0,0.0,0.0,0.0,0.0,0.0,0.0,0.0,0.5,0.5,0.5,1.0,185.0,0.424,180.0,2.0,0.0,0.0,0.0,0.0,0.0,1,
Derek Lowe,39.0,CLE,AL,0.1,2.0,4.0,4.0,0.0,2.0,0.0,0.0,0.0,0.0,0.0,0.0,0.0,0.0,0.5,0.5,0.5,1.0,185.0,0.424,180.0,2.0,0.0,0.0,0.0,0.0,0.0,1,
Derek Lowe,39.0,NYY,AL,0.0,1.0,0.0,0.0,0.0,0.0,0.0,0.0,0.0,0.0,0.0,0.0,0.0,0.0,,,,,,,,0.0,0.0,0.0,0.0,0.0,0.0,1,
Derek Norris,23.0,OAK,AL,1.0,60.0,232.0,209.0,19.0,42.0,8.0,1.0,7.0,34.0,5.0,1.0,21.0,66.0,0.201,0.276,0.349,0.625,75.0,0.292,79.0,73.0,6.0,1.0,0.0,1.0,1.0,2/HD,
Desmond Jennings,25.0,TBR,AL,3.4,132.0,563.0,505.0,85.0,124.0,19.0,7.0,13.0,47.0,31.0,2.0,46.0,120.0,0.246,0.314,0.388,0.702,96.0,0.327,98.0,196.0,7.0,5.0,6.0,1.0,1.0,*78/H9,
Devin Mesoraco,24.0,CIN,NL,-0.4,54.0,184.0,165.0,17.0,35.0,8.0,0.0,5.0,14.0,1.0,1.0,17.0,33.0,0.212,0.288,0.352,0.64,70.0,0.285,62.0,58.0,2.0,1.0,0.0,1.0,4.0,2/H,
Dewayne Wise*,34.0,2TM,AL,0.6,100.0,239.0,224.0,31.0,58.0,10.0,2.0,8.0,30.0,19.0,4.0,11.0,52.0,0.259,0.293,0.429,0.721,92.0,0.335,96.0,96.0,2.0,1.0,0.0,3.0,0.0,78H9/1,
Dewayne Wise*,34.0,NYY,AL,0.5,55.0,63.0,61.0,11.0,16.0,3.0,1.0,3.0,8.0,7.0,0.0,2.0,12.0,0.262,0.286,0.492,0.778,105.0,0.356,100.0,30.0,1.0,0.0,0.0,0.0,0.0,7H/981,
Dewayne Wise*,34.0,CHW,AL,0.1,45.0,176.0,163.0,20.0,42.0,7.0,1.0,5.0,22.0,12.0,4.0,9.0,40.0,0.258,0.295,0.405,0.7,87.0,0.327,94.0,66.0,1.0,1.0,0.0,3.0,0.0,87/H91,
Dexter Fowler#,26.0,COL,NL,2.6,143.0,530.0,454.0,72.0,136.0,18.0,11.0,13.0,53.0,12.0,5.0,68.0,128.0,0.3,0.389,0.474,0.863,119.0,0.385,125.0,215.0,5.0,0.0,6.0,2.0,1.0,*8H,
Didi Gregorius*,22.0,CIN,NL,0.1,8.0,21.0,20.0,1.0,6.0,0.0,0.0,0.0,2.0,0.0,0.0,0.0,5.0,0.3,0.3,0.3,0.6,62.0,0.266,46.0,6.0,0.0,0.0,1.0,0.0,0.0,/6H,
Dillon Gee,26.0,NYM,NL,0.1,15.0,34.0,27.0,4.0,4.0,2.0,0.0,0.0,1.0,0.0,0.0,2.0,7.0,0.148,0.207,0.222,0.429,20.0,0.197,-9.0,6.0,1.0,0.0,5.0,0.0,0.0,1,
Dioner Navarro#,28.0,CIN,NL,0.3,24.0,73.0,69.0,6.0,20.0,3.0,1.0,2.0,12.0,0.0,0.0,2.0,12.0,0.29,0.306,0.449,0.755,99.0,0.321,89.0,31.0,1.0,0.0,1.0,1.0,1.0,2/H,
DJ LeMahieu,23.0,COL,NL,1.4,81.0,247.0,229.0,26.0,68.0,12.0,4.0,2.0,22.0,1.0,2.0,13.0,42.0,0.297,0.332,0.41,0.742,88.0,0.33,87.0,94.0,8.0,0.0,3.0,2.0,4.0,4/5H63,
Domonic Brown*,24.0,PHI,NL,-0.8,56.0,212.0,187.0,21.0,44.0,11.0,2.0,5.0,26.0,0.0,0.0,21.0,34.0,0.235,0.316,0.396,0.712,91.0,0.308,81.0,74.0,6.0,2.0,0.0,2.0,2.0,97/H,
Don Kelly*,32.0,DET,AL,-0.8,75.0,127.0,113.0,14.0,21.0,2.0,1.0,1.0,7.0,2.0,0.0,14.0,22.0,0.186,0.276,0.248,0.523,43.0,0.254,40.0,28.0,2.0,0.0,0.0,0.0,0.0,97H/38D54,
Donnie Murphy,29.0,MIA,NL,-0.3,52.0,129.0,116.0,13.0,25.0,6.0,2.0,3.0,12.0,1.0,1.0,9.0,35.0,0.216,0.281,0.379,0.661,76.0,0.291,70.0,44.0,4.0,2.0,1.0,1.0,1.0,5H4/6,
Donovan Solano,24.0,MIA,NL,0.7,93.0,316.0,285.0,29.0,84.0,11.0,3.0,2.0,28.0,7.0,0.0,21.0,58.0,0.295,0.342,0.375,0.717,94.0,0.328,92.0,107.0,5.0,2.0,3.0,5.0,1.0,4H57/6,
Doug Fister*,28.0,DET,AL,0.0,1.0,2.0,2.0,0.0,0.0,0.0,0.0,0.0,0.0,0.0,0.0,0.0,1.0,0.0,0.0,0.0,0.0,-100.0,0.0,-139.0,0.0,0.0,0.0,0.0,0.0,0.0,1,
Doug Slaten*,32.0,PIT,NL,0.0,7.0,0.0,0.0,0.0,0.0,0.0,0.0,0.0,0.0,0.0,0.0,0.0,0.0,,,,,,,,0.0,0.0,0.0,0.0,0.0,0.0,1,
Drew Butera,28.0,MIN,AL,0.1,42.0,122.0,111.0,7.0,22.0,6.0,0.0,1.0,5.0,0.0,0.0,9.0,26.0,0.198,0.27,0.279,0.55,53.0,0.266,59.0,31.0,3.0,2.0,0.0,0.0,0.0,2/H1,
Drew Hutchison*,21.0,TOR,AL,0.0,1.0,2.0,2.0,0.0,0.0,0.0,0.0,0.0,0.0,0.0,0.0,0.0,0.0,0.0,0.0,0.0,0.0,-100.0,0.0,-135.0,0.0,0.0,0.0,0.0,0.0,0.0,1,
Drew Pomeranz,23.0,COL,NL,0.3,22.0,31.0,26.0,2.0,6.0,2.0,0.0,1.0,1.0,0.0,0.0,1.0,15.0,0.231,0.259,0.423,0.682,70.0,0.292,50.0,11.0,1.0,0.0,4.0,0.0,0.0,1,
Drew Smyly*,23.0,DET,AL,0.0,1.0,1.0,1.0,0.0,0.0,0.0,0.0,0.0,0.0,0.0,0.0,0.0,0.0,0.0,0.0,0.0,0.0,-100.0,0.0,-145.0,0.0,0.0,0.0,0.0,0.0,0.0,1,
Drew Storen#,24.0,WSN,NL,0.0,37.0,0.0,0.0,0.0,0.0,0.0,0.0,0.0,0.0,0.0,0.0,0.0,0.0,,,,,,,,0.0,0.0,0.0,0.0,0.0,0.0,1,
Drew Stubbs,27.0,CIN,NL,0.1,136.0,544.0,493.0,75.0,105.0,13.0,2.0,14.0,40.0,30.0,7.0,42.0,166.0,0.213,0.277,0.333,0.61,63.0,0.289,60.0,164.0,2.0,2.0,6.0,1.0,0.0,*8/H,
Drew Sutton#,29.0,2TM,2LG,-0.4,42.0,130.0,122.0,12.0,31.0,12.0,1.0,1.0,13.0,0.0,1.0,6.0,42.0,0.254,0.292,0.393,0.686,89.0,0.298,85.0,48.0,1.0,1.0,0.0,1.0,0.0,75H/493,
Drew Sutton#,29.0,TBR,AL,0.1,18.0,51.0,48.0,2.0,13.0,4.0,0.0,0.0,6.0,0.0,0.0,2.0,16.0,0.271,0.314,0.354,0.668,88.0,0.294,82.0,17.0,0.0,1.0,0.0,0.0,0.0,5/4H3,
Drew Sutton#,29.0,PIT,NL,-0.5,24.0,79.0,74.0,10.0,18.0,8.0,1.0,1.0,7.0,0.0,1.0,4.0,26.0,0.243,0.278,0.419,0.697,91.0,0.3,88.0,31.0,1.0,0.0,0.0,1.0,0.0,7/9H4,
Duane Below*,26.0,DET,AL,0.0,1.0,1.0,1.0,0.0,0.0,0.0,0.0,0.0,0.0,0.0,0.0,0.0,0.0,0.0,0.0,0.0,0.0,-100.0,0.0,-145.0,0.0,0.0,0.0,0.0,0.0,0.0,1,
Dustin Ackley*,24.0,SEA,AL,2.6,153.0,668.0,607.0,84.0,137.0,22.0,2.0,12.0,50.0,13.0,3.0,59.0,124.0,0.226,0.294,0.328,0.622,77.0,0.288,79.0,199.0,3.0,0.0,1.0,1.0,7.0,*43/DH,
Dustin Moseley,30.0,SDP,NL,0.0,1.0,1.0,1.0,0.0,0.0,0.0,0.0,0.0,0.0,0.0,0.0,0.0,0.0,0.0,0.0,0.0,0.0,-100.0,0.0,-136.0,0.0,0.0,0.0,0.0,0.0,0.0,/1,
Dustin Pedroia,28.0,BOS,AL,5.1,141.0,623.0,563.0,81.0,163.0,39.0,3.0,15.0,65.0,20.0,6.0,48.0,60.0,0.29,0.347,0.449,0.797,114.0,0.352,114.0,253.0,9.0,5.0,1.0,6.0,3.0,*4/D,
Eddy Rodríguez,26.0,SDP,NL,0.2,2.0,7.0,5.0,1.0,1.0,0.0,0.0,1.0,1.0,0.0,0.0,2.0,3.0,0.2,0.429,0.8,1.229,238.0,0.492,229.0,4.0,0.0,0.0,0.0,0.0,0.0,/2,
Edgmer Escalona,25.0,COL,NL,0.0,22.0,1.0,0.0,0.0,0.0,0.0,0.0,0.0,0.0,0.0,0.0,0.0,0.0,,,,,,,,0.0,0.0,0.0,1.0,0.0,0.0,1,
Edinson Vólquez,28.0,SDP,NL,-0.3,31.0,62.0,56.0,2.0,4.0,1.0,0.0,0.0,1.0,0.0,0.0,1.0,29.0,0.071,0.088,0.089,0.177,-50.0,0.08,-90.0,5.0,0.0,0.0,5.0,0.0,0.0,1,
Eduardo Escobar#,23.0,2TM,AL,0.3,50.0,146.0,131.0,18.0,28.0,4.0,1.0,0.0,9.0,3.0,0.0,11.0,31.0,0.214,0.278,0.26,0.537,48.0,0.255,42.0,34.0,0.0,1.0,2.0,1.0,0.0,546H/D7,
Eduardo Escobar#,23.0,CHW,AL,0.1,36.0,97.0,87.0,14.0,18.0,4.0,1.0,0.0,3.0,2.0,0.0,9.0,23.0,0.207,0.281,0.276,0.557,52.0,0.266,49.0,24.0,0.0,0.0,1.0,0.0,0.0,5H/46D7,
Eduardo Escobar#,23.0,MIN,AL,0.2,14.0,49.0,44.0,4.0,10.0,0.0,0.0,0.0,6.0,1.0,0.0,2.0,8.0,0.227,0.271,0.227,0.498,41.0,0.232,29.0,10.0,0.0,1.0,1.0,1.0,0.0,/465,
Eduardo Núñez,25.0,NYY,AL,0.4,38.0,100.0,89.0,14.0,26.0,4.0,1.0,1.0,11.0,11.0,2.0,6.0,12.0,0.292,0.33,0.393,0.723,95.0,0.348,101.0,35.0,1.0,1.0,0.0,4.0,0.0,6H/5D749,
Eduardo Sánchez,23.0,STL,NL,0.0,15.0,0.0,0.0,0.0,0.0,0.0,0.0,0.0,0.0,0.0,0.0,0.0,0.0,,,,,,,,0.0,0.0,0.0,0.0,0.0,0.0,1,
Edwar Cabrera*,24.0,COL,NL,0.0,2.0,1.0,1.0,0.0,0.0,0.0,0.0,0.0,0.0,0.0,0.0,0.0,1.0,0.0,0.0,0.0,0.0,-100.0,0.0,-155.0,0.0,0.0,0.0,0.0,0.0,0.0,/1,
Edward Mujica,28.0,2TM,NL,0.0,66.0,0.0,0.0,0.0,0.0,0.0,0.0,0.0,0.0,0.0,0.0,0.0,0.0,,,,,,,,0.0,0.0,0.0,0.0,0.0,0.0,1,
Edward Mujica,28.0,MIA,NL,0.0,37.0,0.0,0.0,0.0,0.0,0.0,0.0,0.0,0.0,0.0,0.0,0.0,0.0,,,,,,,,0.0,0.0,0.0,0.0,0.0,0.0,1,
Edward Mujica,28.0,STL,NL,0.0,29.0,0.0,0.0,0.0,0.0,0.0,0.0,0.0,0.0,0.0,0.0,0.0,0.0,,,,,,,,0.0,0.0,0.0,0.0,0.0,0.0,1,
Edwin Encarnación,29.0,TOR,AL,5.0,151.0,644.0,542.0,93.0,152.0,24.0,0.0,42.0,110.0,13.0,3.0,84.0,94.0,0.28,0.384,0.557,0.941,153.0,0.405,156.0,302.0,6.0,11.0,0.0,7.0,12.0,D3/75,MVP-11
Edwin Jackson,28.0,WSN,NL,0.4,32.0,65.0,57.0,6.0,13.0,0.0,0.0,0.0,0.0,0.0,0.0,3.0,21.0,0.228,0.267,0.228,0.495,36.0,0.237,24.0,13.0,0.0,0.0,5.0,0.0,0.0,1/H,
Edwin Maysonet,30.0,MIL,NL,0.0,30.0,66.0,60.0,7.0,15.0,1.0,1.0,1.0,4.0,1.0,0.0,3.0,9.0,0.25,0.297,0.35,0.647,72.0,0.3,69.0,21.0,1.0,1.0,2.0,0.0,0.0,6H/45,
Eli Whiteside,32.0,SFG,NL,0.0,12.0,14.0,11.0,3.0,1.0,1.0,0.0,0.0,2.0,0.0,0.0,1.0,4.0,0.091,0.214,0.182,0.396,15.0,0.191,10.0,2.0,0.0,1.0,0.0,1.0,0.0,2/H,
Elián Herrera#,27.0,LAD,NL,0.6,67.0,214.0,187.0,26.0,47.0,10.0,1.0,1.0,17.0,4.0,2.0,23.0,50.0,0.251,0.34,0.332,0.671,87.0,0.325,100.0,62.0,5.0,2.0,2.0,0.0,0.0,75H4/896,
Elliot Johnson#,28.0,TBR,AL,0.6,123.0,331.0,297.0,32.0,72.0,10.0,2.0,6.0,33.0,18.0,6.0,24.0,84.0,0.242,0.304,0.35,0.654,84.0,0.306,88.0,104.0,3.0,3.0,5.0,2.0,0.0,6H4/57D,
Elvin Ramírez,24.0,NYM,NL,0.0,18.0,1.0,1.0,0.0,0.0,0.0,0.0,0.0,0.0,0.0,0.0,0.0,1.0,0.0,0.0,0.0,0.0,-100.0,0.0,-136.0,0.0,0.0,0.0,0.0,0.0,0.0,1,
Elvis Andrus,23.0,TEX,AL,4.0,158.0,711.0,629.0,85.0,180.0,31.0,9.0,3.0,62.0,21.0,10.0,57.0,96.0,0.286,0.349,0.378,0.727,94.0,0.332,97.0,238.0,15.0,5.0,17.0,3.0,0.0,*6/DH,AS
Emilio Bonifácio#,27.0,MIA,NL,0.4,64.0,274.0,244.0,30.0,63.0,3.0,4.0,1.0,11.0,30.0,3.0,25.0,52.0,0.258,0.33,0.316,0.645,76.0,0.318,72.0,77.0,3.0,1.0,4.0,0.0,1.0,84,
Emmanuel Burriss#,27.0,SFG,NL,-1.1,60.0,150.0,136.0,15.0,29.0,1.0,0.0,0.0,7.0,5.0,3.0,10.0,25.0,0.213,0.27,0.221,0.491,43.0,0.24,45.0,30.0,6.0,1.0,2.0,1.0,1.0,4H/569,
Endy Chávez*,34.0,BAL,AL,-0.8,64.0,169.0,158.0,15.0,32.0,6.0,0.0,2.0,12.0,3.0,2.0,6.0,24.0,0.203,0.236,0.278,0.515,40.0,0.237,33.0,44.0,2.0,1.0,4.0,0.0,1.0,79H/8,
Enerio Del Rosario,26.0,HOU,NL,0.0,19.0,0.0,0.0,0.0,0.0,0.0,0.0,0.0,0.0,0.0,0.0,0.0,0.0,,,,,,,,0.0,0.0,0.0,0.0,0.0,0.0,1,
Erasmo Ramírez,22.0,SEA,AL,0.0,1.0,3.0,3.0,0.0,0.0,0.0,0.0,0.0,0.0,0.0,0.0,0.0,1.0,0.0,0.0,0.0,0.0,-100.0,0.0,-129.0,0.0,0.0,0.0,0.0,0.0,0.0,1,
Eric Chávez*,34.0,NYY,AL,1.6,113.0,313.0,278.0,36.0,78.0,12.0,0.0,16.0,37.0,0.0,0.0,30.0,59.0,0.281,0.348,0.496,0.845,125.0,0.364,125.0,138.0,10.0,1.0,0.0,4.0,3.0,5HD3,
Eric Farris,26.0,MIL,NL,-0.1,13.0,9.0,8.0,1.0,1.0,0.0,0.0,0.0,0.0,1.0,0.0,1.0,2.0,0.125,0.222,0.125,0.347,-4.0,0.194,-25.0,1.0,0.0,0.0,0.0,0.0,0.0,H/47,
Eric Fryer,26.0,PIT,NL,0.0,6.0,5.0,4.0,0.0,1.0,0.0,0.0,0.0,0.0,0.0,0.0,1.0,1.0,0.25,0.4,0.25,0.65,87.0,0.319,96.0,1.0,0.0,0.0,0.0,0.0,0.0,/H79,
Eric Hacker#,29.0,SFG,NL,0.0,4.0,3.0,3.0,0.0,0.0,0.0,0.0,0.0,0.0,0.0,0.0,0.0,1.0,0.0,0.0,0.0,0.0,-100.0,0.0,-130.0,0.0,0.0,0.0,0.0,0.0,0.0,/1,
Eric Hinske*,34.0,ATL,NL,-1.1,91.0,147.0,132.0,9.0,26.0,7.0,1.0,2.0,13.0,0.0,0.0,14.0,41.0,0.197,0.272,0.311,0.583,57.0,0.262,47.0,41.0,5.0,0.0,0.0,1.0,2.0,H3/79D,
Eric Hosmer*,22.0,KCR,AL,-0.5,152.0,598.0,535.0,65.0,124.0,22.0,2.0,14.0,60.0,16.0,1.0,56.0,95.0,0.232,0.304,0.359,0.663,81.0,0.302,77.0,192.0,10.0,2.0,0.0,5.0,4.0,*3/9H,
Eric O'Flaherty*,27.0,ATL,NL,0.0,60.0,0.0,0.0,0.0,0.0,0.0,0.0,0.0,0.0,0.0,0.0,0.0,0.0,,,,,,,,0.0,0.0,0.0,0.0,0.0,0.0,1,
Eric Sogard*,26.0,OAK,AL,-0.1,37.0,108.0,102.0,8.0,17.0,3.0,1.0,2.0,7.0,2.0,0.0,5.0,17.0,0.167,0.206,0.275,0.48,34.0,0.223,27.0,28.0,1.0,0.0,1.0,0.0,0.0,65/H4,
Eric Stults*,32.0,SDP,NL,0.2,18.0,34.0,28.0,3.0,7.0,2.0,0.0,0.0,3.0,0.0,0.0,0.0,10.0,0.25,0.25,0.321,0.571,61.0,0.251,41.0,9.0,1.0,0.0,6.0,0.0,0.0,1,
Eric Thames*,25.0,2TM,AL,-0.7,86.0,290.0,271.0,27.0,63.0,12.0,3.0,9.0,25.0,1.0,1.0,15.0,87.0,0.232,0.273,0.399,0.672,84.0,0.299,85.0,108.0,7.0,1.0,1.0,2.0,0.0,79H/D,
Eric Thames*,25.0,TOR,AL,-0.7,46.0,160.0,148.0,17.0,36.0,7.0,1.0,3.0,11.0,0.0,1.0,9.0,40.0,0.243,0.288,0.365,0.652,77.0,0.295,79.0,54.0,7.0,1.0,0.0,2.0,0.0,7/HD,
Eric Thames*,25.0,SEA,AL,0.0,40.0,130.0,123.0,10.0,27.0,5.0,2.0,6.0,14.0,1.0,0.0,6.0,47.0,0.22,0.256,0.439,0.695,93.0,0.304,92.0,54.0,0.0,0.0,1.0,0.0,0.0,9/H7D,
Eric Young Jr.#,27.0,COL,NL,1.8,98.0,196.0,174.0,36.0,55.0,7.0,2.0,4.0,15.0,14.0,2.0,13.0,31.0,0.316,0.377,0.448,0.825,110.0,0.385,116.0,78.0,1.0,4.0,5.0,0.0,0.0,H89/7D,
Erick Aybar#,28.0,LAA,AL,4.1,141.0,554.0,517.0,67.0,150.0,31.0,5.0,8.0,45.0,20.0,4.0,22.0,61.0,0.29,0.324,0.416,0.74,107.0,0.334,110.0,215.0,11.0,5.0,7.0,2.0,1.0,*6/H,
Erik Komatsu*,24.0,2TM,2LG,-0.4,30.0,58.0,51.0,5.0,11.0,0.0,0.0,0.0,1.0,0.0,0.0,6.0,5.0,0.216,0.293,0.216,0.509,44.0,0.251,46.0,11.0,2.0,0.0,0.0,1.0,0.0,H9/8D7,
Erik Komatsu*,24.0,STL,NL,-0.1,15.0,21.0,19.0,3.0,4.0,0.0,0.0,0.0,0.0,0.0,0.0,2.0,2.0,0.211,0.286,0.211,0.496,40.0,0.233,30.0,4.0,0.0,0.0,0.0,0.0,0.0,/H987,
Erik Komatsu*,24.0,MIN,AL,-0.2,15.0,37.0,32.0,2.0,7.0,0.0,0.0,0.0,1.0,0.0,0.0,4.0,3.0,0.219,0.297,0.219,0.516,47.0,0.261,55.0,7.0,2.0,0.0,0.0,1.0,0.0,/9HD87,
Erik Kratz,32.0,PHI,NL,1.4,50.0,157.0,141.0,14.0,35.0,9.0,0.0,9.0,26.0,0.0,0.0,11.0,34.0,0.248,0.306,0.504,0.809,114.0,0.34,105.0,71.0,2.0,2.0,0.0,3.0,2.0,2H,
Ernesto Frieri,26.0,2TM,2LG,0.0,17.0,0.0,0.0,0.0,0.0,0.0,0.0,0.0,0.0,0.0,0.0,0.0,0.0,,,,,,,,0.0,0.0,0.0,0.0,0.0,0.0,1,
Ernesto Frieri,26.0,SDP,NL,0.0,11.0,0.0,0.0,0.0,0.0,0.0,0.0,0.0,0.0,0.0,0.0,0.0,0.0,,,,,,,,0.0,0.0,0.0,0.0,0.0,0.0,1,
Ernesto Frieri,26.0,LAA,AL,0.0,6.0,0.0,0.0,0.0,0.0,0.0,0.0,0.0,0.0,0.0,0.0,0.0,0.0,,,,,,,,0.0,0.0,0.0,0.0,0.0,0.0,1,
Ervin Santana,29.0,LAA,AL,-0.1,2.0,5.0,4.0,0.0,0.0,0.0,0.0,0.0,0.0,0.0,0.0,0.0,4.0,0.0,0.0,0.0,0.0,-100.0,0.0,-191.0,0.0,0.0,0.0,1.0,0.0,0.0,1,
Esmil Rogers,26.0,2TM,2LG,0.0,26.0,3.0,3.0,0.0,1.0,0.0,0.0,0.0,0.0,0.0,0.0,0.0,1.0,0.333,0.333,0.333,0.667,77.0,0.299,73.0,1.0,0.0,0.0,0.0,0.0,0.0,1,
Esmil Rogers,26.0,COL,NL,0.0,23.0,2.0,2.0,0.0,0.0,0.0,0.0,0.0,0.0,0.0,0.0,0.0,1.0,0.0,0.0,0.0,0.0,-100.0,0.0,-159.0,0.0,0.0,0.0,0.0,0.0,0.0,1,
Esmil Rogers,26.0,CLE,AL,0.1,3.0,1.0,1.0,0.0,1.0,0.0,0.0,0.0,0.0,0.0,0.0,0.0,0.0,1.0,1.0,1.0,2.0,469.0,0.897,536.0,1.0,0.0,0.0,0.0,0.0,0.0,1,
Eury Pérez,22.0,WSN,NL,0.1,13.0,5.0,5.0,3.0,1.0,0.0,0.0,0.0,0.0,3.0,0.0,0.0,0.0,0.2,0.2,0.2,0.4,9.0,0.311,-24.0,1.0,0.0,0.0,0.0,0.0,0.0,H/87,
Evan Longoria,26.0,TBR,AL,2.5,74.0,312.0,273.0,39.0,79.0,14.0,0.0,17.0,55.0,2.0,3.0,33.0,61.0,0.289,0.369,0.527,0.896,148.0,0.385,152.0,144.0,14.0,3.0,0.0,3.0,6.0,5D,
Evan Meek,29.0,PIT,NL,0.0,12.0,0.0,0.0,0.0,0.0,0.0,0.0,0.0,0.0,0.0,0.0,0.0,0.0,,,,,,,,0.0,0.0,0.0,0.0,0.0,0.0,1,
Evan Scribner,26.0,OAK,AL,0.0,1.0,0.0,0.0,0.0,0.0,0.0,0.0,0.0,0.0,0.0,0.0,0.0,0.0,,,,,,,,0.0,0.0,0.0,0.0,0.0,0.0,1,
Everth Cabrera#,25.0,SDP,NL,1.8,115.0,449.0,398.0,49.0,98.0,19.0,3.0,2.0,24.0,44.0,4.0,43.0,110.0,0.246,0.324,0.324,0.648,85.0,0.319,87.0,129.0,3.0,3.0,5.0,0.0,2.0,*6/4H5,
Ezequiel Carrera*,25.0,CLE,AL,0.5,48.0,158.0,147.0,20.0,40.0,6.0,3.0,2.0,11.0,8.0,1.0,8.0,35.0,0.272,0.312,0.395,0.707,98.0,0.315,93.0,58.0,3.0,1.0,1.0,1.0,1.0,78/H9,
Fernando Abad*,26.0,HOU,NL,-0.1,36.0,7.0,7.0,0.0,1.0,0.0,0.0,0.0,0.0,0.0,0.0,0.0,3.0,0.143,0.143,0.143,0.286,-22.0,0.115,-58.0,1.0,1.0,0.0,0.0,0.0,0.0,1,
Fernando Martínez*,23.0,HOU,NL,-0.2,41.0,130.0,118.0,12.0,28.0,7.0,1.0,6.0,14.0,0.0,1.0,6.0,34.0,0.237,0.3,0.466,0.766,105.0,0.341,110.0,55.0,1.0,5.0,0.0,1.0,0.0,7/9H,
Fernando Rodney,35.0,TBR,AL,0.0,8.0,0.0,0.0,0.0,0.0,0.0,0.0,0.0,0.0,0.0,0.0,0.0,0.0,,,,,,,,0.0,0.0,0.0,0.0,0.0,0.0,1,"AS,CYA-5,MVP-13"
Fernando Rodriguez Jr.,28.0,HOU,NL,0.0,67.0,3.0,3.0,0.0,0.0,0.0,0.0,0.0,0.0,0.0,0.0,0.0,2.0,0.0,0.0,0.0,0.0,-100.0,0.0,-142.0,0.0,0.0,0.0,0.0,0.0,0.0,1,
Fernando Salas,27.0,STL,NL,0.0,63.0,1.0,1.0,0.0,0.0,0.0,0.0,0.0,0.0,0.0,0.0,0.0,1.0,0.0,0.0,0.0,0.0,-100.0,0.0,-136.0,0.0,0.0,0.0,0.0,0.0,0.0,1,
Francisco Cervelli,26.0,NYY,AL,0.0,3.0,2.0,1.0,1.0,0.0,0.0,0.0,0.0,0.0,0.0,0.0,1.0,0.0,0.0,0.5,0.0,0.5,54.0,0.347,113.0,0.0,0.0,0.0,0.0,0.0,0.0,/2,
Francisco Cordero,37.0,2TM,2LG,0.0,10.0,0.0,0.0,0.0,0.0,0.0,0.0,0.0,0.0,0.0,0.0,0.0,0.0,,,,,,,,0.0,0.0,0.0,0.0,0.0,0.0,1,
Francisco Cordero,37.0,TOR,AL,0.0,4.0,0.0,0.0,0.0,0.0,0.0,0.0,0.0,0.0,0.0,0.0,0.0,0.0,,,,,,,,0.0,0.0,0.0,0.0,0.0,0.0,1,
Francisco Cordero,37.0,HOU,NL,0.0,6.0,0.0,0.0,0.0,0.0,0.0,0.0,0.0,0.0,0.0,0.0,0.0,0.0,,,,,,,,0.0,0.0,0.0,0.0,0.0,0.0,/1,
Francisco Liriano*,28.0,MIN,AL,0.0,2.0,3.0,3.0,0.0,0.0,0.0,0.0,0.0,0.0,0.0,0.0,0.0,2.0,0.0,0.0,0.0,0.0,-100.0,0.0,-135.0,0.0,0.0,0.0,0.0,0.0,0.0,1,
Francisco Peguero,24.0,SFG,NL,0.5,17.0,16.0,16.0,6.0,3.0,0.0,0.0,0.0,0.0,3.0,0.0,0.0,7.0,0.188,0.188,0.188,0.375,8.0,0.204,-15.0,3.0,0.0,0.0,0.0,0.0,0.0,H/79,
Francisco Rodríguez,30.0,MIL,NL,0.0,73.0,0.0,0.0,0.0,0.0,0.0,0.0,0.0,0.0,0.0,0.0,0.0,0.0,,,,,,,,0.0,0.0,0.0,0.0,0.0,0.0,1,
Frank Francisco,32.0,NYM,NL,0.0,45.0,0.0,0.0,0.0,0.0,0.0,0.0,0.0,0.0,0.0,0.0,0.0,0.0,,,,,,,,0.0,0.0,0.0,0.0,0.0,0.0,1,
Franklin Gutierrez,29.0,SEA,AL,0.2,40.0,163.0,150.0,18.0,39.0,10.0,1.0,4.0,17.0,3.0,1.0,9.0,31.0,0.26,0.309,0.42,0.729,105.0,0.328,110.0,63.0,5.0,2.0,1.0,1.0,0.0,8/HD,
Franklin Morales*,26.0,BOS,AL,0.1,2.0,2.0,2.0,0.0,1.0,0.0,0.0,0.0,0.0,0.0,0.0,0.0,1.0,0.5,0.5,0.5,1.0,173.0,0.449,187.0,1.0,0.0,0.0,0.0,0.0,0.0,1,
Fred Lewis*,31.0,NYM,NL,-0.3,18.0,25.0,20.0,2.0,3.0,0.0,0.0,0.0,0.0,0.0,0.0,4.0,5.0,0.15,0.32,0.15,0.47,37.0,0.226,25.0,3.0,0.0,1.0,0.0,0.0,1.0,H/798,
Freddie Freeman*,22.0,ATL,NL,2.4,147.0,620.0,540.0,91.0,140.0,33.0,2.0,23.0,94.0,2.0,0.0,64.0,129.0,0.259,0.34,0.456,0.796,113.0,0.351,113.0,246.0,10.0,7.0,0.0,9.0,4.0,*3/H,
Freddy Galvis#,22.0,PHI,NL,0.7,58.0,200.0,190.0,14.0,43.0,15.0,1.0,3.0,24.0,0.0,0.0,7.0,29.0,0.226,0.254,0.363,0.617,64.0,0.272,54.0,69.0,6.0,0.0,3.0,0.0,0.0,4/6H,
Freddy García,35.0,NYY,AL,0.0,1.0,1.0,1.0,0.0,0.0,0.0,0.0,0.0,0.0,0.0,0.0,0.0,1.0,0.0,0.0,0.0,0.0,-100.0,0.0,-145.0,0.0,0.0,0.0,0.0,0.0,0.0,1,
Félix Doubront*,24.0,BOS,AL,0.0,1.0,2.0,1.0,0.0,0.0,0.0,0.0,0.0,0.0,0.0,0.0,0.0,0.0,0.0,0.0,0.0,0.0,-100.0,0.0,-400.0,0.0,0.0,0.0,1.0,0.0,0.0,1,
Félix Hernández,26.0,SEA,AL,0.1,1.0,3.0,3.0,0.0,1.0,1.0,0.0,0.0,2.0,0.0,0.0,0.0,1.0,0.333,0.333,0.667,1.0,176.0,0.415,174.0,2.0,0.0,0.0,0.0,0.0,0.0,1,"AS,CYA-4,MVP-22"
Gaby Sánchez,28.0,2TM,NL,-0.6,105.0,326.0,299.0,30.0,65.0,16.0,0.0,7.0,30.0,1.0,0.0,25.0,56.0,0.217,0.279,0.341,0.62,68.0,0.28,63.0,102.0,13.0,1.0,0.0,1.0,2.0,3H,
Gaby Sánchez,28.0,MIA,NL,-0.9,55.0,196.0,183.0,12.0,37.0,10.0,0.0,3.0,17.0,1.0,0.0,12.0,36.0,0.202,0.25,0.306,0.556,49.0,0.256,41.0,56.0,7.0,0.0,0.0,1.0,1.0,3/H,
Gaby Sánchez,28.0,PIT,NL,0.4,50.0,130.0,116.0,18.0,28.0,6.0,0.0,4.0,13.0,0.0,0.0,13.0,20.0,0.241,0.323,0.397,0.72,99.0,0.318,96.0,46.0,6.0,1.0,0.0,0.0,1.0,3H,
Garrett Jones*,31.0,PIT,NL,1.5,145.0,515.0,475.0,68.0,130.0,28.0,3.0,27.0,86.0,2.0,0.0,33.0,103.0,0.274,0.317,0.516,0.832,126.0,0.363,128.0,245.0,3.0,0.0,0.0,7.0,2.0,39H/D,
Garrett Olson,28.0,NYM,NL,0.0,1.0,0.0,0.0,0.0,0.0,0.0,0.0,0.0,0.0,0.0,0.0,0.0,0.0,,,,,,,,0.0,0.0,0.0,0.0,0.0,0.0,/1,
Garrett Richards,24.0,LAA,AL,-0.1,1.0,2.0,2.0,0.0,0.0,0.0,0.0,0.0,0.0,0.0,0.0,0.0,1.0,0.0,0.0,0.0,0.0,-100.0,0.0,-126.0,0.0,0.0,0.0,0.0,0.0,0.0,1,
Gavin Floyd,29.0,CHW,AL,0.0,1.0,1.0,1.0,0.0,0.0,0.0,0.0,0.0,0.0,0.0,0.0,0.0,0.0,0.0,0.0,0.0,0.0,-100.0,0.0,-145.0,0.0,0.0,0.0,0.0,0.0,0.0,1,
Geoff Blum#,39.0,ARI,NL,-0.2,17.0,31.0,28.0,1.0,4.0,0.0,0.0,0.0,1.0,0.0,0.0,2.0,7.0,0.143,0.194,0.143,0.336,-7.0,0.161,-28.0,4.0,0.0,0.0,0.0,1.0,0.0,H/5,
George Kontos,27.0,SFG,NL,0.0,41.0,1.0,1.0,0.0,0.0,0.0,0.0,0.0,0.0,0.0,0.0,0.0,0.0,0.0,0.0,0.0,0.0,-100.0,0.0,-127.0,0.0,0.0,0.0,0.0,0.0,0.0,1,
George Kottaras*,29.0,2TM,2LG,0.9,85.0,209.0,171.0,20.0,36.0,6.0,1.0,9.0,31.0,0.0,0.0,37.0,48.0,0.211,0.351,0.415,0.766,109.0,0.343,111.0,71.0,4.0,0.0,1.0,0.0,1.0,2H/3D,
George Kottaras*,29.0,MIL,NL,0.6,58.0,116.0,86.0,10.0,18.0,4.0,0.0,3.0,12.0,0.0,0.0,29.0,24.0,0.209,0.409,0.36,0.769,108.0,0.362,119.0,31.0,2.0,0.0,1.0,0.0,1.0,H2/3D,
George Kottaras*,29.0,OAK,AL,0.3,27.0,93.0,85.0,10.0,18.0,2.0,1.0,6.0,19.0,0.0,0.0,8.0,24.0,0.212,0.28,0.471,0.75,106.0,0.319,101.0,40.0,2.0,0.0,0.0,0.0,0.0,2/H,
Geovany Soto,29.0,2TM,2LG,-0.3,99.0,361.0,324.0,45.0,64.0,12.0,1.0,11.0,39.0,1.0,0.0,30.0,76.0,0.198,0.27,0.343,0.613,63.0,0.293,69.0,111.0,12.0,3.0,2.0,2.0,1.0,2/DH,
Geovany Soto,29.0,CHC,NL,0.1,52.0,197.0,176.0,26.0,35.0,6.0,1.0,6.0,14.0,0.0,0.0,19.0,35.0,0.199,0.284,0.347,0.631,70.0,0.296,73.0,61.0,6.0,2.0,0.0,0.0,1.0,2,
Geovany Soto,29.0,TEX,AL,-0.4,47.0,164.0,148.0,19.0,29.0,6.0,0.0,5.0,25.0,1.0,0.0,11.0,41.0,0.196,0.253,0.338,0.591,55.0,0.289,64.0,50.0,6.0,1.0,2.0,2.0,0.0,2/DH,
Gerald Laird,32.0,DET,AL,0.1,63.0,191.0,174.0,24.0,49.0,8.0,1.0,2.0,11.0,0.0,0.0,14.0,21.0,0.282,0.337,0.374,0.71,92.0,0.315,88.0,65.0,4.0,1.0,1.0,1.0,0.0,2/HD,
Gerardo Parra*,25.0,ARI,NL,2.0,133.0,430.0,385.0,58.0,105.0,21.0,2.0,7.0,36.0,15.0,9.0,33.0,77.0,0.273,0.335,0.392,0.727,95.0,0.325,94.0,151.0,4.0,4.0,6.0,2.0,4.0,*87H9,
Giancarlo Stanton,22.0,MIA,NL,5.4,123.0,501.0,449.0,75.0,130.0,30.0,1.0,37.0,86.0,6.0,2.0,46.0,143.0,0.29,0.361,0.608,0.969,155.0,0.413,159.0,273.0,5.0,5.0,0.0,1.0,9.0,*9/HD,"AS,MVP-24"
Gil Velazquez,32.0,MIA,NL,-0.1,19.0,57.0,56.0,2.0,13.0,1.0,0.0,0.0,2.0,0.0,0.0,1.0,11.0,0.232,0.246,0.25,0.496,35.0,0.224,20.0,14.0,0.0,0.0,0.0,0.0,0.0,5/H,
Gio González,26.0,WSN,NL,-0.2,31.0,75.0,64.0,2.0,6.0,1.0,0.0,1.0,4.0,0.0,0.0,1.0,25.0,0.094,0.106,0.156,0.262,-30.0,0.115,-81.0,10.0,0.0,0.0,9.0,1.0,0.0,1,"AS,CYA-3,MVP-20"
Glen Perkins*,29.0,MIN,AL,0.0,4.0,0.0,0.0,0.0,0.0,0.0,0.0,0.0,0.0,0.0,0.0,0.0,0.0,,,,,,,,0.0,0.0,0.0,0.0,0.0,0.0,1,
Gordon Beckham,25.0,CHW,AL,0.8,151.0,582.0,525.0,62.0,123.0,24.0,0.0,16.0,60.0,5.0,4.0,40.0,89.0,0.234,0.296,0.371,0.668,80.0,0.31,86.0,195.0,10.0,7.0,8.0,2.0,0.0,*4/HD,
Gorkys Hernández,24.0,2TM,NL,-0.7,70.0,173.0,156.0,18.0,30.0,2.0,3.0,3.0,13.0,7.0,2.0,13.0,42.0,0.192,0.267,0.301,0.569,54.0,0.263,46.0,47.0,2.0,3.0,1.0,0.0,0.0,8H7/9,
Gorkys Hernández,24.0,PIT,NL,0.1,25.0,26.0,24.0,2.0,2.0,0.0,0.0,0.0,2.0,2.0,0.0,1.0,5.0,0.083,0.154,0.083,0.237,-31.0,0.174,-24.0,2.0,1.0,1.0,0.0,0.0,0.0,7/H98,
Gorkys Hernández,24.0,MIA,NL,-0.8,45.0,147.0,132.0,16.0,28.0,2.0,3.0,3.0,11.0,5.0,2.0,12.0,37.0,0.212,0.288,0.341,0.629,69.0,0.279,59.0,45.0,1.0,2.0,1.0,0.0,0.0,8H/7,
Grant Balfour,34.0,OAK,AL,0.0,5.0,1.0,1.0,0.0,0.0,0.0,0.0,0.0,0.0,0.0,0.0,0.0,1.0,0.0,0.0,0.0,0.0,-100.0,0.0,-136.0,0.0,0.0,0.0,0.0,0.0,0.0,1,
Greg Dobbs*,33.0,MIA,NL,-2.0,120.0,342.0,319.0,26.0,91.0,13.0,2.0,5.0,39.0,4.0,2.0,14.0,53.0,0.285,0.313,0.386,0.698,87.0,0.308,81.0,123.0,8.0,2.0,0.0,7.0,5.0,H5739/D,
Greg Holland,26.0,KCR,AL,0.0,5.0,0.0,0.0,0.0,0.0,0.0,0.0,0.0,0.0,0.0,0.0,0.0,0.0,,,,,,,,0.0,0.0,0.0,0.0,0.0,0.0,1,
Grégor Blanco*,28.0,SFG,NL,2.1,141.0,453.0,393.0,56.0,96.0,14.0,5.0,5.0,34.0,26.0,6.0,51.0,104.0,0.244,0.333,0.344,0.676,94.0,0.316,96.0,135.0,0.0,2.0,5.0,2.0,2.0,*978H/D,
Guillermo Moscoso,28.0,COL,NL,0.0,21.0,12.0,11.0,0.0,2.0,1.0,0.0,0.0,1.0,0.0,0.0,0.0,5.0,0.182,0.182,0.273,0.455,14.0,0.196,-23.0,3.0,0.0,0.0,1.0,0.0,0.0,1,
Guillermo Mota,38.0,SFG,NL,0.0,26.0,0.0,0.0,0.0,0.0,0.0,0.0,0.0,0.0,0.0,0.0,0.0,0.0,,,,,,,,0.0,0.0,0.0,0.0,0.0,0.0,1,
Guillermo Quiroz,30.0,BOS,AL,-0.1,2.0,2.0,2.0,0.0,0.0,0.0,0.0,0.0,0.0,0.0,0.0,0.0,1.0,0.0,0.0,0.0,0.0,-100.0,0.0,-139.0,0.0,0.0,0.0,0.0,0.0,0.0,/2H,
Hank Conger#,24.0,LAA,AL,-0.1,7.0,22.0,18.0,0.0,3.0,0.0,0.0,0.0,1.0,0.0,0.0,1.0,0.0,0.167,0.238,0.167,0.405,18.0,0.182,-3.0,3.0,1.0,1.0,1.0,1.0,0.0,/2,
Hanley Ramírez,28.0,2TM,NL,1.3,157.0,667.0,604.0,79.0,155.0,29.0,4.0,24.0,92.0,21.0,7.0,54.0,132.0,0.257,0.322,0.437,0.759,105.0,0.337,103.0,264.0,17.0,6.0,0.0,3.0,4.0,56/DH,
Hanley Ramírez,28.0,MIA,NL,0.6,93.0,395.0,353.0,49.0,87.0,18.0,2.0,14.0,48.0,14.0,4.0,37.0,72.0,0.246,0.322,0.428,0.749,100.0,0.339,101.0,151.0,11.0,3.0,0.0,2.0,1.0,5/DH,
Hanley Ramírez,28.0,LAD,NL,0.7,64.0,272.0,251.0,30.0,68.0,11.0,2.0,10.0,44.0,7.0,3.0,17.0,60.0,0.271,0.324,0.45,0.774,112.0,0.335,107.0,113.0,6.0,3.0,0.0,1.0,3.0,6/5,
Heath Bell,34.0,MIA,NL,0.0,70.0,0.0,0.0,0.0,0.0,0.0,0.0,0.0,0.0,0.0,0.0,0.0,0.0,,,,,,,,0.0,0.0,0.0,0.0,0.0,0.0,1,
Henderson Alvarez III,22.0,TOR,AL,0.0,1.0,1.0,1.0,0.0,0.0,0.0,0.0,0.0,0.0,0.0,0.0,0.0,1.0,0.0,0.0,0.0,0.0,-100.0,0.0,-145.0,0.0,0.0,0.0,0.0,0.0,0.0,1,
Henry Blanco,40.0,ARI,NL,-0.2,21.0,67.0,64.0,6.0,12.0,3.0,0.0,1.0,7.0,1.0,0.0,3.0,18.0,0.188,0.224,0.281,0.505,35.0,0.255,39.0,18.0,1.0,0.0,0.0,0.0,0.0,2/H,
Henry Rodríguez,25.0,WSN,NL,0.0,35.0,0.0,0.0,0.0,0.0,0.0,0.0,0.0,0.0,0.0,0.0,0.0,0.0,,,,,,,,0.0,0.0,0.0,0.0,0.0,0.0,1,
Henry Rodríguez#,22.0,CIN,NL,0.0,12.0,16.0,14.0,0.0,3.0,1.0,0.0,0.0,2.0,0.0,0.0,2.0,2.0,0.214,0.313,0.286,0.598,62.0,0.278,57.0,4.0,1.0,0.0,0.0,0.0,0.0,H/4,
Hernán Pérez,21.0,DET,AL,0.0,2.0,2.0,2.0,1.0,1.0,0.0,0.0,0.0,0.0,0.0,0.0,0.0,0.0,0.5,0.5,0.5,1.0,172.0,0.4,148.0,1.0,0.0,0.0,0.0,0.0,0.0,/H4,
Hideki Matsui*,38.0,TBR,AL,-1.3,34.0,103.0,95.0,7.0,14.0,1.0,0.0,2.0,7.0,0.0,0.0,8.0,22.0,0.147,0.214,0.221,0.435,23.0,0.196,10.0,21.0,5.0,0.0,0.0,0.0,1.0,DH/79,
Hiroki Kuroda,37.0,NYY,AL,0.0,1.0,2.0,2.0,0.0,0.0,0.0,0.0,0.0,0.0,0.0,0.0,0.0,1.0,0.0,0.0,0.0,0.0,-100.0,0.0,-139.0,0.0,0.0,0.0,0.0,0.0,0.0,1,
Hisanori Takahashi*,37.0,2TM,2LG,0.0,13.0,0.0,0.0,0.0,0.0,0.0,0.0,0.0,0.0,0.0,0.0,0.0,0.0,,,,,,,,0.0,0.0,0.0,0.0,0.0,0.0,1,
Hisanori Takahashi*,37.0,LAA,AL,0.0,4.0,0.0,0.0,0.0,0.0,0.0,0.0,0.0,0.0,0.0,0.0,0.0,0.0,,,,,,,,0.0,0.0,0.0,0.0,0.0,0.0,1,
Hisanori Takahashi*,37.0,PIT,NL,0.0,9.0,0.0,0.0,0.0,0.0,0.0,0.0,0.0,0.0,0.0,0.0,0.0,0.0,,,,,,,,0.0,0.0,0.0,0.0,0.0,0.0,/1,
Hisashi Iwakuma,31.0,SEA,AL,0.0,2.0,0.0,0.0,0.0,0.0,0.0,0.0,0.0,0.0,0.0,0.0,0.0,0.0,,,,,,,,0.0,0.0,0.0,0.0,0.0,0.0,1,
Homer Bailey,26.0,CIN,NL,-0.3,33.0,76.0,70.0,1.0,8.0,1.0,0.0,0.0,5.0,0.0,0.0,1.0,29.0,0.114,0.127,0.129,0.255,-31.0,0.117,-73.0,9.0,3.0,0.0,5.0,0.0,0.0,1/H,
Howie Kendrick,28.0,LAA,AL,2.9,147.0,594.0,550.0,57.0,158.0,32.0,3.0,8.0,67.0,14.0,6.0,29.0,115.0,0.287,0.325,0.4,0.725,104.0,0.328,108.0,220.0,26.0,4.0,6.0,5.0,1.0,*4/H37D,
Humberto Quintero,32.0,KCR,AL,0.3,43.0,144.0,138.0,7.0,32.0,12.0,0.0,1.0,19.0,0.0,1.0,4.0,28.0,0.232,0.257,0.341,0.598,61.0,0.256,50.0,47.0,1.0,1.0,0.0,1.0,0.0,2/H,
Hunter Pence,29.0,2TM,NL,1.3,160.0,688.0,617.0,87.0,156.0,26.0,4.0,24.0,104.0,5.0,2.0,56.0,145.0,0.253,0.319,0.425,0.743,103.0,0.331,103.0,262.0,14.0,7.0,1.0,7.0,2.0,*9/H,MVP-32
Hunter Pence,29.0,PHI,NL,1.0,101.0,440.0,398.0,59.0,108.0,15.0,2.0,17.0,59.0,4.0,2.0,37.0,85.0,0.271,0.336,0.447,0.784,109.0,0.347,110.0,178.0,13.0,3.0,0.0,2.0,1.0,9/H,
Hunter Pence,29.0,SFG,NL,0.3,59.0,248.0,219.0,28.0,48.0,11.0,2.0,7.0,45.0,1.0,0.0,19.0,60.0,0.219,0.287,0.384,0.671,90.0,0.302,90.0,84.0,1.0,4.0,1.0,5.0,1.0,9/H,
Huston Street,28.0,SDP,NL,0.0,37.0,0.0,0.0,0.0,0.0,0.0,0.0,0.0,0.0,0.0,0.0,0.0,0.0,,,,,,,,0.0,0.0,0.0,0.0,0.0,0.0,1,AS
Héctor Ambriz*,28.0,HOU,NL,0.0,18.0,0.0,0.0,0.0,0.0,0.0,0.0,0.0,0.0,0.0,0.0,0.0,0.0,,,,,,,,0.0,0.0,0.0,0.0,0.0,0.0,1,
Héctor Giménez#,29.0,CHW,AL,0.1,5.0,11.0,11.0,1.0,5.0,0.0,0.0,0.0,1.0,0.0,0.0,0.0,3.0,0.455,0.455,0.455,0.909,148.0,0.408,156.0,5.0,0.0,0.0,0.0,0.0,0.0,/2H79D,
Héctor Luna,32.0,PHI,NL,0.0,28.0,66.0,62.0,5.0,14.0,2.0,0.0,2.0,10.0,0.0,0.0,4.0,14.0,0.226,0.273,0.355,0.628,68.0,0.302,77.0,22.0,1.0,0.0,0.0,0.0,0.0,H3/75,
Héctor Noesí,25.0,SEA,AL,0.1,2.0,4.0,4.0,0.0,2.0,0.0,0.0,0.0,0.0,0.0,0.0,0.0,2.0,0.5,0.5,0.5,1.0,187.0,0.449,200.0,2.0,0.0,0.0,0.0,0.0,0.0,1,
Héctor Santiago,24.0,CHW,AL,0.0,2.0,0.0,0.0,0.0,0.0,0.0,0.0,0.0,0.0,0.0,0.0,0.0,0.0,,,,,,,,0.0,0.0,0.0,0.0,0.0,0.0,1,
Héctor Sánchez#,22.0,SFG,NL,0.8,74.0,227.0,218.0,22.0,61.0,15.0,0.0,3.0,34.0,0.0,0.0,5.0,52.0,0.28,0.295,0.39,0.685,94.0,0.306,94.0,85.0,8.0,1.0,0.0,3.0,0.0,2H/D,
Ian Desmond,26.0,WSN,NL,3.4,130.0,547.0,513.0,72.0,150.0,33.0,2.0,25.0,73.0,21.0,6.0,30.0,113.0,0.292,0.335,0.511,0.845,125.0,0.375,129.0,262.0,17.0,3.0,0.0,1.0,1.0,*6/H,"AS,MVP-16,SS"
Ian Kennedy,27.0,ARI,NL,0.2,30.0,73.0,51.0,4.0,4.0,0.0,1.0,0.0,6.0,0.0,0.0,11.0,29.0,0.078,0.238,0.118,0.356,0.0,0.188,-25.0,6.0,1.0,0.0,10.0,1.0,0.0,1,
Ian Kinsler,30.0,TEX,AL,2.4,157.0,731.0,655.0,105.0,168.0,42.0,5.0,19.0,72.0,21.0,9.0,60.0,90.0,0.256,0.326,0.423,0.749,97.0,0.331,96.0,277.0,14.0,10.0,1.0,5.0,0.0,*4D/5,AS
Ian Stewart*,27.0,CHC,NL,0.0,55.0,202.0,179.0,16.0,36.0,5.0,2.0,5.0,17.0,0.0,3.0,21.0,46.0,0.201,0.292,0.335,0.627,70.0,0.276,63.0,60.0,5.0,2.0,0.0,0.0,4.0,5/H,
Ichiro Suzuki*,38.0,2TM,AL,1.7,162.0,663.0,629.0,77.0,178.0,28.0,6.0,9.0,55.0,29.0,7.0,22.0,61.0,0.283,0.307,0.39,0.696,93.0,0.307,87.0,245.0,12.0,2.0,5.0,5.0,5.0,*97/8HD,
Ichiro Suzuki*,38.0,SEA,AL,1.5,95.0,423.0,402.0,49.0,105.0,15.0,5.0,4.0,28.0,15.0,2.0,17.0,40.0,0.261,0.288,0.353,0.642,82.0,0.283,74.0,142.0,10.0,0.0,0.0,4.0,4.0,9/D,
Ichiro Suzuki*,38.0,NYY,AL,0.2,67.0,240.0,227.0,28.0,73.0,13.0,1.0,5.0,27.0,14.0,5.0,5.0,21.0,0.322,0.34,0.454,0.794,113.0,0.349,111.0,103.0,2.0,2.0,5.0,1.0,1.0,97/8HD,
Ike Davis*,25.0,NYM,NL,1.0,156.0,584.0,519.0,66.0,118.0,26.0,0.0,32.0,90.0,0.0,2.0,61.0,141.0,0.227,0.308,0.462,0.771,111.0,0.332,107.0,240.0,10.0,1.0,0.0,3.0,3.0,*3H,
Irving Falu#,29.0,KCR,AL,0.6,24.0,91.0,85.0,14.0,29.0,6.0,1.0,0.0,7.0,0.0,2.0,4.0,9.0,0.341,0.371,0.435,0.806,119.0,0.337,115.0,37.0,2.0,0.0,2.0,0.0,0.0,4/56H,
Iván De Jesús,25.0,2TM,2LG,-0.2,31.0,45.0,41.0,5.0,9.0,3.0,0.0,0.0,4.0,1.0,1.0,3.0,13.0,0.22,0.267,0.293,0.559,54.0,0.263,57.0,12.0,1.0,0.0,0.0,1.0,0.0,H4/5D6,
Iván De Jesús,25.0,LAD,NL,0.1,23.0,37.0,33.0,5.0,9.0,3.0,0.0,0.0,4.0,1.0,1.0,3.0,7.0,0.273,0.324,0.364,0.688,90.0,0.32,101.0,12.0,1.0,0.0,0.0,1.0,0.0,H/45D,
Iván De Jesús,25.0,BOS,AL,-0.3,8.0,8.0,8.0,0.0,0.0,0.0,0.0,0.0,0.0,0.0,0.0,0.0,6.0,0.0,0.0,0.0,0.0,-100.0,0.0,-142.0,0.0,0.0,0.0,0.0,0.0,0.0,/4H56,
Iván Nova,25.0,NYY,AL,0.0,3.0,9.0,7.0,0.0,1.0,0.0,0.0,0.0,0.0,0.0,0.0,0.0,6.0,0.143,0.143,0.143,0.286,-22.0,0.128,-90.0,1.0,0.0,0.0,2.0,0.0,0.0,1,
J.A. Happ*,29.0,HOU,NL,-0.2,22.0,40.0,32.0,2.0,3.0,0.0,0.0,0.0,1.0,0.0,0.0,3.0,16.0,0.094,0.171,0.094,0.265,-25.0,0.137,-63.0,3.0,0.0,0.0,5.0,0.0,0.0,1/H,
J.C. Boscán,32.0,ATL,NL,-0.1,6.0,10.0,10.0,0.0,2.0,0.0,0.0,0.0,2.0,0.0,0.0,0.0,1.0,0.2,0.2,0.2,0.4,9.0,0.181,-12.0,2.0,0.0,0.0,0.0,0.0,0.0,/2H,
J.C. Romero#,36.0,STL,NL,0.0,11.0,0.0,0.0,0.0,0.0,0.0,0.0,0.0,0.0,0.0,0.0,0.0,0.0,,,,,,,,0.0,0.0,0.0,0.0,0.0,0.0,1,
J.D. Martinez,24.0,HOU,NL,-0.6,113.0,439.0,395.0,34.0,95.0,14.0,3.0,11.0,55.0,0.0,2.0,40.0,96.0,0.241,0.311,0.375,0.685,86.0,0.306,83.0,148.0,18.0,1.0,0.0,2.0,0.0,7H/D,
J.J. Hardy,29.0,BAL,AL,3.3,158.0,713.0,663.0,85.0,158.0,30.0,2.0,22.0,68.0,0.0,0.0,38.0,106.0,0.238,0.282,0.389,0.671,81.0,0.296,76.0,258.0,21.0,3.0,7.0,2.0,4.0,*6,GG
J.J. Hoover,24.0,CIN,NL,0.0,26.0,0.0,0.0,0.0,0.0,0.0,0.0,0.0,0.0,0.0,0.0,0.0,0.0,,,,,,,,0.0,0.0,0.0,0.0,0.0,0.0,1,
J.J. Putz,35.0,ARI,NL,0.0,55.0,0.0,0.0,0.0,0.0,0.0,0.0,0.0,0.0,0.0,0.0,0.0,0.0,,,,,,,,0.0,0.0,0.0,0.0,0.0,0.0,1,
J.P. Arencibia,26.0,TOR,AL,1.5,102.0,372.0,347.0,45.0,81.0,16.0,0.0,18.0,56.0,1.0,0.0,18.0,108.0,0.233,0.275,0.435,0.71,90.0,0.313,89.0,151.0,4.0,3.0,1.0,3.0,1.0,2/HD,
J.P. Howell*,29.0,TBR,AL,0.0,5.0,0.0,0.0,0.0,0.0,0.0,0.0,0.0,0.0,0.0,0.0,0.0,0.0,,,,,,,,0.0,0.0,0.0,0.0,0.0,0.0,1,
Jack Egbert*,29.0,NYM,NL,0.0,1.0,0.0,0.0,0.0,0.0,0.0,0.0,0.0,0.0,0.0,0.0,0.0,0.0,,,,,,,,0.0,0.0,0.0,0.0,0.0,0.0,/1,
Jack Hannahan*,32.0,CLE,AL,0.8,105.0,318.0,287.0,23.0,70.0,16.0,0.0,4.0,29.0,0.0,2.0,27.0,63.0,0.244,0.312,0.341,0.654,85.0,0.298,89.0,98.0,9.0,2.0,1.0,1.0,0.0,5/6H3,
Jack Wilson,34.0,ATL,NL,-0.9,40.0,77.0,71.0,4.0,12.0,1.0,1.0,0.0,4.0,0.0,0.0,2.0,12.0,0.169,0.189,0.211,0.4,8.0,0.17,-27.0,15.0,1.0,0.0,3.0,1.0,1.0,6H/4,
Jacob Turner,21.0,MIA,NL,-0.2,7.0,16.0,14.0,0.0,0.0,0.0,0.0,0.0,0.0,0.0,0.0,0.0,8.0,0.0,0.0,0.0,0.0,-100.0,0.0,-180.0,0.0,0.0,0.0,2.0,0.0,0.0,/1,
Jacoby Ellsbury*,28.0,BOS,AL,0.9,74.0,323.0,303.0,43.0,82.0,18.0,0.0,4.0,26.0,14.0,3.0,19.0,43.0,0.271,0.313,0.37,0.682,84.0,0.307,79.0,112.0,5.0,0.0,0.0,1.0,0.0,8/D,
Jaime García*,25.0,STL,NL,0.6,20.0,46.0,40.0,7.0,10.0,1.0,1.0,1.0,3.0,0.0,0.0,2.0,15.0,0.25,0.286,0.4,0.686,86.0,0.298,76.0,16.0,1.0,0.0,4.0,0.0,0.0,1,
Jair Jurrjens,26.0,ATL,NL,-0.1,10.0,17.0,13.0,1.0,1.0,0.0,0.0,0.0,0.0,0.0,0.0,1.0,6.0,0.077,0.143,0.077,0.22,-38.0,0.114,-95.0,1.0,0.0,0.0,3.0,0.0,0.0,1,
Jairo Asencio,29.0,CHC,NL,0.0,9.0,0.0,0.0,0.0,0.0,0.0,0.0,0.0,0.0,0.0,0.0,0.0,0.0,,,,,,,,0.0,0.0,0.0,0.0,0.0,0.0,1,
Jake Arrieta,26.0,BAL,AL,0.0,2.0,4.0,3.0,0.0,0.0,0.0,0.0,0.0,0.0,0.0,0.0,1.0,2.0,0.0,0.25,0.0,0.25,-23.0,0.173,-13.0,0.0,0.0,0.0,0.0,0.0,0.0,1,
Jake Diekman,25.0,PHI,NL,0.0,29.0,0.0,0.0,0.0,0.0,0.0,0.0,0.0,0.0,0.0,0.0,0.0,0.0,,,,,,,,0.0,0.0,0.0,0.0,0.0,0.0,1,
Jake Elmore,25.0,ARI,NL,-0.6,30.0,73.0,68.0,1.0,13.0,4.0,0.0,0.0,7.0,0.0,0.0,5.0,6.0,0.191,0.247,0.25,0.497,34.0,0.239,29.0,17.0,1.0,0.0,0.0,0.0,0.0,6H/4,
Jake McGee*,25.0,TBR,AL,0.0,6.0,0.0,0.0,0.0,0.0,0.0,0.0,0.0,0.0,0.0,0.0,0.0,0.0,,,,,,,,0.0,0.0,0.0,0.0,0.0,0.0,1,
Jake Peavy,31.0,CHW,AL,0.0,2.0,5.0,5.0,1.0,0.0,0.0,0.0,0.0,1.0,0.0,0.0,0.0,3.0,0.0,0.0,0.0,0.0,-100.0,0.0,-143.0,0.0,0.0,0.0,0.0,0.0,0.0,1,"AS,GG"
Jake Westbrook,34.0,STL,NL,0.0,29.0,58.0,49.0,2.0,6.0,1.0,0.0,0.0,0.0,1.0,0.0,4.0,24.0,0.122,0.189,0.143,0.332,-7.0,0.166,-34.0,7.0,1.0,0.0,5.0,0.0,0.0,1/H,
James Darnell,25.0,SDP,NL,-0.2,7.0,19.0,17.0,1.0,4.0,1.0,0.0,1.0,1.0,0.0,0.0,2.0,2.0,0.235,0.316,0.471,0.786,119.0,0.343,119.0,8.0,3.0,0.0,0.0,0.0,0.0,/7H5,
James Loney*,28.0,2TM,2LG,-1.0,144.0,465.0,434.0,37.0,108.0,20.0,0.0,6.0,41.0,0.0,3.0,28.0,51.0,0.249,0.293,0.336,0.63,73.0,0.276,65.0,146.0,21.0,0.0,1.0,2.0,7.0,*3H,
James Loney*,28.0,LAD,NL,-0.8,114.0,359.0,334.0,32.0,85.0,18.0,0.0,4.0,33.0,0.0,3.0,23.0,39.0,0.254,0.302,0.344,0.646,79.0,0.281,70.0,115.0,16.0,0.0,1.0,1.0,7.0,3H,
James Loney*,28.0,BOS,AL,-0.3,30.0,106.0,100.0,5.0,23.0,2.0,0.0,2.0,8.0,0.0,0.0,5.0,12.0,0.23,0.264,0.31,0.574,55.0,0.262,50.0,31.0,5.0,0.0,0.0,1.0,0.0,3/H,
James McDonald*,27.0,PIT,NL,0.4,32.0,63.0,49.0,8.0,7.0,0.0,0.0,0.0,1.0,0.0,0.0,8.0,23.0,0.143,0.263,0.143,0.406,18.0,0.222,18.0,7.0,1.0,0.0,6.0,0.0,0.0,1/H,
James Russell*,26.0,CHC,NL,0.0,74.0,1.0,1.0,0.0,0.0,0.0,0.0,0.0,0.0,0.0,0.0,0.0,0.0,0.0,0.0,0.0,0.0,-100.0,0.0,-145.0,0.0,0.0,0.0,0.0,0.0,0.0,1,
James Shields,30.0,TBR,AL,0.0,2.0,5.0,5.0,0.0,1.0,0.0,0.0,0.0,1.0,0.0,0.0,0.0,1.0,0.2,0.2,0.2,0.4,13.0,0.16,-16.0,1.0,1.0,0.0,0.0,0.0,0.0,1,
Jamey Carroll,38.0,MIN,AL,3.4,138.0,537.0,470.0,65.0,126.0,18.0,1.0,1.0,40.0,9.0,5.0,52.0,65.0,0.268,0.343,0.317,0.66,86.0,0.31,92.0,149.0,9.0,4.0,7.0,4.0,0.0,456/H,
Jamey Wright,37.0,LAD,NL,0.0,63.0,2.0,2.0,0.0,0.0,0.0,0.0,0.0,0.0,0.0,0.0,0.0,1.0,0.0,0.0,0.0,0.0,-100.0,0.0,-141.0,0.0,0.0,0.0,0.0,0.0,0.0,1,
Jamie Moyer*,49.0,COL,NL,0.0,10.0,17.0,13.0,1.0,2.0,0.0,0.0,0.0,2.0,0.0,0.0,1.0,10.0,0.154,0.214,0.154,0.368,-4.0,0.172,-60.0,2.0,0.0,0.0,3.0,0.0,0.0,1,
Jared Burton,31.0,MIN,AL,0.0,4.0,0.0,0.0,0.0,0.0,0.0,0.0,0.0,0.0,0.0,0.0,0.0,0.0,,,,,,,,0.0,0.0,0.0,0.0,0.0,0.0,1,
Jared Hughes,26.0,PIT,NL,0.0,62.0,1.0,1.0,0.0,0.0,0.0,0.0,0.0,0.0,0.0,0.0,0.0,1.0,0.0,0.0,0.0,0.0,-100.0,0.0,-136.0,0.0,0.0,0.0,0.0,0.0,0.0,1,
Jarrod Dyson*,27.0,KCR,AL,1.5,102.0,330.0,292.0,52.0,76.0,8.0,5.0,0.0,9.0,30.0,5.0,30.0,56.0,0.26,0.328,0.322,0.65,79.0,0.309,76.0,94.0,5.0,1.0,4.0,3.0,1.0,8H/D,
Jarrod Parker,23.0,OAK,AL,-0.1,3.0,7.0,6.0,0.0,0.0,0.0,0.0,0.0,0.0,0.0,0.0,0.0,4.0,0.0,0.0,0.0,0.0,-100.0,0.0,-171.0,0.0,0.0,0.0,1.0,0.0,0.0,1,ROY-5
Jarrod Saltalamacchia#,27.0,BOS,AL,1.6,121.0,448.0,405.0,55.0,90.0,17.0,1.0,25.0,59.0,0.0,1.0,38.0,139.0,0.222,0.288,0.454,0.742,97.0,0.324,96.0,184.0,5.0,1.0,0.0,4.0,0.0,2HD/3,
Jason Bartlett,32.0,SDP,NL,-0.8,29.0,98.0,83.0,8.0,11.0,5.0,0.0,0.0,4.0,0.0,0.0,12.0,27.0,0.133,0.24,0.193,0.432,25.0,0.216,24.0,16.0,6.0,0.0,2.0,1.0,0.0,6/H,
Jason Bay,33.0,NYM,NL,-1.0,70.0,215.0,194.0,21.0,32.0,2.0,0.0,8.0,20.0,5.0,1.0,19.0,58.0,0.165,0.237,0.299,0.536,48.0,0.251,44.0,58.0,3.0,0.0,0.0,2.0,0.0,7/H,
Jason Berken,28.0,CHC,NL,-0.1,4.0,5.0,5.0,0.0,0.0,0.0,0.0,0.0,0.0,0.0,0.0,0.0,1.0,0.0,0.0,0.0,0.0,-100.0,0.0,-144.0,0.0,0.0,0.0,0.0,0.0,0.0,/1,
Jason Bourgeois,30.0,KCR,AL,-0.6,30.0,66.0,62.0,10.0,16.0,2.0,1.0,0.0,5.0,5.0,4.0,4.0,4.0,0.258,0.303,0.323,0.626,71.0,0.301,89.0,20.0,1.0,0.0,0.0,0.0,0.0,8H/D7,
Jason Castro*,25.0,HOU,NL,1.2,87.0,295.0,257.0,29.0,66.0,15.0,2.0,6.0,29.0,0.0,0.0,31.0,61.0,0.257,0.334,0.401,0.735,99.0,0.328,98.0,103.0,8.0,1.0,2.0,4.0,2.0,2H,
Jason Donald,27.0,CLE,AL,-0.2,43.0,135.0,124.0,18.0,25.0,2.0,1.0,2.0,11.0,4.0,0.0,5.0,40.0,0.202,0.246,0.282,0.529,49.0,0.248,45.0,35.0,0.0,3.0,1.0,2.0,0.0,56/H47D8,
Jason Frasor,34.0,TOR,AL,0.0,4.0,0.0,0.0,0.0,0.0,0.0,0.0,0.0,0.0,0.0,0.0,0.0,0.0,,,,,,,,0.0,0.0,0.0,0.0,0.0,0.0,1,
Jason Giambi*,41.0,COL,NL,-0.2,60.0,113.0,89.0,7.0,20.0,4.0,0.0,1.0,8.0,0.0,0.0,20.0,24.0,0.225,0.372,0.303,0.675,75.0,0.31,69.0,27.0,4.0,2.0,0.0,2.0,2.0,H3/D,
Jason Grilli,35.0,PIT,NL,0.0,61.0,0.0,0.0,0.0,0.0,0.0,0.0,0.0,0.0,0.0,0.0,0.0,0.0,,,,,,,,0.0,0.0,0.0,0.0,0.0,0.0,1,
Jason Hammel,29.0,BAL,AL,-0.1,2.0,7.0,4.0,0.0,0.0,0.0,0.0,0.0,0.0,0.0,0.0,0.0,3.0,0.0,0.0,0.0,0.0,-100.0,0.0,-320.0,0.0,0.0,0.0,3.0,0.0,0.0,1,
Jason Heyward*,22.0,ATL,NL,5.5,158.0,651.0,587.0,93.0,158.0,30.0,6.0,27.0,82.0,21.0,8.0,58.0,152.0,0.269,0.335,0.479,0.814,117.0,0.363,121.0,281.0,4.0,2.0,0.0,3.0,1.0,*9/H8,"MVP-28,GG"
Jason Isringhausen,39.0,LAA,AL,0.0,4.0,0.0,0.0,0.0,0.0,0.0,0.0,0.0,0.0,0.0,0.0,0.0,0.0,,,,,,,,0.0,0.0,0.0,0.0,0.0,0.0,1,
Jason Kipnis*,25.0,CLE,AL,3.9,152.0,672.0,591.0,86.0,152.0,22.0,4.0,14.0,76.0,31.0,7.0,67.0,109.0,0.257,0.335,0.379,0.714,102.0,0.327,103.0,224.0,12.0,5.0,3.0,6.0,2.0,*4/DH,
Jason Kubel*,30.0,ARI,NL,1.3,141.0,571.0,506.0,75.0,128.0,30.0,4.0,30.0,90.0,1.0,1.0,57.0,151.0,0.253,0.327,0.506,0.833,120.0,0.355,115.0,256.0,11.0,2.0,0.0,6.0,7.0,*7H/D9,
Jason Marquis*,33.0,2TM,2LG,0.5,17.0,36.0,32.0,3.0,9.0,3.0,0.0,0.0,1.0,0.0,0.0,0.0,12.0,0.281,0.303,0.375,0.678,91.0,0.298,84.0,12.0,0.0,1.0,3.0,0.0,0.0,1/H,
Jason Marquis*,33.0,MIN,AL,0.0,1.0,0.0,0.0,0.0,0.0,0.0,0.0,0.0,0.0,0.0,0.0,0.0,0.0,,,,,,,,0.0,0.0,0.0,0.0,0.0,0.0,/1,
Jason Marquis*,33.0,SDP,NL,0.5,16.0,36.0,32.0,3.0,9.0,3.0,0.0,0.0,1.0,0.0,0.0,0.0,12.0,0.281,0.303,0.375,0.678,91.0,0.298,84.0,12.0,0.0,1.0,3.0,0.0,0.0,1/H,
Jason Motte,30.0,STL,NL,0.0,66.0,0.0,0.0,0.0,0.0,0.0,0.0,0.0,0.0,0.0,0.0,0.0,0.0,,,,,,,,0.0,0.0,0.0,0.0,0.0,0.0,1,
Jason Pridie*,28.0,PHI,NL,0.1,9.0,10.0,10.0,1.0,3.0,1.0,0.0,1.0,3.0,0.0,0.0,0.0,0.0,0.3,0.3,0.7,1.0,159.0,0.422,165.0,7.0,0.0,0.0,0.0,0.0,0.0,/H89,
Jason Repko,31.0,BOS,AL,0.0,5.0,11.0,11.0,0.0,1.0,0.0,0.0,0.0,0.0,0.0,0.0,0.0,4.0,0.091,0.091,0.091,0.182,-50.0,0.082,-82.0,1.0,0.0,0.0,0.0,0.0,0.0,/8DH,
Jason Vargas*,29.0,SEA,AL,0.1,2.0,6.0,5.0,2.0,2.0,0.0,0.0,0.0,1.0,0.0,0.0,1.0,2.0,0.4,0.5,0.4,0.9,162.0,0.415,174.0,2.0,0.0,0.0,0.0,0.0,0.0,1,
Javier López*,34.0,SFG,NL,0.0,65.0,0.0,0.0,0.0,0.0,0.0,0.0,0.0,0.0,0.0,0.0,0.0,0.0,,,,,,,,0.0,0.0,0.0,0.0,0.0,0.0,1,
Javy Guerra,26.0,LAD,NL,0.0,45.0,0.0,0.0,0.0,0.0,0.0,0.0,0.0,0.0,0.0,0.0,0.0,0.0,,,,,,,,0.0,0.0,0.0,0.0,0.0,0.0,1,
Jay Bruce*,25.0,CIN,NL,2.2,155.0,633.0,560.0,89.0,141.0,35.0,5.0,34.0,99.0,9.0,3.0,62.0,155.0,0.252,0.327,0.514,0.841,121.0,0.361,118.0,288.0,5.0,4.0,0.0,7.0,11.0,*9/H,"AS,MVP-10,SS"
Jaye Chapman,25.0,CHC,NL,0.0,14.0,0.0,0.0,0.0,0.0,0.0,0.0,0.0,0.0,0.0,0.0,0.0,0.0,,,,,,,,0.0,0.0,0.0,0.0,0.0,0.0,1,
Jayson Nix,29.0,NYY,AL,0.3,74.0,202.0,177.0,24.0,43.0,13.0,0.0,4.0,18.0,6.0,3.0,14.0,53.0,0.243,0.306,0.384,0.69,86.0,0.301,78.0,68.0,4.0,2.0,9.0,0.0,0.0,5647/HD,
Jayson Werth,33.0,WSN,NL,0.8,81.0,344.0,300.0,42.0,90.0,21.0,3.0,5.0,31.0,8.0,2.0,42.0,57.0,0.3,0.387,0.44,0.827,124.0,0.374,129.0,132.0,3.0,1.0,0.0,1.0,2.0,98/H,
Jean Machi,30.0,SFG,NL,0.0,8.0,0.0,0.0,0.0,0.0,0.0,0.0,0.0,0.0,0.0,0.0,0.0,0.0,,,,,,,,0.0,0.0,0.0,0.0,0.0,0.0,/1,
Jean Segura,22.0,2TM,2LG,0.3,45.0,166.0,151.0,19.0,39.0,4.0,3.0,0.0,14.0,7.0,1.0,13.0,23.0,0.258,0.315,0.325,0.64,72.0,0.301,67.0,49.0,1.0,0.0,1.0,1.0,3.0,6/H,
Jean Segura,22.0,LAA,AL,0.0,1.0,3.0,3.0,0.0,0.0,0.0,0.0,0.0,0.0,0.0,0.0,0.0,2.0,0.0,0.0,0.0,0.0,-100.0,0.3,88.0,0.0,0.0,0.0,0.0,0.0,0.0,/6,
Jean Segura,22.0,MIL,NL,0.3,44.0,163.0,148.0,19.0,39.0,4.0,3.0,0.0,14.0,7.0,1.0,13.0,21.0,0.264,0.321,0.331,0.652,75.0,0.301,67.0,49.0,1.0,0.0,1.0,1.0,3.0,6/H,
Jeanmar Gómez,24.0,CLE,AL,0.0,2.0,4.0,4.0,0.0,1.0,0.0,0.0,0.0,0.0,0.0,0.0,0.0,1.0,0.25,0.25,0.25,0.5,42.0,0.224,33.0,1.0,0.0,0.0,0.0,0.0,0.0,1,
Jed Lowrie#,28.0,HOU,NL,2.2,97.0,387.0,340.0,43.0,83.0,18.0,0.0,16.0,42.0,2.0,0.0,43.0,65.0,0.244,0.331,0.438,0.769,107.0,0.352,115.0,149.0,3.0,2.0,0.0,2.0,0.0,6/H,
Jeff Baker,31.0,3TM,2LG,-1.1,83.0,201.0,188.0,18.0,45.0,12.0,1.0,4.0,25.0,4.0,1.0,11.0,48.0,0.239,0.279,0.378,0.656,76.0,0.3,74.0,71.0,7.0,0.0,0.0,2.0,1.0,H93/475,
Jeff Baker,31.0,2TM,NL,-0.8,68.0,164.0,153.0,17.0,38.0,10.0,1.0,4.0,21.0,4.0,1.0,9.0,38.0,0.248,0.287,0.405,0.692,85.0,0.306,77.0,62.0,4.0,0.0,0.0,2.0,1.0,H39/47,
Jeff Baker,31.0,CHC,NL,-0.4,54.0,144.0,134.0,16.0,36.0,10.0,1.0,4.0,20.0,4.0,1.0,8.0,28.0,0.269,0.306,0.448,0.753,101.0,0.334,99.0,60.0,4.0,0.0,0.0,2.0,0.0,3H9/47,
Jeff Baker,31.0,DET,AL,-0.4,15.0,37.0,35.0,1.0,7.0,2.0,0.0,0.0,4.0,0.0,0.0,2.0,10.0,0.2,0.243,0.257,0.5,35.0,0.275,58.0,9.0,3.0,0.0,0.0,0.0,0.0,9/5H7,
Jeff Baker,31.0,ATL,NL,-0.4,14.0,20.0,19.0,1.0,2.0,0.0,0.0,0.0,1.0,0.0,0.0,1.0,10.0,0.105,0.15,0.105,0.255,-29.0,0.095,-85.0,2.0,0.0,0.0,0.0,0.0,1.0,H/749,
Jeff Beliveau*,25.0,CHC,NL,0.0,22.0,0.0,0.0,0.0,0.0,0.0,0.0,0.0,0.0,0.0,0.0,0.0,0.0,,,,,,,,0.0,0.0,0.0,0.0,0.0,0.0,1,
Jeff Bianchi,25.0,MIL,NL,0.0,33.0,76.0,69.0,8.0,13.0,2.0,0.0,3.0,9.0,0.0,0.0,4.0,13.0,0.188,0.23,0.348,0.578,51.0,0.265,45.0,24.0,1.0,0.0,2.0,1.0,0.0,6H/54,
Jeff Clement*,28.0,PIT,NL,-0.3,23.0,24.0,22.0,1.0,3.0,1.0,0.0,0.0,1.0,0.0,0.0,2.0,7.0,0.136,0.208,0.182,0.39,10.0,0.223,26.0,4.0,2.0,0.0,0.0,0.0,0.0,H/3,
Jeff Francis*,31.0,COL,NL,-0.2,23.0,39.0,31.0,2.0,2.0,0.0,0.0,0.0,0.0,0.0,0.0,2.0,8.0,0.065,0.121,0.065,0.186,-51.0,0.124,-97.0,2.0,2.0,0.0,6.0,0.0,0.0,1,
Jeff Francoeur,28.0,KCR,AL,-2.2,148.0,603.0,561.0,58.0,132.0,26.0,3.0,16.0,49.0,4.0,7.0,34.0,119.0,0.235,0.287,0.378,0.665,80.0,0.284,71.0,212.0,14.0,7.0,0.0,1.0,9.0,*9/8HD,
Jeff Gray,30.0,MIN,AL,0.0,4.0,0.0,0.0,0.0,0.0,0.0,0.0,0.0,0.0,0.0,0.0,0.0,0.0,,,,,,,,0.0,0.0,0.0,0.0,0.0,0.0,1,
Jeff Karstens,29.0,PIT,NL,0.0,19.0,29.0,28.0,3.0,3.0,0.0,0.0,0.0,2.0,0.0,0.0,0.0,15.0,0.107,0.107,0.107,0.214,-40.0,0.129,-49.0,3.0,0.0,0.0,1.0,0.0,0.0,1,
Jeff Keppinger,32.0,TBR,AL,2.6,115.0,418.0,385.0,46.0,125.0,15.0,1.0,9.0,40.0,1.0,0.0,24.0,31.0,0.325,0.367,0.439,0.806,126.0,0.35,123.0,169.0,14.0,4.0,1.0,4.0,0.0,534DH,
Jeff Locke*,24.0,PIT,NL,-0.1,8.0,11.0,11.0,0.0,1.0,0.0,0.0,0.0,0.0,0.0,0.0,0.0,7.0,0.091,0.091,0.091,0.182,-49.0,0.082,-78.0,1.0,0.0,0.0,0.0,0.0,0.0,/1,
Jeff Manship,27.0,MIN,AL,0.0,2.0,0.0,0.0,0.0,0.0,0.0,0.0,0.0,0.0,0.0,0.0,0.0,0.0,,,,,,,,0.0,0.0,0.0,0.0,0.0,0.0,1,
Jeff Mathis,29.0,TOR,AL,0.7,70.0,227.0,211.0,25.0,46.0,13.0,0.0,8.0,27.0,1.0,0.0,9.0,68.0,0.218,0.249,0.393,0.642,72.0,0.278,62.0,83.0,2.0,0.0,6.0,1.0,0.0,2/H1D,
Jeff Samardzija,27.0,CHC,NL,-0.1,30.0,61.0,50.0,0.0,5.0,0.0,0.0,0.0,3.0,0.0,0.0,3.0,16.0,0.1,0.167,0.1,0.267,-25.0,0.151,-51.0,5.0,1.0,1.0,7.0,0.0,0.0,1/H,
Jeff Suppan,37.0,SDP,NL,0.0,8.0,14.0,10.0,0.0,1.0,0.0,0.0,0.0,0.0,0.0,0.0,1.0,1.0,0.1,0.182,0.1,0.282,-17.0,0.145,-61.0,1.0,0.0,0.0,3.0,0.0,0.0,/1H,
Jemile Weeks#,25.0,OAK,AL,-0.6,118.0,511.0,444.0,54.0,98.0,15.0,8.0,2.0,20.0,16.0,5.0,50.0,70.0,0.221,0.305,0.304,0.609,73.0,0.283,72.0,135.0,5.0,5.0,9.0,3.0,0.0,*4/HD,
Jenrry Mejía,22.0,NYM,NL,-0.1,5.0,5.0,3.0,0.0,0.0,0.0,0.0,0.0,1.0,0.0,0.0,0.0,2.0,0.0,0.0,0.0,0.0,-100.0,0.0,-297.0,0.0,0.0,0.0,2.0,0.0,0.0,/1,
Jered Weaver,29.0,LAA,AL,0.1,1.0,3.0,2.0,1.0,1.0,0.0,0.0,0.0,0.0,0.0,0.0,1.0,1.0,0.5,0.667,0.5,1.167,238.0,0.53,256.0,1.0,0.0,0.0,0.0,0.0,0.0,1,"AS,CYA-3,MVP-22"
Jeremy Accardo,30.0,CLE,AL,0.0,4.0,0.0,0.0,0.0,0.0,0.0,0.0,0.0,0.0,0.0,0.0,0.0,0.0,,,,,,,,0.0,0.0,0.0,0.0,0.0,0.0,1,
Jeremy Affeldt*,33.0,SFG,NL,0.0,62.0,1.0,1.0,0.0,0.0,0.0,0.0,0.0,0.0,0.0,0.0,0.0,0.0,0.0,0.0,0.0,0.0,-100.0,0.0,-127.0,0.0,0.0,0.0,0.0,0.0,0.0,1,
Jeremy Guthrie,33.0,COL,NL,-0.2,22.0,30.0,25.0,1.0,2.0,0.0,0.0,0.0,1.0,0.0,0.0,1.0,11.0,0.08,0.115,0.08,0.195,-49.0,0.131,-87.0,2.0,1.0,0.0,4.0,0.0,0.0,1/H,
Jeremy Hefner,26.0,NYM,NL,0.0,25.0,26.0,20.0,1.0,2.0,0.0,0.0,1.0,1.0,0.0,0.0,0.0,11.0,0.1,0.1,0.25,0.35,-7.0,0.148,-68.0,5.0,0.0,0.0,6.0,0.0,0.0,1,
Jeremy Hellickson,25.0,TBR,AL,0.0,1.0,2.0,1.0,0.0,0.0,0.0,0.0,0.0,0.0,0.0,0.0,0.0,0.0,0.0,0.0,0.0,0.0,-100.0,0.0,-373.0,0.0,0.0,0.0,1.0,0.0,0.0,1,GG
Jeremy Hermida*,28.0,SDP,NL,0.2,13.0,27.0,24.0,2.0,6.0,1.0,1.0,0.0,2.0,1.0,0.0,3.0,7.0,0.25,0.333,0.375,0.708,101.0,0.308,86.0,9.0,0.0,0.0,0.0,0.0,1.0,/H97,
Jeremy Horst*,26.0,PHI,NL,0.0,32.0,0.0,0.0,0.0,0.0,0.0,0.0,0.0,0.0,0.0,0.0,0.0,0.0,,,,,,,,0.0,0.0,0.0,0.0,0.0,0.0,1,
Jerome Williams,30.0,LAA,AL,0.0,1.0,4.0,4.0,1.0,1.0,1.0,0.0,0.0,0.0,0.0,0.0,0.0,0.0,0.25,0.25,0.5,0.75,105.0,0.311,96.0,2.0,0.0,0.0,0.0,0.0,0.0,1,
Jerry Blevins*,28.0,OAK,AL,0.0,3.0,0.0,0.0,0.0,0.0,0.0,0.0,0.0,0.0,0.0,0.0,0.0,0.0,,,,,,,,0.0,0.0,0.0,0.0,0.0,0.0,1,
Jerry Hairston,36.0,LAD,NL,0.8,78.0,267.0,238.0,19.0,65.0,13.0,1.0,4.0,26.0,1.0,2.0,23.0,27.0,0.273,0.342,0.387,0.729,102.0,0.328,104.0,92.0,7.0,3.0,1.0,2.0,2.0,547H/63D,
Jerry Sands,24.0,LAD,NL,-0.1,9.0,24.0,23.0,2.0,4.0,2.0,0.0,0.0,1.0,0.0,0.0,1.0,9.0,0.174,0.208,0.261,0.469,29.0,0.209,14.0,6.0,0.0,0.0,0.0,0.0,0.0,/7H39,
Jesse Chavez,28.0,TOR,AL,0.0,2.0,3.0,2.0,0.0,0.0,0.0,0.0,0.0,0.0,0.0,0.0,0.0,2.0,0.0,0.0,0.0,0.0,-100.0,0.0,-252.0,0.0,0.0,0.0,1.0,0.0,0.0,/1,
Jesse Crain,30.0,CHW,AL,0.0,5.0,0.0,0.0,0.0,0.0,0.0,0.0,0.0,0.0,0.0,0.0,0.0,0.0,,,,,,,,0.0,0.0,0.0,0.0,0.0,0.0,1,
Jesús Flores,27.0,WSN,NL,-0.6,83.0,296.0,277.0,22.0,59.0,12.0,1.0,6.0,26.0,1.0,2.0,13.0,59.0,0.213,0.248,0.329,0.577,55.0,0.256,45.0,91.0,6.0,1.0,2.0,3.0,3.0,2/H,
Jesús Guzmán,28.0,SDP,NL,1.0,120.0,321.0,287.0,32.0,71.0,18.0,2.0,9.0,48.0,3.0,3.0,29.0,71.0,0.247,0.319,0.418,0.737,107.0,0.325,108.0,120.0,2.0,2.0,1.0,2.0,3.0,7H3/94D,
Jesús Montero,22.0,SEA,AL,-0.1,135.0,553.0,515.0,46.0,134.0,20.0,0.0,15.0,62.0,0.0,2.0,29.0,99.0,0.26,0.298,0.386,0.685,94.0,0.301,92.0,199.0,15.0,2.0,0.0,7.0,4.0,D2/H,
Jeurys Familia,22.0,NYM,NL,0.0,8.0,1.0,1.0,0.0,0.0,0.0,0.0,0.0,0.0,0.0,0.0,0.0,1.0,0.0,0.0,0.0,0.0,-100.0,0.0,-136.0,0.0,0.0,0.0,0.0,0.0,0.0,/1,
Jhonatan Solano,26.0,WSN,NL,0.4,12.0,37.0,35.0,6.0,11.0,3.0,0.0,2.0,6.0,1.0,0.0,2.0,5.0,0.314,0.351,0.571,0.923,145.0,0.418,160.0,20.0,0.0,0.0,0.0,0.0,1.0,2/H,
Jhonny Peralta,30.0,DET,AL,1.1,150.0,585.0,531.0,58.0,127.0,32.0,3.0,13.0,63.0,1.0,2.0,49.0,105.0,0.239,0.305,0.384,0.689,84.0,0.306,82.0,204.0,20.0,2.0,1.0,2.0,3.0,*6/DH,
Jhoulys Chacín,24.0,COL,NL,0.4,14.0,26.0,24.0,4.0,7.0,2.0,0.0,0.0,3.0,0.0,0.0,1.0,3.0,0.292,0.32,0.375,0.695,77.0,0.337,90.0,9.0,0.0,0.0,1.0,0.0,0.0,1,
Jim Henderson*,29.0,MIL,NL,0.0,36.0,0.0,0.0,0.0,0.0,0.0,0.0,0.0,0.0,0.0,0.0,0.0,0.0,,,,,,,,0.0,0.0,0.0,0.0,0.0,0.0,1,
Jim Johnson,29.0,BAL,AL,0.0,4.0,0.0,0.0,0.0,0.0,0.0,0.0,0.0,0.0,0.0,0.0,0.0,0.0,,,,,,,,0.0,0.0,0.0,0.0,0.0,0.0,1,"AS,CYA-7,MVP-14"
Jim Miller,30.0,OAK,AL,0.0,2.0,0.0,0.0,0.0,0.0,0.0,0.0,0.0,0.0,0.0,0.0,0.0,0.0,,,,,,,,0.0,0.0,0.0,0.0,0.0,0.0,1,
Jim Thome*,41.0,2TM,2LG,0.5,58.0,186.0,163.0,17.0,41.0,7.0,0.0,8.0,25.0,0.0,0.0,22.0,61.0,0.252,0.344,0.442,0.786,112.0,0.345,111.0,72.0,6.0,1.0,0.0,0.0,3.0,DH/3,
Jim Thome*,41.0,PHI,NL,0.5,30.0,71.0,62.0,9.0,15.0,2.0,0.0,5.0,15.0,0.0,0.0,8.0,21.0,0.242,0.338,0.516,0.854,126.0,0.377,133.0,32.0,2.0,1.0,0.0,0.0,1.0,H/D3,
Jim Thome*,41.0,BAL,AL,0.0,28.0,115.0,101.0,8.0,26.0,5.0,0.0,3.0,10.0,0.0,0.0,14.0,40.0,0.257,0.348,0.396,0.744,103.0,0.325,98.0,40.0,4.0,0.0,0.0,0.0,2.0,D/H,
Jimmy Paredes#,23.0,HOU,NL,-0.7,24.0,82.0,74.0,7.0,14.0,1.0,1.0,0.0,3.0,2.0,1.0,6.0,21.0,0.189,0.244,0.23,0.474,30.0,0.225,22.0,17.0,0.0,0.0,0.0,2.0,0.0,9/4H7,
Jimmy Rollins#,33.0,PHI,NL,2.5,156.0,699.0,632.0,102.0,158.0,33.0,5.0,23.0,68.0,30.0,5.0,62.0,96.0,0.25,0.316,0.427,0.743,98.0,0.339,99.0,270.0,9.0,0.0,2.0,3.0,2.0,*6/H,GG
Joaquin Benoit,34.0,DET,AL,0.0,3.0,0.0,0.0,0.0,0.0,0.0,0.0,0.0,0.0,0.0,0.0,0.0,0.0,,,,,,,,0.0,0.0,0.0,0.0,0.0,0.0,1,
Joaquín Árias,27.0,SFG,NL,1.0,112.0,344.0,319.0,30.0,86.0,13.0,5.0,5.0,34.0,5.0,1.0,13.0,44.0,0.27,0.304,0.389,0.693,97.0,0.308,94.0,124.0,12.0,5.0,2.0,5.0,4.0,56H/4,
Joba Chamberlain,26.0,NYY,AL,0.0,2.0,0.0,0.0,0.0,0.0,0.0,0.0,0.0,0.0,0.0,0.0,0.0,0.0,,,,,,,,0.0,0.0,0.0,0.0,0.0,0.0,1,
Joe Blanton,31.0,2TM,NL,-0.3,29.0,66.0,55.0,0.0,4.0,0.0,0.0,0.0,1.0,0.0,0.0,3.0,26.0,0.073,0.136,0.073,0.208,-41.0,0.122,-72.0,4.0,0.0,1.0,7.0,0.0,0.0,1,
Joe Blanton,31.0,PHI,NL,-0.2,19.0,45.0,39.0,0.0,3.0,0.0,0.0,0.0,1.0,0.0,0.0,3.0,20.0,0.077,0.163,0.077,0.24,-32.0,0.126,-60.0,3.0,0.0,1.0,2.0,0.0,0.0,1,
Joe Blanton,31.0,LAD,NL,-0.1,10.0,21.0,16.0,0.0,1.0,0.0,0.0,0.0,0.0,0.0,0.0,0.0,6.0,0.063,0.063,0.063,0.125,-65.0,0.113,-105.0,1.0,0.0,0.0,5.0,0.0,0.0,1,
Joe Kelly,24.0,STL,NL,0.0,28.0,35.0,33.0,3.0,5.0,2.0,0.0,0.0,2.0,0.0,0.0,0.0,13.0,0.152,0.152,0.212,0.364,-1.0,0.152,-37.0,7.0,0.0,0.0,2.0,0.0,0.0,1/H,
Joe Mahoney*,25.0,BAL,AL,-0.1,2.0,4.0,4.0,0.0,0.0,0.0,0.0,0.0,0.0,0.0,0.0,0.0,0.0,0.0,0.0,0.0,0.0,-100.0,0.0,-140.0,0.0,0.0,0.0,0.0,0.0,0.0,/3,
Joe Martinez*,29.0,ARI,NL,0.0,1.0,0.0,0.0,0.0,0.0,0.0,0.0,0.0,0.0,0.0,0.0,0.0,0.0,,,,,,,,0.0,0.0,0.0,0.0,0.0,0.0,/1,
Joe Mather,29.0,CHC,NL,-2.0,103.0,243.0,225.0,18.0,47.0,11.0,0.0,5.0,19.0,5.0,2.0,14.0,46.0,0.209,0.256,0.324,0.581,56.0,0.263,48.0,73.0,4.0,1.0,1.0,2.0,1.0,H8759/31,
Joe Mauer*,29.0,MIN,AL,4.4,147.0,641.0,545.0,81.0,174.0,31.0,4.0,10.0,85.0,8.0,4.0,90.0,88.0,0.319,0.416,0.446,0.861,140.0,0.38,143.0,243.0,23.0,2.0,1.0,3.0,10.0,2D3/H,"AS,MVP-19"
Joe Nathan,37.0,TEX,AL,0.0,5.0,0.0,0.0,0.0,0.0,0.0,0.0,0.0,0.0,0.0,0.0,0.0,0.0,,,,,,,,0.0,0.0,0.0,0.0,0.0,0.0,1,AS
Joe Paterson,26.0,ARI,NL,0.0,6.0,0.0,0.0,0.0,0.0,0.0,0.0,0.0,0.0,0.0,0.0,0.0,0.0,,,,,,,,0.0,0.0,0.0,0.0,0.0,0.0,/1,
Joe Saunders*,31.0,ARI,NL,-0.1,19.0,46.0,35.0,1.0,3.0,0.0,0.0,0.0,1.0,0.0,0.0,3.0,7.0,0.086,0.154,0.086,0.24,-33.0,0.123,-84.0,3.0,0.0,0.0,7.0,1.0,0.0,1,
Joe Savery*,26.0,PHI,NL,0.0,16.0,2.0,2.0,0.0,0.0,0.0,0.0,0.0,0.0,0.0,0.0,0.0,1.0,0.0,0.0,0.0,0.0,-100.0,0.0,-145.0,0.0,0.0,0.0,0.0,0.0,0.0,1,
Joe Smith,28.0,CLE,AL,0.0,5.0,0.0,0.0,0.0,0.0,0.0,0.0,0.0,0.0,0.0,0.0,0.0,0.0,,,,,,,,0.0,0.0,0.0,0.0,0.0,0.0,1,
Joe Thatcher*,30.0,SDP,NL,0.0,51.0,0.0,0.0,0.0,0.0,0.0,0.0,0.0,0.0,0.0,0.0,0.0,0.0,,,,,,,,0.0,0.0,0.0,0.0,0.0,0.0,1,
Joe Wieland,22.0,SDP,NL,0.1,5.0,8.0,8.0,0.0,2.0,1.0,0.0,0.0,2.0,0.0,0.0,0.0,2.0,0.25,0.25,0.375,0.625,74.0,0.258,56.0,3.0,0.0,0.0,0.0,0.0,0.0,/1,
Joel Carreño,25.0,TOR,AL,0.0,1.0,1.0,1.0,0.0,0.0,0.0,0.0,0.0,0.0,0.0,0.0,0.0,0.0,0.0,0.0,0.0,0.0,-100.0,0.0,-145.0,0.0,0.0,0.0,0.0,0.0,0.0,1,
Joel Hanrahan,30.0,PIT,NL,0.0,60.0,0.0,0.0,0.0,0.0,0.0,0.0,0.0,0.0,0.0,0.0,0.0,0.0,,,,,,,,0.0,0.0,0.0,0.0,0.0,0.0,1,AS
Joel Peralta,36.0,TBR,AL,0.0,7.0,0.0,0.0,0.0,0.0,0.0,0.0,0.0,0.0,0.0,0.0,0.0,0.0,,,,,,,,0.0,0.0,0.0,0.0,0.0,0.0,1,
Joey Votto*,28.0,CIN,NL,5.9,111.0,475.0,374.0,59.0,126.0,44.0,0.0,14.0,56.0,5.0,3.0,94.0,85.0,0.337,0.474,0.567,1.041,177.0,0.444,183.0,212.0,8.0,5.0,0.0,2.0,18.0,*3/H,"AS,MVP-14"
Johan Santana*,33.0,NYM,NL,-0.3,19.0,40.0,35.0,0.0,3.0,0.0,0.0,0.0,0.0,0.0,0.0,0.0,14.0,0.086,0.086,0.086,0.171,-52.0,0.075,-109.0,3.0,0.0,0.0,5.0,0.0,0.0,1,
John Axford,29.0,MIL,NL,0.0,71.0,1.0,1.0,0.0,0.0,0.0,0.0,0.0,0.0,0.0,0.0,0.0,1.0,0.0,0.0,0.0,0.0,-100.0,0.0,-145.0,0.0,0.0,0.0,0.0,0.0,0.0,1,
John Baker*,31.0,SDP,NL,0.3,63.0,214.0,193.0,17.0,46.0,8.0,0.0,0.0,14.0,2.0,1.0,20.0,41.0,0.238,0.31,0.28,0.59,69.0,0.293,82.0,54.0,4.0,0.0,1.0,0.0,2.0,2/H,
John Buck,31.0,MIA,NL,0.7,106.0,398.0,343.0,29.0,66.0,15.0,1.0,12.0,41.0,0.0,0.0,49.0,103.0,0.192,0.297,0.347,0.644,73.0,0.292,69.0,119.0,8.0,3.0,1.0,2.0,5.0,2/H,
John Danks*,27.0,CHW,AL,0.0,1.0,3.0,3.0,0.0,0.0,0.0,0.0,0.0,0.0,0.0,0.0,0.0,0.0,0.0,0.0,0.0,0.0,-100.0,0.0,-141.0,0.0,0.0,0.0,0.0,0.0,0.0,/1,
John Ely,26.0,LAD,NL,0.0,2.0,0.0,0.0,0.0,0.0,0.0,0.0,0.0,0.0,0.0,0.0,0.0,0.0,,,,,,,,0.0,0.0,0.0,0.0,0.0,0.0,/1,
John Hester,28.0,LAA,AL,-0.1,39.0,95.0,85.0,14.0,18.0,1.0,0.0,3.0,4.0,0.0,0.0,8.0,25.0,0.212,0.287,0.329,0.617,74.0,0.294,84.0,28.0,1.0,1.0,1.0,0.0,0.0,2/H,
John Jaso*,28.0,SEA,AL,3.4,108.0,361.0,294.0,41.0,81.0,19.0,2.0,10.0,50.0,5.0,0.0,56.0,51.0,0.276,0.394,0.456,0.85,142.0,0.381,148.0,134.0,6.0,5.0,1.0,5.0,1.0,D2H,
John Lannan*,27.0,WSN,NL,0.0,6.0,11.0,9.0,0.0,1.0,0.0,0.0,0.0,0.0,0.0,0.0,1.0,4.0,0.111,0.2,0.111,0.311,-12.0,0.16,-39.0,1.0,0.0,0.0,1.0,0.0,0.0,/1,
John Mayberry,28.0,PHI,NL,0.9,149.0,479.0,441.0,53.0,108.0,24.0,0.0,14.0,46.0,1.0,0.0,34.0,111.0,0.245,0.301,0.395,0.695,86.0,0.328,95.0,174.0,17.0,2.0,0.0,2.0,2.0,*783H/9D,
John McDonald,37.0,ARI,NL,1.1,70.0,213.0,197.0,16.0,49.0,9.0,0.0,6.0,22.0,0.0,1.0,12.0,33.0,0.249,0.295,0.386,0.681,81.0,0.294,71.0,76.0,3.0,1.0,2.0,0.0,5.0,6H/54,
Johnny Cueto,26.0,CIN,NL,-0.4,32.0,84.0,67.0,3.0,6.0,1.0,0.0,0.0,2.0,0.0,0.0,0.0,24.0,0.09,0.09,0.104,0.194,-48.0,0.098,-119.0,7.0,0.0,0.0,17.0,0.0,0.0,1,"CYA-4,MVP-30"
Johnny Damon*,38.0,CLE,AL,0.3,64.0,224.0,207.0,25.0,46.0,6.0,2.0,4.0,19.0,4.0,0.0,17.0,27.0,0.222,0.281,0.329,0.61,72.0,0.281,71.0,68.0,0.0,0.0,0.0,0.0,0.0,7/HD,
Johnny Giavotella,24.0,KCR,AL,-0.5,53.0,189.0,181.0,21.0,43.0,7.0,1.0,1.0,15.0,3.0,0.0,8.0,35.0,0.238,0.27,0.304,0.574,57.0,0.271,56.0,55.0,4.0,0.0,0.0,0.0,0.0,4/HD,
Jon Jay*,27.0,STL,NL,3.3,117.0,502.0,443.0,70.0,135.0,22.0,4.0,4.0,40.0,19.0,7.0,34.0,71.0,0.305,0.373,0.4,0.773,113.0,0.355,119.0,177.0,9.0,15.0,9.0,1.0,3.0,*8/H,
Jon Lester*,28.0,BOS,AL,-0.1,2.0,6.0,5.0,0.0,0.0,0.0,0.0,0.0,0.0,0.0,0.0,0.0,3.0,0.0,0.0,0.0,0.0,-100.0,0.0,-193.0,0.0,1.0,0.0,1.0,0.0,0.0,1,
Jon Niese*,25.0,NYM,NL,0.6,28.0,68.0,55.0,8.0,12.0,0.0,0.0,0.0,2.0,0.0,0.0,6.0,19.0,0.218,0.295,0.218,0.513,46.0,0.241,32.0,12.0,0.0,0.0,7.0,0.0,0.0,1,
Jon Rauch,33.0,NYM,NL,0.0,68.0,0.0,0.0,0.0,0.0,0.0,0.0,0.0,0.0,0.0,0.0,0.0,0.0,,,,,,,,0.0,0.0,0.0,0.0,0.0,0.0,1,
Jonathan Albaladejo,29.0,ARI,NL,0.0,3.0,0.0,0.0,0.0,0.0,0.0,0.0,0.0,0.0,0.0,0.0,0.0,0.0,,,,,,,,0.0,0.0,0.0,0.0,0.0,0.0,/1,
Jonathan Broxton,28.0,2TM,2LG,0.0,29.0,0.0,0.0,0.0,0.0,0.0,0.0,0.0,0.0,0.0,0.0,0.0,0.0,,,,,,,,0.0,0.0,0.0,0.0,0.0,0.0,1,
Jonathan Broxton,28.0,KCR,AL,0.0,4.0,0.0,0.0,0.0,0.0,0.0,0.0,0.0,0.0,0.0,0.0,0.0,0.0,,,,,,,,0.0,0.0,0.0,0.0,0.0,0.0,1,
Jonathan Broxton,28.0,CIN,NL,0.0,25.0,0.0,0.0,0.0,0.0,0.0,0.0,0.0,0.0,0.0,0.0,0.0,0.0,,,,,,,,0.0,0.0,0.0,0.0,0.0,0.0,1,
Jonathan Herrera#,27.0,COL,NL,-0.4,86.0,251.0,225.0,29.0,59.0,9.0,1.0,3.0,12.0,4.0,1.0,16.0,39.0,0.262,0.317,0.351,0.668,70.0,0.307,65.0,79.0,5.0,2.0,7.0,0.0,3.0,64H5,
Jonathan Lucroy,26.0,MIL,NL,3.3,96.0,346.0,316.0,46.0,101.0,17.0,4.0,12.0,58.0,4.0,1.0,22.0,44.0,0.32,0.368,0.513,0.881,132.0,0.394,141.0,162.0,12.0,4.0,1.0,3.0,1.0,2H,
Jonathan Papelbon,31.0,PHI,NL,0.0,67.0,0.0,0.0,0.0,0.0,0.0,0.0,0.0,0.0,0.0,0.0,0.0,0.0,,,,,,,,0.0,0.0,0.0,0.0,0.0,0.0,1,AS
Jonathan Sánchez*,29.0,2TM,2LG,-0.1,4.0,5.0,5.0,0.0,0.0,0.0,0.0,0.0,0.0,0.0,0.0,0.0,5.0,0.0,0.0,0.0,0.0,-100.0,0.0,-148.0,0.0,0.0,0.0,0.0,0.0,0.0,1,
Jonathan Sánchez*,29.0,KCR,AL,0.0,1.0,2.0,2.0,0.0,0.0,0.0,0.0,0.0,0.0,0.0,0.0,0.0,2.0,0.0,0.0,0.0,0.0,-100.0,0.0,-135.0,0.0,0.0,0.0,0.0,0.0,0.0,1,
Jonathan Sánchez*,29.0,COL,NL,-0.1,3.0,3.0,3.0,0.0,0.0,0.0,0.0,0.0,0.0,0.0,0.0,0.0,3.0,0.0,0.0,0.0,0.0,-100.0,0.0,-158.0,0.0,0.0,0.0,0.0,0.0,0.0,/1,
Jonny Gomes,31.0,OAK,AL,1.8,99.0,333.0,279.0,46.0,73.0,10.0,0.0,18.0,47.0,3.0,1.0,44.0,104.0,0.262,0.377,0.491,0.868,142.0,0.376,143.0,137.0,2.0,8.0,1.0,1.0,2.0,D7H/9,
Jonny Venters*,27.0,ATL,NL,0.0,60.0,0.0,0.0,0.0,0.0,0.0,0.0,0.0,0.0,0.0,0.0,0.0,0.0,,,,,,,,0.0,0.0,0.0,0.0,0.0,0.0,1,
Jordan Danks*,25.0,CHW,AL,-0.3,50.0,75.0,67.0,12.0,15.0,1.0,0.0,1.0,4.0,3.0,1.0,6.0,16.0,0.224,0.28,0.284,0.564,54.0,0.253,41.0,19.0,1.0,0.0,0.0,2.0,0.0,7H8/9D,
Jordan Lyles,21.0,HOU,NL,0.2,24.0,46.0,38.0,3.0,6.0,1.0,0.0,1.0,4.0,0.0,0.0,1.0,18.0,0.158,0.179,0.263,0.443,19.0,0.216,0.0,10.0,0.0,0.0,7.0,0.0,0.0,1/H,
Jordan Norberto*,25.0,OAK,AL,0.0,2.0,0.0,0.0,0.0,0.0,0.0,0.0,0.0,0.0,0.0,0.0,0.0,0.0,,,,,,,,0.0,0.0,0.0,0.0,0.0,0.0,1,
Jordan Pacheco,26.0,COL,NL,-0.3,132.0,505.0,475.0,51.0,147.0,32.0,3.0,5.0,54.0,7.0,2.0,22.0,61.0,0.309,0.341,0.421,0.762,93.0,0.341,92.0,200.0,13.0,3.0,1.0,4.0,2.0,53/H2,ROY-6
Jordan Schafer*,25.0,HOU,NL,-0.7,106.0,360.0,313.0,40.0,66.0,10.0,2.0,4.0,23.0,27.0,9.0,36.0,106.0,0.211,0.297,0.294,0.591,62.0,0.285,61.0,92.0,3.0,3.0,6.0,1.0,3.0,8H,
Jordan Walden,24.0,LAA,AL,0.0,5.0,0.0,0.0,0.0,0.0,0.0,0.0,0.0,0.0,0.0,0.0,0.0,0.0,,,,,,,,0.0,0.0,0.0,0.0,0.0,0.0,1,
Jordan Zimmermann,26.0,WSN,NL,0.6,30.0,66.0,57.0,5.0,11.0,2.0,0.0,1.0,4.0,0.0,0.0,4.0,13.0,0.193,0.246,0.281,0.527,43.0,0.267,48.0,16.0,1.0,0.0,5.0,0.0,0.0,1,
Jordany Valdespin*,24.0,NYM,NL,-0.1,94.0,206.0,191.0,28.0,46.0,9.0,1.0,8.0,26.0,10.0,3.0,10.0,44.0,0.241,0.286,0.424,0.71,94.0,0.326,98.0,81.0,2.0,2.0,3.0,0.0,0.0,H7489/6D,
Jordy Mercer,25.0,PIT,NL,0.3,42.0,68.0,62.0,7.0,13.0,5.0,1.0,1.0,5.0,0.0,1.0,4.0,14.0,0.21,0.265,0.371,0.636,74.0,0.267,64.0,23.0,0.0,1.0,0.0,1.0,0.0,6H/45,
Jorge De La Rosa*,31.0,COL,NL,0.1,3.0,5.0,5.0,0.0,2.0,0.0,0.0,0.0,1.0,0.0,0.0,0.0,1.0,0.4,0.4,0.4,0.8,105.0,0.341,93.0,2.0,0.0,0.0,0.0,0.0,0.0,/1,
Jose Altuve,22.0,HOU,NL,1.4,147.0,630.0,576.0,80.0,167.0,34.0,4.0,7.0,37.0,33.0,11.0,40.0,74.0,0.29,0.34,0.399,0.74,101.0,0.346,108.0,230.0,8.0,6.0,4.0,4.0,0.0,*4/H,AS
Jose Iglesias,22.0,BOS,AL,0.3,25.0,77.0,68.0,5.0,8.0,2.0,0.0,1.0,2.0,1.0,0.0,4.0,16.0,0.118,0.2,0.191,0.391,7.0,0.188,-9.0,13.0,2.0,3.0,2.0,0.0,0.0,6/DH,
Jose Lobaton#,27.0,TBR,AL,-0.1,69.0,197.0,167.0,16.0,37.0,10.0,0.0,2.0,20.0,0.0,1.0,24.0,46.0,0.222,0.323,0.317,0.64,82.0,0.287,79.0,53.0,6.0,2.0,2.0,2.0,1.0,2/HD,
Jose Quintana,23.0,CHW,AL,0.0,2.0,5.0,3.0,0.0,0.0,0.0,0.0,0.0,0.0,0.0,0.0,1.0,3.0,0.0,0.25,0.0,0.25,-23.0,0.173,-44.0,0.0,0.0,0.0,1.0,0.0,0.0,1,
Josh Beckett,32.0,2TM,2LG,-0.2,9.0,22.0,21.0,0.0,1.0,0.0,0.0,0.0,0.0,0.0,0.0,0.0,12.0,0.048,0.048,0.048,0.095,-74.0,0.043,-119.0,1.0,0.0,0.0,1.0,0.0,0.0,1,
Josh Beckett,32.0,BOS,AL,0.0,2.0,5.0,5.0,0.0,1.0,0.0,0.0,0.0,0.0,0.0,0.0,0.0,3.0,0.2,0.2,0.2,0.4,9.0,0.179,-11.0,1.0,0.0,0.0,0.0,0.0,0.0,1,
Josh Beckett,32.0,LAD,NL,-0.2,7.0,17.0,16.0,0.0,0.0,0.0,0.0,0.0,0.0,0.0,0.0,0.0,9.0,0.0,0.0,0.0,0.0,-100.0,0.0,-153.0,0.0,0.0,0.0,1.0,0.0,0.0,/1,
Josh Bell#,25.0,ARI,NL,-0.4,21.0,56.0,52.0,3.0,9.0,2.0,0.0,1.0,4.0,0.0,0.0,4.0,14.0,0.173,0.232,0.269,0.501,34.0,0.218,12.0,14.0,3.0,0.0,0.0,0.0,1.0,5/H,
Josh Collmenter,26.0,ARI,NL,-0.1,27.0,23.0,16.0,1.0,1.0,0.0,0.0,0.0,2.0,0.0,0.0,1.0,5.0,0.063,0.118,0.063,0.18,-49.0,0.094,-140.0,1.0,0.0,0.0,6.0,0.0,0.0,1,
Josh Donaldson,26.0,OAK,AL,1.5,75.0,294.0,274.0,34.0,66.0,16.0,0.0,9.0,33.0,4.0,1.0,14.0,61.0,0.241,0.289,0.398,0.687,91.0,0.31,93.0,109.0,6.0,5.0,0.0,1.0,0.0,5/23,
Josh Edgin,25.0,NYM,NL,0.0,34.0,0.0,0.0,0.0,0.0,0.0,0.0,0.0,0.0,0.0,0.0,0.0,0.0,,,,,,,,0.0,0.0,0.0,0.0,0.0,0.0,1,
Josh Hamilton*,31.0,TEX,AL,4.0,148.0,636.0,562.0,103.0,160.0,31.0,2.0,43.0,128.0,7.0,4.0,60.0,162.0,0.285,0.354,0.577,0.93,141.0,0.385,137.0,324.0,9.0,5.0,0.0,9.0,13.0,*87D/9H,"AS,MVP-5,SS"
Josh Harrison,24.0,PIT,NL,-0.1,104.0,276.0,249.0,34.0,58.0,9.0,5.0,3.0,16.0,7.0,3.0,10.0,37.0,0.233,0.279,0.345,0.624,73.0,0.291,75.0,86.0,3.0,7.0,7.0,3.0,0.0,H4659/7D,
Josh Johnson*,28.0,MIA,NL,-0.2,29.0,60.0,53.0,2.0,5.0,0.0,0.0,0.0,2.0,0.0,0.0,2.0,34.0,0.094,0.127,0.094,0.222,-39.0,0.14,-55.0,5.0,0.0,0.0,5.0,0.0,0.0,1,
Josh Lindblom,25.0,2TM,NL,0.0,71.0,0.0,0.0,0.0,0.0,0.0,0.0,0.0,0.0,0.0,0.0,0.0,0.0,,,,,,,,0.0,0.0,0.0,0.0,0.0,0.0,1,
Josh Lindblom,25.0,LAD,NL,0.0,45.0,0.0,0.0,0.0,0.0,0.0,0.0,0.0,0.0,0.0,0.0,0.0,0.0,,,,,,,,0.0,0.0,0.0,0.0,0.0,0.0,1,
Josh Lindblom,25.0,PHI,NL,0.0,26.0,0.0,0.0,0.0,0.0,0.0,0.0,0.0,0.0,0.0,0.0,0.0,0.0,,,,,,,,0.0,0.0,0.0,0.0,0.0,0.0,1,
Josh Outman*,27.0,COL,NL,0.0,27.0,13.0,12.0,0.0,1.0,0.0,0.0,0.0,1.0,0.0,0.0,1.0,8.0,0.083,0.154,0.083,0.237,-37.0,0.123,-67.0,1.0,0.0,0.0,0.0,0.0,0.0,1/H,
Josh Reddick*,25.0,OAK,AL,4.6,156.0,673.0,611.0,85.0,148.0,29.0,5.0,32.0,85.0,11.0,1.0,55.0,151.0,0.242,0.305,0.463,0.768,112.0,0.334,110.0,283.0,15.0,2.0,1.0,4.0,8.0,*98D/H,"MVP-16,GG"
Josh Roenicke,29.0,COL,NL,-0.1,61.0,13.0,12.0,1.0,1.0,0.0,0.0,0.0,0.0,0.0,0.0,0.0,6.0,0.083,0.154,0.083,0.237,-37.0,0.125,-66.0,1.0,0.0,1.0,0.0,0.0,0.0,1,
Josh Rutledge,23.0,COL,NL,0.0,73.0,291.0,277.0,37.0,76.0,20.0,5.0,8.0,37.0,7.0,0.0,9.0,54.0,0.274,0.306,0.469,0.775,94.0,0.34,88.0,130.0,8.0,4.0,0.0,1.0,0.0,6H/4,
Josh Satin,27.0,NYM,NL,0.0,1.0,1.0,1.0,0.0,0.0,0.0,0.0,0.0,0.0,0.0,0.0,0.0,1.0,0.0,0.0,0.0,0.0,-100.0,0.0,-136.0,0.0,0.0,0.0,0.0,0.0,0.0,/H,
Josh Spence*,24.0,SDP,NL,0.0,11.0,0.0,0.0,0.0,0.0,0.0,0.0,0.0,0.0,0.0,0.0,0.0,0.0,,,,,,,,0.0,0.0,0.0,0.0,0.0,0.0,1,
Josh Stinson,24.0,MIL,NL,0.0,6.0,1.0,1.0,0.0,0.0,0.0,0.0,0.0,0.0,0.0,0.0,0.0,1.0,0.0,0.0,0.0,0.0,-100.0,0.0,-145.0,0.0,0.0,0.0,0.0,0.0,0.0,/1,
Josh Thole*,25.0,NYM,NL,-0.1,104.0,354.0,321.0,24.0,75.0,15.0,0.0,1.0,21.0,0.0,0.0,27.0,50.0,0.234,0.294,0.29,0.584,64.0,0.262,54.0,93.0,12.0,1.0,4.0,1.0,6.0,2H,
Josh Tomlin,27.0,CLE,AL,0.1,2.0,5.0,5.0,0.0,2.0,0.0,0.0,0.0,0.0,0.0,0.0,0.0,3.0,0.4,0.4,0.4,0.8,128.0,0.359,132.0,2.0,0.0,0.0,0.0,0.0,0.0,1,
Josh Vitters,22.0,CHC,NL,-1.3,36.0,109.0,99.0,7.0,12.0,2.0,0.0,2.0,5.0,2.0,0.0,7.0,33.0,0.121,0.193,0.202,0.395,7.0,0.205,3.0,20.0,6.0,2.0,0.0,1.0,0.0,5H,
Josh Wall,25.0,LAD,NL,0.0,7.0,0.0,0.0,0.0,0.0,0.0,0.0,0.0,0.0,0.0,0.0,0.0,0.0,,,,,,,,0.0,0.0,0.0,0.0,0.0,0.0,/1,
Josh Willingham,33.0,MIN,AL,3.3,145.0,615.0,519.0,85.0,135.0,30.0,1.0,35.0,110.0,3.0,2.0,76.0,141.0,0.26,0.366,0.524,0.89,143.0,0.384,146.0,272.0,15.0,14.0,0.0,6.0,4.0,*7D/H,SS
José Arredondo,28.0,CIN,NL,0.0,64.0,0.0,0.0,0.0,0.0,0.0,0.0,0.0,0.0,0.0,0.0,0.0,0.0,,,,,,,,0.0,0.0,0.0,0.0,0.0,0.0,1,
José Bautista,31.0,TOR,AL,3.8,92.0,399.0,332.0,64.0,80.0,14.0,0.0,27.0,65.0,5.0,2.0,59.0,63.0,0.241,0.358,0.527,0.886,138.0,0.392,147.0,175.0,11.0,4.0,0.0,4.0,2.0,9/3D5,AS
José Constanza*,28.0,ATL,NL,0.5,37.0,86.0,76.0,8.0,19.0,2.0,0.0,0.0,4.0,5.0,2.0,8.0,21.0,0.25,0.321,0.276,0.598,64.0,0.272,50.0,21.0,0.0,0.0,2.0,0.0,2.0,7H/8,
José Contreras,40.0,PHI,NL,0.0,17.0,0.0,0.0,0.0,0.0,0.0,0.0,0.0,0.0,0.0,0.0,0.0,0.0,,,,,,,,0.0,0.0,0.0,0.0,0.0,0.0,1,
José López,28.0,2TM,AL,0.2,81.0,248.0,236.0,18.0,58.0,14.0,0.0,4.0,28.0,0.0,1.0,9.0,41.0,0.246,0.27,0.356,0.626,74.0,0.29,81.0,84.0,9.0,0.0,0.0,3.0,0.0,53DH/49,
José López,28.0,CLE,AL,0.1,66.0,224.0,213.0,16.0,53.0,13.0,0.0,4.0,28.0,0.0,1.0,8.0,35.0,0.249,0.272,0.366,0.639,78.0,0.297,88.0,78.0,8.0,0.0,0.0,3.0,0.0,5D3/H49,
José López,28.0,CHW,AL,0.1,15.0,24.0,23.0,2.0,5.0,1.0,0.0,0.0,0.0,0.0,0.0,1.0,6.0,0.217,0.25,0.261,0.511,39.0,0.226,24.0,6.0,1.0,0.0,0.0,0.0,0.0,5/H3D,
José Mijares*,27.0,2TM,2LG,0.0,30.0,1.0,1.0,0.0,0.0,0.0,0.0,0.0,0.0,0.0,0.0,0.0,1.0,0.0,0.0,0.0,0.0,-100.0,0.0,-127.0,0.0,0.0,0.0,0.0,0.0,0.0,1,
José Mijares*,27.0,KCR,AL,0.0,3.0,0.0,0.0,0.0,0.0,0.0,0.0,0.0,0.0,0.0,0.0,0.0,0.0,,,,,,,,0.0,0.0,0.0,0.0,0.0,0.0,1,
José Mijares*,27.0,SFG,NL,0.0,27.0,1.0,1.0,0.0,0.0,0.0,0.0,0.0,0.0,0.0,0.0,0.0,1.0,0.0,0.0,0.0,0.0,-100.0,0.0,-127.0,0.0,0.0,0.0,0.0,0.0,0.0,1,
José Molina,37.0,TBR,AL,1.1,102.0,274.0,251.0,27.0,56.0,9.0,0.0,8.0,32.0,3.0,1.0,20.0,60.0,0.223,0.286,0.355,0.64,79.0,0.303,89.0,89.0,9.0,2.0,1.0,0.0,0.0,2/H,
José Ortega,23.0,DET,AL,0.0,1.0,0.0,0.0,0.0,0.0,0.0,0.0,0.0,0.0,0.0,0.0,0.0,0.0,,,,,,,,0.0,0.0,0.0,0.0,0.0,0.0,/1,
José Reyes#,29.0,MIA,NL,3.0,160.0,716.0,642.0,86.0,184.0,37.0,12.0,11.0,57.0,40.0,11.0,63.0,56.0,0.287,0.347,0.433,0.78,109.0,0.358,114.0,278.0,10.0,0.0,5.0,6.0,9.0,*6,
José Tábata,23.0,PIT,NL,-0.1,103.0,374.0,333.0,43.0,81.0,20.0,3.0,3.0,16.0,8.0,12.0,29.0,58.0,0.243,0.315,0.348,0.664,85.0,0.295,87.0,116.0,7.0,6.0,6.0,0.0,0.0,97H,
José Valdéz,29.0,HOU,NL,0.0,12.0,0.0,0.0,0.0,0.0,0.0,0.0,0.0,0.0,0.0,0.0,0.0,0.0,,,,,,,,0.0,0.0,0.0,0.0,0.0,0.0,1,
José Valverde,34.0,DET,AL,0.0,4.0,0.0,0.0,0.0,0.0,0.0,0.0,0.0,0.0,0.0,0.0,0.0,0.0,,,,,,,,0.0,0.0,0.0,0.0,0.0,0.0,1,
José Veras,31.0,MIL,NL,0.0,67.0,0.0,0.0,0.0,0.0,0.0,0.0,0.0,0.0,0.0,0.0,0.0,0.0,,,,,,,,0.0,0.0,0.0,0.0,0.0,0.0,1,
Juan Cruz,33.0,PIT,NL,0.0,40.0,0.0,0.0,0.0,0.0,0.0,0.0,0.0,0.0,0.0,0.0,0.0,0.0,,,,,,,,0.0,0.0,0.0,0.0,0.0,0.0,1,
Juan Díaz*,23.0,CLE,AL,-0.3,5.0,17.0,15.0,4.0,4.0,0.0,0.0,0.0,0.0,0.0,0.0,1.0,5.0,0.267,0.353,0.267,0.62,79.0,0.289,80.0,4.0,3.0,1.0,0.0,0.0,0.0,/6,
Juan Francisco*,25.0,ATL,NL,0.2,93.0,205.0,192.0,17.0,45.0,11.0,0.0,9.0,32.0,1.0,1.0,11.0,70.0,0.234,0.278,0.432,0.71,88.0,0.303,78.0,83.0,5.0,1.0,0.0,1.0,2.0,H5,
Juan Nicasio,25.0,COL,NL,0.0,11.0,21.0,18.0,0.0,2.0,0.0,0.0,0.0,1.0,0.0,0.0,2.0,13.0,0.111,0.2,0.111,0.311,-17.0,0.16,-48.0,2.0,0.0,0.0,1.0,0.0,0.0,1,
Juan Pierre*,34.0,PHI,NL,2.1,130.0,439.0,394.0,59.0,121.0,10.0,6.0,1.0,25.0,37.0,7.0,23.0,27.0,0.307,0.351,0.371,0.721,95.0,0.347,100.0,146.0,4.0,4.0,17.0,1.0,0.0,7H,
Juan Pérez,33.0,MIL,NL,0.0,9.0,1.0,1.0,0.0,0.0,0.0,0.0,0.0,0.0,0.0,0.0,0.0,1.0,0.0,0.0,0.0,0.0,-100.0,0.0,-145.0,0.0,0.0,0.0,0.0,0.0,0.0,1,
Juan Rivera,33.0,LAD,NL,-1.0,109.0,339.0,312.0,30.0,76.0,14.0,0.0,9.0,47.0,1.0,3.0,18.0,35.0,0.244,0.286,0.375,0.661,81.0,0.292,79.0,117.0,15.0,3.0,0.0,6.0,1.0,37H9/D,
Juan Uribe,33.0,LAD,NL,-0.3,66.0,179.0,162.0,15.0,31.0,9.0,0.0,2.0,17.0,0.0,1.0,13.0,37.0,0.191,0.258,0.284,0.542,50.0,0.242,40.0,46.0,6.0,2.0,1.0,1.0,0.0,5H/6,
Julio Teheran,21.0,ATL,NL,0.0,2.0,2.0,1.0,0.0,0.0,0.0,0.0,0.0,0.0,0.0,0.0,1.0,0.0,0.0,0.5,0.0,0.5,52.0,0.347,109.0,0.0,0.0,0.0,0.0,0.0,0.0,/1,
Jurickson Profar#,19.0,TEX,AL,-0.2,9.0,17.0,17.0,2.0,3.0,2.0,0.0,1.0,2.0,0.0,0.0,0.0,4.0,0.176,0.176,0.471,0.647,63.0,0.265,48.0,8.0,1.0,0.0,0.0,0.0,0.0,/46H,
Justin Christian,32.0,SFG,NL,-0.4,34.0,61.0,56.0,6.0,7.0,1.0,0.0,0.0,2.0,2.0,1.0,5.0,3.0,0.125,0.197,0.143,0.34,0.0,0.18,1.0,8.0,0.0,0.0,0.0,0.0,0.0,H7/9D8,
Justin De Fratus#,24.0,PHI,NL,0.0,13.0,0.0,0.0,0.0,0.0,0.0,0.0,0.0,0.0,0.0,0.0,0.0,0.0,,,,,,,,0.0,0.0,0.0,0.0,0.0,0.0,1,
Justin Germano,29.0,CHC,NL,0.0,13.0,24.0,17.0,1.0,1.0,0.0,0.0,0.0,0.0,0.0,0.0,1.0,10.0,0.059,0.111,0.059,0.17,-52.0,0.139,-90.0,1.0,0.0,0.0,6.0,0.0,0.0,1,
Justin Hampson*,32.0,NYM,NL,0.0,13.0,1.0,1.0,0.0,0.0,0.0,0.0,0.0,0.0,0.0,0.0,0.0,0.0,0.0,0.0,0.0,0.0,-100.0,0.0,-136.0,0.0,0.0,0.0,0.0,0.0,0.0,1,
Justin Masterson,27.0,CLE,AL,0.0,1.0,2.0,2.0,0.0,0.0,0.0,0.0,0.0,0.0,0.0,0.0,0.0,1.0,0.0,0.0,0.0,0.0,-100.0,0.0,-126.0,0.0,0.0,0.0,0.0,0.0,0.0,1,
Justin Maxwell,28.0,HOU,NL,2.2,124.0,352.0,315.0,46.0,72.0,13.0,3.0,18.0,53.0,9.0,4.0,32.0,114.0,0.229,0.304,0.46,0.764,104.0,0.347,111.0,145.0,6.0,3.0,0.0,2.0,0.0,87H9,
Justin Morneau*,31.0,MIN,AL,1.2,134.0,570.0,505.0,63.0,135.0,26.0,2.0,19.0,77.0,1.0,0.0,49.0,102.0,0.267,0.333,0.44,0.773,113.0,0.336,110.0,222.0,19.0,6.0,0.0,10.0,8.0,3D/H,
Justin Ruggiano,30.0,MIA,NL,2.3,91.0,320.0,288.0,38.0,90.0,23.0,1.0,13.0,36.0,14.0,8.0,29.0,84.0,0.313,0.374,0.535,0.909,142.0,0.396,147.0,154.0,6.0,0.0,1.0,1.0,0.0,879H,
Justin Sellers,26.0,LAD,NL,0.3,19.0,50.0,44.0,6.0,9.0,3.0,1.0,1.0,2.0,0.0,0.0,5.0,14.0,0.205,0.286,0.386,0.672,84.0,0.284,68.0,17.0,0.0,0.0,1.0,0.0,1.0,/654H,
Justin Smoak#,25.0,SEA,AL,-0.3,132.0,535.0,483.0,49.0,105.0,14.0,0.0,19.0,51.0,1.0,0.0,49.0,111.0,0.217,0.29,0.364,0.654,85.0,0.291,83.0,176.0,12.0,1.0,0.0,2.0,2.0,*3/D,
Justin Turner,27.0,NYM,NL,0.2,94.0,185.0,171.0,20.0,46.0,13.0,1.0,2.0,19.0,1.0,1.0,9.0,24.0,0.269,0.319,0.392,0.711,97.0,0.34,113.0,67.0,9.0,4.0,0.0,1.0,0.0,H4356,
Justin Upton,24.0,ARI,NL,2.4,150.0,628.0,554.0,107.0,155.0,24.0,4.0,17.0,67.0,18.0,8.0,63.0,121.0,0.28,0.355,0.43,0.785,110.0,0.348,110.0,238.0,7.0,5.0,0.0,6.0,5.0,*9/H,
Justin Verlander,29.0,DET,AL,-0.1,3.0,8.0,4.0,0.0,0.0,0.0,0.0,0.0,0.0,0.0,0.0,0.0,1.0,0.0,0.0,0.0,0.0,-100.0,0.0,-387.0,0.0,0.0,0.0,4.0,0.0,0.0,1,"AS,CYA-2,MVP-8"
Justin Wilson*,24.0,PIT,NL,0.0,8.0,0.0,0.0,0.0,0.0,0.0,0.0,0.0,0.0,0.0,0.0,0.0,0.0,,,,,,,,0.0,0.0,0.0,0.0,0.0,0.0,/1,
Kameron Loe,30.0,MIL,NL,0.0,66.0,1.0,0.0,0.0,0.0,0.0,0.0,0.0,0.0,0.0,0.0,0.0,0.0,,,,,,,,0.0,0.0,0.0,1.0,0.0,0.0,1,
Kelly Johnson*,30.0,TOR,AL,1.8,142.0,581.0,507.0,61.0,114.0,19.0,2.0,16.0,55.0,14.0,2.0,62.0,159.0,0.225,0.313,0.365,0.678,85.0,0.307,82.0,185.0,8.0,5.0,2.0,4.0,4.0,*4/HD,
Kelly Shoppach,32.0,2TM,2LG,1.5,76.0,245.0,219.0,23.0,51.0,14.0,2.0,8.0,27.0,1.0,0.0,16.0,89.0,0.233,0.309,0.425,0.733,98.0,0.323,96.0,93.0,2.0,8.0,2.0,0.0,3.0,2/HD,
Kelly Shoppach,32.0,BOS,AL,1.4,48.0,158.0,140.0,16.0,35.0,12.0,2.0,5.0,17.0,1.0,0.0,11.0,62.0,0.25,0.327,0.471,0.798,113.0,0.348,112.0,66.0,2.0,5.0,2.0,0.0,1.0,2/HD,
Kelly Shoppach,32.0,NYM,NL,0.1,28.0,87.0,79.0,7.0,16.0,2.0,0.0,3.0,10.0,0.0,0.0,5.0,27.0,0.203,0.276,0.342,0.618,71.0,0.279,66.0,27.0,0.0,3.0,0.0,0.0,2.0,2/H,
Kelvin Herrera,22.0,KCR,AL,0.0,4.0,0.0,0.0,0.0,0.0,0.0,0.0,0.0,0.0,0.0,0.0,0.0,0.0,,,,,,,,0.0,0.0,0.0,0.0,0.0,0.0,1,
Kendrys Morales#,29.0,LAA,AL,2.1,134.0,522.0,484.0,61.0,132.0,26.0,1.0,22.0,73.0,0.0,1.0,31.0,116.0,0.273,0.32,0.467,0.787,119.0,0.352,127.0,226.0,11.0,4.0,0.0,3.0,1.0,D3H,
Kenley Jansen#,24.0,LAD,NL,0.0,64.0,0.0,0.0,0.0,0.0,0.0,0.0,0.0,0.0,0.0,0.0,0.0,0.0,,,,,,,,0.0,0.0,0.0,0.0,0.0,0.0,1,
Kerry Wood,35.0,CHC,NL,0.0,10.0,1.0,1.0,0.0,0.0,0.0,0.0,0.0,0.0,0.0,0.0,0.0,1.0,0.0,0.0,0.0,0.0,-100.0,0.0,-145.0,0.0,0.0,0.0,0.0,0.0,0.0,1,
Kevin Correia,31.0,PIT,NL,-0.2,30.0,55.0,47.0,1.0,5.0,0.0,0.0,0.0,0.0,0.0,1.0,0.0,21.0,0.106,0.106,0.106,0.213,-40.0,0.103,-81.0,5.0,0.0,0.0,8.0,0.0,0.0,1,
Kevin Frandsen,30.0,PHI,NL,1.6,55.0,210.0,195.0,24.0,66.0,10.0,3.0,2.0,14.0,0.0,1.0,9.0,18.0,0.338,0.383,0.451,0.834,124.0,0.364,125.0,88.0,4.0,5.0,1.0,0.0,2.0,5/H,
Kevin Gregg,34.0,BAL,AL,0.0,2.0,0.0,0.0,0.0,0.0,0.0,0.0,0.0,0.0,0.0,0.0,0.0,0.0,,,,,,,,0.0,0.0,0.0,0.0,0.0,0.0,1,
Kevin Mattison*,26.0,MIA,NL,-0.2,3.0,5.0,5.0,0.0,0.0,0.0,0.0,0.0,0.0,0.0,0.0,0.0,2.0,0.0,0.0,0.0,0.0,-100.0,0.0,-145.0,0.0,0.0,0.0,0.0,0.0,0.0,/H7,
Kevin Millwood,37.0,SEA,AL,-0.1,2.0,5.0,5.0,0.0,0.0,0.0,0.0,0.0,0.0,0.0,0.0,0.0,4.0,0.0,0.0,0.0,0.0,-100.0,0.0,-130.0,0.0,0.0,0.0,0.0,0.0,0.0,1,
Kevin Youkilis,33.0,2TM,AL,1.7,122.0,509.0,438.0,72.0,103.0,15.0,2.0,19.0,60.0,0.0,0.0,51.0,108.0,0.235,0.336,0.409,0.745,101.0,0.332,102.0,179.0,10.0,17.0,0.0,3.0,2.0,*53/H,
Kevin Youkilis,33.0,BOS,AL,0.3,42.0,165.0,146.0,25.0,34.0,7.0,1.0,4.0,14.0,0.0,0.0,14.0,39.0,0.233,0.315,0.377,0.692,87.0,0.316,90.0,55.0,4.0,4.0,0.0,1.0,0.0,53/H,
Kevin Youkilis,33.0,CHW,AL,1.4,80.0,344.0,292.0,47.0,69.0,8.0,1.0,15.0,46.0,0.0,0.0,37.0,69.0,0.236,0.346,0.425,0.771,108.0,0.34,107.0,124.0,6.0,13.0,0.0,2.0,2.0,53,
Kila Ka'aihue*,28.0,OAK,AL,-0.2,39.0,139.0,128.0,13.0,30.0,9.0,0.0,4.0,14.0,1.0,0.0,10.0,28.0,0.234,0.295,0.398,0.693,93.0,0.31,93.0,51.0,6.0,1.0,0.0,0.0,0.0,3D/H,
Kip Wells,35.0,SDP,NL,0.0,8.0,14.0,12.0,1.0,1.0,0.0,0.0,0.0,0.0,0.0,0.0,0.0,5.0,0.083,0.154,0.083,0.237,-30.0,0.125,-52.0,1.0,0.0,1.0,1.0,0.0,0.0,/1H,
Kirk Nieuwenhuis*,24.0,NYM,NL,0.2,91.0,314.0,282.0,40.0,71.0,12.0,1.0,7.0,28.0,4.0,4.0,25.0,98.0,0.252,0.315,0.376,0.691,91.0,0.304,87.0,106.0,2.0,2.0,3.0,2.0,0.0,879H,
Koji Uehara,37.0,TEX,AL,0.0,2.0,0.0,0.0,0.0,0.0,0.0,0.0,0.0,0.0,0.0,0.0,0.0,0.0,,,,,,,,0.0,0.0,0.0,0.0,0.0,0.0,1,
Kole Calhoun*,24.0,LAA,AL,-0.1,21.0,25.0,23.0,2.0,4.0,1.0,0.0,0.0,1.0,1.0,0.0,2.0,6.0,0.174,0.24,0.217,0.457,31.0,0.199,3.0,5.0,0.0,0.0,0.0,0.0,1.0,9/H7D,
Konrad Schmidt,27.0,ARI,NL,-0.2,4.0,8.0,7.0,1.0,0.0,0.0,0.0,0.0,2.0,0.0,0.0,1.0,2.0,0.0,0.125,0.0,0.125,-62.0,0.087,-82.0,0.0,0.0,0.0,0.0,0.0,0.0,/2H,
Kosuke Fukudome*,35.0,CHW,AL,-0.2,24.0,51.0,41.0,2.0,7.0,1.0,0.0,0.0,4.0,0.0,1.0,8.0,9.0,0.171,0.294,0.195,0.489,37.0,0.227,32.0,8.0,0.0,0.0,0.0,2.0,0.0,H7/9D8,
Koyie Hill#,33.0,CHC,NL,-0.2,11.0,39.0,39.0,3.0,7.0,1.0,0.0,0.0,1.0,0.0,0.0,0.0,7.0,0.179,0.179,0.205,0.385,4.0,0.171,-18.0,8.0,0.0,0.0,0.0,0.0,0.0,2,
Kris Medlen#,26.0,ATL,NL,0.1,46.0,39.0,33.0,3.0,4.0,1.0,0.0,0.0,2.0,0.0,0.0,4.0,15.0,0.121,0.216,0.152,0.368,2.0,0.182,-17.0,5.0,0.0,0.0,2.0,0.0,0.0,1,MVP-20
Kristopher Negrón,26.0,CIN,NL,0.1,4.0,5.0,4.0,2.0,1.0,0.0,0.0,0.0,0.0,0.0,0.0,1.0,2.0,0.25,0.4,0.25,0.65,80.0,0.5,220.0,1.0,0.0,0.0,0.0,0.0,0.0,/H8,
Kurt Suzuki,28.0,2TM,2LG,0.3,118.0,442.0,408.0,36.0,96.0,20.0,0.0,6.0,43.0,2.0,0.0,20.0,73.0,0.235,0.276,0.328,0.605,67.0,0.268,58.0,134.0,5.0,5.0,4.0,5.0,3.0,*2/H,
Kurt Suzuki,28.0,OAK,AL,-0.1,75.0,278.0,262.0,19.0,57.0,15.0,0.0,1.0,18.0,1.0,0.0,9.0,53.0,0.218,0.25,0.286,0.536,51.0,0.24,42.0,75.0,3.0,3.0,2.0,2.0,0.0,2/H,
Kurt Suzuki,28.0,WSN,NL,0.4,43.0,164.0,146.0,17.0,39.0,5.0,0.0,5.0,25.0,1.0,0.0,11.0,20.0,0.267,0.321,0.404,0.725,95.0,0.317,87.0,59.0,2.0,2.0,2.0,3.0,3.0,2/H,
Kyle Blanks,25.0,SDP,NL,0.0,4.0,6.0,5.0,0.0,1.0,0.0,0.0,0.0,0.0,0.0,0.0,1.0,2.0,0.2,0.333,0.2,0.533,56.0,0.25,50.0,1.0,0.0,0.0,0.0,0.0,0.0,/H37,
Kyle Drabek,24.0,TOR,AL,0.0,1.0,2.0,2.0,0.0,0.0,0.0,0.0,0.0,0.0,0.0,0.0,0.0,1.0,0.0,0.0,0.0,0.0,-100.0,0.0,-135.0,0.0,0.0,0.0,0.0,0.0,0.0,1,
Kyle Kendrick,27.0,PHI,NL,0.2,35.0,45.0,36.0,2.0,5.0,2.0,0.0,0.0,0.0,0.0,0.0,3.0,19.0,0.139,0.205,0.194,0.4,9.0,0.187,-24.0,7.0,0.0,0.0,6.0,0.0,0.0,1,
Kyle Lohse,33.0,STL,NL,-0.4,33.0,79.0,64.0,4.0,6.0,1.0,0.0,0.0,3.0,0.0,0.0,2.0,19.0,0.094,0.119,0.109,0.229,-36.0,0.107,-92.0,7.0,2.0,0.0,12.0,1.0,0.0,1/H,CYA-7
Kyle McClellan,28.0,STL,NL,0.0,16.0,1.0,1.0,0.0,0.0,0.0,0.0,0.0,0.0,0.0,0.0,0.0,1.0,0.0,0.0,0.0,0.0,-100.0,0.0,-136.0,0.0,0.0,0.0,0.0,0.0,0.0,1,
Kyle McPherson,24.0,PIT,NL,0.0,10.0,6.0,5.0,0.0,0.0,0.0,0.0,0.0,0.0,0.0,0.0,1.0,3.0,0.0,0.167,0.0,0.167,-48.0,0.116,-53.0,0.0,0.0,0.0,0.0,0.0,0.0,1,
Kyle Seager*,24.0,SEA,AL,2.8,155.0,651.0,594.0,62.0,154.0,35.0,1.0,20.0,86.0,13.0,5.0,46.0,110.0,0.259,0.316,0.423,0.738,108.0,0.325,108.0,251.0,9.0,5.0,2.0,4.0,1.0,*54/DH,
Kyle Weiland*,25.0,HOU,NL,-0.1,4.0,6.0,5.0,1.0,0.0,0.0,0.0,0.0,0.0,0.0,0.0,0.0,1.0,0.0,0.0,0.0,0.0,-100.0,0.0,-191.0,0.0,0.0,0.0,1.0,0.0,0.0,/1H,
L.J. Hoes,22.0,BAL,AL,-0.1,2.0,1.0,1.0,0.0,0.0,0.0,0.0,0.0,0.0,0.0,0.0,0.0,0.0,0.0,0.0,0.0,0.0,-100.0,0.0,-145.0,0.0,0.0,0.0,0.0,0.0,0.0,/H7D,
Lance Berkman#,36.0,STL,NL,0.5,32.0,97.0,81.0,12.0,21.0,7.0,1.0,2.0,7.0,2.0,0.0,14.0,19.0,0.259,0.381,0.444,0.826,126.0,0.38,136.0,36.0,3.0,2.0,0.0,0.0,3.0,3H,
Lance Lynn#,25.0,STL,NL,-0.3,33.0,63.0,50.0,4.0,3.0,0.0,0.0,0.0,1.0,0.0,0.0,2.0,36.0,0.06,0.094,0.06,0.154,-56.0,0.111,-90.0,3.0,0.0,0.0,10.0,1.0,0.0,1,AS
Lars Anderson*,24.0,BOS,AL,-0.1,6.0,8.0,8.0,1.0,1.0,0.0,0.0,0.0,0.0,0.0,0.0,0.0,3.0,0.125,0.125,0.125,0.25,-32.0,0.112,-60.0,1.0,0.0,0.0,0.0,0.0,0.0,/7H3,
LaTroy Hawkins,39.0,LAA,AL,0.0,4.0,0.0,0.0,0.0,0.0,0.0,0.0,0.0,0.0,0.0,0.0,0.0,0.0,,,,,,,,0.0,0.0,0.0,0.0,0.0,0.0,1,
Laynce Nix*,31.0,PHI,NL,0.1,70.0,127.0,114.0,13.0,28.0,10.0,0.0,3.0,16.0,0.0,0.0,12.0,42.0,0.246,0.315,0.412,0.727,94.0,0.333,100.0,47.0,1.0,0.0,0.0,1.0,0.0,H739/8,
Lendy Castillo#,23.0,CHC,NL,0.0,13.0,0.0,0.0,0.0,0.0,0.0,0.0,0.0,0.0,0.0,0.0,0.0,0.0,,,,,,,,0.0,0.0,0.0,0.0,0.0,0.0,1,
Leonys Martín*,24.0,TEX,AL,-0.1,24.0,52.0,46.0,6.0,8.0,5.0,2.0,0.0,6.0,3.0,0.0,4.0,12.0,0.174,0.235,0.37,0.605,57.0,0.27,40.0,17.0,2.0,0.0,1.0,1.0,0.0,8/H7D,
Lew Ford,35.0,BAL,AL,0.0,25.0,79.0,71.0,7.0,13.0,3.0,0.0,3.0,4.0,1.0,0.0,7.0,13.0,0.183,0.256,0.352,0.609,64.0,0.27,55.0,25.0,3.0,0.0,1.0,0.0,0.0,7/D9H,
Leyson Séptimo*,26.0,CHW,AL,0.0,1.0,0.0,0.0,0.0,0.0,0.0,0.0,0.0,0.0,0.0,0.0,0.0,0.0,,,,,,,,0.0,0.0,0.0,0.0,0.0,0.0,1,
Liam Hendriks,23.0,MIN,AL,0.1,2.0,2.0,2.0,0.0,0.0,0.0,0.0,0.0,0.0,0.0,0.0,0.0,1.0,0.0,0.0,0.0,0.0,-100.0,0.45,191.0,0.0,0.0,0.0,0.0,0.0,0.0,1/H,
Liván Hernández,37.0,2TM,NL,0.0,44.0,5.0,4.0,0.0,0.0,0.0,0.0,0.0,0.0,0.0,0.0,1.0,1.0,0.0,0.2,0.0,0.2,-40.0,0.139,-45.0,0.0,0.0,0.0,0.0,0.0,0.0,1,
Liván Hernández,37.0,ATL,NL,0.1,18.0,2.0,1.0,0.0,0.0,0.0,0.0,0.0,0.0,0.0,0.0,1.0,0.0,0.0,0.5,0.0,0.5,52.0,0.347,109.0,0.0,0.0,0.0,0.0,0.0,0.0,1,
Liván Hernández,37.0,MIL,NL,0.0,26.0,3.0,3.0,0.0,0.0,0.0,0.0,0.0,0.0,0.0,0.0,0.0,1.0,0.0,0.0,0.0,0.0,-100.0,0.0,-148.0,0.0,0.0,0.0,0.0,0.0,0.0,1,
Logan Forsythe,25.0,SDP,NL,0.9,91.0,350.0,315.0,45.0,86.0,13.0,3.0,6.0,26.0,8.0,2.0,28.0,57.0,0.273,0.343,0.39,0.733,107.0,0.335,111.0,123.0,6.0,6.0,0.0,1.0,0.0,4H/65D,
Logan Morrison*,24.0,MIA,NL,-0.3,93.0,334.0,296.0,30.0,68.0,15.0,1.0,11.0,36.0,1.0,0.0,31.0,58.0,0.23,0.308,0.399,0.707,89.0,0.312,84.0,118.0,9.0,4.0,0.0,3.0,2.0,73H/D,
Logan Ondrusek,27.0,CIN,NL,0.0,59.0,0.0,0.0,0.0,0.0,0.0,0.0,0.0,0.0,0.0,0.0,0.0,0.0,,,,,,,,0.0,0.0,0.0,0.0,0.0,0.0,1,
Logan Schafer*,25.0,MIL,NL,0.2,16.0,25.0,23.0,3.0,7.0,1.0,2.0,0.0,5.0,0.0,1.0,1.0,3.0,0.304,0.32,0.522,0.842,120.0,0.33,109.0,12.0,0.0,0.0,0.0,1.0,0.0,/H879,
Lonnie Chisenhall*,23.0,CLE,AL,0.2,43.0,151.0,142.0,16.0,38.0,6.0,1.0,5.0,16.0,2.0,1.0,8.0,27.0,0.268,0.311,0.43,0.741,107.0,0.326,107.0,61.0,2.0,1.0,0.0,0.0,0.0,5D/H,
Lorenzo Cain,26.0,KCR,AL,1.7,61.0,244.0,222.0,27.0,59.0,9.0,2.0,7.0,31.0,10.0,0.0,15.0,56.0,0.266,0.316,0.419,0.734,98.0,0.342,103.0,93.0,4.0,3.0,0.0,4.0,0.0,8/9H7D,
Lou Marson,26.0,CLE,AL,0.3,70.0,235.0,195.0,27.0,44.0,8.0,2.0,0.0,13.0,4.0,2.0,36.0,44.0,0.226,0.348,0.287,0.635,83.0,0.306,92.0,56.0,10.0,1.0,2.0,1.0,0.0,2/HD,
Louis Coleman,26.0,KCR,AL,0.0,3.0,0.0,0.0,0.0,0.0,0.0,0.0,0.0,0.0,0.0,0.0,0.0,0.0,,,,,,,,0.0,0.0,0.0,0.0,0.0,0.0,1,
Lucas Duda*,26.0,NYM,NL,-1.1,121.0,459.0,401.0,43.0,96.0,15.0,0.0,15.0,57.0,1.0,0.0,51.0,120.0,0.239,0.329,0.389,0.718,99.0,0.32,97.0,156.0,5.0,4.0,0.0,3.0,0.0,97H/3D,
Lucas Harrell#,27.0,HOU,NL,-0.2,33.0,63.0,59.0,5.0,9.0,0.0,0.0,0.0,1.0,0.0,0.0,1.0,32.0,0.153,0.167,0.153,0.319,-12.0,0.14,-47.0,9.0,1.0,0.0,3.0,0.0,0.0,1/H,
Lucas Luetge*,25.0,SEA,AL,0.0,3.0,0.0,0.0,0.0,0.0,0.0,0.0,0.0,0.0,0.0,0.0,0.0,0.0,,,,,,,,0.0,0.0,0.0,0.0,0.0,0.0,1,
Luis Avilán*,22.0,ATL,NL,0.0,31.0,3.0,3.0,0.0,1.0,0.0,0.0,0.0,0.0,0.0,0.0,0.0,0.0,0.333,0.333,0.333,0.667,81.0,0.301,76.0,1.0,0.0,0.0,0.0,0.0,0.0,1,
Luis Ayala,34.0,BAL,AL,0.0,4.0,0.0,0.0,0.0,0.0,0.0,0.0,0.0,0.0,0.0,0.0,0.0,0.0,,,,,,,,0.0,0.0,0.0,0.0,0.0,0.0,1,
Luis Cruz,28.0,LAD,NL,2.3,78.0,296.0,283.0,26.0,84.0,20.0,0.0,6.0,40.0,2.0,1.0,9.0,34.0,0.297,0.322,0.431,0.753,106.0,0.335,107.0,122.0,7.0,2.0,1.0,1.0,1.0,56/H4,
Luis Exposito,25.0,BAL,AL,-0.2,9.0,22.0,18.0,2.0,1.0,0.0,0.0,0.0,0.0,0.0,0.0,3.0,5.0,0.056,0.19,0.056,0.246,-28.0,0.142,-43.0,1.0,0.0,0.0,0.0,0.0,0.0,/2,
Luis Hernández#,28.0,TEX,AL,0.0,2.0,2.0,2.0,0.0,0.0,0.0,0.0,0.0,0.0,0.0,0.0,0.0,0.0,0.0,0.0,0.0,0.0,-100.0,0.0,-143.0,0.0,0.0,0.0,0.0,0.0,0.0,/56,
Luis Jiménez*,30.0,SEA,AL,-0.3,7.0,18.0,17.0,0.0,1.0,0.0,0.0,0.0,0.0,0.0,0.0,1.0,4.0,0.059,0.111,0.059,0.17,-49.0,0.088,-65.0,1.0,0.0,0.0,0.0,0.0,0.0,/DH,
Luis Marte,25.0,DET,AL,0.0,3.0,1.0,1.0,0.0,0.0,0.0,0.0,0.0,0.0,0.0,0.0,0.0,0.0,0.0,0.0,0.0,0.0,-100.0,0.0,-145.0,0.0,0.0,0.0,0.0,0.0,0.0,1,
Luis Martinez,27.0,TEX,AL,-0.3,10.0,19.0,18.0,1.0,2.0,0.0,0.0,0.0,0.0,0.0,0.0,0.0,4.0,0.111,0.158,0.111,0.269,-26.0,0.133,-50.0,2.0,0.0,1.0,0.0,0.0,0.0,2,
Luis Mendoza,28.0,KCR,AL,0.0,1.0,2.0,2.0,0.0,0.0,0.0,0.0,0.0,0.0,0.0,0.0,0.0,2.0,0.0,0.0,0.0,0.0,-100.0,0.0,-135.0,0.0,0.0,0.0,0.0,0.0,0.0,1,
Luis Pérez*,27.0,TOR,AL,0.0,3.0,0.0,0.0,0.0,0.0,0.0,0.0,0.0,0.0,0.0,0.0,0.0,0.0,,,,,,,,0.0,0.0,0.0,0.0,0.0,0.0,1,
Luis Valbuena*,26.0,CHC,NL,0.4,90.0,303.0,265.0,26.0,58.0,20.0,0.0,4.0,28.0,0.0,2.0,36.0,55.0,0.219,0.31,0.34,0.65,76.0,0.294,74.0,90.0,6.0,0.0,0.0,2.0,1.0,5H/4,
Luke Carlin#,31.0,CLE,AL,0.2,4.0,14.0,14.0,2.0,3.0,1.0,0.0,0.0,1.0,1.0,0.0,0.0,3.0,0.214,0.214,0.286,0.5,40.0,0.427,169.0,4.0,1.0,0.0,0.0,0.0,0.0,/2,
Luke Gregerson*,28.0,SDP,NL,0.0,74.0,1.0,1.0,0.0,0.0,0.0,0.0,0.0,0.0,0.0,0.0,0.0,1.0,0.0,0.0,0.0,0.0,-100.0,0.0,-136.0,0.0,0.0,0.0,0.0,0.0,0.0,1,
Luke Hochevar,28.0,KCR,AL,0.0,2.0,5.0,5.0,0.0,1.0,0.0,0.0,0.0,0.0,0.0,0.0,0.0,1.0,0.2,0.2,0.2,0.4,10.0,0.179,-9.0,1.0,0.0,0.0,0.0,0.0,0.0,1,
Luke Hughes,27.0,2TM,AL,-0.4,8.0,24.0,23.0,0.0,3.0,0.0,0.0,0.0,2.0,1.0,0.0,0.0,10.0,0.13,0.125,0.13,0.255,-28.0,0.156,-27.0,3.0,0.0,0.0,0.0,1.0,0.0,/543H,
Luke Hughes,27.0,MIN,AL,0.0,4.0,11.0,10.0,0.0,2.0,0.0,0.0,0.0,2.0,1.0,0.0,0.0,4.0,0.2,0.182,0.2,0.382,6.0,0.258,37.0,2.0,0.0,0.0,0.0,1.0,0.0,/435H,
Luke Hughes,27.0,OAK,AL,-0.3,4.0,13.0,13.0,0.0,1.0,0.0,0.0,0.0,0.0,0.0,0.0,0.0,6.0,0.077,0.077,0.077,0.154,-56.0,0.069,-82.0,1.0,0.0,0.0,0.0,0.0,0.0,/5,
Luke Scott*,34.0,TBR,AL,0.3,96.0,344.0,314.0,35.0,72.0,22.0,1.0,14.0,55.0,5.0,0.0,21.0,80.0,0.229,0.285,0.439,0.724,100.0,0.317,97.0,138.0,9.0,5.0,0.0,4.0,3.0,DH/3,
Lyle Overbay*,35.0,2TM,NL,-0.1,65.0,131.0,116.0,12.0,30.0,10.0,0.0,2.0,10.0,0.0,0.0,13.0,34.0,0.259,0.331,0.397,0.727,95.0,0.316,87.0,46.0,4.0,0.0,0.0,1.0,2.0,H3/D,
Lyle Overbay*,35.0,ARI,NL,0.3,45.0,110.0,96.0,11.0,28.0,9.0,0.0,2.0,10.0,0.0,0.0,12.0,26.0,0.292,0.367,0.448,0.815,118.0,0.352,113.0,43.0,3.0,0.0,0.0,1.0,2.0,H3/D,
Lyle Overbay*,35.0,ATL,NL,-0.3,20.0,21.0,20.0,1.0,2.0,1.0,0.0,0.0,0.0,0.0,0.0,1.0,8.0,0.1,0.143,0.15,0.293,-21.0,0.136,-46.0,3.0,1.0,0.0,0.0,0.0,0.0,H/3,
Madison Bumgarner,22.0,SFG,NL,0.4,30.0,75.0,68.0,4.0,11.0,1.0,0.0,2.0,6.0,0.0,0.0,1.0,25.0,0.162,0.174,0.265,0.439,23.0,0.193,3.0,18.0,0.0,0.0,6.0,0.0,0.0,1,
Maicer Izturis#,31.0,LAA,AL,0.2,100.0,319.0,289.0,35.0,74.0,11.0,0.0,2.0,20.0,17.0,2.0,25.0,38.0,0.256,0.32,0.315,0.634,81.0,0.306,85.0,91.0,10.0,2.0,3.0,0.0,0.0,546H,
Maikel Cleto,23.0,STL,NL,0.0,9.0,1.0,1.0,0.0,0.0,0.0,0.0,0.0,0.0,0.0,0.0,0.0,1.0,0.0,0.0,0.0,0.0,-100.0,0.0,-136.0,0.0,0.0,0.0,0.0,0.0,0.0,/1,
Manny Acosta,31.0,NYM,NL,0.0,44.0,0.0,0.0,0.0,0.0,0.0,0.0,0.0,0.0,0.0,0.0,0.0,0.0,,,,,,,,0.0,0.0,0.0,0.0,0.0,0.0,1,
Manny Corpas,29.0,CHC,NL,0.0,44.0,1.0,1.0,0.0,0.0,0.0,0.0,0.0,0.0,0.0,0.0,0.0,1.0,0.0,0.0,0.0,0.0,-100.0,0.0,-145.0,0.0,0.0,0.0,0.0,0.0,0.0,1,
Manny Machado,19.0,BAL,AL,1.6,51.0,202.0,191.0,24.0,50.0,8.0,3.0,7.0,26.0,2.0,0.0,9.0,38.0,0.262,0.294,0.445,0.739,98.0,0.331,100.0,85.0,6.0,0.0,1.0,1.0,0.0,5,
Manny Parra*,29.0,MIL,NL,0.0,58.0,1.0,1.0,0.0,0.0,0.0,0.0,0.0,0.0,0.0,0.0,0.0,1.0,0.0,0.0,0.0,0.0,-100.0,0.0,-145.0,0.0,0.0,0.0,0.0,0.0,0.0,1,
Manny Piña,25.0,KCR,AL,-0.1,1.0,2.0,2.0,0.0,0.0,0.0,0.0,0.0,0.0,0.0,0.0,0.0,0.0,0.0,0.0,0.0,0.0,-100.0,0.0,-135.0,0.0,0.0,0.0,0.0,0.0,0.0,/2H,
Marc Rzepczynski*,26.0,STL,NL,0.0,68.0,0.0,0.0,0.0,0.0,0.0,0.0,0.0,0.0,0.0,0.0,0.0,0.0,,,,,,,,0.0,0.0,0.0,0.0,0.0,0.0,1,
Marco Estrada,28.0,MIL,NL,0.0,29.0,45.0,40.0,1.0,4.0,2.0,0.0,0.0,3.0,0.0,0.0,2.0,21.0,0.1,0.143,0.15,0.293,-22.0,0.158,-42.0,6.0,0.0,0.0,3.0,0.0,0.0,1,
Marco Scutaro,36.0,2TM,NL,2.2,156.0,683.0,620.0,87.0,190.0,32.0,4.0,7.0,74.0,9.0,4.0,40.0,49.0,0.306,0.348,0.405,0.753,100.0,0.339,102.0,251.0,12.0,4.0,10.0,9.0,0.0,*465/H,
Marco Scutaro,36.0,COL,NL,0.1,95.0,415.0,377.0,47.0,102.0,16.0,3.0,4.0,30.0,7.0,3.0,27.0,35.0,0.271,0.324,0.361,0.684,74.0,0.316,74.0,136.0,5.0,4.0,4.0,3.0,0.0,46,
Marco Scutaro,36.0,SFG,NL,2.1,61.0,268.0,243.0,40.0,88.0,16.0,1.0,3.0,44.0,2.0,1.0,13.0,14.0,0.362,0.385,0.473,0.859,144.0,0.376,146.0,115.0,7.0,0.0,6.0,6.0,0.0,45/H,
Mariano Rivera,42.0,NYY,AL,0.0,1.0,0.0,0.0,0.0,0.0,0.0,0.0,0.0,0.0,0.0,0.0,0.0,0.0,,,,,,,,0.0,0.0,0.0,0.0,0.0,0.0,/1,
Mark Buehrle*,33.0,MIA,NL,-0.7,30.0,71.0,67.0,2.0,3.0,1.0,0.0,0.0,1.0,0.0,0.0,0.0,29.0,0.045,0.045,0.06,0.104,-72.0,0.046,-124.0,4.0,1.0,0.0,4.0,0.0,0.0,1,GG
Mark DeRosa,37.0,WSN,NL,-0.6,48.0,101.0,85.0,13.0,16.0,5.0,0.0,0.0,6.0,1.0,0.0,14.0,18.0,0.188,0.3,0.247,0.547,51.0,0.271,53.0,21.0,3.0,0.0,1.0,1.0,0.0,H5/79346,
Mark Ellis,35.0,LAD,NL,2.6,110.0,464.0,415.0,62.0,107.0,21.0,1.0,7.0,31.0,5.0,0.0,40.0,70.0,0.258,0.333,0.364,0.697,93.0,0.324,97.0,151.0,5.0,7.0,2.0,0.0,0.0,*4/H,
Mark Kotsay*,36.0,SDP,NL,-0.2,82.0,156.0,143.0,9.0,37.0,8.0,0.0,2.0,14.0,0.0,2.0,11.0,14.0,0.259,0.314,0.357,0.671,90.0,0.295,88.0,51.0,2.0,1.0,0.0,1.0,1.0,H7/93,
Mark Lowe*,29.0,TEX,AL,0.0,2.0,0.0,0.0,0.0,0.0,0.0,0.0,0.0,0.0,0.0,0.0,0.0,0.0,,,,,,,,0.0,0.0,0.0,0.0,0.0,0.0,1,
Mark Melancon,27.0,BOS,AL,0.0,3.0,0.0,0.0,0.0,0.0,0.0,0.0,0.0,0.0,0.0,0.0,0.0,0.0,,,,,,,,0.0,0.0,0.0,0.0,0.0,0.0,1,
Mark Reynolds,28.0,BAL,AL,0.2,135.0,538.0,457.0,65.0,101.0,26.0,0.0,23.0,69.0,1.0,3.0,73.0,159.0,0.221,0.335,0.429,0.763,107.0,0.337,109.0,196.0,19.0,6.0,0.0,2.0,2.0,35D/H,
Mark Rogers,26.0,MIL,NL,0.1,8.0,16.0,14.0,1.0,3.0,2.0,0.0,0.0,0.0,0.0,0.0,0.0,5.0,0.214,0.214,0.357,0.571,49.0,0.237,16.0,5.0,0.0,0.0,2.0,0.0,0.0,/1H,
Mark Teixeira#,32.0,NYY,AL,3.8,123.0,524.0,451.0,66.0,113.0,27.0,1.0,24.0,84.0,2.0,1.0,54.0,83.0,0.251,0.332,0.475,0.807,115.0,0.353,117.0,214.0,11.0,7.0,0.0,12.0,1.0,*3/DH,GG
Mark Trumbo,26.0,LAA,AL,2.3,144.0,586.0,544.0,66.0,146.0,19.0,3.0,32.0,95.0,4.0,5.0,36.0,153.0,0.268,0.317,0.491,0.808,124.0,0.344,122.0,267.0,12.0,4.0,0.0,2.0,3.0,79D3/5H,AS
Marlon Byrd,34.0,2TM,2LG,-0.6,47.0,153.0,143.0,10.0,30.0,2.0,0.0,1.0,9.0,0.0,3.0,5.0,31.0,0.21,0.243,0.245,0.488,33.0,0.241,41.0,35.0,3.0,2.0,1.0,2.0,1.0,8/9H,
Marlon Byrd,34.0,CHC,NL,-0.4,13.0,47.0,43.0,1.0,3.0,0.0,0.0,0.0,2.0,0.0,1.0,3.0,10.0,0.07,0.149,0.07,0.219,-38.0,0.173,-12.0,3.0,2.0,1.0,0.0,0.0,1.0,8,
Marlon Byrd,34.0,BOS,AL,-0.2,34.0,106.0,100.0,9.0,27.0,2.0,0.0,1.0,7.0,0.0,2.0,2.0,21.0,0.27,0.286,0.32,0.606,64.0,0.271,63.0,32.0,1.0,1.0,1.0,2.0,0.0,8/9H,
Martín Maldonado,25.0,MIL,NL,1.6,78.0,256.0,233.0,22.0,62.0,9.0,0.0,8.0,30.0,1.0,1.0,17.0,56.0,0.266,0.321,0.408,0.729,93.0,0.33,96.0,95.0,5.0,2.0,4.0,0.0,0.0,2H/3,
Martín Prado,28.0,ATL,NL,5.4,156.0,690.0,617.0,81.0,186.0,42.0,6.0,10.0,70.0,17.0,4.0,58.0,69.0,0.301,0.359,0.438,0.796,114.0,0.36,117.0,270.0,19.0,2.0,4.0,9.0,2.0,*7564/3H,MVP-20
Marwin González#,23.0,HOU,NL,-0.1,80.0,219.0,205.0,21.0,48.0,13.0,0.0,2.0,12.0,3.0,3.0,13.0,29.0,0.234,0.28,0.327,0.607,65.0,0.283,67.0,67.0,9.0,0.0,1.0,0.0,0.0,6H5/4,
Mat Gamel*,26.0,MIL,NL,0.0,21.0,75.0,69.0,10.0,17.0,2.0,1.0,1.0,6.0,3.0,0.0,4.0,15.0,0.246,0.293,0.348,0.641,70.0,0.295,62.0,24.0,0.0,1.0,0.0,1.0,0.0,3/5H,
Mat Latos,24.0,CIN,NL,0.4,32.0,80.0,65.0,2.0,12.0,1.0,0.0,1.0,4.0,0.0,0.0,3.0,32.0,0.185,0.229,0.246,0.475,27.0,0.216,-1.0,16.0,0.0,1.0,10.0,1.0,0.0,1,
Matt Adams*,23.0,STL,NL,-0.1,27.0,91.0,86.0,8.0,21.0,6.0,0.0,2.0,13.0,0.0,0.0,5.0,24.0,0.244,0.286,0.384,0.669,82.0,0.292,73.0,33.0,3.0,0.0,0.0,0.0,0.0,3/H,
Matt Albers*,29.0,2TM,2LG,0.0,26.0,0.0,0.0,0.0,0.0,0.0,0.0,0.0,0.0,0.0,0.0,0.0,0.0,,,,,,,,0.0,0.0,0.0,0.0,0.0,0.0,1,
Matt Albers*,29.0,BOS,AL,0.0,3.0,0.0,0.0,0.0,0.0,0.0,0.0,0.0,0.0,0.0,0.0,0.0,0.0,,,,,,,,0.0,0.0,0.0,0.0,0.0,0.0,1,
Matt Albers*,29.0,ARI,NL,0.0,23.0,0.0,0.0,0.0,0.0,0.0,0.0,0.0,0.0,0.0,0.0,0.0,0.0,,,,,,,,0.0,0.0,0.0,0.0,0.0,0.0,1,
Matt Belisle,32.0,COL,NL,-0.1,77.0,3.0,3.0,0.0,0.0,0.0,0.0,0.0,0.0,0.0,0.0,0.0,1.0,0.0,0.0,0.0,0.0,-100.0,0.0,-158.0,0.0,0.0,0.0,0.0,0.0,0.0,1,
Matt Cain,27.0,SFG,NL,0.6,33.0,84.0,74.0,6.0,13.0,2.0,0.0,1.0,6.0,0.0,0.0,2.0,33.0,0.176,0.197,0.243,0.441,25.0,0.23,32.0,18.0,0.0,0.0,8.0,0.0,0.0,1/H,"AS,CYA-6"
Matt Capps,28.0,MIN,AL,0.0,2.0,0.0,0.0,0.0,0.0,0.0,0.0,0.0,0.0,0.0,0.0,0.0,0.0,,,,,,,,0.0,0.0,0.0,0.0,0.0,0.0,1,
Matt Carpenter*,26.0,STL,NL,1.1,114.0,340.0,296.0,44.0,87.0,22.0,5.0,6.0,46.0,1.0,1.0,34.0,63.0,0.294,0.365,0.463,0.828,125.0,0.357,122.0,137.0,10.0,3.0,0.0,7.0,2.0,3H59/74,ROY-6
Matt Carson,30.0,MIN,AL,0.1,26.0,69.0,66.0,3.0,15.0,1.0,0.0,0.0,4.0,0.0,0.0,2.0,21.0,0.227,0.246,0.242,0.489,37.0,0.245,43.0,16.0,0.0,0.0,0.0,1.0,0.0,7/9HD,
Matt Diaz,34.0,ATL,NL,-0.8,51.0,118.0,108.0,10.0,24.0,6.0,0.0,2.0,13.0,0.0,0.0,9.0,21.0,0.222,0.28,0.333,0.613,65.0,0.284,63.0,36.0,4.0,0.0,0.0,1.0,1.0,H7/9D,
Matt Dominguez,22.0,HOU,NL,0.5,31.0,113.0,109.0,14.0,31.0,2.0,2.0,5.0,16.0,0.0,0.0,4.0,17.0,0.284,0.31,0.477,0.787,110.0,0.351,115.0,52.0,4.0,0.0,0.0,0.0,1.0,5,
Matt Downs,28.0,HOU,NL,-1.1,91.0,191.0,178.0,15.0,36.0,4.0,1.0,8.0,16.0,2.0,4.0,8.0,38.0,0.202,0.253,0.371,0.623,67.0,0.266,58.0,66.0,5.0,4.0,1.0,0.0,1.0,H359/476,
Matt Garza,28.0,CHC,NL,-0.3,17.0,34.0,30.0,0.0,2.0,1.0,0.0,0.0,0.0,0.0,0.0,0.0,23.0,0.067,0.067,0.1,0.167,-56.0,0.072,-117.0,3.0,0.0,0.0,4.0,0.0,0.0,1,
Matt Guerrier,33.0,LAD,NL,0.0,16.0,0.0,0.0,0.0,0.0,0.0,0.0,0.0,0.0,0.0,0.0,0.0,0.0,,,,,,,,0.0,0.0,0.0,0.0,0.0,0.0,1,
Matt Hague,26.0,PIT,NL,-0.4,30.0,74.0,70.0,5.0,16.0,2.0,0.0,0.0,7.0,1.0,0.0,3.0,14.0,0.229,0.27,0.257,0.527,48.0,0.243,39.0,18.0,1.0,1.0,0.0,0.0,0.0,3H/D,
Matt Harrison*,26.0,TEX,AL,-0.2,3.0,7.0,5.0,0.0,0.0,0.0,0.0,0.0,0.0,0.0,0.0,0.0,3.0,0.0,0.0,0.0,0.0,-100.0,0.0,-246.0,0.0,1.0,0.0,2.0,0.0,0.0,1/H,"AS,CYA-8"
Matt Harvey,23.0,NYM,NL,0.3,10.0,21.0,18.0,0.0,6.0,2.0,0.0,0.0,3.0,0.0,0.0,0.0,7.0,0.333,0.333,0.444,0.778,114.0,0.34,114.0,8.0,0.0,0.0,3.0,0.0,0.0,1,
Matt Holliday,32.0,STL,NL,4.0,157.0,688.0,599.0,95.0,177.0,36.0,2.0,27.0,102.0,4.0,4.0,75.0,132.0,0.295,0.379,0.497,0.877,138.0,0.385,143.0,298.0,16.0,9.0,0.0,5.0,3.0,*7/HD,"AS,MVP-11"
Matt Joyce*,27.0,TBR,AL,2.1,124.0,462.0,399.0,55.0,96.0,18.0,3.0,17.0,59.0,4.0,3.0,55.0,102.0,0.241,0.341,0.429,0.769,115.0,0.336,114.0,171.0,10.0,6.0,1.0,1.0,4.0,*97H/D,
Matt Kemp,27.0,LAD,NL,2.8,106.0,449.0,403.0,74.0,122.0,22.0,2.0,23.0,69.0,9.0,4.0,40.0,103.0,0.303,0.367,0.538,0.906,147.0,0.387,146.0,217.0,10.0,3.0,0.0,3.0,8.0,8/H,AS
Matt LaPorta,27.0,CLE,AL,-0.4,22.0,60.0,58.0,2.0,14.0,2.0,0.0,1.0,5.0,0.0,0.0,1.0,17.0,0.241,0.267,0.328,0.594,67.0,0.272,68.0,19.0,1.0,1.0,0.0,0.0,0.0,3D/H,
Matt Lindstrom,32.0,ARI,NL,0.0,12.0,0.0,0.0,0.0,0.0,0.0,0.0,0.0,0.0,0.0,0.0,0.0,0.0,,,,,,,,0.0,0.0,0.0,0.0,0.0,0.0,1,
Matt McBride,27.0,COL,NL,-1.1,31.0,81.0,78.0,8.0,16.0,2.0,0.0,2.0,11.0,0.0,0.0,1.0,17.0,0.205,0.222,0.308,0.53,33.0,0.233,14.0,24.0,4.0,1.0,0.0,1.0,0.0,H9/3,
Matt Moore*,23.0,TBR,AL,-0.1,2.0,5.0,4.0,0.0,0.0,0.0,0.0,0.0,1.0,0.0,0.0,0.0,2.0,0.0,0.0,0.0,0.0,-100.0,0.0,-191.0,0.0,0.0,0.0,1.0,0.0,0.0,1,
Matt Palmer,33.0,SDP,NL,0.0,3.0,0.0,0.0,0.0,0.0,0.0,0.0,0.0,0.0,0.0,0.0,0.0,0.0,,,,,,,,0.0,0.0,0.0,0.0,0.0,0.0,/1,
Matt Reynolds*,27.0,COL,NL,-0.1,68.0,4.0,3.0,0.0,0.0,0.0,0.0,0.0,0.0,0.0,0.0,0.0,2.0,0.0,0.0,0.0,0.0,-100.0,0.0,-242.0,0.0,0.0,0.0,1.0,0.0,0.0,1,
Matt Thornton*,35.0,CHW,AL,0.0,6.0,0.0,0.0,0.0,0.0,0.0,0.0,0.0,0.0,0.0,0.0,0.0,0.0,,,,,,,,0.0,0.0,0.0,0.0,0.0,0.0,1,
Matt Treanor,36.0,LAD,NL,-0.4,36.0,122.0,103.0,11.0,18.0,3.0,1.0,2.0,10.0,1.0,1.0,14.0,29.0,0.175,0.281,0.282,0.563,57.0,0.255,49.0,29.0,2.0,2.0,1.0,2.0,2.0,2/H,
Matt Wieters#,26.0,BAL,AL,4.1,144.0,593.0,526.0,67.0,131.0,27.0,1.0,23.0,83.0,3.0,0.0,60.0,112.0,0.249,0.329,0.435,0.764,107.0,0.336,105.0,229.0,17.0,4.0,0.0,3.0,4.0,*2/DH,"AS,MVP-21,GG"
Matt Young*,29.0,DET,AL,-0.1,5.0,11.0,10.0,2.0,1.0,1.0,0.0,0.0,1.0,0.0,0.0,0.0,9.0,0.1,0.182,0.2,0.382,3.0,0.179,-12.0,2.0,0.0,1.0,0.0,0.0,0.0,/74H9,
Mauro Gómez,27.0,BOS,AL,-0.1,37.0,111.0,102.0,14.0,28.0,5.0,2.0,2.0,17.0,0.0,0.0,8.0,26.0,0.275,0.324,0.422,0.746,100.0,0.331,100.0,43.0,4.0,0.0,0.0,1.0,0.0,3H/5D,
Max Scherzer,27.0,DET,AL,-0.1,2.0,4.0,2.0,0.0,0.0,0.0,0.0,0.0,0.0,0.0,0.0,0.0,1.0,0.0,0.0,0.0,0.0,-100.0,0.0,-378.0,0.0,0.0,0.0,2.0,0.0,0.0,1,
Melky Cabrera#,27.0,SFG,NL,4.8,113.0,501.0,459.0,84.0,159.0,25.0,10.0,11.0,60.0,13.0,5.0,36.0,63.0,0.346,0.39,0.516,0.906,157.0,0.399,162.0,237.0,8.0,0.0,1.0,5.0,4.0,*79/H,AS
Melky Mesa,25.0,NYY,AL,0.0,3.0,2.0,2.0,0.0,1.0,0.0,0.0,0.0,1.0,0.0,0.0,0.0,0.0,0.5,0.5,0.5,1.0,173.0,0.449,187.0,1.0,0.0,0.0,0.0,0.0,0.0,/H8D,
Micah Owings,29.0,SDP,NL,0.0,6.0,2.0,2.0,0.0,0.0,0.0,0.0,0.0,0.0,0.0,0.0,0.0,2.0,0.0,0.0,0.0,0.0,-100.0,0.0,-132.0,0.0,0.0,0.0,0.0,0.0,0.0,/1,
Michael Bourn*,29.0,ATL,NL,6.0,155.0,703.0,624.0,96.0,171.0,26.0,10.0,9.0,57.0,42.0,13.0,70.0,155.0,0.274,0.348,0.391,0.739,99.0,0.34,101.0,244.0,2.0,3.0,2.0,4.0,1.0,*8/H,"AS,MVP-18"
Michael Bowden,25.0,CHC,NL,0.0,30.0,2.0,2.0,0.0,0.0,0.0,0.0,0.0,0.0,0.0,0.0,0.0,2.0,0.0,0.0,0.0,0.0,-100.0,0.0,-145.0,0.0,0.0,0.0,0.0,0.0,0.0,1,
Michael Brantley*,25.0,CLE,AL,3.3,149.0,609.0,552.0,63.0,159.0,37.0,4.0,6.0,60.0,12.0,9.0,53.0,56.0,0.288,0.348,0.402,0.75,112.0,0.326,109.0,222.0,7.0,0.0,0.0,4.0,12.0,*8/HD,
Michael Cuddyer,33.0,COL,NL,0.6,101.0,394.0,358.0,53.0,93.0,30.0,2.0,16.0,58.0,8.0,3.0,32.0,78.0,0.26,0.317,0.489,0.806,102.0,0.374,116.0,175.0,12.0,0.0,0.0,4.0,1.0,93/H,
Michael Martínez#,29.0,PHI,NL,-0.2,45.0,122.0,115.0,10.0,20.0,3.0,0.0,2.0,7.0,0.0,0.0,5.0,21.0,0.174,0.208,0.252,0.461,24.0,0.22,13.0,29.0,4.0,0.0,2.0,0.0,2.0,45/6H987,
Michael McKenry,27.0,PIT,NL,1.6,88.0,275.0,240.0,25.0,56.0,14.0,0.0,12.0,39.0,0.0,0.0,29.0,73.0,0.233,0.32,0.442,0.762,109.0,0.344,115.0,106.0,7.0,3.0,0.0,3.0,1.0,2H,
Michael Saunders*,25.0,SEA,AL,2.5,139.0,553.0,507.0,71.0,125.0,31.0,3.0,19.0,57.0,21.0,4.0,43.0,132.0,0.247,0.306,0.432,0.738,108.0,0.335,112.0,219.0,6.0,1.0,1.0,1.0,0.0,*87/H9,
Michael Schwimer,26.0,PHI,NL,0.0,31.0,0.0,0.0,0.0,0.0,0.0,0.0,0.0,0.0,0.0,0.0,0.0,0.0,,,,,,,,0.0,0.0,0.0,0.0,0.0,0.0,1,
Michael Stutes,25.0,PHI,NL,0.0,6.0,0.0,0.0,0.0,0.0,0.0,0.0,0.0,0.0,0.0,0.0,0.0,0.0,,,,,,,,0.0,0.0,0.0,0.0,0.0,0.0,/1,
Michael Taylor,26.0,OAK,AL,0.0,6.0,21.0,21.0,2.0,3.0,1.0,0.0,0.0,0.0,0.0,0.0,0.0,10.0,0.143,0.143,0.19,0.333,-7.0,0.145,-27.0,4.0,1.0,0.0,0.0,0.0,0.0,/97H,
Michael Young,35.0,TEX,AL,-1.7,156.0,651.0,611.0,79.0,169.0,27.0,3.0,8.0,67.0,2.0,2.0,33.0,70.0,0.277,0.312,0.37,0.682,80.0,0.311,82.0,226.0,26.0,1.0,0.0,6.0,3.0,D354/6H,
Mickey Storey,26.0,HOU,NL,0.0,26.0,0.0,0.0,0.0,0.0,0.0,0.0,0.0,0.0,0.0,0.0,0.0,0.0,,,,,,,,0.0,0.0,0.0,0.0,0.0,0.0,1,
Miguel Batista,41.0,2TM,NL,-0.1,31.0,7.0,6.0,0.0,0.0,0.0,0.0,0.0,0.0,0.0,0.0,0.0,4.0,0.0,0.0,0.0,0.0,-100.0,0.0,-177.0,0.0,0.0,0.0,1.0,0.0,0.0,1,
Miguel Batista,41.0,NYM,NL,-0.1,26.0,7.0,6.0,0.0,0.0,0.0,0.0,0.0,0.0,0.0,0.0,0.0,4.0,0.0,0.0,0.0,0.0,-100.0,0.0,-177.0,0.0,0.0,0.0,1.0,0.0,0.0,1,
Miguel Batista,41.0,ATL,NL,0.0,5.0,0.0,0.0,0.0,0.0,0.0,0.0,0.0,0.0,0.0,0.0,0.0,0.0,,,,,,,,0.0,0.0,0.0,0.0,0.0,0.0,/1,
Miguel Cabrera,29.0,DET,AL,7.1,161.0,697.0,622.0,109.0,205.0,40.0,0.0,44.0,139.0,4.0,1.0,66.0,98.0,0.33,0.393,0.606,0.999,164.0,0.422,167.0,377.0,28.0,3.0,0.0,6.0,17.0,*5/D3,"AS,MVP-1,SS"
Miguel Cairo,38.0,CIN,NL,-1.3,70.0,156.0,150.0,9.0,28.0,7.0,2.0,1.0,13.0,4.0,0.0,4.0,20.0,0.187,0.212,0.28,0.492,30.0,0.244,28.0,42.0,4.0,1.0,0.0,1.0,0.0,H35/4D,
Miguel Montero*,28.0,ARI,NL,4.5,141.0,573.0,486.0,65.0,139.0,25.0,2.0,15.0,88.0,0.0,0.0,73.0,130.0,0.286,0.391,0.438,0.829,123.0,0.379,133.0,213.0,15.0,12.0,0.0,2.0,6.0,*2/H,MVP-32
Miguel Olivo,33.0,SEA,AL,0.4,87.0,323.0,315.0,27.0,70.0,14.0,0.0,12.0,29.0,3.0,6.0,7.0,85.0,0.222,0.239,0.381,0.62,73.0,0.281,82.0,120.0,8.0,0.0,1.0,0.0,0.0,2D/H,
Miguel Socolovich,25.0,CHC,NL,0.0,6.0,0.0,0.0,0.0,0.0,0.0,0.0,0.0,0.0,0.0,0.0,0.0,0.0,,,,,,,,0.0,0.0,0.0,0.0,0.0,0.0,/1,
Mike Adams,33.0,TEX,AL,0.0,3.0,0.0,0.0,0.0,0.0,0.0,0.0,0.0,0.0,0.0,0.0,0.0,0.0,,,,,,,,0.0,0.0,0.0,0.0,0.0,0.0,1,
Mike Aviles,31.0,BOS,AL,2.5,136.0,546.0,512.0,57.0,128.0,28.0,0.0,13.0,60.0,14.0,6.0,23.0,77.0,0.25,0.282,0.381,0.663,77.0,0.295,74.0,195.0,6.0,2.0,3.0,6.0,0.0,*6/DH45,
Mike Baxter*,27.0,NYM,NL,0.5,89.0,211.0,179.0,26.0,47.0,14.0,2.0,3.0,17.0,5.0,3.0,25.0,45.0,0.263,0.365,0.413,0.778,116.0,0.338,112.0,74.0,0.0,5.0,0.0,2.0,4.0,9H7/8D,
Mike Carp*,26.0,SEA,AL,0.2,59.0,189.0,164.0,17.0,35.0,6.0,0.0,5.0,20.0,1.0,0.0,21.0,46.0,0.213,0.312,0.341,0.654,87.0,0.298,88.0,56.0,7.0,3.0,0.0,1.0,1.0,73H/D,
Mike Costanzo*,28.0,CIN,NL,-0.6,17.0,21.0,18.0,0.0,1.0,0.0,0.0,0.0,2.0,0.0,0.0,1.0,10.0,0.056,0.095,0.056,0.151,-58.0,0.076,-92.0,1.0,0.0,0.0,0.0,2.0,0.0,H/3D,
Mike Dunn*,27.0,MIA,NL,0.0,59.0,1.0,1.0,0.0,0.0,0.0,0.0,0.0,0.0,0.0,0.0,0.0,0.0,0.0,0.0,0.0,0.0,-100.0,0.0,-145.0,0.0,0.0,0.0,0.0,0.0,0.0,1,
Mike Ekstrom,28.0,COL,NL,0.0,15.0,0.0,0.0,0.0,0.0,0.0,0.0,0.0,0.0,0.0,0.0,0.0,0.0,,,,,,,,0.0,0.0,0.0,0.0,0.0,0.0,1,
Mike Fiers,27.0,MIL,NL,-0.3,21.0,38.0,32.0,0.0,3.0,0.0,0.0,0.0,2.0,0.0,0.0,0.0,17.0,0.094,0.094,0.094,0.188,-50.0,0.082,-124.0,3.0,0.0,0.0,6.0,0.0,0.0,1,
Mike Fontenot*,32.0,PHI,NL,0.2,47.0,105.0,97.0,13.0,28.0,2.0,0.0,1.0,5.0,0.0,1.0,7.0,23.0,0.289,0.343,0.34,0.683,86.0,0.297,76.0,33.0,2.0,1.0,0.0,0.0,2.0,H45/D,
Mike González,34.0,WSN,NL,0.0,45.0,0.0,0.0,0.0,0.0,0.0,0.0,0.0,0.0,0.0,0.0,0.0,0.0,,,,,,,,0.0,0.0,0.0,0.0,0.0,0.0,1,
Mike Jacobs*,31.0,ARI,NL,-0.2,13.0,23.0,19.0,4.0,4.0,1.0,0.0,0.0,2.0,0.0,0.0,4.0,6.0,0.211,0.348,0.263,0.611,68.0,0.275,54.0,5.0,0.0,0.0,0.0,0.0,1.0,H/3,
Mike Leake,24.0,CIN,NL,1.0,34.0,69.0,61.0,8.0,18.0,3.0,0.0,2.0,3.0,0.0,0.0,1.0,20.0,0.295,0.306,0.443,0.749,98.0,0.341,104.0,27.0,0.0,0.0,7.0,0.0,0.0,1/H,
Mike MacDougal#,35.0,LAD,NL,0.0,7.0,0.0,0.0,0.0,0.0,0.0,0.0,0.0,0.0,0.0,0.0,0.0,0.0,,,,,,,,0.0,0.0,0.0,0.0,0.0,0.0,/1,
Mike McClendon,27.0,MIL,NL,0.0,9.0,2.0,2.0,0.0,0.0,0.0,0.0,0.0,0.0,0.0,0.0,0.0,1.0,0.0,0.0,0.0,0.0,-100.0,0.0,-145.0,0.0,0.0,0.0,0.0,0.0,0.0,/1,
Mike McCoy,31.0,TOR,AL,-0.1,32.0,56.0,52.0,10.0,9.0,1.0,0.0,1.0,7.0,2.0,1.0,4.0,6.0,0.173,0.232,0.25,0.482,32.0,0.231,29.0,13.0,1.0,0.0,0.0,0.0,0.0,H/45789D6,
Mike Minor,24.0,ATL,NL,-0.2,28.0,61.0,55.0,5.0,4.0,1.0,0.0,0.0,0.0,0.0,0.0,2.0,26.0,0.073,0.105,0.091,0.196,-46.0,0.11,-76.0,5.0,1.0,0.0,4.0,0.0,0.0,1,
Mike Morse,30.0,WSN,NL,0.5,102.0,430.0,406.0,53.0,118.0,17.0,1.0,18.0,62.0,0.0,1.0,16.0,97.0,0.291,0.321,0.47,0.791,111.0,0.351,115.0,191.0,14.0,4.0,0.0,4.0,0.0,79/D3,
Mike Moustakas*,23.0,KCR,AL,3.1,149.0,614.0,563.0,69.0,136.0,34.0,1.0,20.0,73.0,5.0,2.0,39.0,124.0,0.242,0.296,0.412,0.708,91.0,0.308,85.0,232.0,4.0,7.0,0.0,5.0,4.0,*5,
Mike Napoli,30.0,TEX,AL,1.8,108.0,417.0,352.0,53.0,80.0,9.0,2.0,24.0,56.0,1.0,0.0,56.0,125.0,0.227,0.343,0.469,0.812,113.0,0.355,113.0,165.0,9.0,7.0,0.0,2.0,5.0,23/DH,AS
Mike Nickeas,29.0,NYM,NL,-0.7,47.0,122.0,109.0,8.0,19.0,3.0,0.0,1.0,13.0,0.0,0.0,8.0,27.0,0.174,0.242,0.229,0.471,32.0,0.233,32.0,25.0,1.0,2.0,2.0,1.0,0.0,2/H,
Mike Olt,23.0,TEX,AL,-0.2,16.0,40.0,33.0,2.0,5.0,1.0,0.0,0.0,5.0,1.0,1.0,5.0,13.0,0.152,0.25,0.182,0.432,18.0,0.244,37.0,6.0,1.0,0.0,0.0,2.0,0.0,/359H,
Mike Pelfrey,28.0,NYM,NL,0.0,3.0,7.0,6.0,1.0,1.0,1.0,0.0,0.0,0.0,0.0,0.0,0.0,0.0,0.167,0.167,0.333,0.5,35.0,0.21,3.0,2.0,1.0,0.0,1.0,0.0,0.0,/1,
Mike Trout,20.0,LAA,AL,10.5,139.0,639.0,559.0,129.0,182.0,27.0,8.0,30.0,83.0,49.0,5.0,67.0,139.0,0.326,0.399,0.564,0.963,168.0,0.43,173.0,315.0,7.0,6.0,0.0,7.0,4.0,*87/9H,"AS,MVP-2,ROY-1,SS"
Mike Zagurski*,29.0,ARI,NL,0.0,43.0,0.0,0.0,0.0,0.0,0.0,0.0,0.0,0.0,0.0,0.0,0.0,0.0,,,,,,,,0.0,0.0,0.0,0.0,0.0,0.0,1,
Miles Mikolas,23.0,SDP,NL,0.0,25.0,3.0,3.0,0.0,0.0,0.0,0.0,0.0,0.0,0.0,0.0,0.0,1.0,0.0,0.0,0.0,0.0,-100.0,0.0,-133.0,0.0,0.0,0.0,0.0,0.0,0.0,1,
Mitch Maier*,30.0,KCR,AL,-0.7,32.0,74.0,64.0,8.0,11.0,1.0,1.0,2.0,7.0,2.0,0.0,8.0,24.0,0.172,0.26,0.313,0.573,56.0,0.261,46.0,20.0,0.0,0.0,1.0,1.0,0.0,8H/9D1,
Mitch Moreland*,26.0,TEX,AL,0.5,114.0,357.0,327.0,41.0,90.0,18.0,0.0,15.0,50.0,1.0,1.0,23.0,71.0,0.275,0.321,0.468,0.789,106.0,0.337,101.0,153.0,8.0,1.0,2.0,4.0,5.0,3H/D9,
Mitchell Boggs,28.0,STL,NL,0.0,75.0,0.0,0.0,0.0,0.0,0.0,0.0,0.0,0.0,0.0,0.0,0.0,0.0,,,,,,,,0.0,0.0,0.0,0.0,0.0,0.0,1,
MLB Average,,,,,,,,,,,,,,,,,,0.255,0.319,0.405,0.724,100.0,0.324,100.0,,,,,,,,
Moisés Sierra,23.0,TOR,AL,-0.8,49.0,157.0,147.0,14.0,33.0,4.0,0.0,6.0,15.0,1.0,0.0,8.0,44.0,0.224,0.274,0.374,0.648,75.0,0.285,67.0,55.0,3.0,2.0,0.0,0.0,0.0,9/HD,
Munenori Kawasaki*,31.0,SEA,AL,-0.4,61.0,115.0,104.0,13.0,20.0,1.0,0.0,0.0,7.0,2.0,2.0,8.0,18.0,0.192,0.257,0.202,0.459,34.0,0.232,43.0,21.0,2.0,1.0,2.0,0.0,0.0,6H4/D5,
Nate Jones,26.0,CHW,AL,0.0,6.0,0.0,0.0,0.0,0.0,0.0,0.0,0.0,0.0,0.0,0.0,0.0,0.0,,,,,,,,0.0,0.0,0.0,0.0,0.0,0.0,1,
Nate McLouth*,30.0,2TM,2LG,0.4,89.0,298.0,266.0,39.0,64.0,14.0,1.0,7.0,20.0,12.0,1.0,27.0,61.0,0.241,0.314,0.38,0.694,89.0,0.311,83.0,101.0,2.0,2.0,2.0,1.0,1.0,7H8/9,
Nate McLouth*,30.0,PIT,NL,-0.5,34.0,62.0,57.0,4.0,8.0,2.0,0.0,0.0,2.0,0.0,0.0,5.0,18.0,0.14,0.21,0.175,0.385,9.0,0.182,-4.0,10.0,0.0,0.0,0.0,0.0,0.0,H/789,
Nate McLouth*,30.0,BAL,AL,0.9,55.0,236.0,209.0,35.0,56.0,12.0,1.0,7.0,18.0,12.0,1.0,22.0,43.0,0.268,0.342,0.435,0.777,111.0,0.346,106.0,91.0,2.0,2.0,2.0,1.0,1.0,7/8H,
Nate Schierholtz*,28.0,2TM,NL,0.7,114.0,269.0,241.0,20.0,62.0,8.0,5.0,6.0,21.0,3.0,2.0,23.0,46.0,0.257,0.321,0.407,0.728,103.0,0.322,103.0,98.0,1.0,1.0,1.0,3.0,2.0,9H/8D,
Nate Schierholtz*,28.0,SFG,NL,0.8,77.0,196.0,175.0,15.0,44.0,4.0,5.0,5.0,16.0,3.0,2.0,18.0,36.0,0.251,0.321,0.417,0.739,109.0,0.327,111.0,73.0,1.0,1.0,0.0,2.0,2.0,9H/D,
Nate Schierholtz*,28.0,PHI,NL,-0.1,37.0,73.0,66.0,5.0,18.0,4.0,0.0,1.0,5.0,0.0,0.0,5.0,10.0,0.273,0.319,0.379,0.698,88.0,0.31,82.0,25.0,0.0,0.0,1.0,1.0,0.0,9/H8,
Nate Spears*,27.0,BOS,AL,-0.2,4.0,4.0,4.0,0.0,0.0,0.0,0.0,0.0,0.0,0.0,0.0,0.0,3.0,0.0,0.0,0.0,0.0,-100.0,0.0,-142.0,0.0,0.0,0.0,0.0,0.0,0.0,/H745,
Nathan Adcock,24.0,KCR,AL,0.0,3.0,1.0,1.0,0.0,0.0,0.0,0.0,0.0,0.0,0.0,0.0,0.0,1.0,0.0,0.0,0.0,0.0,-100.0,0.0,-145.0,0.0,0.0,0.0,0.0,0.0,0.0,1,
Nathan Eovaldi,22.0,2TM,NL,-0.2,20.0,36.0,32.0,2.0,3.0,0.0,0.0,0.0,0.0,0.0,0.0,1.0,20.0,0.094,0.121,0.094,0.215,-40.0,0.1,-85.0,3.0,0.0,0.0,3.0,0.0,0.0,1,
Nathan Eovaldi,22.0,LAD,NL,-0.1,8.0,14.0,12.0,0.0,0.0,0.0,0.0,0.0,0.0,0.0,0.0,1.0,8.0,0.0,0.077,0.0,0.077,-76.0,0.053,-115.0,0.0,0.0,0.0,1.0,0.0,0.0,1,
Nathan Eovaldi,22.0,MIA,NL,-0.1,12.0,22.0,20.0,2.0,3.0,0.0,0.0,0.0,0.0,0.0,0.0,0.0,12.0,0.15,0.15,0.15,0.3,-18.0,0.13,-65.0,3.0,0.0,0.0,2.0,0.0,0.0,1,
Neftalí Feliz,24.0,TEX,AL,0.0,1.0,2.0,2.0,0.0,0.0,0.0,0.0,0.0,0.0,0.0,0.0,0.0,1.0,0.0,0.0,0.0,0.0,-100.0,0.0,-143.0,0.0,0.0,0.0,0.0,0.0,0.0,/1,
Neil Walker#,26.0,PIT,NL,2.6,129.0,530.0,472.0,62.0,132.0,27.0,0.0,14.0,69.0,7.0,5.0,47.0,104.0,0.28,0.342,0.426,0.768,112.0,0.344,116.0,201.0,11.0,2.0,1.0,8.0,1.0,*4/HD,
Nelson Cruz,31.0,TEX,AL,0.8,159.0,642.0,585.0,86.0,152.0,45.0,0.0,24.0,90.0,8.0,4.0,48.0,140.0,0.26,0.319,0.46,0.779,104.0,0.352,111.0,269.0,7.0,5.0,0.0,4.0,2.0,*9/D7H,
Nick Blackburn,30.0,MIN,AL,0.0,1.0,2.0,2.0,0.0,0.0,0.0,0.0,0.0,0.0,0.0,0.0,0.0,1.0,0.0,0.0,0.0,0.0,-100.0,0.0,-130.0,0.0,0.0,0.0,0.0,0.0,0.0,1,
Nick Green,33.0,MIA,NL,-0.2,7.0,24.0,23.0,1.0,4.0,3.0,0.0,0.0,1.0,0.0,0.0,0.0,6.0,0.174,0.208,0.304,0.513,36.0,0.225,20.0,7.0,0.0,1.0,0.0,0.0,0.0,/546H,
Nick Hagadone*,26.0,CLE,AL,0.0,3.0,0.0,0.0,0.0,0.0,0.0,0.0,0.0,0.0,0.0,0.0,0.0,0.0,,,,,,,,0.0,0.0,0.0,0.0,0.0,0.0,1,
Nick Hundley,28.0,SDP,NL,-0.6,58.0,225.0,204.0,14.0,32.0,7.0,1.0,3.0,22.0,0.0,3.0,15.0,56.0,0.157,0.219,0.245,0.464,31.0,0.207,22.0,50.0,4.0,2.0,1.0,3.0,2.0,2/H,
Nick Johnson*,33.0,BAL,AL,0.0,38.0,102.0,87.0,9.0,18.0,4.0,0.0,4.0,11.0,2.0,0.0,11.0,26.0,0.207,0.324,0.391,0.714,94.0,0.332,100.0,34.0,4.0,4.0,0.0,0.0,0.0,DH/3,
Nick Markakis*,28.0,BAL,AL,1.7,104.0,471.0,420.0,59.0,125.0,28.0,3.0,13.0,54.0,1.0,1.0,42.0,51.0,0.298,0.363,0.471,0.834,126.0,0.362,125.0,198.0,11.0,4.0,0.0,5.0,3.0,9/D,
Nick Punto#,34.0,2TM,2LG,0.8,87.0,191.0,160.0,20.0,35.0,7.0,0.0,1.0,10.0,6.0,0.0,25.0,42.0,0.219,0.321,0.281,0.602,66.0,0.287,63.0,45.0,5.0,0.0,4.0,2.0,0.0,H54/63D,
Nick Punto#,34.0,BOS,AL,0.4,65.0,148.0,125.0,14.0,25.0,6.0,0.0,1.0,10.0,5.0,0.0,19.0,33.0,0.2,0.301,0.272,0.573,57.0,0.276,54.0,34.0,5.0,0.0,2.0,2.0,0.0,5H4/63D,
Nick Punto#,34.0,LAD,NL,0.4,22.0,43.0,35.0,6.0,10.0,1.0,0.0,0.0,0.0,1.0,0.0,6.0,9.0,0.286,0.39,0.314,0.705,99.0,0.325,95.0,11.0,0.0,0.0,2.0,0.0,0.0,4H/5,
Nick Swisher#,31.0,NYY,AL,4.0,148.0,624.0,537.0,75.0,146.0,36.0,0.0,24.0,93.0,2.0,3.0,77.0,141.0,0.272,0.364,0.473,0.837,125.0,0.363,126.0,254.0,9.0,4.0,1.0,5.0,2.0,*93D/H,
Nick Vincent,25.0,SDP,NL,0.0,27.0,1.0,1.0,0.0,0.0,0.0,0.0,0.0,0.0,0.0,0.0,0.0,1.0,0.0,0.0,0.0,0.0,-100.0,0.0,-136.0,0.0,0.0,0.0,0.0,0.0,0.0,1,
Nolan Reimold,28.0,BAL,AL,0.6,16.0,69.0,67.0,10.0,21.0,6.0,0.0,5.0,10.0,1.0,0.0,2.0,14.0,0.313,0.333,0.627,0.96,154.0,0.419,164.0,42.0,3.0,0.0,0.0,0.0,0.0,7/HD,
Nori Aoki*,30.0,MIL,NL,3.2,151.0,588.0,520.0,81.0,150.0,37.0,4.0,10.0,50.0,30.0,8.0,43.0,55.0,0.288,0.355,0.433,0.787,109.0,0.366,117.0,225.0,6.0,13.0,7.0,5.0,1.0,*9H87,ROY-5
Nyjer Morgan*,31.0,MIL,NL,-0.2,122.0,322.0,289.0,44.0,69.0,5.0,3.0,3.0,16.0,12.0,5.0,20.0,63.0,0.239,0.302,0.308,0.61,63.0,0.291,64.0,89.0,4.0,6.0,7.0,0.0,0.0,8H97/D,
Octavio Dotel,38.0,DET,AL,0.0,1.0,0.0,0.0,0.0,0.0,0.0,0.0,0.0,0.0,0.0,0.0,0.0,0.0,,,,,,,,0.0,0.0,0.0,0.0,0.0,0.0,1,
Omar Infante,30.0,2TM,2LG,2.6,149.0,588.0,554.0,69.0,152.0,30.0,7.0,12.0,53.0,17.0,3.0,21.0,65.0,0.274,0.3,0.419,0.719,91.0,0.319,86.0,232.0,9.0,1.0,8.0,4.0,0.0,*4/5H,
Omar Infante,30.0,MIA,NL,1.9,85.0,347.0,328.0,42.0,94.0,23.0,2.0,8.0,33.0,10.0,1.0,12.0,42.0,0.287,0.312,0.442,0.754,101.0,0.336,97.0,145.0,7.0,1.0,4.0,2.0,0.0,4/H,
Omar Infante,30.0,DET,AL,0.7,64.0,241.0,226.0,27.0,58.0,7.0,5.0,4.0,20.0,7.0,2.0,9.0,23.0,0.257,0.283,0.385,0.668,78.0,0.295,71.0,87.0,2.0,0.0,4.0,2.0,0.0,4/5H,
Omar Quintanilla*,30.0,2TM,2LG,0.2,65.0,190.0,169.0,25.0,41.0,8.0,0.0,4.0,16.0,0.0,1.0,16.0,42.0,0.243,0.312,0.361,0.673,85.0,0.295,79.0,61.0,3.0,2.0,1.0,2.0,1.0,46/H,
Omar Quintanilla*,30.0,NYM,NL,0.5,29.0,80.0,70.0,13.0,18.0,5.0,0.0,1.0,4.0,0.0,0.0,8.0,17.0,0.257,0.35,0.371,0.721,101.0,0.328,103.0,26.0,2.0,2.0,0.0,0.0,1.0,6/H4,
Omar Quintanilla*,30.0,BAL,AL,-0.3,36.0,110.0,99.0,12.0,23.0,3.0,0.0,3.0,12.0,0.0,1.0,8.0,25.0,0.232,0.284,0.354,0.638,73.0,0.272,62.0,35.0,1.0,0.0,1.0,2.0,0.0,4/6H,
Omar Vizquel#,45.0,TOR,AL,-0.3,60.0,163.0,153.0,13.0,36.0,5.0,1.0,0.0,7.0,3.0,2.0,7.0,17.0,0.235,0.265,0.281,0.546,50.0,0.246,41.0,43.0,5.0,0.0,1.0,2.0,0.0,45H6/37D,
Omir Santos,31.0,DET,AL,-0.3,3.0,10.0,8.0,0.0,1.0,0.0,0.0,0.0,1.0,0.0,0.0,0.0,1.0,0.125,0.111,0.125,0.236,-36.0,0.1,-89.0,1.0,2.0,0.0,1.0,1.0,0.0,/2,
Orlando Hudson#,34.0,2TM,2LG,0.2,86.0,283.0,260.0,21.0,53.0,3.0,8.0,3.0,28.0,6.0,3.0,20.0,51.0,0.204,0.261,0.312,0.572,58.0,0.262,54.0,81.0,6.0,0.0,3.0,0.0,1.0,45H/D,
Orlando Hudson#,34.0,SDP,NL,-0.1,35.0,131.0,123.0,11.0,26.0,0.0,5.0,1.0,11.0,3.0,2.0,8.0,27.0,0.211,0.26,0.317,0.577,62.0,0.268,65.0,39.0,3.0,0.0,0.0,0.0,0.0,4/H,
Orlando Hudson#,34.0,CHW,AL,0.3,51.0,152.0,137.0,10.0,27.0,3.0,3.0,2.0,17.0,3.0,1.0,12.0,24.0,0.197,0.262,0.307,0.568,54.0,0.257,44.0,42.0,3.0,0.0,3.0,0.0,1.0,5H4/D,
Pablo Sandoval#,25.0,SFG,NL,2.2,108.0,442.0,396.0,59.0,112.0,25.0,2.0,12.0,63.0,1.0,1.0,38.0,59.0,0.283,0.342,0.447,0.789,123.0,0.345,123.0,177.0,13.0,1.0,0.0,7.0,4.0,5/3HD,AS
Paco Rodríguez*,21.0,LAD,NL,0.0,11.0,0.0,0.0,0.0,0.0,0.0,0.0,0.0,0.0,0.0,0.0,0.0,0.0,,,,,,,,0.0,0.0,0.0,0.0,0.0,0.0,1,
Patrick Corbin*,22.0,ARI,NL,0.0,22.0,43.0,36.0,3.0,4.0,0.0,1.0,0.0,4.0,0.0,0.0,1.0,17.0,0.111,0.135,0.167,0.302,-19.0,0.159,-50.0,6.0,0.0,0.0,6.0,0.0,0.0,1,
Paul Goldschmidt,24.0,ARI,NL,3.4,145.0,587.0,514.0,82.0,147.0,43.0,1.0,20.0,82.0,18.0,3.0,60.0,130.0,0.286,0.359,0.49,0.85,126.0,0.383,132.0,252.0,9.0,4.0,0.0,9.0,4.0,*3/H,
Paul Janish,29.0,ATL,NL,-0.2,55.0,186.0,167.0,18.0,31.0,6.0,1.0,0.0,9.0,1.0,0.0,17.0,30.0,0.186,0.269,0.234,0.502,38.0,0.246,35.0,39.0,1.0,2.0,0.0,0.0,0.0,6,
Paul Konerko,36.0,CHW,AL,1.9,144.0,598.0,533.0,66.0,159.0,22.0,0.0,26.0,75.0,0.0,0.0,56.0,83.0,0.298,0.371,0.486,0.857,130.0,0.375,133.0,259.0,16.0,7.0,0.0,2.0,4.0,3D/H,AS
Paul Maholm*,30.0,2TM,NL,-0.4,32.0,68.0,63.0,2.0,4.0,0.0,0.0,1.0,3.0,0.0,0.0,2.0,38.0,0.063,0.092,0.111,0.203,-45.0,0.095,-83.0,7.0,1.0,0.0,3.0,0.0,0.0,1,
Paul Maholm*,30.0,CHC,NL,-0.1,21.0,43.0,39.0,1.0,3.0,0.0,0.0,1.0,3.0,0.0,0.0,2.0,22.0,0.077,0.122,0.154,0.276,-26.0,0.128,-57.0,6.0,1.0,0.0,2.0,0.0,0.0,1,
Paul Maholm*,30.0,ATL,NL,-0.3,11.0,25.0,24.0,1.0,1.0,0.0,0.0,0.0,0.0,0.0,0.0,0.0,16.0,0.042,0.042,0.042,0.083,-77.0,0.038,-127.0,1.0,0.0,0.0,1.0,0.0,0.0,1,
Pedro Beato,25.0,NYM,NL,0.0,7.0,0.0,0.0,0.0,0.0,0.0,0.0,0.0,0.0,0.0,0.0,0.0,0.0,,,,,,,,0.0,0.0,0.0,0.0,0.0,0.0,/1,
Pedro Ciriaco,26.0,BOS,AL,1.4,76.0,272.0,259.0,33.0,76.0,15.0,2.0,2.0,19.0,16.0,3.0,8.0,47.0,0.293,0.315,0.39,0.705,90.0,0.321,87.0,101.0,2.0,0.0,5.0,0.0,2.0,546D/H879,
Pedro Figueroa*,26.0,OAK,AL,0.0,1.0,0.0,0.0,0.0,0.0,0.0,0.0,0.0,0.0,0.0,0.0,0.0,0.0,,,,,,,,0.0,0.0,0.0,0.0,0.0,0.0,1,
Pedro Florimón#,25.0,MIN,AL,0.9,43.0,150.0,137.0,16.0,30.0,5.0,2.0,1.0,10.0,3.0,1.0,10.0,30.0,0.219,0.272,0.307,0.579,61.0,0.264,55.0,42.0,3.0,0.0,3.0,0.0,0.0,6,
Pedro Strop,27.0,BAL,AL,0.0,4.0,0.0,0.0,0.0,0.0,0.0,0.0,0.0,0.0,0.0,0.0,0.0,0.0,,,,,,,,0.0,0.0,0.0,0.0,0.0,0.0,1,
Pedro Villarreal,24.0,CIN,NL,0.0,1.0,0.0,0.0,0.0,0.0,0.0,0.0,0.0,0.0,0.0,0.0,0.0,0.0,,,,,,,,0.0,0.0,0.0,0.0,0.0,0.0,/1,
Pedro Álvarez*,25.0,PIT,NL,2.6,149.0,586.0,525.0,64.0,128.0,25.0,1.0,30.0,85.0,1.0,0.0,57.0,180.0,0.244,0.317,0.467,0.784,115.0,0.343,114.0,245.0,10.0,1.0,0.0,3.0,6.0,*5/HD,
Pete Kozma,24.0,STL,NL,1.2,26.0,82.0,72.0,11.0,24.0,5.0,3.0,2.0,14.0,2.0,0.0,7.0,19.0,0.333,0.383,0.569,0.952,157.0,0.415,161.0,41.0,4.0,0.0,1.0,2.0,1.0,6/4H,
Pete Orr*,33.0,PHI,NL,0.2,35.0,57.0,54.0,6.0,17.0,5.0,1.0,0.0,7.0,3.0,1.0,1.0,18.0,0.315,0.327,0.444,0.772,106.0,0.336,99.0,24.0,0.0,0.0,2.0,0.0,0.0,H4/5,
Peter Bourjos,25.0,LAA,AL,1.1,101.0,195.0,168.0,27.0,37.0,7.0,0.0,3.0,19.0,3.0,1.0,15.0,44.0,0.22,0.291,0.315,0.606,72.0,0.267,62.0,53.0,2.0,3.0,6.0,3.0,0.0,8H/D,
Peter Moylan,33.0,ATL,NL,0.0,8.0,0.0,0.0,0.0,0.0,0.0,0.0,0.0,0.0,0.0,0.0,0.0,0.0,,,,,,,,0.0,0.0,0.0,0.0,0.0,0.0,/1,
Phil Coke*,29.0,DET,AL,0.0,3.0,0.0,0.0,0.0,0.0,0.0,0.0,0.0,0.0,0.0,0.0,0.0,0.0,,,,,,,,0.0,0.0,0.0,0.0,0.0,0.0,1,
Phil Hughes,26.0,NYY,AL,0.0,1.0,2.0,2.0,0.0,0.0,0.0,0.0,0.0,0.0,0.0,0.0,0.0,1.0,0.0,0.0,0.0,0.0,-100.0,0.0,-139.0,0.0,0.0,0.0,0.0,0.0,0.0,1,
Philip Humber,29.0,CHW,AL,0.0,2.0,5.0,5.0,0.0,1.0,0.0,0.0,0.0,1.0,0.0,0.0,0.0,2.0,0.2,0.2,0.2,0.4,9.0,0.179,-11.0,1.0,0.0,0.0,0.0,0.0,0.0,1,
Phillippe Aumont*,23.0,PHI,NL,0.0,18.0,0.0,0.0,0.0,0.0,0.0,0.0,0.0,0.0,0.0,0.0,0.0,0.0,,,,,,,,0.0,0.0,0.0,0.0,0.0,0.0,1,
Plácido Polanco,36.0,PHI,NL,0.4,90.0,328.0,303.0,28.0,78.0,15.0,0.0,2.0,19.0,0.0,0.0,18.0,25.0,0.257,0.302,0.327,0.629,70.0,0.301,76.0,99.0,7.0,2.0,4.0,1.0,1.0,5H,
Prince Fielder*,28.0,DET,AL,4.7,162.0,690.0,581.0,83.0,182.0,33.0,1.0,30.0,108.0,1.0,0.0,85.0,84.0,0.313,0.412,0.528,0.94,151.0,0.404,154.0,307.0,19.0,17.0,0.0,7.0,18.0,*3/D,"AS,MVP-9,SS"
Quintin Berry*,27.0,DET,AL,0.5,94.0,330.0,291.0,44.0,75.0,10.0,6.0,2.0,29.0,21.0,0.0,25.0,80.0,0.258,0.33,0.354,0.684,85.0,0.336,92.0,103.0,4.0,7.0,6.0,1.0,0.0,78H/9D,
R.A. Dickey,37.0,NYM,NL,0.1,33.0,83.0,72.0,3.0,11.0,0.0,0.0,0.0,3.0,0.0,0.0,0.0,14.0,0.153,0.164,0.153,0.317,-11.0,0.167,-31.0,11.0,3.0,1.0,10.0,0.0,0.0,1,"AS,CYA-1,MVP-14"
Rafael Betancourt,37.0,COL,NL,0.0,58.0,0.0,0.0,0.0,0.0,0.0,0.0,0.0,0.0,0.0,0.0,0.0,0.0,,,,,,,,0.0,0.0,0.0,0.0,0.0,0.0,1,
Rafael Dolis,24.0,CHC,NL,0.0,34.0,0.0,0.0,0.0,0.0,0.0,0.0,0.0,0.0,0.0,0.0,0.0,0.0,,,,,,,,0.0,0.0,0.0,0.0,0.0,0.0,1,
Rafael Furcal#,34.0,STL,NL,1.3,121.0,531.0,477.0,69.0,126.0,18.0,3.0,5.0,49.0,12.0,4.0,44.0,57.0,0.264,0.325,0.346,0.671,85.0,0.309,84.0,165.0,7.0,1.0,5.0,4.0,1.0,*6/H,AS
Rafael Ortega*,21.0,COL,NL,0.1,2.0,6.0,4.0,0.0,2.0,0.0,0.0,0.0,0.0,1.0,0.0,1.0,2.0,0.5,0.667,0.5,1.167,205.0,0.546,214.0,2.0,0.0,1.0,0.0,0.0,0.0,/8H,
Rafael Soriano,32.0,NYY,AL,0.0,9.0,0.0,0.0,0.0,0.0,0.0,0.0,0.0,0.0,0.0,0.0,0.0,0.0,,,,,,,,0.0,0.0,0.0,0.0,0.0,0.0,1,MVP-20
Rajai Davis,31.0,TOR,AL,0.8,142.0,487.0,447.0,64.0,115.0,24.0,3.0,8.0,43.0,46.0,13.0,29.0,102.0,0.257,0.309,0.378,0.687,86.0,0.31,80.0,169.0,8.0,6.0,1.0,4.0,3.0,*79H/8D,
Ramiro Peña#,26.0,NYY,AL,0.0,3.0,4.0,4.0,0.0,1.0,0.0,0.0,0.0,0.0,0.0,0.0,0.0,0.0,0.25,0.25,0.25,0.5,36.0,0.224,22.0,1.0,0.0,0.0,0.0,0.0,0.0,/DH6,
Ramón Hernández,36.0,COL,NL,-1.3,52.0,196.0,184.0,16.0,40.0,10.0,0.0,5.0,28.0,0.0,1.0,6.0,32.0,0.217,0.247,0.353,0.601,51.0,0.272,43.0,65.0,4.0,2.0,2.0,2.0,1.0,2/H3,
Ramón Ramírez,30.0,NYM,NL,0.0,57.0,0.0,0.0,0.0,0.0,0.0,0.0,0.0,0.0,0.0,0.0,0.0,0.0,,,,,,,,0.0,0.0,0.0,0.0,0.0,0.0,1,
Ramón Santiago#,32.0,DET,AL,-0.8,93.0,259.0,228.0,19.0,47.0,7.0,1.0,2.0,17.0,1.0,0.0,20.0,39.0,0.206,0.283,0.272,0.555,51.0,0.253,40.0,62.0,7.0,5.0,5.0,1.0,1.0,46H/5D,
Randall Delgado,22.0,ATL,NL,0.2,16.0,28.0,25.0,3.0,6.0,0.0,0.0,0.0,1.0,0.0,0.0,0.0,9.0,0.24,0.24,0.24,0.48,30.0,0.249,30.0,6.0,1.0,0.0,3.0,0.0,0.0,1,
Randy Choate*,36.0,2TM,NL,0.0,75.0,0.0,0.0,0.0,0.0,0.0,0.0,0.0,0.0,0.0,0.0,0.0,0.0,,,,,,,,0.0,0.0,0.0,0.0,0.0,0.0,1,
Randy Choate*,36.0,MIA,NL,0.0,39.0,0.0,0.0,0.0,0.0,0.0,0.0,0.0,0.0,0.0,0.0,0.0,0.0,,,,,,,,0.0,0.0,0.0,0.0,0.0,0.0,1,
Randy Choate*,36.0,LAD,NL,0.0,36.0,0.0,0.0,0.0,0.0,0.0,0.0,0.0,0.0,0.0,0.0,0.0,0.0,,,,,,,,0.0,0.0,0.0,0.0,0.0,0.0,1,
Randy Wells,29.0,CHC,NL,0.0,10.0,4.0,4.0,0.0,1.0,0.0,0.0,0.0,0.0,0.0,0.0,0.0,2.0,0.25,0.25,0.25,0.5,36.0,0.226,23.0,1.0,0.0,0.0,0.0,0.0,0.0,1,
Randy Wolf*,35.0,MIL,NL,-0.3,24.0,46.0,40.0,3.0,6.0,0.0,0.0,0.0,4.0,0.0,1.0,0.0,11.0,0.15,0.146,0.15,0.296,-21.0,0.12,-69.0,6.0,2.0,0.0,5.0,1.0,0.0,1/H,
Ray Olmedo#,31.0,CHW,AL,-0.1,20.0,42.0,41.0,8.0,10.0,2.0,0.0,0.0,1.0,0.0,0.0,0.0,9.0,0.244,0.244,0.293,0.537,45.0,0.253,42.0,12.0,1.0,0.0,1.0,0.0,0.0,5/H64D,
Raúl Ibañez*,40.0,NYY,AL,0.5,130.0,425.0,384.0,50.0,92.0,19.0,3.0,19.0,62.0,3.0,0.0,35.0,67.0,0.24,0.308,0.453,0.761,103.0,0.336,103.0,174.0,14.0,4.0,0.0,2.0,5.0,7HD9,MVP-24
Raúl Valdés*,34.0,PHI,NL,0.0,27.0,0.0,0.0,0.0,0.0,0.0,0.0,0.0,0.0,0.0,0.0,0.0,0.0,,,,,,,,0.0,0.0,0.0,0.0,0.0,0.0,1,
Reed Johnson,35.0,2TM,NL,0.3,119.0,288.0,269.0,30.0,78.0,14.0,3.0,3.0,20.0,2.0,2.0,13.0,61.0,0.29,0.337,0.398,0.735,98.0,0.328,98.0,107.0,4.0,6.0,0.0,0.0,1.0,H789,
Reed Johnson,35.0,CHC,NL,0.7,76.0,183.0,169.0,23.0,51.0,9.0,3.0,3.0,16.0,2.0,1.0,10.0,43.0,0.302,0.355,0.444,0.799,115.0,0.35,113.0,75.0,3.0,4.0,0.0,0.0,1.0,H987,
Reed Johnson,35.0,ATL,NL,-0.4,43.0,105.0,100.0,7.0,27.0,5.0,0.0,0.0,4.0,0.0,1.0,3.0,18.0,0.27,0.305,0.32,0.625,69.0,0.289,70.0,32.0,1.0,2.0,0.0,0.0,0.0,7H8/9,
Reid Brignac#,26.0,TBR,AL,-0.3,16.0,22.0,21.0,1.0,2.0,0.0,0.0,0.0,1.0,0.0,0.0,1.0,5.0,0.095,0.136,0.095,0.232,-33.0,0.113,-50.0,2.0,0.0,0.0,0.0,0.0,0.0,6/547H,
Rex Brothers*,24.0,COL,NL,0.0,72.0,3.0,2.0,0.0,0.0,0.0,0.0,0.0,0.0,0.0,0.0,0.0,2.0,0.0,0.0,0.0,0.0,-100.0,0.0,-286.0,0.0,0.0,0.0,1.0,0.0,0.0,1,
Rhiner Cruz,25.0,HOU,NL,0.0,49.0,1.0,1.0,0.0,0.0,0.0,0.0,0.0,0.0,0.0,0.0,0.0,1.0,0.0,0.0,0.0,0.0,-100.0,0.0,-145.0,0.0,0.0,0.0,0.0,0.0,0.0,1,
Rich Hill*,32.0,BOS,AL,0.0,1.0,0.0,0.0,0.0,0.0,0.0,0.0,0.0,0.0,0.0,0.0,0.0,0.0,,,,,,,,0.0,0.0,0.0,0.0,0.0,0.0,1,
Rich Thompson*,33.0,TBR,AL,-0.5,23.0,24.0,22.0,5.0,2.0,0.0,0.0,0.0,1.0,6.0,2.0,0.0,5.0,0.091,0.167,0.091,0.258,-24.0,0.155,-32.0,2.0,1.0,2.0,0.0,0.0,0.0,H/78D,
Rick Ankiel*,32.0,WSN,NL,-0.5,68.0,171.0,158.0,15.0,36.0,10.0,2.0,5.0,15.0,1.0,3.0,12.0,59.0,0.228,0.282,0.411,0.694,85.0,0.294,77.0,65.0,3.0,0.0,1.0,0.0,3.0,8H,
Rick Porcello,23.0,DET,AL,0.0,2.0,3.0,2.0,0.0,0.0,0.0,0.0,0.0,0.0,0.0,0.0,0.0,1.0,0.0,0.0,0.0,0.0,-100.0,0.0,-257.0,0.0,0.0,0.0,1.0,0.0,0.0,1,
Rick van den Hurk,27.0,PIT,NL,0.0,4.0,0.0,0.0,0.0,0.0,0.0,0.0,0.0,0.0,0.0,0.0,0.0,0.0,,,,,,,,0.0,0.0,0.0,0.0,0.0,0.0,/1,
Rickie Weeks,29.0,MIL,NL,-0.4,157.0,677.0,588.0,85.0,135.0,29.0,4.0,21.0,63.0,16.0,3.0,74.0,169.0,0.23,0.328,0.4,0.728,93.0,0.343,101.0,235.0,9.0,13.0,0.0,2.0,2.0,*4/HD,
Ricky Nolasco,29.0,MIA,NL,0.4,30.0,70.0,56.0,4.0,9.0,3.0,0.0,0.0,8.0,0.0,0.0,4.0,27.0,0.161,0.217,0.214,0.431,17.0,0.215,-2.0,12.0,0.0,0.0,10.0,0.0,0.0,1,
Ricky Romero,27.0,TOR,AL,0.0,2.0,5.0,5.0,1.0,1.0,0.0,0.0,0.0,0.0,0.0,0.0,0.0,2.0,0.2,0.2,0.2,0.4,10.0,0.179,-9.0,1.0,0.0,0.0,0.0,0.0,0.0,1,
Rob Brantly*,22.0,MIA,NL,0.5,31.0,113.0,100.0,14.0,29.0,8.0,0.0,3.0,8.0,1.0,1.0,13.0,16.0,0.29,0.372,0.46,0.832,123.0,0.358,120.0,46.0,1.0,0.0,0.0,0.0,2.0,2/H,
Rob Johnson,29.0,NYM,NL,-0.2,17.0,58.0,52.0,3.0,13.0,2.0,0.0,0.0,4.0,0.0,0.0,4.0,10.0,0.25,0.298,0.288,0.587,65.0,0.244,38.0,15.0,2.0,0.0,1.0,1.0,2.0,2/1H,
Rob Scahill*,25.0,COL,NL,0.1,6.0,3.0,1.0,0.0,0.0,0.0,0.0,0.0,0.0,0.0,0.0,1.0,0.0,0.0,0.5,0.0,0.5,44.0,0.347,95.0,0.0,0.0,0.0,1.0,0.0,0.0,/1,
Robbie Ross*,23.0,TEX,AL,0.0,5.0,2.0,2.0,1.0,0.0,0.0,0.0,0.0,0.0,0.0,0.0,0.0,1.0,0.0,0.0,0.0,0.0,-100.0,0.0,-143.0,0.0,0.0,0.0,0.0,0.0,0.0,1,
Robert Andino,28.0,BAL,AL,0.2,127.0,431.0,384.0,41.0,81.0,13.0,1.0,7.0,28.0,5.0,5.0,37.0,100.0,0.211,0.283,0.305,0.588,61.0,0.269,59.0,117.0,13.0,2.0,7.0,1.0,0.0,45H/678,
Robert Carson*,23.0,NYM,NL,0.0,16.0,0.0,0.0,0.0,0.0,0.0,0.0,0.0,0.0,0.0,0.0,0.0,0.0,,,,,,,,0.0,0.0,0.0,0.0,0.0,0.0,1,
Robert Coello,27.0,TOR,AL,0.0,4.0,0.0,0.0,0.0,0.0,0.0,0.0,0.0,0.0,0.0,0.0,0.0,0.0,,,,,,,,0.0,0.0,0.0,0.0,0.0,0.0,/1,
Robinson Canó*,29.0,NYY,AL,8.4,161.0,697.0,627.0,105.0,196.0,48.0,1.0,33.0,94.0,3.0,2.0,61.0,96.0,0.313,0.379,0.55,0.929,148.0,0.401,153.0,345.0,22.0,7.0,0.0,2.0,10.0,*4/DH,"AS,MVP-4,GG,SS"
Rod Barajas,36.0,PIT,NL,-1.0,104.0,361.0,321.0,29.0,66.0,11.0,0.0,11.0,31.0,0.0,0.0,29.0,69.0,0.206,0.283,0.343,0.625,73.0,0.29,75.0,110.0,4.0,7.0,0.0,4.0,5.0,2/H3,
Rodrigo López,36.0,CHC,NL,0.0,4.0,0.0,0.0,0.0,0.0,0.0,0.0,0.0,0.0,0.0,0.0,0.0,0.0,,,,,,,,0.0,0.0,0.0,0.0,0.0,0.0,/1,
Roger Bernadina*,28.0,WSN,NL,1.0,129.0,261.0,227.0,25.0,66.0,11.0,0.0,5.0,25.0,15.0,3.0,28.0,53.0,0.291,0.372,0.405,0.777,111.0,0.354,110.0,92.0,2.0,2.0,3.0,1.0,3.0,7H8/9,
Román Colón,32.0,KCR,AL,0.0,2.0,1.0,1.0,0.0,0.0,0.0,0.0,0.0,0.0,0.0,0.0,0.0,0.0,0.0,0.0,0.0,0.0,-100.0,0.0,-145.0,0.0,0.0,0.0,0.0,0.0,0.0,/1,
Ronald Belisario,29.0,LAD,NL,0.0,65.0,0.0,0.0,0.0,0.0,0.0,0.0,0.0,0.0,0.0,0.0,0.0,0.0,,,,,,,,0.0,0.0,0.0,0.0,0.0,0.0,1,
Ronny Cedeño,29.0,NYM,NL,0.4,78.0,186.0,166.0,18.0,43.0,11.0,1.0,4.0,22.0,0.0,1.0,17.0,35.0,0.259,0.332,0.41,0.741,105.0,0.329,106.0,68.0,10.0,1.0,2.0,0.0,0.0,46H/5,
Ronny Paulino,31.0,BAL,AL,-0.4,20.0,64.0,63.0,5.0,16.0,3.0,0.0,0.0,5.0,0.0,0.0,1.0,9.0,0.254,0.266,0.302,0.567,55.0,0.248,42.0,19.0,6.0,0.0,0.0,0.0,0.0,2/DH,
Ross Detwiler,26.0,WSN,NL,-0.4,30.0,49.0,45.0,0.0,2.0,0.0,0.0,0.0,1.0,0.0,0.0,1.0,22.0,0.044,0.065,0.044,0.11,-69.0,0.072,-104.0,2.0,0.0,0.0,3.0,0.0,0.0,1,
Ross Ohlendorf,29.0,SDP,NL,-0.2,12.0,17.0,16.0,2.0,1.0,0.0,0.0,0.0,0.0,0.0,0.0,0.0,8.0,0.063,0.063,0.063,0.125,-64.0,0.056,-103.0,1.0,1.0,0.0,1.0,0.0,0.0,1,
Roy Halladay,35.0,PHI,NL,0.0,25.0,57.0,53.0,4.0,9.0,0.0,0.0,0.0,2.0,0.0,0.0,0.0,26.0,0.17,0.17,0.17,0.34,-8.0,0.151,-44.0,9.0,0.0,0.0,4.0,0.0,0.0,1,
Rubby De La Rosa,23.0,LAD,NL,0.0,1.0,0.0,0.0,0.0,0.0,0.0,0.0,0.0,0.0,0.0,0.0,0.0,0.0,,,,,,,,0.0,0.0,0.0,0.0,0.0,0.0,/1,
Rubén Tejada,22.0,NYM,NL,2.1,114.0,501.0,464.0,53.0,134.0,26.0,0.0,1.0,25.0,4.0,4.0,27.0,73.0,0.289,0.333,0.351,0.685,91.0,0.324,102.0,163.0,9.0,5.0,3.0,2.0,0.0,*6/H,
Russ Canzler,26.0,CLE,AL,0.1,26.0,97.0,93.0,9.0,25.0,3.0,0.0,3.0,11.0,0.0,0.0,4.0,22.0,0.269,0.299,0.398,0.697,95.0,0.314,98.0,37.0,0.0,0.0,0.0,0.0,1.0,7/3DH,
Russell Martin,29.0,NYY,AL,1.8,133.0,485.0,422.0,50.0,89.0,18.0,0.0,21.0,53.0,6.0,1.0,53.0,95.0,0.211,0.311,0.403,0.713,91.0,0.325,95.0,170.0,13.0,8.0,2.0,0.0,0.0,*2/HD,
Ryan Braun,28.0,MIL,NL,6.9,154.0,677.0,598.0,108.0,191.0,36.0,3.0,41.0,112.0,30.0,7.0,63.0,128.0,0.319,0.391,0.595,0.987,158.0,0.424,161.0,356.0,12.0,11.0,0.0,5.0,15.0,*7/DH,"AS,MVP-2,SS"
Ryan Cook,25.0,OAK,AL,0.0,4.0,0.0,0.0,0.0,0.0,0.0,0.0,0.0,0.0,0.0,0.0,0.0,0.0,,,,,,,,0.0,0.0,0.0,0.0,0.0,0.0,1,AS
Ryan Dempster,35.0,CHC,NL,-0.2,15.0,33.0,32.0,1.0,3.0,0.0,1.0,0.0,1.0,0.0,0.0,0.0,9.0,0.094,0.094,0.156,0.25,-34.0,0.106,-72.0,5.0,0.0,0.0,1.0,0.0,0.0,1,
Ryan Doumit#,31.0,MIN,AL,1.3,134.0,528.0,484.0,56.0,133.0,34.0,1.0,18.0,75.0,0.0,0.0,29.0,98.0,0.275,0.32,0.461,0.781,114.0,0.334,109.0,223.0,17.0,7.0,0.0,8.0,5.0,2D7/H93,
Ryan Flaherty*,25.0,BAL,AL,-0.3,77.0,167.0,153.0,15.0,33.0,2.0,1.0,6.0,19.0,1.0,0.0,6.0,43.0,0.216,0.258,0.359,0.617,66.0,0.276,60.0,55.0,3.0,3.0,3.0,1.0,0.0,459H/736D,
Ryan Hanigan,31.0,CIN,NL,2.3,112.0,371.0,317.0,25.0,87.0,14.0,0.0,2.0,24.0,0.0,0.0,44.0,37.0,0.274,0.365,0.338,0.703,90.0,0.32,88.0,107.0,6.0,3.0,4.0,3.0,13.0,*2/H,
Ryan Howard*,32.0,PHI,NL,-1.2,71.0,292.0,260.0,28.0,57.0,11.0,0.0,14.0,56.0,0.0,0.0,25.0,99.0,0.219,0.295,0.423,0.718,91.0,0.303,77.0,110.0,8.0,4.0,0.0,3.0,7.0,3/H,
Ryan Jackson,24.0,STL,NL,-0.2,13.0,18.0,17.0,2.0,2.0,0.0,0.0,0.0,0.0,0.0,0.0,1.0,3.0,0.118,0.167,0.118,0.284,-20.0,0.133,-44.0,2.0,1.0,0.0,0.0,0.0,0.0,/H46,
Ryan Kalish*,24.0,BOS,AL,-0.8,36.0,103.0,96.0,12.0,22.0,3.0,0.0,0.0,5.0,3.0,2.0,6.0,26.0,0.229,0.272,0.26,0.532,46.0,0.252,45.0,25.0,4.0,0.0,0.0,1.0,0.0,8/9H7D,
Ryan Langerhans*,32.0,LAA,AL,-0.2,2.0,2.0,1.0,0.0,0.0,0.0,0.0,0.0,0.0,0.0,0.0,0.0,1.0,0.0,0.0,0.0,0.0,-100.0,0.0,-373.0,0.0,0.0,0.0,1.0,0.0,0.0,/7,
Ryan Lavarnway,24.0,BOS,AL,-1.6,46.0,166.0,153.0,11.0,24.0,8.0,0.0,2.0,12.0,0.0,0.0,11.0,41.0,0.157,0.211,0.248,0.459,24.0,0.211,13.0,38.0,4.0,0.0,0.0,2.0,0.0,2D/H,
Ryan Ludwick,33.0,CIN,NL,2.3,125.0,472.0,422.0,53.0,116.0,28.0,1.0,26.0,80.0,0.0,1.0,42.0,97.0,0.275,0.346,0.531,0.877,130.0,0.378,132.0,224.0,9.0,5.0,1.0,2.0,3.0,7H/D,
Ryan Mattheus,28.0,WSN,NL,0.0,64.0,1.0,1.0,0.0,0.0,0.0,0.0,0.0,0.0,0.0,0.0,0.0,1.0,0.0,0.0,0.0,0.0,-100.0,0.0,-145.0,0.0,0.0,0.0,0.0,0.0,0.0,1,
Ryan Perry,25.0,WSN,NL,0.0,7.0,0.0,0.0,0.0,0.0,0.0,0.0,0.0,0.0,0.0,0.0,0.0,0.0,,,,,,,,0.0,0.0,0.0,0.0,0.0,0.0,/1,
Ryan Raburn,31.0,DET,AL,-1.9,66.0,222.0,205.0,14.0,35.0,14.0,0.0,1.0,12.0,1.0,1.0,13.0,53.0,0.171,0.226,0.254,0.48,29.0,0.218,17.0,52.0,7.0,2.0,1.0,1.0,0.0,479/HD,
Ryan Roberts,31.0,2TM,2LG,1.4,143.0,489.0,439.0,51.0,103.0,19.0,0.0,12.0,52.0,10.0,6.0,40.0,92.0,0.235,0.296,0.36,0.656,79.0,0.295,77.0,158.0,13.0,1.0,3.0,6.0,1.0,54H/7D,
Ryan Roberts,31.0,ARI,NL,0.7,83.0,280.0,252.0,28.0,63.0,9.0,0.0,6.0,34.0,6.0,3.0,22.0,45.0,0.25,0.306,0.357,0.663,78.0,0.299,73.0,90.0,10.0,0.0,2.0,4.0,1.0,5H/47,
Ryan Roberts,31.0,TBR,AL,0.7,60.0,209.0,187.0,23.0,40.0,10.0,0.0,6.0,18.0,4.0,3.0,18.0,47.0,0.214,0.284,0.364,0.647,81.0,0.29,82.0,68.0,3.0,1.0,1.0,2.0,0.0,45/HD,
Ryan Sweeney*,27.0,BOS,AL,0.7,63.0,219.0,204.0,22.0,53.0,19.0,2.0,0.0,16.0,0.0,0.0,12.0,43.0,0.26,0.303,0.373,0.675,82.0,0.302,79.0,76.0,1.0,1.0,1.0,1.0,0.0,98/H,
Ryan Theriot,32.0,SFG,NL,-0.3,104.0,384.0,352.0,45.0,95.0,16.0,1.0,0.0,28.0,13.0,5.0,24.0,47.0,0.27,0.316,0.321,0.637,83.0,0.3,89.0,113.0,12.0,1.0,4.0,3.0,1.0,4H/7,
Ryan Vogelsong,34.0,SFG,NL,0.0,29.0,66.0,54.0,5.0,5.0,1.0,0.0,0.0,0.0,0.0,0.0,3.0,31.0,0.093,0.155,0.111,0.266,-22.0,0.132,-52.0,6.0,1.0,1.0,8.0,0.0,0.0,1,
Ryan Webb,26.0,MIA,NL,0.0,61.0,1.0,1.0,0.0,0.0,0.0,0.0,0.0,0.0,0.0,0.0,0.0,1.0,0.0,0.0,0.0,0.0,-100.0,0.0,-145.0,0.0,0.0,0.0,0.0,0.0,0.0,1,
Ryan Wheeler*,23.0,ARI,NL,-0.1,50.0,119.0,109.0,11.0,26.0,6.0,1.0,1.0,10.0,1.0,0.0,9.0,22.0,0.239,0.294,0.339,0.634,70.0,0.305,76.0,37.0,4.0,0.0,0.0,1.0,0.0,H5/3,
Ryan Zimmerman,27.0,WSN,NL,3.9,145.0,641.0,578.0,93.0,163.0,36.0,1.0,25.0,95.0,5.0,2.0,57.0,116.0,0.282,0.346,0.478,0.824,121.0,0.364,123.0,276.0,20.0,2.0,0.0,4.0,8.0,*5/H,MVP-24
Salvador Perez,22.0,KCR,AL,3.0,76.0,305.0,289.0,38.0,87.0,16.0,0.0,11.0,39.0,0.0,0.0,12.0,27.0,0.301,0.328,0.471,0.798,115.0,0.348,115.0,136.0,14.0,1.0,0.0,3.0,3.0,2/DH,
Sam Demel,26.0,ARI,NL,0.0,1.0,0.0,0.0,0.0,0.0,0.0,0.0,0.0,0.0,0.0,0.0,0.0,0.0,,,,,,,,0.0,0.0,0.0,0.0,0.0,0.0,/1,
Sam Freeman,25.0,STL,NL,0.0,21.0,0.0,0.0,0.0,0.0,0.0,0.0,0.0,0.0,0.0,0.0,0.0,0.0,,,,,,,,0.0,0.0,0.0,0.0,0.0,0.0,1,
Sam Fuld*,30.0,TBR,AL,0.6,44.0,107.0,98.0,14.0,25.0,3.0,2.0,0.0,5.0,7.0,2.0,8.0,14.0,0.255,0.318,0.327,0.644,82.0,0.294,78.0,32.0,0.0,1.0,0.0,0.0,0.0,97H/D8,
Sam LeCure,28.0,CIN,NL,0.0,47.0,2.0,1.0,0.0,0.0,0.0,0.0,0.0,0.0,0.0,0.0,0.0,1.0,0.0,0.5,0.0,0.5,51.0,0.363,118.0,0.0,0.0,1.0,0.0,0.0,0.0,1,
Sandy León#,23.0,WSN,NL,0.1,12.0,36.0,30.0,2.0,8.0,2.0,0.0,0.0,2.0,0.0,0.0,4.0,11.0,0.267,0.389,0.333,0.722,99.0,0.36,121.0,10.0,1.0,2.0,0.0,0.0,0.0,2/H,
Sandy Rosario,26.0,MIA,NL,0.0,3.0,0.0,0.0,0.0,0.0,0.0,0.0,0.0,0.0,0.0,0.0,0.0,0.0,,,,,,,,0.0,0.0,0.0,0.0,0.0,0.0,/1,
Santiago Casilla,31.0,SFG,NL,0.0,68.0,3.0,3.0,0.0,1.0,0.0,0.0,0.0,1.0,0.0,0.0,0.0,1.0,0.333,0.333,0.333,0.667,92.0,0.301,91.0,1.0,0.0,0.0,0.0,0.0,0.0,1,
Scott Atchison,36.0,BOS,AL,0.0,3.0,0.0,0.0,0.0,0.0,0.0,0.0,0.0,0.0,0.0,0.0,0.0,0.0,,,,,,,,0.0,0.0,0.0,0.0,0.0,0.0,1,
Scott Barnes*,24.0,CLE,AL,0.0,1.0,0.0,0.0,0.0,0.0,0.0,0.0,0.0,0.0,0.0,0.0,0.0,0.0,,,,,,,,0.0,0.0,0.0,0.0,0.0,0.0,1,
Scott Cousins*,27.0,MIA,NL,-1.0,53.0,92.0,86.0,7.0,14.0,4.0,1.0,1.0,3.0,1.0,1.0,4.0,24.0,0.163,0.2,0.267,0.467,25.0,0.192,-7.0,23.0,2.0,0.0,2.0,0.0,2.0,H89/7,
Scott Diamond*,25.0,MIN,AL,0.0,3.0,8.0,7.0,1.0,1.0,0.0,0.0,0.0,0.0,0.0,0.0,0.0,4.0,0.143,0.143,0.143,0.286,-20.0,0.128,-62.0,1.0,0.0,0.0,1.0,0.0,0.0,1,
Scott Downs*,36.0,LAA,AL,0.0,3.0,0.0,0.0,0.0,0.0,0.0,0.0,0.0,0.0,0.0,0.0,0.0,0.0,,,,,,,,0.0,0.0,0.0,0.0,0.0,0.0,1,
Scott Elbert*,26.0,LAD,NL,0.0,39.0,0.0,0.0,0.0,0.0,0.0,0.0,0.0,0.0,0.0,0.0,0.0,0.0,,,,,,,,0.0,0.0,0.0,0.0,0.0,0.0,1,
Scott Feldman*,29.0,TEX,AL,0.0,2.0,5.0,4.0,0.0,1.0,0.0,0.0,0.0,1.0,0.0,0.0,0.0,2.0,0.25,0.25,0.25,0.5,34.0,0.224,-2.0,1.0,0.0,0.0,1.0,0.0,0.0,1,
Scott Hairston,32.0,NYM,NL,1.7,134.0,398.0,377.0,52.0,99.0,25.0,3.0,20.0,57.0,8.0,2.0,19.0,83.0,0.263,0.299,0.504,0.803,118.0,0.365,128.0,190.0,10.0,1.0,0.0,1.0,0.0,79H8,
Scott Maine*,27.0,2TM,2LG,0.0,21.0,2.0,2.0,0.0,0.0,0.0,0.0,0.0,0.0,0.0,0.0,0.0,1.0,0.0,0.0,0.0,0.0,-100.0,0.0,-145.0,0.0,0.0,0.0,0.0,0.0,0.0,1,
Scott Maine*,27.0,CHC,NL,0.0,20.0,2.0,2.0,0.0,0.0,0.0,0.0,0.0,0.0,0.0,0.0,0.0,1.0,0.0,0.0,0.0,0.0,-100.0,0.0,-145.0,0.0,0.0,0.0,0.0,0.0,0.0,1,
Scott Maine*,27.0,CLE,AL,0.0,1.0,0.0,0.0,0.0,0.0,0.0,0.0,0.0,0.0,0.0,0.0,0.0,0.0,,,,,,,,0.0,0.0,0.0,0.0,0.0,0.0,/1,
Scott Moore*,28.0,HOU,NL,0.0,72.0,228.0,201.0,23.0,52.0,11.0,0.0,9.0,26.0,0.0,1.0,16.0,56.0,0.259,0.33,0.448,0.778,109.0,0.334,104.0,90.0,3.0,7.0,1.0,3.0,2.0,539H/47,
Scott Podsednik*,36.0,BOS,AL,0.3,63.0,216.0,199.0,19.0,60.0,7.0,0.0,1.0,12.0,8.0,2.0,6.0,35.0,0.302,0.322,0.352,0.674,83.0,0.311,82.0,70.0,3.0,1.0,8.0,2.0,0.0,78/H9D,
Scott Rolen,37.0,CIN,NL,0.6,92.0,330.0,294.0,26.0,72.0,17.0,2.0,8.0,39.0,2.0,1.0,30.0,62.0,0.245,0.318,0.398,0.716,90.0,0.319,88.0,117.0,5.0,3.0,0.0,3.0,0.0,5/H,
Scott Van Slyke,25.0,LAD,NL,-0.4,27.0,57.0,54.0,4.0,9.0,2.0,0.0,2.0,7.0,1.0,0.0,2.0,14.0,0.167,0.196,0.315,0.511,39.0,0.244,36.0,17.0,2.0,0.0,1.0,0.0,0.0,97/H3,
Sean Burnett*,29.0,WSN,NL,0.1,65.0,1.0,0.0,0.0,0.0,0.0,0.0,0.0,0.0,0.0,0.0,1.0,0.0,,1.0,,,,0.695,364.0,0.0,0.0,0.0,0.0,0.0,0.0,1,
Sean Burroughs*,31.0,MIN,AL,-0.2,10.0,18.0,17.0,0.0,2.0,1.0,0.0,0.0,1.0,0.0,0.0,1.0,3.0,0.118,0.167,0.176,0.343,-4.0,0.158,-21.0,3.0,1.0,0.0,0.0,0.0,0.0,/H53D,
Sean Doolittle*,25.0,OAK,AL,0.0,3.0,0.0,0.0,0.0,0.0,0.0,0.0,0.0,0.0,0.0,0.0,0.0,0.0,,,,,,,,0.0,0.0,0.0,0.0,0.0,0.0,1,
Sean Marshall*,29.0,CIN,NL,0.0,70.0,0.0,0.0,0.0,0.0,0.0,0.0,0.0,0.0,0.0,0.0,0.0,0.0,,,,,,,,0.0,0.0,0.0,0.0,0.0,0.0,1,
Sean Rodríguez,27.0,TBR,AL,1.1,112.0,342.0,301.0,36.0,64.0,14.0,1.0,6.0,32.0,5.0,0.0,27.0,75.0,0.213,0.281,0.326,0.607,70.0,0.277,66.0,98.0,7.0,3.0,8.0,3.0,1.0,564H/D,
Sergio Romo,29.0,SFG,NL,0.0,65.0,0.0,0.0,0.0,0.0,0.0,0.0,0.0,0.0,0.0,0.0,0.0,0.0,,,,,,,,0.0,0.0,0.0,0.0,0.0,0.0,1,
Seth Smith*,29.0,OAK,AL,1.8,125.0,441.0,383.0,55.0,92.0,23.0,2.0,14.0,52.0,2.0,2.0,50.0,98.0,0.24,0.333,0.42,0.754,111.0,0.333,112.0,161.0,4.0,5.0,0.0,3.0,7.0,7DH9,
Shane Loux,32.0,SFG,NL,0.0,16.0,1.0,1.0,0.0,0.0,0.0,0.0,0.0,0.0,0.0,0.0,0.0,0.0,0.0,0.0,0.0,0.0,-100.0,0.0,-127.0,0.0,0.0,0.0,0.0,0.0,0.0,1,
Shane Robinson,27.0,STL,NL,0.6,102.0,181.0,166.0,20.0,42.0,8.0,0.0,3.0,16.0,1.0,0.0,14.0,32.0,0.253,0.309,0.355,0.665,82.0,0.315,89.0,59.0,5.0,0.0,0.0,1.0,2.0,H879,
Shane Victorino,31.0,2TM,NL,3.0,154.0,666.0,595.0,72.0,152.0,29.0,7.0,11.0,55.0,39.0,6.0,53.0,80.0,0.255,0.321,0.383,0.704,91.0,0.329,91.0,228.0,5.0,6.0,9.0,3.0,1.0,*87/9,
Shane Victorino,31.0,PHI,NL,1.8,101.0,431.0,387.0,46.0,101.0,17.0,5.0,9.0,40.0,24.0,4.0,35.0,49.0,0.261,0.324,0.401,0.724,94.0,0.334,94.0,155.0,4.0,2.0,5.0,2.0,1.0,8,
Shane Victorino,31.0,LAD,NL,1.1,53.0,235.0,208.0,26.0,51.0,12.0,2.0,2.0,15.0,15.0,2.0,18.0,31.0,0.245,0.316,0.351,0.667,85.0,0.318,86.0,73.0,1.0,4.0,4.0,1.0,0.0,7/89,
Shaun Marcum,30.0,MIL,NL,-0.1,21.0,44.0,38.0,1.0,4.0,1.0,0.0,0.0,1.0,0.0,0.0,3.0,14.0,0.105,0.171,0.132,0.302,-18.0,0.145,-52.0,5.0,0.0,0.0,3.0,0.0,0.0,1/H,
Shawn Camp,36.0,CHC,NL,0.0,77.0,0.0,0.0,0.0,0.0,0.0,0.0,0.0,0.0,0.0,0.0,0.0,0.0,,,,,,,,0.0,0.0,0.0,0.0,0.0,0.0,1,
Shawn Kelley,28.0,SEA,AL,0.0,5.0,0.0,0.0,0.0,0.0,0.0,0.0,0.0,0.0,0.0,0.0,0.0,0.0,,,,,,,,0.0,0.0,0.0,0.0,0.0,0.0,1,
Shawn Tolleson,24.0,LAD,NL,0.0,36.0,0.0,0.0,0.0,0.0,0.0,0.0,0.0,0.0,0.0,0.0,0.0,0.0,,,,,,,,0.0,0.0,0.0,0.0,0.0,0.0,1,
Shelby Miller,21.0,STL,NL,0.1,6.0,3.0,3.0,0.0,2.0,1.0,0.0,0.0,0.0,0.0,0.0,0.0,0.0,0.667,0.667,1.0,1.667,350.0,0.72,388.0,3.0,0.0,0.0,0.0,0.0,0.0,/1,
Shelley Duncan,32.0,CLE,AL,-0.4,81.0,264.0,232.0,29.0,47.0,10.0,0.0,11.0,31.0,1.0,2.0,28.0,59.0,0.203,0.288,0.388,0.676,89.0,0.296,87.0,90.0,9.0,1.0,0.0,3.0,1.0,7D/H93,
Shin-Soo Choo*,29.0,CLE,AL,3.6,155.0,686.0,598.0,88.0,169.0,43.0,2.0,16.0,67.0,21.0,7.0,73.0,150.0,0.283,0.373,0.441,0.815,129.0,0.364,134.0,264.0,10.0,14.0,0.0,1.0,0.0,*9/H,
Skip Schumaker*,32.0,STL,NL,0.9,107.0,304.0,272.0,37.0,75.0,14.0,4.0,1.0,28.0,1.0,1.0,27.0,50.0,0.276,0.339,0.368,0.707,94.0,0.318,93.0,100.0,6.0,0.0,3.0,2.0,2.0,4H89/7,
Starlin Castro,22.0,CHC,NL,3.5,162.0,691.0,646.0,78.0,183.0,29.0,12.0,14.0,78.0,25.0,13.0,36.0,100.0,0.283,0.323,0.43,0.753,102.0,0.336,103.0,278.0,15.0,4.0,0.0,5.0,5.0,*6,AS
Starling Marte,23.0,PIT,NL,1.0,47.0,182.0,167.0,18.0,43.0,3.0,6.0,5.0,17.0,12.0,5.0,8.0,50.0,0.257,0.3,0.437,0.737,102.0,0.338,109.0,73.0,5.0,3.0,2.0,2.0,0.0,7/8H,
Stephen Drew*,29.0,2TM,2LG,-0.3,79.0,327.0,287.0,38.0,64.0,13.0,1.0,7.0,28.0,1.0,2.0,37.0,76.0,0.223,0.309,0.348,0.657,81.0,0.291,76.0,100.0,2.0,0.0,0.0,3.0,2.0,6/H,
Stephen Drew*,29.0,ARI,NL,-0.4,40.0,155.0,135.0,17.0,26.0,8.0,1.0,2.0,12.0,0.0,1.0,19.0,35.0,0.193,0.29,0.311,0.601,62.0,0.268,53.0,42.0,1.0,0.0,0.0,1.0,1.0,6/H,
Stephen Drew*,29.0,OAK,AL,0.1,39.0,172.0,152.0,21.0,38.0,5.0,0.0,5.0,16.0,1.0,1.0,18.0,41.0,0.25,0.326,0.382,0.707,98.0,0.311,96.0,58.0,1.0,0.0,0.0,2.0,1.0,6,
Stephen Fife,25.0,LAD,NL,0.2,5.0,8.0,7.0,1.0,2.0,1.0,0.0,0.0,0.0,0.0,0.0,0.0,2.0,0.286,0.286,0.429,0.714,94.0,0.438,195.0,3.0,0.0,0.0,1.0,0.0,0.0,/1,
Stephen Strasburg,23.0,WSN,NL,0.8,26.0,53.0,47.0,4.0,13.0,4.0,0.0,1.0,7.0,0.0,0.0,3.0,13.0,0.277,0.333,0.426,0.759,104.0,0.336,103.0,20.0,0.0,1.0,2.0,0.0,0.0,1,"AS,SS"
Stephen Vogt*,27.0,TBR,AL,-0.6,18.0,27.0,25.0,0.0,0.0,0.0,0.0,0.0,0.0,0.0,0.0,2.0,2.0,0.0,0.074,0.0,0.074,-76.0,0.051,-95.0,0.0,0.0,0.0,0.0,0.0,0.0,H/2D7,
Steve Cishek,26.0,MIA,NL,0.0,66.0,1.0,1.0,0.0,0.0,0.0,0.0,0.0,0.0,0.0,0.0,0.0,0.0,0.0,0.0,0.0,0.0,-100.0,0.0,-145.0,0.0,0.0,0.0,0.0,0.0,0.0,1,
Steve Clevenger*,26.0,CHC,NL,-1.0,69.0,215.0,199.0,16.0,40.0,12.0,0.0,1.0,16.0,0.0,1.0,16.0,39.0,0.201,0.26,0.276,0.537,46.0,0.241,35.0,55.0,10.0,0.0,0.0,0.0,0.0,2H/35,
Steve Delabar,28.0,SEA,AL,0.0,1.0,0.0,0.0,0.0,0.0,0.0,0.0,0.0,0.0,0.0,0.0,0.0,0.0,,,,,,,,0.0,0.0,0.0,0.0,0.0,0.0,1,
Steve Edlefsen,27.0,SFG,NL,0.0,14.0,1.0,1.0,0.0,0.0,0.0,0.0,0.0,0.0,0.0,0.0,0.0,0.0,0.0,0.0,0.0,0.0,-100.0,0.0,-127.0,0.0,0.0,0.0,0.0,0.0,0.0,1,
Steve Lombardozzi#,23.0,WSN,NL,0.4,126.0,416.0,384.0,40.0,105.0,16.0,3.0,3.0,27.0,5.0,3.0,19.0,46.0,0.273,0.317,0.354,0.671,82.0,0.309,83.0,136.0,1.0,6.0,6.0,1.0,1.0,47H5/6,
Steve Pearce,29.0,3TM,2LG,0.3,61.0,188.0,159.0,16.0,38.0,8.0,1.0,4.0,26.0,1.0,2.0,20.0,41.0,0.239,0.328,0.377,0.705,92.0,0.31,89.0,60.0,4.0,3.0,2.0,4.0,1.0,739H/D,
Steve Pearce,29.0,2TM,AL,0.3,40.0,113.0,96.0,14.0,22.0,4.0,0.0,4.0,18.0,0.0,1.0,13.0,25.0,0.229,0.315,0.396,0.711,92.0,0.315,94.0,38.0,1.0,0.0,2.0,2.0,0.0,7/39HD,
Steve Pearce,29.0,BAL,AL,0.4,28.0,83.0,71.0,8.0,18.0,4.0,0.0,3.0,14.0,0.0,1.0,8.0,17.0,0.254,0.321,0.437,0.758,104.0,0.33,107.0,31.0,1.0,0.0,2.0,2.0,0.0,7/9H,
Steve Pearce,29.0,HOU,NL,-0.1,21.0,75.0,63.0,2.0,16.0,4.0,1.0,0.0,8.0,1.0,1.0,7.0,16.0,0.254,0.347,0.349,0.696,91.0,0.302,81.0,22.0,3.0,3.0,0.0,2.0,1.0,39/H7,
Steve Pearce,29.0,NYY,AL,-0.1,12.0,30.0,25.0,6.0,4.0,0.0,0.0,1.0,4.0,0.0,0.0,5.0,8.0,0.16,0.3,0.28,0.58,59.0,0.273,58.0,7.0,0.0,0.0,0.0,0.0,0.0,/3DH,
Steven Hill,27.0,STL,NL,0.0,9.0,10.0,10.0,1.0,2.0,1.0,0.0,0.0,0.0,0.0,0.0,0.0,3.0,0.2,0.2,0.3,0.5,35.0,0.307,85.0,3.0,0.0,0.0,0.0,0.0,0.0,/H3,
Steven Lerud*,27.0,PHI,NL,-0.1,3.0,10.0,10.0,1.0,2.0,0.0,0.0,0.0,0.0,0.0,0.0,0.0,2.0,0.2,0.2,0.2,0.4,9.0,0.181,-12.0,2.0,1.0,0.0,0.0,0.0,0.0,/2,
Steven Tolleson,28.0,BAL,AL,-0.3,29.0,76.0,71.0,4.0,13.0,3.0,0.0,2.0,6.0,1.0,0.0,4.0,17.0,0.183,0.227,0.31,0.537,45.0,0.238,31.0,22.0,2.0,0.0,1.0,0.0,0.0,5/7H4D6,
Takashi Saito*,42.0,ARI,NL,0.0,16.0,0.0,0.0,0.0,0.0,0.0,0.0,0.0,0.0,0.0,0.0,0.0,0.0,,,,,,,,0.0,0.0,0.0,0.0,0.0,0.0,1,
Tanner Scheppers,25.0,TEX,AL,0.0,3.0,0.0,0.0,0.0,0.0,0.0,0.0,0.0,0.0,0.0,0.0,0.0,0.0,,,,,,,,0.0,0.0,0.0,0.0,0.0,0.0,1,
Taylor Green*,25.0,MIL,NL,-0.3,58.0,117.0,103.0,8.0,19.0,7.0,0.0,3.0,14.0,0.0,0.0,10.0,24.0,0.184,0.265,0.34,0.605,60.0,0.274,54.0,35.0,3.0,2.0,0.0,2.0,0.0,H35/4D,
Taylor Teagarden,28.0,BAL,AL,-0.2,22.0,64.0,57.0,4.0,9.0,3.0,0.0,2.0,9.0,0.0,0.0,5.0,23.0,0.158,0.226,0.316,0.542,46.0,0.268,55.0,18.0,1.0,0.0,2.0,0.0,0.0,2/HD,
Ted Lilly*,36.0,LAD,NL,-0.1,8.0,20.0,15.0,0.0,1.0,0.0,0.0,0.0,0.0,0.0,0.0,1.0,7.0,0.067,0.125,0.067,0.192,-45.0,0.1,-107.0,1.0,0.0,0.0,4.0,0.0,0.0,/1,
Thomas Field,25.0,COL,NL,0.0,2.0,3.0,2.0,0.0,0.0,0.0,0.0,0.0,0.0,0.0,0.0,1.0,1.0,0.0,0.333,0.0,0.333,-4.0,0.232,12.0,0.0,0.0,0.0,0.0,0.0,0.0,/4H,
Thomas Neal,24.0,CLE,AL,-0.3,9.0,24.0,23.0,2.0,5.0,1.0,0.0,0.0,2.0,0.0,0.0,0.0,6.0,0.217,0.25,0.261,0.511,45.0,0.232,38.0,6.0,1.0,1.0,0.0,0.0,0.0,/79H,
Tim Byrdak*,38.0,NYM,NL,0.0,51.0,0.0,0.0,0.0,0.0,0.0,0.0,0.0,0.0,0.0,0.0,0.0,0.0,,,,,,,,0.0,0.0,0.0,0.0,0.0,0.0,1,
Tim Collins*,22.0,KCR,AL,0.0,3.0,1.0,1.0,0.0,0.0,0.0,0.0,0.0,0.0,0.0,0.0,0.0,0.0,0.0,0.0,0.0,0.0,-100.0,0.0,-145.0,0.0,0.0,0.0,0.0,0.0,0.0,1,
Tim Dillard,28.0,MIL,NL,0.0,32.0,0.0,0.0,0.0,0.0,0.0,0.0,0.0,0.0,0.0,0.0,0.0,0.0,,,,,,,,0.0,0.0,0.0,0.0,0.0,0.0,1,
Tim Federowicz,24.0,LAD,NL,0.0,3.0,4.0,3.0,0.0,1.0,0.0,0.0,0.0,0.0,0.0,0.0,1.0,2.0,0.333,0.5,0.333,0.833,138.0,0.399,155.0,1.0,0.0,0.0,0.0,0.0,0.0,/2H,
Tim Hudson,36.0,ATL,NL,0.5,27.0,67.0,55.0,4.0,12.0,3.0,0.0,0.0,6.0,0.0,0.0,2.0,18.0,0.218,0.25,0.273,0.523,41.0,0.247,29.0,15.0,0.0,1.0,7.0,2.0,0.0,1/H,
Tim Lincecum*,28.0,SFG,NL,0.1,31.0,61.0,45.0,2.0,4.0,0.0,0.0,0.0,3.0,0.0,0.0,6.0,26.0,0.089,0.196,0.089,0.285,-14.0,0.149,-46.0,4.0,0.0,0.0,10.0,0.0,0.0,1,
Tim Stauffer,30.0,SDP,NL,0.0,1.0,2.0,1.0,0.0,0.0,0.0,0.0,0.0,1.0,0.0,0.0,0.0,0.0,0.0,0.0,0.0,0.0,-100.0,0.0,-364.0,0.0,0.0,0.0,1.0,0.0,0.0,/1,
Todd Coffey,31.0,LAD,NL,0.0,20.0,0.0,0.0,0.0,0.0,0.0,0.0,0.0,0.0,0.0,0.0,0.0,0.0,,,,,,,,0.0,0.0,0.0,0.0,0.0,0.0,1,
Todd Frazier,26.0,CIN,NL,2.3,128.0,465.0,422.0,55.0,115.0,26.0,6.0,19.0,67.0,3.0,2.0,36.0,103.0,0.273,0.331,0.498,0.829,118.0,0.361,119.0,210.0,9.0,3.0,0.0,4.0,1.0,53H/79D,ROY-3
Todd Helton*,38.0,COL,NL,0.1,69.0,283.0,240.0,31.0,57.0,16.0,1.0,7.0,37.0,1.0,1.0,39.0,44.0,0.238,0.343,0.4,0.743,89.0,0.338,91.0,96.0,6.0,1.0,0.0,3.0,1.0,3/H,
Todd Redmond,27.0,CIN,NL,0.0,1.0,1.0,1.0,0.0,0.0,0.0,0.0,0.0,0.0,0.0,0.0,0.0,1.0,0.0,0.0,0.0,0.0,-100.0,0.0,-145.0,0.0,0.0,0.0,0.0,0.0,0.0,/1,
Tom Gorzelanny,29.0,WSN,NL,0.1,44.0,7.0,6.0,0.0,2.0,0.0,0.0,0.0,1.0,0.0,0.0,1.0,1.0,0.333,0.429,0.333,0.762,111.0,0.357,118.0,2.0,0.0,0.0,0.0,0.0,0.0,1,
Tom Koehler,26.0,MIA,NL,0.0,8.0,1.0,1.0,0.0,0.0,0.0,0.0,0.0,0.0,0.0,0.0,0.0,1.0,0.0,0.0,0.0,0.0,-100.0,0.0,-145.0,0.0,0.0,0.0,0.0,0.0,0.0,/1,
Tom Wilhelmsen,28.0,SEA,AL,0.0,4.0,0.0,0.0,0.0,0.0,0.0,0.0,0.0,0.0,0.0,0.0,0.0,0.0,,,,,,,,0.0,0.0,0.0,0.0,0.0,0.0,1,
Tommy Hanson,25.0,ATL,NL,-0.6,29.0,61.0,49.0,0.0,1.0,0.0,0.0,0.0,0.0,0.0,0.0,2.0,30.0,0.02,0.059,0.02,0.079,-77.0,0.045,-154.0,1.0,0.0,0.0,10.0,0.0,0.0,1,
Tommy Hunter,25.0,BAL,AL,0.0,1.0,2.0,2.0,0.0,0.0,0.0,0.0,0.0,0.0,0.0,0.0,0.0,1.0,0.0,0.0,0.0,0.0,-100.0,0.0,-135.0,0.0,0.0,0.0,0.0,0.0,0.0,1,
Tommy Layne*,27.0,SDP,NL,0.0,26.0,0.0,0.0,0.0,0.0,0.0,0.0,0.0,0.0,0.0,0.0,0.0,0.0,,,,,,,,0.0,0.0,0.0,0.0,0.0,0.0,1,
Tommy Milone*,25.0,OAK,AL,0.0,2.0,5.0,5.0,1.0,1.0,0.0,0.0,0.0,2.0,0.0,0.0,0.0,1.0,0.2,0.2,0.2,0.4,13.0,0.179,-2.0,1.0,0.0,0.0,0.0,0.0,0.0,1,
Tony Abreu#,27.0,KCR,AL,-0.2,22.0,74.0,70.0,5.0,18.0,2.0,1.0,1.0,15.0,0.0,0.0,2.0,13.0,0.257,0.284,0.357,0.641,74.0,0.278,64.0,25.0,1.0,1.0,0.0,1.0,0.0,4/56HD,
Tony Campana*,26.0,CHC,NL,1.0,89.0,192.0,174.0,26.0,46.0,6.0,0.0,0.0,5.0,30.0,3.0,11.0,43.0,0.264,0.308,0.299,0.607,66.0,0.313,61.0,52.0,0.0,0.0,7.0,0.0,0.0,8H7/9,
Tony Cingrani*,22.0,CIN,NL,0.0,3.0,1.0,1.0,0.0,0.0,0.0,0.0,0.0,0.0,0.0,0.0,0.0,1.0,0.0,0.0,0.0,0.0,-100.0,0.0,-145.0,0.0,0.0,0.0,0.0,0.0,0.0,/1,
Tony Cruz,25.0,STL,NL,-0.2,51.0,131.0,126.0,11.0,32.0,9.0,1.0,1.0,11.0,0.0,1.0,3.0,19.0,0.254,0.267,0.365,0.632,72.0,0.274,63.0,46.0,4.0,0.0,0.0,2.0,0.0,2H/3,
Tony Gwynn*,29.0,LAD,NL,-0.5,103.0,277.0,259.0,29.0,60.0,8.0,4.0,0.0,17.0,13.0,6.0,16.0,52.0,0.232,0.276,0.293,0.57,58.0,0.267,56.0,76.0,6.0,0.0,2.0,0.0,2.0,87H/9,
Tony Sipp*,28.0,CLE,AL,0.0,2.0,0.0,0.0,0.0,0.0,0.0,0.0,0.0,0.0,0.0,0.0,0.0,0.0,,,,,,,,0.0,0.0,0.0,0.0,0.0,0.0,1,
Tony Watson*,27.0,PIT,NL,0.0,64.0,1.0,1.0,0.0,0.0,0.0,0.0,0.0,0.0,0.0,0.0,0.0,1.0,0.0,0.0,0.0,0.0,-100.0,0.0,-136.0,0.0,0.0,0.0,0.0,0.0,0.0,1,
Torii Hunter,36.0,LAA,AL,5.4,140.0,584.0,534.0,81.0,167.0,24.0,1.0,16.0,92.0,9.0,1.0,38.0,133.0,0.313,0.365,0.451,0.817,129.0,0.358,129.0,241.0,15.0,8.0,1.0,3.0,1.0,*9/DH,
Travis Blackley*,29.0,2TM,2LG,0.0,7.0,2.0,2.0,0.0,0.0,0.0,0.0,0.0,0.0,0.0,0.0,0.0,2.0,0.0,0.0,0.0,0.0,-100.0,0.0,-126.0,0.0,0.0,0.0,0.0,0.0,0.0,1,
Travis Blackley*,29.0,SFG,NL,0.0,4.0,0.0,0.0,0.0,0.0,0.0,0.0,0.0,0.0,0.0,0.0,0.0,0.0,,,,,,,,0.0,0.0,0.0,0.0,0.0,0.0,/1,
Travis Blackley*,29.0,OAK,AL,0.0,3.0,2.0,2.0,0.0,0.0,0.0,0.0,0.0,0.0,0.0,0.0,0.0,2.0,0.0,0.0,0.0,0.0,-100.0,0.0,-126.0,0.0,0.0,0.0,0.0,0.0,0.0,1,
Travis Buck*,28.0,HOU,NL,0.1,33.0,81.0,74.0,7.0,16.0,5.0,1.0,0.0,6.0,0.0,0.0,6.0,18.0,0.216,0.284,0.311,0.595,62.0,0.289,69.0,23.0,2.0,1.0,0.0,0.0,0.0,H79,
Travis Hafner*,35.0,CLE,AL,0.8,66.0,263.0,219.0,23.0,50.0,6.0,2.0,12.0,34.0,0.0,0.0,32.0,47.0,0.228,0.346,0.438,0.784,120.0,0.348,123.0,96.0,9.0,9.0,0.0,3.0,2.0,D/H,
Travis Ishikawa*,28.0,MIL,NL,0.5,94.0,174.0,152.0,19.0,39.0,12.0,1.0,4.0,30.0,0.0,0.0,13.0,42.0,0.257,0.329,0.428,0.757,100.0,0.324,90.0,65.0,4.0,4.0,4.0,1.0,3.0,H3/9,
Travis Snider*,24.0,2TM,2LG,0.4,60.0,185.0,164.0,23.0,41.0,7.0,1.0,4.0,17.0,2.0,0.0,17.0,48.0,0.25,0.319,0.378,0.697,92.0,0.309,87.0,62.0,2.0,1.0,0.0,3.0,0.0,9H7,
Travis Snider*,24.0,TOR,AL,0.2,10.0,40.0,36.0,6.0,9.0,2.0,0.0,3.0,8.0,0.0,0.0,3.0,14.0,0.25,0.3,0.556,0.856,127.0,0.353,119.0,20.0,0.0,0.0,0.0,1.0,0.0,7,
Travis Snider*,24.0,PIT,NL,0.2,50.0,145.0,128.0,17.0,32.0,5.0,1.0,1.0,9.0,2.0,0.0,14.0,34.0,0.25,0.324,0.328,0.652,82.0,0.297,78.0,42.0,2.0,1.0,0.0,2.0,0.0,9H/7,
Travis Wood,25.0,CHC,NL,0.3,26.0,55.0,53.0,5.0,10.0,3.0,0.0,1.0,4.0,0.0,0.0,0.0,20.0,0.189,0.189,0.302,0.491,30.0,0.229,21.0,16.0,1.0,0.0,2.0,0.0,0.0,1/H,
Trayvon Robinson#,24.0,SEA,AL,0.5,46.0,164.0,145.0,16.0,32.0,4.0,1.0,3.0,12.0,6.0,3.0,14.0,43.0,0.221,0.294,0.324,0.618,76.0,0.297,88.0,47.0,2.0,1.0,4.0,0.0,1.0,7/H,
Trevor Bauer,21.0,ARI,NL,0.0,4.0,5.0,4.0,0.0,0.0,0.0,0.0,0.0,0.0,0.0,0.0,0.0,1.0,0.0,0.0,0.0,0.0,-100.0,0.0,-207.0,0.0,0.0,0.0,1.0,0.0,0.0,/1,
Trevor Cahill,24.0,ARI,NL,-0.3,31.0,73.0,67.0,2.0,8.0,0.0,0.0,0.0,4.0,0.0,0.0,1.0,24.0,0.119,0.132,0.119,0.252,-31.0,0.115,-74.0,8.0,1.0,0.0,5.0,0.0,0.0,1,
Trevor Plouffe,26.0,MIN,AL,1.1,119.0,465.0,422.0,56.0,99.0,19.0,1.0,24.0,55.0,1.0,3.0,37.0,92.0,0.235,0.301,0.455,0.756,106.0,0.329,107.0,192.0,9.0,4.0,0.0,2.0,0.0,59/437DH6,
Trevor Rosenthal,22.0,STL,NL,0.0,19.0,0.0,0.0,0.0,0.0,0.0,0.0,0.0,0.0,0.0,0.0,0.0,0.0,,,,,,,,0.0,0.0,0.0,0.0,0.0,0.0,1,
Troy Patton#,26.0,BAL,AL,0.0,4.0,0.0,0.0,0.0,0.0,0.0,0.0,0.0,0.0,0.0,0.0,0.0,0.0,,,,,,,,0.0,0.0,0.0,0.0,0.0,0.0,1,
Troy Tulowitzki,27.0,COL,NL,0.4,47.0,203.0,181.0,33.0,52.0,8.0,2.0,8.0,27.0,2.0,2.0,19.0,19.0,0.287,0.36,0.486,0.846,113.0,0.359,108.0,88.0,7.0,2.0,0.0,1.0,1.0,6,
Tsuyoshi Nishioka#,27.0,MIN,AL,-0.5,3.0,14.0,12.0,0.0,0.0,0.0,0.0,0.0,1.0,0.0,0.0,1.0,1.0,0.0,0.071,0.0,0.071,-78.0,0.05,-99.0,0.0,0.0,0.0,0.0,1.0,0.0,/4,
Ty Wigginton,34.0,PHI,NL,-1.4,125.0,360.0,315.0,40.0,74.0,11.0,0.0,11.0,43.0,1.0,0.0,37.0,81.0,0.235,0.314,0.375,0.688,85.0,0.311,83.0,118.0,5.0,2.0,0.0,6.0,2.0,3H5/7,
Tyler Chatwood,22.0,COL,NL,0.2,23.0,23.0,16.0,1.0,4.0,1.0,0.0,0.0,1.0,0.0,0.0,1.0,3.0,0.25,0.294,0.313,0.607,55.0,0.274,24.0,5.0,0.0,0.0,6.0,0.0,0.0,1/H,
Tyler Clippard,27.0,WSN,NL,0.0,69.0,0.0,0.0,0.0,0.0,0.0,0.0,0.0,0.0,0.0,0.0,0.0,0.0,,,,,,,,0.0,0.0,0.0,0.0,0.0,0.0,1,
Tyler Cloyd,25.0,PHI,NL,0.0,6.0,14.0,11.0,2.0,1.0,0.0,0.0,0.0,0.0,0.0,0.0,3.0,3.0,0.091,0.286,0.091,0.377,9.0,0.213,12.0,1.0,1.0,0.0,0.0,0.0,0.0,/1,
Tyler Colvin*,26.0,COL,NL,2.1,136.0,452.0,420.0,62.0,122.0,27.0,10.0,18.0,72.0,7.0,3.0,21.0,117.0,0.29,0.327,0.531,0.858,114.0,0.369,113.0,223.0,6.0,2.0,2.0,1.0,0.0,983H7,
Tyler Flowers,26.0,CHW,AL,1.1,52.0,153.0,136.0,19.0,29.0,6.0,0.0,7.0,13.0,2.0,1.0,12.0,56.0,0.213,0.296,0.412,0.708,89.0,0.306,82.0,56.0,2.0,4.0,1.0,0.0,0.0,2/3HD,
Tyler Graham,28.0,ARI,NL,-0.1,10.0,2.0,2.0,1.0,0.0,0.0,0.0,0.0,0.0,0.0,1.0,0.0,2.0,0.0,0.0,0.0,0.0,-100.0,-0.247,-145.0,0.0,0.0,0.0,0.0,0.0,0.0,/H89,
Tyler Greene,28.0,2TM,NL,-0.5,116.0,330.0,305.0,34.0,70.0,15.0,2.0,11.0,30.0,12.0,4.0,19.0,95.0,0.23,0.274,0.4,0.674,82.0,0.306,80.0,122.0,7.0,1.0,2.0,3.0,1.0,46H/97,
Tyler Greene,28.0,STL,NL,-0.4,77.0,197.0,179.0,16.0,39.0,9.0,2.0,4.0,19.0,9.0,2.0,13.0,56.0,0.218,0.272,0.358,0.629,71.0,0.296,72.0,64.0,4.0,1.0,2.0,2.0,1.0,4H/697,
Tyler Greene,28.0,HOU,NL,-0.1,39.0,133.0,126.0,18.0,31.0,6.0,0.0,7.0,11.0,3.0,2.0,6.0,39.0,0.246,0.278,0.46,0.739,96.0,0.32,93.0,58.0,3.0,0.0,0.0,1.0,0.0,6/H4,
Tyler Moore,25.0,WSN,NL,-0.1,75.0,171.0,156.0,20.0,41.0,9.0,0.0,10.0,29.0,3.0,0.0,14.0,46.0,0.263,0.327,0.513,0.84,123.0,0.366,122.0,80.0,3.0,1.0,0.0,0.0,0.0,7H3/9,
Tyler Pastornicky,22.0,ATL,NL,-1.4,76.0,188.0,169.0,21.0,41.0,6.0,1.0,2.0,13.0,2.0,0.0,10.0,32.0,0.243,0.287,0.325,0.613,65.0,0.282,59.0,55.0,5.0,1.0,7.0,1.0,1.0,6H/4,
Tyler Skaggs*,20.0,ARI,NL,-0.1,6.0,9.0,7.0,0.0,0.0,0.0,0.0,0.0,0.0,0.0,0.0,0.0,4.0,0.0,0.0,0.0,0.0,-100.0,0.0,-216.0,0.0,0.0,0.0,2.0,0.0,0.0,/1,
Tyler Thornburg,23.0,MIL,NL,0.0,8.0,5.0,5.0,1.0,1.0,1.0,0.0,0.0,0.0,0.0,0.0,0.0,2.0,0.2,0.2,0.4,0.6,55.0,0.252,36.0,2.0,0.0,0.0,0.0,0.0,0.0,/1,
Tyson Brummett,27.0,PHI,NL,0.0,1.0,0.0,0.0,0.0,0.0,0.0,0.0,0.0,0.0,0.0,0.0,0.0,0.0,,,,,,,,0.0,0.0,0.0,0.0,0.0,0.0,/1,
Tyson Ross,25.0,OAK,AL,0.0,1.0,2.0,2.0,0.0,0.0,0.0,0.0,0.0,0.0,0.0,0.0,0.0,1.0,0.0,0.0,0.0,0.0,-100.0,0.0,-126.0,0.0,0.0,0.0,0.0,0.0,0.0,1,
Ubaldo Jiménez,28.0,CLE,AL,-0.1,2.0,5.0,5.0,0.0,0.0,0.0,0.0,0.0,0.0,0.0,0.0,0.0,5.0,0.0,0.0,0.0,0.0,-100.0,0.0,-134.0,0.0,0.0,0.0,0.0,0.0,0.0,1,
Vance Worley,24.0,PHI,NL,-0.2,21.0,44.0,37.0,0.0,3.0,1.0,0.0,0.0,2.0,0.0,0.0,0.0,13.0,0.081,0.081,0.108,0.189,-49.0,0.102,-103.0,4.0,1.0,0.0,7.0,0.0,0.0,1,
Vernon Wells,33.0,LAA,AL,0.5,77.0,262.0,243.0,36.0,56.0,9.0,0.0,11.0,29.0,3.0,1.0,16.0,35.0,0.23,0.279,0.403,0.682,90.0,0.301,88.0,98.0,5.0,1.0,0.0,2.0,0.0,7/8H9D,
Vicente Padilla,34.0,BOS,AL,0.0,5.0,1.0,1.0,0.0,0.0,0.0,0.0,0.0,0.0,0.0,0.0,0.0,0.0,0.0,0.0,0.0,0.0,-100.0,0.0,-145.0,0.0,0.0,0.0,0.0,0.0,0.0,1,
Vin Mazzaro,25.0,KCR,AL,0.1,2.0,5.0,4.0,0.0,2.0,0.0,0.0,0.0,1.0,0.0,0.0,0.0,2.0,0.5,0.5,0.5,1.0,175.0,0.449,211.0,2.0,0.0,0.0,1.0,0.0,0.0,1,
Vinnie Chulk,33.0,MIL,NL,0.0,7.0,0.0,0.0,0.0,0.0,0.0,0.0,0.0,0.0,0.0,0.0,0.0,0.0,,,,,,,,0.0,0.0,0.0,0.0,0.0,0.0,/1,
Vinnie Pestano,27.0,CLE,AL,0.0,2.0,0.0,0.0,0.0,0.0,0.0,0.0,0.0,0.0,0.0,0.0,0.0,0.0,,,,,,,,0.0,0.0,0.0,0.0,0.0,0.0,1,
Vinny Rottino,32.0,2TM,2LG,-0.3,36.0,71.0,61.0,12.0,9.0,2.0,0.0,3.0,7.0,4.0,0.0,7.0,17.0,0.148,0.232,0.328,0.56,55.0,0.255,37.0,20.0,0.0,0.0,2.0,1.0,1.0,7/H3D259,
Vinny Rottino,32.0,NYM,NL,0.0,18.0,39.0,33.0,8.0,6.0,1.0,0.0,2.0,5.0,3.0,0.0,6.0,9.0,0.182,0.308,0.394,0.702,94.0,0.321,83.0,13.0,0.0,0.0,0.0,0.0,1.0,/73H5D,
Vinny Rottino,32.0,CLE,AL,-0.2,18.0,32.0,28.0,4.0,3.0,1.0,0.0,1.0,2.0,1.0,0.0,1.0,8.0,0.107,0.133,0.25,0.383,5.0,0.17,-20.0,7.0,0.0,0.0,2.0,1.0,0.0,7/H29D,
Víctor Marte,31.0,STL,NL,0.0,45.0,0.0,0.0,0.0,0.0,0.0,0.0,0.0,0.0,0.0,0.0,0.0,0.0,,,,,,,,0.0,0.0,0.0,0.0,0.0,0.0,1,
Wade Davis,26.0,TBR,AL,0.1,5.0,2.0,2.0,0.0,1.0,0.0,0.0,0.0,0.0,0.0,0.0,0.0,1.0,0.5,0.5,0.5,1.0,183.0,0.449,196.0,1.0,0.0,0.0,0.0,0.0,0.0,1,
Wade LeBlanc*,27.0,MIA,NL,0.1,25.0,16.0,12.0,0.0,1.0,1.0,0.0,0.0,0.0,0.0,0.0,0.0,1.0,0.083,0.154,0.167,0.321,-13.0,0.222,-1.0,2.0,1.0,1.0,3.0,0.0,0.0,1,
Wade Miley*,25.0,ARI,NL,0.2,30.0,75.0,65.0,4.0,11.0,2.0,0.0,0.0,2.0,0.0,0.0,2.0,20.0,0.169,0.194,0.2,0.394,6.0,0.189,-20.0,13.0,1.0,0.0,8.0,0.0,0.0,1,"AS,ROY-2"
Wandy Rodríguez#,33.0,2TM,NL,-0.3,33.0,72.0,61.0,2.0,4.0,0.0,0.0,0.0,2.0,0.0,0.0,3.0,14.0,0.066,0.109,0.066,0.175,-50.0,0.102,-88.0,4.0,0.0,0.0,8.0,0.0,0.0,1,
Wandy Rodríguez#,33.0,HOU,NL,-0.4,20.0,45.0,37.0,1.0,0.0,0.0,0.0,0.0,1.0,0.0,0.0,3.0,9.0,0.0,0.075,0.0,0.075,-77.0,0.052,-131.0,0.0,0.0,0.0,5.0,0.0,0.0,1,
Wandy Rodríguez#,33.0,PIT,NL,0.1,13.0,27.0,24.0,1.0,4.0,0.0,0.0,0.0,1.0,0.0,0.0,0.0,5.0,0.167,0.167,0.167,0.333,-7.0,0.184,-16.0,4.0,0.0,0.0,3.0,0.0,0.0,1,
Wei-Yin Chen,26.0,BAL,AL,-0.1,2.0,4.0,3.0,0.0,0.0,0.0,0.0,0.0,0.0,0.0,0.0,0.0,2.0,0.0,0.0,0.0,0.0,-100.0,0.0,-218.0,0.0,0.0,0.0,1.0,0.0,0.0,1,ROY-4
Welington Castillo,25.0,CHC,NL,1.1,52.0,190.0,170.0,16.0,45.0,11.0,0.0,5.0,22.0,0.0,0.0,17.0,51.0,0.265,0.337,0.418,0.754,103.0,0.344,108.0,71.0,4.0,2.0,0.0,1.0,2.0,2/H3,
Wesley Wright,27.0,HOU,NL,-0.1,76.0,3.0,2.0,0.0,0.0,0.0,0.0,0.0,0.0,0.0,0.0,0.0,2.0,0.0,0.0,0.0,0.0,-100.0,0.0,-264.0,0.0,0.0,0.0,1.0,0.0,0.0,1/9H,
Wil Nieves,34.0,2TM,NL,-0.2,32.0,89.0,83.0,7.0,25.0,3.0,0.0,2.0,8.0,0.0,1.0,4.0,17.0,0.301,0.33,0.41,0.739,91.0,0.306,76.0,34.0,3.0,0.0,1.0,1.0,2.0,2H/3,
Wil Nieves,34.0,COL,NL,-0.3,16.0,51.0,47.0,3.0,14.0,2.0,0.0,1.0,5.0,0.0,0.0,3.0,9.0,0.298,0.333,0.404,0.738,87.0,0.312,71.0,19.0,3.0,0.0,0.0,1.0,1.0,2/H3,
Wil Nieves,34.0,ARI,NL,0.1,16.0,38.0,36.0,4.0,11.0,1.0,0.0,1.0,3.0,0.0,1.0,1.0,8.0,0.306,0.324,0.417,0.741,98.0,0.299,83.0,15.0,0.0,0.0,1.0,0.0,1.0,2/H,
Wilin Rosario,23.0,COL,NL,1.6,117.0,426.0,396.0,67.0,107.0,19.0,0.0,28.0,71.0,4.0,5.0,25.0,99.0,0.27,0.312,0.53,0.843,109.0,0.359,109.0,210.0,10.0,1.0,0.0,4.0,2.0,2H/53,ROY-4
Will Harris,27.0,COL,NL,0.0,20.0,0.0,0.0,0.0,0.0,0.0,0.0,0.0,0.0,0.0,0.0,0.0,0.0,,,,,,,,0.0,0.0,0.0,0.0,0.0,0.0,1,
Will Middlebrooks,23.0,BOS,AL,1.3,75.0,286.0,267.0,34.0,77.0,14.0,0.0,15.0,54.0,4.0,1.0,13.0,70.0,0.288,0.325,0.509,0.835,121.0,0.355,117.0,136.0,8.0,3.0,0.0,3.0,0.0,5/HD,
Will Ohman*,34.0,CHW,AL,0.0,1.0,0.0,0.0,0.0,0.0,0.0,0.0,0.0,0.0,0.0,0.0,0.0,0.0,,,,,,,,0.0,0.0,0.0,0.0,0.0,0.0,1,
Will Rhymes*,29.0,TBR,AL,-0.3,47.0,137.0,123.0,11.0,28.0,2.0,1.0,1.0,8.0,1.0,2.0,10.0,17.0,0.228,0.299,0.285,0.584,66.0,0.268,68.0,35.0,1.0,3.0,0.0,1.0,0.0,45/HD,
Will Venable*,29.0,SDP,NL,1.9,148.0,470.0,417.0,62.0,110.0,26.0,8.0,9.0,45.0,24.0,6.0,41.0,94.0,0.264,0.335,0.429,0.765,115.0,0.346,117.0,179.0,2.0,5.0,5.0,2.0,2.0,*9H87,
Willie Bloomquist,34.0,ARI,NL,-0.1,80.0,338.0,324.0,47.0,98.0,21.0,5.0,0.0,23.0,7.0,10.0,12.0,55.0,0.302,0.325,0.398,0.724,93.0,0.32,96.0,129.0,5.0,0.0,0.0,2.0,0.0,65/H479,
Willie Harris*,34.0,CIN,NL,-0.6,25.0,48.0,44.0,5.0,5.0,4.0,0.0,0.0,2.0,1.0,1.0,3.0,8.0,0.114,0.17,0.205,0.375,0.0,0.183,-11.0,9.0,0.0,0.0,1.0,0.0,0.0,H/457D,
Wilson Betemit#,30.0,BAL,AL,0.8,102.0,376.0,341.0,41.0,89.0,19.0,0.0,12.0,40.0,0.0,1.0,31.0,103.0,0.261,0.322,0.422,0.744,101.0,0.331,103.0,144.0,8.0,1.0,0.0,3.0,0.0,53/D7H,
Wilson Ramos,24.0,WSN,NL,0.3,25.0,96.0,83.0,11.0,22.0,2.0,0.0,3.0,10.0,0.0,0.0,12.0,19.0,0.265,0.354,0.398,0.752,104.0,0.337,104.0,33.0,1.0,0.0,0.0,1.0,2.0,2/H,
Wilson Valdéz,34.0,CIN,NL,-1.7,77.0,208.0,194.0,15.0,40.0,4.0,0.0,0.0,15.0,3.0,1.0,8.0,36.0,0.206,0.236,0.227,0.463,25.0,0.236,24.0,44.0,4.0,0.0,5.0,1.0,0.0,64H5/8,
Wilton López,28.0,HOU,NL,0.0,62.0,0.0,0.0,0.0,0.0,0.0,0.0,0.0,0.0,0.0,0.0,0.0,0.0,,,,,,,,0.0,0.0,0.0,0.0,0.0,0.0,1,
Wily Peralta,23.0,MIL,NL,-0.1,6.0,11.0,11.0,0.0,1.0,1.0,0.0,0.0,0.0,0.0,0.0,0.0,5.0,0.091,0.091,0.182,0.273,-30.0,0.114,-64.0,2.0,0.0,0.0,0.0,0.0,0.0,/1,
Xavier Avery*,22.0,BAL,AL,-0.3,32.0,107.0,94.0,14.0,21.0,6.0,1.0,1.0,6.0,6.0,3.0,11.0,23.0,0.223,0.305,0.34,0.645,76.0,0.287,70.0,32.0,2.0,0.0,2.0,0.0,0.0,7/HD8,
Xavier Cedeño*,25.0,HOU,NL,0.0,42.0,1.0,1.0,0.0,0.0,0.0,0.0,0.0,0.0,0.0,0.0,0.0,1.0,0.0,0.0,0.0,0.0,-100.0,0.0,-145.0,0.0,0.0,0.0,0.0,0.0,0.0,1,
Xavier Nady,33.0,2TM,NL,-0.8,59.0,166.0,152.0,12.0,28.0,6.0,1.0,4.0,13.0,1.0,0.0,13.0,37.0,0.184,0.253,0.316,0.569,56.0,0.251,43.0,48.0,8.0,1.0,0.0,0.0,2.0,7H9,
Xavier Nady,33.0,WSN,NL,-1.0,40.0,109.0,102.0,6.0,16.0,3.0,0.0,3.0,6.0,1.0,0.0,7.0,24.0,0.157,0.211,0.275,0.486,30.0,0.21,7.0,28.0,3.0,0.0,0.0,0.0,2.0,79H,
Xavier Nady,33.0,SFG,NL,0.2,19.0,57.0,50.0,6.0,12.0,3.0,1.0,1.0,7.0,0.0,0.0,6.0,13.0,0.24,0.333,0.4,0.733,109.0,0.327,110.0,20.0,5.0,1.0,0.0,0.0,0.0,7/H,
Xavier Paul*,27.0,CIN,NL,0.3,55.0,96.0,86.0,8.0,27.0,5.0,1.0,2.0,7.0,4.0,2.0,9.0,18.0,0.314,0.379,0.465,0.844,125.0,0.366,123.0,40.0,2.0,0.0,1.0,0.0,1.0,H7/9,
Yadier Molina,29.0,STL,NL,7.2,138.0,563.0,505.0,65.0,159.0,28.0,0.0,22.0,76.0,12.0,3.0,45.0,55.0,0.315,0.373,0.501,0.874,137.0,0.392,145.0,253.0,10.0,5.0,3.0,5.0,4.0,*2/H3,"AS,MVP-4,GG"
Yamaico Navarro,24.0,PIT,NL,-0.2,29.0,56.0,50.0,4.0,8.0,0.0,0.0,1.0,4.0,0.0,2.0,5.0,13.0,0.16,0.232,0.22,0.452,27.0,0.205,26.0,11.0,2.0,0.0,0.0,1.0,0.0,H/76594,
Yan Gomes,24.0,TOR,AL,-0.1,43.0,111.0,98.0,9.0,20.0,4.0,0.0,4.0,13.0,0.0,0.0,6.0,32.0,0.204,0.264,0.367,0.631,70.0,0.29,72.0,36.0,3.0,3.0,1.0,3.0,0.0,3/25H7D,
Yasmani Grandal#,23.0,SDP,NL,2.5,60.0,226.0,192.0,28.0,57.0,7.0,1.0,8.0,36.0,0.0,0.0,31.0,39.0,0.297,0.394,0.469,0.863,143.0,0.385,150.0,90.0,8.0,1.0,0.0,2.0,1.0,2/H,
Yoenis Céspedes,26.0,OAK,AL,4.0,129.0,540.0,487.0,70.0,142.0,25.0,5.0,23.0,82.0,16.0,4.0,43.0,102.0,0.292,0.356,0.505,0.861,139.0,0.379,143.0,246.0,9.0,7.0,0.0,3.0,5.0,78D/H,"MVP-10,ROY-2"
Yonder Alonso*,25.0,SDP,NL,1.5,155.0,619.0,549.0,47.0,150.0,39.0,0.0,9.0,62.0,3.0,0.0,62.0,101.0,0.273,0.348,0.393,0.741,110.0,0.334,111.0,216.0,14.0,3.0,1.0,4.0,9.0,*3/H,ROY-6
Yorvit Torrealba,33.0,3TM,2LG,-0.5,64.0,218.0,194.0,19.0,44.0,8.0,0.0,4.0,14.0,1.0,1.0,17.0,40.0,0.227,0.293,0.33,0.623,66.0,0.283,62.0,64.0,2.0,2.0,3.0,2.0,0.0,2/H3,
Yorvit Torrealba,33.0,2TM,AL,-0.4,59.0,212.0,189.0,19.0,44.0,8.0,0.0,4.0,14.0,1.0,1.0,16.0,38.0,0.233,0.297,0.339,0.635,69.0,0.288,66.0,64.0,2.0,2.0,3.0,2.0,0.0,2/H3,
Yorvit Torrealba,33.0,TEX,AL,-0.4,49.0,182.0,161.0,16.0,38.0,8.0,0.0,3.0,12.0,1.0,1.0,14.0,31.0,0.236,0.302,0.342,0.643,71.0,0.292,68.0,55.0,2.0,2.0,3.0,2.0,0.0,2/H,
Yorvit Torrealba,33.0,TOR,AL,0.0,10.0,30.0,28.0,3.0,6.0,0.0,0.0,1.0,2.0,0.0,0.0,2.0,7.0,0.214,0.267,0.321,0.588,60.0,0.263,53.0,9.0,0.0,0.0,0.0,0.0,0.0,/23H,
Yorvit Torrealba,33.0,MIL,NL,-0.1,5.0,6.0,5.0,0.0,0.0,0.0,0.0,0.0,0.0,0.0,0.0,1.0,2.0,0.0,0.167,0.0,0.167,-50.0,0.116,-62.0,0.0,0.0,0.0,0.0,0.0,0.0,/H2,
Yovani Gallardo,26.0,MIL,NL,0.1,32.0,75.0,67.0,3.0,11.0,3.0,0.0,1.0,9.0,0.0,0.0,0.0,25.0,0.164,0.164,0.254,0.418,9.0,0.178,-31.0,17.0,1.0,0.0,8.0,0.0,0.0,1,
Yu Darvish,25.0,TEX,AL,0.0,1.0,3.0,3.0,0.0,1.0,0.0,0.0,0.0,0.0,0.0,0.0,0.0,1.0,0.333,0.333,0.333,0.667,78.0,0.299,74.0,1.0,0.0,0.0,0.0,0.0,0.0,1,"AS,CYA-9,ROY-3"
Yunel Escobar,29.0,TOR,AL,2.8,145.0,608.0,558.0,58.0,141.0,22.0,1.0,9.0,51.0,5.0,1.0,35.0,70.0,0.253,0.3,0.344,0.644,75.0,0.297,76.0,192.0,21.0,4.0,7.0,4.0,1.0,*6/HD,
Yuniesky Betancourt,30.0,KCR,AL,-1.1,57.0,228.0,215.0,21.0,49.0,14.0,1.0,7.0,36.0,0.0,1.0,9.0,25.0,0.228,0.256,0.4,0.656,75.0,0.289,73.0,86.0,10.0,0.0,1.0,3.0,0.0,4/5H6D,
Yusmeiro Petit,27.0,SFG,NL,0.0,1.0,1.0,1.0,0.0,0.0,0.0,0.0,0.0,0.0,0.0,0.0,0.0,1.0,0.0,0.0,0.0,0.0,-100.0,0.0,-127.0,0.0,0.0,0.0,0.0,0.0,0.0,/1,
Zach Duke*,29.0,WSN,NL,0.0,8.0,1.0,1.0,0.0,0.0,0.0,0.0,0.0,0.0,0.0,0.0,0.0,0.0,0.0,0.0,0.0,0.0,-100.0,0.0,-145.0,0.0,0.0,0.0,0.0,0.0,0.0,/1,
Zach Lutz,26.0,NYM,NL,-0.2,7.0,11.0,11.0,1.0,1.0,0.0,0.0,0.0,0.0,0.0,0.0,0.0,5.0,0.091,0.091,0.091,0.182,-49.0,0.082,-78.0,1.0,0.0,0.0,0.0,0.0,0.0,/H3,
Zach Putnam,24.0,COL,NL,0.0,2.0,0.0,0.0,0.0,0.0,0.0,0.0,0.0,0.0,0.0,0.0,0.0,0.0,,,,,,,,0.0,0.0,0.0,0.0,0.0,0.0,/1,
Zach Stewart,25.0,CHW,AL,0.0,2.0,0.0,0.0,0.0,0.0,0.0,0.0,0.0,0.0,0.0,0.0,0.0,0.0,,,,,,,,0.0,0.0,0.0,0.0,0.0,0.0,1,
Zack Cozart,26.0,CIN,NL,2.8,138.0,600.0,561.0,72.0,138.0,33.0,4.0,15.0,35.0,4.0,0.0,31.0,113.0,0.246,0.288,0.399,0.687,82.0,0.312,81.0,224.0,11.0,3.0,2.0,3.0,0.0,*6/H,
Zack Greinke,28.0,MIL,NL,0.2,21.0,38.0,33.0,3.0,7.0,3.0,0.0,1.0,2.0,0.0,0.0,0.0,8.0,0.212,0.206,0.394,0.6,55.0,0.248,27.0,13.0,2.0,0.0,4.0,1.0,0.0,1/H,
Álex González,35.0,MIL,NL,0.2,24.0,89.0,81.0,8.0,21.0,4.0,0.0,4.0,15.0,1.0,1.0,6.0,15.0,0.259,0.326,0.457,0.783,106.0,0.34,104.0,37.0,1.0,2.0,0.0,0.0,0.0,6,
Álex Rodríguez,36.0,NYY,AL,2.2,122.0,529.0,463.0,74.0,126.0,17.0,1.0,18.0,57.0,13.0,1.0,51.0,116.0,0.272,0.353,0.43,0.783,111.0,0.352,112.0,199.0,13.0,10.0,0.0,5.0,3.0,5D/H,
Álex Ríos,31.0,CHW,AL,4.8,157.0,640.0,605.0,93.0,184.0,37.0,8.0,25.0,91.0,23.0,6.0,26.0,92.0,0.304,0.334,0.516,0.85,126.0,0.372,128.0,312.0,18.0,4.0,0.0,5.0,3.0,*9/H,MVP-15
Ángel Pagán#,30.0,SFG,NL,4.2,154.0,659.0,605.0,95.0,174.0,38.0,15.0,8.0,56.0,29.0,7.0,48.0,97.0,0.288,0.338,0.44,0.778,120.0,0.349,122.0,266.0,6.0,0.0,2.0,4.0,5.0,*8/HD,MVP-32
Édgar González,29.0,HOU,NL,0.1,6.0,12.0,9.0,0.0,1.0,0.0,0.0,0.0,1.0,0.0,0.0,2.0,5.0,0.111,0.273,0.111,0.384,10.0,0.199,-5.0,1.0,0.0,0.0,1.0,0.0,0.0,/1,
Érik Bédard*,33.0,PIT,NL,0.0,23.0,44.0,37.0,2.0,4.0,1.0,0.0,0.0,0.0,0.0,0.0,1.0,14.0,0.108,0.132,0.135,0.267,-25.0,0.146,-51.0,5.0,0.0,0.0,6.0,0.0,0.0,1,
Óliver Pérez*,30.0,SEA,AL,0.0,3.0,0.0,0.0,0.0,0.0,0.0,0.0,0.0,0.0,0.0,0.0,0.0,0.0,,,,,,,,0.0,0.0,0.0,0.0,0.0,0.0,1,
