Player,Age,Team,Lg,WAR,G,PA,AB,R,H,2B,3B,HR,RBI,SB,CS,BB,SO,BA,OBP,SLG,OPS,OPS+,rOBA,Rbat+,TB,GIDP,HBP,SH,SF,IBB,Pos,Awards
A.J. Burnett,27.0,FLA,NL,-0.1,18.0,37.0,29.0,4.0,4.0,0.0,0.0,0.0,1.0,0.0,0.0,0.0,11.0,0.138,0.138,0.138,0.276,-26.0,0.125,-95.0,4.0,1.0,0.0,8.0,0.0,0.0,1,
A.J. Hinch,30.0,PHI,NL,0.0,4.0,11.0,11.0,1.0,2.0,1.0,0.0,0.0,0.0,0.0,0.0,0.0,4.0,0.182,0.182,0.273,0.455,13.0,0.196,-12.0,3.0,0.0,0.0,0.0,0.0,0.0,/2,
A.J. Pierzynski*,27.0,SFG,NL,0.3,131.0,510.0,471.0,45.0,128.0,28.0,2.0,11.0,77.0,0.0,1.0,19.0,27.0,0.272,0.319,0.41,0.729,86.0,0.322,83.0,193.0,27.0,15.0,2.0,3.0,4.0,*2H,
Aaron Cook,25.0,COL,NL,-0.2,15.0,37.0,34.0,1.0,4.0,0.0,0.0,0.0,1.0,0.0,0.0,1.0,10.0,0.118,0.143,0.118,0.261,-35.0,0.15,-61.0,4.0,1.0,0.0,2.0,0.0,0.0,1,
Aaron Fultz*,30.0,MIN,AL,0.0,4.0,0.0,0.0,0.0,0.0,0.0,0.0,0.0,0.0,0.0,0.0,0.0,0.0,,,,,,,,0.0,0.0,0.0,0.0,0.0,0.0,1,
Aaron Guiel*,31.0,KCR,AL,-0.5,42.0,157.0,135.0,15.0,21.0,4.0,0.0,5.0,13.0,1.0,1.0,17.0,42.0,0.156,0.263,0.296,0.559,45.0,0.255,38.0,40.0,3.0,3.0,1.0,1.0,0.0,7/HD9,
Aaron Harang,26.0,CIN,NL,-0.5,28.0,61.0,57.0,1.0,4.0,1.0,0.0,0.0,0.0,0.0,0.0,0.0,33.0,0.07,0.07,0.088,0.158,-59.0,0.068,-110.0,5.0,1.0,0.0,4.0,0.0,0.0,1,
Aaron Heilman,25.0,NYM,NL,-0.2,5.0,10.0,7.0,0.0,0.0,0.0,0.0,0.0,0.0,0.0,0.0,0.0,3.0,0.0,0.0,0.0,0.0,-100.0,0.0,-252.0,0.0,0.0,0.0,3.0,0.0,0.0,/1,
Aaron Miles#,27.0,COL,NL,1.2,134.0,566.0,522.0,75.0,153.0,15.0,3.0,6.0,47.0,12.0,7.0,29.0,53.0,0.293,0.329,0.368,0.697,72.0,0.316,69.0,192.0,12.0,2.0,7.0,6.0,0.0,*4H,ROY-4
Aaron Myette,26.0,CIN,NL,0.0,5.0,0.0,0.0,0.0,0.0,0.0,0.0,0.0,0.0,0.0,0.0,0.0,0.0,,,,,,,,0.0,0.0,0.0,0.0,0.0,0.0,/1,
Aaron Rowand,26.0,CHW,AL,5.7,140.0,534.0,487.0,94.0,151.0,38.0,2.0,24.0,69.0,17.0,5.0,30.0,91.0,0.31,0.361,0.544,0.905,130.0,0.396,132.0,265.0,5.0,10.0,5.0,2.0,1.0,*8H9,
Aaron Sele,34.0,ANA,AL,0.0,1.0,1.0,1.0,0.0,0.0,0.0,0.0,0.0,0.0,0.0,0.0,0.0,1.0,0.0,0.0,0.0,0.0,-100.0,0.0,-131.0,0.0,0.0,0.0,0.0,0.0,0.0,1,
Aaron Small,32.0,FLA,NL,0.0,7.0,2.0,2.0,0.0,0.0,0.0,0.0,0.0,0.0,0.0,0.0,0.0,2.0,0.0,0.0,0.0,0.0,-100.0,0.0,-148.0,0.0,0.0,0.0,0.0,0.0,0.0,/1,
Aaron Taylor,26.0,SEA,AL,0.0,1.0,0.0,0.0,0.0,0.0,0.0,0.0,0.0,0.0,0.0,0.0,0.0,0.0,,,,,,,,0.0,0.0,0.0,0.0,0.0,0.0,/1,
Abraham Núñez#,27.0,2TM,2LG,-1.1,117.0,322.0,285.0,40.0,61.0,10.0,1.0,6.0,34.0,1.0,3.0,34.0,69.0,0.214,0.297,0.319,0.616,61.0,0.283,60.0,91.0,7.0,0.0,2.0,1.0,1.0,97H/8D,
Abraham Núñez#,27.0,FLA,NL,-0.6,58.0,75.0,64.0,9.0,11.0,1.0,1.0,1.0,5.0,1.0,2.0,9.0,21.0,0.172,0.274,0.266,0.54,44.0,0.239,35.0,17.0,3.0,0.0,2.0,0.0,0.0,79H,
Abraham Núñez#,27.0,KCR,AL,-0.5,59.0,247.0,221.0,31.0,50.0,9.0,0.0,5.0,29.0,0.0,1.0,25.0,48.0,0.226,0.304,0.335,0.638,66.0,0.296,67.0,74.0,4.0,0.0,0.0,1.0,1.0,9/8DH,
Abraham Núñez#,28.0,PIT,NL,-0.6,112.0,195.0,182.0,17.0,43.0,9.0,0.0,2.0,13.0,1.0,3.0,10.0,36.0,0.236,0.275,0.319,0.593,54.0,0.27,51.0,58.0,8.0,0.0,2.0,1.0,0.0,H46/51D,
Adam Bernero,27.0,COL,NL,-0.1,16.0,6.0,5.0,1.0,0.0,0.0,0.0,0.0,0.0,0.0,0.0,0.0,3.0,0.0,0.0,0.0,0.0,-100.0,0.0,-210.0,0.0,0.0,0.0,1.0,0.0,0.0,1,
Adam Dunn*,24.0,CIN,NL,4.7,161.0,681.0,568.0,105.0,151.0,34.0,0.0,46.0,102.0,6.0,1.0,108.0,195.0,0.266,0.388,0.569,0.956,147.0,0.409,149.0,323.0,8.0,5.0,0.0,0.0,11.0,*73/HD,MVP-28
Adam Eaton,26.0,SDP,NL,0.7,36.0,76.0,64.0,9.0,13.0,7.0,0.0,0.0,8.0,2.0,0.0,6.0,16.0,0.203,0.282,0.313,0.594,61.0,0.274,52.0,20.0,1.0,1.0,5.0,0.0,0.0,1/H,
Adam Everett,27.0,HOU,NL,3.2,104.0,435.0,384.0,66.0,105.0,15.0,2.0,8.0,31.0,13.0,2.0,17.0,56.0,0.273,0.317,0.385,0.703,80.0,0.322,78.0,148.0,4.0,9.0,22.0,3.0,0.0,6/H,
Adam Hyzdu,32.0,BOS,AL,0.2,17.0,11.0,10.0,3.0,3.0,2.0,0.0,1.0,2.0,0.0,0.0,1.0,2.0,0.3,0.364,0.8,1.164,185.0,0.468,180.0,8.0,0.0,0.0,0.0,0.0,0.0,7/H9D,
Adam Kennedy*,28.0,ANA,AL,3.3,144.0,533.0,468.0,70.0,130.0,20.0,5.0,10.0,48.0,15.0,5.0,41.0,92.0,0.278,0.351,0.406,0.757,100.0,0.344,102.0,190.0,10.0,13.0,9.0,2.0,7.0,*4/H,
Adam LaRoche*,24.0,ATL,NL,1.1,110.0,356.0,324.0,45.0,90.0,27.0,1.0,13.0,45.0,0.0,0.0,27.0,78.0,0.278,0.333,0.488,0.821,108.0,0.36,110.0,158.0,10.0,1.0,2.0,2.0,1.0,3H,
Adam Melhuse#,32.0,OAK,AL,1.0,69.0,231.0,214.0,23.0,55.0,11.0,0.0,11.0,31.0,0.0,1.0,16.0,47.0,0.257,0.309,0.463,0.771,99.0,0.344,102.0,99.0,4.0,0.0,1.0,0.0,1.0,2/H53,
Adam Riggs,31.0,ANA,AL,-0.2,16.0,37.0,36.0,2.0,7.0,3.0,0.0,0.0,3.0,1.0,0.0,1.0,10.0,0.194,0.216,0.278,0.494,29.0,0.222,14.0,10.0,2.0,0.0,0.0,0.0,0.0,/7DH34,
Adrian Beltré,25.0,LAD,NL,9.6,156.0,657.0,598.0,104.0,200.0,32.0,0.0,48.0,121.0,7.0,2.0,53.0,87.0,0.334,0.388,0.629,1.017,163.0,0.435,171.0,376.0,15.0,2.0,0.0,4.0,9.0,*5/6H,"MVP-2,SS"
Adrian Brown#,30.0,KCR,AL,-0.1,5.0,11.0,11.0,0.0,3.0,0.0,0.0,0.0,0.0,0.0,0.0,0.0,2.0,0.273,0.273,0.273,0.545,43.0,0.24,26.0,3.0,0.0,0.0,0.0,0.0,0.0,/79,
Adrián González*,22.0,TEX,AL,-0.1,16.0,44.0,42.0,7.0,10.0,3.0,0.0,1.0,7.0,0.0,0.0,2.0,6.0,0.238,0.273,0.381,0.654,63.0,0.307,66.0,16.0,0.0,0.0,0.0,0.0,0.0,3/HD,
Adrián Hernández,29.0,MIL,NL,-0.1,6.0,5.0,4.0,0.0,0.0,0.0,0.0,0.0,0.0,0.0,0.0,0.0,3.0,0.0,0.0,0.0,0.0,-100.0,0.0,-211.0,0.0,0.0,0.0,1.0,0.0,0.0,/1,
Akinori Otsuka,32.0,SDP,NL,0.0,69.0,1.0,1.0,0.0,0.0,0.0,0.0,0.0,0.0,0.0,0.0,0.0,0.0,0.0,0.0,0.0,0.0,-100.0,0.0,-133.0,0.0,0.0,0.0,0.0,0.0,0.0,1,ROY-3
Al Leiter*,38.0,NYM,NL,-0.2,28.0,59.0,54.0,0.0,5.0,1.0,0.0,0.0,0.0,0.0,0.0,3.0,30.0,0.093,0.14,0.111,0.251,-33.0,0.139,-51.0,6.0,1.0,0.0,2.0,0.0,0.0,1,
Al Levine*,36.0,DET,AL,0.0,6.0,0.0,0.0,0.0,0.0,0.0,0.0,0.0,0.0,0.0,0.0,0.0,0.0,,,,,,,,0.0,0.0,0.0,0.0,0.0,0.0,1,
Alan Embree*,34.0,BOS,AL,0.0,5.0,0.0,0.0,0.0,0.0,0.0,0.0,0.0,0.0,0.0,0.0,0.0,0.0,,,,,,,,0.0,0.0,0.0,0.0,0.0,0.0,1,
Alan Zinter#,36.0,ARI,NL,-0.3,28.0,40.0,34.0,2.0,7.0,2.0,0.0,1.0,6.0,0.0,0.0,5.0,15.0,0.206,0.3,0.353,0.653,65.0,0.289,55.0,12.0,0.0,0.0,0.0,1.0,0.0,H/3D,
Albert Pujols,24.0,STL,NL,8.5,154.0,692.0,592.0,133.0,196.0,51.0,2.0,46.0,123.0,5.0,5.0,84.0,52.0,0.331,0.415,0.657,1.072,173.0,0.46,187.0,389.0,21.0,7.0,0.0,9.0,12.0,*3/DH,"AS,MVP-3,SS"
Alberto Castillo,34.0,KCR,AL,0.7,29.0,105.0,89.0,12.0,24.0,6.0,0.0,1.0,11.0,0.0,2.0,14.0,10.0,0.27,0.365,0.371,0.736,93.0,0.344,105.0,33.0,1.0,0.0,1.0,1.0,0.0,2,
Alberto Reyes,34.0,STL,NL,0.1,12.0,1.0,1.0,0.0,1.0,0.0,0.0,0.0,0.0,0.0,0.0,0.0,0.0,1.0,1.0,1.0,2.0,424.0,0.906,500.0,1.0,0.0,0.0,0.0,0.0,0.0,1,
Alex Gonzalez,31.0,3TM,NL,-0.9,83.0,304.0,285.0,36.0,64.0,18.0,1.0,7.0,27.0,2.0,2.0,14.0,64.0,0.225,0.263,0.368,0.632,60.0,0.284,55.0,105.0,7.0,1.0,4.0,0.0,0.0,6/H,
Alex Gonzalez,31.0,CHC,NL,0.0,37.0,135.0,129.0,15.0,28.0,10.0,0.0,3.0,8.0,1.0,1.0,4.0,26.0,0.217,0.241,0.364,0.605,53.0,0.272,46.0,47.0,6.0,0.0,2.0,0.0,0.0,6/H,
Alex Gonzalez,31.0,MON,NL,-0.7,35.0,144.0,133.0,19.0,32.0,7.0,0.0,4.0,16.0,1.0,1.0,8.0,32.0,0.241,0.289,0.383,0.672,70.0,0.304,68.0,51.0,1.0,1.0,2.0,0.0,0.0,6/H,
Alex Gonzalez,31.0,SDP,NL,-0.2,11.0,25.0,23.0,2.0,4.0,1.0,1.0,0.0,3.0,0.0,0.0,2.0,6.0,0.174,0.24,0.304,0.544,46.0,0.238,34.0,7.0,0.0,0.0,0.0,0.0,0.0,6/H,
Alexis Gómez*,25.0,KCR,AL,-0.4,13.0,31.0,29.0,1.0,8.0,1.0,0.0,0.0,4.0,0.0,0.0,2.0,8.0,0.276,0.323,0.31,0.633,66.0,0.283,56.0,9.0,1.0,0.0,0.0,0.0,0.0,/798HD,
Alfonso Soriano,28.0,TEX,AL,2.0,145.0,658.0,608.0,77.0,170.0,32.0,4.0,28.0,91.0,18.0,5.0,33.0,121.0,0.28,0.324,0.484,0.807,100.0,0.354,97.0,294.0,7.0,10.0,0.0,7.0,4.0,*4/D,"AS,SS"
Alfredo Amézaga#,26.0,ANA,AL,-0.4,73.0,105.0,93.0,12.0,15.0,2.0,0.0,2.0,11.0,3.0,2.0,3.0,24.0,0.161,0.212,0.247,0.459,21.0,0.21,7.0,23.0,2.0,3.0,6.0,0.0,0.0,654H/D,
Allan Simpson,26.0,COL,NL,0.0,31.0,1.0,1.0,0.0,0.0,0.0,0.0,0.0,0.0,0.0,0.0,0.0,0.0,0.0,0.0,0.0,0.0,-100.0,0.0,-158.0,0.0,0.0,0.0,0.0,0.0,0.0,1,
Amaury Telemaco,30.0,PHI,NL,-0.1,41.0,4.0,4.0,0.0,0.0,0.0,0.0,0.0,0.0,0.0,0.0,0.0,1.0,0.0,0.0,0.0,0.0,-100.0,0.0,-153.0,0.0,0.0,0.0,0.0,0.0,0.0,1,
Anastacio Martínez,25.0,BOS,AL,0.0,2.0,0.0,0.0,0.0,0.0,0.0,0.0,0.0,0.0,0.0,0.0,0.0,0.0,,,,,,,,0.0,0.0,0.0,0.0,0.0,0.0,1,
Anderson Machado#,23.0,CIN,NL,0.1,17.0,66.0,56.0,6.0,15.0,5.0,1.0,0.0,4.0,3.0,1.0,10.0,26.0,0.268,0.379,0.393,0.772,103.0,0.368,118.0,22.0,0.0,0.0,0.0,0.0,2.0,6,
Andrew Good,24.0,ARI,NL,0.0,16.0,6.0,5.0,0.0,0.0,0.0,0.0,0.0,1.0,0.0,0.0,0.0,2.0,0.0,0.0,0.0,0.0,-100.0,0.151,-44.0,0.0,0.0,0.0,0.0,1.0,0.0,1,
Andruw Jones,27.0,ATL,NL,3.2,154.0,646.0,570.0,85.0,149.0,34.0,4.0,29.0,91.0,6.0,6.0,71.0,147.0,0.261,0.345,0.488,0.833,112.0,0.356,109.0,278.0,24.0,3.0,0.0,2.0,9.0,*8/H,GG
Andrés Blanco#,20.0,KCR,AL,0.8,19.0,67.0,60.0,9.0,19.0,2.0,2.0,0.0,5.0,1.0,2.0,5.0,6.0,0.317,0.379,0.417,0.795,107.0,0.351,112.0,25.0,0.0,1.0,1.0,0.0,0.0,6,
Andrés Galarraga,43.0,ANA,AL,0.1,7.0,11.0,10.0,1.0,3.0,0.0,0.0,1.0,2.0,0.0,0.0,0.0,3.0,0.3,0.364,0.6,0.964,149.0,0.494,207.0,6.0,1.0,1.0,0.0,0.0,0.0,/HD3,
Andrés Torres#,26.0,DET,AL,0.0,3.0,0.0,0.0,1.0,0.0,0.0,0.0,0.0,0.0,1.0,0.0,0.0,0.0,,,,,,,,0.0,0.0,0.0,0.0,0.0,0.0,/DH8,
Andy Ashby,36.0,SDP,NL,0.0,2.0,0.0,0.0,0.0,0.0,0.0,0.0,0.0,0.0,0.0,0.0,0.0,0.0,,,,,,,,0.0,0.0,0.0,0.0,0.0,0.0,/1,
Andy Dominique,28.0,BOS,AL,-0.3,7.0,11.0,11.0,0.0,2.0,0.0,0.0,0.0,1.0,0.0,0.0,0.0,3.0,0.182,0.182,0.182,0.364,-7.0,0.157,-36.0,2.0,0.0,0.0,0.0,0.0,0.0,/3H2,
Andy Fox*,33.0,2TM,2LG,-1.0,46.0,56.0,55.0,4.0,5.0,0.0,0.0,1.0,1.0,0.0,0.0,1.0,19.0,0.091,0.107,0.145,0.253,-36.0,0.113,-70.0,8.0,1.0,0.0,0.0,0.0,0.0,H/456379D,
Andy Fox*,33.0,MON,NL,-0.7,34.0,43.0,43.0,2.0,4.0,0.0,0.0,1.0,1.0,0.0,0.0,0.0,16.0,0.093,0.093,0.163,0.256,-37.0,0.11,-73.0,7.0,1.0,0.0,0.0,0.0,0.0,H/6453,
Andy Fox*,33.0,TEX,AL,-0.4,12.0,13.0,12.0,2.0,1.0,0.0,0.0,0.0,0.0,0.0,0.0,1.0,3.0,0.083,0.154,0.083,0.237,-37.0,0.125,-60.0,1.0,0.0,0.0,0.0,0.0,0.0,/H4579D,
Andy Green,26.0,ARI,NL,-1.2,46.0,119.0,109.0,13.0,22.0,2.0,1.0,1.0,4.0,1.0,1.0,5.0,17.0,0.202,0.241,0.266,0.507,29.0,0.225,8.0,29.0,2.0,1.0,3.0,1.0,0.0,54H/7,
Andy Pettitte*,32.0,HOU,NL,0.1,15.0,29.0,23.0,0.0,4.0,1.0,0.0,0.0,2.0,0.0,0.0,3.0,5.0,0.174,0.269,0.217,0.487,28.0,0.234,10.0,5.0,1.0,0.0,3.0,0.0,0.0,1,
Andy Phillips,27.0,NYY,AL,0.1,5.0,8.0,8.0,1.0,2.0,0.0,0.0,1.0,2.0,0.0,0.0,0.0,1.0,0.25,0.25,0.625,0.875,120.0,0.358,111.0,5.0,1.0,0.0,0.0,0.0,0.0,/5HD,
Andy Pratt*,24.0,CHC,NL,0.0,4.0,0.0,0.0,0.0,0.0,0.0,0.0,0.0,0.0,0.0,0.0,0.0,0.0,,,,,,,,0.0,0.0,0.0,0.0,0.0,0.0,/1,
Andy Tracy*,30.0,COL,NL,-0.2,15.0,17.0,16.0,1.0,3.0,1.0,0.0,0.0,1.0,0.0,0.0,1.0,8.0,0.188,0.235,0.25,0.485,20.0,0.221,0.0,4.0,0.0,0.0,0.0,0.0,0.0,H/5,
Antonio Alfonseca,32.0,ATL,NL,0.0,76.0,1.0,1.0,0.0,0.0,0.0,0.0,0.0,0.0,0.0,0.0,0.0,1.0,0.0,0.0,0.0,0.0,-100.0,0.0,-142.0,0.0,0.0,0.0,0.0,0.0,0.0,1,
Antonio Osuna,31.0,SDP,NL,0.0,29.0,0.0,0.0,0.0,0.0,0.0,0.0,0.0,0.0,0.0,0.0,0.0,0.0,,,,,,,,0.0,0.0,0.0,0.0,0.0,0.0,1,
Antonio Pérez,24.0,LAD,NL,0.1,13.0,14.0,13.0,5.0,3.0,1.0,0.0,0.0,0.0,1.0,0.0,0.0,5.0,0.231,0.286,0.308,0.593,57.0,0.353,99.0,4.0,0.0,1.0,0.0,0.0,0.0,H/46,
Aramis Ramírez,26.0,CHC,NL,4.4,145.0,606.0,547.0,99.0,174.0,32.0,1.0,36.0,103.0,0.0,2.0,49.0,62.0,0.318,0.373,0.578,0.951,139.0,0.411,148.0,316.0,25.0,3.0,0.0,7.0,6.0,*5/H,MVP-10
Armando Almanza*,31.0,ATL,NL,0.0,11.0,1.0,0.0,0.0,0.0,0.0,0.0,0.0,0.0,0.0,0.0,0.0,0.0,,,,,,,,0.0,0.0,0.0,1.0,0.0,0.0,1,
Armando Benítez,31.0,FLA,NL,0.0,62.0,1.0,1.0,0.0,0.0,0.0,0.0,0.0,0.0,0.0,0.0,0.0,1.0,0.0,0.0,0.0,0.0,-100.0,0.0,-142.0,0.0,0.0,0.0,0.0,0.0,0.0,1,"AS,MVP-23"
Arnie Muñoz*,22.0,CHW,AL,0.0,1.0,1.0,1.0,0.0,0.0,0.0,0.0,0.0,0.0,0.0,0.0,0.0,0.0,0.0,0.0,0.0,0.0,-100.0,0.0,-131.0,0.0,0.0,0.0,0.0,0.0,0.0,1,
Arthur Rhodes*,34.0,OAK,AL,0.0,2.0,0.0,0.0,0.0,0.0,0.0,0.0,0.0,0.0,0.0,0.0,0.0,0.0,,,,,,,,0.0,0.0,0.0,0.0,0.0,0.0,1,
Aubrey Huff*,27.0,TBD,AL,4.2,157.0,667.0,600.0,92.0,178.0,27.0,2.0,29.0,104.0,5.0,1.0,56.0,74.0,0.297,0.36,0.493,0.853,124.0,0.373,123.0,296.0,9.0,6.0,0.0,5.0,6.0,53D/7H9,
Augie Ojeda#,29.0,MIN,AL,1.2,30.0,72.0,59.0,16.0,20.0,1.0,0.0,2.0,7.0,1.0,1.0,10.0,3.0,0.339,0.429,0.458,0.886,130.0,0.401,141.0,27.0,0.0,0.0,2.0,1.0,0.0,4/6H5,
Austin Kearns,24.0,CIN,NL,0.5,64.0,246.0,217.0,28.0,50.0,10.0,2.0,9.0,32.0,2.0,1.0,28.0,71.0,0.23,0.321,0.419,0.74,93.0,0.335,96.0,91.0,8.0,1.0,0.0,0.0,0.0,9/H8,
B.J. Ryan*,28.0,BAL,AL,0.0,5.0,0.0,0.0,0.0,0.0,0.0,0.0,0.0,0.0,0.0,0.0,0.0,0.0,,,,,,,,0.0,0.0,0.0,0.0,0.0,0.0,1,
B.J. Surhoff*,39.0,BAL,AL,1.4,100.0,378.0,343.0,49.0,106.0,12.0,1.0,8.0,50.0,2.0,0.0,30.0,46.0,0.309,0.365,0.42,0.785,106.0,0.36,112.0,144.0,9.0,1.0,3.0,1.0,2.0,97D3H,
B.J. Upton,19.0,TBD,AL,-0.1,45.0,177.0,159.0,19.0,41.0,8.0,2.0,4.0,12.0,4.0,1.0,15.0,46.0,0.258,0.324,0.409,0.733,93.0,0.338,98.0,65.0,1.0,1.0,1.0,1.0,0.0,6D5/H7,
Barry Bonds*,39.0,SFG,NL,10.6,147.0,617.0,373.0,129.0,135.0,27.0,3.0,45.0,101.0,6.0,1.0,232.0,41.0,0.362,0.609,0.812,1.422,263.0,0.552,282.0,303.0,5.0,9.0,0.0,3.0,120.0,*7/HD,"AS,MVP-1,SS"
Barry Larkin,40.0,CIN,NL,0.7,111.0,386.0,346.0,55.0,100.0,15.0,3.0,8.0,44.0,2.0,0.0,34.0,39.0,0.289,0.352,0.419,0.771,101.0,0.346,103.0,145.0,16.0,1.0,2.0,3.0,1.0,6H,AS
Barry Zito*,26.0,OAK,AL,-0.1,2.0,4.0,4.0,0.0,0.0,0.0,0.0,0.0,0.0,0.0,0.0,0.0,3.0,0.0,0.0,0.0,0.0,-100.0,0.0,-140.0,0.0,0.0,0.0,0.0,0.0,0.0,1,
Bartolo Colon,31.0,ANA,AL,0.0,3.0,3.0,3.0,0.0,0.0,0.0,0.0,0.0,0.0,0.0,0.0,0.0,1.0,0.0,0.0,0.0,0.0,-100.0,0.0,-134.0,0.0,0.0,0.0,0.0,0.0,0.0,1,
Bartolomé Fortunato,29.0,2TM,2LG,0.0,16.0,0.0,0.0,0.0,0.0,0.0,0.0,0.0,0.0,0.0,0.0,0.0,0.0,,,,,,,,0.0,0.0,0.0,0.0,0.0,0.0,1,
Bartolomé Fortunato,29.0,TBD,AL,0.0,1.0,0.0,0.0,0.0,0.0,0.0,0.0,0.0,0.0,0.0,0.0,0.0,0.0,,,,,,,,0.0,0.0,0.0,0.0,0.0,0.0,/1,
Bartolomé Fortunato,29.0,NYM,NL,0.0,15.0,0.0,0.0,0.0,0.0,0.0,0.0,0.0,0.0,0.0,0.0,0.0,0.0,,,,,,,,0.0,0.0,0.0,0.0,0.0,0.0,1,
Ben Broussard*,27.0,CLE,AL,3.1,139.0,485.0,418.0,57.0,115.0,28.0,5.0,17.0,82.0,4.0,2.0,52.0,95.0,0.275,0.37,0.488,0.858,127.0,0.379,130.0,204.0,7.0,12.0,1.0,2.0,3.0,*3H,
Ben Davis#,27.0,2TM,AL,-0.6,68.0,208.0,193.0,22.0,40.0,9.0,0.0,6.0,18.0,1.0,1.0,12.0,49.0,0.207,0.256,0.347,0.603,55.0,0.273,50.0,67.0,5.0,1.0,1.0,1.0,0.0,2/H,
Ben Davis#,27.0,SEA,AL,-0.6,14.0,37.0,33.0,1.0,3.0,0.0,0.0,0.0,2.0,0.0,0.0,3.0,9.0,0.091,0.162,0.091,0.253,-30.0,0.132,-45.0,3.0,3.0,0.0,0.0,1.0,0.0,2,
Ben Davis#,27.0,CHW,AL,0.0,54.0,171.0,160.0,21.0,37.0,9.0,0.0,6.0,16.0,1.0,1.0,9.0,40.0,0.231,0.276,0.4,0.676,72.0,0.304,71.0,64.0,2.0,1.0,1.0,0.0,0.0,2/H,
Ben Ford,28.0,MIL,NL,0.0,19.0,0.0,0.0,0.0,0.0,0.0,0.0,0.0,0.0,0.0,0.0,0.0,0.0,,,,,,,,0.0,0.0,0.0,0.0,0.0,0.0,1,
Ben Grieve*,28.0,2TM,NL,-0.6,123.0,294.0,250.0,30.0,65.0,17.0,0.0,8.0,35.0,0.0,0.0,39.0,70.0,0.26,0.361,0.424,0.785,103.0,0.347,102.0,106.0,4.0,2.0,0.0,3.0,5.0,9H/7D,
Ben Grieve*,28.0,MIL,NL,-0.7,108.0,275.0,234.0,28.0,61.0,15.0,0.0,7.0,29.0,0.0,0.0,39.0,65.0,0.261,0.364,0.415,0.778,101.0,0.346,101.0,97.0,4.0,0.0,0.0,2.0,5.0,9H/D,
Ben Grieve*,28.0,CHC,NL,0.1,15.0,19.0,16.0,2.0,4.0,2.0,0.0,1.0,6.0,0.0,0.0,0.0,5.0,0.25,0.316,0.563,0.878,119.0,0.361,110.0,9.0,0.0,2.0,0.0,1.0,0.0,H/97,
Ben Hendrickson,23.0,MIL,NL,-0.1,10.0,17.0,16.0,0.0,2.0,0.0,0.0,0.0,0.0,0.0,0.0,0.0,9.0,0.125,0.125,0.125,0.25,-35.0,0.113,-77.0,2.0,0.0,0.0,1.0,0.0,0.0,1,
Ben Howard,25.0,FLA,NL,0.0,29.0,3.0,3.0,0.0,0.0,0.0,0.0,0.0,0.0,0.0,0.0,0.0,0.0,0.0,0.0,0.0,0.0,-100.0,0.0,-146.0,0.0,0.0,0.0,0.0,0.0,0.0,1,
Ben Sheets,25.0,MIL,NL,0.1,33.0,81.0,67.0,2.0,9.0,0.0,0.0,0.0,1.0,0.0,0.0,5.0,22.0,0.134,0.194,0.134,0.329,-12.0,0.199,-18.0,9.0,2.0,0.0,9.0,0.0,0.0,1,"AS,CYA-8"
Bengie Molina,29.0,ANA,AL,0.7,97.0,363.0,337.0,36.0,93.0,13.0,0.0,10.0,54.0,0.0,1.0,18.0,35.0,0.276,0.313,0.404,0.717,88.0,0.32,87.0,136.0,18.0,2.0,2.0,4.0,1.0,2/HD,
Benito Santiago,39.0,KCR,AL,0.8,49.0,189.0,175.0,15.0,48.0,10.0,0.0,6.0,23.0,1.0,2.0,8.0,32.0,0.274,0.312,0.434,0.746,91.0,0.33,92.0,76.0,9.0,2.0,3.0,1.0,0.0,2,
Bernie Williams#,35.0,NYY,AL,0.9,148.0,651.0,561.0,105.0,147.0,29.0,1.0,22.0,70.0,1.0,5.0,85.0,96.0,0.262,0.36,0.435,0.795,108.0,0.356,112.0,244.0,19.0,2.0,1.0,2.0,5.0,8D/H,
Bill Hall,24.0,MIL,NL,0.5,126.0,415.0,390.0,43.0,93.0,20.0,3.0,9.0,53.0,12.0,6.0,20.0,119.0,0.238,0.276,0.374,0.65,67.0,0.288,59.0,146.0,4.0,1.0,2.0,2.0,1.0,46H5,
Bill Mueller#,33.0,BOS,AL,1.2,110.0,460.0,399.0,75.0,113.0,27.0,1.0,12.0,57.0,2.0,2.0,51.0,56.0,0.283,0.365,0.446,0.811,106.0,0.362,107.0,178.0,8.0,4.0,0.0,6.0,1.0,54/H,
Billy Koch,29.0,FLA,NL,0.0,22.0,0.0,0.0,0.0,0.0,0.0,0.0,0.0,0.0,0.0,0.0,0.0,0.0,,,,,,,,0.0,0.0,0.0,0.0,0.0,0.0,1,
Billy McMillon*,32.0,OAK,AL,-0.4,52.0,102.0,92.0,10.0,17.0,4.0,0.0,3.0,11.0,0.0,1.0,8.0,22.0,0.185,0.255,0.326,0.581,51.0,0.281,60.0,30.0,2.0,1.0,0.0,1.0,0.0,H7/D39,
Billy Wagner*,32.0,PHI,NL,0.0,42.0,2.0,2.0,0.0,0.0,0.0,0.0,0.0,0.0,0.0,0.0,0.0,2.0,0.0,0.0,0.0,0.0,-100.0,0.0,-157.0,0.0,0.0,0.0,0.0,0.0,0.0,1,
Blaine Neal*,26.0,SDP,NL,0.0,39.0,0.0,0.0,0.0,0.0,0.0,0.0,0.0,0.0,0.0,0.0,0.0,0.0,,,,,,,,0.0,0.0,0.0,0.0,0.0,0.0,1,
Bo Hart,27.0,STL,NL,0.1,11.0,14.0,13.0,0.0,2.0,0.0,0.0,0.0,2.0,0.0,0.0,1.0,3.0,0.154,0.214,0.154,0.368,-2.0,0.245,29.0,2.0,0.0,0.0,0.0,0.0,0.0,/H46,
Bob File,27.0,TOR,AL,0.0,3.0,1.0,1.0,0.0,0.0,0.0,0.0,0.0,0.0,0.0,0.0,0.0,1.0,0.0,0.0,0.0,0.0,-100.0,0.0,-138.0,0.0,0.0,0.0,0.0,0.0,0.0,1,
Bob Howry*,30.0,CLE,AL,0.0,1.0,0.0,0.0,0.0,0.0,0.0,0.0,0.0,0.0,0.0,0.0,0.0,0.0,,,,,,,,0.0,0.0,0.0,0.0,0.0,0.0,1,
Bobby Abreu*,30.0,PHI,NL,6.6,159.0,713.0,574.0,118.0,173.0,47.0,1.0,30.0,105.0,40.0,5.0,127.0,116.0,0.301,0.428,0.544,0.971,145.0,0.432,152.0,312.0,5.0,5.0,0.0,7.0,10.0,*9/H,"AS,MVP-23,SS"
Bobby Crosby,24.0,OAK,AL,3.3,151.0,623.0,545.0,70.0,130.0,34.0,1.0,22.0,64.0,7.0,3.0,58.0,141.0,0.239,0.319,0.426,0.744,93.0,0.339,97.0,232.0,20.0,9.0,5.0,6.0,0.0,*6,ROY-1
Bobby Estalella,29.0,2TM,2LG,0.0,12.0,31.0,27.0,3.0,5.0,0.0,0.0,2.0,4.0,0.0,0.0,3.0,11.0,0.185,0.29,0.407,0.698,76.0,0.337,91.0,11.0,1.0,1.0,0.0,0.0,0.0,/2HD,
Bobby Estalella,29.0,ARI,NL,0.0,7.0,14.0,14.0,2.0,2.0,0.0,0.0,2.0,4.0,0.0,0.0,0.0,6.0,0.143,0.143,0.571,0.714,69.0,0.284,52.0,8.0,0.0,0.0,0.0,0.0,0.0,/2H,
Bobby Estalella,29.0,TOR,AL,0.0,5.0,17.0,13.0,1.0,3.0,0.0,0.0,0.0,0.0,0.0,0.0,3.0,5.0,0.231,0.412,0.231,0.643,72.0,0.38,121.0,3.0,1.0,1.0,0.0,0.0,0.0,/2DH,
Bobby Higginson*,33.0,DET,AL,2.3,131.0,531.0,448.0,63.0,110.0,24.0,2.0,12.0,64.0,5.0,2.0,70.0,84.0,0.246,0.353,0.388,0.742,99.0,0.335,99.0,174.0,10.0,7.0,2.0,4.0,5.0,*9D/H,
Bobby Hill#,26.0,PIT,NL,0.2,126.0,267.0,233.0,28.0,62.0,7.0,2.0,2.0,27.0,0.0,3.0,20.0,39.0,0.266,0.353,0.339,0.692,82.0,0.317,85.0,79.0,12.0,12.0,1.0,1.0,2.0,H45,
Bobby Kielty#,27.0,OAK,AL,0.4,83.0,278.0,238.0,29.0,51.0,14.0,1.0,7.0,31.0,1.0,0.0,35.0,47.0,0.214,0.321,0.37,0.691,81.0,0.327,88.0,88.0,5.0,3.0,1.0,1.0,0.0,79HD,
Brad Ausmus,35.0,HOU,NL,-0.1,129.0,448.0,403.0,38.0,100.0,14.0,1.0,5.0,31.0,2.0,2.0,33.0,56.0,0.248,0.306,0.325,0.631,63.0,0.289,58.0,131.0,13.0,2.0,7.0,3.0,11.0,*2/H,
Brad Fullmer*,29.0,TEX,AL,-0.3,76.0,290.0,258.0,41.0,60.0,19.0,1.0,11.0,33.0,1.0,2.0,27.0,30.0,0.233,0.31,0.442,0.752,87.0,0.333,86.0,114.0,7.0,3.0,0.0,2.0,1.0,DH/3,
Brad Halsey*,23.0,NYY,AL,0.1,1.0,2.0,2.0,0.0,1.0,0.0,0.0,0.0,0.0,0.0,0.0,0.0,1.0,0.5,0.5,0.5,1.0,165.0,0.456,180.0,1.0,0.0,0.0,0.0,0.0,0.0,/1,
Brad Hawpe*,25.0,COL,NL,-0.7,42.0,118.0,105.0,12.0,26.0,3.0,2.0,3.0,9.0,1.0,1.0,11.0,34.0,0.248,0.322,0.4,0.722,77.0,0.307,62.0,42.0,4.0,1.0,0.0,1.0,3.0,9H/7,
Brad Hennessey,24.0,SFG,NL,0.1,7.0,15.0,13.0,1.0,3.0,0.0,0.0,0.0,2.0,0.0,0.0,1.0,4.0,0.231,0.267,0.231,0.497,30.0,0.222,11.0,3.0,0.0,0.0,0.0,1.0,0.0,/1,
Brad Lidge,27.0,HOU,NL,0.0,77.0,1.0,1.0,0.0,0.0,0.0,0.0,0.0,0.0,0.0,0.0,0.0,0.0,0.0,0.0,0.0,0.0,-100.0,0.0,-142.0,0.0,0.0,0.0,0.0,0.0,0.0,1,CYA-8
Brad Penny,26.0,2TM,NL,-0.5,23.0,52.0,51.0,1.0,3.0,0.0,0.0,0.0,1.0,0.0,0.0,0.0,15.0,0.059,0.059,0.059,0.118,-69.0,0.053,-109.0,3.0,1.0,0.0,1.0,0.0,0.0,1,
Brad Penny,26.0,FLA,NL,-0.4,20.0,48.0,47.0,1.0,3.0,0.0,0.0,0.0,1.0,0.0,0.0,0.0,13.0,0.064,0.064,0.064,0.128,-66.0,0.058,-106.0,3.0,1.0,0.0,1.0,0.0,0.0,1,
Brad Penny,26.0,LAD,NL,-0.1,3.0,4.0,4.0,0.0,0.0,0.0,0.0,0.0,0.0,0.0,0.0,0.0,2.0,0.0,0.0,0.0,0.0,-100.0,0.0,-143.0,0.0,0.0,0.0,0.0,0.0,0.0,/1,
Brad Radke,31.0,MIN,AL,-0.1,1.0,3.0,2.0,0.0,0.0,0.0,0.0,0.0,0.0,0.0,0.0,0.0,1.0,0.0,0.0,0.0,0.0,-100.0,0.0,-264.0,0.0,0.0,0.0,1.0,0.0,0.0,1,
Brad Wilkerson*,27.0,MON,NL,5.1,160.0,688.0,572.0,112.0,146.0,39.0,2.0,32.0,67.0,13.0,6.0,106.0,152.0,0.255,0.374,0.498,0.872,120.0,0.379,121.0,285.0,6.0,4.0,3.0,3.0,8.0,3789/H,
Braden Looper,29.0,NYM,NL,0.0,69.0,2.0,2.0,0.0,0.0,0.0,0.0,0.0,0.0,0.0,0.0,0.0,1.0,0.0,0.0,0.0,0.0,-100.0,0.0,-152.0,0.0,0.0,0.0,0.0,0.0,0.0,1,
Brady Clark,31.0,MIL,NL,2.1,138.0,420.0,353.0,41.0,99.0,18.0,1.0,7.0,46.0,15.0,8.0,53.0,48.0,0.28,0.385,0.397,0.782,104.0,0.36,112.0,140.0,9.0,9.0,1.0,3.0,2.0,*9H/87,
Brandon Backe,26.0,HOU,NL,0.4,34.0,21.0,16.0,3.0,5.0,0.0,0.0,1.0,6.0,0.0,0.0,1.0,8.0,0.313,0.389,0.5,0.889,127.0,0.387,135.0,8.0,0.0,1.0,3.0,0.0,0.0,1/H,
Brandon Berger,29.0,KCR,AL,-0.5,11.0,36.0,35.0,5.0,7.0,2.0,0.0,0.0,2.0,1.0,1.0,0.0,7.0,0.2,0.2,0.257,0.457,18.0,0.214,11.0,9.0,1.0,0.0,1.0,0.0,0.0,7/9,
Brandon Claussen,25.0,CIN,NL,0.0,14.0,22.0,19.0,1.0,2.0,0.0,0.0,0.0,0.0,0.0,0.0,1.0,6.0,0.105,0.15,0.105,0.255,-31.0,0.171,-34.0,2.0,1.0,0.0,2.0,0.0,0.0,1,
Brandon Duckworth,28.0,HOU,NL,0.1,18.0,10.0,9.0,1.0,2.0,0.0,0.0,0.0,1.0,0.0,0.0,1.0,2.0,0.222,0.3,0.222,0.522,38.0,0.252,32.0,2.0,0.0,0.0,0.0,0.0,0.0,1,
Brandon Inge,27.0,DET,AL,2.9,131.0,458.0,408.0,43.0,117.0,15.0,7.0,13.0,64.0,5.0,4.0,32.0,72.0,0.287,0.34,0.453,0.793,110.0,0.355,115.0,185.0,4.0,4.0,8.0,6.0,0.0,528H/79,
Brandon Larson,28.0,CIN,NL,0.1,40.0,135.0,118.0,13.0,25.0,6.0,0.0,3.0,14.0,1.0,0.0,14.0,35.0,0.212,0.304,0.339,0.643,69.0,0.338,97.0,40.0,2.0,2.0,0.0,1.0,0.0,5/H,
Brandon Phillips,23.0,CLE,AL,-0.2,6.0,24.0,22.0,1.0,4.0,2.0,0.0,0.0,1.0,0.0,2.0,2.0,5.0,0.182,0.25,0.273,0.523,40.0,0.192,30.0,6.0,1.0,0.0,0.0,0.0,0.0,/4,
Brandon Puffer,28.0,SDP,NL,0.0,13.0,0.0,0.0,0.0,0.0,0.0,0.0,0.0,0.0,0.0,0.0,0.0,0.0,,,,,,,,0.0,0.0,0.0,0.0,0.0,0.0,1,
Brandon Villafuerte,28.0,ARI,NL,0.0,15.0,1.0,1.0,0.0,0.0,0.0,0.0,0.0,0.0,0.0,0.0,0.0,1.0,0.0,0.0,0.0,0.0,-100.0,0.0,-150.0,0.0,0.0,0.0,0.0,0.0,0.0,1,
Brandon Webb,25.0,ARI,NL,-0.4,33.0,71.0,64.0,3.0,6.0,0.0,0.0,0.0,4.0,0.0,0.0,3.0,36.0,0.094,0.134,0.094,0.228,-40.0,0.111,-83.0,6.0,0.0,0.0,4.0,0.0,0.0,1,
Brendan Donnelly,32.0,ANA,AL,0.0,5.0,0.0,0.0,0.0,0.0,0.0,0.0,0.0,0.0,0.0,0.0,0.0,0.0,,,,,,,,0.0,0.0,0.0,0.0,0.0,0.0,1,
Brendan Harris,23.0,2TM,NL,-0.6,23.0,63.0,59.0,4.0,10.0,3.0,0.0,1.0,3.0,0.0,0.0,3.0,12.0,0.169,0.222,0.271,0.493,25.0,0.223,9.0,16.0,0.0,1.0,0.0,0.0,0.0,4/5H,
Brendan Harris,23.0,CHC,NL,-0.1,3.0,10.0,9.0,0.0,2.0,1.0,0.0,0.0,1.0,0.0,0.0,1.0,1.0,0.222,0.3,0.333,0.633,63.0,0.286,56.0,3.0,0.0,0.0,0.0,0.0,0.0,/5,
Brendan Harris,23.0,MON,NL,-0.5,20.0,53.0,50.0,4.0,8.0,2.0,0.0,1.0,2.0,0.0,0.0,2.0,11.0,0.16,0.208,0.26,0.468,18.0,0.211,0.0,13.0,0.0,1.0,0.0,0.0,0.0,4/H5,
Brent Mayne*,36.0,2TM,NL,-0.7,83.0,224.0,190.0,14.0,42.0,6.0,1.0,0.0,15.0,1.0,0.0,27.0,41.0,0.221,0.314,0.263,0.577,52.0,0.278,49.0,50.0,7.0,0.0,4.0,3.0,8.0,2/H3,
Brent Mayne*,36.0,ARI,NL,-0.3,36.0,111.0,94.0,9.0,24.0,6.0,1.0,0.0,10.0,1.0,0.0,13.0,17.0,0.255,0.343,0.34,0.683,75.0,0.315,70.0,32.0,5.0,0.0,3.0,1.0,4.0,2/H3,
Brent Mayne*,36.0,LAD,NL,-0.4,47.0,113.0,96.0,5.0,18.0,0.0,0.0,0.0,5.0,0.0,0.0,14.0,24.0,0.188,0.286,0.188,0.473,29.0,0.242,28.0,18.0,2.0,0.0,1.0,2.0,4.0,2/H,
Bret Boone,35.0,SEA,AL,0.5,148.0,658.0,593.0,74.0,149.0,30.0,0.0,24.0,83.0,10.0,5.0,56.0,135.0,0.251,0.317,0.423,0.74,94.0,0.324,89.0,251.0,18.0,3.0,2.0,4.0,2.0,*4,GG
Bret Prinz,27.0,NYY,AL,0.0,4.0,0.0,0.0,0.0,0.0,0.0,0.0,0.0,0.0,0.0,0.0,0.0,0.0,,,,,,,,0.0,0.0,0.0,0.0,0.0,0.0,1,
Brett Myers,23.0,PHI,NL,0.2,29.0,61.0,51.0,6.0,10.0,4.0,0.0,0.0,1.0,0.0,0.0,2.0,17.0,0.196,0.226,0.275,0.501,27.0,0.223,-6.0,14.0,2.0,0.0,8.0,0.0,0.0,1,
Brett Tomko,31.0,SFG,NL,-0.4,33.0,77.0,62.0,3.0,7.0,1.0,0.0,0.0,0.0,0.0,0.0,2.0,27.0,0.113,0.141,0.129,0.27,-30.0,0.125,-91.0,8.0,1.0,0.0,13.0,0.0,0.0,1/H,
Brian Anderson#,32.0,KCR,AL,0.0,2.0,2.0,1.0,0.0,0.0,0.0,0.0,0.0,0.0,0.0,0.0,0.0,0.0,0.0,0.0,0.0,0.0,-100.0,0.0,-362.0,0.0,0.0,0.0,1.0,0.0,0.0,1,
Brian Boehringer#,35.0,PIT,NL,0.0,21.0,1.0,1.0,0.0,0.0,0.0,0.0,0.0,0.0,0.0,0.0,0.0,1.0,0.0,0.0,0.0,0.0,-100.0,0.0,-142.0,0.0,0.0,0.0,0.0,0.0,0.0,1,
Brian Bruney,22.0,ARI,NL,0.0,30.0,0.0,0.0,0.0,0.0,0.0,0.0,0.0,0.0,0.0,0.0,0.0,0.0,,,,,,,,0.0,0.0,0.0,0.0,0.0,0.0,1,
Brian Buchanan,30.0,2TM,NL,-0.8,40.0,72.0,63.0,7.0,12.0,2.0,0.0,2.0,6.0,0.0,0.0,7.0,20.0,0.19,0.278,0.317,0.595,61.0,0.267,54.0,20.0,2.0,1.0,0.0,1.0,2.0,H7/39,
Brian Buchanan,30.0,SDP,NL,-0.7,38.0,68.0,60.0,7.0,12.0,2.0,0.0,2.0,6.0,0.0,0.0,6.0,19.0,0.2,0.279,0.333,0.613,65.0,0.273,58.0,20.0,2.0,1.0,0.0,1.0,2.0,H7/39,
Brian Buchanan,30.0,NYM,NL,-0.2,2.0,4.0,3.0,0.0,0.0,0.0,0.0,0.0,0.0,0.0,0.0,1.0,1.0,0.0,0.25,0.0,0.25,-26.0,0.177,-19.0,0.0,0.0,0.0,0.0,0.0,0.0,/3H,
Brian Cooper,29.0,SFG,NL,0.0,5.0,3.0,3.0,0.0,0.0,0.0,0.0,0.0,0.0,0.0,0.0,0.0,1.0,0.0,0.0,0.0,0.0,-100.0,0.0,-151.0,0.0,0.0,0.0,0.0,0.0,0.0,/1,
Brian Dallimore,30.0,SFG,NL,0.2,20.0,49.0,43.0,8.0,12.0,2.0,0.0,1.0,7.0,0.0,1.0,4.0,7.0,0.279,0.347,0.395,0.742,91.0,0.337,101.0,17.0,0.0,1.0,0.0,1.0,0.0,/4H5,
Brian Daubach*,32.0,BOS,AL,0.1,30.0,86.0,75.0,9.0,17.0,8.0,0.0,2.0,8.0,0.0,0.0,10.0,21.0,0.227,0.326,0.413,0.739,87.0,0.335,87.0,31.0,1.0,1.0,0.0,0.0,0.0,3H/79,
Brian Falkenborg,26.0,LAD,NL,0.0,6.0,3.0,2.0,1.0,0.0,0.0,0.0,0.0,0.0,0.0,0.0,1.0,2.0,0.0,0.333,0.0,0.333,0.0,0.236,26.0,0.0,0.0,0.0,0.0,0.0,0.0,/1,
Brian Fuentes*,28.0,COL,NL,0.0,47.0,0.0,0.0,0.0,0.0,0.0,0.0,0.0,0.0,0.0,0.0,0.0,0.0,,,,,,,,0.0,0.0,0.0,0.0,0.0,0.0,1,
Brian Giles*,33.0,SDP,NL,3.8,159.0,711.0,609.0,97.0,173.0,33.0,7.0,23.0,94.0,10.0,3.0,89.0,80.0,0.284,0.374,0.475,0.849,128.0,0.372,130.0,289.0,12.0,4.0,0.0,9.0,6.0,*9/H,
Brian Jordan,37.0,TEX,AL,-0.7,61.0,233.0,212.0,27.0,47.0,13.0,1.0,5.0,23.0,2.0,2.0,16.0,35.0,0.222,0.275,0.363,0.638,60.0,0.276,46.0,77.0,7.0,1.0,0.0,4.0,2.0,9D/H7,
Brian Lawrence,28.0,SDP,NL,-0.2,34.0,73.0,62.0,5.0,6.0,1.0,0.0,0.0,2.0,0.0,0.0,3.0,25.0,0.097,0.138,0.113,0.251,-31.0,0.135,-57.0,7.0,1.0,0.0,8.0,0.0,0.0,1/H,
Brian Meadows,28.0,PIT,NL,0.0,65.0,4.0,3.0,0.0,0.0,0.0,0.0,0.0,1.0,0.0,0.0,1.0,3.0,0.0,0.25,0.0,0.25,-26.0,0.177,-19.0,0.0,0.0,0.0,0.0,0.0,0.0,1,
Brian Powell,30.0,PHI,NL,-0.1,16.0,9.0,8.0,0.0,1.0,0.0,0.0,0.0,0.0,0.0,0.0,0.0,5.0,0.125,0.125,0.125,0.25,-36.0,0.113,-93.0,1.0,0.0,0.0,1.0,0.0,0.0,1,
Brian Reith,26.0,CIN,NL,0.0,20.0,0.0,0.0,0.0,0.0,0.0,0.0,0.0,0.0,0.0,0.0,0.0,0.0,,,,,,,,0.0,0.0,0.0,0.0,0.0,0.0,1,
Brian Roberts#,26.0,BAL,AL,2.4,159.0,736.0,641.0,107.0,175.0,50.0,2.0,4.0,53.0,29.0,12.0,71.0,95.0,0.273,0.344,0.376,0.72,90.0,0.338,96.0,241.0,3.0,1.0,15.0,6.0,1.0,*4/DH,
Brian Schneider*,27.0,MON,NL,3.5,135.0,488.0,436.0,40.0,112.0,20.0,3.0,12.0,49.0,0.0,1.0,42.0,63.0,0.257,0.325,0.399,0.724,84.0,0.32,79.0,174.0,8.0,3.0,5.0,2.0,10.0,*2/H,
Brian Shouse*,35.0,TEX,AL,0.0,6.0,0.0,0.0,0.0,0.0,0.0,0.0,0.0,0.0,0.0,0.0,0.0,0.0,,,,,,,,0.0,0.0,0.0,0.0,0.0,0.0,1,
Brian Sweeney,30.0,SDP,NL,-0.1,6.0,4.0,4.0,0.0,0.0,0.0,0.0,0.0,0.0,0.0,0.0,0.0,2.0,0.0,0.0,0.0,0.0,-100.0,0.0,-136.0,0.0,0.0,0.0,0.0,0.0,0.0,/1,
Bronson Arroyo,27.0,BOS,AL,-0.1,3.0,7.0,6.0,0.0,0.0,0.0,0.0,0.0,0.0,0.0,0.0,0.0,5.0,0.0,0.0,0.0,0.0,-100.0,0.0,-187.0,0.0,0.0,0.0,1.0,0.0,0.0,1,
Brook Fordyce,34.0,TBD,AL,-0.7,54.0,163.0,151.0,14.0,31.0,6.0,0.0,2.0,9.0,0.0,0.0,9.0,34.0,0.205,0.259,0.285,0.544,45.0,0.258,44.0,43.0,3.0,2.0,1.0,0.0,0.0,2/HD,
Brooks Kieschnick*,32.0,MIL,NL,0.2,75.0,68.0,63.0,2.0,17.0,3.0,0.0,1.0,7.0,0.0,0.0,5.0,16.0,0.27,0.324,0.365,0.689,78.0,0.302,69.0,23.0,3.0,0.0,0.0,0.0,1.0,H1,
Bubba Crosby*,27.0,NYY,AL,-0.5,55.0,58.0,53.0,8.0,8.0,2.0,0.0,2.0,7.0,2.0,0.0,2.0,13.0,0.151,0.196,0.302,0.498,29.0,0.223,9.0,16.0,0.0,1.0,2.0,0.0,0.0,9H87/D,
Bucky Jacobsen,28.0,SEA,AL,0.6,42.0,176.0,160.0,17.0,44.0,9.0,0.0,9.0,28.0,0.0,0.0,14.0,47.0,0.275,0.335,0.5,0.835,117.0,0.369,120.0,80.0,3.0,1.0,0.0,1.0,0.0,3D/H,
Buddy Groom*,38.0,BAL,AL,0.0,5.0,0.0,0.0,0.0,0.0,0.0,0.0,0.0,0.0,0.0,0.0,0.0,0.0,,,,,,,,0.0,0.0,0.0,0.0,0.0,0.0,1,
Byron Gettis,24.0,KCR,AL,0.1,21.0,49.0,39.0,7.0,7.0,1.0,1.0,0.0,1.0,0.0,1.0,8.0,14.0,0.179,0.327,0.256,0.583,55.0,0.263,48.0,10.0,0.0,1.0,0.0,1.0,1.0,79/H,
C.J. Nitkowski*,31.0,ATL,NL,0.0,20.0,0.0,0.0,0.0,0.0,0.0,0.0,0.0,0.0,0.0,0.0,0.0,0.0,,,,,,,,0.0,0.0,0.0,0.0,0.0,0.0,1,
Cal Eldred,36.0,STL,NL,-0.1,51.0,6.0,5.0,0.0,0.0,0.0,0.0,0.0,0.0,0.0,0.0,0.0,3.0,0.0,0.0,0.0,0.0,-100.0,0.0,-195.0,0.0,1.0,0.0,1.0,0.0,0.0,1,
Calvin Murray,32.0,CHC,NL,0.2,11.0,6.0,5.0,2.0,1.0,0.0,0.0,0.0,1.0,0.0,0.0,1.0,0.0,0.2,0.333,0.2,0.533,42.0,0.253,31.0,1.0,0.0,0.0,0.0,0.0,0.0,/8H97,
Calvin Pickering*,27.0,KCR,AL,0.5,35.0,142.0,122.0,21.0,30.0,8.0,1.0,7.0,26.0,0.0,0.0,18.0,42.0,0.246,0.338,0.5,0.838,114.0,0.361,110.0,61.0,6.0,0.0,0.0,2.0,1.0,D/3,
Carl Crawford*,22.0,TBD,AL,4.9,152.0,672.0,626.0,104.0,185.0,26.0,19.0,11.0,55.0,59.0,15.0,35.0,81.0,0.296,0.331,0.45,0.781,105.0,0.359,108.0,282.0,2.0,1.0,4.0,6.0,2.0,*78/DH,AS
Carl Everett#,33.0,2TM,2LG,-0.4,82.0,310.0,281.0,29.0,73.0,17.0,1.0,7.0,35.0,1.0,0.0,16.0,45.0,0.26,0.319,0.402,0.721,84.0,0.329,86.0,113.0,11.0,10.0,0.0,3.0,3.0,D79/H,
Carl Everett#,33.0,MON,NL,-0.5,39.0,141.0,127.0,8.0,32.0,10.0,0.0,2.0,14.0,0.0,0.0,8.0,19.0,0.252,0.319,0.378,0.697,77.0,0.317,76.0,48.0,8.0,5.0,0.0,1.0,2.0,79/DH,
Carl Everett#,33.0,CHW,AL,0.1,43.0,169.0,154.0,21.0,41.0,7.0,1.0,5.0,21.0,1.0,0.0,8.0,26.0,0.266,0.32,0.422,0.742,90.0,0.339,93.0,65.0,3.0,5.0,0.0,2.0,1.0,D/7H,
Carl Pavano,28.0,FLA,NL,0.5,29.0,79.0,68.0,4.0,13.0,3.0,0.0,2.0,6.0,0.0,0.0,1.0,24.0,0.191,0.214,0.324,0.538,40.0,0.234,16.0,22.0,1.0,1.0,9.0,0.0,0.0,1,"AS,CYA-6"
Carlos Almánzar,30.0,TEX,AL,0.0,6.0,0.0,0.0,0.0,0.0,0.0,0.0,0.0,0.0,0.0,0.0,0.0,0.0,,,,,,,,0.0,0.0,0.0,0.0,0.0,0.0,1,
Carlos Baerga#,35.0,ARI,NL,-0.4,79.0,94.0,85.0,6.0,20.0,2.0,0.0,2.0,11.0,0.0,0.0,6.0,12.0,0.235,0.309,0.329,0.638,62.0,0.289,55.0,28.0,7.0,3.0,0.0,0.0,0.0,H/3D,
Carlos Beltrán#,27.0,2TM,2LG,6.8,159.0,708.0,599.0,121.0,160.0,36.0,9.0,38.0,104.0,42.0,3.0,92.0,101.0,0.267,0.367,0.548,0.915,133.0,0.4,131.0,328.0,8.0,7.0,3.0,7.0,10.0,*8/H,"AS,MVP-12"
Carlos Beltrán#,27.0,KCR,AL,2.3,69.0,309.0,266.0,51.0,74.0,19.0,2.0,15.0,51.0,14.0,3.0,37.0,44.0,0.278,0.367,0.534,0.901,130.0,0.387,125.0,142.0,4.0,2.0,1.0,3.0,7.0,8,
Carlos Beltrán#,27.0,HOU,NL,4.5,90.0,399.0,333.0,70.0,86.0,17.0,7.0,23.0,53.0,28.0,0.0,55.0,57.0,0.258,0.368,0.559,0.926,135.0,0.411,135.0,186.0,4.0,5.0,2.0,4.0,3.0,8/H,
Carlos Delgado*,32.0,TOR,AL,2.9,128.0,551.0,458.0,74.0,123.0,26.0,0.0,32.0,99.0,0.0,1.0,69.0,115.0,0.269,0.372,0.535,0.907,129.0,0.382,123.0,245.0,11.0,13.0,0.0,11.0,12.0,*3/D,
Carlos Guillén#,28.0,DET,AL,4.6,136.0,583.0,522.0,97.0,166.0,37.0,10.0,20.0,97.0,12.0,5.0,52.0,87.0,0.318,0.379,0.542,0.921,143.0,0.401,145.0,283.0,12.0,2.0,3.0,4.0,3.0,*6/H,"AS,MVP-24"
Carlos Hernández*,24.0,HOU,NL,-0.1,9.0,16.0,12.0,0.0,1.0,0.0,0.0,0.0,1.0,0.0,0.0,0.0,4.0,0.083,0.083,0.083,0.167,-57.0,0.076,-160.0,1.0,0.0,0.0,4.0,0.0,0.0,/1,
Carlos Lee,28.0,CHW,AL,5.0,153.0,658.0,591.0,103.0,180.0,37.0,0.0,31.0,99.0,11.0,5.0,54.0,86.0,0.305,0.366,0.525,0.891,127.0,0.386,127.0,310.0,10.0,7.0,0.0,6.0,3.0,*7/D,
Carlos Peña*,26.0,DET,AL,2.8,142.0,562.0,481.0,89.0,116.0,22.0,4.0,27.0,82.0,7.0,1.0,70.0,146.0,0.241,0.338,0.472,0.81,114.0,0.355,112.0,227.0,11.0,3.0,2.0,5.0,2.0,*3/HD,
Carlos Rivera*,26.0,PIT,NL,-0.2,7.0,17.0,15.0,1.0,3.0,0.0,0.0,0.0,1.0,0.0,0.0,1.0,3.0,0.2,0.25,0.2,0.45,20.0,0.235,12.0,3.0,0.0,0.0,0.0,0.0,1.0,/3,
Carlos Silva,25.0,MIN,AL,-0.1,2.0,3.0,3.0,0.0,0.0,0.0,0.0,0.0,0.0,0.0,0.0,0.0,1.0,0.0,0.0,0.0,0.0,-100.0,0.0,-139.0,0.0,0.0,0.0,0.0,0.0,0.0,1,
Carlos Zambrano#,23.0,CHC,NL,0.6,30.0,82.0,70.0,8.0,16.0,1.0,0.0,1.0,5.0,0.0,0.0,3.0,29.0,0.229,0.257,0.286,0.542,39.0,0.266,35.0,20.0,2.0,0.0,8.0,1.0,0.0,1,"AS,CYA-5,MVP-28"
Carmen Cali*,25.0,STL,NL,0.0,10.0,0.0,0.0,0.0,0.0,0.0,0.0,0.0,0.0,0.0,0.0,0.0,0.0,,,,,,,,0.0,0.0,0.0,0.0,0.0,0.0,1,
Casey Blake,30.0,CLE,AL,3.5,152.0,668.0,587.0,93.0,159.0,36.0,3.0,28.0,88.0,5.0,8.0,68.0,139.0,0.271,0.354,0.486,0.839,122.0,0.361,121.0,285.0,19.0,9.0,1.0,3.0,2.0,*5/3,
Casey Daigle,23.0,ARI,NL,-0.1,11.0,18.0,17.0,2.0,2.0,2.0,0.0,0.0,0.0,0.0,0.0,0.0,7.0,0.118,0.118,0.235,0.353,-13.0,0.146,-56.0,4.0,1.0,0.0,1.0,0.0,0.0,1/H,
Casey Fossum*,26.0,ARI,NL,-0.2,27.0,46.0,42.0,3.0,4.0,0.0,0.0,0.0,0.0,0.0,0.0,1.0,16.0,0.095,0.116,0.095,0.212,-45.0,0.12,-78.0,4.0,1.0,0.0,3.0,0.0,0.0,1/H,
Casey Kotchman*,21.0,ANA,AL,-0.6,38.0,128.0,116.0,7.0,26.0,6.0,0.0,0.0,15.0,3.0,0.0,7.0,11.0,0.224,0.289,0.276,0.565,51.0,0.264,42.0,32.0,3.0,4.0,0.0,1.0,3.0,3/HD,
CC Sabathia*,23.0,CLE,AL,0.0,1.0,4.0,4.0,0.0,1.0,0.0,0.0,0.0,0.0,0.0,0.0,0.0,2.0,0.25,0.25,0.25,0.5,35.0,0.228,24.0,1.0,0.0,0.0,0.0,0.0,0.0,1,AS
Chad Allen,29.0,TEX,AL,-0.4,20.0,63.0,58.0,4.0,14.0,4.0,1.0,0.0,6.0,0.0,1.0,2.0,13.0,0.241,0.262,0.345,0.607,52.0,0.253,33.0,20.0,1.0,0.0,2.0,1.0,0.0,7/DH9,
Chad Bentz,24.0,MON,NL,0.1,35.0,2.0,2.0,0.0,1.0,0.0,0.0,0.0,0.0,0.0,0.0,0.0,0.0,0.5,0.5,0.5,1.0,157.0,0.453,174.0,1.0,0.0,0.0,0.0,0.0,0.0,1,
Chad Bradford,29.0,OAK,AL,0.0,5.0,0.0,0.0,0.0,0.0,0.0,0.0,0.0,0.0,0.0,0.0,0.0,0.0,,,,,,,,0.0,0.0,0.0,0.0,0.0,0.0,1,
Chad Cordero,22.0,MON,NL,-0.1,67.0,3.0,2.0,0.0,0.0,0.0,0.0,0.0,0.0,0.0,0.0,0.0,2.0,0.0,0.0,0.0,0.0,-100.0,0.0,-287.0,0.0,0.0,0.0,1.0,0.0,0.0,1,
Chad Durbin,26.0,ARI,NL,0.0,7.0,1.0,1.0,0.0,0.0,0.0,0.0,0.0,0.0,0.0,0.0,0.0,0.0,0.0,0.0,0.0,0.0,-100.0,0.0,-150.0,0.0,0.0,0.0,0.0,0.0,0.0,/1,
Chad Fox,33.0,FLA,NL,0.0,12.0,0.0,0.0,0.0,0.0,0.0,0.0,0.0,0.0,0.0,0.0,0.0,0.0,,,,,,,,0.0,0.0,0.0,0.0,0.0,0.0,1,
Chad Gaudin,21.0,TBD,AL,0.0,3.0,2.0,1.0,0.0,0.0,0.0,0.0,0.0,0.0,0.0,0.0,0.0,0.0,0.0,0.0,0.0,0.0,-100.0,0.0,-354.0,0.0,0.0,0.0,1.0,0.0,0.0,1/H,
Chad Harville,27.0,HOU,NL,0.0,54.0,1.0,1.0,0.0,0.0,0.0,0.0,0.0,0.0,0.0,0.0,0.0,1.0,0.0,0.0,0.0,0.0,-100.0,0.0,-142.0,0.0,0.0,0.0,0.0,0.0,0.0,1,
Chad Hermansen,26.0,TOR,AL,-0.1,4.0,7.0,7.0,0.0,0.0,0.0,0.0,0.0,0.0,0.0,0.0,0.0,3.0,0.0,0.0,0.0,0.0,-100.0,0.0,-143.0,0.0,0.0,0.0,0.0,0.0,0.0,/7H,
Chad Moeller,29.0,MIL,NL,-1.6,101.0,349.0,317.0,25.0,66.0,13.0,1.0,5.0,27.0,0.0,1.0,21.0,74.0,0.208,0.265,0.303,0.568,47.0,0.259,38.0,96.0,12.0,4.0,6.0,1.0,1.0,2/H,
Chad Mottola,32.0,BAL,AL,-0.1,6.0,16.0,14.0,2.0,2.0,1.0,0.0,1.0,3.0,0.0,0.0,2.0,3.0,0.143,0.25,0.429,0.679,74.0,0.289,64.0,6.0,1.0,0.0,0.0,0.0,0.0,/79H,
Chad Qualls,25.0,HOU,NL,0.0,25.0,1.0,1.0,0.0,0.0,0.0,0.0,0.0,0.0,0.0,0.0,0.0,1.0,0.0,0.0,0.0,0.0,-100.0,0.0,-142.0,0.0,0.0,0.0,0.0,0.0,0.0,1,
Chad Tracy*,24.0,ARI,NL,1.8,143.0,532.0,481.0,45.0,137.0,29.0,3.0,8.0,53.0,2.0,3.0,45.0,60.0,0.285,0.343,0.407,0.75,90.0,0.329,85.0,196.0,11.0,0.0,1.0,5.0,3.0,*53H/7,
Charles Gipson,31.0,TBD,AL,0.1,5.0,5.0,4.0,1.0,2.0,0.0,0.0,0.0,0.0,1.0,0.0,0.0,1.0,0.5,0.5,0.5,1.0,167.0,0.514,202.0,2.0,0.0,0.0,1.0,0.0,0.0,/687DH,
Charles Johnson,32.0,COL,NL,1.3,109.0,362.0,305.0,42.0,72.0,20.0,0.0,13.0,47.0,2.0,1.0,49.0,91.0,0.236,0.35,0.43,0.78,91.0,0.357,97.0,131.0,6.0,5.0,2.0,1.0,1.0,2H,
Charles Thomas*,25.0,ATL,NL,1.2,83.0,267.0,236.0,35.0,68.0,8.0,4.0,7.0,31.0,3.0,1.0,21.0,45.0,0.288,0.368,0.445,0.813,109.0,0.348,101.0,105.0,3.0,9.0,1.0,0.0,9.0,7H/98,
Chase Utley*,25.0,PHI,NL,2.3,94.0,287.0,267.0,36.0,71.0,11.0,2.0,13.0,57.0,4.0,1.0,15.0,40.0,0.266,0.308,0.468,0.776,93.0,0.356,102.0,125.0,6.0,2.0,1.0,2.0,1.0,4H3,
Chin-Feng Chen,26.0,LAD,NL,0.0,8.0,10.0,8.0,1.0,0.0,0.0,0.0,0.0,0.0,0.0,0.0,2.0,3.0,0.0,0.2,0.0,0.2,-40.0,0.142,-42.0,0.0,1.0,0.0,0.0,0.0,0.0,/H7,
Chin-hui Tsao,23.0,COL,NL,0.0,10.0,0.0,0.0,0.0,0.0,0.0,0.0,0.0,0.0,0.0,0.0,0.0,0.0,,,,,,,,0.0,0.0,0.0,0.0,0.0,0.0,1,
Chipper Jones#,32.0,ATL,NL,4.0,137.0,567.0,472.0,69.0,117.0,20.0,1.0,30.0,96.0,2.0,0.0,84.0,96.0,0.248,0.362,0.485,0.847,116.0,0.38,124.0,229.0,14.0,4.0,0.0,7.0,8.0,57/DH,
Chone Figgins#,26.0,ANA,AL,2.7,148.0,638.0,577.0,83.0,171.0,22.0,17.0,5.0,60.0,34.0,13.0,49.0,94.0,0.296,0.35,0.419,0.77,103.0,0.35,106.0,242.0,6.0,0.0,10.0,2.0,0.0,5846/H97D,MVP-24
Choo Freeman,24.0,COL,NL,-0.6,45.0,105.0,90.0,15.0,17.0,3.0,2.0,1.0,11.0,1.0,1.0,14.0,21.0,0.189,0.298,0.3,0.598,48.0,0.277,41.0,27.0,5.0,0.0,1.0,0.0,1.0,8H,
Chris Aguila,25.0,FLA,NL,0.0,29.0,48.0,45.0,10.0,10.0,2.0,1.0,3.0,5.0,0.0,0.0,2.0,12.0,0.222,0.255,0.511,0.766,96.0,0.319,86.0,23.0,0.0,0.0,1.0,0.0,0.0,9H/7,
Chris Burke,24.0,HOU,NL,-0.3,17.0,20.0,17.0,2.0,1.0,0.0,0.0,0.0,0.0,0.0,0.0,3.0,3.0,0.059,0.2,0.059,0.259,-28.0,0.147,-43.0,1.0,0.0,0.0,0.0,0.0,0.0,H/4,
Chris Capuano*,25.0,MIL,NL,0.2,17.0,32.0,30.0,0.0,6.0,2.0,0.0,0.0,2.0,0.0,0.0,1.0,10.0,0.2,0.25,0.267,0.517,34.0,0.236,22.0,8.0,0.0,1.0,0.0,0.0,0.0,1,
Chris Carpenter,29.0,STL,NL,-0.4,27.0,67.0,62.0,1.0,5.0,0.0,0.0,0.0,1.0,0.0,0.0,1.0,21.0,0.081,0.095,0.081,0.176,-53.0,0.098,-88.0,5.0,0.0,0.0,4.0,0.0,0.0,1,
Chris George*,24.0,KCR,AL,0.0,1.0,3.0,2.0,0.0,0.0,0.0,0.0,0.0,0.0,0.0,0.0,1.0,0.0,0.0,0.333,0.0,0.333,-2.0,0.24,26.0,0.0,0.0,0.0,0.0,0.0,0.0,1,
Chris Gissell,26.0,COL,NL,0.0,5.0,1.0,1.0,0.0,0.0,0.0,0.0,0.0,0.0,0.0,0.0,0.0,0.0,0.0,0.0,0.0,0.0,-100.0,0.0,-158.0,0.0,0.0,0.0,0.0,0.0,0.0,/1,
Chris Gomez,33.0,TOR,AL,1.0,109.0,377.0,341.0,41.0,96.0,11.0,1.0,3.0,37.0,3.0,2.0,28.0,41.0,0.282,0.337,0.346,0.683,76.0,0.329,86.0,118.0,4.0,2.0,3.0,3.0,0.0,63H/5D4,
Chris Magruder#,27.0,MIL,NL,0.4,56.0,101.0,89.0,11.0,21.0,6.0,1.0,2.0,10.0,0.0,1.0,8.0,21.0,0.236,0.31,0.393,0.703,81.0,0.324,88.0,35.0,3.0,2.0,1.0,1.0,2.0,H97,
Chris Reitsma,26.0,ATL,NL,0.0,80.0,0.0,0.0,0.0,0.0,0.0,0.0,0.0,0.0,0.0,0.0,0.0,0.0,,,,,,,,0.0,0.0,0.0,0.0,0.0,0.0,1,
Chris Shelton,24.0,DET,AL,-0.2,27.0,56.0,46.0,6.0,9.0,1.0,0.0,1.0,3.0,0.0,0.0,9.0,14.0,0.196,0.321,0.283,0.604,64.0,0.286,66.0,13.0,2.0,0.0,0.0,1.0,0.0,D/3H29,
Chris Snyder,23.0,ARI,NL,0.7,29.0,110.0,96.0,10.0,23.0,6.0,0.0,5.0,15.0,0.0,0.0,13.0,25.0,0.24,0.327,0.458,0.786,97.0,0.354,102.0,44.0,0.0,0.0,0.0,1.0,1.0,2,
Chris Stynes,31.0,PIT,NL,-0.3,74.0,174.0,162.0,16.0,35.0,10.0,0.0,1.0,16.0,0.0,0.0,9.0,23.0,0.216,0.266,0.296,0.562,46.0,0.259,38.0,48.0,2.0,2.0,1.0,0.0,2.0,5/H,
Chris Sáenz,22.0,MIL,NL,0.0,1.0,2.0,2.0,0.0,0.0,0.0,0.0,0.0,0.0,0.0,0.0,0.0,1.0,0.0,0.0,0.0,0.0,-100.0,0.0,-152.0,0.0,0.0,0.0,0.0,0.0,0.0,/1,
Chris Tremie,34.0,HOU,NL,0.0,1.0,0.0,0.0,0.0,0.0,0.0,0.0,0.0,0.0,0.0,0.0,0.0,0.0,,,,,,,,0.0,0.0,0.0,0.0,0.0,0.0,/2,
Chris Woodward,28.0,TOR,AL,0.1,69.0,232.0,213.0,21.0,50.0,13.0,4.0,1.0,24.0,1.0,2.0,14.0,46.0,0.235,0.283,0.347,0.63,61.0,0.291,61.0,74.0,3.0,1.0,2.0,2.0,0.0,6/HD,
Claudio Vargas,26.0,MON,NL,-0.4,42.0,29.0,22.0,0.0,1.0,0.0,0.0,0.0,0.0,0.0,0.0,0.0,8.0,0.045,0.045,0.045,0.091,-77.0,0.041,-194.0,1.0,1.0,0.0,7.0,0.0,0.0,1/H,
Cliff Bartosh*,24.0,CLE,AL,0.0,2.0,0.0,0.0,0.0,0.0,0.0,0.0,0.0,0.0,0.0,0.0,0.0,0.0,,,,,,,,0.0,0.0,0.0,0.0,0.0,0.0,1,
Cliff Floyd*,31.0,NYM,NL,0.7,113.0,457.0,396.0,55.0,103.0,26.0,0.0,18.0,63.0,11.0,4.0,47.0,103.0,0.26,0.352,0.462,0.814,111.0,0.357,110.0,183.0,8.0,11.0,0.0,3.0,6.0,7/HD,
Cliff Lee*,25.0,CLE,AL,0.0,1.0,3.0,3.0,0.0,1.0,0.0,0.0,0.0,0.0,0.0,0.0,0.0,0.0,0.333,0.333,0.333,0.667,80.0,0.304,79.0,1.0,0.0,0.0,0.0,0.0,0.0,1,
Cliff Politte,30.0,CHW,AL,0.0,4.0,0.0,0.0,0.0,0.0,0.0,0.0,0.0,0.0,0.0,0.0,0.0,0.0,,,,,,,,0.0,0.0,0.0,0.0,0.0,0.0,1,
Clint Barmes,25.0,COL,NL,0.4,20.0,77.0,71.0,14.0,20.0,3.0,1.0,2.0,10.0,0.0,1.0,3.0,10.0,0.282,0.32,0.437,0.757,84.0,0.319,74.0,31.0,2.0,1.0,2.0,0.0,0.0,/46H,
Clint Nageotte,23.0,SEA,AL,0.0,1.0,2.0,2.0,0.0,0.0,0.0,0.0,0.0,0.0,0.0,0.0,0.0,2.0,0.0,0.0,0.0,0.0,-100.0,0.0,-136.0,0.0,0.0,0.0,0.0,0.0,0.0,1,
Coco Crisp#,24.0,CLE,AL,3.3,139.0,538.0,491.0,78.0,146.0,24.0,2.0,15.0,71.0,20.0,13.0,36.0,69.0,0.297,0.344,0.446,0.79,110.0,0.344,109.0,219.0,8.0,0.0,9.0,2.0,4.0,*87H/D,
Cody McKay*,30.0,STL,NL,-0.4,35.0,79.0,74.0,7.0,17.0,2.0,0.0,0.0,6.0,0.0,0.0,2.0,14.0,0.23,0.269,0.257,0.526,38.0,0.255,36.0,19.0,3.0,2.0,1.0,0.0,0.0,2H/513,
Cody Ransom,28.0,SFG,NL,-0.3,78.0,78.0,68.0,13.0,17.0,6.0,0.0,1.0,11.0,2.0,2.0,6.0,20.0,0.25,0.32,0.382,0.702,81.0,0.317,84.0,26.0,2.0,1.0,3.0,0.0,0.0,6H4/57,
Colin Porter*,28.0,STL,NL,0.2,23.0,35.0,35.0,3.0,11.0,1.0,0.0,1.0,2.0,0.0,0.0,0.0,13.0,0.314,0.314,0.429,0.743,91.0,0.323,85.0,15.0,2.0,0.0,0.0,0.0,0.0,H/978,
Corey Hart,22.0,MIL,NL,0.0,1.0,1.0,1.0,0.0,0.0,0.0,0.0,0.0,0.0,0.0,0.0,0.0,1.0,0.0,0.0,0.0,0.0,-100.0,0.0,-142.0,0.0,0.0,0.0,0.0,0.0,0.0,/H,
Corey Koskie*,31.0,MIN,AL,2.5,118.0,488.0,422.0,68.0,106.0,24.0,2.0,25.0,71.0,9.0,3.0,49.0,103.0,0.251,0.342,0.495,0.837,113.0,0.356,105.0,209.0,6.0,12.0,0.0,5.0,10.0,*5/HD,
Corey Patterson*,24.0,CHC,NL,3.0,157.0,687.0,631.0,91.0,168.0,33.0,6.0,24.0,72.0,32.0,9.0,45.0,168.0,0.266,0.32,0.452,0.771,95.0,0.342,93.0,285.0,7.0,5.0,5.0,1.0,7.0,*8/H,
Corky Miller,28.0,CIN,NL,-0.7,13.0,49.0,39.0,2.0,1.0,0.0,0.0,0.0,3.0,0.0,0.0,6.0,12.0,0.026,0.204,0.026,0.23,-34.0,0.15,-37.0,1.0,3.0,3.0,0.0,1.0,0.0,2/H,
Cory Lidle,32.0,2TM,NL,0.3,32.0,75.0,62.0,3.0,9.0,4.0,0.0,1.0,6.0,0.0,0.0,5.0,36.0,0.145,0.209,0.258,0.467,21.0,0.21,-8.0,16.0,0.0,0.0,8.0,0.0,0.0,1,
Cory Lidle,32.0,CIN,NL,0.2,22.0,51.0,42.0,2.0,6.0,2.0,0.0,0.0,2.0,0.0,0.0,5.0,23.0,0.143,0.234,0.19,0.425,14.0,0.203,-7.0,8.0,0.0,0.0,4.0,0.0,0.0,1,
Cory Lidle,32.0,PHI,NL,0.1,10.0,24.0,20.0,1.0,3.0,2.0,0.0,1.0,4.0,0.0,0.0,0.0,13.0,0.15,0.15,0.4,0.55,33.0,0.224,-10.0,8.0,0.0,0.0,4.0,0.0,0.0,1,
Craig Biggio,38.0,HOU,NL,1.2,156.0,700.0,633.0,100.0,178.0,47.0,0.0,24.0,63.0,7.0,2.0,40.0,94.0,0.281,0.337,0.469,0.806,105.0,0.359,109.0,297.0,8.0,15.0,9.0,3.0,0.0,*78/HD,
Craig Brazell*,24.0,NYM,NL,0.0,24.0,35.0,34.0,3.0,9.0,2.0,0.0,1.0,3.0,0.0,0.0,1.0,7.0,0.265,0.286,0.412,0.697,79.0,0.304,73.0,14.0,1.0,0.0,0.0,0.0,0.0,H/3,
Craig Counsell*,33.0,MIL,NL,1.0,140.0,551.0,473.0,59.0,114.0,19.0,5.0,2.0,23.0,17.0,4.0,59.0,88.0,0.241,0.33,0.315,0.645,69.0,0.301,64.0,149.0,5.0,5.0,5.0,3.0,9.0,*6H/5,
Craig Dingman,30.0,DET,AL,0.0,5.0,0.0,0.0,0.0,0.0,0.0,0.0,0.0,0.0,0.0,0.0,0.0,0.0,,,,,,,,0.0,0.0,0.0,0.0,0.0,0.0,1,
Craig Monroe,27.0,DET,AL,2.5,128.0,481.0,447.0,65.0,131.0,27.0,3.0,18.0,72.0,3.0,4.0,29.0,79.0,0.293,0.337,0.488,0.824,117.0,0.36,119.0,218.0,8.0,2.0,0.0,3.0,1.0,*798/HD,
Craig Wilson,27.0,PIT,NL,1.2,155.0,644.0,561.0,97.0,148.0,35.0,5.0,29.0,82.0,2.0,2.0,50.0,169.0,0.264,0.354,0.499,0.853,119.0,0.377,125.0,280.0,11.0,30.0,0.0,3.0,3.0,937/2HD,
Cristian Guzmán#,26.0,MIN,AL,1.4,145.0,624.0,576.0,84.0,158.0,31.0,4.0,8.0,46.0,10.0,5.0,30.0,64.0,0.274,0.309,0.384,0.693,78.0,0.31,74.0,221.0,15.0,1.0,13.0,4.0,4.0,*6/H,
Curt Leskanic,36.0,BOS,AL,0.0,1.0,0.0,0.0,0.0,0.0,0.0,0.0,0.0,0.0,0.0,0.0,0.0,0.0,,,,,,,,0.0,0.0,0.0,0.0,0.0,0.0,1,
Curt Schilling,37.0,BOS,AL,0.0,2.0,7.0,7.0,0.0,1.0,0.0,0.0,0.0,0.0,0.0,0.0,0.0,2.0,0.143,0.143,0.143,0.286,-27.0,0.13,-55.0,1.0,0.0,0.0,0.0,0.0,0.0,1,"AS,CYA-2,MVP-11"
Curtis Granderson*,23.0,DET,AL,-0.1,9.0,28.0,25.0,2.0,6.0,1.0,1.0,0.0,0.0,0.0,0.0,3.0,8.0,0.24,0.321,0.36,0.681,83.0,0.307,80.0,9.0,1.0,0.0,0.0,0.0,0.0,/8H,
Curtis Pride*,35.0,ANA,AL,-0.3,35.0,42.0,40.0,5.0,10.0,3.0,0.0,0.0,3.0,1.0,0.0,0.0,11.0,0.25,0.268,0.325,0.593,56.0,0.288,59.0,13.0,1.0,1.0,1.0,0.0,0.0,H7/98D,
César Crespo#,25.0,BOS,AL,-0.4,52.0,79.0,79.0,6.0,13.0,2.0,1.0,0.0,2.0,2.0,0.0,0.0,20.0,0.165,0.165,0.215,0.38,-4.0,0.169,-32.0,17.0,1.0,0.0,0.0,0.0,0.0,64H7/89,
César Izturis#,24.0,LAD,NL,3.8,159.0,728.0,670.0,90.0,193.0,32.0,9.0,4.0,62.0,25.0,9.0,43.0,70.0,0.288,0.33,0.381,0.71,88.0,0.325,89.0,255.0,6.0,0.0,12.0,3.0,2.0,*6,GG
D'Angelo Jiménez#,26.0,CIN,NL,3.6,152.0,652.0,563.0,76.0,152.0,28.0,3.0,12.0,67.0,13.0,7.0,82.0,99.0,0.27,0.364,0.394,0.758,99.0,0.349,107.0,222.0,15.0,2.0,3.0,2.0,1.0,*4/6H,
Dallas McPherson*,23.0,ANA,AL,-0.1,16.0,43.0,40.0,5.0,9.0,1.0,0.0,3.0,6.0,1.0,0.0,3.0,17.0,0.225,0.279,0.475,0.754,94.0,0.324,85.0,19.0,0.0,0.0,0.0,0.0,0.0,5/H,
Damian Jackson,30.0,2TM,2LG,-0.7,21.0,34.0,30.0,2.0,3.0,2.0,0.0,1.0,3.0,0.0,0.0,4.0,12.0,0.1,0.206,0.267,0.473,21.0,0.184,-22.0,8.0,0.0,0.0,0.0,0.0,2.0,H/49D678,
Damian Jackson,30.0,CHC,NL,-0.5,7.0,18.0,15.0,1.0,1.0,0.0,0.0,1.0,1.0,0.0,0.0,3.0,6.0,0.067,0.222,0.267,0.489,25.0,0.169,-45.0,4.0,0.0,0.0,0.0,0.0,2.0,/4H,
Damian Jackson,30.0,KCR,AL,-0.2,14.0,16.0,15.0,1.0,2.0,2.0,0.0,0.0,2.0,0.0,0.0,1.0,6.0,0.133,0.188,0.267,0.454,16.0,0.2,-1.0,4.0,0.0,0.0,0.0,0.0,0.0,H/9D4678,
Damian Miller,34.0,OAK,AL,1.4,110.0,442.0,397.0,39.0,108.0,25.0,0.0,9.0,58.0,0.0,1.0,39.0,87.0,0.272,0.339,0.403,0.742,94.0,0.331,92.0,160.0,19.0,2.0,2.0,2.0,0.0,*2/H,
Damian Rolls,26.0,TBD,AL,-1.5,53.0,132.0,117.0,12.0,19.0,5.0,0.0,0.0,9.0,2.0,1.0,10.0,36.0,0.162,0.231,0.205,0.436,17.0,0.212,11.0,24.0,4.0,1.0,2.0,2.0,0.0,57H/89D43,
Damion Easley,34.0,FLA,NL,0.5,98.0,257.0,223.0,26.0,53.0,20.0,1.0,9.0,43.0,4.0,1.0,24.0,36.0,0.238,0.331,0.457,0.788,106.0,0.35,108.0,102.0,6.0,8.0,0.0,2.0,1.0,H436/59D,
Damon Hollins,30.0,ATL,NL,0.2,7.0,23.0,22.0,3.0,8.0,2.0,0.0,0.0,5.0,0.0,0.0,0.0,4.0,0.364,0.364,0.455,0.818,110.0,0.36,111.0,10.0,0.0,0.0,1.0,0.0,0.0,/7H9,
Damon Minor*,30.0,SFG,NL,0.1,24.0,74.0,58.0,8.0,14.0,2.0,0.0,0.0,6.0,0.0,0.0,12.0,18.0,0.241,0.405,0.276,0.681,81.0,0.334,91.0,16.0,2.0,4.0,0.0,0.0,0.0,3/HD,
Dan Haren,23.0,STL,NL,-0.1,14.0,14.0,12.0,1.0,0.0,0.0,0.0,0.0,0.0,0.0,0.0,0.0,6.0,0.0,0.0,0.0,0.0,-100.0,0.076,-125.0,0.0,1.0,0.0,2.0,0.0,0.0,1,
Dan Meyer,22.0,ATL,NL,0.0,2.0,0.0,0.0,0.0,0.0,0.0,0.0,0.0,0.0,0.0,0.0,0.0,0.0,,,,,,,,0.0,0.0,0.0,0.0,0.0,0.0,/1,
Dan Miceli,33.0,HOU,NL,0.0,72.0,2.0,2.0,0.0,1.0,0.0,0.0,0.0,0.0,0.0,0.0,0.0,1.0,0.5,0.5,0.5,1.0,160.0,0.453,178.0,1.0,0.0,0.0,0.0,0.0,0.0,1,
Dan Wheeler,26.0,2TM,NL,0.1,44.0,6.0,5.0,1.0,1.0,0.0,0.0,0.0,0.0,0.0,0.0,0.0,1.0,0.2,0.2,0.2,0.4,5.0,0.363,119.0,1.0,0.0,0.0,1.0,0.0,0.0,1,
Dan Wheeler,26.0,NYM,NL,0.1,30.0,6.0,5.0,1.0,1.0,0.0,0.0,0.0,0.0,0.0,0.0,0.0,1.0,0.2,0.2,0.2,0.4,5.0,0.363,119.0,1.0,0.0,0.0,1.0,0.0,0.0,1,
Dan Wheeler,26.0,HOU,NL,0.0,14.0,0.0,0.0,0.0,0.0,0.0,0.0,0.0,0.0,0.0,0.0,0.0,0.0,,,,,,,,0.0,0.0,0.0,0.0,0.0,0.0,1,
Dan Wilson,35.0,SEA,AL,0.1,103.0,359.0,319.0,23.0,80.0,13.0,0.0,2.0,33.0,0.0,1.0,26.0,57.0,0.251,0.305,0.31,0.615,64.0,0.291,66.0,99.0,8.0,1.0,8.0,5.0,0.0,2/H,
Daniel Cabrera,23.0,BAL,AL,-0.1,3.0,4.0,4.0,0.0,0.0,0.0,0.0,0.0,0.0,0.0,0.0,0.0,4.0,0.0,0.0,0.0,0.0,-100.0,0.0,-138.0,0.0,0.0,0.0,0.0,0.0,0.0,1,ROY-3
Daniel Garcia,24.0,NYM,NL,0.3,58.0,174.0,138.0,23.0,32.0,7.0,1.0,3.0,17.0,3.0,0.0,22.0,34.0,0.232,0.371,0.362,0.733,93.0,0.336,92.0,50.0,1.0,9.0,4.0,1.0,2.0,4H,
Danny Ardoin,29.0,TEX,AL,-0.2,6.0,11.0,8.0,1.0,1.0,0.0,0.0,0.0,1.0,0.0,0.0,3.0,2.0,0.125,0.364,0.125,0.489,32.0,0.279,47.0,1.0,0.0,0.0,0.0,0.0,0.0,/2,
Danny Bautista,32.0,ARI,NL,-1.2,141.0,582.0,539.0,64.0,154.0,27.0,1.0,11.0,65.0,6.0,2.0,35.0,66.0,0.286,0.332,0.401,0.733,85.0,0.327,82.0,216.0,20.0,4.0,1.0,3.0,2.0,*9/H8D,
Danny Graves,30.0,CIN,NL,0.0,66.0,0.0,0.0,0.0,0.0,0.0,0.0,0.0,0.0,0.0,0.0,0.0,0.0,,,,,,,,0.0,0.0,0.0,0.0,0.0,0.0,1,AS
Danny Kolb,29.0,MIL,NL,0.0,62.0,0.0,0.0,0.0,0.0,0.0,0.0,0.0,0.0,0.0,0.0,0.0,0.0,,,,,,,,0.0,0.0,0.0,0.0,0.0,0.0,1,AS
Danny Patterson,33.0,DET,AL,0.0,4.0,0.0,0.0,0.0,0.0,0.0,0.0,0.0,0.0,0.0,0.0,0.0,0.0,,,,,,,,0.0,0.0,0.0,0.0,0.0,0.0,1,
Danys Báez,26.0,TBD,AL,0.0,5.0,0.0,0.0,0.0,0.0,0.0,0.0,0.0,0.0,0.0,0.0,0.0,0.0,,,,,,,,0.0,0.0,0.0,0.0,0.0,0.0,1,
Darin Erstad*,30.0,ANA,AL,2.8,125.0,543.0,495.0,79.0,146.0,29.0,1.0,7.0,69.0,16.0,1.0,37.0,74.0,0.295,0.346,0.4,0.746,97.0,0.351,103.0,198.0,9.0,4.0,3.0,4.0,1.0,*3/H,GG
Darnell McDonald,25.0,BAL,AL,0.1,17.0,34.0,32.0,3.0,5.0,1.0,0.0,0.0,1.0,1.0,0.0,2.0,6.0,0.156,0.206,0.188,0.393,5.0,0.214,7.0,6.0,0.0,0.0,0.0,0.0,0.0,/9H87D,
Darrell May*,32.0,KCR,AL,0.0,2.0,4.0,4.0,0.0,0.0,0.0,0.0,0.0,0.0,0.0,0.0,0.0,1.0,0.0,0.0,0.0,0.0,-100.0,0.228,18.0,0.0,0.0,0.0,0.0,0.0,0.0,1,
Darren Bragg*,34.0,2TM,NL,0.5,47.0,112.0,101.0,13.0,19.0,3.0,1.0,4.0,9.0,1.0,0.0,10.0,31.0,0.188,0.261,0.356,0.618,61.0,0.27,47.0,36.0,2.0,0.0,1.0,0.0,1.0,H89/7,
Darren Bragg*,34.0,SDP,NL,0.0,9.0,9.0,7.0,2.0,1.0,0.0,0.0,0.0,0.0,0.0,0.0,2.0,2.0,0.143,0.333,0.143,0.476,36.0,0.247,42.0,1.0,0.0,0.0,0.0,0.0,0.0,/H,
Darren Bragg*,34.0,CIN,NL,0.5,38.0,103.0,94.0,11.0,18.0,3.0,1.0,4.0,9.0,1.0,0.0,8.0,29.0,0.191,0.255,0.372,0.627,62.0,0.272,48.0,35.0,2.0,0.0,1.0,0.0,1.0,8H9/7,
Darren Dreifort,32.0,LAD,NL,0.0,55.0,1.0,1.0,0.0,0.0,0.0,0.0,0.0,0.0,0.0,0.0,0.0,1.0,0.0,0.0,0.0,0.0,-100.0,0.0,-142.0,0.0,0.0,0.0,0.0,0.0,0.0,1,
Darren Oliver,33.0,2TM,NL,-0.2,25.0,25.0,22.0,0.0,3.0,0.0,0.0,0.0,1.0,0.0,0.0,0.0,9.0,0.136,0.136,0.136,0.273,-28.0,0.165,-46.0,3.0,3.0,0.0,3.0,0.0,0.0,1/H,
Darren Oliver,33.0,FLA,NL,-0.1,15.0,21.0,19.0,0.0,3.0,0.0,0.0,0.0,1.0,0.0,0.0,0.0,8.0,0.158,0.158,0.158,0.316,-16.0,0.191,-17.0,3.0,2.0,0.0,2.0,0.0,0.0,1/H,
Darren Oliver,33.0,HOU,NL,-0.1,10.0,4.0,3.0,0.0,0.0,0.0,0.0,0.0,0.0,0.0,0.0,0.0,1.0,0.0,0.0,0.0,0.0,-100.0,0.0,-234.0,0.0,1.0,0.0,1.0,0.0,0.0,/1H,
Daryle Ward*,29.0,PIT,NL,-0.5,79.0,321.0,293.0,39.0,73.0,17.0,2.0,15.0,57.0,0.0,0.0,22.0,45.0,0.249,0.305,0.474,0.78,99.0,0.335,94.0,139.0,8.0,3.0,0.0,3.0,3.0,39/H,
Dave Berg,33.0,TOR,AL,-1.2,58.0,162.0,154.0,13.0,39.0,4.0,0.0,3.0,23.0,0.0,1.0,4.0,27.0,0.253,0.278,0.338,0.615,57.0,0.276,51.0,52.0,4.0,2.0,0.0,2.0,0.0,7H/3D459,
Dave Burba,37.0,2TM,NL,0.1,49.0,4.0,4.0,0.0,0.0,0.0,0.0,0.0,0.0,0.0,0.0,0.0,1.0,0.0,0.0,0.0,0.0,-100.0,0.454,179.0,0.0,0.0,0.0,0.0,0.0,0.0,1,
Dave Burba,37.0,MIL,NL,0.0,43.0,3.0,3.0,0.0,0.0,0.0,0.0,0.0,0.0,0.0,0.0,0.0,1.0,0.0,0.0,0.0,0.0,-100.0,0.303,69.0,0.0,0.0,0.0,0.0,0.0,0.0,1,
Dave Burba,37.0,SFG,NL,0.1,6.0,1.0,1.0,0.0,0.0,0.0,0.0,0.0,0.0,0.0,0.0,0.0,0.0,0.0,0.0,0.0,0.0,-100.0,0.908,500.0,0.0,0.0,0.0,0.0,0.0,0.0,/1,
Dave Bush,24.0,TOR,AL,0.0,1.0,2.0,2.0,0.0,0.0,0.0,0.0,0.0,0.0,0.0,0.0,0.0,0.0,0.0,0.0,0.0,0.0,-100.0,0.0,-144.0,0.0,0.0,0.0,0.0,0.0,0.0,1,ROY-8
Dave Hansen*,35.0,2TM,2LG,0.1,86.0,128.0,106.0,15.0,26.0,5.0,0.0,2.0,12.0,0.0,0.0,21.0,21.0,0.245,0.367,0.349,0.716,92.0,0.328,94.0,37.0,6.0,0.0,0.0,1.0,3.0,H3/5D,
Dave Hansen*,35.0,SEA,AL,0.7,57.0,97.0,78.0,14.0,22.0,5.0,0.0,2.0,12.0,0.0,0.0,18.0,16.0,0.282,0.412,0.423,0.835,122.0,0.375,125.0,33.0,3.0,0.0,0.0,1.0,3.0,H/D35,
Dave Hansen*,35.0,SDP,NL,-0.6,29.0,31.0,28.0,1.0,4.0,0.0,0.0,0.0,0.0,0.0,0.0,3.0,5.0,0.143,0.226,0.143,0.369,3.0,0.182,-6.0,4.0,3.0,0.0,0.0,0.0,0.0,H/35,
Dave Krynzel*,22.0,MIL,NL,0.4,16.0,47.0,41.0,6.0,9.0,1.0,0.0,0.0,3.0,0.0,0.0,3.0,15.0,0.22,0.319,0.244,0.563,49.0,0.288,59.0,10.0,0.0,3.0,0.0,0.0,0.0,/9H8,
Dave McCarty,34.0,BOS,AL,0.2,89.0,168.0,151.0,24.0,39.0,8.0,1.0,4.0,17.0,1.0,0.0,14.0,40.0,0.258,0.327,0.404,0.731,85.0,0.341,91.0,61.0,5.0,2.0,0.0,1.0,0.0,3H7/91D,
Dave Roberts*,32.0,2TM,2LG,1.6,113.0,371.0,319.0,64.0,81.0,14.0,7.0,4.0,35.0,38.0,3.0,38.0,48.0,0.254,0.337,0.379,0.716,88.0,0.346,89.0,121.0,4.0,5.0,3.0,6.0,0.0,78H9/D,
Dave Roberts*,32.0,LAD,NL,1.3,68.0,270.0,233.0,45.0,59.0,4.0,7.0,2.0,21.0,33.0,1.0,28.0,31.0,0.253,0.34,0.356,0.696,85.0,0.351,90.0,83.0,2.0,4.0,2.0,3.0,0.0,78H,
Dave Roberts*,32.0,BOS,AL,0.3,45.0,101.0,86.0,19.0,22.0,10.0,0.0,2.0,14.0,5.0,2.0,10.0,17.0,0.256,0.33,0.442,0.772,94.0,0.333,85.0,38.0,2.0,1.0,1.0,3.0,0.0,789H/D,
David Aardsma,22.0,SFG,NL,0.0,11.0,0.0,0.0,0.0,0.0,0.0,0.0,0.0,0.0,0.0,0.0,0.0,0.0,,,,,,,,0.0,0.0,0.0,0.0,0.0,0.0,1,
David Bell,31.0,PHI,NL,4.4,143.0,603.0,533.0,67.0,155.0,33.0,1.0,18.0,77.0,1.0,1.0,57.0,75.0,0.291,0.363,0.458,0.821,107.0,0.366,111.0,244.0,14.0,6.0,2.0,5.0,4.0,*5/H,
David DeJesus*,24.0,KCR,AL,1.9,96.0,413.0,363.0,58.0,104.0,15.0,3.0,7.0,39.0,8.0,11.0,33.0,53.0,0.287,0.36,0.402,0.763,98.0,0.347,107.0,146.0,6.0,9.0,8.0,0.0,0.0,8/97H,ROY-6
David Dellucci*,30.0,TEX,AL,0.0,107.0,387.0,331.0,59.0,80.0,13.0,1.0,17.0,61.0,9.0,4.0,47.0,88.0,0.242,0.342,0.441,0.783,96.0,0.346,93.0,146.0,4.0,5.0,1.0,3.0,3.0,7H/D89,
David Eckstein,29.0,ANA,AL,1.9,142.0,637.0,566.0,92.0,156.0,24.0,1.0,2.0,35.0,16.0,5.0,42.0,49.0,0.276,0.339,0.332,0.671,79.0,0.319,83.0,188.0,11.0,13.0,14.0,2.0,1.0,*6/HD,
David Kelton,24.0,CHC,NL,0.0,8.0,10.0,10.0,1.0,1.0,1.0,0.0,0.0,0.0,0.0,0.0,0.0,3.0,0.1,0.1,0.2,0.3,-26.0,0.125,-61.0,2.0,0.0,0.0,0.0,0.0,0.0,/H79,
David Newhan*,30.0,BAL,AL,2.5,95.0,412.0,373.0,66.0,116.0,15.0,7.0,8.0,54.0,11.0,1.0,27.0,72.0,0.311,0.361,0.453,0.814,113.0,0.375,119.0,169.0,4.0,4.0,5.0,3.0,0.0,D975/H3,
David Ortiz*,28.0,BOS,AL,4.3,150.0,669.0,582.0,94.0,175.0,47.0,3.0,41.0,139.0,0.0,0.0,75.0,133.0,0.301,0.38,0.603,0.983,145.0,0.411,141.0,351.0,12.0,4.0,0.0,8.0,8.0,*D3/H,"AS,MVP-4,SS"
David Riske,27.0,CLE,AL,0.0,4.0,0.0,0.0,0.0,0.0,0.0,0.0,0.0,0.0,0.0,0.0,0.0,0.0,,,,,,,,0.0,0.0,0.0,0.0,0.0,0.0,1,
David Ross,27.0,LAD,NL,-0.9,70.0,190.0,165.0,13.0,28.0,3.0,1.0,5.0,15.0,0.0,0.0,15.0,62.0,0.17,0.253,0.291,0.544,44.0,0.246,34.0,48.0,3.0,5.0,0.0,5.0,1.0,2/H,
David Segui#,37.0,BAL,AL,0.0,18.0,65.0,59.0,8.0,20.0,3.0,0.0,1.0,7.0,0.0,1.0,5.0,13.0,0.339,0.4,0.441,0.841,122.0,0.365,122.0,26.0,3.0,1.0,0.0,0.0,1.0,D/H3,
David Weathers,34.0,3TM,NL,0.0,62.0,3.0,3.0,0.0,0.0,0.0,0.0,0.0,0.0,0.0,0.0,0.0,1.0,0.0,0.0,0.0,0.0,-100.0,0.0,-146.0,0.0,0.0,0.0,0.0,0.0,0.0,1,
David Weathers,34.0,NYM,NL,0.0,29.0,0.0,0.0,0.0,0.0,0.0,0.0,0.0,0.0,0.0,0.0,0.0,0.0,,,,,,,,0.0,0.0,0.0,0.0,0.0,0.0,1,
David Weathers,34.0,HOU,NL,0.0,25.0,0.0,0.0,0.0,0.0,0.0,0.0,0.0,0.0,0.0,0.0,0.0,0.0,,,,,,,,0.0,0.0,0.0,0.0,0.0,0.0,1,
David Weathers,34.0,FLA,NL,0.0,8.0,3.0,3.0,0.0,0.0,0.0,0.0,0.0,0.0,0.0,0.0,0.0,1.0,0.0,0.0,0.0,0.0,-100.0,0.0,-146.0,0.0,0.0,0.0,0.0,0.0,0.0,/1,
David Wells*,41.0,SDP,NL,0.1,29.0,69.0,57.0,2.0,6.0,0.0,0.0,0.0,3.0,0.0,0.0,3.0,24.0,0.105,0.164,0.105,0.269,-25.0,0.178,-23.0,6.0,1.0,1.0,8.0,0.0,0.0,1,
David Williams*,25.0,PIT,NL,-0.1,10.0,9.0,9.0,0.0,1.0,0.0,0.0,0.0,0.0,0.0,0.0,0.0,3.0,0.111,0.111,0.111,0.222,-42.0,0.101,-75.0,1.0,0.0,0.0,0.0,0.0,0.0,1,
David Wright,21.0,NYM,NL,2.2,69.0,283.0,263.0,41.0,77.0,17.0,1.0,14.0,40.0,6.0,0.0,14.0,40.0,0.293,0.332,0.525,0.857,119.0,0.373,119.0,138.0,7.0,3.0,0.0,3.0,0.0,5/H,
Dee Brown*,26.0,KCR,AL,-0.6,59.0,209.0,195.0,19.0,49.0,7.0,0.0,4.0,24.0,2.0,2.0,11.0,50.0,0.251,0.293,0.349,0.642,66.0,0.288,61.0,68.0,1.0,1.0,1.0,1.0,0.0,7/HD,
Deivi Cruz,31.0,SFG,NL,0.6,127.0,431.0,397.0,46.0,116.0,30.0,2.0,7.0,55.0,1.0,3.0,17.0,32.0,0.292,0.322,0.431,0.752,92.0,0.335,94.0,171.0,11.0,3.0,8.0,6.0,6.0,6H/45,
Dennis Tankersley,25.0,SDP,NL,0.1,8.0,10.0,8.0,0.0,2.0,0.0,0.0,0.0,1.0,0.0,0.0,1.0,4.0,0.25,0.333,0.25,0.583,62.0,0.28,60.0,2.0,0.0,0.0,1.0,0.0,0.0,/1,
Denny Hocking#,34.0,COL,NL,-1.1,55.0,106.0,94.0,7.0,19.0,2.0,0.0,0.0,4.0,0.0,1.0,7.0,20.0,0.202,0.257,0.223,0.481,20.0,0.263,30.0,21.0,3.0,0.0,5.0,0.0,0.0,76H/4895,
Denny Stark,29.0,COL,NL,-0.1,6.0,9.0,8.0,0.0,0.0,0.0,0.0,0.0,0.0,0.0,0.0,1.0,3.0,0.0,0.111,0.0,0.111,-69.0,0.079,-103.0,0.0,0.0,0.0,0.0,0.0,0.0,/1,
Dennys Reyes,27.0,KCR,AL,-0.1,3.0,6.0,6.0,0.0,0.0,0.0,0.0,0.0,0.0,0.0,0.0,0.0,3.0,0.0,0.0,0.0,0.0,-100.0,0.0,-141.0,0.0,0.0,0.0,0.0,0.0,0.0,1,
Derek Jeter,30.0,NYY,AL,4.2,154.0,721.0,643.0,111.0,188.0,44.0,1.0,23.0,78.0,23.0,4.0,46.0,99.0,0.292,0.352,0.471,0.823,114.0,0.378,123.0,303.0,19.0,14.0,16.0,2.0,1.0,*6,"AS,MVP-13,GG"
Derek Lowe,31.0,BOS,AL,0.1,2.0,5.0,4.0,0.0,1.0,1.0,0.0,0.0,1.0,0.0,0.0,0.0,1.0,0.25,0.25,0.5,0.75,84.0,0.31,62.0,2.0,0.0,0.0,1.0,0.0,0.0,1,
Derrek Lee,28.0,CHC,NL,2.7,161.0,688.0,605.0,90.0,168.0,39.0,1.0,32.0,98.0,12.0,5.0,68.0,128.0,0.278,0.356,0.504,0.86,118.0,0.38,124.0,305.0,14.0,8.0,2.0,5.0,4.0,*3/H,
Derrick Turnbow,26.0,ANA,AL,0.0,3.0,1.0,1.0,0.0,0.0,0.0,0.0,0.0,0.0,0.0,0.0,0.0,0.0,0.0,0.0,0.0,0.0,-100.0,0.0,-131.0,0.0,0.0,0.0,0.0,0.0,0.0,/1,
Desi Relaford#,30.0,KCR,AL,-0.9,114.0,430.0,380.0,45.0,84.0,14.0,0.0,6.0,34.0,5.0,4.0,34.0,56.0,0.221,0.296,0.305,0.601,57.0,0.278,53.0,116.0,10.0,8.0,4.0,4.0,3.0,5476/9H8,
Dewayne Wise*,26.0,ATL,NL,0.1,77.0,175.0,162.0,24.0,37.0,9.0,4.0,6.0,17.0,6.0,1.0,9.0,28.0,0.228,0.272,0.444,0.716,81.0,0.32,77.0,72.0,1.0,1.0,2.0,1.0,1.0,7H9/8,
Dewon Brazelton,24.0,TBD,AL,0.0,1.0,1.0,1.0,0.0,0.0,0.0,0.0,0.0,0.0,0.0,0.0,0.0,0.0,0.0,0.0,0.0,0.0,-100.0,0.0,-131.0,0.0,0.0,0.0,0.0,0.0,0.0,1,
Dioner Navarro#,20.0,NYY,AL,0.1,5.0,7.0,7.0,2.0,3.0,0.0,0.0,0.0,1.0,0.0,0.0,0.0,0.0,0.429,0.429,0.429,0.857,127.0,0.391,134.0,3.0,1.0,0.0,0.0,0.0,0.0,/2H,
Dmitri Young#,30.0,DET,AL,1.7,104.0,432.0,389.0,72.0,106.0,23.0,2.0,18.0,60.0,0.0,1.0,33.0,71.0,0.272,0.336,0.481,0.816,115.0,0.347,109.0,187.0,8.0,6.0,0.0,4.0,4.0,D3/H75,
Donnie Murphy,21.0,KCR,AL,0.0,7.0,27.0,27.0,1.0,5.0,3.0,0.0,0.0,3.0,1.0,0.0,0.0,7.0,0.185,0.185,0.296,0.481,22.0,0.214,2.0,8.0,1.0,0.0,0.0,0.0,0.0,/4,
Donnie Sadler,29.0,ARI,NL,-0.3,18.0,24.0,23.0,1.0,3.0,2.0,0.0,0.0,0.0,0.0,0.0,1.0,7.0,0.13,0.167,0.217,0.384,-3.0,0.167,-33.0,5.0,0.0,0.0,0.0,0.0,0.0,H/678459,
Dontrelle Willis*,22.0,FLA,NL,0.3,40.0,84.0,74.0,5.0,15.0,2.0,1.0,1.0,3.0,0.0,0.0,4.0,17.0,0.203,0.244,0.297,0.541,42.0,0.242,26.0,22.0,2.0,0.0,6.0,0.0,0.0,1H,
Doug Brocail*,37.0,TEX,AL,0.0,4.0,0.0,0.0,0.0,0.0,0.0,0.0,0.0,0.0,0.0,0.0,0.0,0.0,,,,,,,,0.0,0.0,0.0,0.0,0.0,0.0,1,
Doug Davis,28.0,MIL,NL,-0.9,33.0,71.0,64.0,0.0,1.0,0.0,0.0,0.0,0.0,0.0,0.0,1.0,43.0,0.016,0.031,0.016,0.046,-87.0,0.025,-151.0,1.0,1.0,0.0,6.0,0.0,0.0,1,
Doug DeVore*,26.0,ARI,NL,0.1,50.0,114.0,107.0,5.0,24.0,3.0,2.0,3.0,13.0,1.0,1.0,7.0,31.0,0.224,0.272,0.374,0.646,62.0,0.285,54.0,40.0,1.0,0.0,0.0,0.0,0.0,H79/8,
Doug Glanville,33.0,PHI,NL,-0.7,87.0,175.0,162.0,21.0,34.0,1.0,1.0,2.0,14.0,8.0,0.0,8.0,21.0,0.21,0.244,0.265,0.51,30.0,0.262,26.0,43.0,5.0,0.0,3.0,2.0,1.0,8H7,
Doug Mientkiewicz*,30.0,2TM,AL,-0.5,127.0,447.0,391.0,47.0,93.0,24.0,1.0,6.0,35.0,2.0,3.0,48.0,56.0,0.238,0.326,0.35,0.676,75.0,0.309,74.0,137.0,12.0,4.0,2.0,2.0,2.0,*3/H4,
Doug Mientkiewicz*,30.0,MIN,AL,-0.1,78.0,328.0,284.0,34.0,70.0,18.0,0.0,5.0,25.0,2.0,2.0,38.0,38.0,0.246,0.34,0.363,0.703,83.0,0.321,82.0,103.0,9.0,3.0,2.0,1.0,2.0,3,
Doug Mientkiewicz*,30.0,BOS,AL,-0.3,49.0,119.0,107.0,13.0,23.0,6.0,1.0,1.0,10.0,0.0,1.0,10.0,18.0,0.215,0.286,0.318,0.603,54.0,0.277,50.0,34.0,3.0,1.0,0.0,1.0,0.0,3/H4,
Doug Mirabelli,33.0,BOS,AL,1.2,59.0,182.0,160.0,27.0,45.0,12.0,0.0,9.0,32.0,0.0,0.0,19.0,46.0,0.281,0.368,0.525,0.893,124.0,0.4,133.0,84.0,5.0,3.0,0.0,0.0,0.0,2/HD,
Duaner Sánchez,24.0,LAD,NL,0.0,63.0,5.0,4.0,1.0,1.0,1.0,0.0,0.0,2.0,0.0,0.0,0.0,1.0,0.25,0.25,0.5,0.75,92.0,0.311,77.0,2.0,1.0,0.0,1.0,0.0,0.0,1,
Dustan Mohr,28.0,SFG,NL,0.3,117.0,324.0,263.0,52.0,72.0,20.0,1.0,7.0,28.0,0.0,3.0,46.0,64.0,0.274,0.394,0.437,0.831,115.0,0.37,121.0,115.0,5.0,8.0,4.0,3.0,3.0,97H/8D,
Dustin Hermanson,31.0,SFG,NL,-0.2,45.0,37.0,30.0,2.0,3.0,0.0,0.0,0.0,1.0,0.0,0.0,0.0,12.0,0.1,0.129,0.1,0.229,-40.0,0.108,-104.0,3.0,0.0,1.0,6.0,0.0,0.0,1,
Dámaso Marte*,29.0,CHW,AL,0.0,4.0,0.0,0.0,0.0,0.0,0.0,0.0,0.0,0.0,0.0,0.0,0.0,0.0,,,,,,,,0.0,0.0,0.0,0.0,0.0,0.0,1,
Earl Snyder,28.0,BOS,AL,-0.1,1.0,4.0,4.0,0.0,1.0,0.0,0.0,0.0,0.0,0.0,0.0,0.0,1.0,0.25,0.25,0.25,0.5,28.0,0.228,12.0,1.0,1.0,0.0,0.0,0.0,0.0,/5,
Eddie Guardado,33.0,SEA,AL,0.0,4.0,1.0,1.0,0.0,0.0,0.0,0.0,0.0,0.0,0.0,0.0,0.0,0.0,0.0,0.0,0.0,0.0,-100.0,0.0,-131.0,0.0,1.0,0.0,0.0,0.0,0.0,1,
Eddie Oropesa*,32.0,SDP,NL,0.0,16.0,0.0,0.0,0.0,0.0,0.0,0.0,0.0,0.0,0.0,0.0,0.0,0.0,,,,,,,,0.0,0.0,0.0,0.0,0.0,0.0,1,
Eddie Pérez,36.0,ATL,NL,0.4,74.0,188.0,170.0,14.0,39.0,12.0,0.0,3.0,13.0,0.0,0.0,11.0,29.0,0.229,0.286,0.353,0.639,64.0,0.292,60.0,60.0,5.0,3.0,3.0,1.0,1.0,2H/3,
Eddy Rodríguez,22.0,BAL,AL,0.0,3.0,1.0,1.0,0.0,0.0,0.0,0.0,0.0,0.0,0.0,0.0,0.0,1.0,0.0,0.0,0.0,0.0,-100.0,0.0,-131.0,0.0,0.0,0.0,0.0,0.0,0.0,1,
Edgar Martínez,41.0,SEA,AL,-0.3,141.0,549.0,486.0,45.0,128.0,23.0,0.0,12.0,63.0,1.0,0.0,58.0,107.0,0.263,0.342,0.385,0.727,92.0,0.322,86.0,187.0,15.0,2.0,0.0,3.0,10.0,*DH,
Edgardo Alfonzo,30.0,SFG,NL,0.6,139.0,576.0,519.0,66.0,150.0,26.0,1.0,11.0,77.0,1.0,1.0,46.0,40.0,0.289,0.35,0.407,0.757,95.0,0.345,100.0,211.0,15.0,5.0,2.0,4.0,2.0,*5/H4,
Eduardo Pérez,34.0,TBD,AL,-0.3,13.0,42.0,38.0,2.0,8.0,2.0,0.0,1.0,7.0,0.0,0.0,4.0,9.0,0.211,0.286,0.342,0.628,66.0,0.302,74.0,13.0,1.0,0.0,0.0,0.0,0.0,/3DH759,
Edwin Jackson,20.0,LAD,NL,0.0,7.0,6.0,4.0,0.0,1.0,0.0,0.0,0.0,1.0,0.0,0.0,0.0,1.0,0.25,0.25,0.25,0.5,33.0,0.227,-19.0,1.0,0.0,0.0,2.0,0.0,0.0,/1,
Einar Díaz,31.0,MON,NL,-0.8,55.0,159.0,139.0,9.0,31.0,6.0,1.0,1.0,11.0,2.0,0.0,11.0,10.0,0.223,0.293,0.302,0.595,53.0,0.281,47.0,42.0,6.0,4.0,2.0,3.0,3.0,2H/5,
Eli Marrero,30.0,ATL,NL,2.3,90.0,280.0,250.0,37.0,80.0,18.0,1.0,10.0,40.0,4.0,1.0,23.0,50.0,0.32,0.374,0.52,0.894,128.0,0.399,137.0,130.0,4.0,1.0,2.0,4.0,1.0,79H/8,
Elizardo Ramírez#,21.0,PHI,NL,0.1,6.0,1.0,0.0,0.0,0.0,0.0,0.0,0.0,0.0,0.0,0.0,1.0,0.0,,1.0,,,,0.707,350.0,0.0,0.0,0.0,0.0,0.0,0.0,/1,
Ellis Burks,39.0,BOS,AL,-0.1,11.0,37.0,33.0,6.0,6.0,0.0,0.0,1.0,1.0,2.0,0.0,3.0,8.0,0.182,0.27,0.273,0.543,39.0,0.292,49.0,9.0,1.0,1.0,0.0,0.0,0.0,/DH,
Elmer Dessens,33.0,2TM,NL,0.2,48.0,29.0,22.0,0.0,4.0,2.0,0.0,0.0,0.0,0.0,0.0,3.0,3.0,0.182,0.28,0.273,0.553,43.0,0.257,24.0,6.0,1.0,0.0,4.0,0.0,0.0,1,
Elmer Dessens,33.0,ARI,NL,0.1,36.0,25.0,18.0,0.0,3.0,2.0,0.0,0.0,0.0,0.0,0.0,3.0,3.0,0.167,0.286,0.278,0.563,44.0,0.263,24.0,5.0,1.0,0.0,4.0,0.0,0.0,1,
Elmer Dessens,33.0,LAD,NL,0.0,12.0,4.0,4.0,0.0,1.0,0.0,0.0,0.0,0.0,0.0,0.0,0.0,0.0,0.25,0.25,0.25,0.5,33.0,0.227,21.0,1.0,0.0,0.0,0.0,0.0,0.0,1,
Endy Chávez*,26.0,MON,NL,1.8,132.0,547.0,502.0,65.0,139.0,20.0,6.0,5.0,34.0,32.0,7.0,30.0,40.0,0.277,0.318,0.371,0.688,75.0,0.321,74.0,186.0,6.0,1.0,12.0,2.0,0.0,*8/H,
Enrique Wilson#,30.0,NYY,AL,-2.1,93.0,262.0,240.0,19.0,51.0,9.0,0.0,6.0,31.0,1.0,2.0,15.0,20.0,0.213,0.254,0.325,0.579,51.0,0.255,41.0,78.0,5.0,0.0,2.0,5.0,0.0,46H,
Erasmo Ramirez*,28.0,TEX,AL,0.0,1.0,0.0,0.0,0.0,0.0,0.0,0.0,0.0,0.0,0.0,0.0,0.0,0.0,,,,,,,,0.0,0.0,0.0,0.0,0.0,0.0,1,
Eric Bruntlett,26.0,HOU,NL,0.8,45.0,61.0,52.0,14.0,13.0,2.0,0.0,4.0,8.0,4.0,0.0,7.0,13.0,0.25,0.328,0.519,0.847,114.0,0.387,119.0,27.0,0.0,0.0,0.0,2.0,0.0,6H/478,
Eric Byrnes,28.0,OAK,AL,3.4,143.0,632.0,569.0,91.0,161.0,39.0,3.0,20.0,73.0,17.0,1.0,46.0,111.0,0.283,0.347,0.467,0.814,111.0,0.361,108.0,266.0,11.0,12.0,0.0,5.0,0.0,*789/HD,
Eric Chávez*,26.0,OAK,AL,5.5,125.0,577.0,475.0,87.0,131.0,20.0,0.0,29.0,77.0,6.0,3.0,95.0,99.0,0.276,0.397,0.501,0.898,134.0,0.392,135.0,238.0,21.0,3.0,0.0,4.0,10.0,*5/7,"MVP-30,GG"
Eric Crozier*,25.0,TOR,AL,0.1,14.0,39.0,33.0,5.0,5.0,2.0,0.0,2.0,4.0,0.0,0.0,6.0,19.0,0.152,0.282,0.394,0.676,71.0,0.298,63.0,13.0,0.0,0.0,0.0,0.0,0.0,/D3H,
Eric DuBose*,28.0,BAL,AL,0.0,1.0,2.0,2.0,0.0,0.0,0.0,0.0,0.0,0.0,0.0,0.0,0.0,2.0,0.0,0.0,0.0,0.0,-100.0,0.0,-140.0,0.0,0.0,0.0,0.0,0.0,0.0,1,
Eric Gagné,28.0,LAD,NL,0.0,67.0,3.0,3.0,0.0,0.0,0.0,0.0,0.0,0.0,0.0,0.0,0.0,3.0,0.0,0.0,0.0,0.0,-100.0,0.0,-146.0,0.0,0.0,0.0,0.0,0.0,0.0,1,"AS,CYA-7,MVP-11"
Eric Hinske*,26.0,TOR,AL,-0.6,155.0,634.0,570.0,66.0,140.0,23.0,3.0,15.0,69.0,12.0,8.0,54.0,109.0,0.246,0.312,0.375,0.688,76.0,0.312,75.0,214.0,14.0,4.0,0.0,6.0,2.0,*5/HD,
Eric Karros,36.0,OAK,AL,-0.8,40.0,111.0,103.0,8.0,20.0,6.0,0.0,2.0,11.0,1.0,0.0,7.0,16.0,0.194,0.243,0.311,0.554,44.0,0.258,39.0,32.0,2.0,0.0,0.0,1.0,1.0,3HD,
Eric Milton*,28.0,PHI,NL,0.0,33.0,75.0,65.0,4.0,10.0,1.0,0.0,0.0,5.0,0.0,0.0,4.0,29.0,0.154,0.2,0.169,0.369,-5.0,0.186,-27.0,11.0,0.0,0.0,5.0,1.0,0.0,1,
Eric Munson*,26.0,DET,AL,0.1,109.0,357.0,321.0,36.0,68.0,14.0,2.0,19.0,49.0,1.0,1.0,29.0,90.0,0.212,0.289,0.445,0.735,93.0,0.32,90.0,143.0,1.0,6.0,1.0,0.0,3.0,5H/D2,
Eric Valent*,27.0,NYM,NL,0.2,130.0,300.0,270.0,39.0,72.0,15.0,2.0,13.0,34.0,0.0,1.0,28.0,61.0,0.267,0.337,0.481,0.818,111.0,0.361,115.0,130.0,10.0,1.0,0.0,1.0,4.0,H739,
Eric Young Sr.,37.0,TEX,AL,0.1,104.0,402.0,344.0,55.0,99.0,25.0,2.0,1.0,27.0,14.0,9.0,43.0,28.0,0.288,0.377,0.381,0.758,93.0,0.344,95.0,131.0,9.0,8.0,4.0,3.0,0.0,7D4H/865,
Ernie Young,34.0,CLE,AL,0.1,3.0,5.0,4.0,0.0,2.0,0.0,0.0,0.0,0.0,0.0,0.0,1.0,2.0,0.5,0.6,0.5,1.1,200.0,0.508,219.0,2.0,0.0,0.0,0.0,0.0,0.0,/DH,
Erubiel Durazo*,30.0,OAK,AL,3.4,142.0,578.0,511.0,80.0,164.0,35.0,1.0,22.0,88.0,3.0,2.0,56.0,104.0,0.321,0.396,0.523,0.919,138.0,0.401,141.0,267.0,7.0,9.0,0.0,2.0,9.0,*DH/3,MVP-23
Esix Snead#,28.0,NYM,NL,0.0,1.0,0.0,0.0,1.0,0.0,0.0,0.0,0.0,0.0,0.0,0.0,0.0,0.0,,,,,,,,0.0,0.0,0.0,0.0,0.0,0.0,/7H,
Esteban Germán,26.0,OAK,AL,-0.3,31.0,65.0,60.0,9.0,15.0,1.0,1.0,0.0,7.0,0.0,1.0,4.0,13.0,0.25,0.297,0.3,0.597,57.0,0.257,45.0,18.0,1.0,0.0,1.0,0.0,0.0,54/HD,
Esteban Loaiza,32.0,CHW,AL,-0.1,2.0,5.0,5.0,0.0,0.0,0.0,0.0,0.0,0.0,0.0,0.0,0.0,2.0,0.0,0.0,0.0,0.0,-100.0,0.0,-140.0,0.0,1.0,0.0,0.0,0.0,0.0,1,AS
Esteban Yan,29.0,DET,AL,0.0,3.0,0.0,0.0,0.0,0.0,0.0,0.0,0.0,0.0,0.0,0.0,0.0,0.0,,,,,,,,0.0,0.0,0.0,0.0,0.0,0.0,1,
Felipe López#,24.0,CIN,NL,0.1,79.0,295.0,264.0,35.0,64.0,18.0,2.0,7.0,31.0,1.0,1.0,25.0,81.0,0.242,0.314,0.405,0.719,87.0,0.314,82.0,107.0,1.0,3.0,2.0,1.0,0.0,65/H4,
Fernando Viña*,35.0,DET,AL,0.6,29.0,131.0,115.0,21.0,26.0,5.0,0.0,0.0,7.0,2.0,1.0,9.0,9.0,0.226,0.308,0.27,0.577,57.0,0.292,70.0,31.0,6.0,5.0,1.0,1.0,0.0,4/H,
Francis Beltrán,24.0,2TM,NL,0.0,42.0,3.0,3.0,0.0,1.0,0.0,0.0,0.0,0.0,0.0,0.0,0.0,0.0,0.333,0.333,0.333,0.667,72.0,0.27,43.0,1.0,0.0,0.0,0.0,0.0,0.0,1,
Francis Beltrán,24.0,CHC,NL,0.0,31.0,1.0,1.0,0.0,0.0,0.0,0.0,0.0,0.0,0.0,0.0,0.0,0.0,0.0,0.0,0.0,0.0,-100.0,0.0,-142.0,0.0,0.0,0.0,0.0,0.0,0.0,1,
Francis Beltrán,24.0,MON,NL,0.0,11.0,2.0,2.0,0.0,1.0,0.0,0.0,0.0,0.0,0.0,0.0,0.0,0.0,0.5,0.5,0.5,1.0,157.0,0.406,139.0,1.0,0.0,0.0,0.0,0.0,0.0,1,
Francisco Cordero,29.0,TEX,AL,0.0,4.0,0.0,0.0,0.0,0.0,0.0,0.0,0.0,0.0,0.0,0.0,0.0,0.0,,,,,,,,0.0,0.0,0.0,0.0,0.0,0.0,1,"AS,MVP-24"
Francisco Rodríguez,22.0,ANA,AL,0.0,3.0,0.0,0.0,0.0,0.0,0.0,0.0,0.0,0.0,0.0,0.0,0.0,0.0,,,,,,,,0.0,0.0,0.0,0.0,0.0,0.0,1,"AS,CYA-4"
Frank Brooks*,25.0,PIT,NL,0.0,11.0,1.0,1.0,0.0,0.0,0.0,0.0,0.0,0.0,0.0,0.0,0.0,0.0,0.0,0.0,0.0,0.0,-100.0,0.0,-142.0,0.0,0.0,0.0,0.0,0.0,0.0,1,
Frank Catalanotto*,30.0,TOR,AL,0.5,75.0,274.0,249.0,27.0,73.0,19.0,1.0,1.0,26.0,1.0,0.0,17.0,33.0,0.293,0.344,0.39,0.734,88.0,0.339,92.0,97.0,7.0,4.0,1.0,3.0,1.0,7DH,
Frank Francisco,24.0,TEX,AL,0.0,5.0,0.0,0.0,0.0,0.0,0.0,0.0,0.0,0.0,0.0,0.0,0.0,0.0,,,,,,,,0.0,0.0,0.0,0.0,0.0,0.0,1,
Frank Gracesqui#,24.0,FLA,NL,0.0,7.0,0.0,0.0,0.0,0.0,0.0,0.0,0.0,0.0,0.0,0.0,0.0,0.0,,,,,,,,0.0,0.0,0.0,0.0,0.0,0.0,/1,
Frank Menechino,33.0,2TM,AL,0.8,84.0,311.0,269.0,40.0,74.0,13.0,4.0,9.0,26.0,0.0,2.0,37.0,52.0,0.275,0.371,0.454,0.824,111.0,0.371,117.0,122.0,5.0,4.0,1.0,0.0,1.0,4D6H/51,
Frank Menechino,33.0,OAK,AL,-0.7,13.0,35.0,33.0,0.0,3.0,0.0,0.0,0.0,1.0,0.0,0.0,1.0,8.0,0.091,0.143,0.091,0.234,-37.0,0.146,-37.0,3.0,2.0,1.0,0.0,0.0,0.0,4/H,
Frank Menechino,33.0,TOR,AL,1.4,71.0,276.0,236.0,40.0,71.0,13.0,4.0,9.0,25.0,0.0,2.0,36.0,44.0,0.301,0.4,0.504,0.904,131.0,0.4,137.0,119.0,3.0,3.0,1.0,0.0,1.0,4D6/H51,
Frank Thomas,36.0,CHW,AL,2.8,74.0,311.0,240.0,53.0,65.0,16.0,0.0,18.0,49.0,0.0,2.0,64.0,57.0,0.271,0.434,0.563,0.997,156.0,0.429,159.0,135.0,2.0,6.0,0.0,1.0,3.0,D/H3,
Franklyn Germán,24.0,DET,AL,0.0,3.0,1.0,1.0,0.0,0.0,0.0,0.0,0.0,0.0,0.0,0.0,0.0,1.0,0.0,0.0,0.0,0.0,-100.0,0.0,-123.0,0.0,0.0,0.0,0.0,0.0,0.0,1,
Fred McGriff*,40.0,TBD,AL,-0.6,27.0,81.0,72.0,7.0,13.0,3.0,0.0,2.0,7.0,0.0,0.0,9.0,19.0,0.181,0.272,0.306,0.577,53.0,0.25,37.0,22.0,1.0,0.0,0.0,0.0,2.0,D/H3,
Freddy García,27.0,SEA,AL,-0.1,2.0,4.0,4.0,0.0,0.0,0.0,0.0,0.0,0.0,0.0,0.0,0.0,3.0,0.0,0.0,0.0,0.0,-100.0,0.0,-138.0,0.0,0.0,0.0,0.0,0.0,0.0,1,
Freddy Guzmán#,23.0,SDP,NL,0.4,20.0,80.0,76.0,8.0,16.0,3.0,0.0,0.0,5.0,5.0,2.0,3.0,13.0,0.211,0.25,0.25,0.5,36.0,0.265,52.0,19.0,0.0,1.0,0.0,0.0,0.0,8/H,
Freddy Sánchez,26.0,PIT,NL,-0.3,9.0,20.0,19.0,2.0,3.0,0.0,0.0,0.0,2.0,0.0,0.0,0.0,3.0,0.158,0.158,0.158,0.316,-17.0,0.143,-52.0,3.0,0.0,0.0,1.0,0.0,0.0,/6H45,
Félix Díaz,23.0,CHW,AL,0.0,1.0,1.0,1.0,0.0,0.0,0.0,0.0,0.0,0.0,0.0,0.0,0.0,0.0,0.0,0.0,0.0,0.0,-100.0,0.0,-131.0,0.0,0.0,0.0,0.0,0.0,0.0,1,
Félix Escalona,25.0,NYY,AL,0.0,5.0,9.0,8.0,1.0,0.0,0.0,0.0,0.0,0.0,0.0,0.0,0.0,2.0,0.0,0.111,0.0,0.111,-67.0,0.083,-80.0,0.0,0.0,1.0,0.0,0.0,0.0,/65H,
Félix Heredia*,29.0,NYY,AL,0.0,5.0,0.0,0.0,0.0,0.0,0.0,0.0,0.0,0.0,0.0,0.0,0.0,0.0,,,,,,,,0.0,0.0,0.0,0.0,0.0,0.0,1,
Félix Rodríguez,31.0,2TM,NL,0.0,71.0,1.0,1.0,0.0,0.0,0.0,0.0,0.0,0.0,0.0,0.0,0.0,1.0,0.0,0.0,0.0,0.0,-100.0,0.0,-142.0,0.0,0.0,0.0,0.0,0.0,0.0,1,
Félix Rodríguez,31.0,SFG,NL,0.0,48.0,1.0,1.0,0.0,0.0,0.0,0.0,0.0,0.0,0.0,0.0,0.0,1.0,0.0,0.0,0.0,0.0,-100.0,0.0,-142.0,0.0,0.0,0.0,0.0,0.0,0.0,1,
Félix Rodríguez,31.0,PHI,NL,0.0,23.0,0.0,0.0,0.0,0.0,0.0,0.0,0.0,0.0,0.0,0.0,0.0,0.0,,,,,,,,0.0,0.0,0.0,0.0,0.0,0.0,1,
Gabe Gross*,24.0,TOR,AL,-0.1,44.0,149.0,129.0,18.0,27.0,4.0,0.0,3.0,16.0,2.0,2.0,19.0,31.0,0.209,0.311,0.31,0.621,61.0,0.289,60.0,40.0,1.0,0.0,0.0,0.0,0.0,7/DH,
Gabe Kapler,28.0,BOS,AL,0.1,136.0,310.0,290.0,51.0,79.0,14.0,1.0,6.0,33.0,5.0,4.0,15.0,49.0,0.272,0.311,0.39,0.7,77.0,0.31,72.0,113.0,5.0,2.0,1.0,2.0,0.0,*9H78/D,
Gabe White*,32.0,2TM,2LG,0.0,41.0,0.0,0.0,0.0,0.0,0.0,0.0,0.0,0.0,0.0,0.0,0.0,0.0,,,,,,,,0.0,0.0,0.0,0.0,0.0,0.0,1,
Gabe White*,32.0,NYY,AL,0.0,1.0,0.0,0.0,0.0,0.0,0.0,0.0,0.0,0.0,0.0,0.0,0.0,0.0,,,,,,,,0.0,0.0,0.0,0.0,0.0,0.0,1,
Gabe White*,32.0,CIN,NL,0.0,40.0,0.0,0.0,0.0,0.0,0.0,0.0,0.0,0.0,0.0,0.0,0.0,0.0,,,,,,,,0.0,0.0,0.0,0.0,0.0,0.0,1,
Garret Anderson*,32.0,ANA,AL,2.0,112.0,475.0,442.0,57.0,133.0,20.0,1.0,14.0,75.0,2.0,1.0,29.0,75.0,0.301,0.343,0.446,0.789,107.0,0.352,108.0,197.0,3.0,1.0,0.0,3.0,6.0,8D/H,
Garrett Atkins,24.0,COL,NL,0.3,15.0,33.0,28.0,3.0,10.0,2.0,0.0,1.0,8.0,0.0,0.0,4.0,3.0,0.357,0.424,0.536,0.96,135.0,0.414,138.0,15.0,0.0,0.0,0.0,1.0,0.0,/H537,
Gary Bennett,32.0,MIL,NL,-0.7,75.0,246.0,219.0,18.0,49.0,14.0,0.0,3.0,20.0,1.0,0.0,22.0,32.0,0.224,0.297,0.329,0.626,62.0,0.284,55.0,72.0,9.0,2.0,0.0,3.0,3.0,2/H,
Gary Glover,27.0,MIL,NL,-0.1,4.0,7.0,7.0,0.0,0.0,0.0,0.0,0.0,0.0,0.0,0.0,0.0,4.0,0.0,0.0,0.0,0.0,-100.0,0.0,-149.0,0.0,0.0,0.0,0.0,0.0,0.0,/1,
Gary Knotts,27.0,DET,AL,0.1,2.0,5.0,3.0,2.0,1.0,0.0,0.0,0.0,0.0,0.0,0.0,1.0,1.0,0.333,0.5,0.333,0.833,130.0,0.385,142.0,1.0,0.0,0.0,1.0,0.0,0.0,1,
Gary Majewski,24.0,MON,NL,0.0,16.0,2.0,2.0,0.0,0.0,0.0,0.0,0.0,0.0,0.0,0.0,0.0,2.0,0.0,0.0,0.0,0.0,-100.0,0.0,-157.0,0.0,0.0,0.0,0.0,0.0,0.0,1,
Gary Matthews#,29.0,TEX,AL,1.9,87.0,317.0,280.0,37.0,77.0,17.0,1.0,11.0,36.0,5.0,1.0,33.0,64.0,0.275,0.35,0.461,0.811,103.0,0.356,99.0,129.0,1.0,1.0,0.0,3.0,5.0,98/H7D,
Gary Sheffield,35.0,NYY,AL,4.2,154.0,684.0,573.0,117.0,166.0,30.0,1.0,36.0,121.0,5.0,6.0,92.0,83.0,0.29,0.393,0.534,0.927,141.0,0.401,143.0,306.0,16.0,11.0,0.0,8.0,7.0,*9D/5,"AS,MVP-2,SS"
Gavin Floyd,21.0,PHI,NL,-0.2,6.0,10.0,10.0,0.0,0.0,0.0,0.0,0.0,0.0,0.0,0.0,0.0,5.0,0.0,0.0,0.0,0.0,-100.0,0.0,-154.0,0.0,0.0,0.0,0.0,0.0,0.0,/1,
Geoff Blum#,31.0,TBD,AL,-0.7,112.0,369.0,339.0,38.0,73.0,21.0,0.0,8.0,35.0,2.0,3.0,24.0,58.0,0.215,0.266,0.348,0.614,61.0,0.276,58.0,118.0,4.0,0.0,4.0,2.0,1.0,54/H73D6,
Geoff Geary,27.0,PHI,NL,0.0,29.0,1.0,1.0,0.0,0.0,0.0,0.0,0.0,0.0,0.0,0.0,0.0,0.0,0.0,0.0,0.0,0.0,-100.0,0.0,-150.0,0.0,0.0,0.0,0.0,0.0,0.0,1,
Geoff Jenkins*,29.0,MIL,NL,1.5,157.0,681.0,617.0,88.0,163.0,36.0,6.0,27.0,93.0,3.0,1.0,46.0,152.0,0.264,0.325,0.473,0.798,103.0,0.348,102.0,292.0,19.0,12.0,0.0,6.0,10.0,*7/H,
Gerald Laird,24.0,TEX,AL,0.4,49.0,168.0,147.0,20.0,33.0,6.0,0.0,1.0,16.0,0.0,1.0,12.0,35.0,0.224,0.287,0.286,0.572,46.0,0.269,41.0,42.0,5.0,2.0,4.0,3.0,0.0,2,
Gerald Williams,37.0,NYM,NL,0.0,57.0,138.0,129.0,17.0,30.0,8.0,2.0,4.0,11.0,2.0,1.0,8.0,26.0,0.233,0.277,0.419,0.696,79.0,0.315,81.0,54.0,2.0,0.0,1.0,0.0,1.0,H78/9,
Gerónimo Gil,28.0,BAL,AL,0.1,12.0,35.0,32.0,1.0,9.0,2.0,0.0,0.0,4.0,0.0,0.0,3.0,5.0,0.281,0.343,0.344,0.687,82.0,0.303,72.0,11.0,0.0,0.0,0.0,0.0,1.0,2/H,
Giovanni Carrara,36.0,LAD,NL,0.1,41.0,2.0,2.0,0.0,0.0,0.0,0.0,0.0,0.0,0.0,0.0,0.0,1.0,0.0,0.0,0.0,0.0,-100.0,0.454,187.0,0.0,0.0,0.0,0.0,0.0,0.0,1,
Glendon Rusch*,29.0,CHC,NL,0.1,32.0,46.0,39.0,3.0,6.0,1.0,0.0,2.0,3.0,0.0,0.0,0.0,11.0,0.154,0.154,0.333,0.487,20.0,0.204,-22.0,13.0,0.0,0.0,7.0,0.0,0.0,1/H,
Grady Sizemore*,21.0,CLE,AL,1.1,43.0,159.0,138.0,15.0,34.0,6.0,2.0,4.0,24.0,2.0,0.0,14.0,34.0,0.246,0.333,0.406,0.739,97.0,0.335,98.0,56.0,0.0,5.0,0.0,2.0,0.0,8/H,
Grant Balfour,26.0,MIN,AL,0.0,4.0,0.0,0.0,0.0,0.0,0.0,0.0,0.0,0.0,0.0,0.0,0.0,0.0,,,,,,,,0.0,0.0,0.0,0.0,0.0,0.0,1,
Grant Roberts,26.0,NYM,NL,0.0,4.0,0.0,0.0,0.0,0.0,0.0,0.0,0.0,0.0,0.0,0.0,0.0,0.0,,,,,,,,0.0,0.0,0.0,0.0,0.0,0.0,/1,
Greg Aquino,26.0,ARI,NL,0.0,34.0,1.0,1.0,0.0,0.0,0.0,0.0,0.0,0.0,0.0,0.0,0.0,0.0,0.0,0.0,0.0,0.0,-100.0,0.0,-150.0,0.0,0.0,0.0,0.0,0.0,0.0,1,
Greg Colbrunn,34.0,ARI,NL,-0.6,20.0,28.0,27.0,1.0,3.0,0.0,0.0,0.0,1.0,0.0,0.0,1.0,5.0,0.111,0.143,0.111,0.254,-34.0,0.122,-65.0,3.0,0.0,0.0,0.0,0.0,0.0,H/3D,
Greg Dobbs*,25.0,SEA,AL,-0.2,18.0,56.0,53.0,4.0,12.0,1.0,0.0,1.0,9.0,0.0,0.0,1.0,14.0,0.226,0.25,0.302,0.552,45.0,0.241,31.0,16.0,0.0,1.0,0.0,1.0,0.0,5/HD,
Greg Maddux,38.0,CHC,NL,0.0,32.0,79.0,69.0,5.0,11.0,0.0,0.0,0.0,5.0,1.0,0.0,1.0,12.0,0.159,0.171,0.159,0.331,-14.0,0.165,-51.0,11.0,1.0,0.0,9.0,0.0,0.0,1/H,GG
Greg Myers*,38.0,TOR,AL,0.0,8.0,20.0,18.0,0.0,4.0,2.0,0.0,0.0,1.0,0.0,0.0,2.0,4.0,0.222,0.3,0.333,0.633,63.0,0.328,84.0,6.0,1.0,0.0,0.0,0.0,0.0,/2HD,
Greg Norton#,31.0,DET,AL,-1.1,41.0,99.0,86.0,9.0,15.0,1.0,0.0,2.0,2.0,0.0,0.0,12.0,21.0,0.174,0.276,0.256,0.531,44.0,0.246,37.0,22.0,3.0,0.0,1.0,0.0,1.0,5H/3D7,
Gregg Zaun#,33.0,TOR,AL,2.3,107.0,392.0,338.0,46.0,91.0,24.0,0.0,6.0,36.0,0.0,2.0,47.0,61.0,0.269,0.367,0.393,0.761,96.0,0.346,99.0,133.0,7.0,6.0,0.0,1.0,3.0,2H/D,
Guillermo Mota,30.0,2TM,NL,0.0,75.0,12.0,12.0,1.0,2.0,1.0,0.0,0.0,1.0,0.0,0.0,0.0,7.0,0.167,0.167,0.25,0.417,8.0,0.179,-14.0,3.0,0.0,0.0,0.0,0.0,0.0,1,
Guillermo Mota,30.0,LAD,NL,-0.1,49.0,6.0,6.0,0.0,0.0,0.0,0.0,0.0,0.0,0.0,0.0,0.0,5.0,0.0,0.0,0.0,0.0,-100.0,0.0,-144.0,0.0,0.0,0.0,0.0,0.0,0.0,1,
Guillermo Mota,30.0,FLA,NL,0.1,26.0,6.0,6.0,1.0,2.0,1.0,0.0,0.0,1.0,0.0,0.0,0.0,2.0,0.333,0.333,0.5,0.833,117.0,0.359,116.0,3.0,0.0,0.0,0.0,0.0,0.0,1,
Guillermo Quiroz,22.0,TOR,AL,-0.5,17.0,57.0,52.0,2.0,11.0,2.0,0.0,0.0,6.0,1.0,0.0,2.0,8.0,0.212,0.263,0.25,0.513,33.0,0.256,31.0,13.0,1.0,2.0,0.0,1.0,0.0,2/DH,
Hank Blalock*,23.0,TEX,AL,4.6,159.0,713.0,624.0,107.0,172.0,38.0,3.0,32.0,110.0,2.0,2.0,75.0,149.0,0.276,0.355,0.5,0.855,113.0,0.375,114.0,312.0,13.0,6.0,0.0,8.0,7.0,*5/H,"AS,MVP-18"
Heath Bell,26.0,NYM,NL,0.0,17.0,1.0,1.0,0.0,0.0,0.0,0.0,0.0,0.0,0.0,0.0,0.0,0.0,0.0,0.0,0.0,0.0,-100.0,0.0,-142.0,0.0,0.0,0.0,0.0,0.0,0.0,1,
Hee-Seop Choi*,25.0,2TM,NL,1.1,126.0,416.0,343.0,53.0,86.0,21.0,1.0,15.0,46.0,1.0,0.0,63.0,96.0,0.251,0.37,0.449,0.819,116.0,0.361,117.0,154.0,6.0,4.0,2.0,4.0,6.0,*3H,
Hee-Seop Choi*,25.0,FLA,NL,1.5,95.0,340.0,281.0,48.0,76.0,16.0,1.0,15.0,40.0,1.0,0.0,52.0,78.0,0.27,0.388,0.495,0.882,132.0,0.383,133.0,139.0,4.0,3.0,2.0,2.0,4.0,3/H,
Hee-Seop Choi*,25.0,LAD,NL,-0.3,31.0,76.0,62.0,5.0,10.0,5.0,0.0,0.0,6.0,0.0,0.0,11.0,18.0,0.161,0.289,0.242,0.531,43.0,0.265,46.0,15.0,2.0,1.0,0.0,2.0,2.0,3/H,
Henry Blanco,32.0,MIN,AL,-0.4,114.0,353.0,315.0,36.0,65.0,19.0,1.0,10.0,37.0,0.0,3.0,21.0,56.0,0.206,0.26,0.368,0.628,60.0,0.277,52.0,116.0,8.0,3.0,11.0,3.0,0.0,*2/H,
Henry Mateo#,27.0,MON,NL,-0.5,40.0,46.0,44.0,3.0,12.0,2.0,0.0,0.0,0.0,2.0,3.0,1.0,9.0,0.273,0.289,0.318,0.607,55.0,0.257,49.0,14.0,1.0,0.0,1.0,0.0,0.0,H/47,
Herbert Perry,34.0,TEX,AL,-0.2,49.0,153.0,134.0,13.0,30.0,2.0,1.0,5.0,17.0,0.0,0.0,14.0,19.0,0.224,0.307,0.366,0.673,69.0,0.308,67.0,49.0,3.0,3.0,0.0,2.0,0.0,D3H/5,
Hideki Matsui*,30.0,NYY,AL,5.0,162.0,680.0,584.0,109.0,174.0,34.0,2.0,31.0,108.0,3.0,0.0,88.0,103.0,0.298,0.39,0.522,0.912,137.0,0.404,142.0,305.0,11.0,3.0,0.0,5.0,2.0,*7/8,"AS,MVP-24"
Hideo Nomo,35.0,LAD,NL,0.0,16.0,27.0,26.0,2.0,3.0,0.0,0.0,1.0,1.0,0.0,0.0,0.0,17.0,0.115,0.115,0.231,0.346,-11.0,0.178,-20.0,6.0,0.0,0.0,1.0,0.0,0.0,1,
Hiram Bocachica,28.0,SEA,AL,0.6,50.0,107.0,90.0,9.0,22.0,5.0,0.0,3.0,6.0,5.0,4.0,12.0,27.0,0.244,0.337,0.4,0.737,94.0,0.326,96.0,36.0,1.0,1.0,3.0,1.0,0.0,89H/D7,
Homer Bush,31.0,NYY,AL,-0.2,9.0,8.0,7.0,2.0,0.0,0.0,0.0,0.0,0.0,1.0,0.0,0.0,2.0,0.0,0.125,0.0,0.125,-63.0,0.122,-73.0,0.0,1.0,1.0,0.0,0.0,0.0,/H4D,
Horacio Ramírez*,24.0,ATL,NL,-0.2,11.0,22.0,21.0,0.0,2.0,0.0,0.0,0.0,1.0,0.0,0.0,0.0,5.0,0.095,0.095,0.095,0.19,-50.0,0.086,-96.0,2.0,0.0,0.0,1.0,0.0,0.0,1/H,
Howie Clark*,30.0,TOR,AL,0.1,40.0,133.0,115.0,17.0,25.0,6.0,0.0,3.0,12.0,0.0,0.0,13.0,15.0,0.217,0.292,0.348,0.64,64.0,0.293,59.0,40.0,2.0,0.0,3.0,2.0,0.0,39/7HD45,
Humberto Cota,25.0,PIT,NL,0.2,36.0,70.0,66.0,10.0,15.0,1.0,1.0,5.0,8.0,0.0,0.0,3.0,20.0,0.227,0.271,0.5,0.771,95.0,0.321,84.0,33.0,1.0,1.0,0.0,0.0,1.0,2H,
Humberto Quintero,24.0,SDP,NL,0.2,23.0,78.0,72.0,7.0,18.0,3.0,0.0,2.0,10.0,0.0,2.0,5.0,16.0,0.25,0.295,0.375,0.67,80.0,0.303,91.0,27.0,5.0,0.0,0.0,1.0,0.0,2/H,
Héctor Luna,24.0,STL,NL,-0.2,83.0,192.0,173.0,25.0,43.0,7.0,2.0,3.0,22.0,6.0,3.0,13.0,37.0,0.249,0.304,0.364,0.668,73.0,0.297,67.0,63.0,2.0,2.0,1.0,3.0,0.0,H645/78,
Ian Snell,22.0,PIT,NL,0.0,3.0,3.0,2.0,0.0,0.0,0.0,0.0,0.0,0.0,0.0,0.0,0.0,2.0,0.0,0.0,0.0,0.0,-100.0,0.0,-278.0,0.0,0.0,0.0,1.0,0.0,0.0,/1,
Ichiro Suzuki*,30.0,SEA,AL,9.2,161.0,762.0,704.0,101.0,262.0,24.0,5.0,8.0,60.0,36.0,11.0,49.0,63.0,0.372,0.414,0.455,0.869,130.0,0.398,138.0,320.0,6.0,4.0,2.0,3.0,19.0,*9/DH,"AS,MVP-7,GG"
Ismael Valdéz,30.0,2TM,NL,0.4,32.0,59.0,52.0,6.0,10.0,4.0,0.0,0.0,5.0,0.0,0.0,3.0,13.0,0.192,0.232,0.269,0.501,34.0,0.24,29.0,14.0,1.0,0.0,3.0,1.0,0.0,1,
Ismael Valdéz,30.0,SDP,NL,0.2,21.0,41.0,35.0,4.0,6.0,3.0,0.0,0.0,5.0,0.0,0.0,2.0,9.0,0.171,0.211,0.257,0.468,26.0,0.207,5.0,9.0,1.0,0.0,3.0,1.0,0.0,1,
Ismael Valdéz,30.0,FLA,NL,0.2,11.0,18.0,17.0,2.0,4.0,1.0,0.0,0.0,0.0,0.0,0.0,1.0,4.0,0.235,0.278,0.294,0.572,52.0,0.31,80.0,5.0,0.0,0.0,0.0,0.0,0.0,1,
Iván Rodríguez,32.0,DET,AL,4.5,135.0,575.0,527.0,72.0,176.0,32.0,2.0,19.0,86.0,7.0,4.0,41.0,91.0,0.334,0.383,0.51,0.893,137.0,0.384,135.0,269.0,15.0,3.0,0.0,4.0,6.0,*2/DH,"AS,MVP-10,GG,SS"
J.C. Romero#,28.0,MIN,AL,0.0,1.0,0.0,0.0,0.0,0.0,0.0,0.0,0.0,0.0,0.0,0.0,0.0,0.0,,,,,,,,0.0,0.0,0.0,0.0,0.0,0.0,1,
J.D. Drew*,28.0,ATL,NL,8.3,145.0,645.0,518.0,118.0,158.0,28.0,8.0,31.0,93.0,12.0,3.0,118.0,116.0,0.305,0.436,0.569,1.006,157.0,0.44,167.0,295.0,7.0,5.0,1.0,3.0,2.0,*9/8HD,MVP-6
J.J. Davis,25.0,PIT,NL,-0.4,25.0,40.0,35.0,4.0,5.0,1.0,0.0,0.0,3.0,2.0,0.0,4.0,10.0,0.143,0.225,0.171,0.396,6.0,0.204,-9.0,6.0,0.0,0.0,0.0,1.0,0.0,9H/7,
J.J. Putz,27.0,SEA,AL,0.0,3.0,0.0,0.0,0.0,0.0,0.0,0.0,0.0,0.0,0.0,0.0,0.0,0.0,,,,,,,,0.0,0.0,0.0,0.0,0.0,0.0,1,
J.R. House,24.0,PIT,NL,-0.1,5.0,9.0,9.0,1.0,1.0,1.0,0.0,0.0,0.0,0.0,0.0,0.0,2.0,0.111,0.111,0.222,0.333,-16.0,0.138,-47.0,2.0,1.0,0.0,0.0,0.0,0.0,/2H,
J.T. Snow*,36.0,SFG,NL,3.3,107.0,417.0,346.0,62.0,113.0,32.0,1.0,12.0,60.0,4.0,0.0,58.0,61.0,0.327,0.429,0.529,0.958,146.0,0.421,153.0,183.0,5.0,7.0,2.0,4.0,0.0,3/H,
Jack Cust*,25.0,BAL,AL,0.0,1.0,1.0,1.0,0.0,0.0,0.0,0.0,0.0,0.0,0.0,0.0,0.0,1.0,0.0,0.0,0.0,0.0,-100.0,0.0,-131.0,0.0,0.0,0.0,0.0,0.0,0.0,/H,
Jack Wilson,26.0,PIT,NL,4.8,157.0,693.0,652.0,82.0,201.0,41.0,12.0,11.0,59.0,8.0,4.0,26.0,71.0,0.308,0.335,0.459,0.794,104.0,0.351,106.0,299.0,15.0,3.0,7.0,5.0,0.0,*6/H,"AS,SS"
Jacob Cruz*,31.0,CIN,NL,-0.1,96.0,167.0,147.0,22.0,33.0,8.0,0.0,3.0,28.0,0.0,0.0,16.0,43.0,0.224,0.317,0.34,0.658,73.0,0.301,71.0,50.0,5.0,4.0,0.0,0.0,2.0,H9/37D,
Jacque Jones*,29.0,MIN,AL,-0.1,151.0,608.0,555.0,69.0,141.0,22.0,1.0,24.0,80.0,13.0,10.0,40.0,117.0,0.254,0.315,0.427,0.742,90.0,0.328,89.0,237.0,12.0,10.0,2.0,1.0,2.0,*9/HD8,
Jae Weong Seo,27.0,NYM,NL,0.1,25.0,38.0,32.0,2.0,5.0,1.0,0.0,0.0,1.0,1.0,0.0,2.0,9.0,0.156,0.229,0.188,0.416,11.0,0.199,-17.0,6.0,1.0,1.0,3.0,0.0,0.0,1/H,
Jaime Cerda*,25.0,KCR,AL,0.0,3.0,0.0,0.0,0.0,0.0,0.0,0.0,0.0,0.0,0.0,0.0,0.0,0.0,,,,,,,,0.0,0.0,0.0,0.0,0.0,0.0,1,
Jake Peavy,23.0,SDP,NL,0.3,27.0,68.0,59.0,5.0,10.0,1.0,0.0,0.0,3.0,0.0,0.0,4.0,17.0,0.169,0.222,0.186,0.409,13.0,0.203,2.0,11.0,1.0,0.0,5.0,0.0,0.0,1,
Jake Westbrook,26.0,CLE,AL,-0.1,2.0,4.0,3.0,0.0,0.0,0.0,0.0,0.0,0.0,0.0,0.0,0.0,2.0,0.0,0.0,0.0,0.0,-100.0,0.0,-208.0,0.0,0.0,0.0,1.0,0.0,0.0,1,AS
James Baldwin,32.0,NYM,NL,0.0,2.0,2.0,2.0,0.0,0.0,0.0,0.0,0.0,0.0,0.0,0.0,0.0,1.0,0.0,0.0,0.0,0.0,-100.0,0.0,-152.0,0.0,0.0,0.0,0.0,0.0,0.0,/1,
Jamey Carroll,30.0,MON,NL,1.0,102.0,256.0,218.0,36.0,63.0,14.0,2.0,0.0,16.0,5.0,1.0,32.0,21.0,0.289,0.378,0.372,0.75,93.0,0.346,96.0,81.0,3.0,1.0,2.0,3.0,1.0,4H56/7,
Jamey Wright,29.0,COL,NL,-0.3,14.0,27.0,19.0,1.0,1.0,1.0,0.0,0.0,0.0,0.0,0.0,0.0,12.0,0.053,0.053,0.105,0.158,-62.0,0.066,-202.0,2.0,0.0,0.0,8.0,0.0,0.0,1,
Jamie Burke,32.0,CHW,AL,1.2,57.0,133.0,120.0,22.0,40.0,9.0,0.0,0.0,15.0,0.0,0.0,10.0,13.0,0.333,0.386,0.408,0.795,106.0,0.371,116.0,49.0,3.0,1.0,1.0,1.0,0.0,2/HD359,
Jamie Moyer*,41.0,SEA,AL,0.1,2.0,2.0,2.0,0.0,1.0,0.0,0.0,0.0,2.0,0.0,0.0,0.0,1.0,0.5,0.5,0.5,1.0,166.0,0.456,180.0,1.0,0.0,0.0,0.0,0.0,0.0,1,
Jamie Walker*,32.0,DET,AL,0.0,5.0,0.0,0.0,0.0,0.0,0.0,0.0,0.0,0.0,0.0,0.0,0.0,0.0,,,,,,,,0.0,0.0,0.0,0.0,0.0,0.0,1,
Jared Fernández,32.0,HOU,NL,0.0,2.0,0.0,0.0,0.0,0.0,0.0,0.0,0.0,0.0,0.0,0.0,0.0,0.0,,,,,,,,0.0,0.0,0.0,0.0,0.0,0.0,/1,
Jaret Wright,28.0,ATL,NL,-0.2,30.0,65.0,57.0,4.0,6.0,1.0,0.0,1.0,4.0,0.0,0.0,2.0,33.0,0.105,0.136,0.175,0.311,-20.0,0.139,-65.0,10.0,0.0,0.0,6.0,0.0,0.0,1,
Jarrod Washburn*,29.0,ANA,AL,0.1,3.0,7.0,5.0,0.0,2.0,0.0,0.0,0.0,1.0,0.0,0.0,0.0,0.0,0.4,0.4,0.4,0.8,113.0,0.365,124.0,2.0,0.0,0.0,2.0,0.0,0.0,1,
Jason Alfaro,26.0,HOU,NL,-0.2,7.0,12.0,11.0,1.0,2.0,0.0,0.0,0.0,0.0,0.0,0.0,0.0,5.0,0.182,0.182,0.182,0.364,-6.0,0.165,-43.0,2.0,1.0,0.0,1.0,0.0,0.0,/H6,
Jason Bartlett,24.0,MIN,AL,-0.1,8.0,14.0,12.0,2.0,1.0,0.0,0.0,0.0,1.0,2.0,0.0,1.0,1.0,0.083,0.154,0.083,0.237,-36.0,0.161,-66.0,1.0,0.0,0.0,1.0,0.0,0.0,/6H4D,
Jason Bay,25.0,PIT,NL,2.2,120.0,472.0,411.0,61.0,116.0,24.0,4.0,26.0,82.0,4.0,6.0,41.0,129.0,0.282,0.358,0.55,0.907,132.0,0.379,129.0,226.0,9.0,10.0,5.0,5.0,2.0,*7/H8,ROY-1
Jason Boyd,31.0,PIT,NL,0.0,12.0,0.0,0.0,0.0,0.0,0.0,0.0,0.0,0.0,0.0,0.0,0.0,0.0,,,,,,,,0.0,0.0,0.0,0.0,0.0,0.0,1,
Jason Christiansen,34.0,SFG,NL,0.0,57.0,0.0,0.0,0.0,0.0,0.0,0.0,0.0,0.0,0.0,0.0,0.0,0.0,,,,,,,,0.0,0.0,0.0,0.0,0.0,0.0,1,
Jason Conti*,29.0,TEX,AL,-0.4,22.0,60.0,55.0,6.0,10.0,3.0,0.0,0.0,4.0,0.0,2.0,5.0,19.0,0.182,0.25,0.236,0.486,24.0,0.24,32.0,13.0,0.0,0.0,0.0,0.0,0.0,8/H7,
Jason Davis,24.0,CLE,AL,0.1,2.0,5.0,5.0,1.0,1.0,0.0,0.0,1.0,1.0,0.0,0.0,0.0,2.0,0.2,0.2,0.8,1.0,150.0,0.39,138.0,4.0,0.0,0.0,0.0,0.0,0.0,1,
Jason Dubois,25.0,CHC,NL,-0.1,20.0,25.0,23.0,2.0,5.0,0.0,1.0,1.0,5.0,0.0,0.0,1.0,7.0,0.217,0.24,0.435,0.675,68.0,0.316,77.0,10.0,0.0,0.0,0.0,1.0,0.0,H/937,
Jason Ellison,26.0,SFG,NL,0.3,13.0,4.0,4.0,4.0,2.0,0.0,0.0,1.0,3.0,2.0,0.0,0.0,1.0,0.5,0.5,1.25,1.75,331.0,0.844,372.0,5.0,0.0,0.0,0.0,0.0,0.0,H/8,
Jason Frasor,26.0,TOR,AL,0.0,4.0,0.0,0.0,0.0,0.0,0.0,0.0,0.0,0.0,0.0,0.0,0.0,0.0,,,,,,,,0.0,0.0,0.0,0.0,0.0,0.0,1,
Jason Giambi*,33.0,NYY,AL,-0.1,80.0,322.0,264.0,33.0,55.0,9.0,0.0,12.0,40.0,0.0,1.0,47.0,62.0,0.208,0.342,0.379,0.72,90.0,0.329,92.0,100.0,5.0,8.0,0.0,3.0,1.0,3D/H,AS
Jason Grabowski*,28.0,LAD,NL,-0.8,113.0,192.0,173.0,18.0,38.0,7.0,0.0,7.0,20.0,0.0,0.0,19.0,50.0,0.22,0.297,0.382,0.678,78.0,0.301,74.0,66.0,4.0,0.0,0.0,0.0,0.0,H7/39D,
Jason Grimsley,36.0,2TM,AL,0.0,5.0,0.0,0.0,0.0,0.0,0.0,0.0,0.0,0.0,0.0,0.0,0.0,0.0,,,,,,,,0.0,0.0,0.0,0.0,0.0,0.0,1,
Jason Grimsley,36.0,KCR,AL,0.0,3.0,0.0,0.0,0.0,0.0,0.0,0.0,0.0,0.0,0.0,0.0,0.0,0.0,,,,,,,,0.0,0.0,0.0,0.0,0.0,0.0,1,
Jason Grimsley,36.0,BAL,AL,0.0,2.0,0.0,0.0,0.0,0.0,0.0,0.0,0.0,0.0,0.0,0.0,0.0,0.0,,,,,,,,0.0,0.0,0.0,0.0,0.0,0.0,1,
Jason Isringhausen,31.0,STL,NL,0.0,71.0,3.0,3.0,1.0,1.0,0.0,0.0,0.0,2.0,0.0,0.0,0.0,2.0,0.333,0.333,0.333,0.667,75.0,0.302,71.0,1.0,0.0,0.0,0.0,0.0,0.0,1,
Jason Jennings*,25.0,COL,NL,0.6,35.0,78.0,71.0,3.0,17.0,4.0,0.0,1.0,6.0,0.0,0.0,2.0,16.0,0.239,0.26,0.338,0.598,46.0,0.287,44.0,24.0,1.0,0.0,5.0,0.0,0.0,1/H,
Jason Johnson,30.0,DET,AL,-0.1,1.0,4.0,3.0,0.0,0.0,0.0,0.0,0.0,0.0,0.0,0.0,0.0,2.0,0.0,0.0,0.0,0.0,-100.0,0.0,-208.0,0.0,0.0,0.0,1.0,0.0,0.0,1,
Jason Kendall,30.0,PIT,NL,3.9,147.0,658.0,574.0,86.0,183.0,32.0,0.0,3.0,51.0,11.0,8.0,60.0,41.0,0.319,0.399,0.39,0.789,107.0,0.365,117.0,224.0,12.0,19.0,1.0,4.0,2.0,*2/H,
Jason Kershner*,27.0,TOR,AL,0.0,1.0,0.0,0.0,0.0,0.0,0.0,0.0,0.0,0.0,0.0,0.0,0.0,0.0,,,,,,,,0.0,0.0,0.0,0.0,0.0,0.0,1,
Jason Kubel*,22.0,MIN,AL,0.3,23.0,67.0,60.0,10.0,18.0,2.0,0.0,2.0,7.0,1.0,1.0,6.0,9.0,0.3,0.358,0.433,0.792,104.0,0.359,111.0,26.0,0.0,0.0,0.0,1.0,0.0,/D9H7,
Jason Lane,27.0,HOU,NL,0.3,107.0,156.0,136.0,21.0,37.0,10.0,2.0,4.0,19.0,1.0,0.0,16.0,33.0,0.272,0.348,0.463,0.812,107.0,0.359,108.0,63.0,2.0,1.0,1.0,2.0,0.0,H798/3,
Jason LaRue,30.0,CIN,NL,2.6,114.0,445.0,390.0,46.0,98.0,24.0,2.0,14.0,55.0,0.0,2.0,26.0,108.0,0.251,0.334,0.431,0.765,99.0,0.335,98.0,168.0,7.0,24.0,2.0,3.0,5.0,*2/H9D,
Jason Marquis*,25.0,STL,NL,0.7,34.0,76.0,72.0,6.0,21.0,6.0,0.0,0.0,9.0,1.0,0.0,1.0,17.0,0.292,0.297,0.375,0.672,74.0,0.294,61.0,27.0,3.0,0.0,2.0,1.0,0.0,1/H,
Jason Michaels,28.0,PHI,NL,0.6,115.0,346.0,299.0,44.0,82.0,12.0,0.0,10.0,40.0,2.0,2.0,42.0,80.0,0.274,0.364,0.415,0.779,98.0,0.351,101.0,124.0,3.0,2.0,0.0,3.0,1.0,87H9/D,
Jason Phillips,27.0,NYM,NL,-0.6,128.0,412.0,362.0,34.0,79.0,18.0,0.0,7.0,34.0,0.0,1.0,35.0,42.0,0.218,0.298,0.326,0.624,63.0,0.281,57.0,118.0,11.0,8.0,2.0,5.0,4.0,23H,
Jason Romano,25.0,2TM,2LG,-0.3,26.0,37.0,34.0,3.0,5.0,0.0,0.0,1.0,4.0,0.0,0.0,2.0,12.0,0.147,0.194,0.235,0.43,13.0,0.19,-10.0,8.0,0.0,0.0,1.0,0.0,0.0,H/9847,
Jason Romano,25.0,TBD,AL,0.0,4.0,8.0,8.0,0.0,1.0,0.0,0.0,0.0,1.0,0.0,0.0,0.0,2.0,0.125,0.125,0.125,0.25,-33.0,0.114,-57.0,1.0,0.0,0.0,0.0,0.0,0.0,/H47,
Jason Romano,25.0,CIN,NL,-0.3,22.0,29.0,26.0,3.0,4.0,0.0,0.0,1.0,3.0,0.0,0.0,2.0,10.0,0.154,0.214,0.269,0.484,26.0,0.212,4.0,7.0,0.0,0.0,1.0,0.0,0.0,H/98,
Jason Schmidt,31.0,SFG,NL,0.2,30.0,84.0,66.0,4.0,9.0,0.0,0.0,2.0,3.0,0.0,0.0,4.0,30.0,0.136,0.197,0.227,0.424,9.0,0.208,-17.0,15.0,0.0,1.0,13.0,0.0,0.0,1,"AS,CYA-4"
Jason Simontacchi,30.0,STL,NL,0.0,14.0,2.0,2.0,1.0,1.0,0.0,0.0,0.0,0.0,0.0,0.0,0.0,0.0,0.5,0.5,0.5,1.0,162.0,0.453,183.0,1.0,0.0,0.0,0.0,0.0,0.0,1/H7,
Jason Smith*,26.0,DET,AL,0.4,61.0,169.0,155.0,20.0,37.0,7.0,4.0,5.0,19.0,1.0,2.0,8.0,37.0,0.239,0.28,0.432,0.713,87.0,0.316,89.0,67.0,0.0,1.0,5.0,0.0,0.0,46H/5D,
Jason Szuminski,25.0,SDP,NL,0.0,7.0,1.0,1.0,0.0,0.0,0.0,0.0,0.0,0.0,0.0,0.0,0.0,1.0,0.0,0.0,0.0,0.0,-100.0,0.0,-133.0,0.0,0.0,0.0,0.0,0.0,0.0,/1,
Jason Varitek#,32.0,BOS,AL,4.0,137.0,536.0,463.0,67.0,137.0,30.0,1.0,18.0,73.0,10.0,3.0,62.0,126.0,0.296,0.39,0.482,0.872,121.0,0.384,121.0,223.0,11.0,10.0,0.0,1.0,9.0,*2H/D,MVP-30
Jason Young,24.0,COL,NL,-0.1,2.0,5.0,2.0,0.0,0.0,0.0,0.0,0.0,1.0,0.0,0.0,0.0,0.0,0.0,0.0,0.0,0.0,-100.0,0.0,-337.0,0.0,0.0,0.0,2.0,1.0,0.0,/1,
Javier López*,26.0,COL,NL,-0.1,58.0,3.0,2.0,0.0,0.0,0.0,0.0,0.0,0.0,0.0,0.0,0.0,2.0,0.0,0.0,0.0,0.0,-100.0,0.0,-300.0,0.0,0.0,0.0,1.0,0.0,0.0,1,
Javier Valentín#,28.0,CIN,NL,-0.4,82.0,222.0,202.0,18.0,47.0,10.0,1.0,6.0,20.0,0.0,0.0,17.0,36.0,0.233,0.293,0.381,0.674,75.0,0.291,64.0,77.0,4.0,1.0,0.0,2.0,3.0,2H/3,
Javier Vázquez,27.0,NYY,AL,0.1,2.0,5.0,4.0,1.0,1.0,1.0,0.0,0.0,0.0,0.0,0.0,0.0,0.0,0.25,0.25,0.5,0.75,91.0,0.31,72.0,2.0,1.0,0.0,1.0,0.0,0.0,1,AS
Javy López,33.0,BAL,AL,4.8,150.0,638.0,579.0,83.0,183.0,33.0,3.0,23.0,86.0,0.0,0.0,47.0,97.0,0.316,0.37,0.503,0.872,127.0,0.383,129.0,291.0,16.0,6.0,0.0,6.0,4.0,*2D/H,
Jay Gibbons*,27.0,BAL,AL,0.6,97.0,380.0,346.0,36.0,85.0,14.0,1.0,10.0,47.0,1.0,1.0,29.0,64.0,0.246,0.303,0.379,0.682,78.0,0.302,73.0,131.0,11.0,1.0,1.0,3.0,0.0,9D3/H,
Jay Payton,31.0,SDP,NL,1.9,143.0,511.0,458.0,57.0,119.0,17.0,4.0,8.0,55.0,2.0,0.0,43.0,56.0,0.26,0.326,0.367,0.693,88.0,0.31,86.0,168.0,12.0,4.0,2.0,4.0,2.0,*8H/7D,
Jay Witasick,31.0,SDP,NL,-0.1,41.0,5.0,5.0,0.0,0.0,0.0,0.0,0.0,0.0,0.0,0.0,0.0,1.0,0.0,0.0,0.0,0.0,-100.0,0.0,-136.0,0.0,1.0,0.0,0.0,0.0,0.0,1,
Jayson Werth,25.0,LAD,NL,3.0,89.0,326.0,290.0,56.0,76.0,11.0,3.0,16.0,47.0,4.0,1.0,30.0,85.0,0.262,0.338,0.486,0.825,115.0,0.368,122.0,141.0,1.0,4.0,1.0,1.0,0.0,79H/8D,
JD Closser#,24.0,COL,NL,0.3,36.0,124.0,113.0,5.0,36.0,6.0,0.0,1.0,10.0,0.0,0.0,6.0,22.0,0.319,0.364,0.398,0.762,88.0,0.355,95.0,45.0,3.0,2.0,3.0,0.0,0.0,2/H,
Jeff Bagwell,36.0,HOU,NL,3.7,156.0,679.0,572.0,104.0,152.0,29.0,2.0,27.0,89.0,6.0,4.0,96.0,131.0,0.266,0.377,0.465,0.842,116.0,0.379,125.0,266.0,12.0,8.0,0.0,3.0,6.0,*3/DH,
Jeff Bennett,24.0,MIL,NL,0.0,57.0,2.0,2.0,0.0,0.0,0.0,0.0,0.0,0.0,0.0,0.0,0.0,2.0,0.0,0.0,0.0,0.0,-100.0,0.0,-152.0,0.0,0.0,0.0,0.0,0.0,0.0,1,
Jeff Cirillo,34.0,SDP,NL,-0.4,33.0,81.0,75.0,12.0,16.0,3.0,0.0,1.0,7.0,0.0,0.0,5.0,14.0,0.213,0.259,0.293,0.553,50.0,0.254,46.0,22.0,0.0,0.0,0.0,1.0,0.0,H53/47,
Jeff Conine,38.0,FLA,NL,2.1,140.0,579.0,521.0,55.0,146.0,35.0,1.0,14.0,83.0,5.0,5.0,48.0,78.0,0.28,0.34,0.432,0.772,103.0,0.344,107.0,225.0,15.0,2.0,2.0,6.0,3.0,73/H,
Jeff DaVanon#,30.0,ANA,AL,1.7,108.0,337.0,285.0,41.0,79.0,11.0,4.0,7.0,34.0,18.0,3.0,46.0,54.0,0.277,0.372,0.418,0.79,109.0,0.357,106.0,119.0,2.0,0.0,1.0,5.0,2.0,897HD,
Jeff Duncan*,25.0,NYM,NL,0.0,13.0,17.0,15.0,2.0,1.0,0.0,0.0,0.0,1.0,3.0,0.0,1.0,5.0,0.067,0.125,0.067,0.192,-48.0,0.146,-84.0,1.0,0.0,0.0,1.0,0.0,0.0,H/78,
Jeff Fassero*,41.0,2TM,NL,0.0,38.0,24.0,21.0,3.0,4.0,0.0,0.0,0.0,1.0,0.0,0.0,1.0,9.0,0.19,0.227,0.19,0.418,5.0,0.188,-36.0,4.0,0.0,0.0,2.0,0.0,0.0,1,
Jeff Fassero*,41.0,COL,NL,0.0,37.0,24.0,21.0,3.0,4.0,0.0,0.0,0.0,1.0,0.0,0.0,1.0,9.0,0.19,0.227,0.19,0.418,5.0,0.188,-36.0,4.0,0.0,0.0,2.0,0.0,0.0,1,
Jeff Fassero*,41.0,ARI,NL,0.0,1.0,0.0,0.0,0.0,0.0,0.0,0.0,0.0,0.0,0.0,0.0,0.0,0.0,,,,,,,,0.0,0.0,0.0,0.0,0.0,0.0,/1,
Jeff Francis*,23.0,COL,NL,-0.2,7.0,14.0,10.0,1.0,0.0,0.0,0.0,0.0,0.0,0.0,0.0,0.0,4.0,0.0,0.0,0.0,0.0,-100.0,0.0,-265.0,0.0,0.0,0.0,4.0,0.0,0.0,/1,
Jeff Kent,36.0,HOU,NL,3.9,145.0,606.0,540.0,96.0,156.0,34.0,8.0,27.0,107.0,7.0,3.0,49.0,96.0,0.289,0.348,0.531,0.88,123.0,0.386,129.0,287.0,23.0,6.0,0.0,11.0,3.0,*4/HD,"AS,MVP-13"
Jeff Keppinger,24.0,NYM,NL,-0.2,33.0,123.0,116.0,9.0,33.0,2.0,0.0,3.0,9.0,2.0,1.0,6.0,7.0,0.284,0.317,0.379,0.696,81.0,0.314,81.0,44.0,6.0,0.0,0.0,1.0,0.0,4/H,
Jeff Liefer*,29.0,MIL,NL,-0.2,16.0,31.0,28.0,2.0,6.0,2.0,0.0,1.0,5.0,0.0,0.0,2.0,8.0,0.214,0.258,0.393,0.651,66.0,0.278,52.0,11.0,2.0,0.0,0.0,1.0,0.0,H/9D,
Jeff Suppan,29.0,STL,NL,-0.5,30.0,65.0,57.0,3.0,4.0,0.0,0.0,0.0,0.0,0.0,0.0,1.0,11.0,0.07,0.086,0.07,0.156,-59.0,0.09,-104.0,4.0,1.0,0.0,7.0,0.0,0.0,1,
Jeff Weaver,27.0,LAD,NL,0.4,33.0,78.0,70.0,3.0,15.0,2.0,1.0,0.0,2.0,0.0,0.0,1.0,26.0,0.214,0.225,0.271,0.497,31.0,0.228,13.0,19.0,0.0,0.0,7.0,0.0,0.0,1/H,
Jeffrey Hammonds,33.0,SFG,NL,-0.1,40.0,113.0,95.0,14.0,20.0,5.0,0.0,3.0,6.0,1.0,0.0,15.0,22.0,0.211,0.336,0.358,0.694,80.0,0.32,80.0,34.0,2.0,3.0,0.0,0.0,0.0,9H/78,
Jeremy Affeldt*,25.0,KCR,AL,0.0,2.0,0.0,0.0,0.0,0.0,0.0,0.0,0.0,0.0,0.0,0.0,0.0,0.0,,,,,,,,0.0,0.0,0.0,0.0,0.0,0.0,1,
Jeremy Bonderman,21.0,DET,AL,-0.1,3.0,7.0,7.0,0.0,0.0,0.0,0.0,0.0,0.0,0.0,0.0,0.0,4.0,0.0,0.0,0.0,0.0,-100.0,0.0,-133.0,0.0,0.0,0.0,0.0,0.0,0.0,1,
Jeremy Fikac,29.0,MON,NL,0.0,18.0,0.0,0.0,0.0,0.0,0.0,0.0,0.0,0.0,0.0,0.0,0.0,0.0,,,,,,,,0.0,0.0,0.0,0.0,0.0,0.0,1,
Jeremy Griffiths,26.0,HOU,NL,0.0,1.0,2.0,1.0,0.0,0.0,0.0,0.0,0.0,0.0,0.0,0.0,1.0,1.0,0.0,0.5,0.0,0.5,46.0,0.354,104.0,0.0,0.0,0.0,0.0,0.0,0.0,/1,
Jeremy Reed*,23.0,SEA,AL,1.0,18.0,66.0,58.0,11.0,23.0,4.0,0.0,0.0,5.0,3.0,1.0,7.0,4.0,0.397,0.47,0.466,0.935,149.0,0.433,164.0,27.0,2.0,1.0,0.0,0.0,1.0,8/H7,
Jeriome Robertson*,27.0,CLE,AL,0.0,2.0,0.0,0.0,0.0,0.0,0.0,0.0,0.0,0.0,0.0,0.0,0.0,0.0,,,,,,,,0.0,0.0,0.0,0.0,0.0,0.0,/1,
Jermaine Clark*,27.0,CIN,NL,-0.4,14.0,34.0,30.0,4.0,4.0,1.0,0.0,0.0,2.0,1.0,0.0,1.0,8.0,0.133,0.212,0.167,0.379,2.0,0.193,-14.0,5.0,0.0,2.0,1.0,0.0,0.0,/9H478,
Jermaine Dye,30.0,OAK,AL,1.4,137.0,590.0,532.0,87.0,141.0,29.0,4.0,23.0,80.0,4.0,2.0,49.0,128.0,0.265,0.329,0.464,0.793,105.0,0.351,105.0,247.0,16.0,4.0,0.0,5.0,4.0,*9/DH,
Jerome Williams,22.0,SFG,NL,-0.2,20.0,43.0,36.0,1.0,5.0,0.0,0.0,0.0,0.0,0.0,1.0,1.0,14.0,0.139,0.162,0.139,0.301,-21.0,0.123,-75.0,5.0,0.0,0.0,6.0,0.0,0.0,1,
Jeromy Burnitz*,35.0,COL,NL,1.3,150.0,606.0,540.0,94.0,153.0,30.0,4.0,37.0,110.0,5.0,6.0,58.0,124.0,0.283,0.356,0.559,0.916,121.0,0.386,121.0,302.0,7.0,5.0,0.0,3.0,7.0,*987/HD,MVP-23
Jerry Gil,21.0,ARI,NL,-0.9,29.0,88.0,86.0,3.0,15.0,2.0,1.0,0.0,8.0,2.0,0.0,0.0,33.0,0.174,0.182,0.221,0.403,2.0,0.181,-26.0,19.0,2.0,1.0,0.0,1.0,0.0,6/H,
Jerry Hairston,28.0,BAL,AL,0.7,86.0,334.0,287.0,43.0,87.0,19.0,1.0,2.0,24.0,13.0,8.0,29.0,29.0,0.303,0.378,0.397,0.775,105.0,0.352,110.0,114.0,3.0,8.0,6.0,4.0,1.0,9D847/H5,
Jesse Foppert,23.0,SFG,NL,0.0,1.0,0.0,0.0,0.0,0.0,0.0,0.0,0.0,0.0,0.0,0.0,0.0,0.0,,,,,,,,0.0,0.0,0.0,0.0,0.0,0.0,/1,
Jesse Garcia,30.0,ATL,NL,-0.8,50.0,118.0,115.0,14.0,29.0,4.0,1.0,1.0,10.0,1.0,2.0,1.0,16.0,0.252,0.265,0.33,0.595,53.0,0.268,48.0,38.0,2.0,1.0,1.0,0.0,0.0,6H4/5,
Jesús Colomé,26.0,TBD,AL,0.0,6.0,2.0,1.0,0.0,0.0,0.0,0.0,0.0,0.0,0.0,0.0,0.0,1.0,0.0,0.0,0.0,0.0,-100.0,0.0,-354.0,0.0,0.0,0.0,1.0,0.0,0.0,1,
Jesús Sánchez*,29.0,CIN,NL,-0.1,3.0,5.0,4.0,0.0,0.0,0.0,0.0,0.0,0.0,0.0,0.0,0.0,3.0,0.0,0.0,0.0,0.0,-100.0,0.0,-206.0,0.0,0.0,0.0,1.0,0.0,0.0,/1,
Jhonny Peralta,22.0,CLE,AL,-0.1,8.0,28.0,25.0,2.0,6.0,1.0,0.0,0.0,2.0,0.0,1.0,3.0,6.0,0.24,0.321,0.28,0.601,64.0,0.266,64.0,7.0,0.0,0.0,0.0,0.0,0.0,/65,
Jim Brower,31.0,SFG,NL,0.1,85.0,3.0,2.0,1.0,1.0,0.0,0.0,0.0,0.0,0.0,0.0,1.0,1.0,0.5,0.667,0.5,1.167,208.0,0.538,240.0,1.0,0.0,0.0,0.0,0.0,0.0,1,
Jim Crowell*,30.0,PHI,NL,0.0,4.0,0.0,0.0,0.0,0.0,0.0,0.0,0.0,0.0,0.0,0.0,0.0,0.0,,,,,,,,0.0,0.0,0.0,0.0,0.0,0.0,/1,
Jim Edmonds*,34.0,STL,NL,7.2,153.0,612.0,498.0,102.0,150.0,38.0,3.0,42.0,111.0,8.0,3.0,101.0,150.0,0.301,0.418,0.643,1.061,171.0,0.444,174.0,320.0,4.0,5.0,0.0,8.0,12.0,*8/H3D,"MVP-5,GG,SS"
Jim Mecir#,34.0,OAK,AL,0.0,4.0,0.0,0.0,0.0,0.0,0.0,0.0,0.0,0.0,0.0,0.0,0.0,0.0,,,,,,,,0.0,0.0,0.0,0.0,0.0,0.0,1,
Jim Thome*,33.0,PHI,NL,3.2,143.0,618.0,508.0,97.0,139.0,28.0,1.0,42.0,105.0,0.0,2.0,104.0,144.0,0.274,0.396,0.581,0.977,144.0,0.401,139.0,295.0,10.0,2.0,0.0,4.0,26.0,*3/DH,"AS,MVP-19"
Jimmy Anderson*,28.0,2TM,2LG,0.0,7.0,1.0,1.0,0.0,0.0,0.0,0.0,0.0,0.0,0.0,0.0,0.0,0.0,0.0,0.0,0.0,0.0,-100.0,0.0,-142.0,0.0,0.0,0.0,0.0,0.0,0.0,1,
Jimmy Anderson*,28.0,CHC,NL,0.0,6.0,1.0,1.0,0.0,0.0,0.0,0.0,0.0,0.0,0.0,0.0,0.0,0.0,0.0,0.0,0.0,0.0,-100.0,0.0,-142.0,0.0,0.0,0.0,0.0,0.0,0.0,/1,
Jimmy Anderson*,28.0,BOS,AL,0.0,1.0,0.0,0.0,0.0,0.0,0.0,0.0,0.0,0.0,0.0,0.0,0.0,0.0,,,,,,,,0.0,0.0,0.0,0.0,0.0,0.0,/1,
Jimmy Gobble*,22.0,KCR,AL,0.0,1.0,2.0,2.0,0.0,0.0,0.0,0.0,0.0,0.0,0.0,0.0,0.0,1.0,0.0,0.0,0.0,0.0,-100.0,0.0,-140.0,0.0,0.0,0.0,0.0,0.0,0.0,1,
Jimmy Haynes,31.0,CIN,NL,-0.1,5.0,4.0,4.0,0.0,0.0,0.0,0.0,0.0,0.0,0.0,0.0,0.0,4.0,0.0,0.0,0.0,0.0,-100.0,0.0,-145.0,0.0,0.0,0.0,0.0,0.0,0.0,/1,
Jimmy Rollins#,25.0,PHI,NL,4.7,154.0,725.0,657.0,119.0,190.0,43.0,12.0,14.0,73.0,30.0,9.0,57.0,73.0,0.289,0.348,0.455,0.803,102.0,0.361,104.0,299.0,4.0,3.0,6.0,2.0,3.0,*6,MVP-30
Joaquin Benoit,26.0,TEX,AL,-0.1,2.0,6.0,6.0,1.0,0.0,0.0,0.0,0.0,0.0,0.0,0.0,0.0,4.0,0.0,0.0,0.0,0.0,-100.0,0.0,-148.0,0.0,0.0,0.0,0.0,0.0,0.0,1,
Jody Gerut*,26.0,CLE,AL,0.6,134.0,548.0,481.0,72.0,121.0,31.0,5.0,11.0,51.0,13.0,6.0,54.0,59.0,0.252,0.334,0.405,0.739,97.0,0.334,99.0,195.0,9.0,7.0,3.0,3.0,4.0,*98/H7D,
Joe Borchard#,25.0,CHW,AL,-0.5,63.0,222.0,201.0,26.0,35.0,4.0,1.0,9.0,20.0,1.0,0.0,19.0,57.0,0.174,0.249,0.338,0.587,50.0,0.28,52.0,68.0,4.0,1.0,1.0,0.0,1.0,9/HD8,
Joe Borowski,33.0,CHC,NL,0.0,22.0,0.0,0.0,0.0,0.0,0.0,0.0,0.0,0.0,0.0,0.0,0.0,0.0,,,,,,,,0.0,0.0,0.0,0.0,0.0,0.0,1,
Joe Crede,26.0,CHW,AL,0.2,144.0,543.0,490.0,67.0,117.0,25.0,0.0,21.0,69.0,1.0,2.0,34.0,81.0,0.239,0.299,0.418,0.717,83.0,0.318,81.0,205.0,14.0,10.0,4.0,5.0,0.0,*5,
Joe Hietpas,25.0,NYM,NL,0.0,1.0,0.0,0.0,0.0,0.0,0.0,0.0,0.0,0.0,0.0,0.0,0.0,0.0,,,,,,,,0.0,0.0,0.0,0.0,0.0,0.0,/2,
Joe Horgan*,27.0,MON,NL,0.0,45.0,4.0,4.0,0.0,1.0,0.0,0.0,0.0,1.0,0.0,0.0,0.0,1.0,0.25,0.25,0.25,0.5,28.0,0.227,11.0,1.0,0.0,0.0,0.0,0.0,0.0,1,
Joe Kennedy,25.0,COL,NL,-0.2,25.0,54.0,48.0,2.0,6.0,1.0,1.0,0.0,4.0,0.0,0.0,2.0,14.0,0.125,0.16,0.188,0.348,-15.0,0.155,-60.0,9.0,0.0,0.0,4.0,0.0,0.0,1,
Joe Mauer*,21.0,MIN,AL,1.4,35.0,122.0,107.0,18.0,33.0,8.0,1.0,6.0,17.0,1.0,0.0,11.0,14.0,0.308,0.369,0.57,0.939,138.0,0.411,143.0,61.0,1.0,1.0,0.0,3.0,0.0,2/HD,
Joe McEwing,31.0,NYM,NL,-0.2,75.0,154.0,138.0,17.0,35.0,3.0,1.0,1.0,16.0,4.0,1.0,9.0,32.0,0.254,0.297,0.312,0.609,60.0,0.275,46.0,43.0,0.0,0.0,6.0,1.0,4.0,4H63/7859,
Joe Nathan,29.0,MIN,AL,0.0,4.0,1.0,1.0,0.0,0.0,0.0,0.0,0.0,0.0,0.0,0.0,0.0,0.0,0.0,0.0,0.0,0.0,-100.0,0.0,-131.0,0.0,0.0,0.0,0.0,0.0,0.0,1,"AS,CYA-4,MVP-12"
Joe Randa,34.0,KCR,AL,2.7,128.0,539.0,485.0,65.0,139.0,31.0,2.0,8.0,56.0,0.0,1.0,40.0,77.0,0.287,0.343,0.408,0.751,95.0,0.338,95.0,198.0,11.0,6.0,0.0,8.0,1.0,*5/D3H,
Joe Roa,32.0,MIN,AL,0.0,3.0,0.0,0.0,0.0,0.0,0.0,0.0,0.0,0.0,0.0,0.0,0.0,0.0,,,,,,,,0.0,0.0,0.0,0.0,0.0,0.0,1,
Joe Thurston*,24.0,LAD,NL,-0.1,17.0,18.0,17.0,1.0,3.0,1.0,1.0,0.0,1.0,0.0,0.0,0.0,5.0,0.176,0.167,0.353,0.52,32.0,0.206,6.0,6.0,0.0,0.0,0.0,1.0,0.0,H/4,
Joe Valentine,24.0,CIN,NL,0.0,23.0,1.0,1.0,0.0,0.0,0.0,0.0,0.0,0.0,0.0,0.0,0.0,0.0,0.0,0.0,0.0,0.0,-100.0,0.0,-142.0,0.0,0.0,0.0,0.0,0.0,0.0,1,
Joel Piñeiro,25.0,SEA,AL,0.0,2.0,5.0,5.0,0.0,1.0,1.0,0.0,0.0,0.0,0.0,0.0,0.0,1.0,0.2,0.2,0.4,0.6,53.0,0.248,37.0,2.0,0.0,0.0,0.0,0.0,0.0,1,
Joey Eischen*,34.0,MON,NL,0.2,22.0,4.0,3.0,2.0,2.0,0.0,0.0,0.0,0.0,0.0,0.0,0.0,0.0,0.667,0.667,0.667,1.333,242.0,0.604,346.0,2.0,0.0,0.0,1.0,0.0,0.0,1/H,
Joey Gathright*,23.0,TBD,AL,-0.5,19.0,57.0,52.0,11.0,13.0,0.0,0.0,0.0,1.0,6.0,1.0,2.0,14.0,0.25,0.316,0.25,0.566,53.0,0.296,59.0,13.0,2.0,3.0,0.0,0.0,0.0,8/7H9D,
Johan Santana*,25.0,MIN,AL,0.1,2.0,8.0,8.0,0.0,3.0,0.0,0.0,0.0,2.0,0.0,0.0,0.0,1.0,0.375,0.375,0.375,0.75,96.0,0.342,96.0,3.0,0.0,0.0,0.0,0.0,0.0,1,"CYA-1,MVP-6"
John Buck,23.0,KCR,AL,0.0,71.0,258.0,238.0,36.0,56.0,9.0,0.0,12.0,30.0,1.0,1.0,15.0,79.0,0.235,0.28,0.424,0.704,80.0,0.304,71.0,101.0,6.0,0.0,4.0,1.0,0.0,2/D,ROY-8
John Flaherty,36.0,NYY,AL,-0.1,47.0,135.0,127.0,11.0,32.0,9.0,0.0,6.0,16.0,0.0,2.0,5.0,25.0,0.252,0.286,0.465,0.75,93.0,0.32,90.0,59.0,5.0,1.0,2.0,0.0,2.0,2/H,
John Franco*,43.0,NYM,NL,0.0,50.0,0.0,0.0,0.0,0.0,0.0,0.0,0.0,0.0,0.0,0.0,0.0,0.0,,,,,,,,0.0,0.0,0.0,0.0,0.0,0.0,1,
John Grabow*,25.0,PIT,NL,0.0,64.0,1.0,1.0,0.0,0.0,0.0,0.0,0.0,0.0,0.0,0.0,0.0,0.0,0.0,0.0,0.0,0.0,-100.0,0.0,-142.0,0.0,0.0,0.0,0.0,0.0,0.0,1,
John Halama*,32.0,TBD,AL,-0.1,2.0,3.0,3.0,0.0,0.0,0.0,0.0,0.0,0.0,0.0,0.0,0.0,1.0,0.0,0.0,0.0,0.0,-100.0,0.0,-134.0,0.0,1.0,0.0,0.0,0.0,0.0,1,
John Lackey,25.0,ANA,AL,0.0,2.0,2.0,2.0,0.0,0.0,0.0,0.0,0.0,0.0,0.0,0.0,0.0,1.0,0.0,0.0,0.0,0.0,-100.0,0.0,-136.0,0.0,0.0,0.0,0.0,0.0,0.0,1,
John Mabry*,33.0,STL,NL,-0.2,87.0,275.0,240.0,32.0,71.0,11.0,0.0,13.0,40.0,0.0,1.0,26.0,63.0,0.296,0.363,0.504,0.867,123.0,0.369,120.0,121.0,6.0,1.0,5.0,3.0,5.0,7953H/8,
John McDonald,29.0,CLE,AL,0.4,66.0,100.0,93.0,17.0,19.0,5.0,1.0,2.0,7.0,0.0,0.0,4.0,11.0,0.204,0.237,0.344,0.581,53.0,0.251,40.0,32.0,2.0,0.0,3.0,0.0,0.0,6H4/5D,
John Olerud*,35.0,2TM,AL,1.0,127.0,500.0,425.0,45.0,110.0,20.0,1.0,9.0,48.0,0.0,0.0,61.0,61.0,0.259,0.359,0.374,0.733,94.0,0.332,93.0,159.0,11.0,8.0,1.0,5.0,4.0,*3/H,
John Olerud*,35.0,SEA,AL,0.5,78.0,312.0,261.0,29.0,64.0,13.0,1.0,5.0,22.0,0.0,0.0,40.0,41.0,0.245,0.354,0.36,0.714,90.0,0.325,89.0,94.0,6.0,6.0,1.0,4.0,3.0,3/H,
John Olerud*,35.0,NYY,AL,0.6,49.0,188.0,164.0,16.0,46.0,7.0,0.0,4.0,26.0,0.0,0.0,21.0,20.0,0.28,0.367,0.396,0.763,101.0,0.343,101.0,65.0,5.0,2.0,0.0,1.0,1.0,3/H,
John Parrish*,26.0,BAL,AL,0.0,6.0,1.0,1.0,0.0,0.0,0.0,0.0,0.0,0.0,0.0,0.0,0.0,0.0,0.0,0.0,0.0,0.0,-100.0,0.0,-131.0,0.0,0.0,0.0,0.0,0.0,0.0,1,
John Patterson,26.0,MON,NL,-0.2,19.0,39.0,33.0,0.0,4.0,0.0,0.0,0.0,1.0,0.0,0.0,1.0,17.0,0.121,0.147,0.121,0.268,-30.0,0.127,-84.0,4.0,2.0,0.0,5.0,0.0,0.0,1,
John Riedling,28.0,CIN,NL,0.0,67.0,3.0,3.0,0.0,0.0,0.0,0.0,0.0,0.0,0.0,0.0,0.0,1.0,0.0,0.0,0.0,0.0,-100.0,0.0,-146.0,0.0,0.0,0.0,0.0,0.0,0.0,1,
John Smoltz,37.0,ATL,NL,0.0,69.0,2.0,2.0,0.0,0.0,0.0,0.0,0.0,0.0,0.0,0.0,0.0,2.0,0.0,0.0,0.0,0.0,-100.0,0.0,-157.0,0.0,0.0,0.0,0.0,0.0,0.0,1,MVP-21
John Thomson,30.0,ATL,NL,0.0,31.0,76.0,66.0,3.0,13.0,1.0,0.0,0.0,4.0,0.0,0.0,0.0,24.0,0.197,0.197,0.212,0.409,6.0,0.184,-35.0,14.0,2.0,0.0,10.0,0.0,0.0,1,
John Van Benschoten,24.0,PIT,NL,0.2,6.0,11.0,8.0,2.0,1.0,0.0,0.0,1.0,2.0,0.0,0.0,1.0,3.0,0.125,0.222,0.5,0.722,80.0,0.3,62.0,4.0,0.0,0.0,2.0,0.0,0.0,/1,
John Vander Wal*,38.0,CIN,NL,-0.3,42.0,55.0,51.0,2.0,6.0,2.0,0.0,2.0,4.0,0.0,0.0,4.0,20.0,0.118,0.182,0.275,0.456,18.0,0.219,12.0,14.0,0.0,0.0,0.0,0.0,0.0,H/93,
John Wasdin,31.0,TEX,AL,-0.1,1.0,3.0,3.0,0.0,0.0,0.0,0.0,0.0,0.0,0.0,0.0,0.0,3.0,0.0,0.0,0.0,0.0,-100.0,0.0,-145.0,0.0,0.0,0.0,0.0,0.0,0.0,1,
Johnny Damon*,30.0,BOS,AL,4.3,150.0,702.0,621.0,123.0,189.0,35.0,6.0,20.0,94.0,19.0,8.0,76.0,71.0,0.304,0.38,0.477,0.857,117.0,0.385,122.0,296.0,8.0,2.0,0.0,3.0,1.0,*8/HD,MVP-16
Johnny Estrada#,28.0,ATL,NL,2.0,134.0,517.0,462.0,56.0,145.0,36.0,0.0,9.0,76.0,0.0,0.0,39.0,66.0,0.314,0.378,0.45,0.828,113.0,0.367,115.0,208.0,18.0,11.0,1.0,4.0,7.0,*2H,"AS,MVP-18,SS"
Jolbert Cabrera,31.0,SEA,AL,0.4,113.0,391.0,359.0,38.0,97.0,19.0,2.0,6.0,47.0,10.0,3.0,16.0,70.0,0.27,0.312,0.384,0.696,83.0,0.309,77.0,138.0,13.0,8.0,3.0,5.0,1.0,53746H/D89,
Jon Adkins*,26.0,CHW,AL,0.0,3.0,0.0,0.0,0.0,0.0,0.0,0.0,0.0,0.0,0.0,0.0,0.0,0.0,,,,,,,,0.0,0.0,0.0,0.0,0.0,0.0,1,
Jon Garland,24.0,CHW,AL,0.0,2.0,5.0,4.0,0.0,1.0,0.0,0.0,0.0,0.0,0.0,0.0,0.0,0.0,0.25,0.25,0.25,0.5,30.0,0.205,-24.0,1.0,0.0,0.0,1.0,0.0,0.0,1,
Jon Knott,25.0,SDP,NL,0.0,9.0,15.0,14.0,1.0,3.0,2.0,0.0,0.0,1.0,0.0,0.0,1.0,5.0,0.214,0.267,0.357,0.624,67.0,0.274,60.0,5.0,0.0,0.0,0.0,0.0,0.0,/H7,
Jon Leicester,25.0,CHC,NL,0.0,30.0,1.0,1.0,0.0,0.0,0.0,0.0,0.0,0.0,0.0,0.0,0.0,0.0,0.0,0.0,0.0,0.0,-100.0,0.0,-142.0,0.0,0.0,0.0,0.0,0.0,0.0,1,
Jon Lieber*,34.0,NYY,AL,0.0,1.0,3.0,3.0,0.0,1.0,0.0,0.0,0.0,0.0,0.0,0.0,0.0,0.0,0.333,0.333,0.333,0.667,77.0,0.304,74.0,1.0,1.0,0.0,0.0,0.0,0.0,1,
Jon Rauch,25.0,MON,NL,0.1,9.0,6.0,6.0,1.0,1.0,0.0,0.0,1.0,2.0,0.0,0.0,0.0,4.0,0.167,0.167,0.667,0.833,98.0,0.332,87.0,4.0,0.0,0.0,0.0,0.0,0.0,/1,
Jonny Gomes,23.0,TBD,AL,-0.3,5.0,15.0,14.0,0.0,1.0,0.0,0.0,0.0,1.0,0.0,0.0,1.0,6.0,0.071,0.133,0.071,0.205,-43.0,0.109,-60.0,1.0,0.0,0.0,0.0,0.0,0.0,/DH,
Jorge Cantú,22.0,TBD,AL,0.9,50.0,185.0,173.0,25.0,52.0,20.0,1.0,2.0,17.0,0.0,0.0,9.0,44.0,0.301,0.341,0.462,0.803,111.0,0.362,116.0,80.0,5.0,2.0,0.0,1.0,0.0,45/DH6,
Jorge De La Rosa*,23.0,MIL,NL,-0.1,5.0,7.0,6.0,0.0,0.0,0.0,0.0,0.0,0.0,0.0,0.0,0.0,6.0,0.0,0.0,0.0,0.0,-100.0,0.0,-191.0,0.0,0.0,0.0,1.0,0.0,0.0,/1,
Jorge Julio,25.0,BAL,AL,0.0,4.0,0.0,0.0,0.0,0.0,0.0,0.0,0.0,0.0,0.0,0.0,0.0,0.0,,,,,,,,0.0,0.0,0.0,0.0,0.0,0.0,1,
Jorge Piedra*,25.0,COL,NL,-0.2,38.0,98.0,91.0,15.0,27.0,8.0,0.0,3.0,10.0,0.0,1.0,5.0,19.0,0.297,0.34,0.484,0.824,100.0,0.351,97.0,44.0,1.0,1.0,1.0,0.0,0.0,87H/9,
Jorge Posada#,33.0,NYY,AL,3.5,137.0,547.0,449.0,72.0,122.0,31.0,0.0,21.0,81.0,1.0,3.0,88.0,92.0,0.272,0.4,0.481,0.881,131.0,0.394,138.0,216.0,24.0,9.0,0.0,1.0,5.0,*2H,
Jorge Sosa,26.0,TBD,AL,0.0,3.0,0.0,0.0,0.0,0.0,0.0,0.0,0.0,0.0,0.0,0.0,0.0,0.0,,,,,,,,0.0,0.0,0.0,0.0,0.0,0.0,1,
Jose Flores,31.0,LAD,NL,0.0,9.0,5.0,4.0,0.0,1.0,0.0,0.0,0.0,0.0,0.0,0.0,1.0,2.0,0.25,0.4,0.25,0.65,78.0,0.304,76.0,1.0,0.0,0.0,0.0,0.0,0.0,/H45,
Josh Bard#,26.0,CLE,AL,0.3,7.0,23.0,19.0,5.0,8.0,2.0,0.0,1.0,4.0,0.0,0.0,3.0,0.0,0.421,0.478,0.684,1.162,207.0,0.481,201.0,13.0,0.0,0.0,0.0,1.0,0.0,/2,
Josh Beckett,24.0,FLA,NL,0.1,26.0,55.0,44.0,2.0,7.0,1.0,0.0,0.0,2.0,0.0,0.0,2.0,18.0,0.159,0.196,0.182,0.377,1.0,0.196,-22.0,8.0,0.0,0.0,9.0,0.0,0.0,1,
Josh Fogg,27.0,PIT,NL,-0.5,31.0,64.0,53.0,1.0,4.0,1.0,0.0,0.0,3.0,0.0,0.0,0.0,13.0,0.075,0.075,0.094,0.17,-56.0,0.092,-118.0,5.0,0.0,0.0,11.0,0.0,0.0,1,
Josh Hancock,26.0,2TM,NL,0.1,16.0,21.0,17.0,1.0,2.0,0.0,0.0,0.0,1.0,0.0,0.0,3.0,12.0,0.118,0.25,0.118,0.368,1.0,0.197,-9.0,2.0,0.0,0.0,1.0,0.0,0.0,1,
Josh Hancock,26.0,PHI,NL,0.0,4.0,2.0,2.0,0.0,0.0,0.0,0.0,0.0,0.0,0.0,0.0,0.0,1.0,0.0,0.0,0.0,0.0,-100.0,0.0,-157.0,0.0,0.0,0.0,0.0,0.0,0.0,/1,
Josh Hancock,26.0,CIN,NL,0.1,12.0,19.0,15.0,1.0,2.0,0.0,0.0,0.0,1.0,0.0,0.0,3.0,11.0,0.133,0.278,0.133,0.411,13.0,0.219,7.0,2.0,0.0,0.0,1.0,0.0,0.0,1,
Josh Kroeger*,21.0,ARI,NL,-0.6,22.0,55.0,54.0,5.0,9.0,3.0,0.0,0.0,2.0,0.0,1.0,1.0,21.0,0.167,0.182,0.222,0.404,2.0,0.169,-25.0,12.0,2.0,0.0,0.0,0.0,0.0,7/9H8,
Josh Labandeira,25.0,MON,NL,-0.7,7.0,14.0,14.0,0.0,0.0,0.0,0.0,0.0,0.0,0.0,0.0,0.0,4.0,0.0,0.0,0.0,0.0,-100.0,0.0,-153.0,0.0,1.0,0.0,0.0,0.0,0.0,/6H4,
Josh Paul,29.0,ANA,AL,-0.1,46.0,81.0,70.0,11.0,17.0,3.0,0.0,2.0,10.0,2.0,1.0,7.0,17.0,0.243,0.308,0.371,0.679,79.0,0.309,78.0,26.0,2.0,0.0,3.0,1.0,0.0,2H/7D,
Josh Pearce,26.0,STL,NL,0.0,3.0,0.0,0.0,0.0,0.0,0.0,0.0,0.0,0.0,0.0,0.0,0.0,0.0,,,,,,,,0.0,0.0,0.0,0.0,0.0,0.0,/1,
Josh Phelps,26.0,2TM,AL,0.0,103.0,401.0,371.0,51.0,93.0,19.0,2.0,17.0,61.0,0.0,0.0,22.0,93.0,0.251,0.304,0.45,0.754,92.0,0.334,91.0,167.0,13.0,7.0,0.0,1.0,2.0,D3/H,
Josh Phelps,26.0,TOR,AL,-0.4,79.0,321.0,295.0,38.0,70.0,13.0,2.0,12.0,51.0,0.0,0.0,18.0,73.0,0.237,0.296,0.417,0.713,80.0,0.318,77.0,123.0,9.0,7.0,0.0,1.0,2.0,D3/H,
Josh Phelps,26.0,CLE,AL,0.4,24.0,80.0,76.0,13.0,23.0,6.0,0.0,5.0,10.0,0.0,0.0,4.0,20.0,0.303,0.338,0.579,0.916,139.0,0.398,143.0,44.0,4.0,0.0,0.0,0.0,0.0,D/3H,
Josh Towers,27.0,TOR,AL,-0.1,1.0,3.0,1.0,0.0,0.0,0.0,0.0,0.0,0.0,0.0,0.0,0.0,0.0,0.0,0.0,0.0,0.0,-100.0,0.0,-608.0,0.0,1.0,0.0,2.0,0.0,0.0,1,
Josh Willingham,25.0,FLA,NL,-0.3,12.0,29.0,25.0,2.0,5.0,0.0,0.0,1.0,1.0,0.0,0.0,4.0,8.0,0.2,0.31,0.32,0.63,68.0,0.285,62.0,8.0,1.0,0.0,0.0,0.0,0.0,/H27,
José Acevedo,26.0,CIN,NL,-0.4,38.0,52.0,43.0,0.0,2.0,0.0,0.0,0.0,1.0,0.0,0.0,3.0,26.0,0.047,0.106,0.047,0.153,-58.0,0.084,-105.0,2.0,1.0,0.0,5.0,1.0,0.0,1,
José Bautista,23.0,4TM,2LG,-0.9,64.0,96.0,88.0,6.0,18.0,3.0,0.0,0.0,2.0,0.0,1.0,7.0,40.0,0.205,0.263,0.239,0.502,33.0,0.248,36.0,21.0,1.0,0.0,1.0,0.0,0.0,H95/78D,
José Bautista,23.0,3TM,AL,-0.6,41.0,53.0,48.0,5.0,10.0,1.0,0.0,0.0,2.0,0.0,1.0,5.0,22.0,0.208,0.283,0.229,0.512,37.0,0.234,31.0,11.0,0.0,0.0,0.0,0.0,0.0,H59/7D,
José Bautista,23.0,BAL,AL,-0.2,16.0,12.0,11.0,3.0,3.0,0.0,0.0,0.0,0.0,0.0,0.0,1.0,3.0,0.273,0.333,0.273,0.606,63.0,0.288,62.0,3.0,0.0,0.0,0.0,0.0,0.0,H/95D,
José Bautista,23.0,TBD,AL,-0.2,12.0,15.0,12.0,1.0,2.0,0.0,0.0,0.0,1.0,0.0,1.0,3.0,7.0,0.167,0.333,0.167,0.5,39.0,0.224,45.0,2.0,0.0,0.0,0.0,0.0,0.0,/H795D,
José Bautista,23.0,KCR,AL,-0.3,13.0,26.0,25.0,1.0,5.0,1.0,0.0,0.0,1.0,0.0,0.0,1.0,12.0,0.2,0.231,0.24,0.471,23.0,0.216,9.0,6.0,0.0,0.0,0.0,0.0,0.0,5/H9,
José Bautista,23.0,PIT,NL,-0.3,23.0,43.0,40.0,1.0,8.0,2.0,0.0,0.0,0.0,0.0,0.0,2.0,18.0,0.2,0.238,0.25,0.488,28.0,0.266,43.0,10.0,1.0,0.0,1.0,0.0,0.0,H/98,
José Capellán,23.0,ATL,NL,0.0,3.0,2.0,2.0,0.0,0.0,0.0,0.0,0.0,0.0,0.0,0.0,0.0,1.0,0.0,0.0,0.0,0.0,-100.0,0.0,-157.0,0.0,0.0,0.0,0.0,0.0,0.0,/1,
José Castillo,23.0,PIT,NL,-0.6,129.0,414.0,383.0,44.0,98.0,15.0,2.0,8.0,39.0,3.0,2.0,23.0,92.0,0.256,0.298,0.368,0.666,72.0,0.298,67.0,141.0,12.0,1.0,5.0,2.0,5.0,*4/H6,
José Contreras,32.0,NYY,AL,-0.1,3.0,8.0,8.0,0.0,0.0,0.0,0.0,0.0,0.0,0.0,0.0,0.0,5.0,0.0,0.0,0.0,0.0,-100.0,0.0,-138.0,0.0,0.0,0.0,0.0,0.0,0.0,1,
José Cruz#,30.0,TBD,AL,1.7,153.0,636.0,545.0,76.0,132.0,25.0,8.0,21.0,78.0,11.0,6.0,76.0,117.0,0.242,0.333,0.433,0.766,101.0,0.336,98.0,236.0,6.0,2.0,5.0,8.0,8.0,*9/H8,
José Guillén,28.0,ANA,AL,3.1,148.0,621.0,565.0,88.0,166.0,28.0,3.0,27.0,104.0,5.0,4.0,37.0,92.0,0.294,0.352,0.497,0.849,121.0,0.37,122.0,281.0,14.0,15.0,0.0,3.0,5.0,*7D/9H,
José Hernández,34.0,LAD,NL,1.9,95.0,238.0,211.0,32.0,61.0,12.0,1.0,13.0,29.0,3.0,1.0,26.0,61.0,0.289,0.37,0.54,0.91,137.0,0.392,139.0,114.0,3.0,1.0,0.0,0.0,6.0,4H65/73,
José Jiménez,30.0,CLE,AL,0.0,2.0,0.0,0.0,0.0,0.0,0.0,0.0,0.0,0.0,0.0,0.0,0.0,0.0,,,,,,,,0.0,0.0,0.0,0.0,0.0,0.0,1,
José León,27.0,BAL,AL,-0.3,31.0,69.0,66.0,4.0,12.0,2.0,0.0,2.0,8.0,0.0,0.0,2.0,19.0,0.182,0.203,0.303,0.506,31.0,0.231,23.0,20.0,6.0,0.0,0.0,1.0,0.0,3H/5D,
José Lima,31.0,LAD,NL,0.0,37.0,57.0,48.0,1.0,9.0,0.0,0.0,0.0,2.0,0.0,0.0,1.0,19.0,0.188,0.204,0.188,0.392,5.0,0.179,-33.0,9.0,2.0,0.0,8.0,0.0,0.0,1/H,
José López,20.0,SEA,AL,0.3,57.0,218.0,207.0,28.0,48.0,13.0,0.0,5.0,22.0,0.0,1.0,8.0,31.0,0.232,0.263,0.367,0.63,64.0,0.309,79.0,76.0,1.0,1.0,1.0,1.0,0.0,6/5H,
José Macías#,32.0,CHC,NL,-0.2,98.0,204.0,194.0,23.0,52.0,6.0,3.0,3.0,22.0,4.0,1.0,5.0,38.0,0.268,0.292,0.376,0.668,70.0,0.298,63.0,73.0,2.0,2.0,2.0,1.0,0.0,H549/78,
José Mesa,38.0,PIT,NL,0.0,68.0,0.0,0.0,0.0,0.0,0.0,0.0,0.0,0.0,0.0,0.0,0.0,0.0,,,,,,,,0.0,0.0,0.0,0.0,0.0,0.0,1,
José Molina,29.0,ANA,AL,0.7,73.0,218.0,203.0,26.0,53.0,10.0,2.0,3.0,25.0,4.0,1.0,10.0,52.0,0.261,0.296,0.374,0.67,76.0,0.299,69.0,76.0,6.0,0.0,5.0,0.0,0.0,2/3HD,
José Offerman#,35.0,MIN,AL,0.2,77.0,202.0,172.0,22.0,44.0,14.0,2.0,2.0,22.0,1.0,1.0,29.0,31.0,0.256,0.363,0.395,0.759,97.0,0.346,100.0,68.0,1.0,0.0,1.0,0.0,2.0,DH/34,
José Parra,31.0,NYM,NL,0.0,11.0,0.0,0.0,0.0,0.0,0.0,0.0,0.0,0.0,0.0,0.0,0.0,0.0,,,,,,,,0.0,0.0,0.0,0.0,0.0,0.0,1,
José Reyes#,21.0,NYM,NL,0.5,53.0,229.0,220.0,33.0,56.0,16.0,2.0,2.0,14.0,19.0,2.0,5.0,31.0,0.255,0.271,0.373,0.644,66.0,0.307,63.0,82.0,1.0,0.0,4.0,0.0,0.0,46/H,
José Valentín#,34.0,CHW,AL,1.8,125.0,504.0,450.0,73.0,97.0,20.0,3.0,30.0,70.0,8.0,6.0,43.0,139.0,0.216,0.287,0.473,0.76,92.0,0.321,83.0,213.0,5.0,3.0,6.0,2.0,4.0,*6/HD,
José Valverde,26.0,ARI,NL,0.0,26.0,0.0,0.0,0.0,0.0,0.0,0.0,0.0,0.0,0.0,0.0,0.0,0.0,,,,,,,,0.0,0.0,0.0,0.0,0.0,0.0,1,
José Vidro#,29.0,MON,NL,1.2,110.0,467.0,412.0,51.0,121.0,24.0,0.0,14.0,60.0,3.0,1.0,49.0,43.0,0.294,0.367,0.454,0.821,108.0,0.363,110.0,187.0,14.0,0.0,4.0,2.0,7.0,4/DH,
José Vizcaíno#,36.0,HOU,NL,0.4,138.0,385.0,358.0,34.0,98.0,21.0,3.0,3.0,33.0,1.0,1.0,20.0,39.0,0.274,0.311,0.374,0.685,76.0,0.306,71.0,134.0,8.0,0.0,5.0,2.0,5.0,6H45/3,
Josías Manzanillo,36.0,FLA,NL,0.0,25.0,1.0,1.0,0.0,0.0,0.0,0.0,0.0,0.0,0.0,0.0,0.0,1.0,0.0,0.0,0.0,0.0,-100.0,0.0,-142.0,0.0,0.0,0.0,0.0,0.0,0.0,1,
Juan Brito,24.0,ARI,NL,-0.4,54.0,184.0,171.0,17.0,35.0,7.0,0.0,3.0,12.0,1.0,0.0,9.0,41.0,0.205,0.246,0.298,0.544,37.0,0.259,32.0,51.0,6.0,1.0,1.0,2.0,1.0,2,
Juan Castro,32.0,CIN,NL,-0.3,111.0,316.0,299.0,36.0,73.0,21.0,2.0,5.0,26.0,1.0,0.0,14.0,51.0,0.244,0.277,0.378,0.655,70.0,0.293,65.0,113.0,11.0,0.0,2.0,1.0,1.0,56H4/3,
Juan Cruz,25.0,ATL,NL,0.1,47.0,6.0,5.0,1.0,1.0,1.0,0.0,0.0,0.0,0.0,0.0,1.0,3.0,0.2,0.333,0.4,0.733,88.0,0.325,86.0,2.0,0.0,0.0,0.0,0.0,0.0,1,
Juan Encarnación,28.0,2TM,NL,0.2,135.0,532.0,484.0,63.0,114.0,30.0,2.0,16.0,62.0,5.0,4.0,38.0,86.0,0.236,0.299,0.405,0.704,84.0,0.322,90.0,196.0,11.0,7.0,1.0,2.0,2.0,*9/7H,
Juan Encarnación,28.0,LAD,NL,-0.1,86.0,350.0,324.0,42.0,76.0,18.0,1.0,13.0,43.0,3.0,3.0,21.0,53.0,0.235,0.289,0.417,0.705,84.0,0.325,93.0,135.0,9.0,4.0,0.0,1.0,0.0,9/7H,
Juan Encarnación,28.0,FLA,NL,0.3,49.0,182.0,160.0,21.0,38.0,12.0,1.0,3.0,19.0,2.0,1.0,17.0,33.0,0.238,0.32,0.381,0.702,85.0,0.318,86.0,61.0,2.0,3.0,1.0,1.0,2.0,9/H,
Juan González,34.0,KCR,AL,0.5,33.0,138.0,127.0,17.0,35.0,4.0,1.0,5.0,17.0,0.0,1.0,9.0,19.0,0.276,0.326,0.441,0.767,97.0,0.34,98.0,56.0,3.0,1.0,0.0,1.0,1.0,9/D,
Juan Padilla,27.0,CIN,NL,0.0,12.0,0.0,0.0,0.0,0.0,0.0,0.0,0.0,0.0,0.0,0.0,0.0,0.0,,,,,,,,0.0,0.0,0.0,0.0,0.0,0.0,1,
Juan Pierre*,26.0,FLA,NL,3.9,162.0,748.0,678.0,100.0,221.0,22.0,12.0,3.0,49.0,45.0,24.0,45.0,35.0,0.326,0.374,0.407,0.781,107.0,0.359,117.0,276.0,9.0,8.0,15.0,2.0,1.0,*8,MVP-16
Juan Rincón,25.0,MIN,AL,0.0,3.0,1.0,1.0,0.0,0.0,0.0,0.0,0.0,0.0,0.0,0.0,0.0,1.0,0.0,0.0,0.0,0.0,-100.0,0.0,-131.0,0.0,0.0,0.0,0.0,0.0,0.0,1,
Juan Rivera,25.0,MON,NL,2.0,134.0,426.0,391.0,48.0,120.0,24.0,1.0,12.0,49.0,6.0,2.0,34.0,45.0,0.307,0.364,0.465,0.829,110.0,0.363,109.0,182.0,11.0,1.0,0.0,0.0,7.0,*9H87/D,
Juan Uribe,25.0,CHW,AL,4.0,134.0,553.0,502.0,82.0,142.0,31.0,6.0,23.0,74.0,9.0,11.0,32.0,96.0,0.283,0.327,0.506,0.833,111.0,0.356,111.0,254.0,10.0,3.0,11.0,5.0,1.0,465H/D,
Julio Franco,45.0,ATL,NL,1.1,125.0,361.0,320.0,37.0,99.0,18.0,3.0,6.0,57.0,4.0,2.0,36.0,68.0,0.309,0.378,0.441,0.818,111.0,0.362,112.0,141.0,10.0,1.0,1.0,3.0,4.0,3H/D,
Julio Lugo,28.0,TBD,AL,3.6,157.0,655.0,581.0,83.0,160.0,41.0,4.0,7.0,75.0,21.0,5.0,54.0,106.0,0.275,0.338,0.396,0.734,94.0,0.338,97.0,230.0,8.0,5.0,7.0,8.0,0.0,*6/4DH,
Julio Mateo,26.0,SEA,AL,0.0,4.0,0.0,0.0,0.0,0.0,0.0,0.0,0.0,0.0,0.0,0.0,0.0,0.0,,,,,,,,0.0,0.0,0.0,0.0,0.0,0.0,1,
Julián Tavárez*,31.0,STL,NL,0.0,75.0,0.0,0.0,0.0,0.0,0.0,0.0,0.0,0.0,0.0,0.0,0.0,0.0,,,,,,,,0.0,0.0,0.0,0.0,0.0,0.0,1,
Jung Bong*,23.0,CIN,NL,-0.1,2.0,4.0,4.0,0.0,0.0,0.0,0.0,0.0,0.0,0.0,0.0,0.0,3.0,0.0,0.0,0.0,0.0,-100.0,0.0,-145.0,0.0,0.0,0.0,0.0,0.0,0.0,/1,
Junior Spivey,29.0,MIL,NL,1.4,59.0,263.0,228.0,33.0,62.0,13.0,0.0,7.0,28.0,5.0,3.0,25.0,48.0,0.272,0.359,0.421,0.78,101.0,0.352,107.0,96.0,7.0,7.0,1.0,2.0,0.0,4/6H,
Justin Duchscherer,26.0,OAK,AL,0.0,2.0,0.0,0.0,0.0,0.0,0.0,0.0,0.0,0.0,0.0,0.0,0.0,0.0,,,,,,,,0.0,0.0,0.0,0.0,0.0,0.0,1,
Justin Germano,21.0,SDP,NL,-0.1,7.0,8.0,7.0,0.0,0.0,0.0,0.0,0.0,0.0,0.0,0.0,0.0,3.0,0.0,0.0,0.0,0.0,-100.0,0.0,-172.0,0.0,0.0,0.0,1.0,0.0,0.0,/1,
Justin Huisman,25.0,KCR,AL,0.0,1.0,0.0,0.0,0.0,0.0,0.0,0.0,0.0,0.0,0.0,0.0,0.0,0.0,,,,,,,,0.0,0.0,0.0,0.0,0.0,0.0,1,
Justin Knoedler,23.0,SFG,NL,0.0,1.0,1.0,1.0,0.0,0.0,0.0,0.0,0.0,0.0,0.0,0.0,0.0,0.0,0.0,0.0,0.0,0.0,-100.0,0.0,-142.0,0.0,0.0,0.0,0.0,0.0,0.0,/2,
Justin Lehr,26.0,OAK,AL,0.0,1.0,0.0,0.0,0.0,0.0,0.0,0.0,0.0,0.0,0.0,0.0,0.0,0.0,,,,,,,,0.0,0.0,0.0,0.0,0.0,0.0,1,
Justin Leone,27.0,SEA,AL,0.3,31.0,115.0,102.0,15.0,22.0,5.0,0.0,6.0,13.0,1.0,0.0,9.0,32.0,0.216,0.298,0.441,0.739,92.0,0.336,96.0,45.0,0.0,3.0,1.0,0.0,0.0,5/6HD,
Justin Morneau*,23.0,MIN,AL,1.1,74.0,312.0,280.0,39.0,76.0,17.0,0.0,19.0,58.0,0.0,0.0,28.0,54.0,0.271,0.34,0.536,0.875,122.0,0.366,113.0,150.0,4.0,2.0,0.0,2.0,8.0,3D/H,
Justin Speier,30.0,TOR,AL,0.0,6.0,1.0,1.0,0.0,0.0,0.0,0.0,0.0,0.0,0.0,0.0,0.0,1.0,0.0,0.0,0.0,0.0,-100.0,0.0,-138.0,0.0,0.0,0.0,0.0,0.0,0.0,1,
Justin Wayne,25.0,FLA,NL,-0.1,19.0,4.0,3.0,0.0,0.0,0.0,0.0,0.0,0.0,0.0,0.0,0.0,1.0,0.0,0.0,0.0,0.0,-100.0,0.0,-226.0,0.0,0.0,0.0,1.0,0.0,0.0,1,
Karim García*,28.0,2TM,2LG,-1.5,85.0,275.0,258.0,33.0,59.0,7.0,2.0,10.0,33.0,3.0,0.0,14.0,50.0,0.229,0.265,0.388,0.653,68.0,0.288,60.0,100.0,7.0,0.0,0.0,3.0,1.0,9H8/3,
Karim García*,28.0,NYM,NL,-0.8,62.0,202.0,192.0,24.0,45.0,7.0,2.0,7.0,22.0,3.0,0.0,10.0,35.0,0.234,0.272,0.401,0.673,73.0,0.302,69.0,77.0,6.0,0.0,0.0,0.0,0.0,9H,
Karim García*,28.0,BAL,AL,-0.7,23.0,73.0,66.0,9.0,14.0,0.0,0.0,3.0,11.0,0.0,0.0,4.0,15.0,0.212,0.247,0.348,0.595,54.0,0.249,35.0,23.0,1.0,0.0,0.0,3.0,1.0,8/9H3,
Kazuhisa Ishii*,30.0,LAD,NL,0.1,29.0,62.0,55.0,7.0,7.0,0.0,0.0,1.0,6.0,0.0,0.0,1.0,24.0,0.127,0.143,0.182,0.325,-15.0,0.178,-27.0,10.0,1.0,0.0,6.0,0.0,0.0,1,
Kazuhito Tadano,24.0,CLE,AL,0.0,2.0,3.0,3.0,1.0,1.0,0.0,0.0,0.0,0.0,0.0,0.0,0.0,1.0,0.333,0.333,0.333,0.667,80.0,0.304,79.0,1.0,0.0,0.0,0.0,0.0,0.0,1,
Kazuo Matsui#,28.0,NYM,NL,1.0,114.0,509.0,460.0,65.0,125.0,32.0,2.0,7.0,44.0,14.0,3.0,40.0,97.0,0.272,0.331,0.396,0.727,89.0,0.333,91.0,182.0,3.0,2.0,5.0,2.0,4.0,*6/4H,ROY-6
Keith Foulke,31.0,BOS,AL,0.0,3.0,0.0,0.0,0.0,0.0,0.0,0.0,0.0,0.0,0.0,0.0,0.0,0.0,,,,,,,,0.0,0.0,0.0,0.0,0.0,0.0,1,
Keith Ginter,28.0,MIL,NL,1.6,113.0,437.0,386.0,47.0,101.0,23.0,2.0,19.0,60.0,8.0,1.0,37.0,100.0,0.262,0.333,0.479,0.812,107.0,0.372,118.0,185.0,9.0,6.0,4.0,4.0,2.0,45H/9D,
Keith Osik,35.0,BAL,AL,-0.4,11.0,25.0,25.0,0.0,2.0,0.0,0.0,0.0,0.0,0.0,0.0,0.0,7.0,0.08,0.08,0.08,0.16,-58.0,0.069,-90.0,2.0,1.0,0.0,0.0,0.0,0.0,2/H,
Kelly Dransfeldt,29.0,CHW,AL,-0.1,15.0,30.0,30.0,5.0,10.0,0.0,0.0,0.0,4.0,0.0,0.0,0.0,6.0,0.333,0.333,0.333,0.667,74.0,0.298,65.0,10.0,0.0,0.0,0.0,0.0,0.0,/6H5D,
Kelly Stinnett,34.0,KCR,AL,0.6,20.0,69.0,59.0,10.0,18.0,0.0,0.0,3.0,7.0,0.0,0.0,5.0,16.0,0.305,0.379,0.458,0.836,116.0,0.385,128.0,27.0,0.0,2.0,3.0,0.0,0.0,2/H,
Kelvim Escobar,28.0,ANA,AL,0.0,1.0,2.0,2.0,0.0,0.0,0.0,0.0,0.0,0.0,0.0,0.0,0.0,0.0,0.0,0.0,0.0,0.0,-100.0,0.0,-136.0,0.0,0.0,0.0,0.0,0.0,0.0,1,
Ken Griffey Jr.*,34.0,CIN,NL,0.6,83.0,348.0,300.0,49.0,76.0,18.0,0.0,20.0,60.0,1.0,0.0,44.0,67.0,0.253,0.351,0.513,0.864,123.0,0.374,124.0,154.0,8.0,2.0,0.0,2.0,3.0,8/H9D,AS
Ken Harvey,26.0,KCR,AL,-0.2,120.0,494.0,456.0,47.0,131.0,20.0,1.0,13.0,55.0,1.0,1.0,28.0,89.0,0.287,0.338,0.421,0.759,96.0,0.341,97.0,192.0,14.0,8.0,0.0,2.0,2.0,3D/7H,AS
Ken Huckaby,33.0,2TM,AL,-0.4,24.0,55.0,50.0,4.0,7.0,3.0,0.0,0.0,0.0,0.0,0.0,5.0,12.0,0.14,0.218,0.2,0.418,8.0,0.198,-8.0,10.0,1.0,0.0,0.0,0.0,0.0,2/H,
Ken Huckaby,33.0,TEX,AL,-0.4,16.0,43.0,38.0,3.0,5.0,2.0,0.0,0.0,0.0,0.0,0.0,5.0,12.0,0.132,0.233,0.184,0.417,8.0,0.203,-6.0,7.0,1.0,0.0,0.0,0.0,0.0,2/H,
Ken Huckaby,33.0,BAL,AL,0.0,8.0,12.0,12.0,1.0,2.0,1.0,0.0,0.0,0.0,0.0,0.0,0.0,0.0,0.167,0.167,0.25,0.417,8.0,0.179,-13.0,3.0,0.0,0.0,0.0,0.0,0.0,/2H,
Kenny Lofton*,37.0,NYY,AL,1.4,83.0,313.0,276.0,51.0,76.0,10.0,7.0,3.0,18.0,7.0,3.0,31.0,27.0,0.275,0.346,0.395,0.741,95.0,0.346,102.0,109.0,4.0,1.0,1.0,4.0,1.0,89H/D,
Kenny Rogers*,39.0,TEX,AL,-0.1,2.0,5.0,5.0,1.0,0.0,0.0,0.0,0.0,0.0,0.0,0.0,0.0,3.0,0.0,0.0,0.0,0.0,-100.0,0.0,-146.0,0.0,1.0,0.0,0.0,0.0,0.0,1,"AS,GG"
Kent Mercker*,36.0,CHC,NL,0.0,66.0,2.0,2.0,0.0,0.0,0.0,0.0,0.0,0.0,0.0,0.0,0.0,0.0,0.0,0.0,0.0,0.0,-100.0,0.0,-157.0,0.0,0.0,0.0,0.0,0.0,0.0,1,
Kerry Ligtenberg,33.0,TOR,AL,0.0,2.0,0.0,0.0,0.0,0.0,0.0,0.0,0.0,0.0,0.0,0.0,0.0,0.0,,,,,,,,0.0,0.0,0.0,0.0,0.0,0.0,1,
Kerry Robinson*,30.0,SDP,NL,-0.3,80.0,101.0,92.0,20.0,27.0,4.0,0.0,0.0,5.0,11.0,4.0,5.0,8.0,0.293,0.33,0.337,0.667,82.0,0.317,87.0,31.0,0.0,1.0,1.0,2.0,0.0,H7/89D,
Kerry Wood,27.0,CHC,NL,-0.1,22.0,53.0,45.0,2.0,6.0,1.0,0.0,1.0,3.0,0.0,0.0,2.0,11.0,0.133,0.167,0.222,0.389,-1.0,0.17,-41.0,10.0,0.0,0.0,5.0,1.0,0.0,1,
Kevin Cash,26.0,TOR,AL,-0.2,60.0,197.0,181.0,18.0,35.0,9.0,0.0,4.0,21.0,0.0,0.0,10.0,59.0,0.193,0.249,0.309,0.558,42.0,0.263,39.0,56.0,3.0,4.0,0.0,2.0,0.0,2/H,
Kevin Correia,23.0,SFG,NL,0.1,12.0,4.0,3.0,1.0,1.0,1.0,0.0,0.0,0.0,0.0,0.0,1.0,1.0,0.333,0.5,0.667,1.167,198.0,0.488,202.0,2.0,0.0,0.0,0.0,0.0,0.0,1,
Kevin Gregg,26.0,ANA,AL,0.0,5.0,0.0,0.0,0.0,0.0,0.0,0.0,0.0,0.0,0.0,0.0,0.0,0.0,,,,,,,,0.0,0.0,0.0,0.0,0.0,0.0,1,
Kevin Gryboski,30.0,ATL,NL,0.0,67.0,0.0,0.0,0.0,0.0,0.0,0.0,0.0,0.0,0.0,0.0,0.0,0.0,,,,,,,,0.0,0.0,0.0,0.0,0.0,0.0,1,
Kevin Jarvis*,34.0,COL,NL,0.0,1.0,0.0,0.0,0.0,0.0,0.0,0.0,0.0,0.0,0.0,0.0,0.0,0.0,,,,,,,,0.0,0.0,0.0,0.0,0.0,0.0,/1,
Kevin Mench,26.0,TEX,AL,2.8,125.0,481.0,438.0,69.0,122.0,30.0,3.0,26.0,71.0,0.0,0.0,33.0,63.0,0.279,0.335,0.539,0.874,116.0,0.38,117.0,236.0,6.0,6.0,0.0,4.0,2.0,*97D/H8,
Kevin Millar,32.0,BOS,AL,2.8,150.0,588.0,508.0,74.0,151.0,36.0,0.0,18.0,74.0,1.0,1.0,57.0,91.0,0.297,0.383,0.474,0.857,117.0,0.383,121.0,241.0,16.0,17.0,0.0,6.0,0.0,397/DH,
Kevin Millwood,29.0,PHI,NL,0.0,24.0,53.0,46.0,0.0,8.0,2.0,0.0,0.0,1.0,0.0,0.0,2.0,26.0,0.174,0.208,0.217,0.426,9.0,0.191,-28.0,10.0,1.0,0.0,5.0,0.0,0.0,1,
Kevin Walker*,27.0,SFG,NL,0.0,5.0,0.0,0.0,0.0,0.0,0.0,0.0,0.0,0.0,0.0,0.0,0.0,0.0,,,,,,,,0.0,0.0,0.0,0.0,0.0,0.0,/1,
Kevin Youkilis,25.0,BOS,AL,1.4,72.0,248.0,208.0,38.0,54.0,11.0,0.0,7.0,35.0,0.0,1.0,33.0,45.0,0.26,0.367,0.413,0.78,99.0,0.354,102.0,86.0,1.0,4.0,0.0,3.0,0.0,5/HD,
Khalil Greene,24.0,SDP,NL,3.2,139.0,554.0,484.0,67.0,132.0,31.0,4.0,15.0,65.0,4.0,2.0,53.0,94.0,0.273,0.349,0.446,0.795,114.0,0.342,109.0,216.0,9.0,8.0,1.0,8.0,10.0,*6/H,ROY-2
Kiko Calero,29.0,STL,NL,0.0,38.0,1.0,1.0,0.0,0.0,0.0,0.0,0.0,0.0,0.0,0.0,0.0,1.0,0.0,0.0,0.0,0.0,-100.0,0.0,-142.0,0.0,0.0,0.0,0.0,0.0,0.0,1,
Kip Wells,27.0,PIT,NL,0.3,23.0,50.0,43.0,4.0,8.0,3.0,1.0,0.0,0.0,0.0,0.0,3.0,20.0,0.186,0.239,0.302,0.541,40.0,0.234,14.0,13.0,0.0,0.0,4.0,0.0,0.0,1/H,
Kirk Bullinger,34.0,HOU,NL,0.0,26.0,4.0,3.0,0.0,0.0,0.0,0.0,0.0,0.0,0.0,0.0,1.0,2.0,0.0,0.25,0.0,0.25,-27.0,0.177,-21.0,0.0,0.0,0.0,0.0,0.0,0.0,1,
Kirk Rueter*,33.0,SFG,NL,-0.2,32.0,67.0,61.0,4.0,8.0,2.0,0.0,0.0,2.0,0.0,0.0,3.0,7.0,0.131,0.172,0.164,0.336,-12.0,0.154,-45.0,10.0,0.0,0.0,3.0,0.0,0.0,1/H,
Kit Pellow,30.0,COL,NL,-0.7,59.0,133.0,121.0,15.0,29.0,5.0,1.0,2.0,10.0,1.0,0.0,8.0,43.0,0.24,0.308,0.347,0.655,61.0,0.294,50.0,42.0,3.0,4.0,0.0,0.0,1.0,9H7/325,
Koyie Hill#,25.0,ARI,NL,-0.3,13.0,38.0,36.0,3.0,9.0,1.0,0.0,1.0,6.0,1.0,0.0,2.0,6.0,0.25,0.289,0.361,0.651,64.0,0.284,46.0,13.0,1.0,0.0,0.0,0.0,1.0,2/H,
Kris Benson,29.0,2TM,NL,0.0,30.0,75.0,58.0,3.0,8.0,0.0,0.0,0.0,5.0,0.0,0.0,2.0,26.0,0.138,0.167,0.138,0.305,-19.0,0.173,-53.0,8.0,0.0,0.0,15.0,0.0,0.0,1,
Kris Benson,29.0,PIT,NL,0.1,19.0,50.0,39.0,2.0,7.0,0.0,0.0,0.0,3.0,0.0,0.0,1.0,17.0,0.179,0.2,0.179,0.379,0.0,0.197,-32.0,7.0,0.0,0.0,10.0,0.0,0.0,1,
Kris Benson,29.0,NYM,NL,-0.1,11.0,25.0,19.0,1.0,1.0,0.0,0.0,0.0,2.0,0.0,0.0,1.0,9.0,0.053,0.1,0.053,0.153,-58.0,0.126,-94.0,1.0,0.0,0.0,5.0,0.0,0.0,1,
Kyle Farnsworth,28.0,CHC,NL,0.0,67.0,1.0,1.0,0.0,0.0,0.0,0.0,0.0,0.0,0.0,0.0,0.0,0.0,0.0,0.0,0.0,0.0,-100.0,0.0,-142.0,0.0,0.0,0.0,0.0,0.0,0.0,1,
Kyle Lohse,25.0,MIN,AL,-0.1,2.0,4.0,3.0,0.0,0.0,0.0,0.0,0.0,0.0,0.0,0.0,0.0,3.0,0.0,0.0,0.0,0.0,-100.0,0.0,-218.0,0.0,0.0,0.0,1.0,0.0,0.0,1,
Lance Berkman#,28.0,HOU,NL,6.0,160.0,687.0,544.0,104.0,172.0,40.0,3.0,30.0,106.0,9.0,7.0,127.0,101.0,0.316,0.45,0.566,1.016,160.0,0.433,166.0,308.0,10.0,10.0,0.0,6.0,14.0,*97/38H,"AS,MVP-7"
Lance Carter,29.0,TBD,AL,0.0,2.0,0.0,0.0,0.0,0.0,0.0,0.0,0.0,0.0,0.0,0.0,0.0,0.0,,,,,,,,0.0,0.0,0.0,0.0,0.0,0.0,1,
Lance Cormier,23.0,ARI,NL,0.1,17.0,10.0,8.0,1.0,2.0,1.0,0.0,0.0,1.0,0.0,0.0,1.0,2.0,0.25,0.333,0.375,0.708,80.0,0.318,74.0,3.0,0.0,0.0,1.0,0.0,0.0,1,
Larry Bigbie*,26.0,BAL,AL,2.1,139.0,531.0,478.0,76.0,134.0,23.0,1.0,15.0,68.0,8.0,3.0,45.0,113.0,0.28,0.341,0.427,0.768,101.0,0.352,107.0,204.0,7.0,1.0,3.0,4.0,0.0,*78/HD,
Larry Sutton*,34.0,FLA,NL,0.0,8.0,6.0,5.0,0.0,1.0,0.0,0.0,0.0,1.0,0.0,0.0,1.0,2.0,0.2,0.333,0.2,0.533,47.0,0.269,50.0,1.0,0.0,0.0,0.0,0.0,0.0,/H3,
Larry Walker*,37.0,2TM,NL,2.7,82.0,316.0,258.0,51.0,77.0,16.0,4.0,17.0,47.0,6.0,0.0,49.0,57.0,0.298,0.424,0.589,1.013,154.0,0.445,165.0,152.0,8.0,8.0,0.0,1.0,3.0,9/H8D,
Larry Walker*,37.0,COL,NL,1.8,38.0,138.0,108.0,22.0,35.0,9.0,3.0,6.0,20.0,2.0,0.0,25.0,23.0,0.324,0.464,0.63,1.093,166.0,0.48,185.0,68.0,2.0,4.0,0.0,1.0,2.0,9/HD,
Larry Walker*,37.0,STL,NL,0.9,44.0,178.0,150.0,29.0,42.0,7.0,1.0,11.0,27.0,4.0,0.0,24.0,34.0,0.28,0.393,0.56,0.953,144.0,0.418,150.0,84.0,6.0,4.0,0.0,0.0,1.0,9/H8,
LaTroy Hawkins,31.0,CHC,NL,0.0,74.0,0.0,0.0,0.0,0.0,0.0,0.0,0.0,0.0,0.0,0.0,0.0,0.0,,,,,,,,0.0,0.0,0.0,0.0,0.0,0.0,1,
Laynce Nix*,23.0,TEX,AL,0.0,115.0,400.0,371.0,58.0,92.0,20.0,4.0,14.0,46.0,1.0,1.0,23.0,113.0,0.248,0.293,0.437,0.73,81.0,0.317,73.0,162.0,6.0,2.0,1.0,3.0,4.0,*8/H9,
Lenny DiNardo*,24.0,BOS,AL,0.0,3.0,0.0,0.0,0.0,0.0,0.0,0.0,0.0,0.0,0.0,0.0,0.0,0.0,,,,,,,,0.0,0.0,0.0,0.0,0.0,0.0,1,
Lenny Harris*,39.0,FLA,NL,-0.6,79.0,99.0,95.0,7.0,20.0,5.0,0.0,1.0,17.0,0.0,0.0,3.0,8.0,0.211,0.232,0.295,0.527,38.0,0.242,31.0,28.0,2.0,0.0,0.0,1.0,0.0,H/795D,
Leo Estrella,29.0,SFG,NL,0.0,2.0,0.0,0.0,0.0,0.0,0.0,0.0,0.0,0.0,0.0,0.0,0.0,0.0,,,,,,,,0.0,0.0,0.0,0.0,0.0,0.0,/1,
Lew Ford,27.0,MIN,AL,4.5,154.0,658.0,569.0,89.0,170.0,31.0,4.0,15.0,72.0,20.0,2.0,67.0,75.0,0.299,0.381,0.446,0.827,114.0,0.371,113.0,254.0,15.0,13.0,2.0,7.0,3.0,*78D9/H,MVP-24
Liván Hernández,29.0,MON,NL,0.8,34.0,97.0,81.0,2.0,20.0,7.0,0.0,1.0,10.0,0.0,0.0,1.0,8.0,0.247,0.256,0.37,0.626,57.0,0.282,42.0,30.0,1.0,0.0,15.0,0.0,0.0,1/H,"AS,SS"
Logan Kensing,21.0,FLA,NL,0.0,5.0,3.0,2.0,0.0,0.0,0.0,0.0,0.0,0.0,0.0,0.0,0.0,1.0,0.0,0.0,0.0,0.0,-100.0,0.0,-274.0,0.0,0.0,0.0,1.0,0.0,0.0,/1,
Lou Collier,30.0,PHI,NL,-0.1,32.0,42.0,36.0,7.0,10.0,1.0,0.0,1.0,4.0,1.0,0.0,5.0,10.0,0.278,0.381,0.389,0.77,97.0,0.374,113.0,14.0,2.0,1.0,0.0,0.0,0.0,H/75,
Lou Merloni,33.0,CLE,AL,0.7,71.0,214.0,190.0,25.0,55.0,12.0,1.0,4.0,28.0,1.0,2.0,14.0,41.0,0.289,0.343,0.426,0.769,105.0,0.344,109.0,81.0,9.0,3.0,4.0,3.0,1.0,3H5/47D,
Luis Ayala,26.0,MON,NL,0.1,79.0,10.0,9.0,0.0,3.0,1.0,0.0,0.0,0.0,0.0,0.0,0.0,3.0,0.333,0.333,0.444,0.778,96.0,0.34,92.0,4.0,0.0,0.0,1.0,0.0,0.0,1,
Luis Castillo#,28.0,FLA,NL,3.9,150.0,649.0,564.0,91.0,164.0,12.0,7.0,2.0,47.0,21.0,4.0,75.0,68.0,0.291,0.373,0.348,0.72,93.0,0.347,104.0,196.0,15.0,1.0,5.0,4.0,2.0,*4/H,GG
Luis Gonzalez*,36.0,ARI,NL,1.5,105.0,451.0,379.0,69.0,98.0,28.0,5.0,17.0,48.0,2.0,2.0,68.0,58.0,0.259,0.373,0.493,0.866,118.0,0.369,114.0,187.0,9.0,2.0,0.0,2.0,11.0,7/DH,
Luis González,25.0,COL,NL,0.5,102.0,351.0,322.0,42.0,94.0,17.0,2.0,12.0,40.0,1.0,5.0,15.0,67.0,0.292,0.33,0.469,0.799,94.0,0.356,102.0,151.0,5.0,4.0,9.0,1.0,1.0,4H7596/D,
Luis Lopez,30.0,MON,NL,-0.4,11.0,27.0,26.0,0.0,4.0,0.0,0.0,0.0,0.0,0.0,0.0,0.0,9.0,0.154,0.185,0.154,0.339,-12.0,0.162,-36.0,4.0,1.0,1.0,0.0,0.0,0.0,/3H,
Luis López#,33.0,BAL,AL,-1.2,56.0,97.0,88.0,7.0,16.0,5.0,0.0,1.0,8.0,0.0,0.0,3.0,20.0,0.182,0.211,0.273,0.483,26.0,0.211,7.0,24.0,1.0,1.0,2.0,3.0,0.0,H65/D34,
Luis Matos,25.0,BAL,AL,-1.2,89.0,359.0,330.0,36.0,74.0,18.0,0.0,6.0,28.0,12.0,4.0,19.0,60.0,0.224,0.275,0.333,0.609,59.0,0.285,58.0,110.0,7.0,5.0,3.0,2.0,2.0,8/H,
Luis Rivas,24.0,MIN,AL,0.6,109.0,358.0,336.0,44.0,86.0,19.0,5.0,10.0,34.0,15.0,1.0,13.0,53.0,0.256,0.283,0.432,0.715,82.0,0.319,74.0,145.0,8.0,1.0,5.0,3.0,0.0,*4/H,
Luis Terrero,24.0,ARI,NL,-0.3,62.0,255.0,229.0,21.0,56.0,14.0,0.0,4.0,14.0,10.0,2.0,20.0,78.0,0.245,0.319,0.358,0.677,72.0,0.307,64.0,82.0,5.0,5.0,1.0,0.0,2.0,8/97H,
Luis Vizcaíno,29.0,MIL,NL,0.0,70.0,0.0,0.0,0.0,0.0,0.0,0.0,0.0,0.0,0.0,0.0,0.0,0.0,,,,,,,,0.0,0.0,0.0,0.0,0.0,0.0,1,
Luke Hudson,27.0,CIN,NL,0.0,9.0,18.0,16.0,1.0,2.0,0.0,0.0,0.0,2.0,0.0,0.0,1.0,3.0,0.125,0.167,0.125,0.292,-22.0,0.135,-48.0,2.0,0.0,0.0,0.0,1.0,0.0,/1,
Lyle Overbay*,27.0,MIL,NL,1.6,159.0,668.0,579.0,83.0,174.0,53.0,1.0,16.0,87.0,2.0,1.0,81.0,128.0,0.301,0.385,0.478,0.863,122.0,0.378,124.0,277.0,11.0,2.0,0.0,6.0,9.0,*3/H,
Magglio Ordóñez,30.0,CHW,AL,0.9,52.0,222.0,202.0,32.0,59.0,8.0,2.0,9.0,37.0,0.0,2.0,16.0,22.0,0.292,0.351,0.485,0.836,114.0,0.373,121.0,98.0,4.0,3.0,0.0,1.0,2.0,9/DH,
Maicer Izturis#,23.0,MON,NL,-0.5,32.0,121.0,107.0,10.0,22.0,5.0,2.0,1.0,4.0,4.0,0.0,10.0,20.0,0.206,0.286,0.318,0.603,54.0,0.275,39.0,34.0,1.0,2.0,2.0,0.0,1.0,64/H,
Manny Alexander,33.0,TEX,AL,-0.1,21.0,22.0,21.0,3.0,5.0,2.0,0.0,0.0,3.0,0.0,0.0,1.0,7.0,0.238,0.273,0.333,0.606,52.0,0.307,66.0,7.0,0.0,0.0,0.0,0.0,0.0,4/6H5,
Manny Ramírez,32.0,BOS,AL,4.1,152.0,663.0,568.0,108.0,175.0,44.0,0.0,43.0,130.0,2.0,4.0,82.0,124.0,0.308,0.397,0.613,1.009,152.0,0.424,152.0,348.0,17.0,6.0,0.0,7.0,15.0,*7D/H,"AS,MVP-3,SS"
Marc Kroon#,31.0,COL,NL,0.0,4.0,0.0,0.0,0.0,0.0,0.0,0.0,0.0,0.0,0.0,0.0,0.0,0.0,,,,,,,,0.0,0.0,0.0,0.0,0.0,0.0,/1,
Marco Scutaro,28.0,OAK,AL,0.3,137.0,477.0,455.0,50.0,124.0,32.0,1.0,7.0,43.0,0.0,0.0,16.0,58.0,0.273,0.297,0.393,0.69,79.0,0.312,78.0,179.0,9.0,0.0,5.0,1.0,1.0,*46H/5,
Marcus Giles,26.0,ATL,NL,3.3,102.0,434.0,379.0,61.0,118.0,22.0,2.0,8.0,48.0,17.0,4.0,36.0,70.0,0.311,0.378,0.443,0.821,111.0,0.374,117.0,168.0,6.0,9.0,3.0,7.0,0.0,4/H,
Marcus Thames,27.0,DET,AL,1.3,61.0,184.0,165.0,24.0,42.0,12.0,0.0,10.0,33.0,0.0,1.0,16.0,42.0,0.255,0.326,0.509,0.835,119.0,0.353,114.0,84.0,3.0,2.0,0.0,1.0,0.0,7H9/D,
Mariano Rivera,34.0,NYY,AL,0.0,2.0,0.0,0.0,0.0,0.0,0.0,0.0,0.0,0.0,0.0,0.0,0.0,0.0,,,,,,,,0.0,0.0,0.0,0.0,0.0,0.0,1,"AS,CYA-3,MVP-9"
Mark Bellhorn#,29.0,BOS,AL,3.7,138.0,620.0,523.0,93.0,138.0,37.0,3.0,17.0,82.0,6.0,1.0,88.0,177.0,0.264,0.373,0.444,0.817,107.0,0.37,111.0,232.0,8.0,5.0,1.0,3.0,1.0,*45/H6D,
Mark Buehrle*,25.0,CHW,AL,-0.1,2.0,5.0,3.0,0.0,0.0,0.0,0.0,0.0,0.0,0.0,0.0,0.0,2.0,0.0,0.0,0.0,0.0,-100.0,0.0,-297.0,0.0,0.0,0.0,2.0,0.0,0.0,1,
Mark Corey,29.0,PIT,NL,0.0,27.0,1.0,1.0,0.0,0.0,0.0,0.0,0.0,0.0,0.0,0.0,0.0,1.0,0.0,0.0,0.0,0.0,-100.0,0.0,-142.0,0.0,0.0,0.0,0.0,0.0,0.0,1,
Mark DeRosa,29.0,ATL,NL,-1.1,118.0,345.0,309.0,33.0,74.0,16.0,0.0,3.0,31.0,1.0,3.0,23.0,53.0,0.239,0.293,0.32,0.614,59.0,0.281,55.0,99.0,6.0,3.0,4.0,6.0,3.0,5H6/47,
Mark Grudzielanek,34.0,CHC,NL,0.7,81.0,278.0,257.0,32.0,79.0,12.0,1.0,6.0,23.0,1.0,1.0,15.0,32.0,0.307,0.347,0.432,0.779,99.0,0.344,99.0,111.0,7.0,1.0,4.0,1.0,0.0,4H,
Mark Hendrickson*,30.0,TBD,AL,0.0,2.0,6.0,5.0,0.0,1.0,0.0,0.0,0.0,0.0,0.0,0.0,1.0,4.0,0.2,0.333,0.2,0.533,47.0,0.272,53.0,1.0,0.0,0.0,0.0,0.0,0.0,1,
Mark Johnson*,28.0,MIL,NL,-0.1,7.0,15.0,11.0,1.0,1.0,0.0,0.0,0.0,2.0,0.0,0.0,3.0,2.0,0.091,0.267,0.091,0.358,-1.0,0.166,-38.0,1.0,0.0,0.0,0.0,1.0,1.0,/2H,
Mark Kotsay*,28.0,OAK,AL,4.6,148.0,673.0,606.0,78.0,190.0,37.0,3.0,15.0,63.0,8.0,5.0,55.0,70.0,0.314,0.37,0.459,0.829,116.0,0.365,116.0,278.0,6.0,2.0,5.0,5.0,5.0,*8/HD,MVP-14
Mark Little,31.0,CLE,AL,0.0,11.0,23.0,20.0,0.0,4.0,0.0,0.0,0.0,2.0,0.0,0.0,0.0,7.0,0.2,0.261,0.2,0.461,26.0,0.263,50.0,4.0,0.0,2.0,0.0,1.0,0.0,/879H,
Mark Loretta,32.0,SDP,NL,6.0,154.0,707.0,620.0,108.0,208.0,47.0,2.0,16.0,76.0,5.0,3.0,58.0,45.0,0.335,0.391,0.495,0.886,138.0,0.395,149.0,307.0,10.0,9.0,4.0,16.0,3.0,*4,"AS,MVP-9,SS"
Mark Malaska*,26.0,BOS,AL,0.0,1.0,0.0,0.0,0.0,0.0,0.0,0.0,0.0,0.0,0.0,0.0,0.0,0.0,,,,,,,,0.0,0.0,0.0,0.0,0.0,0.0,1,
Mark McLemore#,39.0,OAK,AL,-0.7,77.0,295.0,250.0,29.0,62.0,14.0,0.0,2.0,21.0,0.0,2.0,41.0,33.0,0.248,0.355,0.328,0.683,81.0,0.316,83.0,82.0,4.0,1.0,2.0,1.0,3.0,45/H7,
Mark Mulder*,26.0,OAK,AL,0.0,2.0,6.0,4.0,2.0,0.0,0.0,0.0,0.0,0.0,0.0,0.0,1.0,3.0,0.0,0.333,0.0,0.333,-1.0,0.244,31.0,0.0,0.0,1.0,0.0,0.0,0.0,1,AS
Mark Prior,23.0,CHC,NL,-0.1,20.0,44.0,36.0,5.0,5.0,0.0,0.0,0.0,0.0,0.0,0.0,2.0,20.0,0.139,0.184,0.139,0.323,-15.0,0.154,-61.0,5.0,0.0,0.0,6.0,0.0,0.0,1,
Mark Redman*,30.0,OAK,AL,-0.1,2.0,5.0,5.0,0.0,0.0,0.0,0.0,0.0,0.0,0.0,0.0,0.0,3.0,0.0,0.0,0.0,0.0,-100.0,0.0,-138.0,0.0,0.0,0.0,0.0,0.0,0.0,1,
Mark Sweeney*,34.0,COL,NL,0.9,122.0,215.0,177.0,25.0,47.0,12.0,2.0,9.0,40.0,1.0,0.0,32.0,51.0,0.266,0.377,0.508,0.885,116.0,0.391,121.0,90.0,2.0,2.0,0.0,4.0,2.0,H93/7D,
Mark Teixeira#,24.0,TEX,AL,4.6,145.0,625.0,545.0,101.0,153.0,34.0,2.0,38.0,112.0,4.0,1.0,68.0,117.0,0.281,0.37,0.56,0.929,131.0,0.403,133.0,305.0,6.0,10.0,0.0,2.0,12.0,*3/9DH,"MVP-18,SS"
Marlon Anderson*,30.0,STL,NL,-0.9,113.0,271.0,253.0,31.0,60.0,12.0,0.0,8.0,28.0,6.0,2.0,12.0,38.0,0.237,0.269,0.379,0.649,66.0,0.291,62.0,96.0,5.0,1.0,0.0,5.0,1.0,H479/3D,
Marlon Byrd,26.0,PHI,NL,-2.1,106.0,378.0,346.0,48.0,79.0,13.0,2.0,5.0,33.0,2.0,2.0,22.0,68.0,0.228,0.287,0.321,0.608,54.0,0.288,55.0,111.0,10.0,7.0,2.0,1.0,1.0,8H,
Marquis Grissom,37.0,SFG,NL,0.6,145.0,606.0,562.0,78.0,157.0,26.0,2.0,22.0,90.0,3.0,1.0,37.0,83.0,0.279,0.323,0.45,0.773,97.0,0.337,93.0,253.0,22.0,1.0,2.0,4.0,5.0,*8/H,
Marty McLeary,29.0,SDP,NL,0.0,3.0,0.0,0.0,0.0,0.0,0.0,0.0,0.0,0.0,0.0,0.0,0.0,0.0,,,,,,,,0.0,0.0,0.0,0.0,0.0,0.0,/1,
Masao Kida,35.0,LAD,NL,0.0,3.0,0.0,0.0,0.0,0.0,0.0,0.0,0.0,0.0,0.0,0.0,0.0,0.0,,,,,,,,0.0,0.0,0.0,0.0,0.0,0.0,/1,
Matt Clement,29.0,CHC,NL,-0.2,29.0,61.0,55.0,2.0,8.0,1.0,0.0,0.0,2.0,0.0,0.0,1.0,29.0,0.145,0.158,0.164,0.322,-17.0,0.155,-48.0,9.0,0.0,0.0,4.0,1.0,0.0,1,
Matt Diaz,26.0,TBD,AL,-0.1,10.0,24.0,21.0,3.0,4.0,1.0,1.0,1.0,3.0,0.0,0.0,1.0,6.0,0.19,0.292,0.476,0.768,99.0,0.4,143.0,10.0,0.0,2.0,0.0,0.0,0.0,/D7H9,
Matt Erickson*,28.0,MIL,NL,0.0,4.0,6.0,6.0,0.0,1.0,0.0,0.0,0.0,0.0,0.0,0.0,0.0,1.0,0.167,0.167,0.167,0.333,-13.0,0.151,-40.0,1.0,0.0,0.0,0.0,0.0,0.0,/H46,
Matt Ginter,26.0,NYM,NL,0.2,13.0,19.0,14.0,1.0,3.0,1.0,0.0,0.0,1.0,0.0,0.0,2.0,5.0,0.214,0.313,0.286,0.598,58.0,0.28,47.0,4.0,0.0,0.0,3.0,0.0,0.0,1,
Matt Guerrier,25.0,MIN,AL,0.0,1.0,1.0,1.0,0.0,0.0,0.0,0.0,0.0,0.0,0.0,0.0,0.0,1.0,0.0,0.0,0.0,0.0,-100.0,0.0,-131.0,0.0,0.0,0.0,0.0,0.0,0.0,/1,
Matt Hensley,25.0,ANA,AL,0.0,4.0,1.0,1.0,0.0,0.0,0.0,0.0,0.0,0.0,0.0,0.0,0.0,1.0,0.0,0.0,0.0,0.0,-100.0,0.0,-131.0,0.0,0.0,0.0,0.0,0.0,0.0,1,
Matt Herges*,34.0,SFG,NL,0.0,67.0,0.0,0.0,0.0,0.0,0.0,0.0,0.0,0.0,0.0,0.0,0.0,0.0,,,,,,,,0.0,0.0,0.0,0.0,0.0,0.0,1,
Matt Holliday,24.0,COL,NL,0.5,121.0,439.0,400.0,65.0,116.0,31.0,3.0,14.0,57.0,3.0,3.0,31.0,86.0,0.29,0.349,0.488,0.837,103.0,0.37,108.0,195.0,9.0,6.0,1.0,1.0,0.0,*7H,ROY-5
Matt Kata#,26.0,ARI,NL,0.5,42.0,178.0,162.0,17.0,40.0,9.0,2.0,2.0,13.0,4.0,1.0,13.0,29.0,0.247,0.301,0.364,0.665,68.0,0.307,65.0,59.0,1.0,0.0,1.0,1.0,2.0,4/5H6,
Matt Kinney,27.0,MIL,NL,0.0,31.0,10.0,9.0,0.0,2.0,0.0,0.0,0.0,1.0,0.0,0.0,0.0,1.0,0.222,0.222,0.222,0.444,16.0,0.201,-14.0,2.0,0.0,0.0,1.0,0.0,0.0,1,
Matt Lawton*,32.0,CLE,AL,1.3,150.0,680.0,591.0,109.0,164.0,25.0,0.0,20.0,70.0,23.0,9.0,74.0,84.0,0.277,0.366,0.421,0.787,111.0,0.358,115.0,249.0,21.0,11.0,0.0,4.0,3.0,*79/HD,AS
Matt LeCroy,28.0,MIN,AL,-0.2,88.0,287.0,264.0,25.0,71.0,14.0,0.0,9.0,39.0,0.0,0.0,16.0,60.0,0.269,0.321,0.424,0.745,91.0,0.331,88.0,112.0,7.0,5.0,0.0,2.0,0.0,D23H,
Matt Mantei,30.0,ARI,NL,0.0,12.0,0.0,0.0,0.0,0.0,0.0,0.0,0.0,0.0,0.0,0.0,0.0,0.0,,,,,,,,0.0,0.0,0.0,0.0,0.0,0.0,1,
Matt Miller,32.0,CLE,AL,0.0,3.0,0.0,0.0,0.0,0.0,0.0,0.0,0.0,0.0,0.0,0.0,0.0,0.0,,,,,,,,0.0,0.0,0.0,0.0,0.0,0.0,1,
Matt Morris,29.0,STL,NL,0.2,31.0,75.0,62.0,4.0,10.0,1.0,0.0,0.0,6.0,0.0,0.0,4.0,26.0,0.161,0.209,0.177,0.386,2.0,0.196,-19.0,11.0,0.0,0.0,8.0,1.0,0.0,1,
Matt Perisho*,29.0,FLA,NL,0.0,64.0,0.0,0.0,0.0,0.0,0.0,0.0,0.0,0.0,0.0,0.0,0.0,0.0,,,,,,,,0.0,0.0,0.0,0.0,0.0,0.0,1,
Matt Riley*,24.0,BAL,AL,0.0,2.0,2.0,2.0,0.0,0.0,0.0,0.0,0.0,0.0,0.0,0.0,0.0,2.0,0.0,0.0,0.0,0.0,-100.0,0.0,-140.0,0.0,0.0,0.0,0.0,0.0,0.0,1,
Matt Stairs*,36.0,KCR,AL,0.4,126.0,496.0,439.0,48.0,117.0,21.0,3.0,18.0,66.0,1.0,0.0,49.0,92.0,0.267,0.345,0.451,0.796,105.0,0.354,105.0,198.0,15.0,5.0,0.0,3.0,2.0,93D7/H,
Matt Thornton*,27.0,SEA,AL,0.0,1.0,0.0,0.0,0.0,0.0,0.0,0.0,0.0,0.0,0.0,0.0,0.0,0.0,,,,,,,,0.0,0.0,0.0,0.0,0.0,0.0,1,
Matt Treanor,28.0,FLA,NL,-0.4,29.0,61.0,55.0,7.0,13.0,2.0,0.0,0.0,1.0,0.0,0.0,4.0,13.0,0.236,0.311,0.273,0.584,57.0,0.272,53.0,15.0,3.0,2.0,0.0,0.0,0.0,2/H,
Matt Wise,28.0,MIL,NL,-0.1,30.0,5.0,4.0,0.0,0.0,0.0,0.0,0.0,0.0,0.0,0.0,0.0,1.0,0.0,0.0,0.0,0.0,-100.0,0.0,-211.0,0.0,0.0,0.0,1.0,0.0,0.0,1,
Matthew Cepicky*,26.0,MON,NL,-0.3,32.0,61.0,60.0,4.0,13.0,4.0,0.0,1.0,3.0,1.0,0.0,1.0,18.0,0.217,0.23,0.333,0.563,41.0,0.247,23.0,20.0,1.0,0.0,0.0,0.0,0.0,H/79D,
Melvin Mora,32.0,BAL,AL,5.6,140.0,636.0,550.0,111.0,187.0,41.0,0.0,27.0,104.0,11.0,6.0,66.0,95.0,0.34,0.419,0.562,0.981,155.0,0.423,158.0,309.0,10.0,11.0,6.0,3.0,0.0,*5/H6D,"MVP-18,SS"
Mendy López,30.0,KCR,AL,-0.6,18.0,44.0,38.0,4.0,4.0,0.0,0.0,1.0,4.0,0.0,0.0,4.0,9.0,0.105,0.209,0.184,0.394,4.0,0.193,-9.0,7.0,3.0,1.0,1.0,0.0,0.0,/456H379,
Merkin Valdéz,22.0,SFG,NL,0.0,2.0,0.0,0.0,0.0,0.0,0.0,0.0,0.0,0.0,0.0,0.0,0.0,0.0,,,,,,,,0.0,0.0,0.0,0.0,0.0,0.0,/1,
Michael Barrett,27.0,CHC,NL,1.5,134.0,506.0,456.0,55.0,131.0,32.0,6.0,16.0,65.0,1.0,4.0,33.0,64.0,0.287,0.337,0.489,0.826,109.0,0.352,106.0,223.0,13.0,5.0,4.0,8.0,4.0,*2H,
Michael Cuddyer,25.0,MIN,AL,0.1,115.0,382.0,339.0,49.0,89.0,22.0,1.0,12.0,45.0,5.0,5.0,37.0,74.0,0.263,0.339,0.44,0.779,100.0,0.353,106.0,149.0,8.0,3.0,2.0,1.0,2.0,45H3/97D,
Michael Restovich,25.0,MIN,AL,-0.2,29.0,51.0,47.0,9.0,12.0,3.0,0.0,2.0,6.0,0.0,0.0,4.0,10.0,0.255,0.314,0.447,0.761,94.0,0.331,88.0,21.0,0.0,0.0,0.0,0.0,0.0,7H/9D,
Michael Tejera*,27.0,FLA,NL,0.0,1.0,0.0,0.0,0.0,0.0,0.0,0.0,0.0,0.0,0.0,0.0,0.0,0.0,,,,,,,,0.0,0.0,0.0,0.0,0.0,0.0,/1,
Michael Tucker*,33.0,SFG,NL,0.0,140.0,547.0,464.0,77.0,119.0,21.0,6.0,13.0,62.0,5.0,2.0,70.0,106.0,0.256,0.353,0.412,0.765,97.0,0.343,98.0,191.0,5.0,2.0,6.0,5.0,3.0,*98H,
Michael Wuertz,25.0,CHC,NL,0.0,30.0,1.0,1.0,0.0,0.0,0.0,0.0,0.0,0.0,0.0,0.0,0.0,1.0,0.0,0.0,0.0,0.0,-100.0,0.0,-142.0,0.0,0.0,0.0,0.0,0.0,0.0,1,
Michael Young,27.0,TEX,AL,1.9,160.0,739.0,690.0,114.0,216.0,33.0,9.0,22.0,99.0,12.0,3.0,44.0,89.0,0.313,0.353,0.483,0.836,109.0,0.369,108.0,333.0,11.0,1.0,0.0,4.0,1.0,*6/D,"AS,MVP-8"
Mickey Lopez#,30.0,SEA,AL,0.2,6.0,6.0,4.0,1.0,1.0,0.0,0.0,0.0,0.0,0.0,0.0,1.0,0.0,0.25,0.5,0.25,0.75,108.0,0.381,128.0,1.0,0.0,1.0,0.0,0.0,0.0,/H4D,
Midre Cummings*,32.0,TBD,AL,0.1,22.0,61.0,54.0,10.0,15.0,4.0,0.0,2.0,7.0,1.0,0.0,5.0,12.0,0.278,0.361,0.463,0.824,117.0,0.364,115.0,25.0,0.0,2.0,0.0,0.0,0.0,DH/7,
Miguel Batista,33.0,TOR,AL,-0.1,2.0,5.0,5.0,0.0,0.0,0.0,0.0,0.0,0.0,0.0,0.0,0.0,3.0,0.0,0.0,0.0,0.0,-100.0,0.0,-143.0,0.0,0.0,0.0,0.0,0.0,0.0,1,
Miguel Cabrera,21.0,FLA,NL,3.5,160.0,685.0,603.0,101.0,177.0,31.0,1.0,33.0,112.0,5.0,2.0,68.0,148.0,0.294,0.366,0.512,0.879,130.0,0.384,134.0,309.0,20.0,6.0,0.0,8.0,5.0,*97/DH,"AS,MVP-22"
Miguel Cairo,30.0,NYY,AL,1.2,122.0,408.0,360.0,48.0,105.0,17.0,5.0,6.0,42.0,11.0,3.0,18.0,49.0,0.292,0.346,0.417,0.763,100.0,0.357,109.0,150.0,7.0,14.0,12.0,4.0,1.0,*4/56H3,
Miguel Ojeda,29.0,SDP,NL,0.8,62.0,174.0,156.0,23.0,40.0,3.0,0.0,8.0,26.0,0.0,0.0,15.0,34.0,0.256,0.322,0.429,0.751,101.0,0.329,100.0,67.0,1.0,1.0,0.0,2.0,1.0,2H,
Miguel Olivo,25.0,2TM,AL,1.4,96.0,329.0,301.0,46.0,70.0,15.0,4.0,13.0,40.0,7.0,6.0,20.0,84.0,0.233,0.286,0.439,0.725,86.0,0.322,88.0,132.0,4.0,3.0,4.0,1.0,2.0,2/H,
Miguel Olivo,25.0,CHW,AL,1.4,46.0,156.0,141.0,21.0,38.0,7.0,2.0,7.0,26.0,5.0,4.0,10.0,29.0,0.27,0.316,0.496,0.812,106.0,0.359,112.0,70.0,2.0,0.0,4.0,1.0,1.0,2/H,
Miguel Olivo,25.0,SEA,AL,0.0,50.0,173.0,160.0,25.0,32.0,8.0,2.0,6.0,14.0,2.0,2.0,10.0,55.0,0.2,0.26,0.388,0.648,68.0,0.289,67.0,62.0,2.0,3.0,0.0,0.0,1.0,2/H,
Miguel Tejada,30.0,BAL,AL,7.4,162.0,725.0,653.0,107.0,203.0,40.0,2.0,34.0,150.0,4.0,1.0,48.0,73.0,0.311,0.36,0.534,0.894,131.0,0.397,138.0,349.0,24.0,10.0,0.0,14.0,6.0,*6,"AS,MVP-5,SS"
Mike Adams,25.0,MIL,NL,0.0,43.0,0.0,0.0,0.0,0.0,0.0,0.0,0.0,0.0,0.0,0.0,0.0,0.0,,,,,,,,0.0,0.0,0.0,0.0,0.0,0.0,1,
Mike Bynum*,26.0,SDP,NL,0.0,2.0,0.0,0.0,0.0,0.0,0.0,0.0,0.0,0.0,0.0,0.0,0.0,0.0,,,,,,,,0.0,0.0,0.0,0.0,0.0,0.0,/1,
Mike Cameron,31.0,NYM,NL,1.5,140.0,562.0,493.0,76.0,114.0,30.0,1.0,30.0,76.0,22.0,6.0,57.0,143.0,0.231,0.319,0.479,0.798,105.0,0.348,102.0,236.0,5.0,8.0,1.0,3.0,2.0,*8/H,
Mike DeJean,33.0,2TM,2LG,0.0,21.0,1.0,1.0,0.0,0.0,0.0,0.0,0.0,0.0,0.0,0.0,0.0,1.0,0.0,0.0,0.0,0.0,-100.0,0.0,-131.0,0.0,0.0,0.0,0.0,0.0,0.0,1,
Mike DeJean,33.0,BAL,AL,0.0,4.0,1.0,1.0,0.0,0.0,0.0,0.0,0.0,0.0,0.0,0.0,0.0,1.0,0.0,0.0,0.0,0.0,-100.0,0.0,-131.0,0.0,0.0,0.0,0.0,0.0,0.0,1,
Mike DeJean,33.0,NYM,NL,0.0,17.0,0.0,0.0,0.0,0.0,0.0,0.0,0.0,0.0,0.0,0.0,0.0,0.0,,,,,,,,0.0,0.0,0.0,0.0,0.0,0.0,1,
Mike Difelice,35.0,2TM,2LG,-0.4,17.0,28.0,25.0,3.0,3.0,0.0,1.0,0.0,2.0,0.0,0.0,3.0,4.0,0.12,0.214,0.2,0.414,12.0,0.194,1.0,5.0,3.0,0.0,0.0,0.0,0.0,2/HD,
Mike Difelice,35.0,DET,AL,-0.3,13.0,25.0,22.0,3.0,3.0,0.0,1.0,0.0,2.0,0.0,0.0,3.0,3.0,0.136,0.24,0.227,0.467,26.0,0.218,18.0,5.0,3.0,0.0,0.0,0.0,0.0,2/HD,
Mike Difelice,35.0,CHC,NL,-0.1,4.0,3.0,3.0,0.0,0.0,0.0,0.0,0.0,0.0,0.0,0.0,0.0,1.0,0.0,0.0,0.0,0.0,-100.0,0.0,-151.0,0.0,0.0,0.0,0.0,0.0,0.0,/2,
Mike Fetters,39.0,ARI,NL,0.0,23.0,0.0,0.0,0.0,0.0,0.0,0.0,0.0,0.0,0.0,0.0,0.0,0.0,,,,,,,,0.0,0.0,0.0,0.0,0.0,0.0,1,
Mike Gallo*,27.0,HOU,NL,0.0,67.0,1.0,1.0,0.0,0.0,0.0,0.0,0.0,0.0,0.0,0.0,0.0,0.0,0.0,0.0,0.0,0.0,-100.0,0.0,-142.0,0.0,0.0,0.0,0.0,0.0,0.0,1,
Mike González,26.0,PIT,NL,0.1,44.0,1.0,1.0,0.0,1.0,1.0,0.0,0.0,2.0,0.0,0.0,0.0,0.0,1.0,1.0,2.0,3.0,654.0,1.245,733.0,2.0,0.0,0.0,0.0,0.0,0.0,1,
Mike Gosling*,23.0,ARI,NL,-0.1,6.0,8.0,6.0,0.0,0.0,0.0,0.0,0.0,0.0,0.0,0.0,1.0,4.0,0.0,0.143,0.0,0.143,-59.0,0.101,-106.0,0.0,0.0,0.0,1.0,0.0,0.0,/1,
Mike Hampton,31.0,ATL,NL,0.2,35.0,71.0,64.0,7.0,11.0,3.0,0.0,2.0,7.0,0.0,0.0,3.0,23.0,0.172,0.209,0.313,0.521,32.0,0.24,19.0,20.0,1.0,0.0,4.0,0.0,0.0,1/H,
Mike Hessman,26.0,ATL,NL,-0.7,29.0,71.0,69.0,8.0,9.0,3.0,0.0,2.0,5.0,0.0,0.0,1.0,24.0,0.13,0.155,0.261,0.416,5.0,0.193,-10.0,18.0,0.0,1.0,0.0,0.0,0.0,3H/57,
Mike Jackson,39.0,CHW,AL,0.0,3.0,0.0,0.0,0.0,0.0,0.0,0.0,0.0,0.0,0.0,0.0,0.0,0.0,,,,,,,,0.0,0.0,0.0,0.0,0.0,0.0,1,
Mike Johnston*,25.0,PIT,NL,0.0,20.0,0.0,0.0,0.0,0.0,0.0,0.0,0.0,0.0,0.0,0.0,0.0,0.0,,,,,,,,0.0,0.0,0.0,0.0,0.0,0.0,1,
Mike Koplove,27.0,ARI,NL,0.0,72.0,0.0,0.0,0.0,0.0,0.0,0.0,0.0,0.0,0.0,0.0,0.0,0.0,,,,,,,,0.0,0.0,0.0,0.0,0.0,0.0,1,
Mike Lamb*,28.0,HOU,NL,1.8,112.0,312.0,278.0,38.0,80.0,14.0,3.0,14.0,58.0,1.0,1.0,31.0,63.0,0.288,0.356,0.511,0.867,120.0,0.374,121.0,142.0,4.0,0.0,0.0,3.0,3.0,5H3/4D,
Mike Lieberthal,32.0,PHI,NL,0.6,131.0,529.0,476.0,58.0,129.0,31.0,1.0,17.0,61.0,1.0,1.0,37.0,69.0,0.271,0.335,0.447,0.783,97.0,0.345,96.0,213.0,19.0,11.0,1.0,4.0,2.0,*2/H,
Mike Lincoln,29.0,STL,NL,0.0,13.0,0.0,0.0,0.0,0.0,0.0,0.0,0.0,0.0,0.0,0.0,0.0,0.0,,,,,,,,0.0,0.0,0.0,0.0,0.0,0.0,1,
Mike Lowell,30.0,FLA,NL,4.3,158.0,671.0,598.0,87.0,175.0,44.0,1.0,27.0,85.0,5.0,1.0,64.0,77.0,0.293,0.365,0.505,0.87,127.0,0.382,132.0,302.0,17.0,6.0,0.0,3.0,8.0,*5/DH,AS
Mike Maroth*,26.0,DET,AL,-0.1,2.0,5.0,4.0,0.0,0.0,0.0,0.0,0.0,1.0,0.0,0.0,0.0,3.0,0.0,0.0,0.0,0.0,-100.0,0.0,-192.0,0.0,0.0,0.0,1.0,0.0,0.0,1,
Mike Matheny,33.0,STL,NL,-0.4,122.0,419.0,385.0,28.0,95.0,22.0,1.0,5.0,50.0,0.0,2.0,23.0,83.0,0.247,0.292,0.348,0.64,66.0,0.288,61.0,134.0,12.0,3.0,5.0,3.0,7.0,*2/H3,GG
Mike Matthews*,30.0,CIN,NL,0.0,31.0,0.0,0.0,0.0,0.0,0.0,0.0,0.0,0.0,0.0,0.0,0.0,0.0,,,,,,,,0.0,0.0,0.0,0.0,0.0,0.0,1,
Mike Mordecai,36.0,FLA,NL,-0.6,69.0,90.0,84.0,7.0,19.0,3.0,0.0,1.0,5.0,0.0,1.0,6.0,18.0,0.226,0.278,0.298,0.575,53.0,0.261,49.0,25.0,1.0,0.0,0.0,0.0,0.0,H5/462,
Mike Mussina*,35.0,NYY,AL,0.0,1.0,1.0,1.0,0.0,0.0,0.0,0.0,0.0,0.0,0.0,0.0,0.0,0.0,0.0,0.0,0.0,0.0,-100.0,0.0,-131.0,0.0,0.0,0.0,0.0,0.0,0.0,1,
Mike Myers*,35.0,SEA,AL,0.0,5.0,0.0,0.0,0.0,0.0,0.0,0.0,0.0,0.0,0.0,0.0,0.0,0.0,,,,,,,,0.0,0.0,0.0,0.0,0.0,0.0,1,
Mike Piazza,35.0,NYM,NL,0.2,129.0,528.0,455.0,47.0,121.0,21.0,0.0,20.0,54.0,0.0,0.0,68.0,78.0,0.266,0.362,0.444,0.806,109.0,0.353,108.0,202.0,14.0,2.0,0.0,3.0,14.0,32/DH,AS
Mike Redmond,33.0,FLA,NL,-0.4,81.0,273.0,246.0,19.0,63.0,15.0,0.0,2.0,25.0,1.0,0.0,14.0,28.0,0.256,0.315,0.341,0.656,74.0,0.303,74.0,84.0,10.0,8.0,3.0,2.0,0.0,2/H,
Mike Remlinger*,38.0,CHC,NL,0.0,46.0,1.0,1.0,0.0,0.0,0.0,0.0,0.0,0.0,0.0,0.0,0.0,1.0,0.0,0.0,0.0,0.0,-100.0,0.0,-142.0,0.0,0.0,0.0,0.0,0.0,0.0,1,
Mike Rose#,27.0,OAK,AL,-0.1,2.0,2.0,2.0,1.0,0.0,0.0,0.0,0.0,0.0,0.0,0.0,0.0,2.0,0.0,0.0,0.0,0.0,-100.0,0.0,-140.0,0.0,0.0,0.0,0.0,0.0,0.0,/2H,
Mike Ryan*,26.0,MIN,AL,-0.2,36.0,75.0,71.0,9.0,17.0,2.0,1.0,0.0,7.0,1.0,1.0,4.0,16.0,0.239,0.28,0.296,0.576,50.0,0.261,42.0,21.0,2.0,0.0,0.0,0.0,1.0,HD7/98,
Mike Stanton*,37.0,NYM,NL,0.1,79.0,2.0,2.0,0.0,1.0,0.0,0.0,0.0,1.0,0.0,0.0,0.0,1.0,0.5,0.5,0.5,1.0,163.0,0.453,183.0,1.0,0.0,0.0,0.0,0.0,0.0,1,
Mike Sweeney,30.0,KCR,AL,1.3,106.0,452.0,411.0,56.0,118.0,23.0,0.0,22.0,79.0,3.0,2.0,33.0,44.0,0.287,0.347,0.504,0.851,118.0,0.372,118.0,207.0,7.0,6.0,0.0,2.0,9.0,3D/H,
Mike Timlin,38.0,BOS,AL,0.0,4.0,0.0,0.0,0.0,0.0,0.0,0.0,0.0,0.0,0.0,0.0,0.0,0.0,,,,,,,,0.0,0.0,0.0,0.0,0.0,0.0,1,
Mike Tonis,25.0,KCR,AL,-0.1,2.0,7.0,6.0,0.0,0.0,0.0,0.0,0.0,0.0,0.0,0.0,1.0,0.0,0.0,0.143,0.0,0.143,-58.0,0.103,-69.0,0.0,1.0,0.0,0.0,0.0,0.0,/2,
Mike Venafro*,30.0,LAD,NL,0.0,17.0,0.0,0.0,0.0,0.0,0.0,0.0,0.0,0.0,0.0,0.0,0.0,0.0,,,,,,,,0.0,0.0,0.0,0.0,0.0,0.0,1,
Mike Wood,24.0,KCR,AL,0.0,1.0,2.0,2.0,0.0,0.0,0.0,0.0,0.0,0.0,0.0,0.0,0.0,1.0,0.0,0.0,0.0,0.0,-100.0,0.0,-140.0,0.0,0.0,0.0,0.0,0.0,0.0,1,
Milton Bradley#,26.0,LAD,NL,3.1,141.0,597.0,516.0,72.0,138.0,24.0,0.0,19.0,67.0,15.0,11.0,71.0,123.0,0.267,0.362,0.424,0.786,108.0,0.35,112.0,219.0,12.0,6.0,3.0,1.0,3.0,*897/H,
MLB Average,,,,,,,,,,,,,,,,,,0.266,0.335,0.428,0.763,100.0,0.341,100.0,,,,,,,,
Moisés Alou,37.0,CHC,NL,4.0,155.0,675.0,601.0,106.0,176.0,36.0,3.0,39.0,106.0,3.0,0.0,68.0,80.0,0.293,0.361,0.557,0.919,132.0,0.401,138.0,335.0,12.0,0.0,0.0,6.0,2.0,*7/DH,"AS,MVP-14"
Morgan Ensberg,28.0,HOU,NL,0.5,131.0,456.0,411.0,51.0,113.0,20.0,3.0,10.0,66.0,6.0,4.0,36.0,46.0,0.275,0.33,0.411,0.742,90.0,0.341,97.0,169.0,17.0,0.0,5.0,4.0,1.0,*5H/6,
Nate Bump*,27.0,FLA,NL,-0.1,49.0,5.0,5.0,0.0,0.0,0.0,0.0,0.0,0.0,0.0,0.0,0.0,2.0,0.0,0.0,0.0,0.0,-100.0,0.0,-142.0,0.0,0.0,0.0,0.0,0.0,0.0,1/H,
Nate Field,28.0,KCR,AL,0.0,4.0,0.0,0.0,0.0,0.0,0.0,0.0,0.0,0.0,0.0,0.0,0.0,0.0,,,,,,,,0.0,0.0,0.0,0.0,0.0,0.0,1,
Nate Robertson,26.0,DET,AL,0.0,1.0,3.0,3.0,0.0,0.0,0.0,0.0,0.0,0.0,0.0,0.0,0.0,1.0,0.0,0.0,0.0,0.0,-100.0,0.0,-132.0,0.0,0.0,0.0,0.0,0.0,0.0,1,ROY-8
Neal Cotts*,24.0,CHW,AL,0.1,3.0,1.0,1.0,0.0,1.0,1.0,0.0,0.0,0.0,0.0,0.0,0.0,0.0,1.0,1.0,2.0,3.0,650.0,1.241,700.0,2.0,0.0,0.0,0.0,0.0,0.0,1,
Neifi Pérez#,31.0,2TM,NL,0.2,126.0,420.0,381.0,40.0,97.0,17.0,1.0,4.0,39.0,1.0,1.0,24.0,41.0,0.255,0.296,0.336,0.632,63.0,0.287,57.0,128.0,8.0,0.0,11.0,4.0,3.0,64H/5,
Neifi Pérez#,31.0,SFG,NL,-0.7,103.0,353.0,319.0,28.0,74.0,12.0,1.0,2.0,33.0,0.0,1.0,21.0,35.0,0.232,0.276,0.295,0.571,48.0,0.259,36.0,94.0,7.0,0.0,9.0,4.0,3.0,64H/5,
Neifi Pérez#,31.0,CHC,NL,0.9,23.0,67.0,62.0,12.0,23.0,5.0,0.0,2.0,6.0,1.0,0.0,3.0,6.0,0.371,0.4,0.548,0.948,141.0,0.436,163.0,34.0,1.0,0.0,2.0,0.0,0.0,6/H4,
Nelson Figueroa#,30.0,PIT,NL,0.0,10.0,7.0,7.0,0.0,1.0,0.0,0.0,0.0,1.0,0.0,0.0,0.0,2.0,0.143,0.143,0.143,0.286,-25.0,0.116,-65.0,1.0,0.0,0.0,0.0,0.0,0.0,1,
Nick Bierbrodt*,26.0,TEX,AL,-0.1,1.0,3.0,2.0,0.0,0.0,0.0,0.0,0.0,0.0,0.0,0.0,0.0,2.0,0.0,0.0,0.0,0.0,-100.0,0.0,-272.0,0.0,0.0,0.0,1.0,0.0,0.0,/1,
Nick Green,25.0,ATL,NL,-0.5,95.0,290.0,264.0,40.0,72.0,15.0,3.0,3.0,26.0,1.0,2.0,12.0,63.0,0.273,0.312,0.386,0.698,79.0,0.306,72.0,102.0,0.0,4.0,8.0,2.0,1.0,4H/59,
Nick Johnson*,25.0,MON,NL,0.3,73.0,295.0,251.0,35.0,63.0,16.0,0.0,7.0,33.0,6.0,3.0,40.0,58.0,0.251,0.359,0.398,0.758,93.0,0.344,96.0,100.0,5.0,3.0,0.0,1.0,2.0,3/H,
Nick Punto#,26.0,MIN,AL,0.4,38.0,103.0,91.0,17.0,23.0,0.0,0.0,2.0,12.0,6.0,0.0,12.0,19.0,0.253,0.34,0.319,0.658,72.0,0.325,75.0,29.0,2.0,0.0,0.0,0.0,0.0,46H/D58,
Nick Swisher#,23.0,OAK,AL,-0.4,20.0,71.0,60.0,11.0,15.0,4.0,0.0,2.0,8.0,0.0,0.0,8.0,11.0,0.25,0.352,0.417,0.769,101.0,0.353,107.0,25.0,2.0,2.0,0.0,1.0,0.0,7/93DH8,
Noah Lowry,23.0,SFG,NL,0.0,14.0,36.0,33.0,2.0,6.0,2.0,0.0,0.0,0.0,0.0,0.0,0.0,10.0,0.182,0.182,0.242,0.424,8.0,0.185,-26.0,8.0,1.0,0.0,3.0,0.0,0.0,1,
Nomar Garciaparra,30.0,2TM,2LG,1.3,81.0,354.0,321.0,52.0,99.0,21.0,3.0,9.0,41.0,4.0,1.0,24.0,30.0,0.308,0.365,0.477,0.842,113.0,0.384,123.0,153.0,10.0,6.0,1.0,2.0,2.0,6/HD,
Nomar Garciaparra,30.0,BOS,AL,0.0,38.0,169.0,156.0,24.0,50.0,7.0,3.0,5.0,21.0,2.0,0.0,8.0,16.0,0.321,0.367,0.5,0.867,118.0,0.374,113.0,78.0,4.0,4.0,0.0,1.0,2.0,6/D,
Nomar Garciaparra,30.0,CHC,NL,1.3,43.0,185.0,165.0,28.0,49.0,14.0,0.0,4.0,20.0,2.0,1.0,16.0,14.0,0.297,0.364,0.455,0.819,109.0,0.394,134.0,75.0,6.0,2.0,1.0,1.0,0.0,6/H,
Nook Logan#,24.0,DET,AL,0.6,47.0,152.0,133.0,12.0,37.0,5.0,2.0,0.0,10.0,8.0,2.0,13.0,24.0,0.278,0.34,0.346,0.686,85.0,0.318,84.0,46.0,1.0,0.0,5.0,1.0,0.0,8/H,
Octavio Dotel,30.0,2TM,2LG,0.0,32.0,0.0,0.0,0.0,0.0,0.0,0.0,0.0,0.0,0.0,0.0,0.0,0.0,,,,,,,,0.0,0.0,0.0,0.0,0.0,0.0,1,
Octavio Dotel,30.0,HOU,NL,0.0,30.0,0.0,0.0,0.0,0.0,0.0,0.0,0.0,0.0,0.0,0.0,0.0,0.0,,,,,,,,0.0,0.0,0.0,0.0,0.0,0.0,1,
Octavio Dotel,30.0,OAK,AL,0.0,2.0,0.0,0.0,0.0,0.0,0.0,0.0,0.0,0.0,0.0,0.0,0.0,0.0,,,,,,,,0.0,0.0,0.0,0.0,0.0,0.0,1,
Odalis Pérez*,26.0,LAD,NL,-0.1,30.0,70.0,62.0,5.0,7.0,2.0,0.0,0.0,2.0,0.0,0.0,2.0,17.0,0.113,0.141,0.145,0.286,-24.0,0.146,-51.0,9.0,2.0,0.0,6.0,0.0,0.0,1,
Olmedo Sáenz,33.0,LAD,NL,0.8,77.0,128.0,111.0,17.0,31.0,1.0,0.0,8.0,22.0,0.0,0.0,12.0,33.0,0.279,0.352,0.505,0.856,123.0,0.383,133.0,56.0,4.0,2.0,0.0,3.0,1.0,H3/D5,
Omar Infante,22.0,DET,AL,2.2,142.0,556.0,503.0,69.0,133.0,27.0,9.0,16.0,55.0,13.0,7.0,40.0,112.0,0.264,0.317,0.449,0.766,102.0,0.34,104.0,226.0,4.0,1.0,7.0,5.0,3.0,465/H8,
Omar Vizquel#,37.0,CLE,AL,4.0,148.0,651.0,567.0,82.0,165.0,28.0,3.0,7.0,59.0,19.0,6.0,57.0,62.0,0.291,0.353,0.388,0.741,99.0,0.347,107.0,220.0,12.0,1.0,20.0,6.0,0.0,*6/H,
Orber Moreno,27.0,NYM,NL,0.0,32.0,1.0,1.0,0.0,0.0,0.0,0.0,0.0,0.0,0.0,0.0,0.0,0.0,0.0,0.0,0.0,0.0,-100.0,0.0,-142.0,0.0,0.0,0.0,0.0,0.0,0.0,1,
Orlando Cabrera,29.0,2TM,2LG,1.4,161.0,673.0,618.0,74.0,163.0,38.0,3.0,10.0,62.0,16.0,4.0,39.0,54.0,0.264,0.306,0.383,0.689,75.0,0.318,75.0,237.0,16.0,3.0,3.0,10.0,0.0,*6/H,
Orlando Cabrera,29.0,MON,NL,-0.4,103.0,425.0,390.0,41.0,96.0,19.0,2.0,4.0,31.0,12.0,3.0,28.0,31.0,0.246,0.298,0.336,0.634,62.0,0.299,61.0,131.0,12.0,2.0,2.0,3.0,0.0,6/H,
Orlando Cabrera,29.0,BOS,AL,1.8,58.0,248.0,228.0,33.0,67.0,19.0,1.0,6.0,31.0,4.0,1.0,11.0,23.0,0.294,0.32,0.465,0.785,97.0,0.35,97.0,106.0,4.0,1.0,1.0,7.0,0.0,6,
Orlando Hudson#,26.0,TOR,AL,5.2,135.0,551.0,489.0,73.0,132.0,32.0,7.0,12.0,58.0,7.0,3.0,51.0,98.0,0.27,0.341,0.438,0.779,98.0,0.353,101.0,214.0,12.0,4.0,3.0,4.0,0.0,*4/H,
Orlando Palmeiro*,35.0,HOU,NL,0.0,102.0,156.0,133.0,19.0,32.0,5.0,0.0,3.0,12.0,2.0,1.0,18.0,19.0,0.241,0.344,0.346,0.69,79.0,0.314,77.0,46.0,1.0,3.0,2.0,0.0,1.0,H79/8,
Pat Borders,41.0,2TM,AL,0.4,38.0,99.0,95.0,9.0,22.0,6.0,0.0,1.0,10.0,3.0,1.0,1.0,22.0,0.232,0.247,0.326,0.574,49.0,0.28,54.0,31.0,2.0,1.0,2.0,0.0,0.0,2/H,
Pat Borders,41.0,SEA,AL,0.2,19.0,55.0,53.0,6.0,10.0,2.0,0.0,1.0,5.0,1.0,1.0,1.0,12.0,0.189,0.204,0.283,0.487,27.0,0.239,32.0,15.0,2.0,0.0,1.0,0.0,0.0,2,
Pat Borders,41.0,MIN,AL,0.2,19.0,44.0,42.0,3.0,12.0,4.0,0.0,0.0,5.0,2.0,0.0,0.0,10.0,0.286,0.302,0.381,0.683,76.0,0.332,81.0,16.0,0.0,1.0,1.0,0.0,0.0,2/H,
Pat Burrell,27.0,PHI,NL,1.5,127.0,534.0,448.0,66.0,115.0,17.0,0.0,24.0,84.0,2.0,0.0,78.0,130.0,0.257,0.365,0.455,0.821,107.0,0.365,109.0,204.0,10.0,2.0,0.0,6.0,7.0,*7/H,
Pat Hentgen,35.0,TOR,AL,0.0,2.0,1.0,1.0,0.0,0.0,0.0,0.0,0.0,0.0,0.0,0.0,0.0,0.0,0.0,0.0,0.0,0.0,-100.0,0.0,-138.0,0.0,1.0,0.0,0.0,0.0,0.0,1,
Paul Abbott,36.0,PHI,NL,0.0,8.0,14.0,11.0,1.0,2.0,0.0,0.0,0.0,2.0,0.0,0.0,0.0,4.0,0.182,0.182,0.182,0.364,-7.0,0.165,-71.0,2.0,0.0,0.0,3.0,0.0,0.0,1,
Paul Bako*,32.0,CHC,NL,-0.1,49.0,157.0,138.0,13.0,28.0,8.0,0.0,1.0,10.0,1.0,0.0,15.0,29.0,0.203,0.288,0.283,0.571,48.0,0.266,39.0,39.0,4.0,2.0,1.0,1.0,3.0,2/H,
Paul Byrd,33.0,ATL,NL,0.3,18.0,43.0,30.0,2.0,6.0,0.0,0.0,0.0,4.0,0.0,0.0,5.0,7.0,0.2,0.314,0.2,0.514,37.0,0.254,18.0,6.0,0.0,0.0,8.0,0.0,0.0,1,
Paul Konerko,28.0,CHW,AL,2.3,155.0,643.0,563.0,84.0,156.0,22.0,0.0,41.0,117.0,1.0,0.0,69.0,107.0,0.277,0.359,0.535,0.894,127.0,0.387,127.0,301.0,23.0,6.0,0.0,5.0,5.0,*3D/H,MVP-16
Paul Lo Duca,32.0,2TM,NL,3.2,143.0,594.0,535.0,68.0,153.0,29.0,2.0,13.0,80.0,4.0,5.0,36.0,49.0,0.286,0.338,0.421,0.758,99.0,0.338,102.0,225.0,22.0,9.0,8.0,6.0,0.0,*2/7H3,AS
Paul Lo Duca,32.0,LAD,NL,2.0,91.0,381.0,349.0,41.0,105.0,18.0,1.0,10.0,49.0,2.0,4.0,22.0,27.0,0.301,0.351,0.444,0.795,109.0,0.347,110.0,155.0,15.0,6.0,2.0,2.0,0.0,2/73H,
Paul Lo Duca,32.0,FLA,NL,1.2,52.0,213.0,186.0,27.0,48.0,11.0,1.0,3.0,31.0,2.0,1.0,14.0,22.0,0.258,0.314,0.376,0.69,82.0,0.322,89.0,70.0,7.0,3.0,6.0,4.0,0.0,2/H,
Paul Phillips,27.0,KCR,AL,0.0,4.0,6.0,5.0,2.0,1.0,0.0,0.0,0.0,0.0,0.0,0.0,0.0,1.0,0.2,0.333,0.2,0.533,44.0,0.276,52.0,1.0,0.0,1.0,0.0,0.0,0.0,/2,
Paul Quantrill*,35.0,NYY,AL,0.0,6.0,1.0,1.0,0.0,0.0,0.0,0.0,0.0,0.0,0.0,0.0,0.0,0.0,0.0,0.0,0.0,0.0,-100.0,0.0,-131.0,0.0,1.0,0.0,0.0,0.0,0.0,1,
Paul Wilson,31.0,CIN,NL,-0.2,28.0,70.0,60.0,2.0,6.0,2.0,0.0,0.0,2.0,0.0,0.0,2.0,37.0,0.1,0.143,0.133,0.276,-27.0,0.131,-67.0,8.0,0.0,1.0,7.0,0.0,0.0,1,
Pedro Feliciano*,27.0,NYM,NL,0.0,22.0,0.0,0.0,0.0,0.0,0.0,0.0,0.0,0.0,0.0,0.0,0.0,0.0,,,,,,,,0.0,0.0,0.0,0.0,0.0,0.0,1,
Pedro Feliz,29.0,SFG,NL,2.0,144.0,531.0,503.0,72.0,139.0,33.0,3.0,22.0,84.0,5.0,2.0,23.0,85.0,0.276,0.305,0.485,0.79,100.0,0.344,98.0,244.0,18.0,0.0,0.0,5.0,1.0,35H6/79,
Pedro Liriano,23.0,MIL,NL,0.0,11.0,1.0,1.0,0.0,0.0,0.0,0.0,0.0,0.0,0.0,0.0,0.0,0.0,0.0,0.0,0.0,0.0,-100.0,0.0,-142.0,0.0,0.0,0.0,0.0,0.0,0.0,1,
Pedro Martínez,32.0,BOS,AL,0.0,1.0,2.0,2.0,0.0,0.0,0.0,0.0,0.0,0.0,0.0,0.0,0.0,1.0,0.0,0.0,0.0,0.0,-100.0,0.0,-148.0,0.0,0.0,0.0,0.0,0.0,0.0,1,CYA-4
Peter Bergeron*,26.0,MON,NL,-0.2,11.0,45.0,42.0,2.0,9.0,0.0,0.0,0.0,1.0,0.0,1.0,2.0,16.0,0.214,0.25,0.214,0.464,20.0,0.204,1.0,9.0,0.0,0.0,1.0,0.0,0.0,8,
Peter Munro,29.0,HOU,NL,-0.1,21.0,35.0,29.0,4.0,2.0,0.0,0.0,0.0,1.0,0.0,0.0,2.0,10.0,0.069,0.125,0.069,0.194,-48.0,0.129,-71.0,2.0,0.0,0.0,3.0,1.0,0.0,1/H,
Phil Nevin,33.0,SDP,NL,3.1,147.0,623.0,547.0,78.0,158.0,31.0,1.0,26.0,105.0,0.0,0.0,66.0,121.0,0.289,0.368,0.492,0.859,130.0,0.375,134.0,269.0,16.0,5.0,0.0,5.0,5.0,*3/DH2,MVP-30
Phil Norton,28.0,CIN,NL,0.0,65.0,0.0,0.0,0.0,0.0,0.0,0.0,0.0,0.0,0.0,0.0,0.0,0.0,,,,,,,,0.0,0.0,0.0,0.0,0.0,0.0,1,
Plácido Polanco,28.0,PHI,NL,1.7,126.0,555.0,503.0,74.0,150.0,21.0,0.0,17.0,55.0,7.0,4.0,27.0,39.0,0.298,0.345,0.441,0.786,98.0,0.349,99.0,222.0,13.0,12.0,7.0,6.0,0.0,*45/H,
Pokey Reese,31.0,BOS,AL,1.3,96.0,268.0,244.0,32.0,54.0,7.0,2.0,3.0,29.0,6.0,2.0,17.0,60.0,0.221,0.271,0.303,0.574,46.0,0.28,47.0,74.0,5.0,0.0,6.0,1.0,1.0,64/H,
Preston Wilson,29.0,COL,NL,-1.1,58.0,222.0,202.0,24.0,50.0,11.0,0.0,6.0,29.0,2.0,1.0,17.0,49.0,0.248,0.315,0.391,0.706,73.0,0.308,62.0,79.0,9.0,3.0,0.0,0.0,2.0,8/H,
Quinton McCracken#,33.0,2TM,2LG,-0.1,74.0,195.0,176.0,26.0,48.0,11.0,1.0,2.0,13.0,3.0,5.0,15.0,27.0,0.273,0.328,0.381,0.709,80.0,0.304,73.0,67.0,3.0,0.0,3.0,1.0,0.0,7H9/8D,
Quinton McCracken#,33.0,SEA,AL,-0.4,19.0,23.0,20.0,6.0,3.0,0.0,0.0,0.0,0.0,1.0,1.0,2.0,4.0,0.15,0.227,0.15,0.377,3.0,0.177,-9.0,3.0,1.0,0.0,1.0,0.0,0.0,H/D78,
Quinton McCracken#,33.0,ARI,NL,0.3,55.0,172.0,156.0,20.0,45.0,11.0,1.0,2.0,13.0,2.0,4.0,13.0,23.0,0.288,0.341,0.41,0.751,90.0,0.321,84.0,64.0,2.0,0.0,2.0,1.0,0.0,7H9/8,
R.A. Dickey,29.0,TEX,AL,0.0,1.0,0.0,0.0,0.0,0.0,0.0,0.0,0.0,0.0,0.0,0.0,0.0,0.0,,,,,,,,0.0,0.0,0.0,0.0,0.0,0.0,1,
Rafael Betancourt,29.0,CLE,AL,0.0,3.0,0.0,0.0,0.0,0.0,0.0,0.0,0.0,0.0,0.0,0.0,0.0,0.0,,,,,,,,0.0,0.0,0.0,0.0,0.0,0.0,1,
Rafael Furcal#,26.0,ATL,NL,3.4,143.0,632.0,563.0,103.0,157.0,24.0,5.0,14.0,59.0,29.0,6.0,58.0,71.0,0.279,0.344,0.414,0.758,95.0,0.349,98.0,233.0,9.0,1.0,5.0,5.0,4.0,*6H/4,
Rafael Palmeiro*,39.0,BAL,AL,0.8,154.0,651.0,550.0,68.0,142.0,29.0,0.0,23.0,88.0,2.0,1.0,86.0,61.0,0.258,0.359,0.436,0.796,108.0,0.351,107.0,240.0,15.0,6.0,0.0,9.0,15.0,*3D/H,
Ramón Castro,28.0,FLA,NL,-0.5,32.0,108.0,96.0,9.0,13.0,3.0,0.0,3.0,8.0,0.0,0.0,11.0,30.0,0.135,0.231,0.26,0.492,30.0,0.227,19.0,25.0,1.0,1.0,0.0,0.0,2.0,2/H,
Ramón Castro,24.0,OAK,AL,-0.2,9.0,16.0,15.0,2.0,2.0,1.0,0.0,0.0,3.0,0.0,0.0,1.0,3.0,0.133,0.188,0.2,0.388,2.0,0.204,-3.0,3.0,1.0,0.0,0.0,0.0,1.0,/5H6D,
Ramón Hernández,28.0,SDP,NL,3.0,111.0,432.0,384.0,45.0,106.0,23.0,0.0,18.0,63.0,1.0,0.0,35.0,45.0,0.276,0.341,0.477,0.818,118.0,0.365,126.0,183.0,16.0,5.0,4.0,4.0,0.0,2/H,
Ramón Martínez,31.0,CHC,NL,-0.1,102.0,298.0,260.0,22.0,64.0,15.0,1.0,3.0,30.0,1.0,0.0,26.0,40.0,0.246,0.313,0.346,0.659,69.0,0.301,65.0,90.0,5.0,1.0,7.0,4.0,3.0,65H/4,
Ramón Nivar,24.0,TEX,AL,-0.2,7.0,21.0,18.0,3.0,4.0,0.0,0.0,0.0,4.0,1.0,1.0,0.0,7.0,0.222,0.211,0.222,0.433,10.0,0.177,-26.0,4.0,0.0,0.0,2.0,1.0,0.0,/8H,
Ramón Ortiz,31.0,ANA,AL,-0.1,1.0,3.0,3.0,0.0,0.0,0.0,0.0,0.0,0.0,0.0,0.0,0.0,0.0,0.0,0.0,0.0,0.0,-100.0,0.0,-134.0,0.0,1.0,0.0,0.0,0.0,0.0,1,
Ramón Santiago#,24.0,SEA,AL,-0.3,19.0,45.0,39.0,8.0,7.0,1.0,0.0,0.0,2.0,0.0,0.0,3.0,3.0,0.179,0.256,0.205,0.461,24.0,0.224,15.0,8.0,1.0,1.0,2.0,0.0,0.0,6/HD,
Ramón Vázquez*,27.0,SDP,NL,0.0,52.0,132.0,115.0,12.0,27.0,3.0,2.0,1.0,13.0,1.0,1.0,11.0,24.0,0.235,0.297,0.322,0.619,68.0,0.269,56.0,37.0,2.0,0.0,4.0,2.0,2.0,6H4/53,
Randall Simon*,29.0,2TM,2LG,-1.9,69.0,214.0,192.0,16.0,36.0,6.0,0.0,3.0,14.0,0.0,0.0,18.0,19.0,0.188,0.266,0.266,0.532,40.0,0.24,24.0,51.0,8.0,3.0,0.0,1.0,5.0,3HD,
Randall Simon*,29.0,PIT,NL,-1.7,61.0,193.0,175.0,14.0,34.0,6.0,0.0,3.0,14.0,0.0,0.0,15.0,17.0,0.194,0.264,0.28,0.544,42.0,0.241,25.0,49.0,8.0,2.0,0.0,1.0,5.0,3H/D,
Randall Simon*,29.0,TBD,AL,-0.2,8.0,21.0,17.0,2.0,2.0,0.0,0.0,0.0,0.0,0.0,0.0,3.0,2.0,0.118,0.286,0.118,0.403,13.0,0.225,21.0,2.0,0.0,1.0,0.0,0.0,0.0,/DH3,
Randy Choate*,28.0,ARI,NL,0.0,69.0,1.0,1.0,0.0,0.0,0.0,0.0,0.0,0.0,0.0,0.0,0.0,1.0,0.0,0.0,0.0,0.0,-100.0,0.0,-150.0,0.0,0.0,0.0,0.0,0.0,0.0,1,
Randy Flores*,28.0,STL,NL,0.0,9.0,2.0,2.0,0.0,0.0,0.0,0.0,0.0,0.0,0.0,0.0,0.0,1.0,0.0,0.0,0.0,0.0,-100.0,0.0,-152.0,0.0,0.0,0.0,0.0,0.0,0.0,/1,
Randy Johnson,40.0,ARI,NL,-0.2,33.0,87.0,80.0,1.0,10.0,3.0,0.0,0.0,6.0,0.0,0.0,4.0,37.0,0.125,0.167,0.163,0.329,-16.0,0.163,-40.0,13.0,1.0,0.0,3.0,0.0,0.0,1,"AS,CYA-2,MVP-19"
Randy Winn#,30.0,SEA,AL,4.3,157.0,703.0,626.0,84.0,179.0,34.0,6.0,14.0,81.0,21.0,7.0,53.0,98.0,0.286,0.346,0.427,0.772,103.0,0.349,105.0,267.0,16.0,8.0,9.0,7.0,1.0,*87/DH,
Randy Wolf*,27.0,PHI,NL,0.7,24.0,55.0,45.0,6.0,12.0,2.0,0.0,3.0,8.0,0.0,0.0,1.0,10.0,0.267,0.277,0.511,0.788,94.0,0.349,99.0,23.0,1.0,0.0,8.0,1.0,0.0,1/H,
Ray Durham#,32.0,SFG,NL,2.6,120.0,542.0,471.0,95.0,133.0,28.0,8.0,17.0,65.0,10.0,4.0,57.0,60.0,0.282,0.364,0.484,0.848,117.0,0.373,119.0,228.0,6.0,6.0,4.0,4.0,3.0,*4/H,
Ray King*,30.0,STL,NL,0.0,84.0,2.0,2.0,0.0,0.0,0.0,0.0,0.0,0.0,0.0,0.0,0.0,0.0,0.0,0.0,0.0,0.0,-100.0,0.0,-152.0,0.0,0.0,0.0,0.0,0.0,0.0,1,
Ray Lankford*,37.0,STL,NL,0.4,92.0,235.0,200.0,36.0,51.0,14.0,1.0,6.0,22.0,2.0,2.0,29.0,55.0,0.255,0.349,0.425,0.774,100.0,0.346,104.0,85.0,6.0,2.0,0.0,4.0,4.0,7H/8,
Ray Olmedo#,23.0,CIN,NL,0.0,8.0,2.0,1.0,0.0,0.0,0.0,0.0,0.0,0.0,0.0,0.0,1.0,0.0,0.0,0.5,0.0,0.5,48.0,0.354,109.0,0.0,0.0,0.0,0.0,0.0,0.0,/6H,
Raúl Chávez,31.0,HOU,NL,-0.7,64.0,176.0,162.0,9.0,34.0,8.0,0.0,0.0,23.0,0.0,1.0,10.0,38.0,0.21,0.256,0.259,0.515,34.0,0.235,19.0,42.0,9.0,0.0,4.0,0.0,3.0,2/H,
Raúl González,30.0,CLE,AL,-0.2,7.0,11.0,11.0,0.0,1.0,0.0,0.0,0.0,0.0,0.0,0.0,0.0,4.0,0.091,0.091,0.091,0.182,-51.0,0.083,-75.0,1.0,0.0,0.0,0.0,0.0,0.0,/H97,
Raúl Ibañez*,32.0,SEA,AL,2.6,123.0,524.0,481.0,67.0,146.0,31.0,1.0,16.0,62.0,1.0,2.0,36.0,72.0,0.304,0.353,0.472,0.825,116.0,0.355,111.0,227.0,10.0,3.0,0.0,4.0,5.0,*73/H9D,
Raúl Mondesi,33.0,2TM,2LG,-0.2,34.0,147.0,133.0,10.0,32.0,9.0,0.0,3.0,15.0,0.0,3.0,13.0,31.0,0.241,0.313,0.376,0.689,79.0,0.295,73.0,50.0,2.0,1.0,0.0,0.0,0.0,79/8D,
Raúl Mondesi,33.0,PIT,NL,0.1,26.0,110.0,99.0,8.0,28.0,8.0,0.0,2.0,14.0,0.0,2.0,11.0,27.0,0.283,0.355,0.424,0.779,102.0,0.335,101.0,42.0,1.0,0.0,0.0,0.0,0.0,79,
Raúl Mondesi,33.0,ANA,AL,-0.3,8.0,37.0,34.0,2.0,4.0,1.0,0.0,1.0,1.0,0.0,1.0,2.0,4.0,0.118,0.189,0.235,0.424,11.0,0.178,-3.0,8.0,1.0,1.0,0.0,0.0,0.0,/8D,
Reed Johnson,27.0,TOR,AL,0.3,141.0,582.0,537.0,68.0,145.0,25.0,2.0,10.0,61.0,6.0,3.0,28.0,98.0,0.27,0.32,0.38,0.699,79.0,0.318,77.0,204.0,17.0,12.0,3.0,2.0,2.0,*798H/D,
Reggie Sanders,36.0,STL,NL,1.5,135.0,487.0,446.0,64.0,116.0,27.0,3.0,22.0,67.0,21.0,5.0,33.0,118.0,0.26,0.315,0.482,0.797,103.0,0.349,101.0,215.0,5.0,4.0,1.0,3.0,5.0,*97H/D,
René Reyes#,26.0,COL,NL,-0.7,28.0,66.0,61.0,5.0,9.0,2.0,0.0,0.0,1.0,0.0,0.0,5.0,17.0,0.148,0.212,0.18,0.392,-2.0,0.198,-21.0,11.0,0.0,0.0,0.0,0.0,2.0,8/H97,
René Rivera,20.0,SEA,AL,-0.1,2.0,3.0,3.0,0.0,0.0,0.0,0.0,0.0,0.0,0.0,0.0,0.0,1.0,0.0,0.0,0.0,0.0,-100.0,0.0,-134.0,0.0,0.0,0.0,0.0,0.0,0.0,/2H,
Rey Ordóñez,33.0,CHC,NL,-0.4,23.0,67.0,61.0,2.0,10.0,3.0,0.0,1.0,5.0,0.0,0.0,2.0,14.0,0.164,0.19,0.262,0.453,15.0,0.225,7.0,16.0,1.0,0.0,4.0,0.0,0.0,6/H,
Rey Sánchez,36.0,TBD,AL,1.5,91.0,307.0,285.0,23.0,70.0,14.0,3.0,2.0,26.0,0.0,1.0,12.0,28.0,0.246,0.281,0.337,0.617,63.0,0.278,58.0,96.0,6.0,3.0,4.0,3.0,0.0,4/6H,
Rhéal Cormier*,37.0,PHI,NL,0.0,79.0,1.0,1.0,0.0,0.0,0.0,0.0,0.0,0.0,0.0,0.0,0.0,1.0,0.0,0.0,0.0,0.0,-100.0,0.0,-150.0,0.0,0.0,0.0,0.0,0.0,0.0,1,
Ricardo Rincón*,34.0,OAK,AL,0.0,4.0,0.0,0.0,0.0,0.0,0.0,0.0,0.0,0.0,0.0,0.0,0.0,0.0,,,,,,,,0.0,0.0,0.0,0.0,0.0,0.0,1,
Ricardo Rodríguez*,26.0,TEX,AL,0.0,1.0,2.0,2.0,0.0,0.0,0.0,0.0,0.0,0.0,0.0,0.0,0.0,2.0,0.0,0.0,0.0,0.0,-100.0,0.0,-148.0,0.0,0.0,0.0,0.0,0.0,0.0,/1,
Rich Aurilia,32.0,2TM,2LG,0.4,124.0,450.0,399.0,49.0,98.0,21.0,2.0,6.0,44.0,1.0,0.0,37.0,71.0,0.246,0.314,0.353,0.667,78.0,0.308,79.0,141.0,12.0,4.0,7.0,3.0,1.0,65H/43,
Rich Aurilia,32.0,SEA,AL,0.3,73.0,292.0,261.0,27.0,63.0,13.0,0.0,4.0,28.0,1.0,0.0,22.0,43.0,0.241,0.304,0.337,0.641,70.0,0.297,69.0,88.0,10.0,2.0,6.0,1.0,1.0,6/H,
Rich Aurilia,32.0,SDP,NL,0.1,51.0,158.0,138.0,22.0,35.0,8.0,2.0,2.0,16.0,0.0,0.0,15.0,28.0,0.254,0.331,0.384,0.715,93.0,0.328,99.0,53.0,2.0,2.0,1.0,2.0,0.0,5H/463,
Rich Harden*,22.0,OAK,AL,-0.1,2.0,5.0,5.0,0.0,0.0,0.0,0.0,0.0,0.0,0.0,0.0,0.0,3.0,0.0,0.0,0.0,0.0,-100.0,0.0,-138.0,0.0,0.0,0.0,0.0,0.0,0.0,1,
Rich Thompson*,25.0,KCR,AL,0.1,6.0,1.0,1.0,1.0,0.0,0.0,0.0,0.0,0.0,1.0,0.0,0.0,0.0,0.0,0.0,0.0,0.0,-100.0,0.232,-131.0,0.0,1.0,0.0,0.0,0.0,0.0,/H97D,
Richard Hidalgo,29.0,2TM,NL,1.1,144.0,579.0,523.0,67.0,125.0,26.0,3.0,25.0,82.0,4.0,4.0,44.0,129.0,0.239,0.301,0.444,0.745,90.0,0.319,84.0,232.0,19.0,5.0,0.0,6.0,7.0,*9/7H,
Richard Hidalgo,29.0,HOU,NL,0.2,58.0,220.0,199.0,21.0,51.0,15.0,2.0,4.0,30.0,1.0,2.0,17.0,53.0,0.256,0.309,0.412,0.721,84.0,0.306,73.0,82.0,7.0,0.0,0.0,4.0,4.0,9/H,
Richard Hidalgo,29.0,NYM,NL,0.9,86.0,359.0,324.0,46.0,74.0,11.0,1.0,21.0,52.0,3.0,2.0,27.0,76.0,0.228,0.296,0.463,0.759,94.0,0.327,90.0,150.0,12.0,5.0,0.0,2.0,3.0,9/7,
Richie Sexson,29.0,ARI,NL,0.3,23.0,104.0,90.0,20.0,21.0,4.0,0.0,9.0,23.0,0.0,0.0,14.0,21.0,0.233,0.337,0.578,0.914,126.0,0.385,124.0,52.0,2.0,0.0,0.0,0.0,0.0,3,
Rick Ankiel*,24.0,STL,NL,0.0,5.0,2.0,1.0,0.0,0.0,0.0,0.0,0.0,0.0,0.0,0.0,1.0,1.0,0.0,0.5,0.0,0.5,47.0,0.354,109.0,0.0,0.0,0.0,0.0,0.0,0.0,/1,
Rick Bauer,27.0,BAL,AL,0.0,1.0,0.0,0.0,0.0,0.0,0.0,0.0,0.0,0.0,0.0,0.0,0.0,0.0,,,,,,,,0.0,0.0,0.0,0.0,0.0,0.0,1,
Rick White,35.0,CLE,AL,0.0,6.0,0.0,0.0,0.0,0.0,0.0,0.0,0.0,0.0,0.0,0.0,0.0,0.0,,,,,,,,0.0,0.0,0.0,0.0,0.0,0.0,1,
Ricky Bottalico*,34.0,NYM,NL,0.0,57.0,2.0,2.0,0.0,0.0,0.0,0.0,0.0,0.0,0.0,0.0,0.0,0.0,0.0,0.0,0.0,0.0,-100.0,0.0,-152.0,0.0,0.0,0.0,0.0,0.0,0.0,1,
Ricky Gutiérrez,34.0,2TM,2LG,-0.8,45.0,112.0,103.0,8.0,22.0,3.0,0.0,0.0,8.0,1.0,0.0,8.0,14.0,0.214,0.277,0.243,0.52,36.0,0.255,34.0,25.0,5.0,1.0,0.0,0.0,0.0,4H/65,
Ricky Gutiérrez,34.0,NYM,NL,-0.4,24.0,70.0,63.0,2.0,11.0,2.0,0.0,0.0,5.0,0.0,0.0,6.0,8.0,0.175,0.257,0.206,0.463,24.0,0.236,24.0,13.0,3.0,1.0,0.0,0.0,0.0,4/H5,
Ricky Gutiérrez,34.0,BOS,AL,-0.4,21.0,42.0,40.0,6.0,11.0,1.0,0.0,0.0,3.0,1.0,0.0,2.0,6.0,0.275,0.31,0.3,0.61,57.0,0.286,50.0,12.0,2.0,0.0,0.0,0.0,0.0,4/6H,
Ricky Ledée*,30.0,2TM,NL,1.2,104.0,205.0,176.0,25.0,41.0,9.0,0.0,7.0,30.0,3.0,0.0,27.0,47.0,0.233,0.337,0.403,0.74,88.0,0.343,93.0,71.0,6.0,1.0,0.0,1.0,2.0,H897/D,
Ricky Ledée*,30.0,PHI,NL,1.6,73.0,145.0,123.0,19.0,35.0,7.0,0.0,7.0,26.0,2.0,0.0,22.0,27.0,0.285,0.393,0.512,0.905,128.0,0.394,129.0,63.0,5.0,0.0,0.0,0.0,2.0,H8/7D9,
Ricky Ledée*,30.0,SFG,NL,-0.4,31.0,60.0,53.0,6.0,6.0,2.0,0.0,0.0,4.0,1.0,0.0,5.0,20.0,0.113,0.2,0.151,0.351,-7.0,0.221,7.0,8.0,1.0,1.0,0.0,1.0,0.0,H9/87,
Ricky Stone,29.0,2TM,NL,0.0,42.0,1.0,1.0,0.0,0.0,0.0,0.0,0.0,0.0,0.0,0.0,0.0,0.0,0.0,0.0,0.0,0.0,-100.0,0.0,-133.0,0.0,0.0,0.0,0.0,0.0,0.0,1,
Ricky Stone,29.0,HOU,NL,0.0,15.0,0.0,0.0,0.0,0.0,0.0,0.0,0.0,0.0,0.0,0.0,0.0,0.0,,,,,,,,0.0,0.0,0.0,0.0,0.0,0.0,1,
Ricky Stone,29.0,SDP,NL,0.0,27.0,1.0,1.0,0.0,0.0,0.0,0.0,0.0,0.0,0.0,0.0,0.0,0.0,0.0,0.0,0.0,0.0,-100.0,0.0,-133.0,0.0,0.0,0.0,0.0,0.0,0.0,1,
Rigo Beltrán*,34.0,MON,NL,0.0,2.0,0.0,0.0,0.0,0.0,0.0,0.0,0.0,0.0,0.0,0.0,0.0,0.0,,,,,,,,0.0,0.0,0.0,0.0,0.0,0.0,/1,
Rob Bell,27.0,TBD,AL,0.0,2.0,5.0,5.0,1.0,1.0,1.0,0.0,0.0,0.0,0.0,0.0,0.0,2.0,0.2,0.2,0.4,0.6,54.0,0.248,38.0,2.0,0.0,0.0,0.0,0.0,0.0,1,
Rob Bowen#,23.0,MIN,AL,-0.4,17.0,32.0,27.0,1.0,3.0,0.0,0.0,1.0,2.0,0.0,0.0,4.0,10.0,0.111,0.226,0.222,0.448,17.0,0.214,5.0,6.0,1.0,0.0,1.0,0.0,0.0,2/HD,
Rob Mackowiak*,28.0,PIT,NL,1.5,155.0,555.0,491.0,65.0,121.0,22.0,6.0,17.0,75.0,13.0,4.0,50.0,114.0,0.246,0.319,0.42,0.739,90.0,0.333,91.0,206.0,3.0,6.0,1.0,7.0,2.0,*957H8/3,
Robb Quinlan,27.0,ANA,AL,1.4,56.0,177.0,160.0,23.0,55.0,14.0,0.0,5.0,23.0,3.0,1.0,14.0,26.0,0.344,0.401,0.525,0.926,142.0,0.423,156.0,84.0,1.0,2.0,0.0,1.0,0.0,53/H7D9,
Robby Hammock,27.0,ARI,NL,0.1,62.0,210.0,195.0,22.0,47.0,16.0,2.0,4.0,18.0,3.0,3.0,13.0,39.0,0.241,0.287,0.405,0.692,73.0,0.31,72.0,79.0,9.0,0.0,1.0,1.0,6.0,27/H5,
Robert Fick*,30.0,2TM,2LG,-1.4,89.0,253.0,226.0,14.0,45.0,5.0,2.0,6.0,26.0,0.0,0.0,22.0,36.0,0.199,0.277,0.319,0.595,58.0,0.266,49.0,72.0,2.0,3.0,0.0,2.0,2.0,DH73/92,
Robert Fick*,30.0,TBD,AL,-1.3,76.0,238.0,214.0,12.0,43.0,5.0,2.0,6.0,26.0,0.0,0.0,20.0,32.0,0.201,0.273,0.327,0.6,59.0,0.266,49.0,70.0,2.0,2.0,0.0,2.0,2.0,DH73/92,
Robert Fick*,30.0,SDP,NL,0.0,13.0,15.0,12.0,2.0,2.0,0.0,0.0,0.0,0.0,0.0,0.0,2.0,4.0,0.167,0.333,0.167,0.5,42.0,0.264,53.0,2.0,0.0,1.0,0.0,0.0,0.0,H/3,
Robert Machado,31.0,BAL,AL,-0.2,37.0,77.0,73.0,5.0,11.0,3.0,0.0,1.0,3.0,0.0,0.0,4.0,18.0,0.151,0.195,0.233,0.428,12.0,0.215,12.0,17.0,2.0,0.0,0.0,0.0,0.0,2/H,
Roberto Alomar#,36.0,2TM,2LG,-0.7,56.0,190.0,171.0,18.0,45.0,6.0,2.0,4.0,24.0,0.0,2.0,14.0,31.0,0.263,0.321,0.392,0.713,81.0,0.312,76.0,67.0,4.0,1.0,3.0,1.0,0.0,4H/D,
Roberto Alomar#,36.0,ARI,NL,0.1,38.0,125.0,110.0,14.0,34.0,5.0,2.0,3.0,16.0,0.0,2.0,12.0,18.0,0.309,0.382,0.473,0.855,116.0,0.363,115.0,52.0,2.0,1.0,2.0,0.0,0.0,4H/D,
Roberto Alomar#,36.0,CHW,AL,-0.8,18.0,65.0,61.0,4.0,11.0,1.0,0.0,1.0,8.0,0.0,0.0,2.0,13.0,0.18,0.203,0.246,0.449,16.0,0.215,6.0,15.0,2.0,0.0,1.0,1.0,0.0,4/DH,
Roberto Hernández,39.0,PHI,NL,0.0,57.0,0.0,0.0,0.0,0.0,0.0,0.0,0.0,0.0,0.0,0.0,0.0,0.0,,,,,,,,0.0,0.0,0.0,0.0,0.0,0.0,1,
Robin Ventura*,36.0,LAD,NL,0.1,102.0,175.0,152.0,19.0,37.0,3.0,0.0,5.0,28.0,0.0,0.0,22.0,31.0,0.243,0.337,0.362,0.699,86.0,0.32,87.0,55.0,3.0,0.0,0.0,1.0,1.0,H35/1,
Rocco Baldelli,22.0,TBD,AL,3.0,136.0,565.0,518.0,79.0,145.0,27.0,3.0,16.0,74.0,17.0,4.0,30.0,88.0,0.28,0.326,0.436,0.762,100.0,0.338,97.0,226.0,12.0,8.0,3.0,6.0,2.0,*8D/H,
Rocky Biddle,28.0,MON,NL,-0.2,44.0,14.0,11.0,0.0,0.0,0.0,0.0,0.0,0.0,0.0,0.0,0.0,7.0,0.0,0.0,0.0,0.0,-100.0,0.0,-222.0,0.0,0.0,0.0,3.0,0.0,0.0,1,
Rod Barajas,28.0,TEX,AL,0.4,108.0,389.0,358.0,50.0,89.0,26.0,1.0,15.0,58.0,0.0,1.0,13.0,63.0,0.249,0.276,0.453,0.728,80.0,0.311,69.0,162.0,3.0,3.0,8.0,7.0,0.0,2/H3,
Rod Beck,35.0,SDP,NL,0.0,22.0,0.0,0.0,0.0,0.0,0.0,0.0,0.0,0.0,0.0,0.0,0.0,0.0,,,,,,,,0.0,0.0,0.0,0.0,0.0,0.0,1,
Rodney Myers,35.0,LAD,NL,0.0,1.0,0.0,0.0,0.0,0.0,0.0,0.0,0.0,0.0,0.0,0.0,0.0,0.0,,,,,,,,0.0,0.0,0.0,0.0,0.0,0.0,/1,
Rodrigo López,28.0,BAL,AL,0.0,1.0,0.0,0.0,0.0,0.0,0.0,0.0,0.0,0.0,0.0,0.0,0.0,0.0,,,,,,,,0.0,0.0,0.0,0.0,0.0,0.0,1,
Roger Cedeño#,29.0,STL,NL,-0.4,95.0,223.0,200.0,22.0,53.0,9.0,2.0,3.0,23.0,5.0,1.0,19.0,41.0,0.265,0.327,0.375,0.702,82.0,0.314,76.0,75.0,5.0,0.0,3.0,1.0,2.0,H97/D,
Roger Clemens,41.0,HOU,NL,0.0,32.0,78.0,72.0,1.0,12.0,1.0,0.0,0.0,7.0,0.0,0.0,3.0,24.0,0.167,0.2,0.181,0.381,0.0,0.178,-26.0,13.0,2.0,0.0,3.0,0.0,0.0,1,"AS,CYA-1,MVP-8"
Román Colón,24.0,ATL,NL,0.0,18.0,0.0,0.0,0.0,0.0,0.0,0.0,0.0,0.0,0.0,0.0,0.0,0.0,,,,,,,,0.0,0.0,0.0,0.0,0.0,0.0,1,
Ron Calloway*,27.0,MON,NL,-0.8,46.0,91.0,84.0,4.0,14.0,2.0,0.0,1.0,10.0,2.0,0.0,5.0,22.0,0.167,0.211,0.226,0.437,12.0,0.225,5.0,19.0,3.0,0.0,1.0,1.0,0.0,H9/7,
Ron Mahay*,33.0,TEX,AL,0.0,4.0,1.0,1.0,0.0,0.0,0.0,0.0,0.0,0.0,0.0,0.0,0.0,0.0,0.0,0.0,0.0,0.0,-100.0,0.0,-138.0,0.0,0.0,0.0,0.0,0.0,0.0,1/H,
Ron Villone*,34.0,SEA,AL,0.0,3.0,0.0,0.0,0.0,0.0,0.0,0.0,0.0,0.0,0.0,0.0,0.0,0.0,,,,,,,,0.0,0.0,0.0,0.0,0.0,0.0,1,
Rondell White,32.0,DET,AL,2.0,121.0,498.0,448.0,76.0,121.0,21.0,2.0,19.0,67.0,1.0,2.0,39.0,77.0,0.27,0.337,0.453,0.79,109.0,0.355,114.0,203.0,13.0,8.0,0.0,3.0,4.0,7D/H,
Ronnie Belliard,29.0,CLE,AL,3.4,152.0,663.0,599.0,78.0,169.0,48.0,1.0,12.0,70.0,3.0,2.0,60.0,98.0,0.282,0.348,0.426,0.774,106.0,0.351,111.0,255.0,18.0,2.0,0.0,2.0,5.0,*4/HD,AS
Ross Gload*,28.0,CHW,AL,-0.1,110.0,260.0,234.0,28.0,75.0,16.0,0.0,7.0,44.0,0.0,3.0,20.0,37.0,0.321,0.375,0.479,0.853,119.0,0.368,118.0,112.0,11.0,2.0,1.0,3.0,1.0,H397D/8,ROY-7
Roy Corcoran,24.0,MON,NL,0.0,5.0,0.0,0.0,0.0,0.0,0.0,0.0,0.0,0.0,0.0,0.0,0.0,0.0,,,,,,,,0.0,0.0,0.0,0.0,0.0,0.0,/1,
Roy Halladay,27.0,TOR,AL,-0.1,2.0,6.0,6.0,0.0,0.0,0.0,0.0,0.0,0.0,0.0,0.0,0.0,3.0,0.0,0.0,0.0,0.0,-100.0,0.0,-144.0,0.0,0.0,0.0,0.0,0.0,0.0,1,
Roy Oswalt,26.0,HOU,NL,-0.1,35.0,89.0,71.0,1.0,10.0,1.0,0.0,0.0,6.0,0.0,0.0,3.0,16.0,0.141,0.184,0.155,0.339,-11.0,0.16,-57.0,11.0,1.0,1.0,13.0,1.0,0.0,1,"CYA-3,MVP-23"
Royce Clayton,34.0,COL,NL,1.1,146.0,652.0,574.0,95.0,160.0,36.0,4.0,8.0,54.0,10.0,5.0,48.0,125.0,0.279,0.338,0.397,0.735,80.0,0.328,76.0,228.0,13.0,4.0,24.0,2.0,0.0,*6/H,
Rubén Gotay#,21.0,KCR,AL,0.1,44.0,166.0,152.0,17.0,41.0,7.0,3.0,1.0,16.0,0.0,1.0,9.0,36.0,0.27,0.315,0.375,0.69,79.0,0.307,75.0,57.0,4.0,2.0,1.0,2.0,0.0,4/H,
Rubén Mateo,26.0,2TM,2LG,-0.2,51.0,137.0,126.0,13.0,26.0,4.0,3.0,3.0,14.0,1.0,1.0,8.0,26.0,0.206,0.27,0.357,0.627,61.0,0.271,49.0,45.0,3.0,3.0,0.0,0.0,1.0,97H8/D,
Rubén Mateo,26.0,PIT,NL,0.0,19.0,39.0,33.0,4.0,8.0,0.0,0.0,3.0,7.0,0.0,0.0,5.0,6.0,0.242,0.359,0.515,0.874,124.0,0.37,120.0,17.0,1.0,1.0,0.0,0.0,1.0,/H897D,
Rubén Mateo,26.0,KCR,AL,-0.2,32.0,98.0,93.0,9.0,18.0,4.0,3.0,0.0,7.0,1.0,1.0,3.0,20.0,0.194,0.235,0.301,0.536,38.0,0.233,23.0,28.0,2.0,2.0,0.0,0.0,0.0,97/8H,
Rubén Sierra#,38.0,NYY,AL,0.1,107.0,338.0,307.0,40.0,75.0,12.0,1.0,17.0,65.0,1.0,0.0,25.0,55.0,0.244,0.296,0.456,0.752,94.0,0.321,85.0,140.0,5.0,0.0,0.0,6.0,4.0,DH9/7,
Rudy Seánez,35.0,2TM,2LG,0.0,27.0,0.0,0.0,0.0,0.0,0.0,0.0,0.0,0.0,0.0,0.0,0.0,0.0,,,,,,,,0.0,0.0,0.0,0.0,0.0,0.0,1,
Rudy Seánez,35.0,KCR,AL,0.0,4.0,0.0,0.0,0.0,0.0,0.0,0.0,0.0,0.0,0.0,0.0,0.0,0.0,,,,,,,,0.0,0.0,0.0,0.0,0.0,0.0,1,
Rudy Seánez,35.0,FLA,NL,0.0,23.0,0.0,0.0,0.0,0.0,0.0,0.0,0.0,0.0,0.0,0.0,0.0,0.0,,,,,,,,0.0,0.0,0.0,0.0,0.0,0.0,1,
Russ Adams*,23.0,TOR,AL,0.6,22.0,78.0,72.0,10.0,22.0,2.0,1.0,4.0,10.0,1.0,0.0,5.0,5.0,0.306,0.359,0.528,0.887,124.0,0.442,161.0,38.0,3.0,1.0,0.0,0.0,0.0,6/H,
Russ Ortiz,30.0,ATL,NL,-0.2,32.0,71.0,59.0,1.0,6.0,2.0,0.0,0.0,1.0,0.0,0.0,1.0,17.0,0.102,0.131,0.136,0.267,-31.0,0.139,-74.0,8.0,1.0,1.0,10.0,0.0,0.0,1,
Russ Springer,35.0,HOU,NL,0.0,16.0,0.0,0.0,0.0,0.0,0.0,0.0,0.0,0.0,0.0,0.0,0.0,0.0,,,,,,,,0.0,0.0,0.0,0.0,0.0,0.0,1,
Russell Branyan*,28.0,MIL,NL,1.0,51.0,182.0,158.0,21.0,37.0,11.0,1.0,11.0,27.0,1.0,0.0,20.0,68.0,0.234,0.324,0.525,0.849,115.0,0.36,110.0,83.0,1.0,2.0,0.0,2.0,0.0,5/H3,
Ryan Church*,25.0,MON,NL,-0.1,30.0,71.0,63.0,6.0,11.0,1.0,0.0,1.0,6.0,0.0,0.0,7.0,16.0,0.175,0.257,0.238,0.495,28.0,0.238,17.0,15.0,3.0,0.0,1.0,0.0,1.0,H7/98,
Ryan Dempster,27.0,CHC,NL,0.0,23.0,1.0,1.0,0.0,0.0,0.0,0.0,0.0,0.0,0.0,0.0,0.0,1.0,0.0,0.0,0.0,0.0,-100.0,0.0,-142.0,0.0,0.0,0.0,0.0,0.0,0.0,1,
Ryan Drese,28.0,TEX,AL,0.1,2.0,4.0,4.0,1.0,2.0,1.0,0.0,0.0,0.0,0.0,0.0,0.0,2.0,0.5,0.5,0.75,1.25,210.0,0.538,228.0,3.0,0.0,0.0,0.0,0.0,0.0,1,
Ryan Franklin,31.0,SEA,AL,0.0,2.0,5.0,3.0,0.0,0.0,0.0,0.0,0.0,0.0,0.0,0.0,1.0,2.0,0.0,0.25,0.0,0.25,-25.0,0.18,-40.0,0.0,0.0,0.0,1.0,0.0,0.0,1,
Ryan Freel,28.0,CIN,NL,3.9,143.0,592.0,505.0,74.0,140.0,21.0,8.0,3.0,28.0,37.0,10.0,67.0,88.0,0.277,0.375,0.368,0.743,97.0,0.348,101.0,186.0,7.0,12.0,8.0,0.0,0.0,59847/H,
Ryan Howard*,24.0,PHI,NL,0.3,19.0,42.0,39.0,5.0,11.0,5.0,0.0,2.0,5.0,0.0,0.0,2.0,13.0,0.282,0.333,0.564,0.897,122.0,0.378,120.0,22.0,2.0,1.0,0.0,0.0,0.0,H/3,
Ryan Klesko*,33.0,SDP,NL,1.2,127.0,480.0,402.0,58.0,117.0,32.0,2.0,9.0,66.0,3.0,2.0,73.0,67.0,0.291,0.399,0.448,0.847,129.0,0.374,133.0,180.0,8.0,1.0,1.0,3.0,6.0,73/HD,
Ryan Ludwick,25.0,CLE,AL,0.1,15.0,54.0,50.0,3.0,11.0,2.0,0.0,2.0,4.0,0.0,0.0,2.0,14.0,0.22,0.278,0.38,0.658,74.0,0.291,69.0,19.0,0.0,2.0,0.0,0.0,0.0,9,
Ryan Madson*,23.0,PHI,NL,-0.1,49.0,4.0,3.0,0.0,0.0,0.0,0.0,0.0,0.0,0.0,0.0,0.0,2.0,0.0,0.0,0.0,0.0,-100.0,0.0,-240.0,0.0,0.0,0.0,1.0,0.0,0.0,1,
Ryan Raburn,23.0,DET,AL,-0.2,12.0,31.0,29.0,4.0,4.0,1.0,0.0,0.0,1.0,1.0,0.0,2.0,15.0,0.138,0.194,0.172,0.366,-1.0,0.179,-14.0,5.0,0.0,0.0,0.0,0.0,0.0,4/H,
Ryan Vogelsong,26.0,PIT,NL,0.3,32.0,44.0,31.0,2.0,7.0,2.0,0.0,0.0,3.0,0.0,0.0,2.0,13.0,0.226,0.265,0.29,0.555,45.0,0.275,36.0,9.0,1.0,0.0,10.0,1.0,0.0,1/H,
Ryan Wagner,21.0,CIN,NL,0.0,49.0,0.0,0.0,0.0,0.0,0.0,0.0,0.0,0.0,0.0,0.0,0.0,0.0,,,,,,,,0.0,0.0,0.0,0.0,0.0,0.0,1,
Salomón Torres,32.0,PIT,NL,0.1,82.0,2.0,2.0,0.0,1.0,1.0,0.0,0.0,0.0,0.0,0.0,0.0,1.0,0.5,0.5,1.0,1.5,277.0,0.623,304.0,2.0,0.0,0.0,0.0,0.0,0.0,1,
Sam McConnell*,28.0,ATL,NL,0.0,8.0,1.0,1.0,0.0,0.0,0.0,0.0,0.0,0.0,0.0,0.0,0.0,0.0,0.0,0.0,0.0,0.0,-100.0,0.0,-142.0,0.0,0.0,0.0,0.0,0.0,0.0,1,
Sammy Sosa,35.0,CHC,NL,1.3,126.0,539.0,478.0,69.0,121.0,21.0,0.0,35.0,80.0,0.0,0.0,56.0,133.0,0.253,0.332,0.517,0.849,114.0,0.37,116.0,247.0,9.0,2.0,0.0,3.0,4.0,*9/D,AS
Sandy Alomar,38.0,CHW,AL,0.0,50.0,164.0,146.0,15.0,35.0,4.0,0.0,2.0,14.0,0.0,0.0,11.0,13.0,0.24,0.298,0.308,0.606,58.0,0.294,61.0,45.0,4.0,2.0,3.0,2.0,2.0,2/DH,
Sandy Martínez*,33.0,2TM,AL,-0.1,4.0,6.0,6.0,0.0,0.0,0.0,0.0,0.0,0.0,0.0,0.0,0.0,3.0,0.0,0.0,0.0,0.0,-100.0,0.0,-141.0,0.0,0.0,0.0,0.0,0.0,0.0,/2H,
Sandy Martínez*,33.0,CLE,AL,0.0,1.0,2.0,2.0,0.0,0.0,0.0,0.0,0.0,0.0,0.0,0.0,0.0,1.0,0.0,0.0,0.0,0.0,-100.0,0.0,-132.0,0.0,0.0,0.0,0.0,0.0,0.0,/2,
Sandy Martínez*,33.0,BOS,AL,-0.1,3.0,4.0,4.0,0.0,0.0,0.0,0.0,0.0,0.0,0.0,0.0,0.0,2.0,0.0,0.0,0.0,0.0,-100.0,0.0,-146.0,0.0,0.0,0.0,0.0,0.0,0.0,/2H,
Scot Shields,28.0,ANA,AL,0.0,3.0,1.0,1.0,0.0,0.0,0.0,0.0,0.0,0.0,0.0,0.0,0.0,1.0,0.0,0.0,0.0,0.0,-100.0,0.0,-131.0,0.0,0.0,0.0,0.0,0.0,0.0,1,
Scott Dohmann,26.0,COL,NL,0.1,39.0,3.0,1.0,0.0,0.0,0.0,0.0,0.0,0.0,0.0,0.0,0.0,1.0,0.0,0.5,0.0,0.5,40.0,0.369,109.0,0.0,0.0,1.0,1.0,0.0,0.0,1,
Scott Downs*,28.0,MON,NL,-0.2,11.0,22.0,15.0,1.0,1.0,0.0,0.0,0.0,0.0,0.0,0.0,1.0,7.0,0.067,0.125,0.067,0.192,-49.0,0.095,-153.0,1.0,0.0,0.0,6.0,0.0,0.0,1,
Scott Elarton,28.0,2TM,2LG,0.1,10.0,17.0,12.0,2.0,3.0,0.0,0.0,0.0,0.0,0.0,0.0,1.0,3.0,0.25,0.308,0.25,0.558,43.0,0.257,5.0,3.0,0.0,0.0,4.0,0.0,0.0,1,
Scott Elarton,28.0,COL,NL,0.1,8.0,14.0,9.0,1.0,2.0,0.0,0.0,0.0,0.0,0.0,0.0,1.0,2.0,0.222,0.3,0.222,0.522,32.0,0.243,-20.0,2.0,0.0,0.0,4.0,0.0,0.0,/1,
Scott Elarton,28.0,CLE,AL,0.0,2.0,3.0,3.0,1.0,1.0,0.0,0.0,0.0,0.0,0.0,0.0,0.0,1.0,0.333,0.333,0.333,0.667,80.0,0.304,79.0,1.0,0.0,0.0,0.0,0.0,0.0,1,
Scott Erickson,36.0,NYM,NL,0.0,2.0,3.0,3.0,0.0,0.0,0.0,0.0,0.0,0.0,0.0,0.0,0.0,2.0,0.0,0.0,0.0,0.0,-100.0,0.0,-149.0,0.0,0.0,0.0,0.0,0.0,0.0,/1,
Scott Eyre*,32.0,SFG,NL,0.0,77.0,2.0,2.0,0.0,0.0,0.0,0.0,0.0,0.0,0.0,0.0,0.0,1.0,0.0,0.0,0.0,0.0,-100.0,0.0,-157.0,0.0,0.0,0.0,0.0,0.0,0.0,1,
Scott Hairston,24.0,ARI,NL,-0.4,101.0,364.0,339.0,39.0,84.0,15.0,6.0,13.0,29.0,3.0,3.0,21.0,88.0,0.248,0.293,0.442,0.735,83.0,0.315,76.0,150.0,4.0,1.0,2.0,1.0,0.0,4H/79,
Scott Hatteberg*,34.0,OAK,AL,1.5,152.0,638.0,550.0,87.0,156.0,30.0,0.0,15.0,82.0,0.0,0.0,72.0,48.0,0.284,0.367,0.42,0.787,106.0,0.355,108.0,231.0,10.0,5.0,3.0,8.0,5.0,*3/HD,
Scott Linebrink,27.0,SDP,NL,0.0,68.0,3.0,2.0,0.0,0.0,0.0,0.0,0.0,0.0,0.0,0.0,0.0,2.0,0.0,0.0,0.0,0.0,-100.0,0.0,-265.0,0.0,0.0,0.0,1.0,0.0,0.0,1,
Scott Podsednik*,28.0,MIL,NL,0.5,154.0,713.0,640.0,85.0,156.0,27.0,7.0,12.0,39.0,70.0,13.0,58.0,105.0,0.244,0.313,0.364,0.677,75.0,0.322,73.0,233.0,7.0,7.0,6.0,1.0,2.0,*8/H,
Scott Rolen,29.0,STL,NL,9.2,142.0,593.0,500.0,109.0,157.0,32.0,4.0,34.0,124.0,4.0,3.0,72.0,92.0,0.314,0.409,0.598,1.007,158.0,0.422,158.0,299.0,8.0,13.0,1.0,7.0,5.0,*5,"AS,MVP-4,GG"
Scott Schoeneweis*,30.0,CHW,AL,0.1,1.0,2.0,2.0,0.0,1.0,1.0,0.0,0.0,0.0,0.0,0.0,0.0,0.0,0.5,0.5,1.0,1.5,275.0,0.621,292.0,2.0,0.0,0.0,0.0,0.0,0.0,1,
Scott Service,37.0,ARI,NL,0.0,19.0,1.0,1.0,0.0,0.0,0.0,0.0,0.0,0.0,0.0,0.0,0.0,0.0,0.0,0.0,0.0,0.0,-100.0,0.0,-150.0,0.0,0.0,0.0,0.0,0.0,0.0,1,
Scott Spiezio#,31.0,SEA,AL,-0.8,112.0,415.0,367.0,38.0,79.0,12.0,3.0,10.0,41.0,4.0,1.0,36.0,60.0,0.215,0.288,0.346,0.634,67.0,0.286,61.0,127.0,7.0,4.0,2.0,6.0,2.0,53/HD,
Scott Stewart,28.0,LAD,NL,0.0,11.0,0.0,0.0,0.0,0.0,0.0,0.0,0.0,0.0,0.0,0.0,0.0,0.0,,,,,,,,0.0,0.0,0.0,0.0,0.0,0.0,1,
Scott Sullivan,33.0,KCR,AL,0.0,4.0,0.0,0.0,0.0,0.0,0.0,0.0,0.0,0.0,0.0,0.0,0.0,0.0,,,,,,,,0.0,0.0,0.0,0.0,0.0,0.0,1,
Scott Williamson,28.0,BOS,AL,0.0,3.0,0.0,0.0,0.0,0.0,0.0,0.0,0.0,0.0,0.0,0.0,0.0,0.0,,,,,,,,0.0,0.0,0.0,0.0,0.0,0.0,1,
Sean Burnett*,21.0,PIT,NL,-0.3,13.0,27.0,23.0,0.0,0.0,0.0,0.0,0.0,0.0,0.0,0.0,2.0,6.0,0.0,0.08,0.0,0.08,-76.0,0.057,-123.0,0.0,0.0,0.0,2.0,0.0,0.0,1,
Sean Burroughs*,23.0,SDP,NL,3.2,130.0,564.0,523.0,76.0,156.0,23.0,3.0,2.0,47.0,5.0,4.0,31.0,52.0,0.298,0.348,0.365,0.713,94.0,0.331,103.0,191.0,6.0,9.0,1.0,0.0,4.0,*5/H,
Sean Casey*,29.0,CIN,NL,4.4,146.0,633.0,571.0,101.0,185.0,44.0,2.0,24.0,99.0,2.0,0.0,46.0,36.0,0.324,0.381,0.534,0.915,137.0,0.404,146.0,305.0,16.0,10.0,0.0,6.0,5.0,*3/HD,AS
Sergio Mitre,23.0,CHC,NL,-0.1,13.0,19.0,15.0,0.0,1.0,1.0,0.0,0.0,0.0,0.0,0.0,1.0,8.0,0.067,0.125,0.133,0.258,-33.0,0.122,-93.0,2.0,0.0,0.0,3.0,0.0,0.0,1/H,
Shane Halter,34.0,ANA,AL,-0.9,46.0,121.0,114.0,10.0,23.0,5.0,0.0,4.0,13.0,1.0,1.0,7.0,30.0,0.202,0.248,0.351,0.599,56.0,0.26,46.0,40.0,3.0,0.0,0.0,0.0,0.0,5/43H6D,
Shane Nance*,26.0,ARI,NL,0.0,19.0,0.0,0.0,0.0,0.0,0.0,0.0,0.0,0.0,0.0,0.0,0.0,0.0,,,,,,,,0.0,0.0,0.0,0.0,0.0,0.0,1,
Shane Reynolds,36.0,ARI,NL,0.0,1.0,0.0,0.0,0.0,0.0,0.0,0.0,0.0,0.0,0.0,0.0,0.0,0.0,,,,,,,,0.0,0.0,0.0,0.0,0.0,0.0,/1,
Shane Spencer,32.0,NYM,NL,0.4,74.0,204.0,185.0,21.0,52.0,10.0,1.0,4.0,26.0,6.0,0.0,13.0,37.0,0.281,0.332,0.411,0.742,93.0,0.347,99.0,76.0,1.0,2.0,2.0,2.0,0.0,7H9/83D,
Shannon Stewart,30.0,MIN,AL,1.8,92.0,430.0,378.0,46.0,115.0,17.0,2.0,11.0,47.0,6.0,3.0,47.0,44.0,0.304,0.38,0.447,0.827,113.0,0.369,115.0,169.0,5.0,1.0,1.0,3.0,4.0,7D,
Shawn Camp,28.0,KCR,AL,0.0,1.0,0.0,0.0,0.0,0.0,0.0,0.0,0.0,0.0,0.0,0.0,0.0,0.0,,,,,,,,0.0,0.0,0.0,0.0,0.0,0.0,1,
Shawn Chacón,26.0,COL,NL,0.0,62.0,0.0,0.0,0.0,0.0,0.0,0.0,0.0,0.0,0.0,0.0,0.0,0.0,,,,,,,,0.0,0.0,0.0,0.0,0.0,0.0,1,
Shawn Estes,31.0,COL,NL,0.5,35.0,80.0,72.0,13.0,17.0,3.0,1.0,0.0,2.0,0.0,0.0,1.0,11.0,0.236,0.247,0.306,0.552,35.0,0.251,14.0,22.0,0.0,0.0,7.0,0.0,0.0,1/H,
Shawn Green*,31.0,LAD,NL,2.0,157.0,671.0,590.0,92.0,157.0,28.0,1.0,28.0,86.0,5.0,2.0,71.0,114.0,0.266,0.352,0.459,0.811,113.0,0.362,118.0,271.0,17.0,8.0,0.0,2.0,6.0,*39/DH,
Shawn Hill,23.0,MON,NL,-0.1,3.0,3.0,2.0,0.0,0.0,0.0,0.0,0.0,0.0,0.0,0.0,0.0,2.0,0.0,0.0,0.0,0.0,-100.0,0.0,-287.0,0.0,0.0,0.0,1.0,0.0,0.0,/1,
Shawn Wooten,31.0,PHI,NL,-0.6,33.0,57.0,53.0,2.0,9.0,3.0,0.0,0.0,2.0,0.0,0.0,2.0,9.0,0.17,0.228,0.226,0.454,16.0,0.21,-2.0,12.0,4.0,2.0,0.0,0.0,0.0,H3/5,
Shea Hillenbrand,28.0,ARI,NL,0.8,148.0,604.0,562.0,68.0,174.0,36.0,3.0,15.0,80.0,2.0,0.0,24.0,49.0,0.31,0.348,0.464,0.812,104.0,0.362,108.0,261.0,18.0,12.0,0.0,6.0,2.0,*35/H,
Shigetoshi Hasegawa,35.0,SEA,AL,0.0,4.0,0.0,0.0,0.0,0.0,0.0,0.0,0.0,0.0,0.0,0.0,0.0,0.0,,,,,,,,0.0,0.0,0.0,0.0,0.0,0.0,1,
Shingo Takatsu,35.0,CHW,AL,0.0,3.0,0.0,0.0,0.0,0.0,0.0,0.0,0.0,0.0,0.0,0.0,0.0,0.0,,,,,,,,0.0,0.0,0.0,0.0,0.0,0.0,1,ROY-2
Sidney Ponson,27.0,BAL,AL,-0.1,2.0,5.0,5.0,0.0,0.0,0.0,0.0,0.0,0.0,0.0,0.0,0.0,4.0,0.0,0.0,0.0,0.0,-100.0,0.0,-137.0,0.0,0.0,0.0,0.0,0.0,0.0,1,
Simon Pond*,27.0,TOR,AL,-0.5,16.0,56.0,49.0,4.0,8.0,2.0,0.0,1.0,6.0,0.0,0.0,5.0,12.0,0.163,0.25,0.265,0.515,33.0,0.236,21.0,13.0,3.0,1.0,0.0,1.0,0.0,/7D9H,
So Taguchi,34.0,STL,NL,0.2,109.0,206.0,179.0,26.0,52.0,10.0,2.0,3.0,25.0,6.0,3.0,12.0,23.0,0.291,0.337,0.419,0.756,95.0,0.345,102.0,75.0,6.0,2.0,10.0,3.0,1.0,789H,
Sterling Hitchcock*,33.0,SDP,NL,-0.1,4.0,7.0,7.0,0.0,0.0,0.0,0.0,0.0,0.0,0.0,0.0,0.0,4.0,0.0,0.0,0.0,0.0,-100.0,0.0,-138.0,0.0,1.0,0.0,0.0,0.0,0.0,/1,
Steve Colyer*,25.0,DET,AL,0.0,4.0,0.0,0.0,0.0,0.0,0.0,0.0,0.0,0.0,0.0,0.0,0.0,0.0,,,,,,,,0.0,0.0,0.0,0.0,0.0,0.0,1,
Steve Finley*,39.0,2TM,NL,3.2,162.0,706.0,628.0,92.0,170.0,28.0,1.0,36.0,94.0,9.0,7.0,61.0,82.0,0.271,0.333,0.49,0.823,109.0,0.352,105.0,308.0,14.0,1.0,9.0,7.0,1.0,*8/HD,"MVP-14,GG"
Steve Finley*,39.0,ARI,NL,1.7,104.0,456.0,404.0,61.0,111.0,16.0,1.0,23.0,48.0,8.0,4.0,40.0,52.0,0.275,0.338,0.49,0.828,107.0,0.354,102.0,198.0,9.0,1.0,6.0,5.0,1.0,8/D,
Steve Finley*,39.0,LAD,NL,1.4,58.0,250.0,224.0,31.0,59.0,12.0,0.0,13.0,46.0,1.0,3.0,21.0,30.0,0.263,0.324,0.491,0.815,112.0,0.348,111.0,110.0,5.0,0.0,3.0,2.0,0.0,8/H,
Steve Karsay,32.0,NYY,AL,0.0,1.0,0.0,0.0,0.0,0.0,0.0,0.0,0.0,0.0,0.0,0.0,0.0,0.0,,,,,,,,0.0,0.0,0.0,0.0,0.0,0.0,/1,
Steve Kline#,31.0,STL,NL,0.0,64.0,1.0,0.0,1.0,0.0,0.0,0.0,0.0,0.0,0.0,0.0,0.0,0.0,,,,,,,,0.0,0.0,0.0,1.0,0.0,0.0,1,
Steve Randolph*,30.0,ARI,NL,0.3,45.0,12.0,12.0,4.0,5.0,3.0,0.0,0.0,3.0,0.0,0.0,0.0,3.0,0.417,0.417,0.667,1.083,169.0,0.462,180.0,8.0,0.0,0.0,0.0,0.0,0.0,1/H,
Steve Reed,39.0,COL,NL,0.0,61.0,2.0,2.0,0.0,1.0,0.0,0.0,0.0,0.0,0.0,0.0,0.0,1.0,0.5,0.5,0.5,1.0,148.0,0.406,135.0,1.0,0.0,0.0,0.0,0.0,0.0,1,
Steve Sparks,39.0,ARI,NL,-0.2,27.0,32.0,31.0,0.0,4.0,0.0,0.0,0.0,1.0,0.0,0.0,0.0,14.0,0.129,0.129,0.129,0.258,-34.0,0.117,-74.0,4.0,0.0,0.0,1.0,0.0,0.0,1,
Steve Trachsel,33.0,NYM,NL,0.1,33.0,71.0,59.0,6.0,11.0,1.0,0.0,0.0,5.0,0.0,0.0,1.0,17.0,0.186,0.2,0.203,0.403,6.0,0.196,-25.0,12.0,1.0,0.0,11.0,0.0,0.0,1/H,
Steve Watkins,25.0,SDP,NL,0.0,11.0,0.0,0.0,0.0,0.0,0.0,0.0,0.0,0.0,0.0,0.0,0.0,0.0,,,,,,,,0.0,0.0,0.0,0.0,0.0,0.0,1,
Sun-Woo Kim,26.0,MON,NL,0.1,41.0,32.0,28.0,1.0,6.0,2.0,0.0,0.0,5.0,1.0,0.0,0.0,9.0,0.214,0.214,0.286,0.5,26.0,0.227,-8.0,8.0,0.0,0.0,4.0,0.0,0.0,1,
T.J. Tucker,25.0,MON,NL,-0.1,51.0,12.0,12.0,1.0,1.0,0.0,0.0,0.0,0.0,0.0,0.0,0.0,4.0,0.083,0.083,0.083,0.167,-57.0,0.076,-98.0,1.0,0.0,0.0,0.0,0.0,0.0,1/H,
Tanyon Sturtze,33.0,NYY,AL,0.0,3.0,3.0,3.0,0.0,0.0,0.0,0.0,0.0,0.0,0.0,0.0,0.0,1.0,0.0,0.0,0.0,0.0,-100.0,0.305,74.0,0.0,0.0,0.0,0.0,0.0,0.0,1,
Ted Lilly*,28.0,TOR,AL,-0.1,3.0,4.0,3.0,0.0,0.0,0.0,0.0,0.0,0.0,0.0,0.0,0.0,2.0,0.0,0.0,0.0,0.0,-100.0,0.0,-221.0,0.0,0.0,0.0,1.0,0.0,0.0,1,AS
Terrence Long*,28.0,SDP,NL,0.9,136.0,313.0,288.0,31.0,85.0,19.0,4.0,3.0,28.0,3.0,2.0,19.0,51.0,0.295,0.335,0.42,0.756,103.0,0.327,99.0,121.0,13.0,1.0,0.0,5.0,4.0,7H8/9D,
Terrmel Sledge*,27.0,MON,NL,1.3,133.0,446.0,398.0,45.0,107.0,20.0,6.0,15.0,62.0,3.0,3.0,40.0,66.0,0.269,0.336,0.462,0.799,101.0,0.35,101.0,184.0,2.0,1.0,6.0,1.0,4.0,*79H3/8,ROY-6
Terry Adams,31.0,TOR,AL,0.0,5.0,0.0,0.0,0.0,0.0,0.0,0.0,0.0,0.0,0.0,0.0,0.0,0.0,,,,,,,,0.0,0.0,0.0,0.0,0.0,0.0,1,
Terry Mulholland,41.0,MIN,AL,0.0,4.0,2.0,2.0,0.0,0.0,0.0,0.0,0.0,0.0,0.0,0.0,0.0,0.0,0.0,0.0,0.0,0.0,-100.0,0.0,-144.0,0.0,0.0,0.0,0.0,0.0,0.0,1,
Terry Tiffee#,25.0,MIN,AL,0.2,17.0,48.0,44.0,7.0,12.0,4.0,0.0,2.0,8.0,0.0,0.0,3.0,3.0,0.273,0.333,0.5,0.833,112.0,0.357,107.0,22.0,2.0,1.0,0.0,0.0,0.0,5/H3D,
Tike Redman*,27.0,PIT,NL,0.2,155.0,581.0,546.0,65.0,153.0,19.0,4.0,8.0,51.0,18.0,6.0,23.0,52.0,0.28,0.31,0.374,0.684,77.0,0.306,71.0,204.0,6.0,3.0,4.0,5.0,2.0,*8H,
Tim Drew,25.0,ATL,NL,0.0,12.0,3.0,2.0,1.0,0.0,0.0,0.0,0.0,0.0,0.0,0.0,1.0,1.0,0.0,0.333,0.0,0.333,-3.0,0.236,20.0,0.0,0.0,0.0,0.0,0.0,0.0,1/H,
Tim Harikkala,32.0,COL,NL,-0.1,51.0,4.0,3.0,0.0,0.0,0.0,0.0,0.0,0.0,0.0,0.0,0.0,3.0,0.0,0.0,0.0,0.0,-100.0,0.0,-249.0,0.0,0.0,0.0,1.0,0.0,0.0,1,
Tim Hudson,28.0,OAK,AL,0.0,1.0,3.0,3.0,0.0,0.0,0.0,0.0,0.0,0.0,0.0,0.0,0.0,1.0,0.0,0.0,0.0,0.0,-100.0,0.0,-137.0,0.0,0.0,0.0,0.0,0.0,0.0,1,AS
Tim Hummel,25.0,CIN,NL,-0.9,56.0,125.0,110.0,10.0,24.0,4.0,0.0,1.0,7.0,1.0,0.0,8.0,17.0,0.218,0.281,0.282,0.563,49.0,0.257,35.0,31.0,2.0,2.0,4.0,1.0,2.0,5H3/46D,
Tim Laker,34.0,CLE,AL,0.0,43.0,128.0,117.0,12.0,25.0,2.0,0.0,3.0,17.0,0.0,0.0,7.0,28.0,0.214,0.262,0.308,0.57,52.0,0.252,41.0,36.0,5.0,1.0,2.0,1.0,1.0,2/H1,
Tim Olson,25.0,ARI,NL,-0.4,48.0,114.0,97.0,8.0,18.0,7.0,0.0,2.0,5.0,1.0,0.0,16.0,18.0,0.186,0.301,0.32,0.62,58.0,0.286,51.0,31.0,4.0,0.0,1.0,0.0,0.0,56H/879,
Tim Raines Jr.,24.0,BAL,AL,0.6,48.0,101.0,94.0,14.0,24.0,6.0,0.0,0.0,5.0,7.0,3.0,4.0,16.0,0.255,0.293,0.319,0.612,61.0,0.284,58.0,30.0,2.0,1.0,2.0,0.0,0.0,8H9/D7,
Tim Redding,26.0,HOU,NL,-0.1,26.0,30.0,29.0,1.0,4.0,0.0,0.0,0.0,0.0,0.0,0.0,0.0,13.0,0.138,0.138,0.138,0.276,-28.0,0.125,-65.0,4.0,0.0,0.0,1.0,0.0,0.0,1,
Tim Salmon,35.0,ANA,AL,-0.3,60.0,206.0,186.0,15.0,47.0,7.0,0.0,2.0,23.0,1.0,0.0,14.0,41.0,0.253,0.306,0.323,0.628,67.0,0.297,69.0,60.0,2.0,2.0,0.0,4.0,0.0,DH/97,
Tim Wakefield,37.0,BOS,AL,0.0,1.0,2.0,2.0,0.0,0.0,0.0,0.0,0.0,0.0,0.0,0.0,0.0,1.0,0.0,0.0,0.0,0.0,-100.0,0.0,-148.0,0.0,0.0,0.0,0.0,0.0,0.0,1,
Tim Worrell,36.0,PHI,NL,0.0,73.0,0.0,0.0,0.0,0.0,0.0,0.0,0.0,0.0,0.0,0.0,0.0,0.0,,,,,,,,0.0,0.0,0.0,0.0,0.0,0.0,1,
Timo Pérez*,29.0,CHW,AL,-0.1,103.0,321.0,293.0,38.0,72.0,12.0,0.0,5.0,40.0,3.0,1.0,15.0,29.0,0.246,0.285,0.338,0.623,61.0,0.289,58.0,99.0,9.0,2.0,9.0,2.0,0.0,9H87/D,
Tino Martinez*,36.0,TBD,AL,2.4,138.0,538.0,458.0,63.0,120.0,20.0,1.0,23.0,76.0,3.0,1.0,66.0,72.0,0.262,0.362,0.461,0.823,117.0,0.361,115.0,211.0,10.0,9.0,0.0,5.0,9.0,*3D/H,
Toby Borland,35.0,FLA,NL,0.0,16.0,0.0,0.0,0.0,0.0,0.0,0.0,0.0,0.0,0.0,0.0,0.0,0.0,,,,,,,,0.0,0.0,0.0,0.0,0.0,0.0,1,
Toby Hall,28.0,TBD,AL,0.4,119.0,441.0,404.0,35.0,103.0,21.0,0.0,8.0,60.0,0.0,2.0,24.0,41.0,0.255,0.3,0.366,0.666,76.0,0.292,69.0,148.0,20.0,5.0,1.0,7.0,1.0,*2,
Todd Greene,33.0,COL,NL,0.1,75.0,209.0,195.0,23.0,55.0,14.0,0.0,10.0,35.0,0.0,0.0,13.0,38.0,0.282,0.325,0.508,0.833,101.0,0.35,92.0,99.0,9.0,0.0,0.0,1.0,4.0,2H,
Todd Helton*,30.0,COL,NL,8.3,154.0,683.0,547.0,115.0,190.0,49.0,2.0,32.0,96.0,3.0,0.0,127.0,72.0,0.347,0.469,0.62,1.088,165.0,0.465,177.0,339.0,12.0,3.0,0.0,6.0,19.0,*3/H,"AS,MVP-16,GG"
Todd Hollandsworth*,31.0,CHC,NL,1.2,57.0,167.0,148.0,28.0,47.0,6.0,2.0,8.0,22.0,1.0,1.0,17.0,26.0,0.318,0.392,0.547,0.939,138.0,0.401,141.0,81.0,2.0,1.0,1.0,0.0,3.0,9H/73D,
Todd Jones*,36.0,2TM,NL,0.0,74.0,1.0,0.0,0.0,0.0,0.0,0.0,0.0,0.0,0.0,0.0,1.0,0.0,,1.0,,,,0.707,350.0,0.0,0.0,0.0,0.0,0.0,0.0,1,
Todd Jones*,36.0,CIN,NL,0.0,48.0,0.0,0.0,0.0,0.0,0.0,0.0,0.0,0.0,0.0,0.0,0.0,0.0,,,,,,,,0.0,0.0,0.0,0.0,0.0,0.0,1,
Todd Jones*,36.0,PHI,NL,0.0,26.0,1.0,0.0,0.0,0.0,0.0,0.0,0.0,0.0,0.0,0.0,1.0,0.0,,1.0,,,,0.707,350.0,0.0,0.0,0.0,0.0,0.0,0.0,1,
Todd Linden#,24.0,SFG,NL,-0.2,16.0,40.0,32.0,6.0,5.0,1.0,0.0,0.0,1.0,0.0,0.0,5.0,7.0,0.156,0.289,0.188,0.477,27.0,0.265,38.0,6.0,0.0,1.0,2.0,0.0,0.0,/7H9,
Todd Pratt,37.0,PHI,NL,0.3,45.0,149.0,128.0,16.0,33.0,5.0,0.0,3.0,16.0,0.0,0.0,18.0,38.0,0.258,0.351,0.367,0.719,83.0,0.333,87.0,47.0,5.0,1.0,1.0,1.0,0.0,2/H,
Todd Van Poppel,32.0,CIN,NL,0.0,47.0,23.0,17.0,1.0,3.0,0.0,0.0,0.0,1.0,0.0,0.0,1.0,6.0,0.176,0.222,0.176,0.399,7.0,0.185,-43.0,3.0,0.0,0.0,5.0,0.0,0.0,1,
Todd Walker*,31.0,CHC,NL,0.6,129.0,424.0,372.0,60.0,102.0,19.0,4.0,15.0,50.0,0.0,3.0,43.0,52.0,0.274,0.352,0.468,0.82,109.0,0.353,107.0,174.0,2.0,4.0,1.0,4.0,8.0,4H/37,
Todd Wellemeyer,25.0,CHC,NL,0.0,20.0,0.0,0.0,0.0,0.0,0.0,0.0,0.0,0.0,0.0,0.0,0.0,0.0,,,,,,,,0.0,0.0,0.0,0.0,0.0,0.0,1,
Todd Zeile,38.0,NYM,NL,-0.4,137.0,396.0,348.0,30.0,81.0,16.0,0.0,9.0,35.0,0.0,0.0,44.0,83.0,0.233,0.319,0.356,0.675,76.0,0.311,78.0,124.0,13.0,1.0,1.0,2.0,1.0,35H/21,
Tom Glavine*,38.0,NYM,NL,0.5,33.0,72.0,54.0,5.0,11.0,2.0,0.0,0.0,8.0,0.0,0.0,10.0,10.0,0.204,0.328,0.241,0.569,52.0,0.272,44.0,13.0,2.0,0.0,8.0,0.0,0.0,1/H,AS
Tom Goodwin*,35.0,CHC,NL,-0.7,77.0,114.0,105.0,11.0,21.0,8.0,0.0,0.0,3.0,5.0,0.0,8.0,22.0,0.2,0.254,0.276,0.531,37.0,0.257,28.0,29.0,1.0,0.0,0.0,1.0,0.0,H7/89,
Tom Gordon,36.0,NYY,AL,0.0,4.0,1.0,1.0,0.0,0.0,0.0,0.0,0.0,0.0,0.0,0.0,0.0,0.0,0.0,0.0,0.0,0.0,-100.0,0.0,-131.0,0.0,0.0,0.0,0.0,0.0,0.0,1,AS
Tom Martin*,34.0,2TM,NL,0.0,73.0,0.0,0.0,0.0,0.0,0.0,0.0,0.0,0.0,0.0,0.0,0.0,0.0,,,,,,,,0.0,0.0,0.0,0.0,0.0,0.0,1,
Tom Martin*,34.0,LAD,NL,0.0,44.0,0.0,0.0,0.0,0.0,0.0,0.0,0.0,0.0,0.0,0.0,0.0,0.0,,,,,,,,0.0,0.0,0.0,0.0,0.0,0.0,1,
Tom Martin*,34.0,ATL,NL,0.0,29.0,0.0,0.0,0.0,0.0,0.0,0.0,0.0,0.0,0.0,0.0,0.0,0.0,,,,,,,,0.0,0.0,0.0,0.0,0.0,0.0,1,
Tom Wilson,33.0,2TM,NL,-0.2,13.0,13.0,12.0,1.0,2.0,0.0,0.0,0.0,0.0,0.0,0.0,1.0,5.0,0.167,0.231,0.167,0.397,8.0,0.187,-10.0,2.0,0.0,0.0,0.0,0.0,0.0,2/H,
Tom Wilson,33.0,NYM,NL,-0.1,4.0,5.0,4.0,0.0,1.0,0.0,0.0,0.0,0.0,0.0,0.0,1.0,2.0,0.25,0.4,0.25,0.65,76.0,0.323,86.0,1.0,0.0,0.0,0.0,0.0,0.0,/2H,
Tom Wilson,33.0,LAD,NL,-0.1,9.0,8.0,8.0,1.0,1.0,0.0,0.0,0.0,0.0,0.0,0.0,0.0,3.0,0.125,0.125,0.125,0.25,-33.0,0.101,-70.0,1.0,0.0,0.0,0.0,0.0,0.0,/2H,
Tommy Phelps*,30.0,FLA,NL,-0.1,18.0,6.0,6.0,0.0,0.0,0.0,0.0,0.0,0.0,0.0,0.0,0.0,2.0,0.0,0.0,0.0,0.0,-100.0,0.0,-144.0,0.0,0.0,0.0,0.0,0.0,0.0,1,
Tomo Ohka#,28.0,MON,NL,-0.2,14.0,26.0,25.0,0.0,2.0,0.0,0.0,0.0,0.0,1.0,0.0,1.0,8.0,0.08,0.115,0.08,0.195,-49.0,0.106,-82.0,2.0,0.0,0.0,0.0,0.0,0.0,1,
Tomás Pérez#,30.0,PHI,NL,-0.4,86.0,190.0,176.0,22.0,38.0,13.0,2.0,6.0,21.0,0.0,0.0,9.0,44.0,0.216,0.257,0.415,0.671,67.0,0.286,52.0,73.0,2.0,1.0,3.0,1.0,2.0,H5436,
Tony Armas,26.0,MON,NL,-0.3,15.0,21.0,16.0,0.0,0.0,0.0,0.0,0.0,0.0,0.0,0.0,0.0,5.0,0.0,0.0,0.0,0.0,-100.0,0.0,-231.0,0.0,0.0,0.0,5.0,0.0,0.0,1,
Tony Batista,30.0,MON,NL,-0.2,157.0,650.0,606.0,76.0,146.0,30.0,2.0,32.0,110.0,14.0,6.0,26.0,78.0,0.241,0.272,0.455,0.728,81.0,0.316,75.0,276.0,14.0,4.0,4.0,10.0,4.0,*5/H,
Tony Clark#,32.0,NYY,AL,0.2,106.0,283.0,253.0,37.0,56.0,12.0,0.0,16.0,49.0,0.0,0.0,26.0,92.0,0.221,0.297,0.458,0.755,95.0,0.333,94.0,116.0,6.0,2.0,0.0,2.0,3.0,3H/D,
Tony Graffanino,32.0,KCR,AL,1.1,75.0,314.0,278.0,37.0,73.0,11.0,0.0,3.0,26.0,10.0,2.0,27.0,38.0,0.263,0.332,0.335,0.667,74.0,0.322,80.0,93.0,5.0,3.0,4.0,2.0,0.0,4/H,
Tony Torcato*,24.0,SFG,NL,0.2,13.0,12.0,9.0,1.0,5.0,0.0,0.0,0.0,2.0,0.0,0.0,1.0,0.0,0.556,0.583,0.556,1.139,197.0,0.498,209.0,5.0,0.0,1.0,0.0,1.0,0.0,H,
Tony Womack*,34.0,STL,NL,3.3,145.0,606.0,553.0,91.0,170.0,22.0,3.0,5.0,38.0,26.0,5.0,36.0,60.0,0.307,0.349,0.385,0.735,91.0,0.339,92.0,213.0,6.0,3.0,8.0,6.0,1.0,*4H,
Tony Álvarez,25.0,PIT,NL,-0.3,24.0,45.0,38.0,5.0,8.0,2.0,0.0,1.0,8.0,0.0,0.0,4.0,7.0,0.211,0.289,0.342,0.631,64.0,0.28,54.0,13.0,1.0,1.0,0.0,2.0,0.0,H/987,
Torii Hunter,28.0,MIN,AL,4.2,138.0,569.0,520.0,79.0,141.0,37.0,0.0,23.0,81.0,21.0,7.0,40.0,101.0,0.271,0.33,0.475,0.805,105.0,0.35,100.0,247.0,23.0,7.0,0.0,2.0,4.0,*8D/H,"MVP-21,GG"
Travis Driskill,32.0,COL,NL,0.0,5.0,1.0,1.0,0.0,0.0,0.0,0.0,0.0,0.0,0.0,0.0,0.0,1.0,0.0,0.0,0.0,0.0,-100.0,0.0,-158.0,0.0,0.0,0.0,0.0,0.0,0.0,/1,
Travis Hafner*,27.0,CLE,AL,5.0,140.0,576.0,482.0,96.0,150.0,41.0,3.0,28.0,109.0,3.0,2.0,68.0,111.0,0.311,0.41,0.583,0.993,162.0,0.422,161.0,281.0,11.0,17.0,0.0,6.0,7.0,*D3/H,MVP-24
Travis Harper*,28.0,TBD,AL,0.0,2.0,0.0,0.0,0.0,0.0,0.0,0.0,0.0,0.0,0.0,0.0,0.0,0.0,,,,,,,,0.0,0.0,0.0,0.0,0.0,0.0,1,
Travis Lee*,29.0,NYY,AL,-0.3,7.0,20.0,19.0,1.0,2.0,1.0,0.0,0.0,2.0,0.0,0.0,1.0,3.0,0.105,0.15,0.158,0.308,-19.0,0.113,-67.0,3.0,2.0,0.0,0.0,0.0,1.0,/3H,
Travis Phelps,26.0,MIL,NL,0.0,4.0,1.0,1.0,0.0,0.0,0.0,0.0,0.0,0.0,0.0,0.0,0.0,1.0,0.0,0.0,0.0,0.0,-100.0,0.0,-142.0,0.0,0.0,0.0,0.0,0.0,0.0,/1,
Travis Smith,31.0,ATL,NL,0.0,14.0,8.0,8.0,0.0,1.0,0.0,0.0,0.0,0.0,0.0,0.0,0.0,1.0,0.125,0.125,0.125,0.25,-35.0,0.113,-68.0,1.0,0.0,0.0,0.0,0.0,0.0,1,
Trent Durrington,28.0,MIL,NL,-0.1,53.0,87.0,82.0,13.0,19.0,2.0,3.0,2.0,4.0,4.0,0.0,4.0,23.0,0.232,0.267,0.402,0.67,70.0,0.298,58.0,33.0,1.0,0.0,1.0,0.0,0.0,H5/41D,
Trever Miller,31.0,TBD,AL,0.0,1.0,0.0,0.0,0.0,0.0,0.0,0.0,0.0,0.0,0.0,0.0,0.0,0.0,,,,,,,,0.0,0.0,0.0,0.0,0.0,0.0,1,
Trevor Hoffman,36.0,SDP,NL,0.0,53.0,0.0,0.0,0.0,0.0,0.0,0.0,0.0,0.0,0.0,0.0,0.0,0.0,,,,,,,,0.0,0.0,0.0,0.0,0.0,0.0,1,
Trot Nixon*,30.0,BOS,AL,0.9,48.0,167.0,149.0,24.0,47.0,9.0,1.0,6.0,23.0,0.0,0.0,15.0,24.0,0.315,0.377,0.51,0.887,123.0,0.393,128.0,76.0,3.0,1.0,0.0,2.0,1.0,9H/D,
Troy Glaus,27.0,ANA,AL,1.4,58.0,242.0,207.0,47.0,52.0,11.0,1.0,18.0,42.0,2.0,3.0,31.0,52.0,0.251,0.355,0.575,0.93,140.0,0.387,136.0,119.0,6.0,3.0,0.0,1.0,3.0,D5,
Troy Percival,34.0,ANA,AL,0.0,3.0,0.0,0.0,0.0,0.0,0.0,0.0,0.0,0.0,0.0,0.0,0.0,0.0,,,,,,,,0.0,0.0,0.0,0.0,0.0,0.0,1,
Turk Wendell#,37.0,COL,NL,-0.1,12.0,2.0,2.0,0.0,0.0,0.0,0.0,0.0,0.0,0.0,0.0,0.0,0.0,0.0,0.0,0.0,0.0,-100.0,0.0,-165.0,0.0,1.0,0.0,0.0,0.0,0.0,1,
Ty Wigginton,26.0,2TM,NL,0.5,144.0,545.0,494.0,63.0,129.0,30.0,2.0,17.0,66.0,7.0,1.0,45.0,82.0,0.261,0.324,0.433,0.757,95.0,0.339,96.0,214.0,15.0,2.0,1.0,3.0,6.0,*54/H3,
Ty Wigginton,26.0,NYM,NL,1.1,86.0,339.0,312.0,46.0,89.0,23.0,2.0,12.0,42.0,6.0,1.0,23.0,48.0,0.285,0.334,0.487,0.821,111.0,0.365,115.0,152.0,11.0,1.0,1.0,2.0,4.0,54/3H,
Ty Wigginton,26.0,PIT,NL,-0.6,58.0,206.0,182.0,17.0,40.0,7.0,0.0,5.0,24.0,1.0,0.0,22.0,34.0,0.22,0.306,0.341,0.646,68.0,0.297,65.0,62.0,4.0,1.0,0.0,1.0,2.0,5/H,
Tyler Walker,28.0,SFG,NL,-0.1,48.0,7.0,7.0,0.0,0.0,0.0,0.0,0.0,0.0,0.0,0.0,0.0,5.0,0.0,0.0,0.0,0.0,-100.0,0.0,-150.0,0.0,0.0,0.0,0.0,0.0,0.0,1,
Tyler Yates,26.0,NYM,NL,-0.1,21.0,12.0,11.0,0.0,1.0,0.0,0.0,0.0,0.0,0.0,0.0,0.0,5.0,0.091,0.091,0.091,0.182,-52.0,0.082,-104.0,1.0,0.0,0.0,1.0,0.0,0.0,1,
Ugueth Urbina,30.0,DET,AL,0.0,3.0,0.0,0.0,0.0,0.0,0.0,0.0,0.0,0.0,0.0,0.0,0.0,0.0,,,,,,,,0.0,0.0,0.0,0.0,0.0,0.0,1,
Val Majewski*,23.0,BAL,AL,-0.1,9.0,13.0,13.0,3.0,2.0,1.0,0.0,0.0,1.0,0.0,0.0,0.0,1.0,0.154,0.154,0.231,0.385,-1.0,0.159,-28.0,3.0,0.0,0.0,0.0,0.0,0.0,/H8D9,
Val Pascucci,25.0,MON,NL,-0.5,32.0,74.0,62.0,6.0,11.0,1.0,0.0,2.0,6.0,1.0,0.0,10.0,22.0,0.177,0.297,0.29,0.588,51.0,0.272,40.0,18.0,3.0,1.0,0.0,1.0,1.0,9H/37,
Vance Wilson,31.0,NYM,NL,0.8,79.0,177.0,157.0,18.0,43.0,10.0,1.0,4.0,21.0,1.0,0.0,11.0,24.0,0.274,0.335,0.427,0.762,98.0,0.341,98.0,67.0,5.0,5.0,1.0,3.0,2.0,2H,
Vernon Wells,25.0,TOR,AL,4.5,134.0,590.0,536.0,82.0,146.0,34.0,2.0,23.0,67.0,9.0,2.0,51.0,83.0,0.272,0.337,0.472,0.809,105.0,0.36,105.0,253.0,17.0,2.0,0.0,1.0,2.0,*8/DH,GG
Vic Darensbourg*,33.0,NYM,NL,0.0,5.0,0.0,0.0,0.0,0.0,0.0,0.0,0.0,0.0,0.0,0.0,0.0,0.0,,,,,,,,0.0,0.0,0.0,0.0,0.0,0.0,/1,
Vicente Padilla,26.0,PHI,NL,-0.1,20.0,40.0,35.0,2.0,4.0,0.0,0.0,0.0,3.0,0.0,0.0,2.0,17.0,0.114,0.162,0.114,0.276,-28.0,0.158,-50.0,4.0,0.0,0.0,3.0,0.0,0.0,1,
Victor Martinez#,25.0,CLE,AL,3.7,141.0,591.0,520.0,77.0,147.0,38.0,1.0,23.0,108.0,0.0,1.0,60.0,69.0,0.283,0.359,0.492,0.851,125.0,0.372,126.0,256.0,16.0,5.0,0.0,6.0,11.0,*2/HD,"AS,MVP-21,SS"
Vinnie Chulk,25.0,TOR,AL,0.0,4.0,0.0,0.0,0.0,0.0,0.0,0.0,0.0,0.0,0.0,0.0,0.0,0.0,,,,,,,,0.0,0.0,0.0,0.0,0.0,0.0,1,
Vinny Castilla,36.0,COL,NL,3.1,148.0,648.0,583.0,93.0,158.0,43.0,3.0,35.0,131.0,0.0,0.0,51.0,113.0,0.271,0.332,0.535,0.867,109.0,0.369,106.0,312.0,22.0,6.0,0.0,8.0,6.0,*5/H,MVP-23
Vladimir Guerrero,29.0,ANA,AL,5.6,156.0,680.0,612.0,124.0,206.0,39.0,2.0,39.0,126.0,15.0,3.0,52.0,74.0,0.337,0.391,0.598,0.989,157.0,0.422,156.0,366.0,19.0,8.0,0.0,8.0,14.0,*9D,"AS,MVP-1,SS"
Vladimir Núñez,29.0,COL,NL,0.0,22.0,0.0,0.0,0.0,0.0,0.0,0.0,0.0,0.0,0.0,0.0,0.0,0.0,,,,,,,,0.0,0.0,0.0,0.0,0.0,0.0,1,
Víctor Díaz,22.0,NYM,NL,0.0,15.0,53.0,51.0,8.0,15.0,3.0,0.0,3.0,8.0,0.0,0.0,1.0,15.0,0.294,0.321,0.529,0.85,117.0,0.357,111.0,27.0,3.0,1.0,0.0,0.0,0.0,9/H,
Víctor Santos,27.0,MIL,NL,-0.3,29.0,47.0,39.0,0.0,2.0,1.0,0.0,0.0,1.0,0.0,0.0,2.0,20.0,0.051,0.098,0.077,0.174,-54.0,0.087,-112.0,3.0,0.0,0.0,6.0,0.0,0.0,1,
Víctor Zambrano#,28.0,2TM,2LG,0.0,6.0,12.0,11.0,1.0,2.0,1.0,0.0,0.0,1.0,0.0,0.0,0.0,2.0,0.182,0.182,0.273,0.455,17.0,0.195,-14.0,3.0,0.0,0.0,1.0,0.0,0.0,1,
Víctor Zambrano#,28.0,TBD,AL,0.0,3.0,5.0,5.0,1.0,1.0,1.0,0.0,0.0,1.0,0.0,0.0,0.0,1.0,0.2,0.2,0.4,0.6,54.0,0.248,38.0,2.0,0.0,0.0,0.0,0.0,0.0,1,
Víctor Zambrano#,28.0,NYM,NL,0.0,3.0,7.0,6.0,0.0,1.0,0.0,0.0,0.0,0.0,0.0,0.0,0.0,1.0,0.167,0.167,0.167,0.333,-12.0,0.151,-61.0,1.0,0.0,0.0,1.0,0.0,0.0,/1,
Wade Miller,27.0,HOU,NL,0.1,14.0,35.0,27.0,2.0,7.0,0.0,0.0,0.0,3.0,0.0,0.0,0.0,6.0,0.259,0.259,0.259,0.519,35.0,0.235,-4.0,7.0,0.0,0.0,8.0,0.0,0.0,1/H,
Wayne Franklin*,30.0,SFG,NL,0.1,41.0,5.0,3.0,2.0,1.0,0.0,0.0,0.0,2.0,0.0,0.0,1.0,0.0,0.333,0.4,0.333,0.733,93.0,0.304,69.0,1.0,0.0,0.0,0.0,1.0,0.0,1,
Wes Helms,28.0,MIL,NL,-1.8,92.0,306.0,274.0,24.0,72.0,13.0,1.0,4.0,28.0,0.0,1.0,24.0,60.0,0.263,0.331,0.361,0.692,80.0,0.313,79.0,99.0,10.0,5.0,1.0,2.0,1.0,5H3,
Wes Obermueller,27.0,MIL,NL,0.6,24.0,42.0,39.0,2.0,15.0,3.0,0.0,0.0,5.0,0.0,0.0,1.0,14.0,0.385,0.4,0.462,0.862,123.0,0.378,125.0,18.0,1.0,0.0,2.0,0.0,0.0,1/H,
Wil Cordero,32.0,FLA,NL,-0.4,27.0,72.0,66.0,6.0,13.0,3.0,0.0,1.0,6.0,1.0,0.0,3.0,19.0,0.197,0.25,0.288,0.538,42.0,0.259,41.0,19.0,2.0,2.0,0.0,1.0,0.0,3H/7,
Will Cunnane,30.0,ATL,NL,0.0,9.0,0.0,0.0,0.0,0.0,0.0,0.0,0.0,0.0,0.0,0.0,0.0,0.0,,,,,,,,0.0,0.0,0.0,0.0,0.0,0.0,/1,
Willie Bloomquist,26.0,SEA,AL,-1.0,93.0,201.0,188.0,27.0,46.0,10.0,0.0,2.0,18.0,13.0,2.0,10.0,48.0,0.245,0.283,0.33,0.613,62.0,0.305,68.0,62.0,2.0,0.0,3.0,0.0,0.0,5H63/7D48,
Willie Harris*,26.0,CHW,AL,1.5,129.0,472.0,409.0,68.0,107.0,15.0,2.0,2.0,27.0,19.0,7.0,51.0,79.0,0.262,0.343,0.323,0.665,74.0,0.319,79.0,132.0,4.0,1.0,7.0,3.0,0.0,48H/D7,
Willis Roberts,29.0,PIT,NL,0.0,9.0,1.0,1.0,0.0,0.0,0.0,0.0,0.0,0.0,0.0,0.0,0.0,1.0,0.0,0.0,0.0,0.0,-100.0,0.0,-142.0,0.0,0.0,0.0,0.0,0.0,0.0,/1,
Willy Taveras,22.0,HOU,NL,-0.1,10.0,2.0,1.0,2.0,0.0,0.0,0.0,0.0,0.0,1.0,0.0,0.0,1.0,0.0,0.0,0.0,0.0,-100.0,0.239,-383.0,0.0,0.0,0.0,1.0,0.0,0.0,/H879,
Wilson Betemit#,22.0,ATL,NL,-0.5,22.0,52.0,47.0,2.0,8.0,0.0,0.0,0.0,3.0,0.0,1.0,4.0,16.0,0.17,0.231,0.17,0.401,6.0,0.184,-9.0,8.0,0.0,0.0,0.0,1.0,0.0,6/5H,
Wilson Delgado#,31.0,NYM,NL,0.7,42.0,147.0,130.0,11.0,38.0,4.0,1.0,2.0,13.0,1.0,0.0,15.0,29.0,0.292,0.366,0.385,0.75,97.0,0.336,94.0,50.0,1.0,0.0,2.0,0.0,3.0,6/H,
Wilson Valdéz,26.0,CHW,AL,0.3,19.0,46.0,43.0,8.0,10.0,1.0,0.0,1.0,4.0,1.0,2.0,2.0,5.0,0.233,0.267,0.326,0.592,52.0,0.279,64.0,14.0,1.0,0.0,1.0,0.0,0.0,6/4H,
Wilson Álvarez*,34.0,LAD,NL,-0.1,39.0,34.0,31.0,4.0,5.0,0.0,0.0,0.0,0.0,0.0,0.0,1.0,14.0,0.161,0.188,0.161,0.349,-6.0,0.164,-33.0,5.0,2.0,0.0,2.0,0.0,0.0,1,
Wilton Guerrero#,29.0,KCR,AL,-0.1,24.0,32.0,32.0,7.0,7.0,0.0,1.0,0.0,1.0,1.0,0.0,0.0,4.0,0.219,0.219,0.281,0.5,29.0,0.221,8.0,9.0,1.0,0.0,0.0,0.0,0.0,/4H6358D7,
Wily Mo Peña,22.0,CIN,NL,1.4,110.0,364.0,336.0,45.0,87.0,10.0,1.0,26.0,66.0,5.0,2.0,22.0,108.0,0.259,0.316,0.527,0.843,116.0,0.362,115.0,177.0,7.0,6.0,0.0,0.0,1.0,98H/7,
Woody Williams,37.0,STL,NL,0.2,32.0,70.0,61.0,3.0,11.0,4.0,0.0,0.0,2.0,0.0,0.0,1.0,22.0,0.18,0.2,0.246,0.446,15.0,0.223,7.0,15.0,0.0,1.0,5.0,2.0,0.0,1/H,
Xavier Nady,25.0,SDP,NL,0.0,34.0,84.0,77.0,7.0,19.0,4.0,0.0,3.0,9.0,0.0,0.0,5.0,13.0,0.247,0.301,0.416,0.717,92.0,0.334,104.0,32.0,4.0,1.0,1.0,0.0,0.0,7H/89D,
Yadier Molina,21.0,STL,NL,0.4,51.0,151.0,135.0,12.0,36.0,6.0,0.0,2.0,15.0,0.0,1.0,13.0,20.0,0.267,0.329,0.356,0.684,78.0,0.303,73.0,48.0,4.0,0.0,2.0,1.0,3.0,2/H,
Yhency Brazobán,24.0,LAD,NL,0.0,31.0,1.0,1.0,0.0,0.0,0.0,0.0,0.0,0.0,0.0,0.0,0.0,1.0,0.0,0.0,0.0,0.0,-100.0,0.0,-142.0,0.0,0.0,0.0,0.0,0.0,0.0,1,
Yorvit Torrealba,25.0,SFG,NL,0.2,64.0,196.0,172.0,19.0,39.0,7.0,3.0,6.0,23.0,2.0,0.0,17.0,31.0,0.227,0.302,0.407,0.709,81.0,0.314,74.0,70.0,7.0,2.0,4.0,1.0,3.0,2/H,
Zach Day,26.0,MON,NL,-0.3,17.0,32.0,29.0,1.0,1.0,0.0,0.0,1.0,1.0,0.0,0.0,0.0,17.0,0.034,0.034,0.138,0.172,-59.0,0.069,-123.0,4.0,0.0,0.0,3.0,0.0,0.0,1,
Zack Greinke,20.0,KCR,AL,0.0,1.0,2.0,2.0,0.0,0.0,0.0,0.0,0.0,0.0,0.0,0.0,0.0,1.0,0.0,0.0,0.0,0.0,-100.0,0.0,-140.0,0.0,0.0,0.0,0.0,0.0,0.0,1,ROY-4
Álex Cintrón#,25.0,ARI,NL,-0.2,154.0,613.0,564.0,56.0,148.0,31.0,7.0,4.0,49.0,3.0,3.0,31.0,59.0,0.262,0.301,0.363,0.665,68.0,0.293,58.0,205.0,11.0,2.0,12.0,4.0,2.0,*64/H5,
Álex Cora*,28.0,LAD,NL,1.5,138.0,484.0,405.0,47.0,107.0,9.0,4.0,10.0,47.0,3.0,4.0,47.0,41.0,0.264,0.364,0.38,0.745,98.0,0.333,99.0,154.0,9.0,18.0,12.0,2.0,10.0,*4/H,
Álex Escobar,25.0,CLE,AL,1.0,46.0,179.0,152.0,20.0,32.0,8.0,2.0,1.0,12.0,1.0,1.0,23.0,42.0,0.211,0.318,0.309,0.627,70.0,0.299,75.0,47.0,1.0,1.0,3.0,0.0,0.0,89/7DH,
Álex González,27.0,FLA,NL,1.0,159.0,599.0,561.0,67.0,130.0,30.0,3.0,23.0,79.0,3.0,1.0,27.0,126.0,0.232,0.27,0.419,0.689,79.0,0.296,69.0,235.0,17.0,4.0,3.0,4.0,9.0,*6/H,
Álex Prieto,28.0,MIN,AL,-0.4,16.0,36.0,32.0,4.0,8.0,1.0,0.0,1.0,4.0,0.0,1.0,3.0,9.0,0.25,0.306,0.375,0.681,75.0,0.283,65.0,12.0,1.0,0.0,0.0,1.0,0.0,/456HD,
Álex Rodríguez,28.0,NYY,AL,7.6,155.0,698.0,601.0,112.0,172.0,24.0,2.0,36.0,106.0,28.0,4.0,80.0,131.0,0.286,0.375,0.512,0.888,131.0,0.402,138.0,308.0,18.0,10.0,0.0,7.0,6.0,*5/6,"AS,MVP-14"
Álex Ríos,23.0,TOR,AL,1.6,111.0,460.0,426.0,55.0,122.0,24.0,7.0,1.0,28.0,15.0,3.0,31.0,84.0,0.286,0.338,0.383,0.72,85.0,0.332,84.0,163.0,14.0,2.0,1.0,0.0,0.0,*9/8H,ROY-5
Álex Sánchez*,27.0,DET,AL,0.2,79.0,352.0,332.0,41.0,107.0,9.0,3.0,2.0,26.0,19.0,13.0,7.0,50.0,0.322,0.335,0.386,0.721,93.0,0.311,87.0,128.0,5.0,0.0,12.0,1.0,0.0,8/HD,
Ángel Berroa,26.0,KCR,AL,1.0,134.0,554.0,512.0,72.0,134.0,27.0,6.0,8.0,43.0,14.0,8.0,23.0,87.0,0.262,0.308,0.385,0.693,79.0,0.322,84.0,197.0,10.0,12.0,5.0,2.0,0.0,*6/H,
Édgar González,21.0,ARI,NL,0.0,10.0,15.0,13.0,0.0,2.0,0.0,0.0,0.0,0.0,0.0,0.0,0.0,2.0,0.154,0.214,0.154,0.368,-4.0,0.182,-31.0,2.0,0.0,1.0,1.0,0.0,0.0,1,
Édgar Rentería,27.0,STL,NL,2.1,149.0,642.0,586.0,84.0,168.0,37.0,0.0,10.0,72.0,17.0,11.0,39.0,78.0,0.287,0.327,0.401,0.728,88.0,0.327,90.0,235.0,14.0,1.0,6.0,10.0,5.0,*6/H,AS
Érik Bédard*,25.0,BAL,AL,0.0,2.0,5.0,4.0,0.0,0.0,0.0,0.0,0.0,0.0,0.0,0.0,1.0,3.0,0.0,0.2,0.0,0.2,-40.0,0.144,-37.0,0.0,0.0,0.0,0.0,0.0,0.0,1,
Óliver Pérez*,22.0,PIT,NL,0.2,30.0,72.0,58.0,2.0,11.0,0.0,0.0,0.0,0.0,0.0,0.0,4.0,22.0,0.19,0.242,0.19,0.432,15.0,0.203,-17.0,11.0,0.0,0.0,10.0,0.0,0.0,1/H,
Óscar Villarreal*,22.0,ARI,NL,0.0,17.0,0.0,0.0,0.0,0.0,0.0,0.0,0.0,0.0,0.0,0.0,0.0,0.0,,,,,,,,0.0,0.0,0.0,0.0,0.0,0.0,1,
