Player,Age,Team,Lg,WAR,G,PA,AB,R,H,2B,3B,HR,RBI,SB,CS,BB,SO,BA,OBP,SLG,OPS,OPS+,rOBA,Rbat+,TB,GIDP,HBP,SH,SF,IBB,Pos,Awards
A.J. Cole,26.0,2TM,2LG,0.2,6.0,4.0,3.0,1.0,1.0,0.0,0.0,1.0,1.0,0.0,0.0,0.0,1.0,0.333,0.333,1.333,1.667,311.0,0.683,439.0,4.0,0.0,0.0,1.0,0.0,0.0,1,
A.J. Cole,26.0,WSN,NL,0.2,4.0,4.0,3.0,1.0,1.0,0.0,0.0,1.0,1.0,0.0,0.0,0.0,1.0,0.333,0.333,1.333,1.667,311.0,0.683,439.0,4.0,0.0,0.0,1.0,0.0,0.0,/1,
A.J. Cole,26.0,NYY,AL,0.0,2.0,0.0,0.0,0.0,0.0,0.0,0.0,0.0,0.0,0.0,0.0,0.0,0.0,,,,,,,,0.0,0.0,0.0,0.0,0.0,0.0,1,
A.J. Ellis,37.0,SDP,NL,0.2,66.0,183.0,151.0,19.0,41.0,8.0,0.0,1.0,15.0,0.0,0.0,26.0,37.0,0.272,0.378,0.344,0.722,104.0,0.326,105.0,52.0,2.0,1.0,3.0,2.0,1.0,2H/7D,
A.J. Minter*,24.0,ATL,NL,0.0,60.0,0.0,0.0,0.0,0.0,0.0,0.0,0.0,0.0,0.0,0.0,0.0,0.0,,,,,,,,0.0,0.0,0.0,0.0,0.0,0.0,1,
Aaron Altherr,27.0,PHI,NL,-0.9,105.0,285.0,243.0,28.0,44.0,11.0,1.0,8.0,38.0,3.0,2.0,36.0,91.0,0.181,0.295,0.333,0.628,69.0,0.285,66.0,81.0,13.0,4.0,0.0,2.0,0.0,9H8/7,
Aaron Bummer*,24.0,CHW,AL,0.0,4.0,0.0,0.0,0.0,0.0,0.0,0.0,0.0,0.0,0.0,0.0,0.0,0.0,,,,,,,,0.0,0.0,0.0,0.0,0.0,0.0,1,
Aaron Hicks#,28.0,NYY,AL,4.3,137.0,581.0,480.0,90.0,119.0,18.0,3.0,27.0,79.0,11.0,2.0,90.0,111.0,0.248,0.366,0.467,0.833,127.0,0.366,128.0,224.0,1.0,3.0,2.0,6.0,1.0,*8/HD,MVP-22
Aaron Judge,26.0,NYY,AL,6.0,112.0,498.0,413.0,77.0,115.0,22.0,0.0,27.0,67.0,6.0,3.0,76.0,152.0,0.278,0.392,0.528,0.919,150.0,0.396,152.0,218.0,10.0,4.0,0.0,5.0,3.0,9D/H8,"AS,MVP-12"
Aaron Loup*,30.0,2TM,2LG,0.0,13.0,0.0,0.0,0.0,0.0,0.0,0.0,0.0,0.0,0.0,0.0,0.0,0.0,,,,,,,,0.0,0.0,0.0,0.0,0.0,0.0,1,
Aaron Loup*,30.0,TOR,AL,0.0,4.0,0.0,0.0,0.0,0.0,0.0,0.0,0.0,0.0,0.0,0.0,0.0,0.0,,,,,,,,0.0,0.0,0.0,0.0,0.0,0.0,1,
Aaron Loup*,30.0,PHI,NL,0.0,9.0,0.0,0.0,0.0,0.0,0.0,0.0,0.0,0.0,0.0,0.0,0.0,0.0,,,,,,,,0.0,0.0,0.0,0.0,0.0,0.0,/1,
Aaron Nola,25.0,PHI,NL,-0.5,32.0,70.0,62.0,0.0,3.0,1.0,0.0,0.0,4.0,0.0,0.0,1.0,36.0,0.048,0.063,0.065,0.128,-65.0,0.074,-111.0,4.0,3.0,0.0,7.0,0.0,0.0,1,"AS,CYA-3,MVP-13"
Aaron Sanchez,25.0,TOR,AL,0.0,1.0,1.0,1.0,0.0,0.0,0.0,0.0,0.0,0.0,0.0,0.0,0.0,0.0,0.0,0.0,0.0,0.0,-100.0,0.0,-125.0,0.0,0.0,0.0,0.0,0.0,0.0,1,
Aaron Wilkerson,29.0,MIL,NL,0.0,3.0,2.0,2.0,0.0,0.0,0.0,0.0,0.0,0.0,0.0,0.0,0.0,1.0,0.0,0.0,0.0,0.0,-100.0,0.0,-145.0,0.0,0.0,0.0,0.0,0.0,0.0,/1,
Abiatal Avelino,23.0,SFG,NL,0.0,6.0,11.0,11.0,1.0,3.0,0.0,0.0,0.0,0.0,0.0,0.0,0.0,3.0,0.273,0.273,0.273,0.545,53.0,0.245,46.0,3.0,0.0,0.0,0.0,0.0,0.0,/6H4,
Abraham Almonte#,29.0,KCR,AL,-0.7,50.0,151.0,134.0,15.0,24.0,1.0,2.0,3.0,9.0,2.0,2.0,15.0,36.0,0.179,0.26,0.284,0.544,50.0,0.247,47.0,38.0,6.0,0.0,1.0,1.0,0.0,8H/9D7,
Adalberto Mejía,25.0,MIN,AL,0.0,1.0,1.0,1.0,0.0,0.0,0.0,0.0,0.0,0.0,0.0,0.0,0.0,1.0,0.0,0.0,0.0,0.0,-100.0,0.0,-125.0,0.0,0.0,0.0,0.0,0.0,0.0,/1,
Adalberto Mondesí#,22.0,KCR,AL,2.1,75.0,291.0,275.0,47.0,76.0,13.0,3.0,14.0,37.0,32.0,7.0,11.0,77.0,0.276,0.306,0.498,0.804,115.0,0.366,120.0,137.0,2.0,1.0,3.0,1.0,0.0,64/HD,
Adam Cimber,27.0,SDP,NL,-0.1,38.0,4.0,4.0,0.0,0.0,0.0,0.0,0.0,0.0,0.0,0.0,0.0,3.0,0.0,0.0,0.0,0.0,-100.0,0.0,-136.0,0.0,0.0,0.0,0.0,0.0,0.0,1,
Adam Conley*,28.0,MIA,NL,0.0,48.0,0.0,0.0,0.0,0.0,0.0,0.0,0.0,0.0,0.0,0.0,0.0,0.0,,,,,,,,0.0,0.0,0.0,0.0,0.0,0.0,1,
Adam Duvall,29.0,2TM,NL,0.9,138.0,427.0,384.0,48.0,75.0,20.0,0.0,15.0,61.0,2.0,2.0,37.0,117.0,0.195,0.274,0.365,0.639,70.0,0.289,69.0,140.0,9.0,5.0,0.0,1.0,3.0,7H3/95,
Adam Duvall,29.0,CIN,NL,1.4,105.0,370.0,331.0,40.0,68.0,19.0,0.0,15.0,61.0,2.0,2.0,34.0,100.0,0.205,0.286,0.399,0.685,82.0,0.306,81.0,132.0,8.0,4.0,0.0,1.0,3.0,7H3/5,
Adam Duvall,29.0,ATL,NL,-0.5,33.0,57.0,53.0,8.0,7.0,1.0,0.0,0.0,0.0,0.0,0.0,3.0,17.0,0.132,0.193,0.151,0.344,-5.0,0.182,-10.0,8.0,1.0,1.0,0.0,0.0,0.0,H7/9,
Adam Eaton*,29.0,WSN,NL,1.3,95.0,370.0,319.0,55.0,96.0,18.0,1.0,5.0,33.0,9.0,1.0,38.0,64.0,0.301,0.394,0.411,0.805,114.0,0.369,119.0,131.0,2.0,11.0,2.0,0.0,0.0,9H7/D,
Adam Engel,26.0,CHW,AL,1.2,143.0,463.0,429.0,49.0,101.0,17.0,4.0,6.0,29.0,16.0,8.0,18.0,129.0,0.235,0.279,0.336,0.614,69.0,0.274,66.0,144.0,1.0,8.0,7.0,1.0,0.0,*8/HD,
Adam Frazier*,26.0,PIT,NL,2.6,113.0,352.0,318.0,52.0,88.0,23.0,2.0,10.0,35.0,1.0,3.0,29.0,53.0,0.277,0.342,0.456,0.798,118.0,0.351,122.0,145.0,3.0,3.0,1.0,1.0,2.0,4H79/8D,
Adam Jones,32.0,BAL,AL,0.7,145.0,613.0,580.0,54.0,163.0,35.0,0.0,15.0,63.0,7.0,1.0,24.0,93.0,0.281,0.313,0.419,0.732,101.0,0.328,103.0,243.0,21.0,5.0,0.0,4.0,1.0,*89/D7,
Adam Kolarek*,29.0,TBR,AL,0.0,3.0,0.0,0.0,0.0,0.0,0.0,0.0,0.0,0.0,0.0,0.0,0.0,0.0,,,,,,,,0.0,0.0,0.0,0.0,0.0,0.0,1,
Adam Liberatore*,31.0,LAD,NL,0.0,17.0,1.0,1.0,1.0,0.0,0.0,0.0,0.0,0.0,0.0,0.0,0.0,0.0,0.0,0.0,0.0,0.0,-100.0,0.0,-145.0,0.0,0.0,0.0,0.0,0.0,0.0,1,
Adam McCreery*,25.0,ATL,NL,0.0,1.0,0.0,0.0,0.0,0.0,0.0,0.0,0.0,0.0,0.0,0.0,0.0,0.0,,,,,,,,0.0,0.0,0.0,0.0,0.0,0.0,/1,
Adam Moore,34.0,TBR,AL,0.0,8.0,20.0,18.0,2.0,4.0,1.0,0.0,1.0,2.0,0.0,0.0,1.0,7.0,0.222,0.263,0.444,0.708,92.0,0.343,117.0,8.0,0.0,0.0,1.0,0.0,0.0,/2H,
Adam Morgan*,28.0,PHI,NL,0.0,64.0,0.0,0.0,0.0,0.0,0.0,0.0,0.0,0.0,0.0,0.0,0.0,0.0,,,,,,,,0.0,0.0,0.0,0.0,0.0,0.0,1,
Adam Ottavino#,32.0,COL,NL,0.0,70.0,0.0,0.0,0.0,0.0,0.0,0.0,0.0,0.0,0.0,0.0,0.0,0.0,,,,,,,,0.0,0.0,0.0,0.0,0.0,0.0,1,
Adam Plutko,26.0,CLE,AL,0.0,1.0,2.0,0.0,0.0,0.0,0.0,0.0,0.0,0.0,0.0,0.0,0.0,0.0,,,,,,,,0.0,0.0,0.0,2.0,0.0,0.0,1,
Adam Rosales,35.0,CLE,AL,-0.1,13.0,21.0,19.0,4.0,4.0,1.0,0.0,1.0,2.0,0.0,0.0,1.0,5.0,0.211,0.25,0.421,0.671,77.0,0.286,68.0,8.0,0.0,0.0,1.0,0.0,0.0,/H3456,
Adam Wainwright,36.0,STL,NL,-0.1,8.0,12.0,11.0,0.0,1.0,0.0,0.0,0.0,1.0,0.0,0.0,0.0,6.0,0.091,0.091,0.091,0.182,-50.0,0.082,-95.0,1.0,0.0,0.0,1.0,0.0,0.0,/1,
Adam Warren,30.0,2TM,AL,0.0,4.0,0.0,0.0,0.0,0.0,0.0,0.0,0.0,0.0,0.0,0.0,0.0,0.0,,,,,,,,0.0,0.0,0.0,0.0,0.0,0.0,1,
Adam Warren,30.0,NYY,AL,0.0,3.0,0.0,0.0,0.0,0.0,0.0,0.0,0.0,0.0,0.0,0.0,0.0,0.0,,,,,,,,0.0,0.0,0.0,0.0,0.0,0.0,1,
Adam Warren,30.0,SEA,AL,0.0,1.0,0.0,0.0,0.0,0.0,0.0,0.0,0.0,0.0,0.0,0.0,0.0,0.0,,,,,,,,0.0,0.0,0.0,0.0,0.0,0.0,1,
Addison Reed*,29.0,MIN,AL,0.0,5.0,0.0,0.0,0.0,0.0,0.0,0.0,0.0,0.0,0.0,0.0,0.0,0.0,,,,,,,,0.0,0.0,0.0,0.0,0.0,0.0,1,
Addison Russell,24.0,CHC,NL,2.3,130.0,465.0,420.0,52.0,105.0,21.0,1.0,5.0,38.0,4.0,0.0,40.0,99.0,0.25,0.317,0.34,0.657,76.0,0.303,75.0,143.0,7.0,2.0,1.0,2.0,2.0,*6/H,
Adeiny Hechavarría,29.0,3TM,2LG,0.5,94.0,321.0,296.0,34.0,73.0,11.0,0.0,6.0,31.0,2.0,0.0,16.0,58.0,0.247,0.279,0.345,0.624,72.0,0.28,69.0,102.0,7.0,0.0,2.0,7.0,2.0,6/5H,
Adeiny Hechavarría,29.0,2TM,AL,0.6,79.0,274.0,253.0,32.0,63.0,7.0,0.0,5.0,28.0,2.0,0.0,13.0,47.0,0.249,0.279,0.336,0.615,70.0,0.277,67.0,85.0,4.0,0.0,2.0,6.0,1.0,6/5H,
Adeiny Hechavarría,29.0,TBR,AL,0.7,61.0,237.0,217.0,29.0,56.0,7.0,0.0,3.0,26.0,1.0,0.0,12.0,37.0,0.258,0.289,0.332,0.621,73.0,0.282,72.0,72.0,4.0,0.0,2.0,6.0,1.0,6/H,
Adeiny Hechavarría,29.0,PIT,NL,-0.1,15.0,47.0,43.0,2.0,10.0,4.0,0.0,1.0,3.0,0.0,0.0,3.0,11.0,0.233,0.277,0.395,0.672,83.0,0.301,83.0,17.0,3.0,0.0,0.0,1.0,1.0,6/H,
Adeiny Hechavarría,29.0,NYY,AL,-0.1,18.0,37.0,36.0,3.0,7.0,0.0,0.0,2.0,2.0,1.0,0.0,1.0,10.0,0.194,0.216,0.361,0.577,55.0,0.246,39.0,13.0,0.0,0.0,0.0,0.0,0.0,6/5,
Adolis García,25.0,STL,NL,-0.3,21.0,17.0,17.0,3.0,2.0,1.0,0.0,0.0,1.0,0.0,0.0,0.0,7.0,0.118,0.118,0.176,0.294,-21.0,0.127,-46.0,3.0,0.0,0.0,0.0,0.0,0.0,H/978,
Adrian Beltré,39.0,TEX,AL,1.5,119.0,481.0,433.0,49.0,118.0,23.0,1.0,15.0,65.0,1.0,0.0,34.0,96.0,0.273,0.328,0.434,0.763,99.0,0.336,99.0,188.0,13.0,6.0,0.0,8.0,2.0,5D/H,
Adrian Houser,25.0,MIL,NL,0.0,7.0,0.0,0.0,0.0,0.0,0.0,0.0,0.0,0.0,0.0,0.0,0.0,0.0,,,,,,,,0.0,0.0,0.0,0.0,0.0,0.0,/1,
Adrián González*,36.0,NYM,NL,-0.2,54.0,187.0,169.0,15.0,40.0,5.0,0.0,6.0,26.0,0.0,0.0,15.0,34.0,0.237,0.299,0.373,0.672,88.0,0.291,80.0,63.0,5.0,1.0,0.0,2.0,3.0,3/H,
Adrián Sanchez,27.0,WSN,NL,0.0,28.0,59.0,58.0,8.0,16.0,2.0,1.0,0.0,3.0,0.0,0.0,1.0,8.0,0.276,0.288,0.345,0.633,67.0,0.295,68.0,20.0,0.0,0.0,0.0,0.0,0.0,4H/5,
AJ Pollock,30.0,ARI,NL,2.2,113.0,460.0,413.0,61.0,106.0,21.0,5.0,21.0,65.0,13.0,2.0,31.0,100.0,0.257,0.316,0.484,0.8,108.0,0.346,103.0,200.0,6.0,8.0,1.0,7.0,2.0,*8/H,
AJ Ramos,31.0,NYM,NL,0.0,28.0,0.0,0.0,0.0,0.0,0.0,0.0,0.0,0.0,0.0,0.0,0.0,0.0,,,,,,,,0.0,0.0,0.0,0.0,0.0,0.0,1,
AJ Reed*,25.0,HOU,AL,-0.1,1.0,3.0,3.0,0.0,0.0,0.0,0.0,0.0,0.0,0.0,0.0,0.0,1.0,0.0,0.0,0.0,0.0,-100.0,0.0,-131.0,0.0,0.0,0.0,0.0,0.0,0.0,/3,
Akeel Morris,25.0,LAA,AL,0.0,1.0,0.0,0.0,0.0,0.0,0.0,0.0,0.0,0.0,0.0,0.0,0.0,0.0,,,,,,,,0.0,0.0,0.0,0.0,0.0,0.0,/1,
Albert Almora,24.0,CHC,NL,2.2,152.0,479.0,444.0,62.0,127.0,24.0,1.0,5.0,41.0,1.0,3.0,24.0,83.0,0.286,0.323,0.378,0.701,86.0,0.312,85.0,168.0,12.0,3.0,2.0,6.0,1.0,*8H/7,
Albert Pujols,38.0,LAA,AL,0.2,117.0,498.0,465.0,50.0,114.0,20.0,0.0,19.0,64.0,1.0,0.0,28.0,65.0,0.245,0.289,0.411,0.7,91.0,0.314,95.0,191.0,12.0,2.0,0.0,3.0,3.0,3D,
Alcides Escobar,31.0,KCR,AL,-2.1,140.0,531.0,485.0,54.0,112.0,22.0,3.0,4.0,34.0,8.0,2.0,29.0,74.0,0.231,0.279,0.313,0.593,63.0,0.275,63.0,152.0,14.0,5.0,8.0,4.0,1.0,65/84,
Alec Asher,26.0,MIL,NL,0.0,2.0,0.0,0.0,0.0,0.0,0.0,0.0,0.0,0.0,0.0,0.0,0.0,0.0,,,,,,,,0.0,0.0,0.0,0.0,0.0,0.0,/1,
Alec Mills,26.0,CHC,NL,0.0,7.0,5.0,5.0,0.0,1.0,0.0,0.0,0.0,0.0,0.0,0.0,0.0,2.0,0.2,0.2,0.2,0.4,7.0,0.18,-15.0,1.0,0.0,0.0,0.0,0.0,0.0,/1,
Aledmys Díaz,27.0,TOR,AL,2.1,130.0,452.0,422.0,55.0,111.0,26.0,0.0,18.0,55.0,3.0,4.0,23.0,62.0,0.263,0.303,0.453,0.756,105.0,0.328,107.0,191.0,9.0,3.0,0.0,4.0,2.0,65/HD,
Alen Hanson#,25.0,SFG,NL,0.5,110.0,310.0,294.0,36.0,74.0,17.0,5.0,8.0,39.0,7.0,3.0,9.0,71.0,0.252,0.274,0.425,0.699,91.0,0.307,90.0,125.0,4.0,1.0,3.0,3.0,0.0,4H765/9,
Alex Avila*,31.0,ARI,NL,0.0,80.0,234.0,194.0,13.0,32.0,6.0,0.0,7.0,20.0,0.0,0.0,37.0,90.0,0.165,0.299,0.304,0.603,61.0,0.279,57.0,59.0,4.0,1.0,0.0,2.0,2.0,2H/31,
Alex Blandino,25.0,CIN,NL,-0.2,69.0,147.0,128.0,14.0,30.0,4.0,0.0,1.0,8.0,0.0,0.0,13.0,41.0,0.234,0.324,0.289,0.613,67.0,0.294,71.0,37.0,4.0,4.0,2.0,0.0,1.0,H456/1379,
Alex Bregman,24.0,HOU,AL,7.6,157.0,705.0,594.0,105.0,170.0,51.0,1.0,31.0,103.0,10.0,4.0,96.0,85.0,0.286,0.394,0.532,0.926,152.0,0.397,153.0,316.0,15.0,12.0,0.0,3.0,2.0,*56/47,"AS,MVP-5"
Alex Cobb,30.0,BAL,AL,0.0,3.0,7.0,6.0,0.0,1.0,0.0,0.0,0.0,0.0,0.0,0.0,0.0,2.0,0.167,0.167,0.167,0.333,-7.0,0.149,-44.0,1.0,0.0,0.0,1.0,0.0,0.0,1,
Alex Colomé,29.0,SEA,AL,0.0,3.0,0.0,0.0,0.0,0.0,0.0,0.0,0.0,0.0,0.0,0.0,0.0,0.0,,,,,,,,0.0,0.0,0.0,0.0,0.0,0.0,1,
Alex Gordon*,34.0,KCR,AL,2.0,141.0,568.0,506.0,56.0,124.0,24.0,0.0,13.0,54.0,12.0,2.0,50.0,124.0,0.245,0.324,0.37,0.694,90.0,0.309,87.0,187.0,7.0,10.0,0.0,2.0,4.0,*78/D9,GG
Alex McRae,25.0,PIT,NL,0.0,2.0,2.0,2.0,0.0,0.0,0.0,0.0,0.0,0.0,0.0,0.0,0.0,0.0,0.0,0.0,0.0,0.0,-100.0,0.0,-141.0,0.0,0.0,0.0,0.0,0.0,0.0,/1,
Alex Reyes,23.0,STL,NL,0.0,1.0,1.0,1.0,0.0,0.0,0.0,0.0,0.0,0.0,0.0,0.0,0.0,1.0,0.0,0.0,0.0,0.0,-100.0,0.0,-136.0,0.0,0.0,0.0,0.0,0.0,0.0,/1,
Alex Verdugo*,22.0,LAD,NL,0.4,37.0,86.0,77.0,11.0,20.0,6.0,0.0,1.0,4.0,0.0,0.0,8.0,14.0,0.26,0.329,0.377,0.706,93.0,0.334,105.0,29.0,4.0,0.0,1.0,0.0,0.0,9H7/8,
Alex Wilson,31.0,DET,AL,0.0,6.0,0.0,0.0,0.0,0.0,0.0,0.0,0.0,0.0,0.0,0.0,0.0,0.0,,,,,,,,0.0,0.0,0.0,0.0,0.0,0.0,1,
Alex Wood,27.0,LAD,NL,-0.3,31.0,50.0,44.0,1.0,2.0,0.0,0.0,0.0,0.0,1.0,0.0,0.0,25.0,0.045,0.045,0.045,0.091,-75.0,0.065,-123.0,2.0,0.0,0.0,6.0,0.0,0.0,1,
Alfredo González,25.0,CHW,AL,-0.1,3.0,9.0,9.0,0.0,1.0,0.0,0.0,0.0,1.0,0.0,0.0,0.0,4.0,0.111,0.111,0.111,0.222,-38.0,0.099,-60.0,1.0,0.0,0.0,0.0,0.0,0.0,/2,
Allen Webster,28.0,CHC,NL,0.0,3.0,0.0,0.0,0.0,0.0,0.0,0.0,0.0,0.0,0.0,0.0,0.0,0.0,,,,,,,,0.0,0.0,0.0,0.0,0.0,0.0,/1,
Amed Rosario,22.0,NYM,NL,1.1,154.0,592.0,554.0,76.0,142.0,26.0,8.0,9.0,51.0,24.0,11.0,29.0,119.0,0.256,0.295,0.381,0.676,88.0,0.301,87.0,211.0,9.0,3.0,3.0,3.0,4.0,*6/H,
Amir Garrett,26.0,CIN,NL,0.0,60.0,2.0,2.0,0.0,0.0,0.0,0.0,0.0,0.0,0.0,0.0,0.0,1.0,0.0,0.0,0.0,0.0,-100.0,0.0,-145.0,0.0,0.0,0.0,0.0,0.0,0.0,1,
Andrelton Simmons,28.0,LAA,AL,5.5,146.0,600.0,554.0,68.0,162.0,26.0,5.0,11.0,75.0,10.0,2.0,35.0,44.0,0.292,0.337,0.417,0.754,108.0,0.337,110.0,231.0,17.0,5.0,1.0,5.0,2.0,*6/D,"MVP-15,GG"
Andrew Benintendi*,23.0,BOS,AL,4.8,148.0,661.0,579.0,103.0,168.0,41.0,6.0,16.0,87.0,21.0,3.0,71.0,106.0,0.29,0.366,0.465,0.83,123.0,0.368,124.0,269.0,9.0,2.0,2.0,7.0,1.0,*78/H,
Andrew Cashner,31.0,BAL,AL,0.0,2.0,3.0,3.0,0.0,0.0,0.0,0.0,0.0,0.0,0.0,0.0,0.0,1.0,0.0,0.0,0.0,0.0,-100.0,0.0,-131.0,0.0,0.0,0.0,0.0,0.0,0.0,1/H,
Andrew Chafin,28.0,ARI,NL,0.0,72.0,0.0,0.0,0.0,0.0,0.0,0.0,0.0,0.0,0.0,0.0,0.0,0.0,,,,,,,,0.0,0.0,0.0,0.0,0.0,0.0,1,
Andrew Heaney*,27.0,LAA,AL,0.0,3.0,8.0,8.0,1.0,1.0,0.0,0.0,0.0,0.0,0.0,0.0,0.0,6.0,0.125,0.125,0.125,0.25,-30.0,0.1,-59.0,1.0,0.0,0.0,0.0,0.0,0.0,1,
Andrew Kittredge,28.0,TBR,AL,0.0,3.0,1.0,1.0,0.0,0.0,0.0,0.0,0.0,0.0,0.0,0.0,0.0,1.0,0.0,0.0,0.0,0.0,-100.0,0.0,-125.0,0.0,0.0,0.0,0.0,0.0,0.0,1,
Andrew Knapp#,26.0,PHI,NL,-0.5,84.0,215.0,187.0,19.0,37.0,6.0,2.0,4.0,15.0,1.0,0.0,24.0,75.0,0.198,0.294,0.316,0.61,64.0,0.285,64.0,59.0,2.0,2.0,1.0,1.0,1.0,2H/3,
Andrew McCutchen,31.0,2TM,2LG,2.6,155.0,682.0,569.0,83.0,145.0,30.0,3.0,20.0,65.0,14.0,9.0,95.0,145.0,0.255,0.368,0.424,0.792,120.0,0.354,126.0,241.0,12.0,11.0,0.0,7.0,1.0,*97/DH,
Andrew McCutchen,31.0,SFG,NL,1.7,130.0,568.0,482.0,65.0,123.0,28.0,2.0,15.0,55.0,13.0,6.0,73.0,123.0,0.255,0.357,0.415,0.772,115.0,0.349,121.0,200.0,11.0,7.0,0.0,6.0,1.0,*9/HD,
Andrew McCutchen,31.0,NYY,AL,0.9,25.0,114.0,87.0,18.0,22.0,2.0,1.0,5.0,10.0,1.0,3.0,22.0,22.0,0.253,0.421,0.471,0.892,145.0,0.381,149.0,41.0,1.0,4.0,0.0,1.0,0.0,97/D,
Andrew Miller*,33.0,CLE,AL,0.0,3.0,1.0,1.0,0.0,0.0,0.0,0.0,0.0,0.0,0.0,0.0,0.0,1.0,0.0,0.0,0.0,0.0,-100.0,0.0,-133.0,0.0,0.0,0.0,0.0,0.0,0.0,1,
Andrew Romine#,32.0,SEA,AL,-0.2,72.0,131.0,119.0,15.0,25.0,2.0,1.0,0.0,2.0,1.0,0.0,7.0,39.0,0.21,0.26,0.244,0.504,44.0,0.238,41.0,29.0,2.0,1.0,4.0,0.0,0.0,H463/517D89,
Andrew Stevenson*,24.0,WSN,NL,-0.2,57.0,86.0,75.0,9.0,19.0,2.0,0.0,1.0,13.0,1.0,1.0,6.0,23.0,0.253,0.306,0.32,0.626,66.0,0.284,62.0,24.0,0.0,1.0,1.0,3.0,0.0,H7/89,
Andrew Susac,28.0,BAL,AL,-0.3,9.0,26.0,26.0,1.0,3.0,1.0,0.0,0.0,0.0,0.0,0.0,0.0,12.0,0.115,0.115,0.154,0.269,-26.0,0.116,-47.0,4.0,0.0,0.0,0.0,0.0,0.0,/2H,
Andrew Suárez*,25.0,SFG,NL,-0.2,27.0,51.0,47.0,1.0,3.0,0.0,0.0,0.0,0.0,0.0,0.0,2.0,27.0,0.064,0.102,0.064,0.166,-52.0,0.081,-81.0,3.0,1.0,0.0,2.0,0.0,0.0,1,
Andrew Toles*,26.0,LAD,NL,0.0,17.0,32.0,30.0,5.0,7.0,2.0,0.0,0.0,4.0,1.0,0.0,2.0,8.0,0.233,0.281,0.3,0.581,59.0,0.282,60.0,9.0,1.0,0.0,0.0,0.0,1.0,/H879,
Andrew Velazquez#,23.0,TBR,AL,0.3,13.0,12.0,10.0,3.0,3.0,1.0,0.0,0.0,0.0,1.0,0.0,1.0,3.0,0.3,0.417,0.4,0.817,130.0,0.39,136.0,4.0,0.0,1.0,0.0,0.0,0.0,/5H46879D,
Anthony Alford,23.0,TOR,AL,-0.2,13.0,21.0,19.0,3.0,2.0,0.0,0.0,0.0,1.0,1.0,0.0,2.0,9.0,0.105,0.19,0.105,0.296,-14.0,0.205,9.0,2.0,0.0,0.0,0.0,0.0,0.0,/7H98D,
Anthony Bass,30.0,CHC,NL,0.0,16.0,0.0,0.0,0.0,0.0,0.0,0.0,0.0,0.0,0.0,0.0,0.0,0.0,,,,,,,,0.0,0.0,0.0,0.0,0.0,0.0,1,
Anthony DeSclafani,28.0,CIN,NL,0.1,20.0,46.0,42.0,3.0,6.0,0.0,0.0,1.0,4.0,0.0,0.0,0.0,25.0,0.143,0.143,0.214,0.357,-6.0,0.175,-26.0,9.0,0.0,0.0,4.0,0.0,0.0,1,
Anthony Rendon,28.0,WSN,NL,5.2,136.0,597.0,529.0,88.0,163.0,44.0,2.0,24.0,92.0,2.0,1.0,55.0,82.0,0.308,0.374,0.535,0.909,137.0,0.388,137.0,283.0,5.0,5.0,0.0,8.0,5.0,*5,MVP-11
Anthony Rizzo*,28.0,CHC,NL,3.1,153.0,665.0,566.0,74.0,160.0,29.0,1.0,25.0,101.0,6.0,4.0,70.0,80.0,0.283,0.376,0.47,0.846,124.0,0.367,124.0,266.0,11.0,20.0,0.0,9.0,15.0,*3/H14,"MVP-17,GG"
Anthony Santander#,23.0,BAL,AL,-0.4,33.0,108.0,101.0,8.0,20.0,5.0,1.0,1.0,6.0,1.0,0.0,6.0,21.0,0.198,0.25,0.297,0.547,51.0,0.243,43.0,30.0,1.0,1.0,0.0,0.0,0.0,9/DH7,
Anthony Swarzak,32.0,NYM,NL,0.0,27.0,0.0,0.0,0.0,0.0,0.0,0.0,0.0,0.0,0.0,0.0,0.0,0.0,,,,,,,,0.0,0.0,0.0,0.0,0.0,0.0,1,
Antonio Senzatela,23.0,COL,NL,-0.1,22.0,29.0,24.0,1.0,2.0,1.0,0.0,0.0,3.0,0.0,0.0,0.0,13.0,0.083,0.083,0.125,0.208,-48.0,0.127,-97.0,3.0,0.0,0.0,5.0,0.0,0.0,1,
Aníbal Sánchez,34.0,ATL,NL,-0.4,23.0,44.0,41.0,0.0,1.0,0.0,0.0,0.0,0.0,0.0,0.0,1.0,25.0,0.024,0.048,0.024,0.072,-80.0,0.038,-125.0,1.0,2.0,0.0,2.0,0.0,0.0,1,
Aramis Garcia,25.0,SFG,NL,0.2,19.0,65.0,63.0,8.0,18.0,1.0,0.0,4.0,9.0,0.0,0.0,2.0,31.0,0.286,0.308,0.492,0.8,119.0,0.345,118.0,31.0,1.0,0.0,0.0,0.0,0.0,3/2H,
Archie Bradley,25.0,ARI,NL,0.0,71.0,0.0,0.0,0.0,0.0,0.0,0.0,0.0,0.0,0.0,0.0,0.0,0.0,,,,,,,,0.0,0.0,0.0,0.0,0.0,0.0,1,
Ariel Jurado,22.0,TEX,AL,0.0,1.0,1.0,0.0,0.0,0.0,0.0,0.0,0.0,0.0,0.0,0.0,0.0,0.0,,,,,,,,0.0,0.0,0.0,1.0,0.0,0.0,1,
Aristides Aquino,24.0,CIN,NL,-0.1,1.0,1.0,1.0,0.0,0.0,0.0,0.0,0.0,0.0,0.0,0.0,0.0,1.0,0.0,0.0,0.0,0.0,-100.0,0.0,-145.0,0.0,0.0,0.0,0.0,0.0,0.0,/9H,
Arodys Vizcaíno,27.0,ATL,NL,0.0,35.0,0.0,0.0,0.0,0.0,0.0,0.0,0.0,0.0,0.0,0.0,0.0,0.0,,,,,,,,0.0,0.0,0.0,0.0,0.0,0.0,1,
Aroldis Chapman*,30.0,NYY,AL,0.0,7.0,0.0,0.0,0.0,0.0,0.0,0.0,0.0,0.0,0.0,0.0,0.0,0.0,,,,,,,,0.0,0.0,0.0,0.0,0.0,0.0,1,AS
Artie Lewicki,26.0,DET,AL,0.0,2.0,0.0,0.0,0.0,0.0,0.0,0.0,0.0,0.0,0.0,0.0,0.0,0.0,,,,,,,,0.0,0.0,0.0,0.0,0.0,0.0,1,
Asdrúbal Cabrera#,32.0,2TM,NL,1.4,147.0,592.0,546.0,68.0,143.0,36.0,1.0,23.0,75.0,0.0,0.0,41.0,119.0,0.262,0.316,0.458,0.774,111.0,0.338,111.0,250.0,16.0,3.0,0.0,2.0,1.0,465H/D,
Asdrúbal Cabrera#,32.0,NYM,NL,2.0,98.0,407.0,375.0,48.0,104.0,23.0,1.0,18.0,58.0,0.0,0.0,29.0,81.0,0.277,0.329,0.488,0.817,126.0,0.357,129.0,183.0,12.0,1.0,0.0,2.0,1.0,4/HD,
Asdrúbal Cabrera#,32.0,PHI,NL,-0.7,49.0,185.0,171.0,20.0,39.0,13.0,0.0,5.0,17.0,0.0,0.0,12.0,38.0,0.228,0.286,0.392,0.678,80.0,0.297,74.0,67.0,4.0,2.0,0.0,0.0,0.0,65/HD4,
Austen Williams,25.0,WSN,NL,0.0,10.0,0.0,0.0,0.0,0.0,0.0,0.0,0.0,0.0,0.0,0.0,0.0,0.0,,,,,,,,0.0,0.0,0.0,0.0,0.0,0.0,1,
Austin Adams,27.0,WSN,NL,0.0,2.0,0.0,0.0,0.0,0.0,0.0,0.0,0.0,0.0,0.0,0.0,0.0,0.0,,,,,,,,0.0,0.0,0.0,0.0,0.0,0.0,/1,
Austin Barnes,28.0,LAD,NL,0.6,100.0,238.0,200.0,32.0,41.0,5.0,0.0,4.0,14.0,4.0,3.0,31.0,67.0,0.205,0.329,0.29,0.619,72.0,0.295,77.0,58.0,7.0,6.0,1.0,0.0,4.0,2H4,
Austin Brice,26.0,CIN,NL,0.0,32.0,1.0,1.0,0.0,0.0,0.0,0.0,0.0,0.0,0.0,0.0,0.0,1.0,0.0,0.0,0.0,0.0,-100.0,0.0,-145.0,0.0,0.0,0.0,0.0,0.0,0.0,1,
Austin Davis*,25.0,PHI,NL,0.0,31.0,3.0,3.0,0.0,0.0,0.0,0.0,0.0,0.0,0.0,0.0,0.0,3.0,0.0,0.0,0.0,0.0,-100.0,0.0,-145.0,0.0,0.0,0.0,0.0,0.0,0.0,1,
Austin Dean,24.0,MIA,NL,-0.3,34.0,122.0,113.0,16.0,25.0,4.0,0.0,4.0,14.0,1.0,0.0,7.0,22.0,0.221,0.279,0.363,0.642,77.0,0.298,81.0,41.0,1.0,2.0,0.0,0.0,0.0,7/H,
Austin Gomber*,24.0,STL,NL,0.1,27.0,21.0,19.0,1.0,4.0,1.0,0.0,0.0,4.0,0.0,0.0,0.0,3.0,0.211,0.211,0.263,0.474,29.0,0.198,-4.0,5.0,0.0,0.0,2.0,0.0,0.0,1,
Austin Hedges,25.0,SDP,NL,1.2,91.0,326.0,303.0,29.0,70.0,14.0,2.0,14.0,37.0,3.0,0.0,21.0,90.0,0.231,0.282,0.429,0.711,95.0,0.314,94.0,130.0,9.0,1.0,0.0,1.0,3.0,2/HD,
Austin Jackson,31.0,2TM,NL,-1.4,116.0,375.0,347.0,29.0,85.0,17.0,1.0,3.0,32.0,3.0,3.0,26.0,133.0,0.245,0.299,0.326,0.624,75.0,0.281,74.0,113.0,8.0,1.0,0.0,1.0,2.0,8H/7,
Austin Jackson,31.0,SFG,NL,-1.1,59.0,165.0,149.0,12.0,36.0,8.0,0.0,0.0,13.0,2.0,1.0,14.0,59.0,0.242,0.309,0.295,0.604,71.0,0.28,71.0,44.0,4.0,1.0,0.0,1.0,2.0,8H/7,
Austin Jackson,31.0,NYM,NL,-0.4,57.0,210.0,198.0,17.0,49.0,9.0,1.0,3.0,19.0,1.0,2.0,12.0,74.0,0.247,0.29,0.348,0.639,79.0,0.282,76.0,69.0,4.0,0.0,0.0,0.0,0.0,8/H,
Austin Meadows*,23.0,2TM,2LG,-0.3,59.0,191.0,178.0,19.0,51.0,9.0,2.0,6.0,17.0,5.0,1.0,10.0,40.0,0.287,0.325,0.461,0.785,114.0,0.345,113.0,82.0,1.0,1.0,0.0,2.0,2.0,98H7/D,
Austin Meadows*,23.0,PIT,NL,-0.2,49.0,165.0,154.0,16.0,45.0,8.0,2.0,5.0,13.0,4.0,1.0,8.0,35.0,0.292,0.327,0.468,0.795,116.0,0.348,115.0,72.0,1.0,1.0,0.0,2.0,2.0,897H,
Austin Meadows*,23.0,TBR,AL,-0.1,10.0,26.0,24.0,3.0,6.0,1.0,0.0,1.0,4.0,1.0,0.0,2.0,5.0,0.25,0.308,0.417,0.724,99.0,0.324,97.0,10.0,0.0,0.0,0.0,0.0,0.0,/9HD7,
Austin Pruitt,28.0,TBR,AL,0.0,1.0,0.0,0.0,0.0,0.0,0.0,0.0,0.0,0.0,0.0,0.0,0.0,0.0,,,,,,,,0.0,0.0,0.0,0.0,0.0,0.0,1,
Austin Romine,29.0,NYY,AL,1.4,77.0,265.0,242.0,30.0,59.0,12.0,0.0,10.0,42.0,1.0,0.0,17.0,67.0,0.244,0.295,0.417,0.713,93.0,0.316,93.0,101.0,10.0,2.0,1.0,3.0,0.0,2/H,
Austin Slater,25.0,SFG,NL,-0.2,74.0,225.0,199.0,21.0,50.0,6.0,1.0,1.0,23.0,7.0,0.0,20.0,69.0,0.251,0.333,0.307,0.64,81.0,0.305,83.0,61.0,5.0,5.0,0.0,1.0,2.0,73H9,
Austin Voth,26.0,WSN,NL,0.0,4.0,2.0,2.0,0.0,0.0,0.0,0.0,0.0,0.0,0.0,0.0,0.0,1.0,0.0,0.0,0.0,0.0,-100.0,0.0,-150.0,0.0,0.0,0.0,0.0,0.0,0.0,/1,
Austin Wynns,27.0,BAL,AL,0.4,42.0,118.0,110.0,16.0,28.0,2.0,0.0,4.0,11.0,0.0,0.0,5.0,25.0,0.255,0.287,0.382,0.669,83.0,0.308,90.0,42.0,7.0,0.0,3.0,0.0,0.0,2/HD,
Avisaíl García,27.0,CHW,AL,0.6,93.0,385.0,356.0,47.0,84.0,11.0,2.0,19.0,49.0,3.0,1.0,20.0,102.0,0.236,0.281,0.438,0.719,95.0,0.317,97.0,156.0,9.0,4.0,0.0,5.0,2.0,9/D,
Bartolo Colon,45.0,TEX,AL,-0.1,2.0,4.0,4.0,0.0,0.0,0.0,0.0,0.0,0.0,0.0,0.0,0.0,3.0,0.0,0.0,0.0,0.0,-100.0,0.0,-140.0,0.0,0.0,0.0,0.0,0.0,0.0,1,
Beau Taylor*,28.0,OAK,AL,0.0,7.0,6.0,5.0,0.0,1.0,1.0,0.0,0.0,0.0,0.0,0.0,1.0,2.0,0.2,0.333,0.4,0.733,103.0,0.322,101.0,2.0,0.0,0.0,0.0,0.0,0.0,/2HD,
Ben Gamel*,26.0,SEA,AL,0.6,101.0,293.0,257.0,37.0,70.0,14.0,4.0,1.0,19.0,7.0,3.0,31.0,61.0,0.272,0.358,0.37,0.728,106.0,0.324,106.0,95.0,4.0,4.0,0.0,1.0,1.0,79H/D83,
Ben Lively,26.0,2TM,2LG,0.0,6.0,7.0,7.0,0.0,0.0,0.0,0.0,0.0,0.0,0.0,0.0,0.0,2.0,0.0,0.0,0.0,0.0,-100.0,0.129,-49.0,0.0,0.0,0.0,0.0,0.0,0.0,1/H,
Ben Lively,26.0,PHI,NL,0.0,5.0,7.0,7.0,0.0,0.0,0.0,0.0,0.0,0.0,0.0,0.0,0.0,2.0,0.0,0.0,0.0,0.0,-100.0,0.129,-49.0,0.0,0.0,0.0,0.0,0.0,0.0,/1H,
Ben Lively,26.0,KCR,AL,0.0,1.0,0.0,0.0,0.0,0.0,0.0,0.0,0.0,0.0,0.0,0.0,0.0,0.0,,,,,,,,0.0,0.0,0.0,0.0,0.0,0.0,/1,
Ben Meyer*,25.0,MIA,NL,0.0,13.0,1.0,1.0,0.0,0.0,0.0,0.0,0.0,0.0,0.0,0.0,0.0,0.0,0.0,0.0,0.0,0.0,-100.0,0.0,-136.0,0.0,0.0,0.0,0.0,0.0,0.0,1,
Ben Zobrist#,37.0,CHC,NL,3.5,139.0,520.0,455.0,67.0,139.0,28.0,3.0,9.0,58.0,3.0,4.0,55.0,60.0,0.305,0.378,0.44,0.817,117.0,0.361,120.0,200.0,8.0,2.0,1.0,7.0,1.0,497H/3D,
Billy Hamilton,27.0,CIN,NL,0.6,153.0,556.0,504.0,74.0,119.0,16.0,9.0,4.0,29.0,34.0,10.0,46.0,132.0,0.236,0.299,0.327,0.626,69.0,0.287,62.0,165.0,1.0,1.0,1.0,4.0,0.0,*8/H9,
Billy McKinney*,23.0,2TM,AL,0.2,38.0,132.0,119.0,14.0,30.0,7.0,0.0,6.0,13.0,1.0,0.0,11.0,33.0,0.252,0.318,0.462,0.78,113.0,0.334,108.0,55.0,0.0,1.0,0.0,1.0,0.0,79/H3,
Billy McKinney*,23.0,NYY,AL,-0.1,2.0,4.0,4.0,0.0,1.0,0.0,0.0,0.0,0.0,0.0,0.0,0.0,1.0,0.25,0.25,0.25,0.5,38.0,0.2,11.0,1.0,0.0,0.0,0.0,0.0,0.0,/7,
Billy McKinney*,23.0,TOR,AL,0.3,36.0,128.0,115.0,14.0,29.0,7.0,0.0,6.0,13.0,1.0,0.0,11.0,32.0,0.252,0.32,0.47,0.79,115.0,0.339,111.0,54.0,0.0,1.0,0.0,1.0,0.0,79/H3,
Blaine Boyer,36.0,KCR,AL,0.0,2.0,0.0,0.0,0.0,0.0,0.0,0.0,0.0,0.0,0.0,0.0,0.0,0.0,,,,,,,,0.0,0.0,0.0,0.0,0.0,0.0,1,
Blaine Hardy*,31.0,DET,AL,0.0,3.0,0.0,0.0,0.0,0.0,0.0,0.0,0.0,0.0,0.0,0.0,0.0,0.0,,,,,,,,0.0,0.0,0.0,0.0,0.0,0.0,1,
Blake Parker,33.0,LAA,AL,0.0,4.0,0.0,0.0,0.0,0.0,0.0,0.0,0.0,0.0,0.0,0.0,0.0,0.0,,,,,,,,0.0,0.0,0.0,0.0,0.0,0.0,1,
Blake Snell*,25.0,TBR,AL,0.1,1.0,3.0,1.0,0.0,0.0,0.0,0.0,0.0,0.0,0.0,0.0,1.0,1.0,0.0,0.667,0.0,0.667,112.0,0.473,209.0,0.0,0.0,1.0,0.0,0.0,0.0,1,"AS,CYA-1,MVP-9"
Blake Swihart#,26.0,BOS,AL,-0.1,82.0,207.0,192.0,28.0,44.0,10.0,0.0,3.0,18.0,6.0,1.0,15.0,57.0,0.229,0.285,0.328,0.613,65.0,0.284,64.0,63.0,4.0,0.0,0.0,0.0,0.0,2H9D3/754,
Blake Trahan,24.0,CIN,NL,0.0,11.0,14.0,14.0,2.0,3.0,0.0,0.0,0.0,0.0,0.0,0.0,0.0,4.0,0.214,0.214,0.214,0.429,16.0,0.257,45.0,3.0,0.0,0.0,0.0,0.0,0.0,/645H,
Blake Treinen,30.0,OAK,AL,0.0,3.0,0.0,0.0,0.0,0.0,0.0,0.0,0.0,0.0,0.0,0.0,0.0,0.0,,,,,,,,0.0,0.0,0.0,0.0,0.0,0.0,1,"AS,CYA-6,MVP-15"
Bobby Poyner*,25.0,BOS,AL,0.0,2.0,0.0,0.0,0.0,0.0,0.0,0.0,0.0,0.0,0.0,0.0,0.0,0.0,,,,,,,,0.0,0.0,0.0,0.0,0.0,0.0,1,
Bobby Wahl,26.0,NYM,NL,0.0,6.0,0.0,0.0,0.0,0.0,0.0,0.0,0.0,0.0,0.0,0.0,0.0,0.0,,,,,,,,0.0,0.0,0.0,0.0,0.0,0.0,/1,
Bobby Wilson,35.0,MIN,AL,0.2,47.0,151.0,135.0,12.0,24.0,8.0,0.0,2.0,16.0,0.0,0.0,12.0,37.0,0.178,0.242,0.281,0.523,43.0,0.244,41.0,38.0,6.0,0.0,2.0,2.0,0.0,2,
Boog Powell*,25.0,OAK,AL,-0.5,7.0,25.0,24.0,3.0,4.0,1.0,1.0,0.0,0.0,1.0,1.0,1.0,6.0,0.167,0.2,0.292,0.492,34.0,0.197,19.0,7.0,1.0,0.0,0.0,0.0,0.0,/8H,
Boone Logan,33.0,MIL,NL,0.0,12.0,0.0,0.0,0.0,0.0,0.0,0.0,0.0,0.0,0.0,0.0,0.0,0.0,,,,,,,,0.0,0.0,0.0,0.0,0.0,0.0,1,
Brad Boxberger,30.0,ARI,NL,0.0,58.0,0.0,0.0,0.0,0.0,0.0,0.0,0.0,0.0,0.0,0.0,0.0,0.0,,,,,,,,0.0,0.0,0.0,0.0,0.0,0.0,1,
Brad Brach,32.0,2TM,2LG,0.0,32.0,0.0,0.0,0.0,0.0,0.0,0.0,0.0,0.0,0.0,0.0,0.0,0.0,,,,,,,,0.0,0.0,0.0,0.0,0.0,0.0,1,
Brad Brach,32.0,BAL,AL,0.0,5.0,0.0,0.0,0.0,0.0,0.0,0.0,0.0,0.0,0.0,0.0,0.0,0.0,,,,,,,,0.0,0.0,0.0,0.0,0.0,0.0,1,
Brad Brach,32.0,ATL,NL,0.0,27.0,0.0,0.0,0.0,0.0,0.0,0.0,0.0,0.0,0.0,0.0,0.0,0.0,,,,,,,,0.0,0.0,0.0,0.0,0.0,0.0,1,
Brad Hand*,28.0,2TM,2LG,0.0,40.0,1.0,1.0,0.0,0.0,0.0,0.0,0.0,0.0,0.0,0.0,0.0,0.0,0.0,0.0,0.0,0.0,-100.0,0.0,-136.0,0.0,0.0,0.0,0.0,0.0,0.0,1,AS
Brad Hand*,28.0,SDP,NL,0.0,39.0,1.0,1.0,0.0,0.0,0.0,0.0,0.0,0.0,0.0,0.0,0.0,0.0,0.0,0.0,0.0,0.0,-100.0,0.0,-136.0,0.0,0.0,0.0,0.0,0.0,0.0,1,
Brad Hand*,28.0,CLE,AL,0.0,1.0,0.0,0.0,0.0,0.0,0.0,0.0,0.0,0.0,0.0,0.0,0.0,0.0,,,,,,,,0.0,0.0,0.0,0.0,0.0,0.0,1,
Brad Keller,22.0,KCR,AL,0.0,3.0,3.0,3.0,1.0,1.0,0.0,0.0,0.0,0.0,0.0,0.0,0.0,1.0,0.333,0.333,0.333,0.667,85.0,0.298,80.0,1.0,0.0,0.0,0.0,0.0,0.0,1,
Brad Miller*,28.0,2TM,2LG,0.2,75.0,254.0,230.0,21.0,57.0,13.0,2.0,7.0,29.0,0.0,0.0,22.0,82.0,0.248,0.311,0.413,0.724,97.0,0.32,98.0,95.0,4.0,0.0,0.0,2.0,1.0,34H/6D,
Brad Miller*,28.0,TBR,AL,0.3,48.0,174.0,156.0,16.0,40.0,10.0,1.0,5.0,21.0,0.0,0.0,16.0,51.0,0.256,0.322,0.429,0.751,107.0,0.337,112.0,67.0,2.0,0.0,0.0,2.0,0.0,3/H4D,
Brad Miller*,28.0,MIL,NL,-0.1,27.0,80.0,74.0,5.0,17.0,3.0,1.0,2.0,8.0,0.0,0.0,6.0,31.0,0.23,0.288,0.378,0.666,77.0,0.285,65.0,28.0,2.0,0.0,0.0,0.0,1.0,4/H63,
Brad Peacock,30.0,HOU,AL,0.0,3.0,1.0,1.0,0.0,0.0,0.0,0.0,0.0,0.0,0.0,0.0,0.0,1.0,0.0,0.0,0.0,0.0,-100.0,0.0,-125.0,0.0,0.0,0.0,0.0,0.0,0.0,1,
Brad Wieck*,26.0,SDP,NL,0.0,5.0,0.0,0.0,0.0,0.0,0.0,0.0,0.0,0.0,0.0,0.0,0.0,0.0,,,,,,,,0.0,0.0,0.0,0.0,0.0,0.0,/1,
Brad Ziegler,38.0,2TM,NL,0.0,76.0,0.0,0.0,0.0,0.0,0.0,0.0,0.0,0.0,0.0,0.0,0.0,0.0,,,,,,,,0.0,0.0,0.0,0.0,0.0,0.0,1,
Brad Ziegler,38.0,MIA,NL,0.0,49.0,0.0,0.0,0.0,0.0,0.0,0.0,0.0,0.0,0.0,0.0,0.0,0.0,,,,,,,,0.0,0.0,0.0,0.0,0.0,0.0,1,
Brad Ziegler,38.0,ARI,NL,0.0,27.0,0.0,0.0,0.0,0.0,0.0,0.0,0.0,0.0,0.0,0.0,0.0,0.0,,,,,,,,0.0,0.0,0.0,0.0,0.0,0.0,1,
Braden Shipley,26.0,ARI,NL,0.1,3.0,2.0,2.0,1.0,0.0,0.0,0.0,0.0,0.0,0.0,0.0,0.0,0.0,0.0,0.0,0.0,0.0,-100.0,0.451,186.0,0.0,0.0,0.0,0.0,0.0,0.0,/1,
Bradley Zimmer*,25.0,CLE,AL,0.1,34.0,114.0,106.0,14.0,24.0,5.0,0.0,2.0,9.0,4.0,1.0,7.0,44.0,0.226,0.281,0.33,0.611,65.0,0.273,58.0,35.0,1.0,1.0,0.0,0.0,0.0,8/H,
Brandon Barnes,32.0,CLE,AL,0.0,19.0,21.0,19.0,2.0,5.0,0.0,0.0,1.0,2.0,0.0,0.0,2.0,5.0,0.263,0.333,0.421,0.754,103.0,0.327,99.0,8.0,1.0,0.0,0.0,0.0,0.0,9/H784,
Brandon Belt*,30.0,SFG,NL,2.5,112.0,456.0,399.0,50.0,101.0,18.0,2.0,14.0,46.0,4.0,0.0,49.0,107.0,0.253,0.342,0.414,0.756,110.0,0.338,112.0,165.0,2.0,6.0,0.0,2.0,6.0,3/7H,
Brandon Crawford*,31.0,SFG,NL,1.5,151.0,594.0,531.0,63.0,135.0,28.0,2.0,14.0,54.0,4.0,5.0,50.0,122.0,0.254,0.325,0.394,0.719,100.0,0.31,95.0,209.0,12.0,8.0,0.0,5.0,13.0,*6/H,AS
Brandon Dixon,26.0,CIN,NL,-0.7,74.0,124.0,118.0,14.0,21.0,6.0,0.0,5.0,10.0,0.0,0.0,6.0,43.0,0.178,0.218,0.356,0.574,51.0,0.255,43.0,42.0,2.0,0.0,0.0,0.0,0.0,3H9/4751,
Brandon Drury,25.0,2TM,AL,-0.4,26.0,86.0,77.0,5.0,13.0,4.0,0.0,1.0,10.0,0.0,0.0,7.0,20.0,0.169,0.256,0.26,0.516,43.0,0.247,45.0,20.0,5.0,2.0,0.0,0.0,0.0,5/4H36D,
Brandon Drury,25.0,NYY,AL,-0.3,18.0,57.0,51.0,2.0,9.0,2.0,0.0,1.0,7.0,0.0,0.0,5.0,12.0,0.176,0.263,0.275,0.538,48.0,0.262,55.0,14.0,4.0,1.0,0.0,0.0,0.0,/54H3D,
Brandon Drury,25.0,TOR,AL,-0.2,8.0,29.0,26.0,3.0,4.0,2.0,0.0,0.0,3.0,0.0,0.0,2.0,8.0,0.154,0.241,0.231,0.472,32.0,0.216,25.0,6.0,1.0,1.0,0.0,0.0,0.0,/546H,
Brandon Finnegan*,25.0,CIN,NL,-0.1,5.0,7.0,7.0,0.0,0.0,0.0,0.0,0.0,0.0,0.0,0.0,0.0,1.0,0.0,0.0,0.0,0.0,-100.0,0.0,-142.0,0.0,0.0,0.0,0.0,0.0,0.0,/1,
Brandon Guyer,32.0,CLE,AL,-0.2,103.0,221.0,194.0,25.0,40.0,11.0,0.0,7.0,27.0,1.0,1.0,15.0,48.0,0.206,0.3,0.371,0.671,81.0,0.303,83.0,72.0,5.0,11.0,1.0,0.0,0.0,9H7/81D,
Brandon Kintzler,33.0,2TM,NL,0.0,67.0,1.0,1.0,0.0,0.0,0.0,0.0,0.0,0.0,0.0,0.0,0.0,1.0,0.0,0.0,0.0,0.0,-100.0,0.0,-145.0,0.0,0.0,0.0,0.0,0.0,0.0,1,
Brandon Kintzler,33.0,WSN,NL,0.0,44.0,0.0,0.0,0.0,0.0,0.0,0.0,0.0,0.0,0.0,0.0,0.0,0.0,,,,,,,,0.0,0.0,0.0,0.0,0.0,0.0,1,
Brandon Kintzler,33.0,CHC,NL,0.0,23.0,1.0,1.0,0.0,0.0,0.0,0.0,0.0,0.0,0.0,0.0,0.0,1.0,0.0,0.0,0.0,0.0,-100.0,0.0,-145.0,0.0,0.0,0.0,0.0,0.0,0.0,1,
Brandon Lowe*,23.0,TBR,AL,0.8,43.0,148.0,129.0,16.0,30.0,6.0,2.0,6.0,25.0,2.0,1.0,16.0,38.0,0.233,0.324,0.45,0.774,112.0,0.337,113.0,58.0,3.0,2.0,0.0,1.0,0.0,47/9HD,
Brandon Maurer,27.0,KCR,AL,0.0,2.0,0.0,0.0,0.0,0.0,0.0,0.0,0.0,0.0,0.0,0.0,0.0,0.0,,,,,,,,0.0,0.0,0.0,0.0,0.0,0.0,1,
Brandon McCarthy,34.0,ATL,NL,0.0,15.0,31.0,29.0,1.0,3.0,2.0,0.0,0.0,2.0,0.0,0.0,0.0,19.0,0.103,0.103,0.172,0.276,-27.0,0.149,-43.0,5.0,0.0,0.0,2.0,0.0,0.0,1,
Brandon Morrow,33.0,CHC,NL,0.0,35.0,1.0,1.0,0.0,0.0,0.0,0.0,0.0,0.0,0.0,0.0,0.0,1.0,0.0,0.0,0.0,0.0,-100.0,0.0,-145.0,0.0,0.0,0.0,0.0,0.0,0.0,1,
Brandon Nimmo*,25.0,NYM,NL,4.6,140.0,535.0,433.0,77.0,114.0,28.0,8.0,17.0,47.0,9.0,6.0,80.0,140.0,0.263,0.404,0.483,0.886,148.0,0.394,157.0,209.0,8.0,22.0,0.0,0.0,2.0,*987H,
Brandon Phillips,37.0,BOS,AL,-0.1,9.0,27.0,23.0,4.0,3.0,0.0,0.0,1.0,2.0,0.0,0.0,4.0,7.0,0.13,0.259,0.261,0.52,42.0,0.306,83.0,6.0,1.0,0.0,0.0,0.0,0.0,/45HD,
Brandon Snyder,31.0,TBR,AL,0.1,2.0,6.0,6.0,0.0,1.0,1.0,0.0,0.0,0.0,0.0,0.0,0.0,2.0,0.167,0.167,0.333,0.5,34.0,0.206,19.0,2.0,0.0,0.0,0.0,0.0,0.0,/5,
Brandon Woodruff*,25.0,MIL,NL,0.2,19.0,10.0,8.0,2.0,2.0,0.0,0.0,1.0,1.0,0.0,0.0,1.0,1.0,0.25,0.333,0.625,0.958,150.0,0.394,149.0,5.0,1.0,0.0,1.0,0.0,0.0,1,
Brandon Workman,29.0,BOS,AL,0.0,4.0,0.0,0.0,0.0,0.0,0.0,0.0,0.0,0.0,0.0,0.0,0.0,0.0,,,,,,,,0.0,0.0,0.0,0.0,0.0,0.0,1,
Braxton Lee*,24.0,MIA,NL,0.0,8.0,18.0,17.0,0.0,3.0,0.0,0.0,0.0,2.0,0.0,0.0,1.0,8.0,0.176,0.222,0.176,0.399,13.0,0.233,36.0,3.0,0.0,0.0,0.0,0.0,0.0,/9H7,
Brent Suter*,28.0,MIL,NL,0.8,19.0,32.0,26.0,4.0,5.0,1.0,0.0,1.0,3.0,0.0,0.0,4.0,6.0,0.192,0.323,0.346,0.669,80.0,0.452,190.0,9.0,1.0,1.0,1.0,0.0,0.0,1/H,
Brett Anderson*,30.0,OAK,AL,0.0,2.0,4.0,4.0,0.0,1.0,0.0,0.0,0.0,0.0,0.0,0.0,0.0,0.0,0.25,0.25,0.25,0.5,40.0,0.224,32.0,1.0,1.0,0.0,0.0,0.0,0.0,1,
Brett Cecil,31.0,STL,NL,0.0,36.0,0.0,0.0,0.0,0.0,0.0,0.0,0.0,0.0,0.0,0.0,0.0,0.0,,,,,,,,0.0,0.0,0.0,0.0,0.0,0.0,1,
Brett Gardner*,34.0,NYY,AL,3.3,140.0,609.0,530.0,95.0,125.0,20.0,7.0,12.0,45.0,16.0,2.0,65.0,107.0,0.236,0.322,0.368,0.69,89.0,0.317,91.0,195.0,6.0,5.0,4.0,5.0,0.0,*78/H,
Brett Graves,25.0,MIA,NL,0.0,19.0,2.0,2.0,0.0,0.0,0.0,0.0,0.0,0.0,0.0,0.0,0.0,1.0,0.0,0.0,0.0,0.0,-100.0,0.0,-136.0,0.0,0.0,0.0,0.0,0.0,0.0,1,
Brett Kennedy,23.0,SDP,NL,-0.1,6.0,9.0,8.0,0.0,0.0,0.0,0.0,0.0,0.0,0.0,0.0,0.0,4.0,0.0,0.0,0.0,0.0,-100.0,0.0,-163.0,0.0,1.0,0.0,1.0,0.0,0.0,/1,
Brett Phillips*,24.0,2TM,2LG,0.6,51.0,147.0,134.0,15.0,25.0,4.0,3.0,2.0,11.0,1.0,1.0,11.0,61.0,0.187,0.252,0.306,0.558,52.0,0.257,52.0,41.0,2.0,1.0,0.0,1.0,0.0,89/H7D,
Brett Phillips*,24.0,MIL,NL,0.0,15.0,24.0,22.0,2.0,4.0,0.0,1.0,0.0,4.0,0.0,0.0,2.0,11.0,0.182,0.25,0.273,0.523,41.0,0.236,29.0,6.0,1.0,0.0,0.0,0.0,0.0,/9H87,
Brett Phillips*,24.0,KCR,AL,0.5,36.0,123.0,112.0,13.0,21.0,4.0,2.0,2.0,7.0,1.0,1.0,9.0,50.0,0.188,0.252,0.313,0.565,54.0,0.261,56.0,35.0,1.0,1.0,0.0,1.0,0.0,8/9DH7,
Breyvic Valera#,26.0,2TM,2LG,-0.2,32.0,75.0,64.0,8.0,15.0,0.0,1.0,0.0,8.0,1.0,0.0,7.0,13.0,0.234,0.301,0.266,0.567,59.0,0.273,60.0,17.0,0.0,0.0,2.0,2.0,0.0,4H/569,
Breyvic Valera#,26.0,LAD,NL,-0.2,20.0,34.0,29.0,4.0,5.0,0.0,0.0,0.0,4.0,0.0,0.0,4.0,4.0,0.172,0.273,0.172,0.445,26.0,0.245,38.0,5.0,0.0,0.0,1.0,0.0,0.0,H/459,
Breyvic Valera#,26.0,BAL,AL,0.0,12.0,41.0,35.0,4.0,10.0,0.0,1.0,0.0,4.0,1.0,0.0,3.0,9.0,0.286,0.325,0.343,0.668,86.0,0.296,77.0,12.0,0.0,0.0,1.0,2.0,0.0,4/6,
Brian Anderson,25.0,MIA,NL,3.1,156.0,670.0,590.0,87.0,161.0,34.0,4.0,11.0,65.0,2.0,4.0,62.0,129.0,0.273,0.357,0.4,0.757,110.0,0.346,120.0,236.0,18.0,16.0,0.0,2.0,2.0,95/H,ROY-4
Brian Dozier,31.0,2TM,2LG,1.2,151.0,632.0,553.0,81.0,119.0,30.0,2.0,21.0,72.0,12.0,3.0,70.0,129.0,0.215,0.305,0.391,0.696,89.0,0.31,87.0,216.0,12.0,4.0,0.0,5.0,1.0,*4/H,
Brian Dozier,31.0,MIN,AL,1.0,104.0,462.0,410.0,65.0,93.0,21.0,2.0,16.0,52.0,8.0,3.0,46.0,96.0,0.227,0.307,0.405,0.712,93.0,0.315,92.0,166.0,7.0,3.0,0.0,3.0,1.0,4/H,
Brian Dozier,31.0,LAD,NL,0.2,47.0,170.0,143.0,16.0,26.0,9.0,0.0,5.0,20.0,4.0,0.0,24.0,33.0,0.182,0.3,0.35,0.65,77.0,0.298,74.0,50.0,5.0,1.0,0.0,2.0,0.0,4/H,
Brian Duensing*,35.0,CHC,NL,0.0,47.0,2.0,1.0,1.0,0.0,0.0,0.0,0.0,0.0,0.0,0.0,1.0,1.0,0.0,0.5,0.0,0.5,51.0,0.346,109.0,0.0,0.0,0.0,0.0,0.0,0.0,1/7,
Brian Flynn*,28.0,KCR,AL,0.0,3.0,1.0,1.0,0.0,0.0,0.0,0.0,0.0,0.0,0.0,0.0,0.0,0.0,0.0,0.0,0.0,0.0,-100.0,0.0,-125.0,0.0,0.0,0.0,0.0,0.0,0.0,1,
Brian Goodwin*,27.0,2TM,2LG,0.0,75.0,180.0,159.0,20.0,38.0,6.0,0.0,6.0,25.0,4.0,2.0,16.0,57.0,0.239,0.318,0.39,0.708,90.0,0.321,94.0,62.0,0.0,3.0,1.0,1.0,0.0,H879,
Brian Goodwin*,27.0,WSN,NL,-0.2,48.0,79.0,65.0,9.0,13.0,1.0,0.0,3.0,12.0,3.0,1.0,10.0,26.0,0.2,0.321,0.354,0.674,78.0,0.309,77.0,23.0,0.0,2.0,1.0,1.0,0.0,H79/8,
Brian Goodwin*,27.0,KCR,AL,0.1,27.0,101.0,94.0,11.0,25.0,5.0,0.0,3.0,13.0,1.0,1.0,6.0,31.0,0.266,0.317,0.415,0.732,99.0,0.331,107.0,39.0,0.0,1.0,0.0,0.0,0.0,8/H7,
Brian Johnson*,27.0,BOS,AL,0.0,2.0,4.0,4.0,1.0,1.0,0.0,0.0,0.0,0.0,0.0,0.0,0.0,1.0,0.25,0.25,0.25,0.5,36.0,0.224,23.0,1.0,0.0,0.0,0.0,0.0,0.0,1,
Brian McCann*,34.0,HOU,AL,0.9,63.0,216.0,189.0,22.0,40.0,3.0,0.0,7.0,23.0,0.0,1.0,19.0,40.0,0.212,0.301,0.339,0.64,76.0,0.292,79.0,64.0,7.0,6.0,0.0,2.0,0.0,2/HD,
Brock Holt*,30.0,BOS,AL,1.3,109.0,367.0,321.0,41.0,89.0,18.0,2.0,7.0,46.0,7.0,7.0,37.0,73.0,0.277,0.362,0.411,0.774,109.0,0.342,113.0,132.0,7.0,7.0,0.0,2.0,2.0,46H9/375D,
Brock Stewart*,26.0,LAD,NL,0.0,9.0,2.0,2.0,0.0,0.0,0.0,0.0,0.0,0.0,0.0,0.0,0.0,2.0,0.0,0.0,0.0,0.0,-100.0,0.0,-141.0,0.0,0.0,0.0,0.0,0.0,0.0,/1,
Brooks Pounders,27.0,COL,NL,0.0,14.0,0.0,0.0,0.0,0.0,0.0,0.0,0.0,0.0,0.0,0.0,0.0,0.0,,,,,,,,0.0,0.0,0.0,0.0,0.0,0.0,1,
Bruce Maxwell*,27.0,OAK,AL,-0.1,18.0,58.0,55.0,5.0,10.0,4.0,0.0,1.0,6.0,0.0,0.0,2.0,13.0,0.182,0.207,0.309,0.516,41.0,0.236,40.0,17.0,3.0,0.0,0.0,1.0,0.0,2/HD,
Bruce Rondón,27.0,CHW,AL,0.0,5.0,0.0,0.0,0.0,0.0,0.0,0.0,0.0,0.0,0.0,0.0,0.0,0.0,,,,,,,,0.0,0.0,0.0,0.0,0.0,0.0,1,
Bryan Holaday,30.0,MIA,NL,0.0,61.0,166.0,151.0,7.0,31.0,5.0,0.0,1.0,16.0,0.0,0.0,10.0,29.0,0.205,0.261,0.258,0.519,45.0,0.237,37.0,39.0,4.0,2.0,1.0,2.0,2.0,2H/1,
Bryan Mitchell*,27.0,SDP,NL,-0.1,14.0,19.0,18.0,0.0,2.0,0.0,0.0,0.0,0.0,0.0,0.0,0.0,10.0,0.111,0.111,0.111,0.222,-37.0,0.095,-74.0,2.0,0.0,0.0,1.0,0.0,0.0,1,
Bryan Shaw#,30.0,COL,NL,0.0,59.0,0.0,0.0,0.0,0.0,0.0,0.0,0.0,0.0,0.0,0.0,0.0,0.0,,,,,,,,0.0,0.0,0.0,0.0,0.0,0.0,1,
Bryce Harper*,25.0,WSN,NL,1.7,159.0,695.0,550.0,103.0,137.0,34.0,0.0,34.0,100.0,13.0,3.0,130.0,169.0,0.249,0.393,0.496,0.889,133.0,0.385,133.0,273.0,7.0,6.0,0.0,9.0,16.0,*98/H3D,AS
Bryse Wilson,20.0,ATL,NL,0.0,3.0,2.0,2.0,0.0,0.0,0.0,0.0,0.0,0.0,0.0,0.0,0.0,0.0,0.0,0.0,0.0,0.0,-100.0,0.0,-145.0,0.0,0.0,0.0,0.0,0.0,0.0,/1,
Buck Farmer*,27.0,DET,AL,0.0,4.0,0.0,0.0,0.0,0.0,0.0,0.0,0.0,0.0,0.0,0.0,0.0,0.0,,,,,,,,0.0,0.0,0.0,0.0,0.0,0.0,1,
Bud Norris,33.0,STL,NL,0.0,61.0,0.0,0.0,0.0,0.0,0.0,0.0,0.0,0.0,0.0,0.0,0.0,0.0,,,,,,,,0.0,0.0,0.0,0.0,0.0,0.0,1,
Buddy Baumann*,30.0,2TM,NL,0.0,4.0,1.0,1.0,0.0,0.0,0.0,0.0,0.0,0.0,0.0,0.0,0.0,0.0,0.0,0.0,0.0,0.0,-100.0,0.0,-136.0,0.0,0.0,0.0,0.0,0.0,0.0,/1,
Buddy Baumann*,30.0,SDP,NL,0.0,1.0,0.0,0.0,0.0,0.0,0.0,0.0,0.0,0.0,0.0,0.0,0.0,0.0,,,,,,,,0.0,0.0,0.0,0.0,0.0,0.0,/1,
Buddy Baumann*,30.0,NYM,NL,0.0,3.0,1.0,1.0,0.0,0.0,0.0,0.0,0.0,0.0,0.0,0.0,0.0,0.0,0.0,0.0,0.0,0.0,-100.0,0.0,-136.0,0.0,0.0,0.0,0.0,0.0,0.0,/1,
Burch Smith,28.0,KCR,AL,0.0,2.0,0.0,0.0,0.0,0.0,0.0,0.0,0.0,0.0,0.0,0.0,0.0,0.0,,,,,,,,0.0,0.0,0.0,0.0,0.0,0.0,1,
Buster Posey,31.0,SFG,NL,3.0,105.0,448.0,398.0,47.0,113.0,22.0,1.0,5.0,41.0,3.0,2.0,45.0,53.0,0.284,0.359,0.382,0.741,108.0,0.332,109.0,152.0,12.0,3.0,0.0,2.0,3.0,23/HD,AS
Byron Buxton,24.0,MIN,AL,-0.2,28.0,94.0,90.0,8.0,14.0,4.0,0.0,0.0,4.0,5.0,0.0,3.0,28.0,0.156,0.183,0.2,0.383,5.0,0.192,-6.0,18.0,1.0,0.0,1.0,0.0,0.0,8/HD,
C.J. Cron,28.0,TBR,AL,2.2,140.0,560.0,501.0,68.0,127.0,28.0,1.0,30.0,74.0,1.0,2.0,37.0,145.0,0.253,0.323,0.493,0.816,123.0,0.347,121.0,247.0,11.0,17.0,0.0,5.0,2.0,D3H,
Caleb Ferguson,21.0,LAD,NL,0.0,28.0,5.0,5.0,0.0,1.0,0.0,0.0,0.0,0.0,0.0,0.0,0.0,3.0,0.2,0.2,0.2,0.4,10.0,0.18,-9.0,1.0,1.0,0.0,0.0,0.0,0.0,1/H,
Caleb Joseph,32.0,BAL,AL,0.4,82.0,280.0,265.0,28.0,58.0,14.0,2.0,3.0,17.0,2.0,1.0,10.0,68.0,0.219,0.254,0.321,0.575,58.0,0.259,56.0,85.0,3.0,3.0,1.0,1.0,0.0,2/3,
Caleb Smith,26.0,MIA,NL,0.0,15.0,26.0,22.0,0.0,3.0,0.0,0.0,0.0,1.0,0.0,0.0,0.0,13.0,0.136,0.136,0.136,0.273,-24.0,0.164,-36.0,3.0,1.0,0.0,4.0,0.0,0.0,1,
Cam Bedrosian,26.0,LAA,AL,0.0,4.0,0.0,0.0,0.0,0.0,0.0,0.0,0.0,0.0,0.0,0.0,0.0,0.0,,,,,,,,0.0,0.0,0.0,0.0,0.0,0.0,1,
Cam Gallagher,25.0,KCR,AL,0.0,22.0,69.0,63.0,5.0,13.0,3.0,0.0,1.0,7.0,0.0,0.0,3.0,15.0,0.206,0.25,0.302,0.552,51.0,0.255,50.0,19.0,1.0,1.0,1.0,1.0,0.0,2/D,
Cameron Maybin,31.0,2TM,2LG,0.6,129.0,384.0,342.0,32.0,85.0,14.0,2.0,4.0,28.0,10.0,5.0,38.0,75.0,0.249,0.326,0.336,0.662,86.0,0.306,90.0,115.0,7.0,2.0,0.0,2.0,1.0,*78H9,
Cameron Maybin,31.0,MIA,NL,0.7,99.0,287.0,251.0,20.0,63.0,12.0,1.0,3.0,20.0,8.0,5.0,32.0,55.0,0.251,0.338,0.343,0.681,90.0,0.311,94.0,86.0,3.0,2.0,0.0,2.0,1.0,7H89,
Cameron Maybin,31.0,SEA,AL,-0.2,30.0,97.0,91.0,12.0,22.0,2.0,1.0,1.0,8.0,2.0,0.0,6.0,20.0,0.242,0.289,0.319,0.607,71.0,0.291,79.0,29.0,4.0,0.0,0.0,0.0,0.0,87/H,
Carl Edwards Jr.,26.0,CHC,NL,0.0,55.0,0.0,0.0,0.0,0.0,0.0,0.0,0.0,0.0,0.0,0.0,0.0,0.0,,,,,,,,0.0,0.0,0.0,0.0,0.0,0.0,1,
Carlos Asuaje*,26.0,SDP,NL,-0.2,79.0,218.0,189.0,15.0,37.0,8.0,1.0,2.0,19.0,1.0,1.0,24.0,46.0,0.196,0.286,0.28,0.566,59.0,0.264,60.0,53.0,5.0,1.0,1.0,3.0,1.0,4H/5,
Carlos Carrasco,31.0,CLE,AL,0.0,1.0,4.0,4.0,0.0,1.0,0.0,0.0,0.0,1.0,0.0,0.0,0.0,2.0,0.25,0.25,0.25,0.5,37.0,0.224,26.0,1.0,0.0,0.0,0.0,0.0,0.0,1,
Carlos Correa,23.0,HOU,AL,2.9,110.0,468.0,402.0,60.0,96.0,20.0,1.0,15.0,65.0,3.0,0.0,53.0,111.0,0.239,0.323,0.405,0.728,99.0,0.316,94.0,163.0,17.0,2.0,0.0,11.0,3.0,*6/D,
Carlos González*,32.0,COL,NL,0.9,132.0,504.0,463.0,71.0,128.0,32.0,4.0,16.0,64.0,5.0,2.0,37.0,113.0,0.276,0.329,0.467,0.796,99.0,0.349,99.0,216.0,5.0,1.0,0.0,3.0,4.0,*9H/D,
Carlos Gómez,32.0,TBR,AL,0.8,118.0,408.0,360.0,42.0,75.0,15.0,2.0,9.0,32.0,12.0,3.0,25.0,103.0,0.208,0.298,0.336,0.634,76.0,0.292,77.0,121.0,6.0,21.0,2.0,0.0,0.0,9H/D814,
Carlos Martínez,26.0,STL,NL,0.3,33.0,36.0,33.0,1.0,8.0,2.0,0.0,1.0,4.0,0.0,0.0,0.0,11.0,0.242,0.235,0.394,0.629,69.0,0.261,49.0,13.0,0.0,0.0,2.0,1.0,0.0,1/H,
Carlos Pérez,27.0,2TM,2LG,-0.8,28.0,75.0,70.0,1.0,10.0,2.0,0.0,1.0,3.0,1.0,0.0,2.0,21.0,0.143,0.178,0.214,0.392,4.0,0.179,-18.0,15.0,4.0,1.0,2.0,0.0,0.0,2/H,
Carlos Pérez,27.0,ATL,NL,-0.4,8.0,22.0,21.0,0.0,3.0,0.0,0.0,0.0,0.0,0.0,0.0,1.0,6.0,0.143,0.182,0.143,0.325,-10.0,0.154,-30.0,3.0,1.0,0.0,0.0,0.0,0.0,/2H,
Carlos Pérez,27.0,TEX,AL,-0.5,20.0,53.0,49.0,1.0,7.0,2.0,0.0,1.0,3.0,1.0,0.0,1.0,15.0,0.143,0.176,0.245,0.421,10.0,0.19,-13.0,12.0,3.0,1.0,2.0,0.0,0.0,2/H,
Carlos Santana#,32.0,PHI,NL,2.2,161.0,679.0,560.0,82.0,128.0,28.0,2.0,24.0,86.0,2.0,1.0,110.0,93.0,0.229,0.352,0.414,0.766,105.0,0.342,106.0,232.0,12.0,1.0,0.0,8.0,6.0,*35/H,
Carlos Tocci,22.0,TEX,AL,-1.5,66.0,135.0,120.0,11.0,27.0,3.0,2.0,0.0,5.0,0.0,3.0,7.0,39.0,0.225,0.271,0.283,0.555,47.0,0.233,31.0,34.0,2.0,1.0,6.0,1.0,0.0,8H9/7D1,
Carlos Torres,35.0,WSN,NL,0.0,10.0,0.0,0.0,0.0,0.0,0.0,0.0,0.0,0.0,0.0,0.0,0.0,0.0,,,,,,,,0.0,0.0,0.0,0.0,0.0,0.0,1,
Carson Fulmer,24.0,CHW,AL,0.0,1.0,0.0,0.0,0.0,0.0,0.0,0.0,0.0,0.0,0.0,0.0,0.0,0.0,,,,,,,,0.0,0.0,0.0,0.0,0.0,0.0,/1,
Carson Kelly,23.0,STL,NL,-0.4,19.0,42.0,35.0,1.0,4.0,0.0,0.0,0.0,3.0,0.0,0.0,3.0,7.0,0.114,0.205,0.114,0.319,-9.0,0.162,-29.0,4.0,0.0,1.0,3.0,0.0,0.0,2/H,
Carson Smith,28.0,BOS,AL,0.0,1.0,0.0,0.0,0.0,0.0,0.0,0.0,0.0,0.0,0.0,0.0,0.0,0.0,,,,,,,,0.0,0.0,0.0,0.0,0.0,0.0,1,
Casey Kelly,28.0,SFG,NL,-0.1,7.0,6.0,4.0,0.0,0.0,0.0,0.0,0.0,0.0,0.0,0.0,0.0,3.0,0.0,0.0,0.0,0.0,-100.0,0.0,-255.0,0.0,0.0,0.0,2.0,0.0,0.0,/1,
Casey Lawrence,30.0,SEA,AL,0.0,2.0,0.0,0.0,0.0,0.0,0.0,0.0,0.0,0.0,0.0,0.0,0.0,0.0,,,,,,,,0.0,0.0,0.0,0.0,0.0,0.0,1,
Casey Sadler,27.0,PIT,NL,0.0,2.0,2.0,2.0,0.0,0.0,0.0,0.0,0.0,0.0,0.0,0.0,0.0,1.0,0.0,0.0,0.0,0.0,-100.0,0.0,-141.0,0.0,0.0,0.0,0.0,0.0,0.0,/1,
CD Pelham,23.0,TEX,AL,0.0,1.0,0.0,0.0,0.0,0.0,0.0,0.0,0.0,0.0,0.0,0.0,0.0,0.0,,,,,,,,0.0,0.0,0.0,0.0,0.0,0.0,1,
Cedric Mullins*,23.0,BAL,AL,-0.2,45.0,191.0,170.0,23.0,40.0,9.0,0.0,4.0,11.0,2.0,3.0,17.0,37.0,0.235,0.312,0.359,0.671,86.0,0.296,86.0,61.0,1.0,2.0,2.0,0.0,0.0,8/7H,
Chad Bettis,29.0,COL,NL,-0.2,26.0,39.0,34.0,2.0,3.0,0.0,0.0,0.0,2.0,0.0,0.0,2.0,18.0,0.088,0.139,0.088,0.227,-40.0,0.114,-88.0,3.0,0.0,0.0,3.0,0.0,0.0,1,
Chad Green*,27.0,NYY,AL,0.0,3.0,0.0,0.0,0.0,0.0,0.0,0.0,0.0,0.0,0.0,0.0,0.0,0.0,,,,,,,,0.0,0.0,0.0,0.0,0.0,0.0,1,
Chad Kuhl,25.0,PIT,NL,0.0,17.0,27.0,21.0,2.0,3.0,0.0,0.0,0.0,1.0,0.0,0.0,0.0,5.0,0.143,0.143,0.143,0.286,-21.0,0.162,-53.0,3.0,0.0,0.0,6.0,0.0,0.0,1/H,
Chad Pinder,26.0,OAK,AL,2.0,110.0,333.0,298.0,43.0,77.0,12.0,1.0,13.0,27.0,0.0,2.0,27.0,88.0,0.258,0.332,0.436,0.769,112.0,0.335,114.0,130.0,4.0,6.0,2.0,0.0,1.0,7H45/9863D,
Chad Sobotka,24.0,ATL,NL,0.1,14.0,1.0,1.0,0.0,1.0,0.0,0.0,0.0,0.0,0.0,0.0,0.0,0.0,1.0,1.0,1.0,2.0,444.0,0.9,518.0,1.0,0.0,0.0,0.0,0.0,0.0,1,
Chad Wallach,26.0,MIA,NL,0.0,15.0,52.0,45.0,4.0,8.0,1.0,0.0,1.0,5.0,0.0,0.0,4.0,23.0,0.178,0.275,0.267,0.541,52.0,0.253,49.0,12.0,0.0,2.0,1.0,0.0,0.0,2/H,
Chance Adams,23.0,NYY,AL,0.0,1.0,0.0,0.0,0.0,0.0,0.0,0.0,0.0,0.0,0.0,0.0,0.0,0.0,,,,,,,,0.0,0.0,0.0,0.0,0.0,0.0,/1,
Chance Sisco*,23.0,BAL,AL,-0.3,63.0,184.0,160.0,13.0,29.0,8.0,0.0,2.0,16.0,1.0,0.0,13.0,66.0,0.181,0.288,0.269,0.557,56.0,0.26,55.0,43.0,2.0,11.0,0.0,0.0,0.0,2H/D,
Charlie Blackmon*,31.0,COL,NL,1.0,156.0,696.0,626.0,119.0,182.0,31.0,7.0,29.0,70.0,12.0,4.0,59.0,134.0,0.291,0.358,0.502,0.86,115.0,0.376,118.0,314.0,10.0,8.0,1.0,2.0,2.0,*8/HD,AS
Charlie Culberson,29.0,ATL,NL,0.7,113.0,322.0,296.0,47.0,80.0,18.0,2.0,12.0,45.0,4.0,2.0,21.0,85.0,0.27,0.326,0.466,0.792,111.0,0.352,116.0,138.0,5.0,4.0,0.0,1.0,5.0,H756/4391,
Charlie Morton,34.0,HOU,AL,0.0,3.0,6.0,6.0,0.0,1.0,0.0,0.0,0.0,0.0,0.0,0.0,0.0,5.0,0.167,0.167,0.167,0.333,-7.0,0.149,-24.0,1.0,0.0,0.0,0.0,0.0,0.0,1,AS
Charlie Tilson*,25.0,CHW,AL,-0.8,41.0,121.0,106.0,7.0,28.0,1.0,1.0,0.0,11.0,2.0,3.0,10.0,20.0,0.264,0.331,0.292,0.623,75.0,0.278,75.0,31.0,2.0,1.0,2.0,1.0,0.0,7/H8D,
Chase Anderson,30.0,MIL,NL,-0.3,28.0,49.0,45.0,1.0,4.0,0.0,0.0,0.0,2.0,0.0,0.0,0.0,23.0,0.089,0.089,0.089,0.178,-52.0,0.08,-101.0,4.0,0.0,0.0,4.0,0.0,0.0,1,
Chase d'Arnaud,31.0,SFG,NL,0.1,42.0,100.0,93.0,9.0,20.0,5.0,0.0,3.0,9.0,2.0,1.0,4.0,37.0,0.215,0.253,0.366,0.618,70.0,0.269,62.0,34.0,0.0,1.0,1.0,1.0,0.0,H45/316,
Chase Headley#,34.0,SDP,NL,-0.3,27.0,60.0,52.0,2.0,6.0,1.0,0.0,0.0,4.0,0.0,0.0,6.0,20.0,0.115,0.233,0.135,0.368,7.0,0.189,5.0,7.0,3.0,2.0,0.0,0.0,0.0,H5/3D,
Chase Utley*,39.0,LAD,NL,-0.2,87.0,187.0,164.0,18.0,35.0,10.0,1.0,1.0,14.0,3.0,1.0,17.0,34.0,0.213,0.305,0.305,0.61,68.0,0.286,68.0,50.0,3.0,5.0,0.0,1.0,2.0,4H/3,
Chase Whitley,29.0,ATL,NL,0.0,1.0,0.0,0.0,0.0,0.0,0.0,0.0,0.0,0.0,0.0,0.0,0.0,0.0,,,,,,,,0.0,0.0,0.0,0.0,0.0,0.0,/1,
Chasen Shreve*,27.0,2TM,2LG,0.0,22.0,1.0,1.0,0.0,0.0,0.0,0.0,0.0,0.0,0.0,0.0,0.0,1.0,0.0,0.0,0.0,0.0,-100.0,0.0,-136.0,0.0,0.0,0.0,0.0,0.0,0.0,1,
Chasen Shreve*,27.0,NYY,AL,0.0,3.0,0.0,0.0,0.0,0.0,0.0,0.0,0.0,0.0,0.0,0.0,0.0,0.0,,,,,,,,0.0,0.0,0.0,0.0,0.0,0.0,1,
Chasen Shreve*,27.0,STL,NL,0.0,19.0,1.0,1.0,0.0,0.0,0.0,0.0,0.0,0.0,0.0,0.0,0.0,1.0,0.0,0.0,0.0,0.0,-100.0,0.0,-136.0,0.0,0.0,0.0,0.0,0.0,0.0,1,
Chaz Roe,31.0,TBR,AL,0.0,5.0,0.0,0.0,0.0,0.0,0.0,0.0,0.0,0.0,0.0,0.0,0.0,0.0,,,,,,,,0.0,0.0,0.0,0.0,0.0,0.0,1,
Cheslor Cuthbert,25.0,KCR,AL,-0.3,30.0,117.0,103.0,11.0,20.0,2.0,0.0,3.0,7.0,0.0,1.0,11.0,23.0,0.194,0.282,0.301,0.583,61.0,0.259,57.0,31.0,5.0,2.0,0.0,1.0,0.0,53/DH,
Chris Archer,29.0,PIT,NL,-0.1,9.0,17.0,17.0,0.0,2.0,1.0,0.0,0.0,0.0,0.0,0.0,0.0,6.0,0.118,0.118,0.176,0.294,-20.0,0.127,-44.0,3.0,1.0,0.0,0.0,0.0,0.0,1,
Chris Beck,27.0,2TM,2LG,0.0,10.0,2.0,2.0,0.0,0.0,0.0,0.0,0.0,0.0,0.0,0.0,0.0,2.0,0.0,0.0,0.0,0.0,-100.0,0.0,-130.0,0.0,0.0,0.0,0.0,0.0,0.0,1,
Chris Beck,27.0,CHW,AL,0.0,4.0,1.0,1.0,0.0,0.0,0.0,0.0,0.0,0.0,0.0,0.0,0.0,1.0,0.0,0.0,0.0,0.0,-100.0,0.0,-125.0,0.0,0.0,0.0,0.0,0.0,0.0,1,
Chris Beck,27.0,NYM,NL,0.0,6.0,1.0,1.0,0.0,0.0,0.0,0.0,0.0,0.0,0.0,0.0,0.0,1.0,0.0,0.0,0.0,0.0,-100.0,0.0,-136.0,0.0,0.0,0.0,0.0,0.0,0.0,/1,
Chris Davis*,32.0,BAL,AL,-3.3,128.0,522.0,470.0,40.0,79.0,12.0,0.0,16.0,49.0,2.0,0.0,41.0,192.0,0.168,0.243,0.296,0.539,49.0,0.248,47.0,139.0,5.0,7.0,0.0,4.0,2.0,*3D/H,
Chris Devenski,27.0,HOU,AL,0.0,1.0,0.0,0.0,0.0,0.0,0.0,0.0,0.0,0.0,0.0,0.0,0.0,0.0,,,,,,,,0.0,0.0,0.0,0.0,0.0,0.0,1,
Chris Flexen,23.0,NYM,NL,0.0,4.0,0.0,0.0,0.0,0.0,0.0,0.0,0.0,0.0,0.0,0.0,0.0,0.0,,,,,,,,0.0,0.0,0.0,0.0,0.0,0.0,/1,
Chris Gimenez,35.0,2TM,2LG,0.1,25.0,66.0,57.0,7.0,12.0,1.0,0.0,2.0,7.0,1.0,0.0,6.0,16.0,0.211,0.288,0.333,0.621,67.0,0.302,78.0,19.0,2.0,1.0,0.0,2.0,0.0,2/H315D,
Chris Gimenez,35.0,CHC,NL,-0.1,12.0,32.0,28.0,1.0,4.0,0.0,0.0,0.0,1.0,1.0,0.0,3.0,7.0,0.143,0.219,0.143,0.362,0.0,0.235,21.0,4.0,1.0,0.0,0.0,1.0,0.0,2/H1,
Chris Gimenez,35.0,MIN,AL,0.1,13.0,34.0,29.0,6.0,8.0,1.0,0.0,2.0,6.0,0.0,0.0,3.0,9.0,0.276,0.353,0.517,0.87,134.0,0.365,128.0,15.0,1.0,1.0,0.0,1.0,0.0,/23H15D,
Chris Hatcher#,33.0,OAK,AL,0.0,3.0,0.0,0.0,0.0,0.0,0.0,0.0,0.0,0.0,0.0,0.0,0.0,0.0,,,,,,,,0.0,0.0,0.0,0.0,0.0,0.0,1,
Chris Herrmann*,30.0,SEA,AL,0.5,36.0,87.0,76.0,6.0,18.0,4.0,2.0,2.0,7.0,0.0,0.0,10.0,24.0,0.237,0.322,0.421,0.743,107.0,0.321,104.0,32.0,0.0,0.0,0.0,1.0,0.0,2H/3,
Chris Iannetta,35.0,COL,NL,-0.6,110.0,360.0,299.0,36.0,67.0,13.0,1.0,11.0,36.0,0.0,0.0,50.0,87.0,0.224,0.345,0.385,0.73,85.0,0.325,81.0,115.0,13.0,7.0,1.0,3.0,5.0,2H/D,
Chris Martin,32.0,TEX,AL,0.0,2.0,0.0,0.0,0.0,0.0,0.0,0.0,0.0,0.0,0.0,0.0,0.0,0.0,,,,,,,,0.0,0.0,0.0,0.0,0.0,0.0,1,
Chris O'Grady,28.0,MIA,NL,0.0,7.0,0.0,0.0,0.0,0.0,0.0,0.0,0.0,0.0,0.0,0.0,0.0,0.0,,,,,,,,0.0,0.0,0.0,0.0,0.0,0.0,/1,
Chris Owings,26.0,ARI,NL,-0.5,106.0,309.0,281.0,34.0,58.0,15.0,0.0,4.0,22.0,11.0,4.0,24.0,75.0,0.206,0.272,0.302,0.574,53.0,0.265,45.0,85.0,4.0,2.0,0.0,2.0,4.0,9H85/47,
Chris Rusin*,31.0,COL,NL,0.1,45.0,5.0,4.0,0.0,2.0,0.0,0.0,0.0,0.0,0.0,0.0,0.0,1.0,0.5,0.5,0.5,1.0,156.0,0.425,170.0,2.0,0.0,0.0,1.0,0.0,0.0,1,
Chris Sale*,29.0,BOS,AL,0.0,1.0,2.0,2.0,0.0,0.0,0.0,0.0,0.0,0.0,0.0,0.0,0.0,2.0,0.0,0.0,0.0,0.0,-100.0,0.0,-139.0,0.0,0.0,0.0,0.0,0.0,0.0,1,"AS,CYA-4,MVP-22"
Chris Shaw*,24.0,SFG,NL,-0.4,22.0,62.0,54.0,2.0,10.0,2.0,0.0,1.0,7.0,1.0,0.0,7.0,23.0,0.185,0.274,0.278,0.552,55.0,0.256,50.0,15.0,0.0,0.0,0.0,1.0,0.0,7/H,
Chris Stewart,36.0,2TM,NL,-0.1,8.0,17.0,15.0,3.0,3.0,0.0,0.0,0.0,3.0,0.0,0.0,1.0,1.0,0.2,0.235,0.2,0.435,19.0,0.253,42.0,3.0,2.0,0.0,0.0,1.0,0.0,/2,
Chris Stewart,36.0,ATL,NL,0.0,5.0,16.0,14.0,3.0,3.0,0.0,0.0,0.0,3.0,0.0,0.0,1.0,1.0,0.214,0.25,0.214,0.464,27.0,0.268,54.0,3.0,2.0,0.0,0.0,1.0,0.0,/2,
Chris Stewart,36.0,ARI,NL,0.0,3.0,1.0,1.0,0.0,0.0,0.0,0.0,0.0,0.0,0.0,0.0,0.0,0.0,0.0,0.0,0.0,0.0,-100.0,0.0,-145.0,0.0,0.0,0.0,0.0,0.0,0.0,/2,
Chris Stratton,27.0,SFG,NL,0.0,28.0,50.0,43.0,0.0,6.0,1.0,0.0,0.0,5.0,0.0,0.0,0.0,26.0,0.14,0.136,0.163,0.299,-17.0,0.131,-57.0,7.0,0.0,0.0,6.0,1.0,0.0,1,
Chris Taylor,27.0,LAD,NL,4.2,155.0,604.0,536.0,85.0,136.0,35.0,8.0,17.0,63.0,9.0,6.0,55.0,178.0,0.254,0.331,0.444,0.775,110.0,0.343,112.0,238.0,5.0,9.0,0.0,4.0,0.0,687H4,
Chris Volstad,31.0,CHW,AL,0.0,4.0,0.0,0.0,0.0,0.0,0.0,0.0,0.0,0.0,0.0,0.0,0.0,0.0,,,,,,,,0.0,0.0,0.0,0.0,0.0,0.0,1,
Chris Young,34.0,LAA,AL,-0.7,56.0,128.0,113.0,17.0,19.0,2.0,1.0,6.0,13.0,2.0,0.0,11.0,37.0,0.168,0.252,0.363,0.615,68.0,0.279,66.0,41.0,1.0,2.0,1.0,1.0,0.0,987H/D,
Christian Arroyo,23.0,TBR,AL,0.1,20.0,59.0,53.0,5.0,14.0,2.0,1.0,1.0,6.0,0.0,0.0,6.0,16.0,0.264,0.339,0.396,0.735,104.0,0.336,112.0,21.0,0.0,0.0,0.0,0.0,0.0,/45HD,
Christian Bergman,30.0,SEA,AL,0.1,1.0,2.0,2.0,0.0,1.0,0.0,0.0,0.0,1.0,0.0,0.0,0.0,0.0,0.5,0.5,0.5,1.0,184.0,0.447,196.0,1.0,0.0,0.0,0.0,0.0,0.0,/1,
Christian Villanueva,27.0,SDP,NL,1.6,110.0,384.0,351.0,42.0,83.0,15.0,0.0,20.0,46.0,3.0,0.0,23.0,104.0,0.236,0.299,0.45,0.75,106.0,0.332,108.0,158.0,12.0,9.0,0.0,1.0,0.0,5H/634,
Christian Vázquez,27.0,BOS,AL,-1.1,80.0,269.0,251.0,24.0,52.0,10.0,0.0,3.0,16.0,4.0,1.0,13.0,41.0,0.207,0.257,0.283,0.54,46.0,0.246,39.0,71.0,5.0,4.0,1.0,0.0,1.0,2/H5D,
Christian Walker,27.0,ARI,NL,-0.3,37.0,53.0,49.0,6.0,8.0,2.0,0.0,3.0,6.0,1.0,0.0,3.0,22.0,0.163,0.226,0.388,0.614,59.0,0.27,48.0,19.0,1.0,1.0,0.0,0.0,0.0,H/37D,
Christian Yelich*,26.0,MIL,NL,7.3,147.0,651.0,574.0,118.0,187.0,34.0,7.0,36.0,110.0,22.0,4.0,68.0,135.0,0.326,0.402,0.598,1.0,164.0,0.437,173.0,343.0,14.0,7.0,0.0,2.0,2.0,*798/H,"AS,MVP-1,SS"
Christin Stewart*,24.0,DET,AL,-0.2,17.0,72.0,60.0,7.0,16.0,1.0,1.0,2.0,10.0,0.0,0.0,10.0,13.0,0.267,0.375,0.417,0.792,115.0,0.347,113.0,25.0,1.0,1.0,0.0,1.0,0.0,7/DH,
Christopher Bostick,25.0,2TM,NL,-0.1,15.0,18.0,16.0,0.0,3.0,1.0,0.0,0.0,2.0,0.0,0.0,2.0,7.0,0.188,0.278,0.25,0.528,49.0,0.247,45.0,4.0,0.0,0.0,0.0,0.0,0.0,H/47,
Christopher Bostick,25.0,PIT,NL,-0.1,2.0,2.0,2.0,0.0,0.0,0.0,0.0,0.0,0.0,0.0,0.0,0.0,1.0,0.0,0.0,0.0,0.0,-100.0,0.0,-141.0,0.0,0.0,0.0,0.0,0.0,0.0,/7H,
Christopher Bostick,25.0,MIA,NL,0.0,13.0,16.0,14.0,0.0,3.0,1.0,0.0,0.0,2.0,0.0,0.0,2.0,6.0,0.214,0.313,0.286,0.598,68.0,0.277,68.0,4.0,0.0,0.0,0.0,0.0,0.0,H/47,
Cionel Pérez,22.0,HOU,AL,0.0,1.0,0.0,0.0,0.0,0.0,0.0,0.0,0.0,0.0,0.0,0.0,0.0,0.0,,,,,,,,0.0,0.0,0.0,0.0,0.0,0.0,/1,
Clay Buchholz*,33.0,ARI,NL,-0.2,16.0,37.0,31.0,0.0,2.0,1.0,0.0,0.0,1.0,0.0,0.0,1.0,17.0,0.065,0.094,0.097,0.191,-49.0,0.089,-110.0,3.0,0.0,0.0,5.0,0.0,0.0,1,
Clay Holmes,25.0,PIT,NL,0.0,11.0,6.0,6.0,1.0,0.0,0.0,0.0,0.0,0.0,0.0,0.0,0.0,2.0,0.0,0.0,0.0,0.0,-100.0,0.0,-136.0,0.0,0.0,0.0,0.0,0.0,0.0,1,
Clayton Kershaw*,30.0,LAD,NL,0.7,25.0,57.0,46.0,1.0,11.0,2.0,0.0,0.0,7.0,0.0,0.0,7.0,11.0,0.239,0.34,0.283,0.622,73.0,0.29,70.0,13.0,0.0,0.0,4.0,0.0,0.0,1/H,
Clayton Richard*,34.0,SDP,NL,0.1,26.0,51.0,42.0,3.0,4.0,1.0,0.0,1.0,3.0,0.0,0.0,2.0,24.0,0.095,0.156,0.19,0.346,-4.0,0.16,-32.0,8.0,0.0,1.0,6.0,0.0,0.0,1/H,
Cliff Pennington#,34.0,CIN,NL,-0.4,16.0,34.0,29.0,1.0,4.0,0.0,0.0,0.0,0.0,0.0,0.0,5.0,13.0,0.138,0.265,0.138,0.403,13.0,0.205,6.0,4.0,1.0,0.0,0.0,0.0,0.0,/56H1,
Clint Frazier,23.0,NYY,AL,0.1,15.0,41.0,34.0,9.0,9.0,3.0,0.0,0.0,1.0,0.0,0.0,5.0,13.0,0.265,0.39,0.353,0.743,107.0,0.341,112.0,12.0,3.0,2.0,0.0,0.0,0.0,/7H8D,
Cody Allen,29.0,CLE,AL,0.0,4.0,0.0,0.0,0.0,0.0,0.0,0.0,0.0,0.0,0.0,0.0,0.0,0.0,,,,,,,,0.0,0.0,0.0,0.0,0.0,0.0,1,
Cody Bellinger*,22.0,LAD,NL,4.5,162.0,632.0,557.0,84.0,145.0,28.0,7.0,25.0,76.0,14.0,1.0,69.0,151.0,0.26,0.343,0.47,0.814,120.0,0.363,123.0,262.0,7.0,3.0,0.0,3.0,9.0,*38H/97,
Cody Reed*,25.0,CIN,NL,-0.1,17.0,12.0,11.0,0.0,0.0,0.0,0.0,0.0,0.0,0.0,0.0,1.0,10.0,0.0,0.083,0.0,0.083,-75.0,0.058,-102.0,0.0,0.0,0.0,0.0,0.0,0.0,1,
Colby Rasmus*,31.0,BAL,AL,-0.2,18.0,49.0,45.0,5.0,6.0,1.0,0.0,1.0,1.0,0.0,0.0,3.0,19.0,0.133,0.204,0.222,0.426,18.0,0.194,9.0,10.0,0.0,1.0,0.0,0.0,0.0,9/H7D8,
Cole Hamels*,34.0,2TM,2LG,0.1,12.0,27.0,25.0,1.0,3.0,0.0,0.0,1.0,1.0,0.0,0.0,1.0,12.0,0.12,0.154,0.24,0.394,3.0,0.171,-25.0,6.0,0.0,0.0,1.0,0.0,0.0,1,
Cole Hamels*,34.0,TEX,AL,0.0,1.0,2.0,2.0,0.0,0.0,0.0,0.0,0.0,0.0,0.0,0.0,0.0,0.0,0.0,0.0,0.0,0.0,-100.0,0.0,-148.0,0.0,0.0,0.0,0.0,0.0,0.0,1,
Cole Hamels*,34.0,CHC,NL,0.1,11.0,25.0,23.0,1.0,3.0,0.0,0.0,1.0,1.0,0.0,0.0,1.0,12.0,0.13,0.167,0.261,0.428,12.0,0.185,-15.0,6.0,0.0,0.0,1.0,0.0,0.0,1,
Colin Moran*,25.0,PIT,NL,1.0,144.0,465.0,415.0,49.0,115.0,19.0,1.0,11.0,58.0,0.0,2.0,39.0,82.0,0.277,0.34,0.407,0.747,105.0,0.331,106.0,169.0,6.0,4.0,0.0,7.0,4.0,*5H/D,
Collin McHugh,31.0,HOU,AL,0.0,5.0,0.0,0.0,0.0,0.0,0.0,0.0,0.0,0.0,0.0,0.0,0.0,0.0,,,,,,,,0.0,0.0,0.0,0.0,0.0,0.0,1,
Colten Brewer,25.0,SDP,NL,0.0,10.0,0.0,0.0,0.0,0.0,0.0,0.0,0.0,0.0,0.0,0.0,0.0,0.0,,,,,,,,0.0,0.0,0.0,0.0,0.0,0.0,1,
Connor Sadzeck,26.0,TEX,AL,0.0,2.0,0.0,0.0,0.0,0.0,0.0,0.0,0.0,0.0,0.0,0.0,0.0,0.0,,,,,,,,0.0,0.0,0.0,0.0,0.0,0.0,1,
Corban Joseph*,29.0,BAL,AL,-0.2,14.0,19.0,18.0,1.0,4.0,1.0,0.0,0.0,3.0,0.0,0.0,1.0,5.0,0.222,0.263,0.278,0.541,50.0,0.238,40.0,5.0,0.0,0.0,0.0,0.0,0.0,/H34D,
Corbin Burnes,23.0,MIL,NL,0.0,30.0,1.0,0.0,0.0,0.0,0.0,0.0,0.0,0.0,0.0,0.0,0.0,0.0,,,,,,,,0.0,0.0,0.0,1.0,0.0,0.0,1,
Corey Dickerson*,29.0,PIT,NL,3.7,135.0,533.0,504.0,65.0,151.0,35.0,7.0,13.0,55.0,8.0,3.0,21.0,80.0,0.3,0.33,0.474,0.804,119.0,0.35,118.0,239.0,14.0,4.0,0.0,4.0,4.0,*7H/D,GG
Corey Kluber,32.0,CLE,AL,-0.1,3.0,6.0,6.0,0.0,0.0,0.0,0.0,0.0,0.0,0.0,0.0,0.0,4.0,0.0,0.0,0.0,0.0,-100.0,0.0,-136.0,0.0,0.0,0.0,0.0,0.0,0.0,1,"AS,CYA-3"
Corey Knebel,26.0,MIL,NL,0.0,55.0,0.0,0.0,0.0,0.0,0.0,0.0,0.0,0.0,0.0,0.0,0.0,0.0,,,,,,,,0.0,0.0,0.0,0.0,0.0,0.0,1,
Corey Oswalt,24.0,NYM,NL,-0.1,15.0,19.0,18.0,0.0,0.0,0.0,0.0,0.0,0.0,0.0,0.0,0.0,10.0,0.0,0.0,0.0,0.0,-100.0,0.05,-107.0,0.0,0.0,0.0,1.0,0.0,0.0,1,
Corey Seager*,24.0,LAD,NL,0.5,26.0,115.0,101.0,13.0,27.0,5.0,1.0,2.0,13.0,0.0,0.0,11.0,17.0,0.267,0.348,0.396,0.744,103.0,0.344,112.0,40.0,2.0,2.0,0.0,1.0,1.0,6/H,
Cory Gearrin,32.0,2TM,2LG,0.0,35.0,0.0,0.0,0.0,0.0,0.0,0.0,0.0,0.0,0.0,0.0,0.0,0.0,,,,,,,,0.0,0.0,0.0,0.0,0.0,0.0,1,
Cory Gearrin,32.0,SFG,NL,0.0,32.0,0.0,0.0,0.0,0.0,0.0,0.0,0.0,0.0,0.0,0.0,0.0,0.0,,,,,,,,0.0,0.0,0.0,0.0,0.0,0.0,1,
Cory Gearrin,32.0,TEX,AL,0.0,3.0,0.0,0.0,0.0,0.0,0.0,0.0,0.0,0.0,0.0,0.0,0.0,0.0,,,,,,,,0.0,0.0,0.0,0.0,0.0,0.0,1,
Cory Mazzoni,28.0,CHC,NL,0.0,8.0,0.0,0.0,0.0,0.0,0.0,0.0,0.0,0.0,0.0,0.0,0.0,0.0,,,,,,,,0.0,0.0,0.0,0.0,0.0,0.0,/1,
Cory Spangenberg*,27.0,SDP,NL,0.7,116.0,329.0,298.0,35.0,70.0,9.0,4.0,7.0,25.0,6.0,1.0,25.0,108.0,0.235,0.298,0.362,0.661,84.0,0.305,87.0,108.0,6.0,2.0,4.0,0.0,0.0,45H/71D6,
Craig Gentry,34.0,BAL,AL,1.1,68.0,169.0,156.0,13.0,42.0,5.0,2.0,1.0,11.0,12.0,3.0,11.0,31.0,0.269,0.321,0.346,0.668,85.0,0.306,84.0,54.0,2.0,1.0,1.0,0.0,0.0,798H,
Craig Kimbrel,30.0,BOS,AL,0.0,7.0,0.0,0.0,0.0,0.0,0.0,0.0,0.0,0.0,0.0,0.0,0.0,0.0,,,,,,,,0.0,0.0,0.0,0.0,0.0,0.0,1,AS
Craig Stammen,34.0,SDP,NL,0.0,68.0,0.0,0.0,0.0,0.0,0.0,0.0,0.0,0.0,0.0,0.0,0.0,0.0,,,,,,,,0.0,0.0,0.0,0.0,0.0,0.0,1,
Curt Casali,29.0,CIN,NL,0.8,52.0,156.0,140.0,15.0,41.0,10.0,0.0,4.0,16.0,0.0,2.0,12.0,32.0,0.293,0.355,0.45,0.805,115.0,0.344,113.0,63.0,5.0,2.0,1.0,1.0,1.0,2/H34,
Curtis Granderson*,37.0,2TM,2LG,0.8,123.0,403.0,343.0,60.0,83.0,22.0,2.0,13.0,38.0,2.0,1.0,54.0,106.0,0.242,0.351,0.431,0.782,115.0,0.341,113.0,148.0,3.0,4.0,1.0,1.0,1.0,97HD/8,
Curtis Granderson*,37.0,TOR,AL,0.6,104.0,349.0,302.0,48.0,74.0,21.0,1.0,11.0,35.0,2.0,1.0,42.0,96.0,0.245,0.342,0.43,0.772,112.0,0.335,110.0,130.0,3.0,3.0,1.0,1.0,1.0,79HD/8,
Curtis Granderson*,37.0,MIL,NL,0.3,19.0,54.0,41.0,12.0,9.0,1.0,1.0,2.0,3.0,0.0,0.0,12.0,10.0,0.22,0.407,0.439,0.846,128.0,0.379,134.0,18.0,0.0,1.0,0.0,0.0,0.0,9/H7,
César Hernández#,28.0,PHI,NL,2.1,161.0,708.0,605.0,91.0,153.0,15.0,3.0,15.0,60.0,19.0,6.0,95.0,155.0,0.253,0.356,0.362,0.718,94.0,0.335,100.0,219.0,12.0,4.0,1.0,3.0,4.0,*4/HD,
D.J. Snelten*,26.0,SFG,NL,0.0,4.0,1.0,1.0,0.0,0.0,0.0,0.0,0.0,0.0,0.0,0.0,0.0,1.0,0.0,0.0,0.0,0.0,-100.0,0.0,-136.0,0.0,0.0,0.0,0.0,0.0,0.0,/1,
Dakota Hudson,23.0,STL,NL,0.0,24.0,1.0,1.0,0.0,0.0,0.0,0.0,0.0,0.0,0.0,0.0,0.0,0.0,0.0,0.0,0.0,0.0,-100.0,0.0,-136.0,0.0,0.0,0.0,0.0,0.0,0.0,1,
Dallas Keuchel*,30.0,HOU,AL,0.0,1.0,2.0,2.0,0.0,0.0,0.0,0.0,0.0,0.0,0.0,0.0,0.0,2.0,0.0,0.0,0.0,0.0,-100.0,0.0,-135.0,0.0,0.0,0.0,0.0,0.0,0.0,1,GG
Dalton Pompey#,25.0,TOR,AL,-0.1,5.0,11.0,10.0,0.0,2.0,0.0,0.0,0.0,0.0,0.0,0.0,1.0,6.0,0.2,0.273,0.2,0.473,35.0,0.217,26.0,2.0,0.0,0.0,0.0,0.0,0.0,/7H,
Dan Butler,31.0,BOS,AL,-0.1,2.0,7.0,6.0,0.0,1.0,0.0,0.0,0.0,1.0,0.0,0.0,0.0,2.0,0.167,0.143,0.167,0.31,-17.0,0.128,-45.0,1.0,0.0,0.0,0.0,1.0,0.0,/2,
Dan Jennings*,31.0,MIL,NL,0.2,65.0,3.0,3.0,1.0,2.0,1.0,0.0,0.0,0.0,0.0,0.0,0.0,1.0,0.667,0.667,1.0,1.667,340.0,0.718,385.0,3.0,0.0,0.0,0.0,0.0,0.0,1,
Dan Otero,33.0,CLE,AL,0.0,4.0,0.0,0.0,0.0,0.0,0.0,0.0,0.0,0.0,0.0,0.0,0.0,0.0,,,,,,,,0.0,0.0,0.0,0.0,0.0,0.0,1,
Dan Straily,29.0,MIA,NL,0.5,25.0,43.0,31.0,2.0,5.0,1.0,0.0,0.0,1.0,0.0,0.0,8.0,19.0,0.161,0.35,0.194,0.544,57.0,0.301,84.0,6.0,1.0,1.0,3.0,0.0,0.0,1/H,
Dan Winkler,28.0,ATL,NL,0.0,66.0,1.0,1.0,0.0,0.0,0.0,0.0,0.0,0.0,0.0,0.0,0.0,0.0,0.0,0.0,0.0,0.0,-100.0,0.0,-145.0,0.0,0.0,0.0,0.0,0.0,0.0,1,
Daniel Castro,25.0,COL,NL,-0.5,18.0,47.0,46.0,2.0,8.0,1.0,0.0,1.0,6.0,0.0,0.0,1.0,7.0,0.174,0.191,0.261,0.452,13.0,0.187,-22.0,12.0,2.0,0.0,0.0,0.0,1.0,4/H6,
Daniel Corcino,27.0,LAD,NL,0.0,2.0,1.0,1.0,0.0,0.0,0.0,0.0,0.0,0.0,0.0,0.0,0.0,1.0,0.0,0.0,0.0,0.0,-100.0,0.0,-145.0,0.0,0.0,0.0,0.0,0.0,0.0,/1,
Daniel Descalso*,31.0,ARI,NL,0.8,138.0,423.0,349.0,54.0,83.0,22.0,4.0,13.0,57.0,0.0,1.0,64.0,110.0,0.238,0.353,0.436,0.789,108.0,0.346,108.0,152.0,2.0,2.0,0.0,7.0,2.0,4H53/D71,
Daniel Hudson,31.0,LAD,NL,0.0,37.0,2.0,2.0,0.0,0.0,0.0,0.0,0.0,0.0,0.0,0.0,0.0,1.0,0.0,0.0,0.0,0.0,-100.0,0.0,-141.0,0.0,0.0,0.0,0.0,0.0,0.0,1,
Daniel Mengden,25.0,OAK,AL,0.0,1.0,3.0,3.0,1.0,1.0,0.0,0.0,0.0,1.0,0.0,0.0,0.0,1.0,0.333,0.333,0.333,0.667,87.0,0.298,86.0,1.0,0.0,0.0,0.0,0.0,0.0,1,
Daniel Murphy*,33.0,2TM,NL,0.0,91.0,351.0,328.0,40.0,98.0,15.0,0.0,12.0,42.0,3.0,0.0,20.0,40.0,0.299,0.336,0.454,0.79,107.0,0.346,105.0,149.0,5.0,0.0,0.0,3.0,2.0,43/HD,
Daniel Murphy*,33.0,WSN,NL,-0.5,56.0,205.0,190.0,17.0,57.0,9.0,0.0,6.0,29.0,1.0,0.0,13.0,17.0,0.3,0.341,0.442,0.784,105.0,0.34,101.0,84.0,4.0,0.0,0.0,2.0,2.0,43/HD,
Daniel Murphy*,33.0,CHC,NL,0.5,35.0,146.0,138.0,23.0,41.0,6.0,0.0,6.0,13.0,2.0,0.0,7.0,23.0,0.297,0.329,0.471,0.8,110.0,0.353,111.0,65.0,1.0,0.0,0.0,1.0,0.0,4/HD,
Daniel Norris*,25.0,DET,AL,0.0,2.0,2.0,2.0,0.0,0.0,0.0,0.0,0.0,0.0,0.0,0.0,0.0,1.0,0.0,0.0,0.0,0.0,-100.0,0.0,-139.0,0.0,0.0,0.0,0.0,0.0,0.0,1,
Daniel Palka*,26.0,CHW,AL,0.6,124.0,449.0,417.0,56.0,100.0,15.0,3.0,27.0,67.0,2.0,1.0,30.0,153.0,0.24,0.294,0.484,0.778,110.0,0.338,112.0,202.0,7.0,2.0,0.0,0.0,3.0,D97H,ROY-5
Daniel Ponce de Leon,26.0,STL,NL,0.0,10.0,10.0,9.0,0.0,1.0,0.0,1.0,0.0,1.0,0.0,0.0,0.0,4.0,0.111,0.111,0.333,0.444,15.0,0.176,-21.0,3.0,0.0,0.0,1.0,0.0,0.0,1/H,
Daniel Robertson,24.0,TBR,AL,2.8,87.0,340.0,282.0,46.0,74.0,16.0,0.0,9.0,34.0,2.0,2.0,43.0,77.0,0.262,0.382,0.415,0.797,122.0,0.359,129.0,117.0,7.0,13.0,0.0,2.0,0.0,465/H7D13,
Daniel Stumpf*,27.0,DET,AL,0.0,4.0,0.0,0.0,0.0,0.0,0.0,0.0,0.0,0.0,0.0,0.0,0.0,0.0,,,,,,,,0.0,0.0,0.0,0.0,0.0,0.0,1,
Daniel Vogelbach*,25.0,SEA,AL,0.2,37.0,102.0,87.0,9.0,18.0,2.0,0.0,4.0,13.0,0.0,0.0,13.0,26.0,0.207,0.324,0.368,0.691,95.0,0.317,101.0,32.0,4.0,2.0,0.0,0.0,0.0,3H/D,
Daniel Zamora*,25.0,NYM,NL,0.0,15.0,0.0,0.0,0.0,0.0,0.0,0.0,0.0,0.0,0.0,0.0,0.0,0.0,,,,,,,,0.0,0.0,0.0,0.0,0.0,0.0,1,
Danny Barnes*,28.0,TOR,AL,0.0,3.0,0.0,0.0,0.0,0.0,0.0,0.0,0.0,0.0,0.0,0.0,0.0,0.0,,,,,,,,0.0,0.0,0.0,0.0,0.0,0.0,1,
Danny Coulombe*,28.0,OAK,AL,0.0,1.0,0.0,0.0,0.0,0.0,0.0,0.0,0.0,0.0,0.0,0.0,0.0,0.0,,,,,,,,0.0,0.0,0.0,0.0,0.0,0.0,1,
Danny Duffy*,29.0,KCR,AL,0.0,1.0,2.0,2.0,0.0,0.0,0.0,0.0,0.0,0.0,0.0,0.0,0.0,2.0,0.0,0.0,0.0,0.0,-100.0,0.0,-135.0,0.0,0.0,0.0,0.0,0.0,0.0,1,
Danny Jansen,23.0,TOR,AL,0.6,31.0,95.0,81.0,12.0,20.0,6.0,0.0,3.0,8.0,0.0,0.0,9.0,17.0,0.247,0.347,0.432,0.779,115.0,0.345,117.0,35.0,1.0,4.0,0.0,1.0,0.0,2/HD,
Danny Santana#,27.0,ATL,NL,0.0,15.0,32.0,28.0,4.0,5.0,3.0,0.0,0.0,2.0,1.0,1.0,3.0,11.0,0.179,0.281,0.286,0.567,54.0,0.254,49.0,8.0,0.0,1.0,0.0,0.0,0.0,/7H89,
Danny Valencia,33.0,BAL,AL,0.2,78.0,282.0,255.0,28.0,67.0,8.0,1.0,9.0,28.0,1.0,1.0,22.0,53.0,0.263,0.316,0.408,0.723,99.0,0.321,101.0,104.0,8.0,0.0,0.0,5.0,2.0,59D/H31,
Dansby Swanson,24.0,ATL,NL,2.2,136.0,533.0,478.0,51.0,114.0,25.0,4.0,14.0,59.0,10.0,4.0,44.0,122.0,0.238,0.304,0.395,0.699,87.0,0.307,80.0,189.0,5.0,2.0,6.0,3.0,15.0,*6/H,
Darnell Sweeney#,27.0,TOR,AL,-0.1,2.0,4.0,2.0,0.0,0.0,0.0,0.0,0.0,0.0,0.0,0.0,2.0,0.0,0.0,0.5,0.0,0.5,58.0,0.347,119.0,0.0,0.0,0.0,0.0,0.0,0.0,/57,
Darren O'Day,35.0,BAL,AL,0.0,2.0,0.0,0.0,0.0,0.0,0.0,0.0,0.0,0.0,0.0,0.0,0.0,0.0,,,,,,,,0.0,0.0,0.0,0.0,0.0,0.0,1,
David Bote,25.0,CHC,NL,1.9,74.0,210.0,184.0,23.0,44.0,9.0,2.0,6.0,33.0,3.0,4.0,19.0,60.0,0.239,0.319,0.408,0.727,92.0,0.321,94.0,75.0,3.0,4.0,0.0,3.0,1.0,5H4/367,
David Dahl*,24.0,COL,NL,0.8,77.0,271.0,249.0,31.0,68.0,11.0,3.0,16.0,48.0,5.0,3.0,19.0,68.0,0.273,0.325,0.534,0.859,113.0,0.363,110.0,133.0,4.0,1.0,0.0,2.0,4.0,79H/8,
David Fletcher,24.0,LAA,AL,1.9,80.0,307.0,284.0,35.0,78.0,18.0,2.0,1.0,25.0,3.0,0.0,15.0,34.0,0.275,0.316,0.363,0.678,88.0,0.305,86.0,103.0,7.0,3.0,3.0,2.0,0.0,45/H69,
David Freese,35.0,2TM,NL,2.1,113.0,312.0,280.0,38.0,83.0,12.0,2.0,11.0,51.0,0.0,0.0,24.0,72.0,0.296,0.359,0.471,0.83,126.0,0.367,131.0,132.0,10.0,5.0,0.0,3.0,1.0,5H3/D,
David Freese,35.0,PIT,NL,1.6,94.0,265.0,241.0,29.0,68.0,10.0,1.0,9.0,42.0,0.0,0.0,18.0,56.0,0.282,0.336,0.444,0.78,113.0,0.343,114.0,107.0,10.0,3.0,0.0,3.0,1.0,5H3/D,
David Freese,35.0,LAD,NL,0.5,19.0,47.0,39.0,9.0,15.0,2.0,1.0,2.0,9.0,0.0,0.0,6.0,16.0,0.385,0.489,0.641,1.13,206.0,0.502,228.0,25.0,0.0,2.0,0.0,0.0,0.0,3/H5,
David Freitas,29.0,SEA,AL,-0.2,36.0,106.0,93.0,9.0,20.0,6.0,0.0,1.0,5.0,0.0,0.0,8.0,25.0,0.215,0.277,0.312,0.589,66.0,0.261,59.0,29.0,2.0,0.0,1.0,0.0,0.0,2/3H,
David Hale,30.0,NYY,AL,0.0,3.0,0.0,0.0,0.0,0.0,0.0,0.0,0.0,0.0,0.0,0.0,0.0,0.0,,,,,,,,0.0,0.0,0.0,0.0,0.0,0.0,/1,
David Hernández,33.0,CIN,NL,0.0,53.0,1.0,1.0,0.0,0.0,0.0,0.0,0.0,0.0,0.0,0.0,0.0,0.0,0.0,0.0,0.0,0.0,-100.0,0.0,-145.0,0.0,0.0,0.0,0.0,0.0,0.0,1,
David Hess,24.0,BAL,AL,0.0,3.0,3.0,2.0,2.0,0.0,0.0,0.0,0.0,0.0,0.0,0.0,1.0,0.0,0.0,0.333,0.0,0.333,5.0,0.231,34.0,0.0,0.0,0.0,0.0,0.0,0.0,1,
David Peralta*,30.0,ARI,NL,3.5,146.0,614.0,560.0,75.0,164.0,25.0,5.0,30.0,87.0,4.0,0.0,48.0,124.0,0.293,0.352,0.516,0.868,127.0,0.379,130.0,289.0,14.0,4.0,0.0,2.0,4.0,*7/H9,SS
David Robertson,33.0,NYY,AL,0.0,4.0,0.0,0.0,0.0,0.0,0.0,0.0,0.0,0.0,0.0,0.0,0.0,0.0,,,,,,,,0.0,0.0,0.0,0.0,0.0,0.0,1,
David Wright,35.0,NYM,NL,0.0,2.0,3.0,2.0,0.0,0.0,0.0,0.0,0.0,0.0,0.0,0.0,1.0,0.0,0.0,0.333,0.0,0.333,5.0,0.231,36.0,0.0,0.0,0.0,0.0,0.0,0.0,/5H,
Dawel Lugo,23.0,DET,AL,0.0,27.0,101.0,94.0,10.0,20.0,4.0,1.0,1.0,8.0,0.0,0.0,7.0,20.0,0.213,0.267,0.309,0.576,56.0,0.281,66.0,29.0,2.0,0.0,0.0,0.0,0.0,4/H,
Deck McGuire,29.0,2TM,AL,0.0,3.0,3.0,3.0,0.0,1.0,0.0,0.0,0.0,0.0,0.0,0.0,0.0,1.0,0.333,0.333,0.333,0.667,86.0,0.298,83.0,1.0,0.0,0.0,0.0,0.0,0.0,1,
Deck McGuire,29.0,TOR,AL,0.1,1.0,1.0,1.0,0.0,1.0,0.0,0.0,0.0,0.0,0.0,0.0,0.0,0.0,1.0,1.0,1.0,2.0,459.0,0.894,500.0,1.0,0.0,0.0,0.0,0.0,0.0,/1,
Deck McGuire,29.0,LAA,AL,-0.1,2.0,2.0,2.0,0.0,0.0,0.0,0.0,0.0,0.0,0.0,0.0,0.0,1.0,0.0,0.0,0.0,0.0,-100.0,0.0,-135.0,0.0,0.0,0.0,0.0,0.0,0.0,1,
Dee Strange-Gordon*,30.0,SEA,AL,1.1,141.0,588.0,556.0,62.0,149.0,17.0,8.0,4.0,36.0,30.0,12.0,9.0,80.0,0.268,0.288,0.349,0.637,79.0,0.284,76.0,194.0,10.0,9.0,9.0,5.0,0.0,48/6HD,
Delino DeShields,25.0,TEX,AL,1.3,106.0,393.0,334.0,52.0,72.0,14.0,1.0,2.0,22.0,20.0,4.0,43.0,83.0,0.216,0.31,0.281,0.591,58.0,0.289,59.0,94.0,1.0,3.0,12.0,1.0,0.0,8/HD,
Dellin Betances,30.0,NYY,AL,0.0,5.0,1.0,1.0,0.0,0.0,0.0,0.0,0.0,0.0,0.0,0.0,0.0,1.0,0.0,0.0,0.0,0.0,-100.0,0.0,-125.0,0.0,0.0,0.0,0.0,0.0,0.0,1,
Denard Span*,34.0,2TM,AL,2.1,137.0,501.0,437.0,63.0,114.0,22.0,7.0,11.0,58.0,9.0,4.0,51.0,79.0,0.261,0.341,0.419,0.76,112.0,0.333,112.0,183.0,10.0,6.0,0.0,7.0,0.0,*7HD/8,
Denard Span*,34.0,TBR,AL,1.1,43.0,173.0,143.0,27.0,34.0,7.0,1.0,4.0,28.0,6.0,2.0,28.0,24.0,0.238,0.364,0.385,0.749,109.0,0.342,114.0,55.0,5.0,1.0,0.0,1.0,0.0,7/HD,
Denard Span*,34.0,SEA,AL,1.0,94.0,328.0,294.0,36.0,80.0,15.0,6.0,7.0,30.0,3.0,2.0,23.0,55.0,0.272,0.329,0.435,0.765,113.0,0.329,110.0,128.0,5.0,5.0,0.0,6.0,0.0,7H/D8,
Dennis Santana,22.0,LAD,NL,0.1,2.0,2.0,2.0,0.0,1.0,1.0,0.0,0.0,2.0,0.0,0.0,0.0,1.0,0.5,0.5,1.0,1.5,296.0,0.627,323.0,2.0,0.0,0.0,0.0,0.0,0.0,/1H,
Dereck Rodríguez,26.0,SFG,NL,-0.1,20.0,39.0,32.0,0.0,3.0,1.0,0.0,0.0,1.0,0.0,0.0,0.0,16.0,0.094,0.094,0.125,0.219,-40.0,0.095,-100.0,4.0,0.0,0.0,7.0,0.0,0.0,1,
Derek Dietrich*,28.0,MIA,NL,-0.3,149.0,551.0,499.0,72.0,132.0,26.0,2.0,16.0,45.0,2.0,0.0,29.0,140.0,0.265,0.33,0.421,0.751,107.0,0.335,109.0,210.0,5.0,21.0,0.0,2.0,2.0,73H/4D59,
Derek Fisher*,24.0,HOU,AL,0.1,42.0,86.0,79.0,13.0,13.0,2.0,2.0,4.0,11.0,2.0,0.0,5.0,42.0,0.165,0.209,0.392,0.602,61.0,0.264,54.0,31.0,0.0,0.0,0.0,2.0,0.0,7/8H9D,
Derek Holland#,31.0,SFG,NL,-0.4,34.0,56.0,53.0,2.0,3.0,1.0,0.0,0.0,0.0,0.0,0.0,1.0,33.0,0.057,0.074,0.075,0.15,-58.0,0.068,-91.0,4.0,1.0,0.0,2.0,0.0,0.0,1/H,
Derek Law,27.0,SFG,NL,0.1,7.0,1.0,1.0,1.0,1.0,0.0,0.0,0.0,0.0,0.0,0.0,0.0,0.0,1.0,1.0,1.0,2.0,463.0,0.9,527.0,1.0,0.0,0.0,0.0,0.0,0.0,/1,
Deven Marrero,27.0,ARI,NL,-0.4,49.0,85.0,78.0,11.0,13.0,1.0,1.0,0.0,7.0,3.0,0.0,6.0,23.0,0.167,0.224,0.205,0.429,15.0,0.205,-2.0,16.0,5.0,0.0,0.0,1.0,0.0,5H/4,
Devin Mesoraco,30.0,2TM,NL,0.6,84.0,274.0,244.0,24.0,54.0,10.0,0.0,11.0,33.0,0.0,0.0,25.0,52.0,0.221,0.303,0.398,0.7,93.0,0.307,90.0,97.0,9.0,4.0,0.0,1.0,3.0,2H/3D,
Devin Mesoraco,30.0,CIN,NL,-0.1,18.0,45.0,41.0,1.0,9.0,2.0,0.0,1.0,3.0,0.0,0.0,2.0,10.0,0.22,0.289,0.341,0.63,69.0,0.282,63.0,14.0,2.0,2.0,0.0,0.0,0.0,2/H3,
Devin Mesoraco,30.0,NYM,NL,0.6,66.0,229.0,203.0,23.0,45.0,8.0,0.0,10.0,30.0,0.0,0.0,23.0,42.0,0.222,0.306,0.409,0.715,98.0,0.312,96.0,83.0,7.0,2.0,0.0,1.0,3.0,2H/D,
Devon Travis,27.0,TOR,AL,0.7,103.0,378.0,357.0,41.0,83.0,14.0,3.0,11.0,44.0,3.0,2.0,16.0,64.0,0.232,0.275,0.381,0.656,79.0,0.294,81.0,136.0,8.0,5.0,0.0,0.0,1.0,4/H,
Dexter Fowler#,32.0,STL,NL,-1.4,90.0,334.0,289.0,40.0,52.0,10.0,0.0,8.0,31.0,5.0,2.0,38.0,75.0,0.18,0.278,0.298,0.576,59.0,0.271,59.0,86.0,2.0,3.0,0.0,4.0,0.0,9H,
Didi Gregorius*,28.0,NYY,AL,5.1,134.0,569.0,504.0,89.0,135.0,23.0,5.0,27.0,86.0,10.0,6.0,48.0,69.0,0.268,0.335,0.494,0.829,124.0,0.36,126.0,249.0,8.0,7.0,1.0,9.0,3.0,*6/H,MVP-20
Diego Castillo,24.0,TBR,AL,0.0,5.0,1.0,1.0,0.0,0.0,0.0,0.0,0.0,0.0,0.0,0.0,0.0,1.0,0.0,0.0,0.0,0.0,-100.0,0.0,-125.0,0.0,0.0,0.0,0.0,0.0,0.0,1,
Dillon Maples,26.0,CHC,NL,0.0,8.0,0.0,0.0,0.0,0.0,0.0,0.0,0.0,0.0,0.0,0.0,0.0,0.0,,,,,,,,0.0,0.0,0.0,0.0,0.0,0.0,/1,
Dillon Peters*,25.0,MIA,NL,0.1,7.0,9.0,7.0,1.0,1.0,0.0,0.0,0.0,0.0,0.0,0.0,1.0,2.0,0.143,0.25,0.143,0.393,14.0,0.187,-10.0,1.0,0.0,0.0,1.0,0.0,0.0,/1,
Dilson Herrera,24.0,CIN,NL,-0.2,53.0,97.0,87.0,11.0,16.0,5.0,0.0,5.0,11.0,0.0,0.0,8.0,39.0,0.184,0.268,0.414,0.682,80.0,0.296,73.0,36.0,0.0,2.0,0.0,0.0,0.0,H47/53,
Dixon Machado,26.0,DET,AL,-0.7,67.0,233.0,214.0,20.0,44.0,13.0,1.0,1.0,21.0,1.0,1.0,14.0,41.0,0.206,0.263,0.29,0.553,50.0,0.248,42.0,62.0,2.0,3.0,1.0,1.0,1.0,4/HD,
DJ Johnson*,28.0,COL,NL,0.0,7.0,0.0,0.0,0.0,0.0,0.0,0.0,0.0,0.0,0.0,0.0,0.0,0.0,,,,,,,,0.0,0.0,0.0,0.0,0.0,0.0,/1,
DJ LeMahieu,29.0,COL,NL,2.9,128.0,581.0,533.0,90.0,147.0,32.0,2.0,15.0,62.0,6.0,5.0,37.0,82.0,0.276,0.321,0.428,0.749,88.0,0.334,90.0,228.0,14.0,2.0,2.0,7.0,0.0,*4/H,GG
DJ Stewart*,24.0,BAL,AL,0.6,17.0,47.0,40.0,8.0,10.0,3.0,0.0,3.0,10.0,2.0,1.0,4.0,12.0,0.25,0.34,0.55,0.89,141.0,0.37,135.0,22.0,0.0,2.0,0.0,1.0,0.0,/79HD,
Domingo Germán,25.0,NYY,AL,0.0,2.0,2.0,1.0,0.0,0.0,0.0,0.0,0.0,0.0,0.0,0.0,1.0,1.0,0.0,0.5,0.0,0.5,57.0,0.347,117.0,0.0,0.0,0.0,0.0,0.0,0.0,1,
Domingo Santana,25.0,MIL,NL,1.1,85.0,235.0,211.0,21.0,56.0,14.0,1.0,5.0,20.0,1.0,1.0,20.0,77.0,0.265,0.328,0.412,0.74,97.0,0.336,103.0,87.0,3.0,1.0,0.0,3.0,1.0,9H/D,
Dominic Leone,26.0,STL,NL,0.0,29.0,0.0,0.0,0.0,0.0,0.0,0.0,0.0,0.0,0.0,0.0,0.0,0.0,,,,,,,,0.0,0.0,0.0,0.0,0.0,0.0,1,
Dominic Smith*,23.0,NYM,NL,-0.5,56.0,149.0,143.0,14.0,32.0,11.0,1.0,5.0,11.0,0.0,0.0,4.0,47.0,0.224,0.255,0.42,0.675,85.0,0.303,89.0,60.0,2.0,2.0,0.0,0.0,0.0,3H7/D,
Donnie Hart*,27.0,BAL,AL,0.0,1.0,0.0,0.0,0.0,0.0,0.0,0.0,0.0,0.0,0.0,0.0,0.0,0.0,,,,,,,,0.0,0.0,0.0,0.0,0.0,0.0,1,
Dovydas Neverauskas,25.0,PIT,NL,0.0,23.0,0.0,0.0,0.0,0.0,0.0,0.0,0.0,0.0,0.0,0.0,0.0,0.0,,,,,,,,0.0,0.0,0.0,0.0,0.0,0.0,1,
Drew Anderson,24.0,PHI,NL,-0.1,5.0,4.0,3.0,0.0,0.0,0.0,0.0,0.0,0.0,0.0,0.0,0.0,1.0,0.0,0.0,0.0,0.0,-100.0,0.0,-227.0,0.0,0.0,0.0,1.0,0.0,0.0,/1,
Drew Butera,34.0,2TM,2LG,-0.7,61.0,182.0,163.0,13.0,31.0,9.0,0.0,3.0,21.0,0.0,0.0,15.0,39.0,0.19,0.264,0.301,0.564,54.0,0.267,57.0,49.0,4.0,2.0,0.0,2.0,0.0,2/31DH,
Drew Butera,34.0,KCR,AL,-0.7,51.0,166.0,149.0,11.0,28.0,9.0,0.0,2.0,18.0,0.0,0.0,13.0,37.0,0.188,0.259,0.289,0.548,51.0,0.261,54.0,43.0,4.0,2.0,0.0,2.0,0.0,2/31D,
Drew Butera,34.0,COL,NL,0.0,10.0,16.0,14.0,2.0,3.0,0.0,0.0,1.0,3.0,0.0,0.0,2.0,2.0,0.214,0.313,0.429,0.741,86.0,0.327,83.0,6.0,0.0,0.0,0.0,0.0,0.0,/23H,
Drew Gagnon,28.0,NYM,NL,0.0,4.0,2.0,1.0,0.0,0.0,0.0,0.0,0.0,1.0,0.0,0.0,0.0,0.0,0.0,0.0,0.0,0.0,-100.0,0.0,-136.0,0.0,0.0,0.0,0.0,1.0,0.0,/1,
Drew Hutchison*,27.0,2TM,2LG,0.1,11.0,5.0,4.0,0.0,1.0,0.0,0.0,0.0,0.0,0.0,0.0,1.0,2.0,0.25,0.4,0.25,0.65,80.0,0.319,88.0,1.0,0.0,0.0,0.0,0.0,0.0,1,
Drew Hutchison*,27.0,PHI,NL,0.1,10.0,4.0,3.0,0.0,1.0,0.0,0.0,0.0,0.0,0.0,0.0,1.0,1.0,0.333,0.5,0.333,0.833,131.0,0.398,148.0,1.0,0.0,0.0,0.0,0.0,0.0,1,
Drew Hutchison*,27.0,TEX,AL,0.0,1.0,1.0,1.0,0.0,0.0,0.0,0.0,0.0,0.0,0.0,0.0,0.0,1.0,0.0,0.0,0.0,0.0,-100.0,0.0,-133.0,0.0,0.0,0.0,0.0,0.0,0.0,/1,
Drew Pomeranz,29.0,BOS,AL,0.0,3.0,0.0,0.0,0.0,0.0,0.0,0.0,0.0,0.0,0.0,0.0,0.0,0.0,,,,,,,,0.0,0.0,0.0,0.0,0.0,0.0,1,
Drew Robinson*,26.0,TEX,AL,-0.5,47.0,125.0,109.0,20.0,20.0,3.0,0.0,3.0,9.0,2.0,1.0,16.0,57.0,0.183,0.288,0.294,0.582,55.0,0.265,48.0,32.0,0.0,0.0,0.0,0.0,0.0,8H/745D69,
Drew Rucinski,29.0,MIA,NL,0.0,31.0,4.0,4.0,0.0,0.0,0.0,0.0,0.0,0.0,0.0,0.0,0.0,3.0,0.0,0.0,0.0,0.0,-100.0,0.0,-136.0,0.0,0.0,0.0,0.0,0.0,0.0,1,
Drew Smith,24.0,NYM,NL,0.0,25.0,0.0,0.0,0.0,0.0,0.0,0.0,0.0,0.0,0.0,0.0,0.0,0.0,,,,,,,,0.0,0.0,0.0,0.0,0.0,0.0,1,
Drew Steckenrider,27.0,MIA,NL,0.0,65.0,0.0,0.0,0.0,0.0,0.0,0.0,0.0,0.0,0.0,0.0,0.0,0.0,,,,,,,,0.0,0.0,0.0,0.0,0.0,0.0,1,
Drew VerHagen,27.0,DET,AL,0.0,2.0,1.0,1.0,0.0,0.0,0.0,0.0,0.0,0.0,0.0,0.0,0.0,0.0,0.0,0.0,0.0,0.0,-100.0,0.0,-133.0,0.0,0.0,0.0,0.0,0.0,0.0,1,
Duane Underwood Jr.,23.0,CHC,NL,0.0,1.0,1.0,1.0,0.0,0.0,0.0,0.0,0.0,0.0,0.0,0.0,0.0,0.0,0.0,0.0,0.0,0.0,-100.0,0.0,-145.0,0.0,0.0,0.0,0.0,0.0,0.0,/1,
Dustin Fowler*,23.0,OAK,AL,-1.0,69.0,203.0,192.0,19.0,43.0,3.0,2.0,6.0,23.0,6.0,4.0,8.0,47.0,0.224,0.256,0.354,0.61,68.0,0.265,62.0,68.0,2.0,1.0,0.0,2.0,0.0,8H/79,
Dustin Garneau,30.0,CHW,AL,0.0,1.0,3.0,2.0,0.0,1.0,0.0,0.0,0.0,1.0,0.0,0.0,1.0,0.0,0.5,0.667,0.5,1.167,232.0,0.529,249.0,1.0,0.0,0.0,0.0,0.0,0.0,/2,
Dustin Pedroia,34.0,BOS,AL,-0.1,3.0,13.0,11.0,1.0,1.0,0.0,0.0,0.0,0.0,0.0,0.0,2.0,1.0,0.091,0.231,0.091,0.322,-7.0,0.176,-11.0,1.0,0.0,0.0,0.0,0.0,0.0,/4,
Dustin Peterson,23.0,ATL,NL,-0.1,2.0,2.0,2.0,0.0,0.0,0.0,0.0,0.0,0.0,0.0,0.0,0.0,1.0,0.0,0.0,0.0,0.0,-100.0,0.0,-145.0,0.0,0.0,0.0,0.0,0.0,0.0,/H,
Dwight Smith Jr.*,25.0,TOR,AL,0.1,35.0,75.0,65.0,9.0,17.0,8.0,0.0,2.0,8.0,0.0,0.0,7.0,13.0,0.262,0.347,0.477,0.824,125.0,0.363,130.0,31.0,1.0,2.0,0.0,1.0,0.0,7H/9D,
Dylan Bundy#,25.0,BAL,AL,0.0,2.0,5.0,5.0,1.0,1.0,0.0,0.0,0.0,0.0,0.0,0.0,0.0,2.0,0.2,0.2,0.2,0.4,12.0,0.16,-17.0,1.0,0.0,0.0,0.0,0.0,0.0,1,
Dylan Covey,26.0,CHW,AL,0.0,1.0,1.0,1.0,0.0,0.0,0.0,0.0,0.0,0.0,0.0,0.0,0.0,1.0,0.0,0.0,0.0,0.0,-100.0,0.0,-125.0,0.0,0.0,0.0,0.0,0.0,0.0,1,
Dylan Cozens*,24.0,PHI,NL,-0.2,26.0,44.0,38.0,2.0,6.0,2.0,0.0,1.0,2.0,1.0,0.0,6.0,24.0,0.158,0.273,0.289,0.562,52.0,0.265,46.0,11.0,0.0,0.0,0.0,0.0,0.0,H/79,
Dylan Floro*,27.0,2TM,NL,-0.1,48.0,5.0,4.0,0.0,0.0,0.0,0.0,0.0,0.0,0.0,0.0,0.0,2.0,0.0,0.0,0.0,0.0,-100.0,0.0,-207.0,0.0,0.0,0.0,1.0,0.0,0.0,1,
Dylan Floro*,27.0,CIN,NL,-0.1,24.0,5.0,4.0,0.0,0.0,0.0,0.0,0.0,0.0,0.0,0.0,0.0,2.0,0.0,0.0,0.0,0.0,-100.0,0.0,-207.0,0.0,0.0,0.0,1.0,0.0,0.0,1,
Dylan Floro*,27.0,LAD,NL,0.0,24.0,0.0,0.0,0.0,0.0,0.0,0.0,0.0,0.0,0.0,0.0,0.0,0.0,,,,,,,,0.0,0.0,0.0,0.0,0.0,0.0,1,
Eddie Butler,27.0,2TM,2LG,0.0,11.0,3.0,2.0,0.0,0.0,0.0,0.0,0.0,0.0,0.0,0.0,1.0,0.0,0.0,0.333,0.0,0.333,0.0,0.231,24.0,0.0,0.0,0.0,0.0,0.0,0.0,1,
Eddie Butler,27.0,CHC,NL,0.0,8.0,3.0,2.0,0.0,0.0,0.0,0.0,0.0,0.0,0.0,0.0,1.0,0.0,0.0,0.333,0.0,0.333,0.0,0.231,24.0,0.0,0.0,0.0,0.0,0.0,0.0,/1,
Eddie Butler,27.0,TEX,AL,0.0,3.0,0.0,0.0,0.0,0.0,0.0,0.0,0.0,0.0,0.0,0.0,0.0,0.0,,,,,,,,0.0,0.0,0.0,0.0,0.0,0.0,1,
Eddie Rosario*,26.0,MIN,AL,4.3,138.0,592.0,559.0,87.0,161.0,31.0,2.0,24.0,77.0,8.0,2.0,30.0,104.0,0.288,0.323,0.479,0.803,116.0,0.34,110.0,268.0,4.0,0.0,1.0,2.0,5.0,*7D/98H5,
Edgar Santana,26.0,PIT,NL,0.0,64.0,0.0,0.0,0.0,0.0,0.0,0.0,0.0,0.0,0.0,0.0,0.0,0.0,,,,,,,,0.0,0.0,0.0,0.0,0.0,0.0,1,
Edmundo Sosa,22.0,STL,NL,0.0,3.0,3.0,2.0,1.0,0.0,0.0,0.0,0.0,0.0,0.0,0.0,1.0,1.0,0.0,0.333,0.0,0.333,3.0,0.231,30.0,0.0,0.0,0.0,0.0,0.0,0.0,/H4,
Eduardo Escobar#,29.0,2TM,2LG,3.0,151.0,631.0,566.0,75.0,154.0,48.0,3.0,23.0,84.0,2.0,4.0,52.0,126.0,0.272,0.334,0.489,0.824,119.0,0.349,116.0,277.0,12.0,5.0,0.0,8.0,8.0,*56/H4,
Eduardo Escobar#,29.0,MIN,AL,2.4,97.0,408.0,368.0,45.0,101.0,37.0,3.0,15.0,63.0,1.0,3.0,34.0,91.0,0.274,0.338,0.514,0.852,128.0,0.356,124.0,189.0,7.0,3.0,0.0,3.0,6.0,56/H4,
Eduardo Escobar#,29.0,ARI,NL,0.6,54.0,223.0,198.0,30.0,53.0,11.0,0.0,8.0,21.0,1.0,1.0,18.0,35.0,0.268,0.327,0.444,0.772,102.0,0.336,100.0,88.0,5.0,2.0,0.0,5.0,2.0,5/H,
Eduardo Núñez,31.0,BOS,AL,-0.8,127.0,502.0,480.0,56.0,127.0,23.0,3.0,10.0,44.0,7.0,2.0,16.0,69.0,0.265,0.289,0.388,0.677,81.0,0.303,80.0,186.0,17.0,2.0,1.0,3.0,0.0,45D/H,
Eduardo Rodríguez*,25.0,BOS,AL,0.0,1.0,2.0,2.0,0.0,0.0,0.0,0.0,0.0,0.0,0.0,0.0,0.0,1.0,0.0,0.0,0.0,0.0,-100.0,0.0,-139.0,0.0,0.0,0.0,0.0,0.0,0.0,1,
Edubray Ramos,25.0,PHI,NL,0.0,48.0,0.0,0.0,0.0,0.0,0.0,0.0,0.0,0.0,0.0,0.0,0.0,0.0,,,,,,,,0.0,0.0,0.0,0.0,0.0,0.0,1,
Edward Paredes*,31.0,LAD,NL,0.0,13.0,0.0,0.0,0.0,0.0,0.0,0.0,0.0,0.0,0.0,0.0,0.0,0.0,,,,,,,,0.0,0.0,0.0,0.0,0.0,0.0,1,
Edwin Díaz,24.0,SEA,AL,0.0,4.0,0.0,0.0,0.0,0.0,0.0,0.0,0.0,0.0,0.0,0.0,0.0,0.0,,,,,,,,0.0,0.0,0.0,0.0,0.0,0.0,1,"AS,CYA-8,MVP-18"
Edwin Encarnación,35.0,CLE,AL,1.9,137.0,579.0,500.0,74.0,123.0,16.0,1.0,32.0,107.0,3.0,0.0,63.0,132.0,0.246,0.336,0.474,0.81,116.0,0.355,118.0,237.0,14.0,8.0,0.0,7.0,2.0,*D3,
Edwin Jackson,34.0,OAK,AL,0.0,1.0,2.0,2.0,0.0,0.0,0.0,0.0,0.0,0.0,0.0,0.0,0.0,0.0,0.0,0.0,0.0,0.0,-100.0,0.0,-135.0,0.0,0.0,0.0,0.0,0.0,0.0,1,
Efren Navarro*,32.0,CHC,NL,-0.1,4.0,6.0,6.0,0.0,1.0,0.0,0.0,0.0,0.0,0.0,0.0,0.0,4.0,0.167,0.167,0.167,0.333,-11.0,0.134,-46.0,1.0,0.0,0.0,0.0,0.0,0.0,/3H,
Ehire Adrianza#,28.0,MIN,AL,0.0,114.0,366.0,335.0,42.0,84.0,23.0,1.0,6.0,39.0,5.0,1.0,24.0,82.0,0.251,0.301,0.379,0.68,85.0,0.299,79.0,127.0,4.0,1.0,4.0,2.0,2.0,65H3/47D,
Elias Díaz,27.0,PIT,NL,1.6,82.0,277.0,252.0,33.0,72.0,12.0,0.0,10.0,34.0,0.0,1.0,21.0,40.0,0.286,0.339,0.452,0.792,116.0,0.346,117.0,114.0,4.0,1.0,0.0,3.0,1.0,2H/D,
Elieser Hernández,23.0,MIA,NL,-0.1,32.0,11.0,11.0,0.0,0.0,0.0,0.0,0.0,0.0,0.0,0.0,0.0,7.0,0.0,0.0,0.0,0.0,-100.0,0.0,-135.0,0.0,0.0,0.0,0.0,0.0,0.0,1,
Elvis Andrus,29.0,TEX,AL,1.6,97.0,428.0,395.0,53.0,101.0,20.0,3.0,6.0,33.0,5.0,3.0,28.0,66.0,0.256,0.308,0.367,0.675,78.0,0.315,85.0,145.0,8.0,3.0,0.0,2.0,0.0,6/H,
Emilio Pagán*,27.0,OAK,AL,0.0,4.0,0.0,0.0,0.0,0.0,0.0,0.0,0.0,0.0,0.0,0.0,0.0,0.0,,,,,,,,0.0,0.0,0.0,0.0,0.0,0.0,1,
Ender Inciarte*,27.0,ATL,NL,3.1,156.0,660.0,597.0,83.0,158.0,27.0,6.0,10.0,61.0,28.0,14.0,49.0,86.0,0.265,0.325,0.38,0.705,90.0,0.315,88.0,227.0,6.0,6.0,4.0,4.0,1.0,*8/H,GG
Engelb Vielma#,24.0,BAL,AL,0.0,6.0,8.0,7.0,1.0,1.0,0.0,0.0,0.0,0.0,0.0,0.0,1.0,4.0,0.143,0.25,0.143,0.393,14.0,0.199,13.0,1.0,0.0,0.0,0.0,0.0,0.0,/46,
Enny Romero,27.0,2TM,NL,0.1,4.0,1.0,1.0,1.0,1.0,1.0,0.0,0.0,0.0,0.0,0.0,0.0,0.0,1.0,1.0,2.0,3.0,698.0,1.254,782.0,2.0,0.0,0.0,0.0,0.0,0.0,/1,
Enny Romero,27.0,WSN,NL,0.0,2.0,0.0,0.0,0.0,0.0,0.0,0.0,0.0,0.0,0.0,0.0,0.0,0.0,,,,,,,,0.0,0.0,0.0,0.0,0.0,0.0,/1,
Enny Romero,27.0,PIT,NL,0.1,2.0,1.0,1.0,1.0,1.0,1.0,0.0,0.0,0.0,0.0,0.0,0.0,0.0,1.0,1.0,2.0,3.0,698.0,1.254,782.0,2.0,0.0,0.0,0.0,0.0,0.0,/1,
Enyel De Los Santos,22.0,PHI,NL,-0.1,7.0,5.0,3.0,0.0,0.0,0.0,0.0,0.0,0.0,0.0,0.0,0.0,2.0,0.0,0.0,0.0,0.0,-100.0,0.0,-309.0,0.0,0.0,0.0,2.0,0.0,0.0,/1,
Erasmo Ramírez,28.0,SEA,AL,0.0,2.0,3.0,3.0,0.0,0.0,0.0,0.0,0.0,0.0,0.0,0.0,0.0,2.0,0.0,0.0,0.0,0.0,-100.0,0.0,-126.0,0.0,0.0,0.0,0.0,0.0,0.0,1,
Eric Haase,25.0,CLE,AL,-0.3,9.0,17.0,16.0,0.0,2.0,0.0,0.0,0.0,1.0,0.0,0.0,0.0,6.0,0.125,0.176,0.125,0.301,-16.0,0.142,-33.0,2.0,1.0,1.0,0.0,0.0,0.0,/2HD,
Eric Hanhold,24.0,NYM,NL,0.0,3.0,0.0,0.0,0.0,0.0,0.0,0.0,0.0,0.0,0.0,0.0,0.0,0.0,,,,,,,,0.0,0.0,0.0,0.0,0.0,0.0,/1,
Eric Hosmer*,28.0,SDP,NL,1.1,157.0,677.0,613.0,72.0,155.0,31.0,2.0,18.0,69.0,7.0,4.0,62.0,142.0,0.253,0.322,0.398,0.72,100.0,0.317,98.0,244.0,18.0,1.0,0.0,1.0,10.0,*3/H,
Eric Lauer,23.0,SDP,NL,-0.1,23.0,37.0,30.0,1.0,2.0,1.0,0.0,0.0,1.0,0.0,0.0,1.0,15.0,0.067,0.094,0.1,0.194,-46.0,0.089,-95.0,3.0,0.0,0.0,5.0,1.0,0.0,1,
Eric Skoglund*,25.0,KCR,AL,0.0,2.0,3.0,3.0,0.0,0.0,0.0,0.0,0.0,0.0,0.0,0.0,0.0,2.0,0.0,0.0,0.0,0.0,-100.0,0.0,-134.0,0.0,0.0,0.0,0.0,0.0,0.0,1,
Eric Sogard*,32.0,MIL,NL,-0.8,55.0,113.0,97.0,7.0,13.0,3.0,0.0,0.0,2.0,3.0,0.0,12.0,23.0,0.134,0.241,0.165,0.406,12.0,0.211,4.0,16.0,3.0,2.0,1.0,1.0,1.0,64H/7,
Eric Thames*,31.0,MIL,NL,0.4,96.0,278.0,247.0,41.0,54.0,10.0,3.0,16.0,37.0,7.0,0.0,29.0,97.0,0.219,0.306,0.478,0.783,106.0,0.345,104.0,118.0,3.0,2.0,0.0,0.0,4.0,H937,
Eric Young Jr.#,33.0,LAA,AL,-0.4,41.0,117.0,109.0,12.0,22.0,4.0,2.0,1.0,8.0,5.0,1.0,6.0,28.0,0.202,0.248,0.303,0.551,52.0,0.245,41.0,33.0,4.0,1.0,0.0,1.0,0.0,87/H,
Erick Fedde,25.0,WSN,NL,-0.1,10.0,17.0,16.0,1.0,1.0,0.0,0.0,0.0,0.0,0.0,0.0,1.0,5.0,0.063,0.118,0.063,0.18,-50.0,0.094,-78.0,1.0,1.0,0.0,0.0,0.0,0.0,1,
Erik Goeddel,29.0,LAD,NL,0.0,25.0,0.0,0.0,0.0,0.0,0.0,0.0,0.0,0.0,0.0,0.0,0.0,0.0,,,,,,,,0.0,0.0,0.0,0.0,0.0,0.0,1,
Erik González,26.0,CLE,AL,0.7,81.0,143.0,136.0,17.0,36.0,10.0,1.0,1.0,16.0,3.0,0.0,5.0,34.0,0.265,0.301,0.375,0.676,82.0,0.316,87.0,51.0,0.0,2.0,0.0,0.0,0.0,45H6/3D,
Erik Kratz,38.0,MIL,NL,0.0,67.0,219.0,203.0,18.0,48.0,6.0,0.0,6.0,23.0,1.0,0.0,6.0,40.0,0.236,0.28,0.355,0.634,69.0,0.285,64.0,72.0,8.0,7.0,1.0,2.0,0.0,2/H13,
Eugenio Suárez,26.0,CIN,NL,3.8,143.0,606.0,527.0,79.0,149.0,22.0,2.0,34.0,104.0,1.0,1.0,64.0,142.0,0.283,0.366,0.526,0.892,136.0,0.385,139.0,277.0,20.0,9.0,0.0,6.0,7.0,*5/6H,"AS,MVP-18"
Evan Gattis,31.0,HOU,AL,0.2,128.0,451.0,407.0,49.0,92.0,17.0,0.0,25.0,78.0,1.0,0.0,33.0,101.0,0.226,0.284,0.452,0.736,98.0,0.318,96.0,184.0,13.0,3.0,0.0,8.0,2.0,*DH/2,
Evan Longoria,32.0,SFG,NL,1.6,125.0,512.0,480.0,51.0,117.0,25.0,4.0,16.0,54.0,3.0,1.0,22.0,101.0,0.244,0.281,0.413,0.694,91.0,0.31,92.0,198.0,11.0,5.0,0.0,5.0,3.0,*5/H,
Evan Marshall,28.0,CLE,AL,0.0,1.0,0.0,0.0,0.0,0.0,0.0,0.0,0.0,0.0,0.0,0.0,0.0,0.0,,,,,,,,0.0,0.0,0.0,0.0,0.0,0.0,1,
Evan Phillips,23.0,ATL,NL,0.0,3.0,0.0,0.0,0.0,0.0,0.0,0.0,0.0,0.0,0.0,0.0,0.0,0.0,,,,,,,,0.0,0.0,0.0,0.0,0.0,0.0,/1,
Felipe Vázquez*,26.0,PIT,NL,0.0,64.0,1.0,1.0,0.0,0.0,0.0,0.0,0.0,0.0,0.0,0.0,0.0,1.0,0.0,0.0,0.0,0.0,-100.0,0.0,-136.0,0.0,0.0,0.0,0.0,0.0,0.0,1,AS
Fernando Rodney,41.0,MIN,AL,0.0,4.0,0.0,0.0,0.0,0.0,0.0,0.0,0.0,0.0,0.0,0.0,0.0,0.0,,,,,,,,0.0,0.0,0.0,0.0,0.0,0.0,1,
Fernando Romero,23.0,MIN,AL,0.0,1.0,3.0,3.0,0.0,0.0,0.0,0.0,0.0,0.0,0.0,0.0,0.0,3.0,0.0,0.0,0.0,0.0,-100.0,0.0,-134.0,0.0,0.0,0.0,0.0,0.0,0.0,1,
Fernando Salas,33.0,ARI,NL,0.0,39.0,1.0,1.0,0.0,0.0,0.0,0.0,0.0,0.0,0.0,0.0,0.0,0.0,0.0,0.0,0.0,0.0,-100.0,0.0,-145.0,0.0,0.0,0.0,0.0,0.0,0.0,1,
Franchy Cordero*,23.0,SDP,NL,0.0,40.0,154.0,139.0,19.0,33.0,5.0,1.0,7.0,19.0,5.0,2.0,14.0,55.0,0.237,0.307,0.439,0.746,105.0,0.344,116.0,61.0,1.0,0.0,1.0,0.0,0.0,78/9H,
Francisco Arcia*,28.0,LAA,AL,0.0,40.0,106.0,103.0,10.0,21.0,5.0,0.0,6.0,23.0,1.0,0.0,1.0,27.0,0.204,0.226,0.427,0.654,75.0,0.277,67.0,44.0,4.0,2.0,0.0,0.0,0.0,2/H13D,
Francisco Cervelli,32.0,PIT,NL,2.8,104.0,404.0,332.0,39.0,86.0,15.0,3.0,12.0,57.0,2.0,3.0,51.0,84.0,0.259,0.378,0.431,0.809,123.0,0.359,127.0,143.0,7.0,15.0,2.0,4.0,1.0,2/3HD,
Francisco Lindor#,24.0,CLE,AL,7.3,158.0,745.0,661.0,129.0,183.0,42.0,2.0,38.0,92.0,25.0,10.0,70.0,107.0,0.277,0.352,0.519,0.871,132.0,0.375,133.0,343.0,5.0,8.0,3.0,3.0,7.0,*6/D,"AS,MVP-6,SS"
Francisco Liriano*,34.0,DET,AL,0.0,1.0,2.0,1.0,0.0,0.0,0.0,0.0,0.0,0.0,0.0,0.0,0.0,0.0,0.0,0.0,0.0,0.0,-100.0,0.0,-358.0,0.0,0.0,0.0,1.0,0.0,0.0,1,
Francisco Mejia#,22.0,2TM,2LG,-0.1,21.0,62.0,56.0,6.0,10.0,2.0,0.0,3.0,8.0,0.0,0.0,5.0,19.0,0.179,0.258,0.375,0.633,74.0,0.277,68.0,21.0,2.0,1.0,0.0,0.0,0.0,2/HD,
Francisco Mejia#,22.0,CLE,AL,0.0,1.0,4.0,2.0,0.0,0.0,0.0,0.0,0.0,0.0,0.0,0.0,2.0,0.0,0.0,0.5,0.0,0.5,55.0,0.347,113.0,0.0,0.0,0.0,0.0,0.0,0.0,/D,
Francisco Mejia#,22.0,SDP,NL,-0.1,20.0,58.0,54.0,6.0,10.0,2.0,0.0,3.0,8.0,0.0,0.0,3.0,19.0,0.185,0.241,0.389,0.63,72.0,0.272,65.0,21.0,2.0,1.0,0.0,0.0,0.0,2/HD,
Francisco Peña,28.0,STL,NL,-1.1,58.0,142.0,133.0,10.0,27.0,3.0,0.0,2.0,8.0,1.0,0.0,6.0,43.0,0.203,0.239,0.271,0.51,40.0,0.224,22.0,36.0,5.0,1.0,0.0,2.0,3.0,2/H3,
Frankie Montas,25.0,OAK,AL,-0.1,2.0,5.0,5.0,0.0,0.0,0.0,0.0,0.0,0.0,0.0,0.0,0.0,5.0,0.0,0.0,0.0,0.0,-100.0,0.0,-131.0,0.0,0.0,0.0,0.0,0.0,0.0,1,
Franklin Barreto,22.0,OAK,AL,0.0,32.0,75.0,73.0,10.0,17.0,4.0,0.0,5.0,16.0,0.0,0.0,1.0,29.0,0.233,0.253,0.493,0.746,100.0,0.308,91.0,36.0,3.0,1.0,0.0,0.0,0.0,4/H6D,
Franmil Reyes,22.0,SDP,NL,1.6,87.0,285.0,261.0,36.0,73.0,9.0,0.0,16.0,31.0,0.0,0.0,24.0,80.0,0.28,0.34,0.498,0.838,131.0,0.373,139.0,130.0,5.0,0.0,0.0,0.0,0.0,9H,
Freddie Freeman*,28.0,ATL,NL,5.5,162.0,707.0,618.0,94.0,191.0,44.0,4.0,23.0,98.0,10.0,3.0,76.0,132.0,0.309,0.388,0.505,0.892,139.0,0.392,144.0,312.0,11.0,7.0,0.0,6.0,12.0,*3/H,"AS,MVP-4,GG"
Freddy Galvis#,28.0,SDP,NL,1.7,162.0,656.0,602.0,62.0,149.0,31.0,5.0,13.0,67.0,8.0,6.0,45.0,147.0,0.248,0.299,0.38,0.68,88.0,0.301,88.0,229.0,8.0,2.0,1.0,6.0,2.0,*6/4,
Freddy Peralta,22.0,MIL,NL,-0.3,15.0,27.0,26.0,0.0,1.0,0.0,0.0,0.0,1.0,0.0,0.0,0.0,13.0,0.038,0.038,0.038,0.077,-79.0,0.035,-127.0,1.0,0.0,0.0,1.0,0.0,0.0,1,
Félix Hernández,32.0,SEA,AL,-0.1,2.0,4.0,4.0,0.0,0.0,0.0,0.0,0.0,0.0,0.0,0.0,0.0,0.0,0.0,0.0,0.0,0.0,-100.0,0.0,-126.0,0.0,2.0,0.0,0.0,0.0,0.0,1,
Félix Peña,28.0,LAA,AL,-0.1,3.0,6.0,6.0,0.0,0.0,0.0,0.0,0.0,0.0,0.0,0.0,0.0,1.0,0.0,0.0,0.0,0.0,-100.0,0.0,-131.0,0.0,0.0,0.0,0.0,0.0,0.0,1,
Gabriel Guerrero,24.0,CIN,NL,-0.1,14.0,18.0,18.0,1.0,3.0,0.0,0.0,1.0,1.0,0.0,0.0,0.0,8.0,0.167,0.167,0.333,0.5,30.0,0.214,13.0,6.0,0.0,0.0,0.0,0.0,0.0,H/89,
Gabriel Moya*,23.0,MIN,AL,0.0,1.0,0.0,0.0,0.0,0.0,0.0,0.0,0.0,0.0,0.0,0.0,0.0,0.0,,,,,,,,0.0,0.0,0.0,0.0,0.0,0.0,1,
Garrett Cooper,27.0,MIA,NL,0.2,14.0,38.0,33.0,2.0,7.0,1.0,0.0,0.0,2.0,0.0,0.0,4.0,12.0,0.212,0.316,0.242,0.558,59.0,0.291,78.0,8.0,1.0,1.0,0.0,0.0,0.0,/73H9,
Garrett Hampson,23.0,COL,NL,0.1,24.0,48.0,40.0,3.0,11.0,3.0,1.0,0.0,4.0,2.0,0.0,7.0,12.0,0.275,0.396,0.4,0.796,103.0,0.365,103.0,16.0,0.0,1.0,0.0,0.0,0.0,H/648,
Gary Sánchez,25.0,NYY,AL,1.2,89.0,374.0,323.0,51.0,60.0,17.0,0.0,18.0,53.0,1.0,0.0,46.0,94.0,0.186,0.291,0.406,0.697,89.0,0.308,88.0,131.0,10.0,3.0,0.0,2.0,0.0,2D/H,
George Kontos,33.0,2TM,2LG,0.0,20.0,0.0,0.0,0.0,0.0,0.0,0.0,0.0,0.0,0.0,0.0,0.0,0.0,,,,,,,,0.0,0.0,0.0,0.0,0.0,0.0,1,
George Kontos,33.0,PIT,NL,0.0,18.0,0.0,0.0,0.0,0.0,0.0,0.0,0.0,0.0,0.0,0.0,0.0,0.0,,,,,,,,0.0,0.0,0.0,0.0,0.0,0.0,1,
George Kontos,33.0,CLE,AL,0.0,2.0,0.0,0.0,0.0,0.0,0.0,0.0,0.0,0.0,0.0,0.0,0.0,0.0,,,,,,,,0.0,0.0,0.0,0.0,0.0,0.0,/1,
George Springer,28.0,HOU,AL,2.8,140.0,620.0,544.0,102.0,144.0,26.0,0.0,22.0,71.0,6.0,4.0,64.0,122.0,0.265,0.346,0.434,0.78,114.0,0.343,115.0,236.0,12.0,5.0,0.0,3.0,0.0,*89D/H7,AS
Gerardo Parra*,31.0,COL,NL,0.4,142.0,443.0,401.0,52.0,114.0,17.0,0.0,6.0,53.0,11.0,4.0,32.0,75.0,0.284,0.342,0.372,0.714,82.0,0.325,80.0,149.0,6.0,5.0,2.0,3.0,3.0,*7H9,
Germán Márquez,23.0,COL,NL,0.7,31.0,65.0,60.0,4.0,18.0,0.0,0.0,1.0,5.0,0.0,0.0,0.0,11.0,0.3,0.3,0.35,0.65,65.0,0.283,47.0,21.0,1.0,0.0,5.0,0.0,0.0,1,SS
Gerrit Cole,27.0,HOU,AL,-0.1,3.0,9.0,9.0,0.0,0.0,0.0,0.0,0.0,0.0,0.0,0.0,0.0,8.0,0.0,0.0,0.0,0.0,-100.0,0.0,-132.0,0.0,0.0,0.0,0.0,0.0,0.0,1,"AS,CYA-5"
Gerson Bautista,23.0,NYM,NL,0.0,5.0,0.0,0.0,0.0,0.0,0.0,0.0,0.0,0.0,0.0,0.0,0.0,0.0,,,,,,,,0.0,0.0,0.0,0.0,0.0,0.0,/1,
Giancarlo Stanton,28.0,NYY,AL,4.4,158.0,705.0,617.0,102.0,164.0,34.0,1.0,38.0,100.0,5.0,0.0,70.0,211.0,0.266,0.343,0.509,0.852,130.0,0.363,127.0,314.0,17.0,8.0,0.0,10.0,5.0,D97/H,MVP-19
Gift Ngoepe,28.0,TOR,AL,-0.3,13.0,19.0,18.0,2.0,1.0,0.0,0.0,0.0,0.0,0.0,0.0,1.0,12.0,0.056,0.105,0.056,0.161,-53.0,0.084,-71.0,1.0,0.0,0.0,0.0,0.0,0.0,/64H5D,
Gio González,32.0,2TM,NL,-0.3,29.0,55.0,51.0,3.0,4.0,1.0,0.0,0.0,1.0,0.0,0.0,1.0,31.0,0.078,0.096,0.098,0.194,-48.0,0.089,-93.0,5.0,0.0,0.0,3.0,0.0,0.0,1,
Gio González,32.0,WSN,NL,-0.4,24.0,47.0,44.0,1.0,3.0,1.0,0.0,0.0,0.0,0.0,0.0,0.0,27.0,0.068,0.068,0.091,0.159,-58.0,0.069,-110.0,4.0,0.0,0.0,3.0,0.0,0.0,1,
Gio González,32.0,MIL,NL,0.0,5.0,8.0,7.0,2.0,1.0,0.0,0.0,0.0,1.0,0.0,0.0,1.0,4.0,0.143,0.25,0.143,0.393,10.0,0.199,2.0,1.0,0.0,0.0,0.0,0.0,0.0,/1,
Gio Urshela,26.0,TOR,AL,-0.3,19.0,46.0,43.0,7.0,10.0,1.0,0.0,1.0,3.0,0.0,0.0,2.0,10.0,0.233,0.283,0.326,0.608,68.0,0.263,58.0,14.0,1.0,1.0,0.0,0.0,0.0,5/6HD,
Giovanny Gallegos,26.0,2TM,2LG,0.0,3.0,1.0,1.0,0.0,0.0,0.0,0.0,0.0,0.0,0.0,0.0,0.0,0.0,0.0,0.0,0.0,0.0,-100.0,0.0,-125.0,0.0,0.0,0.0,0.0,0.0,0.0,/1,
Giovanny Gallegos,26.0,NYY,AL,0.0,1.0,1.0,1.0,0.0,0.0,0.0,0.0,0.0,0.0,0.0,0.0,0.0,0.0,0.0,0.0,0.0,0.0,-100.0,0.0,-125.0,0.0,0.0,0.0,0.0,0.0,0.0,/1,
Giovanny Gallegos,26.0,STL,NL,0.0,2.0,0.0,0.0,0.0,0.0,0.0,0.0,0.0,0.0,0.0,0.0,0.0,0.0,,,,,,,,0.0,0.0,0.0,0.0,0.0,0.0,/1,
Gleyber Torres,21.0,NYY,AL,3.4,123.0,484.0,431.0,54.0,117.0,16.0,1.0,24.0,77.0,6.0,2.0,42.0,122.0,0.271,0.34,0.48,0.82,122.0,0.353,120.0,207.0,8.0,5.0,1.0,5.0,3.0,*46/H,"AS,ROY-3"
Gordon Beckham,31.0,SEA,AL,0.5,22.0,50.0,44.0,3.0,8.0,1.0,0.0,0.0,1.0,1.0,0.0,4.0,11.0,0.182,0.25,0.205,0.455,31.0,0.236,37.0,9.0,1.0,0.0,2.0,0.0,0.0,4/5H6D,
Gorkys Hernández,30.0,SFG,NL,0.2,142.0,451.0,414.0,52.0,97.0,16.0,2.0,15.0,40.0,8.0,5.0,27.0,113.0,0.234,0.285,0.391,0.676,87.0,0.301,87.0,162.0,14.0,4.0,2.0,4.0,1.0,*87H/9D,
Grayson Greiner,25.0,DET,AL,0.0,30.0,116.0,96.0,9.0,21.0,6.0,0.0,0.0,12.0,0.0,1.0,17.0,32.0,0.219,0.328,0.281,0.609,68.0,0.284,71.0,27.0,0.0,0.0,0.0,3.0,0.0,2,
Greg Allen#,25.0,CLE,AL,0.3,91.0,291.0,265.0,36.0,68.0,11.0,3.0,2.0,20.0,21.0,4.0,14.0,58.0,0.257,0.31,0.343,0.654,77.0,0.307,77.0,91.0,5.0,7.0,4.0,1.0,1.0,89H/7D,
Greg Bird*,25.0,NYY,AL,0.1,82.0,311.0,272.0,23.0,54.0,16.0,1.0,11.0,38.0,0.0,0.0,30.0,78.0,0.199,0.286,0.386,0.672,82.0,0.289,74.0,105.0,4.0,5.0,0.0,4.0,1.0,3/HD,
Greg Garcia*,28.0,STL,NL,0.0,114.0,208.0,181.0,15.0,40.0,6.0,0.0,3.0,15.0,3.0,1.0,20.0,37.0,0.221,0.309,0.304,0.613,70.0,0.282,66.0,55.0,3.0,4.0,1.0,2.0,1.0,H465/1,
Greg Holland,32.0,2TM,NL,0.0,54.0,0.0,0.0,0.0,0.0,0.0,0.0,0.0,0.0,0.0,0.0,0.0,0.0,,,,,,,,0.0,0.0,0.0,0.0,0.0,0.0,1,
Greg Holland,32.0,STL,NL,0.0,30.0,0.0,0.0,0.0,0.0,0.0,0.0,0.0,0.0,0.0,0.0,0.0,0.0,,,,,,,,0.0,0.0,0.0,0.0,0.0,0.0,1,
Greg Holland,32.0,WSN,NL,0.0,24.0,0.0,0.0,0.0,0.0,0.0,0.0,0.0,0.0,0.0,0.0,0.0,0.0,,,,,,,,0.0,0.0,0.0,0.0,0.0,0.0,1,
Gregorio Petit,33.0,MIN,AL,-0.1,26.0,67.0,61.0,7.0,15.0,2.0,0.0,0.0,3.0,3.0,1.0,6.0,14.0,0.246,0.313,0.279,0.592,65.0,0.27,58.0,17.0,0.0,0.0,0.0,0.0,0.0,4/65H3D,
Gregory Polanco*,26.0,PIT,NL,2.2,130.0,535.0,461.0,75.0,117.0,32.0,6.0,23.0,81.0,12.0,2.0,61.0,117.0,0.254,0.34,0.499,0.839,128.0,0.36,123.0,230.0,11.0,3.0,0.0,7.0,5.0,*9/H,
Grégor Blanco*,34.0,SFG,NL,-0.8,68.0,203.0,189.0,19.0,41.0,7.0,3.0,2.0,12.0,6.0,2.0,12.0,58.0,0.217,0.262,0.317,0.58,61.0,0.262,56.0,60.0,2.0,0.0,1.0,1.0,0.0,78H9,
Guillermo Heredia,27.0,SEA,AL,0.5,125.0,337.0,292.0,29.0,69.0,14.0,1.0,5.0,19.0,2.0,4.0,32.0,52.0,0.236,0.318,0.342,0.661,87.0,0.3,92.0,100.0,4.0,4.0,7.0,2.0,0.0,*87H/9D,
Hanley Ramírez,34.0,BOS,AL,0.1,44.0,195.0,177.0,25.0,45.0,7.0,0.0,6.0,29.0,4.0,1.0,14.0,35.0,0.254,0.313,0.395,0.708,90.0,0.328,97.0,70.0,9.0,2.0,0.0,2.0,0.0,3D,
Hansel Robles,27.0,2TM,2LG,0.0,19.0,1.0,1.0,0.0,0.0,0.0,0.0,0.0,0.0,0.0,0.0,0.0,1.0,0.0,0.0,0.0,0.0,-100.0,0.0,-136.0,0.0,0.0,0.0,0.0,0.0,0.0,1,
Hansel Robles,27.0,NYM,NL,0.0,16.0,1.0,1.0,0.0,0.0,0.0,0.0,0.0,0.0,0.0,0.0,0.0,1.0,0.0,0.0,0.0,0.0,-100.0,0.0,-136.0,0.0,0.0,0.0,0.0,0.0,0.0,1,
Hansel Robles,27.0,LAA,AL,0.0,3.0,0.0,0.0,0.0,0.0,0.0,0.0,0.0,0.0,0.0,0.0,0.0,0.0,,,,,,,,0.0,0.0,0.0,0.0,0.0,0.0,1,
Hanser Alberto,25.0,TEX,AL,-0.3,13.0,30.0,27.0,0.0,5.0,2.0,0.0,0.0,0.0,0.0,1.0,2.0,4.0,0.185,0.241,0.259,0.501,33.0,0.205,15.0,7.0,0.0,0.0,1.0,0.0,0.0,/645H,
Harold Castro*,24.0,DET,AL,0.0,6.0,10.0,10.0,2.0,3.0,0.0,0.0,0.0,0.0,1.0,0.0,0.0,2.0,0.3,0.3,0.3,0.6,64.0,0.292,57.0,3.0,0.0,0.0,0.0,0.0,0.0,/64H,
Harrison Bader,24.0,STL,NL,3.2,138.0,427.0,379.0,61.0,100.0,20.0,2.0,12.0,37.0,15.0,3.0,31.0,125.0,0.264,0.334,0.422,0.756,106.0,0.338,105.0,160.0,1.0,11.0,2.0,4.0,3.0,*89H/7,ROY-6
Harrison Musgrave*,26.0,COL,NL,0.0,32.0,3.0,3.0,0.0,0.0,0.0,0.0,0.0,0.0,0.0,0.0,0.0,1.0,0.0,0.0,0.0,0.0,-100.0,0.0,-158.0,0.0,0.0,0.0,0.0,0.0,0.0,1,
Heath Fillmyer,24.0,KCR,AL,0.1,2.0,5.0,4.0,0.0,1.0,1.0,0.0,0.0,1.0,0.0,0.0,0.0,3.0,0.25,0.25,0.5,0.75,98.0,0.309,87.0,2.0,0.0,0.0,1.0,0.0,0.0,1,
Heath Hembree,29.0,BOS,AL,0.0,6.0,1.0,1.0,0.0,0.0,0.0,0.0,0.0,0.0,0.0,0.0,0.0,1.0,0.0,0.0,0.0,0.0,-100.0,0.0,-133.0,0.0,0.0,0.0,0.0,0.0,0.0,1,
Hector Velázquez,29.0,BOS,AL,0.0,3.0,1.0,1.0,0.0,0.0,0.0,0.0,0.0,0.0,0.0,0.0,0.0,0.0,0.0,0.0,0.0,0.0,-100.0,0.0,-133.0,0.0,0.0,0.0,0.0,0.0,0.0,1,
Hernán Pérez,27.0,MIL,NL,1.6,132.0,334.0,316.0,36.0,80.0,11.0,2.0,9.0,29.0,11.0,3.0,17.0,71.0,0.253,0.29,0.386,0.676,80.0,0.317,86.0,122.0,6.0,0.0,0.0,1.0,1.0,4H9567/318D,
Hoby Milner*,27.0,PHI,NL,0.0,9.0,0.0,0.0,0.0,0.0,0.0,0.0,0.0,0.0,0.0,0.0,0.0,0.0,,,,,,,,0.0,0.0,0.0,0.0,0.0,0.0,1,
Homer Bailey,32.0,CIN,NL,-0.1,19.0,34.0,26.0,0.0,3.0,0.0,0.0,0.0,0.0,0.0,0.0,1.0,13.0,0.115,0.148,0.115,0.264,-28.0,0.118,-97.0,3.0,0.0,0.0,7.0,0.0,0.0,1,
Howie Kendrick,34.0,WSN,NL,0.3,40.0,160.0,152.0,17.0,46.0,14.0,0.0,4.0,12.0,1.0,1.0,5.0,29.0,0.303,0.331,0.474,0.805,110.0,0.347,108.0,72.0,6.0,2.0,0.0,1.0,1.0,4/7H3,
Hunter Dozier,26.0,KCR,AL,-2.1,102.0,388.0,362.0,36.0,83.0,19.0,4.0,11.0,34.0,2.0,3.0,24.0,109.0,0.229,0.278,0.395,0.673,82.0,0.29,77.0,143.0,12.0,1.0,0.0,1.0,0.0,35/DH9,
Hunter Pence,35.0,SFG,NL,-1.0,97.0,248.0,235.0,19.0,53.0,11.0,1.0,4.0,24.0,5.0,1.0,11.0,59.0,0.226,0.258,0.332,0.59,64.0,0.279,68.0,78.0,1.0,0.0,0.0,2.0,1.0,7H9/D,
Hunter Renfroe,26.0,SDP,NL,2.4,117.0,441.0,403.0,53.0,100.0,23.0,1.0,26.0,68.0,2.0,1.0,30.0,109.0,0.248,0.302,0.504,0.805,120.0,0.353,125.0,203.0,9.0,3.0,0.0,5.0,2.0,79H/D,
Hunter Strickland,29.0,SFG,NL,0.0,48.0,0.0,0.0,0.0,0.0,0.0,0.0,0.0,0.0,0.0,0.0,0.0,0.0,,,,,,,,0.0,0.0,0.0,0.0,0.0,0.0,1,
Hunter Wood,24.0,TBR,AL,0.0,4.0,0.0,0.0,0.0,0.0,0.0,0.0,0.0,0.0,0.0,0.0,0.0,0.0,,,,,,,,0.0,0.0,0.0,0.0,0.0,0.0,1/HD,
Hyun Jin Ryu,31.0,LAD,NL,0.3,16.0,30.0,26.0,4.0,7.0,1.0,0.0,0.0,2.0,0.0,0.0,2.0,13.0,0.269,0.321,0.308,0.629,74.0,0.287,68.0,8.0,0.0,0.0,2.0,0.0,0.0,1/H,
Héctor Neris,29.0,PHI,NL,0.0,49.0,1.0,1.0,0.0,0.0,0.0,0.0,0.0,0.0,0.0,0.0,0.0,1.0,0.0,0.0,0.0,0.0,-100.0,0.0,-145.0,0.0,0.0,0.0,0.0,0.0,0.0,1,
Héctor Rondón,30.0,HOU,AL,0.0,7.0,0.0,0.0,0.0,0.0,0.0,0.0,0.0,0.0,0.0,0.0,0.0,0.0,,,,,,,,0.0,0.0,0.0,0.0,0.0,0.0,1,
Héctor Santiago,30.0,CHW,AL,-0.1,5.0,4.0,4.0,0.0,0.0,0.0,0.0,0.0,0.0,0.0,0.0,0.0,2.0,0.0,0.0,0.0,0.0,-100.0,0.0,-130.0,0.0,1.0,0.0,0.0,0.0,0.0,1,
Ian Desmond,32.0,COL,NL,-0.3,160.0,619.0,555.0,82.0,131.0,21.0,8.0,22.0,88.0,20.0,6.0,53.0,146.0,0.236,0.307,0.422,0.729,83.0,0.337,88.0,234.0,17.0,6.0,1.0,4.0,0.0,*37H/68D,
Ian Happ#,23.0,CHC,NL,0.8,142.0,462.0,387.0,56.0,90.0,19.0,2.0,15.0,44.0,8.0,4.0,70.0,167.0,0.233,0.353,0.408,0.761,102.0,0.342,105.0,158.0,6.0,3.0,0.0,2.0,9.0,*87H95/341,
Ian Kennedy,33.0,KCR,AL,0.1,1.0,2.0,2.0,0.0,1.0,0.0,0.0,0.0,0.0,0.0,0.0,0.0,0.0,0.5,0.5,0.5,1.0,177.0,0.447,191.0,1.0,0.0,0.0,0.0,0.0,0.0,1,
Ian Kinsler,36.0,2TM,AL,2.0,128.0,534.0,487.0,66.0,117.0,26.0,0.0,14.0,48.0,16.0,7.0,40.0,64.0,0.24,0.301,0.38,0.681,86.0,0.304,86.0,185.0,15.0,4.0,0.0,3.0,0.0,*4/H,GG
Ian Kinsler,36.0,LAA,AL,2.3,91.0,391.0,355.0,49.0,85.0,20.0,0.0,13.0,32.0,9.0,4.0,30.0,40.0,0.239,0.304,0.406,0.71,94.0,0.317,96.0,144.0,10.0,4.0,0.0,2.0,0.0,4/H,
Ian Kinsler,36.0,BOS,AL,-0.3,37.0,143.0,132.0,17.0,32.0,6.0,0.0,1.0,16.0,7.0,3.0,10.0,24.0,0.242,0.294,0.311,0.604,64.0,0.271,57.0,41.0,5.0,0.0,0.0,1.0,0.0,4/H,
Ichiro Suzuki*,44.0,SEA,AL,-0.5,15.0,47.0,44.0,5.0,9.0,0.0,0.0,0.0,0.0,0.0,0.0,3.0,7.0,0.205,0.255,0.205,0.46,33.0,0.207,23.0,9.0,0.0,0.0,0.0,0.0,0.0,7/DH9,
Ildemaro Vargas#,26.0,ARI,NL,0.1,14.0,20.0,19.0,2.0,4.0,0.0,0.0,1.0,4.0,1.0,0.0,1.0,4.0,0.211,0.25,0.368,0.618,61.0,0.33,86.0,7.0,1.0,0.0,0.0,0.0,0.0,H/546,
Isaac Galloway,28.0,MIA,NL,0.6,43.0,74.0,64.0,7.0,13.0,3.0,0.0,3.0,7.0,1.0,1.0,9.0,21.0,0.203,0.301,0.391,0.692,91.0,0.3,87.0,25.0,0.0,0.0,1.0,0.0,0.0,7H98,
Isiah Kiner-Falefa,23.0,TEX,AL,1.9,111.0,396.0,356.0,43.0,93.0,18.0,2.0,4.0,34.0,7.0,5.0,28.0,62.0,0.261,0.325,0.357,0.682,80.0,0.304,78.0,127.0,14.0,6.0,5.0,1.0,1.0,524H/6D,
Iván Nova,31.0,PIT,NL,-0.6,27.0,56.0,53.0,1.0,1.0,0.0,0.0,0.0,0.0,0.0,0.0,0.0,30.0,0.019,0.019,0.019,0.038,-90.0,0.017,-138.0,1.0,1.0,0.0,3.0,0.0,0.0,1,
J.A. Happ*,35.0,TOR,AL,0.1,2.0,7.0,6.0,2.0,2.0,0.0,0.0,0.0,0.0,0.0,0.0,1.0,3.0,0.333,0.429,0.333,0.762,116.0,0.355,124.0,2.0,0.0,0.0,0.0,0.0,0.0,1,AS
J.B. Wendelken,25.0,OAK,AL,0.0,1.0,0.0,0.0,0.0,0.0,0.0,0.0,0.0,0.0,0.0,0.0,0.0,0.0,,,,,,,,0.0,0.0,0.0,0.0,0.0,0.0,1,
J.D. Davis,25.0,HOU,AL,-0.8,42.0,113.0,103.0,9.0,18.0,2.0,0.0,1.0,5.0,0.0,0.0,10.0,29.0,0.175,0.248,0.223,0.471,32.0,0.225,30.0,23.0,3.0,0.0,0.0,0.0,0.0,53/H71,
J.D. Martinez,30.0,BOS,AL,6.7,150.0,649.0,569.0,111.0,188.0,37.0,2.0,43.0,130.0,6.0,1.0,69.0,146.0,0.33,0.402,0.629,1.031,173.0,0.44,179.0,358.0,19.0,4.0,0.0,7.0,11.0,D79,"AS,MVP-4,SS,SS"
J.J. Hoover,30.0,MIL,NL,0.0,2.0,0.0,0.0,0.0,0.0,0.0,0.0,0.0,0.0,0.0,0.0,0.0,0.0,,,,,,,,0.0,0.0,0.0,0.0,0.0,0.0,/1,
J.P. Crawford*,23.0,PHI,NL,0.2,49.0,138.0,117.0,17.0,25.0,6.0,3.0,3.0,12.0,2.0,0.0,13.0,37.0,0.214,0.319,0.393,0.712,90.0,0.318,86.0,46.0,2.0,5.0,2.0,0.0,0.0,65H,
J.T. Realmuto,27.0,MIA,NL,4.4,125.0,531.0,477.0,74.0,132.0,30.0,3.0,21.0,74.0,3.0,2.0,38.0,104.0,0.277,0.34,0.484,0.825,126.0,0.361,129.0,231.0,9.0,10.0,0.0,4.0,0.0,*23/HD,"AS,SS"
Jabari Blash,28.0,LAA,AL,-0.8,24.0,45.0,39.0,4.0,4.0,1.0,0.0,0.0,1.0,2.0,1.0,5.0,24.0,0.103,0.2,0.128,0.328,-6.0,0.164,-13.0,5.0,0.0,0.0,0.0,1.0,0.0,9/7HD,
Jace Fry*,24.0,CHW,AL,0.0,3.0,0.0,0.0,0.0,0.0,0.0,0.0,0.0,0.0,0.0,0.0,0.0,0.0,,,,,,,,0.0,0.0,0.0,0.0,0.0,0.0,1,
Jace Peterson*,28.0,2TM,AL,-0.1,96.0,246.0,210.0,21.0,42.0,13.0,2.0,3.0,28.0,13.0,3.0,31.0,58.0,0.2,0.31,0.324,0.634,76.0,0.292,74.0,68.0,8.0,3.0,1.0,1.0,0.0,57H49/61D,
Jace Peterson*,28.0,NYY,AL,-0.1,3.0,11.0,10.0,0.0,3.0,0.0,0.0,0.0,0.0,0.0,1.0,1.0,3.0,0.3,0.364,0.3,0.664,86.0,0.253,81.0,3.0,0.0,0.0,0.0,0.0,0.0,/79,
Jace Peterson*,28.0,BAL,AL,-0.1,93.0,235.0,200.0,21.0,39.0,13.0,2.0,3.0,28.0,13.0,2.0,30.0,55.0,0.195,0.308,0.325,0.633,76.0,0.294,74.0,65.0,8.0,3.0,1.0,1.0,0.0,57H49/61D,
Jack Flaherty,22.0,STL,NL,0.0,28.0,52.0,46.0,2.0,7.0,0.0,0.0,0.0,0.0,0.0,0.0,2.0,20.0,0.152,0.188,0.152,0.34,-5.0,0.158,-33.0,7.0,0.0,0.0,4.0,0.0,0.0,1/H,ROY-5
Jack Reinheimer,25.0,NYM,NL,-0.3,21.0,35.0,30.0,4.0,5.0,0.0,0.0,0.0,0.0,1.0,1.0,5.0,9.0,0.167,0.286,0.167,0.452,32.0,0.218,32.0,5.0,1.0,0.0,0.0,0.0,0.0,H/7564,
Jackie Bradley Jr.*,28.0,BOS,AL,2.5,144.0,535.0,474.0,76.0,111.0,33.0,4.0,13.0,59.0,17.0,1.0,46.0,137.0,0.234,0.314,0.403,0.717,92.0,0.324,91.0,191.0,6.0,11.0,0.0,4.0,3.0,*89/HD,GG
Jackson Stephens,24.0,CIN,NL,0.0,28.0,3.0,2.0,0.0,0.0,0.0,0.0,0.0,0.0,0.0,0.0,1.0,1.0,0.0,0.333,0.0,0.333,1.0,0.231,24.0,0.0,0.0,0.0,0.0,0.0,0.0,1,
Jacob Barnes,28.0,MIL,NL,0.0,46.0,0.0,0.0,0.0,0.0,0.0,0.0,0.0,0.0,0.0,0.0,0.0,0.0,,,,,,,,0.0,0.0,0.0,0.0,0.0,0.0,1,
Jacob deGrom*,30.0,NYM,NL,0.5,30.0,74.0,67.0,1.0,11.0,1.0,0.0,0.0,5.0,0.0,0.0,4.0,25.0,0.164,0.211,0.179,0.39,11.0,0.193,5.0,12.0,1.0,0.0,3.0,0.0,0.0,1,"AS,CYA-1,MVP-5"
Jacob Nix,22.0,SDP,NL,-0.2,9.0,16.0,15.0,0.0,0.0,0.0,0.0,0.0,0.0,0.0,0.0,0.0,11.0,0.0,0.0,0.0,0.0,-100.0,0.0,-150.0,0.0,0.0,0.0,1.0,0.0,0.0,/1,
Jacob Nottingham,23.0,MIL,NL,0.3,9.0,24.0,20.0,2.0,4.0,1.0,0.0,0.0,0.0,0.0,0.0,4.0,8.0,0.2,0.333,0.25,0.583,61.0,0.276,59.0,5.0,0.0,0.0,0.0,0.0,0.0,/2H,
Jacob Rhame,25.0,NYM,NL,0.0,29.0,1.0,1.0,0.0,0.0,0.0,0.0,0.0,0.0,0.0,0.0,0.0,1.0,0.0,0.0,0.0,0.0,-100.0,0.0,-136.0,0.0,0.0,0.0,0.0,0.0,0.0,1,
Jacob Stallings,28.0,PIT,NL,0.0,14.0,41.0,37.0,2.0,8.0,0.0,0.0,0.0,5.0,0.0,0.0,3.0,9.0,0.216,0.268,0.216,0.485,36.0,0.248,44.0,8.0,2.0,0.0,0.0,1.0,0.0,2/H,
Jacob Turner,27.0,MIA,NL,0.0,4.0,0.0,0.0,0.0,0.0,0.0,0.0,0.0,0.0,0.0,0.0,0.0,0.0,,,,,,,,0.0,0.0,0.0,0.0,0.0,0.0,/1,
JaCoby Jones,26.0,DET,AL,1.7,129.0,467.0,429.0,54.0,89.0,22.0,6.0,11.0,34.0,13.0,5.0,24.0,142.0,0.207,0.266,0.364,0.63,69.0,0.282,66.0,156.0,9.0,11.0,1.0,2.0,0.0,*87H/D,
Jaime Barria,21.0,LAA,AL,-0.1,2.0,5.0,5.0,0.0,0.0,0.0,0.0,0.0,0.0,0.0,0.0,0.0,1.0,0.0,0.0,0.0,0.0,-100.0,0.0,-133.0,0.0,1.0,0.0,0.0,0.0,0.0,1,
Jaime García*,31.0,2TM,2LG,-0.1,9.0,4.0,4.0,0.0,0.0,0.0,0.0,0.0,0.0,0.0,0.0,0.0,4.0,0.0,0.0,0.0,0.0,-100.0,0.0,-130.0,0.0,0.0,0.0,0.0,0.0,0.0,1,
Jaime García*,31.0,TOR,AL,-0.1,2.0,4.0,4.0,0.0,0.0,0.0,0.0,0.0,0.0,0.0,0.0,0.0,4.0,0.0,0.0,0.0,0.0,-100.0,0.0,-130.0,0.0,0.0,0.0,0.0,0.0,0.0,1,
Jaime García*,31.0,CHC,NL,0.0,7.0,0.0,0.0,0.0,0.0,0.0,0.0,0.0,0.0,0.0,0.0,0.0,0.0,,,,,,,,0.0,0.0,0.0,0.0,0.0,0.0,/1,
Jake Arrieta,32.0,PHI,NL,0.1,28.0,50.0,45.0,3.0,6.0,0.0,0.0,1.0,3.0,0.0,0.0,3.0,27.0,0.133,0.188,0.2,0.388,4.0,0.18,-17.0,9.0,1.0,0.0,2.0,0.0,0.0,1,
Jake Barrett,26.0,ARI,NL,0.0,7.0,0.0,0.0,0.0,0.0,0.0,0.0,0.0,0.0,0.0,0.0,0.0,0.0,,,,,,,,0.0,0.0,0.0,0.0,0.0,0.0,/1,
Jake Bauers*,22.0,TBR,AL,0.5,96.0,388.0,323.0,48.0,65.0,22.0,2.0,11.0,48.0,6.0,6.0,54.0,104.0,0.201,0.316,0.384,0.7,94.0,0.305,92.0,124.0,3.0,3.0,2.0,6.0,0.0,37/DH9,
Jake Cave*,25.0,MIN,AL,1.5,91.0,309.0,283.0,54.0,75.0,16.0,2.0,13.0,45.0,2.0,1.0,18.0,102.0,0.265,0.313,0.473,0.786,111.0,0.342,112.0,134.0,2.0,3.0,2.0,3.0,2.0,89H/7D,
Jake Diekman,31.0,2TM,2LG,0.0,26.0,0.0,0.0,0.0,0.0,0.0,0.0,0.0,0.0,0.0,0.0,0.0,0.0,,,,,,,,0.0,0.0,0.0,0.0,0.0,0.0,1,
Jake Diekman,31.0,TEX,AL,0.0,2.0,0.0,0.0,0.0,0.0,0.0,0.0,0.0,0.0,0.0,0.0,0.0,0.0,,,,,,,,0.0,0.0,0.0,0.0,0.0,0.0,1,
Jake Diekman,31.0,ARI,NL,0.0,24.0,0.0,0.0,0.0,0.0,0.0,0.0,0.0,0.0,0.0,0.0,0.0,0.0,,,,,,,,0.0,0.0,0.0,0.0,0.0,0.0,1,
Jake Lamb*,27.0,ARI,NL,0.4,56.0,238.0,207.0,34.0,46.0,8.0,0.0,6.0,31.0,1.0,2.0,26.0,65.0,0.222,0.307,0.348,0.655,74.0,0.307,80.0,72.0,4.0,1.0,0.0,4.0,0.0,5/H,
Jake Marisnick,27.0,HOU,AL,1.8,103.0,235.0,213.0,34.0,45.0,8.0,1.0,10.0,28.0,6.0,2.0,15.0,84.0,0.211,0.275,0.399,0.674,83.0,0.295,79.0,85.0,6.0,4.0,1.0,1.0,1.0,8H/D79,
Jake McGee*,31.0,COL,NL,0.0,57.0,0.0,0.0,0.0,0.0,0.0,0.0,0.0,0.0,0.0,0.0,0.0,0.0,,,,,,,,0.0,0.0,0.0,0.0,0.0,0.0,1,
Jake Newberry,23.0,KCR,AL,0.0,3.0,0.0,0.0,0.0,0.0,0.0,0.0,0.0,0.0,0.0,0.0,0.0,0.0,,,,,,,,0.0,0.0,0.0,0.0,0.0,0.0,1,
Jake Odorizzi,28.0,MIN,AL,-0.1,4.0,8.0,6.0,0.0,0.0,0.0,0.0,0.0,0.0,0.0,0.0,0.0,2.0,0.0,0.0,0.0,0.0,-100.0,0.0,-213.0,0.0,0.0,0.0,2.0,0.0,0.0,1/H,
Jake Petricka,30.0,TOR,AL,0.0,2.0,1.0,1.0,0.0,0.0,0.0,0.0,0.0,0.0,0.0,0.0,0.0,1.0,0.0,0.0,0.0,0.0,-100.0,0.0,-125.0,0.0,0.0,0.0,0.0,0.0,0.0,1,
Jake Smolinski,29.0,OAK,AL,-0.3,19.0,41.0,39.0,2.0,5.0,1.0,1.0,0.0,2.0,1.0,0.0,1.0,10.0,0.128,0.171,0.205,0.376,4.0,0.167,-14.0,8.0,4.0,1.0,0.0,0.0,0.0,8/H17,
Jake Thompson,24.0,PHI,NL,0.0,9.0,2.0,2.0,0.0,0.0,0.0,0.0,0.0,0.0,0.0,0.0,0.0,2.0,0.0,0.0,0.0,0.0,-100.0,0.0,-145.0,0.0,0.0,0.0,0.0,0.0,0.0,/1,
Jakob Junis,25.0,KCR,AL,0.0,2.0,2.0,2.0,0.0,0.0,0.0,0.0,0.0,0.0,0.0,0.0,0.0,1.0,0.0,0.0,0.0,0.0,-100.0,0.0,-135.0,0.0,0.0,0.0,0.0,0.0,0.0,1,
Jalen Beeks*,24.0,TBR,AL,0.0,1.0,2.0,2.0,0.0,0.0,0.0,0.0,0.0,0.0,0.0,0.0,0.0,1.0,0.0,0.0,0.0,0.0,-100.0,0.0,-135.0,0.0,0.0,0.0,0.0,0.0,0.0,1,
James McCann,28.0,DET,AL,-0.7,118.0,457.0,427.0,31.0,94.0,16.0,0.0,8.0,39.0,0.0,3.0,26.0,116.0,0.22,0.267,0.314,0.581,57.0,0.262,55.0,134.0,9.0,2.0,0.0,2.0,0.0,*2/DH,
James Norwood,24.0,CHC,NL,-0.1,10.0,3.0,3.0,0.0,0.0,0.0,0.0,0.0,0.0,0.0,0.0,0.0,1.0,0.0,0.0,0.0,0.0,-100.0,0.0,-148.0,0.0,1.0,0.0,0.0,0.0,0.0,1,
James Pazos,27.0,SEA,AL,0.0,2.0,0.0,0.0,0.0,0.0,0.0,0.0,0.0,0.0,0.0,0.0,0.0,0.0,,,,,,,,0.0,0.0,0.0,0.0,0.0,0.0,1,
James Sherfy,26.0,ARI,NL,0.0,14.0,0.0,0.0,0.0,0.0,0.0,0.0,0.0,0.0,0.0,0.0,0.0,0.0,,,,,,,,0.0,0.0,0.0,0.0,0.0,0.0,1,
James Shields,36.0,CHW,AL,0.0,3.0,7.0,6.0,0.0,1.0,0.0,0.0,0.0,0.0,0.0,0.0,0.0,3.0,0.167,0.167,0.167,0.333,-7.0,0.149,-44.0,1.0,0.0,0.0,1.0,0.0,0.0,1,
Jameson Taillon,26.0,PIT,NL,-0.4,30.0,63.0,57.0,0.0,4.0,1.0,0.0,0.0,3.0,0.0,0.0,1.0,22.0,0.07,0.086,0.088,0.174,-52.0,0.08,-94.0,5.0,1.0,0.0,5.0,0.0,0.0,1,
Jared Hughes,32.0,CIN,NL,0.0,70.0,0.0,0.0,0.0,0.0,0.0,0.0,0.0,0.0,0.0,0.0,0.0,0.0,,,,,,,,0.0,0.0,0.0,0.0,0.0,0.0,1,
Jarlín García*,25.0,MIA,NL,-0.1,28.0,11.0,9.0,0.0,0.0,0.0,0.0,0.0,0.0,0.0,0.0,1.0,7.0,0.0,0.1,0.0,0.1,-69.0,0.069,-103.0,0.0,0.0,0.0,1.0,0.0,0.0,1,
Jarrod Dyson*,33.0,ARI,NL,0.1,67.0,237.0,206.0,29.0,39.0,4.0,2.0,2.0,12.0,16.0,3.0,27.0,34.0,0.189,0.282,0.257,0.539,45.0,0.259,34.0,53.0,3.0,0.0,3.0,1.0,2.0,89/H7,
Jarrod Saltalamacchia#,33.0,DET,AL,-0.3,5.0,8.0,7.0,0.0,0.0,0.0,0.0,0.0,0.0,0.0,0.0,1.0,4.0,0.0,0.125,0.0,0.125,-61.0,0.087,-72.0,0.0,0.0,0.0,0.0,0.0,0.0,/H23D,
Jason Adam,26.0,KCR,AL,0.0,1.0,0.0,0.0,0.0,0.0,0.0,0.0,0.0,0.0,0.0,0.0,0.0,0.0,,,,,,,,0.0,0.0,0.0,0.0,0.0,0.0,1,
Jason Castro*,31.0,MIN,AL,-0.1,19.0,74.0,63.0,4.0,9.0,3.0,0.0,1.0,3.0,0.0,0.0,9.0,26.0,0.143,0.257,0.238,0.495,37.0,0.243,40.0,15.0,2.0,1.0,0.0,1.0,0.0,2,
Jason Hammel,35.0,KCR,AL,0.0,2.0,3.0,3.0,0.0,0.0,0.0,0.0,0.0,0.0,0.0,0.0,0.0,2.0,0.0,0.0,0.0,0.0,-100.0,0.0,-134.0,0.0,0.0,0.0,0.0,0.0,0.0,1,
Jason Heyward*,28.0,CHC,NL,2.2,127.0,489.0,440.0,67.0,119.0,23.0,4.0,8.0,57.0,1.0,1.0,42.0,60.0,0.27,0.335,0.395,0.731,94.0,0.326,93.0,174.0,7.0,2.0,2.0,2.0,1.0,*98/H,
Jason Kipnis*,31.0,CLE,AL,1.2,147.0,601.0,530.0,65.0,122.0,28.0,1.0,18.0,75.0,7.0,1.0,60.0,112.0,0.23,0.315,0.389,0.704,90.0,0.317,91.0,206.0,5.0,7.0,1.0,3.0,1.0,*48/HD,
Jason Vargas*,35.0,NYM,NL,0.0,20.0,31.0,27.0,2.0,4.0,0.0,0.0,0.0,0.0,0.0,0.0,1.0,8.0,0.148,0.179,0.148,0.327,-7.0,0.153,-33.0,4.0,0.0,0.0,3.0,0.0,0.0,1/H,
Javier Báez,25.0,CHC,NL,6.8,160.0,645.0,606.0,101.0,176.0,40.0,9.0,34.0,111.0,21.0,9.0,29.0,167.0,0.29,0.326,0.554,0.881,129.0,0.385,136.0,336.0,10.0,5.0,1.0,4.0,8.0,465/H3,"AS,MVP-2,SS"
Javy Guerra,32.0,MIA,NL,0.0,30.0,0.0,0.0,0.0,0.0,0.0,0.0,0.0,0.0,0.0,0.0,0.0,0.0,,,,,,,,0.0,0.0,0.0,0.0,0.0,0.0,1,
Javy Guerra*,22.0,SDP,NL,-0.2,13.0,19.0,16.0,2.0,2.0,0.0,0.0,0.0,1.0,0.0,0.0,3.0,9.0,0.125,0.263,0.125,0.388,14.0,0.199,12.0,2.0,0.0,0.0,0.0,0.0,0.0,/6H5,
Jay Bruce*,31.0,NYM,NL,-0.8,94.0,361.0,319.0,31.0,71.0,18.0,1.0,9.0,37.0,2.0,3.0,41.0,75.0,0.223,0.31,0.37,0.68,90.0,0.296,85.0,118.0,3.0,0.0,0.0,1.0,4.0,93/HD,
JB Shuck*,31.0,MIA,NL,-1.2,70.0,142.0,130.0,10.0,25.0,3.0,1.0,0.0,4.0,2.0,2.0,10.0,22.0,0.192,0.255,0.231,0.486,37.0,0.24,42.0,30.0,1.0,1.0,1.0,0.0,1.0,H97/8,
Jean Segura,28.0,SEA,AL,3.5,144.0,632.0,586.0,91.0,178.0,29.0,3.0,10.0,63.0,20.0,11.0,32.0,69.0,0.304,0.341,0.415,0.755,112.0,0.333,114.0,243.0,17.0,4.0,4.0,6.0,2.0,*6,AS
Jed Lowrie#,34.0,OAK,AL,4.0,157.0,680.0,596.0,78.0,159.0,37.0,1.0,23.0,99.0,0.0,0.0,78.0,128.0,0.267,0.353,0.448,0.801,121.0,0.352,123.0,267.0,8.0,3.0,0.0,3.0,1.0,*45/HD,"AS,MVP-20"
Jedd Gyorko,29.0,STL,NL,0.8,125.0,402.0,351.0,49.0,92.0,19.0,1.0,11.0,47.0,2.0,0.0,44.0,77.0,0.262,0.346,0.416,0.762,108.0,0.335,106.0,146.0,12.0,3.0,0.0,4.0,0.0,5H4/361,
Jeff Brigham,26.0,MIA,NL,0.1,4.0,4.0,3.0,1.0,1.0,0.0,0.0,0.0,0.0,0.0,0.0,0.0,1.0,0.333,0.333,0.333,0.667,87.0,0.3,79.0,1.0,0.0,0.0,1.0,0.0,0.0,/1,
Jeff Hoffman,25.0,COL,NL,0.0,6.0,1.0,0.0,0.0,0.0,0.0,0.0,0.0,0.0,0.0,0.0,0.0,0.0,,,,,,,,0.0,0.0,0.0,1.0,0.0,0.0,/1,
Jeff Mathis,35.0,ARI,NL,0.7,69.0,218.0,195.0,15.0,39.0,9.0,1.0,1.0,20.0,0.0,0.0,20.0,66.0,0.2,0.272,0.272,0.544,45.0,0.255,39.0,53.0,7.0,0.0,1.0,2.0,1.0,2/H14,
Jeff McNeil*,26.0,NYM,NL,3.0,63.0,248.0,225.0,35.0,74.0,11.0,6.0,3.0,19.0,7.0,1.0,14.0,24.0,0.329,0.381,0.471,0.852,138.0,0.386,147.0,106.0,2.0,5.0,4.0,0.0,1.0,4/H5,ROY-6
Jeff Samardzija,33.0,SFG,NL,-0.1,8.0,11.0,10.0,0.0,1.0,0.0,0.0,0.0,0.0,0.0,0.0,0.0,6.0,0.1,0.1,0.1,0.2,-44.0,0.09,-85.0,1.0,0.0,0.0,1.0,0.0,0.0,1,
Jeffrey Springs*,25.0,TEX,AL,0.0,4.0,0.0,0.0,0.0,0.0,0.0,0.0,0.0,0.0,0.0,0.0,0.0,0.0,,,,,,,,0.0,0.0,0.0,0.0,0.0,0.0,1,
Jefry Marté,27.0,LAA,AL,-0.2,90.0,209.0,194.0,28.0,42.0,7.0,1.0,7.0,22.0,1.0,1.0,13.0,41.0,0.216,0.273,0.371,0.644,76.0,0.285,75.0,72.0,6.0,2.0,0.0,0.0,0.0,3H5/7D,
Jefry Rodríguez,24.0,WSN,NL,0.0,14.0,18.0,16.0,2.0,3.0,1.0,0.0,0.0,1.0,0.0,0.0,0.0,8.0,0.188,0.188,0.25,0.438,14.0,0.191,-21.0,4.0,0.0,0.0,2.0,0.0,0.0,1,
Jeimer Candelario#,24.0,DET,AL,1.1,144.0,619.0,539.0,78.0,121.0,28.0,3.0,19.0,54.0,3.0,2.0,66.0,160.0,0.224,0.317,0.393,0.71,91.0,0.316,91.0,212.0,4.0,9.0,0.0,5.0,1.0,*5/H,
Jen-Ho Tseng*,23.0,CHC,NL,0.0,1.0,0.0,0.0,0.0,0.0,0.0,0.0,0.0,0.0,0.0,0.0,0.0,0.0,,,,,,,,0.0,0.0,0.0,0.0,0.0,0.0,/1,
Jerad Eickhoff,27.0,PHI,NL,0.0,3.0,1.0,1.0,0.0,0.0,0.0,0.0,0.0,0.0,0.0,0.0,0.0,1.0,0.0,0.0,0.0,0.0,-100.0,0.0,-145.0,0.0,0.0,0.0,0.0,0.0,0.0,/1,
Jeremy Bleich*,31.0,OAK,AL,0.0,1.0,0.0,0.0,0.0,0.0,0.0,0.0,0.0,0.0,0.0,0.0,0.0,0.0,,,,,,,,0.0,0.0,0.0,0.0,0.0,0.0,/1,
Jeremy Hellickson,31.0,WSN,NL,-0.3,18.0,35.0,32.0,0.0,2.0,1.0,0.0,0.0,1.0,0.0,0.0,0.0,13.0,0.063,0.063,0.094,0.156,-59.0,0.067,-117.0,3.0,0.0,0.0,3.0,0.0,0.0,1,
Jeremy Jeffress,30.0,MIL,NL,0.0,68.0,0.0,0.0,0.0,0.0,0.0,0.0,0.0,0.0,0.0,0.0,0.0,0.0,,,,,,,,0.0,0.0,0.0,0.0,0.0,0.0,1,AS
Jerry Blevins*,34.0,NYM,NL,0.1,60.0,2.0,2.0,0.0,1.0,0.0,0.0,0.0,1.0,0.0,0.0,0.0,1.0,0.5,0.5,0.5,1.0,183.0,0.45,195.0,1.0,0.0,0.0,0.0,0.0,0.0,1,
Jerry Vasto*,26.0,COL,NL,0.0,1.0,0.0,0.0,0.0,0.0,0.0,0.0,0.0,0.0,0.0,0.0,0.0,0.0,,,,,,,,0.0,0.0,0.0,0.0,0.0,0.0,/1,
Jesmuel Valentín#,24.0,PHI,NL,-0.6,46.0,89.0,79.0,8.0,14.0,5.0,1.0,1.0,6.0,0.0,0.0,8.0,24.0,0.177,0.258,0.304,0.562,51.0,0.252,41.0,24.0,1.0,1.0,0.0,1.0,0.0,H5/46791,
Jesse Biddle*,26.0,ATL,NL,0.1,56.0,2.0,2.0,0.0,1.0,1.0,0.0,0.0,1.0,0.0,0.0,0.0,0.0,0.5,0.5,1.0,1.5,291.0,0.627,318.0,2.0,0.0,0.0,0.0,0.0,0.0,1,
Jesse Chavez,34.0,2TM,2LG,0.0,30.0,1.0,1.0,0.0,0.0,0.0,0.0,0.0,0.0,0.0,0.0,0.0,1.0,0.0,0.0,0.0,0.0,-100.0,0.0,-133.0,0.0,0.0,0.0,0.0,0.0,0.0,1,
Jesse Chavez,34.0,TEX,AL,0.0,1.0,1.0,1.0,0.0,0.0,0.0,0.0,0.0,0.0,0.0,0.0,0.0,1.0,0.0,0.0,0.0,0.0,-100.0,0.0,-133.0,0.0,0.0,0.0,0.0,0.0,0.0,1,
Jesse Chavez,34.0,CHC,NL,0.0,29.0,0.0,0.0,0.0,0.0,0.0,0.0,0.0,0.0,0.0,0.0,0.0,0.0,,,,,,,,0.0,0.0,0.0,0.0,0.0,0.0,1,
Jesse Winker*,24.0,CIN,NL,0.0,89.0,334.0,281.0,38.0,84.0,16.0,0.0,7.0,43.0,0.0,0.0,49.0,46.0,0.299,0.405,0.431,0.836,125.0,0.373,130.0,121.0,6.0,2.0,1.0,1.0,4.0,97H/D,
Jesús Aguilar,28.0,MIL,NL,3.3,149.0,566.0,492.0,80.0,135.0,25.0,0.0,35.0,108.0,0.0,0.0,58.0,143.0,0.274,0.352,0.539,0.89,135.0,0.377,133.0,265.0,19.0,6.0,0.0,10.0,3.0,*3H/5D,"AS,MVP-16"
Jesús Reyes,25.0,CIN,NL,0.0,5.0,0.0,0.0,0.0,0.0,0.0,0.0,0.0,0.0,0.0,0.0,0.0,0.0,,,,,,,,0.0,0.0,0.0,0.0,0.0,0.0,/1,
Jesús Sucre,30.0,TBR,AL,-0.3,73.0,198.0,182.0,9.0,38.0,5.0,0.0,1.0,17.0,1.0,0.0,9.0,29.0,0.209,0.247,0.253,0.5,40.0,0.225,29.0,46.0,4.0,1.0,4.0,2.0,2.0,2/1H,
Jett Bandy,28.0,MIL,NL,-0.3,24.0,71.0,64.0,5.0,12.0,2.0,0.0,1.0,1.0,0.0,0.0,3.0,23.0,0.188,0.268,0.266,0.533,44.0,0.248,38.0,17.0,0.0,4.0,0.0,0.0,0.0,2/H,
Jeurys Familia,28.0,NYM,NL,0.0,39.0,0.0,0.0,0.0,0.0,0.0,0.0,0.0,0.0,0.0,0.0,0.0,0.0,,,,,,,,0.0,0.0,0.0,0.0,0.0,0.0,1,
Jhoulys Chacín,30.0,MIL,NL,0.2,34.0,68.0,56.0,2.0,9.0,1.0,0.0,0.0,1.0,0.0,0.0,3.0,17.0,0.161,0.203,0.179,0.382,4.0,0.19,-20.0,10.0,0.0,0.0,9.0,0.0,0.0,1/H,
Jim Adduci*,33.0,DET,AL,-0.2,59.0,185.0,176.0,19.0,47.0,8.0,2.0,3.0,21.0,1.0,0.0,6.0,45.0,0.267,0.29,0.386,0.676,81.0,0.29,71.0,68.0,2.0,0.0,2.0,1.0,0.0,3H/D,
Jim Johnson,35.0,LAA,AL,0.0,2.0,0.0,0.0,0.0,0.0,0.0,0.0,0.0,0.0,0.0,0.0,0.0,0.0,,,,,,,,0.0,0.0,0.0,0.0,0.0,0.0,1,
Jiman Choi*,27.0,2TM,2LG,1.1,61.0,221.0,190.0,25.0,50.0,14.0,1.0,10.0,32.0,2.0,0.0,26.0,55.0,0.263,0.357,0.505,0.863,135.0,0.368,132.0,96.0,1.0,3.0,0.0,2.0,1.0,D/H37,
Jiman Choi*,27.0,MIL,NL,-0.1,12.0,32.0,30.0,4.0,7.0,2.0,0.0,2.0,5.0,0.0,0.0,2.0,14.0,0.233,0.281,0.5,0.781,104.0,0.319,90.0,15.0,1.0,0.0,0.0,0.0,1.0,/DH37,
Jiman Choi*,27.0,TBR,AL,1.1,49.0,189.0,160.0,21.0,43.0,12.0,1.0,8.0,27.0,2.0,0.0,24.0,41.0,0.269,0.37,0.506,0.877,141.0,0.376,138.0,81.0,0.0,3.0,0.0,2.0,0.0,D/H3,
Jimmy Cordero,26.0,WSN,NL,0.0,22.0,0.0,0.0,0.0,0.0,0.0,0.0,0.0,0.0,0.0,0.0,0.0,0.0,,,,,,,,0.0,0.0,0.0,0.0,0.0,0.0,1,
Joakim Soria,34.0,2TM,2LG,0.0,29.0,0.0,0.0,0.0,0.0,0.0,0.0,0.0,0.0,0.0,0.0,0.0,0.0,,,,,,,,0.0,0.0,0.0,0.0,0.0,0.0,1,
Joakim Soria,34.0,CHW,AL,0.0,3.0,0.0,0.0,0.0,0.0,0.0,0.0,0.0,0.0,0.0,0.0,0.0,0.0,,,,,,,,0.0,0.0,0.0,0.0,0.0,0.0,1,
Joakim Soria,34.0,MIL,NL,0.0,26.0,0.0,0.0,0.0,0.0,0.0,0.0,0.0,0.0,0.0,0.0,0.0,0.0,,,,,,,,0.0,0.0,0.0,0.0,0.0,0.0,1,
Joc Pederson*,26.0,LAD,NL,2.1,148.0,443.0,395.0,65.0,98.0,27.0,3.0,25.0,56.0,1.0,5.0,40.0,85.0,0.248,0.321,0.522,0.843,125.0,0.355,124.0,206.0,6.0,4.0,1.0,3.0,3.0,*7H8/9,
Joe Biagini,28.0,TOR,AL,0.0,3.0,0.0,0.0,0.0,0.0,0.0,0.0,0.0,0.0,0.0,0.0,0.0,0.0,,,,,,,,0.0,0.0,0.0,0.0,0.0,0.0,1,
Joe Hudson,27.0,LAA,AL,-0.1,8.0,12.0,12.0,0.0,2.0,1.0,0.0,0.0,1.0,0.0,0.0,0.0,0.0,0.167,0.167,0.25,0.417,13.0,0.178,-4.0,3.0,0.0,0.0,0.0,0.0,0.0,/2H,
Joe Jiménez,23.0,DET,AL,0.0,2.0,0.0,0.0,0.0,0.0,0.0,0.0,0.0,0.0,0.0,0.0,0.0,0.0,,,,,,,,0.0,0.0,0.0,0.0,0.0,0.0,1,AS
Joe Kelly,30.0,BOS,AL,0.0,6.0,0.0,0.0,0.0,0.0,0.0,0.0,0.0,0.0,0.0,0.0,0.0,0.0,,,,,,,,0.0,0.0,0.0,0.0,0.0,0.0,1,
Joe Mauer*,35.0,MIN,AL,1.4,127.0,543.0,486.0,64.0,137.0,27.0,1.0,6.0,48.0,0.0,1.0,51.0,86.0,0.282,0.351,0.379,0.729,100.0,0.322,98.0,184.0,9.0,2.0,1.0,3.0,5.0,3DH/9,
Joe Musgrove,25.0,PIT,NL,0.1,19.0,35.0,31.0,2.0,5.0,1.0,0.0,0.0,0.0,0.0,0.0,0.0,12.0,0.161,0.161,0.194,0.355,-3.0,0.183,-17.0,6.0,0.0,0.0,4.0,0.0,0.0,1/H,
Joe Panik*,27.0,SFG,NL,-0.2,102.0,392.0,358.0,38.0,91.0,14.0,1.0,4.0,24.0,4.0,2.0,26.0,30.0,0.254,0.307,0.332,0.639,79.0,0.287,76.0,119.0,10.0,3.0,1.0,4.0,3.0,4H/3,
Joe Ross,25.0,WSN,NL,-0.1,3.0,5.0,5.0,0.0,0.0,0.0,0.0,0.0,0.0,0.0,0.0,0.0,3.0,0.0,0.0,0.0,0.0,-100.0,0.0,-149.0,0.0,1.0,0.0,0.0,0.0,0.0,/1,
Joe Smith,34.0,HOU,AL,0.0,6.0,0.0,0.0,0.0,0.0,0.0,0.0,0.0,0.0,0.0,0.0,0.0,0.0,,,,,,,,0.0,0.0,0.0,0.0,0.0,0.0,1,
Joey Gallo*,24.0,TEX,AL,2.3,148.0,577.0,500.0,82.0,103.0,24.0,1.0,40.0,92.0,3.0,4.0,74.0,207.0,0.206,0.312,0.498,0.81,109.0,0.34,104.0,249.0,3.0,3.0,0.0,0.0,4.0,7398H/D,
Joey Krehbiel,25.0,ARI,NL,0.0,2.0,0.0,0.0,0.0,0.0,0.0,0.0,0.0,0.0,0.0,0.0,0.0,0.0,,,,,,,,0.0,0.0,0.0,0.0,0.0,0.0,/1,
Joey Lucchesi*,25.0,SDP,NL,0.0,24.0,39.0,34.0,2.0,2.0,0.0,0.0,0.0,1.0,0.0,0.0,4.0,21.0,0.059,0.154,0.059,0.213,-37.0,0.115,-50.0,2.0,0.0,0.0,0.0,1.0,0.0,1,
Joey Rickard,27.0,BAL,AL,0.5,79.0,230.0,213.0,27.0,52.0,10.0,1.0,8.0,23.0,4.0,2.0,15.0,55.0,0.244,0.3,0.413,0.713,95.0,0.306,89.0,88.0,3.0,2.0,0.0,0.0,0.0,97/8H,
Joey Votto*,34.0,CIN,NL,3.5,145.0,623.0,503.0,67.0,143.0,28.0,2.0,12.0,67.0,2.0,0.0,108.0,101.0,0.284,0.417,0.419,0.837,126.0,0.375,130.0,211.0,15.0,9.0,0.0,3.0,6.0,*3/HD,AS
Joey Wendle*,28.0,TBR,AL,4.7,139.0,545.0,487.0,62.0,146.0,33.0,6.0,7.0,61.0,16.0,4.0,37.0,96.0,0.3,0.354,0.435,0.789,118.0,0.348,118.0,212.0,11.0,9.0,2.0,10.0,4.0,457H6/9,ROY-4
Johan Camargo#,24.0,ATL,NL,3.3,134.0,524.0,464.0,63.0,126.0,27.0,1.0,19.0,76.0,1.0,1.0,51.0,108.0,0.272,0.349,0.457,0.806,115.0,0.357,119.0,212.0,13.0,6.0,0.0,3.0,4.0,*56/H4,
John Andreoli,28.0,2TM,AL,-0.1,26.0,67.0,61.0,4.0,14.0,2.0,0.0,0.0,4.0,2.0,0.0,5.0,19.0,0.23,0.284,0.262,0.546,53.0,0.261,52.0,16.0,1.0,0.0,0.0,1.0,0.0,7/9H8D,
John Andreoli,28.0,SEA,AL,0.2,3.0,6.0,5.0,0.0,1.0,0.0,0.0,0.0,0.0,0.0,0.0,1.0,2.0,0.2,0.333,0.2,0.533,57.0,0.265,64.0,1.0,0.0,0.0,0.0,0.0,0.0,/79DH,
John Andreoli,28.0,BAL,AL,-0.3,23.0,61.0,56.0,4.0,13.0,2.0,0.0,0.0,4.0,2.0,0.0,4.0,17.0,0.232,0.279,0.268,0.547,53.0,0.261,51.0,15.0,1.0,0.0,0.0,1.0,0.0,7/9H8D,
John Axford,35.0,2TM,2LG,0.0,6.0,0.0,0.0,0.0,0.0,0.0,0.0,0.0,0.0,0.0,0.0,0.0,0.0,,,,,,,,0.0,0.0,0.0,0.0,0.0,0.0,1,
John Axford,35.0,TOR,AL,0.0,1.0,0.0,0.0,0.0,0.0,0.0,0.0,0.0,0.0,0.0,0.0,0.0,0.0,,,,,,,,0.0,0.0,0.0,0.0,0.0,0.0,1,
John Axford,35.0,LAD,NL,0.0,5.0,0.0,0.0,0.0,0.0,0.0,0.0,0.0,0.0,0.0,0.0,0.0,0.0,,,,,,,,0.0,0.0,0.0,0.0,0.0,0.0,/1,
John Brebbia*,28.0,STL,NL,0.0,43.0,2.0,2.0,0.0,0.0,0.0,0.0,0.0,0.0,0.0,0.0,0.0,1.0,0.0,0.0,0.0,0.0,-100.0,0.0,-141.0,0.0,0.0,0.0,0.0,0.0,0.0,1,
John Gant,25.0,STL,NL,-0.1,27.0,34.0,31.0,2.0,2.0,0.0,0.0,2.0,3.0,0.0,0.0,0.0,14.0,0.065,0.065,0.258,0.323,-17.0,0.132,-56.0,8.0,0.0,0.0,3.0,0.0,0.0,1/H,
John Hicks,28.0,DET,AL,0.0,81.0,312.0,288.0,35.0,75.0,12.0,1.0,9.0,32.0,0.0,1.0,22.0,84.0,0.26,0.312,0.403,0.715,92.0,0.313,90.0,116.0,9.0,0.0,1.0,1.0,0.0,32/H,
John Ryan Murphy,27.0,ARI,NL,-0.4,87.0,223.0,208.0,19.0,42.0,9.0,0.0,9.0,24.0,0.0,0.0,11.0,71.0,0.202,0.244,0.375,0.619,61.0,0.273,53.0,78.0,1.0,1.0,2.0,1.0,1.0,2H/D,
Johnny Barbato,25.0,DET,AL,0.0,1.0,0.0,0.0,0.0,0.0,0.0,0.0,0.0,0.0,0.0,0.0,0.0,0.0,,,,,,,,0.0,0.0,0.0,0.0,0.0,0.0,/1,
Johnny Cueto,32.0,SFG,NL,-0.2,7.0,13.0,12.0,0.0,0.0,0.0,0.0,0.0,0.0,0.0,0.0,0.0,3.0,0.0,0.0,0.0,0.0,-100.0,0.0,-153.0,0.0,0.0,0.0,1.0,0.0,0.0,/1,
Johnny Field,26.0,2TM,AL,0.5,83.0,233.0,221.0,28.0,49.0,13.0,0.0,9.0,21.0,4.0,0.0,7.0,72.0,0.222,0.254,0.403,0.657,78.0,0.302,83.0,89.0,3.0,3.0,1.0,1.0,0.0,798H/D1,
Johnny Field,26.0,TBR,AL,0.5,62.0,179.0,169.0,20.0,36.0,9.0,0.0,6.0,14.0,4.0,0.0,7.0,58.0,0.213,0.253,0.373,0.626,71.0,0.294,77.0,63.0,3.0,2.0,1.0,0.0,0.0,978/HD1,
Johnny Field,26.0,MIN,AL,0.1,21.0,54.0,52.0,8.0,13.0,4.0,0.0,3.0,7.0,0.0,0.0,0.0,14.0,0.25,0.259,0.5,0.759,101.0,0.332,104.0,26.0,0.0,1.0,0.0,1.0,0.0,7/9H8D,
Jon Berti,28.0,TOR,AL,0.1,4.0,15.0,15.0,2.0,4.0,1.0,1.0,0.0,2.0,1.0,0.0,0.0,4.0,0.267,0.267,0.467,0.733,97.0,0.315,84.0,7.0,0.0,0.0,0.0,0.0,0.0,/4,
Jon Gray,26.0,COL,NL,-0.1,29.0,61.0,52.0,2.0,4.0,2.0,0.0,0.0,2.0,0.0,0.0,3.0,30.0,0.077,0.127,0.115,0.243,-38.0,0.133,-77.0,6.0,0.0,0.0,6.0,0.0,0.0,1,
Jon Jay*,33.0,2TM,2LG,0.5,143.0,586.0,527.0,74.0,141.0,19.0,7.0,3.0,40.0,4.0,3.0,33.0,95.0,0.268,0.33,0.347,0.678,83.0,0.308,85.0,183.0,11.0,18.0,5.0,3.0,0.0,*978H/D,
Jon Jay*,33.0,KCR,AL,0.7,59.0,266.0,238.0,28.0,73.0,9.0,2.0,1.0,18.0,3.0,2.0,19.0,39.0,0.307,0.363,0.374,0.737,104.0,0.329,105.0,89.0,4.0,3.0,4.0,2.0,0.0,78/9DH,
Jon Jay*,33.0,ARI,NL,-0.2,84.0,320.0,289.0,46.0,68.0,10.0,5.0,2.0,22.0,1.0,1.0,14.0,56.0,0.235,0.304,0.325,0.629,68.0,0.291,67.0,94.0,7.0,15.0,1.0,1.0,0.0,9H78,
Jon Lester*,34.0,CHC,NL,0.0,31.0,65.0,59.0,4.0,7.0,0.0,0.0,1.0,9.0,0.0,0.0,0.0,22.0,0.119,0.119,0.169,0.288,-24.0,0.157,-44.0,10.0,1.0,0.0,6.0,0.0,0.0,1/H,"AS,CYA-9"
Jonathan Davis,26.0,TOR,AL,-0.3,20.0,27.0,25.0,3.0,5.0,1.0,0.0,0.0,0.0,3.0,0.0,1.0,6.0,0.2,0.259,0.24,0.499,40.0,0.254,33.0,6.0,2.0,1.0,0.0,0.0,0.0,/87HD,
Jonathan Holder,25.0,NYY,AL,0.0,6.0,0.0,0.0,0.0,0.0,0.0,0.0,0.0,0.0,0.0,0.0,0.0,0.0,,,,,,,,0.0,0.0,0.0,0.0,0.0,0.0,1,
Jonathan Loáisiga,23.0,NYY,AL,0.0,1.0,2.0,2.0,0.0,0.0,0.0,0.0,0.0,0.0,0.0,0.0,0.0,2.0,0.0,0.0,0.0,0.0,-100.0,0.0,-135.0,0.0,0.0,0.0,0.0,0.0,0.0,/1,
Jonathan Lucroy,32.0,OAK,AL,-0.7,126.0,454.0,415.0,41.0,100.0,21.0,1.0,4.0,51.0,0.0,0.0,29.0,65.0,0.241,0.291,0.325,0.617,72.0,0.276,69.0,135.0,12.0,3.0,1.0,6.0,1.0,*2/HD,
Jonathan Schoop,26.0,2TM,2LG,2.1,131.0,501.0,473.0,61.0,110.0,22.0,1.0,21.0,61.0,1.0,1.0,19.0,115.0,0.233,0.266,0.416,0.682,84.0,0.295,79.0,197.0,11.0,4.0,1.0,4.0,2.0,*46H,
Jonathan Schoop,26.0,BAL,AL,2.4,85.0,367.0,349.0,45.0,85.0,18.0,1.0,17.0,40.0,0.0,1.0,12.0,74.0,0.244,0.273,0.447,0.72,95.0,0.309,92.0,156.0,8.0,3.0,1.0,2.0,1.0,4/6,
Jonathan Schoop,26.0,MIL,NL,-0.3,46.0,134.0,124.0,16.0,25.0,4.0,0.0,4.0,21.0,1.0,0.0,7.0,41.0,0.202,0.246,0.331,0.577,53.0,0.257,43.0,41.0,3.0,1.0,0.0,2.0,1.0,46H,
Jonathan Villar#,27.0,2TM,2LG,3.1,141.0,515.0,466.0,54.0,121.0,14.0,1.0,14.0,46.0,35.0,5.0,41.0,138.0,0.26,0.325,0.384,0.709,93.0,0.333,95.0,179.0,13.0,5.0,1.0,2.0,0.0,*46H,
Jonathan Villar#,27.0,MIL,NL,1.4,87.0,279.0,257.0,26.0,67.0,10.0,1.0,6.0,22.0,14.0,2.0,19.0,80.0,0.261,0.315,0.377,0.693,85.0,0.328,90.0,97.0,9.0,2.0,0.0,1.0,0.0,4H,
Jonathan Villar#,27.0,BAL,AL,1.7,54.0,236.0,209.0,28.0,54.0,4.0,0.0,8.0,24.0,21.0,3.0,22.0,58.0,0.258,0.336,0.392,0.729,101.0,0.338,101.0,82.0,4.0,3.0,1.0,1.0,0.0,46,
Jonny Venters*,33.0,2TM,2LG,0.0,30.0,0.0,0.0,0.0,0.0,0.0,0.0,0.0,0.0,0.0,0.0,0.0,0.0,,,,,,,,0.0,0.0,0.0,0.0,0.0,0.0,1,
Jonny Venters*,33.0,TBR,AL,0.0,2.0,0.0,0.0,0.0,0.0,0.0,0.0,0.0,0.0,0.0,0.0,0.0,0.0,,,,,,,,0.0,0.0,0.0,0.0,0.0,0.0,1,
Jonny Venters*,33.0,ATL,NL,0.0,28.0,0.0,0.0,0.0,0.0,0.0,0.0,0.0,0.0,0.0,0.0,0.0,0.0,,,,,,,,0.0,0.0,0.0,0.0,0.0,0.0,1,
Jordan Hicks,21.0,STL,NL,0.0,67.0,1.0,1.0,0.0,0.0,0.0,0.0,0.0,0.0,0.0,0.0,0.0,1.0,0.0,0.0,0.0,0.0,-100.0,0.0,-136.0,0.0,0.0,0.0,0.0,0.0,0.0,1,
Jordan Luplow,24.0,PIT,NL,0.1,37.0,103.0,92.0,16.0,17.0,1.0,3.0,3.0,7.0,2.0,2.0,10.0,18.0,0.185,0.272,0.359,0.631,72.0,0.284,74.0,33.0,7.0,1.0,0.0,0.0,0.0,79H/8,
Jordan Lyles,27.0,2TM,NL,-0.1,36.0,20.0,15.0,3.0,0.0,0.0,0.0,0.0,1.0,0.0,0.0,3.0,8.0,0.0,0.167,0.0,0.167,-48.0,0.115,-70.0,0.0,1.0,0.0,2.0,0.0,0.0,1/H,
Jordan Lyles,27.0,SDP,NL,-0.1,25.0,17.0,13.0,2.0,0.0,0.0,0.0,0.0,1.0,0.0,0.0,2.0,7.0,0.0,0.133,0.0,0.133,-58.0,0.092,-89.0,0.0,1.0,0.0,2.0,0.0,0.0,1/H,
Jordan Lyles,27.0,MIL,NL,0.0,11.0,3.0,2.0,1.0,0.0,0.0,0.0,0.0,0.0,0.0,0.0,1.0,1.0,0.0,0.333,0.0,0.333,1.0,0.231,24.0,0.0,0.0,0.0,0.0,0.0,0.0,1,
Jordan Zimmermann,32.0,DET,AL,0.0,2.0,2.0,2.0,0.0,0.0,0.0,0.0,0.0,0.0,0.0,0.0,0.0,2.0,0.0,0.0,0.0,0.0,-100.0,0.0,-139.0,0.0,0.0,0.0,0.0,0.0,0.0,1,
Jordy Mercer,31.0,PIT,NL,0.3,117.0,436.0,394.0,43.0,99.0,29.0,2.0,6.0,39.0,2.0,0.0,32.0,87.0,0.251,0.315,0.381,0.696,91.0,0.304,84.0,150.0,12.0,6.0,1.0,3.0,9.0,*6,
Jorge Alfaro,25.0,PHI,NL,1.6,108.0,377.0,344.0,35.0,90.0,16.0,2.0,10.0,37.0,3.0,0.0,18.0,138.0,0.262,0.324,0.407,0.731,95.0,0.329,96.0,140.0,2.0,14.0,0.0,1.0,6.0,2/H5,
Jorge Bonifacio,25.0,KCR,AL,-0.2,69.0,270.0,236.0,31.0,53.0,16.0,2.0,4.0,23.0,0.0,1.0,29.0,71.0,0.225,0.312,0.36,0.672,84.0,0.3,84.0,85.0,3.0,2.0,1.0,2.0,1.0,9/7DH,
Jorge De La Rosa*,37.0,2TM,NL,0.0,57.0,2.0,1.0,1.0,0.0,0.0,0.0,0.0,0.0,0.0,0.0,1.0,0.0,0.0,0.5,0.0,0.5,50.0,0.346,109.0,0.0,0.0,0.0,0.0,0.0,0.0,1/H,
Jorge De La Rosa*,37.0,ARI,NL,0.0,41.0,2.0,1.0,1.0,0.0,0.0,0.0,0.0,0.0,0.0,0.0,1.0,0.0,0.0,0.5,0.0,0.5,50.0,0.346,109.0,0.0,0.0,0.0,0.0,0.0,0.0,1/H,
Jorge De La Rosa*,37.0,CHC,NL,0.0,16.0,0.0,0.0,0.0,0.0,0.0,0.0,0.0,0.0,0.0,0.0,0.0,0.0,,,,,,,,0.0,0.0,0.0,0.0,0.0,0.0,1,
Jorge López,25.0,MIL,NL,0.1,10.0,2.0,2.0,1.0,1.0,1.0,0.0,0.0,2.0,0.0,0.0,0.0,1.0,0.5,0.5,1.0,1.5,290.0,0.627,318.0,2.0,0.0,0.0,0.0,0.0,0.0,1,
Jorge Polanco#,24.0,MIN,AL,0.9,77.0,333.0,302.0,38.0,87.0,18.0,3.0,6.0,42.0,7.0,7.0,25.0,62.0,0.288,0.345,0.427,0.773,110.0,0.327,105.0,129.0,5.0,2.0,3.0,1.0,0.0,6/H,
Jorge Soler,26.0,KCR,AL,0.3,61.0,257.0,223.0,27.0,59.0,18.0,0.0,9.0,28.0,3.0,1.0,28.0,69.0,0.265,0.354,0.466,0.82,123.0,0.37,132.0,104.0,6.0,4.0,0.0,2.0,0.0,9/D,
Jose Altuve,28.0,HOU,AL,5.1,137.0,599.0,534.0,84.0,169.0,29.0,2.0,13.0,61.0,17.0,4.0,55.0,79.0,0.316,0.386,0.451,0.837,130.0,0.371,132.0,241.0,17.0,6.0,3.0,1.0,4.0,*4/DH,"AS,MVP-13,SS"
Jose Iglesias,28.0,DET,AL,2.0,125.0,464.0,432.0,43.0,116.0,31.0,3.0,5.0,48.0,15.0,6.0,19.0,47.0,0.269,0.31,0.389,0.699,88.0,0.319,92.0,168.0,11.0,8.0,3.0,2.0,0.0,*6/HD,
Jose Lobaton#,33.0,NYM,NL,-0.5,22.0,57.0,49.0,3.0,7.0,2.0,1.0,0.0,4.0,0.0,0.0,7.0,15.0,0.143,0.246,0.224,0.47,34.0,0.236,40.0,11.0,2.0,0.0,0.0,1.0,0.0,2/H,
Jose Quintana,29.0,CHC,NL,-0.5,30.0,58.0,52.0,0.0,4.0,0.0,0.0,0.0,0.0,0.0,0.0,0.0,26.0,0.077,0.077,0.077,0.154,-59.0,0.069,-117.0,4.0,3.0,0.0,6.0,0.0,0.0,1,
Jose Trevino,25.0,TEX,AL,-0.1,3.0,8.0,8.0,0.0,2.0,0.0,0.0,0.0,3.0,0.0,0.0,0.0,1.0,0.25,0.25,0.25,0.5,33.0,0.212,11.0,2.0,1.0,0.0,0.0,0.0,0.0,/2H,
Josh Bell#,25.0,PIT,NL,0.7,148.0,583.0,501.0,74.0,131.0,31.0,4.0,12.0,62.0,2.0,5.0,77.0,104.0,0.261,0.357,0.411,0.768,111.0,0.339,113.0,206.0,12.0,0.0,0.0,5.0,2.0,*3H/D,
Josh Donaldson,32.0,2TM,AL,1.0,52.0,219.0,187.0,30.0,46.0,14.0,0.0,8.0,23.0,2.0,0.0,31.0,54.0,0.246,0.352,0.449,0.801,119.0,0.343,113.0,84.0,3.0,0.0,0.0,1.0,2.0,5D/H3,
Josh Donaldson,32.0,TOR,AL,0.5,36.0,159.0,137.0,22.0,32.0,11.0,0.0,5.0,16.0,2.0,0.0,21.0,44.0,0.234,0.333,0.423,0.757,108.0,0.325,101.0,58.0,1.0,0.0,0.0,1.0,2.0,5D/3,
Josh Donaldson,32.0,CLE,AL,0.5,16.0,60.0,50.0,8.0,14.0,3.0,0.0,3.0,7.0,0.0,0.0,10.0,10.0,0.28,0.4,0.52,0.92,147.0,0.39,144.0,26.0,2.0,0.0,0.0,0.0,0.0,5/DH,
Josh Fields,32.0,LAD,NL,0.0,45.0,0.0,0.0,0.0,0.0,0.0,0.0,0.0,0.0,0.0,0.0,0.0,0.0,,,,,,,,0.0,0.0,0.0,0.0,0.0,0.0,1,
Josh Hader*,24.0,MIL,NL,0.1,52.0,2.0,2.0,1.0,1.0,0.0,0.0,0.0,0.0,0.0,0.0,0.0,1.0,0.5,0.5,0.5,1.0,171.0,0.45,186.0,1.0,0.0,0.0,0.0,0.0,0.0,1,"AS,CYA-7"
Josh Harrison,30.0,PIT,NL,0.3,97.0,374.0,344.0,41.0,86.0,13.0,1.0,8.0,37.0,3.0,0.0,18.0,68.0,0.25,0.293,0.363,0.656,80.0,0.297,79.0,125.0,8.0,5.0,2.0,5.0,1.0,4H/5,
Josh Lucas,27.0,OAK,AL,0.0,1.0,0.0,0.0,0.0,0.0,0.0,0.0,0.0,0.0,0.0,0.0,0.0,0.0,,,,,,,,0.0,0.0,0.0,0.0,0.0,0.0,/1,
Josh Osich*,29.0,SFG,NL,0.0,10.0,0.0,0.0,0.0,0.0,0.0,0.0,0.0,0.0,0.0,0.0,0.0,0.0,,,,,,,,0.0,0.0,0.0,0.0,0.0,0.0,1,
Josh Phegley,30.0,OAK,AL,0.3,39.0,102.0,93.0,13.0,19.0,7.0,0.0,2.0,15.0,0.0,0.0,6.0,27.0,0.204,0.255,0.344,0.599,65.0,0.274,67.0,32.0,3.0,1.0,0.0,2.0,0.0,2/H,
Josh Ravin,30.0,ATL,NL,0.0,2.0,0.0,0.0,0.0,0.0,0.0,0.0,0.0,0.0,0.0,0.0,0.0,0.0,,,,,,,,0.0,0.0,0.0,0.0,0.0,0.0,/1,
Josh Reddick*,31.0,HOU,AL,1.8,134.0,487.0,433.0,63.0,105.0,13.0,2.0,17.0,47.0,7.0,2.0,49.0,77.0,0.242,0.318,0.4,0.718,97.0,0.319,96.0,173.0,9.0,0.0,1.0,2.0,3.0,*97H/D,
Josh Smoker*,29.0,PIT,NL,0.0,6.0,0.0,0.0,0.0,0.0,0.0,0.0,0.0,0.0,0.0,0.0,0.0,0.0,,,,,,,,0.0,0.0,0.0,0.0,0.0,0.0,/1,
Josh Tomlin,33.0,CLE,AL,0.0,4.0,0.0,0.0,0.0,0.0,0.0,0.0,0.0,0.0,0.0,0.0,0.0,0.0,,,,,,,,0.0,0.0,0.0,0.0,0.0,0.0,1,
José Abreu,31.0,CHW,AL,2.1,128.0,553.0,499.0,68.0,132.0,36.0,1.0,22.0,78.0,2.0,0.0,37.0,109.0,0.265,0.325,0.473,0.798,117.0,0.34,113.0,236.0,14.0,11.0,0.0,6.0,7.0,*3D/H,"AS,SS"
José Alvarado*,23.0,TBR,AL,0.0,6.0,0.0,0.0,0.0,0.0,0.0,0.0,0.0,0.0,0.0,0.0,0.0,0.0,,,,,,,,0.0,0.0,0.0,0.0,0.0,0.0,1/3,
José Bautista,37.0,3TM,NL,1.2,122.0,399.0,325.0,52.0,66.0,18.0,0.0,13.0,48.0,4.0,3.0,67.0,111.0,0.203,0.348,0.378,0.727,102.0,0.342,116.0,123.0,2.0,6.0,0.0,1.0,2.0,9H57/D34,
José Bautista,37.0,ATL,NL,-0.4,12.0,40.0,35.0,3.0,5.0,1.0,0.0,2.0,5.0,0.0,0.0,5.0,12.0,0.143,0.25,0.343,0.593,58.0,0.265,52.0,12.0,0.0,0.0,0.0,0.0,0.0,/5DH,
José Bautista,37.0,NYM,NL,1.2,83.0,302.0,245.0,37.0,50.0,13.0,0.0,9.0,37.0,2.0,2.0,51.0,84.0,0.204,0.351,0.367,0.718,102.0,0.344,120.0,90.0,2.0,5.0,0.0,1.0,2.0,9H75/34D,
José Bautista,37.0,PHI,NL,0.4,27.0,57.0,45.0,12.0,11.0,4.0,0.0,2.0,6.0,2.0,1.0,11.0,15.0,0.244,0.404,0.467,0.87,133.0,0.385,138.0,21.0,0.0,1.0,0.0,0.0,0.0,9H/5,
José Berríos,24.0,MIN,AL,-0.1,2.0,4.0,4.0,0.0,0.0,0.0,0.0,0.0,0.0,0.0,0.0,0.0,2.0,0.0,0.0,0.0,0.0,-100.0,0.0,-132.0,0.0,0.0,0.0,0.0,0.0,0.0,1,AS
José Briceño,25.0,LAA,AL,0.4,46.0,128.0,117.0,12.0,28.0,2.0,0.0,5.0,10.0,0.0,1.0,8.0,35.0,0.239,0.299,0.385,0.684,88.0,0.301,88.0,45.0,2.0,2.0,1.0,0.0,0.0,2/H3,
José Castillo*,22.0,SDP,NL,0.0,34.0,1.0,1.0,0.0,0.0,0.0,0.0,0.0,1.0,0.0,0.0,0.0,0.0,0.0,0.0,0.0,0.0,-100.0,0.0,-136.0,0.0,0.0,0.0,0.0,0.0,0.0,1,
José Fernández*,25.0,TOR,AL,0.0,1.0,0.0,0.0,0.0,0.0,0.0,0.0,0.0,0.0,0.0,0.0,0.0,0.0,,,,,,,,0.0,0.0,0.0,0.0,0.0,0.0,1,
José Leclerc,24.0,TEX,AL,0.0,5.0,0.0,0.0,0.0,0.0,0.0,0.0,0.0,0.0,0.0,0.0,0.0,0.0,,,,,,,,0.0,0.0,0.0,0.0,0.0,0.0,1,
José Martínez,29.0,STL,NL,1.6,152.0,590.0,534.0,64.0,163.0,30.0,0.0,17.0,83.0,0.0,3.0,49.0,104.0,0.305,0.364,0.457,0.821,124.0,0.365,131.0,244.0,15.0,2.0,2.0,3.0,0.0,39H/D,
José Miguel Fernández*,30.0,LAA,AL,0.2,36.0,123.0,116.0,9.0,31.0,8.0,0.0,2.0,11.0,1.0,0.0,6.0,15.0,0.267,0.309,0.388,0.697,92.0,0.326,102.0,45.0,2.0,1.0,0.0,0.0,0.0,3/H5D4,
José Osuna,25.0,PIT,NL,0.1,51.0,111.0,106.0,14.0,24.0,9.0,0.0,3.0,11.0,0.0,0.0,3.0,22.0,0.226,0.252,0.396,0.648,75.0,0.293,77.0,42.0,2.0,1.0,0.0,1.0,0.0,H3/59,
José Peraza,24.0,CIN,NL,2.2,157.0,683.0,632.0,85.0,182.0,31.0,4.0,14.0,58.0,23.0,6.0,29.0,75.0,0.288,0.326,0.416,0.742,98.0,0.33,95.0,263.0,12.0,9.0,8.0,5.0,4.0,*6/H9,
José Pirela,28.0,SDP,NL,-0.7,146.0,473.0,438.0,54.0,109.0,23.0,2.0,5.0,32.0,6.0,3.0,30.0,89.0,0.249,0.3,0.345,0.645,80.0,0.287,76.0,151.0,10.0,3.0,0.0,2.0,1.0,4H7/39D,
José Ramírez,28.0,ATL,NL,0.0,7.0,0.0,0.0,0.0,0.0,0.0,0.0,0.0,0.0,0.0,0.0,0.0,0.0,,,,,,,,0.0,0.0,0.0,0.0,0.0,0.0,/1,
José Ramírez#,25.0,CLE,AL,7.6,157.0,698.0,578.0,110.0,156.0,38.0,4.0,39.0,105.0,34.0,6.0,106.0,80.0,0.27,0.387,0.552,0.939,151.0,0.403,149.0,319.0,2.0,8.0,0.0,6.0,15.0,*54/D,"AS,MVP-3,SS"
José Reyes#,35.0,NYM,NL,-0.6,110.0,251.0,228.0,30.0,43.0,12.0,3.0,4.0,16.0,5.0,2.0,22.0,39.0,0.189,0.26,0.32,0.58,62.0,0.264,59.0,73.0,5.0,0.0,1.0,0.0,1.0,H564/1,
José Rondón,24.0,CHW,AL,0.5,42.0,107.0,100.0,15.0,23.0,6.0,0.0,6.0,14.0,2.0,1.0,7.0,30.0,0.23,0.28,0.47,0.75,102.0,0.332,108.0,47.0,3.0,0.0,0.0,0.0,0.0,HD6/543,
José Ureña,26.0,MIA,NL,-0.2,30.0,52.0,48.0,1.0,2.0,1.0,0.0,0.0,1.0,0.0,0.0,1.0,35.0,0.042,0.061,0.063,0.124,-65.0,0.095,-76.0,3.0,0.0,0.0,3.0,0.0,0.0,1/H,
José Váldez,28.0,SFG,NL,0.0,4.0,0.0,0.0,0.0,0.0,0.0,0.0,0.0,0.0,0.0,0.0,0.0,0.0,,,,,,,,0.0,0.0,0.0,0.0,0.0,0.0,/1,
José Álvarez*,29.0,LAA,AL,0.0,5.0,0.0,0.0,0.0,0.0,0.0,0.0,0.0,0.0,0.0,0.0,0.0,0.0,,,,,,,,0.0,0.0,0.0,0.0,0.0,0.0,1,
JT Chargois#,27.0,LAD,NL,0.0,35.0,1.0,1.0,0.0,0.0,0.0,0.0,0.0,0.0,0.0,0.0,0.0,0.0,0.0,0.0,0.0,0.0,-100.0,0.0,-145.0,0.0,0.0,0.0,0.0,0.0,0.0,1,
JT Riddle*,26.0,MIA,NL,1.7,102.0,332.0,308.0,28.0,71.0,10.0,4.0,9.0,36.0,0.0,3.0,20.0,67.0,0.231,0.277,0.377,0.653,80.0,0.285,76.0,116.0,4.0,0.0,3.0,1.0,1.0,6H,
Juan Centeno*,28.0,TEX,AL,-0.4,10.0,38.0,37.0,3.0,6.0,1.0,0.0,1.0,3.0,0.0,0.0,1.0,7.0,0.162,0.184,0.27,0.454,18.0,0.195,-2.0,10.0,2.0,0.0,0.0,0.0,0.0,2,
Juan Graterol,29.0,2TM,AL,0.1,4.0,9.0,8.0,2.0,2.0,0.0,0.0,0.0,0.0,0.0,0.0,1.0,0.0,0.25,0.333,0.25,0.583,64.0,0.276,65.0,2.0,0.0,0.0,0.0,0.0,0.0,/2,
Juan Graterol,29.0,LAA,AL,0.2,1.0,1.0,1.0,0.0,1.0,0.0,0.0,0.0,0.0,0.0,0.0,0.0,0.0,1.0,1.0,1.0,2.0,459.0,0.894,500.0,1.0,0.0,0.0,0.0,0.0,0.0,/2,
Juan Graterol,29.0,MIN,AL,0.0,3.0,8.0,7.0,2.0,1.0,0.0,0.0,0.0,0.0,0.0,0.0,1.0,0.0,0.143,0.25,0.143,0.393,12.0,0.199,10.0,1.0,0.0,0.0,0.0,0.0,0.0,/2,
Juan Lagares,29.0,NYM,NL,1.1,30.0,64.0,59.0,9.0,20.0,1.0,1.0,0.0,6.0,3.0,1.0,3.0,9.0,0.339,0.375,0.39,0.765,116.0,0.348,119.0,23.0,2.0,1.0,0.0,1.0,1.0,8H,
Juan Minaya,27.0,CHW,AL,0.0,2.0,0.0,0.0,0.0,0.0,0.0,0.0,0.0,0.0,0.0,0.0,0.0,0.0,,,,,,,,0.0,0.0,0.0,0.0,0.0,0.0,1,
Juan Nicasio,31.0,SEA,AL,0.0,3.0,0.0,0.0,0.0,0.0,0.0,0.0,0.0,0.0,0.0,0.0,0.0,0.0,,,,,,,,0.0,0.0,0.0,0.0,0.0,0.0,1,
Juan Soto*,19.0,WSN,NL,3.0,116.0,494.0,414.0,77.0,121.0,25.0,1.0,22.0,70.0,5.0,2.0,79.0,99.0,0.292,0.406,0.517,0.923,142.0,0.396,143.0,214.0,9.0,0.0,1.0,0.0,10.0,*7/H,ROY-2
Julio Teheran,27.0,ATL,NL,0.4,28.0,54.0,40.0,2.0,7.0,0.0,0.0,1.0,4.0,0.0,0.0,1.0,8.0,0.175,0.19,0.25,0.44,18.0,0.237,11.0,10.0,0.0,0.0,12.0,1.0,0.0,1,
Julio Urías*,21.0,LAD,NL,0.0,3.0,1.0,1.0,0.0,0.0,0.0,0.0,0.0,0.0,0.0,0.0,0.0,1.0,0.0,0.0,0.0,0.0,-100.0,0.0,-145.0,0.0,0.0,0.0,0.0,0.0,0.0,/1,
Jung Ho Kang,31.0,PIT,NL,0.0,3.0,6.0,6.0,0.0,2.0,0.0,0.0,0.0,0.0,0.0,0.0,0.0,1.0,0.333,0.333,0.333,0.667,85.0,0.3,82.0,2.0,0.0,0.0,0.0,0.0,0.0,/H5,
Junichi Tazawa,32.0,MIA,NL,0.0,21.0,0.0,0.0,0.0,0.0,0.0,0.0,0.0,0.0,0.0,0.0,0.0,0.0,,,,,,,,0.0,0.0,0.0,0.0,0.0,0.0,1,
Junior Guerra,33.0,MIL,NL,0.0,29.0,37.0,35.0,2.0,4.0,3.0,0.0,0.0,0.0,0.0,0.0,0.0,13.0,0.114,0.114,0.2,0.314,-18.0,0.133,-55.0,7.0,0.0,0.0,2.0,0.0,0.0,1,
Jurickson Profar#,25.0,TEX,AL,1.5,146.0,594.0,524.0,82.0,133.0,35.0,6.0,20.0,77.0,10.0,0.0,54.0,88.0,0.254,0.335,0.458,0.793,107.0,0.347,104.0,240.0,9.0,12.0,0.0,4.0,1.0,6534/H7D,
Justin Anderson*,25.0,LAA,AL,0.0,6.0,0.0,0.0,0.0,0.0,0.0,0.0,0.0,0.0,0.0,0.0,0.0,0.0,,,,,,,,0.0,0.0,0.0,0.0,0.0,0.0,1,
Justin Bour*,30.0,2TM,NL,0.1,141.0,501.0,423.0,49.0,96.0,13.0,1.0,20.0,59.0,2.0,0.0,73.0,124.0,0.227,0.341,0.404,0.746,106.0,0.329,104.0,171.0,10.0,2.0,0.0,3.0,6.0,*3H/D,
Justin Bour*,30.0,MIA,NL,0.4,112.0,447.0,374.0,43.0,85.0,10.0,1.0,19.0,54.0,1.0,0.0,69.0,111.0,0.227,0.347,0.412,0.759,110.0,0.334,109.0,154.0,8.0,1.0,0.0,3.0,6.0,3/HD,
Justin Bour*,30.0,PHI,NL,-0.3,29.0,54.0,49.0,6.0,11.0,3.0,0.0,1.0,5.0,1.0,0.0,4.0,13.0,0.224,0.296,0.347,0.643,72.0,0.294,68.0,17.0,2.0,1.0,0.0,0.0,0.0,H3,
Justin Hancock,27.0,CHC,NL,0.0,10.0,2.0,2.0,0.0,0.0,0.0,0.0,0.0,0.0,0.0,0.0,0.0,2.0,0.0,0.0,0.0,0.0,-100.0,0.0,-145.0,0.0,0.0,0.0,0.0,0.0,0.0,1,
Justin Miller,31.0,WSN,NL,0.0,46.0,1.0,1.0,0.0,0.0,0.0,0.0,0.0,0.0,0.0,0.0,0.0,0.0,0.0,0.0,0.0,0.0,-100.0,0.0,-145.0,0.0,1.0,0.0,0.0,0.0,0.0,1,
Justin Smoak#,31.0,TOR,AL,2.5,147.0,594.0,505.0,67.0,122.0,34.0,0.0,25.0,77.0,0.0,1.0,83.0,156.0,0.242,0.35,0.457,0.808,122.0,0.353,123.0,231.0,11.0,3.0,0.0,3.0,2.0,*3D/H,
Justin Turner,33.0,LAD,NL,4.9,103.0,426.0,365.0,62.0,114.0,31.0,1.0,14.0,52.0,2.0,1.0,47.0,54.0,0.312,0.406,0.518,0.924,151.0,0.412,162.0,189.0,10.0,12.0,0.0,2.0,3.0,5/HD,MVP-14
Justin Upton,30.0,LAA,AL,3.7,145.0,613.0,533.0,80.0,137.0,18.0,1.0,30.0,85.0,8.0,2.0,64.0,176.0,0.257,0.344,0.463,0.808,121.0,0.357,125.0,247.0,12.0,10.0,0.0,6.0,1.0,*7/DH,
Justin Verlander,35.0,HOU,AL,0.0,2.0,5.0,5.0,0.0,1.0,0.0,0.0,0.0,0.0,0.0,0.0,0.0,2.0,0.2,0.2,0.2,0.4,11.0,0.16,-17.0,1.0,0.0,0.0,0.0,0.0,0.0,1,"AS,CYA-2,MVP-10"
Justin Williams*,22.0,TBR,AL,-0.1,1.0,1.0,1.0,0.0,0.0,0.0,0.0,0.0,0.0,0.0,0.0,0.0,0.0,0.0,0.0,0.0,0.0,-100.0,0.0,-125.0,0.0,1.0,0.0,0.0,0.0,0.0,/9H,
Justin Wilson*,30.0,CHC,NL,0.0,67.0,1.0,1.0,0.0,0.0,0.0,0.0,0.0,0.0,0.0,0.0,0.0,1.0,0.0,0.0,0.0,0.0,-100.0,0.0,-145.0,0.0,0.0,0.0,0.0,0.0,0.0,1,
Kaleb Cowart#,26.0,LAA,AL,-1.2,47.0,124.0,112.0,7.0,15.0,7.0,1.0,1.0,10.0,1.0,0.0,10.0,44.0,0.134,0.21,0.241,0.451,25.0,0.205,15.0,27.0,2.0,1.0,0.0,1.0,0.0,54/367HD,
Kazuhisa Makita,33.0,SDP,NL,0.0,25.0,3.0,3.0,0.0,0.0,0.0,0.0,0.0,0.0,0.0,0.0,0.0,2.0,0.0,0.0,0.0,0.0,-100.0,0.0,-136.0,0.0,0.0,0.0,0.0,0.0,0.0,1,
Kelby Tomlinson,28.0,SFG,NL,-0.1,63.0,152.0,140.0,9.0,29.0,4.0,2.0,0.0,10.0,0.0,2.0,9.0,35.0,0.207,0.265,0.264,0.529,49.0,0.243,48.0,37.0,3.0,2.0,1.0,0.0,0.0,4H6/5,
Kelvin Herrera,28.0,2TM,2LG,0.0,22.0,0.0,0.0,0.0,0.0,0.0,0.0,0.0,0.0,0.0,0.0,0.0,0.0,,,,,,,,0.0,0.0,0.0,0.0,0.0,0.0,1,
Kelvin Herrera,28.0,KCR,AL,0.0,2.0,0.0,0.0,0.0,0.0,0.0,0.0,0.0,0.0,0.0,0.0,0.0,0.0,,,,,,,,0.0,0.0,0.0,0.0,0.0,0.0,1,
Kelvin Herrera,28.0,WSN,NL,0.0,20.0,0.0,0.0,0.0,0.0,0.0,0.0,0.0,0.0,0.0,0.0,0.0,0.0,,,,,,,,0.0,0.0,0.0,0.0,0.0,0.0,1,
Ken Giles,27.0,2TM,AL,0.0,3.0,0.0,0.0,0.0,0.0,0.0,0.0,0.0,0.0,0.0,0.0,0.0,0.0,,,,,,,,0.0,0.0,0.0,0.0,0.0,0.0,1,
Ken Giles,27.0,HOU,AL,0.0,1.0,0.0,0.0,0.0,0.0,0.0,0.0,0.0,0.0,0.0,0.0,0.0,0.0,,,,,,,,0.0,0.0,0.0,0.0,0.0,0.0,1,
Ken Giles,27.0,TOR,AL,0.0,2.0,0.0,0.0,0.0,0.0,0.0,0.0,0.0,0.0,0.0,0.0,0.0,0.0,,,,,,,,0.0,0.0,0.0,0.0,0.0,0.0,1,
Kendrys Morales#,35.0,TOR,AL,0.8,130.0,471.0,413.0,47.0,103.0,15.0,0.0,21.0,57.0,2.0,3.0,50.0,95.0,0.249,0.331,0.438,0.769,111.0,0.33,108.0,181.0,15.0,3.0,0.0,5.0,5.0,DH3/15,
Kenley Jansen#,30.0,LAD,NL,0.0,65.0,0.0,0.0,0.0,0.0,0.0,0.0,0.0,0.0,0.0,0.0,0.0,0.0,,,,,,,,0.0,0.0,0.0,0.0,0.0,0.0,1,AS
Kenta Maeda,30.0,LAD,NL,-0.3,39.0,40.0,32.0,0.0,3.0,0.0,0.0,0.0,0.0,0.0,0.0,0.0,9.0,0.094,0.094,0.094,0.188,-48.0,0.084,-122.0,3.0,1.0,0.0,8.0,0.0,0.0,1/H,
Keon Broxton,28.0,MIL,NL,1.7,51.0,89.0,78.0,15.0,14.0,2.0,2.0,4.0,11.0,5.0,1.0,11.0,28.0,0.179,0.281,0.41,0.691,83.0,0.339,98.0,32.0,0.0,0.0,0.0,0.0,0.0,89H,
Keone Kela,25.0,PIT,NL,0.0,15.0,0.0,0.0,0.0,0.0,0.0,0.0,0.0,0.0,0.0,0.0,0.0,0.0,,,,,,,,0.0,0.0,0.0,0.0,0.0,0.0,1,
Ketel Marte#,24.0,ARI,NL,3.9,153.0,580.0,520.0,68.0,135.0,26.0,12.0,14.0,59.0,6.0,1.0,54.0,79.0,0.26,0.332,0.437,0.768,102.0,0.345,105.0,227.0,12.0,3.0,1.0,2.0,3.0,*46H,
Keury Mella,24.0,CIN,NL,0.0,4.0,2.0,2.0,0.0,0.0,0.0,0.0,0.0,0.0,0.0,0.0,0.0,2.0,0.0,0.0,0.0,0.0,-100.0,0.0,-145.0,0.0,0.0,0.0,0.0,0.0,0.0,/1,
Kevan Smith,30.0,CHW,AL,0.5,52.0,187.0,171.0,21.0,50.0,6.0,0.0,3.0,21.0,1.0,0.0,10.0,18.0,0.292,0.348,0.38,0.728,102.0,0.327,103.0,65.0,5.0,5.0,0.0,1.0,0.0,2/HD,
Kevin Gausman*,27.0,2TM,2LG,0.0,12.0,25.0,21.0,0.0,1.0,0.0,0.0,0.0,0.0,0.0,0.0,4.0,11.0,0.048,0.2,0.048,0.248,-27.0,0.147,-35.0,1.0,0.0,0.0,0.0,0.0,0.0,1/H,
Kevin Gausman*,27.0,BAL,AL,0.0,1.0,2.0,2.0,0.0,0.0,0.0,0.0,0.0,0.0,0.0,0.0,0.0,2.0,0.0,0.0,0.0,0.0,-100.0,0.0,-135.0,0.0,0.0,0.0,0.0,0.0,0.0,1,
Kevin Gausman*,27.0,ATL,NL,0.0,11.0,23.0,19.0,0.0,1.0,0.0,0.0,0.0,0.0,0.0,0.0,4.0,9.0,0.053,0.217,0.053,0.27,-21.0,0.16,-26.0,1.0,0.0,0.0,0.0,0.0,0.0,1/H,
Kevin Kaczmarski*,26.0,NYM,NL,-0.1,4.0,5.0,4.0,0.0,0.0,0.0,0.0,0.0,0.0,0.0,1.0,1.0,1.0,0.0,0.2,0.0,0.2,-37.0,0.04,-33.0,0.0,0.0,0.0,0.0,0.0,0.0,/H9,
Kevin Kiermaier*,28.0,TBR,AL,2.3,88.0,367.0,332.0,44.0,72.0,12.0,9.0,7.0,29.0,10.0,5.0,25.0,91.0,0.217,0.282,0.37,0.653,80.0,0.291,79.0,123.0,4.0,6.0,2.0,2.0,2.0,8/H,
Kevin Kramer*,24.0,PIT,NL,-0.6,21.0,40.0,37.0,5.0,5.0,0.0,0.0,0.0,4.0,0.0,0.0,2.0,20.0,0.135,0.175,0.135,0.31,-13.0,0.147,-30.0,5.0,0.0,0.0,0.0,1.0,0.0,H/54,
Kevin McCarthy,26.0,KCR,AL,0.0,4.0,0.0,0.0,0.0,0.0,0.0,0.0,0.0,0.0,0.0,0.0,0.0,0.0,,,,,,,,0.0,0.0,0.0,0.0,0.0,0.0,1,
Kevin Newman,24.0,PIT,NL,-1.0,31.0,97.0,91.0,7.0,19.0,2.0,0.0,0.0,6.0,0.0,1.0,4.0,23.0,0.209,0.247,0.231,0.478,33.0,0.215,23.0,21.0,2.0,1.0,0.0,1.0,1.0,6/4H,
Kevin Pillar,29.0,TOR,AL,2.3,142.0,542.0,512.0,65.0,129.0,40.0,2.0,15.0,59.0,14.0,3.0,18.0,98.0,0.252,0.282,0.426,0.708,92.0,0.319,96.0,218.0,8.0,6.0,0.0,6.0,0.0,*8/H,
Kevin Plawecki,27.0,NYM,NL,1.2,79.0,277.0,238.0,33.0,50.0,13.0,2.0,7.0,30.0,0.0,1.0,28.0,65.0,0.21,0.315,0.37,0.685,92.0,0.314,99.0,88.0,12.0,9.0,1.0,1.0,2.0,2/H3,
Kevin Quackenbush,29.0,CIN,NL,0.0,10.0,0.0,0.0,0.0,0.0,0.0,0.0,0.0,0.0,0.0,0.0,0.0,0.0,,,,,,,,0.0,0.0,0.0,0.0,0.0,0.0,1,
Kevin Shackelford,29.0,CIN,NL,0.0,4.0,1.0,1.0,0.0,0.0,0.0,0.0,0.0,0.0,0.0,0.0,0.0,1.0,0.0,0.0,0.0,0.0,-100.0,0.0,-145.0,0.0,0.0,0.0,0.0,0.0,0.0,/1,
Khris Davis,30.0,OAK,AL,2.8,151.0,654.0,576.0,98.0,142.0,28.0,1.0,48.0,123.0,0.0,0.0,59.0,175.0,0.247,0.326,0.549,0.874,137.0,0.367,134.0,316.0,16.0,12.0,0.0,7.0,5.0,*D7/H,MVP-8
Kiké Hernández,26.0,LAD,NL,3.4,145.0,462.0,402.0,67.0,103.0,17.0,3.0,21.0,52.0,3.0,0.0,50.0,78.0,0.256,0.336,0.47,0.806,117.0,0.352,117.0,189.0,3.0,1.0,4.0,5.0,5.0,84H697/531,
Kirby Yates*,31.0,SDP,NL,0.0,60.0,2.0,2.0,0.0,0.0,0.0,0.0,0.0,0.0,0.0,0.0,0.0,0.0,0.0,0.0,0.0,0.0,-100.0,0.0,-136.0,0.0,0.0,0.0,0.0,0.0,0.0,1,
Koda Glover,25.0,WSN,NL,0.0,22.0,0.0,0.0,0.0,0.0,0.0,0.0,0.0,0.0,0.0,0.0,0.0,0.0,,,,,,,,0.0,0.0,0.0,0.0,0.0,0.0,1,
Kolby Allard*,20.0,ATL,NL,0.4,3.0,3.0,1.0,1.0,1.0,0.0,0.0,0.0,0.0,0.0,0.0,0.0,0.0,1.0,1.0,1.0,2.0,444.0,1.803,3355.0,1.0,0.0,0.0,2.0,0.0,0.0,/1,
Kole Calhoun*,30.0,LAA,AL,0.1,137.0,552.0,491.0,71.0,102.0,18.0,2.0,19.0,57.0,6.0,2.0,53.0,133.0,0.208,0.283,0.369,0.652,79.0,0.285,73.0,181.0,9.0,1.0,0.0,6.0,2.0,*9/H8,
Kolten Wong*,27.0,STL,NL,3.2,127.0,407.0,353.0,41.0,88.0,18.0,2.0,9.0,38.0,6.0,5.0,31.0,60.0,0.249,0.332,0.388,0.72,97.0,0.319,96.0,137.0,6.0,14.0,6.0,3.0,3.0,*4H,
Kris Bryant,26.0,CHC,NL,2.5,102.0,457.0,389.0,59.0,106.0,28.0,3.0,13.0,52.0,2.0,4.0,48.0,107.0,0.272,0.374,0.46,0.834,121.0,0.362,122.0,179.0,5.0,17.0,0.0,3.0,6.0,597/3H,
Kris Medlen#,32.0,ARI,NL,0.0,1.0,1.0,1.0,0.0,0.0,0.0,0.0,0.0,0.0,0.0,0.0,0.0,1.0,0.0,0.0,0.0,0.0,-100.0,0.0,-145.0,0.0,0.0,0.0,0.0,0.0,0.0,/1,
Kristopher Negrón,32.0,2TM,2LG,0.3,20.0,33.0,32.0,6.0,7.0,0.0,0.0,1.0,4.0,2.0,0.0,1.0,9.0,0.219,0.242,0.313,0.555,54.0,0.256,46.0,10.0,1.0,0.0,0.0,0.0,0.0,/H57D469,
Kristopher Negrón,32.0,ARI,NL,0.1,2.0,3.0,3.0,0.0,1.0,0.0,0.0,0.0,1.0,0.0,0.0,0.0,0.0,0.333,0.333,0.333,0.667,78.0,0.3,73.0,1.0,0.0,0.0,0.0,0.0,0.0,/9H,
Kristopher Negrón,32.0,SEA,AL,0.2,18.0,30.0,29.0,6.0,6.0,0.0,0.0,1.0,3.0,2.0,0.0,1.0,9.0,0.207,0.233,0.31,0.544,52.0,0.251,43.0,9.0,1.0,0.0,0.0,0.0,0.0,/H57D469,
Kurt Suzuki,34.0,ATL,NL,2.0,105.0,388.0,347.0,45.0,94.0,24.0,0.0,12.0,50.0,0.0,0.0,22.0,43.0,0.271,0.332,0.444,0.776,107.0,0.343,108.0,154.0,6.0,13.0,0.0,6.0,0.0,2H/D,
Kyle Barraclough,28.0,MIA,NL,0.0,56.0,0.0,0.0,0.0,0.0,0.0,0.0,0.0,0.0,0.0,0.0,0.0,0.0,,,,,,,,0.0,0.0,0.0,0.0,0.0,0.0,1,
Kyle Crick*,25.0,PIT,NL,0.0,62.0,0.0,0.0,0.0,0.0,0.0,0.0,0.0,0.0,0.0,0.0,0.0,0.0,,,,,,,,0.0,0.0,0.0,0.0,0.0,0.0,1,
Kyle Crockett*,26.0,CIN,NL,0.0,13.0,0.0,0.0,0.0,0.0,0.0,0.0,0.0,0.0,0.0,0.0,0.0,0.0,,,,,,,,0.0,0.0,0.0,0.0,0.0,0.0,1,
Kyle Farmer,27.0,LAD,NL,0.3,39.0,77.0,68.0,1.0,16.0,4.0,1.0,0.0,9.0,0.0,0.0,5.0,15.0,0.235,0.312,0.324,0.635,74.0,0.293,74.0,22.0,1.0,3.0,0.0,1.0,1.0,5H/23,
Kyle Freeland*,25.0,COL,NL,-0.2,30.0,71.0,65.0,5.0,6.0,2.0,0.0,0.0,2.0,0.0,0.0,2.0,40.0,0.092,0.119,0.123,0.242,-38.0,0.122,-77.0,8.0,0.0,0.0,4.0,0.0,0.0,1,CYA-4
Kyle Gibson,30.0,MIN,AL,0.1,1.0,2.0,2.0,2.0,2.0,0.0,0.0,0.0,0.0,0.0,0.0,0.0,0.0,1.0,1.0,1.0,2.0,451.0,0.894,513.0,2.0,0.0,0.0,0.0,0.0,0.0,1,
Kyle Hendricks,28.0,CHC,NL,-0.4,31.0,66.0,60.0,1.0,4.0,1.0,0.0,0.0,1.0,0.0,0.0,2.0,31.0,0.067,0.097,0.083,0.18,-51.0,0.086,-94.0,5.0,0.0,0.0,4.0,0.0,0.0,1,
Kyle Higashioka,28.0,NYY,AL,-0.1,29.0,79.0,72.0,6.0,12.0,2.0,0.0,3.0,6.0,0.0,0.0,6.0,16.0,0.167,0.241,0.319,0.56,52.0,0.248,45.0,23.0,2.0,1.0,0.0,0.0,0.0,2/HD,
Kyle McGowin,26.0,WSN,NL,0.0,5.0,2.0,2.0,1.0,0.0,0.0,0.0,0.0,0.0,0.0,0.0,0.0,0.0,0.0,0.0,0.0,0.0,-100.0,0.0,-150.0,0.0,0.0,0.0,0.0,0.0,0.0,/1,
Kyle McGrath*,25.0,SDP,NL,0.0,4.0,1.0,1.0,0.0,0.0,0.0,0.0,0.0,0.0,0.0,0.0,0.0,0.0,0.0,0.0,0.0,0.0,-100.0,0.0,-136.0,0.0,0.0,0.0,0.0,0.0,0.0,/1,
Kyle Schwarber*,25.0,CHC,NL,2.1,137.0,510.0,428.0,64.0,102.0,14.0,3.0,26.0,61.0,4.0,3.0,78.0,140.0,0.238,0.356,0.467,0.823,117.0,0.346,109.0,200.0,6.0,1.0,1.0,2.0,20.0,*7H/D,
Kyle Seager*,30.0,SEA,AL,1.3,155.0,630.0,583.0,62.0,129.0,36.0,1.0,22.0,78.0,2.0,2.0,38.0,138.0,0.221,0.273,0.4,0.673,86.0,0.289,82.0,233.0,10.0,5.0,0.0,4.0,3.0,*5/H4D,
Kyle Tucker*,21.0,HOU,AL,-0.8,28.0,72.0,64.0,10.0,9.0,2.0,1.0,0.0,4.0,1.0,1.0,6.0,13.0,0.141,0.236,0.203,0.439,23.0,0.202,16.0,13.0,1.0,2.0,0.0,0.0,0.0,7/H98,
Kyle Wright,22.0,ATL,NL,0.0,4.0,0.0,0.0,0.0,0.0,0.0,0.0,0.0,0.0,0.0,0.0,0.0,0.0,,,,,,,,0.0,0.0,0.0,0.0,0.0,0.0,/1,
Lance Lynn#,31.0,2TM,AL,0.0,3.0,4.0,4.0,0.0,0.0,0.0,0.0,0.0,0.0,0.0,0.0,0.0,2.0,0.0,0.0,0.0,0.0,-100.0,0.0,-137.0,0.0,0.0,0.0,0.0,0.0,0.0,1,
Lance Lynn#,31.0,MIN,AL,0.0,2.0,2.0,2.0,0.0,0.0,0.0,0.0,0.0,0.0,0.0,0.0,0.0,0.0,0.0,0.0,0.0,0.0,-100.0,0.0,-139.0,0.0,0.0,0.0,0.0,0.0,0.0,1,
Lance Lynn#,31.0,NYY,AL,0.0,1.0,2.0,2.0,0.0,0.0,0.0,0.0,0.0,0.0,0.0,0.0,0.0,2.0,0.0,0.0,0.0,0.0,-100.0,0.0,-135.0,0.0,0.0,0.0,0.0,0.0,0.0,1,
Lance McCullers Jr.*,24.0,HOU,AL,0.0,1.0,2.0,2.0,0.0,0.0,0.0,0.0,0.0,0.0,0.0,0.0,0.0,1.0,0.0,0.0,0.0,0.0,-100.0,0.0,-135.0,0.0,0.0,0.0,0.0,0.0,0.0,1,
Lane Adams,28.0,ATL,NL,0.3,26.0,29.0,25.0,10.0,6.0,1.0,0.0,2.0,6.0,1.0,0.0,4.0,8.0,0.24,0.345,0.52,0.865,129.0,0.406,148.0,13.0,1.0,0.0,0.0,0.0,0.0,H/978,
Leonys Martín*,30.0,2TM,AL,1.6,84.0,353.0,318.0,48.0,81.0,15.0,3.0,11.0,33.0,7.0,4.0,30.0,77.0,0.255,0.323,0.425,0.747,101.0,0.329,101.0,135.0,2.0,3.0,0.0,2.0,1.0,8/HD9,
Leonys Martín*,30.0,DET,AL,1.4,78.0,336.0,303.0,45.0,76.0,15.0,3.0,9.0,29.0,7.0,3.0,29.0,75.0,0.251,0.321,0.409,0.731,97.0,0.325,97.0,124.0,1.0,3.0,0.0,1.0,1.0,8/DH,
Leonys Martín*,30.0,CLE,AL,0.3,6.0,17.0,15.0,3.0,5.0,0.0,0.0,2.0,4.0,0.0,1.0,1.0,2.0,0.333,0.353,0.733,1.086,183.0,0.398,171.0,11.0,1.0,0.0,0.0,1.0,0.0,/8H9,
Leury García#,27.0,CHW,AL,0.9,82.0,275.0,258.0,23.0,70.0,7.0,4.0,4.0,32.0,12.0,1.0,9.0,69.0,0.271,0.303,0.376,0.679,87.0,0.312,87.0,97.0,2.0,3.0,4.0,1.0,0.0,789H/465,
Lewis Brinson,24.0,MIA,NL,-1.0,109.0,406.0,382.0,31.0,76.0,10.0,5.0,11.0,42.0,2.0,1.0,17.0,120.0,0.199,0.24,0.338,0.577,58.0,0.259,54.0,129.0,6.0,4.0,0.0,2.0,2.0,8/H,
Liam Hendriks,29.0,OAK,AL,0.0,2.0,0.0,0.0,0.0,0.0,0.0,0.0,0.0,0.0,0.0,0.0,0.0,0.0,,,,,,,,0.0,0.0,0.0,0.0,0.0,0.0,1,
Logan Forsythe,31.0,2TM,2LG,-0.3,120.0,416.0,371.0,37.0,86.0,16.0,0.0,2.0,27.0,3.0,0.0,41.0,83.0,0.232,0.313,0.291,0.604,67.0,0.283,67.0,108.0,10.0,3.0,0.0,1.0,1.0,4H5/37D,
Logan Forsythe,31.0,LAD,NL,-0.5,70.0,211.0,193.0,18.0,40.0,10.0,0.0,2.0,13.0,2.0,0.0,17.0,43.0,0.207,0.27,0.29,0.56,54.0,0.256,46.0,56.0,5.0,0.0,0.0,1.0,1.0,45H/3,
Logan Forsythe,31.0,MIN,AL,0.2,50.0,205.0,178.0,19.0,46.0,6.0,0.0,0.0,14.0,1.0,0.0,24.0,40.0,0.258,0.356,0.292,0.648,81.0,0.31,88.0,52.0,5.0,3.0,0.0,0.0,0.0,4/7DH,
Logan Morrison*,30.0,MIN,AL,-0.2,95.0,359.0,318.0,41.0,59.0,13.0,0.0,15.0,39.0,1.0,0.0,34.0,80.0,0.186,0.276,0.368,0.644,74.0,0.285,70.0,117.0,3.0,6.0,0.0,1.0,0.0,3DH/7,
Lonnie Chisenhall*,29.0,CLE,AL,0.3,29.0,95.0,84.0,11.0,27.0,6.0,1.0,1.0,9.0,1.0,0.0,8.0,12.0,0.321,0.394,0.452,0.846,129.0,0.369,128.0,38.0,2.0,2.0,1.0,0.0,1.0,9/H,
Lorenzo Cain,32.0,MIL,NL,6.8,141.0,620.0,539.0,90.0,166.0,25.0,2.0,10.0,38.0,30.0,7.0,71.0,94.0,0.308,0.395,0.417,0.813,119.0,0.379,129.0,225.0,10.0,8.0,0.0,2.0,1.0,*8/H,"AS,MVP-7"
Lou Trivino,26.0,OAK,AL,0.0,4.0,0.0,0.0,0.0,0.0,0.0,0.0,0.0,0.0,0.0,0.0,0.0,0.0,,,,,,,,0.0,0.0,0.0,0.0,0.0,0.0,1,
Louis Coleman,32.0,DET,AL,0.0,3.0,0.0,0.0,0.0,0.0,0.0,0.0,0.0,0.0,0.0,0.0,0.0,0.0,,,,,,,,0.0,0.0,0.0,0.0,0.0,0.0,1,
Lourdes Gurriel Jr.,24.0,TOR,AL,0.3,65.0,263.0,249.0,30.0,70.0,8.0,0.0,11.0,35.0,1.0,2.0,9.0,59.0,0.281,0.309,0.446,0.755,106.0,0.323,104.0,111.0,2.0,2.0,1.0,2.0,1.0,64/H,
Lucas Duda*,32.0,2TM,2LG,0.6,107.0,367.0,328.0,35.0,79.0,14.0,1.0,14.0,50.0,1.0,0.0,28.0,102.0,0.241,0.313,0.418,0.731,98.0,0.318,94.0,137.0,5.0,8.0,0.0,3.0,2.0,3DH,
Lucas Duda*,32.0,KCR,AL,0.6,87.0,345.0,310.0,34.0,75.0,12.0,1.0,13.0,48.0,1.0,0.0,24.0,95.0,0.242,0.31,0.413,0.723,96.0,0.314,92.0,128.0,4.0,8.0,0.0,3.0,2.0,3D/H,
Lucas Duda*,32.0,ATL,NL,0.1,20.0,22.0,18.0,1.0,4.0,2.0,0.0,1.0,2.0,0.0,0.0,4.0,7.0,0.222,0.364,0.5,0.864,130.0,0.374,131.0,9.0,1.0,0.0,0.0,0.0,0.0,H/3,
Lucas Giolito,23.0,CHW,AL,-0.1,3.0,6.0,6.0,0.0,0.0,0.0,0.0,0.0,0.0,0.0,0.0,0.0,4.0,0.0,0.0,0.0,0.0,-100.0,0.0,-131.0,0.0,0.0,0.0,0.0,0.0,0.0,1,
Lucas Sims,24.0,2TM,NL,0.0,8.0,2.0,2.0,0.0,0.0,0.0,0.0,0.0,0.0,0.0,0.0,0.0,1.0,0.0,0.0,0.0,0.0,-100.0,0.0,-145.0,0.0,0.0,0.0,0.0,0.0,0.0,/1,
Lucas Sims,24.0,ATL,NL,0.0,5.0,1.0,1.0,0.0,0.0,0.0,0.0,0.0,0.0,0.0,0.0,0.0,0.0,0.0,0.0,0.0,0.0,-100.0,0.0,-145.0,0.0,0.0,0.0,0.0,0.0,0.0,/1,
Lucas Sims,24.0,CIN,NL,0.0,3.0,1.0,1.0,0.0,0.0,0.0,0.0,0.0,0.0,0.0,0.0,0.0,1.0,0.0,0.0,0.0,0.0,-100.0,0.0,-145.0,0.0,0.0,0.0,0.0,0.0,0.0,/1,
Luis Avilán*,28.0,2TM,2LG,0.0,14.0,1.0,1.0,0.0,0.0,0.0,0.0,0.0,0.0,0.0,0.0,0.0,1.0,0.0,0.0,0.0,0.0,-100.0,0.0,-125.0,0.0,0.0,0.0,0.0,0.0,0.0,1,
Luis Avilán*,28.0,CHW,AL,0.0,3.0,1.0,1.0,0.0,0.0,0.0,0.0,0.0,0.0,0.0,0.0,0.0,1.0,0.0,0.0,0.0,0.0,-100.0,0.0,-125.0,0.0,0.0,0.0,0.0,0.0,0.0,1,
Luis Avilán*,28.0,PHI,NL,0.0,11.0,0.0,0.0,0.0,0.0,0.0,0.0,0.0,0.0,0.0,0.0,0.0,0.0,,,,,,,,0.0,0.0,0.0,0.0,0.0,0.0,1,
Luis Castillo,25.0,CIN,NL,0.0,30.0,65.0,59.0,4.0,6.0,1.0,0.0,0.0,2.0,0.0,0.0,2.0,23.0,0.102,0.131,0.119,0.25,-32.0,0.147,-45.0,7.0,0.0,0.0,4.0,0.0,0.0,1,
Luis Cessa,26.0,NYY,AL,0.0,1.0,1.0,1.0,0.0,0.0,0.0,0.0,0.0,0.0,0.0,0.0,0.0,1.0,0.0,0.0,0.0,0.0,-100.0,0.0,-125.0,0.0,0.0,0.0,0.0,0.0,0.0,1,
Luis García,31.0,PHI,NL,0.0,53.0,0.0,0.0,0.0,0.0,0.0,0.0,0.0,0.0,0.0,0.0,0.0,0.0,,,,,,,,0.0,0.0,0.0,0.0,0.0,0.0,1,
Luis Guillorme*,23.0,NYM,NL,-0.1,35.0,74.0,67.0,4.0,14.0,2.0,0.0,0.0,5.0,1.0,0.0,7.0,3.0,0.209,0.284,0.239,0.523,49.0,0.269,62.0,16.0,1.0,0.0,0.0,0.0,0.0,H5/4,
Luis Perdomo,25.0,SDP,NL,0.1,10.0,9.0,8.0,0.0,2.0,0.0,0.0,0.0,1.0,0.0,0.0,0.0,3.0,0.25,0.222,0.25,0.472,32.0,0.2,12.0,2.0,0.0,0.0,0.0,1.0,0.0,1,
Luis Santos,27.0,TOR,AL,0.0,1.0,0.0,0.0,0.0,0.0,0.0,0.0,0.0,0.0,0.0,0.0,0.0,0.0,,,,,,,,0.0,0.0,0.0,0.0,0.0,0.0,1,
Luis Sardiñas#,25.0,BAL,AL,-0.4,8.0,20.0,18.0,2.0,2.0,0.0,0.0,1.0,1.0,0.0,0.0,2.0,5.0,0.111,0.2,0.278,0.478,31.0,0.214,23.0,5.0,1.0,0.0,0.0,0.0,0.0,/4H,
Luis Severino,24.0,NYY,AL,-0.1,2.0,5.0,5.0,0.0,0.0,0.0,0.0,0.0,0.0,0.0,0.0,0.0,4.0,0.0,0.0,0.0,0.0,-100.0,0.0,-134.0,0.0,0.0,0.0,0.0,0.0,0.0,1,"AS,CYA-9"
Luis Urías,21.0,SDP,NL,0.4,12.0,53.0,48.0,5.0,10.0,1.0,0.0,2.0,5.0,1.0,0.0,3.0,10.0,0.208,0.264,0.354,0.618,71.0,0.293,77.0,17.0,0.0,1.0,0.0,1.0,0.0,4,
Luis Valbuena*,32.0,LAA,AL,-1.3,96.0,288.0,266.0,23.0,53.0,9.0,0.0,9.0,33.0,3.0,0.0,19.0,100.0,0.199,0.253,0.335,0.588,61.0,0.259,53.0,89.0,2.0,1.0,0.0,2.0,3.0,53H/4D,
Luiz Gohara*,21.0,ATL,NL,0.0,8.0,2.0,2.0,0.0,0.0,0.0,0.0,0.0,0.0,0.0,0.0,0.0,2.0,0.0,0.0,0.0,0.0,-100.0,0.0,-145.0,0.0,0.0,0.0,0.0,0.0,0.0,/1,
Luke Farrell*,27.0,CHC,NL,-0.1,19.0,5.0,4.0,0.0,0.0,0.0,0.0,0.0,0.0,0.0,0.0,0.0,3.0,0.0,0.0,0.0,0.0,-100.0,0.0,-209.0,0.0,0.0,0.0,1.0,0.0,0.0,1,
Luke Gregerson*,34.0,STL,NL,0.0,16.0,0.0,0.0,0.0,0.0,0.0,0.0,0.0,0.0,0.0,0.0,0.0,0.0,,,,,,,,0.0,0.0,0.0,0.0,0.0,0.0,1,
Luke Jackson,26.0,ATL,NL,0.0,33.0,3.0,1.0,1.0,0.0,0.0,0.0,0.0,0.0,0.0,0.0,1.0,0.0,0.0,0.5,0.0,0.5,52.0,0.346,118.0,0.0,1.0,0.0,1.0,0.0,0.0,1,
Luke Maile,27.0,TOR,AL,1.0,68.0,231.0,202.0,22.0,50.0,13.0,1.0,3.0,27.0,2.0,0.0,25.0,67.0,0.248,0.333,0.366,0.7,94.0,0.315,94.0,74.0,4.0,2.0,0.0,2.0,0.0,2/H,
Luke Voit,27.0,2TM,2LG,1.5,47.0,161.0,143.0,30.0,46.0,5.0,0.0,15.0,36.0,0.0,0.0,17.0,43.0,0.322,0.398,0.671,1.069,186.0,0.462,199.0,96.0,3.0,1.0,0.0,0.0,0.0,3/HD9,
Luke Voit,27.0,STL,NL,0.1,8.0,13.0,11.0,2.0,2.0,0.0,0.0,1.0,3.0,0.0,0.0,2.0,4.0,0.182,0.308,0.455,0.762,106.0,0.403,156.0,5.0,0.0,0.0,0.0,0.0,0.0,/H3,
Luke Voit,27.0,NYY,AL,1.4,39.0,148.0,132.0,28.0,44.0,5.0,0.0,14.0,33.0,0.0,0.0,15.0,39.0,0.333,0.405,0.689,1.095,193.0,0.467,203.0,91.0,3.0,1.0,0.0,0.0,0.0,3/DH9,
Luke Weaver,24.0,STL,NL,-0.1,33.0,46.0,38.0,4.0,6.0,0.0,0.0,0.0,2.0,0.0,0.0,1.0,14.0,0.158,0.179,0.158,0.337,-6.0,0.154,-48.0,6.0,1.0,0.0,7.0,0.0,0.0,1/H,
Mac Williamson,27.0,SFG,NL,0.4,28.0,105.0,94.0,14.0,20.0,4.0,0.0,4.0,11.0,1.0,1.0,11.0,27.0,0.213,0.295,0.383,0.678,88.0,0.306,91.0,36.0,1.0,0.0,0.0,0.0,0.0,7/9H,
Madison Bumgarner,28.0,SFG,NL,0.1,21.0,46.0,44.0,2.0,7.0,2.0,0.0,0.0,4.0,0.0,0.0,1.0,20.0,0.159,0.174,0.205,0.378,5.0,0.167,-12.0,9.0,0.0,0.0,0.0,1.0,0.0,1/H,
Magneuris Sierra*,22.0,MIA,NL,-1.7,54.0,156.0,147.0,10.0,28.0,3.0,0.0,0.0,7.0,3.0,2.0,6.0,39.0,0.19,0.222,0.211,0.433,22.0,0.202,12.0,31.0,0.0,0.0,3.0,0.0,1.0,89/H,
Maikel Franco,25.0,PHI,NL,0.3,131.0,465.0,433.0,48.0,117.0,17.0,1.0,22.0,68.0,1.0,0.0,29.0,62.0,0.27,0.314,0.467,0.78,106.0,0.337,103.0,202.0,15.0,0.0,0.0,3.0,7.0,*5H/D,
Mallex Smith*,25.0,TBR,AL,3.5,141.0,544.0,480.0,65.0,142.0,27.0,10.0,2.0,40.0,40.0,12.0,47.0,98.0,0.296,0.367,0.406,0.773,115.0,0.349,117.0,195.0,11.0,8.0,7.0,2.0,0.0,*897/HD,
Manny Machado,25.0,2TM,2LG,6.2,162.0,709.0,632.0,84.0,188.0,35.0,3.0,37.0,107.0,14.0,2.0,70.0,104.0,0.297,0.367,0.538,0.905,145.0,0.383,142.0,340.0,26.0,2.0,0.0,5.0,18.0,*65,AS
Manny Machado,25.0,BAL,AL,3.6,96.0,413.0,365.0,48.0,115.0,21.0,1.0,24.0,65.0,8.0,1.0,45.0,51.0,0.315,0.387,0.575,0.963,162.0,0.403,158.0,210.0,14.0,0.0,0.0,3.0,12.0,6,
Manny Machado,25.0,LAD,NL,2.6,66.0,296.0,267.0,36.0,73.0,14.0,2.0,13.0,42.0,6.0,1.0,25.0,53.0,0.273,0.338,0.487,0.825,122.0,0.356,119.0,130.0,12.0,2.0,0.0,2.0,6.0,65,
Manny Piña,31.0,MIL,NL,1.0,98.0,337.0,306.0,39.0,77.0,13.0,2.0,9.0,28.0,2.0,0.0,21.0,62.0,0.252,0.307,0.395,0.702,87.0,0.315,86.0,121.0,13.0,5.0,1.0,4.0,3.0,2/H3,
Manuel Margot,23.0,SDP,NL,1.3,141.0,519.0,477.0,50.0,117.0,26.0,8.0,8.0,51.0,11.0,10.0,32.0,88.0,0.245,0.292,0.384,0.675,87.0,0.291,82.0,183.0,9.0,2.0,1.0,7.0,4.0,*8/H,
Marcell Ozuna,27.0,STL,NL,2.4,148.0,628.0,582.0,69.0,163.0,16.0,2.0,23.0,88.0,3.0,0.0,38.0,110.0,0.28,0.325,0.433,0.758,106.0,0.337,107.0,252.0,10.0,3.0,0.0,4.0,2.0,*7/H,
Marco Estrada,34.0,TOR,AL,0.0,1.0,1.0,1.0,0.0,0.0,0.0,0.0,0.0,0.0,0.0,0.0,0.0,1.0,0.0,0.0,0.0,0.0,-100.0,0.0,-125.0,0.0,0.0,0.0,0.0,0.0,0.0,1,
Marco Gonzales*,26.0,SEA,AL,0.0,1.0,3.0,2.0,0.0,0.0,0.0,0.0,0.0,0.0,0.0,0.0,0.0,2.0,0.0,0.0,0.0,0.0,-100.0,0.0,-243.0,0.0,0.0,0.0,1.0,0.0,0.0,1,
Marcus Semien,27.0,OAK,AL,4.2,159.0,703.0,632.0,89.0,161.0,35.0,2.0,15.0,70.0,14.0,6.0,61.0,131.0,0.255,0.318,0.388,0.706,95.0,0.316,97.0,245.0,12.0,1.0,2.0,7.0,1.0,*6,
Marcus Stroman,27.0,TOR,AL,0.0,1.0,3.0,3.0,0.0,1.0,0.0,0.0,0.0,0.0,0.0,0.0,0.0,1.0,0.333,0.333,0.333,0.667,86.0,0.298,83.0,1.0,0.0,0.0,0.0,0.0,0.0,1,
Marcus Walden,29.0,BOS,AL,0.0,2.0,0.0,0.0,0.0,0.0,0.0,0.0,0.0,0.0,0.0,0.0,0.0,0.0,,,,,,,,0.0,0.0,0.0,0.0,0.0,0.0,/1,
Mark Canha,29.0,OAK,AL,1.7,122.0,411.0,365.0,60.0,91.0,22.0,0.0,17.0,52.0,1.0,2.0,34.0,88.0,0.249,0.328,0.449,0.778,114.0,0.343,118.0,164.0,11.0,10.0,0.0,2.0,3.0,87H39/D,
Mark Leiter Jr.,27.0,PHI,NL,0.0,12.0,3.0,3.0,0.0,0.0,0.0,0.0,0.0,0.0,0.0,0.0,0.0,2.0,0.0,0.0,0.0,0.0,-100.0,0.0,-145.0,0.0,0.0,0.0,0.0,0.0,0.0,1,
Mark Melancon,33.0,SFG,NL,0.0,39.0,0.0,0.0,0.0,0.0,0.0,0.0,0.0,0.0,0.0,0.0,0.0,0.0,,,,,,,,0.0,0.0,0.0,0.0,0.0,0.0,1,
Mark Reynolds,34.0,WSN,NL,-0.1,86.0,235.0,206.0,26.0,51.0,8.0,0.0,13.0,40.0,0.0,0.0,24.0,64.0,0.248,0.328,0.476,0.803,109.0,0.348,107.0,98.0,8.0,2.0,0.0,3.0,1.0,3H5/1489,
Mark Trumbo,32.0,BAL,AL,0.5,90.0,358.0,330.0,41.0,86.0,12.0,0.0,17.0,44.0,0.0,0.0,24.0,87.0,0.261,0.313,0.452,0.764,108.0,0.331,107.0,149.0,10.0,2.0,0.0,2.0,0.0,D9/3H,
Mark Zagunis,25.0,CHC,NL,0.1,5.0,6.0,5.0,0.0,2.0,1.0,0.0,0.0,1.0,0.0,0.0,1.0,1.0,0.4,0.5,0.6,1.1,192.0,0.474,201.0,3.0,0.0,0.0,0.0,0.0,0.0,/H9,
Martín Maldonado,31.0,2TM,AL,0.3,119.0,404.0,373.0,39.0,84.0,18.0,1.0,9.0,44.0,0.0,1.0,16.0,98.0,0.225,0.276,0.351,0.627,72.0,0.278,70.0,131.0,8.0,11.0,2.0,2.0,0.0,*2/H,
Martín Maldonado,31.0,LAA,AL,0.2,78.0,290.0,265.0,24.0,59.0,14.0,0.0,5.0,32.0,0.0,1.0,13.0,73.0,0.223,0.284,0.332,0.616,70.0,0.278,70.0,88.0,3.0,10.0,1.0,1.0,0.0,2/H,
Martín Maldonado,31.0,HOU,AL,0.1,41.0,114.0,108.0,15.0,25.0,4.0,1.0,4.0,12.0,0.0,0.0,3.0,25.0,0.231,0.257,0.398,0.655,77.0,0.279,68.0,43.0,5.0,1.0,1.0,1.0,0.0,2/H,
Martín Prado,34.0,MIA,NL,-0.4,54.0,209.0,197.0,16.0,48.0,9.0,0.0,1.0,18.0,1.0,1.0,11.0,35.0,0.244,0.287,0.305,0.592,65.0,0.281,71.0,60.0,5.0,1.0,0.0,0.0,0.0,5/H3D,
Martín Pérez*,27.0,TEX,AL,0.0,3.0,3.0,3.0,0.0,0.0,0.0,0.0,0.0,0.0,0.0,0.0,0.0,3.0,0.0,0.0,0.0,0.0,-100.0,0.0,-143.0,0.0,0.0,0.0,0.0,0.0,0.0,1,
Marwin González#,29.0,HOU,AL,2.5,145.0,552.0,489.0,61.0,121.0,25.0,3.0,16.0,68.0,2.0,3.0,53.0,126.0,0.247,0.324,0.409,0.733,101.0,0.327,104.0,200.0,14.0,3.0,5.0,2.0,3.0,7643/H589D,
Masahiro Tanaka,29.0,NYY,AL,0.0,3.0,6.0,6.0,1.0,0.0,0.0,0.0,0.0,0.0,0.0,0.0,0.0,1.0,0.0,0.0,0.0,0.0,-100.0,0.149,-26.0,0.0,0.0,0.0,0.0,0.0,0.0,1,
Mason Williams*,26.0,CIN,NL,0.2,51.0,132.0,123.0,10.0,36.0,5.0,1.0,2.0,6.0,1.0,2.0,7.0,29.0,0.293,0.331,0.398,0.729,95.0,0.31,87.0,49.0,5.0,0.0,2.0,0.0,1.0,9H8/7,
Matt Adams*,29.0,2TM,NL,1.1,121.0,337.0,306.0,42.0,73.0,10.0,0.0,21.0,57.0,0.0,0.0,27.0,73.0,0.239,0.309,0.477,0.786,105.0,0.342,105.0,146.0,6.0,4.0,0.0,0.0,3.0,3H7/D9,
Matt Adams*,29.0,WSN,NL,1.5,94.0,277.0,249.0,37.0,64.0,9.0,0.0,18.0,48.0,0.0,0.0,24.0,55.0,0.257,0.332,0.51,0.842,118.0,0.364,119.0,127.0,6.0,4.0,0.0,0.0,2.0,3H7/D9,
Matt Adams*,29.0,STL,NL,-0.4,27.0,60.0,57.0,5.0,9.0,1.0,0.0,3.0,9.0,0.0,0.0,3.0,18.0,0.158,0.2,0.333,0.533,43.0,0.24,36.0,19.0,0.0,0.0,0.0,0.0,1.0,3H,
Matt Albers*,35.0,MIL,NL,0.0,31.0,0.0,0.0,0.0,0.0,0.0,0.0,0.0,0.0,0.0,0.0,0.0,0.0,,,,,,,,0.0,0.0,0.0,0.0,0.0,0.0,1,
Matt Andriese,28.0,2TM,2LG,0.0,16.0,1.0,1.0,0.0,0.0,0.0,0.0,0.0,0.0,0.0,0.0,0.0,1.0,0.0,0.0,0.0,0.0,-100.0,0.0,-145.0,0.0,0.0,0.0,0.0,0.0,0.0,1,
Matt Andriese,28.0,TBR,AL,0.0,2.0,0.0,0.0,0.0,0.0,0.0,0.0,0.0,0.0,0.0,0.0,0.0,0.0,,,,,,,,0.0,0.0,0.0,0.0,0.0,0.0,1,
Matt Andriese,28.0,ARI,NL,0.0,14.0,1.0,1.0,0.0,0.0,0.0,0.0,0.0,0.0,0.0,0.0,0.0,1.0,0.0,0.0,0.0,0.0,-100.0,0.0,-145.0,0.0,0.0,0.0,0.0,0.0,0.0,1,
Matt Barnes,28.0,BOS,AL,0.0,4.0,0.0,0.0,0.0,0.0,0.0,0.0,0.0,0.0,0.0,0.0,0.0,0.0,,,,,,,,0.0,0.0,0.0,0.0,0.0,0.0,1,
Matt Belisle,38.0,MIN,AL,0.0,2.0,0.0,0.0,0.0,0.0,0.0,0.0,0.0,0.0,0.0,0.0,0.0,0.0,,,,,,,,0.0,0.0,0.0,0.0,0.0,0.0,1,
Matt Bowman,27.0,STL,NL,0.0,21.0,1.0,1.0,0.0,0.0,0.0,0.0,0.0,0.0,0.0,0.0,0.0,0.0,0.0,0.0,0.0,0.0,-100.0,0.0,-136.0,0.0,0.0,0.0,0.0,0.0,0.0,1,
Matt Bush,32.0,TEX,AL,0.0,2.0,0.0,0.0,0.0,0.0,0.0,0.0,0.0,0.0,0.0,0.0,0.0,0.0,,,,,,,,0.0,0.0,0.0,0.0,0.0,0.0,1,
Matt Carpenter*,32.0,STL,NL,4.6,156.0,677.0,564.0,111.0,145.0,42.0,0.0,36.0,81.0,4.0,1.0,102.0,158.0,0.257,0.374,0.523,0.897,143.0,0.379,140.0,295.0,0.0,6.0,0.0,4.0,17.0,354/HD,MVP-9
Matt Chapman,25.0,OAK,AL,7.4,145.0,616.0,547.0,100.0,152.0,42.0,6.0,24.0,68.0,1.0,2.0,58.0,146.0,0.278,0.356,0.508,0.864,137.0,0.37,137.0,278.0,18.0,9.0,0.0,2.0,0.0,*5,"MVP-7,GG"
Matt Davidson,27.0,CHW,AL,0.6,123.0,496.0,434.0,51.0,99.0,23.0,0.0,20.0,62.0,0.0,0.0,52.0,165.0,0.228,0.319,0.419,0.738,102.0,0.326,103.0,182.0,8.0,7.0,0.0,3.0,0.0,D35/H1,
Matt den Dekker*,30.0,NYM,NL,-0.7,8.0,21.0,18.0,0.0,0.0,0.0,0.0,0.0,1.0,0.0,0.0,2.0,9.0,0.0,0.095,0.0,0.095,-70.0,0.109,-53.0,0.0,0.0,0.0,0.0,1.0,0.0,/8H,
Matt Duffy,27.0,TBR,AL,3.2,132.0,560.0,503.0,59.0,148.0,22.0,1.0,4.0,44.0,12.0,6.0,47.0,93.0,0.294,0.361,0.366,0.727,104.0,0.331,108.0,184.0,12.0,7.0,1.0,2.0,1.0,*5/DH6,
Matt Festa,25.0,SEA,AL,0.0,1.0,0.0,0.0,0.0,0.0,0.0,0.0,0.0,0.0,0.0,0.0,0.0,0.0,,,,,,,,0.0,0.0,0.0,0.0,0.0,0.0,/1,
Matt Grace*,29.0,WSN,NL,0.0,54.0,3.0,3.0,0.0,1.0,0.0,0.0,0.0,0.0,0.0,0.0,0.0,0.0,0.333,0.333,0.333,0.667,77.0,0.3,73.0,1.0,0.0,0.0,0.0,0.0,0.0,1,
Matt Hall*,24.0,DET,AL,0.0,1.0,0.0,0.0,0.0,0.0,0.0,0.0,0.0,0.0,0.0,0.0,0.0,0.0,,,,,,,,0.0,0.0,0.0,0.0,0.0,0.0,/1,
Matt Harvey,29.0,2TM,NL,-0.3,32.0,57.0,53.0,1.0,4.0,0.0,0.0,0.0,1.0,0.0,0.0,2.0,19.0,0.075,0.109,0.075,0.185,-49.0,0.105,-72.0,4.0,2.0,0.0,2.0,0.0,0.0,1,
Matt Harvey,29.0,NYM,NL,0.1,8.0,7.0,7.0,0.0,2.0,0.0,0.0,0.0,0.0,0.0,0.0,0.0,2.0,0.286,0.286,0.286,0.571,61.0,0.257,55.0,2.0,1.0,0.0,0.0,0.0,0.0,/1,
Matt Harvey,29.0,CIN,NL,-0.3,24.0,50.0,46.0,1.0,2.0,0.0,0.0,0.0,1.0,0.0,0.0,2.0,17.0,0.043,0.083,0.043,0.127,-64.0,0.083,-90.0,2.0,1.0,0.0,2.0,0.0,0.0,1,
Matt Holliday,38.0,COL,NL,0.1,25.0,65.0,53.0,3.0,15.0,2.0,0.0,2.0,3.0,0.0,0.0,12.0,18.0,0.283,0.415,0.434,0.849,116.0,0.396,133.0,23.0,0.0,0.0,0.0,0.0,0.0,7H/3D,
Matt Joyce*,33.0,OAK,AL,-0.2,83.0,246.0,207.0,34.0,43.0,9.0,0.0,7.0,15.0,0.0,2.0,35.0,53.0,0.208,0.322,0.353,0.675,88.0,0.303,90.0,73.0,3.0,1.0,1.0,2.0,2.0,7HD/98,
Matt Kemp,33.0,LAD,NL,1.2,146.0,506.0,462.0,62.0,134.0,25.0,0.0,21.0,85.0,0.0,0.0,36.0,115.0,0.29,0.338,0.481,0.818,121.0,0.354,120.0,222.0,14.0,1.0,0.0,7.0,2.0,*79H/D,AS
Matt Koch*,27.0,ARI,NL,0.1,18.0,23.0,17.0,1.0,1.0,0.0,0.0,0.0,0.0,0.0,0.0,3.0,11.0,0.059,0.2,0.059,0.259,-26.0,0.194,-20.0,1.0,0.0,0.0,3.0,0.0,0.0,1,
Matt Magill,28.0,MIN,AL,0.0,3.0,1.0,1.0,0.0,0.0,0.0,0.0,0.0,0.0,0.0,0.0,0.0,1.0,0.0,0.0,0.0,0.0,-100.0,0.0,-125.0,0.0,0.0,0.0,0.0,0.0,0.0,1,
Matt Moore*,29.0,TEX,AL,0.0,3.0,0.0,0.0,0.0,0.0,0.0,0.0,0.0,0.0,0.0,0.0,0.0,0.0,,,,,,,,0.0,0.0,0.0,0.0,0.0,0.0,1,
Matt Olson*,24.0,OAK,AL,4.0,162.0,660.0,580.0,85.0,143.0,33.0,0.0,29.0,84.0,2.0,1.0,70.0,163.0,0.247,0.335,0.453,0.788,117.0,0.346,119.0,263.0,13.0,8.0,0.0,2.0,3.0,*3/H,GG
Matt Reynolds,27.0,WSN,NL,-0.1,12.0,14.0,13.0,1.0,2.0,0.0,0.0,0.0,1.0,0.0,0.0,1.0,4.0,0.154,0.214,0.154,0.368,0.0,0.178,-17.0,2.0,0.0,0.0,0.0,0.0,0.0,H/5,
Matt Skole*,28.0,CHW,AL,0.0,4.0,13.0,11.0,2.0,3.0,0.0,0.0,1.0,1.0,0.0,0.0,2.0,3.0,0.273,0.385,0.545,0.93,154.0,0.398,155.0,6.0,0.0,0.0,0.0,0.0,0.0,/D3,
Matt Strahm,26.0,SDP,NL,-0.1,39.0,8.0,8.0,0.0,0.0,0.0,0.0,0.0,0.0,0.0,0.0,0.0,4.0,0.0,0.0,0.0,0.0,-100.0,0.0,-134.0,0.0,0.0,0.0,0.0,0.0,0.0,1,
Matt Szczur,28.0,SDP,NL,-0.3,57.0,84.0,75.0,11.0,14.0,3.0,0.0,1.0,6.0,3.0,0.0,8.0,24.0,0.187,0.265,0.267,0.532,50.0,0.249,41.0,20.0,2.0,0.0,1.0,0.0,0.0,H79/8,
Matt Wieters#,32.0,WSN,NL,0.4,76.0,271.0,235.0,24.0,56.0,8.0,0.0,8.0,30.0,0.0,1.0,30.0,45.0,0.238,0.33,0.374,0.704,86.0,0.309,80.0,88.0,5.0,3.0,1.0,2.0,3.0,2H,
Matt Wisler,25.0,2TM,NL,-0.1,17.0,9.0,8.0,0.0,0.0,0.0,0.0,0.0,0.0,0.0,0.0,0.0,4.0,0.0,0.0,0.0,0.0,-100.0,0.0,-172.0,0.0,0.0,0.0,1.0,0.0,0.0,1,
Matt Wisler,25.0,ATL,NL,-0.1,6.0,9.0,8.0,0.0,0.0,0.0,0.0,0.0,0.0,0.0,0.0,0.0,4.0,0.0,0.0,0.0,0.0,-100.0,0.0,-172.0,0.0,0.0,0.0,1.0,0.0,0.0,/1,
Matt Wisler,25.0,CIN,NL,0.0,11.0,0.0,0.0,0.0,0.0,0.0,0.0,0.0,0.0,0.0,0.0,0.0,0.0,,,,,,,,0.0,0.0,0.0,0.0,0.0,0.0,1,
Matthew Boyd*,27.0,DET,AL,0.0,2.0,2.0,2.0,0.0,0.0,0.0,0.0,0.0,0.0,0.0,0.0,0.0,2.0,0.0,0.0,0.0,0.0,-100.0,0.0,-139.0,0.0,0.0,0.0,0.0,0.0,0.0,1,
Max Fried*,24.0,ATL,NL,0.0,14.0,8.0,8.0,1.0,1.0,0.0,0.0,0.0,0.0,0.0,0.0,0.0,3.0,0.125,0.125,0.125,0.25,-32.0,0.113,-60.0,1.0,0.0,0.0,0.0,0.0,0.0,1,
Max Kepler*,25.0,MIN,AL,3.5,156.0,611.0,532.0,80.0,119.0,30.0,4.0,20.0,58.0,4.0,5.0,71.0,96.0,0.224,0.319,0.408,0.727,97.0,0.32,98.0,217.0,8.0,5.0,0.0,3.0,2.0,*98H/D3,
Max Moroff#,25.0,PIT,NL,0.1,26.0,67.0,59.0,7.0,11.0,1.0,0.0,3.0,9.0,0.0,0.0,7.0,24.0,0.186,0.284,0.356,0.64,75.0,0.28,67.0,21.0,0.0,1.0,0.0,0.0,1.0,4/6H,
Max Muncy*,27.0,LAD,NL,4.3,137.0,481.0,395.0,75.0,104.0,17.0,2.0,35.0,79.0,3.0,0.0,79.0,131.0,0.263,0.391,0.582,0.973,161.0,0.416,164.0,230.0,4.0,5.0,0.0,2.0,6.0,35H4/7D,MVP-15
Max Scherzer,33.0,WSN,NL,0.8,32.0,78.0,70.0,8.0,17.0,2.0,0.0,0.0,6.0,1.0,0.0,1.0,14.0,0.243,0.274,0.271,0.545,45.0,0.274,47.0,19.0,1.0,2.0,5.0,0.0,0.0,1/H,"AS,CYA-2,MVP-10"
Max Stassi,27.0,HOU,AL,1.1,88.0,250.0,221.0,28.0,50.0,13.0,0.0,8.0,27.0,0.0,0.0,23.0,74.0,0.226,0.316,0.394,0.71,94.0,0.315,94.0,87.0,6.0,6.0,0.0,0.0,0.0,2H/D,
Meibrys Viloria*,21.0,KCR,AL,0.0,10.0,29.0,27.0,4.0,7.0,2.0,0.0,0.0,4.0,0.0,0.0,1.0,9.0,0.259,0.286,0.333,0.619,70.0,0.273,62.0,9.0,1.0,0.0,1.0,0.0,0.0,2,
Melky Cabrera#,33.0,CLE,AL,0.0,78.0,278.0,250.0,28.0,70.0,17.0,0.0,6.0,39.0,1.0,1.0,20.0,38.0,0.28,0.335,0.42,0.755,103.0,0.335,106.0,105.0,10.0,3.0,0.0,5.0,0.0,9/H7D,
Merandy González,22.0,MIA,NL,0.0,7.0,4.0,4.0,0.0,1.0,0.0,0.0,0.0,0.0,0.0,0.0,0.0,2.0,0.25,0.25,0.25,0.5,40.0,0.225,30.0,1.0,0.0,0.0,0.0,0.0,0.0,/1,
Michael A. Taylor,27.0,WSN,NL,1.4,134.0,385.0,353.0,46.0,80.0,22.0,3.0,6.0,28.0,24.0,6.0,29.0,116.0,0.227,0.287,0.357,0.644,69.0,0.294,62.0,126.0,9.0,1.0,2.0,0.0,2.0,*8H/3D,
Michael Brantley*,31.0,CLE,AL,3.8,143.0,631.0,570.0,89.0,176.0,36.0,2.0,17.0,76.0,12.0,3.0,48.0,60.0,0.309,0.364,0.468,0.832,124.0,0.368,127.0,267.0,15.0,5.0,1.0,6.0,0.0,*7/DH,AS
Michael Conforto*,25.0,NYM,NL,2.8,153.0,638.0,543.0,78.0,132.0,25.0,1.0,28.0,82.0,3.0,4.0,84.0,159.0,0.243,0.35,0.448,0.797,122.0,0.35,125.0,243.0,10.0,7.0,0.0,4.0,8.0,*789H/D,
Michael Feliz,25.0,PIT,NL,0.0,44.0,2.0,2.0,0.0,0.0,0.0,0.0,0.0,0.0,0.0,0.0,0.0,1.0,0.0,0.0,0.0,0.0,-100.0,0.0,-141.0,0.0,0.0,0.0,0.0,0.0,0.0,1,
Michael Fulmer,25.0,DET,AL,-0.1,3.0,7.0,6.0,0.0,0.0,0.0,0.0,0.0,0.0,0.0,0.0,0.0,4.0,0.0,0.0,0.0,0.0,-100.0,0.0,-176.0,0.0,1.0,0.0,1.0,0.0,0.0,1,
Michael Hermosillo,23.0,LAA,AL,-0.2,31.0,62.0,57.0,7.0,12.0,4.0,0.0,1.0,1.0,0.0,1.0,3.0,17.0,0.211,0.274,0.333,0.608,67.0,0.256,59.0,19.0,0.0,2.0,0.0,0.0,0.0,89/7H,
Michael Lorenzen,26.0,CIN,NL,0.7,54.0,34.0,31.0,5.0,9.0,1.0,0.0,4.0,10.0,0.0,0.0,2.0,9.0,0.29,0.333,0.71,1.043,170.0,0.462,197.0,22.0,4.0,0.0,1.0,0.0,0.0,1H/9,
Michael Pérez*,25.0,TBR,AL,0.5,24.0,80.0,74.0,9.0,21.0,5.0,0.0,1.0,11.0,0.0,0.0,3.0,19.0,0.284,0.304,0.392,0.696,92.0,0.31,93.0,29.0,0.0,0.0,1.0,2.0,0.0,2/H,
Michael Reed,25.0,ATL,NL,0.0,7.0,7.0,7.0,1.0,2.0,0.0,0.0,0.0,0.0,0.0,0.0,0.0,3.0,0.286,0.286,0.286,0.571,55.0,0.243,36.0,2.0,0.0,0.0,0.0,0.0,0.0,/H7,
Michael Soroka,20.0,ATL,NL,0.0,4.0,8.0,8.0,0.0,1.0,0.0,0.0,0.0,0.0,0.0,0.0,0.0,1.0,0.125,0.125,0.125,0.25,-32.0,0.113,-60.0,1.0,0.0,0.0,0.0,0.0,0.0,/1,
Michael Wacha,26.0,STL,NL,0.0,15.0,32.0,25.0,3.0,2.0,0.0,0.0,0.0,1.0,0.0,0.0,1.0,9.0,0.08,0.115,0.08,0.195,-45.0,0.158,-52.0,2.0,0.0,0.0,6.0,0.0,0.0,1,
Miguel Andujar,23.0,NYY,AL,2.8,149.0,606.0,573.0,83.0,170.0,47.0,2.0,27.0,92.0,2.0,1.0,25.0,97.0,0.297,0.328,0.527,0.855,130.0,0.371,134.0,302.0,9.0,4.0,0.0,4.0,2.0,*5D/H,ROY-2
Miguel Cabrera,35.0,DET,AL,0.3,38.0,157.0,134.0,17.0,40.0,11.0,0.0,3.0,22.0,0.0,0.0,22.0,27.0,0.299,0.395,0.448,0.843,128.0,0.36,123.0,60.0,6.0,0.0,0.0,1.0,4.0,3/DH,
Miguel Castro,23.0,BAL,AL,0.0,3.0,0.0,0.0,0.0,0.0,0.0,0.0,0.0,0.0,0.0,0.0,0.0,0.0,,,,,,,,0.0,0.0,0.0,0.0,0.0,0.0,1,
Miguel Díaz,23.0,SDP,NL,0.0,11.0,0.0,0.0,0.0,0.0,0.0,0.0,0.0,0.0,0.0,0.0,0.0,0.0,,,,,,,,0.0,0.0,0.0,0.0,0.0,0.0,1,
Miguel Gómez#,25.0,SFG,NL,0.0,9.0,15.0,15.0,3.0,4.0,0.0,0.0,0.0,1.0,0.0,0.0,0.0,5.0,0.267,0.267,0.267,0.533,50.0,0.24,42.0,4.0,0.0,0.0,0.0,0.0,0.0,/H4,
Miguel Montero*,34.0,WSN,NL,-0.3,4.0,13.0,11.0,0.0,0.0,0.0,0.0,0.0,0.0,0.0,0.0,2.0,3.0,0.0,0.154,0.0,0.154,-54.0,0.058,-123.0,0.0,0.0,0.0,0.0,0.0,1.0,/2,
Miguel Rojas,29.0,MIA,NL,1.2,153.0,528.0,488.0,44.0,123.0,13.0,0.0,11.0,53.0,6.0,3.0,24.0,69.0,0.252,0.297,0.346,0.643,79.0,0.302,85.0,169.0,23.0,9.0,2.0,4.0,2.0,635H4,
Miguel Sanó,25.0,MIN,AL,-0.4,71.0,299.0,266.0,32.0,53.0,14.0,0.0,13.0,41.0,0.0,0.0,31.0,115.0,0.199,0.281,0.398,0.679,83.0,0.292,76.0,106.0,7.0,0.0,0.0,2.0,0.0,53/DH,
Miguel Socolovich,31.0,ATL,NL,0.0,4.0,0.0,0.0,0.0,0.0,0.0,0.0,0.0,0.0,0.0,0.0,0.0,0.0,,,,,,,,0.0,0.0,0.0,0.0,0.0,0.0,/1,
Mike Clevinger,27.0,CLE,AL,-0.1,2.0,4.0,4.0,0.0,0.0,0.0,0.0,0.0,0.0,0.0,0.0,0.0,4.0,0.0,0.0,0.0,0.0,-100.0,0.0,-134.0,0.0,0.0,0.0,0.0,0.0,0.0,1,
Mike Dunn*,33.0,COL,NL,0.0,25.0,0.0,0.0,0.0,0.0,0.0,0.0,0.0,0.0,0.0,0.0,0.0,0.0,,,,,,,,0.0,0.0,0.0,0.0,0.0,0.0,1,
Mike Foltynewicz,26.0,ATL,NL,-0.5,30.0,66.0,58.0,3.0,3.0,1.0,0.0,0.0,4.0,0.0,0.0,0.0,41.0,0.052,0.052,0.069,0.121,-68.0,0.051,-133.0,4.0,0.0,0.0,8.0,0.0,0.0,1,"AS,CYA-8"
Mike Freeman*,30.0,CHC,NL,-0.1,1.0,1.0,0.0,0.0,0.0,0.0,0.0,0.0,0.0,0.0,0.0,0.0,0.0,,,,,,,,0.0,0.0,0.0,1.0,0.0,0.0,/4,
Mike Gerber*,25.0,DET,AL,-0.7,18.0,47.0,42.0,2.0,4.0,1.0,0.0,0.0,2.0,0.0,0.0,4.0,21.0,0.095,0.17,0.119,0.289,-19.0,0.142,-33.0,5.0,1.0,0.0,0.0,1.0,0.0,/7H8D9,
Mike Leake,30.0,SEA,AL,0.0,2.0,4.0,4.0,0.0,0.0,0.0,0.0,0.0,0.0,0.0,0.0,0.0,4.0,0.0,0.0,0.0,0.0,-100.0,0.0,-126.0,0.0,0.0,0.0,0.0,0.0,0.0,1,
Mike Marjama,28.0,SEA,AL,-0.2,10.0,29.0,27.0,1.0,3.0,3.0,0.0,0.0,0.0,0.0,1.0,2.0,6.0,0.111,0.172,0.222,0.395,10.0,0.189,22.0,6.0,2.0,0.0,0.0,0.0,0.0,2/H,
Mike Mayers,26.0,STL,NL,0.0,48.0,2.0,1.0,0.0,0.0,0.0,0.0,0.0,0.0,0.0,0.0,1.0,1.0,0.0,0.5,0.0,0.5,55.0,0.346,114.0,0.0,0.0,0.0,0.0,0.0,0.0,1,
Mike Minor,30.0,TEX,AL,0.1,1.0,3.0,3.0,0.0,1.0,1.0,0.0,0.0,0.0,0.0,0.0,0.0,1.0,0.333,0.333,0.667,1.0,154.0,0.412,154.0,2.0,0.0,0.0,0.0,0.0,0.0,1,
Mike Montgomery*,28.0,CHC,NL,-0.2,37.0,35.0,33.0,1.0,3.0,0.0,0.0,0.0,1.0,0.0,0.0,1.0,20.0,0.091,0.118,0.091,0.209,-43.0,0.1,-77.0,3.0,0.0,0.0,1.0,0.0,0.0,1/H,
Mike Morin,27.0,SEA,AL,0.0,1.0,0.0,0.0,0.0,0.0,0.0,0.0,0.0,0.0,0.0,0.0,0.0,0.0,,,,,,,,0.0,0.0,0.0,0.0,0.0,0.0,/1,
Mike Moustakas*,29.0,2TM,2LG,2.2,152.0,635.0,573.0,66.0,144.0,33.0,1.0,28.0,95.0,4.0,1.0,49.0,103.0,0.251,0.315,0.459,0.774,107.0,0.333,104.0,263.0,13.0,7.0,0.0,6.0,5.0,*5D/H3,
Mike Moustakas*,29.0,KCR,AL,1.7,98.0,417.0,378.0,46.0,94.0,21.0,1.0,20.0,62.0,3.0,0.0,30.0,63.0,0.249,0.309,0.468,0.778,109.0,0.336,107.0,177.0,10.0,5.0,0.0,4.0,3.0,5D/3H,
Mike Moustakas*,29.0,MIL,NL,0.5,54.0,218.0,195.0,20.0,50.0,12.0,0.0,8.0,33.0,1.0,1.0,19.0,40.0,0.256,0.326,0.441,0.767,104.0,0.329,98.0,86.0,3.0,2.0,0.0,2.0,2.0,5/H,
Mike Tauchman*,27.0,COL,NL,-0.5,21.0,37.0,32.0,5.0,3.0,1.0,0.0,0.0,0.0,1.0,0.0,4.0,15.0,0.094,0.194,0.125,0.319,-16.0,0.166,-44.0,4.0,0.0,0.0,1.0,0.0,0.0,H/879,
Mike Trout,26.0,LAA,AL,9.9,140.0,608.0,471.0,101.0,147.0,24.0,4.0,39.0,79.0,24.0,2.0,122.0,124.0,0.312,0.46,0.628,1.088,198.0,0.455,194.0,296.0,5.0,10.0,0.0,4.0,25.0,*8D/H,"AS,MVP-2,SS"
Mike Wright Jr.,28.0,BAL,AL,0.0,3.0,1.0,1.0,0.0,0.0,0.0,0.0,0.0,0.0,0.0,0.0,0.0,0.0,0.0,0.0,0.0,0.0,-100.0,0.0,-125.0,0.0,0.0,0.0,0.0,0.0,0.0,1,
Mike Zagurski*,35.0,MIL,NL,0.0,2.0,0.0,0.0,0.0,0.0,0.0,0.0,0.0,0.0,0.0,0.0,0.0,0.0,,,,,,,,0.0,0.0,0.0,0.0,0.0,0.0,/1,
Mike Zunino,27.0,SEA,AL,1.8,113.0,405.0,373.0,37.0,75.0,18.0,0.0,20.0,44.0,0.0,0.0,24.0,150.0,0.201,0.259,0.41,0.669,85.0,0.29,82.0,153.0,7.0,6.0,0.0,2.0,0.0,*2/HD,
Mikie Mahtook,28.0,DET,AL,0.4,67.0,250.0,223.0,24.0,45.0,4.0,2.0,9.0,29.0,4.0,1.0,21.0,66.0,0.202,0.276,0.359,0.635,71.0,0.291,72.0,80.0,3.0,3.0,0.0,3.0,1.0,7/H98D,
Miles Mikolas,29.0,STL,NL,0.3,32.0,71.0,63.0,4.0,9.0,1.0,0.0,2.0,6.0,0.0,0.0,2.0,33.0,0.143,0.167,0.254,0.421,13.0,0.182,-13.0,16.0,0.0,0.0,5.0,1.0,0.0,1/H,"AS,CYA-6"
Mitch Garver,27.0,MIN,AL,1.1,102.0,335.0,302.0,38.0,81.0,19.0,2.0,7.0,45.0,0.0,0.0,29.0,72.0,0.268,0.335,0.414,0.749,104.0,0.337,108.0,125.0,8.0,2.0,1.0,1.0,2.0,2H/D31,
Mitch Haniger,27.0,SEA,AL,6.5,157.0,683.0,596.0,90.0,170.0,38.0,4.0,26.0,93.0,8.0,2.0,70.0,148.0,0.285,0.366,0.493,0.859,139.0,0.377,144.0,294.0,8.0,10.0,0.0,7.0,4.0,*98/7D,"AS,MVP-11"
Mitch Moreland*,32.0,BOS,AL,1.9,124.0,459.0,404.0,57.0,99.0,23.0,4.0,15.0,68.0,2.0,0.0,50.0,102.0,0.245,0.325,0.433,0.758,102.0,0.329,99.0,175.0,12.0,0.0,0.0,5.0,2.0,*3H/D,AS
Mitch Walding*,25.0,PHI,NL,-0.2,13.0,19.0,17.0,1.0,1.0,0.0,0.0,1.0,2.0,0.0,0.0,2.0,12.0,0.059,0.158,0.235,0.393,4.0,0.181,-11.0,4.0,1.0,0.0,0.0,0.0,0.0,/H5,
MLB Average,,,,,,,,,,,,,,,,,,0.248,0.318,0.409,0.728,100.0,0.323,100.0,,,,,,,,
Moisés Sierra,29.0,WSN,NL,-0.6,27.0,60.0,54.0,4.0,9.0,2.0,0.0,0.0,4.0,1.0,1.0,2.0,20.0,0.167,0.217,0.204,0.42,12.0,0.205,6.0,11.0,2.0,2.0,0.0,2.0,0.0,7H/9,
Mookie Betts,25.0,BOS,AL,10.7,136.0,614.0,520.0,129.0,180.0,47.0,5.0,32.0,80.0,30.0,6.0,81.0,91.0,0.346,0.438,0.64,1.078,186.0,0.462,192.0,333.0,5.0,8.0,0.0,5.0,8.0,*98/HD4,"AS,MVP-1,GG,SS"
Murphy Smith,30.0,TOR,AL,0.0,1.0,0.0,0.0,0.0,0.0,0.0,0.0,0.0,0.0,0.0,0.0,0.0,0.0,,,,,,,,0.0,0.0,0.0,0.0,0.0,0.0,/1,
Mychal Givens,28.0,BAL,AL,0.0,4.0,0.0,0.0,0.0,0.0,0.0,0.0,0.0,0.0,0.0,0.0,0.0,0.0,,,,,,,,0.0,0.0,0.0,0.0,0.0,0.0,1,
Myles Straw,23.0,HOU,AL,0.2,9.0,10.0,9.0,4.0,3.0,0.0,0.0,1.0,1.0,2.0,0.0,1.0,0.0,0.333,0.4,0.667,1.067,187.0,0.486,183.0,6.0,0.0,0.0,0.0,0.0,0.0,/9H87,
Nate Jones,32.0,CHW,AL,0.0,3.0,0.0,0.0,0.0,0.0,0.0,0.0,0.0,0.0,0.0,0.0,0.0,0.0,,,,,,,,0.0,0.0,0.0,0.0,0.0,0.0,1,
Nate Orf,28.0,MIL,NL,-0.2,15.0,25.0,21.0,4.0,2.0,0.0,0.0,1.0,1.0,1.0,0.0,3.0,8.0,0.095,0.24,0.238,0.478,29.0,0.24,25.0,5.0,1.0,1.0,0.0,0.0,0.0,H/4659,
Nathan Eovaldi,28.0,2TM,AL,0.0,6.0,10.0,9.0,2.0,1.0,0.0,0.0,0.0,1.0,0.0,0.0,1.0,7.0,0.111,0.2,0.111,0.311,-10.0,0.149,-25.0,1.0,0.0,0.0,0.0,0.0,0.0,1/H,
Nathan Eovaldi,28.0,TBR,AL,0.0,4.0,7.0,7.0,1.0,1.0,0.0,0.0,0.0,1.0,0.0,0.0,0.0,5.0,0.143,0.143,0.143,0.286,-20.0,0.114,-48.0,1.0,0.0,0.0,0.0,0.0,0.0,1/H,
Nathan Eovaldi,28.0,BOS,AL,0.0,2.0,3.0,2.0,1.0,0.0,0.0,0.0,0.0,0.0,0.0,0.0,1.0,2.0,0.0,0.333,0.0,0.333,3.0,0.231,29.0,0.0,0.0,0.0,0.0,0.0,0.0,1,
Neil Ramírez,29.0,CLE,AL,0.0,3.0,1.0,1.0,0.0,0.0,0.0,0.0,0.0,0.0,0.0,0.0,0.0,1.0,0.0,0.0,0.0,0.0,-100.0,0.0,-133.0,0.0,0.0,0.0,0.0,0.0,0.0,1,
Neil Walker#,32.0,NYY,AL,-0.3,113.0,398.0,347.0,48.0,76.0,12.0,1.0,11.0,46.0,0.0,0.0,42.0,87.0,0.219,0.309,0.354,0.664,82.0,0.297,80.0,123.0,3.0,5.0,0.0,4.0,3.0,3459H/D7,
Nelson Cruz,37.0,SEA,AL,2.9,144.0,591.0,519.0,70.0,133.0,18.0,1.0,37.0,97.0,1.0,0.0,55.0,122.0,0.256,0.342,0.509,0.85,135.0,0.36,132.0,264.0,15.0,14.0,0.0,3.0,5.0,*D/9H,AS
Nick Ahmed,28.0,ARI,NL,3.8,153.0,564.0,516.0,61.0,121.0,33.0,5.0,16.0,70.0,5.0,4.0,40.0,109.0,0.234,0.29,0.411,0.7,83.0,0.31,82.0,212.0,15.0,2.0,1.0,5.0,2.0,*6/H,GG
Nick Burdi,25.0,PIT,NL,0.0,2.0,0.0,0.0,0.0,0.0,0.0,0.0,0.0,0.0,0.0,0.0,0.0,0.0,,,,,,,,0.0,0.0,0.0,0.0,0.0,0.0,/1,
Nick Castellanos,26.0,DET,AL,2.9,157.0,678.0,620.0,88.0,185.0,46.0,5.0,23.0,89.0,2.0,1.0,49.0,151.0,0.298,0.354,0.5,0.854,128.0,0.375,134.0,310.0,8.0,6.0,0.0,3.0,5.0,*9D/H,
Nick Ciuffo*,23.0,TBR,AL,-0.2,16.0,44.0,37.0,3.0,7.0,1.0,0.0,1.0,5.0,0.0,0.0,3.0,12.0,0.189,0.262,0.297,0.559,56.0,0.246,44.0,11.0,1.0,1.0,2.0,1.0,0.0,2,
Nick Franklin#,27.0,MIL,NL,0.0,1.0,2.0,2.0,0.0,0.0,0.0,0.0,0.0,0.0,0.0,0.0,0.0,0.0,0.0,0.0,0.0,0.0,-100.0,0.0,-145.0,0.0,0.0,0.0,0.0,0.0,0.0,/4,
Nick Hundley,34.0,SFG,NL,0.2,96.0,305.0,282.0,34.0,68.0,13.0,2.0,10.0,31.0,2.0,1.0,22.0,85.0,0.241,0.298,0.408,0.706,95.0,0.31,93.0,115.0,8.0,1.0,0.0,0.0,2.0,2H/D,
Nick Kingham,26.0,PIT,NL,0.0,18.0,25.0,23.0,1.0,2.0,1.0,0.0,0.0,4.0,0.0,0.0,1.0,10.0,0.087,0.16,0.13,0.29,-18.0,0.143,-33.0,3.0,0.0,1.0,0.0,0.0,0.0,1,
Nick Markakis*,34.0,ATL,NL,2.6,162.0,705.0,623.0,78.0,185.0,43.0,2.0,14.0,93.0,1.0,1.0,72.0,80.0,0.297,0.366,0.44,0.806,116.0,0.352,115.0,274.0,18.0,1.0,0.0,9.0,10.0,*9/7D,"AS,MVP-18,GG,SS"
Nick Martini*,28.0,OAK,AL,1.5,55.0,179.0,152.0,26.0,45.0,9.0,3.0,1.0,19.0,0.0,0.0,21.0,36.0,0.296,0.397,0.414,0.811,127.0,0.366,134.0,63.0,0.0,5.0,0.0,1.0,1.0,7H/89,
Nick Pivetta,25.0,PHI,NL,0.0,31.0,45.0,40.0,3.0,4.0,1.0,0.0,0.0,1.0,0.0,0.0,2.0,20.0,0.1,0.143,0.125,0.268,-27.0,0.149,-44.0,5.0,2.0,0.0,3.0,0.0,0.0,1/H,
Nick Vincent,31.0,SEA,AL,0.0,4.0,0.0,0.0,0.0,0.0,0.0,0.0,0.0,0.0,0.0,0.0,0.0,0.0,,,,,,,,0.0,0.0,0.0,0.0,0.0,0.0,1,
Nick Williams*,24.0,PHI,NL,-0.6,140.0,448.0,407.0,53.0,104.0,12.0,3.0,17.0,50.0,3.0,2.0,32.0,111.0,0.256,0.324,0.425,0.749,99.0,0.33,98.0,173.0,4.0,9.0,0.0,0.0,2.0,9H7/D,
Nick Wittgren,27.0,MIA,NL,0.0,32.0,0.0,0.0,0.0,0.0,0.0,0.0,0.0,0.0,0.0,0.0,0.0,0.0,,,,,,,,0.0,0.0,0.0,0.0,0.0,0.0,1,
Nicky Delmonico*,25.0,CHW,AL,-0.8,88.0,318.0,284.0,31.0,61.0,11.0,5.0,8.0,25.0,1.0,2.0,27.0,80.0,0.215,0.296,0.373,0.669,84.0,0.291,80.0,106.0,7.0,6.0,0.0,1.0,1.0,7/H3D,
Niko Goodrum#,26.0,DET,AL,0.9,131.0,492.0,444.0,55.0,109.0,29.0,3.0,16.0,53.0,12.0,4.0,42.0,132.0,0.245,0.315,0.432,0.747,100.0,0.331,100.0,192.0,9.0,4.0,0.0,2.0,1.0,43675H/9D,
Noah Syndergaard*,25.0,NYM,NL,0.0,23.0,52.0,47.0,0.0,6.0,2.0,0.0,0.0,3.0,0.0,0.0,1.0,32.0,0.128,0.143,0.17,0.313,-12.0,0.139,-39.0,8.0,0.0,0.0,3.0,1.0,0.0,1,
Noel Cuevas,26.0,COL,NL,-1.4,75.0,153.0,146.0,16.0,34.0,4.0,1.0,2.0,10.0,1.0,0.0,6.0,24.0,0.233,0.268,0.315,0.583,48.0,0.256,30.0,46.0,1.0,1.0,0.0,0.0,1.0,H97/8,
Nolan Arenado,27.0,COL,NL,6.3,156.0,673.0,590.0,104.0,175.0,38.0,2.0,38.0,110.0,2.0,2.0,73.0,122.0,0.297,0.374,0.561,0.935,133.0,0.401,138.0,331.0,16.0,3.0,1.0,6.0,10.0,*5/DH,"AS,MVP-3,GG,SS"
Nolan Fontana*,27.0,LAA,AL,0.2,8.0,12.0,11.0,1.0,1.0,0.0,0.0,1.0,1.0,0.0,0.0,1.0,6.0,0.091,0.167,0.364,0.53,41.0,0.224,30.0,4.0,0.0,0.0,0.0,0.0,0.0,/H456,
Nomar Mazara*,23.0,TEX,AL,0.6,128.0,536.0,489.0,61.0,126.0,25.0,1.0,20.0,77.0,1.0,0.0,40.0,116.0,0.258,0.317,0.436,0.753,96.0,0.327,92.0,213.0,13.0,4.0,0.0,3.0,2.0,*9D/7H,
Noé Ramirez,28.0,LAA,AL,0.0,4.0,0.0,0.0,0.0,0.0,0.0,0.0,0.0,0.0,0.0,0.0,0.0,0.0,,,,,,,,0.0,0.0,0.0,0.0,0.0,0.0,1,
Odrisamer Despaigne,31.0,2TM,2LG,0.0,12.0,5.0,5.0,0.0,1.0,0.0,0.0,0.0,0.0,0.0,0.0,0.0,1.0,0.2,0.2,0.2,0.4,12.0,0.18,-4.0,1.0,0.0,0.0,0.0,0.0,0.0,1,
Odrisamer Despaigne,31.0,MIA,NL,0.0,11.0,4.0,4.0,0.0,1.0,0.0,0.0,0.0,0.0,0.0,0.0,0.0,1.0,0.25,0.25,0.25,0.5,40.0,0.225,30.0,1.0,0.0,0.0,0.0,0.0,0.0,1,
Odrisamer Despaigne,31.0,LAA,AL,0.0,1.0,1.0,1.0,0.0,0.0,0.0,0.0,0.0,0.0,0.0,0.0,0.0,0.0,0.0,0.0,0.0,0.0,-100.0,0.0,-125.0,0.0,0.0,0.0,0.0,0.0,0.0,/1,
Odúbel Herrera*,26.0,PHI,NL,0.5,148.0,597.0,550.0,64.0,140.0,19.0,3.0,22.0,71.0,5.0,2.0,38.0,122.0,0.255,0.31,0.42,0.73,94.0,0.319,90.0,231.0,11.0,7.0,1.0,1.0,3.0,*8/97H,
Oliver Drake,31.0,3TM,2LG,0.0,13.0,0.0,0.0,0.0,0.0,0.0,0.0,0.0,0.0,0.0,0.0,0.0,0.0,,,,,,,,0.0,0.0,0.0,0.0,0.0,0.0,1,
Oliver Drake,31.0,2TM,AL,0.0,2.0,0.0,0.0,0.0,0.0,0.0,0.0,0.0,0.0,0.0,0.0,0.0,0.0,,,,,,,,0.0,0.0,0.0,0.0,0.0,0.0,1,
Oliver Drake,31.0,MIL,NL,0.0,11.0,0.0,0.0,0.0,0.0,0.0,0.0,0.0,0.0,0.0,0.0,0.0,0.0,,,,,,,,0.0,0.0,0.0,0.0,0.0,0.0,1,
Oliver Drake,31.0,CLE,AL,0.0,1.0,0.0,0.0,0.0,0.0,0.0,0.0,0.0,0.0,0.0,0.0,0.0,0.0,,,,,,,,0.0,0.0,0.0,0.0,0.0,0.0,/1,
Oliver Drake,31.0,LAA,AL,0.0,1.0,0.0,0.0,0.0,0.0,0.0,0.0,0.0,0.0,0.0,0.0,0.0,0.0,,,,,,,,0.0,0.0,0.0,0.0,0.0,0.0,/1,
Omar Narváez*,26.0,CHW,AL,1.7,97.0,322.0,280.0,30.0,77.0,14.0,1.0,9.0,30.0,0.0,2.0,38.0,65.0,0.275,0.366,0.429,0.794,119.0,0.354,126.0,120.0,5.0,2.0,2.0,0.0,1.0,2/HD,
Orlando Arcia,23.0,MIL,NL,0.4,119.0,366.0,348.0,32.0,82.0,16.0,0.0,3.0,30.0,7.0,4.0,15.0,87.0,0.236,0.268,0.307,0.576,55.0,0.267,52.0,107.0,9.0,1.0,1.0,1.0,0.0,*6H,
Ozzie Albies#,21.0,ATL,NL,4.1,158.0,684.0,639.0,105.0,167.0,40.0,5.0,24.0,72.0,14.0,3.0,36.0,116.0,0.261,0.305,0.452,0.757,101.0,0.337,102.0,289.0,9.0,5.0,1.0,3.0,0.0,*4/H,AS
P.J. Conlon*,24.0,NYM,NL,0.0,3.0,3.0,3.0,1.0,1.0,0.0,0.0,0.0,0.0,0.0,0.0,0.0,0.0,0.333,0.333,0.333,0.667,88.0,0.267,64.0,1.0,0.0,0.0,0.0,0.0,0.0,/1,
Pablo López*,22.0,MIA,NL,0.1,11.0,18.0,16.0,1.0,3.0,0.0,0.0,0.0,0.0,0.0,0.0,1.0,8.0,0.188,0.235,0.188,0.423,20.0,0.2,6.0,3.0,0.0,0.0,1.0,0.0,0.0,1/H,
Pablo Reyes,24.0,PIT,NL,0.3,18.0,63.0,58.0,9.0,17.0,2.0,0.0,3.0,7.0,0.0,1.0,5.0,11.0,0.293,0.349,0.483,0.832,127.0,0.364,135.0,28.0,2.0,0.0,0.0,0.0,0.0,/97H54,
Pablo Sandoval#,31.0,SFG,NL,0.0,92.0,252.0,230.0,22.0,57.0,10.0,1.0,9.0,40.0,0.0,0.0,19.0,52.0,0.248,0.31,0.417,0.727,101.0,0.322,102.0,96.0,9.0,2.0,0.0,1.0,2.0,5H3/D41,
Pat Neshek#,37.0,PHI,NL,0.0,29.0,0.0,0.0,0.0,0.0,0.0,0.0,0.0,0.0,0.0,0.0,0.0,0.0,,,,,,,,0.0,0.0,0.0,0.0,0.0,0.0,1,
Pat Valaika,25.0,COL,NL,-1.7,68.0,133.0,122.0,8.0,19.0,5.0,0.0,2.0,5.0,0.0,0.0,9.0,30.0,0.156,0.214,0.246,0.46,16.0,0.223,6.0,30.0,4.0,0.0,2.0,0.0,0.0,H43/56,
Pat Venditte*,33.0,LAD,NL,0.0,14.0,0.0,0.0,0.0,0.0,0.0,0.0,0.0,0.0,0.0,0.0,0.0,0.0,,,,,,,,0.0,0.0,0.0,0.0,0.0,0.0,1,
Patrick Corbin*,28.0,ARI,NL,0.2,31.0,67.0,61.0,1.0,12.0,1.0,0.0,0.0,5.0,0.0,0.0,2.0,25.0,0.197,0.222,0.213,0.435,17.0,0.197,-8.0,13.0,3.0,0.0,4.0,0.0,0.0,1,"AS,CYA-5"
Patrick Kivlehan,28.0,ARI,NL,0.2,9.0,14.0,13.0,3.0,3.0,0.0,2.0,0.0,0.0,0.0,0.0,0.0,6.0,0.231,0.286,0.538,0.824,112.0,0.343,105.0,7.0,0.0,1.0,0.0,0.0,0.0,/H7,
Patrick Wisdom,26.0,STL,NL,0.5,32.0,58.0,50.0,11.0,13.0,1.0,0.0,4.0,10.0,2.0,1.0,6.0,19.0,0.26,0.362,0.52,0.882,139.0,0.38,140.0,26.0,1.0,2.0,0.0,0.0,0.0,H5/3,
Paul Blackburn,24.0,OAK,AL,-0.1,1.0,2.0,2.0,0.0,0.0,0.0,0.0,0.0,0.0,0.0,0.0,0.0,0.0,0.0,0.0,0.0,0.0,-100.0,0.0,-135.0,0.0,1.0,0.0,0.0,0.0,0.0,/1,
Paul DeJong,24.0,STL,NL,2.9,115.0,490.0,436.0,68.0,105.0,25.0,1.0,19.0,68.0,1.0,1.0,36.0,123.0,0.241,0.313,0.433,0.746,102.0,0.331,104.0,189.0,6.0,12.0,0.0,5.0,2.0,*6/H,
Paul Fry*,25.0,BAL,AL,0.0,1.0,0.0,0.0,0.0,0.0,0.0,0.0,0.0,0.0,0.0,0.0,0.0,0.0,,,,,,,,0.0,0.0,0.0,0.0,0.0,0.0,1,
Paul Goldschmidt,30.0,ARI,NL,5.8,158.0,690.0,593.0,95.0,172.0,35.0,5.0,33.0,83.0,7.0,4.0,90.0,173.0,0.29,0.389,0.533,0.922,142.0,0.407,153.0,316.0,7.0,6.0,0.0,0.0,11.0,*3/DH,"AS,MVP-6,SS"
Paul Sewald,28.0,NYM,NL,-0.1,44.0,6.0,5.0,0.0,0.0,0.0,0.0,0.0,0.0,0.0,0.0,0.0,2.0,0.0,0.0,0.0,0.0,-100.0,0.0,-182.0,0.0,0.0,0.0,1.0,0.0,0.0,1,
Paulo Orlando,32.0,KCR,AL,-0.6,25.0,93.0,90.0,6.0,15.0,3.0,0.0,0.0,5.0,0.0,0.0,3.0,25.0,0.167,0.194,0.2,0.394,9.0,0.192,5.0,18.0,3.0,0.0,0.0,0.0,0.0,8/D79,
Pedro Báez,30.0,LAD,NL,-0.1,53.0,4.0,4.0,0.0,0.0,0.0,0.0,0.0,0.0,0.0,0.0,0.0,2.0,0.0,0.0,0.0,0.0,-100.0,0.0,-141.0,0.0,0.0,0.0,0.0,0.0,0.0,1,
Pedro Florimón#,31.0,PHI,NL,-0.3,50.0,76.0,71.0,13.0,16.0,6.0,1.0,2.0,5.0,1.0,2.0,5.0,30.0,0.225,0.276,0.423,0.699,84.0,0.304,86.0,30.0,0.0,0.0,0.0,0.0,0.0,H6/49158,
Pedro Severino,24.0,WSN,NL,-1.2,70.0,213.0,190.0,14.0,32.0,9.0,0.0,2.0,15.0,1.0,0.0,18.0,47.0,0.168,0.254,0.247,0.501,34.0,0.229,18.0,47.0,3.0,4.0,0.0,1.0,4.0,2/H,
Pedro Strop,33.0,CHC,NL,-0.1,57.0,2.0,2.0,0.0,0.0,0.0,0.0,0.0,0.0,0.0,0.0,0.0,0.0,0.0,0.0,0.0,0.0,-100.0,0.0,-145.0,0.0,1.0,0.0,0.0,0.0,0.0,1,
Pedro Álvarez*,31.0,BAL,AL,-0.1,45.0,127.0,111.0,18.0,20.0,2.0,0.0,8.0,18.0,0.0,0.0,16.0,36.0,0.18,0.283,0.414,0.698,90.0,0.309,91.0,46.0,2.0,0.0,0.0,0.0,0.0,DH/53,
Pete Kozma,30.0,DET,AL,0.3,27.0,73.0,69.0,7.0,15.0,4.0,1.0,1.0,8.0,0.0,1.0,2.0,15.0,0.217,0.236,0.348,0.584,56.0,0.277,68.0,24.0,2.0,0.0,1.0,1.0,0.0,6/54HD,
Peter Bourjos,31.0,ATL,NL,0.0,36.0,47.0,44.0,5.0,9.0,2.0,1.0,1.0,4.0,0.0,0.0,2.0,15.0,0.205,0.239,0.364,0.603,60.0,0.279,61.0,16.0,0.0,0.0,1.0,0.0,0.0,7H/89,
Peter Moylan,39.0,ATL,NL,0.0,36.0,0.0,0.0,0.0,0.0,0.0,0.0,0.0,0.0,0.0,0.0,0.0,0.0,,,,,,,,0.0,0.0,0.0,0.0,0.0,0.0,1,
Peter O'Brien,27.0,MIA,NL,0.6,22.0,74.0,66.0,8.0,18.0,5.0,0.0,4.0,10.0,0.0,0.0,7.0,22.0,0.273,0.338,0.53,0.868,137.0,0.369,135.0,35.0,2.0,0.0,0.0,1.0,0.0,3/H9,
Phil Ervin,25.0,CIN,NL,-0.5,78.0,247.0,218.0,27.0,55.0,10.0,1.0,7.0,31.0,6.0,1.0,20.0,60.0,0.252,0.324,0.404,0.728,94.0,0.322,89.0,88.0,5.0,5.0,0.0,4.0,1.0,79H/81,
Phil Gosselin,29.0,CIN,NL,-0.2,20.0,28.0,24.0,5.0,3.0,0.0,0.0,1.0,2.0,0.0,0.0,4.0,8.0,0.125,0.25,0.25,0.5,35.0,0.22,14.0,6.0,1.0,0.0,0.0,0.0,1.0,H/5347,
Phil Hughes,32.0,2TM,2LG,0.0,17.0,1.0,1.0,0.0,0.0,0.0,0.0,0.0,0.0,0.0,0.0,0.0,0.0,0.0,0.0,0.0,0.0,-100.0,0.0,-136.0,0.0,0.0,0.0,0.0,0.0,0.0,1,
Phil Hughes,32.0,MIN,AL,0.0,1.0,0.0,0.0,0.0,0.0,0.0,0.0,0.0,0.0,0.0,0.0,0.0,0.0,,,,,,,,0.0,0.0,0.0,0.0,0.0,0.0,/1,
Phil Hughes,32.0,SDP,NL,0.0,16.0,1.0,1.0,0.0,0.0,0.0,0.0,0.0,0.0,0.0,0.0,0.0,0.0,0.0,0.0,0.0,0.0,-100.0,0.0,-136.0,0.0,0.0,0.0,0.0,0.0,0.0,1,
Phil Maton,25.0,SDP,NL,0.0,44.0,0.0,0.0,0.0,0.0,0.0,0.0,0.0,0.0,0.0,0.0,0.0,0.0,,,,,,,,0.0,0.0,0.0,0.0,0.0,0.0,1,
Phillip Evans,25.0,NYM,NL,-0.2,15.0,23.0,21.0,1.0,3.0,0.0,0.0,0.0,1.0,1.0,0.0,2.0,8.0,0.143,0.217,0.143,0.36,4.0,0.188,-3.0,3.0,1.0,0.0,0.0,0.0,0.0,H/5437,
Pierce Johnson,27.0,SFG,NL,0.0,35.0,1.0,1.0,0.0,0.0,0.0,0.0,0.0,0.0,0.0,0.0,0.0,0.0,0.0,0.0,0.0,0.0,-100.0,0.0,-136.0,0.0,0.0,0.0,0.0,0.0,0.0,1,
Preston Guilmet,30.0,STL,NL,0.0,2.0,0.0,0.0,0.0,0.0,0.0,0.0,0.0,0.0,0.0,0.0,0.0,0.0,,,,,,,,0.0,0.0,0.0,0.0,0.0,0.0,/1,
Preston Tucker*,27.0,2TM,NL,-0.3,97.0,184.0,166.0,19.0,38.0,11.0,0.0,6.0,27.0,0.0,0.0,13.0,43.0,0.229,0.299,0.404,0.703,87.0,0.316,89.0,67.0,2.0,4.0,0.0,1.0,0.0,H7/9D,
Preston Tucker*,27.0,ATL,NL,0.0,80.0,142.0,129.0,15.0,31.0,10.0,0.0,4.0,22.0,0.0,0.0,9.0,34.0,0.24,0.303,0.411,0.714,90.0,0.322,93.0,53.0,2.0,3.0,0.0,1.0,0.0,H7/9,
Preston Tucker*,27.0,CIN,NL,-0.3,17.0,42.0,37.0,4.0,7.0,1.0,0.0,2.0,5.0,0.0,0.0,4.0,9.0,0.189,0.286,0.378,0.664,77.0,0.296,73.0,14.0,0.0,1.0,0.0,0.0,0.0,7/HD,
Rafael Bautista,25.0,WSN,NL,-0.2,9.0,6.0,6.0,1.0,0.0,0.0,0.0,0.0,0.0,0.0,0.0,0.0,1.0,0.0,0.0,0.0,0.0,-100.0,0.0,-146.0,0.0,1.0,0.0,0.0,0.0,0.0,/7H89,
Rafael Devers*,21.0,BOS,AL,0.4,121.0,490.0,450.0,59.0,108.0,24.0,0.0,21.0,66.0,5.0,2.0,38.0,121.0,0.24,0.298,0.433,0.731,94.0,0.315,89.0,195.0,9.0,0.0,0.0,2.0,6.0,*5/HD,
Rafael Lopez*,30.0,SDP,NL,0.1,37.0,117.0,102.0,11.0,18.0,2.0,0.0,3.0,13.0,1.0,0.0,13.0,43.0,0.176,0.265,0.284,0.549,54.0,0.241,39.0,29.0,1.0,0.0,0.0,2.0,3.0,2/H35,
Rafael Ortega*,27.0,MIA,NL,-0.5,41.0,143.0,133.0,10.0,31.0,3.0,1.0,0.0,7.0,5.0,2.0,10.0,23.0,0.233,0.287,0.271,0.557,57.0,0.261,55.0,36.0,5.0,0.0,0.0,0.0,0.0,97/H,
Raimel Tapia*,24.0,COL,NL,0.0,25.0,27.0,25.0,6.0,5.0,2.0,1.0,1.0,6.0,0.0,0.0,2.0,7.0,0.2,0.259,0.48,0.739,82.0,0.312,72.0,12.0,0.0,0.0,0.0,0.0,0.0,H/879D,
Raisel Iglesias,28.0,CIN,NL,0.0,62.0,3.0,3.0,0.0,0.0,0.0,0.0,0.0,0.0,0.0,0.0,0.0,1.0,0.0,0.0,0.0,0.0,-100.0,0.0,-145.0,0.0,0.0,0.0,0.0,0.0,0.0,1,
Rajai Davis,37.0,CLE,AL,-0.4,101.0,216.0,196.0,33.0,44.0,6.0,1.0,1.0,6.0,21.0,7.0,11.0,48.0,0.224,0.278,0.281,0.559,53.0,0.269,51.0,55.0,2.0,4.0,4.0,1.0,0.0,8H7D/9,
Ramón Laureano,23.0,OAK,AL,2.2,48.0,176.0,156.0,27.0,45.0,12.0,1.0,5.0,19.0,7.0,1.0,16.0,50.0,0.288,0.358,0.474,0.832,129.0,0.367,129.0,74.0,0.0,2.0,0.0,2.0,0.0,8/H,
Ramón Torres#,25.0,KCR,AL,-0.2,9.0,29.0,28.0,4.0,5.0,1.0,0.0,0.0,1.0,0.0,0.0,1.0,3.0,0.179,0.207,0.214,0.421,16.0,0.187,1.0,6.0,1.0,0.0,0.0,0.0,0.0,/54,
Randal Grichuk,26.0,TOR,AL,2.5,124.0,462.0,424.0,60.0,104.0,32.0,1.0,25.0,61.0,3.0,2.0,27.0,122.0,0.245,0.301,0.502,0.803,117.0,0.342,115.0,213.0,5.0,8.0,0.0,3.0,0.0,*98/HD7,
Randall Delgado,28.0,ARI,NL,0.0,10.0,0.0,0.0,0.0,0.0,0.0,0.0,0.0,0.0,0.0,0.0,0.0,0.0,,,,,,,,0.0,0.0,0.0,0.0,0.0,0.0,1,
Randy Rosario*,24.0,CHC,NL,0.1,43.0,2.0,1.0,1.0,1.0,0.0,0.0,0.0,1.0,0.0,0.0,1.0,0.0,1.0,1.0,1.0,2.0,437.0,0.796,441.0,1.0,0.0,0.0,0.0,0.0,0.0,1,
Ranger Suárez*,22.0,PHI,NL,0.1,4.0,6.0,6.0,0.0,1.0,0.0,1.0,0.0,0.0,0.0,0.0,0.0,2.0,0.167,0.167,0.5,0.667,69.0,0.264,51.0,3.0,0.0,0.0,0.0,0.0,0.0,/1,
Ray Black,28.0,SFG,NL,0.0,23.0,0.0,0.0,0.0,0.0,0.0,0.0,0.0,0.0,0.0,0.0,0.0,0.0,,,,,,,,0.0,0.0,0.0,0.0,0.0,0.0,1,
Reese McGuire*,23.0,TOR,AL,0.3,14.0,33.0,31.0,5.0,9.0,3.0,0.0,2.0,4.0,1.0,0.0,2.0,9.0,0.29,0.333,0.581,0.914,146.0,0.388,143.0,18.0,0.0,0.0,0.0,0.0,0.0,2/H,
Renato Núñez,24.0,2TM,AL,1.4,73.0,261.0,236.0,28.0,61.0,14.0,0.0,8.0,22.0,0.0,0.0,19.0,62.0,0.258,0.322,0.419,0.741,102.0,0.329,104.0,99.0,4.0,4.0,0.0,2.0,0.0,5/H7D,
Renato Núñez,24.0,TEX,AL,-0.1,13.0,41.0,36.0,2.0,6.0,1.0,0.0,1.0,2.0,0.0,0.0,3.0,12.0,0.167,0.244,0.278,0.522,38.0,0.252,39.0,10.0,0.0,1.0,0.0,1.0,0.0,/57H,
Renato Núñez,24.0,BAL,AL,1.5,60.0,220.0,200.0,26.0,55.0,13.0,0.0,7.0,20.0,0.0,0.0,16.0,50.0,0.275,0.336,0.445,0.781,114.0,0.343,116.0,89.0,4.0,3.0,0.0,1.0,0.0,5/HD,
René Rivera,34.0,2TM,2LG,0.3,33.0,91.0,86.0,8.0,20.0,4.0,0.0,4.0,11.0,0.0,0.0,4.0,35.0,0.233,0.275,0.419,0.693,88.0,0.307,90.0,36.0,3.0,1.0,0.0,0.0,0.0,2/3HD,
René Rivera,34.0,LAA,AL,0.4,30.0,87.0,82.0,8.0,20.0,4.0,0.0,4.0,11.0,0.0,0.0,4.0,32.0,0.244,0.287,0.439,0.726,97.0,0.321,100.0,36.0,3.0,1.0,0.0,0.0,0.0,2/3HD,
René Rivera,34.0,ATL,NL,-0.1,3.0,4.0,4.0,0.0,0.0,0.0,0.0,0.0,0.0,0.0,0.0,0.0,3.0,0.0,0.0,0.0,0.0,-100.0,0.0,-145.0,0.0,0.0,0.0,0.0,0.0,0.0,/2,
Rex Brothers*,30.0,ATL,NL,0.0,1.0,0.0,0.0,0.0,0.0,0.0,0.0,0.0,0.0,0.0,0.0,0.0,0.0,,,,,,,,0.0,0.0,0.0,0.0,0.0,0.0,/1,
Reyes Moronta,25.0,SFG,NL,0.0,63.0,1.0,1.0,0.0,0.0,0.0,0.0,0.0,0.0,0.0,0.0,0.0,1.0,0.0,0.0,0.0,0.0,-100.0,0.0,-136.0,0.0,0.0,0.0,0.0,0.0,0.0,1,
Reynaldo López,24.0,CHW,AL,0.0,1.0,1.0,1.0,0.0,0.0,0.0,0.0,0.0,0.0,0.0,0.0,0.0,1.0,0.0,0.0,0.0,0.0,-100.0,0.0,-125.0,0.0,0.0,0.0,0.0,0.0,0.0,1,
Rhys Hoskins,25.0,PHI,NL,1.2,153.0,660.0,558.0,89.0,137.0,38.0,0.0,34.0,96.0,5.0,3.0,87.0,150.0,0.246,0.354,0.496,0.85,125.0,0.373,129.0,277.0,7.0,9.0,0.0,5.0,2.0,*73/DH,
Rich Hill*,38.0,LAD,NL,-0.2,23.0,45.0,43.0,2.0,4.0,0.0,0.0,0.0,2.0,0.0,0.0,0.0,15.0,0.093,0.093,0.093,0.186,-49.0,0.081,-88.0,4.0,1.0,0.0,2.0,0.0,0.0,1,
Richard Bleier*,31.0,BAL,AL,0.0,2.0,0.0,0.0,0.0,0.0,0.0,0.0,0.0,0.0,0.0,0.0,0.0,0.0,,,,,,,,0.0,0.0,0.0,0.0,0.0,0.0,1,
Richard Rodríguez,28.0,PIT,NL,0.0,61.0,2.0,2.0,0.0,0.0,0.0,0.0,0.0,0.0,0.0,0.0,0.0,2.0,0.0,0.0,0.0,0.0,-100.0,0.0,-141.0,0.0,0.0,0.0,0.0,0.0,0.0,1,
Richard Ureña#,22.0,TOR,AL,0.5,40.0,108.0,99.0,10.0,29.0,4.0,0.0,1.0,6.0,2.0,1.0,7.0,32.0,0.293,0.34,0.364,0.703,95.0,0.313,94.0,36.0,3.0,0.0,2.0,0.0,0.0,64/H5,
Rick Porcello,29.0,BOS,AL,0.2,3.0,7.0,7.0,1.0,3.0,2.0,0.0,0.0,3.0,0.0,0.0,0.0,3.0,0.429,0.429,0.714,1.143,201.0,0.481,209.0,5.0,0.0,0.0,0.0,0.0,0.0,1,
Rio Ruiz*,24.0,ATL,NL,0.1,14.0,15.0,12.0,1.0,1.0,0.0,0.0,0.0,0.0,0.0,0.0,2.0,5.0,0.083,0.267,0.083,0.35,1.0,0.261,48.0,1.0,0.0,1.0,0.0,0.0,0.0,H/5,
Rob Refsnyder,27.0,TBR,AL,-0.1,40.0,103.0,84.0,10.0,14.0,3.0,0.0,2.0,5.0,0.0,2.0,18.0,26.0,0.167,0.314,0.274,0.588,66.0,0.266,68.0,23.0,5.0,0.0,0.0,0.0,0.0,7D/H93,
Rob Zastryzny,26.0,CHC,NL,0.0,6.0,0.0,0.0,0.0,0.0,0.0,0.0,0.0,0.0,0.0,0.0,0.0,0.0,,,,,,,,0.0,0.0,0.0,0.0,0.0,0.0,/1,
Robbie Erlin,27.0,SDP,NL,0.2,38.0,27.0,23.0,1.0,5.0,0.0,0.0,0.0,0.0,0.0,0.0,1.0,11.0,0.217,0.25,0.217,0.467,33.0,0.216,15.0,5.0,0.0,0.0,3.0,0.0,0.0,1/H,
Robbie Grossman#,28.0,MIN,AL,1.6,129.0,465.0,396.0,50.0,108.0,27.0,1.0,5.0,48.0,0.0,1.0,60.0,83.0,0.273,0.367,0.384,0.751,106.0,0.347,116.0,152.0,2.0,2.0,2.0,5.0,0.0,9D7H,
Robbie Ray*,26.0,ARI,NL,-0.3,24.0,44.0,39.0,2.0,3.0,1.0,0.0,0.0,2.0,0.0,0.0,0.0,24.0,0.077,0.075,0.103,0.178,-53.0,0.074,-111.0,4.0,1.0,0.0,4.0,1.0,0.0,1/H,
Robby Scott#,28.0,BOS,AL,0.0,1.0,0.0,0.0,0.0,0.0,0.0,0.0,0.0,0.0,0.0,0.0,0.0,0.0,,,,,,,,0.0,0.0,0.0,0.0,0.0,0.0,/1,
Robert Gsellman,24.0,NYM,NL,0.0,64.0,4.0,3.0,1.0,0.0,0.0,0.0,0.0,0.0,0.0,0.0,0.0,2.0,0.0,0.25,0.0,0.25,-21.0,0.181,-2.0,0.0,0.0,1.0,0.0,0.0,0.0,1,
Robert Stephenson,25.0,CIN,NL,0.0,4.0,3.0,2.0,0.0,0.0,0.0,0.0,0.0,0.0,0.0,0.0,1.0,1.0,0.0,0.333,0.0,0.333,1.0,0.231,24.0,0.0,0.0,0.0,0.0,0.0,0.0,/1,
Robert Stock*,28.0,SDP,NL,0.0,30.0,0.0,0.0,0.0,0.0,0.0,0.0,0.0,0.0,0.0,0.0,0.0,0.0,,,,,,,,0.0,0.0,0.0,0.0,0.0,0.0,1,
Roberto Gómez,28.0,SFG,NL,0.0,5.0,2.0,2.0,0.0,0.0,0.0,0.0,0.0,0.0,0.0,0.0,0.0,2.0,0.0,0.0,0.0,0.0,-100.0,0.0,-136.0,0.0,0.0,0.0,0.0,0.0,0.0,/1,
Roberto Osuna,23.0,HOU,AL,0.0,1.0,0.0,0.0,0.0,0.0,0.0,0.0,0.0,0.0,0.0,0.0,0.0,0.0,,,,,,,,0.0,0.0,0.0,0.0,0.0,0.0,1,
Roberto Pérez,29.0,CLE,AL,-0.6,62.0,210.0,179.0,16.0,30.0,9.0,1.0,2.0,19.0,1.0,0.0,21.0,70.0,0.168,0.256,0.263,0.519,42.0,0.25,41.0,47.0,6.0,1.0,7.0,2.0,0.0,2/HD,
Robinson Canó*,35.0,SEA,AL,3.3,80.0,348.0,310.0,44.0,94.0,22.0,0.0,10.0,50.0,0.0,0.0,32.0,47.0,0.303,0.374,0.471,0.845,136.0,0.371,140.0,146.0,9.0,4.0,0.0,2.0,2.0,43/5DH,
Robinson Chirinos,34.0,TEX,AL,1.8,113.0,426.0,360.0,48.0,80.0,15.0,1.0,18.0,65.0,2.0,0.0,45.0,140.0,0.222,0.338,0.419,0.757,99.0,0.342,103.0,151.0,7.0,19.0,0.0,2.0,0.0,2/HD,
Rocky Gale,30.0,LAD,NL,-0.1,3.0,2.0,2.0,0.0,0.0,0.0,0.0,0.0,0.0,0.0,0.0,0.0,1.0,0.0,0.0,0.0,0.0,-100.0,0.0,-141.0,0.0,0.0,0.0,0.0,0.0,0.0,/2H,
Roenis Elías*,29.0,SEA,AL,0.1,3.0,2.0,2.0,0.0,1.0,0.0,0.0,0.0,0.0,0.0,0.0,0.0,1.0,0.5,0.5,0.5,1.0,184.0,0.447,196.0,1.0,0.0,0.0,0.0,0.0,0.0,1,
Roman Quinn#,25.0,PHI,NL,0.6,50.0,143.0,131.0,13.0,34.0,6.0,4.0,2.0,12.0,10.0,4.0,10.0,35.0,0.26,0.317,0.412,0.729,94.0,0.337,101.0,54.0,1.0,1.0,1.0,0.0,0.0,8H/9716,
Ronald Acuña Jr.,20.0,ATL,NL,3.9,111.0,487.0,433.0,78.0,127.0,26.0,4.0,26.0,64.0,16.0,5.0,45.0,123.0,0.293,0.366,0.552,0.917,143.0,0.398,147.0,239.0,4.0,6.0,0.0,3.0,2.0,78/9HD,"MVP-12,ROY-1"
Ronald Guzmán*,23.0,TEX,AL,0.6,123.0,428.0,387.0,46.0,91.0,18.0,2.0,16.0,58.0,1.0,0.0,33.0,121.0,0.235,0.306,0.416,0.722,88.0,0.317,86.0,161.0,8.0,7.0,0.0,1.0,2.0,*3/H,
Ronald Torreyes,25.0,NYY,AL,0.2,41.0,102.0,100.0,9.0,28.0,7.0,1.0,0.0,7.0,0.0,0.0,2.0,16.0,0.28,0.294,0.37,0.664,81.0,0.303,85.0,37.0,3.0,0.0,0.0,0.0,0.0,45/6H,
Ronny Rodríguez,26.0,DET,AL,-1.4,62.0,206.0,191.0,17.0,42.0,7.0,0.0,5.0,20.0,2.0,0.0,10.0,42.0,0.22,0.256,0.335,0.591,59.0,0.265,52.0,64.0,7.0,0.0,3.0,2.0,0.0,6453/HD9,
Rosell Herrera#,25.0,2TM,2LG,0.4,86.0,302.0,278.0,25.0,65.0,14.0,3.0,1.0,20.0,3.0,5.0,19.0,57.0,0.234,0.286,0.317,0.602,65.0,0.273,67.0,88.0,6.0,2.0,1.0,2.0,0.0,94H8/D57,
Rosell Herrera#,25.0,CIN,NL,-0.2,11.0,13.0,13.0,0.0,2.0,0.0,0.0,0.0,0.0,0.0,1.0,0.0,5.0,0.154,0.154,0.154,0.308,-17.0,0.101,-42.0,2.0,0.0,0.0,0.0,0.0,0.0,/H74,
Rosell Herrera#,25.0,KCR,AL,0.6,75.0,289.0,265.0,25.0,63.0,14.0,3.0,1.0,20.0,3.0,4.0,19.0,52.0,0.238,0.292,0.325,0.616,69.0,0.28,72.0,86.0,6.0,2.0,1.0,2.0,0.0,948/DH5,
Ross Stripling,28.0,LAD,NL,0.0,35.0,37.0,33.0,0.0,3.0,0.0,0.0,0.0,2.0,1.0,0.0,0.0,13.0,0.091,0.091,0.091,0.182,-50.0,0.141,-59.0,3.0,0.0,0.0,4.0,0.0,0.0,1/H,AS
Rougned Odor*,24.0,TEX,AL,2.6,129.0,535.0,474.0,76.0,120.0,23.0,2.0,18.0,63.0,12.0,12.0,43.0,127.0,0.253,0.326,0.424,0.751,96.0,0.321,93.0,201.0,5.0,11.0,2.0,5.0,2.0,*4/DH,
Rowan Wick*,25.0,SDP,NL,0.0,10.0,0.0,0.0,0.0,0.0,0.0,0.0,0.0,0.0,0.0,0.0,0.0,0.0,,,,,,,,0.0,0.0,0.0,0.0,0.0,0.0,1,
Rowdy Tellez*,23.0,TOR,AL,0.5,23.0,73.0,70.0,10.0,22.0,9.0,0.0,4.0,14.0,0.0,0.0,2.0,21.0,0.314,0.329,0.614,0.943,153.0,0.399,156.0,43.0,0.0,0.0,0.0,1.0,0.0,3/HD,
Russell Martin,35.0,TOR,AL,1.3,90.0,352.0,289.0,37.0,56.0,8.0,0.0,10.0,25.0,0.0,3.0,56.0,82.0,0.194,0.338,0.325,0.663,86.0,0.313,97.0,94.0,7.0,7.0,0.0,0.0,0.0,25/67,
Ryan Brasier,30.0,BOS,AL,0.0,3.0,0.0,0.0,0.0,0.0,0.0,0.0,0.0,0.0,0.0,0.0,0.0,0.0,,,,,,,,0.0,0.0,0.0,0.0,0.0,0.0,1,
Ryan Braun,34.0,MIL,NL,0.9,125.0,447.0,405.0,59.0,103.0,25.0,1.0,20.0,64.0,11.0,5.0,34.0,85.0,0.254,0.313,0.469,0.782,107.0,0.338,103.0,190.0,8.0,2.0,0.0,3.0,5.0,7H3/D9,
Ryan Buchter*,31.0,OAK,AL,0.0,2.0,0.0,0.0,0.0,0.0,0.0,0.0,0.0,0.0,0.0,0.0,0.0,0.0,,,,,,,,0.0,0.0,0.0,0.0,0.0,0.0,1,
Ryan Cordell,26.0,CHW,AL,-0.7,19.0,40.0,37.0,3.0,4.0,1.0,0.0,1.0,4.0,0.0,0.0,0.0,15.0,0.108,0.125,0.216,0.341,-8.0,0.144,-28.0,8.0,0.0,1.0,0.0,2.0,0.0,/98H,
Ryan Dull,28.0,OAK,AL,0.0,1.0,0.0,0.0,0.0,0.0,0.0,0.0,0.0,0.0,0.0,0.0,0.0,0.0,,,,,,,,0.0,0.0,0.0,0.0,0.0,0.0,1,
Ryan Flaherty*,31.0,ATL,NL,-1.0,81.0,182.0,161.0,17.0,35.0,6.0,0.0,2.0,13.0,4.0,2.0,18.0,41.0,0.217,0.298,0.292,0.59,61.0,0.257,44.0,47.0,5.0,1.0,1.0,1.0,4.0,5H/34,
Ryan Goins*,30.0,KCR,AL,0.2,41.0,120.0,115.0,10.0,26.0,8.0,1.0,0.0,6.0,0.0,0.0,4.0,29.0,0.226,0.252,0.313,0.565,54.0,0.245,43.0,36.0,2.0,0.0,1.0,0.0,0.0,4/H56,
Ryan LaMarre,29.0,2TM,AL,0.5,76.0,180.0,165.0,15.0,46.0,11.0,0.0,2.0,18.0,2.0,2.0,10.0,53.0,0.279,0.322,0.382,0.704,93.0,0.303,87.0,63.0,3.0,2.0,0.0,3.0,0.0,87H/91D,
Ryan LaMarre,29.0,MIN,AL,-0.2,43.0,109.0,99.0,7.0,26.0,5.0,0.0,0.0,8.0,1.0,1.0,8.0,33.0,0.263,0.321,0.313,0.634,75.0,0.281,70.0,31.0,3.0,1.0,0.0,1.0,0.0,8/H719D,
Ryan LaMarre,29.0,CHW,AL,0.6,33.0,71.0,66.0,8.0,20.0,6.0,0.0,2.0,10.0,1.0,1.0,2.0,20.0,0.303,0.324,0.485,0.809,120.0,0.338,115.0,32.0,0.0,1.0,0.0,2.0,0.0,7/H98,
Ryan Lavarnway,30.0,PIT,NL,0.2,6.0,6.0,6.0,1.0,4.0,1.0,0.0,0.0,1.0,0.0,0.0,0.0,1.0,0.667,0.667,0.833,1.5,311.0,0.659,343.0,5.0,0.0,0.0,0.0,0.0,0.0,/H,
Ryan Madson*,37.0,2TM,NL,0.0,56.0,0.0,0.0,0.0,0.0,0.0,0.0,0.0,0.0,0.0,0.0,0.0,0.0,,,,,,,,0.0,0.0,0.0,0.0,0.0,0.0,1,
Ryan Madson*,37.0,WSN,NL,0.0,47.0,0.0,0.0,0.0,0.0,0.0,0.0,0.0,0.0,0.0,0.0,0.0,0.0,,,,,,,,0.0,0.0,0.0,0.0,0.0,0.0,1,
Ryan Madson*,37.0,LAD,NL,0.0,9.0,0.0,0.0,0.0,0.0,0.0,0.0,0.0,0.0,0.0,0.0,0.0,0.0,,,,,,,,0.0,0.0,0.0,0.0,0.0,0.0,/1,
Ryan McMahon*,23.0,COL,NL,0.3,91.0,202.0,181.0,17.0,42.0,9.0,1.0,5.0,19.0,1.0,0.0,18.0,64.0,0.232,0.307,0.376,0.683,72.0,0.304,65.0,68.0,0.0,2.0,0.0,1.0,2.0,H354,
Ryan Meisinger,24.0,BAL,AL,0.0,1.0,0.0,0.0,0.0,0.0,0.0,0.0,0.0,0.0,0.0,0.0,0.0,0.0,,,,,,,,0.0,0.0,0.0,0.0,0.0,0.0,1,
Ryan O'Hearn*,24.0,KCR,AL,0.8,44.0,170.0,149.0,23.0,39.0,10.0,2.0,12.0,30.0,0.0,0.0,20.0,45.0,0.262,0.353,0.597,0.95,154.0,0.395,151.0,89.0,0.0,1.0,0.0,0.0,0.0,3D/H7,
Ryan Pressly,29.0,2TM,AL,0.0,6.0,0.0,0.0,0.0,0.0,0.0,0.0,0.0,0.0,0.0,0.0,0.0,0.0,,,,,,,,0.0,0.0,0.0,0.0,0.0,0.0,1,
Ryan Pressly,29.0,MIN,AL,0.0,4.0,0.0,0.0,0.0,0.0,0.0,0.0,0.0,0.0,0.0,0.0,0.0,0.0,,,,,,,,0.0,0.0,0.0,0.0,0.0,0.0,1,
Ryan Pressly,29.0,HOU,AL,0.0,2.0,0.0,0.0,0.0,0.0,0.0,0.0,0.0,0.0,0.0,0.0,0.0,0.0,,,,,,,,0.0,0.0,0.0,0.0,0.0,0.0,1,
Ryan Rua,28.0,TEX,AL,-1.0,61.0,147.0,139.0,17.0,27.0,3.0,1.0,6.0,12.0,3.0,1.0,5.0,53.0,0.194,0.221,0.36,0.58,49.0,0.261,44.0,50.0,2.0,0.0,2.0,1.0,0.0,7H/398D1,
Ryan Schimpf*,30.0,LAA,AL,0.1,5.0,7.0,5.0,2.0,1.0,0.0,0.0,1.0,2.0,0.0,0.0,2.0,3.0,0.2,0.429,0.8,1.229,229.0,0.483,216.0,4.0,0.0,0.0,0.0,0.0,0.0,/H4579,
Ryan Sherriff*,28.0,STL,NL,0.0,5.0,0.0,0.0,0.0,0.0,0.0,0.0,0.0,0.0,0.0,0.0,0.0,0.0,,,,,,,,0.0,0.0,0.0,0.0,0.0,0.0,/1,
Ryan Tepera,30.0,TOR,AL,0.0,3.0,0.0,0.0,0.0,0.0,0.0,0.0,0.0,0.0,0.0,0.0,0.0,0.0,,,,,,,,0.0,0.0,0.0,0.0,0.0,0.0,1,
Ryan Weber,27.0,TBR,AL,0.0,1.0,1.0,1.0,0.0,0.0,0.0,0.0,0.0,0.0,0.0,0.0,0.0,1.0,0.0,0.0,0.0,0.0,-100.0,0.0,-125.0,0.0,0.0,0.0,0.0,0.0,0.0,/1,
Ryan Yarbrough,26.0,TBR,AL,0.0,3.0,3.0,3.0,0.0,0.0,0.0,0.0,0.0,0.0,0.0,0.0,0.0,2.0,0.0,0.0,0.0,0.0,-100.0,0.0,-131.0,0.0,0.0,0.0,0.0,0.0,0.0,1,ROY-5
Ryan Zimmerman,33.0,WSN,NL,1.6,85.0,323.0,288.0,33.0,76.0,21.0,2.0,13.0,51.0,1.0,1.0,30.0,55.0,0.264,0.337,0.486,0.824,114.0,0.363,119.0,140.0,10.0,3.0,0.0,2.0,1.0,3H,
Ryder Jones*,24.0,SFG,NL,0.2,5.0,8.0,8.0,2.0,3.0,0.0,0.0,2.0,3.0,0.0,0.0,0.0,5.0,0.375,0.375,1.125,1.5,297.0,0.624,322.0,9.0,0.0,0.0,0.0,0.0,0.0,/H35,
Ryne Stanek,26.0,TBR,AL,0.0,5.0,0.0,0.0,0.0,0.0,0.0,0.0,0.0,0.0,0.0,0.0,0.0,0.0,,,,,,,,0.0,0.0,0.0,0.0,0.0,0.0,1,
Ryon Healy,26.0,SEA,AL,-0.5,133.0,524.0,493.0,51.0,116.0,15.0,0.0,24.0,73.0,0.0,0.0,27.0,113.0,0.235,0.277,0.412,0.688,91.0,0.302,90.0,203.0,21.0,2.0,0.0,2.0,0.0,*3/H5,
Sal Romano*,24.0,CIN,NL,-0.3,35.0,40.0,36.0,1.0,2.0,1.0,0.0,0.0,2.0,0.0,0.0,0.0,24.0,0.056,0.056,0.083,0.139,-63.0,0.06,-122.0,3.0,0.0,0.0,4.0,0.0,0.0,1,
Salvador Perez,28.0,KCR,AL,2.2,129.0,544.0,510.0,52.0,120.0,23.0,0.0,27.0,80.0,1.0,1.0,17.0,108.0,0.235,0.274,0.439,0.713,91.0,0.311,91.0,224.0,19.0,12.0,0.0,5.0,0.0,2D/3H,"AS,GG,SS"
Sam Dyson,30.0,SFG,NL,0.0,69.0,0.0,0.0,0.0,0.0,0.0,0.0,0.0,0.0,0.0,0.0,0.0,0.0,,,,,,,,0.0,0.0,0.0,0.0,0.0,0.0,1,
Sam Freeman,31.0,ATL,NL,0.0,59.0,1.0,1.0,0.0,0.0,0.0,0.0,0.0,0.0,0.0,0.0,0.0,1.0,0.0,0.0,0.0,0.0,-100.0,0.0,-145.0,0.0,0.0,0.0,0.0,0.0,0.0,1,
Sam Gaviglio,28.0,TOR,AL,0.1,2.0,3.0,3.0,0.0,1.0,1.0,0.0,0.0,0.0,0.0,0.0,0.0,1.0,0.333,0.333,0.667,1.0,167.0,0.412,166.0,2.0,0.0,0.0,0.0,0.0,0.0,1,
Sam Howard,25.0,COL,NL,0.0,4.0,0.0,0.0,0.0,0.0,0.0,0.0,0.0,0.0,0.0,0.0,0.0,0.0,,,,,,,,0.0,0.0,0.0,0.0,0.0,0.0,/1,
Sam Travis,24.0,BOS,AL,0.1,19.0,38.0,36.0,5.0,8.0,3.0,0.0,1.0,7.0,0.0,0.0,2.0,10.0,0.222,0.263,0.389,0.652,73.0,0.302,80.0,14.0,1.0,0.0,0.0,0.0,0.0,/H7D39,
Sam Tuivailala,25.0,STL,NL,0.0,30.0,0.0,0.0,0.0,0.0,0.0,0.0,0.0,0.0,0.0,0.0,0.0,0.0,,,,,,,,0.0,0.0,0.0,0.0,0.0,0.0,1,
Sammy Solís,29.0,WSN,NL,0.0,54.0,0.0,0.0,0.0,0.0,0.0,0.0,0.0,0.0,0.0,0.0,0.0,0.0,,,,,,,,0.0,0.0,0.0,0.0,0.0,0.0,1,
Sandy Alcantara,22.0,MIA,NL,-0.1,6.0,13.0,12.0,0.0,0.0,0.0,0.0,0.0,0.0,0.0,0.0,1.0,8.0,0.0,0.077,0.0,0.077,-76.0,0.053,-97.0,0.0,0.0,0.0,0.0,0.0,0.0,/1,
Sandy Báez,24.0,DET,AL,0.0,1.0,0.0,0.0,0.0,0.0,0.0,0.0,0.0,0.0,0.0,0.0,0.0,0.0,,,,,,,,0.0,0.0,0.0,0.0,0.0,0.0,/1,
Sandy León#,29.0,BOS,AL,-0.6,89.0,288.0,265.0,30.0,47.0,12.0,0.0,5.0,22.0,1.0,0.0,15.0,75.0,0.177,0.232,0.279,0.511,37.0,0.236,32.0,74.0,6.0,4.0,3.0,1.0,0.0,2/H,
Santiago Casilla,37.0,OAK,AL,0.0,2.0,0.0,0.0,0.0,0.0,0.0,0.0,0.0,0.0,0.0,0.0,0.0,0.0,,,,,,,,0.0,0.0,0.0,0.0,0.0,0.0,1,
Scooter Gennett*,28.0,CIN,NL,3.0,154.0,638.0,584.0,86.0,181.0,30.0,3.0,23.0,92.0,4.0,2.0,42.0,125.0,0.31,0.357,0.49,0.847,125.0,0.372,129.0,286.0,14.0,4.0,3.0,5.0,3.0,*4/HD,AS
Scott Alexander*,28.0,LAD,NL,-0.1,67.0,6.0,5.0,0.0,0.0,0.0,0.0,0.0,0.0,0.0,0.0,0.0,5.0,0.0,0.0,0.0,0.0,-100.0,0.0,-189.0,0.0,0.0,0.0,1.0,0.0,0.0,1,
Scott Copeland,30.0,NYM,NL,0.0,1.0,0.0,0.0,0.0,0.0,0.0,0.0,0.0,0.0,0.0,0.0,0.0,0.0,,,,,,,,0.0,0.0,0.0,0.0,0.0,0.0,/1,
Scott Kingery,24.0,PHI,NL,-0.8,147.0,484.0,452.0,55.0,102.0,23.0,2.0,8.0,35.0,10.0,3.0,24.0,126.0,0.226,0.267,0.338,0.605,61.0,0.269,52.0,153.0,2.0,3.0,0.0,5.0,1.0,*6H5/47918,
Scott Oberg,28.0,COL,NL,0.0,53.0,0.0,0.0,0.0,0.0,0.0,0.0,0.0,0.0,0.0,0.0,0.0,0.0,,,,,,,,0.0,0.0,0.0,0.0,0.0,0.0,1,
Scott Schebler*,27.0,CIN,NL,0.9,107.0,430.0,380.0,55.0,97.0,19.0,0.0,17.0,49.0,4.0,2.0,39.0,99.0,0.255,0.337,0.439,0.777,107.0,0.345,109.0,167.0,5.0,9.0,0.0,2.0,1.0,98/H7D,
Sean Doolittle*,31.0,WSN,NL,0.0,40.0,0.0,0.0,0.0,0.0,0.0,0.0,0.0,0.0,0.0,0.0,0.0,0.0,,,,,,,,0.0,0.0,0.0,0.0,0.0,0.0,1,AS
Sean Manaea,26.0,OAK,AL,0.0,3.0,5.0,5.0,0.0,1.0,0.0,0.0,0.0,0.0,0.0,0.0,0.0,0.0,0.2,0.2,0.2,0.4,12.0,0.179,-2.0,1.0,0.0,0.0,0.0,0.0,0.0,1,
Sean Newcomb*,25.0,ATL,NL,-0.4,28.0,53.0,45.0,3.0,2.0,1.0,0.0,0.0,1.0,0.0,0.0,1.0,32.0,0.044,0.065,0.067,0.132,-64.0,0.062,-127.0,3.0,0.0,0.0,7.0,0.0,0.0,1,
Sean Reid-Foley,22.0,TOR,AL,0.0,1.0,3.0,3.0,0.0,0.0,0.0,0.0,0.0,0.0,0.0,0.0,0.0,3.0,0.0,0.0,0.0,0.0,-100.0,0.0,-131.0,0.0,0.0,0.0,0.0,0.0,0.0,/1,
Sean Rodríguez,33.0,PIT,NL,-0.5,66.0,173.0,150.0,21.0,25.0,5.0,1.0,5.0,19.0,1.0,0.0,22.0,60.0,0.167,0.277,0.313,0.591,63.0,0.266,56.0,47.0,1.0,1.0,0.0,0.0,1.0,46H/78935,
Seranthony Domínguez,23.0,PHI,NL,0.0,48.0,2.0,1.0,0.0,0.0,0.0,0.0,0.0,0.0,0.0,0.0,1.0,1.0,0.0,0.5,0.0,0.5,52.0,0.346,109.0,0.0,0.0,0.0,0.0,0.0,0.0,1,
Sergio Romo,35.0,TBR,AL,0.0,5.0,1.0,1.0,0.0,0.0,0.0,0.0,0.0,0.0,0.0,0.0,0.0,1.0,0.0,0.0,0.0,0.0,-100.0,0.0,-125.0,0.0,0.0,0.0,0.0,0.0,0.0,1/5,
Seth Lugo,28.0,NYM,NL,0.0,50.0,13.0,11.0,1.0,1.0,0.0,0.0,0.0,0.0,0.0,0.0,1.0,8.0,0.091,0.167,0.091,0.258,-25.0,0.133,-47.0,1.0,0.0,0.0,1.0,0.0,0.0,1,
Seunghwan Oh,35.0,2TM,2LG,0.0,27.0,0.0,0.0,0.0,0.0,0.0,0.0,0.0,0.0,0.0,0.0,0.0,0.0,,,,,,,,0.0,0.0,0.0,0.0,0.0,0.0,1,
Seunghwan Oh,35.0,TOR,AL,0.0,3.0,0.0,0.0,0.0,0.0,0.0,0.0,0.0,0.0,0.0,0.0,0.0,0.0,,,,,,,,0.0,0.0,0.0,0.0,0.0,0.0,1,
Seunghwan Oh,35.0,COL,NL,0.0,24.0,0.0,0.0,0.0,0.0,0.0,0.0,0.0,0.0,0.0,0.0,0.0,0.0,,,,,,,,0.0,0.0,0.0,0.0,0.0,0.0,1,
Shane Bieber,23.0,CLE,AL,0.1,2.0,5.0,4.0,0.0,1.0,1.0,0.0,0.0,0.0,0.0,0.0,1.0,2.0,0.25,0.4,0.5,0.9,142.0,0.386,141.0,2.0,0.0,0.0,0.0,0.0,0.0,1,
Shane Carle,26.0,ATL,NL,-0.1,51.0,5.0,4.0,0.0,0.0,0.0,0.0,0.0,0.0,0.0,0.0,0.0,4.0,0.0,0.0,0.0,0.0,-100.0,0.0,-207.0,0.0,0.0,0.0,1.0,0.0,0.0,1,
Shane Greene,29.0,DET,AL,0.0,1.0,0.0,0.0,0.0,0.0,0.0,0.0,0.0,0.0,0.0,0.0,0.0,0.0,,,,,,,,0.0,0.0,0.0,0.0,0.0,0.0,1,
Shane Robinson,33.0,NYY,AL,0.1,25.0,54.0,49.0,8.0,7.0,1.0,0.0,1.0,2.0,1.0,0.0,4.0,6.0,0.143,0.208,0.224,0.432,19.0,0.202,8.0,11.0,2.0,0.0,1.0,0.0,0.0,9/7H8D,
Shawn Armstrong,27.0,SEA,AL,0.0,1.0,0.0,0.0,0.0,0.0,0.0,0.0,0.0,0.0,0.0,0.0,0.0,0.0,,,,,,,,0.0,0.0,0.0,0.0,0.0,0.0,1,
Shawn Kelley,34.0,WSN,NL,0.0,32.0,1.0,1.0,0.0,0.0,0.0,0.0,0.0,0.0,0.0,0.0,0.0,1.0,0.0,0.0,0.0,0.0,-100.0,0.0,-145.0,0.0,0.0,0.0,0.0,0.0,0.0,1,
Shelby Miller,27.0,ARI,NL,-0.1,5.0,5.0,3.0,0.0,0.0,0.0,0.0,0.0,1.0,0.0,0.0,1.0,1.0,0.0,0.2,0.0,0.2,-40.0,0.139,-45.0,0.0,0.0,0.0,0.0,1.0,0.0,/1,
Sherman Johnson*,27.0,LAA,AL,-0.2,10.0,11.0,10.0,0.0,0.0,0.0,0.0,0.0,0.0,0.0,0.0,0.0,4.0,0.0,0.091,0.0,0.091,-71.0,0.066,-83.0,0.0,0.0,1.0,0.0,0.0,0.0,/43H,
Shin-Soo Choo*,35.0,TEX,AL,2.8,146.0,665.0,560.0,83.0,148.0,30.0,1.0,21.0,62.0,6.0,1.0,92.0,156.0,0.264,0.377,0.434,0.81,114.0,0.368,121.0,243.0,11.0,10.0,1.0,2.0,2.0,D97/H,AS
Shohei Ohtani*,23.0,LAA,AL,2.7,104.0,367.0,326.0,59.0,93.0,21.0,2.0,22.0,61.0,10.0,4.0,37.0,102.0,0.285,0.361,0.564,0.925,151.0,0.389,148.0,184.0,2.0,2.0,0.0,1.0,2.0,DH1,ROY-1
Silvino Bracho,25.0,ARI,NL,0.0,30.0,0.0,0.0,0.0,0.0,0.0,0.0,0.0,0.0,0.0,0.0,0.0,0.0,,,,,,,,0.0,0.0,0.0,0.0,0.0,0.0,1,
Sonny Gray,28.0,NYY,AL,0.0,1.0,2.0,2.0,1.0,0.0,0.0,0.0,0.0,0.0,0.0,0.0,0.0,0.0,0.0,0.0,0.0,0.0,-100.0,0.0,-135.0,0.0,0.0,0.0,0.0,0.0,0.0,1,
Spencer Kieboom,27.0,WSN,NL,0.4,52.0,143.0,125.0,16.0,29.0,5.0,0.0,2.0,13.0,0.0,0.0,16.0,28.0,0.232,0.322,0.32,0.642,71.0,0.305,76.0,40.0,2.0,1.0,0.0,1.0,0.0,2/H35,
Spencer Turnbull,25.0,DET,AL,0.0,1.0,2.0,2.0,0.0,0.0,0.0,0.0,0.0,0.0,0.0,0.0,0.0,1.0,0.0,0.0,0.0,0.0,-100.0,0.0,-139.0,0.0,0.0,0.0,0.0,0.0,0.0,/1,
Starlin Castro,28.0,MIA,NL,1.8,154.0,647.0,593.0,76.0,165.0,32.0,2.0,12.0,54.0,6.0,4.0,48.0,124.0,0.278,0.329,0.4,0.729,102.0,0.333,109.0,237.0,18.0,0.0,0.0,6.0,3.0,*4/H,
Starling Marte,29.0,PIT,NL,3.9,145.0,606.0,559.0,81.0,155.0,32.0,5.0,20.0,72.0,33.0,14.0,35.0,109.0,0.277,0.327,0.46,0.787,114.0,0.352,119.0,257.0,11.0,8.0,1.0,3.0,2.0,*8/H,
Stephen Piscotty,27.0,OAK,AL,3.0,151.0,605.0,546.0,78.0,146.0,41.0,0.0,27.0,88.0,2.0,0.0,42.0,114.0,0.267,0.331,0.491,0.821,124.0,0.355,125.0,268.0,21.0,12.0,0.0,5.0,0.0,*9/H,
Stephen Strasburg,29.0,WSN,NL,0.0,22.0,51.0,41.0,0.0,5.0,0.0,0.0,0.0,1.0,0.0,0.0,2.0,12.0,0.122,0.163,0.122,0.285,-23.0,0.179,-38.0,5.0,3.0,0.0,8.0,0.0,0.0,1,
Steve Cishek,32.0,CHC,NL,0.0,76.0,6.0,6.0,1.0,1.0,0.0,0.0,0.0,0.0,0.0,0.0,0.0,2.0,0.167,0.167,0.167,0.333,-11.0,0.134,-46.0,1.0,0.0,0.0,0.0,0.0,0.0,1/7,
Steve Pearce,35.0,2TM,AL,1.5,76.0,251.0,215.0,35.0,61.0,14.0,1.0,11.0,42.0,0.0,0.0,29.0,41.0,0.284,0.378,0.512,0.89,140.0,0.398,151.0,110.0,2.0,5.0,0.0,2.0,0.0,3DH7/9,
Steve Pearce,35.0,TOR,AL,0.4,26.0,86.0,79.0,16.0,23.0,6.0,0.0,4.0,16.0,0.0,0.0,7.0,14.0,0.291,0.349,0.519,0.868,136.0,0.402,158.0,41.0,1.0,0.0,0.0,0.0,0.0,D/7H39,
Steve Pearce,35.0,BOS,AL,1.2,50.0,165.0,136.0,19.0,38.0,8.0,1.0,7.0,26.0,0.0,0.0,22.0,27.0,0.279,0.394,0.507,0.901,141.0,0.396,148.0,69.0,1.0,5.0,0.0,2.0,0.0,3DH/79,
Steven Baron,27.0,STL,NL,0.0,2.0,5.0,5.0,0.0,1.0,0.0,0.0,0.0,0.0,0.0,0.0,0.0,2.0,0.2,0.2,0.2,0.4,11.0,0.18,-7.0,1.0,0.0,0.0,0.0,0.0,0.0,/2H,
Steven Brault*,26.0,PIT,NL,0.1,43.0,21.0,20.0,0.0,3.0,1.0,0.0,0.0,0.0,0.0,0.0,1.0,5.0,0.15,0.19,0.2,0.39,8.0,0.174,-10.0,4.0,0.0,0.0,0.0,0.0,0.0,1/H,
Steven Duggar*,24.0,SFG,NL,0.9,41.0,152.0,141.0,20.0,36.0,11.0,1.0,2.0,17.0,5.0,1.0,10.0,44.0,0.255,0.303,0.39,0.693,92.0,0.314,92.0,55.0,0.0,0.0,0.0,1.0,1.0,8/H,
Steven Matz,27.0,NYM,NL,0.2,29.0,53.0,46.0,2.0,5.0,1.0,0.0,2.0,4.0,0.0,0.0,3.0,13.0,0.109,0.163,0.261,0.424,17.0,0.188,-3.0,12.0,1.0,0.0,4.0,0.0,0.0,1,
Steven Okert*,26.0,SFG,NL,0.0,10.0,0.0,0.0,0.0,0.0,0.0,0.0,0.0,0.0,0.0,0.0,0.0,0.0,,,,,,,,0.0,0.0,0.0,0.0,0.0,0.0,1,
Steven Souza Jr.,29.0,ARI,NL,-0.5,72.0,272.0,241.0,21.0,53.0,15.0,3.0,5.0,29.0,6.0,1.0,28.0,75.0,0.22,0.309,0.369,0.678,79.0,0.305,74.0,89.0,4.0,3.0,0.0,0.0,0.0,9/H8,
Steven Wright,33.0,BOS,AL,0.0,2.0,0.0,0.0,0.0,0.0,0.0,0.0,0.0,0.0,0.0,0.0,0.0,0.0,,,,,,,,0.0,0.0,0.0,0.0,0.0,0.0,1,
Stevie Wilkerson#,26.0,BAL,AL,-0.1,16.0,49.0,46.0,2.0,8.0,3.0,0.0,0.0,3.0,1.0,0.0,3.0,16.0,0.174,0.224,0.239,0.464,29.0,0.214,20.0,11.0,0.0,0.0,0.0,0.0,0.0,/45H6,
Sócrates Brito*,25.0,ARI,NL,-0.3,24.0,44.0,40.0,3.0,7.0,0.0,0.0,1.0,3.0,0.0,1.0,3.0,9.0,0.175,0.227,0.25,0.477,27.0,0.224,25.0,10.0,0.0,0.0,0.0,1.0,0.0,9H/78,
T.J. McFarland*,29.0,ARI,NL,-0.1,46.0,7.0,7.0,0.0,0.0,0.0,0.0,0.0,0.0,0.0,0.0,0.0,6.0,0.0,0.0,0.0,0.0,-100.0,0.0,-145.0,0.0,0.0,0.0,0.0,0.0,0.0,1,
Taijuan Walker#,25.0,ARI,NL,-0.1,3.0,4.0,4.0,0.0,0.0,0.0,0.0,0.0,0.0,0.0,0.0,0.0,1.0,0.0,0.0,0.0,0.0,-100.0,0.0,-148.0,0.0,1.0,0.0,0.0,0.0,0.0,/1,
Tanner Anderson,25.0,PIT,NL,0.0,6.0,1.0,1.0,0.0,0.0,0.0,0.0,0.0,0.0,0.0,0.0,0.0,0.0,0.0,0.0,0.0,0.0,-100.0,0.0,-136.0,0.0,0.0,0.0,0.0,0.0,0.0,/1,
Tanner Rainey,25.0,CIN,NL,0.0,6.0,0.0,0.0,0.0,0.0,0.0,0.0,0.0,0.0,0.0,0.0,0.0,0.0,,,,,,,,0.0,0.0,0.0,0.0,0.0,0.0,/1,
Tanner Roark,31.0,WSN,NL,0.5,29.0,65.0,58.0,6.0,11.0,2.0,1.0,0.0,8.0,0.0,0.0,1.0,19.0,0.19,0.217,0.259,0.475,25.0,0.242,24.0,15.0,1.0,1.0,5.0,0.0,0.0,1,
Tanner Scott,23.0,BAL,AL,0.0,2.0,0.0,0.0,0.0,0.0,0.0,0.0,0.0,0.0,0.0,0.0,0.0,0.0,,,,,,,,0.0,0.0,0.0,0.0,0.0,0.0,1,
Taylor Cole,28.0,LAA,AL,0.0,1.0,0.0,0.0,0.0,0.0,0.0,0.0,0.0,0.0,0.0,0.0,0.0,0.0,,,,,,,,0.0,0.0,0.0,0.0,0.0,0.0,1,
Taylor Davis,28.0,CHC,NL,0.0,5.0,6.0,5.0,0.0,2.0,0.0,0.0,0.0,2.0,0.0,0.0,0.0,1.0,0.4,0.333,0.4,0.733,95.0,0.3,75.0,2.0,0.0,0.0,0.0,1.0,0.0,/2H3,
Taylor Guerrieri,25.0,TOR,AL,0.0,1.0,0.0,0.0,0.0,0.0,0.0,0.0,0.0,0.0,0.0,0.0,0.0,0.0,,,,,,,,0.0,0.0,0.0,0.0,0.0,0.0,/1,
Taylor Motter,28.0,2TM,AL,0.0,16.0,38.0,34.0,2.0,5.0,0.0,0.0,1.0,2.0,1.0,0.0,4.0,8.0,0.147,0.237,0.235,0.472,32.0,0.25,44.0,8.0,0.0,0.0,0.0,0.0,0.0,/39H45167D,
Taylor Motter,28.0,SEA,AL,0.1,7.0,17.0,15.0,2.0,4.0,0.0,0.0,1.0,1.0,0.0,0.0,2.0,5.0,0.267,0.353,0.467,0.82,129.0,0.409,167.0,7.0,0.0,0.0,0.0,0.0,0.0,/317DH,
Taylor Motter,28.0,MIN,AL,-0.1,9.0,21.0,19.0,0.0,1.0,0.0,0.0,0.0,1.0,1.0,0.0,2.0,3.0,0.053,0.143,0.053,0.195,-43.0,0.12,-55.0,1.0,0.0,0.0,0.0,0.0,0.0,/945H6,
Taylor Rogers*,27.0,MIN,AL,0.0,5.0,0.0,0.0,0.0,0.0,0.0,0.0,0.0,0.0,0.0,0.0,0.0,0.0,,,,,,,,0.0,0.0,0.0,0.0,0.0,0.0,1,
Taylor Ward,24.0,LAA,AL,-0.2,40.0,147.0,135.0,14.0,24.0,3.0,0.0,6.0,15.0,2.0,0.0,9.0,45.0,0.178,0.245,0.333,0.578,58.0,0.263,55.0,45.0,0.0,3.0,0.0,0.0,0.0,5,
Taylor Williams#,26.0,MIL,NL,0.0,52.0,4.0,4.0,0.0,1.0,0.0,0.0,0.0,0.0,0.0,0.0,0.0,3.0,0.25,0.25,0.25,0.5,35.0,0.225,20.0,1.0,0.0,0.0,0.0,0.0,0.0,1,
Tayron Guerrero,27.0,MIA,NL,0.0,57.0,0.0,0.0,0.0,0.0,0.0,0.0,0.0,0.0,0.0,0.0,0.0,0.0,,,,,,,,0.0,0.0,0.0,0.0,0.0,0.0,1,
Teoscar Hernández,25.0,TOR,AL,0.5,134.0,523.0,476.0,67.0,114.0,29.0,7.0,22.0,57.0,5.0,5.0,41.0,163.0,0.239,0.302,0.468,0.771,109.0,0.33,108.0,223.0,14.0,3.0,0.0,3.0,0.0,*79H/D,
Terrance Gore,27.0,CHC,NL,0.3,14.0,5.0,5.0,5.0,1.0,0.0,0.0,0.0,0.0,6.0,0.0,0.0,1.0,0.2,0.2,0.2,0.4,7.0,0.478,-13.0,1.0,0.0,0.0,0.0,0.0,0.0,H/7D,
Thomas Pannone*,24.0,TOR,AL,0.0,1.0,0.0,0.0,0.0,0.0,0.0,0.0,0.0,0.0,0.0,0.0,0.0,0.0,,,,,,,,0.0,0.0,0.0,0.0,0.0,0.0,1,
Tim Anderson,25.0,CHW,AL,3.9,153.0,606.0,567.0,77.0,136.0,28.0,3.0,20.0,64.0,26.0,8.0,30.0,149.0,0.24,0.281,0.406,0.687,87.0,0.308,88.0,230.0,15.0,4.0,2.0,3.0,2.0,*6/HD,
Tim Beckham,28.0,BAL,AL,0.2,96.0,402.0,369.0,45.0,85.0,17.0,0.0,12.0,35.0,1.0,2.0,27.0,100.0,0.23,0.287,0.374,0.661,81.0,0.293,81.0,138.0,10.0,3.0,1.0,2.0,0.0,65/D4,
Tim Collins*,28.0,WSN,NL,0.0,36.0,0.0,0.0,0.0,0.0,0.0,0.0,0.0,0.0,0.0,0.0,0.0,0.0,,,,,,,,0.0,0.0,0.0,0.0,0.0,0.0,1,
Tim Federowicz,30.0,2TM,2LG,-0.1,15.0,42.0,40.0,5.0,9.0,4.0,0.0,1.0,4.0,0.0,0.0,2.0,16.0,0.225,0.262,0.4,0.662,78.0,0.285,71.0,16.0,1.0,0.0,0.0,0.0,0.0,2/H,
Tim Federowicz,30.0,HOU,AL,-0.2,10.0,35.0,34.0,4.0,7.0,3.0,0.0,0.0,2.0,0.0,0.0,1.0,13.0,0.206,0.229,0.294,0.523,43.0,0.228,32.0,10.0,1.0,0.0,0.0,0.0,0.0,2,
Tim Federowicz,30.0,CIN,NL,0.2,5.0,7.0,6.0,1.0,2.0,1.0,0.0,1.0,2.0,0.0,0.0,1.0,3.0,0.333,0.429,1.0,1.429,268.0,0.571,273.0,6.0,0.0,0.0,0.0,0.0,0.0,/2H,
Tim Hill,28.0,KCR,AL,0.0,5.0,1.0,1.0,0.0,0.0,0.0,0.0,0.0,0.0,0.0,0.0,0.0,1.0,0.0,0.0,0.0,0.0,-100.0,0.0,-125.0,0.0,0.0,0.0,0.0,0.0,0.0,1,
Tim Locastro,25.0,LAD,NL,0.1,18.0,14.0,11.0,6.0,2.0,1.0,0.0,0.0,0.0,4.0,0.0,2.0,5.0,0.182,0.357,0.273,0.63,76.0,0.44,131.0,3.0,0.0,1.0,0.0,0.0,0.0,H/87,
Tim Mayza*,26.0,TOR,AL,0.0,2.0,0.0,0.0,0.0,0.0,0.0,0.0,0.0,0.0,0.0,0.0,0.0,0.0,,,,,,,,0.0,0.0,0.0,0.0,0.0,0.0,1,
Tim Peterson,27.0,NYM,NL,0.0,19.0,2.0,2.0,0.0,0.0,0.0,0.0,0.0,0.0,0.0,0.0,0.0,1.0,0.0,0.0,0.0,0.0,-100.0,0.0,-136.0,0.0,0.0,0.0,0.0,0.0,0.0,1,
Todd Frazier,32.0,NYM,NL,2.7,115.0,472.0,408.0,54.0,87.0,18.0,0.0,18.0,59.0,9.0,4.0,48.0,112.0,0.213,0.303,0.39,0.693,93.0,0.318,100.0,159.0,10.0,8.0,0.0,8.0,1.0,*5/HD,
Tom Murphy,27.0,COL,NL,-0.3,37.0,96.0,93.0,5.0,21.0,7.0,1.0,2.0,11.0,0.0,1.0,3.0,44.0,0.226,0.25,0.387,0.637,58.0,0.265,41.0,36.0,2.0,0.0,0.0,0.0,1.0,2H/D,
Tommy Hunter,31.0,PHI,NL,0.0,60.0,1.0,1.0,0.0,0.0,0.0,0.0,0.0,0.0,0.0,0.0,0.0,0.0,0.0,0.0,0.0,0.0,-100.0,0.0,-145.0,0.0,0.0,0.0,0.0,0.0,0.0,1,
Tommy Kahnle,28.0,NYY,AL,0.0,2.0,0.0,0.0,0.0,0.0,0.0,0.0,0.0,0.0,0.0,0.0,0.0,0.0,,,,,,,,0.0,0.0,0.0,0.0,0.0,0.0,1,
Tommy La Stella*,29.0,CHC,NL,0.1,123.0,192.0,169.0,23.0,45.0,8.0,0.0,1.0,19.0,0.0,1.0,17.0,27.0,0.266,0.34,0.331,0.672,81.0,0.304,79.0,56.0,5.0,2.0,0.0,0.0,1.0,H54/D1,
Tommy Milone*,31.0,WSN,NL,-0.1,5.0,9.0,7.0,0.0,0.0,0.0,0.0,0.0,0.0,0.0,0.0,1.0,3.0,0.0,0.125,0.0,0.125,-63.0,0.087,-107.0,0.0,0.0,0.0,1.0,0.0,0.0,/1,
Tommy Pham,30.0,2TM,2LG,3.3,137.0,570.0,494.0,102.0,136.0,18.0,6.0,21.0,63.0,15.0,7.0,67.0,140.0,0.275,0.367,0.464,0.83,127.0,0.366,131.0,229.0,18.0,6.0,0.0,3.0,2.0,*87/HD,
Tommy Pham,30.0,STL,NL,0.8,98.0,396.0,351.0,67.0,87.0,11.0,0.0,14.0,41.0,10.0,6.0,42.0,97.0,0.248,0.331,0.399,0.73,99.0,0.33,104.0,140.0,12.0,2.0,0.0,1.0,1.0,8/H,
Tommy Pham,30.0,TBR,AL,2.6,39.0,174.0,143.0,35.0,49.0,7.0,6.0,7.0,22.0,5.0,1.0,25.0,43.0,0.343,0.448,0.622,1.071,194.0,0.448,190.0,89.0,6.0,4.0,0.0,2.0,1.0,7/8D,
Tomás Nido,24.0,NYM,NL,-0.5,34.0,90.0,84.0,10.0,14.0,3.0,0.0,1.0,9.0,0.0,0.0,4.0,27.0,0.167,0.2,0.238,0.438,23.0,0.215,25.0,20.0,4.0,0.0,0.0,2.0,0.0,2/H,
Tomás Telis#,27.0,MIA,NL,-0.2,23.0,31.0,29.0,2.0,6.0,1.0,0.0,0.0,1.0,0.0,0.0,2.0,8.0,0.207,0.258,0.241,0.499,40.0,0.227,31.0,7.0,1.0,0.0,0.0,0.0,0.0,H/23D,
Tony Barnette,34.0,TEX,AL,0.0,1.0,0.0,0.0,0.0,0.0,0.0,0.0,0.0,0.0,0.0,0.0,0.0,0.0,,,,,,,,0.0,0.0,0.0,0.0,0.0,0.0,1,
Tony Cingrani*,28.0,LAD,NL,0.0,30.0,0.0,0.0,0.0,0.0,0.0,0.0,0.0,0.0,0.0,0.0,0.0,0.0,,,,,,,,0.0,0.0,0.0,0.0,0.0,0.0,1,
Tony Cruz,31.0,CIN,NL,-0.2,9.0,26.0,26.0,2.0,4.0,1.0,0.0,1.0,2.0,0.0,0.0,0.0,11.0,0.154,0.154,0.308,0.462,20.0,0.196,0.0,8.0,4.0,0.0,0.0,0.0,0.0,/2H,
Tony Kemp*,26.0,HOU,AL,0.6,97.0,295.0,255.0,37.0,67.0,15.0,0.0,6.0,30.0,9.0,3.0,32.0,44.0,0.263,0.351,0.392,0.743,105.0,0.331,104.0,100.0,7.0,3.0,3.0,1.0,1.0,78H/49D,
Tony Renda,27.0,BOS,AL,0.0,1.0,0.0,0.0,1.0,0.0,0.0,0.0,0.0,0.0,0.0,0.0,0.0,0.0,,,,,,,,0.0,0.0,0.0,0.0,0.0,0.0,/H,
Tony Sipp*,34.0,HOU,AL,0.0,3.0,0.0,0.0,0.0,0.0,0.0,0.0,0.0,0.0,0.0,0.0,0.0,0.0,,,,,,,,0.0,0.0,0.0,0.0,0.0,0.0,1,
Tony Watson*,33.0,SFG,NL,0.0,67.0,0.0,0.0,0.0,0.0,0.0,0.0,0.0,0.0,0.0,0.0,0.0,0.0,,,,,,,,0.0,0.0,0.0,0.0,0.0,0.0,1,
Tony Wolters*,26.0,COL,NL,0.5,74.0,216.0,182.0,19.0,31.0,4.0,4.0,3.0,27.0,2.0,0.0,26.0,33.0,0.17,0.292,0.286,0.577,48.0,0.278,45.0,52.0,6.0,6.0,0.0,2.0,2.0,2/H475,
Touki Toussaint,22.0,ATL,NL,-0.1,8.0,10.0,10.0,1.0,1.0,0.0,0.0,0.0,0.0,0.0,0.0,0.0,5.0,0.1,0.1,0.1,0.2,-46.0,0.09,-77.0,1.0,0.0,0.0,0.0,0.0,0.0,/1H,
Travis d'Arnaud,29.0,NYM,NL,-0.1,4.0,16.0,15.0,1.0,3.0,0.0,0.0,1.0,3.0,0.0,0.0,1.0,5.0,0.2,0.25,0.4,0.65,79.0,0.284,75.0,6.0,0.0,0.0,0.0,0.0,0.0,/2,
Travis Jankowski*,27.0,SDP,NL,1.2,117.0,387.0,347.0,45.0,90.0,12.0,3.0,4.0,17.0,24.0,7.0,37.0,73.0,0.259,0.332,0.346,0.678,90.0,0.316,93.0,120.0,7.0,1.0,2.0,0.0,0.0,987H,
Travis Shaw*,28.0,MIL,NL,4.5,152.0,587.0,498.0,73.0,120.0,23.0,0.0,32.0,86.0,5.0,2.0,78.0,108.0,0.241,0.345,0.48,0.825,119.0,0.362,121.0,239.0,7.0,4.0,1.0,6.0,6.0,543/H,
Trayce Thompson,27.0,2TM,AL,-1.0,51.0,137.0,128.0,15.0,15.0,3.0,0.0,3.0,9.0,3.0,1.0,7.0,50.0,0.117,0.162,0.211,0.373,2.0,0.184,-1.0,27.0,0.0,0.0,1.0,1.0,1.0,9H/78,
Trayce Thompson,27.0,OAK,AL,0.0,3.0,7.0,7.0,1.0,1.0,0.0,0.0,0.0,0.0,0.0,0.0,0.0,4.0,0.143,0.143,0.143,0.286,-20.0,0.128,-38.0,1.0,0.0,0.0,0.0,0.0,0.0,/8H,
Trayce Thompson,27.0,CHW,AL,-1.0,48.0,130.0,121.0,14.0,14.0,3.0,0.0,3.0,9.0,3.0,1.0,7.0,46.0,0.116,0.163,0.215,0.378,4.0,0.187,1.0,26.0,0.0,0.0,1.0,1.0,1.0,9/H78,
Trea Turner,25.0,WSN,NL,4.9,162.0,740.0,664.0,103.0,180.0,27.0,6.0,19.0,73.0,43.0,9.0,69.0,132.0,0.271,0.344,0.416,0.76,100.0,0.353,105.0,276.0,7.0,5.0,2.0,0.0,3.0,*6/H,
Trevor Bauer,27.0,CLE,AL,0.0,1.0,3.0,3.0,1.0,0.0,0.0,0.0,0.0,0.0,0.0,0.0,0.0,1.0,0.0,0.0,0.0,0.0,-100.0,0.0,-137.0,0.0,0.0,0.0,0.0,0.0,0.0,1,"AS,CYA-6,MVP-22"
Trevor Gott,25.0,WSN,NL,0.0,20.0,0.0,0.0,0.0,0.0,0.0,0.0,0.0,0.0,0.0,0.0,0.0,0.0,,,,,,,,0.0,0.0,0.0,0.0,0.0,0.0,1,
Trevor Hildenberger,27.0,MIN,AL,0.0,6.0,0.0,0.0,0.0,0.0,0.0,0.0,0.0,0.0,0.0,0.0,0.0,0.0,,,,,,,,0.0,0.0,0.0,0.0,0.0,0.0,1,
Trevor Plouffe,32.0,PHI,NL,0.0,7.0,12.0,12.0,1.0,3.0,0.0,0.0,1.0,3.0,0.0,0.0,0.0,6.0,0.25,0.25,0.5,0.75,95.0,0.312,85.0,6.0,0.0,0.0,0.0,0.0,0.0,/H549,
Trevor Richards,25.0,MIA,NL,0.0,22.0,36.0,31.0,1.0,2.0,0.0,0.0,0.0,2.0,0.0,0.0,1.0,17.0,0.065,0.094,0.065,0.158,-55.0,0.134,-54.0,2.0,0.0,0.0,4.0,0.0,0.0,1,
Trevor Story,25.0,COL,NL,6.3,157.0,656.0,598.0,88.0,174.0,42.0,6.0,37.0,108.0,27.0,6.0,47.0,168.0,0.291,0.348,0.567,0.914,127.0,0.401,133.0,339.0,12.0,7.0,0.0,4.0,3.0,*6/H,"AS,MVP-8,SS"
Trevor Williams,26.0,PIT,NL,-0.1,28.0,51.0,43.0,3.0,5.0,0.0,0.0,0.0,0.0,0.0,0.0,2.0,13.0,0.116,0.156,0.116,0.272,-23.0,0.126,-64.0,5.0,0.0,0.0,6.0,0.0,0.0,1,
Trey Mancini,26.0,BAL,AL,0.7,156.0,636.0,582.0,69.0,141.0,23.0,3.0,24.0,58.0,0.0,1.0,44.0,153.0,0.242,0.299,0.416,0.715,95.0,0.313,94.0,242.0,17.0,5.0,0.0,5.0,1.0,73D/H,
Trey Wingenter,24.0,SDP,NL,0.0,21.0,0.0,0.0,0.0,0.0,0.0,0.0,0.0,0.0,0.0,0.0,0.0,0.0,,,,,,,,0.0,0.0,0.0,0.0,0.0,0.0,1,
Troy Scribner*,26.0,ARI,NL,0.0,1.0,1.0,1.0,0.0,0.0,0.0,0.0,0.0,0.0,0.0,0.0,0.0,1.0,0.0,0.0,0.0,0.0,-100.0,0.0,-145.0,0.0,0.0,0.0,0.0,0.0,0.0,/1,
Tucker Barnhart*,27.0,CIN,NL,0.8,138.0,522.0,460.0,50.0,114.0,21.0,3.0,10.0,46.0,0.0,4.0,54.0,96.0,0.248,0.328,0.372,0.699,88.0,0.309,85.0,171.0,13.0,2.0,3.0,3.0,2.0,*2H3,
Ty Blach,27.0,SFG,NL,-0.2,49.0,34.0,29.0,0.0,1.0,0.0,0.0,0.0,0.0,0.0,0.0,2.0,15.0,0.034,0.097,0.034,0.131,-61.0,0.074,-97.0,1.0,1.0,0.0,3.0,0.0,0.0,1/H,
Ty Buttrey*,25.0,LAA,AL,0.0,1.0,0.0,0.0,0.0,0.0,0.0,0.0,0.0,0.0,0.0,0.0,0.0,0.0,,,,,,,,0.0,0.0,0.0,0.0,0.0,0.0,1,
Ty Kelly#,29.0,NYM,NL,-0.2,9.0,12.0,11.0,1.0,1.0,0.0,0.0,0.0,0.0,0.0,0.0,1.0,2.0,0.091,0.167,0.091,0.258,-25.0,0.133,-36.0,1.0,1.0,0.0,0.0,0.0,0.0,/H457,
Tyler Anderson*,28.0,COL,NL,-0.1,32.0,60.0,50.0,7.0,5.0,0.0,0.0,0.0,1.0,0.0,0.0,3.0,32.0,0.1,0.167,0.1,0.267,-30.0,0.152,-61.0,5.0,1.0,1.0,6.0,0.0,0.0,1/H,
Tyler Austin,26.0,2TM,AL,0.6,69.0,268.0,244.0,34.0,56.0,10.0,0.0,17.0,47.0,1.0,2.0,19.0,95.0,0.23,0.287,0.48,0.767,105.0,0.324,101.0,117.0,3.0,2.0,0.0,3.0,0.0,3D/H,
Tyler Austin,26.0,NYY,AL,0.3,34.0,132.0,121.0,16.0,27.0,6.0,0.0,8.0,23.0,1.0,1.0,8.0,53.0,0.223,0.28,0.471,0.751,101.0,0.315,95.0,57.0,2.0,2.0,0.0,1.0,0.0,3/D,
Tyler Austin,26.0,MIN,AL,0.3,35.0,136.0,123.0,18.0,29.0,4.0,0.0,9.0,24.0,0.0,1.0,11.0,42.0,0.236,0.294,0.488,0.782,109.0,0.333,108.0,60.0,1.0,0.0,0.0,2.0,0.0,D3/H,
Tyler Bashlor,25.0,NYM,NL,0.0,22.0,1.0,1.0,0.0,0.0,0.0,0.0,0.0,0.0,0.0,0.0,0.0,1.0,0.0,0.0,0.0,0.0,-100.0,0.0,-136.0,0.0,0.0,0.0,0.0,0.0,0.0,1,
Tyler Beede,25.0,SFG,NL,0.0,2.0,2.0,2.0,0.0,0.0,0.0,0.0,0.0,0.0,0.0,0.0,0.0,2.0,0.0,0.0,0.0,0.0,-100.0,0.0,-136.0,0.0,0.0,0.0,0.0,0.0,0.0,/1,
Tyler Chatwood,28.0,CHC,NL,0.0,23.0,32.0,25.0,3.0,4.0,0.0,0.0,0.0,2.0,0.0,0.0,1.0,6.0,0.16,0.192,0.16,0.352,-4.0,0.165,-53.0,4.0,0.0,0.0,6.0,0.0,0.0,1/H,
Tyler Clippard,33.0,TOR,AL,0.0,2.0,0.0,0.0,0.0,0.0,0.0,0.0,0.0,0.0,0.0,0.0,0.0,0.0,,,,,,,,0.0,0.0,0.0,0.0,0.0,0.0,1,
Tyler Cloyd,31.0,MIA,NL,0.0,6.0,3.0,3.0,0.0,0.0,0.0,0.0,0.0,0.0,0.0,0.0,0.0,2.0,0.0,0.0,0.0,0.0,-100.0,0.0,-136.0,0.0,0.0,0.0,0.0,0.0,0.0,/1,
Tyler Flowers,32.0,ATL,NL,0.7,82.0,296.0,251.0,34.0,57.0,9.0,0.0,8.0,30.0,0.0,0.0,35.0,76.0,0.227,0.341,0.359,0.7,90.0,0.32,91.0,90.0,6.0,9.0,0.0,1.0,0.0,2/HD,
Tyler Glasnow*,24.0,PIT,NL,0.0,32.0,3.0,3.0,0.0,0.0,0.0,0.0,0.0,0.0,0.0,0.0,0.0,3.0,0.0,0.0,0.0,0.0,-100.0,0.0,-139.0,0.0,0.0,0.0,0.0,0.0,0.0,1,
Tyler Kinley,27.0,MIA,NL,0.0,9.0,0.0,0.0,0.0,0.0,0.0,0.0,0.0,0.0,0.0,0.0,0.0,0.0,,,,,,,,0.0,0.0,0.0,0.0,0.0,0.0,/1,
Tyler Lyons*,30.0,STL,NL,0.0,27.0,0.0,0.0,0.0,0.0,0.0,0.0,0.0,0.0,0.0,0.0,0.0,0.0,,,,,,,,0.0,0.0,0.0,0.0,0.0,0.0,1,
Tyler Mahle,23.0,CIN,NL,0.0,21.0,34.0,29.0,0.0,3.0,1.0,0.0,0.0,0.0,0.0,0.0,2.0,10.0,0.103,0.161,0.138,0.299,-18.0,0.169,-31.0,4.0,0.0,0.0,3.0,0.0,0.0,1/H,
Tyler Naquin*,27.0,CLE,AL,0.5,61.0,183.0,174.0,22.0,46.0,7.0,0.0,3.0,23.0,1.0,1.0,6.0,42.0,0.264,0.295,0.356,0.651,76.0,0.294,76.0,62.0,1.0,2.0,0.0,1.0,1.0,98H/7D,
Tyler O'Neill,23.0,STL,NL,1.2,61.0,142.0,130.0,29.0,33.0,5.0,0.0,9.0,23.0,2.0,0.0,7.0,57.0,0.254,0.303,0.5,0.803,115.0,0.358,121.0,65.0,0.0,3.0,0.0,2.0,0.0,H97/8,
Tyler Olson,28.0,CLE,AL,0.0,3.0,0.0,0.0,0.0,0.0,0.0,0.0,0.0,0.0,0.0,0.0,0.0,0.0,,,,,,,,0.0,0.0,0.0,0.0,0.0,0.0,1,
Tyler Saladino,28.0,2TM,2LG,0.3,58.0,139.0,126.0,13.0,31.0,4.0,0.0,5.0,16.0,2.0,2.0,9.0,41.0,0.246,0.299,0.397,0.696,85.0,0.301,79.0,50.0,3.0,1.0,2.0,1.0,0.0,6H/45D,
Tyler Saladino,28.0,CHW,AL,0.1,6.0,9.0,8.0,2.0,2.0,1.0,0.0,0.0,0.0,0.0,0.0,0.0,3.0,0.25,0.25,0.375,0.625,70.0,0.266,55.0,3.0,0.0,0.0,1.0,0.0,0.0,/H5D,
Tyler Saladino,28.0,MIL,NL,0.2,52.0,130.0,118.0,11.0,29.0,3.0,0.0,5.0,16.0,2.0,2.0,9.0,38.0,0.246,0.302,0.398,0.701,86.0,0.303,81.0,47.0,3.0,1.0,1.0,1.0,0.0,6H/45,
Tyler Wade*,23.0,NYY,AL,-0.1,36.0,70.0,66.0,8.0,11.0,4.0,0.0,1.0,5.0,1.0,0.0,4.0,23.0,0.167,0.214,0.273,0.487,33.0,0.216,20.0,18.0,1.0,0.0,0.0,0.0,0.0,4H/96578,
Tyler Webb*,27.0,2TM,NL,0.0,21.0,1.0,1.0,0.0,0.0,0.0,0.0,0.0,0.0,0.0,0.0,0.0,1.0,0.0,0.0,0.0,0.0,-100.0,0.0,-136.0,0.0,0.0,0.0,0.0,0.0,0.0,1,
Tyler Webb*,27.0,SDP,NL,0.0,4.0,1.0,1.0,0.0,0.0,0.0,0.0,0.0,0.0,0.0,0.0,0.0,1.0,0.0,0.0,0.0,0.0,-100.0,0.0,-136.0,0.0,0.0,0.0,0.0,0.0,0.0,/1,
Tyler Webb*,27.0,STL,NL,0.0,17.0,0.0,0.0,0.0,0.0,0.0,0.0,0.0,0.0,0.0,0.0,0.0,0.0,,,,,,,,0.0,0.0,0.0,0.0,0.0,0.0,1,
Tyler White,27.0,HOU,AL,1.2,66.0,237.0,210.0,27.0,58.0,12.0,3.0,12.0,42.0,0.0,1.0,24.0,49.0,0.276,0.354,0.533,0.888,140.0,0.381,143.0,112.0,1.0,2.0,0.0,1.0,0.0,3D/H,
Tyson Ross,31.0,2TM,NL,0.3,31.0,46.0,41.0,2.0,8.0,0.0,0.0,1.0,4.0,1.0,0.0,1.0,16.0,0.195,0.209,0.268,0.478,32.0,0.211,21.0,11.0,1.0,0.0,3.0,1.0,0.0,1/H,
Tyson Ross,31.0,SDP,NL,0.0,23.0,42.0,38.0,1.0,6.0,0.0,0.0,0.0,3.0,1.0,0.0,1.0,16.0,0.158,0.175,0.158,0.333,-6.0,0.156,-30.0,6.0,1.0,0.0,2.0,1.0,0.0,1/H,
Tyson Ross,31.0,STL,NL,0.3,8.0,4.0,3.0,1.0,2.0,0.0,0.0,1.0,1.0,0.0,0.0,0.0,0.0,0.667,0.667,1.667,2.333,512.0,0.95,712.0,5.0,0.0,0.0,1.0,0.0,0.0,/1,
Tzu-Wei Lin*,24.0,BOS,AL,0.1,37.0,73.0,65.0,15.0,16.0,6.0,1.0,1.0,6.0,0.0,1.0,8.0,17.0,0.246,0.329,0.415,0.744,100.0,0.339,112.0,27.0,0.0,0.0,0.0,0.0,0.0,6/H845D,
Victor Alcántara,25.0,DET,AL,0.0,1.0,0.0,0.0,0.0,0.0,0.0,0.0,0.0,0.0,0.0,0.0,0.0,0.0,,,,,,,,0.0,0.0,0.0,0.0,0.0,0.0,1,
Victor Caratini#,24.0,CHC,NL,0.2,76.0,200.0,181.0,21.0,42.0,7.0,0.0,2.0,21.0,0.0,0.0,12.0,42.0,0.232,0.293,0.304,0.597,60.0,0.282,60.0,55.0,5.0,4.0,2.0,1.0,0.0,2H3/51,
Victor Martinez#,39.0,DET,AL,-1.3,133.0,508.0,467.0,32.0,117.0,21.0,0.0,9.0,54.0,0.0,0.0,32.0,49.0,0.251,0.297,0.353,0.651,76.0,0.293,74.0,165.0,19.0,2.0,0.0,7.0,4.0,*D/H3,
Vidal Nuño III*,30.0,TBR,AL,0.1,1.0,2.0,2.0,0.0,2.0,0.0,0.0,0.0,1.0,0.0,0.0,0.0,0.0,1.0,1.0,1.0,2.0,461.0,0.894,517.0,2.0,0.0,0.0,0.0,0.0,0.0,1,
Vince Velasquez,26.0,PHI,NL,0.1,30.0,45.0,40.0,2.0,9.0,1.0,0.0,0.0,1.0,0.0,0.0,0.0,11.0,0.225,0.225,0.25,0.475,28.0,0.211,0.0,10.0,2.0,0.0,5.0,0.0,0.0,1/H,
Víctor Arano,23.0,PHI,NL,0.0,58.0,0.0,0.0,0.0,0.0,0.0,0.0,0.0,0.0,0.0,0.0,0.0,0.0,,,,,,,,0.0,0.0,0.0,0.0,0.0,0.0,1,
Víctor Reyes#,23.0,DET,AL,-1.2,100.0,219.0,212.0,35.0,47.0,5.0,3.0,1.0,12.0,9.0,1.0,5.0,46.0,0.222,0.239,0.288,0.526,42.0,0.256,43.0,61.0,4.0,0.0,1.0,1.0,0.0,H7D8/9,
Víctor Robles,21.0,WSN,NL,0.5,21.0,66.0,59.0,8.0,17.0,3.0,1.0,3.0,10.0,3.0,2.0,4.0,12.0,0.288,0.348,0.525,0.874,127.0,0.369,126.0,31.0,2.0,2.0,0.0,1.0,0.0,8/H79,
Wade Davis,32.0,COL,NL,0.0,64.0,0.0,0.0,0.0,0.0,0.0,0.0,0.0,0.0,0.0,0.0,0.0,0.0,,,,,,,,0.0,0.0,0.0,0.0,0.0,0.0,1,
Wade LeBlanc*,33.0,SEA,AL,0.1,3.0,4.0,3.0,0.0,1.0,0.0,0.0,0.0,0.0,0.0,0.0,0.0,2.0,0.333,0.333,0.333,0.667,89.0,0.298,83.0,1.0,0.0,0.0,1.0,0.0,0.0,1,
Wade Miley*,31.0,MIL,NL,0.0,16.0,28.0,27.0,1.0,5.0,0.0,0.0,0.0,0.0,0.0,0.0,1.0,11.0,0.185,0.214,0.185,0.399,9.0,0.178,-13.0,5.0,0.0,0.0,0.0,0.0,0.0,1,
Walker Buehler,23.0,LAD,NL,0.1,22.0,47.0,43.0,1.0,7.0,0.0,0.0,0.0,1.0,0.0,0.0,2.0,21.0,0.163,0.2,0.163,0.363,1.0,0.169,-21.0,7.0,0.0,0.0,2.0,0.0,0.0,1,ROY-3
Walker Lockett,24.0,SDP,NL,0.0,4.0,5.0,4.0,0.0,0.0,0.0,0.0,0.0,0.0,0.0,0.0,1.0,4.0,0.0,0.2,0.0,0.2,-37.0,0.139,-35.0,0.0,0.0,0.0,0.0,0.0,0.0,/1,
Wander Suero,26.0,WSN,NL,0.0,38.0,3.0,3.0,0.0,0.0,0.0,0.0,0.0,0.0,0.0,0.0,0.0,1.0,0.0,0.0,0.0,0.0,-100.0,0.0,-148.0,0.0,0.0,0.0,0.0,0.0,0.0,1,
Wandy Peralta*,26.0,CIN,NL,0.0,56.0,3.0,1.0,0.0,0.0,0.0,0.0,0.0,0.0,0.0,0.0,0.0,1.0,0.0,0.0,0.0,0.0,-100.0,0.0,-636.0,0.0,0.0,0.0,2.0,0.0,0.0,1,
Warwick Saupold,28.0,DET,AL,0.0,3.0,1.0,1.0,0.0,0.0,0.0,0.0,0.0,0.0,0.0,0.0,0.0,1.0,0.0,0.0,0.0,0.0,-100.0,0.0,-133.0,0.0,0.0,0.0,0.0,0.0,0.0,1,
Wei-Yin Chen,32.0,MIA,NL,0.0,26.0,42.0,40.0,2.0,6.0,1.0,0.0,0.0,2.0,0.0,0.0,0.0,18.0,0.15,0.15,0.175,0.325,-10.0,0.141,-38.0,7.0,0.0,0.0,2.0,0.0,0.0,1/H,
Welington Castillo,31.0,CHW,AL,0.5,49.0,181.0,170.0,17.0,44.0,7.0,0.0,6.0,15.0,1.0,0.0,9.0,46.0,0.259,0.304,0.406,0.71,94.0,0.313,93.0,69.0,7.0,2.0,0.0,0.0,0.0,2/DH,
Wes Parsons,25.0,ATL,NL,0.0,1.0,1.0,1.0,0.0,0.0,0.0,0.0,0.0,0.0,0.0,0.0,0.0,1.0,0.0,0.0,0.0,0.0,-100.0,0.0,-145.0,0.0,0.0,0.0,0.0,0.0,0.0,/1,
Whit Merrifield,29.0,KCR,AL,4.5,158.0,707.0,632.0,88.0,192.0,43.0,3.0,12.0,60.0,45.0,10.0,61.0,114.0,0.304,0.367,0.438,0.806,120.0,0.36,120.0,277.0,12.0,6.0,2.0,6.0,2.0,48D/937H,MVP-17
Wil Myers,27.0,SDP,NL,2.1,83.0,343.0,312.0,39.0,79.0,25.0,1.0,11.0,39.0,13.0,1.0,30.0,94.0,0.253,0.318,0.446,0.763,110.0,0.347,114.0,139.0,10.0,0.0,0.0,1.0,1.0,579/H38D,
Will Harris,33.0,HOU,AL,0.0,2.0,0.0,0.0,0.0,0.0,0.0,0.0,0.0,0.0,0.0,0.0,0.0,0.0,,,,,,,,0.0,0.0,0.0,0.0,0.0,0.0,1,
Will Smith,28.0,SFG,NL,0.0,51.0,0.0,0.0,0.0,0.0,0.0,0.0,0.0,0.0,0.0,0.0,0.0,0.0,,,,,,,,0.0,0.0,0.0,0.0,0.0,0.0,1,
William Cuevas#,27.0,BOS,AL,0.0,2.0,0.0,0.0,0.0,0.0,0.0,0.0,0.0,0.0,0.0,0.0,0.0,0.0,,,,,,,,0.0,0.0,0.0,0.0,0.0,0.0,/1,
Williams Jerez*,26.0,LAA,AL,0.0,2.0,0.0,0.0,0.0,0.0,0.0,0.0,0.0,0.0,0.0,0.0,0.0,0.0,,,,,,,,0.0,0.0,0.0,0.0,0.0,0.0,1,
Willians Astudillo,26.0,MIN,AL,0.8,29.0,97.0,93.0,9.0,33.0,4.0,1.0,3.0,21.0,0.0,0.0,2.0,3.0,0.355,0.371,0.516,0.887,139.0,0.379,138.0,48.0,4.0,1.0,0.0,1.0,0.0,2/5D4178H,
Willie Calhoun*,23.0,TEX,AL,-0.7,35.0,108.0,99.0,8.0,22.0,5.0,0.0,2.0,11.0,0.0,0.0,6.0,24.0,0.222,0.269,0.333,0.602,58.0,0.278,58.0,33.0,2.0,1.0,0.0,2.0,0.0,7/HD,
Willson Contreras,26.0,CHC,NL,3.0,138.0,544.0,474.0,50.0,118.0,27.0,5.0,10.0,54.0,4.0,1.0,53.0,121.0,0.249,0.339,0.39,0.73,94.0,0.33,95.0,185.0,14.0,13.0,2.0,2.0,2.0,*2H/73,AS
Willy Adames,22.0,TBR,AL,1.0,85.0,323.0,288.0,43.0,80.0,7.0,0.0,10.0,34.0,6.0,5.0,31.0,95.0,0.278,0.348,0.406,0.754,109.0,0.323,105.0,117.0,6.0,1.0,1.0,2.0,3.0,64/H,
Wilmer Difo#,26.0,WSN,NL,-0.2,148.0,456.0,408.0,55.0,94.0,14.0,7.0,7.0,42.0,10.0,3.0,39.0,82.0,0.23,0.298,0.35,0.649,71.0,0.291,63.0,143.0,8.0,2.0,3.0,4.0,5.0,*4H5/68,
Wilmer Flores,26.0,NYM,NL,0.9,126.0,429.0,386.0,43.0,103.0,25.0,0.0,11.0,51.0,0.0,0.0,29.0,42.0,0.267,0.319,0.417,0.736,105.0,0.322,103.0,161.0,8.0,5.0,0.0,9.0,1.0,3H45/D,
Wilmer Font,28.0,2TM,2LG,0.0,7.0,2.0,0.0,0.0,0.0,0.0,0.0,0.0,0.0,0.0,0.0,0.0,0.0,,,,,,,,0.0,0.0,0.0,2.0,0.0,0.0,1,
Wilmer Font,28.0,LAD,NL,0.0,6.0,2.0,0.0,0.0,0.0,0.0,0.0,0.0,0.0,0.0,0.0,0.0,0.0,,,,,,,,0.0,0.0,0.0,2.0,0.0,0.0,/1,
Wilmer Font,28.0,TBR,AL,0.0,1.0,0.0,0.0,0.0,0.0,0.0,0.0,0.0,0.0,0.0,0.0,0.0,0.0,,,,,,,,0.0,0.0,0.0,0.0,0.0,0.0,/1,
Wilson Ramos,30.0,2TM,2LG,2.5,111.0,416.0,382.0,39.0,117.0,22.0,1.0,15.0,70.0,0.0,0.0,32.0,80.0,0.306,0.358,0.487,0.845,130.0,0.366,131.0,186.0,20.0,0.0,0.0,2.0,2.0,2H/D,AS
Wilson Ramos,30.0,TBR,AL,1.7,78.0,315.0,293.0,30.0,87.0,14.0,0.0,14.0,53.0,0.0,0.0,22.0,61.0,0.297,0.346,0.488,0.834,129.0,0.359,128.0,143.0,17.0,0.0,0.0,0.0,1.0,2/DH,
Wilson Ramos,30.0,PHI,NL,0.8,33.0,101.0,89.0,9.0,30.0,8.0,1.0,1.0,17.0,0.0,0.0,10.0,19.0,0.337,0.396,0.483,0.879,135.0,0.386,139.0,43.0,3.0,0.0,0.0,2.0,1.0,2H,
Wily Peralta,29.0,KCR,AL,0.0,2.0,0.0,0.0,0.0,0.0,0.0,0.0,0.0,0.0,0.0,0.0,0.0,0.0,,,,,,,,0.0,0.0,0.0,0.0,0.0,0.0,1,
Xander Bogaerts,25.0,BOS,AL,4.9,136.0,580.0,513.0,72.0,148.0,45.0,3.0,23.0,103.0,8.0,2.0,55.0,102.0,0.288,0.36,0.522,0.883,135.0,0.387,141.0,268.0,14.0,6.0,0.0,6.0,4.0,*6/H,MVP-13
Xavier Cedeño*,31.0,2TM,2LG,0.0,17.0,0.0,0.0,0.0,0.0,0.0,0.0,0.0,0.0,0.0,0.0,0.0,0.0,,,,,,,,0.0,0.0,0.0,0.0,0.0,0.0,1,
Xavier Cedeño*,31.0,CHW,AL,0.0,2.0,0.0,0.0,0.0,0.0,0.0,0.0,0.0,0.0,0.0,0.0,0.0,0.0,,,,,,,,0.0,0.0,0.0,0.0,0.0,0.0,1,
Xavier Cedeño*,31.0,MIL,NL,0.0,15.0,0.0,0.0,0.0,0.0,0.0,0.0,0.0,0.0,0.0,0.0,0.0,0.0,,,,,,,,0.0,0.0,0.0,0.0,0.0,0.0,1,
Yacksel Ríos,25.0,PHI,NL,0.0,35.0,1.0,1.0,0.0,0.0,0.0,0.0,0.0,0.0,0.0,0.0,0.0,1.0,0.0,0.0,0.0,0.0,-100.0,0.0,-145.0,0.0,0.0,0.0,0.0,0.0,0.0,1,
Yadiel Rivera,26.0,MIA,NL,-0.7,111.0,160.0,139.0,13.0,24.0,3.0,0.0,1.0,9.0,2.0,1.0,19.0,51.0,0.173,0.269,0.216,0.485,37.0,0.222,26.0,30.0,3.0,0.0,0.0,2.0,3.0,H564/7389,
Yadier Molina,35.0,STL,NL,1.4,123.0,503.0,459.0,55.0,120.0,20.0,0.0,20.0,74.0,4.0,3.0,29.0,66.0,0.261,0.314,0.436,0.75,103.0,0.333,106.0,200.0,15.0,9.0,0.0,6.0,0.0,*2/3H,"AS,GG"
Yairo Muñoz,23.0,STL,NL,0.4,108.0,329.0,293.0,39.0,81.0,16.0,0.0,8.0,42.0,5.0,6.0,30.0,71.0,0.276,0.35,0.413,0.763,109.0,0.33,107.0,121.0,3.0,4.0,0.0,2.0,7.0,645H9/78,
Yan Gomes,30.0,CLE,AL,2.6,112.0,435.0,403.0,52.0,107.0,26.0,0.0,16.0,48.0,0.0,0.0,21.0,119.0,0.266,0.313,0.449,0.762,103.0,0.335,105.0,181.0,4.0,8.0,0.0,3.0,2.0,*2/HD,AS
Yandy Díaz,26.0,CLE,AL,0.3,39.0,120.0,109.0,15.0,34.0,5.0,2.0,1.0,15.0,0.0,0.0,11.0,19.0,0.312,0.375,0.422,0.797,116.0,0.354,118.0,46.0,6.0,0.0,0.0,0.0,1.0,D/35H,
Yangervis Solarte#,30.0,TOR,AL,-0.4,122.0,506.0,468.0,50.0,106.0,20.0,0.0,17.0,54.0,1.0,3.0,31.0,72.0,0.226,0.277,0.378,0.655,79.0,0.288,78.0,177.0,21.0,3.0,1.0,3.0,1.0,54/6DH3,
Yasiel Puig,27.0,LAD,NL,2.4,125.0,444.0,405.0,60.0,108.0,21.0,1.0,23.0,63.0,15.0,5.0,36.0,87.0,0.267,0.327,0.494,0.82,120.0,0.363,124.0,200.0,15.0,1.0,0.0,2.0,2.0,*9H,
Yasmani Grandal#,29.0,LAD,NL,3.5,140.0,518.0,440.0,65.0,106.0,23.0,2.0,24.0,68.0,2.0,1.0,72.0,124.0,0.241,0.349,0.466,0.815,121.0,0.36,124.0,205.0,12.0,3.0,0.0,3.0,1.0,*2H/3,
Yefry Ramírez,24.0,BAL,AL,0.0,1.0,2.0,2.0,0.0,0.0,0.0,0.0,0.0,0.0,0.0,0.0,0.0,1.0,0.0,0.0,0.0,0.0,-100.0,0.0,-135.0,0.0,0.0,0.0,0.0,0.0,0.0,1,
Yency Almonte,24.0,COL,NL,0.0,14.0,1.0,1.0,0.0,0.0,0.0,0.0,0.0,0.0,0.0,0.0,0.0,0.0,0.0,0.0,0.0,0.0,-100.0,0.0,-155.0,0.0,0.0,0.0,0.0,0.0,0.0,1,
Yimi García,27.0,LAD,NL,0.0,25.0,0.0,0.0,0.0,0.0,0.0,0.0,0.0,0.0,0.0,0.0,0.0,0.0,,,,,,,,0.0,0.0,0.0,0.0,0.0,0.0,1,
Yoan López,25.0,ARI,NL,0.0,9.0,0.0,0.0,0.0,0.0,0.0,0.0,0.0,0.0,0.0,0.0,0.0,0.0,,,,,,,,0.0,0.0,0.0,0.0,0.0,0.0,1,
Yoenis Céspedes,32.0,NYM,NL,0.8,38.0,157.0,141.0,20.0,37.0,6.0,0.0,9.0,29.0,3.0,0.0,13.0,50.0,0.262,0.325,0.496,0.821,126.0,0.357,125.0,70.0,1.0,1.0,0.0,2.0,2.0,7/HD,
Yohander Méndez*,23.0,TEX,AL,0.0,1.0,2.0,2.0,0.0,0.0,0.0,0.0,0.0,0.0,0.0,0.0,0.0,1.0,0.0,0.0,0.0,0.0,-100.0,0.0,-148.0,0.0,0.0,0.0,0.0,0.0,0.0,/1,
Yolmer Sánchez#,26.0,CHW,AL,2.3,155.0,662.0,600.0,62.0,145.0,34.0,10.0,8.0,55.0,14.0,6.0,49.0,138.0,0.242,0.306,0.372,0.678,87.0,0.306,89.0,223.0,9.0,8.0,2.0,3.0,0.0,*5/4H6D,
Yonder Alonso*,31.0,CLE,AL,1.5,145.0,574.0,516.0,64.0,129.0,19.0,0.0,23.0,83.0,0.0,0.0,51.0,123.0,0.25,0.317,0.421,0.738,98.0,0.323,96.0,217.0,10.0,2.0,0.0,5.0,1.0,*3/HD,
Yonny Chirinos,24.0,TBR,AL,0.0,1.0,1.0,1.0,0.0,0.0,0.0,0.0,0.0,0.0,0.0,0.0,0.0,1.0,0.0,0.0,0.0,0.0,-100.0,0.0,-125.0,0.0,0.0,0.0,0.0,0.0,0.0,1,
Yoshihisa Hirano,34.0,ARI,NL,0.0,70.0,1.0,1.0,0.0,0.0,0.0,0.0,0.0,0.0,0.0,0.0,0.0,0.0,0.0,0.0,0.0,0.0,-100.0,0.0,-145.0,0.0,0.0,0.0,0.0,0.0,0.0,1,ROY-6
Yovani Gallardo,32.0,2TM,2LG,0.0,4.0,2.0,1.0,0.0,0.0,0.0,0.0,0.0,0.0,0.0,0.0,0.0,0.0,0.0,0.0,0.0,0.0,-100.0,0.0,-375.0,0.0,0.0,0.0,1.0,0.0,0.0,1,
Yovani Gallardo,32.0,CIN,NL,0.0,3.0,0.0,0.0,0.0,0.0,0.0,0.0,0.0,0.0,0.0,0.0,0.0,0.0,,,,,,,,0.0,0.0,0.0,0.0,0.0,0.0,/1,
Yovani Gallardo,32.0,TEX,AL,0.0,1.0,2.0,1.0,0.0,0.0,0.0,0.0,0.0,0.0,0.0,0.0,0.0,0.0,0.0,0.0,0.0,0.0,-100.0,0.0,-375.0,0.0,0.0,0.0,1.0,0.0,0.0,1,
Yoán Moncada#,23.0,CHW,AL,1.3,149.0,650.0,578.0,73.0,136.0,32.0,6.0,17.0,61.0,12.0,6.0,67.0,217.0,0.235,0.315,0.4,0.714,96.0,0.315,96.0,231.0,4.0,1.0,2.0,2.0,1.0,*4/H,
Yu Darvish,31.0,CHC,NL,-0.1,8.0,14.0,12.0,0.0,1.0,1.0,0.0,0.0,0.0,0.0,0.0,0.0,7.0,0.083,0.083,0.167,0.25,-36.0,0.104,-97.0,2.0,0.0,0.0,2.0,0.0,0.0,/1,
Yuli Gurriel,34.0,HOU,AL,2.7,136.0,573.0,537.0,70.0,156.0,33.0,1.0,13.0,85.0,5.0,1.0,23.0,63.0,0.291,0.323,0.428,0.751,105.0,0.344,114.0,230.0,22.0,6.0,0.0,7.0,0.0,*354/DH6,
Yusmeiro Petit,33.0,OAK,AL,0.0,4.0,0.0,0.0,0.0,0.0,0.0,0.0,0.0,0.0,0.0,0.0,0.0,0.0,,,,,,,,0.0,0.0,0.0,0.0,0.0,0.0,1,
Zac Curtis*,25.0,PHI,NL,0.0,7.0,0.0,0.0,0.0,0.0,0.0,0.0,0.0,0.0,0.0,0.0,0.0,0.0,,,,,,,,0.0,0.0,0.0,0.0,0.0,0.0,/1,
Zac Reininger#,25.0,DET,AL,0.0,2.0,0.0,0.0,0.0,0.0,0.0,0.0,0.0,0.0,0.0,0.0,0.0,0.0,,,,,,,,0.0,0.0,0.0,0.0,0.0,0.0,1,
Zac Rosscup,30.0,LAD,NL,0.0,16.0,0.0,0.0,0.0,0.0,0.0,0.0,0.0,0.0,0.0,0.0,0.0,0.0,,,,,,,,0.0,0.0,0.0,0.0,0.0,0.0,1,
Zach Davies,25.0,MIL,NL,-0.2,12.0,19.0,15.0,0.0,1.0,0.0,0.0,0.0,0.0,0.0,0.0,0.0,8.0,0.067,0.067,0.067,0.133,-64.0,0.06,-154.0,1.0,0.0,0.0,4.0,0.0,0.0,1,
Zach Duke*,35.0,2TM,AL,0.0,5.0,1.0,1.0,0.0,0.0,0.0,0.0,0.0,0.0,0.0,0.0,0.0,1.0,0.0,0.0,0.0,0.0,-100.0,0.0,-125.0,0.0,0.0,0.0,0.0,0.0,0.0,1,
Zach Duke*,35.0,MIN,AL,0.0,4.0,1.0,1.0,0.0,0.0,0.0,0.0,0.0,0.0,0.0,0.0,0.0,1.0,0.0,0.0,0.0,0.0,-100.0,0.0,-125.0,0.0,0.0,0.0,0.0,0.0,0.0,1,
Zach Duke*,35.0,SEA,AL,0.0,1.0,0.0,0.0,0.0,0.0,0.0,0.0,0.0,0.0,0.0,0.0,0.0,0.0,,,,,,,,0.0,0.0,0.0,0.0,0.0,0.0,1,
Zach Eflin,24.0,PHI,NL,-0.2,25.0,50.0,44.0,3.0,4.0,0.0,0.0,1.0,1.0,0.0,0.0,0.0,31.0,0.091,0.091,0.159,0.25,-35.0,0.106,-89.0,7.0,0.0,0.0,6.0,0.0,0.0,1/H,
Zach McAllister,30.0,CLE,AL,0.0,3.0,0.0,0.0,0.0,0.0,0.0,0.0,0.0,0.0,0.0,0.0,0.0,0.0,,,,,,,,0.0,0.0,0.0,0.0,0.0,0.0,1,
Zach Neal,29.0,LAD,NL,0.0,1.0,0.0,0.0,0.0,0.0,0.0,0.0,0.0,0.0,0.0,0.0,0.0,0.0,,,,,,,,0.0,0.0,0.0,0.0,0.0,0.0,/1,
Zach Vincej,27.0,SEA,AL,0.0,1.0,4.0,4.0,0.0,2.0,0.0,0.0,0.0,1.0,0.0,0.0,0.0,1.0,0.5,0.5,0.5,1.0,184.0,0.447,194.0,2.0,0.0,0.0,0.0,0.0,0.0,/5,
Zack Britton*,30.0,2TM,AL,0.0,5.0,0.0,0.0,0.0,0.0,0.0,0.0,0.0,0.0,0.0,0.0,0.0,0.0,,,,,,,,0.0,0.0,0.0,0.0,0.0,0.0,1,
Zack Britton*,30.0,BAL,AL,0.0,4.0,0.0,0.0,0.0,0.0,0.0,0.0,0.0,0.0,0.0,0.0,0.0,0.0,,,,,,,,0.0,0.0,0.0,0.0,0.0,0.0,1,
Zack Britton*,30.0,NYY,AL,0.0,1.0,0.0,0.0,0.0,0.0,0.0,0.0,0.0,0.0,0.0,0.0,0.0,0.0,,,,,,,,0.0,0.0,0.0,0.0,0.0,0.0,1,
Zack Cozart,32.0,LAA,AL,-0.1,58.0,253.0,224.0,29.0,49.0,13.0,2.0,5.0,18.0,0.0,0.0,19.0,42.0,0.219,0.296,0.362,0.658,81.0,0.295,81.0,81.0,7.0,7.0,0.0,3.0,0.0,546,
Zack Godley,28.0,ARI,NL,-0.2,32.0,65.0,53.0,1.0,3.0,0.0,0.0,0.0,1.0,0.0,0.0,4.0,30.0,0.057,0.123,0.057,0.179,-50.0,0.096,-101.0,3.0,0.0,0.0,8.0,0.0,0.0,1,
Zack Greinke,34.0,ARI,NL,0.7,30.0,71.0,64.0,6.0,15.0,4.0,0.0,0.0,5.0,3.0,0.0,3.0,16.0,0.234,0.269,0.297,0.566,50.0,0.263,35.0,19.0,3.0,0.0,4.0,0.0,0.0,1/H,"AS,GG"
Zack Littell,22.0,MIN,AL,0.0,1.0,0.0,0.0,0.0,0.0,0.0,0.0,0.0,0.0,0.0,0.0,0.0,0.0,,,,,,,,0.0,0.0,0.0,0.0,0.0,0.0,/1,
Zack Weiss,26.0,CIN,NL,0.0,1.0,0.0,0.0,0.0,0.0,0.0,0.0,0.0,0.0,0.0,0.0,0.0,0.0,,,,,,,,0.0,0.0,0.0,0.0,0.0,0.0,/1,
Zack Wheeler*,28.0,NYM,NL,0.2,27.0,60.0,56.0,4.0,11.0,2.0,0.0,0.0,4.0,0.0,0.0,0.0,21.0,0.196,0.193,0.232,0.425,19.0,0.184,-3.0,13.0,1.0,0.0,3.0,1.0,0.0,1,
Álex Claudio*,26.0,TEX,AL,0.0,4.0,0.0,0.0,0.0,0.0,0.0,0.0,0.0,0.0,0.0,0.0,0.0,0.0,,,,,,,,0.0,0.0,0.0,0.0,0.0,0.0,1,
Óliver Pérez*,36.0,CLE,AL,0.0,4.0,0.0,0.0,0.0,0.0,0.0,0.0,0.0,0.0,0.0,0.0,0.0,0.0,,,,,,,,0.0,0.0,0.0,0.0,0.0,0.0,1,
