Player,Age,Team,Lg,WAR,G,PA,AB,R,H,2B,3B,HR,RBI,SB,CS,BB,SO,BA,OBP,SLG,OPS,OPS+,rOBA,Rbat+,TB,GIDP,HBP,SH,SF,IBB,Pos,Awards
Al Martin*,24.0,PIT,NL,0.1,12.0,13.0,12.0,1.0,2.0,0.0,1.0,0.0,2.0,0.0,0.0,0.0,5.0,0.167,0.154,0.333,0.487,35.0,0.27,58.0,4.0,0.0,0.0,0.0,1.0,0.0,/7H,
Al Newman#,32.0,TEX,AL,1.1,116.0,289.0,246.0,25.0,54.0,5.0,0.0,0.0,12.0,9.0,6.0,34.0,26.0,0.22,0.317,0.24,0.557,61.0,0.287,71.0,59.0,5.0,1.0,8.0,0.0,0.0,456H/7D,
Al Osuna,26.0,HOU,NL,0.0,66.0,0.0,0.0,0.0,0.0,0.0,0.0,0.0,0.0,0.0,0.0,0.0,0.0,,,,,,,,0.0,0.0,0.0,0.0,0.0,0.0,1,
Alan Mills,25.0,BAL,AL,0.0,1.0,0.0,0.0,0.0,0.0,0.0,0.0,0.0,0.0,0.0,0.0,0.0,0.0,,,,,,,,0.0,0.0,0.0,0.0,0.0,0.0,1,
Alan Trammell,34.0,DET,AL,1.0,29.0,120.0,102.0,11.0,28.0,7.0,1.0,1.0,11.0,2.0,2.0,15.0,4.0,0.275,0.37,0.392,0.762,114.0,0.356,119.0,40.0,6.0,1.0,1.0,1.0,0.0,6/DH,
Albert Belle,25.0,CLE,AL,2.0,153.0,651.0,585.0,81.0,152.0,23.0,1.0,34.0,112.0,8.0,2.0,52.0,128.0,0.26,0.32,0.477,0.797,123.0,0.359,119.0,279.0,18.0,4.0,1.0,8.0,5.0,D7/H,MVP-23
Alejandro Peña,33.0,ATL,NL,0.0,41.0,2.0,2.0,0.0,0.0,0.0,0.0,0.0,0.0,0.0,0.0,0.0,2.0,0.0,0.0,0.0,0.0,-100.0,0.0,-150.0,0.0,0.0,0.0,0.0,0.0,0.0,1,
Alex Arias,24.0,CHC,NL,0.3,32.0,113.0,99.0,14.0,29.0,6.0,0.0,0.0,7.0,0.0,0.0,11.0,13.0,0.293,0.375,0.354,0.729,106.0,0.364,124.0,35.0,4.0,2.0,1.0,0.0,0.0,6/H,
Alex Cole*,26.0,2TM,2LG,-0.6,105.0,334.0,302.0,44.0,77.0,4.0,7.0,0.0,15.0,16.0,6.0,28.0,67.0,0.255,0.318,0.315,0.633,80.0,0.302,77.0,95.0,4.0,1.0,1.0,2.0,1.0,9H7/8D,
Alex Cole*,26.0,CLE,AL,-0.9,41.0,109.0,97.0,11.0,20.0,1.0,0.0,0.0,5.0,9.0,2.0,10.0,21.0,0.206,0.284,0.216,0.501,44.0,0.266,45.0,21.0,2.0,1.0,0.0,1.0,0.0,7H/8D9,
Alex Cole*,26.0,PIT,NL,0.3,64.0,225.0,205.0,33.0,57.0,3.0,7.0,0.0,10.0,7.0,4.0,18.0,46.0,0.278,0.335,0.361,0.696,98.0,0.319,94.0,74.0,2.0,0.0,1.0,1.0,1.0,9H/8,
Alex Diaz#,23.0,MIL,AL,-0.5,22.0,9.0,9.0,5.0,1.0,0.0,0.0,0.0,1.0,3.0,2.0,0.0,0.0,0.111,0.111,0.111,0.222,-37.0,0.074,-63.0,1.0,0.0,0.0,0.0,0.0,0.0,H8/7D,
Alfredo Griffin#,34.0,TOR,AL,0.2,63.0,164.0,150.0,21.0,35.0,7.0,0.0,0.0,10.0,3.0,1.0,9.0,19.0,0.233,0.273,0.28,0.553,53.0,0.27,49.0,42.0,3.0,0.0,3.0,2.0,0.0,64/H,
Alvin Davis*,31.0,CAL,AL,-0.1,40.0,118.0,104.0,5.0,26.0,8.0,0.0,0.0,16.0,0.0,0.0,13.0,9.0,0.25,0.331,0.327,0.657,86.0,0.309,82.0,34.0,2.0,0.0,0.0,1.0,2.0,3H/D,
Andre Dawson,37.0,CHC,NL,2.8,143.0,582.0,542.0,60.0,150.0,27.0,2.0,22.0,90.0,6.0,2.0,30.0,70.0,0.277,0.316,0.456,0.772,114.0,0.357,118.0,247.0,13.0,4.0,0.0,6.0,8.0,*9/H,
Andrés Galarraga,31.0,STL,NL,-0.3,95.0,347.0,325.0,38.0,79.0,14.0,2.0,10.0,39.0,5.0,4.0,11.0,69.0,0.243,0.282,0.391,0.673,92.0,0.308,90.0,127.0,8.0,8.0,0.0,3.0,0.0,3/H,
Andy Allanson,30.0,MIL,AL,-0.1,9.0,28.0,25.0,6.0,8.0,1.0,0.0,0.0,0.0,3.0,1.0,1.0,2.0,0.32,0.346,0.36,0.706,101.0,0.335,95.0,9.0,1.0,0.0,2.0,0.0,0.0,/2H,
Andy Ashby,24.0,PHI,NL,-0.1,10.0,13.0,11.0,0.0,1.0,1.0,0.0,0.0,1.0,0.0,0.0,0.0,7.0,0.091,0.091,0.182,0.273,-24.0,0.119,-83.0,2.0,0.0,0.0,2.0,0.0,0.0,1,
Andy Benes,24.0,SDP,NL,0.2,34.0,78.0,67.0,3.0,10.0,2.0,0.0,1.0,5.0,0.0,0.0,5.0,29.0,0.149,0.205,0.224,0.429,21.0,0.201,-3.0,15.0,1.0,0.0,5.0,1.0,0.0,1,
Andy Stankiewicz,27.0,NYY,AL,2.7,116.0,451.0,400.0,52.0,107.0,22.0,2.0,2.0,25.0,9.0,5.0,38.0,42.0,0.268,0.338,0.348,0.685,94.0,0.336,103.0,139.0,13.0,5.0,7.0,1.0,0.0,64/HD,
Andy Van Slyke*,31.0,PIT,NL,6.0,154.0,686.0,614.0,103.0,199.0,45.0,12.0,14.0,89.0,12.0,3.0,58.0,99.0,0.324,0.381,0.505,0.886,150.0,0.4,153.0,310.0,9.0,4.0,0.0,9.0,4.0,*8,"AS,MVP-4,GG,SS"
Andújar Cedeño,22.0,HOU,NL,-1.1,71.0,238.0,220.0,15.0,38.0,13.0,2.0,2.0,13.0,2.0,0.0,14.0,71.0,0.173,0.232,0.277,0.509,47.0,0.234,33.0,61.0,1.0,3.0,0.0,0.0,2.0,6/H,
Anthony Young,26.0,NYM,NL,0.0,52.0,30.0,27.0,2.0,3.0,0.0,0.0,0.0,0.0,0.0,0.0,1.0,13.0,0.111,0.143,0.111,0.254,-27.0,0.156,-36.0,3.0,0.0,0.0,2.0,0.0,0.0,1,
Archi Cianfrocco,25.0,MON,NL,0.3,86.0,247.0,232.0,25.0,56.0,5.0,2.0,6.0,30.0,3.0,0.0,11.0,66.0,0.241,0.276,0.358,0.634,79.0,0.321,93.0,83.0,2.0,1.0,1.0,2.0,0.0,35H/7,
Armando Reynoso,26.0,ATL,NL,0.0,3.0,3.0,2.0,0.0,0.0,0.0,0.0,0.0,0.0,0.0,0.0,0.0,1.0,0.0,0.0,0.0,0.0,-100.0,0.0,-275.0,0.0,0.0,0.0,1.0,0.0,0.0,/1,
B.J. Surhoff*,27.0,MIL,AL,2.0,139.0,543.0,480.0,63.0,121.0,19.0,1.0,4.0,62.0,14.0,8.0,46.0,41.0,0.252,0.314,0.321,0.635,81.0,0.296,75.0,154.0,9.0,2.0,5.0,10.0,8.0,*23/D7H589,
Barry Bonds*,27.0,PIT,NL,9.0,140.0,612.0,473.0,109.0,147.0,36.0,5.0,34.0,103.0,39.0,8.0,127.0,69.0,0.311,0.456,0.624,1.08,204.0,0.472,205.0,295.0,9.0,5.0,0.0,7.0,32.0,*7/H,"AS,MVP-1,GG,SS"
Barry Jones,29.0,2TM,NL,0.0,61.0,2.0,2.0,0.0,0.0,0.0,0.0,0.0,0.0,0.0,0.0,0.0,1.0,0.0,0.0,0.0,0.0,-100.0,0.0,-145.0,0.0,0.0,0.0,0.0,0.0,0.0,1,
Barry Jones,29.0,PHI,NL,0.0,44.0,2.0,2.0,0.0,0.0,0.0,0.0,0.0,0.0,0.0,0.0,0.0,1.0,0.0,0.0,0.0,0.0,-100.0,0.0,-145.0,0.0,0.0,0.0,0.0,0.0,0.0,1,
Barry Jones,29.0,NYM,NL,0.0,17.0,0.0,0.0,0.0,0.0,0.0,0.0,0.0,0.0,0.0,0.0,0.0,0.0,,,,,,,,0.0,0.0,0.0,0.0,0.0,0.0,1,
Barry Larkin,28.0,CIN,NL,5.6,140.0,609.0,533.0,76.0,162.0,32.0,6.0,12.0,78.0,15.0,4.0,63.0,58.0,0.304,0.377,0.454,0.831,131.0,0.389,140.0,242.0,13.0,4.0,2.0,7.0,8.0,*6,"MVP-12,SS"
Ben Rivera,24.0,2TM,NL,0.0,28.0,37.0,33.0,1.0,3.0,0.0,0.0,0.0,2.0,0.0,0.0,2.0,11.0,0.091,0.143,0.091,0.234,-32.0,0.171,-23.0,3.0,0.0,0.0,2.0,0.0,0.0,1,ROY-7
Ben Rivera,24.0,ATL,NL,0.0,8.0,1.0,1.0,0.0,0.0,0.0,0.0,0.0,0.0,0.0,0.0,0.0,1.0,0.0,0.0,0.0,0.0,-100.0,0.0,-150.0,0.0,0.0,0.0,0.0,0.0,0.0,/1,
Ben Rivera,24.0,PHI,NL,0.0,20.0,36.0,32.0,1.0,3.0,0.0,0.0,0.0,2.0,0.0,0.0,2.0,10.0,0.094,0.147,0.094,0.241,-30.0,0.176,-19.0,3.0,0.0,0.0,2.0,0.0,0.0,1,
Benito Santiago,27.0,SDP,NL,1.2,106.0,411.0,386.0,37.0,97.0,21.0,0.0,10.0,42.0,2.0,5.0,21.0,52.0,0.251,0.287,0.383,0.671,87.0,0.301,82.0,148.0,14.0,0.0,0.0,4.0,1.0,2/H,AS
Benny Distefano*,30.0,HOU,NL,-0.1,52.0,66.0,60.0,4.0,14.0,0.0,2.0,0.0,7.0,0.0,0.0,5.0,14.0,0.233,0.303,0.3,0.603,76.0,0.274,65.0,18.0,1.0,1.0,0.0,0.0,1.0,H/739,
Bernard Gilkey,25.0,STL,NL,4.5,131.0,431.0,384.0,56.0,116.0,19.0,4.0,7.0,43.0,18.0,12.0,39.0,52.0,0.302,0.364,0.427,0.792,127.0,0.366,134.0,164.0,5.0,1.0,3.0,4.0,1.0,*7H/9,
Bernardo Brito,28.0,MIN,AL,-0.3,8.0,15.0,14.0,1.0,2.0,1.0,0.0,0.0,2.0,0.0,1.0,0.0,4.0,0.143,0.133,0.214,0.348,-5.0,0.114,-34.0,3.0,0.0,0.0,0.0,1.0,0.0,/H7D,
Bernie Williams#,23.0,NYY,AL,2.0,62.0,293.0,261.0,39.0,73.0,14.0,2.0,5.0,26.0,7.0,6.0,29.0,36.0,0.28,0.354,0.406,0.76,114.0,0.353,118.0,106.0,5.0,1.0,2.0,0.0,1.0,8/79,
Bert Heffernan*,27.0,SEA,AL,-0.3,8.0,11.0,11.0,0.0,1.0,1.0,0.0,0.0,1.0,0.0,0.0,0.0,1.0,0.091,0.091,0.182,0.273,-25.0,0.118,-53.0,2.0,1.0,0.0,0.0,0.0,0.0,/2HD,
Bien Figueroa,28.0,STL,NL,-0.2,12.0,12.0,11.0,1.0,2.0,1.0,0.0,0.0,4.0,0.0,0.0,1.0,2.0,0.182,0.25,0.273,0.523,50.0,0.244,41.0,3.0,0.0,0.0,0.0,0.0,0.0,/64H,
Bill Doran#,34.0,CIN,NL,0.5,132.0,456.0,387.0,48.0,91.0,16.0,2.0,8.0,47.0,7.0,4.0,64.0,40.0,0.235,0.342,0.349,0.691,94.0,0.325,94.0,135.0,11.0,0.0,3.0,2.0,9.0,43H,
Bill Haselman,26.0,SEA,AL,-0.1,8.0,19.0,19.0,1.0,5.0,0.0,0.0,0.0,0.0,0.0,0.0,0.0,7.0,0.263,0.263,0.263,0.526,49.0,0.242,34.0,5.0,1.0,0.0,0.0,0.0,0.0,/27H,
Bill Krueger*,34.0,MON,NL,-0.1,9.0,4.0,3.0,0.0,0.0,0.0,0.0,0.0,0.0,0.0,0.0,0.0,2.0,0.0,0.0,0.0,0.0,-100.0,0.0,-223.0,0.0,0.0,0.0,1.0,0.0,0.0,/1,
Bill Landrum,34.0,MON,NL,0.0,18.0,0.0,0.0,0.0,0.0,0.0,0.0,0.0,0.0,0.0,0.0,0.0,0.0,,,,,,,,0.0,0.0,0.0,0.0,0.0,0.0,1,
Bill Pecota,32.0,NYM,NL,0.3,117.0,302.0,269.0,28.0,61.0,13.0,0.0,2.0,26.0,9.0,3.0,25.0,40.0,0.227,0.293,0.297,0.59,69.0,0.289,69.0,80.0,7.0,1.0,5.0,2.0,3.0,564H/13,
Bill Risley,25.0,MON,NL,0.0,1.0,2.0,2.0,0.0,0.0,0.0,0.0,0.0,0.0,0.0,0.0,0.0,0.0,0.0,0.0,0.0,0.0,-100.0,0.0,-145.0,0.0,0.0,0.0,0.0,0.0,0.0,/1,
Bill Sampen,29.0,MON,NL,-0.1,44.0,7.0,6.0,0.0,0.0,0.0,0.0,0.0,0.0,0.0,0.0,0.0,5.0,0.0,0.0,0.0,0.0,-100.0,0.0,-183.0,0.0,0.0,0.0,1.0,0.0,0.0,1,
Bill Spiers*,26.0,MIL,AL,0.1,12.0,18.0,16.0,2.0,5.0,2.0,0.0,0.0,2.0,1.0,1.0,1.0,4.0,0.313,0.353,0.438,0.79,123.0,0.343,120.0,7.0,0.0,0.0,1.0,0.0,0.0,/645DH,
Bill Swift,30.0,SFG,NL,0.1,34.0,57.0,51.0,3.0,8.0,3.0,0.0,0.0,3.0,0.0,0.0,1.0,18.0,0.157,0.173,0.216,0.389,12.0,0.195,-3.0,11.0,0.0,0.0,5.0,0.0,0.0,1/H,
Billy Ashley,21.0,LAD,NL,-1.2,29.0,100.0,95.0,6.0,21.0,5.0,0.0,2.0,6.0,0.0,0.0,5.0,34.0,0.221,0.26,0.337,0.597,69.0,0.272,60.0,32.0,2.0,0.0,0.0,0.0,0.0,9/H7,
Billy Hatcher,31.0,2TM,2LG,-2.8,118.0,444.0,409.0,47.0,102.0,19.0,2.0,3.0,33.0,4.0,8.0,22.0,52.0,0.249,0.29,0.328,0.618,70.0,0.28,61.0,134.0,11.0,3.0,6.0,4.0,1.0,7H8,
Billy Hatcher,31.0,CIN,NL,-0.8,43.0,102.0,94.0,10.0,27.0,3.0,0.0,2.0,10.0,0.0,2.0,5.0,11.0,0.287,0.314,0.383,0.697,94.0,0.303,85.0,36.0,2.0,0.0,0.0,3.0,0.0,7H,
Billy Hatcher,31.0,BOS,AL,-2.0,75.0,342.0,315.0,37.0,75.0,16.0,2.0,1.0,23.0,4.0,6.0,17.0,41.0,0.238,0.283,0.311,0.594,63.0,0.273,54.0,98.0,9.0,3.0,6.0,1.0,1.0,78/H,
Billy Ripken,27.0,BAL,AL,0.8,111.0,363.0,330.0,35.0,76.0,15.0,0.0,4.0,36.0,2.0,3.0,18.0,26.0,0.23,0.275,0.312,0.587,64.0,0.28,62.0,103.0,10.0,3.0,10.0,2.0,1.0,4/HD,
Bip Roberts#,28.0,CIN,NL,5.0,147.0,601.0,532.0,92.0,172.0,34.0,6.0,4.0,45.0,44.0,16.0,62.0,54.0,0.323,0.393,0.432,0.826,131.0,0.39,138.0,230.0,7.0,2.0,1.0,4.0,4.0,7458H,"AS,MVP-8"
Blas Minor,26.0,PIT,NL,0.0,1.0,0.0,0.0,0.0,0.0,0.0,0.0,0.0,0.0,0.0,0.0,0.0,0.0,,,,,,,,0.0,0.0,0.0,0.0,0.0,0.0,/1,
Bob Ayrault,26.0,PHI,NL,0.0,30.0,0.0,0.0,0.0,0.0,0.0,0.0,0.0,0.0,0.0,0.0,0.0,0.0,,,,,,,,0.0,0.0,0.0,0.0,0.0,0.0,1,
Bob McClure,40.0,STL,NL,0.0,71.0,0.0,0.0,0.0,0.0,0.0,0.0,0.0,0.0,0.0,0.0,0.0,0.0,,,,,,,,0.0,0.0,0.0,0.0,0.0,0.0,1,
Bob Melvin,30.0,KCR,AL,0.3,32.0,77.0,70.0,5.0,22.0,5.0,0.0,0.0,6.0,0.0,0.0,5.0,13.0,0.314,0.351,0.386,0.736,105.0,0.334,98.0,27.0,3.0,0.0,0.0,2.0,0.0,2H/3,
Bob Milacki,27.0,BAL,AL,0.0,1.0,0.0,0.0,0.0,0.0,0.0,0.0,0.0,0.0,0.0,0.0,0.0,0.0,,,,,,,,0.0,0.0,0.0,0.0,0.0,0.0,1,
Bob Natal,26.0,MON,NL,-0.2,5.0,7.0,6.0,0.0,0.0,0.0,0.0,0.0,0.0,0.0,0.0,1.0,1.0,0.0,0.143,0.0,0.143,-56.0,0.1,-69.0,0.0,1.0,0.0,0.0,0.0,0.0,/2H,
Bob Ojeda*,34.0,LAD,NL,0.0,29.0,55.0,49.0,1.0,5.0,0.0,1.0,0.0,3.0,0.0,0.0,1.0,11.0,0.102,0.12,0.143,0.263,-25.0,0.157,-38.0,7.0,1.0,0.0,5.0,0.0,0.0,1,
Bob Patterson,33.0,PIT,NL,0.2,60.0,7.0,6.0,1.0,2.0,1.0,0.0,0.0,4.0,0.0,0.0,1.0,3.0,0.333,0.429,0.5,0.929,163.0,0.418,167.0,3.0,0.0,0.0,0.0,0.0,0.0,1,
Bob Scanlan,25.0,CHC,NL,0.0,69.0,4.0,4.0,1.0,0.0,0.0,0.0,0.0,0.0,0.0,0.0,0.0,1.0,0.0,0.0,0.0,0.0,-100.0,0.233,28.0,0.0,0.0,0.0,0.0,0.0,0.0,1,
Bob Tewksbury,31.0,STL,NL,-0.2,33.0,80.0,70.0,4.0,6.0,1.0,0.0,0.0,3.0,0.0,0.0,4.0,29.0,0.086,0.135,0.1,0.235,-31.0,0.142,-46.0,7.0,1.0,0.0,6.0,0.0,0.0,1,"AS,CYA-3"
Bob Walk,35.0,PIT,NL,-0.3,36.0,44.0,43.0,2.0,4.0,1.0,0.0,0.0,2.0,0.0,0.0,0.0,11.0,0.093,0.093,0.116,0.209,-41.0,0.094,-78.0,5.0,1.0,0.0,1.0,0.0,0.0,1,
Bob Zupcic,25.0,BOS,AL,0.8,124.0,432.0,392.0,46.0,108.0,19.0,1.0,3.0,43.0,2.0,2.0,25.0,60.0,0.276,0.322,0.352,0.674,85.0,0.317,83.0,138.0,6.0,4.0,7.0,4.0,1.0,*879H/D,
Bobby Ayala,22.0,CIN,NL,-0.2,5.0,10.0,9.0,1.0,0.0,0.0,0.0,0.0,0.0,0.0,0.0,0.0,6.0,0.0,0.0,0.0,0.0,-100.0,0.0,-174.0,0.0,0.0,0.0,1.0,0.0,0.0,/1,
Bobby Bonilla#,29.0,NYM,NL,1.4,128.0,506.0,438.0,62.0,109.0,23.0,0.0,19.0,70.0,4.0,3.0,66.0,73.0,0.249,0.348,0.432,0.779,121.0,0.357,124.0,189.0,11.0,1.0,0.0,1.0,10.0,*9/3H,
Bobby Rose,25.0,CAL,AL,0.3,30.0,96.0,84.0,10.0,18.0,5.0,0.0,2.0,10.0,1.0,1.0,8.0,9.0,0.214,0.295,0.345,0.64,79.0,0.299,77.0,29.0,2.0,2.0,1.0,1.0,1.0,4/H3,
Brad Brink,27.0,PHI,NL,-0.1,8.0,14.0,12.0,0.0,1.0,0.0,0.0,0.0,0.0,0.0,0.0,0.0,5.0,0.083,0.154,0.083,0.237,-31.0,0.126,-61.0,1.0,0.0,1.0,1.0,0.0,0.0,/1,
Brady Anderson*,28.0,BAL,AL,5.2,159.0,749.0,623.0,100.0,169.0,28.0,10.0,21.0,80.0,53.0,16.0,98.0,98.0,0.271,0.373,0.449,0.823,130.0,0.381,128.0,280.0,2.0,9.0,10.0,9.0,14.0,*7/89H,"AS,MVP-14"
Braulio Castillo,24.0,PHI,NL,-0.5,28.0,81.0,76.0,12.0,15.0,3.0,1.0,2.0,7.0,1.0,0.0,4.0,15.0,0.197,0.238,0.342,0.58,63.0,0.278,60.0,26.0,1.0,0.0,1.0,0.0,0.0,9/H87,
Brent Mayne*,24.0,KCR,AL,-0.2,82.0,229.0,213.0,16.0,48.0,10.0,0.0,0.0,18.0,0.0,4.0,11.0,26.0,0.225,0.26,0.272,0.532,49.0,0.245,41.0,58.0,5.0,0.0,2.0,3.0,0.0,2H/5D,
Bret Barberie#,24.0,MON,NL,0.5,111.0,343.0,285.0,26.0,66.0,11.0,0.0,1.0,24.0,9.0,5.0,47.0,62.0,0.232,0.354,0.281,0.635,83.0,0.305,83.0,80.0,4.0,8.0,1.0,2.0,3.0,5H4/6,
Bret Boone,23.0,SEA,AL,-0.2,33.0,135.0,129.0,15.0,25.0,4.0,0.0,4.0,15.0,1.0,1.0,4.0,34.0,0.194,0.224,0.318,0.542,51.0,0.251,42.0,41.0,4.0,1.0,1.0,0.0,0.0,4/5H,
Bret Saberhagen,28.0,NYM,NL,-0.1,17.0,32.0,28.0,0.0,3.0,0.0,0.0,0.0,0.0,0.0,0.0,1.0,9.0,0.107,0.138,0.107,0.245,-29.0,0.118,-71.0,3.0,0.0,0.0,3.0,0.0,0.0,1,
Brett Butler*,35.0,LAD,NL,4.9,157.0,676.0,553.0,86.0,171.0,14.0,11.0,3.0,39.0,41.0,21.0,95.0,67.0,0.309,0.413,0.391,0.803,130.0,0.385,145.0,216.0,4.0,3.0,24.0,1.0,2.0,*8/H,MVP-21
Brian Barnes*,25.0,MON,NL,0.3,21.0,36.0,29.0,1.0,8.0,0.0,0.0,0.0,1.0,0.0,0.0,1.0,15.0,0.276,0.3,0.276,0.576,65.0,0.266,45.0,8.0,0.0,0.0,6.0,0.0,0.0,1,
Brian Downing,41.0,TEX,AL,2.6,107.0,391.0,320.0,53.0,89.0,18.0,0.0,10.0,39.0,1.0,0.0,62.0,58.0,0.278,0.407,0.428,0.835,138.0,0.393,145.0,137.0,7.0,8.0,0.0,1.0,2.0,DH,
Brian Harper,32.0,MIN,AL,2.3,140.0,546.0,502.0,58.0,154.0,25.0,0.0,9.0,73.0,0.0,1.0,26.0,22.0,0.307,0.343,0.41,0.753,109.0,0.346,107.0,206.0,15.0,7.0,1.0,10.0,7.0,*2/HD,
Brian Hunter,24.0,ATL,NL,0.5,102.0,268.0,238.0,34.0,57.0,13.0,2.0,14.0,41.0,1.0,2.0,21.0,50.0,0.239,0.292,0.487,0.78,112.0,0.346,110.0,116.0,2.0,0.0,1.0,8.0,3.0,3H/97,
Brian Jordan,25.0,STL,NL,-0.4,55.0,204.0,193.0,17.0,40.0,9.0,4.0,5.0,22.0,7.0,2.0,10.0,48.0,0.207,0.25,0.373,0.623,77.0,0.283,67.0,72.0,6.0,1.0,0.0,0.0,1.0,79/8H,
Brian McRae#,24.0,KCR,AL,-0.7,149.0,592.0,533.0,63.0,119.0,23.0,5.0,4.0,52.0,18.0,5.0,42.0,88.0,0.223,0.285,0.308,0.593,65.0,0.285,60.0,164.0,10.0,6.0,7.0,4.0,1.0,*8/H,
Brian Williams,23.0,HOU,NL,-0.2,20.0,36.0,30.0,2.0,4.0,1.0,0.0,0.0,4.0,0.0,0.0,0.0,13.0,0.133,0.129,0.167,0.296,-15.0,0.13,-65.0,5.0,0.0,0.0,5.0,1.0,0.0,1/H,ROY-7
Brook Jacoby,32.0,CLE,AL,0.7,120.0,327.0,291.0,30.0,76.0,7.0,0.0,4.0,36.0,0.0,3.0,28.0,54.0,0.261,0.324,0.326,0.651,85.0,0.299,80.0,95.0,13.0,1.0,3.0,4.0,2.0,*53H,
Bruce Hurst*,34.0,SDP,NL,0.2,33.0,81.0,69.0,2.0,11.0,4.0,0.0,0.0,1.0,0.0,0.0,3.0,27.0,0.159,0.194,0.217,0.412,16.0,0.203,-6.0,15.0,0.0,0.0,9.0,0.0,0.0,1/H,
Bryan Hickerson*,28.0,SFG,NL,-0.1,61.0,4.0,4.0,0.0,0.0,0.0,0.0,0.0,0.0,0.0,0.0,0.0,3.0,0.0,0.0,0.0,0.0,-100.0,0.0,-138.0,0.0,0.0,0.0,0.0,0.0,0.0,1,
Bryn Smith,36.0,STL,NL,-0.1,13.0,4.0,3.0,0.0,0.0,0.0,0.0,0.0,0.0,0.0,0.0,0.0,0.0,0.0,0.0,0.0,0.0,-100.0,0.0,-220.0,0.0,0.0,0.0,1.0,0.0,0.0,1,
Bud Black*,35.0,SFG,NL,-0.4,28.0,66.0,54.0,1.0,3.0,1.0,0.0,0.0,2.0,0.0,0.0,2.0,16.0,0.056,0.089,0.074,0.163,-52.0,0.081,-111.0,4.0,0.0,0.0,10.0,0.0,0.0,1,
Butch Henry*,23.0,HOU,NL,0.2,28.0,60.0,54.0,3.0,8.0,0.0,0.0,1.0,7.0,0.0,0.0,1.0,10.0,0.148,0.164,0.204,0.367,6.0,0.185,-10.0,11.0,1.0,0.0,5.0,0.0,0.0,1,
Cal Ripken Jr.,31.0,BAL,AL,4.1,162.0,715.0,637.0,73.0,160.0,29.0,1.0,14.0,72.0,4.0,3.0,64.0,50.0,0.251,0.323,0.366,0.689,93.0,0.316,86.0,233.0,13.0,7.0,0.0,7.0,14.0,*6,"AS,GG"
Candy Maldonado,31.0,TOR,AL,2.5,137.0,560.0,489.0,64.0,133.0,25.0,4.0,20.0,66.0,2.0,2.0,59.0,112.0,0.272,0.357,0.462,0.819,125.0,0.376,127.0,226.0,13.0,7.0,2.0,3.0,3.0,*7/9DH,
Carl Willis*,31.0,MIN,AL,0.0,1.0,0.0,0.0,0.0,0.0,0.0,0.0,0.0,0.0,0.0,0.0,0.0,0.0,,,,,,,,0.0,0.0,0.0,0.0,0.0,0.0,1,
Carlos Baerga#,23.0,CLE,AL,6.3,161.0,716.0,657.0,92.0,205.0,32.0,1.0,20.0,105.0,10.0,2.0,35.0,76.0,0.312,0.354,0.455,0.809,128.0,0.374,129.0,299.0,15.0,13.0,2.0,9.0,10.0,*4/D,"AS,MVP-11"
Carlos García,24.0,PIT,NL,-0.3,22.0,42.0,39.0,4.0,8.0,1.0,0.0,0.0,4.0,0.0,0.0,0.0,9.0,0.205,0.195,0.231,0.426,21.0,0.21,10.0,9.0,1.0,0.0,1.0,2.0,0.0,4/6H,
Carlos Hernández,25.0,LAD,NL,-0.6,69.0,190.0,173.0,11.0,45.0,4.0,0.0,3.0,17.0,0.0,1.0,11.0,21.0,0.26,0.316,0.335,0.651,86.0,0.296,79.0,58.0,8.0,4.0,0.0,2.0,1.0,2H,
Carlos Martínez,26.0,CLE,AL,0.1,69.0,241.0,228.0,23.0,60.0,9.0,1.0,5.0,35.0,1.0,2.0,7.0,21.0,0.263,0.283,0.377,0.661,86.0,0.317,92.0,86.0,5.0,1.0,1.0,4.0,0.0,35H/D,
Carlton Fisk,44.0,CHW,AL,0.4,62.0,214.0,188.0,12.0,43.0,4.0,1.0,3.0,21.0,3.0,0.0,23.0,38.0,0.229,0.313,0.309,0.622,76.0,0.291,67.0,58.0,2.0,1.0,0.0,2.0,5.0,2/HD,
Carney Lansford,35.0,OAK,AL,2.7,135.0,561.0,496.0,65.0,130.0,30.0,1.0,7.0,75.0,7.0,2.0,43.0,39.0,0.262,0.325,0.369,0.694,100.0,0.34,110.0,183.0,14.0,7.0,7.0,8.0,0.0,*53/HD6,
Casey Candaele#,31.0,HOU,NL,-0.7,135.0,360.0,320.0,19.0,68.0,12.0,1.0,1.0,18.0,7.0,1.0,24.0,36.0,0.213,0.269,0.266,0.535,56.0,0.259,50.0,85.0,5.0,3.0,7.0,6.0,3.0,6H57/489,
Cecil Espy#,29.0,PIT,NL,-0.7,112.0,211.0,194.0,21.0,50.0,7.0,3.0,1.0,20.0,6.0,3.0,15.0,40.0,0.258,0.31,0.34,0.65,85.0,0.303,81.0,66.0,3.0,0.0,1.0,1.0,2.0,H987,
Cecil Fielder,28.0,DET,AL,2.8,155.0,676.0,594.0,80.0,145.0,22.0,0.0,35.0,124.0,0.0,0.0,73.0,151.0,0.244,0.325,0.458,0.783,118.0,0.362,120.0,272.0,14.0,2.0,0.0,7.0,8.0,*3D,MVP-9
Chad Curtis,23.0,CAL,AL,1.8,139.0,507.0,441.0,59.0,114.0,16.0,2.0,10.0,46.0,43.0,18.0,51.0,71.0,0.259,0.341,0.372,0.713,100.0,0.345,105.0,164.0,10.0,6.0,5.0,4.0,2.0,*978H/D,
Chad Kreuter#,27.0,DET,AL,1.0,67.0,215.0,190.0,22.0,48.0,9.0,0.0,2.0,16.0,0.0,1.0,20.0,38.0,0.253,0.321,0.332,0.652,84.0,0.308,83.0,63.0,8.0,0.0,3.0,2.0,1.0,2/HD,
Charlie Hayes,27.0,NYY,AL,2.2,142.0,549.0,509.0,52.0,131.0,19.0,2.0,18.0,66.0,3.0,5.0,28.0,100.0,0.257,0.297,0.409,0.705,97.0,0.323,95.0,208.0,12.0,3.0,3.0,6.0,0.0,*5/3H,
Charlie Leibrandt,35.0,ATL,NL,-0.1,32.0,68.0,58.0,1.0,7.0,1.0,0.0,0.0,4.0,0.0,0.0,1.0,12.0,0.121,0.133,0.138,0.271,-25.0,0.155,-53.0,8.0,1.0,0.0,8.0,1.0,0.0,1,
Charlie O'Brien,32.0,NYM,NL,1.3,68.0,177.0,156.0,15.0,33.0,12.0,0.0,2.0,13.0,0.0,1.0,16.0,18.0,0.212,0.289,0.327,0.616,75.0,0.296,79.0,51.0,4.0,1.0,4.0,0.0,1.0,2/H,
Chico Walker#,34.0,2TM,NL,1.3,126.0,287.0,253.0,26.0,73.0,12.0,1.0,4.0,38.0,15.0,1.0,27.0,50.0,0.289,0.351,0.391,0.742,111.0,0.349,108.0,99.0,9.0,0.0,0.0,5.0,3.0,H547/89,
Chico Walker#,34.0,CHC,NL,-0.3,19.0,30.0,26.0,2.0,3.0,0.0,0.0,0.0,2.0,1.0,0.0,3.0,4.0,0.115,0.2,0.115,0.315,-9.0,0.17,-27.0,3.0,0.0,0.0,0.0,1.0,0.0,H/7459,
Chico Walker#,34.0,NYM,NL,1.5,107.0,257.0,227.0,24.0,70.0,12.0,1.0,4.0,36.0,14.0,1.0,24.0,46.0,0.308,0.369,0.423,0.792,125.0,0.371,124.0,96.0,9.0,0.0,0.0,4.0,3.0,H54/789,
Chili Davis#,32.0,MIN,AL,2.0,138.0,529.0,444.0,63.0,128.0,27.0,2.0,12.0,66.0,4.0,5.0,73.0,76.0,0.288,0.386,0.439,0.825,130.0,0.376,131.0,195.0,11.0,3.0,0.0,9.0,11.0,*DH/937,
Chito Martínez*,26.0,BAL,AL,0.8,83.0,235.0,198.0,26.0,53.0,10.0,1.0,5.0,25.0,0.0,1.0,31.0,47.0,0.268,0.366,0.404,0.77,116.0,0.345,109.0,80.0,9.0,2.0,0.0,4.0,4.0,9H/D,
Chris Cron,28.0,CHW,AL,-0.4,6.0,10.0,10.0,0.0,0.0,0.0,0.0,0.0,0.0,0.0,0.0,0.0,4.0,0.0,0.0,0.0,0.0,-100.0,0.0,-135.0,0.0,0.0,0.0,0.0,0.0,0.0,/3H7,
Chris Donnels*,26.0,NYM,NL,-0.4,45.0,139.0,121.0,8.0,21.0,4.0,0.0,0.0,6.0,1.0,0.0,17.0,25.0,0.174,0.275,0.207,0.482,40.0,0.245,38.0,25.0,1.0,0.0,1.0,0.0,0.0,54/H,
Chris Gwynn*,27.0,KCR,AL,-0.2,34.0,90.0,84.0,10.0,24.0,3.0,2.0,1.0,7.0,0.0,0.0,3.0,10.0,0.286,0.303,0.405,0.708,96.0,0.336,99.0,34.0,1.0,0.0,1.0,2.0,0.0,9H/7D,
Chris Hammond*,26.0,CIN,NL,0.4,30.0,54.0,44.0,7.0,6.0,1.0,0.0,1.0,4.0,0.0,0.0,6.0,20.0,0.136,0.235,0.227,0.463,30.0,0.241,28.0,10.0,0.0,0.0,3.0,1.0,0.0,1/H,
Chris Haney*,23.0,MON,NL,0.1,10.0,10.0,9.0,1.0,2.0,0.0,0.0,0.0,3.0,0.0,0.0,0.0,1.0,0.222,0.222,0.222,0.444,27.0,0.202,-3.0,2.0,0.0,0.0,1.0,0.0,0.0,/1H,
Chris Hoiles,27.0,BAL,AL,3.2,96.0,371.0,310.0,49.0,85.0,10.0,1.0,20.0,40.0,0.0,2.0,55.0,60.0,0.274,0.384,0.506,0.89,147.0,0.403,150.0,157.0,8.0,2.0,1.0,3.0,2.0,2/D,
Chris James,29.0,SFG,NL,-0.1,111.0,267.0,248.0,25.0,60.0,10.0,4.0,5.0,32.0,2.0,3.0,14.0,45.0,0.242,0.285,0.375,0.66,90.0,0.308,94.0,93.0,2.0,2.0,0.0,3.0,2.0,7H/9,
Chris Jones,26.0,HOU,NL,-0.4,54.0,73.0,63.0,7.0,12.0,2.0,1.0,1.0,4.0,3.0,0.0,7.0,21.0,0.19,0.271,0.302,0.573,66.0,0.292,69.0,19.0,1.0,0.0,3.0,0.0,0.0,9H7/8,
Chris Nabholz*,25.0,MON,NL,-0.2,32.0,73.0,65.0,3.0,8.0,3.0,0.0,0.0,2.0,0.0,0.0,1.0,12.0,0.123,0.136,0.169,0.306,-14.0,0.139,-55.0,11.0,3.0,0.0,7.0,0.0,0.0,1,
Chris Sabo,30.0,CIN,NL,1.0,96.0,382.0,344.0,42.0,84.0,19.0,3.0,12.0,43.0,4.0,5.0,30.0,54.0,0.244,0.302,0.422,0.723,100.0,0.332,102.0,145.0,12.0,1.0,1.0,6.0,1.0,5/H,
Chuck Carr#,24.0,STL,NL,0.1,22.0,76.0,64.0,8.0,14.0,3.0,0.0,0.0,3.0,10.0,2.0,9.0,6.0,0.219,0.315,0.266,0.581,69.0,0.301,65.0,17.0,0.0,0.0,3.0,0.0,0.0,/897H,
Chuck Knoblauch,23.0,MIN,AL,5.3,155.0,707.0,600.0,104.0,178.0,19.0,6.0,2.0,56.0,34.0,13.0,88.0,60.0,0.297,0.384,0.358,0.743,108.0,0.36,115.0,215.0,8.0,5.0,2.0,12.0,1.0,*4/6DH,AS
Chuck McElroy*,24.0,CHC,NL,0.4,72.0,6.0,6.0,2.0,4.0,2.0,1.0,0.0,1.0,0.0,0.0,0.0,0.0,0.667,0.667,1.333,2.0,448.0,0.868,500.0,8.0,0.0,0.0,0.0,0.0,0.0,1,
Cliff Brantley,24.0,PHI,NL,0.2,28.0,22.0,14.0,1.0,3.0,0.0,1.0,0.0,1.0,0.0,0.0,1.0,4.0,0.214,0.267,0.357,0.624,76.0,0.28,48.0,5.0,0.0,0.0,7.0,0.0,0.0,1,
Cory Snyder,29.0,SFG,NL,1.2,124.0,420.0,390.0,48.0,105.0,22.0,2.0,14.0,57.0,4.0,4.0,23.0,96.0,0.269,0.311,0.444,0.755,117.0,0.344,119.0,173.0,10.0,2.0,2.0,3.0,2.0,937H58/46,
Craig Biggio,26.0,HOU,NL,4.3,162.0,721.0,613.0,96.0,170.0,32.0,3.0,6.0,39.0,38.0,15.0,94.0,95.0,0.277,0.378,0.369,0.747,118.0,0.357,125.0,226.0,5.0,7.0,5.0,2.0,9.0,*4/H,AS
Craig Colbert,27.0,SFG,NL,0.0,49.0,139.0,126.0,10.0,29.0,5.0,2.0,1.0,16.0,1.0,0.0,9.0,22.0,0.23,0.277,0.325,0.603,75.0,0.296,80.0,41.0,8.0,0.0,2.0,2.0,0.0,2H/54,
Craig Grebeck,27.0,CHW,AL,2.3,88.0,333.0,287.0,24.0,77.0,21.0,2.0,3.0,35.0,0.0,3.0,30.0,34.0,0.268,0.341,0.387,0.727,105.0,0.332,103.0,111.0,5.0,3.0,10.0,3.0,0.0,6/579H,
Craig Lefferts*,34.0,SDP,NL,-0.5,27.0,61.0,52.0,0.0,4.0,0.0,0.0,0.0,0.0,0.0,0.0,0.0,21.0,0.077,0.077,0.077,0.154,-56.0,0.07,-128.0,4.0,0.0,0.0,9.0,0.0,0.0,1,
Craig Shipley,29.0,SDP,NL,-0.2,52.0,108.0,105.0,7.0,26.0,6.0,0.0,0.0,7.0,1.0,1.0,2.0,21.0,0.248,0.262,0.305,0.566,59.0,0.268,54.0,32.0,2.0,0.0,1.0,0.0,1.0,6H4/5,
Craig Wilson,27.0,STL,NL,0.4,61.0,119.0,106.0,6.0,33.0,6.0,0.0,0.0,13.0,1.0,2.0,10.0,18.0,0.311,0.368,0.368,0.735,112.0,0.333,112.0,39.0,4.0,0.0,2.0,1.0,2.0,H54/9,
Craig Worthington,27.0,CLE,AL,-0.4,9.0,26.0,24.0,0.0,4.0,0.0,0.0,0.0,2.0,0.0,1.0,2.0,4.0,0.167,0.231,0.167,0.397,15.0,0.177,5.0,4.0,0.0,0.0,0.0,0.0,0.0,/5,
Cris Carpenter,27.0,STL,NL,0.1,73.0,4.0,3.0,0.0,1.0,0.0,0.0,0.0,2.0,0.0,0.0,0.0,1.0,0.333,0.333,0.333,0.667,93.0,0.303,80.0,1.0,0.0,0.0,1.0,0.0,0.0,1,
Cris Colón#,23.0,TEX,AL,-0.2,14.0,38.0,36.0,5.0,6.0,0.0,0.0,0.0,1.0,0.0,0.0,1.0,8.0,0.167,0.189,0.167,0.356,2.0,0.194,1.0,6.0,2.0,0.0,1.0,0.0,0.0,6/H,
Curt Schilling,25.0,PHI,NL,0.0,42.0,73.0,64.0,3.0,10.0,1.0,0.0,0.0,3.0,0.0,0.0,1.0,22.0,0.156,0.169,0.172,0.341,-3.0,0.157,-43.0,11.0,0.0,0.0,8.0,0.0,0.0,1,
Curt Wilkerson#,31.0,KCR,AL,1.2,111.0,326.0,296.0,27.0,74.0,10.0,1.0,2.0,29.0,18.0,7.0,18.0,47.0,0.25,0.292,0.311,0.602,68.0,0.301,71.0,92.0,4.0,1.0,7.0,4.0,3.0,64/H5D,
César Hernández,25.0,CIN,NL,0.0,34.0,51.0,51.0,6.0,14.0,4.0,0.0,0.0,4.0,3.0,1.0,0.0,10.0,0.275,0.275,0.353,0.627,74.0,0.288,62.0,18.0,1.0,0.0,0.0,0.0,0.0,H7/89,
D.J. Dozier,26.0,NYM,NL,-0.2,25.0,54.0,47.0,4.0,9.0,2.0,0.0,0.0,2.0,4.0,0.0,4.0,19.0,0.191,0.264,0.234,0.498,43.0,0.274,45.0,11.0,0.0,1.0,1.0,1.0,0.0,7/H,
Dale Murphy,36.0,PHI,NL,-0.7,18.0,63.0,62.0,5.0,10.0,1.0,0.0,2.0,7.0,0.0,0.0,1.0,13.0,0.161,0.175,0.274,0.449,26.0,0.232,29.0,17.0,3.0,0.0,0.0,0.0,0.0,9/H,
Dale Sveum#,28.0,2TM,2LG,-0.9,94.0,284.0,249.0,28.0,49.0,13.0,0.0,4.0,28.0,1.0,1.0,28.0,68.0,0.197,0.273,0.297,0.57,62.0,0.261,50.0,74.0,6.0,0.0,2.0,5.0,4.0,6H/53,
Dale Sveum#,28.0,PHI,NL,-1.0,54.0,153.0,135.0,13.0,24.0,4.0,0.0,2.0,16.0,0.0,0.0,16.0,39.0,0.178,0.261,0.252,0.513,47.0,0.231,26.0,34.0,5.0,0.0,0.0,2.0,4.0,6H/53,
Dale Sveum#,28.0,CHW,AL,0.2,40.0,131.0,114.0,15.0,25.0,9.0,0.0,2.0,12.0,1.0,1.0,12.0,29.0,0.219,0.287,0.351,0.638,79.0,0.296,75.0,40.0,1.0,0.0,2.0,3.0,0.0,6/H35,
Damion Easley,22.0,CAL,AL,0.6,47.0,165.0,151.0,14.0,39.0,5.0,0.0,1.0,12.0,9.0,5.0,8.0,26.0,0.258,0.307,0.311,0.618,74.0,0.298,75.0,47.0,2.0,3.0,2.0,1.0,0.0,5/H6,
Damon Berryhill#,28.0,ATL,NL,-1.0,101.0,328.0,307.0,21.0,70.0,16.0,1.0,10.0,43.0,0.0,2.0,17.0,67.0,0.228,0.268,0.384,0.653,78.0,0.286,64.0,118.0,4.0,1.0,0.0,3.0,4.0,2H,
Dan Gladden,34.0,DET,AL,1.0,113.0,459.0,417.0,57.0,106.0,20.0,1.0,7.0,42.0,4.0,2.0,30.0,64.0,0.254,0.304,0.357,0.661,85.0,0.317,88.0,149.0,10.0,2.0,5.0,5.0,0.0,78/HD,
Dan Pasqua*,30.0,CHW,AL,-0.1,93.0,306.0,265.0,26.0,56.0,16.0,1.0,6.0,33.0,0.0,1.0,36.0,57.0,0.211,0.305,0.347,0.652,84.0,0.309,84.0,92.0,4.0,1.0,1.0,3.0,1.0,9/H3D,
Dan Peltier*,24.0,TEX,AL,-0.5,12.0,24.0,24.0,1.0,4.0,0.0,0.0,0.0,2.0,0.0,0.0,0.0,3.0,0.167,0.167,0.167,0.333,-5.0,0.153,-25.0,4.0,0.0,0.0,0.0,0.0,0.0,/9H7,
Dan Walters,25.0,SDP,NL,0.6,57.0,194.0,179.0,14.0,45.0,11.0,1.0,4.0,22.0,1.0,0.0,10.0,28.0,0.251,0.295,0.391,0.686,92.0,0.316,88.0,70.0,3.0,2.0,1.0,2.0,0.0,2/H,
Dan Wilson,23.0,CIN,NL,0.4,12.0,28.0,25.0,2.0,9.0,1.0,0.0,0.0,3.0,0.0,0.0,3.0,8.0,0.36,0.429,0.4,0.829,133.0,0.382,137.0,10.0,2.0,0.0,0.0,0.0,0.0,/2H,
Dann Bilardello,33.0,SDP,NL,-0.4,17.0,40.0,33.0,2.0,4.0,1.0,0.0,0.0,1.0,0.0,0.0,4.0,8.0,0.121,0.216,0.152,0.368,5.0,0.171,-32.0,5.0,1.0,0.0,3.0,0.0,1.0,2/H,
Dann Howitt*,28.0,2TM,AL,-0.1,35.0,97.0,85.0,7.0,16.0,4.0,1.0,2.0,10.0,1.0,1.0,8.0,9.0,0.188,0.25,0.329,0.579,64.0,0.254,47.0,28.0,6.0,0.0,1.0,3.0,1.0,79/83HD,
Dann Howitt*,28.0,OAK,AL,-0.2,22.0,54.0,48.0,1.0,6.0,0.0,0.0,1.0,2.0,0.0,0.0,5.0,4.0,0.125,0.208,0.188,0.395,15.0,0.185,-4.0,9.0,4.0,0.0,1.0,0.0,1.0,9/837DH,
Dann Howitt*,28.0,SEA,AL,0.1,13.0,43.0,37.0,6.0,10.0,4.0,1.0,1.0,8.0,1.0,1.0,3.0,5.0,0.27,0.302,0.514,0.816,125.0,0.339,108.0,19.0,2.0,0.0,0.0,3.0,0.0,7/H9,
Danny Cox,32.0,2TM,NL,-0.1,25.0,14.0,14.0,0.0,1.0,0.0,0.0,0.0,1.0,0.0,0.0,0.0,8.0,0.071,0.071,0.071,0.143,-59.0,0.065,-95.0,1.0,0.0,0.0,0.0,0.0,0.0,1,
Danny Cox,32.0,PHI,NL,-0.1,9.0,11.0,11.0,0.0,1.0,0.0,0.0,0.0,1.0,0.0,0.0,0.0,7.0,0.091,0.091,0.091,0.182,-48.0,0.083,-82.0,1.0,0.0,0.0,0.0,0.0,0.0,/1,
Danny Cox,32.0,PIT,NL,0.0,16.0,3.0,3.0,0.0,0.0,0.0,0.0,0.0,0.0,0.0,0.0,0.0,1.0,0.0,0.0,0.0,0.0,-100.0,0.0,-143.0,0.0,0.0,0.0,0.0,0.0,0.0,1,
Danny Jackson,30.0,2TM,NL,-0.3,34.0,70.0,60.0,2.0,5.0,0.0,0.0,0.0,2.0,0.0,1.0,1.0,31.0,0.083,0.098,0.083,0.182,-48.0,0.124,-70.0,5.0,0.0,0.0,9.0,0.0,0.0,1,
Danny Jackson,30.0,CHC,NL,-0.1,19.0,40.0,36.0,0.0,3.0,0.0,0.0,0.0,1.0,0.0,1.0,0.0,19.0,0.083,0.083,0.083,0.167,-53.0,0.14,-47.0,3.0,0.0,0.0,4.0,0.0,0.0,1,
Danny Jackson,30.0,PIT,NL,-0.1,15.0,30.0,24.0,2.0,2.0,0.0,0.0,0.0,1.0,0.0,0.0,1.0,12.0,0.083,0.12,0.083,0.203,-41.0,0.101,-103.0,2.0,0.0,0.0,5.0,0.0,0.0,1,
Danny Tartabull,29.0,NYY,AL,4.1,123.0,526.0,421.0,72.0,112.0,19.0,0.0,25.0,85.0,2.0,2.0,103.0,115.0,0.266,0.409,0.489,0.898,153.0,0.411,158.0,206.0,7.0,0.0,0.0,2.0,14.0,9D/H7,
Dante Bichette,28.0,MIL,AL,0.2,112.0,411.0,387.0,37.0,111.0,27.0,2.0,5.0,41.0,18.0,7.0,16.0,74.0,0.287,0.318,0.406,0.724,104.0,0.329,96.0,157.0,13.0,3.0,2.0,3.0,3.0,9H/D8,
Darnell Coles,30.0,CIN,NL,0.7,55.0,149.0,141.0,16.0,44.0,11.0,2.0,3.0,18.0,1.0,0.0,3.0,15.0,0.312,0.322,0.482,0.804,122.0,0.377,132.0,68.0,1.0,0.0,3.0,2.0,0.0,53H/79,
Darren Daulton*,30.0,PHI,NL,6.9,145.0,585.0,485.0,80.0,131.0,32.0,5.0,27.0,109.0,11.0,2.0,88.0,103.0,0.27,0.385,0.524,0.908,156.0,0.408,158.0,254.0,3.0,6.0,0.0,6.0,11.0,*2/H,"AS,MVP-6,SS"
Darren Lewis,24.0,SFG,NL,-0.6,100.0,362.0,320.0,38.0,74.0,8.0,1.0,1.0,18.0,28.0,8.0,29.0,46.0,0.231,0.295,0.272,0.567,66.0,0.292,71.0,87.0,3.0,1.0,10.0,2.0,0.0,8H,
Darren Reed,26.0,2TM,2LG,-1.0,56.0,125.0,114.0,12.0,20.0,4.0,0.0,5.0,14.0,0.0,0.0,8.0,34.0,0.175,0.232,0.342,0.574,60.0,0.254,43.0,39.0,3.0,1.0,0.0,2.0,2.0,97H/D,
Darren Reed,26.0,MON,NL,-0.8,42.0,88.0,81.0,10.0,14.0,2.0,0.0,5.0,10.0,0.0,0.0,6.0,23.0,0.173,0.239,0.383,0.621,74.0,0.274,59.0,31.0,3.0,1.0,0.0,0.0,2.0,9H/7,
Darren Reed,26.0,MIN,AL,-0.3,14.0,37.0,33.0,2.0,6.0,2.0,0.0,0.0,4.0,0.0,0.0,2.0,11.0,0.182,0.216,0.242,0.459,28.0,0.209,9.0,8.0,0.0,0.0,0.0,2.0,0.0,7/9HD,
Darrin Chapin,26.0,PHI,NL,0.0,1.0,0.0,0.0,0.0,0.0,0.0,0.0,0.0,0.0,0.0,0.0,0.0,0.0,,,,,,,,0.0,0.0,0.0,0.0,0.0,0.0,/1,
Darrin Fletcher*,25.0,MON,NL,-0.7,83.0,244.0,222.0,13.0,54.0,10.0,2.0,2.0,26.0,0.0,2.0,14.0,28.0,0.243,0.289,0.333,0.623,77.0,0.274,62.0,74.0,8.0,2.0,2.0,4.0,3.0,2H,
Darrin Jackson,28.0,SDP,NL,4.4,155.0,628.0,587.0,72.0,146.0,23.0,5.0,17.0,70.0,14.0,3.0,26.0,106.0,0.249,0.283,0.392,0.675,88.0,0.311,83.0,230.0,21.0,4.0,6.0,5.0,4.0,*8/79H,
Darryl Hamilton*,27.0,MIL,AL,3.6,128.0,528.0,470.0,67.0,140.0,19.0,7.0,5.0,62.0,41.0,14.0,45.0,42.0,0.298,0.356,0.4,0.756,114.0,0.367,121.0,188.0,10.0,1.0,4.0,7.0,0.0,*987/H,
Darryl Kile,23.0,HOU,NL,0.1,22.0,40.0,32.0,2.0,5.0,0.0,0.0,0.0,2.0,0.0,0.0,3.0,15.0,0.156,0.229,0.156,0.385,14.0,0.19,-11.0,5.0,0.0,0.0,5.0,0.0,0.0,1,
Darryl Strawberry*,30.0,LAD,NL,0.2,43.0,177.0,156.0,20.0,37.0,8.0,0.0,5.0,25.0,3.0,1.0,19.0,34.0,0.237,0.322,0.385,0.707,101.0,0.339,108.0,60.0,2.0,1.0,0.0,1.0,4.0,9/7H,
Daryl Boston*,29.0,NYM,NL,0.5,130.0,334.0,289.0,37.0,72.0,14.0,2.0,11.0,35.0,12.0,6.0,38.0,60.0,0.249,0.338,0.426,0.764,117.0,0.344,113.0,123.0,5.0,3.0,0.0,4.0,6.0,7H89,
Dave Anderson,31.0,LAD,NL,0.1,51.0,91.0,84.0,10.0,24.0,4.0,0.0,3.0,8.0,0.0,4.0,4.0,11.0,0.286,0.311,0.44,0.752,112.0,0.323,114.0,37.0,3.0,0.0,1.0,2.0,0.0,5H/6,
Dave Bergman*,39.0,DET,AL,-0.7,87.0,204.0,181.0,17.0,42.0,3.0,0.0,1.0,10.0,1.0,0.0,20.0,19.0,0.232,0.305,0.265,0.571,62.0,0.276,58.0,48.0,4.0,0.0,1.0,2.0,1.0,3HD/7,
Dave Burba,25.0,SFG,NL,-0.1,23.0,19.0,15.0,0.0,1.0,0.0,0.0,0.0,1.0,0.0,0.0,1.0,8.0,0.067,0.125,0.067,0.192,-43.0,0.101,-94.0,1.0,0.0,0.0,3.0,0.0,0.0,1,
Dave Clark*,29.0,PIT,NL,0.0,23.0,40.0,33.0,3.0,7.0,0.0,0.0,2.0,7.0,0.0,0.0,6.0,8.0,0.212,0.325,0.394,0.719,103.0,0.329,101.0,13.0,0.0,0.0,0.0,1.0,0.0,H/97,
Dave Cochrane#,29.0,SEA,AL,-0.6,65.0,167.0,152.0,10.0,38.0,5.0,0.0,2.0,12.0,1.0,0.0,12.0,34.0,0.25,0.309,0.322,0.631,78.0,0.296,72.0,49.0,3.0,1.0,2.0,0.0,0.0,2H75/936D4,
Dave Eiland,25.0,SDP,NL,0.0,7.0,10.0,9.0,1.0,1.0,0.0,0.0,1.0,2.0,0.0,0.0,0.0,4.0,0.111,0.111,0.444,0.556,49.0,0.245,30.0,4.0,0.0,0.0,1.0,0.0,0.0,/1,
Dave Gallagher,31.0,NYM,NL,-0.1,98.0,205.0,175.0,20.0,42.0,11.0,1.0,1.0,21.0,4.0,5.0,19.0,16.0,0.24,0.307,0.331,0.638,82.0,0.307,91.0,58.0,7.0,1.0,3.0,7.0,0.0,9H78,
Dave Hansen*,23.0,LAD,NL,-0.8,132.0,379.0,341.0,30.0,73.0,11.0,0.0,6.0,22.0,0.0,2.0,34.0,49.0,0.214,0.286,0.299,0.585,67.0,0.277,65.0,102.0,9.0,1.0,0.0,2.0,3.0,5H,
Dave Henderson,33.0,OAK,AL,-0.8,20.0,65.0,63.0,1.0,9.0,1.0,0.0,0.0,2.0,0.0,0.0,2.0,16.0,0.143,0.169,0.159,0.328,-5.0,0.17,-10.0,10.0,0.0,0.0,0.0,0.0,0.0,/8HD9,
Dave Hollins#,26.0,PHI,NL,6.1,156.0,685.0,586.0,104.0,158.0,28.0,4.0,27.0,93.0,9.0,6.0,76.0,110.0,0.27,0.369,0.469,0.839,137.0,0.388,146.0,275.0,8.0,19.0,0.0,4.0,4.0,*5/3,MVP-20
Dave Magadan*,29.0,NYM,NL,1.4,99.0,379.0,321.0,33.0,91.0,9.0,1.0,3.0,28.0,1.0,0.0,56.0,44.0,0.283,0.39,0.346,0.736,112.0,0.351,118.0,111.0,6.0,0.0,2.0,0.0,3.0,5/H3,
Dave Martinez*,27.0,CIN,NL,0.9,135.0,445.0,393.0,47.0,100.0,20.0,5.0,3.0,31.0,12.0,8.0,42.0,54.0,0.254,0.323,0.354,0.677,89.0,0.316,88.0,139.0,6.0,0.0,6.0,4.0,4.0,*83H/97,
Dave Nilsson*,22.0,MIL,AL,0.9,51.0,183.0,164.0,15.0,38.0,8.0,0.0,4.0,25.0,2.0,2.0,17.0,18.0,0.232,0.304,0.354,0.658,86.0,0.304,83.0,58.0,1.0,0.0,2.0,0.0,1.0,2/3DH,
Dave Righetti*,33.0,SFG,NL,0.0,54.0,11.0,7.0,0.0,1.0,0.0,0.0,0.0,0.0,0.0,0.0,0.0,4.0,0.143,0.143,0.143,0.286,-17.0,0.13,-123.0,1.0,0.0,0.0,4.0,0.0,0.0,1/H,
Dave Rohde#,28.0,CLE,AL,-0.2,5.0,9.0,7.0,0.0,0.0,0.0,0.0,0.0,0.0,0.0,0.0,2.0,3.0,0.0,0.222,0.0,0.222,-32.0,0.09,-92.0,0.0,0.0,0.0,0.0,0.0,1.0,/5H,
Dave Silvestri,24.0,NYY,AL,0.0,7.0,13.0,13.0,3.0,4.0,0.0,2.0,0.0,1.0,0.0,0.0,0.0,3.0,0.308,0.308,0.615,0.923,155.0,0.395,144.0,8.0,1.0,0.0,0.0,0.0,0.0,/6H,
Dave Smith,37.0,CHC,NL,0.0,11.0,0.0,0.0,0.0,0.0,0.0,0.0,0.0,0.0,0.0,0.0,0.0,0.0,,,,,,,,0.0,0.0,0.0,0.0,0.0,0.0,1,
Dave Valle,31.0,SEA,AL,1.4,124.0,410.0,367.0,39.0,88.0,16.0,1.0,9.0,30.0,0.0,0.0,27.0,58.0,0.24,0.305,0.362,0.668,87.0,0.321,91.0,133.0,7.0,8.0,7.0,1.0,1.0,*2/H,
Dave Winfield,40.0,TOR,AL,4.1,156.0,670.0,583.0,92.0,169.0,33.0,3.0,26.0,108.0,2.0,3.0,82.0,89.0,0.29,0.377,0.491,0.867,138.0,0.394,141.0,286.0,10.0,1.0,1.0,3.0,10.0,*D9,"MVP-5,SS"
David Cone*,29.0,NYM,NL,-0.3,27.0,75.0,65.0,5.0,6.0,1.0,0.0,0.0,4.0,0.0,0.0,3.0,19.0,0.092,0.132,0.108,0.24,-31.0,0.117,-72.0,7.0,1.0,0.0,7.0,0.0,0.0,1,AS
David Howard#,25.0,KCR,AL,0.3,74.0,244.0,219.0,19.0,49.0,6.0,2.0,1.0,18.0,3.0,4.0,15.0,43.0,0.224,0.271,0.283,0.554,55.0,0.268,54.0,62.0,3.0,0.0,8.0,2.0,0.0,6/8,
David Hulse*,24.0,TEX,AL,0.6,32.0,97.0,92.0,14.0,28.0,4.0,0.0,0.0,2.0,3.0,1.0,3.0,18.0,0.304,0.326,0.348,0.674,92.0,0.322,93.0,32.0,0.0,0.0,2.0,0.0,0.0,8/9DH,
David Justice*,26.0,ATL,NL,4.9,144.0,571.0,484.0,78.0,124.0,19.0,5.0,21.0,72.0,2.0,4.0,79.0,85.0,0.256,0.359,0.446,0.805,121.0,0.359,119.0,216.0,1.0,2.0,0.0,6.0,8.0,*9/H,
David Nied,23.0,ATL,NL,0.0,6.0,7.0,7.0,1.0,2.0,0.0,0.0,0.0,0.0,0.0,0.0,0.0,2.0,0.286,0.286,0.286,0.571,58.0,0.26,43.0,2.0,0.0,0.0,0.0,0.0,0.0,/1,
David Segui#,25.0,BAL,AL,-1.1,115.0,211.0,189.0,21.0,44.0,9.0,0.0,1.0,17.0,1.0,0.0,20.0,23.0,0.233,0.306,0.296,0.603,70.0,0.279,58.0,56.0,4.0,0.0,2.0,0.0,3.0,39H/7,
Dean Palmer,23.0,TEX,AL,1.6,152.0,613.0,541.0,74.0,124.0,25.0,0.0,26.0,72.0,10.0,4.0,62.0,154.0,0.229,0.311,0.42,0.731,106.0,0.345,110.0,227.0,9.0,4.0,2.0,4.0,2.0,*5/H,
Deion Sanders*,24.0,ATL,NL,3.2,97.0,325.0,303.0,54.0,92.0,6.0,14.0,8.0,28.0,26.0,9.0,18.0,52.0,0.304,0.346,0.495,0.841,130.0,0.402,144.0,150.0,5.0,2.0,1.0,1.0,0.0,8H7/9,
Delino DeShields*,23.0,MON,NL,3.2,135.0,599.0,530.0,82.0,155.0,19.0,8.0,7.0,56.0,46.0,15.0,54.0,108.0,0.292,0.359,0.398,0.757,115.0,0.353,113.0,211.0,10.0,3.0,9.0,3.0,4.0,*4/H,MVP-16
Dennis Lamp,39.0,PIT,NL,0.0,21.0,1.0,1.0,0.0,0.0,0.0,0.0,0.0,0.0,0.0,0.0,0.0,0.0,0.0,0.0,0.0,0.0,-100.0,0.0,-140.0,0.0,0.0,0.0,0.0,0.0,0.0,1,
Dennis Martínez,38.0,MON,NL,0.0,32.0,84.0,74.0,3.0,14.0,0.0,0.0,0.0,2.0,0.0,0.0,0.0,20.0,0.189,0.189,0.189,0.378,8.0,0.172,-32.0,14.0,1.0,0.0,10.0,0.0,0.0,1,AS
Dennis Powell,28.0,SEA,AL,0.0,1.0,0.0,0.0,0.0,0.0,0.0,0.0,0.0,0.0,0.0,0.0,0.0,0.0,,,,,,,,0.0,0.0,0.0,0.0,0.0,0.0,1,
Dennis Rasmussen*,33.0,CHC,NL,0.0,3.0,1.0,0.0,0.0,0.0,0.0,0.0,0.0,0.0,0.0,0.0,0.0,0.0,,,,,,,,0.0,0.0,0.0,1.0,0.0,0.0,/1,
Denny Neagle*,23.0,PIT,NL,-0.2,56.0,13.0,11.0,0.0,0.0,0.0,0.0,0.0,0.0,0.0,1.0,0.0,2.0,0.0,0.0,0.0,0.0,-100.0,-0.045,-187.0,0.0,0.0,0.0,2.0,0.0,0.0,1/H,
Denny Walling*,38.0,HOU,NL,0.0,3.0,3.0,3.0,1.0,1.0,0.0,0.0,0.0,0.0,0.0,0.0,0.0,0.0,0.333,0.333,0.333,0.667,94.0,0.303,87.0,1.0,0.0,0.0,0.0,0.0,0.0,/H,
Derek Bell,23.0,TOR,AL,0.7,61.0,184.0,161.0,23.0,39.0,6.0,3.0,2.0,15.0,7.0,2.0,15.0,34.0,0.242,0.324,0.354,0.678,88.0,0.338,96.0,57.0,6.0,5.0,2.0,1.0,1.0,789/HD,
Derek Parks,23.0,MIN,AL,0.0,7.0,8.0,6.0,1.0,2.0,0.0,0.0,0.0,0.0,0.0,0.0,1.0,1.0,0.333,0.5,0.333,0.833,137.0,0.413,155.0,2.0,0.0,1.0,0.0,0.0,0.0,/2H,
Derrick May*,23.0,CHC,NL,-0.4,124.0,371.0,351.0,33.0,96.0,11.0,0.0,8.0,45.0,5.0,3.0,14.0,40.0,0.274,0.306,0.373,0.679,90.0,0.315,88.0,131.0,10.0,3.0,2.0,1.0,4.0,7H9,
Devon White#,29.0,TOR,AL,6.2,153.0,696.0,641.0,98.0,159.0,26.0,7.0,17.0,60.0,37.0,4.0,47.0,133.0,0.248,0.303,0.39,0.693,90.0,0.334,89.0,250.0,9.0,5.0,0.0,3.0,0.0,*8/D,GG
Dick Schofield,29.0,2TM,2LG,2.2,143.0,502.0,423.0,52.0,87.0,18.0,2.0,4.0,36.0,11.0,4.0,61.0,82.0,0.206,0.311,0.286,0.597,72.0,0.288,69.0,121.0,11.0,5.0,10.0,3.0,4.0,*6/H,
Dick Schofield,29.0,CAL,AL,0.1,1.0,4.0,3.0,0.0,1.0,0.0,0.0,0.0,0.0,0.0,0.0,1.0,0.0,0.333,0.5,0.333,0.833,139.0,0.409,155.0,1.0,0.0,0.0,0.0,0.0,0.0,/6,
Dick Schofield,29.0,NYM,NL,2.2,142.0,498.0,420.0,52.0,86.0,18.0,2.0,4.0,36.0,11.0,4.0,60.0,82.0,0.205,0.309,0.286,0.595,71.0,0.287,68.0,120.0,11.0,5.0,10.0,3.0,4.0,*6/H,
Dickie Thon,34.0,TEX,AL,1.4,95.0,303.0,275.0,30.0,68.0,15.0,3.0,4.0,37.0,12.0,2.0,20.0,40.0,0.247,0.293,0.367,0.661,87.0,0.308,79.0,101.0,2.0,0.0,3.0,5.0,1.0,6H,
Dion James*,29.0,NYY,AL,0.4,67.0,170.0,145.0,24.0,38.0,8.0,0.0,3.0,17.0,1.0,0.0,22.0,15.0,0.262,0.359,0.379,0.738,109.0,0.355,115.0,55.0,3.0,1.0,0.0,2.0,0.0,9H8/7D,
Domingo Martínez,26.0,TOR,AL,0.1,7.0,8.0,8.0,2.0,5.0,0.0,0.0,1.0,3.0,0.0,0.0,0.0,1.0,0.625,0.625,1.0,1.625,343.0,0.725,374.0,8.0,0.0,0.0,0.0,0.0,0.0,/3H,
Don Mattingly*,31.0,NYY,AL,2.8,157.0,686.0,640.0,89.0,184.0,40.0,0.0,14.0,86.0,3.0,0.0,39.0,43.0,0.288,0.327,0.416,0.742,108.0,0.342,106.0,266.0,11.0,1.0,0.0,6.0,7.0,*3D/H,GG
Don Robinson,35.0,PHI,NL,0.3,10.0,18.0,18.0,0.0,7.0,3.0,0.0,0.0,1.0,0.0,0.0,0.0,5.0,0.389,0.389,0.556,0.944,165.0,0.421,170.0,10.0,1.0,0.0,0.0,0.0,0.0,/1H,
Don Slaught,33.0,PIT,NL,2.6,87.0,285.0,255.0,26.0,88.0,17.0,3.0,4.0,37.0,2.0,2.0,17.0,23.0,0.345,0.384,0.482,0.866,145.0,0.382,144.0,123.0,6.0,2.0,6.0,5.0,5.0,2H,
Donald Harris,24.0,TEX,AL,-0.5,24.0,33.0,33.0,3.0,6.0,1.0,0.0,0.0,1.0,1.0,0.0,0.0,15.0,0.182,0.182,0.212,0.394,12.0,0.187,-7.0,7.0,0.0,0.0,0.0,0.0,0.0,8/79H,
Donnie Hill#,31.0,MIN,AL,0.3,25.0,59.0,51.0,7.0,15.0,3.0,0.0,0.0,2.0,0.0,0.0,5.0,6.0,0.294,0.368,0.353,0.721,102.0,0.338,101.0,18.0,0.0,1.0,2.0,0.0,0.0,6/H459,
Donovan Osborne#,23.0,STL,NL,-0.1,34.0,60.0,58.0,4.0,7.0,0.0,1.0,0.0,0.0,0.0,0.0,0.0,21.0,0.121,0.121,0.155,0.276,-21.0,0.123,-55.0,9.0,0.0,0.0,2.0,0.0,0.0,1,ROY-5
Doug Brocail*,25.0,SDP,NL,0.0,3.0,5.0,5.0,0.0,1.0,0.0,0.0,0.0,0.0,0.0,0.0,0.0,0.0,0.2,0.2,0.2,0.4,13.0,0.182,-10.0,1.0,0.0,0.0,0.0,0.0,0.0,/1,
Doug Dascenzo#,28.0,CHC,NL,-1.0,139.0,409.0,376.0,37.0,96.0,13.0,4.0,0.0,20.0,6.0,8.0,27.0,32.0,0.255,0.304,0.311,0.615,73.0,0.282,67.0,117.0,3.0,0.0,4.0,2.0,2.0,*8H97,
Doug Davis,29.0,TEX,AL,0.1,1.0,1.0,1.0,0.0,1.0,0.0,0.0,0.0,0.0,0.0,0.0,0.0,0.0,1.0,1.0,1.0,2.0,472.0,0.918,518.0,1.0,0.0,0.0,0.0,0.0,0.0,/2,
Doug Drabek,29.0,PIT,NL,0.1,35.0,99.0,89.0,5.0,14.0,3.0,0.0,0.0,6.0,0.0,0.0,2.0,28.0,0.157,0.176,0.191,0.367,4.0,0.179,-21.0,17.0,0.0,0.0,8.0,0.0,0.0,1/H,CYA-5
Doug Jones,35.0,HOU,NL,-0.1,80.0,4.0,4.0,0.0,0.0,0.0,0.0,0.0,0.0,0.0,0.0,0.0,2.0,0.0,0.0,0.0,0.0,-100.0,0.0,-138.0,0.0,0.0,0.0,0.0,0.0,0.0,1,"AS,MVP-14"
Doug Simons*,25.0,MON,NL,0.0,7.0,0.0,0.0,0.0,0.0,0.0,0.0,0.0,0.0,0.0,0.0,0.0,0.0,,,,,,,,0.0,0.0,0.0,0.0,0.0,0.0,/1,
Doug Strange#,28.0,CHC,NL,-1.2,52.0,106.0,94.0,7.0,15.0,1.0,0.0,1.0,5.0,1.0,0.0,10.0,15.0,0.16,0.24,0.202,0.443,25.0,0.226,16.0,19.0,2.0,0.0,2.0,0.0,2.0,5H4,
Dwayne Henry,30.0,CIN,NL,0.0,60.0,4.0,4.0,1.0,1.0,0.0,0.0,0.0,0.0,0.0,0.0,0.0,3.0,0.25,0.25,0.25,0.5,40.0,0.227,23.0,1.0,0.0,0.0,0.0,0.0,0.0,1,
Dwight Gooden,27.0,NYM,NL,0.9,33.0,77.0,72.0,8.0,19.0,3.0,1.0,1.0,9.0,0.0,0.0,1.0,16.0,0.264,0.274,0.375,0.649,84.0,0.304,82.0,27.0,1.0,0.0,4.0,0.0,0.0,1/H,SS
Dwight Smith*,28.0,CHC,NL,0.6,109.0,233.0,217.0,28.0,60.0,10.0,3.0,3.0,24.0,9.0,8.0,13.0,40.0,0.276,0.318,0.392,0.709,98.0,0.322,98.0,85.0,1.0,1.0,0.0,2.0,0.0,H897,
Ed Sprague,24.0,TOR,AL,0.1,22.0,50.0,47.0,6.0,11.0,2.0,0.0,1.0,7.0,0.0,0.0,3.0,7.0,0.234,0.28,0.34,0.62,71.0,0.341,101.0,16.0,0.0,0.0,0.0,0.0,0.0,2/3HD5,
Ed Taubensee*,23.0,HOU,NL,0.9,104.0,331.0,297.0,23.0,66.0,15.0,0.0,5.0,28.0,2.0,1.0,31.0,78.0,0.222,0.299,0.323,0.622,81.0,0.286,74.0,96.0,4.0,2.0,0.0,1.0,3.0,2/H,
Eddie Murray#,36.0,NYM,NL,1.6,156.0,625.0,551.0,64.0,144.0,37.0,2.0,16.0,93.0,4.0,2.0,66.0,74.0,0.261,0.336,0.423,0.759,115.0,0.348,116.0,233.0,15.0,0.0,0.0,8.0,8.0,*3/H,
Eddie Tucker,25.0,HOU,NL,-0.5,20.0,56.0,50.0,5.0,6.0,1.0,0.0,0.0,3.0,1.0,1.0,3.0,13.0,0.12,0.2,0.14,0.34,0.0,0.218,26.0,7.0,2.0,2.0,1.0,0.0,0.0,2/H,
Eddie Zosky,24.0,TOR,AL,-0.1,8.0,8.0,7.0,1.0,2.0,0.0,1.0,0.0,1.0,0.0,0.0,0.0,2.0,0.286,0.25,0.571,0.821,121.0,0.321,88.0,4.0,0.0,0.0,0.0,1.0,0.0,/6H,
Edgar Martínez,29.0,SEA,AL,6.5,135.0,592.0,528.0,100.0,181.0,46.0,3.0,18.0,73.0,14.0,4.0,54.0,61.0,0.343,0.404,0.544,0.948,164.0,0.44,174.0,287.0,15.0,4.0,1.0,5.0,2.0,5D/H3,"AS,MVP-12,SS"
Ellis Burks,27.0,BOS,AL,1.1,66.0,263.0,235.0,35.0,60.0,8.0,3.0,8.0,30.0,5.0,2.0,25.0,48.0,0.255,0.327,0.417,0.744,103.0,0.354,108.0,98.0,5.0,1.0,0.0,2.0,2.0,8/HD,
Eric Anthony*,24.0,HOU,NL,1.1,137.0,483.0,440.0,45.0,105.0,15.0,1.0,19.0,80.0,5.0,4.0,38.0,98.0,0.239,0.298,0.407,0.705,103.0,0.328,106.0,179.0,7.0,1.0,0.0,4.0,5.0,*9H/87,
Eric Bullock*,32.0,MON,NL,-0.1,8.0,5.0,5.0,0.0,0.0,0.0,0.0,0.0,0.0,0.0,0.0,0.0,1.0,0.0,0.0,0.0,0.0,-100.0,0.0,-144.0,0.0,0.0,0.0,0.0,0.0,0.0,/H,
Eric Davis,30.0,LAD,NL,-0.3,76.0,308.0,267.0,21.0,61.0,8.0,1.0,5.0,32.0,19.0,1.0,36.0,71.0,0.228,0.325,0.322,0.647,85.0,0.328,90.0,86.0,9.0,3.0,0.0,2.0,2.0,7/89H,
Eric Fox#,28.0,OAK,AL,0.3,51.0,163.0,143.0,24.0,34.0,5.0,2.0,3.0,13.0,3.0,4.0,13.0,29.0,0.238,0.299,0.364,0.663,91.0,0.307,93.0,52.0,1.0,0.0,6.0,1.0,0.0,789H/D,
Eric Hillman*,26.0,NYM,NL,-0.2,11.0,18.0,13.0,0.0,1.0,0.0,0.0,0.0,0.0,0.0,0.0,0.0,7.0,0.077,0.077,0.077,0.154,-56.0,0.07,-164.0,1.0,0.0,0.0,5.0,0.0,0.0,1,
Eric Karros,24.0,LAD,NL,0.4,149.0,589.0,545.0,63.0,140.0,30.0,1.0,20.0,88.0,2.0,4.0,37.0,103.0,0.257,0.304,0.426,0.73,106.0,0.338,111.0,232.0,15.0,2.0,0.0,5.0,3.0,*3/H,ROY-1
Eric Wedge,24.0,BOS,AL,0.4,27.0,81.0,68.0,11.0,17.0,2.0,0.0,5.0,11.0,0.0,0.0,13.0,18.0,0.25,0.37,0.5,0.87,137.0,0.392,136.0,34.0,0.0,0.0,0.0,0.0,0.0,D/H2,
Eric Yelding,27.0,HOU,NL,0.0,9.0,8.0,8.0,1.0,2.0,0.0,0.0,0.0,0.0,0.0,0.0,0.0,3.0,0.25,0.25,0.25,0.5,46.0,0.227,31.0,2.0,0.0,0.0,0.0,0.0,0.0,/H678,
Eric Young Sr.,25.0,LAD,NL,-0.3,49.0,144.0,132.0,9.0,34.0,1.0,0.0,1.0,11.0,6.0,1.0,8.0,9.0,0.258,0.3,0.288,0.588,69.0,0.301,75.0,38.0,3.0,0.0,4.0,0.0,0.0,4/H,
Ernie Riles*,31.0,HOU,NL,0.1,39.0,64.0,61.0,5.0,16.0,1.0,0.0,1.0,4.0,1.0,0.0,2.0,11.0,0.262,0.281,0.328,0.609,76.0,0.28,67.0,20.0,0.0,0.0,0.0,1.0,0.0,H/6534,
Esteban Beltré,24.0,CHW,AL,-1.2,49.0,116.0,110.0,21.0,21.0,2.0,0.0,1.0,10.0,1.0,0.0,3.0,18.0,0.191,0.211,0.236,0.447,26.0,0.208,8.0,26.0,3.0,0.0,2.0,1.0,0.0,6/HD,
Fernando Ramsey,26.0,CHC,NL,-0.5,18.0,25.0,25.0,0.0,3.0,0.0,0.0,0.0,2.0,0.0,0.0,0.0,6.0,0.12,0.12,0.12,0.24,-32.0,0.109,-66.0,3.0,0.0,0.0,0.0,0.0,0.0,8/H,
Floyd Bannister*,37.0,TEX,AL,0.0,1.0,0.0,0.0,0.0,0.0,0.0,0.0,0.0,0.0,0.0,0.0,0.0,0.0,,,,,,,,0.0,0.0,0.0,0.0,0.0,0.0,1,
Francisco Cabrera,25.0,ATL,NL,0.2,12.0,11.0,10.0,2.0,3.0,0.0,0.0,2.0,3.0,0.0,0.0,1.0,1.0,0.3,0.364,0.9,1.264,238.0,0.547,256.0,9.0,0.0,0.0,0.0,0.0,0.0,H/2,
Francisco Oliveras,29.0,SFG,NL,0.0,16.0,8.0,7.0,0.0,1.0,0.0,0.0,0.0,0.0,0.0,0.0,1.0,2.0,0.143,0.25,0.143,0.393,17.0,0.201,11.0,1.0,0.0,0.0,0.0,0.0,0.0,1,
Frank Castillo,23.0,CHC,NL,-0.4,33.0,73.0,65.0,3.0,6.0,0.0,0.0,0.0,1.0,0.0,0.0,3.0,21.0,0.092,0.132,0.092,0.225,-36.0,0.111,-76.0,6.0,2.0,0.0,5.0,0.0,0.0,1,
Frank DiPino*,35.0,STL,NL,0.1,9.0,1.0,1.0,0.0,1.0,0.0,0.0,0.0,0.0,0.0,0.0,0.0,0.0,1.0,1.0,1.0,2.0,477.0,0.909,540.0,1.0,0.0,0.0,0.0,0.0,0.0,/1,
Frank Seminara,25.0,SDP,NL,-0.1,19.0,37.0,34.0,3.0,4.0,0.0,0.0,0.0,0.0,0.0,0.0,1.0,9.0,0.118,0.143,0.118,0.261,-26.0,0.124,-62.0,4.0,0.0,0.0,2.0,0.0,0.0,1,ROY-7
Frank Tanana*,38.0,DET,AL,0.0,1.0,0.0,0.0,0.0,0.0,0.0,0.0,0.0,0.0,0.0,0.0,0.0,0.0,,,,,,,,0.0,0.0,0.0,0.0,0.0,0.0,1,
Frank Thomas,24.0,CHW,AL,7.0,160.0,711.0,573.0,108.0,185.0,46.0,2.0,24.0,115.0,6.0,3.0,122.0,88.0,0.323,0.439,0.536,0.975,174.0,0.438,176.0,307.0,19.0,5.0,0.0,11.0,6.0,*3/DH,MVP-8
Franklin Stubbs*,31.0,MIL,AL,0.1,92.0,322.0,288.0,37.0,66.0,11.0,1.0,9.0,42.0,11.0,8.0,27.0,68.0,0.229,0.297,0.368,0.665,87.0,0.309,87.0,106.0,2.0,1.0,5.0,1.0,3.0,3DH/9,
Fred McGriff*,28.0,SDP,NL,5.2,152.0,632.0,531.0,79.0,152.0,30.0,4.0,35.0,104.0,8.0,6.0,96.0,108.0,0.286,0.394,0.556,0.95,165.0,0.419,170.0,295.0,14.0,1.0,0.0,4.0,23.0,*3/H,"AS,MVP-6,SS"
Freddie Benavides,26.0,CIN,NL,-0.2,74.0,186.0,173.0,14.0,40.0,10.0,1.0,1.0,17.0,0.0,1.0,10.0,34.0,0.231,0.277,0.318,0.595,66.0,0.271,55.0,55.0,3.0,1.0,2.0,0.0,4.0,46H/5,
Félix Fermín,28.0,CLE,AL,0.6,79.0,245.0,215.0,27.0,58.0,7.0,2.0,0.0,13.0,0.0,0.0,18.0,10.0,0.27,0.326,0.321,0.647,84.0,0.304,80.0,69.0,7.0,1.0,9.0,2.0,1.0,65/4H3,
Félix José#,27.0,STL,NL,2.2,131.0,551.0,509.0,62.0,150.0,22.0,3.0,14.0,75.0,28.0,12.0,40.0,100.0,0.295,0.347,0.432,0.779,123.0,0.359,125.0,220.0,9.0,1.0,0.0,1.0,8.0,*9/H,
Gary Carter,38.0,MON,NL,0.1,95.0,325.0,285.0,24.0,62.0,18.0,1.0,5.0,29.0,0.0,4.0,33.0,37.0,0.218,0.299,0.34,0.64,81.0,0.286,74.0,97.0,4.0,2.0,1.0,4.0,4.0,2H/3,
Gary Disarcina,24.0,CAL,AL,1.5,157.0,553.0,518.0,48.0,128.0,19.0,0.0,3.0,42.0,9.0,7.0,20.0,50.0,0.247,0.283,0.301,0.584,64.0,0.278,62.0,156.0,15.0,7.0,5.0,3.0,0.0,*6/H,
Gary Gaetti,33.0,CAL,AL,-1.0,130.0,486.0,456.0,41.0,103.0,13.0,2.0,12.0,48.0,3.0,1.0,21.0,79.0,0.226,0.267,0.342,0.61,70.0,0.289,67.0,156.0,9.0,6.0,0.0,3.0,4.0,53D/H,
Gary Green,30.0,CIN,NL,0.1,8.0,12.0,12.0,3.0,4.0,1.0,0.0,0.0,0.0,0.0,0.0,0.0,2.0,0.333,0.333,0.417,0.75,109.0,0.414,161.0,5.0,0.0,0.0,0.0,0.0,0.0,/6H5,
Gary Pettis#,34.0,2TM,2LG,1.1,78.0,192.0,159.0,27.0,32.0,5.0,3.0,1.0,12.0,14.0,4.0,29.0,45.0,0.201,0.323,0.289,0.612,74.0,0.307,75.0,46.0,3.0,0.0,3.0,1.0,0.0,8H/9,
Gary Pettis#,34.0,SDP,NL,-0.4,30.0,32.0,30.0,0.0,6.0,1.0,0.0,0.0,0.0,1.0,0.0,2.0,11.0,0.2,0.25,0.233,0.483,37.0,0.235,23.0,7.0,0.0,0.0,0.0,0.0,0.0,H8/9,
Gary Pettis#,34.0,DET,AL,1.5,48.0,160.0,129.0,27.0,26.0,4.0,3.0,1.0,12.0,13.0,4.0,27.0,34.0,0.202,0.338,0.302,0.64,81.0,0.322,85.0,39.0,3.0,0.0,3.0,1.0,0.0,8/H,
Gary Redus,35.0,PIT,NL,0.1,76.0,193.0,176.0,26.0,45.0,7.0,3.0,3.0,12.0,11.0,4.0,17.0,25.0,0.256,0.321,0.381,0.702,99.0,0.326,95.0,67.0,1.0,0.0,0.0,0.0,0.0,3H9/78,
Gary Scott,23.0,CHC,NL,-0.8,36.0,102.0,96.0,8.0,15.0,2.0,0.0,2.0,11.0,0.0,1.0,5.0,14.0,0.156,0.198,0.24,0.438,22.0,0.249,41.0,23.0,3.0,0.0,1.0,0.0,1.0,5/H6,
Gary Sheffield,23.0,SDP,NL,6.2,146.0,618.0,557.0,87.0,184.0,34.0,3.0,33.0,100.0,5.0,6.0,48.0,40.0,0.33,0.385,0.58,0.965,168.0,0.43,177.0,323.0,19.0,6.0,0.0,7.0,5.0,*5/H,"AS,MVP-3,SS"
Gary Thurman,27.0,KCR,AL,-0.7,88.0,216.0,200.0,25.0,49.0,6.0,3.0,0.0,20.0,9.0,6.0,9.0,34.0,0.245,0.281,0.305,0.586,63.0,0.267,51.0,61.0,3.0,1.0,6.0,0.0,0.0,9H/D78,
Gary Varsho*,31.0,PIT,NL,-0.3,103.0,173.0,162.0,22.0,36.0,6.0,3.0,4.0,22.0,5.0,2.0,10.0,32.0,0.222,0.266,0.37,0.636,79.0,0.297,76.0,60.0,2.0,0.0,0.0,1.0,1.0,H97/8,
Gene Harris,27.0,SDP,NL,0.0,15.0,3.0,3.0,0.0,1.0,0.0,0.0,0.0,0.0,0.0,0.0,0.0,1.0,0.333,0.333,0.333,0.667,88.0,0.303,80.0,1.0,0.0,0.0,0.0,0.0,0.0,1/H,
Gene Larkin#,29.0,MIN,AL,-0.2,115.0,373.0,337.0,38.0,83.0,18.0,1.0,6.0,42.0,7.0,2.0,28.0,43.0,0.246,0.308,0.359,0.667,86.0,0.307,77.0,121.0,7.0,4.0,0.0,4.0,6.0,39H/D,
Gene Nelson,31.0,OAK,AL,0.0,2.0,0.0,0.0,1.0,0.0,0.0,0.0,0.0,0.0,0.0,0.0,0.0,0.0,,,,,,,,0.0,0.0,0.0,0.0,0.0,0.0,1/H,
Geno Petralli*,32.0,TEX,AL,0.0,94.0,213.0,192.0,11.0,38.0,12.0,0.0,1.0,18.0,0.0,0.0,20.0,34.0,0.198,0.274,0.276,0.55,57.0,0.269,56.0,53.0,8.0,0.0,1.0,0.0,2.0,2HD/54,
George Bell,32.0,CHW,AL,-0.2,155.0,670.0,627.0,74.0,160.0,27.0,0.0,25.0,112.0,5.0,2.0,31.0,97.0,0.255,0.294,0.418,0.712,99.0,0.323,93.0,262.0,29.0,6.0,0.0,6.0,8.0,*D7,MVP-20
George Brett*,39.0,KCR,AL,0.5,152.0,638.0,592.0,55.0,169.0,35.0,5.0,7.0,61.0,8.0,6.0,35.0,69.0,0.285,0.33,0.397,0.727,102.0,0.333,98.0,235.0,15.0,6.0,0.0,4.0,6.0,*D3/5H,
Gerald Perry*,31.0,STL,NL,-0.4,87.0,161.0,143.0,13.0,34.0,8.0,0.0,1.0,18.0,3.0,6.0,15.0,23.0,0.238,0.311,0.315,0.625,80.0,0.266,67.0,45.0,3.0,1.0,0.0,2.0,4.0,H3,
Gerald Williams,25.0,NYY,AL,0.6,15.0,27.0,27.0,7.0,8.0,2.0,0.0,3.0,6.0,2.0,0.0,0.0,3.0,0.296,0.296,0.704,1.0,174.0,0.489,198.0,19.0,0.0,0.0,0.0,0.0,0.0,9/H,
Gerald Young#,27.0,HOU,NL,-0.1,74.0,90.0,76.0,14.0,14.0,1.0,1.0,0.0,4.0,6.0,2.0,10.0,11.0,0.184,0.279,0.224,0.503,48.0,0.261,48.0,17.0,2.0,0.0,4.0,0.0,0.0,9H8/7,
Gerónimo Berroa,27.0,CIN,NL,0.0,13.0,18.0,15.0,2.0,4.0,1.0,0.0,0.0,0.0,0.0,1.0,2.0,1.0,0.267,0.389,0.333,0.722,104.0,0.316,108.0,5.0,1.0,1.0,0.0,0.0,0.0,H/7,
Gerónimo Peña#,25.0,STL,NL,2.3,62.0,236.0,203.0,31.0,62.0,12.0,1.0,7.0,31.0,13.0,8.0,24.0,37.0,0.305,0.386,0.478,0.863,147.0,0.39,151.0,97.0,1.0,5.0,0.0,4.0,0.0,4/H,
Gil Heredia,26.0,2TM,NL,0.0,20.0,10.0,9.0,0.0,1.0,0.0,0.0,0.0,0.0,0.0,0.0,0.0,1.0,0.111,0.111,0.111,0.222,-36.0,0.101,-79.0,1.0,0.0,0.0,1.0,0.0,0.0,1,
Gil Heredia,26.0,SFG,NL,0.0,13.0,7.0,6.0,0.0,1.0,0.0,0.0,0.0,0.0,0.0,0.0,0.0,1.0,0.167,0.167,0.167,0.333,-3.0,0.152,-47.0,1.0,0.0,0.0,1.0,0.0,0.0,1,
Gil Heredia,26.0,MON,NL,0.0,7.0,3.0,3.0,0.0,0.0,0.0,0.0,0.0,0.0,0.0,0.0,0.0,0.0,0.0,0.0,0.0,0.0,-100.0,0.0,-143.0,0.0,0.0,0.0,0.0,0.0,0.0,/1,
Glenallen Hill,27.0,CLE,AL,0.8,102.0,394.0,369.0,38.0,89.0,16.0,1.0,18.0,49.0,9.0,6.0,20.0,73.0,0.241,0.287,0.436,0.723,102.0,0.33,100.0,161.0,11.0,4.0,0.0,1.0,0.0,7DH/98,
Glenn Braggs,29.0,CIN,NL,0.2,92.0,307.0,266.0,40.0,63.0,16.0,3.0,8.0,38.0,3.0,1.0,36.0,48.0,0.237,0.33,0.41,0.74,106.0,0.338,103.0,109.0,10.0,2.0,1.0,2.0,5.0,79H,
Glenn Davis,31.0,BAL,AL,1.2,106.0,442.0,398.0,46.0,110.0,15.0,2.0,13.0,48.0,1.0,0.0,37.0,65.0,0.276,0.338,0.422,0.76,112.0,0.357,115.0,168.0,12.0,2.0,1.0,4.0,2.0,D/H3,
Greg Briley*,27.0,SEA,AL,-0.1,86.0,207.0,200.0,18.0,55.0,10.0,0.0,5.0,12.0,9.0,2.0,4.0,31.0,0.275,0.29,0.4,0.69,92.0,0.329,92.0,80.0,4.0,1.0,0.0,2.0,0.0,H78D/459,
Greg Colbrunn,22.0,MON,NL,0.5,52.0,180.0,168.0,12.0,45.0,8.0,0.0,2.0,18.0,3.0,2.0,6.0,34.0,0.268,0.294,0.351,0.646,83.0,0.314,91.0,59.0,1.0,2.0,0.0,4.0,1.0,3/H,
Greg Gagne,30.0,MIN,AL,1.4,146.0,473.0,439.0,53.0,108.0,23.0,0.0,7.0,39.0,6.0,7.0,19.0,83.0,0.246,0.28,0.346,0.626,74.0,0.285,66.0,152.0,11.0,2.0,12.0,1.0,0.0,*6H,
Greg Harris,28.0,SDP,NL,0.2,20.0,41.0,31.0,1.0,4.0,1.0,0.0,0.0,1.0,0.0,0.0,5.0,13.0,0.129,0.25,0.161,0.411,18.0,0.235,19.0,5.0,0.0,0.0,5.0,0.0,0.0,1,
Greg Litton,27.0,SFG,NL,0.4,68.0,154.0,140.0,9.0,32.0,5.0,0.0,4.0,15.0,0.0,1.0,11.0,33.0,0.229,0.285,0.35,0.635,83.0,0.288,78.0,49.0,2.0,0.0,3.0,0.0,0.0,4H5/367,
Greg Maddux,26.0,CHC,NL,0.3,35.0,102.0,88.0,6.0,15.0,3.0,0.0,1.0,8.0,0.0,0.0,1.0,22.0,0.17,0.18,0.239,0.418,16.0,0.2,-13.0,21.0,1.0,0.0,13.0,0.0,0.0,1,"AS,CYA-1,MVP-11,GG"
Greg Mathews,30.0,PHI,NL,-0.2,14.0,17.0,14.0,0.0,0.0,0.0,0.0,0.0,0.0,0.0,0.0,1.0,8.0,0.0,0.067,0.0,0.067,-79.0,0.047,-137.0,0.0,0.0,0.0,2.0,0.0,0.0,1,
Greg Myers*,26.0,2TM,AL,-0.1,30.0,86.0,78.0,4.0,18.0,7.0,0.0,1.0,13.0,0.0,0.0,5.0,11.0,0.231,0.271,0.359,0.63,73.0,0.283,60.0,28.0,2.0,0.0,1.0,2.0,0.0,2/HD,
Greg Myers*,26.0,TOR,AL,0.1,22.0,68.0,61.0,4.0,14.0,6.0,0.0,1.0,13.0,0.0,0.0,5.0,5.0,0.23,0.279,0.377,0.656,80.0,0.294,68.0,23.0,2.0,0.0,0.0,2.0,0.0,2/HD,
Greg Myers*,26.0,CAL,AL,-0.2,8.0,18.0,17.0,0.0,4.0,1.0,0.0,0.0,0.0,0.0,0.0,0.0,6.0,0.235,0.235,0.294,0.529,48.0,0.239,28.0,5.0,0.0,0.0,1.0,0.0,0.0,/2,
Greg Olson,31.0,ATL,NL,1.0,95.0,340.0,302.0,27.0,72.0,14.0,2.0,3.0,27.0,2.0,1.0,34.0,31.0,0.238,0.316,0.328,0.643,78.0,0.302,74.0,99.0,8.0,1.0,1.0,2.0,4.0,2/H,
Greg Swindell,27.0,CIN,NL,-0.4,31.0,87.0,80.0,2.0,10.0,2.0,0.0,0.0,4.0,0.0,0.0,1.0,15.0,0.125,0.134,0.15,0.284,-21.0,0.129,-61.0,12.0,0.0,0.0,5.0,1.0,0.0,1,
Greg Vaughn,26.0,MIL,AL,1.8,141.0,573.0,501.0,77.0,114.0,18.0,2.0,23.0,78.0,15.0,15.0,60.0,123.0,0.228,0.313,0.409,0.723,103.0,0.33,104.0,205.0,8.0,5.0,2.0,5.0,1.0,*7/DH9,
Gregg Jefferies#,24.0,KCR,AL,2.2,152.0,657.0,604.0,66.0,172.0,36.0,3.0,10.0,75.0,19.0,9.0,43.0,29.0,0.285,0.329,0.404,0.733,103.0,0.34,102.0,244.0,24.0,1.0,0.0,9.0,4.0,*5/H4D,
Gregg Olson,25.0,BAL,AL,0.0,1.0,0.0,0.0,0.0,0.0,0.0,0.0,0.0,0.0,0.0,0.0,0.0,0.0,,,,,,,,0.0,0.0,0.0,0.0,0.0,0.0,1,
Guillermo Velasquez*,24.0,SDP,NL,0.2,15.0,24.0,23.0,1.0,7.0,0.0,0.0,1.0,5.0,0.0,0.0,1.0,7.0,0.304,0.333,0.435,0.768,115.0,0.348,113.0,10.0,0.0,0.0,0.0,0.0,0.0,H/37,
Hal Morris*,27.0,CIN,NL,0.5,115.0,446.0,395.0,41.0,107.0,21.0,3.0,6.0,53.0,6.0,6.0,45.0,53.0,0.271,0.347,0.385,0.732,104.0,0.334,103.0,152.0,12.0,2.0,2.0,2.0,8.0,*3/H,
Harold Baines*,33.0,OAK,AL,0.6,140.0,543.0,478.0,58.0,121.0,18.0,0.0,16.0,76.0,1.0,3.0,59.0,61.0,0.253,0.331,0.391,0.723,108.0,0.333,108.0,187.0,11.0,0.0,0.0,6.0,6.0,*D9H/7,
Harold Reynolds#,31.0,SEA,AL,0.9,140.0,521.0,458.0,55.0,113.0,23.0,3.0,3.0,33.0,15.0,12.0,45.0,41.0,0.247,0.316,0.33,0.645,82.0,0.308,84.0,151.0,12.0,3.0,11.0,4.0,1.0,*4H/7D,
Harvey Pulliam,24.0,KCR,AL,0.1,4.0,6.0,5.0,2.0,1.0,1.0,0.0,0.0,0.0,0.0,0.0,1.0,3.0,0.2,0.333,0.4,0.733,104.0,0.337,100.0,2.0,0.0,0.0,0.0,0.0,0.0,/DH7,
Heathcliff Slocumb,26.0,CHC,NL,-0.1,30.0,4.0,4.0,0.0,0.0,0.0,0.0,0.0,0.0,0.0,0.0,0.0,3.0,0.0,0.0,0.0,0.0,-100.0,0.0,-148.0,0.0,0.0,0.0,0.0,0.0,0.0,1,
Henry Cotto,31.0,SEA,AL,0.7,108.0,313.0,294.0,42.0,76.0,11.0,1.0,5.0,27.0,23.0,2.0,14.0,49.0,0.259,0.294,0.354,0.647,81.0,0.326,83.0,104.0,2.0,1.0,3.0,1.0,3.0,78H/9D,
Henry Mercedes,22.0,OAK,AL,0.2,9.0,5.0,5.0,1.0,4.0,0.0,1.0,0.0,1.0,0.0,0.0,0.0,1.0,0.8,0.8,1.2,2.0,470.0,0.881,495.0,6.0,0.0,0.0,0.0,0.0,0.0,/2H,
Henry Rodríguez*,24.0,LAD,NL,-0.5,53.0,156.0,146.0,11.0,32.0,7.0,0.0,3.0,14.0,0.0,0.0,8.0,30.0,0.219,0.258,0.329,0.587,66.0,0.267,56.0,48.0,2.0,0.0,1.0,1.0,0.0,97/H3,
Hensley Meulens,25.0,NYY,AL,0.3,2.0,6.0,5.0,1.0,3.0,0.0,0.0,1.0,1.0,0.0,0.0,1.0,0.0,0.6,0.667,1.2,1.867,417.0,0.781,418.0,6.0,1.0,0.0,0.0,0.0,0.0,/5,
Herm Winningham*,30.0,BOS,AL,-0.8,105.0,244.0,234.0,27.0,55.0,8.0,1.0,1.0,14.0,6.0,5.0,10.0,53.0,0.235,0.266,0.291,0.557,53.0,0.257,43.0,68.0,3.0,0.0,0.0,0.0,0.0,H78/D,
Howard Johnson#,31.0,NYM,NL,-1.4,100.0,410.0,350.0,48.0,78.0,19.0,0.0,7.0,43.0,22.0,5.0,55.0,79.0,0.223,0.329,0.337,0.666,91.0,0.327,94.0,118.0,7.0,2.0,0.0,3.0,5.0,87/H9,
Hubie Brooks,35.0,CAL,AL,-1.3,82.0,320.0,306.0,28.0,66.0,13.0,0.0,8.0,36.0,3.0,3.0,12.0,46.0,0.216,0.247,0.337,0.583,63.0,0.276,60.0,103.0,10.0,1.0,0.0,1.0,3.0,D/H3,
Héctor Villanueva,27.0,CHC,NL,-0.8,51.0,123.0,112.0,9.0,17.0,6.0,0.0,2.0,13.0,0.0,0.0,11.0,24.0,0.152,0.228,0.259,0.487,36.0,0.229,22.0,29.0,5.0,0.0,0.0,0.0,2.0,2H/3,
Iván Calderón,30.0,MON,NL,0.0,48.0,186.0,170.0,19.0,45.0,14.0,2.0,3.0,24.0,1.0,2.0,14.0,22.0,0.265,0.323,0.424,0.746,110.0,0.335,109.0,72.0,4.0,1.0,0.0,1.0,1.0,7/H,
Iván Rodríguez,20.0,TEX,AL,2.4,123.0,454.0,420.0,39.0,109.0,16.0,1.0,8.0,37.0,0.0,0.0,24.0,73.0,0.26,0.3,0.36,0.659,87.0,0.308,84.0,151.0,15.0,1.0,7.0,2.0,2.0,*2H/D,"AS,GG"
J.T. Bruett*,24.0,MIN,AL,0.3,56.0,84.0,76.0,7.0,19.0,4.0,0.0,0.0,2.0,6.0,3.0,6.0,12.0,0.25,0.313,0.303,0.616,73.0,0.308,79.0,23.0,0.0,1.0,1.0,0.0,1.0,H98/7D,
J.T. Snow*,24.0,NYY,AL,0.0,7.0,19.0,14.0,1.0,2.0,1.0,0.0,0.0,2.0,0.0,0.0,5.0,5.0,0.143,0.368,0.214,0.583,69.0,0.283,63.0,3.0,0.0,0.0,0.0,0.0,1.0,/3DH,
Jack Clark,36.0,BOS,AL,0.0,81.0,320.0,257.0,32.0,54.0,11.0,0.0,5.0,33.0,1.0,1.0,56.0,87.0,0.21,0.35,0.311,0.661,83.0,0.325,88.0,80.0,4.0,2.0,0.0,5.0,3.0,D3/H,
Jack Daugherty#,31.0,TEX,AL,-0.3,59.0,146.0,127.0,13.0,26.0,9.0,0.0,0.0,9.0,2.0,1.0,16.0,21.0,0.205,0.295,0.276,0.57,63.0,0.294,75.0,35.0,3.0,1.0,0.0,2.0,1.0,H7D9/38,
Jack Voigt,26.0,BAL,AL,0.0,1.0,0.0,0.0,0.0,0.0,0.0,0.0,0.0,0.0,0.0,0.0,0.0,0.0,,,,,,,,0.0,0.0,0.0,0.0,0.0,0.0,/H,
Jacob Brumfield,27.0,CIN,NL,-0.1,24.0,33.0,30.0,6.0,4.0,0.0,0.0,0.0,2.0,6.0,0.0,2.0,4.0,0.133,0.212,0.133,0.345,-1.0,0.268,11.0,4.0,0.0,1.0,0.0,0.0,1.0,H/879,
Jamie Quirk*,37.0,OAK,AL,0.3,78.0,202.0,177.0,13.0,39.0,7.0,1.0,2.0,11.0,0.0,0.0,16.0,28.0,0.22,0.294,0.305,0.6,73.0,0.299,81.0,54.0,4.0,3.0,5.0,1.0,3.0,2H/35D,
Jarvis Brown,25.0,MIN,AL,-0.3,35.0,18.0,15.0,8.0,1.0,0.0,0.0,0.0,0.0,2.0,2.0,2.0,4.0,0.067,0.222,0.067,0.289,-16.0,0.144,-16.0,1.0,0.0,1.0,0.0,0.0,0.0,H9/87D,
Javy López,21.0,ATL,NL,0.1,9.0,16.0,16.0,3.0,6.0,2.0,0.0,0.0,2.0,0.0,0.0,0.0,1.0,0.375,0.375,0.5,0.875,140.0,0.391,141.0,8.0,0.0,0.0,0.0,0.0,0.0,/2H,
Jay Baller,31.0,PHI,NL,0.0,8.0,0.0,0.0,0.0,0.0,0.0,0.0,0.0,0.0,0.0,0.0,0.0,0.0,,,,,,,,0.0,0.0,0.0,0.0,0.0,0.0,/1,
Jay Bell,26.0,PIT,NL,3.9,159.0,712.0,632.0,87.0,167.0,36.0,6.0,9.0,55.0,7.0,5.0,55.0,103.0,0.264,0.326,0.383,0.709,101.0,0.332,104.0,242.0,12.0,4.0,19.0,2.0,0.0,*6,
Jay Buhner,27.0,SEA,AL,0.2,152.0,629.0,543.0,69.0,132.0,16.0,3.0,25.0,79.0,0.0,6.0,71.0,146.0,0.243,0.333,0.422,0.755,111.0,0.346,112.0,229.0,12.0,6.0,1.0,8.0,2.0,*9/H8,
Jay Howell,36.0,LAD,NL,0.0,41.0,0.0,0.0,0.0,0.0,0.0,0.0,0.0,0.0,0.0,0.0,0.0,0.0,,,,,,,,0.0,0.0,0.0,0.0,0.0,0.0,1,
Jeff Bagwell,24.0,HOU,NL,4.7,162.0,697.0,586.0,87.0,160.0,34.0,6.0,18.0,96.0,10.0,6.0,84.0,97.0,0.273,0.368,0.444,0.812,135.0,0.369,138.0,260.0,17.0,12.0,2.0,13.0,13.0,*3/H,MVP-19
Jeff Blauser,26.0,ATL,NL,2.3,123.0,403.0,343.0,61.0,90.0,19.0,3.0,14.0,46.0,5.0,5.0,46.0,82.0,0.262,0.354,0.458,0.811,123.0,0.367,125.0,157.0,2.0,4.0,7.0,3.0,2.0,6H4/5,
Jeff Branson*,25.0,CIN,NL,-0.3,72.0,123.0,115.0,12.0,34.0,7.0,1.0,0.0,15.0,0.0,1.0,5.0,16.0,0.296,0.322,0.374,0.696,94.0,0.311,87.0,43.0,4.0,0.0,2.0,1.0,2.0,H4/56,
Jeff Brantley,28.0,SFG,NL,0.0,56.0,10.0,9.0,2.0,1.0,0.0,0.0,0.0,0.0,0.0,0.0,1.0,2.0,0.111,0.2,0.111,0.311,-7.0,0.161,-19.0,1.0,0.0,0.0,0.0,0.0,0.0,1,
Jeff Conine,26.0,KCR,AL,0.0,28.0,99.0,91.0,10.0,23.0,5.0,2.0,0.0,9.0,0.0,0.0,8.0,23.0,0.253,0.313,0.352,0.665,85.0,0.301,75.0,32.0,1.0,0.0,0.0,0.0,1.0,7/39DH,
Jeff Fassero*,29.0,MON,NL,0.1,70.0,8.0,7.0,0.0,1.0,1.0,0.0,0.0,0.0,0.0,0.0,0.0,3.0,0.143,0.143,0.286,0.429,19.0,0.32,94.0,2.0,0.0,0.0,1.0,0.0,0.0,1,
Jeff Frye,25.0,TEX,AL,1.6,67.0,230.0,199.0,24.0,51.0,9.0,1.0,1.0,12.0,1.0,3.0,16.0,27.0,0.256,0.32,0.327,0.646,85.0,0.33,105.0,65.0,2.0,3.0,11.0,1.0,0.0,4/H,
Jeff Gardner*,28.0,SDP,NL,-0.2,15.0,20.0,19.0,0.0,2.0,0.0,0.0,0.0,0.0,0.0,0.0,1.0,8.0,0.105,0.15,0.105,0.255,-27.0,0.172,-18.0,2.0,0.0,0.0,0.0,0.0,0.0,4/H,
Jeff Grotewold*,26.0,PHI,NL,-0.1,72.0,75.0,65.0,7.0,13.0,2.0,0.0,3.0,5.0,0.0,0.0,9.0,16.0,0.2,0.307,0.369,0.676,91.0,0.314,90.0,24.0,4.0,1.0,0.0,0.0,0.0,H/273,
Jeff Hartsock,25.0,CHC,NL,0.0,4.0,2.0,2.0,0.0,0.0,0.0,0.0,0.0,0.0,0.0,0.0,0.0,0.0,0.0,0.0,0.0,0.0,-100.0,0.0,-145.0,0.0,0.0,0.0,0.0,0.0,0.0,/1,
Jeff Huson*,27.0,TEX,AL,1.8,123.0,374.0,318.0,49.0,83.0,14.0,3.0,4.0,24.0,18.0,6.0,41.0,43.0,0.261,0.342,0.362,0.703,101.0,0.337,103.0,115.0,7.0,1.0,8.0,6.0,2.0,64H/8D,
Jeff Innis,29.0,NYM,NL,0.0,76.0,2.0,2.0,0.0,0.0,0.0,0.0,0.0,0.0,0.0,0.0,0.0,0.0,0.0,0.0,0.0,0.0,-100.0,0.0,-140.0,0.0,0.0,0.0,0.0,0.0,0.0,1,
Jeff Kent,24.0,2TM,2LG,1.7,102.0,343.0,305.0,52.0,73.0,21.0,2.0,11.0,50.0,2.0,3.0,27.0,76.0,0.239,0.312,0.43,0.741,105.0,0.34,106.0,131.0,5.0,7.0,0.0,4.0,0.0,45/H36,
Jeff Kent,24.0,TOR,AL,1.3,65.0,222.0,192.0,36.0,46.0,13.0,1.0,8.0,35.0,2.0,1.0,20.0,47.0,0.24,0.324,0.443,0.767,110.0,0.358,113.0,85.0,3.0,6.0,0.0,4.0,0.0,54/H3,
Jeff Kent,24.0,NYM,NL,0.4,37.0,121.0,113.0,16.0,27.0,8.0,1.0,3.0,15.0,0.0,2.0,7.0,29.0,0.239,0.289,0.407,0.696,97.0,0.306,91.0,46.0,2.0,1.0,0.0,0.0,0.0,4/H56,
Jeff King,27.0,PIT,NL,0.0,130.0,522.0,480.0,56.0,111.0,21.0,2.0,14.0,65.0,4.0,6.0,27.0,56.0,0.231,0.272,0.371,0.643,81.0,0.296,79.0,178.0,8.0,2.0,8.0,5.0,3.0,534/H69,
Jeff Kunkel,30.0,CHC,NL,-0.2,20.0,29.0,29.0,0.0,4.0,2.0,0.0,0.0,1.0,0.0,0.0,0.0,8.0,0.138,0.138,0.207,0.345,-4.0,0.185,-9.0,6.0,1.0,0.0,0.0,0.0,0.0,/H647,
Jeff McKnight#,29.0,NYM,NL,-0.4,31.0,87.0,85.0,10.0,23.0,3.0,1.0,2.0,13.0,0.0,1.0,2.0,8.0,0.271,0.287,0.4,0.687,94.0,0.303,87.0,34.0,2.0,0.0,0.0,0.0,0.0,H4/3569,
Jeff Nelson,25.0,SEA,AL,0.0,1.0,0.0,0.0,0.0,0.0,0.0,0.0,0.0,0.0,0.0,0.0,0.0,0.0,,,,,,,,0.0,0.0,0.0,0.0,0.0,0.0,1,
Jeff Parrett,30.0,OAK,AL,0.0,1.0,0.0,0.0,0.0,0.0,0.0,0.0,0.0,0.0,0.0,0.0,0.0,0.0,,,,,,,,0.0,0.0,0.0,0.0,0.0,0.0,1,
Jeff Reardon,36.0,ATL,NL,0.0,14.0,0.0,0.0,0.0,0.0,0.0,0.0,0.0,0.0,0.0,0.0,0.0,0.0,,,,,,,,0.0,0.0,0.0,0.0,0.0,0.0,1,
Jeff Reboulet,28.0,MIN,AL,1.1,73.0,168.0,137.0,15.0,26.0,7.0,1.0,1.0,16.0,3.0,2.0,23.0,26.0,0.19,0.311,0.277,0.588,65.0,0.295,70.0,38.0,0.0,1.0,7.0,0.0,0.0,654/H978D,
Jeff Reed*,29.0,CIN,NL,-0.3,15.0,26.0,25.0,2.0,4.0,0.0,0.0,0.0,2.0,0.0,0.0,1.0,4.0,0.16,0.192,0.16,0.352,0.0,0.183,-16.0,4.0,1.0,0.0,0.0,0.0,1.0,/H2,
Jeff Robinson,31.0,CHC,NL,-0.2,49.0,14.0,12.0,0.0,0.0,0.0,0.0,0.0,0.0,0.0,0.0,0.0,3.0,0.0,0.0,0.0,0.0,-100.0,0.0,-188.0,0.0,0.0,0.0,2.0,0.0,0.0,1,
Jeff Robinson,30.0,2TM,2LG,-0.1,9.0,13.0,11.0,0.0,1.0,0.0,0.0,0.0,1.0,0.0,0.0,0.0,8.0,0.091,0.091,0.091,0.182,-48.0,0.083,-115.0,1.0,0.0,0.0,2.0,0.0,0.0,1,
Jeff Robinson,30.0,TEX,AL,0.0,1.0,0.0,0.0,0.0,0.0,0.0,0.0,0.0,0.0,0.0,0.0,0.0,0.0,,,,,,,,0.0,0.0,0.0,0.0,0.0,0.0,1,
Jeff Robinson,30.0,PIT,NL,-0.1,8.0,13.0,11.0,0.0,1.0,0.0,0.0,0.0,1.0,0.0,0.0,0.0,8.0,0.091,0.091,0.091,0.182,-48.0,0.083,-115.0,1.0,0.0,0.0,2.0,0.0,0.0,/1,
Jeff Russell,30.0,TEX,AL,0.0,1.0,0.0,0.0,0.0,0.0,0.0,0.0,0.0,0.0,0.0,0.0,0.0,0.0,,,,,,,,0.0,0.0,0.0,0.0,0.0,0.0,1,
Jeff Schaefer,32.0,SEA,AL,-0.7,65.0,79.0,70.0,5.0,8.0,2.0,0.0,1.0,3.0,0.0,1.0,2.0,10.0,0.114,0.139,0.186,0.325,-9.0,0.155,-34.0,13.0,2.0,0.0,6.0,0.0,0.0,65H/4D,
Jeff Tackett,26.0,BAL,AL,0.8,65.0,208.0,179.0,21.0,43.0,8.0,1.0,5.0,24.0,0.0,0.0,17.0,28.0,0.24,0.307,0.38,0.687,91.0,0.315,85.0,68.0,11.0,2.0,6.0,4.0,1.0,2/5H,
Jeff Treadway*,29.0,ATL,NL,-0.7,61.0,136.0,126.0,5.0,28.0,6.0,1.0,0.0,5.0,1.0,2.0,9.0,16.0,0.222,0.274,0.286,0.56,55.0,0.247,35.0,36.0,3.0,0.0,1.0,0.0,4.0,4H/5,
Jerald Clark,28.0,SDP,NL,1.1,146.0,526.0,496.0,45.0,120.0,22.0,6.0,12.0,58.0,3.0,0.0,22.0,97.0,0.242,0.278,0.383,0.661,85.0,0.306,81.0,190.0,7.0,4.0,1.0,3.0,3.0,*793H/8,
Jeremy Hernandez,25.0,SDP,NL,0.0,26.0,2.0,2.0,0.0,0.0,0.0,0.0,0.0,0.0,0.0,0.0,0.0,0.0,0.0,0.0,0.0,0.0,-100.0,0.0,-145.0,0.0,0.0,0.0,0.0,0.0,0.0,1,
Jerome Walton,26.0,CHC,NL,-0.7,30.0,69.0,55.0,7.0,7.0,0.0,1.0,0.0,1.0,1.0,2.0,9.0,13.0,0.127,0.273,0.164,0.436,25.0,0.243,40.0,9.0,1.0,2.0,3.0,0.0,0.0,7H/89,
Jerry Browne#,26.0,OAK,AL,2.3,111.0,390.0,324.0,43.0,93.0,12.0,2.0,3.0,40.0,3.0,3.0,40.0,40.0,0.287,0.366,0.364,0.731,112.0,0.342,114.0,118.0,7.0,4.0,16.0,6.0,0.0,5847H/96D,
Jerry Don Gleaton*,34.0,PIT,NL,0.0,23.0,4.0,2.0,0.0,0.0,0.0,0.0,0.0,0.0,0.0,0.0,1.0,1.0,0.0,0.333,0.0,0.333,3.0,0.234,7.0,0.0,0.0,0.0,1.0,0.0,0.0,1,
Jerry Goff*,28.0,MON,NL,-0.1,3.0,3.0,3.0,0.0,0.0,0.0,0.0,0.0,0.0,0.0,0.0,0.0,3.0,0.0,0.0,0.0,0.0,-100.0,0.0,-143.0,0.0,0.0,0.0,0.0,0.0,0.0,/H,
Jerry Willard*,32.0,2TM,NL,-0.2,47.0,50.0,48.0,2.0,11.0,1.0,0.0,2.0,8.0,0.0,0.0,2.0,10.0,0.229,0.26,0.375,0.635,76.0,0.298,77.0,18.0,5.0,0.0,0.0,0.0,1.0,H/32,
Jerry Willard*,32.0,ATL,NL,0.2,26.0,24.0,23.0,2.0,8.0,1.0,0.0,2.0,7.0,0.0,0.0,1.0,3.0,0.348,0.375,0.652,1.027,178.0,0.446,186.0,15.0,3.0,0.0,0.0,0.0,1.0,H/2,
Jerry Willard*,32.0,MON,NL,-0.5,21.0,26.0,25.0,0.0,3.0,0.0,0.0,0.0,1.0,0.0,0.0,1.0,7.0,0.12,0.154,0.12,0.274,-21.0,0.168,-19.0,3.0,2.0,0.0,0.0,0.0,0.0,H/3,
Jesse Barfield,32.0,NYY,AL,-1.3,30.0,105.0,95.0,8.0,13.0,2.0,0.0,2.0,7.0,1.0,1.0,9.0,27.0,0.137,0.21,0.221,0.431,22.0,0.193,1.0,21.0,5.0,0.0,0.0,1.0,2.0,9/H,
Jesse Levis*,24.0,CLE,AL,0.2,28.0,43.0,43.0,2.0,12.0,4.0,0.0,1.0,3.0,0.0,0.0,0.0,5.0,0.279,0.279,0.442,0.721,101.0,0.32,92.0,19.0,1.0,0.0,0.0,0.0,0.0,2H/D,
Jessie Hollins,22.0,CHC,NL,0.0,4.0,0.0,0.0,0.0,0.0,0.0,0.0,0.0,0.0,0.0,0.0,0.0,0.0,,,,,,,,0.0,0.0,0.0,0.0,0.0,0.0,/1,
Jim Acker,33.0,SEA,AL,0.0,1.0,0.0,0.0,0.0,0.0,0.0,0.0,0.0,0.0,0.0,0.0,0.0,0.0,,,,,,,,0.0,0.0,0.0,0.0,0.0,0.0,1,
Jim Bullinger,26.0,CHC,NL,0.3,39.0,22.0,20.0,3.0,5.0,0.0,0.0,1.0,2.0,1.0,0.0,1.0,7.0,0.25,0.286,0.4,0.686,91.0,0.324,85.0,8.0,0.0,0.0,1.0,0.0,0.0,1,
Jim Corsi,30.0,OAK,AL,0.0,4.0,0.0,0.0,0.0,0.0,0.0,0.0,0.0,0.0,0.0,0.0,0.0,0.0,,,,,,,,0.0,0.0,0.0,0.0,0.0,0.0,1,
Jim Deshaies*,32.0,SDP,NL,0.1,15.0,35.0,29.0,3.0,6.0,0.0,0.0,0.0,0.0,0.0,0.0,1.0,9.0,0.207,0.233,0.207,0.44,25.0,0.205,-9.0,6.0,0.0,0.0,5.0,0.0,0.0,1,
Jim Eisenreich*,33.0,KCR,AL,0.7,113.0,380.0,353.0,31.0,95.0,13.0,3.0,2.0,28.0,11.0,6.0,24.0,36.0,0.269,0.313,0.34,0.653,82.0,0.305,78.0,120.0,6.0,0.0,0.0,3.0,4.0,9H7/D8,
Jim Gantner*,39.0,MIL,AL,0.2,101.0,273.0,256.0,22.0,63.0,12.0,1.0,1.0,18.0,6.0,2.0,12.0,17.0,0.246,0.278,0.313,0.59,67.0,0.287,66.0,80.0,9.0,0.0,3.0,2.0,2.0,45/H3D,
Jim Gott,32.0,LAD,NL,0.1,68.0,2.0,2.0,0.0,1.0,0.0,0.0,0.0,0.0,0.0,0.0,0.0,1.0,0.5,0.5,0.5,1.0,186.0,0.455,195.0,1.0,0.0,0.0,0.0,0.0,0.0,1,
Jim Leyritz,28.0,NYY,AL,0.6,63.0,167.0,144.0,17.0,37.0,6.0,0.0,7.0,26.0,0.0,1.0,14.0,22.0,0.257,0.341,0.444,0.786,120.0,0.361,123.0,64.0,2.0,6.0,0.0,3.0,1.0,D2H/3594,
Jim Lindeman,30.0,PHI,NL,0.2,29.0,42.0,39.0,6.0,10.0,1.0,0.0,1.0,6.0,0.0,0.0,3.0,11.0,0.256,0.31,0.359,0.668,89.0,0.351,118.0,14.0,1.0,0.0,0.0,0.0,0.0,H/97,
Jim McNamara*,27.0,SFG,NL,-0.1,30.0,82.0,74.0,6.0,16.0,1.0,0.0,1.0,9.0,0.0,0.0,6.0,25.0,0.216,0.275,0.27,0.545,59.0,0.256,50.0,20.0,1.0,0.0,2.0,0.0,2.0,2/H,
Jim Pena*,27.0,SFG,NL,0.0,25.0,8.0,5.0,0.0,1.0,0.0,0.0,0.0,0.0,0.0,0.0,0.0,2.0,0.2,0.2,0.2,0.4,17.0,0.182,-64.0,1.0,0.0,0.0,3.0,0.0,0.0,1,
Jim Tatum,24.0,MIL,AL,-0.1,5.0,9.0,8.0,0.0,1.0,0.0,0.0,0.0,0.0,0.0,0.0,1.0,2.0,0.125,0.222,0.125,0.347,1.0,0.182,-6.0,1.0,0.0,0.0,0.0,0.0,0.0,/5,
Jim Thome*,21.0,CLE,AL,-0.1,40.0,131.0,117.0,8.0,24.0,3.0,1.0,2.0,12.0,2.0,0.0,10.0,34.0,0.205,0.275,0.299,0.574,63.0,0.286,65.0,35.0,3.0,2.0,0.0,2.0,2.0,5/H,
Jim Vatcher,27.0,SDP,NL,0.3,13.0,20.0,16.0,1.0,4.0,1.0,0.0,0.0,2.0,0.0,0.0,3.0,6.0,0.25,0.368,0.313,0.681,94.0,0.372,133.0,5.0,0.0,0.0,1.0,0.0,0.0,9/8H,
Jimmy Jones,28.0,HOU,NL,0.4,26.0,51.0,36.0,5.0,6.0,1.0,0.0,0.0,4.0,0.0,0.0,6.0,13.0,0.167,0.286,0.194,0.48,42.0,0.262,47.0,7.0,1.0,0.0,9.0,0.0,0.0,1/H,
Jody Reed,29.0,BOS,AL,0.6,143.0,626.0,550.0,64.0,136.0,27.0,1.0,3.0,40.0,7.0,8.0,62.0,44.0,0.247,0.321,0.316,0.638,76.0,0.306,77.0,174.0,17.0,0.0,10.0,4.0,2.0,*4/HD,
Joe Boever,31.0,HOU,NL,-0.1,81.0,7.0,7.0,0.0,0.0,0.0,0.0,0.0,0.0,0.0,0.0,0.0,3.0,0.0,0.0,0.0,0.0,-100.0,0.0,-139.0,0.0,0.0,0.0,0.0,0.0,0.0,1,
Joe Carter,32.0,TOR,AL,2.5,158.0,683.0,622.0,97.0,164.0,30.0,7.0,34.0,119.0,12.0,5.0,36.0,109.0,0.264,0.309,0.498,0.808,120.0,0.36,114.0,310.0,14.0,11.0,1.0,13.0,4.0,*9D/73H,"AS,MVP-3,SS"
Joe Girardi,27.0,CHC,NL,0.2,91.0,291.0,270.0,19.0,73.0,3.0,1.0,1.0,12.0,0.0,2.0,19.0,38.0,0.27,0.32,0.3,0.62,75.0,0.293,74.0,81.0,8.0,1.0,0.0,1.0,3.0,2H,
Joe Magrane,27.0,STL,NL,0.1,5.0,11.0,10.0,1.0,2.0,0.0,0.0,1.0,2.0,0.0,0.0,0.0,2.0,0.2,0.2,0.5,0.7,95.0,0.311,90.0,5.0,0.0,0.0,1.0,0.0,0.0,/1,
Joe Millette,26.0,PHI,NL,0.0,33.0,87.0,78.0,5.0,16.0,0.0,0.0,0.0,2.0,1.0,0.0,5.0,10.0,0.205,0.271,0.205,0.476,37.0,0.233,24.0,16.0,8.0,2.0,2.0,0.0,2.0,6/5H4,
Joe Oliver,26.0,CIN,NL,1.5,143.0,534.0,485.0,42.0,131.0,25.0,1.0,10.0,57.0,2.0,3.0,35.0,75.0,0.27,0.316,0.388,0.704,96.0,0.308,82.0,188.0,12.0,1.0,6.0,7.0,19.0,*2/H3,
Joe Orsulak*,30.0,BAL,AL,0.9,117.0,428.0,391.0,45.0,113.0,18.0,3.0,4.0,39.0,5.0,4.0,28.0,34.0,0.289,0.342,0.381,0.723,102.0,0.339,104.0,149.0,3.0,4.0,4.0,1.0,5.0,*97H/D,
Joe Slusarski,25.0,OAK,AL,0.0,1.0,0.0,0.0,0.0,0.0,0.0,0.0,0.0,0.0,0.0,0.0,0.0,0.0,,,,,,,,0.0,0.0,0.0,0.0,0.0,0.0,1,
Joe Vitko,22.0,NYM,NL,0.0,3.0,0.0,0.0,0.0,0.0,0.0,0.0,0.0,0.0,0.0,0.0,0.0,0.0,,,,,,,,0.0,0.0,0.0,0.0,0.0,0.0,/1,
Joey Cora#,27.0,CHW,AL,0.5,68.0,153.0,122.0,27.0,30.0,7.0,1.0,0.0,9.0,10.0,3.0,22.0,13.0,0.246,0.371,0.32,0.691,97.0,0.347,105.0,39.0,2.0,4.0,2.0,3.0,1.0,H4D/65,
John Burkett,27.0,SFG,NL,-0.5,32.0,67.0,55.0,2.0,1.0,1.0,0.0,0.0,2.0,0.0,0.0,4.0,24.0,0.018,0.085,0.036,0.121,-64.0,0.07,-112.0,2.0,1.0,0.0,8.0,0.0,0.0,1,
John Candelaria*,38.0,LAD,NL,0.0,50.0,1.0,0.0,0.0,0.0,0.0,0.0,0.0,0.0,0.0,0.0,1.0,0.0,,1.0,,,,0.701,380.0,0.0,0.0,0.0,0.0,0.0,0.0,1,
John Cangelosi#,29.0,TEX,AL,-1.2,73.0,106.0,85.0,12.0,16.0,2.0,0.0,1.0,6.0,6.0,5.0,18.0,16.0,0.188,0.33,0.247,0.577,67.0,0.278,69.0,21.0,0.0,0.0,3.0,0.0,0.0,78H9/D,
John Flaherty,24.0,BOS,AL,-0.3,35.0,71.0,66.0,3.0,13.0,2.0,0.0,0.0,2.0,0.0,0.0,3.0,7.0,0.197,0.229,0.227,0.456,26.0,0.212,7.0,15.0,0.0,0.0,1.0,1.0,0.0,2/H,
John Franco*,31.0,NYM,NL,0.0,31.0,1.0,1.0,0.0,0.0,0.0,0.0,0.0,0.0,0.0,0.0,0.0,1.0,0.0,0.0,0.0,0.0,-100.0,0.0,-140.0,0.0,0.0,0.0,0.0,0.0,0.0,1,
John Habyan,28.0,NYY,AL,0.0,1.0,0.0,0.0,0.0,0.0,0.0,0.0,0.0,0.0,0.0,0.0,0.0,0.0,,,,,,,,0.0,0.0,0.0,0.0,0.0,0.0,1,
John Jaha,26.0,MIL,AL,0.0,47.0,152.0,133.0,17.0,30.0,3.0,1.0,2.0,10.0,10.0,0.0,12.0,30.0,0.226,0.291,0.308,0.6,70.0,0.299,64.0,41.0,1.0,2.0,1.0,4.0,1.0,3/DH7,
John Kiely,27.0,DET,AL,0.0,1.0,0.0,0.0,0.0,0.0,0.0,0.0,0.0,0.0,0.0,0.0,0.0,0.0,,,,,,,,0.0,0.0,0.0,0.0,0.0,0.0,1,
John Kruk*,31.0,PHI,NL,4.3,144.0,607.0,507.0,86.0,164.0,30.0,4.0,10.0,70.0,3.0,5.0,92.0,88.0,0.323,0.423,0.458,0.881,150.0,0.4,157.0,232.0,11.0,1.0,0.0,7.0,8.0,*39/7H,"AS,MVP-14"
John Marzano,29.0,BOS,AL,-0.6,19.0,54.0,50.0,4.0,4.0,2.0,1.0,0.0,1.0,0.0,0.0,2.0,12.0,0.08,0.132,0.16,0.292,-20.0,0.157,-34.0,8.0,0.0,1.0,1.0,0.0,0.0,2/DH,
John Morris*,31.0,CAL,AL,-0.4,43.0,63.0,57.0,4.0,11.0,1.0,0.0,1.0,3.0,1.0,0.0,4.0,11.0,0.193,0.258,0.263,0.521,47.0,0.244,31.0,15.0,0.0,1.0,1.0,0.0,1.0,H/9D7,
John Moses#,34.0,SEA,AL,-0.1,21.0,29.0,22.0,3.0,3.0,1.0,0.0,0.0,1.0,0.0,0.0,5.0,4.0,0.136,0.296,0.182,0.478,37.0,0.284,62.0,4.0,0.0,0.0,2.0,0.0,0.0,7/H89D,
John Olerud*,23.0,TOR,AL,3.4,138.0,537.0,458.0,68.0,130.0,28.0,0.0,16.0,66.0,1.0,0.0,70.0,61.0,0.284,0.375,0.45,0.825,127.0,0.38,129.0,206.0,15.0,1.0,1.0,7.0,11.0,*3H/D,
John Orton,26.0,CAL,AL,0.6,43.0,125.0,114.0,11.0,25.0,3.0,0.0,2.0,12.0,1.0,1.0,7.0,32.0,0.219,0.276,0.298,0.575,62.0,0.282,64.0,34.0,1.0,2.0,2.0,0.0,0.0,2,
John Patterson#,25.0,SFG,NL,-0.9,32.0,109.0,103.0,10.0,19.0,1.0,1.0,0.0,4.0,5.0,1.0,5.0,24.0,0.184,0.229,0.214,0.443,29.0,0.233,29.0,22.0,2.0,1.0,0.0,0.0,0.0,4/H8,
John Russell,31.0,TEX,AL,-0.2,7.0,13.0,10.0,1.0,1.0,0.0,0.0,0.0,2.0,0.0,0.0,1.0,4.0,0.1,0.231,0.1,0.331,-3.0,0.184,-3.0,1.0,0.0,1.0,0.0,1.0,0.0,/2H79D,
John Smoltz,25.0,ATL,NL,0.2,36.0,91.0,75.0,7.0,12.0,0.0,0.0,1.0,4.0,0.0,0.0,6.0,32.0,0.16,0.222,0.2,0.422,18.0,0.203,-12.0,15.0,1.0,0.0,10.0,0.0,0.0,1/H,AS
John Valentin,25.0,BOS,AL,0.9,58.0,212.0,185.0,21.0,51.0,13.0,0.0,5.0,25.0,1.0,0.0,20.0,17.0,0.276,0.351,0.427,0.778,113.0,0.37,119.0,79.0,5.0,2.0,4.0,1.0,0.0,6,
John Vander Wal*,26.0,MON,NL,0.5,105.0,237.0,213.0,21.0,51.0,8.0,2.0,4.0,20.0,3.0,0.0,24.0,36.0,0.239,0.316,0.352,0.669,90.0,0.313,86.0,75.0,2.0,0.0,0.0,0.0,2.0,7H/39,
John Wehner,25.0,PIT,NL,-0.2,55.0,137.0,123.0,11.0,22.0,6.0,0.0,0.0,4.0,3.0,0.0,12.0,22.0,0.179,0.252,0.228,0.479,37.0,0.248,35.0,28.0,4.0,0.0,2.0,0.0,2.0,53H/4,
John Wetteland,25.0,MON,NL,0.0,67.0,6.0,5.0,0.0,1.0,0.0,0.0,0.0,0.0,0.0,0.0,0.0,4.0,0.2,0.2,0.2,0.4,14.0,0.182,-30.0,1.0,0.0,0.0,1.0,0.0,0.0,1,MVP-22
Jonathan Hurst,25.0,MON,NL,-0.1,3.0,6.0,4.0,0.0,0.0,0.0,0.0,0.0,0.0,0.0,0.0,0.0,2.0,0.0,0.0,0.0,0.0,-100.0,0.0,-265.0,0.0,0.0,0.0,2.0,0.0,0.0,/1,
Jorge Pedre,25.0,CHC,NL,-0.1,4.0,4.0,4.0,0.0,0.0,0.0,0.0,0.0,0.0,0.0,0.0,0.0,1.0,0.0,0.0,0.0,0.0,-100.0,0.0,-148.0,0.0,0.0,0.0,0.0,0.0,0.0,/2H,
José Canseco,27.0,2TM,AL,2.3,119.0,512.0,439.0,74.0,107.0,15.0,0.0,26.0,87.0,6.0,7.0,63.0,128.0,0.244,0.344,0.456,0.799,128.0,0.364,130.0,200.0,16.0,6.0,0.0,4.0,2.0,9D/H,AS
José Canseco,27.0,OAK,AL,1.7,97.0,421.0,366.0,66.0,90.0,11.0,0.0,22.0,72.0,5.0,7.0,48.0,104.0,0.246,0.335,0.456,0.791,126.0,0.36,129.0,167.0,15.0,3.0,0.0,4.0,1.0,9D/H,
José Canseco,27.0,TEX,AL,0.6,22.0,91.0,73.0,8.0,17.0,4.0,0.0,4.0,15.0,1.0,0.0,15.0,24.0,0.233,0.385,0.452,0.837,138.0,0.384,137.0,33.0,1.0,3.0,0.0,0.0,1.0,9/DH,
José DeLeón,31.0,2TM,NL,0.0,32.0,33.0,26.0,4.0,3.0,0.0,0.0,0.0,1.0,0.0,0.0,2.0,9.0,0.115,0.179,0.115,0.294,-14.0,0.147,-54.0,3.0,0.0,0.0,5.0,0.0,0.0,1,
José DeLeón,31.0,STL,NL,-0.1,29.0,27.0,21.0,2.0,1.0,0.0,0.0,0.0,0.0,0.0,0.0,2.0,8.0,0.048,0.13,0.048,0.178,-47.0,0.1,-95.0,1.0,0.0,0.0,4.0,0.0,0.0,1,
José DeLeón,31.0,PHI,NL,0.1,3.0,6.0,5.0,2.0,2.0,0.0,0.0,0.0,1.0,0.0,0.0,0.0,1.0,0.4,0.4,0.4,0.8,128.0,0.364,132.0,2.0,0.0,0.0,1.0,0.0,0.0,/1,
José González,27.0,CAL,AL,-0.4,33.0,64.0,55.0,4.0,10.0,2.0,0.0,0.0,2.0,0.0,1.0,7.0,20.0,0.182,0.27,0.218,0.488,39.0,0.222,24.0,12.0,2.0,0.0,1.0,1.0,1.0,H7/98,
José Hernández,22.0,CLE,AL,-0.1,3.0,4.0,4.0,0.0,0.0,0.0,0.0,0.0,0.0,0.0,0.0,0.0,2.0,0.0,0.0,0.0,0.0,-100.0,0.0,-134.0,0.0,0.0,0.0,0.0,0.0,0.0,/6,
José Lind,28.0,PIT,NL,-1.7,135.0,507.0,468.0,38.0,110.0,14.0,1.0,0.0,39.0,3.0,1.0,26.0,29.0,0.235,0.275,0.269,0.544,55.0,0.25,40.0,126.0,14.0,1.0,7.0,4.0,12.0,*4/H,GG
José Meléndez,26.0,SDP,NL,-0.1,56.0,6.0,5.0,0.0,0.0,0.0,0.0,0.0,0.0,0.0,0.0,0.0,4.0,0.0,0.0,0.0,0.0,-100.0,0.0,-194.0,0.0,0.0,0.0,1.0,0.0,0.0,1,
José Offerman#,23.0,LAD,NL,-0.1,149.0,598.0,534.0,67.0,139.0,20.0,8.0,1.0,30.0,23.0,16.0,57.0,98.0,0.26,0.331,0.333,0.664,90.0,0.307,88.0,178.0,5.0,0.0,5.0,2.0,4.0,*6/H,
José Oquendo#,28.0,STL,NL,0.1,14.0,40.0,35.0,3.0,9.0,3.0,1.0,0.0,3.0,0.0,0.0,5.0,3.0,0.257,0.35,0.4,0.75,115.0,0.332,107.0,14.0,0.0,0.0,0.0,0.0,1.0,/46H,
José Rijo,27.0,CIN,NL,0.5,33.0,78.0,72.0,3.0,14.0,2.0,0.0,0.0,6.0,0.0,0.0,0.0,18.0,0.194,0.194,0.222,0.417,16.0,0.24,25.0,16.0,0.0,0.0,6.0,0.0,0.0,1,
José Uribe#,33.0,SFG,NL,1.1,66.0,181.0,162.0,24.0,39.0,9.0,1.0,2.0,13.0,2.0,2.0,14.0,25.0,0.241,0.299,0.346,0.645,87.0,0.291,79.0,56.0,3.0,0.0,4.0,1.0,3.0,6/H,
José Valentín#,22.0,MIL,AL,-0.1,4.0,4.0,3.0,1.0,0.0,0.0,0.0,0.0,1.0,0.0,0.0,0.0,0.0,0.0,0.0,0.0,0.0,-100.0,0.0,-134.0,0.0,0.0,0.0,0.0,1.0,0.0,/H46,
José Vizcaíno#,24.0,CHC,NL,-0.6,86.0,305.0,285.0,25.0,64.0,10.0,4.0,1.0,17.0,3.0,0.0,14.0,35.0,0.225,0.26,0.298,0.558,56.0,0.27,51.0,85.0,4.0,0.0,5.0,1.0,2.0,65/H4,
Juan Agosto*,34.0,STL,NL,0.0,22.0,4.0,4.0,0.0,0.0,0.0,0.0,0.0,0.0,0.0,0.0,0.0,2.0,0.0,0.0,0.0,0.0,-100.0,0.0,-140.0,0.0,0.0,0.0,0.0,0.0,0.0,1,
Juan Bell#,24.0,PHI,NL,0.6,46.0,168.0,147.0,12.0,30.0,3.0,1.0,1.0,8.0,5.0,0.0,18.0,29.0,0.204,0.292,0.259,0.55,58.0,0.273,52.0,38.0,1.0,1.0,0.0,2.0,5.0,6/H,
Juan Berenguer,37.0,ATL,NL,0.0,28.0,2.0,2.0,0.0,0.0,0.0,0.0,0.0,0.0,0.0,0.0,0.0,1.0,0.0,0.0,0.0,0.0,-100.0,0.0,-150.0,0.0,0.0,0.0,0.0,0.0,0.0,1,
Juan González,22.0,TEX,AL,2.9,155.0,632.0,584.0,77.0,152.0,24.0,2.0,43.0,109.0,0.0,1.0,35.0,143.0,0.26,0.304,0.529,0.833,133.0,0.372,131.0,309.0,16.0,5.0,0.0,8.0,1.0,*87/HD9,"MVP-16,SS"
Juan Guerrero,25.0,HOU,NL,-0.6,79.0,139.0,125.0,8.0,25.0,4.0,2.0,1.0,14.0,1.0,0.0,10.0,32.0,0.2,0.261,0.288,0.549,59.0,0.255,49.0,36.0,0.0,1.0,1.0,2.0,2.0,H65/74,
Juan Samuel,31.0,2TM,2LG,-0.1,76.0,246.0,224.0,22.0,61.0,8.0,4.0,0.0,23.0,8.0,3.0,14.0,49.0,0.272,0.318,0.344,0.662,87.0,0.306,80.0,77.0,2.0,2.0,4.0,2.0,4.0,49H,
Juan Samuel,31.0,LAD,NL,-0.6,47.0,136.0,122.0,7.0,32.0,3.0,1.0,0.0,15.0,2.0,2.0,7.0,22.0,0.262,0.303,0.303,0.606,74.0,0.272,60.0,37.0,0.0,1.0,4.0,2.0,3.0,4H/9,
Juan Samuel,31.0,KCR,AL,0.5,29.0,110.0,102.0,15.0,29.0,5.0,3.0,0.0,8.0,6.0,1.0,7.0,27.0,0.284,0.336,0.392,0.729,103.0,0.347,100.0,40.0,2.0,1.0,0.0,0.0,1.0,94/H,
Julio Franco,33.0,TEX,AL,-0.3,35.0,123.0,107.0,19.0,25.0,7.0,0.0,2.0,8.0,1.0,1.0,15.0,17.0,0.234,0.328,0.355,0.683,95.0,0.31,87.0,38.0,3.0,0.0,1.0,0.0,2.0,D/4H79,
Julio Peguero#,23.0,PHI,NL,0.0,14.0,13.0,9.0,3.0,2.0,0.0,0.0,0.0,0.0,0.0,0.0,3.0,3.0,0.222,0.417,0.222,0.639,87.0,0.404,162.0,2.0,0.0,0.0,1.0,0.0,0.0,/89H,
Junior Félix#,24.0,CAL,AL,1.1,139.0,559.0,509.0,63.0,125.0,22.0,5.0,9.0,72.0,8.0,8.0,33.0,128.0,0.246,0.289,0.361,0.651,82.0,0.306,83.0,184.0,9.0,2.0,5.0,9.0,5.0,*8/DH9,
Junior Noboa,27.0,NYM,NL,-0.6,46.0,52.0,47.0,7.0,7.0,0.0,0.0,0.0,3.0,0.0,0.0,3.0,8.0,0.149,0.212,0.149,0.36,5.0,0.177,-11.0,7.0,2.0,1.0,0.0,1.0,0.0,H4/56,
Junior Ortiz,32.0,CLE,AL,-0.1,86.0,262.0,244.0,20.0,61.0,7.0,0.0,0.0,24.0,1.0,3.0,12.0,23.0,0.25,0.296,0.279,0.575,64.0,0.28,67.0,68.0,7.0,4.0,2.0,0.0,0.0,2/H,
Kal Daniels*,28.0,2TM,NL,-1.1,83.0,238.0,212.0,21.0,51.0,11.0,0.0,6.0,25.0,0.0,2.0,22.0,54.0,0.241,0.315,0.377,0.692,95.0,0.321,97.0,80.0,10.0,2.0,0.0,2.0,0.0,7H/3,
Kal Daniels*,28.0,LAD,NL,-0.5,35.0,116.0,104.0,9.0,24.0,5.0,0.0,2.0,8.0,0.0,0.0,10.0,30.0,0.231,0.302,0.337,0.638,82.0,0.311,88.0,35.0,7.0,1.0,0.0,1.0,0.0,7/3H,
Kal Daniels*,28.0,CHC,NL,-0.6,48.0,122.0,108.0,12.0,27.0,6.0,0.0,4.0,17.0,0.0,2.0,12.0,24.0,0.25,0.328,0.417,0.745,108.0,0.33,105.0,45.0,3.0,1.0,0.0,1.0,0.0,7H,
Karl Rhodes*,23.0,HOU,NL,-0.1,5.0,4.0,4.0,0.0,0.0,0.0,0.0,0.0,0.0,0.0,0.0,0.0,2.0,0.0,0.0,0.0,0.0,-100.0,0.0,-138.0,0.0,0.0,0.0,0.0,0.0,0.0,/H79,
Keith Brown#,28.0,CIN,NL,0.0,2.0,3.0,2.0,0.0,0.0,0.0,0.0,0.0,0.0,0.0,0.0,0.0,1.0,0.0,0.0,0.0,0.0,-100.0,0.0,-270.0,0.0,0.0,0.0,1.0,0.0,0.0,/1,
Keith Miller,29.0,KCR,AL,2.8,106.0,464.0,416.0,57.0,118.0,24.0,4.0,4.0,38.0,16.0,6.0,31.0,46.0,0.284,0.352,0.389,0.741,107.0,0.352,109.0,162.0,1.0,14.0,1.0,2.0,0.0,47/HD,
Keith Shepherd,24.0,PHI,NL,0.0,12.0,0.0,0.0,0.0,0.0,0.0,0.0,0.0,0.0,0.0,0.0,0.0,0.0,,,,,,,,0.0,0.0,0.0,0.0,0.0,0.0,1,
Kelly Downs,31.0,SFG,NL,-0.2,19.0,16.0,14.0,0.0,0.0,0.0,0.0,0.0,0.0,0.0,0.0,0.0,5.0,0.0,0.0,0.0,0.0,-100.0,0.0,-172.0,0.0,0.0,0.0,2.0,0.0,0.0,1,
Kelly Gruber,30.0,TOR,AL,0.1,120.0,481.0,446.0,42.0,102.0,16.0,3.0,11.0,43.0,7.0,7.0,26.0,72.0,0.229,0.275,0.352,0.627,72.0,0.293,69.0,157.0,14.0,4.0,1.0,4.0,3.0,*5/H,
Ken Caminiti#,29.0,HOU,NL,3.6,135.0,557.0,506.0,68.0,149.0,31.0,2.0,13.0,62.0,10.0,4.0,44.0,68.0,0.294,0.35,0.441,0.79,128.0,0.351,123.0,223.0,14.0,1.0,2.0,4.0,13.0,*5/H,
Ken Griffey Jr.*,22.0,SEA,AL,5.8,142.0,617.0,565.0,83.0,174.0,39.0,4.0,27.0,103.0,10.0,5.0,44.0,67.0,0.308,0.361,0.535,0.896,149.0,0.401,149.0,302.0,15.0,5.0,0.0,3.0,15.0,*8/DH,"AS,MVP-17,GG"
Ken Hill,26.0,MON,NL,0.8,33.0,80.0,62.0,10.0,11.0,3.0,1.0,1.0,4.0,0.0,0.0,8.0,13.0,0.177,0.271,0.306,0.578,64.0,0.283,62.0,19.0,0.0,0.0,10.0,0.0,0.0,1,
Ken Oberkfell*,36.0,CAL,AL,-0.4,41.0,101.0,91.0,6.0,24.0,1.0,0.0,0.0,10.0,0.0,1.0,8.0,5.0,0.264,0.317,0.275,0.592,68.0,0.265,54.0,25.0,2.0,0.0,0.0,2.0,2.0,4H/D3,
Ken Patterson*,27.0,CHC,NL,0.0,32.0,2.0,1.0,0.0,0.0,0.0,0.0,0.0,0.0,0.0,0.0,0.0,1.0,0.0,0.0,0.0,0.0,-100.0,0.0,-390.0,0.0,0.0,0.0,1.0,0.0,0.0,1,
Kenny Lofton*,25.0,CLE,AL,6.6,148.0,651.0,576.0,96.0,164.0,15.0,8.0,5.0,42.0,66.0,12.0,68.0,54.0,0.285,0.362,0.365,0.726,107.0,0.361,109.0,210.0,7.0,2.0,4.0,1.0,3.0,*8/H,ROY-2
Kent Bottenfield,23.0,MON,NL,0.2,10.0,9.0,8.0,1.0,3.0,0.0,0.0,0.0,0.0,0.0,0.0,0.0,3.0,0.375,0.375,0.375,0.75,114.0,0.341,111.0,3.0,0.0,0.0,1.0,0.0,0.0,1,
Kent Hrbek*,32.0,MIN,AL,1.7,112.0,470.0,394.0,52.0,96.0,20.0,0.0,15.0,58.0,5.0,2.0,71.0,56.0,0.244,0.357,0.409,0.765,113.0,0.348,108.0,161.0,12.0,0.0,2.0,3.0,9.0,3/DH,
Kent Mercker*,24.0,ATL,NL,-0.1,53.0,5.0,5.0,0.0,0.0,0.0,0.0,0.0,0.0,0.0,0.0,0.0,5.0,0.0,0.0,0.0,0.0,-100.0,0.0,-150.0,0.0,0.0,0.0,0.0,0.0,0.0,1,
Kevin Baez,25.0,NYM,NL,-0.4,6.0,13.0,13.0,0.0,2.0,0.0,0.0,0.0,0.0,0.0,0.0,0.0,0.0,0.154,0.154,0.154,0.308,-12.0,0.14,-38.0,2.0,1.0,0.0,0.0,0.0,0.0,/6H,
Kevin Bass#,33.0,2TM,NL,0.3,135.0,430.0,402.0,40.0,108.0,23.0,5.0,9.0,39.0,14.0,9.0,23.0,70.0,0.269,0.308,0.418,0.726,108.0,0.331,107.0,168.0,8.0,1.0,1.0,3.0,3.0,*79H,
Kevin Bass#,33.0,SFG,NL,0.2,89.0,285.0,265.0,25.0,71.0,11.0,3.0,7.0,30.0,7.0,7.0,16.0,53.0,0.268,0.31,0.411,0.721,108.0,0.325,108.0,109.0,6.0,1.0,1.0,2.0,1.0,7H9,
Kevin Bass#,33.0,NYM,NL,0.1,46.0,145.0,137.0,15.0,37.0,12.0,2.0,2.0,9.0,7.0,2.0,7.0,17.0,0.27,0.303,0.431,0.734,107.0,0.342,107.0,59.0,2.0,0.0,0.0,1.0,2.0,79H,
Kevin Elster,27.0,NYM,NL,-0.1,6.0,18.0,18.0,0.0,4.0,0.0,0.0,0.0,0.0,0.0,0.0,0.0,2.0,0.222,0.222,0.222,0.444,27.0,0.202,7.0,4.0,1.0,0.0,0.0,0.0,0.0,/6H,
Kevin Gross,31.0,LAD,NL,-0.1,34.0,70.0,63.0,3.0,6.0,1.0,0.0,0.0,0.0,0.0,0.0,4.0,26.0,0.095,0.149,0.111,0.26,-25.0,0.157,-32.0,7.0,0.0,0.0,3.0,0.0,0.0,1,
Kevin Koslofski*,25.0,KCR,AL,0.1,55.0,150.0,133.0,20.0,33.0,0.0,2.0,3.0,13.0,2.0,1.0,12.0,23.0,0.248,0.313,0.346,0.659,84.0,0.311,81.0,46.0,2.0,1.0,3.0,1.0,0.0,987/HD,
Kevin Maas*,27.0,NYY,AL,0.2,98.0,315.0,286.0,35.0,71.0,12.0,0.0,11.0,35.0,3.0,1.0,25.0,63.0,0.248,0.305,0.406,0.71,99.0,0.323,92.0,116.0,1.0,0.0,0.0,4.0,4.0,DH3,
Kevin McReynolds,32.0,KCR,AL,1.0,109.0,445.0,373.0,45.0,92.0,25.0,0.0,13.0,49.0,7.0,1.0,67.0,48.0,0.247,0.357,0.418,0.776,116.0,0.373,124.0,156.0,6.0,0.0,0.0,5.0,3.0,79/HD,
Kevin Mitchell,30.0,SEA,AL,0.3,99.0,402.0,360.0,48.0,103.0,24.0,0.0,9.0,67.0,0.0,2.0,35.0,46.0,0.286,0.351,0.428,0.779,118.0,0.357,118.0,154.0,4.0,3.0,0.0,4.0,4.0,7D/H,
Kevin Reimer*,28.0,TEX,AL,-0.5,148.0,547.0,494.0,56.0,132.0,32.0,2.0,16.0,58.0,2.0,4.0,42.0,103.0,0.267,0.336,0.437,0.774,119.0,0.347,114.0,216.0,10.0,10.0,0.0,1.0,5.0,*7DH,
Kevin Rogers*,23.0,SFG,NL,0.0,6.0,12.0,9.0,0.0,2.0,0.0,0.0,0.0,0.0,0.0,0.0,0.0,6.0,0.222,0.222,0.222,0.444,30.0,0.202,-18.0,2.0,1.0,0.0,3.0,0.0,0.0,/1,
Kevin Seitzer,30.0,MIL,AL,3.3,148.0,615.0,540.0,74.0,146.0,35.0,1.0,5.0,71.0,13.0,11.0,57.0,44.0,0.27,0.337,0.367,0.704,100.0,0.327,100.0,198.0,16.0,2.0,7.0,9.0,4.0,*5/43H,
Kevin Ward,30.0,SDP,NL,-0.4,81.0,165.0,147.0,12.0,29.0,5.0,0.0,3.0,12.0,2.0,3.0,14.0,38.0,0.197,0.274,0.293,0.567,60.0,0.265,56.0,43.0,8.0,2.0,1.0,1.0,0.0,H7/89,
Kevin Young,23.0,PIT,NL,0.1,10.0,9.0,7.0,2.0,4.0,0.0,0.0,0.0,4.0,1.0,0.0,2.0,0.0,0.571,0.667,0.571,1.238,255.0,0.59,273.0,4.0,0.0,0.0,0.0,0.0,0.0,/5H3,
Kim Batiste,24.0,PHI,NL,-0.9,44.0,145.0,136.0,9.0,28.0,4.0,0.0,1.0,10.0,0.0,0.0,4.0,18.0,0.206,0.224,0.257,0.481,36.0,0.247,39.0,35.0,7.0,0.0,2.0,3.0,1.0,6/H,
Kip Gross,27.0,LAD,NL,0.2,16.0,3.0,2.0,1.0,2.0,0.0,0.0,0.0,1.0,0.0,0.0,0.0,0.0,1.0,1.0,1.0,2.0,473.0,0.909,750.0,2.0,0.0,0.0,1.0,0.0,0.0,1,
Kirby Puckett,32.0,MIN,AL,7.1,160.0,696.0,639.0,104.0,210.0,38.0,4.0,19.0,110.0,17.0,7.0,44.0,97.0,0.329,0.374,0.49,0.864,139.0,0.399,145.0,313.0,17.0,6.0,1.0,6.0,13.0,*8/DH45,"AS,MVP-2,GG,SS"
Kirk Gibson*,35.0,PIT,NL,0.2,16.0,60.0,56.0,6.0,11.0,0.0,0.0,2.0,5.0,3.0,1.0,3.0,12.0,0.196,0.237,0.304,0.541,53.0,0.286,65.0,17.0,1.0,0.0,1.0,0.0,0.0,9/H,
Kirt Manwaring,26.0,SFG,NL,3.1,109.0,389.0,349.0,24.0,85.0,10.0,5.0,4.0,26.0,2.0,1.0,29.0,42.0,0.244,0.311,0.335,0.646,88.0,0.311,93.0,117.0,12.0,5.0,6.0,0.0,0.0,2/H,
Kurt Stillwell#,27.0,SDP,NL,-2.1,114.0,416.0,379.0,35.0,86.0,15.0,3.0,2.0,24.0,4.0,1.0,26.0,58.0,0.227,0.274,0.298,0.572,61.0,0.263,47.0,113.0,6.0,1.0,4.0,6.0,9.0,*4/H,
Kyle Abbott*,24.0,PHI,NL,-0.1,31.0,36.0,29.0,1.0,2.0,1.0,0.0,0.0,2.0,0.0,0.0,1.0,18.0,0.069,0.1,0.103,0.203,-42.0,0.128,-78.0,3.0,0.0,0.0,6.0,0.0,0.0,1,
Lance Blankenship,28.0,OAK,AL,3.6,123.0,446.0,349.0,59.0,84.0,24.0,1.0,3.0,34.0,21.0,7.0,82.0,57.0,0.241,0.393,0.341,0.734,114.0,0.363,125.0,119.0,10.0,6.0,8.0,1.0,2.0,4798H/3D,
Lance Johnson*,28.0,CHW,AL,3.8,157.0,611.0,567.0,67.0,158.0,15.0,12.0,3.0,47.0,41.0,14.0,34.0,33.0,0.279,0.318,0.363,0.681,92.0,0.324,90.0,206.0,20.0,1.0,4.0,5.0,4.0,*8/H,
Lance Parrish,36.0,2TM,AL,0.3,93.0,304.0,275.0,26.0,64.0,13.0,1.0,12.0,32.0,1.0,1.0,24.0,70.0,0.233,0.294,0.418,0.712,98.0,0.322,92.0,115.0,7.0,1.0,1.0,3.0,3.0,23DH,
Lance Parrish,36.0,CAL,AL,0.2,24.0,90.0,83.0,7.0,19.0,2.0,0.0,4.0,11.0,0.0,0.0,5.0,22.0,0.229,0.27,0.398,0.667,85.0,0.305,79.0,33.0,1.0,0.0,1.0,1.0,1.0,2/D,
Lance Parrish,36.0,SEA,AL,0.1,69.0,214.0,192.0,19.0,45.0,11.0,1.0,8.0,21.0,1.0,1.0,19.0,48.0,0.234,0.304,0.427,0.731,103.0,0.329,97.0,82.0,6.0,1.0,0.0,2.0,2.0,23DH,
Larry Andersen,39.0,SDP,NL,0.0,34.0,2.0,1.0,1.0,0.0,0.0,0.0,0.0,0.0,0.0,0.0,1.0,1.0,0.0,0.5,0.0,0.5,53.0,0.35,115.0,0.0,0.0,0.0,0.0,0.0,0.0,1,
Larry Carter,27.0,SFG,NL,0.2,6.0,12.0,10.0,1.0,2.0,0.0,0.0,0.0,0.0,0.0,0.0,0.0,5.0,0.2,0.273,0.2,0.473,39.0,0.317,97.0,2.0,0.0,1.0,1.0,0.0,0.0,/1,
Larry Walker*,25.0,MON,NL,5.4,143.0,583.0,528.0,85.0,159.0,31.0,4.0,23.0,93.0,18.0,6.0,41.0,97.0,0.301,0.353,0.506,0.859,141.0,0.385,141.0,267.0,9.0,6.0,0.0,8.0,10.0,*9/H,"AS,MVP-5,GG,SS"
Lee Guetterman*,33.0,NYM,NL,0.0,43.0,2.0,2.0,0.0,0.0,0.0,0.0,0.0,0.0,0.0,0.0,0.0,2.0,0.0,0.0,0.0,0.0,-100.0,0.0,-140.0,0.0,0.0,0.0,0.0,0.0,0.0,1,
Lee Smith,34.0,STL,NL,0.0,70.0,0.0,0.0,0.0,0.0,0.0,0.0,0.0,0.0,0.0,0.0,0.0,0.0,,,,,,,,0.0,0.0,0.0,0.0,0.0,0.0,1,"AS,CYA-4"
Lee Stevens*,24.0,CAL,AL,-0.5,106.0,345.0,312.0,25.0,69.0,19.0,0.0,7.0,37.0,1.0,4.0,29.0,64.0,0.221,0.288,0.349,0.637,78.0,0.294,75.0,109.0,4.0,1.0,1.0,2.0,6.0,3H/D,
Lenny Dykstra*,29.0,PHI,NL,2.4,85.0,392.0,345.0,53.0,104.0,18.0,0.0,6.0,39.0,30.0,5.0,40.0,32.0,0.301,0.375,0.406,0.781,122.0,0.377,127.0,140.0,1.0,3.0,0.0,4.0,4.0,8,
Lenny Harris*,27.0,LAD,NL,-0.9,135.0,380.0,347.0,28.0,94.0,11.0,0.0,0.0,30.0,19.0,7.0,24.0,24.0,0.271,0.318,0.303,0.621,78.0,0.301,78.0,105.0,10.0,1.0,6.0,2.0,3.0,4H56/97,
Lenny Webster,27.0,MIN,AL,0.6,53.0,129.0,118.0,10.0,33.0,10.0,1.0,1.0,13.0,0.0,2.0,9.0,11.0,0.28,0.331,0.407,0.737,105.0,0.342,110.0,48.0,3.0,0.0,2.0,0.0,0.0,2/HD,
Leo Gómez,26.0,BAL,AL,2.7,137.0,552.0,468.0,62.0,124.0,24.0,0.0,17.0,64.0,2.0,3.0,63.0,78.0,0.265,0.356,0.425,0.782,118.0,0.357,117.0,199.0,14.0,8.0,5.0,8.0,4.0,*5,
Lloyd McClendon,33.0,PIT,NL,0.4,84.0,224.0,190.0,26.0,48.0,8.0,1.0,3.0,20.0,1.0,3.0,28.0,24.0,0.253,0.35,0.353,0.702,100.0,0.324,102.0,67.0,5.0,2.0,1.0,3.0,0.0,9H37,
Lonnie Smith,36.0,ATL,NL,1.5,84.0,182.0,158.0,23.0,39.0,8.0,2.0,6.0,33.0,4.0,0.0,17.0,37.0,0.247,0.324,0.437,0.761,108.0,0.35,106.0,69.0,1.0,3.0,0.0,4.0,1.0,H7,
Lou Whitaker*,35.0,DET,AL,4.7,130.0,544.0,453.0,77.0,126.0,26.0,0.0,19.0,71.0,6.0,4.0,81.0,46.0,0.278,0.386,0.461,0.847,137.0,0.385,138.0,209.0,9.0,1.0,5.0,4.0,5.0,*4HD,
Luis Alicea#,26.0,STL,NL,1.5,85.0,302.0,265.0,26.0,65.0,9.0,11.0,2.0,32.0,2.0,5.0,27.0,40.0,0.245,0.32,0.385,0.705,102.0,0.317,100.0,102.0,5.0,4.0,2.0,4.0,1.0,4/H6,
Luis Gonzalez*,24.0,HOU,NL,2.6,122.0,416.0,387.0,40.0,94.0,19.0,3.0,10.0,55.0,7.0,7.0,24.0,52.0,0.243,0.289,0.385,0.674,94.0,0.312,97.0,149.0,6.0,2.0,1.0,2.0,3.0,*7H,
Luis Mercedes,24.0,BAL,AL,-0.4,23.0,62.0,50.0,7.0,7.0,2.0,0.0,0.0,4.0,0.0,1.0,8.0,9.0,0.14,0.267,0.18,0.447,27.0,0.22,22.0,9.0,2.0,1.0,2.0,1.0,0.0,9/HD87,
Luis Polonia*,28.0,CAL,AL,0.8,149.0,635.0,577.0,83.0,165.0,17.0,4.0,0.0,35.0,51.0,21.0,45.0,64.0,0.286,0.337,0.329,0.666,88.0,0.322,88.0,190.0,18.0,1.0,8.0,4.0,6.0,7D/H,
Luis Quiñones#,30.0,MIN,AL,-0.2,3.0,6.0,5.0,0.0,1.0,0.0,0.0,0.0,1.0,0.0,0.0,0.0,0.0,0.2,0.167,0.2,0.367,2.0,0.153,-30.0,1.0,0.0,0.0,0.0,1.0,0.0,/H56D,
Luis Rivera,28.0,BOS,AL,-0.4,102.0,322.0,288.0,17.0,62.0,11.0,1.0,0.0,29.0,4.0,3.0,26.0,56.0,0.215,0.287,0.26,0.547,51.0,0.263,44.0,75.0,5.0,3.0,5.0,0.0,0.0,6H/D457,
Luis Salazar,36.0,CHC,NL,-0.5,98.0,273.0,255.0,20.0,53.0,7.0,2.0,5.0,25.0,1.0,1.0,11.0,34.0,0.208,0.237,0.31,0.547,52.0,0.264,49.0,79.0,10.0,0.0,3.0,4.0,2.0,57H6/39,
Luis Sojo,27.0,CAL,AL,1.8,106.0,391.0,368.0,37.0,100.0,12.0,3.0,7.0,43.0,7.0,11.0,14.0,24.0,0.272,0.299,0.378,0.677,89.0,0.317,95.0,139.0,14.0,1.0,7.0,1.0,0.0,4/56H,
Mackey Sasser*,29.0,NYM,NL,-0.9,92.0,149.0,141.0,7.0,34.0,6.0,0.0,2.0,18.0,0.0,0.0,3.0,10.0,0.241,0.248,0.326,0.575,63.0,0.261,52.0,46.0,4.0,0.0,0.0,5.0,0.0,H23/79,
Manny Alexander,21.0,BAL,AL,0.0,4.0,5.0,5.0,1.0,1.0,0.0,0.0,0.0,0.0,0.0,0.0,0.0,3.0,0.2,0.2,0.2,0.4,12.0,0.184,-7.0,1.0,0.0,0.0,0.0,0.0,0.0,/6H,
Manuel Lee#,27.0,TOR,AL,3.2,128.0,457.0,396.0,49.0,104.0,10.0,1.0,3.0,39.0,6.0,2.0,50.0,73.0,0.263,0.343,0.316,0.659,83.0,0.321,86.0,125.0,8.0,0.0,8.0,3.0,0.0,*6,
Mariano Duncan,29.0,PHI,NL,1.1,142.0,605.0,574.0,71.0,153.0,40.0,3.0,8.0,50.0,23.0,3.0,17.0,108.0,0.267,0.292,0.389,0.68,92.0,0.322,90.0,223.0,15.0,5.0,5.0,4.0,0.0,746/5H,
Mario Díaz,30.0,TEX,AL,-0.3,19.0,33.0,31.0,2.0,7.0,1.0,0.0,0.0,1.0,0.0,1.0,1.0,2.0,0.226,0.25,0.258,0.508,45.0,0.203,17.0,8.0,2.0,0.0,1.0,0.0,1.0,6/45H,
Mark Bailey#,30.0,SFG,NL,0.0,13.0,29.0,26.0,0.0,4.0,1.0,0.0,0.0,1.0,0.0,0.0,3.0,7.0,0.154,0.241,0.192,0.434,28.0,0.212,19.0,5.0,0.0,0.0,0.0,0.0,0.0,/2H,
Mark Carreon,28.0,DET,AL,-1.2,101.0,364.0,336.0,34.0,78.0,11.0,1.0,10.0,41.0,3.0,1.0,22.0,57.0,0.232,0.278,0.36,0.638,78.0,0.301,76.0,121.0,12.0,1.0,1.0,4.0,2.0,79D/H8,
Mark Clark,24.0,STL,NL,-0.1,20.0,40.0,36.0,0.0,5.0,0.0,0.0,0.0,1.0,0.0,0.0,0.0,18.0,0.139,0.139,0.139,0.278,-20.0,0.126,-63.0,5.0,0.0,0.0,4.0,0.0,0.0,1,
Mark Davis*,31.0,ATL,NL,0.0,14.0,1.0,1.0,0.0,0.0,0.0,0.0,0.0,0.0,0.0,0.0,0.0,1.0,0.0,0.0,0.0,0.0,-100.0,0.0,-150.0,0.0,0.0,0.0,0.0,0.0,0.0,1,
Mark Dewey,27.0,NYM,NL,0.0,20.0,1.0,1.0,0.0,0.0,0.0,0.0,0.0,0.0,0.0,0.0,0.0,1.0,0.0,0.0,0.0,0.0,-100.0,0.0,-140.0,0.0,0.0,0.0,0.0,0.0,0.0,1,
Mark Gardner,30.0,MON,NL,0.1,33.0,63.0,50.0,4.0,7.0,0.0,1.0,0.0,2.0,0.0,0.0,3.0,18.0,0.14,0.182,0.18,0.362,3.0,0.185,-22.0,9.0,0.0,0.0,8.0,2.0,0.0,1,
Mark Grace*,28.0,CHC,NL,4.2,158.0,689.0,603.0,72.0,185.0,37.0,5.0,9.0,79.0,6.0,1.0,72.0,36.0,0.307,0.38,0.43,0.809,127.0,0.369,127.0,259.0,14.0,4.0,2.0,8.0,8.0,*3/H,"MVP-16,GG"
Mark Guthrie,26.0,MIN,AL,0.0,1.0,0.0,0.0,0.0,0.0,0.0,0.0,0.0,0.0,0.0,0.0,0.0,0.0,,,,,,,,0.0,0.0,0.0,0.0,0.0,0.0,1,
Mark Langston,31.0,CAL,AL,0.0,2.0,2.0,2.0,1.0,0.0,0.0,0.0,0.0,0.0,0.0,0.0,0.0,2.0,0.0,0.0,0.0,0.0,-100.0,0.0,-136.0,0.0,0.0,0.0,0.0,0.0,0.0,1/DH,"AS,GG"
Mark Leiter,29.0,DET,AL,0.0,1.0,0.0,0.0,0.0,0.0,0.0,0.0,0.0,0.0,0.0,0.0,0.0,0.0,,,,,,,,0.0,0.0,0.0,0.0,0.0,0.0,1,
Mark Lemke#,26.0,ATL,NL,-0.1,155.0,491.0,427.0,38.0,97.0,7.0,4.0,6.0,26.0,0.0,3.0,50.0,39.0,0.227,0.307,0.304,0.611,70.0,0.299,73.0,130.0,9.0,0.0,12.0,2.0,11.0,*4H5,
Mark Leonard*,27.0,SFG,NL,0.3,55.0,148.0,128.0,13.0,30.0,7.0,0.0,4.0,16.0,0.0,1.0,16.0,31.0,0.234,0.331,0.383,0.714,107.0,0.326,106.0,49.0,3.0,3.0,0.0,1.0,0.0,7H/9,
Mark Lewis,22.0,CLE,AL,1.0,122.0,446.0,413.0,44.0,109.0,21.0,0.0,5.0,30.0,4.0,5.0,25.0,69.0,0.264,0.308,0.351,0.659,87.0,0.304,83.0,145.0,12.0,3.0,1.0,4.0,1.0,*6/5,
Mark McGwire,28.0,OAK,AL,6.5,139.0,571.0,467.0,87.0,125.0,22.0,0.0,42.0,104.0,0.0,1.0,90.0,105.0,0.268,0.385,0.585,0.97,176.0,0.426,174.0,273.0,10.0,5.0,0.0,9.0,12.0,*3/H,"AS,MVP-4,SS"
Mark McLemore#,27.0,BAL,AL,0.1,101.0,256.0,228.0,40.0,56.0,7.0,2.0,0.0,27.0,11.0,5.0,21.0,26.0,0.246,0.308,0.294,0.602,69.0,0.282,60.0,67.0,6.0,0.0,6.0,1.0,1.0,4HD,
Mark Parent,30.0,BAL,AL,0.3,17.0,40.0,34.0,4.0,8.0,1.0,0.0,2.0,4.0,0.0,0.0,3.0,7.0,0.235,0.316,0.441,0.757,110.0,0.344,106.0,15.0,0.0,1.0,2.0,0.0,0.0,2/H,
Mark Portugal,29.0,HOU,NL,-0.1,18.0,34.0,28.0,1.0,3.0,0.0,0.0,0.0,0.0,0.0,0.0,0.0,12.0,0.107,0.107,0.107,0.214,-38.0,0.097,-102.0,3.0,0.0,0.0,6.0,0.0,0.0,1,
Mark Whiten#,25.0,CLE,AL,1.9,148.0,589.0,508.0,73.0,129.0,19.0,4.0,9.0,43.0,16.0,12.0,72.0,102.0,0.254,0.347,0.36,0.707,101.0,0.329,101.0,183.0,12.0,2.0,3.0,3.0,10.0,*9/DH,
Mark Wohlers,22.0,ATL,NL,0.0,32.0,2.0,2.0,0.0,0.0,0.0,0.0,0.0,0.0,0.0,0.0,0.0,2.0,0.0,0.0,0.0,0.0,-100.0,0.0,-150.0,0.0,0.0,0.0,0.0,0.0,0.0,1,ROY-7
Marquis Grissom,25.0,MON,NL,5.5,159.0,707.0,653.0,99.0,180.0,39.0,6.0,14.0,66.0,78.0,13.0,42.0,81.0,0.276,0.322,0.418,0.741,109.0,0.366,113.0,273.0,12.0,5.0,3.0,4.0,6.0,*8/H,MVP-9
Marvin Freeman,29.0,ATL,NL,0.1,58.0,4.0,4.0,0.0,2.0,0.0,0.0,0.0,0.0,0.0,0.0,0.0,2.0,0.5,0.5,0.5,1.0,177.0,0.455,188.0,2.0,0.0,0.0,0.0,0.0,0.0,1,
Matt Maysey,25.0,MON,NL,0.0,2.0,0.0,0.0,0.0,0.0,0.0,0.0,0.0,0.0,0.0,0.0,0.0,0.0,,,,,,,,0.0,0.0,0.0,0.0,0.0,0.0,/1,
Matt Merullo*,26.0,CHW,AL,-0.5,24.0,53.0,50.0,3.0,9.0,1.0,1.0,0.0,3.0,0.0,0.0,1.0,8.0,0.18,0.208,0.24,0.448,26.0,0.222,22.0,12.0,0.0,1.0,0.0,1.0,0.0,2/HD,
Matt Nokes*,28.0,NYY,AL,0.3,121.0,430.0,384.0,42.0,86.0,9.0,1.0,22.0,59.0,0.0,1.0,37.0,62.0,0.224,0.293,0.424,0.718,100.0,0.313,87.0,163.0,13.0,3.0,0.0,6.0,11.0,*2H,
Matt Sinatro,32.0,SEA,AL,-0.2,18.0,28.0,28.0,0.0,3.0,0.0,0.0,0.0,0.0,0.0,0.0,0.0,5.0,0.107,0.107,0.107,0.214,-40.0,0.132,-44.0,3.0,1.0,0.0,0.0,0.0,0.0,2,
Matt Stairs*,24.0,MON,NL,-0.3,13.0,38.0,30.0,2.0,5.0,2.0,0.0,0.0,5.0,0.0,0.0,7.0,7.0,0.167,0.316,0.233,0.549,58.0,0.27,57.0,7.0,0.0,0.0,0.0,1.0,0.0,7/H,
Matt Williams,26.0,SFG,NL,1.8,146.0,576.0,529.0,58.0,120.0,13.0,5.0,20.0,66.0,7.0,7.0,39.0,109.0,0.227,0.286,0.384,0.67,93.0,0.305,90.0,203.0,15.0,6.0,0.0,2.0,11.0,*5/H,
Mel Hall*,31.0,NYY,AL,2.3,152.0,622.0,583.0,67.0,163.0,36.0,3.0,15.0,81.0,4.0,2.0,29.0,53.0,0.28,0.31,0.429,0.739,107.0,0.336,102.0,250.0,13.0,1.0,0.0,9.0,4.0,*79HD,
Mel Rojas,25.0,MON,NL,-0.1,68.0,15.0,15.0,0.0,1.0,0.0,0.0,0.0,0.0,0.0,0.0,0.0,10.0,0.067,0.067,0.067,0.133,-62.0,0.061,-99.0,1.0,0.0,0.0,0.0,0.0,0.0,1,
Melvin Nieves#,20.0,ATL,NL,0.0,12.0,21.0,19.0,0.0,4.0,1.0,0.0,0.0,1.0,0.0,0.0,2.0,7.0,0.211,0.286,0.263,0.549,53.0,0.259,43.0,5.0,0.0,0.0,0.0,0.0,0.0,/H79,
Mickey Morandini*,26.0,PHI,NL,1.3,127.0,455.0,422.0,47.0,112.0,8.0,8.0,3.0,30.0,8.0,3.0,25.0,64.0,0.265,0.305,0.344,0.649,84.0,0.31,85.0,145.0,4.0,0.0,6.0,2.0,2.0,*4H/6,
Mickey Tettleton#,31.0,DET,AL,5.0,157.0,654.0,525.0,82.0,125.0,25.0,0.0,32.0,83.0,0.0,6.0,122.0,137.0,0.238,0.379,0.469,0.848,137.0,0.373,132.0,246.0,5.0,1.0,0.0,6.0,18.0,*2D/H379,SS
Mickey Weston,31.0,PHI,NL,0.0,1.0,2.0,2.0,0.0,0.0,0.0,0.0,0.0,0.0,0.0,0.0,0.0,2.0,0.0,0.0,0.0,0.0,-100.0,0.0,-145.0,0.0,0.0,0.0,0.0,0.0,0.0,/1,
Miguel Batista,21.0,PIT,NL,0.0,1.0,0.0,0.0,0.0,0.0,0.0,0.0,0.0,0.0,0.0,0.0,0.0,0.0,,,,,,,,0.0,0.0,0.0,0.0,0.0,0.0,/1,
Mike Benjamin,26.0,SFG,NL,0.2,40.0,82.0,75.0,4.0,13.0,2.0,1.0,1.0,3.0,1.0,0.0,4.0,15.0,0.173,0.215,0.267,0.482,39.0,0.219,18.0,20.0,1.0,0.0,3.0,0.0,1.0,6/H5,
Mike Bielecki,32.0,ATL,NL,-0.2,19.0,28.0,24.0,1.0,3.0,0.0,0.0,0.0,0.0,0.0,0.0,0.0,13.0,0.125,0.125,0.125,0.25,-31.0,0.114,-94.0,3.0,1.0,0.0,4.0,0.0,0.0,1,
Mike Birkbeck,31.0,NYM,NL,0.0,1.0,2.0,2.0,0.0,0.0,0.0,0.0,0.0,0.0,0.0,0.0,0.0,0.0,0.0,0.0,0.0,0.0,-100.0,0.0,-140.0,0.0,0.0,0.0,0.0,0.0,0.0,/1,
Mike Blowers,27.0,SEA,AL,-0.1,31.0,80.0,73.0,7.0,14.0,3.0,0.0,1.0,2.0,0.0,0.0,6.0,20.0,0.192,0.253,0.274,0.527,48.0,0.247,38.0,20.0,3.0,0.0,1.0,0.0,0.0,5/3H,
Mike Bordick,26.0,OAK,AL,4.3,154.0,572.0,504.0,62.0,151.0,19.0,4.0,3.0,48.0,12.0,6.0,40.0,59.0,0.3,0.358,0.371,0.729,111.0,0.344,114.0,187.0,10.0,9.0,14.0,5.0,2.0,46/H,MVP-21
Mike Brumley#,30.0,BOS,AL,0.0,2.0,1.0,1.0,0.0,0.0,0.0,0.0,0.0,0.0,0.0,0.0,0.0,0.0,0.0,0.0,0.0,0.0,-100.0,0.0,-145.0,0.0,0.0,0.0,0.0,0.0,0.0,/H,
Mike Devereaux,29.0,BAL,AL,4.5,156.0,710.0,653.0,76.0,180.0,29.0,11.0,24.0,107.0,10.0,8.0,44.0,94.0,0.276,0.321,0.464,0.785,117.0,0.354,115.0,303.0,14.0,4.0,0.0,9.0,1.0,*8/H,MVP-7
Mike Felder#,30.0,SFG,NL,1.1,145.0,351.0,322.0,44.0,92.0,13.0,3.0,4.0,23.0,14.0,4.0,21.0,29.0,0.286,0.33,0.382,0.712,106.0,0.333,106.0,123.0,3.0,2.0,3.0,3.0,1.0,H879/4,
Mike Fitzgerald,31.0,CAL,AL,0.1,95.0,214.0,189.0,19.0,40.0,2.0,0.0,6.0,17.0,2.0,2.0,22.0,34.0,0.212,0.294,0.317,0.611,72.0,0.289,70.0,60.0,4.0,0.0,3.0,0.0,0.0,2H/97534D,
Mike Gallego,31.0,NYY,AL,1.4,53.0,201.0,173.0,24.0,44.0,7.0,1.0,3.0,14.0,0.0,1.0,20.0,22.0,0.254,0.343,0.358,0.702,99.0,0.334,103.0,62.0,5.0,4.0,3.0,1.0,0.0,46/H,
Mike Greenwell*,28.0,BOS,AL,-0.9,49.0,202.0,180.0,16.0,42.0,2.0,0.0,2.0,18.0,2.0,3.0,18.0,19.0,0.233,0.307,0.278,0.585,62.0,0.276,56.0,50.0,8.0,2.0,0.0,2.0,1.0,7/DH,
Mike Harkey,25.0,CHC,NL,0.1,8.0,15.0,15.0,4.0,4.0,0.0,0.0,0.0,0.0,0.0,0.0,0.0,3.0,0.267,0.267,0.267,0.533,50.0,0.242,34.0,4.0,0.0,0.0,0.0,0.0,0.0,/1,
Mike Hartley,30.0,PHI,NL,-0.1,47.0,4.0,4.0,0.0,0.0,0.0,0.0,0.0,0.0,0.0,0.0,0.0,1.0,0.0,0.0,0.0,0.0,-100.0,0.0,-143.0,0.0,0.0,0.0,0.0,0.0,0.0,1,
Mike Henneman,30.0,DET,AL,0.0,2.0,0.0,0.0,0.0,0.0,0.0,0.0,0.0,0.0,0.0,0.0,0.0,0.0,,,,,,,,0.0,0.0,0.0,0.0,0.0,0.0,1,
Mike Huff,28.0,CHW,AL,-0.9,60.0,130.0,115.0,13.0,24.0,5.0,0.0,0.0,8.0,1.0,2.0,10.0,24.0,0.209,0.273,0.252,0.526,49.0,0.24,37.0,29.0,2.0,1.0,2.0,2.0,1.0,9H7/8D,
Mike Humphreys,25.0,NYY,AL,-0.2,4.0,10.0,10.0,0.0,1.0,0.0,0.0,0.0,0.0,0.0,0.0,0.0,1.0,0.1,0.1,0.1,0.2,-43.0,0.092,-71.0,1.0,2.0,0.0,0.0,0.0,0.0,/7DH,
Mike Jackson,27.0,SFG,NL,0.0,67.0,2.0,2.0,0.0,0.0,0.0,0.0,0.0,0.0,0.0,0.0,0.0,0.0,0.0,0.0,0.0,0.0,-100.0,0.0,-140.0,0.0,0.0,0.0,0.0,0.0,0.0,1,
Mike Kingery*,31.0,OAK,AL,-0.3,12.0,29.0,28.0,3.0,3.0,0.0,0.0,0.0,1.0,0.0,0.0,1.0,3.0,0.107,0.138,0.107,0.245,-28.0,0.152,-23.0,3.0,1.0,0.0,0.0,0.0,0.0,/8H79,
Mike LaValliere*,31.0,PIT,NL,1.6,95.0,343.0,293.0,22.0,75.0,13.0,1.0,2.0,29.0,0.0,3.0,44.0,21.0,0.256,0.35,0.328,0.677,94.0,0.301,83.0,96.0,8.0,1.0,0.0,5.0,14.0,2/H5,
Mike Macfarlane,28.0,KCR,AL,2.2,129.0,451.0,402.0,51.0,94.0,28.0,3.0,17.0,48.0,1.0,5.0,30.0,89.0,0.234,0.31,0.445,0.755,108.0,0.342,107.0,179.0,8.0,15.0,1.0,2.0,2.0,2HD,
Mike Maddux*,30.0,SDP,NL,0.0,50.0,13.0,9.0,0.0,1.0,0.0,0.0,0.0,0.0,0.0,0.0,1.0,4.0,0.111,0.2,0.111,0.311,-10.0,0.161,-63.0,1.0,0.0,0.0,3.0,0.0,0.0,1,
Mike Maksudian*,26.0,TOR,AL,-0.1,3.0,3.0,3.0,0.0,0.0,0.0,0.0,0.0,0.0,0.0,0.0,0.0,0.0,0.0,0.0,0.0,0.0,-100.0,0.0,-139.0,0.0,0.0,0.0,0.0,0.0,0.0,/H3,
Mike Morgan,32.0,CHC,NL,-0.3,34.0,88.0,74.0,1.0,8.0,0.0,0.0,0.0,5.0,0.0,0.0,2.0,16.0,0.108,0.13,0.108,0.238,-32.0,0.125,-76.0,8.0,1.0,0.0,11.0,1.0,0.0,1,
Mike Munoz*,26.0,DET,AL,0.0,1.0,0.0,0.0,0.0,0.0,0.0,0.0,0.0,0.0,0.0,0.0,0.0,0.0,,,,,,,,0.0,0.0,0.0,0.0,0.0,0.0,1,
Mike Pagliarulo*,32.0,MIN,AL,-0.1,42.0,108.0,105.0,10.0,21.0,4.0,0.0,0.0,9.0,1.0,0.0,1.0,17.0,0.2,0.213,0.238,0.451,26.0,0.244,32.0,25.0,1.0,1.0,0.0,1.0,0.0,5H/D,
Mike Piazza,23.0,LAD,NL,0.1,21.0,74.0,69.0,5.0,16.0,3.0,0.0,1.0,7.0,0.0,0.0,4.0,12.0,0.232,0.284,0.319,0.603,72.0,0.303,83.0,22.0,1.0,1.0,0.0,0.0,0.0,2/H,
Mike Pérez,27.0,STL,NL,-0.1,77.0,6.0,4.0,0.0,0.0,0.0,0.0,0.0,0.0,0.0,0.0,0.0,2.0,0.0,0.0,0.0,0.0,-100.0,0.0,-260.0,0.0,1.0,0.0,2.0,0.0,0.0,1,ROY-6
Mike Raczka*,29.0,OAK,AL,0.0,1.0,0.0,0.0,0.0,0.0,0.0,0.0,0.0,0.0,0.0,0.0,0.0,0.0,,,,,,,,0.0,0.0,0.0,0.0,0.0,0.0,/1,
Mike Scioscia*,33.0,LAD,NL,-0.5,117.0,389.0,348.0,19.0,77.0,6.0,3.0,3.0,24.0,3.0,2.0,32.0,31.0,0.221,0.286,0.282,0.568,63.0,0.272,59.0,98.0,9.0,1.0,5.0,3.0,4.0,2H,
Mike Sharperson,30.0,LAD,NL,1.8,128.0,372.0,317.0,48.0,95.0,21.0,0.0,3.0,36.0,2.0,2.0,47.0,33.0,0.3,0.387,0.394,0.781,124.0,0.367,132.0,125.0,9.0,0.0,5.0,3.0,1.0,45H/6,AS
Mike Simms,25.0,HOU,NL,0.0,15.0,27.0,24.0,1.0,6.0,1.0,0.0,1.0,3.0,0.0,0.0,2.0,9.0,0.25,0.333,0.417,0.75,117.0,0.344,117.0,10.0,1.0,1.0,0.0,0.0,0.0,/9H3,
Mike Stanley,29.0,NYY,AL,1.3,68.0,207.0,173.0,24.0,43.0,7.0,0.0,8.0,27.0,0.0,0.0,33.0,45.0,0.249,0.372,0.428,0.8,125.0,0.373,129.0,74.0,6.0,1.0,0.0,0.0,0.0,2/HD3,
Mike Stanton*,25.0,ATL,NL,0.1,65.0,2.0,2.0,1.0,1.0,0.0,0.0,0.0,0.0,0.0,0.0,0.0,0.0,0.5,0.5,0.5,1.0,177.0,0.455,190.0,1.0,0.0,0.0,0.0,0.0,0.0,1,
Mike Williams,23.0,PHI,NL,0.2,5.0,11.0,10.0,1.0,4.0,0.0,0.0,0.0,2.0,0.0,0.0,0.0,4.0,0.4,0.4,0.4,0.8,128.0,0.364,130.0,4.0,0.0,0.0,1.0,0.0,0.0,/1,
Milt Cuyler#,23.0,DET,AL,0.1,89.0,313.0,291.0,39.0,70.0,11.0,1.0,3.0,28.0,8.0,5.0,10.0,62.0,0.241,0.275,0.316,0.592,66.0,0.295,73.0,92.0,4.0,4.0,8.0,0.0,0.0,8/9H,
Milt Hill,26.0,CIN,NL,0.0,14.0,0.0,0.0,0.0,0.0,0.0,0.0,0.0,0.0,0.0,0.0,0.0,0.0,,,,,,,,0.0,0.0,0.0,0.0,0.0,0.0,1,
Milt Thompson*,33.0,STL,NL,2.0,109.0,226.0,208.0,31.0,61.0,9.0,1.0,4.0,17.0,18.0,6.0,16.0,39.0,0.293,0.35,0.404,0.753,116.0,0.385,141.0,84.0,3.0,2.0,0.0,0.0,3.0,H79/8,
Mitch Webster#,33.0,LAD,NL,1.4,135.0,304.0,262.0,33.0,70.0,12.0,5.0,6.0,35.0,11.0,5.0,27.0,49.0,0.267,0.334,0.42,0.754,114.0,0.341,110.0,110.0,1.0,2.0,8.0,5.0,3.0,H97/8,
Mitch Williams*,27.0,PHI,NL,0.0,66.0,4.0,4.0,0.0,1.0,0.0,0.0,0.0,0.0,0.0,0.0,0.0,2.0,0.25,0.25,0.25,0.5,43.0,0.227,25.0,1.0,0.0,0.0,0.0,0.0,0.0,1,
MLB Average,,,,,,,,,,,,,,,,,,0.256,0.322,0.377,0.7,100.0,0.327,100.0,,,,,,,,
Mo Vaughn*,24.0,BOS,AL,-0.2,113.0,408.0,355.0,42.0,83.0,16.0,2.0,13.0,57.0,3.0,3.0,47.0,67.0,0.234,0.326,0.4,0.726,98.0,0.329,92.0,142.0,9.0,3.0,0.0,3.0,7.0,3DH,
Moisés Alou,25.0,MON,NL,2.5,115.0,377.0,341.0,53.0,96.0,28.0,2.0,9.0,56.0,16.0,2.0,25.0,46.0,0.282,0.328,0.455,0.783,120.0,0.364,121.0,155.0,5.0,1.0,5.0,5.0,0.0,7H98,ROY-2
Monty Fariss,24.0,TEX,AL,-0.5,67.0,187.0,166.0,13.0,36.0,7.0,1.0,3.0,21.0,0.0,2.0,17.0,51.0,0.217,0.297,0.325,0.623,77.0,0.301,83.0,54.0,3.0,2.0,2.0,0.0,0.0,7H498/D3,
Nelson Santovenia,30.0,CHW,AL,0.2,2.0,3.0,3.0,1.0,1.0,0.0,0.0,1.0,2.0,0.0,0.0,0.0,0.0,0.333,0.333,1.333,1.667,350.0,0.71,367.0,4.0,0.0,0.0,0.0,0.0,0.0,/2,
Norm Charlton#,29.0,CIN,NL,0.0,64.0,7.0,5.0,0.0,1.0,0.0,0.0,0.0,0.0,0.0,0.0,0.0,3.0,0.2,0.2,0.2,0.4,12.0,0.182,-56.0,1.0,0.0,0.0,2.0,0.0,0.0,1,AS
Omar Olivares,24.0,STL,NL,0.4,36.0,72.0,68.0,7.0,16.0,1.0,0.0,1.0,4.0,0.0,0.0,1.0,19.0,0.235,0.246,0.294,0.54,55.0,0.246,40.0,20.0,0.0,0.0,3.0,0.0,0.0,1/H,
Omar Vizquel#,25.0,SEA,AL,3.5,136.0,527.0,483.0,49.0,142.0,20.0,4.0,0.0,21.0,15.0,13.0,32.0,38.0,0.294,0.34,0.352,0.692,95.0,0.323,96.0,170.0,14.0,2.0,9.0,1.0,0.0,*6/H,
Orel Hershiser,33.0,LAD,NL,0.6,35.0,76.0,68.0,6.0,15.0,5.0,0.0,0.0,5.0,1.0,0.0,1.0,10.0,0.221,0.229,0.294,0.523,48.0,0.264,47.0,20.0,0.0,0.0,6.0,1.0,0.0,1/H,
Orlando Merced#,25.0,PIT,NL,-0.1,134.0,466.0,405.0,50.0,100.0,28.0,5.0,6.0,60.0,5.0,4.0,52.0,63.0,0.247,0.332,0.385,0.717,103.0,0.321,96.0,156.0,6.0,2.0,1.0,5.0,8.0,*3H9,
Otis Nixon#,33.0,ATL,NL,3.0,120.0,502.0,456.0,79.0,134.0,14.0,2.0,2.0,22.0,41.0,18.0,39.0,54.0,0.294,0.348,0.346,0.695,93.0,0.343,102.0,158.0,4.0,0.0,5.0,2.0,0.0,*89H/7,
Ozzie Canseco,27.0,STL,NL,0.1,9.0,36.0,29.0,7.0,8.0,5.0,0.0,0.0,3.0,0.0,0.0,7.0,4.0,0.276,0.417,0.448,0.865,149.0,0.42,172.0,13.0,1.0,0.0,0.0,0.0,0.0,/79H,
Ozzie Guillén*,28.0,CHW,AL,0.2,12.0,43.0,40.0,5.0,8.0,4.0,0.0,0.0,7.0,1.0,0.0,1.0,5.0,0.2,0.214,0.3,0.514,44.0,0.235,25.0,12.0,1.0,0.0,1.0,1.0,0.0,6,
Ozzie Smith#,37.0,STL,NL,5.1,132.0,590.0,518.0,73.0,153.0,20.0,2.0,0.0,31.0,43.0,9.0,59.0,34.0,0.295,0.367,0.342,0.708,105.0,0.344,106.0,177.0,11.0,0.0,12.0,1.0,4.0,*6/H,"AS,MVP-22,GG"
Pat Borders,29.0,TOR,AL,0.7,138.0,521.0,480.0,47.0,116.0,26.0,2.0,13.0,53.0,1.0,1.0,33.0,75.0,0.242,0.29,0.385,0.676,85.0,0.312,81.0,185.0,11.0,2.0,1.0,5.0,3.0,*2/H,
Pat Clements,30.0,SDP,NL,0.0,27.0,1.0,1.0,0.0,0.0,0.0,0.0,0.0,0.0,0.0,0.0,0.0,0.0,0.0,0.0,0.0,0.0,-100.0,0.0,-150.0,0.0,0.0,0.0,0.0,0.0,0.0,1,
Pat Combs*,25.0,PHI,NL,0.1,4.0,10.0,8.0,1.0,1.0,1.0,0.0,0.0,2.0,0.0,0.0,1.0,1.0,0.125,0.222,0.25,0.472,34.0,0.224,14.0,2.0,0.0,0.0,1.0,0.0,0.0,/1,
Pat Howell#,23.0,NYM,NL,0.1,31.0,79.0,75.0,9.0,14.0,1.0,0.0,0.0,1.0,4.0,2.0,2.0,15.0,0.187,0.218,0.2,0.418,20.0,0.209,11.0,15.0,0.0,1.0,1.0,0.0,0.0,8/H,
Pat Kelly,24.0,NYY,AL,0.6,106.0,364.0,318.0,38.0,72.0,22.0,2.0,7.0,27.0,8.0,5.0,25.0,72.0,0.226,0.301,0.374,0.675,90.0,0.314,88.0,119.0,6.0,10.0,6.0,3.0,1.0,4/HD,
Pat Lennon,24.0,SEA,AL,-0.1,1.0,2.0,2.0,0.0,0.0,0.0,0.0,0.0,0.0,0.0,0.0,0.0,0.0,0.0,0.0,0.0,0.0,-100.0,0.0,-136.0,0.0,0.0,0.0,0.0,0.0,0.0,/3,
Pat Listach#,24.0,MIL,AL,4.5,149.0,649.0,579.0,93.0,168.0,19.0,6.0,1.0,47.0,54.0,18.0,55.0,124.0,0.29,0.352,0.349,0.701,99.0,0.344,104.0,202.0,3.0,1.0,12.0,2.0,0.0,*6/H48,"MVP-18,ROY-1"
Pat Rapp,24.0,SFG,NL,0.0,3.0,3.0,2.0,0.0,0.0,0.0,0.0,0.0,0.0,0.0,0.0,0.0,2.0,0.0,0.0,0.0,0.0,-100.0,0.0,-255.0,0.0,0.0,0.0,1.0,0.0,0.0,/1,
Pat Tabler,34.0,TOR,AL,-0.4,49.0,147.0,135.0,11.0,34.0,5.0,0.0,0.0,16.0,0.0,0.0,11.0,14.0,0.252,0.306,0.289,0.595,66.0,0.286,62.0,39.0,6.0,0.0,0.0,1.0,0.0,3/H79D5,
Paul Assenmacher*,31.0,CHC,NL,0.0,70.0,7.0,4.0,1.0,0.0,0.0,0.0,0.0,0.0,0.0,0.0,1.0,1.0,0.0,0.2,0.0,0.2,-39.0,0.14,-100.0,0.0,0.0,0.0,2.0,0.0,0.0,1,
Paul Faries,27.0,SDP,NL,0.2,10.0,12.0,11.0,3.0,5.0,1.0,0.0,0.0,1.0,0.0,0.0,1.0,2.0,0.455,0.5,0.545,1.045,195.0,0.471,205.0,6.0,0.0,0.0,0.0,0.0,0.0,/H456,
Paul Gibson,32.0,NYM,NL,0.0,43.0,8.0,6.0,0.0,0.0,0.0,0.0,0.0,0.0,0.0,0.0,1.0,3.0,0.0,0.143,0.0,0.143,-56.0,0.1,-91.0,0.0,0.0,0.0,1.0,0.0,0.0,1,
Paul Miller,27.0,PIT,NL,0.0,6.0,3.0,3.0,0.0,0.0,0.0,0.0,0.0,0.0,0.0,0.0,0.0,3.0,0.0,0.0,0.0,0.0,-100.0,0.0,-143.0,0.0,0.0,0.0,0.0,0.0,0.0,/1,
Paul Molitor,35.0,MIL,AL,4.8,158.0,701.0,609.0,89.0,195.0,36.0,7.0,12.0,89.0,31.0,6.0,73.0,66.0,0.32,0.389,0.461,0.851,140.0,0.395,141.0,281.0,13.0,3.0,4.0,11.0,12.0,D3/H,"AS,MVP-10"
Paul O'Neill*,29.0,CIN,NL,1.6,148.0,584.0,496.0,59.0,122.0,19.0,1.0,14.0,66.0,6.0,3.0,77.0,85.0,0.246,0.346,0.373,0.719,101.0,0.334,101.0,185.0,10.0,2.0,3.0,6.0,15.0,*9H,
Paul Sorrento*,26.0,CLE,AL,1.6,140.0,514.0,458.0,52.0,123.0,24.0,1.0,18.0,60.0,0.0,3.0,51.0,89.0,0.269,0.341,0.443,0.784,121.0,0.347,114.0,203.0,13.0,1.0,1.0,3.0,7.0,*3HD,
Paul Wagner,24.0,PIT,NL,0.0,6.0,3.0,3.0,0.0,1.0,0.0,0.0,0.0,0.0,0.0,0.0,0.0,1.0,0.333,0.333,0.333,0.667,90.0,0.303,83.0,1.0,0.0,0.0,0.0,0.0,0.0,/1,
Pedro Astacio,23.0,LAD,NL,-0.1,11.0,29.0,24.0,2.0,3.0,0.0,0.0,0.0,1.0,0.0,0.0,0.0,14.0,0.125,0.125,0.125,0.25,-28.0,0.114,-92.0,3.0,0.0,0.0,5.0,0.0,0.0,1,
Pedro Borbón,24.0,ATL,NL,0.0,2.0,0.0,0.0,0.0,0.0,0.0,0.0,0.0,0.0,0.0,0.0,0.0,0.0,,,,,,,,0.0,0.0,0.0,0.0,0.0,0.0,/1,
Pedro Guerrero,36.0,STL,NL,-1.1,43.0,159.0,146.0,10.0,32.0,6.0,1.0,1.0,16.0,2.0,2.0,11.0,25.0,0.219,0.27,0.295,0.565,63.0,0.248,45.0,43.0,4.0,0.0,0.0,2.0,3.0,37/H,
Pedro Martínez,20.0,LAD,NL,0.0,2.0,2.0,2.0,0.0,0.0,0.0,0.0,0.0,0.0,0.0,0.0,0.0,0.0,0.0,0.0,0.0,0.0,-100.0,0.0,-140.0,0.0,0.0,0.0,0.0,0.0,0.0,/1,
Pedro Muñoz,23.0,MIN,AL,1.4,127.0,439.0,418.0,44.0,113.0,16.0,3.0,12.0,71.0,4.0,5.0,17.0,90.0,0.27,0.298,0.409,0.707,96.0,0.32,91.0,171.0,18.0,1.0,0.0,3.0,1.0,*9/H7D,
Pete Harnisch#,25.0,HOU,NL,0.3,34.0,74.0,67.0,7.0,11.0,5.0,0.0,0.0,8.0,0.0,1.0,2.0,12.0,0.164,0.188,0.239,0.427,23.0,0.201,10.0,16.0,1.0,0.0,5.0,0.0,0.0,1,
Pete Incaviglia,28.0,HOU,NL,1.6,113.0,379.0,349.0,31.0,93.0,22.0,1.0,11.0,44.0,2.0,2.0,25.0,99.0,0.266,0.319,0.43,0.749,116.0,0.342,117.0,150.0,6.0,3.0,0.0,2.0,2.0,79H,
Pete O'Brien*,34.0,SEA,AL,-0.3,134.0,444.0,396.0,40.0,88.0,15.0,1.0,14.0,52.0,2.0,1.0,40.0,27.0,0.222,0.289,0.371,0.66,84.0,0.306,79.0,147.0,8.0,0.0,1.0,7.0,8.0,3DH,
Pete Schourek*,23.0,NYM,NL,-0.5,23.0,45.0,42.0,0.0,2.0,0.0,0.0,0.0,1.0,0.0,0.0,0.0,13.0,0.048,0.047,0.048,0.094,-73.0,0.042,-121.0,2.0,0.0,0.0,2.0,1.0,0.0,1/H,
Pete Smith,26.0,ATL,NL,-0.2,12.0,31.0,26.0,1.0,1.0,0.0,0.0,0.0,2.0,0.0,0.0,2.0,11.0,0.038,0.107,0.038,0.146,-58.0,0.083,-110.0,1.0,0.0,0.0,3.0,0.0,0.0,1,
Pete Young,24.0,MON,NL,0.0,13.0,0.0,0.0,0.0,0.0,0.0,0.0,0.0,0.0,0.0,0.0,0.0,0.0,,,,,,,,0.0,0.0,0.0,0.0,0.0,0.0,1,
Phil Clark,24.0,DET,AL,0.6,23.0,61.0,54.0,3.0,22.0,4.0,0.0,1.0,5.0,1.0,0.0,6.0,9.0,0.407,0.467,0.537,1.004,182.0,0.47,197.0,29.0,2.0,0.0,1.0,0.0,1.0,/9DH7,
Phil Plantier*,23.0,BOS,AL,0.1,108.0,399.0,349.0,46.0,86.0,19.0,0.0,7.0,30.0,2.0,3.0,44.0,83.0,0.246,0.332,0.361,0.694,90.0,0.321,87.0,126.0,9.0,2.0,2.0,2.0,8.0,9DH7,
Phil Stephenson*,31.0,SDP,NL,-0.5,53.0,84.0,71.0,5.0,11.0,2.0,1.0,0.0,8.0,0.0,0.0,10.0,11.0,0.155,0.259,0.211,0.471,34.0,0.241,31.0,15.0,0.0,0.0,3.0,0.0,0.0,H7/39,
Rafael Belliard,30.0,ATL,NL,-1.2,144.0,315.0,285.0,20.0,60.0,6.0,1.0,0.0,14.0,0.0,1.0,14.0,43.0,0.211,0.255,0.239,0.494,37.0,0.239,24.0,68.0,6.0,3.0,13.0,0.0,4.0,*6/H4,
Rafael Bournigal,26.0,LAD,NL,-0.1,10.0,22.0,20.0,1.0,3.0,1.0,0.0,0.0,0.0,0.0,0.0,1.0,2.0,0.15,0.227,0.2,0.427,23.0,0.208,11.0,4.0,0.0,1.0,0.0,0.0,0.0,/6H,
Rafael Palmeiro*,27.0,TEX,AL,4.1,159.0,701.0,608.0,84.0,163.0,27.0,4.0,22.0,85.0,2.0,3.0,72.0,83.0,0.268,0.352,0.434,0.786,123.0,0.363,125.0,264.0,10.0,10.0,5.0,6.0,8.0,*3/HD,
Rafael Ramírez,34.0,HOU,NL,-0.2,73.0,185.0,176.0,17.0,44.0,6.0,0.0,1.0,13.0,0.0,0.0,7.0,24.0,0.25,0.283,0.301,0.584,70.0,0.291,78.0,53.0,5.0,1.0,1.0,0.0,1.0,6H/5,
Ramón Martínez*,24.0,LAD,NL,-0.2,26.0,55.0,50.0,1.0,6.0,0.0,0.0,0.0,2.0,0.0,0.0,0.0,14.0,0.12,0.12,0.12,0.24,-31.0,0.128,-63.0,6.0,0.0,0.0,5.0,0.0,0.0,1/H,
Rance Mulliniks*,36.0,TOR,AL,0.0,3.0,3.0,2.0,1.0,1.0,0.0,0.0,0.0,0.0,0.0,0.0,1.0,0.0,0.5,0.667,0.5,1.167,228.0,0.546,245.0,1.0,0.0,0.0,0.0,0.0,0.0,/HD,
Randy Bush*,33.0,MIN,AL,-1.1,100.0,198.0,182.0,14.0,39.0,8.0,1.0,2.0,22.0,1.0,1.0,11.0,37.0,0.214,0.263,0.302,0.565,57.0,0.252,40.0,55.0,5.0,2.0,0.0,3.0,3.0,HD9/37,
Randy Knorr,23.0,TOR,AL,0.1,8.0,20.0,19.0,1.0,5.0,0.0,0.0,1.0,2.0,0.0,0.0,1.0,5.0,0.263,0.3,0.421,0.721,97.0,0.305,75.0,8.0,0.0,0.0,0.0,0.0,1.0,/2,
Randy Milligan,30.0,BAL,AL,2.2,137.0,577.0,462.0,71.0,111.0,21.0,1.0,11.0,53.0,0.0,1.0,106.0,81.0,0.24,0.383,0.361,0.744,110.0,0.358,117.0,167.0,15.0,4.0,0.0,5.0,0.0,*3/DH,
Randy Myers*,29.0,SDP,NL,-0.1,66.0,8.0,7.0,0.0,1.0,0.0,0.0,0.0,0.0,0.0,0.0,0.0,5.0,0.143,0.143,0.143,0.286,-19.0,0.13,-70.0,1.0,1.0,0.0,1.0,0.0,0.0,1/H,
Randy Ready,32.0,OAK,AL,0.1,61.0,154.0,125.0,17.0,25.0,2.0,0.0,3.0,17.0,1.0,0.0,25.0,23.0,0.2,0.329,0.288,0.617,80.0,0.304,83.0,36.0,1.0,0.0,2.0,2.0,1.0,DH7/5349,
Randy St. Claire,31.0,ATL,NL,0.0,10.0,0.0,0.0,0.0,0.0,0.0,0.0,0.0,0.0,0.0,0.0,0.0,0.0,,,,,,,,0.0,0.0,0.0,0.0,0.0,0.0,1,
Randy Tomlin*,26.0,PIT,NL,0.1,35.0,75.0,65.0,4.0,9.0,0.0,0.0,0.0,1.0,0.0,0.0,3.0,15.0,0.138,0.176,0.138,0.315,-9.0,0.179,-22.0,9.0,1.0,0.0,7.0,0.0,0.0,1,
Randy Velarde,29.0,NYY,AL,1.8,121.0,461.0,412.0,57.0,112.0,24.0,1.0,7.0,46.0,7.0,2.0,38.0,78.0,0.272,0.333,0.386,0.719,102.0,0.342,105.0,159.0,13.0,2.0,4.0,5.0,1.0,657/9H48,
Ray Lankford*,25.0,STL,NL,4.6,153.0,682.0,598.0,87.0,175.0,40.0,6.0,20.0,86.0,42.0,24.0,72.0,147.0,0.293,0.371,0.48,0.851,143.0,0.386,148.0,287.0,5.0,5.0,2.0,5.0,6.0,*8/H,MVP-18
Ray Stephens,29.0,TEX,AL,-0.1,8.0,14.0,13.0,0.0,2.0,0.0,0.0,0.0,0.0,0.0,0.0,0.0,5.0,0.154,0.154,0.154,0.308,-12.0,0.141,-44.0,2.0,0.0,0.0,1.0,0.0,0.0,/2HD,
Reggie Jefferson#,23.0,CLE,AL,0.6,24.0,91.0,89.0,8.0,30.0,6.0,2.0,1.0,6.0,0.0,0.0,1.0,17.0,0.337,0.352,0.483,0.835,135.0,0.374,130.0,43.0,2.0,1.0,0.0,0.0,0.0,3/DH,
Reggie Sanders,24.0,CIN,NL,2.5,116.0,438.0,385.0,62.0,104.0,26.0,6.0,12.0,36.0,16.0,7.0,48.0,98.0,0.27,0.356,0.462,0.819,127.0,0.376,131.0,178.0,6.0,4.0,0.0,1.0,2.0,*87H,ROY-4
Reggie Williams#,26.0,CAL,AL,0.1,14.0,27.0,26.0,5.0,6.0,1.0,1.0,0.0,2.0,0.0,2.0,1.0,10.0,0.231,0.259,0.346,0.605,69.0,0.234,56.0,9.0,0.0,0.0,0.0,0.0,0.0,8/HD,
Rene Gonzales,31.0,CAL,AL,2.7,104.0,380.0,329.0,47.0,91.0,17.0,1.0,7.0,38.0,7.0,4.0,41.0,46.0,0.277,0.363,0.398,0.761,114.0,0.37,127.0,131.0,17.0,4.0,5.0,1.0,1.0,543/6H,
Rex Hudler,31.0,STL,NL,-0.5,61.0,103.0,98.0,17.0,24.0,4.0,0.0,3.0,5.0,2.0,6.0,2.0,23.0,0.245,0.265,0.378,0.642,83.0,0.274,81.0,37.0,0.0,1.0,1.0,1.0,0.0,H4/3978,
Rey Sánchez,24.0,CHC,NL,1.5,74.0,275.0,255.0,24.0,64.0,14.0,3.0,1.0,19.0,2.0,1.0,10.0,17.0,0.251,0.285,0.341,0.626,75.0,0.31,84.0,87.0,7.0,3.0,5.0,2.0,1.0,6/4H,
Rhéal Cormier*,25.0,STL,NL,-0.2,31.0,69.0,59.0,3.0,6.0,2.0,0.0,0.0,2.0,0.0,0.0,0.0,13.0,0.102,0.102,0.136,0.237,-32.0,0.122,-76.0,8.0,0.0,0.0,10.0,0.0,0.0,1,
Rich Amaral,30.0,SEA,AL,-0.4,35.0,109.0,100.0,9.0,24.0,3.0,0.0,1.0,7.0,4.0,2.0,5.0,16.0,0.24,0.276,0.3,0.576,62.0,0.276,57.0,30.0,4.0,0.0,4.0,0.0,0.0,56/7H3489,
Rich DeLucia,27.0,SEA,AL,0.0,1.0,0.0,0.0,0.0,0.0,0.0,0.0,0.0,0.0,0.0,0.0,0.0,0.0,,,,,,,,0.0,0.0,0.0,0.0,0.0,0.0,1,
Rich Gedman*,32.0,STL,NL,-0.7,41.0,117.0,105.0,5.0,23.0,4.0,0.0,1.0,8.0,0.0,0.0,11.0,22.0,0.219,0.291,0.286,0.576,67.0,0.266,57.0,30.0,0.0,0.0,0.0,1.0,1.0,2/H,
Rich Rodriguez*,29.0,SDP,NL,-0.1,61.0,9.0,6.0,0.0,0.0,0.0,0.0,0.0,0.0,0.0,0.0,1.0,0.0,0.0,0.143,0.0,0.143,-56.0,0.1,-120.0,0.0,1.0,0.0,2.0,0.0,0.0,1/H,
Rich Rowland,28.0,DET,AL,-0.2,6.0,17.0,14.0,2.0,3.0,0.0,0.0,0.0,0.0,0.0,0.0,3.0,3.0,0.214,0.353,0.214,0.567,63.0,0.289,68.0,3.0,1.0,0.0,0.0,0.0,0.0,/2D35H,
Rich Scheid*,27.0,HOU,NL,0.0,7.0,1.0,1.0,0.0,0.0,0.0,0.0,0.0,0.0,0.0,0.0,0.0,1.0,0.0,0.0,0.0,0.0,-100.0,0.0,-140.0,0.0,0.0,0.0,0.0,0.0,0.0,/1,
Rick Aguilera,30.0,MIN,AL,0.0,1.0,0.0,0.0,0.0,0.0,0.0,0.0,0.0,0.0,0.0,0.0,0.0,0.0,,,,,,,,0.0,0.0,0.0,0.0,0.0,0.0,1,AS
Rick Cerone,38.0,MON,NL,0.1,33.0,68.0,63.0,10.0,17.0,4.0,0.0,1.0,7.0,1.0,2.0,3.0,5.0,0.27,0.313,0.381,0.694,96.0,0.32,102.0,24.0,0.0,1.0,1.0,0.0,0.0,2/H,
Rick Dempsey,42.0,BAL,AL,-0.2,8.0,11.0,9.0,2.0,1.0,0.0,0.0,0.0,0.0,0.0,0.0,2.0,1.0,0.111,0.273,0.111,0.384,11.0,0.214,14.0,1.0,1.0,0.0,0.0,0.0,0.0,/2,
Rick Wilkins*,25.0,CHC,NL,1.9,83.0,274.0,244.0,20.0,66.0,9.0,1.0,8.0,22.0,0.0,2.0,28.0,53.0,0.27,0.344,0.414,0.758,112.0,0.347,115.0,101.0,6.0,0.0,1.0,1.0,7.0,2H,
Rick Wrona,28.0,CIN,NL,-0.4,11.0,23.0,23.0,0.0,4.0,0.0,0.0,0.0,0.0,0.0,0.0,0.0,3.0,0.174,0.174,0.174,0.348,-2.0,0.158,-30.0,4.0,2.0,0.0,0.0,0.0,0.0,2/3,
Rickey Henderson,33.0,OAK,AL,5.6,117.0,500.0,396.0,77.0,112.0,18.0,3.0,15.0,46.0,48.0,11.0,95.0,56.0,0.283,0.426,0.457,0.883,155.0,0.422,160.0,181.0,5.0,6.0,0.0,3.0,5.0,7/DH,
Ricky Jordan,27.0,PHI,NL,0.9,94.0,284.0,276.0,33.0,84.0,19.0,0.0,4.0,34.0,3.0,0.0,5.0,44.0,0.304,0.313,0.417,0.73,106.0,0.352,116.0,115.0,8.0,0.0,0.0,3.0,0.0,3H7,
Rico Brogna*,22.0,DET,AL,-0.1,9.0,29.0,26.0,3.0,5.0,1.0,0.0,1.0,3.0,0.0,0.0,3.0,5.0,0.192,0.276,0.346,0.622,74.0,0.32,90.0,9.0,0.0,0.0,0.0,0.0,0.0,/3D,
Rico Rossy,28.0,KCR,AL,0.8,59.0,178.0,149.0,21.0,32.0,8.0,1.0,1.0,12.0,0.0,3.0,20.0,20.0,0.215,0.31,0.302,0.612,71.0,0.295,76.0,45.0,6.0,1.0,7.0,1.0,1.0,6/54,
Rob Deer,31.0,DET,AL,3.9,110.0,448.0,393.0,66.0,97.0,20.0,1.0,32.0,64.0,4.0,2.0,51.0,131.0,0.247,0.337,0.547,0.884,145.0,0.401,148.0,215.0,8.0,3.0,0.0,1.0,1.0,9/HD,
Rob Dibble*,28.0,CIN,NL,0.1,63.0,5.0,5.0,0.0,2.0,0.0,0.0,0.0,1.0,0.0,0.0,0.0,0.0,0.4,0.4,0.4,0.8,124.0,0.364,124.0,2.0,0.0,0.0,0.0,0.0,0.0,1,
Rob Ducey*,27.0,2TM,AL,-1.2,54.0,86.0,80.0,7.0,15.0,4.0,0.0,0.0,2.0,2.0,4.0,5.0,22.0,0.188,0.233,0.238,0.47,32.0,0.213,26.0,19.0,1.0,0.0,0.0,1.0,0.0,H79/D8,
Rob Ducey*,27.0,TOR,AL,-0.7,23.0,21.0,21.0,3.0,1.0,1.0,0.0,0.0,0.0,0.0,1.0,0.0,10.0,0.048,0.048,0.095,0.143,-61.0,0.038,-97.0,2.0,0.0,0.0,0.0,0.0,0.0,H/9D78,
Rob Ducey*,27.0,CAL,AL,-0.5,31.0,65.0,59.0,4.0,14.0,3.0,0.0,0.0,2.0,2.0,3.0,5.0,12.0,0.237,0.292,0.288,0.58,64.0,0.27,66.0,17.0,1.0,0.0,0.0,1.0,0.0,7H/98D,
Rob Mallicoat*,27.0,HOU,NL,0.0,25.0,1.0,1.0,1.0,0.0,0.0,0.0,0.0,0.0,0.0,0.0,0.0,0.0,0.0,0.0,0.0,0.0,-100.0,0.0,-140.0,0.0,0.0,0.0,0.0,0.0,0.0,1/H,
Rob Maurer*,25.0,TEX,AL,-0.1,8.0,10.0,9.0,1.0,2.0,0.0,0.0,0.0,1.0,0.0,0.0,1.0,2.0,0.222,0.3,0.222,0.522,51.0,0.256,47.0,2.0,0.0,0.0,0.0,0.0,0.0,/H3D,
Rob Murphy*,32.0,HOU,NL,0.0,59.0,2.0,1.0,1.0,0.0,0.0,0.0,0.0,0.0,0.0,0.0,0.0,0.0,0.0,0.0,0.0,0.0,-100.0,0.0,-380.0,0.0,0.0,0.0,1.0,0.0,0.0,1,
Robby Thompson,30.0,SFG,NL,4.0,128.0,505.0,443.0,54.0,115.0,25.0,1.0,14.0,49.0,5.0,9.0,43.0,75.0,0.26,0.333,0.415,0.749,116.0,0.348,126.0,184.0,8.0,8.0,7.0,4.0,1.0,*4/H,
Roberto Alomar#,24.0,TOR,AL,6.6,152.0,671.0,571.0,105.0,177.0,27.0,8.0,8.0,76.0,49.0,9.0,87.0,52.0,0.31,0.405,0.427,0.832,130.0,0.403,137.0,244.0,8.0,5.0,6.0,2.0,5.0,*4/DH,"AS,MVP-6,GG,SS"
Roberto Kelly,27.0,NYY,AL,1.4,152.0,640.0,580.0,81.0,158.0,31.0,2.0,10.0,66.0,28.0,5.0,41.0,96.0,0.272,0.322,0.384,0.706,99.0,0.337,98.0,223.0,19.0,4.0,1.0,6.0,4.0,*87/H,AS
Robin Ventura*,24.0,CHW,AL,6.0,157.0,694.0,592.0,85.0,167.0,38.0,1.0,16.0,93.0,2.0,4.0,93.0,71.0,0.282,0.375,0.431,0.806,127.0,0.365,125.0,255.0,14.0,0.0,1.0,8.0,9.0,*5/3,"AS,GG"
Robin Yount,36.0,MIL,AL,1.7,150.0,629.0,557.0,71.0,147.0,40.0,3.0,8.0,77.0,15.0,6.0,53.0,81.0,0.264,0.325,0.39,0.714,102.0,0.338,104.0,217.0,9.0,3.0,4.0,12.0,9.0,*8D/H,
Rod Beck,23.0,SFG,NL,0.1,65.0,2.0,2.0,0.0,1.0,0.0,0.0,0.0,0.0,0.0,0.0,0.0,1.0,0.5,0.5,0.5,1.0,191.0,0.455,200.0,1.0,0.0,0.0,0.0,0.0,0.0,1,
Rod Brewer*,26.0,STL,NL,0.5,29.0,113.0,103.0,11.0,31.0,6.0,0.0,0.0,10.0,0.0,1.0,8.0,12.0,0.301,0.354,0.359,0.713,106.0,0.323,103.0,37.0,1.0,1.0,0.0,1.0,0.0,3/7H,
Rodney McCray,28.0,NYM,NL,0.1,18.0,1.0,1.0,3.0,1.0,0.0,0.0,0.0,1.0,2.0,0.0,0.0,0.0,1.0,1.0,1.0,2.0,473.0,1.454,540.0,1.0,0.0,0.0,0.0,0.0,0.0,H9/78,
Roger Mason,34.0,PIT,NL,0.0,65.0,11.0,10.0,0.0,0.0,0.0,0.0,0.0,0.0,0.0,0.0,1.0,5.0,0.0,0.091,0.0,0.091,-72.0,0.148,-34.0,0.0,1.0,0.0,0.0,0.0,0.0,1,
Roger McDowell,31.0,LAD,NL,0.1,65.0,7.0,3.0,1.0,0.0,0.0,0.0,0.0,0.0,0.0,0.0,2.0,3.0,0.0,0.5,0.0,0.5,55.0,0.356,127.0,0.0,0.0,1.0,1.0,0.0,0.0,1,
Ron Darling,31.0,OAK,AL,0.0,1.0,0.0,0.0,0.0,0.0,0.0,0.0,0.0,0.0,0.0,0.0,0.0,0.0,,,,,,,,0.0,0.0,0.0,0.0,0.0,0.0,1/DH,
Ron Gant,27.0,ATL,NL,3.6,153.0,602.0,544.0,74.0,141.0,22.0,6.0,17.0,80.0,32.0,10.0,45.0,101.0,0.259,0.321,0.415,0.736,102.0,0.356,110.0,226.0,10.0,7.0,0.0,6.0,5.0,*78H,AS
Ron Karkovice,28.0,CHW,AL,2.1,123.0,381.0,342.0,39.0,81.0,12.0,1.0,13.0,50.0,10.0,4.0,30.0,89.0,0.237,0.302,0.392,0.694,95.0,0.319,90.0,134.0,3.0,3.0,4.0,2.0,1.0,*2H/9,
Ron Tingley,33.0,CAL,AL,0.7,71.0,147.0,127.0,15.0,25.0,2.0,1.0,3.0,8.0,0.0,1.0,13.0,35.0,0.197,0.282,0.299,0.581,64.0,0.277,61.0,38.0,4.0,2.0,5.0,0.0,0.0,2/H,
Royce Clayton,22.0,SFG,NL,1.0,98.0,352.0,321.0,31.0,72.0,7.0,4.0,4.0,24.0,8.0,4.0,26.0,63.0,0.224,0.281,0.308,0.589,71.0,0.29,76.0,99.0,11.0,0.0,3.0,2.0,3.0,6/H5,
Rubén Amaro Jr.#,27.0,PHI,NL,0.4,126.0,427.0,374.0,43.0,82.0,15.0,6.0,7.0,34.0,11.0,5.0,37.0,54.0,0.219,0.303,0.348,0.651,85.0,0.31,86.0,130.0,11.0,9.0,4.0,2.0,1.0,*978H,
Rubén Sierra#,26.0,2TM,AL,3.2,151.0,656.0,601.0,83.0,167.0,34.0,7.0,17.0,87.0,14.0,4.0,45.0,68.0,0.278,0.323,0.443,0.766,117.0,0.341,107.0,266.0,11.0,0.0,0.0,10.0,12.0,*9/DH,AS
Rubén Sierra#,26.0,TEX,AL,2.4,124.0,539.0,500.0,66.0,139.0,30.0,6.0,14.0,70.0,12.0,4.0,31.0,59.0,0.278,0.315,0.446,0.761,115.0,0.34,106.0,223.0,9.0,0.0,0.0,8.0,6.0,*9/DH,
Rubén Sierra#,26.0,OAK,AL,0.8,27.0,117.0,101.0,17.0,28.0,4.0,1.0,3.0,17.0,2.0,0.0,14.0,9.0,0.277,0.359,0.426,0.785,126.0,0.341,109.0,43.0,2.0,0.0,0.0,2.0,6.0,9/DH,
Russ McGinnis,29.0,TEX,AL,-0.2,14.0,36.0,33.0,2.0,8.0,4.0,0.0,0.0,4.0,0.0,0.0,3.0,7.0,0.242,0.306,0.364,0.669,90.0,0.307,84.0,12.0,1.0,0.0,0.0,0.0,0.0,2/35H,
Ryan Bowen,24.0,HOU,NL,-0.1,15.0,9.0,9.0,1.0,1.0,0.0,0.0,0.0,0.0,0.0,1.0,0.0,3.0,0.111,0.111,0.111,0.222,-35.0,0.046,-63.0,1.0,0.0,0.0,0.0,0.0,0.0,1/H,
Ryan Klesko*,21.0,ATL,NL,-0.3,13.0,15.0,14.0,0.0,0.0,0.0,0.0,0.0,1.0,0.0,0.0,0.0,5.0,0.0,0.067,0.0,0.067,-80.0,0.049,-113.0,0.0,0.0,1.0,0.0,0.0,0.0,H/3,
Ryan Thompson,24.0,NYM,NL,0.0,30.0,117.0,108.0,15.0,24.0,7.0,1.0,3.0,10.0,2.0,2.0,8.0,24.0,0.222,0.274,0.389,0.662,87.0,0.318,97.0,42.0,2.0,0.0,0.0,1.0,0.0,89/H,
Ryne Sandberg,32.0,CHC,NL,7.8,158.0,687.0,612.0,100.0,186.0,32.0,8.0,26.0,87.0,17.0,6.0,68.0,73.0,0.304,0.371,0.51,0.881,145.0,0.403,152.0,312.0,13.0,1.0,0.0,6.0,4.0,*4/H,"AS,MVP-12,SS"
Sam Horn*,28.0,BAL,AL,0.0,63.0,185.0,162.0,13.0,38.0,10.0,1.0,5.0,19.0,0.0,0.0,21.0,60.0,0.235,0.324,0.401,0.726,102.0,0.333,98.0,65.0,8.0,1.0,0.0,1.0,2.0,DH,
Sammy Sosa,23.0,CHC,NL,0.6,67.0,291.0,262.0,41.0,68.0,7.0,2.0,8.0,25.0,15.0,7.0,19.0,63.0,0.26,0.317,0.393,0.71,98.0,0.327,96.0,103.0,4.0,4.0,4.0,2.0,1.0,8,
Sandy Alomar,26.0,CLE,AL,1.6,89.0,320.0,299.0,22.0,75.0,16.0,0.0,2.0,26.0,3.0,3.0,13.0,32.0,0.251,0.293,0.324,0.618,75.0,0.291,73.0,97.0,7.0,5.0,3.0,0.0,3.0,2/DH,AS
Scott Aldred*,24.0,DET,AL,0.0,1.0,0.0,0.0,0.0,0.0,0.0,0.0,0.0,0.0,0.0,0.0,0.0,0.0,,,,,,,,0.0,0.0,0.0,0.0,0.0,0.0,1,
Scott Bankhead,28.0,CIN,NL,0.0,54.0,11.0,9.0,0.0,2.0,0.0,0.0,0.0,0.0,0.0,0.0,0.0,7.0,0.222,0.222,0.222,0.444,25.0,0.202,-19.0,2.0,0.0,0.0,2.0,0.0,0.0,1,
Scott Bradley*,32.0,2TM,2LG,0.1,7.0,8.0,6.0,1.0,2.0,0.0,0.0,0.0,1.0,0.0,0.0,2.0,1.0,0.333,0.5,0.333,0.833,138.0,0.405,152.0,2.0,0.0,0.0,0.0,0.0,0.0,/H2,
Scott Bradley*,32.0,SEA,AL,0.0,2.0,2.0,1.0,0.0,0.0,0.0,0.0,0.0,0.0,0.0,0.0,1.0,1.0,0.0,0.5,0.0,0.5,52.0,0.36,118.0,0.0,0.0,0.0,0.0,0.0,0.0,/H2,
Scott Bradley*,32.0,CIN,NL,0.1,5.0,6.0,5.0,1.0,2.0,0.0,0.0,0.0,1.0,0.0,0.0,1.0,0.0,0.4,0.5,0.4,0.9,155.0,0.42,165.0,2.0,0.0,0.0,0.0,0.0,0.0,/H2,
Scott Brosius,25.0,OAK,AL,0.3,38.0,93.0,87.0,13.0,19.0,2.0,0.0,4.0,13.0,3.0,0.0,3.0,13.0,0.218,0.258,0.379,0.637,82.0,0.322,92.0,33.0,0.0,2.0,0.0,1.0,1.0,95/7H36D,
Scott Cooper*,24.0,BOS,AL,1.3,123.0,379.0,337.0,34.0,93.0,21.0,0.0,5.0,33.0,1.0,1.0,37.0,33.0,0.276,0.346,0.383,0.729,100.0,0.342,101.0,129.0,5.0,0.0,2.0,2.0,0.0,35H/D46,
Scott Fletcher,33.0,MIL,AL,3.4,123.0,433.0,386.0,53.0,106.0,18.0,3.0,3.0,51.0,17.0,10.0,30.0,33.0,0.275,0.335,0.36,0.695,97.0,0.338,106.0,139.0,4.0,7.0,6.0,4.0,1.0,46/H5,
Scott Hemond,26.0,2TM,AL,-0.1,25.0,45.0,40.0,8.0,9.0,2.0,0.0,0.0,2.0,1.0,0.0,4.0,13.0,0.225,0.289,0.275,0.564,62.0,0.271,55.0,11.0,2.0,0.0,0.0,1.0,0.0,/2HD5679,
Scott Hemond,26.0,OAK,AL,0.0,17.0,30.0,27.0,7.0,6.0,1.0,0.0,0.0,1.0,1.0,0.0,3.0,7.0,0.222,0.3,0.259,0.559,63.0,0.277,60.0,7.0,2.0,0.0,0.0,0.0,0.0,/2H6579D,
Scott Hemond,26.0,CHW,AL,-0.1,8.0,15.0,13.0,1.0,3.0,1.0,0.0,0.0,1.0,0.0,0.0,1.0,6.0,0.231,0.267,0.308,0.574,62.0,0.257,47.0,4.0,0.0,0.0,0.0,1.0,0.0,/DH725,
Scott Leius,26.0,MIN,AL,1.6,129.0,449.0,409.0,50.0,102.0,18.0,2.0,2.0,35.0,6.0,5.0,34.0,61.0,0.249,0.309,0.318,0.626,75.0,0.307,80.0,130.0,10.0,1.0,5.0,0.0,0.0,*56/H,
Scott Livingstone*,26.0,DET,AL,1.7,117.0,382.0,354.0,43.0,100.0,21.0,0.0,4.0,46.0,1.0,3.0,21.0,36.0,0.282,0.319,0.376,0.695,95.0,0.322,94.0,133.0,8.0,0.0,3.0,4.0,1.0,*5H,
Scott Ruskin,29.0,CIN,NL,-0.1,57.0,5.0,3.0,0.0,0.0,0.0,0.0,0.0,0.0,0.0,0.0,0.0,3.0,0.0,0.0,0.0,0.0,-100.0,0.0,-313.0,0.0,0.0,0.0,2.0,0.0,0.0,1,
Scott Servais,25.0,HOU,NL,-0.1,77.0,227.0,205.0,12.0,49.0,9.0,0.0,0.0,15.0,0.0,0.0,11.0,25.0,0.239,0.294,0.283,0.577,68.0,0.27,61.0,58.0,7.0,5.0,6.0,0.0,2.0,2/H,
Scott Service,25.0,MON,NL,0.0,5.0,2.0,2.0,0.0,0.0,0.0,0.0,0.0,0.0,0.0,0.0,0.0,2.0,0.0,0.0,0.0,0.0,-100.0,0.0,-145.0,0.0,0.0,0.0,0.0,0.0,0.0,/1,
Sean Berry,26.0,MON,NL,-0.1,24.0,58.0,57.0,5.0,19.0,1.0,0.0,1.0,4.0,2.0,1.0,1.0,11.0,0.333,0.345,0.404,0.748,112.0,0.34,109.0,23.0,1.0,0.0,0.0,0.0,0.0,5/H,
Sergio Valdéz,27.0,MON,NL,0.0,27.0,3.0,3.0,0.0,0.0,0.0,0.0,0.0,0.0,0.0,0.0,0.0,2.0,0.0,0.0,0.0,0.0,-100.0,0.0,-143.0,0.0,0.0,0.0,0.0,0.0,0.0,1,
Shane Mack,28.0,MIN,AL,6.5,156.0,692.0,600.0,101.0,189.0,31.0,6.0,16.0,75.0,26.0,14.0,64.0,106.0,0.315,0.394,0.467,0.86,139.0,0.41,153.0,280.0,8.0,15.0,11.0,2.0,1.0,*7/89H,
Shane Reynolds,24.0,HOU,NL,0.2,8.0,6.0,4.0,1.0,2.0,1.0,0.0,0.0,0.0,0.0,0.0,0.0,0.0,0.5,0.5,0.75,1.25,258.0,0.555,363.0,3.0,0.0,0.0,2.0,0.0,0.0,/1,
Shane Turner*,29.0,SEA,AL,0.1,34.0,87.0,74.0,8.0,20.0,5.0,0.0,0.0,5.0,2.0,1.0,9.0,15.0,0.27,0.341,0.338,0.679,92.0,0.326,94.0,25.0,4.0,0.0,2.0,2.0,0.0,57/H9,
Shawn Abner,26.0,CHW,AL,1.9,97.0,228.0,208.0,21.0,58.0,10.0,1.0,1.0,16.0,1.0,2.0,12.0,35.0,0.279,0.323,0.351,0.674,90.0,0.332,102.0,73.0,3.0,3.0,2.0,3.0,2.0,9H87/D,
Shawn Boskie,25.0,CHC,NL,0.1,23.0,32.0,27.0,1.0,5.0,1.0,0.0,0.0,1.0,0.0,0.0,2.0,9.0,0.185,0.241,0.222,0.464,31.0,0.219,8.0,6.0,0.0,0.0,3.0,0.0,0.0,1,
Shawn Hare*,25.0,DET,AL,-0.5,15.0,29.0,26.0,0.0,3.0,1.0,0.0,0.0,5.0,0.0,0.0,2.0,4.0,0.115,0.172,0.154,0.326,-8.0,0.158,-25.0,4.0,0.0,0.0,0.0,1.0,0.0,/93H7,
Shawn Jeter*,26.0,CHW,AL,-0.3,13.0,18.0,18.0,1.0,2.0,0.0,0.0,0.0,0.0,0.0,0.0,0.0,7.0,0.111,0.111,0.111,0.222,-37.0,0.102,-63.0,2.0,0.0,0.0,0.0,0.0,0.0,/H9D78,
Shawon Dunston,29.0,CHC,NL,0.4,18.0,76.0,73.0,8.0,23.0,3.0,1.0,0.0,2.0,2.0,3.0,3.0,13.0,0.315,0.342,0.384,0.726,103.0,0.341,116.0,28.0,0.0,0.0,0.0,0.0,0.0,6,
Sid Bream*,31.0,ATL,NL,1.0,125.0,427.0,372.0,30.0,97.0,25.0,1.0,10.0,61.0,6.0,0.0,46.0,51.0,0.261,0.34,0.414,0.754,107.0,0.351,109.0,154.0,3.0,1.0,3.0,4.0,2.0,*3H,
Sid Fernandez*,29.0,NYM,NL,0.3,32.0,81.0,74.0,8.0,15.0,3.0,0.0,0.0,0.0,0.0,0.0,0.0,25.0,0.203,0.203,0.243,0.446,27.0,0.201,-2.0,18.0,1.0,0.0,7.0,0.0,0.0,1,
Skeeter Barnes,35.0,DET,AL,0.2,95.0,181.0,165.0,27.0,45.0,8.0,1.0,3.0,25.0,3.0,1.0,10.0,18.0,0.273,0.318,0.388,0.706,98.0,0.326,93.0,64.0,4.0,2.0,2.0,2.0,1.0,H53/4D897,
Spike Owen#,31.0,MON,NL,2.1,122.0,446.0,386.0,52.0,104.0,16.0,3.0,7.0,40.0,9.0,4.0,50.0,30.0,0.269,0.348,0.381,0.729,107.0,0.345,112.0,147.0,10.0,0.0,4.0,6.0,3.0,*6/H,
Stan Belinda,25.0,PIT,NL,0.2,59.0,3.0,3.0,1.0,2.0,1.0,0.0,0.0,2.0,0.0,0.0,0.0,0.0,0.667,0.667,1.0,1.667,368.0,0.741,407.0,3.0,0.0,0.0,0.0,0.0,0.0,1,
Stan Javier#,28.0,2TM,NL,1.4,130.0,379.0,334.0,42.0,83.0,17.0,1.0,1.0,29.0,18.0,3.0,37.0,54.0,0.249,0.327,0.314,0.641,83.0,0.324,90.0,105.0,4.0,3.0,3.0,2.0,2.0,87H9,
Stan Javier#,28.0,LAD,NL,-0.3,56.0,66.0,58.0,6.0,11.0,3.0,0.0,1.0,5.0,1.0,2.0,6.0,11.0,0.19,0.277,0.293,0.57,63.0,0.258,56.0,17.0,0.0,1.0,1.0,0.0,2.0,H79/8,
Stan Javier#,28.0,PHI,NL,1.7,74.0,313.0,276.0,36.0,72.0,14.0,1.0,0.0,24.0,17.0,1.0,31.0,43.0,0.261,0.338,0.319,0.656,88.0,0.337,97.0,88.0,4.0,2.0,2.0,2.0,0.0,87/9H,
Stan Royer,24.0,STL,NL,0.2,13.0,33.0,31.0,6.0,10.0,2.0,0.0,2.0,9.0,0.0,0.0,1.0,4.0,0.323,0.333,0.581,0.914,158.0,0.4,157.0,18.0,0.0,0.0,0.0,1.0,0.0,/53H,
Steve Avery*,22.0,ATL,NL,0.3,35.0,88.0,76.0,8.0,13.0,2.0,1.0,0.0,4.0,0.0,1.0,3.0,22.0,0.171,0.203,0.224,0.426,18.0,0.213,3.0,17.0,0.0,0.0,9.0,0.0,0.0,1,
Steve Buechele,30.0,2TM,NL,2.2,145.0,590.0,524.0,52.0,137.0,23.0,4.0,9.0,64.0,1.0,3.0,52.0,105.0,0.261,0.334,0.372,0.707,99.0,0.336,107.0,195.0,10.0,7.0,4.0,3.0,6.0,*5/4H,
Steve Buechele,30.0,PIT,NL,1.8,80.0,325.0,285.0,27.0,71.0,14.0,1.0,8.0,43.0,0.0,2.0,34.0,61.0,0.249,0.331,0.389,0.721,104.0,0.346,116.0,111.0,5.0,2.0,2.0,2.0,4.0,5,
Steve Buechele,30.0,CHC,NL,0.3,65.0,265.0,239.0,25.0,66.0,9.0,3.0,1.0,21.0,1.0,1.0,18.0,44.0,0.276,0.338,0.351,0.69,94.0,0.324,95.0,84.0,5.0,5.0,2.0,1.0,2.0,5/4H,
Steve Cooke,22.0,PIT,NL,0.1,11.0,5.0,3.0,0.0,1.0,0.0,0.0,0.0,1.0,0.0,0.0,0.0,0.0,0.333,0.333,0.333,0.667,90.0,0.303,70.0,1.0,0.0,0.0,2.0,0.0,0.0,1,
Steve Decker,26.0,SFG,NL,0.0,15.0,50.0,43.0,3.0,7.0,1.0,0.0,0.0,1.0,0.0,0.0,6.0,7.0,0.163,0.28,0.186,0.466,38.0,0.253,50.0,8.0,0.0,1.0,0.0,0.0,0.0,2,
Steve Farr,35.0,NYY,AL,0.0,2.0,0.0,0.0,0.0,0.0,0.0,0.0,0.0,0.0,0.0,0.0,0.0,0.0,,,,,,,,0.0,0.0,0.0,0.0,0.0,0.0,1,
Steve Finley*,27.0,HOU,NL,5.7,162.0,686.0,607.0,84.0,177.0,29.0,13.0,5.0,55.0,44.0,9.0,58.0,63.0,0.292,0.355,0.407,0.762,121.0,0.361,123.0,247.0,10.0,3.0,16.0,2.0,6.0,*8/H,
Steve Foster,25.0,CIN,NL,0.0,31.0,5.0,5.0,0.0,1.0,0.0,0.0,0.0,0.0,0.0,0.0,0.0,1.0,0.2,0.2,0.2,0.4,12.0,0.368,126.0,1.0,0.0,0.0,0.0,0.0,0.0,1,
Steve Hosey,23.0,SFG,NL,-0.6,21.0,58.0,56.0,6.0,14.0,1.0,0.0,1.0,6.0,1.0,1.0,0.0,15.0,0.25,0.241,0.321,0.563,62.0,0.245,47.0,18.0,1.0,0.0,0.0,2.0,0.0,9/H,
Steve Lake,35.0,PHI,NL,-0.1,20.0,55.0,53.0,3.0,13.0,2.0,0.0,1.0,2.0,0.0,0.0,1.0,8.0,0.245,0.255,0.34,0.594,67.0,0.283,67.0,18.0,1.0,0.0,0.0,1.0,0.0,2/H,
Steve Lyons*,32.0,3TM,2LG,-0.4,48.0,59.0,55.0,5.0,11.0,0.0,2.0,0.0,4.0,1.0,3.0,3.0,8.0,0.2,0.241,0.273,0.514,42.0,0.215,27.0,15.0,2.0,0.0,1.0,0.0,0.0,H/37948D,
Steve Lyons*,32.0,2TM,NL,-0.4,27.0,29.0,27.0,2.0,4.0,0.0,1.0,0.0,2.0,1.0,2.0,1.0,7.0,0.148,0.179,0.222,0.401,12.0,0.157,-13.0,6.0,2.0,0.0,1.0,0.0,0.0,H/79438,
Steve Lyons*,32.0,ATL,NL,-0.2,11.0,14.0,14.0,0.0,1.0,0.0,1.0,0.0,1.0,0.0,0.0,0.0,4.0,0.071,0.071,0.214,0.286,-24.0,0.12,-61.0,3.0,1.0,0.0,0.0,0.0,0.0,/9H47,
Steve Lyons*,32.0,MON,NL,-0.2,16.0,15.0,13.0,2.0,3.0,0.0,0.0,0.0,1.0,1.0,2.0,1.0,3.0,0.231,0.286,0.231,0.516,49.0,0.194,35.0,3.0,1.0,0.0,1.0,0.0,0.0,/H738,
Steve Lyons*,32.0,BOS,AL,0.0,21.0,30.0,28.0,3.0,7.0,0.0,1.0,0.0,2.0,0.0,1.0,2.0,1.0,0.25,0.3,0.321,0.621,71.0,0.269,61.0,9.0,0.0,0.0,0.0,0.0,0.0,H/398D4,
Steve Reed,27.0,SFG,NL,0.0,18.0,0.0,0.0,0.0,0.0,0.0,0.0,0.0,0.0,0.0,0.0,0.0,0.0,,,,,,,,0.0,0.0,0.0,0.0,0.0,0.0,1,
Steve Sax,32.0,CHW,AL,0.1,143.0,630.0,567.0,74.0,134.0,26.0,4.0,4.0,47.0,30.0,12.0,43.0,42.0,0.236,0.29,0.317,0.607,71.0,0.291,68.0,180.0,17.0,2.0,12.0,6.0,4.0,*4/HD,
Steve Scarsone,26.0,2TM,2LG,-0.2,18.0,33.0,30.0,3.0,5.0,0.0,0.0,0.0,0.0,0.0,0.0,2.0,12.0,0.167,0.219,0.167,0.385,10.0,0.187,-8.0,5.0,0.0,0.0,1.0,0.0,0.0,H/456,
Steve Scarsone,26.0,PHI,NL,-0.1,7.0,14.0,13.0,1.0,2.0,0.0,0.0,0.0,0.0,0.0,0.0,1.0,6.0,0.154,0.214,0.154,0.368,6.0,0.18,-10.0,2.0,0.0,0.0,0.0,0.0,0.0,/H4,
Steve Scarsone,26.0,BAL,AL,-0.1,11.0,19.0,17.0,2.0,3.0,0.0,0.0,0.0,0.0,0.0,0.0,1.0,6.0,0.176,0.222,0.176,0.399,13.0,0.193,-7.0,3.0,0.0,0.0,1.0,0.0,0.0,/4H56,
Steve Searcy*,28.0,PHI,NL,0.0,10.0,0.0,0.0,0.0,0.0,0.0,0.0,0.0,0.0,0.0,0.0,0.0,0.0,,,,,,,,0.0,0.0,0.0,0.0,0.0,0.0,1,
Steve Springer,31.0,NYM,NL,0.1,4.0,5.0,5.0,0.0,2.0,1.0,0.0,0.0,0.0,0.0,0.0,0.0,1.0,0.4,0.4,0.6,1.0,182.0,0.444,188.0,3.0,0.0,0.0,0.0,0.0,0.0,/H45,
Steve Wilson*,27.0,LAD,NL,0.0,60.0,3.0,3.0,0.0,1.0,0.0,0.0,0.0,0.0,0.0,0.0,0.0,2.0,0.333,0.333,0.333,0.667,91.0,0.303,83.0,1.0,0.0,0.0,0.0,0.0,0.0,1,
Ted Wood*,25.0,SFG,NL,-0.2,24.0,67.0,58.0,5.0,12.0,2.0,0.0,1.0,3.0,0.0,0.0,6.0,15.0,0.207,0.292,0.293,0.585,71.0,0.29,77.0,17.0,4.0,1.0,2.0,0.0,0.0,9/H7,
Terry Jorgensen,25.0,MIN,AL,0.0,22.0,63.0,58.0,5.0,18.0,1.0,0.0,0.0,5.0,1.0,2.0,3.0,11.0,0.31,0.349,0.328,0.677,90.0,0.302,84.0,19.0,4.0,1.0,0.0,1.0,0.0,3/56H,
Terry Mathews*,27.0,TEX,AL,0.0,2.0,0.0,0.0,0.0,0.0,0.0,0.0,0.0,0.0,0.0,0.0,0.0,0.0,,,,,,,,0.0,0.0,0.0,0.0,0.0,0.0,1,
Terry Mulholland,29.0,PHI,NL,-0.2,32.0,92.0,83.0,1.0,8.0,1.0,0.0,0.0,3.0,0.0,0.0,3.0,35.0,0.096,0.128,0.108,0.236,-32.0,0.135,-53.0,9.0,0.0,0.0,6.0,0.0,0.0,1,
Terry Pendleton#,31.0,ATL,NL,5.0,160.0,689.0,640.0,98.0,199.0,39.0,1.0,21.0,105.0,5.0,2.0,37.0,67.0,0.311,0.345,0.473,0.818,124.0,0.374,128.0,303.0,16.0,0.0,5.0,7.0,8.0,*5/H,"AS,MVP-2,GG"
Terry Shumpert,25.0,KCR,AL,-1.0,36.0,99.0,94.0,6.0,14.0,5.0,1.0,1.0,11.0,2.0,2.0,3.0,17.0,0.149,0.175,0.255,0.431,19.0,0.189,-3.0,24.0,2.0,0.0,2.0,0.0,0.0,4/H6D,
Terry Steinbach,30.0,OAK,AL,4.0,128.0,488.0,438.0,48.0,122.0,20.0,1.0,12.0,53.0,2.0,3.0,45.0,58.0,0.279,0.345,0.411,0.756,117.0,0.352,121.0,180.0,20.0,1.0,0.0,3.0,3.0,*2/3HD,
Thomas Howard#,27.0,2TM,2LG,1.1,122.0,391.0,361.0,37.0,100.0,15.0,2.0,2.0,32.0,15.0,8.0,17.0,60.0,0.277,0.308,0.346,0.654,85.0,0.315,89.0,125.0,4.0,0.0,11.0,2.0,1.0,7H89/D,
Thomas Howard#,27.0,SDP,NL,0.0,5.0,4.0,3.0,1.0,1.0,0.0,0.0,0.0,0.0,0.0,0.0,0.0,0.0,0.333,0.333,0.333,0.667,88.0,0.303,73.0,1.0,0.0,0.0,1.0,0.0,0.0,/H,
Thomas Howard#,27.0,CLE,AL,1.1,117.0,387.0,358.0,36.0,99.0,15.0,2.0,2.0,32.0,15.0,8.0,17.0,60.0,0.277,0.308,0.346,0.654,85.0,0.315,89.0,124.0,4.0,0.0,10.0,2.0,1.0,7H89/D,
Tim Belcher,30.0,CIN,NL,-0.3,35.0,83.0,76.0,3.0,8.0,1.0,0.0,1.0,4.0,0.0,0.0,0.0,28.0,0.105,0.105,0.158,0.263,-27.0,0.13,-65.0,12.0,1.0,0.0,7.0,0.0,0.0,1,
Tim Burke,33.0,NYM,NL,0.0,15.0,0.0,0.0,0.0,0.0,0.0,0.0,0.0,0.0,0.0,0.0,0.0,0.0,,,,,,,,0.0,0.0,0.0,0.0,0.0,0.0,1,
Tim Costo,23.0,CIN,NL,-0.4,12.0,42.0,36.0,3.0,8.0,2.0,0.0,0.0,2.0,0.0,0.0,5.0,6.0,0.222,0.31,0.278,0.587,65.0,0.276,58.0,10.0,4.0,0.0,0.0,1.0,0.0,3/H,
Tim Crews,31.0,LAD,NL,0.1,49.0,7.0,7.0,1.0,2.0,0.0,0.0,0.0,0.0,0.0,0.0,0.0,4.0,0.286,0.286,0.286,0.571,64.0,0.26,50.0,2.0,0.0,0.0,0.0,0.0,0.0,1,
Tim Hulett,32.0,BAL,AL,0.6,57.0,153.0,142.0,11.0,41.0,7.0,2.0,2.0,21.0,0.0,1.0,10.0,31.0,0.289,0.34,0.408,0.748,109.0,0.335,102.0,58.0,7.0,1.0,0.0,0.0,1.0,5HD4/6,
Tim Jones*,29.0,STL,NL,-0.7,67.0,158.0,145.0,9.0,29.0,4.0,0.0,0.0,3.0,5.0,2.0,11.0,29.0,0.2,0.256,0.228,0.484,40.0,0.234,30.0,33.0,1.0,0.0,2.0,0.0,1.0,64H/58,
Tim Laker,22.0,MON,NL,-0.2,28.0,48.0,46.0,8.0,10.0,3.0,0.0,0.0,4.0,1.0,1.0,2.0,14.0,0.217,0.25,0.283,0.533,51.0,0.259,52.0,13.0,1.0,0.0,0.0,0.0,0.0,2/H,
Tim McIntosh,27.0,MIL,AL,-0.7,35.0,84.0,77.0,7.0,14.0,3.0,0.0,0.0,6.0,1.0,3.0,3.0,9.0,0.182,0.229,0.221,0.45,28.0,0.209,23.0,17.0,1.0,2.0,1.0,1.0,0.0,2/73DH9,
Tim Naehring,25.0,BOS,AL,0.3,72.0,214.0,186.0,12.0,43.0,8.0,0.0,3.0,14.0,0.0,0.0,18.0,31.0,0.231,0.308,0.323,0.63,73.0,0.3,69.0,60.0,1.0,3.0,6.0,1.0,0.0,64H5/D7,
Tim Pugh,25.0,CIN,NL,-0.1,7.0,15.0,13.0,0.0,1.0,0.0,0.0,0.0,0.0,0.0,0.0,1.0,4.0,0.077,0.143,0.077,0.22,-37.0,0.115,-74.0,1.0,0.0,0.0,1.0,0.0,0.0,/1,
Tim Raines#,32.0,CHW,AL,6.3,144.0,644.0,551.0,102.0,162.0,22.0,9.0,7.0,54.0,45.0,6.0,81.0,48.0,0.294,0.38,0.405,0.784,122.0,0.383,127.0,223.0,5.0,0.0,4.0,8.0,4.0,*7D/H8,
Tim Salmon,23.0,CAL,AL,-0.2,23.0,92.0,79.0,8.0,14.0,1.0,0.0,2.0,6.0,1.0,1.0,11.0,23.0,0.177,0.283,0.266,0.548,55.0,0.277,61.0,21.0,1.0,1.0,0.0,1.0,1.0,9/H,
Tim Scott,25.0,SDP,NL,0.0,34.0,0.0,0.0,0.0,0.0,0.0,0.0,0.0,0.0,0.0,0.0,0.0,0.0,,,,,,,,0.0,0.0,0.0,0.0,0.0,0.0,1,
Tim Teufel,33.0,SDP,NL,0.6,101.0,279.0,246.0,23.0,55.0,10.0,0.0,6.0,25.0,2.0,1.0,31.0,45.0,0.224,0.312,0.337,0.649,83.0,0.311,86.0,83.0,7.0,1.0,0.0,1.0,3.0,45H/3,
Tim Wakefield,25.0,PIT,NL,-0.3,14.0,33.0,28.0,0.0,2.0,0.0,0.0,0.0,0.0,0.0,0.0,1.0,9.0,0.071,0.103,0.071,0.175,-49.0,0.087,-104.0,2.0,0.0,0.0,4.0,0.0,0.0,1/H,ROY-3
Tim Wallach,34.0,MON,NL,0.4,150.0,602.0,537.0,53.0,120.0,29.0,1.0,9.0,59.0,2.0,2.0,50.0,90.0,0.223,0.296,0.331,0.627,78.0,0.293,75.0,178.0,10.0,8.0,0.0,7.0,2.0,53/H,
Tino Martinez*,24.0,SEA,AL,0.3,136.0,513.0,460.0,53.0,118.0,19.0,2.0,16.0,66.0,2.0,1.0,42.0,77.0,0.257,0.316,0.411,0.727,103.0,0.325,94.0,189.0,24.0,2.0,1.0,8.0,9.0,3DH,
Todd Benzinger#,29.0,LAD,NL,-0.9,121.0,313.0,293.0,24.0,70.0,16.0,2.0,4.0,31.0,2.0,4.0,15.0,54.0,0.239,0.272,0.348,0.62,76.0,0.279,68.0,102.0,6.0,0.0,0.0,5.0,1.0,H397,
Todd Haney,26.0,MON,NL,-0.1,7.0,11.0,10.0,0.0,3.0,1.0,0.0,0.0,1.0,0.0,0.0,0.0,0.0,0.3,0.3,0.4,0.7,97.0,0.313,88.0,4.0,1.0,0.0,1.0,0.0,0.0,/4H,
Todd Hundley#,23.0,NYM,NL,-0.7,123.0,390.0,358.0,32.0,75.0,17.0,0.0,7.0,32.0,3.0,0.0,19.0,76.0,0.209,0.256,0.316,0.572,62.0,0.262,49.0,113.0,8.0,4.0,7.0,2.0,4.0,*2H,
Todd Pratt,25.0,PHI,NL,-0.1,16.0,50.0,46.0,6.0,13.0,1.0,0.0,2.0,10.0,0.0,0.0,4.0,12.0,0.283,0.34,0.435,0.775,119.0,0.352,118.0,20.0,2.0,0.0,0.0,0.0,0.0,2/H,
Todd Worrell,32.0,STL,NL,0.0,67.0,0.0,0.0,0.0,0.0,0.0,0.0,0.0,0.0,0.0,0.0,0.0,0.0,,,,,,,,0.0,0.0,0.0,0.0,0.0,0.0,1,
Todd Zeile,26.0,STL,NL,1.6,126.0,514.0,439.0,51.0,113.0,18.0,4.0,7.0,48.0,7.0,10.0,68.0,70.0,0.257,0.352,0.364,0.717,107.0,0.329,109.0,160.0,11.0,0.0,0.0,7.0,4.0,*5/H,
Tom Bolton*,30.0,CIN,NL,-0.2,16.0,15.0,14.0,0.0,0.0,0.0,0.0,0.0,0.0,0.0,0.0,0.0,5.0,0.0,0.0,0.0,0.0,-100.0,0.0,-165.0,0.0,0.0,0.0,1.0,0.0,0.0,1,
Tom Browning*,32.0,CIN,NL,0.0,16.0,35.0,31.0,4.0,7.0,1.0,0.0,0.0,2.0,0.0,0.0,1.0,6.0,0.226,0.242,0.258,0.5,40.0,0.226,16.0,8.0,1.0,0.0,2.0,1.0,0.0,1,
Tom Brunansky,31.0,BOS,AL,1.4,138.0,533.0,458.0,47.0,122.0,31.0,3.0,15.0,74.0,2.0,5.0,66.0,96.0,0.266,0.354,0.445,0.799,118.0,0.363,118.0,204.0,11.0,0.0,2.0,7.0,2.0,93DH,
Tom Candiotti,35.0,LAD,NL,-0.4,32.0,69.0,56.0,3.0,6.0,1.0,0.0,0.0,1.0,0.0,0.0,1.0,9.0,0.107,0.123,0.125,0.248,-29.0,0.115,-91.0,7.0,5.0,0.0,12.0,0.0,0.0,1,
Tom Filer,35.0,NYM,NL,0.0,9.0,3.0,3.0,0.0,0.0,0.0,0.0,0.0,0.0,0.0,0.0,0.0,1.0,0.0,0.0,0.0,0.0,-100.0,0.0,-143.0,0.0,0.0,0.0,0.0,0.0,0.0,/1,
Tom Foley*,32.0,MON,NL,-0.8,72.0,129.0,115.0,7.0,20.0,3.0,1.0,0.0,5.0,3.0,0.0,8.0,21.0,0.174,0.23,0.217,0.448,28.0,0.217,9.0,25.0,6.0,1.0,3.0,2.0,2.0,6H43/57,
Tom Glavine*,26.0,ATL,NL,0.6,35.0,90.0,77.0,11.0,19.0,1.0,1.0,0.0,7.0,0.0,0.0,3.0,10.0,0.247,0.272,0.286,0.557,54.0,0.265,41.0,22.0,0.0,0.0,9.0,1.0,0.0,1/H,"AS,CYA-2,MVP-10"
Tom Goodwin*,23.0,LAD,NL,0.2,57.0,79.0,73.0,15.0,17.0,1.0,1.0,0.0,3.0,7.0,3.0,6.0,10.0,0.233,0.291,0.274,0.565,62.0,0.281,63.0,20.0,0.0,0.0,0.0,0.0,0.0,7H/89,
Tom Lampkin*,28.0,SDP,NL,0.3,9.0,24.0,17.0,3.0,4.0,0.0,0.0,0.0,0.0,2.0,0.0,6.0,1.0,0.235,0.458,0.235,0.694,101.0,0.38,121.0,4.0,0.0,1.0,0.0,0.0,0.0,/2H7,
Tom Marsh,26.0,PHI,NL,-0.9,42.0,132.0,125.0,7.0,25.0,3.0,2.0,2.0,16.0,0.0,1.0,2.0,23.0,0.2,0.215,0.304,0.519,46.0,0.236,33.0,38.0,2.0,1.0,2.0,2.0,0.0,79/H,
Tom Pagnozzi,29.0,STL,NL,1.0,139.0,523.0,485.0,33.0,121.0,26.0,3.0,7.0,44.0,2.0,5.0,28.0,64.0,0.249,0.29,0.359,0.649,86.0,0.293,79.0,174.0,15.0,1.0,6.0,3.0,9.0,*2/H,"AS,GG"
Tom Prince,27.0,PIT,NL,-0.4,27.0,52.0,44.0,1.0,4.0,2.0,0.0,0.0,5.0,1.0,1.0,6.0,9.0,0.091,0.192,0.136,0.329,-5.0,0.198,7.0,6.0,2.0,0.0,0.0,2.0,0.0,2H/5,
Tom Quinlan,24.0,TOR,AL,-0.2,13.0,17.0,15.0,2.0,1.0,1.0,0.0,0.0,2.0,0.0,0.0,2.0,9.0,0.067,0.176,0.133,0.31,-13.0,0.217,13.0,2.0,0.0,0.0,0.0,0.0,0.0,5/H,
Tommy Barrett#,32.0,BOS,AL,0.1,4.0,6.0,3.0,1.0,0.0,0.0,0.0,0.0,0.0,0.0,0.0,2.0,0.0,0.0,0.4,0.0,0.4,19.0,0.288,55.0,0.0,0.0,0.0,1.0,0.0,0.0,/4H,
Tommy Greene,25.0,PHI,NL,-0.1,13.0,24.0,24.0,1.0,3.0,0.0,0.0,0.0,0.0,0.0,0.0,0.0,12.0,0.125,0.125,0.125,0.25,-29.0,0.114,-60.0,3.0,0.0,0.0,0.0,0.0,0.0,1,
Tommy Gregg*,28.0,ATL,NL,0.0,18.0,20.0,19.0,1.0,5.0,0.0,0.0,1.0,1.0,1.0,0.0,1.0,7.0,0.263,0.3,0.421,0.721,97.0,0.387,128.0,8.0,1.0,0.0,0.0,0.0,0.0,H/897,
Tommy Shields*,27.0,BAL,AL,0.0,2.0,0.0,0.0,0.0,0.0,0.0,0.0,0.0,0.0,0.0,0.0,0.0,0.0,,,,,,,,0.0,0.0,0.0,0.0,0.0,0.0,/H,
Tony Fernández#,30.0,SDP,NL,1.1,155.0,694.0,622.0,84.0,171.0,32.0,4.0,4.0,37.0,20.0,20.0,56.0,62.0,0.275,0.337,0.359,0.696,96.0,0.318,96.0,223.0,6.0,4.0,9.0,3.0,4.0,*6,AS
Tony Gwynn*,32.0,SDP,NL,4.6,128.0,569.0,520.0,77.0,165.0,27.0,3.0,6.0,41.0,3.0,6.0,46.0,16.0,0.317,0.371,0.415,0.786,121.0,0.351,119.0,216.0,12.0,0.0,0.0,3.0,12.0,*9/H,AS
Tony Menéndez,27.0,CIN,NL,0.0,3.0,0.0,0.0,0.0,0.0,0.0,0.0,0.0,0.0,0.0,0.0,0.0,0.0,,,,,,,,0.0,0.0,0.0,0.0,0.0,0.0,/1,
Tony Perezchica,26.0,CLE,AL,-0.3,18.0,24.0,20.0,2.0,2.0,1.0,0.0,0.0,1.0,0.0,0.0,2.0,6.0,0.1,0.182,0.15,0.332,-5.0,0.209,6.0,3.0,0.0,0.0,2.0,0.0,0.0,/546HD,
Tony Peña,35.0,BOS,AL,0.3,133.0,450.0,410.0,39.0,99.0,21.0,1.0,1.0,38.0,3.0,2.0,24.0,61.0,0.241,0.284,0.305,0.589,62.0,0.287,60.0,125.0,11.0,1.0,13.0,2.0,0.0,*2/H,
Tony Phillips#,33.0,DET,AL,5.1,159.0,733.0,606.0,114.0,167.0,32.0,3.0,10.0,64.0,12.0,10.0,114.0,93.0,0.276,0.387,0.388,0.775,119.0,0.37,128.0,235.0,13.0,1.0,5.0,7.0,2.0,49D857/6H,
Tracy Woodson,29.0,STL,NL,0.6,31.0,119.0,114.0,9.0,35.0,8.0,0.0,1.0,22.0,0.0,0.0,3.0,10.0,0.307,0.331,0.404,0.734,110.0,0.348,118.0,46.0,1.0,1.0,1.0,0.0,0.0,5/3H,
Travis Fryman,23.0,DET,AL,4.9,161.0,721.0,659.0,87.0,175.0,31.0,4.0,20.0,96.0,8.0,4.0,45.0,144.0,0.266,0.316,0.416,0.731,104.0,0.346,108.0,274.0,13.0,6.0,5.0,6.0,1.0,*65,"AS,SS"
Trevor Wilson*,26.0,SFG,NL,-0.2,27.0,49.0,39.0,3.0,3.0,1.0,0.0,0.0,3.0,0.0,0.0,3.0,21.0,0.077,0.143,0.103,0.245,-28.0,0.125,-70.0,4.0,2.0,0.0,7.0,0.0,0.0,1/H,
Troy Afenir,28.0,CIN,NL,0.2,16.0,40.0,34.0,3.0,6.0,1.0,2.0,0.0,4.0,0.0,0.0,5.0,12.0,0.176,0.282,0.324,0.606,69.0,0.327,96.0,11.0,0.0,0.0,1.0,0.0,0.0,2/H,
Troy Neel*,26.0,OAK,AL,0.1,24.0,59.0,53.0,8.0,14.0,3.0,0.0,3.0,9.0,0.0,1.0,5.0,15.0,0.264,0.339,0.491,0.83,137.0,0.364,134.0,26.0,1.0,1.0,0.0,0.0,0.0,/7DH3,
Turner Ward#,27.0,TOR,AL,0.5,18.0,33.0,29.0,7.0,10.0,3.0,0.0,1.0,3.0,0.0,1.0,4.0,4.0,0.345,0.424,0.552,0.976,168.0,0.422,170.0,16.0,1.0,0.0,0.0,0.0,0.0,/9H87,
Vicente Palacios,28.0,PIT,NL,-0.1,20.0,16.0,14.0,0.0,1.0,0.0,0.0,0.0,0.0,0.0,0.0,0.0,6.0,0.071,0.071,0.071,0.143,-59.0,0.065,-123.0,1.0,0.0,0.0,2.0,0.0,0.0,1,
Victor Cole#,24.0,PIT,NL,-0.1,8.0,5.0,4.0,0.0,0.0,0.0,0.0,0.0,0.0,0.0,0.0,0.0,0.0,0.0,0.0,0.0,0.0,-100.0,0.0,-205.0,0.0,0.0,0.0,1.0,0.0,0.0,/1,
Vince Coleman#,30.0,NYM,NL,0.8,71.0,261.0,229.0,37.0,63.0,11.0,1.0,2.0,21.0,24.0,9.0,27.0,41.0,0.275,0.355,0.358,0.713,104.0,0.337,103.0,82.0,1.0,2.0,2.0,1.0,3.0,78H,
Vinny Castilla,24.0,ATL,NL,0.0,9.0,18.0,16.0,1.0,4.0,1.0,0.0,0.0,1.0,0.0,0.0,1.0,4.0,0.25,0.333,0.313,0.646,79.0,0.281,56.0,5.0,0.0,1.0,0.0,0.0,1.0,/56H,
Von Hayes*,33.0,CAL,AL,-0.8,94.0,350.0,307.0,35.0,69.0,17.0,1.0,4.0,29.0,11.0,6.0,37.0,54.0,0.225,0.305,0.326,0.631,78.0,0.297,74.0,100.0,9.0,0.0,3.0,3.0,4.0,9/HD3,
Wade Boggs*,34.0,BOS,AL,2.2,143.0,598.0,514.0,62.0,133.0,22.0,4.0,7.0,50.0,1.0,3.0,74.0,31.0,0.259,0.353,0.358,0.711,96.0,0.328,91.0,184.0,10.0,4.0,0.0,6.0,19.0,*5D/H,AS
Wally Backman#,32.0,PHI,NL,0.2,42.0,55.0,48.0,6.0,13.0,1.0,0.0,0.0,6.0,1.0,0.0,6.0,9.0,0.271,0.352,0.292,0.644,85.0,0.319,90.0,14.0,3.0,0.0,1.0,0.0,1.0,H4/5,
Wally Joyner*,30.0,KCR,AL,1.3,149.0,633.0,572.0,66.0,154.0,36.0,2.0,9.0,66.0,11.0,5.0,55.0,50.0,0.269,0.336,0.386,0.723,101.0,0.339,101.0,221.0,19.0,4.0,0.0,2.0,4.0,*3/DH,
Wally Ritchie*,26.0,PHI,NL,0.0,40.0,2.0,1.0,0.0,0.0,0.0,0.0,0.0,0.0,0.0,0.0,1.0,1.0,0.0,0.5,0.0,0.5,54.0,0.35,115.0,0.0,0.0,0.0,0.0,0.0,0.0,1,
Wally Whitehurst,28.0,NYM,NL,0.2,44.0,24.0,22.0,1.0,4.0,1.0,0.0,0.0,3.0,0.0,1.0,1.0,5.0,0.182,0.217,0.227,0.445,27.0,0.225,38.0,5.0,0.0,0.0,1.0,0.0,0.0,1,
Walt Weiss#,28.0,OAK,AL,-0.7,103.0,375.0,316.0,36.0,67.0,5.0,2.0,0.0,21.0,6.0,3.0,43.0,39.0,0.212,0.305,0.241,0.545,59.0,0.267,57.0,76.0,10.0,1.0,11.0,4.0,1.0,6/H,
Warren Newson*,27.0,CHW,AL,0.0,63.0,173.0,136.0,19.0,30.0,3.0,0.0,1.0,11.0,3.0,0.0,37.0,38.0,0.221,0.387,0.265,0.652,87.0,0.338,101.0,36.0,4.0,0.0,0.0,0.0,2.0,9H7/D,
Wayne Kirby*,28.0,CLE,AL,-0.2,21.0,21.0,18.0,9.0,3.0,1.0,0.0,1.0,1.0,0.0,3.0,3.0,2.0,0.167,0.286,0.389,0.675,90.0,0.236,85.0,7.0,1.0,0.0,0.0,0.0,0.0,H/D79,
Wes Chamberlain,26.0,PHI,NL,0.1,76.0,289.0,275.0,26.0,71.0,18.0,0.0,9.0,41.0,4.0,0.0,10.0,55.0,0.258,0.285,0.422,0.707,98.0,0.331,100.0,116.0,7.0,1.0,1.0,2.0,2.0,97/H,
Wil Cordero,20.0,MON,NL,0.7,45.0,137.0,126.0,17.0,38.0,4.0,1.0,2.0,8.0,0.0,0.0,9.0,31.0,0.302,0.353,0.397,0.75,113.0,0.363,127.0,50.0,3.0,1.0,1.0,0.0,0.0,6/4H,
Will Clark*,28.0,SFG,NL,3.8,144.0,601.0,513.0,69.0,154.0,40.0,1.0,16.0,73.0,12.0,7.0,73.0,82.0,0.3,0.384,0.476,0.86,148.0,0.379,146.0,244.0,5.0,4.0,0.0,11.0,23.0,*3/H,AS
Will Pennyfeather,24.0,PIT,NL,-0.2,15.0,10.0,9.0,2.0,2.0,0.0,0.0,0.0,0.0,0.0,0.0,0.0,0.0,0.222,0.222,0.222,0.444,27.0,0.202,-3.0,2.0,1.0,0.0,1.0,0.0,0.0,/8H97,
William Suero,25.0,MIL,AL,0.0,18.0,19.0,16.0,4.0,3.0,1.0,0.0,0.0,0.0,1.0,1.0,2.0,1.0,0.188,0.316,0.25,0.566,62.0,0.267,64.0,4.0,2.0,1.0,0.0,0.0,0.0,4/HD6,
Willie Blair,26.0,HOU,NL,-0.1,29.0,19.0,17.0,0.0,1.0,0.0,0.0,0.0,0.0,0.0,0.0,1.0,14.0,0.059,0.111,0.059,0.17,-49.0,0.089,-82.0,1.0,0.0,0.0,1.0,0.0,0.0,1,
Willie Greene*,20.0,CIN,NL,-0.1,29.0,104.0,93.0,10.0,25.0,5.0,2.0,2.0,13.0,0.0,2.0,10.0,23.0,0.269,0.337,0.43,0.767,113.0,0.335,109.0,40.0,1.0,0.0,0.0,1.0,0.0,5/H,
Willie McGee#,33.0,SFG,NL,1.9,138.0,510.0,474.0,56.0,141.0,20.0,2.0,1.0,36.0,13.0,4.0,29.0,88.0,0.297,0.339,0.354,0.693,102.0,0.325,101.0,168.0,7.0,1.0,5.0,1.0,3.0,*98H,
Willie Randolph,37.0,NYM,NL,0.9,90.0,336.0,286.0,29.0,72.0,11.0,1.0,2.0,15.0,1.0,3.0,40.0,34.0,0.252,0.352,0.318,0.67,93.0,0.331,106.0,91.0,6.0,4.0,6.0,0.0,1.0,4H,
Willie Wilson#,36.0,OAK,AL,2.3,132.0,437.0,396.0,38.0,107.0,15.0,5.0,0.0,37.0,28.0,8.0,35.0,65.0,0.27,0.329,0.333,0.662,92.0,0.323,94.0,132.0,11.0,1.0,2.0,3.0,2.0,*8H/D9,
Xavier Hernandez*,26.0,HOU,NL,-0.1,77.0,9.0,9.0,1.0,0.0,0.0,0.0,0.0,0.0,0.0,0.0,0.0,5.0,0.0,0.0,0.0,0.0,-100.0,0.0,-138.0,0.0,0.0,0.0,0.0,0.0,0.0,1,
Zane Smith*,31.0,PIT,NL,-0.1,26.0,54.0,49.0,2.0,6.0,2.0,0.0,0.0,3.0,0.0,0.0,2.0,11.0,0.122,0.157,0.163,0.32,-9.0,0.15,-40.0,8.0,0.0,0.0,3.0,0.0,0.0,1/H,
Óscar Azócar*,27.0,SDP,NL,-0.6,99.0,182.0,168.0,15.0,32.0,6.0,0.0,0.0,8.0,1.0,0.0,9.0,12.0,0.19,0.23,0.226,0.457,29.0,0.232,24.0,38.0,3.0,0.0,4.0,1.0,1.0,H7/9,
