Player,Age,Team,Lg,WAR,G,PA,AB,R,H,2B,3B,HR,RBI,SB,CS,BB,SO,BA,OBP,SLG,OPS,OPS+,rOBA,Rbat+,TB,GIDP,HBP,SH,SF,IBB,Pos,Awards
Aaron Hicks#,30.0,NYY,AL,0.7,54.0,211.0,169.0,28.0,38.0,10.0,2.0,6.0,21.0,4.0,1.0,41.0,38.0,0.225,0.379,0.414,0.793,122.0,0.356,124.0,70.0,4.0,1.0,0.0,0.0,1.0,*8/HD,
Aaron Judge,28.0,NYY,AL,1.1,28.0,114.0,101.0,23.0,26.0,3.0,0.0,9.0,22.0,0.0,1.0,10.0,32.0,0.257,0.336,0.554,0.891,143.0,0.379,145.0,56.0,5.0,2.0,0.0,0.0,0.0,9/DH,
Aaron Nola,27.0,PHI,NL,0.0,1.0,0.0,0.0,0.0,0.0,0.0,0.0,0.0,0.0,0.0,0.0,0.0,0.0,,,,,,,,0.0,0.0,0.0,0.0,0.0,0.0,1,CYA-7
Aaron Whitefield,23.0,MIN,AL,0.1,3.0,1.0,1.0,1.0,0.0,0.0,0.0,0.0,0.0,0.0,0.0,0.0,0.0,0.0,0.0,0.0,0.0,-100.0,0.0,-125.0,0.0,0.0,0.0,0.0,0.0,0.0,/8H,
Abraham Almonte#,31.0,SDP,NL,-0.2,7.0,13.0,11.0,0.0,1.0,0.0,0.0,0.0,0.0,1.0,1.0,2.0,4.0,0.091,0.231,0.091,0.322,-5.0,0.156,2.0,1.0,0.0,0.0,0.0,0.0,0.0,/D7H8,
Abraham Toro#,23.0,HOU,AL,-0.7,33.0,97.0,87.0,13.0,13.0,2.0,0.0,3.0,9.0,1.0,1.0,3.0,23.0,0.149,0.237,0.276,0.513,40.0,0.249,47.0,24.0,1.0,7.0,0.0,0.0,0.0,5DH/34,
Adalberto Mondesí#,24.0,KCR,AL,1.3,59.0,233.0,219.0,33.0,56.0,11.0,3.0,6.0,22.0,24.0,8.0,11.0,70.0,0.256,0.294,0.416,0.71,90.0,0.319,88.0,91.0,4.0,1.0,2.0,0.0,0.0,*6,
Adam Duvall,31.0,ATL,NL,0.8,57.0,209.0,190.0,34.0,45.0,8.0,0.0,16.0,33.0,0.0,0.0,15.0,54.0,0.237,0.301,0.532,0.833,114.0,0.358,114.0,101.0,2.0,3.0,0.0,1.0,0.0,*79/H8D,
Adam Eaton*,31.0,WSN,NL,-0.6,41.0,176.0,159.0,22.0,36.0,11.0,1.0,4.0,17.0,3.0,0.0,12.0,32.0,0.226,0.285,0.384,0.669,79.0,0.296,74.0,61.0,4.0,1.0,4.0,0.0,1.0,*9/H,
Adam Engel,28.0,CHW,AL,0.7,36.0,93.0,88.0,11.0,26.0,5.0,1.0,3.0,12.0,1.0,0.0,3.0,19.0,0.295,0.333,0.477,0.811,120.0,0.366,128.0,42.0,1.0,2.0,0.0,0.0,0.0,9H/78,
Adam Frazier*,28.0,PIT,NL,0.8,58.0,230.0,209.0,22.0,48.0,7.0,0.0,7.0,23.0,1.0,3.0,17.0,35.0,0.23,0.297,0.364,0.661,79.0,0.289,78.0,76.0,3.0,3.0,1.0,0.0,0.0,*47/HD,
Adam Haseley*,24.0,PHI,NL,0.0,40.0,92.0,79.0,7.0,22.0,5.0,0.0,0.0,13.0,0.0,0.0,7.0,17.0,0.278,0.348,0.342,0.69,88.0,0.326,98.0,27.0,3.0,2.0,3.0,1.0,1.0,87/9H,
Adam Kolarek*,31.0,LAD,NL,0.0,1.0,0.0,0.0,0.0,0.0,0.0,0.0,0.0,0.0,0.0,0.0,0.0,0.0,,,,,,,,0.0,0.0,0.0,0.0,0.0,0.0,1/9,
Adam Plutko,28.0,CLE,AL,0.0,1.0,0.0,0.0,0.0,0.0,0.0,0.0,0.0,0.0,0.0,0.0,0.0,0.0,,,,,,,,0.0,0.0,0.0,0.0,0.0,0.0,1,
Adeiny Hechavarría,31.0,ATL,NL,-0.2,27.0,63.0,59.0,7.0,15.0,3.0,0.0,0.0,2.0,0.0,0.0,4.0,12.0,0.254,0.302,0.305,0.607,61.0,0.285,63.0,18.0,1.0,0.0,0.0,0.0,0.0,4/56HD,
Adolis García,27.0,TEX,AL,0.0,3.0,7.0,6.0,0.0,0.0,0.0,0.0,0.0,0.0,0.0,0.0,1.0,4.0,0.0,0.143,0.0,0.143,-55.0,0.1,-55.0,0.0,0.0,0.0,0.0,0.0,0.0,/7,
AJ Pollock,32.0,LAD,NL,0.8,55.0,210.0,196.0,30.0,54.0,9.0,0.0,16.0,34.0,2.0,2.0,12.0,45.0,0.276,0.314,0.566,0.881,132.0,0.364,127.0,111.0,6.0,0.0,0.0,2.0,1.0,*78D/H,
Albert Almora,26.0,CHC,NL,-0.1,28.0,34.0,30.0,4.0,5.0,1.0,0.0,0.0,1.0,0.0,0.0,3.0,9.0,0.167,0.265,0.2,0.465,29.0,0.223,26.0,6.0,0.0,1.0,0.0,0.0,0.0,8/H,
Albert Pujols,40.0,LAA,AL,-0.1,39.0,163.0,152.0,15.0,34.0,8.0,0.0,6.0,25.0,0.0,0.0,9.0,25.0,0.224,0.27,0.395,0.665,79.0,0.283,70.0,60.0,4.0,1.0,0.0,1.0,1.0,3D/H,
Alec Bohm,23.0,PHI,NL,0.7,44.0,180.0,160.0,24.0,54.0,11.0,0.0,4.0,23.0,1.0,1.0,16.0,36.0,0.338,0.4,0.481,0.881,137.0,0.385,139.0,77.0,4.0,2.0,0.0,2.0,0.0,5/3D,ROY-2
Alec Mills,28.0,CHC,NL,0.0,1.0,1.0,1.0,0.0,0.0,0.0,0.0,0.0,0.0,0.0,0.0,0.0,1.0,0.0,0.0,0.0,0.0,-100.0,0.0,-133.0,0.0,0.0,0.0,0.0,0.0,0.0,1/H,
Aledmys Díaz,29.0,HOU,AL,0.1,17.0,59.0,58.0,8.0,14.0,5.0,0.0,3.0,6.0,0.0,0.0,1.0,12.0,0.241,0.254,0.483,0.737,95.0,0.308,87.0,28.0,1.0,0.0,0.0,0.0,0.0,4/53D7H,
Alejandro Kirk,21.0,TOR,AL,0.2,9.0,25.0,24.0,4.0,9.0,2.0,0.0,1.0,3.0,0.0,0.0,1.0,4.0,0.375,0.4,0.583,0.983,166.0,0.414,163.0,14.0,0.0,0.0,0.0,0.0,0.0,/2DH,
Alex Avila*,33.0,MIN,AL,0.4,23.0,62.0,49.0,6.0,9.0,2.0,0.0,1.0,2.0,0.0,0.0,11.0,22.0,0.184,0.355,0.286,0.641,82.0,0.305,88.0,14.0,2.0,2.0,0.0,0.0,0.0,2/DH,
Alex Bregman,26.0,HOU,AL,1.0,42.0,180.0,153.0,19.0,37.0,12.0,1.0,6.0,22.0,0.0,0.0,24.0,26.0,0.242,0.35,0.451,0.801,117.0,0.344,112.0,69.0,2.0,2.0,0.0,1.0,1.0,*5/H,
Alex Dickerson*,30.0,SFG,NL,0.8,52.0,170.0,151.0,28.0,45.0,10.0,1.0,10.0,27.0,0.0,0.0,16.0,30.0,0.298,0.371,0.576,0.947,156.0,0.399,154.0,87.0,5.0,2.0,0.0,1.0,2.0,*7H/9D,
Alex Gordon*,36.0,KCR,AL,0.3,50.0,184.0,163.0,15.0,34.0,4.0,0.0,4.0,11.0,0.0,0.0,18.0,37.0,0.209,0.299,0.307,0.606,65.0,0.288,71.0,50.0,0.0,3.0,0.0,0.0,0.0,*7/H,GG
Alex Jackson,24.0,ATL,NL,0.0,5.0,7.0,7.0,0.0,2.0,1.0,0.0,0.0,0.0,0.0,0.0,0.0,4.0,0.286,0.286,0.429,0.714,85.0,0.305,77.0,3.0,1.0,0.0,0.0,0.0,0.0,/2H,
Alex Verdugo*,24.0,BOS,AL,2.2,53.0,221.0,201.0,36.0,62.0,16.0,0.0,6.0,15.0,4.0,0.0,17.0,45.0,0.308,0.367,0.478,0.844,123.0,0.373,124.0,96.0,4.0,2.0,0.0,1.0,1.0,*97/H8D,MVP-12
Ali Sánchez,23.0,NYM,NL,-0.1,5.0,10.0,9.0,0.0,1.0,0.0,0.0,0.0,0.0,0.0,0.0,1.0,3.0,0.111,0.2,0.111,0.311,-10.0,0.16,-12.0,1.0,2.0,0.0,0.0,0.0,0.0,/2,
Amed Rosario,24.0,NYM,NL,0.0,46.0,147.0,143.0,20.0,36.0,3.0,1.0,4.0,15.0,0.0,1.0,4.0,34.0,0.252,0.272,0.371,0.643,75.0,0.284,76.0,53.0,5.0,0.0,0.0,0.0,0.0,*6/H,
Anderson Tejeda#,22.0,TEX,AL,0.4,23.0,77.0,75.0,7.0,19.0,4.0,1.0,3.0,8.0,4.0,1.0,2.0,30.0,0.253,0.273,0.453,0.726,96.0,0.312,89.0,34.0,2.0,0.0,0.0,0.0,0.0,6/4D,
Andrelton Simmons,30.0,LAA,AL,0.6,30.0,127.0,118.0,19.0,35.0,7.0,0.0,0.0,10.0,2.0,0.0,8.0,16.0,0.297,0.346,0.356,0.702,94.0,0.336,105.0,42.0,5.0,1.0,0.0,0.0,0.0,6,
Andrew Benintendi*,25.0,BOS,AL,-0.1,14.0,52.0,39.0,4.0,4.0,1.0,0.0,0.0,1.0,1.0,2.0,11.0,17.0,0.103,0.314,0.128,0.442,25.0,0.239,43.0,5.0,1.0,1.0,1.0,0.0,0.0,7/H,
Andrew Knapp#,28.0,PHI,NL,0.8,33.0,89.0,72.0,9.0,20.0,4.0,1.0,2.0,15.0,0.0,0.0,15.0,19.0,0.278,0.404,0.444,0.849,130.0,0.383,137.0,32.0,1.0,1.0,0.0,1.0,0.0,2/HD3,
Andrew Knizner,25.0,STL,NL,-0.1,8.0,17.0,16.0,1.0,4.0,1.0,0.0,0.0,4.0,0.0,0.0,0.0,5.0,0.25,0.235,0.313,0.548,50.0,0.231,38.0,5.0,2.0,0.0,0.0,1.0,0.0,/2HD,
Andrew McCutchen,33.0,PHI,NL,-0.1,57.0,241.0,217.0,32.0,55.0,9.0,0.0,10.0,34.0,4.0,0.0,22.0,48.0,0.253,0.324,0.433,0.757,102.0,0.338,103.0,94.0,4.0,1.0,0.0,1.0,0.0,7D/H,
Andrew Romine#,34.0,TEX,AL,0.0,2.0,4.0,4.0,1.0,1.0,1.0,0.0,0.0,0.0,0.0,0.0,0.0,1.0,0.25,0.25,0.5,0.75,100.0,0.309,90.0,2.0,0.0,0.0,0.0,0.0,0.0,/6DH,
Andrew Stevenson*,26.0,WSN,NL,0.8,15.0,47.0,41.0,11.0,15.0,7.0,1.0,2.0,12.0,2.0,0.0,5.0,11.0,0.366,0.447,0.732,1.179,212.0,0.495,209.0,30.0,0.0,1.0,0.0,0.0,0.0,/79H8,
Andrew Susac,30.0,PIT,NL,0.0,1.0,4.0,2.0,0.0,0.0,0.0,0.0,0.0,0.0,0.0,0.0,2.0,0.0,0.0,0.5,0.0,0.5,55.0,0.352,118.0,0.0,0.0,0.0,0.0,0.0,0.0,/2,
Andrew Velazquez#,25.0,BAL,AL,0.2,40.0,77.0,63.0,11.0,10.0,1.0,1.0,0.0,3.0,4.0,2.0,10.0,23.0,0.159,0.274,0.206,0.48,34.0,0.237,34.0,13.0,2.0,0.0,4.0,0.0,0.0,6H/784,
Andrew Young,26.0,ARI,NL,-0.1,12.0,34.0,26.0,3.0,5.0,2.0,0.0,1.0,4.0,0.0,0.0,5.0,10.0,0.192,0.382,0.385,0.767,110.0,0.352,116.0,10.0,0.0,3.0,0.0,0.0,0.0,/4D5H7,
Andrés Giménez*,21.0,NYM,NL,1.0,49.0,132.0,118.0,22.0,31.0,3.0,2.0,3.0,12.0,8.0,1.0,7.0,28.0,0.263,0.333,0.398,0.732,101.0,0.332,100.0,47.0,0.0,6.0,0.0,1.0,0.0,645/H,ROY-7
Anthony Alford,25.0,2TM,2LG,-0.2,18.0,29.0,28.0,5.0,6.0,0.0,1.0,2.0,7.0,3.0,0.0,1.0,8.0,0.214,0.241,0.5,0.741,96.0,0.324,83.0,14.0,0.0,0.0,0.0,0.0,0.0,/78HD9,
Anthony Alford,25.0,TOR,AL,-0.2,13.0,16.0,16.0,3.0,3.0,0.0,0.0,1.0,3.0,3.0,0.0,0.0,7.0,0.188,0.188,0.375,0.563,49.0,0.268,30.0,6.0,0.0,0.0,0.0,0.0,0.0,/7H8D9,
Anthony Alford,25.0,PIT,NL,-0.1,5.0,13.0,12.0,2.0,3.0,0.0,1.0,1.0,4.0,0.0,0.0,1.0,1.0,0.25,0.308,0.667,0.974,155.0,0.393,147.0,8.0,0.0,0.0,0.0,0.0,0.0,/87H,
Anthony Bemboom*,30.0,LAA,AL,0.4,21.0,60.0,48.0,9.0,10.0,1.0,0.0,3.0,5.0,0.0,1.0,7.0,13.0,0.208,0.328,0.417,0.744,103.0,0.314,98.0,20.0,0.0,2.0,2.0,1.0,0.0,2/1H,
Anthony Rendon,30.0,LAA,AL,2.2,52.0,232.0,189.0,29.0,54.0,11.0,1.0,9.0,31.0,0.0,0.0,38.0,31.0,0.286,0.418,0.497,0.915,150.0,0.399,152.0,94.0,10.0,5.0,0.0,0.0,2.0,*5,MVP-10
Anthony Rizzo*,30.0,CHC,NL,1.0,58.0,243.0,203.0,26.0,45.0,6.0,0.0,11.0,24.0,3.0,1.0,28.0,38.0,0.222,0.342,0.414,0.755,103.0,0.344,110.0,84.0,6.0,10.0,0.0,2.0,4.0,*3/DH,GG
Anthony Santander#,25.0,BAL,AL,1.6,37.0,165.0,153.0,24.0,40.0,13.0,1.0,11.0,32.0,0.0,1.0,10.0,25.0,0.261,0.315,0.575,0.89,135.0,0.368,130.0,88.0,2.0,2.0,0.0,0.0,3.0,9/7D,
Aristides Aquino,26.0,CIN,NL,-0.1,23.0,56.0,47.0,7.0,8.0,1.0,0.0,2.0,8.0,1.0,0.0,6.0,18.0,0.17,0.304,0.319,0.623,63.0,0.308,74.0,15.0,1.0,3.0,0.0,0.0,0.0,7/H9D8,
Asdrúbal Cabrera#,34.0,WSN,NL,0.1,52.0,213.0,190.0,23.0,46.0,9.0,3.0,8.0,31.0,0.0,0.0,19.0,40.0,0.242,0.305,0.447,0.753,101.0,0.32,95.0,85.0,6.0,0.0,0.0,4.0,0.0,35D/H,
Austin Adams,29.0,SDP,NL,0.0,1.0,1.0,1.0,0.0,0.0,0.0,0.0,0.0,0.0,0.0,0.0,0.0,1.0,0.0,0.0,0.0,0.0,-100.0,0.0,-125.0,0.0,0.0,0.0,0.0,0.0,0.0,/1,
Austin Allen*,26.0,OAK,AL,-0.2,14.0,32.0,31.0,1.0,6.0,1.0,0.0,1.0,3.0,0.0,0.0,1.0,14.0,0.194,0.219,0.323,0.541,49.0,0.234,42.0,10.0,0.0,0.0,0.0,0.0,0.0,2,
Austin Barnes,30.0,LAD,NL,0.7,29.0,104.0,86.0,14.0,21.0,3.0,0.0,1.0,9.0,3.0,0.0,13.0,24.0,0.244,0.353,0.314,0.667,84.0,0.321,90.0,27.0,0.0,2.0,2.0,1.0,0.0,2/DH,
Austin Davis*,27.0,PHI,NL,0.0,1.0,0.0,0.0,0.0,0.0,0.0,0.0,0.0,0.0,0.0,0.0,0.0,0.0,,,,,,,,0.0,0.0,0.0,0.0,0.0,0.0,/1,
Austin Dean,26.0,STL,NL,0.0,3.0,7.0,4.0,1.0,1.0,1.0,0.0,0.0,0.0,0.0,0.0,3.0,2.0,0.25,0.571,0.5,1.071,202.0,0.478,209.0,2.0,0.0,0.0,0.0,0.0,0.0,/739H,
Austin Hays,24.0,BAL,AL,0.8,33.0,134.0,122.0,20.0,34.0,2.0,0.0,4.0,9.0,2.0,3.0,8.0,25.0,0.279,0.328,0.393,0.722,96.0,0.332,108.0,48.0,1.0,2.0,0.0,2.0,0.0,87/9H,
Austin Hedges,27.0,2TM,2LG,-0.1,35.0,83.0,69.0,7.0,10.0,1.0,0.0,3.0,6.0,1.0,1.0,6.0,23.0,0.145,0.231,0.29,0.521,44.0,0.23,38.0,20.0,3.0,2.0,5.0,1.0,0.0,2/DH,
Austin Hedges,27.0,SDP,NL,0.0,29.0,71.0,57.0,7.0,9.0,1.0,0.0,3.0,6.0,1.0,1.0,6.0,18.0,0.158,0.258,0.333,0.591,63.0,0.258,58.0,19.0,3.0,2.0,5.0,1.0,0.0,2/DH,
Austin Hedges,27.0,CLE,AL,-0.1,6.0,12.0,12.0,0.0,1.0,0.0,0.0,0.0,0.0,0.0,0.0,0.0,5.0,0.083,0.083,0.083,0.167,-54.0,0.075,-75.0,1.0,0.0,0.0,0.0,0.0,0.0,/2,
Austin Meadows*,25.0,TBR,AL,0.3,36.0,152.0,132.0,19.0,27.0,8.0,1.0,4.0,13.0,2.0,1.0,17.0,50.0,0.205,0.296,0.371,0.667,87.0,0.292,84.0,49.0,0.0,1.0,0.0,2.0,0.0,7/D9H,
Austin Nola,30.0,2TM,2LG,1.2,48.0,184.0,161.0,24.0,44.0,9.0,1.0,7.0,28.0,0.0,0.0,18.0,34.0,0.273,0.353,0.472,0.825,129.0,0.363,132.0,76.0,3.0,3.0,0.0,2.0,1.0,*2/DH35,
Austin Nola,30.0,SEA,AL,0.9,29.0,110.0,98.0,15.0,30.0,5.0,1.0,5.0,19.0,0.0,0.0,9.0,17.0,0.306,0.373,0.531,0.903,151.0,0.39,152.0,52.0,1.0,2.0,0.0,1.0,1.0,2/H35D,
Austin Nola,30.0,SDP,NL,0.3,19.0,74.0,63.0,9.0,14.0,4.0,0.0,2.0,9.0,0.0,0.0,9.0,17.0,0.222,0.324,0.381,0.705,96.0,0.324,103.0,24.0,2.0,1.0,0.0,1.0,0.0,2/D,
Austin Riley,23.0,ATL,NL,-0.4,51.0,206.0,188.0,24.0,45.0,7.0,1.0,8.0,27.0,0.0,0.0,16.0,49.0,0.239,0.301,0.415,0.716,86.0,0.311,82.0,78.0,5.0,1.0,0.0,1.0,1.0,*5/37,
Austin Romine,31.0,DET,AL,-0.2,37.0,135.0,130.0,12.0,31.0,5.0,0.0,2.0,17.0,0.0,0.0,4.0,47.0,0.238,0.259,0.323,0.582,59.0,0.267,60.0,42.0,3.0,0.0,0.0,1.0,0.0,2/3,
Austin Slater,27.0,SFG,NL,0.9,31.0,104.0,85.0,18.0,24.0,2.0,1.0,5.0,7.0,8.0,1.0,16.0,22.0,0.282,0.408,0.506,0.914,151.0,0.407,151.0,43.0,2.0,2.0,1.0,0.0,0.0,D/9H7,
Avisaíl García,29.0,MIL,NL,-0.3,53.0,207.0,181.0,20.0,43.0,10.0,0.0,2.0,15.0,1.0,3.0,20.0,49.0,0.238,0.333,0.326,0.659,78.0,0.295,79.0,59.0,2.0,6.0,0.0,0.0,2.0,*8/9DH,
Beau Taylor*,30.0,CLE,AL,-0.2,7.0,24.0,21.0,1.0,1.0,0.0,0.0,0.0,2.0,0.0,0.0,2.0,9.0,0.048,0.13,0.048,0.178,-48.0,0.1,-65.0,1.0,0.0,0.0,1.0,0.0,0.0,/2,
Ben Gamel*,28.0,MIL,NL,-0.4,40.0,127.0,114.0,13.0,27.0,8.0,1.0,3.0,10.0,0.0,2.0,13.0,39.0,0.237,0.315,0.404,0.718,91.0,0.307,88.0,46.0,4.0,0.0,0.0,0.0,0.0,98/H7,
Billy Hamilton,29.0,2TM,NL,0.0,31.0,36.0,32.0,10.0,4.0,0.0,0.0,1.0,2.0,6.0,2.0,2.0,7.0,0.125,0.171,0.219,0.39,6.0,0.184,-9.0,7.0,0.0,0.0,1.0,1.0,0.0,8H/D,
Billy Hamilton,29.0,NYM,NL,-0.1,17.0,25.0,22.0,4.0,1.0,0.0,0.0,0.0,1.0,3.0,1.0,1.0,3.0,0.045,0.083,0.045,0.129,-63.0,0.075,-84.0,1.0,0.0,0.0,1.0,1.0,0.0,8/HD,
Billy Hamilton,29.0,CHC,NL,0.2,14.0,11.0,10.0,6.0,3.0,0.0,0.0,1.0,1.0,3.0,1.0,1.0,4.0,0.3,0.364,0.6,0.964,154.0,0.423,154.0,6.0,0.0,0.0,0.0,0.0,0.0,8/HD,
Billy McKinney*,25.0,TOR,AL,0.1,2.0,3.0,3.0,1.0,2.0,0.0,0.0,0.0,0.0,0.0,0.0,0.0,0.0,0.667,0.667,0.667,1.333,270.0,0.598,294.0,2.0,0.0,0.0,0.0,0.0,0.0,/79H,
Blake Parker,35.0,PHI,NL,0.0,1.0,0.0,0.0,0.0,0.0,0.0,0.0,0.0,0.0,0.0,0.0,0.0,0.0,,,,,,,,0.0,0.0,0.0,0.0,0.0,0.0,1,
Bo Bichette,22.0,TOR,AL,1.1,29.0,128.0,123.0,18.0,37.0,9.0,1.0,5.0,23.0,4.0,1.0,5.0,27.0,0.301,0.328,0.512,0.84,127.0,0.371,131.0,63.0,2.0,0.0,0.0,0.0,1.0,6/D,
Bobby Dalbec,25.0,BOS,AL,0.6,23.0,92.0,80.0,13.0,21.0,3.0,0.0,8.0,16.0,0.0,0.0,10.0,39.0,0.263,0.359,0.6,0.959,149.0,0.4,146.0,48.0,0.0,2.0,0.0,0.0,0.0,3/5D,
Brad Miller*,30.0,STL,NL,0.9,48.0,171.0,142.0,21.0,33.0,8.0,1.0,7.0,25.0,1.0,0.0,25.0,46.0,0.232,0.357,0.451,0.807,122.0,0.361,128.0,64.0,2.0,3.0,0.0,1.0,1.0,D5/H64,
Braden Bishop,26.0,SEA,AL,0.1,12.0,34.0,30.0,2.0,5.0,2.0,0.0,0.0,4.0,1.0,0.0,2.0,10.0,0.167,0.242,0.233,0.476,35.0,0.255,51.0,7.0,0.0,1.0,1.0,0.0,0.0,/987,
Bradley Zimmer*,27.0,CLE,AL,0.1,20.0,50.0,37.0,3.0,6.0,0.0,0.0,1.0,3.0,2.0,1.0,7.0,14.0,0.162,0.36,0.243,0.603,71.0,0.295,80.0,9.0,2.0,5.0,0.0,1.0,0.0,/789H,
Brandon Belt*,32.0,SFG,NL,2.1,51.0,179.0,149.0,25.0,46.0,13.0,1.0,9.0,30.0,0.0,0.0,30.0,36.0,0.309,0.425,0.591,1.015,177.0,0.429,174.0,88.0,5.0,0.0,0.0,0.0,1.0,*3/HD,MVP-16
Brandon Crawford*,33.0,SFG,NL,1.3,54.0,193.0,172.0,26.0,44.0,12.0,0.0,8.0,28.0,1.0,2.0,15.0,47.0,0.256,0.326,0.465,0.792,115.0,0.335,112.0,80.0,3.0,4.0,0.0,2.0,2.0,*6/H,
Brandon Dixon,28.0,DET,AL,-0.1,5.0,14.0,13.0,0.0,1.0,1.0,0.0,0.0,2.0,0.0,0.0,1.0,4.0,0.077,0.143,0.154,0.297,-18.0,0.138,-30.0,2.0,1.0,0.0,0.0,0.0,0.0,/37H4,
Brandon Drury,27.0,TOR,AL,-0.9,21.0,49.0,46.0,3.0,7.0,1.0,0.0,0.0,1.0,0.0,0.0,2.0,9.0,0.152,0.184,0.174,0.358,0.0,0.162,-13.0,8.0,0.0,0.0,0.0,1.0,0.0,5/46H,
Brandon Lowe*,25.0,TBR,AL,2.4,56.0,224.0,193.0,36.0,52.0,9.0,2.0,14.0,37.0,3.0,0.0,25.0,58.0,0.269,0.362,0.554,0.916,154.0,0.387,148.0,107.0,2.0,4.0,0.0,2.0,0.0,*4/9H7D3,MVP-8
Brandon Nimmo*,27.0,NYM,NL,1.7,55.0,225.0,186.0,33.0,52.0,8.0,3.0,8.0,18.0,1.0,2.0,33.0,43.0,0.28,0.404,0.484,0.888,145.0,0.383,145.0,90.0,1.0,6.0,0.0,0.0,0.0,*879/H,
Brendan Rodgers,23.0,COL,NL,-0.5,7.0,21.0,21.0,1.0,2.0,1.0,0.0,0.0,2.0,0.0,0.0,0.0,6.0,0.095,0.095,0.143,0.238,-40.0,0.102,-70.0,3.0,0.0,0.0,0.0,0.0,0.0,/4H6D,
Brent Rooker,25.0,MIN,AL,0.0,7.0,21.0,19.0,4.0,6.0,2.0,0.0,1.0,5.0,0.0,0.0,0.0,5.0,0.316,0.381,0.579,0.96,162.0,0.409,162.0,11.0,0.0,2.0,0.0,0.0,0.0,/9D7,
Brett Gardner*,36.0,NYY,AL,0.7,49.0,158.0,130.0,20.0,29.0,5.0,1.0,5.0,15.0,3.0,3.0,26.0,35.0,0.223,0.354,0.392,0.747,109.0,0.331,112.0,51.0,0.0,1.0,0.0,1.0,0.0,*78/HD,
Brett Phillips*,26.0,2TM,AL,0.3,35.0,59.0,51.0,10.0,10.0,0.0,2.0,2.0,5.0,6.0,1.0,8.0,15.0,0.196,0.305,0.392,0.697,91.0,0.335,97.0,20.0,0.0,0.0,0.0,0.0,0.0,89/7HD,
Brett Phillips*,26.0,KCR,AL,0.0,18.0,34.0,31.0,8.0,7.0,0.0,1.0,1.0,2.0,3.0,1.0,3.0,8.0,0.226,0.294,0.387,0.681,83.0,0.327,94.0,12.0,0.0,0.0,0.0,0.0,0.0,8/H79D,
Brett Phillips*,26.0,TBR,AL,0.3,17.0,25.0,20.0,2.0,3.0,0.0,1.0,1.0,3.0,3.0,0.0,5.0,7.0,0.15,0.32,0.4,0.72,102.0,0.345,102.0,8.0,0.0,0.0,0.0,0.0,0.0,/987HD,
Brian Anderson,27.0,MIA,NL,1.8,59.0,229.0,200.0,27.0,51.0,7.0,1.0,11.0,38.0,0.0,0.0,22.0,66.0,0.255,0.345,0.465,0.81,116.0,0.357,119.0,93.0,2.0,6.0,0.0,1.0,1.0,*5/34DH,
Brian Dozier,33.0,NYM,NL,-0.4,7.0,16.0,15.0,1.0,2.0,0.0,0.0,0.0,0.0,0.0,0.0,1.0,5.0,0.133,0.188,0.133,0.321,-9.0,0.157,-15.0,2.0,1.0,0.0,0.0,0.0,0.0,/4DH,
Brian Goodwin*,29.0,2TM,2LG,-0.3,50.0,164.0,144.0,17.0,31.0,9.0,1.0,6.0,22.0,5.0,0.0,17.0,54.0,0.215,0.299,0.417,0.715,90.0,0.317,85.0,60.0,1.0,1.0,0.0,2.0,1.0,*879/HD,
Brian Goodwin*,29.0,LAA,AL,0.2,30.0,109.0,95.0,12.0,23.0,7.0,1.0,4.0,17.0,1.0,0.0,12.0,35.0,0.242,0.33,0.463,0.793,115.0,0.337,107.0,44.0,0.0,1.0,0.0,1.0,1.0,79/8H,
Brian Goodwin*,29.0,CIN,NL,-0.5,20.0,55.0,49.0,5.0,8.0,2.0,0.0,2.0,5.0,4.0,0.0,5.0,19.0,0.163,0.236,0.327,0.563,45.0,0.277,44.0,16.0,1.0,0.0,0.0,1.0,0.0,8/H79D,
Brian Navarreto,25.0,MIA,NL,0.0,2.0,5.0,5.0,0.0,2.0,0.0,0.0,0.0,0.0,0.0,0.0,0.0,1.0,0.4,0.4,0.4,0.8,118.0,0.36,121.0,2.0,0.0,0.0,0.0,0.0,0.0,/2,
Brian O'Grady*,28.0,TBR,AL,0.1,2.0,5.0,5.0,2.0,2.0,1.0,0.0,0.0,0.0,1.0,0.0,0.0,1.0,0.4,0.4,0.6,1.0,178.0,0.474,179.0,3.0,0.0,0.0,0.0,0.0,0.0,/378,
Brock Holt*,32.0,2TM,NL,-0.7,36.0,106.0,95.0,12.0,20.0,6.0,0.0,0.0,5.0,1.0,0.0,9.0,24.0,0.211,0.283,0.274,0.557,52.0,0.255,47.0,26.0,3.0,1.0,0.0,1.0,0.0,5/7H391D,
Brock Holt*,32.0,MIL,NL,-0.6,16.0,36.0,30.0,1.0,3.0,0.0,0.0,0.0,1.0,0.0,0.0,4.0,9.0,0.1,0.222,0.1,0.322,-9.0,0.168,-14.0,3.0,2.0,1.0,0.0,1.0,0.0,5/H79,
Brock Holt*,32.0,WSN,NL,0.0,20.0,70.0,65.0,11.0,17.0,6.0,0.0,0.0,4.0,1.0,0.0,5.0,15.0,0.262,0.314,0.354,0.668,81.0,0.3,78.0,23.0,1.0,0.0,0.0,0.0,0.0,/753H19D,
Bryan Holaday,32.0,BAL,AL,-0.3,20.0,33.0,31.0,5.0,5.0,1.0,0.0,0.0,4.0,0.0,0.0,2.0,9.0,0.161,0.212,0.194,0.406,12.0,0.21,17.0,6.0,1.0,0.0,0.0,0.0,0.0,2/H3D1,
Bryan Reynolds#,25.0,PIT,NL,0.5,55.0,208.0,185.0,24.0,35.0,6.0,2.0,7.0,19.0,1.0,1.0,21.0,57.0,0.189,0.275,0.357,0.632,71.0,0.279,68.0,66.0,2.0,1.0,0.0,0.0,0.0,*78/HD,
Bryce Harper*,27.0,PHI,NL,1.9,58.0,244.0,190.0,41.0,51.0,9.0,2.0,13.0,33.0,8.0,2.0,49.0,43.0,0.268,0.42,0.542,0.962,158.0,0.408,154.0,103.0,5.0,2.0,1.0,2.0,8.0,*9D/8,
Bubba Starling,27.0,KCR,AL,-0.7,35.0,64.0,59.0,5.0,10.0,1.0,0.0,1.0,5.0,0.0,0.0,4.0,27.0,0.169,0.219,0.237,0.456,24.0,0.219,23.0,14.0,0.0,0.0,0.0,1.0,0.0,8/HD79,
Byron Buxton,26.0,MIN,AL,2.1,39.0,135.0,130.0,19.0,33.0,3.0,0.0,13.0,27.0,2.0,1.0,2.0,36.0,0.254,0.267,0.577,0.844,125.0,0.348,119.0,75.0,2.0,1.0,0.0,2.0,0.0,8,MVP-16
C.J. Cron,30.0,DET,AL,0.3,13.0,52.0,42.0,9.0,8.0,3.0,0.0,4.0,8.0,0.0,0.0,9.0,16.0,0.19,0.346,0.548,0.894,141.0,0.374,135.0,23.0,2.0,1.0,0.0,0.0,0.0,3,
Caleb Joseph,34.0,TOR,AL,0.0,3.0,9.0,8.0,2.0,1.0,0.0,0.0,1.0,2.0,0.0,0.0,1.0,1.0,0.125,0.222,0.5,0.722,90.0,0.297,81.0,4.0,0.0,0.0,0.0,0.0,0.0,/2,
Cam Bedrosian,28.0,LAA,AL,0.0,1.0,0.0,0.0,0.0,0.0,0.0,0.0,0.0,0.0,0.0,0.0,0.0,0.0,,,,,,,,0.0,0.0,0.0,0.0,0.0,0.0,1,
Cam Gallagher,27.0,KCR,AL,0.5,25.0,60.0,53.0,10.0,15.0,5.0,0.0,1.0,3.0,0.0,0.0,6.0,11.0,0.283,0.356,0.434,0.79,113.0,0.346,112.0,23.0,0.0,0.0,1.0,0.0,0.0,2,
Cameron Maybin,33.0,2TM,2LG,0.0,32.0,101.0,93.0,8.0,23.0,8.0,1.0,1.0,7.0,3.0,0.0,7.0,25.0,0.247,0.307,0.387,0.694,88.0,0.316,88.0,36.0,4.0,1.0,0.0,0.0,0.0,9/H78D,
Cameron Maybin,33.0,DET,AL,-0.1,14.0,45.0,41.0,5.0,10.0,4.0,0.0,1.0,2.0,0.0,0.0,4.0,13.0,0.244,0.311,0.415,0.726,98.0,0.313,93.0,17.0,3.0,0.0,0.0,0.0,0.0,9/HD,
Cameron Maybin,33.0,CHC,NL,0.1,18.0,56.0,52.0,3.0,13.0,4.0,1.0,0.0,5.0,3.0,0.0,3.0,12.0,0.25,0.304,0.365,0.669,80.0,0.319,84.0,19.0,1.0,1.0,0.0,0.0,0.0,/97H8D,
Carlos Correa,25.0,HOU,AL,1.6,58.0,221.0,201.0,22.0,53.0,9.0,0.0,5.0,25.0,0.0,0.0,16.0,49.0,0.264,0.326,0.383,0.709,93.0,0.324,98.0,77.0,4.0,3.0,0.0,1.0,2.0,*6/H,
Carlos Santana#,34.0,CLE,AL,1.0,60.0,255.0,206.0,34.0,41.0,7.0,0.0,8.0,30.0,0.0,0.0,47.0,43.0,0.199,0.349,0.35,0.699,93.0,0.32,96.0,72.0,5.0,1.0,0.0,1.0,1.0,*3,
Carson Kelly,25.0,ARI,NL,-0.1,39.0,129.0,122.0,11.0,27.0,5.0,0.0,5.0,19.0,0.0,0.0,6.0,29.0,0.221,0.264,0.385,0.649,73.0,0.28,67.0,47.0,4.0,1.0,0.0,0.0,0.0,2/H1D,
Carter Kieboom,22.0,WSN,NL,0.2,33.0,122.0,99.0,15.0,20.0,1.0,0.0,0.0,9.0,0.0,1.0,17.0,33.0,0.202,0.344,0.212,0.556,57.0,0.274,66.0,21.0,6.0,5.0,0.0,1.0,0.0,5/HD,
Cavan Biggio*,25.0,TOR,AL,2.2,59.0,265.0,220.0,41.0,55.0,16.0,0.0,8.0,28.0,6.0,0.0,41.0,61.0,0.25,0.375,0.432,0.807,122.0,0.37,128.0,95.0,2.0,3.0,0.0,0.0,0.0,495/8H7D,
Cedric Mullins*,25.0,BAL,AL,0.5,48.0,153.0,140.0,16.0,38.0,4.0,3.0,3.0,12.0,7.0,2.0,8.0,37.0,0.271,0.315,0.407,0.723,95.0,0.312,85.0,57.0,0.0,1.0,4.0,0.0,0.0,*8/79HD,
Chad Green*,29.0,NYY,AL,0.0,1.0,0.0,0.0,0.0,0.0,0.0,0.0,0.0,0.0,0.0,0.0,0.0,0.0,,,,,,,,0.0,0.0,0.0,0.0,0.0,0.0,1,
Chad Pinder,28.0,OAK,AL,0.0,24.0,61.0,56.0,8.0,13.0,3.0,0.0,2.0,8.0,0.0,0.0,5.0,13.0,0.232,0.295,0.393,0.688,91.0,0.299,87.0,22.0,3.0,0.0,0.0,0.0,0.0,4/H579D,
Chad Wallach,28.0,MIA,NL,0.2,15.0,48.0,44.0,4.0,10.0,3.0,0.0,1.0,6.0,0.0,0.0,3.0,12.0,0.227,0.277,0.364,0.64,71.0,0.296,76.0,16.0,1.0,0.0,1.0,0.0,0.0,2/H,
Chadwick Tromp,25.0,SFG,NL,-0.2,24.0,64.0,61.0,11.0,13.0,1.0,0.0,4.0,10.0,0.0,0.0,1.0,20.0,0.213,0.219,0.426,0.645,72.0,0.278,69.0,26.0,3.0,0.0,0.0,2.0,0.0,2/DH,
Chance Sisco*,25.0,BAL,AL,0.2,36.0,121.0,98.0,11.0,21.0,4.0,0.0,4.0,10.0,0.0,0.0,17.0,41.0,0.214,0.364,0.378,0.741,103.0,0.337,106.0,37.0,1.0,6.0,0.0,0.0,0.0,2/DH,
Charlie Blackmon*,33.0,COL,NL,1.0,59.0,247.0,221.0,31.0,67.0,12.0,1.0,6.0,42.0,2.0,1.0,19.0,44.0,0.303,0.356,0.448,0.804,104.0,0.351,103.0,99.0,4.0,2.0,0.0,5.0,4.0,*9/D,
Charlie Culberson,31.0,ATL,NL,-0.1,9.0,7.0,7.0,2.0,1.0,1.0,0.0,0.0,1.0,0.0,0.0,0.0,4.0,0.143,0.143,0.286,0.429,9.0,0.176,-11.0,2.0,0.0,0.0,0.0,0.0,0.0,/H314D,
Cheslor Cuthbert,27.0,CHW,AL,0.0,1.0,1.0,1.0,0.0,0.0,0.0,0.0,0.0,0.0,0.0,0.0,0.0,0.0,0.0,0.0,0.0,0.0,-100.0,0.0,-125.0,0.0,0.0,0.0,0.0,0.0,0.0,/5H,
Chris Davis*,34.0,BAL,AL,-1.0,16.0,55.0,52.0,3.0,6.0,3.0,0.0,0.0,1.0,0.0,0.0,3.0,17.0,0.115,0.164,0.173,0.337,-8.0,0.153,-23.0,9.0,0.0,0.0,0.0,0.0,0.0,3/H,
Chris Owings,28.0,COL,NL,0.2,17.0,44.0,41.0,9.0,11.0,1.0,0.0,2.0,5.0,1.0,0.0,3.0,11.0,0.268,0.318,0.439,0.757,91.0,0.332,86.0,18.0,0.0,0.0,0.0,0.0,0.0,/4H57896,
Chris Taylor,29.0,LAD,NL,1.8,56.0,214.0,185.0,30.0,50.0,10.0,2.0,8.0,32.0,3.0,2.0,26.0,55.0,0.27,0.366,0.476,0.842,127.0,0.374,133.0,88.0,3.0,2.0,1.0,0.0,0.0,674/8DH,
Christian Arroyo,25.0,2TM,AL,0.2,15.0,54.0,50.0,7.0,12.0,1.0,0.0,3.0,8.0,0.0,0.0,4.0,11.0,0.24,0.296,0.44,0.736,93.0,0.314,86.0,22.0,2.0,0.0,0.0,0.0,0.0,4/65,
Christian Arroyo,25.0,CLE,AL,0.0,1.0,0.0,0.0,0.0,0.0,0.0,0.0,0.0,0.0,0.0,0.0,0.0,0.0,,,,,,,,0.0,0.0,0.0,0.0,0.0,0.0,/5,
Christian Arroyo,25.0,BOS,AL,0.2,14.0,54.0,50.0,7.0,12.0,1.0,0.0,3.0,8.0,0.0,0.0,4.0,11.0,0.24,0.296,0.44,0.736,93.0,0.314,86.0,22.0,2.0,0.0,0.0,0.0,0.0,4/6,
Christian Colón,31.0,CIN,NL,-0.4,11.0,24.0,23.0,3.0,3.0,1.0,0.0,0.0,2.0,1.0,0.0,1.0,3.0,0.13,0.167,0.174,0.341,-11.0,0.162,-31.0,4.0,1.0,0.0,0.0,0.0,0.0,/4DH3,
Christian Vázquez,29.0,BOS,AL,0.9,47.0,189.0,173.0,22.0,49.0,9.0,0.0,7.0,23.0,4.0,3.0,16.0,43.0,0.283,0.344,0.457,0.801,111.0,0.348,112.0,79.0,6.0,0.0,0.0,0.0,0.0,*2/D4H,
Christian Walker,29.0,ARI,NL,0.9,57.0,243.0,218.0,35.0,59.0,18.0,1.0,7.0,34.0,1.0,1.0,19.0,50.0,0.271,0.333,0.459,0.792,112.0,0.344,112.0,100.0,6.0,3.0,0.0,3.0,0.0,*3D/H,
Christian Yelich*,28.0,MIL,NL,0.5,58.0,247.0,200.0,39.0,41.0,7.0,1.0,12.0,22.0,4.0,2.0,46.0,76.0,0.205,0.356,0.43,0.786,110.0,0.35,113.0,86.0,4.0,1.0,0.0,0.0,2.0,*7/D,
Christin Stewart*,26.0,DET,AL,-0.6,36.0,99.0,90.0,6.0,15.0,3.0,0.0,3.0,9.0,0.0,0.0,5.0,30.0,0.167,0.224,0.3,0.524,43.0,0.23,34.0,27.0,2.0,2.0,0.0,1.0,0.0,7/HD,
Clint Frazier,25.0,NYY,AL,1.8,39.0,160.0,131.0,24.0,35.0,6.0,1.0,8.0,26.0,3.0,0.0,25.0,44.0,0.267,0.394,0.511,0.905,150.0,0.408,159.0,67.0,5.0,3.0,0.0,1.0,0.0,9/7D,
Cody Bellinger*,24.0,LAD,NL,1.5,56.0,243.0,213.0,33.0,51.0,10.0,0.0,12.0,30.0,6.0,1.0,30.0,42.0,0.239,0.333,0.455,0.789,112.0,0.34,106.0,97.0,4.0,0.0,0.0,0.0,2.0,83/D9,
Cole Tucker#,23.0,PIT,NL,-0.9,37.0,116.0,109.0,17.0,24.0,3.0,0.0,1.0,8.0,1.0,0.0,5.0,31.0,0.22,0.252,0.275,0.527,44.0,0.25,45.0,30.0,3.0,0.0,1.0,1.0,0.0,89/H4D,
Colin Moran*,27.0,PIT,NL,0.5,52.0,200.0,178.0,28.0,44.0,10.0,0.0,10.0,23.0,0.0,0.0,19.0,52.0,0.247,0.325,0.472,0.797,114.0,0.349,116.0,84.0,9.0,2.0,0.0,1.0,0.0,D3/5H,
Corey Dickerson*,31.0,MIA,NL,0.2,52.0,210.0,194.0,25.0,50.0,5.0,1.0,7.0,17.0,1.0,1.0,15.0,35.0,0.258,0.311,0.402,0.713,91.0,0.321,95.0,78.0,5.0,0.0,0.0,0.0,1.0,*7/D9H,
Corey Seager*,26.0,LAD,NL,2.0,52.0,232.0,212.0,38.0,65.0,12.0,1.0,15.0,41.0,1.0,0.0,17.0,37.0,0.307,0.358,0.585,0.943,150.0,0.402,150.0,124.0,8.0,1.0,0.0,2.0,0.0,*6/D,MVP-9
Craig Kimbrel,32.0,CHC,NL,0.0,3.0,0.0,0.0,0.0,0.0,0.0,0.0,0.0,0.0,0.0,0.0,0.0,0.0,,,,,,,,0.0,0.0,0.0,0.0,0.0,0.0,1,
Cristian Pache,21.0,ATL,NL,-0.1,2.0,4.0,4.0,0.0,1.0,0.0,0.0,0.0,0.0,0.0,0.0,0.0,2.0,0.25,0.25,0.25,0.5,33.0,0.225,20.0,1.0,0.0,0.0,0.0,0.0,0.0,/7,
Curt Casali,31.0,CIN,NL,0.5,31.0,93.0,76.0,10.0,17.0,3.0,0.0,6.0,8.0,2.0,0.0,14.0,29.0,0.224,0.366,0.5,0.866,123.0,0.376,121.0,38.0,2.0,3.0,0.0,0.0,0.0,2/HD,
César Hernández#,30.0,CLE,AL,1.7,58.0,261.0,233.0,35.0,66.0,20.0,0.0,3.0,20.0,0.0,0.0,24.0,57.0,0.283,0.355,0.408,0.763,109.0,0.337,108.0,95.0,3.0,2.0,1.0,0.0,0.0,*4/H,GG
César Puello,29.0,BOS,AL,0.2,5.0,11.0,8.0,1.0,3.0,0.0,0.0,0.0,0.0,0.0,0.0,2.0,2.0,0.375,0.5,0.375,0.875,140.0,0.409,157.0,3.0,0.0,0.0,1.0,0.0,0.0,/97,
César Valdez,35.0,BAL,AL,0.0,1.0,0.0,0.0,0.0,0.0,0.0,0.0,0.0,0.0,0.0,0.0,0.0,0.0,,,,,,,,0.0,0.0,0.0,0.0,0.0,0.0,/1,
Dan Altavilla,27.0,SEA,AL,0.0,1.0,0.0,0.0,0.0,0.0,0.0,0.0,0.0,0.0,0.0,0.0,0.0,0.0,,,,,,,,0.0,0.0,0.0,0.0,0.0,0.0,1,
Dan Winkler,30.0,CHC,NL,0.0,3.0,0.0,0.0,0.0,0.0,0.0,0.0,0.0,0.0,0.0,0.0,0.0,0.0,,,,,,,,0.0,0.0,0.0,0.0,0.0,0.0,1,
Daniel Johnson*,24.0,CLE,AL,-0.3,5.0,13.0,12.0,0.0,1.0,0.0,0.0,0.0,0.0,0.0,0.0,1.0,5.0,0.083,0.154,0.083,0.237,-32.0,0.075,-89.0,1.0,0.0,0.0,0.0,0.0,1.0,/97H,
Daniel Murphy*,35.0,COL,NL,-0.9,40.0,132.0,123.0,10.0,29.0,3.0,0.0,3.0,16.0,0.0,0.0,7.0,21.0,0.236,0.275,0.333,0.608,55.0,0.261,38.0,41.0,3.0,0.0,0.0,1.0,2.0,3/HD,
Daniel Robertson,26.0,SFG,NL,0.1,13.0,24.0,21.0,4.0,7.0,0.0,0.0,0.0,2.0,0.0,0.0,3.0,6.0,0.333,0.417,0.333,0.75,112.0,0.347,117.0,7.0,0.0,0.0,0.0,0.0,0.0,/6457H9D,
Daniel Vogelbach*,27.0,3TM,2LG,-0.1,39.0,136.0,115.0,16.0,24.0,3.0,0.0,6.0,16.0,0.0,0.0,20.0,33.0,0.209,0.331,0.391,0.722,98.0,0.318,95.0,45.0,3.0,1.0,0.0,0.0,1.0,D/H3,
Daniel Vogelbach*,27.0,2TM,AL,-0.6,20.0,69.0,57.0,3.0,5.0,1.0,0.0,2.0,4.0,0.0,0.0,12.0,15.0,0.088,0.246,0.211,0.457,31.0,0.214,27.0,12.0,1.0,0.0,0.0,0.0,1.0,D/H,
Daniel Vogelbach*,27.0,SEA,AL,-0.5,18.0,64.0,53.0,3.0,5.0,1.0,0.0,2.0,4.0,0.0,0.0,11.0,13.0,0.094,0.25,0.226,0.476,36.0,0.22,32.0,12.0,1.0,0.0,0.0,0.0,1.0,D/H,
Daniel Vogelbach*,27.0,TOR,AL,-0.1,2.0,5.0,4.0,0.0,0.0,0.0,0.0,0.0,0.0,0.0,0.0,1.0,2.0,0.0,0.2,0.0,0.2,-37.0,0.14,-28.0,0.0,0.0,0.0,0.0,0.0,0.0,/DH,
Daniel Vogelbach*,27.0,MIL,NL,0.5,19.0,67.0,58.0,13.0,19.0,2.0,0.0,4.0,12.0,0.0,0.0,8.0,18.0,0.328,0.418,0.569,0.987,161.0,0.424,163.0,33.0,2.0,1.0,0.0,0.0,0.0,D/3H,
Danny Jansen,25.0,TOR,AL,0.6,43.0,147.0,120.0,18.0,22.0,3.0,0.0,6.0,20.0,0.0,0.0,21.0,31.0,0.183,0.313,0.358,0.671,85.0,0.325,101.0,43.0,1.0,2.0,3.0,1.0,0.0,*2/H,
Danny Mendick,26.0,CHW,AL,0.7,33.0,114.0,107.0,11.0,26.0,4.0,1.0,3.0,6.0,0.0,1.0,6.0,25.0,0.243,0.281,0.383,0.664,81.0,0.29,79.0,41.0,3.0,0.0,0.0,1.0,0.0,4/65,
Danny Santana#,29.0,TEX,AL,-0.1,15.0,63.0,55.0,6.0,8.0,4.0,0.0,1.0,7.0,2.0,0.0,7.0,24.0,0.145,0.238,0.273,0.511,41.0,0.238,36.0,15.0,1.0,0.0,0.0,1.0,0.0,/38D7H,
Dansby Swanson,26.0,ATL,NL,2.8,60.0,264.0,237.0,49.0,65.0,15.0,0.0,10.0,35.0,5.0,0.0,22.0,71.0,0.274,0.345,0.464,0.809,111.0,0.364,115.0,110.0,0.0,4.0,0.0,1.0,0.0,*6,MVP-18
Darin Ruf,33.0,SFG,NL,0.8,40.0,100.0,87.0,11.0,24.0,6.0,0.0,5.0,18.0,1.0,0.0,13.0,23.0,0.276,0.37,0.517,0.887,142.0,0.4,153.0,45.0,1.0,0.0,0.0,0.0,0.0,7H/D39,
Daulton Varsho*,23.0,ARI,NL,0.1,37.0,115.0,101.0,16.0,19.0,5.0,2.0,3.0,9.0,3.0,1.0,12.0,33.0,0.188,0.287,0.366,0.653,76.0,0.288,71.0,37.0,1.0,2.0,0.0,0.0,0.0,82/D7H,
David Bote,27.0,CHC,NL,0.0,45.0,145.0,125.0,15.0,25.0,3.0,1.0,7.0,29.0,2.0,0.0,17.0,40.0,0.2,0.303,0.408,0.711,90.0,0.312,86.0,51.0,6.0,2.0,0.0,1.0,0.0,5/4HD3,
David Dahl*,26.0,COL,NL,-1.0,24.0,99.0,93.0,9.0,17.0,2.0,2.0,0.0,9.0,1.0,0.0,4.0,28.0,0.183,0.222,0.247,0.47,20.0,0.221,11.0,23.0,0.0,1.0,0.0,1.0,0.0,8/79D,
David Fletcher,26.0,LAA,AL,1.9,49.0,230.0,207.0,31.0,66.0,13.0,0.0,3.0,18.0,2.0,1.0,20.0,25.0,0.319,0.376,0.425,0.801,120.0,0.352,119.0,88.0,4.0,0.0,1.0,2.0,0.0,64/59,MVP-17
David Peralta*,32.0,ARI,NL,0.7,54.0,218.0,203.0,19.0,61.0,10.0,1.0,5.0,34.0,1.0,0.0,13.0,45.0,0.3,0.339,0.433,0.773,108.0,0.334,103.0,88.0,4.0,0.0,0.0,2.0,0.0,*7/DH,
David Phelps,33.0,MIL,NL,0.0,1.0,0.0,0.0,0.0,0.0,0.0,0.0,0.0,0.0,0.0,0.0,0.0,0.0,,,,,,,,0.0,0.0,0.0,0.0,0.0,0.0,1,
Dawel Lugo,25.0,DET,AL,-0.1,9.0,11.0,10.0,3.0,2.0,0.0,0.0,0.0,1.0,0.0,0.0,1.0,1.0,0.2,0.273,0.2,0.473,34.0,0.218,26.0,2.0,1.0,0.0,0.0,0.0,0.0,/5HD4,
Daz Cameron,23.0,DET,AL,-0.5,17.0,59.0,57.0,4.0,11.0,2.0,1.0,0.0,3.0,1.0,0.0,2.0,19.0,0.193,0.22,0.263,0.483,33.0,0.23,31.0,15.0,1.0,0.0,0.0,0.0,0.0,9/H,
Dee Strange-Gordon*,32.0,SEA,AL,-0.5,33.0,82.0,75.0,12.0,15.0,1.0,0.0,0.0,3.0,3.0,2.0,5.0,13.0,0.2,0.268,0.213,0.482,39.0,0.231,43.0,16.0,1.0,2.0,0.0,0.0,0.0,47/H6D,
Deivy Grullón,24.0,BOS,AL,-0.1,1.0,4.0,3.0,0.0,1.0,0.0,0.0,0.0,1.0,0.0,0.0,1.0,1.0,0.333,0.5,0.333,0.833,130.0,0.399,145.0,1.0,0.0,0.0,0.0,0.0,0.0,/2,
Delino DeShields,27.0,CLE,AL,0.0,37.0,120.0,107.0,10.0,27.0,3.0,2.0,0.0,7.0,3.0,2.0,9.0,29.0,0.252,0.31,0.318,0.628,73.0,0.274,65.0,34.0,0.0,0.0,4.0,0.0,0.0,8/HD,
Derek Dietrich*,30.0,TEX,AL,0.2,25.0,75.0,61.0,9.0,12.0,1.0,0.0,5.0,8.0,1.0,1.0,9.0,21.0,0.197,0.347,0.459,0.806,121.0,0.359,128.0,28.0,4.0,5.0,0.0,0.0,0.0,/D3H45,
Derek Fisher*,26.0,TOR,AL,-0.4,16.0,39.0,31.0,5.0,7.0,2.0,1.0,1.0,7.0,0.0,1.0,7.0,11.0,0.226,0.359,0.452,0.811,122.0,0.333,115.0,14.0,0.0,0.0,0.0,1.0,0.0,9/7HD,
Derek Hill,24.0,DET,AL,-0.2,15.0,12.0,11.0,3.0,1.0,0.0,0.0,0.0,0.0,0.0,0.0,1.0,6.0,0.091,0.167,0.091,0.258,-26.0,0.133,-33.0,1.0,0.0,0.0,0.0,0.0,0.0,8/HD,
Dexter Fowler#,34.0,STL,NL,0.0,31.0,101.0,90.0,14.0,21.0,2.0,0.0,4.0,15.0,1.0,1.0,10.0,28.0,0.233,0.317,0.389,0.706,95.0,0.309,94.0,35.0,2.0,1.0,0.0,0.0,0.0,9/DH,
Didi Gregorius*,30.0,PHI,NL,1.1,60.0,237.0,215.0,34.0,61.0,10.0,2.0,10.0,40.0,3.0,2.0,15.0,28.0,0.284,0.339,0.488,0.827,120.0,0.345,112.0,105.0,4.0,4.0,1.0,2.0,3.0,*6/H,
Dilson Herrera,26.0,BAL,AL,0.0,3.0,6.0,5.0,0.0,0.0,0.0,0.0,0.0,0.0,0.0,0.0,0.0,4.0,0.0,0.167,0.0,0.167,-48.0,0.121,-44.0,0.0,0.0,1.0,0.0,0.0,0.0,/38H,
DJ LeMahieu,31.0,NYY,AL,3.0,50.0,216.0,195.0,41.0,71.0,10.0,2.0,10.0,27.0,3.0,0.0,18.0,21.0,0.364,0.421,0.59,1.011,178.0,0.441,182.0,115.0,3.0,2.0,0.0,1.0,0.0,435/HD,"MVP-3,SS"
DJ Stewart*,26.0,BAL,AL,0.5,31.0,112.0,88.0,13.0,17.0,2.0,0.0,7.0,15.0,0.0,0.0,20.0,38.0,0.193,0.355,0.455,0.809,118.0,0.36,123.0,40.0,0.0,2.0,2.0,0.0,0.0,97/H,
Domingo Santana,27.0,CLE,AL,-0.3,24.0,84.0,70.0,6.0,11.0,3.0,0.0,2.0,12.0,0.0,0.0,13.0,25.0,0.157,0.298,0.286,0.583,62.0,0.271,62.0,20.0,2.0,1.0,0.0,0.0,0.0,9/7H,
Dominic Smith*,25.0,NYM,NL,1.9,50.0,199.0,177.0,27.0,56.0,21.0,1.0,10.0,42.0,0.0,0.0,14.0,45.0,0.316,0.377,0.616,0.993,168.0,0.411,162.0,109.0,2.0,5.0,0.0,3.0,0.0,37/DH,MVP-13
Donovan Solano,32.0,SFG,NL,1.5,54.0,203.0,190.0,22.0,62.0,15.0,1.0,3.0,29.0,0.0,0.0,10.0,39.0,0.326,0.365,0.463,0.828,127.0,0.371,134.0,88.0,2.0,2.0,0.0,1.0,0.0,*4/5H6,SS
Donovan Walton*,26.0,SEA,AL,-0.1,5.0,14.0,13.0,0.0,2.0,1.0,0.0,0.0,3.0,0.0,1.0,1.0,5.0,0.154,0.214,0.231,0.445,26.0,0.166,21.0,3.0,1.0,0.0,0.0,0.0,0.0,/64,
Drew Butera,36.0,COL,NL,-0.2,28.0,43.0,39.0,4.0,6.0,2.0,0.0,0.0,4.0,0.0,0.0,2.0,11.0,0.154,0.19,0.205,0.396,2.0,0.197,-7.0,8.0,3.0,0.0,1.0,1.0,0.0,2/31,
Dustin Garneau,32.0,HOU,AL,-0.4,17.0,46.0,38.0,4.0,6.0,0.0,1.0,1.0,4.0,0.0,0.0,6.0,15.0,0.158,0.273,0.289,0.562,54.0,0.255,48.0,11.0,1.0,0.0,2.0,0.0,0.0,2/H,
Dwight Smith Jr.*,27.0,BAL,AL,-0.5,21.0,72.0,63.0,9.0,14.0,3.0,0.0,2.0,6.0,1.0,0.0,7.0,19.0,0.222,0.306,0.365,0.671,82.0,0.29,71.0,23.0,1.0,1.0,0.0,1.0,1.0,7/DH,
Dylan Carlson#,21.0,STL,NL,0.1,35.0,119.0,110.0,11.0,22.0,7.0,1.0,3.0,16.0,1.0,1.0,8.0,35.0,0.2,0.252,0.364,0.616,68.0,0.262,61.0,40.0,3.0,0.0,0.0,1.0,0.0,987/H,
Dylan Moore,27.0,SEA,AL,1.7,38.0,159.0,137.0,26.0,35.0,9.0,0.0,8.0,17.0,12.0,5.0,14.0,43.0,0.255,0.358,0.496,0.855,138.0,0.381,144.0,68.0,4.0,8.0,0.0,0.0,0.0,794/3658H,
Eddie Rosario*,28.0,MIN,AL,1.2,57.0,231.0,210.0,31.0,54.0,7.0,0.0,13.0,42.0,3.0,1.0,19.0,34.0,0.257,0.316,0.476,0.792,116.0,0.342,115.0,100.0,3.0,0.0,0.0,2.0,2.0,*7/DH,MVP-17
Eddy Alvarez*,30.0,MIA,NL,0.0,12.0,41.0,37.0,6.0,7.0,1.0,0.0,0.0,2.0,2.0,0.0,3.0,16.0,0.189,0.268,0.216,0.485,34.0,0.258,42.0,8.0,0.0,1.0,0.0,0.0,0.0,/45H6,
Eduardo Escobar#,31.0,ARI,NL,-0.4,54.0,222.0,203.0,22.0,43.0,7.0,3.0,4.0,20.0,1.0,0.0,15.0,41.0,0.212,0.27,0.335,0.605,63.0,0.258,50.0,68.0,5.0,2.0,0.0,2.0,4.0,*5/D4,
Eduardo Núñez,33.0,NYM,NL,0.0,2.0,2.0,2.0,0.0,1.0,0.0,0.0,0.0,0.0,1.0,0.0,0.0,0.0,0.5,0.5,0.5,1.0,178.0,0.521,156.0,1.0,0.0,0.0,0.0,0.0,0.0,/9DH,
Edward Olivares,24.0,2TM,2LG,-0.8,31.0,101.0,96.0,9.0,23.0,2.0,1.0,3.0,10.0,0.0,2.0,4.0,25.0,0.24,0.267,0.375,0.642,73.0,0.262,63.0,36.0,1.0,0.0,0.0,1.0,0.0,789/HD,
Edward Olivares,24.0,SDP,NL,-0.5,13.0,36.0,34.0,4.0,6.0,1.0,0.0,1.0,3.0,0.0,1.0,2.0,14.0,0.176,0.222,0.294,0.516,43.0,0.214,37.0,10.0,0.0,0.0,0.0,0.0,0.0,/79H8D,
Edward Olivares,24.0,KCR,AL,-0.3,18.0,65.0,62.0,5.0,17.0,1.0,1.0,2.0,7.0,0.0,1.0,2.0,11.0,0.274,0.292,0.419,0.712,90.0,0.29,78.0,26.0,1.0,0.0,0.0,1.0,0.0,8/79,
Edwin Encarnación,37.0,CHW,AL,-0.4,44.0,181.0,159.0,19.0,25.0,5.0,0.0,10.0,19.0,0.0,0.0,16.0,54.0,0.157,0.25,0.377,0.627,70.0,0.291,77.0,60.0,3.0,4.0,0.0,1.0,0.0,*D/H,
Edwin Ríos*,26.0,LAD,NL,0.6,32.0,83.0,76.0,13.0,19.0,6.0,0.0,8.0,17.0,0.0,0.0,4.0,18.0,0.25,0.301,0.645,0.946,147.0,0.394,146.0,49.0,2.0,2.0,0.0,1.0,0.0,5/H3D,
Ehire Adrianza#,30.0,MIN,AL,0.2,44.0,101.0,89.0,10.0,17.0,7.0,0.0,0.0,3.0,1.0,0.0,11.0,23.0,0.191,0.287,0.27,0.557,57.0,0.259,55.0,24.0,3.0,1.0,0.0,0.0,0.0,5H/641D,
Eli White,26.0,TEX,AL,-0.3,19.0,52.0,48.0,5.0,9.0,2.0,0.0,0.0,3.0,1.0,1.0,3.0,16.0,0.188,0.231,0.229,0.46,28.0,0.203,21.0,11.0,0.0,0.0,0.0,1.0,0.0,7/9H8D,
Elias Díaz,29.0,COL,NL,0.0,26.0,73.0,68.0,4.0,16.0,2.0,0.0,2.0,9.0,0.0,0.0,5.0,15.0,0.235,0.288,0.353,0.641,63.0,0.295,64.0,24.0,4.0,0.0,0.0,0.0,0.0,2/HD,
Elliot Soto,30.0,LAA,AL,0.1,3.0,7.0,6.0,2.0,2.0,1.0,0.0,0.0,0.0,0.0,0.0,1.0,1.0,0.333,0.429,0.5,0.929,154.0,0.405,155.0,3.0,0.0,0.0,0.0,0.0,0.0,/64H,
Eloy Jiménez,23.0,CHW,AL,1.4,55.0,226.0,213.0,26.0,63.0,14.0,0.0,14.0,41.0,0.0,0.0,12.0,56.0,0.296,0.332,0.559,0.891,139.0,0.383,141.0,119.0,4.0,0.0,0.0,1.0,0.0,*7/D,SS
Elvis Andrus,31.0,TEX,AL,-0.3,29.0,111.0,103.0,11.0,20.0,5.0,0.0,3.0,7.0,3.0,1.0,8.0,15.0,0.194,0.252,0.33,0.582,60.0,0.264,58.0,34.0,5.0,0.0,0.0,0.0,0.0,6/H,
Emilio Bonifácio#,35.0,WSN,NL,-0.1,3.0,3.0,3.0,1.0,0.0,0.0,0.0,0.0,0.0,0.0,1.0,0.0,2.0,0.0,0.0,0.0,0.0,-100.0,-0.171,-127.0,0.0,0.0,0.0,0.0,0.0,0.0,/H7,
Emilio Pagán*,29.0,SDP,NL,0.0,1.0,0.0,0.0,0.0,0.0,0.0,0.0,0.0,0.0,0.0,0.0,0.0,0.0,,,,,,,,0.0,0.0,0.0,0.0,0.0,0.0,1,
Ender Inciarte*,29.0,ATL,NL,-0.6,46.0,131.0,116.0,17.0,22.0,2.0,1.0,1.0,10.0,4.0,1.0,12.0,25.0,0.19,0.262,0.25,0.512,36.0,0.243,32.0,29.0,0.0,0.0,1.0,2.0,0.0,*8/H,
Eric Haase,27.0,DET,AL,-0.1,7.0,19.0,17.0,1.0,3.0,0.0,0.0,0.0,2.0,0.0,0.0,1.0,6.0,0.176,0.211,0.176,0.387,9.0,0.226,32.0,3.0,0.0,0.0,0.0,1.0,0.0,/2,
Eric Hosmer*,30.0,SDP,NL,1.1,38.0,156.0,143.0,23.0,41.0,6.0,0.0,9.0,36.0,4.0,0.0,9.0,28.0,0.287,0.333,0.517,0.851,132.0,0.365,128.0,74.0,3.0,2.0,0.0,2.0,0.0,3/DH,
Eric Sogard*,34.0,MIL,NL,-0.2,43.0,128.0,115.0,10.0,24.0,5.0,0.0,1.0,10.0,0.0,0.0,11.0,20.0,0.209,0.281,0.278,0.56,51.0,0.256,47.0,32.0,1.0,1.0,0.0,1.0,0.0,5H/467D,
Eric Thames*,33.0,WSN,NL,-0.4,41.0,140.0,123.0,10.0,25.0,5.0,0.0,3.0,12.0,1.0,0.0,14.0,42.0,0.203,0.3,0.317,0.617,68.0,0.291,73.0,39.0,2.0,3.0,0.0,0.0,1.0,3D/H,
Erick Mejia#,25.0,KCR,AL,-0.4,8.0,16.0,14.0,1.0,1.0,1.0,0.0,0.0,0.0,1.0,0.0,0.0,7.0,0.071,0.071,0.143,0.214,-44.0,0.105,-92.0,2.0,0.0,0.0,1.0,0.0,0.0,/5H74,
Erik González,28.0,PIT,NL,0.3,50.0,193.0,181.0,14.0,41.0,13.0,1.0,3.0,20.0,2.0,3.0,8.0,51.0,0.227,0.255,0.359,0.614,65.0,0.259,57.0,65.0,5.0,0.0,1.0,3.0,0.0,65/HD,
Erik Kratz,40.0,NYY,AL,0.4,16.0,30.0,28.0,2.0,9.0,2.0,0.0,0.0,4.0,0.0,0.0,2.0,6.0,0.321,0.367,0.393,0.76,113.0,0.338,113.0,11.0,0.0,0.0,0.0,0.0,0.0,2/31,
Estevan Florial*,22.0,NYY,AL,0.0,1.0,3.0,3.0,0.0,1.0,0.0,0.0,0.0,0.0,0.0,0.0,0.0,2.0,0.333,0.333,0.333,0.667,87.0,0.299,86.0,1.0,0.0,0.0,0.0,0.0,0.0,/8,
Eugenio Suárez,28.0,CIN,NL,0.5,57.0,231.0,198.0,29.0,40.0,8.0,0.0,15.0,38.0,2.0,0.0,30.0,67.0,0.202,0.312,0.47,0.781,100.0,0.346,102.0,93.0,5.0,2.0,0.0,1.0,1.0,*5,
Evan Longoria,34.0,SFG,NL,0.6,53.0,209.0,193.0,26.0,49.0,10.0,1.0,7.0,28.0,0.0,1.0,11.0,39.0,0.254,0.297,0.425,0.722,96.0,0.305,90.0,82.0,10.0,2.0,0.0,3.0,0.0,*5/H,
Evan White,24.0,SEA,AL,-0.1,54.0,202.0,182.0,19.0,32.0,7.0,0.0,8.0,26.0,1.0,2.0,18.0,84.0,0.176,0.252,0.346,0.599,66.0,0.26,63.0,63.0,3.0,1.0,0.0,1.0,0.0,*3/H,GG
Fernando Tatis Jr.,21.0,SDP,NL,2.8,59.0,257.0,224.0,50.0,62.0,11.0,2.0,17.0,45.0,11.0,3.0,27.0,61.0,0.277,0.366,0.571,0.937,156.0,0.395,150.0,128.0,6.0,5.0,0.0,1.0,1.0,*6/D,"MVP-4,SS"
Franchy Cordero*,25.0,KCR,AL,0.0,16.0,42.0,38.0,7.0,8.0,3.0,0.0,2.0,7.0,1.0,0.0,4.0,4.0,0.211,0.286,0.447,0.733,94.0,0.316,87.0,17.0,1.0,0.0,0.0,0.0,0.0,/98HD7,
Francisco Cervelli,34.0,MIA,NL,0.8,16.0,62.0,53.0,10.0,13.0,2.0,0.0,3.0,7.0,1.0,0.0,8.0,14.0,0.245,0.355,0.453,0.808,117.0,0.401,147.0,24.0,3.0,1.0,0.0,0.0,0.0,2,
Francisco Lindor#,26.0,CLE,AL,1.3,60.0,266.0,236.0,30.0,61.0,13.0,0.0,8.0,27.0,6.0,2.0,24.0,41.0,0.258,0.335,0.415,0.75,104.0,0.329,101.0,98.0,8.0,4.0,0.0,2.0,2.0,*6/D,
Francisco Mejia#,24.0,SDP,NL,-0.3,17.0,42.0,39.0,5.0,3.0,1.0,0.0,1.0,2.0,0.0,0.0,1.0,9.0,0.077,0.143,0.179,0.322,-11.0,0.149,-18.0,7.0,1.0,2.0,0.0,0.0,0.0,2/H,
Franklin Barreto,24.0,2TM,AL,-0.5,21.0,28.0,27.0,5.0,2.0,0.0,0.0,0.0,2.0,1.0,0.0,0.0,15.0,0.074,0.107,0.074,0.181,-48.0,0.099,-63.0,2.0,0.0,1.0,0.0,0.0,0.0,H/465D7,
Franklin Barreto,24.0,OAK,AL,-0.2,15.0,10.0,10.0,5.0,0.0,0.0,0.0,0.0,0.0,0.0,0.0,0.0,7.0,0.0,0.0,0.0,0.0,-100.0,0.0,-123.0,0.0,0.0,0.0,0.0,0.0,0.0,H/46D,
Franklin Barreto,24.0,LAA,AL,-0.2,6.0,18.0,17.0,0.0,2.0,0.0,0.0,0.0,2.0,1.0,0.0,0.0,8.0,0.118,0.167,0.118,0.284,-20.0,0.153,-29.0,2.0,0.0,1.0,0.0,0.0,0.0,/4567H,
Franmil Reyes,24.0,CLE,AL,0.4,59.0,241.0,211.0,27.0,58.0,10.0,0.0,9.0,34.0,0.0,0.0,24.0,69.0,0.275,0.344,0.45,0.795,116.0,0.344,113.0,95.0,6.0,1.0,0.0,5.0,0.0,*D/7H,
Freddie Freeman*,30.0,ATL,NL,3.3,60.0,262.0,214.0,51.0,73.0,23.0,1.0,13.0,53.0,2.0,0.0,45.0,37.0,0.341,0.462,0.64,1.102,187.0,0.466,190.0,137.0,6.0,3.0,0.0,0.0,7.0,*3/DH,"MVP-1,SS"
Freddy Galvis#,30.0,CIN,NL,0.2,47.0,159.0,141.0,18.0,31.0,5.0,0.0,7.0,16.0,1.0,1.0,13.0,30.0,0.22,0.308,0.404,0.712,84.0,0.309,79.0,57.0,5.0,5.0,0.0,0.0,0.0,64/H,
Garrett Cooper,29.0,MIA,NL,0.6,34.0,133.0,120.0,20.0,34.0,8.0,0.0,6.0,20.0,0.0,0.0,11.0,31.0,0.283,0.353,0.5,0.853,127.0,0.373,130.0,60.0,5.0,2.0,0.0,0.0,0.0,D3/H,
Garrett Hampson,25.0,COL,NL,0.0,53.0,184.0,167.0,25.0,39.0,4.0,3.0,5.0,11.0,6.0,1.0,13.0,60.0,0.234,0.287,0.383,0.671,70.0,0.292,57.0,64.0,1.0,0.0,3.0,1.0,0.0,48/H76D,
Garrett Stubbs*,27.0,HOU,AL,-0.2,14.0,10.0,8.0,1.0,1.0,0.0,0.0,0.0,1.0,0.0,1.0,0.0,0.0,0.125,0.111,0.125,0.236,-35.0,0.043,-76.0,1.0,0.0,0.0,1.0,1.0,0.0,/2H7,
Gary Sánchez,27.0,NYY,AL,-0.3,49.0,178.0,156.0,19.0,23.0,4.0,0.0,10.0,24.0,0.0,0.0,18.0,64.0,0.147,0.253,0.365,0.618,70.0,0.271,66.0,57.0,6.0,4.0,0.0,0.0,0.0,*2/DH,
Gavin Lux*,22.0,LAD,NL,0.6,19.0,69.0,63.0,8.0,11.0,2.0,0.0,3.0,8.0,1.0,0.0,6.0,19.0,0.175,0.246,0.349,0.596,59.0,0.276,61.0,22.0,0.0,0.0,0.0,0.0,0.0,4/D,
George Springer,30.0,HOU,AL,2.2,51.0,222.0,189.0,37.0,50.0,6.0,2.0,14.0,32.0,1.0,2.0,24.0,38.0,0.265,0.359,0.54,0.899,141.0,0.387,145.0,102.0,3.0,5.0,0.0,2.0,0.0,*8/9DH,MVP-13
Giancarlo Stanton,30.0,NYY,AL,0.6,23.0,94.0,76.0,12.0,19.0,7.0,0.0,4.0,11.0,1.0,1.0,15.0,27.0,0.25,0.387,0.5,0.887,145.0,0.387,150.0,38.0,4.0,2.0,0.0,0.0,1.0,D,
Gio Urshela,28.0,NYY,AL,2.1,43.0,174.0,151.0,24.0,45.0,11.0,0.0,6.0,30.0,1.0,0.0,18.0,25.0,0.298,0.368,0.49,0.858,137.0,0.376,138.0,74.0,6.0,1.0,0.0,4.0,0.0,*5/H,
Gleyber Torres,23.0,NYY,AL,0.0,42.0,160.0,136.0,17.0,33.0,8.0,0.0,3.0,16.0,1.0,0.0,22.0,28.0,0.243,0.356,0.368,0.724,103.0,0.327,104.0,50.0,5.0,2.0,0.0,0.0,0.0,6/H,
Grayson Greiner,27.0,DET,AL,-0.3,18.0,55.0,51.0,8.0,6.0,2.0,0.0,3.0,8.0,0.0,0.0,3.0,20.0,0.118,0.182,0.333,0.515,38.0,0.22,28.0,17.0,2.0,1.0,0.0,0.0,0.0,2,
Greg Allen#,27.0,2TM,2LG,0.1,16.0,32.0,26.0,4.0,4.0,1.0,0.0,1.0,4.0,2.0,0.0,3.0,10.0,0.154,0.281,0.308,0.589,62.0,0.283,61.0,8.0,0.0,2.0,0.0,1.0,0.0,7/8H9,
Greg Allen#,27.0,CLE,AL,0.0,15.0,28.0,25.0,3.0,4.0,1.0,0.0,1.0,4.0,1.0,0.0,1.0,9.0,0.16,0.214,0.32,0.534,44.0,0.238,33.0,8.0,0.0,1.0,0.0,1.0,0.0,7/8H,
Greg Allen#,27.0,SDP,NL,0.1,1.0,4.0,1.0,1.0,0.0,0.0,0.0,0.0,0.0,1.0,0.0,2.0,1.0,0.0,0.75,0.0,0.75,138.0,0.594,253.0,0.0,0.0,1.0,0.0,0.0,0.0,/79,
Greg Garcia*,30.0,SDP,NL,-0.2,35.0,71.0,60.0,6.0,12.0,3.0,0.0,0.0,11.0,1.0,0.0,7.0,18.0,0.2,0.279,0.25,0.529,50.0,0.247,45.0,15.0,0.0,0.0,3.0,1.0,0.0,H45D,
Gregory Polanco*,28.0,PIT,NL,-0.9,50.0,174.0,157.0,12.0,24.0,6.0,0.0,7.0,22.0,3.0,1.0,13.0,65.0,0.153,0.214,0.325,0.539,44.0,0.233,34.0,51.0,1.0,0.0,0.0,3.0,0.0,9/DH,
Guillermo Heredia,29.0,2TM,NL,0.1,15.0,36.0,33.0,6.0,7.0,0.0,0.0,2.0,5.0,1.0,0.0,3.0,9.0,0.212,0.278,0.394,0.672,82.0,0.299,78.0,13.0,0.0,0.0,0.0,0.0,0.0,/89H,
Guillermo Heredia,29.0,PIT,NL,0.0,8.0,18.0,16.0,2.0,3.0,0.0,0.0,0.0,2.0,1.0,0.0,2.0,4.0,0.188,0.278,0.188,0.465,31.0,0.241,32.0,3.0,0.0,0.0,0.0,0.0,0.0,/98H,
Guillermo Heredia,29.0,NYM,NL,0.1,7.0,18.0,17.0,4.0,4.0,0.0,0.0,2.0,3.0,0.0,0.0,1.0,5.0,0.235,0.278,0.588,0.866,130.0,0.357,124.0,10.0,0.0,0.0,0.0,0.0,0.0,/8H,
Hanser Alberto,27.0,BAL,AL,0.7,54.0,231.0,219.0,35.0,62.0,15.0,0.0,3.0,22.0,3.0,0.0,5.0,30.0,0.283,0.306,0.393,0.698,88.0,0.315,89.0,86.0,6.0,3.0,2.0,2.0,0.0,*4/5DH,
Harold Castro*,26.0,DET,AL,0.4,22.0,54.0,49.0,6.0,17.0,4.0,0.0,0.0,3.0,0.0,0.0,5.0,11.0,0.347,0.407,0.429,0.836,131.0,0.37,132.0,21.0,1.0,0.0,0.0,0.0,0.0,/H7593468D,
Harold Ramírez,25.0,MIA,NL,-0.1,3.0,11.0,10.0,2.0,2.0,0.0,0.0,0.0,1.0,0.0,1.0,1.0,2.0,0.2,0.273,0.2,0.473,31.0,0.181,29.0,2.0,0.0,0.0,0.0,0.0,0.0,/97,
Harrison Bader,26.0,STL,NL,1.0,50.0,125.0,106.0,21.0,24.0,7.0,2.0,4.0,11.0,3.0,1.0,13.0,40.0,0.226,0.336,0.443,0.779,114.0,0.359,126.0,47.0,2.0,5.0,0.0,1.0,0.0,*8/HD,
Hernán Pérez,29.0,CHC,NL,-0.1,3.0,6.0,6.0,0.0,1.0,0.0,0.0,0.0,0.0,0.0,0.0,0.0,2.0,0.167,0.167,0.167,0.333,-9.0,0.15,-26.0,1.0,0.0,0.0,0.0,0.0,0.0,/347DH,
Howie Kendrick,36.0,WSN,NL,-0.2,25.0,100.0,91.0,11.0,25.0,4.0,0.0,2.0,14.0,0.0,0.0,7.0,17.0,0.275,0.32,0.385,0.705,91.0,0.299,79.0,35.0,4.0,0.0,0.0,2.0,2.0,D/3,
Hunter Dozier,28.0,KCR,AL,0.4,44.0,186.0,158.0,29.0,36.0,4.0,2.0,6.0,12.0,4.0,0.0,27.0,48.0,0.228,0.344,0.392,0.736,99.0,0.341,104.0,62.0,3.0,1.0,0.0,0.0,0.0,39/75,
Hunter Pence,37.0,SFG,NL,-0.5,17.0,56.0,52.0,4.0,5.0,0.0,1.0,2.0,6.0,0.0,0.0,3.0,15.0,0.096,0.161,0.25,0.411,11.0,0.181,2.0,13.0,3.0,1.0,0.0,0.0,0.0,/D79H,
Hunter Renfroe,28.0,TBR,AL,-0.1,42.0,139.0,122.0,18.0,19.0,5.0,0.0,8.0,22.0,2.0,0.0,14.0,37.0,0.156,0.252,0.393,0.645,79.0,0.307,92.0,48.0,3.0,2.0,0.0,1.0,0.0,9/H3D,
Héctor Neris,31.0,PHI,NL,0.0,1.0,0.0,0.0,0.0,0.0,0.0,0.0,0.0,0.0,0.0,0.0,0.0,0.0,,,,,,,,0.0,0.0,0.0,0.0,0.0,0.0,1,
Ian Happ#,25.0,CHC,NL,1.3,57.0,231.0,198.0,27.0,51.0,11.0,1.0,12.0,28.0,1.0,3.0,30.0,63.0,0.258,0.361,0.505,0.866,131.0,0.371,133.0,100.0,1.0,2.0,1.0,0.0,1.0,*87/9H3D,MVP-18
Ian Miller*,28.0,CHC,NL,0.0,1.0,0.0,0.0,0.0,0.0,0.0,0.0,0.0,0.0,0.0,0.0,0.0,0.0,,,,,,,,0.0,0.0,0.0,0.0,0.0,0.0,/H,
Ildemaro Vargas#,28.0,3TM,2LG,-0.5,24.0,54.0,51.0,6.0,10.0,1.0,1.0,1.0,3.0,0.0,0.0,2.0,10.0,0.196,0.222,0.314,0.536,45.0,0.227,32.0,16.0,2.0,0.0,0.0,1.0,0.0,4/H35,
Ildemaro Vargas#,28.0,2TM,NL,-0.3,14.0,30.0,29.0,3.0,5.0,0.0,0.0,1.0,1.0,0.0,0.0,1.0,8.0,0.172,0.2,0.276,0.476,27.0,0.206,15.0,8.0,1.0,0.0,0.0,0.0,0.0,/43H5,
Ildemaro Vargas#,28.0,ARI,NL,-0.4,8.0,21.0,20.0,2.0,3.0,0.0,0.0,0.0,0.0,0.0,0.0,1.0,5.0,0.15,0.19,0.15,0.34,-5.0,0.158,-18.0,3.0,1.0,0.0,0.0,0.0,0.0,/34H5,
Ildemaro Vargas#,28.0,MIN,AL,-0.2,10.0,24.0,22.0,3.0,5.0,1.0,1.0,0.0,2.0,0.0,0.0,1.0,2.0,0.227,0.25,0.364,0.614,68.0,0.254,53.0,8.0,1.0,0.0,0.0,1.0,0.0,/4H5,
Ildemaro Vargas#,28.0,CHC,NL,0.0,6.0,9.0,9.0,1.0,2.0,0.0,0.0,1.0,1.0,0.0,0.0,0.0,3.0,0.222,0.222,0.556,0.778,100.0,0.318,92.0,5.0,0.0,0.0,0.0,0.0,0.0,/4H5,
Isaac Paredes,21.0,DET,AL,-0.3,34.0,108.0,100.0,7.0,22.0,4.0,0.0,1.0,6.0,0.0,0.0,8.0,24.0,0.22,0.278,0.29,0.568,57.0,0.255,52.0,29.0,1.0,0.0,0.0,0.0,0.0,5/HD,
Isan Díaz*,24.0,MIA,NL,-0.3,7.0,22.0,22.0,3.0,4.0,0.0,0.0,0.0,1.0,0.0,0.0,0.0,7.0,0.182,0.182,0.182,0.364,-1.0,0.164,-15.0,4.0,0.0,0.0,0.0,0.0,0.0,/4,
Isiah Kiner-Falefa,25.0,TEX,AL,2.1,58.0,228.0,211.0,28.0,59.0,4.0,3.0,3.0,10.0,8.0,5.0,14.0,32.0,0.28,0.329,0.37,0.699,93.0,0.319,99.0,78.0,6.0,2.0,0.0,1.0,0.0,*56/H,GG
J.D. Davis,27.0,NYM,NL,0.0,56.0,229.0,190.0,26.0,47.0,9.0,0.0,6.0,19.0,0.0,0.0,31.0,56.0,0.247,0.371,0.389,0.761,111.0,0.342,114.0,74.0,8.0,7.0,0.0,1.0,1.0,5D/7H,
J.D. Martinez,32.0,BOS,AL,-0.7,54.0,237.0,211.0,22.0,45.0,16.0,0.0,7.0,27.0,1.0,0.0,22.0,59.0,0.213,0.291,0.389,0.68,79.0,0.299,74.0,82.0,6.0,2.0,0.0,2.0,3.0,*D/97,
J.P. Crawford*,25.0,SEA,AL,1.6,53.0,232.0,204.0,33.0,52.0,7.0,2.0,2.0,24.0,6.0,3.0,23.0,39.0,0.255,0.336,0.338,0.674,91.0,0.31,96.0,69.0,4.0,3.0,0.0,2.0,0.0,*6,GG
J.T. Realmuto,29.0,PHI,NL,1.4,47.0,195.0,173.0,33.0,46.0,6.0,0.0,11.0,32.0,4.0,1.0,16.0,48.0,0.266,0.349,0.491,0.84,124.0,0.364,123.0,85.0,3.0,6.0,0.0,0.0,0.0,2/D3H,
Jace Peterson*,30.0,MIL,NL,0.1,26.0,61.0,45.0,6.0,9.0,1.0,0.0,2.0,5.0,1.0,0.0,15.0,20.0,0.2,0.393,0.356,0.749,104.0,0.346,106.0,16.0,0.0,0.0,0.0,1.0,0.0,9/H3574,
Jack Mayfield,29.0,HOU,AL,-0.2,21.0,47.0,42.0,5.0,8.0,1.0,0.0,0.0,3.0,0.0,0.0,2.0,14.0,0.19,0.239,0.214,0.453,26.0,0.21,16.0,9.0,1.0,1.0,1.0,1.0,0.0,/564HD,
Jackie Bradley Jr.*,30.0,BOS,AL,2.0,55.0,217.0,191.0,32.0,54.0,11.0,0.0,7.0,22.0,5.0,2.0,23.0,48.0,0.283,0.364,0.45,0.814,116.0,0.363,120.0,86.0,2.0,2.0,0.0,1.0,1.0,*8,
Jacob Nottingham,25.0,MIL,NL,0.5,20.0,54.0,48.0,8.0,9.0,1.0,0.0,4.0,13.0,0.0,0.0,5.0,20.0,0.188,0.278,0.458,0.736,93.0,0.327,96.0,22.0,1.0,1.0,0.0,0.0,0.0,2/H,
Jacob Stallings,30.0,PIT,NL,1.0,42.0,143.0,125.0,13.0,31.0,7.0,0.0,3.0,18.0,0.0,0.0,15.0,40.0,0.248,0.326,0.376,0.702,91.0,0.317,93.0,47.0,2.0,0.0,2.0,1.0,0.0,*2,
JaCoby Jones,28.0,DET,AL,0.5,30.0,108.0,97.0,19.0,26.0,9.0,0.0,5.0,14.0,1.0,1.0,7.0,34.0,0.268,0.333,0.515,0.849,129.0,0.364,130.0,50.0,1.0,3.0,0.0,1.0,0.0,8/H,
Jahmai Jones,22.0,LAA,AL,0.1,3.0,7.0,7.0,2.0,3.0,0.0,0.0,0.0,1.0,0.0,0.0,0.0,2.0,0.429,0.429,0.429,0.857,137.0,0.513,231.0,3.0,0.0,0.0,0.0,0.0,0.0,/4H,
Jake Cave*,27.0,MIN,AL,0.4,42.0,123.0,113.0,17.0,25.0,3.0,2.0,4.0,15.0,0.0,2.0,5.0,44.0,0.221,0.285,0.389,0.674,85.0,0.291,85.0,44.0,0.0,5.0,0.0,0.0,0.0,89H/7D,
Jake Cronenworth*,26.0,SDP,NL,1.6,54.0,192.0,172.0,26.0,49.0,15.0,3.0,4.0,20.0,3.0,1.0,18.0,30.0,0.285,0.354,0.477,0.831,129.0,0.367,133.0,82.0,4.0,1.0,0.0,1.0,0.0,463/H5,ROY-2
Jake Fraley*,25.0,SEA,AL,0.0,7.0,29.0,26.0,3.0,4.0,1.0,1.0,0.0,0.0,2.0,1.0,2.0,11.0,0.154,0.241,0.269,0.511,44.0,0.227,39.0,7.0,0.0,1.0,0.0,0.0,0.0,/97,
Jake Lamb*,29.0,2TM,2LG,-0.3,31.0,99.0,88.0,7.0,17.0,5.0,0.0,3.0,10.0,0.0,1.0,8.0,25.0,0.193,0.283,0.352,0.635,74.0,0.286,77.0,31.0,1.0,3.0,0.0,0.0,0.0,53/D,
Jake Lamb*,29.0,ARI,NL,-0.4,18.0,50.0,43.0,2.0,5.0,1.0,0.0,0.0,1.0,0.0,1.0,6.0,17.0,0.116,0.24,0.14,0.38,7.0,0.204,21.0,6.0,0.0,1.0,0.0,0.0,0.0,3/5D,
Jake Lamb*,29.0,OAK,AL,0.1,13.0,49.0,45.0,5.0,12.0,4.0,0.0,3.0,9.0,0.0,0.0,2.0,8.0,0.267,0.327,0.556,0.882,141.0,0.37,136.0,25.0,1.0,2.0,0.0,0.0,0.0,5/D,
Jake Marisnick,29.0,NYM,NL,0.2,16.0,34.0,33.0,4.0,11.0,3.0,0.0,2.0,5.0,0.0,0.0,1.0,10.0,0.333,0.353,0.606,0.959,158.0,0.419,168.0,20.0,0.0,0.0,0.0,0.0,0.0,8/H,
Jake Noll,26.0,WSN,NL,-0.1,7.0,17.0,17.0,2.0,6.0,1.0,0.0,0.0,0.0,0.0,0.0,0.0,4.0,0.353,0.353,0.412,0.765,107.0,0.326,99.0,7.0,1.0,0.0,0.0,0.0,0.0,/3HD5,
Jake Woodford,23.0,STL,NL,0.0,1.0,0.0,0.0,0.0,0.0,0.0,0.0,0.0,0.0,0.0,0.0,0.0,0.0,,,,,,,,0.0,0.0,0.0,0.0,0.0,0.0,1,
James McCann,30.0,CHW,AL,1.3,31.0,111.0,97.0,20.0,28.0,3.0,0.0,7.0,15.0,1.0,1.0,8.0,30.0,0.289,0.36,0.536,0.896,143.0,0.385,144.0,52.0,2.0,4.0,0.0,2.0,0.0,2/H,
Jared Oliva,24.0,PIT,NL,-0.2,6.0,16.0,16.0,0.0,3.0,0.0,0.0,0.0,0.0,1.0,0.0,0.0,6.0,0.188,0.188,0.188,0.375,3.0,0.172,-18.0,3.0,0.0,0.0,0.0,0.0,0.0,/78H,
Jared Walsh*,26.0,LAA,AL,0.7,32.0,108.0,99.0,19.0,29.0,4.0,2.0,9.0,26.0,0.0,0.0,5.0,15.0,0.293,0.324,0.646,0.971,157.0,0.399,152.0,64.0,0.0,1.0,0.0,3.0,0.0,3/H9D,ROY-7
Jarrod Dyson*,35.0,2TM,2LG,-0.8,32.0,66.0,61.0,9.0,11.0,0.0,0.0,0.0,5.0,6.0,0.0,4.0,11.0,0.18,0.231,0.18,0.411,15.0,0.214,7.0,11.0,0.0,0.0,1.0,0.0,0.0,8/H7D9,
Jarrod Dyson*,35.0,PIT,NL,-0.6,21.0,55.0,51.0,6.0,8.0,0.0,0.0,0.0,5.0,4.0,0.0,4.0,10.0,0.157,0.218,0.157,0.375,5.0,0.196,-2.0,8.0,0.0,0.0,0.0,0.0,0.0,8/H,
Jarrod Dyson*,35.0,CHW,AL,-0.2,11.0,11.0,10.0,3.0,3.0,0.0,0.0,0.0,0.0,2.0,0.0,0.0,1.0,0.3,0.3,0.3,0.6,67.0,0.317,59.0,3.0,0.0,0.0,1.0,0.0,0.0,/7H8D9,
Jason Castro*,33.0,2TM,2LG,-0.2,27.0,92.0,80.0,8.0,15.0,9.0,0.0,2.0,9.0,0.0,0.0,12.0,33.0,0.188,0.293,0.375,0.668,83.0,0.294,80.0,30.0,2.0,0.0,0.0,0.0,0.0,2/H,
Jason Castro*,33.0,LAA,AL,0.0,18.0,62.0,52.0,5.0,10.0,4.0,0.0,2.0,6.0,0.0,0.0,10.0,23.0,0.192,0.323,0.385,0.707,93.0,0.314,92.0,20.0,1.0,0.0,0.0,0.0,0.0,2/H,
Jason Castro*,33.0,SDP,NL,-0.2,9.0,30.0,28.0,3.0,5.0,5.0,0.0,0.0,3.0,0.0,0.0,2.0,10.0,0.179,0.233,0.357,0.59,61.0,0.253,54.0,10.0,1.0,0.0,0.0,0.0,0.0,/2,
Jason Heyward*,30.0,CHC,NL,1.6,50.0,181.0,147.0,20.0,39.0,6.0,2.0,6.0,22.0,2.0,0.0,30.0,37.0,0.265,0.392,0.456,0.848,129.0,0.376,131.0,67.0,1.0,2.0,0.0,2.0,1.0,*9/H,
Jason Kipnis*,33.0,CHC,NL,0.8,44.0,135.0,114.0,13.0,27.0,8.0,1.0,3.0,16.0,1.0,0.0,18.0,41.0,0.237,0.341,0.404,0.744,101.0,0.339,106.0,46.0,1.0,1.0,0.0,2.0,0.0,4/DH3,
Jason Martin*,24.0,PIT,NL,-0.2,7.0,11.0,9.0,2.0,0.0,0.0,0.0,0.0,0.0,0.0,0.0,2.0,4.0,0.0,0.182,0.0,0.182,-44.0,0.128,-38.0,0.0,0.0,0.0,0.0,0.0,0.0,/8H7,
Javier Báez,27.0,CHC,NL,0.7,59.0,235.0,222.0,27.0,45.0,9.0,1.0,8.0,24.0,3.0,0.0,7.0,75.0,0.203,0.238,0.36,0.599,59.0,0.278,62.0,80.0,8.0,4.0,0.0,2.0,0.0,*6/7DH,GG
Jay Bruce*,33.0,PHI,NL,0.2,32.0,103.0,96.0,11.0,19.0,4.0,2.0,6.0,14.0,0.0,0.0,7.0,24.0,0.198,0.252,0.469,0.721,89.0,0.315,90.0,45.0,1.0,0.0,0.0,0.0,1.0,7D/H93,
Jaylin Davis,25.0,SFG,NL,-0.2,4.0,12.0,12.0,2.0,2.0,0.0,0.0,1.0,1.0,0.0,0.0,0.0,6.0,0.167,0.167,0.417,0.583,54.0,0.238,42.0,5.0,0.0,0.0,0.0,0.0,0.0,/9,
Jazz Chisholm Jr.*,22.0,MIA,NL,-0.1,21.0,62.0,56.0,8.0,9.0,1.0,1.0,2.0,6.0,2.0,2.0,5.0,19.0,0.161,0.242,0.321,0.563,51.0,0.255,55.0,18.0,0.0,1.0,0.0,0.0,0.0,4/6H,
Jean Segura,30.0,PHI,NL,1.4,54.0,217.0,192.0,28.0,51.0,5.0,2.0,7.0,25.0,2.0,2.0,23.0,45.0,0.266,0.347,0.422,0.769,107.0,0.336,107.0,81.0,6.0,1.0,1.0,0.0,2.0,45/6D,
Jedd Gyorko,31.0,MIL,NL,0.7,42.0,135.0,117.0,19.0,29.0,3.0,0.0,9.0,17.0,0.0,0.0,15.0,38.0,0.248,0.333,0.504,0.838,120.0,0.365,123.0,59.0,4.0,1.0,0.0,2.0,1.0,35/H1D,
Jeff Mathis,37.0,TEX,AL,0.5,24.0,68.0,62.0,6.0,10.0,1.0,1.0,3.0,9.0,1.0,0.0,5.0,24.0,0.161,0.221,0.355,0.575,56.0,0.249,46.0,22.0,0.0,0.0,0.0,1.0,0.0,2/H,
Jeff McNeil*,28.0,NYM,NL,1.5,52.0,209.0,183.0,19.0,57.0,14.0,0.0,4.0,23.0,0.0,2.0,20.0,24.0,0.311,0.383,0.454,0.836,130.0,0.366,135.0,83.0,3.0,3.0,0.0,3.0,2.0,74/59DH,
Jeimer Candelario#,26.0,DET,AL,2.1,52.0,206.0,185.0,30.0,55.0,11.0,3.0,7.0,29.0,1.0,1.0,20.0,49.0,0.297,0.369,0.503,0.872,137.0,0.376,137.0,93.0,3.0,1.0,0.0,0.0,0.0,*35/H,
Jeremy Jeffress,32.0,CHC,NL,0.0,2.0,0.0,0.0,0.0,0.0,0.0,0.0,0.0,0.0,0.0,0.0,0.0,0.0,,,,,,,,0.0,0.0,0.0,0.0,0.0,0.0,1,
Jesse Winker*,26.0,CIN,NL,1.3,54.0,183.0,149.0,27.0,38.0,7.0,0.0,12.0,23.0,1.0,0.0,28.0,46.0,0.255,0.388,0.544,0.932,139.0,0.403,142.0,81.0,3.0,5.0,0.0,1.0,0.0,D7/H9,
Jesús Aguilar,30.0,MIA,NL,0.5,51.0,216.0,188.0,31.0,52.0,10.0,0.0,8.0,34.0,0.0,1.0,23.0,40.0,0.277,0.352,0.457,0.809,117.0,0.35,116.0,86.0,5.0,1.0,0.0,4.0,0.0,3D/5H,
Jesús Sánchez*,22.0,MIA,NL,-0.5,10.0,29.0,25.0,1.0,1.0,1.0,0.0,0.0,2.0,0.0,0.0,4.0,11.0,0.04,0.172,0.08,0.252,-28.0,0.14,-32.0,2.0,1.0,0.0,0.0,0.0,0.0,9/H,
Jiman Choi*,29.0,TBR,AL,0.4,42.0,145.0,122.0,16.0,28.0,13.0,0.0,3.0,16.0,0.0,0.0,20.0,36.0,0.23,0.331,0.41,0.741,108.0,0.317,102.0,50.0,1.0,0.0,0.0,3.0,2.0,3H/D,
Jo Adell,21.0,LAA,AL,-1.4,38.0,132.0,124.0,9.0,20.0,4.0,0.0,3.0,7.0,0.0,1.0,7.0,55.0,0.161,0.212,0.266,0.478,30.0,0.206,19.0,33.0,3.0,1.0,0.0,0.0,0.0,9/8H,
Joc Pederson*,28.0,LAD,NL,-0.3,43.0,138.0,121.0,21.0,23.0,4.0,0.0,7.0,16.0,1.0,0.0,11.0,34.0,0.19,0.285,0.397,0.681,83.0,0.305,82.0,48.0,5.0,5.0,0.0,0.0,0.0,7D/9H,
Joe Hudson,29.0,SEA,AL,-0.2,9.0,20.0,17.0,0.0,3.0,0.0,0.0,0.0,0.0,0.0,0.0,2.0,5.0,0.176,0.263,0.176,0.44,28.0,0.205,18.0,3.0,0.0,0.0,1.0,0.0,0.0,/2,
Joe McCarthy*,26.0,SFG,NL,-0.4,4.0,10.0,10.0,0.0,0.0,0.0,0.0,0.0,0.0,0.0,0.0,0.0,5.0,0.0,0.0,0.0,0.0,-100.0,0.0,-123.0,0.0,0.0,0.0,0.0,0.0,0.0,/79,
Joe Panik*,29.0,TOR,AL,-0.3,41.0,141.0,120.0,18.0,27.0,6.0,0.0,1.0,7.0,0.0,0.0,20.0,27.0,0.225,0.34,0.3,0.64,79.0,0.297,81.0,36.0,4.0,1.0,0.0,0.0,0.0,465/HD,
Joey Bart,23.0,SFG,NL,0.3,33.0,111.0,103.0,15.0,24.0,5.0,2.0,0.0,7.0,0.0,0.0,3.0,41.0,0.233,0.288,0.32,0.609,68.0,0.295,82.0,33.0,1.0,5.0,0.0,0.0,0.0,2/DH,
Joey Gallo*,26.0,TEX,AL,1.6,57.0,226.0,193.0,23.0,35.0,8.0,0.0,10.0,26.0,2.0,0.0,29.0,79.0,0.181,0.301,0.378,0.679,87.0,0.302,84.0,73.0,0.0,4.0,0.0,0.0,2.0,*9/DH8,GG
Joey Rickard,29.0,SFG,NL,-0.1,4.0,6.0,5.0,1.0,0.0,0.0,0.0,0.0,0.0,0.0,0.0,1.0,1.0,0.0,0.167,0.0,0.167,-48.0,0.117,-42.0,0.0,0.0,0.0,0.0,0.0,0.0,/9H,
Joey Votto*,36.0,CIN,NL,0.1,54.0,223.0,186.0,32.0,42.0,8.0,0.0,11.0,22.0,0.0,0.0,37.0,43.0,0.226,0.354,0.446,0.8,107.0,0.352,107.0,83.0,5.0,0.0,0.0,0.0,1.0,*3/D,
Joey Wendle*,30.0,TBR,AL,1.4,50.0,184.0,168.0,24.0,48.0,9.0,2.0,4.0,17.0,8.0,2.0,10.0,35.0,0.286,0.342,0.435,0.777,118.0,0.338,113.0,73.0,1.0,5.0,0.0,1.0,1.0,546/H,
Johan Camargo#,26.0,ATL,NL,0.1,35.0,127.0,120.0,16.0,24.0,8.0,0.0,4.0,9.0,0.0,0.0,6.0,35.0,0.2,0.244,0.367,0.611,58.0,0.27,53.0,44.0,1.0,1.0,0.0,0.0,0.0,45/HD,
John Nogowski,27.0,STL,NL,-0.1,1.0,4.0,4.0,0.0,1.0,0.0,0.0,0.0,0.0,0.0,0.0,0.0,1.0,0.25,0.25,0.25,0.5,40.0,0.225,33.0,1.0,0.0,0.0,0.0,0.0,0.0,/3,
John Ryan Murphy,29.0,PIT,NL,-0.3,25.0,63.0,58.0,6.0,10.0,2.0,0.0,0.0,2.0,0.0,0.0,4.0,28.0,0.172,0.226,0.207,0.433,20.0,0.2,11.0,12.0,1.0,0.0,1.0,0.0,0.0,2/1H,
Jon Berti,30.0,MIA,NL,0.9,39.0,149.0,120.0,21.0,31.0,5.0,0.0,2.0,14.0,9.0,2.0,23.0,37.0,0.258,0.388,0.35,0.738,102.0,0.356,114.0,42.0,1.0,3.0,2.0,1.0,0.0,4/895H6,
Jon Jay*,35.0,ARI,NL,-0.5,18.0,57.0,50.0,5.0,8.0,1.0,0.0,1.0,4.0,0.0,0.0,3.0,12.0,0.16,0.211,0.24,0.451,22.0,0.201,12.0,12.0,0.0,1.0,0.0,3.0,0.0,/987DH,
Jonah Heim#,25.0,OAK,AL,0.1,13.0,41.0,38.0,5.0,8.0,0.0,0.0,0.0,5.0,0.0,0.0,3.0,3.0,0.211,0.268,0.211,0.479,37.0,0.224,34.0,8.0,1.0,0.0,0.0,0.0,0.0,2/DH,
Jonathan Araúz#,21.0,BOS,AL,-0.1,25.0,80.0,72.0,8.0,18.0,2.0,0.0,1.0,9.0,0.0,0.0,8.0,21.0,0.25,0.325,0.319,0.644,73.0,0.293,71.0,23.0,0.0,0.0,0.0,0.0,0.0,4/56HD,
Jonathan Davis,28.0,TOR,AL,0.4,13.0,34.0,27.0,4.0,7.0,2.0,0.0,1.0,6.0,1.0,0.0,3.0,11.0,0.259,0.364,0.444,0.808,121.0,0.358,120.0,12.0,1.0,2.0,0.0,1.0,0.0,/987H,
Jonathan Holder,27.0,NYY,AL,0.0,1.0,0.0,0.0,1.0,0.0,0.0,0.0,0.0,0.0,0.0,0.0,0.0,0.0,,,,,,,,0.0,0.0,0.0,0.0,0.0,0.0,1,
Jonathan Lucroy,34.0,BOS,AL,0.0,1.0,0.0,0.0,0.0,0.0,0.0,0.0,0.0,0.0,0.0,0.0,0.0,0.0,,,,,,,,0.0,0.0,0.0,0.0,0.0,0.0,/2,
Jonathan Schoop,28.0,DET,AL,1.3,44.0,177.0,162.0,26.0,45.0,4.0,2.0,8.0,23.0,0.0,0.0,8.0,39.0,0.278,0.324,0.475,0.799,116.0,0.359,125.0,77.0,8.0,4.0,0.0,2.0,0.0,*4,
Jonathan Villar#,29.0,2TM,2LG,-0.3,52.0,207.0,185.0,13.0,43.0,5.0,0.0,2.0,15.0,16.0,5.0,19.0,54.0,0.232,0.301,0.292,0.593,63.0,0.289,70.0,54.0,2.0,0.0,1.0,2.0,1.0,46/DH8,
Jonathan Villar#,29.0,MIA,NL,-0.1,30.0,128.0,116.0,10.0,30.0,4.0,0.0,2.0,9.0,9.0,5.0,10.0,32.0,0.259,0.315,0.345,0.66,79.0,0.306,86.0,40.0,2.0,0.0,1.0,1.0,1.0,64/D8H,
Jonathan Villar#,29.0,TOR,AL,-0.2,22.0,79.0,69.0,3.0,13.0,1.0,0.0,0.0,6.0,7.0,0.0,9.0,22.0,0.188,0.278,0.203,0.481,36.0,0.262,42.0,14.0,0.0,0.0,0.0,1.0,0.0,4/6DH,
Jordan Luplow,26.0,CLE,AL,-0.1,29.0,92.0,78.0,8.0,15.0,5.0,1.0,2.0,8.0,0.0,1.0,12.0,19.0,0.192,0.304,0.359,0.663,81.0,0.288,78.0,28.0,3.0,1.0,0.0,1.0,0.0,7/9H,
Jordy Mercer,33.0,2TM,AL,-0.2,9.0,22.0,20.0,2.0,4.0,0.0,0.0,0.0,0.0,0.0,0.0,2.0,2.0,0.2,0.273,0.2,0.473,35.0,0.222,31.0,4.0,1.0,0.0,0.0,0.0,0.0,/635H,
Jordy Mercer,33.0,DET,AL,-0.1,3.0,9.0,9.0,1.0,2.0,0.0,0.0,0.0,0.0,0.0,0.0,0.0,1.0,0.222,0.222,0.222,0.444,23.0,0.189,6.0,2.0,1.0,0.0,0.0,0.0,0.0,/35H,
Jordy Mercer,33.0,NYY,AL,-0.1,6.0,13.0,11.0,1.0,2.0,0.0,0.0,0.0,0.0,0.0,0.0,2.0,1.0,0.182,0.308,0.182,0.49,42.0,0.246,48.0,2.0,0.0,0.0,0.0,0.0,0.0,/6,
Jorge Alfaro,27.0,MIA,NL,-0.4,31.0,100.0,93.0,12.0,21.0,2.0,0.0,3.0,16.0,2.0,0.0,4.0,36.0,0.226,0.28,0.344,0.624,68.0,0.276,59.0,32.0,2.0,3.0,0.0,0.0,1.0,2/9DH,
Jorge Bonifacio,27.0,DET,AL,-0.3,30.0,94.0,86.0,8.0,19.0,3.0,0.0,2.0,17.0,0.0,0.0,5.0,26.0,0.221,0.277,0.326,0.602,65.0,0.266,59.0,28.0,1.0,2.0,0.0,1.0,0.0,79/H,
Jorge Mateo,25.0,SDP,NL,-0.4,22.0,28.0,26.0,4.0,4.0,3.0,0.0,0.0,2.0,1.0,0.0,1.0,11.0,0.154,0.185,0.269,0.454,25.0,0.205,12.0,7.0,1.0,0.0,1.0,0.0,0.0,H/4D798,
Jorge Oña,23.0,SDP,NL,0.2,5.0,15.0,12.0,3.0,3.0,1.0,0.0,1.0,2.0,0.0,0.0,2.0,7.0,0.25,0.4,0.583,0.983,170.0,0.476,209.0,7.0,0.0,1.0,0.0,0.0,0.0,/D9,
Jorge Polanco#,26.0,MIN,AL,0.0,55.0,226.0,209.0,22.0,54.0,8.0,0.0,4.0,19.0,4.0,2.0,13.0,35.0,0.258,0.304,0.354,0.658,82.0,0.292,80.0,74.0,7.0,1.0,2.0,1.0,0.0,*6/H,
Jorge Soler,28.0,KCR,AL,0.2,43.0,174.0,149.0,17.0,34.0,8.0,0.0,8.0,24.0,0.0,0.0,19.0,60.0,0.228,0.326,0.443,0.769,106.0,0.338,106.0,66.0,3.0,3.0,0.0,1.0,0.0,D/9H,
Jose Altuve,30.0,HOU,AL,-0.3,48.0,210.0,192.0,32.0,42.0,9.0,0.0,5.0,18.0,2.0,3.0,17.0,39.0,0.219,0.286,0.344,0.629,71.0,0.284,74.0,66.0,5.0,1.0,0.0,0.0,0.0,*4,
Jose Barrero,22.0,CIN,NL,-0.7,24.0,68.0,67.0,4.0,13.0,0.0,0.0,0.0,2.0,1.0,1.0,1.0,26.0,0.194,0.206,0.194,0.4,6.0,0.174,-13.0,13.0,1.0,0.0,0.0,0.0,0.0,6/HD,
Jose Iglesias,30.0,BAL,AL,1.3,39.0,150.0,142.0,16.0,53.0,17.0,0.0,3.0,24.0,0.0,0.0,3.0,17.0,0.373,0.4,0.556,0.956,157.0,0.407,155.0,79.0,1.0,4.0,0.0,1.0,0.0,6D/H,
Jose Trevino,27.0,TEX,AL,0.4,24.0,83.0,76.0,10.0,19.0,8.0,0.0,2.0,9.0,0.0,0.0,3.0,15.0,0.25,0.28,0.434,0.715,94.0,0.311,92.0,33.0,1.0,1.0,1.0,2.0,0.0,2/D3H,
Joseph Odom,28.0,SEA,AL,-0.2,18.0,44.0,39.0,2.0,5.0,0.0,0.0,0.0,2.0,0.0,0.0,4.0,20.0,0.128,0.209,0.128,0.338,-1.0,0.209,23.0,5.0,1.0,0.0,1.0,0.0,0.0,2/H,
Josh Bell#,27.0,PIT,NL,-0.5,57.0,223.0,195.0,22.0,44.0,3.0,0.0,8.0,22.0,0.0,0.0,22.0,59.0,0.226,0.305,0.364,0.669,82.0,0.29,74.0,71.0,3.0,2.0,0.0,4.0,4.0,3D/H,
Josh Donaldson,34.0,MIN,AL,0.5,28.0,102.0,81.0,14.0,18.0,2.0,0.0,6.0,11.0,0.0,0.0,18.0,24.0,0.222,0.373,0.469,0.842,132.0,0.359,127.0,38.0,4.0,2.0,0.0,1.0,1.0,5/H,
Josh Hader*,26.0,MIL,NL,0.0,1.0,0.0,0.0,0.0,0.0,0.0,0.0,0.0,0.0,0.0,0.0,0.0,0.0,,,,,,,,0.0,0.0,0.0,0.0,0.0,0.0,1,
Josh Harrison,32.0,WSN,NL,0.3,33.0,91.0,79.0,11.0,22.0,2.0,0.0,3.0,14.0,1.0,2.0,6.0,12.0,0.278,0.352,0.418,0.769,108.0,0.329,107.0,33.0,2.0,4.0,0.0,2.0,0.0,45/HD793,
Josh Naylor*,23.0,2TM,2LG,0.0,40.0,104.0,97.0,13.0,24.0,3.0,1.0,1.0,6.0,1.0,0.0,5.0,12.0,0.247,0.291,0.33,0.621,71.0,0.287,73.0,32.0,2.0,1.0,0.0,0.0,0.0,7H/D39,
Josh Naylor*,23.0,SDP,NL,0.0,18.0,38.0,36.0,4.0,10.0,0.0,1.0,1.0,4.0,1.0,0.0,1.0,4.0,0.278,0.316,0.417,0.732,102.0,0.347,116.0,15.0,2.0,1.0,0.0,0.0,0.0,/DH937,
Josh Naylor*,23.0,CLE,AL,0.0,22.0,66.0,61.0,9.0,14.0,3.0,0.0,0.0,2.0,0.0,0.0,4.0,8.0,0.23,0.277,0.279,0.556,54.0,0.252,48.0,17.0,0.0,0.0,0.0,0.0,0.0,7/H3,
Josh Phegley,32.0,CHC,NL,-0.1,11.0,18.0,16.0,4.0,1.0,0.0,0.0,1.0,2.0,0.0,0.0,1.0,3.0,0.063,0.167,0.25,0.417,11.0,0.239,37.0,4.0,0.0,1.0,0.0,0.0,0.0,/DH2,
Josh Reddick*,33.0,HOU,AL,-0.4,56.0,210.0,188.0,22.0,46.0,11.0,1.0,4.0,23.0,1.0,0.0,20.0,42.0,0.245,0.316,0.378,0.693,89.0,0.306,85.0,71.0,5.0,0.0,0.0,1.0,0.0,*9/DH,
Josh Rojas*,26.0,ARI,NL,-0.3,17.0,70.0,61.0,9.0,11.0,0.0,0.0,0.0,2.0,1.0,1.0,7.0,16.0,0.18,0.257,0.18,0.437,22.0,0.217,26.0,11.0,1.0,0.0,0.0,2.0,0.0,/4D67H,
Josh VanMeter*,25.0,2TM,NL,-0.1,26.0,79.0,70.0,9.0,9.0,3.0,0.0,2.0,6.0,1.0,0.0,7.0,24.0,0.129,0.228,0.257,0.485,29.0,0.237,31.0,18.0,0.0,2.0,0.0,0.0,0.0,4/DH35,
Josh VanMeter*,25.0,CIN,NL,-0.3,14.0,38.0,34.0,3.0,2.0,1.0,0.0,1.0,1.0,1.0,0.0,3.0,16.0,0.059,0.158,0.176,0.334,-13.0,0.165,-27.0,6.0,0.0,1.0,0.0,0.0,0.0,/4DH3,
Josh VanMeter*,25.0,ARI,NL,0.3,12.0,41.0,36.0,6.0,7.0,2.0,0.0,1.0,5.0,0.0,0.0,4.0,8.0,0.194,0.293,0.333,0.626,70.0,0.304,84.0,12.0,0.0,1.0,0.0,0.0,0.0,4/5H,
Joshua Fuentes,27.0,COL,NL,1.1,30.0,103.0,98.0,14.0,30.0,7.0,0.0,2.0,17.0,1.0,0.0,2.0,29.0,0.306,0.32,0.439,0.759,92.0,0.335,90.0,43.0,1.0,1.0,0.0,2.0,0.0,3/5H79,
José Abreu,33.0,CHW,AL,2.7,60.0,262.0,240.0,43.0,76.0,15.0,0.0,19.0,60.0,0.0,0.0,18.0,59.0,0.317,0.37,0.617,0.987,165.0,0.421,168.0,148.0,10.0,3.0,0.0,1.0,1.0,*3/D,"MVP-1,SS"
José Briceño,27.0,LAA,AL,0.0,2.0,6.0,5.0,0.0,1.0,0.0,0.0,0.0,0.0,0.0,0.0,1.0,1.0,0.2,0.333,0.2,0.533,52.0,0.266,59.0,1.0,0.0,0.0,0.0,0.0,0.0,/2,
José Marmolejos*,27.0,SEA,AL,-0.2,35.0,115.0,107.0,12.0,22.0,4.0,0.0,6.0,18.0,0.0,1.0,7.0,32.0,0.206,0.261,0.411,0.672,85.0,0.291,85.0,44.0,2.0,1.0,0.0,0.0,0.0,7D/3H9,
José Martínez,31.0,2TM,2LG,-0.5,34.0,98.0,88.0,10.0,16.0,4.0,0.0,2.0,10.0,0.0,0.0,10.0,27.0,0.182,0.265,0.295,0.561,57.0,0.256,57.0,26.0,6.0,0.0,0.0,0.0,1.0,DH/3,
José Martínez,31.0,TBR,AL,0.2,24.0,76.0,67.0,10.0,16.0,4.0,0.0,2.0,10.0,0.0,0.0,9.0,20.0,0.239,0.329,0.388,0.717,102.0,0.322,105.0,26.0,5.0,0.0,0.0,0.0,1.0,D/H3,
José Martínez,31.0,CHC,NL,-0.6,10.0,22.0,21.0,0.0,0.0,0.0,0.0,0.0,0.0,0.0,0.0,1.0,7.0,0.0,0.045,0.0,0.045,-86.0,0.032,-107.0,0.0,1.0,0.0,0.0,0.0,0.0,/DH,
José Osuna,27.0,PIT,NL,-0.1,26.0,82.0,78.0,6.0,16.0,3.0,0.0,4.0,11.0,0.0,1.0,4.0,16.0,0.205,0.244,0.397,0.641,71.0,0.278,70.0,31.0,1.0,0.0,0.0,0.0,0.0,/3957DH,
José Peraza,26.0,BOS,AL,-0.1,34.0,120.0,111.0,13.0,25.0,8.0,1.0,1.0,8.0,1.0,1.0,5.0,18.0,0.225,0.275,0.342,0.617,64.0,0.283,66.0,38.0,3.0,3.0,0.0,1.0,0.0,4/76H15D,
José Ramírez#,27.0,CLE,AL,2.5,58.0,254.0,219.0,45.0,64.0,16.0,1.0,17.0,46.0,10.0,3.0,31.0,43.0,0.292,0.386,0.607,0.993,167.0,0.426,168.0,133.0,2.0,3.0,0.0,1.0,0.0,*5/D,"MVP-2,SS"
José Ruiz,25.0,CHW,AL,0.0,1.0,0.0,0.0,0.0,0.0,0.0,0.0,0.0,0.0,0.0,0.0,0.0,0.0,,,,,,,,0.0,0.0,0.0,0.0,0.0,0.0,/1,
JT Riddle*,28.0,PIT,NL,-0.8,23.0,69.0,67.0,8.0,10.0,2.0,0.0,1.0,1.0,1.0,0.0,2.0,13.0,0.149,0.174,0.224,0.398,8.0,0.204,13.0,15.0,0.0,0.0,0.0,0.0,0.0,5/6789H34,
Juan Lagares,31.0,NYM,NL,0.1,2.0,0.0,0.0,0.0,0.0,0.0,0.0,0.0,0.0,0.0,0.0,0.0,0.0,,,,,,,,0.0,0.0,0.0,0.0,0.0,0.0,/8H,
Juan Soto*,21.0,WSN,NL,2.3,47.0,196.0,154.0,39.0,54.0,14.0,0.0,13.0,37.0,6.0,2.0,41.0,28.0,0.351,0.49,0.695,1.185,217.0,0.494,221.0,107.0,1.0,1.0,0.0,0.0,12.0,*7/9D,"MVP-5,SS"
Jurickson Profar#,27.0,SDP,NL,1.4,56.0,202.0,180.0,28.0,50.0,6.0,0.0,7.0,25.0,7.0,1.0,15.0,28.0,0.278,0.343,0.428,0.771,114.0,0.344,114.0,77.0,1.0,4.0,1.0,2.0,0.0,74/H938D,
Justin Smoak#,33.0,2TM,NL,-0.7,36.0,132.0,119.0,14.0,21.0,7.0,0.0,5.0,15.0,0.0,0.0,10.0,42.0,0.176,0.25,0.361,0.611,62.0,0.272,58.0,43.0,4.0,2.0,0.0,1.0,0.0,3/HD,
Justin Smoak#,33.0,MIL,NL,-0.5,33.0,126.0,113.0,14.0,21.0,7.0,0.0,5.0,15.0,0.0,0.0,10.0,40.0,0.186,0.262,0.381,0.642,69.0,0.285,67.0,43.0,3.0,2.0,0.0,1.0,0.0,3/HD,
Justin Smoak#,33.0,SFG,NL,-0.2,3.0,6.0,6.0,0.0,0.0,0.0,0.0,0.0,0.0,0.0,0.0,0.0,2.0,0.0,0.0,0.0,0.0,-100.0,0.0,-124.0,0.0,1.0,0.0,0.0,0.0,0.0,/DH,
Justin Turner,35.0,LAD,NL,1.4,42.0,175.0,150.0,26.0,46.0,9.0,1.0,4.0,23.0,1.0,0.0,18.0,26.0,0.307,0.4,0.46,0.86,133.0,0.395,145.0,69.0,2.0,6.0,0.0,1.0,0.0,5D,
Justin Upton,32.0,LAA,AL,-0.6,42.0,166.0,147.0,20.0,30.0,5.0,0.0,9.0,22.0,0.0,2.0,11.0,43.0,0.204,0.289,0.422,0.711,92.0,0.305,90.0,62.0,6.0,7.0,0.0,1.0,0.0,7/D,
Justin Williams*,24.0,STL,NL,0.0,3.0,6.0,5.0,0.0,1.0,0.0,0.0,0.0,0.0,0.0,0.0,1.0,2.0,0.2,0.333,0.2,0.533,54.0,0.267,64.0,1.0,0.0,0.0,0.0,0.0,0.0,/9DH,
Ke'Bryan Hayes,23.0,PIT,NL,1.9,24.0,95.0,85.0,17.0,32.0,7.0,2.0,5.0,11.0,1.0,0.0,9.0,20.0,0.376,0.442,0.682,1.124,201.0,0.467,198.0,58.0,2.0,1.0,0.0,0.0,2.0,5,ROY-6
Keibert Ruiz#,21.0,LAD,NL,0.1,2.0,8.0,8.0,1.0,2.0,0.0,0.0,1.0,1.0,0.0,0.0,0.0,3.0,0.25,0.25,0.625,0.875,126.0,0.358,120.0,5.0,0.0,0.0,0.0,0.0,0.0,/2,
Kelvin Gutiérrez,25.0,KCR,AL,-0.1,4.0,12.0,9.0,0.0,1.0,0.0,0.0,0.0,0.0,0.0,0.0,3.0,6.0,0.111,0.333,0.111,0.444,29.0,0.25,45.0,1.0,0.0,0.0,0.0,0.0,0.0,/5DH,
Keston Hiura,23.0,MIL,NL,-0.3,59.0,246.0,217.0,30.0,46.0,4.0,0.0,13.0,32.0,3.0,2.0,16.0,85.0,0.212,0.297,0.41,0.707,87.0,0.311,86.0,89.0,7.0,11.0,0.0,2.0,2.0,*4D,
Ketel Marte#,26.0,ARI,NL,1.6,45.0,195.0,181.0,19.0,52.0,14.0,1.0,2.0,17.0,1.0,0.0,7.0,21.0,0.287,0.323,0.409,0.732,97.0,0.344,110.0,74.0,2.0,4.0,0.0,3.0,0.0,*4/86D,
Kevan Smith,32.0,TBR,AL,0.3,17.0,38.0,31.0,3.0,8.0,3.0,0.0,1.0,8.0,0.0,0.0,5.0,11.0,0.258,0.378,0.452,0.83,134.0,0.362,134.0,14.0,1.0,1.0,0.0,0.0,0.0,2/HD,
Kevin Cron,27.0,ARI,NL,-0.4,8.0,20.0,17.0,0.0,0.0,0.0,0.0,0.0,0.0,0.0,0.0,1.0,7.0,0.0,0.15,0.0,0.15,-54.0,0.109,-53.0,0.0,0.0,2.0,0.0,0.0,0.0,/DH3,
Kevin Kiermaier*,30.0,TBR,AL,1.9,49.0,159.0,138.0,16.0,30.0,5.0,3.0,3.0,22.0,8.0,1.0,20.0,42.0,0.217,0.321,0.362,0.683,93.0,0.315,94.0,50.0,2.0,1.0,0.0,0.0,1.0,*8/H,
Kevin Newman,26.0,PIT,NL,-0.4,44.0,172.0,156.0,12.0,35.0,5.0,0.0,1.0,10.0,0.0,1.0,12.0,21.0,0.224,0.281,0.276,0.556,53.0,0.268,61.0,43.0,1.0,1.0,1.0,2.0,0.0,64/H,
Kevin Pillar,31.0,2TM,2LG,0.9,54.0,223.0,208.0,34.0,60.0,12.0,3.0,6.0,26.0,5.0,2.0,13.0,41.0,0.288,0.336,0.462,0.798,106.0,0.35,106.0,96.0,4.0,2.0,0.0,0.0,1.0,*89/HD7,
Kevin Pillar,31.0,BOS,AL,0.7,30.0,126.0,117.0,20.0,32.0,7.0,2.0,4.0,13.0,1.0,1.0,8.0,23.0,0.274,0.325,0.47,0.795,109.0,0.351,113.0,55.0,4.0,1.0,0.0,0.0,0.0,9/8H7D,
Kevin Pillar,31.0,COL,NL,0.2,24.0,97.0,91.0,14.0,28.0,5.0,1.0,2.0,13.0,4.0,1.0,5.0,18.0,0.308,0.351,0.451,0.801,103.0,0.349,98.0,41.0,0.0,1.0,0.0,0.0,1.0,8/D9H,
Kevin Plawecki,29.0,BOS,AL,0.6,24.0,89.0,82.0,8.0,28.0,5.0,1.0,1.0,17.0,1.0,0.0,5.0,14.0,0.341,0.393,0.463,0.857,128.0,0.385,133.0,38.0,4.0,2.0,0.0,0.0,0.0,2/3D1,
Khris Davis,32.0,OAK,AL,-0.3,30.0,99.0,85.0,9.0,17.0,5.0,0.0,2.0,10.0,0.0,0.0,10.0,26.0,0.2,0.303,0.329,0.632,78.0,0.284,76.0,28.0,5.0,3.0,0.0,1.0,0.0,D/H,
Kiké Hernández,28.0,LAD,NL,1.0,48.0,148.0,139.0,20.0,32.0,8.0,1.0,5.0,20.0,0.0,1.0,6.0,31.0,0.23,0.27,0.41,0.68,81.0,0.299,82.0,57.0,5.0,2.0,0.0,1.0,0.0,4H/97836D,
Kole Calhoun*,32.0,ARI,NL,1.4,54.0,228.0,190.0,35.0,43.0,9.0,0.0,16.0,40.0,1.0,1.0,28.0,50.0,0.226,0.338,0.526,0.864,130.0,0.369,130.0,100.0,6.0,6.0,0.0,4.0,0.0,*9/DH,
Kolten Wong*,29.0,STL,NL,1.3,53.0,208.0,181.0,26.0,48.0,4.0,2.0,1.0,16.0,5.0,2.0,20.0,30.0,0.265,0.35,0.326,0.675,90.0,0.305,89.0,59.0,1.0,4.0,2.0,1.0,1.0,*4/H,GG
Kris Bryant,28.0,CHC,NL,0.4,34.0,147.0,131.0,20.0,27.0,5.0,1.0,4.0,11.0,0.0,0.0,12.0,40.0,0.206,0.293,0.351,0.644,73.0,0.311,87.0,46.0,1.0,4.0,0.0,0.0,0.0,5/7D3,
Kurt Suzuki,36.0,WSN,NL,0.2,33.0,129.0,111.0,15.0,30.0,8.0,0.0,2.0,17.0,1.0,0.0,11.0,19.0,0.27,0.349,0.396,0.745,102.0,0.337,105.0,44.0,4.0,4.0,0.0,3.0,0.0,2/DH,
Kyle Farmer,29.0,CIN,NL,0.4,32.0,70.0,64.0,4.0,17.0,3.0,0.0,0.0,4.0,1.0,0.0,5.0,13.0,0.266,0.329,0.313,0.641,69.0,0.307,74.0,20.0,0.0,1.0,0.0,0.0,0.0,64/573H,
Kyle Garlick,28.0,PHI,NL,-0.4,12.0,23.0,22.0,0.0,3.0,1.0,0.0,0.0,3.0,0.0,0.0,0.0,7.0,0.136,0.174,0.182,0.356,-3.0,0.203,12.0,4.0,0.0,1.0,0.0,0.0,0.0,/79HD,
Kyle Hendricks,30.0,CHC,NL,0.0,1.0,0.0,0.0,0.0,0.0,0.0,0.0,0.0,0.0,0.0,0.0,0.0,0.0,,,,,,,,0.0,0.0,0.0,0.0,0.0,0.0,1,CYA-9
Kyle Higashioka,30.0,NYY,AL,0.4,16.0,48.0,48.0,7.0,12.0,1.0,0.0,4.0,10.0,0.0,0.0,0.0,11.0,0.25,0.25,0.521,0.771,107.0,0.319,100.0,25.0,0.0,0.0,0.0,0.0,0.0,2/HD,
Kyle Lewis,24.0,SEA,AL,1.6,58.0,242.0,206.0,37.0,54.0,3.0,0.0,11.0,28.0,5.0,1.0,34.0,71.0,0.262,0.364,0.437,0.801,124.0,0.355,125.0,90.0,5.0,0.0,0.0,2.0,0.0,*8/DH,"MVP-17,ROY-1"
Kyle Schwarber*,27.0,CHC,NL,0.1,59.0,224.0,191.0,30.0,36.0,6.0,0.0,11.0,24.0,1.0,0.0,30.0,66.0,0.188,0.308,0.393,0.701,88.0,0.316,90.0,75.0,3.0,3.0,0.0,0.0,1.0,*7/DH,
Kyle Seager*,32.0,SEA,AL,1.2,60.0,248.0,203.0,35.0,49.0,12.0,0.0,9.0,40.0,5.0,0.0,32.0,33.0,0.241,0.355,0.433,0.788,121.0,0.343,115.0,88.0,4.0,7.0,0.0,6.0,3.0,*5/DH,
Kyle Tucker*,23.0,HOU,AL,1.9,58.0,228.0,209.0,33.0,56.0,12.0,6.0,9.0,42.0,8.0,1.0,18.0,46.0,0.268,0.325,0.512,0.837,124.0,0.367,124.0,107.0,2.0,0.0,0.0,1.0,2.0,*7D/9H,
LaMonte Wade Jr.*,26.0,MIN,AL,0.0,16.0,44.0,39.0,3.0,9.0,3.0,0.0,0.0,1.0,1.0,1.0,4.0,9.0,0.231,0.318,0.308,0.626,76.0,0.276,73.0,12.0,0.0,1.0,0.0,0.0,0.0,/38H79D,
Lane Thomas,24.0,STL,NL,-0.2,18.0,40.0,36.0,5.0,4.0,2.0,0.0,1.0,2.0,0.0,0.0,4.0,13.0,0.111,0.2,0.25,0.45,24.0,0.204,19.0,9.0,1.0,0.0,0.0,0.0,0.0,9/8H,
Leody Taveras#,21.0,TEX,AL,1.3,33.0,134.0,119.0,20.0,27.0,6.0,1.0,4.0,6.0,8.0,0.0,14.0,43.0,0.227,0.308,0.395,0.703,93.0,0.326,92.0,47.0,0.0,0.0,1.0,0.0,0.0,8,
Leury García#,29.0,CHW,AL,0.6,16.0,63.0,59.0,6.0,16.0,1.0,0.0,3.0,8.0,0.0,0.0,4.0,9.0,0.271,0.317,0.441,0.758,106.0,0.34,111.0,26.0,0.0,0.0,0.0,0.0,0.0,6/49H,
Lewin Díaz*,23.0,MIA,NL,-0.3,14.0,41.0,39.0,2.0,6.0,2.0,0.0,0.0,3.0,0.0,0.0,2.0,12.0,0.154,0.195,0.205,0.4,9.0,0.182,-2.0,8.0,2.0,0.0,0.0,0.0,0.0,3/HD,
Lewis Brinson,26.0,MIA,NL,0.1,47.0,112.0,106.0,14.0,24.0,6.0,0.0,3.0,12.0,4.0,0.0,6.0,30.0,0.226,0.268,0.368,0.636,70.0,0.28,60.0,39.0,2.0,0.0,0.0,0.0,0.0,*97H/8,
Logan Forsythe,33.0,MIA,NL,-0.3,12.0,38.0,34.0,2.0,4.0,1.0,0.0,1.0,2.0,0.0,0.0,4.0,12.0,0.118,0.211,0.235,0.446,21.0,0.203,12.0,8.0,0.0,0.0,0.0,0.0,0.0,/43D1,
Logan Morrison*,32.0,MIL,NL,-0.2,9.0,28.0,25.0,3.0,3.0,1.0,0.0,1.0,2.0,0.0,0.0,3.0,8.0,0.12,0.214,0.28,0.494,31.0,0.222,23.0,7.0,0.0,0.0,0.0,0.0,0.0,/DH3,
Lorenzo Cain,34.0,MIL,NL,0.2,5.0,21.0,18.0,4.0,6.0,1.0,0.0,0.0,2.0,0.0,0.0,3.0,2.0,0.333,0.429,0.389,0.817,122.0,0.357,118.0,7.0,1.0,0.0,0.0,0.0,1.0,/8,
Lourdes Gurriel Jr.,26.0,TOR,AL,1.1,57.0,224.0,208.0,28.0,64.0,14.0,0.0,11.0,33.0,3.0,1.0,14.0,48.0,0.308,0.348,0.534,0.882,138.0,0.389,145.0,111.0,7.0,0.0,0.0,2.0,0.0,*7/HD3,
Luis Alexander Basabe#,23.0,SFG,NL,0.1,9.0,18.0,14.0,5.0,2.0,0.0,0.0,0.0,1.0,2.0,0.0,4.0,5.0,0.143,0.333,0.143,0.476,39.0,0.333,90.0,2.0,0.0,0.0,0.0,0.0,0.0,/97H,
Luis Arráez*,23.0,MIN,AL,0.8,32.0,121.0,112.0,16.0,36.0,9.0,0.0,0.0,13.0,0.0,0.0,8.0,11.0,0.321,0.364,0.402,0.765,113.0,0.344,116.0,45.0,2.0,0.0,0.0,1.0,0.0,4/H,
Luis Campusano,21.0,SDP,NL,0.1,1.0,4.0,3.0,2.0,1.0,0.0,0.0,1.0,1.0,0.0,0.0,0.0,2.0,0.333,0.5,1.333,1.833,385.0,0.673,349.0,4.0,0.0,1.0,0.0,0.0,0.0,/D,
Luis García Jr.*,20.0,WSN,NL,-0.1,40.0,139.0,134.0,18.0,37.0,6.0,0.0,2.0,16.0,1.0,1.0,5.0,29.0,0.276,0.302,0.366,0.668,81.0,0.296,79.0,49.0,3.0,0.0,0.0,0.0,0.0,4/6H,
Luis González*,24.0,CHW,AL,0.0,3.0,2.0,1.0,1.0,0.0,0.0,0.0,0.0,0.0,0.0,0.0,0.0,1.0,0.0,0.5,0.0,0.5,57.0,0.364,129.0,0.0,0.0,1.0,0.0,0.0,0.0,/H78D,
Luis Guillorme*,25.0,NYM,NL,0.7,29.0,68.0,57.0,6.0,19.0,6.0,0.0,0.0,9.0,2.0,0.0,10.0,17.0,0.333,0.426,0.439,0.865,140.0,0.39,143.0,25.0,3.0,0.0,0.0,1.0,0.0,4/H561,
Luis Rengifo#,23.0,LAA,AL,-0.3,33.0,106.0,90.0,12.0,14.0,1.0,0.0,1.0,3.0,3.0,1.0,14.0,26.0,0.156,0.269,0.2,0.469,32.0,0.235,35.0,18.0,2.0,0.0,2.0,0.0,0.0,4/56H,
Luis Robert Jr.,22.0,CHW,AL,1.9,56.0,227.0,202.0,33.0,47.0,8.0,0.0,11.0,31.0,9.0,2.0,20.0,73.0,0.233,0.302,0.436,0.738,100.0,0.322,95.0,88.0,4.0,1.0,0.0,2.0,0.0,*8/H,"ROY-2,GG"
Luis Torrens,24.0,2TM,2LG,-0.1,25.0,78.0,70.0,5.0,18.0,5.0,0.0,1.0,6.0,0.0,0.0,7.0,15.0,0.257,0.325,0.371,0.696,96.0,0.308,94.0,26.0,1.0,0.0,1.0,0.0,0.0,2/HD,
Luis Torrens,24.0,SDP,NL,-0.1,7.0,13.0,11.0,0.0,3.0,1.0,0.0,0.0,0.0,0.0,0.0,1.0,2.0,0.273,0.333,0.364,0.697,95.0,0.312,95.0,4.0,0.0,0.0,1.0,0.0,0.0,/2,
Luis Torrens,24.0,SEA,AL,0.0,18.0,65.0,59.0,5.0,15.0,4.0,0.0,1.0,6.0,0.0,0.0,6.0,13.0,0.254,0.323,0.373,0.696,96.0,0.308,94.0,22.0,1.0,0.0,0.0,0.0,0.0,2/HD,
Luis Urías,23.0,MIL,NL,0.2,41.0,120.0,109.0,11.0,26.0,4.0,1.0,0.0,11.0,2.0,2.0,10.0,32.0,0.239,0.308,0.294,0.602,63.0,0.267,58.0,32.0,4.0,1.0,0.0,0.0,0.0,54/6H,
Luke Voit,29.0,NYY,AL,1.7,56.0,234.0,213.0,41.0,59.0,5.0,0.0,22.0,52.0,0.0,0.0,17.0,54.0,0.277,0.338,0.61,0.948,157.0,0.405,160.0,130.0,4.0,3.0,0.0,1.0,0.0,*3/DH,MVP-9
Magneuris Sierra*,24.0,MIA,NL,0.4,19.0,53.0,44.0,8.0,11.0,3.0,1.0,0.0,7.0,4.0,1.0,5.0,9.0,0.25,0.333,0.364,0.697,89.0,0.331,95.0,16.0,0.0,1.0,2.0,1.0,0.0,8/79HD,
Maikel Franco,27.0,KCR,AL,1.1,60.0,243.0,223.0,23.0,62.0,16.0,0.0,8.0,38.0,1.0,0.0,16.0,38.0,0.278,0.321,0.457,0.778,108.0,0.338,105.0,102.0,4.0,0.0,0.0,4.0,1.0,*5/D3,
Mallex Smith*,27.0,SEA,AL,-0.5,14.0,47.0,45.0,2.0,6.0,2.0,0.0,0.0,3.0,2.0,0.0,2.0,13.0,0.133,0.17,0.178,0.348,-2.0,0.184,1.0,8.0,1.0,0.0,0.0,0.0,0.0,9/8,
Manny Machado,27.0,SDP,NL,3.0,60.0,254.0,224.0,44.0,68.0,12.0,1.0,16.0,47.0,6.0,3.0,26.0,37.0,0.304,0.37,0.58,0.95,160.0,0.397,155.0,130.0,9.0,0.0,0.0,4.0,4.0,*5/D,"MVP-3,SS"
Manny Piña,33.0,MIL,NL,0.6,15.0,45.0,39.0,4.0,9.0,1.0,0.0,2.0,5.0,0.0,0.0,3.0,11.0,0.231,0.333,0.41,0.744,98.0,0.33,99.0,16.0,0.0,3.0,0.0,0.0,0.0,2/H,
Manuel Margot,25.0,TBR,AL,1.1,47.0,159.0,145.0,19.0,39.0,9.0,0.0,1.0,11.0,12.0,4.0,13.0,25.0,0.269,0.327,0.352,0.679,93.0,0.324,103.0,51.0,0.0,0.0,0.0,1.0,0.0,*879/HD,
Marcell Ozuna,29.0,ATL,NL,2.8,60.0,267.0,228.0,38.0,77.0,14.0,0.0,18.0,56.0,0.0,0.0,38.0,60.0,0.338,0.431,0.636,1.067,177.0,0.444,175.0,145.0,3.0,0.0,0.0,1.0,3.0,D7/9,"MVP-6,SS"
Marcus Semien,29.0,OAK,AL,0.4,53.0,236.0,211.0,28.0,47.0,9.0,1.0,7.0,23.0,4.0,0.0,25.0,50.0,0.223,0.305,0.374,0.679,89.0,0.309,91.0,79.0,3.0,0.0,0.0,0.0,0.0,*6,
Marcus Walden,31.0,BOS,AL,0.0,1.0,0.0,0.0,0.0,0.0,0.0,0.0,0.0,0.0,0.0,0.0,0.0,0.0,,,,,,,,0.0,0.0,0.0,0.0,0.0,0.0,1,
Mark Canha,31.0,OAK,AL,1.5,59.0,243.0,191.0,32.0,47.0,12.0,2.0,5.0,33.0,4.0,0.0,37.0,54.0,0.246,0.387,0.408,0.795,124.0,0.363,129.0,78.0,2.0,10.0,0.0,5.0,1.0,D97/83,
Mark Mathias,25.0,MIL,NL,0.1,16.0,36.0,36.0,2.0,10.0,3.0,0.0,0.0,4.0,1.0,0.0,0.0,7.0,0.278,0.278,0.361,0.639,70.0,0.329,93.0,13.0,0.0,0.0,0.0,0.0,0.0,/9H7D348,
Mark Melancon,35.0,ATL,NL,0.0,1.0,0.0,0.0,0.0,0.0,0.0,0.0,0.0,0.0,0.0,0.0,0.0,0.0,,,,,,,,0.0,0.0,0.0,0.0,0.0,0.0,1,
Mark Payton*,28.0,CIN,NL,-0.2,8.0,20.0,18.0,0.0,3.0,1.0,0.0,0.0,0.0,1.0,0.0,2.0,5.0,0.167,0.25,0.222,0.472,25.0,0.234,17.0,4.0,1.0,0.0,0.0,0.0,0.0,/7HD,
Martín Maldonado,33.0,HOU,AL,0.8,47.0,165.0,135.0,19.0,29.0,4.0,0.0,6.0,24.0,1.0,0.0,27.0,51.0,0.215,0.35,0.378,0.727,99.0,0.334,104.0,51.0,2.0,1.0,2.0,0.0,0.0,*2,
Marwin González#,31.0,MIN,AL,0.2,53.0,199.0,175.0,15.0,37.0,4.0,0.0,5.0,22.0,0.0,0.0,17.0,41.0,0.211,0.286,0.32,0.606,69.0,0.274,67.0,56.0,1.0,3.0,0.0,4.0,0.0,543/9H,
Mason Williams*,28.0,BAL,AL,-0.3,10.0,18.0,18.0,0.0,2.0,0.0,1.0,0.0,0.0,0.0,1.0,0.0,9.0,0.111,0.111,0.222,0.333,-13.0,0.108,-34.0,4.0,0.0,0.0,0.0,0.0,0.0,/78H9,
Matt Adams*,31.0,ATL,NL,-0.4,16.0,51.0,49.0,4.0,9.0,2.0,0.0,2.0,9.0,0.0,0.0,2.0,18.0,0.184,0.216,0.347,0.563,45.0,0.257,44.0,17.0,3.0,0.0,0.0,0.0,0.0,D/H3,
Matt Beaty*,27.0,LAD,NL,-0.4,21.0,54.0,50.0,8.0,11.0,1.0,0.0,2.0,5.0,0.0,0.0,2.0,14.0,0.22,0.278,0.36,0.638,72.0,0.277,65.0,18.0,3.0,2.0,0.0,0.0,0.0,3/DH7,
Matt Carpenter*,34.0,STL,NL,0.3,50.0,169.0,140.0,22.0,26.0,6.0,0.0,4.0,24.0,0.0,0.0,23.0,48.0,0.186,0.325,0.314,0.64,79.0,0.294,82.0,44.0,1.0,6.0,0.0,0.0,1.0,5D/3H,
Matt Chapman,27.0,OAK,AL,1.2,37.0,152.0,142.0,22.0,33.0,9.0,2.0,10.0,25.0,0.0,0.0,8.0,54.0,0.232,0.276,0.535,0.812,120.0,0.335,112.0,76.0,2.0,1.0,0.0,1.0,0.0,5/6,
Matt Davidson,29.0,CIN,NL,-0.3,20.0,47.0,43.0,3.0,7.0,1.0,0.0,3.0,11.0,0.0,0.0,4.0,13.0,0.163,0.234,0.395,0.629,60.0,0.269,50.0,17.0,2.0,0.0,0.0,0.0,0.0,DH/13,
Matt Foster,25.0,CHW,AL,0.0,1.0,0.0,0.0,0.0,0.0,0.0,0.0,0.0,0.0,0.0,0.0,0.0,0.0,,,,,,,,0.0,0.0,0.0,0.0,0.0,0.0,1,
Matt Joyce*,35.0,MIA,NL,-0.4,46.0,148.0,127.0,16.0,32.0,4.0,0.0,2.0,14.0,1.0,0.0,20.0,41.0,0.252,0.351,0.331,0.682,87.0,0.331,100.0,42.0,3.0,0.0,0.0,1.0,0.0,97D/H,
Matt Kemp,35.0,COL,NL,0.1,43.0,132.0,117.0,18.0,28.0,3.0,0.0,6.0,21.0,1.0,0.0,15.0,41.0,0.239,0.326,0.419,0.745,89.0,0.324,83.0,49.0,5.0,0.0,0.0,0.0,1.0,DH/7,
Matt Olson*,26.0,OAK,AL,1.3,60.0,245.0,210.0,28.0,41.0,4.0,1.0,14.0,42.0,1.0,0.0,34.0,77.0,0.195,0.31,0.424,0.734,103.0,0.331,109.0,89.0,2.0,1.0,0.0,0.0,2.0,*3,
Matt Reynolds,29.0,KCR,AL,-0.2,3.0,11.0,11.0,1.0,0.0,0.0,0.0,0.0,0.0,0.0,0.0,0.0,7.0,0.0,0.0,0.0,0.0,-100.0,0.0,-130.0,0.0,0.0,0.0,0.0,0.0,0.0,/5,
Matt Strahm,28.0,SDP,NL,0.0,1.0,0.0,0.0,0.0,0.0,0.0,0.0,0.0,0.0,0.0,0.0,0.0,0.0,,,,,,,,0.0,0.0,0.0,0.0,0.0,0.0,1,
Matt Thaiss*,25.0,LAA,AL,-0.3,8.0,25.0,21.0,3.0,3.0,0.0,0.0,1.0,1.0,0.0,0.0,4.0,8.0,0.143,0.28,0.286,0.566,56.0,0.263,56.0,6.0,1.0,0.0,0.0,0.0,0.0,/3D457H,
Matt Wieters#,34.0,STL,NL,0.0,19.0,41.0,35.0,3.0,7.0,1.0,0.0,0.0,4.0,0.0,0.0,3.0,10.0,0.2,0.3,0.229,0.529,50.0,0.253,52.0,8.0,1.0,2.0,1.0,0.0,0.0,2/H,
Mauricio Dubón,25.0,SFG,NL,1.0,54.0,177.0,157.0,21.0,43.0,4.0,1.0,4.0,19.0,2.0,3.0,15.0,36.0,0.274,0.337,0.389,0.726,100.0,0.311,97.0,61.0,4.0,1.0,1.0,2.0,0.0,*8/46H,
Max Kepler*,27.0,MIN,AL,1.1,48.0,196.0,171.0,27.0,39.0,9.0,0.0,9.0,23.0,3.0,0.0,22.0,36.0,0.228,0.321,0.439,0.76,109.0,0.345,115.0,75.0,1.0,2.0,0.0,1.0,0.0,*9/8HD,
Max Muncy*,29.0,LAD,NL,0.5,58.0,248.0,203.0,36.0,39.0,4.0,0.0,12.0,27.0,1.0,0.0,39.0,60.0,0.192,0.331,0.389,0.72,95.0,0.316,91.0,79.0,3.0,4.0,0.0,2.0,2.0,354/D,
Max Schrock*,25.0,STL,NL,0.0,11.0,17.0,17.0,1.0,3.0,0.0,0.0,1.0,1.0,0.0,0.0,0.0,6.0,0.176,0.176,0.353,0.529,42.0,0.221,31.0,6.0,0.0,0.0,0.0,0.0,0.0,/4H51D,
Max Stassi,29.0,LAA,AL,1.0,31.0,105.0,90.0,12.0,25.0,2.0,0.0,7.0,20.0,0.0,0.0,11.0,21.0,0.278,0.352,0.533,0.886,138.0,0.371,132.0,48.0,5.0,1.0,0.0,3.0,0.0,2/H,
Meibrys Viloria*,23.0,KCR,AL,-0.2,15.0,24.0,21.0,1.0,4.0,1.0,0.0,0.0,0.0,0.0,0.0,2.0,9.0,0.19,0.292,0.238,0.53,47.0,0.244,41.0,5.0,0.0,1.0,0.0,0.0,0.0,2,
Michael A. Taylor,29.0,WSN,NL,-0.4,38.0,99.0,92.0,11.0,18.0,6.0,0.0,5.0,16.0,0.0,0.0,6.0,27.0,0.196,0.253,0.424,0.676,79.0,0.283,69.0,39.0,2.0,1.0,0.0,0.0,0.0,789/HD,
Michael Brantley*,33.0,HOU,AL,1.6,46.0,187.0,170.0,24.0,51.0,15.0,0.0,5.0,22.0,2.0,0.0,17.0,28.0,0.3,0.364,0.476,0.84,127.0,0.373,131.0,81.0,3.0,0.0,0.0,0.0,0.0,D7/H,
Michael Chavis,24.0,BOS,AL,-0.8,42.0,158.0,146.0,16.0,31.0,5.0,2.0,5.0,19.0,3.0,0.0,8.0,50.0,0.212,0.259,0.377,0.636,67.0,0.282,60.0,55.0,6.0,2.0,0.0,2.0,0.0,37/4DH,
Michael Conforto*,27.0,NYM,NL,2.1,54.0,233.0,202.0,40.0,65.0,12.0,0.0,9.0,31.0,3.0,3.0,24.0,57.0,0.322,0.412,0.515,0.927,154.0,0.41,164.0,104.0,6.0,7.0,0.0,0.0,0.0,*9/DH,
Michael Hermosillo,25.0,LAA,AL,0.0,7.0,10.0,8.0,0.0,2.0,0.0,0.0,0.0,2.0,1.0,0.0,1.0,1.0,0.25,0.3,0.25,0.55,54.0,0.264,40.0,2.0,0.0,0.0,0.0,1.0,0.0,/78H,
Michael Lorenzen,28.0,CIN,NL,0.0,6.0,1.0,0.0,2.0,0.0,0.0,0.0,0.0,0.0,0.0,0.0,0.0,0.0,,1.0,,,,0.734,383.0,0.0,0.0,1.0,0.0,0.0,0.0,1/H8,
Michael Pérez*,27.0,TBR,AL,-0.2,38.0,93.0,84.0,7.0,14.0,3.0,0.0,1.0,13.0,0.0,0.0,7.0,27.0,0.167,0.237,0.238,0.475,35.0,0.218,32.0,20.0,3.0,1.0,0.0,1.0,0.0,2/3H,
Mickey Moniak*,22.0,PHI,NL,0.1,8.0,18.0,14.0,3.0,3.0,0.0,0.0,0.0,0.0,0.0,0.0,4.0,6.0,0.214,0.389,0.214,0.603,70.0,0.307,84.0,3.0,0.0,0.0,0.0,0.0,0.0,/7H9D,
Miguel Andujar,25.0,NYY,AL,-0.4,21.0,65.0,62.0,5.0,15.0,2.0,1.0,1.0,5.0,0.0,0.0,3.0,9.0,0.242,0.277,0.355,0.632,75.0,0.287,77.0,22.0,1.0,0.0,0.0,0.0,0.0,/7D5H,
Miguel Cabrera,37.0,DET,AL,0.1,57.0,231.0,204.0,28.0,51.0,4.0,0.0,10.0,35.0,1.0,0.0,24.0,51.0,0.25,0.329,0.417,0.746,104.0,0.325,100.0,85.0,3.0,1.0,0.0,2.0,1.0,*D/H,
Miguel Rojas,31.0,MIA,NL,1.6,40.0,143.0,125.0,20.0,38.0,10.0,1.0,4.0,20.0,5.0,1.0,16.0,18.0,0.304,0.392,0.496,0.888,138.0,0.383,134.0,62.0,1.0,2.0,0.0,0.0,2.0,6/35H,
Miguel Sanó,27.0,MIN,AL,0.1,53.0,205.0,186.0,31.0,38.0,12.0,0.0,13.0,25.0,0.0,0.0,18.0,90.0,0.204,0.278,0.478,0.757,105.0,0.317,97.0,89.0,3.0,1.0,0.0,0.0,1.0,*3/D,
Mike Brosseau,26.0,TBR,AL,1.2,36.0,98.0,86.0,12.0,26.0,5.0,1.0,5.0,12.0,2.0,0.0,8.0,31.0,0.302,0.378,0.558,0.936,160.0,0.407,161.0,48.0,1.0,3.0,0.0,1.0,0.0,35/4H719D,
Mike Ford*,27.0,NYY,AL,-0.5,29.0,84.0,74.0,5.0,10.0,4.0,0.0,2.0,11.0,0.0,0.0,7.0,16.0,0.135,0.226,0.27,0.496,38.0,0.243,47.0,20.0,4.0,2.0,0.0,1.0,0.0,3H/D,
Mike Freeman*,32.0,CLE,AL,-0.1,24.0,43.0,38.0,5.0,9.0,3.0,0.0,0.0,3.0,0.0,0.0,3.0,11.0,0.237,0.302,0.316,0.618,70.0,0.275,65.0,12.0,0.0,1.0,0.0,1.0,0.0,H/5476D3,
Mike Moustakas*,31.0,CIN,NL,0.1,44.0,163.0,139.0,13.0,32.0,9.0,0.0,8.0,27.0,1.0,0.0,18.0,36.0,0.23,0.331,0.468,0.799,105.0,0.347,103.0,65.0,5.0,4.0,0.0,2.0,1.0,43/D5H,
Mike Tauchman*,29.0,NYY,AL,0.1,43.0,111.0,95.0,18.0,23.0,6.0,0.0,0.0,14.0,6.0,0.0,14.0,26.0,0.242,0.342,0.305,0.648,84.0,0.3,77.0,29.0,3.0,1.0,0.0,1.0,3.0,*79/8HD,
Mike Trout,28.0,LAA,AL,1.8,53.0,241.0,199.0,41.0,56.0,9.0,2.0,17.0,46.0,1.0,1.0,35.0,56.0,0.281,0.39,0.603,0.993,167.0,0.414,163.0,120.0,1.0,3.0,0.0,4.0,4.0,*8/D,"MVP-5,SS"
Mike Yastrzemski*,29.0,SFG,NL,2.7,54.0,225.0,192.0,39.0,57.0,14.0,4.0,10.0,35.0,2.0,1.0,30.0,55.0,0.297,0.4,0.568,0.968,164.0,0.419,168.0,109.0,2.0,3.0,0.0,0.0,2.0,*98/7H,MVP-8
Mike Zunino,29.0,TBR,AL,-0.1,28.0,84.0,75.0,8.0,11.0,4.0,0.0,4.0,10.0,0.0,0.0,6.0,37.0,0.147,0.238,0.36,0.598,66.0,0.261,62.0,27.0,0.0,3.0,0.0,0.0,0.0,2,
Mitch Garver,29.0,MIN,AL,0.0,23.0,81.0,72.0,8.0,12.0,1.0,0.0,2.0,5.0,0.0,0.0,7.0,37.0,0.167,0.247,0.264,0.511,42.0,0.242,45.0,19.0,1.0,1.0,0.0,1.0,0.0,2/H3,
Mitch Moreland*,34.0,2TM,2LG,1.1,42.0,152.0,136.0,22.0,36.0,9.0,0.0,10.0,29.0,0.0,0.0,15.0,32.0,0.265,0.342,0.551,0.894,138.0,0.378,135.0,75.0,0.0,1.0,0.0,0.0,2.0,3/HD,
Mitch Moreland*,34.0,BOS,AL,1.1,22.0,79.0,67.0,14.0,22.0,4.0,0.0,8.0,21.0,0.0,0.0,11.0,18.0,0.328,0.43,0.746,1.177,205.0,0.477,201.0,50.0,0.0,1.0,0.0,0.0,1.0,3/H,
Mitch Moreland*,34.0,SDP,NL,0.0,20.0,73.0,69.0,8.0,14.0,5.0,0.0,2.0,8.0,0.0,0.0,4.0,14.0,0.203,0.247,0.362,0.609,67.0,0.27,65.0,25.0,0.0,0.0,0.0,0.0,1.0,3/DH,
MLB Average,,,,,,,,,,,,,,,,,,0.245,0.322,0.418,0.74,100.0,0.327,100.0,,,,,,,,
Monte Harrison,24.0,MIA,NL,-0.2,32.0,51.0,47.0,8.0,8.0,1.0,0.0,1.0,3.0,6.0,0.0,4.0,26.0,0.17,0.235,0.255,0.491,33.0,0.246,23.0,12.0,0.0,0.0,0.0,0.0,0.0,89H,
Mookie Betts,27.0,LAD,NL,3.7,55.0,246.0,219.0,47.0,64.0,9.0,1.0,16.0,39.0,10.0,2.0,24.0,38.0,0.292,0.366,0.562,0.927,147.0,0.417,158.0,123.0,2.0,2.0,0.0,1.0,1.0,*9/D48,"MVP-2,GG,SS"
Myles Straw,25.0,HOU,AL,-0.5,33.0,86.0,82.0,8.0,17.0,4.0,0.0,0.0,8.0,6.0,2.0,4.0,22.0,0.207,0.244,0.256,0.5,37.0,0.237,35.0,21.0,0.0,0.0,0.0,0.0,0.0,8/HD6,
Nate Orf,30.0,OAK,AL,-0.3,6.0,7.0,7.0,1.0,0.0,0.0,0.0,0.0,0.0,0.0,0.0,0.0,1.0,0.0,0.0,0.0,0.0,-100.0,0.0,-122.0,0.0,0.0,0.0,0.0,0.0,0.0,/6H4,
Nathaniel Lowe*,24.0,TBR,AL,0.3,21.0,76.0,67.0,10.0,15.0,2.0,0.0,4.0,11.0,1.0,0.0,9.0,28.0,0.224,0.316,0.433,0.749,109.0,0.319,100.0,29.0,2.0,0.0,0.0,0.0,2.0,3/D5H,
Neil Walker#,34.0,PHI,NL,-0.1,18.0,41.0,39.0,5.0,9.0,3.0,0.0,0.0,3.0,0.0,0.0,1.0,13.0,0.231,0.244,0.308,0.552,48.0,0.239,37.0,12.0,0.0,0.0,0.0,1.0,0.0,/4HD3517,
Nelson Cruz,39.0,MIN,AL,1.8,53.0,214.0,185.0,33.0,56.0,6.0,0.0,16.0,33.0,0.0,0.0,25.0,58.0,0.303,0.397,0.595,0.992,171.0,0.416,168.0,110.0,8.0,4.0,0.0,0.0,5.0,*D/H,"MVP-6,SS"
Nick Ahmed,30.0,ARI,NL,1.6,57.0,217.0,199.0,29.0,53.0,10.0,1.0,5.0,29.0,4.0,0.0,18.0,46.0,0.266,0.327,0.402,0.729,97.0,0.329,98.0,80.0,3.0,0.0,0.0,0.0,0.0,*6/H,
Nick Castellanos,28.0,CIN,NL,0.0,60.0,242.0,218.0,37.0,49.0,11.0,2.0,14.0,34.0,0.0,2.0,19.0,69.0,0.225,0.298,0.486,0.784,100.0,0.331,96.0,106.0,5.0,4.0,0.0,1.0,1.0,*9/DH,
Nick Heath*,26.0,KCR,AL,0.1,15.0,18.0,13.0,2.0,2.0,1.0,0.0,0.0,3.0,2.0,2.0,2.0,6.0,0.154,0.313,0.231,0.543,51.0,0.232,51.0,3.0,0.0,1.0,1.0,0.0,0.0,/H8D7,
Nick Madrigal,23.0,CHW,AL,0.5,29.0,109.0,103.0,8.0,35.0,3.0,0.0,0.0,11.0,2.0,1.0,4.0,7.0,0.34,0.376,0.369,0.745,107.0,0.347,117.0,38.0,5.0,2.0,0.0,0.0,0.0,4,
Nick Markakis*,36.0,ATL,NL,-0.2,37.0,141.0,130.0,15.0,33.0,15.0,0.0,1.0,15.0,0.0,1.0,10.0,23.0,0.254,0.312,0.392,0.704,85.0,0.317,88.0,51.0,5.0,1.0,0.0,0.0,0.0,9/7HD,
Nick Senzel,25.0,CIN,NL,-0.2,23.0,78.0,70.0,8.0,13.0,6.0,0.0,2.0,8.0,2.0,1.0,6.0,15.0,0.186,0.247,0.357,0.604,55.0,0.259,42.0,25.0,2.0,0.0,0.0,1.0,0.0,8/H,
Nick Solak,25.0,TEX,AL,-1.1,58.0,233.0,209.0,27.0,56.0,10.0,0.0,2.0,23.0,7.0,1.0,18.0,42.0,0.268,0.326,0.344,0.671,86.0,0.304,84.0,72.0,6.0,2.0,0.0,4.0,0.0,748/D3H,
Nicky Delmonico*,27.0,CHW,AL,-0.4,6.0,22.0,20.0,0.0,3.0,0.0,0.0,0.0,3.0,0.0,0.0,2.0,2.0,0.15,0.227,0.15,0.377,8.0,0.186,3.0,3.0,2.0,0.0,0.0,0.0,0.0,/97,
Nicky Lopez*,25.0,KCR,AL,0.2,56.0,192.0,169.0,15.0,34.0,8.0,0.0,1.0,13.0,0.0,5.0,18.0,41.0,0.201,0.286,0.266,0.552,51.0,0.246,50.0,45.0,1.0,2.0,3.0,0.0,0.0,*4/65H,
Nico Hoerner,23.0,CHC,NL,0.8,48.0,126.0,108.0,19.0,24.0,4.0,0.0,0.0,13.0,3.0,2.0,12.0,24.0,0.222,0.312,0.259,0.571,57.0,0.277,65.0,28.0,3.0,3.0,0.0,2.0,0.0,46/5H78D,
Niko Goodrum#,28.0,DET,AL,0.1,43.0,179.0,158.0,15.0,29.0,7.0,1.0,5.0,20.0,7.0,1.0,18.0,69.0,0.184,0.263,0.335,0.598,63.0,0.268,56.0,53.0,4.0,0.0,0.0,3.0,0.0,64/H,
Nolan Arenado,29.0,COL,NL,1.5,48.0,201.0,182.0,23.0,46.0,9.0,0.0,8.0,26.0,0.0,0.0,15.0,20.0,0.253,0.303,0.434,0.738,86.0,0.313,76.0,79.0,7.0,0.0,0.0,4.0,3.0,*5,GG
Nomar Mazara*,25.0,CHW,AL,-0.2,42.0,149.0,136.0,13.0,31.0,6.0,0.0,1.0,15.0,0.0,1.0,10.0,44.0,0.228,0.295,0.294,0.589,64.0,0.264,60.0,40.0,0.0,3.0,0.0,0.0,0.0,*9/H,
Omar Narváez*,28.0,MIL,NL,-0.1,40.0,126.0,108.0,8.0,19.0,4.0,0.0,2.0,10.0,0.0,0.0,16.0,39.0,0.176,0.294,0.269,0.562,53.0,0.264,52.0,29.0,1.0,2.0,0.0,0.0,0.0,2/H,
Orlando Arcia,25.0,MIL,NL,0.3,59.0,189.0,173.0,22.0,45.0,10.0,1.0,5.0,20.0,2.0,0.0,14.0,32.0,0.26,0.317,0.416,0.734,95.0,0.326,94.0,72.0,10.0,1.0,0.0,1.0,0.0,*6/H18,
Ozzie Albies#,23.0,ATL,NL,0.8,29.0,124.0,118.0,21.0,32.0,5.0,0.0,6.0,19.0,3.0,1.0,5.0,30.0,0.271,0.306,0.466,0.773,100.0,0.358,113.0,55.0,0.0,1.0,0.0,0.0,0.0,4/H,
Pablo Sandoval#,33.0,2TM,NL,-0.5,34.0,94.0,84.0,5.0,18.0,1.0,0.0,1.0,6.0,0.0,0.0,8.0,19.0,0.214,0.287,0.262,0.549,54.0,0.261,57.0,22.0,3.0,1.0,0.0,1.0,0.0,DH/35,
Pablo Sandoval#,33.0,SFG,NL,-0.5,33.0,90.0,82.0,5.0,18.0,1.0,0.0,1.0,6.0,0.0,0.0,6.0,18.0,0.22,0.278,0.268,0.546,52.0,0.257,55.0,22.0,3.0,1.0,0.0,1.0,0.0,DH/35,
Pablo Sandoval#,33.0,ATL,NL,0.0,1.0,4.0,2.0,0.0,0.0,0.0,0.0,0.0,0.0,0.0,0.0,2.0,1.0,0.0,0.5,0.0,0.5,50.0,0.352,110.0,0.0,0.0,0.0,0.0,0.0,0.0,/5,
Pat Valaika,27.0,BAL,AL,0.5,52.0,150.0,141.0,24.0,39.0,4.0,0.0,8.0,16.0,0.0,2.0,8.0,34.0,0.277,0.315,0.475,0.791,111.0,0.341,114.0,67.0,3.0,0.0,1.0,0.0,0.0,634/H579,
Patrick Wisdom,28.0,CHC,NL,-0.1,2.0,2.0,2.0,0.0,0.0,0.0,0.0,0.0,0.0,0.0,0.0,0.0,0.0,0.0,0.0,0.0,0.0,-100.0,0.0,-128.0,0.0,0.0,0.0,0.0,0.0,0.0,/3H,
Paul DeJong,26.0,STL,NL,0.3,45.0,174.0,152.0,17.0,38.0,6.0,0.0,3.0,25.0,1.0,0.0,17.0,50.0,0.25,0.322,0.349,0.671,87.0,0.299,84.0,53.0,4.0,1.0,0.0,4.0,0.0,*6,
Paul Goldschmidt,32.0,STL,NL,2.0,58.0,231.0,191.0,31.0,58.0,13.0,0.0,6.0,21.0,1.0,0.0,37.0,43.0,0.304,0.417,0.466,0.883,145.0,0.387,146.0,89.0,4.0,1.0,0.0,1.0,0.0,*3/D,MVP-15
Pavin Smith*,24.0,ARI,NL,0.2,12.0,44.0,37.0,7.0,10.0,0.0,1.0,1.0,4.0,1.0,0.0,5.0,8.0,0.27,0.341,0.405,0.746,102.0,0.322,92.0,15.0,0.0,0.0,0.0,2.0,0.0,/379D,
Pedro Severino,26.0,BAL,AL,0.8,48.0,178.0,160.0,17.0,40.0,5.0,1.0,5.0,21.0,1.0,0.0,16.0,40.0,0.25,0.322,0.388,0.71,92.0,0.328,99.0,62.0,3.0,1.0,1.0,0.0,0.0,2D/H,
Pete Alonso,25.0,NYM,NL,0.1,57.0,239.0,208.0,31.0,48.0,6.0,0.0,16.0,35.0,1.0,0.0,24.0,61.0,0.231,0.326,0.49,0.817,122.0,0.342,114.0,102.0,4.0,6.0,0.0,1.0,4.0,3D/H,
Phil Ervin,27.0,2TM,2LG,0.0,37.0,89.0,74.0,10.0,11.0,3.0,0.0,0.0,4.0,1.0,0.0,14.0,22.0,0.149,0.292,0.189,0.481,35.0,0.252,45.0,14.0,2.0,1.0,0.0,0.0,0.0,9H7/8D,
Phil Ervin,27.0,CIN,NL,-0.3,19.0,42.0,35.0,5.0,3.0,0.0,0.0,0.0,0.0,1.0,0.0,6.0,8.0,0.086,0.238,0.086,0.324,-10.0,0.205,2.0,3.0,1.0,1.0,0.0,0.0,0.0,H7/89D,
Phil Ervin,27.0,SEA,AL,0.3,18.0,47.0,39.0,5.0,8.0,3.0,0.0,0.0,4.0,0.0,0.0,8.0,14.0,0.205,0.34,0.282,0.622,79.0,0.293,84.0,11.0,1.0,0.0,0.0,0.0,0.0,9/H,
Phil Gosselin,31.0,PHI,NL,-0.1,39.0,102.0,92.0,14.0,23.0,5.0,0.0,3.0,12.0,0.0,0.0,10.0,27.0,0.25,0.324,0.402,0.726,95.0,0.322,95.0,37.0,3.0,0.0,0.0,0.0,1.0,D/H37945,
Phillip Evans,27.0,PIT,NL,0.0,11.0,45.0,39.0,6.0,14.0,2.0,0.0,1.0,9.0,0.0,1.0,5.0,7.0,0.359,0.444,0.487,0.932,155.0,0.395,156.0,19.0,1.0,1.0,0.0,0.0,0.0,/5379,
Rafael Devers*,23.0,BOS,AL,0.8,57.0,248.0,232.0,32.0,61.0,16.0,1.0,11.0,43.0,0.0,0.0,13.0,67.0,0.263,0.31,0.483,0.793,107.0,0.34,104.0,112.0,8.0,3.0,0.0,0.0,0.0,*5/H,
Rafael Marchán#,21.0,PHI,NL,0.2,3.0,9.0,8.0,3.0,4.0,0.0,0.0,1.0,3.0,0.0,0.0,1.0,2.0,0.5,0.556,0.875,1.431,279.0,0.596,286.0,7.0,0.0,0.0,0.0,0.0,0.0,/2,
Raimel Tapia*,26.0,COL,NL,0.8,51.0,206.0,184.0,26.0,59.0,8.0,2.0,1.0,17.0,8.0,2.0,14.0,38.0,0.321,0.369,0.402,0.772,98.0,0.35,99.0,74.0,3.0,2.0,1.0,3.0,0.0,7D/9H,
Raisel Iglesias,30.0,CIN,NL,0.0,1.0,0.0,0.0,0.0,0.0,0.0,0.0,0.0,0.0,0.0,0.0,0.0,0.0,,,,,,,,0.0,0.0,0.0,0.0,0.0,0.0,1,
Ramón Laureano,25.0,OAK,AL,1.4,54.0,222.0,183.0,27.0,39.0,8.0,1.0,6.0,25.0,2.0,1.0,24.0,58.0,0.213,0.338,0.366,0.704,98.0,0.316,99.0,67.0,7.0,12.0,0.0,3.0,0.0,*8/D,
Ramón Urías,26.0,BAL,AL,0.1,10.0,27.0,25.0,3.0,9.0,2.0,0.0,1.0,3.0,0.0,0.0,2.0,6.0,0.36,0.407,0.56,0.967,160.0,0.416,161.0,14.0,1.0,0.0,0.0,0.0,0.0,/64H,
Randal Grichuk,28.0,TOR,AL,0.4,55.0,231.0,216.0,38.0,59.0,9.0,0.0,12.0,35.0,1.0,1.0,13.0,49.0,0.273,0.312,0.481,0.793,114.0,0.338,111.0,104.0,5.0,0.0,0.0,2.0,1.0,*8/D,
Randy Arozarena,25.0,TBR,AL,0.9,23.0,76.0,64.0,15.0,18.0,2.0,0.0,7.0,11.0,4.0,0.0,6.0,22.0,0.281,0.382,0.641,1.022,182.0,0.433,174.0,41.0,2.0,5.0,0.0,1.0,0.0,7/DH98,
Rangel Ravelo,28.0,STL,NL,-0.2,13.0,41.0,35.0,5.0,6.0,1.0,0.0,1.0,6.0,0.0,0.0,4.0,6.0,0.171,0.244,0.286,0.53,47.0,0.232,39.0,10.0,0.0,0.0,0.0,2.0,0.0,/D93H7,
Reese McGuire*,25.0,TOR,AL,-0.4,19.0,45.0,41.0,2.0,3.0,0.0,0.0,1.0,1.0,0.0,0.0,0.0,11.0,0.073,0.073,0.146,0.22,-42.0,0.112,-63.0,6.0,1.0,0.0,4.0,0.0,0.0,2/H,
Renato Núñez,26.0,BAL,AL,0.6,52.0,216.0,195.0,29.0,50.0,10.0,0.0,12.0,31.0,0.0,0.0,17.0,64.0,0.256,0.324,0.492,0.816,118.0,0.352,116.0,96.0,4.0,3.0,0.0,1.0,0.0,3D/5H,
René Rivera,36.0,NYM,NL,0.1,2.0,4.0,4.0,0.0,1.0,0.0,0.0,0.0,0.0,0.0,0.0,0.0,3.0,0.25,0.25,0.25,0.5,39.0,0.225,33.0,1.0,0.0,0.0,0.0,0.0,0.0,/2H,
Rhys Hoskins,27.0,PHI,NL,1.0,41.0,185.0,151.0,35.0,37.0,9.0,0.0,10.0,26.0,1.0,0.0,29.0,43.0,0.245,0.384,0.503,0.887,138.0,0.402,149.0,76.0,4.0,5.0,0.0,0.0,0.0,3/D,
Rio Ruiz*,26.0,BAL,AL,0.6,54.0,204.0,185.0,25.0,41.0,11.0,0.0,9.0,32.0,1.0,2.0,17.0,46.0,0.222,0.286,0.427,0.713,90.0,0.308,88.0,79.0,4.0,0.0,1.0,1.0,1.0,*5/H47,
Rob Brantly*,30.0,SFG,NL,-0.1,1.0,3.0,3.0,0.0,0.0,0.0,0.0,0.0,0.0,0.0,0.0,0.0,0.0,0.0,0.0,0.0,0.0,-100.0,0.0,-124.0,0.0,0.0,0.0,0.0,0.0,0.0,/2,
Rob Refsnyder,29.0,TEX,AL,0.0,15.0,34.0,30.0,4.0,6.0,1.0,0.0,0.0,1.0,0.0,0.0,2.0,11.0,0.2,0.265,0.233,0.498,40.0,0.228,34.0,7.0,0.0,1.0,0.0,1.0,0.0,/D3H97,
Robbie Grossman#,30.0,OAK,AL,1.2,51.0,192.0,166.0,23.0,40.0,12.0,2.0,8.0,23.0,8.0,1.0,21.0,38.0,0.241,0.344,0.482,0.826,128.0,0.368,130.0,80.0,1.0,5.0,0.0,0.0,2.0,*7/H8D9,
Roberto Pérez,31.0,CLE,AL,0.2,32.0,110.0,97.0,6.0,16.0,2.0,0.0,1.0,5.0,0.0,0.0,11.0,38.0,0.165,0.264,0.216,0.48,34.0,0.262,56.0,21.0,2.0,2.0,0.0,0.0,0.0,2,GG
Robinson Canó*,37.0,NYM,NL,1.3,49.0,182.0,171.0,23.0,54.0,9.0,0.0,10.0,30.0,0.0,0.0,9.0,24.0,0.316,0.352,0.544,0.896,143.0,0.387,146.0,93.0,7.0,1.0,0.0,1.0,1.0,4D/H,
Robinson Chirinos,36.0,2TM,2LG,-0.7,26.0,82.0,74.0,4.0,12.0,3.0,0.0,1.0,7.0,0.0,0.0,6.0,21.0,0.162,0.232,0.243,0.475,32.0,0.216,26.0,18.0,5.0,1.0,0.0,1.0,0.0,2/DH,
Robinson Chirinos,36.0,TEX,AL,-0.7,14.0,49.0,42.0,3.0,5.0,1.0,0.0,0.0,2.0,0.0,0.0,5.0,12.0,0.119,0.224,0.143,0.367,5.0,0.185,4.0,6.0,3.0,1.0,0.0,1.0,0.0,2/DH,
Robinson Chirinos,36.0,NYM,NL,-0.1,12.0,33.0,32.0,1.0,7.0,2.0,0.0,1.0,5.0,0.0,0.0,1.0,9.0,0.219,0.242,0.375,0.617,67.0,0.262,58.0,12.0,2.0,0.0,0.0,0.0,0.0,2,
Roman Quinn#,27.0,PHI,NL,0.0,41.0,116.0,108.0,14.0,23.0,3.0,1.0,2.0,7.0,12.0,0.0,5.0,39.0,0.213,0.261,0.315,0.576,55.0,0.289,55.0,34.0,0.0,2.0,1.0,0.0,0.0,8/H9,
Ronald Acuña Jr.,22.0,ATL,NL,2.4,46.0,202.0,160.0,46.0,40.0,11.0,0.0,14.0,29.0,8.0,1.0,38.0,60.0,0.25,0.406,0.581,0.987,156.0,0.42,153.0,93.0,3.0,4.0,0.0,0.0,2.0,*89,"MVP-12,SS"
Ronald Guzmán*,25.0,TEX,AL,0.5,26.0,86.0,78.0,10.0,19.0,1.0,1.0,4.0,9.0,1.0,0.0,7.0,24.0,0.244,0.314,0.436,0.75,105.0,0.347,115.0,34.0,0.0,1.0,0.0,0.0,0.0,3/H,
Ronald Torreyes,27.0,PHI,NL,-0.1,4.0,7.0,7.0,1.0,1.0,1.0,0.0,0.0,0.0,0.0,0.0,0.0,0.0,0.143,0.143,0.286,0.429,12.0,0.176,-6.0,2.0,1.0,0.0,0.0,0.0,0.0,/648,
Rougned Odor*,26.0,TEX,AL,-0.5,38.0,148.0,138.0,15.0,23.0,4.0,0.0,10.0,30.0,0.0,1.0,7.0,47.0,0.167,0.209,0.413,0.623,66.0,0.266,63.0,57.0,2.0,1.0,0.0,2.0,0.0,4/D,
Rowan Wick*,27.0,CHC,NL,0.0,1.0,0.0,0.0,0.0,0.0,0.0,0.0,0.0,0.0,0.0,0.0,0.0,0.0,,,,,,,,0.0,0.0,0.0,0.0,0.0,0.0,1,
Rowdy Tellez*,25.0,TOR,AL,0.6,35.0,127.0,113.0,20.0,32.0,5.0,0.0,8.0,23.0,0.0,1.0,11.0,20.0,0.283,0.346,0.54,0.886,139.0,0.378,141.0,61.0,1.0,1.0,0.0,2.0,1.0,3D/H,
Ryan Brasier,32.0,BOS,AL,0.0,1.0,0.0,0.0,0.0,0.0,0.0,0.0,0.0,0.0,0.0,0.0,0.0,0.0,,,,,,,,0.0,0.0,0.0,0.0,0.0,0.0,1,
Ryan Braun,36.0,MIL,NL,0.1,39.0,141.0,129.0,14.0,30.0,7.0,1.0,8.0,26.0,1.0,0.0,7.0,27.0,0.233,0.281,0.488,0.769,101.0,0.33,97.0,63.0,6.0,2.0,0.0,1.0,0.0,9D/H3,
Ryan Cordell,28.0,NYM,NL,-0.1,5.0,8.0,8.0,0.0,1.0,0.0,0.0,0.0,0.0,1.0,0.0,0.0,3.0,0.125,0.125,0.125,0.25,-30.0,0.142,-45.0,1.0,0.0,0.0,0.0,0.0,0.0,/89H,
Ryan Goins*,32.0,CHW,AL,-0.2,14.0,10.0,9.0,4.0,0.0,0.0,0.0,0.0,0.0,0.0,0.0,1.0,1.0,0.0,0.1,0.0,0.1,-69.0,0.07,-79.0,0.0,0.0,0.0,0.0,0.0,0.0,/HD564,
Ryan Jeffers,23.0,MIN,AL,0.3,26.0,62.0,55.0,5.0,15.0,0.0,0.0,3.0,7.0,0.0,0.0,5.0,19.0,0.273,0.355,0.436,0.791,119.0,0.362,129.0,24.0,0.0,2.0,0.0,0.0,0.0,2/DH,
Ryan Lavarnway,32.0,MIA,NL,0.0,5.0,11.0,11.0,0.0,4.0,0.0,0.0,0.0,0.0,0.0,0.0,0.0,2.0,0.364,0.364,0.364,0.727,98.0,0.327,99.0,4.0,0.0,0.0,0.0,0.0,0.0,/2,
Ryan McBroom,28.0,KCR,AL,0.0,36.0,85.0,81.0,8.0,20.0,3.0,0.0,6.0,10.0,0.0,0.0,4.0,30.0,0.247,0.282,0.506,0.789,107.0,0.341,108.0,41.0,2.0,0.0,0.0,0.0,0.0,H3/D79,
Ryan McMahon*,25.0,COL,NL,0.5,52.0,193.0,172.0,23.0,37.0,6.0,1.0,9.0,26.0,0.0,1.0,18.0,66.0,0.215,0.295,0.419,0.714,80.0,0.32,83.0,72.0,4.0,2.0,0.0,1.0,0.0,453/H6,
Ryan Mountcastle,23.0,BAL,AL,0.7,35.0,140.0,126.0,12.0,42.0,5.0,0.0,5.0,23.0,0.0,1.0,11.0,30.0,0.333,0.386,0.492,0.878,137.0,0.39,146.0,62.0,2.0,1.0,0.0,2.0,0.0,73/DH,ROY-8
Ryan O'Hearn*,26.0,KCR,AL,-0.6,42.0,132.0,113.0,7.0,22.0,6.0,0.0,2.0,18.0,0.0,0.0,18.0,37.0,0.195,0.303,0.301,0.604,65.0,0.27,58.0,34.0,5.0,0.0,0.0,1.0,2.0,3H/D,
Ryon Healy,28.0,MIL,NL,-0.1,4.0,7.0,7.0,0.0,1.0,0.0,0.0,0.0,0.0,0.0,0.0,0.0,2.0,0.143,0.143,0.143,0.286,-23.0,0.115,-51.0,1.0,0.0,0.0,0.0,0.0,0.0,/3DH,
Salvador Perez,30.0,KCR,AL,2.1,37.0,156.0,150.0,22.0,50.0,12.0,0.0,11.0,32.0,1.0,0.0,3.0,36.0,0.333,0.353,0.633,0.986,159.0,0.425,166.0,95.0,0.0,2.0,0.0,1.0,0.0,2/3D,"MVP-17,SS"
Sam Haggerty#,26.0,SEA,AL,0.2,13.0,54.0,50.0,7.0,13.0,4.0,0.0,1.0,6.0,4.0,0.0,4.0,16.0,0.26,0.315,0.4,0.715,100.0,0.347,109.0,20.0,0.0,0.0,0.0,0.0,0.0,7/59D,
Sam Hilliard*,26.0,COL,NL,0.2,36.0,114.0,105.0,13.0,22.0,2.0,2.0,6.0,10.0,3.0,0.0,9.0,42.0,0.21,0.272,0.438,0.71,77.0,0.305,67.0,46.0,0.0,0.0,0.0,0.0,0.0,798/HD,
Sam Huff,22.0,TEX,AL,0.5,10.0,33.0,31.0,5.0,11.0,3.0,0.0,3.0,4.0,0.0,0.0,2.0,11.0,0.355,0.394,0.742,1.136,204.0,0.47,203.0,23.0,0.0,0.0,0.0,0.0,0.0,2,
Sandy León#,31.0,CLE,AL,-0.1,25.0,81.0,66.0,4.0,9.0,1.0,0.0,2.0,4.0,0.0,0.0,14.0,21.0,0.136,0.296,0.242,0.539,51.0,0.258,53.0,16.0,2.0,1.0,0.0,0.0,0.0,2/HD,
Santiago Espinal,25.0,TOR,AL,0.4,26.0,66.0,60.0,10.0,16.0,4.0,0.0,0.0,6.0,1.0,0.0,4.0,16.0,0.267,0.308,0.333,0.641,77.0,0.301,81.0,20.0,1.0,0.0,1.0,1.0,0.0,6/H15,
Scott Heineman,27.0,TEX,AL,-0.3,24.0,54.0,52.0,6.0,8.0,3.0,0.0,1.0,7.0,3.0,0.0,2.0,11.0,0.154,0.185,0.269,0.454,24.0,0.209,12.0,14.0,1.0,0.0,0.0,0.0,0.0,8/H7D39,
Scott Kingery,26.0,PHI,NL,-0.9,36.0,124.0,113.0,12.0,18.0,5.0,0.0,3.0,6.0,0.0,0.0,9.0,35.0,0.159,0.228,0.283,0.511,37.0,0.249,44.0,32.0,1.0,1.0,1.0,0.0,0.0,4/8H6,
Scott Schebler*,29.0,ATL,NL,0.0,1.0,1.0,1.0,0.0,0.0,0.0,0.0,0.0,0.0,0.0,0.0,0.0,0.0,0.0,0.0,0.0,0.0,-100.0,0.0,-142.0,0.0,0.0,0.0,0.0,0.0,0.0,/9H,
Sean Murphy,25.0,OAK,AL,1.1,43.0,140.0,116.0,21.0,27.0,5.0,0.0,7.0,14.0,0.0,0.0,24.0,37.0,0.233,0.364,0.457,0.821,129.0,0.365,133.0,53.0,6.0,0.0,0.0,0.0,0.0,*2/H,ROY-4
Sean Rodríguez,35.0,MIA,NL,-0.3,4.0,13.0,13.0,0.0,2.0,0.0,0.0,0.0,0.0,0.0,0.0,0.0,6.0,0.154,0.154,0.154,0.308,-16.0,0.124,-42.0,2.0,0.0,0.0,0.0,0.0,0.0,/47,
Sergio Alcántara#,23.0,DET,AL,-0.3,10.0,23.0,21.0,2.0,3.0,0.0,1.0,1.0,1.0,0.0,0.0,2.0,4.0,0.143,0.217,0.381,0.598,60.0,0.253,51.0,8.0,0.0,0.0,0.0,0.0,0.0,/45H,
Seth Brown*,27.0,OAK,AL,-0.1,7.0,5.0,5.0,0.0,0.0,0.0,0.0,0.0,0.0,0.0,0.0,0.0,2.0,0.0,0.0,0.0,0.0,-100.0,0.0,-121.0,0.0,0.0,0.0,0.0,0.0,0.0,/H3D,
Seth Elledge,24.0,STL,NL,0.0,1.0,0.0,0.0,0.0,0.0,0.0,0.0,0.0,0.0,0.0,0.0,0.0,0.0,,,,,,,,0.0,0.0,0.0,0.0,0.0,0.0,1,
Shed Long Jr.*,24.0,SEA,AL,-0.1,34.0,128.0,117.0,10.0,20.0,5.0,0.0,3.0,9.0,4.0,0.0,11.0,37.0,0.171,0.242,0.291,0.533,49.0,0.251,49.0,34.0,1.0,0.0,0.0,0.0,0.0,4/H7D,
Sherten Apostel,21.0,TEX,AL,-0.5,7.0,21.0,20.0,1.0,2.0,1.0,0.0,0.0,0.0,0.0,0.0,1.0,9.0,0.1,0.143,0.15,0.293,-19.0,0.135,-31.0,3.0,0.0,0.0,0.0,0.0,0.0,/35,
Shin-Soo Choo*,37.0,TEX,AL,0.1,33.0,127.0,110.0,13.0,26.0,3.0,0.0,5.0,15.0,6.0,2.0,13.0,33.0,0.236,0.323,0.4,0.723,99.0,0.321,97.0,44.0,1.0,2.0,0.0,2.0,1.0,7D/9H,
Shogo Akiyama*,32.0,CIN,NL,0.7,54.0,183.0,155.0,16.0,38.0,6.0,1.0,0.0,9.0,7.0,3.0,25.0,34.0,0.245,0.357,0.297,0.654,74.0,0.311,78.0,46.0,1.0,2.0,0.0,0.0,0.0,*78/HD,
Shohei Ohtani*,25.0,LAA,AL,0.0,44.0,175.0,153.0,23.0,29.0,6.0,0.0,7.0,24.0,7.0,1.0,22.0,50.0,0.19,0.291,0.366,0.657,79.0,0.301,78.0,56.0,3.0,0.0,0.0,0.0,0.0,D/H1,
Starlin Castro,30.0,WSN,NL,0.3,16.0,63.0,60.0,9.0,16.0,3.0,1.0,2.0,4.0,0.0,0.0,3.0,13.0,0.267,0.302,0.45,0.752,100.0,0.335,105.0,27.0,0.0,0.0,0.0,0.0,0.0,4,
Starling Marte,31.0,2TM,NL,1.6,61.0,250.0,228.0,36.0,64.0,14.0,1.0,6.0,27.0,10.0,2.0,12.0,41.0,0.281,0.34,0.43,0.77,107.0,0.352,112.0,98.0,5.0,9.0,0.0,1.0,1.0,*8/7H,
Starling Marte,31.0,ARI,NL,1.1,33.0,138.0,122.0,23.0,38.0,8.0,1.0,2.0,14.0,5.0,2.0,10.0,19.0,0.311,0.384,0.443,0.827,124.0,0.365,125.0,54.0,3.0,5.0,0.0,1.0,1.0,8/7,
Starling Marte,31.0,MIA,NL,0.5,28.0,112.0,106.0,13.0,26.0,6.0,0.0,4.0,13.0,5.0,0.0,2.0,22.0,0.245,0.286,0.415,0.701,86.0,0.335,97.0,44.0,2.0,4.0,0.0,0.0,0.0,8/H,
Stephen Piscotty,29.0,OAK,AL,0.1,45.0,171.0,159.0,17.0,36.0,6.0,0.0,5.0,29.0,4.0,0.0,9.0,53.0,0.226,0.271,0.358,0.629,75.0,0.278,68.0,57.0,4.0,1.0,1.0,1.0,0.0,*9/H,
Stephen Vogt*,35.0,ARI,NL,0.0,26.0,81.0,72.0,6.0,12.0,5.0,0.0,1.0,7.0,0.0,0.0,8.0,18.0,0.167,0.247,0.278,0.525,43.0,0.248,44.0,20.0,1.0,0.0,0.0,1.0,0.0,2/H3D,
Steven Duggar*,26.0,SFG,NL,-0.4,21.0,36.0,34.0,3.0,6.0,2.0,0.0,0.0,3.0,1.0,0.0,1.0,11.0,0.176,0.222,0.235,0.458,27.0,0.212,20.0,8.0,1.0,1.0,0.0,0.0,0.0,7/98H,
Steven Souza Jr.,31.0,CHC,NL,0.0,11.0,31.0,27.0,3.0,4.0,2.0,0.0,1.0,5.0,1.0,0.0,4.0,15.0,0.148,0.258,0.333,0.591,58.0,0.267,52.0,9.0,0.0,0.0,0.0,0.0,0.0,/97HD,
Taylor Jones,26.0,HOU,AL,-0.3,7.0,22.0,21.0,3.0,4.0,1.0,0.0,1.0,3.0,0.0,0.0,1.0,7.0,0.19,0.227,0.381,0.608,62.0,0.259,53.0,8.0,2.0,0.0,0.0,0.0,0.0,/D3H,
Taylor Ward,26.0,LAA,AL,0.1,34.0,102.0,94.0,16.0,26.0,6.0,2.0,0.0,5.0,2.0,0.0,8.0,28.0,0.277,0.333,0.383,0.716,96.0,0.337,105.0,36.0,1.0,0.0,0.0,0.0,0.0,97/H3D,
Taylor Williams#,28.0,SEA,AL,0.0,1.0,0.0,0.0,0.0,0.0,0.0,0.0,0.0,0.0,0.0,0.0,0.0,0.0,,,,,,,,0.0,0.0,0.0,0.0,0.0,0.0,1,
Teoscar Hernández,27.0,TOR,AL,1.5,50.0,207.0,190.0,33.0,55.0,7.0,0.0,16.0,34.0,6.0,1.0,14.0,63.0,0.289,0.34,0.579,0.919,146.0,0.397,148.0,110.0,4.0,1.0,0.0,1.0,0.0,*9/8DH,"MVP-11,SS"
Terrance Gore,29.0,LAD,NL,0.0,2.0,0.0,0.0,0.0,0.0,0.0,0.0,0.0,0.0,0.0,0.0,0.0,0.0,,,,,,,,0.0,0.0,0.0,0.0,0.0,0.0,/8DH,
Thairo Estrada,24.0,NYY,AL,-0.1,26.0,52.0,48.0,8.0,8.0,0.0,0.0,1.0,3.0,1.0,0.0,1.0,19.0,0.167,0.231,0.229,0.46,29.0,0.236,39.0,11.0,0.0,3.0,0.0,0.0,0.0,4/5H6,
Tim Anderson,27.0,CHW,AL,2.5,49.0,221.0,208.0,45.0,67.0,11.0,1.0,10.0,21.0,5.0,2.0,10.0,50.0,0.322,0.357,0.529,0.886,140.0,0.382,140.0,110.0,4.0,2.0,0.0,1.0,0.0,*6,"MVP-7,SS"
Tim Hill,30.0,SDP,NL,0.0,1.0,1.0,1.0,0.0,0.0,0.0,0.0,0.0,0.0,0.0,0.0,0.0,1.0,0.0,0.0,0.0,0.0,-100.0,0.0,-125.0,0.0,0.0,0.0,0.0,0.0,0.0,1,
Tim Locastro,27.0,ARI,NL,0.7,33.0,82.0,69.0,15.0,20.0,4.0,1.0,2.0,7.0,4.0,0.0,8.0,14.0,0.29,0.395,0.464,0.859,133.0,0.399,142.0,32.0,0.0,4.0,1.0,0.0,0.0,8H/79D,
Tim Lopes,26.0,SEA,AL,-0.2,46.0,151.0,143.0,16.0,34.0,12.0,0.0,2.0,15.0,5.0,0.0,6.0,34.0,0.238,0.278,0.364,0.642,79.0,0.291,77.0,52.0,2.0,2.0,0.0,0.0,0.0,7D9/H15,
Todd Frazier,34.0,2TM,2LG,0.2,45.0,172.0,157.0,16.0,37.0,9.0,1.0,4.0,12.0,1.0,1.0,11.0,42.0,0.236,0.302,0.382,0.684,88.0,0.303,87.0,60.0,1.0,4.0,0.0,0.0,0.0,53/1H,
Todd Frazier,34.0,TEX,AL,0.1,31.0,121.0,108.0,11.0,26.0,7.0,1.0,2.0,7.0,1.0,1.0,10.0,26.0,0.241,0.322,0.38,0.702,94.0,0.314,96.0,41.0,0.0,3.0,0.0,0.0,0.0,35/H,
Todd Frazier,34.0,NYM,NL,0.1,14.0,51.0,49.0,5.0,11.0,2.0,0.0,2.0,5.0,0.0,0.0,1.0,16.0,0.224,0.255,0.388,0.643,74.0,0.275,68.0,19.0,1.0,1.0,0.0,0.0,0.0,5/1,
Tommy Edman#,25.0,STL,NL,1.1,55.0,227.0,204.0,29.0,51.0,7.0,1.0,5.0,26.0,2.0,4.0,16.0,48.0,0.25,0.317,0.368,0.685,90.0,0.302,92.0,75.0,5.0,5.0,0.0,2.0,0.0,569/47H,
Tommy La Stella*,31.0,2TM,AL,0.9,55.0,228.0,196.0,31.0,55.0,14.0,2.0,5.0,25.0,1.0,0.0,27.0,12.0,0.281,0.37,0.449,0.819,126.0,0.361,127.0,88.0,6.0,2.0,1.0,2.0,0.0,43/D5H,
Tommy La Stella*,31.0,LAA,AL,0.4,28.0,117.0,99.0,15.0,27.0,8.0,0.0,4.0,14.0,1.0,0.0,15.0,7.0,0.273,0.371,0.475,0.845,130.0,0.375,133.0,47.0,3.0,1.0,1.0,1.0,0.0,43/DH,
Tommy La Stella*,31.0,OAK,AL,0.6,27.0,111.0,97.0,16.0,28.0,6.0,2.0,1.0,11.0,0.0,0.0,12.0,5.0,0.289,0.369,0.423,0.792,122.0,0.347,120.0,41.0,3.0,1.0,0.0,1.0,0.0,4/5D,
Tommy Pham,32.0,SDP,NL,-0.1,31.0,125.0,109.0,13.0,23.0,2.0,0.0,3.0,12.0,6.0,0.0,15.0,27.0,0.211,0.312,0.312,0.624,75.0,0.294,75.0,34.0,2.0,1.0,0.0,0.0,0.0,7D,
Tomás Nido,26.0,NYM,NL,0.2,7.0,26.0,24.0,4.0,7.0,1.0,0.0,2.0,6.0,0.0,0.0,2.0,6.0,0.292,0.346,0.583,0.929,150.0,0.384,143.0,14.0,2.0,0.0,0.0,0.0,0.0,/2,
Tony Gonsolin,26.0,LAD,NL,0.0,1.0,0.0,0.0,0.0,0.0,0.0,0.0,0.0,0.0,0.0,0.0,0.0,0.0,,,,,,,,0.0,0.0,0.0,0.0,0.0,0.0,/1,ROY-4
Tony Kemp*,28.0,OAK,AL,0.0,49.0,114.0,93.0,15.0,23.0,5.0,0.0,0.0,4.0,3.0,1.0,15.0,14.0,0.247,0.363,0.301,0.664,90.0,0.308,92.0,28.0,0.0,3.0,1.0,2.0,0.0,*4/H7D,
Tony Wolters*,28.0,COL,NL,-0.3,42.0,109.0,100.0,10.0,23.0,4.0,0.0,0.0,8.0,0.0,0.0,6.0,30.0,0.23,0.28,0.27,0.55,42.0,0.268,44.0,27.0,1.0,1.0,2.0,0.0,0.0,2/4H,
Travis Blankenhorn*,23.0,MIN,AL,-0.1,1.0,4.0,3.0,0.0,1.0,1.0,0.0,0.0,0.0,0.0,0.0,0.0,0.0,0.333,0.5,0.667,1.167,221.0,0.491,218.0,2.0,0.0,1.0,0.0,0.0,0.0,/4,
Travis d'Arnaud,31.0,ATL,NL,0.8,44.0,184.0,165.0,19.0,53.0,8.0,0.0,9.0,34.0,1.0,0.0,16.0,50.0,0.321,0.386,0.533,0.919,139.0,0.394,138.0,88.0,8.0,2.0,0.0,1.0,0.0,2/DH,SS
Travis Demeritte,25.0,DET,AL,0.0,18.0,33.0,29.0,5.0,5.0,1.0,0.0,0.0,4.0,0.0,0.0,3.0,14.0,0.172,0.273,0.207,0.48,36.0,0.232,36.0,6.0,0.0,1.0,0.0,0.0,0.0,9/HD71,
Travis Jankowski*,29.0,CIN,NL,-0.3,16.0,17.0,15.0,3.0,1.0,0.0,0.0,0.0,0.0,2.0,1.0,2.0,7.0,0.067,0.176,0.067,0.243,-32.0,0.133,-42.0,1.0,1.0,0.0,0.0,0.0,0.0,/8H97D,
Travis Lakins Sr.,26.0,BAL,AL,0.0,1.0,0.0,0.0,1.0,0.0,0.0,0.0,0.0,0.0,0.0,0.0,0.0,0.0,,,,,,,,0.0,0.0,0.0,0.0,0.0,0.0,1,
Travis Shaw*,30.0,TOR,AL,0.2,50.0,180.0,163.0,17.0,39.0,10.0,0.0,6.0,17.0,0.0,0.0,16.0,50.0,0.239,0.306,0.411,0.717,95.0,0.31,90.0,67.0,4.0,0.0,0.0,1.0,0.0,53/HD,
Trea Turner,27.0,WSN,NL,2.8,59.0,259.0,233.0,46.0,78.0,15.0,4.0,12.0,41.0,12.0,4.0,22.0,36.0,0.335,0.394,0.588,0.982,162.0,0.421,162.0,137.0,5.0,2.0,0.0,2.0,0.0,*6,MVP-7
Trent Grisham*,23.0,SDP,NL,2.5,59.0,252.0,215.0,42.0,54.0,8.0,3.0,10.0,26.0,10.0,1.0,31.0,64.0,0.251,0.352,0.456,0.808,123.0,0.359,123.0,98.0,1.0,3.0,1.0,1.0,0.0,*8/H,GG
Trevor Kelley,27.0,PHI,NL,0.0,1.0,0.0,0.0,0.0,0.0,0.0,0.0,0.0,0.0,0.0,0.0,0.0,0.0,,,,,,,,0.0,0.0,0.0,0.0,0.0,0.0,/1,
Trevor Rosenthal,30.0,2TM,2LG,0.0,2.0,0.0,0.0,0.0,0.0,0.0,0.0,0.0,0.0,0.0,0.0,0.0,0.0,,,,,,,,0.0,0.0,0.0,0.0,0.0,0.0,1,
Trevor Rosenthal,30.0,KCR,AL,0.0,1.0,0.0,0.0,0.0,0.0,0.0,0.0,0.0,0.0,0.0,0.0,0.0,0.0,,,,,,,,0.0,0.0,0.0,0.0,0.0,0.0,1,
Trevor Rosenthal,30.0,SDP,NL,0.0,1.0,0.0,0.0,0.0,0.0,0.0,0.0,0.0,0.0,0.0,0.0,0.0,0.0,,,,,,,,0.0,0.0,0.0,0.0,0.0,0.0,/1,
Trevor Story,27.0,COL,NL,2.5,59.0,259.0,235.0,41.0,68.0,13.0,4.0,11.0,28.0,15.0,3.0,24.0,63.0,0.289,0.355,0.519,0.874,120.0,0.384,120.0,122.0,5.0,0.0,0.0,0.0,1.0,*6/D,MVP-11
Tucker Barnhart*,29.0,CIN,NL,0.8,38.0,110.0,98.0,10.0,20.0,3.0,0.0,5.0,13.0,0.0,0.0,12.0,28.0,0.204,0.291,0.388,0.679,75.0,0.298,70.0,38.0,2.0,0.0,0.0,0.0,0.0,2/3H,GG
Ty France,25.0,2TM,2LG,1.0,43.0,155.0,141.0,19.0,43.0,9.0,1.0,4.0,23.0,0.0,0.0,11.0,37.0,0.305,0.368,0.468,0.836,133.0,0.361,131.0,66.0,3.0,3.0,0.0,0.0,0.0,D4/H53,
Ty France,25.0,SDP,NL,0.5,20.0,61.0,55.0,9.0,17.0,4.0,0.0,2.0,10.0,0.0,0.0,5.0,15.0,0.309,0.377,0.491,0.868,140.0,0.376,140.0,27.0,1.0,1.0,0.0,0.0,0.0,D/H35,
Ty France,25.0,SEA,AL,0.5,23.0,94.0,86.0,10.0,26.0,5.0,1.0,2.0,13.0,0.0,0.0,6.0,22.0,0.302,0.362,0.453,0.815,128.0,0.352,125.0,39.0,2.0,2.0,0.0,0.0,0.0,4/D5,
Tyler Flowers,34.0,ATL,NL,0.4,22.0,80.0,69.0,5.0,15.0,6.0,0.0,1.0,5.0,0.0,0.0,8.0,34.0,0.217,0.325,0.348,0.673,78.0,0.304,77.0,24.0,1.0,3.0,0.0,0.0,0.0,2,
Tyler Heineman#,29.0,SFG,NL,0.1,15.0,50.0,42.0,3.0,8.0,1.0,0.0,0.0,1.0,1.0,0.0,4.0,6.0,0.19,0.292,0.214,0.506,44.0,0.249,44.0,9.0,0.0,2.0,2.0,0.0,0.0,2/1,
Tyler Naquin*,29.0,CLE,AL,-0.4,40.0,141.0,133.0,15.0,29.0,8.0,1.0,4.0,20.0,0.0,1.0,5.0,40.0,0.218,0.248,0.383,0.632,70.0,0.272,65.0,51.0,3.0,1.0,0.0,2.0,0.0,9/H,
Tyler O'Neill,25.0,STL,NL,0.9,50.0,157.0,139.0,20.0,24.0,5.0,0.0,7.0,19.0,3.0,1.0,15.0,43.0,0.173,0.261,0.36,0.621,70.0,0.283,73.0,50.0,3.0,2.0,0.0,1.0,0.0,*7/HD,GG
Tyler Stephenson,23.0,CIN,NL,0.3,8.0,20.0,17.0,4.0,5.0,0.0,0.0,2.0,6.0,0.0,0.0,2.0,9.0,0.294,0.4,0.647,1.047,167.0,0.438,167.0,11.0,0.0,1.0,0.0,0.0,0.0,/2DH,
Tyler Wade*,25.0,NYY,AL,0.7,52.0,105.0,88.0,19.0,15.0,3.0,0.0,3.0,10.0,4.0,1.0,12.0,22.0,0.17,0.288,0.307,0.595,67.0,0.283,71.0,27.0,1.0,3.0,1.0,1.0,0.0,46/H,
Tyrone Taylor,26.0,MIL,NL,0.2,22.0,41.0,38.0,6.0,9.0,4.0,0.0,2.0,6.0,0.0,0.0,2.0,8.0,0.237,0.293,0.5,0.793,107.0,0.332,100.0,19.0,1.0,1.0,0.0,0.0,0.0,9/8H7,
Tzu-Wei Lin*,26.0,BOS,AL,-0.5,26.0,57.0,52.0,2.0,8.0,1.0,0.0,0.0,3.0,0.0,0.0,2.0,17.0,0.154,0.182,0.173,0.355,-4.0,0.175,-16.0,9.0,1.0,0.0,2.0,1.0,0.0,6/4H79812D,
Victor Caratini#,26.0,CHC,NL,-0.2,44.0,132.0,116.0,10.0,28.0,7.0,0.0,1.0,16.0,0.0,1.0,12.0,31.0,0.241,0.333,0.328,0.661,80.0,0.295,79.0,38.0,4.0,4.0,0.0,0.0,1.0,2D/H3,
Vimael Machín*,26.0,OAK,AL,-0.4,24.0,71.0,63.0,11.0,13.0,2.0,0.0,0.0,0.0,0.0,0.0,8.0,10.0,0.206,0.296,0.238,0.534,53.0,0.265,63.0,15.0,4.0,0.0,0.0,0.0,0.0,5/6D43H,
Vladimir Guerrero Jr.,21.0,TOR,AL,0.7,60.0,243.0,221.0,34.0,58.0,13.0,2.0,9.0,33.0,1.0,0.0,20.0,38.0,0.262,0.329,0.462,0.791,115.0,0.351,118.0,102.0,6.0,2.0,0.0,0.0,1.0,3D/H,
Víctor Reyes#,25.0,DET,AL,0.8,57.0,213.0,202.0,30.0,56.0,7.0,2.0,4.0,14.0,8.0,2.0,9.0,45.0,0.277,0.315,0.391,0.706,93.0,0.324,97.0,79.0,4.0,2.0,0.0,0.0,0.0,*879/H,
Víctor Robles,23.0,WSN,NL,-0.2,52.0,189.0,168.0,20.0,37.0,5.0,1.0,3.0,15.0,4.0,1.0,9.0,53.0,0.22,0.293,0.315,0.608,66.0,0.278,64.0,53.0,0.0,9.0,1.0,2.0,0.0,*8,
Whit Merrifield,31.0,KCR,AL,0.7,60.0,265.0,248.0,38.0,70.0,12.0,0.0,9.0,30.0,12.0,3.0,12.0,33.0,0.282,0.325,0.44,0.764,105.0,0.344,107.0,109.0,3.0,4.0,0.0,1.0,0.0,*984/73,
Wil Myers,29.0,SDP,NL,1.9,55.0,218.0,198.0,34.0,57.0,14.0,2.0,15.0,40.0,2.0,1.0,18.0,56.0,0.288,0.353,0.606,0.959,160.0,0.402,158.0,120.0,0.0,2.0,0.0,0.0,0.0,*9/3D,MVP-16
Will Craig,25.0,PIT,NL,-0.1,2.0,4.0,4.0,0.0,0.0,0.0,0.0,0.0,0.0,0.0,0.0,0.0,1.0,0.0,0.0,0.0,0.0,-100.0,0.0,-129.0,0.0,0.0,0.0,0.0,0.0,0.0,/3,
Will Smith,25.0,LAD,NL,1.4,37.0,137.0,114.0,23.0,33.0,9.0,0.0,8.0,25.0,0.0,0.0,20.0,22.0,0.289,0.401,0.579,0.98,162.0,0.41,157.0,66.0,2.0,2.0,0.0,1.0,1.0,2/DH,
Willi Castro#,23.0,DET,AL,0.5,36.0,140.0,129.0,21.0,45.0,4.0,2.0,6.0,24.0,0.0,1.0,7.0,38.0,0.349,0.381,0.55,0.932,153.0,0.389,148.0,71.0,0.0,1.0,1.0,2.0,0.0,6/54DH,ROY-4
William Contreras,22.0,ATL,NL,0.1,4.0,10.0,10.0,0.0,4.0,1.0,0.0,0.0,1.0,0.0,0.0,0.0,4.0,0.4,0.4,0.5,0.9,136.0,0.393,139.0,5.0,0.0,0.0,0.0,0.0,0.0,/2,
Willians Astudillo,28.0,MIN,AL,0.0,8.0,16.0,16.0,4.0,4.0,1.0,0.0,1.0,3.0,0.0,0.0,0.0,2.0,0.25,0.25,0.5,0.75,101.0,0.313,94.0,8.0,0.0,0.0,0.0,0.0,0.0,/2H,
Willie Calhoun*,25.0,TEX,AL,-1.0,29.0,108.0,100.0,3.0,19.0,2.0,1.0,1.0,13.0,0.0,0.0,5.0,17.0,0.19,0.231,0.26,0.491,36.0,0.217,26.0,26.0,1.0,1.0,0.0,2.0,0.0,D/7H,
Willson Contreras,28.0,CHC,NL,1.0,57.0,225.0,189.0,37.0,46.0,10.0,0.0,7.0,26.0,1.0,2.0,20.0,57.0,0.243,0.356,0.407,0.763,106.0,0.337,108.0,77.0,6.0,14.0,0.0,2.0,1.0,*2D,
Willy Adames,24.0,TBR,AL,1.8,54.0,205.0,185.0,29.0,48.0,15.0,1.0,8.0,23.0,2.0,1.0,20.0,74.0,0.259,0.332,0.481,0.813,126.0,0.354,128.0,89.0,4.0,0.0,0.0,0.0,0.0,*6/H,
Wilmer Difo#,28.0,WSN,NL,-0.1,12.0,18.0,14.0,1.0,1.0,0.0,0.0,0.0,1.0,0.0,0.0,3.0,4.0,0.071,0.222,0.071,0.294,-14.0,0.167,-11.0,1.0,0.0,0.0,0.0,1.0,0.0,/46H5D,
Wilmer Flores,28.0,SFG,NL,1.2,55.0,213.0,198.0,30.0,53.0,11.0,1.0,12.0,32.0,1.0,0.0,13.0,36.0,0.268,0.315,0.515,0.83,124.0,0.352,120.0,102.0,5.0,1.0,0.0,1.0,1.0,D34/H5,
Wilson Ramos,32.0,NYM,NL,0.3,45.0,155.0,142.0,13.0,34.0,6.0,0.0,5.0,15.0,0.0,0.0,10.0,31.0,0.239,0.297,0.387,0.684,87.0,0.299,84.0,55.0,5.0,2.0,0.0,1.0,0.0,*2/HD,
Wyatt Mathisen,26.0,ARI,NL,0.2,9.0,33.0,27.0,5.0,6.0,0.0,0.0,2.0,5.0,0.0,0.0,5.0,12.0,0.222,0.364,0.444,0.808,118.0,0.354,118.0,12.0,0.0,1.0,0.0,0.0,0.0,/5DH,
Xander Bogaerts,27.0,BOS,AL,1.2,56.0,225.0,203.0,36.0,61.0,8.0,0.0,11.0,28.0,8.0,0.0,21.0,41.0,0.3,0.364,0.502,0.867,128.0,0.374,122.0,102.0,3.0,0.0,0.0,1.0,2.0,*6/HD,MVP-17
Yadiel Hernández*,32.0,WSN,NL,-0.1,12.0,28.0,26.0,3.0,5.0,3.0,0.0,1.0,6.0,0.0,0.0,1.0,12.0,0.192,0.214,0.423,0.637,67.0,0.26,52.0,11.0,0.0,0.0,0.0,1.0,0.0,/DH9,
Yadiel Rivera,28.0,TEX,AL,0.0,4.0,5.0,5.0,0.0,0.0,0.0,0.0,0.0,0.0,1.0,0.0,0.0,1.0,0.0,0.0,0.0,0.0,-100.0,0.227,2.0,0.0,0.0,0.0,0.0,0.0,0.0,/6H34,
Yadier Molina,37.0,STL,NL,0.4,42.0,156.0,145.0,12.0,38.0,2.0,0.0,4.0,16.0,0.0,0.0,6.0,21.0,0.262,0.303,0.359,0.662,83.0,0.291,80.0,52.0,7.0,3.0,1.0,1.0,0.0,*2/3,
Yairo Muñoz,25.0,BOS,AL,0.6,12.0,45.0,45.0,6.0,15.0,5.0,0.0,1.0,4.0,2.0,0.0,0.0,11.0,0.333,0.333,0.511,0.844,121.0,0.369,117.0,23.0,1.0,0.0,0.0,0.0,0.0,/79D,
Yan Gomes,32.0,WSN,NL,0.7,30.0,119.0,109.0,14.0,31.0,6.0,1.0,4.0,13.0,1.0,0.0,6.0,22.0,0.284,0.319,0.468,0.787,110.0,0.351,115.0,51.0,1.0,1.0,0.0,3.0,0.0,2,
Yandy Díaz,28.0,TBR,AL,1.1,34.0,138.0,114.0,16.0,35.0,3.0,0.0,2.0,11.0,0.0,0.0,23.0,17.0,0.307,0.428,0.386,0.814,133.0,0.377,144.0,44.0,6.0,1.0,0.0,0.0,1.0,5/DH3,
Yasmani Grandal#,31.0,CHW,AL,0.9,46.0,194.0,161.0,27.0,37.0,7.0,0.0,8.0,27.0,0.0,0.0,30.0,58.0,0.23,0.351,0.422,0.773,112.0,0.34,111.0,68.0,4.0,1.0,0.0,2.0,0.0,2/D3H,
Yermín Mercedes,27.0,CHW,AL,0.0,1.0,1.0,1.0,0.0,0.0,0.0,0.0,0.0,0.0,0.0,0.0,0.0,0.0,0.0,0.0,0.0,0.0,-100.0,0.0,-125.0,0.0,0.0,0.0,0.0,0.0,0.0,/DH,
Yoenis Céspedes,34.0,NYM,NL,-0.1,8.0,34.0,31.0,3.0,5.0,1.0,0.0,2.0,4.0,0.0,0.0,2.0,15.0,0.161,0.235,0.387,0.622,68.0,0.294,81.0,12.0,1.0,1.0,0.0,0.0,0.0,/D,
Yolmer Sánchez#,28.0,CHW,AL,0.3,11.0,21.0,16.0,7.0,5.0,3.0,0.0,1.0,1.0,0.0,0.0,5.0,5.0,0.313,0.476,0.688,1.164,216.0,0.48,209.0,11.0,1.0,0.0,0.0,0.0,0.0,/5H6D14,
Yordan Alvarez*,23.0,HOU,AL,0.1,2.0,9.0,8.0,2.0,2.0,0.0,0.0,1.0,4.0,0.0,0.0,0.0,1.0,0.25,0.333,0.625,0.958,153.0,0.4,151.0,5.0,1.0,1.0,0.0,0.0,0.0,/D,
Yoshi Tsutsugo*,28.0,TBR,AL,0.2,51.0,185.0,157.0,27.0,31.0,5.0,1.0,8.0,24.0,0.0,0.0,26.0,50.0,0.197,0.314,0.395,0.708,99.0,0.315,100.0,62.0,5.0,1.0,0.0,1.0,1.0,D75/H,
Yoán Moncada#,25.0,CHW,AL,0.6,52.0,231.0,200.0,28.0,45.0,8.0,3.0,6.0,24.0,0.0,0.0,28.0,72.0,0.225,0.32,0.385,0.705,94.0,0.311,91.0,77.0,1.0,1.0,0.0,2.0,0.0,*5/H,
Yu Chang,24.0,CLE,AL,0.1,10.0,13.0,11.0,1.0,2.0,0.0,0.0,0.0,1.0,0.0,0.0,2.0,4.0,0.182,0.308,0.182,0.49,40.0,0.238,39.0,2.0,2.0,0.0,0.0,0.0,0.0,/6H54,
Yuli Gurriel,36.0,HOU,AL,-0.1,57.0,230.0,211.0,27.0,49.0,12.0,1.0,6.0,22.0,0.0,1.0,12.0,27.0,0.232,0.274,0.384,0.658,77.0,0.287,74.0,81.0,6.0,2.0,0.0,5.0,0.0,*3/DH,
Zach McKinstry*,25.0,LAD,NL,0.0,4.0,7.0,7.0,1.0,2.0,1.0,0.0,0.0,0.0,0.0,0.0,0.0,3.0,0.286,0.286,0.429,0.714,90.0,0.292,75.0,3.0,1.0,0.0,0.0,0.0,0.0,/HD49,
Zack Collins*,25.0,CHW,AL,-0.2,9.0,18.0,16.0,1.0,1.0,1.0,0.0,0.0,0.0,0.0,0.0,2.0,5.0,0.063,0.167,0.125,0.292,-17.0,0.146,-24.0,2.0,0.0,0.0,0.0,0.0,0.0,/DH23,
Óscar Hernández,26.0,KCR,AL,0.0,4.0,4.0,4.0,1.0,2.0,0.0,0.0,0.0,0.0,0.0,0.0,0.0,1.0,0.5,0.5,0.5,1.0,173.0,0.449,182.0,2.0,1.0,0.0,0.0,0.0,0.0,/2H,
Óscar Mercado,25.0,CLE,AL,-0.5,36.0,93.0,86.0,6.0,11.0,1.0,0.0,1.0,6.0,3.0,0.0,5.0,27.0,0.128,0.174,0.174,0.348,-4.0,0.177,-10.0,15.0,0.0,0.0,1.0,1.0,0.0,87/HD,
