Player,Age,Team,Lg,WAR,G,PA,AB,R,H,2B,3B,HR,RBI,SB,CS,BB,SO,BA,OBP,SLG,OPS,OPS+,rOBA,Rbat+,TB,GIDP,HBP,SH,SF,IBB,Pos,Awards
A.J. Burnett,37.0,PHI,NL,0.1,30.0,65.0,60.0,5.0,8.0,2.0,0.0,0.0,1.0,0.0,0.0,3.0,23.0,0.133,0.175,0.167,0.341,-4.0,0.175,-16.0,10.0,2.0,0.0,2.0,0.0,0.0,1,
A.J. Ellis,33.0,LAD,NL,0.2,93.0,347.0,283.0,21.0,54.0,9.0,0.0,3.0,25.0,0.0,0.0,53.0,57.0,0.191,0.323,0.254,0.577,68.0,0.28,71.0,72.0,15.0,4.0,3.0,4.0,5.0,2/H,
A.J. Pierzynski*,37.0,2TM,2LG,-0.7,102.0,362.0,338.0,25.0,85.0,12.0,1.0,5.0,37.0,0.0,1.0,14.0,54.0,0.251,0.288,0.337,0.625,75.0,0.28,67.0,114.0,13.0,5.0,1.0,4.0,2.0,2H/D,
A.J. Pierzynski*,37.0,BOS,AL,-0.2,72.0,274.0,256.0,19.0,65.0,10.0,1.0,4.0,31.0,0.0,0.0,9.0,40.0,0.254,0.286,0.348,0.633,76.0,0.284,69.0,89.0,11.0,4.0,1.0,4.0,2.0,2/HD,
A.J. Pierzynski*,37.0,STL,NL,-0.4,30.0,88.0,82.0,6.0,20.0,2.0,0.0,1.0,6.0,0.0,1.0,5.0,14.0,0.244,0.295,0.305,0.6,69.0,0.27,64.0,25.0,2.0,1.0,0.0,0.0,0.0,2/H,
Aaron Altherr,23.0,PHI,NL,0.0,2.0,5.0,5.0,0.0,0.0,0.0,0.0,0.0,0.0,0.0,0.0,0.0,2.0,0.0,0.0,0.0,0.0,-100.0,0.0,-140.0,0.0,0.0,0.0,0.0,0.0,0.0,/7H,
Aaron Barrett,26.0,WSN,NL,0.0,46.0,0.0,0.0,0.0,0.0,0.0,0.0,0.0,0.0,0.0,0.0,0.0,0.0,,,,,,,,0.0,0.0,0.0,0.0,0.0,0.0,1,
Aaron Crow,27.0,KCR,AL,0.0,5.0,0.0,0.0,0.0,0.0,0.0,0.0,0.0,0.0,0.0,0.0,0.0,0.0,,,,,,,,0.0,0.0,0.0,0.0,0.0,0.0,1,
Aaron Harang,36.0,ATL,NL,-0.5,32.0,71.0,61.0,2.0,5.0,0.0,0.0,0.0,1.0,0.0,0.0,1.0,29.0,0.082,0.097,0.082,0.179,-49.0,0.084,-102.0,5.0,2.0,0.0,9.0,0.0,0.0,1,
Aaron Hicks#,24.0,MIN,AL,0.4,69.0,225.0,186.0,22.0,40.0,8.0,0.0,1.0,18.0,4.0,3.0,36.0,56.0,0.215,0.341,0.274,0.615,76.0,0.302,85.0,51.0,2.0,0.0,2.0,1.0,0.0,8/H79D,
Aaron Hill,32.0,ARI,NL,-0.9,133.0,541.0,501.0,52.0,122.0,26.0,3.0,10.0,60.0,4.0,3.0,28.0,92.0,0.244,0.287,0.367,0.654,81.0,0.29,74.0,184.0,16.0,5.0,0.0,7.0,0.0,*4/H5D,
Aaron Loup*,26.0,TOR,AL,0.0,4.0,0.0,0.0,0.0,0.0,0.0,0.0,0.0,0.0,0.0,0.0,0.0,0.0,,,,,,,,0.0,0.0,0.0,0.0,0.0,0.0,1,
Aaron Poreda*,27.0,TEX,AL,0.0,3.0,0.0,0.0,0.0,0.0,0.0,0.0,0.0,0.0,0.0,0.0,0.0,0.0,,,,,,,,0.0,0.0,0.0,0.0,0.0,0.0,1,
Aaron Sanchez,21.0,TOR,AL,0.0,1.0,0.0,0.0,0.0,0.0,0.0,0.0,0.0,0.0,0.0,0.0,0.0,0.0,,,,,,,,0.0,0.0,0.0,0.0,0.0,0.0,1,
Abraham Almonte#,25.0,2TM,2LG,0.7,59.0,220.0,204.0,19.0,47.0,10.0,1.0,3.0,15.0,4.0,3.0,12.0,60.0,0.23,0.275,0.333,0.609,76.0,0.277,75.0,68.0,5.0,1.0,2.0,1.0,0.0,87/HD,
Abraham Almonte#,25.0,SEA,AL,0.0,27.0,113.0,106.0,10.0,21.0,5.0,1.0,1.0,8.0,3.0,1.0,6.0,40.0,0.198,0.248,0.292,0.54,56.0,0.261,59.0,31.0,1.0,1.0,0.0,0.0,0.0,8/DH,
Abraham Almonte#,25.0,SDP,NL,0.7,32.0,107.0,98.0,9.0,26.0,5.0,0.0,2.0,7.0,1.0,2.0,6.0,20.0,0.265,0.305,0.378,0.682,98.0,0.294,91.0,37.0,4.0,0.0,2.0,1.0,0.0,78/H,
Adam Dunn*,34.0,2TM,AL,0.7,131.0,511.0,429.0,49.0,94.0,18.0,0.0,22.0,64.0,1.0,1.0,71.0,159.0,0.219,0.337,0.415,0.752,115.0,0.336,115.0,178.0,5.0,7.0,0.0,4.0,5.0,D3H/791,
Adam Dunn*,34.0,CHW,AL,0.7,106.0,435.0,363.0,43.0,80.0,17.0,0.0,20.0,54.0,1.0,1.0,65.0,132.0,0.22,0.34,0.433,0.773,121.0,0.342,119.0,157.0,5.0,3.0,0.0,4.0,5.0,D3/7H91,
Adam Dunn*,34.0,OAK,AL,0.0,25.0,76.0,66.0,6.0,14.0,1.0,0.0,2.0,10.0,0.0,0.0,6.0,27.0,0.212,0.316,0.318,0.634,83.0,0.306,91.0,21.0,0.0,4.0,0.0,0.0,0.0,D/H,
Adam Duvall,25.0,SFG,NL,-0.4,28.0,77.0,73.0,8.0,14.0,2.0,0.0,3.0,5.0,0.0,0.0,3.0,20.0,0.192,0.234,0.342,0.576,63.0,0.259,57.0,25.0,0.0,1.0,0.0,0.0,0.0,3/H5D,
Adam Eaton*,25.0,CHW,AL,5.2,123.0,538.0,486.0,76.0,146.0,26.0,10.0,1.0,35.0,15.0,9.0,43.0,83.0,0.3,0.362,0.401,0.763,120.0,0.349,125.0,195.0,4.0,5.0,2.0,2.0,0.0,*8,
Adam Jones,28.0,BAL,AL,4.8,159.0,682.0,644.0,88.0,181.0,30.0,2.0,29.0,96.0,7.0,1.0,19.0,133.0,0.281,0.311,0.469,0.78,115.0,0.347,115.0,302.0,11.0,12.0,0.0,7.0,1.0,*8/DH,"AS,MVP-14,GG"
Adam LaRoche*,34.0,WSN,NL,2.4,140.0,586.0,494.0,73.0,128.0,19.0,0.0,26.0,92.0,3.0,0.0,82.0,108.0,0.259,0.362,0.455,0.817,124.0,0.365,127.0,225.0,13.0,2.0,0.0,8.0,9.0,*3/HD,
Adam Lind*,30.0,TOR,AL,2.2,96.0,318.0,290.0,38.0,93.0,24.0,2.0,6.0,40.0,0.0,0.0,28.0,48.0,0.321,0.381,0.479,0.86,143.0,0.385,148.0,139.0,8.0,0.0,0.0,0.0,3.0,3DH,
Adam Moore,30.0,SDP,NL,-0.1,9.0,12.0,10.0,1.0,2.0,1.0,0.0,0.0,1.0,0.0,0.0,2.0,5.0,0.2,0.333,0.3,0.633,86.0,0.262,59.0,3.0,0.0,0.0,0.0,0.0,1.0,/H2,
Adam Ottavino#,28.0,COL,NL,0.0,72.0,0.0,0.0,0.0,0.0,0.0,0.0,0.0,0.0,0.0,0.0,0.0,0.0,,,,,,,,0.0,0.0,0.0,0.0,0.0,0.0,1,
Adam Rosales,31.0,TEX,AL,0.8,56.0,181.0,164.0,20.0,43.0,7.0,0.0,4.0,19.0,4.0,2.0,13.0,42.0,0.262,0.328,0.378,0.706,97.0,0.335,107.0,62.0,5.0,3.0,0.0,0.0,0.0,3/5H4D6,
Adam Wainwright,32.0,STL,NL,0.3,30.0,82.0,72.0,4.0,13.0,3.0,0.0,0.0,6.0,0.0,0.0,3.0,22.0,0.181,0.213,0.222,0.436,23.0,0.197,-3.0,16.0,0.0,0.0,7.0,0.0,0.0,1,"AS,CYA-3,MVP-8"
Adam Warren,26.0,NYY,AL,0.0,6.0,0.0,0.0,0.0,0.0,0.0,0.0,0.0,0.0,0.0,0.0,0.0,0.0,,,,,,,,0.0,0.0,0.0,0.0,0.0,0.0,1,
Addison Reed*,25.0,ARI,NL,0.0,60.0,0.0,0.0,0.0,0.0,0.0,0.0,0.0,0.0,0.0,0.0,0.0,0.0,,,,,,,,0.0,0.0,0.0,0.0,0.0,0.0,1,
Adeiny Hechavarría,25.0,MIA,NL,1.2,146.0,574.0,536.0,53.0,148.0,20.0,10.0,1.0,34.0,7.0,5.0,26.0,86.0,0.276,0.308,0.356,0.664,86.0,0.296,80.0,191.0,21.0,1.0,4.0,6.0,5.0,*6,
Adrian Beltré,35.0,TEX,AL,6.2,148.0,614.0,549.0,79.0,178.0,33.0,1.0,19.0,77.0,1.0,1.0,57.0,74.0,0.324,0.388,0.492,0.879,144.0,0.391,150.0,270.0,15.0,3.0,0.0,5.0,13.0,*5D,"AS,MVP-15,SS"
Adrián González*,32.0,LAD,NL,4.4,159.0,660.0,591.0,83.0,163.0,41.0,0.0,27.0,116.0,1.0,1.0,56.0,112.0,0.276,0.335,0.482,0.817,131.0,0.356,129.0,285.0,13.0,2.0,0.0,11.0,9.0,*3/HD,"MVP-7,GG,SS"
Adrián Nieto#,24.0,CHW,AL,-0.3,48.0,118.0,106.0,8.0,25.0,5.0,0.0,2.0,7.0,0.0,1.0,8.0,38.0,0.236,0.296,0.34,0.635,83.0,0.289,82.0,36.0,3.0,1.0,3.0,0.0,0.0,2/HD,
AJ Pollock,26.0,ARI,NL,3.4,75.0,287.0,265.0,41.0,80.0,19.0,6.0,7.0,24.0,14.0,3.0,19.0,46.0,0.302,0.353,0.498,0.851,134.0,0.397,148.0,132.0,4.0,2.0,1.0,0.0,0.0,8/H7,
AJ Ramos,27.0,MIA,NL,0.0,64.0,0.0,0.0,0.0,0.0,0.0,0.0,0.0,0.0,0.0,0.0,0.0,0.0,,,,,,,,0.0,0.0,0.0,0.0,0.0,0.0,1,
Al Alburquerque,28.0,DET,AL,0.0,5.0,0.0,0.0,0.0,0.0,0.0,0.0,0.0,0.0,0.0,0.0,0.0,0.0,,,,,,,,0.0,0.0,0.0,0.0,0.0,0.0,1,
Albert Pujols,34.0,LAA,AL,3.9,159.0,695.0,633.0,89.0,172.0,37.0,1.0,28.0,105.0,5.0,1.0,48.0,71.0,0.272,0.324,0.466,0.79,126.0,0.354,130.0,295.0,28.0,5.0,0.0,9.0,11.0,*3D/5,MVP-17
Alberto Callaspo#,31.0,OAK,AL,-1.0,127.0,451.0,404.0,37.0,90.0,15.0,0.0,4.0,39.0,0.0,1.0,40.0,50.0,0.223,0.29,0.29,0.58,67.0,0.278,71.0,117.0,18.0,1.0,0.0,6.0,1.0,4D35H,
Alcides Escobar,27.0,KCR,AL,2.7,162.0,620.0,579.0,74.0,165.0,34.0,5.0,3.0,50.0,31.0,6.0,23.0,83.0,0.285,0.317,0.377,0.694,93.0,0.322,91.0,218.0,12.0,6.0,8.0,4.0,1.0,*6,
Alejandro De Aza*,30.0,2TM,AL,1.2,142.0,528.0,477.0,56.0,120.0,24.0,8.0,8.0,41.0,17.0,10.0,39.0,119.0,0.252,0.314,0.386,0.7,100.0,0.313,97.0,184.0,7.0,6.0,3.0,3.0,2.0,*78/H9D,
Alejandro De Aza*,30.0,CHW,AL,0.8,122.0,439.0,395.0,45.0,96.0,19.0,5.0,5.0,31.0,15.0,7.0,33.0,100.0,0.243,0.309,0.354,0.663,91.0,0.302,89.0,140.0,6.0,6.0,2.0,3.0,2.0,*78/H9D,
Alejandro De Aza*,30.0,BAL,AL,0.4,20.0,89.0,82.0,11.0,24.0,5.0,3.0,3.0,10.0,2.0,3.0,6.0,19.0,0.293,0.341,0.537,0.877,142.0,0.366,140.0,44.0,1.0,0.0,1.0,0.0,0.0,7/8,
Alex Avila*,27.0,DET,AL,2.1,124.0,457.0,390.0,44.0,85.0,22.0,0.0,11.0,47.0,0.0,3.0,61.0,151.0,0.218,0.327,0.359,0.686,94.0,0.313,95.0,140.0,6.0,3.0,1.0,2.0,1.0,*2/H3D,
Alex Cobb,26.0,TBR,AL,0.1,4.0,9.0,8.0,0.0,1.0,1.0,0.0,0.0,1.0,0.0,0.0,0.0,2.0,0.125,0.222,0.25,0.472,36.0,0.222,30.0,2.0,0.0,1.0,0.0,0.0,0.0,1,
Alex Gordon*,30.0,KCR,AL,6.1,156.0,643.0,563.0,87.0,150.0,34.0,1.0,19.0,74.0,12.0,3.0,65.0,126.0,0.266,0.351,0.432,0.783,118.0,0.354,119.0,243.0,11.0,11.0,0.0,4.0,5.0,*7,"AS,MVP-12,GG"
Alex Hassan,26.0,BOS,AL,-0.1,3.0,9.0,8.0,1.0,1.0,0.0,0.0,0.0,0.0,0.0,0.0,1.0,5.0,0.125,0.222,0.125,0.347,1.0,0.178,-9.0,1.0,0.0,0.0,0.0,0.0,0.0,/9DH,
Alex Presley*,28.0,HOU,AL,0.2,89.0,271.0,254.0,22.0,62.0,6.0,1.0,6.0,19.0,5.0,1.0,13.0,44.0,0.244,0.281,0.346,0.628,78.0,0.282,69.0,88.0,3.0,1.0,1.0,2.0,0.0,789H/D,
Alex Wilson,27.0,BOS,AL,0.0,2.0,0.0,0.0,0.0,0.0,0.0,0.0,0.0,0.0,0.0,0.0,0.0,0.0,,,,,,,,0.0,0.0,0.0,0.0,0.0,0.0,1,
Alex Wood,23.0,ATL,NL,-0.2,31.0,48.0,41.0,1.0,3.0,0.0,0.0,0.0,2.0,0.0,0.0,2.0,28.0,0.073,0.116,0.073,0.189,-45.0,0.114,-72.0,3.0,0.0,0.0,5.0,0.0,0.0,1,
Alexei Ramírez,32.0,CHW,AL,3.5,158.0,657.0,622.0,82.0,170.0,35.0,2.0,15.0,74.0,21.0,4.0,24.0,81.0,0.273,0.305,0.408,0.713,103.0,0.323,101.0,254.0,21.0,6.0,1.0,4.0,0.0,*6/H,"AS,SS"
Alexi Amarista*,25.0,SDP,NL,1.8,148.0,466.0,423.0,39.0,101.0,13.0,2.0,5.0,40.0,12.0,1.0,29.0,69.0,0.239,0.286,0.314,0.6,75.0,0.286,76.0,133.0,6.0,1.0,8.0,5.0,5.0,6548H/7,
Alexi Casilla#,29.0,BAL,AL,-0.2,1.0,4.0,4.0,0.0,0.0,0.0,0.0,0.0,0.0,0.0,0.0,0.0,1.0,0.0,0.0,0.0,0.0,-100.0,0.0,-143.0,0.0,0.0,0.0,0.0,0.0,0.0,/45,
Alexi Ogando,30.0,TEX,AL,0.0,1.0,0.0,0.0,0.0,0.0,0.0,0.0,0.0,0.0,0.0,0.0,0.0,0.0,,,,,,,,0.0,0.0,0.0,0.0,0.0,0.0,1,
Alfonso Soriano,38.0,NYY,AL,-1.2,67.0,238.0,226.0,22.0,50.0,15.0,0.0,6.0,23.0,1.0,0.0,6.0,71.0,0.221,0.244,0.367,0.611,71.0,0.266,58.0,83.0,3.0,2.0,0.0,4.0,1.0,9D7/H,
Alfredo Aceves,31.0,NYY,AL,0.0,4.0,0.0,0.0,0.0,0.0,0.0,0.0,0.0,0.0,0.0,0.0,0.0,0.0,,,,,,,,0.0,0.0,0.0,0.0,0.0,0.0,1,
Alfredo Fígaro,29.0,MIL,NL,0.0,6.0,1.0,1.0,0.0,0.0,0.0,0.0,0.0,0.0,0.0,0.0,0.0,0.0,0.0,0.0,0.0,0.0,-100.0,0.0,-150.0,0.0,0.0,0.0,0.0,0.0,0.0,/1,
Alfredo Marte,25.0,ARI,NL,-0.8,44.0,114.0,106.0,8.0,18.0,5.0,1.0,2.0,9.0,1.0,0.0,6.0,34.0,0.17,0.221,0.292,0.514,42.0,0.234,29.0,31.0,2.0,1.0,1.0,0.0,0.0,7H/9D,
Alfredo Simón,33.0,CIN,NL,-0.1,30.0,67.0,59.0,2.0,7.0,3.0,0.0,0.0,2.0,0.0,0.0,1.0,21.0,0.119,0.133,0.169,0.303,-15.0,0.134,-58.0,10.0,0.0,0.0,7.0,0.0,0.0,1,AS
Allen Craig,29.0,2TM,2LG,-1.0,126.0,505.0,461.0,41.0,99.0,20.0,1.0,8.0,46.0,2.0,1.0,35.0,113.0,0.215,0.279,0.315,0.594,67.0,0.28,67.0,145.0,14.0,7.0,0.0,2.0,0.0,937/HD,
Allen Craig,29.0,STL,NL,-0.4,97.0,398.0,367.0,34.0,87.0,17.0,1.0,7.0,44.0,1.0,1.0,26.0,77.0,0.237,0.291,0.346,0.638,79.0,0.294,79.0,127.0,11.0,3.0,0.0,2.0,0.0,937/H,
Allen Craig,29.0,BOS,AL,-0.7,29.0,107.0,94.0,7.0,12.0,3.0,0.0,1.0,2.0,1.0,0.0,9.0,36.0,0.128,0.234,0.191,0.425,21.0,0.226,25.0,18.0,3.0,4.0,0.0,0.0,0.0,39/H7D,
Alí Solís,26.0,TBR,AL,-0.3,8.0,7.0,6.0,0.0,0.0,0.0,0.0,0.0,1.0,0.0,0.0,0.0,4.0,0.0,0.0,0.0,0.0,-100.0,0.0,-172.0,0.0,0.0,0.0,1.0,0.0,0.0,/2H,
Andre Ethier*,32.0,LAD,NL,0.0,130.0,380.0,341.0,29.0,85.0,17.0,6.0,4.0,42.0,2.0,2.0,31.0,74.0,0.249,0.322,0.37,0.691,97.0,0.315,99.0,126.0,5.0,6.0,1.0,1.0,3.0,8H79/3D,
Andrelton Simmons,24.0,ATL,NL,2.6,146.0,576.0,540.0,44.0,132.0,18.0,4.0,7.0,46.0,4.0,5.0,32.0,60.0,0.244,0.286,0.331,0.617,75.0,0.282,73.0,179.0,25.0,0.0,2.0,2.0,4.0,*6/H,GG
Andrew Brown,29.0,NYM,NL,-0.1,19.0,49.0,44.0,6.0,8.0,1.0,0.0,2.0,7.0,0.0,0.0,3.0,15.0,0.182,0.245,0.341,0.586,67.0,0.282,75.0,15.0,2.0,1.0,0.0,1.0,0.0,/7H9D,
Andrew Cashner,27.0,SDP,NL,0.3,23.0,42.0,35.0,3.0,6.0,1.0,1.0,0.0,2.0,0.0,0.0,1.0,14.0,0.171,0.194,0.257,0.452,30.0,0.246,43.0,9.0,0.0,0.0,6.0,0.0,0.0,1/H7,
Andrew Chafin,24.0,ARI,NL,0.1,1.0,2.0,2.0,0.0,1.0,0.0,0.0,0.0,1.0,0.0,0.0,0.0,1.0,0.5,0.5,0.5,1.0,180.0,0.454,195.0,1.0,0.0,0.0,0.0,0.0,0.0,/1,
Andrew Heaney*,23.0,MIA,NL,0.0,7.0,9.0,8.0,0.0,1.0,0.0,0.0,0.0,0.0,0.0,0.0,0.0,2.0,0.125,0.125,0.125,0.25,-29.0,0.101,-89.0,1.0,0.0,0.0,1.0,0.0,0.0,/1,
Andrew Lambo*,25.0,PIT,NL,0.1,21.0,39.0,39.0,3.0,10.0,4.0,0.0,0.0,1.0,0.0,0.0,0.0,8.0,0.256,0.256,0.359,0.615,72.0,0.292,77.0,14.0,2.0,0.0,0.0,0.0,0.0,H/93,
Andrew McCutchen,27.0,PIT,NL,6.4,146.0,648.0,548.0,89.0,172.0,38.0,6.0,25.0,83.0,18.0,3.0,84.0,115.0,0.314,0.41,0.542,0.952,166.0,0.423,173.0,297.0,9.0,10.0,0.0,6.0,8.0,*8,"AS,MVP-3,SS"
Andrew Miller*,29.0,2TM,AL,0.0,3.0,0.0,0.0,0.0,0.0,0.0,0.0,0.0,0.0,0.0,0.0,0.0,0.0,,,,,,,,0.0,0.0,0.0,0.0,0.0,0.0,1,
Andrew Miller*,29.0,BOS,AL,0.0,2.0,0.0,0.0,0.0,0.0,0.0,0.0,0.0,0.0,0.0,0.0,0.0,0.0,,,,,,,,0.0,0.0,0.0,0.0,0.0,0.0,1,
Andrew Miller*,29.0,BAL,AL,0.0,1.0,0.0,0.0,0.0,0.0,0.0,0.0,0.0,0.0,0.0,0.0,0.0,0.0,,,,,,,,0.0,0.0,0.0,0.0,0.0,0.0,1,
Andrew Romine#,28.0,DET,AL,0.7,94.0,273.0,251.0,30.0,57.0,6.0,0.0,2.0,12.0,12.0,2.0,18.0,60.0,0.227,0.279,0.275,0.554,58.0,0.28,63.0,69.0,5.0,0.0,4.0,0.0,0.0,64/H1D,
Andrew Susac,24.0,SFG,NL,0.7,35.0,95.0,88.0,13.0,24.0,8.0,0.0,3.0,19.0,0.0,0.0,7.0,28.0,0.273,0.326,0.466,0.792,125.0,0.348,124.0,41.0,0.0,0.0,0.0,0.0,0.0,2/H,
André Rienzo,25.0,CHW,AL,0.0,1.0,0.0,0.0,0.0,0.0,0.0,0.0,0.0,0.0,0.0,0.0,0.0,0.0,,,,,,,,0.0,0.0,0.0,0.0,0.0,0.0,1/H,
Andrés Blanco#,30.0,PHI,NL,0.1,25.0,53.0,47.0,4.0,13.0,5.0,0.0,1.0,3.0,0.0,0.0,2.0,6.0,0.277,0.306,0.447,0.753,108.0,0.342,114.0,21.0,4.0,0.0,4.0,0.0,1.0,5/H64,
Andy Marte,30.0,ARI,NL,-0.1,6.0,16.0,16.0,1.0,3.0,0.0,0.0,1.0,3.0,0.0,0.0,0.0,3.0,0.188,0.188,0.375,0.563,52.0,0.247,41.0,6.0,0.0,0.0,0.0,0.0,0.0,/5H,
Andy Parrino#,28.0,OAK,AL,0.2,21.0,51.0,46.0,4.0,7.0,3.0,0.0,1.0,3.0,0.0,0.0,3.0,14.0,0.152,0.216,0.283,0.498,42.0,0.26,57.0,13.0,1.0,1.0,0.0,1.0,0.0,6/475H,
Andy Wilkins*,25.0,CHW,AL,-0.6,17.0,45.0,43.0,2.0,6.0,2.0,0.0,0.0,2.0,0.0,0.0,2.0,22.0,0.14,0.178,0.186,0.364,5.0,0.166,-12.0,8.0,1.0,0.0,0.0,0.0,0.0,3/DH,
Anthony DeSclafani,24.0,MIA,NL,0.1,13.0,11.0,10.0,1.0,1.0,0.0,0.0,0.0,2.0,0.0,0.0,1.0,3.0,0.1,0.182,0.1,0.282,-18.0,0.228,28.0,1.0,1.0,0.0,0.0,0.0,0.0,1,
Anthony Gose*,23.0,TOR,AL,0.7,94.0,274.0,239.0,31.0,54.0,8.0,1.0,2.0,13.0,15.0,5.0,25.0,74.0,0.226,0.311,0.293,0.604,73.0,0.291,74.0,70.0,9.0,5.0,4.0,1.0,0.0,897H/D,
Anthony Ranaudo,24.0,BOS,AL,-0.1,2.0,5.0,5.0,0.0,0.0,0.0,0.0,0.0,0.0,0.0,0.0,0.0,3.0,0.0,0.0,0.0,0.0,-100.0,0.0,-142.0,0.0,0.0,0.0,0.0,0.0,0.0,/1,
Anthony Recker,30.0,NYM,NL,1.0,58.0,189.0,174.0,18.0,35.0,9.0,0.0,7.0,27.0,1.0,1.0,10.0,64.0,0.201,0.246,0.374,0.62,76.0,0.277,72.0,65.0,2.0,1.0,2.0,2.0,0.0,2/H,
Anthony Rendon,24.0,WSN,NL,6.5,153.0,683.0,613.0,111.0,176.0,39.0,6.0,21.0,83.0,17.0,3.0,58.0,104.0,0.287,0.351,0.473,0.824,126.0,0.369,127.0,290.0,11.0,5.0,2.0,5.0,2.0,*54/H,"MVP-5,SS"
Anthony Rizzo*,24.0,CHC,NL,5.6,140.0,616.0,524.0,89.0,150.0,28.0,1.0,32.0,78.0,5.0,4.0,73.0,116.0,0.286,0.386,0.527,0.913,152.0,0.402,158.0,276.0,8.0,15.0,0.0,4.0,7.0,*3,"AS,MVP-10"
Anthony Swarzak,28.0,MIN,AL,0.0,3.0,0.0,0.0,0.0,0.0,0.0,0.0,0.0,0.0,0.0,0.0,0.0,0.0,,,,,,,,0.0,0.0,0.0,0.0,0.0,0.0,1,
Anthony Varvaro,29.0,ATL,NL,0.0,58.0,0.0,0.0,0.0,0.0,0.0,0.0,0.0,0.0,0.0,0.0,0.0,0.0,,,,,,,,0.0,0.0,0.0,0.0,0.0,0.0,1,
Antoan Richardson#,30.0,NYY,AL,0.1,13.0,17.0,16.0,2.0,5.0,0.0,0.0,0.0,1.0,5.0,0.0,1.0,3.0,0.313,0.353,0.313,0.665,91.0,0.372,83.0,5.0,0.0,0.0,0.0,0.0,0.0,/H98D,
Antonio Bastardo,28.0,PHI,NL,0.1,62.0,1.0,0.0,0.0,0.0,0.0,0.0,0.0,0.0,0.0,0.0,1.0,0.0,,1.0,,,,0.69,380.0,0.0,0.0,0.0,0.0,0.0,0.0,1,
Aníbal Sánchez,30.0,DET,AL,0.1,2.0,5.0,5.0,0.0,1.0,1.0,0.0,0.0,1.0,0.0,0.0,0.0,3.0,0.2,0.2,0.4,0.6,65.0,0.255,51.0,2.0,0.0,0.0,0.0,0.0,0.0,1,
Aramis Ramírez,36.0,MIL,NL,1.0,133.0,531.0,494.0,47.0,141.0,23.0,1.0,15.0,66.0,3.0,0.0,21.0,75.0,0.285,0.33,0.427,0.757,108.0,0.34,108.0,211.0,18.0,13.0,0.0,3.0,2.0,*5/DH,AS
Arismendy Alcántara#,22.0,CHC,NL,0.6,70.0,300.0,278.0,31.0,57.0,11.0,2.0,10.0,29.0,8.0,5.0,17.0,93.0,0.205,0.254,0.367,0.621,71.0,0.271,60.0,102.0,3.0,2.0,1.0,2.0,0.0,84/H,
Arodys Vizcaíno,23.0,CHC,NL,0.0,4.0,0.0,0.0,0.0,0.0,0.0,0.0,0.0,0.0,0.0,0.0,0.0,0.0,,,,,,,,0.0,0.0,0.0,0.0,0.0,0.0,/1,
Aroldis Chapman*,26.0,CIN,NL,0.0,53.0,0.0,0.0,0.0,0.0,0.0,0.0,0.0,0.0,0.0,0.0,0.0,0.0,,,,,,,,0.0,0.0,0.0,0.0,0.0,0.0,1,AS
Arquimedes Caminero,27.0,MIA,NL,0.0,6.0,0.0,0.0,0.0,0.0,0.0,0.0,0.0,0.0,0.0,0.0,0.0,0.0,,,,,,,,0.0,0.0,0.0,0.0,0.0,0.0,/1,
Asdrúbal Cabrera#,28.0,2TM,2LG,1.7,146.0,616.0,553.0,74.0,133.0,31.0,4.0,14.0,61.0,10.0,2.0,49.0,108.0,0.241,0.307,0.387,0.694,93.0,0.321,95.0,214.0,15.0,7.0,1.0,6.0,2.0,64/HD,
Asdrúbal Cabrera#,28.0,CLE,AL,1.3,97.0,416.0,378.0,54.0,93.0,22.0,2.0,9.0,40.0,7.0,2.0,27.0,79.0,0.246,0.305,0.386,0.692,93.0,0.316,92.0,146.0,11.0,7.0,0.0,4.0,1.0,6/DH,
Asdrúbal Cabrera#,28.0,WSN,NL,0.4,49.0,200.0,175.0,20.0,40.0,9.0,2.0,5.0,21.0,3.0,0.0,22.0,29.0,0.229,0.312,0.389,0.7,92.0,0.332,100.0,68.0,4.0,0.0,1.0,2.0,1.0,4/6H,
Audry Pérez,25.0,STL,NL,0.0,1.0,1.0,0.0,0.0,0.0,0.0,0.0,0.0,0.0,0.0,0.0,1.0,0.0,,1.0,,,,0.69,380.0,0.0,0.0,0.0,0.0,0.0,0.0,/H,
Austin Jackson,27.0,2TM,AL,1.5,154.0,656.0,597.0,71.0,153.0,30.0,6.0,4.0,47.0,20.0,6.0,47.0,144.0,0.256,0.308,0.347,0.655,87.0,0.301,85.0,207.0,15.0,2.0,1.0,9.0,0.0,*8/H,
Austin Jackson,27.0,DET,AL,1.5,100.0,420.0,374.0,52.0,102.0,25.0,5.0,4.0,33.0,9.0,4.0,35.0,85.0,0.273,0.332,0.398,0.73,106.0,0.332,107.0,149.0,9.0,2.0,1.0,8.0,0.0,8/H,
Austin Jackson,27.0,SEA,AL,0.0,54.0,236.0,223.0,19.0,51.0,5.0,1.0,0.0,14.0,11.0,2.0,12.0,59.0,0.229,0.267,0.26,0.527,54.0,0.247,45.0,58.0,6.0,0.0,0.0,1.0,0.0,8,
Austin Romine,25.0,NYY,AL,-0.1,7.0,13.0,13.0,2.0,3.0,1.0,0.0,0.0,1.0,0.0,0.0,0.0,4.0,0.231,0.231,0.308,0.538,52.0,0.238,38.0,4.0,0.0,0.0,0.0,0.0,0.0,/2HD3,
Avisaíl García,23.0,CHW,AL,-0.1,46.0,190.0,172.0,19.0,42.0,8.0,0.0,7.0,29.0,4.0,1.0,14.0,44.0,0.244,0.305,0.413,0.718,105.0,0.321,102.0,71.0,5.0,2.0,0.0,2.0,1.0,9,
B.J. Rosenberg,28.0,PHI,NL,0.0,11.0,0.0,0.0,0.0,0.0,0.0,0.0,0.0,0.0,0.0,0.0,0.0,0.0,,,,,,,,0.0,0.0,0.0,0.0,0.0,0.0,1,
B.J. Upton,29.0,ATL,NL,-0.1,141.0,582.0,519.0,67.0,108.0,19.0,5.0,12.0,35.0,20.0,7.0,57.0,173.0,0.208,0.287,0.333,0.62,75.0,0.287,72.0,173.0,6.0,1.0,3.0,2.0,5.0,*8/H,
Bartolo Colon,41.0,NYM,NL,-0.6,28.0,69.0,62.0,3.0,2.0,1.0,0.0,0.0,0.0,0.0,0.0,0.0,33.0,0.032,0.032,0.048,0.081,-77.0,0.05,-120.0,3.0,0.0,0.0,7.0,0.0,0.0,1,
Ben Paulsen*,26.0,COL,NL,0.6,31.0,66.0,63.0,8.0,20.0,4.0,0.0,4.0,10.0,0.0,0.0,2.0,19.0,0.317,0.348,0.571,0.92,138.0,0.396,141.0,36.0,1.0,1.0,0.0,0.0,1.0,3H/9,
Ben Revere*,26.0,PHI,NL,1.1,151.0,626.0,601.0,71.0,184.0,13.0,7.0,2.0,28.0,49.0,8.0,13.0,49.0,0.306,0.325,0.361,0.686,92.0,0.329,92.0,217.0,11.0,4.0,7.0,1.0,1.0,*8H,
Ben Zobrist#,33.0,TBR,AL,4.4,146.0,654.0,570.0,83.0,155.0,34.0,3.0,10.0,52.0,10.0,5.0,75.0,84.0,0.272,0.354,0.395,0.749,116.0,0.339,117.0,225.0,8.0,1.0,2.0,6.0,4.0,4769/D8H,
Billy Buckner,30.0,SDP,NL,0.0,1.0,1.0,1.0,0.0,0.0,0.0,0.0,0.0,0.0,0.0,0.0,0.0,0.0,0.0,0.0,0.0,0.0,-100.0,0.0,-140.0,0.0,0.0,0.0,0.0,0.0,0.0,/1,
Billy Burns#,24.0,OAK,AL,-0.1,13.0,6.0,6.0,4.0,1.0,0.0,0.0,0.0,0.0,3.0,1.0,0.0,0.0,0.167,0.167,0.167,0.333,-4.0,0.198,-20.0,1.0,0.0,0.0,0.0,0.0,0.0,H/D8,
Billy Butler,28.0,KCR,AL,-0.1,151.0,603.0,549.0,57.0,149.0,32.0,0.0,9.0,66.0,0.0,0.0,41.0,96.0,0.271,0.323,0.379,0.702,96.0,0.316,93.0,208.0,21.0,5.0,0.0,8.0,3.0,D3/H,
Billy Hamilton,23.0,CIN,NL,2.5,152.0,611.0,563.0,72.0,141.0,25.0,8.0,6.0,48.0,56.0,23.0,34.0,117.0,0.25,0.292,0.355,0.648,81.0,0.298,77.0,200.0,1.0,1.0,9.0,4.0,0.0,*8H/D,ROY-2
Blaine Boyer,32.0,SDP,NL,0.0,30.0,0.0,0.0,0.0,0.0,0.0,0.0,0.0,0.0,0.0,0.0,0.0,0.0,,,,,,,,0.0,0.0,0.0,0.0,0.0,0.0,1,
Blaine Hardy*,27.0,DET,AL,0.0,1.0,0.0,0.0,0.0,0.0,0.0,0.0,0.0,0.0,0.0,0.0,0.0,0.0,,,,,,,,0.0,0.0,0.0,0.0,0.0,0.0,1,
Blake Parker,29.0,CHC,NL,0.0,17.0,0.0,0.0,0.0,0.0,0.0,0.0,0.0,0.0,0.0,0.0,0.0,0.0,,,,,,,,0.0,0.0,0.0,0.0,0.0,0.0,1,
Blake Treinen,26.0,WSN,NL,0.0,15.0,15.0,12.0,0.0,1.0,0.0,0.0,0.0,0.0,0.0,0.0,1.0,8.0,0.083,0.154,0.083,0.237,-32.0,0.123,-78.0,1.0,0.0,0.0,2.0,0.0,0.0,1,
Bo Schultz,28.0,ARI,NL,0.0,4.0,1.0,1.0,0.0,0.0,0.0,0.0,0.0,0.0,0.0,0.0,0.0,0.0,0.0,0.0,0.0,0.0,-100.0,0.0,-150.0,0.0,0.0,0.0,0.0,0.0,0.0,/1,
Bobby Abreu*,40.0,NYM,NL,-0.5,78.0,155.0,133.0,12.0,33.0,9.0,0.0,1.0,14.0,1.0,0.0,20.0,21.0,0.248,0.342,0.338,0.68,97.0,0.318,101.0,45.0,3.0,0.0,0.0,2.0,0.0,H9/7D,
Bobby LaFromboise*,28.0,PIT,NL,0.0,6.0,0.0,0.0,0.0,0.0,0.0,0.0,0.0,0.0,0.0,0.0,0.0,0.0,,,,,,,,0.0,0.0,0.0,0.0,0.0,0.0,/1,
Bobby Parnell,29.0,NYM,NL,0.0,1.0,0.0,0.0,0.0,0.0,0.0,0.0,0.0,0.0,0.0,0.0,0.0,0.0,,,,,,,,0.0,0.0,0.0,0.0,0.0,0.0,/1,
Bobby Wilson,31.0,ARI,NL,0.0,2.0,4.0,4.0,0.0,1.0,0.0,0.0,0.0,0.0,0.0,0.0,0.0,0.0,0.25,0.25,0.25,0.5,40.0,0.227,27.0,1.0,0.0,0.0,0.0,0.0,0.0,/2,
Boone Logan,29.0,COL,NL,0.0,32.0,0.0,0.0,0.0,0.0,0.0,0.0,0.0,0.0,0.0,0.0,0.0,0.0,,,,,,,,0.0,0.0,0.0,0.0,0.0,0.0,1,
Brad Boxberger,26.0,TBR,AL,0.0,7.0,1.0,1.0,0.0,0.0,0.0,0.0,0.0,0.0,0.0,0.0,0.0,0.0,0.0,0.0,0.0,0.0,-100.0,0.0,-127.0,0.0,0.0,0.0,0.0,0.0,0.0,1,
Brad Brach,28.0,BAL,AL,0.0,6.0,2.0,1.0,0.0,0.0,0.0,0.0,0.0,0.0,0.0,0.0,0.0,0.0,0.0,0.0,0.0,0.0,-100.0,0.0,-364.0,0.0,0.0,0.0,1.0,0.0,0.0,1,
Brad Glenn,27.0,TOR,AL,-0.4,6.0,16.0,15.0,0.0,1.0,0.0,0.0,0.0,0.0,0.0,0.0,1.0,5.0,0.067,0.125,0.067,0.192,-43.0,0.094,-68.0,1.0,0.0,0.0,0.0,0.0,0.0,/9DH,
Brad Hand*,24.0,MIA,NL,-0.3,31.0,31.0,27.0,0.0,1.0,0.0,0.0,0.0,1.0,0.0,0.0,0.0,7.0,0.037,0.037,0.037,0.074,-79.0,0.034,-149.0,1.0,0.0,0.0,4.0,0.0,0.0,1,
Brad Lincoln*,29.0,PHI,NL,0.0,2.0,0.0,0.0,0.0,0.0,0.0,0.0,0.0,0.0,0.0,0.0,0.0,0.0,,,,,,,,0.0,0.0,0.0,0.0,0.0,0.0,/1,
Brad Miller*,24.0,SEA,AL,1.3,123.0,411.0,367.0,47.0,81.0,15.0,4.0,10.0,36.0,4.0,2.0,34.0,95.0,0.221,0.288,0.365,0.653,88.0,0.305,93.0,134.0,2.0,2.0,3.0,3.0,2.0,64/H5D,
Brad Mills,29.0,OAK,AL,-0.1,1.0,3.0,3.0,0.0,0.0,0.0,0.0,0.0,0.0,0.0,0.0,0.0,1.0,0.0,0.0,0.0,0.0,-100.0,0.0,-134.0,0.0,1.0,0.0,0.0,0.0,0.0,/1,
Brad Peacock,26.0,HOU,AL,-0.1,3.0,5.0,5.0,0.0,0.0,0.0,0.0,0.0,0.0,0.0,0.0,0.0,5.0,0.0,0.0,0.0,0.0,-100.0,0.0,-138.0,0.0,0.0,0.0,0.0,0.0,0.0,1,
Brad Penny,36.0,MIA,NL,0.2,8.0,8.0,6.0,1.0,2.0,1.0,0.0,0.0,0.0,0.0,0.0,0.0,3.0,0.333,0.333,0.5,0.833,131.0,0.365,142.0,3.0,0.0,0.0,2.0,0.0,0.0,/1,
Brad Snyder*,32.0,TEX,AL,0.0,10.0,34.0,30.0,3.0,5.0,1.0,0.0,2.0,3.0,0.0,0.0,4.0,10.0,0.167,0.265,0.4,0.665,83.0,0.296,78.0,12.0,1.0,0.0,0.0,0.0,0.0,3/H,
Brad Ziegler,34.0,ARI,NL,0.0,64.0,1.0,1.0,0.0,0.0,0.0,0.0,0.0,0.0,0.0,0.0,0.0,1.0,0.0,0.0,0.0,0.0,-100.0,0.0,-150.0,0.0,0.0,0.0,0.0,0.0,0.0,1,
Bradin Hagens,25.0,ARI,NL,0.0,2.0,0.0,0.0,0.0,0.0,0.0,0.0,0.0,0.0,0.0,0.0,0.0,0.0,,,,,,,,0.0,0.0,0.0,0.0,0.0,0.0,/1,
Brandon Barnes,28.0,COL,NL,0.4,132.0,313.0,292.0,37.0,75.0,17.0,4.0,8.0,27.0,5.0,4.0,15.0,100.0,0.257,0.293,0.425,0.718,87.0,0.321,86.0,124.0,11.0,0.0,6.0,0.0,0.0,H97/8D,
Brandon Belt*,26.0,SFG,NL,1.0,61.0,235.0,214.0,30.0,52.0,8.0,0.0,12.0,27.0,3.0,1.0,18.0,64.0,0.243,0.306,0.449,0.755,114.0,0.336,114.0,96.0,4.0,2.0,0.0,1.0,2.0,3/H9,
Brandon Crawford*,27.0,SFG,NL,3.4,153.0,564.0,491.0,54.0,121.0,20.0,10.0,10.0,69.0,5.0,3.0,59.0,129.0,0.246,0.324,0.389,0.713,104.0,0.311,96.0,191.0,4.0,2.0,2.0,10.0,10.0,*6/H,
Brandon Cumpton,25.0,PIT,NL,0.0,14.0,20.0,17.0,1.0,2.0,0.0,0.0,0.0,1.0,0.0,0.0,1.0,7.0,0.118,0.167,0.118,0.284,-18.0,0.134,-57.0,2.0,0.0,0.0,2.0,0.0,0.0,1,
Brandon Gomes,29.0,TBR,AL,0.0,1.0,0.0,0.0,0.0,0.0,0.0,0.0,0.0,0.0,0.0,0.0,0.0,0.0,,,,,,,,0.0,0.0,0.0,0.0,0.0,0.0,1,
Brandon Guyer,28.0,TBR,AL,1.7,97.0,294.0,259.0,37.0,69.0,15.0,1.0,3.0,26.0,6.0,1.0,16.0,52.0,0.266,0.334,0.367,0.701,102.0,0.327,105.0,95.0,3.0,11.0,7.0,1.0,0.0,7H8/D9,
Brandon Hicks,28.0,SFG,NL,0.6,71.0,242.0,204.0,27.0,33.0,6.0,1.0,8.0,22.0,0.0,1.0,32.0,77.0,0.162,0.28,0.319,0.599,72.0,0.276,71.0,65.0,5.0,2.0,3.0,1.0,3.0,4/H37,
Brandon Kintzler,29.0,MIL,NL,0.0,60.0,0.0,0.0,0.0,0.0,0.0,0.0,0.0,0.0,0.0,0.0,0.0,0.0,,,,,,,,0.0,0.0,0.0,0.0,0.0,0.0,1,
Brandon League,31.0,LAD,NL,0.0,59.0,2.0,2.0,0.0,0.0,0.0,0.0,0.0,0.0,0.0,0.0,0.0,1.0,0.0,0.0,0.0,0.0,-100.0,0.0,-133.0,0.0,0.0,0.0,0.0,0.0,0.0,1,
Brandon Maurer,23.0,SEA,AL,0.0,2.0,2.0,1.0,0.0,0.0,0.0,0.0,0.0,0.0,0.0,0.0,0.0,0.0,0.0,0.0,0.0,0.0,-100.0,0.0,-345.0,0.0,0.0,0.0,1.0,0.0,0.0,1,
Brandon McCarthy,30.0,ARI,NL,0.1,16.0,32.0,29.0,0.0,4.0,0.0,0.0,0.0,3.0,0.0,0.0,0.0,11.0,0.138,0.138,0.138,0.276,-23.0,0.157,-40.0,4.0,0.0,0.0,3.0,0.0,0.0,1,
Brandon Morrow,29.0,TOR,AL,0.0,1.0,2.0,2.0,0.0,0.0,0.0,0.0,0.0,0.0,0.0,0.0,0.0,2.0,0.0,0.0,0.0,0.0,-100.0,0.0,-138.0,0.0,0.0,0.0,0.0,0.0,0.0,1,
Brandon Moss*,30.0,OAK,AL,2.1,147.0,580.0,500.0,70.0,117.0,23.0,2.0,25.0,81.0,1.0,0.0,67.0,153.0,0.234,0.334,0.438,0.772,120.0,0.341,117.0,219.0,6.0,10.0,0.0,3.0,7.0,379DH,AS
Brandon Phillips,33.0,CIN,NL,1.0,121.0,499.0,462.0,44.0,123.0,25.0,0.0,8.0,51.0,2.0,3.0,23.0,74.0,0.266,0.306,0.372,0.678,90.0,0.309,90.0,172.0,13.0,6.0,2.0,6.0,1.0,*4,
Brandon Workman,25.0,BOS,AL,-0.1,2.0,4.0,3.0,0.0,0.0,0.0,0.0,0.0,0.0,0.0,0.0,0.0,3.0,0.0,0.0,0.0,0.0,-100.0,0.0,-219.0,0.0,0.0,0.0,1.0,0.0,0.0,1,
Brayan Peña#,32.0,CIN,NL,-0.2,115.0,372.0,348.0,23.0,88.0,18.0,1.0,5.0,26.0,2.0,3.0,20.0,42.0,0.253,0.291,0.353,0.645,80.0,0.293,79.0,123.0,8.0,0.0,1.0,3.0,2.0,32H/D,
Brendan Ryan,32.0,NYY,AL,-0.7,49.0,124.0,114.0,5.0,19.0,4.0,0.0,0.0,8.0,0.0,2.0,4.0,30.0,0.167,0.211,0.202,0.413,18.0,0.18,1.0,23.0,2.0,3.0,1.0,2.0,0.0,64/H35D,
Brennan Boesch*,29.0,LAA,AL,-0.5,27.0,79.0,75.0,6.0,14.0,2.0,0.0,2.0,7.0,3.0,0.0,2.0,19.0,0.187,0.203,0.293,0.496,42.0,0.23,30.0,22.0,0.0,0.0,0.0,2.0,1.0,D/9H78,
Brent Morel,27.0,PIT,NL,-0.2,23.0,41.0,39.0,1.0,7.0,2.0,0.0,0.0,4.0,0.0,0.0,2.0,9.0,0.179,0.22,0.231,0.45,27.0,0.215,18.0,9.0,1.0,0.0,0.0,0.0,1.0,5H/3,
Brett Anderson*,26.0,COL,NL,0.0,8.0,15.0,14.0,0.0,2.0,2.0,0.0,0.0,1.0,0.0,0.0,0.0,7.0,0.143,0.143,0.286,0.429,10.0,0.183,-28.0,4.0,0.0,0.0,1.0,0.0,0.0,/1,
Brett Bochy,26.0,SFG,NL,0.0,3.0,0.0,0.0,0.0,0.0,0.0,0.0,0.0,0.0,0.0,0.0,0.0,0.0,,,,,,,,0.0,0.0,0.0,0.0,0.0,0.0,/1,
Brett Cecil,27.0,TOR,AL,0.0,5.0,0.0,0.0,0.0,0.0,0.0,0.0,0.0,0.0,0.0,0.0,0.0,0.0,,,,,,,,0.0,0.0,0.0,0.0,0.0,0.0,1,
Brett Gardner*,30.0,NYY,AL,3.8,148.0,636.0,555.0,87.0,142.0,25.0,8.0,17.0,58.0,21.0,5.0,56.0,134.0,0.256,0.327,0.422,0.749,111.0,0.34,111.0,234.0,3.0,6.0,13.0,6.0,0.0,*78/H9D,
Brett Hayes,30.0,KCR,AL,-0.8,27.0,53.0,52.0,3.0,7.0,1.0,0.0,1.0,2.0,0.0,0.0,1.0,12.0,0.135,0.151,0.212,0.362,0.0,0.159,-24.0,11.0,1.0,0.0,0.0,0.0,0.0,2/H,
Brett Jackson*,25.0,ARI,NL,-0.1,7.0,5.0,4.0,0.0,0.0,0.0,0.0,0.0,0.0,0.0,0.0,1.0,1.0,0.0,0.2,0.0,0.2,-38.0,0.138,-38.0,0.0,0.0,0.0,0.0,0.0,0.0,/H98,
Brett Lawrie,24.0,TOR,AL,2.3,70.0,282.0,259.0,27.0,64.0,9.0,0.0,12.0,38.0,0.0,0.0,16.0,49.0,0.247,0.301,0.421,0.722,103.0,0.319,99.0,109.0,0.0,5.0,0.0,2.0,0.0,54,
Brian Dozier,27.0,MIN,AL,5.5,156.0,707.0,598.0,112.0,145.0,33.0,1.0,23.0,71.0,21.0,7.0,89.0,129.0,0.242,0.345,0.416,0.762,114.0,0.35,118.0,249.0,8.0,9.0,3.0,8.0,1.0,*4,
Brian Duensing*,31.0,MIN,AL,0.0,4.0,0.0,0.0,0.0,0.0,0.0,0.0,0.0,0.0,0.0,0.0,0.0,0.0,,,,,,,,0.0,0.0,0.0,0.0,0.0,0.0,1,
Brian Flynn*,24.0,MIA,NL,0.0,2.0,2.0,2.0,0.0,0.0,0.0,0.0,0.0,0.0,0.0,0.0,0.0,0.0,0.0,0.0,0.0,0.0,-100.0,0.0,-138.0,0.0,0.0,0.0,0.0,0.0,0.0,/1,
Brian Matusz*,27.0,BAL,AL,0.0,5.0,0.0,0.0,0.0,0.0,0.0,0.0,0.0,0.0,0.0,0.0,0.0,0.0,,,,,,,,0.0,0.0,0.0,0.0,0.0,0.0,1,
Brian McCann*,30.0,NYY,AL,2.1,140.0,538.0,495.0,57.0,115.0,15.0,1.0,23.0,75.0,0.0,0.0,32.0,77.0,0.232,0.286,0.406,0.692,94.0,0.316,96.0,201.0,16.0,7.0,0.0,4.0,1.0,23HD,
Brian Roberts#,36.0,NYY,AL,0.7,91.0,348.0,317.0,40.0,75.0,16.0,4.0,5.0,21.0,7.0,4.0,28.0,53.0,0.237,0.3,0.36,0.659,87.0,0.304,88.0,114.0,9.0,1.0,1.0,1.0,1.0,4/H,
Brian Schlitter,28.0,CHC,NL,0.1,57.0,1.0,1.0,0.0,1.0,0.0,0.0,0.0,0.0,0.0,0.0,0.0,0.0,1.0,1.0,1.0,2.0,460.0,0.909,550.0,1.0,0.0,0.0,0.0,0.0,0.0,1,
Brian Wilson,32.0,LAD,NL,0.0,58.0,0.0,0.0,0.0,0.0,0.0,0.0,0.0,0.0,0.0,0.0,0.0,0.0,,,,,,,,0.0,0.0,0.0,0.0,0.0,0.0,1,
Brock Holt*,26.0,BOS,AL,2.1,106.0,492.0,449.0,68.0,126.0,23.0,5.0,4.0,29.0,12.0,2.0,33.0,98.0,0.281,0.331,0.381,0.711,99.0,0.326,97.0,171.0,7.0,2.0,5.0,3.0,0.0,59648/37H,ROY-8
Bronson Arroyo,37.0,ARI,NL,0.1,15.0,31.0,27.0,5.0,6.0,0.0,0.0,0.0,0.0,0.0,0.0,0.0,12.0,0.222,0.222,0.222,0.444,25.0,0.202,-7.0,6.0,0.0,0.0,4.0,0.0,0.0,1/H,
Brooks Brown*,29.0,COL,NL,0.0,28.0,1.0,1.0,0.0,0.0,0.0,0.0,0.0,0.0,0.0,0.0,0.0,1.0,0.0,0.0,0.0,0.0,-100.0,0.0,-160.0,0.0,0.0,0.0,0.0,0.0,0.0,1,
Brooks Conrad#,34.0,SDP,NL,-0.5,13.0,34.0,30.0,2.0,3.0,1.0,0.0,1.0,2.0,0.0,0.0,3.0,14.0,0.1,0.176,0.233,0.41,18.0,0.188,7.0,7.0,0.0,0.0,0.0,1.0,0.0,4/H,
Bryan Anderson*,27.0,OAK,AL,-0.1,1.0,1.0,1.0,0.0,0.0,0.0,0.0,0.0,0.0,0.0,0.0,0.0,0.0,0.0,0.0,0.0,0.0,-100.0,0.0,-127.0,0.0,1.0,0.0,0.0,0.0,0.0,/H,
Bryan Holaday,26.0,DET,AL,-0.5,62.0,171.0,156.0,14.0,36.0,5.0,1.0,0.0,15.0,1.0,1.0,8.0,37.0,0.231,0.266,0.276,0.542,54.0,0.244,42.0,43.0,4.0,1.0,2.0,4.0,0.0,2/HD,
Bryan Morris*,27.0,2TM,NL,0.0,54.0,1.0,1.0,0.0,0.0,0.0,0.0,0.0,0.0,0.0,0.0,0.0,1.0,0.0,0.0,0.0,0.0,-100.0,0.0,-150.0,0.0,0.0,0.0,0.0,0.0,0.0,1,
Bryan Morris*,27.0,PIT,NL,0.0,19.0,1.0,1.0,0.0,0.0,0.0,0.0,0.0,0.0,0.0,0.0,0.0,1.0,0.0,0.0,0.0,0.0,-100.0,0.0,-150.0,0.0,0.0,0.0,0.0,0.0,0.0,1,
Bryan Morris*,27.0,MIA,NL,0.0,35.0,0.0,0.0,0.0,0.0,0.0,0.0,0.0,0.0,0.0,0.0,0.0,0.0,,,,,,,,0.0,0.0,0.0,0.0,0.0,0.0,1,
Bryan Shaw#,26.0,CLE,AL,0.0,4.0,0.0,0.0,0.0,0.0,0.0,0.0,0.0,0.0,0.0,0.0,0.0,0.0,,,,,,,,0.0,0.0,0.0,0.0,0.0,0.0,1,
Bryce Brentz,25.0,BOS,AL,0.2,9.0,26.0,26.0,5.0,8.0,2.0,0.0,0.0,2.0,0.0,0.0,0.0,9.0,0.308,0.308,0.385,0.692,92.0,0.343,112.0,10.0,0.0,0.0,0.0,0.0,0.0,/79H,
Bryce Harper*,21.0,WSN,NL,1.0,100.0,395.0,352.0,41.0,96.0,10.0,2.0,13.0,32.0,2.0,2.0,38.0,104.0,0.273,0.344,0.423,0.768,111.0,0.346,114.0,149.0,6.0,1.0,3.0,1.0,4.0,79/8H,
Bud Norris,29.0,BAL,AL,0.0,3.0,4.0,3.0,0.0,1.0,0.0,0.0,0.0,1.0,0.0,0.0,0.0,1.0,0.333,0.333,0.333,0.667,88.0,0.269,44.0,1.0,0.0,0.0,1.0,0.0,0.0,1/H,
Buddy Carlyle*,36.0,NYM,NL,0.1,27.0,1.0,1.0,0.0,1.0,0.0,0.0,0.0,0.0,0.0,0.0,0.0,0.0,1.0,1.0,1.0,2.0,480.0,0.909,560.0,1.0,0.0,0.0,0.0,0.0,0.0,1,
Burke Badenhop,31.0,BOS,AL,0.0,6.0,0.0,0.0,0.0,0.0,0.0,0.0,0.0,0.0,0.0,0.0,0.0,0.0,,,,,,,,0.0,0.0,0.0,0.0,0.0,0.0,1,
Buster Posey,27.0,SFG,NL,5.1,147.0,605.0,547.0,72.0,170.0,28.0,2.0,22.0,89.0,0.0,1.0,47.0,69.0,0.311,0.364,0.49,0.854,143.0,0.379,148.0,268.0,16.0,3.0,0.0,8.0,5.0,*23/HD,"MVP-6,SS"
C.C. Lee,27.0,CLE,AL,0.0,3.0,0.0,0.0,0.0,0.0,0.0,0.0,0.0,0.0,0.0,0.0,0.0,0.0,,,,,,,,0.0,0.0,0.0,0.0,0.0,0.0,1,
C.J. Cron,24.0,LAA,AL,-0.1,79.0,253.0,242.0,28.0,62.0,12.0,1.0,11.0,37.0,0.0,0.0,10.0,61.0,0.256,0.289,0.45,0.739,111.0,0.327,110.0,109.0,10.0,1.0,0.0,0.0,0.0,D3H,
C.J. Wilson*,33.0,LAA,AL,0.0,2.0,3.0,2.0,1.0,0.0,0.0,0.0,0.0,0.0,0.0,0.0,1.0,2.0,0.0,0.333,0.0,0.333,8.0,0.232,41.0,0.0,0.0,0.0,0.0,0.0,0.0,1/H,
Caleb Gindl*,25.0,MIL,NL,-0.3,8.0,23.0,19.0,0.0,3.0,0.0,0.0,0.0,0.0,0.0,0.0,4.0,5.0,0.158,0.304,0.158,0.462,33.0,0.234,30.0,3.0,0.0,0.0,0.0,0.0,0.0,/9H,
Caleb Joseph,28.0,BAL,AL,1.4,82.0,275.0,246.0,22.0,51.0,9.0,0.0,9.0,28.0,0.0,1.0,17.0,69.0,0.207,0.264,0.354,0.618,72.0,0.28,68.0,87.0,6.0,3.0,6.0,3.0,0.0,2/3H,
Caleb Thielbar,27.0,MIN,AL,0.0,1.0,0.0,0.0,0.0,0.0,0.0,0.0,0.0,0.0,0.0,0.0,0.0,0.0,,,,,,,,0.0,0.0,0.0,0.0,0.0,0.0,1,
Cam Bedrosian,22.0,LAA,AL,0.0,2.0,0.0,0.0,0.0,0.0,0.0,0.0,0.0,0.0,0.0,0.0,0.0,0.0,,,,,,,,0.0,0.0,0.0,0.0,0.0,0.0,1,
Cameron Maybin,27.0,SDP,NL,0.1,95.0,272.0,251.0,24.0,59.0,13.0,4.0,1.0,15.0,4.0,3.0,19.0,56.0,0.235,0.29,0.331,0.621,81.0,0.275,74.0,83.0,8.0,1.0,0.0,1.0,2.0,8H,
Cameron Rupp,25.0,PHI,NL,-0.4,18.0,64.0,60.0,4.0,11.0,4.0,0.0,0.0,6.0,0.0,0.0,4.0,20.0,0.183,0.234,0.25,0.484,36.0,0.223,24.0,15.0,5.0,0.0,0.0,0.0,0.0,2,
Carl Crawford*,32.0,LAD,NL,2.4,105.0,370.0,343.0,56.0,103.0,14.0,3.0,8.0,46.0,23.0,6.0,16.0,55.0,0.3,0.339,0.429,0.767,118.0,0.359,125.0,147.0,5.0,6.0,0.0,4.0,0.0,7H,
Carlos Beltrán#,37.0,NYY,AL,-0.2,109.0,449.0,403.0,46.0,94.0,23.0,0.0,15.0,49.0,3.0,1.0,37.0,80.0,0.233,0.301,0.402,0.703,98.0,0.316,96.0,162.0,11.0,4.0,0.0,5.0,2.0,D9/H3,
Carlos Carrasco,27.0,CLE,AL,0.0,2.0,2.0,2.0,0.0,0.0,0.0,0.0,0.0,0.0,0.0,0.0,0.0,2.0,0.0,0.0,0.0,0.0,-100.0,0.0,-143.0,0.0,0.0,0.0,0.0,0.0,0.0,1,
Carlos Contreras,23.0,CIN,NL,0.0,14.0,1.0,1.0,0.0,0.0,0.0,0.0,0.0,0.0,0.0,0.0,0.0,1.0,0.0,0.0,0.0,0.0,-100.0,0.0,-150.0,0.0,0.0,0.0,0.0,0.0,0.0,1,
Carlos Corporán#,30.0,HOU,AL,0.5,55.0,190.0,170.0,22.0,40.0,6.0,0.0,6.0,19.0,0.0,0.0,14.0,37.0,0.235,0.302,0.376,0.678,92.0,0.304,87.0,64.0,3.0,3.0,1.0,2.0,0.0,2/DH,
Carlos Frías,24.0,LAD,NL,-0.1,15.0,7.0,7.0,0.0,0.0,0.0,0.0,0.0,0.0,0.0,0.0,0.0,4.0,0.0,0.0,0.0,0.0,-100.0,0.0,-138.0,0.0,0.0,0.0,0.0,0.0,0.0,1,
Carlos González*,28.0,COL,NL,-0.5,70.0,281.0,260.0,35.0,62.0,15.0,1.0,11.0,38.0,3.0,0.0,19.0,70.0,0.238,0.292,0.431,0.723,88.0,0.318,80.0,112.0,7.0,1.0,0.0,1.0,2.0,79/HD,
Carlos Gómez,28.0,MIL,NL,4.7,148.0,644.0,574.0,95.0,163.0,34.0,4.0,23.0,73.0,34.0,12.0,47.0,141.0,0.284,0.356,0.477,0.833,129.0,0.374,132.0,274.0,10.0,19.0,1.0,3.0,0.0,*8/HD,"AS,MVP-16"
Carlos Martínez,22.0,STL,NL,0.1,54.0,13.0,12.0,0.0,3.0,0.0,0.0,0.0,2.0,0.0,0.0,0.0,4.0,0.25,0.25,0.25,0.5,41.0,0.218,15.0,3.0,0.0,0.0,1.0,0.0,0.0,1,
Carlos Mármol,31.0,MIA,NL,0.0,15.0,0.0,0.0,0.0,0.0,0.0,0.0,0.0,0.0,0.0,0.0,0.0,0.0,,,,,,,,0.0,0.0,0.0,0.0,0.0,0.0,1,
Carlos Peguero*,27.0,KCR,AL,0.0,4.0,10.0,9.0,1.0,2.0,1.0,0.0,0.0,1.0,0.0,0.0,1.0,5.0,0.222,0.3,0.333,0.633,77.0,0.288,72.0,3.0,0.0,0.0,0.0,0.0,0.0,/9,
Carlos Peña*,36.0,TEX,AL,-0.3,18.0,63.0,59.0,4.0,8.0,3.0,0.0,1.0,2.0,1.0,0.0,4.0,11.0,0.136,0.19,0.237,0.428,19.0,0.214,14.0,14.0,1.0,0.0,0.0,0.0,0.0,3/H,
Carlos Quentin,31.0,SDP,NL,-0.7,50.0,155.0,130.0,9.0,23.0,6.0,0.0,4.0,18.0,0.0,0.0,17.0,33.0,0.177,0.284,0.315,0.599,74.0,0.279,76.0,41.0,5.0,4.0,0.0,4.0,0.0,7H/D,
Carlos Rivero,26.0,BOS,AL,0.1,4.0,8.0,7.0,1.0,4.0,2.0,0.0,1.0,3.0,0.0,0.0,1.0,0.0,0.571,0.625,1.286,1.911,417.0,0.782,438.0,9.0,0.0,0.0,0.0,0.0,0.0,/5HD,
Carlos Ruiz,35.0,PHI,NL,3.1,110.0,445.0,381.0,43.0,96.0,25.0,1.0,6.0,31.0,4.0,2.0,46.0,60.0,0.252,0.347,0.37,0.717,101.0,0.337,109.0,141.0,11.0,12.0,1.0,5.0,1.0,*2/H,
Carlos Santana#,28.0,CLE,AL,2.8,152.0,660.0,541.0,68.0,125.0,25.0,0.0,27.0,85.0,5.0,2.0,113.0,124.0,0.231,0.365,0.427,0.792,122.0,0.358,125.0,231.0,13.0,3.0,0.0,3.0,5.0,35D2/H,
Carlos Torres,31.0,NYM,NL,-0.1,70.0,7.0,5.0,0.0,0.0,0.0,0.0,0.0,0.0,0.0,0.0,0.0,4.0,0.0,0.0,0.0,0.0,-100.0,0.0,-227.0,0.0,0.0,0.0,2.0,0.0,0.0,1,
Carlos Triunfel,24.0,LAD,NL,-0.2,12.0,16.0,15.0,3.0,2.0,0.0,0.0,1.0,1.0,0.0,0.0,1.0,5.0,0.133,0.188,0.333,0.521,45.0,0.233,37.0,5.0,0.0,0.0,0.0,0.0,0.0,6/H,
Carlos Villanueva,30.0,CHC,NL,-0.2,40.0,13.0,10.0,0.0,0.0,0.0,0.0,0.0,0.0,0.0,0.0,0.0,6.0,0.0,0.0,0.0,0.0,-100.0,0.0,-217.0,0.0,1.0,0.0,3.0,0.0,0.0,1,
Carter Capps,23.0,MIA,NL,0.0,17.0,0.0,0.0,0.0,0.0,0.0,0.0,0.0,0.0,0.0,0.0,0.0,0.0,,,,,,,,0.0,0.0,0.0,0.0,0.0,0.0,1,
Casey Fien,30.0,MIN,AL,0.0,6.0,0.0,0.0,0.0,0.0,0.0,0.0,0.0,0.0,0.0,0.0,0.0,0.0,,,,,,,,0.0,0.0,0.0,0.0,0.0,0.0,1,
Casey Janssen,32.0,TOR,AL,0.0,2.0,0.0,0.0,0.0,0.0,0.0,0.0,0.0,0.0,0.0,0.0,0.0,0.0,,,,,,,,0.0,0.0,0.0,0.0,0.0,0.0,1,
Casey McGehee,31.0,MIA,NL,0.9,160.0,691.0,616.0,56.0,177.0,29.0,1.0,4.0,76.0,4.0,2.0,67.0,102.0,0.287,0.355,0.357,0.712,101.0,0.326,102.0,220.0,31.0,1.0,0.0,7.0,3.0,*5/DH,
Casey Sadler,23.0,PIT,NL,0.0,6.0,0.0,0.0,0.0,0.0,0.0,0.0,0.0,0.0,0.0,0.0,0.0,0.0,,,,,,,,0.0,0.0,0.0,0.0,0.0,0.0,/1,
CC Sabathia*,33.0,NYY,AL,-0.1,1.0,2.0,2.0,0.0,0.0,0.0,0.0,0.0,0.0,0.0,0.0,0.0,0.0,0.0,0.0,0.0,0.0,-100.0,0.0,-138.0,0.0,1.0,0.0,0.0,0.0,0.0,/1,
Chad Bettis,25.0,COL,NL,0.0,21.0,3.0,3.0,0.0,0.0,0.0,0.0,0.0,0.0,0.0,0.0,0.0,1.0,0.0,0.0,0.0,0.0,-100.0,0.0,-155.0,0.0,0.0,0.0,0.0,0.0,0.0,1,
Chad Jenkins,26.0,TOR,AL,0.0,3.0,0.0,0.0,0.0,0.0,0.0,0.0,0.0,0.0,0.0,0.0,0.0,0.0,,,,,,,,0.0,0.0,0.0,0.0,0.0,0.0,1,
Chad Qualls,35.0,HOU,AL,0.0,3.0,0.0,0.0,0.0,0.0,0.0,0.0,0.0,0.0,0.0,0.0,0.0,0.0,,,,,,,,0.0,0.0,0.0,0.0,0.0,0.0,1,
Charlie Blackmon*,27.0,COL,NL,2.0,154.0,648.0,593.0,82.0,171.0,27.0,3.0,19.0,72.0,28.0,10.0,31.0,96.0,0.288,0.335,0.44,0.775,103.0,0.348,102.0,261.0,3.0,13.0,6.0,5.0,5.0,*987H,AS
Charlie Culberson,25.0,COL,NL,-1.6,95.0,233.0,210.0,17.0,41.0,7.0,2.0,3.0,24.0,2.0,2.0,12.0,62.0,0.195,0.253,0.29,0.544,43.0,0.248,30.0,61.0,6.0,5.0,4.0,2.0,2.0,5H64/3,
Charlie Furbush*,28.0,SEA,AL,0.0,6.0,0.0,0.0,0.0,0.0,0.0,0.0,0.0,0.0,0.0,0.0,0.0,0.0,,,,,,,,0.0,0.0,0.0,0.0,0.0,0.0,1,
Charlie Morton,30.0,PIT,NL,-0.4,23.0,49.0,40.0,1.0,2.0,0.0,0.0,0.0,1.0,0.0,0.0,1.0,21.0,0.05,0.073,0.05,0.123,-64.0,0.059,-136.0,2.0,2.0,0.0,8.0,0.0,0.0,1,
Chase Anderson,26.0,ARI,NL,-0.4,21.0,41.0,34.0,0.0,1.0,0.0,0.0,0.0,0.0,0.0,0.0,0.0,14.0,0.029,0.057,0.029,0.087,-75.0,0.044,-147.0,1.0,0.0,1.0,6.0,0.0,0.0,1/H,ROY-10
Chase d'Arnaud,27.0,PIT,NL,0.0,8.0,0.0,0.0,2.0,0.0,0.0,0.0,0.0,0.0,0.0,2.0,0.0,0.0,,,,,,,,0.0,0.0,0.0,0.0,0.0,0.0,/H6,
Chase Headley#,30.0,2TM,2LG,3.6,135.0,531.0,470.0,55.0,114.0,20.0,1.0,13.0,49.0,7.0,3.0,51.0,122.0,0.243,0.328,0.372,0.7,102.0,0.322,105.0,175.0,17.0,9.0,0.0,1.0,1.0,*5/3HD,
Chase Headley#,30.0,SDP,NL,0.9,77.0,307.0,279.0,27.0,64.0,12.0,1.0,7.0,32.0,4.0,1.0,22.0,73.0,0.229,0.296,0.355,0.651,89.0,0.301,91.0,99.0,12.0,5.0,0.0,1.0,0.0,5/H,
Chase Headley#,30.0,NYY,AL,2.7,58.0,224.0,191.0,28.0,50.0,8.0,0.0,6.0,17.0,3.0,2.0,29.0,49.0,0.262,0.371,0.398,0.768,119.0,0.351,123.0,76.0,5.0,4.0,0.0,0.0,1.0,5/3HD,
Chase Utley*,35.0,PHI,NL,3.7,155.0,664.0,589.0,74.0,159.0,36.0,6.0,11.0,78.0,10.0,1.0,53.0,85.0,0.27,0.339,0.407,0.746,108.0,0.337,107.0,240.0,8.0,13.0,0.0,9.0,12.0,*4/H3D,AS
Chase Whitley,25.0,NYY,AL,0.0,3.0,5.0,5.0,0.0,1.0,0.0,0.0,0.0,0.0,0.0,0.0,0.0,0.0,0.2,0.2,0.2,0.4,14.0,0.182,-4.0,1.0,0.0,0.0,0.0,0.0,0.0,1,
Chasen Shreve*,23.0,ATL,NL,0.0,14.0,0.0,0.0,0.0,0.0,0.0,0.0,0.0,0.0,0.0,0.0,0.0,0.0,,,,,,,,0.0,0.0,0.0,0.0,0.0,0.0,1,
Chone Figgins#,36.0,LAD,NL,0.6,38.0,76.0,60.0,8.0,13.0,3.0,0.0,0.0,1.0,4.0,1.0,14.0,15.0,0.217,0.373,0.267,0.64,87.0,0.318,95.0,16.0,0.0,1.0,1.0,0.0,0.0,H5/467,
Chris Archer,25.0,TBR,AL,-0.1,2.0,4.0,4.0,0.0,0.0,0.0,0.0,0.0,0.0,0.0,0.0,0.0,2.0,0.0,0.0,0.0,0.0,-100.0,0.0,-138.0,0.0,0.0,0.0,0.0,0.0,0.0,1,
Chris Capuano*,35.0,BOS,AL,0.0,1.0,0.0,0.0,0.0,0.0,0.0,0.0,0.0,0.0,0.0,0.0,0.0,0.0,,,,,,,,0.0,0.0,0.0,0.0,0.0,0.0,1,
Chris Carter,27.0,HOU,AL,1.9,145.0,572.0,507.0,68.0,115.0,21.0,1.0,37.0,88.0,5.0,2.0,56.0,182.0,0.227,0.308,0.491,0.799,123.0,0.35,121.0,249.0,12.0,5.0,0.0,4.0,6.0,*D3/H7,
Chris Coghlan*,29.0,CHC,NL,0.8,125.0,432.0,385.0,50.0,109.0,28.0,5.0,9.0,41.0,7.0,4.0,39.0,81.0,0.283,0.352,0.452,0.804,122.0,0.356,123.0,174.0,5.0,3.0,3.0,2.0,2.0,7H/9D,
Chris Colabello,30.0,MIN,AL,-0.8,59.0,220.0,205.0,17.0,47.0,13.0,0.0,6.0,39.0,0.0,2.0,14.0,66.0,0.229,0.282,0.38,0.662,85.0,0.296,83.0,78.0,2.0,1.0,0.0,0.0,1.0,39D/H,
Chris Davis*,28.0,BAL,AL,1.1,127.0,525.0,450.0,65.0,88.0,16.0,0.0,26.0,72.0,2.0,1.0,60.0,173.0,0.196,0.3,0.404,0.704,96.0,0.314,92.0,182.0,2.0,9.0,1.0,5.0,9.0,*35/HD,
Chris Denorfia,33.0,2TM,2LG,0.1,121.0,358.0,330.0,36.0,76.0,12.0,4.0,3.0,21.0,9.0,3.0,25.0,70.0,0.23,0.284,0.318,0.602,75.0,0.279,74.0,105.0,6.0,0.0,2.0,1.0,0.0,9H78/D,
Chris Denorfia,33.0,SDP,NL,0.2,89.0,268.0,248.0,25.0,60.0,10.0,3.0,1.0,16.0,8.0,1.0,18.0,51.0,0.242,0.293,0.319,0.612,78.0,0.286,76.0,79.0,4.0,0.0,2.0,0.0,0.0,9H78,
Chris Denorfia,33.0,SEA,AL,-0.2,32.0,90.0,82.0,11.0,16.0,2.0,1.0,2.0,5.0,1.0,2.0,7.0,19.0,0.195,0.256,0.317,0.573,65.0,0.259,66.0,26.0,2.0,0.0,0.0,1.0,0.0,9/H7D,
Chris Dickerson*,32.0,CLE,AL,0.0,41.0,112.0,98.0,12.0,22.0,4.0,0.0,2.0,6.0,3.0,0.0,12.0,38.0,0.224,0.309,0.327,0.636,79.0,0.299,75.0,32.0,2.0,0.0,2.0,0.0,0.0,79H/8D,
Chris Dominguez,27.0,SFG,NL,-0.2,8.0,18.0,17.0,1.0,1.0,0.0,0.0,1.0,2.0,0.0,0.0,1.0,4.0,0.059,0.111,0.235,0.346,-4.0,0.179,-9.0,4.0,2.0,0.0,0.0,0.0,1.0,/7H5,
Chris Getz*,30.0,TOR,AL,0.0,10.0,28.0,25.0,1.0,4.0,1.0,0.0,0.0,0.0,2.0,0.0,1.0,4.0,0.16,0.222,0.2,0.422,21.0,0.254,34.0,5.0,1.0,1.0,1.0,0.0,0.0,4/H,
Chris Gimenez,31.0,2TM,AL,-0.2,41.0,128.0,116.0,13.0,28.0,10.0,0.0,0.0,11.0,0.0,1.0,12.0,29.0,0.241,0.313,0.328,0.64,80.0,0.288,75.0,38.0,3.0,0.0,0.0,0.0,1.0,23/H15D,
Chris Gimenez,31.0,TEX,AL,0.0,33.0,118.0,107.0,13.0,28.0,10.0,0.0,0.0,11.0,0.0,1.0,11.0,26.0,0.262,0.331,0.355,0.686,92.0,0.306,89.0,38.0,3.0,0.0,0.0,0.0,1.0,2/3H1D,
Chris Gimenez,31.0,CLE,AL,-0.2,8.0,10.0,9.0,0.0,0.0,0.0,0.0,0.0,0.0,0.0,0.0,1.0,3.0,0.0,0.1,0.0,0.1,-69.0,0.069,-90.0,0.0,0.0,0.0,0.0,0.0,0.0,/325,
Chris Hatcher#,29.0,MIA,NL,0.0,47.0,1.0,1.0,0.0,0.0,0.0,0.0,0.0,0.0,0.0,0.0,0.0,0.0,0.0,0.0,0.0,0.0,-100.0,0.0,-150.0,0.0,0.0,0.0,0.0,0.0,0.0,1,
Chris Heisey,29.0,CIN,NL,0.9,119.0,299.0,275.0,34.0,61.0,15.0,2.0,8.0,22.0,9.0,2.0,15.0,64.0,0.222,0.265,0.378,0.643,79.0,0.297,77.0,104.0,3.0,2.0,5.0,2.0,0.0,7H89,
Chris Herrmann*,26.0,MIN,AL,-0.8,33.0,79.0,75.0,8.0,16.0,3.0,0.0,0.0,4.0,1.0,0.0,4.0,17.0,0.213,0.253,0.253,0.506,44.0,0.256,47.0,19.0,2.0,0.0,0.0,0.0,0.0,9H7/2,
Chris Heston,26.0,SFG,NL,0.0,3.0,1.0,1.0,0.0,0.0,0.0,0.0,0.0,0.0,0.0,0.0,0.0,1.0,0.0,0.0,0.0,0.0,-100.0,0.0,-140.0,0.0,0.0,0.0,0.0,0.0,0.0,/1,
Chris Iannetta,31.0,LAA,AL,2.3,108.0,373.0,306.0,41.0,77.0,22.0,0.0,7.0,43.0,3.0,0.0,54.0,91.0,0.252,0.373,0.392,0.765,123.0,0.353,128.0,120.0,3.0,8.0,0.0,5.0,3.0,2H/D,
Chris Johnson,29.0,ATL,NL,-0.5,153.0,611.0,582.0,43.0,153.0,27.0,0.0,10.0,58.0,6.0,0.0,23.0,159.0,0.263,0.292,0.361,0.653,84.0,0.297,80.0,210.0,23.0,2.0,2.0,2.0,2.0,*5/H3D,
Chris Leroux*,30.0,NYY,AL,0.0,1.0,0.0,0.0,0.0,0.0,0.0,0.0,0.0,0.0,0.0,0.0,0.0,0.0,,,,,,,,0.0,0.0,0.0,0.0,0.0,0.0,/1,
Chris Martin,28.0,COL,NL,0.0,15.0,0.0,0.0,0.0,0.0,0.0,0.0,0.0,0.0,0.0,0.0,0.0,0.0,,,,,,,,0.0,0.0,0.0,0.0,0.0,0.0,1,
Chris Nelson,28.0,SDP,NL,-0.1,27.0,81.0,73.0,5.0,17.0,3.0,0.0,0.0,7.0,1.0,2.0,7.0,14.0,0.233,0.296,0.274,0.57,68.0,0.256,65.0,20.0,5.0,0.0,0.0,1.0,1.0,5/H43,
Chris Owings,22.0,ARI,NL,1.6,91.0,332.0,310.0,34.0,81.0,15.0,6.0,6.0,26.0,8.0,1.0,16.0,67.0,0.261,0.3,0.406,0.706,95.0,0.321,92.0,126.0,4.0,2.0,2.0,2.0,0.0,64H,
Chris Parmelee*,26.0,MIN,AL,-1.1,87.0,270.0,250.0,27.0,64.0,11.0,0.0,7.0,28.0,0.0,3.0,17.0,64.0,0.256,0.307,0.384,0.691,94.0,0.307,92.0,96.0,7.0,2.0,0.0,1.0,0.0,397H/8D,
Chris Pérez,28.0,LAD,NL,0.0,46.0,1.0,1.0,0.0,0.0,0.0,0.0,0.0,0.0,0.0,0.0,0.0,1.0,0.0,0.0,0.0,0.0,-100.0,0.0,-140.0,0.0,0.0,0.0,0.0,0.0,0.0,1,
Chris Rusin*,27.0,CHC,NL,0.0,4.0,3.0,3.0,0.0,0.0,0.0,0.0,0.0,0.0,0.0,0.0,0.0,1.0,0.0,0.0,0.0,0.0,-100.0,0.0,-142.0,0.0,0.0,0.0,0.0,0.0,0.0,/1,
Chris Sale*,25.0,CHW,AL,0.0,1.0,3.0,3.0,0.0,0.0,0.0,0.0,0.0,0.0,0.0,0.0,0.0,2.0,0.0,0.0,0.0,0.0,-100.0,0.0,-134.0,0.0,0.0,0.0,0.0,0.0,0.0,1,"AS,CYA-3"
Chris Stewart,32.0,PIT,NL,0.5,49.0,154.0,136.0,9.0,40.0,5.0,0.0,0.0,10.0,0.0,1.0,12.0,27.0,0.294,0.362,0.331,0.693,98.0,0.315,97.0,45.0,2.0,3.0,2.0,1.0,2.0,2/H,
Chris Taylor,23.0,SEA,AL,1.2,47.0,151.0,136.0,16.0,39.0,8.0,0.0,0.0,9.0,5.0,2.0,11.0,39.0,0.287,0.347,0.346,0.692,102.0,0.337,116.0,47.0,3.0,2.0,1.0,1.0,0.0,6/H,
Chris Tillman,26.0,BAL,AL,0.0,3.0,5.0,4.0,1.0,0.0,0.0,0.0,0.0,0.0,0.0,0.0,0.0,2.0,0.0,0.0,0.0,0.0,-100.0,0.228,10.0,0.0,0.0,0.0,1.0,0.0,0.0,1,
Chris Valaika,28.0,CHC,NL,-0.1,44.0,131.0,121.0,10.0,28.0,4.0,0.0,3.0,13.0,1.0,0.0,7.0,35.0,0.231,0.282,0.339,0.621,72.0,0.285,68.0,41.0,5.0,2.0,0.0,1.0,1.0,34H/56,
Chris Withrow,25.0,LAD,NL,0.0,19.0,0.0,0.0,0.0,0.0,0.0,0.0,0.0,0.0,0.0,0.0,0.0,0.0,,,,,,,,0.0,0.0,0.0,0.0,0.0,0.0,1,
Chris Young,30.0,2TM,2LG,1.1,111.0,366.0,325.0,40.0,72.0,20.0,0.0,11.0,38.0,8.0,3.0,32.0,70.0,0.222,0.299,0.385,0.683,95.0,0.321,103.0,125.0,3.0,5.0,1.0,3.0,2.0,78H/9D,
Chris Young,30.0,NYM,NL,0.1,88.0,287.0,254.0,31.0,52.0,12.0,0.0,8.0,28.0,7.0,3.0,25.0,54.0,0.205,0.283,0.346,0.63,81.0,0.304,91.0,88.0,3.0,4.0,1.0,3.0,2.0,78H/9,
Chris Young,30.0,NYY,AL,1.0,23.0,79.0,71.0,9.0,20.0,8.0,0.0,3.0,10.0,1.0,0.0,7.0,16.0,0.282,0.354,0.521,0.876,145.0,0.385,145.0,37.0,0.0,1.0,0.0,0.0,0.0,7/DH9,
Chris Young,35.0,SEA,AL,0.0,1.0,1.0,1.0,0.0,0.0,0.0,0.0,0.0,0.0,0.0,0.0,0.0,0.0,0.0,0.0,0.0,0.0,-100.0,0.0,-127.0,0.0,0.0,0.0,0.0,0.0,0.0,1,
Christian Bergman,26.0,COL,NL,-0.2,10.0,20.0,19.0,0.0,1.0,0.0,0.0,0.0,0.0,0.0,0.0,0.0,6.0,0.053,0.053,0.053,0.105,-72.0,0.042,-136.0,1.0,0.0,0.0,1.0,0.0,0.0,1,
Christian Bethancourt,22.0,ATL,NL,-0.3,31.0,117.0,113.0,7.0,28.0,3.0,0.0,0.0,9.0,1.0,1.0,3.0,26.0,0.248,0.274,0.274,0.548,56.0,0.251,50.0,31.0,3.0,1.0,0.0,0.0,0.0,2,
Christian Colón,25.0,KCR,AL,0.8,21.0,49.0,45.0,8.0,15.0,5.0,1.0,0.0,6.0,2.0,0.0,3.0,4.0,0.333,0.375,0.489,0.864,139.0,0.403,151.0,22.0,1.0,0.0,1.0,0.0,0.0,4/H56D,
Christian Friedrich,26.0,COL,NL,0.0,16.0,5.0,5.0,0.0,1.0,0.0,0.0,0.0,0.0,0.0,0.0,0.0,2.0,0.2,0.2,0.2,0.4,6.0,0.182,-19.0,1.0,0.0,0.0,0.0,0.0,0.0,1,
Christian Vázquez,23.0,BOS,AL,1.0,55.0,201.0,175.0,15.0,42.0,9.0,0.0,1.0,20.0,0.0,0.0,19.0,33.0,0.24,0.308,0.309,0.617,73.0,0.29,73.0,54.0,4.0,0.0,3.0,4.0,1.0,2/DH,
Christian Walker,23.0,BAL,AL,-0.2,6.0,19.0,18.0,1.0,3.0,1.0,0.0,1.0,1.0,0.0,0.0,1.0,9.0,0.167,0.211,0.389,0.599,64.0,0.262,53.0,7.0,0.0,0.0,0.0,0.0,0.0,/3,
Christian Yelich*,22.0,MIA,NL,3.8,144.0,660.0,582.0,94.0,165.0,30.0,6.0,9.0,54.0,21.0,7.0,70.0,137.0,0.284,0.362,0.402,0.764,115.0,0.351,118.0,234.0,9.0,3.0,3.0,2.0,3.0,*78/H,GG
Clay Buchholz*,29.0,BOS,AL,0.1,2.0,2.0,2.0,0.0,1.0,0.0,0.0,0.0,0.0,0.0,0.0,0.0,0.0,0.5,0.5,0.5,1.0,181.0,0.454,195.0,1.0,0.0,0.0,0.0,0.0,0.0,1,
Clayton Kershaw*,26.0,LAD,NL,0.5,26.0,74.0,63.0,5.0,11.0,0.0,1.0,0.0,3.0,1.0,0.0,4.0,23.0,0.175,0.235,0.206,0.442,28.0,0.225,21.0,13.0,1.0,1.0,6.0,0.0,0.0,1,"AS,CYA-1,MVP-1"
Cliff Lee*,35.0,PHI,NL,0.2,11.0,25.0,24.0,2.0,6.0,0.0,0.0,0.0,1.0,0.0,0.0,0.0,9.0,0.25,0.25,0.25,0.5,41.0,0.227,24.0,6.0,0.0,0.0,1.0,0.0,0.0,1,
Cliff Pennington#,30.0,ARI,NL,1.3,68.0,201.0,177.0,21.0,45.0,5.0,3.0,2.0,10.0,6.0,1.0,20.0,36.0,0.254,0.34,0.35,0.69,93.0,0.337,104.0,62.0,1.0,3.0,1.0,0.0,0.0,6H4/5,
Clint Barmes,35.0,PIT,NL,0.7,48.0,116.0,102.0,15.0,25.0,5.0,0.0,0.0,7.0,1.0,1.0,9.0,18.0,0.245,0.328,0.294,0.622,77.0,0.289,77.0,30.0,2.0,4.0,0.0,1.0,2.0,64/H35,
Clint Robinson*,29.0,LAD,NL,0.1,9.0,10.0,9.0,3.0,3.0,0.0,0.0,0.0,2.0,0.0,0.0,1.0,1.0,0.333,0.4,0.333,0.733,113.0,0.433,186.0,3.0,0.0,0.0,0.0,0.0,0.0,/H3,
Coco Crisp#,34.0,OAK,AL,1.2,126.0,536.0,463.0,68.0,114.0,21.0,3.0,9.0,47.0,19.0,5.0,66.0,66.0,0.246,0.336,0.363,0.699,101.0,0.331,106.0,168.0,3.0,0.0,1.0,6.0,2.0,*8DH,
Cody Allen,25.0,CLE,AL,0.0,5.0,0.0,0.0,0.0,0.0,0.0,0.0,0.0,0.0,0.0,0.0,0.0,0.0,,,,,,,,0.0,0.0,0.0,0.0,0.0,0.0,1,
Cody Asche*,24.0,PHI,NL,0.3,121.0,434.0,397.0,43.0,100.0,25.0,0.0,10.0,46.0,0.0,1.0,33.0,102.0,0.252,0.309,0.39,0.699,94.0,0.31,90.0,155.0,6.0,0.0,3.0,1.0,4.0,*5H,
Cody Ross,33.0,ARI,NL,-1.0,83.0,219.0,202.0,15.0,51.0,8.0,0.0,2.0,15.0,0.0,0.0,15.0,44.0,0.252,0.306,0.322,0.628,75.0,0.29,73.0,65.0,3.0,1.0,0.0,1.0,0.0,7H9,
Colby Lewis,34.0,TEX,AL,0.1,2.0,5.0,5.0,0.0,2.0,0.0,0.0,0.0,1.0,0.0,0.0,0.0,2.0,0.4,0.4,0.4,0.8,125.0,0.363,128.0,2.0,0.0,0.0,0.0,0.0,0.0,1,
Colby Rasmus*,27.0,TOR,AL,1.1,104.0,376.0,346.0,45.0,78.0,21.0,1.0,18.0,40.0,4.0,0.0,29.0,124.0,0.225,0.287,0.448,0.735,105.0,0.325,101.0,155.0,1.0,1.0,0.0,0.0,2.0,8H/D,
Cole Figueroa*,27.0,TBR,AL,-0.1,23.0,49.0,43.0,6.0,10.0,2.0,1.0,0.0,6.0,0.0,0.0,4.0,4.0,0.233,0.286,0.326,0.611,76.0,0.267,64.0,14.0,0.0,0.0,0.0,2.0,0.0,4H/D,
Cole Gillespie,30.0,2TM,AL,-0.2,35.0,81.0,74.0,9.0,18.0,2.0,0.0,1.0,5.0,2.0,2.0,6.0,13.0,0.243,0.3,0.311,0.611,78.0,0.276,76.0,23.0,3.0,0.0,1.0,0.0,0.0,79H/D8,
Cole Gillespie,30.0,SEA,AL,0.0,34.0,78.0,71.0,9.0,18.0,2.0,0.0,1.0,5.0,2.0,2.0,6.0,13.0,0.254,0.312,0.324,0.636,85.0,0.287,85.0,23.0,3.0,0.0,1.0,0.0,0.0,7H/9D8,
Cole Gillespie,30.0,TOR,AL,-0.2,1.0,3.0,3.0,0.0,0.0,0.0,0.0,0.0,0.0,0.0,0.0,0.0,0.0,0.0,0.0,0.0,0.0,-100.0,0.0,-138.0,0.0,0.0,0.0,0.0,0.0,0.0,/9,
Cole Hamels*,30.0,PHI,NL,0.2,30.0,69.0,62.0,1.0,13.0,2.0,0.0,0.0,0.0,0.0,0.0,0.0,28.0,0.21,0.21,0.242,0.452,26.0,0.201,-3.0,15.0,0.0,0.0,7.0,0.0,0.0,1,CYA-6
Collin Cowgill,28.0,LAA,AL,1.7,106.0,293.0,260.0,37.0,65.0,10.0,1.0,5.0,21.0,4.0,0.0,26.0,74.0,0.25,0.33,0.354,0.684,99.0,0.328,108.0,92.0,4.0,5.0,2.0,0.0,0.0,97H8/D,
Collin McHugh,27.0,HOU,AL,0.0,1.0,3.0,2.0,0.0,0.0,0.0,0.0,0.0,0.0,0.0,0.0,0.0,0.0,0.0,0.0,0.0,0.0,-100.0,0.0,-262.0,0.0,0.0,0.0,1.0,0.0,0.0,1,ROY-4
Conor Gillaspie*,26.0,CHW,AL,1.7,130.0,506.0,464.0,50.0,131.0,31.0,5.0,7.0,57.0,0.0,4.0,36.0,78.0,0.282,0.336,0.416,0.752,115.0,0.333,115.0,193.0,5.0,3.0,0.0,3.0,4.0,*5/H,
Cord Phelps#,27.0,BAL,AL,-0.1,3.0,3.0,3.0,0.0,0.0,0.0,0.0,0.0,0.0,0.0,0.0,0.0,0.0,0.0,0.0,0.0,0.0,-100.0,0.0,-141.0,0.0,1.0,0.0,0.0,0.0,0.0,/H,
Corey Brown*,28.0,BOS,AL,0.1,3.0,1.0,1.0,0.0,0.0,0.0,0.0,0.0,0.0,0.0,0.0,0.0,1.0,0.0,0.0,0.0,0.0,-100.0,0.0,-136.0,0.0,0.0,0.0,0.0,0.0,0.0,/H9D,
Corey Dickerson*,25.0,COL,NL,3.1,131.0,478.0,436.0,74.0,136.0,27.0,6.0,24.0,76.0,8.0,7.0,37.0,101.0,0.312,0.364,0.567,0.931,141.0,0.405,150.0,247.0,6.0,1.0,0.0,4.0,6.0,7H/8D,
Corey Hart,32.0,SEA,AL,-0.5,68.0,255.0,232.0,17.0,47.0,9.0,0.0,6.0,21.0,2.0,0.0,16.0,59.0,0.203,0.271,0.319,0.59,71.0,0.278,72.0,74.0,1.0,6.0,0.0,1.0,1.0,D/9H37,
Corey Kluber,28.0,CLE,AL,0.0,4.0,6.0,5.0,0.0,1.0,0.0,0.0,0.0,0.0,0.0,0.0,0.0,2.0,0.2,0.2,0.2,0.4,13.0,0.182,-26.0,1.0,0.0,0.0,1.0,0.0,0.0,1/H,"CYA-1,MVP-11"
Corey Knebel,22.0,DET,AL,0.0,1.0,0.0,0.0,0.0,0.0,0.0,0.0,0.0,0.0,0.0,0.0,0.0,0.0,,,,,,,,0.0,0.0,0.0,0.0,0.0,0.0,/1,
Cory Rasmus,26.0,LAA,AL,0.0,3.0,0.0,0.0,0.0,0.0,0.0,0.0,0.0,0.0,0.0,0.0,0.0,0.0,,,,,,,,0.0,0.0,0.0,0.0,0.0,0.0,1,
Cory Spangenberg*,23.0,SDP,NL,0.2,20.0,65.0,62.0,7.0,18.0,2.0,1.0,2.0,9.0,4.0,2.0,2.0,14.0,0.29,0.313,0.452,0.764,119.0,0.336,118.0,28.0,1.0,0.0,1.0,0.0,0.0,/5H74,
Craig Breslow*,33.0,BOS,AL,0.0,2.0,0.0,0.0,0.0,0.0,0.0,0.0,0.0,0.0,0.0,0.0,0.0,0.0,,,,,,,,0.0,0.0,0.0,0.0,0.0,0.0,1,
Craig Gentry,30.0,OAK,AL,1.9,94.0,258.0,232.0,38.0,59.0,6.0,1.0,0.0,12.0,20.0,2.0,17.0,44.0,0.254,0.319,0.289,0.608,76.0,0.306,79.0,67.0,2.0,5.0,2.0,0.0,2.0,89H7/D,
Craig Kimbrel,26.0,ATL,NL,0.0,61.0,0.0,0.0,0.0,0.0,0.0,0.0,0.0,0.0,0.0,0.0,0.0,0.0,,,,,,,,0.0,0.0,0.0,0.0,0.0,0.0,1,"AS,CYA-9"
Craig Stammen,30.0,WSN,NL,0.1,46.0,8.0,7.0,0.0,2.0,1.0,0.0,0.0,0.0,0.0,0.0,0.0,4.0,0.286,0.286,0.429,0.714,94.0,0.298,74.0,3.0,0.0,0.0,1.0,0.0,0.0,1,
Cristhian Adames#,22.0,COL,NL,-0.2,7.0,15.0,15.0,1.0,1.0,0.0,0.0,0.0,0.0,0.0,0.0,0.0,5.0,0.067,0.067,0.067,0.133,-65.0,0.061,-110.0,1.0,1.0,0.0,0.0,0.0,0.0,/64H,
Curt Casali,25.0,TBR,AL,-0.1,30.0,84.0,72.0,10.0,12.0,3.0,0.0,0.0,3.0,0.0,0.0,8.0,23.0,0.167,0.268,0.208,0.477,40.0,0.243,44.0,15.0,2.0,2.0,2.0,0.0,0.0,2/DH,
Curtis Granderson*,33.0,NYM,NL,1.2,155.0,654.0,564.0,73.0,128.0,27.0,2.0,20.0,66.0,8.0,2.0,79.0,141.0,0.227,0.326,0.388,0.714,105.0,0.324,105.0,219.0,1.0,6.0,0.0,5.0,1.0,*987/H,
Curtis Partch,27.0,CIN,NL,0.0,6.0,0.0,0.0,0.0,0.0,0.0,0.0,0.0,0.0,0.0,0.0,0.0,0.0,,,,,,,,0.0,0.0,0.0,0.0,0.0,0.0,/1,
César Hernández#,24.0,PHI,NL,-0.7,66.0,125.0,114.0,13.0,27.0,2.0,0.0,1.0,4.0,1.0,1.0,9.0,33.0,0.237,0.29,0.281,0.571,61.0,0.268,58.0,32.0,1.0,0.0,1.0,1.0,1.0,H54/6,
César Jiménez*,29.0,PHI,NL,0.0,14.0,1.0,1.0,0.0,0.0,0.0,0.0,0.0,0.0,0.0,0.0,0.0,1.0,0.0,0.0,0.0,0.0,-100.0,0.0,-150.0,0.0,0.0,0.0,0.0,0.0,0.0,1,
César Ramos*,30.0,TBR,AL,0.0,4.0,1.0,1.0,0.0,0.0,0.0,0.0,0.0,0.0,0.0,0.0,0.0,1.0,0.0,0.0,0.0,0.0,-100.0,0.0,-127.0,0.0,0.0,0.0,0.0,0.0,0.0,1,
Daisuke Matsuzaka,33.0,NYM,NL,0.1,32.0,17.0,11.0,0.0,2.0,0.0,0.0,0.0,1.0,0.0,0.0,1.0,6.0,0.182,0.25,0.182,0.432,27.0,0.2,-21.0,2.0,0.0,0.0,5.0,0.0,0.0,1,
Dale Thayer,33.0,SDP,NL,0.0,65.0,1.0,1.0,0.0,0.0,0.0,0.0,0.0,0.0,0.0,0.0,0.0,1.0,0.0,0.0,0.0,0.0,-100.0,0.0,-140.0,0.0,0.0,0.0,0.0,0.0,0.0,1,
Dallas Beeler,25.0,CHC,NL,0.0,2.0,4.0,4.0,0.0,1.0,0.0,0.0,0.0,0.0,0.0,0.0,0.0,2.0,0.25,0.25,0.25,0.5,40.0,0.227,27.0,1.0,0.0,0.0,0.0,0.0,0.0,/1,
Dallas Keuchel*,26.0,HOU,AL,0.0,3.0,4.0,3.0,1.0,0.0,0.0,0.0,0.0,0.0,0.0,0.0,1.0,2.0,0.0,0.25,0.0,0.25,-21.0,0.174,-10.0,0.0,0.0,0.0,0.0,0.0,0.0,1/H,GG
Dalton Pompey#,21.0,TOR,AL,0.0,17.0,43.0,39.0,5.0,9.0,1.0,2.0,1.0,4.0,1.0,0.0,4.0,12.0,0.231,0.302,0.436,0.738,107.0,0.325,99.0,17.0,0.0,0.0,0.0,0.0,0.0,/7H8D,
Dan Butler,27.0,BOS,AL,0.0,7.0,20.0,19.0,1.0,4.0,3.0,0.0,0.0,2.0,0.0,0.0,1.0,5.0,0.211,0.25,0.368,0.618,70.0,0.266,56.0,7.0,1.0,0.0,0.0,0.0,0.0,/2,
Dan Haren,33.0,LAD,NL,0.2,29.0,60.0,54.0,2.0,10.0,1.0,0.0,0.0,5.0,0.0,0.0,3.0,20.0,0.185,0.228,0.204,0.432,25.0,0.202,9.0,11.0,1.0,0.0,3.0,0.0,0.0,1,
Dan Jennings*,27.0,MIA,NL,0.0,43.0,0.0,0.0,0.0,0.0,0.0,0.0,0.0,0.0,0.0,0.0,0.0,0.0,,,,,,,,0.0,0.0,0.0,0.0,0.0,0.0,1,
Dan Johnson*,34.0,TOR,AL,-0.1,15.0,48.0,38.0,8.0,8.0,2.0,0.0,1.0,7.0,0.0,0.0,7.0,10.0,0.211,0.333,0.342,0.675,93.0,0.304,87.0,13.0,1.0,1.0,0.0,2.0,0.0,/3DH,
Dan Otero,29.0,OAK,AL,0.0,8.0,0.0,0.0,0.0,0.0,0.0,0.0,0.0,0.0,0.0,0.0,0.0,0.0,,,,,,,,0.0,0.0,0.0,0.0,0.0,0.0,1,
Dan Straily,25.0,CHC,NL,0.0,6.0,2.0,1.0,0.0,0.0,0.0,0.0,0.0,0.0,0.0,0.0,1.0,1.0,0.0,0.5,0.0,0.5,55.0,0.345,114.0,0.0,0.0,0.0,0.0,0.0,0.0,/1,
Dan Uggla,34.0,2TM,NL,-1.2,52.0,157.0,141.0,14.0,21.0,3.0,0.0,2.0,10.0,0.0,0.0,11.0,46.0,0.149,0.229,0.213,0.442,27.0,0.214,21.0,30.0,3.0,4.0,0.0,1.0,0.0,4H,
Dan Uggla,34.0,ATL,NL,-1.0,48.0,145.0,130.0,13.0,21.0,3.0,0.0,2.0,10.0,0.0,0.0,10.0,40.0,0.162,0.241,0.231,0.472,35.0,0.227,30.0,30.0,3.0,4.0,0.0,1.0,0.0,4H,
Dan Uggla,34.0,SFG,NL,-0.1,4.0,12.0,11.0,1.0,0.0,0.0,0.0,0.0,0.0,0.0,0.0,1.0,6.0,0.0,0.083,0.0,0.083,-73.0,0.058,-93.0,0.0,0.0,0.0,0.0,0.0,0.0,/4,
Dana Eveland*,30.0,NYM,NL,0.0,30.0,0.0,0.0,0.0,0.0,0.0,0.0,0.0,0.0,0.0,0.0,0.0,0.0,,,,,,,,0.0,0.0,0.0,0.0,0.0,0.0,1,
Dane De La Rosa,31.0,LAA,AL,0.0,1.0,0.0,0.0,0.0,0.0,0.0,0.0,0.0,0.0,0.0,0.0,0.0,0.0,,,,,,,,0.0,0.0,0.0,0.0,0.0,0.0,/1,
Daniel Corcino,23.0,CIN,NL,0.1,5.0,5.0,3.0,0.0,1.0,0.0,0.0,0.0,0.0,0.0,0.0,0.0,0.0,0.333,0.333,0.333,0.667,88.0,0.303,74.0,1.0,0.0,0.0,2.0,0.0,0.0,/1,
Daniel Descalso*,27.0,STL,NL,-0.2,104.0,184.0,161.0,20.0,39.0,11.0,0.0,0.0,10.0,1.0,3.0,20.0,33.0,0.242,0.333,0.311,0.644,83.0,0.296,84.0,50.0,2.0,2.0,1.0,0.0,0.0,H465/31,
Daniel Hudson,27.0,ARI,NL,0.0,3.0,0.0,0.0,0.0,0.0,0.0,0.0,0.0,0.0,0.0,0.0,0.0,0.0,,,,,,,,0.0,0.0,0.0,0.0,0.0,0.0,/1,
Daniel Murphy*,29.0,NYM,NL,2.3,143.0,642.0,596.0,79.0,172.0,37.0,2.0,9.0,57.0,13.0,5.0,39.0,86.0,0.289,0.332,0.403,0.734,111.0,0.334,114.0,240.0,15.0,2.0,0.0,5.0,3.0,*45/3H,AS
Daniel Nava#,31.0,BOS,AL,3.5,113.0,408.0,363.0,41.0,98.0,21.0,0.0,4.0,37.0,4.0,2.0,33.0,81.0,0.27,0.346,0.361,0.706,98.0,0.332,104.0,131.0,5.0,10.0,0.0,2.0,1.0,97H3/D,
Daniel Robertson,28.0,TEX,AL,0.1,70.0,197.0,177.0,23.0,48.0,9.0,1.0,0.0,21.0,6.0,4.0,17.0,28.0,0.271,0.333,0.333,0.667,87.0,0.296,80.0,59.0,3.0,0.0,2.0,1.0,0.0,789H/D4,
Daniel Webb,24.0,CHW,AL,0.0,3.0,0.0,0.0,0.0,0.0,0.0,0.0,0.0,0.0,0.0,0.0,0.0,0.0,,,,,,,,0.0,0.0,0.0,0.0,0.0,0.0,1,
Danny Coulombe*,24.0,LAD,NL,0.0,5.0,0.0,0.0,0.0,0.0,0.0,0.0,0.0,0.0,0.0,0.0,0.0,0.0,,,,,,,,0.0,0.0,0.0,0.0,0.0,0.0,/1,
Danny Duffy*,25.0,KCR,AL,0.0,3.0,7.0,6.0,1.0,0.0,0.0,0.0,0.0,0.0,0.0,0.0,0.0,3.0,0.0,0.0,0.0,0.0,-100.0,0.152,-50.0,0.0,0.0,0.0,1.0,0.0,0.0,1,
Danny Espinosa#,27.0,WSN,NL,-0.1,114.0,364.0,333.0,31.0,73.0,14.0,3.0,8.0,27.0,8.0,1.0,18.0,122.0,0.219,0.283,0.351,0.634,74.0,0.284,63.0,117.0,5.0,12.0,0.0,1.0,5.0,4H6,
Danny Farquhar,27.0,SEA,AL,0.0,5.0,0.0,0.0,0.0,0.0,0.0,0.0,0.0,0.0,0.0,0.0,0.0,0.0,,,,,,,,0.0,0.0,0.0,0.0,0.0,0.0,1/H,
Danny Salazar,24.0,CLE,AL,0.0,2.0,3.0,3.0,0.0,0.0,0.0,0.0,0.0,0.0,0.0,0.0,0.0,3.0,0.0,0.0,0.0,0.0,-100.0,0.0,-141.0,0.0,0.0,0.0,0.0,0.0,0.0,1,
Danny Santana#,23.0,MIN,AL,3.8,101.0,430.0,405.0,70.0,129.0,27.0,7.0,7.0,40.0,20.0,4.0,19.0,98.0,0.319,0.353,0.472,0.824,130.0,0.374,132.0,191.0,3.0,3.0,2.0,1.0,0.0,86/HD,ROY-7
Danny Valencia,29.0,2TM,AL,0.5,86.0,284.0,264.0,20.0,68.0,16.0,1.0,4.0,30.0,1.0,1.0,14.0,62.0,0.258,0.296,0.371,0.667,87.0,0.303,86.0,98.0,8.0,2.0,0.0,4.0,0.0,53H/4D,
Danny Valencia,29.0,KCR,AL,0.3,36.0,119.0,110.0,8.0,31.0,5.0,0.0,2.0,11.0,0.0,0.0,7.0,27.0,0.282,0.328,0.382,0.71,98.0,0.338,109.0,42.0,4.0,1.0,0.0,1.0,0.0,5/4HD,
Danny Valencia,29.0,TOR,AL,0.1,50.0,165.0,154.0,12.0,37.0,11.0,1.0,2.0,19.0,1.0,1.0,7.0,35.0,0.24,0.273,0.364,0.636,79.0,0.277,69.0,56.0,4.0,1.0,0.0,3.0,0.0,53H/D,
Danny Worth,28.0,DET,AL,-0.2,18.0,46.0,42.0,5.0,7.0,1.0,0.0,0.0,5.0,0.0,1.0,2.0,12.0,0.167,0.217,0.19,0.408,17.0,0.177,1.0,8.0,1.0,1.0,0.0,1.0,0.0,6/4H13,
Daric Barton*,28.0,OAK,AL,-0.4,30.0,64.0,57.0,7.0,9.0,1.0,0.0,0.0,5.0,0.0,0.0,5.0,14.0,0.158,0.234,0.175,0.41,20.0,0.21,20.0,10.0,0.0,1.0,0.0,1.0,0.0,3/H,
Darin Downs,29.0,HOU,AL,0.0,4.0,0.0,0.0,0.0,0.0,0.0,0.0,0.0,0.0,0.0,0.0,0.0,0.0,,,,,,,,0.0,0.0,0.0,0.0,0.0,0.0,1,
Darin Mastroianni,28.0,2TM,AL,-0.5,21.0,44.0,43.0,7.0,5.0,0.0,0.0,1.0,2.0,1.0,0.0,1.0,10.0,0.116,0.136,0.186,0.322,-10.0,0.168,-18.0,8.0,4.0,0.0,0.0,0.0,0.0,9H/87D,
Darin Mastroianni,28.0,MIN,AL,-0.2,7.0,12.0,11.0,3.0,0.0,0.0,0.0,0.0,0.0,1.0,0.0,1.0,5.0,0.0,0.083,0.0,0.083,-74.0,0.079,-97.0,0.0,0.0,0.0,0.0,0.0,0.0,/9H78,
Darin Mastroianni,28.0,TOR,AL,-0.3,14.0,32.0,32.0,4.0,5.0,0.0,0.0,1.0,2.0,0.0,0.0,0.0,5.0,0.156,0.156,0.25,0.406,13.0,0.201,12.0,8.0,4.0,0.0,0.0,0.0,0.0,/H897D,
Darin Ruf,27.0,PHI,NL,0.2,52.0,117.0,102.0,13.0,24.0,8.0,0.0,3.0,8.0,0.0,0.0,8.0,32.0,0.235,0.31,0.402,0.712,98.0,0.317,94.0,41.0,2.0,4.0,1.0,2.0,0.0,H37/5,
Dario Álvarez*,25.0,NYM,NL,0.0,4.0,0.0,0.0,0.0,0.0,0.0,0.0,0.0,0.0,0.0,0.0,0.0,0.0,,,,,,,,0.0,0.0,0.0,0.0,0.0,0.0,/1,
Darren O'Day,31.0,BAL,AL,0.0,5.0,0.0,0.0,0.0,0.0,0.0,0.0,0.0,0.0,0.0,0.0,0.0,0.0,,,,,,,,0.0,0.0,0.0,0.0,0.0,0.0,1,
Darwin Barney,28.0,2TM,NL,1.4,94.0,262.0,237.0,24.0,57.0,11.0,2.0,3.0,23.0,1.0,0.0,17.0,34.0,0.241,0.3,0.342,0.642,79.0,0.299,80.0,81.0,1.0,4.0,2.0,2.0,2.0,4H/6,
Darwin Barney,28.0,CHC,NL,0.5,72.0,217.0,204.0,18.0,47.0,10.0,2.0,2.0,16.0,1.0,0.0,9.0,31.0,0.23,0.265,0.328,0.594,64.0,0.273,58.0,67.0,1.0,1.0,2.0,1.0,2.0,4/H,
Darwin Barney,28.0,LAD,NL,0.9,22.0,45.0,33.0,6.0,10.0,1.0,0.0,1.0,7.0,0.0,0.0,8.0,3.0,0.303,0.467,0.424,0.891,157.0,0.426,181.0,14.0,0.0,3.0,0.0,1.0,0.0,4H/6,
David Buchanan,25.0,PHI,NL,0.1,19.0,39.0,30.0,2.0,3.0,1.0,0.0,0.0,2.0,0.0,0.0,4.0,10.0,0.1,0.206,0.133,0.339,-2.0,0.172,-31.0,4.0,0.0,0.0,5.0,0.0,0.0,1,
David Carpenter,28.0,ATL,NL,0.0,62.0,0.0,0.0,0.0,0.0,0.0,0.0,0.0,0.0,0.0,0.0,0.0,0.0,,,,,,,,0.0,0.0,0.0,0.0,0.0,0.0,1,
David DeJesus*,34.0,TBR,AL,0.8,83.0,273.0,238.0,24.0,59.0,15.0,2.0,6.0,19.0,0.0,3.0,30.0,43.0,0.248,0.344,0.403,0.748,115.0,0.329,113.0,96.0,7.0,5.0,0.0,0.0,1.0,DH7/8,
David Freese,31.0,LAA,AL,1.7,134.0,511.0,462.0,53.0,120.0,25.0,1.0,10.0,55.0,1.0,3.0,38.0,124.0,0.26,0.321,0.383,0.704,104.0,0.325,111.0,177.0,10.0,6.0,0.0,5.0,0.0,*5D/H,
David Hale,26.0,ATL,NL,-0.1,43.0,19.0,17.0,1.0,1.0,0.0,0.0,0.0,1.0,0.0,0.0,0.0,8.0,0.059,0.056,0.059,0.114,-67.0,0.05,-114.0,1.0,0.0,0.0,1.0,1.0,0.0,1,
David Holmberg,22.0,CIN,NL,-0.1,6.0,7.0,5.0,0.0,0.0,0.0,0.0,0.0,0.0,0.0,0.0,0.0,2.0,0.0,0.0,0.0,0.0,-100.0,0.0,-235.0,0.0,0.0,0.0,2.0,0.0,0.0,/1,
David Huff#,29.0,SFG,NL,0.0,16.0,3.0,3.0,1.0,1.0,0.0,0.0,0.0,0.0,0.0,0.0,0.0,2.0,0.333,0.333,0.333,0.667,93.0,0.268,65.0,1.0,0.0,0.0,0.0,0.0,0.0,1/H,
David Lough*,28.0,BAL,AL,1.5,112.0,197.0,174.0,31.0,43.0,6.0,3.0,4.0,16.0,8.0,5.0,15.0,33.0,0.247,0.309,0.385,0.694,94.0,0.318,97.0,67.0,3.0,1.0,6.0,1.0,0.0,7H8/9D,
David Murphy*,32.0,CLE,AL,-0.3,129.0,462.0,416.0,40.0,109.0,25.0,1.0,8.0,58.0,2.0,3.0,36.0,61.0,0.262,0.319,0.385,0.703,97.0,0.318,97.0,160.0,6.0,2.0,1.0,7.0,2.0,*9H/7D,
David Ortiz*,38.0,BOS,AL,2.6,142.0,602.0,518.0,59.0,136.0,27.0,0.0,35.0,104.0,0.0,0.0,75.0,95.0,0.263,0.355,0.517,0.873,141.0,0.371,135.0,268.0,18.0,3.0,0.0,6.0,22.0,*D/H3,
David Peralta*,26.0,ARI,NL,1.2,88.0,348.0,329.0,40.0,94.0,12.0,9.0,8.0,36.0,6.0,3.0,16.0,60.0,0.286,0.32,0.45,0.77,112.0,0.341,111.0,148.0,9.0,1.0,1.0,1.0,0.0,978/H,
David Phelps,27.0,NYY,AL,0.0,2.0,5.0,4.0,0.0,0.0,0.0,0.0,0.0,0.0,0.0,0.0,0.0,1.0,0.0,0.0,0.0,0.0,-100.0,0.0,-200.0,0.0,0.0,0.0,1.0,0.0,0.0,1,
David Price*,28.0,TBR,AL,-0.1,1.0,4.0,4.0,0.0,0.0,0.0,0.0,0.0,0.0,0.0,0.0,0.0,2.0,0.0,0.0,0.0,0.0,-100.0,0.0,-138.0,0.0,0.0,0.0,0.0,0.0,0.0,1,"AS,CYA-6"
David Robertson,29.0,NYY,AL,0.0,7.0,0.0,0.0,0.0,0.0,0.0,0.0,0.0,0.0,0.0,0.0,0.0,0.0,,,,,,,,0.0,0.0,0.0,0.0,0.0,0.0,1,
David Ross,37.0,BOS,AL,-0.3,50.0,171.0,152.0,16.0,28.0,7.0,0.0,7.0,15.0,0.0,1.0,16.0,58.0,0.184,0.26,0.368,0.629,74.0,0.273,62.0,56.0,1.0,0.0,2.0,1.0,1.0,2,
David Wright,31.0,NYM,NL,2.1,134.0,586.0,535.0,54.0,144.0,30.0,1.0,8.0,63.0,8.0,5.0,42.0,113.0,0.269,0.324,0.374,0.698,101.0,0.313,99.0,200.0,22.0,4.0,0.0,5.0,5.0,*5/H,
Dayán Viciedo,25.0,CHW,AL,-0.5,145.0,563.0,523.0,65.0,121.0,22.0,3.0,21.0,58.0,0.0,1.0,32.0,122.0,0.231,0.281,0.405,0.686,95.0,0.314,99.0,212.0,19.0,5.0,0.0,3.0,3.0,*97D/H3,
Dean Anna*,27.0,NYY,AL,0.2,12.0,25.0,22.0,3.0,3.0,1.0,0.0,1.0,3.0,0.0,0.0,2.0,6.0,0.136,0.2,0.318,0.518,45.0,0.227,31.0,7.0,0.0,0.0,0.0,1.0,0.0,/641,
Dee Strange-Gordon*,26.0,LAD,NL,3.5,148.0,650.0,609.0,92.0,176.0,24.0,12.0,2.0,34.0,64.0,19.0,31.0,107.0,0.289,0.326,0.378,0.704,101.0,0.327,99.0,230.0,3.0,4.0,3.0,3.0,0.0,*4/H,"AS,MVP-25"
Dellin Betances,26.0,NYY,AL,0.0,6.0,0.0,0.0,0.0,0.0,0.0,0.0,0.0,0.0,0.0,0.0,0.0,0.0,,,,,,,,0.0,0.0,0.0,0.0,0.0,0.0,1,"AS,ROY-3"
Delmon Young,28.0,BAL,AL,1.0,83.0,255.0,242.0,27.0,73.0,11.0,1.0,7.0,30.0,2.0,0.0,10.0,51.0,0.302,0.337,0.442,0.779,117.0,0.357,122.0,107.0,6.0,3.0,0.0,0.0,0.0,D7H/9,
Denard Span*,30.0,WSN,NL,4.3,147.0,668.0,610.0,94.0,184.0,39.0,8.0,5.0,37.0,31.0,7.0,50.0,65.0,0.302,0.355,0.416,0.771,113.0,0.356,116.0,254.0,6.0,2.0,3.0,3.0,1.0,*8,MVP-19
Derek Dietrich*,24.0,MIA,NL,0.6,49.0,183.0,158.0,31.0,36.0,6.0,2.0,5.0,17.0,1.0,0.0,13.0,38.0,0.228,0.326,0.386,0.712,99.0,0.331,105.0,61.0,1.0,10.0,2.0,0.0,0.0,4/H5,
Derek Jeter,40.0,NYY,AL,-0.7,145.0,634.0,581.0,47.0,149.0,19.0,1.0,4.0,50.0,10.0,2.0,35.0,87.0,0.256,0.304,0.313,0.617,76.0,0.294,78.0,182.0,15.0,6.0,8.0,4.0,0.0,*6D/H,AS
Derek Norris,25.0,OAK,AL,3.2,127.0,442.0,385.0,46.0,104.0,19.0,1.0,10.0,55.0,2.0,2.0,54.0,86.0,0.27,0.361,0.403,0.763,119.0,0.349,124.0,155.0,12.0,1.0,1.0,1.0,2.0,*2HD,AS
Desmond Jennings,27.0,TBR,AL,3.2,123.0,542.0,479.0,64.0,117.0,30.0,2.0,10.0,36.0,15.0,6.0,47.0,108.0,0.244,0.319,0.378,0.697,100.0,0.321,102.0,181.0,10.0,6.0,9.0,1.0,0.0,*8/DH,
Devin Mesoraco,26.0,CIN,NL,4.9,114.0,440.0,384.0,54.0,105.0,25.0,0.0,25.0,80.0,1.0,3.0,41.0,103.0,0.273,0.359,0.534,0.893,147.0,0.398,158.0,205.0,5.0,12.0,0.0,3.0,4.0,*2/HD,"AS,MVP-21"
Dexter Fowler#,28.0,HOU,AL,1.8,116.0,505.0,434.0,61.0,120.0,21.0,4.0,8.0,35.0,11.0,4.0,66.0,108.0,0.276,0.375,0.399,0.774,120.0,0.359,127.0,173.0,6.0,3.0,1.0,1.0,2.0,*8/DH,
Didi Gregorius*,24.0,ARI,NL,1.3,80.0,299.0,270.0,35.0,61.0,9.0,5.0,6.0,27.0,3.0,0.0,22.0,52.0,0.226,0.29,0.363,0.653,81.0,0.297,76.0,98.0,1.0,3.0,2.0,2.0,3.0,64/H5,
Dillon Gee,28.0,NYM,NL,-0.3,20.0,43.0,38.0,1.0,1.0,0.0,0.0,0.0,1.0,0.0,0.0,2.0,17.0,0.026,0.075,0.026,0.101,-69.0,0.057,-107.0,1.0,0.0,0.0,3.0,0.0,0.0,1,
Dilson Herrera,20.0,NYM,NL,0.1,18.0,66.0,59.0,6.0,13.0,0.0,1.0,3.0,11.0,0.0,0.0,7.0,17.0,0.22,0.303,0.407,0.71,103.0,0.314,99.0,24.0,3.0,0.0,0.0,0.0,0.0,4/H,
Dioner Navarro#,30.0,TOR,AL,2.5,139.0,520.0,481.0,40.0,132.0,22.0,0.0,12.0,69.0,3.0,0.0,32.0,76.0,0.274,0.317,0.395,0.712,101.0,0.322,100.0,190.0,12.0,1.0,0.0,6.0,1.0,*2DH,
DJ LeMahieu,25.0,COL,NL,0.8,149.0,538.0,494.0,59.0,132.0,15.0,5.0,5.0,42.0,10.0,10.0,33.0,97.0,0.267,0.315,0.348,0.663,75.0,0.299,70.0,172.0,13.0,2.0,7.0,2.0,7.0,*4/536H,GG
Domingo Santana,21.0,HOU,AL,-0.4,6.0,18.0,17.0,1.0,0.0,0.0,0.0,0.0,0.0,0.0,0.0,1.0,14.0,0.0,0.056,0.0,0.056,-82.0,0.089,-72.0,0.0,0.0,0.0,0.0,0.0,0.0,/79H,
Dominic Leone,22.0,SEA,AL,0.0,4.0,0.0,0.0,0.0,0.0,0.0,0.0,0.0,0.0,0.0,0.0,0.0,0.0,,,,,,,,0.0,0.0,0.0,0.0,0.0,0.0,1,
Domonic Brown*,26.0,PHI,NL,-1.3,144.0,512.0,473.0,47.0,111.0,22.0,1.0,10.0,63.0,7.0,1.0,34.0,91.0,0.235,0.285,0.349,0.634,77.0,0.294,75.0,165.0,9.0,1.0,0.0,4.0,4.0,*7H/D,
Don Kelly*,34.0,DET,AL,-0.5,95.0,185.0,163.0,24.0,40.0,5.0,1.0,0.0,7.0,6.0,1.0,20.0,29.0,0.245,0.332,0.288,0.62,78.0,0.293,74.0,47.0,6.0,1.0,1.0,0.0,1.0,53H9/784D,
Donald Lutz*,25.0,CIN,NL,-0.4,28.0,54.0,51.0,2.0,9.0,4.0,0.0,0.0,1.0,0.0,0.0,3.0,19.0,0.176,0.222,0.255,0.477,34.0,0.208,12.0,13.0,0.0,0.0,0.0,0.0,1.0,H/379D,
Donn Roach,24.0,SDP,NL,0.1,16.0,4.0,4.0,0.0,1.0,1.0,0.0,0.0,0.0,0.0,0.0,0.0,1.0,0.25,0.25,0.5,0.75,112.0,0.32,107.0,2.0,0.0,0.0,0.0,0.0,0.0,1,
Donnie Murphy,31.0,TEX,AL,-0.2,45.0,128.0,112.0,11.0,22.0,3.0,0.0,4.0,14.0,0.0,1.0,11.0,38.0,0.196,0.268,0.33,0.598,66.0,0.278,67.0,37.0,2.0,1.0,1.0,3.0,0.0,4/DH35,
Donnie Veal*,29.0,CHW,AL,0.0,1.0,0.0,0.0,0.0,0.0,0.0,0.0,0.0,0.0,0.0,0.0,0.0,0.0,,,,,,,,0.0,0.0,0.0,0.0,0.0,0.0,/1,
Donovan Solano,26.0,MIA,NL,-0.3,111.0,340.0,310.0,26.0,78.0,11.0,1.0,3.0,28.0,1.0,2.0,19.0,61.0,0.252,0.3,0.323,0.623,75.0,0.287,74.0,100.0,5.0,3.0,7.0,1.0,0.0,4H/65,
Doug Bernier,34.0,MIN,AL,0.1,7.0,9.0,7.0,2.0,2.0,0.0,0.0,0.0,0.0,0.0,0.0,1.0,2.0,0.286,0.444,0.286,0.73,112.0,0.36,127.0,2.0,0.0,1.0,0.0,0.0,0.0,/H64D,
Doug Fister*,30.0,WSN,NL,-0.3,24.0,62.0,52.0,3.0,4.0,1.0,0.0,0.0,0.0,0.0,0.0,1.0,21.0,0.077,0.094,0.096,0.19,-47.0,0.121,-82.0,5.0,0.0,0.0,9.0,0.0,0.0,1/H,CYA-8
Drake Britton*,25.0,BOS,AL,0.0,2.0,0.0,0.0,0.0,0.0,0.0,0.0,0.0,0.0,0.0,0.0,0.0,0.0,,,,,,,,0.0,0.0,0.0,0.0,0.0,0.0,/1,
Drew Butera,30.0,LAD,NL,-0.3,61.0,192.0,170.0,16.0,32.0,6.0,1.0,3.0,14.0,0.0,0.0,17.0,41.0,0.188,0.267,0.288,0.555,59.0,0.252,50.0,49.0,1.0,2.0,1.0,2.0,1.0,2/H13,
Drew Hutchison*,23.0,TOR,AL,0.1,4.0,4.0,4.0,0.0,2.0,0.0,0.0,0.0,0.0,0.0,0.0,0.0,2.0,0.5,0.5,0.5,1.0,186.0,0.454,200.0,2.0,0.0,0.0,0.0,0.0,0.0,1/H,
Drew Rucinski,25.0,LAA,AL,0.0,1.0,0.0,0.0,0.0,0.0,0.0,0.0,0.0,0.0,0.0,0.0,0.0,0.0,,,,,,,,0.0,0.0,0.0,0.0,0.0,0.0,/1,
Drew Smyly*,25.0,DET,AL,0.0,1.0,1.0,1.0,0.0,0.0,0.0,0.0,0.0,0.0,0.0,0.0,0.0,1.0,0.0,0.0,0.0,0.0,-100.0,0.0,-127.0,0.0,0.0,0.0,0.0,0.0,0.0,1,
Drew Storen#,26.0,WSN,NL,0.0,62.0,0.0,0.0,0.0,0.0,0.0,0.0,0.0,0.0,0.0,0.0,0.0,0.0,,,,,,,,0.0,0.0,0.0,0.0,0.0,0.0,1,
Drew Stubbs,29.0,COL,NL,2.3,132.0,424.0,388.0,67.0,112.0,22.0,4.0,15.0,43.0,20.0,3.0,30.0,136.0,0.289,0.339,0.482,0.821,114.0,0.373,117.0,187.0,4.0,1.0,2.0,3.0,1.0,*8H,
Dustin Ackley*,26.0,SEA,AL,1.9,143.0,542.0,502.0,64.0,123.0,27.0,4.0,14.0,65.0,8.0,4.0,32.0,90.0,0.245,0.293,0.398,0.692,99.0,0.306,94.0,200.0,10.0,3.0,3.0,2.0,1.0,*7H/D,
Dustin McGowan,32.0,TOR,AL,-0.1,4.0,4.0,4.0,0.0,0.0,0.0,0.0,0.0,0.0,0.0,0.0,0.0,3.0,0.0,0.0,0.0,0.0,-100.0,0.0,-140.0,0.0,0.0,0.0,0.0,0.0,0.0,1,
Dustin Pedroia,30.0,BOS,AL,3.9,135.0,609.0,551.0,72.0,153.0,33.0,0.0,7.0,53.0,6.0,6.0,51.0,75.0,0.278,0.337,0.376,0.712,99.0,0.326,101.0,207.0,14.0,1.0,0.0,6.0,1.0,*4/H,GG
Dylan Axelrod,28.0,CIN,NL,-0.1,4.0,4.0,4.0,0.0,0.0,0.0,0.0,0.0,0.0,0.0,0.0,0.0,4.0,0.0,0.0,0.0,0.0,-100.0,0.0,-144.0,0.0,0.0,0.0,0.0,0.0,0.0,/1,
Ed Lucas,32.0,MIA,NL,-0.5,69.0,189.0,179.0,19.0,45.0,5.0,0.0,1.0,9.0,1.0,0.0,8.0,48.0,0.251,0.283,0.296,0.58,63.0,0.272,60.0,53.0,4.0,0.0,2.0,0.0,0.0,H46/3579,
Eddie Butler,23.0,COL,NL,-0.1,3.0,6.0,6.0,0.0,0.0,0.0,0.0,0.0,0.0,0.0,0.0,0.0,3.0,0.0,0.0,0.0,0.0,-100.0,0.0,-155.0,0.0,0.0,0.0,0.0,0.0,0.0,/1,
Edinson Vólquez,30.0,PIT,NL,-0.4,30.0,64.0,53.0,3.0,2.0,0.0,0.0,0.0,2.0,0.0,0.0,3.0,27.0,0.038,0.089,0.038,0.127,-62.0,0.069,-116.0,2.0,0.0,0.0,8.0,0.0,0.0,1,
Eduardo Escobar#,25.0,MIN,AL,0.9,133.0,465.0,433.0,52.0,119.0,35.0,2.0,6.0,37.0,1.0,1.0,24.0,93.0,0.275,0.315,0.406,0.721,102.0,0.322,99.0,176.0,6.0,2.0,4.0,2.0,1.0,65/4H78D,
Eduardo Núñez,27.0,MIN,AL,-0.1,72.0,213.0,204.0,26.0,51.0,7.0,4.0,4.0,24.0,9.0,3.0,5.0,31.0,0.25,0.271,0.382,0.654,82.0,0.293,74.0,78.0,7.0,1.0,3.0,0.0,0.0,H567/D49,
Edward Mujica,30.0,BOS,AL,0.0,4.0,0.0,0.0,0.0,0.0,0.0,0.0,0.0,0.0,0.0,0.0,0.0,0.0,,,,,,,,0.0,0.0,0.0,0.0,0.0,0.0,1,
Edwin Encarnación,31.0,TOR,AL,3.8,128.0,542.0,477.0,75.0,128.0,27.0,2.0,34.0,98.0,2.0,0.0,62.0,82.0,0.268,0.354,0.547,0.901,152.0,0.393,153.0,261.0,18.0,2.0,0.0,1.0,6.0,3D/7H,AS
Edwin Jackson,30.0,CHC,NL,0.2,28.0,44.0,40.0,2.0,7.0,2.0,0.0,0.0,0.0,0.0,0.0,0.0,21.0,0.175,0.175,0.225,0.4,11.0,0.2,-3.0,9.0,0.0,0.0,4.0,0.0,0.0,1/H,
Efren Navarro*,28.0,LAA,AL,0.0,64.0,174.0,159.0,17.0,39.0,10.0,1.0,1.0,14.0,1.0,3.0,13.0,27.0,0.245,0.302,0.34,0.642,86.0,0.284,83.0,54.0,0.0,0.0,2.0,0.0,2.0,37H/9D,
Ehire Adrianza#,24.0,SFG,NL,-0.5,53.0,106.0,97.0,10.0,23.0,6.0,0.0,0.0,5.0,1.0,1.0,5.0,22.0,0.237,0.279,0.299,0.578,66.0,0.27,66.0,29.0,2.0,1.0,2.0,1.0,1.0,4H/65,
Eli Whiteside,34.0,CHC,NL,-0.4,8.0,26.0,25.0,0.0,3.0,1.0,0.0,0.0,2.0,1.0,0.0,0.0,8.0,0.12,0.115,0.16,0.275,-24.0,0.129,-54.0,4.0,0.0,0.0,0.0,1.0,0.0,/2,
Elián Herrera#,29.0,MIL,NL,-0.5,69.0,140.0,135.0,14.0,37.0,7.0,1.0,0.0,5.0,4.0,1.0,3.0,36.0,0.274,0.288,0.341,0.629,74.0,0.284,64.0,46.0,1.0,0.0,1.0,1.0,1.0,H965/478,
Elliot Johnson#,30.0,CLE,AL,-0.4,7.0,20.0,19.0,1.0,2.0,2.0,0.0,0.0,0.0,0.0,0.0,0.0,7.0,0.105,0.105,0.211,0.316,-14.0,0.134,-49.0,4.0,0.0,0.0,1.0,0.0,0.0,/94H5,
Elvis Andrus,25.0,TEX,AL,0.8,157.0,685.0,619.0,72.0,163.0,35.0,1.0,2.0,41.0,27.0,15.0,46.0,96.0,0.263,0.314,0.333,0.647,81.0,0.299,81.0,206.0,21.0,3.0,9.0,7.0,0.0,*6/DH,
Emilio Bonifácio#,29.0,2TM,NL,1.2,110.0,426.0,394.0,47.0,102.0,17.0,4.0,3.0,24.0,26.0,8.0,26.0,85.0,0.259,0.305,0.345,0.65,82.0,0.304,79.0,136.0,2.0,0.0,6.0,0.0,2.0,84H/5967D,
Emilio Bonifácio#,29.0,CHC,NL,1.5,69.0,298.0,276.0,35.0,77.0,14.0,3.0,2.0,18.0,14.0,6.0,16.0,49.0,0.279,0.318,0.373,0.692,92.0,0.316,90.0,103.0,1.0,0.0,6.0,0.0,2.0,84/5H6,
Emilio Bonifácio#,29.0,ATL,NL,-0.3,41.0,128.0,118.0,12.0,25.0,3.0,1.0,1.0,6.0,12.0,2.0,10.0,36.0,0.212,0.273,0.28,0.553,57.0,0.276,54.0,33.0,1.0,0.0,0.0,0.0,0.0,8H/9476D,
Ender Inciarte*,23.0,ARI,NL,3.3,118.0,447.0,418.0,54.0,116.0,18.0,2.0,4.0,27.0,19.0,3.0,25.0,53.0,0.278,0.318,0.359,0.677,89.0,0.32,89.0,150.0,3.0,0.0,4.0,0.0,0.0,*87H/9,ROY-5
Endy Chávez*,36.0,SEA,AL,0.4,80.0,258.0,232.0,22.0,64.0,12.0,2.0,2.0,23.0,5.0,2.0,15.0,30.0,0.276,0.317,0.371,0.688,99.0,0.318,102.0,86.0,2.0,0.0,9.0,2.0,0.0,9HD7/8,
Erasmo Ramírez,24.0,SEA,AL,0.0,2.0,3.0,2.0,0.0,0.0,0.0,0.0,0.0,0.0,0.0,0.0,0.0,1.0,0.0,0.0,0.0,0.0,-100.0,0.0,-252.0,0.0,0.0,0.0,1.0,0.0,0.0,1,
Eric Campbell,27.0,NYM,NL,0.5,85.0,211.0,190.0,16.0,50.0,9.0,0.0,3.0,16.0,3.0,0.0,17.0,55.0,0.263,0.322,0.358,0.68,96.0,0.316,98.0,68.0,5.0,1.0,0.0,3.0,0.0,H753/96D4,
Eric Chávez*,36.0,ARI,NL,0.4,44.0,81.0,69.0,6.0,17.0,3.0,1.0,3.0,8.0,2.0,0.0,11.0,19.0,0.246,0.346,0.449,0.795,120.0,0.359,120.0,31.0,2.0,0.0,0.0,1.0,0.0,H5/D,
Eric Fornataro,26.0,STL,NL,0.0,8.0,0.0,0.0,0.0,0.0,0.0,0.0,0.0,0.0,0.0,0.0,0.0,0.0,,,,,,,,0.0,0.0,0.0,0.0,0.0,0.0,/1,
Eric Fryer,28.0,MIN,AL,0.0,28.0,81.0,75.0,11.0,16.0,4.0,0.0,1.0,5.0,1.0,0.0,5.0,15.0,0.213,0.272,0.307,0.578,63.0,0.273,61.0,23.0,0.0,1.0,0.0,0.0,0.0,2/HD,
Eric Hosmer*,24.0,KCR,AL,0.8,131.0,547.0,503.0,54.0,136.0,35.0,1.0,9.0,58.0,4.0,2.0,35.0,93.0,0.27,0.318,0.398,0.716,99.0,0.316,93.0,200.0,12.0,3.0,0.0,6.0,4.0,*3/H,GG
Eric Jokisch,24.0,CHC,NL,-0.1,4.0,5.0,3.0,0.0,0.0,0.0,0.0,0.0,0.0,0.0,0.0,0.0,1.0,0.0,0.0,0.0,0.0,-100.0,0.0,-306.0,0.0,0.0,0.0,2.0,0.0,0.0,/1,
Eric O'Flaherty*,29.0,OAK,AL,0.0,4.0,0.0,0.0,0.0,0.0,0.0,0.0,0.0,0.0,0.0,0.0,0.0,0.0,,,,,,,,0.0,0.0,0.0,0.0,0.0,0.0,1,
Eric Sogard*,28.0,OAK,AL,0.7,117.0,329.0,291.0,38.0,65.0,10.0,0.0,1.0,22.0,11.0,4.0,31.0,37.0,0.223,0.298,0.268,0.567,64.0,0.27,62.0,78.0,6.0,1.0,4.0,2.0,0.0,46H/D,
Eric Stults*,34.0,SDP,NL,-0.2,29.0,53.0,48.0,1.0,4.0,1.0,0.0,0.0,1.0,0.0,0.0,1.0,18.0,0.083,0.102,0.104,0.206,-40.0,0.096,-75.0,5.0,1.0,0.0,4.0,0.0,0.0,1,
Eric Young Jr.#,29.0,NYM,NL,1.1,100.0,316.0,280.0,48.0,64.0,10.0,5.0,1.0,17.0,30.0,6.0,24.0,60.0,0.229,0.299,0.311,0.61,77.0,0.308,83.0,87.0,2.0,5.0,5.0,2.0,1.0,7H/48D,
Erick Aybar#,30.0,LAA,AL,3.9,156.0,642.0,589.0,77.0,164.0,30.0,4.0,7.0,68.0,16.0,9.0,36.0,62.0,0.278,0.321,0.379,0.7,103.0,0.316,103.0,223.0,10.0,5.0,3.0,8.0,4.0,*6/H,AS
Erik Cordier,28.0,SFG,NL,0.0,7.0,0.0,0.0,0.0,0.0,0.0,0.0,0.0,0.0,0.0,0.0,0.0,0.0,,,,,,,,0.0,0.0,0.0,0.0,0.0,0.0,/1,
Erik Goeddel,25.0,NYM,NL,0.0,6.0,0.0,0.0,0.0,0.0,0.0,0.0,0.0,0.0,0.0,0.0,0.0,0.0,,,,,,,,0.0,0.0,0.0,0.0,0.0,0.0,/1,
Erik Johnson,24.0,CHW,AL,0.0,1.0,3.0,3.0,0.0,0.0,0.0,0.0,0.0,0.0,0.0,0.0,0.0,0.0,0.0,0.0,0.0,0.0,-100.0,0.0,-134.0,0.0,0.0,0.0,0.0,0.0,0.0,/1,
Erik Kratz,34.0,2TM,AL,0.3,47.0,115.0,110.0,12.0,24.0,4.0,0.0,5.0,13.0,0.0,0.0,4.0,22.0,0.218,0.243,0.391,0.634,76.0,0.273,64.0,43.0,4.0,0.0,0.0,1.0,1.0,2H/D,
Erik Kratz,34.0,TOR,AL,0.2,34.0,84.0,81.0,8.0,16.0,3.0,0.0,3.0,10.0,0.0,0.0,3.0,12.0,0.198,0.226,0.346,0.572,60.0,0.251,48.0,28.0,3.0,0.0,0.0,0.0,0.0,2H/D,
Erik Kratz,34.0,KCR,AL,0.1,13.0,31.0,29.0,4.0,8.0,1.0,0.0,2.0,3.0,0.0,0.0,1.0,10.0,0.276,0.29,0.517,0.808,120.0,0.334,106.0,15.0,1.0,0.0,0.0,1.0,1.0,2/HD,
Erisbel Arruebarrena,24.0,LAD,NL,-0.4,22.0,45.0,41.0,4.0,8.0,1.0,0.0,0.0,4.0,0.0,0.0,3.0,17.0,0.195,0.244,0.22,0.464,34.0,0.216,24.0,9.0,1.0,0.0,0.0,1.0,0.0,6/H,
Ernesto Frieri,28.0,2TM,2LG,0.0,19.0,0.0,0.0,0.0,0.0,0.0,0.0,0.0,0.0,0.0,0.0,0.0,0.0,,,,,,,,0.0,0.0,0.0,0.0,0.0,0.0,1,
Ernesto Frieri,28.0,LAA,AL,0.0,5.0,0.0,0.0,0.0,0.0,0.0,0.0,0.0,0.0,0.0,0.0,0.0,0.0,,,,,,,,0.0,0.0,0.0,0.0,0.0,0.0,1,
Ernesto Frieri,28.0,PIT,NL,0.0,14.0,0.0,0.0,0.0,0.0,0.0,0.0,0.0,0.0,0.0,0.0,0.0,0.0,,,,,,,,0.0,0.0,0.0,0.0,0.0,0.0,1,
Ervin Santana,31.0,ATL,NL,-0.1,31.0,73.0,63.0,7.0,7.0,1.0,0.0,0.0,1.0,0.0,0.0,2.0,28.0,0.111,0.138,0.127,0.265,-24.0,0.123,-66.0,8.0,1.0,0.0,8.0,0.0,0.0,1,
Esmil Rogers,28.0,TOR,AL,0.0,1.0,1.0,1.0,0.0,0.0,0.0,0.0,0.0,0.0,0.0,0.0,0.0,0.0,0.0,0.0,0.0,0.0,-100.0,0.0,-127.0,0.0,0.0,0.0,0.0,0.0,0.0,1,
Ethan Martin,25.0,PHI,NL,0.0,2.0,0.0,0.0,0.0,0.0,0.0,0.0,0.0,0.0,0.0,0.0,0.0,0.0,,,,,,,,0.0,0.0,0.0,0.0,0.0,0.0,/1,
Eugenio Suárez,22.0,DET,AL,0.8,85.0,277.0,244.0,33.0,59.0,9.0,1.0,4.0,23.0,3.0,2.0,22.0,67.0,0.242,0.316,0.336,0.652,85.0,0.302,86.0,82.0,3.0,5.0,5.0,1.0,1.0,6/H5D,
Eury De La Rosa*,24.0,ARI,NL,0.0,24.0,3.0,2.0,0.0,0.0,0.0,0.0,0.0,0.0,0.0,0.0,0.0,2.0,0.0,0.0,0.0,0.0,-100.0,0.0,-257.0,0.0,0.0,0.0,1.0,0.0,0.0,1,
Eury Pérez,24.0,NYY,AL,-0.1,4.0,10.0,10.0,2.0,2.0,0.0,0.0,0.0,0.0,1.0,0.0,0.0,3.0,0.2,0.2,0.2,0.4,14.0,0.207,-3.0,2.0,0.0,0.0,0.0,0.0,0.0,/89,
Evan Gattis,27.0,ATL,NL,2.2,108.0,401.0,369.0,41.0,97.0,17.0,1.0,22.0,52.0,0.0,0.0,22.0,97.0,0.263,0.317,0.493,0.81,126.0,0.357,128.0,182.0,9.0,8.0,0.0,2.0,3.0,2H/D,
Evan Longoria,28.0,TBR,AL,3.7,162.0,700.0,624.0,83.0,158.0,26.0,1.0,22.0,91.0,5.0,0.0,57.0,133.0,0.253,0.32,0.404,0.724,107.0,0.332,111.0,252.0,15.0,9.0,1.0,9.0,11.0,*5/D,
Evan Marshall,24.0,ARI,NL,0.0,52.0,0.0,0.0,0.0,0.0,0.0,0.0,0.0,0.0,0.0,0.0,0.0,0.0,,,,,,,,0.0,0.0,0.0,0.0,0.0,0.0,1,
Evan Reed,28.0,DET,AL,0.0,1.0,0.0,0.0,0.0,0.0,0.0,0.0,0.0,0.0,0.0,0.0,0.0,0.0,,,,,,,,0.0,0.0,0.0,0.0,0.0,0.0,1,
Evan Scribner,28.0,OAK,AL,0.0,1.0,0.0,0.0,0.0,0.0,0.0,0.0,0.0,0.0,0.0,0.0,0.0,0.0,,,,,,,,0.0,0.0,0.0,0.0,0.0,0.0,1,
Everth Cabrera#,27.0,SDP,NL,0.1,90.0,391.0,357.0,36.0,83.0,13.0,1.0,3.0,20.0,18.0,8.0,20.0,86.0,0.232,0.272,0.3,0.572,67.0,0.272,68.0,107.0,5.0,1.0,9.0,4.0,0.0,6,
Ezequiel Carrera*,27.0,DET,AL,0.3,45.0,73.0,69.0,12.0,18.0,4.0,1.0,0.0,2.0,7.0,1.0,3.0,14.0,0.261,0.301,0.348,0.649,83.0,0.326,90.0,24.0,2.0,1.0,0.0,0.0,1.0,8H/7D,
Felipe Paulino,30.0,CHW,AL,0.0,1.0,1.0,1.0,0.0,0.0,0.0,0.0,0.0,0.0,0.0,0.0,0.0,0.0,0.0,0.0,0.0,0.0,-100.0,0.0,-127.0,0.0,1.0,0.0,0.0,0.0,0.0,/1,
Fernando Abad*,28.0,OAK,AL,0.0,7.0,0.0,0.0,0.0,0.0,0.0,0.0,0.0,0.0,0.0,0.0,0.0,0.0,,,,,,,,0.0,0.0,0.0,0.0,0.0,0.0,1,
Fernando Rodney,37.0,SEA,AL,0.0,7.0,0.0,0.0,0.0,0.0,0.0,0.0,0.0,0.0,0.0,0.0,0.0,0.0,,,,,,,,0.0,0.0,0.0,0.0,0.0,0.0,1,AS
Fernando Salas,29.0,LAA,AL,0.0,5.0,0.0,0.0,0.0,0.0,0.0,0.0,0.0,0.0,0.0,0.0,0.0,0.0,,,,,,,,0.0,0.0,0.0,0.0,0.0,0.0,1,
Francisco Cervelli,28.0,NYY,AL,1.2,49.0,162.0,146.0,18.0,44.0,11.0,1.0,2.0,13.0,1.0,0.0,11.0,41.0,0.301,0.37,0.432,0.802,127.0,0.359,127.0,63.0,5.0,5.0,0.0,0.0,0.0,2/3HD,
Francisco Liriano*,30.0,PIT,NL,-0.2,28.0,52.0,45.0,1.0,5.0,0.0,0.0,0.0,0.0,0.0,0.0,2.0,14.0,0.111,0.149,0.111,0.26,-25.0,0.124,-64.0,5.0,1.0,0.0,5.0,0.0,0.0,1,
Francisco Peña,24.0,KCR,AL,0.1,1.0,0.0,0.0,0.0,0.0,0.0,0.0,0.0,0.0,0.0,0.0,0.0,0.0,,,,,,,,0.0,0.0,0.0,0.0,0.0,0.0,/2,
Francisco Rodríguez,32.0,MIL,NL,0.0,65.0,0.0,0.0,0.0,0.0,0.0,0.0,0.0,0.0,0.0,0.0,0.0,0.0,,,,,,,,0.0,0.0,0.0,0.0,0.0,0.0,1,AS
Francisley Bueno*,33.0,KCR,AL,0.0,2.0,0.0,0.0,0.0,0.0,0.0,0.0,0.0,0.0,0.0,0.0,0.0,0.0,,,,,,,,0.0,0.0,0.0,0.0,0.0,0.0,1,
Frank Garcés*,24.0,SDP,NL,0.0,15.0,0.0,0.0,0.0,0.0,0.0,0.0,0.0,0.0,0.0,0.0,0.0,0.0,,,,,,,,0.0,0.0,0.0,0.0,0.0,0.0,1,
Franklin Morales*,28.0,COL,NL,0.0,34.0,39.0,30.0,2.0,3.0,0.0,0.0,0.0,0.0,0.0,0.0,3.0,15.0,0.1,0.182,0.1,0.282,-23.0,0.167,-55.0,3.0,0.0,0.0,6.0,0.0,0.0,1,
Freddie Freeman*,24.0,ATL,NL,3.0,162.0,708.0,607.0,93.0,175.0,43.0,4.0,18.0,78.0,3.0,4.0,90.0,145.0,0.288,0.386,0.461,0.847,139.0,0.376,143.0,280.0,18.0,8.0,0.0,3.0,4.0,*3,"AS,MVP-23"
Freddy Galvis#,24.0,PHI,NL,-0.6,43.0,128.0,119.0,14.0,21.0,3.0,1.0,4.0,12.0,1.0,0.0,8.0,30.0,0.176,0.227,0.319,0.546,51.0,0.252,44.0,38.0,0.0,0.0,0.0,1.0,0.0,65/4H,
Félix Doubront*,26.0,CHC,NL,0.0,4.0,8.0,7.0,0.0,1.0,0.0,0.0,0.0,0.0,0.0,0.0,1.0,5.0,0.143,0.25,0.143,0.393,13.0,0.187,-5.0,1.0,0.0,0.0,0.0,0.0,0.0,/1,
Félix Hernández,28.0,SEA,AL,0.0,1.0,3.0,2.0,0.0,0.0,0.0,0.0,0.0,0.0,0.0,0.0,0.0,0.0,0.0,0.0,0.0,0.0,-100.0,0.0,-252.0,0.0,0.0,0.0,1.0,0.0,0.0,1,"AS,CYA-2,MVP-10"
Gaby Sánchez,30.0,PIT,NL,-0.1,123.0,290.0,262.0,31.0,60.0,18.0,1.0,7.0,33.0,2.0,0.0,23.0,58.0,0.229,0.293,0.385,0.679,90.0,0.31,89.0,101.0,6.0,2.0,0.0,3.0,0.0,3H/D9,
Garin Cecchini*,23.0,BOS,AL,0.4,11.0,36.0,31.0,6.0,8.0,3.0,0.0,1.0,4.0,0.0,0.0,3.0,11.0,0.258,0.361,0.452,0.813,126.0,0.386,145.0,14.0,0.0,2.0,0.0,0.0,0.0,/5DH,
Garrett Jones*,33.0,MIA,NL,-0.5,146.0,547.0,496.0,59.0,122.0,33.0,2.0,15.0,53.0,0.0,1.0,46.0,116.0,0.246,0.309,0.411,0.72,101.0,0.316,95.0,204.0,10.0,1.0,0.0,4.0,4.0,*3H/9,
Garrett Richards,26.0,LAA,AL,-0.2,4.0,11.0,11.0,0.0,0.0,0.0,0.0,0.0,0.0,0.0,0.0,0.0,4.0,0.0,0.0,0.0,0.0,-100.0,0.0,-132.0,0.0,1.0,0.0,0.0,0.0,0.0,1,
Gary Brown,25.0,SFG,NL,0.1,7.0,7.0,7.0,1.0,3.0,0.0,0.0,0.0,1.0,0.0,0.0,0.0,0.0,0.429,0.429,0.429,0.857,148.0,0.36,132.0,3.0,0.0,0.0,0.0,0.0,0.0,/8H,
Gavin Floyd,31.0,ATL,NL,-0.1,8.0,18.0,18.0,0.0,2.0,0.0,0.0,0.0,0.0,0.0,0.0,0.0,12.0,0.111,0.111,0.111,0.222,-37.0,0.095,-69.0,2.0,0.0,0.0,0.0,0.0,0.0,/1,
George Kontos,29.0,SFG,NL,0.0,22.0,2.0,1.0,0.0,0.0,0.0,0.0,0.0,0.0,0.0,0.0,0.0,0.0,0.0,0.0,0.0,0.0,-100.0,0.0,-390.0,0.0,0.0,0.0,1.0,0.0,0.0,1,
George Kottaras*,31.0,3TM,2LG,0.4,18.0,38.0,30.0,4.0,7.0,0.0,0.0,3.0,5.0,0.0,0.0,6.0,16.0,0.233,0.351,0.533,0.885,145.0,0.4,159.0,16.0,0.0,0.0,1.0,1.0,0.0,2/H,
George Kottaras*,31.0,2TM,AL,0.3,14.0,32.0,25.0,4.0,6.0,0.0,0.0,3.0,4.0,0.0,0.0,5.0,14.0,0.24,0.355,0.6,0.955,163.0,0.4,160.0,15.0,0.0,0.0,1.0,1.0,0.0,2/H,
George Kottaras*,31.0,CLE,AL,0.3,10.0,27.0,21.0,4.0,6.0,0.0,0.0,3.0,4.0,0.0,0.0,4.0,11.0,0.286,0.385,0.714,1.099,200.0,0.45,197.0,15.0,0.0,0.0,1.0,1.0,0.0,/2H,
George Kottaras*,31.0,STL,NL,0.1,4.0,6.0,5.0,0.0,1.0,0.0,0.0,0.0,1.0,0.0,0.0,1.0,2.0,0.2,0.333,0.2,0.533,55.0,0.401,158.0,1.0,0.0,0.0,0.0,0.0,0.0,/2H,
George Kottaras*,31.0,TOR,AL,-0.1,4.0,5.0,4.0,0.0,0.0,0.0,0.0,0.0,0.0,0.0,0.0,1.0,3.0,0.0,0.2,0.0,0.2,-37.0,0.139,-34.0,0.0,0.0,0.0,0.0,0.0,0.0,/2H,
George Springer,24.0,HOU,AL,2.0,78.0,345.0,295.0,45.0,68.0,8.0,1.0,20.0,51.0,5.0,2.0,39.0,114.0,0.231,0.336,0.468,0.804,126.0,0.363,131.0,138.0,4.0,9.0,0.0,2.0,4.0,9/8D,ROY-8
Geovany Soto,31.0,2TM,AL,0.2,24.0,87.0,80.0,8.0,20.0,6.0,0.0,1.0,11.0,0.0,0.0,6.0,19.0,0.25,0.302,0.363,0.665,88.0,0.306,89.0,29.0,6.0,0.0,1.0,0.0,0.0,2,
Geovany Soto,31.0,TEX,AL,-0.3,10.0,38.0,38.0,5.0,9.0,2.0,0.0,1.0,3.0,0.0,0.0,0.0,11.0,0.237,0.237,0.368,0.605,66.0,0.284,69.0,14.0,3.0,0.0,0.0,0.0,0.0,2,
Geovany Soto,31.0,OAK,AL,0.5,14.0,49.0,42.0,3.0,11.0,4.0,0.0,0.0,8.0,0.0,0.0,6.0,8.0,0.262,0.354,0.357,0.711,105.0,0.323,104.0,15.0,3.0,0.0,1.0,0.0,0.0,2,
Gerald Laird,34.0,ATL,NL,-0.5,53.0,167.0,152.0,12.0,31.0,8.0,0.0,0.0,10.0,0.0,0.0,14.0,33.0,0.204,0.275,0.257,0.532,52.0,0.241,40.0,39.0,6.0,1.0,0.0,0.0,2.0,2/H,
Gerardo Parra*,27.0,2TM,NL,-0.5,150.0,574.0,529.0,64.0,138.0,22.0,4.0,9.0,40.0,9.0,7.0,32.0,100.0,0.261,0.308,0.369,0.677,88.0,0.304,84.0,195.0,10.0,5.0,6.0,2.0,5.0,*978H,
Gerardo Parra*,27.0,ARI,NL,-0.3,104.0,440.0,406.0,51.0,105.0,18.0,3.0,6.0,30.0,5.0,5.0,24.0,72.0,0.259,0.305,0.362,0.667,85.0,0.301,83.0,147.0,6.0,4.0,4.0,2.0,3.0,9/8H,
Gerardo Parra*,27.0,MIL,NL,-0.2,46.0,134.0,123.0,13.0,33.0,4.0,1.0,3.0,10.0,4.0,2.0,8.0,28.0,0.268,0.318,0.39,0.708,96.0,0.311,87.0,48.0,4.0,1.0,2.0,0.0,2.0,7/8H9,
Gerrit Cole,23.0,PIT,NL,0.2,22.0,52.0,46.0,3.0,8.0,0.0,0.0,1.0,2.0,0.0,0.0,2.0,17.0,0.174,0.208,0.239,0.447,26.0,0.204,4.0,11.0,2.0,0.0,4.0,0.0,0.0,1/H,
Giancarlo Stanton,24.0,MIA,NL,6.5,145.0,638.0,539.0,89.0,155.0,31.0,1.0,37.0,105.0,13.0,1.0,94.0,170.0,0.288,0.395,0.555,0.95,164.0,0.409,163.0,299.0,16.0,3.0,0.0,2.0,24.0,*9/DH,"AS,MVP-2,SS"
Gio González,28.0,WSN,NL,-0.2,24.0,52.0,46.0,3.0,4.0,1.0,0.0,1.0,2.0,0.0,0.0,0.0,26.0,0.087,0.087,0.174,0.261,-30.0,0.114,-82.0,8.0,0.0,0.0,6.0,0.0,0.0,1,
Glen Perkins*,31.0,MIN,AL,0.0,4.0,0.0,0.0,0.0,0.0,0.0,0.0,0.0,0.0,0.0,0.0,0.0,0.0,,,,,,,,0.0,0.0,0.0,0.0,0.0,0.0,1,AS
González Germen,26.0,NYM,NL,0.0,22.0,1.0,1.0,0.0,0.0,0.0,0.0,0.0,0.0,0.0,0.0,0.0,1.0,0.0,0.0,0.0,0.0,-100.0,0.0,-140.0,0.0,0.0,0.0,0.0,0.0,0.0,1,
Gordon Beckham,27.0,2TM,AL,0.9,127.0,483.0,446.0,53.0,101.0,27.0,0.0,9.0,44.0,3.0,0.0,22.0,81.0,0.226,0.271,0.348,0.618,77.0,0.286,76.0,155.0,17.0,7.0,3.0,5.0,2.0,45/H6D,
Gordon Beckham,27.0,CHW,AL,0.7,101.0,422.0,390.0,43.0,86.0,24.0,0.0,7.0,36.0,3.0,0.0,19.0,70.0,0.221,0.263,0.336,0.598,71.0,0.28,71.0,131.0,12.0,5.0,3.0,5.0,1.0,4/H,
Gordon Beckham,27.0,LAA,AL,0.2,26.0,61.0,56.0,10.0,15.0,3.0,0.0,2.0,8.0,0.0,0.0,3.0,11.0,0.268,0.328,0.429,0.756,118.0,0.327,110.0,24.0,5.0,2.0,0.0,0.0,1.0,5/H64D,
Grady Sizemore*,31.0,2TM,2LG,0.2,112.0,381.0,347.0,35.0,81.0,19.0,4.0,5.0,27.0,6.0,1.0,33.0,76.0,0.233,0.299,0.354,0.654,82.0,0.308,85.0,123.0,10.0,0.0,0.0,1.0,0.0,798H,
Grady Sizemore*,31.0,BOS,AL,-0.1,52.0,205.0,185.0,14.0,40.0,10.0,2.0,2.0,15.0,5.0,0.0,19.0,41.0,0.216,0.288,0.324,0.612,71.0,0.293,71.0,60.0,6.0,0.0,0.0,1.0,0.0,789/H,
Grady Sizemore*,31.0,PHI,NL,0.3,60.0,176.0,162.0,21.0,41.0,9.0,2.0,3.0,12.0,1.0,1.0,14.0,35.0,0.253,0.313,0.389,0.701,95.0,0.327,102.0,63.0,4.0,0.0,0.0,0.0,0.0,7H9/8,
Grant Balfour,36.0,TBR,AL,0.0,4.0,0.0,0.0,0.0,0.0,0.0,0.0,0.0,0.0,0.0,0.0,0.0,0.0,,,,,,,,0.0,0.0,0.0,0.0,0.0,0.0,1,
Grant Green,26.0,LAA,AL,-0.1,43.0,103.0,99.0,7.0,27.0,5.0,0.0,1.0,11.0,1.0,4.0,2.0,20.0,0.273,0.282,0.354,0.635,83.0,0.278,86.0,35.0,3.0,0.0,0.0,2.0,0.0,7H4/5D36,
Greg Dobbs*,35.0,2TM,NL,-0.5,36.0,43.0,41.0,0.0,7.0,1.0,0.0,0.0,2.0,0.0,0.0,1.0,8.0,0.171,0.186,0.195,0.381,6.0,0.173,-16.0,8.0,0.0,0.0,0.0,1.0,0.0,H/3,
Greg Dobbs*,35.0,MIA,NL,-0.2,15.0,13.0,13.0,0.0,1.0,0.0,0.0,0.0,0.0,0.0,0.0,0.0,4.0,0.077,0.077,0.077,0.154,-57.0,0.07,-90.0,1.0,0.0,0.0,0.0,0.0,0.0,H,
Greg Dobbs*,35.0,WSN,NL,-0.3,21.0,30.0,28.0,0.0,6.0,1.0,0.0,0.0,2.0,0.0,0.0,1.0,4.0,0.214,0.233,0.25,0.483,34.0,0.217,17.0,7.0,0.0,0.0,0.0,1.0,0.0,H/3,
Greg Garcia*,24.0,STL,NL,0.0,14.0,18.0,14.0,2.0,2.0,1.0,0.0,0.0,1.0,0.0,0.0,1.0,6.0,0.143,0.333,0.214,0.548,58.0,0.28,68.0,3.0,0.0,3.0,0.0,0.0,0.0,H/46,
Greg Holland,28.0,KCR,AL,0.0,6.0,0.0,0.0,0.0,0.0,0.0,0.0,0.0,0.0,0.0,0.0,0.0,0.0,,,,,,,,0.0,0.0,0.0,0.0,0.0,0.0,1,"AS,CYA-9,MVP-16"
Gregorio Petit,29.0,HOU,AL,1.0,37.0,100.0,97.0,14.0,27.0,8.0,0.0,2.0,9.0,0.0,1.0,1.0,25.0,0.278,0.3,0.423,0.723,103.0,0.314,99.0,41.0,1.0,2.0,0.0,0.0,0.0,65/H4D,
Gregory Polanco*,22.0,PIT,NL,0.3,89.0,312.0,277.0,50.0,65.0,9.0,0.0,7.0,33.0,14.0,5.0,30.0,59.0,0.235,0.307,0.343,0.65,84.0,0.298,79.0,95.0,1.0,0.0,2.0,2.0,1.0,9H,
Grégor Blanco*,30.0,SFG,NL,1.8,146.0,444.0,393.0,51.0,102.0,18.0,6.0,5.0,38.0,16.0,5.0,41.0,77.0,0.26,0.333,0.374,0.707,103.0,0.329,107.0,147.0,4.0,3.0,6.0,1.0,1.0,*87H/9,
Guilder Rodríguez#,30.0,TEX,AL,-0.1,7.0,14.0,12.0,2.0,2.0,0.0,0.0,0.0,1.0,0.0,0.0,1.0,5.0,0.167,0.231,0.167,0.397,14.0,0.193,-6.0,2.0,0.0,0.0,1.0,0.0,0.0,/5H4D6,
Guillermo Quiroz,32.0,SFG,NL,-0.1,2.0,3.0,3.0,0.0,0.0,0.0,0.0,0.0,0.0,0.0,0.0,0.0,0.0,0.0,0.0,0.0,0.0,-100.0,0.0,-135.0,0.0,0.0,0.0,0.0,0.0,0.0,/2,
Gus Schlosser,25.0,ATL,NL,0.1,14.0,1.0,1.0,0.0,1.0,0.0,0.0,0.0,0.0,0.0,0.0,0.0,0.0,1.0,1.0,1.0,2.0,471.0,0.909,550.0,1.0,0.0,0.0,0.0,0.0,0.0,1,
Hank Conger#,26.0,LAA,AL,0.9,80.0,260.0,231.0,24.0,51.0,12.0,0.0,4.0,25.0,0.0,2.0,22.0,57.0,0.221,0.293,0.325,0.618,79.0,0.279,77.0,75.0,6.0,2.0,4.0,1.0,0.0,2/H,
Hanley Ramírez,30.0,LAD,NL,3.7,128.0,512.0,449.0,64.0,127.0,35.0,0.0,13.0,71.0,14.0,5.0,56.0,84.0,0.283,0.369,0.448,0.817,133.0,0.377,143.0,201.0,10.0,6.0,0.0,1.0,2.0,*6/HD,
Heath Bell,36.0,TBR,AL,0.0,1.0,0.0,0.0,0.0,0.0,0.0,0.0,0.0,0.0,0.0,0.0,0.0,0.0,,,,,,,,0.0,0.0,0.0,0.0,0.0,0.0,1,
Heath Hembree,25.0,BOS,AL,0.0,1.0,0.0,0.0,0.0,0.0,0.0,0.0,0.0,0.0,0.0,0.0,0.0,0.0,,,,,,,,0.0,0.0,0.0,0.0,0.0,0.0,/1,
Henderson Alvarez III,24.0,MIA,NL,0.2,29.0,67.0,57.0,2.0,11.0,0.0,0.0,0.0,2.0,0.0,0.0,1.0,20.0,0.193,0.203,0.193,0.396,12.0,0.178,-24.0,11.0,0.0,0.0,8.0,1.0,0.0,1,"AS,CYA-12"
Henry Rodríguez,27.0,MIA,NL,0.0,2.0,0.0,0.0,0.0,0.0,0.0,0.0,0.0,0.0,0.0,0.0,0.0,0.0,,,,,,,,0.0,0.0,0.0,0.0,0.0,0.0,/1,
Hernán Pérez,23.0,DET,AL,0.0,8.0,6.0,5.0,1.0,1.0,0.0,0.0,0.0,0.0,0.0,0.0,1.0,1.0,0.2,0.333,0.2,0.533,56.0,0.267,59.0,1.0,0.0,0.0,0.0,0.0,0.0,/456H,
Hiroki Kuroda,39.0,NYY,AL,0.0,1.0,3.0,3.0,0.0,0.0,0.0,0.0,0.0,0.0,0.0,0.0,0.0,0.0,0.0,0.0,0.0,0.0,-100.0,0.0,-138.0,0.0,0.0,0.0,0.0,0.0,0.0,1,
Hisashi Iwakuma,33.0,SEA,AL,0.0,2.0,6.0,4.0,0.0,0.0,0.0,0.0,0.0,0.0,0.0,0.0,1.0,3.0,0.0,0.2,0.0,0.2,-35.0,0.139,-55.0,0.0,0.0,0.0,1.0,0.0,0.0,1,
Homer Bailey,28.0,CIN,NL,0.1,22.0,51.0,41.0,3.0,6.0,0.0,0.0,0.0,3.0,0.0,0.0,2.0,18.0,0.146,0.186,0.146,0.332,-5.0,0.173,-34.0,6.0,1.0,0.0,8.0,0.0,0.0,1,
Howie Kendrick,30.0,LAA,AL,6.1,157.0,674.0,617.0,85.0,181.0,33.0,5.0,7.0,75.0,14.0,5.0,48.0,110.0,0.293,0.347,0.397,0.744,116.0,0.34,119.0,245.0,15.0,4.0,3.0,2.0,8.0,*4/D,MVP-18
Humberto Quintero,34.0,SEA,AL,0.0,3.0,2.0,2.0,0.0,0.0,0.0,0.0,0.0,1.0,0.0,0.0,0.0,1.0,0.0,0.0,0.0,0.0,-100.0,0.0,-133.0,0.0,0.0,0.0,0.0,0.0,0.0,/2,
Hunter Pence,31.0,SFG,NL,4.0,162.0,708.0,650.0,106.0,180.0,29.0,10.0,20.0,74.0,13.0,6.0,52.0,130.0,0.277,0.332,0.445,0.777,121.0,0.35,125.0,289.0,13.0,3.0,0.0,3.0,3.0,*9/8H,"AS,MVP-11"
Hunter Strickland,25.0,SFG,NL,0.0,8.0,0.0,0.0,0.0,0.0,0.0,0.0,0.0,0.0,0.0,0.0,0.0,0.0,,,,,,,,0.0,0.0,0.0,0.0,0.0,0.0,/1,
Huston Street,30.0,SDP,NL,0.0,30.0,0.0,0.0,0.0,0.0,0.0,0.0,0.0,0.0,0.0,0.0,0.0,0.0,,,,,,,,0.0,0.0,0.0,0.0,0.0,0.0,1,AS
Hyun Jin Ryu,27.0,LAD,NL,0.1,24.0,56.0,47.0,4.0,7.0,2.0,0.0,0.0,2.0,0.0,0.0,1.0,17.0,0.149,0.167,0.191,0.358,2.0,0.181,-19.0,9.0,0.0,0.0,8.0,0.0,0.0,1,
Héctor Ambriz*,30.0,SDP,NL,0.0,1.0,0.0,0.0,0.0,0.0,0.0,0.0,0.0,0.0,0.0,0.0,0.0,0.0,,,,,,,,0.0,0.0,0.0,0.0,0.0,0.0,/1,
Héctor Gómez,26.0,MIL,NL,0.0,15.0,21.0,20.0,2.0,3.0,1.0,0.0,0.0,1.0,0.0,0.0,1.0,9.0,0.15,0.19,0.2,0.39,9.0,0.171,-18.0,4.0,0.0,0.0,0.0,0.0,0.0,/65H4,
Héctor Neris,25.0,PHI,NL,0.0,1.0,0.0,0.0,0.0,0.0,0.0,0.0,0.0,0.0,0.0,0.0,0.0,0.0,,,,,,,,0.0,0.0,0.0,0.0,0.0,0.0,/1,
Héctor Noesí,27.0,CHW,AL,-0.1,2.0,4.0,4.0,0.0,0.0,0.0,0.0,0.0,0.0,0.0,0.0,0.0,1.0,0.0,0.0,0.0,0.0,-100.0,0.0,-138.0,0.0,0.0,0.0,0.0,0.0,0.0,1,
Héctor Rondón,26.0,CHC,NL,0.0,61.0,0.0,0.0,0.0,0.0,0.0,0.0,0.0,0.0,0.0,0.0,0.0,0.0,,,,,,,,0.0,0.0,0.0,0.0,0.0,0.0,1,
Héctor Santiago,26.0,LAA,AL,0.0,2.0,5.0,4.0,0.0,1.0,0.0,0.0,0.0,0.0,0.0,0.0,0.0,1.0,0.25,0.25,0.25,0.5,46.0,0.227,19.0,1.0,0.0,0.0,1.0,0.0,0.0,1,
Héctor Sánchez#,24.0,SFG,NL,-0.4,66.0,177.0,163.0,8.0,32.0,8.0,0.0,3.0,28.0,0.0,1.0,8.0,55.0,0.196,0.237,0.301,0.538,53.0,0.24,45.0,49.0,2.0,2.0,0.0,4.0,1.0,2H/3,
Ian Desmond,28.0,WSN,NL,4.1,154.0,648.0,593.0,73.0,151.0,26.0,3.0,24.0,91.0,24.0,5.0,46.0,183.0,0.255,0.313,0.43,0.743,103.0,0.341,105.0,255.0,17.0,6.0,0.0,3.0,0.0,*6,SS
Ian Kennedy,29.0,SDP,NL,0.3,32.0,63.0,52.0,3.0,6.0,1.0,0.0,1.0,5.0,0.0,0.0,5.0,24.0,0.115,0.193,0.192,0.385,13.0,0.184,-5.0,10.0,0.0,0.0,6.0,0.0,0.0,1,
Ian Kinsler,32.0,DET,AL,5.1,161.0,726.0,684.0,100.0,188.0,40.0,4.0,17.0,92.0,15.0,4.0,29.0,79.0,0.275,0.307,0.42,0.727,103.0,0.331,104.0,287.0,20.0,5.0,3.0,5.0,1.0,*4/H,AS
Ian Krol*,23.0,DET,AL,0.0,6.0,1.0,1.0,0.0,0.0,0.0,0.0,0.0,0.0,0.0,0.0,0.0,0.0,0.0,0.0,0.0,0.0,-100.0,0.0,-127.0,0.0,0.0,0.0,0.0,0.0,0.0,1,
Ian Stewart*,29.0,LAA,AL,-0.5,24.0,72.0,68.0,8.0,12.0,2.0,3.0,2.0,7.0,1.0,0.0,3.0,31.0,0.176,0.222,0.382,0.605,72.0,0.263,60.0,26.0,1.0,1.0,0.0,0.0,0.0,5/3HD,
Ian Thomas,27.0,ATL,NL,0.0,16.0,0.0,0.0,0.0,0.0,0.0,0.0,0.0,0.0,0.0,0.0,0.0,0.0,,,,,,,,0.0,0.0,0.0,0.0,0.0,0.0,1,
Ichiro Suzuki*,40.0,NYY,AL,0.9,143.0,385.0,359.0,42.0,102.0,13.0,2.0,1.0,22.0,15.0,3.0,21.0,68.0,0.284,0.324,0.34,0.664,89.0,0.311,89.0,122.0,3.0,1.0,2.0,2.0,1.0,*9H/78D,
Ike Davis*,27.0,2TM,NL,0.3,143.0,427.0,360.0,43.0,84.0,19.0,0.0,11.0,51.0,0.0,4.0,63.0,78.0,0.233,0.344,0.378,0.722,104.0,0.319,102.0,136.0,8.0,0.0,0.0,4.0,3.0,*3H/D,
Ike Davis*,27.0,NYM,NL,0.3,12.0,30.0,24.0,4.0,5.0,1.0,0.0,1.0,5.0,0.0,0.0,6.0,4.0,0.208,0.367,0.375,0.742,115.0,0.339,118.0,9.0,0.0,0.0,0.0,0.0,0.0,/3H,
Ike Davis*,27.0,PIT,NL,-0.1,131.0,397.0,336.0,39.0,79.0,18.0,0.0,10.0,46.0,0.0,4.0,57.0,74.0,0.235,0.343,0.378,0.721,103.0,0.318,101.0,127.0,8.0,0.0,0.0,4.0,3.0,*3H/D,
Irving Falu#,31.0,2TM,NL,-0.3,22.0,35.0,30.0,0.0,3.0,0.0,0.0,0.0,1.0,1.0,0.0,4.0,5.0,0.1,0.2,0.1,0.3,-11.0,0.149,-34.0,3.0,2.0,0.0,0.0,1.0,1.0,4/H56,
Irving Falu#,31.0,MIL,NL,-0.3,11.0,12.0,10.0,0.0,0.0,0.0,0.0,0.0,1.0,0.0,0.0,1.0,1.0,0.0,0.083,0.0,0.083,-74.0,0.058,-101.0,0.0,1.0,0.0,0.0,1.0,0.0,/H56,
Irving Falu#,31.0,SDP,NL,0.0,11.0,23.0,20.0,0.0,3.0,0.0,0.0,0.0,0.0,1.0,0.0,3.0,4.0,0.15,0.261,0.15,0.411,24.0,0.199,3.0,3.0,1.0,0.0,0.0,0.0,1.0,4/H,
J.A. Happ*,31.0,TOR,AL,-0.1,3.0,4.0,4.0,0.0,0.0,0.0,0.0,0.0,0.0,0.0,0.0,0.0,4.0,0.0,0.0,0.0,0.0,-100.0,0.0,-140.0,0.0,0.0,0.0,0.0,0.0,0.0,1,
J.C. Gutiérrez,30.0,SFG,NL,0.0,57.0,1.0,1.0,0.0,0.0,0.0,0.0,0.0,0.0,0.0,0.0,0.0,1.0,0.0,0.0,0.0,0.0,-100.0,0.0,-140.0,0.0,0.0,0.0,0.0,0.0,0.0,1,
J.D. Martinez,26.0,DET,AL,4.6,123.0,480.0,441.0,57.0,139.0,30.0,3.0,23.0,76.0,6.0,3.0,30.0,126.0,0.315,0.358,0.553,0.912,154.0,0.398,156.0,244.0,8.0,3.0,0.0,6.0,5.0,*79/HD,
J.J. Hardy,31.0,BAL,AL,3.1,141.0,569.0,529.0,56.0,142.0,28.0,0.0,9.0,52.0,0.0,0.0,29.0,104.0,0.268,0.309,0.372,0.682,91.0,0.311,90.0,197.0,12.0,4.0,3.0,4.0,1.0,*6,GG
J.J. Hoover,26.0,CIN,NL,0.1,50.0,1.0,0.0,1.0,0.0,0.0,0.0,0.0,0.0,0.0,0.0,1.0,0.0,,1.0,,,,0.69,380.0,0.0,0.0,0.0,0.0,0.0,0.0,1,
J.J. Putz,37.0,ARI,NL,0.0,16.0,0.0,0.0,0.0,0.0,0.0,0.0,0.0,0.0,0.0,0.0,0.0,0.0,,,,,,,,0.0,0.0,0.0,0.0,0.0,0.0,1,
J.P. Arencibia,28.0,TEX,AL,-1.2,62.0,222.0,203.0,20.0,36.0,9.0,0.0,10.0,35.0,0.0,0.0,10.0,62.0,0.177,0.239,0.369,0.608,67.0,0.277,64.0,75.0,6.0,7.0,0.0,2.0,0.0,23D/H1,
J.P. Howell*,31.0,LAD,NL,0.0,64.0,0.0,0.0,0.0,0.0,0.0,0.0,0.0,0.0,0.0,0.0,0.0,0.0,,,,,,,,0.0,0.0,0.0,0.0,0.0,0.0,1,
J.T. Realmuto,23.0,MIA,NL,0.0,11.0,30.0,29.0,4.0,7.0,1.0,1.0,0.0,9.0,0.0,0.0,1.0,8.0,0.241,0.267,0.345,0.611,71.0,0.302,84.0,10.0,2.0,0.0,0.0,0.0,0.0,/2H,
Jace Peterson*,24.0,SDP,NL,-0.5,27.0,58.0,53.0,3.0,6.0,0.0,0.0,0.0,0.0,2.0,0.0,2.0,18.0,0.113,0.161,0.113,0.274,-18.0,0.147,-37.0,6.0,1.0,1.0,2.0,0.0,1.0,45/H,
Jack Hannahan*,34.0,CIN,NL,-0.4,26.0,50.0,48.0,3.0,9.0,3.0,0.0,0.0,2.0,0.0,0.0,2.0,17.0,0.188,0.22,0.25,0.47,32.0,0.214,18.0,12.0,2.0,0.0,0.0,0.0,0.0,H3/D,
Jackie Bradley Jr.*,24.0,BOS,AL,0.7,127.0,423.0,384.0,45.0,76.0,19.0,2.0,1.0,30.0,8.0,0.0,31.0,121.0,0.198,0.265,0.266,0.531,49.0,0.25,40.0,102.0,10.0,5.0,1.0,2.0,1.0,*89/H7D,
Jackson Williams,28.0,COL,NL,0.0,7.0,16.0,14.0,1.0,3.0,0.0,0.0,1.0,3.0,0.0,0.0,2.0,4.0,0.214,0.313,0.429,0.741,94.0,0.327,88.0,6.0,1.0,0.0,0.0,0.0,0.0,/2,
Jacob deGrom*,26.0,NYM,NL,0.4,22.0,53.0,46.0,3.0,10.0,2.0,0.0,0.0,2.0,0.0,0.0,1.0,13.0,0.217,0.234,0.261,0.495,43.0,0.241,38.0,12.0,2.0,0.0,6.0,0.0,0.0,1/H,ROY-1
Jacob Turner,23.0,2TM,NL,0.3,24.0,29.0,23.0,1.0,4.0,2.0,0.0,0.0,0.0,0.0,0.0,1.0,12.0,0.174,0.208,0.261,0.469,31.0,0.245,45.0,6.0,0.0,0.0,5.0,0.0,0.0,1,
Jacob Turner,23.0,MIA,NL,0.3,17.0,19.0,13.0,1.0,3.0,2.0,0.0,0.0,0.0,0.0,0.0,1.0,5.0,0.231,0.286,0.385,0.67,87.0,0.355,132.0,5.0,0.0,0.0,5.0,0.0,0.0,1,
Jacob Turner,23.0,CHC,NL,-0.1,7.0,10.0,10.0,0.0,1.0,0.0,0.0,0.0,0.0,0.0,0.0,0.0,7.0,0.1,0.1,0.1,0.2,-44.0,0.091,-76.0,1.0,0.0,0.0,0.0,0.0,0.0,/1,
Jacoby Ellsbury*,30.0,NYY,AL,3.6,149.0,635.0,575.0,71.0,156.0,27.0,5.0,16.0,70.0,39.0,5.0,49.0,93.0,0.271,0.328,0.419,0.747,111.0,0.343,108.0,241.0,9.0,3.0,0.0,7.0,5.0,*8/DH,
Jaff Decker*,24.0,PIT,NL,-0.1,5.0,5.0,5.0,0.0,0.0,0.0,0.0,0.0,0.0,0.0,0.0,0.0,3.0,0.0,0.0,0.0,0.0,-100.0,0.0,-138.0,0.0,0.0,0.0,0.0,0.0,0.0,/H7,
Jaime García*,27.0,STL,NL,0.2,7.0,16.0,12.0,2.0,3.0,0.0,0.0,0.0,0.0,0.0,0.0,0.0,2.0,0.25,0.308,0.25,0.558,59.0,0.265,46.0,3.0,0.0,1.0,3.0,0.0,0.0,/1H,
Jair Jurrjens,28.0,COL,NL,0.0,2.0,2.0,1.0,0.0,0.0,0.0,0.0,0.0,0.0,0.0,1.0,0.0,0.0,0.0,0.0,0.0,0.0,-100.0,0.425,980.0,0.0,0.0,0.0,1.0,0.0,0.0,/1,
Jake Arrieta,28.0,CHC,NL,0.3,23.0,47.0,39.0,3.0,7.0,2.0,1.0,0.0,3.0,0.0,0.0,2.0,16.0,0.179,0.22,0.282,0.502,39.0,0.222,11.0,11.0,1.0,0.0,6.0,0.0,0.0,1/H,CYA-9
Jake Buchanan,24.0,HOU,AL,0.0,2.0,1.0,1.0,0.0,0.0,0.0,0.0,0.0,0.0,0.0,0.0,0.0,0.0,0.0,0.0,0.0,0.0,-100.0,0.0,-127.0,0.0,0.0,0.0,0.0,0.0,0.0,1,
Jake Diekman,27.0,PHI,NL,0.0,67.0,0.0,0.0,0.0,0.0,0.0,0.0,0.0,0.0,0.0,0.0,0.0,0.0,,,,,,,,0.0,0.0,0.0,0.0,0.0,0.0,1,
Jake Dunning,25.0,SFG,NL,0.0,1.0,0.0,0.0,0.0,0.0,0.0,0.0,0.0,0.0,0.0,0.0,0.0,0.0,,,,,,,,0.0,0.0,0.0,0.0,0.0,0.0,/1,
Jake Elmore,27.0,CIN,NL,-0.2,5.0,12.0,11.0,0.0,2.0,0.0,0.0,0.0,0.0,0.0,0.0,1.0,4.0,0.182,0.25,0.182,0.432,24.0,0.209,15.0,2.0,0.0,0.0,0.0,0.0,0.0,/64H,
Jake Goebbert*,26.0,SDP,NL,-0.1,51.0,115.0,101.0,12.0,22.0,1.0,3.0,1.0,10.0,2.0,1.0,12.0,32.0,0.218,0.313,0.317,0.63,84.0,0.279,75.0,32.0,0.0,2.0,0.0,0.0,3.0,H3/7,
Jake Lamb*,23.0,ARI,NL,0.4,37.0,133.0,126.0,15.0,29.0,4.0,1.0,4.0,11.0,1.0,1.0,6.0,37.0,0.23,0.263,0.373,0.636,75.0,0.286,72.0,47.0,4.0,0.0,0.0,1.0,0.0,5/H,
Jake Marisnick,23.0,2TM,2LG,1.3,65.0,237.0,221.0,21.0,55.0,8.0,0.0,3.0,19.0,11.0,3.0,8.0,67.0,0.249,0.281,0.326,0.607,72.0,0.27,57.0,72.0,2.0,3.0,2.0,3.0,3.0,98/H7,
Jake Marisnick,23.0,MIA,NL,-0.2,14.0,51.0,48.0,3.0,8.0,0.0,0.0,0.0,0.0,5.0,0.0,3.0,19.0,0.167,0.216,0.167,0.382,10.0,0.199,-14.0,8.0,0.0,0.0,0.0,0.0,1.0,8/H,
Jake Marisnick,23.0,HOU,AL,1.5,51.0,186.0,173.0,18.0,47.0,8.0,0.0,3.0,19.0,6.0,3.0,5.0,48.0,0.272,0.299,0.37,0.669,89.0,0.29,76.0,64.0,2.0,3.0,2.0,3.0,2.0,98/7H,
Jake McGee*,27.0,TBR,AL,0.0,5.0,0.0,0.0,0.0,0.0,0.0,0.0,0.0,0.0,0.0,0.0,0.0,0.0,,,,,,,,0.0,0.0,0.0,0.0,0.0,0.0,1,
Jake Odorizzi,24.0,TBR,AL,0.0,2.0,6.0,4.0,0.0,0.0,0.0,0.0,0.0,1.0,0.0,0.0,1.0,3.0,0.0,0.2,0.0,0.2,-36.0,0.139,-58.0,0.0,0.0,0.0,1.0,0.0,0.0,1,ROY-8
Jake Peavy,33.0,SFG,NL,-0.3,11.0,24.0,23.0,1.0,0.0,0.0,0.0,0.0,0.0,0.0,0.0,0.0,14.0,0.0,0.0,0.0,0.0,-100.0,0.0,-147.0,0.0,0.0,0.0,1.0,0.0,0.0,1,
Jake Petricka,26.0,CHW,AL,0.0,6.0,0.0,0.0,0.0,0.0,0.0,0.0,0.0,0.0,0.0,0.0,0.0,0.0,,,,,,,,0.0,0.0,0.0,0.0,0.0,0.0,1,
Jake Smolinski,25.0,TEX,AL,1.1,24.0,92.0,86.0,12.0,30.0,5.0,0.0,3.0,12.0,0.0,0.0,3.0,24.0,0.349,0.391,0.512,0.903,150.0,0.409,162.0,44.0,1.0,3.0,0.0,0.0,0.0,7/9DH,
James Jones*,25.0,SEA,AL,-0.1,108.0,328.0,312.0,46.0,78.0,9.0,5.0,0.0,9.0,27.0,1.0,12.0,67.0,0.25,0.278,0.311,0.589,71.0,0.294,71.0,97.0,4.0,0.0,4.0,0.0,0.0,8H/9D7,
James Loney*,30.0,TBR,AL,1.2,155.0,651.0,600.0,59.0,174.0,27.0,0.0,9.0,69.0,4.0,0.0,41.0,80.0,0.29,0.336,0.38,0.716,106.0,0.327,107.0,228.0,21.0,4.0,0.0,6.0,2.0,*3/DH,
James McCann,24.0,DET,AL,-0.1,9.0,12.0,12.0,2.0,3.0,1.0,0.0,0.0,0.0,1.0,0.0,0.0,2.0,0.25,0.25,0.333,0.583,64.0,0.279,53.0,4.0,0.0,0.0,0.0,0.0,0.0,/2DH,
James Paxton*,25.0,SEA,AL,0.0,1.0,2.0,1.0,0.0,0.0,0.0,0.0,0.0,0.0,0.0,0.0,0.0,1.0,0.0,0.0,0.0,0.0,-100.0,0.0,-345.0,0.0,0.0,0.0,1.0,0.0,0.0,1,
James Russell*,28.0,2TM,NL,0.0,62.0,2.0,2.0,0.0,0.0,0.0,0.0,0.0,0.0,0.0,0.0,0.0,0.0,0.0,0.0,0.0,0.0,-100.0,0.0,-133.0,0.0,0.0,0.0,0.0,0.0,0.0,1,
James Russell*,28.0,CHC,NL,0.0,43.0,0.0,0.0,0.0,0.0,0.0,0.0,0.0,0.0,0.0,0.0,0.0,0.0,,,,,,,,0.0,0.0,0.0,0.0,0.0,0.0,1,
James Russell*,28.0,ATL,NL,0.0,19.0,2.0,2.0,0.0,0.0,0.0,0.0,0.0,0.0,0.0,0.0,0.0,0.0,0.0,0.0,0.0,0.0,-100.0,0.0,-133.0,0.0,0.0,0.0,0.0,0.0,0.0,1,
James Shields,32.0,KCR,AL,0.1,3.0,7.0,7.0,1.0,2.0,1.0,0.0,0.0,1.0,0.0,0.0,0.0,1.0,0.286,0.286,0.429,0.714,97.0,0.312,89.0,3.0,0.0,0.0,0.0,0.0,0.0,1,MVP-18
Jamey Wright,39.0,LAD,NL,-0.1,56.0,6.0,5.0,0.0,0.0,0.0,0.0,0.0,0.0,0.0,0.0,0.0,3.0,0.0,0.0,0.0,0.0,-100.0,0.0,-183.0,0.0,0.0,0.0,1.0,0.0,0.0,1,
Jamie Romak,28.0,LAD,NL,-0.3,15.0,23.0,21.0,2.0,1.0,1.0,0.0,0.0,3.0,0.0,0.0,2.0,8.0,0.048,0.13,0.095,0.226,-34.0,0.155,-22.0,2.0,1.0,0.0,0.0,0.0,0.0,H/935,
Jared Burton,33.0,MIN,AL,0.0,5.0,0.0,0.0,0.0,0.0,0.0,0.0,0.0,0.0,0.0,0.0,0.0,0.0,,,,,,,,0.0,0.0,0.0,0.0,0.0,0.0,1,
Jared Hughes,28.0,PIT,NL,0.0,60.0,2.0,2.0,0.0,0.0,0.0,0.0,0.0,0.0,0.0,0.0,0.0,1.0,0.0,0.0,0.0,0.0,-100.0,0.0,-138.0,0.0,0.0,0.0,0.0,0.0,0.0,1,
Jarred Cosart,24.0,2TM,2LG,0.1,10.0,24.0,21.0,1.0,4.0,0.0,0.0,0.0,0.0,0.0,0.0,0.0,7.0,0.19,0.19,0.19,0.381,8.0,0.212,8.0,4.0,1.0,0.0,3.0,0.0,0.0,1,
Jarred Cosart,24.0,HOU,AL,0.0,1.0,3.0,3.0,0.0,0.0,0.0,0.0,0.0,0.0,0.0,0.0,0.0,0.0,0.0,0.0,0.0,0.0,-100.0,0.0,-138.0,0.0,0.0,0.0,0.0,0.0,0.0,1,
Jarred Cosart,24.0,MIA,NL,0.2,9.0,21.0,18.0,1.0,4.0,0.0,0.0,0.0,0.0,0.0,0.0,0.0,7.0,0.222,0.222,0.222,0.444,26.0,0.247,33.0,4.0,1.0,0.0,3.0,0.0,0.0,1,
Jarrod Dyson*,29.0,KCR,AL,2.3,120.0,290.0,260.0,33.0,70.0,4.0,4.0,1.0,24.0,36.0,7.0,22.0,52.0,0.269,0.324,0.327,0.651,83.0,0.315,77.0,85.0,5.0,0.0,6.0,2.0,0.0,8H/7D,
Jarrod Saltalamacchia#,29.0,MIA,NL,0.5,114.0,435.0,373.0,43.0,82.0,20.0,0.0,11.0,44.0,0.0,1.0,55.0,143.0,0.22,0.32,0.362,0.681,91.0,0.307,88.0,135.0,11.0,2.0,0.0,5.0,4.0,2H/D,
Jason Bartlett,34.0,MIN,AL,-0.1,3.0,4.0,3.0,3.0,0.0,0.0,0.0,0.0,0.0,0.0,0.0,0.0,3.0,0.0,0.25,0.0,0.25,-22.0,0.182,-7.0,0.0,0.0,1.0,0.0,0.0,0.0,/7HD,
Jason Bourgeois,32.0,CIN,NL,0.3,18.0,34.0,33.0,5.0,8.0,0.0,1.0,0.0,1.0,0.0,0.0,1.0,6.0,0.242,0.265,0.303,0.568,59.0,0.276,65.0,10.0,1.0,0.0,0.0,0.0,0.0,H/789,
Jason Castro*,27.0,HOU,AL,1.2,126.0,512.0,465.0,43.0,103.0,21.0,2.0,14.0,56.0,1.0,0.0,34.0,151.0,0.222,0.286,0.366,0.651,84.0,0.299,83.0,170.0,11.0,9.0,1.0,3.0,1.0,*2D/H,
Jason Frasor,36.0,2TM,AL,0.0,5.0,0.0,0.0,0.0,0.0,0.0,0.0,0.0,0.0,0.0,0.0,0.0,0.0,,,,,,,,0.0,0.0,0.0,0.0,0.0,0.0,1,
Jason Frasor,36.0,TEX,AL,0.0,3.0,0.0,0.0,0.0,0.0,0.0,0.0,0.0,0.0,0.0,0.0,0.0,0.0,,,,,,,,0.0,0.0,0.0,0.0,0.0,0.0,1,
Jason Frasor,36.0,KCR,AL,0.0,2.0,0.0,0.0,0.0,0.0,0.0,0.0,0.0,0.0,0.0,0.0,0.0,0.0,,,,,,,,0.0,0.0,0.0,0.0,0.0,0.0,1,
Jason Giambi*,43.0,CLE,AL,-0.6,26.0,70.0,60.0,3.0,8.0,2.0,0.0,2.0,5.0,0.0,0.0,9.0,12.0,0.133,0.257,0.267,0.524,48.0,0.235,32.0,16.0,3.0,1.0,0.0,0.0,2.0,D/H,
Jason Grilli,37.0,2TM,2LG,0.0,22.0,0.0,0.0,0.0,0.0,0.0,0.0,0.0,0.0,0.0,0.0,0.0,0.0,,,,,,,,0.0,0.0,0.0,0.0,0.0,0.0,1,
Jason Grilli,37.0,PIT,NL,0.0,21.0,0.0,0.0,0.0,0.0,0.0,0.0,0.0,0.0,0.0,0.0,0.0,0.0,,,,,,,,0.0,0.0,0.0,0.0,0.0,0.0,1,
Jason Grilli,37.0,LAA,AL,0.0,1.0,0.0,0.0,0.0,0.0,0.0,0.0,0.0,0.0,0.0,0.0,0.0,0.0,,,,,,,,0.0,0.0,0.0,0.0,0.0,0.0,1,
Jason Hammel,31.0,2TM,2LG,-0.1,19.0,43.0,37.0,2.0,5.0,0.0,0.0,0.0,3.0,0.0,0.0,1.0,14.0,0.135,0.158,0.135,0.293,-17.0,0.138,-64.0,5.0,1.0,0.0,5.0,0.0,0.0,1,
Jason Hammel,31.0,CHC,NL,-0.1,16.0,39.0,35.0,2.0,5.0,0.0,0.0,0.0,3.0,0.0,0.0,1.0,14.0,0.143,0.167,0.143,0.31,-13.0,0.145,-46.0,5.0,1.0,0.0,3.0,0.0,0.0,1,
Jason Hammel,31.0,OAK,AL,-0.1,3.0,4.0,2.0,0.0,0.0,0.0,0.0,0.0,0.0,0.0,0.0,0.0,0.0,0.0,0.0,0.0,0.0,-100.0,0.0,-376.0,0.0,0.0,0.0,2.0,0.0,0.0,1,
Jason Heyward*,24.0,ATL,NL,5.5,149.0,649.0,573.0,74.0,155.0,26.0,3.0,11.0,58.0,20.0,4.0,67.0,98.0,0.271,0.351,0.384,0.735,109.0,0.344,113.0,220.0,2.0,6.0,0.0,3.0,3.0,*9/H,GG
Jason Kipnis*,27.0,CLE,AL,0.7,129.0,555.0,500.0,61.0,120.0,25.0,1.0,6.0,41.0,22.0,3.0,50.0,100.0,0.24,0.31,0.33,0.64,80.0,0.306,81.0,165.0,15.0,2.0,1.0,2.0,2.0,*4/DH,
Jason Kubel*,32.0,MIN,AL,-1.3,45.0,176.0,156.0,12.0,35.0,6.0,1.0,1.0,13.0,1.0,0.0,19.0,59.0,0.224,0.313,0.295,0.607,73.0,0.279,66.0,46.0,1.0,1.0,0.0,0.0,1.0,7/H9D,
Jason Lane,37.0,SDP,NL,0.0,3.0,3.0,3.0,0.0,1.0,0.0,0.0,0.0,0.0,0.0,0.0,0.0,0.0,0.333,0.333,0.333,0.667,95.0,0.303,94.0,1.0,0.0,0.0,0.0,0.0,0.0,/1,
Jason Motte,32.0,STL,NL,0.0,28.0,0.0,0.0,0.0,0.0,0.0,0.0,0.0,0.0,0.0,0.0,0.0,0.0,,,,,,,,0.0,0.0,0.0,0.0,0.0,0.0,1,
Jason Pridie*,30.0,COL,NL,0.0,2.0,4.0,4.0,1.0,0.0,0.0,0.0,0.0,0.0,0.0,0.0,0.0,2.0,0.0,0.0,0.0,0.0,-100.0,0.228,15.0,0.0,0.0,0.0,0.0,0.0,0.0,/79,
Jason Rogers,26.0,MIL,NL,-0.2,8.0,10.0,9.0,0.0,1.0,1.0,0.0,0.0,0.0,0.0,0.0,1.0,1.0,0.111,0.2,0.222,0.422,17.0,0.197,3.0,2.0,0.0,0.0,0.0,0.0,0.0,/3H,
Javier Báez,21.0,CHC,NL,-0.9,52.0,229.0,213.0,25.0,36.0,6.0,0.0,9.0,20.0,5.0,1.0,15.0,95.0,0.169,0.227,0.324,0.551,52.0,0.255,44.0,69.0,5.0,1.0,0.0,0.0,0.0,64,
Javier López*,36.0,SFG,NL,0.0,62.0,0.0,0.0,0.0,0.0,0.0,0.0,0.0,0.0,0.0,0.0,0.0,0.0,,,,,,,,0.0,0.0,0.0,0.0,0.0,0.0,1,
Javy Guerra,28.0,CHW,AL,0.0,2.0,0.0,0.0,0.0,0.0,0.0,0.0,0.0,0.0,0.0,0.0,0.0,0.0,,,,,,,,0.0,0.0,0.0,0.0,0.0,0.0,1,
Jay Bruce*,27.0,CIN,NL,-0.8,137.0,545.0,493.0,71.0,107.0,21.0,1.0,18.0,66.0,12.0,3.0,44.0,149.0,0.217,0.281,0.373,0.654,82.0,0.295,76.0,184.0,8.0,2.0,1.0,5.0,5.0,*9/H3,
Jayson Nix,31.0,3TM,2LG,-1.1,41.0,91.0,83.0,2.0,10.0,0.0,0.0,1.0,4.0,1.0,2.0,3.0,28.0,0.12,0.169,0.157,0.325,-8.0,0.147,-28.0,13.0,2.0,2.0,1.0,1.0,0.0,54/6H93,
Jayson Nix,31.0,2TM,NL,-0.9,34.0,82.0,75.0,2.0,10.0,0.0,0.0,1.0,3.0,1.0,2.0,3.0,22.0,0.133,0.188,0.173,0.361,2.0,0.164,-15.0,13.0,2.0,2.0,1.0,0.0,0.0,54/H69,
Jayson Nix,31.0,PHI,NL,-0.1,18.0,43.0,39.0,1.0,6.0,0.0,0.0,1.0,2.0,0.0,2.0,2.0,18.0,0.154,0.214,0.231,0.445,25.0,0.186,12.0,9.0,1.0,1.0,0.0,0.0,0.0,/56H4,
Jayson Nix,31.0,PIT,NL,-0.8,16.0,39.0,36.0,1.0,4.0,0.0,0.0,0.0,1.0,1.0,0.0,1.0,4.0,0.111,0.158,0.111,0.269,-22.0,0.14,-45.0,4.0,1.0,1.0,1.0,0.0,0.0,4/59H,
Jayson Nix,31.0,KCR,AL,-0.2,7.0,9.0,8.0,0.0,0.0,0.0,0.0,0.0,1.0,0.0,0.0,0.0,6.0,0.0,0.0,0.0,0.0,-100.0,0.0,-141.0,0.0,0.0,0.0,0.0,1.0,0.0,/563H,
Jayson Werth,35.0,WSN,NL,4.2,147.0,629.0,534.0,85.0,156.0,37.0,1.0,16.0,82.0,9.0,1.0,83.0,113.0,0.292,0.394,0.455,0.849,134.0,0.384,140.0,243.0,9.0,9.0,0.0,3.0,3.0,*9/DH,MVP-18
JB Shuck*,27.0,2TM,AL,-0.4,38.0,114.0,110.0,12.0,16.0,1.0,0.0,2.0,9.0,2.0,0.0,3.0,12.0,0.145,0.168,0.209,0.377,8.0,0.184,-2.0,23.0,1.0,0.0,1.0,0.0,1.0,7H/9D,
JB Shuck*,27.0,LAA,AL,0.2,22.0,88.0,84.0,10.0,14.0,1.0,0.0,2.0,9.0,2.0,0.0,3.0,11.0,0.167,0.195,0.25,0.445,28.0,0.219,24.0,21.0,0.0,0.0,1.0,0.0,1.0,7/9H,
JB Shuck*,27.0,CLE,AL,-0.6,16.0,26.0,26.0,2.0,2.0,0.0,0.0,0.0,0.0,0.0,0.0,0.0,1.0,0.077,0.077,0.077,0.154,-57.0,0.07,-89.0,2.0,1.0,0.0,0.0,0.0,0.0,H/97D,
Jean Machi,32.0,SFG,NL,0.2,68.0,2.0,1.0,0.0,0.0,0.0,0.0,0.0,0.0,0.0,0.0,0.0,0.0,0.0,0.0,0.0,0.0,-100.0,0.912,1020.0,0.0,0.0,0.0,1.0,0.0,0.0,1,
Jean Segura,24.0,MIL,NL,0.9,146.0,557.0,513.0,61.0,126.0,14.0,6.0,5.0,31.0,20.0,9.0,28.0,70.0,0.246,0.289,0.326,0.614,70.0,0.289,70.0,167.0,13.0,4.0,10.0,2.0,5.0,*6/H,
Jeanmar Gómez,26.0,PIT,NL,0.1,41.0,2.0,1.0,0.0,1.0,0.0,0.0,0.0,0.0,0.0,0.0,0.0,0.0,1.0,1.0,1.0,2.0,467.0,0.909,1000.0,1.0,0.0,0.0,1.0,0.0,0.0,1,
Jed Lowrie#,30.0,OAK,AL,1.0,136.0,566.0,502.0,59.0,125.0,29.0,3.0,6.0,50.0,0.0,0.0,51.0,79.0,0.249,0.321,0.355,0.676,94.0,0.308,92.0,178.0,14.0,5.0,2.0,6.0,5.0,*6/DH,
Jedd Gyorko,25.0,SDP,NL,-0.5,111.0,443.0,400.0,37.0,84.0,17.0,1.0,10.0,51.0,3.0,2.0,36.0,100.0,0.21,0.28,0.333,0.612,78.0,0.284,80.0,133.0,8.0,4.0,0.0,3.0,1.0,*4/H,
Jeff Baker,33.0,MIA,NL,0.1,90.0,225.0,208.0,27.0,55.0,10.0,4.0,3.0,28.0,1.0,0.0,13.0,51.0,0.264,0.307,0.394,0.701,96.0,0.328,102.0,82.0,8.0,1.0,0.0,3.0,1.0,3H4/5,
Jeff Beliveau*,27.0,TBR,AL,0.0,3.0,0.0,0.0,0.0,0.0,0.0,0.0,0.0,0.0,0.0,0.0,0.0,0.0,,,,,,,,0.0,0.0,0.0,0.0,0.0,0.0,1,
Jeff Bianchi,27.0,MIL,NL,-0.4,29.0,74.0,70.0,4.0,12.0,1.0,0.0,0.0,6.0,0.0,0.0,3.0,17.0,0.171,0.203,0.186,0.388,9.0,0.178,-12.0,13.0,1.0,0.0,0.0,1.0,0.0,6H/54,
Jeff Francis*,33.0,2TM,2LG,0.0,3.0,2.0,2.0,0.0,0.0,0.0,0.0,0.0,0.0,0.0,0.0,0.0,2.0,0.0,0.0,0.0,0.0,-100.0,0.0,-138.0,0.0,0.0,0.0,0.0,0.0,0.0,1,
Jeff Francis*,33.0,CIN,NL,0.0,1.0,1.0,1.0,0.0,0.0,0.0,0.0,0.0,0.0,0.0,0.0,0.0,1.0,0.0,0.0,0.0,0.0,-100.0,0.0,-150.0,0.0,0.0,0.0,0.0,0.0,0.0,/1,
Jeff Francis*,33.0,OAK,AL,0.0,2.0,1.0,1.0,0.0,0.0,0.0,0.0,0.0,0.0,0.0,0.0,0.0,1.0,0.0,0.0,0.0,0.0,-100.0,0.0,-127.0,0.0,0.0,0.0,0.0,0.0,0.0,/1,
Jeff Francoeur,30.0,SDP,NL,-0.3,10.0,28.0,24.0,2.0,2.0,0.0,0.0,0.0,1.0,0.0,0.0,3.0,7.0,0.083,0.179,0.083,0.262,-20.0,0.139,-30.0,2.0,0.0,0.0,0.0,1.0,0.0,/9H,
Jeff Kobernus,26.0,WSN,NL,0.0,4.0,8.0,6.0,2.0,0.0,0.0,0.0,0.0,0.0,0.0,0.0,1.0,1.0,0.0,0.25,0.0,0.25,-23.0,0.177,-15.0,0.0,0.0,1.0,0.0,0.0,0.0,/4H,
Jeff Locke*,26.0,PIT,NL,0.0,20.0,50.0,45.0,3.0,5.0,0.0,0.0,0.0,0.0,0.0,0.0,2.0,30.0,0.111,0.149,0.111,0.26,-25.0,0.126,-56.0,5.0,0.0,0.0,3.0,0.0,0.0,1,
Jeff Manship,29.0,PHI,NL,0.0,20.0,2.0,2.0,0.0,0.0,0.0,0.0,0.0,0.0,0.0,0.0,0.0,0.0,0.0,0.0,0.0,0.0,-100.0,0.0,-138.0,0.0,0.0,0.0,0.0,0.0,0.0,1,
Jeff Mathis,31.0,MIA,NL,0.1,64.0,195.0,175.0,12.0,35.0,7.0,0.0,2.0,12.0,0.0,0.0,15.0,64.0,0.2,0.263,0.274,0.537,52.0,0.248,41.0,48.0,2.0,0.0,5.0,0.0,2.0,2/H,
Jeff Samardzija,29.0,CHC,NL,0.1,17.0,38.0,34.0,3.0,6.0,3.0,0.0,0.0,3.0,0.0,0.0,0.0,10.0,0.176,0.167,0.265,0.431,18.0,0.182,-13.0,9.0,1.0,0.0,2.0,2.0,0.0,1,AS
Jemile Weeks#,27.0,2TM,AL,0.1,17.0,45.0,37.0,8.0,11.0,3.0,1.0,0.0,3.0,2.0,0.0,4.0,2.0,0.297,0.372,0.432,0.805,125.0,0.384,137.0,16.0,1.0,1.0,2.0,1.0,0.0,/4H6D,
Jemile Weeks#,27.0,BAL,AL,0.0,3.0,13.0,11.0,2.0,3.0,0.0,1.0,0.0,0.0,0.0,0.0,0.0,0.0,0.273,0.273,0.455,0.727,100.0,0.386,153.0,5.0,1.0,0.0,2.0,0.0,0.0,/D4,
Jemile Weeks#,27.0,BOS,AL,0.1,14.0,32.0,26.0,6.0,8.0,3.0,0.0,0.0,3.0,2.0,0.0,4.0,2.0,0.308,0.406,0.423,0.829,133.0,0.384,131.0,11.0,0.0,1.0,0.0,1.0,0.0,/4H6,
Jenrry Mejía,24.0,NYM,NL,-0.2,60.0,18.0,17.0,0.0,0.0,0.0,0.0,0.0,0.0,0.0,0.0,0.0,7.0,0.0,0.0,0.0,0.0,-100.0,0.0,-150.0,0.0,0.0,0.0,1.0,0.0,0.0,1,
Jered Weaver,31.0,LAA,AL,0.0,1.0,2.0,2.0,0.0,0.0,0.0,0.0,0.0,0.0,0.0,0.0,0.0,1.0,0.0,0.0,0.0,0.0,-100.0,0.0,-133.0,0.0,0.0,0.0,0.0,0.0,0.0,1,
Jeremy Affeldt*,35.0,SFG,NL,0.0,59.0,0.0,0.0,0.0,0.0,0.0,0.0,0.0,0.0,0.0,0.0,0.0,0.0,,,,,,,,0.0,0.0,0.0,0.0,0.0,0.0,1,
Jeremy Guthrie,35.0,KCR,AL,0.0,3.0,7.0,5.0,0.0,0.0,0.0,0.0,0.0,0.0,0.0,0.0,0.0,1.0,0.0,0.167,0.0,0.167,-48.0,0.121,-77.0,0.0,0.0,1.0,1.0,0.0,0.0,1/H,
Jeremy Jeffress,26.0,MIL,NL,0.0,27.0,0.0,0.0,0.0,0.0,0.0,0.0,0.0,0.0,0.0,0.0,0.0,0.0,,,,,,,,0.0,0.0,0.0,0.0,0.0,0.0,1,
Jerome Williams,32.0,2TM,2LG,0.0,9.0,16.0,12.0,0.0,2.0,0.0,0.0,0.0,3.0,0.0,0.0,0.0,4.0,0.167,0.167,0.167,0.333,-6.0,0.151,-73.0,2.0,0.0,0.0,4.0,0.0,0.0,1,
Jerome Williams,32.0,HOU,AL,0.0,2.0,0.0,0.0,0.0,0.0,0.0,0.0,0.0,0.0,0.0,0.0,0.0,0.0,,,,,,,,0.0,0.0,0.0,0.0,0.0,0.0,1,
Jerome Williams,32.0,PHI,NL,0.0,7.0,16.0,12.0,0.0,2.0,0.0,0.0,0.0,3.0,0.0,0.0,0.0,4.0,0.167,0.167,0.167,0.333,-6.0,0.151,-73.0,2.0,0.0,0.0,4.0,0.0,0.0,/1,
Jerry Blevins*,30.0,WSN,NL,0.0,62.0,0.0,0.0,0.0,0.0,0.0,0.0,0.0,0.0,0.0,0.0,0.0,0.0,,,,,,,,0.0,0.0,0.0,0.0,0.0,0.0,1,
Jerry Sands,26.0,TBR,AL,-0.1,12.0,22.0,21.0,1.0,4.0,0.0,0.0,1.0,4.0,0.0,0.0,0.0,6.0,0.19,0.227,0.333,0.561,59.0,0.289,80.0,7.0,2.0,1.0,0.0,0.0,0.0,/HD,
Jesse Chavez,30.0,OAK,AL,0.0,2.0,3.0,3.0,0.0,0.0,0.0,0.0,0.0,0.0,0.0,0.0,0.0,3.0,0.0,0.0,0.0,0.0,-100.0,0.0,-134.0,0.0,0.0,0.0,0.0,0.0,0.0,1,
Jesse Hahn,24.0,SDP,NL,-0.1,14.0,24.0,22.0,1.0,2.0,0.0,0.0,0.0,1.0,0.0,0.0,0.0,12.0,0.091,0.091,0.091,0.182,-47.0,0.078,-91.0,2.0,0.0,0.0,2.0,0.0,0.0,1/H,
Jesús Aguilar,24.0,CLE,AL,-0.5,19.0,38.0,33.0,2.0,4.0,0.0,0.0,0.0,3.0,0.0,0.0,4.0,13.0,0.121,0.211,0.121,0.332,-4.0,0.19,0.0,4.0,1.0,0.0,0.0,1.0,0.0,3/DH5,
Jesús Guzmán,30.0,HOU,AL,-0.7,69.0,184.0,165.0,10.0,31.0,4.0,0.0,2.0,9.0,3.0,0.0,19.0,52.0,0.188,0.272,0.248,0.52,49.0,0.252,46.0,41.0,4.0,0.0,0.0,0.0,0.0,3H/7D5,
Jesús Montero,24.0,SEA,AL,-0.1,6.0,17.0,17.0,1.0,4.0,0.0,0.0,1.0,2.0,0.0,0.0,0.0,3.0,0.235,0.235,0.412,0.647,84.0,0.278,73.0,7.0,1.0,0.0,0.0,0.0,0.0,/D3H,
Jesús Sucre,26.0,SEA,AL,-0.1,21.0,64.0,61.0,4.0,13.0,2.0,0.0,0.0,5.0,0.0,0.0,0.0,17.0,0.213,0.213,0.246,0.459,33.0,0.202,14.0,15.0,0.0,0.0,3.0,0.0,0.0,2,
Jeurys Familia,24.0,NYM,NL,0.1,71.0,3.0,3.0,0.0,2.0,0.0,0.0,0.0,1.0,0.0,0.0,0.0,0.0,0.667,0.667,0.667,1.333,287.0,0.606,316.0,2.0,0.0,0.0,0.0,0.0,0.0,1,ROY-7
Jhonny Peralta,32.0,STL,NL,5.8,157.0,628.0,560.0,61.0,147.0,38.0,0.0,21.0,75.0,3.0,2.0,58.0,112.0,0.263,0.336,0.443,0.779,117.0,0.355,124.0,248.0,19.0,6.0,0.0,4.0,2.0,*6/HD,MVP-14
Jhoulys Chacín,26.0,COL,NL,0.3,10.0,17.0,15.0,2.0,5.0,1.0,0.0,0.0,0.0,0.0,0.0,1.0,4.0,0.333,0.375,0.4,0.775,105.0,0.344,101.0,6.0,0.0,0.0,1.0,0.0,0.0,1/H,
Jim Adduci*,29.0,TEX,AL,-0.1,44.0,114.0,101.0,13.0,17.0,3.0,0.0,1.0,8.0,3.0,1.0,10.0,27.0,0.168,0.239,0.228,0.467,32.0,0.224,23.0,23.0,2.0,0.0,1.0,2.0,0.0,7H/9D3,
Jim Henderson*,31.0,MIL,NL,0.0,13.0,0.0,0.0,0.0,0.0,0.0,0.0,0.0,0.0,0.0,0.0,0.0,0.0,,,,,,,,0.0,0.0,0.0,0.0,0.0,0.0,1,
Jim Johnson,31.0,OAK,AL,0.0,3.0,1.0,1.0,0.0,0.0,0.0,0.0,0.0,0.0,0.0,0.0,0.0,1.0,0.0,0.0,0.0,0.0,-100.0,0.0,-127.0,0.0,0.0,0.0,0.0,0.0,0.0,1,
Jimmy Nelson,25.0,MIL,NL,-0.1,14.0,22.0,21.0,1.0,3.0,1.0,0.0,0.0,0.0,0.0,0.0,0.0,7.0,0.143,0.143,0.19,0.333,-8.0,0.143,-45.0,4.0,1.0,0.0,1.0,0.0,0.0,1,
Jimmy Paredes#,25.0,2TM,AL,0.3,27.0,65.0,63.0,12.0,18.0,4.0,0.0,2.0,8.0,4.0,0.0,2.0,16.0,0.286,0.308,0.444,0.752,108.0,0.345,103.0,28.0,1.0,0.0,0.0,0.0,0.0,5/H4D,
Jimmy Paredes#,25.0,KCR,AL,-0.2,9.0,10.0,10.0,3.0,2.0,0.0,0.0,0.0,0.0,2.0,0.0,0.0,3.0,0.2,0.2,0.2,0.4,12.0,0.233,-6.0,2.0,0.0,0.0,0.0,0.0,0.0,/H5D4,
Jimmy Paredes#,25.0,BAL,AL,0.4,18.0,55.0,53.0,9.0,16.0,4.0,0.0,2.0,8.0,2.0,0.0,2.0,13.0,0.302,0.327,0.491,0.818,126.0,0.365,123.0,26.0,1.0,0.0,0.0,0.0,0.0,5/H4,
Jimmy Rollins#,35.0,PHI,NL,4.1,138.0,609.0,538.0,78.0,131.0,22.0,4.0,17.0,55.0,28.0,6.0,64.0,100.0,0.243,0.323,0.394,0.717,100.0,0.339,106.0,212.0,6.0,1.0,3.0,3.0,2.0,*6/HD,
Joakim Soria,30.0,TEX,AL,0.0,2.0,0.0,0.0,0.0,0.0,0.0,0.0,0.0,0.0,0.0,0.0,0.0,0.0,,,,,,,,0.0,0.0,0.0,0.0,0.0,0.0,1,
Joaquin Benoit,36.0,SDP,NL,0.0,49.0,0.0,0.0,0.0,0.0,0.0,0.0,0.0,0.0,0.0,0.0,0.0,0.0,,,,,,,,0.0,0.0,0.0,0.0,0.0,0.0,1,
Joaquín Árias,29.0,SFG,NL,-0.4,107.0,204.0,193.0,18.0,49.0,9.0,0.0,0.0,15.0,1.0,0.0,8.0,23.0,0.254,0.281,0.301,0.581,67.0,0.26,56.0,58.0,1.0,0.0,1.0,2.0,2.0,5H346/D,
Joba Chamberlain,28.0,DET,AL,0.0,5.0,1.0,1.0,0.0,0.0,0.0,0.0,0.0,0.0,0.0,0.0,0.0,1.0,0.0,0.0,0.0,0.0,-100.0,0.0,-127.0,0.0,0.0,0.0,0.0,0.0,0.0,1,
Joc Pederson*,22.0,LAD,NL,0.0,18.0,38.0,28.0,1.0,4.0,0.0,0.0,0.0,0.0,0.0,0.0,9.0,11.0,0.143,0.351,0.143,0.494,48.0,0.266,60.0,4.0,1.0,0.0,1.0,0.0,0.0,H/897,
Joe Beimel*,37.0,SEA,AL,0.0,4.0,0.0,0.0,0.0,0.0,0.0,0.0,0.0,0.0,0.0,0.0,0.0,0.0,,,,,,,,0.0,0.0,0.0,0.0,0.0,0.0,1,
Joe Kelly,26.0,2TM,2LG,0.2,9.0,18.0,16.0,0.0,4.0,1.0,0.0,0.0,0.0,1.0,0.0,0.0,2.0,0.25,0.294,0.313,0.607,71.0,0.287,58.0,5.0,0.0,1.0,1.0,0.0,0.0,1,
Joe Kelly,26.0,STL,NL,0.1,7.0,14.0,12.0,0.0,2.0,1.0,0.0,0.0,0.0,0.0,0.0,0.0,1.0,0.167,0.231,0.25,0.481,35.0,0.224,20.0,3.0,0.0,1.0,1.0,0.0,0.0,/1,
Joe Kelly,26.0,BOS,AL,0.1,2.0,4.0,4.0,0.0,2.0,0.0,0.0,0.0,0.0,1.0,0.0,0.0,1.0,0.5,0.5,0.5,1.0,181.0,0.493,179.0,2.0,0.0,0.0,0.0,0.0,0.0,1,
Joe Mauer*,31.0,MIN,AL,1.7,120.0,518.0,455.0,60.0,126.0,27.0,2.0,4.0,55.0,3.0,0.0,60.0,96.0,0.277,0.361,0.371,0.732,107.0,0.328,103.0,169.0,12.0,1.0,0.0,2.0,12.0,3D/H,
Joe Nathan,39.0,DET,AL,0.0,3.0,0.0,0.0,0.0,0.0,0.0,0.0,0.0,0.0,0.0,0.0,0.0,0.0,,,,,,,,0.0,0.0,0.0,0.0,0.0,0.0,1,
Joe Panik*,23.0,SFG,NL,1.9,73.0,287.0,269.0,31.0,82.0,10.0,2.0,1.0,18.0,0.0,0.0,16.0,33.0,0.305,0.343,0.368,0.711,105.0,0.321,103.0,99.0,4.0,0.0,1.0,1.0,0.0,4/H,ROY-6
Joe Paterson,28.0,ARI,NL,0.0,3.0,0.0,0.0,0.0,0.0,0.0,0.0,0.0,0.0,0.0,0.0,0.0,0.0,,,,,,,,0.0,0.0,0.0,0.0,0.0,0.0,/1,
Joe Smith,30.0,LAA,AL,0.0,6.0,0.0,0.0,0.0,0.0,0.0,0.0,0.0,0.0,0.0,0.0,0.0,0.0,,,,,,,,0.0,0.0,0.0,0.0,0.0,0.0,1,
Joe Thatcher*,32.0,ARI,NL,0.0,33.0,0.0,0.0,0.0,0.0,0.0,0.0,0.0,0.0,0.0,0.0,0.0,0.0,,,,,,,,0.0,0.0,0.0,0.0,0.0,0.0,1,
Joe Wieland,24.0,SDP,NL,0.0,4.0,3.0,3.0,0.0,0.0,0.0,0.0,0.0,0.0,0.0,0.0,0.0,2.0,0.0,0.0,0.0,0.0,-100.0,0.0,-132.0,0.0,0.0,0.0,0.0,0.0,0.0,/1,
Joel Peralta,38.0,TBR,AL,0.0,4.0,0.0,0.0,0.0,0.0,0.0,0.0,0.0,0.0,0.0,0.0,0.0,0.0,,,,,,,,0.0,0.0,0.0,0.0,0.0,0.0,1,
Joey Butler,28.0,STL,NL,-0.1,6.0,6.0,5.0,0.0,0.0,0.0,0.0,0.0,0.0,0.0,0.0,1.0,3.0,0.0,0.167,0.0,0.167,-48.0,0.115,-55.0,0.0,0.0,0.0,0.0,0.0,0.0,/H9,
Joey Terdoslavich#,25.0,ATL,NL,0.0,9.0,11.0,10.0,1.0,3.0,2.0,0.0,0.0,2.0,0.0,0.0,0.0,3.0,0.3,0.364,0.5,0.864,142.0,0.381,145.0,5.0,0.0,1.0,0.0,0.0,0.0,/H39,
Joey Votto*,30.0,CIN,NL,1.7,62.0,272.0,220.0,32.0,56.0,16.0,0.0,6.0,23.0,1.0,1.0,47.0,49.0,0.255,0.39,0.409,0.799,125.0,0.366,133.0,90.0,5.0,3.0,0.0,2.0,2.0,3/H,
John Axford,31.0,2TM,2LG,0.0,15.0,0.0,0.0,0.0,0.0,0.0,0.0,0.0,0.0,0.0,0.0,0.0,0.0,,,,,,,,0.0,0.0,0.0,0.0,0.0,0.0,1,
John Axford,31.0,CLE,AL,0.0,2.0,0.0,0.0,0.0,0.0,0.0,0.0,0.0,0.0,0.0,0.0,0.0,0.0,,,,,,,,0.0,0.0,0.0,0.0,0.0,0.0,1,
John Axford,31.0,PIT,NL,0.0,13.0,0.0,0.0,0.0,0.0,0.0,0.0,0.0,0.0,0.0,0.0,0.0,0.0,,,,,,,,0.0,0.0,0.0,0.0,0.0,0.0,1,
John Baker*,33.0,CHC,NL,-1.3,68.0,208.0,182.0,9.0,35.0,7.0,0.0,0.0,15.0,0.0,0.0,19.0,58.0,0.192,0.273,0.231,0.504,43.0,0.231,26.0,42.0,3.0,2.0,3.0,2.0,3.0,2H/1,
John Buck,33.0,2TM,AL,0.1,32.0,97.0,89.0,9.0,20.0,2.0,0.0,1.0,6.0,0.0,0.0,8.0,26.0,0.225,0.289,0.281,0.57,67.0,0.28,75.0,25.0,1.0,0.0,0.0,0.0,0.0,2/DH3,
John Buck,33.0,SEA,AL,0.1,27.0,92.0,84.0,9.0,19.0,2.0,0.0,1.0,6.0,0.0,0.0,8.0,24.0,0.226,0.293,0.286,0.579,69.0,0.285,79.0,24.0,1.0,0.0,0.0,0.0,0.0,2/DH3,
John Buck,33.0,LAA,AL,0.0,5.0,5.0,5.0,0.0,1.0,0.0,0.0,0.0,0.0,0.0,0.0,0.0,2.0,0.2,0.2,0.2,0.4,17.0,0.182,2.0,1.0,0.0,0.0,0.0,0.0,0.0,/2H,
John Danks*,29.0,CHW,AL,0.0,1.0,3.0,3.0,0.0,1.0,0.0,0.0,0.0,0.0,0.0,0.0,0.0,1.0,0.333,0.333,0.333,0.667,93.0,0.269,66.0,1.0,0.0,0.0,0.0,0.0,0.0,1,
John Holdzkom,26.0,PIT,NL,0.0,9.0,0.0,0.0,0.0,0.0,0.0,0.0,0.0,0.0,0.0,0.0,0.0,0.0,,,,,,,,0.0,0.0,0.0,0.0,0.0,0.0,/1,
John Jaso*,30.0,OAK,AL,1.9,99.0,344.0,307.0,42.0,81.0,18.0,3.0,9.0,40.0,2.0,0.0,28.0,60.0,0.264,0.337,0.43,0.767,118.0,0.343,117.0,132.0,5.0,7.0,0.0,2.0,1.0,2DH,
John Lackey,35.0,STL,NL,-0.1,9.0,19.0,15.0,1.0,2.0,0.0,0.0,0.0,0.0,0.0,0.0,0.0,5.0,0.133,0.133,0.133,0.267,-25.0,0.121,-91.0,2.0,0.0,0.0,4.0,0.0,0.0,1,
John Lannan*,29.0,NYM,NL,0.0,4.0,0.0,0.0,0.0,0.0,0.0,0.0,0.0,0.0,0.0,0.0,0.0,0.0,,,,,,,,0.0,0.0,0.0,0.0,0.0,0.0,/1,
John Mayberry,30.0,2TM,2LG,0.2,78.0,168.0,146.0,15.0,31.0,10.0,0.0,7.0,23.0,0.0,0.0,20.0,35.0,0.212,0.31,0.425,0.734,104.0,0.331,105.0,62.0,2.0,1.0,0.0,1.0,0.0,H378/9D,
John Mayberry,30.0,PHI,NL,0.2,63.0,138.0,122.0,11.0,26.0,7.0,0.0,6.0,21.0,0.0,0.0,15.0,30.0,0.213,0.304,0.418,0.722,100.0,0.328,102.0,51.0,1.0,1.0,0.0,0.0,0.0,H378/9,
John Mayberry,30.0,TOR,AL,0.0,15.0,30.0,24.0,4.0,5.0,3.0,0.0,1.0,2.0,0.0,0.0,5.0,5.0,0.208,0.333,0.458,0.792,123.0,0.344,117.0,11.0,1.0,0.0,0.0,1.0,0.0,/H379D,
John McDonald,39.0,LAA,AL,-0.1,95.0,91.0,76.0,4.0,13.0,2.0,0.0,0.0,5.0,1.0,1.0,7.0,18.0,0.171,0.256,0.197,0.453,34.0,0.224,32.0,15.0,1.0,2.0,5.0,1.0,0.0,5H6/4D,
John Ryan Murphy,23.0,NYY,AL,0.5,32.0,85.0,81.0,7.0,23.0,4.0,0.0,1.0,9.0,0.0,0.0,4.0,22.0,0.284,0.318,0.37,0.688,95.0,0.318,98.0,30.0,0.0,0.0,0.0,0.0,0.0,2/HD,
Johnny Cueto,28.0,CIN,NL,0.0,32.0,82.0,68.0,3.0,9.0,0.0,0.0,0.0,3.0,0.0,0.0,2.0,20.0,0.132,0.157,0.132,0.289,-17.0,0.145,-56.0,9.0,1.0,0.0,12.0,0.0,0.0,1,"AS,CYA-2,MVP-12"
Johnny Giavotella,26.0,KCR,AL,0.0,12.0,41.0,37.0,8.0,8.0,1.0,0.0,1.0,5.0,0.0,1.0,1.0,5.0,0.216,0.268,0.324,0.593,65.0,0.278,73.0,12.0,1.0,2.0,0.0,1.0,0.0,4,
Jon Edwards,26.0,TEX,AL,0.0,1.0,0.0,0.0,0.0,0.0,0.0,0.0,0.0,0.0,0.0,0.0,0.0,0.0,,,,,,,,0.0,0.0,0.0,0.0,0.0,0.0,/1,
Jon Jay*,29.0,STL,NL,2.9,140.0,468.0,413.0,52.0,125.0,16.0,3.0,3.0,46.0,6.0,3.0,28.0,78.0,0.303,0.372,0.378,0.75,112.0,0.347,117.0,156.0,17.0,20.0,3.0,4.0,3.0,*897H,
Jon Lester*,30.0,2TM,AL,-0.1,2.0,5.0,5.0,0.0,0.0,0.0,0.0,0.0,0.0,0.0,0.0,0.0,3.0,0.0,0.0,0.0,0.0,-100.0,0.0,-140.0,0.0,0.0,0.0,0.0,0.0,0.0,1,"AS,CYA-4"
Jon Lester*,30.0,BOS,AL,0.0,1.0,3.0,3.0,0.0,0.0,0.0,0.0,0.0,0.0,0.0,0.0,0.0,2.0,0.0,0.0,0.0,0.0,-100.0,0.0,-141.0,0.0,0.0,0.0,0.0,0.0,0.0,1,
Jon Lester*,30.0,OAK,AL,0.0,1.0,2.0,2.0,0.0,0.0,0.0,0.0,0.0,0.0,0.0,0.0,0.0,1.0,0.0,0.0,0.0,0.0,-100.0,0.0,-138.0,0.0,0.0,0.0,0.0,0.0,0.0,1,
Jon Niese*,27.0,NYM,NL,0.1,29.0,65.0,55.0,3.0,5.0,1.0,0.0,0.0,4.0,0.0,0.0,6.0,29.0,0.091,0.18,0.109,0.289,-14.0,0.147,-34.0,6.0,0.0,0.0,4.0,0.0,0.0,1/H,
Jon Singleton*,22.0,HOU,AL,-0.6,95.0,362.0,310.0,42.0,52.0,13.0,0.0,13.0,44.0,2.0,3.0,50.0,134.0,0.168,0.285,0.335,0.62,76.0,0.288,78.0,104.0,4.0,1.0,0.0,1.0,1.0,3/H,
Jonathan Broxton,30.0,2TM,NL,0.0,61.0,0.0,0.0,0.0,0.0,0.0,0.0,0.0,0.0,0.0,0.0,0.0,0.0,,,,,,,,0.0,0.0,0.0,0.0,0.0,0.0,1,
Jonathan Broxton,30.0,CIN,NL,0.0,50.0,0.0,0.0,0.0,0.0,0.0,0.0,0.0,0.0,0.0,0.0,0.0,0.0,,,,,,,,0.0,0.0,0.0,0.0,0.0,0.0,1,
Jonathan Broxton,30.0,MIL,NL,0.0,11.0,0.0,0.0,0.0,0.0,0.0,0.0,0.0,0.0,0.0,0.0,0.0,0.0,,,,,,,,0.0,0.0,0.0,0.0,0.0,0.0,1,
Jonathan Diaz,29.0,TOR,AL,-0.1,23.0,45.0,38.0,3.0,6.0,1.0,0.0,0.0,4.0,1.0,0.0,3.0,14.0,0.158,0.256,0.184,0.44,28.0,0.221,18.0,7.0,1.0,2.0,2.0,0.0,0.0,6/H4789,
Jonathan Herrera#,29.0,BOS,AL,-0.1,42.0,104.0,90.0,10.0,21.0,1.0,2.0,0.0,9.0,1.0,3.0,7.0,24.0,0.233,0.307,0.289,0.596,68.0,0.268,65.0,26.0,3.0,3.0,3.0,1.0,0.0,65H/4D3,
Jonathan Lucroy,28.0,MIL,NL,6.4,153.0,655.0,585.0,73.0,176.0,53.0,2.0,13.0,69.0,4.0,4.0,66.0,71.0,0.301,0.373,0.465,0.837,131.0,0.376,138.0,272.0,13.0,2.0,0.0,2.0,3.0,*23/HD,"AS,MVP-4"
Jonathan Papelbon,33.0,PHI,NL,0.0,64.0,0.0,0.0,0.0,0.0,0.0,0.0,0.0,0.0,0.0,0.0,0.0,0.0,,,,,,,,0.0,0.0,0.0,0.0,0.0,0.0,1,
Jonathan Pettibone*,23.0,PHI,NL,0.0,2.0,2.0,2.0,0.0,0.0,0.0,0.0,0.0,0.0,0.0,0.0,0.0,1.0,0.0,0.0,0.0,0.0,-100.0,0.0,-138.0,0.0,0.0,0.0,0.0,0.0,0.0,/1,
Jonathan Schoop,22.0,BAL,AL,1.2,137.0,481.0,455.0,48.0,95.0,18.0,0.0,16.0,45.0,2.0,0.0,13.0,122.0,0.209,0.244,0.354,0.598,65.0,0.274,61.0,161.0,12.0,8.0,5.0,0.0,0.0,*45/H,
Jonathan Villar#,23.0,HOU,AL,0.9,87.0,289.0,263.0,31.0,55.0,13.0,2.0,7.0,27.0,17.0,4.0,19.0,80.0,0.209,0.267,0.354,0.62,75.0,0.282,65.0,93.0,4.0,2.0,4.0,1.0,1.0,6/HD,
Jonny Gomes,33.0,2TM,AL,-0.6,112.0,321.0,273.0,28.0,64.0,8.0,0.0,6.0,37.0,0.0,0.0,35.0,88.0,0.234,0.327,0.33,0.657,86.0,0.303,84.0,90.0,6.0,6.0,0.0,7.0,2.0,7H9D,
Jonny Gomes,33.0,BOS,AL,0.0,78.0,246.0,209.0,22.0,49.0,7.0,0.0,6.0,32.0,0.0,0.0,26.0,70.0,0.234,0.329,0.354,0.683,91.0,0.315,92.0,74.0,5.0,6.0,0.0,5.0,0.0,7H9/D,
Jonny Gomes,33.0,OAK,AL,-0.5,34.0,75.0,64.0,6.0,15.0,1.0,0.0,0.0,5.0,0.0,0.0,9.0,18.0,0.234,0.32,0.25,0.57,66.0,0.264,59.0,16.0,1.0,0.0,0.0,2.0,2.0,7H/D,
Jordan Danks*,27.0,CHW,AL,-0.3,51.0,132.0,117.0,14.0,26.0,2.0,0.0,2.0,10.0,5.0,3.0,14.0,46.0,0.222,0.303,0.291,0.594,72.0,0.284,77.0,34.0,1.0,0.0,0.0,1.0,1.0,87/9HD,
Jordan Lyles,23.0,COL,NL,0.3,23.0,52.0,48.0,4.0,9.0,3.0,0.0,1.0,3.0,0.0,0.0,3.0,21.0,0.188,0.235,0.313,0.548,43.0,0.243,24.0,15.0,3.0,0.0,1.0,0.0,0.0,1/H,
Jordan Pacheco,28.0,2TM,NL,-0.6,69.0,165.0,153.0,10.0,39.0,10.0,1.0,0.0,16.0,0.0,0.0,9.0,27.0,0.255,0.299,0.333,0.632,72.0,0.289,66.0,51.0,6.0,1.0,1.0,1.0,0.0,H23/54,
Jordan Pacheco,28.0,COL,NL,-0.4,22.0,80.0,72.0,4.0,17.0,6.0,1.0,0.0,8.0,0.0,0.0,6.0,15.0,0.236,0.3,0.347,0.647,71.0,0.288,60.0,25.0,3.0,1.0,0.0,1.0,0.0,2/34,
Jordan Pacheco,28.0,ARI,NL,-0.2,47.0,85.0,81.0,6.0,22.0,4.0,0.0,0.0,8.0,0.0,0.0,3.0,12.0,0.272,0.298,0.321,0.619,73.0,0.29,73.0,26.0,3.0,0.0,1.0,0.0,0.0,H3/54,
Jordan Schafer*,27.0,2TM,2LG,-0.2,104.0,240.0,210.0,26.0,50.0,9.0,1.0,1.0,15.0,30.0,7.0,22.0,48.0,0.238,0.31,0.305,0.615,75.0,0.31,77.0,64.0,1.0,0.0,8.0,0.0,1.0,7H8/9D,
Jordan Schafer*,27.0,ATL,NL,-0.2,63.0,93.0,80.0,9.0,13.0,4.0,0.0,0.0,2.0,15.0,2.0,10.0,20.0,0.163,0.256,0.213,0.468,35.0,0.269,35.0,17.0,1.0,0.0,3.0,0.0,1.0,H78/9D,
Jordan Schafer*,27.0,MIN,AL,0.0,41.0,147.0,130.0,17.0,37.0,5.0,1.0,1.0,13.0,15.0,5.0,12.0,28.0,0.285,0.345,0.362,0.707,100.0,0.336,103.0,47.0,0.0,0.0,5.0,0.0,0.0,7/89H,
Jordan Walden,26.0,ATL,NL,0.0,57.0,0.0,0.0,0.0,0.0,0.0,0.0,0.0,0.0,0.0,0.0,0.0,0.0,,,,,,,,0.0,0.0,0.0,0.0,0.0,0.0,1,
Jordan Zimmermann,28.0,WSN,NL,0.2,30.0,67.0,55.0,3.0,10.0,1.0,0.0,0.0,1.0,0.0,0.0,2.0,21.0,0.182,0.207,0.2,0.407,13.0,0.183,-25.0,11.0,0.0,0.0,9.0,1.0,0.0,1,"AS,CYA-5"
Jordany Valdespin*,26.0,MIA,NL,0.0,52.0,113.0,98.0,8.0,21.0,2.0,1.0,3.0,10.0,1.0,0.0,9.0,16.0,0.214,0.28,0.347,0.627,75.0,0.281,65.0,34.0,1.0,0.0,6.0,0.0,0.0,H49/8D,
Jordy Mercer,27.0,PIT,NL,2.3,149.0,555.0,506.0,56.0,129.0,27.0,2.0,12.0,55.0,4.0,1.0,35.0,89.0,0.255,0.305,0.387,0.693,94.0,0.308,89.0,196.0,14.0,4.0,5.0,5.0,12.0,*6/H9,
Jorge De La Rosa*,33.0,COL,NL,-0.1,30.0,67.0,60.0,5.0,9.0,0.0,0.0,0.0,1.0,0.0,0.0,1.0,26.0,0.15,0.164,0.15,0.314,-16.0,0.17,-41.0,9.0,1.0,0.0,6.0,0.0,0.0,1,
Jorge De León,26.0,HOU,AL,0.0,2.0,0.0,0.0,0.0,0.0,0.0,0.0,0.0,0.0,0.0,0.0,0.0,0.0,,,,,,,,0.0,0.0,0.0,0.0,0.0,0.0,/1,
Jorge Polanco#,20.0,MIN,AL,0.2,5.0,8.0,6.0,2.0,2.0,1.0,1.0,0.0,3.0,0.0,0.0,2.0,2.0,0.333,0.5,0.833,1.333,268.0,0.535,256.0,5.0,0.0,0.0,0.0,0.0,0.0,/6H,
Jorge Rondon,26.0,STL,NL,0.0,1.0,0.0,0.0,0.0,0.0,0.0,0.0,0.0,0.0,0.0,0.0,0.0,0.0,,,,,,,,0.0,0.0,0.0,0.0,0.0,0.0,/1,
Jorge Soler,22.0,CHC,NL,0.9,24.0,97.0,89.0,11.0,26.0,8.0,1.0,5.0,20.0,1.0,0.0,6.0,24.0,0.292,0.33,0.573,0.903,146.0,0.408,159.0,51.0,3.0,0.0,0.0,2.0,0.0,9,
Jose Altuve,24.0,HOU,AL,5.5,158.0,707.0,660.0,85.0,225.0,47.0,3.0,7.0,59.0,56.0,9.0,36.0,53.0,0.341,0.377,0.453,0.83,135.0,0.385,138.0,299.0,20.0,5.0,1.0,5.0,7.0,*4/DH,"AS,MVP-13,SS"
Jose Lobaton#,29.0,WSN,NL,0.7,66.0,230.0,214.0,18.0,50.0,9.0,0.0,2.0,12.0,0.0,0.0,15.0,61.0,0.234,0.287,0.304,0.591,64.0,0.28,64.0,65.0,5.0,1.0,0.0,0.0,1.0,2/H,
Jose Quintana,25.0,CHW,AL,-0.1,4.0,10.0,9.0,0.0,0.0,0.0,0.0,0.0,0.0,0.0,0.0,0.0,4.0,0.0,0.0,0.0,0.0,-100.0,0.0,-159.0,0.0,0.0,0.0,1.0,0.0,0.0,1,
Josh Beckett,34.0,LAD,NL,0.3,20.0,43.0,39.0,4.0,7.0,3.0,0.0,0.0,2.0,0.0,0.0,1.0,14.0,0.179,0.2,0.256,0.456,30.0,0.224,25.0,10.0,0.0,0.0,3.0,0.0,0.0,1,
Josh Collmenter,28.0,ARI,NL,0.0,32.0,58.0,54.0,2.0,6.0,2.0,0.0,0.0,2.0,0.0,0.0,3.0,15.0,0.111,0.158,0.148,0.306,-14.0,0.159,-27.0,8.0,1.0,0.0,1.0,0.0,0.0,1,
Josh Donaldson,28.0,OAK,AL,6.9,158.0,695.0,608.0,93.0,155.0,31.0,2.0,29.0,98.0,8.0,0.0,76.0,130.0,0.255,0.342,0.456,0.798,127.0,0.361,130.0,277.0,16.0,7.0,0.0,4.0,5.0,*5/DH,"AS,MVP-8"
Josh Edgin,27.0,NYM,NL,0.0,44.0,1.0,1.0,0.0,0.0,0.0,0.0,0.0,0.0,0.0,0.0,0.0,1.0,0.0,0.0,0.0,0.0,-100.0,0.0,-140.0,0.0,0.0,0.0,0.0,0.0,0.0,1,
Josh Fields,28.0,HOU,AL,0.0,3.0,0.0,0.0,0.0,0.0,0.0,0.0,0.0,0.0,0.0,0.0,0.0,0.0,,,,,,,,0.0,0.0,0.0,0.0,0.0,0.0,1,
Josh Hamilton*,33.0,LAA,AL,1.4,89.0,381.0,338.0,43.0,89.0,21.0,0.0,10.0,44.0,3.0,3.0,32.0,108.0,0.263,0.331,0.414,0.745,115.0,0.33,114.0,140.0,2.0,5.0,0.0,6.0,5.0,7D/8H,
Josh Harrison,26.0,PIT,NL,5.6,143.0,550.0,520.0,77.0,164.0,38.0,7.0,13.0,52.0,18.0,7.0,22.0,81.0,0.315,0.347,0.49,0.837,133.0,0.371,135.0,255.0,6.0,4.0,2.0,2.0,1.0,579H4/6,"AS,MVP-9"
Josh Lueke,29.0,TBR,AL,0.0,2.0,0.0,0.0,0.0,0.0,0.0,0.0,0.0,0.0,0.0,0.0,0.0,0.0,,,,,,,,0.0,0.0,0.0,0.0,0.0,0.0,1,
Josh Outman*,29.0,CLE,AL,0.0,2.0,0.0,0.0,0.0,0.0,0.0,0.0,0.0,0.0,0.0,0.0,0.0,0.0,,,,,,,,0.0,0.0,0.0,0.0,0.0,0.0,1,
Josh Phegley,26.0,CHW,AL,0.2,11.0,38.0,37.0,4.0,8.0,2.0,0.0,3.0,7.0,0.0,0.0,0.0,11.0,0.216,0.211,0.514,0.724,100.0,0.305,91.0,19.0,0.0,0.0,0.0,1.0,0.0,2,
Josh Reddick*,27.0,OAK,AL,3.2,109.0,396.0,363.0,53.0,96.0,16.0,7.0,12.0,54.0,1.0,1.0,28.0,63.0,0.264,0.316,0.446,0.763,116.0,0.341,118.0,162.0,3.0,1.0,0.0,3.0,0.0,9/H8,
Josh Rutledge,25.0,COL,NL,-0.4,105.0,342.0,309.0,44.0,83.0,16.0,7.0,4.0,33.0,2.0,3.0,20.0,83.0,0.269,0.323,0.405,0.728,91.0,0.322,87.0,125.0,6.0,6.0,5.0,2.0,0.0,6H4/5,
Josh Satin,29.0,NYM,NL,-0.5,25.0,43.0,35.0,2.0,3.0,2.0,0.0,0.0,3.0,0.0,0.0,6.0,14.0,0.086,0.256,0.143,0.399,19.0,0.211,22.0,5.0,2.0,2.0,0.0,0.0,0.0,H/35,
Josh Thole*,27.0,TOR,AL,-0.2,57.0,150.0,133.0,11.0,33.0,4.0,0.0,0.0,7.0,0.0,3.0,14.0,25.0,0.248,0.32,0.278,0.598,72.0,0.273,72.0,37.0,4.0,0.0,3.0,0.0,0.0,2/HD,
Josh Tomlin,29.0,CLE,AL,0.0,1.0,0.0,0.0,0.0,0.0,0.0,0.0,0.0,0.0,0.0,0.0,0.0,0.0,,,,,,,,0.0,0.0,0.0,0.0,0.0,0.0,1/DH,
Josh Willingham,35.0,2TM,AL,1.1,92.0,364.0,297.0,48.0,64.0,10.0,1.0,14.0,40.0,2.0,0.0,53.0,102.0,0.215,0.346,0.397,0.743,109.0,0.344,114.0,118.0,6.0,9.0,0.0,5.0,3.0,7D/H9,
Josh Willingham,35.0,MIN,AL,0.9,68.0,278.0,224.0,34.0,47.0,5.0,1.0,12.0,34.0,1.0,0.0,42.0,78.0,0.21,0.345,0.402,0.747,110.0,0.347,117.0,90.0,2.0,7.0,0.0,5.0,3.0,7D/H,
Josh Willingham,35.0,KCR,AL,0.2,24.0,86.0,73.0,14.0,17.0,5.0,0.0,2.0,6.0,1.0,0.0,11.0,24.0,0.233,0.349,0.384,0.732,105.0,0.335,104.0,28.0,4.0,2.0,0.0,0.0,0.0,D/H9,
Josh Wilson,33.0,TEX,AL,0.2,24.0,72.0,67.0,7.0,16.0,4.0,0.0,0.0,8.0,1.0,0.0,2.0,14.0,0.239,0.271,0.299,0.57,59.0,0.26,47.0,20.0,3.0,1.0,2.0,0.0,0.0,4/56H,
Josh Zeid,27.0,HOU,AL,0.0,3.0,1.0,1.0,0.0,0.0,0.0,0.0,0.0,0.0,0.0,0.0,0.0,1.0,0.0,0.0,0.0,0.0,-100.0,0.0,-127.0,0.0,0.0,0.0,0.0,0.0,0.0,1,
Josmil Pinto,25.0,MIN,AL,0.0,57.0,197.0,169.0,25.0,37.0,8.0,0.0,7.0,18.0,0.0,1.0,24.0,50.0,0.219,0.315,0.391,0.705,98.0,0.312,94.0,66.0,7.0,1.0,0.0,3.0,0.0,2DH,
José Abreu,27.0,CHW,AL,5.8,145.0,622.0,556.0,80.0,176.0,35.0,2.0,36.0,107.0,3.0,1.0,51.0,131.0,0.317,0.383,0.581,0.964,173.0,0.425,182.0,323.0,14.0,11.0,0.0,4.0,15.0,*3D/H,"AS,MVP-4,ROY-1,SS"
José Bautista,33.0,TOR,AL,6.9,155.0,673.0,553.0,101.0,158.0,27.0,0.0,35.0,103.0,6.0,2.0,104.0,96.0,0.286,0.403,0.524,0.928,162.0,0.414,169.0,290.0,18.0,9.0,1.0,6.0,11.0,*9D38/H,"AS,MVP-6,SS"
José Constanza*,30.0,ATL,NL,-0.2,12.0,4.0,4.0,1.0,0.0,0.0,0.0,0.0,0.0,0.0,0.0,0.0,1.0,0.0,0.0,0.0,0.0,-100.0,0.0,-141.0,0.0,0.0,0.0,0.0,0.0,0.0,/H79,
José Domínguez,23.0,LAD,NL,0.0,5.0,1.0,1.0,0.0,0.0,0.0,0.0,0.0,0.0,0.0,0.0,0.0,1.0,0.0,0.0,0.0,0.0,-100.0,0.0,-140.0,0.0,0.0,0.0,0.0,0.0,0.0,/1,
José Fernández,21.0,MIA,NL,-0.1,8.0,18.0,16.0,1.0,2.0,0.0,0.0,0.0,1.0,0.0,0.0,0.0,6.0,0.125,0.125,0.125,0.25,-29.0,0.107,-82.0,2.0,0.0,0.0,2.0,0.0,0.0,/1,
José Molina,39.0,TBR,AL,-2.0,80.0,247.0,225.0,4.0,40.0,2.0,0.0,0.0,10.0,3.0,0.0,14.0,55.0,0.178,0.23,0.187,0.417,22.0,0.199,9.0,42.0,8.0,2.0,4.0,2.0,0.0,2/H,
José Pirela,24.0,NYY,AL,0.2,7.0,25.0,24.0,6.0,8.0,1.0,2.0,0.0,3.0,0.0,0.0,1.0,4.0,0.333,0.36,0.542,0.902,152.0,0.386,148.0,13.0,1.0,0.0,0.0,0.0,0.0,/4DH,
José Ramírez#,21.0,CLE,AL,1.5,68.0,266.0,237.0,27.0,62.0,10.0,2.0,2.0,17.0,10.0,1.0,13.0,35.0,0.262,0.3,0.346,0.646,81.0,0.297,72.0,82.0,3.0,1.0,13.0,2.0,0.0,64/HD,
José Reyes#,31.0,TOR,AL,3.4,143.0,655.0,610.0,94.0,175.0,33.0,4.0,9.0,51.0,30.0,2.0,38.0,73.0,0.287,0.328,0.398,0.726,105.0,0.344,110.0,243.0,4.0,1.0,2.0,4.0,1.0,*6/H,
José Tábata,25.0,PIT,NL,-0.2,80.0,186.0,174.0,14.0,49.0,5.0,2.0,0.0,17.0,1.0,2.0,7.0,26.0,0.282,0.314,0.333,0.647,83.0,0.287,76.0,58.0,12.0,2.0,1.0,2.0,0.0,H97/8D,
José Valverde,36.0,NYM,NL,0.0,20.0,0.0,0.0,0.0,0.0,0.0,0.0,0.0,0.0,0.0,0.0,0.0,0.0,,,,,,,,0.0,0.0,0.0,0.0,0.0,0.0,1,
José Veras,33.0,2TM,2LG,0.0,14.0,0.0,0.0,0.0,0.0,0.0,0.0,0.0,0.0,0.0,0.0,0.0,0.0,,,,,,,,0.0,0.0,0.0,0.0,0.0,0.0,1,
José Veras,33.0,CHC,NL,0.0,12.0,0.0,0.0,0.0,0.0,0.0,0.0,0.0,0.0,0.0,0.0,0.0,0.0,,,,,,,,0.0,0.0,0.0,0.0,0.0,0.0,1,
José Veras,33.0,HOU,AL,0.0,2.0,0.0,0.0,0.0,0.0,0.0,0.0,0.0,0.0,0.0,0.0,0.0,0.0,,,,,,,,0.0,0.0,0.0,0.0,0.0,0.0,1,
Juan Carlos Oviedo,32.0,TBR,AL,0.0,1.0,0.0,0.0,0.0,0.0,0.0,0.0,0.0,0.0,0.0,0.0,0.0,0.0,,,,,,,,0.0,0.0,0.0,0.0,0.0,0.0,1,
Juan Centeno*,24.0,NYM,NL,-0.3,10.0,33.0,30.0,1.0,6.0,0.0,0.0,0.0,2.0,0.0,0.0,3.0,5.0,0.2,0.273,0.2,0.473,39.0,0.228,35.0,6.0,2.0,0.0,0.0,0.0,0.0,/2H,
Juan Francisco*,27.0,TOR,AL,0.9,106.0,320.0,287.0,40.0,63.0,16.0,2.0,16.0,43.0,0.0,2.0,27.0,116.0,0.22,0.291,0.456,0.747,109.0,0.325,105.0,131.0,6.0,3.0,0.0,3.0,0.0,53HD,
Juan Jaime,26.0,ATL,NL,0.0,13.0,0.0,0.0,0.0,0.0,0.0,0.0,0.0,0.0,0.0,0.0,0.0,0.0,,,,,,,,0.0,0.0,0.0,0.0,0.0,0.0,1,
Juan Lagares,25.0,NYM,NL,5.2,116.0,452.0,416.0,46.0,117.0,24.0,3.0,4.0,47.0,13.0,4.0,20.0,87.0,0.281,0.321,0.382,0.703,102.0,0.327,107.0,159.0,6.0,7.0,3.0,6.0,1.0,*8/H,GG
Juan Nicasio,27.0,COL,NL,-0.2,32.0,27.0,24.0,0.0,2.0,0.0,0.0,0.0,4.0,0.0,0.0,0.0,13.0,0.083,0.08,0.083,0.163,-57.0,0.073,-117.0,2.0,0.0,0.0,2.0,1.0,0.0,1,
Juan Pérez,27.0,SFG,NL,-0.9,61.0,109.0,100.0,13.0,17.0,7.0,0.0,1.0,3.0,0.0,1.0,5.0,25.0,0.17,0.224,0.27,0.494,41.0,0.22,30.0,27.0,3.0,2.0,2.0,0.0,0.0,78H/9,
Juan Uribe,35.0,LAD,NL,4.0,103.0,404.0,386.0,36.0,120.0,23.0,0.0,9.0,54.0,0.0,1.0,15.0,77.0,0.311,0.337,0.44,0.777,120.0,0.348,123.0,170.0,15.0,1.0,0.0,2.0,2.0,5/H,
Julio Teheran,23.0,ATL,NL,0.0,31.0,76.0,66.0,1.0,7.0,1.0,0.0,0.0,6.0,0.0,0.0,1.0,21.0,0.106,0.132,0.121,0.254,-27.0,0.145,-47.0,8.0,1.0,1.0,8.0,0.0,0.0,1,AS
Jumbo Díaz,30.0,CIN,NL,0.0,34.0,0.0,0.0,0.0,0.0,0.0,0.0,0.0,0.0,0.0,0.0,0.0,0.0,,,,,,,,0.0,0.0,0.0,0.0,0.0,0.0,1,
Junichi Tazawa,28.0,BOS,AL,0.0,6.0,0.0,0.0,0.0,0.0,0.0,0.0,0.0,0.0,0.0,0.0,0.0,0.0,,,,,,,,0.0,0.0,0.0,0.0,0.0,0.0,1,
Junior Lake,24.0,CHC,NL,-1.3,108.0,326.0,308.0,30.0,65.0,10.0,3.0,9.0,25.0,7.0,3.0,14.0,110.0,0.211,0.246,0.351,0.597,64.0,0.266,55.0,108.0,3.0,1.0,1.0,2.0,0.0,78H/9,
Justin Bour*,26.0,MIA,NL,0.1,39.0,83.0,74.0,10.0,21.0,3.0,0.0,1.0,11.0,0.0,0.0,9.0,19.0,0.284,0.361,0.365,0.726,105.0,0.324,100.0,27.0,0.0,0.0,0.0,0.0,1.0,H3/D,
Justin De Fratus#,26.0,PHI,NL,0.0,52.0,1.0,1.0,0.0,0.0,0.0,0.0,0.0,0.0,0.0,0.0,0.0,1.0,0.0,0.0,0.0,0.0,-100.0,0.0,-150.0,0.0,0.0,0.0,0.0,0.0,0.0,1,
Justin Grimm,25.0,CHC,NL,0.0,69.0,2.0,2.0,0.0,0.0,0.0,0.0,0.0,0.0,0.0,0.0,0.0,2.0,0.0,0.0,0.0,0.0,-100.0,0.0,-138.0,0.0,0.0,0.0,0.0,0.0,0.0,1,
Justin Masterson,29.0,2TM,2LG,0.0,10.0,13.0,11.0,1.0,2.0,0.0,0.0,0.0,1.0,0.0,0.0,0.0,4.0,0.182,0.182,0.182,0.364,3.0,0.165,-48.0,2.0,0.0,0.0,2.0,0.0,0.0,1,
Justin Masterson,29.0,CLE,AL,-0.1,2.0,4.0,3.0,0.0,0.0,0.0,0.0,0.0,0.0,0.0,0.0,0.0,1.0,0.0,0.0,0.0,0.0,-100.0,0.0,-219.0,0.0,0.0,0.0,1.0,0.0,0.0,1,
Justin Masterson,29.0,STL,NL,0.1,8.0,9.0,8.0,1.0,2.0,0.0,0.0,0.0,1.0,0.0,0.0,0.0,3.0,0.25,0.25,0.25,0.5,41.0,0.227,18.0,2.0,0.0,0.0,1.0,0.0,0.0,/1,
Justin Maxwell,30.0,KCR,AL,-1.0,20.0,45.0,40.0,4.0,6.0,1.0,0.0,0.0,3.0,0.0,1.0,2.0,20.0,0.15,0.222,0.175,0.397,13.0,0.182,1.0,7.0,0.0,2.0,0.0,1.0,0.0,/9H8D7,
Justin Miller,27.0,DET,AL,0.0,1.0,0.0,0.0,0.0,0.0,0.0,0.0,0.0,0.0,0.0,0.0,0.0,0.0,,,,,,,,0.0,0.0,0.0,0.0,0.0,0.0,/1,
Justin Morneau*,33.0,COL,NL,3.4,135.0,550.0,502.0,62.0,160.0,32.0,3.0,17.0,82.0,0.0,3.0,34.0,60.0,0.319,0.364,0.496,0.86,125.0,0.375,127.0,249.0,7.0,6.0,0.0,8.0,4.0,*3/HD,MVP-23
Justin Ruggiano,32.0,CHC,NL,-0.4,81.0,250.0,224.0,29.0,63.0,13.0,1.0,6.0,28.0,2.0,4.0,18.0,70.0,0.281,0.337,0.429,0.766,112.0,0.335,111.0,96.0,2.0,3.0,1.0,4.0,0.0,9H87,
Justin Sellers,28.0,CLE,AL,0.0,17.0,21.0,16.0,1.0,3.0,0.0,0.0,0.0,0.0,0.0,1.0,3.0,4.0,0.188,0.316,0.188,0.503,46.0,0.27,77.0,3.0,0.0,0.0,2.0,0.0,0.0,/465H,
Justin Smoak#,27.0,SEA,AL,-0.3,80.0,276.0,248.0,28.0,50.0,13.0,0.0,7.0,30.0,0.0,1.0,24.0,66.0,0.202,0.275,0.339,0.614,77.0,0.281,77.0,84.0,8.0,2.0,0.0,2.0,0.0,3/H,
Justin Turner,29.0,LAD,NL,4.1,109.0,322.0,288.0,46.0,98.0,21.0,1.0,7.0,43.0,6.0,1.0,28.0,58.0,0.34,0.404,0.493,0.897,155.0,0.405,163.0,142.0,6.0,4.0,0.0,2.0,1.0,5H64/3,
Justin Upton,26.0,ATL,NL,3.1,154.0,641.0,566.0,77.0,153.0,34.0,2.0,29.0,102.0,8.0,4.0,60.0,171.0,0.27,0.342,0.491,0.833,133.0,0.365,133.0,278.0,10.0,6.0,0.0,8.0,1.0,*7/HD,"MVP-17,SS"
Justin Verlander,31.0,DET,AL,0.1,3.0,7.0,6.0,1.0,2.0,0.0,0.0,0.0,0.0,0.0,0.0,0.0,0.0,0.333,0.333,0.333,0.667,90.0,0.303,83.0,2.0,0.0,0.0,1.0,0.0,0.0,1,
Justin Wilson*,26.0,PIT,NL,0.0,67.0,1.0,1.0,0.0,0.0,0.0,0.0,0.0,0.0,0.0,0.0,0.0,1.0,0.0,0.0,0.0,0.0,-100.0,0.0,-150.0,0.0,0.0,0.0,0.0,0.0,0.0,1,
Keith Butler,25.0,STL,NL,0.0,2.0,0.0,0.0,0.0,0.0,0.0,0.0,0.0,0.0,0.0,0.0,0.0,0.0,,,,,,,,0.0,0.0,0.0,0.0,0.0,0.0,/1,
Kelly Johnson*,32.0,3TM,AL,0.0,106.0,297.0,265.0,29.0,57.0,14.0,2.0,7.0,27.0,2.0,2.0,29.0,71.0,0.215,0.296,0.362,0.659,86.0,0.297,83.0,96.0,3.0,2.0,0.0,1.0,0.0,53H/47D9,
Kelly Johnson*,32.0,NYY,AL,0.3,77.0,227.0,201.0,21.0,44.0,9.0,2.0,6.0,22.0,2.0,1.0,23.0,50.0,0.219,0.304,0.373,0.677,91.0,0.303,87.0,75.0,2.0,2.0,0.0,1.0,0.0,53H/7D49,
Kelly Johnson*,32.0,BOS,AL,-0.2,10.0,25.0,25.0,1.0,4.0,1.0,0.0,0.0,1.0,0.0,0.0,0.0,10.0,0.16,0.16,0.2,0.36,0.0,0.16,-23.0,5.0,1.0,0.0,0.0,0.0,0.0,/3H5D47,
Kelly Johnson*,32.0,BAL,AL,-0.1,19.0,45.0,39.0,7.0,9.0,4.0,0.0,1.0,4.0,0.0,1.0,6.0,11.0,0.231,0.333,0.41,0.744,108.0,0.34,120.0,16.0,0.0,0.0,0.0,0.0,0.0,5/4H,
Kelvin Herrera,24.0,KCR,AL,0.0,4.0,0.0,0.0,0.0,0.0,0.0,0.0,0.0,0.0,0.0,0.0,0.0,0.0,,,,,,,,0.0,0.0,0.0,0.0,0.0,0.0,1,
Ken Giles,23.0,PHI,NL,0.0,42.0,0.0,0.0,0.0,0.0,0.0,0.0,0.0,0.0,0.0,0.0,0.0,0.0,,,,,,,,0.0,0.0,0.0,0.0,0.0,0.0,1,ROY-4
Kendrys Morales#,31.0,2TM,AL,-0.9,98.0,401.0,367.0,28.0,80.0,20.0,0.0,8.0,42.0,0.0,0.0,27.0,68.0,0.218,0.274,0.338,0.612,75.0,0.284,75.0,124.0,12.0,3.0,0.0,4.0,3.0,D3/H,
Kendrys Morales#,31.0,MIN,AL,-0.7,39.0,162.0,154.0,12.0,36.0,11.0,0.0,1.0,18.0,0.0,0.0,6.0,27.0,0.234,0.259,0.325,0.584,64.0,0.267,58.0,50.0,4.0,0.0,0.0,2.0,1.0,D3/H,
Kendrys Morales#,31.0,SEA,AL,-0.2,59.0,239.0,213.0,16.0,44.0,9.0,0.0,7.0,24.0,0.0,0.0,21.0,41.0,0.207,0.285,0.347,0.632,83.0,0.296,87.0,74.0,8.0,3.0,0.0,2.0,2.0,D3,
Kenley Jansen#,26.0,LAD,NL,0.0,64.0,1.0,1.0,0.0,0.0,0.0,0.0,0.0,0.0,0.0,0.0,0.0,1.0,0.0,0.0,0.0,0.0,-100.0,0.0,-140.0,0.0,0.0,0.0,0.0,0.0,0.0,1,
Kennys Vargas#,23.0,MIN,AL,0.6,53.0,234.0,215.0,26.0,59.0,10.0,1.0,9.0,38.0,0.0,0.0,12.0,63.0,0.274,0.316,0.456,0.772,115.0,0.34,112.0,98.0,5.0,3.0,0.0,4.0,2.0,D3,
Kevin Chapman*,26.0,HOU,AL,0.0,2.0,0.0,0.0,0.0,0.0,0.0,0.0,0.0,0.0,0.0,0.0,0.0,0.0,,,,,,,,0.0,0.0,0.0,0.0,0.0,0.0,1,
Kevin Correia,33.0,2TM,2LG,0.2,11.0,11.0,11.0,1.0,3.0,1.0,0.0,0.0,1.0,0.0,0.0,0.0,3.0,0.273,0.273,0.364,0.636,79.0,0.354,124.0,4.0,0.0,0.0,0.0,0.0,0.0,1,
Kevin Correia,33.0,MIN,AL,0.1,2.0,5.0,5.0,0.0,1.0,1.0,0.0,0.0,1.0,0.0,0.0,0.0,1.0,0.2,0.2,0.4,0.6,64.0,0.255,49.0,2.0,0.0,0.0,0.0,0.0,0.0,1,
Kevin Correia,33.0,LAD,NL,0.1,9.0,6.0,6.0,1.0,2.0,0.0,0.0,0.0,0.0,0.0,0.0,0.0,2.0,0.333,0.333,0.333,0.667,92.0,0.438,189.0,2.0,0.0,0.0,0.0,0.0,0.0,/1,
Kevin Frandsen,32.0,WSN,NL,-0.6,105.0,236.0,220.0,17.0,57.0,8.0,0.0,1.0,17.0,0.0,0.0,6.0,26.0,0.259,0.299,0.309,0.608,69.0,0.279,62.0,68.0,7.0,7.0,2.0,1.0,0.0,H754/3,
Kevin Gausman*,23.0,BAL,AL,0.0,2.0,3.0,3.0,0.0,0.0,0.0,0.0,0.0,0.0,0.0,0.0,0.0,2.0,0.0,0.0,0.0,0.0,-100.0,0.0,-141.0,0.0,0.0,0.0,0.0,0.0,0.0,1,
Kevin Gregg,36.0,MIA,NL,0.0,12.0,0.0,0.0,0.0,0.0,0.0,0.0,0.0,0.0,0.0,0.0,0.0,0.0,,,,,,,,0.0,0.0,0.0,0.0,0.0,0.0,1,
Kevin Jepsen,29.0,LAA,AL,0.0,6.0,0.0,0.0,0.0,0.0,0.0,0.0,0.0,0.0,0.0,0.0,0.0,0.0,,,,,,,,0.0,0.0,0.0,0.0,0.0,0.0,1,
Kevin Kiermaier*,24.0,TBR,AL,3.5,108.0,364.0,331.0,35.0,87.0,16.0,8.0,10.0,35.0,5.0,4.0,23.0,71.0,0.263,0.315,0.45,0.765,117.0,0.335,115.0,149.0,3.0,3.0,5.0,2.0,2.0,98H/7D,
Kevin Kouzmanoff,32.0,TEX,AL,0.5,13.0,51.0,47.0,8.0,17.0,6.0,0.0,2.0,10.0,0.0,0.0,2.0,7.0,0.362,0.412,0.617,1.029,183.0,0.437,184.0,29.0,2.0,2.0,0.0,0.0,1.0,5/H,
Kevin Pillar,25.0,TOR,AL,0.6,53.0,122.0,116.0,19.0,31.0,9.0,0.0,2.0,7.0,1.0,2.0,4.0,28.0,0.267,0.295,0.397,0.692,95.0,0.32,104.0,46.0,3.0,1.0,0.0,1.0,0.0,78H/9D,
Kevin Quackenbush,25.0,SDP,NL,0.0,54.0,0.0,0.0,0.0,0.0,0.0,0.0,0.0,0.0,0.0,0.0,0.0,0.0,,,,,,,,0.0,0.0,0.0,0.0,0.0,0.0,1,
Kevin Siegrist*,24.0,STL,NL,0.0,35.0,0.0,0.0,0.0,0.0,0.0,0.0,0.0,0.0,0.0,0.0,0.0,0.0,,,,,,,,0.0,0.0,0.0,0.0,0.0,0.0,1,
Kevin Slowey,30.0,MIA,NL,-0.1,16.0,5.0,5.0,0.0,0.0,0.0,0.0,0.0,0.0,0.0,0.0,0.0,2.0,0.0,0.0,0.0,0.0,-100.0,0.0,-140.0,0.0,0.0,0.0,0.0,0.0,0.0,1,
Kevin Whelan,30.0,DET,AL,0.0,1.0,0.0,0.0,0.0,0.0,0.0,0.0,0.0,0.0,0.0,0.0,0.0,0.0,,,,,,,,0.0,0.0,0.0,0.0,0.0,0.0,/1,
Khris Davis,26.0,MIL,NL,1.7,144.0,549.0,501.0,70.0,122.0,37.0,2.0,22.0,69.0,4.0,1.0,32.0,122.0,0.244,0.299,0.457,0.756,106.0,0.345,112.0,229.0,13.0,10.0,0.0,6.0,0.0,*7H,
Kiké Hernández,22.0,2TM,2LG,1.5,42.0,134.0,121.0,13.0,30.0,6.0,3.0,3.0,14.0,0.0,0.0,12.0,21.0,0.248,0.321,0.421,0.742,108.0,0.336,111.0,51.0,1.0,1.0,0.0,0.0,0.0,8/7H6459D,
Kiké Hernández,22.0,HOU,AL,0.9,24.0,89.0,81.0,10.0,23.0,4.0,2.0,1.0,8.0,0.0,0.0,8.0,11.0,0.284,0.348,0.42,0.768,117.0,0.341,115.0,34.0,0.0,0.0,0.0,0.0,0.0,8/764D,
Kiké Hernández,22.0,MIA,NL,0.5,18.0,45.0,40.0,3.0,7.0,2.0,1.0,2.0,6.0,0.0,0.0,4.0,10.0,0.175,0.267,0.425,0.692,91.0,0.326,102.0,17.0,1.0,1.0,0.0,0.0,0.0,/8H459,
Kirby Yates*,27.0,TBR,AL,0.0,3.0,0.0,0.0,0.0,0.0,0.0,0.0,0.0,0.0,0.0,0.0,0.0,0.0,,,,,,,,0.0,0.0,0.0,0.0,0.0,0.0,1,
Kirk Nieuwenhuis*,26.0,NYM,NL,1.3,61.0,130.0,112.0,16.0,29.0,14.0,1.0,3.0,16.0,4.0,0.0,16.0,39.0,0.259,0.346,0.482,0.828,136.0,0.361,129.0,54.0,1.0,0.0,0.0,2.0,3.0,H78/9,
Koji Uehara,39.0,BOS,AL,0.0,5.0,0.0,0.0,0.0,0.0,0.0,0.0,0.0,0.0,0.0,0.0,0.0,0.0,,,,,,,,0.0,0.0,0.0,0.0,0.0,0.0,1,AS
Kole Calhoun*,26.0,LAA,AL,4.0,127.0,537.0,493.0,90.0,134.0,31.0,3.0,17.0,58.0,5.0,3.0,38.0,104.0,0.272,0.325,0.45,0.776,123.0,0.354,131.0,222.0,5.0,2.0,2.0,2.0,0.0,*9H/3,
Kolten Wong*,23.0,STL,NL,2.4,113.0,433.0,402.0,52.0,100.0,14.0,3.0,12.0,42.0,20.0,4.0,21.0,71.0,0.249,0.292,0.388,0.68,89.0,0.31,84.0,156.0,12.0,4.0,5.0,1.0,3.0,4H,ROY-3
Koyie Hill#,35.0,PHI,NL,-0.1,10.0,22.0,21.0,2.0,5.0,1.0,0.0,0.0,1.0,0.0,0.0,1.0,5.0,0.238,0.273,0.286,0.558,57.0,0.245,41.0,6.0,0.0,0.0,0.0,0.0,0.0,2,
Kris Johnson*,29.0,MIN,AL,0.0,1.0,1.0,1.0,0.0,0.0,0.0,0.0,0.0,0.0,0.0,0.0,0.0,1.0,0.0,0.0,0.0,0.0,-100.0,0.0,-127.0,0.0,0.0,0.0,0.0,0.0,0.0,/1,
Kristopher Negrón,28.0,CIN,NL,2.1,49.0,158.0,144.0,19.0,39.0,10.0,1.0,6.0,17.0,5.0,0.0,12.0,40.0,0.271,0.331,0.479,0.81,125.0,0.368,128.0,69.0,2.0,1.0,1.0,0.0,0.0,54/H67,
Kurt Suzuki,30.0,MIN,AL,2.6,131.0,503.0,452.0,37.0,130.0,34.0,0.0,3.0,61.0,0.0,1.0,34.0,46.0,0.288,0.345,0.383,0.727,105.0,0.329,105.0,173.0,9.0,9.0,1.0,7.0,0.0,*2H/D,AS
Kyle Blanks,27.0,2TM,2LG,0.5,26.0,66.0,55.0,10.0,17.0,1.0,0.0,2.0,7.0,0.0,0.0,8.0,16.0,0.309,0.409,0.436,0.845,144.0,0.388,153.0,24.0,3.0,2.0,0.0,1.0,0.0,3/HD79,
Kyle Blanks,27.0,SDP,NL,-0.1,5.0,10.0,10.0,1.0,2.0,0.0,0.0,0.0,0.0,0.0,0.0,0.0,3.0,0.2,0.2,0.2,0.4,17.0,0.171,-5.0,2.0,0.0,0.0,0.0,0.0,0.0,/3H7,
Kyle Blanks,27.0,OAK,AL,0.6,21.0,56.0,45.0,9.0,15.0,1.0,0.0,2.0,7.0,0.0,0.0,8.0,13.0,0.333,0.446,0.489,0.935,168.0,0.427,181.0,22.0,3.0,2.0,0.0,1.0,0.0,3/HD9,
Kyle Crockett*,22.0,CLE,AL,0.0,4.0,0.0,0.0,0.0,0.0,0.0,0.0,0.0,0.0,0.0,0.0,0.0,0.0,,,,,,,,0.0,0.0,0.0,0.0,0.0,0.0,1,
Kyle Drabek,26.0,TOR,AL,0.0,1.0,0.0,0.0,0.0,0.0,0.0,0.0,0.0,0.0,0.0,0.0,0.0,0.0,,,,,,,,0.0,0.0,0.0,0.0,0.0,0.0,/1,
Kyle Farnsworth,38.0,2TM,2LG,0.0,22.0,0.0,0.0,0.0,0.0,0.0,0.0,0.0,0.0,0.0,0.0,0.0,0.0,,,,,,,,0.0,0.0,0.0,0.0,0.0,0.0,1,
Kyle Farnsworth,38.0,NYM,NL,0.0,17.0,0.0,0.0,0.0,0.0,0.0,0.0,0.0,0.0,0.0,0.0,0.0,0.0,,,,,,,,0.0,0.0,0.0,0.0,0.0,0.0,1,
Kyle Farnsworth,38.0,HOU,AL,0.0,5.0,0.0,0.0,0.0,0.0,0.0,0.0,0.0,0.0,0.0,0.0,0.0,0.0,,,,,,,,0.0,0.0,0.0,0.0,0.0,0.0,1,
Kyle Gibson,26.0,MIN,AL,0.1,2.0,4.0,4.0,0.0,1.0,0.0,0.0,0.0,0.0,0.0,0.0,0.0,2.0,0.25,0.25,0.25,0.5,42.0,0.227,29.0,1.0,0.0,0.0,0.0,0.0,0.0,1,
Kyle Hendricks,24.0,CHC,NL,0.1,13.0,30.0,24.0,1.0,3.0,0.0,0.0,0.0,1.0,0.0,0.0,3.0,11.0,0.125,0.222,0.125,0.347,0.0,0.174,-27.0,3.0,0.0,0.0,3.0,0.0,0.0,1/H,ROY-7
Kyle Kendrick,29.0,PHI,NL,-0.1,31.0,71.0,66.0,2.0,9.0,1.0,0.0,0.0,1.0,0.0,0.0,1.0,31.0,0.136,0.149,0.152,0.301,-15.0,0.136,-49.0,10.0,2.0,0.0,4.0,0.0,0.0,1,
Kyle Lohse,35.0,MIL,NL,-0.1,30.0,74.0,61.0,2.0,7.0,0.0,0.0,0.0,5.0,0.0,0.0,2.0,23.0,0.115,0.154,0.115,0.269,-24.0,0.144,-56.0,7.0,1.0,1.0,9.0,1.0,0.0,1,
Kyle Parker,24.0,COL,NL,-0.4,18.0,26.0,26.0,1.0,5.0,1.0,0.0,0.0,1.0,0.0,0.0,0.0,14.0,0.192,0.192,0.231,0.423,11.0,0.185,-17.0,6.0,0.0,0.0,0.0,0.0,0.0,H/93,
Kyle Seager*,26.0,SEA,AL,6.3,159.0,654.0,590.0,71.0,158.0,27.0,4.0,25.0,96.0,7.0,5.0,52.0,118.0,0.268,0.334,0.454,0.788,127.0,0.35,128.0,268.0,12.0,8.0,1.0,3.0,3.0,*5/DH,"AS,MVP-20,GG"
Kyuji Fujikawa*,33.0,CHC,NL,0.0,14.0,0.0,0.0,0.0,0.0,0.0,0.0,0.0,0.0,0.0,0.0,0.0,0.0,,,,,,,,0.0,0.0,0.0,0.0,0.0,0.0,1,
L.J. Hoes,24.0,HOU,AL,-0.2,55.0,136.0,122.0,12.0,21.0,5.0,0.0,3.0,11.0,0.0,0.0,10.0,31.0,0.172,0.23,0.287,0.517,46.0,0.237,38.0,35.0,5.0,0.0,1.0,3.0,0.0,7H9/D,
Lance Lynn#,27.0,STL,NL,-0.1,31.0,69.0,60.0,5.0,4.0,1.0,0.0,0.0,1.0,0.0,0.0,4.0,34.0,0.067,0.138,0.083,0.222,-36.0,0.129,-54.0,5.0,1.0,1.0,4.0,0.0,0.0,1,
Lane Adams,24.0,KCR,AL,-0.1,6.0,3.0,3.0,1.0,0.0,0.0,0.0,0.0,0.0,0.0,0.0,0.0,2.0,0.0,0.0,0.0,0.0,-100.0,0.0,-141.0,0.0,0.0,0.0,0.0,0.0,0.0,/H78D,
LaTroy Hawkins,41.0,COL,NL,0.0,54.0,1.0,1.0,0.0,0.0,0.0,0.0,0.0,0.0,0.0,0.0,0.0,1.0,0.0,0.0,0.0,0.0,-100.0,0.0,-160.0,0.0,0.0,0.0,0.0,0.0,0.0,1,
Leonel Campos,26.0,SDP,NL,0.0,6.0,0.0,0.0,0.0,0.0,0.0,0.0,0.0,0.0,0.0,0.0,0.0,0.0,,,,,,,,0.0,0.0,0.0,0.0,0.0,0.0,/1,
Leonys Martín*,26.0,TEX,AL,4.4,155.0,583.0,533.0,68.0,146.0,13.0,7.0,7.0,40.0,31.0,12.0,39.0,114.0,0.274,0.325,0.364,0.689,92.0,0.313,88.0,194.0,4.0,2.0,7.0,2.0,3.0,*8/HD,
Leury García#,23.0,CHW,AL,-0.5,73.0,155.0,145.0,13.0,24.0,3.0,0.0,1.0,6.0,11.0,1.0,5.0,48.0,0.166,0.192,0.207,0.399,15.0,0.203,2.0,30.0,6.0,0.0,4.0,1.0,1.0,H548/6D971,
Liam Hendriks,25.0,TOR,AL,0.0,1.0,0.0,0.0,0.0,0.0,0.0,0.0,0.0,0.0,0.0,0.0,0.0,0.0,,,,,,,,0.0,0.0,0.0,0.0,0.0,0.0,/1,
Logan Forsythe,27.0,TBR,AL,1.3,110.0,336.0,301.0,32.0,67.0,12.0,1.0,6.0,26.0,2.0,0.0,25.0,71.0,0.223,0.287,0.329,0.616,77.0,0.286,76.0,99.0,9.0,4.0,2.0,4.0,0.0,4HD/5763,
Logan Morrison*,26.0,SEA,AL,1.4,99.0,365.0,336.0,41.0,88.0,20.0,0.0,11.0,38.0,5.0,2.0,24.0,59.0,0.262,0.315,0.42,0.735,111.0,0.33,112.0,141.0,9.0,3.0,0.0,2.0,1.0,3D/9H7,
Logan Ondrusek,29.0,CIN,NL,0.0,38.0,3.0,3.0,0.0,0.0,0.0,0.0,0.0,0.0,0.0,0.0,0.0,3.0,0.0,0.0,0.0,0.0,-100.0,0.0,-142.0,0.0,0.0,0.0,0.0,0.0,0.0,1,
Logan Schafer*,27.0,MIL,NL,-0.3,65.0,136.0,116.0,13.0,21.0,9.0,1.0,0.0,8.0,2.0,1.0,15.0,27.0,0.181,0.278,0.276,0.554,55.0,0.26,47.0,32.0,0.0,1.0,3.0,1.0,3.0,H798,
Logan Watkins*,24.0,CHC,NL,-0.4,31.0,68.0,65.0,10.0,16.0,3.0,0.0,1.0,6.0,1.0,0.0,1.0,16.0,0.246,0.269,0.338,0.607,68.0,0.268,52.0,22.0,0.0,1.0,1.0,0.0,1.0,4H/9D,
Lonnie Chisenhall*,25.0,CLE,AL,1.5,142.0,533.0,478.0,62.0,134.0,29.0,1.0,13.0,59.0,3.0,1.0,39.0,99.0,0.28,0.343,0.427,0.77,115.0,0.342,112.0,204.0,8.0,8.0,4.0,3.0,3.0,*5DH3,
Lorenzo Cain,28.0,KCR,AL,4.4,133.0,502.0,471.0,55.0,142.0,29.0,4.0,5.0,53.0,28.0,5.0,24.0,108.0,0.301,0.339,0.412,0.751,109.0,0.342,105.0,194.0,9.0,4.0,0.0,3.0,2.0,*89/HD,
Louis Coleman,28.0,KCR,AL,0.0,2.0,0.0,0.0,0.0,0.0,0.0,0.0,0.0,0.0,0.0,0.0,0.0,0.0,,,,,,,,0.0,0.0,0.0,0.0,0.0,0.0,1,
Lucas Duda*,28.0,NYM,NL,3.8,153.0,596.0,514.0,74.0,130.0,27.0,0.0,30.0,92.0,3.0,2.0,69.0,135.0,0.253,0.349,0.481,0.83,137.0,0.366,139.0,247.0,9.0,9.0,0.0,4.0,8.0,*3H/D7,MVP-22
Luis Avilán*,24.0,ATL,NL,0.0,59.0,1.0,0.0,0.0,0.0,0.0,0.0,0.0,0.0,0.0,0.0,0.0,0.0,,,,,,,,0.0,0.0,0.0,1.0,0.0,0.0,1,
Luis García,27.0,PHI,NL,0.0,11.0,0.0,0.0,0.0,0.0,0.0,0.0,0.0,0.0,0.0,0.0,0.0,0.0,,,,,,,,0.0,0.0,0.0,0.0,0.0,0.0,1,
Luis Jiménez,26.0,LAA,AL,-0.5,18.0,41.0,37.0,3.0,6.0,2.0,0.0,0.0,2.0,0.0,0.0,0.0,13.0,0.162,0.205,0.216,0.421,23.0,0.196,8.0,8.0,1.0,2.0,2.0,0.0,0.0,5/HD,
Luis Sardiñas#,21.0,TEX,AL,0.0,43.0,125.0,115.0,12.0,30.0,6.0,0.0,0.0,8.0,5.0,1.0,5.0,21.0,0.261,0.303,0.313,0.616,73.0,0.302,77.0,36.0,5.0,2.0,3.0,0.0,0.0,46/5HD,
Luis Valbuena*,28.0,CHC,NL,2.5,149.0,547.0,478.0,68.0,119.0,33.0,4.0,16.0,51.0,1.0,2.0,65.0,113.0,0.249,0.341,0.435,0.776,115.0,0.348,117.0,208.0,8.0,2.0,1.0,1.0,4.0,*54H/D,
Luke Gregerson*,30.0,OAK,AL,0.0,3.0,0.0,0.0,0.0,0.0,0.0,0.0,0.0,0.0,0.0,0.0,0.0,0.0,,,,,,,,0.0,0.0,0.0,0.0,0.0,0.0,1,
Luke Putkonen,28.0,DET,AL,0.0,1.0,0.0,0.0,0.0,0.0,0.0,0.0,0.0,0.0,0.0,0.0,0.0,0.0,,,,,,,,0.0,0.0,0.0,0.0,0.0,0.0,/1,
Lyle Overbay*,37.0,MIL,NL,-0.6,121.0,296.0,258.0,24.0,60.0,14.0,0.0,4.0,35.0,2.0,0.0,36.0,60.0,0.233,0.328,0.333,0.661,84.0,0.313,88.0,86.0,8.0,1.0,0.0,1.0,2.0,3H/1,
Madison Bumgarner,24.0,SFG,NL,1.2,31.0,78.0,66.0,10.0,17.0,2.0,0.0,4.0,15.0,0.0,0.0,2.0,29.0,0.258,0.286,0.47,0.755,113.0,0.344,123.0,31.0,0.0,1.0,8.0,1.0,0.0,1/H,"AS,CYA-4,SS"
Maicer Izturis#,33.0,TOR,AL,0.1,11.0,38.0,35.0,3.0,10.0,1.0,0.0,0.0,1.0,1.0,0.0,2.0,4.0,0.286,0.324,0.314,0.639,83.0,0.297,77.0,11.0,0.0,0.0,1.0,0.0,0.0,4/H,
Maikel Cleto,25.0,CHW,AL,0.0,1.0,0.0,0.0,0.0,0.0,0.0,0.0,0.0,0.0,0.0,0.0,0.0,0.0,,,,,,,,0.0,0.0,0.0,0.0,0.0,0.0,1,
Maikel Franco,21.0,PHI,NL,-0.4,16.0,58.0,56.0,5.0,10.0,2.0,0.0,0.0,5.0,0.0,0.0,1.0,13.0,0.179,0.19,0.214,0.404,13.0,0.178,-10.0,12.0,1.0,0.0,0.0,1.0,0.0,5/3,
Manny Machado,21.0,BAL,AL,2.2,82.0,354.0,327.0,38.0,91.0,14.0,0.0,12.0,32.0,2.0,0.0,20.0,68.0,0.278,0.324,0.431,0.755,110.0,0.336,107.0,141.0,13.0,3.0,2.0,2.0,2.0,5,
Manny Parra*,31.0,CIN,NL,0.0,48.0,0.0,0.0,0.0,0.0,0.0,0.0,0.0,0.0,0.0,0.0,0.0,0.0,,,,,,,,0.0,0.0,0.0,0.0,0.0,0.0,1,
Marc Krauss*,26.0,HOU,AL,-0.3,67.0,208.0,186.0,16.0,36.0,6.0,0.0,6.0,21.0,0.0,0.0,21.0,54.0,0.194,0.279,0.323,0.601,71.0,0.275,66.0,60.0,7.0,1.0,0.0,0.0,0.0,37H/9D,
Marc Rzepczynski*,28.0,CLE,AL,0.0,5.0,0.0,0.0,0.0,0.0,0.0,0.0,0.0,0.0,0.0,0.0,0.0,0.0,,,,,,,,0.0,0.0,0.0,0.0,0.0,0.0,1,
Marcell Ozuna,23.0,MIA,NL,4.4,153.0,612.0,565.0,72.0,152.0,26.0,5.0,23.0,85.0,3.0,1.0,41.0,164.0,0.269,0.317,0.455,0.772,114.0,0.346,117.0,257.0,12.0,1.0,0.0,5.0,1.0,*87/H9,
Marco Estrada,30.0,MIL,NL,-0.1,35.0,40.0,32.0,0.0,3.0,0.0,0.0,0.0,2.0,0.0,0.0,3.0,13.0,0.094,0.171,0.094,0.265,-24.0,0.134,-65.0,3.0,1.0,0.0,5.0,0.0,0.0,1,
Marco Gonzales*,22.0,STL,NL,0.2,10.0,12.0,10.0,1.0,3.0,2.0,0.0,0.0,0.0,0.0,0.0,0.0,2.0,0.3,0.3,0.5,0.8,120.0,0.347,121.0,5.0,0.0,0.0,2.0,0.0,0.0,1,
Marco Scutaro,38.0,SFG,NL,-0.3,5.0,13.0,11.0,1.0,1.0,0.0,0.0,0.0,0.0,0.0,0.0,1.0,3.0,0.091,0.167,0.091,0.258,-23.0,0.133,-48.0,1.0,1.0,0.0,1.0,0.0,0.0,/4H,
Marcus Semien,23.0,CHW,AL,0.8,64.0,255.0,231.0,30.0,54.0,10.0,2.0,6.0,28.0,3.0,0.0,21.0,70.0,0.234,0.3,0.372,0.673,93.0,0.318,99.0,86.0,6.0,1.0,2.0,0.0,0.0,54/H6D,
Marcus Stroman,23.0,TOR,AL,0.0,8.0,0.0,0.0,2.0,0.0,0.0,0.0,0.0,0.0,0.0,0.0,0.0,0.0,,,,,,,,0.0,0.0,0.0,0.0,0.0,0.0,1/HD,
Mario Hollands*,25.0,PHI,NL,0.0,46.0,0.0,0.0,0.0,0.0,0.0,0.0,0.0,0.0,0.0,0.0,0.0,0.0,,,,,,,,0.0,0.0,0.0,0.0,0.0,0.0,1,
Mark Ellis,37.0,STL,NL,-0.5,73.0,202.0,178.0,15.0,32.0,6.0,0.0,0.0,12.0,4.0,1.0,14.0,38.0,0.18,0.253,0.213,0.466,33.0,0.226,22.0,38.0,0.0,4.0,4.0,2.0,3.0,4H/35,
Mark Lowe*,31.0,CLE,AL,0.0,1.0,0.0,0.0,0.0,0.0,0.0,0.0,0.0,0.0,0.0,0.0,0.0,0.0,,,,,,,,0.0,0.0,0.0,0.0,0.0,0.0,/1,
Mark Melancon,29.0,PIT,NL,0.0,70.0,0.0,0.0,0.0,0.0,0.0,0.0,0.0,0.0,0.0,0.0,0.0,0.0,,,,,,,,0.0,0.0,0.0,0.0,0.0,0.0,1,
Mark Reynolds,30.0,MIL,NL,0.2,130.0,433.0,378.0,47.0,74.0,9.0,0.0,22.0,45.0,5.0,1.0,47.0,122.0,0.196,0.287,0.394,0.681,87.0,0.315,89.0,149.0,8.0,3.0,1.0,4.0,3.0,35H/9,
Mark Teixeira#,34.0,NYY,AL,0.8,123.0,508.0,440.0,56.0,95.0,14.0,0.0,22.0,62.0,1.0,1.0,58.0,109.0,0.216,0.313,0.398,0.711,101.0,0.319,99.0,175.0,13.0,6.0,0.0,4.0,3.0,*3/DH,
Mark Trumbo,28.0,ARI,NL,-0.8,88.0,362.0,328.0,37.0,77.0,15.0,1.0,14.0,61.0,2.0,3.0,28.0,89.0,0.235,0.293,0.415,0.707,95.0,0.312,92.0,136.0,8.0,1.0,0.0,5.0,3.0,37/DH,
Marlon Byrd,36.0,PHI,NL,3.3,154.0,637.0,591.0,71.0,156.0,28.0,2.0,25.0,85.0,3.0,2.0,35.0,185.0,0.264,0.312,0.445,0.757,109.0,0.341,112.0,263.0,6.0,8.0,0.0,3.0,7.0,*9/HD,
Martín Maldonado,27.0,MIL,NL,0.8,52.0,126.0,111.0,14.0,26.0,5.0,0.0,4.0,16.0,0.0,0.0,11.0,32.0,0.234,0.32,0.387,0.707,95.0,0.322,96.0,43.0,4.0,3.0,1.0,0.0,1.0,2/H31,
Martín Prado,30.0,2TM,2LG,3.2,143.0,573.0,536.0,62.0,151.0,26.0,4.0,12.0,58.0,3.0,1.0,26.0,80.0,0.282,0.321,0.412,0.733,104.0,0.335,108.0,221.0,20.0,7.0,0.0,4.0,0.0,*54/9H7,
Martín Prado,30.0,ARI,NL,1.1,106.0,436.0,403.0,44.0,109.0,17.0,4.0,5.0,42.0,2.0,1.0,23.0,57.0,0.27,0.317,0.37,0.686,91.0,0.315,92.0,149.0,17.0,6.0,0.0,4.0,0.0,5/4H,
Martín Prado,30.0,NYY,AL,2.1,37.0,137.0,133.0,18.0,42.0,9.0,0.0,7.0,16.0,1.0,0.0,3.0,23.0,0.316,0.336,0.541,0.877,145.0,0.399,157.0,72.0,3.0,1.0,0.0,0.0,0.0,45/97H,
Martín Pérez*,23.0,TEX,AL,0.0,1.0,2.0,1.0,0.0,0.0,0.0,0.0,0.0,0.0,0.0,0.0,0.0,1.0,0.0,0.0,0.0,0.0,-100.0,0.0,-364.0,0.0,0.0,0.0,1.0,0.0,0.0,/1,
Marwin González#,25.0,HOU,AL,1.3,103.0,310.0,285.0,33.0,79.0,15.0,1.0,6.0,23.0,2.0,4.0,17.0,58.0,0.277,0.327,0.4,0.727,106.0,0.318,101.0,114.0,6.0,4.0,4.0,0.0,0.0,6H45/7D39,
Masahiro Tanaka,25.0,NYY,AL,0.0,3.0,9.0,9.0,0.0,1.0,0.0,0.0,0.0,0.0,0.0,0.0,0.0,5.0,0.111,0.111,0.111,0.222,-36.0,0.101,-61.0,1.0,0.0,0.0,0.0,0.0,0.0,1,"AS,ROY-5"
Mat Latos,26.0,CIN,NL,-0.2,15.0,32.0,30.0,2.0,3.0,0.0,0.0,0.0,1.0,0.0,0.0,1.0,12.0,0.1,0.129,0.1,0.229,-34.0,0.11,-65.0,3.0,1.0,0.0,1.0,0.0,0.0,1,
Matt Adams*,25.0,STL,NL,2.2,142.0,563.0,527.0,55.0,152.0,34.0,5.0,15.0,68.0,3.0,2.0,26.0,114.0,0.288,0.321,0.457,0.779,116.0,0.342,114.0,241.0,9.0,3.0,0.0,7.0,5.0,*3H,
Matt Barnes,24.0,BOS,AL,0.0,1.0,0.0,0.0,0.0,0.0,0.0,0.0,0.0,0.0,0.0,0.0,0.0,0.0,,,,,,,,0.0,0.0,0.0,0.0,0.0,0.0,/1,
Matt Belisle,34.0,COL,NL,0.0,64.0,1.0,1.0,0.0,0.0,0.0,0.0,0.0,0.0,0.0,0.0,0.0,0.0,0.0,0.0,0.0,0.0,-100.0,0.0,-160.0,0.0,0.0,0.0,0.0,0.0,0.0,1,
Matt Cain,29.0,SFG,NL,0.1,14.0,30.0,27.0,1.0,4.0,0.0,0.0,0.0,0.0,0.0,0.0,2.0,13.0,0.148,0.233,0.148,0.381,13.0,0.188,4.0,4.0,0.0,1.0,0.0,0.0,0.0,1,
Matt Carpenter*,28.0,STL,NL,2.9,158.0,709.0,595.0,99.0,162.0,33.0,2.0,8.0,59.0,5.0,3.0,95.0,111.0,0.272,0.375,0.375,0.75,112.0,0.344,116.0,223.0,3.0,8.0,2.0,9.0,2.0,*5/9HD,AS
Matt Clark*,27.0,MIL,NL,-0.1,16.0,31.0,27.0,4.0,5.0,0.0,0.0,3.0,7.0,0.0,0.0,2.0,8.0,0.185,0.226,0.519,0.744,99.0,0.283,65.0,14.0,1.0,0.0,0.0,2.0,2.0,/3H,
Matt Daley,32.0,NYY,AL,0.0,2.0,0.0,0.0,0.0,0.0,0.0,0.0,0.0,0.0,0.0,0.0,0.0,0.0,,,,,,,,0.0,0.0,0.0,0.0,0.0,0.0,1,
Matt den Dekker*,26.0,NYM,NL,0.9,53.0,174.0,152.0,23.0,38.0,11.0,0.0,0.0,7.0,7.0,4.0,21.0,34.0,0.25,0.345,0.322,0.667,94.0,0.305,93.0,49.0,1.0,1.0,0.0,0.0,0.0,78/H9,
Matt Dominguez,24.0,HOU,AL,-1.1,157.0,607.0,564.0,51.0,121.0,17.0,0.0,16.0,57.0,0.0,1.0,29.0,125.0,0.215,0.256,0.33,0.586,65.0,0.259,54.0,186.0,23.0,5.0,2.0,7.0,2.0,*5/D,
Matt Duffy,23.0,SFG,NL,-0.2,34.0,64.0,60.0,5.0,16.0,2.0,0.0,0.0,8.0,0.0,1.0,1.0,14.0,0.267,0.302,0.3,0.602,74.0,0.282,80.0,18.0,1.0,2.0,1.0,0.0,0.0,H/465,
Matt Garza,30.0,MIL,NL,-0.3,26.0,57.0,49.0,2.0,3.0,1.0,0.0,0.0,0.0,0.0,0.0,1.0,21.0,0.061,0.08,0.082,0.162,-55.0,0.076,-115.0,4.0,0.0,0.0,7.0,0.0,0.0,1,
Matt Guerrier,35.0,MIN,AL,0.0,6.0,0.0,0.0,0.0,0.0,0.0,0.0,0.0,0.0,0.0,0.0,0.0,0.0,,,,,,,,0.0,0.0,0.0,0.0,0.0,0.0,1,
Matt Hague,28.0,PIT,NL,-0.1,3.0,2.0,2.0,0.0,0.0,0.0,0.0,0.0,0.0,0.0,0.0,0.0,1.0,0.0,0.0,0.0,0.0,-100.0,0.0,-138.0,0.0,1.0,0.0,0.0,0.0,0.0,/H,
Matt Holliday,34.0,STL,NL,3.3,156.0,667.0,574.0,83.0,156.0,37.0,0.0,20.0,90.0,4.0,1.0,74.0,100.0,0.272,0.37,0.441,0.811,127.0,0.366,131.0,253.0,20.0,17.0,0.0,2.0,4.0,*7/D,MVP-14
Matt Joyce*,29.0,TBR,AL,1.5,140.0,493.0,418.0,51.0,106.0,23.0,2.0,9.0,52.0,2.0,5.0,62.0,111.0,0.254,0.349,0.383,0.732,111.0,0.323,107.0,160.0,11.0,4.0,0.0,9.0,4.0,7DH9,
Matt Kemp,29.0,LAD,NL,1.2,150.0,599.0,541.0,77.0,155.0,38.0,3.0,25.0,89.0,8.0,5.0,52.0,145.0,0.287,0.346,0.506,0.852,140.0,0.375,143.0,274.0,21.0,0.0,0.0,6.0,3.0,*978H/D,
Matt Lindstrom,34.0,CHW,AL,0.0,2.0,0.0,0.0,0.0,0.0,0.0,0.0,0.0,0.0,0.0,0.0,0.0,0.0,,,,,,,,0.0,0.0,0.0,0.0,0.0,0.0,1,
Matt McBride,29.0,COL,NL,0.4,21.0,34.0,31.0,6.0,7.0,2.0,0.0,2.0,6.0,0.0,0.0,2.0,12.0,0.226,0.294,0.484,0.778,101.0,0.337,96.0,15.0,0.0,1.0,0.0,0.0,0.0,H/397,
Matt Pagnozzi,31.0,MIL,NL,0.0,1.0,0.0,0.0,0.0,0.0,0.0,0.0,0.0,0.0,0.0,0.0,0.0,0.0,,,,,,,,0.0,0.0,0.0,0.0,0.0,0.0,/2,
Matt Shoemaker,27.0,LAA,AL,0.0,1.0,2.0,1.0,0.0,0.0,0.0,0.0,0.0,0.0,0.0,0.0,0.0,1.0,0.0,0.0,0.0,0.0,-100.0,0.0,-345.0,0.0,0.0,0.0,1.0,0.0,0.0,1,ROY-2
Matt Stites*,24.0,ARI,NL,0.0,35.0,0.0,0.0,0.0,0.0,0.0,0.0,0.0,0.0,0.0,0.0,0.0,0.0,,,,,,,,0.0,0.0,0.0,0.0,0.0,0.0,1,
Matt Szczur,24.0,CHC,NL,-0.3,33.0,66.0,62.0,6.0,14.0,2.0,0.0,2.0,5.0,0.0,0.0,4.0,11.0,0.226,0.273,0.355,0.628,73.0,0.28,65.0,22.0,1.0,0.0,0.0,0.0,0.0,9H/87D,
Matt Thornton*,37.0,2TM,2LG,0.0,22.0,0.0,0.0,0.0,0.0,0.0,0.0,0.0,0.0,0.0,0.0,0.0,0.0,,,,,,,,0.0,0.0,0.0,0.0,0.0,0.0,1,
Matt Thornton*,37.0,NYY,AL,0.0,5.0,0.0,0.0,0.0,0.0,0.0,0.0,0.0,0.0,0.0,0.0,0.0,0.0,,,,,,,,0.0,0.0,0.0,0.0,0.0,0.0,1,
Matt Thornton*,37.0,WSN,NL,0.0,17.0,0.0,0.0,0.0,0.0,0.0,0.0,0.0,0.0,0.0,0.0,0.0,0.0,,,,,,,,0.0,0.0,0.0,0.0,0.0,0.0,1,
Matt Wieters#,28.0,BAL,AL,0.9,26.0,112.0,104.0,13.0,32.0,5.0,0.0,5.0,18.0,0.0,1.0,6.0,19.0,0.308,0.339,0.5,0.839,132.0,0.37,137.0,52.0,1.0,0.0,0.0,2.0,0.0,2/D,AS
Max Scherzer,29.0,DET,AL,-0.1,2.0,4.0,2.0,0.0,0.0,0.0,0.0,0.0,0.0,0.0,0.0,0.0,1.0,0.0,0.0,0.0,0.0,-100.0,0.0,-381.0,0.0,0.0,0.0,2.0,0.0,0.0,1,"AS,CYA-5"
Max Stassi,23.0,HOU,AL,0.2,7.0,20.0,20.0,2.0,7.0,2.0,0.0,0.0,4.0,0.0,0.0,0.0,6.0,0.35,0.35,0.45,0.8,126.0,0.354,125.0,9.0,0.0,0.0,0.0,0.0,0.0,/2H,
Melky Cabrera#,29.0,TOR,AL,3.5,139.0,621.0,568.0,81.0,171.0,35.0,3.0,16.0,73.0,6.0,2.0,43.0,67.0,0.301,0.351,0.458,0.808,128.0,0.369,135.0,260.0,19.0,3.0,2.0,5.0,3.0,*7/9D8H,
Michael A. Taylor,23.0,WSN,NL,-0.1,17.0,43.0,39.0,5.0,8.0,3.0,0.0,1.0,5.0,0.0,2.0,3.0,17.0,0.205,0.279,0.359,0.638,75.0,0.266,70.0,14.0,1.0,1.0,0.0,0.0,0.0,8/9H,
Michael Bourn*,31.0,CLE,AL,0.9,106.0,487.0,444.0,57.0,114.0,17.0,10.0,3.0,28.0,10.0,6.0,35.0,114.0,0.257,0.314,0.36,0.674,89.0,0.306,87.0,160.0,5.0,3.0,3.0,2.0,1.0,8/H,
Michael Brantley*,27.0,CLE,AL,7.0,156.0,676.0,611.0,94.0,200.0,45.0,2.0,20.0,97.0,23.0,1.0,52.0,56.0,0.327,0.385,0.506,0.89,148.0,0.407,155.0,309.0,16.0,8.0,0.0,5.0,4.0,*78/DH,"AS,MVP-3,SS"
Michael Choice,24.0,TEX,AL,-2.0,86.0,280.0,253.0,20.0,46.0,6.0,1.0,9.0,36.0,1.0,0.0,21.0,69.0,0.182,0.25,0.32,0.57,58.0,0.271,59.0,81.0,11.0,3.0,0.0,3.0,0.0,79DH/8,
Michael Cuddyer,35.0,COL,NL,1.6,49.0,205.0,190.0,32.0,63.0,15.0,1.0,10.0,31.0,3.0,0.0,14.0,30.0,0.332,0.376,0.579,0.955,148.0,0.426,160.0,110.0,5.0,0.0,0.0,1.0,0.0,93/5H,
Michael Kohn,28.0,LAA,AL,0.0,3.0,0.0,0.0,0.0,0.0,0.0,0.0,0.0,0.0,0.0,0.0,0.0,0.0,,,,,,,,0.0,0.0,0.0,0.0,0.0,0.0,1,
Michael Martínez#,31.0,PIT,NL,-0.3,26.0,44.0,39.0,2.0,5.0,1.0,0.0,0.0,2.0,0.0,0.0,4.0,13.0,0.128,0.209,0.154,0.363,5.0,0.186,-7.0,6.0,0.0,0.0,1.0,0.0,1.0,H/4789,
Michael McKenry,29.0,COL,NL,1.7,57.0,192.0,168.0,23.0,53.0,9.0,0.0,8.0,22.0,0.0,3.0,22.0,42.0,0.315,0.398,0.512,0.91,138.0,0.393,145.0,86.0,6.0,1.0,1.0,0.0,1.0,2/H,
Michael Saunders*,27.0,SEA,AL,2.5,78.0,263.0,231.0,38.0,63.0,11.0,3.0,8.0,34.0,4.0,5.0,26.0,59.0,0.273,0.341,0.45,0.791,128.0,0.356,136.0,104.0,2.0,0.0,2.0,4.0,1.0,98/HD7,
Michael Taylor,28.0,CHW,AL,0.2,11.0,33.0,28.0,3.0,7.0,1.0,0.0,0.0,0.0,0.0,0.0,5.0,9.0,0.25,0.364,0.286,0.649,90.0,0.306,92.0,8.0,0.0,0.0,0.0,0.0,0.0,/7HD,
Michael Wacha,22.0,STL,NL,-0.3,17.0,32.0,29.0,1.0,1.0,0.0,0.0,0.0,2.0,0.0,0.0,0.0,18.0,0.034,0.034,0.034,0.069,-81.0,0.031,-141.0,1.0,0.0,0.0,3.0,0.0,0.0,1,
Miguel Cabrera,31.0,DET,AL,5.1,159.0,685.0,611.0,101.0,191.0,52.0,1.0,25.0,109.0,1.0,1.0,60.0,117.0,0.313,0.371,0.524,0.895,150.0,0.39,151.0,320.0,21.0,3.0,0.0,11.0,10.0,*3D5/H,"AS,MVP-9"
Miguel González,30.0,BAL,AL,-0.1,2.0,5.0,5.0,0.0,0.0,0.0,0.0,0.0,0.0,0.0,0.0,0.0,2.0,0.0,0.0,0.0,0.0,-100.0,0.0,-142.0,0.0,0.0,0.0,0.0,0.0,0.0,1,
Miguel González,30.0,PHI,NL,0.0,5.0,0.0,0.0,0.0,0.0,0.0,0.0,0.0,0.0,0.0,0.0,0.0,0.0,,,,,,,,0.0,0.0,0.0,0.0,0.0,0.0,/1,
Miguel Montero*,30.0,ARI,NL,1.0,136.0,560.0,489.0,40.0,119.0,23.0,0.0,13.0,72.0,0.0,4.0,56.0,97.0,0.243,0.329,0.37,0.699,95.0,0.312,92.0,181.0,12.0,9.0,0.0,6.0,11.0,*2/HD,AS
Miguel Olivo,35.0,LAD,NL,-0.1,8.0,25.0,23.0,4.0,5.0,0.0,1.0,0.0,2.0,0.0,0.0,1.0,12.0,0.217,0.24,0.304,0.544,55.0,0.238,41.0,7.0,1.0,0.0,0.0,1.0,0.0,/2,
Miguel Rojas,25.0,LAD,NL,0.9,85.0,162.0,149.0,16.0,27.0,3.0,0.0,1.0,9.0,0.0,0.0,10.0,28.0,0.181,0.242,0.221,0.464,34.0,0.216,23.0,33.0,5.0,2.0,1.0,0.0,1.0,65/H47,
Mike Adams,35.0,PHI,NL,0.0,22.0,0.0,0.0,0.0,0.0,0.0,0.0,0.0,0.0,0.0,0.0,0.0,0.0,,,,,,,,0.0,0.0,0.0,0.0,0.0,0.0,1,
Mike Aviles,33.0,CLE,AL,0.2,113.0,374.0,344.0,38.0,85.0,16.0,1.0,5.0,39.0,14.0,5.0,13.0,49.0,0.247,0.273,0.343,0.616,72.0,0.284,67.0,118.0,10.0,1.0,11.0,5.0,0.0,5476H/89,
Mike Baxter*,29.0,LAD,NL,-0.1,4.0,8.0,7.0,0.0,0.0,0.0,0.0,0.0,0.0,0.0,0.0,1.0,2.0,0.0,0.125,0.0,0.125,-60.0,0.086,-74.0,0.0,1.0,0.0,0.0,0.0,0.0,/H7,
Mike Bolsinger,26.0,ARI,NL,-0.1,10.0,20.0,19.0,1.0,2.0,0.0,0.0,0.0,1.0,0.0,0.0,0.0,7.0,0.105,0.105,0.105,0.211,-41.0,0.096,-81.0,2.0,0.0,0.0,1.0,0.0,0.0,1,
Mike Carp*,28.0,2TM,AL,-0.7,59.0,149.0,126.0,11.0,22.0,5.0,1.0,0.0,13.0,0.0,1.0,16.0,31.0,0.175,0.289,0.23,0.519,48.0,0.252,48.0,29.0,6.0,5.0,0.0,2.0,0.0,3H7/159D,
Mike Carp*,28.0,BOS,AL,-0.1,42.0,103.0,86.0,9.0,17.0,5.0,1.0,0.0,9.0,0.0,1.0,11.0,17.0,0.198,0.32,0.279,0.599,70.0,0.287,75.0,24.0,5.0,5.0,0.0,1.0,0.0,3H7/15,
Mike Carp*,28.0,TEX,AL,-0.6,17.0,46.0,40.0,2.0,5.0,0.0,0.0,0.0,4.0,0.0,0.0,5.0,14.0,0.125,0.217,0.125,0.342,-1.0,0.174,-12.0,5.0,1.0,0.0,0.0,1.0,0.0,3/H79D,
Mike Dunn*,29.0,MIA,NL,0.0,71.0,0.0,0.0,0.0,0.0,0.0,0.0,0.0,0.0,0.0,0.0,0.0,0.0,,,,,,,,0.0,0.0,0.0,0.0,0.0,0.0,1,
Mike Fiers,29.0,MIL,NL,-0.3,14.0,26.0,19.0,0.0,1.0,0.0,0.0,0.0,0.0,0.0,0.0,0.0,11.0,0.053,0.053,0.053,0.105,-71.0,0.048,-186.0,1.0,0.0,0.0,7.0,0.0,0.0,1,
Mike Foltynewicz,22.0,HOU,AL,0.0,2.0,0.0,0.0,0.0,0.0,0.0,0.0,0.0,0.0,0.0,0.0,0.0,0.0,,,,,,,,0.0,0.0,0.0,0.0,0.0,0.0,1,
Mike Kickham*,25.0,SFG,NL,0.0,2.0,0.0,0.0,0.0,0.0,0.0,0.0,0.0,0.0,0.0,0.0,0.0,0.0,,,,,,,,0.0,0.0,0.0,0.0,0.0,0.0,/1,
Mike Leake,26.0,CIN,NL,0.5,37.0,74.0,68.0,9.0,12.0,5.0,0.0,2.0,5.0,0.0,0.0,0.0,34.0,0.176,0.188,0.338,0.527,44.0,0.241,34.0,23.0,1.0,1.0,5.0,0.0,0.0,1/H,
Mike Minor,26.0,ATL,NL,0.2,22.0,48.0,45.0,4.0,7.0,1.0,0.0,1.0,4.0,0.0,0.0,1.0,16.0,0.156,0.174,0.244,0.418,17.0,0.188,-4.0,11.0,0.0,0.0,2.0,0.0,0.0,1,
Mike Morin,23.0,LAA,AL,0.0,3.0,0.0,0.0,0.0,0.0,0.0,0.0,0.0,0.0,0.0,0.0,0.0,0.0,,,,,,,,0.0,0.0,0.0,0.0,0.0,0.0,1,
Mike Morse,32.0,SFG,NL,0.9,131.0,482.0,438.0,48.0,122.0,32.0,3.0,16.0,61.0,0.0,0.0,31.0,121.0,0.279,0.336,0.475,0.811,130.0,0.36,133.0,208.0,19.0,9.0,0.0,4.0,0.0,73/HD,
Mike Moustakas*,25.0,KCR,AL,0.1,140.0,500.0,457.0,45.0,97.0,21.0,1.0,15.0,54.0,1.0,0.0,35.0,74.0,0.212,0.271,0.361,0.632,75.0,0.29,73.0,165.0,12.0,3.0,1.0,4.0,1.0,*5/H,
Mike Napoli,32.0,BOS,AL,2.8,119.0,500.0,415.0,49.0,103.0,20.0,0.0,17.0,55.0,3.0,2.0,78.0,133.0,0.248,0.37,0.419,0.789,120.0,0.362,127.0,174.0,12.0,4.0,0.0,3.0,3.0,*3/DH,
Mike Olt,25.0,CHC,NL,-0.7,89.0,258.0,225.0,23.0,36.0,8.0,0.0,12.0,33.0,0.0,1.0,25.0,100.0,0.16,0.248,0.356,0.604,66.0,0.276,64.0,80.0,3.0,3.0,0.0,5.0,0.0,5H3/D,
Mike Trout,22.0,LAA,AL,7.7,157.0,705.0,602.0,115.0,173.0,39.0,9.0,36.0,111.0,16.0,2.0,83.0,184.0,0.287,0.377,0.561,0.939,169.0,0.413,171.0,338.0,6.0,10.0,0.0,10.0,6.0,*8/D,"AS,MVP-1,SS"
Mike Zunino,23.0,SEA,AL,0.4,131.0,476.0,438.0,51.0,87.0,20.0,2.0,22.0,60.0,0.0,3.0,17.0,158.0,0.199,0.254,0.404,0.658,88.0,0.285,81.0,177.0,12.0,17.0,0.0,4.0,1.0,*2/DH,
Miles Mikolas,25.0,TEX,AL,0.0,1.0,2.0,1.0,0.0,0.0,0.0,0.0,0.0,0.0,0.0,0.0,0.0,0.0,0.0,0.0,0.0,0.0,-100.0,0.0,-364.0,0.0,0.0,0.0,1.0,0.0,0.0,1,
Mitch Moreland*,28.0,TEX,AL,-0.4,52.0,184.0,167.0,18.0,41.0,9.0,1.0,2.0,23.0,0.0,0.0,12.0,43.0,0.246,0.297,0.347,0.644,80.0,0.298,79.0,58.0,7.0,1.0,2.0,2.0,0.0,D3/H71,
MLB Average,,,,,,,,,,,,,,,,,,0.251,0.314,0.386,0.7,100.0,0.319,100.0,,,,,,,,
Moisés Sierra,25.0,2TM,AL,-0.2,96.0,170.0,161.0,22.0,37.0,8.0,2.0,2.0,9.0,3.0,1.0,8.0,43.0,0.23,0.265,0.342,0.606,73.0,0.278,69.0,55.0,1.0,0.0,0.0,1.0,0.0,9H/7D8,
Moisés Sierra,25.0,TOR,AL,-0.6,13.0,35.0,34.0,2.0,2.0,0.0,0.0,0.0,2.0,0.0,0.0,1.0,9.0,0.059,0.086,0.059,0.145,-58.0,0.072,-84.0,2.0,1.0,0.0,0.0,0.0,0.0,/9DH7,
Moisés Sierra,25.0,CHW,AL,0.4,83.0,135.0,127.0,20.0,35.0,8.0,2.0,2.0,7.0,3.0,1.0,7.0,34.0,0.276,0.311,0.417,0.728,108.0,0.331,109.0,53.0,0.0,0.0,0.0,1.0,0.0,9H/78D,
Mookie Betts,21.0,BOS,AL,2.3,52.0,213.0,189.0,34.0,55.0,12.0,1.0,5.0,18.0,7.0,3.0,21.0,31.0,0.291,0.368,0.444,0.812,126.0,0.371,132.0,84.0,2.0,2.0,1.0,0.0,0.0,849/H,
Munenori Kawasaki*,33.0,TOR,AL,0.4,82.0,274.0,240.0,31.0,62.0,7.0,1.0,0.0,17.0,1.0,0.0,22.0,49.0,0.258,0.327,0.296,0.623,79.0,0.296,80.0,71.0,3.0,3.0,8.0,1.0,0.0,45H/6,
Nate Freiman,27.0,OAK,AL,0.4,36.0,93.0,87.0,12.0,19.0,5.0,0.0,5.0,15.0,0.0,0.0,5.0,23.0,0.218,0.269,0.448,0.717,101.0,0.318,100.0,39.0,6.0,1.0,0.0,0.0,1.0,3/HD,
Nate McLouth*,32.0,WSN,NL,-0.7,79.0,162.0,139.0,10.0,24.0,6.0,0.0,1.0,7.0,4.0,1.0,16.0,35.0,0.173,0.28,0.237,0.517,45.0,0.257,43.0,33.0,0.0,5.0,1.0,1.0,1.0,H79/8D,
Nate Schierholtz*,30.0,2TM,NL,-0.7,122.0,383.0,353.0,32.0,69.0,11.0,4.0,7.0,37.0,4.0,5.0,20.0,84.0,0.195,0.243,0.309,0.552,53.0,0.25,46.0,109.0,6.0,4.0,0.0,6.0,0.0,9H/78D,
Nate Schierholtz*,30.0,CHC,NL,-0.8,99.0,341.0,313.0,29.0,60.0,10.0,3.0,6.0,33.0,4.0,4.0,18.0,76.0,0.192,0.24,0.3,0.541,50.0,0.246,42.0,94.0,6.0,4.0,0.0,6.0,0.0,9H/D,
Nate Schierholtz*,30.0,WSN,NL,0.1,23.0,42.0,40.0,3.0,9.0,1.0,1.0,1.0,4.0,0.0,1.0,2.0,8.0,0.225,0.262,0.375,0.637,74.0,0.288,78.0,15.0,0.0,0.0,0.0,0.0,0.0,H/978,
Nathan Eovaldi,24.0,MIA,NL,-0.2,32.0,64.0,56.0,1.0,5.0,0.0,0.0,0.0,0.0,0.0,0.0,1.0,36.0,0.089,0.105,0.089,0.195,-45.0,0.124,-68.0,5.0,0.0,0.0,7.0,0.0,0.0,1,
Neal Cotts*,34.0,TEX,AL,0.0,4.0,0.0,0.0,0.0,0.0,0.0,0.0,0.0,0.0,0.0,0.0,0.0,0.0,,,,,,,,0.0,0.0,0.0,0.0,0.0,0.0,1,
Neftali Soto,25.0,CIN,NL,-0.4,21.0,31.0,30.0,1.0,3.0,1.0,0.0,0.0,1.0,1.0,0.0,0.0,8.0,0.1,0.097,0.133,0.23,-36.0,0.138,-45.0,4.0,2.0,0.0,0.0,1.0,0.0,H/35D,
Neftalí Feliz,26.0,TEX,AL,0.0,4.0,0.0,0.0,0.0,0.0,0.0,0.0,0.0,0.0,0.0,0.0,0.0,0.0,,,,,,,,0.0,0.0,0.0,0.0,0.0,0.0,1,
Neil Ramírez,25.0,CHC,NL,0.0,47.0,0.0,0.0,0.0,0.0,0.0,0.0,0.0,0.0,0.0,0.0,0.0,0.0,,,,,,,,0.0,0.0,0.0,0.0,0.0,0.0,1,
Neil Walker#,28.0,PIT,NL,3.6,137.0,571.0,512.0,74.0,139.0,25.0,3.0,23.0,76.0,2.0,2.0,45.0,88.0,0.271,0.342,0.467,0.809,126.0,0.36,129.0,239.0,12.0,11.0,1.0,2.0,2.0,*4/H,SS
Nelson Cruz,33.0,BAL,AL,4.5,159.0,678.0,613.0,87.0,166.0,32.0,2.0,40.0,108.0,4.0,5.0,55.0,140.0,0.271,0.333,0.525,0.859,137.0,0.377,141.0,322.0,17.0,5.0,0.0,5.0,8.0,D79,"AS,MVP-7"
Nick Ahmed,24.0,ARI,NL,-0.1,25.0,75.0,70.0,9.0,14.0,2.0,0.0,1.0,4.0,0.0,1.0,3.0,10.0,0.2,0.233,0.271,0.504,40.0,0.245,43.0,19.0,2.0,0.0,2.0,0.0,0.0,6/H4,
Nick Castellanos,22.0,DET,AL,-0.1,148.0,579.0,533.0,50.0,138.0,31.0,4.0,11.0,66.0,2.0,2.0,36.0,140.0,0.259,0.306,0.394,0.7,97.0,0.316,96.0,210.0,7.0,3.0,0.0,7.0,3.0,*5/H,ROY-8
Nick Christiani,26.0,CIN,NL,0.0,10.0,1.0,1.0,0.0,0.0,0.0,0.0,0.0,0.0,0.0,0.0,0.0,0.0,0.0,0.0,0.0,0.0,-100.0,0.0,-150.0,0.0,0.0,0.0,0.0,0.0,0.0,1,
Nick Evans,28.0,ARI,NL,0.2,18.0,23.0,22.0,2.0,6.0,2.0,0.0,2.0,7.0,0.0,0.0,1.0,10.0,0.273,0.304,0.636,0.941,154.0,0.406,159.0,14.0,0.0,0.0,0.0,0.0,0.0,H/357D,
Nick Franklin#,23.0,2TM,AL,-0.4,28.0,90.0,81.0,7.0,13.0,2.0,1.0,1.0,6.0,2.0,0.0,6.0,32.0,0.16,0.222,0.247,0.469,36.0,0.217,24.0,20.0,2.0,1.0,0.0,2.0,0.0,46/H9D5,
Nick Franklin#,23.0,SEA,AL,-0.2,17.0,52.0,47.0,3.0,6.0,0.0,1.0,0.0,2.0,1.0,0.0,3.0,21.0,0.128,0.192,0.17,0.363,7.0,0.175,-6.0,8.0,0.0,1.0,0.0,1.0,0.0,/649DH5,
Nick Franklin#,23.0,TBR,AL,-0.2,11.0,38.0,34.0,4.0,7.0,2.0,0.0,1.0,4.0,1.0,0.0,3.0,11.0,0.206,0.263,0.353,0.616,76.0,0.274,64.0,12.0,2.0,0.0,0.0,1.0,0.0,/46H,
Nick Greenwood,26.0,STL,NL,-0.1,18.0,6.0,5.0,0.0,0.0,0.0,0.0,0.0,0.0,0.0,0.0,0.0,0.0,0.0,0.0,0.0,0.0,-100.0,0.0,-188.0,0.0,0.0,0.0,1.0,0.0,0.0,1,
Nick Hagadone*,28.0,CLE,AL,0.0,1.0,0.0,0.0,0.0,0.0,0.0,0.0,0.0,0.0,0.0,0.0,0.0,0.0,,,,,,,,0.0,0.0,0.0,0.0,0.0,0.0,1,
Nick Hundley,30.0,2TM,2LG,0.2,83.0,233.0,218.0,18.0,53.0,7.0,0.0,6.0,22.0,1.0,0.0,10.0,63.0,0.243,0.273,0.358,0.631,77.0,0.289,75.0,78.0,3.0,0.0,2.0,3.0,0.0,2H,
Nick Hundley,30.0,SDP,NL,0.1,33.0,59.0,59.0,1.0,16.0,3.0,0.0,1.0,3.0,0.0,0.0,0.0,13.0,0.271,0.271,0.373,0.644,85.0,0.286,81.0,22.0,1.0,0.0,0.0,0.0,0.0,H2,
Nick Hundley,30.0,BAL,AL,0.2,50.0,174.0,159.0,17.0,37.0,4.0,0.0,5.0,19.0,1.0,0.0,10.0,50.0,0.233,0.273,0.352,0.625,74.0,0.291,73.0,56.0,2.0,0.0,2.0,3.0,0.0,2/H,
Nick Markakis*,30.0,BAL,AL,1.9,155.0,710.0,642.0,81.0,177.0,27.0,1.0,14.0,50.0,4.0,2.0,62.0,84.0,0.276,0.342,0.386,0.729,104.0,0.33,104.0,248.0,10.0,4.0,0.0,2.0,4.0,*9/D3,GG
Nick Martinez*,23.0,TEX,AL,-0.1,4.0,3.0,3.0,1.0,0.0,0.0,0.0,0.0,0.0,0.0,0.0,0.0,2.0,0.0,0.0,0.0,0.0,-100.0,0.0,-141.0,0.0,0.0,0.0,0.0,0.0,0.0,1/H,
Nick Masset,32.0,COL,NL,0.0,46.0,0.0,0.0,0.0,0.0,0.0,0.0,0.0,0.0,0.0,0.0,0.0,0.0,,,,,,,,0.0,0.0,0.0,0.0,0.0,0.0,1,
Nick Punto#,36.0,OAK,AL,0.7,73.0,224.0,198.0,21.0,41.0,7.0,2.0,2.0,14.0,3.0,1.0,25.0,56.0,0.207,0.296,0.293,0.589,70.0,0.285,74.0,58.0,5.0,0.0,1.0,0.0,0.0,4H6/59D,
Nick Swisher#,33.0,CLE,AL,-1.8,97.0,401.0,360.0,33.0,75.0,20.0,0.0,8.0,42.0,0.0,0.0,36.0,111.0,0.208,0.278,0.331,0.608,70.0,0.285,71.0,119.0,7.0,0.0,1.0,4.0,0.0,3D/H97,
Nick Tepesch,25.0,TEX,AL,0.1,2.0,2.0,2.0,0.0,1.0,0.0,0.0,0.0,0.0,0.0,0.0,0.0,0.0,0.5,0.5,0.5,1.0,181.0,0.454,195.0,1.0,0.0,0.0,0.0,0.0,0.0,1,
Nick Tropeano,23.0,HOU,AL,0.0,1.0,2.0,1.0,0.0,0.0,0.0,0.0,0.0,0.0,0.0,0.0,1.0,0.0,0.0,0.5,0.0,0.5,58.0,0.347,119.0,0.0,0.0,0.0,0.0,0.0,0.0,/1,
Nick Vincent,27.0,SDP,NL,0.0,59.0,1.0,1.0,0.0,0.0,0.0,0.0,0.0,0.0,0.0,0.0,0.0,1.0,0.0,0.0,0.0,0.0,-100.0,0.0,-140.0,0.0,0.0,0.0,0.0,0.0,0.0,1,
Nolan Arenado,23.0,COL,NL,3.6,111.0,467.0,432.0,58.0,124.0,34.0,2.0,18.0,61.0,2.0,1.0,25.0,58.0,0.287,0.328,0.5,0.828,115.0,0.365,117.0,216.0,13.0,4.0,1.0,5.0,1.0,*5,GG
Nolan Reimold,30.0,2TM,2LG,0.1,29.0,78.0,69.0,5.0,16.0,5.0,0.0,3.0,13.0,1.0,0.0,6.0,32.0,0.232,0.282,0.435,0.717,99.0,0.31,89.0,30.0,0.0,0.0,0.0,3.0,0.0,H9D/7,
Nolan Reimold,30.0,TOR,AL,0.0,22.0,60.0,52.0,3.0,11.0,4.0,0.0,2.0,9.0,1.0,0.0,6.0,22.0,0.212,0.283,0.404,0.687,93.0,0.301,82.0,21.0,0.0,0.0,0.0,2.0,0.0,9D/H,
Nolan Reimold,30.0,ARI,NL,0.1,7.0,18.0,17.0,2.0,5.0,1.0,0.0,1.0,4.0,0.0,0.0,0.0,10.0,0.294,0.278,0.529,0.807,119.0,0.341,111.0,9.0,0.0,0.0,0.0,1.0,0.0,/7H,
Nori Aoki*,32.0,KCR,AL,1.2,132.0,549.0,491.0,63.0,140.0,22.0,6.0,1.0,43.0,17.0,8.0,43.0,49.0,0.285,0.349,0.36,0.71,99.0,0.329,102.0,177.0,5.0,6.0,8.0,1.0,0.0,*9/DH7,
Nyjer Morgan*,33.0,CLE,AL,0.2,15.0,52.0,41.0,8.0,14.0,1.0,0.0,1.0,6.0,3.0,0.0,7.0,6.0,0.341,0.429,0.439,0.868,145.0,0.419,162.0,18.0,0.0,0.0,3.0,1.0,0.0,8/7H,
Odrisamer Despaigne,27.0,SDP,NL,-0.3,15.0,28.0,24.0,0.0,0.0,0.0,0.0,0.0,0.0,0.0,0.0,1.0,10.0,0.0,0.04,0.0,0.04,-87.0,0.028,-138.0,0.0,0.0,0.0,3.0,0.0,0.0,1,
Omar Infante,32.0,KCR,AL,0.5,135.0,575.0,528.0,50.0,133.0,21.0,3.0,6.0,66.0,9.0,3.0,33.0,68.0,0.252,0.295,0.337,0.632,76.0,0.286,69.0,178.0,7.0,2.0,5.0,7.0,3.0,*4/H,
Omar Quintanilla*,32.0,NYM,NL,-0.1,15.0,31.0,29.0,2.0,6.0,1.0,0.0,0.0,3.0,0.0,0.0,2.0,5.0,0.207,0.258,0.241,0.499,45.0,0.226,33.0,7.0,1.0,0.0,0.0,0.0,0.0,6/4H,
Oswaldo Arcia*,23.0,MIN,AL,0.5,103.0,410.0,372.0,46.0,86.0,16.0,3.0,20.0,57.0,1.0,2.0,31.0,127.0,0.231,0.3,0.452,0.752,109.0,0.338,113.0,168.0,6.0,6.0,0.0,1.0,4.0,9/HD,
Pablo Sandoval#,27.0,SFG,NL,3.2,157.0,638.0,588.0,68.0,164.0,26.0,3.0,16.0,73.0,0.0,0.0,39.0,85.0,0.279,0.324,0.415,0.739,111.0,0.337,116.0,244.0,16.0,4.0,0.0,7.0,6.0,*5/DH,
Paco Rodríguez*,23.0,LAD,NL,0.0,17.0,0.0,0.0,0.0,0.0,0.0,0.0,0.0,0.0,0.0,0.0,0.0,0.0,,,,,,,,0.0,0.0,0.0,0.0,0.0,0.0,1,
Pat Neshek#,33.0,STL,NL,0.0,67.0,0.0,0.0,0.0,0.0,0.0,0.0,0.0,0.0,0.0,0.0,0.0,0.0,,,,,,,,0.0,0.0,0.0,0.0,0.0,0.0,1,AS
Paul Goldschmidt,26.0,ARI,NL,4.7,109.0,479.0,406.0,75.0,122.0,39.0,1.0,19.0,69.0,9.0,3.0,64.0,110.0,0.3,0.396,0.542,0.938,158.0,0.416,168.0,220.0,10.0,2.0,0.0,3.0,10.0,*3,AS
Paul Konerko,38.0,CHW,AL,-0.7,81.0,224.0,208.0,15.0,43.0,8.0,0.0,5.0,22.0,0.0,0.0,10.0,51.0,0.207,0.254,0.317,0.572,64.0,0.258,57.0,66.0,7.0,4.0,0.0,2.0,0.0,DH3,
Paul Maholm*,32.0,LAD,NL,0.0,29.0,16.0,9.0,1.0,0.0,0.0,0.0,0.0,0.0,0.0,0.0,2.0,6.0,0.0,0.182,0.0,0.182,-42.0,0.126,-110.0,0.0,0.0,0.0,5.0,0.0,0.0,1,
Pedro Beato,27.0,ATL,NL,0.0,3.0,0.0,0.0,0.0,0.0,0.0,0.0,0.0,0.0,0.0,0.0,0.0,0.0,,,,,,,,0.0,0.0,0.0,0.0,0.0,0.0,/1,
Pedro Báez,26.0,LAD,NL,0.0,18.0,0.0,0.0,0.0,0.0,0.0,0.0,0.0,0.0,0.0,0.0,0.0,0.0,,,,,,,,0.0,0.0,0.0,0.0,0.0,0.0,1,
Pedro Ciriaco,28.0,KCR,AL,-0.1,25.0,49.0,47.0,7.0,10.0,2.0,0.0,0.0,2.0,4.0,0.0,0.0,9.0,0.213,0.229,0.255,0.484,35.0,0.254,30.0,12.0,2.0,1.0,1.0,0.0,0.0,4H/D56,
Pedro Florimón#,27.0,MIN,AL,-0.1,33.0,86.0,76.0,7.0,7.0,1.0,1.0,0.0,1.0,6.0,0.0,8.0,22.0,0.092,0.179,0.132,0.31,-11.0,0.194,-12.0,10.0,2.0,0.0,2.0,0.0,0.0,6/HD,
Pedro Hernández*,25.0,COL,NL,0.0,1.0,2.0,2.0,0.0,0.0,0.0,0.0,0.0,0.0,0.0,0.0,0.0,2.0,0.0,0.0,0.0,0.0,-100.0,0.0,-152.0,0.0,0.0,0.0,0.0,0.0,0.0,/1,
Pedro Strop,29.0,CHC,NL,0.0,63.0,0.0,0.0,0.0,0.0,0.0,0.0,0.0,0.0,0.0,0.0,0.0,0.0,,,,,,,,0.0,0.0,0.0,0.0,0.0,0.0,1,
Pedro Villarreal,26.0,CIN,NL,0.1,10.0,2.0,2.0,0.0,1.0,0.0,0.0,0.0,0.0,0.0,0.0,0.0,1.0,0.5,0.5,0.5,1.0,183.0,0.454,195.0,1.0,0.0,0.0,0.0,0.0,0.0,1,
Pedro Álvarez*,27.0,PIT,NL,-0.6,122.0,445.0,398.0,46.0,92.0,13.0,1.0,18.0,56.0,8.0,3.0,45.0,113.0,0.231,0.312,0.405,0.717,101.0,0.321,98.0,161.0,12.0,2.0,0.0,0.0,6.0,5H/3D,
Pete Kozma,26.0,STL,NL,0.2,14.0,26.0,23.0,4.0,7.0,3.0,0.0,0.0,0.0,0.0,0.0,3.0,4.0,0.304,0.385,0.435,0.819,130.0,0.363,130.0,10.0,0.0,0.0,0.0,0.0,0.0,/64H,
Peter Bourjos,27.0,STL,NL,1.4,119.0,294.0,264.0,32.0,61.0,9.0,5.0,4.0,24.0,9.0,3.0,20.0,78.0,0.231,0.294,0.348,0.643,80.0,0.301,80.0,92.0,5.0,4.0,5.0,1.0,1.0,8H,
Phil Coke*,31.0,DET,AL,0.0,5.0,0.0,0.0,0.0,0.0,0.0,0.0,0.0,0.0,0.0,0.0,0.0,0.0,,,,,,,,0.0,0.0,0.0,0.0,0.0,0.0,1,
Phil Gosselin,25.0,ATL,NL,0.8,46.0,136.0,128.0,17.0,34.0,4.0,0.0,1.0,3.0,2.0,2.0,5.0,27.0,0.266,0.304,0.32,0.624,77.0,0.31,95.0,41.0,1.0,2.0,1.0,0.0,0.0,4H/567,
Phil Hughes,28.0,MIN,AL,-0.1,2.0,6.0,6.0,0.0,0.0,0.0,0.0,0.0,0.0,0.0,0.0,0.0,4.0,0.0,0.0,0.0,0.0,-100.0,0.0,-139.0,0.0,0.0,0.0,0.0,0.0,0.0,1,CYA-7
Phil Klein,25.0,TEX,AL,0.0,1.0,0.0,0.0,0.0,0.0,0.0,0.0,0.0,0.0,0.0,0.0,0.0,0.0,,,,,,,,0.0,0.0,0.0,0.0,0.0,0.0,1,
Phillippe Aumont*,25.0,PHI,NL,0.0,5.0,1.0,1.0,0.0,0.0,0.0,0.0,0.0,0.0,0.0,0.0,0.0,1.0,0.0,0.0,0.0,0.0,-100.0,0.0,-150.0,0.0,0.0,0.0,0.0,0.0,0.0,/1,
Preston Claiborne,26.0,NYY,AL,0.0,3.0,1.0,0.0,0.0,0.0,0.0,0.0,0.0,0.0,0.0,0.0,0.0,0.0,,,,,,,,0.0,0.0,0.0,1.0,0.0,0.0,1,
Preston Guilmet,26.0,BAL,AL,0.0,1.0,0.0,0.0,0.0,0.0,0.0,0.0,0.0,0.0,0.0,0.0,0.0,0.0,,,,,,,,0.0,0.0,0.0,0.0,0.0,0.0,1,
Prince Fielder*,30.0,TEX,AL,-0.3,42.0,178.0,150.0,19.0,37.0,8.0,0.0,3.0,16.0,0.0,0.0,25.0,24.0,0.247,0.36,0.36,0.72,102.0,0.304,83.0,54.0,5.0,2.0,0.0,1.0,11.0,3/D,
Quintin Berry*,29.0,BAL,AL,0.0,10.0,2.0,2.0,3.0,0.0,0.0,0.0,0.0,0.0,1.0,0.0,0.0,1.0,0.0,0.0,0.0,0.0,-100.0,0.128,-143.0,0.0,0.0,0.0,0.0,0.0,0.0,/H7D89,
R.A. Dickey,39.0,TOR,AL,0.0,4.0,9.0,9.0,0.0,0.0,0.0,0.0,0.0,0.0,0.0,0.0,0.0,2.0,0.0,0.0,0.0,0.0,-100.0,0.101,-61.0,0.0,0.0,0.0,0.0,0.0,0.0,1/H,
R.J. Alvarez,23.0,SDP,NL,0.0,10.0,0.0,0.0,0.0,0.0,0.0,0.0,0.0,0.0,0.0,0.0,0.0,0.0,,,,,,,,0.0,0.0,0.0,0.0,0.0,0.0,1,
Rafael Furcal#,36.0,MIA,NL,-0.1,9.0,37.0,35.0,4.0,6.0,0.0,1.0,0.0,2.0,0.0,0.0,2.0,7.0,0.171,0.216,0.229,0.445,25.0,0.229,29.0,8.0,1.0,0.0,0.0,0.0,0.0,/4H,
Rafael Lopez*,26.0,CHC,NL,-0.1,7.0,14.0,11.0,0.0,2.0,0.0,0.0,0.0,1.0,0.0,0.0,2.0,4.0,0.182,0.286,0.182,0.468,34.0,0.228,27.0,2.0,0.0,0.0,0.0,1.0,0.0,/2H,
Rafael Montero,23.0,NYM,NL,0.0,10.0,13.0,11.0,0.0,0.0,0.0,0.0,0.0,0.0,0.0,0.0,0.0,5.0,0.0,0.0,0.0,0.0,-100.0,0.083,-105.0,0.0,0.0,0.0,2.0,0.0,0.0,1,
Rafael Soriano,34.0,WSN,NL,0.0,60.0,0.0,0.0,0.0,0.0,0.0,0.0,0.0,0.0,0.0,0.0,0.0,0.0,,,,,,,,0.0,0.0,0.0,0.0,0.0,0.0,1,
Rafael Ynoa#,26.0,COL,NL,0.4,19.0,71.0,67.0,5.0,23.0,6.0,1.0,0.0,13.0,0.0,0.0,4.0,9.0,0.343,0.38,0.463,0.843,122.0,0.393,138.0,31.0,1.0,0.0,0.0,0.0,0.0,5/H64,
Rajai Davis,33.0,DET,AL,1.6,134.0,494.0,461.0,64.0,130.0,27.0,2.0,8.0,51.0,36.0,11.0,22.0,75.0,0.282,0.32,0.401,0.721,103.0,0.335,104.0,185.0,7.0,5.0,3.0,3.0,0.0,*78H/D,
Ramiro Peña#,28.0,ATL,NL,0.5,81.0,165.0,147.0,9.0,36.0,6.0,0.0,3.0,9.0,1.0,0.0,13.0,38.0,0.245,0.304,0.347,0.651,84.0,0.299,82.0,51.0,0.0,0.0,4.0,1.0,3.0,4H56,
Ramón Santiago#,34.0,CIN,NL,0.6,75.0,214.0,179.0,20.0,44.0,8.0,0.0,2.0,17.0,2.0,1.0,24.0,38.0,0.246,0.343,0.324,0.667,89.0,0.316,94.0,58.0,1.0,3.0,7.0,1.0,0.0,546H/7,
Randal Grichuk,22.0,STL,NL,0.1,47.0,116.0,110.0,11.0,27.0,6.0,1.0,3.0,8.0,0.0,2.0,5.0,31.0,0.245,0.278,0.4,0.678,88.0,0.3,88.0,44.0,4.0,0.0,1.0,0.0,0.0,9H/78,
Randall Delgado,24.0,ARI,NL,0.0,43.0,11.0,9.0,0.0,1.0,0.0,0.0,0.0,0.0,0.0,0.0,0.0,4.0,0.111,0.111,0.111,0.222,-38.0,0.101,-105.0,1.0,0.0,0.0,2.0,0.0,0.0,1,
Randy Choate*,38.0,STL,NL,0.0,57.0,0.0,0.0,0.0,0.0,0.0,0.0,0.0,0.0,0.0,0.0,0.0,0.0,,,,,,,,0.0,0.0,0.0,0.0,0.0,0.0,1,
Randy Wolf*,37.0,MIA,NL,0.0,6.0,7.0,7.0,0.0,1.0,0.0,0.0,0.0,0.0,0.0,0.0,0.0,1.0,0.143,0.143,0.143,0.286,-19.0,0.13,-44.0,1.0,0.0,0.0,0.0,0.0,0.0,/1,
Raúl Ibañez*,42.0,2TM,AL,-0.9,90.0,280.0,246.0,23.0,41.0,8.0,3.0,5.0,26.0,3.0,2.0,33.0,59.0,0.167,0.264,0.285,0.549,58.0,0.265,62.0,70.0,2.0,0.0,0.0,1.0,0.0,DH7/39,
Raúl Ibañez*,42.0,LAA,AL,-0.4,57.0,190.0,166.0,16.0,26.0,5.0,2.0,3.0,21.0,3.0,2.0,23.0,43.0,0.157,0.258,0.265,0.523,53.0,0.26,61.0,44.0,1.0,0.0,0.0,1.0,0.0,D7H/3,
Raúl Ibañez*,42.0,KCR,AL,-0.6,33.0,90.0,80.0,7.0,15.0,3.0,1.0,2.0,5.0,0.0,0.0,10.0,16.0,0.188,0.278,0.325,0.603,68.0,0.275,62.0,26.0,1.0,0.0,0.0,0.0,0.0,DH/793,
Reed Johnson,37.0,MIA,NL,-0.4,113.0,201.0,187.0,24.0,44.0,15.0,0.0,2.0,25.0,0.0,1.0,1.0,37.0,0.235,0.266,0.348,0.614,71.0,0.279,68.0,65.0,4.0,8.0,2.0,3.0,0.0,H79/D8,
Reid Brignac#,28.0,PHI,NL,-0.6,37.0,91.0,81.0,4.0,18.0,5.0,1.0,1.0,10.0,1.0,1.0,9.0,33.0,0.222,0.3,0.346,0.646,80.0,0.285,72.0,28.0,2.0,0.0,1.0,0.0,1.0,5H/46,
René Rivera,30.0,SDP,NL,2.7,103.0,329.0,294.0,27.0,74.0,18.0,1.0,11.0,44.0,0.0,0.0,27.0,76.0,0.252,0.319,0.432,0.751,116.0,0.332,116.0,127.0,6.0,3.0,3.0,2.0,3.0,2H/3,
Rex Brothers*,26.0,COL,NL,0.0,70.0,0.0,0.0,0.0,0.0,0.0,0.0,0.0,0.0,0.0,0.0,0.0,0.0,,,,,,,,0.0,0.0,0.0,0.0,0.0,0.0,1,
Rick Porcello,25.0,DET,AL,-0.1,2.0,5.0,4.0,0.0,0.0,0.0,0.0,0.0,0.0,0.0,0.0,0.0,2.0,0.0,0.0,0.0,0.0,-100.0,0.0,-202.0,0.0,0.0,0.0,1.0,0.0,0.0,1,
Rickie Weeks,31.0,MIL,NL,0.2,121.0,286.0,252.0,36.0,69.0,19.0,1.0,8.0,29.0,3.0,4.0,25.0,73.0,0.274,0.357,0.452,0.809,123.0,0.369,134.0,114.0,7.0,8.0,0.0,1.0,0.0,H4/D,
Ricky Nolasco,31.0,MIN,AL,0.0,1.0,2.0,2.0,0.0,0.0,0.0,0.0,0.0,0.0,0.0,0.0,0.0,2.0,0.0,0.0,0.0,0.0,-100.0,0.0,-143.0,0.0,0.0,0.0,0.0,0.0,0.0,1,
Rob Rasmussen,25.0,TOR,AL,0.0,1.0,0.0,0.0,0.0,0.0,0.0,0.0,0.0,0.0,0.0,0.0,0.0,0.0,,,,,,,,0.0,0.0,0.0,0.0,0.0,0.0,1,
Rob Scahill*,27.0,COL,NL,0.0,12.0,0.0,0.0,0.0,0.0,0.0,0.0,0.0,0.0,0.0,0.0,0.0,0.0,,,,,,,,0.0,0.0,0.0,0.0,0.0,0.0,1,
Rob Wooten,28.0,MIL,NL,0.0,37.0,0.0,0.0,0.0,0.0,0.0,0.0,0.0,0.0,0.0,0.0,0.0,0.0,,,,,,,,0.0,0.0,0.0,0.0,0.0,0.0,1,
Robbie Erlin,23.0,SDP,NL,0.0,12.0,19.0,18.0,0.0,2.0,0.0,0.0,0.0,1.0,0.0,0.0,1.0,6.0,0.111,0.158,0.111,0.269,-20.0,0.132,-34.0,2.0,0.0,0.0,0.0,0.0,0.0,1,
Robbie Grossman#,24.0,HOU,AL,1.6,103.0,422.0,360.0,42.0,84.0,14.0,2.0,6.0,37.0,9.0,3.0,55.0,105.0,0.233,0.337,0.333,0.67,92.0,0.32,98.0,120.0,7.0,2.0,3.0,2.0,1.0,79/8DH,
Robbie Ray*,22.0,DET,AL,0.1,1.0,2.0,2.0,0.0,1.0,0.0,0.0,0.0,0.0,0.0,0.0,0.0,0.0,0.5,0.5,0.5,1.0,185.0,0.859,500.0,1.0,0.0,0.0,0.0,0.0,0.0,/1,
Robbie Ross*,25.0,TEX,AL,0.0,2.0,2.0,1.0,0.0,0.0,0.0,0.0,0.0,0.0,0.0,0.0,1.0,0.0,0.0,0.5,0.0,0.5,56.0,0.347,114.0,0.0,0.0,0.0,0.0,0.0,0.0,1,
Roberto Hernández,33.0,2TM,NL,-0.4,32.0,58.0,49.0,1.0,4.0,0.0,0.0,0.0,2.0,0.0,0.0,0.0,24.0,0.082,0.082,0.082,0.163,-54.0,0.072,-123.0,4.0,0.0,0.0,9.0,0.0,0.0,1,
Roberto Hernández,33.0,PHI,NL,-0.4,23.0,43.0,36.0,0.0,2.0,0.0,0.0,0.0,1.0,0.0,0.0,0.0,17.0,0.056,0.056,0.056,0.111,-69.0,0.05,-145.0,2.0,0.0,0.0,7.0,0.0,0.0,1,
Roberto Hernández,33.0,LAD,NL,0.0,9.0,15.0,13.0,1.0,2.0,0.0,0.0,0.0,1.0,0.0,0.0,0.0,7.0,0.154,0.154,0.154,0.308,-12.0,0.132,-60.0,2.0,0.0,0.0,2.0,0.0,0.0,/1,
Roberto Pérez,25.0,CLE,AL,0.8,29.0,95.0,85.0,10.0,23.0,5.0,0.0,1.0,4.0,0.0,0.0,5.0,26.0,0.271,0.311,0.365,0.676,89.0,0.312,90.0,31.0,2.0,0.0,5.0,0.0,0.0,2,
Robinson Canó*,31.0,SEA,AL,6.3,157.0,665.0,595.0,77.0,187.0,37.0,2.0,14.0,82.0,10.0,3.0,61.0,68.0,0.314,0.382,0.454,0.836,142.0,0.367,139.0,270.0,19.0,6.0,0.0,3.0,20.0,*4/D,"AS,MVP-5"
Robinson Chirinos,30.0,TEX,AL,2.6,93.0,338.0,306.0,36.0,73.0,15.0,0.0,13.0,40.0,0.0,1.0,17.0,71.0,0.239,0.29,0.415,0.705,95.0,0.319,96.0,127.0,4.0,7.0,4.0,4.0,1.0,2/H,
Roenis Elías*,25.0,SEA,AL,-0.1,2.0,4.0,4.0,0.0,0.0,0.0,0.0,0.0,0.0,0.0,0.0,0.0,1.0,0.0,0.0,0.0,0.0,-100.0,0.0,-136.0,0.0,0.0,0.0,0.0,0.0,0.0,1,
Roger Bernadina*,30.0,2TM,NL,-0.1,53.0,80.0,66.0,5.0,11.0,3.0,0.0,1.0,9.0,2.0,1.0,10.0,19.0,0.167,0.304,0.258,0.561,60.0,0.269,59.0,17.0,2.0,3.0,1.0,0.0,0.0,H79/83,
Roger Bernadina*,30.0,CIN,NL,-0.3,44.0,71.0,59.0,3.0,9.0,3.0,0.0,0.0,5.0,2.0,1.0,10.0,16.0,0.153,0.286,0.203,0.489,41.0,0.239,36.0,12.0,2.0,1.0,1.0,0.0,0.0,H7/983,
Roger Bernadina*,30.0,LAD,NL,0.2,9.0,9.0,7.0,2.0,2.0,0.0,0.0,1.0,4.0,0.0,0.0,0.0,3.0,0.286,0.444,0.714,1.159,225.0,0.499,234.0,5.0,0.0,2.0,0.0,0.0,0.0,/H79,
Roger Kieschnick*,27.0,ARI,NL,-0.4,25.0,41.0,41.0,2.0,8.0,1.0,0.0,1.0,2.0,0.0,0.0,0.0,16.0,0.195,0.195,0.293,0.488,34.0,0.216,18.0,12.0,0.0,0.0,0.0,0.0,0.0,H/79,
Román Méndez,23.0,TEX,AL,0.0,2.0,0.0,0.0,0.0,0.0,0.0,0.0,0.0,0.0,0.0,0.0,0.0,0.0,,,,,,,,0.0,0.0,0.0,0.0,0.0,0.0,1,
Ronald Belisario,31.0,CHW,AL,0.0,6.0,0.0,0.0,0.0,0.0,0.0,0.0,0.0,0.0,0.0,0.0,0.0,0.0,,,,,,,,0.0,0.0,0.0,0.0,0.0,0.0,1,
Ronny Cedeño,31.0,PHI,NL,-0.2,7.0,9.0,9.0,0.0,0.0,0.0,0.0,0.0,0.0,0.0,0.0,0.0,2.0,0.0,0.0,0.0,0.0,-100.0,0.0,-142.0,0.0,0.0,0.0,0.0,0.0,0.0,/H65,
Ross Detwiler,28.0,WSN,NL,0.0,44.0,4.0,2.0,1.0,0.0,0.0,0.0,0.0,0.0,0.0,0.0,1.0,1.0,0.0,0.333,0.0,0.333,3.0,0.23,3.0,0.0,0.0,0.0,1.0,0.0,0.0,1,
Rougned Odor*,20.0,TEX,AL,0.5,114.0,417.0,386.0,39.0,100.0,14.0,7.0,9.0,48.0,4.0,7.0,17.0,71.0,0.259,0.297,0.402,0.698,93.0,0.305,89.0,155.0,7.0,5.0,6.0,3.0,1.0,*4/HD,
Rubby De La Rosa,25.0,BOS,AL,0.0,1.0,2.0,2.0,0.0,0.0,0.0,0.0,0.0,0.0,0.0,0.0,0.0,0.0,0.0,0.0,0.0,0.0,-100.0,0.0,-143.0,0.0,0.0,0.0,0.0,0.0,0.0,1,
Rubén Tejada,24.0,NYM,NL,1.9,119.0,419.0,355.0,30.0,84.0,11.0,0.0,5.0,34.0,1.0,2.0,50.0,73.0,0.237,0.342,0.31,0.652,90.0,0.3,90.0,110.0,8.0,8.0,4.0,2.0,11.0,*6H,
Rusney Castillo,26.0,BOS,AL,0.8,10.0,40.0,36.0,6.0,12.0,1.0,0.0,2.0,6.0,3.0,0.0,3.0,6.0,0.333,0.4,0.528,0.928,157.0,0.421,156.0,19.0,0.0,1.0,0.0,0.0,0.0,8,
Russell Martin,31.0,PIT,NL,5.7,111.0,460.0,379.0,45.0,110.0,20.0,0.0,11.0,67.0,4.0,4.0,59.0,78.0,0.29,0.402,0.43,0.832,135.0,0.382,147.0,163.0,16.0,15.0,2.0,5.0,5.0,2/HD,MVP-13
Ryan Braun,30.0,MIL,NL,1.2,135.0,580.0,530.0,68.0,141.0,30.0,6.0,19.0,81.0,11.0,5.0,41.0,113.0,0.266,0.324,0.453,0.777,113.0,0.348,115.0,240.0,17.0,6.0,0.0,3.0,3.0,*9/8DH,
Ryan Buchter*,27.0,ATL,NL,0.0,1.0,0.0,0.0,0.0,0.0,0.0,0.0,0.0,0.0,0.0,0.0,0.0,0.0,,,,,,,,0.0,0.0,0.0,0.0,0.0,0.0,/1,
Ryan Cook,27.0,OAK,AL,0.0,4.0,0.0,0.0,0.0,0.0,0.0,0.0,0.0,0.0,0.0,0.0,0.0,0.0,,,,,,,,0.0,0.0,0.0,0.0,0.0,0.0,1,
Ryan Dennick*,27.0,CIN,NL,0.0,7.0,0.0,0.0,0.0,0.0,0.0,0.0,0.0,0.0,0.0,0.0,0.0,0.0,,,,,,,,0.0,0.0,0.0,0.0,0.0,0.0,/1,
Ryan Doumit#,33.0,ATL,NL,-0.7,100.0,166.0,157.0,11.0,31.0,4.0,0.0,5.0,17.0,1.0,0.0,7.0,49.0,0.197,0.235,0.318,0.553,55.0,0.256,50.0,50.0,1.0,1.0,0.0,1.0,1.0,H/79D2,
Ryan Flaherty*,27.0,BAL,AL,0.9,102.0,312.0,281.0,33.0,62.0,15.0,1.0,7.0,32.0,1.0,0.0,22.0,68.0,0.221,0.288,0.356,0.644,80.0,0.29,73.0,100.0,3.0,5.0,3.0,1.0,2.0,546/H379,
Ryan Goins*,26.0,TOR,AL,0.2,67.0,193.0,181.0,14.0,34.0,6.0,3.0,1.0,15.0,0.0,1.0,5.0,42.0,0.188,0.209,0.271,0.479,35.0,0.232,34.0,49.0,4.0,0.0,6.0,1.0,0.0,46/H,
Ryan Hanigan,33.0,TBR,AL,1.4,84.0,263.0,225.0,18.0,49.0,9.0,0.0,5.0,34.0,1.0,0.0,31.0,39.0,0.218,0.318,0.324,0.642,86.0,0.304,90.0,73.0,6.0,3.0,2.0,2.0,0.0,2/HD,
Ryan Howard*,34.0,PHI,NL,-1.3,153.0,648.0,569.0,65.0,127.0,18.0,1.0,23.0,95.0,0.0,0.0,67.0,190.0,0.223,0.31,0.38,0.69,92.0,0.312,90.0,216.0,10.0,7.0,0.0,5.0,7.0,*3/HD,
Ryan Kalish*,26.0,CHC,NL,-0.7,57.0,130.0,121.0,13.0,30.0,4.0,4.0,0.0,5.0,3.0,2.0,8.0,28.0,0.248,0.295,0.347,0.642,78.0,0.302,83.0,42.0,3.0,0.0,1.0,0.0,1.0,H789,
Ryan Lavarnway,26.0,BOS,AL,-0.3,9.0,10.0,10.0,0.0,0.0,0.0,0.0,0.0,0.0,0.0,0.0,0.0,3.0,0.0,0.0,0.0,0.0,-100.0,0.0,-142.0,0.0,1.0,0.0,0.0,0.0,0.0,/3H,
Ryan Ludwick,35.0,CIN,NL,-0.6,112.0,400.0,357.0,28.0,87.0,20.0,0.0,9.0,45.0,0.0,2.0,31.0,94.0,0.244,0.308,0.375,0.683,91.0,0.316,96.0,134.0,6.0,4.0,1.0,4.0,1.0,7H/D,
Ryan Mattheus,30.0,WSN,NL,0.0,6.0,0.0,0.0,0.0,0.0,0.0,0.0,0.0,0.0,0.0,0.0,0.0,0.0,,,,,,,,0.0,0.0,0.0,0.0,0.0,0.0,/1,
Ryan Raburn,33.0,CLE,AL,-1.4,74.0,212.0,195.0,18.0,39.0,7.0,0.0,4.0,22.0,0.0,0.0,13.0,51.0,0.2,0.25,0.297,0.547,53.0,0.244,40.0,58.0,8.0,1.0,0.0,3.0,1.0,D97H/3,
Ryan Roberts,33.0,BOS,AL,-0.1,8.0,22.0,19.0,1.0,2.0,0.0,0.0,0.0,0.0,0.0,0.0,3.0,7.0,0.105,0.227,0.105,0.333,-3.0,0.177,-10.0,2.0,2.0,0.0,0.0,0.0,0.0,/5H,
Ryan Rowland-Smith*,31.0,ARI,NL,0.0,6.0,1.0,1.0,0.0,0.0,0.0,0.0,0.0,0.0,0.0,0.0,0.0,1.0,0.0,0.0,0.0,0.0,-100.0,0.0,-150.0,0.0,0.0,0.0,0.0,0.0,0.0,/1,
Ryan Rua,24.0,TEX,AL,0.2,28.0,109.0,105.0,11.0,31.0,7.0,0.0,2.0,14.0,1.0,0.0,2.0,18.0,0.295,0.321,0.419,0.74,105.0,0.346,113.0,44.0,6.0,2.0,0.0,0.0,0.0,7/3D5,
Ryan Sweeney*,29.0,CHC,NL,-0.1,77.0,226.0,207.0,22.0,52.0,9.0,0.0,3.0,20.0,0.0,0.0,15.0,33.0,0.251,0.304,0.338,0.642,79.0,0.302,82.0,70.0,4.0,1.0,2.0,1.0,2.0,8H97/D,
Ryan Vogelsong,36.0,SFG,NL,-0.1,31.0,66.0,61.0,3.0,7.0,2.0,0.0,0.0,2.0,0.0,0.0,2.0,20.0,0.115,0.156,0.148,0.304,-12.0,0.141,-36.0,9.0,1.0,1.0,2.0,0.0,0.0,1,
Ryan Webb,28.0,BAL,AL,0.0,4.0,0.0,0.0,0.0,0.0,0.0,0.0,0.0,0.0,0.0,0.0,0.0,0.0,,,,,,,,0.0,0.0,0.0,0.0,0.0,0.0,1,
Ryan Wheeler*,25.0,COL,NL,-0.4,31.0,64.0,56.0,6.0,13.0,2.0,0.0,2.0,13.0,0.0,0.0,5.0,12.0,0.232,0.281,0.375,0.656,72.0,0.288,60.0,21.0,1.0,0.0,0.0,3.0,0.0,H5/3,
Ryan Zimmerman,29.0,WSN,NL,0.4,61.0,240.0,214.0,26.0,60.0,19.0,1.0,5.0,38.0,0.0,0.0,22.0,37.0,0.28,0.342,0.449,0.79,117.0,0.35,116.0,96.0,6.0,0.0,0.0,4.0,0.0,75/3HD,
Rymer Liriano,23.0,SDP,NL,-0.6,38.0,121.0,109.0,13.0,24.0,2.0,0.0,1.0,6.0,4.0,1.0,9.0,39.0,0.22,0.289,0.266,0.555,63.0,0.263,60.0,29.0,6.0,2.0,0.0,1.0,1.0,9/H,
Salvador Perez,24.0,KCR,AL,3.6,150.0,606.0,578.0,57.0,150.0,28.0,2.0,17.0,70.0,1.0,0.0,22.0,85.0,0.26,0.289,0.403,0.692,91.0,0.315,91.0,233.0,22.0,3.0,0.0,3.0,2.0,*2/DH,"AS,GG"
Sam Deduno,30.0,2TM,AL,0.0,5.0,5.0,5.0,0.0,1.0,1.0,0.0,0.0,0.0,0.0,0.0,0.0,4.0,0.2,0.2,0.4,0.6,64.0,0.255,49.0,2.0,0.0,0.0,0.0,0.0,0.0,1,
Sam Deduno,30.0,MIN,AL,-0.1,4.0,4.0,4.0,0.0,0.0,0.0,0.0,0.0,0.0,0.0,0.0,0.0,4.0,0.0,0.0,0.0,0.0,-100.0,0.0,-143.0,0.0,0.0,0.0,0.0,0.0,0.0,1,
Sam Deduno,30.0,HOU,AL,0.1,1.0,1.0,1.0,0.0,1.0,1.0,0.0,0.0,0.0,0.0,0.0,0.0,0.0,1.0,1.0,2.0,3.0,728.0,1.274,782.0,2.0,0.0,0.0,0.0,0.0,0.0,/1,
Sam Dyson,26.0,MIA,NL,0.0,30.0,1.0,1.0,0.0,0.0,0.0,0.0,0.0,0.0,0.0,0.0,0.0,0.0,0.0,0.0,0.0,0.0,-100.0,0.0,-150.0,0.0,0.0,0.0,0.0,0.0,0.0,1,
Sam Freeman,27.0,STL,NL,0.0,41.0,0.0,0.0,0.0,0.0,0.0,0.0,0.0,0.0,0.0,0.0,0.0,0.0,,,,,,,,0.0,0.0,0.0,0.0,0.0,0.0,1,
Sam Fuld*,32.0,2TM,AL,1.7,113.0,402.0,351.0,40.0,84.0,16.0,4.0,4.0,36.0,21.0,4.0,43.0,63.0,0.239,0.321,0.342,0.663,89.0,0.312,88.0,120.0,2.0,0.0,6.0,2.0,2.0,879H,
Sam Fuld*,32.0,OAK,AL,1.0,60.0,207.0,187.0,25.0,39.0,6.0,4.0,3.0,19.0,9.0,1.0,17.0,34.0,0.209,0.275,0.332,0.606,73.0,0.291,73.0,62.0,2.0,0.0,3.0,0.0,1.0,789H,
Sam Fuld*,32.0,MIN,AL,0.8,53.0,195.0,164.0,15.0,45.0,10.0,0.0,1.0,17.0,12.0,3.0,26.0,29.0,0.274,0.37,0.354,0.723,106.0,0.336,103.0,58.0,0.0,0.0,3.0,2.0,1.0,87/9H,
Sam LeCure,30.0,CIN,NL,0.0,58.0,0.0,0.0,0.0,0.0,0.0,0.0,0.0,0.0,0.0,0.0,0.0,0.0,,,,,,,,0.0,0.0,0.0,0.0,0.0,0.0,1,
Sam Tuivailala,21.0,STL,NL,0.0,2.0,0.0,0.0,0.0,0.0,0.0,0.0,0.0,0.0,0.0,0.0,0.0,0.0,,,,,,,,0.0,0.0,0.0,0.0,0.0,0.0,/1,
Sandy León#,25.0,WSN,NL,0.1,20.0,70.0,64.0,7.0,10.0,1.0,0.0,1.0,3.0,0.0,0.0,6.0,20.0,0.156,0.229,0.219,0.447,25.0,0.223,21.0,14.0,1.0,0.0,0.0,0.0,0.0,2/H,
Santiago Casilla,33.0,SFG,NL,0.0,52.0,1.0,1.0,0.0,0.0,0.0,0.0,0.0,0.0,0.0,0.0,0.0,0.0,0.0,0.0,0.0,0.0,-100.0,0.0,-140.0,0.0,0.0,0.0,0.0,0.0,0.0,1,
Scooter Gennett*,24.0,MIL,NL,1.1,137.0,474.0,440.0,55.0,127.0,31.0,3.0,9.0,54.0,6.0,3.0,22.0,67.0,0.289,0.32,0.434,0.754,107.0,0.335,105.0,191.0,11.0,0.0,8.0,4.0,5.0,*4H/9,
Scott Atchison,38.0,CLE,AL,0.0,7.0,0.0,0.0,0.0,0.0,0.0,0.0,0.0,0.0,0.0,0.0,0.0,0.0,,,,,,,,0.0,0.0,0.0,0.0,0.0,0.0,1,
Scott Baker,32.0,TEX,AL,0.0,1.0,1.0,1.0,0.0,0.0,0.0,0.0,0.0,0.0,0.0,0.0,0.0,1.0,0.0,0.0,0.0,0.0,-100.0,0.0,-136.0,0.0,0.0,0.0,0.0,0.0,0.0,1,
Scott Downs*,38.0,CHW,AL,0.0,5.0,0.0,0.0,0.0,0.0,0.0,0.0,0.0,0.0,0.0,0.0,0.0,0.0,,,,,,,,0.0,0.0,0.0,0.0,0.0,0.0,1,
Scott Elbert*,28.0,LAD,NL,0.0,7.0,0.0,0.0,0.0,0.0,0.0,0.0,0.0,0.0,0.0,0.0,0.0,0.0,,,,,,,,0.0,0.0,0.0,0.0,0.0,0.0,/1,
Scott Feldman*,31.0,HOU,AL,0.0,1.0,2.0,2.0,0.0,0.0,0.0,0.0,0.0,0.0,0.0,0.0,0.0,2.0,0.0,0.0,0.0,0.0,-100.0,0.0,-138.0,0.0,0.0,0.0,0.0,0.0,0.0,1,
Scott Hairston,34.0,WSN,NL,-0.7,61.0,87.0,77.0,6.0,16.0,4.0,0.0,1.0,8.0,0.0,0.0,4.0,26.0,0.208,0.253,0.299,0.552,52.0,0.243,36.0,23.0,2.0,2.0,0.0,4.0,0.0,H7/9D,
Scott Kazmir*,30.0,OAK,AL,-0.1,2.0,4.0,4.0,0.0,0.0,0.0,0.0,0.0,0.0,0.0,0.0,0.0,1.0,0.0,0.0,0.0,0.0,-100.0,0.0,-138.0,0.0,0.0,0.0,0.0,0.0,0.0,1,AS
Scott Rice*,32.0,NYM,NL,0.0,28.0,0.0,0.0,0.0,0.0,0.0,0.0,0.0,0.0,0.0,0.0,0.0,0.0,,,,,,,,0.0,0.0,0.0,0.0,0.0,0.0,1,
Scott Sizemore,29.0,NYY,AL,0.0,6.0,16.0,16.0,3.0,5.0,2.0,0.0,0.0,4.0,0.0,0.0,0.0,8.0,0.313,0.313,0.438,0.75,111.0,0.323,102.0,7.0,0.0,0.0,0.0,0.0,0.0,/53,
Scott Van Slyke,27.0,LAD,NL,2.7,98.0,246.0,212.0,32.0,63.0,13.0,1.0,11.0,29.0,4.0,2.0,28.0,71.0,0.297,0.386,0.524,0.91,157.0,0.402,163.0,111.0,3.0,4.0,0.0,2.0,0.0,7H389,
Sean Doolittle*,27.0,OAK,AL,0.0,5.0,1.0,1.0,0.0,0.0,0.0,0.0,0.0,0.0,0.0,0.0,0.0,0.0,0.0,0.0,0.0,0.0,-100.0,0.0,-127.0,0.0,0.0,0.0,0.0,0.0,0.0,1/H,AS
Sean Marshall*,31.0,CIN,NL,0.0,14.0,0.0,0.0,0.0,0.0,0.0,0.0,0.0,0.0,0.0,0.0,0.0,0.0,,,,,,,,0.0,0.0,0.0,0.0,0.0,0.0,1,
Sean O'Sullivan,26.0,PHI,NL,0.0,3.0,3.0,3.0,0.0,0.0,0.0,0.0,0.0,0.0,0.0,0.0,0.0,2.0,0.0,0.0,0.0,0.0,-100.0,0.0,-142.0,0.0,0.0,0.0,0.0,0.0,0.0,/1,
Sean Rodríguez,29.0,TBR,AL,0.0,96.0,259.0,237.0,30.0,50.0,13.0,3.0,12.0,41.0,2.0,1.0,10.0,66.0,0.211,0.258,0.443,0.701,97.0,0.316,100.0,105.0,3.0,6.0,3.0,3.0,0.0,H4D37/596,
Sergio Romo,31.0,SFG,NL,0.0,62.0,0.0,0.0,0.0,0.0,0.0,0.0,0.0,0.0,0.0,0.0,0.0,0.0,,,,,,,,0.0,0.0,0.0,0.0,0.0,0.0,1,
Sergio Santos,30.0,TOR,AL,0.0,4.0,0.0,0.0,0.0,0.0,0.0,0.0,0.0,0.0,0.0,0.0,0.0,0.0,,,,,,,,0.0,0.0,0.0,0.0,0.0,0.0,1/DH,
Seth Maness,25.0,STL,NL,0.0,69.0,5.0,5.0,0.0,2.0,0.0,0.0,0.0,0.0,0.0,0.0,0.0,0.0,0.4,0.4,0.4,0.8,126.0,0.363,129.0,2.0,0.0,0.0,0.0,0.0,0.0,1,
Seth Smith*,31.0,SDP,NL,3.4,136.0,521.0,443.0,55.0,118.0,31.0,5.0,12.0,48.0,1.0,1.0,69.0,87.0,0.266,0.367,0.44,0.807,134.0,0.364,140.0,195.0,9.0,4.0,0.0,4.0,3.0,*79H/D,
Shae Simmons,23.0,ATL,NL,0.0,25.0,0.0,0.0,0.0,0.0,0.0,0.0,0.0,0.0,0.0,0.0,0.0,0.0,,,,,,,,0.0,0.0,0.0,0.0,0.0,0.0,1,
Shane Robinson,29.0,STL,NL,-0.5,47.0,66.0,60.0,3.0,9.0,1.0,1.0,0.0,4.0,0.0,1.0,6.0,10.0,0.15,0.227,0.2,0.427,22.0,0.194,9.0,12.0,3.0,0.0,0.0,0.0,0.0,H9/78,
Shane Victorino,33.0,BOS,AL,0.5,30.0,133.0,123.0,14.0,33.0,6.0,1.0,2.0,12.0,2.0,0.0,6.0,21.0,0.268,0.303,0.382,0.685,90.0,0.32,93.0,47.0,3.0,1.0,1.0,2.0,0.0,9,
Shawn Camp,38.0,PHI,NL,0.0,2.0,0.0,0.0,0.0,0.0,0.0,0.0,0.0,0.0,0.0,0.0,0.0,0.0,,,,,,,,0.0,0.0,0.0,0.0,0.0,0.0,/1,
Shawn Kelley,30.0,NYY,AL,0.0,1.0,0.0,0.0,0.0,0.0,0.0,0.0,0.0,0.0,0.0,0.0,0.0,0.0,,,,,,,,0.0,0.0,0.0,0.0,0.0,0.0,1,
Shawn O'Malley#,26.0,LAA,AL,0.0,11.0,16.0,16.0,3.0,3.0,0.0,0.0,0.0,1.0,2.0,0.0,0.0,8.0,0.188,0.188,0.188,0.375,10.0,0.247,27.0,3.0,0.0,0.0,0.0,0.0,0.0,/H749D,
Shawn Tolleson,26.0,TEX,AL,0.0,5.0,0.0,0.0,0.0,0.0,0.0,0.0,0.0,0.0,0.0,0.0,0.0,0.0,,,,,,,,0.0,0.0,0.0,0.0,0.0,0.0,1,
Shelby Miller,23.0,STL,NL,0.6,31.0,63.0,48.0,6.0,9.0,5.0,0.0,0.0,4.0,0.0,0.0,2.0,25.0,0.188,0.22,0.292,0.512,42.0,0.247,28.0,14.0,1.0,0.0,13.0,0.0,0.0,1,
Shin-Soo Choo*,31.0,TEX,AL,0.0,123.0,529.0,455.0,58.0,110.0,19.0,1.0,13.0,40.0,3.0,4.0,58.0,131.0,0.242,0.34,0.374,0.714,100.0,0.326,102.0,170.0,9.0,12.0,0.0,4.0,3.0,7D9/H,
Skip Schumaker*,34.0,CIN,NL,-1.2,83.0,271.0,247.0,22.0,58.0,12.0,0.0,2.0,22.0,2.0,1.0,18.0,50.0,0.235,0.287,0.308,0.595,68.0,0.283,70.0,76.0,3.0,1.0,3.0,2.0,0.0,74H9/81,
Sonny Gray,24.0,OAK,AL,-0.1,2.0,4.0,2.0,0.0,0.0,0.0,0.0,0.0,0.0,0.0,0.0,0.0,1.0,0.0,0.0,0.0,0.0,-100.0,0.0,-376.0,0.0,0.0,0.0,2.0,0.0,0.0,1,
Starlin Castro,24.0,CHC,NL,2.4,134.0,569.0,528.0,58.0,154.0,33.0,1.0,14.0,65.0,4.0,4.0,35.0,100.0,0.292,0.339,0.438,0.777,115.0,0.343,114.0,231.0,18.0,4.0,0.0,2.0,4.0,*6/H,AS
Starling Marte,25.0,PIT,NL,4.5,135.0,545.0,495.0,73.0,144.0,29.0,6.0,13.0,56.0,30.0,11.0,33.0,131.0,0.291,0.356,0.453,0.808,127.0,0.384,143.0,224.0,5.0,17.0,0.0,0.0,0.0,*78/H,
Stefen Romero,25.0,SEA,AL,-1.5,72.0,190.0,177.0,19.0,34.0,6.0,2.0,3.0,11.0,0.0,4.0,4.0,48.0,0.192,0.234,0.299,0.533,54.0,0.226,43.0,53.0,5.0,6.0,2.0,1.0,0.0,9HD7,
Stephen Drew*,31.0,2TM,AL,-1.0,85.0,300.0,271.0,18.0,44.0,14.0,1.0,7.0,26.0,1.0,1.0,27.0,75.0,0.162,0.237,0.299,0.536,50.0,0.243,41.0,81.0,1.0,0.0,0.0,2.0,3.0,64/HD,
Stephen Drew*,31.0,BOS,AL,-0.1,39.0,145.0,131.0,11.0,23.0,6.0,1.0,4.0,11.0,1.0,1.0,14.0,39.0,0.176,0.255,0.328,0.583,62.0,0.263,54.0,43.0,1.0,0.0,0.0,0.0,2.0,6,
Stephen Drew*,31.0,NYY,AL,-1.0,46.0,155.0,140.0,7.0,21.0,8.0,0.0,3.0,15.0,0.0,0.0,13.0,36.0,0.15,0.219,0.271,0.491,39.0,0.226,29.0,38.0,0.0,0.0,0.0,2.0,1.0,46/HD,
Stephen Fife,27.0,LAD,NL,0.0,1.0,3.0,3.0,0.0,0.0,0.0,0.0,0.0,0.0,0.0,0.0,0.0,1.0,0.0,0.0,0.0,0.0,-100.0,0.0,-135.0,0.0,0.0,0.0,0.0,0.0,0.0,/1,
Stephen Strasburg,25.0,WSN,NL,-0.1,33.0,76.0,60.0,3.0,6.0,1.0,0.0,0.0,3.0,0.0,0.0,7.0,26.0,0.1,0.194,0.117,0.311,-11.0,0.158,-45.0,7.0,1.0,0.0,9.0,0.0,0.0,1,CYA-9
Stephen Vogt*,29.0,OAK,AL,1.2,84.0,287.0,269.0,26.0,75.0,10.0,2.0,9.0,35.0,1.0,0.0,16.0,39.0,0.279,0.321,0.431,0.752,113.0,0.335,112.0,116.0,2.0,1.0,0.0,1.0,2.0,392H/D7,
Steve Cishek,28.0,MIA,NL,0.0,62.0,0.0,0.0,0.0,0.0,0.0,0.0,0.0,0.0,0.0,0.0,0.0,0.0,,,,,,,,0.0,0.0,0.0,0.0,0.0,0.0,1,
Steve Clevenger*,28.0,BAL,AL,0.0,35.0,97.0,89.0,8.0,20.0,8.0,1.0,0.0,8.0,0.0,0.0,8.0,19.0,0.225,0.289,0.337,0.626,75.0,0.305,85.0,30.0,5.0,0.0,0.0,0.0,1.0,2H/3D,
Steve Delabar,30.0,TOR,AL,0.0,2.0,0.0,0.0,0.0,0.0,0.0,0.0,0.0,0.0,0.0,0.0,0.0,0.0,,,,,,,,0.0,0.0,0.0,0.0,0.0,0.0,1,
Steve Lombardozzi#,25.0,BAL,AL,-0.7,20.0,74.0,73.0,6.0,21.0,1.0,1.0,0.0,2.0,1.0,0.0,0.0,14.0,0.288,0.297,0.329,0.626,76.0,0.295,76.0,24.0,1.0,1.0,0.0,0.0,0.0,4/H,
Steve Pearce,31.0,BAL,AL,5.8,102.0,383.0,338.0,51.0,99.0,26.0,0.0,21.0,49.0,5.0,0.0,40.0,76.0,0.293,0.373,0.556,0.93,157.0,0.415,165.0,188.0,4.0,4.0,0.0,1.0,1.0,37H/9D,
Steven Moya*,22.0,DET,AL,0.0,11.0,8.0,8.0,2.0,3.0,0.0,0.0,0.0,0.0,0.0,0.0,0.0,2.0,0.375,0.375,0.375,0.75,113.0,0.341,114.0,3.0,0.0,0.0,0.0,0.0,0.0,/H9D,
Steven Souza Jr.,25.0,WSN,NL,-0.1,21.0,26.0,23.0,2.0,3.0,0.0,0.0,2.0,2.0,0.0,0.0,3.0,7.0,0.13,0.231,0.391,0.622,68.0,0.279,63.0,9.0,1.0,0.0,0.0,0.0,0.0,H/978,
Steven Tolleson,30.0,TOR,AL,0.8,108.0,189.0,170.0,21.0,43.0,7.0,2.0,3.0,16.0,3.0,1.0,12.0,49.0,0.253,0.308,0.371,0.679,92.0,0.311,92.0,63.0,3.0,2.0,4.0,1.0,0.0,4H5/9167D,
Steven Wright,29.0,BOS,AL,0.0,1.0,0.0,0.0,0.0,0.0,0.0,0.0,0.0,0.0,0.0,0.0,0.0,0.0,,,,,,,,0.0,0.0,0.0,0.0,0.0,0.0,/1,
Stolmy Pimentel,24.0,PIT,NL,-0.1,18.0,5.0,5.0,0.0,0.0,0.0,0.0,0.0,0.0,0.0,0.0,0.0,3.0,0.0,0.0,0.0,0.0,-100.0,0.0,-138.0,0.0,0.0,0.0,0.0,0.0,0.0,1,
T.J. House,24.0,CLE,AL,0.0,1.0,2.0,2.0,0.0,0.0,0.0,0.0,0.0,0.0,0.0,0.0,0.0,2.0,0.0,0.0,0.0,0.0,-100.0,0.0,-143.0,0.0,0.0,0.0,0.0,0.0,0.0,1,
T.J. McFarland*,25.0,BAL,AL,0.0,3.0,1.0,0.0,0.0,0.0,0.0,0.0,0.0,0.0,0.0,0.0,0.0,0.0,,,,,,,,0.0,0.0,0.0,1.0,0.0,0.0,1,
Tanner Roark,27.0,WSN,NL,-0.3,29.0,70.0,58.0,1.0,7.0,0.0,0.0,0.0,0.0,0.0,0.0,1.0,21.0,0.121,0.136,0.121,0.256,-28.0,0.116,-89.0,7.0,1.0,0.0,11.0,0.0,0.0,1,
Taylor Hill,25.0,WSN,NL,0.0,3.0,3.0,3.0,0.0,1.0,0.0,0.0,0.0,0.0,0.0,0.0,0.0,0.0,0.333,0.333,0.333,0.667,85.0,0.303,81.0,1.0,0.0,0.0,0.0,0.0,0.0,/1,
Taylor Jordan,25.0,WSN,NL,0.0,5.0,8.0,8.0,1.0,1.0,0.0,0.0,0.0,0.0,0.0,0.0,0.0,4.0,0.125,0.125,0.125,0.25,-30.0,0.101,-72.0,1.0,0.0,0.0,0.0,0.0,0.0,/1,
Taylor Teagarden,30.0,NYM,NL,-0.3,9.0,30.0,28.0,1.0,4.0,0.0,0.0,1.0,5.0,0.0,0.0,2.0,7.0,0.143,0.2,0.25,0.45,29.0,0.205,17.0,7.0,1.0,0.0,0.0,0.0,0.0,/2,
Terrance Gore,23.0,KCR,AL,0.0,11.0,2.0,1.0,5.0,0.0,0.0,0.0,0.0,0.0,5.0,0.0,0.0,0.0,0.0,0.5,0.0,0.5,56.0,1.006,138.0,0.0,0.0,1.0,0.0,0.0,0.0,/HD7,
Tim Collins*,24.0,KCR,AL,0.0,1.0,0.0,0.0,0.0,0.0,0.0,0.0,0.0,0.0,0.0,0.0,0.0,0.0,,,,,,,,0.0,0.0,0.0,0.0,0.0,0.0,1,
Tim Federowicz,26.0,LAD,NL,-0.6,23.0,78.0,71.0,2.0,8.0,3.0,0.0,1.0,5.0,0.0,0.0,3.0,18.0,0.113,0.158,0.197,0.355,1.0,0.163,-19.0,14.0,3.0,1.0,2.0,1.0,0.0,2/H,
Tim Hudson,38.0,SFG,NL,-0.5,28.0,62.0,53.0,0.0,2.0,0.0,0.0,0.0,1.0,0.0,0.0,2.0,20.0,0.038,0.089,0.038,0.127,-62.0,0.07,-104.0,2.0,4.0,1.0,6.0,0.0,0.0,1,AS
Tim Lincecum*,30.0,SFG,NL,-0.1,32.0,53.0,44.0,2.0,3.0,0.0,0.0,0.0,1.0,0.0,0.0,4.0,26.0,0.068,0.146,0.068,0.214,-36.0,0.131,-53.0,3.0,1.0,0.0,5.0,0.0,0.0,1/H,
Tim Stauffer,32.0,SDP,NL,0.0,42.0,8.0,7.0,0.0,1.0,0.0,0.0,0.0,0.0,0.0,0.0,0.0,2.0,0.143,0.143,0.143,0.286,-16.0,0.115,-68.0,1.0,0.0,0.0,1.0,0.0,0.0,1,
Todd Frazier,28.0,CIN,NL,4.7,157.0,660.0,597.0,88.0,163.0,22.0,1.0,29.0,80.0,20.0,8.0,52.0,139.0,0.273,0.336,0.459,0.795,121.0,0.362,128.0,274.0,9.0,7.0,0.0,4.0,2.0,*53/H,AS
Todd Redmond,29.0,TOR,AL,0.0,3.0,2.0,1.0,0.0,0.0,0.0,0.0,0.0,0.0,0.0,0.0,0.0,0.0,0.0,0.0,0.0,0.0,-100.0,0.0,-355.0,0.0,0.0,0.0,1.0,0.0,0.0,1,
Tom Gorzelanny,31.0,MIL,NL,0.0,23.0,1.0,1.0,0.0,0.0,0.0,0.0,0.0,0.0,0.0,0.0,0.0,1.0,0.0,0.0,0.0,0.0,-100.0,0.0,-150.0,0.0,0.0,0.0,0.0,0.0,0.0,1,
Tom Koehler,28.0,MIA,NL,-0.5,29.0,59.0,50.0,0.0,3.0,0.0,0.0,0.0,0.0,0.0,0.0,1.0,27.0,0.06,0.078,0.06,0.138,-60.0,0.065,-124.0,3.0,2.0,0.0,8.0,0.0,0.0,1,
Tom Wilhelmsen,30.0,SEA,AL,0.0,5.0,0.0,0.0,0.0,0.0,0.0,0.0,0.0,0.0,0.0,0.0,0.0,0.0,,,,,,,,0.0,0.0,0.0,0.0,0.0,0.0,1,
Tommy Hunter,27.0,BAL,AL,0.0,2.0,0.0,0.0,0.0,0.0,0.0,0.0,0.0,0.0,0.0,0.0,0.0,0.0,,,,,,,,0.0,0.0,0.0,0.0,0.0,0.0,1,
Tommy Kahnle,24.0,COL,NL,-0.1,49.0,4.0,3.0,0.0,0.0,0.0,0.0,0.0,0.0,0.0,0.0,0.0,1.0,0.0,0.0,0.0,0.0,-100.0,0.0,-239.0,0.0,0.0,0.0,1.0,0.0,0.0,1,
Tommy La Stella*,25.0,ATL,NL,0.1,93.0,360.0,319.0,22.0,80.0,16.0,1.0,1.0,31.0,2.0,1.0,36.0,40.0,0.251,0.328,0.317,0.644,84.0,0.296,81.0,101.0,8.0,1.0,3.0,1.0,2.0,4/HD,
Tommy Layne*,29.0,BOS,AL,0.0,4.0,0.0,0.0,0.0,0.0,0.0,0.0,0.0,0.0,0.0,0.0,0.0,0.0,,,,,,,,0.0,0.0,0.0,0.0,0.0,0.0,1,
Tommy Medica,26.0,SDP,NL,0.7,102.0,259.0,240.0,31.0,56.0,11.0,2.0,9.0,27.0,6.0,1.0,14.0,75.0,0.233,0.286,0.408,0.694,99.0,0.332,112.0,98.0,5.0,4.0,0.0,1.0,0.0,3H7/D,
Tommy Milone*,27.0,OAK,AL,-0.1,2.0,4.0,4.0,0.0,0.0,0.0,0.0,0.0,0.0,0.0,0.0,0.0,1.0,0.0,0.0,0.0,0.0,-100.0,0.0,-138.0,0.0,0.0,0.0,0.0,0.0,0.0,1/H,
Tommy Pham,26.0,STL,NL,-0.1,6.0,2.0,2.0,0.0,0.0,0.0,0.0,0.0,0.0,0.0,0.0,0.0,2.0,0.0,0.0,0.0,0.0,-100.0,0.0,-138.0,0.0,0.0,0.0,0.0,0.0,0.0,/H79,
Tomás Telis#,23.0,TEX,AL,-0.1,18.0,71.0,68.0,7.0,17.0,2.0,0.0,0.0,8.0,0.0,0.0,1.0,10.0,0.25,0.271,0.279,0.551,55.0,0.285,69.0,19.0,2.0,1.0,1.0,0.0,0.0,2/D,
Tony Abreu#,29.0,SFG,NL,-0.1,3.0,4.0,4.0,0.0,0.0,0.0,0.0,0.0,0.0,0.0,0.0,0.0,0.0,0.0,0.0,0.0,0.0,-100.0,0.0,-139.0,0.0,1.0,0.0,0.0,0.0,0.0,/45H,
Tony Campana*,28.0,2TM,2LG,-0.5,44.0,76.0,75.0,10.0,14.0,1.0,1.0,0.0,5.0,4.0,2.0,0.0,16.0,0.187,0.197,0.227,0.424,19.0,0.2,8.0,17.0,0.0,1.0,0.0,0.0,0.0,8H/7D,
Tony Campana*,28.0,ARI,NL,-0.3,26.0,61.0,60.0,4.0,9.0,1.0,1.0,0.0,3.0,4.0,1.0,0.0,10.0,0.15,0.164,0.2,0.364,1.0,0.186,-11.0,12.0,0.0,1.0,0.0,0.0,0.0,8H/7,
Tony Campana*,28.0,LAA,AL,-0.2,18.0,15.0,15.0,6.0,5.0,0.0,0.0,0.0,2.0,0.0,1.0,0.0,6.0,0.333,0.333,0.333,0.667,95.0,0.257,82.0,5.0,0.0,0.0,0.0,0.0,0.0,8/H7D,
Tony Cingrani*,24.0,CIN,NL,0.0,13.0,22.0,21.0,0.0,3.0,0.0,0.0,0.0,0.0,0.0,0.0,0.0,5.0,0.143,0.143,0.143,0.286,-19.0,0.163,-25.0,3.0,0.0,0.0,1.0,0.0,0.0,1,
Tony Cruz,27.0,STL,NL,-0.9,50.0,150.0,135.0,11.0,27.0,5.0,0.0,1.0,17.0,0.0,3.0,13.0,28.0,0.2,0.27,0.259,0.53,50.0,0.231,37.0,35.0,6.0,0.0,2.0,0.0,1.0,2/H35,
Tony Gwynn*,31.0,PHI,NL,-0.9,80.0,127.0,105.0,14.0,16.0,2.0,1.0,0.0,3.0,3.0,0.0,15.0,23.0,0.152,0.264,0.19,0.455,30.0,0.247,33.0,20.0,0.0,1.0,6.0,0.0,1.0,H87/9,
Tony Sanchez,26.0,PIT,NL,-0.1,26.0,80.0,75.0,3.0,20.0,1.0,0.0,2.0,13.0,0.0,0.0,3.0,28.0,0.267,0.3,0.36,0.66,86.0,0.292,78.0,27.0,0.0,1.0,0.0,1.0,0.0,2/HD,
Tony Sipp*,30.0,HOU,AL,0.0,8.0,0.0,0.0,0.0,0.0,0.0,0.0,0.0,0.0,0.0,0.0,0.0,0.0,,,,,,,,0.0,0.0,0.0,0.0,0.0,0.0,1/79,
Tony Watson*,29.0,PIT,NL,0.1,75.0,3.0,3.0,0.0,1.0,0.0,0.0,0.0,0.0,0.0,0.0,0.0,2.0,0.333,0.333,0.333,0.667,89.0,0.303,87.0,1.0,0.0,0.0,0.0,0.0,0.0,1,AS
Torii Hunter,38.0,DET,AL,0.9,142.0,586.0,549.0,71.0,157.0,33.0,2.0,17.0,83.0,4.0,3.0,23.0,89.0,0.286,0.319,0.446,0.765,114.0,0.34,114.0,245.0,18.0,7.0,0.0,7.0,0.0,*9/DH,
Travis d'Arnaud,25.0,NYM,NL,0.5,108.0,421.0,385.0,48.0,93.0,22.0,3.0,13.0,41.0,1.0,0.0,32.0,64.0,0.242,0.302,0.416,0.718,105.0,0.325,107.0,160.0,15.0,2.0,1.0,1.0,5.0,2/HD,ROY-7
Travis Ishikawa*,30.0,2TM,NL,0.2,62.0,119.0,107.0,9.0,27.0,4.0,1.0,3.0,18.0,0.0,0.0,9.0,34.0,0.252,0.311,0.393,0.703,100.0,0.308,92.0,42.0,3.0,1.0,0.0,2.0,1.0,3H/7,
Travis Ishikawa*,30.0,PIT,NL,0.0,15.0,38.0,34.0,2.0,7.0,1.0,1.0,1.0,3.0,0.0,0.0,3.0,11.0,0.206,0.263,0.382,0.646,80.0,0.283,71.0,13.0,2.0,0.0,0.0,1.0,0.0,3/H,
Travis Ishikawa*,30.0,SFG,NL,0.3,47.0,81.0,73.0,7.0,20.0,3.0,0.0,2.0,15.0,0.0,0.0,6.0,23.0,0.274,0.333,0.397,0.731,109.0,0.32,103.0,29.0,1.0,1.0,0.0,1.0,1.0,3H/7,
Travis Snider*,26.0,PIT,NL,1.9,140.0,359.0,322.0,37.0,85.0,15.0,1.0,13.0,38.0,1.0,1.0,34.0,67.0,0.264,0.338,0.438,0.776,117.0,0.354,125.0,141.0,10.0,2.0,1.0,0.0,2.0,9H7/1D,
Travis Wood,27.0,CHC,NL,0.9,38.0,66.0,56.0,9.0,13.0,2.0,0.0,3.0,10.0,0.0,0.0,1.0,17.0,0.232,0.271,0.429,0.7,91.0,0.339,111.0,24.0,1.0,2.0,7.0,0.0,0.0,1H,
Trevor Bauer,23.0,CLE,AL,0.0,1.0,2.0,2.0,0.0,0.0,0.0,0.0,0.0,0.0,0.0,0.0,0.0,2.0,0.0,0.0,0.0,0.0,-100.0,0.0,-143.0,0.0,0.0,0.0,0.0,0.0,0.0,1,
Trevor Bell*,27.0,CIN,NL,0.0,2.0,0.0,0.0,0.0,0.0,0.0,0.0,0.0,0.0,0.0,0.0,0.0,0.0,,,,,,,,0.0,0.0,0.0,0.0,0.0,0.0,/1,
Trevor Cahill,26.0,ARI,NL,-0.1,31.0,29.0,24.0,0.0,2.0,1.0,0.0,0.0,0.0,0.0,0.0,1.0,5.0,0.083,0.12,0.125,0.245,-31.0,0.115,-83.0,3.0,0.0,0.0,4.0,0.0,0.0,1,
Trevor Plouffe,28.0,MIN,AL,4.2,136.0,582.0,520.0,69.0,134.0,40.0,2.0,14.0,80.0,2.0,1.0,53.0,109.0,0.258,0.328,0.423,0.751,110.0,0.342,113.0,220.0,12.0,4.0,0.0,5.0,2.0,*5/DH,
Trevor Rosenthal,24.0,STL,NL,0.0,68.0,1.0,1.0,0.0,0.0,0.0,0.0,0.0,0.0,0.0,0.0,0.0,1.0,0.0,0.0,0.0,0.0,-100.0,0.0,-150.0,0.0,0.0,0.0,0.0,0.0,0.0,1,
Troy Patton#,28.0,SDP,NL,0.0,8.0,0.0,0.0,0.0,0.0,0.0,0.0,0.0,0.0,0.0,0.0,0.0,0.0,,,,,,,,0.0,0.0,0.0,0.0,0.0,0.0,/1,
Troy Tulowitzki,29.0,COL,NL,5.8,91.0,375.0,315.0,71.0,107.0,18.0,1.0,21.0,52.0,1.0,1.0,50.0,57.0,0.34,0.432,0.603,1.035,170.0,0.443,177.0,190.0,4.0,5.0,0.0,5.0,4.0,6/H,"AS,MVP-25"
Tsuyoshi Wada*,33.0,CHC,NL,-0.1,13.0,24.0,20.0,0.0,1.0,0.0,0.0,0.0,0.0,0.0,0.0,1.0,10.0,0.05,0.095,0.05,0.145,-58.0,0.115,-81.0,1.0,0.0,0.0,3.0,0.0,0.0,1,
Tucker Barnhart*,23.0,CIN,NL,0.0,21.0,60.0,54.0,3.0,10.0,0.0,0.0,1.0,1.0,0.0,0.0,4.0,10.0,0.185,0.241,0.241,0.482,36.0,0.231,27.0,13.0,0.0,0.0,2.0,0.0,1.0,2/H,
Tuffy Gosewisch,30.0,ARI,NL,-0.1,41.0,132.0,129.0,6.0,29.0,8.0,0.0,1.0,7.0,0.0,0.0,3.0,24.0,0.225,0.242,0.31,0.553,53.0,0.271,59.0,40.0,6.0,0.0,0.0,0.0,0.0,2/H,
Tyler Chatwood,24.0,COL,NL,-0.1,4.0,10.0,10.0,0.0,1.0,0.0,0.0,0.0,0.0,0.0,0.0,0.0,5.0,0.1,0.1,0.1,0.2,-47.0,0.091,-87.0,1.0,0.0,0.0,0.0,0.0,0.0,/1,
Tyler Clippard,29.0,WSN,NL,0.0,72.0,0.0,0.0,0.0,0.0,0.0,0.0,0.0,0.0,0.0,0.0,0.0,0.0,,,,,,,,0.0,0.0,0.0,0.0,0.0,0.0,1,AS
Tyler Collins*,24.0,DET,AL,0.1,18.0,25.0,24.0,3.0,6.0,0.0,0.0,1.0,4.0,0.0,0.0,1.0,4.0,0.25,0.28,0.375,0.655,84.0,0.29,76.0,9.0,1.0,0.0,0.0,0.0,0.0,/H798D,
Tyler Colvin*,28.0,SFG,NL,-0.2,57.0,149.0,139.0,16.0,31.0,10.0,3.0,2.0,18.0,1.0,0.0,8.0,45.0,0.223,0.268,0.381,0.65,84.0,0.286,76.0,53.0,3.0,1.0,0.0,1.0,0.0,7H/8,
Tyler Flowers,28.0,CHW,AL,2.3,127.0,442.0,407.0,42.0,98.0,16.0,1.0,15.0,50.0,0.0,1.0,25.0,159.0,0.241,0.297,0.396,0.693,98.0,0.312,98.0,161.0,10.0,8.0,1.0,1.0,0.0,*2/H,
Tyler Holt,25.0,CLE,AL,0.0,36.0,76.0,71.0,4.0,19.0,2.0,0.0,0.0,2.0,2.0,2.0,3.0,25.0,0.268,0.307,0.296,0.602,70.0,0.262,58.0,21.0,1.0,1.0,1.0,0.0,0.0,9/8H7,
Tyler Lyons*,26.0,STL,NL,0.0,11.0,9.0,7.0,0.0,0.0,0.0,0.0,0.0,0.0,0.0,0.0,2.0,5.0,0.0,0.222,0.0,0.222,-31.0,0.153,-27.0,0.0,1.0,0.0,0.0,0.0,0.0,1,
Tyler Matzek*,23.0,COL,NL,0.1,20.0,43.0,38.0,2.0,7.0,1.0,0.0,0.0,0.0,0.0,0.0,2.0,13.0,0.184,0.225,0.211,0.436,16.0,0.195,-18.0,8.0,1.0,0.0,3.0,0.0,0.0,1/H,
Tyler Moore,27.0,WSN,NL,0.2,42.0,100.0,91.0,8.0,21.0,2.0,0.0,4.0,14.0,0.0,0.0,7.0,29.0,0.231,0.3,0.385,0.685,88.0,0.319,93.0,35.0,2.0,2.0,0.0,0.0,0.0,3H/7,
Tyler Pastornicky,24.0,ATL,NL,-0.4,28.0,47.0,40.0,4.0,8.0,0.0,1.0,0.0,2.0,0.0,1.0,6.0,11.0,0.2,0.304,0.25,0.554,60.0,0.251,55.0,10.0,0.0,0.0,1.0,0.0,0.0,H4,
Tyler Skaggs*,22.0,LAA,AL,0.0,1.0,3.0,3.0,0.0,0.0,0.0,0.0,0.0,0.0,0.0,0.0,0.0,2.0,0.0,0.0,0.0,0.0,-100.0,0.0,-131.0,0.0,0.0,0.0,0.0,0.0,0.0,1,
Tyler Thornburg,25.0,MIL,NL,0.0,25.0,2.0,1.0,0.0,0.0,0.0,0.0,0.0,0.0,0.0,0.0,0.0,0.0,0.0,0.5,0.0,0.5,54.0,0.361,124.0,0.0,0.0,1.0,0.0,0.0,0.0,1,
Tyson Ross,27.0,SDP,NL,0.5,29.0,63.0,56.0,6.0,10.0,1.0,0.0,0.0,3.0,0.0,0.0,3.0,22.0,0.179,0.23,0.196,0.426,26.0,0.211,22.0,11.0,0.0,1.0,2.0,1.0,0.0,1/H,AS
Ubaldo Jiménez,30.0,BAL,AL,0.0,1.0,1.0,1.0,0.0,0.0,0.0,0.0,0.0,0.0,0.0,0.0,0.0,0.0,0.0,0.0,0.0,0.0,-100.0,0.0,-136.0,0.0,0.0,0.0,0.0,0.0,0.0,1,
Vance Worley,26.0,PIT,NL,-0.2,19.0,38.0,32.0,1.0,2.0,1.0,0.0,0.0,0.0,0.0,0.0,1.0,17.0,0.063,0.091,0.094,0.185,-48.0,0.087,-102.0,3.0,0.0,0.0,5.0,0.0,0.0,1/H,
Vic Black,26.0,NYM,NL,0.0,40.0,0.0,0.0,0.0,0.0,0.0,0.0,0.0,0.0,0.0,0.0,0.0,0.0,,,,,,,,0.0,0.0,0.0,0.0,0.0,0.0,1,
Victor Martinez#,35.0,DET,AL,5.5,151.0,641.0,561.0,87.0,188.0,33.0,0.0,32.0,103.0,3.0,2.0,70.0,42.0,0.335,0.409,0.565,0.974,172.0,0.423,178.0,317.0,17.0,4.0,0.0,6.0,28.0,*D3/2H,"AS,MVP-2,SS"
Vidal Nuño III*,26.0,ARI,NL,-0.1,12.0,25.0,18.0,2.0,1.0,0.0,0.0,0.0,0.0,0.0,0.0,0.0,8.0,0.056,0.105,0.056,0.161,-53.0,0.134,-89.0,1.0,1.0,1.0,6.0,0.0,0.0,1,
Vin Mazzaro,27.0,PIT,NL,0.0,4.0,1.0,1.0,0.0,0.0,0.0,0.0,0.0,0.0,0.0,0.0,0.0,0.0,0.0,0.0,0.0,0.0,-100.0,0.0,-150.0,0.0,0.0,0.0,0.0,0.0,0.0,/1,
Vince Belnome*,26.0,TBR,AL,-0.1,4.0,14.0,10.0,1.0,1.0,1.0,0.0,0.0,1.0,0.0,0.0,3.0,3.0,0.1,0.286,0.2,0.486,43.0,0.205,11.0,2.0,0.0,0.0,0.0,1.0,1.0,/D,
Vinnie Pestano,29.0,CLE,AL,0.0,3.0,0.0,0.0,0.0,0.0,0.0,0.0,0.0,0.0,0.0,0.0,0.0,0.0,,,,,,,,0.0,0.0,0.0,0.0,0.0,0.0,1,
Wade Davis,28.0,KCR,AL,0.0,6.0,0.0,0.0,0.0,0.0,0.0,0.0,0.0,0.0,0.0,0.0,0.0,0.0,,,,,,,,0.0,0.0,0.0,0.0,0.0,0.0,1,CYA-8
Wade LeBlanc*,29.0,2TM,AL,0.0,2.0,0.0,0.0,0.0,0.0,0.0,0.0,0.0,0.0,0.0,0.0,0.0,0.0,,,,,,,,0.0,0.0,0.0,0.0,0.0,0.0,1,
Wade LeBlanc*,29.0,LAA,AL,0.0,1.0,0.0,0.0,0.0,0.0,0.0,0.0,0.0,0.0,0.0,0.0,0.0,0.0,,,,,,,,0.0,0.0,0.0,0.0,0.0,0.0,1,
Wade LeBlanc*,29.0,NYY,AL,0.0,1.0,0.0,0.0,0.0,0.0,0.0,0.0,0.0,0.0,0.0,0.0,0.0,0.0,,,,,,,,0.0,0.0,0.0,0.0,0.0,0.0,/1,
Wade Miley*,27.0,ARI,NL,0.1,31.0,69.0,57.0,3.0,9.0,0.0,0.0,0.0,1.0,0.0,0.0,3.0,14.0,0.158,0.2,0.158,0.358,2.0,0.169,-35.0,9.0,0.0,0.0,9.0,0.0,0.0,1,
Wandy Rodríguez#,35.0,PIT,NL,0.0,6.0,8.0,8.0,0.0,2.0,0.0,0.0,0.0,0.0,0.0,0.0,0.0,2.0,0.25,0.25,0.25,0.5,42.0,0.214,18.0,2.0,0.0,0.0,0.0,0.0,0.0,/1,
Wei-Chung Wang*,22.0,MIL,NL,0.0,14.0,0.0,0.0,0.0,0.0,0.0,0.0,0.0,0.0,0.0,0.0,0.0,0.0,,,,,,,,0.0,0.0,0.0,0.0,0.0,0.0,1,
Wei-Yin Chen,28.0,BAL,AL,0.0,1.0,1.0,1.0,0.0,0.0,0.0,0.0,0.0,0.0,0.0,0.0,0.0,1.0,0.0,0.0,0.0,0.0,-100.0,0.0,-136.0,0.0,0.0,0.0,0.0,0.0,0.0,1,
Welington Castillo,27.0,CHC,NL,1.3,110.0,417.0,380.0,28.0,90.0,19.0,0.0,13.0,46.0,0.0,0.0,26.0,102.0,0.237,0.296,0.389,0.686,89.0,0.316,92.0,148.0,7.0,7.0,2.0,2.0,0.0,2/H,
Wesley Wright,29.0,CHC,NL,0.0,53.0,0.0,0.0,0.0,0.0,0.0,0.0,0.0,0.0,0.0,0.0,0.0,0.0,,,,,,,,0.0,0.0,0.0,0.0,0.0,0.0,1,
Wil Myers,23.0,TBR,AL,-0.9,87.0,361.0,325.0,37.0,72.0,14.0,0.0,6.0,35.0,6.0,1.0,34.0,90.0,0.222,0.294,0.32,0.614,77.0,0.284,73.0,104.0,10.0,0.0,0.0,2.0,3.0,9/DH38,
Wil Nieves,36.0,PHI,NL,0.6,36.0,128.0,122.0,9.0,31.0,8.0,0.0,1.0,7.0,1.0,0.0,1.0,34.0,0.254,0.27,0.344,0.614,71.0,0.282,66.0,42.0,2.0,2.0,2.0,1.0,0.0,2/3H,
Wilfredo Tovar,22.0,NYM,NL,-0.1,2.0,3.0,3.0,0.0,0.0,0.0,0.0,0.0,0.0,0.0,0.0,0.0,0.0,0.0,0.0,0.0,0.0,-100.0,0.0,-135.0,0.0,0.0,0.0,0.0,0.0,0.0,/6H,
Wilin Rosario,25.0,COL,NL,-0.3,106.0,410.0,382.0,46.0,102.0,25.0,0.0,13.0,54.0,1.0,0.0,23.0,70.0,0.267,0.305,0.435,0.739,93.0,0.327,88.0,166.0,17.0,0.0,0.0,5.0,5.0,2/H3,
Wilking Rodríguez,24.0,KCR,AL,0.0,1.0,0.0,0.0,0.0,0.0,0.0,0.0,0.0,0.0,0.0,0.0,0.0,0.0,,,,,,,,0.0,0.0,0.0,0.0,0.0,0.0,/1,
Will Harris,29.0,ARI,NL,0.0,27.0,0.0,0.0,0.0,0.0,0.0,0.0,0.0,0.0,0.0,0.0,0.0,0.0,,,,,,,,0.0,0.0,0.0,0.0,0.0,0.0,1,
Will Middlebrooks,25.0,BOS,AL,-1.4,63.0,234.0,215.0,14.0,41.0,10.0,0.0,2.0,19.0,1.0,1.0,15.0,70.0,0.191,0.256,0.265,0.522,46.0,0.238,36.0,57.0,7.0,4.0,0.0,0.0,1.0,5/H3,
Will Smith,24.0,MIL,NL,0.0,72.0,0.0,0.0,0.0,0.0,0.0,0.0,0.0,0.0,0.0,0.0,0.0,0.0,,,,,,,,0.0,0.0,0.0,0.0,0.0,0.0,1,
Will Venable*,31.0,SDP,NL,1.1,146.0,448.0,406.0,47.0,91.0,13.0,2.0,8.0,33.0,11.0,6.0,33.0,107.0,0.224,0.288,0.325,0.613,78.0,0.281,77.0,132.0,6.0,4.0,3.0,2.0,2.0,*89H/7,
Willie Bloomquist,36.0,SEA,AL,0.2,47.0,139.0,133.0,15.0,37.0,6.0,0.0,1.0,14.0,1.0,1.0,4.0,32.0,0.278,0.297,0.346,0.643,86.0,0.279,75.0,46.0,1.0,0.0,1.0,1.0,1.0,64H/35D79,
Wilmer Flores,22.0,NYM,NL,0.5,78.0,274.0,259.0,28.0,65.0,13.0,1.0,6.0,29.0,1.0,0.0,12.0,31.0,0.251,0.286,0.378,0.664,90.0,0.301,89.0,98.0,6.0,1.0,1.0,1.0,2.0,64/H5,
Wilson Ramos,26.0,WSN,NL,1.4,88.0,361.0,341.0,32.0,91.0,12.0,0.0,11.0,47.0,0.0,0.0,17.0,57.0,0.267,0.299,0.399,0.698,91.0,0.315,90.0,136.0,17.0,0.0,0.0,3.0,2.0,2/D,
Wilton López,30.0,COL,NL,0.0,4.0,0.0,0.0,0.0,0.0,0.0,0.0,0.0,0.0,0.0,0.0,0.0,0.0,,,,,,,,0.0,0.0,0.0,0.0,0.0,0.0,/1,
Wily Peralta,25.0,MIL,NL,-0.2,29.0,68.0,57.0,4.0,3.0,2.0,0.0,0.0,3.0,0.0,0.0,2.0,24.0,0.053,0.083,0.088,0.171,-52.0,0.126,-70.0,5.0,1.0,0.0,8.0,1.0,0.0,1,
Xander Bogaerts,21.0,BOS,AL,0.7,144.0,594.0,538.0,60.0,129.0,28.0,1.0,12.0,46.0,2.0,3.0,39.0,138.0,0.24,0.297,0.362,0.66,84.0,0.3,82.0,195.0,11.0,8.0,2.0,7.0,1.0,65/H,
Xavier Cedeño*,27.0,WSN,NL,0.0,9.0,0.0,0.0,0.0,0.0,0.0,0.0,0.0,0.0,0.0,0.0,0.0,0.0,,,,,,,,0.0,0.0,0.0,0.0,0.0,0.0,/1,
Xavier Nady,35.0,SDP,NL,-0.2,22.0,42.0,37.0,4.0,5.0,1.0,0.0,3.0,4.0,0.0,0.0,5.0,9.0,0.135,0.238,0.405,0.644,83.0,0.287,81.0,15.0,4.0,0.0,0.0,0.0,0.0,H/973,
Xavier Paul*,29.0,ARI,NL,-0.4,14.0,21.0,20.0,2.0,2.0,0.0,0.0,0.0,0.0,0.0,0.0,1.0,8.0,0.1,0.143,0.1,0.243,-31.0,0.091,-85.0,2.0,0.0,0.0,0.0,0.0,1.0,H/7,
Xavier Scruggs,26.0,STL,NL,0.1,9.0,18.0,15.0,0.0,3.0,1.0,0.0,0.0,2.0,0.0,0.0,2.0,7.0,0.2,0.333,0.267,0.6,72.0,0.283,70.0,4.0,0.0,1.0,0.0,0.0,0.0,/3H,
Yadier Molina,31.0,STL,NL,3.2,110.0,445.0,404.0,40.0,114.0,21.0,0.0,7.0,38.0,1.0,1.0,28.0,55.0,0.282,0.333,0.386,0.719,102.0,0.317,96.0,156.0,14.0,6.0,1.0,6.0,4.0,2/D3H,"AS,GG"
Yan Gomes,26.0,CLE,AL,4.1,135.0,518.0,485.0,61.0,135.0,25.0,3.0,21.0,74.0,0.0,0.0,24.0,120.0,0.278,0.313,0.472,0.785,117.0,0.348,117.0,229.0,13.0,3.0,0.0,6.0,3.0,*2/DH,SS
Yangervis Solarte#,26.0,2TM,2LG,1.4,131.0,535.0,469.0,56.0,122.0,19.0,1.0,10.0,48.0,0.0,1.0,53.0,58.0,0.26,0.336,0.369,0.705,103.0,0.322,104.0,173.0,13.0,4.0,3.0,6.0,1.0,*54/67H,
Yangervis Solarte#,26.0,NYY,AL,0.9,75.0,289.0,252.0,26.0,64.0,14.0,0.0,6.0,31.0,0.0,0.0,30.0,34.0,0.254,0.337,0.381,0.718,104.0,0.329,106.0,96.0,8.0,3.0,1.0,3.0,0.0,54/6H,
Yangervis Solarte#,26.0,SDP,NL,0.5,56.0,246.0,217.0,30.0,58.0,5.0,1.0,4.0,17.0,0.0,1.0,23.0,24.0,0.267,0.336,0.355,0.691,102.0,0.312,102.0,77.0,5.0,1.0,2.0,3.0,1.0,54/76H,
Yasiel Puig,23.0,LAD,NL,4.9,148.0,640.0,558.0,92.0,165.0,37.0,9.0,16.0,69.0,11.0,7.0,67.0,124.0,0.296,0.382,0.48,0.863,145.0,0.385,151.0,268.0,7.0,12.0,2.0,1.0,3.0,*98/HD,"AS,MVP-19"
Yasmani Grandal#,25.0,SDP,NL,1.1,128.0,443.0,377.0,47.0,85.0,19.0,1.0,15.0,49.0,3.0,0.0,58.0,115.0,0.225,0.327,0.401,0.728,111.0,0.334,115.0,151.0,7.0,2.0,0.0,6.0,1.0,23H/D,
Yimi García,23.0,LAD,NL,0.0,8.0,1.0,1.0,0.0,0.0,0.0,0.0,0.0,0.0,0.0,0.0,0.0,0.0,0.0,0.0,0.0,0.0,-100.0,0.0,-140.0,0.0,0.0,0.0,0.0,0.0,0.0,/1,
Yoenis Céspedes,28.0,2TM,AL,4.4,152.0,645.0,600.0,89.0,156.0,36.0,6.0,22.0,100.0,7.0,2.0,35.0,128.0,0.26,0.301,0.45,0.751,110.0,0.338,112.0,270.0,13.0,3.0,0.0,7.0,3.0,*7D/8H,AS
Yoenis Céspedes,28.0,OAK,AL,2.9,101.0,432.0,399.0,62.0,102.0,26.0,3.0,17.0,67.0,3.0,2.0,28.0,80.0,0.256,0.303,0.464,0.767,116.0,0.34,117.0,185.0,8.0,1.0,0.0,4.0,3.0,7D/8H,
Yoenis Céspedes,28.0,BOS,AL,1.5,51.0,213.0,201.0,27.0,54.0,10.0,3.0,5.0,33.0,4.0,0.0,7.0,48.0,0.269,0.296,0.423,0.719,98.0,0.336,104.0,85.0,5.0,2.0,0.0,3.0,0.0,7/DH,
Yoervis Medina,25.0,SEA,AL,0.0,4.0,0.0,0.0,0.0,0.0,0.0,0.0,0.0,0.0,0.0,0.0,0.0,0.0,,,,,,,,0.0,0.0,0.0,0.0,0.0,0.0,1,
Yohan Flande*,28.0,COL,NL,0.0,16.0,17.0,12.0,0.0,1.0,0.0,0.0,0.0,1.0,0.0,0.0,1.0,6.0,0.083,0.154,0.083,0.237,-35.0,0.185,-53.0,1.0,0.0,0.0,4.0,0.0,0.0,1,
Yolmer Sánchez#,22.0,CHW,AL,-0.4,28.0,104.0,100.0,6.0,25.0,5.0,0.0,0.0,5.0,1.0,1.0,3.0,25.0,0.25,0.269,0.3,0.569,64.0,0.268,66.0,30.0,1.0,0.0,0.0,1.0,0.0,4/6H,
Yonder Alonso*,27.0,SDP,NL,1.3,84.0,288.0,267.0,27.0,64.0,19.0,1.0,7.0,27.0,6.0,1.0,17.0,36.0,0.24,0.285,0.397,0.682,96.0,0.31,96.0,106.0,8.0,1.0,0.0,3.0,1.0,3/H5,
Yordano Ventura,23.0,KCR,AL,0.0,2.0,5.0,4.0,1.0,1.0,0.0,0.0,0.0,0.0,0.0,0.0,0.0,3.0,0.25,0.25,0.25,0.5,41.0,0.227,7.0,1.0,0.0,0.0,1.0,0.0,0.0,1,ROY-6
Yorman Rodríguez,21.0,CIN,NL,-0.2,11.0,29.0,27.0,3.0,6.0,0.0,0.0,0.0,2.0,0.0,1.0,1.0,12.0,0.222,0.276,0.222,0.498,42.0,0.213,30.0,6.0,0.0,1.0,0.0,0.0,0.0,/9H78,
Yovani Gallardo,28.0,MIL,NL,-0.3,31.0,60.0,54.0,1.0,6.0,1.0,0.0,0.0,1.0,0.0,0.0,1.0,18.0,0.111,0.127,0.13,0.257,-28.0,0.117,-72.0,7.0,1.0,0.0,5.0,0.0,0.0,1/H,
Yu Darvish,27.0,TEX,AL,0.0,2.0,5.0,5.0,0.0,1.0,1.0,0.0,0.0,0.0,0.0,0.0,0.0,2.0,0.2,0.2,0.4,0.6,63.0,0.255,47.0,2.0,0.0,0.0,0.0,0.0,0.0,1,AS
Yunel Escobar,31.0,TBR,AL,-0.2,137.0,529.0,476.0,33.0,123.0,18.0,0.0,7.0,39.0,1.0,1.0,43.0,60.0,0.258,0.324,0.34,0.664,92.0,0.309,94.0,162.0,15.0,4.0,4.0,2.0,3.0,*6/H7,
Yusmeiro Petit,29.0,SFG,NL,-0.2,36.0,27.0,25.0,2.0,1.0,0.0,0.0,0.0,0.0,0.0,0.0,1.0,13.0,0.04,0.077,0.04,0.117,-65.0,0.058,-101.0,1.0,0.0,0.0,1.0,0.0,0.0,1,
Zac Rosscup,26.0,CHC,NL,0.0,15.0,0.0,0.0,0.0,0.0,0.0,0.0,0.0,0.0,0.0,0.0,0.0,0.0,,,,,,,,0.0,0.0,0.0,0.0,0.0,0.0,1,
Zach Duke*,31.0,MIL,NL,0.0,67.0,2.0,1.0,0.0,0.0,0.0,0.0,0.0,0.0,0.0,0.0,0.0,1.0,0.0,0.0,0.0,0.0,-100.0,0.0,-400.0,0.0,0.0,0.0,1.0,0.0,0.0,1,
Zach McAllister,26.0,CLE,AL,0.0,1.0,2.0,2.0,0.0,1.0,0.0,0.0,0.0,0.0,0.0,0.0,0.0,0.0,0.5,0.5,0.5,1.0,182.0,0.454,195.0,1.0,1.0,0.0,0.0,0.0,0.0,1,
Zach Putnam,26.0,CHW,AL,0.0,4.0,0.0,0.0,0.0,0.0,0.0,0.0,0.0,0.0,0.0,0.0,0.0,0.0,,,,,,,,0.0,0.0,0.0,0.0,0.0,0.0,1,
Zach Walters#,24.0,2TM,2LG,0.2,62.0,137.0,127.0,16.0,23.0,3.0,0.0,10.0,17.0,0.0,0.0,9.0,48.0,0.181,0.241,0.441,0.682,86.0,0.305,84.0,56.0,0.0,1.0,0.0,0.0,0.0,HD/74569,
Zach Walters#,24.0,WSN,NL,0.4,32.0,43.0,39.0,7.0,8.0,1.0,0.0,3.0,5.0,0.0,0.0,4.0,16.0,0.205,0.279,0.462,0.741,101.0,0.349,115.0,18.0,0.0,0.0,0.0,0.0,0.0,H/5647D,
Zach Walters#,24.0,CLE,AL,-0.2,30.0,94.0,88.0,9.0,15.0,2.0,0.0,7.0,12.0,0.0,0.0,5.0,32.0,0.17,0.223,0.432,0.655,79.0,0.285,71.0,38.0,0.0,1.0,0.0,0.0,0.0,D/74H9,
Zack Britton*,26.0,BAL,AL,0.0,3.0,0.0,0.0,0.0,0.0,0.0,0.0,0.0,0.0,0.0,0.0,0.0,0.0,,,,,,,,0.0,0.0,0.0,0.0,0.0,0.0,1,
Zack Cozart,28.0,CIN,NL,1.9,147.0,543.0,506.0,48.0,112.0,18.0,5.0,4.0,38.0,7.0,0.0,25.0,79.0,0.221,0.268,0.3,0.568,60.0,0.268,56.0,152.0,13.0,7.0,5.0,0.0,3.0,*6/H,
Zack Greinke,30.0,LAD,NL,0.8,29.0,69.0,60.0,5.0,12.0,6.0,0.0,1.0,3.0,0.0,0.0,5.0,11.0,0.2,0.262,0.35,0.612,73.0,0.274,65.0,21.0,0.0,0.0,4.0,0.0,0.0,1,"AS,CYA-7,GG"
Zack Wheeler*,24.0,NYM,NL,-0.3,32.0,63.0,50.0,1.0,4.0,1.0,0.0,0.0,3.0,0.0,0.0,1.0,24.0,0.08,0.098,0.1,0.198,-43.0,0.11,-90.0,5.0,0.0,0.0,12.0,0.0,0.0,1/H,
Zeke Spruill#,24.0,ARI,NL,0.1,5.0,5.0,5.0,0.0,1.0,1.0,0.0,0.0,0.0,0.0,0.0,0.0,1.0,0.2,0.2,0.4,0.6,62.0,0.256,48.0,2.0,0.0,0.0,0.0,0.0,0.0,/1,
Zelous Wheeler,27.0,NYY,AL,0.0,29.0,62.0,57.0,6.0,11.0,0.0,0.0,2.0,5.0,0.0,0.0,2.0,12.0,0.193,0.23,0.298,0.528,49.0,0.231,33.0,17.0,1.0,1.0,1.0,1.0,0.0,5/9H7D,
Zoilo Almonte#,25.0,NYY,AL,-0.4,13.0,36.0,36.0,2.0,5.0,0.0,0.0,1.0,3.0,1.0,0.0,0.0,14.0,0.139,0.139,0.222,0.361,1.0,0.192,-1.0,8.0,1.0,0.0,0.0,0.0,0.0,/79HD,
Álex González,37.0,DET,AL,-0.5,9.0,32.0,30.0,4.0,5.0,0.0,1.0,0.0,2.0,0.0,0.0,2.0,4.0,0.167,0.219,0.233,0.452,28.0,0.261,55.0,7.0,2.0,0.0,0.0,0.0,0.0,/65,
Álex Guerrero,27.0,LAD,NL,-0.3,11.0,13.0,13.0,0.0,1.0,0.0,0.0,0.0,0.0,0.0,0.0,0.0,6.0,0.077,0.077,0.077,0.154,-56.0,0.07,-85.0,1.0,0.0,0.0,0.0,0.0,0.0,/H7,
Álex Ríos,33.0,TEX,AL,0.3,131.0,521.0,492.0,54.0,138.0,30.0,8.0,4.0,54.0,17.0,9.0,23.0,93.0,0.28,0.311,0.398,0.709,97.0,0.314,91.0,196.0,19.0,1.0,0.0,5.0,3.0,*9D/H,
Álex Torres*,26.0,SDP,NL,0.0,67.0,1.0,1.0,0.0,0.0,0.0,0.0,0.0,0.0,0.0,0.0,0.0,1.0,0.0,0.0,0.0,0.0,-100.0,0.0,-140.0,0.0,0.0,0.0,0.0,0.0,0.0,1,
Ángel Pagán#,32.0,SFG,NL,1.4,96.0,413.0,383.0,56.0,115.0,21.0,2.0,3.0,27.0,16.0,6.0,25.0,53.0,0.3,0.342,0.389,0.731,110.0,0.336,113.0,149.0,5.0,1.0,1.0,3.0,1.0,8/H,
Érik Bédard*,35.0,TBR,AL,0.0,1.0,0.0,0.0,0.0,0.0,0.0,0.0,0.0,0.0,0.0,0.0,0.0,0.0,,,,,,,,0.0,0.0,0.0,0.0,0.0,0.0,1,
Óliver Pérez*,32.0,ARI,NL,0.0,65.0,0.0,0.0,0.0,0.0,0.0,0.0,0.0,0.0,0.0,0.0,0.0,0.0,,,,,,,,0.0,0.0,0.0,0.0,0.0,0.0,1,
Óscar Taveras*,22.0,STL,NL,-1.2,80.0,248.0,234.0,18.0,56.0,8.0,0.0,3.0,22.0,0.0,1.0,12.0,37.0,0.239,0.278,0.312,0.59,66.0,0.279,68.0,73.0,10.0,1.0,0.0,1.0,0.0,9H/8,
