Player,Age,Team,Lg,WAR,G,PA,AB,R,H,2B,3B,HR,RBI,SB,CS,BB,SO,BA,OBP,SLG,OPS,OPS+,rOBA,Rbat+,TB,GIDP,HBP,SH,SF,IBB,Pos,Awards
A.J. Cole,25.0,WSN,NL,0.1,11.0,16.0,14.0,0.0,2.0,0.0,0.0,0.0,0.0,0.0,0.0,2.0,5.0,0.143,0.25,0.143,0.393,6.0,0.199,-3.0,2.0,0.0,0.0,0.0,0.0,0.0,1,
A.J. Ellis,36.0,MIA,NL,0.6,51.0,163.0,143.0,17.0,30.0,5.0,0.0,6.0,14.0,0.0,0.0,12.0,29.0,0.21,0.298,0.371,0.669,82.0,0.299,84.0,53.0,6.0,6.0,2.0,0.0,0.0,2H,
A.J. Griffin,29.0,TEX,AL,0.0,3.0,6.0,5.0,0.0,0.0,0.0,0.0,0.0,0.0,0.0,0.0,1.0,5.0,0.0,0.167,0.0,0.167,-51.0,0.116,-63.0,0.0,0.0,0.0,0.0,0.0,0.0,1,
A.J. Jiménez,27.0,TEX,AL,-0.3,7.0,13.0,12.0,0.0,1.0,0.0,0.0,0.0,0.0,0.0,0.0,0.0,7.0,0.083,0.083,0.083,0.167,-57.0,0.074,-110.0,1.0,1.0,0.0,1.0,0.0,0.0,/2HD,
A.J. Minter*,23.0,ATL,NL,0.0,16.0,0.0,0.0,0.0,0.0,0.0,0.0,0.0,0.0,0.0,0.0,0.0,0.0,,,,,,,,0.0,0.0,0.0,0.0,0.0,0.0,1,
A.J. Schugel,28.0,PIT,NL,0.0,30.0,2.0,1.0,0.0,0.0,0.0,0.0,0.0,0.0,0.0,0.0,1.0,0.0,0.0,0.5,0.0,0.5,52.0,0.349,113.0,0.0,0.0,0.0,0.0,0.0,0.0,1,
Aaron Altherr,26.0,PHI,NL,1.9,107.0,412.0,372.0,58.0,101.0,24.0,5.0,19.0,65.0,5.0,4.0,32.0,104.0,0.272,0.34,0.516,0.856,122.0,0.366,125.0,192.0,12.0,7.0,0.0,1.0,2.0,798/H,
Aaron Blair,25.0,ATL,NL,0.1,1.0,2.0,1.0,0.0,1.0,0.0,0.0,0.0,0.0,0.0,0.0,1.0,0.0,1.0,1.0,1.0,2.0,429.0,0.797,425.0,1.0,0.0,0.0,0.0,0.0,0.0,/1,
Aaron Bummer*,23.0,CHW,AL,0.0,2.0,0.0,0.0,0.0,0.0,0.0,0.0,0.0,0.0,0.0,0.0,0.0,0.0,,,,,,,,0.0,0.0,0.0,0.0,0.0,0.0,1,
Aaron Hicks#,27.0,NYY,AL,3.9,88.0,361.0,301.0,54.0,80.0,18.0,0.0,15.0,52.0,10.0,5.0,51.0,67.0,0.266,0.372,0.475,0.847,122.0,0.361,119.0,143.0,8.0,3.0,1.0,5.0,0.0,879H,
Aaron Hill,35.0,SFG,NL,-0.9,34.0,80.0,68.0,7.0,9.0,2.0,1.0,1.0,7.0,0.0,0.0,11.0,13.0,0.132,0.25,0.235,0.485,30.0,0.237,30.0,16.0,2.0,0.0,0.0,1.0,0.0,H/457,
Aaron Judge,25.0,NYY,AL,8.1,155.0,678.0,542.0,128.0,154.0,24.0,3.0,52.0,114.0,9.0,4.0,127.0,208.0,0.284,0.422,0.627,1.049,171.0,0.435,172.0,340.0,15.0,5.0,0.0,4.0,11.0,*9D/H,"AS,MVP-2,ROY-1,SS"
Aaron Loup*,29.0,TOR,AL,0.0,5.0,0.0,0.0,0.0,0.0,0.0,0.0,0.0,0.0,0.0,0.0,0.0,0.0,,,,,,,,0.0,0.0,0.0,0.0,0.0,0.0,1,
Aaron Nola,24.0,PHI,NL,-0.2,25.0,54.0,48.0,3.0,4.0,0.0,0.0,0.0,1.0,0.0,0.0,4.0,25.0,0.083,0.154,0.083,0.237,-34.0,0.121,-59.0,4.0,0.0,0.0,2.0,0.0,0.0,1,
Aaron Wilkerson,28.0,MIL,NL,-0.1,3.0,4.0,4.0,0.0,0.0,0.0,0.0,0.0,0.0,0.0,0.0,0.0,1.0,0.0,0.0,0.0,0.0,-100.0,0.0,-145.0,0.0,0.0,0.0,0.0,0.0,0.0,/1,
Abraham Almonte#,28.0,CLE,AL,0.0,69.0,195.0,172.0,26.0,40.0,8.0,3.0,3.0,14.0,2.0,1.0,20.0,46.0,0.233,0.314,0.366,0.681,78.0,0.307,77.0,63.0,2.0,1.0,1.0,1.0,0.0,97H/8D,
Adalberto Mondesí#,21.0,KCR,AL,-0.7,25.0,60.0,53.0,4.0,9.0,1.0,0.0,1.0,3.0,5.0,2.0,3.0,22.0,0.17,0.214,0.245,0.46,23.0,0.223,14.0,13.0,2.0,0.0,4.0,0.0,0.0,4/6HD,
Adam Conley*,27.0,MIA,NL,0.0,20.0,32.0,24.0,3.0,3.0,0.0,0.0,0.0,0.0,0.0,0.0,2.0,14.0,0.125,0.192,0.125,0.317,-10.0,0.157,-45.0,3.0,0.0,0.0,6.0,0.0,0.0,1,
Adam Duvall,28.0,CIN,NL,2.1,157.0,647.0,587.0,78.0,146.0,37.0,3.0,31.0,99.0,5.0,3.0,39.0,170.0,0.249,0.301,0.48,0.782,99.0,0.336,99.0,282.0,11.0,10.0,0.0,11.0,1.0,*7/H3D,
Adam Eaton*,28.0,WSN,NL,0.3,23.0,107.0,91.0,24.0,27.0,7.0,1.0,2.0,13.0,3.0,1.0,14.0,18.0,0.297,0.393,0.462,0.854,120.0,0.397,138.0,42.0,0.0,1.0,0.0,1.0,0.0,8/79H,
Adam Engel,25.0,CHW,AL,-0.7,97.0,336.0,301.0,34.0,50.0,11.0,3.0,6.0,21.0,8.0,1.0,19.0,117.0,0.166,0.235,0.282,0.517,40.0,0.251,42.0,85.0,1.0,8.0,8.0,0.0,0.0,8/H7,
Adam Frazier*,25.0,PIT,NL,1.1,121.0,454.0,406.0,55.0,112.0,20.0,6.0,6.0,53.0,9.0,5.0,36.0,57.0,0.276,0.344,0.399,0.743,97.0,0.333,102.0,162.0,9.0,8.0,1.0,3.0,2.0,74H9/856D,
Adam Jones,31.0,BAL,AL,2.4,147.0,635.0,597.0,82.0,170.0,28.0,1.0,26.0,73.0,2.0,1.0,27.0,113.0,0.285,0.322,0.466,0.787,110.0,0.348,116.0,278.0,18.0,7.0,1.0,3.0,1.0,*8,
Adam Kolarek*,28.0,TBR,AL,0.0,2.0,0.0,0.0,0.0,0.0,0.0,0.0,0.0,0.0,0.0,0.0,0.0,0.0,,,,,,,,0.0,0.0,0.0,0.0,0.0,0.0,1,
Adam Liberatore*,30.0,LAD,NL,0.0,4.0,0.0,0.0,0.0,0.0,0.0,0.0,0.0,0.0,0.0,0.0,0.0,0.0,,,,,,,,0.0,0.0,0.0,0.0,0.0,0.0,/1,
Adam Lind*,33.0,WSN,NL,1.0,116.0,301.0,267.0,39.0,81.0,14.0,0.0,14.0,59.0,1.0,0.0,28.0,47.0,0.303,0.362,0.513,0.875,122.0,0.372,122.0,137.0,6.0,0.0,0.0,6.0,5.0,H37/D,
Adam Morgan*,27.0,PHI,NL,0.1,36.0,3.0,2.0,0.0,1.0,0.0,0.0,0.0,0.0,0.0,0.0,1.0,1.0,0.5,0.667,0.5,1.167,217.0,0.531,243.0,1.0,0.0,0.0,0.0,0.0,0.0,1,
Adam Ottavino#,31.0,COL,NL,0.0,59.0,0.0,0.0,0.0,0.0,0.0,0.0,0.0,0.0,0.0,0.0,0.0,0.0,,,,,,,,0.0,0.0,0.0,0.0,0.0,0.0,1,
Adam Rosales,34.0,2TM,2LG,-0.7,105.0,312.0,289.0,25.0,65.0,16.0,0.0,7.0,36.0,1.0,2.0,11.0,100.0,0.225,0.26,0.353,0.613,62.0,0.267,56.0,102.0,6.0,4.0,4.0,4.0,1.0,65H4/37D,
Adam Rosales,34.0,OAK,AL,0.0,71.0,223.0,205.0,15.0,48.0,11.0,0.0,4.0,27.0,1.0,1.0,10.0,66.0,0.234,0.273,0.346,0.619,68.0,0.278,68.0,71.0,2.0,2.0,3.0,3.0,0.0,6/4H57D,
Adam Rosales,34.0,ARI,NL,-0.7,34.0,89.0,84.0,10.0,17.0,5.0,0.0,3.0,9.0,0.0,1.0,1.0,34.0,0.202,0.227,0.369,0.596,48.0,0.241,26.0,31.0,4.0,2.0,1.0,1.0,1.0,56/H34,
Adam Wainwright,35.0,STL,NL,0.6,24.0,50.0,42.0,7.0,11.0,2.0,0.0,2.0,11.0,0.0,0.0,1.0,15.0,0.262,0.279,0.452,0.731,89.0,0.309,80.0,19.0,2.0,0.0,7.0,0.0,0.0,1/H,SS
Adam Warren,29.0,NYY,AL,0.0,4.0,0.0,0.0,0.0,0.0,0.0,0.0,0.0,0.0,0.0,0.0,0.0,0.0,,,,,,,,0.0,0.0,0.0,0.0,0.0,0.0,1,
Adam Wilk*,29.0,NYM,NL,0.0,1.0,1.0,1.0,0.0,0.0,0.0,0.0,0.0,0.0,0.0,0.0,0.0,0.0,0.0,0.0,0.0,0.0,-100.0,0.0,-133.0,0.0,0.0,0.0,0.0,0.0,0.0,/1,
Addison Reed*,28.0,2TM,2LG,0.0,48.0,0.0,0.0,0.0,0.0,0.0,0.0,0.0,0.0,0.0,0.0,0.0,0.0,,,,,,,,0.0,0.0,0.0,0.0,0.0,0.0,1,
Addison Reed*,28.0,NYM,NL,0.0,46.0,0.0,0.0,0.0,0.0,0.0,0.0,0.0,0.0,0.0,0.0,0.0,0.0,,,,,,,,0.0,0.0,0.0,0.0,0.0,0.0,1,
Addison Reed*,28.0,BOS,AL,0.0,2.0,0.0,0.0,0.0,0.0,0.0,0.0,0.0,0.0,0.0,0.0,0.0,0.0,,,,,,,,0.0,0.0,0.0,0.0,0.0,0.0,1,
Addison Russell,23.0,CHC,NL,2.1,110.0,385.0,352.0,52.0,84.0,21.0,3.0,12.0,43.0,2.0,1.0,29.0,91.0,0.239,0.304,0.418,0.722,84.0,0.312,79.0,147.0,5.0,4.0,0.0,0.0,5.0,6H,
Adeiny Hechavarría,28.0,2TM,2LG,0.3,97.0,348.0,330.0,37.0,86.0,14.0,5.0,8.0,30.0,4.0,1.0,13.0,67.0,0.261,0.289,0.406,0.695,87.0,0.303,84.0,134.0,7.0,1.0,2.0,2.0,1.0,6/H,
Adeiny Hechavarría,28.0,MIA,NL,0.2,20.0,67.0,65.0,8.0,18.0,2.0,1.0,1.0,6.0,0.0,0.0,1.0,9.0,0.277,0.288,0.385,0.672,82.0,0.298,83.0,25.0,1.0,0.0,1.0,0.0,0.0,6/H,
Adeiny Hechavarría,28.0,TBR,AL,0.1,77.0,281.0,265.0,29.0,68.0,12.0,4.0,7.0,24.0,4.0,1.0,12.0,58.0,0.257,0.289,0.411,0.701,88.0,0.304,84.0,109.0,6.0,1.0,1.0,2.0,1.0,6/H,
Adonis García,32.0,ATL,NL,-0.5,52.0,183.0,173.0,19.0,41.0,4.0,0.0,5.0,19.0,4.0,0.0,7.0,23.0,0.237,0.273,0.347,0.62,61.0,0.298,69.0,60.0,9.0,2.0,0.0,1.0,0.0,5H/7,
Adrian Beltré,38.0,TEX,AL,3.6,94.0,389.0,340.0,47.0,106.0,22.0,1.0,17.0,71.0,1.0,0.0,39.0,52.0,0.312,0.383,0.532,0.915,132.0,0.39,134.0,181.0,7.0,4.0,0.0,6.0,2.0,5D/H,
Adrián González*,35.0,LAD,NL,-1.0,71.0,252.0,231.0,14.0,56.0,17.0,0.0,3.0,30.0,0.0,1.0,16.0,43.0,0.242,0.287,0.355,0.642,70.0,0.277,63.0,82.0,7.0,0.0,0.0,4.0,1.0,3H,
Adrián Sanchez,26.0,WSN,NL,0.3,34.0,75.0,71.0,6.0,19.0,7.0,0.0,0.0,11.0,0.0,2.0,1.0,25.0,0.268,0.288,0.366,0.654,67.0,0.281,65.0,26.0,2.0,1.0,2.0,0.0,0.0,H4/65,
AJ Pollock,29.0,ARI,NL,2.9,112.0,466.0,425.0,73.0,113.0,33.0,6.0,14.0,49.0,20.0,6.0,35.0,71.0,0.266,0.33,0.471,0.801,100.0,0.357,105.0,200.0,8.0,6.0,0.0,0.0,1.0,*8/HD,
AJ Ramos,30.0,2TM,NL,0.0,56.0,0.0,0.0,0.0,0.0,0.0,0.0,0.0,0.0,0.0,0.0,0.0,0.0,,,,,,,,0.0,0.0,0.0,0.0,0.0,0.0,1,
AJ Ramos,30.0,MIA,NL,0.0,37.0,0.0,0.0,0.0,0.0,0.0,0.0,0.0,0.0,0.0,0.0,0.0,0.0,,,,,,,,0.0,0.0,0.0,0.0,0.0,0.0,1,
AJ Ramos,30.0,NYM,NL,0.0,19.0,0.0,0.0,0.0,0.0,0.0,0.0,0.0,0.0,0.0,0.0,0.0,0.0,,,,,,,,0.0,0.0,0.0,0.0,0.0,0.0,1,
AJ Reed*,24.0,HOU,AL,-0.2,2.0,6.0,6.0,0.0,0.0,0.0,0.0,0.0,0.0,0.0,0.0,0.0,1.0,0.0,0.0,0.0,0.0,-100.0,0.0,-131.0,0.0,0.0,0.0,0.0,0.0,0.0,/3D,
Akeel Morris,24.0,ATL,NL,0.0,8.0,0.0,0.0,0.0,0.0,0.0,0.0,0.0,0.0,0.0,0.0,0.0,0.0,,,,,,,,0.0,0.0,0.0,0.0,0.0,0.0,/1,
Al Alburquerque,31.0,KCR,AL,0.0,1.0,0.0,0.0,0.0,0.0,0.0,0.0,0.0,0.0,0.0,0.0,0.0,0.0,,,,,,,,0.0,0.0,0.0,0.0,0.0,0.0,1,
Alan Busenitz,26.0,MIN,AL,0.0,3.0,0.0,0.0,0.0,0.0,0.0,0.0,0.0,0.0,0.0,0.0,0.0,0.0,,,,,,,,0.0,0.0,0.0,0.0,0.0,0.0,1,
Albert Almora,23.0,CHC,NL,1.4,132.0,323.0,299.0,39.0,89.0,18.0,1.0,8.0,46.0,1.0,0.0,19.0,53.0,0.298,0.338,0.445,0.782,100.0,0.346,103.0,133.0,8.0,0.0,3.0,2.0,1.0,8H/79,
Albert Pujols,37.0,LAA,AL,-2.0,149.0,636.0,593.0,53.0,143.0,17.0,0.0,23.0,101.0,3.0,0.0,37.0,93.0,0.241,0.286,0.386,0.672,80.0,0.288,72.0,229.0,26.0,2.0,0.0,4.0,5.0,*D/3H,
Albert Suárez,27.0,SFG,NL,0.0,17.0,2.0,2.0,0.0,0.0,0.0,0.0,0.0,0.0,0.0,0.0,0.0,0.0,0.0,0.0,0.0,0.0,-100.0,0.0,-138.0,0.0,0.0,0.0,0.0,0.0,0.0,1,
Alberto Rosario,30.0,STL,NL,-0.1,3.0,3.0,3.0,0.0,0.0,0.0,0.0,0.0,0.0,0.0,0.0,0.0,1.0,0.0,0.0,0.0,0.0,-100.0,0.0,-143.0,0.0,1.0,0.0,0.0,0.0,0.0,/H,
Alcides Escobar,30.0,KCR,AL,-0.6,162.0,629.0,599.0,71.0,150.0,36.0,5.0,6.0,54.0,4.0,7.0,15.0,102.0,0.25,0.272,0.357,0.629,66.0,0.276,63.0,214.0,14.0,4.0,7.0,4.0,1.0,*6,
Alec Asher,25.0,BAL,AL,0.0,2.0,1.0,1.0,0.0,0.0,0.0,0.0,0.0,0.0,0.0,0.0,0.0,0.0,0.0,0.0,0.0,0.0,-100.0,0.0,-133.0,0.0,0.0,0.0,0.0,0.0,0.0,1,
Aledmys Díaz,26.0,STL,NL,-0.2,79.0,301.0,286.0,31.0,74.0,17.0,0.0,7.0,20.0,4.0,1.0,13.0,42.0,0.259,0.29,0.392,0.682,78.0,0.295,71.0,112.0,9.0,0.0,1.0,1.0,1.0,6/H574,
Alejandro Chacín,24.0,CIN,NL,0.0,6.0,0.0,0.0,0.0,0.0,0.0,0.0,0.0,0.0,0.0,0.0,0.0,0.0,,,,,,,,0.0,0.0,0.0,0.0,0.0,0.0,/1,
Alejandro De Aza*,33.0,WSN,NL,-0.1,28.0,70.0,62.0,8.0,12.0,2.0,3.0,0.0,9.0,1.0,0.0,3.0,16.0,0.194,0.224,0.323,0.546,39.0,0.251,28.0,20.0,1.0,0.0,3.0,2.0,1.0,97H/8,
Alen Hanson#,24.0,2TM,2LG,-0.5,106.0,234.0,217.0,36.0,48.0,9.0,3.0,4.0,11.0,11.0,3.0,12.0,52.0,0.221,0.262,0.346,0.607,62.0,0.272,57.0,75.0,5.0,1.0,1.0,3.0,0.0,H498/7D56,
Alen Hanson#,24.0,PIT,NL,-0.3,37.0,59.0,57.0,8.0,11.0,0.0,2.0,0.0,1.0,2.0,1.0,2.0,9.0,0.193,0.22,0.263,0.483,28.0,0.211,13.0,15.0,0.0,0.0,0.0,0.0,0.0,H4/695,
Alen Hanson#,24.0,CHW,AL,-0.2,69.0,175.0,160.0,28.0,37.0,9.0,1.0,4.0,10.0,9.0,2.0,10.0,43.0,0.231,0.276,0.375,0.651,74.0,0.292,71.0,60.0,5.0,1.0,1.0,3.0,0.0,H948/7D5,
Alex Avila*,30.0,2TM,2LG,2.8,112.0,376.0,311.0,41.0,82.0,13.0,1.0,14.0,49.0,0.0,1.0,62.0,120.0,0.264,0.387,0.447,0.834,120.0,0.364,122.0,139.0,10.0,1.0,1.0,1.0,2.0,2H3/D,
Alex Avila*,30.0,DET,AL,2.1,77.0,264.0,219.0,30.0,60.0,11.0,0.0,11.0,32.0,0.0,1.0,43.0,80.0,0.274,0.394,0.475,0.869,131.0,0.375,133.0,104.0,6.0,1.0,0.0,1.0,2.0,23H/D,
Alex Avila*,30.0,CHC,NL,0.7,35.0,112.0,92.0,11.0,22.0,2.0,1.0,3.0,17.0,0.0,0.0,19.0,40.0,0.239,0.369,0.38,0.75,95.0,0.337,98.0,35.0,4.0,0.0,1.0,0.0,0.0,2/H3,
Alex Bregman,23.0,HOU,AL,4.3,155.0,626.0,556.0,88.0,158.0,39.0,5.0,19.0,71.0,17.0,5.0,55.0,97.0,0.284,0.352,0.475,0.827,125.0,0.359,126.0,264.0,15.0,7.0,1.0,7.0,2.0,*56/4HD,
Alex Cobb,29.0,TBR,AL,-0.1,2.0,6.0,6.0,0.0,0.0,0.0,0.0,0.0,0.0,0.0,0.0,0.0,4.0,0.0,0.0,0.0,0.0,-100.0,0.0,-132.0,0.0,0.0,0.0,0.0,0.0,0.0,1,
Alex Colomé,28.0,TBR,AL,0.0,6.0,0.0,0.0,0.0,0.0,0.0,0.0,0.0,0.0,0.0,0.0,0.0,0.0,,,,,,,,0.0,0.0,0.0,0.0,0.0,0.0,1,
Alex Gordon*,33.0,KCR,AL,-0.1,148.0,541.0,476.0,52.0,99.0,20.0,2.0,9.0,45.0,7.0,4.0,45.0,126.0,0.208,0.293,0.315,0.608,63.0,0.275,60.0,150.0,7.0,14.0,2.0,4.0,3.0,*78/H9,GG
Alex Mejia,26.0,STL,NL,-0.2,29.0,49.0,46.0,6.0,5.0,0.0,0.0,1.0,3.0,0.0,0.0,2.0,13.0,0.109,0.146,0.174,0.32,-16.0,0.182,-11.0,8.0,2.0,0.0,1.0,0.0,0.0,5/46H3,
Alex Meyer,27.0,LAA,AL,0.1,1.0,2.0,2.0,0.0,1.0,0.0,0.0,0.0,0.0,0.0,0.0,0.0,1.0,0.5,0.5,0.5,1.0,174.0,0.446,188.0,1.0,0.0,0.0,0.0,0.0,0.0,1,
Alex Presley*,31.0,DET,AL,0.1,71.0,264.0,245.0,30.0,77.0,10.0,3.0,3.0,20.0,5.0,0.0,15.0,49.0,0.314,0.354,0.416,0.77,105.0,0.343,105.0,102.0,5.0,0.0,3.0,0.0,0.0,987/HD,
Alex Verdugo*,21.0,LAD,NL,-0.4,15.0,25.0,23.0,1.0,4.0,0.0,0.0,1.0,1.0,0.0,1.0,2.0,4.0,0.174,0.24,0.304,0.544,44.0,0.219,34.0,7.0,1.0,0.0,0.0,0.0,0.0,/H879,
Alex Wilson,30.0,DET,AL,0.0,6.0,0.0,0.0,0.0,0.0,0.0,0.0,0.0,0.0,0.0,0.0,0.0,0.0,,,,,,,,0.0,0.0,0.0,0.0,0.0,0.0,1,
Alex Wimmers*,28.0,MIN,AL,0.0,1.0,0.0,0.0,0.0,0.0,0.0,0.0,0.0,0.0,0.0,0.0,0.0,0.0,,,,,,,,0.0,0.0,0.0,0.0,0.0,0.0,/1,
Alex Wood,26.0,LAD,NL,-0.4,27.0,58.0,52.0,1.0,3.0,0.0,0.0,0.0,4.0,0.0,0.0,2.0,29.0,0.058,0.093,0.058,0.15,-58.0,0.076,-97.0,3.0,1.0,0.0,4.0,0.0,0.0,1,"AS,CYA-9"
Alexi Amarista*,28.0,COL,NL,-1.2,96.0,176.0,168.0,22.0,40.0,10.0,0.0,3.0,19.0,1.0,0.0,7.0,38.0,0.238,0.269,0.351,0.62,51.0,0.271,37.0,59.0,5.0,0.0,1.0,0.0,0.0,H46/8975,
Allen Córdoba,21.0,SDP,NL,-0.5,100.0,227.0,202.0,17.0,42.0,2.0,2.0,4.0,15.0,2.0,2.0,18.0,54.0,0.208,0.282,0.297,0.579,56.0,0.256,49.0,60.0,2.0,4.0,0.0,3.0,1.0,7H6/8594,
Amed Rosario,21.0,NYM,NL,-0.4,46.0,170.0,165.0,16.0,41.0,4.0,4.0,4.0,10.0,7.0,3.0,3.0,49.0,0.248,0.271,0.394,0.665,76.0,0.281,66.0,65.0,3.0,2.0,0.0,0.0,0.0,6/H,
Amir Garrett,25.0,CIN,NL,-0.3,15.0,23.0,19.0,1.0,1.0,1.0,0.0,0.0,1.0,0.0,0.0,0.0,6.0,0.053,0.053,0.105,0.158,-60.0,0.065,-138.0,2.0,3.0,0.0,4.0,0.0,0.0,1,
Andre Ethier*,35.0,LAD,NL,-0.1,22.0,38.0,34.0,3.0,8.0,1.0,0.0,2.0,3.0,0.0,0.0,4.0,10.0,0.235,0.316,0.441,0.757,99.0,0.318,91.0,15.0,0.0,0.0,0.0,0.0,1.0,H/7,
Andrelton Simmons,27.0,LAA,AL,8.0,158.0,647.0,589.0,77.0,164.0,38.0,2.0,14.0,69.0,19.0,6.0,47.0,67.0,0.278,0.331,0.421,0.752,102.0,0.333,104.0,248.0,20.0,3.0,0.0,8.0,0.0,*6,"MVP-8,GG"
Andrew Albers,31.0,SEA,AL,0.2,1.0,3.0,1.0,0.0,1.0,0.0,0.0,0.0,1.0,0.0,0.0,0.0,0.0,1.0,1.0,1.0,2.0,453.0,0.799,1125.0,1.0,0.0,0.0,2.0,0.0,0.0,/1,
Andrew Bailey,33.0,LAA,AL,0.0,1.0,0.0,0.0,0.0,0.0,0.0,0.0,0.0,0.0,0.0,0.0,0.0,0.0,,,,,,,,0.0,0.0,0.0,0.0,0.0,0.0,/1,
Andrew Benintendi*,22.0,BOS,AL,3.0,151.0,658.0,573.0,84.0,155.0,26.0,1.0,20.0,90.0,20.0,5.0,70.0,112.0,0.271,0.352,0.424,0.776,103.0,0.338,98.0,243.0,16.0,6.0,1.0,8.0,7.0,*78/H,ROY-2
Andrew Cashner,30.0,TEX,AL,0.1,2.0,7.0,5.0,0.0,1.0,0.0,0.0,0.0,1.0,0.0,0.0,0.0,2.0,0.2,0.167,0.2,0.367,-6.0,0.282,50.0,1.0,0.0,0.0,1.0,1.0,0.0,1,
Andrew Chafin,27.0,ARI,NL,0.0,68.0,0.0,0.0,0.0,0.0,0.0,0.0,0.0,0.0,0.0,0.0,0.0,0.0,,,,,,,,0.0,0.0,0.0,0.0,0.0,0.0,1,
Andrew Knapp#,25.0,PHI,NL,0.4,56.0,204.0,171.0,26.0,44.0,8.0,1.0,3.0,13.0,1.0,0.0,31.0,56.0,0.257,0.368,0.368,0.736,96.0,0.327,94.0,63.0,5.0,0.0,0.0,2.0,4.0,2/H3D,
Andrew McCutchen,30.0,PIT,NL,3.1,156.0,650.0,570.0,94.0,159.0,30.0,2.0,28.0,88.0,11.0,5.0,73.0,116.0,0.279,0.363,0.486,0.849,123.0,0.365,124.0,277.0,10.0,4.0,0.0,3.0,5.0,*89/DH,
Andrew Miller*,32.0,CLE,AL,0.0,5.0,1.0,1.0,0.0,0.0,0.0,0.0,0.0,0.0,0.0,0.0,0.0,1.0,0.0,0.0,0.0,0.0,-100.0,0.0,-142.0,0.0,0.0,0.0,0.0,0.0,0.0,1,AS
Andrew Romine#,31.0,DET,AL,-1.2,124.0,348.0,318.0,45.0,74.0,17.0,2.0,4.0,25.0,6.0,4.0,22.0,67.0,0.233,0.289,0.336,0.625,67.0,0.283,66.0,107.0,7.0,4.0,2.0,2.0,0.0,4853H796/D12,
Andrew Stevenson*,23.0,WSN,NL,-0.4,37.0,66.0,57.0,5.0,9.0,2.0,0.0,0.0,1.0,1.0,0.0,7.0,20.0,0.158,0.25,0.193,0.443,17.0,0.215,3.0,11.0,0.0,0.0,2.0,0.0,0.0,H9/78,
Andrew Susac,27.0,MIL,NL,-0.2,8.0,12.0,12.0,0.0,1.0,0.0,0.0,0.0,0.0,0.0,0.0,0.0,6.0,0.083,0.083,0.083,0.167,-56.0,0.075,-89.0,1.0,0.0,0.0,0.0,0.0,0.0,/H2,
Andrew Toles*,25.0,LAD,NL,0.5,31.0,102.0,96.0,17.0,26.0,3.0,0.0,5.0,15.0,0.0,1.0,5.0,16.0,0.271,0.314,0.458,0.772,102.0,0.334,106.0,44.0,3.0,1.0,0.0,0.0,0.0,78H,
Andrés Blanco#,33.0,PHI,NL,-0.4,80.0,144.0,130.0,10.0,25.0,4.0,0.0,3.0,13.0,1.0,0.0,12.0,34.0,0.192,0.257,0.292,0.549,45.0,0.245,35.0,38.0,1.0,0.0,0.0,2.0,0.0,H543/61D,
Anthony Alford,22.0,TOR,AL,0.2,4.0,8.0,8.0,0.0,1.0,1.0,0.0,0.0,0.0,0.0,0.0,0.0,3.0,0.125,0.125,0.25,0.375,-4.0,0.153,-27.0,2.0,0.0,0.0,0.0,0.0,0.0,/79H,
Anthony Banda*,23.0,ARI,NL,-0.1,7.0,6.0,5.0,0.0,0.0,0.0,0.0,0.0,0.0,0.0,0.0,0.0,3.0,0.0,0.0,0.0,0.0,-100.0,0.0,-200.0,0.0,0.0,0.0,1.0,0.0,0.0,/1,
Anthony Recker,33.0,ATL,NL,-0.1,6.0,7.0,7.0,1.0,1.0,0.0,0.0,0.0,0.0,0.0,0.0,0.0,1.0,0.143,0.143,0.143,0.286,-24.0,0.128,-49.0,1.0,1.0,0.0,0.0,0.0,0.0,/2H,
Anthony Rendon,27.0,WSN,NL,6.1,147.0,605.0,508.0,81.0,153.0,41.0,1.0,25.0,100.0,7.0,2.0,84.0,82.0,0.301,0.403,0.533,0.937,139.0,0.4,141.0,271.0,7.0,7.0,0.0,6.0,6.0,*5/H,MVP-6
Anthony Rizzo*,27.0,CHC,NL,4.7,157.0,691.0,572.0,99.0,156.0,32.0,3.0,32.0,109.0,10.0,4.0,91.0,90.0,0.273,0.392,0.507,0.899,131.0,0.383,131.0,290.0,21.0,24.0,0.0,4.0,11.0,*34/H57,MVP-13
Anthony Santander#,22.0,BAL,AL,0.0,13.0,31.0,30.0,1.0,8.0,3.0,0.0,0.0,2.0,0.0,0.0,0.0,8.0,0.267,0.258,0.367,0.625,67.0,0.263,55.0,11.0,0.0,0.0,0.0,1.0,0.0,/97H,
Anthony Swarzak,31.0,2TM,2LG,0.0,30.0,0.0,0.0,0.0,0.0,0.0,0.0,0.0,0.0,0.0,0.0,0.0,0.0,,,,,,,,0.0,0.0,0.0,0.0,0.0,0.0,1,
Anthony Swarzak,31.0,CHW,AL,0.0,3.0,0.0,0.0,0.0,0.0,0.0,0.0,0.0,0.0,0.0,0.0,0.0,0.0,,,,,,,,0.0,0.0,0.0,0.0,0.0,0.0,1,
Anthony Swarzak,31.0,MIL,NL,0.0,27.0,0.0,0.0,0.0,0.0,0.0,0.0,0.0,0.0,0.0,0.0,0.0,0.0,,,,,,,,0.0,0.0,0.0,0.0,0.0,0.0,1,
Antonio Bastardo,31.0,PIT,NL,0.1,8.0,1.0,0.0,0.0,0.0,0.0,0.0,0.0,0.0,0.0,0.0,1.0,0.0,,1.0,,,,0.698,358.0,0.0,0.0,0.0,0.0,0.0,0.0,/1,
Antonio Senzatela,22.0,COL,NL,-0.1,33.0,39.0,32.0,1.0,4.0,1.0,0.0,0.0,5.0,0.0,0.0,0.0,20.0,0.125,0.125,0.156,0.281,-31.0,0.148,-83.0,5.0,0.0,0.0,7.0,0.0,0.0,1,
Aníbal Sánchez,33.0,DET,AL,0.0,2.0,2.0,2.0,0.0,0.0,0.0,0.0,0.0,0.0,0.0,0.0,0.0,1.0,0.0,0.0,0.0,0.0,-100.0,0.0,-138.0,0.0,0.0,0.0,0.0,0.0,0.0,1,
Archie Bradley,24.0,ARI,NL,0.0,60.0,4.0,4.0,0.0,1.0,0.0,0.0,0.0,1.0,0.0,0.0,0.0,2.0,0.25,0.25,0.25,0.5,28.0,0.224,11.0,1.0,0.0,0.0,0.0,0.0,0.0,1,MVP-20
Ariel Hernández,25.0,CIN,NL,0.0,17.0,2.0,2.0,0.0,0.0,0.0,0.0,0.0,0.0,0.0,0.0,0.0,1.0,0.0,0.0,0.0,0.0,-100.0,0.0,-138.0,0.0,0.0,0.0,0.0,0.0,0.0,1,
Arismendy Alcántara#,25.0,CIN,NL,-0.6,70.0,108.0,105.0,13.0,18.0,3.0,1.0,1.0,7.0,2.0,0.0,2.0,38.0,0.171,0.187,0.248,0.435,12.0,0.191,-9.0,26.0,2.0,0.0,1.0,0.0,0.0,H4/89657,
Arodys Vizcaíno,26.0,ATL,NL,0.0,56.0,0.0,0.0,0.0,0.0,0.0,0.0,0.0,0.0,0.0,0.0,0.0,0.0,,,,,,,,0.0,0.0,0.0,0.0,0.0,0.0,1,
Aroldis Chapman*,29.0,NYY,AL,0.0,7.0,0.0,0.0,0.0,0.0,0.0,0.0,0.0,0.0,0.0,0.0,0.0,0.0,,,,,,,,0.0,0.0,0.0,0.0,0.0,0.0,1,
Aríel Miranda*,28.0,SEA,AL,-0.1,4.0,6.0,6.0,1.0,0.0,0.0,0.0,0.0,0.0,0.0,0.0,0.0,3.0,0.0,0.0,0.0,0.0,-100.0,0.0,-131.0,0.0,0.0,0.0,0.0,0.0,0.0,1/H,
Asdrúbal Cabrera#,31.0,NYM,NL,1.2,135.0,540.0,479.0,66.0,134.0,32.0,0.0,14.0,59.0,3.0,2.0,50.0,83.0,0.28,0.351,0.434,0.785,110.0,0.351,118.0,208.0,19.0,5.0,1.0,5.0,1.0,654H/D,
Asher Wojciechowski,28.0,CIN,NL,-0.1,23.0,14.0,14.0,0.0,1.0,0.0,0.0,0.0,0.0,0.0,0.0,0.0,11.0,0.071,0.071,0.071,0.143,-62.0,0.064,-98.0,1.0,0.0,0.0,0.0,0.0,0.0,1,
Ashur Tolliver*,29.0,HOU,AL,0.0,1.0,0.0,0.0,0.0,0.0,0.0,0.0,0.0,0.0,0.0,0.0,0.0,0.0,,,,,,,,0.0,0.0,0.0,0.0,0.0,0.0,/1,
Austin Adams,26.0,WSN,NL,0.0,6.0,0.0,0.0,0.0,0.0,0.0,0.0,0.0,0.0,0.0,0.0,0.0,0.0,,,,,,,,0.0,0.0,0.0,0.0,0.0,0.0,/1,
Austin Barnes,27.0,LAD,NL,2.5,102.0,262.0,218.0,35.0,63.0,15.0,2.0,8.0,38.0,4.0,1.0,39.0,43.0,0.289,0.408,0.486,0.895,138.0,0.393,144.0,106.0,6.0,5.0,0.0,0.0,1.0,2H4/5D,
Austin Bibens-Dirkx,32.0,TEX,AL,0.0,2.0,3.0,3.0,0.0,0.0,0.0,0.0,0.0,0.0,0.0,0.0,0.0,3.0,0.0,0.0,0.0,0.0,-100.0,0.0,-144.0,0.0,0.0,0.0,0.0,0.0,0.0,1,
Austin Brice,25.0,CIN,NL,-0.1,21.0,4.0,4.0,0.0,0.0,0.0,0.0,0.0,0.0,0.0,0.0,0.0,2.0,0.0,0.0,0.0,0.0,-100.0,0.0,-145.0,0.0,0.0,0.0,0.0,0.0,0.0,1,
Austin Hays,21.0,BAL,AL,-0.5,20.0,63.0,60.0,4.0,13.0,3.0,0.0,1.0,8.0,0.0,0.0,2.0,16.0,0.217,0.238,0.317,0.555,49.0,0.25,46.0,19.0,2.0,0.0,0.0,1.0,0.0,9/8,
Austin Hedges,24.0,SDP,NL,0.7,120.0,417.0,387.0,36.0,83.0,17.0,0.0,18.0,55.0,4.0,1.0,23.0,122.0,0.214,0.262,0.398,0.66,73.0,0.281,65.0,154.0,10.0,3.0,1.0,3.0,3.0,*2/HD,
Austin Jackson,30.0,CLE,AL,1.9,85.0,318.0,280.0,46.0,89.0,19.0,3.0,7.0,35.0,3.0,1.0,33.0,64.0,0.318,0.387,0.482,0.869,126.0,0.38,130.0,135.0,13.0,1.0,0.0,4.0,0.0,789/H,
Austin Pruitt,27.0,TBR,AL,0.0,1.0,0.0,0.0,0.0,0.0,0.0,0.0,0.0,0.0,0.0,0.0,0.0,0.0,,,,,,,,0.0,0.0,0.0,0.0,0.0,0.0,1/H,
Austin Romine,28.0,NYY,AL,-1.0,80.0,252.0,229.0,19.0,50.0,9.0,1.0,2.0,21.0,0.0,0.0,16.0,57.0,0.218,0.272,0.293,0.565,49.0,0.268,51.0,67.0,7.0,2.0,2.0,3.0,0.0,23/HD,
Austin Slater,24.0,SFG,NL,0.2,34.0,127.0,117.0,15.0,33.0,3.0,1.0,3.0,16.0,0.0,0.0,8.0,29.0,0.282,0.339,0.402,0.74,95.0,0.329,97.0,47.0,3.0,2.0,0.0,0.0,0.0,7/9H58,
Avisaíl García,26.0,CHW,AL,4.5,136.0,561.0,518.0,75.0,171.0,27.0,5.0,18.0,80.0,5.0,3.0,33.0,111.0,0.33,0.38,0.506,0.885,138.0,0.384,142.0,262.0,14.0,9.0,0.0,1.0,5.0,*9/DH,AS
Barrett Astin,25.0,CIN,NL,0.0,6.0,1.0,1.0,0.0,0.0,0.0,0.0,0.0,0.0,0.0,0.0,0.0,1.0,0.0,0.0,0.0,0.0,-100.0,0.0,-142.0,0.0,0.0,0.0,0.0,0.0,0.0,/1,
Bartolo Colon,44.0,2TM,2LG,-0.3,12.0,20.0,19.0,1.0,0.0,0.0,0.0,0.0,0.0,0.0,0.0,0.0,10.0,0.0,0.0,0.0,0.0,-100.0,0.0,-153.0,0.0,1.0,0.0,1.0,0.0,0.0,1,
Bartolo Colon,44.0,ATL,NL,-0.2,10.0,15.0,15.0,1.0,0.0,0.0,0.0,0.0,0.0,0.0,0.0,0.0,8.0,0.0,0.0,0.0,0.0,-100.0,0.0,-142.0,0.0,1.0,0.0,0.0,0.0,0.0,1,
Bartolo Colon,44.0,MIN,AL,-0.1,2.0,5.0,4.0,0.0,0.0,0.0,0.0,0.0,0.0,0.0,0.0,0.0,2.0,0.0,0.0,0.0,0.0,-100.0,0.0,-196.0,0.0,0.0,0.0,1.0,0.0,0.0,1,
Ben Gamel*,25.0,SEA,AL,1.1,134.0,550.0,509.0,68.0,140.0,27.0,5.0,11.0,59.0,4.0,1.0,36.0,122.0,0.275,0.322,0.413,0.735,100.0,0.327,103.0,210.0,8.0,1.0,1.0,3.0,1.0,*79/H3,
Ben Lively,25.0,PHI,NL,0.3,14.0,26.0,26.0,2.0,6.0,0.0,0.0,2.0,8.0,0.0,0.0,0.0,9.0,0.231,0.231,0.462,0.692,76.0,0.29,69.0,12.0,0.0,0.0,0.0,0.0,0.0,1,
Ben Revere*,29.0,LAA,AL,0.0,109.0,308.0,291.0,37.0,80.0,13.0,2.0,1.0,20.0,21.0,6.0,15.0,25.0,0.275,0.308,0.344,0.652,77.0,0.309,83.0,100.0,7.0,0.0,0.0,2.0,0.0,7H/8D,
Ben Taylor,24.0,BOS,AL,0.0,2.0,0.0,0.0,0.0,0.0,0.0,0.0,0.0,0.0,0.0,0.0,0.0,0.0,,,,,,,,0.0,0.0,0.0,0.0,0.0,0.0,1,
Ben Zobrist#,36.0,CHC,NL,0.3,128.0,496.0,435.0,58.0,101.0,20.0,3.0,12.0,50.0,2.0,2.0,54.0,71.0,0.232,0.318,0.375,0.693,79.0,0.317,84.0,163.0,13.0,2.0,2.0,3.0,2.0,479H/36,
Billy Burns#,27.0,KCR,AL,-0.2,7.0,6.0,6.0,1.0,1.0,0.0,0.0,0.0,0.0,0.0,1.0,0.0,1.0,0.167,0.167,0.167,0.333,-10.0,0.05,-42.0,1.0,0.0,0.0,0.0,0.0,0.0,/8H9,
Billy Hamilton,26.0,CIN,NL,1.3,139.0,633.0,582.0,85.0,144.0,17.0,11.0,4.0,38.0,59.0,13.0,44.0,133.0,0.247,0.299,0.335,0.634,66.0,0.296,61.0,195.0,5.0,0.0,5.0,2.0,0.0,*8/H,
Blaine Hardy*,30.0,DET,AL,0.0,2.0,0.0,0.0,0.0,0.0,0.0,0.0,0.0,0.0,0.0,0.0,0.0,0.0,,,,,,,,0.0,0.0,0.0,0.0,0.0,0.0,1,
Blake Parker,32.0,LAA,AL,0.0,4.0,0.0,0.0,0.0,0.0,0.0,0.0,0.0,0.0,0.0,0.0,0.0,0.0,,,,,,,,0.0,0.0,0.0,0.0,0.0,0.0,1,
Blake Snell*,24.0,TBR,AL,0.0,3.0,7.0,5.0,0.0,0.0,0.0,0.0,0.0,0.0,0.0,0.0,1.0,1.0,0.0,0.167,0.0,0.167,-48.0,0.116,-74.0,0.0,0.0,0.0,1.0,0.0,0.0,1,
Blake Swihart#,25.0,BOS,AL,0.0,6.0,7.0,5.0,1.0,1.0,0.0,0.0,0.0,0.0,0.0,0.0,2.0,3.0,0.2,0.429,0.2,0.629,75.0,0.313,83.0,1.0,0.0,0.0,0.0,0.0,0.0,/H2D,
Blake Treinen,29.0,2TM,2LG,0.0,39.0,0.0,0.0,0.0,0.0,0.0,0.0,0.0,0.0,0.0,0.0,0.0,0.0,,,,,,,,0.0,0.0,0.0,0.0,0.0,0.0,1,
Blake Treinen,29.0,WSN,NL,0.0,35.0,0.0,0.0,0.0,0.0,0.0,0.0,0.0,0.0,0.0,0.0,0.0,0.0,,,,,,,,0.0,0.0,0.0,0.0,0.0,0.0,1,
Blake Treinen,29.0,OAK,AL,0.0,4.0,0.0,0.0,0.0,0.0,0.0,0.0,0.0,0.0,0.0,0.0,0.0,0.0,,,,,,,,0.0,0.0,0.0,0.0,0.0,0.0,1,
Blake Wood,31.0,CIN,NL,0.0,52.0,1.0,1.0,0.0,0.0,0.0,0.0,0.0,0.0,0.0,0.0,0.0,1.0,0.0,0.0,0.0,0.0,-100.0,0.0,-142.0,0.0,0.0,0.0,0.0,0.0,0.0,1,
Boog Powell*,24.0,2TM,AL,1.1,52.0,135.0,117.0,24.0,33.0,5.0,0.0,3.0,12.0,0.0,1.0,15.0,30.0,0.282,0.358,0.402,0.76,108.0,0.342,116.0,47.0,2.0,0.0,1.0,2.0,0.0,8H/D79,
Boog Powell*,24.0,SEA,AL,-0.1,23.0,43.0,36.0,6.0,7.0,0.0,0.0,0.0,2.0,0.0,0.0,6.0,9.0,0.194,0.31,0.194,0.504,44.0,0.267,59.0,7.0,1.0,0.0,1.0,0.0,0.0,H/D79,
Boog Powell*,24.0,OAK,AL,1.1,29.0,92.0,81.0,18.0,26.0,5.0,0.0,3.0,10.0,0.0,1.0,9.0,21.0,0.321,0.38,0.494,0.874,137.0,0.376,142.0,40.0,1.0,0.0,0.0,2.0,0.0,8/H,
Boone Logan,32.0,CLE,AL,0.0,6.0,0.0,0.0,0.0,0.0,0.0,0.0,0.0,0.0,0.0,0.0,0.0,0.0,,,,,,,,0.0,0.0,0.0,0.0,0.0,0.0,1,
Brad Boxberger,29.0,TBR,AL,0.0,3.0,0.0,0.0,0.0,0.0,0.0,0.0,0.0,0.0,0.0,0.0,0.0,0.0,,,,,,,,0.0,0.0,0.0,0.0,0.0,0.0,1,
Brad Brach,31.0,BAL,AL,0.0,5.0,0.0,0.0,0.0,0.0,0.0,0.0,0.0,0.0,0.0,0.0,0.0,0.0,,,,,,,,0.0,0.0,0.0,0.0,0.0,0.0,1,
Brad Hand*,27.0,SDP,NL,0.1,66.0,2.0,1.0,0.0,0.0,0.0,0.0,0.0,0.0,0.0,0.0,0.0,0.0,0.0,0.0,0.0,0.0,-100.0,0.898,908.0,0.0,0.0,0.0,1.0,0.0,0.0,1,AS
Brad Miller*,27.0,TBR,AL,0.6,110.0,407.0,338.0,43.0,68.0,13.0,3.0,9.0,40.0,5.0,3.0,63.0,110.0,0.201,0.327,0.337,0.664,82.0,0.3,83.0,114.0,5.0,2.0,0.0,4.0,4.0,4HD,
Brad Peacock,29.0,HOU,AL,0.1,4.0,8.0,7.0,1.0,2.0,1.0,0.0,0.0,2.0,0.0,0.0,1.0,3.0,0.286,0.375,0.429,0.804,121.0,0.352,122.0,3.0,0.0,0.0,0.0,0.0,0.0,1,
Brad Ziegler,37.0,MIA,NL,0.0,51.0,0.0,0.0,0.0,0.0,0.0,0.0,0.0,0.0,0.0,0.0,0.0,0.0,,,,,,,,0.0,0.0,0.0,0.0,0.0,0.0,1,
Braden Shipley,25.0,ARI,NL,-0.1,9.0,6.0,6.0,0.0,0.0,0.0,0.0,0.0,0.0,0.0,0.0,0.0,2.0,0.0,0.0,0.0,0.0,-100.0,0.0,-149.0,0.0,0.0,0.0,0.0,0.0,0.0,1,
Bradley Zimmer*,24.0,CLE,AL,1.6,101.0,332.0,299.0,41.0,72.0,15.0,2.0,8.0,39.0,18.0,1.0,26.0,99.0,0.241,0.307,0.385,0.692,80.0,0.319,78.0,115.0,5.0,4.0,0.0,3.0,1.0,8H,
Brandon Belt*,29.0,SFG,NL,2.8,104.0,451.0,382.0,63.0,92.0,27.0,3.0,18.0,51.0,3.0,2.0,66.0,104.0,0.241,0.355,0.469,0.823,115.0,0.358,118.0,179.0,5.0,2.0,0.0,1.0,2.0,37/H9,
Brandon Crawford*,30.0,SFG,NL,1.9,144.0,570.0,518.0,58.0,131.0,34.0,1.0,14.0,77.0,3.0,5.0,42.0,113.0,0.253,0.305,0.403,0.709,85.0,0.306,83.0,209.0,18.0,1.0,0.0,9.0,3.0,*6/H,GG
Brandon Drury,24.0,ARI,NL,1.6,135.0,480.0,445.0,41.0,119.0,37.0,2.0,13.0,63.0,1.0,1.0,28.0,103.0,0.267,0.317,0.447,0.764,91.0,0.332,90.0,199.0,9.0,5.0,0.0,2.0,1.0,*4H/D5,
Brandon Finnegan*,24.0,CIN,NL,-0.1,5.0,6.0,5.0,0.0,0.0,0.0,0.0,0.0,0.0,0.0,0.0,0.0,1.0,0.0,0.0,0.0,0.0,-100.0,0.0,-192.0,0.0,1.0,0.0,1.0,0.0,0.0,/1H,
Brandon Guyer,31.0,CLE,AL,-0.2,70.0,192.0,165.0,23.0,39.0,7.0,1.0,2.0,20.0,2.0,0.0,15.0,43.0,0.236,0.326,0.327,0.654,72.0,0.304,74.0,54.0,4.0,8.0,2.0,2.0,0.0,97H/D,
Brandon Kintzler,32.0,2TM,2LG,0.0,30.0,0.0,0.0,0.0,0.0,0.0,0.0,0.0,0.0,0.0,0.0,0.0,0.0,,,,,,,,0.0,0.0,0.0,0.0,0.0,0.0,1,AS
Brandon Kintzler,32.0,MIN,AL,0.0,5.0,0.0,0.0,0.0,0.0,0.0,0.0,0.0,0.0,0.0,0.0,0.0,0.0,,,,,,,,0.0,0.0,0.0,0.0,0.0,0.0,1,
Brandon Kintzler,32.0,WSN,NL,0.0,25.0,0.0,0.0,0.0,0.0,0.0,0.0,0.0,0.0,0.0,0.0,0.0,0.0,,,,,,,,0.0,0.0,0.0,0.0,0.0,0.0,1,
Brandon Maurer,26.0,2TM,2LG,0.0,39.0,0.0,0.0,0.0,0.0,0.0,0.0,0.0,0.0,0.0,0.0,0.0,0.0,,,,,,,,0.0,0.0,0.0,0.0,0.0,0.0,1,
Brandon Maurer,26.0,SDP,NL,0.0,38.0,0.0,0.0,0.0,0.0,0.0,0.0,0.0,0.0,0.0,0.0,0.0,0.0,,,,,,,,0.0,0.0,0.0,0.0,0.0,0.0,1,
Brandon Maurer,26.0,KCR,AL,0.0,1.0,0.0,0.0,0.0,0.0,0.0,0.0,0.0,0.0,0.0,0.0,0.0,0.0,,,,,,,,0.0,0.0,0.0,0.0,0.0,0.0,1,
Brandon McCarthy,33.0,LAD,NL,0.0,18.0,28.0,23.0,2.0,1.0,0.0,0.0,0.0,0.0,0.0,0.0,3.0,16.0,0.043,0.154,0.043,0.197,-43.0,0.149,-40.0,1.0,0.0,0.0,2.0,0.0,0.0,1,
Brandon Morrow,32.0,LAD,NL,0.0,43.0,0.0,0.0,0.0,0.0,0.0,0.0,0.0,0.0,0.0,0.0,0.0,0.0,,,,,,,,0.0,0.0,0.0,0.0,0.0,0.0,1,
Brandon Moss*,33.0,KCR,AL,-0.8,118.0,401.0,362.0,41.0,75.0,14.0,0.0,22.0,50.0,2.0,0.0,37.0,128.0,0.207,0.279,0.428,0.707,85.0,0.302,78.0,155.0,7.0,0.0,0.0,2.0,0.0,D3H/79,
Brandon Nimmo*,24.0,NYM,NL,1.1,69.0,215.0,177.0,26.0,46.0,11.0,1.0,5.0,21.0,2.0,0.0,33.0,60.0,0.26,0.379,0.418,0.797,115.0,0.36,122.0,74.0,3.0,2.0,1.0,2.0,1.0,7H8/9D,
Brandon Phillips,36.0,2TM,2LG,0.9,144.0,604.0,572.0,81.0,163.0,34.0,1.0,13.0,60.0,11.0,8.0,21.0,73.0,0.285,0.319,0.416,0.735,92.0,0.322,93.0,238.0,21.0,8.0,2.0,1.0,1.0,*45/HD,
Brandon Phillips,36.0,ATL,NL,1.1,120.0,499.0,470.0,68.0,137.0,27.0,1.0,11.0,52.0,10.0,8.0,19.0,57.0,0.291,0.329,0.423,0.753,96.0,0.329,97.0,199.0,19.0,8.0,1.0,1.0,1.0,45/HD,
Brandon Phillips,36.0,LAA,AL,-0.2,24.0,105.0,102.0,13.0,26.0,7.0,0.0,2.0,8.0,1.0,0.0,2.0,16.0,0.255,0.269,0.382,0.652,74.0,0.289,72.0,39.0,2.0,0.0,1.0,0.0,0.0,4,
Brandon Woodruff*,24.0,MIL,NL,0.1,7.0,12.0,10.0,2.0,2.0,0.0,0.0,0.0,0.0,0.0,0.0,1.0,2.0,0.2,0.273,0.2,0.473,27.0,0.226,12.0,2.0,0.0,0.0,1.0,0.0,0.0,/1,
Brandon Workman,28.0,BOS,AL,0.0,1.0,0.0,0.0,0.0,0.0,0.0,0.0,0.0,0.0,0.0,0.0,0.0,0.0,,,,,,,,0.0,0.0,0.0,0.0,0.0,0.0,1,
Brent Suter*,27.0,MIL,NL,0.0,21.0,21.0,18.0,1.0,3.0,0.0,0.0,0.0,1.0,0.0,0.0,0.0,8.0,0.167,0.211,0.167,0.377,1.0,0.175,-30.0,3.0,0.0,1.0,2.0,0.0,0.0,1/H,
Brett Anderson*,29.0,CHC,NL,0.0,6.0,8.0,7.0,0.0,1.0,0.0,0.0,0.0,1.0,0.0,0.0,1.0,3.0,0.143,0.25,0.143,0.393,6.0,0.199,-2.0,1.0,0.0,0.0,0.0,0.0,0.0,/1,
Brett Cecil,30.0,STL,NL,0.0,68.0,1.0,1.0,0.0,0.0,0.0,0.0,0.0,0.0,0.0,0.0,0.0,0.0,0.0,0.0,0.0,0.0,-100.0,0.0,-133.0,0.0,0.0,0.0,0.0,0.0,0.0,1,
Brett Eibner,28.0,LAD,NL,-0.4,17.0,36.0,33.0,3.0,6.0,0.0,0.0,2.0,6.0,0.0,0.0,2.0,17.0,0.182,0.25,0.364,0.614,61.0,0.263,52.0,12.0,0.0,1.0,0.0,0.0,0.0,/7H89,
Brett Gardner*,33.0,NYY,AL,4.9,151.0,682.0,594.0,96.0,157.0,26.0,4.0,21.0,63.0,23.0,5.0,72.0,122.0,0.264,0.35,0.428,0.778,104.0,0.354,110.0,254.0,4.0,8.0,5.0,3.0,2.0,*78H/D,
Brett Nicholas*,28.0,TEX,AL,-0.2,21.0,65.0,63.0,7.0,15.0,4.0,0.0,2.0,11.0,0.0,0.0,2.0,13.0,0.238,0.262,0.397,0.658,66.0,0.278,53.0,25.0,2.0,0.0,0.0,0.0,0.0,2/H1,
Brett Phillips*,23.0,MIL,NL,1.3,37.0,98.0,87.0,9.0,24.0,3.0,0.0,4.0,12.0,5.0,0.0,9.0,34.0,0.276,0.351,0.448,0.799,107.0,0.363,109.0,39.0,0.0,1.0,1.0,0.0,2.0,8/9H7,
Breyvic Valera#,25.0,STL,NL,-0.3,5.0,11.0,10.0,0.0,1.0,0.0,0.0,0.0,0.0,0.0,0.0,1.0,0.0,0.1,0.182,0.1,0.282,-22.0,0.136,-42.0,1.0,0.0,0.0,0.0,0.0,0.0,/4H,
Brian Anderson,24.0,MIA,NL,-0.3,25.0,95.0,84.0,11.0,22.0,7.0,1.0,0.0,8.0,0.0,0.0,10.0,28.0,0.262,0.337,0.369,0.706,94.0,0.321,100.0,31.0,1.0,0.0,0.0,1.0,0.0,5/H,
Brian Dozier,30.0,MIN,AL,4.8,152.0,705.0,617.0,106.0,167.0,30.0,4.0,34.0,93.0,16.0,7.0,78.0,141.0,0.271,0.359,0.498,0.856,126.0,0.366,126.0,307.0,11.0,8.0,0.0,2.0,6.0,*4/H,"MVP-11,GG"
Brian Duensing*,34.0,CHC,NL,-0.1,65.0,4.0,4.0,0.0,0.0,0.0,0.0,0.0,0.0,0.0,0.0,0.0,3.0,0.0,0.0,0.0,0.0,-100.0,0.0,-147.0,0.0,1.0,0.0,0.0,0.0,0.0,1,
Brian Ellington,26.0,MIA,NL,0.0,40.0,1.0,1.0,0.0,0.0,0.0,0.0,0.0,0.0,0.0,0.0,0.0,0.0,0.0,0.0,0.0,0.0,-100.0,0.0,-125.0,0.0,0.0,0.0,0.0,0.0,0.0,1,
Brian Goodwin*,26.0,WSN,NL,0.3,74.0,278.0,251.0,41.0,63.0,21.0,1.0,13.0,30.0,6.0,0.0,23.0,69.0,0.251,0.313,0.498,0.811,104.0,0.356,107.0,125.0,3.0,1.0,0.0,3.0,2.0,879H,
Brian Johnson*,26.0,BOS,AL,0.0,1.0,2.0,2.0,0.0,0.0,0.0,0.0,0.0,0.0,0.0,0.0,0.0,0.0,0.0,0.0,0.0,0.0,-100.0,0.0,-142.0,0.0,0.0,0.0,0.0,0.0,0.0,/1,
Brian McCann*,33.0,HOU,AL,0.8,97.0,399.0,349.0,47.0,84.0,12.0,1.0,18.0,62.0,1.0,0.0,38.0,58.0,0.241,0.323,0.436,0.759,106.0,0.332,107.0,152.0,9.0,7.0,0.0,5.0,3.0,2/DH,
Brock Holt*,29.0,BOS,AL,-0.2,64.0,164.0,140.0,20.0,28.0,6.0,0.0,0.0,7.0,2.0,1.0,19.0,34.0,0.2,0.305,0.243,0.548,47.0,0.27,52.0,34.0,3.0,3.0,0.0,2.0,0.0,4H7/5D39,
Brock Stassi*,27.0,PHI,NL,-0.3,51.0,90.0,78.0,6.0,13.0,2.0,1.0,2.0,7.0,0.0,0.0,12.0,22.0,0.167,0.278,0.295,0.573,52.0,0.269,54.0,23.0,3.0,0.0,0.0,0.0,0.0,H3/7,
Brock Stewart*,25.0,LAD,NL,0.0,16.0,5.0,4.0,0.0,1.0,0.0,0.0,0.0,1.0,0.0,0.0,0.0,2.0,0.25,0.25,0.25,0.5,34.0,0.224,4.0,1.0,0.0,0.0,1.0,0.0,0.0,1,
Bronson Arroyo,40.0,CIN,NL,-0.1,15.0,29.0,26.0,0.0,4.0,0.0,0.0,0.0,0.0,0.0,0.0,0.0,10.0,0.154,0.154,0.154,0.308,-19.0,0.138,-60.0,4.0,0.0,0.0,3.0,0.0,0.0,1/H,
Bruce Maxwell*,26.0,OAK,AL,0.0,76.0,253.0,219.0,21.0,52.0,12.0,0.0,3.0,22.0,0.0,0.0,31.0,63.0,0.237,0.329,0.333,0.663,83.0,0.298,82.0,73.0,10.0,0.0,1.0,2.0,0.0,2H,
Bruce Rondón,26.0,DET,AL,0.0,1.0,0.0,0.0,0.0,0.0,0.0,0.0,0.0,0.0,0.0,0.0,0.0,0.0,,,,,,,,0.0,0.0,0.0,0.0,0.0,0.0,1,
Bryan Holaday,29.0,DET,AL,-0.3,13.0,29.0,29.0,1.0,7.0,2.0,0.0,0.0,2.0,0.0,0.0,0.0,1.0,0.241,0.241,0.31,0.552,46.0,0.235,31.0,9.0,2.0,0.0,0.0,0.0,0.0,2/H4D,
Bryan Mitchell*,26.0,NYY,AL,0.0,4.0,0.0,0.0,0.0,0.0,0.0,0.0,0.0,0.0,0.0,0.0,0.0,0.0,,,,,,,,0.0,0.0,0.0,0.0,0.0,0.0,1/3,
Bryan Morris*,30.0,SFG,NL,0.0,20.0,0.0,0.0,0.0,0.0,0.0,0.0,0.0,0.0,0.0,0.0,0.0,0.0,,,,,,,,0.0,0.0,0.0,0.0,0.0,0.0,1,
Bryan Shaw#,29.0,CLE,AL,0.0,6.0,0.0,0.0,0.0,0.0,0.0,0.0,0.0,0.0,0.0,0.0,0.0,0.0,,,,,,,,0.0,0.0,0.0,0.0,0.0,0.0,1,
Bryce Harper*,24.0,WSN,NL,4.7,111.0,492.0,420.0,95.0,134.0,27.0,1.0,29.0,87.0,4.0,2.0,68.0,99.0,0.319,0.413,0.595,1.008,156.0,0.422,159.0,250.0,15.0,1.0,0.0,3.0,11.0,*9/H,"AS,MVP-12"
Bud Norris,32.0,LAA,AL,0.0,4.0,0.0,0.0,0.0,0.0,0.0,0.0,0.0,0.0,0.0,0.0,0.0,0.0,,,,,,,,0.0,0.0,0.0,0.0,0.0,0.0,1,
Buddy Baumann*,29.0,SDP,NL,0.0,22.0,0.0,0.0,0.0,0.0,0.0,0.0,0.0,0.0,0.0,0.0,0.0,0.0,,,,,,,,0.0,0.0,0.0,0.0,0.0,0.0,1,
Buddy Boshers*,29.0,MIN,AL,0.0,3.0,0.0,0.0,0.0,0.0,0.0,0.0,0.0,0.0,0.0,0.0,0.0,0.0,,,,,,,,0.0,0.0,0.0,0.0,0.0,0.0,1,
Buster Posey,30.0,SFG,NL,4.1,140.0,568.0,494.0,62.0,158.0,34.0,0.0,12.0,67.0,6.0,1.0,61.0,66.0,0.32,0.4,0.462,0.861,127.0,0.375,129.0,228.0,17.0,8.0,0.0,5.0,13.0,23/DH,"AS,SS"
Byron Buxton,23.0,MIN,AL,5.0,140.0,511.0,462.0,69.0,117.0,14.0,6.0,16.0,51.0,29.0,1.0,38.0,150.0,0.253,0.314,0.413,0.728,93.0,0.329,90.0,191.0,1.0,4.0,5.0,2.0,2.0,*8/HD,"MVP-18,GG"
C.J. Cron,27.0,LAA,AL,1.1,100.0,373.0,339.0,39.0,84.0,14.0,1.0,16.0,56.0,3.0,2.0,22.0,96.0,0.248,0.305,0.437,0.741,98.0,0.323,99.0,148.0,5.0,7.0,0.0,3.0,0.0,3/H,
Caleb Joseph,31.0,BAL,AL,1.5,89.0,266.0,254.0,31.0,65.0,14.0,1.0,8.0,28.0,0.0,0.0,10.0,72.0,0.256,0.287,0.413,0.7,87.0,0.306,86.0,105.0,7.0,1.0,1.0,0.0,0.0,2/5H,
Caleb Smith,25.0,NYY,AL,0.0,1.0,0.0,0.0,0.0,0.0,0.0,0.0,0.0,0.0,0.0,0.0,0.0,0.0,,,,,,,,0.0,0.0,0.0,0.0,0.0,0.0,/1,
Cam Bedrosian,25.0,LAA,AL,0.0,2.0,0.0,0.0,0.0,0.0,0.0,0.0,0.0,0.0,0.0,0.0,0.0,0.0,,,,,,,,0.0,0.0,0.0,0.0,0.0,0.0,1,
Cam Gallagher,24.0,KCR,AL,0.1,13.0,27.0,24.0,2.0,6.0,1.0,0.0,1.0,5.0,0.0,0.0,3.0,4.0,0.25,0.333,0.417,0.75,99.0,0.361,121.0,10.0,1.0,0.0,0.0,0.0,0.0,2/H,
Cameron Maybin,30.0,2TM,AL,1.4,114.0,450.0,395.0,63.0,90.0,20.0,2.0,10.0,35.0,33.0,8.0,51.0,94.0,0.228,0.318,0.365,0.683,86.0,0.319,90.0,144.0,12.0,2.0,1.0,1.0,1.0,*879/HD,
Cameron Maybin,30.0,LAA,AL,1.5,93.0,387.0,336.0,57.0,79.0,19.0,1.0,6.0,22.0,29.0,5.0,48.0,78.0,0.235,0.333,0.351,0.685,87.0,0.323,90.0,118.0,11.0,2.0,0.0,1.0,1.0,78/9H,
Cameron Maybin,30.0,HOU,AL,0.0,21.0,63.0,59.0,6.0,11.0,1.0,1.0,4.0,13.0,4.0,3.0,3.0,16.0,0.186,0.226,0.441,0.666,77.0,0.295,88.0,26.0,1.0,0.0,1.0,0.0,0.0,8/79HD,
Cameron Perkins,26.0,PHI,NL,-0.8,42.0,97.0,88.0,9.0,16.0,5.0,0.0,1.0,8.0,0.0,0.0,5.0,23.0,0.182,0.237,0.273,0.51,35.0,0.251,41.0,24.0,1.0,2.0,0.0,2.0,0.0,H79/83,
Cameron Rupp,28.0,PHI,NL,0.9,88.0,331.0,295.0,35.0,64.0,17.0,0.0,14.0,34.0,1.0,0.0,34.0,114.0,0.217,0.299,0.417,0.716,87.0,0.317,87.0,123.0,5.0,1.0,0.0,1.0,3.0,2/H,
Carl Edwards Jr.,25.0,CHC,NL,0.0,68.0,1.0,1.0,1.0,0.0,0.0,0.0,0.0,0.0,0.0,0.0,0.0,1.0,0.0,0.0,0.0,0.0,-100.0,0.0,-142.0,0.0,0.0,0.0,0.0,0.0,0.0,1/H,
Carlos Asuaje*,25.0,SDP,NL,0.6,89.0,343.0,307.0,28.0,83.0,14.0,1.0,4.0,21.0,0.0,1.0,28.0,76.0,0.27,0.334,0.362,0.696,87.0,0.311,88.0,111.0,6.0,2.0,5.0,1.0,0.0,4/H3,
Carlos Beltrán#,40.0,HOU,AL,-0.8,129.0,509.0,467.0,60.0,108.0,29.0,0.0,14.0,51.0,0.0,0.0,33.0,102.0,0.231,0.283,0.383,0.666,81.0,0.293,80.0,179.0,9.0,3.0,0.0,6.0,3.0,D7H/9,
Carlos Carrasco,30.0,CLE,AL,0.0,2.0,5.0,4.0,1.0,0.0,0.0,0.0,0.0,0.0,0.0,0.0,1.0,1.0,0.0,0.2,0.0,0.2,-40.0,0.139,-42.0,0.0,0.0,0.0,0.0,0.0,0.0,1,CYA-4
Carlos Correa,22.0,HOU,AL,6.7,109.0,481.0,422.0,82.0,133.0,25.0,1.0,24.0,84.0,2.0,1.0,53.0,92.0,0.315,0.391,0.55,0.941,155.0,0.409,164.0,232.0,12.0,2.0,0.0,4.0,5.0,6/D,"AS,MVP-17"
Carlos Estévez,24.0,COL,NL,0.0,32.0,0.0,0.0,0.0,0.0,0.0,0.0,0.0,0.0,0.0,0.0,0.0,0.0,,,,,,,,0.0,0.0,0.0,0.0,0.0,0.0,1,
Carlos González*,31.0,COL,NL,-0.3,136.0,534.0,470.0,72.0,123.0,34.0,0.0,14.0,57.0,3.0,0.0,56.0,119.0,0.262,0.339,0.423,0.762,86.0,0.334,82.0,199.0,9.0,2.0,0.0,6.0,3.0,*9/HD,
Carlos Gómez,31.0,TEX,AL,1.4,105.0,426.0,368.0,51.0,94.0,23.0,1.0,17.0,51.0,13.0,5.0,31.0,127.0,0.255,0.34,0.462,0.802,104.0,0.347,102.0,170.0,3.0,19.0,3.0,5.0,0.0,8/HD,
Carlos Martínez,25.0,STL,NL,0.2,31.0,69.0,62.0,5.0,11.0,3.0,0.0,0.0,11.0,0.0,0.0,1.0,19.0,0.177,0.203,0.226,0.429,13.0,0.189,-12.0,14.0,1.0,1.0,5.0,0.0,0.0,1/H,AS
Carlos Moncrief*,28.0,SFG,NL,-0.5,28.0,43.0,38.0,4.0,8.0,1.0,0.0,0.0,5.0,0.0,0.0,3.0,15.0,0.211,0.256,0.237,0.493,32.0,0.221,19.0,9.0,0.0,0.0,0.0,2.0,0.0,H9/7,
Carlos Pérez,26.0,LAA,AL,-0.2,11.0,21.0,20.0,1.0,2.0,0.0,0.0,1.0,3.0,0.0,0.0,1.0,6.0,0.1,0.143,0.25,0.393,4.0,0.165,-16.0,5.0,0.0,0.0,0.0,0.0,0.0,2/HD,
Carlos Rodón*,24.0,CHW,AL,0.1,3.0,7.0,6.0,0.0,2.0,1.0,0.0,0.0,2.0,0.0,0.0,0.0,2.0,0.333,0.333,0.5,0.833,122.0,0.353,122.0,3.0,0.0,0.0,1.0,0.0,0.0,1,
Carlos Ruiz,38.0,SEA,AL,0.5,53.0,145.0,125.0,14.0,27.0,8.0,0.0,3.0,11.0,1.0,0.0,14.0,38.0,0.216,0.313,0.352,0.665,82.0,0.303,84.0,44.0,4.0,4.0,1.0,1.0,0.0,2/H13D,
Carlos Santana#,31.0,CLE,AL,3.3,154.0,667.0,571.0,90.0,148.0,37.0,3.0,23.0,79.0,5.0,1.0,88.0,94.0,0.259,0.363,0.455,0.818,112.0,0.356,112.0,260.0,11.0,6.0,0.0,2.0,6.0,*3/9DH,
Carlos Torres,34.0,MIL,NL,0.0,64.0,0.0,0.0,0.0,0.0,0.0,0.0,0.0,0.0,0.0,0.0,0.0,0.0,,,,,,,,0.0,0.0,0.0,0.0,0.0,0.0,1,
Carson Kelly,22.0,STL,NL,-0.4,34.0,75.0,69.0,5.0,12.0,3.0,0.0,0.0,6.0,0.0,0.0,5.0,11.0,0.174,0.24,0.217,0.457,23.0,0.209,11.0,15.0,3.0,1.0,0.0,0.0,0.0,2H,
Carson Smith,27.0,BOS,AL,0.0,1.0,0.0,0.0,0.0,0.0,0.0,0.0,0.0,0.0,0.0,0.0,0.0,0.0,,,,,,,,0.0,0.0,0.0,0.0,0.0,0.0,/1,
Carter Capps,26.0,SDP,NL,0.0,11.0,0.0,0.0,0.0,0.0,0.0,0.0,0.0,0.0,0.0,0.0,0.0,0.0,,,,,,,,0.0,0.0,0.0,0.0,0.0,0.0,1,
Casey Fien,33.0,PHI,NL,0.0,3.0,0.0,0.0,0.0,0.0,0.0,0.0,0.0,0.0,0.0,0.0,0.0,0.0,,,,,,,,0.0,0.0,0.0,0.0,0.0,0.0,/1,
Casey Lawrence,29.0,2TM,AL,0.0,2.0,3.0,2.0,0.0,0.0,0.0,0.0,0.0,0.0,0.0,0.0,0.0,1.0,0.0,0.0,0.0,0.0,-100.0,0.0,-254.0,0.0,0.0,0.0,1.0,0.0,0.0,1,
Casey Lawrence,29.0,TOR,AL,0.0,1.0,2.0,1.0,0.0,0.0,0.0,0.0,0.0,0.0,0.0,0.0,0.0,0.0,0.0,0.0,0.0,0.0,-100.0,0.0,-375.0,0.0,0.0,0.0,1.0,0.0,0.0,/1,
Casey Lawrence,29.0,SEA,AL,0.0,1.0,1.0,1.0,0.0,0.0,0.0,0.0,0.0,0.0,0.0,0.0,0.0,1.0,0.0,0.0,0.0,0.0,-100.0,0.0,-133.0,0.0,0.0,0.0,0.0,0.0,0.0,1,
CC Sabathia*,36.0,NYY,AL,0.0,2.0,4.0,3.0,0.0,0.0,0.0,0.0,0.0,0.0,0.0,0.0,1.0,2.0,0.0,0.25,0.0,0.25,-24.0,0.174,-15.0,0.0,0.0,0.0,0.0,0.0,0.0,1,
Chad Bell,28.0,DET,AL,0.0,1.0,0.0,0.0,0.0,0.0,0.0,0.0,0.0,0.0,0.0,0.0,0.0,0.0,,,,,,,,0.0,0.0,0.0,0.0,0.0,0.0,1,
Chad Bettis,28.0,COL,NL,-0.1,9.0,15.0,11.0,1.0,1.0,0.0,0.0,0.0,1.0,0.0,0.0,1.0,6.0,0.091,0.167,0.091,0.258,-34.0,0.133,-101.0,1.0,0.0,0.0,3.0,0.0,0.0,/1,
Chad Green*,26.0,NYY,AL,0.0,1.0,0.0,0.0,0.0,0.0,0.0,0.0,0.0,0.0,0.0,0.0,0.0,0.0,,,,,,,,0.0,0.0,0.0,0.0,0.0,0.0,1,
Chad Huffman,32.0,STL,NL,0.0,12.0,15.0,14.0,3.0,4.0,0.0,1.0,0.0,0.0,0.0,0.0,1.0,6.0,0.286,0.333,0.429,0.762,100.0,0.323,92.0,6.0,0.0,0.0,0.0,0.0,0.0,H/9D,
Chad Kuhl,24.0,PIT,NL,-0.1,30.0,52.0,48.0,2.0,5.0,2.0,0.0,0.0,3.0,0.0,0.0,1.0,16.0,0.104,0.122,0.146,0.268,-29.0,0.156,-34.0,7.0,1.0,0.0,3.0,0.0,0.0,1/H,
Chad Pinder,25.0,OAK,AL,1.0,87.0,309.0,282.0,36.0,67.0,15.0,1.0,15.0,42.0,2.0,1.0,18.0,92.0,0.238,0.292,0.457,0.75,101.0,0.329,105.0,129.0,7.0,5.0,0.0,3.0,0.0,964H/8D7,
Chad Qualls,38.0,COL,NL,0.0,18.0,0.0,0.0,0.0,0.0,0.0,0.0,0.0,0.0,0.0,0.0,0.0,0.0,,,,,,,,0.0,0.0,0.0,0.0,0.0,0.0,1,
Chad Wallach,25.0,CIN,NL,-0.1,6.0,11.0,11.0,0.0,1.0,0.0,0.0,0.0,0.0,0.0,0.0,0.0,5.0,0.091,0.091,0.091,0.182,-52.0,0.081,-84.0,1.0,0.0,0.0,0.0,0.0,0.0,/2H3,
Chance Sisco*,22.0,BAL,AL,0.4,10.0,22.0,18.0,3.0,6.0,2.0,0.0,2.0,4.0,0.0,0.0,3.0,7.0,0.333,0.455,0.778,1.232,225.0,0.495,221.0,14.0,0.0,1.0,0.0,0.0,0.0,2/H,
Charlie Blackmon*,30.0,COL,NL,5.5,159.0,725.0,644.0,137.0,213.0,35.0,14.0,37.0,104.0,14.0,10.0,65.0,135.0,0.331,0.399,0.601,1.0,141.0,0.425,152.0,387.0,4.0,10.0,3.0,3.0,9.0,*8/H,"AS,MVP-5,SS"
Charlie Culberson,28.0,LAD,NL,0.0,15.0,15.0,13.0,0.0,2.0,1.0,0.0,0.0,1.0,0.0,0.0,2.0,4.0,0.154,0.267,0.231,0.497,35.0,0.235,31.0,3.0,2.0,0.0,0.0,0.0,0.0,6/4H5,
Charlie Morton,33.0,HOU,AL,0.0,1.0,3.0,3.0,0.0,0.0,0.0,0.0,0.0,0.0,0.0,0.0,0.0,0.0,0.0,0.0,0.0,0.0,-100.0,0.0,-131.0,0.0,0.0,0.0,0.0,0.0,0.0,1,
Chase Anderson,29.0,MIL,NL,-0.1,24.0,55.0,52.0,1.0,7.0,1.0,0.0,0.0,3.0,0.0,0.0,0.0,29.0,0.135,0.135,0.154,0.288,-25.0,0.139,-51.0,8.0,1.0,0.0,3.0,0.0,0.0,1,
Chase d'Arnaud,30.0,3TM,2LG,-0.3,35.0,62.0,58.0,12.0,11.0,2.0,0.0,1.0,3.0,5.0,1.0,4.0,20.0,0.19,0.242,0.276,0.518,38.0,0.233,20.0,16.0,0.0,0.0,0.0,0.0,1.0,H6/47539,
Chase d'Arnaud,30.0,2TM,NL,-0.4,33.0,61.0,57.0,10.0,10.0,2.0,0.0,1.0,3.0,5.0,1.0,4.0,20.0,0.175,0.23,0.263,0.493,31.0,0.223,13.0,15.0,0.0,0.0,0.0,0.0,1.0,H6/74539,
Chase d'Arnaud,30.0,ATL,NL,0.1,11.0,10.0,8.0,5.0,3.0,0.0,0.0,0.0,0.0,0.0,0.0,2.0,3.0,0.375,0.5,0.375,0.875,136.0,0.399,145.0,3.0,0.0,0.0,0.0,0.0,0.0,/H75,
Chase d'Arnaud,30.0,BOS,AL,0.1,2.0,1.0,1.0,2.0,1.0,0.0,0.0,0.0,0.0,0.0,0.0,0.0,0.0,1.0,1.0,1.0,2.0,430.0,0.799,433.0,1.0,0.0,0.0,0.0,0.0,0.0,/H4,
Chase d'Arnaud,30.0,SDP,NL,-0.5,22.0,51.0,49.0,5.0,7.0,2.0,0.0,1.0,3.0,5.0,1.0,2.0,17.0,0.143,0.176,0.245,0.421,11.0,0.188,-13.0,12.0,0.0,0.0,0.0,0.0,1.0,6/H4539,
Chase Headley#,33.0,NYY,AL,2.1,147.0,586.0,512.0,77.0,140.0,30.0,1.0,12.0,61.0,9.0,2.0,60.0,132.0,0.273,0.352,0.406,0.758,100.0,0.349,108.0,208.0,10.0,6.0,1.0,7.0,2.0,53DH/4,
Chase Utley*,38.0,LAD,NL,0.8,127.0,353.0,309.0,43.0,73.0,20.0,4.0,8.0,34.0,6.0,1.0,32.0,57.0,0.236,0.324,0.405,0.728,93.0,0.323,92.0,125.0,3.0,9.0,1.0,2.0,0.0,4H3/D,
Chase Whitley,28.0,TBR,AL,0.0,4.0,0.0,0.0,0.0,0.0,0.0,0.0,0.0,0.0,0.0,0.0,0.0,0.0,,,,,,,,0.0,0.0,0.0,0.0,0.0,0.0,1,
Chasen Bradford,27.0,NYM,NL,0.0,25.0,1.0,1.0,0.0,0.0,0.0,0.0,0.0,0.0,0.0,0.0,0.0,1.0,0.0,0.0,0.0,0.0,-100.0,0.0,-133.0,0.0,0.0,0.0,0.0,0.0,0.0,1,
Chasen Shreve*,26.0,NYY,AL,0.0,3.0,2.0,2.0,0.0,0.0,0.0,0.0,0.0,0.0,0.0,0.0,0.0,1.0,0.0,0.0,0.0,0.0,-100.0,0.0,-142.0,0.0,0.0,0.0,0.0,0.0,0.0,1,
Chaz Roe,30.0,ATL,NL,0.0,3.0,0.0,0.0,0.0,0.0,0.0,0.0,0.0,0.0,0.0,0.0,0.0,0.0,,,,,,,,0.0,0.0,0.0,0.0,0.0,0.0,/1,
Cheslor Cuthbert,24.0,KCR,AL,-0.6,58.0,153.0,143.0,10.0,33.0,7.0,0.0,2.0,18.0,0.0,0.0,9.0,39.0,0.231,0.275,0.322,0.596,59.0,0.28,63.0,46.0,2.0,0.0,0.0,1.0,0.0,5/3DH4,
Chris Archer,28.0,TBR,AL,0.0,3.0,8.0,8.0,1.0,2.0,0.0,0.0,0.0,1.0,0.0,0.0,0.0,3.0,0.25,0.25,0.25,0.5,38.0,0.211,19.0,2.0,1.0,0.0,0.0,0.0,0.0,1,AS
Chris Beck,26.0,CHW,AL,0.0,5.0,0.0,0.0,0.0,0.0,0.0,0.0,0.0,0.0,0.0,0.0,0.0,0.0,,,,,,,,0.0,0.0,0.0,0.0,0.0,0.0,1,
Chris Carter,30.0,NYY,AL,-0.9,62.0,208.0,184.0,20.0,37.0,5.0,1.0,8.0,26.0,0.0,0.0,20.0,76.0,0.201,0.284,0.37,0.653,71.0,0.288,66.0,68.0,5.0,2.0,0.0,2.0,0.0,3/H9D,
Chris Coghlan*,32.0,TOR,AL,-0.5,36.0,88.0,75.0,7.0,15.0,2.0,0.0,1.0,5.0,0.0,0.0,9.0,22.0,0.2,0.299,0.267,0.566,53.0,0.261,49.0,20.0,2.0,2.0,1.0,1.0,0.0,5H/74D,
Chris Davis*,31.0,BAL,AL,-0.4,128.0,524.0,456.0,65.0,98.0,15.0,1.0,26.0,61.0,1.0,1.0,61.0,195.0,0.215,0.309,0.423,0.732,96.0,0.314,92.0,193.0,7.0,3.0,0.0,4.0,4.0,*3/5D,
Chris Devenski,26.0,HOU,AL,0.0,3.0,1.0,1.0,0.0,0.0,0.0,0.0,0.0,0.0,0.0,0.0,0.0,1.0,0.0,0.0,0.0,0.0,-100.0,0.0,-133.0,0.0,0.0,0.0,0.0,0.0,0.0,1,AS
Chris Flexen,22.0,NYM,NL,0.0,13.0,14.0,13.0,0.0,2.0,1.0,0.0,0.0,0.0,0.0,0.0,0.0,7.0,0.154,0.154,0.231,0.385,2.0,0.164,-27.0,3.0,0.0,0.0,1.0,0.0,0.0,1,
Chris Gimenez,34.0,MIN,AL,0.6,74.0,225.0,186.0,28.0,41.0,9.0,0.0,7.0,16.0,1.0,0.0,33.0,60.0,0.22,0.35,0.382,0.731,97.0,0.327,97.0,71.0,3.0,4.0,2.0,0.0,0.0,2/3H175D,
Chris Hatcher#,32.0,2TM,2LG,0.0,25.0,0.0,0.0,0.0,0.0,0.0,0.0,0.0,0.0,0.0,0.0,0.0,0.0,,,,,,,,0.0,0.0,0.0,0.0,0.0,0.0,1,
Chris Hatcher#,32.0,LAD,NL,0.0,24.0,0.0,0.0,0.0,0.0,0.0,0.0,0.0,0.0,0.0,0.0,0.0,0.0,,,,,,,,0.0,0.0,0.0,0.0,0.0,0.0,1,
Chris Hatcher#,32.0,OAK,AL,0.0,1.0,0.0,0.0,0.0,0.0,0.0,0.0,0.0,0.0,0.0,0.0,0.0,0.0,,,,,,,,0.0,0.0,0.0,0.0,0.0,0.0,1,
Chris Heisey,32.0,WSN,NL,-0.6,38.0,79.0,74.0,8.0,12.0,3.0,1.0,1.0,5.0,0.0,0.0,5.0,22.0,0.162,0.215,0.27,0.485,24.0,0.213,7.0,20.0,1.0,0.0,0.0,0.0,0.0,7H/9,
Chris Herrmann*,29.0,ARI,NL,-0.9,106.0,256.0,226.0,35.0,41.0,7.0,0.0,10.0,27.0,5.0,0.0,29.0,67.0,0.181,0.273,0.345,0.619,56.0,0.281,49.0,78.0,1.0,0.0,0.0,1.0,0.0,2H7/39,
Chris Heston,29.0,MIN,AL,0.0,1.0,0.0,0.0,0.0,0.0,0.0,0.0,0.0,0.0,0.0,0.0,0.0,0.0,,,,,,,,0.0,0.0,0.0,0.0,0.0,0.0,/1,
Chris Iannetta,34.0,ARI,NL,1.8,89.0,316.0,272.0,38.0,69.0,19.0,0.0,17.0,43.0,0.0,0.0,37.0,87.0,0.254,0.354,0.511,0.865,116.0,0.375,120.0,139.0,3.0,6.0,0.0,1.0,0.0,2H/5,
Chris Marrero,28.0,SFG,NL,-0.6,15.0,41.0,38.0,2.0,5.0,0.0,0.0,1.0,5.0,0.0,0.0,2.0,9.0,0.132,0.171,0.211,0.381,0.0,0.17,-18.0,8.0,4.0,0.0,0.0,1.0,0.0,7/H,
Chris O'Grady,27.0,MIA,NL,-0.1,13.0,9.0,8.0,0.0,0.0,0.0,0.0,0.0,0.0,0.0,0.0,0.0,5.0,0.0,0.0,0.0,0.0,-100.0,0.0,-161.0,0.0,0.0,0.0,1.0,0.0,0.0,1,
Chris Owings,25.0,ARI,NL,0.9,97.0,386.0,362.0,41.0,97.0,25.0,1.0,12.0,51.0,12.0,2.0,17.0,87.0,0.268,0.299,0.442,0.741,85.0,0.333,86.0,160.0,3.0,1.0,2.0,4.0,0.0,694/H7,
Chris Rusin*,30.0,COL,NL,0.1,54.0,10.0,9.0,1.0,3.0,0.0,0.0,0.0,0.0,0.0,0.0,0.0,3.0,0.333,0.333,0.333,0.667,65.0,0.288,45.0,3.0,0.0,0.0,1.0,0.0,0.0,1,
Chris Sale*,28.0,BOS,AL,0.1,1.0,3.0,3.0,0.0,1.0,1.0,0.0,0.0,0.0,0.0,0.0,0.0,1.0,0.333,0.333,0.667,1.0,152.0,0.409,153.0,2.0,0.0,0.0,0.0,0.0,0.0,1,"AS,CYA-2,MVP-9"
Chris Smith,36.0,OAK,AL,0.0,2.0,1.0,1.0,0.0,0.0,0.0,0.0,0.0,0.0,0.0,0.0,0.0,0.0,0.0,0.0,0.0,0.0,-100.0,0.0,-133.0,0.0,0.0,0.0,0.0,0.0,0.0,1,
Chris Stewart,35.0,PIT,NL,-0.9,51.0,144.0,131.0,8.0,24.0,1.0,2.0,0.0,4.0,0.0,0.0,9.0,22.0,0.183,0.241,0.221,0.463,24.0,0.223,19.0,29.0,3.0,1.0,3.0,0.0,1.0,2/H,
Chris Stratton,26.0,SFG,NL,-0.1,12.0,16.0,14.0,1.0,2.0,0.0,0.0,0.0,0.0,0.0,0.0,0.0,3.0,0.143,0.143,0.143,0.286,-24.0,0.128,-69.0,2.0,0.0,0.0,2.0,0.0,0.0,1,
Chris Taylor,26.0,LAD,NL,4.5,140.0,568.0,514.0,85.0,148.0,34.0,5.0,21.0,72.0,17.0,4.0,50.0,142.0,0.288,0.354,0.496,0.85,123.0,0.375,130.0,255.0,2.0,3.0,0.0,1.0,0.0,8746H/5,
Chris Young,33.0,BOS,AL,-0.2,90.0,276.0,243.0,30.0,57.0,12.0,2.0,7.0,25.0,3.0,2.0,30.0,55.0,0.235,0.322,0.387,0.709,86.0,0.315,85.0,94.0,4.0,2.0,0.0,1.0,0.0,7DH/9,
Chris Young,38.0,KCR,AL,0.0,2.0,0.0,0.0,0.0,0.0,0.0,0.0,0.0,0.0,0.0,0.0,0.0,0.0,,,,,,,,0.0,0.0,0.0,0.0,0.0,0.0,1,
Christian Arroyo,22.0,SFG,NL,-0.3,34.0,135.0,125.0,9.0,24.0,5.0,0.0,3.0,14.0,1.0,2.0,8.0,32.0,0.192,0.244,0.304,0.548,44.0,0.239,36.0,38.0,4.0,1.0,0.0,1.0,1.0,56/4H,
Christian Bergman,29.0,SEA,AL,0.0,1.0,1.0,1.0,0.0,0.0,0.0,0.0,0.0,0.0,0.0,0.0,0.0,0.0,0.0,0.0,0.0,0.0,-100.0,0.0,-133.0,0.0,0.0,0.0,0.0,0.0,0.0,1,
Christian Bethancourt,25.0,SDP,NL,-0.1,8.0,7.0,7.0,0.0,1.0,0.0,0.0,0.0,0.0,0.0,0.0,0.0,3.0,0.143,0.143,0.143,0.286,-23.0,0.114,-54.0,1.0,0.0,0.0,0.0,0.0,0.0,/H14,
Christian Colón,28.0,2TM,2LG,-0.2,24.0,57.0,50.0,4.0,8.0,1.0,0.0,0.0,0.0,0.0,0.0,5.0,10.0,0.16,0.236,0.18,0.416,16.0,0.202,7.0,9.0,4.0,0.0,2.0,0.0,1.0,45/H,
Christian Colón,28.0,KCR,AL,-0.1,7.0,19.0,17.0,1.0,3.0,0.0,0.0,0.0,0.0,0.0,0.0,1.0,3.0,0.176,0.222,0.176,0.399,9.0,0.182,-13.0,3.0,2.0,0.0,1.0,0.0,0.0,/4H,
Christian Colón,28.0,MIA,NL,-0.1,17.0,38.0,33.0,3.0,5.0,1.0,0.0,0.0,0.0,0.0,0.0,4.0,7.0,0.152,0.243,0.182,0.425,20.0,0.212,17.0,6.0,2.0,0.0,1.0,0.0,1.0,5/4H,
Christian Villanueva,26.0,SDP,NL,0.6,12.0,32.0,32.0,5.0,11.0,1.0,0.0,4.0,7.0,0.0,0.0,0.0,10.0,0.344,0.344,0.75,1.094,181.0,0.501,224.0,24.0,0.0,0.0,0.0,0.0,0.0,/5H,
Christian Vázquez,26.0,BOS,AL,0.8,99.0,345.0,324.0,43.0,94.0,18.0,2.0,5.0,32.0,7.0,2.0,17.0,64.0,0.29,0.33,0.404,0.735,92.0,0.329,93.0,131.0,14.0,3.0,0.0,1.0,0.0,2/5DH,
Christian Walker,26.0,ARI,NL,0.1,11.0,15.0,12.0,2.0,3.0,1.0,0.0,2.0,2.0,0.0,0.0,1.0,5.0,0.25,0.4,0.833,1.233,201.0,0.489,203.0,10.0,0.0,2.0,0.0,0.0,0.0,H/3D,
Christian Yelich*,25.0,MIA,NL,3.7,156.0,695.0,602.0,100.0,170.0,36.0,2.0,18.0,81.0,16.0,2.0,80.0,137.0,0.282,0.369,0.439,0.807,120.0,0.357,123.0,264.0,13.0,6.0,0.0,6.0,4.0,*8/H,
Christopher Bostick,24.0,PIT,NL,0.1,20.0,32.0,27.0,6.0,8.0,2.0,0.0,0.0,1.0,0.0,1.0,4.0,9.0,0.296,0.406,0.37,0.777,109.0,0.33,110.0,10.0,0.0,1.0,0.0,0.0,0.0,H/47,
Clay Buchholz*,32.0,PHI,NL,0.0,2.0,2.0,2.0,0.0,0.0,0.0,0.0,0.0,0.0,0.0,0.0,0.0,2.0,0.0,0.0,0.0,0.0,-100.0,0.0,-138.0,0.0,0.0,0.0,0.0,0.0,0.0,/1,
Clayton Kershaw*,29.0,LAD,NL,0.4,24.0,59.0,49.0,6.0,9.0,1.0,0.0,0.0,2.0,0.0,0.0,4.0,13.0,0.184,0.245,0.204,0.449,22.0,0.228,18.0,10.0,2.0,0.0,6.0,0.0,0.0,1,"AS,CYA-2,MVP-17"
Clayton Richard*,33.0,SDP,NL,0.1,31.0,68.0,57.0,2.0,7.0,1.0,0.0,1.0,4.0,0.0,0.0,1.0,31.0,0.123,0.167,0.193,0.36,-4.0,0.164,-34.0,11.0,0.0,2.0,8.0,0.0,0.0,1,
Cliff Pennington#,33.0,LAA,AL,0.6,87.0,217.0,194.0,23.0,49.0,6.0,0.0,3.0,21.0,3.0,1.0,16.0,58.0,0.253,0.306,0.33,0.635,73.0,0.294,76.0,64.0,2.0,1.0,1.0,5.0,0.0,4H56/D,
Clint Frazier,22.0,NYY,AL,-0.2,39.0,142.0,134.0,16.0,31.0,9.0,4.0,4.0,17.0,1.0,0.0,7.0,43.0,0.231,0.268,0.448,0.715,84.0,0.307,78.0,60.0,2.0,0.0,0.0,1.0,0.0,7/9HD,
Cody Allen,28.0,CLE,AL,0.0,5.0,0.0,0.0,0.0,0.0,0.0,0.0,0.0,0.0,0.0,0.0,0.0,0.0,,,,,,,,0.0,0.0,0.0,0.0,0.0,0.0,1,
Cody Asche*,27.0,CHW,AL,-0.9,19.0,62.0,57.0,5.0,6.0,1.0,0.0,1.0,4.0,0.0,0.0,3.0,21.0,0.105,0.177,0.175,0.353,-3.0,0.156,-24.0,10.0,1.0,2.0,0.0,0.0,1.0,D/H357,
Cody Bellinger*,21.0,LAD,NL,4.0,132.0,548.0,480.0,87.0,128.0,26.0,4.0,39.0,97.0,10.0,3.0,64.0,146.0,0.267,0.352,0.581,0.933,143.0,0.384,138.0,279.0,5.0,1.0,0.0,3.0,13.0,37/98HD,"AS,MVP-9,ROY-1"
Cody Reed*,24.0,CIN,NL,0.0,12.0,2.0,2.0,0.0,0.0,0.0,0.0,0.0,0.0,0.0,0.0,0.0,2.0,0.0,0.0,0.0,0.0,-100.0,0.0,-138.0,0.0,0.0,0.0,0.0,0.0,0.0,1,
Colby Rasmus*,30.0,TBR,AL,1.2,37.0,129.0,121.0,17.0,34.0,7.0,1.0,9.0,23.0,1.0,0.0,7.0,45.0,0.281,0.318,0.579,0.896,137.0,0.367,130.0,70.0,1.0,0.0,0.0,1.0,2.0,7/9HD8,
Cole Hamels*,33.0,TEX,AL,0.0,1.0,3.0,3.0,0.0,0.0,0.0,0.0,0.0,1.0,0.0,0.0,0.0,1.0,0.0,0.0,0.0,0.0,-100.0,0.0,-144.0,0.0,0.0,0.0,0.0,0.0,0.0,1,
Colin Moran*,24.0,HOU,AL,0.1,7.0,12.0,11.0,3.0,4.0,0.0,1.0,1.0,3.0,0.0,0.0,1.0,1.0,0.364,0.417,0.818,1.235,227.0,0.491,222.0,9.0,0.0,0.0,0.0,0.0,0.0,/35H6,
Collin McHugh,30.0,HOU,AL,0.0,1.0,2.0,2.0,0.0,0.0,0.0,0.0,0.0,0.0,0.0,0.0,0.0,2.0,0.0,0.0,0.0,0.0,-100.0,0.0,-129.0,0.0,0.0,0.0,0.0,0.0,0.0,1,
Conor Gillaspie*,29.0,SFG,NL,-0.7,44.0,87.0,80.0,8.0,13.0,4.0,0.0,2.0,8.0,0.0,0.0,5.0,10.0,0.163,0.218,0.288,0.506,32.0,0.242,34.0,23.0,3.0,1.0,0.0,1.0,0.0,H5/3,
Corey Dickerson*,28.0,TBR,AL,2.7,150.0,629.0,588.0,84.0,166.0,33.0,4.0,27.0,62.0,4.0,3.0,35.0,152.0,0.282,0.325,0.49,0.815,118.0,0.346,117.0,288.0,11.0,3.0,0.0,2.0,6.0,7DH,AS
Corey Kluber,31.0,CLE,AL,0.1,1.0,2.0,2.0,0.0,1.0,0.0,0.0,0.0,0.0,0.0,0.0,0.0,0.0,0.5,0.5,0.5,1.0,164.0,0.446,179.0,1.0,0.0,0.0,0.0,0.0,0.0,1,"AS,CYA-1,MVP-7"
Corey Knebel,25.0,MIL,NL,0.0,71.0,0.0,0.0,0.0,0.0,0.0,0.0,0.0,0.0,0.0,0.0,0.0,0.0,,,,,,,,0.0,0.0,0.0,0.0,0.0,0.0,1,AS
Corey Seager*,23.0,LAD,NL,5.2,145.0,613.0,539.0,85.0,159.0,33.0,0.0,22.0,77.0,4.0,2.0,67.0,131.0,0.295,0.375,0.479,0.854,126.0,0.37,129.0,258.0,14.0,4.0,0.0,3.0,5.0,*6/HD,"AS,MVP-17,SS"
Cory Gearrin,31.0,SFG,NL,0.0,66.0,2.0,2.0,0.0,0.0,0.0,0.0,0.0,0.0,0.0,0.0,0.0,2.0,0.0,0.0,0.0,0.0,-100.0,0.0,-138.0,0.0,0.0,0.0,0.0,0.0,0.0,1,
Cory Mazzoni,27.0,SDP,NL,0.0,5.0,0.0,0.0,0.0,0.0,0.0,0.0,0.0,0.0,0.0,0.0,0.0,0.0,,,,,,,,0.0,0.0,0.0,0.0,0.0,0.0,/1,
Cory Spangenberg*,26.0,SDP,NL,0.2,129.0,486.0,444.0,57.0,117.0,18.0,2.0,13.0,46.0,11.0,3.0,34.0,128.0,0.264,0.322,0.401,0.723,92.0,0.322,93.0,178.0,2.0,5.0,2.0,1.0,1.0,57/H4,
Craig Breslow*,36.0,MIN,AL,0.0,2.0,0.0,0.0,0.0,0.0,0.0,0.0,0.0,0.0,0.0,0.0,0.0,0.0,,,,,,,,0.0,0.0,0.0,0.0,0.0,0.0,1,
Craig Gentry,33.0,BAL,AL,0.2,77.0,117.0,101.0,17.0,26.0,5.0,1.0,2.0,11.0,5.0,4.0,11.0,24.0,0.257,0.333,0.386,0.719,95.0,0.306,91.0,39.0,1.0,1.0,3.0,1.0,0.0,97H/8D,
Craig Kimbrel,29.0,BOS,AL,0.0,6.0,0.0,0.0,0.0,0.0,0.0,0.0,0.0,0.0,0.0,0.0,0.0,0.0,,,,,,,,0.0,0.0,0.0,0.0,0.0,0.0,1,"AS,CYA-6"
Craig Stammen,33.0,SDP,NL,0.3,57.0,8.0,6.0,2.0,3.0,1.0,0.0,0.0,0.0,0.0,0.0,2.0,2.0,0.5,0.625,0.667,1.292,247.0,0.541,253.0,4.0,0.0,0.0,0.0,0.0,0.0,1,
Cristhian Adames#,25.0,COL,NL,-0.4,12.0,14.0,13.0,1.0,0.0,0.0,0.0,0.0,0.0,0.0,0.0,1.0,6.0,0.0,0.071,0.0,0.071,-80.0,0.05,-121.0,0.0,0.0,0.0,0.0,0.0,0.0,H/346,
Curt Casali,28.0,TBR,AL,0.2,9.0,13.0,9.0,2.0,3.0,0.0,0.0,1.0,3.0,0.0,0.0,3.0,3.0,0.333,0.462,0.667,1.128,202.0,0.442,185.0,6.0,0.0,0.0,0.0,1.0,0.0,/2H,
Curtis Granderson*,36.0,2TM,NL,1.7,147.0,527.0,449.0,74.0,95.0,24.0,3.0,26.0,64.0,6.0,2.0,71.0,123.0,0.212,0.323,0.452,0.775,105.0,0.341,109.0,203.0,5.0,4.0,0.0,3.0,2.0,*897H/D,
Curtis Granderson*,36.0,NYM,NL,1.8,111.0,395.0,337.0,58.0,77.0,22.0,3.0,19.0,52.0,4.0,2.0,53.0,90.0,0.228,0.334,0.481,0.815,116.0,0.349,115.0,162.0,4.0,2.0,0.0,3.0,2.0,89H/7D,
Curtis Granderson*,36.0,LAD,NL,-0.1,36.0,132.0,112.0,16.0,18.0,2.0,0.0,7.0,12.0,2.0,0.0,18.0,33.0,0.161,0.288,0.366,0.654,73.0,0.319,89.0,41.0,1.0,2.0,0.0,0.0,0.0,7/98H,
César Hernández#,27.0,PHI,NL,2.8,128.0,577.0,511.0,85.0,150.0,26.0,6.0,9.0,34.0,15.0,5.0,61.0,104.0,0.294,0.373,0.421,0.793,110.0,0.36,118.0,215.0,8.0,4.0,0.0,1.0,1.0,*4/H6,
César Puello,26.0,2TM,AL,0.1,17.0,39.0,34.0,6.0,7.0,0.0,0.0,0.0,3.0,2.0,0.0,4.0,12.0,0.206,0.308,0.206,0.514,45.0,0.257,43.0,7.0,2.0,1.0,0.0,0.0,0.0,/7HD9,
César Puello,26.0,LAA,AL,0.0,1.0,4.0,4.0,0.0,1.0,0.0,0.0,0.0,1.0,2.0,0.0,0.0,1.0,0.25,0.25,0.25,0.5,37.0,0.317,10.0,1.0,0.0,0.0,0.0,0.0,0.0,/7,
César Puello,26.0,TBR,AL,0.1,16.0,35.0,30.0,6.0,6.0,0.0,0.0,0.0,2.0,0.0,0.0,4.0,11.0,0.2,0.314,0.2,0.514,46.0,0.251,47.0,6.0,2.0,1.0,0.0,0.0,0.0,/7HD9,
Dallas Keuchel*,29.0,HOU,AL,0.0,1.0,3.0,3.0,0.0,0.0,0.0,0.0,0.0,0.0,0.0,0.0,0.0,2.0,0.0,0.0,0.0,0.0,-100.0,0.0,-131.0,0.0,0.0,0.0,0.0,0.0,0.0,1,AS
Dan Altavilla,24.0,SEA,AL,0.0,5.0,0.0,0.0,0.0,0.0,0.0,0.0,0.0,0.0,0.0,0.0,0.0,0.0,,,,,,,,0.0,0.0,0.0,0.0,0.0,0.0,1,
Dan Jennings*,30.0,2TM,AL,0.0,6.0,0.0,0.0,0.0,0.0,0.0,0.0,0.0,0.0,0.0,0.0,0.0,0.0,,,,,,,,0.0,0.0,0.0,0.0,0.0,0.0,1,
Dan Jennings*,30.0,CHW,AL,0.0,3.0,0.0,0.0,0.0,0.0,0.0,0.0,0.0,0.0,0.0,0.0,0.0,0.0,,,,,,,,0.0,0.0,0.0,0.0,0.0,0.0,1,
Dan Jennings*,30.0,TBR,AL,0.0,3.0,0.0,0.0,0.0,0.0,0.0,0.0,0.0,0.0,0.0,0.0,0.0,0.0,,,,,,,,0.0,0.0,0.0,0.0,0.0,0.0,1,
Dan Otero,32.0,CLE,AL,0.0,5.0,0.0,0.0,0.0,0.0,0.0,0.0,0.0,0.0,0.0,0.0,0.0,0.0,,,,,,,,0.0,0.0,0.0,0.0,0.0,0.0,1,
Dan Runzler*,32.0,PIT,NL,0.0,8.0,0.0,0.0,0.0,0.0,0.0,0.0,0.0,0.0,0.0,0.0,0.0,0.0,,,,,,,,0.0,0.0,0.0,0.0,0.0,0.0,/1,
Dan Slania,25.0,SFG,NL,0.0,1.0,0.0,0.0,0.0,0.0,0.0,0.0,0.0,0.0,0.0,0.0,0.0,0.0,,,,,,,,0.0,0.0,0.0,0.0,0.0,0.0,/1,
Dan Straily,28.0,MIA,NL,-0.4,31.0,64.0,55.0,2.0,4.0,1.0,0.0,0.0,1.0,0.0,0.0,1.0,33.0,0.073,0.089,0.091,0.18,-50.0,0.081,-97.0,5.0,1.0,0.0,8.0,0.0,0.0,1,
Dan Winkler,27.0,ATL,NL,0.0,16.0,0.0,0.0,0.0,0.0,0.0,0.0,0.0,0.0,0.0,0.0,0.0,0.0,,,,,,,,0.0,0.0,0.0,0.0,0.0,0.0,1,
Daniel Descalso*,30.0,ARI,NL,-0.3,130.0,398.0,344.0,47.0,80.0,16.0,5.0,10.0,51.0,4.0,0.0,48.0,89.0,0.233,0.332,0.395,0.727,84.0,0.324,82.0,136.0,6.0,4.0,0.0,2.0,0.0,47H35/16D,
Daniel Gossett,24.0,OAK,AL,0.0,3.0,7.0,5.0,1.0,1.0,0.0,0.0,0.0,0.0,0.0,0.0,0.0,4.0,0.2,0.2,0.2,0.4,10.0,0.16,-63.0,1.0,0.0,0.0,2.0,0.0,0.0,1,
Daniel Hudson,30.0,PIT,NL,0.0,65.0,0.0,0.0,0.0,0.0,0.0,0.0,0.0,0.0,0.0,0.0,0.0,0.0,,,,,,,,0.0,0.0,0.0,0.0,0.0,0.0,1,
Daniel Mengden,24.0,OAK,AL,0.1,1.0,4.0,2.0,1.0,1.0,0.0,0.0,0.0,0.0,0.0,0.0,1.0,0.0,0.5,0.667,0.5,1.167,229.0,0.499,267.0,1.0,0.0,0.0,1.0,0.0,0.0,/1,
Daniel Murphy*,32.0,WSN,NL,3.2,144.0,593.0,534.0,94.0,172.0,43.0,3.0,23.0,93.0,2.0,0.0,52.0,77.0,0.322,0.384,0.543,0.928,136.0,0.39,135.0,290.0,16.0,4.0,0.0,3.0,14.0,*4/H,"AS,MVP-19,SS"
Daniel Nava#,34.0,PHI,NL,1.2,80.0,214.0,183.0,21.0,55.0,8.0,1.0,4.0,21.0,1.0,0.0,26.0,38.0,0.301,0.393,0.421,0.813,116.0,0.36,119.0,77.0,2.0,3.0,0.0,2.0,0.0,7H/93D,
Daniel Robertson,23.0,TBR,AL,0.0,75.0,254.0,218.0,22.0,45.0,7.0,2.0,5.0,19.0,1.0,1.0,29.0,73.0,0.206,0.308,0.326,0.634,74.0,0.29,76.0,71.0,5.0,4.0,1.0,2.0,0.0,465/D7H,
Daniel Robertson,31.0,CLE,AL,0.0,32.0,88.0,80.0,9.0,18.0,4.0,1.0,1.0,7.0,0.0,1.0,7.0,3.0,0.225,0.287,0.338,0.625,63.0,0.28,62.0,27.0,6.0,0.0,1.0,0.0,1.0,97/H8D,
Daniel Stumpf*,26.0,DET,AL,0.0,6.0,0.0,0.0,0.0,0.0,0.0,0.0,0.0,0.0,0.0,0.0,0.0,0.0,,,,,,,,0.0,0.0,0.0,0.0,0.0,0.0,1,
Daniel Vogelbach*,24.0,SEA,AL,-0.6,16.0,31.0,28.0,0.0,6.0,1.0,0.0,0.0,2.0,0.0,0.0,3.0,9.0,0.214,0.29,0.25,0.54,51.0,0.248,46.0,7.0,2.0,0.0,0.0,0.0,0.0,/H3D,
Danny Barnes*,27.0,TOR,AL,0.0,4.0,0.0,0.0,0.0,0.0,0.0,0.0,0.0,0.0,0.0,0.0,0.0,0.0,,,,,,,,0.0,0.0,0.0,0.0,0.0,0.0,1,
Danny Coulombe*,27.0,OAK,AL,0.0,7.0,0.0,0.0,0.0,0.0,0.0,0.0,0.0,0.0,0.0,0.0,0.0,0.0,,,,,,,,0.0,0.0,0.0,0.0,0.0,0.0,1,
Danny Duffy*,28.0,KCR,AL,0.1,1.0,2.0,2.0,0.0,1.0,0.0,0.0,0.0,0.0,0.0,0.0,0.0,1.0,0.5,0.5,0.5,1.0,169.0,0.446,183.0,1.0,0.0,0.0,0.0,0.0,0.0,1,
Danny Espinosa#,30.0,3TM,AL,-0.9,93.0,295.0,266.0,30.0,46.0,10.0,0.0,6.0,31.0,4.0,5.0,21.0,109.0,0.173,0.245,0.278,0.523,42.0,0.229,34.0,74.0,2.0,5.0,1.0,2.0,1.0,4H/563D,
Danny Espinosa#,30.0,LAA,AL,-0.5,77.0,254.0,228.0,27.0,37.0,8.0,0.0,6.0,29.0,3.0,5.0,19.0,91.0,0.162,0.237,0.276,0.513,39.0,0.223,31.0,63.0,2.0,4.0,1.0,2.0,1.0,4H/D,
Danny Espinosa#,30.0,SEA,AL,-0.1,8.0,17.0,16.0,2.0,3.0,2.0,0.0,0.0,2.0,1.0,0.0,1.0,7.0,0.188,0.235,0.313,0.548,48.0,0.252,39.0,5.0,0.0,0.0,0.0,0.0,0.0,/536H4,
Danny Espinosa#,30.0,TBR,AL,-0.3,8.0,24.0,22.0,1.0,6.0,0.0,0.0,0.0,0.0,0.0,0.0,1.0,11.0,0.273,0.333,0.273,0.606,69.0,0.278,67.0,6.0,0.0,1.0,0.0,0.0,0.0,/465H,
Danny Farquhar,30.0,TBR,AL,0.0,2.0,0.0,0.0,0.0,0.0,0.0,0.0,0.0,0.0,0.0,0.0,0.0,0.0,,,,,,,,0.0,0.0,0.0,0.0,0.0,0.0,1,
Danny Ortiz*,27.0,PIT,NL,-0.2,9.0,13.0,12.0,1.0,1.0,0.0,0.0,0.0,0.0,0.0,0.0,1.0,1.0,0.083,0.154,0.083,0.237,-34.0,0.123,-50.0,1.0,0.0,0.0,0.0,0.0,0.0,/978H,
Danny Santana#,26.0,2TM,2LG,0.1,82.0,178.0,168.0,19.0,34.0,10.0,2.0,4.0,23.0,7.0,0.0,8.0,41.0,0.202,0.243,0.357,0.6,55.0,0.279,52.0,60.0,3.0,1.0,1.0,0.0,1.0,7H/9458D,
Danny Santana#,26.0,MIN,AL,0.2,13.0,26.0,25.0,3.0,5.0,1.0,0.0,1.0,1.0,1.0,0.0,1.0,8.0,0.2,0.231,0.36,0.591,55.0,0.258,41.0,9.0,1.0,0.0,0.0,0.0,0.0,/7H945D,
Danny Santana#,26.0,ATL,NL,-0.1,69.0,152.0,143.0,16.0,29.0,9.0,2.0,3.0,22.0,6.0,0.0,7.0,33.0,0.203,0.245,0.357,0.602,55.0,0.282,54.0,51.0,2.0,1.0,1.0,0.0,1.0,H7/4958D,
Danny Valencia,32.0,SEA,AL,1.2,130.0,500.0,450.0,54.0,115.0,19.0,3.0,15.0,66.0,2.0,2.0,40.0,122.0,0.256,0.314,0.411,0.725,97.0,0.324,101.0,185.0,16.0,2.0,0.0,8.0,0.0,*3H9/5,
Dansby Swanson,23.0,ATL,NL,-0.2,144.0,551.0,488.0,59.0,113.0,23.0,2.0,6.0,51.0,3.0,3.0,59.0,120.0,0.232,0.312,0.324,0.636,68.0,0.285,63.0,158.0,7.0,0.0,0.0,4.0,10.0,*6/H,
Darrell Ceciliani*,27.0,TOR,AL,0.2,3.0,5.0,5.0,2.0,2.0,1.0,0.0,1.0,3.0,0.0,0.0,0.0,0.0,0.4,0.4,1.2,1.6,301.0,0.637,318.0,6.0,0.0,0.0,0.0,0.0,0.0,/H78D,
Darren O'Day,34.0,BAL,AL,0.0,2.0,0.0,0.0,0.0,0.0,0.0,0.0,0.0,0.0,0.0,0.0,0.0,0.0,,,,,,,,0.0,0.0,0.0,0.0,0.0,0.0,1,
Darwin Barney,31.0,TOR,AL,-0.5,129.0,362.0,336.0,34.0,78.0,14.0,0.0,6.0,25.0,7.0,2.0,18.0,64.0,0.232,0.275,0.327,0.602,60.0,0.282,63.0,110.0,13.0,2.0,5.0,1.0,0.0,45H6/7D,
David Freese,34.0,PIT,NL,2.3,130.0,503.0,426.0,44.0,112.0,16.0,0.0,10.0,52.0,0.0,1.0,58.0,116.0,0.263,0.368,0.371,0.739,98.0,0.333,102.0,158.0,10.0,15.0,0.0,4.0,5.0,*5H/3D,
David Freitas,28.0,ATL,NL,0.0,6.0,17.0,17.0,2.0,4.0,2.0,0.0,0.0,2.0,0.0,0.0,0.0,4.0,0.235,0.235,0.353,0.588,51.0,0.25,38.0,6.0,1.0,0.0,0.0,0.0,0.0,/2,
David Goforth,28.0,MIL,NL,0.0,1.0,0.0,0.0,0.0,0.0,0.0,0.0,0.0,0.0,0.0,0.0,0.0,0.0,,,,,,,,0.0,0.0,0.0,0.0,0.0,0.0,/1,
David Hernández,32.0,2TM,2LG,0.0,25.0,0.0,0.0,0.0,0.0,0.0,0.0,0.0,0.0,0.0,0.0,0.0,0.0,,,,,,,,0.0,0.0,0.0,0.0,0.0,0.0,1,
David Hernández,32.0,LAA,AL,0.0,3.0,0.0,0.0,0.0,0.0,0.0,0.0,0.0,0.0,0.0,0.0,0.0,0.0,,,,,,,,0.0,0.0,0.0,0.0,0.0,0.0,1,
David Hernández,32.0,ARI,NL,0.0,22.0,0.0,0.0,0.0,0.0,0.0,0.0,0.0,0.0,0.0,0.0,0.0,0.0,,,,,,,,0.0,0.0,0.0,0.0,0.0,0.0,1,
David Holmberg,25.0,CHW,AL,0.0,5.0,0.0,0.0,0.0,0.0,0.0,0.0,0.0,0.0,0.0,0.0,0.0,0.0,,,,,,,,0.0,0.0,0.0,0.0,0.0,0.0,1,
David Peralta*,29.0,ARI,NL,2.3,140.0,577.0,525.0,82.0,154.0,31.0,3.0,14.0,57.0,8.0,4.0,43.0,94.0,0.293,0.352,0.444,0.796,100.0,0.352,104.0,233.0,7.0,6.0,0.0,3.0,1.0,*97H/D,
David Phelps,30.0,2TM,2LG,0.0,44.0,1.0,1.0,0.0,0.0,0.0,0.0,0.0,0.0,0.0,0.0,0.0,1.0,0.0,0.0,0.0,0.0,-100.0,0.0,-125.0,0.0,0.0,0.0,0.0,0.0,0.0,1,
David Phelps,30.0,MIA,NL,0.0,43.0,1.0,1.0,0.0,0.0,0.0,0.0,0.0,0.0,0.0,0.0,0.0,1.0,0.0,0.0,0.0,0.0,-100.0,0.0,-125.0,0.0,0.0,0.0,0.0,0.0,0.0,1,
David Phelps,30.0,SEA,AL,0.0,1.0,0.0,0.0,0.0,0.0,0.0,0.0,0.0,0.0,0.0,0.0,0.0,0.0,,,,,,,,0.0,0.0,0.0,0.0,0.0,0.0,1,
David Price*,31.0,BOS,AL,0.1,1.0,1.0,1.0,0.0,1.0,0.0,0.0,0.0,0.0,0.0,0.0,0.0,0.0,1.0,1.0,1.0,2.0,430.0,0.892,500.0,1.0,0.0,0.0,0.0,0.0,0.0,1,
David Robertson,32.0,2TM,AL,0.0,5.0,0.0,0.0,0.0,0.0,0.0,0.0,0.0,0.0,0.0,0.0,0.0,0.0,,,,,,,,0.0,0.0,0.0,0.0,0.0,0.0,1,
David Robertson,32.0,CHW,AL,0.0,3.0,0.0,0.0,0.0,0.0,0.0,0.0,0.0,0.0,0.0,0.0,0.0,0.0,,,,,,,,0.0,0.0,0.0,0.0,0.0,0.0,1,
David Robertson,32.0,NYY,AL,0.0,2.0,0.0,0.0,0.0,0.0,0.0,0.0,0.0,0.0,0.0,0.0,0.0,0.0,,,,,,,,0.0,0.0,0.0,0.0,0.0,0.0,1,
David Washington*,26.0,BAL,AL,-0.2,3.0,6.0,6.0,0.0,0.0,0.0,0.0,0.0,0.0,0.0,0.0,0.0,5.0,0.0,0.0,0.0,0.0,-100.0,0.0,-133.0,0.0,0.0,0.0,0.0,0.0,0.0,/9DH,
Deck McGuire,28.0,CIN,NL,0.0,6.0,3.0,3.0,0.0,0.0,0.0,0.0,0.0,1.0,0.0,0.0,0.0,1.0,0.0,0.0,0.0,0.0,-100.0,0.0,-146.0,0.0,0.0,0.0,0.0,0.0,0.0,/1,
Dee Strange-Gordon*,29.0,MIA,NL,3.7,158.0,695.0,653.0,114.0,201.0,20.0,9.0,2.0,33.0,60.0,16.0,25.0,93.0,0.308,0.341,0.375,0.716,97.0,0.324,96.0,245.0,7.0,10.0,2.0,4.0,0.0,*4/H6,
Delino DeShields,24.0,TEX,AL,1.6,120.0,440.0,376.0,75.0,101.0,15.0,2.0,6.0,22.0,29.0,8.0,44.0,109.0,0.269,0.347,0.367,0.714,85.0,0.331,87.0,138.0,2.0,3.0,13.0,4.0,0.0,78H/D,
Dellin Betances,29.0,NYY,AL,0.0,6.0,0.0,0.0,0.0,0.0,0.0,0.0,0.0,0.0,0.0,0.0,0.0,0.0,,,,,,,,0.0,0.0,0.0,0.0,0.0,0.0,1,AS
Denard Span*,33.0,SFG,NL,-1.3,129.0,542.0,497.0,73.0,135.0,31.0,5.0,12.0,43.0,12.0,7.0,40.0,69.0,0.272,0.329,0.427,0.756,98.0,0.33,98.0,212.0,11.0,3.0,1.0,1.0,0.0,*8H,
Deolis Guerra,28.0,LAA,AL,0.0,2.0,0.0,0.0,0.0,0.0,0.0,0.0,0.0,0.0,0.0,0.0,0.0,0.0,,,,,,,,0.0,0.0,0.0,0.0,0.0,0.0,1,
Derek Dietrich*,27.0,MIA,NL,1.1,135.0,464.0,406.0,56.0,101.0,22.0,5.0,13.0,53.0,0.0,1.0,36.0,98.0,0.249,0.334,0.424,0.758,106.0,0.329,107.0,172.0,4.0,18.0,0.0,4.0,5.0,5H34/7,
Derek Fisher*,23.0,HOU,AL,0.5,53.0,166.0,146.0,21.0,31.0,4.0,1.0,5.0,17.0,3.0,3.0,17.0,54.0,0.212,0.307,0.356,0.663,82.0,0.296,85.0,52.0,1.0,3.0,0.0,0.0,1.0,79H/8D,
Derek Holland#,30.0,CHW,AL,0.1,1.0,1.0,1.0,0.0,1.0,0.0,0.0,0.0,0.0,0.0,0.0,0.0,0.0,1.0,1.0,1.0,2.0,448.0,0.892,508.0,1.0,0.0,0.0,0.0,0.0,0.0,1,
Derek Law,26.0,SFG,NL,0.0,39.0,0.0,0.0,0.0,0.0,0.0,0.0,0.0,0.0,0.0,0.0,0.0,0.0,,,,,,,,0.0,0.0,0.0,0.0,0.0,0.0,1,
Derek Norris,28.0,TBR,AL,-0.1,53.0,198.0,179.0,21.0,36.0,5.0,0.0,9.0,24.0,1.0,0.0,12.0,48.0,0.201,0.258,0.38,0.637,71.0,0.277,65.0,68.0,5.0,3.0,0.0,4.0,0.0,2,
Deven Marrero,26.0,BOS,AL,0.4,71.0,188.0,171.0,32.0,36.0,9.0,0.0,4.0,27.0,5.0,0.0,12.0,61.0,0.211,0.259,0.333,0.593,54.0,0.282,55.0,57.0,8.0,0.0,3.0,2.0,0.0,54H/63,
Devin Mesoraco,29.0,CIN,NL,0.2,56.0,165.0,141.0,17.0,30.0,5.0,1.0,6.0,14.0,1.0,0.0,18.0,38.0,0.213,0.321,0.39,0.711,85.0,0.315,83.0,55.0,4.0,5.0,0.0,1.0,0.0,2H/D,
Devon Travis,26.0,TOR,AL,0.6,50.0,197.0,185.0,22.0,48.0,18.0,0.0,5.0,24.0,4.0,2.0,7.0,38.0,0.259,0.291,0.438,0.729,91.0,0.311,85.0,81.0,5.0,2.0,1.0,2.0,0.0,4/H,
Dexter Fowler#,31.0,STL,NL,1.7,118.0,491.0,420.0,68.0,111.0,22.0,9.0,18.0,64.0,7.0,3.0,63.0,101.0,0.264,0.363,0.488,0.851,122.0,0.373,128.0,205.0,10.0,4.0,0.0,4.0,6.0,*8/HD,
Didi Gregorius*,27.0,NYY,AL,4.2,136.0,570.0,534.0,73.0,153.0,27.0,0.0,25.0,87.0,3.0,1.0,25.0,70.0,0.287,0.318,0.478,0.796,106.0,0.355,114.0,255.0,7.0,3.0,0.0,7.0,1.0,*6/HD,MVP-20
Dietrich Enns*,26.0,MIN,AL,0.0,1.0,2.0,2.0,0.0,1.0,0.0,0.0,0.0,0.0,0.0,0.0,0.0,1.0,0.5,0.5,0.5,1.0,170.0,0.4,150.0,1.0,0.0,0.0,0.0,0.0,0.0,/1,
Dillon Maples,25.0,CHC,NL,0.0,5.0,0.0,0.0,0.0,0.0,0.0,0.0,0.0,0.0,0.0,0.0,0.0,0.0,,,,,,,,0.0,0.0,0.0,0.0,0.0,0.0,/1,
Dillon Overton*,25.0,2TM,2LG,0.0,2.0,1.0,1.0,0.0,0.0,0.0,0.0,0.0,0.0,0.0,0.0,0.0,1.0,0.0,0.0,0.0,0.0,-100.0,0.0,-133.0,0.0,0.0,0.0,0.0,0.0,0.0,1,
Dillon Overton*,25.0,SEA,AL,0.0,1.0,0.0,0.0,0.0,0.0,0.0,0.0,0.0,0.0,0.0,0.0,0.0,0.0,,,,,,,,0.0,0.0,0.0,0.0,0.0,0.0,/1,
Dillon Overton*,25.0,SDP,NL,0.0,1.0,1.0,1.0,0.0,0.0,0.0,0.0,0.0,0.0,0.0,0.0,0.0,1.0,0.0,0.0,0.0,0.0,-100.0,0.0,-133.0,0.0,0.0,0.0,0.0,0.0,0.0,/1,
Dillon Peters*,24.0,MIA,NL,0.0,6.0,11.0,9.0,1.0,0.0,0.0,0.0,0.0,0.0,0.0,0.0,0.0,8.0,0.0,0.0,0.0,0.0,-100.0,0.1,-95.0,0.0,0.0,0.0,2.0,0.0,0.0,/1,
Dinelson Lamet,24.0,SDP,NL,-0.2,19.0,38.0,35.0,0.0,3.0,0.0,0.0,0.0,0.0,0.0,0.0,0.0,22.0,0.086,0.086,0.086,0.171,-54.0,0.077,-97.0,3.0,0.0,0.0,3.0,0.0,0.0,1,
Dixon Machado,25.0,DET,AL,-0.9,73.0,181.0,166.0,17.0,43.0,5.0,1.0,1.0,11.0,1.0,0.0,10.0,32.0,0.259,0.302,0.319,0.621,67.0,0.29,69.0,53.0,6.0,1.0,2.0,2.0,0.0,64H/D5,
DJ LeMahieu,28.0,COL,NL,3.0,155.0,682.0,609.0,95.0,189.0,28.0,4.0,8.0,64.0,6.0,5.0,59.0,90.0,0.31,0.374,0.409,0.783,93.0,0.35,96.0,249.0,24.0,6.0,3.0,5.0,1.0,*4/H,"AS,GG"
Domingo Santana,24.0,MIL,NL,2.6,151.0,607.0,525.0,88.0,146.0,29.0,0.0,30.0,85.0,15.0,4.0,73.0,178.0,0.278,0.371,0.505,0.875,126.0,0.381,129.0,265.0,12.0,6.0,0.0,3.0,2.0,*9/H,
Dominic Leone,25.0,TOR,AL,0.0,5.0,0.0,0.0,0.0,0.0,0.0,0.0,0.0,0.0,0.0,0.0,0.0,0.0,,,,,,,,0.0,0.0,0.0,0.0,0.0,0.0,1,
Dominic Smith*,22.0,NYM,NL,-0.9,49.0,183.0,167.0,17.0,33.0,6.0,0.0,9.0,26.0,0.0,0.0,14.0,49.0,0.198,0.262,0.395,0.658,74.0,0.285,70.0,66.0,5.0,1.0,0.0,1.0,0.0,3/H,
Donnie Hart*,26.0,BAL,AL,0.0,4.0,0.0,0.0,0.0,0.0,0.0,0.0,0.0,0.0,0.0,0.0,0.0,0.0,,,,,,,,0.0,0.0,0.0,0.0,0.0,0.0,1,
Doug Fister*,33.0,BOS,AL,0.0,1.0,2.0,2.0,0.0,0.0,0.0,0.0,0.0,0.0,0.0,0.0,0.0,0.0,0.0,0.0,0.0,0.0,-100.0,0.0,-142.0,0.0,0.0,0.0,0.0,0.0,0.0,1,
Dovydas Neverauskas,24.0,PIT,NL,0.0,24.0,0.0,0.0,0.0,0.0,0.0,0.0,0.0,0.0,0.0,0.0,0.0,0.0,,,,,,,,0.0,0.0,0.0,0.0,0.0,0.0,1,
Drew Anderson,23.0,PHI,NL,0.0,1.0,0.0,0.0,0.0,0.0,0.0,0.0,0.0,0.0,0.0,0.0,0.0,0.0,,,,,,,,0.0,0.0,0.0,0.0,0.0,0.0,/1,
Drew Butera,33.0,KCR,AL,-0.6,75.0,177.0,163.0,18.0,37.0,4.0,1.0,3.0,14.0,0.0,0.0,12.0,41.0,0.227,0.284,0.319,0.603,61.0,0.272,57.0,52.0,0.0,1.0,1.0,0.0,0.0,2/3H,
Drew Pomeranz,28.0,BOS,AL,0.0,1.0,1.0,1.0,0.0,0.0,0.0,0.0,0.0,0.0,0.0,0.0,0.0,1.0,0.0,0.0,0.0,0.0,-100.0,0.0,-142.0,0.0,0.0,0.0,0.0,0.0,0.0,1,
Drew Robinson*,25.0,TEX,AL,0.2,48.0,121.0,107.0,11.0,24.0,5.0,0.0,6.0,13.0,0.0,2.0,14.0,42.0,0.224,0.314,0.439,0.753,91.0,0.315,86.0,47.0,2.0,0.0,0.0,0.0,0.0,57/46H8D,
Drew Steckenrider,26.0,MIA,NL,0.0,35.0,0.0,0.0,0.0,0.0,0.0,0.0,0.0,0.0,0.0,0.0,0.0,0.0,,,,,,,,0.0,0.0,0.0,0.0,0.0,0.0,1,
Drew Storen#,29.0,CIN,NL,0.0,55.0,1.0,1.0,0.0,0.0,0.0,0.0,0.0,0.0,0.0,0.0,0.0,0.0,0.0,0.0,0.0,0.0,-100.0,0.0,-142.0,0.0,0.0,0.0,0.0,0.0,0.0,1,
Drew Stubbs,32.0,SFG,NL,-0.5,10.0,24.0,22.0,0.0,2.0,0.0,0.0,0.0,0.0,0.0,0.0,2.0,9.0,0.091,0.167,0.091,0.258,-29.0,0.129,-47.0,2.0,0.0,0.0,0.0,0.0,0.0,8/H,
Drew VerHagen,26.0,DET,AL,0.0,2.0,0.0,0.0,0.0,0.0,0.0,0.0,0.0,0.0,0.0,0.0,0.0,0.0,,,,,,,,0.0,0.0,0.0,0.0,0.0,0.0,1,
Dustin Fowler*,22.0,NYY,AL,0.0,1.0,0.0,0.0,0.0,0.0,0.0,0.0,0.0,0.0,0.0,0.0,0.0,0.0,,,,,,,,0.0,0.0,0.0,0.0,0.0,0.0,/9,
Dustin Garneau,29.0,2TM,2LG,0.4,41.0,126.0,112.0,10.0,21.0,8.0,0.0,2.0,9.0,0.0,0.0,12.0,36.0,0.188,0.272,0.313,0.585,50.0,0.269,47.0,35.0,3.0,1.0,1.0,0.0,0.0,2/H,
Dustin Garneau,29.0,COL,NL,0.2,22.0,74.0,68.0,5.0,14.0,7.0,0.0,1.0,6.0,0.0,0.0,4.0,24.0,0.206,0.26,0.353,0.613,49.0,0.279,44.0,24.0,1.0,1.0,1.0,0.0,0.0,2/H,
Dustin Garneau,29.0,OAK,AL,0.2,19.0,52.0,44.0,5.0,7.0,1.0,0.0,1.0,3.0,0.0,0.0,8.0,12.0,0.159,0.288,0.25,0.538,50.0,0.254,51.0,11.0,2.0,0.0,0.0,0.0,0.0,2/H,
Dustin McGowan,35.0,MIA,NL,-0.1,61.0,7.0,6.0,0.0,0.0,0.0,0.0,0.0,0.0,0.0,0.0,0.0,6.0,0.0,0.0,0.0,0.0,-100.0,0.0,-169.0,0.0,0.0,0.0,1.0,0.0,0.0,1,
Dustin Pedroia,33.0,BOS,AL,2.6,105.0,463.0,406.0,46.0,119.0,19.0,0.0,7.0,62.0,4.0,3.0,49.0,48.0,0.293,0.369,0.392,0.76,101.0,0.342,105.0,159.0,11.0,2.0,2.0,4.0,4.0,4/DH,
Dusty Coleman,30.0,SDP,NL,0.5,27.0,71.0,66.0,6.0,15.0,3.0,0.0,4.0,9.0,1.0,0.0,2.0,33.0,0.227,0.268,0.455,0.722,88.0,0.307,82.0,30.0,1.0,2.0,0.0,1.0,0.0,6/H,
Dwight Smith Jr.*,24.0,TOR,AL,0.1,12.0,29.0,27.0,2.0,10.0,2.0,0.0,0.0,1.0,1.0,0.0,1.0,10.0,0.37,0.414,0.444,0.858,130.0,0.385,132.0,12.0,0.0,1.0,0.0,0.0,0.0,/7H89,
Dylan Covey,25.0,CHW,AL,0.0,1.0,1.0,1.0,0.0,0.0,0.0,0.0,0.0,0.0,0.0,0.0,0.0,1.0,0.0,0.0,0.0,0.0,-100.0,0.0,-133.0,0.0,0.0,0.0,0.0,0.0,0.0,1,
Dylan Floro*,26.0,CHC,NL,-0.1,3.0,4.0,4.0,0.0,0.0,0.0,0.0,0.0,0.0,0.0,0.0,0.0,2.0,0.0,0.0,0.0,0.0,-100.0,0.0,-147.0,0.0,1.0,0.0,0.0,0.0,0.0,/1,
Eddie Butler,26.0,CHC,NL,0.0,12.0,19.0,15.0,0.0,1.0,0.0,0.0,0.0,0.0,0.0,0.0,1.0,6.0,0.067,0.125,0.067,0.192,-48.0,0.156,-58.0,1.0,0.0,0.0,3.0,0.0,0.0,1,
Eddie Rosario*,25.0,MIN,AL,1.7,151.0,589.0,542.0,79.0,157.0,33.0,2.0,27.0,78.0,9.0,8.0,35.0,106.0,0.29,0.328,0.507,0.836,119.0,0.35,116.0,275.0,10.0,0.0,4.0,8.0,1.0,*798/D,
Edgar Santana,25.0,PIT,NL,0.0,19.0,0.0,0.0,0.0,0.0,0.0,0.0,0.0,0.0,0.0,0.0,0.0,0.0,,,,,,,,0.0,0.0,0.0,0.0,0.0,0.0,1,
Edinson Vólquez,33.0,MIA,NL,0.2,15.0,30.0,26.0,0.0,5.0,0.0,0.0,0.0,1.0,0.0,0.0,1.0,11.0,0.192,0.214,0.192,0.407,13.0,0.217,20.0,5.0,0.0,0.0,2.0,1.0,0.0,1,
Eduardo Escobar#,28.0,MIN,AL,1.2,129.0,499.0,457.0,62.0,116.0,16.0,5.0,21.0,73.0,5.0,1.0,33.0,98.0,0.254,0.309,0.449,0.758,100.0,0.327,96.0,205.0,5.0,5.0,1.0,3.0,3.0,5D6H/472,
Eduardo Núñez,30.0,2TM,2LG,1.2,114.0,491.0,467.0,60.0,146.0,33.0,0.0,12.0,58.0,24.0,7.0,18.0,54.0,0.313,0.341,0.46,0.801,109.0,0.355,111.0,215.0,11.0,3.0,1.0,2.0,0.0,5476/D9H,
Eduardo Núñez,30.0,SFG,NL,0.4,76.0,318.0,302.0,37.0,93.0,21.0,0.0,4.0,31.0,18.0,5.0,12.0,29.0,0.308,0.334,0.417,0.752,97.0,0.335,97.0,126.0,8.0,1.0,1.0,2.0,0.0,576/9H,
Eduardo Núñez,30.0,BOS,AL,0.7,38.0,173.0,165.0,23.0,53.0,12.0,0.0,8.0,27.0,6.0,2.0,6.0,25.0,0.321,0.353,0.539,0.892,129.0,0.391,137.0,89.0,3.0,2.0,0.0,0.0,0.0,4/65D,
Eduardo Paredes,22.0,LAA,AL,0.0,1.0,0.0,0.0,0.0,0.0,0.0,0.0,0.0,0.0,0.0,0.0,0.0,0.0,,,,,,,,0.0,0.0,0.0,0.0,0.0,0.0,1,
Eduardo Rodríguez*,24.0,BOS,AL,-0.1,3.0,7.0,7.0,0.0,0.0,0.0,0.0,0.0,0.0,0.0,0.0,0.0,2.0,0.0,0.0,0.0,0.0,-100.0,0.0,-140.0,0.0,0.0,0.0,0.0,0.0,0.0,1,
Edubray Ramos,24.0,PHI,NL,0.0,56.0,1.0,1.0,0.0,0.0,0.0,0.0,0.0,0.0,0.0,0.0,0.0,1.0,0.0,0.0,0.0,0.0,-100.0,0.0,-133.0,0.0,0.0,0.0,0.0,0.0,0.0,1,
Edward Mujica,33.0,DET,AL,0.0,1.0,0.0,0.0,0.0,0.0,0.0,0.0,0.0,0.0,0.0,0.0,0.0,0.0,,,,,,,,0.0,0.0,0.0,0.0,0.0,0.0,/1,
Edward Paredes*,30.0,LAD,NL,0.0,10.0,0.0,0.0,0.0,0.0,0.0,0.0,0.0,0.0,0.0,0.0,0.0,0.0,,,,,,,,0.0,0.0,0.0,0.0,0.0,0.0,1,
Edwin Díaz,23.0,SEA,AL,0.0,6.0,1.0,1.0,0.0,0.0,0.0,0.0,0.0,0.0,0.0,0.0,0.0,1.0,0.0,0.0,0.0,0.0,-100.0,0.0,-133.0,0.0,0.0,0.0,0.0,0.0,0.0,1,
Edwin Encarnación,34.0,CLE,AL,2.8,157.0,669.0,554.0,96.0,143.0,20.0,1.0,38.0,107.0,2.0,0.0,104.0,133.0,0.258,0.377,0.504,0.881,128.0,0.382,132.0,279.0,18.0,5.0,0.0,5.0,5.0,*D3/H,MVP-20
Edwin Jackson,33.0,WSN,NL,-0.3,17.0,21.0,21.0,3.0,2.0,0.0,0.0,0.0,0.0,0.0,0.0,0.0,15.0,0.095,0.095,0.095,0.19,-50.0,0.085,-84.0,2.0,0.0,0.0,0.0,0.0,0.0,1/H,
Efren Navarro*,31.0,DET,AL,0.2,23.0,69.0,61.0,9.0,14.0,1.0,1.0,2.0,2.0,0.0,1.0,8.0,21.0,0.23,0.319,0.377,0.696,85.0,0.317,95.0,23.0,1.0,0.0,0.0,0.0,1.0,3/HD,
Ehire Adrianza#,27.0,MIN,AL,0.4,70.0,186.0,162.0,30.0,43.0,9.0,2.0,2.0,24.0,8.0,1.0,16.0,25.0,0.265,0.324,0.383,0.707,89.0,0.313,82.0,62.0,0.0,1.0,1.0,6.0,1.0,6H7/453D,
Elias Díaz,26.0,PIT,NL,0.0,64.0,200.0,188.0,18.0,42.0,14.0,0.0,1.0,19.0,1.0,0.0,11.0,38.0,0.223,0.265,0.314,0.579,53.0,0.255,44.0,59.0,8.0,0.0,0.0,1.0,0.0,2H,
Elvis Andrus,28.0,TEX,AL,5.7,158.0,689.0,643.0,100.0,191.0,44.0,4.0,20.0,88.0,25.0,10.0,38.0,101.0,0.297,0.337,0.471,0.808,105.0,0.353,107.0,303.0,18.0,3.0,1.0,4.0,0.0,*6/D,
Emilio Bonifácio#,32.0,ATL,NL,-0.6,38.0,44.0,38.0,2.0,5.0,1.0,1.0,0.0,3.0,0.0,0.0,1.0,9.0,0.132,0.15,0.211,0.361,-7.0,0.172,-30.0,8.0,1.0,0.0,4.0,1.0,0.0,H/798,
Emilio Pagán*,26.0,SEA,AL,0.0,2.0,2.0,2.0,0.0,0.0,0.0,0.0,0.0,0.0,0.0,0.0,0.0,1.0,0.0,0.0,0.0,0.0,-100.0,0.0,-129.0,0.0,0.0,0.0,0.0,0.0,0.0,1,
Ender Inciarte*,26.0,ATL,NL,2.8,157.0,718.0,662.0,93.0,201.0,27.0,5.0,11.0,57.0,22.0,9.0,49.0,94.0,0.304,0.35,0.409,0.759,98.0,0.332,96.0,271.0,8.0,0.0,3.0,4.0,3.0,*8/H,"AS,GG"
Enny Romero,26.0,WSN,NL,0.0,50.0,1.0,1.0,0.0,0.0,0.0,0.0,0.0,0.0,0.0,0.0,0.0,1.0,0.0,0.0,0.0,0.0,-100.0,0.0,-142.0,0.0,0.0,0.0,0.0,0.0,0.0,1,
Erasmo Ramírez,27.0,2TM,AL,0.1,4.0,3.0,3.0,0.0,2.0,0.0,0.0,0.0,1.0,0.0,0.0,0.0,1.0,0.667,0.667,0.667,1.333,268.0,0.595,294.0,2.0,0.0,0.0,0.0,0.0,0.0,1,
Erasmo Ramírez,27.0,TBR,AL,0.0,3.0,0.0,0.0,0.0,0.0,0.0,0.0,0.0,0.0,0.0,0.0,0.0,0.0,,,,,,,,0.0,0.0,0.0,0.0,0.0,0.0,1,
Erasmo Ramírez,27.0,SEA,AL,0.1,1.0,3.0,3.0,0.0,2.0,0.0,0.0,0.0,1.0,0.0,0.0,0.0,1.0,0.667,0.667,0.667,1.333,268.0,0.595,294.0,2.0,0.0,0.0,0.0,0.0,0.0,1,
Eric Fryer,31.0,STL,NL,-0.3,34.0,83.0,71.0,7.0,11.0,3.0,0.0,0.0,3.0,0.0,0.0,11.0,18.0,0.155,0.277,0.197,0.474,29.0,0.241,33.0,14.0,3.0,1.0,0.0,0.0,0.0,2H,
Eric Hosmer*,27.0,KCR,AL,4.4,162.0,671.0,603.0,98.0,192.0,31.0,1.0,25.0,94.0,6.0,1.0,66.0,104.0,0.318,0.385,0.498,0.882,133.0,0.388,139.0,300.0,20.0,0.0,0.0,2.0,3.0,*3/DH,"MVP-14,GG,SS"
Eric O'Flaherty*,32.0,ATL,NL,0.0,22.0,0.0,0.0,0.0,0.0,0.0,0.0,0.0,0.0,0.0,0.0,0.0,0.0,,,,,,,,0.0,0.0,0.0,0.0,0.0,0.0,1,
Eric Skoglund*,24.0,KCR,AL,0.0,1.0,0.0,0.0,0.0,0.0,0.0,0.0,0.0,0.0,0.0,0.0,0.0,0.0,,,,,,,,0.0,0.0,0.0,0.0,0.0,0.0,/1,
Eric Sogard*,31.0,MIL,NL,1.9,94.0,299.0,249.0,37.0,68.0,15.0,1.0,3.0,18.0,3.0,3.0,45.0,37.0,0.273,0.393,0.378,0.77,103.0,0.345,107.0,94.0,7.0,4.0,1.0,0.0,2.0,46H/57,
Eric Thames*,30.0,MIL,NL,1.1,138.0,551.0,469.0,83.0,116.0,26.0,4.0,31.0,63.0,4.0,2.0,75.0,163.0,0.247,0.359,0.518,0.877,125.0,0.373,126.0,243.0,6.0,7.0,0.0,0.0,5.0,37H/9D,
Eric Young Jr.#,32.0,LAA,AL,0.8,47.0,125.0,110.0,24.0,29.0,5.0,0.0,4.0,16.0,12.0,3.0,5.0,31.0,0.264,0.336,0.418,0.754,103.0,0.353,112.0,46.0,0.0,7.0,3.0,0.0,0.0,78H/D9,
Erick Aybar#,33.0,SDP,NL,-0.2,108.0,370.0,333.0,37.0,78.0,15.0,1.0,7.0,22.0,11.0,4.0,28.0,57.0,0.234,0.3,0.348,0.648,73.0,0.294,73.0,116.0,5.0,4.0,3.0,2.0,2.0,6H/1,
Erick Fedde,24.0,WSN,NL,-0.1,3.0,5.0,4.0,0.0,0.0,0.0,0.0,0.0,0.0,0.0,0.0,0.0,3.0,0.0,0.0,0.0,0.0,-100.0,0.0,-209.0,0.0,0.0,0.0,1.0,0.0,0.0,/1,
Erik Goeddel,28.0,NYM,NL,0.0,30.0,0.0,0.0,0.0,0.0,0.0,0.0,0.0,0.0,0.0,0.0,0.0,0.0,,,,,,,,0.0,0.0,0.0,0.0,0.0,0.0,1,
Erik González,25.0,CLE,AL,0.2,60.0,115.0,110.0,18.0,28.0,6.0,0.0,4.0,11.0,1.0,2.0,3.0,37.0,0.255,0.272,0.418,0.69,77.0,0.28,63.0,46.0,1.0,0.0,1.0,1.0,0.0,46H/57D,
Erik Kratz,37.0,NYY,AL,0.1,4.0,2.0,2.0,0.0,2.0,1.0,0.0,0.0,2.0,0.0,0.0,0.0,0.0,1.0,1.0,1.5,2.5,546.0,1.059,617.0,3.0,0.0,0.0,0.0,0.0,0.0,/2DH,
Ervin Santana,34.0,MIN,AL,0.2,3.0,10.0,10.0,3.0,2.0,1.0,0.0,0.0,5.0,0.0,0.0,0.0,3.0,0.2,0.2,0.3,0.5,31.0,0.391,143.0,3.0,0.0,0.0,0.0,0.0,0.0,1,"AS,CYA-7"
Eugenio Suárez,25.0,CIN,NL,3.5,156.0,632.0,534.0,87.0,139.0,25.0,2.0,26.0,82.0,4.0,5.0,84.0,147.0,0.26,0.367,0.461,0.828,115.0,0.364,121.0,246.0,16.0,9.0,0.0,5.0,1.0,*5/H6,
Evan Gattis,30.0,HOU,AL,1.0,84.0,325.0,300.0,41.0,79.0,22.0,0.0,12.0,55.0,0.0,1.0,18.0,50.0,0.263,0.311,0.457,0.767,107.0,0.326,104.0,137.0,10.0,4.0,0.0,3.0,0.0,2D/H3,
Evan Longoria,31.0,TBR,AL,3.3,156.0,677.0,613.0,71.0,160.0,36.0,2.0,20.0,86.0,6.0,1.0,46.0,109.0,0.261,0.313,0.424,0.737,99.0,0.318,95.0,260.0,18.0,6.0,0.0,12.0,3.0,*5D,GG
Ezequiel Carrera*,30.0,TOR,AL,0.0,131.0,325.0,287.0,38.0,81.0,10.0,1.0,8.0,20.0,10.0,1.0,30.0,75.0,0.282,0.356,0.408,0.764,104.0,0.341,103.0,117.0,4.0,3.0,5.0,0.0,0.0,*7H98/D,
Fabio Castillo,28.0,LAD,NL,0.0,2.0,0.0,0.0,0.0,0.0,0.0,0.0,0.0,0.0,0.0,0.0,0.0,0.0,,,,,,,,0.0,0.0,0.0,0.0,0.0,0.0,/1,
Felipe Vázquez*,25.0,PIT,NL,0.0,66.0,0.0,0.0,0.0,0.0,0.0,0.0,0.0,0.0,0.0,0.0,0.0,0.0,,,,,,,,0.0,0.0,0.0,0.0,0.0,0.0,1,
Fernando Abad*,31.0,BOS,AL,0.0,4.0,0.0,0.0,0.0,0.0,0.0,0.0,0.0,0.0,0.0,0.0,0.0,0.0,,,,,,,,0.0,0.0,0.0,0.0,0.0,0.0,1,
Fernando Rodney,40.0,ARI,NL,0.0,57.0,0.0,0.0,0.0,0.0,0.0,0.0,0.0,0.0,0.0,0.0,0.0,0.0,,,,,,,,0.0,0.0,0.0,0.0,0.0,0.0,1,
Fernando Salas,32.0,NYM,NL,0.1,46.0,2.0,2.0,0.0,1.0,0.0,0.0,0.0,0.0,0.0,0.0,0.0,1.0,0.5,0.5,0.5,1.0,171.0,0.448,183.0,1.0,0.0,0.0,0.0,0.0,0.0,1,
Franchy Cordero*,22.0,SDP,NL,0.2,30.0,99.0,92.0,15.0,21.0,3.0,3.0,3.0,9.0,1.0,1.0,6.0,44.0,0.228,0.276,0.424,0.699,83.0,0.294,76.0,39.0,0.0,0.0,1.0,0.0,0.0,8/H7,
Francis Martes,21.0,HOU,AL,0.0,2.0,0.0,0.0,0.0,0.0,0.0,0.0,0.0,0.0,0.0,0.0,0.0,0.0,,,,,,,,0.0,0.0,0.0,0.0,0.0,0.0,1,
Francisco Cervelli,31.0,PIT,NL,0.8,81.0,304.0,265.0,31.0,66.0,13.0,2.0,5.0,31.0,0.0,2.0,32.0,65.0,0.249,0.342,0.37,0.712,90.0,0.325,97.0,98.0,7.0,6.0,0.0,1.0,0.0,2/H,
Francisco Lindor#,23.0,CLE,AL,5.7,159.0,723.0,651.0,99.0,178.0,44.0,4.0,33.0,89.0,15.0,3.0,60.0,93.0,0.273,0.337,0.505,0.842,116.0,0.361,115.0,329.0,11.0,4.0,5.0,3.0,6.0,*6/D,"AS,MVP-5,SS"
Francisco Liriano*,33.0,HOU,AL,0.0,1.0,0.0,0.0,0.0,0.0,0.0,0.0,0.0,0.0,0.0,0.0,0.0,0.0,,,,,,,,0.0,0.0,0.0,0.0,0.0,0.0,1,
Francisco Mejia#,21.0,CLE,AL,-0.2,11.0,14.0,13.0,1.0,2.0,0.0,0.0,0.0,1.0,0.0,0.0,1.0,3.0,0.154,0.214,0.154,0.368,-1.0,0.137,-55.0,2.0,0.0,0.0,0.0,0.0,1.0,/HD2,
Francisco Peña,27.0,BAL,AL,0.3,5.0,10.0,10.0,3.0,5.0,0.0,0.0,2.0,2.0,0.0,0.0,0.0,3.0,0.5,0.5,1.1,1.6,315.0,0.65,333.0,11.0,0.0,0.0,0.0,0.0,0.0,/2H,
Frankie Montas,24.0,OAK,AL,0.0,1.0,0.0,0.0,0.0,0.0,0.0,0.0,0.0,0.0,0.0,0.0,0.0,0.0,,,,,,,,0.0,0.0,0.0,0.0,0.0,0.0,1,
Franklin Barreto,21.0,OAK,AL,-0.1,25.0,76.0,71.0,10.0,14.0,1.0,2.0,2.0,6.0,2.0,0.0,5.0,33.0,0.197,0.25,0.352,0.602,62.0,0.286,69.0,25.0,1.0,0.0,0.0,0.0,0.0,64/HD,
Franklin Gutierrez,34.0,LAD,NL,0.0,35.0,63.0,56.0,8.0,13.0,3.0,0.0,1.0,8.0,0.0,1.0,7.0,16.0,0.232,0.317,0.339,0.657,76.0,0.288,75.0,19.0,2.0,0.0,0.0,0.0,0.0,H7,
Freddie Freeman*,27.0,ATL,NL,4.6,117.0,514.0,440.0,84.0,135.0,35.0,2.0,28.0,71.0,8.0,5.0,65.0,95.0,0.307,0.403,0.586,0.989,155.0,0.414,159.0,258.0,9.0,7.0,0.0,2.0,14.0,35/H,
Freddy Galvis#,27.0,PHI,NL,2.0,162.0,663.0,608.0,71.0,155.0,29.0,6.0,12.0,61.0,14.0,5.0,45.0,111.0,0.255,0.309,0.382,0.69,81.0,0.313,84.0,232.0,12.0,4.0,2.0,4.0,2.0,*6/H78,
Félix Peña,27.0,CHC,NL,0.0,24.0,4.0,3.0,0.0,0.0,0.0,0.0,0.0,0.0,0.0,0.0,1.0,1.0,0.0,0.25,0.0,0.25,-26.0,0.174,-19.0,0.0,0.0,0.0,0.0,0.0,0.0,1,
Gabriel Ynoa,24.0,BAL,AL,0.0,1.0,1.0,1.0,0.0,0.0,0.0,0.0,0.0,0.0,0.0,0.0,0.0,0.0,0.0,0.0,0.0,0.0,-100.0,0.0,-133.0,0.0,0.0,0.0,0.0,0.0,0.0,/1,
Garrett Cooper,26.0,NYY,AL,0.2,13.0,45.0,43.0,3.0,14.0,5.0,1.0,0.0,6.0,0.0,0.0,1.0,12.0,0.326,0.333,0.488,0.822,113.0,0.34,104.0,21.0,0.0,0.0,0.0,1.0,0.0,3,
Gary Sánchez,24.0,NYY,AL,4.0,122.0,525.0,471.0,79.0,131.0,20.0,0.0,33.0,90.0,2.0,1.0,40.0,120.0,0.278,0.345,0.531,0.876,126.0,0.378,131.0,250.0,9.0,10.0,0.0,4.0,1.0,2D/H3,"AS,MVP-22,SS"
Gavin Cecchini,23.0,NYM,NL,-0.6,32.0,82.0,77.0,4.0,16.0,2.0,0.0,1.0,7.0,0.0,1.0,4.0,19.0,0.208,0.256,0.273,0.529,43.0,0.227,32.0,21.0,3.0,1.0,0.0,0.0,1.0,4H,
George Kontos,32.0,2TM,NL,0.0,59.0,2.0,2.0,0.0,0.0,0.0,0.0,0.0,0.0,0.0,0.0,0.0,1.0,0.0,0.0,0.0,0.0,-100.0,0.0,-138.0,0.0,0.0,0.0,0.0,0.0,0.0,1,
George Kontos,32.0,SFG,NL,0.0,45.0,2.0,2.0,0.0,0.0,0.0,0.0,0.0,0.0,0.0,0.0,0.0,1.0,0.0,0.0,0.0,0.0,-100.0,0.0,-138.0,0.0,0.0,0.0,0.0,0.0,0.0,1,
George Kontos,32.0,PIT,NL,0.0,14.0,0.0,0.0,0.0,0.0,0.0,0.0,0.0,0.0,0.0,0.0,0.0,0.0,,,,,,,,0.0,0.0,0.0,0.0,0.0,0.0,1,
George Springer,27.0,HOU,AL,5.1,140.0,629.0,548.0,112.0,155.0,29.0,0.0,34.0,85.0,5.0,7.0,64.0,111.0,0.283,0.367,0.522,0.889,141.0,0.381,146.0,286.0,11.0,11.0,0.0,4.0,1.0,*89/DH,"AS,MVP-13,SS"
Geovany Soto,34.0,CHW,AL,0.0,13.0,48.0,42.0,5.0,8.0,0.0,0.0,3.0,9.0,0.0,0.0,4.0,10.0,0.19,0.271,0.405,0.676,80.0,0.289,73.0,17.0,2.0,1.0,0.0,1.0,0.0,2/H,
Gerardo Parra*,30.0,COL,NL,0.6,115.0,425.0,392.0,56.0,121.0,24.0,1.0,10.0,71.0,2.0,5.0,20.0,67.0,0.309,0.341,0.452,0.793,93.0,0.34,91.0,177.0,13.0,4.0,0.0,9.0,0.0,79H/38D,
Germán Márquez,22.0,COL,NL,0.0,26.0,53.0,45.0,4.0,8.0,2.0,0.0,0.0,5.0,0.0,0.0,0.0,18.0,0.178,0.178,0.222,0.4,-2.0,0.19,-41.0,10.0,1.0,0.0,8.0,0.0,0.0,1,ROY-5
Gerrit Cole,26.0,PIT,NL,0.1,32.0,68.0,55.0,3.0,9.0,1.0,0.0,1.0,3.0,0.0,0.0,1.0,21.0,0.164,0.179,0.236,0.415,9.0,0.18,-33.0,13.0,1.0,0.0,12.0,0.0,0.0,1/H,
Giancarlo Stanton,27.0,MIA,NL,8.1,159.0,692.0,597.0,123.0,168.0,32.0,0.0,59.0,132.0,2.0,2.0,85.0,163.0,0.281,0.376,0.631,1.007,169.0,0.417,171.0,377.0,13.0,7.0,0.0,3.0,13.0,*9/HD,"AS,MVP-1,SS"
Gift Ngoepe,27.0,PIT,NL,0.4,28.0,63.0,54.0,10.0,12.0,2.0,1.0,0.0,6.0,0.0,0.0,8.0,26.0,0.222,0.323,0.296,0.619,67.0,0.308,82.0,16.0,0.0,0.0,1.0,0.0,0.0,4/65H,
Gio González,31.0,WSN,NL,-0.2,30.0,75.0,66.0,3.0,6.0,0.0,0.0,0.0,5.0,0.0,0.0,4.0,29.0,0.091,0.143,0.091,0.234,-37.0,0.128,-65.0,6.0,0.0,0.0,5.0,0.0,0.0,1,CYA-6
Gio Urshela,25.0,CLE,AL,-0.6,67.0,165.0,156.0,14.0,35.0,7.0,0.0,1.0,15.0,0.0,0.0,8.0,22.0,0.224,0.262,0.288,0.551,44.0,0.252,38.0,45.0,6.0,0.0,1.0,0.0,0.0,5/46H3,
Gordon Beckham,30.0,SEA,AL,-0.2,11.0,18.0,17.0,2.0,3.0,0.0,0.0,0.0,0.0,1.0,0.0,1.0,2.0,0.176,0.222,0.176,0.399,12.0,0.195,-1.0,3.0,2.0,0.0,0.0,0.0,0.0,/46H5,
Gorkys Hernández,29.0,SFG,NL,-0.7,128.0,348.0,310.0,40.0,79.0,20.0,1.0,0.0,22.0,12.0,4.0,31.0,73.0,0.255,0.327,0.326,0.652,74.0,0.298,72.0,101.0,6.0,3.0,2.0,2.0,3.0,*78H9,
Grant Dayton*,29.0,LAD,NL,0.0,26.0,0.0,0.0,0.0,0.0,0.0,0.0,0.0,0.0,0.0,0.0,0.0,0.0,,,,,,,,0.0,0.0,0.0,0.0,0.0,0.0,1,
Grant Green,29.0,WSN,NL,-0.2,2.0,3.0,3.0,0.0,0.0,0.0,0.0,0.0,0.0,0.0,0.0,0.0,2.0,0.0,0.0,0.0,0.0,-100.0,0.0,-149.0,0.0,0.0,0.0,0.0,0.0,0.0,/4,
Greg Allen#,24.0,CLE,AL,-0.2,25.0,39.0,35.0,7.0,8.0,1.0,0.0,1.0,6.0,1.0,0.0,2.0,8.0,0.229,0.282,0.343,0.625,63.0,0.272,48.0,12.0,0.0,1.0,0.0,1.0,0.0,8/H7,
Greg Bird*,24.0,NYY,AL,0.0,48.0,170.0,147.0,20.0,28.0,7.0,0.0,9.0,28.0,0.0,0.0,19.0,42.0,0.19,0.288,0.422,0.71,84.0,0.329,96.0,62.0,2.0,2.0,0.0,2.0,0.0,3/HD,
Greg Garcia*,27.0,STL,NL,0.4,133.0,290.0,241.0,27.0,61.0,9.0,2.0,2.0,20.0,2.0,1.0,37.0,64.0,0.253,0.365,0.332,0.697,87.0,0.325,94.0,80.0,6.0,6.0,5.0,1.0,0.0,H546,
Greg Holland,31.0,COL,NL,0.0,55.0,0.0,0.0,0.0,0.0,0.0,0.0,0.0,0.0,0.0,0.0,0.0,0.0,,,,,,,,0.0,0.0,0.0,0.0,0.0,0.0,1,AS
Gregory Infante,29.0,CHW,AL,0.0,4.0,0.0,0.0,0.0,0.0,0.0,0.0,0.0,0.0,0.0,0.0,0.0,0.0,,,,,,,,0.0,0.0,0.0,0.0,0.0,0.0,1,
Gregory Polanco*,25.0,PIT,NL,0.2,108.0,411.0,379.0,39.0,95.0,20.0,0.0,11.0,35.0,8.0,1.0,27.0,60.0,0.251,0.305,0.391,0.695,83.0,0.304,77.0,148.0,5.0,3.0,0.0,1.0,4.0,97H/8D,
Grégor Blanco*,33.0,ARI,NL,-0.2,90.0,256.0,224.0,43.0,55.0,10.0,3.0,3.0,13.0,15.0,1.0,31.0,59.0,0.246,0.337,0.357,0.694,77.0,0.325,76.0,80.0,2.0,0.0,1.0,0.0,0.0,78H/9,
Guillermo Heredia,26.0,SEA,AL,1.4,123.0,426.0,386.0,43.0,96.0,16.0,0.0,6.0,24.0,1.0,5.0,27.0,64.0,0.249,0.315,0.337,0.652,79.0,0.296,85.0,130.0,9.0,11.0,1.0,1.0,2.0,*87/H9D,
Hanley Ramírez,33.0,BOS,AL,-0.4,133.0,553.0,496.0,58.0,120.0,24.0,0.0,23.0,62.0,1.0,3.0,51.0,116.0,0.242,0.32,0.429,0.75,95.0,0.322,91.0,213.0,15.0,6.0,0.0,0.0,8.0,D3/H,
Hansel Robles,26.0,NYM,NL,0.0,43.0,1.0,0.0,0.0,0.0,0.0,0.0,0.0,0.0,0.0,0.0,0.0,0.0,,,,,,,,0.0,0.0,0.0,1.0,0.0,0.0,1,
Harrison Bader,23.0,STL,NL,0.0,32.0,92.0,85.0,10.0,20.0,3.0,0.0,3.0,10.0,2.0,1.0,5.0,24.0,0.235,0.283,0.376,0.659,72.0,0.274,57.0,32.0,1.0,1.0,0.0,1.0,1.0,8/H79,
Heath Hembree,28.0,BOS,AL,0.0,4.0,0.0,0.0,0.0,0.0,0.0,0.0,0.0,0.0,0.0,0.0,0.0,0.0,,,,,,,,0.0,0.0,0.0,0.0,0.0,0.0,1,
Hector Velázquez,28.0,BOS,AL,0.0,1.0,1.0,1.0,0.0,0.0,0.0,0.0,0.0,0.0,0.0,0.0,0.0,0.0,0.0,0.0,0.0,0.0,-100.0,0.0,-142.0,0.0,0.0,0.0,0.0,0.0,0.0,/1,
Henderson Alvarez III,27.0,PHI,NL,-0.1,3.0,6.0,6.0,0.0,0.0,0.0,0.0,0.0,0.0,0.0,0.0,0.0,2.0,0.0,0.0,0.0,0.0,-100.0,0.0,-139.0,0.0,0.0,0.0,0.0,0.0,0.0,/1,
Hernán Pérez,26.0,MIL,NL,0.9,136.0,458.0,432.0,47.0,112.0,19.0,3.0,14.0,51.0,13.0,4.0,20.0,79.0,0.259,0.289,0.414,0.704,81.0,0.306,75.0,179.0,8.0,0.0,2.0,4.0,1.0,759H84/631,
Hoby Milner*,26.0,PHI,NL,0.0,37.0,2.0,2.0,0.0,0.0,0.0,0.0,0.0,0.0,0.0,0.0,0.0,2.0,0.0,0.0,0.0,0.0,-100.0,0.0,-138.0,0.0,0.0,0.0,0.0,0.0,0.0,1,
Homer Bailey,31.0,CIN,NL,0.2,17.0,35.0,28.0,4.0,7.0,2.0,0.0,0.0,0.0,0.0,0.0,0.0,11.0,0.25,0.25,0.321,0.571,48.0,0.241,13.0,9.0,0.0,0.0,7.0,0.0,0.0,1,
Howie Kendrick,33.0,2TM,NL,1.2,91.0,334.0,305.0,40.0,96.0,16.0,3.0,9.0,41.0,12.0,5.0,22.0,68.0,0.315,0.368,0.475,0.844,118.0,0.37,123.0,145.0,8.0,5.0,0.0,2.0,0.0,74H/39D,
Howie Kendrick,33.0,PHI,NL,1.2,39.0,156.0,141.0,16.0,48.0,8.0,1.0,2.0,16.0,8.0,3.0,11.0,30.0,0.34,0.397,0.454,0.851,125.0,0.383,134.0,64.0,4.0,3.0,0.0,1.0,0.0,74/H3D,
Howie Kendrick,33.0,WSN,NL,0.0,52.0,178.0,164.0,24.0,48.0,8.0,2.0,7.0,25.0,4.0,2.0,11.0,38.0,0.293,0.343,0.494,0.837,112.0,0.359,113.0,81.0,4.0,2.0,0.0,1.0,0.0,7H/439,
Hunter Cervenka*,27.0,MIA,NL,0.0,4.0,0.0,0.0,0.0,0.0,0.0,0.0,0.0,0.0,0.0,0.0,0.0,0.0,,,,,,,,0.0,0.0,0.0,0.0,0.0,0.0,/1,
Hunter Pence,34.0,SFG,NL,0.2,134.0,539.0,493.0,55.0,128.0,13.0,5.0,13.0,67.0,2.0,3.0,40.0,102.0,0.26,0.315,0.385,0.701,84.0,0.308,83.0,190.0,8.0,2.0,0.0,4.0,1.0,*9H/D,
Hunter Renfroe,25.0,SDP,NL,0.7,122.0,479.0,445.0,51.0,103.0,25.0,1.0,26.0,58.0,3.0,0.0,27.0,140.0,0.231,0.284,0.467,0.751,96.0,0.327,98.0,208.0,4.0,6.0,0.0,1.0,1.0,*9/HD,
Hunter Strickland,28.0,SFG,NL,0.0,66.0,0.0,0.0,0.0,0.0,0.0,0.0,0.0,0.0,0.0,0.0,0.0,0.0,,,,,,,,0.0,0.0,0.0,0.0,0.0,0.0,1,
Huston Street,33.0,LAA,AL,0.0,1.0,0.0,0.0,0.0,0.0,0.0,0.0,0.0,0.0,0.0,0.0,0.0,0.0,,,,,,,,0.0,0.0,0.0,0.0,0.0,0.0,/1,
Hyun Jin Ryu,30.0,LAD,NL,0.2,23.0,38.0,30.0,3.0,4.0,1.0,0.0,0.0,0.0,0.0,0.0,3.0,18.0,0.133,0.235,0.167,0.402,11.0,0.225,15.0,5.0,0.0,1.0,4.0,0.0,0.0,1,
Hyun Soo Kim*,29.0,2TM,2LG,-1.2,96.0,239.0,212.0,20.0,49.0,8.0,1.0,1.0,14.0,0.0,0.0,22.0,46.0,0.231,0.307,0.292,0.599,63.0,0.269,57.0,62.0,3.0,2.0,0.0,2.0,1.0,7H9/D,
Hyun Soo Kim*,29.0,BAL,AL,-0.3,56.0,142.0,125.0,11.0,29.0,4.0,0.0,1.0,10.0,0.0,0.0,12.0,27.0,0.232,0.305,0.288,0.593,63.0,0.268,58.0,36.0,2.0,2.0,0.0,2.0,0.0,7H/D,
Hyun Soo Kim*,29.0,PHI,NL,-0.9,40.0,97.0,87.0,9.0,20.0,4.0,1.0,0.0,4.0,0.0,0.0,10.0,19.0,0.23,0.309,0.299,0.608,62.0,0.271,54.0,26.0,1.0,0.0,0.0,0.0,1.0,H79/D,
Héctor Neris,28.0,PHI,NL,0.0,71.0,0.0,0.0,0.0,0.0,0.0,0.0,0.0,0.0,0.0,0.0,0.0,0.0,,,,,,,,0.0,0.0,0.0,0.0,0.0,0.0,1,
Héctor Rondón,29.0,CHC,NL,0.0,59.0,2.0,2.0,0.0,1.0,0.0,0.0,0.0,0.0,0.0,0.0,0.0,0.0,0.5,0.5,0.5,1.0,161.0,0.401,142.0,1.0,0.0,0.0,0.0,0.0,0.0,1,
Héctor Sánchez#,27.0,SDP,NL,-0.6,75.0,143.0,137.0,14.0,30.0,4.0,0.0,8.0,25.0,0.0,0.0,5.0,41.0,0.219,0.245,0.423,0.668,74.0,0.279,64.0,58.0,4.0,0.0,0.0,1.0,1.0,H2/3D,
Ian Desmond,31.0,COL,NL,-1.0,95.0,373.0,339.0,47.0,93.0,11.0,1.0,7.0,40.0,15.0,4.0,24.0,87.0,0.274,0.326,0.375,0.701,72.0,0.31,63.0,127.0,13.0,4.0,2.0,4.0,1.0,73/H68,
Ian Happ#,22.0,CHC,NL,1.6,115.0,413.0,364.0,62.0,92.0,17.0,3.0,24.0,68.0,8.0,4.0,39.0,129.0,0.253,0.328,0.514,0.842,113.0,0.359,114.0,187.0,12.0,4.0,2.0,4.0,5.0,847H9/5,ROY-8
Ian Kennedy,32.0,KCR,AL,0.1,2.0,4.0,3.0,0.0,1.0,0.0,0.0,0.0,0.0,0.0,0.0,1.0,0.0,0.333,0.5,0.333,0.833,131.0,0.397,148.0,1.0,0.0,0.0,0.0,0.0,0.0,1,
Ian Kinsler,35.0,DET,AL,1.9,139.0,613.0,551.0,90.0,130.0,25.0,3.0,22.0,52.0,14.0,5.0,55.0,86.0,0.236,0.313,0.412,0.725,92.0,0.315,87.0,227.0,9.0,7.0,0.0,0.0,2.0,*4/DH,
Ian Krol*,26.0,ATL,NL,0.0,48.0,1.0,1.0,0.0,0.0,0.0,0.0,0.0,0.0,0.0,0.0,0.0,0.0,0.0,0.0,0.0,0.0,-100.0,0.0,-142.0,0.0,0.0,0.0,0.0,0.0,0.0,1,
Ian Parmley*,27.0,TOR,AL,-0.1,3.0,4.0,3.0,0.0,0.0,0.0,0.0,0.0,0.0,0.0,0.0,0.0,1.0,0.0,0.0,0.0,0.0,-100.0,0.0,-217.0,0.0,0.0,0.0,1.0,0.0,0.0,/79H,
Ichiro Suzuki*,43.0,MIA,NL,-0.2,136.0,215.0,196.0,19.0,50.0,6.0,0.0,3.0,20.0,1.0,1.0,17.0,35.0,0.255,0.318,0.332,0.649,79.0,0.286,76.0,65.0,2.0,1.0,1.0,0.0,1.0,*H98/7D,
Ildemaro Vargas#,25.0,ARI,NL,0.0,12.0,13.0,13.0,4.0,4.0,1.0,0.0,0.0,4.0,0.0,0.0,0.0,3.0,0.308,0.308,0.385,0.692,74.0,0.302,68.0,5.0,1.0,0.0,0.0,0.0,0.0,/H45,
Iván Nova,30.0,PIT,NL,-0.6,29.0,60.0,51.0,0.0,1.0,0.0,0.0,0.0,0.0,0.0,0.0,0.0,31.0,0.02,0.02,0.02,0.039,-90.0,0.035,-151.0,1.0,0.0,0.0,9.0,0.0,0.0,1,
J.A. Happ*,34.0,TOR,AL,0.0,1.0,2.0,2.0,0.0,0.0,0.0,0.0,0.0,0.0,0.0,0.0,0.0,1.0,0.0,0.0,0.0,0.0,-100.0,0.0,-138.0,0.0,0.0,0.0,0.0,0.0,0.0,1,
J.D. Davis,24.0,HOU,AL,0.3,24.0,68.0,62.0,8.0,14.0,4.0,0.0,4.0,7.0,1.0,1.0,4.0,20.0,0.226,0.279,0.484,0.763,104.0,0.322,103.0,30.0,3.0,1.0,0.0,1.0,0.0,5/H13,
J.D. Martinez,29.0,2TM,2LG,4.0,119.0,489.0,432.0,85.0,131.0,26.0,3.0,45.0,104.0,4.0,0.0,53.0,128.0,0.303,0.376,0.69,1.066,168.0,0.439,171.0,298.0,23.0,0.0,0.0,4.0,8.0,*9/DH,MVP-14
J.D. Martinez,29.0,DET,AL,1.6,57.0,232.0,200.0,38.0,61.0,13.0,2.0,16.0,39.0,2.0,0.0,29.0,54.0,0.305,0.388,0.63,1.018,165.0,0.425,167.0,126.0,10.0,0.0,0.0,3.0,5.0,9/DH,
J.D. Martinez,29.0,ARI,NL,2.4,62.0,257.0,232.0,47.0,70.0,13.0,1.0,29.0,65.0,2.0,0.0,24.0,74.0,0.302,0.366,0.741,1.107,170.0,0.451,175.0,172.0,13.0,0.0,0.0,1.0,3.0,9/DH,
J.J. Hardy,34.0,BAL,AL,-0.2,73.0,268.0,254.0,24.0,55.0,13.0,1.0,4.0,24.0,0.0,1.0,12.0,48.0,0.217,0.255,0.323,0.578,56.0,0.252,48.0,82.0,7.0,1.0,1.0,0.0,0.0,6/H,
J.J. Hoover,29.0,ARI,NL,0.0,49.0,0.0,0.0,0.0,0.0,0.0,0.0,0.0,0.0,0.0,0.0,0.0,0.0,,,,,,,,0.0,0.0,0.0,0.0,0.0,0.0,1,
J.P. Crawford*,22.0,PHI,NL,0.9,23.0,87.0,70.0,8.0,15.0,4.0,1.0,0.0,6.0,1.0,0.0,16.0,22.0,0.214,0.356,0.3,0.656,77.0,0.319,87.0,21.0,1.0,0.0,0.0,1.0,0.0,5/64H,
J.P. Howell*,34.0,TOR,AL,0.0,2.0,0.0,0.0,0.0,0.0,0.0,0.0,0.0,0.0,0.0,0.0,0.0,0.0,,,,,,,,0.0,0.0,0.0,0.0,0.0,0.0,1,
J.T. Realmuto,26.0,MIA,NL,4.5,141.0,579.0,532.0,68.0,148.0,31.0,5.0,17.0,65.0,8.0,2.0,36.0,106.0,0.278,0.332,0.451,0.783,112.0,0.343,115.0,240.0,13.0,8.0,0.0,3.0,4.0,*2/3HD,
Jabari Blash,27.0,SDP,NL,-0.2,61.0,195.0,164.0,24.0,35.0,6.0,0.0,5.0,16.0,1.0,2.0,28.0,66.0,0.213,0.333,0.341,0.675,82.0,0.308,88.0,56.0,5.0,2.0,0.0,1.0,0.0,97H,
Jace Peterson*,27.0,ATL,NL,-0.7,89.0,215.0,186.0,15.0,40.0,9.0,2.0,2.0,17.0,3.0,0.0,27.0,48.0,0.215,0.318,0.317,0.635,68.0,0.288,62.0,59.0,4.0,1.0,1.0,0.0,3.0,H745/369,
Jack Flaherty,21.0,STL,NL,-0.1,6.0,6.0,6.0,0.0,0.0,0.0,0.0,0.0,0.0,0.0,0.0,0.0,2.0,0.0,0.0,0.0,0.0,-100.0,0.0,-139.0,0.0,0.0,0.0,0.0,0.0,0.0,/1,
Jack Leathersich,26.0,2TM,NL,0.0,7.0,0.0,0.0,0.0,0.0,0.0,0.0,0.0,0.0,0.0,0.0,0.0,0.0,,,,,,,,0.0,0.0,0.0,0.0,0.0,0.0,/1,
Jack Leathersich,26.0,CHC,NL,0.0,1.0,0.0,0.0,0.0,0.0,0.0,0.0,0.0,0.0,0.0,0.0,0.0,0.0,,,,,,,,0.0,0.0,0.0,0.0,0.0,0.0,/1,
Jack Leathersich,26.0,PIT,NL,0.0,6.0,0.0,0.0,0.0,0.0,0.0,0.0,0.0,0.0,0.0,0.0,0.0,0.0,,,,,,,,0.0,0.0,0.0,0.0,0.0,0.0,/1,
Jack Reinheimer,24.0,ARI,NL,-0.1,2.0,5.0,5.0,0.0,0.0,0.0,0.0,0.0,0.0,0.0,0.0,0.0,3.0,0.0,0.0,0.0,0.0,-100.0,0.0,-149.0,0.0,0.0,0.0,0.0,0.0,0.0,/6H,
Jackie Bradley Jr.*,27.0,BOS,AL,3.4,133.0,541.0,482.0,58.0,118.0,19.0,3.0,17.0,63.0,8.0,3.0,48.0,124.0,0.245,0.323,0.402,0.726,89.0,0.325,91.0,194.0,8.0,9.0,0.0,2.0,4.0,*8/H,
Jackson Stephens,23.0,CIN,NL,0.1,7.0,6.0,6.0,1.0,2.0,0.0,0.0,0.0,2.0,0.0,0.0,0.0,2.0,0.333,0.333,0.333,0.667,75.0,0.299,72.0,2.0,0.0,0.0,0.0,0.0,0.0,/1,
Jacob Barnes,27.0,MIL,NL,0.1,68.0,1.0,0.0,0.0,0.0,0.0,0.0,0.0,0.0,0.0,0.0,1.0,0.0,,1.0,,,,0.698,358.0,0.0,0.0,0.0,0.0,0.0,0.0,1,
Jacob deGrom*,29.0,NYM,NL,0.4,34.0,77.0,71.0,6.0,15.0,1.0,0.0,1.0,4.0,1.0,0.0,2.0,22.0,0.211,0.233,0.268,0.5,34.0,0.237,29.0,19.0,0.0,0.0,4.0,0.0,0.0,1/H,CYA-8
Jacob Hannemann*,26.0,SEA,AL,-0.4,11.0,20.0,20.0,3.0,3.0,0.0,0.0,1.0,1.0,0.0,1.0,0.0,4.0,0.15,0.15,0.3,0.45,19.0,0.153,-4.0,6.0,0.0,0.0,0.0,0.0,0.0,/8H7D,
Jacob May#,25.0,CHW,AL,-0.6,15.0,42.0,36.0,2.0,2.0,0.0,0.0,0.0,3.0,0.0,0.0,3.0,17.0,0.056,0.15,0.056,0.206,-40.0,0.137,-42.0,2.0,1.0,1.0,2.0,0.0,0.0,8/79H,
Jacob Rhame,24.0,NYM,NL,0.0,8.0,0.0,0.0,0.0,0.0,0.0,0.0,0.0,0.0,0.0,0.0,0.0,0.0,,,,,,,,0.0,0.0,0.0,0.0,0.0,0.0,/1,
Jacob Stallings,27.0,PIT,NL,0.2,5.0,16.0,14.0,3.0,5.0,2.0,0.0,0.0,3.0,0.0,0.0,2.0,2.0,0.357,0.438,0.5,0.938,149.0,0.444,186.0,7.0,0.0,0.0,0.0,0.0,1.0,/2,
Jacob Turner,26.0,WSN,NL,0.0,16.0,8.0,5.0,0.0,0.0,0.0,0.0,0.0,0.0,0.0,0.0,1.0,2.0,0.0,0.167,0.0,0.167,-51.0,0.116,-115.0,0.0,0.0,0.0,2.0,0.0,0.0,1,
Jacoby Ellsbury*,33.0,NYY,AL,1.7,112.0,409.0,356.0,65.0,94.0,20.0,4.0,7.0,39.0,22.0,3.0,41.0,63.0,0.264,0.348,0.402,0.75,97.0,0.345,101.0,143.0,7.0,5.0,2.0,0.0,3.0,8H/D,
JaCoby Jones,25.0,DET,AL,-0.3,56.0,154.0,141.0,14.0,24.0,3.0,1.0,3.0,13.0,6.0,2.0,9.0,65.0,0.17,0.24,0.27,0.51,36.0,0.238,31.0,38.0,5.0,4.0,0.0,0.0,0.0,8H/D9,
Jae-gyun Hwang,29.0,SFG,NL,-0.3,18.0,57.0,52.0,2.0,8.0,1.0,0.0,1.0,5.0,0.0,0.0,5.0,15.0,0.154,0.228,0.231,0.459,22.0,0.21,11.0,12.0,1.0,0.0,0.0,0.0,0.0,5/3H,
Jaff Decker*,27.0,OAK,AL,-0.3,17.0,62.0,50.0,4.0,10.0,1.0,1.0,0.0,1.0,1.0,1.0,8.0,17.0,0.2,0.322,0.26,0.582,63.0,0.27,64.0,13.0,1.0,1.0,3.0,0.0,0.0,8/9H7,
Jaime García*,30.0,2TM,2LG,0.2,16.0,37.0,33.0,2.0,5.0,1.0,0.0,1.0,7.0,0.0,0.0,1.0,8.0,0.152,0.176,0.273,0.449,15.0,0.218,8.0,9.0,0.0,0.0,3.0,0.0,0.0,1,
Jaime García*,30.0,ATL,NL,0.2,15.0,35.0,31.0,2.0,5.0,1.0,0.0,1.0,7.0,0.0,0.0,1.0,7.0,0.161,0.188,0.29,0.478,23.0,0.231,17.0,9.0,0.0,0.0,3.0,0.0,0.0,1,
Jaime García*,30.0,NYY,AL,0.0,1.0,2.0,2.0,0.0,0.0,0.0,0.0,0.0,0.0,0.0,0.0,0.0,1.0,0.0,0.0,0.0,0.0,-100.0,0.0,-142.0,0.0,0.0,0.0,0.0,0.0,0.0,/1,
Jairo Díaz,26.0,COL,NL,0.0,4.0,0.0,0.0,0.0,0.0,0.0,0.0,0.0,0.0,0.0,0.0,0.0,0.0,,,,,,,,0.0,0.0,0.0,0.0,0.0,0.0,/1,
Jake Arrieta,31.0,CHC,NL,0.0,29.0,64.0,61.0,2.0,8.0,0.0,1.0,1.0,5.0,0.0,0.0,1.0,32.0,0.131,0.145,0.213,0.358,-9.0,0.168,-28.0,13.0,0.0,0.0,2.0,0.0,0.0,1/H,
Jake Barrett,25.0,ARI,NL,0.0,28.0,0.0,0.0,0.0,0.0,0.0,0.0,0.0,0.0,0.0,0.0,0.0,0.0,,,,,,,,0.0,0.0,0.0,0.0,0.0,0.0,1,
Jake Buchanan,27.0,CIN,NL,0.1,4.0,3.0,2.0,1.0,1.0,0.0,0.0,0.0,1.0,0.0,0.0,1.0,1.0,0.5,0.667,0.5,1.167,213.0,0.531,240.0,1.0,0.0,0.0,0.0,0.0,0.0,/1,
Jake Diekman,30.0,TEX,AL,0.0,1.0,0.0,0.0,0.0,0.0,0.0,0.0,0.0,0.0,0.0,0.0,0.0,0.0,,,,,,,,0.0,0.0,0.0,0.0,0.0,0.0,1,
Jake Esch,27.0,SDP,NL,0.0,1.0,0.0,0.0,0.0,0.0,0.0,0.0,0.0,0.0,0.0,0.0,0.0,0.0,,,,,,,,0.0,0.0,0.0,0.0,0.0,0.0,/1,
Jake Lamb*,26.0,ARI,NL,2.1,149.0,635.0,536.0,89.0,133.0,30.0,4.0,30.0,105.0,6.0,4.0,87.0,152.0,0.248,0.357,0.487,0.844,112.0,0.36,110.0,261.0,15.0,7.0,0.0,5.0,13.0,*5/HD,AS
Jake Marisnick,26.0,HOU,AL,2.0,106.0,259.0,230.0,50.0,56.0,10.0,0.0,16.0,35.0,9.0,4.0,20.0,90.0,0.243,0.319,0.496,0.815,119.0,0.344,117.0,114.0,5.0,6.0,2.0,1.0,1.0,8H/79D,
Jake McGee*,30.0,COL,NL,0.0,58.0,0.0,0.0,0.0,0.0,0.0,0.0,0.0,0.0,0.0,0.0,0.0,0.0,,,,,,,,0.0,0.0,0.0,0.0,0.0,0.0,1,
Jake Odorizzi,27.0,TBR,AL,0.0,2.0,4.0,3.0,0.0,1.0,0.0,0.0,0.0,1.0,0.0,0.0,0.0,0.0,0.333,0.333,0.333,0.667,83.0,0.266,44.0,1.0,0.0,0.0,1.0,0.0,0.0,1,
Jake Petricka,29.0,CHW,AL,0.0,2.0,0.0,0.0,0.0,0.0,0.0,0.0,0.0,0.0,0.0,0.0,0.0,0.0,,,,,,,,0.0,0.0,0.0,0.0,0.0,0.0,1,
Jake Smolinski,28.0,OAK,AL,-0.1,16.0,29.0,27.0,1.0,7.0,1.0,0.0,0.0,0.0,0.0,0.0,1.0,6.0,0.259,0.31,0.296,0.607,68.0,0.269,62.0,8.0,0.0,1.0,0.0,0.0,0.0,/8HD79,
Jake Thompson,23.0,PHI,NL,0.0,11.0,14.0,12.0,1.0,2.0,1.0,0.0,0.0,0.0,0.0,0.0,1.0,5.0,0.167,0.231,0.25,0.481,27.0,0.217,10.0,3.0,0.0,0.0,1.0,0.0,0.0,1/H,
Jakob Junis,24.0,KCR,AL,0.0,1.0,3.0,3.0,0.0,0.0,0.0,0.0,0.0,0.0,0.0,0.0,0.0,3.0,0.0,0.0,0.0,0.0,-100.0,0.0,-136.0,0.0,0.0,0.0,0.0,0.0,0.0,1,
James Hoyt,30.0,HOU,AL,0.0,3.0,1.0,1.0,0.0,0.0,0.0,0.0,0.0,0.0,0.0,0.0,0.0,1.0,0.0,0.0,0.0,0.0,-100.0,0.0,-133.0,0.0,0.0,0.0,0.0,0.0,0.0,1,
James McCann,27.0,DET,AL,1.3,106.0,391.0,352.0,39.0,89.0,14.0,2.0,13.0,49.0,1.0,0.0,26.0,89.0,0.253,0.318,0.415,0.733,94.0,0.331,99.0,146.0,8.0,9.0,1.0,3.0,0.0,2/HD,
James Pazos,26.0,SEA,AL,0.0,4.0,0.0,0.0,0.0,0.0,0.0,0.0,0.0,0.0,0.0,0.0,0.0,0.0,,,,,,,,0.0,0.0,0.0,0.0,0.0,0.0,1,
James Sherfy,25.0,ARI,NL,0.0,10.0,0.0,0.0,0.0,0.0,0.0,0.0,0.0,0.0,0.0,0.0,0.0,0.0,,,,,,,,0.0,0.0,0.0,0.0,0.0,0.0,1,
Jameson Taillon,25.0,PIT,NL,-0.1,23.0,43.0,38.0,2.0,6.0,0.0,0.0,0.0,0.0,0.0,0.0,0.0,15.0,0.158,0.158,0.158,0.316,-15.0,0.136,-59.0,6.0,2.0,0.0,5.0,0.0,0.0,1,
Jamie Callahan,22.0,NYM,NL,0.0,8.0,0.0,0.0,0.0,0.0,0.0,0.0,0.0,0.0,0.0,0.0,0.0,0.0,,,,,,,,0.0,0.0,0.0,0.0,0.0,0.0,/1,
Jared Hoying*,28.0,TEX,AL,-0.5,36.0,77.0,72.0,13.0,16.0,3.0,0.0,1.0,7.0,3.0,0.0,4.0,23.0,0.222,0.26,0.306,0.565,45.0,0.256,31.0,22.0,0.0,0.0,0.0,1.0,0.0,89/H7,
Jared Hughes,31.0,MIL,NL,0.0,63.0,0.0,0.0,0.0,0.0,0.0,0.0,0.0,0.0,0.0,0.0,0.0,0.0,,,,,,,,0.0,0.0,0.0,0.0,0.0,0.0,1,
Jarlín García*,24.0,MIA,NL,0.0,64.0,0.0,0.0,0.0,0.0,0.0,0.0,0.0,0.0,0.0,0.0,0.0,0.0,,,,,,,,0.0,0.0,0.0,0.0,0.0,0.0,1,
Jarred Cosart,27.0,SDP,NL,-0.1,7.0,6.0,4.0,0.0,0.0,0.0,0.0,0.0,0.0,0.0,0.0,0.0,2.0,0.0,0.0,0.0,0.0,-100.0,0.0,-257.0,0.0,0.0,0.0,2.0,0.0,0.0,/1,
Jarrett Parker*,28.0,SFG,NL,0.6,51.0,177.0,166.0,14.0,41.0,12.0,2.0,4.0,23.0,2.0,1.0,10.0,54.0,0.247,0.294,0.416,0.709,85.0,0.298,75.0,69.0,2.0,1.0,0.0,0.0,2.0,7/H9D,
Jarrod Dyson*,32.0,SEA,AL,2.7,111.0,390.0,346.0,56.0,87.0,13.0,3.0,5.0,30.0,28.0,7.0,28.0,55.0,0.251,0.324,0.35,0.674,85.0,0.306,82.0,121.0,3.0,10.0,4.0,2.0,2.0,87/HD,
Jarrod Saltalamacchia#,32.0,TOR,AL,-0.6,10.0,26.0,25.0,1.0,1.0,0.0,0.0,0.0,0.0,0.0,0.0,1.0,16.0,0.04,0.077,0.04,0.117,-67.0,0.061,-94.0,1.0,0.0,0.0,0.0,0.0,0.0,/2HD,
Jason Castro*,30.0,MIN,AL,2.5,110.0,407.0,356.0,49.0,86.0,22.0,0.0,10.0,47.0,0.0,0.0,45.0,108.0,0.242,0.333,0.388,0.72,93.0,0.321,93.0,138.0,10.0,4.0,1.0,1.0,1.0,2/H,
Jason Grilli,40.0,2TM,AL,0.0,5.0,0.0,0.0,0.0,0.0,0.0,0.0,0.0,0.0,0.0,0.0,0.0,0.0,,,,,,,,0.0,0.0,0.0,0.0,0.0,0.0,1,
Jason Grilli,40.0,TOR,AL,0.0,3.0,0.0,0.0,0.0,0.0,0.0,0.0,0.0,0.0,0.0,0.0,0.0,0.0,,,,,,,,0.0,0.0,0.0,0.0,0.0,0.0,1,
Jason Grilli,40.0,TEX,AL,0.0,2.0,0.0,0.0,0.0,0.0,0.0,0.0,0.0,0.0,0.0,0.0,0.0,0.0,,,,,,,,0.0,0.0,0.0,0.0,0.0,0.0,1,
Jason Hammel,34.0,KCR,AL,-0.1,3.0,9.0,8.0,0.0,0.0,0.0,0.0,0.0,0.0,0.0,0.0,0.0,2.0,0.0,0.0,0.0,0.0,-100.0,0.0,-167.0,0.0,1.0,0.0,1.0,0.0,0.0,1,
Jason Heyward*,27.0,CHC,NL,2.2,126.0,481.0,432.0,59.0,112.0,15.0,4.0,11.0,59.0,4.0,4.0,41.0,67.0,0.259,0.326,0.389,0.715,84.0,0.319,86.0,168.0,8.0,3.0,2.0,2.0,1.0,*98/H,GG
Jason Hursh,25.0,ATL,NL,0.0,9.0,0.0,0.0,0.0,0.0,0.0,0.0,0.0,0.0,0.0,0.0,0.0,0.0,,,,,,,,0.0,0.0,0.0,0.0,0.0,0.0,/1,
Jason Kipnis*,30.0,CLE,AL,0.4,90.0,373.0,336.0,43.0,78.0,25.0,0.0,12.0,35.0,6.0,2.0,28.0,71.0,0.232,0.291,0.414,0.705,81.0,0.31,79.0,139.0,0.0,2.0,2.0,5.0,0.0,48/HD,
Jason Motte,35.0,ATL,NL,0.0,42.0,0.0,0.0,0.0,0.0,0.0,0.0,0.0,0.0,0.0,0.0,0.0,0.0,,,,,,,,0.0,0.0,0.0,0.0,0.0,0.0,1,
Jason Vargas*,34.0,KCR,AL,0.0,1.0,4.0,4.0,0.0,1.0,0.0,0.0,0.0,0.0,0.0,0.0,0.0,1.0,0.25,0.25,0.25,0.5,35.0,0.2,6.0,1.0,0.0,0.0,0.0,0.0,0.0,1,AS
Javier Báez,24.0,CHC,NL,2.7,145.0,508.0,469.0,75.0,128.0,24.0,2.0,23.0,75.0,10.0,3.0,30.0,144.0,0.273,0.317,0.48,0.796,102.0,0.34,99.0,225.0,10.0,1.0,6.0,2.0,15.0,46/5H39,
Javy Guerra,31.0,MIA,NL,0.0,16.0,1.0,1.0,0.0,0.0,0.0,0.0,0.0,0.0,0.0,0.0,0.0,1.0,0.0,0.0,0.0,0.0,-100.0,0.0,-125.0,0.0,0.0,0.0,0.0,0.0,0.0,1,
Jay Bruce*,30.0,2TM,2LG,2.7,146.0,617.0,555.0,82.0,141.0,29.0,2.0,36.0,101.0,1.0,1.0,57.0,139.0,0.254,0.324,0.508,0.832,117.0,0.357,119.0,282.0,11.0,2.0,0.0,3.0,0.0,*93/DH,
Jay Bruce*,30.0,NYM,NL,2.5,103.0,448.0,406.0,61.0,104.0,20.0,0.0,29.0,75.0,0.0,1.0,39.0,102.0,0.256,0.321,0.52,0.841,121.0,0.36,124.0,211.0,9.0,1.0,0.0,2.0,0.0,93/D,
Jay Bruce*,30.0,CLE,AL,0.3,43.0,169.0,149.0,21.0,37.0,9.0,2.0,7.0,26.0,1.0,0.0,18.0,37.0,0.248,0.331,0.477,0.808,108.0,0.349,107.0,71.0,2.0,1.0,0.0,1.0,0.0,9/H3D,
Jaycob Brugman*,25.0,OAK,AL,-0.4,48.0,162.0,143.0,12.0,38.0,2.0,0.0,3.0,12.0,1.0,2.0,18.0,38.0,0.266,0.346,0.343,0.688,90.0,0.317,99.0,49.0,1.0,0.0,0.0,1.0,1.0,8/H79,
Jayson Aquino*,24.0,BAL,AL,0.0,1.0,2.0,2.0,0.0,0.0,0.0,0.0,0.0,0.0,0.0,0.0,0.0,2.0,0.0,0.0,0.0,0.0,-100.0,0.0,-133.0,0.0,0.0,0.0,0.0,0.0,0.0,/1,
Jayson Werth,38.0,WSN,NL,-0.7,70.0,289.0,252.0,35.0,57.0,10.0,1.0,10.0,29.0,4.0,3.0,35.0,69.0,0.226,0.322,0.393,0.715,83.0,0.313,81.0,99.0,4.0,1.0,0.0,1.0,1.0,79/DH,
JC Ramírez,28.0,LAA,AL,0.0,1.0,3.0,3.0,0.0,0.0,0.0,0.0,0.0,0.0,0.0,0.0,0.0,1.0,0.0,0.0,0.0,0.0,-100.0,0.0,-133.0,0.0,0.0,0.0,0.0,0.0,0.0,1,
Jean Machi,35.0,SEA,AL,0.0,1.0,1.0,1.0,0.0,0.0,0.0,0.0,0.0,0.0,0.0,0.0,0.0,1.0,0.0,0.0,0.0,0.0,-100.0,0.0,-133.0,0.0,0.0,0.0,0.0,0.0,0.0,/1,
Jean Segura,27.0,SEA,AL,3.6,125.0,566.0,524.0,80.0,157.0,30.0,2.0,11.0,45.0,22.0,8.0,34.0,83.0,0.3,0.349,0.427,0.776,111.0,0.342,113.0,224.0,14.0,6.0,0.0,1.0,3.0,*6/H,
Jeanmar Gómez,29.0,PHI,NL,0.0,17.0,0.0,0.0,0.0,0.0,0.0,0.0,0.0,0.0,0.0,0.0,0.0,0.0,,,,,,,,0.0,0.0,0.0,0.0,0.0,0.0,1,
Jed Lowrie#,33.0,OAK,AL,3.4,153.0,645.0,567.0,86.0,157.0,49.0,3.0,14.0,69.0,0.0,1.0,73.0,100.0,0.277,0.36,0.448,0.808,120.0,0.353,122.0,254.0,10.0,2.0,0.0,3.0,2.0,*4D/H5,
Jedd Gyorko,28.0,STL,NL,3.0,125.0,481.0,426.0,52.0,116.0,21.0,2.0,20.0,67.0,6.0,2.0,47.0,105.0,0.272,0.341,0.472,0.813,112.0,0.352,113.0,201.0,12.0,1.0,0.0,7.0,1.0,*5H3/47D,
Jeff Ferrell,26.0,DET,AL,0.0,1.0,0.0,0.0,0.0,0.0,0.0,0.0,0.0,0.0,0.0,0.0,0.0,0.0,,,,,,,,0.0,0.0,0.0,0.0,0.0,0.0,1,
Jeff Hoffman,24.0,COL,NL,-0.2,23.0,36.0,33.0,1.0,3.0,1.0,0.0,0.0,1.0,0.0,0.0,0.0,17.0,0.091,0.091,0.121,0.212,-49.0,0.119,-86.0,4.0,1.0,0.0,3.0,0.0,0.0,1,
Jeff Locke*,29.0,MIA,NL,-0.1,7.0,11.0,10.0,0.0,0.0,0.0,0.0,0.0,0.0,0.0,0.0,1.0,9.0,0.0,0.091,0.0,0.091,-72.0,0.063,-85.0,0.0,0.0,0.0,0.0,0.0,0.0,/1,
Jeff Mathis,34.0,ARI,NL,-0.4,60.0,203.0,186.0,13.0,40.0,10.0,2.0,2.0,11.0,1.0,0.0,14.0,61.0,0.215,0.277,0.323,0.6,52.0,0.265,40.0,60.0,6.0,2.0,1.0,0.0,1.0,2/H,
Jeff Samardzija,32.0,SFG,NL,-0.3,33.0,67.0,64.0,3.0,6.0,2.0,0.0,1.0,2.0,0.0,0.0,0.0,25.0,0.094,0.094,0.172,0.266,-32.0,0.111,-67.0,11.0,0.0,0.0,3.0,0.0,0.0,1/H,
Jefry Marté,26.0,LAA,AL,-0.6,45.0,145.0,127.0,10.0,22.0,5.0,0.0,4.0,14.0,1.0,0.0,13.0,34.0,0.173,0.269,0.307,0.576,56.0,0.264,54.0,39.0,2.0,4.0,0.0,1.0,0.0,35/H7D,
Jeimer Candelario#,23.0,2TM,2LG,0.2,38.0,142.0,127.0,18.0,36.0,9.0,0.0,3.0,16.0,0.0,0.0,13.0,30.0,0.283,0.359,0.425,0.784,107.0,0.354,114.0,54.0,3.0,2.0,0.0,0.0,0.0,5/H3,
Jeimer Candelario#,23.0,CHC,NL,-0.1,11.0,36.0,33.0,2.0,5.0,2.0,0.0,1.0,3.0,0.0,0.0,1.0,12.0,0.152,0.222,0.303,0.525,34.0,0.258,41.0,10.0,1.0,2.0,0.0,0.0,0.0,/5H3,
Jeimer Candelario#,23.0,DET,AL,0.3,27.0,106.0,94.0,16.0,31.0,7.0,0.0,2.0,13.0,0.0,0.0,12.0,18.0,0.33,0.406,0.468,0.874,133.0,0.386,139.0,44.0,2.0,0.0,0.0,0.0,0.0,5/H,
Jen-Ho Tseng*,22.0,CHC,NL,0.0,2.0,1.0,1.0,0.0,0.0,0.0,0.0,0.0,1.0,0.0,0.0,0.0,0.0,0.0,0.0,0.0,0.0,-100.0,0.0,-142.0,0.0,0.0,0.0,0.0,0.0,0.0,/1,
Jerad Eickhoff,26.0,PHI,NL,0.0,21.0,34.0,31.0,3.0,5.0,1.0,0.0,0.0,0.0,0.0,0.0,0.0,13.0,0.161,0.161,0.194,0.355,-7.0,0.152,-43.0,6.0,0.0,0.0,3.0,0.0,0.0,1,
Jered Weaver,34.0,SDP,NL,-0.2,8.0,10.0,10.0,0.0,0.0,0.0,0.0,0.0,0.0,0.0,0.0,0.0,6.0,0.0,0.0,0.0,0.0,-100.0,0.0,-136.0,0.0,1.0,0.0,0.0,0.0,0.0,/1,
Jeremy Guthrie,38.0,WSN,NL,0.0,1.0,0.0,0.0,0.0,0.0,0.0,0.0,0.0,0.0,0.0,0.0,0.0,0.0,,,,,,,,0.0,0.0,0.0,0.0,0.0,0.0,/1,
Jeremy Hazelbaker*,29.0,ARI,NL,0.9,41.0,61.0,52.0,10.0,18.0,2.0,2.0,2.0,10.0,1.0,0.0,9.0,20.0,0.346,0.443,0.577,1.02,156.0,0.439,166.0,30.0,0.0,0.0,0.0,0.0,2.0,H7/98,
Jeremy Hellickson,30.0,PHI,NL,0.0,20.0,39.0,33.0,1.0,3.0,1.0,1.0,0.0,2.0,0.0,0.0,3.0,9.0,0.091,0.167,0.182,0.348,-8.0,0.16,-35.0,6.0,0.0,0.0,3.0,0.0,0.0,1,
Jeremy Jeffress,29.0,2TM,2LG,0.0,21.0,2.0,2.0,0.0,0.0,0.0,0.0,0.0,0.0,0.0,0.0,0.0,2.0,0.0,0.0,0.0,0.0,-100.0,0.0,-138.0,0.0,0.0,0.0,0.0,0.0,0.0,1,
Jeremy Jeffress,29.0,TEX,AL,0.0,1.0,0.0,0.0,0.0,0.0,0.0,0.0,0.0,0.0,0.0,0.0,0.0,0.0,,,,,,,,0.0,0.0,0.0,0.0,0.0,0.0,1,
Jeremy Jeffress,29.0,MIL,NL,0.0,20.0,2.0,2.0,0.0,0.0,0.0,0.0,0.0,0.0,0.0,0.0,0.0,2.0,0.0,0.0,0.0,0.0,-100.0,0.0,-138.0,0.0,0.0,0.0,0.0,0.0,0.0,1,
Jerry Blevins*,33.0,NYM,NL,0.0,70.0,0.0,0.0,0.0,0.0,0.0,0.0,0.0,0.0,0.0,0.0,0.0,0.0,,,,,,,,0.0,0.0,0.0,0.0,0.0,0.0,1,
Jesen Therrien,24.0,PHI,NL,0.0,14.0,2.0,2.0,0.0,0.0,0.0,0.0,0.0,0.0,0.0,0.0,0.0,2.0,0.0,0.0,0.0,0.0,-100.0,0.0,-138.0,0.0,0.0,0.0,0.0,0.0,0.0,1,
Jesse Chavez,33.0,LAA,AL,-0.1,4.0,6.0,5.0,0.0,0.0,0.0,0.0,0.0,0.0,0.0,0.0,0.0,5.0,0.0,0.0,0.0,0.0,-100.0,0.0,-180.0,0.0,0.0,0.0,1.0,0.0,0.0,1,
Jesse Winker*,23.0,CIN,NL,0.3,47.0,137.0,121.0,21.0,36.0,7.0,0.0,7.0,15.0,1.0,1.0,15.0,24.0,0.298,0.375,0.529,0.904,132.0,0.389,139.0,64.0,2.0,0.0,1.0,0.0,0.0,9H/7D,
Jesús Aguilar,27.0,MIL,NL,1.0,133.0,311.0,279.0,40.0,74.0,15.0,2.0,16.0,52.0,0.0,0.0,25.0,94.0,0.265,0.331,0.505,0.837,114.0,0.358,114.0,141.0,8.0,4.0,0.0,3.0,1.0,3H/D5,
Jesús Sucre,29.0,TBR,AL,0.3,62.0,192.0,176.0,20.0,45.0,6.0,0.0,7.0,29.0,2.0,0.0,7.0,35.0,0.256,0.289,0.409,0.699,88.0,0.3,80.0,72.0,6.0,3.0,2.0,4.0,0.0,2/H1,
Jett Bandy,27.0,MIL,NL,-0.9,60.0,188.0,169.0,14.0,35.0,6.0,0.0,6.0,18.0,1.0,0.0,15.0,51.0,0.207,0.287,0.349,0.636,65.0,0.288,63.0,59.0,5.0,4.0,0.0,0.0,0.0,2H,
Jeurys Familia,27.0,NYM,NL,0.0,25.0,1.0,1.0,0.0,0.0,0.0,0.0,0.0,0.0,0.0,0.0,0.0,1.0,0.0,0.0,0.0,0.0,-100.0,0.0,-133.0,0.0,0.0,0.0,0.0,0.0,0.0,1,
Jhan Mariñez,28.0,2TM,NL,0.0,39.0,6.0,6.0,0.0,1.0,1.0,0.0,0.0,0.0,0.0,0.0,0.0,4.0,0.167,0.167,0.333,0.5,27.0,0.206,8.0,2.0,0.0,0.0,0.0,0.0,0.0,1,
Jhan Mariñez,28.0,MIL,NL,0.0,15.0,2.0,2.0,0.0,0.0,0.0,0.0,0.0,0.0,0.0,0.0,0.0,1.0,0.0,0.0,0.0,0.0,-100.0,0.0,-138.0,0.0,0.0,0.0,0.0,0.0,0.0,1,
Jhan Mariñez,28.0,PIT,NL,0.1,24.0,4.0,4.0,0.0,1.0,1.0,0.0,0.0,0.0,0.0,0.0,0.0,3.0,0.25,0.25,0.5,0.75,92.0,0.308,83.0,2.0,0.0,0.0,0.0,0.0,0.0,1,
Jharel Cotton,25.0,OAK,AL,0.0,1.0,2.0,2.0,0.0,0.0,0.0,0.0,0.0,0.0,0.0,0.0,0.0,1.0,0.0,0.0,0.0,0.0,-100.0,0.0,-129.0,0.0,0.0,0.0,0.0,0.0,0.0,1,
Jhonny Peralta,35.0,STL,NL,-0.5,21.0,58.0,54.0,3.0,11.0,0.0,0.0,0.0,0.0,0.0,0.0,4.0,13.0,0.204,0.259,0.204,0.462,25.0,0.233,28.0,11.0,2.0,0.0,0.0,0.0,0.0,5/H,
Jhoulys Chacín,29.0,SDP,NL,0.3,33.0,61.0,54.0,0.0,12.0,2.0,0.0,0.0,4.0,1.0,0.0,0.0,11.0,0.222,0.222,0.259,0.481,29.0,0.231,17.0,14.0,2.0,0.0,7.0,0.0,0.0,1/H,
Jim Adduci*,32.0,DET,AL,0.4,29.0,93.0,83.0,14.0,20.0,6.0,2.0,1.0,10.0,1.0,1.0,10.0,27.0,0.241,0.323,0.398,0.72,91.0,0.328,100.0,33.0,1.0,0.0,0.0,0.0,0.0,9/HD,
Jim Johnson,34.0,ATL,NL,0.0,56.0,0.0,0.0,0.0,0.0,0.0,0.0,0.0,0.0,0.0,0.0,0.0,0.0,,,,,,,,0.0,0.0,0.0,0.0,0.0,0.0,1,
Jiman Choi*,26.0,NYY,AL,0.1,6.0,18.0,15.0,2.0,4.0,1.0,0.0,2.0,5.0,0.0,0.0,2.0,5.0,0.267,0.333,0.733,1.067,169.0,0.413,156.0,11.0,1.0,0.0,0.0,1.0,0.0,/3H,
Jimmy Nelson,28.0,MIL,NL,-0.2,27.0,60.0,57.0,0.0,6.0,0.0,0.0,0.0,2.0,0.0,0.0,1.0,35.0,0.105,0.121,0.105,0.226,-40.0,0.117,-64.0,6.0,0.0,0.0,2.0,0.0,0.0,1,CYA-9
Jimmy Yacabonis,25.0,BAL,AL,0.0,2.0,2.0,2.0,0.0,0.0,0.0,0.0,0.0,1.0,0.0,0.0,0.0,1.0,0.0,0.0,0.0,0.0,-100.0,0.0,-133.0,0.0,0.0,0.0,0.0,0.0,0.0,1,
Joakim Soria,33.0,KCR,AL,0.0,3.0,0.0,0.0,0.0,0.0,0.0,0.0,0.0,0.0,0.0,0.0,0.0,0.0,,,,,,,,0.0,0.0,0.0,0.0,0.0,0.0,1,
Joaquin Benoit,39.0,2TM,NL,0.0,48.0,0.0,0.0,0.0,0.0,0.0,0.0,0.0,0.0,0.0,0.0,0.0,0.0,,,,,,,,0.0,0.0,0.0,0.0,0.0,0.0,1,
Joaquin Benoit,39.0,PHI,NL,0.0,41.0,0.0,0.0,0.0,0.0,0.0,0.0,0.0,0.0,0.0,0.0,0.0,0.0,,,,,,,,0.0,0.0,0.0,0.0,0.0,0.0,1,
Joaquin Benoit,39.0,PIT,NL,0.0,7.0,0.0,0.0,0.0,0.0,0.0,0.0,0.0,0.0,0.0,0.0,0.0,0.0,,,,,,,,0.0,0.0,0.0,0.0,0.0,0.0,/1,
Joc Pederson*,25.0,LAD,NL,-0.4,102.0,323.0,273.0,44.0,58.0,20.0,0.0,11.0,35.0,4.0,3.0,39.0,68.0,0.212,0.331,0.407,0.738,96.0,0.321,94.0,111.0,7.0,10.0,0.0,1.0,1.0,8H/7,
Joe Biagini,27.0,TOR,AL,0.0,4.0,3.0,2.0,0.0,0.0,0.0,0.0,0.0,1.0,0.0,0.0,0.0,0.0,0.0,0.0,0.0,0.0,-100.0,0.0,-254.0,0.0,0.0,0.0,1.0,0.0,0.0,1,
Joe Blanton,36.0,WSN,NL,0.1,48.0,1.0,0.0,0.0,0.0,0.0,0.0,0.0,0.0,0.0,0.0,1.0,0.0,,1.0,,,,0.698,350.0,0.0,0.0,0.0,0.0,0.0,0.0,1,
Joe Kelly,29.0,BOS,AL,0.0,5.0,0.0,0.0,0.0,0.0,0.0,0.0,0.0,0.0,0.0,0.0,0.0,0.0,,,,,,,,0.0,0.0,0.0,0.0,0.0,0.0,1,
Joe Mauer*,34.0,MIN,AL,4.1,141.0,597.0,525.0,69.0,160.0,36.0,1.0,7.0,71.0,2.0,1.0,66.0,83.0,0.305,0.384,0.417,0.801,115.0,0.361,123.0,219.0,17.0,3.0,0.0,3.0,3.0,*3D/H,
Joe Musgrove,24.0,HOU,AL,-0.1,4.0,5.0,5.0,0.0,0.0,0.0,0.0,0.0,0.0,0.0,0.0,0.0,1.0,0.0,0.0,0.0,0.0,-100.0,0.0,-130.0,0.0,0.0,0.0,0.0,0.0,0.0,1,
Joe Panik*,26.0,SFG,NL,1.5,138.0,573.0,511.0,60.0,147.0,28.0,5.0,10.0,53.0,4.0,1.0,46.0,54.0,0.288,0.347,0.421,0.768,102.0,0.337,102.0,215.0,10.0,5.0,3.0,8.0,4.0,*4/H,
Joe Ross,24.0,WSN,NL,-0.1,19.0,37.0,33.0,1.0,6.0,2.0,0.0,0.0,1.0,0.0,0.0,1.0,16.0,0.182,0.206,0.242,0.448,15.0,0.198,-12.0,8.0,1.0,0.0,3.0,0.0,0.0,1/H,
Joe Smith,33.0,TOR,AL,0.0,4.0,0.0,0.0,0.0,0.0,0.0,0.0,0.0,0.0,0.0,0.0,0.0,0.0,,,,,,,,0.0,0.0,0.0,0.0,0.0,0.0,1,
Joely Rodríguez*,25.0,PHI,NL,0.0,26.0,0.0,0.0,0.0,0.0,0.0,0.0,0.0,0.0,0.0,0.0,0.0,0.0,,,,,,,,0.0,0.0,0.0,0.0,0.0,0.0,1/H,
Joey Gallo*,23.0,TEX,AL,3.1,145.0,532.0,449.0,85.0,94.0,18.0,3.0,41.0,80.0,7.0,2.0,75.0,196.0,0.209,0.333,0.537,0.869,118.0,0.374,122.0,241.0,3.0,8.0,0.0,0.0,1.0,537/HD,
Joey Rickard,26.0,BAL,AL,0.9,111.0,277.0,261.0,29.0,63.0,15.0,0.0,4.0,19.0,8.0,1.0,9.0,63.0,0.241,0.276,0.345,0.621,68.0,0.285,67.0,90.0,6.0,4.0,2.0,1.0,0.0,97H8,
Joey Votto*,33.0,CIN,NL,7.9,162.0,707.0,559.0,106.0,179.0,34.0,1.0,36.0,100.0,5.0,1.0,134.0,83.0,0.32,0.454,0.578,1.032,167.0,0.436,172.0,323.0,16.0,8.0,0.0,6.0,20.0,*3,"AS,MVP-2"
Joey Wendle*,27.0,OAK,AL,0.1,8.0,14.0,13.0,3.0,4.0,1.0,0.0,1.0,5.0,0.0,0.0,1.0,3.0,0.308,0.357,0.615,0.973,159.0,0.375,141.0,8.0,0.0,0.0,0.0,0.0,1.0,/4H,
Johan Camargo#,23.0,ATL,NL,1.3,82.0,256.0,241.0,30.0,72.0,21.0,2.0,4.0,27.0,0.0,0.0,12.0,51.0,0.299,0.331,0.452,0.783,103.0,0.338,101.0,109.0,5.0,0.0,2.0,1.0,2.0,56H/47,
John Axford,34.0,OAK,AL,0.0,3.0,0.0,0.0,0.0,0.0,0.0,0.0,0.0,0.0,0.0,0.0,0.0,0.0,,,,,,,,0.0,0.0,0.0,0.0,0.0,0.0,1,
John Bormann,24.0,PIT,NL,0.0,1.0,1.0,1.0,0.0,0.0,0.0,0.0,0.0,0.0,0.0,0.0,0.0,1.0,0.0,0.0,0.0,0.0,-100.0,0.0,-133.0,0.0,0.0,0.0,0.0,0.0,0.0,/H,
John Brebbia*,27.0,STL,NL,0.0,46.0,1.0,1.0,0.0,0.0,0.0,0.0,0.0,0.0,0.0,0.0,0.0,0.0,0.0,0.0,0.0,0.0,-100.0,0.0,-133.0,0.0,0.0,0.0,0.0,0.0,0.0,1,
John Gant,24.0,STL,NL,0.0,7.0,3.0,3.0,0.0,0.0,0.0,0.0,0.0,0.0,0.0,0.0,0.0,0.0,0.0,0.0,0.0,0.0,-100.0,0.0,-143.0,0.0,0.0,0.0,0.0,0.0,0.0,/1,
John Hicks,27.0,DET,AL,0.3,60.0,190.0,173.0,25.0,46.0,12.0,0.0,6.0,22.0,2.0,1.0,13.0,51.0,0.266,0.326,0.439,0.766,102.0,0.328,98.0,76.0,5.0,3.0,0.0,1.0,0.0,32DH,
John Jaso*,33.0,PIT,NL,-0.4,126.0,302.0,256.0,28.0,54.0,19.0,0.0,10.0,35.0,1.0,1.0,40.0,66.0,0.211,0.328,0.402,0.73,93.0,0.327,97.0,103.0,5.0,5.0,0.0,1.0,2.0,H937,
John Lackey,38.0,CHC,NL,-0.1,31.0,61.0,53.0,2.0,7.0,1.0,0.0,0.0,1.0,1.0,1.0,3.0,23.0,0.132,0.179,0.151,0.33,-13.0,0.149,-46.0,8.0,0.0,0.0,5.0,0.0,0.0,1/H,
John Ryan Murphy,26.0,ARI,NL,-0.1,5.0,7.0,7.0,0.0,1.0,1.0,0.0,0.0,1.0,0.0,0.0,0.0,1.0,0.143,0.143,0.286,0.429,5.0,0.176,-22.0,2.0,1.0,0.0,0.0,0.0,0.0,/2,
Johnny Barbato,24.0,PIT,NL,0.0,23.0,1.0,1.0,0.0,0.0,0.0,0.0,0.0,0.0,0.0,0.0,0.0,0.0,0.0,0.0,0.0,0.0,-100.0,0.0,-133.0,0.0,0.0,0.0,0.0,0.0,0.0,1,
Johnny Cueto,31.0,SFG,NL,-0.1,25.0,52.0,46.0,3.0,4.0,0.0,0.0,0.0,3.0,0.0,0.0,1.0,15.0,0.087,0.104,0.087,0.191,-48.0,0.108,-76.0,4.0,0.0,0.0,4.0,1.0,0.0,1,
Johnny Giavotella,29.0,BAL,AL,-0.4,7.0,10.0,10.0,0.0,1.0,0.0,0.0,0.0,0.0,1.0,0.0,0.0,4.0,0.1,0.1,0.1,0.2,-45.0,0.113,-69.0,1.0,0.0,0.0,0.0,0.0,0.0,/4H,
Jon Gray,25.0,COL,NL,-0.2,19.0,43.0,38.0,3.0,3.0,0.0,0.0,1.0,3.0,0.0,0.0,1.0,27.0,0.079,0.103,0.158,0.26,-37.0,0.115,-92.0,6.0,0.0,0.0,4.0,0.0,0.0,1,
Jon Jay*,32.0,CHC,NL,1.1,141.0,433.0,379.0,65.0,112.0,18.0,3.0,2.0,34.0,6.0,2.0,37.0,80.0,0.296,0.374,0.375,0.749,96.0,0.343,101.0,142.0,11.0,12.0,3.0,2.0,3.0,*78H9/D1,
Jon Lester*,33.0,CHC,NL,0.2,30.0,65.0,54.0,5.0,8.0,3.0,0.0,1.0,6.0,1.0,0.0,4.0,26.0,0.148,0.203,0.259,0.463,19.0,0.208,-8.0,14.0,0.0,0.0,6.0,1.0,0.0,1,
Jonathan Broxton,33.0,STL,NL,0.0,19.0,0.0,0.0,0.0,0.0,0.0,0.0,0.0,0.0,0.0,0.0,0.0,0.0,,,,,,,,0.0,0.0,0.0,0.0,0.0,0.0,1,
Jonathan Holder,24.0,NYY,AL,0.0,4.0,0.0,0.0,0.0,0.0,0.0,0.0,0.0,0.0,0.0,0.0,0.0,0.0,,,,,,,,0.0,0.0,0.0,0.0,0.0,0.0,1,
Jonathan Lucroy,31.0,2TM,2LG,0.5,123.0,481.0,423.0,45.0,112.0,21.0,3.0,6.0,40.0,1.0,0.0,46.0,51.0,0.265,0.345,0.371,0.716,82.0,0.318,79.0,157.0,16.0,8.0,0.0,4.0,6.0,*2D/H3,
Jonathan Lucroy,31.0,TEX,AL,-0.3,77.0,306.0,281.0,27.0,68.0,15.0,0.0,4.0,27.0,1.0,0.0,19.0,32.0,0.242,0.297,0.338,0.635,64.0,0.286,58.0,95.0,10.0,4.0,0.0,2.0,0.0,2D/H3,
Jonathan Lucroy,31.0,COL,NL,0.7,46.0,175.0,142.0,18.0,44.0,6.0,3.0,2.0,13.0,0.0,0.0,27.0,19.0,0.31,0.429,0.437,0.865,114.0,0.378,116.0,62.0,6.0,4.0,0.0,2.0,6.0,2/H,
Jonathan Schoop,25.0,BAL,AL,6.1,160.0,675.0,622.0,92.0,182.0,35.0,0.0,32.0,105.0,1.0,0.0,35.0,142.0,0.293,0.338,0.503,0.841,124.0,0.363,126.0,313.0,20.0,11.0,0.0,7.0,0.0,*4/6,"AS,MVP-12"
Jonathan Villar#,26.0,MIL,NL,-0.1,122.0,436.0,403.0,49.0,97.0,18.0,1.0,11.0,40.0,23.0,8.0,30.0,132.0,0.241,0.293,0.372,0.665,72.0,0.302,72.0,150.0,4.0,0.0,2.0,1.0,1.0,4H/8D,
Jordan Luplow,23.0,PIT,NL,-0.4,27.0,87.0,78.0,6.0,16.0,3.0,1.0,3.0,11.0,0.0,1.0,6.0,22.0,0.205,0.276,0.385,0.66,73.0,0.279,66.0,30.0,4.0,2.0,0.0,1.0,0.0,97/H,
Jordan Lyles,26.0,2TM,NL,0.1,37.0,14.0,13.0,1.0,3.0,0.0,0.0,0.0,3.0,0.0,0.0,1.0,6.0,0.231,0.286,0.231,0.516,37.0,0.242,30.0,3.0,0.0,0.0,0.0,0.0,0.0,1,
Jordan Lyles,26.0,COL,NL,0.0,32.0,5.0,5.0,0.0,1.0,0.0,0.0,0.0,0.0,0.0,0.0,0.0,3.0,0.2,0.2,0.2,0.4,-1.0,0.179,-27.0,1.0,0.0,0.0,0.0,0.0,0.0,1,
Jordan Lyles,26.0,SDP,NL,0.1,5.0,9.0,8.0,1.0,2.0,0.0,0.0,0.0,3.0,0.0,0.0,1.0,3.0,0.25,0.333,0.25,0.583,61.0,0.277,62.0,2.0,0.0,0.0,0.0,0.0,0.0,/1,
Jordan Montgomery*,24.0,NYY,AL,0.0,2.0,5.0,3.0,0.0,0.0,0.0,0.0,0.0,0.0,0.0,0.0,2.0,2.0,0.0,0.4,0.0,0.4,21.0,0.279,60.0,0.0,1.0,0.0,0.0,0.0,0.0,1,ROY-6
Jordan Zimmermann,31.0,DET,AL,0.0,3.0,6.0,6.0,0.0,1.0,0.0,0.0,0.0,0.0,0.0,0.0,0.0,1.0,0.167,0.167,0.167,0.333,-10.0,0.149,-31.0,1.0,0.0,0.0,0.0,0.0,0.0,1,
Jordy Mercer,30.0,PIT,NL,0.2,145.0,558.0,502.0,52.0,128.0,24.0,5.0,14.0,58.0,0.0,4.0,51.0,88.0,0.255,0.326,0.406,0.733,93.0,0.314,89.0,204.0,16.0,3.0,0.0,2.0,13.0,*6/H,
Jorge Alfaro,24.0,PHI,NL,0.8,29.0,114.0,107.0,12.0,34.0,6.0,0.0,5.0,14.0,0.0,0.0,3.0,33.0,0.318,0.36,0.514,0.874,127.0,0.385,137.0,55.0,2.0,4.0,0.0,0.0,1.0,2/3,
Jorge Bonifacio,24.0,KCR,AL,0.6,113.0,422.0,384.0,55.0,98.0,15.0,1.0,17.0,40.0,1.0,1.0,35.0,118.0,0.255,0.32,0.432,0.752,98.0,0.323,94.0,166.0,8.0,2.0,0.0,1.0,0.0,9H/7D8,
Jorge De La Rosa*,36.0,ARI,NL,0.0,64.0,2.0,0.0,1.0,0.0,0.0,0.0,0.0,0.0,0.0,0.0,0.0,0.0,,,,,,,,0.0,0.0,0.0,2.0,0.0,0.0,1,
Jorge López,24.0,MIL,NL,0.0,1.0,0.0,0.0,0.0,0.0,0.0,0.0,0.0,0.0,0.0,0.0,0.0,0.0,,,,,,,,0.0,0.0,0.0,0.0,0.0,0.0,/1,
Jorge Polanco#,23.0,MIN,AL,1.4,133.0,544.0,488.0,60.0,125.0,30.0,3.0,13.0,74.0,13.0,5.0,41.0,78.0,0.256,0.313,0.41,0.723,92.0,0.32,92.0,200.0,7.0,2.0,7.0,6.0,1.0,*6/DH,
Jorge Soler,25.0,KCR,AL,-1.2,35.0,110.0,97.0,7.0,14.0,5.0,0.0,2.0,6.0,0.0,0.0,12.0,36.0,0.144,0.245,0.258,0.503,35.0,0.226,24.0,25.0,5.0,1.0,0.0,0.0,1.0,9D/7H,
Jose Altuve,27.0,HOU,AL,8.1,153.0,662.0,590.0,112.0,204.0,39.0,4.0,24.0,81.0,32.0,6.0,58.0,84.0,0.346,0.41,0.547,0.957,160.0,0.415,163.0,323.0,19.0,9.0,1.0,4.0,3.0,*4/DH,"AS,MVP-1,SS"
Jose Iglesias,27.0,DET,AL,0.4,130.0,489.0,463.0,56.0,118.0,33.0,1.0,6.0,54.0,7.0,4.0,21.0,65.0,0.255,0.288,0.369,0.657,74.0,0.288,69.0,171.0,6.0,1.0,3.0,1.0,0.0,*6,
Jose Lobaton#,32.0,WSN,NL,-0.9,51.0,158.0,141.0,11.0,24.0,3.0,0.0,4.0,11.0,0.0,0.0,14.0,35.0,0.17,0.248,0.277,0.525,35.0,0.246,31.0,39.0,5.0,1.0,1.0,1.0,1.0,2/H,
Jose Quintana,28.0,2TM,2LG,-0.2,15.0,33.0,25.0,2.0,2.0,0.0,0.0,0.0,4.0,0.0,0.0,1.0,17.0,0.08,0.111,0.08,0.191,-49.0,0.092,-114.0,2.0,0.0,0.0,6.0,1.0,0.0,1,
Jose Quintana,28.0,CHW,AL,-0.1,2.0,4.0,3.0,0.0,0.0,0.0,0.0,0.0,1.0,0.0,0.0,0.0,2.0,0.0,0.0,0.0,0.0,-100.0,0.0,-133.0,0.0,0.0,0.0,0.0,1.0,0.0,1,
Jose Quintana,28.0,CHC,NL,-0.2,13.0,29.0,22.0,2.0,2.0,0.0,0.0,0.0,3.0,0.0,0.0,1.0,15.0,0.091,0.13,0.091,0.221,-41.0,0.108,-110.0,2.0,0.0,0.0,6.0,0.0,0.0,1,
Josh A. Smith,29.0,OAK,AL,0.0,1.0,0.0,0.0,0.0,0.0,0.0,0.0,0.0,0.0,0.0,0.0,0.0,0.0,,,,,,,,0.0,0.0,0.0,0.0,0.0,0.0,1,
Josh Bell#,24.0,PIT,NL,0.9,159.0,620.0,549.0,75.0,140.0,26.0,6.0,26.0,90.0,2.0,4.0,66.0,117.0,0.255,0.334,0.466,0.8,109.0,0.347,113.0,256.0,15.0,1.0,0.0,4.0,4.0,*3H/D,ROY-3
Josh Collmenter,31.0,ATL,NL,0.0,10.0,0.0,0.0,0.0,0.0,0.0,0.0,0.0,0.0,0.0,0.0,0.0,0.0,,,,,,,,0.0,0.0,0.0,0.0,0.0,0.0,1,
Josh Donaldson,31.0,TOR,AL,4.6,113.0,496.0,415.0,65.0,112.0,21.0,0.0,33.0,78.0,2.0,2.0,76.0,111.0,0.27,0.385,0.559,0.944,148.0,0.396,147.0,232.0,5.0,3.0,0.0,2.0,1.0,5/D6H,MVP-22
Josh Edgin,30.0,NYM,NL,0.0,44.0,0.0,0.0,0.0,0.0,0.0,0.0,0.0,0.0,0.0,0.0,0.0,0.0,,,,,,,,0.0,0.0,0.0,0.0,0.0,0.0,1,
Josh Fields,31.0,LAD,NL,0.0,55.0,0.0,0.0,0.0,0.0,0.0,0.0,0.0,0.0,0.0,0.0,0.0,0.0,,,,,,,,0.0,0.0,0.0,0.0,0.0,0.0,1,
Josh Hader*,23.0,MIL,NL,-0.1,32.0,4.0,4.0,0.0,0.0,0.0,0.0,0.0,0.0,0.0,0.0,0.0,2.0,0.0,0.0,0.0,0.0,-100.0,0.0,-145.0,0.0,0.0,0.0,0.0,0.0,0.0,1,
Josh Harrison,29.0,PIT,NL,3.5,128.0,542.0,486.0,66.0,132.0,26.0,2.0,16.0,47.0,12.0,4.0,28.0,90.0,0.272,0.339,0.432,0.771,103.0,0.346,109.0,210.0,5.0,23.0,2.0,3.0,2.0,45/7H9,AS
Josh Lindblom,30.0,PIT,NL,0.0,4.0,2.0,2.0,0.0,0.0,0.0,0.0,0.0,0.0,0.0,0.0,0.0,1.0,0.0,0.0,0.0,0.0,-100.0,0.0,-133.0,0.0,0.0,0.0,0.0,0.0,0.0,/1,
Josh Lucas,26.0,STL,NL,0.0,5.0,0.0,0.0,0.0,0.0,0.0,0.0,0.0,0.0,0.0,0.0,0.0,0.0,,,,,,,,0.0,0.0,0.0,0.0,0.0,0.0,/1,
Josh Osich*,28.0,SFG,NL,0.0,51.0,0.0,0.0,0.0,0.0,0.0,0.0,0.0,0.0,0.0,0.0,0.0,0.0,,,,,,,,0.0,0.0,0.0,0.0,0.0,0.0,1,
Josh Phegley,29.0,OAK,AL,0.0,57.0,161.0,149.0,14.0,30.0,11.0,0.0,3.0,10.0,0.0,1.0,9.0,26.0,0.201,0.255,0.336,0.59,60.0,0.258,55.0,50.0,4.0,2.0,0.0,1.0,0.0,2/H,
Josh Ravin,29.0,LAD,NL,0.0,14.0,2.0,1.0,0.0,0.0,0.0,0.0,0.0,0.0,0.0,0.0,0.0,0.0,0.0,0.0,0.0,0.0,-100.0,0.0,-367.0,0.0,0.0,0.0,1.0,0.0,0.0,1,
Josh Reddick*,30.0,HOU,AL,4.6,134.0,540.0,477.0,77.0,150.0,34.0,4.0,13.0,82.0,7.0,3.0,43.0,72.0,0.314,0.363,0.484,0.847,130.0,0.368,134.0,231.0,9.0,0.0,1.0,12.0,1.0,*978/HD3,
Josh Rutledge,28.0,BOS,AL,-0.2,37.0,118.0,107.0,10.0,24.0,2.0,1.0,0.0,9.0,1.0,0.0,9.0,31.0,0.224,0.297,0.262,0.558,49.0,0.262,45.0,28.0,1.0,2.0,0.0,0.0,0.0,54/3H,
Josh Smoker*,28.0,NYM,NL,0.0,49.0,3.0,3.0,0.0,0.0,0.0,0.0,0.0,0.0,0.0,0.0,0.0,2.0,0.0,0.0,0.0,0.0,-100.0,0.0,-137.0,0.0,0.0,0.0,0.0,0.0,0.0,1,
Josh Tomlin,32.0,CLE,AL,0.0,3.0,7.0,7.0,0.0,1.0,0.0,0.0,0.0,0.0,0.0,0.0,0.0,3.0,0.143,0.143,0.143,0.286,-25.0,0.127,-51.0,1.0,0.0,0.0,0.0,0.0,0.0,1,
José Abreu,30.0,CHW,AL,4.8,156.0,675.0,621.0,95.0,189.0,43.0,6.0,33.0,102.0,3.0,0.0,35.0,119.0,0.304,0.354,0.552,0.906,141.0,0.387,143.0,343.0,21.0,15.0,0.0,4.0,6.0,*3D,MVP-14
José Bautista,36.0,TOR,AL,-1.0,157.0,686.0,587.0,92.0,119.0,27.0,0.0,23.0,65.0,6.0,3.0,84.0,170.0,0.203,0.308,0.366,0.674,79.0,0.298,76.0,215.0,16.0,8.0,0.0,7.0,3.0,*9D/5H3,
José Berríos,23.0,MIN,AL,0.1,3.0,5.0,5.0,0.0,1.0,0.0,0.0,0.0,0.0,0.0,0.0,0.0,2.0,0.2,0.2,0.2,0.4,8.0,0.357,120.0,1.0,0.0,0.0,0.0,0.0,0.0,1,
José Leclerc,23.0,TEX,AL,0.0,3.0,0.0,0.0,0.0,0.0,0.0,0.0,0.0,0.0,0.0,0.0,0.0,0.0,,,,,,,,0.0,0.0,0.0,0.0,0.0,0.0,1,
José Martínez,28.0,STL,NL,1.5,106.0,307.0,272.0,47.0,84.0,13.0,1.0,14.0,46.0,4.0,0.0,32.0,60.0,0.309,0.379,0.518,0.897,134.0,0.396,143.0,141.0,9.0,0.0,1.0,2.0,2.0,3H79/D,
José Osuna,24.0,PIT,NL,-0.8,104.0,227.0,215.0,31.0,50.0,13.0,4.0,7.0,30.0,0.0,0.0,9.0,40.0,0.233,0.269,0.428,0.697,81.0,0.302,78.0,92.0,10.0,2.0,0.0,1.0,0.0,H937,
José Peraza,23.0,CIN,NL,-0.6,143.0,518.0,487.0,50.0,126.0,9.0,4.0,5.0,37.0,23.0,8.0,20.0,70.0,0.259,0.297,0.324,0.622,63.0,0.286,60.0,158.0,7.0,7.0,3.0,1.0,1.0,46H/8,
José Pirela,27.0,SDP,NL,2.1,83.0,344.0,312.0,43.0,90.0,25.0,4.0,10.0,40.0,4.0,3.0,27.0,71.0,0.288,0.347,0.49,0.837,121.0,0.36,124.0,153.0,8.0,2.0,1.0,2.0,0.0,7/439HD5,
José Ramírez,27.0,ATL,NL,0.0,64.0,0.0,0.0,0.0,0.0,0.0,0.0,0.0,0.0,0.0,0.0,0.0,0.0,,,,,,,,0.0,0.0,0.0,0.0,0.0,0.0,1,
José Ramírez#,24.0,CLE,AL,6.9,152.0,645.0,585.0,107.0,186.0,56.0,6.0,29.0,83.0,17.0,5.0,52.0,69.0,0.318,0.374,0.583,0.957,145.0,0.405,147.0,341.0,13.0,3.0,0.0,5.0,5.0,54/H,"AS,MVP-3,SS"
José Reyes#,34.0,NYM,NL,-0.1,145.0,561.0,501.0,75.0,123.0,25.0,7.0,15.0,58.0,24.0,6.0,50.0,79.0,0.246,0.315,0.413,0.728,94.0,0.326,95.0,207.0,3.0,2.0,5.0,3.0,1.0,654H/78,
José Ruiz,22.0,SDP,NL,0.0,1.0,0.0,0.0,0.0,0.0,0.0,0.0,0.0,0.0,0.0,0.0,0.0,0.0,,,,,,,,0.0,0.0,0.0,0.0,0.0,0.0,/1,
José Torres*,23.0,SDP,NL,0.1,57.0,1.0,1.0,1.0,1.0,0.0,0.0,0.0,0.0,0.0,0.0,0.0,0.0,1.0,1.0,1.0,2.0,440.0,0.896,500.0,1.0,0.0,0.0,0.0,0.0,0.0,1,
José Ureña,25.0,MIA,NL,-0.2,32.0,56.0,48.0,3.0,5.0,1.0,0.0,0.0,2.0,0.0,0.0,0.0,28.0,0.104,0.104,0.125,0.229,-37.0,0.098,-87.0,6.0,0.0,0.0,8.0,0.0,0.0,1/H,
José Váldez,27.0,SDP,NL,0.0,12.0,0.0,0.0,0.0,0.0,0.0,0.0,0.0,0.0,0.0,0.0,0.0,0.0,,,,,,,,0.0,0.0,0.0,0.0,0.0,0.0,1,
José Álvarez*,28.0,LAA,AL,0.0,5.0,0.0,0.0,0.0,0.0,0.0,0.0,0.0,0.0,0.0,0.0,0.0,0.0,,,,,,,,0.0,0.0,0.0,0.0,0.0,0.0,1,
JT Riddle*,25.0,MIA,NL,0.7,70.0,247.0,228.0,20.0,57.0,13.0,1.0,3.0,31.0,0.0,2.0,12.0,50.0,0.25,0.282,0.355,0.637,73.0,0.273,68.0,81.0,6.0,0.0,2.0,5.0,2.0,6/H,
Juan Centeno*,27.0,HOU,AL,-0.2,22.0,57.0,52.0,5.0,12.0,0.0,0.0,2.0,4.0,0.0,0.0,4.0,12.0,0.231,0.286,0.346,0.632,73.0,0.271,63.0,18.0,2.0,0.0,1.0,0.0,1.0,2/H,
Juan Graterol,28.0,LAA,AL,0.0,48.0,87.0,84.0,5.0,17.0,4.0,0.0,0.0,10.0,0.0,0.0,1.0,13.0,0.202,0.207,0.25,0.457,24.0,0.216,21.0,21.0,4.0,0.0,0.0,2.0,0.0,2/H,
Juan Lagares,28.0,NYM,NL,2.1,94.0,272.0,252.0,37.0,63.0,16.0,2.0,3.0,15.0,7.0,3.0,14.0,56.0,0.25,0.296,0.365,0.661,77.0,0.292,74.0,92.0,6.0,3.0,2.0,1.0,0.0,8H,
Juan Minaya,26.0,CHW,AL,0.0,3.0,0.0,0.0,0.0,0.0,0.0,0.0,0.0,0.0,0.0,0.0,0.0,0.0,,,,,,,,0.0,0.0,0.0,0.0,0.0,0.0,1,
Juan Nicasio,30.0,3TM,NL,0.0,69.0,1.0,1.0,0.0,0.0,0.0,0.0,0.0,0.0,0.0,0.0,0.0,0.0,0.0,0.0,0.0,0.0,-100.0,0.0,-133.0,0.0,0.0,0.0,0.0,0.0,0.0,1,
Juan Nicasio,30.0,PIT,NL,0.0,58.0,0.0,0.0,0.0,0.0,0.0,0.0,0.0,0.0,0.0,0.0,0.0,0.0,,,,,,,,0.0,0.0,0.0,0.0,0.0,0.0,1,
Juan Nicasio,30.0,PHI,NL,0.0,2.0,0.0,0.0,0.0,0.0,0.0,0.0,0.0,0.0,0.0,0.0,0.0,0.0,,,,,,,,0.0,0.0,0.0,0.0,0.0,0.0,/1,
Juan Nicasio,30.0,STL,NL,0.0,9.0,1.0,1.0,0.0,0.0,0.0,0.0,0.0,0.0,0.0,0.0,0.0,0.0,0.0,0.0,0.0,0.0,-100.0,0.0,-133.0,0.0,0.0,0.0,0.0,0.0,0.0,/1,
Julio Teheran,26.0,ATL,NL,0.1,35.0,72.0,57.0,4.0,8.0,0.0,0.0,0.0,6.0,0.0,0.0,1.0,17.0,0.14,0.167,0.14,0.307,-18.0,0.185,-31.0,8.0,0.0,1.0,12.0,1.0,0.0,1/H,
Julio Urías*,20.0,LAD,NL,0.0,5.0,7.0,6.0,0.0,1.0,0.0,0.0,0.0,0.0,0.0,0.0,0.0,4.0,0.167,0.167,0.167,0.333,-10.0,0.134,-65.0,1.0,0.0,0.0,1.0,0.0,0.0,/1,
Jumbo Díaz,33.0,TBR,AL,0.0,2.0,0.0,0.0,0.0,0.0,0.0,0.0,0.0,0.0,0.0,0.0,0.0,0.0,,,,,,,,0.0,0.0,0.0,0.0,0.0,0.0,1,
Junichi Tazawa,31.0,MIA,NL,0.0,53.0,1.0,1.0,0.0,0.0,0.0,0.0,0.0,0.0,0.0,0.0,0.0,0.0,0.0,0.0,0.0,0.0,-100.0,0.0,-125.0,0.0,0.0,0.0,0.0,0.0,0.0,1,
Junior Guerra,32.0,MIL,NL,-0.3,20.0,21.0,16.0,0.0,0.0,0.0,0.0,0.0,0.0,0.0,0.0,0.0,4.0,0.0,0.0,0.0,0.0,-100.0,0.0,-219.0,0.0,0.0,0.0,5.0,0.0,0.0,1,
Jurickson Profar#,24.0,TEX,AL,0.0,22.0,70.0,58.0,8.0,10.0,2.0,0.0,0.0,5.0,1.0,1.0,9.0,14.0,0.172,0.294,0.207,0.501,33.0,0.264,44.0,12.0,0.0,1.0,2.0,0.0,0.0,7/65H34,
Justin Bour*,29.0,MIA,NL,2.7,108.0,429.0,377.0,52.0,109.0,18.0,0.0,25.0,83.0,1.0,0.0,47.0,95.0,0.289,0.366,0.536,0.902,143.0,0.382,145.0,202.0,10.0,1.0,0.0,4.0,7.0,3/HD,
Justin Grimm,28.0,CHC,NL,-0.1,48.0,3.0,3.0,0.0,0.0,0.0,0.0,0.0,0.0,0.0,0.0,0.0,1.0,0.0,0.0,0.0,0.0,-100.0,0.0,-149.0,0.0,1.0,0.0,0.0,0.0,0.0,1,
Justin Haley*,26.0,MIN,AL,0.0,1.0,0.0,0.0,0.0,0.0,0.0,0.0,0.0,0.0,0.0,0.0,0.0,0.0,,,,,,,,0.0,0.0,0.0,0.0,0.0,0.0,1,
Justin Nicolino*,25.0,MIA,NL,-0.1,20.0,13.0,11.0,0.0,0.0,0.0,0.0,0.0,0.0,0.0,0.0,0.0,2.0,0.0,0.0,0.0,0.0,-100.0,0.0,-172.0,0.0,0.0,0.0,2.0,0.0,0.0,1,
Justin Ruggiano,35.0,SFG,NL,-0.8,19.0,63.0,60.0,2.0,13.0,1.0,0.0,2.0,4.0,1.0,1.0,1.0,17.0,0.217,0.238,0.333,0.571,49.0,0.256,47.0,20.0,0.0,1.0,0.0,1.0,0.0,9/7H8,
Justin Smoak#,30.0,TOR,AL,3.1,158.0,637.0,560.0,85.0,151.0,29.0,1.0,38.0,90.0,0.0,1.0,73.0,128.0,0.27,0.355,0.529,0.883,131.0,0.374,131.0,296.0,17.0,2.0,0.0,2.0,3.0,*3/HD,AS
Justin Turner,32.0,LAD,NL,5.8,130.0,543.0,457.0,72.0,147.0,32.0,0.0,21.0,71.0,7.0,1.0,59.0,56.0,0.322,0.415,0.53,0.945,150.0,0.408,155.0,242.0,12.0,19.0,1.0,7.0,5.0,*5/HD,"AS,MVP-8"
Justin Upton,29.0,2TM,AL,5.6,152.0,635.0,557.0,100.0,152.0,44.0,0.0,35.0,109.0,14.0,5.0,74.0,180.0,0.273,0.361,0.54,0.901,137.0,0.386,139.0,301.0,9.0,3.0,0.0,1.0,3.0,*7/H,"AS,MVP-16,SS"
Justin Upton,29.0,DET,AL,5.2,125.0,520.0,459.0,81.0,128.0,37.0,0.0,28.0,94.0,10.0,5.0,57.0,147.0,0.279,0.362,0.542,0.904,137.0,0.387,140.0,249.0,6.0,3.0,0.0,1.0,2.0,*7/H,
Justin Upton,29.0,LAA,AL,0.5,27.0,115.0,98.0,19.0,24.0,7.0,0.0,7.0,15.0,4.0,0.0,17.0,33.0,0.245,0.357,0.531,0.887,136.0,0.38,133.0,52.0,3.0,0.0,0.0,0.0,1.0,7,
Justin Verlander,34.0,DET,AL,0.0,2.0,6.0,6.0,0.0,1.0,0.0,0.0,0.0,1.0,0.0,0.0,0.0,4.0,0.167,0.167,0.167,0.333,-10.0,0.149,-31.0,1.0,0.0,0.0,0.0,0.0,0.0,1,CYA-5
Justin Wilson*,29.0,2TM,2LG,0.0,24.0,0.0,0.0,0.0,0.0,0.0,0.0,0.0,0.0,0.0,0.0,0.0,0.0,,,,,,,,0.0,0.0,0.0,0.0,0.0,0.0,1,
Justin Wilson*,29.0,DET,AL,0.0,2.0,0.0,0.0,0.0,0.0,0.0,0.0,0.0,0.0,0.0,0.0,0.0,0.0,,,,,,,,0.0,0.0,0.0,0.0,0.0,0.0,1,
Justin Wilson*,29.0,CHC,NL,0.0,22.0,0.0,0.0,0.0,0.0,0.0,0.0,0.0,0.0,0.0,0.0,0.0,0.0,,,,,,,,0.0,0.0,0.0,0.0,0.0,0.0,1,
Kaleb Cowart#,25.0,LAA,AL,0.4,50.0,117.0,102.0,18.0,23.0,5.0,1.0,3.0,11.0,4.0,2.0,10.0,28.0,0.225,0.313,0.382,0.695,88.0,0.307,87.0,39.0,4.0,3.0,2.0,0.0,1.0,45H,
Kelby Tomlinson,27.0,SFG,NL,0.3,104.0,222.0,194.0,32.0,50.0,4.0,2.0,1.0,11.0,9.0,1.0,23.0,46.0,0.258,0.332,0.314,0.646,73.0,0.295,67.0,61.0,8.0,0.0,2.0,3.0,2.0,H546/7,
Kelvin Herrera,27.0,KCR,AL,0.0,6.0,0.0,0.0,0.0,0.0,0.0,0.0,0.0,0.0,0.0,0.0,0.0,0.0,,,,,,,,0.0,0.0,0.0,0.0,0.0,0.0,1,
Ken Giles,26.0,HOU,AL,0.0,4.0,0.0,0.0,0.0,0.0,0.0,0.0,0.0,0.0,0.0,0.0,0.0,0.0,,,,,,,,0.0,0.0,0.0,0.0,0.0,0.0,1,
Kendall Graveman,26.0,OAK,AL,0.0,2.0,1.0,1.0,0.0,0.0,0.0,0.0,0.0,0.0,0.0,0.0,0.0,1.0,0.0,0.0,0.0,0.0,-100.0,0.0,-133.0,0.0,0.0,0.0,0.0,0.0,0.0,1,
Kendrys Morales#,34.0,TOR,AL,-0.1,150.0,608.0,557.0,67.0,139.0,25.0,0.0,28.0,85.0,0.0,0.0,43.0,132.0,0.25,0.308,0.445,0.753,98.0,0.329,98.0,248.0,22.0,5.0,0.0,3.0,2.0,*D3/H,
Kenley Jansen#,29.0,LAD,NL,0.1,59.0,4.0,4.0,0.0,2.0,1.0,0.0,0.0,1.0,0.0,0.0,0.0,0.0,0.5,0.5,0.75,1.25,227.0,0.509,230.0,3.0,1.0,0.0,0.0,0.0,0.0,1,"AS,CYA-5,MVP-15"
Kennys Vargas#,26.0,MIN,AL,0.9,78.0,264.0,241.0,33.0,61.0,13.0,0.0,11.0,41.0,0.0,0.0,20.0,77.0,0.253,0.314,0.444,0.758,100.0,0.332,101.0,107.0,10.0,2.0,0.0,1.0,1.0,3DH,
Kenta Maeda,29.0,LAD,NL,0.0,28.0,44.0,39.0,2.0,5.0,1.0,0.0,0.0,4.0,0.0,0.0,0.0,3.0,0.128,0.128,0.154,0.282,-25.0,0.147,-49.0,6.0,1.0,0.0,5.0,0.0,0.0,1/H,
Keon Broxton,27.0,MIL,NL,0.4,143.0,463.0,414.0,66.0,91.0,15.0,4.0,20.0,49.0,21.0,7.0,40.0,175.0,0.22,0.299,0.42,0.719,85.0,0.319,84.0,174.0,3.0,7.0,1.0,1.0,1.0,*8H,
Keone Kela,24.0,TEX,AL,0.0,3.0,0.0,0.0,0.0,0.0,0.0,0.0,0.0,0.0,0.0,0.0,0.0,0.0,,,,,,,,0.0,0.0,0.0,0.0,0.0,0.0,1,
Ketel Marte#,23.0,ARI,NL,1.4,73.0,255.0,223.0,30.0,58.0,11.0,2.0,5.0,18.0,3.0,1.0,29.0,37.0,0.26,0.345,0.395,0.74,88.0,0.328,86.0,88.0,3.0,1.0,0.0,2.0,3.0,6/H5,
Keury Mella,23.0,CIN,NL,0.0,2.0,0.0,0.0,0.0,0.0,0.0,0.0,0.0,0.0,0.0,0.0,0.0,0.0,,,,,,,,0.0,0.0,0.0,0.0,0.0,0.0,/1,
Kevan Smith,29.0,CHW,AL,-0.2,87.0,294.0,276.0,23.0,78.0,17.0,0.0,4.0,30.0,0.0,0.0,9.0,46.0,0.283,0.309,0.388,0.697,88.0,0.306,85.0,107.0,9.0,3.0,2.0,3.0,0.0,2H/D,
Kevin Gausman*,26.0,BAL,AL,0.0,2.0,2.0,2.0,0.0,0.0,0.0,0.0,0.0,0.0,0.0,0.0,0.0,1.0,0.0,0.0,0.0,0.0,-100.0,0.0,-133.0,0.0,0.0,0.0,0.0,0.0,0.0,1,
Kevin Kiermaier*,27.0,TBR,AL,4.8,98.0,421.0,380.0,56.0,105.0,15.0,3.0,15.0,39.0,16.0,7.0,31.0,99.0,0.276,0.338,0.45,0.788,113.0,0.339,110.0,171.0,3.0,5.0,4.0,1.0,2.0,8/H,
Kevin McCarthy,25.0,KCR,AL,0.0,2.0,0.0,0.0,0.0,0.0,0.0,0.0,0.0,0.0,0.0,0.0,0.0,0.0,,,,,,,,0.0,0.0,0.0,0.0,0.0,0.0,1,
Kevin McGowan,25.0,NYM,NL,0.0,8.0,0.0,0.0,0.0,0.0,0.0,0.0,0.0,0.0,0.0,0.0,0.0,0.0,,,,,,,,0.0,0.0,0.0,0.0,0.0,0.0,/1,
Kevin Pillar,28.0,TOR,AL,2.8,154.0,632.0,587.0,72.0,150.0,37.0,1.0,16.0,42.0,15.0,6.0,33.0,95.0,0.256,0.3,0.404,0.704,86.0,0.313,86.0,237.0,13.0,6.0,3.0,3.0,0.0,*8/H,
Kevin Plawecki,26.0,NYM,NL,0.7,37.0,118.0,100.0,11.0,26.0,5.0,0.0,3.0,13.0,1.0,0.0,14.0,17.0,0.26,0.364,0.4,0.764,106.0,0.351,116.0,40.0,2.0,3.0,0.0,1.0,2.0,2/H13,
Kevin Quackenbush,28.0,SDP,NL,0.0,18.0,1.0,1.0,0.0,0.0,0.0,0.0,0.0,0.0,0.0,0.0,0.0,1.0,0.0,0.0,0.0,0.0,-100.0,0.0,-133.0,0.0,0.0,0.0,0.0,0.0,0.0,1,
Kevin Shackelford,28.0,CIN,NL,0.0,26.0,3.0,3.0,0.0,1.0,0.0,0.0,0.0,0.0,0.0,0.0,0.0,1.0,0.333,0.333,0.333,0.667,75.0,0.299,71.0,1.0,0.0,0.0,0.0,0.0,0.0,1,
Kevin Siegrist*,27.0,2TM,NL,0.0,43.0,0.0,0.0,0.0,0.0,0.0,0.0,0.0,0.0,0.0,0.0,0.0,0.0,,,,,,,,0.0,0.0,0.0,0.0,0.0,0.0,1,
Kevin Siegrist*,27.0,STL,NL,0.0,36.0,0.0,0.0,0.0,0.0,0.0,0.0,0.0,0.0,0.0,0.0,0.0,0.0,,,,,,,,0.0,0.0,0.0,0.0,0.0,0.0,1,
Kevin Siegrist*,27.0,PHI,NL,0.0,7.0,0.0,0.0,0.0,0.0,0.0,0.0,0.0,0.0,0.0,0.0,0.0,0.0,,,,,,,,0.0,0.0,0.0,0.0,0.0,0.0,/1,
Keynan Middleton,23.0,LAA,AL,0.0,5.0,0.0,0.0,0.0,0.0,0.0,0.0,0.0,0.0,0.0,0.0,0.0,0.0,,,,,,,,0.0,0.0,0.0,0.0,0.0,0.0,1,
Khris Davis,29.0,OAK,AL,2.8,153.0,652.0,566.0,91.0,140.0,28.0,1.0,43.0,110.0,4.0,0.0,73.0,195.0,0.247,0.336,0.528,0.864,131.0,0.371,134.0,299.0,20.0,6.0,0.0,7.0,1.0,*7D/H,MVP-22
Kiké Hernández,25.0,LAD,NL,1.1,140.0,342.0,297.0,46.0,64.0,24.0,2.0,11.0,37.0,3.0,0.0,41.0,80.0,0.215,0.308,0.421,0.729,92.0,0.315,87.0,125.0,4.0,0.0,1.0,3.0,2.0,H87695/43D,
Kirby Yates*,30.0,SDP,NL,0.0,55.0,0.0,0.0,0.0,0.0,0.0,0.0,0.0,0.0,0.0,0.0,0.0,0.0,,,,,,,,0.0,0.0,0.0,0.0,0.0,0.0,1,
Kirk Nieuwenhuis*,29.0,MIL,NL,-0.2,16.0,31.0,26.0,3.0,3.0,1.0,0.0,1.0,1.0,0.0,0.0,4.0,15.0,0.115,0.258,0.269,0.527,38.0,0.246,34.0,7.0,0.0,1.0,0.0,0.0,0.0,/H87,
Koda Glover,24.0,WSN,NL,0.0,22.0,0.0,0.0,0.0,0.0,0.0,0.0,0.0,0.0,0.0,0.0,0.0,0.0,,,,,,,,0.0,0.0,0.0,0.0,0.0,0.0,1,
Koji Uehara,42.0,CHC,NL,0.0,45.0,0.0,0.0,0.0,0.0,0.0,0.0,0.0,0.0,0.0,0.0,0.0,0.0,,,,,,,,0.0,0.0,0.0,0.0,0.0,0.0,1,
Kole Calhoun*,29.0,LAA,AL,2.2,155.0,654.0,569.0,77.0,139.0,23.0,2.0,19.0,71.0,5.0,1.0,71.0,134.0,0.244,0.333,0.392,0.725,96.0,0.325,99.0,223.0,10.0,8.0,0.0,6.0,4.0,*9/H,
Kolten Wong*,26.0,STL,NL,1.8,108.0,411.0,354.0,55.0,101.0,27.0,3.0,4.0,42.0,8.0,2.0,41.0,60.0,0.285,0.376,0.412,0.788,109.0,0.34,103.0,146.0,4.0,12.0,1.0,3.0,11.0,4/H,
Kris Bryant,25.0,CHC,NL,5.7,151.0,665.0,549.0,111.0,162.0,38.0,4.0,29.0,73.0,7.0,5.0,95.0,128.0,0.295,0.409,0.537,0.946,142.0,0.405,148.0,295.0,8.0,15.0,0.0,6.0,5.0,*5/9378H,MVP-7
Kristopher Negrón,31.0,ARI,NL,-0.3,14.0,31.0,25.0,3.0,4.0,1.0,0.0,0.0,1.0,0.0,0.0,4.0,7.0,0.16,0.3,0.2,0.5,31.0,0.275,47.0,5.0,1.0,1.0,1.0,0.0,0.0,/67H34,
Kurt Suzuki,33.0,ATL,NL,2.7,81.0,309.0,276.0,38.0,78.0,13.0,0.0,19.0,50.0,0.0,0.0,17.0,39.0,0.283,0.351,0.536,0.887,128.0,0.374,127.0,148.0,5.0,13.0,1.0,2.0,2.0,2/H,
Kyle Barraclough,27.0,MIA,NL,0.0,62.0,1.0,1.0,0.0,0.0,0.0,0.0,0.0,0.0,0.0,0.0,0.0,1.0,0.0,0.0,0.0,0.0,-100.0,0.0,-125.0,0.0,0.0,0.0,0.0,0.0,0.0,1,
Kyle Crick*,24.0,SFG,NL,0.0,27.0,0.0,0.0,0.0,0.0,0.0,0.0,0.0,0.0,0.0,0.0,0.0,0.0,,,,,,,,0.0,0.0,0.0,0.0,0.0,0.0,1,
Kyle Crockett*,25.0,CLE,AL,0.0,1.0,0.0,0.0,0.0,0.0,0.0,0.0,0.0,0.0,0.0,0.0,0.0,0.0,,,,,,,,0.0,0.0,0.0,0.0,0.0,0.0,/1,
Kyle Farmer,26.0,LAD,NL,-0.1,20.0,20.0,20.0,1.0,6.0,1.0,0.0,0.0,2.0,0.0,0.0,0.0,3.0,0.3,0.3,0.35,0.65,73.0,0.281,64.0,7.0,2.0,0.0,0.0,0.0,0.0,H/523,
Kyle Freeland*,24.0,COL,NL,0.1,33.0,56.0,52.0,3.0,8.0,1.0,0.0,1.0,2.0,0.0,0.0,1.0,30.0,0.154,0.17,0.231,0.401,-3.0,0.189,-28.0,12.0,0.0,0.0,3.0,0.0,0.0,1/H,ROY-7
Kyle Hendricks,27.0,CHC,NL,-0.3,24.0,51.0,50.0,3.0,5.0,1.0,0.0,0.0,5.0,0.0,0.0,0.0,28.0,0.1,0.1,0.12,0.22,-43.0,0.093,-82.0,6.0,0.0,0.0,1.0,0.0,0.0,1/H,
Kyle Higashioka,27.0,NYY,AL,-0.2,9.0,20.0,18.0,2.0,0.0,0.0,0.0,0.0,0.0,0.0,0.0,2.0,6.0,0.0,0.1,0.0,0.1,-70.0,0.159,-27.0,0.0,0.0,0.0,0.0,0.0,0.0,/2DH,
Kyle Kendrick,32.0,BOS,AL,0.0,1.0,2.0,1.0,0.0,0.0,0.0,0.0,0.0,0.0,0.0,0.0,0.0,1.0,0.0,0.0,0.0,0.0,-100.0,0.0,-383.0,0.0,0.0,0.0,1.0,0.0,0.0,/1,
Kyle Lloyd,26.0,SDP,NL,0.0,1.0,1.0,1.0,0.0,0.0,0.0,0.0,0.0,0.0,0.0,0.0,0.0,0.0,0.0,0.0,0.0,0.0,-100.0,0.0,-133.0,0.0,0.0,0.0,0.0,0.0,0.0,/1,
Kyle McGrath*,24.0,SDP,NL,0.0,16.0,0.0,0.0,0.0,0.0,0.0,0.0,0.0,0.0,0.0,0.0,0.0,0.0,,,,,,,,0.0,0.0,0.0,0.0,0.0,0.0,1,
Kyle Schwarber*,24.0,CHC,NL,0.0,129.0,486.0,422.0,67.0,89.0,16.0,1.0,30.0,59.0,1.0,1.0,59.0,150.0,0.211,0.315,0.467,0.782,99.0,0.336,97.0,197.0,6.0,5.0,0.0,0.0,1.0,*7H/D23,
Kyle Seager*,29.0,SEA,AL,3.6,154.0,650.0,578.0,72.0,144.0,33.0,1.0,27.0,88.0,2.0,1.0,58.0,110.0,0.249,0.323,0.45,0.773,109.0,0.326,103.0,260.0,6.0,8.0,0.0,6.0,6.0,*5/H,
Lance Lynn#,30.0,STL,NL,-0.3,31.0,61.0,54.0,2.0,4.0,2.0,0.0,0.0,0.0,0.0,0.0,1.0,25.0,0.074,0.107,0.111,0.218,-42.0,0.101,-82.0,6.0,1.0,1.0,5.0,0.0,0.0,1,
Lance McCullers Jr.*,23.0,HOU,AL,0.1,1.0,3.0,3.0,0.0,0.0,0.0,0.0,0.0,0.0,0.0,0.0,0.0,0.0,0.0,0.0,0.0,0.0,-100.0,0.298,83.0,0.0,0.0,0.0,0.0,0.0,0.0,1,AS
Lane Adams,27.0,ATL,NL,0.3,85.0,122.0,109.0,19.0,30.0,4.0,1.0,5.0,20.0,10.0,0.0,10.0,37.0,0.275,0.339,0.468,0.807,109.0,0.37,110.0,51.0,3.0,1.0,1.0,1.0,0.0,H78/9,
Leonys Martín*,29.0,2TM,2LG,0.1,49.0,138.0,128.0,14.0,22.0,3.0,1.0,3.0,9.0,7.0,4.0,8.0,33.0,0.172,0.232,0.281,0.513,39.0,0.227,31.0,36.0,2.0,2.0,0.0,0.0,1.0,89/H71,
Leonys Martín*,29.0,SEA,AL,-0.2,34.0,122.0,115.0,12.0,20.0,2.0,1.0,3.0,8.0,6.0,4.0,5.0,29.0,0.174,0.221,0.287,0.508,38.0,0.221,30.0,33.0,2.0,2.0,0.0,0.0,1.0,89/H,
Leonys Martín*,29.0,CHC,NL,0.3,15.0,16.0,13.0,2.0,2.0,1.0,0.0,0.0,1.0,1.0,0.0,3.0,4.0,0.154,0.313,0.231,0.543,45.0,0.273,41.0,3.0,0.0,0.0,0.0,0.0,0.0,/879H1,
Leury García#,26.0,CHW,AL,1.1,87.0,326.0,300.0,41.0,81.0,15.0,2.0,9.0,33.0,8.0,5.0,13.0,69.0,0.27,0.316,0.423,0.739,98.0,0.316,94.0,127.0,4.0,8.0,3.0,2.0,0.0,87/H946,
Lewis Brinson,23.0,MIL,NL,-0.4,21.0,55.0,47.0,2.0,5.0,0.0,1.0,2.0,3.0,1.0,0.0,7.0,17.0,0.106,0.236,0.277,0.513,34.0,0.227,16.0,13.0,0.0,1.0,0.0,0.0,1.0,/78H,
Liam Hendriks,28.0,OAK,AL,0.0,4.0,0.0,0.0,0.0,0.0,0.0,0.0,0.0,0.0,0.0,0.0,0.0,0.0,,,,,,,,0.0,0.0,0.0,0.0,0.0,0.0,1,
Lisalverto Bonilla#,27.0,CIN,NL,0.1,7.0,8.0,6.0,0.0,1.0,0.0,0.0,0.0,0.0,0.0,0.0,1.0,3.0,0.167,0.375,0.167,0.542,50.0,0.29,66.0,1.0,0.0,1.0,0.0,0.0,0.0,1,
Logan Forsythe,30.0,LAD,NL,1.8,119.0,439.0,361.0,56.0,81.0,19.0,0.0,6.0,36.0,3.0,2.0,69.0,109.0,0.224,0.351,0.327,0.678,83.0,0.316,90.0,118.0,12.0,4.0,0.0,5.0,1.0,45H/763,
Logan Morrison*,29.0,TBR,AL,3.0,149.0,601.0,512.0,75.0,126.0,22.0,1.0,38.0,85.0,2.0,0.0,81.0,149.0,0.246,0.353,0.516,0.868,133.0,0.365,129.0,264.0,12.0,5.0,0.0,3.0,8.0,*3DH,
Lonnie Chisenhall*,28.0,CLE,AL,1.4,82.0,270.0,236.0,34.0,68.0,17.0,1.0,12.0,53.0,2.0,2.0,25.0,55.0,0.288,0.36,0.521,0.881,126.0,0.369,124.0,123.0,6.0,3.0,3.0,3.0,2.0,98H7/3,
Lorenzo Cain,31.0,KCR,AL,5.5,155.0,645.0,584.0,86.0,175.0,27.0,5.0,15.0,49.0,26.0,2.0,54.0,100.0,0.3,0.363,0.44,0.803,113.0,0.369,121.0,257.0,20.0,5.0,0.0,2.0,1.0,*8/DH,
Lucas Duda*,31.0,2TM,2LG,1.6,127.0,491.0,423.0,50.0,92.0,28.0,0.0,30.0,64.0,0.0,0.0,60.0,135.0,0.217,0.322,0.496,0.818,117.0,0.342,111.0,210.0,9.0,6.0,0.0,2.0,6.0,3DH,
Lucas Duda*,31.0,NYM,NL,1.5,75.0,291.0,252.0,30.0,62.0,21.0,0.0,17.0,37.0,0.0,0.0,37.0,73.0,0.246,0.347,0.532,0.879,132.0,0.367,129.0,134.0,6.0,2.0,0.0,0.0,4.0,3/H,
Lucas Duda*,31.0,TBR,AL,0.1,52.0,200.0,171.0,20.0,30.0,7.0,0.0,13.0,27.0,0.0,0.0,23.0,62.0,0.175,0.285,0.444,0.729,95.0,0.305,86.0,76.0,3.0,4.0,0.0,2.0,2.0,3D/H,
Lucas Sims,23.0,ATL,NL,-0.1,14.0,18.0,15.0,1.0,1.0,0.0,0.0,0.0,0.0,0.0,0.0,0.0,8.0,0.067,0.067,0.067,0.133,-65.0,0.06,-139.0,1.0,0.0,0.0,3.0,0.0,0.0,1,
Luis Avilán*,27.0,LAD,NL,0.0,58.0,2.0,2.0,0.0,0.0,0.0,0.0,0.0,0.0,0.0,0.0,0.0,1.0,0.0,0.0,0.0,0.0,-100.0,0.0,-133.0,0.0,0.0,0.0,0.0,0.0,0.0,1,
Luis Castillo,24.0,CIN,NL,-0.2,14.0,33.0,29.0,0.0,2.0,0.0,0.0,0.0,1.0,0.0,0.0,1.0,11.0,0.069,0.1,0.069,0.169,-54.0,0.083,-102.0,2.0,0.0,0.0,3.0,0.0,0.0,1,ROY-8
Luis García,30.0,PHI,NL,0.0,63.0,0.0,0.0,0.0,0.0,0.0,0.0,0.0,0.0,0.0,0.0,0.0,0.0,,,,,,,,0.0,0.0,0.0,0.0,0.0,0.0,1,
Luis Perdomo,24.0,SDP,NL,0.1,27.0,53.0,46.0,3.0,5.0,1.0,4.0,0.0,3.0,0.0,0.0,1.0,20.0,0.109,0.128,0.304,0.432,10.0,0.173,-26.0,14.0,1.0,0.0,6.0,0.0,0.0,1,
Luis Sardiñas#,24.0,SDP,NL,-0.4,29.0,53.0,49.0,3.0,8.0,0.0,0.0,0.0,1.0,1.0,0.0,4.0,11.0,0.163,0.226,0.163,0.39,7.0,0.202,6.0,8.0,1.0,0.0,0.0,0.0,0.0,H/4651,
Luis Severino,23.0,NYY,AL,0.0,2.0,5.0,5.0,1.0,1.0,0.0,0.0,0.0,0.0,0.0,0.0,0.0,1.0,0.2,0.2,0.2,0.4,6.0,0.16,-25.0,1.0,0.0,0.0,0.0,0.0,0.0,1,"AS,CYA-3"
Luis Torrens,21.0,SDP,NL,-1.2,56.0,139.0,123.0,7.0,20.0,3.0,1.0,0.0,7.0,0.0,0.0,12.0,30.0,0.163,0.243,0.203,0.446,22.0,0.205,7.0,25.0,4.0,1.0,3.0,0.0,3.0,2/H,
Luis Valbuena*,31.0,LAA,AL,0.2,117.0,401.0,347.0,42.0,69.0,15.0,0.0,22.0,65.0,0.0,2.0,48.0,106.0,0.199,0.294,0.432,0.727,94.0,0.305,87.0,150.0,6.0,1.0,0.0,5.0,1.0,53H/D,
Luiz Gohara*,20.0,ATL,NL,-0.2,5.0,10.0,9.0,0.0,0.0,0.0,0.0,0.0,0.0,0.0,0.0,0.0,7.0,0.0,0.0,0.0,0.0,-100.0,0.0,-170.0,0.0,1.0,0.0,1.0,0.0,0.0,/1,
Luke Farrell*,26.0,CIN,NL,0.0,9.0,0.0,0.0,0.0,0.0,0.0,0.0,0.0,0.0,0.0,0.0,0.0,0.0,,,,,,,,0.0,0.0,0.0,0.0,0.0,0.0,/1,
Luke Gregerson*,33.0,HOU,AL,0.0,5.0,0.0,0.0,0.0,0.0,0.0,0.0,0.0,0.0,0.0,0.0,0.0,0.0,,,,,,,,0.0,0.0,0.0,0.0,0.0,0.0,1,
Luke Jackson,25.0,ATL,NL,0.0,41.0,3.0,2.0,0.0,0.0,0.0,0.0,0.0,0.0,0.0,0.0,0.0,0.0,0.0,0.0,0.0,0.0,-100.0,0.0,-258.0,0.0,0.0,0.0,1.0,0.0,0.0,1,
Luke Maile,26.0,TOR,AL,-0.1,46.0,136.0,130.0,10.0,19.0,5.0,0.0,2.0,7.0,1.0,0.0,3.0,35.0,0.146,0.176,0.231,0.407,8.0,0.205,8.0,30.0,2.0,2.0,0.0,1.0,0.0,2/H,
Luke Voit,26.0,STL,NL,0.2,62.0,124.0,114.0,18.0,28.0,9.0,0.0,4.0,18.0,0.0,0.0,7.0,31.0,0.246,0.306,0.43,0.736,92.0,0.316,88.0,49.0,4.0,3.0,0.0,0.0,0.0,H3/D,
Luke Weaver,23.0,STL,NL,0.0,15.0,23.0,19.0,2.0,3.0,0.0,0.0,0.0,1.0,0.0,0.0,1.0,9.0,0.158,0.2,0.158,0.358,-3.0,0.169,-36.0,3.0,0.0,0.0,3.0,0.0,0.0,1/H,
Mac Williamson,26.0,SFG,NL,-0.1,28.0,73.0,68.0,8.0,16.0,2.0,0.0,3.0,6.0,1.0,1.0,5.0,25.0,0.235,0.288,0.397,0.685,79.0,0.322,94.0,27.0,2.0,0.0,0.0,0.0,1.0,9/7HD,
Madison Bumgarner,27.0,SFG,NL,0.5,15.0,36.0,34.0,4.0,7.0,0.0,0.0,3.0,5.0,0.0,0.0,2.0,11.0,0.206,0.25,0.471,0.721,84.0,0.328,96.0,16.0,1.0,0.0,0.0,0.0,0.0,1,
Magneuris Sierra*,21.0,STL,NL,0.2,22.0,64.0,60.0,10.0,19.0,0.0,0.0,0.0,5.0,2.0,2.0,4.0,14.0,0.317,0.359,0.317,0.676,82.0,0.323,99.0,19.0,0.0,0.0,0.0,0.0,0.0,/98H7,
Maikel Franco,24.0,PHI,NL,-0.1,154.0,623.0,575.0,66.0,132.0,29.0,1.0,24.0,76.0,0.0,0.0,41.0,95.0,0.23,0.281,0.409,0.69,79.0,0.298,74.0,235.0,21.0,2.0,0.0,5.0,3.0,*5/H3D,
Mallex Smith*,24.0,TBR,AL,1.3,81.0,282.0,256.0,33.0,69.0,8.0,4.0,2.0,12.0,16.0,5.0,23.0,62.0,0.27,0.329,0.355,0.684,87.0,0.322,95.0,91.0,2.0,0.0,2.0,1.0,0.0,87H/9D,
Manny Machado,24.0,BAL,AL,4.1,156.0,690.0,630.0,81.0,163.0,33.0,1.0,33.0,95.0,9.0,4.0,50.0,115.0,0.259,0.31,0.471,0.782,108.0,0.335,106.0,297.0,17.0,1.0,0.0,9.0,3.0,*5,
Manny Piña,30.0,MIL,NL,2.6,107.0,359.0,330.0,45.0,92.0,21.0,0.0,9.0,43.0,2.0,0.0,20.0,79.0,0.279,0.327,0.424,0.751,94.0,0.328,92.0,140.0,8.0,5.0,1.0,3.0,0.0,2H,
Manuel Margot,22.0,SDP,NL,2.3,126.0,529.0,487.0,53.0,128.0,18.0,7.0,13.0,39.0,17.0,7.0,35.0,106.0,0.263,0.313,0.409,0.721,91.0,0.322,94.0,199.0,6.0,2.0,1.0,4.0,0.0,*8/H,ROY-6
Marc Rzepczynski*,31.0,SEA,AL,0.0,6.0,0.0,0.0,0.0,0.0,0.0,0.0,0.0,0.0,0.0,0.0,0.0,0.0,,,,,,,,0.0,0.0,0.0,0.0,0.0,0.0,1,
Marcell Ozuna,26.0,MIA,NL,5.7,159.0,679.0,613.0,93.0,191.0,30.0,2.0,37.0,124.0,1.0,3.0,64.0,144.0,0.312,0.376,0.548,0.924,149.0,0.389,151.0,336.0,18.0,0.0,0.0,2.0,4.0,*7/H8D9,"AS,MVP-15,GG,SS"
Marco Estrada,33.0,TOR,AL,-0.1,2.0,4.0,4.0,0.0,0.0,0.0,0.0,0.0,0.0,0.0,0.0,0.0,3.0,0.0,0.0,0.0,0.0,-100.0,0.0,-138.0,0.0,0.0,0.0,0.0,0.0,0.0,1,
Marco Gonzales*,25.0,2TM,2LG,0.1,2.0,3.0,2.0,0.0,1.0,0.0,0.0,0.0,0.0,0.0,0.0,0.0,1.0,0.5,0.5,0.5,1.0,171.0,0.448,71.0,1.0,0.0,0.0,1.0,0.0,0.0,1,
Marco Gonzales*,25.0,STL,NL,0.1,1.0,1.0,1.0,0.0,1.0,0.0,0.0,0.0,0.0,0.0,0.0,0.0,0.0,1.0,1.0,1.0,2.0,433.0,0.896,500.0,1.0,0.0,0.0,0.0,0.0,0.0,/1,
Marco Gonzales*,25.0,SEA,AL,0.0,1.0,2.0,1.0,0.0,0.0,0.0,0.0,0.0,0.0,0.0,0.0,0.0,1.0,0.0,0.0,0.0,0.0,-100.0,0.0,-358.0,0.0,0.0,0.0,1.0,0.0,0.0,1,
Marco Hernández*,24.0,BOS,AL,0.3,21.0,60.0,58.0,7.0,16.0,3.0,0.0,0.0,2.0,0.0,1.0,1.0,15.0,0.276,0.3,0.328,0.628,65.0,0.265,55.0,19.0,0.0,1.0,0.0,0.0,0.0,/546H,
Marcus Semien,26.0,OAK,AL,1.7,85.0,386.0,342.0,53.0,85.0,19.0,1.0,10.0,40.0,12.0,1.0,38.0,85.0,0.249,0.325,0.398,0.722,97.0,0.327,99.0,136.0,3.0,2.0,1.0,3.0,0.0,6,
Marcus Stroman,26.0,TOR,AL,0.2,3.0,7.0,7.0,2.0,2.0,1.0,0.0,1.0,1.0,0.0,0.0,0.0,4.0,0.286,0.286,0.857,1.143,186.0,0.455,188.0,6.0,0.0,0.0,0.0,0.0,0.0,1/H,"CYA-8,GG"
Mark Canha,28.0,OAK,AL,-0.8,57.0,187.0,173.0,16.0,36.0,13.0,1.0,5.0,14.0,2.0,0.0,7.0,56.0,0.208,0.262,0.382,0.644,73.0,0.282,69.0,66.0,5.0,6.0,0.0,1.0,0.0,978/H3D,
Mark Leiter Jr.,26.0,PHI,NL,-0.2,23.0,26.0,25.0,0.0,2.0,0.0,0.0,0.0,0.0,0.0,0.0,0.0,12.0,0.08,0.08,0.08,0.16,-57.0,0.072,-96.0,2.0,1.0,0.0,1.0,0.0,0.0,1,
Mark Melancon,32.0,SFG,NL,0.0,31.0,0.0,0.0,0.0,0.0,0.0,0.0,0.0,0.0,0.0,0.0,0.0,0.0,,,,,,,,0.0,0.0,0.0,0.0,0.0,0.0,1,
Mark Reynolds,33.0,COL,NL,0.7,148.0,593.0,520.0,82.0,139.0,22.0,1.0,30.0,97.0,2.0,1.0,69.0,175.0,0.267,0.352,0.487,0.839,103.0,0.366,107.0,253.0,12.0,1.0,0.0,3.0,0.0,*3/HD7,
Mark Trumbo,31.0,BAL,AL,-0.5,146.0,603.0,559.0,79.0,131.0,22.0,0.0,23.0,65.0,1.0,0.0,42.0,149.0,0.234,0.289,0.397,0.686,84.0,0.308,87.0,222.0,13.0,1.0,0.0,1.0,0.0,*D9/H35,
Mark Zagunis,24.0,CHC,NL,0.0,7.0,18.0,14.0,0.0,0.0,0.0,0.0,0.0,1.0,2.0,0.0,4.0,6.0,0.0,0.222,0.0,0.222,-34.0,0.231,3.0,0.0,0.0,0.0,0.0,0.0,0.0,/9H,
Martín Maldonado,30.0,LAA,AL,1.7,138.0,471.0,429.0,43.0,95.0,19.0,1.0,14.0,38.0,0.0,2.0,15.0,119.0,0.221,0.276,0.368,0.645,73.0,0.283,70.0,158.0,12.0,18.0,8.0,1.0,1.0,*2/H3,GG
Martín Prado,33.0,MIA,NL,0.4,37.0,147.0,140.0,13.0,35.0,9.0,0.0,2.0,12.0,0.0,0.0,6.0,22.0,0.25,0.279,0.357,0.636,73.0,0.276,68.0,50.0,4.0,0.0,0.0,1.0,0.0,5/HD,
Martín Pérez*,26.0,TEX,AL,-0.1,2.0,6.0,6.0,0.0,0.0,0.0,0.0,0.0,0.0,0.0,0.0,0.0,6.0,0.0,0.0,0.0,0.0,-100.0,0.0,-146.0,0.0,0.0,0.0,0.0,0.0,0.0,1,
Marwin González#,28.0,HOU,AL,4.1,134.0,515.0,455.0,67.0,138.0,34.0,0.0,23.0,90.0,8.0,3.0,49.0,99.0,0.303,0.377,0.53,0.907,146.0,0.387,147.0,241.0,8.0,6.0,3.0,2.0,4.0,76345H/9,MVP-19
Masahiro Tanaka,28.0,NYY,AL,0.0,1.0,3.0,2.0,0.0,0.0,0.0,0.0,0.0,0.0,0.0,0.0,0.0,2.0,0.0,0.0,0.0,0.0,-100.0,0.0,-258.0,0.0,0.0,0.0,1.0,0.0,0.0,1,
Mason Williams*,25.0,NYY,AL,-0.3,5.0,17.0,16.0,3.0,4.0,0.0,0.0,0.0,1.0,2.0,0.0,1.0,2.0,0.25,0.294,0.25,0.544,46.0,0.279,39.0,4.0,0.0,0.0,0.0,0.0,0.0,/89,
Mat Latos,29.0,TOR,AL,0.0,1.0,3.0,3.0,0.0,0.0,0.0,0.0,0.0,0.0,0.0,0.0,0.0,0.0,0.0,0.0,0.0,0.0,-100.0,0.0,-136.0,0.0,0.0,0.0,0.0,0.0,0.0,/1,
Matt Adams*,28.0,2TM,NL,-0.1,131.0,367.0,339.0,46.0,93.0,22.0,1.0,20.0,65.0,0.0,0.0,23.0,88.0,0.274,0.319,0.522,0.841,115.0,0.347,108.0,177.0,5.0,1.0,0.0,4.0,5.0,3H7/D,
Matt Adams*,28.0,STL,NL,-0.3,31.0,53.0,48.0,4.0,14.0,2.0,0.0,1.0,7.0,0.0,0.0,4.0,17.0,0.292,0.34,0.396,0.735,94.0,0.319,89.0,19.0,0.0,0.0,0.0,1.0,0.0,H/73D,
Matt Adams*,28.0,ATL,NL,0.2,100.0,314.0,291.0,42.0,79.0,20.0,1.0,19.0,58.0,0.0,0.0,19.0,71.0,0.271,0.315,0.543,0.858,119.0,0.351,111.0,158.0,5.0,1.0,0.0,3.0,5.0,3H7,
Matt Albers*,34.0,WSN,NL,0.0,59.0,0.0,0.0,0.0,0.0,0.0,0.0,0.0,0.0,0.0,0.0,0.0,0.0,,,,,,,,0.0,0.0,0.0,0.0,0.0,0.0,1,
Matt Barnes,27.0,BOS,AL,0.0,4.0,0.0,0.0,0.0,0.0,0.0,0.0,0.0,0.0,0.0,0.0,0.0,0.0,,,,,,,,0.0,0.0,0.0,0.0,0.0,0.0,1,
Matt Belisle,37.0,MIN,AL,0.0,6.0,0.0,0.0,0.0,0.0,0.0,0.0,0.0,0.0,0.0,0.0,0.0,0.0,,,,,,,,0.0,0.0,0.0,0.0,0.0,0.0,1,
Matt Bowman,26.0,STL,NL,0.0,71.0,1.0,0.0,0.0,0.0,0.0,0.0,0.0,0.0,0.0,0.0,0.0,0.0,,,,,,,,0.0,0.0,0.0,1.0,0.0,0.0,1/H,
Matt Bush,31.0,TEX,AL,0.0,1.0,0.0,0.0,0.0,0.0,0.0,0.0,0.0,0.0,0.0,0.0,0.0,0.0,,,,,,,,0.0,0.0,0.0,0.0,0.0,0.0,1,
Matt Cain,32.0,SFG,NL,0.0,24.0,34.0,32.0,1.0,5.0,2.0,0.0,0.0,2.0,0.0,0.0,0.0,20.0,0.156,0.156,0.219,0.375,-2.0,0.161,-32.0,7.0,0.0,0.0,2.0,0.0,0.0,1,
Matt Carpenter*,31.0,STL,NL,2.8,145.0,622.0,497.0,91.0,120.0,31.0,2.0,23.0,69.0,2.0,1.0,109.0,125.0,0.241,0.384,0.451,0.835,120.0,0.365,123.0,224.0,5.0,9.0,2.0,5.0,4.0,*354/HD,
Matt Chapman,24.0,OAK,AL,3.3,84.0,326.0,290.0,39.0,68.0,23.0,2.0,14.0,40.0,0.0,3.0,32.0,92.0,0.234,0.313,0.472,0.785,111.0,0.335,112.0,137.0,2.0,2.0,0.0,2.0,0.0,5,
Matt Davidson,26.0,CHW,AL,-0.9,118.0,443.0,414.0,43.0,91.0,16.0,1.0,26.0,68.0,0.0,1.0,19.0,165.0,0.22,0.26,0.452,0.711,88.0,0.298,81.0,187.0,12.0,5.0,0.0,5.0,0.0,D53H,
Matt den Dekker*,29.0,DET,AL,0.0,4.0,8.0,7.0,1.0,1.0,0.0,0.0,0.0,0.0,0.0,0.0,1.0,4.0,0.143,0.25,0.143,0.393,10.0,0.199,5.0,1.0,0.0,0.0,0.0,0.0,0.0,/9H7,
Matt Dermody,26.0,TOR,AL,0.0,1.0,0.0,0.0,0.0,0.0,0.0,0.0,0.0,0.0,0.0,0.0,0.0,0.0,,,,,,,,0.0,0.0,0.0,0.0,0.0,0.0,1,
Matt Garza,33.0,MIL,NL,-0.1,23.0,37.0,35.0,1.0,3.0,0.0,0.0,0.0,1.0,0.0,0.0,0.0,13.0,0.086,0.111,0.086,0.197,-47.0,0.095,-80.0,3.0,0.0,1.0,1.0,0.0,0.0,1,
Matt Grace*,28.0,WSN,NL,-0.1,39.0,5.0,5.0,0.0,0.0,0.0,0.0,0.0,0.0,0.0,0.0,0.0,4.0,0.0,0.0,0.0,0.0,-100.0,0.0,-146.0,0.0,0.0,0.0,0.0,0.0,0.0,1,
Matt Harvey,28.0,NYM,NL,-0.3,18.0,36.0,34.0,2.0,2.0,0.0,0.0,0.0,1.0,0.0,0.0,1.0,13.0,0.059,0.086,0.059,0.145,-60.0,0.071,-90.0,2.0,3.0,0.0,1.0,0.0,0.0,1,
Matt Holliday,37.0,NYY,AL,-0.1,105.0,427.0,373.0,50.0,86.0,18.0,0.0,19.0,64.0,1.0,0.0,46.0,114.0,0.231,0.316,0.432,0.748,95.0,0.332,97.0,161.0,14.0,3.0,0.0,5.0,0.0,D/3H,
Matt Joyce*,32.0,OAK,AL,2.1,141.0,544.0,469.0,78.0,114.0,33.0,0.0,25.0,68.0,4.0,1.0,66.0,113.0,0.243,0.335,0.473,0.808,118.0,0.343,114.0,222.0,10.0,2.0,0.0,7.0,0.0,*97H/D8,
Matt Kemp,32.0,ATL,NL,-1.3,115.0,467.0,438.0,47.0,121.0,23.0,1.0,19.0,64.0,0.0,2.0,27.0,99.0,0.276,0.318,0.463,0.781,101.0,0.336,101.0,203.0,25.0,0.0,0.0,1.0,5.0,7/HD,
Matt Koch*,26.0,ARI,NL,0.0,1.0,0.0,0.0,0.0,0.0,0.0,0.0,0.0,0.0,0.0,0.0,0.0,0.0,,,,,,,,0.0,0.0,0.0,0.0,0.0,0.0,/1,
Matt Moore*,28.0,SFG,NL,-0.1,31.0,53.0,47.0,3.0,6.0,0.0,0.0,0.0,4.0,0.0,0.0,2.0,19.0,0.128,0.163,0.128,0.291,-21.0,0.136,-53.0,6.0,2.0,0.0,4.0,0.0,0.0,1,
Matt Olson*,23.0,OAK,AL,2.9,59.0,216.0,189.0,33.0,49.0,2.0,0.0,24.0,45.0,0.0,0.0,22.0,60.0,0.259,0.352,0.651,1.003,166.0,0.41,163.0,123.0,6.0,5.0,0.0,0.0,1.0,39/H,ROY-4
Matt Reynolds,26.0,NYM,NL,-0.3,68.0,130.0,113.0,12.0,26.0,1.0,2.0,1.0,5.0,0.0,1.0,14.0,37.0,0.23,0.326,0.301,0.626,71.0,0.292,77.0,34.0,2.0,2.0,1.0,0.0,1.0,H56/4739,
Matt Shoemaker,30.0,LAA,AL,0.1,1.0,2.0,2.0,0.0,0.0,0.0,0.0,0.0,0.0,0.0,0.0,0.0,1.0,0.0,0.0,0.0,0.0,-100.0,0.447,188.0,0.0,0.0,0.0,0.0,0.0,0.0,1,
Matt Strahm,25.0,KCR,AL,0.0,1.0,0.0,0.0,0.0,0.0,0.0,0.0,0.0,0.0,0.0,0.0,0.0,0.0,,,,,,,,0.0,0.0,0.0,0.0,0.0,0.0,1,
Matt Szczur,27.0,2TM,NL,0.2,119.0,237.0,195.0,28.0,44.0,12.0,2.0,3.0,18.0,0.0,2.0,34.0,44.0,0.226,0.35,0.354,0.704,89.0,0.315,92.0,69.0,2.0,4.0,3.0,1.0,0.0,H789,
Matt Szczur,27.0,CHC,NL,-0.1,15.0,23.0,19.0,2.0,4.0,1.0,0.0,0.0,3.0,0.0,0.0,2.0,4.0,0.211,0.273,0.263,0.536,40.0,0.233,19.0,5.0,0.0,0.0,1.0,1.0,0.0,H/798,
Matt Szczur,27.0,SDP,NL,0.4,104.0,214.0,176.0,26.0,40.0,11.0,2.0,3.0,15.0,0.0,2.0,32.0,40.0,0.227,0.358,0.364,0.722,95.0,0.323,99.0,64.0,2.0,4.0,2.0,0.0,0.0,7H89,
Matt Wieters#,31.0,WSN,NL,-0.8,123.0,465.0,422.0,43.0,95.0,20.0,0.0,10.0,52.0,1.0,0.0,38.0,94.0,0.225,0.288,0.344,0.632,62.0,0.281,55.0,145.0,14.0,1.0,0.0,4.0,4.0,*2/H,
Matt Wisler,24.0,ATL,NL,0.0,20.0,3.0,2.0,0.0,0.0,0.0,0.0,0.0,0.0,0.0,0.0,0.0,0.0,0.0,0.0,0.0,0.0,-100.0,0.0,-258.0,0.0,0.0,0.0,1.0,0.0,0.0,1,
Matthew Boyd*,26.0,DET,AL,0.0,2.0,3.0,3.0,0.0,1.0,0.0,0.0,0.0,0.0,0.0,0.0,0.0,0.0,0.333,0.333,0.333,0.667,80.0,0.266,53.0,1.0,0.0,0.0,0.0,0.0,0.0,1,
Max Fried*,23.0,ATL,NL,0.0,10.0,9.0,7.0,1.0,0.0,0.0,0.0,0.0,0.0,0.0,0.0,1.0,3.0,0.0,0.125,0.0,0.125,-63.0,0.199,-12.0,0.0,0.0,0.0,1.0,0.0,0.0,/1H,
Max Kepler*,24.0,MIN,AL,2.0,147.0,568.0,511.0,67.0,124.0,32.0,2.0,19.0,69.0,6.0,1.0,47.0,114.0,0.243,0.312,0.425,0.737,95.0,0.324,94.0,217.0,5.0,6.0,1.0,3.0,2.0,*98H/D,
Max Moroff#,24.0,PIT,NL,0.5,56.0,140.0,120.0,19.0,24.0,4.0,1.0,3.0,21.0,0.0,1.0,16.0,43.0,0.2,0.302,0.325,0.627,67.0,0.286,69.0,39.0,0.0,2.0,1.0,1.0,0.0,46H/5,
Max Scherzer,32.0,WSN,NL,0.3,30.0,72.0,62.0,4.0,10.0,0.0,0.0,1.0,5.0,0.0,0.0,4.0,16.0,0.161,0.212,0.21,0.422,10.0,0.204,-8.0,13.0,0.0,0.0,6.0,0.0,0.0,1,"AS,CYA-1,MVP-10"
Max Stassi,26.0,HOU,AL,0.1,14.0,31.0,24.0,5.0,4.0,1.0,0.0,2.0,4.0,0.0,0.0,6.0,4.0,0.167,0.323,0.458,0.781,112.0,0.33,106.0,11.0,2.0,0.0,0.0,1.0,0.0,2/HD3,
Melky Cabrera#,32.0,2TM,AL,0.0,156.0,666.0,620.0,78.0,177.0,30.0,2.0,17.0,85.0,1.0,2.0,36.0,74.0,0.285,0.324,0.423,0.746,99.0,0.33,102.0,262.0,19.0,2.0,2.0,6.0,1.0,*79/DH,
Melky Cabrera#,32.0,CHW,AL,1.0,98.0,428.0,397.0,54.0,117.0,17.0,0.0,13.0,56.0,0.0,0.0,25.0,52.0,0.295,0.336,0.436,0.771,107.0,0.34,110.0,173.0,7.0,1.0,2.0,3.0,1.0,7/DH,
Melky Cabrera#,32.0,KCR,AL,-1.1,58.0,238.0,223.0,24.0,60.0,13.0,2.0,4.0,29.0,1.0,2.0,11.0,22.0,0.269,0.303,0.399,0.702,85.0,0.312,89.0,89.0,12.0,1.0,0.0,3.0,0.0,97/D,
Micah Johnson*,26.0,ATL,NL,-0.1,18.0,11.0,10.0,2.0,2.0,0.0,0.0,0.0,0.0,1.0,0.0,0.0,4.0,0.2,0.2,0.2,0.4,6.0,0.193,-31.0,2.0,0.0,0.0,1.0,0.0,0.0,H/7,
Michael A. Taylor,26.0,WSN,NL,2.7,118.0,432.0,399.0,55.0,108.0,23.0,3.0,19.0,53.0,17.0,7.0,29.0,137.0,0.271,0.32,0.486,0.806,104.0,0.347,103.0,194.0,3.0,1.0,1.0,2.0,3.0,*8/H9,
Michael Blazek,28.0,MIL,NL,-0.1,5.0,2.0,2.0,0.0,0.0,0.0,0.0,0.0,0.0,0.0,0.0,0.0,1.0,0.0,0.0,0.0,0.0,-100.0,0.0,-138.0,0.0,1.0,0.0,0.0,0.0,0.0,/1,
Michael Brantley*,30.0,CLE,AL,2.3,90.0,375.0,338.0,47.0,101.0,20.0,1.0,9.0,52.0,11.0,1.0,31.0,50.0,0.299,0.357,0.444,0.801,108.0,0.357,110.0,150.0,8.0,2.0,0.0,4.0,3.0,7/HD,AS
Michael Conforto*,24.0,NYM,NL,3.7,109.0,440.0,373.0,72.0,104.0,20.0,1.0,27.0,68.0,2.0,0.0,57.0,113.0,0.279,0.384,0.555,0.939,148.0,0.401,152.0,207.0,3.0,8.0,0.0,2.0,5.0,78H9/D,AS
Michael Feliz,24.0,HOU,AL,0.0,3.0,1.0,1.0,0.0,0.0,0.0,0.0,0.0,0.0,0.0,0.0,0.0,1.0,0.0,0.0,0.0,0.0,-100.0,0.0,-133.0,0.0,0.0,0.0,0.0,0.0,0.0,1,
Michael Fulmer,24.0,DET,AL,-0.1,2.0,5.0,5.0,0.0,0.0,0.0,0.0,0.0,0.0,0.0,0.0,0.0,2.0,0.0,0.0,0.0,0.0,-100.0,0.0,-137.0,0.0,1.0,0.0,0.0,0.0,0.0,1,AS
Michael Lorenzen,25.0,CIN,NL,0.1,70.0,12.0,12.0,1.0,2.0,0.0,0.0,1.0,1.0,0.0,0.0,0.0,5.0,0.167,0.167,0.417,0.583,45.0,0.239,30.0,5.0,0.0,0.0,0.0,0.0,0.0,1/H,
Michael Martínez#,34.0,2TM,AL,-0.4,27.0,43.0,37.0,2.0,6.0,1.0,0.0,0.0,0.0,0.0,1.0,5.0,15.0,0.162,0.262,0.189,0.451,25.0,0.204,21.0,7.0,0.0,0.0,1.0,0.0,0.0,4/5H8167D,
Michael Martínez#,34.0,CLE,AL,-0.1,14.0,14.0,11.0,1.0,4.0,1.0,0.0,0.0,0.0,0.0,1.0,2.0,5.0,0.364,0.462,0.455,0.916,142.0,0.369,154.0,5.0,0.0,0.0,1.0,0.0,0.0,/54H816,
Michael Martínez#,34.0,TBR,AL,-0.3,13.0,29.0,26.0,1.0,2.0,0.0,0.0,0.0,0.0,0.0,0.0,3.0,10.0,0.077,0.172,0.077,0.249,-28.0,0.13,-39.0,2.0,0.0,0.0,0.0,0.0,0.0,/457DH,
Michael Pineda,28.0,NYY,AL,0.0,2.0,4.0,3.0,0.0,1.0,0.0,0.0,0.0,0.0,0.0,0.0,0.0,2.0,0.333,0.333,0.333,0.667,77.0,0.297,64.0,1.0,0.0,0.0,1.0,0.0,0.0,1,
Michael Saunders*,30.0,2TM,2LG,-1.0,73.0,234.0,218.0,26.0,44.0,9.0,2.0,6.0,21.0,0.0,1.0,15.0,55.0,0.202,0.256,0.344,0.6,57.0,0.258,47.0,75.0,2.0,1.0,0.0,0.0,2.0,9H/7D,
Michael Saunders*,30.0,PHI,NL,-0.9,61.0,214.0,200.0,25.0,41.0,9.0,2.0,6.0,20.0,0.0,1.0,13.0,51.0,0.205,0.257,0.36,0.617,61.0,0.259,48.0,72.0,2.0,1.0,0.0,0.0,2.0,9/HD,
Michael Saunders*,30.0,TOR,AL,-0.1,12.0,20.0,18.0,1.0,3.0,0.0,0.0,0.0,1.0,0.0,0.0,2.0,4.0,0.167,0.25,0.167,0.417,15.0,0.239,33.0,3.0,0.0,0.0,0.0,0.0,0.0,/H79D,
Michael Wacha,25.0,STL,NL,-0.3,28.0,55.0,46.0,3.0,2.0,0.0,0.0,0.0,3.0,0.0,0.0,1.0,22.0,0.043,0.063,0.043,0.106,-71.0,0.089,-101.0,2.0,2.0,0.0,7.0,1.0,0.0,1,
Michael Ynoa,25.0,CHW,AL,0.0,1.0,0.0,0.0,0.0,0.0,0.0,0.0,0.0,0.0,0.0,0.0,0.0,0.0,,,,,,,,0.0,0.0,0.0,0.0,0.0,0.0,1,
Miguel Andujar,22.0,NYY,AL,0.2,5.0,8.0,7.0,0.0,4.0,2.0,0.0,0.0,4.0,1.0,0.0,1.0,0.0,0.571,0.625,0.857,1.482,286.0,0.646,301.0,6.0,0.0,0.0,0.0,0.0,0.0,/5DH,
Miguel Cabrera,34.0,DET,AL,-0.9,130.0,529.0,469.0,50.0,117.0,22.0,0.0,16.0,60.0,0.0,1.0,54.0,110.0,0.249,0.329,0.399,0.728,93.0,0.321,93.0,187.0,15.0,3.0,0.0,3.0,6.0,*3D/H,
Miguel Castro,22.0,BAL,AL,0.0,2.0,0.0,0.0,0.0,0.0,0.0,0.0,0.0,0.0,0.0,0.0,0.0,0.0,,,,,,,,0.0,0.0,0.0,0.0,0.0,0.0,1,
Miguel Díaz,22.0,SDP,NL,-0.1,31.0,4.0,3.0,0.0,0.0,0.0,0.0,0.0,0.0,0.0,0.0,0.0,0.0,0.0,0.0,0.0,0.0,-100.0,0.0,-220.0,0.0,0.0,0.0,1.0,0.0,0.0,1,
Miguel González,33.0,2TM,AL,0.0,4.0,8.0,6.0,1.0,0.0,0.0,0.0,0.0,0.0,0.0,0.0,1.0,2.0,0.0,0.143,0.0,0.143,-56.0,0.1,-98.0,0.0,0.0,0.0,1.0,0.0,0.0,1,
Miguel González,33.0,CHW,AL,-0.1,3.0,7.0,6.0,0.0,0.0,0.0,0.0,0.0,0.0,0.0,0.0,0.0,2.0,0.0,0.0,0.0,0.0,-100.0,0.0,-172.0,0.0,0.0,0.0,1.0,0.0,0.0,1,
Miguel González,33.0,TEX,AL,0.1,1.0,1.0,0.0,1.0,0.0,0.0,0.0,0.0,0.0,0.0,0.0,1.0,0.0,,1.0,,,,0.697,350.0,0.0,0.0,0.0,0.0,0.0,0.0,/1,
Miguel Gómez#,24.0,SFG,NL,-0.1,22.0,34.0,33.0,3.0,8.0,2.0,0.0,0.0,2.0,0.0,0.0,0.0,6.0,0.242,0.235,0.303,0.538,41.0,0.228,24.0,10.0,1.0,0.0,0.0,1.0,0.0,H/4,
Miguel Montero*,33.0,2TM,2LG,-0.5,76.0,213.0,185.0,24.0,40.0,6.0,0.0,6.0,16.0,1.0,0.0,23.0,47.0,0.216,0.31,0.346,0.656,72.0,0.3,73.0,64.0,6.0,3.0,0.0,2.0,1.0,2H/D13,
Miguel Montero*,33.0,CHC,NL,0.2,44.0,112.0,98.0,12.0,28.0,3.0,0.0,4.0,8.0,1.0,0.0,11.0,24.0,0.286,0.366,0.439,0.805,108.0,0.358,111.0,43.0,3.0,2.0,0.0,1.0,1.0,2H/13,
Miguel Montero*,33.0,TOR,AL,-0.6,32.0,101.0,87.0,12.0,12.0,3.0,0.0,2.0,8.0,0.0,0.0,12.0,23.0,0.138,0.248,0.241,0.489,32.0,0.236,31.0,21.0,3.0,1.0,0.0,1.0,0.0,2/HD,
Miguel Rojas,28.0,MIA,NL,2.0,90.0,306.0,272.0,37.0,79.0,16.0,2.0,1.0,26.0,2.0,1.0,27.0,32.0,0.29,0.361,0.375,0.736,103.0,0.331,107.0,102.0,6.0,4.0,1.0,2.0,5.0,65/H34,
Miguel Sanó,24.0,MIN,AL,3.0,114.0,483.0,424.0,75.0,112.0,15.0,2.0,28.0,77.0,0.0,0.0,54.0,173.0,0.264,0.352,0.507,0.859,126.0,0.369,128.0,215.0,12.0,4.0,0.0,1.0,5.0,5D/3H,AS
Miguel Socolovich,30.0,STL,NL,0.0,13.0,1.0,1.0,0.0,0.0,0.0,0.0,0.0,0.0,0.0,0.0,0.0,0.0,0.0,0.0,0.0,0.0,-100.0,0.0,-133.0,0.0,0.0,0.0,0.0,0.0,0.0,1,
Mike Aviles,36.0,MIA,NL,-0.3,37.0,97.0,86.0,5.0,20.0,2.0,0.0,1.0,8.0,0.0,0.0,6.0,15.0,0.233,0.298,0.291,0.589,63.0,0.268,60.0,25.0,3.0,2.0,3.0,0.0,2.0,6H/4539,
Mike Clevinger,26.0,CLE,AL,0.0,2.0,3.0,2.0,0.0,0.0,0.0,0.0,0.0,0.0,0.0,0.0,0.0,1.0,0.0,0.0,0.0,0.0,-100.0,0.0,-263.0,0.0,0.0,0.0,1.0,0.0,0.0,1,
Mike Dunn*,32.0,COL,NL,0.0,63.0,0.0,0.0,0.0,0.0,0.0,0.0,0.0,0.0,0.0,0.0,0.0,0.0,,,,,,,,0.0,0.0,0.0,0.0,0.0,0.0,1,
Mike Fiers,32.0,HOU,AL,0.0,2.0,1.0,1.0,1.0,0.0,0.0,0.0,0.0,0.0,0.0,0.0,0.0,1.0,0.0,0.0,0.0,0.0,-100.0,0.0,-133.0,0.0,0.0,0.0,0.0,0.0,0.0,1/H,
Mike Foltynewicz,25.0,ATL,NL,-0.4,28.0,49.0,42.0,1.0,2.0,0.0,0.0,0.0,0.0,0.0,0.0,0.0,27.0,0.048,0.048,0.048,0.095,-75.0,0.064,-128.0,2.0,0.0,0.0,7.0,0.0,0.0,1,
Mike Freeman*,29.0,3TM,2LG,-0.8,35.0,66.0,60.0,6.0,6.0,2.0,0.0,1.0,1.0,0.0,0.0,6.0,19.0,0.1,0.182,0.183,0.365,-2.0,0.162,-23.0,11.0,1.0,0.0,0.0,0.0,1.0,H6/4351D,
Mike Freeman*,29.0,2TM,NL,-0.2,19.0,32.0,30.0,3.0,4.0,2.0,0.0,0.0,0.0,0.0,0.0,2.0,10.0,0.133,0.188,0.2,0.388,1.0,0.174,-19.0,6.0,1.0,0.0,0.0,0.0,0.0,6/H45,
Mike Freeman*,29.0,SEA,AL,-0.6,16.0,34.0,30.0,3.0,2.0,0.0,0.0,1.0,1.0,0.0,0.0,4.0,9.0,0.067,0.176,0.167,0.343,-5.0,0.15,-28.0,5.0,0.0,0.0,0.0,0.0,1.0,/H3451D,
Mike Freeman*,29.0,LAD,NL,-0.1,4.0,5.0,5.0,0.0,0.0,0.0,0.0,0.0,0.0,0.0,0.0,0.0,2.0,0.0,0.0,0.0,0.0,-100.0,0.0,-137.0,0.0,0.0,0.0,0.0,0.0,0.0,/H5,
Mike Freeman*,29.0,CHC,NL,-0.1,15.0,27.0,25.0,3.0,4.0,2.0,0.0,0.0,0.0,0.0,0.0,2.0,8.0,0.16,0.222,0.24,0.462,20.0,0.206,3.0,6.0,1.0,0.0,0.0,0.0,0.0,6/H4,
Mike Leake,29.0,STL,NL,0.2,26.0,55.0,47.0,2.0,8.0,1.0,0.0,0.0,4.0,0.0,0.0,3.0,15.0,0.17,0.22,0.191,0.411,11.0,0.208,1.0,9.0,2.0,0.0,5.0,0.0,0.0,1/H,
Mike Marjama,27.0,SEA,AL,0.3,5.0,9.0,9.0,1.0,3.0,1.0,0.0,1.0,1.0,0.0,0.0,0.0,1.0,0.333,0.333,0.778,1.111,190.0,0.453,194.0,7.0,0.0,0.0,0.0,0.0,0.0,/2H,
Mike Mayers,25.0,STL,NL,0.0,3.0,0.0,0.0,0.0,0.0,0.0,0.0,0.0,0.0,0.0,0.0,0.0,0.0,,,,,,,,0.0,0.0,0.0,0.0,0.0,0.0,/1,
Mike Minor,29.0,KCR,AL,0.0,4.0,0.0,0.0,0.0,0.0,0.0,0.0,0.0,0.0,0.0,0.0,0.0,0.0,,,,,,,,0.0,0.0,0.0,0.0,0.0,0.0,1,
Mike Montgomery*,27.0,CHC,NL,0.2,40.0,30.0,27.0,5.0,5.0,1.0,0.0,1.0,3.0,0.0,0.0,0.0,10.0,0.185,0.185,0.333,0.519,30.0,0.248,26.0,9.0,0.0,0.0,3.0,0.0,0.0,1,
Mike Morin,26.0,LAA,AL,0.0,1.0,0.0,0.0,0.0,0.0,0.0,0.0,0.0,0.0,0.0,0.0,0.0,0.0,,,,,,,,0.0,0.0,0.0,0.0,0.0,0.0,1,
Mike Morse,35.0,SFG,NL,-0.6,24.0,40.0,36.0,1.0,7.0,1.0,0.0,1.0,3.0,0.0,0.0,3.0,14.0,0.194,0.25,0.306,0.556,46.0,0.245,36.0,11.0,1.0,0.0,0.0,1.0,0.0,H3/7,
Mike Moustakas*,28.0,KCR,AL,1.3,148.0,598.0,555.0,75.0,151.0,24.0,0.0,38.0,85.0,0.0,0.0,34.0,94.0,0.272,0.314,0.521,0.835,117.0,0.348,112.0,289.0,18.0,3.0,0.0,6.0,7.0,*5D/H,AS
Mike Napoli,35.0,TEX,AL,-0.3,124.0,485.0,425.0,60.0,82.0,11.0,1.0,29.0,66.0,1.0,2.0,49.0,163.0,0.193,0.285,0.428,0.713,80.0,0.308,76.0,182.0,11.0,7.0,0.0,3.0,3.0,3D/H,
Mike Ohlman,26.0,TOR,AL,0.0,7.0,13.0,13.0,1.0,3.0,0.0,0.0,0.0,1.0,0.0,0.0,0.0,3.0,0.231,0.231,0.231,0.462,24.0,0.199,5.0,3.0,0.0,0.0,0.0,0.0,0.0,/2H,
Mike Pelfrey,33.0,CHW,AL,0.0,1.0,0.0,0.0,0.0,0.0,0.0,0.0,0.0,0.0,0.0,0.0,0.0,0.0,,,,,,,,0.0,0.0,0.0,0.0,0.0,0.0,1,
Mike Tauchman*,26.0,COL,NL,-0.3,31.0,32.0,27.0,2.0,6.0,0.0,1.0,0.0,2.0,1.0,2.0,5.0,10.0,0.222,0.344,0.296,0.64,60.0,0.268,53.0,8.0,1.0,0.0,0.0,0.0,0.0,H/789,
Mike Trout,25.0,LAA,AL,6.9,114.0,507.0,402.0,92.0,123.0,25.0,3.0,33.0,72.0,22.0,4.0,94.0,90.0,0.306,0.442,0.629,1.071,186.0,0.451,188.0,253.0,8.0,7.0,0.0,4.0,15.0,8/D,"AS,MVP-4"
Mike Wright Jr.,27.0,BAL,AL,0.0,2.0,0.0,0.0,0.0,0.0,0.0,0.0,0.0,0.0,0.0,0.0,0.0,0.0,,,,,,,,0.0,0.0,0.0,0.0,0.0,0.0,1,
Mike Zunino,26.0,SEA,AL,3.4,124.0,435.0,387.0,52.0,97.0,25.0,0.0,25.0,64.0,1.0,0.0,39.0,160.0,0.251,0.331,0.509,0.84,125.0,0.357,124.0,197.0,8.0,8.0,0.0,1.0,0.0,*2/HD,
Mikie Mahtook,27.0,DET,AL,0.2,109.0,379.0,348.0,50.0,96.0,15.0,6.0,12.0,38.0,6.0,0.0,23.0,79.0,0.276,0.33,0.457,0.787,107.0,0.353,113.0,159.0,4.0,6.0,0.0,2.0,0.0,897H/D,
Mitch Garver,26.0,MIN,AL,0.0,23.0,52.0,46.0,5.0,9.0,1.0,3.0,0.0,3.0,0.0,0.0,6.0,15.0,0.196,0.288,0.348,0.636,70.0,0.294,74.0,16.0,1.0,0.0,0.0,0.0,0.0,2/DH37,
Mitch Haniger,26.0,SEA,AL,3.2,96.0,410.0,369.0,58.0,104.0,25.0,2.0,16.0,47.0,5.0,4.0,31.0,93.0,0.282,0.352,0.491,0.843,127.0,0.363,131.0,181.0,9.0,9.0,1.0,0.0,0.0,9/87H,
Mitch Moreland*,31.0,BOS,AL,1.8,149.0,576.0,508.0,73.0,125.0,34.0,0.0,22.0,79.0,0.0,1.0,57.0,120.0,0.246,0.326,0.443,0.769,99.0,0.332,97.0,225.0,14.0,6.0,0.0,5.0,6.0,*3H/D1,
MLB Average,,,,,,,,,,,,,,,,,,0.255,0.324,0.426,0.75,100.0,0.329,100.0,,,,,,,,
Mookie Betts,24.0,BOS,AL,6.5,153.0,712.0,628.0,101.0,166.0,46.0,2.0,24.0,102.0,26.0,3.0,77.0,79.0,0.264,0.344,0.459,0.803,108.0,0.352,106.0,288.0,9.0,2.0,0.0,5.0,9.0,*9,"AS,MVP-6,GG"
Mychal Givens,27.0,BAL,AL,0.0,4.0,0.0,0.0,0.0,0.0,0.0,0.0,0.0,0.0,0.0,0.0,0.0,0.0,,,,,,,,0.0,0.0,0.0,0.0,0.0,0.0,1,
Neftalí Feliz,29.0,2TM,2LG,0.0,30.0,0.0,0.0,0.0,0.0,0.0,0.0,0.0,0.0,0.0,0.0,0.0,0.0,,,,,,,,0.0,0.0,0.0,0.0,0.0,0.0,1,
Neftalí Feliz,29.0,MIL,NL,0.0,27.0,0.0,0.0,0.0,0.0,0.0,0.0,0.0,0.0,0.0,0.0,0.0,0.0,,,,,,,,0.0,0.0,0.0,0.0,0.0,0.0,1,
Neftalí Feliz,29.0,KCR,AL,0.0,3.0,0.0,0.0,0.0,0.0,0.0,0.0,0.0,0.0,0.0,0.0,0.0,0.0,,,,,,,,0.0,0.0,0.0,0.0,0.0,0.0,1,
Neil Ramírez,28.0,2TM,NL,0.0,28.0,1.0,1.0,0.0,0.0,0.0,0.0,0.0,0.0,0.0,0.0,0.0,1.0,0.0,0.0,0.0,0.0,-100.0,0.0,-133.0,0.0,0.0,0.0,0.0,0.0,0.0,1,
Neil Ramírez,28.0,SFG,NL,0.0,9.0,0.0,0.0,0.0,0.0,0.0,0.0,0.0,0.0,0.0,0.0,0.0,0.0,,,,,,,,0.0,0.0,0.0,0.0,0.0,0.0,/1,
Neil Ramírez,28.0,NYM,NL,0.0,19.0,1.0,1.0,0.0,0.0,0.0,0.0,0.0,0.0,0.0,0.0,0.0,1.0,0.0,0.0,0.0,0.0,-100.0,0.0,-133.0,0.0,0.0,0.0,0.0,0.0,0.0,1,
Neil Walker#,31.0,2TM,NL,1.8,111.0,448.0,385.0,59.0,102.0,21.0,2.0,14.0,49.0,0.0,2.0,55.0,77.0,0.265,0.362,0.439,0.801,112.0,0.348,114.0,169.0,9.0,5.0,1.0,2.0,2.0,43/H5,
Neil Walker#,31.0,NYM,NL,1.2,73.0,299.0,265.0,40.0,70.0,13.0,2.0,10.0,36.0,0.0,1.0,27.0,47.0,0.264,0.339,0.442,0.78,108.0,0.334,106.0,117.0,4.0,4.0,1.0,2.0,1.0,4/3H5,
Neil Walker#,31.0,MIL,NL,0.6,38.0,149.0,120.0,19.0,32.0,8.0,0.0,4.0,13.0,0.0,1.0,28.0,30.0,0.267,0.409,0.433,0.843,121.0,0.376,130.0,52.0,5.0,1.0,0.0,0.0,1.0,43/H5,
Nelson Cruz,36.0,SEA,AL,4.2,155.0,645.0,556.0,91.0,160.0,28.0,0.0,39.0,119.0,1.0,1.0,70.0,140.0,0.288,0.375,0.549,0.924,149.0,0.388,148.0,305.0,15.0,12.0,0.0,7.0,7.0,*D/9H,"AS,MVP-10,SS"
Nick Ahmed,27.0,ARI,NL,0.6,53.0,178.0,167.0,24.0,42.0,8.0,1.0,6.0,21.0,3.0,4.0,10.0,39.0,0.251,0.298,0.419,0.717,79.0,0.296,69.0,70.0,6.0,1.0,0.0,0.0,3.0,6/H,
Nick Castellanos,25.0,DET,AL,0.1,157.0,665.0,614.0,73.0,167.0,36.0,10.0,26.0,101.0,4.0,5.0,41.0,142.0,0.272,0.32,0.49,0.811,112.0,0.345,112.0,301.0,12.0,5.0,0.0,5.0,0.0,*59/DH,
Nick Franklin#,26.0,2TM,2LG,0.1,66.0,119.0,106.0,9.0,19.0,3.0,1.0,2.0,12.0,2.0,0.0,10.0,22.0,0.179,0.269,0.283,0.552,46.0,0.269,50.0,30.0,1.0,3.0,0.0,0.0,0.0,H7/496,
Nick Franklin#,26.0,MIL,NL,-0.1,53.0,89.0,82.0,7.0,16.0,2.0,1.0,2.0,10.0,2.0,0.0,5.0,19.0,0.195,0.258,0.317,0.576,49.0,0.279,54.0,26.0,1.0,2.0,0.0,0.0,0.0,H7/946,
Nick Franklin#,26.0,LAA,AL,0.1,13.0,30.0,24.0,2.0,3.0,1.0,0.0,0.0,2.0,0.0,0.0,5.0,3.0,0.125,0.3,0.167,0.467,33.0,0.241,39.0,4.0,0.0,1.0,0.0,0.0,0.0,/47H,
Nick Gardewine,23.0,TEX,AL,0.0,2.0,0.0,0.0,0.0,0.0,0.0,0.0,0.0,0.0,0.0,0.0,0.0,0.0,,,,,,,,0.0,0.0,0.0,0.0,0.0,0.0,1,
Nick Goody,25.0,CLE,AL,0.0,3.0,0.0,0.0,0.0,0.0,0.0,0.0,0.0,0.0,0.0,0.0,0.0,0.0,,,,,,,,0.0,0.0,0.0,0.0,0.0,0.0,1,
Nick Hundley,33.0,SFG,NL,0.4,101.0,303.0,287.0,27.0,70.0,23.0,0.0,9.0,35.0,0.0,0.0,12.0,81.0,0.244,0.272,0.418,0.691,79.0,0.308,82.0,120.0,6.0,0.0,2.0,2.0,2.0,2H/D,
Nick Markakis*,33.0,ATL,NL,0.9,160.0,670.0,593.0,76.0,163.0,39.0,1.0,8.0,76.0,0.0,2.0,68.0,110.0,0.275,0.354,0.384,0.738,94.0,0.33,96.0,228.0,16.0,6.0,0.0,3.0,8.0,*9/HD,
Nick Martinez*,26.0,TEX,AL,0.0,2.0,2.0,1.0,0.0,0.0,0.0,0.0,0.0,0.0,0.0,0.0,1.0,1.0,0.0,0.5,0.0,0.5,48.0,0.348,104.0,0.0,0.0,0.0,0.0,0.0,0.0,1,
Nick Pivetta,24.0,PHI,NL,-0.3,25.0,48.0,44.0,3.0,3.0,0.0,0.0,0.0,0.0,0.0,0.0,0.0,21.0,0.068,0.068,0.068,0.136,-64.0,0.081,-98.0,3.0,1.0,0.0,4.0,0.0,0.0,1,
Nick Tepesch,28.0,TOR,AL,0.0,1.0,2.0,2.0,0.0,0.0,0.0,0.0,0.0,0.0,0.0,0.0,0.0,2.0,0.0,0.0,0.0,0.0,-100.0,0.0,-138.0,0.0,0.0,0.0,0.0,0.0,0.0,/1,
Nick Vincent,30.0,SEA,AL,0.0,6.0,0.0,0.0,0.0,0.0,0.0,0.0,0.0,0.0,0.0,0.0,0.0,0.0,,,,,,,,0.0,0.0,0.0,0.0,0.0,0.0,1,
Nick Williams*,23.0,PHI,NL,0.2,83.0,343.0,313.0,45.0,90.0,14.0,4.0,12.0,55.0,1.0,2.0,20.0,97.0,0.288,0.338,0.473,0.811,111.0,0.355,117.0,148.0,8.0,6.0,0.0,4.0,0.0,987/HD,
Nick Wittgren,26.0,MIA,NL,-0.1,34.0,4.0,4.0,0.0,0.0,0.0,0.0,0.0,0.0,0.0,0.0,0.0,1.0,0.0,0.0,0.0,0.0,-100.0,0.0,-132.0,0.0,0.0,0.0,0.0,0.0,0.0,1,
Nicky Delmonico*,24.0,CHW,AL,1.4,43.0,166.0,141.0,25.0,37.0,4.0,0.0,9.0,23.0,2.0,0.0,23.0,31.0,0.262,0.373,0.482,0.856,130.0,0.391,144.0,68.0,5.0,2.0,0.0,0.0,0.0,7D/3H,
Nik Turley*,27.0,MIN,AL,0.0,1.0,2.0,2.0,0.0,0.0,0.0,0.0,0.0,0.0,0.0,0.0,0.0,0.0,0.0,0.0,0.0,0.0,-100.0,0.0,-138.0,0.0,0.0,0.0,0.0,0.0,0.0,1,
Niko Goodrum#,25.0,MIN,AL,-0.2,11.0,18.0,17.0,1.0,1.0,0.0,0.0,0.0,0.0,0.0,0.0,1.0,10.0,0.059,0.111,0.059,0.17,-52.0,0.083,-78.0,1.0,0.0,0.0,0.0,0.0,0.0,/4H9D,
Noah Syndergaard*,24.0,NYM,NL,0.2,7.0,13.0,9.0,0.0,2.0,0.0,0.0,0.0,0.0,0.0,0.0,3.0,5.0,0.222,0.417,0.222,0.639,80.0,0.324,97.0,2.0,0.0,0.0,1.0,0.0,0.0,/1,
Nolan Arenado,26.0,COL,NL,6.6,159.0,680.0,606.0,100.0,187.0,43.0,7.0,37.0,130.0,3.0,2.0,62.0,106.0,0.309,0.373,0.586,0.959,130.0,0.403,134.0,355.0,21.0,4.0,1.0,6.0,9.0,*5/H,"AS,MVP-4,GG,SS"
Nolan Fontana*,26.0,LAA,AL,-0.2,12.0,23.0,20.0,1.0,1.0,0.0,0.0,1.0,1.0,1.0,1.0,3.0,8.0,0.05,0.174,0.2,0.374,1.0,0.165,-7.0,4.0,1.0,0.0,0.0,0.0,0.0,/4HD,
Nomar Mazara*,22.0,TEX,AL,-0.4,148.0,616.0,554.0,64.0,140.0,30.0,2.0,20.0,101.0,2.0,2.0,55.0,127.0,0.253,0.323,0.422,0.745,90.0,0.323,86.0,234.0,12.0,4.0,0.0,3.0,6.0,*97D/H,
Nori Aoki*,35.0,3TM,2LG,0.7,109.0,374.0,336.0,48.0,93.0,20.0,2.0,5.0,35.0,10.0,2.0,29.0,44.0,0.277,0.335,0.393,0.728,98.0,0.321,95.0,132.0,12.0,3.0,1.0,5.0,1.0,79H/81D,
Nori Aoki*,35.0,2TM,AL,0.9,82.0,258.0,234.0,32.0,64.0,13.0,1.0,5.0,27.0,5.0,2.0,16.0,34.0,0.274,0.319,0.402,0.721,96.0,0.313,92.0,94.0,11.0,2.0,1.0,5.0,1.0,79/H18D,
Nori Aoki*,35.0,HOU,AL,0.7,70.0,224.0,202.0,28.0,55.0,12.0,1.0,2.0,19.0,5.0,2.0,15.0,29.0,0.272,0.323,0.371,0.694,91.0,0.306,88.0,75.0,11.0,2.0,1.0,4.0,1.0,79/H1D,
Nori Aoki*,35.0,TOR,AL,0.2,12.0,34.0,32.0,4.0,9.0,1.0,0.0,3.0,8.0,0.0,0.0,1.0,5.0,0.281,0.294,0.594,0.888,128.0,0.358,119.0,19.0,0.0,0.0,0.0,1.0,0.0,/97H8,
Nori Aoki*,35.0,NYM,NL,-0.2,27.0,116.0,102.0,16.0,29.0,7.0,1.0,0.0,8.0,5.0,0.0,13.0,10.0,0.284,0.371,0.373,0.743,101.0,0.341,102.0,38.0,1.0,1.0,0.0,0.0,0.0,9/7H8,
O'Koyea Dickson,27.0,LAD,NL,-0.1,7.0,9.0,7.0,0.0,1.0,0.0,0.0,0.0,0.0,0.0,0.0,2.0,2.0,0.143,0.333,0.143,0.476,35.0,0.199,-6.0,1.0,0.0,0.0,0.0,0.0,1.0,/7H,
Odrisamer Despaigne,30.0,MIA,NL,-0.1,18.0,20.0,19.0,0.0,2.0,0.0,0.0,0.0,1.0,0.0,0.0,0.0,5.0,0.105,0.105,0.105,0.211,-42.0,0.094,-72.0,2.0,0.0,0.0,1.0,0.0,0.0,1,
Odúbel Herrera*,25.0,PHI,NL,2.6,138.0,563.0,526.0,67.0,148.0,42.0,3.0,14.0,56.0,8.0,5.0,31.0,126.0,0.281,0.325,0.452,0.778,103.0,0.333,101.0,238.0,13.0,4.0,0.0,2.0,4.0,*8/H,
Oliver Drake,30.0,MIL,NL,0.0,58.0,0.0,0.0,0.0,0.0,0.0,0.0,0.0,0.0,0.0,0.0,0.0,0.0,,,,,,,,0.0,0.0,0.0,0.0,0.0,0.0,1,
Omar Narváez*,25.0,CHW,AL,1.1,90.0,295.0,253.0,23.0,70.0,10.0,0.0,2.0,14.0,0.0,0.0,38.0,45.0,0.277,0.373,0.34,0.713,97.0,0.326,100.0,86.0,8.0,1.0,3.0,0.0,1.0,2/H3D,
Orlando Arcia,22.0,MIL,NL,2.2,153.0,548.0,506.0,56.0,140.0,17.0,2.0,15.0,53.0,14.0,7.0,36.0,100.0,0.277,0.324,0.407,0.731,90.0,0.324,90.0,206.0,10.0,1.0,2.0,3.0,9.0,*6/H,
Orlando Calixte,25.0,SFG,NL,-0.7,29.0,55.0,49.0,5.0,7.0,1.0,0.0,0.0,6.0,1.0,0.0,3.0,16.0,0.143,0.185,0.163,0.348,-6.0,0.199,-2.0,8.0,1.0,0.0,1.0,2.0,0.0,H/75698D,
Ozzie Albies#,20.0,ATL,NL,1.3,57.0,244.0,217.0,34.0,62.0,9.0,5.0,6.0,28.0,8.0,1.0,21.0,36.0,0.286,0.354,0.456,0.81,110.0,0.353,108.0,99.0,3.0,3.0,1.0,2.0,0.0,4,
Pablo Sandoval#,30.0,2TM,2LG,-1.3,79.0,279.0,259.0,27.0,57.0,11.0,0.0,9.0,32.0,0.0,1.0,16.0,53.0,0.22,0.265,0.367,0.632,64.0,0.277,60.0,95.0,11.0,1.0,0.0,3.0,0.0,5/3HD4,
Pablo Sandoval#,30.0,BOS,AL,-0.9,32.0,108.0,99.0,10.0,21.0,2.0,0.0,4.0,12.0,0.0,1.0,8.0,24.0,0.212,0.269,0.354,0.622,62.0,0.273,57.0,35.0,4.0,0.0,0.0,1.0,0.0,5/HD4,
Pablo Sandoval#,30.0,SFG,NL,-0.4,47.0,171.0,160.0,17.0,36.0,9.0,0.0,5.0,20.0,0.0,0.0,8.0,29.0,0.225,0.263,0.375,0.638,66.0,0.28,61.0,60.0,7.0,1.0,0.0,2.0,0.0,5/3H,
Paolo Espino,30.0,MIL,NL,0.0,6.0,5.0,4.0,0.0,1.0,0.0,0.0,0.0,0.0,0.0,0.0,0.0,1.0,0.25,0.25,0.25,0.5,32.0,0.2,-23.0,1.0,0.0,0.0,1.0,0.0,0.0,/1,
Pat Neshek#,36.0,2TM,NL,0.0,66.0,0.0,0.0,0.0,0.0,0.0,0.0,0.0,0.0,0.0,0.0,0.0,0.0,,,,,,,,0.0,0.0,0.0,0.0,0.0,0.0,1,AS
Pat Neshek#,36.0,PHI,NL,0.0,41.0,0.0,0.0,0.0,0.0,0.0,0.0,0.0,0.0,0.0,0.0,0.0,0.0,,,,,,,,0.0,0.0,0.0,0.0,0.0,0.0,1,
Pat Neshek#,36.0,COL,NL,0.0,25.0,0.0,0.0,0.0,0.0,0.0,0.0,0.0,0.0,0.0,0.0,0.0,0.0,,,,,,,,0.0,0.0,0.0,0.0,0.0,0.0,1,
Pat Valaika,24.0,COL,NL,0.6,110.0,195.0,182.0,28.0,47.0,11.0,0.0,13.0,40.0,0.0,0.0,7.0,53.0,0.258,0.284,0.533,0.817,94.0,0.344,91.0,97.0,1.0,0.0,5.0,1.0,0.0,H65/437D,
Patrick Corbin*,27.0,ARI,NL,0.1,33.0,70.0,56.0,6.0,7.0,0.0,1.0,0.0,0.0,0.0,0.0,6.0,28.0,0.125,0.21,0.161,0.37,-3.0,0.188,-29.0,9.0,0.0,0.0,8.0,0.0,0.0,1/H,
Patrick Kivlehan,27.0,CIN,NL,0.1,115.0,204.0,178.0,23.0,37.0,5.0,1.0,9.0,26.0,1.0,2.0,22.0,61.0,0.208,0.304,0.399,0.703,82.0,0.313,85.0,71.0,2.0,3.0,0.0,1.0,1.0,H937/58,
Paul Blackburn,23.0,OAK,AL,0.0,1.0,3.0,3.0,0.0,0.0,0.0,0.0,0.0,0.0,0.0,0.0,0.0,2.0,0.0,0.0,0.0,0.0,-100.0,0.0,-131.0,0.0,0.0,0.0,0.0,0.0,0.0,1,
Paul DeJong,23.0,STL,NL,2.7,108.0,443.0,417.0,55.0,119.0,26.0,1.0,25.0,65.0,1.0,0.0,21.0,124.0,0.285,0.325,0.532,0.857,121.0,0.366,123.0,222.0,8.0,4.0,0.0,1.0,1.0,64/H,ROY-2
Paul Goldschmidt,29.0,ARI,NL,6.1,155.0,665.0,558.0,117.0,166.0,34.0,3.0,36.0,120.0,18.0,5.0,94.0,147.0,0.297,0.404,0.563,0.966,142.0,0.411,145.0,314.0,14.0,8.0,0.0,4.0,15.0,*3/DH,"AS,MVP-3,GG,SS"
Paul Janish,34.0,BAL,AL,-0.6,14.0,28.0,26.0,0.0,2.0,0.0,0.0,0.0,3.0,0.0,0.0,1.0,6.0,0.077,0.111,0.077,0.188,-47.0,0.122,-52.0,2.0,1.0,0.0,1.0,0.0,0.0,6/H,
Paul Sewald,27.0,NYM,NL,0.0,56.0,2.0,2.0,0.0,0.0,0.0,0.0,0.0,0.0,0.0,0.0,0.0,1.0,0.0,0.0,0.0,0.0,-100.0,0.0,-133.0,0.0,0.0,0.0,0.0,0.0,0.0,1,
Paulo Orlando,31.0,KCR,AL,-0.5,39.0,90.0,86.0,9.0,17.0,3.0,0.0,2.0,6.0,1.0,1.0,1.0,20.0,0.198,0.225,0.302,0.527,39.0,0.237,33.0,26.0,3.0,2.0,0.0,0.0,0.0,98/H,
Pedro Beato,30.0,PHI,NL,0.0,1.0,0.0,0.0,0.0,0.0,0.0,0.0,0.0,0.0,0.0,0.0,0.0,0.0,,,,,,,,0.0,0.0,0.0,0.0,0.0,0.0,/1,
Pedro Báez,29.0,LAD,NL,0.0,61.0,2.0,1.0,0.0,0.0,0.0,0.0,0.0,1.0,0.0,0.0,1.0,1.0,0.0,0.5,0.0,0.5,52.0,0.349,113.0,0.0,0.0,0.0,0.0,0.0,0.0,1,
Pedro Florimón#,30.0,PHI,NL,0.6,15.0,49.0,46.0,6.0,16.0,4.0,1.0,0.0,6.0,0.0,0.0,3.0,16.0,0.348,0.388,0.478,0.866,128.0,0.37,126.0,22.0,1.0,0.0,0.0,0.0,0.0,/869457H,
Pedro Severino,23.0,WSN,NL,-0.3,17.0,31.0,29.0,0.0,5.0,1.0,0.0,0.0,3.0,0.0,0.0,2.0,10.0,0.172,0.226,0.207,0.433,13.0,0.178,-22.0,6.0,0.0,0.0,0.0,0.0,1.0,2/HD,
Pedro Strop,32.0,CHC,NL,0.0,65.0,1.0,1.0,0.0,0.0,0.0,0.0,0.0,0.0,0.0,0.0,0.0,0.0,0.0,0.0,0.0,0.0,-100.0,0.0,-142.0,0.0,0.0,0.0,0.0,0.0,0.0,1,
Pedro Álvarez*,30.0,BAL,AL,0.1,14.0,34.0,32.0,4.0,10.0,1.0,0.0,1.0,4.0,0.0,0.0,2.0,10.0,0.313,0.353,0.438,0.79,113.0,0.368,131.0,14.0,0.0,0.0,0.0,0.0,0.0,/DH3,
Pete Kozma,29.0,2TM,AL,-1.0,39.0,51.0,45.0,6.0,5.0,0.0,0.0,1.0,2.0,0.0,1.0,3.0,20.0,0.111,0.2,0.178,0.378,-1.0,0.187,-5.0,8.0,0.0,2.0,1.0,0.0,0.0,56H/43,
Pete Kozma,29.0,NYY,AL,-0.3,11.0,10.0,9.0,2.0,1.0,0.0,0.0,0.0,0.0,0.0,0.0,1.0,2.0,0.111,0.2,0.111,0.311,-14.0,0.15,-33.0,1.0,0.0,0.0,0.0,0.0,0.0,/6H4,
Pete Kozma,29.0,TEX,AL,-0.7,28.0,41.0,36.0,4.0,4.0,0.0,0.0,1.0,2.0,0.0,1.0,2.0,18.0,0.111,0.2,0.194,0.394,3.0,0.197,2.0,7.0,0.0,2.0,1.0,0.0,0.0,5/H634,
Peter Bourjos,30.0,TBR,AL,0.6,100.0,203.0,188.0,27.0,42.0,9.0,3.0,5.0,15.0,5.0,4.0,12.0,53.0,0.223,0.272,0.383,0.655,76.0,0.283,73.0,72.0,2.0,1.0,1.0,1.0,0.0,78H9/D,
Peter Moylan,38.0,KCR,AL,0.0,7.0,0.0,0.0,0.0,0.0,0.0,0.0,0.0,0.0,0.0,0.0,0.0,0.0,,,,,,,,0.0,0.0,0.0,0.0,0.0,0.0,1,
Phil Ervin,24.0,CIN,NL,0.1,28.0,64.0,58.0,8.0,15.0,2.0,0.0,3.0,10.0,4.0,1.0,4.0,15.0,0.259,0.317,0.448,0.766,97.0,0.362,113.0,26.0,1.0,1.0,1.0,0.0,0.0,H/879,
Phil Gosselin,28.0,2TM,2LG,-0.7,40.0,50.0,48.0,3.0,7.0,2.0,0.0,0.0,2.0,0.0,1.0,2.0,12.0,0.146,0.18,0.188,0.368,-2.0,0.173,-8.0,9.0,1.0,0.0,0.0,0.0,0.0,H4/563D,
Phil Gosselin,28.0,PIT,NL,-0.6,28.0,42.0,40.0,3.0,6.0,1.0,0.0,0.0,2.0,0.0,1.0,2.0,9.0,0.15,0.19,0.175,0.365,-2.0,0.176,-3.0,7.0,1.0,0.0,0.0,0.0,0.0,H4/35,
Phil Gosselin,28.0,TEX,AL,-0.1,12.0,8.0,8.0,0.0,1.0,1.0,0.0,0.0,0.0,0.0,0.0,0.0,3.0,0.125,0.125,0.25,0.375,-7.0,0.153,-35.0,2.0,0.0,0.0,0.0,0.0,0.0,/46H5D,
Phil Maton,24.0,SDP,NL,0.0,44.0,0.0,0.0,0.0,0.0,0.0,0.0,0.0,0.0,0.0,0.0,0.0,0.0,,,,,,,,0.0,0.0,0.0,0.0,0.0,0.0,1,
Phillip Evans,24.0,NYM,NL,0.2,19.0,38.0,33.0,4.0,10.0,2.0,0.0,0.0,1.0,0.0,0.0,4.0,8.0,0.303,0.395,0.364,0.758,107.0,0.336,106.0,12.0,0.0,1.0,0.0,0.0,0.0,H/54,
Pierce Johnson,26.0,CHC,NL,0.0,1.0,0.0,0.0,0.0,0.0,0.0,0.0,0.0,0.0,0.0,0.0,0.0,0.0,,,,,,,,0.0,0.0,0.0,0.0,0.0,0.0,/1,
Quintin Berry*,32.0,MIL,NL,-0.1,7.0,3.0,3.0,0.0,0.0,0.0,0.0,0.0,0.0,2.0,1.0,0.0,2.0,0.0,0.0,0.0,0.0,-100.0,-0.009,-143.0,0.0,0.0,0.0,0.0,0.0,0.0,/H78,
R.A. Dickey,42.0,ATL,NL,0.0,30.0,68.0,61.0,0.0,9.0,0.0,0.0,0.0,5.0,0.0,0.0,0.0,12.0,0.148,0.148,0.148,0.295,-22.0,0.145,-53.0,9.0,0.0,0.0,7.0,0.0,0.0,1,
Rafael Bautista,24.0,WSN,NL,-0.2,17.0,27.0,25.0,2.0,4.0,0.0,0.0,0.0,0.0,0.0,0.0,2.0,5.0,0.16,0.222,0.16,0.382,2.0,0.181,-16.0,4.0,1.0,0.0,0.0,0.0,0.0,9/H78,
Rafael Devers*,20.0,BOS,AL,0.7,58.0,240.0,222.0,34.0,63.0,14.0,0.0,10.0,30.0,3.0,1.0,18.0,57.0,0.284,0.338,0.482,0.819,112.0,0.355,112.0,107.0,5.0,0.0,0.0,0.0,3.0,5/HD,
Rafael Lopez*,29.0,TOR,AL,0.3,24.0,63.0,54.0,9.0,12.0,1.0,0.0,4.0,12.0,0.0,0.0,7.0,21.0,0.222,0.306,0.463,0.769,101.0,0.324,95.0,25.0,1.0,0.0,0.0,1.0,0.0,2/5H,
Rafael Montero,26.0,NYM,NL,-0.2,32.0,28.0,25.0,1.0,2.0,0.0,0.0,0.0,1.0,0.0,0.0,0.0,10.0,0.08,0.08,0.08,0.16,-57.0,0.068,-109.0,2.0,0.0,0.0,3.0,0.0,0.0,1,
Raimel Tapia*,23.0,COL,NL,-0.6,70.0,171.0,160.0,27.0,46.0,12.0,2.0,2.0,16.0,5.0,2.0,8.0,36.0,0.288,0.329,0.425,0.754,84.0,0.328,79.0,68.0,3.0,2.0,1.0,0.0,1.0,H97/8D,
Raisel Iglesias,27.0,CIN,NL,0.1,60.0,1.0,1.0,0.0,1.0,1.0,0.0,0.0,0.0,0.0,0.0,0.0,0.0,1.0,1.0,2.0,3.0,654.0,1.234,733.0,2.0,0.0,0.0,0.0,0.0,0.0,1,
Rajai Davis,36.0,2TM,AL,0.3,117.0,366.0,336.0,56.0,79.0,19.0,2.0,5.0,20.0,29.0,7.0,27.0,83.0,0.235,0.293,0.348,0.641,74.0,0.293,71.0,117.0,12.0,1.0,1.0,1.0,1.0,*87H/9D,
Rajai Davis,36.0,OAK,AL,0.4,100.0,328.0,300.0,49.0,70.0,17.0,2.0,5.0,18.0,26.0,6.0,26.0,70.0,0.233,0.294,0.353,0.647,76.0,0.294,72.0,106.0,10.0,0.0,1.0,1.0,1.0,87H/9,
Rajai Davis,36.0,BOS,AL,-0.1,17.0,38.0,36.0,7.0,9.0,2.0,0.0,0.0,2.0,3.0,1.0,1.0,13.0,0.25,0.289,0.306,0.595,57.0,0.29,63.0,11.0,2.0,1.0,0.0,0.0,0.0,/789HD,
Ramón Flores*,25.0,LAA,AL,-0.3,3.0,9.0,8.0,0.0,1.0,0.0,0.0,0.0,1.0,0.0,0.0,0.0,1.0,0.125,0.111,0.125,0.236,-36.0,0.099,-62.0,1.0,0.0,0.0,0.0,1.0,0.0,/9,
Ramón Torres#,24.0,KCR,AL,-0.2,33.0,79.0,74.0,9.0,18.0,3.0,0.0,0.0,4.0,1.0,0.0,4.0,12.0,0.243,0.291,0.284,0.575,55.0,0.261,47.0,21.0,1.0,1.0,0.0,0.0,0.0,45/6H,
Randal Grichuk,25.0,STL,NL,0.6,122.0,442.0,412.0,53.0,98.0,25.0,3.0,22.0,59.0,6.0,1.0,26.0,133.0,0.238,0.285,0.473,0.758,95.0,0.321,89.0,195.0,9.0,2.0,0.0,2.0,3.0,79H/8,
Randall Delgado,27.0,ARI,NL,-0.1,25.0,9.0,8.0,0.0,0.0,0.0,0.0,0.0,0.0,0.0,0.0,0.0,3.0,0.0,0.0,0.0,0.0,-100.0,0.0,-182.0,0.0,0.0,0.0,1.0,0.0,0.0,1,
Raudy Read,23.0,WSN,NL,0.0,8.0,11.0,11.0,1.0,3.0,0.0,0.0,0.0,0.0,0.0,0.0,0.0,3.0,0.273,0.273,0.273,0.545,42.0,0.309,76.0,3.0,0.0,0.0,0.0,0.0,0.0,/H2,
Renato Núñez,23.0,OAK,AL,0.0,8.0,16.0,15.0,1.0,3.0,0.0,0.0,1.0,3.0,0.0,0.0,1.0,8.0,0.2,0.25,0.4,0.65,74.0,0.278,68.0,6.0,0.0,0.0,0.0,0.0,0.0,/7HD5,
René Rivera,33.0,2TM,NL,0.2,74.0,237.0,218.0,23.0,55.0,9.0,0.0,10.0,35.0,0.0,1.0,14.0,70.0,0.252,0.305,0.431,0.736,94.0,0.309,86.0,94.0,4.0,3.0,1.0,1.0,3.0,2/H3,
René Rivera,33.0,NYM,NL,-0.1,54.0,187.0,174.0,15.0,40.0,4.0,0.0,8.0,23.0,0.0,1.0,9.0,54.0,0.23,0.278,0.391,0.669,77.0,0.279,66.0,68.0,3.0,3.0,0.0,1.0,3.0,2/H3,
René Rivera,33.0,CHC,NL,0.3,20.0,50.0,44.0,8.0,15.0,5.0,0.0,2.0,12.0,0.0,0.0,5.0,16.0,0.341,0.408,0.591,0.999,154.0,0.422,160.0,26.0,1.0,0.0,1.0,0.0,0.0,2/H,
Rex Brothers*,29.0,ATL,NL,0.0,27.0,0.0,0.0,0.0,0.0,0.0,0.0,0.0,0.0,0.0,0.0,0.0,0.0,,,,,,,,0.0,0.0,0.0,0.0,0.0,0.0,1,
Rey Fuentes*,26.0,ARI,NL,-0.1,64.0,145.0,136.0,19.0,32.0,1.0,2.0,3.0,9.0,4.0,1.0,8.0,35.0,0.235,0.278,0.338,0.616,56.0,0.279,48.0,46.0,0.0,0.0,1.0,0.0,0.0,8H/79,
Reyes Moronta,24.0,SFG,NL,0.0,6.0,0.0,0.0,0.0,0.0,0.0,0.0,0.0,0.0,0.0,0.0,0.0,0.0,,,,,,,,0.0,0.0,0.0,0.0,0.0,0.0,/1,
Rhys Hoskins,24.0,PHI,NL,2.2,50.0,212.0,170.0,37.0,44.0,7.0,0.0,18.0,48.0,2.0,0.0,37.0,46.0,0.259,0.396,0.618,1.014,162.0,0.43,168.0,105.0,2.0,3.0,0.0,2.0,1.0,73,ROY-4
Ricardo Pinto,23.0,PHI,NL,0.0,25.0,1.0,1.0,1.0,0.0,0.0,0.0,0.0,0.0,0.0,0.0,0.0,1.0,0.0,0.0,0.0,0.0,-100.0,0.0,-133.0,0.0,0.0,0.0,0.0,0.0,0.0,1/H,
Rich Hill*,37.0,LAD,NL,-0.2,23.0,49.0,45.0,1.0,5.0,1.0,0.0,0.0,4.0,0.0,0.0,0.0,18.0,0.111,0.146,0.133,0.279,-25.0,0.127,-50.0,6.0,0.0,2.0,1.0,1.0,0.0,1,
Richard Bleier*,30.0,BAL,AL,0.0,3.0,0.0,0.0,0.0,0.0,0.0,0.0,0.0,0.0,0.0,0.0,0.0,0.0,,,,,,,,0.0,0.0,0.0,0.0,0.0,0.0,1,
Richard Ureña#,21.0,TOR,AL,-0.5,21.0,75.0,68.0,6.0,14.0,4.0,0.0,1.0,4.0,1.0,0.0,6.0,28.0,0.206,0.27,0.309,0.579,54.0,0.261,46.0,21.0,0.0,0.0,1.0,0.0,0.0,6/4H,
Rick Porcello,28.0,BOS,AL,-0.1,2.0,4.0,4.0,0.0,0.0,0.0,0.0,0.0,0.0,0.0,0.0,0.0,3.0,0.0,0.0,0.0,0.0,-100.0,0.0,-142.0,0.0,0.0,0.0,0.0,0.0,0.0,1,
Rickie Weeks,34.0,TBR,AL,0.1,37.0,112.0,97.0,13.0,21.0,6.0,0.0,2.0,8.0,1.0,0.0,12.0,49.0,0.216,0.321,0.34,0.662,81.0,0.316,92.0,33.0,0.0,3.0,0.0,0.0,0.0,D3H,
Ricky Nolasco,34.0,LAA,AL,0.0,3.0,7.0,5.0,0.0,0.0,0.0,0.0,0.0,0.0,0.0,0.0,2.0,2.0,0.0,0.286,0.0,0.286,-11.0,0.199,10.0,0.0,0.0,0.0,0.0,0.0,0.0,1,
Rio Ruiz*,23.0,ATL,NL,-0.3,53.0,173.0,150.0,22.0,29.0,5.0,0.0,4.0,19.0,1.0,0.0,19.0,41.0,0.193,0.283,0.307,0.59,55.0,0.269,50.0,46.0,4.0,1.0,0.0,3.0,1.0,5H/3,
Rob Brantly*,27.0,CHW,AL,0.3,13.0,36.0,31.0,4.0,9.0,1.0,0.0,2.0,5.0,0.0,0.0,3.0,14.0,0.29,0.389,0.516,0.905,143.0,0.39,146.0,16.0,0.0,2.0,0.0,0.0,0.0,/2DH1,
Rob Refsnyder,26.0,2TM,AL,-0.5,52.0,98.0,88.0,8.0,15.0,2.0,1.0,0.0,0.0,4.0,1.0,8.0,17.0,0.17,0.247,0.216,0.463,25.0,0.233,23.0,19.0,2.0,1.0,0.0,0.0,1.0,4H7/3D9,
Rob Refsnyder,26.0,NYY,AL,-0.3,20.0,40.0,37.0,3.0,5.0,1.0,1.0,0.0,0.0,2.0,0.0,3.0,8.0,0.135,0.2,0.216,0.416,10.0,0.218,7.0,8.0,0.0,0.0,0.0,0.0,0.0,/7H394D,
Rob Refsnyder,26.0,TOR,AL,-0.2,32.0,58.0,51.0,5.0,10.0,1.0,0.0,0.0,0.0,2.0,1.0,5.0,9.0,0.196,0.281,0.216,0.496,36.0,0.243,35.0,11.0,2.0,1.0,0.0,0.0,1.0,4H/D379,
Rob Scahill*,30.0,MIL,NL,0.0,18.0,1.0,1.0,0.0,0.0,0.0,0.0,0.0,0.0,0.0,0.0,0.0,1.0,0.0,0.0,0.0,0.0,-100.0,0.0,-142.0,0.0,0.0,0.0,0.0,0.0,0.0,1,
Rob Segedin,28.0,LAD,NL,-0.1,13.0,20.0,20.0,3.0,4.0,2.0,0.0,0.0,1.0,0.0,0.0,0.0,7.0,0.2,0.2,0.3,0.5,31.0,0.213,15.0,6.0,0.0,0.0,0.0,0.0,0.0,/35H7,
Rob Zastryzny,25.0,CHC,NL,0.0,4.0,3.0,3.0,0.0,1.0,0.0,0.0,0.0,0.0,0.0,0.0,0.0,0.0,0.333,0.333,0.333,0.667,74.0,0.299,69.0,1.0,0.0,0.0,0.0,0.0,0.0,/1,
Robbie Grossman#,27.0,MIN,AL,0.9,119.0,456.0,382.0,62.0,94.0,22.0,1.0,9.0,45.0,3.0,1.0,67.0,79.0,0.246,0.361,0.38,0.741,100.0,0.332,101.0,145.0,6.0,3.0,2.0,2.0,0.0,D97H,
Robbie Ray*,25.0,ARI,NL,0.5,27.0,61.0,53.0,5.0,13.0,2.0,0.0,0.0,2.0,0.0,0.0,3.0,23.0,0.245,0.286,0.283,0.569,46.0,0.268,39.0,15.0,0.0,0.0,5.0,0.0,0.0,1,"AS,CYA-7"
Robbie Ross*,28.0,BOS,AL,0.0,1.0,0.0,0.0,0.0,0.0,0.0,0.0,0.0,0.0,0.0,0.0,0.0,0.0,,,,,,,,0.0,0.0,0.0,0.0,0.0,0.0,/1,
Robby Scott#,27.0,BOS,AL,0.0,6.0,0.0,0.0,0.0,0.0,0.0,0.0,0.0,0.0,0.0,0.0,0.0,0.0,,,,,,,,0.0,0.0,0.0,0.0,0.0,0.0,1,
Robert Gsellman,23.0,NYM,NL,0.2,27.0,44.0,34.0,2.0,5.0,0.0,0.0,0.0,4.0,0.0,0.0,6.0,14.0,0.147,0.268,0.147,0.415,17.0,0.233,27.0,5.0,0.0,0.0,3.0,1.0,0.0,1/H,
Robert Stephenson,24.0,CIN,NL,-0.2,25.0,25.0,23.0,1.0,1.0,0.0,0.0,0.0,0.0,0.0,0.0,0.0,15.0,0.043,0.043,0.043,0.087,-77.0,0.078,-103.0,1.0,1.0,0.0,2.0,0.0,0.0,1/H,
Roberto Gómez,27.0,SFG,NL,0.0,3.0,0.0,0.0,0.0,0.0,0.0,0.0,0.0,0.0,0.0,0.0,0.0,0.0,,,,,,,,0.0,0.0,0.0,0.0,0.0,0.0,/1,
Roberto Osuna,22.0,TOR,AL,0.0,4.0,0.0,0.0,0.0,0.0,0.0,0.0,0.0,0.0,0.0,0.0,0.0,0.0,,,,,,,,0.0,0.0,0.0,0.0,0.0,0.0,1,AS
Roberto Pérez,28.0,CLE,AL,0.8,73.0,248.0,217.0,22.0,45.0,12.0,0.0,8.0,38.0,0.0,1.0,26.0,71.0,0.207,0.291,0.373,0.664,72.0,0.291,67.0,81.0,4.0,0.0,4.0,1.0,0.0,2/DH,
Robinson Canó*,34.0,SEA,AL,3.1,150.0,648.0,592.0,79.0,166.0,33.0,0.0,23.0,97.0,1.0,0.0,49.0,85.0,0.28,0.338,0.453,0.791,114.0,0.341,113.0,268.0,18.0,4.0,0.0,3.0,8.0,*4/H,AS
Robinson Chirinos,33.0,TEX,AL,2.5,88.0,309.0,263.0,46.0,67.0,13.0,1.0,17.0,38.0,1.0,0.0,34.0,79.0,0.255,0.36,0.506,0.866,120.0,0.376,123.0,133.0,5.0,10.0,1.0,1.0,0.0,2/DH,
Rocky Gale,29.0,SDP,NL,-0.1,3.0,10.0,10.0,1.0,1.0,0.0,0.0,1.0,2.0,0.0,0.0,0.0,2.0,0.1,0.1,0.4,0.5,24.0,0.198,5.0,4.0,0.0,0.0,0.0,0.0,0.0,/2,
Ronald Torreyes,24.0,NYY,AL,0.8,108.0,336.0,315.0,35.0,92.0,15.0,1.0,3.0,36.0,2.0,0.0,11.0,43.0,0.292,0.314,0.375,0.689,81.0,0.31,80.0,118.0,9.0,1.0,5.0,4.0,0.0,465H/9D,
Rookie Davis,24.0,CIN,NL,0.1,7.0,8.0,6.0,0.0,1.0,1.0,0.0,0.0,0.0,0.0,0.0,0.0,5.0,0.167,0.286,0.333,0.619,61.0,0.28,53.0,2.0,0.0,1.0,1.0,0.0,0.0,/1,
Ross Stripling,27.0,LAD,NL,-0.1,48.0,9.0,9.0,2.0,0.0,0.0,0.0,0.0,0.0,0.0,0.0,0.0,4.0,0.0,0.0,0.0,0.0,-100.0,0.0,-139.0,0.0,0.0,0.0,0.0,0.0,0.0,1/H,
Rougned Odor*,23.0,TEX,AL,-0.7,162.0,651.0,607.0,79.0,124.0,21.0,3.0,30.0,75.0,15.0,6.0,32.0,162.0,0.204,0.252,0.397,0.649,63.0,0.281,55.0,241.0,13.0,8.0,0.0,4.0,5.0,*4/HD,
Rubby De La Rosa,28.0,ARI,NL,0.0,9.0,0.0,0.0,0.0,0.0,0.0,0.0,0.0,0.0,0.0,0.0,0.0,0.0,,,,,,,,0.0,0.0,0.0,0.0,0.0,0.0,/1,
Rubén Tejada,27.0,BAL,AL,-0.2,41.0,124.0,113.0,17.0,26.0,6.0,0.0,0.0,5.0,0.0,0.0,8.0,15.0,0.23,0.293,0.283,0.576,58.0,0.269,58.0,32.0,6.0,2.0,1.0,0.0,0.0,6/54H,
Russell Martin,34.0,TOR,AL,1.8,91.0,365.0,307.0,49.0,68.0,12.0,0.0,13.0,35.0,1.0,2.0,50.0,83.0,0.221,0.343,0.388,0.731,95.0,0.328,99.0,119.0,13.0,7.0,1.0,0.0,0.0,25/H,
Ryan Braun,33.0,MIL,NL,0.9,104.0,425.0,380.0,58.0,102.0,28.0,2.0,17.0,52.0,12.0,4.0,38.0,76.0,0.268,0.336,0.487,0.823,111.0,0.355,111.0,185.0,15.0,3.0,0.0,4.0,2.0,7/HD,
Ryan Buchter*,30.0,2TM,2LG,0.0,39.0,0.0,0.0,0.0,0.0,0.0,0.0,0.0,0.0,0.0,0.0,0.0,0.0,,,,,,,,0.0,0.0,0.0,0.0,0.0,0.0,1,
Ryan Buchter*,30.0,SDP,NL,0.0,38.0,0.0,0.0,0.0,0.0,0.0,0.0,0.0,0.0,0.0,0.0,0.0,0.0,,,,,,,,0.0,0.0,0.0,0.0,0.0,0.0,1,
Ryan Buchter*,30.0,KCR,AL,0.0,1.0,0.0,0.0,0.0,0.0,0.0,0.0,0.0,0.0,0.0,0.0,0.0,0.0,,,,,,,,0.0,0.0,0.0,0.0,0.0,0.0,1,
Ryan Dull,27.0,OAK,AL,0.0,3.0,0.0,0.0,0.0,0.0,0.0,0.0,0.0,0.0,0.0,0.0,0.0,0.0,,,,,,,,0.0,0.0,0.0,0.0,0.0,0.0,1,
Ryan Flaherty*,30.0,BAL,AL,-0.1,23.0,43.0,38.0,5.0,8.0,1.0,0.0,0.0,4.0,0.0,0.0,4.0,10.0,0.211,0.302,0.237,0.539,50.0,0.274,63.0,9.0,0.0,1.0,0.0,0.0,0.0,4/56H79,
Ryan Goins*,29.0,TOR,AL,1.1,143.0,459.0,418.0,37.0,99.0,21.0,1.0,9.0,62.0,3.0,2.0,31.0,96.0,0.237,0.286,0.356,0.643,70.0,0.286,67.0,149.0,14.0,0.0,5.0,5.0,0.0,64H/5D,
Ryan Hanigan,36.0,COL,NL,-0.1,33.0,112.0,101.0,9.0,27.0,2.0,0.0,2.0,12.0,0.0,0.0,8.0,26.0,0.267,0.324,0.347,0.671,65.0,0.292,52.0,35.0,5.0,1.0,1.0,1.0,2.0,2/H,
Ryan LaMarre,28.0,OAK,AL,-0.1,3.0,8.0,7.0,0.0,0.0,0.0,0.0,0.0,0.0,0.0,0.0,1.0,3.0,0.0,0.125,0.0,0.125,-61.0,0.087,-69.0,0.0,0.0,0.0,0.0,0.0,0.0,/8H,
Ryan Lavarnway,29.0,OAK,AL,0.0,6.0,13.0,11.0,0.0,3.0,1.0,0.0,0.0,2.0,0.0,0.0,1.0,3.0,0.273,0.385,0.364,0.748,108.0,0.341,113.0,4.0,1.0,1.0,0.0,0.0,0.0,/2H,
Ryan Madson*,36.0,WSN,NL,0.0,19.0,0.0,0.0,0.0,0.0,0.0,0.0,0.0,0.0,0.0,0.0,0.0,0.0,,,,,,,,0.0,0.0,0.0,0.0,0.0,0.0,1,
Ryan McMahon*,22.0,COL,NL,-0.1,17.0,24.0,19.0,2.0,3.0,1.0,0.0,0.0,1.0,0.0,0.0,5.0,5.0,0.158,0.333,0.211,0.544,39.0,0.271,39.0,4.0,1.0,0.0,0.0,0.0,0.0,/H345,
Ryan Pressly,28.0,MIN,AL,0.0,2.0,0.0,0.0,0.0,0.0,0.0,0.0,0.0,0.0,0.0,0.0,0.0,0.0,,,,,,,,0.0,0.0,0.0,0.0,0.0,0.0,1,
Ryan Raburn,36.0,WSN,NL,0.0,25.0,69.0,65.0,7.0,17.0,1.0,2.0,2.0,6.0,0.0,1.0,4.0,25.0,0.262,0.304,0.431,0.735,87.0,0.305,79.0,28.0,1.0,0.0,0.0,0.0,0.0,7/H,
Ryan Rua,27.0,TEX,AL,-0.2,63.0,144.0,129.0,17.0,28.0,6.0,0.0,3.0,12.0,2.0,2.0,14.0,52.0,0.217,0.294,0.333,0.627,61.0,0.276,54.0,43.0,3.0,0.0,1.0,0.0,0.0,73H/D9,
Ryan Schimpf*,29.0,SDP,NL,0.5,53.0,197.0,165.0,24.0,26.0,2.0,0.0,14.0,25.0,0.0,0.0,27.0,70.0,0.158,0.284,0.424,0.709,86.0,0.308,85.0,70.0,0.0,3.0,0.0,2.0,0.0,5/HD,
Ryan Sherriff*,27.0,STL,NL,0.0,13.0,0.0,0.0,0.0,0.0,0.0,0.0,0.0,0.0,0.0,0.0,0.0,0.0,,,,,,,,0.0,0.0,0.0,0.0,0.0,0.0,1,
Ryan Tepera,29.0,TOR,AL,0.0,6.0,1.0,1.0,0.0,0.0,0.0,0.0,0.0,0.0,0.0,0.0,0.0,1.0,0.0,0.0,0.0,0.0,-100.0,0.0,-133.0,0.0,0.0,0.0,0.0,0.0,0.0,1,
Ryan Zimmerman,32.0,WSN,NL,2.7,144.0,576.0,524.0,90.0,159.0,33.0,0.0,36.0,108.0,1.0,0.0,44.0,126.0,0.303,0.358,0.573,0.93,134.0,0.395,138.0,300.0,16.0,3.0,0.0,5.0,1.0,*3/HD,"AS,MVP-20"
Ryder Jones*,23.0,SFG,NL,-1.5,53.0,164.0,150.0,12.0,26.0,5.0,2.0,2.0,5.0,1.0,0.0,10.0,52.0,0.173,0.244,0.273,0.517,37.0,0.229,23.0,41.0,3.0,4.0,0.0,0.0,3.0,35/H7,
Rymer Liriano,26.0,CHW,AL,0.1,21.0,46.0,41.0,4.0,9.0,2.0,0.0,1.0,6.0,1.0,0.0,5.0,14.0,0.22,0.304,0.341,0.646,75.0,0.289,70.0,14.0,0.0,0.0,0.0,0.0,0.0,7/9DH,
Ryon Healy,25.0,OAK,AL,0.9,149.0,605.0,576.0,66.0,156.0,29.0,0.0,25.0,78.0,0.0,1.0,23.0,142.0,0.271,0.302,0.451,0.754,103.0,0.331,106.0,260.0,16.0,4.0,0.0,2.0,0.0,D35/H,
Sal Romano*,23.0,CIN,NL,-0.2,16.0,30.0,24.0,0.0,1.0,1.0,0.0,0.0,0.0,0.0,0.0,1.0,15.0,0.042,0.08,0.083,0.163,-57.0,0.077,-125.0,2.0,1.0,0.0,5.0,0.0,0.0,1,
Salvador Perez,27.0,KCR,AL,2.5,129.0,499.0,471.0,57.0,126.0,24.0,1.0,27.0,80.0,1.0,0.0,17.0,95.0,0.268,0.297,0.495,0.792,106.0,0.329,98.0,233.0,23.0,5.0,0.0,5.0,3.0,*2D/H,AS
Sam Dyson,29.0,SFG,NL,0.0,36.0,0.0,0.0,0.0,0.0,0.0,0.0,0.0,0.0,0.0,0.0,0.0,0.0,,,,,,,,0.0,0.0,0.0,0.0,0.0,0.0,1,
Sam Freeman,30.0,ATL,NL,0.0,54.0,2.0,2.0,0.0,0.0,0.0,0.0,0.0,0.0,0.0,0.0,0.0,1.0,0.0,0.0,0.0,0.0,-100.0,0.0,-138.0,0.0,0.0,0.0,0.0,0.0,0.0,1,
Sam Gaviglio,27.0,SEA,AL,0.0,2.0,5.0,5.0,1.0,1.0,0.0,0.0,0.0,0.0,0.0,0.0,0.0,2.0,0.2,0.2,0.2,0.4,10.0,0.178,-3.0,1.0,0.0,0.0,0.0,0.0,0.0,1,
Sam Travis,23.0,BOS,AL,-0.6,33.0,83.0,76.0,13.0,20.0,6.0,0.0,0.0,1.0,1.0,0.0,6.0,23.0,0.263,0.325,0.342,0.667,76.0,0.297,69.0,26.0,2.0,1.0,0.0,0.0,0.0,3H/D,
Sam Tuivailala,24.0,STL,NL,0.0,34.0,0.0,0.0,0.0,0.0,0.0,0.0,0.0,0.0,0.0,0.0,0.0,0.0,,,,,,,,0.0,0.0,0.0,0.0,0.0,0.0,1,
Sammy Solís,28.0,WSN,NL,0.0,29.0,0.0,0.0,0.0,0.0,0.0,0.0,0.0,0.0,0.0,0.0,0.0,0.0,,,,,,,,0.0,0.0,0.0,0.0,0.0,0.0,1,
Sandy Alcantara,21.0,STL,NL,0.0,8.0,0.0,0.0,0.0,0.0,0.0,0.0,0.0,0.0,0.0,0.0,0.0,0.0,,,,,,,,0.0,0.0,0.0,0.0,0.0,0.0,/1,
Sandy León#,28.0,BOS,AL,0.6,85.0,301.0,271.0,32.0,61.0,14.0,0.0,7.0,39.0,0.0,0.0,25.0,74.0,0.225,0.29,0.354,0.644,68.0,0.282,60.0,96.0,5.0,1.0,1.0,3.0,1.0,2/H,
Santiago Casilla,36.0,OAK,AL,0.0,5.0,0.0,0.0,0.0,0.0,0.0,0.0,0.0,0.0,0.0,0.0,0.0,0.0,,,,,,,,0.0,0.0,0.0,0.0,0.0,0.0,1,
Scooter Gennett*,27.0,CIN,NL,1.9,141.0,497.0,461.0,80.0,136.0,22.0,3.0,27.0,97.0,3.0,2.0,30.0,114.0,0.295,0.342,0.531,0.874,123.0,0.376,128.0,245.0,15.0,4.0,0.0,2.0,1.0,4H5/79D1,
Scott Alexander*,27.0,KCR,AL,0.0,4.0,3.0,3.0,0.0,0.0,0.0,0.0,0.0,0.0,0.0,0.0,0.0,1.0,0.0,0.0,0.0,0.0,-100.0,0.0,-136.0,0.0,0.0,0.0,0.0,0.0,0.0,1,
Scott Feldman*,34.0,CIN,NL,-0.4,20.0,38.0,34.0,0.0,1.0,0.0,0.0,0.0,0.0,0.0,0.0,0.0,16.0,0.029,0.029,0.029,0.059,-85.0,0.026,-150.0,1.0,0.0,0.0,4.0,0.0,0.0,1,
Scott Oberg,27.0,COL,NL,0.0,65.0,0.0,0.0,0.0,0.0,0.0,0.0,0.0,0.0,0.0,0.0,0.0,0.0,,,,,,,,0.0,0.0,0.0,0.0,0.0,0.0,1,
Scott Schebler*,26.0,CIN,NL,1.3,141.0,531.0,473.0,63.0,110.0,25.0,2.0,30.0,67.0,5.0,3.0,39.0,125.0,0.233,0.307,0.484,0.791,102.0,0.332,97.0,229.0,7.0,14.0,0.0,5.0,5.0,*98H,
Scott Van Slyke,30.0,LAD,NL,-0.3,29.0,48.0,41.0,6.0,5.0,1.0,0.0,2.0,3.0,1.0,0.0,7.0,15.0,0.122,0.25,0.293,0.543,44.0,0.262,46.0,12.0,0.0,0.0,0.0,0.0,1.0,H7/389,
Sean Doolittle*,30.0,WSN,NL,0.0,27.0,0.0,0.0,0.0,0.0,0.0,0.0,0.0,0.0,0.0,0.0,0.0,0.0,,,,,,,,0.0,0.0,0.0,0.0,0.0,0.0,1,
Sean Gilmartin*,27.0,NYM,NL,0.1,2.0,1.0,1.0,1.0,1.0,1.0,0.0,0.0,1.0,0.0,0.0,0.0,0.0,1.0,1.0,2.0,3.0,678.0,1.234,742.0,2.0,0.0,0.0,0.0,0.0,0.0,/1,
Sean Manaea,25.0,OAK,AL,0.0,2.0,5.0,3.0,0.0,0.0,0.0,0.0,0.0,0.0,0.0,0.0,1.0,2.0,0.0,0.25,0.0,0.25,-21.0,0.174,-33.0,0.0,0.0,0.0,1.0,0.0,0.0,1,
Sean Newcomb*,24.0,ATL,NL,-0.3,19.0,35.0,27.0,1.0,1.0,0.0,0.0,0.0,0.0,0.0,0.0,2.0,17.0,0.037,0.103,0.037,0.14,-61.0,0.076,-127.0,1.0,1.0,0.0,6.0,0.0,0.0,1,
Sean Rodríguez,32.0,2TM,NL,-0.3,54.0,153.0,132.0,18.0,22.0,2.0,0.0,5.0,8.0,1.0,0.0,16.0,57.0,0.167,0.276,0.295,0.572,52.0,0.261,46.0,39.0,3.0,4.0,1.0,0.0,1.0,549H/7683,
Sean Rodríguez,32.0,ATL,NL,-0.2,15.0,47.0,37.0,6.0,6.0,1.0,0.0,2.0,3.0,1.0,0.0,8.0,19.0,0.162,0.326,0.351,0.677,78.0,0.305,73.0,13.0,1.0,1.0,1.0,0.0,1.0,/5H479,
Sean Rodríguez,32.0,PIT,NL,-0.1,39.0,106.0,95.0,12.0,16.0,1.0,0.0,3.0,5.0,0.0,0.0,8.0,38.0,0.168,0.255,0.274,0.528,41.0,0.242,35.0,26.0,2.0,3.0,0.0,0.0,0.0,/5946H783,
Sergio Romo,34.0,2TM,2LG,0.0,32.0,0.0,0.0,0.0,0.0,0.0,0.0,0.0,0.0,0.0,0.0,0.0,0.0,,,,,,,,0.0,0.0,0.0,0.0,0.0,0.0,1,
Sergio Romo,34.0,LAD,NL,0.0,30.0,0.0,0.0,0.0,0.0,0.0,0.0,0.0,0.0,0.0,0.0,0.0,0.0,,,,,,,,0.0,0.0,0.0,0.0,0.0,0.0,1,
Sergio Romo,34.0,TBR,AL,0.0,2.0,0.0,0.0,0.0,0.0,0.0,0.0,0.0,0.0,0.0,0.0,0.0,0.0,,,,,,,,0.0,0.0,0.0,0.0,0.0,0.0,1,
Seth Frankoff,28.0,CHC,NL,0.0,1.0,0.0,0.0,0.0,0.0,0.0,0.0,0.0,0.0,0.0,0.0,0.0,0.0,,,,,,,,0.0,0.0,0.0,0.0,0.0,0.0,/1,
Seth Lugo,27.0,NYM,NL,0.1,18.0,34.0,29.0,4.0,4.0,2.0,0.0,1.0,2.0,0.0,0.0,0.0,10.0,0.138,0.138,0.31,0.448,15.0,0.184,-21.0,9.0,1.0,0.0,5.0,0.0,0.0,1/H,
Seth Smith*,34.0,BAL,AL,0.5,111.0,373.0,330.0,50.0,85.0,19.0,0.0,13.0,32.0,2.0,0.0,36.0,79.0,0.258,0.34,0.433,0.774,108.0,0.338,108.0,143.0,7.0,6.0,0.0,1.0,3.0,9H7/D,
Seunghwan Oh,34.0,STL,NL,0.0,60.0,0.0,0.0,0.0,0.0,0.0,0.0,0.0,0.0,0.0,0.0,0.0,0.0,,,,,,,,0.0,0.0,0.0,0.0,0.0,0.0,1,
Shane Carle,25.0,COL,NL,0.0,3.0,0.0,0.0,0.0,0.0,0.0,0.0,0.0,0.0,0.0,0.0,0.0,0.0,,,,,,,,0.0,0.0,0.0,0.0,0.0,0.0,/1,
Shane Greene,28.0,DET,AL,0.0,7.0,0.0,0.0,0.0,0.0,0.0,0.0,0.0,0.0,0.0,0.0,0.0,0.0,,,,,,,,0.0,0.0,0.0,0.0,0.0,0.0,1,
Shane Peterson*,29.0,TBR,AL,0.3,30.0,88.0,79.0,9.0,20.0,5.0,0.0,2.0,11.0,2.0,0.0,5.0,21.0,0.253,0.31,0.392,0.703,90.0,0.307,83.0,31.0,2.0,2.0,0.0,1.0,0.0,7/H9D,
Shane Robinson,32.0,LAA,AL,0.1,20.0,35.0,31.0,7.0,6.0,0.0,0.0,0.0,1.0,2.0,0.0,3.0,5.0,0.194,0.257,0.194,0.451,26.0,0.249,35.0,6.0,1.0,0.0,0.0,1.0,0.0,/9H87D,
Shawn Armstrong,26.0,CLE,AL,0.0,3.0,0.0,0.0,0.0,0.0,0.0,0.0,0.0,0.0,0.0,0.0,0.0,0.0,,,,,,,,0.0,0.0,0.0,0.0,0.0,0.0,1,
Shawn Kelley,33.0,WSN,NL,0.0,31.0,0.0,0.0,0.0,0.0,0.0,0.0,0.0,0.0,0.0,0.0,0.0,0.0,,,,,,,,0.0,0.0,0.0,0.0,0.0,0.0,1,
Shelby Miller,26.0,ARI,NL,0.1,4.0,9.0,6.0,2.0,0.0,0.0,0.0,0.0,0.0,0.0,0.0,2.0,3.0,0.0,0.333,0.0,0.333,-3.0,0.236,20.0,0.0,0.0,1.0,0.0,0.0,0.0,/1,
Shin-Soo Choo*,34.0,TEX,AL,0.8,149.0,636.0,544.0,96.0,142.0,20.0,1.0,22.0,78.0,12.0,3.0,77.0,134.0,0.261,0.357,0.423,0.78,100.0,0.349,103.0,230.0,18.0,7.0,3.0,5.0,1.0,9D/H,
Silvino Bracho,24.0,ARI,NL,0.0,17.0,0.0,0.0,0.0,0.0,0.0,0.0,0.0,0.0,0.0,0.0,0.0,0.0,,,,,,,,0.0,0.0,0.0,0.0,0.0,0.0,1,
Simon Castro,29.0,OAK,AL,0.0,3.0,0.0,0.0,0.0,0.0,0.0,0.0,0.0,0.0,0.0,0.0,0.0,0.0,,,,,,,,0.0,0.0,0.0,0.0,0.0,0.0,1,
Starlin Castro,27.0,NYY,AL,2.1,112.0,473.0,443.0,66.0,133.0,18.0,1.0,16.0,63.0,2.0,0.0,23.0,93.0,0.3,0.338,0.454,0.792,106.0,0.349,109.0,201.0,9.0,4.0,0.0,3.0,1.0,*4/DH,AS
Starling Marte,28.0,PIT,NL,1.3,77.0,339.0,309.0,48.0,85.0,7.0,2.0,7.0,31.0,21.0,4.0,20.0,63.0,0.275,0.333,0.379,0.712,89.0,0.324,88.0,117.0,5.0,8.0,0.0,2.0,0.0,78/H,
Stephen Cardullo,29.0,COL,NL,0.0,15.0,32.0,28.0,2.0,4.0,0.0,0.0,0.0,3.0,0.0,0.0,3.0,7.0,0.143,0.25,0.143,0.393,1.0,0.253,26.0,4.0,0.0,1.0,0.0,0.0,0.0,/H79,
Stephen Drew*,34.0,WSN,NL,-0.1,46.0,106.0,95.0,9.0,24.0,7.0,0.0,1.0,17.0,0.0,0.0,8.0,21.0,0.253,0.302,0.358,0.66,70.0,0.296,67.0,34.0,2.0,0.0,0.0,3.0,0.0,H65/4,
Stephen Piscotty,26.0,STL,NL,0.5,107.0,401.0,341.0,40.0,80.0,16.0,1.0,9.0,39.0,3.0,6.0,52.0,87.0,0.235,0.342,0.367,0.708,88.0,0.312,89.0,125.0,11.0,5.0,0.0,3.0,2.0,9H,
Stephen Strasburg,28.0,WSN,NL,0.2,26.0,60.0,54.0,5.0,7.0,0.0,0.0,2.0,3.0,0.0,0.0,2.0,14.0,0.13,0.161,0.241,0.401,2.0,0.192,-16.0,13.0,0.0,0.0,4.0,0.0,0.0,1,"AS,CYA-3"
Stephen Vogt*,32.0,2TM,2LG,-0.4,99.0,303.0,279.0,25.0,65.0,15.0,1.0,12.0,40.0,0.0,1.0,21.0,56.0,0.233,0.285,0.423,0.708,86.0,0.307,85.0,118.0,2.0,0.0,1.0,2.0,1.0,2H/D7,
Stephen Vogt*,32.0,OAK,AL,-0.6,54.0,174.0,157.0,12.0,34.0,8.0,1.0,4.0,20.0,0.0,1.0,16.0,31.0,0.217,0.287,0.357,0.644,75.0,0.279,71.0,56.0,1.0,0.0,0.0,1.0,1.0,2/DH7,
Stephen Vogt*,32.0,MIL,NL,0.2,45.0,129.0,122.0,13.0,31.0,7.0,0.0,8.0,20.0,0.0,0.0,5.0,25.0,0.254,0.281,0.508,0.789,100.0,0.344,104.0,62.0,1.0,0.0,1.0,1.0,0.0,2H,
Steve Cishek,31.0,TBR,AL,0.0,2.0,0.0,0.0,0.0,0.0,0.0,0.0,0.0,0.0,0.0,0.0,0.0,0.0,,,,,,,,0.0,0.0,0.0,0.0,0.0,0.0,1,
Steve Lombardozzi#,28.0,MIA,NL,-0.2,2.0,8.0,8.0,0.0,0.0,0.0,0.0,0.0,0.0,0.0,0.0,0.0,2.0,0.0,0.0,0.0,0.0,-100.0,0.0,-132.0,0.0,0.0,0.0,0.0,0.0,0.0,/4,
Steve Pearce,34.0,TOR,AL,0.4,92.0,348.0,313.0,38.0,79.0,17.0,1.0,13.0,37.0,0.0,0.0,27.0,68.0,0.252,0.319,0.438,0.757,99.0,0.332,100.0,137.0,11.0,5.0,0.0,3.0,1.0,73/HD,
Steve Selsky,27.0,BOS,AL,-0.2,8.0,9.0,9.0,0.0,1.0,1.0,0.0,0.0,0.0,0.0,0.0,0.0,5.0,0.111,0.111,0.222,0.333,-16.0,0.136,-44.0,2.0,0.0,0.0,0.0,0.0,0.0,/H5D8,
Steven Brault*,25.0,PIT,NL,0.1,12.0,13.0,13.0,2.0,3.0,1.0,0.0,0.0,2.0,0.0,0.0,0.0,0.0,0.231,0.231,0.308,0.538,41.0,0.233,29.0,4.0,0.0,0.0,0.0,0.0,0.0,1/H,
Steven Matz,26.0,NYM,NL,-0.1,17.0,24.0,21.0,1.0,3.0,0.0,0.0,0.0,1.0,0.0,0.0,0.0,7.0,0.143,0.143,0.143,0.286,-23.0,0.123,-68.0,3.0,0.0,0.0,3.0,0.0,0.0,1/H,
Steven Okert*,25.0,SFG,NL,0.0,41.0,1.0,1.0,0.0,0.0,0.0,0.0,0.0,0.0,0.0,0.0,0.0,1.0,0.0,0.0,0.0,0.0,-100.0,0.0,-133.0,0.0,0.0,0.0,0.0,0.0,0.0,1,
Steven Souza Jr.,28.0,TBR,AL,3.9,148.0,617.0,523.0,78.0,125.0,21.0,2.0,30.0,78.0,16.0,4.0,84.0,179.0,0.239,0.351,0.459,0.81,119.0,0.356,121.0,240.0,9.0,7.0,2.0,1.0,2.0,*9/D8H,
Stuart Turner,25.0,CIN,NL,-1.2,37.0,89.0,82.0,4.0,11.0,3.0,0.0,2.0,7.0,0.0,0.0,5.0,22.0,0.134,0.182,0.244,0.426,10.0,0.187,-10.0,20.0,5.0,0.0,1.0,1.0,0.0,2H,
T.J. McFarland*,28.0,ARI,NL,0.0,41.0,5.0,5.0,0.0,1.0,0.0,0.0,0.0,0.0,0.0,0.0,0.0,3.0,0.2,0.2,0.2,0.4,2.0,0.16,-34.0,1.0,0.0,0.0,0.0,0.0,0.0,1,
T.J. Rivera,28.0,NYM,NL,0.8,73.0,231.0,214.0,27.0,62.0,13.0,1.0,5.0,27.0,1.0,0.0,9.0,32.0,0.29,0.33,0.43,0.76,103.0,0.345,112.0,92.0,4.0,5.0,1.0,2.0,0.0,53H4/7,
Taijuan Walker#,24.0,ARI,NL,0.4,25.0,54.0,52.0,6.0,12.0,1.0,0.0,1.0,5.0,0.0,0.0,1.0,19.0,0.231,0.245,0.308,0.553,39.0,0.256,34.0,16.0,1.0,0.0,1.0,0.0,0.0,1,
Tanner Roark,30.0,WSN,NL,-0.2,30.0,63.0,55.0,1.0,5.0,1.0,0.0,0.0,0.0,0.0,0.0,1.0,22.0,0.091,0.107,0.109,0.216,-44.0,0.131,-71.0,6.0,1.0,0.0,7.0,0.0,0.0,1,
Taylor Davis,27.0,CHC,NL,-0.1,8.0,13.0,13.0,1.0,3.0,1.0,0.0,0.0,1.0,0.0,0.0,0.0,4.0,0.231,0.231,0.308,0.538,38.0,0.218,12.0,4.0,0.0,0.0,0.0,0.0,0.0,/H352,
Taylor Featherston,27.0,TBR,AL,-0.2,17.0,47.0,39.0,6.0,7.0,1.0,0.0,2.0,6.0,1.0,0.0,5.0,15.0,0.179,0.277,0.359,0.636,72.0,0.297,77.0,14.0,1.0,1.0,0.0,2.0,0.0,4/6H35,
Taylor Jungmann,27.0,MIL,NL,0.0,1.0,0.0,0.0,0.0,0.0,0.0,0.0,0.0,0.0,0.0,0.0,0.0,0.0,,,,,,,,0.0,0.0,0.0,0.0,0.0,0.0,/1,
Taylor Motter,27.0,SEA,AL,-0.8,92.0,280.0,258.0,29.0,51.0,12.0,0.0,7.0,26.0,12.0,1.0,21.0,62.0,0.198,0.257,0.326,0.583,58.0,0.269,56.0,84.0,9.0,0.0,0.0,1.0,0.0,6437H/59D,
Taylor Rogers*,26.0,MIN,AL,0.0,3.0,0.0,0.0,0.0,0.0,0.0,0.0,0.0,0.0,0.0,0.0,0.0,0.0,,,,,,,,0.0,0.0,0.0,0.0,0.0,0.0,1,
Taylor Williams#,25.0,MIL,NL,0.0,5.0,0.0,0.0,0.0,0.0,0.0,0.0,0.0,0.0,0.0,0.0,0.0,0.0,,,,,,,,0.0,0.0,0.0,0.0,0.0,0.0,/1,
Teoscar Hernández,24.0,2TM,AL,0.7,27.0,95.0,88.0,16.0,23.0,6.0,0.0,8.0,20.0,0.0,1.0,6.0,36.0,0.261,0.305,0.602,0.908,133.0,0.374,134.0,53.0,0.0,0.0,0.0,1.0,0.0,7/89H,
Teoscar Hernández,24.0,HOU,AL,0.0,1.0,0.0,0.0,0.0,0.0,0.0,0.0,0.0,0.0,0.0,0.0,0.0,0.0,,,,,,,,0.0,0.0,0.0,0.0,0.0,0.0,/9,
Teoscar Hernández,24.0,TOR,AL,0.7,26.0,95.0,88.0,16.0,23.0,6.0,0.0,8.0,20.0,0.0,1.0,6.0,36.0,0.261,0.305,0.602,0.908,133.0,0.374,134.0,53.0,0.0,0.0,0.0,1.0,0.0,7/89H,
Terrance Gore,26.0,KCR,AL,-0.3,12.0,5.0,4.0,2.0,0.0,0.0,0.0,0.0,0.0,2.0,2.0,1.0,2.0,0.0,0.2,0.0,0.2,-39.0,0.034,-35.0,0.0,0.0,0.0,0.0,0.0,0.0,H/D7,
Tim Adleman,29.0,CIN,NL,-0.1,27.0,32.0,29.0,0.0,3.0,1.0,0.0,0.0,2.0,0.0,0.0,0.0,10.0,0.103,0.103,0.138,0.241,-38.0,0.104,-85.0,4.0,0.0,0.0,3.0,0.0,0.0,1,
Tim Anderson,24.0,CHW,AL,-0.3,146.0,606.0,587.0,72.0,151.0,26.0,4.0,17.0,56.0,15.0,1.0,13.0,162.0,0.257,0.276,0.402,0.679,81.0,0.305,82.0,236.0,13.0,3.0,2.0,1.0,0.0,*6/H,
Tim Beckham,27.0,2TM,AL,2.7,137.0,575.0,533.0,67.0,148.0,18.0,5.0,22.0,62.0,6.0,5.0,36.0,167.0,0.278,0.328,0.454,0.782,110.0,0.337,110.0,242.0,10.0,4.0,1.0,1.0,0.0,*64/5DH,
Tim Beckham,27.0,TBR,AL,0.6,87.0,345.0,317.0,31.0,82.0,5.0,3.0,12.0,36.0,5.0,4.0,24.0,110.0,0.259,0.314,0.407,0.721,95.0,0.315,95.0,129.0,8.0,2.0,1.0,1.0,0.0,64/5H,
Tim Beckham,27.0,BAL,AL,2.1,50.0,230.0,216.0,36.0,66.0,13.0,2.0,10.0,26.0,1.0,1.0,12.0,57.0,0.306,0.348,0.523,0.871,132.0,0.371,133.0,113.0,2.0,2.0,0.0,0.0,0.0,6/D,
Tim Federowicz,29.0,SFG,NL,0.1,13.0,14.0,13.0,3.0,3.0,0.0,0.0,2.0,3.0,0.0,0.0,1.0,4.0,0.231,0.286,0.692,0.978,146.0,0.396,145.0,9.0,1.0,0.0,0.0,0.0,0.0,/H23,
Tim Locastro,24.0,LAD,NL,0.0,3.0,1.0,1.0,0.0,0.0,0.0,0.0,0.0,0.0,1.0,0.0,0.0,0.0,0.0,0.0,0.0,0.0,-100.0,0.238,-133.0,0.0,0.0,0.0,0.0,0.0,0.0,/H7,
Tim Mayza*,25.0,TOR,AL,0.0,1.0,0.0,0.0,0.0,0.0,0.0,0.0,0.0,0.0,0.0,0.0,0.0,0.0,,,,,,,,0.0,0.0,0.0,0.0,0.0,0.0,1,
Tim Melville,27.0,SDP,NL,0.0,2.0,0.0,0.0,0.0,0.0,0.0,0.0,0.0,0.0,0.0,0.0,0.0,0.0,,,,,,,,0.0,0.0,0.0,0.0,0.0,0.0,/1,
Todd Frazier,31.0,2TM,AL,3.0,147.0,576.0,474.0,74.0,101.0,19.0,1.0,27.0,76.0,4.0,3.0,83.0,125.0,0.213,0.344,0.428,0.772,106.0,0.34,108.0,203.0,10.0,14.0,0.0,5.0,2.0,*5D/3H,
Todd Frazier,31.0,CHW,AL,1.8,81.0,335.0,280.0,41.0,58.0,15.0,0.0,16.0,44.0,4.0,3.0,48.0,71.0,0.207,0.328,0.432,0.761,104.0,0.336,108.0,121.0,4.0,4.0,0.0,3.0,1.0,5D/3H,
Todd Frazier,31.0,NYY,AL,1.2,66.0,241.0,194.0,33.0,43.0,4.0,1.0,11.0,32.0,0.0,0.0,35.0,54.0,0.222,0.365,0.423,0.788,107.0,0.345,107.0,82.0,6.0,10.0,0.0,2.0,1.0,5/H,
Tom Koehler,31.0,MIA,NL,-0.2,11.0,21.0,21.0,0.0,1.0,0.0,0.0,0.0,0.0,0.0,0.0,0.0,15.0,0.048,0.048,0.048,0.095,-74.0,0.043,-100.0,1.0,0.0,0.0,0.0,0.0,0.0,1,
Tom Murphy,26.0,COL,NL,-0.5,12.0,26.0,24.0,1.0,1.0,1.0,0.0,0.0,1.0,0.0,0.0,2.0,9.0,0.042,0.115,0.083,0.199,-50.0,0.113,-82.0,2.0,0.0,0.0,0.0,0.0,1.0,/2H,
Tom Wilhelmsen,33.0,ARI,NL,0.0,27.0,1.0,1.0,0.0,0.0,0.0,0.0,0.0,0.0,0.0,0.0,0.0,1.0,0.0,0.0,0.0,0.0,-100.0,0.0,-142.0,0.0,0.0,0.0,0.0,0.0,0.0,1,
Tommy Hunter,30.0,TBR,AL,0.0,5.0,0.0,0.0,0.0,0.0,0.0,0.0,0.0,0.0,0.0,0.0,0.0,0.0,,,,,,,,0.0,0.0,0.0,0.0,0.0,0.0,1,
Tommy Joseph,25.0,PHI,NL,-0.9,142.0,533.0,495.0,51.0,119.0,27.0,1.0,22.0,69.0,1.0,0.0,33.0,129.0,0.24,0.289,0.432,0.721,87.0,0.316,87.0,214.0,21.0,2.0,0.0,3.0,1.0,*3H/D,
Tommy Kahnle,27.0,2TM,AL,0.0,5.0,0.0,0.0,0.0,0.0,0.0,0.0,0.0,0.0,0.0,0.0,0.0,0.0,,,,,,,,0.0,0.0,0.0,0.0,0.0,0.0,1,
Tommy Kahnle,27.0,CHW,AL,0.0,3.0,0.0,0.0,0.0,0.0,0.0,0.0,0.0,0.0,0.0,0.0,0.0,0.0,,,,,,,,0.0,0.0,0.0,0.0,0.0,0.0,1,
Tommy Kahnle,27.0,NYY,AL,0.0,2.0,0.0,0.0,0.0,0.0,0.0,0.0,0.0,0.0,0.0,0.0,0.0,0.0,,,,,,,,0.0,0.0,0.0,0.0,0.0,0.0,1,
Tommy La Stella*,28.0,CHC,NL,0.2,73.0,151.0,125.0,18.0,36.0,8.0,0.0,5.0,22.0,0.0,0.0,20.0,18.0,0.288,0.389,0.472,0.861,122.0,0.377,127.0,59.0,3.0,2.0,0.0,2.0,1.0,H45/3,
Tommy Layne*,32.0,NYY,AL,0.0,3.0,0.0,0.0,0.0,0.0,0.0,0.0,0.0,0.0,0.0,0.0,0.0,0.0,,,,,,,,0.0,0.0,0.0,0.0,0.0,0.0,1,
Tommy Milone*,30.0,2TM,NL,0.1,16.0,12.0,9.0,0.0,1.0,0.0,0.0,0.0,1.0,0.0,0.0,2.0,5.0,0.111,0.273,0.111,0.384,8.0,0.208,7.0,1.0,0.0,0.0,1.0,0.0,0.0,1,
Tommy Milone*,30.0,MIL,NL,0.0,6.0,5.0,4.0,0.0,0.0,0.0,0.0,0.0,0.0,0.0,0.0,1.0,1.0,0.0,0.2,0.0,0.2,-40.0,0.14,-42.0,0.0,0.0,0.0,0.0,0.0,0.0,/1,
Tommy Milone*,30.0,NYM,NL,0.1,10.0,7.0,5.0,0.0,1.0,0.0,0.0,0.0,1.0,0.0,0.0,1.0,4.0,0.2,0.333,0.2,0.533,49.0,0.266,48.0,1.0,0.0,0.0,1.0,0.0,0.0,1,
Tommy Pham,29.0,STL,NL,6.3,128.0,530.0,444.0,95.0,136.0,22.0,2.0,23.0,73.0,25.0,7.0,71.0,117.0,0.306,0.411,0.52,0.931,144.0,0.417,157.0,231.0,18.0,10.0,2.0,3.0,0.0,*78H/9,MVP-11
Tomás Nido,23.0,NYM,NL,0.0,5.0,10.0,10.0,0.0,3.0,1.0,0.0,0.0,3.0,0.0,0.0,0.0,2.0,0.3,0.3,0.4,0.7,86.0,0.302,82.0,4.0,0.0,0.0,0.0,0.0,0.0,/2H,
Tomás Telis#,26.0,MIA,NL,-0.1,48.0,111.0,104.0,13.0,25.0,5.0,3.0,0.0,9.0,0.0,0.0,3.0,10.0,0.24,0.279,0.346,0.625,70.0,0.289,77.0,36.0,1.0,3.0,0.0,1.0,0.0,3H/2,
Tony Barnette,33.0,TEX,AL,0.0,3.0,0.0,0.0,0.0,0.0,0.0,0.0,0.0,0.0,0.0,0.0,0.0,0.0,,,,,,,,0.0,0.0,0.0,0.0,0.0,0.0,1,
Tony Cingrani*,27.0,2TM,NL,0.0,43.0,0.0,0.0,0.0,0.0,0.0,0.0,0.0,0.0,0.0,0.0,0.0,0.0,,,,,,,,0.0,0.0,0.0,0.0,0.0,0.0,1,
Tony Cingrani*,27.0,CIN,NL,0.0,22.0,0.0,0.0,0.0,0.0,0.0,0.0,0.0,0.0,0.0,0.0,0.0,0.0,,,,,,,,0.0,0.0,0.0,0.0,0.0,0.0,1,
Tony Cingrani*,27.0,LAD,NL,0.0,21.0,0.0,0.0,0.0,0.0,0.0,0.0,0.0,0.0,0.0,0.0,0.0,0.0,,,,,,,,0.0,0.0,0.0,0.0,0.0,0.0,1,
Tony Kemp*,25.0,HOU,AL,0.0,17.0,39.0,37.0,6.0,8.0,1.0,0.0,0.0,4.0,1.0,0.0,1.0,5.0,0.216,0.256,0.243,0.5,39.0,0.234,33.0,9.0,0.0,1.0,0.0,0.0,0.0,7/H8D,
Tony Sanchez,29.0,ATL,NL,0.0,1.0,1.0,1.0,0.0,0.0,0.0,0.0,0.0,0.0,0.0,0.0,0.0,1.0,0.0,0.0,0.0,0.0,-100.0,0.0,-142.0,0.0,0.0,0.0,0.0,0.0,0.0,/H,
Tony Sipp*,33.0,HOU,AL,0.0,5.0,1.0,1.0,0.0,0.0,0.0,0.0,0.0,0.0,0.0,0.0,0.0,0.0,0.0,0.0,0.0,0.0,-100.0,0.0,-133.0,0.0,0.0,0.0,0.0,0.0,0.0,1,
Tony Watson*,32.0,2TM,NL,0.0,68.0,1.0,1.0,0.0,0.0,0.0,0.0,0.0,0.0,0.0,0.0,0.0,1.0,0.0,0.0,0.0,0.0,-100.0,0.0,-133.0,0.0,0.0,0.0,0.0,0.0,0.0,1,
Tony Watson*,32.0,PIT,NL,0.0,44.0,1.0,1.0,0.0,0.0,0.0,0.0,0.0,0.0,0.0,0.0,0.0,1.0,0.0,0.0,0.0,0.0,-100.0,0.0,-133.0,0.0,0.0,0.0,0.0,0.0,0.0,1,
Tony Watson*,32.0,LAD,NL,0.0,24.0,0.0,0.0,0.0,0.0,0.0,0.0,0.0,0.0,0.0,0.0,0.0,0.0,,,,,,,,0.0,0.0,0.0,0.0,0.0,0.0,1,
Tony Wolters*,25.0,COL,NL,-0.4,83.0,266.0,229.0,30.0,55.0,8.0,1.0,0.0,16.0,0.0,1.0,33.0,55.0,0.24,0.341,0.284,0.625,57.0,0.28,44.0,65.0,9.0,2.0,2.0,0.0,9.0,2H/45,
Tony Zych,26.0,SEA,AL,0.0,4.0,0.0,0.0,0.0,0.0,0.0,0.0,0.0,0.0,0.0,0.0,0.0,0.0,,,,,,,,0.0,0.0,0.0,0.0,0.0,0.0,1,
Travis d'Arnaud,28.0,NYM,NL,1.4,112.0,376.0,348.0,39.0,85.0,19.0,1.0,16.0,57.0,0.0,0.0,23.0,59.0,0.244,0.293,0.443,0.735,94.0,0.322,96.0,154.0,12.0,2.0,0.0,3.0,3.0,2H/45D,
Travis Jankowski*,26.0,SDP,NL,-0.2,27.0,87.0,75.0,10.0,14.0,2.0,0.0,0.0,1.0,4.0,0.0,9.0,28.0,0.187,0.282,0.213,0.496,36.0,0.248,32.0,16.0,2.0,1.0,2.0,0.0,0.0,7/89H,
Travis Shaw*,27.0,MIL,NL,3.7,144.0,606.0,538.0,84.0,147.0,34.0,1.0,31.0,101.0,10.0,0.0,60.0,138.0,0.273,0.349,0.513,0.862,121.0,0.37,120.0,276.0,20.0,4.0,1.0,3.0,6.0,*5/3DH,
Travis Taijeron,28.0,NYM,NL,-0.6,26.0,59.0,52.0,3.0,9.0,2.0,0.0,1.0,3.0,0.0,0.0,5.0,24.0,0.173,0.271,0.269,0.54,47.0,0.249,43.0,14.0,1.0,2.0,0.0,0.0,0.0,9H,
Travis Wood,30.0,2TM,2LG,0.3,14.0,18.0,18.0,3.0,4.0,0.0,0.0,2.0,6.0,0.0,0.0,0.0,7.0,0.222,0.222,0.556,0.778,98.0,0.369,129.0,10.0,1.0,0.0,0.0,0.0,0.0,1/H,
Travis Wood,30.0,KCR,AL,0.0,3.0,1.0,1.0,0.0,0.0,0.0,0.0,0.0,0.0,0.0,0.0,0.0,0.0,0.0,0.0,0.0,0.0,-100.0,0.0,-133.0,0.0,1.0,0.0,0.0,0.0,0.0,1,
Travis Wood,30.0,SDP,NL,0.3,11.0,17.0,17.0,3.0,4.0,0.0,0.0,2.0,6.0,0.0,0.0,0.0,7.0,0.235,0.235,0.588,0.824,110.0,0.391,144.0,10.0,0.0,0.0,0.0,0.0,0.0,1/H,
Trayce Thompson,26.0,LAD,NL,-0.3,27.0,55.0,49.0,6.0,6.0,2.0,1.0,1.0,2.0,0.0,0.0,6.0,23.0,0.122,0.218,0.265,0.483,28.0,0.209,11.0,13.0,0.0,0.0,0.0,0.0,1.0,/8H97,
Trea Turner,24.0,WSN,NL,2.9,98.0,447.0,412.0,75.0,117.0,24.0,6.0,11.0,45.0,46.0,8.0,30.0,80.0,0.284,0.338,0.451,0.789,101.0,0.372,111.0,186.0,4.0,4.0,0.0,1.0,0.0,6/H,
Trevor Bauer,26.0,CLE,AL,0.0,2.0,3.0,3.0,0.0,0.0,0.0,0.0,0.0,0.0,0.0,0.0,0.0,1.0,0.0,0.0,0.0,0.0,-100.0,0.0,-142.0,0.0,0.0,0.0,0.0,0.0,0.0,1,
Trevor Cahill,29.0,2TM,2LG,0.2,10.0,18.0,14.0,1.0,4.0,1.0,0.0,0.0,2.0,0.0,0.0,1.0,4.0,0.286,0.333,0.357,0.69,86.0,0.308,85.0,5.0,0.0,0.0,3.0,0.0,0.0,1,
Trevor Cahill,29.0,SDP,NL,0.3,9.0,17.0,13.0,1.0,4.0,1.0,0.0,0.0,2.0,0.0,0.0,1.0,3.0,0.308,0.357,0.385,0.742,99.0,0.33,101.0,5.0,0.0,0.0,3.0,0.0,0.0,1,
Trevor Cahill,29.0,KCR,AL,0.0,1.0,1.0,1.0,0.0,0.0,0.0,0.0,0.0,0.0,0.0,0.0,0.0,1.0,0.0,0.0,0.0,0.0,-100.0,0.0,-133.0,0.0,0.0,0.0,0.0,0.0,0.0,1,
Trevor Gott,24.0,WSN,NL,0.0,4.0,0.0,0.0,0.0,0.0,0.0,0.0,0.0,0.0,0.0,0.0,0.0,0.0,,,,,,,,0.0,0.0,0.0,0.0,0.0,0.0,/1,
Trevor Hildenberger,26.0,MIN,AL,0.0,1.0,0.0,0.0,0.0,0.0,0.0,0.0,0.0,0.0,0.0,0.0,0.0,0.0,,,,,,,,0.0,0.0,0.0,0.0,0.0,0.0,1,
Trevor Plouffe,31.0,2TM,AL,-0.8,100.0,313.0,283.0,31.0,56.0,7.0,0.0,9.0,19.0,1.0,2.0,28.0,88.0,0.198,0.272,0.318,0.59,61.0,0.267,61.0,90.0,12.0,1.0,0.0,1.0,2.0,5DH3/4,
Trevor Plouffe,31.0,OAK,AL,0.1,58.0,199.0,182.0,22.0,39.0,5.0,0.0,7.0,14.0,1.0,1.0,16.0,58.0,0.214,0.276,0.357,0.634,72.0,0.281,71.0,65.0,10.0,0.0,0.0,1.0,1.0,5/DH,
Trevor Plouffe,31.0,TBR,AL,-0.8,42.0,114.0,101.0,9.0,17.0,2.0,0.0,2.0,5.0,0.0,1.0,12.0,30.0,0.168,0.263,0.248,0.511,41.0,0.244,45.0,25.0,2.0,1.0,0.0,0.0,1.0,5H3D/4,
Trevor Rosenthal,27.0,STL,NL,0.0,48.0,0.0,0.0,0.0,0.0,0.0,0.0,0.0,0.0,0.0,0.0,0.0,0.0,,,,,,,,0.0,0.0,0.0,0.0,0.0,0.0,1,
Trevor Story,24.0,COL,NL,2.8,145.0,555.0,503.0,68.0,120.0,32.0,3.0,24.0,82.0,7.0,2.0,49.0,191.0,0.239,0.308,0.457,0.765,84.0,0.336,85.0,230.0,12.0,2.0,0.0,1.0,4.0,*6/H,
Trevor Williams,25.0,PIT,NL,-0.2,30.0,47.0,41.0,1.0,2.0,0.0,0.0,0.0,0.0,0.0,0.0,2.0,17.0,0.049,0.093,0.049,0.142,-60.0,0.093,-88.0,2.0,1.0,0.0,4.0,0.0,0.0,1,
Trey Mancini,25.0,BAL,AL,2.6,147.0,586.0,543.0,65.0,159.0,26.0,4.0,24.0,78.0,1.0,0.0,33.0,139.0,0.293,0.338,0.488,0.826,120.0,0.354,120.0,265.0,12.0,6.0,0.0,4.0,1.0,73D/H9,ROY-3
Troy Tulowitzki,32.0,TOR,AL,0.9,66.0,260.0,241.0,16.0,60.0,10.0,0.0,7.0,26.0,0.0,1.0,17.0,40.0,0.249,0.3,0.378,0.678,80.0,0.296,76.0,91.0,10.0,1.0,0.0,1.0,1.0,6/H,
Tucker Barnhart*,26.0,CIN,NL,3.6,121.0,423.0,370.0,26.0,100.0,24.0,2.0,7.0,44.0,4.0,0.0,42.0,68.0,0.27,0.347,0.403,0.75,95.0,0.326,89.0,149.0,12.0,3.0,5.0,3.0,11.0,*2H,GG
Tuffy Gosewisch,33.0,SEA,AL,-0.6,11.0,31.0,28.0,1.0,2.0,0.0,0.0,0.0,0.0,0.0,0.0,1.0,14.0,0.071,0.103,0.071,0.175,-50.0,0.116,-59.0,2.0,2.0,0.0,2.0,0.0,0.0,2/3,
Ty Blach,26.0,SFG,NL,0.4,36.0,53.0,44.0,5.0,10.0,2.0,0.0,1.0,7.0,0.0,0.0,4.0,21.0,0.227,0.286,0.341,0.627,65.0,0.274,54.0,15.0,1.0,0.0,4.0,1.0,0.0,1/H,
Ty Kelly#,28.0,2TM,NL,0.1,70.0,105.0,89.0,11.0,17.0,7.0,0.0,2.0,14.0,0.0,0.0,8.0,25.0,0.191,0.257,0.337,0.595,56.0,0.285,64.0,30.0,0.0,1.0,4.0,3.0,0.0,H4/7598,
Ty Kelly#,28.0,NYM,NL,0.0,1.0,1.0,1.0,0.0,0.0,0.0,0.0,0.0,0.0,0.0,0.0,0.0,1.0,0.0,0.0,0.0,0.0,-100.0,0.0,-133.0,0.0,0.0,0.0,0.0,0.0,0.0,/H,
Ty Kelly#,28.0,PHI,NL,0.2,69.0,104.0,88.0,11.0,17.0,7.0,0.0,2.0,14.0,0.0,0.0,8.0,24.0,0.193,0.26,0.341,0.601,57.0,0.288,66.0,30.0,0.0,1.0,4.0,3.0,0.0,H4/7598,
Tyler Anderson*,27.0,COL,NL,-0.3,17.0,33.0,26.0,1.0,1.0,0.0,0.0,0.0,0.0,0.0,0.0,1.0,17.0,0.038,0.074,0.038,0.113,-71.0,0.059,-161.0,1.0,1.0,0.0,6.0,0.0,0.0,1,
Tyler Austin,25.0,NYY,AL,-0.3,20.0,46.0,40.0,4.0,9.0,2.0,0.0,2.0,8.0,0.0,0.0,4.0,17.0,0.225,0.283,0.425,0.708,83.0,0.316,86.0,17.0,1.0,0.0,0.0,2.0,0.0,/39DH,
Tyler Chatwood,27.0,COL,NL,-0.1,33.0,47.0,39.0,5.0,6.0,1.0,0.0,0.0,2.0,0.0,0.0,1.0,9.0,0.154,0.175,0.179,0.354,-12.0,0.16,-66.0,7.0,0.0,0.0,7.0,0.0,0.0,1/H,
Tyler Clippard,32.0,3TM,AL,0.0,7.0,0.0,0.0,0.0,0.0,0.0,0.0,0.0,0.0,0.0,0.0,0.0,0.0,,,,,,,,0.0,0.0,0.0,0.0,0.0,0.0,1,
Tyler Clippard,32.0,NYY,AL,0.0,5.0,0.0,0.0,0.0,0.0,0.0,0.0,0.0,0.0,0.0,0.0,0.0,0.0,,,,,,,,0.0,0.0,0.0,0.0,0.0,0.0,1,
Tyler Clippard,32.0,CHW,AL,0.0,1.0,0.0,0.0,0.0,0.0,0.0,0.0,0.0,0.0,0.0,0.0,0.0,0.0,,,,,,,,0.0,0.0,0.0,0.0,0.0,0.0,1,
Tyler Clippard,32.0,HOU,AL,0.0,1.0,0.0,0.0,0.0,0.0,0.0,0.0,0.0,0.0,0.0,0.0,0.0,0.0,,,,,,,,0.0,0.0,0.0,0.0,0.0,0.0,1,
Tyler Collins*,27.0,DET,AL,0.0,49.0,169.0,150.0,18.0,29.0,4.0,1.0,5.0,14.0,0.0,4.0,18.0,55.0,0.193,0.278,0.333,0.611,63.0,0.263,59.0,50.0,2.0,0.0,0.0,1.0,0.0,89/H7,
Tyler Duffey,26.0,MIN,AL,0.0,2.0,0.0,0.0,0.0,0.0,0.0,0.0,0.0,0.0,0.0,0.0,0.0,0.0,,,,,,,,0.0,0.0,0.0,0.0,0.0,0.0,1,
Tyler Flowers,31.0,ATL,NL,2.0,99.0,370.0,317.0,41.0,89.0,16.0,0.0,12.0,49.0,0.0,1.0,31.0,82.0,0.281,0.378,0.445,0.823,115.0,0.373,127.0,141.0,6.0,20.0,0.0,2.0,1.0,2H/D,
Tyler Glasnow*,23.0,PIT,NL,0.4,18.0,23.0,17.0,1.0,5.0,0.0,0.0,0.0,3.0,0.0,0.0,4.0,7.0,0.294,0.455,0.294,0.749,106.0,0.355,117.0,5.0,0.0,1.0,1.0,0.0,0.0,1/H,
Tyler Lyons*,29.0,STL,NL,0.0,48.0,2.0,1.0,0.0,0.0,0.0,0.0,0.0,0.0,0.0,0.0,1.0,1.0,0.0,0.5,0.0,0.5,51.0,0.349,113.0,0.0,0.0,0.0,0.0,0.0,0.0,1,
Tyler Mahle,22.0,CIN,NL,0.0,4.0,8.0,7.0,1.0,1.0,0.0,0.0,0.0,0.0,0.0,0.0,0.0,2.0,0.143,0.25,0.143,0.393,7.0,0.191,-6.0,1.0,0.0,1.0,0.0,0.0,0.0,/1,
Tyler Moore,30.0,MIA,NL,-0.3,104.0,203.0,187.0,17.0,43.0,14.0,0.0,6.0,30.0,0.0,0.0,10.0,56.0,0.23,0.267,0.401,0.668,80.0,0.292,79.0,75.0,7.0,1.0,1.0,4.0,0.0,H3/79,
Tyler Naquin*,26.0,CLE,AL,0.1,19.0,40.0,37.0,4.0,8.0,2.0,0.0,0.0,1.0,0.0,1.0,2.0,9.0,0.216,0.25,0.27,0.52,37.0,0.238,37.0,10.0,1.0,0.0,0.0,1.0,0.0,8/9H,
Tyler Pill*,27.0,NYM,NL,-0.1,7.0,5.0,5.0,0.0,0.0,0.0,0.0,0.0,0.0,0.0,0.0,0.0,1.0,0.0,0.0,0.0,0.0,-100.0,0.0,-136.0,0.0,0.0,0.0,0.0,0.0,0.0,/1,
Tyler Saladino,27.0,CHW,AL,-0.5,79.0,281.0,253.0,23.0,45.0,9.0,2.0,0.0,10.0,5.0,4.0,23.0,67.0,0.178,0.254,0.229,0.484,33.0,0.233,35.0,58.0,5.0,3.0,2.0,0.0,0.0,45D6/H3,
Tyler Skaggs*,25.0,LAA,AL,0.0,1.0,1.0,1.0,0.0,0.0,0.0,0.0,0.0,0.0,0.0,0.0,0.0,1.0,0.0,0.0,0.0,0.0,-100.0,0.0,-133.0,0.0,0.0,0.0,0.0,0.0,0.0,1,
Tyler Smith,25.0,SEA,AL,0.2,10.0,19.0,16.0,2.0,3.0,1.0,0.0,0.0,1.0,0.0,0.0,1.0,8.0,0.188,0.263,0.25,0.513,42.0,0.233,36.0,4.0,0.0,1.0,0.0,1.0,0.0,/64HD,
Tyler Wade*,22.0,NYY,AL,-0.7,30.0,63.0,58.0,7.0,9.0,4.0,0.0,0.0,2.0,1.0,1.0,5.0,19.0,0.155,0.222,0.224,0.446,19.0,0.212,15.0,13.0,2.0,0.0,0.0,0.0,0.0,4/6H79D,
Tyler Webb*,26.0,MIL,NL,0.0,2.0,0.0,0.0,0.0,0.0,0.0,0.0,0.0,0.0,0.0,0.0,0.0,0.0,,,,,,,,0.0,0.0,0.0,0.0,0.0,0.0,/1,
Tyler White,26.0,HOU,AL,0.0,22.0,67.0,61.0,7.0,17.0,6.0,0.0,3.0,10.0,0.0,1.0,4.0,16.0,0.279,0.328,0.525,0.853,129.0,0.362,135.0,32.0,0.0,1.0,0.0,1.0,0.0,3/4H71,
Tyler Wilson,27.0,BAL,AL,0.0,2.0,0.0,0.0,0.0,0.0,0.0,0.0,0.0,0.0,0.0,0.0,0.0,0.0,,,,,,,,0.0,0.0,0.0,0.0,0.0,0.0,/1,
Tyson Ross,30.0,TEX,AL,0.0,1.0,0.0,0.0,0.0,0.0,0.0,0.0,0.0,0.0,0.0,0.0,0.0,0.0,,,,,,,,0.0,0.0,0.0,0.0,0.0,0.0,1,
Tzu-Wei Lin*,23.0,BOS,AL,0.3,25.0,66.0,56.0,7.0,15.0,0.0,2.0,0.0,2.0,1.0,1.0,9.0,17.0,0.268,0.369,0.339,0.709,89.0,0.331,98.0,19.0,0.0,0.0,1.0,0.0,0.0,4/56HD,
Ubaldo Jiménez,33.0,BAL,AL,0.0,3.0,5.0,5.0,0.0,1.0,0.0,0.0,0.0,0.0,0.0,0.0,0.0,3.0,0.2,0.2,0.2,0.4,10.0,0.178,-5.0,1.0,0.0,0.0,0.0,0.0,0.0,1,
Vance Worley,29.0,MIA,NL,-0.1,25.0,27.0,22.0,0.0,4.0,0.0,0.0,0.0,3.0,0.0,0.0,0.0,8.0,0.182,0.182,0.182,0.364,0.0,0.159,-43.0,4.0,1.0,0.0,5.0,0.0,0.0,1/H,
Victor Caratini#,23.0,CHC,NL,0.1,31.0,66.0,59.0,6.0,15.0,3.0,0.0,1.0,2.0,0.0,0.0,4.0,13.0,0.254,0.333,0.356,0.689,79.0,0.316,82.0,21.0,3.0,3.0,0.0,0.0,1.0,H2/379,
Victor Martinez#,38.0,DET,AL,-0.5,107.0,435.0,392.0,38.0,100.0,16.0,0.0,10.0,47.0,0.0,0.0,36.0,63.0,0.255,0.324,0.372,0.697,86.0,0.312,86.0,146.0,15.0,5.0,0.0,2.0,3.0,D/H,
Vidal Nuño III*,29.0,BAL,AL,0.0,1.0,1.0,1.0,0.0,0.0,0.0,0.0,0.0,0.0,0.0,0.0,0.0,0.0,0.0,0.0,0.0,0.0,-100.0,0.0,-133.0,0.0,0.0,0.0,0.0,0.0,0.0,1,
Vince Velasquez,25.0,PHI,NL,0.1,16.0,25.0,24.0,1.0,6.0,0.0,0.0,0.0,1.0,0.0,0.0,1.0,4.0,0.25,0.28,0.25,0.53,42.0,0.235,29.0,6.0,1.0,0.0,0.0,0.0,0.0,1/H,
Víctor Arano,22.0,PHI,NL,0.0,10.0,0.0,0.0,0.0,0.0,0.0,0.0,0.0,0.0,0.0,0.0,0.0,0.0,,,,,,,,0.0,0.0,0.0,0.0,0.0,0.0,1,
Víctor Robles,20.0,WSN,NL,0.1,13.0,27.0,24.0,2.0,6.0,1.0,2.0,0.0,4.0,0.0,1.0,0.0,6.0,0.25,0.308,0.458,0.766,94.0,0.3,83.0,11.0,2.0,2.0,1.0,0.0,0.0,/9H87,
Wade Davis,31.0,CHC,NL,0.0,56.0,0.0,0.0,0.0,0.0,0.0,0.0,0.0,0.0,0.0,0.0,0.0,0.0,,,,,,,,0.0,0.0,0.0,0.0,0.0,0.0,1,AS
Wade LeBlanc*,32.0,PIT,NL,0.0,46.0,5.0,5.0,0.0,1.0,0.0,0.0,0.0,1.0,0.0,0.0,0.0,3.0,0.2,0.2,0.2,0.4,7.0,0.179,-10.0,1.0,0.0,0.0,0.0,0.0,0.0,1,
Wade Miley*,30.0,BAL,AL,0.0,3.0,4.0,4.0,0.0,1.0,0.0,0.0,0.0,0.0,0.0,0.0,0.0,1.0,0.25,0.25,0.25,0.5,37.0,0.2,10.0,1.0,0.0,0.0,0.0,0.0,0.0,1,
Walker Buehler,22.0,LAD,NL,0.0,8.0,0.0,0.0,0.0,0.0,0.0,0.0,0.0,0.0,0.0,0.0,0.0,0.0,,,,,,,,0.0,0.0,0.0,0.0,0.0,0.0,/1,
Wandy Peralta*,25.0,CIN,NL,0.0,66.0,0.0,0.0,0.0,0.0,0.0,0.0,0.0,0.0,0.0,0.0,0.0,0.0,,,,,,,,0.0,0.0,0.0,0.0,0.0,0.0,1,
Warwick Saupold,27.0,DET,AL,0.0,4.0,0.0,0.0,0.0,0.0,0.0,0.0,0.0,0.0,0.0,0.0,0.0,0.0,,,,,,,,0.0,0.0,0.0,0.0,0.0,0.0,1,
Wei-Chung Wang*,25.0,MIL,NL,0.0,8.0,0.0,0.0,0.0,0.0,0.0,0.0,0.0,0.0,0.0,0.0,0.0,0.0,,,,,,,,0.0,0.0,0.0,0.0,0.0,0.0,/1,
Wei-Yin Chen,31.0,MIA,NL,0.0,8.0,8.0,8.0,0.0,1.0,0.0,0.0,0.0,0.0,0.0,0.0,0.0,3.0,0.125,0.125,0.125,0.25,-31.0,0.1,-60.0,1.0,0.0,0.0,0.0,0.0,0.0,/1,
Welington Castillo,30.0,BAL,AL,2.3,96.0,365.0,341.0,44.0,96.0,11.0,0.0,20.0,53.0,0.0,0.0,22.0,97.0,0.282,0.323,0.49,0.813,116.0,0.354,120.0,167.0,10.0,0.0,0.0,2.0,0.0,2/DH,
Whit Merrifield,28.0,KCR,AL,3.0,145.0,630.0,587.0,80.0,169.0,32.0,6.0,19.0,78.0,34.0,8.0,29.0,88.0,0.288,0.324,0.46,0.784,106.0,0.348,107.0,270.0,13.0,6.0,1.0,7.0,0.0,*49/7H35,
Wil Myers,26.0,SDP,NL,2.1,155.0,649.0,567.0,80.0,138.0,29.0,3.0,30.0,74.0,20.0,6.0,70.0,180.0,0.243,0.328,0.464,0.792,109.0,0.349,112.0,263.0,15.0,5.0,0.0,7.0,3.0,*3/4DH,
Will Harris,32.0,HOU,AL,0.0,2.0,0.0,0.0,0.0,0.0,0.0,0.0,0.0,0.0,0.0,0.0,0.0,0.0,,,,,,,,0.0,0.0,0.0,0.0,0.0,0.0,1,
Will Middlebrooks,28.0,TEX,AL,0.0,22.0,39.0,38.0,5.0,8.0,2.0,2.0,0.0,3.0,0.0,0.0,1.0,14.0,0.211,0.231,0.368,0.599,51.0,0.251,34.0,14.0,0.0,0.0,0.0,0.0,0.0,5/H3,
Willie Calhoun*,22.0,TEX,AL,-0.1,13.0,37.0,34.0,3.0,9.0,0.0,0.0,1.0,4.0,0.0,0.0,2.0,7.0,0.265,0.324,0.353,0.677,75.0,0.346,102.0,12.0,0.0,1.0,0.0,0.0,0.0,7/DH,
Willson Contreras,25.0,CHC,NL,3.8,117.0,428.0,377.0,50.0,104.0,21.0,0.0,21.0,74.0,5.0,4.0,45.0,98.0,0.276,0.356,0.499,0.855,118.0,0.381,131.0,188.0,13.0,3.0,1.0,2.0,2.0,2H/3795,
Willy García,24.0,CHW,AL,-0.3,44.0,119.0,105.0,15.0,25.0,5.0,3.0,2.0,12.0,0.0,0.0,11.0,31.0,0.238,0.305,0.4,0.705,90.0,0.308,87.0,42.0,2.0,0.0,1.0,2.0,0.0,978/HD,
Wilmer Difo#,25.0,WSN,NL,1.7,124.0,365.0,332.0,47.0,90.0,10.0,4.0,5.0,21.0,10.0,1.0,24.0,74.0,0.271,0.319,0.37,0.69,78.0,0.309,72.0,123.0,7.0,1.0,5.0,3.0,6.0,6H4/5978D,
Wilmer Flores,25.0,NYM,NL,0.2,110.0,362.0,336.0,42.0,91.0,17.0,1.0,18.0,52.0,1.0,1.0,17.0,54.0,0.271,0.307,0.488,0.795,109.0,0.337,108.0,164.0,14.0,3.0,0.0,6.0,1.0,53H4/D,
Wilmer Font,27.0,LAD,NL,0.0,3.0,0.0,0.0,0.0,0.0,0.0,0.0,0.0,0.0,0.0,0.0,0.0,0.0,,,,,,,,0.0,0.0,0.0,0.0,0.0,0.0,/1,
Wilson Ramos,29.0,TBR,AL,0.1,64.0,224.0,208.0,19.0,54.0,6.0,0.0,11.0,35.0,0.0,0.0,10.0,36.0,0.26,0.29,0.447,0.737,97.0,0.314,93.0,93.0,11.0,0.0,0.0,3.0,2.0,2/HD,
Wily Peralta,28.0,MIL,NL,0.1,18.0,15.0,13.0,0.0,3.0,0.0,0.0,0.0,1.0,0.0,0.0,1.0,4.0,0.231,0.286,0.231,0.516,38.0,0.235,21.0,3.0,0.0,0.0,1.0,0.0,0.0,1,
Xander Bogaerts,24.0,BOS,AL,2.1,148.0,635.0,571.0,94.0,156.0,32.0,6.0,10.0,62.0,15.0,1.0,56.0,116.0,0.273,0.343,0.403,0.746,95.0,0.338,97.0,230.0,17.0,6.0,0.0,2.0,6.0,*6/H,
Yacksel Ríos,24.0,PHI,NL,0.0,13.0,1.0,1.0,0.0,0.0,0.0,0.0,0.0,0.0,0.0,0.0,0.0,1.0,0.0,0.0,0.0,0.0,-100.0,0.0,-133.0,0.0,0.0,0.0,0.0,0.0,0.0,1,
Yadiel Rivera,25.0,MIL,NL,-0.1,1.0,2.0,2.0,0.0,0.0,0.0,0.0,0.0,0.0,0.0,0.0,0.0,1.0,0.0,0.0,0.0,0.0,-100.0,0.0,-138.0,0.0,0.0,0.0,0.0,0.0,0.0,/5H,
Yadier Molina,34.0,STL,NL,1.6,136.0,543.0,501.0,60.0,137.0,27.0,1.0,18.0,82.0,9.0,4.0,28.0,74.0,0.273,0.312,0.439,0.751,96.0,0.323,92.0,220.0,14.0,4.0,1.0,9.0,4.0,*2/H3,AS
Yan Gomes,29.0,CLE,AL,1.3,105.0,383.0,341.0,43.0,79.0,15.0,0.0,14.0,56.0,0.0,0.0,31.0,99.0,0.232,0.309,0.399,0.708,83.0,0.314,83.0,136.0,9.0,8.0,1.0,2.0,0.0,2/H,
Yandy Díaz,25.0,CLE,AL,0.3,49.0,179.0,156.0,25.0,41.0,8.0,1.0,0.0,13.0,2.0,0.0,21.0,35.0,0.263,0.352,0.327,0.679,80.0,0.319,85.0,51.0,5.0,1.0,0.0,1.0,0.0,5/D7H,
Yangervis Solarte#,29.0,SDP,NL,1.0,128.0,512.0,466.0,49.0,119.0,21.0,0.0,18.0,64.0,3.0,0.0,37.0,61.0,0.255,0.314,0.416,0.731,94.0,0.321,93.0,194.0,18.0,5.0,0.0,4.0,4.0,465/3HD,
Yasiel Puig,26.0,LAD,NL,3.4,152.0,570.0,499.0,72.0,131.0,24.0,2.0,28.0,74.0,15.0,6.0,64.0,100.0,0.263,0.346,0.487,0.833,119.0,0.358,120.0,243.0,21.0,2.0,0.0,5.0,8.0,*9H,
Yasmani Grandal#,28.0,LAD,NL,2.3,129.0,482.0,438.0,50.0,108.0,27.0,0.0,22.0,58.0,0.0,1.0,40.0,130.0,0.247,0.308,0.459,0.767,101.0,0.327,98.0,201.0,10.0,0.0,1.0,3.0,0.0,*2H,
Yasmany Tomás,26.0,ARI,NL,-0.4,47.0,180.0,166.0,19.0,40.0,11.0,1.0,8.0,32.0,0.0,0.0,13.0,50.0,0.241,0.294,0.464,0.758,88.0,0.335,92.0,77.0,2.0,0.0,0.0,1.0,0.0,7/H,
Yoenis Céspedes,31.0,NYM,NL,2.0,81.0,321.0,291.0,46.0,85.0,17.0,2.0,17.0,42.0,0.0,1.0,26.0,61.0,0.292,0.352,0.54,0.892,135.0,0.37,132.0,157.0,7.0,2.0,0.0,2.0,5.0,7/HD,
Yolmer Sánchez#,25.0,CHW,AL,3.5,141.0,534.0,484.0,63.0,129.0,19.0,8.0,12.0,59.0,8.0,9.0,35.0,111.0,0.267,0.319,0.413,0.732,97.0,0.323,101.0,200.0,10.0,4.0,7.0,4.0,2.0,45H/D69,
Yonder Alonso*,30.0,2TM,AL,2.1,142.0,521.0,451.0,72.0,120.0,22.0,0.0,28.0,67.0,2.0,0.0,68.0,118.0,0.266,0.365,0.501,0.866,134.0,0.371,134.0,226.0,9.0,2.0,0.0,0.0,6.0,*3H/D,AS
Yonder Alonso*,30.0,OAK,AL,1.8,100.0,371.0,319.0,52.0,85.0,17.0,0.0,22.0,49.0,1.0,0.0,50.0,88.0,0.266,0.369,0.527,0.896,141.0,0.381,142.0,168.0,6.0,2.0,0.0,0.0,6.0,3/HD,
Yonder Alonso*,30.0,SEA,AL,0.4,42.0,150.0,132.0,20.0,35.0,5.0,0.0,6.0,18.0,1.0,0.0,18.0,30.0,0.265,0.353,0.439,0.793,116.0,0.346,116.0,58.0,3.0,0.0,0.0,0.0,0.0,3/H,
Yovani Gallardo,31.0,SEA,AL,0.1,1.0,2.0,2.0,0.0,1.0,0.0,0.0,0.0,0.0,0.0,0.0,0.0,0.0,0.5,0.5,0.5,1.0,176.0,0.446,188.0,1.0,0.0,0.0,0.0,0.0,0.0,1,
Yoán Moncada#,22.0,CHW,AL,1.6,54.0,231.0,199.0,31.0,46.0,8.0,2.0,8.0,22.0,3.0,2.0,29.0,74.0,0.231,0.338,0.412,0.75,103.0,0.325,100.0,82.0,0.0,3.0,0.0,0.0,0.0,4,
Yu Darvish,30.0,LAD,NL,-0.1,9.0,20.0,17.0,0.0,1.0,0.0,0.0,0.0,0.0,0.0,0.0,1.0,14.0,0.059,0.111,0.059,0.17,-52.0,0.083,-97.0,1.0,0.0,0.0,2.0,0.0,0.0,/1,AS
Yuli Gurriel,33.0,HOU,AL,2.7,139.0,564.0,529.0,69.0,158.0,43.0,1.0,18.0,75.0,3.0,2.0,22.0,62.0,0.299,0.332,0.486,0.817,121.0,0.355,125.0,257.0,12.0,7.0,0.0,6.0,1.0,*3/5DH4,ROY-4
Yunel Escobar,34.0,LAA,AL,0.4,89.0,381.0,350.0,43.0,96.0,20.0,1.0,7.0,31.0,1.0,4.0,29.0,51.0,0.274,0.333,0.397,0.73,98.0,0.32,99.0,139.0,15.0,2.0,0.0,0.0,0.0,5/DH,
Yusmeiro Petit,32.0,LAA,AL,0.0,2.0,0.0,0.0,0.0,0.0,0.0,0.0,0.0,0.0,0.0,0.0,0.0,0.0,,,,,,,,0.0,0.0,0.0,0.0,0.0,0.0,1,
Zac Curtis*,24.0,PHI,NL,0.0,3.0,0.0,0.0,0.0,0.0,0.0,0.0,0.0,0.0,0.0,0.0,0.0,0.0,,,,,,,,0.0,0.0,0.0,0.0,0.0,0.0,/1,
Zac Rosscup,29.0,2TM,NL,0.0,10.0,0.0,0.0,0.0,0.0,0.0,0.0,0.0,0.0,0.0,0.0,0.0,0.0,,,,,,,,0.0,0.0,0.0,0.0,0.0,0.0,1,
Zac Rosscup,29.0,CHC,NL,0.0,1.0,0.0,0.0,0.0,0.0,0.0,0.0,0.0,0.0,0.0,0.0,0.0,0.0,,,,,,,,0.0,0.0,0.0,0.0,0.0,0.0,/1,
Zac Rosscup,29.0,COL,NL,0.0,9.0,0.0,0.0,0.0,0.0,0.0,0.0,0.0,0.0,0.0,0.0,0.0,0.0,,,,,,,,0.0,0.0,0.0,0.0,0.0,0.0,/1,
Zach Davies,24.0,MIL,NL,0.4,32.0,69.0,48.0,7.0,6.0,2.0,0.0,0.0,3.0,0.0,0.0,7.0,15.0,0.125,0.236,0.167,0.403,9.0,0.231,4.0,8.0,1.0,0.0,14.0,0.0,0.0,1,
Zach Duke*,34.0,STL,NL,0.0,25.0,0.0,0.0,0.0,0.0,0.0,0.0,0.0,0.0,0.0,0.0,0.0,0.0,,,,,,,,0.0,0.0,0.0,0.0,0.0,0.0,1,
Zach Eflin,23.0,PHI,NL,0.0,10.0,22.0,21.0,1.0,3.0,0.0,0.0,0.0,2.0,0.0,0.0,0.0,13.0,0.143,0.143,0.143,0.286,-24.0,0.128,-55.0,3.0,0.0,0.0,1.0,0.0,0.0,1,
Zach Lee,25.0,SDP,NL,0.0,3.0,3.0,3.0,0.0,0.0,0.0,0.0,0.0,0.0,0.0,0.0,0.0,0.0,0.0,0.0,0.0,0.0,-100.0,0.0,-140.0,0.0,0.0,0.0,0.0,0.0,0.0,/1,
Zach McAllister,29.0,CLE,AL,0.0,3.0,0.0,0.0,0.0,0.0,0.0,0.0,0.0,0.0,0.0,0.0,0.0,0.0,,,,,,,,0.0,0.0,0.0,0.0,0.0,0.0,1,
Zach Neal,28.0,OAK,AL,0.0,2.0,0.0,0.0,0.0,0.0,0.0,0.0,0.0,0.0,0.0,0.0,0.0,0.0,,,,,,,,0.0,0.0,0.0,0.0,0.0,0.0,/1,
Zach Vincej,26.0,CIN,NL,-0.1,9.0,12.0,9.0,2.0,1.0,0.0,0.0,0.0,0.0,0.0,0.0,1.0,5.0,0.111,0.333,0.111,0.444,25.0,0.254,40.0,1.0,0.0,2.0,0.0,0.0,0.0,/H64,
Zack Britton*,29.0,BAL,AL,0.0,1.0,0.0,0.0,0.0,0.0,0.0,0.0,0.0,0.0,0.0,0.0,0.0,0.0,,,,,,,,0.0,0.0,0.0,0.0,0.0,0.0,1,
Zack Cozart,31.0,CIN,NL,5.1,122.0,507.0,438.0,80.0,130.0,24.0,7.0,24.0,63.0,3.0,0.0,62.0,78.0,0.297,0.385,0.548,0.933,140.0,0.405,147.0,240.0,5.0,3.0,0.0,4.0,0.0,*6/HD,AS
Zack Godley,27.0,ARI,NL,-0.4,25.0,53.0,42.0,1.0,2.0,0.0,0.0,0.0,2.0,0.0,0.0,2.0,26.0,0.048,0.091,0.048,0.139,-63.0,0.072,-137.0,2.0,0.0,0.0,9.0,0.0,0.0,1/H,
Zack Granite*,24.0,MIN,AL,0.3,40.0,107.0,93.0,14.0,22.0,2.0,0.0,1.0,13.0,2.0,2.0,12.0,9.0,0.237,0.321,0.29,0.611,66.0,0.282,69.0,27.0,6.0,0.0,1.0,1.0,0.0,8H/79D,
Zack Greinke,33.0,ARI,NL,0.3,30.0,70.0,62.0,4.0,13.0,4.0,0.0,0.0,4.0,0.0,0.0,2.0,18.0,0.21,0.246,0.274,0.52,32.0,0.228,8.0,17.0,0.0,1.0,5.0,0.0,0.0,1/H,"AS,CYA-4,MVP-20,GG"
Zack Wheeler*,27.0,NYM,NL,0.0,17.0,29.0,27.0,1.0,2.0,1.0,0.0,0.0,0.0,0.0,0.0,1.0,12.0,0.074,0.107,0.111,0.218,-41.0,0.133,-45.0,3.0,0.0,0.0,1.0,0.0,0.0,1/H,
Álex Claudio*,25.0,TEX,AL,0.0,7.0,0.0,0.0,0.0,0.0,0.0,0.0,0.0,0.0,0.0,0.0,0.0,0.0,,,,,,,,0.0,0.0,0.0,0.0,0.0,0.0,1,
Ángel Sánchez,27.0,PIT,NL,0.0,8.0,1.0,1.0,0.0,0.0,0.0,0.0,0.0,0.0,0.0,0.0,0.0,0.0,0.0,0.0,0.0,0.0,-100.0,0.0,-133.0,0.0,0.0,0.0,0.0,0.0,0.0,/1,
Óliver Pérez*,35.0,WSN,NL,0.0,47.0,0.0,0.0,0.0,0.0,0.0,0.0,0.0,0.0,0.0,0.0,0.0,0.0,,,,,,,,0.0,0.0,0.0,0.0,0.0,0.0,1,
