Player,Age,Team,Lg,WAR,G,PA,AB,R,H,2B,3B,HR,RBI,SB,CS,BB,SO,BA,OBP,SLG,OPS,OPS+,rOBA,Rbat+,TB,GIDP,HBP,SH,SF,IBB,Pos,Awards
A.J. Burnett,32.0,NYY,AL,0.0,2.0,5.0,5.0,0.0,1.0,0.0,0.0,0.0,0.0,0.0,0.0,0.0,1.0,0.2,0.2,0.2,0.4,4.0,0.163,-32.0,1.0,0.0,0.0,0.0,0.0,0.0,1,
A.J. Ellis,28.0,LAD,NL,-0.2,8.0,10.0,10.0,0.0,1.0,0.0,0.0,0.0,1.0,0.0,0.0,0.0,1.0,0.1,0.1,0.1,0.2,-46.0,0.091,-75.0,1.0,0.0,0.0,0.0,0.0,0.0,/2H,
A.J. Pierzynski*,32.0,CHW,AL,1.5,138.0,535.0,504.0,57.0,151.0,22.0,1.0,13.0,49.0,1.0,1.0,24.0,52.0,0.3,0.331,0.425,0.755,93.0,0.333,89.0,214.0,18.0,1.0,3.0,3.0,6.0,*2H/D,
Aaron Bates,25.0,BOS,AL,0.0,5.0,12.0,11.0,2.0,4.0,2.0,0.0,0.0,2.0,0.0,0.0,1.0,4.0,0.364,0.417,0.545,0.962,146.0,0.418,150.0,6.0,0.0,0.0,0.0,0.0,0.0,/3H,
Aaron Boone,36.0,HOU,NL,-0.3,10.0,14.0,13.0,0.0,0.0,0.0,0.0,0.0,0.0,0.0,0.0,0.0,2.0,0.0,0.071,0.0,0.071,-79.0,0.053,-106.0,0.0,0.0,1.0,0.0,0.0,0.0,/H35,
Aaron Cook,30.0,COL,NL,0.3,26.0,58.0,44.0,3.0,5.0,1.0,0.0,0.0,6.0,0.0,0.0,7.0,14.0,0.114,0.245,0.136,0.382,0.0,0.251,16.0,6.0,0.0,1.0,5.0,1.0,0.0,1/H,
Aaron Cunningham,23.0,OAK,AL,-0.5,23.0,57.0,53.0,6.0,8.0,2.0,0.0,1.0,6.0,0.0,0.0,3.0,16.0,0.151,0.211,0.245,0.456,21.0,0.241,30.0,13.0,3.0,1.0,0.0,0.0,0.0,9/7H,
Aaron Harang,31.0,CIN,NL,0.0,25.0,54.0,47.0,1.0,7.0,1.0,0.0,1.0,6.0,0.0,0.0,1.0,12.0,0.149,0.167,0.234,0.401,5.0,0.198,-16.0,11.0,0.0,0.0,6.0,0.0,0.0,1,
Aaron Heilman,30.0,CHC,NL,0.0,68.0,1.0,1.0,0.0,0.0,0.0,0.0,0.0,0.0,0.0,0.0,0.0,0.0,0.0,0.0,0.0,0.0,-100.0,0.0,-164.0,0.0,0.0,0.0,0.0,0.0,0.0,1,
Aaron Hill,27.0,TOR,AL,5.8,158.0,734.0,682.0,103.0,195.0,37.0,0.0,36.0,108.0,6.0,2.0,42.0,98.0,0.286,0.33,0.499,0.829,114.0,0.367,118.0,340.0,17.0,5.0,1.0,4.0,1.0,*4/DH,"AS,MVP-12,SS"
Aaron Laffey*,24.0,CLE,AL,0.0,1.0,0.0,0.0,0.0,0.0,0.0,0.0,0.0,0.0,0.0,0.0,0.0,0.0,,,,,,,,0.0,0.0,0.0,0.0,0.0,0.0,1,
Aaron Miles#,32.0,CHC,NL,-1.7,74.0,170.0,157.0,17.0,29.0,7.0,1.0,0.0,5.0,3.0,0.0,8.0,21.0,0.185,0.224,0.242,0.466,20.0,0.219,-2.0,38.0,4.0,0.0,5.0,0.0,1.0,4H/65,
Aaron Poreda*,22.0,2TM,2LG,0.0,6.0,0.0,0.0,0.0,0.0,0.0,0.0,0.0,0.0,0.0,0.0,0.0,0.0,,,,,,,,0.0,0.0,0.0,0.0,0.0,0.0,1,
Aaron Poreda*,22.0,CHW,AL,0.0,2.0,0.0,0.0,0.0,0.0,0.0,0.0,0.0,0.0,0.0,0.0,0.0,0.0,,,,,,,,0.0,0.0,0.0,0.0,0.0,0.0,1,
Aaron Poreda*,22.0,SDP,NL,0.0,4.0,0.0,0.0,0.0,0.0,0.0,0.0,0.0,0.0,0.0,0.0,0.0,0.0,,,,,,,,0.0,0.0,0.0,0.0,0.0,0.0,/1,
Aaron Rowand,31.0,SFG,NL,0.9,144.0,546.0,499.0,61.0,130.0,30.0,2.0,15.0,64.0,4.0,1.0,30.0,125.0,0.261,0.319,0.419,0.738,92.0,0.332,90.0,209.0,12.0,14.0,0.0,3.0,2.0,*8/H,
Adam Dunn*,29.0,WSN,NL,-0.4,159.0,668.0,546.0,81.0,146.0,29.0,0.0,38.0,105.0,0.0,1.0,116.0,177.0,0.267,0.398,0.529,0.928,144.0,0.398,143.0,289.0,8.0,4.0,0.0,2.0,16.0,379/DH,
Adam Eaton,31.0,COL,NL,0.0,4.0,1.0,0.0,1.0,0.0,0.0,0.0,0.0,1.0,0.0,0.0,1.0,0.0,,1.0,,,,0.71,364.0,0.0,0.0,0.0,0.0,0.0,0.0,/1,
Adam Everett,32.0,DET,AL,0.7,118.0,390.0,345.0,43.0,82.0,21.0,0.0,3.0,44.0,5.0,2.0,22.0,61.0,0.238,0.288,0.325,0.613,61.0,0.277,51.0,112.0,9.0,4.0,15.0,4.0,0.0,*6/HD,
Adam Jones,23.0,BAL,AL,2.6,119.0,519.0,473.0,83.0,131.0,22.0,3.0,19.0,70.0,10.0,4.0,36.0,93.0,0.277,0.335,0.457,0.792,105.0,0.347,103.0,216.0,13.0,7.0,0.0,3.0,3.0,*8/H,"AS,GG"
Adam Kennedy*,33.0,OAK,AL,1.1,129.0,587.0,529.0,65.0,153.0,29.0,1.0,11.0,63.0,20.0,6.0,45.0,86.0,0.289,0.348,0.41,0.758,101.0,0.348,105.0,217.0,8.0,4.0,5.0,3.0,2.0,54/H39,
Adam LaRoche*,29.0,3TM,2LG,2.2,150.0,629.0,555.0,78.0,154.0,38.0,2.0,25.0,83.0,2.0,2.0,69.0,142.0,0.277,0.355,0.488,0.843,122.0,0.365,119.0,271.0,11.0,0.0,0.0,5.0,12.0,*3/HD,
Adam LaRoche*,29.0,2TM,NL,2.2,144.0,610.0,536.0,76.0,149.0,36.0,2.0,24.0,80.0,2.0,2.0,69.0,140.0,0.278,0.357,0.487,0.844,122.0,0.366,121.0,261.0,10.0,0.0,0.0,5.0,12.0,*3/H,
Adam LaRoche*,29.0,PIT,NL,0.2,87.0,368.0,324.0,46.0,80.0,25.0,1.0,12.0,40.0,2.0,2.0,41.0,81.0,0.247,0.329,0.441,0.77,103.0,0.334,98.0,143.0,9.0,0.0,0.0,3.0,6.0,3/H,
Adam LaRoche*,29.0,BOS,AL,0.0,6.0,19.0,19.0,2.0,5.0,2.0,0.0,1.0,3.0,0.0,0.0,0.0,2.0,0.263,0.263,0.526,0.789,97.0,0.33,87.0,10.0,1.0,0.0,0.0,0.0,0.0,/3HD,
Adam LaRoche*,29.0,ATL,NL,2.0,57.0,242.0,212.0,30.0,69.0,11.0,1.0,12.0,40.0,0.0,0.0,28.0,59.0,0.325,0.401,0.557,0.957,151.0,0.416,156.0,118.0,1.0,0.0,0.0,2.0,6.0,3,
Adam Lind*,25.0,TOR,AL,3.9,151.0,654.0,587.0,93.0,179.0,46.0,0.0,35.0,114.0,1.0,1.0,58.0,110.0,0.305,0.37,0.562,0.932,141.0,0.401,143.0,330.0,15.0,5.0,0.0,4.0,7.0,D7/H,"MVP-15,SS"
Adam Moore,25.0,SEA,AL,0.1,6.0,24.0,23.0,4.0,5.0,1.0,0.0,1.0,2.0,1.0,0.0,0.0,7.0,0.217,0.25,0.391,0.641,70.0,0.285,59.0,9.0,1.0,1.0,0.0,0.0,0.0,/2H,
Adam Rosales,26.0,CIN,NL,-0.4,87.0,266.0,230.0,23.0,49.0,10.0,1.0,4.0,19.0,1.0,2.0,26.0,46.0,0.213,0.303,0.317,0.62,65.0,0.285,61.0,73.0,2.0,5.0,2.0,3.0,0.0,5H3/64,
Adam Russell,26.0,SDP,NL,0.0,15.0,1.0,1.0,0.0,0.0,0.0,0.0,0.0,0.0,0.0,0.0,0.0,0.0,0.0,0.0,0.0,0.0,-100.0,0.0,-145.0,0.0,0.0,0.0,0.0,0.0,0.0,1,
Adam Wainwright,27.0,STL,NL,0.4,39.0,96.0,89.0,7.0,16.0,5.0,1.0,2.0,4.0,0.0,0.0,1.0,26.0,0.18,0.189,0.326,0.515,34.0,0.232,17.0,29.0,0.0,0.0,6.0,0.0,0.0,1/H,"CYA-3,MVP-15,GG"
Adrian Beltré,30.0,SEA,AL,3.3,111.0,477.0,449.0,54.0,119.0,27.0,0.0,8.0,44.0,13.0,2.0,19.0,74.0,0.265,0.304,0.379,0.683,83.0,0.318,87.0,170.0,19.0,7.0,0.0,2.0,1.0,*5/D,
Adrián González*,27.0,SDP,NL,6.9,160.0,681.0,552.0,90.0,153.0,27.0,2.0,40.0,99.0,1.0,1.0,119.0,109.0,0.277,0.407,0.551,0.958,162.0,0.412,164.0,304.0,23.0,5.0,1.0,4.0,22.0,*3/HD,"AS,MVP-12,GG"
Akinori Iwamura*,30.0,TBR,AL,1.3,69.0,260.0,231.0,28.0,67.0,16.0,2.0,1.0,22.0,9.0,1.0,24.0,44.0,0.29,0.355,0.39,0.745,98.0,0.343,99.0,90.0,1.0,1.0,1.0,3.0,0.0,4/H5,
Alan Embree*,39.0,COL,NL,0.0,34.0,0.0,0.0,0.0,0.0,0.0,0.0,0.0,0.0,0.0,0.0,0.0,0.0,,,,,,,,0.0,0.0,0.0,0.0,0.0,0.0,1,
Albert Pujols,29.0,STL,NL,9.7,160.0,700.0,568.0,124.0,186.0,45.0,1.0,47.0,135.0,16.0,4.0,115.0,64.0,0.327,0.443,0.658,1.101,189.0,0.459,190.0,374.0,23.0,9.0,0.0,8.0,44.0,*3/HD,"AS,MVP-1,SS"
Alberto Callaspo#,26.0,KCR,AL,2.5,155.0,634.0,576.0,79.0,173.0,41.0,8.0,11.0,73.0,2.0,1.0,52.0,51.0,0.3,0.356,0.457,0.813,115.0,0.36,116.0,263.0,15.0,1.0,0.0,5.0,4.0,*45/H6,
Alberto González,26.0,WSN,NL,-0.3,105.0,316.0,291.0,31.0,77.0,16.0,3.0,1.0,33.0,1.0,1.0,14.0,27.0,0.265,0.299,0.351,0.65,72.0,0.292,65.0,102.0,8.0,3.0,2.0,6.0,1.0,46H/5D,
Alberto Árias,25.0,HOU,NL,0.0,40.0,2.0,1.0,0.0,0.0,0.0,0.0,0.0,0.0,0.0,0.0,1.0,1.0,0.0,0.5,0.0,0.5,49.0,0.355,113.0,0.0,0.0,0.0,0.0,0.0,0.0,1,
Alcides Escobar,22.0,MIL,NL,0.3,38.0,134.0,125.0,20.0,38.0,3.0,1.0,1.0,11.0,4.0,2.0,4.0,18.0,0.304,0.333,0.368,0.701,87.0,0.317,84.0,46.0,0.0,2.0,2.0,1.0,0.0,6/H,
Alejandro De Aza*,25.0,FLA,NL,0.4,22.0,27.0,20.0,6.0,5.0,1.0,0.0,0.0,3.0,0.0,0.0,5.0,5.0,0.25,0.385,0.3,0.685,83.0,0.361,113.0,6.0,0.0,0.0,1.0,1.0,0.0,H/78D,
Alex Avila*,22.0,DET,AL,0.6,29.0,72.0,61.0,9.0,17.0,4.0,0.0,5.0,14.0,0.0,0.0,10.0,18.0,0.279,0.375,0.59,0.965,148.0,0.405,144.0,36.0,0.0,0.0,0.0,1.0,0.0,2/H,
Alex Gordon*,25.0,KCR,AL,0.3,49.0,189.0,164.0,28.0,38.0,6.0,0.0,6.0,22.0,5.0,0.0,21.0,43.0,0.232,0.324,0.378,0.703,87.0,0.324,86.0,62.0,5.0,2.0,1.0,1.0,0.0,5,
Alex Hinshaw*,26.0,SFG,NL,0.0,9.0,0.0,0.0,0.0,0.0,0.0,0.0,0.0,0.0,0.0,0.0,0.0,0.0,,,,,,,,0.0,0.0,0.0,0.0,0.0,0.0,/1,
Alexei Ramírez,27.0,CHW,AL,2.4,148.0,606.0,542.0,71.0,150.0,14.0,1.0,15.0,68.0,14.0,5.0,49.0,66.0,0.277,0.333,0.389,0.723,86.0,0.331,87.0,211.0,15.0,1.0,6.0,8.0,3.0,*6,
Alexi Casilla#,24.0,MIN,AL,-1.5,80.0,256.0,228.0,25.0,46.0,7.0,3.0,0.0,17.0,11.0,0.0,22.0,36.0,0.202,0.28,0.259,0.538,45.0,0.27,43.0,59.0,6.0,3.0,2.0,1.0,0.0,4H/D6,
Alfonso Soriano,33.0,CHC,NL,-1.6,117.0,522.0,477.0,64.0,115.0,25.0,1.0,20.0,55.0,9.0,2.0,40.0,118.0,0.241,0.303,0.423,0.726,84.0,0.327,81.0,202.0,7.0,3.0,0.0,2.0,6.0,*7/45H,
Alfredo Aceves,26.0,NYY,AL,0.0,3.0,2.0,2.0,0.0,0.0,0.0,0.0,0.0,0.0,0.0,0.0,0.0,1.0,0.0,0.0,0.0,0.0,-100.0,0.0,-150.0,0.0,0.0,0.0,0.0,0.0,0.0,1,
Alfredo Amézaga#,31.0,FLA,NL,-0.3,27.0,75.0,69.0,6.0,15.0,3.0,0.0,0.0,5.0,1.0,1.0,5.0,16.0,0.217,0.267,0.261,0.528,39.0,0.223,12.0,18.0,0.0,0.0,0.0,1.0,2.0,8H/697,
Alfredo Fígaro,24.0,DET,AL,0.0,1.0,2.0,2.0,0.0,0.0,0.0,0.0,0.0,0.0,0.0,0.0,0.0,2.0,0.0,0.0,0.0,0.0,-100.0,0.0,-146.0,0.0,0.0,0.0,0.0,0.0,0.0,/1,
Anderson Hernández#,26.0,2TM,NL,0.2,123.0,404.0,366.0,39.0,92.0,15.0,4.0,3.0,37.0,7.0,5.0,33.0,63.0,0.251,0.312,0.339,0.651,74.0,0.296,70.0,124.0,10.0,0.0,3.0,2.0,2.0,46H/7,
Anderson Hernández#,26.0,WSN,NL,0.3,77.0,255.0,231.0,25.0,58.0,9.0,2.0,1.0,23.0,5.0,3.0,20.0,41.0,0.251,0.31,0.32,0.63,68.0,0.291,64.0,74.0,6.0,0.0,3.0,1.0,1.0,4H/7,
Anderson Hernández#,26.0,NYM,NL,-0.1,46.0,149.0,135.0,14.0,34.0,6.0,2.0,2.0,14.0,2.0,2.0,13.0,22.0,0.252,0.315,0.37,0.686,83.0,0.306,80.0,50.0,4.0,0.0,0.0,1.0,1.0,6/4H,
Andre Ethier*,27.0,LAD,NL,3.0,160.0,685.0,596.0,92.0,162.0,42.0,3.0,31.0,106.0,6.0,4.0,72.0,116.0,0.272,0.361,0.508,0.869,132.0,0.379,134.0,303.0,19.0,13.0,0.0,4.0,10.0,*9/H,"MVP-6,SS"
Andrew Bailey,25.0,OAK,AL,0.0,5.0,0.0,0.0,0.0,0.0,0.0,0.0,0.0,0.0,0.0,0.0,0.0,0.0,,,,,,,,0.0,0.0,0.0,0.0,0.0,0.0,1,"AS,ROY-1"
Andrew McCutchen,22.0,PIT,NL,2.3,108.0,493.0,433.0,74.0,124.0,26.0,9.0,12.0,54.0,22.0,5.0,54.0,83.0,0.286,0.365,0.471,0.836,121.0,0.379,124.0,204.0,3.0,2.0,0.0,4.0,2.0,*8,ROY-4
Andrew Miller*,24.0,FLA,NL,-0.2,18.0,26.0,24.0,0.0,2.0,0.0,0.0,0.0,0.0,0.0,0.0,0.0,8.0,0.083,0.083,0.083,0.167,-56.0,0.076,-110.0,2.0,0.0,0.0,2.0,0.0,0.0,1,
Andruw Jones,32.0,TEX,AL,0.3,82.0,331.0,281.0,43.0,60.0,18.0,0.0,17.0,43.0,5.0,1.0,45.0,72.0,0.214,0.323,0.459,0.782,100.0,0.353,103.0,129.0,7.0,2.0,0.0,3.0,3.0,D7/3H9,
Andrés Blanco#,25.0,CHC,NL,0.0,53.0,138.0,123.0,15.0,31.0,8.0,0.0,1.0,12.0,0.0,2.0,8.0,14.0,0.252,0.303,0.341,0.644,66.0,0.273,46.0,42.0,4.0,1.0,6.0,0.0,3.0,46/H,
Andrés Torres#,31.0,SFG,NL,1.8,75.0,170.0,152.0,30.0,41.0,6.0,8.0,6.0,23.0,6.0,1.0,16.0,45.0,0.27,0.343,0.533,0.876,126.0,0.387,127.0,81.0,0.0,1.0,1.0,0.0,0.0,87H/9,
Andy González,27.0,FLA,NL,-0.1,14.0,12.0,12.0,1.0,1.0,0.0,1.0,0.0,0.0,0.0,0.0,0.0,4.0,0.083,0.083,0.25,0.333,-17.0,0.133,-53.0,3.0,0.0,0.0,0.0,0.0,0.0,/H65,
Andy Green,31.0,NYM,NL,-0.1,4.0,5.0,4.0,0.0,1.0,0.0,0.0,0.0,0.0,0.0,0.0,1.0,1.0,0.25,0.4,0.25,0.65,79.0,0.325,91.0,1.0,0.0,0.0,0.0,0.0,0.0,/H45,
Andy LaRoche,25.0,PIT,NL,2.4,150.0,590.0,524.0,64.0,135.0,29.0,5.0,12.0,64.0,3.0,1.0,50.0,84.0,0.258,0.33,0.401,0.731,94.0,0.329,92.0,210.0,16.0,8.0,6.0,2.0,1.0,*5/H,
Andy Marte,25.0,CLE,AL,-0.5,47.0,175.0,155.0,20.0,36.0,6.0,1.0,6.0,25.0,0.0,0.0,14.0,30.0,0.232,0.293,0.4,0.693,84.0,0.297,73.0,62.0,5.0,1.0,1.0,4.0,1.0,3/HD,
Andy Pettitte*,37.0,NYY,AL,0.0,2.0,6.0,5.0,1.0,1.0,1.0,0.0,0.0,1.0,0.0,0.0,0.0,2.0,0.2,0.2,0.4,0.6,50.0,0.249,15.0,2.0,0.0,0.0,1.0,0.0,0.0,1,
Andy Sonnanstine*,26.0,TBR,AL,0.2,6.0,12.0,11.0,3.0,3.0,1.0,0.0,0.0,1.0,0.0,0.0,1.0,6.0,0.273,0.333,0.364,0.697,85.0,0.315,83.0,4.0,0.0,0.0,0.0,0.0,0.0,1/H,
Andy Tracy*,35.0,PHI,NL,0.2,9.0,12.0,12.0,1.0,5.0,0.0,1.0,0.0,1.0,0.0,0.0,0.0,3.0,0.417,0.417,0.583,1.0,160.0,0.438,168.0,7.0,0.0,0.0,0.0,0.0,0.0,/H3,
Anthony Claggett#,24.0,PIT,NL,0.0,1.0,0.0,0.0,0.0,0.0,0.0,0.0,0.0,0.0,0.0,0.0,0.0,0.0,,,,,,,,0.0,0.0,0.0,0.0,0.0,0.0,/1,
Anthony Reyes,27.0,CLE,AL,0.0,1.0,1.0,1.0,0.0,0.0,0.0,0.0,0.0,0.0,0.0,0.0,0.0,0.0,0.0,0.0,0.0,0.0,-100.0,0.0,-142.0,0.0,0.0,0.0,0.0,0.0,0.0,/1,
Anthony Swarzak,23.0,MIN,AL,0.0,1.0,2.0,2.0,0.0,0.0,0.0,0.0,0.0,0.0,0.0,0.0,0.0,2.0,0.0,0.0,0.0,0.0,-100.0,0.0,-142.0,0.0,0.0,0.0,0.0,0.0,0.0,1,
Antonio Bastardo,23.0,PHI,NL,-0.1,5.0,7.0,6.0,0.0,0.0,0.0,0.0,0.0,0.0,0.0,0.0,0.0,3.0,0.0,0.0,0.0,0.0,-100.0,0.0,-190.0,0.0,0.0,0.0,1.0,0.0,0.0,/1,
Aníbal Sánchez,25.0,FLA,NL,-0.2,16.0,31.0,23.0,0.0,0.0,0.0,0.0,0.0,0.0,0.0,0.0,3.0,8.0,0.0,0.115,0.0,0.115,-66.0,0.082,-125.0,0.0,0.0,0.0,5.0,0.0,0.0,1,
Aramis Ramírez,31.0,CHC,NL,1.7,82.0,342.0,306.0,46.0,97.0,14.0,1.0,15.0,65.0,2.0,1.0,28.0,43.0,0.317,0.389,0.516,0.905,130.0,0.404,139.0,158.0,8.0,8.0,0.0,0.0,3.0,5/H,
Argenis Reyes#,26.0,NYM,NL,-0.3,9.0,18.0,17.0,0.0,2.0,0.0,0.0,0.0,0.0,1.0,0.0,1.0,4.0,0.118,0.167,0.118,0.284,-22.0,0.144,-49.0,2.0,0.0,0.0,0.0,0.0,0.0,/H46,
Armando Galarraga,27.0,DET,AL,0.0,1.0,1.0,1.0,0.0,0.0,0.0,0.0,0.0,0.0,0.0,0.0,0.0,1.0,0.0,0.0,0.0,0.0,-100.0,0.0,-142.0,0.0,0.0,0.0,0.0,0.0,0.0,1,
Arthur Rhodes*,39.0,CIN,NL,0.0,63.0,1.0,1.0,0.0,0.0,0.0,0.0,0.0,0.0,0.0,0.0,0.0,1.0,0.0,0.0,0.0,0.0,-100.0,0.0,-155.0,0.0,0.0,0.0,0.0,0.0,0.0,1,
Arturo López*,26.0,SDP,NL,0.0,4.0,0.0,0.0,0.0,0.0,0.0,0.0,0.0,0.0,0.0,0.0,0.0,0.0,,,,,,,,0.0,0.0,0.0,0.0,0.0,0.0,/1,
Asdrúbal Cabrera#,23.0,CLE,AL,4.2,131.0,581.0,523.0,81.0,161.0,42.0,4.0,6.0,68.0,17.0,4.0,44.0,89.0,0.308,0.361,0.438,0.799,114.0,0.371,124.0,229.0,13.0,1.0,10.0,3.0,1.0,64/H,
Aubrey Huff*,32.0,2TM,AL,-1.7,150.0,597.0,536.0,59.0,129.0,30.0,1.0,15.0,85.0,0.0,6.0,51.0,87.0,0.241,0.31,0.384,0.694,81.0,0.303,75.0,206.0,15.0,5.0,0.0,5.0,7.0,3DH,
Aubrey Huff*,32.0,BAL,AL,-1.0,110.0,480.0,430.0,51.0,109.0,24.0,1.0,13.0,72.0,0.0,6.0,41.0,74.0,0.253,0.321,0.405,0.725,89.0,0.313,83.0,174.0,12.0,4.0,0.0,5.0,7.0,3D/H,
Aubrey Huff*,32.0,DET,AL,-0.8,40.0,117.0,106.0,8.0,20.0,6.0,0.0,2.0,13.0,0.0,0.0,10.0,13.0,0.189,0.265,0.302,0.567,49.0,0.264,44.0,32.0,3.0,1.0,0.0,0.0,0.0,DH,
Augie Ojeda#,34.0,ARI,NL,1.5,103.0,310.0,264.0,38.0,65.0,17.0,3.0,1.0,16.0,3.0,1.0,32.0,28.0,0.246,0.34,0.345,0.685,78.0,0.31,71.0,91.0,4.0,6.0,6.0,1.0,3.0,465H,
Austin Kearns,29.0,WSN,NL,-0.4,80.0,211.0,174.0,20.0,34.0,6.0,2.0,3.0,17.0,1.0,1.0,32.0,51.0,0.195,0.336,0.305,0.641,72.0,0.3,72.0,53.0,12.0,5.0,0.0,0.0,1.0,9H/8,
B.J. Ryan*,33.0,TOR,AL,0.0,5.0,0.0,0.0,0.0,0.0,0.0,0.0,0.0,0.0,0.0,0.0,0.0,0.0,,,,,,,,0.0,0.0,0.0,0.0,0.0,0.0,1,
B.J. Upton,24.0,TBR,AL,1.1,144.0,626.0,560.0,79.0,135.0,33.0,4.0,11.0,55.0,42.0,14.0,57.0,152.0,0.241,0.313,0.373,0.686,82.0,0.317,82.0,209.0,7.0,3.0,3.0,3.0,0.0,*8/H,
Barry Zito*,31.0,SFG,NL,-0.1,33.0,67.0,51.0,2.0,6.0,0.0,0.0,0.0,0.0,0.0,0.0,4.0,16.0,0.118,0.182,0.118,0.299,-19.0,0.168,-55.0,6.0,1.0,0.0,12.0,0.0,0.0,1/H,
Ben Francisco,27.0,2TM,2LG,1.6,126.0,459.0,405.0,58.0,104.0,30.0,1.0,15.0,46.0,14.0,7.0,38.0,83.0,0.257,0.332,0.447,0.779,106.0,0.355,114.0,181.0,12.0,9.0,4.0,3.0,0.0,78H9/D,
Ben Francisco,27.0,CLE,AL,1.4,89.0,355.0,308.0,48.0,77.0,21.0,1.0,10.0,33.0,13.0,3.0,33.0,59.0,0.25,0.336,0.422,0.758,103.0,0.353,110.0,130.0,11.0,8.0,4.0,2.0,0.0,789/HD,
Ben Francisco,27.0,PHI,NL,0.2,37.0,104.0,97.0,10.0,27.0,9.0,0.0,5.0,13.0,1.0,4.0,5.0,24.0,0.278,0.317,0.526,0.843,117.0,0.364,127.0,51.0,1.0,1.0,0.0,1.0,0.0,H7/89,
Ben Zobrist#,28.0,TBR,AL,8.6,152.0,599.0,501.0,91.0,149.0,28.0,7.0,27.0,91.0,17.0,6.0,91.0,104.0,0.297,0.405,0.543,0.948,149.0,0.412,152.0,272.0,7.0,2.0,1.0,4.0,4.0,49H6/7835D,"AS,MVP-8"
Bengie Molina,34.0,SFG,NL,-0.5,132.0,520.0,491.0,52.0,130.0,25.0,1.0,20.0,80.0,0.0,0.0,13.0,68.0,0.265,0.285,0.442,0.727,87.0,0.314,78.0,217.0,14.0,5.0,0.0,11.0,3.0,*2H/D,
Bill Hall,29.0,2TM,2LG,-0.7,110.0,365.0,334.0,32.0,67.0,20.0,1.0,8.0,36.0,2.0,2.0,27.0,120.0,0.201,0.258,0.338,0.596,58.0,0.268,52.0,113.0,11.0,0.0,0.0,4.0,0.0,579/H48,
Bill Hall,29.0,MIL,NL,-0.6,76.0,234.0,214.0,22.0,43.0,12.0,0.0,6.0,24.0,1.0,0.0,19.0,72.0,0.201,0.265,0.341,0.606,60.0,0.277,54.0,73.0,10.0,0.0,0.0,1.0,0.0,5/H978,
Bill Hall,29.0,SEA,AL,-0.1,34.0,131.0,120.0,10.0,24.0,8.0,1.0,2.0,12.0,1.0,2.0,8.0,48.0,0.2,0.244,0.333,0.578,54.0,0.252,47.0,40.0,1.0,0.0,0.0,3.0,0.0,79/45H,
Billy Buckner,25.0,ARI,NL,0.1,14.0,23.0,21.0,0.0,5.0,2.0,0.0,0.0,6.0,0.0,0.0,0.0,8.0,0.238,0.238,0.333,0.571,46.0,0.246,20.0,7.0,1.0,0.0,2.0,0.0,0.0,1,
Billy Butler,23.0,KCR,AL,2.3,159.0,672.0,608.0,78.0,183.0,51.0,1.0,21.0,93.0,1.0,0.0,58.0,103.0,0.301,0.362,0.492,0.853,125.0,0.376,127.0,299.0,20.0,2.0,0.0,4.0,3.0,*3D/H,
Billy Sadler,27.0,HOU,NL,0.0,1.0,1.0,1.0,0.0,0.0,0.0,0.0,0.0,0.0,0.0,0.0,0.0,0.0,0.0,0.0,0.0,0.0,-100.0,0.0,-155.0,0.0,0.0,0.0,0.0,0.0,0.0,/1,
Billy Wagner*,37.0,NYM,NL,0.0,2.0,0.0,0.0,0.0,0.0,0.0,0.0,0.0,0.0,0.0,0.0,0.0,0.0,,,,,,,,0.0,0.0,0.0,0.0,0.0,0.0,/1,
Blaine Boyer,27.0,3TM,NL,-0.1,47.0,4.0,4.0,0.0,0.0,0.0,0.0,0.0,0.0,0.0,0.0,0.0,4.0,0.0,0.0,0.0,0.0,-100.0,0.0,-153.0,0.0,0.0,0.0,0.0,0.0,0.0,1,
Blaine Boyer,27.0,ATL,NL,0.0,3.0,0.0,0.0,0.0,0.0,0.0,0.0,0.0,0.0,0.0,0.0,0.0,0.0,,,,,,,,0.0,0.0,0.0,0.0,0.0,0.0,/1,
Blaine Boyer,27.0,STL,NL,0.0,15.0,1.0,1.0,0.0,0.0,0.0,0.0,0.0,0.0,0.0,0.0,0.0,1.0,0.0,0.0,0.0,0.0,-100.0,0.0,-155.0,0.0,0.0,0.0,0.0,0.0,0.0,1,
Blaine Boyer,27.0,ARI,NL,-0.1,29.0,3.0,3.0,0.0,0.0,0.0,0.0,0.0,0.0,0.0,0.0,0.0,3.0,0.0,0.0,0.0,0.0,-100.0,0.0,-153.0,0.0,0.0,0.0,0.0,0.0,0.0,1,
Blake DeWitt*,23.0,LAD,NL,0.0,31.0,53.0,49.0,4.0,10.0,3.0,0.0,2.0,4.0,0.0,0.0,3.0,7.0,0.204,0.245,0.388,0.633,68.0,0.304,78.0,19.0,2.0,0.0,0.0,1.0,0.0,H5/46,
Blake Hawksworth,26.0,STL,NL,0.0,28.0,0.0,0.0,0.0,0.0,0.0,0.0,0.0,0.0,0.0,0.0,0.0,0.0,,,,,,,,0.0,0.0,0.0,0.0,0.0,0.0,1,
Bob Howry*,35.0,SFG,NL,0.0,61.0,3.0,2.0,0.0,0.0,0.0,0.0,0.0,0.0,0.0,0.0,0.0,1.0,0.0,0.0,0.0,0.0,-100.0,0.0,-270.0,0.0,0.0,0.0,1.0,0.0,0.0,1,
Bobby Abreu*,35.0,LAA,AL,3.2,152.0,667.0,563.0,96.0,165.0,29.0,3.0,15.0,103.0,30.0,8.0,94.0,113.0,0.293,0.39,0.435,0.825,118.0,0.373,121.0,245.0,15.0,1.0,0.0,9.0,7.0,*9D7/H,MVP-12
Bobby Crosby,29.0,OAK,AL,-1.1,97.0,272.0,238.0,35.0,53.0,10.0,2.0,6.0,29.0,2.0,1.0,24.0,44.0,0.223,0.295,0.357,0.652,72.0,0.294,68.0,85.0,7.0,2.0,4.0,4.0,0.0,35H/64D9,
Bobby Jenks,28.0,CHW,AL,0.0,4.0,0.0,0.0,0.0,0.0,0.0,0.0,0.0,0.0,0.0,0.0,0.0,0.0,,,,,,,,0.0,0.0,0.0,0.0,0.0,0.0,1,
Bobby Keppel,27.0,MIN,AL,0.0,1.0,1.0,0.0,0.0,0.0,0.0,0.0,0.0,0.0,0.0,0.0,1.0,0.0,,1.0,,,,0.713,367.0,0.0,0.0,0.0,0.0,0.0,0.0,1,
Bobby Korecky,29.0,ARI,NL,0.0,5.0,0.0,0.0,0.0,0.0,0.0,0.0,0.0,0.0,0.0,0.0,0.0,0.0,,,,,,,,0.0,0.0,0.0,0.0,0.0,0.0,/1,
Bobby Parnell,24.0,NYM,NL,-0.1,65.0,12.0,8.0,1.0,1.0,0.0,0.0,0.0,0.0,0.0,0.0,0.0,3.0,0.125,0.125,0.125,0.25,-33.0,0.114,-142.0,1.0,0.0,0.0,4.0,0.0,0.0,1,
Bobby Scales#,31.0,CHC,NL,-0.2,51.0,138.0,124.0,15.0,30.0,8.0,2.0,3.0,15.0,0.0,0.0,11.0,32.0,0.242,0.312,0.411,0.723,84.0,0.315,74.0,51.0,5.0,2.0,0.0,1.0,1.0,H74/59,
Bobby Seay*,31.0,DET,AL,0.0,4.0,0.0,0.0,0.0,0.0,0.0,0.0,0.0,0.0,0.0,0.0,0.0,0.0,,,,,,,,0.0,0.0,0.0,0.0,0.0,0.0,1,
Bobby Wilson,26.0,LAA,AL,0.0,12.0,6.0,5.0,0.0,1.0,1.0,0.0,0.0,0.0,0.0,0.0,0.0,1.0,0.2,0.2,0.4,0.6,53.0,0.249,22.0,2.0,1.0,0.0,1.0,0.0,0.0,2/3,
Boone Logan,24.0,ATL,NL,0.0,20.0,0.0,0.0,0.0,0.0,0.0,0.0,0.0,0.0,0.0,0.0,0.0,0.0,,,,,,,,0.0,0.0,0.0,0.0,0.0,0.0,1,
Brad Ausmus,40.0,LAD,NL,0.4,36.0,107.0,95.0,9.0,28.0,4.0,0.0,1.0,9.0,1.0,0.0,5.0,21.0,0.295,0.343,0.368,0.712,93.0,0.326,91.0,35.0,1.0,2.0,5.0,0.0,0.0,2/H,
Brad Bergesen*,23.0,BAL,AL,0.1,2.0,7.0,5.0,1.0,1.0,0.0,0.0,0.0,0.0,0.0,0.0,0.0,0.0,0.2,0.2,0.2,0.4,6.0,0.364,122.0,1.0,0.0,0.0,2.0,0.0,0.0,1,
Brad Hawpe*,30.0,COL,NL,1.4,145.0,588.0,501.0,82.0,143.0,42.0,3.0,23.0,86.0,1.0,3.0,79.0,145.0,0.285,0.384,0.519,0.903,125.0,0.395,130.0,260.0,17.0,4.0,0.0,4.0,7.0,*9/HD,"AS,MVP-28"
Brad Lidge,32.0,PHI,NL,0.0,63.0,0.0,0.0,0.0,0.0,0.0,0.0,0.0,0.0,0.0,0.0,0.0,0.0,,,,,,,,0.0,0.0,0.0,0.0,0.0,0.0,1,
Brad Mills,24.0,TOR,AL,0.0,1.0,1.0,1.0,0.0,0.0,0.0,0.0,0.0,0.0,0.0,0.0,0.0,0.0,0.0,0.0,0.0,0.0,-100.0,0.0,-142.0,0.0,0.0,0.0,0.0,0.0,0.0,/1,
Brad Nelson*,26.0,MIL,NL,-0.4,19.0,23.0,21.0,0.0,0.0,0.0,0.0,0.0,0.0,0.0,0.0,2.0,9.0,0.0,0.087,0.0,0.087,-74.0,0.062,-100.0,0.0,1.0,0.0,0.0,0.0,0.0,H/79,
Brad Penny,31.0,2TM,2LG,-0.1,8.0,21.0,19.0,0.0,2.0,0.0,0.0,0.0,0.0,0.0,0.0,0.0,6.0,0.105,0.105,0.105,0.211,-45.0,0.144,-61.0,2.0,0.0,0.0,2.0,0.0,0.0,1,
Brad Penny,31.0,BOS,AL,0.0,2.0,5.0,5.0,0.0,0.0,0.0,0.0,0.0,0.0,0.0,0.0,0.0,0.0,0.0,0.0,0.0,0.0,-100.0,0.182,-18.0,0.0,0.0,0.0,0.0,0.0,0.0,1,
Brad Penny,31.0,SFG,NL,-0.1,6.0,16.0,14.0,0.0,2.0,0.0,0.0,0.0,0.0,0.0,0.0,0.0,6.0,0.143,0.143,0.143,0.286,-25.0,0.131,-77.0,2.0,0.0,0.0,2.0,0.0,0.0,/1,
Brad Thompson,27.0,STL,NL,-0.1,31.0,14.0,12.0,0.0,1.0,0.0,0.0,0.0,0.0,0.0,0.0,0.0,7.0,0.083,0.083,0.083,0.167,-55.0,0.076,-122.0,1.0,0.0,0.0,2.0,0.0,0.0,1,
Brad Ziegler,29.0,OAK,AL,0.0,4.0,0.0,0.0,0.0,0.0,0.0,0.0,0.0,0.0,0.0,0.0,0.0,0.0,,,,,,,,0.0,0.0,0.0,0.0,0.0,0.0,1,
Braden Looper,34.0,MIL,NL,0.1,32.0,73.0,60.0,3.0,12.0,0.0,0.0,0.0,8.0,0.0,0.0,2.0,18.0,0.2,0.226,0.2,0.426,15.0,0.2,-18.0,12.0,0.0,0.0,11.0,0.0,0.0,1,
Brandon Allen*,23.0,ARI,NL,-0.9,32.0,116.0,104.0,13.0,21.0,7.0,0.0,4.0,14.0,0.0,0.0,12.0,40.0,0.202,0.284,0.385,0.669,72.0,0.291,58.0,40.0,4.0,0.0,0.0,0.0,2.0,3/H,
Brandon Backe,31.0,HOU,NL,0.0,4.0,2.0,1.0,0.0,0.0,0.0,0.0,0.0,0.0,0.0,0.0,1.0,1.0,0.0,0.5,0.0,0.5,49.0,0.355,113.0,0.0,0.0,0.0,0.0,0.0,0.0,/1H,
Brandon Boggs#,26.0,TEX,AL,-0.3,9.0,18.0,17.0,0.0,1.0,1.0,0.0,0.0,0.0,0.0,0.0,1.0,8.0,0.059,0.111,0.118,0.229,-41.0,0.109,-70.0,2.0,0.0,0.0,0.0,0.0,0.0,/78H,
Brandon Inge,32.0,DET,AL,2.8,161.0,637.0,562.0,71.0,129.0,16.0,1.0,27.0,84.0,2.0,5.0,54.0,170.0,0.23,0.314,0.406,0.72,87.0,0.324,89.0,228.0,12.0,17.0,1.0,3.0,1.0,*5,AS
Brandon Jones*,25.0,ATL,NL,0.1,5.0,17.0,13.0,2.0,4.0,0.0,0.0,0.0,1.0,0.0,0.0,4.0,3.0,0.308,0.471,0.308,0.778,113.0,0.376,126.0,4.0,0.0,0.0,0.0,0.0,0.0,/7H,
Brandon League,26.0,TOR,AL,0.0,5.0,0.0,0.0,0.0,0.0,0.0,0.0,0.0,0.0,0.0,0.0,0.0,0.0,,,,,,,,0.0,0.0,0.0,0.0,0.0,0.0,1,
Brandon Lyon,29.0,DET,AL,0.0,3.0,0.0,0.0,0.0,0.0,0.0,0.0,0.0,0.0,0.0,0.0,0.0,0.0,,,,,,,,0.0,0.0,0.0,0.0,0.0,0.0,1,
Brandon McCarthy,25.0,TEX,AL,-0.1,1.0,4.0,4.0,0.0,0.0,0.0,0.0,0.0,0.0,0.0,0.0,0.0,0.0,0.0,0.0,0.0,0.0,-100.0,0.0,-148.0,0.0,0.0,0.0,0.0,0.0,0.0,1,
Brandon Medders,29.0,SFG,NL,0.0,60.0,2.0,2.0,0.0,0.0,0.0,0.0,0.0,0.0,0.0,0.0,0.0,1.0,0.0,0.0,0.0,0.0,-100.0,0.0,-143.0,0.0,0.0,0.0,0.0,0.0,0.0,1,
Brandon Morrow,24.0,SEA,AL,0.0,3.0,2.0,2.0,0.0,0.0,0.0,0.0,0.0,0.0,0.0,0.0,0.0,1.0,0.0,0.0,0.0,0.0,-100.0,0.0,-138.0,0.0,0.0,0.0,0.0,0.0,0.0,1,
Brandon Moss*,25.0,PIT,NL,-0.4,133.0,424.0,385.0,47.0,91.0,20.0,4.0,7.0,41.0,1.0,5.0,34.0,84.0,0.236,0.304,0.364,0.668,77.0,0.293,71.0,140.0,7.0,4.0,0.0,1.0,3.0,9H7,
Brandon Phillips,28.0,CIN,NL,2.8,153.0,644.0,584.0,78.0,161.0,30.0,5.0,20.0,98.0,25.0,9.0,44.0,75.0,0.276,0.329,0.447,0.776,103.0,0.347,102.0,261.0,21.0,6.0,2.0,8.0,3.0,*4/H,
Brandon Webb,30.0,ARI,NL,0.0,1.0,2.0,2.0,0.0,0.0,0.0,0.0,0.0,0.0,0.0,0.0,0.0,1.0,0.0,0.0,0.0,0.0,-100.0,0.0,-148.0,0.0,0.0,0.0,0.0,0.0,0.0,/1,
Brandon Wood,24.0,LAA,AL,-0.2,18.0,46.0,41.0,5.0,8.0,1.0,0.0,1.0,3.0,0.0,0.0,3.0,19.0,0.195,0.267,0.293,0.559,48.0,0.273,51.0,12.0,3.0,1.0,1.0,0.0,0.0,/563H,
Brayan Peña#,27.0,KCR,AL,0.2,64.0,183.0,165.0,17.0,45.0,10.0,0.0,6.0,18.0,0.0,0.0,12.0,18.0,0.273,0.318,0.442,0.761,100.0,0.335,98.0,73.0,5.0,0.0,4.0,2.0,2.0,2DH,
Brendan Donnelly,37.0,FLA,NL,0.0,30.0,0.0,0.0,0.0,0.0,0.0,0.0,0.0,0.0,0.0,0.0,0.0,0.0,,,,,,,,0.0,0.0,0.0,0.0,0.0,0.0,1,
Brendan Harris,28.0,MIN,AL,-0.7,123.0,453.0,414.0,44.0,108.0,22.0,1.0,6.0,37.0,0.0,2.0,29.0,78.0,0.261,0.31,0.362,0.672,78.0,0.318,87.0,150.0,16.0,3.0,1.0,6.0,0.0,65H4/D3,
Brendan Ryan,27.0,STL,NL,4.5,129.0,429.0,390.0,55.0,114.0,19.0,7.0,3.0,37.0,14.0,7.0,24.0,56.0,0.292,0.34,0.4,0.74,97.0,0.338,100.0,156.0,9.0,6.0,6.0,3.0,3.0,64H,
Brent Dlugach,26.0,DET,AL,0.0,5.0,3.0,3.0,1.0,0.0,0.0,0.0,0.0,0.0,0.0,0.0,0.0,2.0,0.0,0.0,0.0,0.0,-100.0,0.0,-144.0,0.0,0.0,0.0,0.0,0.0,0.0,/56DH,
Brent Leach*,26.0,LAD,NL,0.0,34.0,0.0,0.0,0.0,0.0,0.0,0.0,0.0,0.0,0.0,0.0,0.0,0.0,,,,,,,,0.0,0.0,0.0,0.0,0.0,0.0,1,
Brent Lillibridge,25.0,CHW,AL,-0.1,46.0,112.0,95.0,9.0,15.0,2.0,0.0,0.0,3.0,6.0,3.0,14.0,26.0,0.158,0.273,0.179,0.452,20.0,0.225,11.0,17.0,2.0,1.0,2.0,0.0,0.0,48H/6D5,
Brett Anderson*,21.0,OAK,AL,-0.1,2.0,3.0,3.0,0.0,0.0,0.0,0.0,0.0,0.0,0.0,0.0,0.0,2.0,0.0,0.0,0.0,0.0,-100.0,0.0,-142.0,0.0,0.0,0.0,0.0,0.0,0.0,1,ROY-6
Brett Carroll,26.0,FLA,NL,0.8,92.0,158.0,141.0,18.0,33.0,8.0,2.0,3.0,18.0,0.0,0.0,11.0,33.0,0.234,0.306,0.383,0.689,79.0,0.31,75.0,54.0,2.0,4.0,1.0,1.0,1.0,9H7/8,
Brett Cecil,22.0,TOR,AL,0.0,1.0,2.0,2.0,0.0,0.0,0.0,0.0,0.0,0.0,0.0,0.0,0.0,2.0,0.0,0.0,0.0,0.0,-100.0,0.0,-146.0,0.0,0.0,0.0,0.0,0.0,0.0,1,
Brett Gardner*,25.0,NYY,AL,2.3,108.0,284.0,248.0,48.0,67.0,6.0,6.0,3.0,23.0,26.0,5.0,26.0,40.0,0.27,0.345,0.379,0.724,87.0,0.347,90.0,94.0,3.0,3.0,6.0,1.0,0.0,8H/D,
Brett Hayes,25.0,FLA,NL,0.1,14.0,12.0,11.0,5.0,3.0,1.0,0.0,1.0,2.0,0.0,0.0,0.0,4.0,0.273,0.333,0.636,0.97,147.0,0.413,150.0,7.0,1.0,1.0,0.0,0.0,0.0,H/3,
Brett Myers,28.0,PHI,NL,0.1,17.0,20.0,18.0,2.0,4.0,1.0,0.0,0.0,0.0,0.0,0.0,1.0,4.0,0.222,0.263,0.278,0.541,43.0,0.248,28.0,5.0,0.0,0.0,1.0,0.0,0.0,1,
Brett Tomko,36.0,NYY,AL,0.0,3.0,1.0,1.0,0.0,0.0,0.0,0.0,0.0,0.0,0.0,0.0,0.0,1.0,0.0,0.0,0.0,0.0,-100.0,0.0,-150.0,0.0,0.0,0.0,0.0,0.0,0.0,1,
Brian Anderson,27.0,2TM,AL,-0.6,86.0,231.0,202.0,32.0,49.0,9.0,0.0,4.0,18.0,3.0,6.0,23.0,54.0,0.243,0.328,0.347,0.674,75.0,0.294,69.0,70.0,6.0,3.0,2.0,1.0,0.0,89H/7,
Brian Anderson,27.0,CHW,AL,-0.5,65.0,210.0,185.0,25.0,44.0,9.0,0.0,2.0,13.0,3.0,6.0,20.0,49.0,0.238,0.322,0.319,0.641,67.0,0.281,60.0,59.0,4.0,3.0,2.0,0.0,0.0,8/H9,
Brian Anderson,27.0,BOS,AL,-0.1,21.0,21.0,17.0,7.0,5.0,0.0,0.0,2.0,5.0,0.0,0.0,3.0,5.0,0.294,0.381,0.647,1.028,159.0,0.42,151.0,11.0,2.0,0.0,0.0,1.0,0.0,9/H87,
Brian Bannister,28.0,KCR,AL,0.0,2.0,5.0,5.0,0.0,1.0,0.0,0.0,0.0,1.0,0.0,0.0,0.0,2.0,0.2,0.2,0.2,0.4,7.0,0.182,-12.0,1.0,1.0,0.0,0.0,0.0,0.0,1,
Brian Barden,28.0,STL,NL,0.1,52.0,114.0,103.0,13.0,24.0,3.0,0.0,4.0,10.0,0.0,0.0,6.0,21.0,0.233,0.286,0.379,0.664,76.0,0.311,79.0,39.0,3.0,2.0,2.0,1.0,0.0,5H/64,
Brian Barton,27.0,ATL,NL,0.0,1.0,0.0,0.0,0.0,0.0,0.0,0.0,0.0,0.0,0.0,1.0,0.0,0.0,,,,,,,,0.0,0.0,0.0,0.0,0.0,0.0,/9H,
Brian Bass,27.0,BAL,AL,0.0,3.0,1.0,1.0,0.0,0.0,0.0,0.0,0.0,0.0,0.0,0.0,0.0,1.0,0.0,0.0,0.0,0.0,-100.0,0.0,-142.0,0.0,0.0,0.0,0.0,0.0,0.0,1,
Brian Bixler,26.0,PIT,NL,-0.3,18.0,46.0,44.0,5.0,10.0,5.0,0.0,0.0,3.0,1.0,0.0,2.0,26.0,0.227,0.261,0.341,0.602,59.0,0.267,44.0,15.0,0.0,0.0,0.0,0.0,0.0,6/4H8,
Brian Bruney,27.0,NYY,AL,0.0,6.0,0.0,0.0,0.0,0.0,0.0,0.0,0.0,0.0,0.0,0.0,0.0,0.0,,,,,,,,0.0,0.0,0.0,0.0,0.0,0.0,1,
Brian Buscher*,28.0,MIN,AL,0.2,61.0,164.0,136.0,14.0,32.0,3.0,1.0,2.0,12.0,0.0,0.0,24.0,35.0,0.235,0.36,0.316,0.676,82.0,0.321,88.0,43.0,3.0,3.0,0.0,1.0,0.0,5H3/D,
Brian Fuentes*,33.0,LAA,AL,0.0,7.0,0.0,0.0,0.0,0.0,0.0,0.0,0.0,0.0,0.0,0.0,0.0,0.0,,,,,,,,0.0,0.0,0.0,0.0,0.0,0.0,1,AS
Brian Giles*,38.0,SDP,NL,-1.9,61.0,254.0,225.0,18.0,43.0,10.0,1.0,2.0,23.0,1.0,0.0,26.0,31.0,0.191,0.277,0.271,0.548,52.0,0.257,49.0,61.0,6.0,1.0,0.0,1.0,2.0,9/H,
Brian McCann*,25.0,ATL,NL,3.2,138.0,551.0,488.0,63.0,137.0,35.0,1.0,21.0,94.0,4.0,1.0,49.0,83.0,0.281,0.349,0.486,0.834,119.0,0.376,125.0,237.0,17.0,5.0,3.0,6.0,3.0,*2H/D,"AS,SS"
Brian Moehler,37.0,HOU,NL,-0.4,28.0,47.0,42.0,0.0,1.0,0.0,0.0,0.0,0.0,0.0,0.0,1.0,18.0,0.024,0.068,0.024,0.092,-74.0,0.072,-105.0,1.0,1.0,1.0,3.0,0.0,0.0,1,
Brian Roberts#,31.0,BAL,AL,3.0,159.0,717.0,632.0,110.0,179.0,56.0,1.0,16.0,79.0,30.0,7.0,74.0,112.0,0.283,0.356,0.451,0.807,110.0,0.361,110.0,285.0,7.0,2.0,1.0,8.0,3.0,*4/H,
Brian Sanches,30.0,FLA,NL,0.0,43.0,5.0,4.0,1.0,0.0,0.0,0.0,0.0,1.0,0.0,0.0,0.0,0.0,0.0,0.0,0.0,0.0,-100.0,0.229,-4.0,0.0,0.0,0.0,1.0,0.0,0.0,1,
Brian Schneider*,32.0,NYM,NL,0.1,59.0,194.0,170.0,11.0,37.0,11.0,0.0,3.0,24.0,0.0,0.0,18.0,21.0,0.218,0.292,0.335,0.627,68.0,0.295,69.0,57.0,5.0,1.0,2.0,3.0,1.0,2/H,
Brian Shouse*,40.0,TBR,AL,0.0,1.0,0.0,0.0,0.0,0.0,0.0,0.0,0.0,0.0,0.0,0.0,0.0,0.0,,,,,,,,0.0,0.0,0.0,0.0,0.0,0.0,1,
Brian Stokes,29.0,NYM,NL,0.0,66.0,1.0,0.0,0.0,0.0,0.0,0.0,0.0,0.0,0.0,0.0,0.0,0.0,,,,,,,,0.0,0.0,0.0,1.0,0.0,0.0,1,
Brian Tallet*,31.0,TOR,AL,0.0,1.0,2.0,2.0,0.0,0.0,0.0,0.0,0.0,0.0,0.0,0.0,0.0,1.0,0.0,0.0,0.0,0.0,-100.0,0.0,-146.0,0.0,0.0,0.0,0.0,0.0,0.0,1,
Brian Wilson,27.0,SFG,NL,0.0,67.0,2.0,2.0,0.0,0.0,0.0,0.0,0.0,0.0,0.0,0.0,0.0,0.0,0.0,0.0,0.0,0.0,-100.0,0.0,-143.0,0.0,1.0,0.0,0.0,0.0,0.0,1,
Brian Wolfe,28.0,TOR,AL,0.0,1.0,0.0,0.0,0.0,0.0,0.0,0.0,0.0,0.0,0.0,0.0,0.0,0.0,,,,,,,,0.0,0.0,0.0,0.0,0.0,0.0,1,
Bronson Arroyo,32.0,CIN,NL,-0.5,34.0,76.0,62.0,4.0,7.0,3.0,0.0,0.0,0.0,0.0,0.0,0.0,27.0,0.113,0.113,0.161,0.274,-28.0,0.12,-96.0,10.0,2.0,0.0,14.0,0.0,0.0,1/H,
Brooks Conrad#,29.0,ATL,NL,-0.2,30.0,58.0,54.0,7.0,11.0,1.0,2.0,2.0,8.0,0.0,0.0,3.0,14.0,0.204,0.259,0.407,0.666,74.0,0.281,56.0,22.0,1.0,1.0,0.0,0.0,1.0,H4/5,
Bruce Chen*,32.0,KCR,AL,0.1,1.0,2.0,1.0,0.0,1.0,0.0,0.0,0.0,0.0,0.0,0.0,1.0,0.0,1.0,1.0,1.0,2.0,438.0,0.811,438.0,1.0,0.0,0.0,0.0,0.0,0.0,1,
Bryan Augenstein,22.0,ARI,NL,0.0,7.0,4.0,3.0,1.0,0.0,0.0,0.0,0.0,0.0,0.0,0.0,1.0,1.0,0.0,0.25,0.0,0.25,-28.0,0.177,-24.0,0.0,0.0,0.0,0.0,0.0,0.0,/1,
Bud Norris,24.0,HOU,NL,0.0,11.0,18.0,16.0,1.0,3.0,0.0,0.0,0.0,0.0,0.0,0.0,0.0,4.0,0.188,0.235,0.188,0.423,15.0,0.188,-16.0,3.0,0.0,1.0,1.0,0.0,0.0,1,
Buddy Carlyle*,31.0,ATL,NL,0.0,17.0,2.0,2.0,0.0,0.0,0.0,0.0,0.0,0.0,0.0,0.0,0.0,1.0,0.0,0.0,0.0,0.0,-100.0,0.0,-143.0,0.0,0.0,0.0,0.0,0.0,0.0,1,
Burke Badenhop,26.0,FLA,NL,-0.2,32.0,13.0,10.0,0.0,0.0,0.0,0.0,0.0,1.0,0.0,0.0,0.0,5.0,0.0,0.0,0.0,0.0,-100.0,0.0,-222.0,0.0,0.0,0.0,3.0,0.0,0.0,1,
Buster Posey,22.0,SFG,NL,-0.1,7.0,17.0,17.0,1.0,2.0,0.0,0.0,0.0,0.0,0.0,0.0,0.0,4.0,0.118,0.118,0.118,0.235,-38.0,0.216,7.0,2.0,0.0,0.0,0.0,0.0,0.0,/2H,
Bárbaro Cañizares,29.0,ATL,NL,-0.4,5.0,21.0,21.0,1.0,4.0,1.0,0.0,0.0,0.0,0.0,0.0,0.0,6.0,0.19,0.19,0.238,0.429,13.0,0.191,-8.0,5.0,0.0,0.0,0.0,0.0,0.0,/3,
C.J. Wilson*,28.0,TEX,AL,0.0,4.0,0.0,0.0,0.0,0.0,0.0,0.0,0.0,0.0,0.0,0.0,0.0,0.0,,,,,,,,0.0,0.0,0.0,0.0,0.0,0.0,1,
Cameron Maybin,22.0,FLA,NL,-0.1,54.0,199.0,176.0,30.0,44.0,12.0,2.0,4.0,13.0,1.0,3.0,17.0,51.0,0.25,0.318,0.409,0.727,89.0,0.329,93.0,72.0,2.0,1.0,4.0,1.0,1.0,8/H,
Carl Crawford*,27.0,TBR,AL,5.0,156.0,672.0,606.0,96.0,185.0,28.0,8.0,15.0,68.0,60.0,16.0,51.0,99.0,0.305,0.364,0.452,0.816,116.0,0.37,117.0,274.0,7.0,8.0,2.0,5.0,1.0,*7/HD,AS
Carl Pavano,33.0,CLE,AL,0.0,1.0,2.0,2.0,0.0,0.0,0.0,0.0,0.0,0.0,0.0,0.0,0.0,0.0,0.0,0.0,0.0,0.0,-100.0,0.0,-138.0,0.0,0.0,0.0,0.0,0.0,0.0,1,
Carlos Beltrán#,32.0,NYM,NL,3.6,81.0,357.0,308.0,50.0,100.0,22.0,1.0,10.0,48.0,11.0,1.0,47.0,43.0,0.325,0.415,0.5,0.915,144.0,0.418,155.0,154.0,9.0,1.0,0.0,1.0,10.0,8/DH,AS
Carlos Corporán#,25.0,MIL,NL,0.0,1.0,1.0,1.0,1.0,1.0,0.0,0.0,0.0,0.0,0.0,0.0,0.0,0.0,1.0,1.0,1.0,2.0,437.0,0.915,527.0,1.0,0.0,0.0,0.0,0.0,0.0,/2,
Carlos Delgado*,37.0,NYM,NL,0.6,26.0,112.0,94.0,15.0,28.0,7.0,1.0,4.0,23.0,0.0,0.0,12.0,20.0,0.298,0.393,0.521,0.914,143.0,0.407,150.0,49.0,3.0,4.0,0.0,2.0,0.0,3/H,
Carlos Fisher,26.0,CIN,NL,0.0,35.0,1.0,1.0,0.0,0.0,0.0,0.0,0.0,0.0,0.0,0.0,0.0,1.0,0.0,0.0,0.0,0.0,-100.0,0.0,-155.0,0.0,0.0,0.0,0.0,0.0,0.0,1,
Carlos González*,23.0,COL,NL,1.8,89.0,317.0,278.0,53.0,79.0,14.0,7.0,13.0,29.0,16.0,4.0,28.0,70.0,0.284,0.353,0.525,0.878,118.0,0.385,117.0,146.0,3.0,3.0,5.0,3.0,3.0,78H/9,
Carlos Guillén#,33.0,DET,AL,0.0,81.0,322.0,277.0,36.0,67.0,10.0,3.0,11.0,41.0,1.0,3.0,39.0,56.0,0.242,0.339,0.419,0.757,97.0,0.333,96.0,116.0,7.0,3.0,0.0,3.0,2.0,7D/H3,
Carlos Gómez,23.0,MIN,AL,0.5,137.0,349.0,315.0,51.0,72.0,15.0,5.0,3.0,28.0,14.0,7.0,22.0,72.0,0.229,0.287,0.337,0.623,65.0,0.28,58.0,106.0,1.0,4.0,7.0,1.0,0.0,*8H/D,
Carlos Lee,33.0,HOU,NL,1.9,160.0,662.0,610.0,65.0,183.0,35.0,1.0,26.0,102.0,5.0,3.0,41.0,51.0,0.3,0.343,0.489,0.831,119.0,0.37,123.0,298.0,21.0,3.0,0.0,8.0,5.0,*7/D3,
Carlos Martínez,27.0,FLA,NL,0.0,2.0,0.0,0.0,0.0,0.0,0.0,0.0,0.0,0.0,0.0,0.0,0.0,0.0,,,,,,,,0.0,0.0,0.0,0.0,0.0,0.0,/1,
Carlos Mármol,26.0,CHC,NL,0.0,75.0,0.0,0.0,0.0,0.0,0.0,0.0,0.0,0.0,0.0,0.0,0.0,0.0,,,,,,,,0.0,0.0,0.0,0.0,0.0,0.0,1,
Carlos Peña*,31.0,TBR,AL,3.1,135.0,570.0,471.0,91.0,107.0,25.0,2.0,39.0,100.0,3.0,3.0,87.0,163.0,0.227,0.356,0.537,0.893,133.0,0.378,130.0,253.0,5.0,9.0,0.0,3.0,11.0,*3/H,AS
Carlos Quentin,26.0,CHW,AL,-0.6,99.0,399.0,351.0,47.0,83.0,14.0,0.0,21.0,56.0,3.0,0.0,31.0,52.0,0.236,0.323,0.456,0.779,98.0,0.343,95.0,160.0,11.0,15.0,0.0,2.0,2.0,7/DH,
Carlos Ruiz,30.0,PHI,NL,2.7,107.0,379.0,322.0,32.0,82.0,26.0,1.0,9.0,43.0,3.0,2.0,47.0,39.0,0.255,0.355,0.425,0.78,105.0,0.344,101.0,137.0,8.0,4.0,4.0,2.0,8.0,2/H,
Carlos Torres,26.0,CHW,AL,-0.1,1.0,3.0,3.0,0.0,0.0,0.0,0.0,0.0,0.0,0.0,0.0,0.0,3.0,0.0,0.0,0.0,0.0,-100.0,0.0,-150.0,0.0,0.0,0.0,0.0,0.0,0.0,/1,
Carlos Villanueva,25.0,MIL,NL,0.0,61.0,13.0,11.0,0.0,1.0,0.0,0.0,0.0,0.0,0.0,0.0,1.0,7.0,0.091,0.167,0.091,0.258,-29.0,0.135,-60.0,1.0,0.0,0.0,1.0,0.0,0.0,1,
Carlos Zambrano#,28.0,CHC,NL,0.6,33.0,72.0,69.0,7.0,15.0,5.0,0.0,4.0,11.0,0.0,0.0,1.0,28.0,0.217,0.225,0.464,0.689,71.0,0.29,56.0,32.0,0.0,0.0,1.0,1.0,0.0,1/H,SS
Casey Blake,35.0,LAD,NL,4.6,139.0,565.0,485.0,84.0,136.0,25.0,6.0,18.0,79.0,3.0,4.0,63.0,116.0,0.28,0.363,0.468,0.832,123.0,0.369,127.0,227.0,12.0,6.0,1.0,10.0,8.0,*5/H37,
Casey Fossum*,31.0,NYM,NL,0.0,3.0,0.0,0.0,0.0,0.0,0.0,0.0,0.0,0.0,0.0,0.0,0.0,0.0,,,,,,,,0.0,0.0,0.0,0.0,0.0,0.0,/1,
Casey Janssen,27.0,TOR,AL,0.0,1.0,2.0,1.0,0.0,0.0,0.0,0.0,0.0,0.0,0.0,0.0,0.0,0.0,0.0,0.0,0.0,0.0,-100.0,0.0,-392.0,0.0,0.0,0.0,1.0,0.0,0.0,1,
Casey Kotchman*,26.0,2TM,2LG,1.2,126.0,431.0,385.0,37.0,103.0,23.0,0.0,7.0,48.0,1.0,0.0,39.0,42.0,0.268,0.339,0.382,0.721,90.0,0.335,94.0,147.0,11.0,4.0,0.0,3.0,6.0,*3H,
Casey Kotchman*,26.0,ATL,NL,1.0,87.0,336.0,298.0,28.0,84.0,20.0,0.0,6.0,41.0,0.0,0.0,32.0,28.0,0.282,0.354,0.409,0.764,102.0,0.347,105.0,122.0,7.0,3.0,0.0,3.0,6.0,3/H,
Casey Kotchman*,26.0,BOS,AL,0.2,39.0,95.0,87.0,9.0,19.0,3.0,0.0,1.0,7.0,1.0,0.0,7.0,14.0,0.218,0.284,0.287,0.572,48.0,0.293,59.0,25.0,4.0,1.0,0.0,0.0,0.0,3H,
Casey McGehee,26.0,MIL,NL,1.3,116.0,394.0,355.0,58.0,107.0,20.0,1.0,16.0,66.0,0.0,2.0,34.0,67.0,0.301,0.36,0.499,0.859,126.0,0.375,128.0,177.0,13.0,1.0,0.0,4.0,2.0,5H4/3D9,ROY-5
CC Sabathia*,28.0,NYY,AL,0.0,2.0,4.0,4.0,1.0,1.0,0.0,0.0,0.0,1.0,0.0,0.0,0.0,1.0,0.25,0.25,0.25,0.5,30.0,0.227,15.0,1.0,0.0,0.0,0.0,0.0,0.0,1,"CYA-4,MVP-21"
Cesar Carrillo,25.0,SDP,NL,0.0,3.0,3.0,3.0,0.0,0.0,0.0,0.0,0.0,0.0,0.0,0.0,0.0,1.0,0.0,0.0,0.0,0.0,-100.0,0.0,-135.0,0.0,0.0,0.0,0.0,0.0,0.0,/1,
Chad Billingsley,24.0,LAD,NL,0.2,30.0,67.0,56.0,2.0,10.0,2.0,0.0,1.0,4.0,0.0,0.0,4.0,24.0,0.179,0.233,0.268,0.501,35.0,0.23,16.0,15.0,1.0,0.0,7.0,0.0,0.0,1,AS
Chad Durbin,31.0,PHI,NL,0.0,56.0,7.0,7.0,0.0,1.0,0.0,0.0,0.0,0.0,0.0,0.0,0.0,3.0,0.143,0.143,0.143,0.286,-24.0,0.131,-53.0,1.0,0.0,0.0,0.0,0.0,0.0,1,
Chad Fox,38.0,CHC,NL,0.0,2.0,0.0,0.0,0.0,0.0,0.0,0.0,0.0,0.0,0.0,0.0,0.0,0.0,,,,,,,,0.0,0.0,0.0,0.0,0.0,0.0,/1,
Chad Gaudin,26.0,2TM,2LG,-0.3,18.0,30.0,28.0,0.0,1.0,0.0,0.0,0.0,0.0,0.0,0.0,1.0,14.0,0.036,0.069,0.036,0.105,-70.0,0.056,-102.0,1.0,0.0,0.0,1.0,0.0,0.0,1,
Chad Gaudin,26.0,SDP,NL,-0.3,17.0,30.0,28.0,0.0,1.0,0.0,0.0,0.0,0.0,0.0,0.0,1.0,14.0,0.036,0.069,0.036,0.105,-70.0,0.056,-102.0,1.0,0.0,0.0,1.0,0.0,0.0,1,
Chad Gaudin,26.0,NYY,AL,0.0,1.0,0.0,0.0,0.0,0.0,0.0,0.0,0.0,0.0,0.0,0.0,0.0,0.0,,,,,,,,0.0,0.0,0.0,0.0,0.0,0.0,1,
Chad Moeller,34.0,BAL,AL,0.2,30.0,100.0,89.0,6.0,23.0,8.0,1.0,2.0,10.0,0.0,0.0,7.0,16.0,0.258,0.313,0.438,0.751,94.0,0.332,92.0,39.0,3.0,1.0,1.0,2.0,0.0,2,
Chad Paronto,33.0,HOU,NL,0.0,6.0,0.0,0.0,0.0,0.0,0.0,0.0,0.0,0.0,0.0,0.0,0.0,0.0,,,,,,,,0.0,0.0,0.0,0.0,0.0,0.0,/1,
Chad Qualls,30.0,ARI,NL,0.0,48.0,2.0,2.0,0.0,0.0,0.0,0.0,0.0,0.0,0.0,0.0,0.0,2.0,0.0,0.0,0.0,0.0,-100.0,0.0,-148.0,0.0,0.0,0.0,0.0,0.0,0.0,1,
Chad Tracy*,29.0,ARI,NL,-0.8,98.0,288.0,257.0,29.0,61.0,15.0,0.0,8.0,39.0,1.0,0.0,26.0,38.0,0.237,0.306,0.389,0.695,79.0,0.31,71.0,100.0,3.0,1.0,0.0,4.0,7.0,3H/5,
Chan Ho Park,36.0,PHI,NL,0.2,42.0,18.0,14.0,1.0,2.0,0.0,0.0,1.0,1.0,0.0,0.0,3.0,5.0,0.143,0.294,0.357,0.651,71.0,0.299,66.0,5.0,0.0,0.0,1.0,0.0,0.0,1,
Charlie Haeger,25.0,LAD,NL,-0.1,6.0,5.0,4.0,0.0,0.0,0.0,0.0,0.0,0.0,0.0,0.0,0.0,4.0,0.0,0.0,0.0,0.0,-100.0,0.0,-204.0,0.0,0.0,0.0,1.0,0.0,0.0,/1,
Charlie Morton,25.0,PIT,NL,-0.1,18.0,33.0,31.0,1.0,4.0,0.0,0.0,0.0,1.0,0.0,0.0,0.0,15.0,0.129,0.129,0.129,0.258,-31.0,0.148,-47.0,4.0,0.0,0.0,2.0,0.0,0.0,1,
Chase Headley#,25.0,SDP,NL,0.6,156.0,612.0,543.0,62.0,142.0,31.0,2.0,12.0,64.0,10.0,2.0,62.0,133.0,0.262,0.342,0.392,0.734,102.0,0.34,108.0,213.0,19.0,5.0,0.0,2.0,3.0,*75H/D3,
Chase Utley*,30.0,PHI,NL,8.2,156.0,687.0,571.0,112.0,161.0,28.0,4.0,31.0,93.0,23.0,0.0,88.0,110.0,0.282,0.397,0.508,0.905,137.0,0.41,142.0,290.0,5.0,24.0,0.0,4.0,3.0,*4/H,"AS,MVP-8,SS"
Chien-Ming Wang,29.0,NYY,AL,-0.1,2.0,4.0,3.0,0.0,0.0,0.0,0.0,0.0,0.0,0.0,0.0,0.0,0.0,0.0,0.0,0.0,0.0,-100.0,0.0,-231.0,0.0,1.0,0.0,1.0,0.0,0.0,1,
Chin-lung Hu,25.0,LAD,NL,0.0,5.0,6.0,5.0,2.0,2.0,1.0,0.0,0.0,2.0,0.0,0.0,0.0,2.0,0.4,0.333,0.6,0.933,146.0,0.363,121.0,3.0,1.0,0.0,0.0,1.0,0.0,/6H,
Chipper Jones#,37.0,ATL,NL,2.3,143.0,596.0,488.0,80.0,129.0,23.0,2.0,18.0,71.0,4.0,1.0,101.0,89.0,0.264,0.388,0.43,0.818,117.0,0.362,116.0,210.0,14.0,1.0,0.0,6.0,18.0,*5/HD,
Chone Figgins#,31.0,LAA,AL,7.7,158.0,729.0,615.0,114.0,183.0,30.0,7.0,5.0,54.0,42.0,17.0,101.0,114.0,0.298,0.395,0.393,0.789,110.0,0.369,120.0,242.0,8.0,1.0,8.0,4.0,0.0,*5/4D7,"AS,MVP-10"
Chris Bootcheck,30.0,PIT,NL,0.0,13.0,2.0,2.0,0.0,0.0,0.0,0.0,0.0,0.0,0.0,0.0,0.0,2.0,0.0,0.0,0.0,0.0,-100.0,0.0,-143.0,0.0,0.0,0.0,0.0,0.0,0.0,1,
Chris Burke,29.0,SDP,NL,-0.4,32.0,89.0,82.0,8.0,17.0,5.0,0.0,1.0,5.0,4.0,1.0,6.0,16.0,0.207,0.27,0.305,0.575,59.0,0.264,51.0,25.0,1.0,1.0,0.0,0.0,0.0,6/H54,
Chris Carpenter,34.0,STL,NL,0.3,26.0,69.0,63.0,3.0,11.0,3.0,0.0,1.0,7.0,0.0,0.0,2.0,13.0,0.175,0.212,0.27,0.482,28.0,0.215,7.0,17.0,1.0,1.0,3.0,0.0,0.0,1,"CYA-2,MVP-14"
Chris Carter*,26.0,BOS,AL,-0.2,4.0,6.0,5.0,0.0,0.0,0.0,0.0,0.0,1.0,0.0,0.0,0.0,4.0,0.0,0.0,0.0,0.0,-100.0,0.0,-149.0,0.0,0.0,0.0,0.0,1.0,0.0,/H9,
Chris Coghlan*,24.0,FLA,NL,1.1,128.0,565.0,504.0,84.0,162.0,31.0,6.0,9.0,47.0,8.0,5.0,53.0,77.0,0.321,0.39,0.46,0.85,122.0,0.38,126.0,232.0,3.0,4.0,3.0,1.0,2.0,*7/H4,"MVP-28,ROY-1"
Chris Coste,36.0,2TM,NL,-0.8,88.0,230.0,205.0,15.0,46.0,13.0,0.0,2.0,18.0,0.0,0.0,22.0,55.0,0.224,0.301,0.317,0.618,64.0,0.284,59.0,65.0,5.0,1.0,1.0,1.0,1.0,2H3/D,
Chris Coste,36.0,PHI,NL,0.2,45.0,118.0,102.0,12.0,25.0,8.0,0.0,2.0,8.0,0.0,0.0,14.0,27.0,0.245,0.342,0.382,0.724,91.0,0.332,92.0,39.0,2.0,1.0,1.0,0.0,1.0,2H/D3,
Chris Coste,36.0,HOU,NL,-0.9,43.0,112.0,103.0,3.0,21.0,5.0,0.0,0.0,10.0,0.0,0.0,8.0,28.0,0.204,0.259,0.252,0.511,37.0,0.235,25.0,26.0,3.0,0.0,0.0,1.0,0.0,23/H,
Chris Davis*,23.0,TEX,AL,-0.9,113.0,419.0,391.0,48.0,93.0,15.0,1.0,21.0,59.0,0.0,0.0,24.0,150.0,0.238,0.284,0.442,0.726,85.0,0.313,76.0,173.0,6.0,2.0,0.0,2.0,2.0,35/DH,
Chris Denorfia,28.0,OAK,AL,0.0,4.0,2.0,2.0,1.0,0.0,0.0,0.0,0.0,1.0,0.0,0.0,0.0,0.0,0.0,0.0,0.0,0.0,-100.0,0.456,183.0,0.0,0.0,0.0,0.0,0.0,0.0,/789DH,
Chris Dickerson*,27.0,CIN,NL,1.2,97.0,299.0,255.0,31.0,70.0,13.0,3.0,2.0,15.0,11.0,3.0,39.0,66.0,0.275,0.37,0.373,0.743,98.0,0.347,101.0,95.0,3.0,1.0,2.0,2.0,1.0,7H89,
Chris Duffy*,29.0,MIL,NL,0.0,19.0,37.0,32.0,3.0,4.0,1.0,0.0,0.0,3.0,0.0,0.0,4.0,12.0,0.125,0.222,0.156,0.378,3.0,0.187,-12.0,5.0,1.0,0.0,1.0,0.0,0.0,H/879,
Chris Duncan*,28.0,STL,NL,-0.5,87.0,304.0,260.0,25.0,59.0,15.0,2.0,5.0,32.0,0.0,1.0,41.0,67.0,0.227,0.329,0.358,0.687,83.0,0.316,84.0,93.0,6.0,0.0,0.0,3.0,1.0,7H/3D,
Chris Getz*,25.0,CHW,AL,0.3,107.0,415.0,375.0,49.0,98.0,18.0,4.0,2.0,31.0,25.0,2.0,30.0,54.0,0.261,0.324,0.347,0.67,73.0,0.322,73.0,130.0,4.0,6.0,1.0,3.0,1.0,4/H,
Chris Gimenez,26.0,CLE,AL,-0.7,45.0,130.0,111.0,12.0,16.0,2.0,0.0,3.0,7.0,1.0,1.0,17.0,36.0,0.144,0.256,0.243,0.499,36.0,0.234,29.0,27.0,3.0,0.0,1.0,1.0,0.0,37/29H,
Chris Iannetta,26.0,COL,NL,1.7,93.0,350.0,289.0,41.0,66.0,15.0,2.0,16.0,52.0,0.0,1.0,43.0,75.0,0.228,0.344,0.46,0.804,101.0,0.352,97.0,133.0,4.0,11.0,1.0,6.0,3.0,2/H,
Chris Jakubauskas*,30.0,SEA,AL,0.0,2.0,2.0,2.0,0.0,0.0,0.0,0.0,0.0,0.0,0.0,0.0,0.0,1.0,0.0,0.0,0.0,0.0,-100.0,0.0,-138.0,0.0,0.0,0.0,0.0,0.0,0.0,1,
Chris Johnson,24.0,HOU,NL,-0.5,11.0,23.0,22.0,1.0,2.0,0.0,0.0,0.0,1.0,0.0,0.0,1.0,6.0,0.091,0.13,0.091,0.221,-39.0,0.11,-65.0,2.0,0.0,0.0,0.0,0.0,0.0,/5H,
Chris Leroux*,25.0,FLA,NL,0.0,5.0,0.0,0.0,0.0,0.0,0.0,0.0,0.0,0.0,0.0,0.0,0.0,0.0,,,,,,,,0.0,0.0,0.0,0.0,0.0,0.0,/1,
Chris Narveson*,27.0,MIL,NL,-0.1,19.0,9.0,8.0,0.0,1.0,0.0,0.0,0.0,0.0,0.0,0.0,0.0,5.0,0.125,0.125,0.125,0.25,-33.0,0.102,-92.0,1.0,0.0,0.0,1.0,0.0,0.0,1,
Chris Pettit,24.0,LAA,AL,-0.1,10.0,7.0,7.0,2.0,2.0,0.0,0.0,0.0,0.0,0.0,0.0,0.0,1.0,0.286,0.286,0.286,0.571,52.0,0.246,33.0,2.0,1.0,0.0,0.0,0.0,0.0,/H9D7,
Chris Pérez,23.0,STL,NL,0.0,28.0,0.0,0.0,0.0,0.0,0.0,0.0,0.0,0.0,0.0,0.0,0.0,0.0,,,,,,,,0.0,0.0,0.0,0.0,0.0,0.0,1,
Chris Ray,27.0,BAL,AL,0.0,3.0,0.0,0.0,0.0,0.0,0.0,0.0,0.0,0.0,0.0,0.0,0.0,0.0,,,,,,,,0.0,0.0,0.0,0.0,0.0,0.0,1,
Chris Richard*,35.0,TBR,AL,-0.5,13.0,23.0,19.0,1.0,2.0,0.0,0.0,0.0,0.0,0.0,0.0,4.0,7.0,0.105,0.261,0.105,0.366,3.0,0.203,3.0,2.0,0.0,0.0,0.0,0.0,0.0,3,
Chris Sampson,31.0,HOU,NL,0.0,46.0,2.0,2.0,0.0,0.0,0.0,0.0,0.0,0.0,0.0,0.0,0.0,1.0,0.0,0.0,0.0,0.0,-100.0,0.0,-143.0,0.0,0.0,0.0,0.0,0.0,0.0,1,
Chris Shelton,29.0,SEA,AL,-0.2,9.0,28.0,26.0,1.0,6.0,2.0,0.0,0.0,4.0,0.0,0.0,2.0,11.0,0.231,0.286,0.308,0.593,61.0,0.27,55.0,8.0,0.0,0.0,0.0,0.0,0.0,/3HD,
Chris Smith,28.0,MIL,NL,0.0,34.0,3.0,2.0,0.0,0.0,0.0,0.0,0.0,0.0,0.0,0.0,1.0,1.0,0.0,0.333,0.0,0.333,-1.0,0.237,26.0,0.0,1.0,0.0,0.0,0.0,0.0,1,
Chris Snyder,28.0,ARI,NL,-0.2,61.0,202.0,165.0,20.0,33.0,7.0,0.0,6.0,22.0,0.0,0.0,32.0,47.0,0.2,0.333,0.352,0.685,78.0,0.321,80.0,58.0,5.0,2.0,1.0,2.0,4.0,2/H3D,
Chris Volstad,22.0,FLA,NL,-0.2,28.0,54.0,47.0,5.0,6.0,1.0,0.0,0.0,3.0,0.0,0.0,1.0,23.0,0.128,0.146,0.149,0.295,-22.0,0.132,-72.0,7.0,2.0,0.0,6.0,0.0,0.0,1/H,
Chris Woodward,33.0,2TM,AL,0.0,33.0,90.0,79.0,7.0,17.0,1.0,0.0,0.0,5.0,1.0,0.0,7.0,19.0,0.215,0.292,0.228,0.52,43.0,0.268,49.0,18.0,1.0,2.0,1.0,1.0,0.0,54/6H,
Chris Woodward,33.0,SEA,AL,0.1,20.0,74.0,67.0,7.0,16.0,1.0,0.0,0.0,5.0,1.0,0.0,5.0,15.0,0.239,0.288,0.254,0.541,48.0,0.262,47.0,17.0,1.0,0.0,1.0,1.0,0.0,5/46H,
Chris Woodward,33.0,BOS,AL,-0.1,13.0,16.0,12.0,0.0,1.0,0.0,0.0,0.0,0.0,0.0,0.0,2.0,4.0,0.083,0.313,0.083,0.396,10.0,0.296,63.0,1.0,0.0,2.0,0.0,0.0,0.0,/465H,
Chris Young,25.0,ARI,NL,0.0,134.0,501.0,433.0,54.0,92.0,28.0,4.0,15.0,42.0,11.0,4.0,59.0,133.0,0.212,0.311,0.4,0.711,83.0,0.32,78.0,173.0,3.0,4.0,3.0,2.0,2.0,*8H,
Chris Young,30.0,SDP,NL,0.3,13.0,26.0,23.0,2.0,6.0,0.0,0.0,0.0,2.0,0.0,0.0,2.0,7.0,0.261,0.32,0.261,0.581,63.0,0.276,62.0,6.0,0.0,0.0,1.0,0.0,0.0,1,
Cla Meredith,26.0,SDP,NL,0.0,33.0,0.0,0.0,0.0,0.0,0.0,0.0,0.0,0.0,0.0,0.0,0.0,0.0,,,,,,,,0.0,0.0,0.0,0.0,0.0,0.0,1,
Claudio Vargas,31.0,2TM,NL,0.0,36.0,0.0,0.0,0.0,0.0,0.0,0.0,0.0,0.0,0.0,0.0,0.0,0.0,,,,,,,,0.0,0.0,0.0,0.0,0.0,0.0,1,
Claudio Vargas,31.0,LAD,NL,0.0,8.0,0.0,0.0,0.0,0.0,0.0,0.0,0.0,0.0,0.0,0.0,0.0,0.0,,,,,,,,0.0,0.0,0.0,0.0,0.0,0.0,/1,
Claudio Vargas,31.0,MIL,NL,0.0,28.0,0.0,0.0,0.0,0.0,0.0,0.0,0.0,0.0,0.0,0.0,0.0,0.0,,,,,,,,0.0,0.0,0.0,0.0,0.0,0.0,1,
Clay Buchholz*,24.0,BOS,AL,0.0,1.0,0.0,0.0,0.0,0.0,0.0,0.0,0.0,0.0,0.0,0.0,0.0,0.0,,,,,,,,0.0,0.0,0.0,0.0,0.0,0.0,1/H,
Clay Condrey,33.0,PHI,NL,0.0,44.0,0.0,0.0,0.0,0.0,0.0,0.0,0.0,0.0,0.0,0.0,0.0,0.0,,,,,,,,0.0,0.0,0.0,0.0,0.0,0.0,1,
Clay Zavada*,25.0,ARI,NL,0.0,45.0,1.0,0.0,0.0,0.0,0.0,0.0,0.0,0.0,0.0,0.0,0.0,0.0,,,,,,,,0.0,0.0,0.0,1.0,0.0,0.0,1,
Clayton Kershaw*,21.0,LAD,NL,-0.1,30.0,59.0,48.0,2.0,5.0,0.0,0.0,0.0,2.0,0.0,0.0,3.0,16.0,0.104,0.157,0.104,0.261,-28.0,0.146,-58.0,5.0,1.0,0.0,8.0,0.0,0.0,1,
Clayton Mortensen,24.0,STL,NL,0.0,1.0,1.0,1.0,0.0,0.0,0.0,0.0,0.0,0.0,0.0,0.0,0.0,0.0,0.0,0.0,0.0,0.0,-100.0,0.0,-155.0,0.0,0.0,0.0,0.0,0.0,0.0,/1,
Clayton Richard*,25.0,2TM,2LG,-0.1,15.0,27.0,23.0,2.0,2.0,1.0,0.0,0.0,2.0,0.0,0.0,0.0,10.0,0.087,0.083,0.13,0.214,-43.0,0.128,-65.0,3.0,0.0,0.0,3.0,1.0,0.0,1/H,
Clayton Richard*,25.0,CHW,AL,0.1,3.0,3.0,3.0,1.0,1.0,1.0,0.0,0.0,0.0,0.0,0.0,0.0,1.0,0.333,0.333,0.667,1.0,149.0,0.415,147.0,2.0,0.0,0.0,0.0,0.0,0.0,1/H,
Clayton Richard*,25.0,SDP,NL,-0.1,12.0,24.0,20.0,1.0,1.0,0.0,0.0,0.0,2.0,0.0,0.0,0.0,9.0,0.05,0.048,0.05,0.098,-73.0,0.087,-97.0,1.0,0.0,0.0,3.0,1.0,0.0,1,
Clete Thomas*,25.0,DET,AL,0.8,102.0,310.0,275.0,46.0,66.0,13.0,3.0,7.0,39.0,3.0,0.0,33.0,77.0,0.24,0.324,0.385,0.709,85.0,0.326,86.0,106.0,3.0,1.0,1.0,0.0,0.0,97H/8,
Cliff Floyd*,36.0,SDP,NL,-0.2,10.0,17.0,16.0,0.0,2.0,0.0,0.0,0.0,0.0,0.0,0.0,1.0,7.0,0.125,0.176,0.125,0.301,-15.0,0.149,-28.0,2.0,0.0,0.0,0.0,0.0,0.0,/HD,
Cliff Lee*,30.0,2TM,2LG,0.1,15.0,41.0,38.0,2.0,7.0,2.0,0.0,0.0,1.0,0.0,0.0,1.0,14.0,0.184,0.205,0.237,0.442,17.0,0.195,-14.0,9.0,1.0,0.0,2.0,0.0,0.0,1,
Cliff Lee*,30.0,CLE,AL,0.0,3.0,8.0,5.0,0.0,0.0,0.0,0.0,0.0,0.0,0.0,0.0,1.0,1.0,0.0,0.167,0.0,0.167,-49.0,0.119,-106.0,0.0,0.0,0.0,2.0,0.0,0.0,1,
Cliff Lee*,30.0,PHI,NL,0.1,12.0,33.0,33.0,2.0,7.0,2.0,0.0,0.0,1.0,0.0,0.0,0.0,13.0,0.212,0.212,0.273,0.485,27.0,0.209,3.0,9.0,1.0,0.0,0.0,0.0,0.0,1,
Cliff Pennington#,25.0,OAK,AL,0.0,60.0,229.0,208.0,27.0,58.0,11.0,3.0,4.0,21.0,7.0,5.0,19.0,46.0,0.279,0.342,0.418,0.76,101.0,0.334,100.0,87.0,5.0,1.0,1.0,0.0,0.0,6,
Clint Barmes,30.0,COL,NL,2.2,154.0,604.0,550.0,69.0,135.0,32.0,3.0,23.0,76.0,12.0,10.0,31.0,121.0,0.245,0.294,0.44,0.734,82.0,0.323,78.0,242.0,6.0,10.0,6.0,7.0,2.0,*46/H,
Clint Sammons,26.0,ATL,NL,-0.1,6.0,12.0,11.0,1.0,2.0,0.0,0.0,0.0,0.0,0.0,0.0,1.0,3.0,0.182,0.25,0.182,0.432,17.0,0.203,1.0,2.0,0.0,0.0,0.0,0.0,0.0,/2,
Coco Crisp#,29.0,KCR,AL,1.4,49.0,215.0,180.0,30.0,41.0,8.0,5.0,3.0,14.0,13.0,2.0,29.0,23.0,0.228,0.336,0.378,0.714,91.0,0.33,88.0,68.0,4.0,1.0,4.0,1.0,1.0,8,
Cody Ransom,33.0,NYY,AL,-0.4,31.0,86.0,79.0,11.0,15.0,9.0,1.0,0.0,10.0,2.0,0.0,7.0,25.0,0.19,0.256,0.329,0.585,50.0,0.286,52.0,26.0,3.0,0.0,0.0,0.0,0.0,5/H6D34,
Cody Ross,28.0,FLA,NL,2.4,151.0,604.0,559.0,73.0,151.0,37.0,1.0,24.0,90.0,5.0,2.0,34.0,122.0,0.27,0.321,0.469,0.79,104.0,0.35,104.0,262.0,18.0,9.0,0.0,2.0,1.0,*89/1H,
Colby Rasmus*,22.0,STL,NL,1.9,147.0,520.0,474.0,72.0,119.0,22.0,2.0,16.0,52.0,3.0,1.0,36.0,95.0,0.251,0.307,0.407,0.714,89.0,0.318,84.0,193.0,5.0,3.0,5.0,2.0,3.0,*8H/79,ROY-8
Cole Hamels*,25.0,PHI,NL,0.2,30.0,69.0,61.0,6.0,9.0,3.0,0.0,0.0,5.0,1.0,0.0,1.0,29.0,0.148,0.161,0.197,0.358,-6.0,0.193,-24.0,12.0,0.0,0.0,7.0,0.0,0.0,1,
Collin Balester,23.0,WSN,NL,0.0,7.0,11.0,8.0,0.0,1.0,0.0,0.0,0.0,0.0,0.0,0.0,1.0,2.0,0.125,0.222,0.125,0.347,-4.0,0.18,-41.0,1.0,0.0,0.0,2.0,0.0,0.0,/1,
Conor Jackson,27.0,ARI,NL,-0.6,30.0,110.0,99.0,8.0,18.0,4.0,0.0,1.0,14.0,5.0,0.0,11.0,16.0,0.182,0.264,0.253,0.516,35.0,0.271,37.0,25.0,1.0,0.0,0.0,0.0,0.0,7/3H,
Corey Hart,27.0,MIL,NL,1.1,115.0,472.0,419.0,64.0,109.0,24.0,3.0,12.0,48.0,11.0,6.0,43.0,92.0,0.26,0.335,0.418,0.753,100.0,0.344,105.0,175.0,9.0,6.0,1.0,3.0,0.0,*9/H,
Corey Patterson*,29.0,2TM,NL,-0.3,16.0,30.0,29.0,0.0,3.0,0.0,0.0,0.0,0.0,2.0,1.0,0.0,13.0,0.103,0.103,0.103,0.207,-45.0,0.091,-86.0,3.0,1.0,0.0,1.0,0.0,0.0,/H89,
Corey Patterson*,29.0,WSN,NL,0.0,5.0,15.0,15.0,0.0,2.0,0.0,0.0,0.0,0.0,2.0,0.0,0.0,6.0,0.133,0.133,0.133,0.267,-29.0,0.155,-57.0,2.0,0.0,0.0,0.0,0.0,0.0,/89H,
Corey Patterson*,29.0,MIL,NL,-0.3,11.0,15.0,14.0,0.0,1.0,0.0,0.0,0.0,0.0,0.0,1.0,0.0,7.0,0.071,0.071,0.071,0.143,-62.0,0.022,-117.0,1.0,1.0,0.0,1.0,0.0,0.0,/H8,
Corky Miller,33.0,2TM,2LG,0.0,35.0,111.0,95.0,9.0,18.0,4.0,0.0,1.0,15.0,0.0,0.0,12.0,23.0,0.189,0.284,0.263,0.548,45.0,0.266,43.0,25.0,2.0,1.0,2.0,1.0,0.0,2/HD,
Corky Miller,33.0,CHW,AL,-0.1,14.0,42.0,39.0,5.0,8.0,3.0,0.0,0.0,5.0,0.0,0.0,3.0,9.0,0.205,0.262,0.282,0.544,41.0,0.267,42.0,11.0,1.0,0.0,0.0,0.0,0.0,2/HD,
Corky Miller,33.0,CIN,NL,0.1,21.0,69.0,56.0,4.0,10.0,1.0,0.0,1.0,10.0,0.0,0.0,9.0,14.0,0.179,0.299,0.25,0.549,47.0,0.265,43.0,14.0,1.0,1.0,2.0,1.0,0.0,2,
Cory Sullivan*,29.0,NYM,NL,0.8,64.0,157.0,136.0,17.0,34.0,2.0,5.0,2.0,15.0,7.0,1.0,19.0,22.0,0.25,0.338,0.382,0.72,93.0,0.34,96.0,52.0,5.0,0.0,0.0,2.0,1.0,7H/89,
Cory Wade,26.0,LAD,NL,0.0,25.0,2.0,2.0,0.0,0.0,0.0,0.0,0.0,0.0,0.0,0.0,0.0,1.0,0.0,0.0,0.0,0.0,-100.0,0.0,-139.0,0.0,0.0,0.0,0.0,0.0,0.0,1,
Craig Breslow*,28.0,OAK,AL,0.0,7.0,0.0,0.0,0.0,0.0,0.0,0.0,0.0,0.0,0.0,0.0,0.0,0.0,,,,,,,,0.0,0.0,0.0,0.0,0.0,0.0,1,
Craig Counsell*,38.0,MIL,NL,2.5,130.0,459.0,404.0,61.0,115.0,22.0,8.0,4.0,39.0,3.0,4.0,42.0,54.0,0.285,0.357,0.408,0.766,104.0,0.343,105.0,165.0,12.0,6.0,3.0,4.0,0.0,456H,
Craig Gentry,25.0,TEX,AL,-0.1,11.0,19.0,17.0,4.0,2.0,1.0,0.0,0.0,1.0,0.0,0.0,2.0,5.0,0.118,0.211,0.176,0.387,2.0,0.236,21.0,3.0,0.0,0.0,0.0,0.0,0.0,/8H9D,
Craig Hansen,25.0,PIT,NL,0.0,5.0,0.0,0.0,0.0,0.0,0.0,0.0,0.0,0.0,0.0,0.0,0.0,0.0,,,,,,,,0.0,0.0,0.0,0.0,0.0,0.0,/1,
Craig Monroe,32.0,PIT,NL,-0.2,34.0,87.0,79.0,8.0,17.0,2.0,0.0,3.0,16.0,0.0,0.0,7.0,21.0,0.215,0.287,0.354,0.642,70.0,0.294,67.0,28.0,4.0,1.0,0.0,0.0,1.0,H/97D,
Craig Stammen,25.0,WSN,NL,0.2,18.0,37.0,31.0,1.0,6.0,3.0,0.0,0.0,4.0,0.0,0.0,2.0,10.0,0.194,0.242,0.29,0.533,41.0,0.241,20.0,9.0,0.0,0.0,4.0,0.0,0.0,1/H,
Craig Stansberry,27.0,SDP,NL,0.0,1.0,1.0,1.0,0.0,0.0,0.0,0.0,0.0,0.0,0.0,0.0,0.0,0.0,0.0,0.0,0.0,0.0,-100.0,0.0,-145.0,0.0,0.0,0.0,0.0,0.0,0.0,/H,
Craig Tatum,26.0,CIN,NL,-0.1,26.0,77.0,68.0,3.0,11.0,1.0,0.0,1.0,6.0,0.0,0.0,7.0,10.0,0.162,0.25,0.221,0.471,26.0,0.244,27.0,15.0,0.0,1.0,1.0,0.0,1.0,2/H,
Cristhian Martínez,27.0,FLA,NL,0.0,14.0,2.0,2.0,0.0,0.0,0.0,0.0,0.0,0.0,0.0,0.0,0.0,0.0,0.0,0.0,0.0,0.0,-100.0,0.0,-143.0,0.0,0.0,0.0,0.0,0.0,0.0,1,
Cristian Guzmán#,31.0,WSN,NL,1.6,135.0,555.0,531.0,74.0,151.0,24.0,7.0,6.0,52.0,4.0,5.0,16.0,75.0,0.284,0.306,0.39,0.696,83.0,0.321,88.0,207.0,9.0,1.0,6.0,1.0,0.0,*6H/D,
Curtis Granderson*,28.0,DET,AL,4.4,160.0,710.0,631.0,91.0,157.0,23.0,8.0,30.0,71.0,20.0,6.0,72.0,141.0,0.249,0.327,0.453,0.78,102.0,0.341,97.0,286.0,1.0,2.0,3.0,2.0,4.0,*8/H,AS
César Izturis#,29.0,BAL,AL,1.3,114.0,412.0,387.0,34.0,99.0,14.0,4.0,2.0,30.0,12.0,4.0,18.0,38.0,0.256,0.294,0.328,0.622,63.0,0.287,59.0,127.0,11.0,3.0,4.0,0.0,0.0,*6/HD,
César Ramos*,25.0,SDP,NL,-0.1,5.0,4.0,4.0,0.0,0.0,0.0,0.0,0.0,0.0,0.0,0.0,0.0,2.0,0.0,0.0,0.0,0.0,-100.0,0.0,-138.0,0.0,0.0,0.0,0.0,0.0,0.0,/1,
D.J. Carrasco,32.0,CHW,AL,0.0,3.0,0.0,0.0,0.0,0.0,0.0,0.0,0.0,0.0,0.0,0.0,0.0,0.0,,,,,,,,0.0,0.0,0.0,0.0,0.0,0.0,1,
Daisuke Matsuzaka,28.0,BOS,AL,0.0,1.0,2.0,2.0,0.0,0.0,0.0,0.0,0.0,0.0,0.0,0.0,0.0,0.0,0.0,0.0,0.0,0.0,-100.0,0.0,-150.0,0.0,0.0,0.0,0.0,0.0,0.0,1,
Dale Thayer,28.0,TBR,AL,0.0,1.0,1.0,1.0,0.0,0.0,0.0,0.0,0.0,0.0,0.0,0.0,0.0,0.0,0.0,0.0,0.0,0.0,-100.0,0.0,-142.0,0.0,0.0,0.0,0.0,0.0,0.0,1,
Dallas Braden*,25.0,OAK,AL,-0.1,2.0,4.0,3.0,0.0,0.0,0.0,0.0,0.0,0.0,0.0,0.0,0.0,2.0,0.0,0.0,0.0,0.0,-100.0,0.0,-222.0,0.0,0.0,0.0,1.0,0.0,0.0,1,
Dan Haren,28.0,ARI,NL,0.5,35.0,87.0,73.0,6.0,18.0,5.0,0.0,1.0,10.0,0.0,0.0,3.0,22.0,0.247,0.269,0.356,0.625,61.0,0.273,39.0,26.0,2.0,0.0,9.0,2.0,0.0,1/H,"AS,CYA-5"
Dan Meyer,27.0,FLA,NL,0.0,69.0,2.0,2.0,0.0,0.0,0.0,0.0,0.0,0.0,0.0,0.0,0.0,2.0,0.0,0.0,0.0,0.0,-100.0,0.0,-143.0,0.0,0.0,0.0,0.0,0.0,0.0,1,
Dan Runzler*,24.0,SFG,NL,0.0,11.0,0.0,0.0,0.0,0.0,0.0,0.0,0.0,0.0,0.0,0.0,0.0,0.0,,,,,,,,0.0,0.0,0.0,0.0,0.0,0.0,1,
Dan Uggla,29.0,FLA,NL,2.1,158.0,668.0,564.0,84.0,137.0,27.0,1.0,31.0,90.0,2.0,1.0,92.0,150.0,0.243,0.354,0.459,0.813,111.0,0.361,112.0,259.0,10.0,7.0,1.0,4.0,4.0,*4/H,
Dan Wheeler,31.0,TBR,AL,0.0,6.0,0.0,0.0,0.0,0.0,0.0,0.0,0.0,0.0,0.0,0.0,0.0,0.0,,,,,,,,0.0,0.0,0.0,0.0,0.0,0.0,1,
Dane Sardinha,30.0,DET,AL,-0.7,12.0,34.0,31.0,1.0,3.0,1.0,0.0,0.0,3.0,0.0,0.0,0.0,16.0,0.097,0.091,0.129,0.22,-43.0,0.093,-84.0,4.0,1.0,0.0,1.0,2.0,0.0,2,
Daniel Bard,24.0,BOS,AL,0.0,5.0,0.0,0.0,0.0,0.0,0.0,0.0,0.0,0.0,0.0,0.0,0.0,0.0,,,,,,,,0.0,0.0,0.0,0.0,0.0,0.0,1,
Daniel Cabrera,28.0,2TM,NL,0.0,15.0,17.0,12.0,0.0,0.0,0.0,0.0,0.0,0.0,0.0,0.0,2.0,10.0,0.0,0.2,0.0,0.2,-41.0,0.144,-61.0,0.0,0.0,1.0,2.0,0.0,0.0,1,
Daniel Cabrera,28.0,WSN,NL,0.0,9.0,16.0,11.0,0.0,0.0,0.0,0.0,0.0,0.0,0.0,0.0,2.0,9.0,0.0,0.214,0.0,0.214,-37.0,0.154,-53.0,0.0,0.0,1.0,2.0,0.0,0.0,/1,
Daniel Cabrera,28.0,ARI,NL,0.0,6.0,1.0,1.0,0.0,0.0,0.0,0.0,0.0,0.0,0.0,0.0,0.0,1.0,0.0,0.0,0.0,0.0,-100.0,0.0,-164.0,0.0,0.0,0.0,0.0,0.0,0.0,/1,
Daniel McCutchen,26.0,PIT,NL,0.0,6.0,12.0,11.0,1.0,1.0,0.0,0.0,0.0,1.0,0.0,0.0,1.0,3.0,0.091,0.167,0.091,0.258,-29.0,0.135,-47.0,1.0,0.0,0.0,0.0,0.0,0.0,/1,
Daniel Murphy*,24.0,NYM,NL,1.6,155.0,556.0,508.0,60.0,135.0,38.0,4.0,12.0,63.0,4.0,2.0,38.0,69.0,0.266,0.313,0.427,0.741,96.0,0.329,94.0,217.0,13.0,0.0,4.0,6.0,4.0,3H7,
Daniel Schlereth*,23.0,ARI,NL,0.0,21.0,0.0,0.0,0.0,0.0,0.0,0.0,0.0,0.0,0.0,0.0,0.0,0.0,,,,,,,,0.0,0.0,0.0,0.0,0.0,0.0,1,
Danny Herrera*,24.0,CIN,NL,0.0,67.0,4.0,2.0,0.0,0.0,0.0,0.0,0.0,0.0,0.0,0.0,1.0,1.0,0.0,0.333,0.0,0.333,-2.0,0.237,-3.0,0.0,0.0,0.0,1.0,0.0,0.0,1,
Danny Richar*,26.0,CIN,NL,-0.2,7.0,9.0,8.0,1.0,2.0,0.0,0.0,0.0,0.0,0.0,0.0,1.0,1.0,0.25,0.333,0.25,0.583,58.0,0.271,49.0,2.0,0.0,0.0,0.0,0.0,0.0,/5H4,
Danys Báez,31.0,BAL,AL,0.1,3.0,1.0,1.0,1.0,1.0,0.0,0.0,0.0,0.0,0.0,0.0,0.0,0.0,1.0,1.0,1.0,2.0,428.0,0.816,442.0,1.0,0.0,0.0,0.0,0.0,0.0,1,
Daric Barton*,23.0,OAK,AL,0.9,54.0,192.0,160.0,31.0,43.0,12.0,1.0,3.0,24.0,0.0,2.0,26.0,25.0,0.269,0.372,0.413,0.784,108.0,0.345,108.0,66.0,1.0,2.0,1.0,3.0,0.0,3/H,
Darin Erstad*,35.0,HOU,NL,-0.9,107.0,150.0,134.0,13.0,26.0,8.0,2.0,2.0,11.0,0.0,2.0,14.0,31.0,0.194,0.268,0.328,0.597,58.0,0.25,39.0,44.0,2.0,0.0,1.0,1.0,3.0,H73/98,
Darnell McDonald,30.0,CIN,NL,-0.3,47.0,111.0,105.0,12.0,28.0,6.0,1.0,2.0,10.0,1.0,0.0,5.0,31.0,0.267,0.306,0.4,0.706,85.0,0.312,77.0,42.0,4.0,1.0,0.0,0.0,0.0,7H9/8,
Darren O'Day,26.0,2TM,2LG,0.0,9.0,0.0,0.0,0.0,0.0,0.0,0.0,0.0,0.0,0.0,0.0,0.0,0.0,,,,,,,,0.0,0.0,0.0,0.0,0.0,0.0,1,
Darren O'Day,26.0,NYM,NL,0.0,4.0,0.0,0.0,0.0,0.0,0.0,0.0,0.0,0.0,0.0,0.0,0.0,0.0,,,,,,,,0.0,0.0,0.0,0.0,0.0,0.0,/1,
Darren O'Day,26.0,TEX,AL,0.0,5.0,0.0,0.0,0.0,0.0,0.0,0.0,0.0,0.0,0.0,0.0,0.0,0.0,,,,,,,,0.0,0.0,0.0,0.0,0.0,0.0,1,
Darren Oliver,38.0,LAA,AL,0.0,5.0,0.0,0.0,0.0,0.0,0.0,0.0,0.0,0.0,0.0,0.0,0.0,0.0,,,,,,,,0.0,0.0,0.0,0.0,0.0,0.0,1,
Dave Bush,29.0,MIL,NL,0.0,19.0,40.0,34.0,2.0,4.0,0.0,0.0,0.0,0.0,0.0,0.0,4.0,16.0,0.118,0.211,0.118,0.328,-9.0,0.171,-28.0,4.0,0.0,0.0,2.0,0.0,0.0,1,
Dave Davidson*,25.0,FLA,NL,0.1,1.0,1.0,1.0,0.0,1.0,0.0,0.0,0.0,0.0,0.0,0.0,0.0,0.0,1.0,1.0,1.0,2.0,427.0,0.915,527.0,1.0,0.0,0.0,0.0,0.0,0.0,/1,
David Aardsma,27.0,SEA,AL,0.0,3.0,0.0,0.0,0.0,0.0,0.0,0.0,0.0,0.0,0.0,0.0,0.0,0.0,,,,,,,,0.0,0.0,0.0,0.0,0.0,0.0,1,
David DeJesus*,29.0,KCR,AL,2.2,144.0,627.0,558.0,74.0,157.0,28.0,9.0,13.0,71.0,4.0,9.0,51.0,87.0,0.281,0.347,0.434,0.781,107.0,0.34,106.0,242.0,10.0,8.0,5.0,5.0,0.0,*7/89H,
David Dellucci*,35.0,2TM,AL,-0.6,22.0,74.0,65.0,5.0,12.0,4.0,0.0,0.0,3.0,0.0,0.0,5.0,19.0,0.185,0.27,0.246,0.516,40.0,0.236,28.0,16.0,3.0,3.0,0.0,1.0,1.0,D/7H,
David Dellucci*,35.0,CLE,AL,-0.1,14.0,45.0,40.0,3.0,11.0,3.0,0.0,0.0,1.0,0.0,0.0,2.0,12.0,0.275,0.333,0.35,0.683,85.0,0.298,74.0,14.0,1.0,2.0,0.0,1.0,1.0,D/H7,
David Dellucci*,35.0,TOR,AL,-0.5,8.0,29.0,25.0,2.0,1.0,1.0,0.0,0.0,2.0,0.0,0.0,3.0,7.0,0.04,0.172,0.08,0.252,-30.0,0.142,-42.0,2.0,2.0,1.0,0.0,0.0,0.0,/7D,
David Eckstein,34.0,SDP,NL,1.0,136.0,568.0,503.0,64.0,131.0,27.0,2.0,2.0,51.0,3.0,1.0,39.0,46.0,0.26,0.323,0.334,0.657,82.0,0.307,85.0,168.0,8.0,9.0,13.0,4.0,1.0,*4/H,
David Freese,26.0,STL,NL,0.0,17.0,34.0,31.0,3.0,10.0,2.0,0.0,1.0,7.0,0.0,0.0,2.0,7.0,0.323,0.353,0.484,0.837,121.0,0.359,114.0,15.0,1.0,0.0,0.0,1.0,0.0,/H532,
David Huff#,24.0,CLE,AL,-0.1,2.0,4.0,2.0,0.0,0.0,0.0,0.0,0.0,0.0,0.0,0.0,0.0,1.0,0.0,0.0,0.0,0.0,-100.0,0.0,-379.0,0.0,0.0,0.0,2.0,0.0,0.0,1,
David Murphy*,27.0,TEX,AL,1.2,128.0,494.0,432.0,61.0,116.0,24.0,1.0,17.0,57.0,9.0,4.0,49.0,106.0,0.269,0.338,0.447,0.785,101.0,0.35,102.0,193.0,5.0,1.0,2.0,9.0,3.0,*7D9/H8,
David Ortiz*,33.0,BOS,AL,0.7,150.0,627.0,541.0,77.0,129.0,35.0,1.0,28.0,99.0,0.0,2.0,74.0,134.0,0.238,0.332,0.462,0.794,102.0,0.346,100.0,250.0,9.0,5.0,0.0,7.0,5.0,*D/3H,
David Patton,25.0,CHC,NL,0.0,19.0,0.0,0.0,0.0,0.0,0.0,0.0,0.0,0.0,0.0,0.0,0.0,0.0,,,,,,,,0.0,0.0,0.0,0.0,0.0,0.0,1,
David Price*,23.0,TBR,AL,0.0,1.0,3.0,3.0,0.0,1.0,0.0,0.0,0.0,0.0,0.0,0.0,0.0,0.0,0.333,0.333,0.333,0.667,78.0,0.272,53.0,1.0,0.0,0.0,0.0,0.0,0.0,1,
David Riske,32.0,MIL,NL,0.0,1.0,0.0,0.0,0.0,0.0,0.0,0.0,0.0,0.0,0.0,0.0,0.0,0.0,,,,,,,,0.0,0.0,0.0,0.0,0.0,0.0,/1,
David Robertson,24.0,NYY,AL,0.0,6.0,0.0,0.0,0.0,0.0,0.0,0.0,0.0,0.0,0.0,0.0,0.0,0.0,,,,,,,,0.0,0.0,0.0,0.0,0.0,0.0,1,
David Ross,32.0,ATL,NL,2.0,54.0,151.0,128.0,18.0,35.0,9.0,0.0,7.0,20.0,0.0,0.0,21.0,39.0,0.273,0.38,0.508,0.888,133.0,0.39,136.0,65.0,1.0,1.0,1.0,0.0,0.0,2/H,
David Weathers,39.0,2TM,NL,0.0,66.0,1.0,0.0,0.0,0.0,0.0,0.0,0.0,0.0,0.0,0.0,0.0,0.0,,,,,,,,0.0,0.0,0.0,1.0,0.0,0.0,1,
David Weathers,39.0,CIN,NL,0.0,41.0,0.0,0.0,0.0,0.0,0.0,0.0,0.0,0.0,0.0,0.0,0.0,0.0,,,,,,,,0.0,0.0,0.0,0.0,0.0,0.0,1,
David Weathers,39.0,MIL,NL,0.0,25.0,1.0,0.0,0.0,0.0,0.0,0.0,0.0,0.0,0.0,0.0,0.0,0.0,,,,,,,,0.0,0.0,0.0,1.0,0.0,0.0,1,
David Wright,26.0,NYM,NL,3.2,144.0,618.0,535.0,88.0,164.0,39.0,3.0,10.0,72.0,27.0,9.0,74.0,140.0,0.307,0.39,0.447,0.837,124.0,0.38,129.0,239.0,16.0,3.0,0.0,6.0,8.0,*5/H,AS
Delmon Young,23.0,MIN,AL,-0.6,108.0,416.0,395.0,50.0,112.0,16.0,2.0,12.0,60.0,2.0,5.0,12.0,92.0,0.284,0.308,0.425,0.733,92.0,0.318,89.0,168.0,17.0,4.0,0.0,5.0,1.0,7/DH,
Delwyn Young#,27.0,PIT,NL,-0.5,124.0,388.0,354.0,40.0,94.0,16.0,2.0,7.0,43.0,2.0,0.0,29.0,90.0,0.266,0.326,0.381,0.707,88.0,0.322,87.0,135.0,13.0,3.0,1.0,1.0,0.0,4H9/7,
Denard Span*,25.0,MIN,AL,3.8,145.0,676.0,578.0,97.0,180.0,16.0,10.0,8.0,68.0,23.0,10.0,70.0,89.0,0.311,0.392,0.415,0.807,115.0,0.365,119.0,240.0,7.0,10.0,12.0,6.0,3.0,*879/H,
Denny Bautista,28.0,PIT,NL,0.0,14.0,0.0,0.0,0.0,0.0,0.0,0.0,0.0,0.0,0.0,0.0,0.0,0.0,,,,,,,,0.0,0.0,0.0,0.0,0.0,0.0,1,
Dennys Reyes,32.0,STL,NL,0.0,72.0,0.0,0.0,0.0,0.0,0.0,0.0,0.0,0.0,0.0,0.0,0.0,0.0,,,,,,,,0.0,0.0,0.0,0.0,0.0,0.0,1,
Derek Holland#,22.0,TEX,AL,-0.1,2.0,6.0,5.0,0.0,0.0,0.0,0.0,0.0,0.0,0.0,0.0,0.0,2.0,0.0,0.0,0.0,0.0,-100.0,0.0,-197.0,0.0,0.0,0.0,1.0,0.0,0.0,1,
Derek Jeter,35.0,NYY,AL,6.6,153.0,716.0,634.0,107.0,212.0,27.0,1.0,18.0,66.0,30.0,5.0,72.0,90.0,0.334,0.406,0.465,0.871,125.0,0.398,132.0,295.0,18.0,5.0,4.0,1.0,4.0,*6/DH,"AS,MVP-3,GG,SS"
Derek Lowe,36.0,ATL,NL,0.5,32.0,70.0,54.0,6.0,12.0,0.0,0.0,0.0,1.0,0.0,0.0,4.0,16.0,0.222,0.276,0.222,0.498,35.0,0.268,37.0,12.0,1.0,0.0,12.0,0.0,0.0,1,
Derrek Lee,33.0,CHC,NL,5.4,141.0,615.0,532.0,91.0,163.0,36.0,2.0,35.0,111.0,1.0,0.0,76.0,109.0,0.306,0.393,0.579,0.972,146.0,0.435,161.0,308.0,12.0,3.0,0.0,4.0,6.0,*3/D,MVP-9
Dewayne Wise*,31.0,CHW,AL,0.8,84.0,153.0,142.0,17.0,32.0,8.0,3.0,2.0,11.0,4.0,5.0,3.0,27.0,0.225,0.262,0.366,0.628,60.0,0.266,48.0,52.0,1.0,4.0,4.0,0.0,0.0,89H/7D,
Dexter Fowler#,23.0,COL,NL,1.2,135.0,518.0,433.0,73.0,115.0,29.0,10.0,4.0,34.0,27.0,10.0,67.0,116.0,0.266,0.363,0.406,0.77,94.0,0.357,98.0,176.0,4.0,1.0,14.0,3.0,1.0,*8H,ROY-8
Dioner Navarro#,25.0,TBR,AL,-0.4,115.0,410.0,376.0,38.0,82.0,15.0,0.0,8.0,32.0,5.0,2.0,18.0,51.0,0.218,0.261,0.322,0.583,54.0,0.272,51.0,121.0,14.0,5.0,8.0,3.0,1.0,*2/H,
Diory Hernández,25.0,ATL,NL,-0.9,33.0,93.0,85.0,6.0,12.0,3.0,0.0,1.0,6.0,0.0,1.0,6.0,22.0,0.141,0.198,0.212,0.41,9.0,0.176,-21.0,18.0,4.0,0.0,2.0,0.0,3.0,6/H45,
Dirk Hayhurst*,28.0,TOR,AL,0.0,2.0,0.0,0.0,0.0,0.0,0.0,0.0,0.0,0.0,0.0,0.0,0.0,0.0,,,,,,,,0.0,0.0,0.0,0.0,0.0,0.0,1,
Don Kelly*,29.0,DET,AL,0.1,31.0,62.0,56.0,8.0,14.0,3.0,1.0,0.0,3.0,1.0,0.0,4.0,10.0,0.25,0.311,0.339,0.651,71.0,0.31,74.0,19.0,0.0,1.0,1.0,0.0,0.0,7/H5D394,
Donnie Veal*,24.0,PIT,NL,0.0,19.0,1.0,0.0,0.0,0.0,0.0,0.0,0.0,0.0,0.0,0.0,0.0,0.0,,,,,,,,0.0,0.0,0.0,1.0,0.0,0.0,1,
Dontrelle Willis*,27.0,DET,AL,0.0,1.0,1.0,1.0,0.0,0.0,0.0,0.0,0.0,0.0,0.0,0.0,0.0,0.0,0.0,0.0,0.0,0.0,-100.0,0.0,-142.0,0.0,0.0,0.0,0.0,0.0,0.0,/1,
Doug Brocail*,42.0,HOU,NL,0.0,20.0,0.0,0.0,0.0,0.0,0.0,0.0,0.0,0.0,0.0,0.0,0.0,0.0,,,,,,,,0.0,0.0,0.0,0.0,0.0,0.0,1,
Doug Davis,33.0,ARI,NL,0.0,32.0,69.0,63.0,2.0,10.0,1.0,1.0,0.0,3.0,0.0,0.0,0.0,21.0,0.159,0.159,0.206,0.365,-6.0,0.173,-39.0,13.0,1.0,0.0,6.0,0.0,0.0,1,
Doug Mathis,26.0,TEX,AL,0.0,1.0,0.0,0.0,0.0,0.0,0.0,0.0,0.0,0.0,0.0,0.0,0.0,0.0,,,,,,,,0.0,0.0,0.0,0.0,0.0,0.0,1,
Doug Mientkiewicz*,35.0,LAD,NL,0.0,20.0,20.0,18.0,0.0,6.0,1.0,0.0,0.0,3.0,0.0,0.0,1.0,6.0,0.333,0.4,0.389,0.789,115.0,0.359,118.0,7.0,0.0,1.0,0.0,0.0,0.0,H/3,
Doug Slaten*,29.0,ARI,NL,0.0,10.0,0.0,0.0,0.0,0.0,0.0,0.0,0.0,0.0,0.0,0.0,0.0,0.0,,,,,,,,0.0,0.0,0.0,0.0,0.0,0.0,1,
Drew Carpenter,24.0,PHI,NL,0.0,3.0,3.0,3.0,0.0,0.0,0.0,0.0,0.0,0.0,0.0,0.0,0.0,1.0,0.0,0.0,0.0,0.0,-100.0,0.0,-147.0,0.0,0.0,0.0,0.0,0.0,0.0,/1,
Drew Macias*,26.0,SDP,NL,-0.2,51.0,90.0,76.0,8.0,15.0,6.0,0.0,1.0,7.0,0.0,1.0,13.0,15.0,0.197,0.322,0.316,0.638,78.0,0.288,76.0,24.0,2.0,1.0,0.0,0.0,1.0,H7/98,
Drew Stubbs,24.0,CIN,NL,1.3,42.0,196.0,180.0,27.0,48.0,5.0,1.0,8.0,17.0,10.0,4.0,15.0,49.0,0.267,0.323,0.439,0.762,99.0,0.353,107.0,79.0,1.0,0.0,1.0,0.0,0.0,8,
Drew Sutton#,26.0,CIN,NL,-0.1,42.0,76.0,66.0,10.0,14.0,4.0,1.0,1.0,9.0,0.0,2.0,7.0,20.0,0.212,0.297,0.348,0.646,70.0,0.277,62.0,23.0,1.0,1.0,2.0,0.0,0.0,H/46759,
Duaner Sánchez,29.0,SDP,NL,0.0,13.0,0.0,0.0,0.0,0.0,0.0,0.0,0.0,0.0,0.0,0.0,0.0,0.0,,,,,,,,0.0,0.0,0.0,0.0,0.0,0.0,1,
Dustin Pedroia,25.0,BOS,AL,5.6,154.0,714.0,626.0,115.0,185.0,48.0,1.0,15.0,72.0,20.0,8.0,74.0,45.0,0.296,0.371,0.447,0.819,110.0,0.373,117.0,280.0,19.0,5.0,3.0,6.0,3.0,*4,AS
Dusty Brown,27.0,BOS,AL,0.1,6.0,4.0,3.0,1.0,1.0,0.0,0.0,1.0,1.0,0.0,0.0,1.0,0.0,0.333,0.5,1.333,1.833,350.0,0.672,331.0,4.0,0.0,0.0,0.0,0.0,0.0,/21,
Dusty Ryan,24.0,DET,AL,-0.2,12.0,30.0,26.0,1.0,4.0,1.0,0.0,0.0,4.0,0.0,1.0,4.0,12.0,0.154,0.267,0.192,0.459,24.0,0.21,18.0,5.0,2.0,0.0,0.0,0.0,0.0,2/H,
Eddie Guardado,38.0,TEX,AL,0.0,4.0,0.0,0.0,0.0,0.0,0.0,0.0,0.0,0.0,0.0,0.0,0.0,0.0,,,,,,,,0.0,0.0,0.0,0.0,0.0,0.0,1,
Edgar Gonzalez,31.0,SDP,NL,-0.4,82.0,169.0,153.0,16.0,33.0,8.0,2.0,4.0,18.0,1.0,2.0,11.0,36.0,0.216,0.278,0.373,0.651,78.0,0.293,79.0,57.0,5.0,3.0,0.0,2.0,0.0,H49/537D,
Edinson Vólquez,25.0,CIN,NL,-0.2,9.0,19.0,16.0,0.0,1.0,0.0,0.0,0.0,0.0,0.0,0.0,0.0,8.0,0.063,0.063,0.063,0.125,-67.0,0.057,-143.0,1.0,0.0,0.0,3.0,0.0,0.0,/1,
Edward Mujica,25.0,SDP,NL,0.0,63.0,10.0,8.0,1.0,2.0,0.0,0.0,0.0,0.0,0.0,0.0,0.0,2.0,0.25,0.25,0.25,0.5,39.0,0.204,-10.0,2.0,0.0,0.0,2.0,0.0,0.0,1,
Edwin Bellorin,27.0,COL,NL,-0.1,2.0,9.0,8.0,1.0,2.0,0.0,0.0,0.0,0.0,0.0,0.0,1.0,1.0,0.25,0.333,0.25,0.583,50.0,0.216,-13.0,2.0,0.0,0.0,0.0,0.0,1.0,/2,
Edwin Encarnación,26.0,2TM,2LG,0.0,85.0,338.0,293.0,35.0,66.0,11.0,2.0,13.0,39.0,2.0,1.0,37.0,67.0,0.225,0.32,0.41,0.729,91.0,0.328,90.0,120.0,5.0,5.0,0.0,3.0,0.0,5,
Edwin Encarnación,26.0,CIN,NL,-0.7,43.0,165.0,139.0,10.0,29.0,6.0,1.0,5.0,16.0,1.0,1.0,24.0,38.0,0.209,0.333,0.374,0.707,87.0,0.327,90.0,52.0,3.0,2.0,0.0,0.0,0.0,5,
Edwin Encarnación,26.0,TOR,AL,0.7,42.0,173.0,154.0,25.0,37.0,5.0,1.0,8.0,23.0,1.0,0.0,13.0,29.0,0.24,0.306,0.442,0.748,94.0,0.33,91.0,68.0,2.0,3.0,0.0,3.0,0.0,5,
Edwin Jackson,25.0,DET,AL,-0.1,2.0,4.0,4.0,0.0,0.0,0.0,0.0,0.0,0.0,0.0,0.0,0.0,3.0,0.0,0.0,0.0,0.0,-100.0,0.0,-146.0,0.0,0.0,0.0,0.0,0.0,0.0,1,AS
Edwin Maysonet,27.0,HOU,NL,0.4,39.0,79.0,69.0,9.0,20.0,2.0,0.0,1.0,7.0,0.0,0.0,5.0,19.0,0.29,0.333,0.362,0.696,86.0,0.325,90.0,25.0,1.0,0.0,4.0,1.0,0.0,H4/56,
Edwin Moreno,28.0,SDP,NL,0.0,17.0,0.0,0.0,0.0,0.0,0.0,0.0,0.0,0.0,0.0,0.0,0.0,0.0,,,,,,,,0.0,0.0,0.0,0.0,0.0,0.0,1,
Eli Whiteside,29.0,SFG,NL,-0.1,49.0,134.0,127.0,15.0,29.0,6.0,1.0,2.0,13.0,0.0,0.0,4.0,30.0,0.228,0.269,0.339,0.607,58.0,0.269,45.0,43.0,4.0,3.0,0.0,0.0,1.0,2/H,
Elijah Dukes,25.0,WSN,NL,-0.3,107.0,416.0,364.0,38.0,91.0,20.0,4.0,8.0,58.0,3.0,10.0,46.0,74.0,0.25,0.337,0.393,0.729,93.0,0.32,93.0,143.0,8.0,3.0,0.0,3.0,2.0,98/H7,
Eliézer Alfonzo,30.0,SDP,NL,-0.2,37.0,117.0,114.0,6.0,20.0,3.0,0.0,2.0,8.0,0.0,0.0,3.0,34.0,0.175,0.197,0.254,0.451,24.0,0.202,10.0,29.0,0.0,0.0,0.0,0.0,0.0,2/H,
Elmer Dessens,38.0,NYM,NL,0.0,28.0,0.0,0.0,0.0,0.0,0.0,0.0,0.0,0.0,0.0,0.0,0.0,0.0,,,,,,,,0.0,0.0,0.0,0.0,0.0,0.0,1,
Elvis Andrus,20.0,TEX,AL,3.6,145.0,541.0,480.0,72.0,128.0,17.0,8.0,6.0,40.0,33.0,6.0,40.0,77.0,0.267,0.329,0.373,0.702,82.0,0.329,80.0,179.0,4.0,6.0,12.0,3.0,0.0,*6/H,ROY-2
Emil Brown,34.0,NYM,NL,-0.2,3.0,6.0,5.0,0.0,1.0,0.0,0.0,0.0,0.0,0.0,0.0,1.0,0.0,0.2,0.333,0.2,0.533,48.0,0.254,40.0,1.0,1.0,0.0,0.0,0.0,0.0,/H9,
Emilio Bonifácio#,24.0,FLA,NL,-0.7,127.0,509.0,461.0,72.0,116.0,11.0,6.0,1.0,27.0,21.0,9.0,34.0,95.0,0.252,0.303,0.308,0.611,61.0,0.29,59.0,142.0,5.0,2.0,8.0,4.0,0.0,56H8/47,
Emmanuel Burriss#,24.0,SFG,NL,-1.2,61.0,220.0,202.0,18.0,48.0,6.0,0.0,0.0,13.0,11.0,4.0,14.0,34.0,0.238,0.292,0.267,0.56,48.0,0.266,41.0,54.0,3.0,2.0,1.0,1.0,1.0,4/H,
Endy Chávez*,31.0,SEA,AL,0.2,54.0,182.0,161.0,17.0,44.0,3.0,1.0,2.0,13.0,9.0,1.0,14.0,22.0,0.273,0.328,0.342,0.669,82.0,0.306,74.0,55.0,4.0,0.0,5.0,2.0,1.0,7/H89D,
Eric Bruntlett,31.0,PHI,NL,-1.2,72.0,118.0,105.0,15.0,18.0,7.0,0.0,0.0,7.0,2.0,0.0,5.0,26.0,0.171,0.224,0.238,0.462,22.0,0.222,8.0,25.0,2.0,3.0,2.0,3.0,0.0,H4/659738,
Eric Byrnes,33.0,ARI,NL,0.0,84.0,258.0,239.0,26.0,54.0,14.0,1.0,8.0,31.0,9.0,3.0,12.0,30.0,0.226,0.27,0.393,0.663,69.0,0.302,64.0,94.0,4.0,3.0,2.0,2.0,0.0,7H/89D,
Eric Chávez*,31.0,OAK,AL,-0.5,8.0,31.0,30.0,0.0,3.0,1.0,0.0,0.0,1.0,0.0,0.0,1.0,7.0,0.1,0.129,0.133,0.262,-30.0,0.119,-57.0,4.0,0.0,0.0,0.0,0.0,0.0,/5,
Eric Hacker#,26.0,PIT,NL,0.0,3.0,0.0,0.0,0.0,0.0,0.0,0.0,0.0,0.0,0.0,0.0,0.0,0.0,,,,,,,,0.0,0.0,0.0,0.0,0.0,0.0,/1,
Eric Hinske*,31.0,2TM,2LG,0.4,93.0,224.0,190.0,31.0,46.0,12.0,0.0,8.0,25.0,1.0,0.0,27.0,52.0,0.242,0.348,0.432,0.78,104.0,0.348,103.0,82.0,2.0,5.0,0.0,2.0,1.0,H95/3D7,
Eric Hinske*,31.0,PIT,NL,0.4,54.0,126.0,106.0,18.0,27.0,9.0,0.0,1.0,11.0,0.0,0.0,17.0,27.0,0.255,0.373,0.368,0.741,99.0,0.339,100.0,39.0,0.0,3.0,0.0,0.0,0.0,H9/35D,
Eric Hinske*,31.0,NYY,AL,0.0,39.0,98.0,84.0,13.0,19.0,3.0,0.0,7.0,14.0,1.0,0.0,10.0,25.0,0.226,0.316,0.512,0.828,109.0,0.359,106.0,43.0,2.0,2.0,0.0,2.0,1.0,95H/D7,
Eric Milton*,33.0,LAD,NL,-0.1,6.0,11.0,8.0,0.0,0.0,0.0,0.0,0.0,0.0,0.0,0.0,0.0,3.0,0.0,0.111,0.0,0.111,-67.0,0.082,-123.0,0.0,0.0,1.0,2.0,0.0,0.0,/1H,
Eric Munson*,31.0,OAK,AL,0.0,1.0,1.0,1.0,0.0,0.0,0.0,0.0,0.0,0.0,0.0,0.0,0.0,0.0,0.0,0.0,0.0,0.0,-100.0,0.0,-142.0,0.0,0.0,0.0,0.0,0.0,0.0,/DH,
Eric O'Flaherty*,24.0,ATL,NL,0.0,74.0,1.0,1.0,0.0,0.0,0.0,0.0,0.0,0.0,0.0,0.0,0.0,1.0,0.0,0.0,0.0,0.0,-100.0,0.0,-155.0,0.0,0.0,0.0,0.0,0.0,0.0,1,
Eric Patterson*,26.0,OAK,AL,0.1,39.0,110.0,94.0,15.0,27.0,5.0,1.0,1.0,11.0,6.0,1.0,14.0,25.0,0.287,0.373,0.394,0.766,104.0,0.367,115.0,37.0,0.0,0.0,0.0,2.0,0.0,7/H4D89,
Eric Stults*,29.0,LAD,NL,0.0,11.0,21.0,15.0,1.0,1.0,0.0,0.0,0.0,2.0,0.0,0.0,3.0,8.0,0.067,0.211,0.067,0.277,-20.0,0.16,-39.0,1.0,0.0,0.0,2.0,1.0,0.0,1/H,
Eric Young Jr.#,24.0,COL,NL,-0.4,30.0,61.0,57.0,7.0,14.0,1.0,0.0,1.0,1.0,4.0,4.0,4.0,12.0,0.246,0.295,0.316,0.611,54.0,0.287,63.0,18.0,1.0,0.0,0.0,0.0,0.0,H/48,
Erick Aybar#,25.0,LAA,AL,3.4,137.0,556.0,504.0,70.0,157.0,23.0,9.0,5.0,58.0,14.0,7.0,30.0,54.0,0.312,0.353,0.423,0.776,104.0,0.343,102.0,213.0,9.0,5.0,12.0,5.0,1.0,*6/H,
Ernesto Frieri,23.0,SDP,NL,0.0,2.0,0.0,0.0,0.0,0.0,0.0,0.0,0.0,0.0,0.0,0.0,0.0,0.0,,,,,,,,0.0,0.0,0.0,0.0,0.0,0.0,/1,
Esmailin Caridad,25.0,CHC,NL,0.0,14.0,2.0,2.0,0.0,0.0,0.0,0.0,0.0,0.0,0.0,0.0,0.0,0.0,0.0,0.0,0.0,0.0,-100.0,0.0,-152.0,0.0,0.0,0.0,0.0,0.0,0.0,1,
Esmerling Vásquez,25.0,ARI,NL,0.0,50.0,0.0,0.0,0.0,0.0,0.0,0.0,0.0,0.0,0.0,0.0,0.0,0.0,,,,,,,,0.0,0.0,0.0,0.0,0.0,0.0,1,
Esmil Rogers,23.0,COL,NL,0.0,1.0,1.0,1.0,0.0,0.0,0.0,0.0,0.0,0.0,0.0,0.0,0.0,0.0,0.0,0.0,0.0,0.0,-100.0,0.0,-164.0,0.0,0.0,0.0,0.0,0.0,0.0,/1,
Esteban Germán,31.0,TEX,AL,0.2,19.0,50.0,46.0,9.0,14.0,4.0,0.0,0.0,4.0,1.0,0.0,4.0,7.0,0.304,0.36,0.391,0.751,95.0,0.356,103.0,18.0,0.0,0.0,0.0,0.0,0.0,5/4H37,
Eugenio Vélez#,27.0,SFG,NL,-0.1,84.0,307.0,285.0,40.0,76.0,13.0,5.0,5.0,31.0,11.0,5.0,16.0,55.0,0.267,0.308,0.4,0.708,84.0,0.327,87.0,114.0,6.0,2.0,2.0,2.0,1.0,74H8/9,
Evan Longoria,23.0,TBR,AL,7.0,157.0,671.0,584.0,100.0,164.0,44.0,0.0,33.0,113.0,9.0,0.0,72.0,140.0,0.281,0.364,0.526,0.889,133.0,0.386,132.0,307.0,27.0,8.0,0.0,7.0,11.0,*5/DH,"AS,MVP-19,GG,SS"
Evan Meek,26.0,PIT,NL,0.0,39.0,0.0,0.0,0.0,0.0,0.0,0.0,0.0,0.0,0.0,0.0,0.0,0.0,,,,,,,,0.0,0.0,0.0,0.0,0.0,0.0,1,
Everth Cabrera#,22.0,SDP,NL,1.4,103.0,438.0,377.0,59.0,96.0,18.0,8.0,2.0,31.0,25.0,8.0,46.0,88.0,0.255,0.342,0.361,0.703,95.0,0.336,104.0,136.0,3.0,5.0,8.0,2.0,5.0,6/H,ROY-8
Felipe López#,29.0,2TM,NL,3.3,151.0,680.0,604.0,88.0,187.0,38.0,3.0,9.0,57.0,6.0,6.0,71.0,100.0,0.31,0.383,0.427,0.81,112.0,0.368,119.0,258.0,5.0,2.0,1.0,2.0,4.0,*4/HD,
Felipe López#,29.0,ARI,NL,1.3,85.0,383.0,345.0,44.0,104.0,18.0,1.0,6.0,25.0,6.0,3.0,34.0,59.0,0.301,0.364,0.412,0.775,101.0,0.354,104.0,142.0,2.0,1.0,1.0,2.0,3.0,4/HD,
Felipe López#,29.0,MIL,NL,2.0,66.0,297.0,259.0,44.0,83.0,20.0,2.0,3.0,32.0,0.0,3.0,37.0,41.0,0.32,0.407,0.448,0.855,128.0,0.386,138.0,116.0,3.0,1.0,0.0,0.0,1.0,4/H,
Felipe Paulino,25.0,HOU,NL,-0.3,23.0,28.0,25.0,0.0,1.0,0.0,0.0,0.0,0.0,0.0,0.0,0.0,16.0,0.04,0.04,0.04,0.08,-79.0,0.037,-144.0,1.0,0.0,0.0,3.0,0.0,0.0,1,
Fernando Martínez*,20.0,NYM,NL,-0.2,29.0,100.0,91.0,11.0,16.0,6.0,0.0,1.0,8.0,2.0,0.0,5.0,14.0,0.176,0.242,0.275,0.517,38.0,0.279,54.0,25.0,0.0,3.0,1.0,0.0,0.0,7/89H,
Fernando Nieve,26.0,NYM,NL,0.1,7.0,9.0,9.0,0.0,3.0,0.0,0.0,0.0,1.0,0.0,0.0,0.0,3.0,0.333,0.333,0.333,0.667,80.0,0.294,69.0,3.0,0.0,0.0,0.0,0.0,0.0,/1,
Fernando Perez#,26.0,TBR,AL,-0.3,18.0,35.0,34.0,4.0,7.0,0.0,0.0,0.0,2.0,0.0,2.0,0.0,11.0,0.206,0.206,0.206,0.412,10.0,0.146,-19.0,7.0,0.0,0.0,1.0,0.0,0.0,/87HD9,
Fernando Rodney,32.0,DET,AL,0.0,3.0,0.0,0.0,0.0,0.0,0.0,0.0,0.0,0.0,0.0,0.0,0.0,0.0,,,,,,,,0.0,0.0,0.0,0.0,0.0,0.0,1,
Fernando Tatís,34.0,NYM,NL,1.5,125.0,379.0,340.0,42.0,96.0,21.0,4.0,8.0,48.0,4.0,1.0,22.0,54.0,0.282,0.339,0.438,0.777,106.0,0.344,104.0,149.0,13.0,9.0,4.0,4.0,3.0,3H57/469,
Francisco Cervelli,23.0,NYY,AL,0.6,42.0,101.0,94.0,13.0,28.0,4.0,0.0,1.0,11.0,0.0,3.0,2.0,11.0,0.298,0.309,0.372,0.682,75.0,0.3,76.0,35.0,1.0,0.0,4.0,1.0,0.0,2/H,
Francisco Cordero,34.0,CIN,NL,0.0,66.0,0.0,0.0,0.0,0.0,0.0,0.0,0.0,0.0,0.0,0.0,0.0,0.0,,,,,,,,0.0,0.0,0.0,0.0,0.0,0.0,1,AS
Francisco Liriano*,25.0,MIN,AL,-0.1,2.0,6.0,5.0,0.0,0.0,0.0,0.0,0.0,0.0,0.0,0.0,0.0,3.0,0.0,0.0,0.0,0.0,-100.0,0.0,-190.0,0.0,0.0,0.0,1.0,0.0,0.0,1,
Francisco Rodríguez,27.0,NYM,NL,0.0,65.0,0.0,0.0,0.0,0.0,0.0,0.0,0.0,0.0,0.0,0.0,0.0,0.0,,,,,,,,0.0,0.0,0.0,0.0,0.0,0.0,1,AS
Frank Catalanotto*,35.0,MIL,NL,0.3,77.0,162.0,144.0,18.0,40.0,6.0,3.0,1.0,9.0,2.0,0.0,14.0,23.0,0.278,0.346,0.382,0.728,94.0,0.323,86.0,55.0,2.0,2.0,0.0,2.0,5.0,H9/74,
Frank Francisco,29.0,TEX,AL,0.0,4.0,0.0,0.0,0.0,0.0,0.0,0.0,0.0,0.0,0.0,0.0,0.0,0.0,,,,,,,,0.0,0.0,0.0,0.0,0.0,0.0,1,
Frankie De La Cruz,25.0,SDP,NL,0.0,3.0,0.0,0.0,0.0,0.0,0.0,0.0,0.0,0.0,0.0,0.0,0.0,0.0,,,,,,,,0.0,0.0,0.0,0.0,0.0,0.0,/1,
Franklin Gutierrez,26.0,SEA,AL,6.6,153.0,629.0,565.0,85.0,160.0,24.0,1.0,18.0,70.0,16.0,5.0,46.0,122.0,0.283,0.339,0.425,0.764,105.0,0.346,109.0,240.0,14.0,3.0,13.0,2.0,3.0,*8,
Franklin Morales*,23.0,COL,NL,0.0,40.0,5.0,5.0,0.0,2.0,0.0,0.0,0.0,1.0,0.0,0.0,0.0,2.0,0.4,0.4,0.4,0.8,103.0,0.366,107.0,2.0,0.0,0.0,0.0,0.0,0.0,1,
Fred Lewis*,28.0,SFG,NL,1.3,122.0,336.0,295.0,49.0,76.0,21.0,3.0,4.0,20.0,8.0,4.0,36.0,84.0,0.258,0.348,0.39,0.738,94.0,0.342,98.0,115.0,4.0,5.0,0.0,0.0,3.0,7H/D,
Freddy Dolsi,26.0,DET,AL,0.0,2.0,0.0,0.0,0.0,0.0,0.0,0.0,0.0,0.0,0.0,0.0,0.0,0.0,,,,,,,,0.0,0.0,0.0,0.0,0.0,0.0,/1,
Freddy Guzmán#,28.0,NYY,AL,0.0,10.0,7.0,6.0,2.0,1.0,0.0,0.0,0.0,1.0,4.0,1.0,0.0,1.0,0.167,0.143,0.167,0.31,-20.0,0.309,30.0,1.0,0.0,0.0,0.0,1.0,0.0,/H79D,
Freddy Sandoval#,26.0,LAA,AL,-0.1,5.0,11.0,11.0,1.0,2.0,1.0,0.0,0.0,0.0,0.0,0.0,0.0,3.0,0.182,0.182,0.273,0.455,18.0,0.187,-9.0,3.0,0.0,0.0,0.0,0.0,0.0,/45,
Freddy Sánchez,31.0,2TM,NL,1.9,111.0,489.0,457.0,56.0,134.0,29.0,3.0,7.0,41.0,5.0,1.0,22.0,76.0,0.293,0.326,0.416,0.742,96.0,0.339,98.0,190.0,12.0,2.0,4.0,4.0,4.0,*4/H,AS
Freddy Sánchez,31.0,PIT,NL,1.7,86.0,382.0,355.0,45.0,105.0,28.0,3.0,6.0,34.0,5.0,1.0,20.0,60.0,0.296,0.334,0.442,0.776,105.0,0.354,109.0,157.0,9.0,2.0,2.0,3.0,4.0,4/H,
Freddy Sánchez,31.0,SFG,NL,0.2,25.0,107.0,102.0,11.0,29.0,1.0,0.0,1.0,7.0,0.0,0.0,2.0,16.0,0.284,0.295,0.324,0.619,62.0,0.285,56.0,33.0,3.0,0.0,2.0,1.0,0.0,4,
Félix Hernández,23.0,SEA,AL,0.0,2.0,7.0,6.0,1.0,0.0,0.0,0.0,0.0,0.0,0.0,0.0,1.0,3.0,0.0,0.143,0.0,0.143,-56.0,0.102,-64.0,0.0,0.0,0.0,0.0,0.0,0.0,1,"AS,CYA-2,MVP-26"
Félix Pié*,24.0,BAL,AL,-0.4,101.0,281.0,252.0,38.0,67.0,10.0,3.0,9.0,29.0,1.0,3.0,24.0,58.0,0.266,0.326,0.437,0.763,98.0,0.324,90.0,110.0,6.0,0.0,2.0,3.0,1.0,78H/D,
Gabe Gross*,29.0,TBR,AL,0.8,115.0,326.0,282.0,31.0,64.0,16.0,1.0,6.0,36.0,6.0,3.0,42.0,79.0,0.227,0.326,0.355,0.681,81.0,0.309,79.0,100.0,2.0,0.0,1.0,1.0,1.0,9H/D,
Gabe Kapler,33.0,TBR,AL,0.5,99.0,238.0,205.0,26.0,49.0,15.0,1.0,8.0,32.0,5.0,2.0,29.0,39.0,0.239,0.329,0.439,0.768,102.0,0.338,99.0,90.0,9.0,0.0,1.0,3.0,1.0,9H78/D,
Gaby Sánchez,25.0,FLA,NL,0.1,21.0,23.0,21.0,2.0,5.0,0.0,0.0,2.0,3.0,0.0,0.0,2.0,3.0,0.238,0.304,0.524,0.828,112.0,0.359,110.0,11.0,1.0,0.0,0.0,0.0,0.0,H/3,
Garret Anderson*,37.0,ATL,NL,-1.4,135.0,534.0,496.0,52.0,133.0,27.0,0.0,13.0,61.0,1.0,0.0,27.0,73.0,0.268,0.303,0.401,0.705,85.0,0.312,79.0,199.0,11.0,2.0,0.0,9.0,2.0,*7H/D,
Garrett Atkins,29.0,COL,NL,-1.2,126.0,399.0,354.0,37.0,80.0,12.0,1.0,9.0,48.0,0.0,0.0,41.0,58.0,0.226,0.308,0.342,0.65,64.0,0.304,62.0,121.0,8.0,2.0,0.0,2.0,2.0,5H3/D,
Garrett Jones*,28.0,PIT,NL,3.3,82.0,358.0,314.0,45.0,92.0,21.0,1.0,21.0,44.0,10.0,2.0,40.0,76.0,0.293,0.372,0.567,0.938,146.0,0.409,148.0,178.0,6.0,1.0,0.0,3.0,8.0,937,ROY-7
Garrett Mock#,26.0,WSN,NL,-0.2,28.0,26.0,23.0,1.0,2.0,0.0,0.0,0.0,0.0,0.0,0.0,0.0,13.0,0.087,0.087,0.087,0.174,-54.0,0.075,-116.0,2.0,0.0,0.0,3.0,0.0,0.0,1,
Garrett Olson,25.0,SEA,AL,-0.1,2.0,4.0,3.0,0.0,0.0,0.0,0.0,0.0,0.0,0.0,0.0,0.0,2.0,0.0,0.0,0.0,0.0,-100.0,0.0,-217.0,0.0,0.0,0.0,1.0,0.0,0.0,1,
Gary Matthews#,34.0,LAA,AL,-0.1,103.0,360.0,316.0,44.0,79.0,19.0,2.0,4.0,50.0,4.0,1.0,40.0,74.0,0.25,0.336,0.361,0.697,85.0,0.315,81.0,114.0,4.0,2.0,0.0,2.0,2.0,89H7/D,
Gary Sheffield,40.0,NYM,NL,0.3,100.0,312.0,268.0,44.0,74.0,13.0,2.0,10.0,43.0,2.0,1.0,40.0,46.0,0.276,0.372,0.451,0.823,119.0,0.367,121.0,121.0,10.0,2.0,0.0,2.0,3.0,7H9/D,
Gavin Floyd,26.0,CHW,AL,-0.1,1.0,3.0,1.0,0.0,0.0,0.0,0.0,0.0,0.0,0.0,0.0,0.0,1.0,0.0,0.0,0.0,0.0,-100.0,0.0,-650.0,0.0,0.0,0.0,2.0,0.0,0.0,1,
Geoff Blum#,36.0,HOU,NL,-0.3,120.0,427.0,381.0,34.0,94.0,14.0,1.0,10.0,49.0,0.0,1.0,33.0,61.0,0.247,0.314,0.367,0.681,81.0,0.304,75.0,140.0,9.0,7.0,0.0,6.0,4.0,5H3/6,
Geoff Geary,32.0,HOU,NL,0.0,16.0,0.0,0.0,0.0,0.0,0.0,0.0,0.0,0.0,0.0,0.0,0.0,0.0,,,,,,,,0.0,0.0,0.0,0.0,0.0,0.0,1,
George Kottaras*,26.0,BOS,AL,-0.2,45.0,107.0,93.0,15.0,22.0,11.0,0.0,1.0,10.0,0.0,0.0,11.0,25.0,0.237,0.308,0.387,0.696,78.0,0.303,68.0,36.0,1.0,0.0,0.0,3.0,0.0,2/HD5,
George Sherrill*,32.0,2TM,2LG,0.0,37.0,0.0,0.0,0.0,0.0,0.0,0.0,0.0,0.0,0.0,0.0,0.0,0.0,,,,,,,,0.0,0.0,0.0,0.0,0.0,0.0,1,
George Sherrill*,32.0,BAL,AL,0.0,7.0,0.0,0.0,0.0,0.0,0.0,0.0,0.0,0.0,0.0,0.0,0.0,0.0,,,,,,,,0.0,0.0,0.0,0.0,0.0,0.0,1,
George Sherrill*,32.0,LAD,NL,0.0,30.0,0.0,0.0,0.0,0.0,0.0,0.0,0.0,0.0,0.0,0.0,0.0,0.0,,,,,,,,0.0,0.0,0.0,0.0,0.0,0.0,1,
Geovany Soto,26.0,CHC,NL,0.2,102.0,389.0,331.0,27.0,72.0,19.0,1.0,11.0,47.0,1.0,0.0,50.0,77.0,0.218,0.321,0.381,0.702,80.0,0.32,77.0,126.0,19.0,3.0,0.0,5.0,3.0,2/H,
Gerald Laird,29.0,DET,AL,1.5,135.0,477.0,413.0,49.0,93.0,23.0,2.0,4.0,33.0,5.0,0.0,40.0,68.0,0.225,0.306,0.32,0.626,65.0,0.297,65.0,132.0,11.0,10.0,10.0,4.0,0.0,*2/H3,
Gerardo Parra*,22.0,ARI,NL,0.2,120.0,491.0,455.0,59.0,132.0,21.0,8.0,5.0,60.0,5.0,7.0,25.0,89.0,0.29,0.324,0.404,0.729,88.0,0.323,85.0,184.0,18.0,1.0,4.0,6.0,1.0,*78H/9,ROY-8
Gil Meche,30.0,KCR,AL,0.0,1.0,2.0,2.0,0.0,0.0,0.0,0.0,0.0,0.0,0.0,0.0,0.0,1.0,0.0,0.0,0.0,0.0,-100.0,0.0,-142.0,0.0,0.0,0.0,0.0,0.0,0.0,1,
Gil Velazquez,29.0,BOS,AL,-0.1,6.0,3.0,2.0,0.0,0.0,0.0,0.0,0.0,0.0,0.0,0.0,0.0,0.0,0.0,0.333,0.0,0.333,-3.0,0.247,28.0,0.0,0.0,1.0,0.0,0.0,0.0,/65H,
Glen Perkins*,26.0,MIN,AL,-0.1,1.0,3.0,1.0,0.0,0.0,0.0,0.0,0.0,0.0,0.0,0.0,0.0,1.0,0.0,0.0,0.0,0.0,-100.0,0.0,-625.0,0.0,0.0,0.0,2.0,0.0,0.0,1,
Glendon Rusch*,34.0,COL,NL,0.1,11.0,6.0,6.0,0.0,2.0,1.0,0.0,0.0,0.0,0.0,0.0,0.0,2.0,0.333,0.333,0.5,0.833,107.0,0.363,104.0,3.0,0.0,0.0,0.0,0.0,0.0,1,
Gordon Beckham,22.0,CHW,AL,2.1,103.0,430.0,378.0,58.0,102.0,28.0,1.0,14.0,63.0,7.0,4.0,41.0,65.0,0.27,0.347,0.46,0.808,106.0,0.356,107.0,174.0,10.0,6.0,1.0,4.0,0.0,5/H,ROY-5
Grady Sizemore*,26.0,CLE,AL,2.2,106.0,503.0,436.0,73.0,108.0,20.0,6.0,18.0,64.0,13.0,8.0,60.0,92.0,0.248,0.343,0.445,0.788,110.0,0.352,114.0,194.0,4.0,4.0,2.0,1.0,1.0,8D,
Graham Taylor*,25.0,FLA,NL,-0.1,3.0,5.0,3.0,0.0,0.0,0.0,0.0,0.0,0.0,0.0,0.0,0.0,2.0,0.0,0.0,0.0,0.0,-100.0,0.0,-315.0,0.0,0.0,0.0,2.0,0.0,0.0,/1,
Grant Balfour,31.0,TBR,AL,0.0,7.0,0.0,0.0,0.0,0.0,0.0,0.0,0.0,0.0,0.0,0.0,0.0,0.0,,,,,,,,0.0,0.0,0.0,0.0,0.0,0.0,1,
Greg Aquino,31.0,CLE,AL,0.0,2.0,0.0,0.0,0.0,0.0,0.0,0.0,0.0,0.0,0.0,0.0,0.0,0.0,,,,,,,,0.0,0.0,0.0,0.0,0.0,0.0,1,
Greg Burke,26.0,SDP,NL,0.0,44.0,0.0,0.0,0.0,0.0,0.0,0.0,0.0,0.0,0.0,0.0,0.0,0.0,,,,,,,,0.0,0.0,0.0,0.0,0.0,0.0,1,
Greg Dobbs*,30.0,PHI,NL,-0.2,97.0,169.0,154.0,15.0,38.0,6.0,0.0,5.0,20.0,1.0,0.0,11.0,29.0,0.247,0.296,0.383,0.679,77.0,0.306,72.0,59.0,2.0,1.0,0.0,3.0,1.0,H57/39D,
Greg Golson,23.0,TEX,AL,0.0,1.0,1.0,1.0,0.0,0.0,0.0,0.0,0.0,0.0,0.0,0.0,0.0,1.0,0.0,0.0,0.0,0.0,-100.0,0.0,-150.0,0.0,0.0,0.0,0.0,0.0,0.0,/8,
Greg Norton#,36.0,ATL,NL,-0.3,95.0,97.0,76.0,3.0,11.0,2.0,0.0,0.0,7.0,0.0,0.0,20.0,20.0,0.145,0.33,0.171,0.501,38.0,0.265,46.0,13.0,1.0,1.0,0.0,0.0,0.0,H/3,
Gregg Zaun#,38.0,2TM,AL,1.2,90.0,296.0,262.0,34.0,68.0,17.0,0.0,8.0,27.0,0.0,2.0,31.0,48.0,0.26,0.345,0.416,0.761,99.0,0.338,100.0,109.0,4.0,3.0,0.0,0.0,0.0,2H,
Gregg Zaun#,38.0,BAL,AL,0.8,56.0,197.0,168.0,23.0,41.0,10.0,0.0,4.0,13.0,0.0,0.0,27.0,30.0,0.244,0.355,0.375,0.73,92.0,0.337,96.0,63.0,2.0,2.0,0.0,0.0,0.0,2/H,
Gregg Zaun#,38.0,TBR,AL,0.3,34.0,99.0,94.0,11.0,27.0,7.0,0.0,4.0,14.0,0.0,2.0,4.0,18.0,0.287,0.323,0.489,0.813,112.0,0.34,108.0,46.0,2.0,1.0,0.0,0.0,0.0,2/H,
Gregorio Petit,24.0,OAK,AL,-0.3,11.0,31.0,31.0,2.0,7.0,1.0,0.0,0.0,1.0,0.0,0.0,0.0,6.0,0.226,0.226,0.258,0.484,28.0,0.245,34.0,8.0,2.0,0.0,0.0,0.0,0.0,/45H,
Grégor Blanco*,25.0,ATL,NL,-0.1,24.0,48.0,43.0,5.0,8.0,0.0,1.0,0.0,1.0,2.0,0.0,4.0,9.0,0.186,0.255,0.233,0.488,31.0,0.276,45.0,10.0,1.0,0.0,1.0,0.0,0.0,H/879,
Guillermo Mota,35.0,LAD,NL,0.1,58.0,4.0,3.0,0.0,1.0,0.0,0.0,0.0,1.0,0.0,0.0,0.0,1.0,0.333,0.333,0.333,0.667,81.0,0.305,71.0,1.0,0.0,0.0,1.0,0.0,0.0,1,
Guillermo Quiroz,27.0,SEA,AL,0.0,4.0,15.0,14.0,0.0,4.0,0.0,0.0,0.0,2.0,0.0,0.0,0.0,3.0,0.286,0.286,0.286,0.571,56.0,0.26,44.0,4.0,0.0,0.0,1.0,0.0,0.0,/2,
Guillermo Rodríguez,31.0,BAL,AL,0.1,7.0,7.0,5.0,1.0,0.0,0.0,0.0,0.0,1.0,0.0,0.0,2.0,1.0,0.0,0.286,0.0,0.286,-15.0,0.204,0.0,0.0,1.0,0.0,0.0,0.0,0.0,/2DH,
Hank Blalock*,28.0,TEX,AL,0.1,123.0,495.0,462.0,62.0,108.0,21.0,4.0,25.0,66.0,2.0,0.0,26.0,108.0,0.234,0.277,0.459,0.736,86.0,0.323,82.0,212.0,6.0,3.0,0.0,4.0,2.0,3D/H5,
Hanley Ramírez,25.0,FLA,NL,7.4,151.0,652.0,576.0,101.0,197.0,42.0,1.0,24.0,106.0,27.0,8.0,61.0,101.0,0.342,0.41,0.543,0.954,148.0,0.421,154.0,313.0,9.0,9.0,1.0,5.0,14.0,*6/H,"AS,MVP-2,SS"
Hayden Penn,24.0,FLA,NL,0.1,16.0,2.0,0.0,0.0,0.0,0.0,0.0,0.0,0.0,0.0,0.0,1.0,0.0,,1.0,,,,0.71,645.0,0.0,0.0,0.0,1.0,0.0,0.0,1,
Heath Bell,31.0,SDP,NL,0.0,65.0,1.0,0.0,0.0,0.0,0.0,0.0,0.0,0.0,0.0,0.0,0.0,0.0,,,,,,,,0.0,0.0,0.0,1.0,0.0,0.0,1,AS
Henry Blanco,37.0,SDP,NL,0.3,67.0,232.0,204.0,21.0,48.0,12.0,0.0,6.0,16.0,0.0,0.0,26.0,50.0,0.235,0.32,0.382,0.703,94.0,0.315,92.0,78.0,5.0,0.0,1.0,1.0,2.0,2/H5,
Hernán Iribarren*,25.0,MIL,NL,0.0,12.0,14.0,13.0,1.0,3.0,2.0,0.0,0.0,1.0,0.0,0.0,1.0,5.0,0.231,0.286,0.385,0.67,77.0,0.297,69.0,5.0,0.0,0.0,0.0,0.0,0.0,H/457,
Hideki Matsui*,35.0,NYY,AL,2.7,142.0,528.0,456.0,62.0,125.0,21.0,1.0,28.0,90.0,0.0,1.0,64.0,75.0,0.274,0.367,0.509,0.876,123.0,0.383,126.0,232.0,4.0,4.0,0.0,2.0,1.0,*DH,
Hideki Okajima*,33.0,BOS,AL,0.0,5.0,1.0,1.0,0.0,0.0,0.0,0.0,0.0,0.0,0.0,0.0,0.0,0.0,0.0,0.0,0.0,0.0,-100.0,0.0,-150.0,0.0,0.0,0.0,0.0,0.0,0.0,1,
Hiroki Kuroda,34.0,LAD,NL,0.0,19.0,39.0,28.0,1.0,4.0,0.0,0.0,0.0,0.0,0.0,0.0,2.0,11.0,0.143,0.2,0.143,0.343,-5.0,0.169,-55.0,4.0,0.0,0.0,9.0,0.0,0.0,1,
Homer Bailey,23.0,CIN,NL,-0.5,21.0,43.0,38.0,0.0,3.0,0.0,0.0,0.0,2.0,0.0,0.0,0.0,17.0,0.079,0.079,0.079,0.158,-58.0,0.07,-122.0,3.0,1.0,0.0,5.0,0.0,0.0,1/H,
Horacio Ramírez*,29.0,KCR,AL,0.0,2.0,0.0,0.0,0.0,0.0,0.0,0.0,0.0,0.0,0.0,0.0,0.0,0.0,,,,,,,,0.0,0.0,0.0,0.0,0.0,0.0,1,
Howie Kendrick,25.0,LAA,AL,3.1,105.0,400.0,374.0,61.0,109.0,21.0,3.0,10.0,61.0,11.0,4.0,20.0,71.0,0.291,0.334,0.444,0.778,104.0,0.357,111.0,166.0,8.0,4.0,2.0,0.0,1.0,4/HD,
Humberto Quintero,29.0,HOU,NL,0.5,60.0,168.0,157.0,11.0,37.0,8.0,1.0,4.0,14.0,0.0,0.0,7.0,41.0,0.236,0.286,0.376,0.662,75.0,0.298,70.0,59.0,8.0,4.0,0.0,0.0,1.0,2/H,
Hung-Chih Kuo*,27.0,LAD,NL,0.0,35.0,0.0,0.0,0.0,0.0,0.0,0.0,0.0,0.0,0.0,0.0,0.0,0.0,,,,,,,,0.0,0.0,0.0,0.0,0.0,0.0,1,
Hunter Pence,26.0,HOU,NL,4.0,159.0,647.0,585.0,76.0,165.0,26.0,5.0,25.0,72.0,14.0,11.0,58.0,109.0,0.282,0.346,0.472,0.818,116.0,0.358,116.0,276.0,25.0,1.0,0.0,3.0,1.0,*9/H,AS
Huston Street,25.0,COL,NL,0.0,60.0,0.0,0.0,0.0,0.0,0.0,0.0,0.0,0.0,0.0,0.0,0.0,0.0,,,,,,,,0.0,0.0,0.0,0.0,0.0,0.0,1,MVP-25
Ian Desmond,23.0,WSN,NL,0.1,21.0,89.0,82.0,9.0,23.0,7.0,2.0,4.0,12.0,1.0,0.0,5.0,14.0,0.28,0.318,0.561,0.879,128.0,0.372,121.0,46.0,2.0,0.0,1.0,1.0,0.0,6/49H,
Ian Kinsler,27.0,TEX,AL,6.0,144.0,640.0,566.0,101.0,143.0,32.0,4.0,31.0,86.0,31.0,5.0,59.0,77.0,0.253,0.327,0.488,0.814,107.0,0.367,110.0,276.0,9.0,6.0,3.0,6.0,0.0,*4,MVP-26
Ian Snell,27.0,PIT,NL,-0.1,15.0,27.0,23.0,0.0,4.0,0.0,0.0,0.0,1.0,0.0,0.0,0.0,10.0,0.174,0.174,0.174,0.348,-7.0,0.155,-56.0,4.0,0.0,0.0,4.0,0.0,0.0,1/H,
Ian Stewart*,24.0,COL,NL,0.7,147.0,491.0,425.0,74.0,97.0,19.0,3.0,25.0,70.0,7.0,4.0,56.0,138.0,0.228,0.322,0.464,0.785,95.0,0.344,91.0,197.0,7.0,5.0,0.0,5.0,3.0,*54H/79,
Ichiro Suzuki*,35.0,SEA,AL,4.7,146.0,678.0,639.0,88.0,225.0,31.0,4.0,11.0,46.0,26.0,9.0,32.0,71.0,0.352,0.386,0.465,0.851,129.0,0.371,127.0,297.0,1.0,4.0,2.0,1.0,15.0,*9/D,"AS,MVP-9,GG,SS"
Iván Rodríguez,37.0,2TM,2LG,0.1,121.0,448.0,425.0,55.0,106.0,23.0,2.0,10.0,47.0,1.0,2.0,18.0,92.0,0.249,0.28,0.384,0.663,74.0,0.295,68.0,163.0,20.0,1.0,1.0,3.0,0.0,*2/HD,
Iván Rodríguez,37.0,HOU,NL,0.5,93.0,344.0,327.0,41.0,82.0,15.0,2.0,8.0,34.0,0.0,2.0,13.0,74.0,0.251,0.28,0.382,0.662,75.0,0.291,67.0,125.0,13.0,1.0,1.0,2.0,0.0,2/H,
Iván Rodríguez,37.0,TEX,AL,-0.4,28.0,104.0,98.0,14.0,24.0,8.0,0.0,2.0,13.0,1.0,0.0,5.0,18.0,0.245,0.279,0.388,0.667,70.0,0.309,72.0,38.0,7.0,0.0,0.0,1.0,0.0,2/D,
J.A. Happ*,26.0,PHI,NL,-0.3,33.0,51.0,43.0,2.0,4.0,1.0,0.0,0.0,1.0,0.0,0.0,1.0,15.0,0.093,0.114,0.116,0.23,-39.0,0.103,-101.0,5.0,0.0,0.0,7.0,0.0,0.0,1,ROY-2
J.C. Gutiérrez,25.0,ARI,NL,0.0,62.0,0.0,0.0,0.0,0.0,0.0,0.0,0.0,0.0,0.0,0.0,0.0,0.0,,,,,,,,0.0,0.0,0.0,0.0,0.0,0.0,1,
J.C. Romero#,33.0,PHI,NL,0.0,19.0,0.0,0.0,0.0,0.0,0.0,0.0,0.0,0.0,0.0,0.0,0.0,0.0,,,,,,,,0.0,0.0,0.0,0.0,0.0,0.0,1,
J.D. Drew*,33.0,BOS,AL,4.4,137.0,539.0,452.0,84.0,126.0,30.0,4.0,24.0,68.0,2.0,6.0,82.0,109.0,0.279,0.392,0.522,0.914,134.0,0.393,136.0,236.0,6.0,3.0,1.0,1.0,5.0,*9/HD,
J.D. Martin,26.0,WSN,NL,0.1,16.0,28.0,25.0,3.0,4.0,0.0,0.0,0.0,0.0,0.0,0.0,1.0,13.0,0.16,0.192,0.16,0.352,-5.0,0.164,-36.0,4.0,0.0,0.0,2.0,0.0,0.0,1/H,
J.J. Hardy,26.0,MIL,NL,0.5,115.0,465.0,414.0,53.0,95.0,16.0,2.0,11.0,47.0,0.0,1.0,43.0,85.0,0.229,0.302,0.357,0.659,75.0,0.3,73.0,148.0,14.0,2.0,1.0,5.0,0.0,*6/H,
J.J. Putz,32.0,NYM,NL,0.0,28.0,0.0,0.0,0.0,0.0,0.0,0.0,0.0,0.0,0.0,0.0,0.0,0.0,,,,,,,,0.0,0.0,0.0,0.0,0.0,0.0,1,
J.P. Howell*,26.0,TBR,AL,0.0,6.0,0.0,0.0,0.0,0.0,0.0,0.0,0.0,0.0,0.0,0.0,0.0,0.0,,,,,,,,0.0,0.0,0.0,0.0,0.0,0.0,1,
J.R. Towles,25.0,HOU,NL,-0.1,16.0,53.0,48.0,7.0,9.0,2.0,0.0,2.0,3.0,0.0,0.0,3.0,16.0,0.188,0.25,0.354,0.604,59.0,0.278,54.0,17.0,1.0,1.0,1.0,0.0,1.0,2/H,
Jack Cust*,30.0,OAK,AL,1.0,149.0,612.0,513.0,88.0,123.0,16.0,0.0,25.0,70.0,4.0,1.0,93.0,185.0,0.24,0.356,0.417,0.773,105.0,0.346,105.0,214.0,7.0,2.0,0.0,4.0,5.0,D9/H,
Jack Hannahan*,29.0,2TM,AL,1.0,103.0,301.0,267.0,27.0,57.0,14.0,2.0,4.0,19.0,1.0,1.0,30.0,71.0,0.213,0.297,0.326,0.623,67.0,0.294,71.0,87.0,4.0,2.0,1.0,1.0,0.0,53/H64,
Jack Hannahan*,29.0,OAK,AL,0.4,52.0,134.0,119.0,12.0,23.0,6.0,2.0,1.0,8.0,0.0,0.0,13.0,36.0,0.193,0.278,0.303,0.581,55.0,0.279,57.0,36.0,2.0,1.0,1.0,0.0,0.0,5/34,
Jack Hannahan*,29.0,SEA,AL,0.6,51.0,167.0,148.0,15.0,34.0,8.0,0.0,3.0,11.0,1.0,1.0,17.0,35.0,0.23,0.311,0.345,0.656,77.0,0.307,83.0,51.0,2.0,1.0,0.0,1.0,0.0,53/H6,
Jack Taschner*,31.0,PHI,NL,0.0,23.0,2.0,1.0,0.0,0.0,0.0,0.0,0.0,0.0,0.0,0.0,0.0,0.0,0.0,0.0,0.0,0.0,-100.0,0.0,-409.0,0.0,0.0,0.0,1.0,0.0,0.0,1,
Jack Wilson,31.0,2TM,2LG,3.7,106.0,402.0,373.0,37.0,95.0,23.0,1.0,5.0,39.0,3.0,1.0,21.0,48.0,0.255,0.292,0.362,0.654,74.0,0.298,71.0,135.0,6.0,0.0,5.0,3.0,2.0,6/H,
Jack Wilson,31.0,PIT,NL,3.2,75.0,286.0,266.0,26.0,71.0,18.0,1.0,4.0,31.0,2.0,1.0,15.0,31.0,0.267,0.304,0.387,0.691,83.0,0.314,81.0,103.0,4.0,0.0,3.0,2.0,2.0,6/H,
Jack Wilson,31.0,SEA,AL,0.5,31.0,116.0,107.0,11.0,24.0,5.0,0.0,1.0,8.0,1.0,0.0,6.0,17.0,0.224,0.263,0.299,0.562,52.0,0.26,46.0,32.0,2.0,0.0,2.0,1.0,0.0,6,
Jacoby Ellsbury*,25.0,BOS,AL,2.8,153.0,693.0,624.0,94.0,188.0,27.0,10.0,8.0,60.0,70.0,12.0,49.0,74.0,0.301,0.355,0.415,0.77,98.0,0.362,100.0,259.0,13.0,6.0,6.0,6.0,3.0,*8/H,
Jair Jurrjens,23.0,ATL,NL,0.2,35.0,80.0,65.0,7.0,8.0,2.0,0.0,0.0,4.0,0.0,0.0,8.0,24.0,0.123,0.219,0.154,0.373,2.0,0.196,-14.0,10.0,0.0,0.0,7.0,0.0,0.0,1/H,
Jairo Asencio,26.0,ATL,NL,0.0,3.0,0.0,0.0,0.0,0.0,0.0,0.0,0.0,0.0,0.0,0.0,0.0,0.0,,,,,,,,0.0,0.0,0.0,0.0,0.0,0.0,/1,
Jake Fox,26.0,CHC,NL,-0.2,82.0,241.0,216.0,23.0,56.0,12.0,0.0,11.0,44.0,0.0,0.0,14.0,47.0,0.259,0.311,0.468,0.779,97.0,0.338,91.0,101.0,5.0,5.0,0.0,6.0,1.0,H57/329D,
Jake Peavy,28.0,SDP,NL,-0.1,13.0,28.0,23.0,2.0,2.0,0.0,0.0,0.0,0.0,0.0,0.0,1.0,4.0,0.087,0.125,0.087,0.212,-40.0,0.144,-53.0,2.0,1.0,0.0,4.0,0.0,0.0,1,
James Loney*,25.0,LAD,NL,2.1,158.0,652.0,576.0,73.0,162.0,25.0,2.0,13.0,90.0,7.0,3.0,70.0,68.0,0.281,0.357,0.399,0.756,104.0,0.35,111.0,230.0,16.0,0.0,1.0,4.0,10.0,*3/H,
James McDonald*,24.0,LAD,NL,-0.2,44.0,10.0,9.0,0.0,0.0,0.0,0.0,0.0,0.0,0.0,0.0,0.0,6.0,0.0,0.0,0.0,0.0,-100.0,0.0,-169.0,0.0,1.0,0.0,1.0,0.0,0.0,1,
James Parr,23.0,ATL,NL,0.0,8.0,1.0,1.0,0.0,0.0,0.0,0.0,0.0,0.0,0.0,0.0,0.0,1.0,0.0,0.0,0.0,0.0,-100.0,0.0,-155.0,0.0,0.0,0.0,0.0,0.0,0.0,/1,
James Shields,27.0,TBR,AL,0.0,2.0,5.0,4.0,0.0,0.0,0.0,0.0,0.0,0.0,0.0,0.0,1.0,2.0,0.0,0.2,0.0,0.2,-40.0,0.143,-40.0,0.0,0.0,0.0,0.0,0.0,0.0,1,
Jamey Carroll,35.0,CLE,AL,2.1,93.0,358.0,315.0,53.0,87.0,10.0,2.0,2.0,26.0,4.0,2.0,36.0,63.0,0.276,0.355,0.34,0.695,89.0,0.326,95.0,107.0,8.0,3.0,3.0,1.0,0.0,45H/97D,
Jamey Wright,34.0,KCR,AL,0.0,3.0,0.0,0.0,0.0,0.0,0.0,0.0,0.0,0.0,0.0,0.0,0.0,0.0,,,,,,,,0.0,0.0,0.0,0.0,0.0,0.0,1,
Jamie Burke,37.0,2TM,2LG,-0.4,19.0,56.0,51.0,1.0,6.0,0.0,0.0,1.0,2.0,0.0,0.0,3.0,18.0,0.118,0.164,0.176,0.34,-8.0,0.174,-17.0,9.0,2.0,0.0,1.0,1.0,0.0,2/3,
Jamie Burke,37.0,SEA,AL,-0.3,13.0,43.0,41.0,1.0,5.0,0.0,0.0,1.0,1.0,0.0,0.0,2.0,13.0,0.122,0.163,0.195,0.358,-4.0,0.185,-5.0,8.0,2.0,0.0,0.0,0.0,0.0,2/3,
Jamie Burke,37.0,WSN,NL,-0.2,6.0,13.0,10.0,0.0,1.0,0.0,0.0,0.0,1.0,0.0,0.0,1.0,5.0,0.1,0.167,0.1,0.267,-27.0,0.135,-61.0,1.0,0.0,0.0,1.0,1.0,0.0,/2,
Jamie Hoffmann,24.0,LAD,NL,-0.1,14.0,24.0,22.0,2.0,4.0,2.0,0.0,1.0,7.0,0.0,0.0,0.0,5.0,0.182,0.167,0.409,0.576,49.0,0.229,24.0,9.0,2.0,0.0,0.0,2.0,0.0,/H9,
Jamie Moyer*,46.0,PHI,NL,0.1,28.0,59.0,42.0,2.0,5.0,0.0,0.0,0.0,2.0,0.0,0.0,6.0,21.0,0.119,0.24,0.119,0.359,-1.0,0.189,-31.0,5.0,1.0,1.0,9.0,1.0,0.0,1,
Jamie Walker*,37.0,BAL,AL,0.0,1.0,0.0,0.0,0.0,0.0,0.0,0.0,0.0,0.0,0.0,0.0,0.0,0.0,,,,,,,,0.0,0.0,0.0,0.0,0.0,0.0,1,
Jared Burton,28.0,CIN,NL,0.0,50.0,1.0,1.0,0.0,0.0,0.0,0.0,0.0,0.0,0.0,0.0,0.0,1.0,0.0,0.0,0.0,0.0,-100.0,0.0,-155.0,0.0,0.0,0.0,0.0,0.0,0.0,1,
Jarrett Hoffpauir,26.0,STL,NL,0.2,8.0,16.0,12.0,1.0,3.0,2.0,0.0,0.0,2.0,0.0,0.0,4.0,2.0,0.25,0.438,0.417,0.854,130.0,0.393,138.0,5.0,1.0,0.0,0.0,0.0,0.0,/4H5,
Jarrod Saltalamacchia#,24.0,TEX,AL,0.4,84.0,310.0,283.0,34.0,66.0,12.0,0.0,9.0,34.0,0.0,2.0,22.0,97.0,0.233,0.29,0.371,0.661,70.0,0.286,58.0,105.0,3.0,1.0,3.0,1.0,1.0,2/D,
Jarrod Washburn*,34.0,SEA,AL,0.0,1.0,3.0,3.0,1.0,0.0,0.0,0.0,0.0,0.0,0.0,0.0,0.0,2.0,0.0,0.0,0.0,0.0,-100.0,0.0,-139.0,0.0,0.0,0.0,0.0,0.0,0.0,1,
Jason Bartlett,29.0,TBR,AL,6.2,137.0,567.0,500.0,90.0,160.0,29.0,7.0,14.0,66.0,30.0,7.0,54.0,89.0,0.32,0.389,0.49,0.879,132.0,0.396,137.0,245.0,5.0,5.0,4.0,4.0,2.0,*6/D,AS
Jason Bay,30.0,BOS,AL,5.2,151.0,638.0,531.0,103.0,142.0,29.0,3.0,36.0,119.0,13.0,3.0,94.0,162.0,0.267,0.384,0.537,0.921,134.0,0.406,140.0,285.0,9.0,9.0,0.0,4.0,4.0,*7/D,"AS,MVP-7,SS"
Jason Bergmann,27.0,WSN,NL,0.0,55.0,3.0,2.0,0.0,0.0,0.0,0.0,0.0,0.0,0.0,0.0,0.0,0.0,0.0,0.0,0.0,0.0,-100.0,0.0,-265.0,0.0,0.0,0.0,1.0,0.0,0.0,1,
Jason Berken,25.0,BAL,AL,0.0,1.0,1.0,1.0,0.0,0.0,0.0,0.0,0.0,0.0,0.0,0.0,0.0,1.0,0.0,0.0,0.0,0.0,-100.0,0.0,-142.0,0.0,0.0,0.0,0.0,0.0,0.0,1,
Jason Bourgeois,27.0,MIL,NL,0.2,24.0,40.0,37.0,6.0,7.0,0.0,0.0,1.0,3.0,3.0,0.0,3.0,7.0,0.189,0.25,0.27,0.52,39.0,0.278,43.0,10.0,2.0,0.0,0.0,0.0,0.0,H/97,
Jason Bulger,30.0,LAA,AL,0.0,5.0,0.0,0.0,0.0,0.0,0.0,0.0,0.0,0.0,0.0,0.0,0.0,0.0,,,,,,,,0.0,0.0,0.0,0.0,0.0,0.0,1,
Jason Frasor,31.0,TOR,AL,0.0,5.0,0.0,0.0,0.0,0.0,0.0,0.0,0.0,0.0,0.0,0.0,0.0,0.0,,,,,,,,0.0,0.0,0.0,0.0,0.0,0.0,1,
Jason Giambi*,38.0,2TM,2LG,-0.1,102.0,359.0,293.0,43.0,59.0,14.0,0.0,13.0,51.0,0.0,0.0,57.0,80.0,0.201,0.343,0.382,0.725,92.0,0.337,98.0,112.0,6.0,7.0,0.0,2.0,1.0,3DH,
Jason Giambi*,38.0,OAK,AL,-0.3,83.0,328.0,269.0,39.0,52.0,13.0,0.0,11.0,40.0,0.0,0.0,50.0,72.0,0.193,0.332,0.364,0.697,85.0,0.326,91.0,98.0,6.0,7.0,0.0,2.0,1.0,3D/H,
Jason Giambi*,38.0,COL,NL,0.2,19.0,31.0,24.0,4.0,7.0,1.0,0.0,2.0,11.0,0.0,0.0,7.0,8.0,0.292,0.452,0.583,1.035,159.0,0.451,168.0,14.0,0.0,0.0,0.0,0.0,0.0,H/3,
Jason Grilli,32.0,2TM,2LG,0.0,22.0,2.0,2.0,0.0,0.0,0.0,0.0,0.0,0.0,0.0,0.0,0.0,0.0,0.0,0.0,0.0,0.0,-100.0,0.0,-152.0,0.0,0.0,0.0,0.0,0.0,0.0,1,
Jason Grilli,32.0,COL,NL,0.0,21.0,2.0,2.0,0.0,0.0,0.0,0.0,0.0,0.0,0.0,0.0,0.0,0.0,0.0,0.0,0.0,0.0,-100.0,0.0,-152.0,0.0,0.0,0.0,0.0,0.0,0.0,1,
Jason Grilli,32.0,TEX,AL,0.0,1.0,0.0,0.0,0.0,0.0,0.0,0.0,0.0,0.0,0.0,0.0,0.0,0.0,,,,,,,,0.0,0.0,0.0,0.0,0.0,0.0,1,
Jason Hammel,26.0,COL,NL,-0.4,32.0,60.0,55.0,1.0,6.0,1.0,0.0,0.0,0.0,0.0,0.0,2.0,25.0,0.109,0.14,0.127,0.268,-32.0,0.126,-75.0,7.0,2.0,0.0,3.0,0.0,0.0,1,
Jason Isringhausen,36.0,TBR,AL,0.0,1.0,0.0,0.0,0.0,0.0,0.0,0.0,0.0,0.0,0.0,0.0,0.0,0.0,,,,,,,,0.0,0.0,0.0,0.0,0.0,0.0,/1,
Jason Jaramillo#,26.0,PIT,NL,-0.2,63.0,224.0,206.0,20.0,52.0,14.0,0.0,3.0,26.0,1.0,0.0,17.0,33.0,0.252,0.309,0.364,0.673,79.0,0.306,75.0,75.0,11.0,0.0,1.0,0.0,2.0,2/H,
Jason Jennings*,30.0,TEX,AL,0.0,4.0,1.0,1.0,0.0,0.0,0.0,0.0,0.0,0.0,0.0,0.0,0.0,0.0,0.0,0.0,0.0,0.0,-100.0,0.0,-150.0,0.0,0.0,0.0,0.0,0.0,0.0,1,
Jason Kendall,35.0,MIL,NL,0.1,134.0,526.0,452.0,48.0,109.0,19.0,2.0,2.0,43.0,7.0,2.0,46.0,58.0,0.241,0.331,0.305,0.636,71.0,0.306,75.0,138.0,11.0,17.0,6.0,5.0,6.0,*2/H,
Jason Kubel*,27.0,MIN,AL,3.5,146.0,578.0,514.0,73.0,154.0,35.0,2.0,28.0,103.0,1.0,1.0,56.0,106.0,0.3,0.369,0.539,0.907,137.0,0.387,136.0,277.0,13.0,3.0,0.0,5.0,9.0,D97H,MVP-24
Jason LaRue,35.0,STL,NL,0.1,51.0,112.0,104.0,10.0,25.0,3.0,0.0,2.0,6.0,1.0,0.0,3.0,22.0,0.24,0.288,0.327,0.615,64.0,0.29,63.0,34.0,3.0,4.0,1.0,0.0,0.0,2H/3,
Jason Marquis*,30.0,COL,NL,0.0,36.0,75.0,64.0,7.0,11.0,3.0,0.0,0.0,8.0,0.0,0.0,2.0,14.0,0.172,0.197,0.219,0.416,5.0,0.19,-37.0,14.0,0.0,0.0,9.0,0.0,0.0,1/H,AS
Jason Michaels,33.0,HOU,NL,-0.4,102.0,152.0,135.0,17.0,32.0,12.0,1.0,4.0,16.0,1.0,2.0,16.0,38.0,0.237,0.322,0.43,0.752,99.0,0.328,95.0,58.0,2.0,1.0,0.0,0.0,0.0,H78/9,
Jason Motte,27.0,STL,NL,0.0,66.0,1.0,1.0,0.0,0.0,0.0,0.0,0.0,0.0,0.0,0.0,0.0,1.0,0.0,0.0,0.0,0.0,-100.0,0.0,-155.0,0.0,0.0,0.0,0.0,0.0,0.0,1,
Jason Pridie*,25.0,MIN,AL,0.0,1.0,0.0,0.0,0.0,0.0,0.0,0.0,0.0,0.0,0.0,0.0,0.0,0.0,,,,,,,,0.0,0.0,0.0,0.0,0.0,0.0,/H,
Jason Repko,28.0,LAD,NL,-0.1,10.0,7.0,5.0,1.0,0.0,0.0,0.0,0.0,1.0,1.0,0.0,0.0,2.0,0.0,0.143,0.0,0.143,-57.0,0.141,-64.0,0.0,0.0,1.0,0.0,1.0,0.0,/H897,
Jason Schmidt,36.0,LAD,NL,0.0,5.0,7.0,6.0,1.0,1.0,0.0,0.0,0.0,0.0,0.0,0.0,0.0,0.0,0.167,0.167,0.167,0.333,-9.0,0.152,-53.0,1.0,0.0,0.0,1.0,0.0,0.0,/1H,
Jason Smith*,31.0,HOU,NL,-0.7,21.0,27.0,25.0,1.0,0.0,0.0,0.0,0.0,1.0,0.0,0.0,0.0,9.0,0.0,0.0,0.0,0.0,-100.0,0.0,-153.0,0.0,1.0,0.0,1.0,1.0,0.0,H/456,
Jason Vargas*,26.0,SEA,AL,0.0,2.0,4.0,4.0,0.0,1.0,0.0,0.0,0.0,0.0,0.0,0.0,0.0,2.0,0.25,0.25,0.25,0.5,36.0,0.227,25.0,1.0,0.0,0.0,0.0,0.0,0.0,1,
Jason Varitek#,37.0,BOS,AL,1.5,109.0,425.0,364.0,41.0,76.0,24.0,0.0,14.0,51.0,0.0,0.0,54.0,90.0,0.209,0.313,0.39,0.703,80.0,0.314,75.0,142.0,6.0,3.0,0.0,4.0,6.0,2/H,
Jason Waddell,28.0,CHC,NL,0.0,3.0,0.0,0.0,0.0,0.0,0.0,0.0,0.0,0.0,0.0,0.0,0.0,0.0,,,,,,,,0.0,0.0,0.0,0.0,0.0,0.0,/1,
Javier López*,31.0,BOS,AL,0.0,1.0,0.0,0.0,0.0,0.0,0.0,0.0,0.0,0.0,0.0,0.0,0.0,0.0,,,,,,,,0.0,0.0,0.0,0.0,0.0,0.0,1/9,
Javier Vázquez,32.0,ATL,NL,0.3,37.0,91.0,68.0,6.0,12.0,3.0,0.0,0.0,3.0,0.0,0.0,3.0,14.0,0.176,0.211,0.221,0.432,15.0,0.212,-18.0,15.0,0.0,0.0,20.0,0.0,0.0,1/H,CYA-4
Jay Bruce*,22.0,CIN,NL,1.3,101.0,387.0,345.0,47.0,77.0,15.0,2.0,22.0,58.0,3.0,3.0,38.0,75.0,0.223,0.303,0.47,0.773,101.0,0.339,100.0,162.0,5.0,2.0,1.0,1.0,2.0,9/H,
Jayson Nix,26.0,CHW,AL,1.5,94.0,290.0,255.0,36.0,57.0,11.0,0.0,12.0,32.0,10.0,2.0,28.0,64.0,0.224,0.308,0.408,0.716,83.0,0.326,81.0,104.0,5.0,4.0,1.0,2.0,1.0,4H65/D97,
Jayson Werth,30.0,PHI,NL,4.5,159.0,676.0,571.0,98.0,153.0,26.0,1.0,36.0,99.0,20.0,3.0,91.0,156.0,0.268,0.373,0.506,0.879,129.0,0.394,133.0,289.0,11.0,8.0,0.0,6.0,8.0,*98/H7,"AS,MVP-17"
Jed Lowrie#,25.0,BOS,AL,-0.5,32.0,76.0,68.0,5.0,10.0,2.0,0.0,2.0,11.0,0.0,0.0,6.0,20.0,0.147,0.211,0.265,0.475,22.0,0.223,11.0,18.0,0.0,0.0,0.0,2.0,0.0,6/5H4,
Jeff Bailey,30.0,BOS,AL,0.1,26.0,91.0,77.0,14.0,16.0,3.0,2.0,3.0,9.0,0.0,0.0,10.0,21.0,0.208,0.33,0.416,0.745,91.0,0.339,94.0,32.0,5.0,4.0,0.0,0.0,0.0,3/H79,
Jeff Baker,28.0,2TM,NL,1.1,81.0,248.0,226.0,27.0,65.0,15.0,2.0,4.0,24.0,1.0,0.0,18.0,53.0,0.288,0.343,0.425,0.768,96.0,0.351,99.0,96.0,8.0,2.0,0.0,2.0,0.0,45H/3,
Jeff Baker,28.0,COL,NL,-0.3,12.0,24.0,23.0,0.0,3.0,0.0,1.0,0.0,3.0,1.0,0.0,1.0,7.0,0.13,0.167,0.217,0.384,-4.0,0.178,-36.0,5.0,3.0,0.0,0.0,0.0,0.0,/H453,
Jeff Baker,28.0,CHC,NL,1.5,69.0,224.0,203.0,27.0,62.0,15.0,1.0,4.0,21.0,0.0,0.0,17.0,46.0,0.305,0.362,0.448,0.81,107.0,0.37,114.0,91.0,5.0,2.0,0.0,2.0,0.0,45H/3,
Jeff Bennett,29.0,2TM,2LG,0.1,31.0,2.0,2.0,0.0,0.0,0.0,0.0,0.0,0.0,0.0,0.0,0.0,1.0,0.0,0.0,0.0,0.0,-100.0,0.459,183.0,0.0,0.0,0.0,0.0,0.0,0.0,1,
Jeff Bennett,29.0,ATL,NL,0.1,30.0,2.0,2.0,0.0,0.0,0.0,0.0,0.0,0.0,0.0,0.0,0.0,1.0,0.0,0.0,0.0,0.0,-100.0,0.459,183.0,0.0,0.0,0.0,0.0,0.0,0.0,1,
Jeff Bennett,29.0,TBR,AL,0.0,1.0,0.0,0.0,0.0,0.0,0.0,0.0,0.0,0.0,0.0,0.0,0.0,0.0,,,,,,,,0.0,0.0,0.0,0.0,0.0,0.0,1,
Jeff Fiorentino*,26.0,BAL,AL,-0.2,24.0,75.0,64.0,8.0,18.0,1.0,0.0,0.0,8.0,2.0,0.0,8.0,16.0,0.281,0.351,0.297,0.648,73.0,0.332,88.0,19.0,1.0,0.0,1.0,2.0,0.0,8/7H9,
Jeff Francoeur,25.0,2TM,NL,1.3,157.0,632.0,593.0,72.0,166.0,32.0,4.0,15.0,76.0,6.0,4.0,23.0,92.0,0.28,0.309,0.423,0.732,93.0,0.322,88.0,251.0,13.0,6.0,1.0,9.0,5.0,*9/H,
Jeff Francoeur,25.0,ATL,NL,-0.3,82.0,324.0,304.0,32.0,76.0,12.0,2.0,5.0,35.0,5.0,1.0,12.0,46.0,0.25,0.282,0.352,0.634,67.0,0.286,59.0,107.0,10.0,3.0,1.0,4.0,2.0,9/H,
Jeff Francoeur,25.0,NYM,NL,1.6,75.0,308.0,289.0,40.0,90.0,20.0,2.0,10.0,41.0,1.0,3.0,11.0,46.0,0.311,0.338,0.498,0.836,121.0,0.359,119.0,144.0,3.0,3.0,0.0,5.0,3.0,9/H,
Jeff Fulchino,29.0,HOU,NL,0.1,60.0,3.0,3.0,0.0,1.0,1.0,0.0,0.0,0.0,0.0,0.0,0.0,0.0,0.333,0.333,0.667,1.0,158.0,0.422,159.0,2.0,0.0,0.0,0.0,0.0,0.0,1,
Jeff Karstens,26.0,PIT,NL,0.0,37.0,26.0,22.0,2.0,1.0,0.0,0.0,0.0,0.0,0.0,0.0,2.0,12.0,0.045,0.16,0.045,0.205,-42.0,0.16,-35.0,1.0,0.0,1.0,1.0,0.0,0.0,1,
Jeff Keppinger,29.0,HOU,NL,0.0,107.0,344.0,305.0,35.0,78.0,13.0,3.0,7.0,29.0,0.0,2.0,27.0,33.0,0.256,0.32,0.387,0.707,88.0,0.321,89.0,118.0,13.0,3.0,7.0,2.0,3.0,54H6/7,
Jeff Larish*,26.0,DET,AL,0.1,32.0,90.0,74.0,13.0,16.0,3.0,1.0,4.0,7.0,0.0,1.0,15.0,25.0,0.216,0.344,0.446,0.79,105.0,0.338,101.0,33.0,4.0,0.0,0.0,1.0,0.0,D3/H5,
Jeff Mathis,26.0,LAA,AL,0.9,84.0,272.0,237.0,26.0,50.0,8.0,0.0,5.0,28.0,2.0,3.0,22.0,73.0,0.211,0.288,0.308,0.596,58.0,0.274,54.0,73.0,2.0,4.0,8.0,1.0,0.0,2/HD,
Jeff Niemann,26.0,TBR,AL,-0.1,3.0,6.0,5.0,0.0,0.0,0.0,0.0,0.0,0.0,0.0,0.0,0.0,4.0,0.0,0.0,0.0,0.0,-100.0,0.0,-190.0,0.0,0.0,0.0,1.0,0.0,0.0,1,ROY-4
Jeff Salazar*,28.0,PIT,NL,-0.3,21.0,26.0,23.0,1.0,1.0,0.0,0.0,0.0,1.0,1.0,0.0,3.0,7.0,0.043,0.154,0.043,0.197,-44.0,0.127,-60.0,1.0,1.0,0.0,0.0,0.0,0.0,H/879,
Jeff Samardzija,24.0,CHC,NL,0.1,20.0,6.0,5.0,1.0,1.0,0.0,0.0,1.0,1.0,0.0,0.0,0.0,1.0,0.2,0.2,0.8,1.0,141.0,0.408,149.0,4.0,0.0,0.0,1.0,0.0,0.0,1,
Jeff Stevens,25.0,CHC,NL,0.0,11.0,0.0,0.0,0.0,0.0,0.0,0.0,0.0,0.0,0.0,0.0,0.0,0.0,,,,,,,,0.0,0.0,0.0,0.0,0.0,0.0,1,
Jeff Suppan,34.0,MIL,NL,0.0,29.0,56.0,42.0,4.0,6.0,1.0,0.0,0.0,5.0,0.0,0.0,4.0,12.0,0.143,0.217,0.167,0.384,5.0,0.189,-32.0,7.0,1.0,0.0,10.0,0.0,0.0,1,
Jeff Weaver,32.0,LAD,NL,0.1,26.0,15.0,13.0,1.0,3.0,0.0,0.0,0.0,0.0,0.0,0.0,0.0,6.0,0.231,0.231,0.231,0.462,25.0,0.211,-3.0,3.0,0.0,0.0,2.0,0.0,0.0,1,
Jensen Lewis,25.0,CLE,AL,0.0,4.0,1.0,1.0,0.0,0.0,0.0,0.0,0.0,0.0,0.0,0.0,0.0,1.0,0.0,0.0,0.0,0.0,-100.0,0.0,-142.0,0.0,0.0,0.0,0.0,0.0,0.0,1,
Jered Weaver,26.0,LAA,AL,0.0,2.0,5.0,4.0,1.0,0.0,0.0,0.0,0.0,1.0,0.0,0.0,1.0,1.0,0.0,0.2,0.0,0.2,-40.0,0.143,-42.0,0.0,0.0,0.0,0.0,0.0,0.0,1,
Jeremy Accardo,27.0,TOR,AL,0.0,3.0,0.0,0.0,0.0,0.0,0.0,0.0,0.0,0.0,0.0,0.0,0.0,0.0,,,,,,,,0.0,0.0,0.0,0.0,0.0,0.0,1,
Jeremy Affeldt*,30.0,SFG,NL,0.0,73.0,2.0,2.0,0.0,1.0,0.0,0.0,0.0,0.0,0.0,0.0,0.0,0.0,0.5,0.5,0.5,1.0,164.0,0.408,143.0,1.0,0.0,0.0,0.0,0.0,0.0,1,MVP-28
Jeremy Guthrie,30.0,BAL,AL,0.0,3.0,2.0,2.0,2.0,0.0,0.0,0.0,0.0,0.0,0.0,0.0,0.0,2.0,0.0,0.0,0.0,0.0,-100.0,0.0,-146.0,0.0,0.0,0.0,0.0,0.0,0.0,1/H,
Jeremy Hermida*,25.0,FLA,NL,0.2,129.0,491.0,429.0,48.0,111.0,14.0,2.0,13.0,47.0,5.0,2.0,56.0,101.0,0.259,0.348,0.392,0.74,94.0,0.337,94.0,168.0,6.0,4.0,0.0,2.0,4.0,*97/HD,
Jeremy Reed*,28.0,NYM,NL,-0.7,126.0,178.0,161.0,9.0,39.0,6.0,2.0,0.0,9.0,0.0,3.0,14.0,36.0,0.242,0.301,0.304,0.605,63.0,0.265,54.0,49.0,4.0,0.0,1.0,1.0,1.0,H78/93,
Jeremy Sowers*,26.0,CLE,AL,0.0,1.0,2.0,2.0,0.0,0.0,0.0,0.0,0.0,0.0,0.0,0.0,0.0,0.0,0.0,0.0,0.0,0.0,-100.0,0.0,-138.0,0.0,0.0,0.0,0.0,0.0,0.0,1,
Jermaine Dye,35.0,CHW,AL,0.2,141.0,574.0,503.0,78.0,126.0,19.0,1.0,27.0,81.0,0.0,2.0,64.0,108.0,0.25,0.34,0.453,0.793,102.0,0.345,99.0,228.0,15.0,5.0,0.0,2.0,2.0,*9/DH,
Jerry Hairston,33.0,2TM,2LG,1.0,131.0,433.0,383.0,62.0,96.0,23.0,1.0,10.0,39.0,7.0,4.0,32.0,54.0,0.251,0.315,0.394,0.71,85.0,0.33,91.0,151.0,3.0,6.0,8.0,4.0,0.0,567H94/8D,
Jerry Hairston,33.0,CIN,NL,0.4,86.0,340.0,307.0,47.0,78.0,18.0,1.0,8.0,27.0,7.0,3.0,21.0,46.0,0.254,0.305,0.397,0.703,84.0,0.332,92.0,122.0,2.0,3.0,6.0,3.0,0.0,56/47H98,
Jerry Hairston,33.0,NYY,AL,0.6,45.0,93.0,76.0,15.0,18.0,5.0,0.0,2.0,12.0,0.0,1.0,11.0,8.0,0.237,0.352,0.382,0.733,90.0,0.325,87.0,29.0,1.0,3.0,2.0,1.0,0.0,5H67/94D8,
Jerry Owens*,28.0,CHW,AL,-0.1,12.0,15.0,12.0,0.0,1.0,0.0,0.0,0.0,0.0,1.0,0.0,3.0,3.0,0.083,0.267,0.083,0.35,-3.0,0.219,-3.0,1.0,1.0,0.0,0.0,0.0,0.0,/H87D,
Jess Todd,23.0,STL,NL,0.0,1.0,0.0,0.0,0.0,0.0,0.0,0.0,0.0,0.0,0.0,0.0,0.0,0.0,,,,,,,,0.0,0.0,0.0,0.0,0.0,0.0,/1,
Jesse Carlson*,28.0,TOR,AL,0.0,6.0,0.0,0.0,0.0,0.0,0.0,0.0,0.0,0.0,0.0,0.0,0.0,0.0,,,,,,,,0.0,0.0,0.0,0.0,0.0,0.0,1,
Jesse Chavez,25.0,PIT,NL,0.0,71.0,1.0,1.0,0.0,0.0,0.0,0.0,0.0,0.0,0.0,0.0,0.0,1.0,0.0,0.0,0.0,0.0,-100.0,0.0,-155.0,0.0,0.0,0.0,0.0,0.0,0.0,1,
Jesse Crain,27.0,MIN,AL,0.0,1.0,0.0,0.0,0.0,0.0,0.0,0.0,0.0,0.0,0.0,0.0,0.0,0.0,,,,,,,,0.0,0.0,0.0,0.0,0.0,0.0,1,
Jesús Colomé,31.0,2TM,NL,0.0,19.0,0.0,0.0,0.0,0.0,0.0,0.0,0.0,0.0,0.0,0.0,0.0,0.0,,,,,,,,0.0,0.0,0.0,0.0,0.0,0.0,1,
Jesús Colomé,31.0,WSN,NL,0.0,14.0,0.0,0.0,0.0,0.0,0.0,0.0,0.0,0.0,0.0,0.0,0.0,0.0,,,,,,,,0.0,0.0,0.0,0.0,0.0,0.0,1,
Jesús Colomé,31.0,MIL,NL,0.0,5.0,0.0,0.0,0.0,0.0,0.0,0.0,0.0,0.0,0.0,0.0,0.0,0.0,,,,,,,,0.0,0.0,0.0,0.0,0.0,0.0,/1,
Jesús Flores,24.0,WSN,NL,0.7,29.0,106.0,93.0,13.0,28.0,3.0,2.0,4.0,15.0,0.0,0.0,11.0,26.0,0.301,0.371,0.505,0.877,130.0,0.378,128.0,47.0,1.0,0.0,1.0,1.0,1.0,2/H,
Jesús Guzmán,25.0,SFG,NL,-0.2,12.0,20.0,20.0,0.0,5.0,0.0,0.0,0.0,0.0,0.0,0.0,0.0,3.0,0.25,0.25,0.25,0.5,32.0,0.224,13.0,5.0,2.0,0.0,0.0,0.0,0.0,/H3D,
Jhonny Peralta,27.0,CLE,AL,1.0,151.0,645.0,582.0,57.0,148.0,35.0,1.0,11.0,83.0,0.0,2.0,51.0,134.0,0.254,0.316,0.375,0.69,85.0,0.318,90.0,218.0,20.0,4.0,2.0,6.0,0.0,56/DH,
Jhoulys Chacín,21.0,COL,NL,0.0,9.0,0.0,0.0,0.0,0.0,0.0,0.0,0.0,0.0,0.0,0.0,0.0,0.0,,,,,,,,0.0,0.0,0.0,0.0,0.0,0.0,/1,
Jim Johnson,26.0,BAL,AL,0.0,5.0,0.0,0.0,0.0,0.0,0.0,0.0,0.0,0.0,0.0,0.0,0.0,0.0,,,,,,,,0.0,0.0,0.0,0.0,0.0,0.0,1,
Jim Thome*,38.0,2TM,2LG,1.3,124.0,434.0,362.0,55.0,90.0,15.0,0.0,23.0,77.0,0.0,0.0,69.0,123.0,0.249,0.366,0.481,0.847,117.0,0.373,118.0,174.0,8.0,0.0,0.0,3.0,3.0,DH,
Jim Thome*,38.0,CHW,AL,1.4,107.0,417.0,345.0,55.0,86.0,15.0,0.0,23.0,74.0,0.0,0.0,69.0,116.0,0.249,0.372,0.493,0.864,121.0,0.379,123.0,170.0,8.0,0.0,0.0,3.0,3.0,D/H,
Jim Thome*,38.0,LAD,NL,-0.1,17.0,17.0,17.0,0.0,4.0,0.0,0.0,0.0,3.0,0.0,0.0,0.0,7.0,0.235,0.235,0.235,0.471,28.0,0.215,14.0,4.0,0.0,0.0,0.0,0.0,0.0,H,
Jimmy Gobble*,27.0,CHW,AL,0.0,1.0,0.0,0.0,0.0,0.0,0.0,0.0,0.0,0.0,0.0,0.0,0.0,0.0,,,,,,,,0.0,0.0,0.0,0.0,0.0,0.0,1,
Jimmy Rollins#,30.0,PHI,NL,1.8,155.0,725.0,672.0,100.0,168.0,43.0,5.0,21.0,77.0,31.0,8.0,44.0,70.0,0.25,0.296,0.423,0.719,87.0,0.329,86.0,284.0,7.0,2.0,2.0,5.0,1.0,*6/H,GG
Jo-Jo Reyes*,24.0,ATL,NL,0.1,6.0,11.0,9.0,1.0,1.0,0.0,0.0,0.0,0.0,0.0,0.0,2.0,7.0,0.111,0.273,0.111,0.384,7.0,0.212,7.0,1.0,0.0,0.0,0.0,0.0,0.0,/1,
Joakim Soria,25.0,KCR,AL,0.0,4.0,0.0,0.0,0.0,0.0,0.0,0.0,0.0,0.0,0.0,0.0,0.0,0.0,,,,,,,,0.0,0.0,0.0,0.0,0.0,0.0,1,
Joaquín Árias,24.0,TEX,AL,-0.4,3.0,9.0,8.0,0.0,0.0,0.0,0.0,0.0,0.0,0.0,0.0,0.0,3.0,0.0,0.0,0.0,0.0,-100.0,0.0,-179.0,0.0,0.0,0.0,1.0,0.0,0.0,/45,
Joba Chamberlain,23.0,NYY,AL,-0.1,1.0,3.0,2.0,0.0,0.0,0.0,0.0,0.0,0.0,0.0,0.0,0.0,0.0,0.0,0.0,0.0,0.0,-100.0,0.0,-275.0,0.0,0.0,0.0,1.0,0.0,0.0,1,
Jody Gerut*,31.0,2TM,NL,0.6,122.0,298.0,274.0,40.0,63.0,13.0,0.0,9.0,35.0,6.0,2.0,19.0,43.0,0.23,0.279,0.376,0.654,75.0,0.292,69.0,103.0,8.0,1.0,0.0,4.0,1.0,H89/7,
Jody Gerut*,31.0,SDP,NL,0.4,37.0,121.0,113.0,17.0,25.0,6.0,0.0,4.0,14.0,2.0,0.0,5.0,22.0,0.221,0.248,0.381,0.628,71.0,0.272,57.0,43.0,2.0,0.0,0.0,3.0,1.0,8H/9,
Jody Gerut*,31.0,MIL,NL,0.1,85.0,177.0,161.0,23.0,38.0,7.0,0.0,5.0,21.0,4.0,2.0,14.0,21.0,0.236,0.299,0.373,0.672,78.0,0.306,76.0,60.0,6.0,1.0,0.0,1.0,0.0,H98/7,
Joe Beimel*,32.0,2TM,NL,0.0,65.0,0.0,0.0,0.0,0.0,0.0,0.0,0.0,0.0,0.0,0.0,0.0,0.0,,,,,,,,0.0,0.0,0.0,0.0,0.0,0.0,1,
Joe Beimel*,32.0,WSN,NL,0.0,39.0,0.0,0.0,0.0,0.0,0.0,0.0,0.0,0.0,0.0,0.0,0.0,0.0,,,,,,,,0.0,0.0,0.0,0.0,0.0,0.0,1,
Joe Beimel*,32.0,COL,NL,0.0,26.0,0.0,0.0,0.0,0.0,0.0,0.0,0.0,0.0,0.0,0.0,0.0,0.0,,,,,,,,0.0,0.0,0.0,0.0,0.0,0.0,1,
Joe Blanton,28.0,PHI,NL,-0.1,30.0,69.0,55.0,4.0,7.0,0.0,0.0,0.0,1.0,0.0,0.0,4.0,21.0,0.127,0.2,0.127,0.327,-11.0,0.165,-48.0,7.0,0.0,1.0,9.0,0.0,0.0,1,
Joe Crede,31.0,MIN,AL,2.3,90.0,367.0,333.0,42.0,75.0,16.0,1.0,15.0,48.0,0.0,0.0,29.0,56.0,0.225,0.289,0.414,0.703,84.0,0.321,88.0,138.0,6.0,2.0,0.0,3.0,1.0,5/DH,
Joe Dillon,33.0,TBR,AL,0.2,15.0,35.0,30.0,4.0,9.0,0.0,0.0,1.0,2.0,0.0,0.0,3.0,4.0,0.3,0.4,0.4,0.8,114.0,0.368,121.0,12.0,1.0,2.0,0.0,0.0,0.0,/DH54,
Joe Inglett*,31.0,TOR,AL,-0.1,36.0,99.0,89.0,11.0,25.0,4.0,1.0,0.0,6.0,3.0,1.0,8.0,21.0,0.281,0.347,0.348,0.695,84.0,0.317,81.0,31.0,0.0,1.0,1.0,0.0,0.0,79/H48D,
Joe Martinez*,26.0,SFG,NL,0.1,10.0,9.0,8.0,2.0,2.0,1.0,0.0,0.0,0.0,0.0,0.0,0.0,1.0,0.25,0.25,0.375,0.625,61.0,0.387,134.0,3.0,0.0,0.0,1.0,0.0,0.0,/1H,
Joe Mauer*,26.0,MIN,AL,7.8,138.0,606.0,523.0,94.0,191.0,30.0,1.0,28.0,96.0,4.0,1.0,76.0,63.0,0.365,0.444,0.587,1.031,171.0,0.441,175.0,307.0,13.0,2.0,0.0,5.0,14.0,*2D/H,"AS,MVP-1,GG,SS"
Joe Nathan,34.0,MIN,AL,0.0,7.0,0.0,0.0,0.0,0.0,0.0,0.0,0.0,0.0,0.0,0.0,0.0,0.0,,,,,,,,0.0,0.0,0.0,0.0,0.0,0.0,1,AS
Joe Nelson,34.0,TBR,AL,0.0,4.0,0.0,0.0,0.0,0.0,0.0,0.0,0.0,0.0,0.0,0.0,0.0,0.0,,,,,,,,0.0,0.0,0.0,0.0,0.0,0.0,1,
Joe Smith,25.0,CLE,AL,0.0,4.0,0.0,0.0,0.0,0.0,0.0,0.0,0.0,0.0,0.0,0.0,0.0,0.0,,,,,,,,0.0,0.0,0.0,0.0,0.0,0.0,1,
Joe Thatcher*,27.0,SDP,NL,0.0,49.0,0.0,0.0,0.0,0.0,0.0,0.0,0.0,0.0,0.0,0.0,0.0,0.0,,,,,,,,0.0,0.0,0.0,0.0,0.0,0.0,1,
Joe Thurston*,29.0,STL,NL,-0.1,124.0,307.0,267.0,27.0,60.0,17.0,4.0,1.0,25.0,4.0,2.0,33.0,56.0,0.225,0.316,0.33,0.645,73.0,0.294,67.0,88.0,9.0,3.0,3.0,1.0,5.0,54H/7,
Joel Hanrahan,27.0,2TM,NL,0.0,65.0,1.0,1.0,0.0,0.0,0.0,0.0,0.0,0.0,0.0,0.0,0.0,0.0,0.0,0.0,0.0,0.0,-100.0,0.0,-155.0,0.0,0.0,0.0,0.0,0.0,0.0,1,
Joel Hanrahan,27.0,WSN,NL,0.0,32.0,0.0,0.0,0.0,0.0,0.0,0.0,0.0,0.0,0.0,0.0,0.0,0.0,,,,,,,,0.0,0.0,0.0,0.0,0.0,0.0,1,
Joel Hanrahan,27.0,PIT,NL,0.0,33.0,1.0,1.0,0.0,0.0,0.0,0.0,0.0,0.0,0.0,0.0,0.0,0.0,0.0,0.0,0.0,0.0,-100.0,0.0,-155.0,0.0,0.0,0.0,0.0,0.0,0.0,1,
Joel Peralta,33.0,COL,NL,0.0,25.0,0.0,0.0,0.0,0.0,0.0,0.0,0.0,0.0,0.0,0.0,0.0,0.0,,,,,,,,0.0,0.0,0.0,0.0,0.0,0.0,1,
Joel Piñeiro,30.0,STL,NL,0.1,32.0,79.0,66.0,4.0,9.0,2.0,0.0,0.0,4.0,1.0,0.0,4.0,33.0,0.136,0.186,0.167,0.352,-5.0,0.183,-29.0,11.0,0.0,0.0,9.0,0.0,0.0,1/H,
Joel Zumaya,24.0,DET,AL,0.0,3.0,0.0,0.0,0.0,0.0,0.0,0.0,0.0,0.0,0.0,0.0,0.0,0.0,,,,,,,,0.0,0.0,0.0,0.0,0.0,0.0,1,
Joey Gathright*,28.0,2TM,2LG,-0.3,37.0,32.0,30.0,9.0,8.0,0.0,0.0,0.0,0.0,2.0,2.0,2.0,8.0,0.267,0.313,0.267,0.579,52.0,0.247,39.0,8.0,2.0,0.0,0.0,0.0,0.0,H8/79D,
Joey Gathright*,28.0,CHC,NL,-0.3,20.0,15.0,14.0,2.0,3.0,0.0,0.0,0.0,0.0,1.0,2.0,1.0,6.0,0.214,0.267,0.214,0.481,26.0,0.173,9.0,3.0,0.0,0.0,0.0,0.0,0.0,H8,
Joey Gathright*,28.0,BOS,AL,0.1,17.0,17.0,16.0,7.0,5.0,0.0,0.0,0.0,0.0,1.0,0.0,1.0,2.0,0.313,0.353,0.313,0.665,74.0,0.312,65.0,5.0,2.0,0.0,0.0,0.0,0.0,/H789D,
Joey Votto*,25.0,CIN,NL,4.8,131.0,544.0,469.0,82.0,151.0,38.0,1.0,25.0,84.0,4.0,1.0,70.0,106.0,0.322,0.414,0.567,0.981,156.0,0.431,165.0,266.0,8.0,4.0,0.0,1.0,10.0,*3/H,MVP-22
Johan Santana*,30.0,NYM,NL,0.4,23.0,57.0,42.0,1.0,7.0,3.0,0.0,0.0,4.0,0.0,0.0,5.0,14.0,0.167,0.255,0.238,0.493,33.0,0.252,25.0,10.0,0.0,0.0,10.0,0.0,0.0,1,AS
John Axford,26.0,MIL,NL,0.0,7.0,0.0,0.0,0.0,0.0,0.0,0.0,0.0,0.0,0.0,0.0,0.0,0.0,,,,,,,,0.0,0.0,0.0,0.0,0.0,0.0,/1,
John Baker*,28.0,FLA,NL,0.6,112.0,423.0,373.0,59.0,101.0,25.0,0.0,9.0,50.0,0.0,0.0,41.0,89.0,0.271,0.349,0.41,0.759,99.0,0.341,97.0,153.0,10.0,5.0,2.0,2.0,5.0,2H,
John Bale*,35.0,KCR,AL,0.0,4.0,0.0,0.0,0.0,0.0,0.0,0.0,0.0,0.0,0.0,0.0,0.0,0.0,,,,,,,,0.0,0.0,0.0,0.0,0.0,0.0,1,
John Bowker*,25.0,SFG,NL,-0.2,31.0,73.0,67.0,7.0,13.0,2.0,2.0,2.0,7.0,1.0,0.0,4.0,18.0,0.194,0.247,0.373,0.62,60.0,0.274,47.0,25.0,0.0,1.0,0.0,1.0,0.0,7H/93,
John Buck,28.0,KCR,AL,0.5,59.0,202.0,186.0,16.0,46.0,12.0,4.0,8.0,36.0,1.0,1.0,13.0,55.0,0.247,0.299,0.484,0.782,104.0,0.334,99.0,90.0,2.0,1.0,1.0,1.0,0.0,2D/H,
John Danks*,24.0,CHW,AL,0.0,1.0,3.0,2.0,0.0,0.0,0.0,0.0,0.0,0.0,0.0,0.0,0.0,1.0,0.0,0.0,0.0,0.0,-100.0,0.0,-275.0,0.0,0.0,0.0,1.0,0.0,0.0,1,
John Grabow*,30.0,2TM,NL,0.0,73.0,2.0,1.0,0.0,0.0,0.0,0.0,0.0,0.0,0.0,0.0,0.0,0.0,0.0,0.0,0.0,0.0,-100.0,0.0,-409.0,0.0,0.0,0.0,1.0,0.0,0.0,1,
John Grabow*,30.0,PIT,NL,0.0,43.0,2.0,1.0,0.0,0.0,0.0,0.0,0.0,0.0,0.0,0.0,0.0,0.0,0.0,0.0,0.0,0.0,-100.0,0.0,-409.0,0.0,0.0,0.0,1.0,0.0,0.0,1,
John Grabow*,30.0,CHC,NL,0.0,30.0,0.0,0.0,0.0,0.0,0.0,0.0,0.0,0.0,0.0,0.0,0.0,0.0,,,,,,,,0.0,0.0,0.0,0.0,0.0,0.0,1,
John Hester,25.0,ARI,NL,0.0,15.0,30.0,28.0,4.0,7.0,2.0,0.0,1.0,4.0,0.0,0.0,2.0,7.0,0.25,0.3,0.429,0.729,86.0,0.322,81.0,12.0,0.0,0.0,0.0,0.0,0.0,/2H,
John Koronka*,28.0,FLA,NL,0.0,2.0,2.0,1.0,0.0,0.0,0.0,0.0,0.0,0.0,0.0,0.0,0.0,1.0,0.0,0.0,0.0,0.0,-100.0,0.0,-409.0,0.0,0.0,0.0,1.0,0.0,0.0,/1,
John Lackey,30.0,LAA,AL,-0.1,3.0,9.0,8.0,1.0,1.0,0.0,0.0,0.0,1.0,0.0,0.0,0.0,2.0,0.125,0.125,0.125,0.25,-33.0,0.114,-82.0,1.0,0.0,0.0,1.0,0.0,0.0,1,
John Lannan*,24.0,WSN,NL,0.1,31.0,65.0,58.0,1.0,9.0,1.0,0.0,0.0,0.0,0.0,0.0,2.0,21.0,0.155,0.183,0.172,0.356,-5.0,0.177,-28.0,10.0,0.0,0.0,5.0,0.0,0.0,1,
John Maine,28.0,NYM,NL,-0.1,16.0,29.0,27.0,0.0,4.0,0.0,0.0,0.0,2.0,0.0,0.0,0.0,11.0,0.148,0.148,0.148,0.296,-20.0,0.132,-59.0,4.0,0.0,0.0,2.0,0.0,0.0,1/H,
John Mayberry,25.0,PHI,NL,-0.2,39.0,60.0,57.0,8.0,12.0,3.0,0.0,4.0,8.0,0.0,0.0,2.0,23.0,0.211,0.25,0.474,0.724,85.0,0.327,88.0,27.0,2.0,1.0,0.0,0.0,0.0,7H/9,
John McDonald,34.0,TOR,AL,0.4,73.0,156.0,151.0,18.0,39.0,7.0,0.0,4.0,13.0,0.0,2.0,1.0,18.0,0.258,0.271,0.384,0.655,70.0,0.287,66.0,58.0,1.0,2.0,1.0,1.0,0.0,6H5/47D,
John Smoltz,42.0,2TM,2LG,-0.1,8.0,16.0,15.0,1.0,1.0,0.0,0.0,0.0,0.0,0.0,0.0,1.0,7.0,0.067,0.125,0.067,0.192,-47.0,0.095,-77.0,1.0,1.0,0.0,0.0,0.0,0.0,1,
John Smoltz,42.0,BOS,AL,0.0,1.0,2.0,2.0,0.0,0.0,0.0,0.0,0.0,0.0,0.0,0.0,0.0,2.0,0.0,0.0,0.0,0.0,-100.0,0.0,-150.0,0.0,0.0,0.0,0.0,0.0,0.0,/1,
John Smoltz,42.0,STL,NL,-0.1,7.0,14.0,13.0,1.0,1.0,0.0,0.0,0.0,0.0,0.0,0.0,1.0,5.0,0.077,0.143,0.077,0.22,-39.0,0.109,-66.0,1.0,1.0,0.0,0.0,0.0,0.0,/1,
Johnny Cueto,23.0,CIN,NL,0.0,28.0,59.0,46.0,5.0,6.0,0.0,0.0,0.0,1.0,0.0,0.0,3.0,17.0,0.13,0.184,0.13,0.314,-15.0,0.187,-34.0,6.0,2.0,0.0,10.0,0.0,0.0,1,
Johnny Damon*,35.0,NYY,AL,4.2,143.0,626.0,550.0,107.0,155.0,36.0,3.0,24.0,82.0,12.0,0.0,71.0,98.0,0.282,0.365,0.489,0.854,118.0,0.384,123.0,269.0,9.0,2.0,2.0,1.0,1.0,*7/HD,
Jon Garland,29.0,2TM,NL,-0.5,32.0,75.0,70.0,3.0,6.0,0.0,0.0,0.0,1.0,0.0,0.0,1.0,34.0,0.086,0.111,0.086,0.197,-48.0,0.096,-87.0,6.0,0.0,1.0,3.0,0.0,0.0,1/H,
Jon Garland,29.0,ARI,NL,-0.4,26.0,62.0,58.0,3.0,6.0,0.0,0.0,0.0,1.0,0.0,0.0,1.0,26.0,0.103,0.119,0.103,0.222,-42.0,0.105,-84.0,6.0,0.0,0.0,3.0,0.0,0.0,1/H,
Jon Garland,29.0,LAD,NL,-0.1,6.0,13.0,12.0,0.0,0.0,0.0,0.0,0.0,0.0,0.0,0.0,0.0,8.0,0.0,0.077,0.0,0.077,-77.0,0.057,-100.0,0.0,0.0,1.0,0.0,0.0,0.0,/1,
Jon Lester*,25.0,BOS,AL,-0.1,2.0,5.0,3.0,0.0,0.0,0.0,0.0,0.0,0.0,0.0,0.0,0.0,2.0,0.0,0.0,0.0,0.0,-100.0,0.0,-314.0,0.0,0.0,0.0,2.0,0.0,0.0,1,
Jon Niese*,22.0,NYM,NL,0.0,5.0,9.0,8.0,0.0,1.0,0.0,0.0,0.0,0.0,0.0,0.0,0.0,3.0,0.125,0.125,0.125,0.25,-33.0,0.114,-81.0,1.0,0.0,0.0,1.0,0.0,0.0,/1,
Jon Rauch,30.0,ARI,NL,0.0,55.0,0.0,0.0,0.0,0.0,0.0,0.0,0.0,0.0,0.0,0.0,0.0,0.0,,,,,,,,0.0,0.0,0.0,0.0,0.0,0.0,1,
Jon Switzer*,29.0,NYM,NL,0.0,2.0,0.0,0.0,0.0,0.0,0.0,0.0,0.0,0.0,0.0,0.0,0.0,0.0,,,,,,,,0.0,0.0,0.0,0.0,0.0,0.0,/1,
Jonathan Albaladejo,26.0,NYY,AL,0.0,1.0,0.0,0.0,0.0,0.0,0.0,0.0,0.0,0.0,0.0,0.0,0.0,0.0,,,,,,,,0.0,0.0,0.0,0.0,0.0,0.0,1,
Jonathan Broxton,25.0,LAD,NL,0.0,68.0,1.0,1.0,0.0,0.0,0.0,0.0,0.0,0.0,0.0,0.0,0.0,0.0,0.0,0.0,0.0,0.0,-100.0,0.0,-145.0,0.0,0.0,0.0,0.0,0.0,0.0,1,AS
Jonathan Papelbon,28.0,BOS,AL,0.0,4.0,0.0,0.0,0.0,0.0,0.0,0.0,0.0,0.0,0.0,0.0,0.0,0.0,,,,,,,,0.0,0.0,0.0,0.0,0.0,0.0,1,AS
Jonathan Sánchez*,26.0,SFG,NL,-0.1,31.0,54.0,41.0,2.0,3.0,0.0,0.0,0.0,0.0,0.0,0.0,4.0,27.0,0.073,0.174,0.073,0.247,-32.0,0.153,-62.0,3.0,0.0,1.0,8.0,0.0,0.0,1,
Jonathan Van Every*,29.0,BOS,AL,-0.1,7.0,13.0,11.0,1.0,4.0,0.0,0.0,1.0,3.0,0.0,0.0,2.0,5.0,0.364,0.462,0.636,1.098,180.0,0.464,183.0,7.0,0.0,0.0,0.0,0.0,0.0,/981H,
Jonny Gomes,28.0,CIN,NL,0.9,98.0,314.0,281.0,39.0,75.0,17.0,0.0,20.0,51.0,3.0,1.0,26.0,85.0,0.267,0.338,0.541,0.879,128.0,0.379,126.0,152.0,8.0,5.0,0.0,2.0,2.0,79H/D,
Jordan Schafer*,22.0,ATL,NL,-1.6,50.0,195.0,167.0,18.0,34.0,8.0,0.0,2.0,8.0,2.0,1.0,27.0,63.0,0.204,0.313,0.287,0.6,61.0,0.274,51.0,48.0,2.0,0.0,0.0,1.0,3.0,8,
Jordan Zimmermann,23.0,WSN,NL,0.1,15.0,34.0,27.0,1.0,4.0,0.0,0.0,0.0,2.0,0.0,0.0,1.0,11.0,0.148,0.179,0.148,0.327,-12.0,0.185,-36.0,4.0,0.0,0.0,6.0,0.0,0.0,1,
Jorge Campillo,30.0,ATL,NL,0.0,5.0,0.0,0.0,0.0,0.0,0.0,0.0,0.0,0.0,0.0,0.0,0.0,0.0,,,,,,,,0.0,0.0,0.0,0.0,0.0,0.0,/1,
Jorge Cantú,27.0,FLA,NL,0.8,149.0,643.0,585.0,67.0,169.0,42.0,0.0,16.0,100.0,3.0,1.0,47.0,81.0,0.289,0.345,0.443,0.788,105.0,0.361,112.0,259.0,15.0,6.0,0.0,5.0,4.0,*35/DH,
Jorge De La Rosa*,28.0,COL,NL,-0.3,32.0,63.0,57.0,3.0,7.0,2.0,0.0,0.0,3.0,0.0,0.0,1.0,30.0,0.123,0.138,0.158,0.296,-25.0,0.133,-75.0,9.0,0.0,0.0,5.0,0.0,0.0,1,
Jorge Julio,30.0,MIL,NL,0.0,13.0,1.0,1.0,0.0,0.0,0.0,0.0,0.0,0.0,0.0,0.0,0.0,1.0,0.0,0.0,0.0,0.0,-100.0,0.0,-155.0,0.0,0.0,0.0,0.0,0.0,0.0,1,
Jorge Padilla,29.0,WSN,NL,-0.6,29.0,26.0,25.0,3.0,3.0,0.0,0.0,0.0,0.0,0.0,0.0,1.0,8.0,0.12,0.154,0.12,0.274,-26.0,0.129,-52.0,3.0,1.0,0.0,0.0,0.0,0.0,H/798,
Jorge Posada#,38.0,NYY,AL,1.6,111.0,438.0,383.0,55.0,109.0,25.0,0.0,22.0,81.0,1.0,0.0,48.0,101.0,0.285,0.363,0.522,0.885,125.0,0.385,126.0,200.0,13.0,2.0,0.0,5.0,4.0,2H/D3,
Jorge Sosa,31.0,WSN,NL,0.0,18.0,1.0,0.0,0.0,0.0,0.0,0.0,0.0,0.0,0.0,0.0,0.0,0.0,,,,,,,,0.0,0.0,0.0,1.0,0.0,0.0,1,
Jose Lobaton#,24.0,SDP,NL,-0.2,7.0,17.0,17.0,0.0,3.0,0.0,0.0,0.0,0.0,0.0,0.0,0.0,5.0,0.176,0.176,0.176,0.353,-2.0,0.156,-23.0,3.0,1.0,0.0,0.0,0.0,0.0,/24,
Josh Anderson*,26.0,2TM,AL,-0.9,118.0,298.0,283.0,42.0,68.0,7.0,4.0,1.0,24.0,25.0,5.0,13.0,43.0,0.24,0.276,0.304,0.58,53.0,0.283,51.0,86.0,7.0,1.0,1.0,0.0,0.0,789H/D,
Josh Anderson*,26.0,DET,AL,-0.3,74.0,175.0,165.0,22.0,40.0,4.0,4.0,0.0,16.0,13.0,2.0,8.0,22.0,0.242,0.282,0.315,0.597,57.0,0.296,59.0,52.0,4.0,1.0,1.0,0.0,0.0,7H9/D8,
Josh Anderson*,26.0,KCR,AL,-0.6,44.0,123.0,118.0,20.0,28.0,3.0,0.0,1.0,8.0,12.0,3.0,5.0,21.0,0.237,0.268,0.288,0.556,49.0,0.263,40.0,34.0,3.0,0.0,0.0,0.0,0.0,89/H7D,
Josh Banks,26.0,SDP,NL,0.1,5.0,6.0,4.0,1.0,0.0,0.0,0.0,0.0,0.0,0.0,0.0,2.0,0.0,0.0,0.333,0.0,0.333,3.0,0.237,35.0,0.0,0.0,0.0,0.0,0.0,0.0,/1,
Josh Bard#,31.0,WSN,NL,-1.2,90.0,301.0,274.0,20.0,63.0,18.0,0.0,6.0,31.0,0.0,1.0,24.0,50.0,0.23,0.293,0.361,0.655,73.0,0.29,65.0,99.0,5.0,1.0,1.0,1.0,1.0,2H,
Josh Barfield,26.0,CLE,AL,0.1,17.0,20.0,20.0,5.0,8.0,1.0,0.0,0.0,2.0,0.0,1.0,0.0,7.0,0.4,0.4,0.45,0.85,129.0,0.341,123.0,9.0,0.0,0.0,0.0,0.0,0.0,H/47D,
Josh Beckett,29.0,BOS,AL,0.1,2.0,5.0,5.0,1.0,1.0,0.0,0.0,1.0,1.0,0.0,0.0,0.0,3.0,0.2,0.2,0.8,1.0,141.0,0.395,133.0,4.0,0.0,0.0,0.0,0.0,0.0,1,AS
Josh Butler,24.0,MIL,NL,0.0,3.0,0.0,0.0,0.0,0.0,0.0,0.0,0.0,0.0,0.0,0.0,0.0,0.0,,,,,,,,0.0,0.0,0.0,0.0,0.0,0.0,/1,
Josh Fields,26.0,CHW,AL,-1.2,79.0,268.0,239.0,29.0,53.0,5.0,2.0,7.0,30.0,2.0,3.0,25.0,76.0,0.222,0.301,0.347,0.648,67.0,0.291,62.0,83.0,5.0,2.0,2.0,0.0,0.0,53H/D,
Josh Fogg,32.0,COL,NL,0.0,23.0,12.0,9.0,0.0,1.0,0.0,0.0,0.0,0.0,0.0,0.0,1.0,1.0,0.111,0.2,0.111,0.311,-19.0,0.162,-68.0,1.0,0.0,0.0,2.0,0.0,0.0,1,
Josh Geer,26.0,SDP,NL,0.2,17.0,31.0,24.0,2.0,4.0,1.0,0.0,0.0,1.0,0.0,0.0,2.0,10.0,0.167,0.231,0.208,0.439,23.0,0.201,-7.0,5.0,0.0,0.0,5.0,0.0,0.0,1,
Josh Hamilton*,28.0,TEX,AL,0.6,89.0,365.0,336.0,43.0,90.0,19.0,2.0,10.0,54.0,8.0,3.0,24.0,79.0,0.268,0.315,0.426,0.741,90.0,0.322,82.0,143.0,5.0,1.0,0.0,4.0,2.0,89/DH,AS
Josh Johnson*,25.0,FLA,NL,0.7,32.0,77.0,62.0,8.0,12.0,1.0,0.0,3.0,10.0,0.0,0.0,6.0,33.0,0.194,0.265,0.355,0.62,61.0,0.277,45.0,22.0,0.0,0.0,9.0,0.0,0.0,1/H,AS
Josh Kinney,30.0,STL,NL,0.0,17.0,1.0,1.0,0.0,0.0,0.0,0.0,0.0,0.0,0.0,0.0,0.0,1.0,0.0,0.0,0.0,0.0,-100.0,0.0,-155.0,0.0,0.0,0.0,0.0,0.0,0.0,1,
Josh Outman*,24.0,OAK,AL,0.0,2.0,2.0,2.0,0.0,0.0,0.0,0.0,0.0,0.0,0.0,0.0,0.0,1.0,0.0,0.0,0.0,0.0,-100.0,0.0,-142.0,0.0,0.0,0.0,0.0,0.0,0.0,1,
Josh Reddick*,22.0,BOS,AL,-0.3,27.0,62.0,59.0,5.0,10.0,4.0,0.0,2.0,4.0,0.0,0.0,2.0,17.0,0.169,0.21,0.339,0.549,38.0,0.251,30.0,20.0,0.0,1.0,0.0,0.0,0.0,79H/8,
Josh Roenicke,26.0,CIN,NL,0.0,9.0,0.0,0.0,0.0,0.0,0.0,0.0,0.0,0.0,0.0,0.0,0.0,0.0,,,,,,,,0.0,0.0,0.0,0.0,0.0,0.0,1,
Josh Thole*,22.0,NYM,NL,0.1,17.0,59.0,53.0,2.0,17.0,2.0,1.0,0.0,9.0,1.0,0.0,4.0,5.0,0.321,0.356,0.396,0.752,101.0,0.336,96.0,21.0,1.0,0.0,0.0,2.0,0.0,2/H,
Josh Whitesell*,27.0,ARI,NL,-0.5,46.0,133.0,108.0,7.0,21.0,7.0,0.0,1.0,14.0,0.0,0.0,24.0,29.0,0.194,0.346,0.287,0.633,67.0,0.299,63.0,31.0,2.0,1.0,0.0,0.0,4.0,3H,
Josh Willingham,30.0,WSN,NL,2.5,133.0,502.0,427.0,70.0,111.0,29.0,0.0,24.0,61.0,4.0,3.0,61.0,104.0,0.26,0.367,0.496,0.863,127.0,0.389,136.0,212.0,11.0,12.0,0.0,2.0,2.0,*79H/3,
Josh Wilson,28.0,3TM,2LG,-0.5,72.0,211.0,192.0,19.0,42.0,11.0,1.0,3.0,13.0,1.0,2.0,12.0,44.0,0.219,0.279,0.333,0.612,65.0,0.277,62.0,64.0,4.0,4.0,3.0,0.0,1.0,6/H541D,
Josh Wilson,28.0,2TM,NL,-0.9,27.0,73.0,64.0,3.0,10.0,3.0,0.0,0.0,3.0,0.0,0.0,6.0,12.0,0.156,0.25,0.203,0.453,24.0,0.212,7.0,13.0,2.0,2.0,1.0,0.0,1.0,6/H15,
Josh Wilson,28.0,ARI,NL,-0.1,11.0,30.0,26.0,1.0,6.0,1.0,0.0,0.0,2.0,0.0,0.0,3.0,3.0,0.231,0.333,0.269,0.603,59.0,0.284,53.0,7.0,2.0,1.0,0.0,0.0,0.0,/6H1,
Josh Wilson,28.0,SDP,NL,-0.8,16.0,43.0,38.0,2.0,4.0,2.0,0.0,0.0,1.0,0.0,0.0,3.0,9.0,0.105,0.19,0.158,0.348,-2.0,0.159,-27.0,6.0,0.0,1.0,1.0,0.0,1.0,6/15,
Josh Wilson,28.0,SEA,AL,0.4,45.0,138.0,128.0,16.0,32.0,8.0,1.0,3.0,10.0,1.0,2.0,6.0,32.0,0.25,0.294,0.398,0.693,85.0,0.311,89.0,51.0,2.0,2.0,2.0,0.0,0.0,6/H54D,
José Arredondo,25.0,LAA,AL,0.0,2.0,0.0,0.0,0.0,0.0,0.0,0.0,0.0,0.0,0.0,0.0,0.0,0.0,,,,,,,,0.0,0.0,0.0,0.0,0.0,0.0,1,
José Ascanio,24.0,2TM,NL,0.0,14.0,2.0,2.0,0.0,0.0,0.0,0.0,0.0,0.0,0.0,0.0,0.0,1.0,0.0,0.0,0.0,0.0,-100.0,0.0,-152.0,0.0,0.0,0.0,0.0,0.0,0.0,1,
José Ascanio,24.0,CHC,NL,0.0,12.0,2.0,2.0,0.0,0.0,0.0,0.0,0.0,0.0,0.0,0.0,0.0,1.0,0.0,0.0,0.0,0.0,-100.0,0.0,-152.0,0.0,0.0,0.0,0.0,0.0,0.0,1,
José Ascanio,24.0,PIT,NL,0.0,2.0,0.0,0.0,0.0,0.0,0.0,0.0,0.0,0.0,0.0,0.0,0.0,0.0,,,,,,,,0.0,0.0,0.0,0.0,0.0,0.0,/1,
José Bautista,28.0,TOR,AL,2.9,113.0,404.0,336.0,54.0,79.0,13.0,3.0,13.0,40.0,4.0,0.0,56.0,85.0,0.235,0.349,0.408,0.757,99.0,0.351,105.0,137.0,9.0,4.0,6.0,2.0,1.0,795H/8D,
José Contreras,37.0,2TM,2LG,-0.2,9.0,10.0,9.0,0.0,0.0,0.0,0.0,0.0,0.0,0.0,0.0,0.0,5.0,0.0,0.0,0.0,0.0,-100.0,0.0,-179.0,0.0,0.0,0.0,1.0,0.0,0.0,1,
José Contreras,37.0,CHW,AL,-0.1,2.0,6.0,6.0,0.0,0.0,0.0,0.0,0.0,0.0,0.0,0.0,0.0,3.0,0.0,0.0,0.0,0.0,-100.0,0.0,-149.0,0.0,0.0,0.0,0.0,0.0,0.0,1,
José Contreras,37.0,COL,NL,-0.1,7.0,4.0,3.0,0.0,0.0,0.0,0.0,0.0,0.0,0.0,0.0,0.0,2.0,0.0,0.0,0.0,0.0,-100.0,0.0,-244.0,0.0,0.0,0.0,1.0,0.0,0.0,/1,
José Guillén,33.0,KCR,AL,-2.0,81.0,312.0,281.0,30.0,68.0,8.0,0.0,9.0,40.0,1.0,0.0,22.0,50.0,0.242,0.314,0.367,0.681,81.0,0.318,85.0,103.0,13.0,8.0,0.0,1.0,1.0,9D/7H,
José López,25.0,SEA,AL,2.1,153.0,653.0,613.0,69.0,167.0,42.0,0.0,25.0,96.0,3.0,3.0,24.0,69.0,0.272,0.303,0.463,0.766,103.0,0.334,102.0,284.0,25.0,6.0,3.0,7.0,5.0,*43/H,
José Mijares*,24.0,MIN,AL,0.0,3.0,0.0,0.0,0.0,0.0,0.0,0.0,0.0,0.0,0.0,0.0,0.0,0.0,,,,,,,,0.0,0.0,0.0,0.0,0.0,0.0,1,
José Molina,34.0,NYY,AL,-0.1,52.0,155.0,138.0,15.0,30.0,4.0,0.0,1.0,11.0,0.0,0.0,14.0,28.0,0.217,0.292,0.268,0.56,46.0,0.273,46.0,37.0,6.0,1.0,1.0,1.0,0.0,2/35DH,
José Morales#,26.0,MIN,AL,0.5,54.0,134.0,119.0,14.0,37.0,6.0,0.0,0.0,7.0,0.0,0.0,14.0,22.0,0.311,0.381,0.361,0.742,99.0,0.342,102.0,43.0,4.0,0.0,0.0,1.0,1.0,2HD,
José Reyes#,26.0,NYM,NL,0.9,36.0,166.0,147.0,18.0,41.0,7.0,2.0,2.0,15.0,11.0,2.0,18.0,19.0,0.279,0.355,0.395,0.75,101.0,0.361,110.0,58.0,2.0,0.0,0.0,1.0,1.0,6/H,
José Valverde,31.0,HOU,NL,0.0,48.0,0.0,0.0,0.0,0.0,0.0,0.0,0.0,0.0,0.0,0.0,0.0,0.0,,,,,,,,0.0,0.0,0.0,0.0,0.0,0.0,1,
Juan Carlos Oviedo,27.0,FLA,NL,0.0,72.0,0.0,0.0,0.0,0.0,0.0,0.0,0.0,0.0,0.0,0.0,0.0,0.0,,,,,,,,0.0,0.0,0.0,0.0,0.0,0.0,1,
Juan Castro,37.0,LAD,NL,0.3,57.0,121.0,112.0,18.0,31.0,4.0,0.0,1.0,9.0,0.0,0.0,6.0,25.0,0.277,0.311,0.339,0.65,76.0,0.292,68.0,38.0,1.0,0.0,2.0,1.0,1.0,64H/57,
Juan Cruz,30.0,KCR,AL,0.0,3.0,0.0,0.0,0.0,0.0,0.0,0.0,0.0,0.0,0.0,0.0,0.0,0.0,,,,,,,,0.0,0.0,0.0,0.0,0.0,0.0,1,
Juan Francisco*,22.0,CIN,NL,0.5,14.0,25.0,21.0,4.0,9.0,1.0,0.0,1.0,7.0,0.0,0.0,3.0,7.0,0.429,0.52,0.619,1.139,200.0,0.499,214.0,13.0,0.0,1.0,0.0,0.0,0.0,H/5,
Juan Miranda*,26.0,NYY,AL,0.0,8.0,9.0,9.0,2.0,3.0,0.0,0.0,1.0,3.0,0.0,0.0,0.0,4.0,0.333,0.333,0.667,1.0,149.0,0.411,145.0,6.0,0.0,0.0,0.0,0.0,0.0,/3HD,
Juan Pierre*,31.0,LAD,NL,1.2,145.0,425.0,380.0,57.0,117.0,16.0,8.0,0.0,31.0,30.0,12.0,27.0,27.0,0.308,0.365,0.392,0.757,105.0,0.348,108.0,149.0,7.0,8.0,9.0,1.0,3.0,7H8,
Juan Rincón,30.0,COL,NL,0.0,24.0,1.0,1.0,0.0,0.0,0.0,0.0,0.0,0.0,0.0,0.0,0.0,0.0,0.0,0.0,0.0,0.0,-100.0,0.0,-164.0,0.0,0.0,0.0,0.0,0.0,0.0,1,
Juan Rivera,30.0,LAA,AL,3.8,138.0,572.0,529.0,72.0,152.0,24.0,1.0,25.0,88.0,0.0,1.0,36.0,57.0,0.287,0.332,0.478,0.81,111.0,0.361,116.0,253.0,19.0,2.0,0.0,5.0,1.0,*7D/9,
Juan Uribe,30.0,SFG,NL,3.5,122.0,432.0,398.0,50.0,115.0,26.0,4.0,16.0,55.0,3.0,1.0,25.0,82.0,0.289,0.329,0.495,0.824,112.0,0.37,118.0,197.0,7.0,1.0,3.0,5.0,2.0,564H,
Julio Borbón*,23.0,TEX,AL,0.8,46.0,179.0,157.0,30.0,49.0,4.0,0.0,4.0,20.0,19.0,4.0,15.0,28.0,0.312,0.376,0.414,0.79,105.0,0.38,115.0,65.0,3.0,1.0,6.0,0.0,0.0,D7/H8,
Julio Lugo,33.0,2TM,2LG,-0.4,88.0,293.0,257.0,40.0,72.0,13.0,5.0,3.0,21.0,9.0,0.0,29.0,45.0,0.28,0.352,0.405,0.756,99.0,0.358,105.0,104.0,3.0,1.0,3.0,3.0,0.0,64H/D,
Julio Lugo,33.0,BOS,AL,-1.1,37.0,123.0,109.0,16.0,31.0,4.0,1.0,1.0,8.0,3.0,0.0,12.0,18.0,0.284,0.352,0.367,0.719,87.0,0.336,87.0,40.0,0.0,0.0,1.0,1.0,0.0,6/HD,
Julio Lugo,33.0,STL,NL,0.6,51.0,170.0,148.0,24.0,41.0,9.0,4.0,2.0,13.0,6.0,0.0,17.0,27.0,0.277,0.351,0.432,0.784,108.0,0.373,119.0,64.0,3.0,1.0,2.0,2.0,0.0,46H,
Julián Tavárez*,36.0,WSN,NL,0.0,38.0,1.0,1.0,0.0,0.0,0.0,0.0,0.0,0.0,0.0,0.0,0.0,0.0,0.0,0.0,0.0,0.0,-100.0,0.0,-155.0,0.0,0.0,0.0,0.0,0.0,0.0,1,
Justin Berg,25.0,CHC,NL,0.0,11.0,0.0,0.0,0.0,0.0,0.0,0.0,0.0,0.0,0.0,0.0,0.0,0.0,,,,,,,,0.0,0.0,0.0,0.0,0.0,0.0,1,
Justin Huber,26.0,MIN,AL,-0.1,1.0,2.0,2.0,0.0,1.0,0.0,0.0,0.0,0.0,0.0,0.0,0.0,0.0,0.5,0.5,0.5,1.0,167.0,0.454,183.0,1.0,1.0,0.0,0.0,0.0,0.0,/3,
Justin Lehr,31.0,CIN,NL,0.1,11.0,28.0,22.0,1.0,2.0,1.0,0.0,0.0,1.0,0.0,0.0,1.0,8.0,0.091,0.13,0.136,0.267,-29.0,0.205,-19.0,3.0,0.0,0.0,5.0,0.0,0.0,1,
Justin Masterson,24.0,BOS,AL,0.0,4.0,0.0,0.0,0.0,0.0,0.0,0.0,0.0,0.0,0.0,0.0,0.0,0.0,,,,,,,,0.0,0.0,0.0,0.0,0.0,0.0,1,
Justin Maxwell,25.0,WSN,NL,0.7,40.0,102.0,89.0,13.0,22.0,4.0,1.0,4.0,9.0,6.0,1.0,12.0,32.0,0.247,0.343,0.449,0.793,109.0,0.358,106.0,40.0,1.0,1.0,0.0,0.0,0.0,8H/79,
Justin Miller,31.0,SFG,NL,-0.1,42.0,3.0,3.0,0.0,0.0,0.0,0.0,0.0,0.0,0.0,0.0,0.0,2.0,0.0,0.0,0.0,0.0,-100.0,0.0,-150.0,0.0,0.0,0.0,0.0,0.0,0.0,1,
Justin Morneau*,28.0,MIN,AL,3.5,135.0,590.0,508.0,85.0,139.0,31.0,1.0,30.0,100.0,0.0,0.0,72.0,86.0,0.274,0.363,0.516,0.878,130.0,0.373,125.0,262.0,12.0,3.0,0.0,7.0,12.0,*3D,AS
Justin Speier,35.0,LAA,AL,0.0,6.0,0.0,0.0,0.0,0.0,0.0,0.0,0.0,0.0,0.0,0.0,0.0,0.0,,,,,,,,0.0,0.0,0.0,0.0,0.0,0.0,1,
Justin Turner,24.0,BAL,AL,0.2,12.0,22.0,18.0,2.0,3.0,0.0,0.0,0.0,3.0,0.0,0.0,4.0,3.0,0.167,0.318,0.167,0.485,33.0,0.291,63.0,3.0,1.0,0.0,0.0,0.0,0.0,/5H4D,
Justin Upton,21.0,ARI,NL,4.0,138.0,588.0,526.0,84.0,158.0,30.0,7.0,26.0,86.0,20.0,5.0,55.0,137.0,0.3,0.366,0.532,0.899,129.0,0.393,129.0,280.0,10.0,2.0,1.0,4.0,3.0,*9/HD,"AS,MVP-25"
Justin Verlander,26.0,DET,AL,-0.1,2.0,4.0,2.0,0.0,0.0,0.0,0.0,0.0,0.0,0.0,0.0,0.0,1.0,0.0,0.0,0.0,0.0,-100.0,0.0,-392.0,0.0,0.0,0.0,2.0,0.0,0.0,1,"AS,CYA-3,MVP-20"
Kam Mickolio,25.0,BAL,AL,0.0,1.0,0.0,0.0,0.0,0.0,0.0,0.0,0.0,0.0,0.0,0.0,0.0,0.0,,,,,,,,0.0,0.0,0.0,0.0,0.0,0.0,1,
Kazuo Matsui#,33.0,HOU,NL,0.4,132.0,533.0,476.0,56.0,119.0,20.0,2.0,9.0,46.0,19.0,3.0,34.0,85.0,0.25,0.302,0.357,0.659,75.0,0.3,66.0,170.0,4.0,3.0,16.0,4.0,2.0,*4/H,
Kelly Johnson*,27.0,ATL,NL,0.2,106.0,346.0,303.0,47.0,68.0,20.0,3.0,8.0,29.0,7.0,2.0,32.0,54.0,0.224,0.303,0.389,0.692,82.0,0.314,79.0,118.0,4.0,3.0,6.0,2.0,1.0,4H,
Kelly Shoppach,29.0,CLE,AL,1.1,89.0,327.0,271.0,33.0,58.0,14.0,0.0,12.0,40.0,0.0,0.0,33.0,98.0,0.214,0.335,0.399,0.734,97.0,0.336,102.0,108.0,8.0,18.0,2.0,3.0,0.0,2/DH,
Ken Griffey Jr.*,39.0,SEA,AL,0.6,117.0,454.0,387.0,44.0,83.0,19.0,0.0,19.0,57.0,0.0,0.0,63.0,80.0,0.214,0.324,0.411,0.735,97.0,0.335,102.0,159.0,6.0,1.0,0.0,3.0,2.0,DH/79,
Ken Takahashi*,40.0,NYM,NL,0.0,26.0,2.0,2.0,0.0,0.0,0.0,0.0,0.0,0.0,0.0,0.0,0.0,2.0,0.0,0.0,0.0,0.0,-100.0,0.0,-139.0,0.0,0.0,0.0,0.0,0.0,0.0,1,
Kendrys Morales#,26.0,LAA,AL,4.3,152.0,622.0,566.0,86.0,173.0,43.0,2.0,34.0,108.0,3.0,7.0,46.0,117.0,0.306,0.355,0.569,0.924,139.0,0.385,136.0,322.0,15.0,2.0,0.0,8.0,10.0,*3/H,MVP-5
Kenji Johjima,33.0,SEA,AL,0.8,71.0,258.0,239.0,24.0,59.0,11.0,0.0,9.0,22.0,2.0,2.0,12.0,28.0,0.247,0.296,0.406,0.702,87.0,0.303,81.0,97.0,4.0,5.0,1.0,1.0,0.0,2/H,
Kenshin Kawakami,34.0,ATL,NL,-0.2,32.0,49.0,41.0,0.0,4.0,0.0,0.0,0.0,0.0,0.0,0.0,3.0,13.0,0.098,0.159,0.098,0.257,-30.0,0.132,-68.0,4.0,0.0,0.0,5.0,0.0,0.0,1/H,
Kerry Wood,32.0,CLE,AL,0.0,4.0,0.0,0.0,0.0,0.0,0.0,0.0,0.0,0.0,0.0,0.0,0.0,0.0,,,,,,,,0.0,0.0,0.0,0.0,0.0,0.0,1,
Kevin Barker*,33.0,CIN,NL,-0.1,29.0,36.0,32.0,2.0,9.0,3.0,0.0,0.0,3.0,0.0,0.0,3.0,9.0,0.281,0.333,0.375,0.708,87.0,0.303,71.0,12.0,2.0,0.0,0.0,1.0,1.0,H/3,
Kevin Cash,31.0,NYY,AL,-0.2,10.0,28.0,26.0,1.0,6.0,2.0,0.0,0.0,3.0,0.0,0.0,0.0,5.0,0.231,0.25,0.308,0.558,43.0,0.239,22.0,8.0,1.0,1.0,0.0,1.0,0.0,2,
Kevin Correia,28.0,SDP,NL,0.0,36.0,68.0,55.0,2.0,8.0,1.0,0.0,0.0,0.0,0.0,1.0,2.0,21.0,0.145,0.175,0.164,0.339,-5.0,0.183,-16.0,9.0,1.0,0.0,11.0,0.0,0.0,1/H,
Kevin Frandsen,27.0,SFG,NL,-0.4,23.0,54.0,50.0,3.0,7.0,2.0,0.0,0.0,1.0,0.0,0.0,3.0,4.0,0.14,0.204,0.18,0.384,2.0,0.2,-4.0,9.0,2.0,1.0,0.0,0.0,0.0,4/6H,
Kevin Gregg,31.0,CHC,NL,0.0,70.0,0.0,0.0,0.0,0.0,0.0,0.0,0.0,0.0,0.0,0.0,0.0,0.0,,,,,,,,0.0,0.0,0.0,0.0,0.0,0.0,1,
Kevin Hart,26.0,2TM,NL,0.1,16.0,29.0,25.0,3.0,4.0,0.0,0.0,0.0,2.0,0.0,0.0,3.0,7.0,0.16,0.25,0.16,0.41,11.0,0.207,-2.0,4.0,0.0,0.0,1.0,0.0,0.0,1,
Kevin Hart,26.0,CHC,NL,0.1,6.0,9.0,9.0,2.0,2.0,0.0,0.0,0.0,1.0,0.0,0.0,0.0,3.0,0.222,0.222,0.222,0.444,15.0,0.203,-7.0,2.0,0.0,0.0,0.0,0.0,0.0,/1,
Kevin Hart,26.0,PIT,NL,0.1,10.0,20.0,16.0,1.0,2.0,0.0,0.0,0.0,1.0,0.0,0.0,3.0,4.0,0.125,0.263,0.125,0.388,8.0,0.208,1.0,2.0,0.0,0.0,1.0,0.0,0.0,1,
Kevin Jepsen,24.0,LAA,AL,0.0,3.0,0.0,0.0,0.0,0.0,0.0,0.0,0.0,0.0,0.0,0.0,0.0,0.0,,,,,,,,0.0,0.0,0.0,0.0,0.0,0.0,1,
Kevin Kouzmanoff,27.0,SDP,NL,1.4,141.0,573.0,529.0,50.0,135.0,31.0,1.0,18.0,88.0,1.0,0.0,27.0,106.0,0.255,0.302,0.42,0.722,97.0,0.321,95.0,222.0,25.0,11.0,0.0,6.0,3.0,*5/H,
Kevin Millar,37.0,TOR,AL,-0.7,78.0,283.0,251.0,29.0,56.0,14.0,0.0,7.0,29.0,0.0,0.0,31.0,49.0,0.223,0.311,0.363,0.674,77.0,0.308,76.0,91.0,10.0,1.0,0.0,0.0,0.0,3DH/5,
Kevin Millwood,34.0,TEX,AL,0.0,1.0,2.0,2.0,0.0,0.0,0.0,0.0,0.0,0.0,0.0,0.0,0.0,1.0,0.0,0.0,0.0,0.0,-100.0,0.0,-146.0,0.0,0.0,0.0,0.0,0.0,0.0,1,
Kevin Mulvey,24.0,ARI,NL,-0.1,6.0,7.0,7.0,0.0,1.0,0.0,0.0,0.0,0.0,0.0,1.0,0.0,3.0,0.143,0.143,0.143,0.286,-26.0,0.058,-56.0,1.0,0.0,0.0,0.0,0.0,0.0,/1,
Kevin Richardson,28.0,TEX,AL,0.1,4.0,6.0,6.0,2.0,3.0,0.0,0.0,0.0,0.0,0.0,0.0,0.0,2.0,0.5,0.5,0.5,1.0,161.0,0.454,176.0,3.0,0.0,0.0,0.0,0.0,0.0,/2,
Kevin Slowey,25.0,MIN,AL,-0.1,2.0,4.0,3.0,0.0,0.0,0.0,0.0,0.0,0.0,0.0,0.0,0.0,1.0,0.0,0.0,0.0,0.0,-100.0,0.0,-222.0,0.0,1.0,0.0,1.0,0.0,0.0,1,
Kevin Youkilis,30.0,BOS,AL,6.6,136.0,588.0,491.0,99.0,150.0,36.0,1.0,27.0,94.0,7.0,2.0,77.0,125.0,0.305,0.413,0.548,0.961,146.0,0.42,151.0,269.0,9.0,16.0,0.0,4.0,6.0,35/7H,"AS,MVP-6"
Khalil Greene,29.0,STL,NL,-0.9,77.0,193.0,170.0,21.0,34.0,7.0,0.0,6.0,24.0,2.0,1.0,15.0,35.0,0.2,0.272,0.347,0.619,64.0,0.285,60.0,59.0,5.0,3.0,2.0,3.0,1.0,H65,
Kiko Calero,34.0,FLA,NL,0.0,65.0,0.0,0.0,0.0,0.0,0.0,0.0,0.0,0.0,0.0,0.0,0.0,0.0,,,,,,,,0.0,0.0,0.0,0.0,0.0,0.0,1,
Kip Wells,32.0,2TM,NL,-0.1,33.0,17.0,11.0,1.0,1.0,0.0,0.0,0.0,0.0,0.0,0.0,0.0,4.0,0.091,0.091,0.091,0.182,-52.0,0.083,-171.0,1.0,0.0,0.0,6.0,0.0,0.0,1,
Kip Wells,32.0,WSN,NL,0.0,23.0,1.0,0.0,0.0,0.0,0.0,0.0,0.0,0.0,0.0,0.0,0.0,0.0,,,,,,,,0.0,0.0,0.0,1.0,0.0,0.0,1,
Kip Wells,32.0,CIN,NL,-0.1,10.0,16.0,11.0,1.0,1.0,0.0,0.0,0.0,0.0,0.0,0.0,0.0,4.0,0.091,0.091,0.091,0.182,-52.0,0.083,-171.0,1.0,0.0,0.0,5.0,0.0,0.0,1,
Koji Uehara,34.0,BAL,AL,0.0,2.0,3.0,2.0,0.0,0.0,0.0,0.0,0.0,0.0,0.0,0.0,1.0,1.0,0.0,0.333,0.0,0.333,-1.0,0.238,25.0,0.0,0.0,0.0,0.0,0.0,0.0,1,
Kosuke Fukudome*,32.0,CHC,NL,2.1,146.0,603.0,499.0,79.0,129.0,38.0,5.0,11.0,54.0,6.0,10.0,93.0,112.0,0.259,0.375,0.421,0.796,105.0,0.361,112.0,210.0,15.0,3.0,3.0,5.0,3.0,*89H,
Koyie Hill#,30.0,CHC,NL,0.7,83.0,284.0,253.0,26.0,60.0,12.0,2.0,2.0,24.0,0.0,0.0,27.0,78.0,0.237,0.312,0.324,0.636,64.0,0.295,59.0,82.0,9.0,1.0,2.0,1.0,6.0,2/H5,
Kris Medlen#,23.0,ATL,NL,-0.2,38.0,13.0,13.0,0.0,0.0,0.0,0.0,0.0,0.0,0.0,0.0,0.0,7.0,0.0,0.0,0.0,0.0,-100.0,0.0,-145.0,0.0,0.0,0.0,0.0,0.0,0.0,1/H,
Kurt Suzuki,25.0,OAK,AL,3.4,147.0,614.0,570.0,74.0,156.0,37.0,1.0,15.0,88.0,8.0,2.0,28.0,59.0,0.274,0.313,0.421,0.734,93.0,0.333,95.0,240.0,14.0,8.0,1.0,7.0,0.0,*2D/H,
Kyle Blanks,22.0,SDP,NL,0.9,54.0,172.0,148.0,24.0,37.0,9.0,0.0,10.0,22.0,1.0,1.0,18.0,55.0,0.25,0.355,0.514,0.868,137.0,0.376,137.0,76.0,4.0,6.0,0.0,0.0,1.0,97/H3D,
Kyle Davies,25.0,KCR,AL,0.0,1.0,2.0,1.0,0.0,0.0,0.0,0.0,0.0,0.0,0.0,0.0,0.0,0.0,0.0,0.0,0.0,0.0,-100.0,0.0,-383.0,0.0,0.0,0.0,1.0,0.0,0.0,1,
Kyle Farnsworth,33.0,KCR,AL,0.0,2.0,0.0,0.0,0.0,0.0,0.0,0.0,0.0,0.0,0.0,0.0,0.0,0.0,,,,,,,,0.0,0.0,0.0,0.0,0.0,0.0,1,
Kyle Kendrick,24.0,PHI,NL,0.0,9.0,9.0,8.0,0.0,2.0,0.0,0.0,0.0,0.0,0.0,0.0,0.0,5.0,0.25,0.25,0.25,0.5,32.0,0.216,-3.0,2.0,0.0,0.0,1.0,0.0,0.0,/1,
Kyle Lohse,30.0,STL,NL,0.2,23.0,45.0,37.0,3.0,8.0,0.0,0.0,0.0,2.0,0.0,0.0,1.0,7.0,0.216,0.275,0.216,0.491,33.0,0.233,14.0,8.0,0.0,2.0,5.0,0.0,0.0,1,
Kyle McClellan,25.0,STL,NL,0.0,64.0,3.0,3.0,0.0,0.0,0.0,0.0,0.0,0.0,0.0,0.0,0.0,1.0,0.0,0.0,0.0,0.0,-100.0,0.0,-144.0,0.0,0.0,0.0,0.0,0.0,0.0,1,
Kyle Phillips*,25.0,TOR,AL,-0.1,5.0,18.0,18.0,1.0,5.0,3.0,0.0,0.0,2.0,0.0,0.0,0.0,4.0,0.278,0.278,0.444,0.722,86.0,0.303,73.0,8.0,1.0,0.0,0.0,0.0,0.0,/2H,
Lance Berkman#,33.0,HOU,NL,3.5,136.0,563.0,460.0,73.0,126.0,31.0,1.0,25.0,80.0,7.0,4.0,97.0,98.0,0.274,0.399,0.509,0.907,140.0,0.395,142.0,234.0,13.0,1.0,0.0,4.0,14.0,*3/H,
Lance Broadway,25.0,NYM,NL,0.0,8.0,0.0,0.0,0.0,0.0,0.0,0.0,0.0,0.0,0.0,0.0,0.0,0.0,,,,,,,,0.0,0.0,0.0,0.0,0.0,0.0,/1,
Lance Cormier,28.0,TBR,AL,0.0,4.0,0.0,0.0,0.0,0.0,0.0,0.0,0.0,0.0,0.0,0.0,0.0,0.0,,,,,,,,0.0,0.0,0.0,0.0,0.0,0.0,1,
Landon Powell#,27.0,OAK,AL,0.6,46.0,155.0,140.0,19.0,32.0,7.0,0.0,7.0,30.0,0.0,0.0,14.0,36.0,0.229,0.297,0.429,0.725,90.0,0.315,83.0,60.0,3.0,0.0,0.0,1.0,0.0,2/3DH,
Lastings Milledge,24.0,2TM,NL,0.1,65.0,265.0,244.0,21.0,68.0,11.0,0.0,4.0,21.0,7.0,4.0,13.0,47.0,0.279,0.323,0.373,0.696,85.0,0.318,86.0,91.0,5.0,4.0,2.0,2.0,0.0,7/8H,
Lastings Milledge,24.0,WSN,NL,-0.5,7.0,26.0,24.0,1.0,4.0,0.0,0.0,0.0,1.0,1.0,0.0,1.0,10.0,0.167,0.231,0.167,0.397,8.0,0.202,-6.0,4.0,1.0,1.0,0.0,0.0,0.0,/8H,
Lastings Milledge,24.0,PIT,NL,0.5,58.0,239.0,220.0,20.0,64.0,11.0,0.0,4.0,20.0,6.0,4.0,12.0,37.0,0.291,0.333,0.395,0.729,94.0,0.331,96.0,87.0,4.0,3.0,2.0,2.0,0.0,7/H,
LaTroy Hawkins,36.0,HOU,NL,0.0,62.0,0.0,0.0,0.0,0.0,0.0,0.0,0.0,0.0,0.0,0.0,0.0,0.0,,,,,,,,0.0,0.0,0.0,0.0,0.0,0.0,1,
Laynce Nix*,28.0,CIN,NL,1.0,116.0,337.0,309.0,42.0,74.0,26.0,1.0,15.0,46.0,0.0,1.0,22.0,81.0,0.239,0.291,0.476,0.767,99.0,0.33,92.0,147.0,5.0,2.0,0.0,4.0,3.0,7H9/8,
Leo Rosales,28.0,ARI,NL,-0.1,33.0,3.0,3.0,0.0,0.0,0.0,0.0,0.0,0.0,0.0,0.0,0.0,2.0,0.0,0.0,0.0,0.0,-100.0,0.0,-153.0,0.0,0.0,0.0,0.0,0.0,0.0,1,
Liván Hernández,34.0,2TM,NL,-0.1,30.0,67.0,54.0,1.0,8.0,2.0,0.0,0.0,0.0,0.0,0.0,2.0,6.0,0.148,0.179,0.185,0.364,-2.0,0.168,-46.0,10.0,5.0,0.0,11.0,0.0,0.0,1/H,
Liván Hernández,34.0,NYM,NL,-0.2,22.0,49.0,40.0,0.0,5.0,0.0,0.0,0.0,0.0,0.0,0.0,1.0,4.0,0.125,0.146,0.125,0.271,-26.0,0.129,-80.0,5.0,2.0,0.0,8.0,0.0,0.0,1/H,
Liván Hernández,34.0,WSN,NL,0.1,8.0,18.0,14.0,1.0,3.0,2.0,0.0,0.0,0.0,0.0,0.0,1.0,2.0,0.214,0.267,0.357,0.624,64.0,0.277,45.0,5.0,3.0,0.0,3.0,0.0,0.0,/1,
Logan Kensing,26.0,2TM,NL,0.0,32.0,2.0,2.0,0.0,0.0,0.0,0.0,0.0,0.0,0.0,0.0,0.0,0.0,0.0,0.0,0.0,0.0,-100.0,0.0,-143.0,0.0,0.0,0.0,0.0,0.0,0.0,1,
Logan Kensing,26.0,FLA,NL,0.0,6.0,0.0,0.0,0.0,0.0,0.0,0.0,0.0,0.0,0.0,0.0,0.0,0.0,,,,,,,,0.0,0.0,0.0,0.0,0.0,0.0,/1,
Logan Kensing,26.0,WSN,NL,0.0,26.0,2.0,2.0,0.0,0.0,0.0,0.0,0.0,0.0,0.0,0.0,0.0,0.0,0.0,0.0,0.0,0.0,-100.0,0.0,-143.0,0.0,0.0,0.0,0.0,0.0,0.0,1,
Lou Marson,23.0,2TM,2LG,0.3,21.0,72.0,61.0,9.0,15.0,7.0,0.0,0.0,4.0,0.0,0.0,10.0,21.0,0.246,0.347,0.361,0.708,90.0,0.319,87.0,22.0,3.0,0.0,0.0,1.0,0.0,2,
Lou Marson,23.0,PHI,NL,0.1,7.0,20.0,17.0,3.0,4.0,1.0,0.0,0.0,0.0,0.0,0.0,3.0,7.0,0.235,0.35,0.294,0.644,72.0,0.307,74.0,5.0,1.0,0.0,0.0,0.0,0.0,/2,
Lou Marson,23.0,CLE,AL,0.2,14.0,52.0,44.0,6.0,11.0,6.0,0.0,0.0,4.0,0.0,0.0,7.0,14.0,0.25,0.346,0.386,0.733,97.0,0.323,92.0,17.0,2.0,0.0,0.0,1.0,0.0,2,
Luis Ayala,31.0,2TM,2LG,0.0,13.0,1.0,0.0,0.0,0.0,0.0,0.0,0.0,0.0,0.0,0.0,0.0,0.0,,,,,,,,0.0,0.0,0.0,1.0,0.0,0.0,1,
Luis Ayala,31.0,MIN,AL,0.0,3.0,1.0,0.0,0.0,0.0,0.0,0.0,0.0,0.0,0.0,0.0,0.0,0.0,,,,,,,,0.0,0.0,0.0,1.0,0.0,0.0,1,
Luis Ayala,31.0,FLA,NL,0.0,10.0,0.0,0.0,0.0,0.0,0.0,0.0,0.0,0.0,0.0,0.0,0.0,0.0,,,,,,,,0.0,0.0,0.0,0.0,0.0,0.0,1,
Luis Castillo#,33.0,NYM,NL,1.4,142.0,580.0,486.0,77.0,147.0,12.0,3.0,1.0,40.0,20.0,6.0,69.0,58.0,0.302,0.387,0.346,0.732,99.0,0.344,102.0,168.0,15.0,1.0,19.0,5.0,3.0,*4/H,
Luis Cruz,25.0,PIT,NL,-0.2,27.0,78.0,70.0,5.0,15.0,1.0,0.0,0.0,2.0,0.0,0.0,6.0,7.0,0.214,0.282,0.229,0.511,39.0,0.247,33.0,16.0,1.0,1.0,0.0,1.0,1.0,6/4H,
Luis Durango#,23.0,SDP,NL,0.3,9.0,14.0,11.0,3.0,6.0,0.0,0.0,0.0,0.0,2.0,1.0,2.0,2.0,0.545,0.615,0.545,1.161,225.0,0.493,230.0,6.0,0.0,0.0,1.0,0.0,0.0,/H78,
Luis Hernández#,25.0,KCR,AL,-0.5,37.0,81.0,73.0,4.0,15.0,1.0,0.0,0.0,4.0,1.0,0.0,4.0,18.0,0.205,0.256,0.219,0.476,29.0,0.239,25.0,16.0,2.0,1.0,3.0,0.0,0.0,6/H45,
Luis Montañez,27.0,BAL,AL,-0.6,29.0,91.0,82.0,5.0,15.0,5.0,0.0,1.0,6.0,0.0,1.0,5.0,16.0,0.183,0.244,0.28,0.525,37.0,0.242,32.0,23.0,0.0,2.0,1.0,1.0,0.0,7/HD89,
Luis Perdomo,25.0,SDP,NL,-0.1,34.0,6.0,6.0,0.0,0.0,0.0,0.0,0.0,0.0,0.0,0.0,0.0,5.0,0.0,0.0,0.0,0.0,-100.0,0.0,-137.0,0.0,0.0,0.0,0.0,0.0,0.0,1,
Luis Rodríguez#,29.0,SDP,NL,-0.8,93.0,251.0,208.0,18.0,42.0,6.0,0.0,2.0,16.0,1.0,0.0,37.0,23.0,0.202,0.319,0.26,0.578,62.0,0.279,64.0,54.0,5.0,0.0,3.0,3.0,4.0,6H4/5,
Luis Valbuena*,23.0,CLE,AL,1.0,103.0,398.0,368.0,52.0,92.0,25.0,3.0,10.0,31.0,2.0,3.0,26.0,83.0,0.25,0.298,0.416,0.714,90.0,0.316,89.0,153.0,8.0,0.0,2.0,2.0,0.0,46/H5,
Luis Vizcaíno,34.0,2TM,2LG,0.0,7.0,0.0,0.0,0.0,0.0,0.0,0.0,0.0,0.0,0.0,0.0,0.0,0.0,,,,,,,,0.0,0.0,0.0,0.0,0.0,0.0,1,
Luis Vizcaíno,34.0,CHC,NL,0.0,4.0,0.0,0.0,0.0,0.0,0.0,0.0,0.0,0.0,0.0,0.0,0.0,0.0,,,,,,,,0.0,0.0,0.0,0.0,0.0,0.0,/1,
Luis Vizcaíno,34.0,CLE,AL,0.0,3.0,0.0,0.0,0.0,0.0,0.0,0.0,0.0,0.0,0.0,0.0,0.0,0.0,,,,,,,,0.0,0.0,0.0,0.0,0.0,0.0,1,
Luke Carlin#,28.0,ARI,NL,-0.2,10.0,21.0,18.0,3.0,3.0,0.0,0.0,0.0,1.0,0.0,0.0,3.0,3.0,0.167,0.286,0.167,0.452,21.0,0.227,13.0,3.0,0.0,0.0,0.0,0.0,0.0,/H2,
Luke Gregerson*,25.0,SDP,NL,0.0,72.0,2.0,1.0,0.0,0.0,0.0,0.0,0.0,0.0,0.0,0.0,0.0,0.0,0.0,0.0,0.0,0.0,-100.0,0.0,-391.0,0.0,0.0,0.0,1.0,0.0,0.0,1,
Luke Hochevar,25.0,KCR,AL,-0.1,2.0,5.0,5.0,0.0,0.0,0.0,0.0,0.0,0.0,0.0,0.0,0.0,4.0,0.0,0.0,0.0,0.0,-100.0,0.0,-142.0,0.0,0.0,0.0,0.0,0.0,0.0,1,
Luke Scott*,31.0,BAL,AL,1.2,128.0,506.0,449.0,61.0,116.0,26.0,1.0,25.0,77.0,0.0,0.0,55.0,104.0,0.258,0.34,0.488,0.828,114.0,0.359,112.0,219.0,4.0,1.0,0.0,1.0,5.0,D73/H,
Lyle Overbay*,32.0,TOR,AL,2.9,132.0,500.0,423.0,57.0,112.0,35.0,1.0,16.0,64.0,0.0,0.0,74.0,95.0,0.265,0.372,0.466,0.838,119.0,0.369,120.0,197.0,8.0,0.0,0.0,3.0,6.0,*3/H,
Madison Bumgarner,19.0,SFG,NL,0.0,4.0,2.0,2.0,0.0,0.0,0.0,0.0,0.0,0.0,0.0,0.0,0.0,1.0,0.0,0.0,0.0,0.0,-100.0,0.0,-143.0,0.0,0.0,0.0,0.0,0.0,0.0,/1,
Magglio Ordóñez,35.0,DET,AL,0.8,131.0,518.0,465.0,54.0,144.0,24.0,2.0,9.0,50.0,3.0,1.0,51.0,65.0,0.31,0.376,0.428,0.804,111.0,0.362,113.0,199.0,19.0,0.0,0.0,2.0,2.0,9D/H,
Maicer Izturis#,28.0,LAA,AL,3.7,114.0,437.0,387.0,74.0,116.0,22.0,3.0,8.0,65.0,13.0,5.0,35.0,41.0,0.3,0.359,0.434,0.794,109.0,0.361,114.0,168.0,7.0,5.0,3.0,7.0,2.0,46H/D57,
Manny Acosta,28.0,ATL,NL,0.0,34.0,2.0,1.0,0.0,0.0,0.0,0.0,0.0,0.0,0.0,0.0,1.0,1.0,0.0,0.5,0.0,0.5,48.0,0.355,109.0,0.0,0.0,0.0,0.0,0.0,0.0,1,
Manny Corpas,26.0,COL,NL,0.0,33.0,0.0,0.0,0.0,0.0,0.0,0.0,0.0,0.0,0.0,0.0,0.0,0.0,,,,,,,,0.0,0.0,0.0,0.0,0.0,0.0,1,
Manny Delcarmen,27.0,BOS,AL,0.0,3.0,0.0,0.0,0.0,0.0,0.0,0.0,0.0,0.0,0.0,0.0,0.0,0.0,,,,,,,,0.0,0.0,0.0,0.0,0.0,0.0,1,
Manny Parra*,26.0,MIL,NL,0.1,26.0,54.0,45.0,4.0,6.0,2.0,0.0,0.0,4.0,0.0,0.0,1.0,22.0,0.133,0.167,0.178,0.344,-8.0,0.174,-34.0,8.0,0.0,1.0,6.0,1.0,0.0,1,
Manny Ramírez,37.0,LAD,NL,2.2,104.0,431.0,352.0,62.0,102.0,24.0,2.0,19.0,63.0,0.0,1.0,71.0,81.0,0.29,0.418,0.531,0.949,155.0,0.405,155.0,187.0,7.0,7.0,0.0,1.0,21.0,7/H,
Marco Estrada,25.0,WSN,NL,0.0,4.0,2.0,0.0,0.0,0.0,0.0,0.0,0.0,0.0,0.0,0.0,0.0,0.0,,,,,,,,0.0,0.0,0.0,2.0,0.0,0.0,/1,
Marco Scutaro,33.0,TOR,AL,5.4,144.0,680.0,574.0,100.0,162.0,35.0,1.0,12.0,60.0,14.0,5.0,90.0,75.0,0.282,0.379,0.409,0.789,108.0,0.36,113.0,235.0,12.0,4.0,5.0,7.0,0.0,*6/4D,
Marcus Thames,32.0,DET,AL,0.1,87.0,294.0,258.0,33.0,65.0,11.0,1.0,13.0,36.0,0.0,2.0,29.0,72.0,0.252,0.323,0.453,0.777,101.0,0.33,93.0,117.0,5.0,1.0,0.0,6.0,2.0,D7H/3,
Mariano Rivera,39.0,NYY,AL,0.0,6.0,2.0,1.0,0.0,0.0,0.0,0.0,0.0,1.0,0.0,0.0,1.0,0.0,0.0,0.5,0.0,0.5,46.0,0.356,104.0,0.0,0.0,0.0,0.0,0.0,0.0,1,"AS,MVP-14"
Mark Buehrle*,30.0,CHW,AL,0.1,2.0,5.0,4.0,1.0,1.0,0.0,0.0,1.0,1.0,0.0,0.0,0.0,1.0,0.25,0.25,1.0,1.25,201.0,0.494,229.0,4.0,0.0,0.0,1.0,0.0,0.0,1,"AS,GG"
Mark DeRosa,34.0,2TM,2LG,1.7,139.0,576.0,515.0,78.0,129.0,23.0,1.0,23.0,78.0,3.0,2.0,47.0,121.0,0.25,0.319,0.433,0.752,99.0,0.334,99.0,223.0,11.0,7.0,2.0,5.0,1.0,5739/H4D,
Mark DeRosa,34.0,CLE,AL,1.3,71.0,314.0,278.0,47.0,75.0,13.0,0.0,13.0,50.0,1.0,1.0,29.0,63.0,0.27,0.342,0.457,0.799,113.0,0.348,111.0,127.0,6.0,3.0,1.0,3.0,1.0,57/93DH,
Mark DeRosa,34.0,STL,NL,0.4,68.0,262.0,237.0,31.0,54.0,10.0,1.0,10.0,28.0,2.0,1.0,18.0,58.0,0.228,0.291,0.405,0.696,83.0,0.318,85.0,96.0,5.0,4.0,1.0,2.0,0.0,5/H3479,
Mark DiFelice,32.0,MIL,NL,0.0,54.0,1.0,1.0,0.0,0.0,0.0,0.0,0.0,0.0,0.0,0.0,0.0,1.0,0.0,0.0,0.0,0.0,-100.0,0.0,-155.0,0.0,0.0,0.0,0.0,0.0,0.0,1,
Mark Ellis,32.0,OAK,AL,1.1,105.0,410.0,377.0,52.0,99.0,23.0,0.0,10.0,61.0,10.0,3.0,23.0,54.0,0.263,0.305,0.403,0.708,86.0,0.309,78.0,152.0,10.0,2.0,3.0,5.0,1.0,4,
Mark Hendrickson*,35.0,BAL,AL,0.0,4.0,0.0,0.0,0.0,0.0,0.0,0.0,0.0,0.0,0.0,0.0,0.0,0.0,,,,,,,,0.0,0.0,0.0,0.0,0.0,0.0,1,
Mark Kotsay*,33.0,2TM,AL,-0.2,67.0,206.0,187.0,16.0,52.0,9.0,0.0,4.0,23.0,3.0,2.0,15.0,21.0,0.278,0.327,0.39,0.717,84.0,0.319,80.0,73.0,6.0,0.0,1.0,3.0,3.0,3H9/87D,
Mark Kotsay*,33.0,BOS,AL,-0.3,27.0,79.0,74.0,4.0,19.0,2.0,0.0,1.0,5.0,2.0,1.0,4.0,12.0,0.257,0.291,0.324,0.615,59.0,0.281,52.0,24.0,1.0,0.0,0.0,1.0,1.0,3/H897,
Mark Kotsay*,33.0,CHW,AL,0.1,40.0,127.0,113.0,12.0,33.0,7.0,0.0,3.0,18.0,1.0,1.0,11.0,9.0,0.292,0.349,0.434,0.783,101.0,0.343,98.0,49.0,5.0,0.0,1.0,2.0,2.0,3H/9D78,
Mark Loretta,37.0,LAD,NL,-0.4,107.0,204.0,181.0,19.0,42.0,8.0,0.0,0.0,25.0,1.0,1.0,20.0,21.0,0.232,0.309,0.276,0.585,60.0,0.272,56.0,50.0,6.0,1.0,0.0,2.0,2.0,H53/D41,
Mark Lowe*,26.0,SEA,AL,0.0,4.0,0.0,0.0,0.0,0.0,0.0,0.0,0.0,0.0,0.0,0.0,0.0,0.0,,,,,,,,0.0,0.0,0.0,0.0,0.0,0.0,1,
Mark Melancon,24.0,NYY,AL,0.0,1.0,0.0,0.0,0.0,0.0,0.0,0.0,0.0,0.0,0.0,0.0,0.0,0.0,,,,,,,,0.0,0.0,0.0,0.0,0.0,0.0,1,
Mark Reynolds,25.0,ARI,NL,3.3,155.0,662.0,578.0,98.0,150.0,30.0,1.0,44.0,102.0,24.0,9.0,76.0,223.0,0.26,0.349,0.543,0.892,127.0,0.396,133.0,314.0,8.0,5.0,0.0,3.0,3.0,*53/H,MVP-20
Mark Teahen*,27.0,KCR,AL,-0.2,144.0,571.0,524.0,69.0,142.0,34.0,1.0,12.0,50.0,8.0,1.0,37.0,123.0,0.271,0.325,0.408,0.734,94.0,0.333,96.0,214.0,11.0,6.0,2.0,2.0,4.0,593/H4,
Mark Teixeira#,29.0,NYY,AL,5.3,156.0,707.0,609.0,103.0,178.0,43.0,3.0,39.0,122.0,2.0,0.0,81.0,114.0,0.292,0.383,0.565,0.948,141.0,0.406,142.0,344.0,13.0,12.0,0.0,5.0,9.0,*3/DH,"AS,MVP-2,GG,SS"
Marlon Anderson*,35.0,NYM,NL,-0.1,4.0,4.0,4.0,0.0,0.0,0.0,0.0,0.0,0.0,0.0,0.0,0.0,1.0,0.0,0.0,0.0,0.0,-100.0,0.0,-147.0,0.0,0.0,0.0,0.0,0.0,0.0,/H,
Marlon Byrd,31.0,TEX,AL,2.2,146.0,599.0,547.0,66.0,155.0,43.0,2.0,20.0,89.0,8.0,4.0,32.0,98.0,0.283,0.329,0.479,0.808,106.0,0.358,109.0,262.0,11.0,10.0,0.0,10.0,2.0,*87/9H,
Martín Prado,25.0,ATL,NL,3.0,128.0,503.0,450.0,64.0,138.0,38.0,0.0,11.0,49.0,1.0,3.0,36.0,59.0,0.307,0.358,0.464,0.822,117.0,0.369,123.0,209.0,17.0,2.0,11.0,4.0,1.0,453H/9D,
Mat Gamel*,23.0,MIL,NL,0.2,61.0,148.0,128.0,11.0,31.0,6.0,1.0,5.0,20.0,1.0,0.0,18.0,54.0,0.242,0.338,0.422,0.76,101.0,0.342,101.0,54.0,1.0,1.0,0.0,1.0,2.0,H5/D,
Mat Latos,21.0,SDP,NL,-0.2,10.0,21.0,19.0,0.0,1.0,0.0,0.0,0.0,0.0,0.0,0.0,0.0,9.0,0.053,0.053,0.053,0.105,-71.0,0.048,-122.0,1.0,0.0,0.0,2.0,0.0,0.0,1,
Matt Albers*,26.0,BAL,AL,0.0,4.0,1.0,1.0,0.0,0.0,0.0,0.0,0.0,0.0,0.0,0.0,0.0,1.0,0.0,0.0,0.0,0.0,-100.0,0.0,-142.0,0.0,0.0,0.0,0.0,0.0,0.0,1,
Matt Belisle,29.0,COL,NL,-0.1,24.0,4.0,3.0,0.0,0.0,0.0,0.0,0.0,0.0,0.0,0.0,0.0,2.0,0.0,0.0,0.0,0.0,-100.0,0.0,-244.0,0.0,1.0,0.0,1.0,0.0,0.0,1,
Matt Cain,24.0,SFG,NL,0.2,32.0,73.0,60.0,2.0,9.0,2.0,1.0,0.0,3.0,0.0,0.0,4.0,31.0,0.15,0.203,0.217,0.42,10.0,0.206,-14.0,13.0,0.0,0.0,9.0,0.0,0.0,1,AS
Matt Capps,25.0,PIT,NL,0.0,56.0,0.0,0.0,0.0,0.0,0.0,0.0,0.0,0.0,0.0,0.0,0.0,0.0,,,,,,,,0.0,0.0,0.0,0.0,0.0,0.0,1,
Matt Carson,27.0,OAK,AL,-0.1,10.0,22.0,21.0,1.0,6.0,0.0,0.0,1.0,5.0,0.0,0.0,0.0,7.0,0.286,0.273,0.429,0.701,83.0,0.292,67.0,9.0,0.0,0.0,0.0,1.0,0.0,/97DH,
Matt Daley,27.0,COL,NL,0.0,55.0,0.0,0.0,0.0,0.0,0.0,0.0,0.0,0.0,0.0,0.0,0.0,0.0,,,,,,,,0.0,0.0,0.0,0.0,0.0,0.0,1,
Matt Diaz,31.0,ATL,NL,1.7,125.0,425.0,371.0,56.0,116.0,18.0,4.0,13.0,58.0,12.0,5.0,35.0,90.0,0.313,0.39,0.488,0.878,132.0,0.397,141.0,181.0,14.0,13.0,5.0,1.0,2.0,*97H/8,
Matt Downs,25.0,SFG,NL,-0.2,17.0,60.0,53.0,6.0,9.0,2.0,0.0,1.0,2.0,1.0,0.0,6.0,13.0,0.17,0.25,0.264,0.514,35.0,0.249,27.0,14.0,2.0,0.0,0.0,1.0,1.0,4,
Matt Garza,25.0,TBR,AL,0.0,1.0,2.0,2.0,0.0,0.0,0.0,0.0,0.0,0.0,0.0,0.0,0.0,2.0,0.0,0.0,0.0,0.0,-100.0,0.0,-142.0,0.0,0.0,0.0,0.0,0.0,0.0,1,
Matt Guerrier,30.0,MIN,AL,0.0,7.0,0.0,0.0,0.0,0.0,0.0,0.0,0.0,0.0,0.0,0.0,0.0,0.0,,,,,,,,0.0,0.0,0.0,0.0,0.0,0.0,1,
Matt Harrison*,23.0,TEX,AL,0.0,1.0,2.0,1.0,1.0,0.0,0.0,0.0,0.0,0.0,0.0,0.0,1.0,1.0,0.0,0.5,0.0,0.5,46.0,0.356,108.0,0.0,0.0,0.0,0.0,0.0,0.0,1,
Matt Herges*,39.0,2TM,2LG,0.0,14.0,0.0,0.0,0.0,0.0,0.0,0.0,0.0,0.0,0.0,0.0,0.0,0.0,,,,,,,,0.0,0.0,0.0,0.0,0.0,0.0,1,
Matt Herges*,39.0,CLE,AL,0.0,5.0,0.0,0.0,0.0,0.0,0.0,0.0,0.0,0.0,0.0,0.0,0.0,0.0,,,,,,,,0.0,0.0,0.0,0.0,0.0,0.0,1,
Matt Herges*,39.0,COL,NL,0.0,9.0,0.0,0.0,0.0,0.0,0.0,0.0,0.0,0.0,0.0,0.0,0.0,0.0,,,,,,,,0.0,0.0,0.0,0.0,0.0,0.0,/1,
Matt Holliday,29.0,2TM,2LG,5.3,156.0,670.0,581.0,94.0,182.0,39.0,3.0,24.0,109.0,14.0,7.0,72.0,101.0,0.313,0.394,0.515,0.909,140.0,0.399,144.0,299.0,13.0,10.0,0.0,7.0,8.0,*7/H,MVP-16
Matt Holliday,29.0,OAK,AL,3.0,93.0,400.0,346.0,52.0,99.0,23.0,1.0,11.0,54.0,12.0,3.0,46.0,58.0,0.286,0.378,0.454,0.831,120.0,0.375,124.0,157.0,8.0,6.0,0.0,2.0,3.0,7/H,
Matt Holliday,29.0,STL,NL,2.3,63.0,270.0,235.0,42.0,83.0,16.0,2.0,13.0,55.0,2.0,4.0,26.0,43.0,0.353,0.419,0.604,1.023,169.0,0.435,175.0,142.0,5.0,4.0,0.0,5.0,5.0,7/H,
Matt Joyce*,24.0,TBR,AL,-0.2,11.0,37.0,32.0,3.0,6.0,1.0,0.0,3.0,7.0,1.0,0.0,3.0,7.0,0.188,0.27,0.5,0.77,99.0,0.349,103.0,16.0,0.0,1.0,0.0,1.0,0.0,/98HD,
Matt Kata#,31.0,HOU,NL,-0.3,40.0,52.0,50.0,2.0,10.0,1.0,0.0,0.0,5.0,1.0,0.0,0.0,5.0,0.2,0.212,0.22,0.432,16.0,0.2,-4.0,11.0,3.0,1.0,0.0,1.0,0.0,H/473,
Matt Kemp,24.0,LAD,NL,4.9,159.0,667.0,606.0,97.0,180.0,25.0,7.0,26.0,101.0,34.0,8.0,52.0,139.0,0.297,0.352,0.49,0.842,125.0,0.386,133.0,297.0,14.0,3.0,0.0,6.0,6.0,*8/9H,"MVP-10,GG,SS"
Matt LaPorta,24.0,CLE,AL,0.5,52.0,198.0,181.0,29.0,46.0,13.0,0.0,7.0,21.0,2.0,0.0,12.0,37.0,0.254,0.308,0.442,0.75,99.0,0.336,100.0,80.0,6.0,3.0,0.0,2.0,0.0,739/HD,
Matt Lindstrom,29.0,FLA,NL,0.0,53.0,0.0,0.0,0.0,0.0,0.0,0.0,0.0,0.0,0.0,0.0,0.0,0.0,,,,,,,,0.0,0.0,0.0,0.0,0.0,0.0,1,
Matt Maloney*,25.0,CIN,NL,0.1,7.0,15.0,12.0,1.0,3.0,0.0,0.0,0.0,0.0,0.0,0.0,1.0,5.0,0.25,0.308,0.25,0.558,50.0,0.258,30.0,3.0,0.0,0.0,2.0,0.0,0.0,/1H,
Matt Murton,27.0,COL,NL,-0.1,29.0,56.0,52.0,7.0,13.0,5.0,0.0,1.0,6.0,2.0,0.0,4.0,14.0,0.25,0.304,0.404,0.707,77.0,0.338,80.0,21.0,0.0,0.0,0.0,0.0,0.0,H7/9,
Matt Pagnozzi,26.0,STL,NL,0.1,6.0,5.0,3.0,1.0,0.0,0.0,0.0,0.0,0.0,0.0,0.0,1.0,0.0,0.0,0.25,0.0,0.25,-26.0,0.407,162.0,0.0,0.0,0.0,1.0,0.0,0.0,/23H,
Matt Palmer,30.0,LAA,AL,0.0,3.0,7.0,6.0,1.0,1.0,0.0,0.0,0.0,0.0,0.0,0.0,0.0,3.0,0.167,0.167,0.167,0.333,-11.0,0.151,-57.0,1.0,0.0,0.0,1.0,0.0,0.0,1,
Matt Stairs*,41.0,PHI,NL,0.5,99.0,129.0,103.0,15.0,20.0,4.0,0.0,5.0,17.0,0.0,0.0,23.0,30.0,0.194,0.357,0.379,0.735,94.0,0.338,96.0,39.0,0.0,3.0,0.0,0.0,3.0,H/97D,
Matt Thornton*,32.0,CHW,AL,0.0,5.0,0.0,0.0,0.0,0.0,0.0,0.0,0.0,0.0,0.0,0.0,0.0,0.0,,,,,,,,0.0,0.0,0.0,0.0,0.0,0.0,1,
Matt Tolbert#,27.0,MIN,AL,0.5,71.0,231.0,198.0,28.0,46.0,7.0,1.0,2.0,19.0,6.0,2.0,21.0,37.0,0.232,0.303,0.308,0.611,63.0,0.285,59.0,61.0,1.0,0.0,10.0,2.0,1.0,45H/6D3,
Matt Treanor,33.0,DET,AL,-0.5,4.0,14.0,13.0,0.0,0.0,0.0,0.0,0.0,0.0,0.0,0.0,1.0,4.0,0.0,0.071,0.0,0.071,-79.0,0.051,-108.0,0.0,3.0,0.0,0.0,0.0,0.0,/2,
Matt Tuiasosopo,23.0,SEA,AL,0.2,7.0,25.0,22.0,2.0,5.0,1.0,0.0,1.0,2.0,0.0,0.0,2.0,5.0,0.227,0.28,0.409,0.689,83.0,0.291,70.0,9.0,0.0,0.0,0.0,1.0,0.0,/4H,
Matt Wieters#,23.0,BAL,AL,1.4,96.0,385.0,354.0,35.0,102.0,15.0,1.0,9.0,43.0,0.0,0.0,28.0,86.0,0.288,0.34,0.412,0.753,96.0,0.333,93.0,146.0,11.0,1.0,0.0,2.0,2.0,2D/H,
Max Scherzer,24.0,ARI,NL,0.3,30.0,61.0,53.0,4.0,12.0,2.0,0.0,0.0,3.0,0.0,0.0,3.0,17.0,0.226,0.268,0.264,0.532,39.0,0.243,17.0,14.0,1.0,0.0,5.0,0.0,0.0,1/H,
Melky Cabrera#,24.0,NYY,AL,1.2,154.0,540.0,485.0,66.0,133.0,28.0,1.0,13.0,68.0,10.0,2.0,43.0,59.0,0.274,0.336,0.416,0.752,93.0,0.339,92.0,202.0,15.0,4.0,4.0,4.0,4.0,*897/HD,
Melvin Mora,37.0,BAL,AL,-0.1,125.0,496.0,450.0,44.0,117.0,20.0,0.0,8.0,48.0,3.0,3.0,34.0,60.0,0.26,0.321,0.358,0.679,78.0,0.303,73.0,161.0,13.0,8.0,1.0,3.0,1.0,*5/H,
Merkin Valdéz,27.0,SFG,NL,0.0,46.0,0.0,0.0,0.0,0.0,0.0,0.0,0.0,0.0,0.0,0.0,0.0,0.0,,,,,,,,0.0,0.0,0.0,0.0,0.0,0.0,1,
Micah Hoffpauir*,29.0,CHC,NL,-0.3,105.0,257.0,234.0,28.0,56.0,12.0,1.0,10.0,35.0,1.0,0.0,20.0,46.0,0.239,0.3,0.427,0.727,84.0,0.334,87.0,100.0,3.0,1.0,0.0,2.0,1.0,H397/D,
Micah Owings,26.0,CIN,NL,0.6,39.0,58.0,54.0,7.0,14.0,4.0,1.0,3.0,10.0,0.0,0.0,1.0,19.0,0.259,0.281,0.537,0.818,110.0,0.344,102.0,29.0,0.0,1.0,1.0,1.0,0.0,1H,
Michael Aubrey*,27.0,BAL,AL,0.4,31.0,95.0,90.0,12.0,26.0,7.0,0.0,4.0,14.0,0.0,0.0,5.0,10.0,0.289,0.326,0.5,0.826,113.0,0.365,116.0,45.0,2.0,0.0,0.0,0.0,0.0,3/HD,
Michael Barrett,32.0,TOR,AL,0.0,7.0,19.0,18.0,3.0,3.0,0.0,0.0,1.0,2.0,0.0,0.0,1.0,5.0,0.167,0.211,0.333,0.544,40.0,0.211,1.0,6.0,0.0,0.0,0.0,0.0,1.0,/2,
Michael Bourn*,26.0,HOU,NL,5.0,157.0,678.0,606.0,97.0,173.0,27.0,12.0,3.0,35.0,61.0,12.0,63.0,140.0,0.285,0.354,0.384,0.738,97.0,0.352,100.0,233.0,1.0,2.0,5.0,2.0,1.0,*8/H,GG
Michael Brantley*,22.0,CLE,AL,0.0,28.0,121.0,112.0,10.0,35.0,4.0,0.0,0.0,11.0,4.0,4.0,8.0,19.0,0.313,0.358,0.348,0.707,92.0,0.311,90.0,39.0,3.0,0.0,1.0,0.0,0.0,8/7H,
Michael Cuddyer,30.0,MIN,AL,2.8,153.0,650.0,588.0,93.0,162.0,34.0,7.0,32.0,94.0,6.0,1.0,54.0,118.0,0.276,0.342,0.52,0.862,125.0,0.376,126.0,306.0,22.0,6.0,0.0,2.0,3.0,*93/8DH4,MVP-21
Michael Saunders*,22.0,SEA,AL,-0.7,46.0,129.0,122.0,13.0,27.0,1.0,3.0,0.0,4.0,4.0,1.0,6.0,40.0,0.221,0.258,0.279,0.537,45.0,0.248,37.0,34.0,1.0,0.0,1.0,0.0,0.0,7/HD,
Michael Wuertz,30.0,OAK,AL,0.0,4.0,0.0,0.0,0.0,0.0,0.0,0.0,0.0,0.0,0.0,0.0,0.0,0.0,,,,,,,,0.0,0.0,0.0,0.0,0.0,0.0,1,
Michael Young,32.0,TEX,AL,2.8,135.0,593.0,541.0,76.0,174.0,36.0,2.0,22.0,68.0,8.0,3.0,47.0,90.0,0.322,0.374,0.518,0.892,128.0,0.394,134.0,280.0,16.0,1.0,0.0,4.0,2.0,*5/D,"AS,MVP-16"
Michel Hernández,30.0,TBR,AL,0.0,35.0,107.0,99.0,12.0,24.0,3.0,1.0,1.0,12.0,2.0,1.0,7.0,12.0,0.242,0.292,0.323,0.616,64.0,0.282,60.0,32.0,5.0,0.0,1.0,0.0,0.0,2,
Miguel Batista,38.0,SEA,AL,0.0,5.0,1.0,1.0,0.0,0.0,0.0,0.0,0.0,0.0,0.0,0.0,0.0,1.0,0.0,0.0,0.0,0.0,-100.0,0.0,-142.0,0.0,0.0,0.0,0.0,0.0,0.0,1,
Miguel Cabrera,26.0,DET,AL,5.1,160.0,685.0,611.0,96.0,198.0,34.0,0.0,34.0,103.0,6.0,2.0,68.0,107.0,0.324,0.396,0.547,0.942,144.0,0.412,150.0,334.0,22.0,5.0,0.0,1.0,14.0,*3/DH,MVP-4
Miguel Cairo,35.0,PHI,NL,0.3,27.0,47.0,45.0,6.0,12.0,2.0,1.0,1.0,2.0,0.0,0.0,0.0,4.0,0.267,0.283,0.422,0.705,83.0,0.349,104.0,19.0,1.0,1.0,1.0,0.0,0.0,H/465,
Miguel Montero*,25.0,ARI,NL,3.3,128.0,470.0,425.0,61.0,125.0,30.0,0.0,16.0,59.0,1.0,2.0,38.0,78.0,0.294,0.355,0.478,0.832,113.0,0.373,119.0,203.0,6.0,3.0,2.0,2.0,5.0,*2H/D,
Miguel Olivo,30.0,KCR,AL,1.4,114.0,416.0,390.0,51.0,97.0,15.0,5.0,23.0,65.0,5.0,2.0,19.0,126.0,0.249,0.292,0.49,0.781,103.0,0.336,99.0,191.0,10.0,5.0,1.0,1.0,0.0,2D/H,
Miguel Tejada,35.0,HOU,NL,1.9,158.0,674.0,635.0,83.0,199.0,46.0,1.0,14.0,86.0,5.0,2.0,19.0,48.0,0.313,0.34,0.455,0.795,110.0,0.358,113.0,289.0,29.0,11.0,0.0,8.0,2.0,*6,"AS,MVP-23"
Mike Adams,30.0,SDP,NL,0.0,34.0,0.0,0.0,0.0,0.0,0.0,0.0,0.0,0.0,0.0,0.0,0.0,0.0,,,,,,,,0.0,0.0,0.0,0.0,0.0,0.0,1,
Mike Aviles,28.0,KCR,AL,-0.7,36.0,127.0,120.0,10.0,22.0,3.0,1.0,1.0,8.0,1.0,0.0,4.0,26.0,0.183,0.208,0.25,0.458,22.0,0.22,14.0,30.0,3.0,0.0,2.0,1.0,0.0,6/5HD,
Mike Burns,30.0,MIL,NL,0.0,15.0,18.0,13.0,1.0,1.0,0.0,0.0,0.0,2.0,0.0,0.0,2.0,7.0,0.077,0.2,0.077,0.277,-22.0,0.156,-58.0,1.0,0.0,0.0,3.0,0.0,0.0,1,
Mike Cameron,36.0,MIL,NL,3.0,149.0,628.0,544.0,78.0,136.0,32.0,3.0,24.0,70.0,7.0,3.0,75.0,156.0,0.25,0.342,0.452,0.795,110.0,0.353,110.0,246.0,12.0,4.0,0.0,5.0,3.0,*8/H,
Mike Carp*,23.0,SEA,AL,0.7,21.0,65.0,54.0,7.0,17.0,3.0,1.0,1.0,5.0,0.0,0.0,8.0,10.0,0.315,0.415,0.463,0.878,138.0,0.386,138.0,25.0,1.0,2.0,0.0,1.0,0.0,3/H,
Mike Ekstrom,25.0,SDP,NL,0.0,12.0,2.0,1.0,0.0,0.0,0.0,0.0,0.0,0.0,0.0,0.0,0.0,0.0,0.0,0.0,0.0,0.0,-100.0,0.0,-391.0,0.0,0.0,0.0,1.0,0.0,0.0,1,
Mike Fontenot*,29.0,CHC,NL,0.1,135.0,419.0,377.0,38.0,89.0,22.0,2.0,9.0,43.0,4.0,1.0,35.0,83.0,0.236,0.301,0.377,0.677,73.0,0.312,71.0,142.0,7.0,2.0,0.0,5.0,4.0,45H,
Mike González,31.0,ATL,NL,0.0,77.0,0.0,0.0,0.0,0.0,0.0,0.0,0.0,0.0,0.0,0.0,0.0,0.0,,,,,,,,0.0,0.0,0.0,0.0,0.0,0.0,1,
Mike Gosling*,28.0,CLE,AL,0.0,1.0,0.0,0.0,0.0,0.0,0.0,0.0,0.0,0.0,0.0,0.0,0.0,0.0,,,,,,,,0.0,0.0,0.0,0.0,0.0,0.0,1,
Mike Hampton,36.0,HOU,NL,0.6,21.0,41.0,37.0,6.0,12.0,1.0,0.0,1.0,7.0,0.0,0.0,2.0,8.0,0.324,0.35,0.432,0.782,107.0,0.344,104.0,16.0,0.0,0.0,1.0,1.0,0.0,1,
Mike Hinckley,26.0,WSN,NL,0.0,14.0,1.0,1.0,0.0,0.0,0.0,0.0,0.0,0.0,0.0,0.0,0.0,1.0,0.0,0.0,0.0,0.0,-100.0,0.0,-155.0,0.0,0.0,0.0,0.0,0.0,0.0,1,
Mike Jacobs*,28.0,KCR,AL,-0.3,128.0,478.0,434.0,46.0,99.0,16.0,1.0,19.0,61.0,0.0,0.0,41.0,132.0,0.228,0.297,0.401,0.698,84.0,0.312,82.0,174.0,9.0,2.0,0.0,1.0,2.0,D3H,
Mike Lincoln,34.0,CIN,NL,0.0,18.0,2.0,2.0,0.0,0.0,0.0,0.0,0.0,0.0,0.0,0.0,0.0,2.0,0.0,0.0,0.0,0.0,-100.0,0.0,-143.0,0.0,0.0,0.0,0.0,0.0,0.0,1,
Mike Lowell,35.0,BOS,AL,0.0,119.0,484.0,445.0,54.0,129.0,29.0,1.0,17.0,75.0,2.0,1.0,33.0,61.0,0.29,0.337,0.474,0.811,106.0,0.351,102.0,211.0,24.0,1.0,0.0,5.0,5.0,5/DH,
Mike MacDougal#,32.0,WSN,NL,0.0,47.0,0.0,0.0,0.0,0.0,0.0,0.0,0.0,0.0,0.0,0.0,0.0,0.0,,,,,,,,0.0,0.0,0.0,0.0,0.0,0.0,1,
Mike McCoy,28.0,COL,NL,0.0,12.0,6.0,5.0,1.0,0.0,0.0,0.0,0.0,0.0,2.0,0.0,0.0,2.0,0.0,0.0,0.0,0.0,-100.0,0.099,-207.0,0.0,0.0,0.0,1.0,0.0,0.0,H/49,
Mike Morse,27.0,WSN,NL,0.4,32.0,55.0,52.0,4.0,13.0,3.0,0.0,3.0,10.0,0.0,0.0,3.0,16.0,0.25,0.291,0.481,0.772,101.0,0.349,106.0,25.0,1.0,0.0,0.0,0.0,0.0,H3/975,
Mike Napoli,27.0,LAA,AL,3.0,114.0,432.0,382.0,60.0,104.0,22.0,1.0,20.0,56.0,3.0,3.0,40.0,103.0,0.272,0.35,0.492,0.842,120.0,0.377,128.0,188.0,6.0,7.0,0.0,3.0,1.0,2D/H,
Mike Pelfrey,25.0,NYM,NL,-0.1,29.0,61.0,52.0,4.0,5.0,1.0,0.0,0.0,4.0,0.0,0.0,2.0,12.0,0.096,0.143,0.115,0.258,-30.0,0.141,-54.0,6.0,1.0,1.0,5.0,1.0,0.0,1,
Mike Redmond,38.0,MIN,AL,-0.9,45.0,147.0,135.0,9.0,32.0,5.0,1.0,0.0,7.0,0.0,0.0,11.0,19.0,0.237,0.299,0.289,0.588,58.0,0.284,61.0,39.0,8.0,1.0,0.0,0.0,0.0,2/H,
Mike Rivera,32.0,MIL,NL,0.2,41.0,132.0,114.0,10.0,26.0,7.0,0.0,2.0,14.0,1.0,0.0,15.0,32.0,0.228,0.326,0.342,0.668,79.0,0.299,69.0,39.0,6.0,2.0,0.0,1.0,3.0,2/H,
Mike Sweeney,35.0,SEA,AL,0.4,74.0,266.0,242.0,25.0,68.0,15.0,0.0,8.0,34.0,0.0,0.0,17.0,31.0,0.281,0.335,0.442,0.777,108.0,0.342,107.0,107.0,4.0,4.0,0.0,3.0,2.0,DH/3,
Milton Bradley#,31.0,CHC,NL,0.3,124.0,473.0,393.0,61.0,101.0,17.0,1.0,12.0,40.0,2.0,3.0,66.0,95.0,0.257,0.378,0.397,0.775,100.0,0.353,103.0,156.0,10.0,11.0,2.0,1.0,4.0,*9H/8,
Mitch Atkins,23.0,CHC,NL,0.0,2.0,0.0,0.0,0.0,0.0,0.0,0.0,0.0,0.0,0.0,0.0,0.0,0.0,,,,,,,,0.0,0.0,0.0,0.0,0.0,0.0,/1,
Mitch Jones,31.0,LAD,NL,0.2,8.0,15.0,13.0,1.0,4.0,1.0,0.0,0.0,0.0,0.0,0.0,0.0,6.0,0.308,0.4,0.385,0.785,114.0,0.366,123.0,5.0,0.0,2.0,0.0,0.0,0.0,/HD9,
Mitch Maier*,27.0,KCR,AL,0.6,127.0,397.0,341.0,42.0,83.0,15.0,3.0,3.0,31.0,9.0,2.0,43.0,76.0,0.243,0.333,0.331,0.665,79.0,0.309,78.0,113.0,6.0,4.0,7.0,2.0,2.0,*897H/D,
Mitch Stetter*,28.0,MIL,NL,0.0,67.0,0.0,0.0,0.0,0.0,0.0,0.0,0.0,0.0,0.0,0.0,0.0,0.0,,,,,,,,0.0,0.0,0.0,0.0,0.0,0.0,1,
Mitchell Boggs,25.0,STL,NL,-0.1,16.0,17.0,14.0,1.0,1.0,1.0,0.0,0.0,0.0,0.0,0.0,0.0,6.0,0.071,0.071,0.143,0.214,-45.0,0.09,-118.0,2.0,0.0,0.0,3.0,0.0,0.0,1,
MLB Average,,,,,,,,,,,,,,,,,,0.262,0.333,0.418,0.751,100.0,0.338,100.0,,,,,,,,
Nate McLouth*,27.0,2TM,NL,3.4,129.0,591.0,507.0,86.0,130.0,27.0,2.0,20.0,70.0,19.0,6.0,68.0,99.0,0.256,0.352,0.436,0.788,108.0,0.357,110.0,221.0,8.0,9.0,3.0,4.0,1.0,*8/H,
Nate McLouth*,27.0,PIT,NL,1.6,45.0,195.0,168.0,27.0,43.0,7.0,1.0,9.0,34.0,7.0,0.0,21.0,29.0,0.256,0.349,0.47,0.819,116.0,0.367,114.0,79.0,2.0,4.0,0.0,2.0,0.0,8,
Nate McLouth*,27.0,ATL,NL,1.8,84.0,396.0,339.0,59.0,87.0,20.0,1.0,11.0,36.0,12.0,6.0,47.0,70.0,0.257,0.354,0.419,0.773,104.0,0.352,109.0,142.0,6.0,5.0,3.0,2.0,1.0,8/H,
Nate Robertson,31.0,DET,AL,0.0,4.0,0.0,0.0,0.0,0.0,0.0,0.0,0.0,0.0,0.0,0.0,0.0,0.0,,,,,,,,0.0,0.0,0.0,0.0,0.0,0.0,1,
Nate Schierholtz*,25.0,SFG,NL,0.5,116.0,308.0,285.0,33.0,76.0,19.0,2.0,5.0,29.0,3.0,1.0,16.0,58.0,0.267,0.302,0.4,0.702,82.0,0.309,74.0,114.0,5.0,1.0,0.0,6.0,3.0,9H,
Neal Cotts*,29.0,CHC,NL,0.0,19.0,0.0,0.0,0.0,0.0,0.0,0.0,0.0,0.0,0.0,0.0,0.0,0.0,,,,,,,,0.0,0.0,0.0,0.0,0.0,0.0,1,
Neil Walker#,23.0,PIT,NL,-0.6,17.0,40.0,36.0,5.0,7.0,1.0,0.0,0.0,0.0,1.0,0.0,4.0,11.0,0.194,0.275,0.222,0.497,35.0,0.243,27.0,8.0,1.0,0.0,0.0,0.0,0.0,/5H,
Nelson Cruz,28.0,TEX,AL,2.3,128.0,515.0,462.0,75.0,120.0,21.0,1.0,33.0,76.0,20.0,4.0,49.0,118.0,0.26,0.332,0.524,0.856,117.0,0.37,113.0,242.0,9.0,2.0,0.0,2.0,6.0,*9/DH7,AS
Nelson Figueroa#,35.0,NYM,NL,0.0,16.0,25.0,22.0,1.0,3.0,0.0,1.0,0.0,3.0,0.0,0.0,1.0,8.0,0.136,0.174,0.227,0.401,7.0,0.18,-23.0,5.0,0.0,0.0,2.0,0.0,0.0,1,
Nick Blackburn,27.0,MIN,AL,-0.1,1.0,4.0,4.0,0.0,0.0,0.0,0.0,0.0,0.0,0.0,0.0,0.0,2.0,0.0,0.0,0.0,0.0,-100.0,0.0,-142.0,0.0,0.0,0.0,0.0,0.0,0.0,1,
Nick Evans,23.0,NYM,NL,-0.5,30.0,69.0,65.0,5.0,15.0,5.0,1.0,1.0,7.0,0.0,0.0,4.0,20.0,0.231,0.275,0.385,0.66,75.0,0.289,65.0,25.0,4.0,0.0,0.0,0.0,0.0,H7/3,
Nick Green,30.0,BOS,AL,0.1,103.0,309.0,276.0,35.0,65.0,18.0,0.0,6.0,35.0,1.0,4.0,20.0,69.0,0.236,0.303,0.366,0.669,72.0,0.309,76.0,101.0,10.0,8.0,2.0,3.0,1.0,6H/547D1,
Nick Hundley,25.0,SDP,NL,1.0,78.0,289.0,256.0,23.0,61.0,15.0,2.0,8.0,30.0,5.0,1.0,28.0,76.0,0.238,0.313,0.406,0.719,97.0,0.324,96.0,104.0,2.0,1.0,1.0,3.0,1.0,2/H7,
Nick Johnson*,30.0,2TM,NL,1.5,133.0,574.0,457.0,71.0,133.0,24.0,2.0,8.0,62.0,2.0,4.0,99.0,84.0,0.291,0.426,0.405,0.831,122.0,0.38,130.0,185.0,15.0,12.0,1.0,5.0,4.0,*3/H,
Nick Johnson*,30.0,WSN,NL,1.1,98.0,424.0,353.0,47.0,104.0,16.0,2.0,6.0,44.0,2.0,2.0,63.0,66.0,0.295,0.408,0.402,0.81,117.0,0.372,124.0,142.0,11.0,6.0,0.0,2.0,3.0,3/H,
Nick Johnson*,30.0,FLA,NL,0.4,35.0,150.0,104.0,24.0,29.0,8.0,0.0,2.0,18.0,0.0,2.0,36.0,18.0,0.279,0.477,0.413,0.89,137.0,0.402,147.0,43.0,4.0,6.0,1.0,3.0,1.0,3/H,
Nick Markakis*,25.0,BAL,AL,2.9,161.0,711.0,642.0,94.0,188.0,45.0,2.0,18.0,101.0,6.0,2.0,56.0,98.0,0.293,0.347,0.453,0.801,108.0,0.359,111.0,291.0,12.0,3.0,0.0,10.0,0.0,*9,
Nick Masset,27.0,CIN,NL,0.0,71.0,1.0,1.0,0.0,0.0,0.0,0.0,0.0,0.0,0.0,0.0,0.0,1.0,0.0,0.0,0.0,0.0,-100.0,0.0,-155.0,0.0,0.0,0.0,0.0,0.0,0.0,1,
Nick Punto#,31.0,MIN,AL,0.6,125.0,440.0,359.0,56.0,82.0,15.0,1.0,1.0,38.0,16.0,3.0,61.0,70.0,0.228,0.337,0.284,0.621,68.0,0.299,67.0,102.0,7.0,1.0,13.0,6.0,1.0,46/5HD,
Nick Stavinoha,27.0,STL,NL,-0.6,39.0,91.0,87.0,6.0,20.0,7.0,0.0,2.0,17.0,1.0,0.0,2.0,15.0,0.23,0.242,0.379,0.621,63.0,0.28,56.0,33.0,2.0,0.0,0.0,2.0,0.0,H79/D,
Nick Swisher#,28.0,NYY,AL,1.9,150.0,607.0,498.0,84.0,124.0,35.0,1.0,29.0,82.0,0.0,0.0,97.0,126.0,0.249,0.371,0.498,0.869,122.0,0.377,121.0,248.0,13.0,3.0,3.0,6.0,2.0,*93/7HD1,
Niuman Romero#,24.0,CLE,AL,-0.1,10.0,15.0,14.0,2.0,2.0,0.0,0.0,0.0,0.0,0.0,0.0,1.0,5.0,0.143,0.2,0.143,0.343,-5.0,0.162,-23.0,2.0,0.0,0.0,0.0,0.0,0.0,/H6D35,
Nolan Reimold,25.0,BAL,AL,2.6,104.0,411.0,358.0,49.0,100.0,18.0,2.0,15.0,45.0,8.0,2.0,47.0,77.0,0.279,0.365,0.466,0.831,116.0,0.373,120.0,167.0,8.0,3.0,0.0,3.0,1.0,7D/H9,
Nomar Garciaparra,35.0,OAK,AL,-0.2,65.0,169.0,160.0,17.0,45.0,8.0,0.0,3.0,16.0,2.0,0.0,8.0,28.0,0.281,0.314,0.388,0.701,85.0,0.315,81.0,62.0,4.0,0.0,0.0,1.0,1.0,HD3/5,
Nyjer Morgan*,28.0,2TM,NL,2.7,120.0,533.0,469.0,74.0,144.0,15.0,7.0,3.0,39.0,42.0,17.0,40.0,74.0,0.307,0.369,0.388,0.757,102.0,0.352,107.0,182.0,9.0,9.0,10.0,5.0,2.0,*78/H,
Nyjer Morgan*,28.0,PIT,NL,1.2,71.0,321.0,278.0,39.0,77.0,6.0,5.0,2.0,27.0,18.0,10.0,29.0,49.0,0.277,0.351,0.356,0.707,90.0,0.335,99.0,99.0,6.0,5.0,5.0,4.0,2.0,7/8H,
Nyjer Morgan*,28.0,WSN,NL,1.6,49.0,212.0,191.0,35.0,67.0,9.0,2.0,1.0,12.0,24.0,7.0,11.0,25.0,0.351,0.396,0.435,0.831,121.0,0.379,120.0,83.0,3.0,4.0,5.0,1.0,0.0,8/H,
Octavio Dotel,35.0,CHW,AL,0.0,4.0,0.0,0.0,0.0,0.0,0.0,0.0,0.0,0.0,0.0,0.0,0.0,0.0,,,,,,,,0.0,0.0,0.0,0.0,0.0,0.0,1,
Omar Infante,27.0,ATL,NL,0.9,70.0,229.0,203.0,24.0,62.0,9.0,1.0,2.0,27.0,2.0,0.0,19.0,28.0,0.305,0.361,0.389,0.75,100.0,0.351,106.0,79.0,5.0,1.0,2.0,4.0,0.0,4H56/879,
Omar Quintanilla*,27.0,COL,NL,-0.2,58.0,69.0,58.0,7.0,10.0,2.0,0.0,0.0,2.0,0.0,0.0,8.0,27.0,0.172,0.273,0.207,0.48,24.0,0.232,6.0,12.0,0.0,0.0,3.0,0.0,0.0,H465,
Omar Vizquel#,42.0,TEX,AL,0.9,62.0,195.0,177.0,17.0,47.0,7.0,2.0,1.0,14.0,4.0,0.0,13.0,27.0,0.266,0.316,0.345,0.66,71.0,0.31,70.0,61.0,0.0,0.0,5.0,0.0,0.0,654/H,
Omir Santos,28.0,NYM,NL,0.1,96.0,306.0,281.0,28.0,73.0,14.0,1.0,7.0,40.0,0.0,0.0,15.0,44.0,0.26,0.296,0.391,0.688,82.0,0.316,84.0,110.0,9.0,2.0,2.0,6.0,1.0,2H,
Orlando Cabrera,34.0,2TM,AL,-0.6,160.0,708.0,656.0,83.0,186.0,36.0,3.0,9.0,77.0,13.0,4.0,36.0,71.0,0.284,0.316,0.389,0.705,86.0,0.319,85.0,255.0,22.0,0.0,6.0,10.0,1.0,*6/H,
Orlando Cabrera,34.0,OAK,AL,-0.6,101.0,448.0,414.0,41.0,116.0,23.0,0.0,4.0,41.0,11.0,4.0,25.0,39.0,0.28,0.318,0.365,0.683,81.0,0.311,80.0,151.0,13.0,0.0,5.0,4.0,1.0,6,
Orlando Cabrera,34.0,MIN,AL,-0.1,59.0,260.0,242.0,42.0,70.0,13.0,3.0,5.0,36.0,2.0,0.0,11.0,32.0,0.289,0.313,0.43,0.742,95.0,0.331,93.0,104.0,9.0,0.0,1.0,6.0,0.0,6/H,
Orlando Hudson#,31.0,LAD,NL,4.1,149.0,631.0,551.0,74.0,156.0,35.0,6.0,9.0,62.0,8.0,1.0,62.0,99.0,0.283,0.357,0.417,0.774,109.0,0.352,111.0,230.0,16.0,4.0,9.0,5.0,4.0,*4/H,"AS,GG"
Osiris Matos,24.0,SFG,NL,0.1,5.0,1.0,1.0,0.0,1.0,0.0,0.0,0.0,1.0,0.0,0.0,0.0,0.0,1.0,1.0,1.0,2.0,427.0,0.817,455.0,1.0,0.0,0.0,0.0,0.0,0.0,/1,
P.J. Walters,24.0,STL,NL,-0.1,8.0,5.0,3.0,0.0,0.0,0.0,0.0,0.0,0.0,0.0,0.0,0.0,1.0,0.0,0.0,0.0,0.0,-100.0,0.0,-309.0,0.0,0.0,0.0,2.0,0.0,0.0,/1,
Pablo Sandoval#,22.0,SFG,NL,4.3,153.0,633.0,572.0,79.0,189.0,44.0,5.0,25.0,90.0,5.0,5.0,52.0,83.0,0.33,0.387,0.556,0.943,144.0,0.412,151.0,318.0,10.0,4.0,0.0,5.0,13.0,*53/H2D,MVP-7
Pat Burrell,32.0,TBR,AL,-0.8,122.0,476.0,412.0,45.0,91.0,16.0,1.0,14.0,64.0,2.0,0.0,57.0,119.0,0.221,0.315,0.367,0.682,81.0,0.306,76.0,151.0,6.0,2.0,0.0,5.0,2.0,*D/H79,
Pat Misch,27.0,2TM,NL,0.0,25.0,17.0,13.0,0.0,0.0,0.0,0.0,0.0,0.0,0.0,0.0,2.0,5.0,0.0,0.133,0.0,0.133,-60.0,0.156,-48.0,0.0,1.0,0.0,2.0,0.0,0.0,1,
Pat Misch,27.0,SFG,NL,0.0,3.0,0.0,0.0,0.0,0.0,0.0,0.0,0.0,0.0,0.0,0.0,0.0,0.0,,,,,,,,0.0,0.0,0.0,0.0,0.0,0.0,/1,
Pat Misch,27.0,NYM,NL,0.0,22.0,17.0,13.0,0.0,0.0,0.0,0.0,0.0,0.0,0.0,0.0,2.0,5.0,0.0,0.133,0.0,0.133,-60.0,0.156,-48.0,0.0,1.0,0.0,2.0,0.0,0.0,1,
Paul Bako*,37.0,PHI,NL,0.0,44.0,130.0,116.0,12.0,26.0,4.0,0.0,3.0,9.0,0.0,1.0,13.0,32.0,0.224,0.308,0.336,0.644,70.0,0.299,70.0,39.0,2.0,1.0,0.0,0.0,2.0,2/H,
Paul Hoover,33.0,PHI,NL,0.1,3.0,4.0,4.0,0.0,3.0,0.0,0.0,0.0,1.0,0.0,0.0,0.0,1.0,0.75,0.75,0.75,1.5,297.0,0.662,331.0,3.0,0.0,0.0,0.0,0.0,0.0,/2,
Paul Janish,26.0,CIN,NL,0.9,90.0,292.0,256.0,36.0,54.0,21.0,0.0,1.0,16.0,2.0,0.0,26.0,40.0,0.211,0.296,0.305,0.601,60.0,0.283,56.0,78.0,8.0,5.0,5.0,0.0,1.0,6/H15,
Paul Konerko,33.0,CHW,AL,2.1,152.0,621.0,546.0,75.0,151.0,30.0,1.0,28.0,88.0,1.0,0.0,58.0,89.0,0.277,0.353,0.489,0.842,114.0,0.369,115.0,267.0,15.0,10.0,0.0,7.0,4.0,*3D/H,
Paul Maholm*,27.0,PIT,NL,-0.4,30.0,67.0,58.0,1.0,4.0,1.0,0.0,1.0,2.0,0.0,0.0,3.0,36.0,0.069,0.115,0.138,0.253,-33.0,0.118,-75.0,8.0,0.0,0.0,6.0,0.0,0.0,1,
Paul Phillips,32.0,COL,NL,0.2,17.0,54.0,45.0,5.0,14.0,2.0,0.0,1.0,9.0,0.0,0.0,7.0,3.0,0.311,0.396,0.422,0.818,107.0,0.363,105.0,19.0,0.0,0.0,1.0,1.0,1.0,2/H,
Pedro Feliciano*,32.0,NYM,NL,0.1,82.0,1.0,0.0,0.0,0.0,0.0,0.0,0.0,0.0,0.0,0.0,1.0,0.0,,1.0,,,,0.71,382.0,0.0,0.0,0.0,0.0,0.0,0.0,1,
Pedro Feliz,34.0,PHI,NL,1.2,158.0,625.0,580.0,62.0,154.0,30.0,2.0,12.0,82.0,0.0,1.0,35.0,68.0,0.266,0.308,0.386,0.694,82.0,0.315,80.0,224.0,12.0,3.0,2.0,5.0,3.0,*5/H6,
Pedro Martínez,37.0,PHI,NL,-0.1,9.0,16.0,14.0,0.0,1.0,0.0,0.0,0.0,1.0,0.0,0.0,1.0,6.0,0.071,0.133,0.071,0.205,-44.0,0.108,-80.0,1.0,0.0,0.0,1.0,0.0,0.0,/1,
Pedro Viola,26.0,CIN,NL,0.0,9.0,0.0,0.0,0.0,0.0,0.0,0.0,0.0,0.0,0.0,0.0,0.0,0.0,,,,,,,,0.0,0.0,0.0,0.0,0.0,0.0,/1,
Pete Orr*,30.0,WSN,NL,0.4,27.0,81.0,75.0,5.0,19.0,2.0,1.0,1.0,10.0,2.0,1.0,3.0,15.0,0.253,0.272,0.347,0.618,63.0,0.282,58.0,26.0,0.0,0.0,0.0,3.0,0.0,4/H59,
Peter Moylan,30.0,ATL,NL,0.0,83.0,3.0,3.0,0.0,0.0,0.0,0.0,0.0,0.0,0.0,0.0,0.0,3.0,0.0,0.0,0.0,0.0,-100.0,0.0,-147.0,0.0,0.0,0.0,0.0,0.0,0.0,1,
Phil Coke*,26.0,NYY,AL,0.0,8.0,1.0,1.0,0.0,0.0,0.0,0.0,0.0,0.0,0.0,0.0,0.0,1.0,0.0,0.0,0.0,0.0,-100.0,0.0,-150.0,0.0,0.0,0.0,0.0,0.0,0.0,1,
Phil Dumatrait,27.0,PIT,NL,0.0,15.0,0.0,0.0,0.0,0.0,0.0,0.0,0.0,0.0,0.0,0.0,0.0,0.0,,,,,,,,0.0,0.0,0.0,0.0,0.0,0.0,1,
Phil Hughes,23.0,NYY,AL,0.0,7.0,0.0,0.0,0.0,0.0,0.0,0.0,0.0,0.0,0.0,0.0,0.0,0.0,,,,,,,,0.0,0.0,0.0,0.0,0.0,0.0,1,
Plácido Polanco,33.0,DET,AL,2.5,153.0,676.0,618.0,82.0,176.0,31.0,4.0,10.0,72.0,7.0,2.0,36.0,46.0,0.285,0.331,0.396,0.727,90.0,0.333,92.0,245.0,15.0,9.0,7.0,5.0,2.0,*4/H,"MVP-25,GG"
Prince Fielder*,25.0,MIL,NL,6.3,162.0,719.0,591.0,103.0,177.0,35.0,3.0,46.0,141.0,2.0,3.0,110.0,138.0,0.299,0.412,0.602,1.014,166.0,0.432,170.0,356.0,14.0,9.0,0.0,9.0,21.0,*3,"AS,MVP-4"
R.A. Dickey,34.0,MIN,AL,0.0,4.0,0.0,0.0,0.0,0.0,0.0,0.0,0.0,0.0,0.0,0.0,0.0,0.0,,,,,,,,0.0,0.0,0.0,0.0,0.0,0.0,1,
R.J. Swindle*,25.0,MIL,NL,0.0,4.0,0.0,0.0,0.0,0.0,0.0,0.0,0.0,0.0,0.0,0.0,0.0,0.0,,,,,,,,0.0,0.0,0.0,0.0,0.0,0.0,/1,
Rafael Betancourt,34.0,2TM,2LG,0.0,34.0,0.0,0.0,0.0,0.0,0.0,0.0,0.0,0.0,0.0,0.0,0.0,0.0,,,,,,,,0.0,0.0,0.0,0.0,0.0,0.0,1,
Rafael Betancourt,34.0,CLE,AL,0.0,2.0,0.0,0.0,0.0,0.0,0.0,0.0,0.0,0.0,0.0,0.0,0.0,0.0,,,,,,,,0.0,0.0,0.0,0.0,0.0,0.0,1,
Rafael Betancourt,34.0,COL,NL,0.0,32.0,0.0,0.0,0.0,0.0,0.0,0.0,0.0,0.0,0.0,0.0,0.0,0.0,,,,,,,,0.0,0.0,0.0,0.0,0.0,0.0,1,
Rafael Furcal#,31.0,LAD,NL,3.4,150.0,680.0,613.0,92.0,165.0,28.0,5.0,9.0,47.0,12.0,6.0,61.0,89.0,0.269,0.335,0.375,0.711,92.0,0.327,95.0,230.0,11.0,1.0,3.0,2.0,2.0,*6/H,
Rafael Pérez*,27.0,CLE,AL,0.0,4.0,1.0,1.0,0.0,0.0,0.0,0.0,0.0,0.0,0.0,0.0,0.0,1.0,0.0,0.0,0.0,0.0,-100.0,0.0,-142.0,0.0,0.0,0.0,0.0,0.0,0.0,1,
Rafael Soriano,29.0,ATL,NL,0.0,75.0,0.0,0.0,0.0,0.0,0.0,0.0,0.0,0.0,0.0,0.0,0.0,0.0,,,,,,,,0.0,0.0,0.0,0.0,0.0,0.0,1,
Rajai Davis,28.0,OAK,AL,3.3,125.0,432.0,390.0,65.0,119.0,27.0,5.0,3.0,48.0,41.0,12.0,29.0,70.0,0.305,0.36,0.423,0.784,108.0,0.358,108.0,165.0,12.0,7.0,2.0,4.0,0.0,*8H/9D,
Ramiro Peña#,23.0,NYY,AL,-0.2,69.0,121.0,115.0,17.0,33.0,6.0,1.0,1.0,10.0,4.0,1.0,5.0,20.0,0.287,0.317,0.383,0.699,80.0,0.325,81.0,44.0,2.0,0.0,1.0,0.0,0.0,65H/4D,
Ramón Castro,33.0,2TM,2LG,-0.1,57.0,171.0,155.0,13.0,34.0,8.0,0.0,7.0,25.0,0.0,0.0,16.0,39.0,0.219,0.292,0.406,0.699,81.0,0.311,77.0,63.0,4.0,0.0,0.0,0.0,1.0,2/HD,
Ramón Castro,33.0,NYM,NL,0.2,26.0,87.0,79.0,5.0,20.0,5.0,0.0,3.0,13.0,0.0,0.0,8.0,16.0,0.253,0.322,0.43,0.752,99.0,0.329,94.0,34.0,3.0,0.0,0.0,0.0,1.0,2/H,
Ramón Castro,33.0,CHW,AL,-0.3,31.0,84.0,76.0,8.0,14.0,3.0,0.0,4.0,12.0,0.0,0.0,8.0,23.0,0.184,0.262,0.382,0.643,63.0,0.293,61.0,29.0,1.0,0.0,0.0,0.0,0.0,2/HD,
Ramón Hernández,33.0,CIN,NL,-0.9,81.0,331.0,287.0,25.0,74.0,13.0,1.0,5.0,37.0,1.0,0.0,33.0,34.0,0.258,0.336,0.362,0.699,85.0,0.316,80.0,104.0,7.0,3.0,4.0,4.0,2.0,23/H5,
Ramón Martínez,36.0,NYM,NL,-0.6,12.0,44.0,42.0,1.0,7.0,2.0,0.0,0.0,4.0,1.0,0.0,1.0,9.0,0.167,0.182,0.214,0.396,6.0,0.183,-15.0,9.0,1.0,0.0,0.0,1.0,0.0,6/4,
Ramón Ramírez,26.0,CIN,NL,0.0,11.0,1.0,0.0,0.0,0.0,0.0,0.0,0.0,0.0,0.0,0.0,0.0,0.0,,,,,,,,0.0,0.0,0.0,1.0,0.0,0.0,1,
Ramón Ramírez,27.0,BOS,AL,0.0,3.0,1.0,1.0,0.0,0.0,0.0,0.0,0.0,0.0,0.0,0.0,0.0,1.0,0.0,0.0,0.0,0.0,-100.0,0.0,-150.0,0.0,0.0,0.0,0.0,0.0,0.0,1,
Ramón Santiago#,29.0,DET,AL,0.2,93.0,296.0,262.0,29.0,70.0,6.0,2.0,7.0,35.0,1.0,2.0,17.0,57.0,0.267,0.318,0.385,0.704,84.0,0.307,76.0,101.0,3.0,4.0,10.0,3.0,1.0,64H/5,
Ramón Troncoso,26.0,LAD,NL,-0.1,68.0,6.0,5.0,0.0,0.0,0.0,0.0,0.0,0.0,0.0,0.0,0.0,5.0,0.0,0.0,0.0,0.0,-100.0,0.0,-189.0,0.0,0.0,0.0,1.0,0.0,0.0,1,
Ramón Vázquez*,32.0,PIT,NL,-0.5,101.0,239.0,204.0,17.0,47.0,7.0,0.0,1.0,16.0,1.0,0.0,31.0,47.0,0.23,0.335,0.279,0.614,66.0,0.294,66.0,57.0,2.0,2.0,0.0,2.0,4.0,H645,
Randy Choate*,33.0,TBR,AL,0.0,4.0,0.0,0.0,0.0,0.0,0.0,0.0,0.0,0.0,0.0,0.0,0.0,0.0,,,,,,,,0.0,0.0,0.0,0.0,0.0,0.0,1,
Randy Flores*,33.0,COL,NL,0.0,23.0,0.0,0.0,0.0,0.0,0.0,0.0,0.0,0.0,0.0,0.0,0.0,0.0,,,,,,,,0.0,0.0,0.0,0.0,0.0,0.0,1,
Randy Johnson,45.0,SFG,NL,-0.2,20.0,28.0,26.0,1.0,2.0,0.0,0.0,0.0,0.0,0.0,0.0,1.0,16.0,0.077,0.111,0.077,0.188,-49.0,0.094,-87.0,2.0,0.0,0.0,1.0,0.0,0.0,1,
Randy Ruiz,31.0,TOR,AL,1.0,33.0,130.0,115.0,25.0,36.0,7.0,0.0,10.0,17.0,1.0,1.0,10.0,35.0,0.313,0.385,0.635,1.019,162.0,0.423,160.0,73.0,6.0,4.0,0.0,1.0,0.0,D/3H,
Randy Wells,26.0,CHC,NL,0.1,26.0,61.0,47.0,5.0,9.0,3.0,0.0,0.0,2.0,0.0,0.0,2.0,7.0,0.191,0.224,0.255,0.48,23.0,0.214,-23.0,12.0,1.0,0.0,12.0,0.0,0.0,1,ROY-6
Randy Winn#,35.0,SFG,NL,1.3,149.0,597.0,538.0,65.0,141.0,33.0,5.0,2.0,51.0,16.0,2.0,47.0,93.0,0.262,0.318,0.353,0.671,76.0,0.314,74.0,190.0,6.0,1.0,3.0,8.0,2.0,*978/HD,
Randy Wolf*,32.0,LAD,NL,0.3,33.0,81.0,68.0,5.0,11.0,4.0,0.0,1.0,11.0,1.0,0.0,2.0,22.0,0.162,0.194,0.265,0.459,23.0,0.22,4.0,18.0,1.0,1.0,9.0,1.0,0.0,1/H,
Raúl Chávez,36.0,TOR,AL,1.0,51.0,168.0,159.0,10.0,41.0,8.0,0.0,2.0,15.0,1.0,1.0,6.0,23.0,0.258,0.285,0.346,0.631,65.0,0.282,58.0,55.0,4.0,0.0,3.0,0.0,0.0,2/H,
Raúl Ibañez*,37.0,PHI,NL,2.9,134.0,565.0,500.0,93.0,136.0,32.0,3.0,34.0,93.0,4.0,0.0,56.0,119.0,0.272,0.347,0.552,0.899,132.0,0.393,135.0,276.0,16.0,4.0,0.0,5.0,8.0,*7/HD,AS
Reed Johnson,32.0,CHC,NL,0.7,65.0,186.0,165.0,23.0,42.0,10.0,2.0,4.0,22.0,2.0,1.0,13.0,27.0,0.255,0.33,0.412,0.742,90.0,0.345,96.0,68.0,5.0,6.0,1.0,1.0,0.0,8H7/9,
Reggie Willits#,28.0,LAA,AL,-0.8,49.0,92.0,80.0,16.0,17.0,2.0,0.0,0.0,6.0,5.0,1.0,5.0,17.0,0.213,0.256,0.238,0.493,32.0,0.232,12.0,19.0,0.0,0.0,6.0,1.0,0.0,7H9/8D,
Reid Brignac#,23.0,TBR,AL,0.2,31.0,93.0,90.0,10.0,25.0,8.0,2.0,1.0,6.0,2.0,2.0,3.0,20.0,0.278,0.301,0.444,0.746,95.0,0.314,87.0,40.0,1.0,0.0,0.0,0.0,0.0,6/H4,
Reid Gorecki,28.0,ATL,NL,-0.3,31.0,27.0,25.0,6.0,5.0,0.0,0.0,0.0,3.0,1.0,0.0,1.0,12.0,0.2,0.222,0.2,0.422,13.0,0.205,-4.0,5.0,0.0,0.0,0.0,1.0,0.0,7/H89,
Renyel Pinto*,26.0,FLA,NL,0.0,72.0,1.0,1.0,0.0,0.0,0.0,0.0,0.0,0.0,0.0,0.0,0.0,1.0,0.0,0.0,0.0,0.0,-100.0,0.0,-155.0,0.0,0.0,0.0,0.0,0.0,0.0,1,
Rich Aurilia,37.0,SFG,NL,-1.1,60.0,133.0,122.0,10.0,26.0,2.0,0.0,2.0,16.0,0.0,0.0,8.0,24.0,0.213,0.256,0.279,0.534,40.0,0.236,22.0,34.0,5.0,0.0,0.0,3.0,1.0,H35/D,
Rich Harden*,27.0,CHC,NL,0.1,26.0,48.0,43.0,3.0,8.0,1.0,0.0,0.0,0.0,0.0,0.0,1.0,15.0,0.186,0.205,0.209,0.414,7.0,0.186,-30.0,9.0,0.0,0.0,4.0,0.0,0.0,1/H,
Rich Hill*,29.0,BAL,AL,-0.1,4.0,8.0,8.0,0.0,1.0,0.0,0.0,0.0,1.0,0.0,0.0,0.0,3.0,0.125,0.125,0.125,0.25,-34.0,0.114,-64.0,1.0,0.0,0.0,0.0,0.0,0.0,1/H,
Rick Ankiel*,29.0,STL,NL,0.4,122.0,404.0,372.0,50.0,86.0,21.0,2.0,11.0,38.0,4.0,3.0,26.0,99.0,0.231,0.285,0.387,0.672,77.0,0.298,71.0,144.0,5.0,3.0,0.0,3.0,4.0,89H7,
Rick Porcello,20.0,DET,AL,0.1,2.0,5.0,5.0,0.0,2.0,0.0,0.0,0.0,2.0,0.0,0.0,0.0,1.0,0.4,0.4,0.4,0.8,111.0,0.364,115.0,2.0,0.0,0.0,0.0,0.0,0.0,1,ROY-3
Rick van den Hurk,24.0,FLA,NL,-0.3,11.0,22.0,21.0,0.0,0.0,0.0,0.0,0.0,0.0,0.0,0.0,0.0,17.0,0.0,0.0,0.0,0.0,-100.0,0.044,-127.0,0.0,0.0,0.0,1.0,0.0,0.0,1,
Rickie Weeks,26.0,MIL,NL,1.9,37.0,162.0,147.0,28.0,40.0,5.0,2.0,9.0,24.0,2.0,2.0,12.0,39.0,0.272,0.34,0.517,0.857,125.0,0.378,131.0,76.0,1.0,3.0,0.0,0.0,0.0,4/H,
Ricky Nolasco,26.0,FLA,NL,-0.1,29.0,62.0,50.0,1.0,7.0,0.0,0.0,0.0,3.0,0.0,0.0,2.0,25.0,0.14,0.173,0.14,0.313,-16.0,0.15,-67.0,7.0,1.0,0.0,10.0,0.0,0.0,1,
Ricky Romero,24.0,TOR,AL,-0.1,2.0,6.0,6.0,0.0,0.0,0.0,0.0,0.0,0.0,0.0,0.0,0.0,4.0,0.0,0.0,0.0,0.0,-100.0,0.0,-144.0,0.0,0.0,0.0,0.0,0.0,0.0,1,
Rob Johnson,26.0,SEA,AL,0.4,80.0,290.0,258.0,21.0,55.0,19.0,2.0,2.0,27.0,1.0,1.0,26.0,60.0,0.213,0.289,0.326,0.615,66.0,0.281,63.0,84.0,11.0,2.0,3.0,1.0,1.0,2/H,
Robb Quinlan,32.0,LAA,AL,-0.3,54.0,120.0,115.0,13.0,28.0,5.0,0.0,2.0,14.0,1.0,1.0,5.0,30.0,0.243,0.275,0.339,0.614,61.0,0.276,56.0,39.0,3.0,0.0,0.0,0.0,0.0,37/5H9D,
Robert Andino,25.0,BAL,AL,0.0,78.0,215.0,198.0,31.0,44.0,7.0,0.0,2.0,10.0,3.0,3.0,15.0,47.0,0.222,0.274,0.288,0.562,48.0,0.278,56.0,57.0,6.0,0.0,0.0,2.0,1.0,6H/45D78,
Robert Manuel,25.0,CIN,NL,0.0,3.0,0.0,0.0,0.0,0.0,0.0,0.0,0.0,0.0,0.0,0.0,0.0,0.0,,,,,,,,0.0,0.0,0.0,0.0,0.0,0.0,/1,
Robinson Cancel,33.0,NYM,NL,0.0,1.0,1.0,1.0,0.0,0.0,0.0,0.0,0.0,0.0,0.0,0.0,0.0,0.0,0.0,0.0,0.0,0.0,-100.0,0.0,-155.0,0.0,0.0,0.0,0.0,0.0,0.0,/H,
Robinson Canó*,26.0,NYY,AL,4.5,161.0,674.0,637.0,103.0,204.0,48.0,2.0,25.0,85.0,5.0,7.0,30.0,63.0,0.32,0.352,0.52,0.871,121.0,0.378,124.0,331.0,22.0,3.0,0.0,4.0,2.0,*4/H,MVP-17
Robinzon Díaz,25.0,PIT,NL,0.5,41.0,138.0,129.0,9.0,36.0,7.0,0.0,1.0,19.0,0.0,1.0,3.0,9.0,0.279,0.307,0.357,0.663,76.0,0.318,88.0,46.0,5.0,3.0,1.0,2.0,0.0,2/H,
Rocco Baldelli,27.0,BOS,AL,0.6,62.0,164.0,150.0,23.0,38.0,4.0,1.0,7.0,23.0,1.0,0.0,11.0,37.0,0.253,0.311,0.433,0.744,90.0,0.353,102.0,65.0,6.0,2.0,0.0,1.0,0.0,9H/8D75,
Rod Barajas,33.0,TOR,AL,0.9,125.0,460.0,429.0,43.0,97.0,19.0,0.0,19.0,71.0,1.0,0.0,20.0,76.0,0.226,0.258,0.403,0.661,71.0,0.292,64.0,173.0,4.0,1.0,3.0,7.0,2.0,*2/H,
Rodrigo López,33.0,PHI,NL,-0.1,7.0,9.0,9.0,0.0,0.0,0.0,0.0,0.0,0.0,0.0,0.0,0.0,4.0,0.0,0.0,0.0,0.0,-100.0,0.102,-75.0,0.0,0.0,0.0,0.0,0.0,0.0,/1,
Roger Bernadina*,25.0,WSN,NL,0.1,3.0,5.0,4.0,1.0,1.0,1.0,0.0,0.0,0.0,1.0,0.0,1.0,1.0,0.25,0.4,0.5,0.9,137.0,0.444,140.0,2.0,0.0,0.0,0.0,0.0,0.0,/789,
Román Colón,29.0,KCR,AL,0.0,3.0,0.0,0.0,0.0,0.0,0.0,0.0,0.0,0.0,0.0,0.0,0.0,0.0,,,,,,,,0.0,0.0,0.0,0.0,0.0,0.0,1,
Ron Mahay*,38.0,KCR,AL,0.0,1.0,0.0,0.0,0.0,0.0,0.0,0.0,0.0,0.0,0.0,0.0,0.0,0.0,,,,,,,,0.0,0.0,0.0,0.0,0.0,0.0,1,
Ron Villone*,39.0,WSN,NL,0.0,58.0,0.0,0.0,0.0,0.0,0.0,0.0,0.0,0.0,0.0,0.0,0.0,0.0,,,,,,,,0.0,0.0,0.0,0.0,0.0,0.0,1,
Ronald Belisario,26.0,LAD,NL,-0.1,66.0,4.0,4.0,0.0,0.0,0.0,0.0,0.0,0.0,0.0,0.0,0.0,3.0,0.0,0.0,0.0,0.0,-100.0,0.0,-144.0,0.0,0.0,0.0,0.0,0.0,0.0,1,
Ronnie Belliard,34.0,2TM,NL,1.2,110.0,287.0,264.0,39.0,73.0,14.0,1.0,10.0,39.0,3.0,0.0,20.0,56.0,0.277,0.325,0.451,0.776,105.0,0.351,107.0,119.0,10.0,0.0,1.0,2.0,0.0,4H35,
Ronnie Belliard,34.0,WSN,NL,0.2,86.0,204.0,187.0,26.0,46.0,7.0,1.0,5.0,22.0,2.0,0.0,14.0,40.0,0.246,0.296,0.374,0.67,77.0,0.308,75.0,70.0,7.0,0.0,1.0,2.0,0.0,4H3/5,
Ronnie Belliard,34.0,LAD,NL,1.0,24.0,83.0,77.0,13.0,27.0,7.0,0.0,5.0,17.0,1.0,0.0,6.0,16.0,0.351,0.398,0.636,1.034,174.0,0.454,184.0,49.0,3.0,0.0,0.0,0.0,0.0,45/H,
Ronny Cedeño,26.0,2TM,2LG,-1.1,105.0,376.0,341.0,32.0,71.0,8.0,3.0,10.0,38.0,5.0,2.0,19.0,79.0,0.208,0.256,0.337,0.593,58.0,0.267,48.0,115.0,9.0,3.0,13.0,0.0,3.0,64/H75,
Ronny Cedeño,26.0,SEA,AL,-1.4,59.0,206.0,186.0,15.0,31.0,4.0,2.0,5.0,17.0,3.0,2.0,10.0,50.0,0.167,0.213,0.29,0.504,35.0,0.224,20.0,54.0,6.0,1.0,9.0,0.0,1.0,64/7H5,
Ronny Cedeño,26.0,PIT,NL,0.3,46.0,170.0,155.0,17.0,40.0,4.0,1.0,5.0,21.0,2.0,0.0,9.0,29.0,0.258,0.307,0.394,0.701,85.0,0.319,83.0,61.0,3.0,2.0,4.0,0.0,2.0,6/H,
Ronny Paulino,28.0,FLA,NL,1.2,80.0,266.0,239.0,24.0,65.0,10.0,1.0,8.0,27.0,1.0,0.0,25.0,48.0,0.272,0.34,0.423,0.762,99.0,0.352,105.0,101.0,8.0,0.0,1.0,1.0,2.0,2H,
Ross Detwiler,23.0,WSN,NL,-0.2,13.0,19.0,19.0,1.0,1.0,0.0,0.0,0.0,1.0,0.0,0.0,0.0,12.0,0.053,0.053,0.053,0.105,-72.0,0.043,-114.0,1.0,0.0,0.0,0.0,0.0,0.0,1,
Ross Gload*,33.0,FLA,NL,0.5,125.0,259.0,230.0,33.0,60.0,10.0,2.0,6.0,30.0,0.0,0.0,23.0,30.0,0.261,0.329,0.4,0.729,90.0,0.341,97.0,92.0,3.0,2.0,1.0,3.0,4.0,H39/17,
Ross Ohlendorf,26.0,PIT,NL,-0.5,28.0,64.0,59.0,1.0,4.0,0.0,0.0,0.0,0.0,0.0,0.0,1.0,23.0,0.068,0.083,0.068,0.151,-59.0,0.086,-94.0,4.0,3.0,0.0,4.0,0.0,0.0,1,
Roy Corcoran,29.0,SEA,AL,0.0,3.0,0.0,0.0,0.0,0.0,0.0,0.0,0.0,0.0,0.0,0.0,0.0,0.0,,,,,,,,0.0,0.0,0.0,0.0,0.0,0.0,1,
Roy Halladay,32.0,TOR,AL,0.0,1.0,2.0,1.0,0.0,0.0,0.0,0.0,0.0,0.0,0.0,0.0,0.0,1.0,0.0,0.0,0.0,0.0,-100.0,0.0,-392.0,0.0,0.0,0.0,1.0,0.0,0.0,1,"AS,CYA-5"
Roy Oswalt,31.0,HOU,NL,0.0,29.0,66.0,49.0,4.0,6.0,0.0,0.0,0.0,2.0,0.0,0.0,2.0,8.0,0.122,0.173,0.122,0.296,-19.0,0.179,-47.0,6.0,1.0,1.0,14.0,0.0,0.0,1,
Russ Adams*,28.0,TOR,AL,-0.1,8.0,21.0,20.0,2.0,4.0,0.0,0.0,0.0,0.0,0.0,0.0,1.0,1.0,0.2,0.238,0.2,0.438,17.0,0.203,1.0,4.0,0.0,0.0,0.0,0.0,0.0,/7DH,
Russ Ortiz,35.0,HOU,NL,0.2,24.0,31.0,28.0,2.0,5.0,0.0,0.0,1.0,2.0,0.0,0.0,1.0,9.0,0.179,0.207,0.286,0.493,30.0,0.253,34.0,8.0,1.0,0.0,2.0,0.0,0.0,1/H,
Russ Springer,40.0,2TM,AL,0.0,6.0,0.0,0.0,0.0,0.0,0.0,0.0,0.0,0.0,0.0,0.0,0.0,0.0,,,,,,,,0.0,0.0,0.0,0.0,0.0,0.0,1,
Russ Springer,40.0,OAK,AL,0.0,5.0,0.0,0.0,0.0,0.0,0.0,0.0,0.0,0.0,0.0,0.0,0.0,0.0,,,,,,,,0.0,0.0,0.0,0.0,0.0,0.0,1,
Russ Springer,40.0,TBR,AL,0.0,1.0,0.0,0.0,0.0,0.0,0.0,0.0,0.0,0.0,0.0,0.0,0.0,0.0,,,,,,,,0.0,0.0,0.0,0.0,0.0,0.0,1,
Russell Branyan*,33.0,SEA,AL,2.6,116.0,505.0,431.0,64.0,108.0,21.0,1.0,31.0,76.0,2.0,0.0,58.0,149.0,0.251,0.347,0.52,0.867,130.0,0.367,124.0,224.0,6.0,9.0,1.0,6.0,6.0,*3,
Russell Martin,26.0,LAD,NL,2.4,143.0,588.0,505.0,63.0,126.0,19.0,0.0,7.0,53.0,11.0,6.0,69.0,80.0,0.25,0.352,0.329,0.68,86.0,0.321,91.0,166.0,18.0,11.0,2.0,1.0,9.0,*2/HD5,
Rusty Ryal,26.0,ARI,NL,0.6,30.0,68.0,59.0,11.0,16.0,6.0,2.0,3.0,9.0,0.0,0.0,6.0,21.0,0.271,0.353,0.593,0.946,140.0,0.396,135.0,35.0,0.0,2.0,0.0,1.0,1.0,H43,
Ryan Braun,25.0,MIL,NL,6.2,158.0,708.0,635.0,113.0,203.0,39.0,6.0,32.0,114.0,20.0,6.0,57.0,121.0,0.32,0.386,0.551,0.937,146.0,0.418,155.0,350.0,6.0,13.0,0.0,3.0,1.0,*7/H,"AS,MVP-11,SS"
Ryan Budde,29.0,LAA,AL,-0.1,3.0,3.0,3.0,0.0,0.0,0.0,0.0,0.0,0.0,0.0,0.0,0.0,2.0,0.0,0.0,0.0,0.0,-100.0,0.0,-142.0,0.0,0.0,0.0,0.0,0.0,0.0,/2DH,
Ryan Church*,30.0,2TM,NL,1.8,111.0,399.0,359.0,46.0,98.0,28.0,0.0,4.0,40.0,6.0,2.0,33.0,58.0,0.273,0.338,0.384,0.722,93.0,0.334,96.0,138.0,11.0,3.0,2.0,2.0,6.0,98H,
Ryan Church*,30.0,NYM,NL,0.9,67.0,255.0,232.0,26.0,65.0,16.0,0.0,2.0,22.0,6.0,2.0,17.0,36.0,0.28,0.332,0.375,0.707,89.0,0.328,91.0,87.0,7.0,2.0,2.0,2.0,4.0,9/8H,
Ryan Church*,30.0,ATL,NL,1.0,44.0,144.0,127.0,20.0,33.0,12.0,0.0,2.0,18.0,0.0,0.0,16.0,22.0,0.26,0.347,0.402,0.749,98.0,0.345,103.0,51.0,4.0,1.0,0.0,0.0,2.0,98/H,
Ryan Dempster,32.0,CHC,NL,-0.1,30.0,75.0,64.0,2.0,8.0,1.0,0.0,0.0,5.0,0.0,0.0,4.0,20.0,0.125,0.176,0.141,0.317,-17.0,0.154,-56.0,9.0,0.0,0.0,7.0,0.0,0.0,1,
Ryan Doumit#,28.0,PIT,NL,1.4,75.0,304.0,280.0,31.0,70.0,16.0,0.0,10.0,38.0,4.0,0.0,20.0,49.0,0.25,0.299,0.414,0.714,88.0,0.32,84.0,116.0,12.0,1.0,0.0,3.0,6.0,2/H9,
Ryan Franklin,36.0,STL,NL,0.0,60.0,0.0,0.0,0.0,0.0,0.0,0.0,0.0,0.0,0.0,0.0,0.0,0.0,,,,,,,,0.0,0.0,0.0,0.0,0.0,0.0,1,AS
Ryan Freel,33.0,3TM,2LG,-0.4,41.0,103.0,88.0,11.0,17.0,2.0,0.0,0.0,5.0,1.0,0.0,11.0,23.0,0.193,0.29,0.216,0.506,36.0,0.261,39.0,19.0,1.0,1.0,1.0,0.0,0.0,9H/5784,
Ryan Freel,33.0,2TM,AL,-0.1,27.0,71.0,60.0,10.0,13.0,2.0,0.0,0.0,4.0,0.0,0.0,9.0,16.0,0.217,0.319,0.25,0.569,54.0,0.279,56.0,15.0,0.0,0.0,0.0,0.0,0.0,9/H7845,
Ryan Freel,33.0,BAL,AL,-0.1,9.0,20.0,15.0,2.0,2.0,0.0,0.0,0.0,1.0,0.0,0.0,5.0,4.0,0.133,0.35,0.133,0.483,35.0,0.26,41.0,2.0,0.0,0.0,0.0,0.0,0.0,/745H9,
Ryan Freel,33.0,CHC,NL,-0.3,14.0,32.0,28.0,1.0,4.0,0.0,0.0,0.0,1.0,1.0,0.0,2.0,7.0,0.143,0.226,0.143,0.369,-2.0,0.222,-2.0,4.0,1.0,1.0,1.0,0.0,0.0,/5H789,
Ryan Freel,33.0,KCR,AL,0.0,18.0,51.0,45.0,8.0,11.0,2.0,0.0,0.0,3.0,0.0,0.0,4.0,12.0,0.244,0.306,0.289,0.595,60.0,0.287,63.0,13.0,0.0,0.0,0.0,0.0,0.0,9/H847,
Ryan Garko,28.0,2TM,2LG,0.9,118.0,400.0,354.0,39.0,95.0,13.0,1.0,13.0,51.0,0.0,0.0,29.0,50.0,0.268,0.344,0.421,0.765,103.0,0.344,105.0,149.0,8.0,13.0,2.0,2.0,1.0,3HD/79,
Ryan Garko,28.0,CLE,AL,1.7,78.0,273.0,239.0,29.0,68.0,10.0,0.0,11.0,39.0,0.0,0.0,20.0,40.0,0.285,0.362,0.464,0.826,120.0,0.368,124.0,111.0,6.0,10.0,2.0,2.0,1.0,3DH/79,
Ryan Garko,28.0,SFG,NL,-0.8,40.0,127.0,115.0,10.0,27.0,3.0,1.0,2.0,12.0,0.0,0.0,9.0,10.0,0.235,0.307,0.33,0.638,68.0,0.292,62.0,38.0,2.0,3.0,0.0,0.0,0.0,3/H,
Ryan Hanigan,28.0,CIN,NL,0.9,90.0,293.0,251.0,22.0,66.0,6.0,1.0,3.0,11.0,0.0,0.0,37.0,31.0,0.263,0.361,0.331,0.692,85.0,0.322,85.0,83.0,9.0,2.0,2.0,1.0,7.0,2/H,
Ryan Howard*,29.0,PHI,NL,3.8,160.0,703.0,616.0,105.0,172.0,37.0,4.0,45.0,141.0,8.0,1.0,75.0,186.0,0.279,0.36,0.571,0.931,141.0,0.402,142.0,352.0,11.0,6.0,0.0,6.0,8.0,*3/DH,"AS,MVP-3"
Ryan Langerhans*,29.0,SEA,AL,0.2,38.0,122.0,101.0,12.0,22.0,6.0,1.0,3.0,10.0,0.0,1.0,14.0,28.0,0.218,0.311,0.386,0.697,87.0,0.299,78.0,39.0,0.0,1.0,3.0,3.0,1.0,7/98HD,
Ryan Ludwick,30.0,STL,NL,1.3,139.0,542.0,486.0,63.0,129.0,20.0,1.0,22.0,97.0,4.0,2.0,41.0,106.0,0.265,0.329,0.447,0.775,105.0,0.348,106.0,217.0,5.0,7.0,1.0,4.0,3.0,*9H/78,
Ryan Madson*,28.0,PHI,NL,0.0,74.0,0.0,0.0,0.0,0.0,0.0,0.0,0.0,0.0,0.0,0.0,0.0,0.0,,,,,,,,0.0,0.0,0.0,0.0,0.0,0.0,1,
Ryan Perry,22.0,DET,AL,0.0,2.0,0.0,0.0,0.0,0.0,0.0,0.0,0.0,0.0,0.0,0.0,0.0,0.0,,,,,,,,0.0,0.0,0.0,0.0,0.0,0.0,1,
Ryan Raburn,28.0,DET,AL,2.3,113.0,291.0,261.0,44.0,76.0,11.0,2.0,16.0,45.0,5.0,4.0,26.0,60.0,0.291,0.359,0.533,0.891,130.0,0.384,132.0,139.0,6.0,2.0,1.0,1.0,2.0,7H93/85D,
Ryan Roberts,28.0,ARI,NL,2.3,110.0,351.0,305.0,41.0,85.0,17.0,2.0,7.0,25.0,7.0,3.0,40.0,55.0,0.279,0.367,0.416,0.783,103.0,0.36,108.0,127.0,2.0,3.0,2.0,1.0,1.0,4H57,
Ryan Rohlinger,25.0,SFG,NL,0.0,12.0,20.0,19.0,0.0,3.0,1.0,0.0,0.0,4.0,0.0,0.0,1.0,6.0,0.158,0.2,0.211,0.411,8.0,0.19,-11.0,4.0,1.0,0.0,0.0,0.0,0.0,/56H4,
Ryan Sadowski,26.0,SFG,NL,-0.1,6.0,12.0,10.0,0.0,1.0,0.0,0.0,0.0,0.0,0.0,0.0,0.0,6.0,0.1,0.1,0.1,0.2,-47.0,0.091,-118.0,1.0,0.0,0.0,2.0,0.0,0.0,/1,
Ryan Speier,29.0,COL,NL,0.0,5.0,0.0,0.0,0.0,0.0,0.0,0.0,0.0,0.0,0.0,0.0,0.0,0.0,,,,,,,,0.0,0.0,0.0,0.0,0.0,0.0,/1,
Ryan Spilborghs,29.0,COL,NL,0.2,133.0,393.0,352.0,55.0,85.0,24.0,3.0,8.0,48.0,9.0,5.0,34.0,79.0,0.241,0.31,0.395,0.705,77.0,0.323,76.0,139.0,9.0,2.0,3.0,2.0,0.0,7H98,
Ryan Sweeney*,24.0,OAK,AL,3.0,134.0,534.0,484.0,68.0,142.0,31.0,3.0,6.0,53.0,6.0,5.0,40.0,67.0,0.293,0.348,0.407,0.755,100.0,0.346,107.0,197.0,14.0,3.0,2.0,5.0,1.0,*98/7H,
Ryan Theriot,29.0,CHC,NL,1.1,154.0,677.0,602.0,81.0,171.0,20.0,5.0,7.0,54.0,21.0,10.0,51.0,93.0,0.284,0.343,0.369,0.712,83.0,0.324,80.0,222.0,13.0,6.0,13.0,5.0,1.0,*6/H,
Ryan Webb,23.0,SDP,NL,0.0,28.0,0.0,0.0,0.0,0.0,0.0,0.0,0.0,0.0,0.0,0.0,0.0,0.0,,,,,,,,0.0,0.0,0.0,0.0,0.0,0.0,1,
Ryan Zimmerman,24.0,WSN,NL,7.3,157.0,694.0,610.0,110.0,178.0,37.0,3.0,33.0,106.0,2.0,0.0,72.0,119.0,0.292,0.364,0.525,0.888,133.0,0.388,134.0,320.0,22.0,2.0,0.0,9.0,9.0,*5/HD,"AS,MVP-25,GG,SS"
Sam Fuld*,27.0,CHC,NL,0.6,65.0,115.0,97.0,17.0,29.0,6.0,1.0,1.0,2.0,2.0,1.0,17.0,10.0,0.299,0.409,0.412,0.821,112.0,0.395,132.0,40.0,1.0,1.0,0.0,0.0,1.0,78H/9,
Sammy Gervacio,24.0,HOU,NL,0.0,29.0,0.0,0.0,0.0,0.0,0.0,0.0,0.0,0.0,0.0,0.0,0.0,0.0,,,,,,,,0.0,0.0,0.0,0.0,0.0,0.0,1,
Santiago Casilla,28.0,OAK,AL,0.0,1.0,0.0,0.0,0.0,0.0,0.0,0.0,0.0,0.0,0.0,0.0,0.0,0.0,,,,,,,,0.0,0.0,0.0,0.0,0.0,0.0,1,
Saúl Rivera#,31.0,WSN,NL,0.1,30.0,5.0,3.0,2.0,1.0,0.0,0.0,0.0,0.0,0.0,0.0,1.0,0.0,0.333,0.5,0.333,0.833,127.0,0.406,160.0,1.0,0.0,0.0,1.0,0.0,0.0,1,
Scot Shields,33.0,LAA,AL,0.0,1.0,0.0,0.0,0.0,0.0,0.0,0.0,0.0,0.0,0.0,0.0,0.0,0.0,,,,,,,,0.0,0.0,0.0,0.0,0.0,0.0,1,
Scott Baker,27.0,MIN,AL,-0.1,2.0,6.0,6.0,0.0,0.0,0.0,0.0,0.0,0.0,0.0,0.0,0.0,1.0,0.0,0.0,0.0,0.0,-100.0,0.0,-142.0,0.0,0.0,0.0,0.0,0.0,0.0,1,
Scott Downs*,33.0,TOR,AL,0.0,1.0,1.0,1.0,0.0,0.0,0.0,0.0,0.0,0.0,0.0,0.0,0.0,0.0,0.0,0.0,0.0,0.0,-100.0,0.0,-142.0,0.0,0.0,0.0,0.0,0.0,0.0,1,
Scott Elbert*,23.0,LAD,NL,0.1,19.0,5.0,5.0,1.0,1.0,1.0,0.0,0.0,1.0,0.0,0.0,0.0,2.0,0.2,0.2,0.4,0.6,57.0,0.253,42.0,2.0,0.0,0.0,0.0,0.0,0.0,1,
Scott Eyre*,37.0,PHI,NL,0.0,41.0,0.0,0.0,0.0,0.0,0.0,0.0,0.0,0.0,0.0,0.0,0.0,0.0,,,,,,,,0.0,0.0,0.0,0.0,0.0,0.0,1,
Scott Feldman*,26.0,TEX,AL,-0.1,3.0,8.0,5.0,0.0,0.0,0.0,0.0,0.0,0.0,0.0,0.0,0.0,1.0,0.0,0.0,0.0,0.0,-100.0,0.0,-297.0,0.0,0.0,0.0,3.0,0.0,0.0,1,
Scott Hairston,29.0,2TM,2LG,2.0,116.0,464.0,430.0,50.0,114.0,27.0,2.0,17.0,64.0,11.0,3.0,25.0,83.0,0.265,0.307,0.456,0.763,103.0,0.336,100.0,196.0,9.0,3.0,1.0,5.0,0.0,78/HD,
Scott Hairston,29.0,SDP,NL,2.2,56.0,216.0,197.0,26.0,59.0,14.0,1.0,10.0,29.0,8.0,1.0,17.0,45.0,0.299,0.358,0.533,0.891,143.0,0.395,145.0,105.0,4.0,1.0,1.0,0.0,0.0,87/H,
Scott Hairston,29.0,OAK,AL,-0.2,60.0,248.0,233.0,24.0,55.0,13.0,1.0,7.0,35.0,3.0,2.0,8.0,38.0,0.236,0.262,0.391,0.653,70.0,0.285,62.0,91.0,5.0,2.0,0.0,5.0,0.0,78/DH,
Scott Linebrink,32.0,CHW,AL,0.0,5.0,0.0,0.0,0.0,0.0,0.0,0.0,0.0,0.0,0.0,0.0,0.0,0.0,,,,,,,,0.0,0.0,0.0,0.0,0.0,0.0,1,
Scott Olsen*,25.0,WSN,NL,0.1,11.0,22.0,15.0,1.0,2.0,0.0,0.0,0.0,1.0,0.0,0.0,3.0,7.0,0.133,0.278,0.133,0.411,14.0,0.22,-6.0,2.0,0.0,0.0,4.0,0.0,0.0,1,
Scott Podsednik*,33.0,CHW,AL,1.3,132.0,587.0,537.0,75.0,163.0,25.0,6.0,7.0,48.0,30.0,13.0,39.0,74.0,0.304,0.353,0.412,0.764,97.0,0.338,92.0,221.0,8.0,3.0,6.0,2.0,1.0,*78D/H9,
Scott Richmond,29.0,TOR,AL,-0.1,3.0,6.0,6.0,0.0,0.0,0.0,0.0,0.0,0.0,0.0,0.0,0.0,5.0,0.0,0.0,0.0,0.0,-100.0,0.0,-144.0,0.0,0.0,0.0,0.0,0.0,0.0,1,
Scott Rolen,34.0,2TM,2LG,5.2,128.0,535.0,475.0,76.0,145.0,36.0,1.0,11.0,67.0,5.0,4.0,45.0,62.0,0.305,0.368,0.455,0.823,116.0,0.367,119.0,216.0,4.0,7.0,0.0,8.0,1.0,*5/H,
Scott Rolen,34.0,TOR,AL,3.9,88.0,373.0,338.0,52.0,108.0,29.0,0.0,8.0,43.0,4.0,2.0,26.0,42.0,0.32,0.37,0.476,0.846,121.0,0.377,125.0,161.0,2.0,4.0,0.0,5.0,1.0,5,
Scott Rolen,34.0,CIN,NL,1.3,40.0,162.0,137.0,24.0,37.0,7.0,1.0,3.0,24.0,1.0,2.0,19.0,20.0,0.27,0.364,0.401,0.766,103.0,0.343,105.0,55.0,2.0,3.0,0.0,3.0,0.0,5/H,
Scott Schoeneweis*,35.0,ARI,NL,0.0,42.0,0.0,0.0,0.0,0.0,0.0,0.0,0.0,0.0,0.0,0.0,0.0,0.0,,,,,,,,0.0,0.0,0.0,0.0,0.0,0.0,1,
Sean Burnett*,26.0,2TM,NL,0.0,70.0,2.0,2.0,0.0,0.0,0.0,0.0,0.0,0.0,0.0,0.0,0.0,1.0,0.0,0.0,0.0,0.0,-100.0,0.0,-155.0,0.0,0.0,0.0,0.0,0.0,0.0,1,
Sean Burnett*,26.0,PIT,NL,0.0,37.0,1.0,1.0,0.0,0.0,0.0,0.0,0.0,0.0,0.0,0.0,0.0,0.0,0.0,0.0,0.0,0.0,-100.0,0.0,-155.0,0.0,0.0,0.0,0.0,0.0,0.0,1,
Sean Burnett*,26.0,WSN,NL,0.0,33.0,1.0,1.0,0.0,0.0,0.0,0.0,0.0,0.0,0.0,0.0,0.0,1.0,0.0,0.0,0.0,0.0,-100.0,0.0,-155.0,0.0,0.0,0.0,0.0,0.0,0.0,1,
Sean Gallagher,23.0,SDP,NL,0.0,8.0,0.0,0.0,0.0,0.0,0.0,0.0,0.0,0.0,0.0,0.0,0.0,0.0,,,,,,,,0.0,0.0,0.0,0.0,0.0,0.0,/1,
Sean Green,30.0,NYM,NL,0.0,74.0,1.0,1.0,0.0,0.0,0.0,0.0,0.0,0.0,0.0,0.0,0.0,1.0,0.0,0.0,0.0,0.0,-100.0,0.0,-155.0,0.0,0.0,0.0,0.0,0.0,0.0,1,
Sean Henn,28.0,MIN,AL,0.0,3.0,0.0,0.0,0.0,0.0,0.0,0.0,0.0,0.0,0.0,0.0,0.0,0.0,,,,,,,,0.0,0.0,0.0,0.0,0.0,0.0,1,
Sean Marshall*,26.0,CHC,NL,0.2,51.0,15.0,13.0,2.0,3.0,0.0,0.0,0.0,2.0,0.0,0.0,1.0,5.0,0.231,0.286,0.231,0.516,35.0,0.312,70.0,3.0,0.0,0.0,1.0,0.0,0.0,1/7,
Sean O'Sullivan,21.0,LAA,AL,0.0,1.0,3.0,3.0,1.0,1.0,0.0,0.0,0.0,0.0,0.0,0.0,0.0,1.0,0.333,0.333,0.333,0.667,78.0,0.272,50.0,1.0,0.0,0.0,0.0,0.0,0.0,1,
Sean Rodríguez,24.0,LAA,AL,0.0,12.0,29.0,25.0,4.0,5.0,0.0,0.0,2.0,4.0,0.0,0.0,3.0,7.0,0.2,0.276,0.44,0.716,85.0,0.335,97.0,11.0,2.0,0.0,0.0,1.0,0.0,/4789H,
Sean West,23.0,FLA,NL,-0.2,19.0,35.0,31.0,2.0,2.0,1.0,0.0,0.0,0.0,0.0,0.0,0.0,19.0,0.065,0.065,0.097,0.161,-58.0,0.1,-99.0,3.0,0.0,0.0,4.0,0.0,0.0,1,
Sean White,28.0,SEA,AL,0.0,3.0,0.0,0.0,0.0,0.0,0.0,0.0,0.0,0.0,0.0,0.0,0.0,0.0,,,,,,,,0.0,0.0,0.0,0.0,0.0,0.0,1,
Sergio Escalona*,24.0,PHI,NL,0.0,13.0,0.0,0.0,0.0,0.0,0.0,0.0,0.0,0.0,0.0,0.0,0.0,0.0,,,,,,,,0.0,0.0,0.0,0.0,0.0,0.0,1,
Sergio Romo,26.0,SFG,NL,0.0,44.0,1.0,1.0,0.0,0.0,0.0,0.0,0.0,0.0,0.0,0.0,0.0,1.0,0.0,0.0,0.0,0.0,-100.0,0.0,-155.0,0.0,0.0,0.0,0.0,0.0,0.0,1,
Seth McClung*,28.0,MIL,NL,-0.1,38.0,7.0,7.0,0.0,0.0,0.0,0.0,0.0,0.0,0.0,0.0,0.0,4.0,0.0,0.0,0.0,0.0,-100.0,0.0,-144.0,0.0,0.0,0.0,0.0,0.0,0.0,1,
Seth Smith*,26.0,COL,NL,2.3,133.0,387.0,335.0,61.0,98.0,20.0,4.0,15.0,55.0,4.0,1.0,46.0,67.0,0.293,0.378,0.51,0.889,122.0,0.391,124.0,171.0,5.0,2.0,1.0,3.0,3.0,7H/D,
Shairon Martis,22.0,WSN,NL,0.2,13.0,27.0,24.0,4.0,5.0,1.0,0.0,0.0,2.0,0.0,0.0,0.0,6.0,0.208,0.208,0.25,0.458,21.0,0.243,21.0,6.0,0.0,0.0,3.0,0.0,0.0,1,
Shane Robinson,24.0,STL,NL,-0.3,11.0,26.0,25.0,1.0,6.0,1.0,0.0,0.0,1.0,1.0,0.0,0.0,2.0,0.24,0.231,0.28,0.511,36.0,0.234,18.0,7.0,1.0,0.0,0.0,1.0,0.0,/9H87,
Shane Victorino,28.0,PHI,NL,3.7,156.0,694.0,620.0,102.0,181.0,39.0,13.0,10.0,62.0,25.0,8.0,60.0,71.0,0.292,0.358,0.445,0.803,110.0,0.366,115.0,276.0,5.0,6.0,4.0,4.0,1.0,*8/H,"AS,MVP-18,GG"
Shawn Camp,33.0,TOR,AL,0.0,5.0,0.0,0.0,0.0,0.0,0.0,0.0,0.0,0.0,0.0,0.0,0.0,0.0,,,,,,,,0.0,0.0,0.0,0.0,0.0,0.0,1,
Shawn Hill,28.0,SDP,NL,-0.1,3.0,4.0,4.0,0.0,0.0,0.0,0.0,0.0,0.0,0.0,0.0,0.0,1.0,0.0,0.0,0.0,0.0,-100.0,0.0,-138.0,0.0,0.0,0.0,0.0,0.0,0.0,/1,
Shawn Riggans,28.0,TBR,AL,-0.1,7.0,14.0,14.0,2.0,2.0,0.0,0.0,1.0,1.0,0.0,0.0,0.0,3.0,0.143,0.143,0.357,0.5,27.0,0.206,5.0,5.0,1.0,0.0,0.0,0.0,0.0,/2,
Shelley Duncan,29.0,NYY,AL,-0.2,11.0,15.0,15.0,1.0,3.0,0.0,0.0,0.0,1.0,0.0,0.0,0.0,5.0,0.2,0.2,0.2,0.4,4.0,0.182,-19.0,3.0,1.0,0.0,0.0,0.0,0.0,/9HD,
Shin-Soo Choo*,26.0,CLE,AL,5.5,156.0,685.0,583.0,87.0,175.0,38.0,6.0,20.0,86.0,21.0,2.0,78.0,151.0,0.3,0.394,0.489,0.883,136.0,0.394,139.0,285.0,9.0,17.0,0.0,7.0,5.0,*97D/H8,
Skip Schumaker*,29.0,STL,NL,1.6,153.0,586.0,532.0,85.0,161.0,34.0,1.0,4.0,35.0,2.0,2.0,52.0,69.0,0.303,0.364,0.393,0.757,102.0,0.352,110.0,209.0,4.0,0.0,1.0,1.0,2.0,*47H9/8,
So Taguchi,39.0,CHC,NL,-0.1,6.0,12.0,11.0,1.0,3.0,1.0,0.0,0.0,0.0,0.0,0.0,1.0,4.0,0.273,0.333,0.364,0.697,79.0,0.309,70.0,4.0,0.0,0.0,0.0,0.0,0.0,/H79,
Stephen Drew*,26.0,ARI,NL,3.0,135.0,595.0,533.0,71.0,139.0,29.0,12.0,12.0,65.0,5.0,1.0,49.0,87.0,0.261,0.32,0.428,0.748,92.0,0.338,91.0,228.0,4.0,1.0,5.0,7.0,7.0,*6/HD,
Steve Holm,29.0,SFG,NL,0.1,4.0,9.0,7.0,1.0,2.0,0.0,0.0,0.0,0.0,0.0,0.0,2.0,0.0,0.286,0.444,0.286,0.73,97.0,0.35,104.0,2.0,0.0,0.0,0.0,0.0,0.0,/2H,
Steve Pearce,26.0,PIT,NL,0.0,60.0,186.0,165.0,19.0,34.0,13.0,1.0,4.0,16.0,1.0,0.0,21.0,43.0,0.206,0.296,0.37,0.665,76.0,0.3,71.0,61.0,2.0,0.0,0.0,0.0,0.0,3H/9,
Steven Jackson,27.0,PIT,NL,0.0,39.0,1.0,1.0,0.0,0.0,0.0,0.0,0.0,0.0,0.0,0.0,0.0,0.0,0.0,0.0,0.0,0.0,-100.0,0.0,-155.0,0.0,0.0,0.0,0.0,0.0,0.0,1,
Steven Register,26.0,PHI,NL,0.0,1.0,0.0,0.0,0.0,0.0,0.0,0.0,0.0,0.0,0.0,0.0,0.0,0.0,,,,,,,,0.0,0.0,0.0,0.0,0.0,0.0,/1,
Steven Shell,26.0,WSN,NL,0.0,4.0,0.0,0.0,0.0,0.0,0.0,0.0,0.0,0.0,0.0,0.0,0.0,0.0,,,,,,,,0.0,0.0,0.0,0.0,0.0,0.0,/1,
Takashi Saito*,39.0,BOS,AL,0.0,5.0,0.0,0.0,0.0,0.0,0.0,0.0,0.0,0.0,0.0,0.0,0.0,0.0,,,,,,,,0.0,0.0,0.0,0.0,0.0,0.0,1,
Taylor Teagarden,25.0,TEX,AL,0.3,60.0,218.0,198.0,26.0,43.0,13.0,0.0,6.0,24.0,0.0,0.0,14.0,76.0,0.217,0.27,0.374,0.644,65.0,0.298,64.0,74.0,6.0,1.0,3.0,2.0,0.0,2/H,
Ted Lilly*,33.0,CHC,NL,-0.4,26.0,64.0,57.0,2.0,5.0,1.0,1.0,0.0,2.0,0.0,1.0,2.0,27.0,0.088,0.119,0.14,0.259,-34.0,0.11,-81.0,8.0,0.0,0.0,5.0,0.0,0.0,1,AS
Terry Evans,27.0,LAA,AL,-0.1,11.0,7.0,7.0,2.0,2.0,0.0,0.0,0.0,1.0,0.0,0.0,0.0,2.0,0.286,0.286,0.286,0.571,52.0,0.26,43.0,2.0,0.0,0.0,0.0,0.0,0.0,/9HD78,
Tim Byrdak*,35.0,HOU,NL,-0.1,75.0,3.0,3.0,0.0,0.0,0.0,0.0,0.0,0.0,0.0,0.0,0.0,1.0,0.0,0.0,0.0,0.0,-100.0,0.0,-144.0,0.0,0.0,0.0,0.0,0.0,0.0,1,
Tim Dillard,25.0,MIL,NL,0.0,2.0,1.0,1.0,0.0,0.0,0.0,0.0,0.0,0.0,0.0,0.0,0.0,1.0,0.0,0.0,0.0,0.0,-100.0,0.0,-155.0,0.0,0.0,0.0,0.0,0.0,0.0,/1,
Tim Hudson,33.0,ATL,NL,0.4,7.0,15.0,12.0,2.0,4.0,0.0,0.0,1.0,2.0,0.0,0.0,2.0,1.0,0.333,0.429,0.583,1.012,166.0,0.509,230.0,7.0,0.0,0.0,1.0,0.0,0.0,/1,
Tim Lincecum*,25.0,SFG,NL,0.1,32.0,86.0,66.0,8.0,10.0,1.0,0.0,0.0,3.0,0.0,0.0,6.0,36.0,0.152,0.219,0.167,0.386,3.0,0.187,-34.0,11.0,1.0,0.0,13.0,1.0,0.0,1/H,"AS,CYA-1,MVP-18"
Tim Redding,31.0,NYM,NL,-0.3,28.0,32.0,29.0,0.0,2.0,0.0,0.0,0.0,0.0,0.0,0.0,0.0,9.0,0.069,0.069,0.069,0.138,-63.0,0.063,-118.0,2.0,0.0,0.0,3.0,0.0,0.0,1,
Tim Stauffer,27.0,SDP,NL,0.1,14.0,27.0,23.0,1.0,4.0,0.0,0.0,0.0,0.0,0.0,0.0,1.0,13.0,0.174,0.24,0.174,0.414,17.0,0.197,-1.0,4.0,0.0,1.0,2.0,0.0,0.0,1,
Tim Wakefield,42.0,BOS,AL,0.0,1.0,2.0,2.0,0.0,1.0,0.0,0.0,0.0,0.0,0.0,0.0,0.0,1.0,0.5,0.5,0.5,1.0,160.0,0.454,175.0,1.0,0.0,0.0,0.0,0.0,0.0,1,AS
Tim Wood,26.0,FLA,NL,0.1,17.0,2.0,2.0,0.0,1.0,0.0,0.0,0.0,0.0,0.0,0.0,0.0,0.0,0.5,0.5,0.5,1.0,164.0,0.457,178.0,1.0,0.0,0.0,0.0,0.0,0.0,1,
Tobi Stoner#,24.0,NYM,NL,0.0,4.0,0.0,0.0,0.0,0.0,0.0,0.0,0.0,0.0,0.0,0.0,0.0,0.0,,,,,,,,0.0,0.0,0.0,0.0,0.0,0.0,/1,
Todd Coffey,28.0,MIL,NL,-0.1,75.0,6.0,3.0,0.0,0.0,0.0,0.0,0.0,0.0,0.0,0.0,0.0,2.0,0.0,0.0,0.0,0.0,-100.0,0.0,-391.0,0.0,0.0,0.0,3.0,0.0,0.0,1,
Todd Helton*,35.0,COL,NL,3.3,151.0,645.0,544.0,79.0,177.0,38.0,3.0,15.0,86.0,0.0,1.0,89.0,73.0,0.325,0.416,0.489,0.904,128.0,0.405,135.0,266.0,15.0,2.0,0.0,10.0,5.0,*3/H,MVP-13
Todd Wellemeyer,30.0,STL,NL,-0.2,30.0,45.0,39.0,1.0,5.0,0.0,0.0,0.0,0.0,0.0,0.0,0.0,16.0,0.128,0.128,0.128,0.256,-31.0,0.117,-84.0,5.0,0.0,0.0,6.0,0.0,0.0,1/H,
Tom Gordon,41.0,ARI,NL,0.0,3.0,0.0,0.0,0.0,0.0,0.0,0.0,0.0,0.0,0.0,0.0,0.0,0.0,,,,,,,,0.0,0.0,0.0,0.0,0.0,0.0,/1,
Tom Gorzelanny,26.0,2TM,NL,0.0,22.0,16.0,14.0,0.0,2.0,0.0,0.0,0.0,2.0,0.0,0.0,1.0,5.0,0.143,0.2,0.143,0.343,-9.0,0.169,-37.0,2.0,0.0,0.0,1.0,0.0,0.0,1,
Tom Gorzelanny,26.0,PIT,NL,0.0,9.0,2.0,2.0,0.0,0.0,0.0,0.0,0.0,0.0,0.0,0.0,0.0,1.0,0.0,0.0,0.0,0.0,-100.0,0.0,-143.0,0.0,0.0,0.0,0.0,0.0,0.0,/1,
Tom Gorzelanny,26.0,CHC,NL,0.0,13.0,14.0,12.0,0.0,2.0,0.0,0.0,0.0,2.0,0.0,0.0,1.0,4.0,0.167,0.231,0.167,0.397,5.0,0.195,-21.0,2.0,0.0,0.0,1.0,0.0,0.0,1,
Tommy Everidge,26.0,OAK,AL,-0.6,24.0,97.0,85.0,13.0,19.0,6.0,0.0,2.0,7.0,0.0,0.0,8.0,17.0,0.224,0.302,0.365,0.667,76.0,0.293,67.0,31.0,6.0,2.0,1.0,1.0,1.0,3/DH,
Tommy Hanson,22.0,ATL,NL,-0.4,20.0,46.0,37.0,2.0,2.0,0.0,0.0,0.0,1.0,0.0,0.0,1.0,20.0,0.054,0.079,0.054,0.133,-64.0,0.067,-139.0,2.0,0.0,0.0,8.0,0.0,0.0,1,ROY-3
Tommy Manzella,26.0,HOU,NL,-0.1,7.0,5.0,5.0,0.0,1.0,0.0,0.0,0.0,0.0,0.0,0.0,0.0,4.0,0.2,0.2,0.2,0.4,7.0,0.163,-26.0,1.0,0.0,0.0,0.0,0.0,0.0,/H6,
Tomo Ohka#,33.0,CLE,AL,0.0,1.0,2.0,2.0,0.0,0.0,0.0,0.0,0.0,0.0,0.0,0.0,0.0,1.0,0.0,0.0,0.0,0.0,-100.0,0.0,-138.0,0.0,0.0,0.0,0.0,0.0,0.0,1,
Tony Abreu#,24.0,LAD,NL,0.2,6.0,11.0,8.0,0.0,2.0,0.0,0.0,0.0,1.0,0.0,1.0,3.0,2.0,0.25,0.455,0.25,0.705,97.0,0.305,112.0,2.0,0.0,0.0,0.0,0.0,0.0,/H45,
Tony Clark#,37.0,ARI,NL,-0.4,36.0,78.0,66.0,7.0,12.0,4.0,0.0,4.0,11.0,0.0,0.0,11.0,24.0,0.182,0.295,0.424,0.719,84.0,0.314,75.0,28.0,3.0,0.0,0.0,1.0,0.0,3H,
Tony Graffanino,37.0,CLE,AL,-0.2,7.0,24.0,23.0,1.0,3.0,1.0,0.0,0.0,0.0,0.0,0.0,1.0,5.0,0.13,0.167,0.174,0.341,-8.0,0.191,-2.0,4.0,1.0,0.0,0.0,0.0,0.0,/45H,
Tony Gwynn*,26.0,SDP,NL,2.9,119.0,451.0,393.0,59.0,106.0,11.0,6.0,2.0,21.0,11.0,7.0,48.0,65.0,0.27,0.35,0.344,0.693,93.0,0.324,100.0,135.0,2.0,2.0,5.0,3.0,2.0,*8H9,
Tony Peña,28.0,KCR,AL,-1.2,40.0,53.0,51.0,3.0,5.0,1.0,0.0,0.0,2.0,0.0,0.0,2.0,13.0,0.098,0.132,0.118,0.25,-32.0,0.119,-56.0,6.0,1.0,0.0,0.0,0.0,0.0,6/H,
Tony Peña,27.0,ARI,NL,0.0,34.0,1.0,1.0,0.0,0.0,0.0,0.0,0.0,0.0,0.0,0.0,0.0,0.0,0.0,0.0,0.0,0.0,-100.0,0.0,-164.0,0.0,0.0,0.0,0.0,0.0,0.0,1,
Tony Sipp*,25.0,CLE,AL,0.0,1.0,0.0,0.0,0.0,0.0,0.0,0.0,0.0,0.0,0.0,0.0,0.0,0.0,,,,,,,,0.0,0.0,0.0,0.0,0.0,0.0,1,
Torii Hunter,33.0,LAA,AL,5.3,119.0,506.0,451.0,74.0,135.0,26.0,1.0,22.0,90.0,18.0,4.0,47.0,92.0,0.299,0.366,0.508,0.873,128.0,0.38,126.0,229.0,9.0,3.0,0.0,5.0,4.0,*8/DH,"AS,GG,SS"
Travis Buck*,25.0,OAK,AL,0.1,36.0,115.0,105.0,11.0,23.0,3.0,0.0,3.0,10.0,1.0,1.0,10.0,20.0,0.219,0.287,0.333,0.62,64.0,0.283,62.0,35.0,0.0,0.0,0.0,0.0,0.0,9/H7,
Travis Hafner*,32.0,CLE,AL,1.5,94.0,383.0,338.0,46.0,92.0,19.0,0.0,16.0,49.0,0.0,0.0,41.0,67.0,0.272,0.355,0.47,0.826,120.0,0.364,121.0,159.0,7.0,3.0,0.0,1.0,6.0,D/H,
Travis Ishikawa*,25.0,SFG,NL,0.9,120.0,363.0,326.0,49.0,85.0,10.0,2.0,9.0,39.0,2.0,2.0,30.0,89.0,0.261,0.329,0.387,0.715,87.0,0.32,83.0,126.0,7.0,4.0,1.0,2.0,3.0,*3H,
Travis Schlichting,24.0,LAD,NL,0.0,1.0,0.0,0.0,0.0,0.0,0.0,0.0,0.0,0.0,0.0,0.0,0.0,0.0,,,,,,,,0.0,0.0,0.0,0.0,0.0,0.0,/1,
Travis Snider*,21.0,TOR,AL,0.5,77.0,276.0,241.0,34.0,58.0,14.0,1.0,9.0,29.0,1.0,1.0,29.0,78.0,0.241,0.328,0.419,0.748,95.0,0.34,99.0,101.0,5.0,3.0,2.0,1.0,1.0,79/HD,
Trent Oeltjen*,26.0,ARI,NL,0.3,24.0,73.0,70.0,11.0,17.0,4.0,1.0,3.0,4.0,3.0,1.0,1.0,13.0,0.243,0.25,0.457,0.707,78.0,0.315,73.0,32.0,0.0,0.0,1.0,1.0,0.0,7/H89,
Trever Miller,36.0,STL,NL,0.0,68.0,0.0,0.0,0.0,0.0,0.0,0.0,0.0,0.0,0.0,0.0,0.0,0.0,,,,,,,,0.0,0.0,0.0,0.0,0.0,0.0,1,
Trevor Cahill,21.0,OAK,AL,0.0,1.0,2.0,2.0,1.0,1.0,0.0,0.0,0.0,0.0,0.0,0.0,0.0,0.0,0.5,0.5,0.5,1.0,167.0,0.408,150.0,1.0,0.0,0.0,0.0,0.0,0.0,1,
Trevor Crowe#,25.0,CLE,AL,-0.4,68.0,202.0,183.0,22.0,43.0,9.0,3.0,1.0,17.0,6.0,0.0,11.0,39.0,0.235,0.278,0.333,0.611,64.0,0.294,66.0,61.0,7.0,1.0,4.0,3.0,0.0,78/H9D,
Trevor Hoffman,41.0,MIL,NL,0.0,53.0,0.0,0.0,0.0,0.0,0.0,0.0,0.0,0.0,0.0,0.0,0.0,0.0,,,,,,,,0.0,0.0,0.0,0.0,0.0,0.0,1,AS
Troy Glaus,32.0,STL,NL,-0.2,14.0,32.0,29.0,2.0,5.0,2.0,0.0,0.0,2.0,0.0,0.0,3.0,8.0,0.172,0.25,0.241,0.491,32.0,0.231,23.0,7.0,1.0,0.0,0.0,0.0,0.0,/5H3,
Troy Percival,39.0,TBR,AL,0.0,1.0,0.0,0.0,0.0,0.0,0.0,0.0,0.0,0.0,0.0,0.0,0.0,0.0,,,,,,,,0.0,0.0,0.0,0.0,0.0,0.0,1,
Troy Tulowitzki,24.0,COL,NL,6.5,151.0,628.0,543.0,101.0,161.0,25.0,9.0,32.0,92.0,20.0,11.0,73.0,112.0,0.297,0.377,0.552,0.93,131.0,0.404,135.0,300.0,20.0,3.0,0.0,9.0,4.0,*6,MVP-5
Tug Hulett*,26.0,KCR,AL,-0.5,15.0,19.0,18.0,4.0,2.0,0.0,0.0,0.0,1.0,0.0,0.0,1.0,6.0,0.111,0.158,0.111,0.269,-26.0,0.133,-46.0,2.0,0.0,0.0,0.0,0.0,0.0,H/49D567,
Ty Wigginton,31.0,BAL,AL,-1.0,122.0,436.0,410.0,44.0,112.0,19.0,0.0,11.0,41.0,1.0,2.0,23.0,57.0,0.273,0.314,0.4,0.714,86.0,0.315,81.0,164.0,16.0,2.0,0.0,1.0,1.0,35DH/647,
Tyler Clippard,24.0,WSN,NL,-0.1,41.0,7.0,7.0,0.0,0.0,0.0,0.0,0.0,0.0,0.0,0.0,0.0,4.0,0.0,0.0,0.0,0.0,-100.0,0.0,-144.0,0.0,1.0,0.0,0.0,0.0,0.0,1,
Tyler Colvin*,23.0,CHC,NL,0.3,6.0,20.0,17.0,1.0,3.0,0.0,0.0,0.0,2.0,0.0,0.0,2.0,5.0,0.176,0.25,0.176,0.426,12.0,0.208,-3.0,3.0,0.0,0.0,0.0,1.0,0.0,/8,
Tyler Flowers,23.0,CHW,AL,0.0,10.0,20.0,16.0,3.0,3.0,1.0,0.0,0.0,0.0,0.0,0.0,3.0,8.0,0.188,0.35,0.25,0.6,59.0,0.297,64.0,4.0,1.0,1.0,0.0,0.0,0.0,/2DH,
Tyler Greene,25.0,STL,NL,0.1,48.0,116.0,108.0,9.0,24.0,5.0,0.0,2.0,7.0,3.0,0.0,4.0,32.0,0.222,0.27,0.324,0.594,58.0,0.287,58.0,35.0,2.0,3.0,1.0,0.0,0.0,65H/438,
Tyler Walker,33.0,PHI,NL,0.0,29.0,1.0,0.0,0.0,0.0,0.0,0.0,0.0,0.0,0.0,0.0,0.0,0.0,,,,,,,,0.0,0.0,0.0,1.0,0.0,0.0,1,
Tyler Yates,31.0,PIT,NL,0.0,15.0,0.0,0.0,0.0,0.0,0.0,0.0,0.0,0.0,0.0,0.0,0.0,0.0,,,,,,,,0.0,0.0,0.0,0.0,0.0,0.0,1,
Ubaldo Jiménez,25.0,COL,NL,0.4,31.0,77.0,59.0,5.0,13.0,0.0,0.0,0.0,2.0,0.0,0.0,6.0,15.0,0.22,0.292,0.22,0.513,32.0,0.239,0.0,13.0,2.0,0.0,12.0,0.0,0.0,1,
Vernon Wells,30.0,TOR,AL,0.9,158.0,684.0,630.0,84.0,164.0,37.0,3.0,15.0,66.0,17.0,4.0,48.0,86.0,0.26,0.311,0.4,0.711,86.0,0.324,86.0,252.0,18.0,1.0,0.0,5.0,2.0,*8/DH,
Vicente Padilla,31.0,2TM,2LG,0.0,9.0,17.0,15.0,0.0,3.0,0.0,0.0,0.0,2.0,0.0,0.0,0.0,8.0,0.2,0.2,0.2,0.4,8.0,0.176,-39.0,3.0,0.0,0.0,2.0,0.0,0.0,1,
Vicente Padilla,31.0,TEX,AL,-0.1,1.0,3.0,2.0,0.0,0.0,0.0,0.0,0.0,0.0,0.0,0.0,0.0,1.0,0.0,0.0,0.0,0.0,-100.0,0.0,-271.0,0.0,0.0,0.0,1.0,0.0,0.0,1,
Vicente Padilla,31.0,LAD,NL,0.0,8.0,14.0,13.0,0.0,3.0,0.0,0.0,0.0,2.0,0.0,0.0,0.0,7.0,0.231,0.231,0.231,0.462,25.0,0.204,-1.0,3.0,0.0,0.0,1.0,0.0,0.0,/1,
Victor Martinez#,30.0,2TM,AL,3.6,155.0,672.0,588.0,88.0,178.0,33.0,1.0,23.0,108.0,1.0,0.0,75.0,74.0,0.303,0.381,0.48,0.861,127.0,0.381,130.0,282.0,17.0,3.0,0.0,6.0,3.0,23/HD,"AS,MVP-21"
Victor Martinez#,30.0,CLE,AL,2.2,99.0,435.0,377.0,56.0,107.0,21.0,1.0,15.0,67.0,0.0,0.0,51.0,51.0,0.284,0.368,0.464,0.832,122.0,0.366,123.0,175.0,11.0,2.0,0.0,5.0,3.0,23/DH,
Victor Martinez#,30.0,BOS,AL,1.3,56.0,237.0,211.0,32.0,71.0,12.0,0.0,8.0,41.0,1.0,0.0,24.0,23.0,0.336,0.405,0.507,0.912,134.0,0.408,142.0,107.0,6.0,1.0,0.0,1.0,0.0,23/H,
Vin Mazzaro,22.0,OAK,AL,0.1,2.0,4.0,0.0,0.0,0.0,0.0,0.0,0.0,0.0,0.0,0.0,0.0,0.0,,,,,,,,0.0,0.0,0.0,4.0,0.0,0.0,1,
Virgil Vasquez,27.0,PIT,NL,-0.2,14.0,11.0,10.0,0.0,0.0,0.0,0.0,0.0,0.0,0.0,0.0,0.0,4.0,0.0,0.0,0.0,0.0,-100.0,0.0,-168.0,0.0,0.0,0.0,1.0,0.0,0.0,1,
Vladimir Guerrero,34.0,LAA,AL,0.7,100.0,407.0,383.0,59.0,113.0,16.0,1.0,15.0,50.0,2.0,1.0,19.0,56.0,0.295,0.334,0.46,0.794,107.0,0.354,110.0,176.0,16.0,4.0,0.0,1.0,3.0,D/H9,
Vladimir Núñez,34.0,ATL,NL,0.0,1.0,0.0,0.0,0.0,0.0,0.0,0.0,0.0,0.0,0.0,0.0,0.0,0.0,,,,,,,,0.0,0.0,0.0,0.0,0.0,0.0,/1,
Víctor Gárate*,24.0,WSN,NL,0.0,4.0,0.0,0.0,0.0,0.0,0.0,0.0,0.0,0.0,0.0,0.0,0.0,0.0,,,,,,,,0.0,0.0,0.0,0.0,0.0,0.0,/1,
Wade LeBlanc*,24.0,SDP,NL,-0.1,8.0,17.0,13.0,0.0,1.0,0.0,0.0,0.0,0.0,0.0,0.0,1.0,3.0,0.077,0.143,0.077,0.22,-37.0,0.116,-84.0,1.0,0.0,0.0,3.0,0.0,0.0,/1,
Waldis Joaquín,22.0,SFG,NL,0.0,10.0,0.0,0.0,0.0,0.0,0.0,0.0,0.0,0.0,0.0,0.0,0.0,0.0,,,,,,,,0.0,0.0,0.0,0.0,0.0,0.0,1,
Walter Silva,32.0,SDP,NL,0.1,5.0,8.0,8.0,2.0,3.0,0.0,0.0,0.0,0.0,0.0,0.0,0.0,3.0,0.375,0.375,0.375,0.75,109.0,0.343,112.0,3.0,0.0,0.0,0.0,0.0,0.0,/1,
Wandy Rodríguez#,30.0,HOU,NL,-0.2,32.0,70.0,63.0,4.0,8.0,3.0,0.0,0.0,4.0,0.0,0.0,1.0,19.0,0.127,0.141,0.175,0.315,-16.0,0.139,-58.0,11.0,1.0,0.0,6.0,0.0,0.0,1/H,
Wes Helms,33.0,FLA,NL,-0.2,113.0,234.0,214.0,18.0,58.0,11.0,0.0,3.0,33.0,1.0,1.0,13.0,54.0,0.271,0.318,0.364,0.682,79.0,0.307,73.0,78.0,10.0,3.0,1.0,3.0,1.0,5H/3D,
Wesley Wright,24.0,HOU,NL,0.1,48.0,4.0,4.0,2.0,1.0,0.0,0.0,0.0,0.0,0.0,0.0,0.0,1.0,0.25,0.25,0.25,0.5,34.0,0.458,187.0,1.0,0.0,0.0,0.0,0.0,0.0,1,
Wil Ledezma*,28.0,WSN,NL,0.0,5.0,0.0,0.0,0.0,0.0,0.0,0.0,0.0,0.0,0.0,0.0,0.0,0.0,,,,,,,,0.0,0.0,0.0,0.0,0.0,0.0,/1,
Wil Nieves,31.0,WSN,NL,0.0,72.0,249.0,224.0,20.0,58.0,6.0,0.0,1.0,26.0,1.0,0.0,17.0,45.0,0.259,0.313,0.299,0.612,64.0,0.284,58.0,67.0,7.0,3.0,0.0,5.0,1.0,2/H,
Wilkin Castillo#,25.0,CIN,NL,0.1,4.0,3.0,3.0,0.0,2.0,0.0,0.0,0.0,1.0,0.0,0.0,0.0,0.0,0.667,0.667,0.667,1.333,255.0,0.61,294.0,2.0,0.0,0.0,0.0,0.0,0.0,/H,
Wilkin Ramírez,23.0,DET,AL,0.0,15.0,13.0,11.0,6.0,4.0,0.0,1.0,1.0,3.0,0.0,0.0,1.0,3.0,0.364,0.385,0.818,1.203,204.0,0.466,188.0,9.0,1.0,0.0,0.0,1.0,0.0,/HD79,
Will Ohman*,31.0,LAD,NL,0.1,21.0,3.0,2.0,0.0,1.0,0.0,0.0,0.0,1.0,0.0,0.0,0.0,1.0,0.5,0.5,0.5,1.0,172.0,0.457,230.0,1.0,0.0,0.0,1.0,0.0,0.0,1,
Will Venable*,26.0,SDP,NL,0.9,95.0,324.0,293.0,38.0,75.0,14.0,2.0,12.0,38.0,6.0,1.0,25.0,89.0,0.256,0.323,0.44,0.763,109.0,0.335,104.0,129.0,6.0,4.0,2.0,0.0,2.0,98H/7,
Willie Bloomquist,31.0,KCR,AL,-0.5,125.0,468.0,434.0,52.0,115.0,11.0,8.0,4.0,29.0,25.0,6.0,27.0,73.0,0.265,0.308,0.355,0.663,77.0,0.309,76.0,154.0,7.0,1.0,4.0,2.0,1.0,968H4/735D,
Willie Harris*,31.0,WSN,NL,0.1,137.0,393.0,323.0,47.0,76.0,18.0,6.0,7.0,27.0,11.0,4.0,57.0,62.0,0.235,0.364,0.393,0.757,101.0,0.35,106.0,127.0,4.0,9.0,3.0,1.0,1.0,87H4/59,
Willy Aybar#,26.0,TBR,AL,-0.2,105.0,336.0,296.0,38.0,75.0,12.0,0.0,12.0,41.0,1.0,0.0,34.0,54.0,0.253,0.331,0.416,0.747,97.0,0.335,97.0,123.0,4.0,2.0,1.0,3.0,2.0,34HD5,
Willy Taveras,27.0,CIN,NL,-0.1,102.0,437.0,404.0,56.0,97.0,11.0,2.0,1.0,15.0,25.0,6.0,18.0,58.0,0.24,0.275,0.285,0.559,48.0,0.275,45.0,115.0,2.0,2.0,11.0,2.0,0.0,8/H,
Wilson Betemit#,27.0,CHW,AL,-0.6,20.0,50.0,45.0,2.0,9.0,5.0,0.0,0.0,3.0,0.0,0.0,5.0,13.0,0.2,0.28,0.311,0.591,53.0,0.268,43.0,14.0,2.0,0.0,0.0,0.0,0.0,/H35D,
Wilson Valdéz,31.0,NYM,NL,0.4,41.0,95.0,86.0,11.0,22.0,3.0,2.0,0.0,7.0,0.0,1.0,8.0,10.0,0.256,0.326,0.337,0.664,78.0,0.303,79.0,29.0,6.0,1.0,0.0,0.0,0.0,6/H745,
Wilton López,25.0,HOU,NL,-0.1,8.0,5.0,5.0,0.0,0.0,0.0,0.0,0.0,0.0,0.0,0.0,0.0,2.0,0.0,0.0,0.0,0.0,-100.0,0.0,-144.0,0.0,0.0,0.0,0.0,0.0,0.0,/1,
Winston Abreu,32.0,TBR,AL,0.0,1.0,0.0,0.0,0.0,0.0,0.0,0.0,0.0,0.0,0.0,0.0,0.0,0.0,,,,,,,,0.0,0.0,0.0,0.0,0.0,0.0,/1,
Wladimir Balentien,24.0,2TM,2LG,1.0,96.0,295.0,265.0,30.0,62.0,17.0,1.0,7.0,24.0,2.0,1.0,28.0,70.0,0.234,0.305,0.385,0.69,83.0,0.311,81.0,102.0,3.0,0.0,0.0,2.0,1.0,79H/D,
Wladimir Balentien,24.0,SEA,AL,0.2,56.0,170.0,155.0,18.0,33.0,10.0,0.0,4.0,13.0,1.0,0.0,13.0,43.0,0.213,0.271,0.355,0.625,67.0,0.279,61.0,55.0,2.0,0.0,0.0,2.0,1.0,7H/9D,
Wladimir Balentien,24.0,CIN,NL,0.8,40.0,125.0,110.0,12.0,29.0,7.0,1.0,3.0,11.0,1.0,1.0,15.0,27.0,0.264,0.352,0.427,0.779,105.0,0.354,110.0,47.0,1.0,0.0,0.0,0.0,0.0,79/H,
Wyatt Toregas,26.0,CLE,AL,-0.3,19.0,60.0,51.0,1.0,9.0,1.0,0.0,0.0,6.0,0.0,0.0,6.0,12.0,0.176,0.267,0.196,0.463,28.0,0.222,20.0,10.0,1.0,1.0,0.0,2.0,0.0,2,
Xavier Nady,30.0,NYY,AL,-0.1,7.0,29.0,28.0,4.0,8.0,4.0,0.0,0.0,2.0,0.0,0.0,1.0,6.0,0.286,0.31,0.429,0.739,88.0,0.318,79.0,12.0,2.0,0.0,0.0,0.0,0.0,/9D,
Xavier Paul*,24.0,LAD,NL,0.1,11.0,16.0,14.0,3.0,3.0,1.0,0.0,1.0,1.0,0.0,1.0,2.0,4.0,0.214,0.313,0.5,0.813,115.0,0.378,154.0,7.0,1.0,0.0,0.0,0.0,0.0,/H98,
Yadier Molina,26.0,STL,NL,3.2,140.0,544.0,481.0,45.0,141.0,23.0,1.0,6.0,54.0,9.0,3.0,50.0,39.0,0.293,0.366,0.383,0.749,100.0,0.346,104.0,184.0,27.0,6.0,6.0,1.0,2.0,*2/3H,"AS,MVP-23,GG"
Yorman Bazardo,24.0,HOU,NL,0.0,10.0,10.0,10.0,0.0,0.0,0.0,0.0,0.0,0.0,0.0,0.0,0.0,3.0,0.0,0.0,0.0,0.0,-100.0,0.092,-78.0,0.0,0.0,0.0,0.0,0.0,0.0,1,
Yorvit Torrealba,30.0,COL,NL,0.5,64.0,242.0,213.0,27.0,62.0,11.0,1.0,2.0,31.0,1.0,1.0,21.0,42.0,0.291,0.351,0.38,0.732,85.0,0.335,85.0,81.0,4.0,1.0,3.0,4.0,5.0,2/H,
Yovani Gallardo,23.0,MIL,NL,0.3,29.0,66.0,58.0,6.0,10.0,2.0,0.0,2.0,8.0,0.0,0.0,2.0,23.0,0.172,0.197,0.31,0.507,33.0,0.22,7.0,18.0,1.0,0.0,5.0,1.0,0.0,1/H,
Yunel Escobar,26.0,ATL,NL,4.3,141.0,604.0,528.0,89.0,158.0,26.0,2.0,14.0,76.0,5.0,4.0,57.0,62.0,0.299,0.377,0.436,0.812,115.0,0.368,121.0,230.0,21.0,10.0,7.0,2.0,3.0,*6/H,MVP-20
Yuniesky Betancourt,27.0,2TM,AL,-2.0,134.0,508.0,470.0,40.0,115.0,20.0,6.0,6.0,49.0,3.0,3.0,21.0,44.0,0.245,0.274,0.351,0.625,66.0,0.281,62.0,165.0,17.0,0.0,11.0,6.0,0.0,*6/H,
Yuniesky Betancourt,27.0,SEA,AL,-0.6,63.0,245.0,224.0,15.0,56.0,10.0,1.0,2.0,22.0,3.0,1.0,10.0,18.0,0.25,0.278,0.33,0.609,64.0,0.285,64.0,74.0,9.0,0.0,8.0,3.0,0.0,6/H,
Yuniesky Betancourt,27.0,KCR,AL,-1.4,71.0,263.0,246.0,25.0,59.0,10.0,5.0,4.0,27.0,0.0,2.0,11.0,26.0,0.24,0.269,0.37,0.639,68.0,0.277,60.0,91.0,8.0,0.0,3.0,3.0,0.0,6,
Yusmeiro Petit,24.0,ARI,NL,-0.2,23.0,28.0,27.0,0.0,1.0,0.0,0.0,0.0,0.0,0.0,0.0,1.0,8.0,0.037,0.071,0.037,0.108,-71.0,0.087,-88.0,1.0,0.0,0.0,0.0,0.0,0.0,1,
Zach Duke*,26.0,PIT,NL,0.5,31.0,79.0,60.0,1.0,12.0,2.0,0.0,0.0,5.0,0.0,0.0,4.0,18.0,0.2,0.246,0.233,0.479,29.0,0.25,22.0,14.0,0.0,0.0,14.0,1.0,0.0,1/H,AS
Zach Miner,27.0,DET,AL,0.0,3.0,1.0,1.0,0.0,0.0,0.0,0.0,0.0,0.0,0.0,0.0,0.0,1.0,0.0,0.0,0.0,0.0,-100.0,0.0,-142.0,0.0,0.0,0.0,0.0,0.0,0.0,1,
Zack Greinke,25.0,KCR,AL,0.0,2.0,6.0,6.0,0.0,1.0,1.0,0.0,0.0,0.0,0.0,0.0,0.0,2.0,0.167,0.167,0.333,0.5,29.0,0.207,7.0,2.0,0.0,0.0,0.0,0.0,0.0,1,"AS,CYA-1,MVP-17"
Zack Segovia,26.0,WSN,NL,0.0,8.0,0.0,0.0,0.0,0.0,0.0,0.0,0.0,0.0,0.0,0.0,0.0,0.0,,,,,,,,0.0,0.0,0.0,0.0,0.0,0.0,/1,
Álex Cintrón#,30.0,WSN,NL,-0.6,21.0,28.0,26.0,1.0,2.0,0.0,0.0,0.0,0.0,0.0,0.0,2.0,7.0,0.077,0.143,0.077,0.22,-39.0,0.116,-62.0,2.0,1.0,0.0,0.0,0.0,0.0,H/46,
Álex Cora*,33.0,NYM,NL,0.6,82.0,308.0,271.0,31.0,68.0,11.0,1.0,1.0,18.0,8.0,3.0,25.0,28.0,0.251,0.32,0.31,0.63,70.0,0.298,70.0,84.0,2.0,3.0,8.0,1.0,1.0,64H/3,
Álex González,32.0,2TM,2LG,-0.9,112.0,429.0,391.0,42.0,93.0,22.0,0.0,8.0,41.0,2.0,1.0,20.0,65.0,0.238,0.279,0.355,0.635,65.0,0.282,54.0,139.0,7.0,4.0,10.0,4.0,4.0,*6,
Álex González,32.0,CIN,NL,-1.2,68.0,270.0,243.0,16.0,51.0,12.0,0.0,3.0,26.0,0.0,1.0,15.0,36.0,0.21,0.258,0.296,0.554,46.0,0.246,29.0,72.0,3.0,2.0,6.0,4.0,4.0,6,
Álex González,32.0,BOS,AL,0.3,44.0,159.0,148.0,26.0,42.0,10.0,0.0,5.0,15.0,2.0,0.0,5.0,29.0,0.284,0.316,0.453,0.769,95.0,0.342,93.0,67.0,4.0,2.0,4.0,0.0,0.0,6,
Álex Rodríguez,33.0,NYY,AL,4.2,124.0,535.0,444.0,78.0,127.0,17.0,1.0,30.0,100.0,14.0,2.0,80.0,97.0,0.286,0.402,0.532,0.933,138.0,0.409,141.0,236.0,13.0,8.0,0.0,3.0,7.0,*5/DH,MVP-10
Álex Romero*,25.0,ARI,NL,-0.2,66.0,157.0,145.0,14.0,36.0,6.0,2.0,1.0,18.0,2.0,0.0,11.0,23.0,0.248,0.306,0.338,0.644,67.0,0.293,58.0,49.0,7.0,1.0,0.0,0.0,1.0,H79/8,
Álex Ríos,28.0,2TM,AL,0.8,149.0,633.0,582.0,63.0,144.0,31.0,2.0,17.0,71.0,24.0,5.0,37.0,107.0,0.247,0.296,0.395,0.691,79.0,0.318,79.0,230.0,21.0,6.0,1.0,7.0,1.0,*98,
Álex Ríos,28.0,TOR,AL,1.5,108.0,479.0,436.0,52.0,115.0,25.0,2.0,14.0,62.0,19.0,3.0,31.0,78.0,0.264,0.317,0.427,0.744,94.0,0.339,94.0,186.0,14.0,6.0,0.0,6.0,1.0,9/8,
Álex Ríos,28.0,CHW,AL,-0.6,41.0,154.0,146.0,11.0,29.0,6.0,0.0,3.0,9.0,5.0,2.0,6.0,29.0,0.199,0.229,0.301,0.53,35.0,0.251,30.0,44.0,7.0,0.0,1.0,1.0,0.0,8/9,
Ángel Berroa,31.0,2TM,2LG,-1.0,35.0,55.0,49.0,10.0,7.0,2.0,0.0,0.0,3.0,0.0,0.0,3.0,12.0,0.143,0.208,0.184,0.391,4.0,0.174,-28.0,9.0,2.0,1.0,2.0,0.0,1.0,5H/6D,
Ángel Berroa,31.0,NYY,AL,-0.7,21.0,24.0,22.0,6.0,3.0,1.0,0.0,0.0,1.0,0.0,0.0,0.0,6.0,0.136,0.174,0.182,0.356,-8.0,0.161,-39.0,4.0,1.0,1.0,1.0,0.0,0.0,5/HD,
Ángel Berroa,31.0,NYM,NL,-0.3,14.0,31.0,27.0,4.0,4.0,1.0,0.0,0.0,2.0,0.0,0.0,3.0,6.0,0.148,0.233,0.185,0.419,14.0,0.184,-18.0,5.0,1.0,0.0,1.0,0.0,1.0,/6H,
Ángel Guzmán,27.0,CHC,NL,0.0,55.0,3.0,3.0,0.0,0.0,0.0,0.0,0.0,0.0,0.0,0.0,0.0,1.0,0.0,0.0,0.0,0.0,-100.0,0.0,-153.0,0.0,0.0,0.0,0.0,0.0,0.0,1,
Ángel Pagán#,27.0,NYM,NL,4.0,88.0,376.0,343.0,54.0,105.0,22.0,11.0,6.0,32.0,14.0,7.0,25.0,56.0,0.306,0.35,0.487,0.837,122.0,0.375,128.0,167.0,3.0,0.0,5.0,3.0,2.0,87/H9,
Édgar González,26.0,OAK,AL,0.1,3.0,2.0,2.0,0.0,2.0,0.0,0.0,0.0,0.0,0.0,0.0,0.0,0.0,1.0,1.0,1.0,2.0,435.0,0.909,508.0,2.0,0.0,0.0,0.0,0.0,0.0,1,
Édgar Rentería,32.0,SFG,NL,-1.4,124.0,510.0,460.0,50.0,115.0,19.0,1.0,5.0,48.0,7.0,2.0,39.0,69.0,0.25,0.307,0.328,0.635,67.0,0.29,59.0,151.0,17.0,1.0,5.0,5.0,5.0,*6/H,
Óliver Pérez*,27.0,NYM,NL,0.2,14.0,24.0,22.0,1.0,6.0,0.0,0.0,0.0,0.0,0.0,0.0,1.0,7.0,0.273,0.304,0.273,0.577,56.0,0.261,42.0,6.0,0.0,0.0,1.0,0.0,0.0,1,
Óscar Salazar,31.0,2TM,2LG,0.0,72.0,154.0,139.0,16.0,42.0,8.0,2.0,5.0,25.0,0.0,0.0,14.0,20.0,0.302,0.364,0.496,0.86,132.0,0.383,139.0,69.0,8.0,0.0,0.0,1.0,1.0,H7/35946D,
Óscar Salazar,31.0,BAL,AL,0.0,17.0,33.0,31.0,4.0,13.0,0.0,0.0,2.0,6.0,0.0,0.0,2.0,4.0,0.419,0.455,0.613,1.067,177.0,0.46,184.0,19.0,2.0,0.0,0.0,0.0,0.0,H/5367D,
Óscar Salazar,31.0,SDP,NL,0.0,55.0,121.0,108.0,12.0,29.0,8.0,2.0,3.0,19.0,0.0,0.0,12.0,16.0,0.269,0.339,0.463,0.802,119.0,0.362,126.0,50.0,6.0,0.0,0.0,1.0,1.0,H7/394,
