Player,Age,Team,Lg,WAR,G,PA,AB,R,H,2B,3B,HR,RBI,SB,CS,BB,SO,BA,OBP,SLG,OPS,OPS+,rOBA,Rbat+,TB,GIDP,HBP,SH,SF,IBB,Pos,Awards
A.J. Sager,30.0,COL,NL,-0.1,10.0,3.0,3.0,0.0,0.0,0.0,0.0,0.0,0.0,0.0,0.0,0.0,1.0,0.0,0.0,0.0,0.0,-100.0,0.0,-166.0,0.0,0.0,0.0,0.0,0.0,0.0,1,
Aaron Ledesma,24.0,NYM,NL,-0.2,21.0,39.0,33.0,4.0,8.0,0.0,0.0,0.0,3.0,0.0,0.0,6.0,7.0,0.242,0.359,0.242,0.601,66.0,0.308,77.0,8.0,2.0,0.0,0.0,0.0,1.0,H5/36,
Aaron Small,23.0,FLA,NL,0.0,7.0,0.0,0.0,0.0,0.0,0.0,0.0,0.0,0.0,0.0,0.0,0.0,0.0,,,,,,,,0.0,0.0,0.0,0.0,0.0,0.0,/1,
Al Martin*,27.0,PIT,NL,0.9,124.0,486.0,439.0,70.0,124.0,25.0,3.0,13.0,41.0,20.0,11.0,44.0,92.0,0.282,0.351,0.442,0.792,107.0,0.355,107.0,194.0,5.0,2.0,1.0,0.0,6.0,*78H,
Alan Benes,23.0,STL,NL,-0.1,3.0,6.0,6.0,0.0,0.0,0.0,0.0,0.0,0.0,0.0,0.0,0.0,3.0,0.0,0.0,0.0,0.0,-100.0,0.0,-143.0,0.0,0.0,0.0,0.0,0.0,0.0,/1,
Alan Trammell,37.0,DET,AL,0.9,74.0,255.0,223.0,28.0,60.0,12.0,0.0,2.0,23.0,3.0,1.0,27.0,19.0,0.269,0.345,0.35,0.695,82.0,0.329,85.0,78.0,8.0,0.0,3.0,2.0,4.0,6H/D,
Albert Belle,28.0,CLE,AL,7.0,143.0,631.0,546.0,121.0,173.0,52.0,1.0,50.0,126.0,5.0,2.0,73.0,80.0,0.317,0.401,0.69,1.091,177.0,0.46,175.0,377.0,24.0,6.0,0.0,4.0,5.0,*7/D,"AS,MVP-2,SS"
Alberto Castillo,25.0,NYM,NL,0.1,13.0,33.0,29.0,2.0,3.0,0.0,0.0,0.0,0.0,1.0,0.0,3.0,9.0,0.103,0.212,0.103,0.316,-12.0,0.205,0.0,3.0,0.0,1.0,0.0,0.0,0.0,2/H,
Alejandro Peña,36.0,2TM,NL,0.0,27.0,1.0,1.0,0.0,0.0,0.0,0.0,0.0,0.0,0.0,0.0,0.0,1.0,0.0,0.0,0.0,0.0,-100.0,0.0,-142.0,0.0,0.0,0.0,0.0,0.0,0.0,1,
Alejandro Peña,36.0,FLA,NL,0.0,13.0,1.0,1.0,0.0,0.0,0.0,0.0,0.0,0.0,0.0,0.0,0.0,1.0,0.0,0.0,0.0,0.0,-100.0,0.0,-142.0,0.0,0.0,0.0,0.0,0.0,0.0,1,
Alejandro Peña,36.0,ATL,NL,0.0,14.0,0.0,0.0,0.0,0.0,0.0,0.0,0.0,0.0,0.0,0.0,0.0,0.0,,,,,,,,0.0,0.0,0.0,0.0,0.0,0.0,1,
Alex Arias,27.0,FLA,NL,0.8,94.0,246.0,216.0,22.0,58.0,9.0,2.0,3.0,26.0,1.0,0.0,22.0,20.0,0.269,0.337,0.37,0.708,87.0,0.33,88.0,80.0,8.0,2.0,3.0,3.0,1.0,H65/4,
Alex Cole*,29.0,MIN,AL,0.4,28.0,90.0,79.0,10.0,27.0,3.0,2.0,1.0,14.0,1.0,3.0,8.0,15.0,0.342,0.409,0.468,0.877,128.0,0.399,144.0,37.0,0.0,1.0,2.0,0.0,0.0,8H/D,
Alex Diaz#,26.0,SEA,AL,-0.1,103.0,292.0,270.0,44.0,67.0,14.0,0.0,3.0,27.0,18.0,8.0,13.0,27.0,0.248,0.286,0.333,0.619,60.0,0.298,63.0,90.0,3.0,2.0,5.0,2.0,2.0,8H7/9,
Alex Gonzalez,22.0,TOR,AL,0.8,111.0,425.0,367.0,51.0,89.0,19.0,4.0,10.0,42.0,4.0,4.0,44.0,114.0,0.243,0.322,0.398,0.72,88.0,0.329,88.0,146.0,7.0,1.0,9.0,4.0,1.0,*6H/5D,
Alex Ochoa,23.0,NYM,NL,0.0,11.0,39.0,37.0,7.0,11.0,1.0,0.0,0.0,0.0,1.0,0.0,2.0,10.0,0.297,0.333,0.324,0.658,78.0,0.307,72.0,12.0,1.0,0.0,0.0,0.0,0.0,9/H,
Allen Battle,26.0,STL,NL,0.4,61.0,137.0,118.0,13.0,32.0,5.0,0.0,0.0,2.0,3.0,3.0,15.0,26.0,0.271,0.358,0.314,0.672,81.0,0.322,90.0,37.0,0.0,1.0,3.0,0.0,0.0,H79/8,
Allen Watson*,24.0,STL,NL,0.8,21.0,41.0,36.0,5.0,15.0,4.0,0.0,0.0,5.0,0.0,0.0,2.0,7.0,0.417,0.447,0.528,0.975,159.0,0.432,168.0,19.0,1.0,0.0,3.0,0.0,0.0,1,
Andre Dawson,40.0,FLA,NL,-0.9,79.0,246.0,226.0,30.0,58.0,10.0,3.0,8.0,37.0,0.0,0.0,9.0,45.0,0.257,0.305,0.434,0.739,93.0,0.333,91.0,98.0,7.0,8.0,0.0,3.0,1.0,9H7,
Andrés Berumen,24.0,SDP,NL,0.0,37.0,1.0,1.0,0.0,0.0,0.0,0.0,0.0,0.0,0.0,0.0,0.0,1.0,0.0,0.0,0.0,0.0,-100.0,0.0,-133.0,0.0,0.0,0.0,0.0,0.0,0.0,1,
Andrés Galarraga,34.0,COL,NL,1.1,143.0,604.0,554.0,89.0,155.0,29.0,3.0,31.0,106.0,12.0,2.0,32.0,146.0,0.28,0.331,0.511,0.842,97.0,0.381,101.0,283.0,14.0,13.0,0.0,5.0,6.0,*3/H,MVP-16
Andy Allanson,33.0,CAL,AL,-0.2,35.0,91.0,82.0,5.0,14.0,3.0,0.0,3.0,10.0,0.0,1.0,7.0,12.0,0.171,0.244,0.317,0.562,46.0,0.248,34.0,26.0,0.0,1.0,1.0,0.0,0.0,2/H,
Andy Ashby,27.0,SDP,NL,0.1,31.0,67.0,49.0,2.0,8.0,1.0,0.0,0.0,3.0,1.0,0.0,1.0,24.0,0.163,0.18,0.184,0.364,-2.0,0.208,-31.0,9.0,0.0,0.0,17.0,0.0,0.0,1,
Andy Benes,27.0,SDP,NL,-0.1,19.0,44.0,40.0,2.0,6.0,1.0,0.0,0.0,3.0,0.0,0.0,1.0,18.0,0.15,0.171,0.175,0.346,-7.0,0.158,-39.0,7.0,1.0,0.0,3.0,0.0,0.0,1,
Andy Carter*,26.0,PHI,NL,0.1,4.0,1.0,1.0,0.0,1.0,0.0,0.0,0.0,0.0,0.0,0.0,0.0,0.0,1.0,1.0,1.0,2.0,434.0,0.903,483.0,1.0,0.0,0.0,0.0,0.0,0.0,/1,
Andy Stankiewicz,30.0,HOU,NL,-0.3,43.0,65.0,52.0,6.0,6.0,1.0,0.0,0.0,7.0,4.0,2.0,12.0,19.0,0.115,0.281,0.135,0.416,19.0,0.208,8.0,7.0,1.0,0.0,1.0,0.0,2.0,H6/45,
Andy Tomberlin*,28.0,OAK,AL,-0.5,46.0,92.0,85.0,15.0,18.0,0.0,0.0,4.0,10.0,4.0,1.0,5.0,22.0,0.212,0.256,0.353,0.608,63.0,0.305,75.0,30.0,2.0,0.0,2.0,0.0,0.0,98H/7D,
Andy Van Slyke*,34.0,2TM,2LG,0.1,80.0,315.0,277.0,32.0,62.0,11.0,2.0,6.0,24.0,7.0,0.0,33.0,56.0,0.224,0.309,0.343,0.652,72.0,0.299,63.0,95.0,7.0,2.0,0.0,2.0,2.0,8/H9,
Andy Van Slyke*,34.0,BAL,AL,-0.2,17.0,68.0,63.0,6.0,10.0,1.0,0.0,3.0,8.0,0.0,0.0,5.0,15.0,0.159,0.221,0.317,0.538,37.0,0.232,16.0,20.0,1.0,0.0,0.0,0.0,1.0,8/9,
Andy Van Slyke*,34.0,PHI,NL,0.3,63.0,247.0,214.0,26.0,52.0,10.0,2.0,3.0,16.0,7.0,0.0,28.0,41.0,0.243,0.333,0.35,0.684,82.0,0.318,76.0,75.0,6.0,2.0,0.0,2.0,1.0,8/H,
Andújar Cedeño,25.0,SDP,NL,-2.3,120.0,424.0,390.0,42.0,82.0,16.0,2.0,6.0,31.0,5.0,3.0,28.0,92.0,0.21,0.271,0.308,0.579,55.0,0.266,47.0,120.0,12.0,5.0,0.0,1.0,7.0,*6/H5,
Angelo Encarnación,26.0,PIT,NL,-0.2,58.0,175.0,159.0,18.0,36.0,7.0,2.0,2.0,10.0,1.0,1.0,13.0,28.0,0.226,0.285,0.333,0.618,62.0,0.27,44.0,53.0,3.0,0.0,3.0,0.0,5.0,2/H,
Anthony Young,29.0,CHC,NL,0.1,32.0,3.0,3.0,2.0,2.0,0.0,0.0,0.0,0.0,0.0,0.0,0.0,0.0,0.667,0.667,0.667,1.333,259.0,0.602,286.0,2.0,0.0,0.0,0.0,0.0,0.0,1,
Antonio Osuna,22.0,LAD,NL,0.0,39.0,2.0,2.0,0.0,0.0,0.0,0.0,0.0,0.0,0.0,0.0,0.0,0.0,0.0,0.0,0.0,0.0,-100.0,0.0,-139.0,0.0,0.0,0.0,0.0,0.0,0.0,1,
Archi Cianfrocco,28.0,SDP,NL,-0.5,51.0,133.0,118.0,22.0,31.0,7.0,0.0,5.0,31.0,0.0,2.0,11.0,28.0,0.263,0.333,0.449,0.782,107.0,0.348,111.0,53.0,3.0,2.0,0.0,1.0,1.0,36H/9457,
Armando Reynoso,29.0,COL,NL,-0.2,20.0,33.0,30.0,1.0,4.0,0.0,0.0,0.0,0.0,0.0,0.0,1.0,11.0,0.133,0.161,0.133,0.295,-28.0,0.169,-56.0,4.0,2.0,0.0,2.0,0.0,0.0,1,
Arquimedez Pozo,21.0,SEA,AL,0.0,1.0,1.0,1.0,0.0,0.0,0.0,0.0,0.0,0.0,0.0,0.0,0.0,0.0,0.0,0.0,0.0,0.0,-100.0,0.0,-131.0,0.0,0.0,0.0,0.0,0.0,0.0,/4H,
B.J. Surhoff*,30.0,MIL,AL,2.9,117.0,462.0,415.0,72.0,133.0,26.0,3.0,13.0,73.0,7.0,3.0,37.0,43.0,0.32,0.378,0.492,0.87,120.0,0.381,117.0,204.0,7.0,4.0,2.0,4.0,4.0,372/9H8D,
Barry Bonds*,30.0,SFG,NL,7.5,144.0,635.0,506.0,109.0,149.0,30.0,7.0,33.0,104.0,31.0,10.0,120.0,83.0,0.294,0.431,0.577,1.009,170.0,0.438,170.0,292.0,12.0,5.0,0.0,4.0,22.0,*7/H,"AS,MVP-12"
Barry Larkin,31.0,CIN,NL,5.9,131.0,567.0,496.0,98.0,158.0,29.0,6.0,15.0,66.0,51.0,5.0,61.0,49.0,0.319,0.394,0.492,0.886,134.0,0.42,142.0,244.0,6.0,3.0,3.0,4.0,2.0,*6,"AS,MVP-1,GG,SS"
Barry Lyons,35.0,CHW,AL,0.3,27.0,70.0,64.0,8.0,17.0,2.0,0.0,5.0,16.0,0.0,0.0,4.0,14.0,0.266,0.304,0.531,0.836,117.0,0.353,106.0,34.0,0.0,0.0,1.0,1.0,0.0,2/DH3,
Benito Santiago,30.0,CIN,NL,1.6,81.0,296.0,266.0,40.0,76.0,20.0,0.0,11.0,44.0,2.0,2.0,24.0,48.0,0.286,0.351,0.485,0.836,119.0,0.376,124.0,129.0,7.0,4.0,0.0,2.0,1.0,2/3H,
Benji Gil,22.0,TEX,AL,0.3,130.0,454.0,415.0,36.0,91.0,20.0,3.0,9.0,46.0,2.0,4.0,26.0,147.0,0.219,0.266,0.347,0.613,57.0,0.273,46.0,144.0,5.0,1.0,10.0,2.0,0.0,*6/H,
Bernard Gilkey,28.0,STL,NL,2.6,121.0,531.0,480.0,73.0,143.0,33.0,4.0,17.0,69.0,12.0,6.0,42.0,70.0,0.298,0.358,0.49,0.848,124.0,0.381,128.0,235.0,17.0,5.0,1.0,3.0,3.0,*7/H,
Bernardo Brito,31.0,MIN,AL,0.0,5.0,6.0,5.0,1.0,1.0,0.0,0.0,1.0,1.0,0.0,0.0,0.0,3.0,0.2,0.333,0.8,1.133,183.0,0.454,171.0,4.0,1.0,1.0,0.0,0.0,0.0,/HD,
Bernie Williams#,26.0,NYY,AL,6.4,144.0,648.0,563.0,93.0,173.0,29.0,9.0,18.0,82.0,8.0,6.0,75.0,98.0,0.307,0.392,0.487,0.878,129.0,0.393,132.0,274.0,12.0,5.0,2.0,3.0,1.0,*8,
Bill Haselman,29.0,BOS,AL,0.7,64.0,174.0,152.0,22.0,37.0,6.0,1.0,5.0,23.0,0.0,2.0,17.0,30.0,0.243,0.322,0.395,0.717,84.0,0.33,87.0,60.0,4.0,2.0,0.0,3.0,0.0,2HD/35,
Bill Krueger*,37.0,SDP,NL,0.0,6.0,0.0,0.0,0.0,0.0,0.0,0.0,0.0,0.0,0.0,0.0,0.0,0.0,,,,,,,,0.0,0.0,0.0,0.0,0.0,0.0,/1,
Bill Pulsipher*,21.0,NYM,NL,0.1,17.0,49.0,38.0,4.0,4.0,2.0,0.0,0.0,4.0,0.0,0.0,5.0,19.0,0.105,0.2,0.158,0.358,-2.0,0.196,-10.0,6.0,0.0,0.0,4.0,2.0,0.0,1,
Bill Spiers*,29.0,NYM,NL,-0.7,63.0,87.0,72.0,5.0,15.0,2.0,1.0,0.0,11.0,0.0,1.0,12.0,15.0,0.208,0.314,0.264,0.578,58.0,0.262,49.0,19.0,0.0,0.0,1.0,2.0,1.0,H5/4,
Bill Swift,33.0,COL,NL,0.2,19.0,43.0,36.0,5.0,7.0,1.0,0.0,1.0,4.0,1.0,0.0,2.0,5.0,0.194,0.237,0.306,0.542,28.0,0.25,-7.0,11.0,0.0,0.0,5.0,0.0,0.0,1,
Bill Wegman,32.0,MIL,AL,0.0,1.0,0.0,0.0,0.0,0.0,0.0,0.0,0.0,0.0,0.0,0.0,0.0,0.0,,,,,,,,0.0,0.0,0.0,0.0,0.0,0.0,1/9,
Billy Ashley,24.0,LAD,NL,-0.8,81.0,244.0,215.0,17.0,51.0,5.0,0.0,8.0,27.0,0.0,0.0,25.0,88.0,0.237,0.32,0.372,0.692,90.0,0.31,84.0,80.0,8.0,2.0,0.0,2.0,4.0,7H,
Billy Bean*,31.0,SDP,NL,-0.3,4.0,8.0,7.0,1.0,0.0,0.0,0.0,0.0,0.0,0.0,0.0,1.0,4.0,0.0,0.125,0.0,0.125,-63.0,0.089,-77.0,0.0,0.0,0.0,0.0,0.0,0.0,/7H,
Billy Brewer*,27.0,KCR,AL,0.0,1.0,0.0,0.0,0.0,0.0,0.0,0.0,0.0,0.0,0.0,0.0,0.0,0.0,,,,,,,,0.0,0.0,0.0,0.0,0.0,0.0,1,
Billy Hatcher,34.0,TEX,AL,-0.1,6.0,13.0,12.0,2.0,1.0,1.0,0.0,0.0,0.0,0.0,0.0,1.0,1.0,0.083,0.154,0.167,0.321,-17.0,0.153,-38.0,2.0,0.0,0.0,0.0,0.0,0.0,/9H7D,
Billy Ripken,30.0,CLE,AL,0.2,8.0,17.0,17.0,4.0,7.0,0.0,0.0,2.0,3.0,0.0,0.0,0.0,3.0,0.412,0.412,0.765,1.176,197.0,0.499,201.0,13.0,0.0,0.0,0.0,0.0,0.0,/45H,
Billy Wagner*,23.0,HOU,NL,0.0,1.0,0.0,0.0,0.0,0.0,0.0,0.0,0.0,0.0,0.0,0.0,0.0,0.0,,,,,,,,0.0,0.0,0.0,0.0,0.0,0.0,/1,
Bip Roberts#,31.0,SDP,NL,0.4,73.0,316.0,296.0,40.0,90.0,14.0,0.0,2.0,25.0,20.0,2.0,17.0,36.0,0.304,0.346,0.372,0.718,92.0,0.341,92.0,110.0,2.0,2.0,1.0,0.0,1.0,74/68H,
Blas Minor,29.0,NYM,NL,0.0,35.0,2.0,2.0,0.0,0.0,0.0,0.0,0.0,0.0,0.0,0.0,0.0,0.0,0.0,0.0,0.0,0.0,-100.0,0.0,-143.0,0.0,0.0,0.0,0.0,0.0,0.0,1,
Bob Hamelin*,27.0,KCR,AL,-1.1,72.0,242.0,208.0,20.0,35.0,7.0,1.0,7.0,25.0,0.0,1.0,26.0,56.0,0.168,0.278,0.313,0.591,53.0,0.281,53.0,65.0,6.0,6.0,0.0,1.0,1.0,DH/3,
Bob Natal,29.0,FLA,NL,0.1,16.0,46.0,43.0,2.0,10.0,2.0,1.0,2.0,6.0,0.0,0.0,1.0,9.0,0.233,0.244,0.465,0.71,82.0,0.298,66.0,20.0,0.0,0.0,1.0,1.0,0.0,2/H,
Bob Tewksbury,34.0,TEX,AL,0.0,1.0,1.0,1.0,0.0,0.0,0.0,0.0,0.0,0.0,0.0,0.0,0.0,1.0,0.0,0.0,0.0,0.0,-100.0,0.0,-138.0,0.0,0.0,0.0,0.0,0.0,0.0,1/H,
Bobby Bonilla#,32.0,2TM,2LG,3.4,141.0,614.0,554.0,96.0,182.0,37.0,8.0,28.0,99.0,0.0,5.0,54.0,79.0,0.329,0.388,0.576,0.963,151.0,0.42,156.0,319.0,22.0,2.0,0.0,4.0,10.0,5973/H,AS
Bobby Bonilla#,32.0,NYM,NL,2.3,80.0,351.0,317.0,49.0,103.0,25.0,4.0,18.0,53.0,0.0,3.0,31.0,48.0,0.325,0.385,0.599,0.984,160.0,0.422,163.0,190.0,11.0,1.0,0.0,2.0,10.0,573/H,
Bobby Bonilla#,32.0,BAL,AL,1.1,61.0,263.0,237.0,47.0,79.0,12.0,4.0,10.0,46.0,0.0,2.0,23.0,31.0,0.333,0.392,0.544,0.936,139.0,0.416,146.0,129.0,11.0,1.0,0.0,2.0,0.0,95/7,
Bobby Higginson*,24.0,DET,AL,0.9,131.0,486.0,410.0,61.0,92.0,17.0,5.0,14.0,43.0,6.0,4.0,62.0,107.0,0.224,0.329,0.393,0.721,87.0,0.33,87.0,161.0,5.0,5.0,2.0,7.0,3.0,*97H/D,
Bobby Jones,25.0,NYM,NL,-0.1,30.0,75.0,56.0,3.0,9.0,0.0,0.0,0.0,2.0,0.0,0.0,1.0,25.0,0.161,0.175,0.161,0.336,-9.0,0.155,-72.0,9.0,0.0,0.0,18.0,0.0,0.0,1,
Bobby Muñoz,27.0,PHI,NL,-0.1,3.0,5.0,5.0,0.0,0.0,0.0,0.0,0.0,0.0,0.0,0.0,0.0,2.0,0.0,0.0,0.0,0.0,-100.0,0.0,-145.0,0.0,0.0,0.0,0.0,0.0,0.0,/1,
Bobby Witt,31.0,FLA,NL,-0.4,21.0,38.0,32.0,0.0,2.0,1.0,0.0,0.0,2.0,0.0,0.0,1.0,10.0,0.063,0.088,0.094,0.182,-52.0,0.085,-106.0,3.0,0.0,0.0,4.0,1.0,0.0,1/H,
Brad Ausmus,26.0,SDP,NL,3.0,103.0,369.0,328.0,44.0,96.0,16.0,4.0,5.0,34.0,16.0,5.0,31.0,56.0,0.293,0.353,0.412,0.765,104.0,0.355,107.0,135.0,6.0,2.0,4.0,4.0,3.0,*2/H3,
Brad Clontz,24.0,ATL,NL,0.0,59.0,2.0,2.0,0.0,0.0,0.0,0.0,0.0,0.0,0.0,0.0,0.0,0.0,0.0,0.0,0.0,0.0,-100.0,0.0,-152.0,0.0,0.0,0.0,0.0,0.0,0.0,1,
Brad Pennington*,26.0,CIN,NL,0.0,6.0,2.0,2.0,0.0,0.0,0.0,0.0,0.0,0.0,0.0,0.0,0.0,1.0,0.0,0.0,0.0,0.0,-100.0,0.0,-148.0,0.0,0.0,0.0,0.0,0.0,0.0,/1,
Brad Woodall#,26.0,ATL,NL,0.1,9.0,1.0,1.0,0.0,1.0,0.0,0.0,0.0,1.0,0.0,0.0,0.0,0.0,1.0,1.0,1.0,2.0,425.0,0.903,483.0,1.0,0.0,0.0,0.0,0.0,0.0,/1,
Brady Anderson*,31.0,BAL,AL,3.0,143.0,657.0,554.0,108.0,145.0,33.0,10.0,16.0,64.0,26.0,7.0,87.0,111.0,0.262,0.371,0.444,0.815,110.0,0.373,111.0,246.0,3.0,10.0,4.0,2.0,4.0,*78/H,
Brent Cookson,25.0,KCR,AL,-0.5,22.0,38.0,35.0,2.0,5.0,1.0,0.0,0.0,5.0,1.0,0.0,2.0,7.0,0.143,0.189,0.171,0.361,-5.0,0.178,-26.0,6.0,0.0,0.0,1.0,0.0,0.0,H7/9D,
Brent Gates#,25.0,OAK,AL,1.9,136.0,585.0,524.0,60.0,133.0,24.0,4.0,5.0,56.0,3.0,3.0,46.0,84.0,0.254,0.308,0.344,0.652,77.0,0.301,77.0,180.0,15.0,0.0,4.0,11.0,2.0,*4/DH3,
Brent Mayne*,27.0,KCR,AL,-0.3,110.0,347.0,307.0,23.0,77.0,18.0,1.0,1.0,27.0,0.0,1.0,25.0,41.0,0.251,0.313,0.326,0.638,66.0,0.296,62.0,100.0,16.0,3.0,11.0,1.0,1.0,*2/H,
Bret Barberie#,27.0,BAL,AL,1.1,90.0,288.0,237.0,32.0,57.0,14.0,0.0,2.0,25.0,3.0,3.0,36.0,50.0,0.241,0.351,0.325,0.676,77.0,0.321,80.0,77.0,6.0,6.0,6.0,3.0,0.0,4H/D5,
Bret Boone,26.0,CIN,NL,1.9,138.0,571.0,513.0,63.0,137.0,34.0,2.0,15.0,68.0,5.0,1.0,41.0,84.0,0.267,0.326,0.429,0.755,98.0,0.344,99.0,220.0,14.0,6.0,5.0,5.0,0.0,*4,
Bret Saberhagen,31.0,2TM,NL,-0.1,25.0,56.0,49.0,3.0,5.0,1.0,0.0,0.0,0.0,0.0,0.0,2.0,12.0,0.102,0.137,0.122,0.26,-32.0,0.142,-60.0,6.0,0.0,0.0,5.0,0.0,0.0,1,
Bret Saberhagen,31.0,NYM,NL,0.0,16.0,41.0,35.0,2.0,4.0,1.0,0.0,0.0,0.0,0.0,0.0,1.0,8.0,0.114,0.139,0.143,0.282,-24.0,0.156,-48.0,5.0,0.0,0.0,5.0,0.0,0.0,1,
Bret Saberhagen,31.0,COL,NL,-0.1,9.0,15.0,14.0,1.0,1.0,0.0,0.0,0.0,0.0,0.0,0.0,1.0,4.0,0.071,0.133,0.071,0.205,-49.0,0.108,-90.0,1.0,0.0,0.0,0.0,0.0,0.0,/1,
Brett Butler*,38.0,2TM,NL,1.6,129.0,596.0,513.0,78.0,154.0,18.0,9.0,1.0,38.0,32.0,8.0,67.0,51.0,0.3,0.377,0.376,0.753,105.0,0.364,115.0,193.0,5.0,0.0,10.0,6.0,2.0,*8/H,
Brett Butler*,38.0,NYM,NL,1.2,90.0,418.0,367.0,54.0,114.0,13.0,7.0,1.0,25.0,21.0,7.0,43.0,42.0,0.311,0.381,0.392,0.773,109.0,0.368,118.0,144.0,4.0,0.0,6.0,2.0,2.0,8/H,
Brett Butler*,38.0,LAD,NL,0.4,39.0,178.0,146.0,24.0,40.0,5.0,2.0,0.0,13.0,11.0,1.0,24.0,9.0,0.274,0.368,0.336,0.703,95.0,0.353,107.0,49.0,1.0,0.0,4.0,4.0,0.0,8,
Brian Barber,22.0,STL,NL,0.0,9.0,9.0,8.0,0.0,1.0,0.0,0.0,0.0,0.0,0.0,0.0,1.0,2.0,0.125,0.222,0.125,0.347,-4.0,0.18,-15.0,1.0,0.0,0.0,0.0,0.0,0.0,/1,
Brian Giles*,24.0,CLE,AL,0.3,6.0,9.0,9.0,6.0,5.0,0.0,0.0,1.0,3.0,0.0,0.0,0.0,1.0,0.556,0.556,0.889,1.444,268.0,0.623,286.0,8.0,0.0,0.0,0.0,0.0,0.0,/H9D,
Brian Harper,35.0,OAK,AL,-0.2,2.0,7.0,7.0,0.0,0.0,0.0,0.0,0.0,0.0,0.0,0.0,0.0,1.0,0.0,0.0,0.0,0.0,-100.0,0.0,-131.0,0.0,0.0,0.0,0.0,0.0,0.0,/2,
Brian Hunter,24.0,HOU,NL,1.9,78.0,349.0,321.0,52.0,97.0,14.0,5.0,2.0,28.0,24.0,7.0,21.0,52.0,0.302,0.346,0.396,0.741,103.0,0.353,110.0,127.0,2.0,2.0,2.0,3.0,0.0,8/H,ROY-7
Brian Hunter,27.0,CIN,NL,0.2,40.0,93.0,79.0,9.0,17.0,6.0,0.0,1.0,9.0,2.0,1.0,11.0,21.0,0.215,0.312,0.329,0.641,71.0,0.298,68.0,26.0,2.0,1.0,0.0,2.0,1.0,3H/79,
Brian Johnson,27.0,SDP,NL,-0.1,68.0,224.0,207.0,20.0,52.0,9.0,0.0,3.0,29.0,0.0,0.0,11.0,39.0,0.251,0.287,0.338,0.625,67.0,0.287,62.0,70.0,2.0,1.0,1.0,4.0,2.0,2H/3,
Brian Jordan,28.0,STL,NL,5.2,131.0,525.0,490.0,83.0,145.0,20.0,4.0,22.0,81.0,24.0,9.0,22.0,79.0,0.296,0.339,0.488,0.827,117.0,0.377,123.0,239.0,5.0,11.0,0.0,2.0,4.0,*98/H,
Brian Kowitz*,25.0,ATL,NL,-0.2,10.0,28.0,24.0,3.0,4.0,1.0,0.0,0.0,3.0,0.0,1.0,2.0,5.0,0.167,0.259,0.208,0.468,24.0,0.209,11.0,5.0,0.0,1.0,1.0,0.0,0.0,/9H78,
Brian McRae#,27.0,CHC,NL,3.4,137.0,638.0,580.0,92.0,167.0,38.0,7.0,12.0,48.0,27.0,8.0,47.0,92.0,0.288,0.348,0.44,0.788,109.0,0.36,111.0,255.0,12.0,7.0,3.0,1.0,1.0,*8/H,
Brian Raabe,27.0,MIN,AL,-0.1,6.0,15.0,14.0,4.0,3.0,0.0,0.0,0.0,1.0,0.0,0.0,1.0,0.0,0.214,0.267,0.214,0.481,27.0,0.231,17.0,3.0,0.0,0.0,0.0,0.0,0.0,/45H,
Brian Williams,26.0,SDP,NL,-0.1,44.0,14.0,14.0,1.0,1.0,1.0,0.0,0.0,0.0,0.0,0.0,0.0,4.0,0.071,0.071,0.143,0.214,-44.0,0.156,-30.0,2.0,1.0,0.0,0.0,0.0,0.0,1,
Brook Fordyce,25.0,NYM,NL,0.1,4.0,3.0,2.0,1.0,1.0,1.0,0.0,0.0,0.0,0.0,0.0,1.0,0.0,0.5,0.667,1.0,1.667,341.0,0.66,329.0,2.0,0.0,0.0,0.0,0.0,0.0,/H,
Bruce Ruffin#,31.0,COL,NL,0.0,37.0,2.0,2.0,0.0,0.0,0.0,0.0,0.0,0.0,0.0,0.0,0.0,2.0,0.0,0.0,0.0,0.0,-100.0,0.0,-170.0,0.0,0.0,0.0,0.0,0.0,0.0,1,
Bryan Eversgerd,26.0,MON,NL,0.0,25.0,1.0,1.0,0.0,0.0,0.0,0.0,0.0,0.0,0.0,0.0,0.0,0.0,0.0,0.0,0.0,0.0,-100.0,0.0,-142.0,0.0,0.0,0.0,0.0,0.0,0.0,1,
Bryan Harvey,32.0,FLA,NL,0.0,1.0,0.0,0.0,0.0,0.0,0.0,0.0,0.0,0.0,0.0,0.0,0.0,0.0,,,,,,,,0.0,0.0,0.0,0.0,0.0,0.0,/1,
Bryan Hickerson*,31.0,2TM,NL,0.4,56.0,5.0,3.0,1.0,2.0,0.0,1.0,0.0,3.0,0.0,0.0,1.0,0.0,0.667,0.75,1.333,2.083,425.0,1.033,794.0,4.0,0.0,0.0,1.0,0.0,0.0,1/H,
Bryan Hickerson*,31.0,CHC,NL,0.2,38.0,3.0,2.0,1.0,1.0,0.0,0.0,0.0,1.0,0.0,0.0,1.0,0.0,0.5,0.667,0.5,1.167,219.0,0.846,457.0,1.0,0.0,0.0,0.0,0.0,0.0,1,
Bryan Hickerson*,31.0,COL,NL,0.2,18.0,2.0,1.0,0.0,1.0,0.0,1.0,0.0,2.0,0.0,0.0,0.0,0.0,1.0,1.0,3.0,4.0,807.0,1.592,1775.0,3.0,0.0,0.0,1.0,0.0,0.0,1/H,
Bryan Rekar,23.0,COL,NL,-0.3,15.0,33.0,26.0,1.0,1.0,0.0,0.0,0.0,0.0,0.0,1.0,3.0,15.0,0.038,0.138,0.038,0.176,-55.0,0.119,-93.0,1.0,2.0,0.0,4.0,0.0,0.0,1,
Bryce Florie,25.0,SDP,NL,0.0,47.0,2.0,2.0,0.0,0.0,0.0,0.0,0.0,0.0,0.0,0.0,0.0,2.0,0.0,0.0,0.0,0.0,-100.0,0.0,-143.0,0.0,0.0,0.0,0.0,0.0,0.0,1,
Buddy Groom*,29.0,FLA,NL,0.0,14.0,0.0,0.0,0.0,0.0,0.0,0.0,0.0,0.0,0.0,0.0,0.0,0.0,,,,,,,,0.0,0.0,0.0,0.0,0.0,0.0,1,
Butch Henry*,26.0,MON,NL,-0.6,21.0,47.0,42.0,1.0,2.0,0.0,0.0,0.0,1.0,0.0,0.0,0.0,11.0,0.048,0.048,0.048,0.095,-75.0,0.043,-143.0,2.0,0.0,0.0,5.0,0.0,0.0,1,
Butch Huskey,23.0,NYM,NL,-0.2,28.0,102.0,90.0,8.0,17.0,1.0,0.0,3.0,11.0,1.0,0.0,10.0,16.0,0.189,0.267,0.3,0.567,52.0,0.29,63.0,27.0,3.0,0.0,1.0,1.0,0.0,5/7,
C.J. Nitkowski*,22.0,CIN,NL,0.0,9.0,10.0,10.0,1.0,2.0,0.0,0.0,0.0,1.0,0.0,0.0,0.0,6.0,0.2,0.2,0.2,0.4,7.0,0.181,-15.0,2.0,0.0,0.0,0.0,0.0,0.0,/1,
Cal Ripken Jr.,34.0,BAL,AL,3.9,144.0,613.0,550.0,71.0,144.0,33.0,2.0,17.0,88.0,0.0,1.0,52.0,59.0,0.262,0.324,0.422,0.745,91.0,0.332,86.0,232.0,15.0,2.0,1.0,8.0,6.0,*6,"AS,MVP-19"
Candy Maldonado,34.0,2TM,AL,0.1,74.0,227.0,190.0,28.0,50.0,16.0,0.0,9.0,30.0,1.0,2.0,32.0,50.0,0.263,0.37,0.489,0.86,122.0,0.377,121.0,93.0,6.0,2.0,0.0,3.0,0.0,97H/D,
Candy Maldonado,34.0,TOR,AL,0.0,61.0,190.0,160.0,22.0,43.0,13.0,0.0,7.0,25.0,1.0,1.0,25.0,45.0,0.269,0.368,0.481,0.85,121.0,0.376,120.0,77.0,5.0,2.0,0.0,3.0,0.0,97H/D,
Candy Maldonado,34.0,TEX,AL,0.1,13.0,37.0,30.0,6.0,7.0,3.0,0.0,2.0,5.0,0.0,1.0,7.0,5.0,0.233,0.378,0.533,0.912,132.0,0.381,128.0,16.0,1.0,0.0,0.0,0.0,0.0,/79H,
Carl Everett#,24.0,NYM,NL,1.9,79.0,331.0,289.0,48.0,75.0,13.0,1.0,12.0,54.0,2.0,5.0,39.0,67.0,0.26,0.352,0.436,0.788,110.0,0.354,115.0,126.0,11.0,2.0,1.0,0.0,2.0,98/H,
Carlos Baerga#,26.0,CLE,AL,2.7,135.0,600.0,557.0,87.0,175.0,28.0,2.0,15.0,90.0,11.0,2.0,35.0,31.0,0.314,0.355,0.452,0.807,108.0,0.371,112.0,252.0,15.0,3.0,0.0,5.0,6.0,*4/DH,AS
Carlos Delgado*,23.0,TOR,AL,-0.8,37.0,99.0,91.0,7.0,15.0,3.0,0.0,3.0,11.0,0.0,0.0,6.0,26.0,0.165,0.212,0.297,0.509,32.0,0.234,22.0,27.0,1.0,0.0,0.0,2.0,0.0,7H/D3,
Carlos García,27.0,PIT,NL,0.3,104.0,402.0,367.0,41.0,108.0,24.0,2.0,6.0,50.0,8.0,4.0,25.0,55.0,0.294,0.34,0.42,0.76,99.0,0.341,96.0,154.0,4.0,2.0,5.0,3.0,5.0,46,
Carlos Hernández,28.0,LAD,NL,-0.5,45.0,103.0,94.0,3.0,14.0,1.0,0.0,2.0,8.0,0.0,0.0,7.0,25.0,0.149,0.216,0.223,0.439,21.0,0.206,10.0,21.0,5.0,1.0,1.0,0.0,0.0,2/H,
Carlos Martínez,29.0,CAL,AL,-0.1,26.0,68.0,61.0,7.0,11.0,1.0,0.0,1.0,9.0,0.0,0.0,6.0,7.0,0.18,0.265,0.246,0.511,35.0,0.257,35.0,15.0,2.0,1.0,0.0,0.0,2.0,5/H3D,
Carlos Pérez*,24.0,MON,NL,0.1,28.0,53.0,45.0,1.0,6.0,1.0,1.0,1.0,5.0,0.0,0.0,4.0,21.0,0.133,0.204,0.267,0.471,22.0,0.213,-4.0,12.0,0.0,0.0,4.0,0.0,0.0,1,"AS,ROY-4"
Carlos Rodríguez#,27.0,BOS,AL,0.2,13.0,36.0,30.0,5.0,10.0,2.0,0.0,0.0,5.0,0.0,0.0,2.0,2.0,0.333,0.394,0.4,0.794,106.0,0.392,128.0,12.0,0.0,1.0,3.0,0.0,0.0,/46H5,
Carlos Valdéz,23.0,SFG,NL,0.0,11.0,1.0,1.0,0.0,0.0,0.0,0.0,0.0,0.0,0.0,0.0,0.0,1.0,0.0,0.0,0.0,0.0,-100.0,0.0,-133.0,0.0,0.0,0.0,0.0,0.0,0.0,1,
Cecil Fielder,31.0,DET,AL,0.6,136.0,578.0,494.0,70.0,120.0,18.0,1.0,31.0,82.0,0.0,1.0,75.0,116.0,0.243,0.346,0.472,0.818,111.0,0.363,109.0,233.0,17.0,5.0,0.0,4.0,8.0,3D/H,
Chad Curtis,26.0,DET,AL,1.5,144.0,670.0,586.0,96.0,157.0,29.0,3.0,21.0,67.0,27.0,15.0,70.0,93.0,0.268,0.349,0.435,0.784,103.0,0.355,105.0,255.0,12.0,7.0,0.0,7.0,3.0,*8,
Chad Fonville#,24.0,2TM,NL,0.9,102.0,350.0,320.0,43.0,89.0,6.0,1.0,0.0,16.0,20.0,7.0,23.0,42.0,0.278,0.328,0.303,0.632,75.0,0.302,76.0,97.0,3.0,1.0,6.0,0.0,1.0,46H7/8,ROY-7
Chad Fonville#,24.0,MON,NL,-0.2,14.0,12.0,12.0,2.0,4.0,0.0,0.0,0.0,0.0,0.0,2.0,0.0,3.0,0.333,0.333,0.333,0.667,75.0,0.215,66.0,4.0,0.0,0.0,0.0,0.0,0.0,H/4,
Chad Fonville#,24.0,LAD,NL,1.0,88.0,338.0,308.0,41.0,85.0,6.0,1.0,0.0,16.0,20.0,5.0,23.0,39.0,0.276,0.328,0.302,0.63,75.0,0.306,76.0,93.0,3.0,1.0,6.0,0.0,1.0,647H/8,
Chad Kreuter#,30.0,SEA,AL,0.0,26.0,83.0,75.0,12.0,17.0,5.0,0.0,1.0,8.0,0.0,0.0,5.0,22.0,0.227,0.293,0.333,0.626,62.0,0.297,62.0,25.0,0.0,2.0,1.0,0.0,0.0,2/H,
Chan Ho Park,22.0,LAD,NL,0.0,2.0,1.0,1.0,0.0,0.0,0.0,0.0,0.0,0.0,0.0,0.0,0.0,1.0,0.0,0.0,0.0,0.0,-100.0,0.0,-125.0,0.0,0.0,0.0,0.0,0.0,0.0,/1,
Charles Johnson,23.0,FLA,NL,3.0,97.0,371.0,315.0,40.0,79.0,15.0,1.0,11.0,39.0,0.0,2.0,46.0,71.0,0.251,0.351,0.41,0.761,101.0,0.358,111.0,129.0,11.0,4.0,4.0,2.0,2.0,*2,"ROY-7,GG"
Charlie Hayes,30.0,PHI,NL,2.0,141.0,589.0,529.0,58.0,146.0,30.0,3.0,11.0,85.0,5.0,1.0,50.0,88.0,0.276,0.34,0.406,0.746,97.0,0.343,99.0,215.0,22.0,4.0,0.0,6.0,2.0,*5,MVP-16
Charlie O'Brien,35.0,ATL,NL,0.6,67.0,233.0,198.0,18.0,45.0,7.0,0.0,9.0,23.0,0.0,1.0,29.0,40.0,0.227,0.343,0.399,0.742,93.0,0.343,97.0,79.0,8.0,6.0,0.0,0.0,2.0,2/H,
Chili Davis#,35.0,CAL,AL,3.5,119.0,522.0,424.0,81.0,135.0,23.0,0.0,20.0,86.0,3.0,3.0,89.0,79.0,0.318,0.429,0.514,0.943,146.0,0.41,144.0,218.0,12.0,0.0,0.0,9.0,12.0,*D,
Chip Hale*,30.0,MIN,AL,-0.2,69.0,114.0,103.0,10.0,27.0,4.0,0.0,2.0,18.0,0.0,0.0,11.0,20.0,0.262,0.333,0.359,0.693,80.0,0.329,85.0,37.0,6.0,0.0,0.0,0.0,1.0,HD/453,
Chipper Jones#,23.0,ATL,NL,2.7,140.0,602.0,524.0,87.0,139.0,22.0,3.0,23.0,86.0,8.0,4.0,73.0,99.0,0.265,0.353,0.45,0.803,108.0,0.361,108.0,236.0,10.0,0.0,1.0,4.0,1.0,*57/9H,"MVP-18,ROY-2"
Chris Donnels*,29.0,2TM,2LG,0.1,59.0,134.0,121.0,17.0,32.0,2.0,2.0,2.0,13.0,0.0,0.0,12.0,24.0,0.264,0.328,0.364,0.692,81.0,0.307,70.0,44.0,2.0,0.0,0.0,1.0,2.0,5H/34,
Chris Donnels*,29.0,HOU,NL,-0.1,19.0,33.0,30.0,4.0,9.0,0.0,0.0,0.0,2.0,0.0,0.0,3.0,6.0,0.3,0.364,0.3,0.664,84.0,0.285,64.0,9.0,1.0,0.0,0.0,0.0,2.0,H/54,
Chris Donnels*,29.0,BOS,AL,0.3,40.0,101.0,91.0,13.0,23.0,2.0,2.0,2.0,11.0,0.0,0.0,9.0,18.0,0.253,0.317,0.385,0.701,80.0,0.313,72.0,35.0,1.0,0.0,0.0,1.0,0.0,5/3H4,
Chris Gomez,24.0,DET,AL,-0.9,123.0,482.0,431.0,49.0,96.0,20.0,2.0,11.0,50.0,4.0,1.0,41.0,96.0,0.223,0.292,0.355,0.647,68.0,0.3,65.0,153.0,13.0,3.0,3.0,4.0,0.0,*64/HD,
Chris Gwynn*,30.0,LAD,NL,-0.4,67.0,92.0,84.0,8.0,18.0,3.0,2.0,1.0,10.0,0.0,0.0,6.0,23.0,0.214,0.272,0.333,0.605,65.0,0.266,53.0,28.0,5.0,1.0,0.0,1.0,1.0,H7/93,
Chris Hammond*,29.0,FLA,NL,0.8,25.0,60.0,48.0,7.0,13.0,2.0,0.0,1.0,4.0,0.0,0.0,7.0,16.0,0.271,0.364,0.375,0.739,96.0,0.338,94.0,18.0,1.0,0.0,5.0,0.0,0.0,1,
Chris Hoiles,30.0,BAL,AL,3.3,114.0,426.0,352.0,53.0,88.0,15.0,1.0,19.0,58.0,1.0,0.0,67.0,80.0,0.25,0.373,0.46,0.833,114.0,0.373,114.0,162.0,11.0,4.0,0.0,3.0,3.0,*2/HD,
Chris Hook,26.0,SFG,NL,-0.1,45.0,3.0,3.0,0.0,0.0,0.0,0.0,0.0,0.0,0.0,0.0,0.0,2.0,0.0,0.0,0.0,0.0,-100.0,0.0,-140.0,0.0,0.0,0.0,0.0,0.0,0.0,1,
Chris James,32.0,2TM,AL,0.2,42.0,94.0,82.0,8.0,22.0,4.0,0.0,2.0,8.0,1.0,0.0,7.0,14.0,0.268,0.326,0.39,0.716,85.0,0.332,82.0,32.0,2.0,1.0,2.0,2.0,0.0,DH/79,
Chris James,32.0,KCR,AL,0.4,26.0,67.0,58.0,6.0,18.0,3.0,0.0,2.0,7.0,1.0,0.0,6.0,10.0,0.31,0.373,0.466,0.839,117.0,0.386,121.0,27.0,1.0,1.0,0.0,2.0,0.0,D/H7,
Chris James,32.0,BOS,AL,-0.1,16.0,27.0,24.0,2.0,4.0,1.0,0.0,0.0,1.0,0.0,0.0,1.0,4.0,0.167,0.2,0.208,0.408,6.0,0.189,-22.0,5.0,1.0,0.0,2.0,0.0,0.0,/HD79,
Chris Jones,29.0,NYM,NL,1.4,79.0,201.0,182.0,33.0,51.0,6.0,2.0,8.0,31.0,2.0,1.0,13.0,45.0,0.28,0.327,0.467,0.794,111.0,0.352,109.0,85.0,2.0,1.0,2.0,3.0,1.0,H97/3,
Chris Nabholz*,28.0,CHC,NL,0.0,34.0,1.0,1.0,0.0,0.0,0.0,0.0,0.0,0.0,0.0,0.0,0.0,0.0,0.0,0.0,0.0,0.0,-100.0,0.0,-133.0,0.0,0.0,0.0,0.0,0.0,0.0,1,
Chris Sabo,33.0,2TM,2LG,-0.6,25.0,94.0,84.0,10.0,20.0,6.0,0.0,1.0,11.0,3.0,0.0,4.0,14.0,0.238,0.283,0.345,0.628,66.0,0.283,52.0,29.0,1.0,2.0,2.0,2.0,1.0,D/H35,
Chris Sabo,33.0,CHW,AL,-0.3,20.0,80.0,71.0,10.0,18.0,5.0,0.0,1.0,8.0,2.0,0.0,3.0,12.0,0.254,0.295,0.366,0.661,74.0,0.294,60.0,26.0,0.0,2.0,2.0,2.0,1.0,D/H35,
Chris Sabo,33.0,STL,NL,-0.2,5.0,14.0,13.0,0.0,2.0,1.0,0.0,0.0,3.0,1.0,0.0,1.0,2.0,0.154,0.214,0.231,0.445,19.0,0.223,4.0,3.0,1.0,0.0,0.0,0.0,0.0,/3H5,
Chris Snopek,24.0,CHW,AL,0.7,22.0,77.0,68.0,12.0,22.0,4.0,0.0,1.0,7.0,1.0,0.0,9.0,12.0,0.324,0.403,0.426,0.829,121.0,0.392,131.0,29.0,2.0,0.0,0.0,0.0,0.0,5/6H,
Chris Stynes,22.0,KCR,AL,-0.2,22.0,39.0,35.0,7.0,6.0,1.0,0.0,0.0,2.0,0.0,0.0,4.0,3.0,0.171,0.256,0.2,0.456,21.0,0.224,13.0,7.0,3.0,0.0,0.0,0.0,0.0,4H/D,
Chris Tremie,25.0,CHW,AL,-0.3,10.0,26.0,24.0,0.0,4.0,0.0,0.0,0.0,0.0,0.0,0.0,1.0,2.0,0.167,0.2,0.167,0.367,-1.0,0.175,-21.0,4.0,0.0,0.0,1.0,0.0,0.0,/2DH,
Chris Turner,26.0,CAL,AL,-0.1,5.0,10.0,10.0,0.0,1.0,0.0,0.0,0.0,1.0,0.0,0.0,0.0,3.0,0.1,0.1,0.1,0.2,-47.0,0.184,-13.0,1.0,0.0,0.0,0.0,0.0,0.0,/2HD,
Chris Widger,24.0,SEA,AL,-0.2,23.0,49.0,45.0,2.0,9.0,0.0,0.0,1.0,2.0,0.0,0.0,3.0,11.0,0.2,0.245,0.267,0.512,33.0,0.233,19.0,12.0,0.0,0.0,0.0,1.0,0.0,2/H79D,
Chuck Carr#,27.0,FLA,NL,0.5,105.0,365.0,308.0,54.0,70.0,20.0,0.0,2.0,20.0,25.0,11.0,46.0,49.0,0.227,0.33,0.312,0.641,71.0,0.307,71.0,96.0,2.0,2.0,7.0,2.0,1.0,*8H,
Chuck Knoblauch,26.0,MIN,AL,6.7,136.0,629.0,538.0,107.0,179.0,34.0,8.0,11.0,63.0,46.0,18.0,78.0,95.0,0.333,0.424,0.487,0.911,136.0,0.421,146.0,262.0,15.0,10.0,0.0,3.0,3.0,*4/6,"MVP-17,SS"
Chuck McElroy*,27.0,CIN,NL,0.0,44.0,3.0,3.0,0.0,0.0,0.0,0.0,0.0,0.0,0.0,0.0,0.0,0.0,0.0,0.0,0.0,0.0,-100.0,0.0,-143.0,0.0,0.0,0.0,0.0,0.0,0.0,1,
Chuck Ricci,26.0,PHI,NL,0.0,7.0,0.0,0.0,0.0,0.0,0.0,0.0,0.0,0.0,0.0,0.0,0.0,0.0,,,,,,,,0.0,0.0,0.0,0.0,0.0,0.0,/1,
Cliff Floyd*,22.0,MON,NL,-1.0,29.0,77.0,69.0,6.0,9.0,1.0,0.0,1.0,8.0,3.0,0.0,7.0,22.0,0.13,0.221,0.188,0.409,8.0,0.209,-5.0,13.0,1.0,1.0,0.0,0.0,0.0,3/H789,
Cory Bailey,24.0,STL,NL,0.0,3.0,0.0,0.0,0.0,0.0,0.0,0.0,0.0,0.0,0.0,0.0,0.0,0.0,,,,,,,,0.0,0.0,0.0,0.0,0.0,0.0,/1,
Craig Biggio,29.0,HOU,NL,6.3,141.0,673.0,553.0,123.0,167.0,30.0,2.0,22.0,77.0,33.0,8.0,80.0,85.0,0.302,0.406,0.483,0.889,142.0,0.409,150.0,267.0,6.0,22.0,11.0,7.0,1.0,*4/H,"AS,MVP-10,GG,SS"
Craig Counsell*,24.0,COL,NL,0.0,3.0,2.0,1.0,0.0,0.0,0.0,0.0,0.0,0.0,0.0,0.0,1.0,0.0,0.0,0.5,0.0,0.5,34.0,0.358,87.0,0.0,0.0,0.0,0.0,0.0,0.0,/6H,
Craig Grebeck,30.0,CHW,AL,1.1,53.0,182.0,154.0,19.0,40.0,12.0,0.0,1.0,18.0,0.0,0.0,21.0,23.0,0.26,0.36,0.357,0.717,91.0,0.338,96.0,55.0,4.0,3.0,4.0,0.0,0.0,65/4H,
Craig McMurtry,35.0,HOU,NL,0.0,11.0,1.0,1.0,0.0,0.0,0.0,0.0,0.0,0.0,0.0,0.0,0.0,1.0,0.0,0.0,0.0,0.0,-100.0,0.0,-133.0,0.0,0.0,0.0,0.0,0.0,0.0,1,
Craig Paquette,26.0,OAK,AL,-0.7,105.0,304.0,283.0,42.0,64.0,13.0,1.0,13.0,49.0,5.0,2.0,12.0,88.0,0.226,0.256,0.417,0.673,79.0,0.298,73.0,118.0,5.0,1.0,3.0,5.0,0.0,57H/639,
Craig Shipley,32.0,HOU,NL,-0.6,92.0,245.0,232.0,23.0,61.0,8.0,1.0,3.0,24.0,6.0,1.0,8.0,28.0,0.263,0.291,0.345,0.636,73.0,0.294,69.0,80.0,13.0,2.0,1.0,2.0,3.0,5H6/43,
Craig Worthington,30.0,2TM,2LG,0.5,36.0,97.0,86.0,5.0,20.0,5.0,0.0,3.0,8.0,0.0,0.0,9.0,9.0,0.233,0.305,0.395,0.701,80.0,0.322,79.0,34.0,6.0,0.0,2.0,0.0,0.0,5/H3,
Craig Worthington,30.0,CIN,NL,0.2,10.0,20.0,18.0,1.0,5.0,1.0,0.0,1.0,2.0,0.0,0.0,2.0,1.0,0.278,0.35,0.5,0.85,123.0,0.372,120.0,9.0,0.0,0.0,0.0,0.0,0.0,/H35,
Craig Worthington,30.0,TEX,AL,0.3,26.0,77.0,68.0,4.0,15.0,4.0,0.0,2.0,6.0,0.0,0.0,7.0,8.0,0.221,0.293,0.368,0.661,69.0,0.309,68.0,25.0,6.0,0.0,2.0,0.0,0.0,5,
Curt Leskanic,27.0,COL,NL,-0.1,76.0,9.0,7.0,1.0,1.0,0.0,0.0,0.0,0.0,0.0,0.0,0.0,1.0,0.143,0.143,0.143,0.286,-31.0,0.129,-124.0,1.0,1.0,0.0,2.0,0.0,0.0,1,
Curt Schilling,28.0,PHI,NL,0.1,17.0,45.0,40.0,3.0,7.0,2.0,0.0,0.0,3.0,0.0,0.0,0.0,15.0,0.175,0.175,0.225,0.4,5.0,0.199,-15.0,9.0,1.0,0.0,5.0,0.0,0.0,1,
Curt Schmidt,25.0,MON,NL,0.0,11.0,0.0,0.0,0.0,0.0,0.0,0.0,0.0,0.0,0.0,0.0,0.0,0.0,,,,,,,,0.0,0.0,0.0,0.0,0.0,0.0,1,
Curtis Goodwin*,22.0,BAL,AL,0.5,87.0,316.0,289.0,40.0,76.0,11.0,3.0,1.0,24.0,22.0,4.0,15.0,53.0,0.263,0.301,0.332,0.633,64.0,0.299,55.0,96.0,5.0,2.0,7.0,3.0,0.0,8/HD,
Curtis Pride*,26.0,MON,NL,-0.9,48.0,69.0,63.0,10.0,11.0,1.0,0.0,0.0,2.0,3.0,2.0,5.0,16.0,0.175,0.235,0.19,0.426,13.0,0.2,-4.0,12.0,2.0,0.0,1.0,0.0,0.0,H7/8,
César Devarez,25.0,BAL,AL,-0.2,6.0,5.0,4.0,0.0,0.0,0.0,0.0,0.0,0.0,0.0,0.0,0.0,0.0,0.0,0.0,0.0,0.0,-100.0,0.0,-200.0,0.0,0.0,0.0,1.0,0.0,0.0,/2H,
Damion Easley,25.0,CAL,AL,-0.1,114.0,405.0,357.0,35.0,77.0,14.0,2.0,4.0,35.0,5.0,2.0,32.0,47.0,0.216,0.288,0.3,0.588,55.0,0.28,52.0,107.0,11.0,6.0,6.0,4.0,1.0,46/H,
Damon Berryhill#,31.0,CIN,NL,-0.6,34.0,97.0,82.0,6.0,15.0,3.0,0.0,2.0,11.0,0.0,0.0,10.0,19.0,0.183,0.26,0.293,0.553,47.0,0.241,24.0,24.0,3.0,0.0,1.0,4.0,2.0,2/H3,
Damon Buford,25.0,2TM,2LG,-0.2,68.0,204.0,168.0,30.0,34.0,5.0,0.0,4.0,14.0,10.0,8.0,25.0,35.0,0.202,0.318,0.304,0.622,67.0,0.288,65.0,51.0,3.0,5.0,3.0,3.0,0.0,87/9H,
Damon Buford,25.0,BAL,AL,-0.3,24.0,42.0,32.0,6.0,2.0,0.0,0.0,0.0,2.0,3.0,1.0,6.0,7.0,0.063,0.205,0.063,0.268,-26.0,0.163,-43.0,2.0,0.0,0.0,3.0,1.0,0.0,8/9H,
Damon Buford,25.0,NYM,NL,0.1,44.0,162.0,136.0,24.0,32.0,5.0,0.0,4.0,12.0,7.0,7.0,19.0,28.0,0.235,0.346,0.36,0.706,90.0,0.318,93.0,49.0,3.0,5.0,0.0,2.0,0.0,78/H,
Dan Masteller*,27.0,MIN,AL,-0.9,71.0,219.0,198.0,21.0,47.0,12.0,0.0,3.0,21.0,1.0,2.0,18.0,19.0,0.237,0.303,0.343,0.646,68.0,0.29,60.0,68.0,7.0,1.0,1.0,1.0,0.0,3H9/D7,
Dan Miceli,24.0,PIT,NL,0.0,58.0,1.0,1.0,0.0,0.0,0.0,0.0,0.0,0.0,0.0,0.0,0.0,1.0,0.0,0.0,0.0,0.0,-100.0,0.0,-142.0,0.0,0.0,0.0,0.0,0.0,0.0,1,
Dan Plesac*,33.0,PIT,NL,0.0,58.0,4.0,4.0,0.0,1.0,0.0,0.0,0.0,0.0,0.0,0.0,0.0,3.0,0.25,0.25,0.25,0.5,32.0,0.226,15.0,1.0,0.0,0.0,0.0,0.0,0.0,1,
Dan Wilson,26.0,SEA,AL,2.4,119.0,440.0,399.0,40.0,111.0,22.0,3.0,9.0,51.0,2.0,1.0,33.0,63.0,0.278,0.336,0.416,0.752,94.0,0.343,94.0,166.0,12.0,2.0,5.0,1.0,1.0,*2/H,
Danny Bautista,23.0,DET,AL,-0.7,89.0,289.0,271.0,28.0,55.0,9.0,0.0,7.0,27.0,4.0,1.0,12.0,68.0,0.203,0.237,0.314,0.55,42.0,0.25,29.0,85.0,6.0,0.0,6.0,0.0,0.0,9/H7D,
Danny Jackson,33.0,STL,NL,0.1,19.0,36.0,31.0,1.0,5.0,2.0,0.0,0.0,2.0,0.0,0.0,1.0,16.0,0.161,0.188,0.226,0.413,10.0,0.215,-2.0,7.0,0.0,0.0,4.0,0.0,0.0,1,
Danny Sheaffer,33.0,STL,NL,-0.2,76.0,232.0,208.0,24.0,48.0,10.0,1.0,5.0,30.0,0.0,0.0,23.0,38.0,0.231,0.306,0.361,0.667,77.0,0.305,73.0,75.0,8.0,0.0,0.0,1.0,2.0,2/H35,
Danny Tartabull,32.0,2TM,AL,-0.7,83.0,328.0,280.0,34.0,66.0,16.0,0.0,8.0,35.0,0.0,2.0,43.0,82.0,0.236,0.335,0.379,0.714,89.0,0.325,89.0,106.0,9.0,1.0,0.0,4.0,1.0,D9/H,
Danny Tartabull,32.0,NYY,AL,-0.6,59.0,230.0,192.0,25.0,43.0,12.0,0.0,6.0,28.0,0.0,0.0,33.0,54.0,0.224,0.335,0.38,0.715,87.0,0.33,87.0,73.0,6.0,1.0,0.0,4.0,1.0,D9/H,
Danny Tartabull,32.0,OAK,AL,-0.1,24.0,98.0,88.0,9.0,23.0,4.0,0.0,2.0,7.0,0.0,2.0,10.0,28.0,0.261,0.337,0.375,0.712,93.0,0.313,92.0,33.0,3.0,0.0,0.0,0.0,0.0,D/9H,
Dante Bichette,31.0,COL,NL,1.2,139.0,612.0,579.0,102.0,197.0,38.0,2.0,40.0,128.0,13.0,9.0,22.0,96.0,0.34,0.364,0.62,0.984,130.0,0.422,135.0,359.0,16.0,4.0,0.0,7.0,5.0,*79/H,"AS,MVP-2,SS"
Darnell Coles,33.0,STL,NL,-0.4,63.0,158.0,138.0,13.0,31.0,7.0,0.0,3.0,16.0,0.0,0.0,16.0,20.0,0.225,0.316,0.341,0.657,75.0,0.304,73.0,47.0,1.0,3.0,0.0,1.0,1.0,H53/7,
Darrell May*,23.0,ATL,NL,0.0,2.0,0.0,0.0,0.0,0.0,0.0,0.0,0.0,0.0,0.0,0.0,0.0,0.0,,,,,,,,0.0,0.0,0.0,0.0,0.0,0.0,/1,
Darrell Whitmore*,26.0,FLA,NL,-0.4,27.0,65.0,58.0,6.0,11.0,2.0,0.0,1.0,2.0,0.0,0.0,5.0,15.0,0.19,0.25,0.276,0.526,39.0,0.254,34.0,16.0,1.0,0.0,1.0,1.0,0.0,8H/9,
Darren Bragg*,25.0,SEA,AL,0.9,52.0,170.0,145.0,20.0,34.0,5.0,1.0,3.0,12.0,9.0,0.0,18.0,37.0,0.234,0.331,0.345,0.676,76.0,0.333,78.0,50.0,2.0,4.0,1.0,2.0,1.0,79/HD8,
Darren Daulton*,33.0,PHI,NL,2.0,98.0,404.0,342.0,44.0,85.0,19.0,3.0,9.0,55.0,3.0,0.0,55.0,52.0,0.249,0.359,0.401,0.759,102.0,0.355,107.0,137.0,4.0,5.0,0.0,2.0,2.0,2/H,AS
Darren Holmes,29.0,COL,NL,-0.1,68.0,4.0,1.0,0.0,0.0,0.0,0.0,0.0,0.0,0.0,0.0,0.0,0.0,0.0,0.0,0.0,0.0,-100.0,0.0,-942.0,0.0,0.0,0.0,3.0,0.0,0.0,1,
Darren Lewis,27.0,2TM,NL,1.2,132.0,527.0,472.0,66.0,118.0,13.0,3.0,1.0,24.0,32.0,18.0,34.0,57.0,0.25,0.311,0.297,0.607,64.0,0.294,69.0,140.0,9.0,8.0,12.0,1.0,0.0,*8/H,
Darren Lewis,27.0,SFG,NL,0.7,74.0,340.0,309.0,47.0,78.0,10.0,3.0,1.0,16.0,21.0,7.0,17.0,37.0,0.252,0.303,0.314,0.617,67.0,0.303,72.0,97.0,6.0,6.0,7.0,1.0,0.0,8/H,
Darren Lewis,27.0,CIN,NL,0.5,58.0,187.0,163.0,19.0,40.0,3.0,0.0,0.0,8.0,11.0,11.0,17.0,20.0,0.245,0.324,0.264,0.588,59.0,0.278,64.0,43.0,3.0,2.0,5.0,0.0,0.0,8/H,
Darren Oliver,24.0,TEX,AL,0.0,1.0,0.0,0.0,0.0,0.0,0.0,0.0,0.0,0.0,0.0,0.0,0.0,0.0,,,,,,,,0.0,0.0,0.0,0.0,0.0,0.0,1,
Darrin Fletcher*,28.0,MON,NL,2.0,110.0,389.0,350.0,42.0,100.0,21.0,1.0,11.0,45.0,0.0,1.0,32.0,23.0,0.286,0.351,0.446,0.796,106.0,0.365,112.0,156.0,15.0,4.0,1.0,2.0,1.0,*2H,
Darryl Hamilton*,30.0,MIL,AL,1.1,112.0,459.0,398.0,54.0,108.0,20.0,6.0,5.0,44.0,11.0,1.0,47.0,35.0,0.271,0.35,0.389,0.74,89.0,0.347,90.0,155.0,9.0,3.0,8.0,3.0,3.0,*8H/D,
Darryl Kile,26.0,HOU,NL,0.0,25.0,45.0,36.0,1.0,4.0,1.0,0.0,0.0,6.0,0.0,0.0,4.0,20.0,0.111,0.2,0.139,0.339,-5.0,0.171,-29.0,5.0,1.0,0.0,5.0,0.0,0.0,1,
Darryl Strawberry*,33.0,NYY,AL,0.6,32.0,99.0,87.0,15.0,24.0,4.0,1.0,3.0,13.0,0.0,0.0,10.0,22.0,0.276,0.364,0.448,0.812,112.0,0.378,120.0,39.0,0.0,2.0,0.0,0.0,1.0,D9/H7,
Dave Burba,28.0,2TM,NL,0.0,52.0,22.0,15.0,2.0,1.0,0.0,0.0,0.0,0.0,0.0,0.0,3.0,9.0,0.067,0.222,0.067,0.289,-18.0,0.169,-51.0,1.0,0.0,0.0,4.0,0.0,0.0,1,
Dave Burba,28.0,SFG,NL,0.0,37.0,0.0,0.0,0.0,0.0,0.0,0.0,0.0,0.0,0.0,0.0,0.0,0.0,,,,,,,,0.0,0.0,0.0,0.0,0.0,0.0,1,
Dave Burba,28.0,CIN,NL,0.0,15.0,22.0,15.0,2.0,1.0,0.0,0.0,0.0,0.0,0.0,0.0,3.0,9.0,0.067,0.222,0.067,0.289,-18.0,0.169,-51.0,1.0,0.0,0.0,4.0,0.0,0.0,1,
Dave Clark*,32.0,PIT,NL,-0.2,77.0,223.0,196.0,30.0,55.0,6.0,0.0,4.0,24.0,3.0,3.0,24.0,38.0,0.281,0.359,0.372,0.731,93.0,0.34,98.0,73.0,9.0,1.0,0.0,2.0,1.0,7H9,
Dave Gallagher,34.0,2TM,2LG,0.4,73.0,194.0,173.0,13.0,53.0,13.0,0.0,1.0,12.0,0.0,0.0,18.0,21.0,0.306,0.37,0.399,0.769,104.0,0.352,105.0,69.0,5.0,0.0,2.0,1.0,0.0,98H7/D,
Dave Gallagher,34.0,PHI,NL,0.5,62.0,176.0,157.0,12.0,50.0,12.0,0.0,1.0,12.0,0.0,0.0,16.0,20.0,0.318,0.379,0.414,0.793,111.0,0.362,113.0,65.0,5.0,0.0,2.0,1.0,0.0,98H/7,
Dave Gallagher,34.0,CAL,AL,-0.2,11.0,18.0,16.0,1.0,3.0,1.0,0.0,0.0,0.0,0.0,0.0,2.0,1.0,0.188,0.278,0.25,0.528,40.0,0.252,34.0,4.0,0.0,0.0,0.0,0.0,0.0,/H879D,
Dave Hajek,27.0,HOU,NL,0.0,5.0,5.0,2.0,0.0,0.0,0.0,0.0,0.0,0.0,1.0,0.0,1.0,1.0,0.0,0.333,0.0,0.333,1.0,0.32,-11.0,0.0,0.0,0.0,2.0,0.0,0.0,/H,
Dave Hansen*,26.0,LAD,NL,0.4,100.0,211.0,181.0,19.0,52.0,10.0,0.0,1.0,14.0,0.0,0.0,28.0,28.0,0.287,0.384,0.359,0.743,106.0,0.336,103.0,65.0,4.0,1.0,0.0,1.0,4.0,5H,
Dave Hollins#,29.0,2TM,2LG,1.7,70.0,284.0,218.0,48.0,49.0,12.0,2.0,7.0,26.0,1.0,1.0,57.0,45.0,0.225,0.391,0.394,0.785,109.0,0.361,112.0,86.0,4.0,5.0,0.0,4.0,4.0,3/HD9,
Dave Hollins#,29.0,PHI,NL,1.6,65.0,267.0,205.0,46.0,47.0,12.0,2.0,7.0,25.0,1.0,1.0,53.0,38.0,0.229,0.393,0.41,0.803,114.0,0.367,117.0,84.0,4.0,5.0,0.0,4.0,4.0,3/H,
Dave Hollins#,29.0,BOS,AL,0.0,5.0,17.0,13.0,2.0,2.0,0.0,0.0,0.0,1.0,0.0,0.0,4.0,7.0,0.154,0.353,0.154,0.507,37.0,0.279,48.0,2.0,0.0,0.0,0.0,0.0,0.0,/D9H,
Dave Leiper*,33.0,MON,NL,0.0,26.0,1.0,1.0,0.0,0.0,0.0,0.0,0.0,0.0,0.0,0.0,0.0,0.0,0.0,0.0,0.0,0.0,-100.0,0.0,-142.0,0.0,0.0,0.0,0.0,0.0,0.0,1,
Dave Magadan*,32.0,HOU,NL,1.4,127.0,422.0,348.0,44.0,109.0,24.0,0.0,2.0,51.0,2.0,1.0,71.0,56.0,0.313,0.428,0.399,0.827,128.0,0.375,131.0,139.0,9.0,0.0,1.0,2.0,9.0,*5H3,
Dave Martinez*,30.0,CHW,AL,2.2,118.0,349.0,303.0,49.0,93.0,16.0,4.0,5.0,37.0,8.0,2.0,32.0,41.0,0.307,0.371,0.436,0.806,113.0,0.379,123.0,132.0,6.0,1.0,9.0,4.0,2.0,397H/8D1,
Dave McCarty,25.0,2TM,2LG,-0.2,37.0,83.0,75.0,11.0,17.0,4.0,1.0,0.0,6.0,1.0,1.0,6.0,22.0,0.227,0.289,0.307,0.596,57.0,0.302,71.0,23.0,1.0,1.0,0.0,1.0,0.0,3H/97,
Dave McCarty,25.0,MIN,AL,-0.2,25.0,61.0,55.0,10.0,12.0,3.0,1.0,0.0,4.0,0.0,1.0,4.0,18.0,0.218,0.279,0.309,0.588,53.0,0.304,74.0,17.0,1.0,1.0,0.0,1.0,0.0,3/H97,
Dave McCarty,25.0,SFG,NL,0.0,12.0,22.0,20.0,1.0,5.0,1.0,0.0,0.0,2.0,1.0,0.0,2.0,4.0,0.25,0.318,0.3,0.618,68.0,0.298,64.0,6.0,0.0,0.0,0.0,0.0,0.0,/H93,
Dave Mlicki,27.0,NYM,NL,0.0,29.0,59.0,39.0,2.0,2.0,0.0,0.0,0.0,2.0,0.0,0.0,8.0,12.0,0.051,0.213,0.051,0.264,-24.0,0.18,-42.0,2.0,0.0,0.0,12.0,0.0,0.0,1,
Dave Nilsson*,25.0,MIL,AL,0.6,81.0,294.0,263.0,41.0,73.0,12.0,1.0,12.0,53.0,2.0,0.0,24.0,41.0,0.278,0.337,0.468,0.804,103.0,0.347,92.0,123.0,9.0,2.0,0.0,5.0,4.0,97HD/32,
Dave Silvestri,27.0,2TM,2LG,0.2,56.0,110.0,93.0,16.0,21.0,6.0,0.0,3.0,11.0,2.0,0.0,13.0,36.0,0.226,0.321,0.387,0.708,84.0,0.322,77.0,36.0,3.0,1.0,1.0,2.0,0.0,H46/35D7,
Dave Silvestri,27.0,NYY,AL,-0.1,17.0,27.0,21.0,4.0,2.0,0.0,0.0,1.0,4.0,0.0,0.0,4.0,9.0,0.095,0.259,0.238,0.497,32.0,0.243,28.0,5.0,1.0,1.0,0.0,1.0,0.0,/43DH6,
Dave Silvestri,27.0,MON,NL,0.3,39.0,83.0,72.0,12.0,19.0,6.0,0.0,2.0,7.0,2.0,0.0,9.0,27.0,0.264,0.341,0.431,0.772,100.0,0.348,94.0,31.0,2.0,0.0,1.0,1.0,0.0,H/65347,
Dave Stevens,25.0,MIN,AL,0.0,1.0,0.0,0.0,0.0,0.0,0.0,0.0,0.0,0.0,0.0,0.0,0.0,0.0,,,,,,,,0.0,0.0,0.0,0.0,0.0,0.0,1,
Dave Swartzbaugh,27.0,CHC,NL,0.0,7.0,0.0,0.0,0.0,0.0,0.0,0.0,0.0,0.0,0.0,0.0,0.0,0.0,,,,,,,,0.0,0.0,0.0,0.0,0.0,0.0,/1,
Dave Telgheder,28.0,NYM,NL,0.1,7.0,7.0,6.0,1.0,2.0,0.0,0.0,0.0,1.0,0.0,0.0,0.0,3.0,0.333,0.333,0.333,0.667,80.0,0.301,69.0,2.0,0.0,0.0,1.0,0.0,0.0,/1,
Dave Valle,34.0,TEX,AL,-0.2,36.0,83.0,75.0,7.0,18.0,3.0,0.0,0.0,5.0,1.0,0.0,6.0,18.0,0.24,0.305,0.28,0.585,52.0,0.278,45.0,21.0,2.0,1.0,1.0,0.0,0.0,2/3H,
Dave Veres,28.0,HOU,NL,-0.1,72.0,6.0,5.0,0.0,0.0,0.0,0.0,0.0,0.0,0.0,0.0,0.0,4.0,0.0,0.0,0.0,0.0,-100.0,0.0,-184.0,0.0,0.0,0.0,1.0,0.0,0.0,1,
Dave Winfield,43.0,CLE,AL,-1.0,46.0,130.0,115.0,11.0,22.0,5.0,0.0,2.0,4.0,1.0,0.0,14.0,26.0,0.191,0.285,0.287,0.572,49.0,0.263,37.0,33.0,5.0,1.0,0.0,0.0,2.0,DH,
David Bell,22.0,2TM,2LG,-0.2,41.0,153.0,146.0,13.0,36.0,7.0,2.0,2.0,19.0,1.0,2.0,4.0,25.0,0.247,0.275,0.363,0.638,68.0,0.294,69.0,53.0,0.0,2.0,0.0,1.0,0.0,4/5H,
David Bell,22.0,CLE,AL,0.0,2.0,2.0,2.0,0.0,0.0,0.0,0.0,0.0,0.0,0.0,0.0,0.0,0.0,0.0,0.0,0.0,0.0,-100.0,0.0,-144.0,0.0,0.0,0.0,0.0,0.0,0.0,/5H,
David Bell,22.0,STL,NL,-0.2,39.0,151.0,144.0,13.0,36.0,7.0,2.0,2.0,19.0,1.0,2.0,4.0,25.0,0.25,0.278,0.368,0.646,71.0,0.298,72.0,53.0,0.0,2.0,0.0,1.0,0.0,4/5H,
David Howard#,28.0,KCR,AL,1.1,95.0,287.0,255.0,23.0,62.0,13.0,4.0,0.0,19.0,6.0,1.0,24.0,41.0,0.243,0.31,0.325,0.635,66.0,0.303,64.0,83.0,7.0,1.0,6.0,1.0,1.0,4687H/93D,
David Hulse*,27.0,MIL,AL,-1.0,119.0,364.0,339.0,46.0,85.0,11.0,6.0,3.0,47.0,15.0,3.0,18.0,60.0,0.251,0.285,0.345,0.63,60.0,0.288,49.0,117.0,3.0,0.0,2.0,5.0,2.0,*78H9,
David Justice*,29.0,ATL,NL,3.8,120.0,491.0,411.0,73.0,104.0,17.0,2.0,24.0,78.0,4.0,2.0,73.0,68.0,0.253,0.365,0.479,0.844,118.0,0.379,121.0,197.0,5.0,2.0,0.0,5.0,5.0,*9,
David Nied,26.0,COL,NL,0.0,2.0,0.0,0.0,0.0,0.0,0.0,0.0,0.0,0.0,0.0,0.0,0.0,0.0,,,,,,,,0.0,0.0,0.0,0.0,0.0,0.0,/1,
David Segui#,28.0,2TM,NL,1.4,130.0,511.0,456.0,68.0,141.0,25.0,4.0,12.0,68.0,2.0,7.0,40.0,47.0,0.309,0.367,0.461,0.827,115.0,0.369,120.0,210.0,10.0,3.0,8.0,3.0,5.0,*37H,
David Segui#,28.0,NYM,NL,0.2,33.0,92.0,73.0,9.0,24.0,3.0,1.0,2.0,11.0,1.0,3.0,12.0,9.0,0.329,0.42,0.479,0.9,142.0,0.39,149.0,35.0,2.0,1.0,4.0,2.0,1.0,7/H3,
David Segui#,28.0,MON,NL,1.2,97.0,419.0,383.0,59.0,117.0,22.0,3.0,10.0,57.0,1.0,4.0,28.0,38.0,0.305,0.355,0.457,0.812,110.0,0.364,114.0,175.0,8.0,2.0,4.0,1.0,4.0,*3/7H,
David Weathers,25.0,FLA,NL,-0.1,28.0,31.0,26.0,1.0,4.0,0.0,0.0,0.0,1.0,0.0,0.0,0.0,17.0,0.154,0.154,0.154,0.308,-18.0,0.139,-74.0,4.0,0.0,0.0,5.0,0.0,0.0,1,
David Wells*,32.0,CIN,NL,-0.2,11.0,29.0,28.0,2.0,4.0,0.0,0.0,0.0,0.0,0.0,0.0,0.0,5.0,0.143,0.143,0.143,0.286,-24.0,0.129,-58.0,4.0,0.0,0.0,1.0,0.0,0.0,1,AS
David West*,30.0,PHI,NL,0.1,8.0,15.0,8.0,1.0,1.0,0.0,0.0,1.0,3.0,0.0,0.0,1.0,4.0,0.125,0.222,0.5,0.722,85.0,0.305,54.0,4.0,1.0,0.0,6.0,0.0,0.0,/1,
Dean Hartgraves,28.0,HOU,NL,0.0,40.0,3.0,2.0,0.0,0.0,0.0,0.0,0.0,0.0,0.0,0.0,0.0,1.0,0.0,0.0,0.0,0.0,-100.0,0.0,-261.0,0.0,0.0,0.0,1.0,0.0,0.0,1,
Dean Palmer,26.0,TEX,AL,2.1,36.0,145.0,119.0,30.0,40.0,6.0,0.0,9.0,24.0,1.0,1.0,21.0,21.0,0.336,0.448,0.613,1.062,171.0,0.46,175.0,73.0,2.0,4.0,0.0,1.0,1.0,5/H,
Deion Sanders*,27.0,2TM,NL,1.4,85.0,379.0,343.0,48.0,92.0,11.0,8.0,6.0,28.0,24.0,9.0,27.0,60.0,0.268,0.327,0.399,0.727,94.0,0.339,97.0,137.0,1.0,4.0,3.0,2.0,0.0,8/H,
Deion Sanders*,27.0,CIN,NL,-0.1,33.0,144.0,129.0,19.0,31.0,2.0,3.0,1.0,10.0,16.0,3.0,9.0,18.0,0.24,0.296,0.326,0.621,65.0,0.31,64.0,42.0,0.0,2.0,2.0,2.0,0.0,8/H,
Deion Sanders*,27.0,SFG,NL,1.4,52.0,235.0,214.0,29.0,61.0,9.0,5.0,5.0,18.0,8.0,6.0,18.0,42.0,0.285,0.346,0.444,0.79,112.0,0.356,117.0,95.0,1.0,2.0,1.0,0.0,0.0,8,
Delino DeShields*,26.0,LAD,NL,3.0,127.0,493.0,425.0,66.0,109.0,18.0,3.0,8.0,37.0,39.0,14.0,63.0,83.0,0.256,0.353,0.369,0.722,99.0,0.334,98.0,157.0,6.0,1.0,3.0,1.0,4.0,*4H,
Dennis Eckersley,40.0,OAK,AL,0.0,4.0,0.0,0.0,0.0,0.0,0.0,0.0,0.0,0.0,0.0,0.0,0.0,0.0,,,,,,,,0.0,0.0,0.0,0.0,0.0,0.0,1,
Dennis Konuszewski,24.0,PIT,NL,0.0,1.0,0.0,0.0,0.0,0.0,0.0,0.0,0.0,0.0,0.0,0.0,0.0,0.0,,,,,,,,0.0,0.0,0.0,0.0,0.0,0.0,/1,
Dennis Springer,30.0,PHI,NL,-0.1,4.0,8.0,8.0,0.0,1.0,0.0,0.0,0.0,0.0,0.0,0.0,0.0,3.0,0.125,0.125,0.125,0.25,-33.0,0.113,-63.0,1.0,0.0,0.0,0.0,0.0,0.0,/1,
Denny Hocking#,25.0,MIN,AL,0.2,9.0,28.0,25.0,4.0,5.0,0.0,2.0,0.0,3.0,1.0,0.0,2.0,2.0,0.2,0.259,0.36,0.619,59.0,0.263,28.0,9.0,1.0,0.0,1.0,0.0,1.0,/6H,
Denny Neagle*,26.0,PIT,NL,-0.2,32.0,83.0,74.0,5.0,9.0,3.0,0.0,1.0,8.0,0.0,0.0,4.0,26.0,0.122,0.167,0.203,0.369,-3.0,0.169,-34.0,15.0,0.0,0.0,5.0,0.0,0.0,1/H,AS
Derek Bell,26.0,HOU,NL,2.0,112.0,499.0,452.0,63.0,151.0,21.0,2.0,8.0,86.0,27.0,9.0,33.0,71.0,0.334,0.385,0.442,0.827,126.0,0.388,136.0,200.0,10.0,8.0,0.0,6.0,2.0,*98/H,MVP-14
Derek Jeter,21.0,NYY,AL,-0.3,15.0,51.0,48.0,5.0,12.0,4.0,1.0,0.0,7.0,0.0,0.0,3.0,11.0,0.25,0.294,0.375,0.669,74.0,0.297,65.0,18.0,0.0,0.0,0.0,0.0,0.0,6,
Derrick May*,26.0,2TM,2LG,1.4,110.0,348.0,319.0,44.0,90.0,18.0,2.0,9.0,50.0,5.0,1.0,24.0,42.0,0.282,0.333,0.436,0.769,104.0,0.349,103.0,139.0,5.0,2.0,0.0,3.0,0.0,7H9/3,
Derrick May*,26.0,MIL,AL,-0.5,32.0,119.0,113.0,15.0,28.0,3.0,1.0,1.0,9.0,0.0,1.0,5.0,18.0,0.248,0.286,0.319,0.604,54.0,0.278,49.0,36.0,1.0,1.0,0.0,0.0,0.0,7/H,
Derrick May*,26.0,HOU,NL,1.9,78.0,229.0,206.0,29.0,62.0,15.0,1.0,8.0,41.0,5.0,0.0,19.0,24.0,0.301,0.358,0.5,0.858,132.0,0.387,134.0,103.0,4.0,1.0,0.0,3.0,0.0,7H9/3,
Derrick White,25.0,DET,AL,-1.4,39.0,48.0,48.0,3.0,9.0,2.0,0.0,0.0,2.0,1.0,0.0,0.0,7.0,0.188,0.188,0.229,0.417,8.0,0.19,-13.0,11.0,1.0,0.0,0.0,0.0,0.0,H3D/97,
Devon White#,32.0,TOR,AL,1.1,101.0,465.0,427.0,61.0,121.0,23.0,5.0,10.0,53.0,11.0,2.0,29.0,97.0,0.283,0.334,0.431,0.765,99.0,0.343,94.0,184.0,5.0,5.0,1.0,3.0,1.0,*8/H,GG
Dick Schofield,32.0,2TM,2LG,0.2,21.0,37.0,30.0,1.0,6.0,0.0,0.0,0.0,2.0,0.0,0.0,5.0,5.0,0.2,0.314,0.2,0.514,41.0,0.286,62.0,6.0,1.0,0.0,2.0,0.0,0.0,6/H5,
Dick Schofield,32.0,LAD,NL,-0.1,9.0,11.0,10.0,0.0,1.0,0.0,0.0,0.0,0.0,0.0,0.0,1.0,3.0,0.1,0.182,0.1,0.282,-20.0,0.147,-30.0,1.0,0.0,0.0,0.0,0.0,0.0,/H65,
Dick Schofield,32.0,CAL,AL,0.3,12.0,26.0,20.0,1.0,5.0,0.0,0.0,0.0,2.0,0.0,0.0,4.0,2.0,0.25,0.375,0.25,0.625,68.0,0.35,101.0,5.0,1.0,0.0,2.0,0.0,0.0,6,
Dion James*,32.0,NYY,AL,-0.2,85.0,231.0,209.0,22.0,60.0,6.0,1.0,2.0,26.0,4.0,1.0,20.0,16.0,0.287,0.346,0.354,0.7,84.0,0.327,84.0,74.0,5.0,0.0,0.0,2.0,2.0,HD7/39,
Domingo Cedeño#,26.0,TOR,AL,0.0,51.0,174.0,161.0,18.0,38.0,6.0,1.0,4.0,14.0,0.0,1.0,10.0,35.0,0.236,0.289,0.36,0.649,69.0,0.288,60.0,58.0,3.0,2.0,1.0,0.0,0.0,64/H5,
Don Florence,28.0,NYM,NL,0.0,14.0,1.0,1.0,0.0,0.0,0.0,0.0,0.0,0.0,0.0,0.0,0.0,1.0,0.0,0.0,0.0,0.0,-100.0,0.0,-133.0,0.0,0.0,0.0,0.0,0.0,0.0,1,
Don Mattingly*,34.0,NYY,AL,-0.2,128.0,507.0,458.0,59.0,132.0,32.0,2.0,7.0,49.0,0.0,2.0,40.0,35.0,0.288,0.341,0.413,0.754,97.0,0.335,92.0,189.0,17.0,1.0,0.0,8.0,7.0,*3/HD,
Don Slaught,36.0,PIT,NL,0.2,35.0,123.0,112.0,13.0,34.0,6.0,0.0,0.0,13.0,0.0,0.0,9.0,8.0,0.304,0.361,0.357,0.718,90.0,0.353,104.0,40.0,5.0,1.0,1.0,0.0,2.0,2/H,
Donne Wall,27.0,HOU,NL,-0.1,6.0,8.0,5.0,0.0,0.0,0.0,0.0,0.0,0.0,0.0,0.0,0.0,2.0,0.0,0.0,0.0,0.0,-100.0,0.0,-279.0,0.0,0.0,0.0,3.0,0.0,0.0,/1,
Donnie Elliott,26.0,SDP,NL,0.0,1.0,0.0,0.0,0.0,0.0,0.0,0.0,0.0,0.0,0.0,0.0,0.0,0.0,,,,,,,,0.0,0.0,0.0,0.0,0.0,0.0,/1,
Donovan Osborne#,26.0,STL,NL,0.2,19.0,38.0,31.0,1.0,5.0,3.0,0.0,0.0,4.0,0.0,0.0,3.0,15.0,0.161,0.257,0.258,0.515,38.0,0.243,23.0,8.0,0.0,1.0,3.0,0.0,0.0,1,
Doug Bochtler,24.0,SDP,NL,0.0,34.0,2.0,2.0,0.0,0.0,0.0,0.0,0.0,0.0,0.0,0.0,0.0,0.0,0.0,0.0,0.0,0.0,-100.0,0.0,-143.0,0.0,0.0,0.0,0.0,0.0,0.0,1,
Doug Brady#,25.0,CHW,AL,0.2,12.0,23.0,21.0,4.0,4.0,1.0,0.0,0.0,3.0,0.0,1.0,2.0,4.0,0.19,0.261,0.238,0.499,34.0,0.254,54.0,5.0,1.0,0.0,0.0,0.0,0.0,/4HD,
Doug Brocail*,28.0,HOU,NL,0.2,37.0,20.0,16.0,3.0,4.0,0.0,1.0,0.0,1.0,0.0,0.0,0.0,5.0,0.25,0.25,0.375,0.625,68.0,0.269,43.0,6.0,0.0,0.0,4.0,0.0,0.0,1/H,
Doug Creek*,26.0,STL,NL,0.0,6.0,0.0,0.0,0.0,0.0,0.0,0.0,0.0,0.0,0.0,0.0,0.0,0.0,,,,,,,,0.0,0.0,0.0,0.0,0.0,0.0,/1,
Doug Drabek,32.0,HOU,NL,0.5,33.0,70.0,60.0,4.0,14.0,3.0,0.0,0.0,8.0,0.0,0.0,2.0,17.0,0.233,0.258,0.283,0.541,48.0,0.259,41.0,17.0,0.0,0.0,8.0,0.0,0.0,1/H,
Doug Henry,31.0,NYM,NL,0.1,51.0,2.0,1.0,1.0,1.0,0.0,0.0,0.0,0.0,0.0,0.0,0.0,0.0,1.0,1.0,1.0,2.0,440.0,0.903,875.0,1.0,0.0,0.0,1.0,0.0,0.0,1,
Doug Strange#,31.0,SEA,AL,0.7,74.0,169.0,155.0,19.0,42.0,9.0,2.0,2.0,21.0,0.0,3.0,10.0,25.0,0.271,0.323,0.394,0.717,85.0,0.322,86.0,61.0,3.0,2.0,1.0,0.0,0.0,5H/47D,
Duane Singleton*,22.0,MIL,AL,-0.6,13.0,32.0,31.0,0.0,2.0,0.0,0.0,0.0,0.0,1.0,0.0,1.0,10.0,0.065,0.094,0.065,0.158,-58.0,0.087,-90.0,2.0,0.0,0.0,0.0,0.0,0.0,/87H,
Dustin Hermanson,22.0,SDP,NL,0.0,26.0,0.0,0.0,0.0,0.0,0.0,0.0,0.0,0.0,0.0,0.0,0.0,0.0,,,,,,,,0.0,0.0,0.0,0.0,0.0,0.0,1,
Dwayne Hosey#,28.0,BOS,AL,1.5,24.0,77.0,68.0,20.0,23.0,8.0,1.0,3.0,7.0,6.0,0.0,8.0,16.0,0.338,0.408,0.618,1.026,160.0,0.458,159.0,42.0,0.0,0.0,1.0,0.0,0.0,8/H79D,
Dwight Smith*,31.0,ATL,NL,-0.2,103.0,147.0,131.0,16.0,33.0,8.0,2.0,3.0,21.0,0.0,3.0,13.0,35.0,0.252,0.327,0.412,0.739,91.0,0.315,83.0,54.0,2.0,2.0,0.0,1.0,1.0,H97,
Ed Giovanola*,26.0,ATL,NL,-0.3,13.0,17.0,14.0,2.0,1.0,0.0,0.0,0.0,0.0,0.0,0.0,3.0,5.0,0.071,0.235,0.071,0.307,-15.0,0.179,-20.0,1.0,1.0,0.0,0.0,0.0,0.0,/4H56,
Ed Sprague,27.0,TOR,AL,1.0,144.0,602.0,521.0,77.0,127.0,27.0,2.0,18.0,74.0,0.0,0.0,58.0,96.0,0.244,0.333,0.407,0.74,93.0,0.337,92.0,212.0,19.0,15.0,1.0,7.0,3.0,*5/3D,
Ed Taubensee*,26.0,CIN,NL,1.2,80.0,244.0,218.0,32.0,62.0,14.0,2.0,9.0,44.0,2.0,2.0,22.0,52.0,0.284,0.354,0.491,0.845,122.0,0.376,124.0,107.0,2.0,2.0,1.0,1.0,2.0,2H/3,
Ed Vosberg*,33.0,TEX,AL,0.0,1.0,0.0,0.0,0.0,0.0,0.0,0.0,0.0,0.0,0.0,0.0,0.0,0.0,,,,,,,,0.0,0.0,0.0,0.0,0.0,0.0,1,
Eddie Guardado,24.0,MIN,AL,0.0,1.0,0.0,0.0,0.0,0.0,0.0,0.0,0.0,0.0,0.0,0.0,0.0,0.0,,,,,,,,0.0,0.0,0.0,0.0,0.0,0.0,1,
Eddie Murray#,39.0,CLE,AL,2.4,113.0,480.0,436.0,68.0,141.0,21.0,0.0,21.0,82.0,5.0,1.0,39.0,65.0,0.323,0.375,0.516,0.891,129.0,0.39,126.0,225.0,12.0,0.0,0.0,5.0,5.0,D3/H,
Eddie Pye,28.0,LAD,NL,-0.2,7.0,8.0,8.0,0.0,0.0,0.0,0.0,0.0,0.0,0.0,0.0,0.0,4.0,0.0,0.0,0.0,0.0,-100.0,0.0,-133.0,0.0,0.0,0.0,0.0,0.0,0.0,/H5,
Eddie Pérez,27.0,ATL,NL,0.1,7.0,13.0,13.0,1.0,4.0,1.0,0.0,1.0,4.0,0.0,0.0,0.0,2.0,0.308,0.308,0.615,0.923,134.0,0.392,130.0,8.0,0.0,0.0,0.0,0.0,0.0,/2H3,
Eddie Tucker,28.0,2TM,2LG,-0.1,22.0,34.0,27.0,3.0,2.0,0.0,0.0,1.0,1.0,0.0,0.0,5.0,4.0,0.074,0.242,0.185,0.428,15.0,0.223,9.0,5.0,0.0,1.0,1.0,0.0,0.0,2/H,
Eddie Tucker,28.0,HOU,NL,0.1,5.0,7.0,7.0,1.0,2.0,0.0,0.0,1.0,1.0,0.0,0.0,0.0,0.0,0.286,0.286,0.714,1.0,163.0,0.419,161.0,5.0,0.0,0.0,0.0,0.0,0.0,/2H,
Eddie Tucker,28.0,CLE,AL,-0.1,17.0,27.0,20.0,2.0,0.0,0.0,0.0,0.0,0.0,0.0,0.0,5.0,4.0,0.0,0.231,0.0,0.231,-33.0,0.17,-29.0,0.0,0.0,1.0,1.0,0.0,0.0,2,
Eddie Williams,30.0,SDP,NL,-0.3,97.0,325.0,296.0,35.0,77.0,11.0,1.0,12.0,47.0,0.0,0.0,23.0,47.0,0.26,0.32,0.426,0.746,98.0,0.347,104.0,126.0,21.0,4.0,0.0,2.0,0.0,3H,
Eddie Zosky,27.0,FLA,NL,-0.1,6.0,5.0,5.0,0.0,1.0,0.0,0.0,0.0,0.0,0.0,0.0,0.0,0.0,0.2,0.2,0.2,0.4,6.0,0.181,-17.0,1.0,0.0,0.0,0.0,0.0,0.0,/64H,
Edgar Cáceres#,31.0,KCR,AL,0.2,55.0,130.0,117.0,13.0,28.0,6.0,2.0,1.0,17.0,2.0,2.0,8.0,15.0,0.239,0.291,0.35,0.642,66.0,0.305,71.0,41.0,3.0,1.0,3.0,1.0,0.0,4H/635D,
Edgar Martínez,32.0,SEA,AL,7.1,145.0,639.0,511.0,121.0,182.0,52.0,0.0,29.0,113.0,4.0,3.0,116.0,87.0,0.356,0.479,0.628,1.107,185.0,0.473,187.0,321.0,11.0,8.0,0.0,4.0,19.0,*D/53,"AS,MVP-3,SS"
Edgardo Alfonzo,21.0,NYM,NL,0.7,101.0,356.0,335.0,26.0,93.0,13.0,5.0,4.0,41.0,1.0,1.0,12.0,37.0,0.278,0.301,0.382,0.683,82.0,0.317,85.0,128.0,7.0,1.0,4.0,4.0,1.0,54H/6,
Eduardo Pérez,25.0,CAL,AL,-0.6,29.0,86.0,71.0,9.0,12.0,4.0,1.0,1.0,7.0,0.0,2.0,12.0,9.0,0.169,0.302,0.296,0.598,58.0,0.292,70.0,21.0,3.0,2.0,0.0,1.0,0.0,5/HD,
Ellis Burks,30.0,COL,NL,-0.4,103.0,321.0,278.0,41.0,74.0,10.0,6.0,14.0,49.0,7.0,3.0,39.0,72.0,0.266,0.359,0.496,0.856,102.0,0.378,100.0,138.0,7.0,2.0,1.0,1.0,0.0,8H7/9,
Enrique Burgos*,29.0,SFG,NL,0.0,5.0,0.0,0.0,0.0,0.0,0.0,0.0,0.0,0.0,0.0,0.0,0.0,0.0,,,,,,,,0.0,0.0,0.0,0.0,0.0,0.0,/1,
Eric Anthony*,27.0,CIN,NL,0.4,47.0,150.0,134.0,19.0,36.0,6.0,0.0,5.0,23.0,2.0,1.0,13.0,30.0,0.269,0.327,0.425,0.752,98.0,0.338,96.0,57.0,1.0,0.0,0.0,3.0,2.0,93/H78,
Eric Fox#,31.0,TEX,AL,-0.3,10.0,19.0,15.0,2.0,0.0,0.0,0.0,0.0,0.0,0.0,0.0,3.0,4.0,0.0,0.167,0.0,0.167,-52.0,0.122,-68.0,0.0,0.0,0.0,1.0,0.0,0.0,/79H8D,
Eric Gunderson,29.0,NYM,NL,0.1,30.0,1.0,0.0,1.0,0.0,0.0,0.0,0.0,0.0,0.0,0.0,0.0,0.0,,1.0,,,,0.745,383.0,0.0,0.0,1.0,0.0,0.0,0.0,1,
Eric Helfand*,26.0,OAK,AL,-0.2,38.0,101.0,86.0,9.0,14.0,2.0,1.0,0.0,7.0,0.0,0.0,11.0,25.0,0.163,0.265,0.209,0.475,31.0,0.234,28.0,18.0,2.0,1.0,3.0,0.0,0.0,2/H,
Eric Karros,27.0,LAD,NL,3.9,143.0,620.0,551.0,83.0,164.0,29.0,3.0,32.0,105.0,4.0,4.0,61.0,115.0,0.298,0.369,0.535,0.905,145.0,0.392,144.0,295.0,14.0,4.0,0.0,4.0,4.0,*3,"MVP-5,SS"
Eric Owens,24.0,CIN,NL,0.1,2.0,3.0,2.0,0.0,2.0,0.0,0.0,0.0,1.0,0.0,0.0,0.0,0.0,1.0,1.0,1.0,2.0,434.0,0.903,704.0,2.0,0.0,0.0,1.0,0.0,0.0,/5H,
Eric Young Sr.,28.0,COL,NL,2.2,120.0,424.0,366.0,68.0,116.0,21.0,9.0,6.0,36.0,35.0,12.0,49.0,29.0,0.317,0.404,0.473,0.876,109.0,0.4,113.0,173.0,4.0,5.0,3.0,1.0,3.0,4H7,
Ernie Young,25.0,OAK,AL,0.0,26.0,58.0,50.0,9.0,10.0,3.0,0.0,2.0,5.0,0.0,0.0,8.0,12.0,0.2,0.31,0.38,0.69,86.0,0.344,106.0,19.0,1.0,0.0,0.0,0.0,0.0,9/H78,
Esteban Beltré,27.0,TEX,AL,-0.5,54.0,99.0,92.0,7.0,20.0,8.0,0.0,0.0,7.0,0.0,0.0,4.0,15.0,0.217,0.25,0.304,0.554,42.0,0.249,26.0,28.0,1.0,0.0,3.0,0.0,0.0,64/H5,
Esteban Loaiza,23.0,PIT,NL,0.1,33.0,61.0,52.0,4.0,10.0,1.0,1.0,0.0,2.0,0.0,0.0,1.0,11.0,0.192,0.204,0.25,0.454,19.0,0.2,-17.0,13.0,1.0,0.0,7.0,1.0,0.0,1/H,
F.P. Santangelo#,27.0,MON,NL,0.7,35.0,113.0,98.0,11.0,29.0,5.0,1.0,1.0,9.0,1.0,1.0,12.0,9.0,0.296,0.384,0.398,0.782,105.0,0.362,111.0,39.0,0.0,2.0,1.0,0.0,0.0,7H/948,
Fausto Cruz,23.0,OAK,AL,-0.2,8.0,30.0,23.0,0.0,5.0,0.0,0.0,0.0,5.0,1.0,1.0,3.0,5.0,0.217,0.286,0.217,0.503,39.0,0.23,31.0,5.0,1.0,0.0,2.0,2.0,0.0,/6,
Fernando Valenzuela*,34.0,SDP,NL,0.4,29.0,35.0,32.0,3.0,8.0,1.0,0.0,2.0,8.0,0.0,0.0,0.0,6.0,0.25,0.25,0.469,0.719,87.0,0.336,96.0,15.0,0.0,0.0,3.0,0.0,0.0,1,
Fernando Viña*,26.0,MIL,AL,0.2,113.0,325.0,288.0,46.0,74.0,7.0,7.0,3.0,29.0,6.0,3.0,22.0,28.0,0.257,0.327,0.361,0.688,76.0,0.315,71.0,104.0,6.0,9.0,4.0,2.0,0.0,*4H/65,
Frank Castillo,26.0,CHC,NL,-0.3,29.0,69.0,59.0,1.0,6.0,0.0,0.0,0.0,1.0,0.0,0.0,3.0,25.0,0.102,0.145,0.102,0.247,-32.0,0.122,-72.0,6.0,0.0,0.0,7.0,0.0,0.0,1,
Frank Thomas,27.0,CHW,AL,5.3,145.0,647.0,493.0,102.0,152.0,27.0,0.0,40.0,111.0,3.0,2.0,136.0,74.0,0.308,0.454,0.606,1.061,179.0,0.445,173.0,299.0,14.0,6.0,0.0,12.0,29.0,3D/H,"AS,MVP-8"
Frank Viola*,35.0,CIN,NL,0.0,3.0,6.0,6.0,0.0,1.0,1.0,0.0,0.0,0.0,0.0,0.0,0.0,1.0,0.167,0.167,0.333,0.5,29.0,0.211,6.0,2.0,0.0,0.0,0.0,0.0,0.0,/1,
Franklin Stubbs*,34.0,DET,AL,-0.3,62.0,137.0,116.0,13.0,29.0,11.0,0.0,2.0,19.0,0.0,1.0,19.0,27.0,0.25,0.358,0.397,0.754,97.0,0.336,93.0,46.0,3.0,1.0,0.0,1.0,1.0,H37/D,
Fred McGriff*,31.0,ATL,NL,1.4,144.0,604.0,528.0,85.0,148.0,27.0,1.0,27.0,93.0,3.0,6.0,65.0,99.0,0.28,0.361,0.489,0.85,119.0,0.372,119.0,258.0,19.0,5.0,0.0,6.0,6.0,*3,"AS,MVP-20"
Freddy García,22.0,PIT,NL,-0.7,42.0,66.0,57.0,5.0,8.0,1.0,1.0,0.0,1.0,0.0,1.0,8.0,17.0,0.14,0.246,0.193,0.439,18.0,0.222,16.0,11.0,0.0,0.0,1.0,0.0,0.0,H7/5,
Félix Fermín,31.0,SEA,AL,-1.7,73.0,219.0,200.0,21.0,39.0,6.0,0.0,0.0,15.0,2.0,0.0,6.0,6.0,0.195,0.232,0.225,0.457,20.0,0.224,8.0,45.0,7.0,4.0,8.0,1.0,0.0,64/H,
Félix José#,30.0,KCR,AL,-0.4,9.0,32.0,30.0,2.0,4.0,1.0,0.0,0.0,1.0,0.0,0.0,2.0,9.0,0.133,0.188,0.167,0.354,-7.0,0.17,-24.0,5.0,1.0,0.0,0.0,0.0,0.0,/9H,
Félix Rodríguez,22.0,LAD,NL,0.0,11.0,0.0,0.0,0.0,0.0,0.0,0.0,0.0,0.0,0.0,0.0,0.0,0.0,,,,,,,,0.0,0.0,0.0,0.0,0.0,0.0,1,
Gabe White*,23.0,MON,NL,-0.1,19.0,4.0,3.0,0.0,0.0,0.0,0.0,0.0,0.0,0.0,0.0,0.0,3.0,0.0,0.0,0.0,0.0,-100.0,0.0,-231.0,0.0,0.0,0.0,1.0,0.0,0.0,1,
Garey Ingram,24.0,LAD,NL,-0.2,44.0,66.0,55.0,5.0,11.0,2.0,0.0,0.0,3.0,3.0,0.0,9.0,8.0,0.2,0.313,0.236,0.549,54.0,0.307,74.0,13.0,0.0,0.0,2.0,0.0,0.0,H5/47,
Garret Anderson*,23.0,CAL,AL,3.0,106.0,400.0,374.0,50.0,120.0,19.0,1.0,16.0,69.0,6.0,2.0,19.0,65.0,0.321,0.352,0.505,0.857,121.0,0.378,120.0,189.0,8.0,1.0,2.0,4.0,4.0,*7/H89D,ROY-2
Gary Bennett,23.0,PHI,NL,0.0,1.0,1.0,1.0,0.0,0.0,0.0,0.0,0.0,0.0,0.0,0.0,0.0,1.0,0.0,0.0,0.0,0.0,-100.0,0.0,-133.0,0.0,0.0,0.0,0.0,0.0,0.0,/H,
Gary Disarcina,27.0,CAL,AL,3.1,99.0,394.0,362.0,61.0,111.0,28.0,6.0,5.0,41.0,7.0,4.0,20.0,25.0,0.307,0.344,0.459,0.802,108.0,0.367,114.0,166.0,10.0,2.0,7.0,3.0,0.0,*6/H,"AS,MVP-19"
Gary Gaetti,36.0,KCR,AL,3.4,137.0,578.0,514.0,76.0,134.0,27.0,0.0,35.0,96.0,3.0,3.0,47.0,91.0,0.261,0.329,0.518,0.846,116.0,0.366,111.0,266.0,7.0,8.0,3.0,6.0,6.0,*53/DH,"MVP-10,SS"
Gary Sheffield,26.0,FLA,NL,2.2,63.0,274.0,213.0,46.0,69.0,8.0,0.0,16.0,46.0,19.0,4.0,55.0,45.0,0.324,0.467,0.587,1.054,177.0,0.471,184.0,125.0,3.0,4.0,0.0,2.0,8.0,9/7H,
Gary Thurman,30.0,SEA,AL,-0.1,13.0,27.0,25.0,3.0,8.0,2.0,0.0,0.0,3.0,5.0,2.0,1.0,3.0,0.32,0.333,0.4,0.733,90.0,0.326,80.0,10.0,0.0,0.0,0.0,1.0,0.0,/H798,
Gary Varsho*,34.0,PHI,NL,0.1,72.0,113.0,103.0,7.0,26.0,1.0,1.0,0.0,11.0,2.0,0.0,7.0,17.0,0.252,0.31,0.282,0.591,59.0,0.283,54.0,29.0,1.0,2.0,0.0,1.0,1.0,H9/7,
Gary Wilson,25.0,PIT,NL,0.0,10.0,1.0,0.0,0.0,0.0,0.0,0.0,0.0,0.0,0.0,0.0,0.0,0.0,,,,,,,,0.0,0.0,0.0,1.0,0.0,0.0,1,
Gene Harris,30.0,PHI,NL,0.0,21.0,0.0,0.0,0.0,0.0,0.0,0.0,0.0,0.0,0.0,0.0,0.0,0.0,,,,,,,,0.0,0.0,0.0,0.0,0.0,0.0,1,
Gene Schall,25.0,PHI,NL,-0.2,24.0,72.0,65.0,2.0,15.0,2.0,0.0,0.0,5.0,0.0,0.0,6.0,16.0,0.231,0.306,0.262,0.567,53.0,0.275,50.0,17.0,1.0,1.0,0.0,0.0,1.0,3/H7,
George Williams#,26.0,OAK,AL,0.5,29.0,94.0,79.0,13.0,23.0,5.0,1.0,3.0,14.0,0.0,0.0,11.0,21.0,0.291,0.383,0.494,0.877,136.0,0.376,128.0,39.0,1.0,2.0,0.0,2.0,2.0,2D/H,
Gerald Perry*,34.0,STL,NL,-1.1,65.0,85.0,79.0,4.0,13.0,4.0,0.0,0.0,5.0,0.0,0.0,6.0,12.0,0.165,0.224,0.215,0.439,18.0,0.216,11.0,17.0,2.0,0.0,0.0,0.0,0.0,H3,
Gerald Williams,28.0,NYY,AL,2.1,100.0,208.0,182.0,33.0,45.0,18.0,2.0,6.0,28.0,4.0,2.0,22.0,34.0,0.247,0.327,0.467,0.794,105.0,0.36,108.0,85.0,4.0,1.0,0.0,3.0,1.0,7H9/8D,
Gerónimo Berroa,30.0,OAK,AL,1.9,141.0,616.0,546.0,87.0,152.0,22.0,3.0,22.0,88.0,7.0,4.0,63.0,98.0,0.278,0.351,0.451,0.801,116.0,0.361,118.0,246.0,12.0,1.0,0.0,6.0,2.0,D97/H,
Gerónimo Peña#,28.0,STL,NL,-0.1,32.0,124.0,101.0,20.0,27.0,6.0,1.0,1.0,8.0,3.0,2.0,16.0,30.0,0.267,0.367,0.376,0.743,99.0,0.34,100.0,38.0,2.0,1.0,4.0,2.0,1.0,4/H,
Gil Heredia,29.0,MON,NL,0.0,40.0,39.0,33.0,1.0,6.0,0.0,0.0,0.0,2.0,0.0,0.0,1.0,3.0,0.182,0.206,0.182,0.388,2.0,0.18,-37.0,6.0,0.0,0.0,5.0,0.0,0.0,1,
Glenallen Hill,30.0,SFG,NL,2.0,132.0,539.0,497.0,71.0,131.0,29.0,4.0,24.0,86.0,25.0,5.0,39.0,98.0,0.264,0.317,0.483,0.8,112.0,0.37,118.0,240.0,11.0,1.0,0.0,2.0,4.0,*9/H8,
Glenn Dishman,24.0,SDP,NL,0.1,19.0,34.0,30.0,4.0,6.0,0.0,0.0,0.0,4.0,0.0,0.0,0.0,13.0,0.2,0.219,0.2,0.419,13.0,0.221,10.0,6.0,0.0,1.0,2.0,1.0,0.0,1,
Greg Colbrunn,25.0,FLA,NL,1.2,138.0,560.0,528.0,70.0,146.0,22.0,1.0,23.0,89.0,11.0,3.0,22.0,69.0,0.277,0.311,0.453,0.763,99.0,0.336,92.0,239.0,15.0,6.0,0.0,4.0,4.0,*3/H,
Greg Gagne,33.0,KCR,AL,2.3,120.0,482.0,430.0,58.0,110.0,25.0,4.0,6.0,49.0,3.0,5.0,38.0,60.0,0.256,0.316,0.374,0.69,79.0,0.317,79.0,161.0,11.0,2.0,7.0,5.0,2.0,*6/HD,
Greg Hansell,24.0,LAD,NL,0.0,20.0,0.0,0.0,0.0,0.0,0.0,0.0,0.0,0.0,0.0,0.0,0.0,0.0,,,,,,,,0.0,0.0,0.0,0.0,0.0,0.0,1,
Greg Harris#,39.0,MON,NL,0.1,45.0,3.0,3.0,0.0,1.0,1.0,0.0,0.0,0.0,0.0,0.0,0.0,1.0,0.333,0.333,0.667,1.0,153.0,0.422,151.0,2.0,0.0,0.0,0.0,0.0,0.0,1,
Greg Maddux,29.0,ATL,NL,-0.1,28.0,81.0,72.0,8.0,11.0,2.0,0.0,0.0,0.0,0.0,0.0,3.0,22.0,0.153,0.187,0.181,0.367,-3.0,0.183,-27.0,13.0,0.0,0.0,6.0,0.0,0.0,1,"AS,CYA-1,MVP-3,GG"
Greg McMichael,28.0,ATL,NL,-0.1,67.0,7.0,6.0,0.0,0.0,0.0,0.0,0.0,0.0,0.0,0.0,1.0,4.0,0.0,0.143,0.0,0.143,-58.0,0.102,-74.0,0.0,0.0,0.0,0.0,0.0,0.0,1,
Greg Myers*,29.0,CAL,AL,0.9,85.0,294.0,273.0,35.0,71.0,12.0,2.0,9.0,38.0,0.0,1.0,17.0,49.0,0.26,0.304,0.418,0.721,87.0,0.323,84.0,114.0,4.0,1.0,1.0,2.0,3.0,2DH,
Greg Pirkl,24.0,SEA,AL,-0.2,10.0,18.0,17.0,2.0,4.0,0.0,0.0,0.0,0.0,0.0,0.0,1.0,7.0,0.235,0.278,0.235,0.513,35.0,0.243,26.0,4.0,0.0,0.0,0.0,0.0,0.0,/3HD,
Greg Swindell,30.0,HOU,NL,0.4,34.0,59.0,50.0,4.0,12.0,3.0,0.0,0.0,5.0,0.0,0.0,3.0,9.0,0.24,0.283,0.3,0.583,60.0,0.265,47.0,15.0,1.0,0.0,6.0,0.0,0.0,1/H,
Greg Vaughn,29.0,MIL,AL,-0.4,108.0,451.0,392.0,67.0,88.0,19.0,1.0,17.0,59.0,10.0,4.0,55.0,89.0,0.224,0.317,0.408,0.725,84.0,0.331,82.0,160.0,10.0,0.0,0.0,4.0,3.0,*D/H,
Gregg Jefferies#,27.0,PHI,NL,1.3,114.0,521.0,480.0,69.0,147.0,31.0,2.0,11.0,56.0,9.0,5.0,35.0,26.0,0.306,0.349,0.448,0.797,110.0,0.364,115.0,215.0,15.0,0.0,0.0,6.0,5.0,37/H,
Gregg Olson,28.0,KCR,AL,0.0,1.0,0.0,0.0,0.0,0.0,0.0,0.0,0.0,0.0,0.0,0.0,0.0,0.0,,,,,,,,0.0,0.0,0.0,0.0,0.0,0.0,1,
Gregg Zaun#,24.0,BAL,AL,0.6,40.0,122.0,104.0,18.0,27.0,5.0,0.0,3.0,14.0,1.0,1.0,16.0,14.0,0.26,0.358,0.394,0.753,95.0,0.356,104.0,41.0,2.0,0.0,2.0,0.0,0.0,2/HD,
Hal Morris*,30.0,CIN,NL,1.0,101.0,391.0,359.0,53.0,100.0,25.0,2.0,11.0,51.0,1.0,1.0,29.0,58.0,0.279,0.333,0.451,0.785,106.0,0.345,101.0,162.0,10.0,1.0,1.0,1.0,7.0,*3/H,
Harold Baines*,36.0,BAL,AL,2.2,127.0,459.0,385.0,60.0,115.0,19.0,1.0,24.0,63.0,0.0,2.0,70.0,45.0,0.299,0.403,0.54,0.943,142.0,0.405,138.0,208.0,17.0,0.0,0.0,4.0,13.0,*DH,
Harvey Pulliam,27.0,COL,NL,0.1,5.0,5.0,5.0,1.0,2.0,1.0,0.0,1.0,3.0,0.0,0.0,0.0,2.0,0.4,0.4,1.2,1.6,263.0,0.659,302.0,6.0,0.0,0.0,0.0,0.0,0.0,/H7,
Heathcliff Slocumb,29.0,PHI,NL,0.0,61.0,1.0,1.0,0.0,0.0,0.0,0.0,0.0,0.0,0.0,0.0,0.0,0.0,0.0,0.0,0.0,0.0,-100.0,0.0,-133.0,0.0,0.0,0.0,0.0,0.0,0.0,1,AS
Henry Mercedes,25.0,KCR,AL,0.3,23.0,55.0,43.0,7.0,11.0,2.0,0.0,0.0,9.0,0.0,0.0,8.0,13.0,0.256,0.37,0.302,0.673,78.0,0.32,78.0,13.0,0.0,1.0,1.0,2.0,0.0,2/H,
Henry Rodríguez*,27.0,2TM,NL,-0.4,45.0,150.0,138.0,13.0,33.0,4.0,1.0,2.0,15.0,0.0,1.0,11.0,28.0,0.239,0.293,0.326,0.619,66.0,0.271,54.0,45.0,5.0,0.0,0.0,1.0,2.0,93H/7,
Henry Rodríguez*,27.0,LAD,NL,0.1,21.0,85.0,80.0,6.0,21.0,4.0,1.0,1.0,10.0,0.0,1.0,5.0,17.0,0.263,0.306,0.375,0.681,86.0,0.287,73.0,30.0,3.0,0.0,0.0,0.0,2.0,9/H3,
Henry Rodríguez*,27.0,MON,NL,-0.5,24.0,65.0,58.0,7.0,12.0,0.0,0.0,1.0,5.0,0.0,0.0,6.0,11.0,0.207,0.277,0.259,0.536,41.0,0.25,30.0,15.0,2.0,0.0,0.0,1.0,0.0,3/H79,
Herbert Perry,25.0,CLE,AL,0.7,52.0,184.0,162.0,23.0,51.0,13.0,1.0,3.0,23.0,1.0,3.0,13.0,28.0,0.315,0.376,0.463,0.839,117.0,0.364,114.0,75.0,5.0,4.0,3.0,2.0,0.0,3/DH5,
Hideo Nomo,26.0,LAD,NL,-0.6,28.0,72.0,66.0,2.0,6.0,0.0,0.0,0.0,4.0,0.0,0.0,0.0,33.0,0.091,0.09,0.091,0.18,-50.0,0.095,-80.0,6.0,1.0,0.0,5.0,1.0,0.0,1,"AS,CYA-4,ROY-1"
Hipólito Pichardo,25.0,KCR,AL,0.0,1.0,2.0,2.0,0.0,0.0,0.0,0.0,0.0,0.0,0.0,0.0,0.0,0.0,0.0,0.0,0.0,0.0,-100.0,0.0,-144.0,0.0,0.0,0.0,0.0,0.0,0.0,1,
Howard Battle,23.0,TOR,AL,0.1,9.0,19.0,15.0,3.0,3.0,0.0,0.0,0.0,0.0,1.0,0.0,4.0,8.0,0.2,0.368,0.2,0.568,55.0,0.31,65.0,3.0,0.0,0.0,0.0,0.0,0.0,/5HD,
Howard Johnson#,34.0,CHC,NL,-1.1,87.0,206.0,169.0,26.0,33.0,4.0,1.0,7.0,22.0,1.0,1.0,34.0,46.0,0.195,0.33,0.355,0.685,84.0,0.323,88.0,60.0,2.0,1.0,0.0,2.0,0.0,H57/436,
Héctor Carrasco,25.0,CIN,NL,-0.1,64.0,7.0,7.0,0.0,0.0,0.0,0.0,0.0,0.0,0.0,0.0,0.0,4.0,0.0,0.0,0.0,0.0,-100.0,0.0,-143.0,0.0,0.0,0.0,0.0,0.0,0.0,1,
Ismael Valdéz,21.0,LAD,NL,-0.4,33.0,70.0,62.0,2.0,6.0,0.0,0.0,0.0,1.0,1.0,0.0,1.0,26.0,0.097,0.111,0.097,0.208,-42.0,0.116,-72.0,6.0,0.0,0.0,7.0,0.0,0.0,1,ROY-7
Iván Rodríguez,23.0,TEX,AL,3.4,130.0,517.0,492.0,56.0,149.0,32.0,2.0,12.0,67.0,0.0,2.0,16.0,48.0,0.303,0.327,0.449,0.776,98.0,0.345,95.0,221.0,11.0,4.0,0.0,5.0,2.0,*2/HD,"AS,GG,SS"
J.J. Thobe,24.0,MON,NL,0.0,4.0,0.0,0.0,0.0,0.0,0.0,0.0,0.0,0.0,0.0,0.0,0.0,0.0,,,,,,,,0.0,0.0,0.0,0.0,0.0,0.0,/1,
J.R. Phillips*,25.0,SFG,NL,-0.1,92.0,252.0,231.0,27.0,45.0,9.0,0.0,9.0,28.0,1.0,1.0,19.0,69.0,0.195,0.256,0.351,0.607,62.0,0.281,60.0,81.0,3.0,0.0,2.0,0.0,2.0,3H/7,
J.T. Snow*,27.0,CAL,AL,1.1,143.0,606.0,544.0,80.0,157.0,22.0,1.0,24.0,102.0,2.0,1.0,52.0,91.0,0.289,0.353,0.465,0.818,112.0,0.366,112.0,253.0,16.0,3.0,5.0,2.0,4.0,*3,GG
Jack Voigt,29.0,2TM,AL,-0.3,36.0,74.0,63.0,9.0,11.0,3.0,0.0,2.0,8.0,0.0,0.0,10.0,14.0,0.175,0.284,0.317,0.601,55.0,0.289,55.0,20.0,2.0,0.0,0.0,1.0,0.0,9H/73D,
Jack Voigt,29.0,BAL,AL,0.0,3.0,1.0,1.0,1.0,1.0,0.0,0.0,0.0,0.0,0.0,0.0,0.0,0.0,1.0,1.0,1.0,2.0,420.0,0.91,469.0,1.0,0.0,0.0,0.0,0.0,0.0,/H3D,
Jack Voigt,29.0,TEX,AL,-0.3,33.0,73.0,62.0,8.0,10.0,3.0,0.0,2.0,8.0,0.0,0.0,10.0,14.0,0.161,0.274,0.306,0.58,50.0,0.281,50.0,19.0,2.0,0.0,0.0,1.0,0.0,9/7H3D,
Jacob Brumfield,30.0,PIT,NL,0.1,116.0,445.0,402.0,64.0,109.0,23.0,2.0,4.0,26.0,22.0,12.0,37.0,71.0,0.271,0.339,0.368,0.707,86.0,0.338,95.0,148.0,3.0,5.0,0.0,1.0,0.0,*8H,
Jaime Navarro,28.0,CHC,NL,0.1,29.0,74.0,65.0,0.0,12.0,5.0,0.0,0.0,7.0,0.0,0.0,1.0,25.0,0.185,0.197,0.262,0.459,22.0,0.216,1.0,17.0,0.0,0.0,8.0,0.0,0.0,1,
James Mouton,26.0,HOU,NL,0.6,104.0,331.0,298.0,42.0,78.0,18.0,2.0,4.0,27.0,25.0,8.0,25.0,59.0,0.262,0.326,0.376,0.702,92.0,0.344,103.0,112.0,5.0,4.0,3.0,1.0,1.0,79H8,
Jamie Brewington,23.0,SFG,NL,0.1,14.0,27.0,23.0,3.0,5.0,0.0,0.0,0.0,1.0,0.0,0.0,0.0,7.0,0.217,0.217,0.217,0.435,18.0,0.196,-18.0,5.0,0.0,0.0,4.0,0.0,0.0,1/H,
Jarvis Brown,28.0,BAL,AL,0.1,18.0,37.0,27.0,2.0,4.0,1.0,0.0,0.0,1.0,1.0,1.0,7.0,9.0,0.148,0.324,0.185,0.509,36.0,0.286,57.0,5.0,0.0,0.0,3.0,0.0,0.0,8/9H,
Jason Bates#,24.0,COL,NL,-0.3,116.0,368.0,322.0,42.0,86.0,17.0,4.0,8.0,46.0,3.0,6.0,42.0,70.0,0.267,0.355,0.419,0.774,84.0,0.338,77.0,135.0,4.0,2.0,2.0,0.0,3.0,465H,
Jason Christiansen,25.0,PIT,NL,0.0,63.0,1.0,1.0,0.0,0.0,0.0,0.0,0.0,0.0,0.0,0.0,0.0,1.0,0.0,0.0,0.0,0.0,-100.0,0.0,-142.0,0.0,0.0,0.0,0.0,0.0,0.0,1,
Jason Giambi*,24.0,OAK,AL,0.9,54.0,210.0,176.0,27.0,45.0,7.0,0.0,6.0,25.0,2.0,1.0,28.0,31.0,0.256,0.364,0.398,0.761,107.0,0.36,117.0,70.0,4.0,3.0,1.0,2.0,0.0,53/HD,
Jason Isringhausen,22.0,NYM,NL,0.0,14.0,34.0,27.0,2.0,4.0,1.0,0.0,0.0,0.0,0.0,0.0,2.0,10.0,0.148,0.233,0.185,0.419,14.0,0.205,-8.0,5.0,1.0,1.0,4.0,0.0,0.0,1,ROY-4
Jason Jacome*,24.0,NYM,NL,-0.1,5.0,8.0,7.0,0.0,0.0,0.0,0.0,0.0,0.0,0.0,0.0,0.0,6.0,0.0,0.0,0.0,0.0,-100.0,0.0,-174.0,0.0,0.0,0.0,1.0,0.0,0.0,/1,
Jason Schmidt,22.0,ATL,NL,0.1,9.0,7.0,5.0,0.0,1.0,0.0,0.0,0.0,0.0,0.0,0.0,1.0,2.0,0.2,0.333,0.2,0.533,44.0,0.27,34.0,1.0,0.0,0.0,1.0,0.0,0.0,/1H,
Javy López,24.0,ATL,NL,1.8,100.0,352.0,333.0,37.0,105.0,11.0,4.0,14.0,51.0,0.0,1.0,14.0,57.0,0.315,0.344,0.498,0.842,117.0,0.383,125.0,166.0,13.0,2.0,0.0,3.0,0.0,2H,
Jay Bell,29.0,PIT,NL,1.2,138.0,593.0,530.0,79.0,139.0,28.0,4.0,13.0,55.0,2.0,5.0,55.0,110.0,0.262,0.336,0.404,0.739,94.0,0.338,96.0,214.0,13.0,4.0,3.0,1.0,1.0,*6/5H,
Jay Buhner,30.0,SEA,AL,2.4,126.0,539.0,470.0,86.0,123.0,23.0,0.0,40.0,121.0,0.0,1.0,60.0,120.0,0.262,0.343,0.566,0.909,131.0,0.385,124.0,266.0,15.0,1.0,2.0,6.0,7.0,*9/DH,MVP-5
Jay Powell,23.0,FLA,NL,0.0,9.0,0.0,0.0,0.0,0.0,0.0,0.0,0.0,0.0,0.0,0.0,0.0,0.0,,,,,,,,0.0,0.0,0.0,0.0,0.0,0.0,/1,
Jayhawk Owens,26.0,COL,NL,0.3,18.0,49.0,45.0,7.0,11.0,2.0,0.0,4.0,12.0,0.0,0.0,2.0,15.0,0.244,0.286,0.556,0.841,95.0,0.354,84.0,25.0,0.0,1.0,0.0,1.0,0.0,2/H,
Jeff Bagwell,27.0,HOU,NL,4.9,114.0,539.0,448.0,88.0,130.0,29.0,0.0,21.0,87.0,12.0,5.0,79.0,102.0,0.29,0.399,0.496,0.894,143.0,0.402,149.0,222.0,9.0,6.0,0.0,6.0,12.0,*3,MVP-15
Jeff Barry#,25.0,NYM,NL,-0.1,15.0,16.0,15.0,2.0,2.0,1.0,0.0,0.0,0.0,0.0,0.0,1.0,8.0,0.133,0.188,0.2,0.388,4.0,0.18,-13.0,3.0,0.0,0.0,0.0,0.0,0.0,H/79,
Jeff Blauser,29.0,ATL,NL,1.0,115.0,504.0,431.0,60.0,91.0,16.0,2.0,12.0,31.0,8.0,5.0,57.0,107.0,0.211,0.319,0.341,0.66,73.0,0.314,76.0,147.0,6.0,12.0,2.0,2.0,2.0,*6,
Jeff Branson*,28.0,CIN,NL,2.2,122.0,384.0,331.0,43.0,86.0,18.0,2.0,12.0,45.0,2.0,1.0,44.0,69.0,0.26,0.345,0.435,0.78,106.0,0.336,94.0,144.0,9.0,2.0,1.0,6.0,14.0,*56H/43,
Jeff Brantley,31.0,CIN,NL,0.0,56.0,3.0,3.0,0.0,0.0,0.0,0.0,0.0,0.0,0.0,0.0,0.0,1.0,0.0,0.0,0.0,0.0,-100.0,0.0,-143.0,0.0,0.0,0.0,0.0,0.0,0.0,1,
Jeff Cirillo,25.0,MIL,AL,2.1,125.0,384.0,328.0,57.0,91.0,19.0,4.0,9.0,39.0,7.0,2.0,47.0,42.0,0.277,0.371,0.442,0.813,107.0,0.379,114.0,145.0,8.0,4.0,1.0,4.0,0.0,*54H/36,
Jeff Conine,29.0,FLA,NL,2.7,133.0,562.0,483.0,72.0,146.0,26.0,2.0,25.0,105.0,2.0,0.0,66.0,94.0,0.302,0.379,0.52,0.899,135.0,0.392,133.0,251.0,13.0,1.0,0.0,12.0,5.0,*73/H,"AS,MVP-22"
Jeff Fassero*,32.0,MON,NL,-0.4,30.0,70.0,57.0,6.0,4.0,0.0,0.0,0.0,1.0,0.0,0.0,5.0,29.0,0.07,0.145,0.07,0.215,-41.0,0.116,-87.0,4.0,0.0,0.0,8.0,0.0,0.0,1,
Jeff Frye,28.0,TEX,AL,1.2,90.0,354.0,313.0,38.0,87.0,15.0,2.0,4.0,29.0,3.0,3.0,24.0,45.0,0.278,0.335,0.377,0.712,83.0,0.34,92.0,118.0,7.0,5.0,8.0,4.0,0.0,4/H,
Jeff Grotewold*,29.0,KCR,AL,0.1,15.0,46.0,36.0,4.0,10.0,1.0,0.0,1.0,6.0,0.0,0.0,9.0,7.0,0.278,0.422,0.389,0.811,113.0,0.38,120.0,14.0,2.0,0.0,0.0,0.0,0.0,D/H3,
Jeff Huson*,30.0,BAL,AL,0.2,66.0,180.0,161.0,24.0,40.0,4.0,2.0,1.0,19.0,5.0,4.0,15.0,20.0,0.248,0.315,0.317,0.631,64.0,0.289,59.0,51.0,4.0,1.0,2.0,1.0,1.0,54H/D6,
Jeff Juden,24.0,PHI,NL,-0.1,13.0,21.0,18.0,1.0,1.0,0.0,0.0,1.0,4.0,0.0,0.0,0.0,12.0,0.056,0.056,0.222,0.278,-31.0,0.113,-91.0,4.0,0.0,0.0,3.0,0.0,0.0,1,
Jeff Kent,27.0,NYM,NL,3.2,125.0,514.0,472.0,65.0,131.0,22.0,3.0,20.0,65.0,3.0,3.0,29.0,89.0,0.278,0.327,0.464,0.791,110.0,0.359,115.0,219.0,9.0,8.0,1.0,4.0,3.0,*4/H,
Jeff King,30.0,PIT,NL,2.5,122.0,509.0,445.0,61.0,118.0,27.0,2.0,18.0,87.0,7.0,4.0,55.0,63.0,0.265,0.342,0.456,0.798,108.0,0.351,103.0,203.0,10.0,1.0,0.0,8.0,5.0,53/4H6,
Jeff Manto,30.0,BAL,AL,0.7,89.0,280.0,254.0,31.0,65.0,9.0,0.0,17.0,38.0,0.0,3.0,24.0,69.0,0.256,0.325,0.492,0.817,108.0,0.359,108.0,125.0,6.0,2.0,0.0,0.0,0.0,5HD/3,
Jeff McCurry,25.0,PIT,NL,0.0,55.0,3.0,3.0,0.0,0.0,0.0,0.0,0.0,0.0,0.0,0.0,0.0,1.0,0.0,0.0,0.0,0.0,-100.0,0.0,-146.0,0.0,0.0,0.0,0.0,0.0,0.0,1,
Jeff Montgomery,33.0,KCR,AL,0.0,1.0,0.0,0.0,0.0,0.0,0.0,0.0,0.0,0.0,0.0,0.0,0.0,0.0,,,,,,,,0.0,0.0,0.0,0.0,0.0,0.0,1,
Jeff Parrett,33.0,STL,NL,0.1,59.0,2.0,2.0,0.0,1.0,0.0,0.0,0.0,0.0,0.0,0.0,0.0,1.0,0.5,0.5,0.5,1.0,168.0,0.451,178.0,1.0,0.0,0.0,0.0,0.0,0.0,1,
Jeff Reboulet,31.0,MIN,AL,2.6,87.0,246.0,216.0,39.0,63.0,11.0,0.0,4.0,23.0,1.0,2.0,27.0,34.0,0.292,0.373,0.398,0.771,101.0,0.367,113.0,86.0,3.0,1.0,2.0,0.0,0.0,65H34/2,
Jeff Reed*,32.0,SFG,NL,0.8,66.0,134.0,113.0,12.0,30.0,2.0,0.0,0.0,9.0,0.0,0.0,20.0,17.0,0.265,0.376,0.283,0.659,82.0,0.322,88.0,32.0,3.0,0.0,1.0,0.0,3.0,2H,
Jeff Shaw,28.0,MON,NL,0.0,50.0,8.0,6.0,2.0,0.0,0.0,0.0,0.0,0.0,0.0,0.0,2.0,4.0,0.0,0.25,0.0,0.25,-27.0,0.179,-20.0,0.0,0.0,0.0,0.0,0.0,0.0,1,
Jeff Tabaka,31.0,2TM,NL,0.0,34.0,2.0,1.0,0.0,0.0,0.0,0.0,0.0,0.0,0.0,0.0,0.0,0.0,0.0,0.0,0.0,0.0,-100.0,0.0,-358.0,0.0,0.0,0.0,1.0,0.0,0.0,1,
Jeff Tabaka,31.0,SDP,NL,0.0,10.0,0.0,0.0,0.0,0.0,0.0,0.0,0.0,0.0,0.0,0.0,0.0,0.0,,,,,,,,0.0,0.0,0.0,0.0,0.0,0.0,1,
Jeff Tabaka,31.0,HOU,NL,0.0,24.0,2.0,1.0,0.0,0.0,0.0,0.0,0.0,0.0,0.0,0.0,0.0,0.0,0.0,0.0,0.0,0.0,-100.0,0.0,-358.0,0.0,0.0,0.0,1.0,0.0,0.0,1,
Jeff Treadway*,32.0,2TM,NL,-0.2,58.0,72.0,67.0,6.0,14.0,2.0,1.0,0.0,13.0,0.0,1.0,5.0,4.0,0.209,0.264,0.269,0.533,41.0,0.244,33.0,18.0,0.0,0.0,0.0,0.0,1.0,H4/5,
Jeff Treadway*,32.0,LAD,NL,-0.2,17.0,17.0,17.0,2.0,2.0,0.0,1.0,0.0,3.0,0.0,0.0,0.0,2.0,0.118,0.118,0.235,0.353,-6.0,0.147,-31.0,4.0,0.0,0.0,0.0,0.0,0.0,H/54,
Jeff Treadway*,32.0,MON,NL,0.0,41.0,55.0,50.0,4.0,12.0,2.0,0.0,0.0,10.0,0.0,1.0,5.0,2.0,0.24,0.309,0.28,0.589,55.0,0.275,53.0,14.0,0.0,0.0,0.0,0.0,1.0,H4/5,
Jeffrey Hammonds,24.0,BAL,AL,-0.9,57.0,191.0,178.0,18.0,43.0,9.0,1.0,4.0,23.0,4.0,2.0,9.0,30.0,0.242,0.279,0.371,0.65,66.0,0.301,64.0,66.0,3.0,1.0,1.0,2.0,0.0,9H/D,
Jerald Clark,31.0,MIN,AL,1.1,36.0,113.0,109.0,17.0,37.0,8.0,3.0,3.0,15.0,3.0,0.0,2.0,11.0,0.339,0.354,0.55,0.904,131.0,0.402,130.0,60.0,5.0,1.0,0.0,1.0,0.0,738/H9D,
Jeremy Hernandez,28.0,FLA,NL,0.0,7.0,1.0,1.0,0.0,0.0,0.0,0.0,0.0,0.0,0.0,0.0,0.0,0.0,0.0,0.0,0.0,0.0,-100.0,0.0,-142.0,0.0,0.0,0.0,0.0,0.0,0.0,/1,
Jerome Walton,29.0,CIN,NL,1.4,102.0,188.0,162.0,32.0,47.0,12.0,1.0,8.0,22.0,10.0,7.0,17.0,25.0,0.29,0.368,0.525,0.892,134.0,0.386,135.0,85.0,0.0,4.0,3.0,2.0,0.0,87H/93,
Jeromy Burnitz*,26.0,CLE,AL,0.1,9.0,7.0,7.0,4.0,4.0,1.0,0.0,0.0,0.0,0.0,0.0,0.0,0.0,0.571,0.571,0.714,1.286,232.0,0.569,250.0,5.0,0.0,0.0,0.0,0.0,0.0,/7HD8,
Jerry Browne#,29.0,FLA,NL,0.3,77.0,220.0,184.0,21.0,47.0,4.0,0.0,1.0,17.0,1.0,1.0,25.0,20.0,0.255,0.346,0.293,0.639,71.0,0.309,74.0,54.0,7.0,1.0,9.0,1.0,0.0,H4789/5,
Jerry Dipoto,27.0,NYM,NL,-0.1,58.0,6.0,5.0,0.0,0.0,0.0,0.0,0.0,0.0,0.0,0.0,0.0,3.0,0.0,0.0,0.0,0.0,-100.0,0.0,-190.0,0.0,0.0,0.0,1.0,0.0,0.0,1,
Jerry Goff*,31.0,HOU,NL,-0.1,12.0,30.0,26.0,2.0,4.0,2.0,0.0,1.0,3.0,0.0,0.0,4.0,13.0,0.154,0.267,0.346,0.613,66.0,0.278,61.0,9.0,1.0,0.0,0.0,0.0,0.0,2/H,
Jesse Levis*,27.0,CLE,AL,0.1,12.0,22.0,18.0,1.0,6.0,2.0,0.0,0.0,3.0,0.0,0.0,1.0,0.0,0.333,0.333,0.444,0.778,100.0,0.372,115.0,8.0,1.0,0.0,1.0,2.0,0.0,2/H,
Jesús Tavárez#,24.0,FLA,NL,1.3,63.0,211.0,190.0,31.0,55.0,6.0,2.0,2.0,13.0,7.0,5.0,16.0,27.0,0.289,0.346,0.374,0.72,90.0,0.337,97.0,71.0,1.0,1.0,3.0,1.0,1.0,89/H7,
Jim Bruske,30.0,LAD,NL,0.0,9.0,0.0,0.0,0.0,0.0,0.0,0.0,0.0,0.0,0.0,0.0,0.0,0.0,,,,,,,,0.0,0.0,0.0,0.0,0.0,0.0,/1,
Jim Bullinger,29.0,CHC,NL,0.1,25.0,62.0,47.0,1.0,6.0,3.0,0.0,0.0,5.0,0.0,0.0,5.0,16.0,0.128,0.204,0.191,0.395,7.0,0.204,-12.0,9.0,1.0,0.0,8.0,2.0,0.0,1/H,
Jim Deshaies*,35.0,PHI,NL,0.0,2.0,1.0,1.0,0.0,0.0,0.0,0.0,0.0,0.0,0.0,0.0,0.0,1.0,0.0,0.0,0.0,0.0,-100.0,0.0,-133.0,0.0,0.0,0.0,0.0,0.0,0.0,/1,
Jim Dougherty,27.0,HOU,NL,-0.1,56.0,9.0,8.0,1.0,1.0,0.0,0.0,0.0,0.0,0.0,0.0,0.0,2.0,0.125,0.125,0.125,0.25,-31.0,0.113,-74.0,1.0,0.0,0.0,1.0,0.0,0.0,1,
Jim Edmonds*,25.0,CAL,AL,5.6,141.0,620.0,558.0,120.0,162.0,30.0,4.0,33.0,107.0,1.0,4.0,51.0,130.0,0.29,0.352,0.536,0.888,129.0,0.378,122.0,299.0,10.0,5.0,1.0,5.0,4.0,*8/H,"AS,MVP-14"
Jim Eisenreich*,36.0,PHI,NL,2.8,129.0,423.0,377.0,46.0,119.0,22.0,2.0,10.0,55.0,10.0,0.0,38.0,44.0,0.316,0.375,0.464,0.839,122.0,0.38,121.0,175.0,7.0,1.0,2.0,5.0,4.0,*97H/8,
Jim Gott,35.0,PIT,NL,0.0,25.0,1.0,1.0,0.0,0.0,0.0,0.0,0.0,0.0,0.0,0.0,0.0,1.0,0.0,0.0,0.0,0.0,-100.0,0.0,-142.0,0.0,0.0,0.0,0.0,0.0,0.0,1,
Jim Leyritz,31.0,NYY,AL,0.4,77.0,310.0,264.0,37.0,71.0,12.0,0.0,7.0,37.0,1.0,1.0,37.0,73.0,0.269,0.374,0.394,0.768,102.0,0.355,105.0,104.0,4.0,8.0,0.0,1.0,2.0,23D/H,
Jim Tatum,27.0,COL,NL,-0.1,34.0,35.0,34.0,4.0,8.0,1.0,1.0,0.0,4.0,0.0,0.0,1.0,7.0,0.235,0.257,0.324,0.581,38.0,0.309,53.0,11.0,1.0,0.0,0.0,0.0,0.0,H/72,
Jim Thome*,24.0,CLE,AL,5.9,137.0,557.0,452.0,92.0,142.0,29.0,3.0,25.0,73.0,4.0,3.0,97.0,113.0,0.314,0.438,0.558,0.996,157.0,0.432,156.0,252.0,8.0,5.0,0.0,3.0,3.0,*5/HD,
Jody Reed,32.0,SDP,NL,1.4,131.0,515.0,445.0,58.0,114.0,18.0,1.0,4.0,40.0,6.0,4.0,59.0,38.0,0.256,0.348,0.328,0.676,82.0,0.326,90.0,146.0,9.0,5.0,3.0,3.0,1.0,*4/6H,
Joe Carter,35.0,TOR,AL,-0.2,139.0,603.0,558.0,70.0,141.0,23.0,0.0,25.0,76.0,12.0,1.0,37.0,87.0,0.253,0.3,0.428,0.728,88.0,0.327,82.0,239.0,11.0,3.0,0.0,5.0,5.0,*78/3D,
Joe Girardi,30.0,COL,NL,-0.6,125.0,506.0,462.0,63.0,121.0,17.0,2.0,8.0,55.0,3.0,3.0,29.0,76.0,0.262,0.308,0.359,0.667,59.0,0.311,54.0,166.0,15.0,2.0,12.0,1.0,0.0,*2/H,
Joe Grahe,27.0,COL,NL,0.3,17.0,18.0,12.0,1.0,5.0,1.0,0.0,0.0,2.0,0.0,0.0,0.0,3.0,0.417,0.417,0.5,0.917,118.0,0.406,131.0,6.0,0.0,0.0,6.0,0.0,0.0,1,
Joe Hall,29.0,DET,AL,-0.2,7.0,17.0,15.0,2.0,2.0,0.0,0.0,0.0,0.0,0.0,0.0,2.0,3.0,0.133,0.235,0.133,0.369,0.0,0.193,-7.0,2.0,1.0,0.0,0.0,0.0,0.0,/7HD,
Joe Kmak,32.0,CHC,NL,0.3,19.0,61.0,53.0,7.0,13.0,3.0,0.0,1.0,6.0,0.0,0.0,6.0,12.0,0.245,0.328,0.358,0.686,84.0,0.311,79.0,19.0,2.0,1.0,0.0,1.0,0.0,2/H5,
Joe Oliver,29.0,MIL,AL,0.6,97.0,369.0,337.0,43.0,92.0,20.0,0.0,12.0,51.0,2.0,4.0,27.0,66.0,0.273,0.332,0.439,0.772,95.0,0.341,92.0,148.0,11.0,3.0,2.0,0.0,1.0,2/D3H,
Joe Orsulak*,33.0,NYM,NL,-0.6,108.0,317.0,290.0,41.0,82.0,19.0,2.0,1.0,37.0,1.0,3.0,19.0,35.0,0.283,0.323,0.372,0.695,86.0,0.306,79.0,108.0,3.0,1.0,1.0,6.0,2.0,7H9/3,
Joe Randa,25.0,KCR,AL,-0.5,34.0,76.0,70.0,6.0,12.0,2.0,0.0,1.0,5.0,0.0,1.0,6.0,17.0,0.171,0.237,0.243,0.48,25.0,0.217,13.0,17.0,2.0,0.0,0.0,0.0,0.0,5/4HD,
Joe Rosselli,23.0,SFG,NL,0.0,9.0,11.0,10.0,1.0,2.0,0.0,0.0,0.0,1.0,0.0,0.0,0.0,3.0,0.2,0.2,0.2,0.4,9.0,0.181,-22.0,2.0,0.0,0.0,1.0,0.0,0.0,/1,
Joe Siddall*,27.0,MON,NL,-0.1,7.0,14.0,10.0,4.0,3.0,0.0,0.0,0.0,1.0,0.0,0.0,3.0,3.0,0.3,0.5,0.3,0.8,116.0,0.4,135.0,3.0,0.0,1.0,0.0,0.0,0.0,/2H,
Joe Vitiello,25.0,KCR,AL,-0.2,53.0,142.0,130.0,13.0,33.0,4.0,0.0,7.0,21.0,0.0,0.0,8.0,25.0,0.254,0.317,0.446,0.763,96.0,0.336,89.0,58.0,4.0,4.0,0.0,0.0,0.0,DH/3,
Joey Cora#,30.0,SEA,AL,0.3,120.0,487.0,427.0,64.0,127.0,19.0,2.0,3.0,39.0,18.0,7.0,37.0,31.0,0.297,0.359,0.372,0.731,91.0,0.339,90.0,159.0,8.0,6.0,13.0,4.0,0.0,*4H/6D,
Joey Eischen*,25.0,LAD,NL,0.0,17.0,1.0,1.0,0.0,0.0,0.0,0.0,0.0,0.0,0.0,0.0,0.0,1.0,0.0,0.0,0.0,0.0,-100.0,0.0,-125.0,0.0,0.0,0.0,0.0,0.0,0.0,1,
Joey Hamilton,24.0,SDP,NL,-0.4,31.0,73.0,65.0,4.0,7.0,2.0,0.0,0.0,3.0,0.0,0.0,2.0,38.0,0.108,0.132,0.138,0.271,-27.0,0.125,-64.0,9.0,1.0,0.0,5.0,1.0,0.0,1,
John Burkett,30.0,FLA,NL,-0.2,31.0,73.0,66.0,3.0,7.0,1.0,0.0,0.0,3.0,0.0,0.0,2.0,23.0,0.106,0.145,0.121,0.266,-29.0,0.155,-42.0,8.0,1.0,1.0,4.0,0.0,0.0,1/H,
John Cangelosi#,32.0,HOU,NL,1.8,90.0,256.0,201.0,46.0,64.0,5.0,2.0,2.0,18.0,21.0,5.0,48.0,42.0,0.318,0.457,0.393,0.85,136.0,0.411,149.0,79.0,3.0,4.0,2.0,1.0,2.0,H87/19,
John Courtright*,25.0,CIN,NL,0.0,1.0,0.0,0.0,0.0,0.0,0.0,0.0,0.0,0.0,0.0,0.0,0.0,0.0,,,,,,,,0.0,0.0,0.0,0.0,0.0,0.0,/1,
John Cummings*,26.0,LAD,NL,0.0,35.0,3.0,3.0,0.0,0.0,0.0,0.0,0.0,0.0,0.0,0.0,0.0,1.0,0.0,0.0,0.0,0.0,-100.0,0.0,-134.0,0.0,0.0,0.0,0.0,0.0,0.0,1,
John Doherty,28.0,DET,AL,0.0,2.0,0.0,0.0,0.0,0.0,0.0,0.0,0.0,0.0,0.0,0.0,0.0,0.0,,,,,,,,0.0,0.0,0.0,0.0,0.0,0.0,1,
John Ericks,27.0,PIT,NL,-0.3,19.0,37.0,31.0,2.0,3.0,1.0,0.0,0.0,1.0,0.0,0.0,0.0,12.0,0.097,0.097,0.129,0.226,-41.0,0.099,-109.0,4.0,0.0,0.0,6.0,0.0,0.0,1,
John Flaherty,27.0,DET,AL,-0.1,112.0,385.0,354.0,39.0,86.0,22.0,1.0,11.0,40.0,0.0,0.0,18.0,47.0,0.243,0.284,0.404,0.688,77.0,0.311,73.0,143.0,8.0,3.0,8.0,2.0,0.0,*2/H,
John Franco*,34.0,NYM,NL,0.0,48.0,0.0,0.0,0.0,0.0,0.0,0.0,0.0,0.0,0.0,0.0,0.0,0.0,,,,,,,,0.0,0.0,0.0,0.0,0.0,0.0,1,
John Frascatore,25.0,STL,NL,-0.1,14.0,9.0,7.0,0.0,0.0,0.0,0.0,0.0,0.0,0.0,0.0,1.0,6.0,0.0,0.125,0.0,0.125,-63.0,0.089,-100.0,0.0,0.0,0.0,1.0,0.0,0.0,1,
John Habyan,31.0,STL,NL,0.0,31.0,2.0,2.0,0.0,0.0,0.0,0.0,0.0,0.0,0.0,0.0,0.0,1.0,0.0,0.0,0.0,0.0,-100.0,0.0,-148.0,0.0,0.0,0.0,0.0,0.0,0.0,1,
John Hope,24.0,PIT,NL,0.0,3.0,0.0,0.0,0.0,0.0,0.0,0.0,0.0,0.0,0.0,0.0,0.0,0.0,,,,,,,,0.0,0.0,0.0,0.0,0.0,0.0,/1,
John Hudek#,28.0,HOU,NL,0.1,19.0,1.0,1.0,0.0,1.0,0.0,0.0,0.0,2.0,0.0,0.0,0.0,0.0,1.0,1.0,1.0,2.0,450.0,0.903,492.0,1.0,0.0,0.0,0.0,0.0,0.0,1,
John Jaha,29.0,MIL,AL,2.9,88.0,357.0,316.0,59.0,99.0,20.0,2.0,20.0,65.0,2.0,1.0,36.0,66.0,0.313,0.389,0.579,0.968,144.0,0.432,152.0,183.0,8.0,4.0,0.0,1.0,0.0,3/DH,
John Johnstone,26.0,FLA,NL,0.0,4.0,0.0,0.0,0.0,0.0,0.0,0.0,0.0,0.0,0.0,0.0,0.0,0.0,,,,,,,,0.0,0.0,0.0,0.0,0.0,0.0,/1,
John Kruk*,34.0,CHW,AL,0.4,45.0,188.0,159.0,13.0,49.0,7.0,0.0,2.0,23.0,0.0,1.0,26.0,33.0,0.308,0.399,0.39,0.789,111.0,0.364,116.0,62.0,5.0,0.0,0.0,3.0,0.0,D/H3,
John Mabry*,24.0,STL,NL,0.8,129.0,418.0,388.0,35.0,119.0,21.0,1.0,5.0,41.0,0.0,3.0,24.0,45.0,0.307,0.347,0.405,0.752,100.0,0.338,99.0,157.0,6.0,2.0,0.0,4.0,5.0,39H7,ROY-4
John Marzano,32.0,TEX,AL,-0.1,2.0,6.0,6.0,1.0,2.0,0.0,0.0,0.0,0.0,0.0,0.0,0.0,0.0,0.333,0.333,0.333,0.667,73.0,0.303,66.0,2.0,0.0,0.0,0.0,0.0,0.0,/2,
John Olerud*,26.0,TOR,AL,2.2,135.0,581.0,492.0,72.0,143.0,32.0,0.0,8.0,54.0,0.0,0.0,84.0,54.0,0.291,0.398,0.404,0.802,111.0,0.365,112.0,199.0,17.0,4.0,0.0,1.0,10.0,*3/H,
John Patterson#,28.0,SFG,NL,-0.3,95.0,237.0,205.0,27.0,42.0,5.0,3.0,1.0,14.0,4.0,2.0,14.0,41.0,0.205,0.294,0.273,0.568,55.0,0.274,53.0,56.0,7.0,12.0,6.0,0.0,1.0,4H,
John Roper,23.0,2TM,NL,0.0,3.0,2.0,1.0,0.0,0.0,0.0,0.0,0.0,0.0,0.0,0.0,0.0,0.0,0.0,0.0,0.0,0.0,-100.0,0.0,-375.0,0.0,0.0,0.0,1.0,0.0,0.0,/1,
John Roper,23.0,CIN,NL,0.0,2.0,2.0,1.0,0.0,0.0,0.0,0.0,0.0,0.0,0.0,0.0,0.0,0.0,0.0,0.0,0.0,0.0,-100.0,0.0,-375.0,0.0,0.0,0.0,1.0,0.0,0.0,/1,
John Roper,23.0,SFG,NL,0.0,1.0,0.0,0.0,0.0,0.0,0.0,0.0,0.0,0.0,0.0,0.0,0.0,0.0,,,,,,,,0.0,0.0,0.0,0.0,0.0,0.0,/1,
John Smiley*,30.0,CIN,NL,0.4,28.0,66.0,55.0,6.0,9.0,1.0,0.0,2.0,5.0,0.0,0.0,4.0,26.0,0.164,0.217,0.291,0.508,33.0,0.257,33.0,16.0,1.0,0.0,6.0,1.0,0.0,1,AS
John Smoltz,28.0,ATL,NL,-0.2,29.0,69.0,56.0,5.0,6.0,0.0,0.0,0.0,1.0,0.0,0.0,7.0,25.0,0.107,0.206,0.107,0.313,-15.0,0.165,-43.0,6.0,0.0,0.0,6.0,0.0,0.0,1,
John Valentin,28.0,BOS,AL,8.3,135.0,621.0,520.0,108.0,155.0,37.0,2.0,27.0,102.0,20.0,5.0,81.0,67.0,0.298,0.399,0.533,0.931,138.0,0.416,140.0,277.0,7.0,10.0,4.0,6.0,2.0,*6/H,"MVP-9,SS"
John Vander Wal*,29.0,COL,NL,0.9,105.0,118.0,101.0,15.0,35.0,8.0,1.0,5.0,21.0,1.0,1.0,16.0,23.0,0.347,0.432,0.594,1.026,142.0,0.437,146.0,60.0,2.0,0.0,0.0,1.0,5.0,H3/79,
John Wehner,28.0,PIT,NL,0.2,52.0,123.0,107.0,13.0,33.0,0.0,3.0,0.0,5.0,3.0,1.0,10.0,17.0,0.308,0.361,0.364,0.726,92.0,0.35,101.0,39.0,2.0,0.0,4.0,2.0,1.0,5H7/9826,
Johnny Damon*,21.0,KCR,AL,1.4,47.0,206.0,188.0,32.0,53.0,11.0,5.0,3.0,23.0,7.0,0.0,12.0,22.0,0.282,0.324,0.441,0.765,97.0,0.341,88.0,83.0,2.0,1.0,2.0,3.0,0.0,8/9H,
Johnny Ruffin,23.0,CIN,NL,0.0,10.0,2.0,2.0,0.0,0.0,0.0,0.0,0.0,0.0,0.0,0.0,0.0,0.0,0.0,0.0,0.0,0.0,-100.0,0.0,-148.0,0.0,0.0,0.0,0.0,0.0,0.0,1,
Jon Lieber*,25.0,PIT,NL,-0.3,21.0,21.0,21.0,0.0,1.0,0.0,0.0,0.0,0.0,0.0,0.0,0.0,14.0,0.048,0.048,0.048,0.095,-75.0,0.043,-115.0,1.0,1.0,0.0,0.0,0.0,0.0,1,
Jon Nunnally*,23.0,KCR,AL,2.5,119.0,360.0,303.0,51.0,74.0,15.0,6.0,14.0,42.0,6.0,4.0,51.0,86.0,0.244,0.357,0.472,0.829,113.0,0.363,110.0,143.0,4.0,2.0,4.0,0.0,5.0,*9H7/8D,ROY-8
Jorge Brito,29.0,COL,NL,-0.3,18.0,55.0,51.0,5.0,11.0,3.0,0.0,0.0,7.0,1.0,0.0,2.0,17.0,0.216,0.259,0.275,0.534,28.0,0.249,5.0,14.0,1.0,1.0,1.0,0.0,0.0,2,
Jorge Fábregas*,25.0,CAL,AL,-0.1,73.0,248.0,227.0,24.0,56.0,10.0,0.0,1.0,22.0,0.0,2.0,17.0,28.0,0.247,0.298,0.304,0.602,58.0,0.28,56.0,69.0,9.0,0.0,3.0,1.0,0.0,2/H,
Jorge Posada#,24.0,NYY,AL,0.0,1.0,0.0,0.0,0.0,0.0,0.0,0.0,0.0,0.0,0.0,0.0,0.0,0.0,,,,,,,,0.0,0.0,0.0,0.0,0.0,0.0,/2,
José Alberro,26.0,TEX,AL,0.0,1.0,0.0,0.0,0.0,0.0,0.0,0.0,0.0,0.0,0.0,0.0,0.0,0.0,,,,,,,,0.0,0.0,0.0,0.0,0.0,0.0,1,
José Bautista,30.0,SFG,NL,-0.3,52.0,20.0,18.0,0.0,0.0,0.0,0.0,0.0,0.0,0.0,0.0,1.0,9.0,0.0,0.053,0.0,0.053,-84.0,0.038,-124.0,0.0,0.0,0.0,1.0,0.0,0.0,1,
José Canseco,30.0,BOS,AL,2.6,102.0,450.0,396.0,64.0,121.0,25.0,1.0,24.0,81.0,4.0,0.0,42.0,93.0,0.306,0.378,0.556,0.933,137.0,0.409,137.0,220.0,9.0,7.0,0.0,5.0,4.0,*D/9,
José DeLeón,34.0,MON,NL,0.1,7.0,2.0,0.0,0.0,0.0,0.0,0.0,0.0,0.0,0.0,0.0,1.0,0.0,,1.0,,,,0.715,600.0,0.0,0.0,0.0,1.0,0.0,0.0,/1,
José Hernández,25.0,CHC,NL,1.3,93.0,268.0,245.0,37.0,60.0,11.0,4.0,13.0,40.0,1.0,0.0,13.0,69.0,0.245,0.281,0.482,0.762,99.0,0.323,86.0,118.0,8.0,0.0,8.0,2.0,3.0,645H,
José Herrera*,22.0,OAK,AL,0.1,33.0,77.0,70.0,9.0,17.0,1.0,2.0,0.0,2.0,1.0,3.0,6.0,11.0,0.243,0.299,0.314,0.613,67.0,0.274,70.0,22.0,1.0,0.0,0.0,1.0,0.0,8H/9D,
José Lind,31.0,2TM,AL,-0.7,44.0,147.0,140.0,9.0,33.0,5.0,0.0,0.0,7.0,0.0,1.0,6.0,12.0,0.236,0.267,0.271,0.539,41.0,0.25,33.0,38.0,5.0,0.0,1.0,0.0,0.0,4/H,
José Lind,31.0,KCR,AL,-0.4,29.0,101.0,97.0,4.0,26.0,3.0,0.0,0.0,6.0,0.0,1.0,3.0,8.0,0.268,0.29,0.299,0.589,54.0,0.273,49.0,29.0,2.0,0.0,1.0,0.0,0.0,4/H,
José Lind,31.0,CAL,AL,-0.3,15.0,46.0,43.0,5.0,7.0,2.0,0.0,0.0,1.0,0.0,0.0,3.0,4.0,0.163,0.217,0.209,0.427,13.0,0.201,-1.0,9.0,3.0,0.0,0.0,0.0,0.0,4,
José Mesa,29.0,CLE,AL,0.0,1.0,0.0,0.0,0.0,0.0,0.0,0.0,0.0,0.0,0.0,0.0,0.0,0.0,,,,,,,,0.0,0.0,0.0,0.0,0.0,0.0,1,"AS,CYA-2,MVP-4"
José Mota#,30.0,KCR,AL,0.0,2.0,2.0,2.0,0.0,0.0,0.0,0.0,0.0,0.0,0.0,0.0,0.0,0.0,0.0,0.0,0.0,0.0,-100.0,0.0,-144.0,0.0,0.0,0.0,0.0,0.0,0.0,/4H,
José Offerman#,26.0,LAD,NL,2.6,119.0,511.0,429.0,69.0,123.0,14.0,6.0,4.0,33.0,2.0,7.0,69.0,67.0,0.287,0.389,0.375,0.765,112.0,0.36,125.0,161.0,5.0,3.0,10.0,0.0,0.0,*6/H,AS
José Oliva,24.0,2TM,NL,-1.6,70.0,198.0,183.0,15.0,26.0,5.0,0.0,7.0,20.0,0.0,0.0,12.0,46.0,0.142,0.202,0.284,0.486,26.0,0.232,19.0,52.0,5.0,2.0,0.0,1.0,0.0,5H/3,
José Oliva,24.0,ATL,NL,-0.7,48.0,116.0,109.0,7.0,17.0,4.0,0.0,5.0,12.0,0.0,0.0,7.0,22.0,0.156,0.207,0.33,0.537,38.0,0.26,37.0,36.0,2.0,0.0,0.0,0.0,0.0,5H/3,
José Oliva,24.0,STL,NL,-0.9,22.0,82.0,74.0,8.0,9.0,1.0,0.0,2.0,8.0,0.0,0.0,5.0,24.0,0.122,0.195,0.216,0.411,10.0,0.193,-6.0,16.0,3.0,2.0,0.0,1.0,0.0,5/3H,
José Oquendo#,31.0,STL,NL,1.2,88.0,260.0,220.0,31.0,46.0,8.0,3.0,2.0,17.0,1.0,1.0,35.0,21.0,0.209,0.316,0.3,0.616,66.0,0.293,65.0,66.0,1.0,0.0,4.0,1.0,3.0,46/H59,
José Parra,22.0,LAD,NL,0.0,8.0,2.0,0.0,0.0,0.0,0.0,0.0,0.0,0.0,0.0,0.0,0.0,0.0,,,,,,,,0.0,0.0,0.0,2.0,0.0,0.0,/1,
José Rijo,30.0,CIN,NL,-0.1,14.0,24.0,22.0,1.0,3.0,1.0,0.0,0.0,3.0,0.0,0.0,0.0,3.0,0.136,0.136,0.182,0.318,-16.0,0.14,-58.0,4.0,0.0,0.0,2.0,0.0,0.0,1,
José Valentín#,25.0,MIL,AL,1.2,112.0,386.0,338.0,62.0,74.0,23.0,3.0,11.0,49.0,16.0,8.0,37.0,83.0,0.219,0.293,0.402,0.695,76.0,0.317,73.0,136.0,0.0,0.0,7.0,4.0,0.0,*6H/D5,
José Vizcaíno#,27.0,NYM,NL,1.4,135.0,561.0,509.0,66.0,146.0,21.0,5.0,3.0,56.0,8.0,3.0,35.0,76.0,0.287,0.332,0.365,0.698,88.0,0.332,94.0,186.0,14.0,1.0,13.0,3.0,4.0,*6/H4,
Josías Manzanillo,27.0,NYM,NL,0.0,12.0,0.0,0.0,0.0,0.0,0.0,0.0,0.0,0.0,0.0,0.0,0.0,0.0,,,,,,,,0.0,0.0,0.0,0.0,0.0,0.0,1,
Juan Acevedo,25.0,COL,NL,-0.3,17.0,19.0,18.0,0.0,1.0,0.0,0.0,0.0,0.0,0.0,0.0,1.0,6.0,0.056,0.105,0.056,0.161,-60.0,0.085,-106.0,1.0,2.0,0.0,0.0,0.0,0.0,1,
Juan Bell#,27.0,BOS,AL,-0.1,17.0,29.0,26.0,7.0,4.0,2.0,0.0,1.0,2.0,0.0,0.0,2.0,10.0,0.154,0.207,0.346,0.553,39.0,0.236,19.0,9.0,0.0,0.0,0.0,1.0,0.0,/64H5,
Juan Castro,23.0,LAD,NL,0.1,11.0,5.0,4.0,0.0,1.0,0.0,0.0,0.0,0.0,0.0,0.0,1.0,1.0,0.25,0.4,0.25,0.65,84.0,0.324,95.0,1.0,0.0,0.0,0.0,0.0,0.0,/56H,
Juan González,25.0,TEX,AL,1.7,90.0,374.0,352.0,57.0,104.0,20.0,2.0,27.0,82.0,0.0,0.0,17.0,66.0,0.295,0.324,0.594,0.917,130.0,0.394,128.0,209.0,15.0,0.0,0.0,5.0,3.0,D/7H,
Juan Samuel,34.0,2TM,AL,-0.2,91.0,237.0,205.0,31.0,54.0,10.0,1.0,12.0,39.0,6.0,4.0,29.0,49.0,0.263,0.36,0.498,0.858,121.0,0.379,122.0,102.0,3.0,2.0,1.0,0.0,1.0,H3D7/4,
Juan Samuel,34.0,DET,AL,-0.1,76.0,198.0,171.0,28.0,48.0,10.0,1.0,10.0,34.0,5.0,4.0,24.0,38.0,0.281,0.376,0.526,0.902,132.0,0.398,136.0,90.0,3.0,2.0,1.0,0.0,0.0,3HD/74,
Juan Samuel,34.0,KCR,AL,-0.1,15.0,39.0,34.0,3.0,6.0,0.0,0.0,2.0,5.0,1.0,0.0,5.0,11.0,0.176,0.282,0.353,0.635,64.0,0.282,47.0,12.0,0.0,0.0,0.0,0.0,1.0,/HD73,
Karim García*,19.0,LAD,NL,-0.3,13.0,20.0,20.0,1.0,4.0,0.0,0.0,0.0,0.0,0.0,0.0,0.0,4.0,0.2,0.2,0.2,0.4,11.0,0.181,-7.0,4.0,0.0,0.0,0.0,0.0,0.0,/H97,
Karl Rhodes*,26.0,2TM,2LG,-0.5,23.0,45.0,41.0,4.0,4.0,1.0,0.0,0.0,3.0,0.0,0.0,3.0,8.0,0.098,0.156,0.122,0.278,-26.0,0.157,-33.0,5.0,2.0,0.0,0.0,1.0,0.0,7H/8,
Karl Rhodes*,26.0,CHC,NL,-0.3,13.0,17.0,16.0,2.0,2.0,0.0,0.0,0.0,2.0,0.0,0.0,0.0,4.0,0.125,0.118,0.125,0.243,-35.0,0.16,-28.0,2.0,1.0,0.0,0.0,1.0,0.0,7/H,
Karl Rhodes*,26.0,BOS,AL,-0.3,10.0,28.0,25.0,2.0,2.0,1.0,0.0,0.0,1.0,0.0,0.0,3.0,4.0,0.08,0.179,0.12,0.299,-21.0,0.156,-36.0,3.0,1.0,0.0,0.0,0.0,0.0,/8H,
Keith Lockhart*,30.0,KCR,AL,1.8,94.0,300.0,274.0,41.0,88.0,19.0,3.0,6.0,33.0,8.0,1.0,14.0,21.0,0.321,0.355,0.478,0.833,114.0,0.373,112.0,131.0,2.0,4.0,1.0,7.0,2.0,4H5D,
Keith Miller,32.0,KCR,AL,0.0,9.0,17.0,15.0,2.0,5.0,0.0,0.0,1.0,3.0,0.0,0.0,2.0,4.0,0.333,0.412,0.533,0.945,144.0,0.416,144.0,8.0,1.0,0.0,0.0,0.0,0.0,/H7D9,
Kelly Stinnett,25.0,NYM,NL,0.0,77.0,231.0,196.0,23.0,43.0,8.0,1.0,4.0,18.0,2.0,0.0,29.0,65.0,0.219,0.338,0.332,0.669,81.0,0.317,82.0,65.0,3.0,6.0,0.0,0.0,3.0,2H,
Ken Caminiti#,32.0,SDP,NL,3.2,143.0,602.0,526.0,74.0,159.0,33.0,0.0,26.0,94.0,12.0,5.0,69.0,94.0,0.302,0.38,0.513,0.894,137.0,0.391,135.0,270.0,11.0,1.0,0.0,6.0,8.0,*5,GG
Ken Griffey Jr.*,25.0,SEA,AL,3.3,72.0,314.0,260.0,52.0,67.0,7.0,0.0,17.0,42.0,4.0,2.0,52.0,53.0,0.258,0.379,0.481,0.86,122.0,0.379,119.0,125.0,4.0,0.0,0.0,2.0,6.0,8/D,"AS,GG"
Ken Hill,29.0,STL,NL,0.0,18.0,39.0,31.0,1.0,6.0,0.0,0.0,0.0,3.0,0.0,0.0,2.0,10.0,0.194,0.235,0.194,0.429,16.0,0.201,-14.0,6.0,0.0,0.0,5.0,1.0,0.0,1,
Kenny Greer,28.0,SFG,NL,0.0,8.0,1.0,1.0,0.0,0.0,0.0,0.0,0.0,0.0,0.0,0.0,0.0,1.0,0.0,0.0,0.0,0.0,-100.0,0.0,-133.0,0.0,0.0,0.0,0.0,0.0,0.0,/1,
Kenny Lofton*,28.0,CLE,AL,4.1,118.0,529.0,481.0,93.0,149.0,22.0,13.0,7.0,53.0,54.0,15.0,40.0,49.0,0.31,0.362,0.453,0.815,110.0,0.374,109.0,218.0,6.0,1.0,4.0,3.0,6.0,*8/HD,"AS,GG"
Kent Mercker*,27.0,ATL,NL,-0.2,29.0,54.0,48.0,1.0,5.0,3.0,0.0,0.0,5.0,0.0,0.0,0.0,17.0,0.104,0.104,0.167,0.271,-31.0,0.136,-70.0,8.0,0.0,0.0,6.0,0.0,0.0,1,
Kevin Bass#,36.0,BAL,AL,-1.7,111.0,327.0,295.0,32.0,72.0,12.0,0.0,5.0,32.0,8.0,8.0,24.0,47.0,0.244,0.303,0.336,0.639,65.0,0.298,67.0,99.0,15.0,2.0,4.0,2.0,0.0,9H7D,
Kevin Elster,30.0,2TM,2LG,-0.1,36.0,83.0,70.0,11.0,13.0,5.0,1.0,1.0,9.0,0.0,0.0,8.0,19.0,0.186,0.272,0.329,0.6,58.0,0.276,50.0,23.0,1.0,1.0,2.0,2.0,1.0,6/3H54,
Kevin Elster,30.0,NYY,AL,-0.3,10.0,18.0,17.0,1.0,2.0,1.0,0.0,0.0,0.0,0.0,0.0,1.0,5.0,0.118,0.167,0.176,0.343,-10.0,0.161,-28.0,3.0,0.0,0.0,0.0,0.0,0.0,6/4,
Kevin Elster,30.0,PHI,NL,0.1,26.0,65.0,53.0,10.0,11.0,4.0,1.0,1.0,9.0,0.0,0.0,7.0,14.0,0.208,0.302,0.377,0.679,79.0,0.309,74.0,20.0,1.0,1.0,2.0,2.0,1.0,6/3H5,
Kevin Flora,26.0,2TM,2LG,-0.4,26.0,82.0,76.0,13.0,16.0,3.0,0.0,2.0,7.0,1.0,0.0,4.0,23.0,0.211,0.25,0.329,0.579,52.0,0.273,46.0,25.0,0.0,0.0,2.0,0.0,0.0,8/H7D,
Kevin Flora,26.0,CAL,AL,0.0,2.0,1.0,1.0,1.0,0.0,0.0,0.0,0.0,0.0,0.0,0.0,0.0,1.0,0.0,0.0,0.0,0.0,-100.0,0.0,-131.0,0.0,0.0,0.0,0.0,0.0,0.0,/HD,
Kevin Flora,26.0,PHI,NL,-0.4,24.0,81.0,75.0,12.0,16.0,3.0,0.0,2.0,7.0,1.0,0.0,4.0,22.0,0.213,0.253,0.333,0.586,54.0,0.276,48.0,25.0,0.0,0.0,2.0,0.0,0.0,8/H7,
Kevin Foster,26.0,CHC,NL,0.7,33.0,68.0,60.0,7.0,15.0,1.0,1.0,1.0,9.0,2.0,0.0,3.0,16.0,0.25,0.286,0.35,0.636,69.0,0.306,67.0,21.0,0.0,0.0,5.0,0.0,0.0,1/H,
Kevin Jarvis*,25.0,CIN,NL,0.0,19.0,23.0,21.0,2.0,3.0,1.0,0.0,0.0,0.0,0.0,0.0,0.0,8.0,0.143,0.182,0.19,0.372,-1.0,0.173,-26.0,4.0,0.0,1.0,1.0,0.0,0.0,1,
Kevin Jordan,25.0,PHI,NL,-0.1,24.0,57.0,54.0,6.0,10.0,1.0,0.0,2.0,6.0,0.0,0.0,2.0,9.0,0.185,0.228,0.315,0.543,42.0,0.234,21.0,17.0,0.0,1.0,0.0,0.0,1.0,H/45,
Kevin Lomon,23.0,NYM,NL,0.0,6.0,1.0,0.0,0.0,0.0,0.0,0.0,0.0,0.0,0.0,0.0,0.0,0.0,,,,,,,,0.0,0.0,0.0,1.0,0.0,0.0,/1,
Kevin Maas*,30.0,MIN,AL,-0.8,22.0,64.0,57.0,5.0,11.0,4.0,0.0,1.0,5.0,0.0,0.0,7.0,11.0,0.193,0.281,0.316,0.597,55.0,0.26,35.0,18.0,4.0,0.0,0.0,0.0,2.0,D/3H,
Kevin Ritz,30.0,COL,NL,0.0,31.0,63.0,48.0,3.0,9.0,1.0,0.0,0.0,2.0,1.0,1.0,2.0,20.0,0.188,0.25,0.208,0.458,11.0,0.232,-19.0,10.0,1.0,2.0,11.0,0.0,0.0,1,
Kevin Roberson#,27.0,CHC,NL,0.0,32.0,45.0,38.0,5.0,7.0,1.0,0.0,4.0,6.0,0.0,1.0,6.0,14.0,0.184,0.311,0.526,0.837,119.0,0.349,114.0,20.0,1.0,1.0,0.0,0.0,0.0,H7/9,
Kevin Sefcik,24.0,PHI,NL,-0.1,5.0,4.0,4.0,1.0,0.0,0.0,0.0,0.0,0.0,0.0,0.0,0.0,2.0,0.0,0.0,0.0,0.0,-100.0,0.0,-143.0,0.0,0.0,0.0,0.0,0.0,0.0,/H5,
Kevin Seitzer,33.0,MIL,AL,2.2,132.0,570.0,492.0,56.0,153.0,33.0,3.0,5.0,69.0,2.0,0.0,64.0,57.0,0.311,0.395,0.421,0.815,109.0,0.373,111.0,207.0,13.0,6.0,5.0,3.0,2.0,53D/H,AS
Kevin Stocker#,25.0,PHI,NL,-1.3,125.0,477.0,412.0,42.0,90.0,14.0,3.0,1.0,32.0,6.0,1.0,43.0,75.0,0.218,0.304,0.274,0.578,55.0,0.277,49.0,113.0,7.0,9.0,10.0,3.0,9.0,*6,
Kevin Tapani,31.0,LAD,NL,0.0,13.0,20.0,17.0,0.0,3.0,1.0,0.0,0.0,2.0,0.0,0.0,0.0,7.0,0.176,0.176,0.235,0.412,12.0,0.181,-25.0,4.0,0.0,0.0,3.0,0.0,0.0,1,
Kevin Young,26.0,PIT,NL,-0.5,56.0,195.0,181.0,13.0,42.0,9.0,0.0,6.0,22.0,1.0,3.0,8.0,53.0,0.232,0.268,0.381,0.649,69.0,0.278,56.0,69.0,5.0,2.0,1.0,3.0,0.0,5/3H,
Kirby Puckett,35.0,MIN,AL,3.1,137.0,602.0,538.0,83.0,169.0,39.0,0.0,23.0,99.0,3.0,2.0,56.0,89.0,0.314,0.379,0.515,0.894,130.0,0.393,130.0,277.0,15.0,3.0,0.0,5.0,18.0,*9D/8456H,"AS,MVP-21"
Kirk Gibson*,38.0,DET,AL,0.8,70.0,265.0,227.0,37.0,59.0,12.0,2.0,9.0,35.0,9.0,2.0,33.0,61.0,0.26,0.358,0.449,0.808,109.0,0.366,108.0,102.0,6.0,3.0,0.0,2.0,3.0,D/H9,
Kirk Rueter*,24.0,MON,NL,-0.3,9.0,18.0,16.0,0.0,0.0,0.0,0.0,0.0,1.0,0.0,0.0,0.0,6.0,0.0,0.0,0.0,0.0,-100.0,0.0,-178.0,0.0,0.0,0.0,2.0,0.0,0.0,/1,
Kirt Manwaring,29.0,SFG,NL,0.5,118.0,424.0,379.0,21.0,95.0,15.0,2.0,4.0,36.0,1.0,0.0,27.0,72.0,0.251,0.314,0.332,0.647,75.0,0.296,69.0,126.0,8.0,10.0,4.0,4.0,6.0,*2/H,
Kurt Abbott,26.0,FLA,NL,2.0,120.0,468.0,420.0,60.0,107.0,18.0,7.0,17.0,60.0,4.0,3.0,36.0,110.0,0.255,0.318,0.452,0.77,101.0,0.347,102.0,190.0,6.0,5.0,2.0,5.0,4.0,*6/H,
Kyle Abbott*,27.0,PHI,NL,0.1,18.0,2.0,2.0,1.0,1.0,0.0,0.0,0.0,0.0,0.0,0.0,0.0,1.0,0.5,0.5,0.5,1.0,167.0,0.451,178.0,1.0,0.0,0.0,0.0,0.0,0.0,1,
Lance Johnson*,31.0,CHW,AL,3.7,142.0,645.0,607.0,98.0,186.0,18.0,12.0,10.0,57.0,40.0,6.0,32.0,31.0,0.306,0.341,0.425,0.766,102.0,0.358,103.0,258.0,7.0,1.0,2.0,3.0,2.0,*8/HD,
Lance Painter*,27.0,COL,NL,0.0,33.0,11.0,9.0,0.0,1.0,1.0,0.0,0.0,0.0,0.0,0.0,1.0,4.0,0.111,0.2,0.222,0.422,1.0,0.198,-38.0,2.0,0.0,0.0,1.0,0.0,0.0,1/H,
Lance Parrish,39.0,TOR,AL,0.0,70.0,202.0,178.0,15.0,36.0,9.0,0.0,4.0,22.0,0.0,0.0,15.0,52.0,0.202,0.265,0.32,0.586,53.0,0.269,44.0,57.0,4.0,1.0,6.0,2.0,0.0,2/HD,
Larry Casian,29.0,CHC,NL,0.0,42.0,2.0,2.0,0.0,0.0,0.0,0.0,0.0,0.0,0.0,0.0,0.0,1.0,0.0,0.0,0.0,0.0,-100.0,0.0,-143.0,0.0,0.0,0.0,0.0,0.0,0.0,1,
Larry Walker*,28.0,COL,NL,4.7,131.0,562.0,494.0,96.0,151.0,31.0,5.0,36.0,101.0,16.0,3.0,49.0,72.0,0.306,0.381,0.607,0.988,131.0,0.429,135.0,300.0,13.0,14.0,0.0,5.0,13.0,*9/8H,MVP-7
Lee Hancock*,28.0,PIT,NL,0.0,11.0,0.0,0.0,0.0,0.0,0.0,0.0,0.0,0.0,0.0,0.0,0.0,0.0,,,,,,,,0.0,0.0,0.0,0.0,0.0,0.0,1,
Lee Tinsley#,26.0,BOS,AL,2.8,100.0,391.0,341.0,61.0,97.0,17.0,1.0,7.0,41.0,18.0,8.0,39.0,74.0,0.284,0.359,0.402,0.76,96.0,0.353,99.0,137.0,8.0,1.0,9.0,1.0,1.0,*8/H,
Lenny Dykstra*,32.0,PHI,NL,0.8,62.0,292.0,254.0,37.0,67.0,15.0,1.0,2.0,18.0,10.0,5.0,33.0,28.0,0.264,0.353,0.354,0.707,89.0,0.324,86.0,90.0,1.0,3.0,0.0,2.0,2.0,8/7H,AS
Lenny Harris*,30.0,CIN,NL,-0.2,101.0,215.0,197.0,32.0,41.0,8.0,3.0,2.0,16.0,10.0,1.0,14.0,20.0,0.208,0.259,0.31,0.569,50.0,0.278,46.0,61.0,6.0,0.0,3.0,1.0,0.0,H53/794,
Lenny Webster,30.0,PHI,NL,0.1,49.0,167.0,150.0,18.0,40.0,9.0,0.0,4.0,14.0,0.0,0.0,16.0,27.0,0.267,0.337,0.407,0.744,97.0,0.35,104.0,61.0,4.0,0.0,1.0,0.0,0.0,2/H,
Leo Gómez,29.0,BAL,AL,0.9,53.0,149.0,127.0,16.0,30.0,5.0,0.0,4.0,12.0,0.0,1.0,18.0,23.0,0.236,0.336,0.37,0.706,83.0,0.315,77.0,47.0,0.0,2.0,0.0,2.0,1.0,5H/D3,
Les Norman,26.0,KCR,AL,0.2,24.0,47.0,40.0,6.0,9.0,0.0,1.0,0.0,4.0,0.0,1.0,6.0,6.0,0.225,0.326,0.275,0.601,58.0,0.296,69.0,11.0,0.0,0.0,1.0,0.0,0.0,H/98D7,
Lou Frazier#,30.0,2TM,2LG,-0.8,84.0,185.0,162.0,25.0,33.0,4.0,0.0,0.0,11.0,13.0,1.0,15.0,32.0,0.204,0.286,0.228,0.514,36.0,0.278,37.0,37.0,3.0,4.0,3.0,1.0,0.0,7H8/9D4,
Lou Frazier#,30.0,MON,NL,-0.5,35.0,74.0,63.0,6.0,12.0,2.0,0.0,0.0,3.0,4.0,0.0,8.0,12.0,0.19,0.297,0.222,0.52,38.0,0.292,50.0,14.0,1.0,2.0,0.0,1.0,0.0,H87/94,
Lou Frazier#,30.0,TEX,AL,-0.3,49.0,111.0,99.0,19.0,21.0,2.0,0.0,0.0,8.0,9.0,1.0,7.0,20.0,0.212,0.278,0.232,0.51,33.0,0.268,29.0,23.0,2.0,2.0,3.0,0.0,0.0,7H/8D,
Lou Whitaker*,38.0,DET,AL,1.5,84.0,285.0,249.0,36.0,73.0,14.0,0.0,14.0,44.0,4.0,0.0,31.0,41.0,0.293,0.372,0.518,0.89,129.0,0.392,127.0,129.0,6.0,2.0,0.0,3.0,4.0,4H/D,
Luis Alicea#,29.0,BOS,AL,2.3,132.0,511.0,419.0,64.0,113.0,20.0,3.0,6.0,44.0,13.0,10.0,63.0,61.0,0.27,0.367,0.375,0.742,92.0,0.347,98.0,157.0,10.0,7.0,13.0,9.0,0.0,*4/H,
Luis Aquino,31.0,2TM,NL,0.1,34.0,6.0,4.0,0.0,1.0,0.0,0.0,0.0,0.0,0.0,0.0,1.0,2.0,0.25,0.4,0.25,0.65,76.0,0.324,92.0,1.0,0.0,0.0,0.0,0.0,0.0,1,
Luis Aquino,31.0,MON,NL,0.1,29.0,5.0,3.0,0.0,1.0,0.0,0.0,0.0,0.0,0.0,0.0,1.0,1.0,0.333,0.5,0.333,0.833,123.0,0.404,149.0,1.0,0.0,0.0,0.0,0.0,0.0,1,
Luis Aquino,31.0,SFG,NL,0.0,5.0,1.0,1.0,0.0,0.0,0.0,0.0,0.0,0.0,0.0,0.0,0.0,1.0,0.0,0.0,0.0,0.0,-100.0,0.0,-133.0,0.0,0.0,0.0,0.0,0.0,0.0,/1,
Luis Gonzalez*,27.0,2TM,NL,2.2,133.0,541.0,471.0,69.0,130.0,29.0,8.0,13.0,69.0,6.0,8.0,57.0,63.0,0.276,0.357,0.454,0.812,118.0,0.358,118.0,214.0,16.0,6.0,1.0,6.0,8.0,*7/8H,
Luis Gonzalez*,27.0,HOU,NL,0.2,56.0,234.0,209.0,35.0,54.0,10.0,4.0,6.0,35.0,1.0,3.0,18.0,30.0,0.258,0.322,0.431,0.753,104.0,0.332,103.0,90.0,8.0,3.0,1.0,3.0,3.0,7/H,
Luis Gonzalez*,27.0,CHC,NL,2.1,77.0,307.0,262.0,34.0,76.0,19.0,4.0,7.0,34.0,5.0,5.0,39.0,33.0,0.29,0.384,0.473,0.858,128.0,0.378,130.0,124.0,8.0,3.0,0.0,3.0,5.0,7/8H,
Luis Ortiz,25.0,TEX,AL,-0.9,41.0,115.0,108.0,10.0,25.0,5.0,2.0,1.0,18.0,0.0,1.0,6.0,18.0,0.231,0.27,0.343,0.612,57.0,0.307,71.0,37.0,7.0,0.0,0.0,1.0,0.0,5H/D,
Luis Polonia*,31.0,2TM,2LG,-0.2,95.0,326.0,291.0,43.0,76.0,16.0,3.0,2.0,17.0,13.0,4.0,28.0,38.0,0.261,0.322,0.357,0.679,78.0,0.309,70.0,104.0,3.0,0.0,3.0,4.0,1.0,7H/89D,
Luis Polonia*,31.0,NYY,AL,0.0,67.0,269.0,238.0,37.0,62.0,9.0,3.0,2.0,15.0,10.0,4.0,25.0,29.0,0.261,0.326,0.349,0.675,77.0,0.306,70.0,83.0,3.0,0.0,2.0,4.0,1.0,7H/D,
Luis Polonia*,31.0,ATL,NL,-0.2,28.0,57.0,53.0,6.0,14.0,7.0,0.0,0.0,2.0,3.0,0.0,3.0,9.0,0.264,0.304,0.396,0.7,81.0,0.322,71.0,21.0,0.0,0.0,1.0,0.0,0.0,H7/89,
Luis Sojo,30.0,SEA,AL,1.5,102.0,370.0,339.0,50.0,98.0,18.0,2.0,7.0,39.0,4.0,2.0,23.0,19.0,0.289,0.335,0.416,0.751,94.0,0.342,93.0,141.0,9.0,1.0,6.0,1.0,0.0,64/7H,
Lyle Mouton,26.0,CHW,AL,1.3,58.0,201.0,179.0,23.0,54.0,16.0,0.0,5.0,27.0,1.0,0.0,19.0,46.0,0.302,0.373,0.475,0.848,123.0,0.381,124.0,85.0,7.0,2.0,0.0,1.0,0.0,97/HD,
Mackey Sasser*,32.0,PIT,NL,-0.3,14.0,26.0,26.0,1.0,4.0,1.0,0.0,0.0,0.0,0.0,0.0,0.0,0.0,0.154,0.154,0.192,0.346,-9.0,0.153,-37.0,5.0,0.0,0.0,0.0,0.0,0.0,2/H,
Manny Alexander,24.0,BAL,AL,0.0,94.0,268.0,242.0,35.0,57.0,9.0,1.0,3.0,23.0,11.0,4.0,20.0,30.0,0.236,0.299,0.318,0.617,60.0,0.296,59.0,77.0,2.0,2.0,4.0,0.0,0.0,4H/65D,
Manny Ramírez,23.0,CLE,AL,3.0,137.0,571.0,484.0,85.0,149.0,26.0,1.0,31.0,107.0,6.0,6.0,75.0,112.0,0.308,0.402,0.558,0.96,147.0,0.413,145.0,270.0,13.0,5.0,2.0,5.0,6.0,*9/DH,"AS,MVP-12,SS"
Manuel Lee#,30.0,STL,NL,0.0,1.0,1.0,1.0,1.0,1.0,0.0,0.0,0.0,0.0,0.0,0.0,0.0,0.0,1.0,1.0,1.0,2.0,436.0,0.903,483.0,1.0,0.0,0.0,0.0,0.0,0.0,/4,
Marc Kroon#,22.0,SDP,NL,0.0,2.0,0.0,0.0,0.0,0.0,0.0,0.0,0.0,0.0,0.0,0.0,0.0,0.0,,,,,,,,0.0,0.0,0.0,0.0,0.0,0.0,/1,
Marc Newfield,22.0,2TM,2LG,0.4,45.0,146.0,140.0,13.0,33.0,8.0,1.0,4.0,21.0,0.0,0.0,5.0,24.0,0.236,0.267,0.393,0.66,71.0,0.305,69.0,55.0,5.0,1.0,0.0,0.0,1.0,7/H9,
Marc Newfield,22.0,SEA,AL,0.1,24.0,89.0,85.0,7.0,16.0,3.0,0.0,3.0,14.0,0.0,0.0,3.0,16.0,0.188,0.225,0.329,0.554,42.0,0.26,36.0,28.0,2.0,1.0,0.0,0.0,1.0,7/9,
Marc Newfield,22.0,SDP,NL,0.4,21.0,57.0,55.0,6.0,17.0,5.0,1.0,1.0,7.0,0.0,0.0,2.0,8.0,0.309,0.333,0.491,0.824,117.0,0.374,123.0,27.0,3.0,0.0,0.0,0.0,0.0,7/H,
Marc Valdes,23.0,FLA,NL,0.0,3.0,2.0,2.0,0.0,0.0,0.0,0.0,0.0,0.0,0.0,0.0,0.0,0.0,0.0,0.0,0.0,0.0,-100.0,0.0,-148.0,0.0,0.0,0.0,0.0,0.0,0.0,/1,
Mariano Duncan,32.0,2TM,NL,-0.1,81.0,277.0,265.0,36.0,76.0,14.0,2.0,6.0,36.0,1.0,3.0,5.0,62.0,0.287,0.297,0.423,0.72,89.0,0.331,94.0,112.0,7.0,1.0,1.0,5.0,0.0,46H3/75,
Mariano Duncan,32.0,PHI,NL,-0.6,52.0,201.0,196.0,20.0,56.0,12.0,1.0,3.0,23.0,1.0,2.0,0.0,43.0,0.286,0.285,0.403,0.688,80.0,0.318,84.0,79.0,6.0,1.0,1.0,3.0,0.0,463/H5,
Mariano Duncan,32.0,CIN,NL,0.5,29.0,76.0,69.0,16.0,20.0,2.0,1.0,3.0,13.0,0.0,1.0,5.0,19.0,0.29,0.329,0.478,0.807,111.0,0.365,120.0,33.0,1.0,0.0,0.0,2.0,0.0,H/4367,
Mario Díaz,33.0,FLA,NL,-0.5,49.0,89.0,87.0,5.0,20.0,3.0,0.0,1.0,6.0,0.0,0.0,1.0,12.0,0.23,0.239,0.299,0.537,41.0,0.238,23.0,26.0,4.0,0.0,1.0,0.0,0.0,H/465,
Mark Acre,26.0,OAK,AL,0.0,1.0,0.0,0.0,0.0,0.0,0.0,0.0,0.0,0.0,0.0,0.0,0.0,0.0,,,,,,,,0.0,0.0,0.0,0.0,0.0,0.0,1,
Mark Carreon,31.0,SFG,NL,2.9,117.0,426.0,396.0,53.0,119.0,24.0,0.0,17.0,65.0,0.0,1.0,23.0,37.0,0.301,0.343,0.49,0.833,122.0,0.379,130.0,194.0,7.0,4.0,0.0,3.0,1.0,39H/7,
Mark Dalesandro,27.0,CAL,AL,-0.1,11.0,10.0,10.0,1.0,1.0,1.0,0.0,0.0,0.0,0.0,0.0,0.0,2.0,0.1,0.1,0.2,0.3,-24.0,0.126,-53.0,2.0,0.0,0.0,0.0,0.0,0.0,/2H7D,
Mark Dewey,30.0,SFG,NL,0.0,27.0,1.0,1.0,0.0,0.0,0.0,0.0,0.0,0.0,0.0,0.0,0.0,1.0,0.0,0.0,0.0,0.0,-100.0,0.0,-133.0,0.0,0.0,0.0,0.0,0.0,0.0,1,
Mark Gardner,33.0,FLA,NL,0.0,39.0,25.0,21.0,1.0,4.0,0.0,0.0,0.0,1.0,0.0,0.0,0.0,6.0,0.19,0.19,0.19,0.381,1.0,0.172,-46.0,4.0,0.0,0.0,4.0,0.0,0.0,1,
Mark Grace*,31.0,CHC,NL,5.0,143.0,627.0,552.0,97.0,180.0,51.0,3.0,16.0,92.0,6.0,2.0,65.0,46.0,0.326,0.395,0.516,0.911,142.0,0.401,143.0,285.0,10.0,2.0,1.0,7.0,9.0,*3,"AS,MVP-13,GG"
Mark Grudzielanek,25.0,MON,NL,-0.2,78.0,293.0,269.0,27.0,66.0,12.0,2.0,1.0,20.0,8.0,3.0,14.0,47.0,0.245,0.3,0.316,0.616,61.0,0.29,56.0,85.0,7.0,7.0,3.0,0.0,4.0,654/H,
Mark Guthrie,29.0,2TM,2LG,0.1,25.0,1.0,1.0,0.0,0.0,0.0,0.0,0.0,0.0,0.0,0.0,0.0,0.0,0.0,0.0,0.0,0.0,-100.0,0.921,508.0,0.0,0.0,0.0,0.0,0.0,0.0,1,
Mark Guthrie,29.0,MIN,AL,0.0,1.0,0.0,0.0,0.0,0.0,0.0,0.0,0.0,0.0,0.0,0.0,0.0,0.0,,,,,,,,0.0,0.0,0.0,0.0,0.0,0.0,1,
Mark Guthrie,29.0,LAD,NL,0.1,24.0,1.0,1.0,0.0,0.0,0.0,0.0,0.0,0.0,0.0,0.0,0.0,0.0,0.0,0.0,0.0,0.0,-100.0,0.921,508.0,0.0,0.0,0.0,0.0,0.0,0.0,1,
Mark Johnson*,27.0,PIT,NL,0.0,79.0,261.0,221.0,32.0,46.0,6.0,1.0,13.0,28.0,5.0,2.0,37.0,66.0,0.208,0.326,0.421,0.746,95.0,0.338,93.0,93.0,2.0,2.0,0.0,1.0,2.0,3H,
Mark Leiter,32.0,SFG,NL,-0.2,30.0,74.0,61.0,2.0,6.0,0.0,0.0,0.0,5.0,0.0,0.0,4.0,33.0,0.098,0.154,0.098,0.252,-30.0,0.156,-47.0,6.0,2.0,0.0,9.0,0.0,0.0,1,
Mark Lemke#,29.0,ATL,NL,1.4,116.0,453.0,399.0,42.0,101.0,16.0,5.0,5.0,38.0,2.0,2.0,44.0,40.0,0.253,0.325,0.356,0.681,78.0,0.312,73.0,142.0,17.0,0.0,7.0,3.0,4.0,*4/H,
Mark Leonard*,30.0,SFG,NL,0.1,14.0,26.0,21.0,4.0,4.0,1.0,0.0,1.0,4.0,0.0,0.0,5.0,2.0,0.19,0.346,0.381,0.727,96.0,0.319,86.0,8.0,0.0,0.0,0.0,0.0,1.0,/H97,
Mark Lewis,25.0,CIN,NL,0.7,81.0,194.0,171.0,25.0,58.0,13.0,1.0,3.0,30.0,0.0,3.0,21.0,33.0,0.339,0.407,0.48,0.887,135.0,0.391,139.0,82.0,1.0,0.0,0.0,2.0,2.0,5H/46,
Mark Loretta,23.0,MIL,AL,0.3,19.0,56.0,50.0,13.0,13.0,3.0,0.0,1.0,3.0,1.0,1.0,4.0,7.0,0.26,0.327,0.38,0.707,80.0,0.348,98.0,19.0,1.0,1.0,1.0,0.0,0.0,6/4HD,
Mark McGwire,31.0,OAK,AL,5.5,104.0,422.0,317.0,75.0,87.0,13.0,0.0,39.0,90.0,1.0,1.0,88.0,77.0,0.274,0.441,0.685,1.125,200.0,0.475,197.0,217.0,9.0,11.0,0.0,6.0,5.0,3D/H,"AS,MVP-16"
Mark McLemore#,30.0,TEX,AL,1.4,129.0,542.0,467.0,73.0,122.0,20.0,5.0,5.0,41.0,21.0,11.0,59.0,71.0,0.261,0.346,0.358,0.703,82.0,0.331,85.0,167.0,10.0,3.0,10.0,3.0,6.0,74/9HD,
Mark Parent,33.0,2TM,NL,1.7,81.0,292.0,265.0,30.0,62.0,11.0,0.0,18.0,38.0,0.0,0.0,26.0,69.0,0.234,0.302,0.479,0.782,102.0,0.353,105.0,127.0,6.0,0.0,1.0,0.0,2.0,2/H,
Mark Parent,33.0,PIT,NL,1.3,69.0,257.0,233.0,25.0,54.0,9.0,0.0,15.0,33.0,0.0,0.0,23.0,62.0,0.232,0.301,0.464,0.764,98.0,0.349,101.0,108.0,5.0,0.0,1.0,0.0,2.0,2/H,
Mark Parent,33.0,CHC,NL,0.4,12.0,35.0,32.0,5.0,8.0,2.0,0.0,3.0,5.0,0.0,0.0,3.0,7.0,0.25,0.314,0.594,0.908,136.0,0.385,131.0,19.0,1.0,0.0,0.0,0.0,0.0,2/H,
Mark Petkovsek,29.0,STL,NL,-0.1,26.0,46.0,37.0,4.0,3.0,0.0,0.0,0.0,2.0,0.0,0.0,5.0,11.0,0.081,0.186,0.081,0.267,-25.0,0.146,-49.0,3.0,0.0,0.0,3.0,1.0,0.0,1,
Mark Portugal,32.0,2TM,NL,0.1,31.0,71.0,58.0,5.0,8.0,5.0,0.0,0.0,5.0,0.0,0.0,5.0,13.0,0.138,0.206,0.224,0.43,15.0,0.2,-15.0,13.0,1.0,0.0,8.0,0.0,0.0,1,
Mark Portugal,32.0,SFG,NL,-0.1,17.0,38.0,29.0,1.0,3.0,2.0,0.0,0.0,1.0,0.0,0.0,2.0,6.0,0.103,0.161,0.172,0.334,-10.0,0.157,-57.0,5.0,1.0,0.0,7.0,0.0,0.0,1,
Mark Portugal,32.0,CIN,NL,0.2,14.0,33.0,29.0,4.0,5.0,3.0,0.0,0.0,4.0,0.0,0.0,3.0,7.0,0.172,0.25,0.276,0.526,40.0,0.242,26.0,8.0,0.0,0.0,1.0,0.0,0.0,1,
Mark Smith,25.0,BAL,AL,0.1,37.0,120.0,104.0,11.0,24.0,5.0,0.0,3.0,15.0,3.0,0.0,12.0,22.0,0.231,0.314,0.365,0.679,75.0,0.306,63.0,38.0,4.0,1.0,2.0,1.0,2.0,97/HD,
Mark Sweeney*,25.0,STL,NL,-0.1,37.0,90.0,77.0,5.0,21.0,2.0,0.0,2.0,13.0,1.0,1.0,10.0,15.0,0.273,0.348,0.377,0.725,93.0,0.324,89.0,29.0,3.0,0.0,1.0,2.0,0.0,3H/7,
Mark Thompson,24.0,COL,NL,0.1,21.0,14.0,13.0,2.0,5.0,0.0,0.0,0.0,0.0,0.0,0.0,0.0,7.0,0.385,0.385,0.385,0.769,85.0,0.347,78.0,5.0,0.0,0.0,1.0,0.0,0.0,1,
Mark Whiten#,28.0,2TM,2LG,1.7,92.0,362.0,320.0,51.0,77.0,13.0,1.0,12.0,47.0,8.0,0.0,39.0,86.0,0.241,0.324,0.4,0.724,89.0,0.339,90.0,128.0,9.0,1.0,0.0,1.0,1.0,9/HD,
Mark Whiten#,28.0,BOS,AL,-0.1,32.0,117.0,108.0,13.0,20.0,3.0,0.0,1.0,10.0,1.0,0.0,8.0,23.0,0.185,0.239,0.241,0.48,24.0,0.241,21.0,26.0,5.0,0.0,0.0,1.0,0.0,9/HD,
Mark Whiten#,28.0,PHI,NL,1.8,60.0,245.0,212.0,38.0,57.0,10.0,1.0,11.0,37.0,7.0,0.0,31.0,63.0,0.269,0.365,0.481,0.846,122.0,0.387,125.0,102.0,4.0,1.0,0.0,0.0,1.0,9/H,
Mark Wohlers,25.0,ATL,NL,-0.1,65.0,3.0,3.0,0.0,0.0,0.0,0.0,0.0,0.0,0.0,0.0,0.0,3.0,0.0,0.0,0.0,0.0,-100.0,0.0,-149.0,0.0,0.0,0.0,0.0,0.0,0.0,1,
Marquis Grissom,28.0,ATL,NL,1.2,139.0,606.0,551.0,80.0,142.0,23.0,3.0,12.0,42.0,29.0,9.0,47.0,61.0,0.258,0.317,0.376,0.693,80.0,0.318,75.0,207.0,8.0,3.0,1.0,4.0,4.0,*8/H,GG
Marty Cordova,25.0,MIN,AL,3.3,137.0,579.0,512.0,81.0,142.0,27.0,4.0,24.0,84.0,20.0,7.0,52.0,111.0,0.277,0.352,0.486,0.839,115.0,0.372,113.0,249.0,10.0,10.0,0.0,5.0,1.0,*78,ROY-1
Marvin Benard*,24.0,SFG,NL,0.3,13.0,35.0,34.0,5.0,13.0,2.0,0.0,1.0,4.0,1.0,0.0,1.0,7.0,0.382,0.4,0.529,0.929,149.0,0.416,150.0,18.0,1.0,0.0,0.0,0.0,0.0,/8H,
Marvin Freeman,32.0,COL,NL,-0.2,22.0,30.0,23.0,2.0,2.0,0.0,0.0,1.0,4.0,0.0,0.0,1.0,16.0,0.087,0.125,0.217,0.342,-20.0,0.152,-98.0,5.0,0.0,0.0,6.0,0.0,0.0,1,
Matt Dunbar*,26.0,FLA,NL,0.0,8.0,0.0,0.0,0.0,0.0,0.0,0.0,0.0,0.0,0.0,0.0,0.0,0.0,,,,,,,,0.0,0.0,0.0,0.0,0.0,0.0,/1,
Matt Franco*,25.0,CHC,NL,0.1,16.0,17.0,17.0,3.0,5.0,1.0,0.0,0.0,1.0,0.0,0.0,0.0,4.0,0.294,0.294,0.353,0.647,72.0,0.287,62.0,6.0,0.0,0.0,0.0,0.0,0.0,H/435,
Matt Grott*,27.0,CIN,NL,0.0,2.0,0.0,0.0,0.0,0.0,0.0,0.0,0.0,0.0,0.0,0.0,0.0,0.0,,,,,,,,0.0,0.0,0.0,0.0,0.0,0.0,/1,
Matt Lawton*,23.0,MIN,AL,0.7,21.0,70.0,60.0,11.0,19.0,4.0,1.0,1.0,12.0,1.0,1.0,7.0,11.0,0.317,0.414,0.467,0.881,129.0,0.432,158.0,28.0,1.0,3.0,0.0,0.0,0.0,8/9H7D,
Matt Mantei,21.0,FLA,NL,0.0,12.0,0.0,0.0,0.0,0.0,0.0,0.0,0.0,0.0,0.0,0.0,0.0,0.0,,,,,,,,0.0,0.0,0.0,0.0,0.0,0.0,1,
Matt Merullo*,29.0,MIN,AL,-0.2,76.0,216.0,195.0,19.0,55.0,14.0,1.0,1.0,27.0,0.0,1.0,14.0,27.0,0.282,0.335,0.379,0.714,85.0,0.319,79.0,74.0,5.0,3.0,1.0,3.0,0.0,2HD/3,
Matt Mieske,27.0,MIL,AL,0.1,117.0,303.0,267.0,42.0,67.0,13.0,1.0,12.0,48.0,2.0,4.0,27.0,45.0,0.251,0.323,0.442,0.765,93.0,0.342,94.0,118.0,8.0,4.0,0.0,5.0,0.0,*9H/D,
Matt Murray*,24.0,ATL,NL,0.0,4.0,2.0,2.0,0.0,1.0,0.0,0.0,0.0,0.0,0.0,0.0,0.0,1.0,0.5,0.5,0.5,1.0,163.0,0.451,174.0,1.0,0.0,0.0,0.0,0.0,0.0,/1,
Matt Nokes*,31.0,2TM,2LG,-0.6,36.0,66.0,60.0,5.0,8.0,2.0,0.0,2.0,6.0,0.0,0.0,5.0,15.0,0.133,0.197,0.267,0.464,17.0,0.214,0.0,16.0,3.0,0.0,0.0,1.0,1.0,2H/D,
Matt Nokes*,31.0,BAL,AL,-0.5,26.0,54.0,49.0,4.0,6.0,1.0,0.0,2.0,6.0,0.0,0.0,4.0,11.0,0.122,0.185,0.265,0.45,15.0,0.218,8.0,13.0,2.0,0.0,0.0,1.0,0.0,2H/D,
Matt Nokes*,31.0,COL,NL,-0.1,10.0,12.0,11.0,1.0,2.0,1.0,0.0,0.0,0.0,0.0,0.0,1.0,4.0,0.182,0.25,0.273,0.523,25.0,0.197,-38.0,3.0,1.0,0.0,0.0,0.0,1.0,/H2,
Matt Stairs*,27.0,BOS,AL,-0.2,39.0,95.0,88.0,8.0,23.0,7.0,1.0,1.0,17.0,0.0,1.0,4.0,14.0,0.261,0.298,0.398,0.696,77.0,0.3,66.0,35.0,4.0,1.0,1.0,1.0,0.0,7H/9D,
Matt Walbeck#,25.0,MIN,AL,-0.1,115.0,422.0,393.0,40.0,101.0,18.0,1.0,1.0,44.0,3.0,1.0,25.0,71.0,0.257,0.302,0.316,0.617,61.0,0.292,58.0,124.0,11.0,1.0,1.0,2.0,2.0,*2/H,
Matt Whiteside,27.0,TEX,AL,0.0,1.0,0.0,0.0,0.0,0.0,0.0,0.0,0.0,0.0,0.0,0.0,0.0,0.0,,,,,,,,0.0,0.0,0.0,0.0,0.0,0.0,1,
Matt Williams,29.0,SFG,NL,4.6,76.0,318.0,283.0,53.0,95.0,17.0,1.0,23.0,65.0,2.0,0.0,30.0,58.0,0.336,0.399,0.647,1.046,177.0,0.454,183.0,183.0,8.0,2.0,0.0,3.0,8.0,5/H,AS
Mel Rojas,28.0,MON,NL,-0.1,59.0,8.0,6.0,0.0,0.0,0.0,0.0,0.0,0.0,0.0,0.0,0.0,4.0,0.0,0.0,0.0,0.0,-100.0,0.0,-230.0,0.0,0.0,0.0,2.0,0.0,0.0,1,
Melvin Nieves#,23.0,SDP,NL,-1.1,98.0,262.0,234.0,32.0,48.0,6.0,1.0,14.0,38.0,2.0,3.0,19.0,88.0,0.205,0.276,0.419,0.695,83.0,0.31,81.0,98.0,9.0,5.0,1.0,3.0,0.0,7H9/83,
Michael Mimbs*,26.0,PHI,NL,-0.2,35.0,43.0,35.0,2.0,5.0,1.0,0.0,0.0,2.0,0.0,0.0,0.0,12.0,0.143,0.143,0.171,0.314,-17.0,0.139,-78.0,6.0,0.0,0.0,8.0,0.0,0.0,1,
Michael Tucker*,24.0,KCR,AL,-0.3,62.0,198.0,177.0,23.0,46.0,10.0,0.0,4.0,17.0,2.0,3.0,18.0,51.0,0.26,0.332,0.384,0.716,86.0,0.323,84.0,68.0,3.0,1.0,2.0,0.0,2.0,7DH/98,
Mickey Morandini*,29.0,PHI,NL,2.5,127.0,550.0,494.0,65.0,140.0,34.0,7.0,6.0,49.0,9.0,6.0,42.0,80.0,0.283,0.35,0.417,0.767,103.0,0.347,104.0,206.0,11.0,9.0,4.0,1.0,3.0,*4/H,AS
Mickey Tettleton#,34.0,TEX,AL,2.5,134.0,547.0,429.0,76.0,102.0,19.0,1.0,32.0,78.0,0.0,0.0,107.0,110.0,0.238,0.396,0.51,0.906,132.0,0.405,135.0,219.0,8.0,7.0,1.0,3.0,5.0,9D/32H7,
Midre Cummings*,23.0,PIT,NL,-0.4,59.0,165.0,152.0,13.0,37.0,7.0,1.0,2.0,15.0,1.0,0.0,13.0,30.0,0.243,0.303,0.342,0.645,70.0,0.291,59.0,52.0,1.0,0.0,0.0,0.0,3.0,H89/7,
Mike Aldrete*,34.0,2TM,AL,0.5,78.0,172.0,149.0,19.0,40.0,8.0,0.0,4.0,24.0,0.0,0.0,19.0,31.0,0.268,0.349,0.403,0.752,102.0,0.351,110.0,60.0,4.0,1.0,0.0,3.0,1.0,H37/9D8,
Mike Aldrete*,34.0,OAK,AL,0.6,60.0,147.0,125.0,18.0,34.0,8.0,0.0,4.0,21.0,0.0,0.0,19.0,23.0,0.272,0.367,0.432,0.799,116.0,0.374,127.0,54.0,3.0,1.0,0.0,2.0,1.0,3H/798,
Mike Aldrete*,34.0,CAL,AL,-0.1,18.0,25.0,24.0,1.0,6.0,0.0,0.0,0.0,3.0,0.0,0.0,0.0,8.0,0.25,0.24,0.25,0.49,29.0,0.218,11.0,6.0,1.0,0.0,0.0,1.0,0.0,H/7D3,
Mike Benjamin,29.0,SFG,NL,0.4,68.0,202.0,186.0,19.0,41.0,6.0,0.0,3.0,12.0,11.0,1.0,8.0,51.0,0.22,0.256,0.301,0.557,50.0,0.275,45.0,56.0,3.0,1.0,7.0,0.0,3.0,56H/4,
Mike Birkbeck,34.0,NYM,NL,0.2,4.0,9.0,6.0,1.0,2.0,0.0,0.0,0.0,0.0,0.0,0.0,1.0,1.0,0.333,0.5,0.333,0.833,130.0,0.408,154.0,2.0,0.0,1.0,1.0,0.0,0.0,/1,
Mike Blowers,30.0,SEA,AL,1.5,134.0,498.0,439.0,59.0,113.0,24.0,1.0,23.0,96.0,2.0,1.0,53.0,128.0,0.257,0.335,0.474,0.809,108.0,0.359,105.0,208.0,18.0,0.0,3.0,3.0,0.0,*5H/397,
Mike Bordick,29.0,OAK,AL,2.9,126.0,478.0,428.0,46.0,113.0,13.0,0.0,8.0,44.0,11.0,3.0,35.0,48.0,0.264,0.325,0.35,0.675,84.0,0.314,84.0,150.0,8.0,5.0,7.0,3.0,2.0,*6/DH,
Mike Brumley#,33.0,HOU,NL,-0.4,18.0,18.0,18.0,1.0,1.0,0.0,0.0,1.0,2.0,1.0,0.0,0.0,6.0,0.056,0.056,0.222,0.278,-28.0,0.126,-56.0,4.0,0.0,0.0,0.0,0.0,0.0,H/6735,
Mike Busch,26.0,LAD,NL,0.1,13.0,17.0,17.0,3.0,4.0,0.0,0.0,3.0,6.0,0.0,0.0,0.0,7.0,0.235,0.235,0.765,1.0,161.0,0.411,156.0,13.0,0.0,0.0,0.0,0.0,0.0,5/H3,
Mike Cameron,22.0,CHW,AL,0.1,28.0,44.0,38.0,4.0,7.0,2.0,0.0,1.0,2.0,0.0,0.0,3.0,15.0,0.184,0.244,0.316,0.56,47.0,0.274,49.0,12.0,0.0,0.0,3.0,0.0,0.0,9/8H,
Mike Devereaux,32.0,2TM,2LG,2.2,121.0,418.0,388.0,55.0,116.0,24.0,1.0,11.0,63.0,8.0,6.0,27.0,62.0,0.299,0.342,0.451,0.793,108.0,0.35,106.0,175.0,11.0,0.0,0.0,3.0,3.0,*98H7,
Mike Devereaux,32.0,CHW,AL,1.8,92.0,361.0,333.0,48.0,102.0,21.0,1.0,10.0,55.0,6.0,6.0,25.0,51.0,0.306,0.352,0.465,0.817,115.0,0.359,114.0,155.0,10.0,0.0,0.0,3.0,3.0,9/8H,
Mike Devereaux,32.0,ATL,NL,0.4,29.0,57.0,55.0,7.0,14.0,3.0,0.0,1.0,8.0,2.0,0.0,2.0,11.0,0.255,0.281,0.364,0.644,67.0,0.294,55.0,20.0,1.0,0.0,0.0,0.0,0.0,7H/89,
Mike Dyer,28.0,PIT,NL,0.2,55.0,8.0,7.0,1.0,4.0,0.0,0.0,0.0,1.0,0.0,0.0,0.0,2.0,0.571,0.571,0.571,1.143,202.0,0.516,237.0,4.0,0.0,0.0,1.0,0.0,0.0,1,
Mike Fetters,30.0,MIL,AL,0.0,1.0,0.0,0.0,0.0,0.0,0.0,0.0,0.0,0.0,0.0,0.0,0.0,0.0,,,,,,,,0.0,0.0,0.0,0.0,0.0,0.0,1,
Mike Gallego,34.0,OAK,AL,-0.4,43.0,132.0,120.0,11.0,28.0,0.0,0.0,0.0,8.0,0.0,1.0,9.0,24.0,0.233,0.292,0.233,0.526,45.0,0.263,52.0,28.0,3.0,1.0,2.0,0.0,0.0,465/H,
Mike Grace,25.0,PHI,NL,-0.1,2.0,4.0,2.0,0.0,0.0,0.0,0.0,0.0,0.0,0.0,0.0,0.0,2.0,0.0,0.0,0.0,0.0,-100.0,0.0,-396.0,0.0,0.0,0.0,2.0,0.0,0.0,/1,
Mike Greenwell*,31.0,BOS,AL,2.9,120.0,525.0,481.0,67.0,143.0,25.0,4.0,15.0,76.0,9.0,5.0,38.0,35.0,0.297,0.349,0.459,0.808,106.0,0.366,109.0,221.0,18.0,2.0,0.0,4.0,4.0,*7/D,
Mike Hampton,22.0,HOU,NL,0.3,24.0,57.0,48.0,7.0,7.0,0.0,0.0,0.0,0.0,0.0,0.0,4.0,14.0,0.146,0.226,0.146,0.372,5.0,0.222,15.0,7.0,0.0,1.0,4.0,0.0,0.0,1,
Mike Henneman,33.0,2TM,2LG,0.0,22.0,0.0,0.0,0.0,0.0,0.0,0.0,0.0,0.0,0.0,0.0,0.0,0.0,,,,,,,,0.0,0.0,0.0,0.0,0.0,0.0,1,
Mike Henneman,33.0,DET,AL,0.0,1.0,0.0,0.0,0.0,0.0,0.0,0.0,0.0,0.0,0.0,0.0,0.0,0.0,,,,,,,,0.0,0.0,0.0,0.0,0.0,0.0,1,
Mike Henneman,33.0,HOU,NL,0.0,21.0,0.0,0.0,0.0,0.0,0.0,0.0,0.0,0.0,0.0,0.0,0.0,0.0,,,,,,,,0.0,0.0,0.0,0.0,0.0,0.0,1,
Mike Hubbard,24.0,CHC,NL,-0.2,15.0,25.0,23.0,2.0,4.0,0.0,0.0,0.0,1.0,0.0,0.0,2.0,2.0,0.174,0.24,0.174,0.414,13.0,0.202,1.0,4.0,1.0,0.0,0.0,0.0,0.0,/2H,
Mike Huff,31.0,TOR,AL,0.3,61.0,168.0,138.0,14.0,32.0,9.0,1.0,1.0,9.0,1.0,1.0,22.0,21.0,0.232,0.337,0.333,0.671,77.0,0.31,74.0,46.0,4.0,1.0,5.0,2.0,0.0,8H9/7,
Mike Jackson,30.0,CIN,NL,0.0,40.0,4.0,4.0,0.0,1.0,0.0,0.0,0.0,0.0,0.0,0.0,0.0,0.0,0.25,0.25,0.25,0.5,33.0,0.226,17.0,1.0,0.0,0.0,0.0,0.0,0.0,1,
Mike Kelly,25.0,ATL,NL,-0.3,97.0,153.0,137.0,26.0,26.0,6.0,1.0,3.0,17.0,7.0,3.0,11.0,49.0,0.19,0.258,0.314,0.572,49.0,0.272,44.0,43.0,2.0,2.0,2.0,1.0,0.0,7H9/8,
Mike Kingery*,34.0,COL,NL,0.0,119.0,402.0,350.0,66.0,94.0,18.0,4.0,8.0,37.0,13.0,5.0,45.0,40.0,0.269,0.351,0.411,0.762,81.0,0.356,84.0,144.0,7.0,0.0,6.0,1.0,1.0,*8H/3,
Mike Lansing,27.0,MON,NL,1.3,127.0,502.0,467.0,47.0,119.0,30.0,2.0,10.0,62.0,27.0,4.0,28.0,65.0,0.255,0.299,0.392,0.691,79.0,0.321,73.0,183.0,14.0,3.0,1.0,3.0,2.0,*4/6,
Mike LaValliere*,34.0,CHW,AL,0.6,46.0,109.0,98.0,7.0,24.0,6.0,0.0,1.0,19.0,0.0,0.0,9.0,15.0,0.245,0.303,0.337,0.639,70.0,0.298,69.0,33.0,3.0,0.0,0.0,2.0,0.0,2/H,
Mike Lieberthal,23.0,PHI,NL,-0.3,16.0,54.0,47.0,1.0,12.0,2.0,0.0,0.0,4.0,0.0,0.0,5.0,5.0,0.255,0.327,0.298,0.625,68.0,0.291,61.0,14.0,1.0,0.0,2.0,0.0,0.0,2/H,
Mike Macfarlane,31.0,BOS,AL,1.1,115.0,420.0,364.0,45.0,82.0,18.0,1.0,15.0,51.0,2.0,1.0,38.0,78.0,0.225,0.319,0.404,0.723,85.0,0.332,85.0,147.0,9.0,14.0,0.0,4.0,0.0,*2/HD,
Mike Maddux*,33.0,PIT,NL,0.0,8.0,0.0,0.0,0.0,0.0,0.0,0.0,0.0,0.0,0.0,0.0,0.0,0.0,,,,,,,,0.0,0.0,0.0,0.0,0.0,0.0,/1,
Mike Matheny,24.0,MIL,AL,0.1,80.0,181.0,166.0,13.0,41.0,9.0,1.0,0.0,21.0,2.0,1.0,12.0,28.0,0.247,0.306,0.313,0.619,59.0,0.306,65.0,52.0,3.0,2.0,1.0,0.0,0.0,2/H,
Mike Mohler,26.0,OAK,AL,0.0,1.0,0.0,0.0,0.0,0.0,0.0,0.0,0.0,0.0,0.0,0.0,0.0,0.0,,,,,,,,0.0,0.0,0.0,0.0,0.0,0.0,1,
Mike Mordecai,27.0,ATL,NL,0.2,69.0,87.0,75.0,10.0,21.0,6.0,0.0,3.0,11.0,0.0,0.0,9.0,16.0,0.28,0.353,0.48,0.833,115.0,0.375,118.0,36.0,0.0,0.0,2.0,1.0,0.0,H4/3568,
Mike Morgan,35.0,2TM,NL,-0.4,21.0,45.0,38.0,2.0,2.0,0.0,0.0,0.0,0.0,0.0,0.0,3.0,20.0,0.053,0.122,0.053,0.175,-51.0,0.096,-90.0,2.0,0.0,0.0,4.0,0.0,0.0,1,
Mike Morgan,35.0,CHC,NL,0.0,4.0,8.0,7.0,1.0,1.0,0.0,0.0,0.0,0.0,0.0,0.0,0.0,2.0,0.143,0.143,0.143,0.286,-23.0,0.129,-71.0,1.0,0.0,0.0,1.0,0.0,0.0,/1,
Mike Morgan,35.0,STL,NL,-0.3,17.0,37.0,31.0,1.0,1.0,0.0,0.0,0.0,0.0,0.0,0.0,3.0,18.0,0.032,0.118,0.032,0.15,-57.0,0.09,-94.0,1.0,0.0,0.0,3.0,0.0,0.0,1,
Mike Munoz*,29.0,COL,NL,0.2,64.0,4.0,2.0,1.0,1.0,1.0,0.0,0.0,1.0,0.0,0.0,2.0,1.0,0.5,0.75,1.0,1.75,313.0,0.674,309.0,2.0,0.0,0.0,0.0,0.0,0.0,1,
Mike Myers*,26.0,FLA,NL,0.0,2.0,0.0,0.0,0.0,0.0,0.0,0.0,0.0,0.0,0.0,0.0,0.0,0.0,,,,,,,,0.0,0.0,0.0,0.0,0.0,0.0,/1,
Mike Pagliarulo*,35.0,TEX,AL,0.0,86.0,262.0,241.0,27.0,56.0,16.0,0.0,4.0,27.0,0.0,0.0,15.0,49.0,0.232,0.277,0.349,0.625,60.0,0.279,47.0,84.0,10.0,1.0,2.0,3.0,2.0,5H3,
Mike Piazza,26.0,LAD,NL,6.2,112.0,475.0,434.0,82.0,150.0,17.0,0.0,32.0,93.0,1.0,0.0,39.0,80.0,0.346,0.4,0.606,1.006,172.0,0.449,184.0,263.0,10.0,1.0,0.0,1.0,10.0,*2/H,"AS,MVP-4,SS"
Mike Pérez,30.0,CHC,NL,0.1,68.0,7.0,4.0,1.0,0.0,0.0,0.0,0.0,0.0,0.0,0.0,2.0,4.0,0.0,0.333,0.0,0.333,-1.0,0.392,141.0,0.0,0.0,0.0,1.0,0.0,0.0,1,
Mike Remlinger*,29.0,2TM,NL,0.0,7.0,1.0,1.0,0.0,0.0,0.0,0.0,0.0,0.0,0.0,0.0,0.0,0.0,0.0,0.0,0.0,0.0,-100.0,0.0,-133.0,0.0,0.0,0.0,0.0,0.0,0.0,/1,
Mike Remlinger*,29.0,NYM,NL,0.0,5.0,1.0,1.0,0.0,0.0,0.0,0.0,0.0,0.0,0.0,0.0,0.0,0.0,0.0,0.0,0.0,0.0,-100.0,0.0,-133.0,0.0,0.0,0.0,0.0,0.0,0.0,/1,
Mike Remlinger*,29.0,CIN,NL,0.0,2.0,0.0,0.0,0.0,0.0,0.0,0.0,0.0,0.0,0.0,0.0,0.0,0.0,,,,,,,,0.0,0.0,0.0,0.0,0.0,0.0,/1,
Mike Sharperson,33.0,ATL,NL,-0.1,7.0,7.0,7.0,1.0,1.0,1.0,0.0,0.0,2.0,0.0,0.0,0.0,2.0,0.143,0.143,0.286,0.429,8.0,0.181,-20.0,2.0,0.0,0.0,0.0,0.0,0.0,/H5,
Mike Simms,28.0,HOU,NL,0.9,50.0,138.0,121.0,14.0,31.0,4.0,0.0,9.0,24.0,1.0,2.0,13.0,28.0,0.256,0.341,0.512,0.853,130.0,0.371,131.0,62.0,3.0,3.0,0.0,1.0,0.0,3H9,
Mike Stanley,32.0,NYY,AL,3.0,118.0,470.0,399.0,63.0,107.0,29.0,1.0,18.0,83.0,1.0,1.0,57.0,106.0,0.268,0.36,0.481,0.841,118.0,0.378,120.0,192.0,14.0,5.0,0.0,9.0,1.0,*2D/H,AS
Mike Stanton*,28.0,ATL,NL,0.0,26.0,0.0,0.0,0.0,0.0,0.0,0.0,0.0,0.0,0.0,0.0,0.0,0.0,,,,,,,,0.0,0.0,0.0,0.0,0.0,0.0,1,
Mike Sweeney,21.0,KCR,AL,0.0,4.0,4.0,4.0,1.0,1.0,0.0,0.0,0.0,0.0,0.0,0.0,0.0,0.0,0.25,0.25,0.25,0.5,31.0,0.227,16.0,1.0,0.0,0.0,0.0,0.0,0.0,/2H,
Mike Walker,28.0,CHC,NL,-0.1,42.0,3.0,3.0,0.0,0.0,0.0,0.0,0.0,0.0,0.0,0.0,0.0,1.0,0.0,0.0,0.0,0.0,-100.0,0.0,-143.0,0.0,0.0,0.0,0.0,0.0,0.0,1,
Mike Williams,26.0,PHI,NL,0.0,33.0,24.0,16.0,0.0,2.0,1.0,0.0,0.0,1.0,0.0,0.0,1.0,5.0,0.125,0.176,0.188,0.364,-3.0,0.17,-74.0,3.0,0.0,0.0,7.0,0.0,0.0,1,
Milt Cuyler#,26.0,DET,AL,-0.2,41.0,98.0,88.0,15.0,18.0,1.0,4.0,0.0,5.0,2.0,1.0,8.0,16.0,0.205,0.271,0.307,0.578,51.0,0.291,59.0,27.0,0.0,0.0,2.0,0.0,0.0,7H/D89,
Milt Thompson*,36.0,HOU,NL,-0.2,92.0,150.0,132.0,14.0,29.0,9.0,0.0,2.0,19.0,4.0,2.0,14.0,37.0,0.22,0.297,0.333,0.631,72.0,0.297,74.0,44.0,3.0,1.0,2.0,1.0,3.0,H97/8,
Mitch Webster#,36.0,LAD,NL,-0.4,54.0,63.0,56.0,6.0,10.0,1.0,1.0,1.0,3.0,0.0,0.0,4.0,14.0,0.179,0.246,0.286,0.532,46.0,0.235,28.0,16.0,1.0,1.0,2.0,0.0,1.0,H79/8,
MLB Average,,,,,,,,,,,,,,,,,,0.267,0.338,0.417,0.755,100.0,0.344,100.0,,,,,,,,
Mo Sanford,28.0,MIN,AL,0.0,1.0,0.0,0.0,0.0,0.0,0.0,0.0,0.0,0.0,0.0,0.0,0.0,0.0,,,,,,,,0.0,0.0,0.0,0.0,0.0,0.0,1,
Mo Vaughn*,27.0,BOS,AL,4.3,140.0,636.0,550.0,98.0,165.0,28.0,3.0,39.0,126.0,11.0,4.0,68.0,150.0,0.3,0.388,0.575,0.963,144.0,0.411,139.0,316.0,17.0,14.0,0.0,4.0,17.0,*3/D,"AS,MVP-1,SS"
Moisés Alou,28.0,MON,NL,1.2,93.0,386.0,344.0,48.0,94.0,22.0,0.0,14.0,58.0,4.0,3.0,29.0,56.0,0.273,0.342,0.459,0.801,107.0,0.357,107.0,158.0,9.0,9.0,0.0,4.0,6.0,79/8H,
Nelson Liriano#,31.0,PIT,NL,0.0,107.0,289.0,259.0,29.0,74.0,12.0,1.0,5.0,38.0,2.0,2.0,24.0,34.0,0.286,0.347,0.398,0.745,96.0,0.338,95.0,103.0,2.0,2.0,1.0,3.0,3.0,4H/56,
Nigel Wilson*,25.0,CIN,NL,-0.1,5.0,7.0,7.0,0.0,0.0,0.0,0.0,0.0,0.0,0.0,0.0,0.0,4.0,0.0,0.0,0.0,0.0,-100.0,0.0,-143.0,0.0,0.0,0.0,0.0,0.0,0.0,/H7,
Noe Muñoz,27.0,LAD,NL,0.0,2.0,1.0,1.0,0.0,0.0,0.0,0.0,0.0,0.0,0.0,0.0,0.0,0.0,0.0,0.0,0.0,0.0,-100.0,0.0,-125.0,0.0,0.0,0.0,0.0,0.0,0.0,/2,
Norberto Martín,28.0,CHW,AL,0.0,72.0,169.0,160.0,17.0,43.0,7.0,4.0,2.0,17.0,5.0,0.0,3.0,25.0,0.269,0.281,0.4,0.681,78.0,0.324,81.0,64.0,5.0,1.0,2.0,3.0,0.0,H4D/5697,
Norm Charlton#,32.0,PHI,NL,0.1,25.0,1.0,1.0,0.0,1.0,1.0,0.0,0.0,1.0,0.0,0.0,0.0,0.0,1.0,1.0,2.0,3.0,672.0,1.266,733.0,2.0,0.0,0.0,0.0,0.0,0.0,1,
Omar Daal*,23.0,LAD,NL,0.0,28.0,0.0,0.0,0.0,0.0,0.0,0.0,0.0,0.0,0.0,0.0,0.0,0.0,,,,,,,,0.0,0.0,0.0,0.0,0.0,0.0,1,
Omar Olivares,27.0,2TM,NL,0.2,17.0,11.0,9.0,1.0,2.0,1.0,0.0,1.0,2.0,0.0,0.0,1.0,4.0,0.222,0.3,0.667,0.967,127.0,0.401,113.0,6.0,0.0,0.0,1.0,0.0,0.0,1/H,
Omar Olivares,27.0,COL,NL,0.0,12.0,9.0,7.0,0.0,1.0,1.0,0.0,0.0,0.0,0.0,0.0,1.0,3.0,0.143,0.25,0.286,0.536,28.0,0.248,-2.0,2.0,0.0,0.0,1.0,0.0,0.0,1/H,
Omar Olivares,27.0,PHI,NL,0.1,5.0,2.0,2.0,1.0,1.0,0.0,0.0,1.0,2.0,0.0,0.0,0.0,1.0,0.5,0.5,2.0,2.5,524.0,1.015,583.0,4.0,0.0,0.0,0.0,0.0,0.0,/1H,
Omar Vizquel#,28.0,CLE,AL,1.5,136.0,622.0,542.0,87.0,144.0,28.0,0.0,6.0,56.0,29.0,11.0,59.0,59.0,0.266,0.333,0.351,0.684,78.0,0.32,77.0,190.0,4.0,1.0,10.0,10.0,0.0,*6/H,GG
Orlando Merced#,28.0,PIT,NL,3.6,132.0,545.0,487.0,75.0,146.0,29.0,4.0,15.0,83.0,7.0,2.0,52.0,74.0,0.3,0.365,0.468,0.833,118.0,0.371,116.0,228.0,9.0,1.0,0.0,5.0,9.0,*93H/7,
Orlando Miller,26.0,HOU,NL,0.3,92.0,355.0,324.0,36.0,85.0,20.0,1.0,5.0,36.0,3.0,4.0,22.0,71.0,0.262,0.319,0.377,0.696,90.0,0.31,86.0,122.0,7.0,5.0,4.0,0.0,8.0,6/H,
Orlando Palmeiro*,26.0,CAL,AL,0.0,15.0,21.0,20.0,3.0,7.0,0.0,0.0,0.0,1.0,0.0,0.0,1.0,1.0,0.35,0.381,0.35,0.731,93.0,0.338,93.0,7.0,0.0,0.0,0.0,0.0,0.0,H/87D,
Otis Nixon#,36.0,TEX,AL,1.3,139.0,656.0,589.0,87.0,174.0,21.0,2.0,0.0,45.0,50.0,21.0,58.0,85.0,0.295,0.357,0.338,0.695,81.0,0.336,87.0,199.0,6.0,0.0,6.0,3.0,1.0,*8/H,
Ozzie Guillén*,31.0,CHW,AL,-0.4,122.0,433.0,415.0,50.0,103.0,20.0,3.0,1.0,41.0,6.0,7.0,13.0,25.0,0.248,0.27,0.318,0.588,56.0,0.272,54.0,132.0,11.0,0.0,4.0,1.0,1.0,*6/HD,
Ozzie Smith#,40.0,STL,NL,-0.7,44.0,182.0,156.0,16.0,31.0,5.0,1.0,0.0,11.0,4.0,3.0,17.0,12.0,0.199,0.282,0.244,0.526,42.0,0.246,32.0,38.0,6.0,2.0,5.0,2.0,0.0,6/H,AS
Ozzie Timmons,24.0,CHC,NL,0.7,77.0,185.0,171.0,30.0,45.0,10.0,1.0,8.0,28.0,3.0,0.0,13.0,32.0,0.263,0.314,0.474,0.787,107.0,0.357,109.0,81.0,8.0,0.0,0.0,1.0,2.0,7H/9,
Pat Borders,32.0,2TM,2LG,-0.4,63.0,187.0,178.0,15.0,37.0,8.0,1.0,4.0,13.0,0.0,0.0,9.0,29.0,0.208,0.246,0.331,0.577,50.0,0.271,47.0,59.0,3.0,0.0,0.0,0.0,2.0,2/HD,
Pat Borders,32.0,KCR,AL,0.1,52.0,150.0,143.0,14.0,33.0,8.0,1.0,4.0,13.0,0.0,0.0,7.0,22.0,0.231,0.267,0.385,0.651,67.0,0.301,65.0,55.0,1.0,0.0,0.0,0.0,1.0,2/HD,
Pat Borders,32.0,HOU,NL,-0.5,11.0,37.0,35.0,1.0,4.0,0.0,0.0,0.0,0.0,0.0,0.0,2.0,7.0,0.114,0.162,0.114,0.276,-23.0,0.146,-36.0,4.0,2.0,0.0,0.0,0.0,1.0,2,
Pat Gomez*,27.0,SFG,NL,0.0,18.0,1.0,1.0,0.0,0.0,0.0,0.0,0.0,0.0,0.0,0.0,0.0,1.0,0.0,0.0,0.0,0.0,-100.0,0.0,-133.0,0.0,0.0,0.0,0.0,0.0,0.0,1,
Pat Kelly,27.0,NYY,AL,0.6,89.0,310.0,270.0,32.0,64.0,12.0,1.0,4.0,29.0,8.0,3.0,23.0,65.0,0.237,0.307,0.333,0.64,68.0,0.3,65.0,90.0,5.0,5.0,10.0,2.0,0.0,4/HD,
Pat Listach#,27.0,MIL,AL,-0.1,101.0,369.0,334.0,35.0,73.0,8.0,2.0,0.0,25.0,13.0,3.0,25.0,61.0,0.219,0.276,0.254,0.531,37.0,0.276,41.0,85.0,6.0,2.0,7.0,1.0,0.0,468/H579,
Pat Mahomes,24.0,MIN,AL,0.0,1.0,0.0,0.0,0.0,0.0,0.0,0.0,0.0,0.0,0.0,0.0,0.0,0.0,,,,,,,,0.0,0.0,0.0,0.0,0.0,0.0,1,
Pat Meares,26.0,MIN,AL,2.8,116.0,425.0,390.0,57.0,105.0,19.0,4.0,12.0,49.0,10.0,4.0,15.0,68.0,0.269,0.311,0.431,0.742,90.0,0.341,92.0,168.0,17.0,11.0,4.0,5.0,0.0,*6/H89,
Pat Rapp,27.0,FLA,NL,-0.4,28.0,65.0,56.0,1.0,6.0,1.0,0.0,0.0,5.0,0.0,0.0,0.0,25.0,0.107,0.107,0.125,0.232,-39.0,0.12,-85.0,7.0,1.0,0.0,9.0,0.0,0.0,1,
Paul Byrd,24.0,NYM,NL,0.1,17.0,1.0,1.0,0.0,1.0,0.0,0.0,0.0,0.0,0.0,0.0,0.0,0.0,1.0,1.0,1.0,2.0,440.0,0.903,492.0,1.0,0.0,0.0,0.0,0.0,0.0,1,
Paul Fletcher,28.0,PHI,NL,0.0,10.0,0.0,0.0,0.0,0.0,0.0,0.0,0.0,0.0,0.0,0.0,0.0,0.0,,,,,,,,0.0,0.0,0.0,0.0,0.0,0.0,1,
Paul Molitor,38.0,TOR,AL,1.3,130.0,598.0,525.0,63.0,142.0,31.0,2.0,15.0,60.0,12.0,0.0,61.0,57.0,0.27,0.35,0.423,0.772,101.0,0.359,104.0,222.0,10.0,5.0,3.0,4.0,1.0,*D/H,
Paul O'Neill*,32.0,NYY,AL,2.8,127.0,543.0,460.0,82.0,138.0,30.0,4.0,22.0,96.0,1.0,2.0,71.0,76.0,0.3,0.387,0.526,0.913,137.0,0.399,136.0,242.0,25.0,1.0,0.0,11.0,8.0,*97/HD,"AS,MVP-15"
Paul Quantrill*,26.0,PHI,NL,-0.3,33.0,67.0,57.0,5.0,6.0,0.0,0.0,0.0,0.0,0.0,0.0,3.0,24.0,0.105,0.15,0.105,0.255,-31.0,0.141,-60.0,6.0,1.0,0.0,7.0,0.0,0.0,1,
Paul Sorrento*,29.0,CLE,AL,0.4,104.0,378.0,323.0,50.0,76.0,14.0,0.0,25.0,79.0,1.0,1.0,51.0,71.0,0.235,0.336,0.511,0.847,116.0,0.36,107.0,165.0,10.0,0.0,0.0,4.0,6.0,3HD,
Paul Wagner,27.0,PIT,NL,0.2,34.0,52.0,42.0,5.0,9.0,1.0,0.0,0.0,4.0,0.0,0.0,4.0,11.0,0.214,0.283,0.238,0.521,39.0,0.247,20.0,10.0,1.0,0.0,6.0,0.0,0.0,1/H,
Pedro Astacio,26.0,LAD,NL,-0.1,48.0,27.0,24.0,0.0,3.0,1.0,0.0,0.0,0.0,0.0,0.0,1.0,9.0,0.125,0.16,0.167,0.327,-10.0,0.151,-38.0,4.0,1.0,0.0,2.0,0.0,0.0,1,
Pedro Borbón,27.0,ATL,NL,0.0,41.0,1.0,1.0,0.0,0.0,0.0,0.0,0.0,0.0,0.0,0.0,0.0,0.0,0.0,0.0,0.0,0.0,-100.0,0.0,-142.0,0.0,0.0,0.0,0.0,0.0,0.0,1,
Pedro Castellano,25.0,COL,NL,-0.1,4.0,7.0,5.0,0.0,0.0,0.0,0.0,0.0,0.0,0.0,0.0,2.0,3.0,0.0,0.286,0.0,0.286,-24.0,0.204,-22.0,0.0,0.0,0.0,0.0,0.0,0.0,/5H,
Pedro Martínez,23.0,MON,NL,-0.5,30.0,72.0,63.0,2.0,7.0,0.0,0.0,0.0,2.0,0.0,0.0,0.0,30.0,0.111,0.134,0.111,0.245,-35.0,0.117,-77.0,7.0,1.0,2.0,5.0,2.0,0.0,1,
Pedro Martínez,26.0,HOU,NL,0.1,25.0,1.0,0.0,1.0,0.0,0.0,0.0,0.0,0.0,0.0,0.0,1.0,0.0,,1.0,,,,0.715,367.0,0.0,0.0,0.0,0.0,0.0,0.0,1,
Pedro Muñoz,26.0,MIN,AL,-0.1,104.0,400.0,376.0,45.0,113.0,17.0,0.0,18.0,58.0,0.0,3.0,19.0,86.0,0.301,0.338,0.489,0.827,112.0,0.365,112.0,184.0,14.0,3.0,0.0,2.0,0.0,D9/H37,
Pete Harnisch#,28.0,NYM,NL,-0.2,18.0,36.0,33.0,0.0,3.0,0.0,0.0,0.0,0.0,0.0,0.0,0.0,6.0,0.091,0.091,0.091,0.182,-51.0,0.11,-77.0,3.0,0.0,0.0,3.0,0.0,0.0,1,
Pete Schourek*,26.0,CIN,NL,0.3,29.0,71.0,59.0,7.0,13.0,2.0,0.0,0.0,4.0,0.0,0.0,0.0,12.0,0.22,0.22,0.254,0.475,26.0,0.227,0.0,15.0,1.0,0.0,12.0,0.0,0.0,1,"CYA-2,MVP-20"
Pete Smith,29.0,CIN,NL,0.0,11.0,5.0,3.0,0.0,0.0,0.0,0.0,0.0,0.0,0.0,0.0,2.0,2.0,0.0,0.4,0.0,0.4,18.0,0.286,59.0,0.0,0.0,0.0,0.0,0.0,0.0,1,
Pete Walker,26.0,NYM,NL,0.0,13.0,0.0,0.0,0.0,0.0,0.0,0.0,0.0,0.0,0.0,0.0,0.0,0.0,,,,,,,,0.0,0.0,0.0,0.0,0.0,0.0,1,
Phil Clark,27.0,SDP,NL,-0.8,75.0,108.0,97.0,12.0,21.0,3.0,0.0,2.0,7.0,0.0,2.0,8.0,18.0,0.216,0.278,0.309,0.587,57.0,0.27,56.0,30.0,3.0,1.0,0.0,2.0,1.0,H97/3,
Phil Hiatt,26.0,KCR,AL,-0.2,52.0,124.0,113.0,11.0,23.0,6.0,0.0,4.0,12.0,1.0,0.0,9.0,37.0,0.204,0.262,0.363,0.625,61.0,0.287,54.0,41.0,3.0,0.0,2.0,0.0,0.0,9H/8D7,
Phil Nevin,24.0,2TM,2LG,-0.9,47.0,179.0,156.0,13.0,28.0,4.0,1.0,2.0,13.0,1.0,0.0,18.0,40.0,0.179,0.281,0.256,0.537,44.0,0.287,59.0,40.0,5.0,4.0,1.0,0.0,1.0,75/DH,
Phil Nevin,24.0,HOU,NL,-0.7,18.0,69.0,60.0,4.0,7.0,1.0,0.0,0.0,1.0,1.0,0.0,7.0,13.0,0.117,0.221,0.133,0.354,0.0,0.206,5.0,8.0,2.0,1.0,1.0,0.0,1.0,5/H,
Phil Nevin,24.0,DET,AL,-0.3,29.0,110.0,96.0,9.0,21.0,3.0,1.0,2.0,12.0,0.0,0.0,11.0,27.0,0.219,0.318,0.333,0.652,71.0,0.336,90.0,32.0,3.0,3.0,0.0,0.0,0.0,7/D,
Phil Plantier*,26.0,2TM,NL,0.1,76.0,248.0,216.0,33.0,55.0,6.0,0.0,9.0,34.0,1.0,1.0,28.0,48.0,0.255,0.339,0.407,0.746,100.0,0.339,101.0,88.0,3.0,1.0,0.0,3.0,3.0,7H9,
Phil Plantier*,26.0,HOU,NL,-0.1,22.0,83.0,68.0,12.0,17.0,2.0,0.0,4.0,15.0,0.0,0.0,11.0,19.0,0.25,0.349,0.456,0.805,118.0,0.37,126.0,31.0,0.0,1.0,0.0,3.0,1.0,9/7H,
Phil Plantier*,26.0,SDP,NL,0.2,54.0,165.0,148.0,21.0,38.0,4.0,0.0,5.0,19.0,1.0,1.0,17.0,29.0,0.257,0.333,0.385,0.718,92.0,0.324,89.0,57.0,3.0,0.0,0.0,0.0,2.0,7H,
Quilvio Veras#,24.0,FLA,NL,2.8,124.0,538.0,440.0,86.0,115.0,20.0,7.0,5.0,32.0,56.0,21.0,80.0,68.0,0.261,0.384,0.373,0.757,101.0,0.362,108.0,164.0,7.0,9.0,7.0,2.0,0.0,*4/H89,ROY-3
Quinton McCracken#,24.0,COL,NL,0.0,3.0,1.0,1.0,0.0,0.0,0.0,0.0,0.0,0.0,0.0,0.0,0.0,1.0,0.0,0.0,0.0,0.0,-100.0,0.0,-158.0,0.0,0.0,0.0,0.0,0.0,0.0,/H8,
Rafael Belliard,33.0,ATL,NL,-0.1,75.0,192.0,180.0,12.0,40.0,2.0,1.0,0.0,7.0,2.0,2.0,6.0,28.0,0.222,0.255,0.244,0.5,31.0,0.242,24.0,44.0,4.0,2.0,4.0,0.0,2.0,64/H,
Rafael Palmeiro*,30.0,BAL,AL,5.5,143.0,624.0,554.0,89.0,172.0,30.0,2.0,39.0,104.0,3.0,1.0,62.0,65.0,0.31,0.38,0.583,0.963,145.0,0.419,145.0,323.0,12.0,3.0,0.0,5.0,5.0,*3/H,MVP-11
Ramón Caraballo#,26.0,STL,NL,-0.5,34.0,110.0,99.0,10.0,20.0,4.0,1.0,2.0,3.0,3.0,2.0,6.0,33.0,0.202,0.269,0.323,0.592,57.0,0.274,53.0,32.0,1.0,3.0,2.0,0.0,0.0,4H,
Ramón Fermín,22.0,OAK,AL,0.0,1.0,0.0,0.0,0.0,0.0,0.0,0.0,0.0,0.0,0.0,0.0,0.0,0.0,,,,,,,,0.0,0.0,0.0,0.0,0.0,0.0,/1,
Ramón Martínez*,27.0,LAD,NL,0.3,30.0,78.0,64.0,2.0,11.0,4.0,0.0,0.0,4.0,0.0,0.0,1.0,19.0,0.172,0.185,0.234,0.419,14.0,0.2,-11.0,15.0,0.0,0.0,13.0,0.0,0.0,1,CYA-5
Ramón Morel,20.0,PIT,NL,0.0,5.0,0.0,0.0,0.0,0.0,0.0,0.0,0.0,0.0,0.0,0.0,0.0,0.0,,,,,,,,0.0,0.0,0.0,0.0,0.0,0.0,/1,
Randy Knorr,26.0,TOR,AL,-0.8,45.0,144.0,132.0,18.0,28.0,8.0,0.0,3.0,16.0,0.0,0.0,11.0,28.0,0.212,0.273,0.341,0.614,60.0,0.276,50.0,45.0,5.0,0.0,1.0,0.0,0.0,2/H,
Randy Myers*,32.0,CHC,NL,0.1,57.0,1.0,0.0,0.0,0.0,0.0,0.0,0.0,1.0,0.0,0.0,1.0,0.0,,1.0,,,,0.715,358.0,0.0,0.0,0.0,0.0,0.0,0.0,1,AS
Randy Ready,35.0,PHI,NL,-0.3,23.0,33.0,29.0,3.0,4.0,0.0,0.0,0.0,0.0,0.0,1.0,3.0,6.0,0.138,0.219,0.138,0.357,-3.0,0.193,1.0,4.0,2.0,0.0,1.0,0.0,0.0,H/34,
Randy Velarde,32.0,NYY,AL,3.5,111.0,432.0,367.0,60.0,102.0,19.0,1.0,7.0,46.0,5.0,1.0,55.0,64.0,0.278,0.375,0.392,0.768,102.0,0.368,112.0,144.0,9.0,4.0,3.0,3.0,0.0,4675/H9,
Randy Veres,29.0,FLA,NL,-0.1,47.0,3.0,3.0,0.0,0.0,0.0,0.0,0.0,0.0,0.0,0.0,0.0,0.0,0.0,0.0,0.0,0.0,-100.0,0.0,-146.0,0.0,0.0,0.0,0.0,0.0,0.0,1,
Ravelo Manzanillo*,31.0,PIT,NL,0.0,5.0,1.0,1.0,0.0,0.0,0.0,0.0,0.0,0.0,0.0,0.0,0.0,1.0,0.0,0.0,0.0,0.0,-100.0,0.0,-142.0,0.0,0.0,0.0,0.0,0.0,0.0,/1,
Ray Durham#,23.0,CHW,AL,-0.3,125.0,517.0,471.0,68.0,121.0,27.0,6.0,7.0,51.0,18.0,5.0,31.0,83.0,0.257,0.309,0.384,0.693,83.0,0.328,87.0,181.0,8.0,6.0,5.0,4.0,2.0,*4/HD,ROY-6
Ray Giannelli*,29.0,STL,NL,-0.1,9.0,14.0,11.0,0.0,1.0,0.0,0.0,0.0,0.0,0.0,0.0,3.0,4.0,0.091,0.286,0.091,0.377,6.0,0.218,12.0,1.0,0.0,0.0,0.0,0.0,0.0,/H379,
Ray Holbert,24.0,SDP,NL,-0.4,63.0,86.0,73.0,11.0,13.0,2.0,1.0,2.0,5.0,4.0,0.0,8.0,20.0,0.178,0.277,0.315,0.592,58.0,0.279,45.0,23.0,3.0,2.0,3.0,0.0,1.0,6H/49,
Ray Lankford*,28.0,STL,NL,3.8,132.0,553.0,483.0,81.0,134.0,35.0,2.0,25.0,82.0,24.0,8.0,63.0,110.0,0.277,0.36,0.513,0.873,130.0,0.382,126.0,248.0,10.0,2.0,0.0,5.0,6.0,*8/H,
Ray McDavid*,23.0,SDP,NL,-0.4,11.0,19.0,17.0,2.0,3.0,0.0,0.0,0.0,0.0,1.0,1.0,2.0,6.0,0.176,0.263,0.176,0.44,21.0,0.204,13.0,3.0,1.0,0.0,0.0,0.0,0.0,/8H,
Raúl Mondesi,24.0,LAD,NL,4.8,139.0,580.0,536.0,91.0,153.0,23.0,6.0,26.0,88.0,27.0,4.0,33.0,96.0,0.285,0.328,0.496,0.824,123.0,0.379,128.0,266.0,7.0,4.0,0.0,7.0,4.0,*98/H,"AS,GG"
Reggie Jefferson#,26.0,BOS,AL,0.1,46.0,132.0,121.0,21.0,35.0,8.0,0.0,5.0,26.0,0.0,0.0,9.0,24.0,0.289,0.333,0.479,0.813,107.0,0.37,111.0,58.0,3.0,0.0,0.0,2.0,1.0,DH/37,
Reggie Sanders,27.0,CIN,NL,6.6,133.0,567.0,484.0,91.0,148.0,36.0,6.0,28.0,99.0,36.0,12.0,69.0,122.0,0.306,0.397,0.579,0.975,155.0,0.441,166.0,280.0,9.0,8.0,0.0,6.0,4.0,*98/H,"AS,MVP-6"
Reggie Williams#,29.0,LAD,NL,-0.1,15.0,13.0,11.0,2.0,1.0,0.0,0.0,0.0,1.0,0.0,0.0,2.0,3.0,0.091,0.231,0.091,0.322,-7.0,0.179,-7.0,1.0,0.0,0.0,0.0,0.0,0.0,7/H98,
Reid Cornelius,25.0,2TM,NL,-0.1,18.0,20.0,20.0,0.0,2.0,0.0,0.0,0.0,0.0,0.0,0.0,0.0,7.0,0.1,0.1,0.1,0.2,-46.0,0.136,-44.0,2.0,0.0,0.0,0.0,0.0,0.0,1,
Reid Cornelius,25.0,MON,NL,0.0,8.0,0.0,0.0,0.0,0.0,0.0,0.0,0.0,0.0,0.0,0.0,0.0,0.0,,,,,,,,0.0,0.0,0.0,0.0,0.0,0.0,/1,
Reid Cornelius,25.0,NYM,NL,-0.1,10.0,20.0,20.0,0.0,2.0,0.0,0.0,0.0,0.0,0.0,0.0,0.0,7.0,0.1,0.1,0.1,0.2,-46.0,0.136,-44.0,2.0,0.0,0.0,0.0,0.0,0.0,1,
Rene Gonzales,34.0,CAL,AL,0.1,30.0,18.0,18.0,1.0,6.0,1.0,0.0,1.0,3.0,0.0,0.0,0.0,4.0,0.333,0.333,0.556,0.889,128.0,0.381,122.0,10.0,1.0,0.0,0.0,0.0,0.0,5/H46D,
René Arocha,31.0,STL,NL,0.0,41.0,1.0,1.0,0.0,0.0,0.0,0.0,0.0,0.0,0.0,0.0,0.0,1.0,0.0,0.0,0.0,0.0,-100.0,0.0,-133.0,0.0,0.0,0.0,0.0,0.0,0.0,1,
Rex Hudler,34.0,CAL,AL,1.5,84.0,241.0,223.0,30.0,59.0,16.0,0.0,6.0,27.0,13.0,0.0,10.0,48.0,0.265,0.31,0.417,0.727,88.0,0.344,88.0,93.0,2.0,5.0,2.0,1.0,1.0,47H/8D39,
Rey Sánchez,27.0,CHC,NL,0.8,114.0,453.0,428.0,57.0,119.0,22.0,2.0,3.0,27.0,6.0,4.0,14.0,48.0,0.278,0.301,0.36,0.661,76.0,0.306,75.0,154.0,9.0,1.0,8.0,2.0,2.0,*4/6H,
Riccardo Ingram,28.0,MIN,AL,-0.1,4.0,10.0,8.0,0.0,1.0,0.0,0.0,0.0,1.0,0.0,0.0,2.0,1.0,0.125,0.3,0.125,0.425,16.0,0.237,21.0,1.0,1.0,0.0,0.0,0.0,0.0,/DH,
Rich Amaral,33.0,SEA,AL,0.9,90.0,261.0,238.0,45.0,67.0,14.0,2.0,2.0,19.0,21.0,2.0,21.0,33.0,0.282,0.342,0.382,0.725,88.0,0.361,96.0,91.0,3.0,1.0,1.0,0.0,0.0,78H/9D,
Rich Aude,23.0,PIT,NL,-0.6,42.0,115.0,109.0,10.0,27.0,8.0,0.0,2.0,19.0,1.0,2.0,6.0,20.0,0.248,0.287,0.376,0.663,73.0,0.303,74.0,41.0,4.0,0.0,0.0,0.0,0.0,3H,
Rich Aurilia,23.0,SFG,NL,0.7,9.0,22.0,19.0,4.0,9.0,3.0,0.0,2.0,4.0,1.0,0.0,1.0,2.0,0.474,0.476,0.947,1.424,273.0,0.592,279.0,18.0,1.0,0.0,1.0,1.0,0.0,/6H,
Rich Becker*,23.0,MIN,AL,-0.7,106.0,438.0,392.0,45.0,93.0,15.0,1.0,2.0,33.0,8.0,9.0,34.0,95.0,0.237,0.303,0.296,0.599,57.0,0.283,57.0,116.0,9.0,4.0,6.0,2.0,0.0,*8/97H,
Rich DeLucia,30.0,STL,NL,0.1,56.0,12.0,10.0,1.0,2.0,0.0,0.0,0.0,0.0,0.0,0.0,1.0,3.0,0.2,0.273,0.2,0.473,29.0,0.313,77.0,2.0,1.0,0.0,1.0,0.0,0.0,1,
Rich Garcés,24.0,2TM,NL,0.0,18.0,1.0,1.0,0.0,0.0,0.0,0.0,0.0,0.0,0.0,0.0,0.0,0.0,0.0,0.0,0.0,0.0,-100.0,0.0,-133.0,0.0,0.0,0.0,0.0,0.0,0.0,1,
Rich Garcés,24.0,CHC,NL,0.0,7.0,1.0,1.0,0.0,0.0,0.0,0.0,0.0,0.0,0.0,0.0,0.0,0.0,0.0,0.0,0.0,0.0,-100.0,0.0,-133.0,0.0,0.0,0.0,0.0,0.0,0.0,/1,
Rich Garcés,24.0,FLA,NL,0.0,11.0,0.0,0.0,0.0,0.0,0.0,0.0,0.0,0.0,0.0,0.0,0.0,0.0,,,,,,,,0.0,0.0,0.0,0.0,0.0,0.0,1,
Rich Rodriguez*,32.0,STL,NL,0.0,1.0,0.0,0.0,0.0,0.0,0.0,0.0,0.0,0.0,0.0,0.0,0.0,0.0,,,,,,,,0.0,0.0,0.0,0.0,0.0,0.0,/1,
Rich Rowland,31.0,BOS,AL,-0.3,14.0,29.0,29.0,1.0,5.0,1.0,0.0,0.0,1.0,0.0,0.0,0.0,11.0,0.172,0.172,0.207,0.379,-3.0,0.201,-5.0,6.0,0.0,0.0,0.0,0.0,0.0,2/HD,
Rich Scheid*,30.0,FLA,NL,0.0,6.0,1.0,1.0,0.0,0.0,0.0,0.0,0.0,0.0,0.0,0.0,0.0,0.0,0.0,0.0,0.0,0.0,-100.0,0.0,-142.0,0.0,0.0,0.0,0.0,0.0,0.0,/1,
Richie Lewis,29.0,FLA,NL,0.0,21.0,2.0,1.0,0.0,0.0,0.0,0.0,0.0,0.0,0.0,0.0,1.0,1.0,0.0,0.5,0.0,0.5,47.0,0.358,109.0,0.0,0.0,0.0,0.0,0.0,0.0,1,
Rick Aguilera,33.0,MIN,AL,0.0,1.0,0.0,0.0,0.0,0.0,0.0,0.0,0.0,0.0,0.0,0.0,0.0,0.0,,,,,,,,0.0,0.0,0.0,0.0,0.0,0.0,1,
Rick Honeycutt*,41.0,OAK,AL,0.0,2.0,0.0,0.0,0.0,0.0,0.0,0.0,0.0,0.0,0.0,0.0,0.0,0.0,,,,,,,,0.0,0.0,0.0,0.0,0.0,0.0,1,
Rick Parker,32.0,LAD,NL,0.1,27.0,33.0,29.0,3.0,8.0,0.0,0.0,0.0,4.0,1.0,1.0,2.0,4.0,0.276,0.323,0.276,0.598,67.0,0.27,60.0,8.0,1.0,0.0,2.0,0.0,0.0,7/H5689,
Rick Reed,30.0,CIN,NL,-0.1,4.0,5.0,3.0,0.0,0.0,0.0,0.0,0.0,0.0,0.0,0.0,0.0,0.0,0.0,0.0,0.0,0.0,-100.0,0.0,-306.0,0.0,0.0,0.0,2.0,0.0,0.0,/1,
Rick White,26.0,PIT,NL,-0.2,15.0,17.0,15.0,1.0,1.0,1.0,0.0,0.0,1.0,0.0,0.0,0.0,3.0,0.067,0.067,0.133,0.2,-49.0,0.084,-111.0,2.0,0.0,0.0,2.0,0.0,0.0,1,
Rick Wilkins*,28.0,2TM,NL,1.2,65.0,251.0,202.0,30.0,41.0,3.0,0.0,7.0,19.0,0.0,0.0,46.0,61.0,0.203,0.351,0.322,0.672,83.0,0.321,87.0,65.0,9.0,1.0,0.0,2.0,2.0,2/H3,
Rick Wilkins*,28.0,CHC,NL,0.9,50.0,200.0,162.0,24.0,31.0,2.0,0.0,6.0,14.0,0.0,0.0,36.0,51.0,0.191,0.34,0.315,0.655,77.0,0.317,83.0,51.0,8.0,1.0,0.0,1.0,1.0,2/H3,
Rick Wilkins*,28.0,HOU,NL,0.3,15.0,51.0,40.0,6.0,10.0,1.0,0.0,1.0,5.0,0.0,0.0,10.0,10.0,0.25,0.392,0.35,0.742,105.0,0.339,104.0,14.0,1.0,0.0,0.0,1.0,1.0,2/H,
Rickey Henderson,36.0,OAK,AL,2.9,112.0,487.0,407.0,67.0,122.0,31.0,1.0,9.0,54.0,32.0,10.0,72.0,66.0,0.3,0.407,0.447,0.855,132.0,0.402,143.0,182.0,8.0,4.0,1.0,3.0,2.0,7D/H,
Ricky Bottalico*,25.0,PHI,NL,-0.1,62.0,6.0,5.0,0.0,0.0,0.0,0.0,0.0,0.0,0.0,0.0,0.0,4.0,0.0,0.0,0.0,0.0,-100.0,0.0,-195.0,0.0,0.0,0.0,1.0,0.0,0.0,1,
Ricky Gutiérrez,25.0,HOU,NL,-0.3,52.0,169.0,156.0,22.0,43.0,6.0,0.0,0.0,12.0,5.0,0.0,10.0,33.0,0.276,0.321,0.314,0.636,75.0,0.313,80.0,49.0,4.0,1.0,1.0,1.0,3.0,6/H5,
Ricky Otero#,23.0,NYM,NL,-0.5,35.0,55.0,51.0,5.0,7.0,2.0,0.0,0.0,1.0,2.0,1.0,3.0,10.0,0.137,0.185,0.176,0.362,-2.0,0.17,-22.0,9.0,1.0,0.0,1.0,0.0,0.0,H7/8,
Rico Brogna*,25.0,NYM,NL,2.3,134.0,540.0,495.0,72.0,143.0,27.0,2.0,22.0,76.0,0.0,0.0,39.0,111.0,0.289,0.342,0.485,0.827,119.0,0.369,121.0,240.0,10.0,2.0,2.0,2.0,7.0,*3H,
Rikkert Faneyte,26.0,SFG,NL,-0.7,46.0,98.0,86.0,7.0,17.0,4.0,1.0,0.0,4.0,1.0,0.0,11.0,27.0,0.198,0.289,0.267,0.556,52.0,0.264,45.0,23.0,2.0,0.0,1.0,0.0,0.0,8H9/7,
Rob Murphy*,35.0,2TM,NL,0.1,14.0,1.0,1.0,0.0,1.0,0.0,0.0,0.0,0.0,0.0,0.0,0.0,0.0,1.0,1.0,1.0,2.0,452.0,0.903,492.0,1.0,0.0,0.0,0.0,0.0,0.0,1,
Rob Murphy*,35.0,LAD,NL,0.1,6.0,1.0,1.0,0.0,1.0,0.0,0.0,0.0,0.0,0.0,0.0,0.0,0.0,1.0,1.0,1.0,2.0,452.0,0.903,492.0,1.0,0.0,0.0,0.0,0.0,0.0,/1,
Rob Murphy*,35.0,FLA,NL,0.0,8.0,0.0,0.0,0.0,0.0,0.0,0.0,0.0,0.0,0.0,0.0,0.0,0.0,,,,,,,,0.0,0.0,0.0,0.0,0.0,0.0,/1,
Robb Nen,25.0,FLA,NL,0.0,62.0,0.0,0.0,0.0,0.0,0.0,0.0,0.0,0.0,0.0,0.0,0.0,0.0,,,,,,,,0.0,0.0,0.0,0.0,0.0,0.0,1,
Robby Thompson,33.0,SFG,NL,1.1,95.0,391.0,336.0,51.0,75.0,15.0,0.0,8.0,23.0,1.0,2.0,42.0,76.0,0.223,0.317,0.339,0.656,77.0,0.318,87.0,114.0,3.0,4.0,9.0,0.0,1.0,4/H,
Robert Eenhoorn,27.0,NYY,AL,-0.2,5.0,15.0,14.0,1.0,2.0,1.0,0.0,0.0,2.0,0.0,0.0,1.0,3.0,0.143,0.2,0.214,0.414,9.0,0.193,-6.0,3.0,1.0,0.0,0.0,0.0,0.0,/46H,
Robert Person,25.0,NYM,NL,0.1,3.0,3.0,3.0,1.0,2.0,0.0,0.0,0.0,0.0,0.0,0.0,0.0,0.0,0.667,0.667,0.667,1.333,260.0,0.602,286.0,2.0,0.0,0.0,0.0,0.0,0.0,/1,
Robert Pérez,26.0,TOR,AL,-0.2,17.0,48.0,48.0,2.0,9.0,2.0,0.0,1.0,3.0,0.0,0.0,0.0,5.0,0.188,0.188,0.292,0.479,23.0,0.226,16.0,14.0,1.0,0.0,0.0,0.0,0.0,9/7H,
Roberto Alomar#,27.0,TOR,AL,2.7,130.0,577.0,517.0,71.0,155.0,24.0,7.0,13.0,66.0,30.0,3.0,47.0,45.0,0.3,0.354,0.449,0.803,109.0,0.37,108.0,232.0,16.0,0.0,6.0,7.0,3.0,*4/H,"AS,GG"
Roberto Kelly,30.0,2TM,NL,-0.9,136.0,540.0,504.0,58.0,140.0,23.0,2.0,7.0,57.0,19.0,10.0,22.0,79.0,0.278,0.312,0.373,0.685,86.0,0.315,86.0,188.0,14.0,6.0,0.0,7.0,6.0,*87/H9,
Roberto Kelly,30.0,MON,NL,-0.3,24.0,104.0,95.0,11.0,26.0,4.0,0.0,1.0,9.0,4.0,3.0,7.0,14.0,0.274,0.337,0.347,0.684,79.0,0.304,71.0,33.0,4.0,2.0,0.0,0.0,1.0,8,
Roberto Kelly,30.0,LAD,NL,-0.6,112.0,436.0,409.0,47.0,114.0,19.0,2.0,6.0,48.0,15.0,7.0,15.0,65.0,0.279,0.306,0.379,0.685,87.0,0.317,90.0,155.0,10.0,4.0,0.0,7.0,5.0,*78/H9,
Roberto Mejía,23.0,COL,NL,-0.8,23.0,54.0,52.0,5.0,8.0,1.0,0.0,1.0,4.0,0.0,1.0,0.0,17.0,0.154,0.167,0.231,0.397,-6.0,0.166,-42.0,12.0,1.0,1.0,0.0,1.0,0.0,4/H,
Roberto Petagine*,24.0,SDP,NL,0.0,89.0,152.0,124.0,15.0,29.0,8.0,0.0,3.0,17.0,0.0,0.0,26.0,41.0,0.234,0.367,0.371,0.738,98.0,0.335,96.0,46.0,2.0,0.0,2.0,0.0,2.0,3H/79,
Roberto Rivera*,26.0,CHC,NL,0.0,7.0,0.0,0.0,0.0,0.0,0.0,0.0,0.0,0.0,0.0,0.0,0.0,0.0,,,,,,,,0.0,0.0,0.0,0.0,0.0,0.0,/1,
Robin Ventura*,27.0,CHW,AL,4.7,135.0,577.0,492.0,79.0,145.0,22.0,0.0,26.0,93.0,4.0,3.0,75.0,98.0,0.295,0.384,0.498,0.882,132.0,0.382,127.0,245.0,8.0,1.0,1.0,8.0,11.0,*53/HD,
Rod Beck,26.0,SFG,NL,0.0,60.0,3.0,3.0,0.0,1.0,0.0,0.0,0.0,0.0,0.0,0.0,0.0,1.0,0.333,0.333,0.333,0.667,81.0,0.301,74.0,1.0,0.0,0.0,0.0,0.0,0.0,1,
Rod Correia,27.0,CAL,AL,-0.2,14.0,22.0,21.0,3.0,5.0,1.0,1.0,0.0,3.0,0.0,0.0,0.0,5.0,0.238,0.238,0.381,0.619,59.0,0.264,40.0,8.0,1.0,0.0,1.0,0.0,0.0,/6H45D,
Rod Nichols,30.0,ATL,NL,0.0,5.0,0.0,0.0,0.0,0.0,0.0,0.0,0.0,0.0,0.0,0.0,0.0,0.0,,,,,,,,0.0,0.0,0.0,0.0,0.0,0.0,/1,
Roger Bailey,24.0,COL,NL,-0.1,39.0,20.0,16.0,2.0,2.0,0.0,0.0,0.0,1.0,0.0,0.0,1.0,3.0,0.125,0.176,0.125,0.301,-26.0,0.148,-89.0,2.0,0.0,0.0,3.0,0.0,0.0,1,
Roger Cedeño#,20.0,LAD,NL,-0.6,40.0,46.0,42.0,4.0,10.0,2.0,0.0,0.0,3.0,1.0,0.0,3.0,10.0,0.238,0.283,0.286,0.568,57.0,0.264,49.0,12.0,1.0,0.0,0.0,1.0,0.0,7H8/9,
Ron Coomer,28.0,MIN,AL,-0.2,37.0,111.0,101.0,15.0,26.0,3.0,1.0,5.0,19.0,0.0,1.0,9.0,11.0,0.257,0.324,0.455,0.78,100.0,0.337,94.0,46.0,9.0,1.0,0.0,0.0,0.0,35/HD9,
Ron Darling,34.0,OAK,AL,0.0,1.0,0.0,0.0,0.0,0.0,0.0,0.0,0.0,0.0,0.0,0.0,0.0,0.0,,,,,,,,0.0,0.0,0.0,0.0,0.0,0.0,1/H,
Ron Gant,30.0,CIN,NL,3.3,119.0,493.0,410.0,79.0,113.0,19.0,4.0,29.0,88.0,23.0,8.0,74.0,108.0,0.276,0.386,0.554,0.94,146.0,0.419,151.0,227.0,11.0,3.0,1.0,5.0,5.0,*7/H,"AS,MVP-11"
Ron Karkovice,31.0,CHW,AL,1.4,113.0,382.0,323.0,44.0,70.0,14.0,1.0,13.0,51.0,2.0,3.0,39.0,84.0,0.217,0.306,0.387,0.693,83.0,0.318,84.0,125.0,5.0,5.0,9.0,6.0,0.0,*2/H,
Ron Mahay*,24.0,BOS,AL,-0.1,5.0,22.0,20.0,3.0,4.0,2.0,0.0,1.0,3.0,0.0,0.0,1.0,6.0,0.2,0.273,0.45,0.723,82.0,0.313,72.0,9.0,0.0,1.0,0.0,0.0,0.0,/8,
Ron Tingley,36.0,DET,AL,0.8,54.0,145.0,124.0,14.0,28.0,8.0,1.0,4.0,18.0,0.0,1.0,15.0,38.0,0.226,0.307,0.403,0.71,84.0,0.351,103.0,50.0,1.0,0.0,5.0,1.0,0.0,2/3H,
Ron Villone*,25.0,SDP,NL,0.0,19.0,1.0,1.0,0.0,0.0,0.0,0.0,0.0,0.0,0.0,0.0,0.0,0.0,0.0,0.0,0.0,0.0,-100.0,0.0,-133.0,0.0,0.0,0.0,0.0,0.0,0.0,1,
Rondell White,23.0,MON,NL,3.8,130.0,525.0,474.0,87.0,140.0,33.0,4.0,13.0,57.0,25.0,5.0,41.0,87.0,0.295,0.356,0.464,0.82,112.0,0.383,119.0,220.0,11.0,6.0,0.0,4.0,1.0,*8H/7,
Ross Powell*,27.0,2TM,NL,-0.1,27.0,4.0,3.0,0.0,0.0,0.0,0.0,0.0,0.0,0.0,0.0,0.0,1.0,0.0,0.0,0.0,0.0,-100.0,0.0,-229.0,0.0,0.0,0.0,1.0,0.0,0.0,1,
Ross Powell*,27.0,HOU,NL,0.0,15.0,0.0,0.0,0.0,0.0,0.0,0.0,0.0,0.0,0.0,0.0,0.0,0.0,,,,,,,,0.0,0.0,0.0,0.0,0.0,0.0,1,
Ross Powell*,27.0,PIT,NL,-0.1,12.0,4.0,3.0,0.0,0.0,0.0,0.0,0.0,0.0,0.0,0.0,0.0,1.0,0.0,0.0,0.0,0.0,-100.0,0.0,-229.0,0.0,0.0,0.0,1.0,0.0,0.0,1,
Royce Clayton,25.0,SFG,NL,2.5,138.0,557.0,509.0,56.0,124.0,29.0,3.0,5.0,58.0,24.0,9.0,38.0,109.0,0.244,0.298,0.342,0.64,73.0,0.303,74.0,174.0,7.0,3.0,4.0,3.0,1.0,*6/H,
Rubén Amaro Jr.#,30.0,CLE,AL,-0.4,28.0,68.0,60.0,5.0,12.0,3.0,0.0,1.0,7.0,1.0,3.0,4.0,6.0,0.2,0.273,0.3,0.573,49.0,0.258,49.0,18.0,1.0,2.0,2.0,0.0,0.0,8H/97D,
Rubén Rivera,21.0,NYY,AL,0.0,5.0,1.0,1.0,0.0,0.0,0.0,0.0,0.0,0.0,0.0,0.0,0.0,1.0,0.0,0.0,0.0,0.0,-100.0,0.0,-131.0,0.0,0.0,0.0,0.0,0.0,0.0,/7H,
Rubén Sierra#,29.0,2TM,AL,-0.6,126.0,533.0,479.0,73.0,126.0,32.0,0.0,19.0,86.0,5.0,4.0,46.0,76.0,0.263,0.323,0.449,0.772,104.0,0.342,102.0,215.0,8.0,0.0,0.0,8.0,4.0,9D/H,
Rubén Sierra#,29.0,OAK,AL,-0.5,70.0,291.0,264.0,40.0,70.0,17.0,0.0,12.0,42.0,4.0,4.0,24.0,42.0,0.265,0.323,0.466,0.789,111.0,0.346,110.0,123.0,2.0,0.0,0.0,3.0,2.0,9/DH,
Rubén Sierra#,29.0,NYY,AL,-0.1,56.0,242.0,215.0,33.0,56.0,15.0,0.0,7.0,44.0,1.0,0.0,22.0,34.0,0.26,0.322,0.428,0.75,95.0,0.338,92.0,92.0,6.0,0.0,0.0,5.0,2.0,D9/H,
Rudy Pemberton,25.0,DET,AL,0.0,12.0,32.0,30.0,3.0,9.0,3.0,1.0,0.0,3.0,0.0,0.0,1.0,5.0,0.3,0.344,0.467,0.81,109.0,0.356,104.0,14.0,3.0,1.0,0.0,0.0,0.0,/7HD9,
Rudy Seánez,26.0,LAD,NL,0.0,37.0,1.0,1.0,0.0,0.0,0.0,0.0,0.0,0.0,0.0,0.0,0.0,1.0,0.0,0.0,0.0,0.0,-100.0,0.0,-125.0,0.0,0.0,0.0,0.0,0.0,0.0,1,
Russ Davis,25.0,NYY,AL,0.5,40.0,109.0,98.0,14.0,27.0,5.0,2.0,2.0,12.0,0.0,0.0,10.0,26.0,0.276,0.349,0.429,0.777,103.0,0.364,110.0,42.0,0.0,1.0,0.0,0.0,0.0,5/HD3,
Russ McGinnis,32.0,KCR,AL,0.0,3.0,6.0,5.0,1.0,0.0,0.0,0.0,0.0,0.0,0.0,0.0,1.0,1.0,0.0,0.167,0.0,0.167,-52.0,0.276,49.0,0.0,0.0,0.0,0.0,0.0,0.0,/H357,
Russ Morman,33.0,FLA,NL,0.1,34.0,76.0,72.0,9.0,20.0,2.0,1.0,3.0,7.0,0.0,0.0,3.0,12.0,0.278,0.316,0.458,0.774,102.0,0.363,112.0,33.0,5.0,1.0,0.0,0.0,0.0,H9/73,
Russ Springer,26.0,PHI,NL,0.0,14.0,2.0,1.0,0.0,0.0,0.0,0.0,0.0,0.0,0.0,0.0,0.0,1.0,0.0,0.0,0.0,0.0,-100.0,0.0,-375.0,0.0,0.0,0.0,1.0,0.0,0.0,1,
Rusty Greer*,26.0,TEX,AL,1.5,131.0,478.0,417.0,58.0,113.0,21.0,2.0,13.0,61.0,3.0,1.0,55.0,66.0,0.271,0.355,0.424,0.78,100.0,0.36,104.0,177.0,9.0,1.0,2.0,3.0,1.0,*97H/83,
Ryan Bowen,27.0,FLA,NL,0.0,4.0,6.0,6.0,1.0,2.0,0.0,0.0,0.0,0.0,0.0,0.0,0.0,3.0,0.333,0.333,0.333,0.667,77.0,0.301,69.0,2.0,0.0,0.0,0.0,0.0,0.0,/1,
Ryan Karp*,25.0,PHI,NL,0.0,1.0,0.0,0.0,0.0,0.0,0.0,0.0,0.0,0.0,0.0,0.0,0.0,0.0,,,,,,,,0.0,0.0,0.0,0.0,0.0,0.0,/1,
Ryan Klesko*,24.0,ATL,NL,1.6,107.0,381.0,329.0,48.0,102.0,25.0,2.0,23.0,70.0,5.0,4.0,47.0,72.0,0.31,0.396,0.608,1.004,158.0,0.427,158.0,200.0,8.0,2.0,0.0,3.0,10.0,*7/H3,
Ryan Thompson,27.0,NYM,NL,1.0,75.0,294.0,267.0,39.0,67.0,13.0,0.0,7.0,31.0,3.0,1.0,19.0,77.0,0.251,0.306,0.378,0.684,83.0,0.323,88.0,101.0,12.0,4.0,0.0,4.0,1.0,897/H,
Salomón Torres,23.0,SFG,NL,0.0,4.0,1.0,1.0,0.0,0.0,0.0,0.0,0.0,0.0,0.0,0.0,0.0,0.0,0.0,0.0,0.0,0.0,-100.0,0.0,-133.0,0.0,0.0,0.0,0.0,0.0,0.0,/1,
Sam Horn*,31.0,TEX,AL,-0.1,11.0,10.0,9.0,0.0,1.0,0.0,0.0,0.0,0.0,0.0,0.0,1.0,6.0,0.111,0.2,0.111,0.311,-17.0,0.164,-31.0,1.0,0.0,0.0,0.0,0.0,0.0,H/D,
Sammy Sosa,26.0,CHC,NL,5.3,144.0,629.0,564.0,89.0,151.0,17.0,3.0,36.0,119.0,34.0,7.0,58.0,134.0,0.268,0.34,0.5,0.84,122.0,0.377,120.0,282.0,8.0,5.0,0.0,2.0,11.0,*9/H,"AS,MVP-8,SS"
Sandy Alomar,29.0,CLE,AL,1.3,66.0,218.0,203.0,32.0,61.0,6.0,0.0,10.0,35.0,3.0,1.0,7.0,26.0,0.3,0.332,0.478,0.81,107.0,0.371,113.0,97.0,8.0,3.0,4.0,1.0,0.0,2H,
Sandy Martínez*,24.0,TOR,AL,-0.8,62.0,200.0,191.0,12.0,46.0,12.0,0.0,2.0,25.0,0.0,0.0,7.0,45.0,0.241,0.27,0.335,0.605,58.0,0.275,49.0,64.0,1.0,1.0,0.0,1.0,0.0,2/H,
Scott Brosius,28.0,OAK,AL,0.6,123.0,443.0,389.0,69.0,102.0,19.0,2.0,17.0,46.0,4.0,2.0,41.0,67.0,0.262,0.342,0.452,0.794,114.0,0.358,116.0,176.0,5.0,8.0,1.0,4.0,0.0,5893H/746D,
Scott Bullett*,26.0,CHC,NL,0.8,104.0,164.0,150.0,19.0,41.0,5.0,7.0,3.0,22.0,8.0,3.0,12.0,30.0,0.273,0.331,0.46,0.791,109.0,0.361,113.0,69.0,4.0,1.0,1.0,0.0,2.0,7H8,
Scott Cooper*,27.0,STL,NL,-0.3,118.0,430.0,374.0,29.0,86.0,18.0,2.0,3.0,40.0,0.0,3.0,49.0,85.0,0.23,0.321,0.313,0.634,70.0,0.293,68.0,117.0,9.0,3.0,0.0,4.0,3.0,*5H,
Scott Fletcher,36.0,DET,AL,-0.2,67.0,209.0,182.0,19.0,42.0,10.0,1.0,1.0,17.0,1.0,0.0,19.0,27.0,0.231,0.312,0.313,0.625,64.0,0.301,65.0,57.0,2.0,3.0,4.0,1.0,0.0,4/H63D,
Scott Hatteberg*,25.0,BOS,AL,0.0,2.0,2.0,2.0,1.0,1.0,0.0,0.0,0.0,0.0,0.0,0.0,0.0,0.0,0.5,0.5,0.5,1.0,159.0,0.455,168.0,1.0,1.0,0.0,0.0,0.0,0.0,/2H,
Scott Hemond,29.0,STL,NL,-0.4,57.0,134.0,118.0,11.0,17.0,1.0,0.0,3.0,9.0,0.0,0.0,12.0,31.0,0.144,0.233,0.229,0.462,24.0,0.233,22.0,27.0,8.0,2.0,1.0,1.0,0.0,2H/4,
Scott Leius,29.0,MIN,AL,0.4,117.0,427.0,372.0,51.0,92.0,16.0,5.0,4.0,45.0,2.0,1.0,49.0,54.0,0.247,0.335,0.349,0.684,78.0,0.322,80.0,130.0,14.0,2.0,0.0,4.0,3.0,*5/H6D,
Scott Livingstone*,29.0,SDP,NL,1.5,99.0,213.0,196.0,26.0,66.0,15.0,0.0,5.0,32.0,2.0,1.0,15.0,22.0,0.337,0.38,0.49,0.87,131.0,0.389,134.0,96.0,3.0,0.0,0.0,2.0,1.0,H35/4,
Scott Sanders,26.0,SDP,NL,0.3,17.0,31.0,27.0,2.0,8.0,1.0,0.0,0.0,4.0,1.0,0.0,1.0,3.0,0.296,0.321,0.333,0.655,76.0,0.338,91.0,9.0,0.0,0.0,3.0,0.0,0.0,1,
Scott Servais,28.0,2TM,NL,1.9,80.0,304.0,264.0,38.0,70.0,22.0,0.0,13.0,47.0,2.0,2.0,32.0,52.0,0.265,0.348,0.496,0.844,125.0,0.372,126.0,131.0,9.0,3.0,2.0,3.0,8.0,2/H,
Scott Servais,28.0,HOU,NL,-0.2,28.0,101.0,89.0,7.0,20.0,10.0,0.0,1.0,12.0,0.0,1.0,9.0,15.0,0.225,0.3,0.371,0.671,83.0,0.296,76.0,33.0,4.0,1.0,1.0,1.0,2.0,2,
Scott Servais,28.0,CHC,NL,2.1,52.0,203.0,175.0,31.0,50.0,12.0,0.0,12.0,35.0,2.0,1.0,23.0,37.0,0.286,0.371,0.56,0.931,145.0,0.41,150.0,98.0,5.0,2.0,1.0,2.0,6.0,2/H,
Scott Service,28.0,SFG,NL,0.0,28.0,1.0,1.0,0.0,0.0,0.0,0.0,0.0,0.0,0.0,0.0,0.0,1.0,0.0,0.0,0.0,0.0,-100.0,0.0,-133.0,0.0,0.0,0.0,0.0,0.0,0.0,1,
Scott Stahoviak*,25.0,MIN,AL,0.2,94.0,296.0,263.0,28.0,70.0,19.0,0.0,3.0,23.0,5.0,1.0,30.0,61.0,0.266,0.341,0.373,0.714,86.0,0.326,81.0,98.0,3.0,1.0,0.0,2.0,1.0,35H/D,
Scott Sullivan,24.0,CIN,NL,0.0,3.0,1.0,1.0,0.0,0.0,0.0,0.0,0.0,0.0,0.0,0.0,0.0,1.0,0.0,0.0,0.0,0.0,-100.0,0.0,-133.0,0.0,0.0,0.0,0.0,0.0,0.0,/1,
Scott Watkins*,25.0,MIN,AL,0.0,1.0,0.0,0.0,0.0,0.0,0.0,0.0,0.0,0.0,0.0,0.0,0.0,0.0,,,,,,,,0.0,0.0,0.0,0.0,0.0,0.0,1,
Sean Berry,29.0,MON,NL,2.4,103.0,348.0,314.0,38.0,100.0,22.0,1.0,14.0,55.0,3.0,8.0,25.0,53.0,0.318,0.367,0.529,0.896,131.0,0.396,140.0,166.0,5.0,2.0,2.0,5.0,1.0,5H/3,
Sergio Valdéz,30.0,SFG,NL,-0.1,13.0,24.0,21.0,1.0,2.0,0.0,0.0,0.0,1.0,0.0,0.0,0.0,9.0,0.095,0.095,0.095,0.19,-48.0,0.13,-68.0,2.0,0.0,0.0,3.0,0.0,0.0,1,
Shane Andrews,23.0,MON,NL,-0.6,84.0,241.0,220.0,27.0,47.0,10.0,1.0,8.0,31.0,1.0,1.0,17.0,68.0,0.214,0.271,0.377,0.648,67.0,0.289,58.0,83.0,4.0,1.0,1.0,2.0,2.0,53H,
Shane Reynolds,27.0,HOU,NL,-0.3,31.0,74.0,63.0,4.0,8.0,1.0,0.0,0.0,1.0,0.0,0.0,1.0,30.0,0.127,0.141,0.143,0.283,-22.0,0.144,-55.0,9.0,2.0,0.0,10.0,0.0,0.0,1/H,
Shannon Penn#,25.0,DET,AL,-0.3,3.0,10.0,9.0,0.0,3.0,0.0,0.0,0.0,0.0,0.0,0.0,1.0,2.0,0.333,0.4,0.333,0.733,94.0,0.346,98.0,3.0,2.0,0.0,0.0,0.0,0.0,/4,
Shannon Stewart,21.0,TOR,AL,-0.2,12.0,44.0,38.0,2.0,8.0,0.0,0.0,0.0,1.0,2.0,0.0,5.0,5.0,0.211,0.318,0.211,0.529,42.0,0.276,43.0,8.0,0.0,1.0,0.0,0.0,0.0,8/H,
Shawn Barton,32.0,SFG,NL,0.0,52.0,1.0,0.0,0.0,0.0,0.0,0.0,0.0,0.0,0.0,0.0,0.0,0.0,,,,,,,,0.0,0.0,0.0,1.0,0.0,0.0,1,
Shawn Estes,22.0,SFG,NL,-0.1,3.0,5.0,5.0,0.0,0.0,0.0,0.0,0.0,0.0,0.0,0.0,0.0,2.0,0.0,0.0,0.0,0.0,-100.0,0.0,-141.0,0.0,1.0,0.0,0.0,0.0,0.0,/1,
Shawn Green*,22.0,TOR,AL,0.5,121.0,405.0,379.0,52.0,109.0,31.0,4.0,15.0,54.0,1.0,2.0,20.0,68.0,0.288,0.326,0.509,0.835,115.0,0.359,108.0,193.0,4.0,3.0,0.0,3.0,3.0,*9H,ROY-5
Shawn Hare*,28.0,TEX,AL,0.0,18.0,28.0,24.0,2.0,6.0,1.0,0.0,0.0,2.0,0.0,0.0,4.0,6.0,0.25,0.357,0.292,0.649,70.0,0.312,71.0,7.0,1.0,0.0,0.0,0.0,0.0,H/97D3,
Shawon Dunston,32.0,CHC,NL,0.6,127.0,503.0,477.0,58.0,141.0,30.0,6.0,14.0,69.0,10.0,5.0,10.0,75.0,0.296,0.317,0.472,0.788,108.0,0.347,105.0,225.0,8.0,6.0,7.0,3.0,3.0,*6/H,
Sherman Obando,25.0,BAL,AL,-0.3,16.0,41.0,38.0,0.0,10.0,1.0,0.0,0.0,3.0,1.0,0.0,2.0,12.0,0.263,0.293,0.289,0.582,52.0,0.294,56.0,11.0,0.0,0.0,0.0,1.0,0.0,/9DH,
Sid Fernandez*,32.0,PHI,NL,-0.3,11.0,25.0,23.0,1.0,1.0,0.0,0.0,0.0,1.0,0.0,0.0,1.0,15.0,0.043,0.083,0.043,0.127,-65.0,0.067,-104.0,1.0,0.0,0.0,1.0,0.0,0.0,1,
Spike Owen#,34.0,CAL,AL,-0.7,82.0,237.0,218.0,17.0,50.0,9.0,3.0,1.0,28.0,3.0,2.0,18.0,22.0,0.229,0.288,0.312,0.6,57.0,0.279,53.0,68.0,7.0,0.0,1.0,0.0,1.0,H564,
Stan Javier#,31.0,OAK,AL,3.5,130.0,504.0,442.0,81.0,123.0,20.0,2.0,8.0,56.0,36.0,5.0,49.0,63.0,0.278,0.353,0.387,0.74,101.0,0.362,110.0,171.0,8.0,4.0,5.0,4.0,3.0,*87H/59,
Steve Avery*,25.0,ATL,NL,0.4,29.0,63.0,53.0,4.0,11.0,1.0,1.0,2.0,4.0,0.0,0.0,1.0,17.0,0.208,0.218,0.377,0.596,52.0,0.254,22.0,20.0,0.0,0.0,8.0,1.0,0.0,1,
Steve Bedrosian,37.0,ATL,NL,0.0,29.0,0.0,0.0,0.0,0.0,0.0,0.0,0.0,0.0,0.0,0.0,0.0,0.0,,,,,,,,0.0,0.0,0.0,0.0,0.0,0.0,1,
Steve Buechele,33.0,2TM,2LG,-0.6,41.0,146.0,130.0,10.0,23.0,2.0,0.0,1.0,9.0,0.0,0.0,15.0,22.0,0.177,0.262,0.215,0.477,29.0,0.24,25.0,28.0,1.0,0.0,1.0,0.0,1.0,5/H,
Steve Buechele,33.0,CHC,NL,-0.2,32.0,118.0,106.0,10.0,20.0,2.0,0.0,1.0,9.0,0.0,0.0,11.0,19.0,0.189,0.265,0.236,0.501,36.0,0.253,37.0,25.0,1.0,0.0,1.0,0.0,0.0,5,
Steve Buechele,33.0,TEX,AL,-0.3,9.0,28.0,24.0,0.0,3.0,0.0,0.0,0.0,0.0,0.0,0.0,4.0,3.0,0.125,0.25,0.125,0.375,1.0,0.182,-22.0,3.0,0.0,0.0,0.0,0.0,1.0,/5H,
Steve Decker,29.0,FLA,NL,0.1,51.0,154.0,133.0,12.0,30.0,2.0,1.0,3.0,13.0,1.0,0.0,19.0,22.0,0.226,0.318,0.323,0.641,70.0,0.294,62.0,43.0,1.0,0.0,0.0,2.0,1.0,2/H3,
Steve Dunn*,25.0,MIN,AL,-0.1,5.0,7.0,6.0,0.0,0.0,0.0,0.0,0.0,0.0,0.0,0.0,1.0,3.0,0.0,0.143,0.0,0.143,-59.0,0.104,-70.0,0.0,0.0,0.0,0.0,0.0,0.0,/H3,
Steve Finley*,30.0,SDP,NL,1.5,139.0,630.0,562.0,104.0,167.0,23.0,8.0,10.0,44.0,36.0,12.0,59.0,62.0,0.297,0.366,0.42,0.786,110.0,0.361,111.0,236.0,8.0,3.0,4.0,2.0,5.0,*8/H,GG
Steve Frey,31.0,2TM,NL,0.0,18.0,1.0,1.0,0.0,0.0,0.0,0.0,0.0,0.0,0.0,0.0,0.0,1.0,0.0,0.0,0.0,0.0,-100.0,0.0,-133.0,0.0,0.0,0.0,0.0,0.0,0.0,1,
Steve Frey,31.0,SFG,NL,0.0,9.0,0.0,0.0,0.0,0.0,0.0,0.0,0.0,0.0,0.0,0.0,0.0,0.0,,,,,,,,0.0,0.0,0.0,0.0,0.0,0.0,/1,
Steve Frey,31.0,PHI,NL,0.0,9.0,1.0,1.0,0.0,0.0,0.0,0.0,0.0,0.0,0.0,0.0,0.0,1.0,0.0,0.0,0.0,0.0,-100.0,0.0,-133.0,0.0,0.0,0.0,0.0,0.0,0.0,/1,
Steve Gibralter,22.0,CIN,NL,0.0,4.0,3.0,3.0,0.0,1.0,0.0,0.0,0.0,0.0,0.0,0.0,0.0,0.0,0.333,0.333,0.333,0.667,78.0,0.301,69.0,1.0,0.0,0.0,0.0,0.0,0.0,/8H,
Steve Mintz*,26.0,SFG,NL,0.0,14.0,3.0,3.0,0.0,0.0,0.0,0.0,0.0,0.0,0.0,0.0,0.0,3.0,0.0,0.0,0.0,0.0,-100.0,0.0,-140.0,0.0,0.0,0.0,0.0,0.0,0.0,1,
Steve Parris,27.0,PIT,NL,0.2,15.0,29.0,28.0,2.0,7.0,2.0,0.0,0.0,4.0,0.0,0.0,0.0,10.0,0.25,0.25,0.321,0.571,49.0,0.252,30.0,9.0,0.0,0.0,1.0,0.0,0.0,1,
Steve Pegues,27.0,PIT,NL,-1.0,82.0,179.0,171.0,17.0,42.0,8.0,0.0,6.0,16.0,1.0,2.0,4.0,36.0,0.246,0.263,0.398,0.66,71.0,0.287,61.0,68.0,3.0,1.0,0.0,3.0,0.0,H79/8,
Steve Reed,30.0,COL,NL,0.0,71.0,3.0,3.0,0.0,1.0,0.0,0.0,0.0,0.0,0.0,0.0,0.0,1.0,0.333,0.333,0.333,0.667,60.0,0.301,46.0,1.0,0.0,0.0,0.0,0.0,0.0,1,
Steve Rodriguez,24.0,2TM,AL,-0.3,18.0,46.0,39.0,5.0,7.0,1.0,0.0,0.0,0.0,2.0,2.0,6.0,10.0,0.179,0.289,0.205,0.494,32.0,0.316,85.0,8.0,1.0,0.0,1.0,0.0,0.0,4/6HD,
Steve Rodriguez,24.0,BOS,AL,0.0,6.0,9.0,8.0,1.0,1.0,0.0,0.0,0.0,0.0,1.0,0.0,1.0,1.0,0.125,0.222,0.125,0.347,-7.0,0.414,124.0,1.0,0.0,0.0,0.0,0.0,0.0,/6H4D,
Steve Rodriguez,24.0,DET,AL,-0.3,12.0,37.0,31.0,4.0,6.0,1.0,0.0,0.0,0.0,1.0,2.0,5.0,9.0,0.194,0.306,0.226,0.531,42.0,0.291,75.0,7.0,1.0,0.0,1.0,0.0,0.0,4/6,
Steve Scarsone,29.0,SFG,NL,2.1,80.0,261.0,233.0,33.0,62.0,10.0,3.0,11.0,29.0,3.0,2.0,18.0,82.0,0.266,0.333,0.476,0.81,116.0,0.371,124.0,111.0,2.0,6.0,3.0,1.0,0.0,54H3,
Steve Trachsel,24.0,CHC,NL,0.4,30.0,58.0,49.0,3.0,13.0,2.0,0.0,0.0,4.0,0.0,0.0,2.0,17.0,0.265,0.288,0.306,0.595,60.0,0.267,42.0,15.0,0.0,0.0,6.0,1.0,0.0,1,
T.J. Mathews,25.0,STL,NL,0.0,23.0,2.0,2.0,0.0,0.0,0.0,0.0,0.0,0.0,0.0,0.0,0.0,1.0,0.0,0.0,0.0,0.0,-100.0,0.0,-148.0,0.0,0.0,0.0,0.0,0.0,0.0,1,
Tanyon Sturtze,24.0,CHC,NL,0.0,2.0,0.0,0.0,0.0,0.0,0.0,0.0,0.0,0.0,0.0,0.0,0.0,0.0,,,,,,,,0.0,0.0,0.0,0.0,0.0,0.0,/1,
Tavo Álvarez,23.0,MON,NL,-0.2,8.0,14.0,12.0,1.0,0.0,0.0,0.0,0.0,0.0,0.0,0.0,0.0,4.0,0.0,0.0,0.0,0.0,-100.0,0.0,-189.0,0.0,0.0,0.0,2.0,0.0,0.0,/1,
Terrell Wade*,22.0,ATL,NL,0.0,3.0,0.0,0.0,0.0,0.0,0.0,0.0,0.0,0.0,0.0,0.0,0.0,0.0,,,,,,,,0.0,0.0,0.0,0.0,0.0,0.0,/1,
Terry Adams,22.0,CHC,NL,0.0,18.0,0.0,0.0,0.0,0.0,0.0,0.0,0.0,0.0,0.0,0.0,0.0,0.0,,,,,,,,0.0,0.0,0.0,0.0,0.0,0.0,1,
Terry Bradshaw*,26.0,STL,NL,0.0,19.0,46.0,44.0,6.0,10.0,1.0,1.0,0.0,2.0,1.0,2.0,2.0,10.0,0.227,0.261,0.295,0.556,48.0,0.233,35.0,13.0,0.0,0.0,0.0,0.0,0.0,H/789,
Terry Clark,34.0,ATL,NL,0.0,3.0,0.0,0.0,0.0,0.0,0.0,0.0,0.0,0.0,0.0,0.0,0.0,0.0,,,,,,,,0.0,0.0,0.0,0.0,0.0,0.0,/1,
Terry Mathews*,30.0,FLA,NL,0.3,57.0,13.0,13.0,2.0,6.0,2.0,0.0,0.0,3.0,0.0,0.0,0.0,4.0,0.462,0.462,0.615,1.077,182.0,0.472,189.0,8.0,1.0,0.0,0.0,0.0,0.0,1/H,
Terry Mulholland,32.0,SFG,NL,0.0,30.0,54.0,49.0,3.0,5.0,1.0,1.0,1.0,3.0,0.0,0.0,1.0,22.0,0.102,0.118,0.224,0.342,-10.0,0.181,-17.0,11.0,1.0,0.0,3.0,1.0,0.0,1/H,
Terry Pendleton#,34.0,FLA,NL,1.9,133.0,557.0,513.0,70.0,149.0,32.0,1.0,14.0,78.0,1.0,2.0,38.0,84.0,0.29,0.339,0.439,0.778,104.0,0.344,100.0,225.0,7.0,2.0,0.0,4.0,7.0,*5/H,
Terry Shumpert,28.0,BOS,AL,-0.2,21.0,51.0,47.0,6.0,11.0,3.0,0.0,0.0,3.0,3.0,1.0,4.0,13.0,0.234,0.294,0.298,0.592,53.0,0.295,58.0,14.0,0.0,0.0,0.0,0.0,0.0,/4H56D,
Terry Steinbach,33.0,OAK,AL,2.6,114.0,440.0,406.0,43.0,113.0,26.0,1.0,15.0,65.0,1.0,3.0,25.0,74.0,0.278,0.322,0.458,0.78,109.0,0.34,105.0,186.0,15.0,3.0,1.0,4.0,4.0,*2/H3,
Thomas Howard#,30.0,CIN,NL,0.5,113.0,304.0,281.0,42.0,85.0,15.0,2.0,3.0,26.0,17.0,8.0,20.0,37.0,0.302,0.35,0.402,0.752,99.0,0.343,99.0,113.0,3.0,1.0,1.0,1.0,0.0,H879,
Tim Bogar,28.0,NYM,NL,0.5,78.0,157.0,145.0,17.0,42.0,7.0,0.0,1.0,21.0,1.0,0.0,9.0,25.0,0.29,0.329,0.359,0.688,85.0,0.317,83.0,52.0,2.0,0.0,2.0,1.0,0.0,65H3/47,
Tim Hulett,35.0,STL,NL,-0.2,4.0,11.0,11.0,0.0,2.0,0.0,0.0,0.0,0.0,0.0,0.0,0.0,3.0,0.182,0.182,0.182,0.364,-3.0,0.164,-26.0,2.0,0.0,0.0,0.0,0.0,0.0,/4H6,
Tim Hyers*,23.0,SDP,NL,-0.1,6.0,5.0,5.0,0.0,0.0,0.0,0.0,0.0,0.0,0.0,0.0,0.0,1.0,0.0,0.0,0.0,0.0,-100.0,0.184,-12.0,0.0,1.0,0.0,0.0,0.0,0.0,/H3,
Tim Laker,25.0,MON,NL,-0.3,64.0,158.0,141.0,17.0,33.0,8.0,1.0,3.0,20.0,0.0,1.0,14.0,38.0,0.234,0.306,0.369,0.675,75.0,0.307,71.0,52.0,5.0,1.0,1.0,1.0,4.0,2/H,
Tim Mauser,28.0,SDP,NL,0.0,5.0,1.0,1.0,0.0,0.0,0.0,0.0,0.0,0.0,0.0,0.0,0.0,1.0,0.0,0.0,0.0,0.0,-100.0,0.0,-133.0,0.0,0.0,0.0,0.0,0.0,0.0,/1,
Tim Naehring,28.0,BOS,AL,4.2,126.0,520.0,433.0,61.0,133.0,27.0,2.0,10.0,57.0,0.0,2.0,77.0,66.0,0.307,0.415,0.448,0.863,123.0,0.392,128.0,194.0,16.0,4.0,4.0,2.0,5.0,*5/HD,
Tim Pugh,28.0,CIN,NL,-0.1,29.0,33.0,28.0,2.0,4.0,2.0,0.0,0.0,1.0,0.0,0.0,1.0,12.0,0.143,0.172,0.214,0.387,2.0,0.174,-37.0,6.0,1.0,0.0,4.0,0.0,0.0,1/H,
Tim Raines#,35.0,CHW,AL,1.5,133.0,581.0,502.0,81.0,143.0,25.0,4.0,12.0,67.0,13.0,2.0,70.0,52.0,0.285,0.374,0.422,0.796,111.0,0.37,116.0,212.0,8.0,3.0,3.0,3.0,3.0,*7DH/9,
Tim Salmon,26.0,CAL,AL,6.6,143.0,638.0,537.0,111.0,177.0,34.0,3.0,34.0,105.0,5.0,5.0,91.0,111.0,0.33,0.429,0.594,1.024,165.0,0.449,170.0,319.0,9.0,6.0,0.0,4.0,2.0,*9/D,"MVP-7,SS"
Tim Scott,28.0,MON,NL,0.0,62.0,4.0,4.0,0.0,1.0,0.0,0.0,0.0,0.0,0.0,0.0,0.0,2.0,0.25,0.25,0.25,0.5,31.0,0.226,13.0,1.0,0.0,0.0,0.0,0.0,0.0,1,
Tim Spehr,28.0,MON,NL,0.4,41.0,44.0,35.0,4.0,9.0,5.0,0.0,1.0,3.0,0.0,0.0,6.0,7.0,0.257,0.366,0.486,0.852,120.0,0.375,119.0,17.0,0.0,0.0,3.0,0.0,0.0,2H,
Tim Unroe,24.0,MIL,AL,0.0,2.0,4.0,4.0,0.0,1.0,0.0,0.0,0.0,0.0,0.0,0.0,0.0,0.0,0.25,0.25,0.25,0.5,29.0,0.227,12.0,1.0,0.0,0.0,0.0,0.0,0.0,/3H,
Tim Wallach,37.0,LAD,NL,0.9,97.0,362.0,327.0,24.0,87.0,22.0,2.0,9.0,38.0,0.0,0.0,27.0,69.0,0.266,0.326,0.428,0.754,106.0,0.336,103.0,140.0,11.0,4.0,0.0,4.0,4.0,5/3H,
Tim Worrell,27.0,SDP,NL,0.1,9.0,1.0,1.0,0.0,0.0,0.0,0.0,0.0,0.0,0.0,0.0,0.0,0.0,0.0,0.0,0.0,0.0,-100.0,0.921,500.0,0.0,0.0,0.0,0.0,0.0,0.0,/1,
Tino Martinez*,27.0,SEA,AL,4.5,141.0,593.0,519.0,92.0,152.0,35.0,3.0,31.0,111.0,0.0,0.0,62.0,91.0,0.293,0.369,0.551,0.92,135.0,0.396,131.0,286.0,10.0,4.0,2.0,6.0,15.0,*3/HD,AS
Toby Borland,26.0,PHI,NL,0.0,50.0,6.0,5.0,1.0,1.0,0.0,0.0,0.0,1.0,0.0,0.0,0.0,1.0,0.2,0.167,0.2,0.367,-3.0,0.15,-37.0,1.0,0.0,0.0,0.0,1.0,0.0,1,
Todd Benzinger#,32.0,SFG,NL,0.1,9.0,13.0,10.0,2.0,2.0,0.0,0.0,1.0,2.0,0.0,0.0,2.0,3.0,0.2,0.308,0.5,0.808,114.0,0.304,74.0,5.0,0.0,0.0,0.0,1.0,1.0,/H3,
Todd Haney,29.0,CHC,NL,0.6,25.0,81.0,73.0,11.0,30.0,8.0,0.0,2.0,6.0,0.0,0.0,7.0,11.0,0.411,0.463,0.603,1.065,183.0,0.466,189.0,44.0,0.0,0.0,1.0,0.0,0.0,4/5H,
Todd Hollandsworth*,22.0,LAD,NL,-0.3,41.0,115.0,103.0,16.0,24.0,2.0,0.0,5.0,13.0,2.0,1.0,10.0,29.0,0.233,0.304,0.398,0.702,91.0,0.313,87.0,41.0,1.0,1.0,0.0,1.0,2.0,8/7H9,
Todd Hundley#,26.0,NYM,NL,2.6,90.0,326.0,275.0,39.0,77.0,11.0,0.0,15.0,51.0,1.0,0.0,42.0,64.0,0.28,0.382,0.484,0.865,131.0,0.386,133.0,133.0,4.0,5.0,1.0,3.0,5.0,2H,
Todd Jones*,27.0,HOU,NL,0.1,68.0,5.0,5.0,1.0,1.0,1.0,0.0,0.0,0.0,0.0,0.0,0.0,1.0,0.2,0.2,0.4,0.6,59.0,0.253,43.0,2.0,0.0,0.0,0.0,0.0,0.0,1,
Todd Pratt,28.0,CHC,NL,-0.7,25.0,67.0,60.0,3.0,8.0,2.0,0.0,0.0,4.0,0.0,0.0,6.0,21.0,0.133,0.209,0.167,0.376,2.0,0.175,-19.0,10.0,1.0,0.0,0.0,1.0,1.0,2/H,
Todd Steverson,23.0,DET,AL,-0.3,30.0,50.0,42.0,11.0,11.0,0.0,0.0,2.0,6.0,2.0,0.0,6.0,10.0,0.262,0.34,0.405,0.745,94.0,0.339,86.0,17.0,0.0,0.0,0.0,2.0,0.0,79/H8D,
Todd Stottlemyre*,30.0,OAK,AL,0.0,2.0,1.0,1.0,0.0,0.0,0.0,0.0,0.0,0.0,0.0,0.0,0.0,1.0,0.0,0.0,0.0,0.0,-100.0,0.0,-123.0,0.0,0.0,0.0,0.0,0.0,0.0,1,
Todd Van Poppel,23.0,OAK,AL,0.0,1.0,0.0,0.0,0.0,0.0,0.0,0.0,0.0,0.0,0.0,0.0,0.0,0.0,,,,,,,,0.0,0.0,0.0,0.0,0.0,0.0,1,
Todd Williams,24.0,LAD,NL,0.1,16.0,2.0,2.0,0.0,1.0,0.0,0.0,0.0,0.0,0.0,0.0,0.0,0.0,0.5,0.5,0.5,1.0,176.0,0.451,187.0,1.0,0.0,0.0,0.0,0.0,0.0,1,
Todd Worrell,35.0,LAD,NL,0.0,59.0,2.0,2.0,0.0,0.0,0.0,0.0,0.0,0.0,0.0,0.0,0.0,2.0,0.0,0.0,0.0,0.0,-100.0,0.0,-139.0,0.0,0.0,0.0,0.0,0.0,0.0,1,AS
Todd Zeile,29.0,2TM,NL,-0.6,113.0,473.0,426.0,50.0,105.0,22.0,0.0,14.0,52.0,1.0,0.0,34.0,76.0,0.246,0.305,0.397,0.702,86.0,0.32,85.0,169.0,13.0,4.0,4.0,5.0,1.0,53/H7,
Todd Zeile,29.0,STL,NL,0.8,34.0,148.0,127.0,16.0,37.0,6.0,0.0,5.0,22.0,1.0,0.0,18.0,23.0,0.291,0.378,0.457,0.835,122.0,0.37,118.0,58.0,2.0,1.0,0.0,2.0,1.0,3/H,
Todd Zeile,29.0,CHC,NL,-1.3,79.0,325.0,299.0,34.0,68.0,16.0,0.0,9.0,30.0,0.0,0.0,16.0,53.0,0.227,0.271,0.371,0.642,70.0,0.298,69.0,111.0,11.0,3.0,4.0,3.0,0.0,5/7H3,
Tom Candiotti,38.0,LAD,NL,-0.2,30.0,63.0,55.0,2.0,6.0,0.0,0.0,0.0,2.0,0.0,0.0,3.0,16.0,0.109,0.155,0.109,0.264,-26.0,0.13,-55.0,6.0,1.0,0.0,5.0,0.0,0.0,1,
Tom Edens,34.0,CHC,NL,0.0,5.0,0.0,0.0,0.0,0.0,0.0,0.0,0.0,0.0,0.0,0.0,0.0,0.0,,,,,,,,0.0,0.0,0.0,0.0,0.0,0.0,/1,
Tom Foley*,35.0,MON,NL,-0.2,11.0,26.0,24.0,2.0,5.0,2.0,0.0,0.0,2.0,1.0,0.0,2.0,4.0,0.208,0.269,0.292,0.561,47.0,0.266,34.0,7.0,2.0,0.0,0.0,0.0,0.0,/H34,
Tom Glavine*,29.0,ATL,NL,0.7,29.0,74.0,63.0,6.0,14.0,1.0,0.0,1.0,8.0,0.0,0.0,2.0,15.0,0.222,0.258,0.286,0.543,42.0,0.289,52.0,18.0,0.0,1.0,8.0,0.0,0.0,1,"CYA-3,SS"
Tom Goodwin*,26.0,KCR,AL,2.3,133.0,537.0,480.0,72.0,138.0,16.0,3.0,4.0,28.0,50.0,18.0,38.0,72.0,0.288,0.346,0.358,0.704,84.0,0.341,90.0,172.0,7.0,5.0,14.0,0.0,0.0,*87/HD9,ROY-9
Tom Gordon,27.0,KCR,AL,0.0,1.0,0.0,0.0,0.0,0.0,0.0,0.0,0.0,0.0,0.0,0.0,0.0,0.0,,,,,,,,0.0,0.0,0.0,0.0,0.0,0.0,1/H,
Tom Henke,37.0,STL,NL,0.0,52.0,1.0,1.0,0.0,0.0,0.0,0.0,0.0,0.0,0.0,0.0,0.0,0.0,0.0,0.0,0.0,0.0,-100.0,0.0,-133.0,0.0,0.0,0.0,0.0,0.0,0.0,1,"AS,MVP-22"
Tom Lampkin*,31.0,SFG,NL,0.4,65.0,86.0,76.0,8.0,21.0,2.0,0.0,1.0,9.0,2.0,0.0,9.0,8.0,0.276,0.36,0.342,0.703,91.0,0.327,88.0,26.0,1.0,1.0,0.0,0.0,1.0,H2/7,
Tom Marsh,29.0,PHI,NL,0.1,43.0,114.0,109.0,13.0,32.0,3.0,1.0,3.0,15.0,0.0,1.0,4.0,25.0,0.294,0.316,0.422,0.738,94.0,0.327,91.0,46.0,1.0,0.0,0.0,1.0,0.0,7H/89,
Tom Pagnozzi,32.0,STL,NL,-0.3,62.0,232.0,219.0,17.0,47.0,14.0,1.0,2.0,15.0,0.0,1.0,11.0,31.0,0.215,0.254,0.315,0.569,51.0,0.26,43.0,69.0,9.0,1.0,0.0,1.0,0.0,2/H,
Tom Prince,30.0,LAD,NL,0.1,18.0,44.0,40.0,3.0,8.0,2.0,1.0,1.0,4.0,0.0,0.0,4.0,10.0,0.2,0.273,0.375,0.648,76.0,0.287,68.0,15.0,0.0,0.0,0.0,0.0,0.0,2/H,
Tom Thobe*,25.0,ATL,NL,0.0,3.0,0.0,0.0,0.0,0.0,0.0,0.0,0.0,0.0,0.0,0.0,0.0,0.0,,,,,,,,0.0,0.0,0.0,0.0,0.0,0.0,/1,
Tom Urbani*,27.0,STL,NL,0.4,24.0,24.0,19.0,3.0,6.0,1.0,0.0,1.0,3.0,0.0,0.0,3.0,6.0,0.316,0.409,0.526,0.935,147.0,0.411,153.0,10.0,0.0,0.0,2.0,0.0,0.0,1,
Tommy Greene,28.0,PHI,NL,-0.1,11.0,11.0,8.0,0.0,0.0,0.0,0.0,0.0,0.0,0.0,0.0,2.0,3.0,0.0,0.2,0.0,0.2,-41.0,0.143,-56.0,0.0,0.0,0.0,1.0,0.0,0.0,1,
Tommy Gregg*,31.0,FLA,NL,-0.6,72.0,176.0,156.0,20.0,37.0,5.0,0.0,6.0,20.0,3.0,1.0,16.0,33.0,0.237,0.313,0.385,0.697,83.0,0.316,78.0,60.0,3.0,2.0,0.0,2.0,1.0,H9/783,
Tomás Pérez#,21.0,TOR,AL,0.0,41.0,106.0,98.0,12.0,24.0,3.0,1.0,1.0,8.0,0.0,1.0,7.0,18.0,0.245,0.292,0.327,0.619,62.0,0.284,59.0,32.0,6.0,0.0,0.0,1.0,0.0,6/4H5,
Tony Clark#,23.0,DET,AL,0.2,27.0,109.0,101.0,10.0,24.0,5.0,1.0,3.0,11.0,0.0,0.0,8.0,30.0,0.238,0.294,0.396,0.69,78.0,0.313,75.0,40.0,2.0,0.0,0.0,0.0,0.0,3,
Tony Eusebio,28.0,HOU,NL,1.9,113.0,408.0,368.0,46.0,110.0,21.0,1.0,6.0,58.0,0.0,2.0,31.0,59.0,0.299,0.354,0.41,0.764,109.0,0.342,108.0,151.0,12.0,3.0,1.0,5.0,1.0,*2H,
Tony Fernández#,33.0,NYY,AL,0.9,108.0,438.0,384.0,57.0,94.0,20.0,2.0,5.0,45.0,6.0,6.0,42.0,40.0,0.245,0.322,0.346,0.668,75.0,0.308,75.0,133.0,14.0,4.0,3.0,5.0,4.0,*6/4H,
Tony Fossas*,37.0,STL,NL,0.0,58.0,0.0,0.0,0.0,0.0,0.0,0.0,0.0,0.0,0.0,0.0,0.0,0.0,,,,,,,,0.0,0.0,0.0,0.0,0.0,0.0,1,
Tony Gwynn*,35.0,SDP,NL,2.3,135.0,577.0,535.0,82.0,197.0,33.0,1.0,9.0,90.0,17.0,5.0,35.0,15.0,0.368,0.404,0.484,0.888,137.0,0.401,141.0,259.0,20.0,1.0,0.0,6.0,10.0,*9/H,"AS,MVP-9,SS"
Tony Longmire*,26.0,PHI,NL,1.1,59.0,117.0,104.0,21.0,37.0,7.0,0.0,3.0,19.0,1.0,1.0,11.0,19.0,0.356,0.419,0.51,0.928,145.0,0.405,145.0,53.0,1.0,1.0,0.0,1.0,1.0,H7/89,
Tony Peña,38.0,CLE,AL,0.3,91.0,279.0,263.0,25.0,69.0,15.0,0.0,5.0,28.0,1.0,0.0,14.0,44.0,0.262,0.302,0.376,0.679,75.0,0.322,79.0,99.0,9.0,1.0,1.0,0.0,1.0,2,
Tony Phillips#,36.0,CAL,AL,4.4,139.0,643.0,525.0,119.0,137.0,21.0,1.0,27.0,61.0,13.0,10.0,113.0,135.0,0.261,0.394,0.459,0.853,123.0,0.385,128.0,241.0,5.0,3.0,1.0,1.0,6.0,57/8HD,
Tony Tarasco*,24.0,MON,NL,0.4,126.0,495.0,438.0,64.0,109.0,18.0,4.0,14.0,40.0,24.0,3.0,51.0,78.0,0.249,0.329,0.404,0.733,90.0,0.341,87.0,177.0,2.0,2.0,3.0,1.0,12.0,*97H,
Travis Fryman,26.0,DET,AL,3.9,144.0,640.0,567.0,79.0,156.0,21.0,5.0,15.0,81.0,4.0,2.0,63.0,100.0,0.275,0.347,0.409,0.756,97.0,0.348,98.0,232.0,18.0,3.0,0.0,7.0,4.0,*5,
Trenidad Hubbard,31.0,COL,NL,0.1,24.0,67.0,58.0,13.0,18.0,4.0,0.0,3.0,9.0,2.0,1.0,8.0,6.0,0.31,0.394,0.534,0.928,119.0,0.42,131.0,31.0,2.0,0.0,1.0,0.0,0.0,8H/7,
Trevor Hoffman,27.0,SDP,NL,0.1,55.0,2.0,2.0,1.0,1.0,1.0,0.0,0.0,2.0,0.0,0.0,0.0,1.0,0.5,0.5,1.0,1.5,289.0,0.633,309.0,2.0,0.0,0.0,0.0,0.0,0.0,1,
Trevor Wilson*,29.0,SFG,NL,0.1,19.0,33.0,30.0,1.0,7.0,1.0,0.0,0.0,3.0,0.0,0.0,0.0,8.0,0.233,0.233,0.267,0.5,35.0,0.223,10.0,8.0,0.0,0.0,3.0,0.0,0.0,1/H,
Tripp Cromer,27.0,STL,NL,-0.4,105.0,369.0,345.0,36.0,78.0,19.0,0.0,5.0,18.0,0.0,0.0,14.0,66.0,0.226,0.261,0.325,0.586,55.0,0.271,49.0,112.0,14.0,4.0,1.0,5.0,2.0,64/H,
Troy O'Leary*,25.0,BOS,AL,1.9,112.0,434.0,399.0,60.0,123.0,31.0,6.0,10.0,49.0,5.0,3.0,29.0,64.0,0.308,0.355,0.491,0.846,116.0,0.369,111.0,196.0,8.0,1.0,3.0,2.0,4.0,*978H/D,
Turk Wendell#,28.0,CHC,NL,-0.1,43.0,8.0,7.0,0.0,0.0,0.0,0.0,0.0,0.0,0.0,0.0,1.0,5.0,0.0,0.125,0.0,0.125,-63.0,0.089,-77.0,0.0,0.0,0.0,0.0,0.0,0.0,1,
Turner Ward#,30.0,MIL,AL,0.5,44.0,146.0,129.0,19.0,34.0,3.0,1.0,4.0,16.0,6.0,1.0,14.0,21.0,0.264,0.338,0.395,0.733,87.0,0.34,84.0,51.0,2.0,1.0,1.0,1.0,1.0,79/8HD,
Tyler Green,25.0,PHI,NL,0.2,27.0,52.0,44.0,2.0,8.0,5.0,0.0,1.0,5.0,0.0,1.0,0.0,16.0,0.182,0.182,0.364,0.545,40.0,0.219,5.0,16.0,0.0,0.0,8.0,0.0,0.0,1/H,AS
Ugueth Urbina,21.0,MON,NL,0.1,7.0,6.0,6.0,0.0,2.0,0.0,0.0,0.0,0.0,0.0,0.0,0.0,4.0,0.333,0.333,0.333,0.667,75.0,0.301,66.0,2.0,0.0,0.0,0.0,0.0,0.0,/1,
Vicente Palacios,31.0,STL,NL,0.0,20.0,7.0,6.0,1.0,1.0,0.0,0.0,0.0,0.0,0.0,0.0,0.0,4.0,0.167,0.167,0.167,0.333,-11.0,0.15,-59.0,1.0,0.0,0.0,1.0,0.0,0.0,1,
Vince Coleman#,33.0,2TM,AL,0.3,115.0,500.0,455.0,66.0,131.0,23.0,6.0,5.0,29.0,42.0,16.0,37.0,80.0,0.288,0.343,0.398,0.741,92.0,0.342,91.0,181.0,8.0,2.0,5.0,1.0,2.0,*79/HD8,
Vince Coleman#,33.0,KCR,AL,0.0,75.0,324.0,293.0,39.0,84.0,13.0,4.0,4.0,20.0,26.0,9.0,27.0,48.0,0.287,0.348,0.399,0.747,94.0,0.345,93.0,117.0,7.0,1.0,2.0,1.0,1.0,79/DH8,
Vince Coleman#,33.0,SEA,AL,0.3,40.0,176.0,162.0,27.0,47.0,10.0,2.0,1.0,9.0,16.0,7.0,10.0,32.0,0.29,0.335,0.395,0.73,89.0,0.336,89.0,64.0,1.0,1.0,3.0,0.0,1.0,7/H,
Vince Horsman,28.0,MIN,AL,0.0,1.0,0.0,0.0,0.0,0.0,0.0,0.0,0.0,0.0,0.0,0.0,0.0,0.0,,,,,,,,0.0,0.0,0.0,0.0,0.0,0.0,/1,
Vinny Castilla,27.0,COL,NL,2.5,139.0,571.0,527.0,82.0,163.0,34.0,2.0,32.0,90.0,2.0,8.0,30.0,87.0,0.309,0.347,0.564,0.911,113.0,0.396,119.0,297.0,15.0,4.0,4.0,6.0,2.0,*5/6H,"AS,MVP-18,SS"
Wade Boggs*,37.0,NYY,AL,4.2,126.0,541.0,460.0,76.0,149.0,22.0,4.0,5.0,63.0,1.0,1.0,74.0,50.0,0.324,0.412,0.422,0.834,119.0,0.386,126.0,194.0,13.0,0.0,0.0,7.0,5.0,*5H/3,"AS,MVP-17,GG"
Wally Joyner*,33.0,KCR,AL,2.2,131.0,550.0,465.0,69.0,144.0,28.0,0.0,12.0,83.0,3.0,2.0,69.0,65.0,0.31,0.394,0.447,0.842,118.0,0.373,116.0,208.0,10.0,2.0,5.0,9.0,10.0,*3/HD,
Walt Weiss#,31.0,COL,NL,1.7,137.0,537.0,427.0,65.0,111.0,17.0,3.0,1.0,25.0,15.0,3.0,98.0,57.0,0.26,0.403,0.321,0.724,76.0,0.356,82.0,137.0,7.0,5.0,6.0,1.0,8.0,*6/H,
Warren Newson*,30.0,2TM,AL,1.0,84.0,197.0,157.0,34.0,41.0,2.0,2.0,5.0,15.0,2.0,1.0,39.0,45.0,0.261,0.411,0.395,0.806,114.0,0.384,125.0,62.0,3.0,1.0,0.0,0.0,0.0,H79/D8,
Warren Newson*,30.0,CHW,AL,0.6,51.0,109.0,85.0,19.0,20.0,0.0,2.0,3.0,9.0,1.0,1.0,23.0,27.0,0.235,0.404,0.388,0.792,112.0,0.375,123.0,33.0,2.0,1.0,0.0,0.0,0.0,H97/D,
Warren Newson*,30.0,SEA,AL,0.4,33.0,88.0,72.0,15.0,21.0,2.0,0.0,2.0,6.0,1.0,0.0,16.0,18.0,0.292,0.42,0.403,0.823,116.0,0.395,128.0,29.0,1.0,0.0,0.0,0.0,0.0,7H/98,
Wayne Kirby*,31.0,CLE,AL,0.1,101.0,205.0,188.0,29.0,39.0,10.0,2.0,1.0,14.0,10.0,3.0,13.0,32.0,0.207,0.26,0.298,0.558,45.0,0.27,42.0,56.0,4.0,1.0,1.0,2.0,0.0,H98/D7,
Wes Chamberlain,29.0,BOS,AL,-0.4,19.0,45.0,42.0,4.0,5.0,1.0,0.0,1.0,1.0,1.0,0.0,3.0,11.0,0.119,0.178,0.214,0.392,1.0,0.207,-5.0,9.0,2.0,0.0,0.0,0.0,0.0,9/HD,
Wil Cordero,23.0,MON,NL,-0.3,131.0,564.0,514.0,64.0,147.0,35.0,2.0,10.0,49.0,9.0,5.0,36.0,88.0,0.286,0.341,0.42,0.761,98.0,0.35,101.0,216.0,11.0,9.0,1.0,4.0,4.0,*67,
Will Clark*,31.0,TEX,AL,3.1,123.0,537.0,454.0,85.0,137.0,27.0,3.0,16.0,92.0,0.0,1.0,68.0,50.0,0.302,0.389,0.48,0.869,123.0,0.39,126.0,218.0,7.0,4.0,0.0,11.0,6.0,*3/D,
William VanLandingham,24.0,SFG,NL,-0.1,18.0,47.0,46.0,1.0,7.0,2.0,0.0,1.0,3.0,0.0,0.0,0.0,24.0,0.152,0.152,0.261,0.413,9.0,0.178,-16.0,12.0,1.0,0.0,1.0,0.0,0.0,1,
Willie Banks,26.0,3TM,NL,0.1,28.0,29.0,26.0,2.0,7.0,1.0,0.0,0.0,1.0,0.0,0.0,1.0,9.0,0.269,0.321,0.308,0.629,70.0,0.291,63.0,8.0,0.0,1.0,1.0,0.0,0.0,1/H,
Willie Banks,26.0,CHC,NL,0.0,10.0,1.0,1.0,0.0,0.0,0.0,0.0,0.0,0.0,0.0,0.0,0.0,1.0,0.0,0.0,0.0,0.0,-100.0,0.0,-133.0,0.0,0.0,0.0,0.0,0.0,0.0,1,
Willie Banks,26.0,LAD,NL,0.1,6.0,11.0,8.0,1.0,1.0,0.0,0.0,0.0,0.0,0.0,0.0,1.0,4.0,0.125,0.3,0.125,0.425,23.0,0.236,26.0,1.0,0.0,1.0,1.0,0.0,0.0,/1,
Willie Banks,26.0,FLA,NL,0.1,12.0,17.0,17.0,1.0,6.0,1.0,0.0,0.0,1.0,0.0,0.0,0.0,4.0,0.353,0.353,0.412,0.765,102.0,0.34,96.0,7.0,0.0,0.0,0.0,0.0,0.0,/1H,
Willie Blair,29.0,SDP,NL,-0.3,40.0,29.0,24.0,2.0,0.0,0.0,0.0,0.0,1.0,0.0,0.0,1.0,17.0,0.0,0.04,0.0,0.04,-88.0,0.065,-126.0,0.0,0.0,0.0,4.0,0.0,0.0,1,
Willie Fraser,31.0,MON,NL,0.0,22.0,2.0,2.0,0.0,0.0,0.0,0.0,0.0,0.0,0.0,0.0,0.0,0.0,0.0,0.0,0.0,0.0,-100.0,0.0,-152.0,0.0,0.0,0.0,0.0,0.0,0.0,1,
Willie Greene*,23.0,CIN,NL,-0.2,8.0,22.0,19.0,1.0,2.0,0.0,0.0,0.0,0.0,0.0,0.0,3.0,7.0,0.105,0.227,0.105,0.333,-8.0,0.18,-16.0,2.0,1.0,0.0,0.0,0.0,0.0,/5H,
Willie McGee#,36.0,BOS,AL,0.5,67.0,217.0,200.0,32.0,57.0,11.0,3.0,2.0,15.0,5.0,2.0,9.0,41.0,0.285,0.311,0.4,0.711,82.0,0.331,83.0,80.0,5.0,0.0,5.0,3.0,0.0,98H/7,
Xavier Hernandez*,29.0,CIN,NL,-0.1,59.0,8.0,8.0,0.0,0.0,0.0,0.0,0.0,0.0,0.0,0.0,0.0,4.0,0.0,0.0,0.0,0.0,-100.0,0.0,-143.0,0.0,0.0,0.0,0.0,0.0,0.0,1,
Yamil Benítez,22.0,MON,NL,0.3,14.0,40.0,39.0,8.0,15.0,2.0,1.0,2.0,7.0,0.0,2.0,1.0,7.0,0.385,0.4,0.641,1.041,166.0,0.422,170.0,25.0,1.0,0.0,0.0,0.0,0.0,/987H,
Yorkis Pérez*,27.0,FLA,NL,0.0,69.0,2.0,2.0,0.0,0.0,0.0,0.0,0.0,0.0,0.0,0.0,0.0,1.0,0.0,0.0,0.0,0.0,-100.0,0.0,-148.0,0.0,0.0,0.0,0.0,0.0,0.0,1,
Álex Rodríguez,19.0,SEA,AL,-0.4,48.0,149.0,142.0,15.0,33.0,6.0,2.0,5.0,19.0,4.0,2.0,6.0,42.0,0.232,0.264,0.408,0.672,72.0,0.297,63.0,58.0,0.0,0.0,1.0,0.0,0.0,6/HD,
Álvaro Espinoza,33.0,CLE,AL,-0.3,66.0,150.0,143.0,15.0,36.0,4.0,0.0,2.0,17.0,0.0,2.0,2.0,16.0,0.252,0.264,0.322,0.585,51.0,0.272,50.0,46.0,3.0,1.0,2.0,2.0,0.0,456/HD3,
