Player,Age,Team,Lg,WAR,G,PA,AB,R,H,2B,3B,HR,RBI,SB,CS,BB,SO,BA,OBP,SLG,OPS,OPS+,rOBA,Rbat+,TB,GIDP,HBP,SH,SF,IBB,Pos,Awards
A.J. Burnett,29.0,TOR,AL,0.0,1.0,3.0,3.0,0.0,0.0,0.0,0.0,0.0,0.0,0.0,0.0,0.0,1.0,0.0,0.0,0.0,0.0,-100.0,0.0,-143.0,0.0,0.0,0.0,0.0,0.0,0.0,1,
A.J. Pierzynski*,29.0,CHW,AL,2.1,140.0,543.0,509.0,65.0,150.0,24.0,0.0,16.0,64.0,1.0,0.0,22.0,72.0,0.295,0.333,0.436,0.769,94.0,0.34,92.0,222.0,10.0,8.0,3.0,1.0,6.0,*2H,"AS,MVP-30"
Aaron Boone,33.0,CLE,AL,-0.7,104.0,392.0,354.0,50.0,89.0,19.0,1.0,7.0,46.0,5.0,4.0,27.0,62.0,0.251,0.314,0.37,0.684,78.0,0.304,73.0,131.0,4.0,6.0,4.0,1.0,1.0,5/H4D,
Aaron Cook,27.0,COL,NL,-0.5,31.0,75.0,58.0,1.0,3.0,0.0,0.0,0.0,0.0,0.0,0.0,4.0,21.0,0.052,0.113,0.052,0.165,-57.0,0.09,-129.0,3.0,0.0,0.0,13.0,0.0,0.0,1,
Aaron Fultz*,32.0,PHI,NL,0.0,62.0,4.0,4.0,0.0,0.0,0.0,0.0,0.0,0.0,0.0,0.0,0.0,0.0,0.0,0.0,0.0,0.0,-100.0,0.0,-149.0,0.0,0.0,0.0,0.0,0.0,0.0,1,
Aaron Guiel*,33.0,2TM,AL,0.5,63.0,151.0,132.0,25.0,32.0,6.0,0.0,7.0,18.0,2.0,1.0,14.0,31.0,0.242,0.338,0.447,0.785,101.0,0.356,107.0,59.0,3.0,5.0,0.0,0.0,0.0,9H3/78D,
Aaron Guiel*,33.0,KCR,AL,0.0,19.0,59.0,50.0,9.0,11.0,3.0,0.0,3.0,7.0,0.0,0.0,7.0,11.0,0.22,0.339,0.46,0.799,104.0,0.348,101.0,23.0,1.0,2.0,0.0,0.0,0.0,/9H7D8,
Aaron Guiel*,33.0,NYY,AL,0.5,44.0,92.0,82.0,16.0,21.0,3.0,0.0,4.0,11.0,2.0,1.0,7.0,20.0,0.256,0.337,0.439,0.776,99.0,0.362,111.0,36.0,2.0,3.0,0.0,0.0,0.0,93H/78D,
Aaron Harang,28.0,CIN,NL,-0.3,34.0,81.0,74.0,1.0,8.0,0.0,0.0,0.0,2.0,0.0,0.0,1.0,35.0,0.108,0.132,0.108,0.24,-38.0,0.137,-62.0,8.0,1.0,1.0,5.0,0.0,0.0,1,
Aaron Heilman,27.0,NYM,NL,0.0,71.0,0.0,0.0,0.0,0.0,0.0,0.0,0.0,0.0,0.0,0.0,0.0,0.0,,,,,,,,0.0,0.0,0.0,0.0,0.0,0.0,1,
Aaron Hill,24.0,TOR,AL,3.9,155.0,606.0,546.0,70.0,159.0,28.0,3.0,6.0,50.0,5.0,2.0,42.0,66.0,0.291,0.349,0.386,0.735,91.0,0.336,93.0,211.0,15.0,9.0,4.0,5.0,5.0,*46/D,
Aaron Miles#,29.0,STL,NL,-0.2,135.0,471.0,426.0,48.0,112.0,20.0,5.0,2.0,30.0,2.0,1.0,38.0,42.0,0.263,0.324,0.347,0.672,74.0,0.298,66.0,148.0,8.0,2.0,2.0,3.0,9.0,46H/5,
Aaron Rowand,28.0,PHI,NL,0.5,109.0,445.0,405.0,59.0,106.0,24.0,3.0,12.0,47.0,10.0,4.0,18.0,76.0,0.262,0.321,0.425,0.745,86.0,0.342,92.0,172.0,13.0,18.0,2.0,2.0,2.0,8/H,
Aaron Sele,36.0,LAD,NL,0.1,26.0,33.0,26.0,2.0,5.0,1.0,0.0,0.0,0.0,0.0,0.0,1.0,7.0,0.192,0.222,0.231,0.453,16.0,0.203,-25.0,6.0,1.0,0.0,6.0,0.0,0.0,1,
Aaron Small,34.0,NYY,AL,0.0,1.0,2.0,1.0,0.0,0.0,0.0,0.0,0.0,0.0,0.0,0.0,0.0,1.0,0.0,0.0,0.0,0.0,-100.0,0.0,-400.0,0.0,0.0,0.0,1.0,0.0,0.0,1,
Abe Alvarez*,23.0,BOS,AL,0.0,1.0,1.0,1.0,0.0,0.0,0.0,0.0,0.0,0.0,0.0,0.0,0.0,1.0,0.0,0.0,0.0,0.0,-100.0,0.0,-158.0,0.0,0.0,0.0,0.0,0.0,0.0,/1,
Abraham Núñez#,30.0,PHI,NL,-1.7,123.0,369.0,322.0,42.0,68.0,10.0,2.0,2.0,32.0,1.0,0.0,41.0,58.0,0.211,0.303,0.273,0.577,47.0,0.271,40.0,88.0,7.0,2.0,3.0,1.0,8.0,5H/46,
Adam Dunn*,26.0,CIN,NL,0.4,160.0,683.0,561.0,99.0,131.0,24.0,0.0,40.0,92.0,7.0,0.0,112.0,194.0,0.234,0.365,0.49,0.855,114.0,0.37,112.0,275.0,8.0,6.0,1.0,3.0,12.0,*7/3DH,
Adam Everett,29.0,HOU,NL,3.5,150.0,566.0,514.0,52.0,123.0,28.0,6.0,6.0,59.0,9.0,6.0,34.0,71.0,0.239,0.29,0.352,0.642,64.0,0.293,63.0,181.0,5.0,4.0,10.0,4.0,5.0,*6/H,
Adam Hyzdu,34.0,TEX,AL,-0.1,2.0,4.0,4.0,0.0,1.0,0.0,0.0,0.0,0.0,0.0,0.0,0.0,2.0,0.25,0.25,0.25,0.5,30.0,0.204,-2.0,1.0,0.0,0.0,0.0,0.0,0.0,/9DH,
Adam Jones,20.0,SEA,AL,0.0,32.0,76.0,74.0,6.0,16.0,4.0,0.0,1.0,8.0,3.0,1.0,2.0,22.0,0.216,0.237,0.311,0.548,42.0,0.268,47.0,23.0,3.0,0.0,0.0,0.0,0.0,8/HD,
Adam Kennedy*,30.0,LAA,AL,0.9,139.0,503.0,451.0,50.0,123.0,26.0,6.0,4.0,55.0,16.0,10.0,39.0,72.0,0.273,0.334,0.384,0.718,86.0,0.314,79.0,173.0,15.0,5.0,3.0,5.0,5.0,*4H/D,
Adam LaRoche*,26.0,ATL,NL,1.6,149.0,557.0,492.0,89.0,140.0,38.0,1.0,32.0,90.0,0.0,2.0,55.0,128.0,0.285,0.354,0.561,0.915,130.0,0.387,130.0,276.0,9.0,2.0,1.0,7.0,5.0,*3H,
Adam Lind*,22.0,TOR,AL,0.5,18.0,65.0,60.0,8.0,22.0,8.0,0.0,2.0,8.0,0.0,0.0,5.0,12.0,0.367,0.415,0.6,1.015,159.0,0.434,163.0,36.0,0.0,0.0,0.0,0.0,0.0,D/H7,
Adam Loewen*,22.0,BAL,AL,0.0,1.0,2.0,2.0,0.0,0.0,0.0,0.0,0.0,0.0,0.0,0.0,0.0,0.0,0.0,0.0,0.0,0.0,-100.0,0.0,-140.0,0.0,0.0,0.0,0.0,0.0,0.0,1,
Adam Melhuse#,34.0,OAK,AL,-0.1,49.0,139.0,128.0,10.0,28.0,8.0,0.0,4.0,18.0,0.0,1.0,9.0,34.0,0.219,0.273,0.375,0.648,68.0,0.29,67.0,48.0,6.0,1.0,0.0,1.0,1.0,2HD/53,
Adam Stern*,26.0,BOS,AL,-0.1,10.0,21.0,20.0,3.0,3.0,1.0,0.0,0.0,4.0,1.0,0.0,0.0,4.0,0.15,0.19,0.2,0.39,0.0,0.231,7.0,4.0,0.0,1.0,0.0,0.0,0.0,/87H,
Adam Wainwright,24.0,STL,NL,0.3,58.0,6.0,6.0,2.0,3.0,1.0,0.0,1.0,1.0,0.0,0.0,0.0,0.0,0.5,0.5,1.167,1.667,311.0,0.685,341.0,7.0,0.0,0.0,0.0,0.0,0.0,1,
Adrian Beltré,27.0,SEA,AL,5.4,156.0,681.0,620.0,88.0,166.0,39.0,4.0,25.0,89.0,11.0,5.0,47.0,118.0,0.268,0.328,0.465,0.792,105.0,0.355,110.0,288.0,15.0,10.0,1.0,3.0,4.0,*5/4D,
Adrian Brown#,32.0,TEX,AL,0.1,25.0,40.0,36.0,6.0,7.0,1.0,0.0,0.0,2.0,1.0,0.0,2.0,9.0,0.194,0.231,0.222,0.453,18.0,0.233,13.0,8.0,2.0,0.0,1.0,1.0,0.0,98/H7,
Adrián González*,24.0,SDP,NL,3.0,156.0,631.0,570.0,83.0,173.0,38.0,1.0,24.0,82.0,0.0,1.0,52.0,113.0,0.304,0.362,0.5,0.862,127.0,0.372,129.0,285.0,24.0,3.0,1.0,5.0,9.0,*3/H,
Agustín Montero,28.0,CHW,AL,0.0,2.0,0.0,0.0,0.0,0.0,0.0,0.0,0.0,0.0,0.0,0.0,0.0,0.0,,,,,,,,0.0,0.0,0.0,0.0,0.0,0.0,1,
Akinori Otsuka,34.0,TEX,AL,0.0,1.0,0.0,0.0,0.0,0.0,0.0,0.0,0.0,0.0,0.0,0.0,0.0,0.0,,,,,,,,0.0,0.0,0.0,0.0,0.0,0.0,1,
Alan Embree*,36.0,SDP,NL,0.0,68.0,1.0,1.0,0.0,0.0,0.0,0.0,0.0,0.0,0.0,0.0,0.0,1.0,0.0,0.0,0.0,0.0,-100.0,0.0,-142.0,0.0,0.0,0.0,0.0,0.0,0.0,1,
Alay Soler,26.0,NYM,NL,-0.1,6.0,15.0,11.0,0.0,1.0,0.0,0.0,0.0,0.0,0.0,0.0,0.0,6.0,0.091,0.091,0.091,0.182,-53.0,0.082,-151.0,1.0,0.0,0.0,4.0,0.0,0.0,/1,
Albert Pujols,26.0,STL,NL,8.5,143.0,634.0,535.0,119.0,177.0,33.0,1.0,49.0,137.0,7.0,2.0,92.0,50.0,0.331,0.431,0.671,1.102,178.0,0.457,182.0,359.0,20.0,4.0,0.0,3.0,28.0,*3/H,"AS,MVP-2,GG"
Alberto Callaspo#,23.0,ARI,NL,-0.1,23.0,47.0,42.0,2.0,10.0,1.0,1.0,0.0,6.0,0.0,1.0,4.0,6.0,0.238,0.298,0.31,0.607,54.0,0.263,44.0,13.0,0.0,0.0,0.0,1.0,0.0,H/645,
Alex Gonzalez,33.0,PHI,NL,-0.5,20.0,38.0,36.0,4.0,4.0,0.0,0.0,0.0,1.0,0.0,0.0,2.0,10.0,0.111,0.158,0.111,0.269,-30.0,0.181,-22.0,4.0,3.0,0.0,0.0,0.0,0.0,H/3657,
Alexi Casilla#,21.0,MIN,AL,0.1,9.0,6.0,4.0,1.0,1.0,0.0,0.0,0.0,0.0,0.0,0.0,2.0,1.0,0.25,0.5,0.25,0.75,106.0,0.39,134.0,1.0,0.0,0.0,0.0,0.0,0.0,/H46D,
Alexis Gómez*,27.0,DET,AL,0.3,62.0,111.0,103.0,17.0,28.0,5.0,2.0,1.0,6.0,4.0,0.0,6.0,21.0,0.272,0.318,0.388,0.707,82.0,0.327,81.0,40.0,1.0,1.0,1.0,0.0,0.0,79H/D,
Alfonso Soriano,30.0,WSN,NL,6.1,159.0,728.0,647.0,119.0,179.0,41.0,2.0,46.0,95.0,41.0,17.0,67.0,160.0,0.277,0.351,0.56,0.911,135.0,0.385,134.0,362.0,3.0,9.0,2.0,3.0,16.0,*7/H,"AS,MVP-6,SS"
Alfredo Amézaga#,28.0,FLA,NL,0.4,132.0,378.0,334.0,42.0,87.0,9.0,3.0,3.0,19.0,20.0,12.0,33.0,46.0,0.26,0.332,0.332,0.664,76.0,0.297,73.0,111.0,5.0,3.0,7.0,1.0,4.0,8H476/539,
Allan Simpson,28.0,MIL,NL,0.0,2.0,0.0,0.0,0.0,0.0,0.0,0.0,0.0,0.0,0.0,0.0,0.0,0.0,,,,,,,,0.0,0.0,0.0,0.0,0.0,0.0,/1,
Alvin Colina,24.0,COL,NL,-0.1,2.0,5.0,5.0,0.0,1.0,0.0,0.0,0.0,1.0,0.0,0.0,0.0,1.0,0.2,0.2,0.2,0.4,0.0,0.181,-25.0,1.0,0.0,0.0,0.0,0.0,0.0,/2H,
Ambiorix Burgos,22.0,KCR,AL,0.0,5.0,0.0,0.0,0.0,0.0,0.0,0.0,0.0,0.0,0.0,0.0,0.0,0.0,,,,,,,,0.0,0.0,0.0,0.0,0.0,0.0,1,
Anderson Hernández#,23.0,NYM,NL,-0.5,25.0,67.0,66.0,4.0,10.0,1.0,1.0,1.0,3.0,0.0,0.0,1.0,12.0,0.152,0.164,0.242,0.407,4.0,0.186,-11.0,16.0,3.0,0.0,0.0,0.0,0.0,46/H,
Andre Ethier*,24.0,LAD,NL,2.4,126.0,441.0,396.0,50.0,122.0,20.0,7.0,11.0,55.0,5.0,5.0,34.0,77.0,0.308,0.365,0.477,0.842,113.0,0.368,117.0,189.0,11.0,5.0,0.0,6.0,2.0,*7H,ROY-5
Andruw Jones,29.0,ATL,NL,5.6,156.0,669.0,565.0,107.0,148.0,29.0,0.0,41.0,129.0,4.0,1.0,82.0,127.0,0.262,0.363,0.531,0.894,126.0,0.382,125.0,300.0,13.0,13.0,0.0,9.0,9.0,*8/DH,"AS,MVP-11,GG"
Andrés Blanco#,22.0,KCR,AL,0.3,33.0,96.0,87.0,9.0,21.0,4.0,1.0,0.0,9.0,0.0,1.0,5.0,14.0,0.241,0.29,0.31,0.601,56.0,0.284,58.0,27.0,2.0,1.0,3.0,0.0,0.0,6/4HD,
Andy Abad*,33.0,CIN,NL,0.0,5.0,5.0,3.0,0.0,0.0,0.0,0.0,0.0,0.0,0.0,0.0,2.0,0.0,0.0,0.4,0.0,0.4,15.0,0.284,52.0,0.0,0.0,0.0,0.0,0.0,0.0,/H,
Andy Cannizaro,27.0,NYY,AL,0.0,13.0,9.0,8.0,5.0,2.0,0.0,0.0,1.0,1.0,0.0,0.0,1.0,1.0,0.25,0.333,0.625,0.958,140.0,0.387,129.0,5.0,1.0,0.0,0.0,0.0,0.0,6/H45,
Andy Green,28.0,ARI,NL,-0.1,73.0,102.0,86.0,15.0,16.0,4.0,0.0,1.0,6.0,1.0,0.0,13.0,20.0,0.186,0.293,0.267,0.56,43.0,0.3,60.0,23.0,0.0,0.0,3.0,0.0,0.0,H/5746D,
Andy Marte,22.0,CLE,AL,0.9,50.0,178.0,164.0,20.0,37.0,15.0,1.0,5.0,23.0,0.0,0.0,13.0,38.0,0.226,0.287,0.421,0.707,81.0,0.305,73.0,69.0,3.0,1.0,0.0,0.0,0.0,5,
Andy Pettitte*,34.0,HOU,NL,0.3,36.0,73.0,62.0,4.0,12.0,3.0,0.0,1.0,5.0,0.0,0.0,1.0,19.0,0.194,0.206,0.29,0.497,26.0,0.217,-6.0,18.0,0.0,0.0,10.0,0.0,0.0,1/H,
Andy Phillips,29.0,NYY,AL,-0.4,110.0,263.0,246.0,30.0,59.0,11.0,3.0,7.0,29.0,3.0,2.0,15.0,56.0,0.24,0.281,0.394,0.676,72.0,0.306,72.0,97.0,9.0,0.0,0.0,2.0,0.0,3H5/D4,
Andy Sisco*,23.0,KCR,AL,0.0,4.0,0.0,0.0,0.0,0.0,0.0,0.0,0.0,0.0,0.0,0.0,0.0,0.0,,,,,,,,0.0,0.0,0.0,0.0,0.0,0.0,1,
Angel Sánchez,22.0,KCR,AL,0.0,8.0,28.0,27.0,2.0,6.0,0.0,0.0,0.0,1.0,0.0,0.0,0.0,4.0,0.222,0.214,0.222,0.437,13.0,0.227,16.0,6.0,0.0,0.0,0.0,1.0,0.0,/46,
Anthony Lerew*,23.0,ATL,NL,0.0,1.0,0.0,0.0,0.0,0.0,0.0,0.0,0.0,0.0,0.0,0.0,0.0,0.0,,,,,,,,0.0,0.0,0.0,0.0,0.0,0.0,/1,
Anthony Reyes,24.0,STL,NL,-0.2,16.0,27.0,25.0,1.0,3.0,0.0,0.0,0.0,0.0,0.0,0.0,0.0,10.0,0.12,0.12,0.12,0.24,-38.0,0.109,-80.0,3.0,0.0,0.0,2.0,0.0,0.0,1/H,
Antonio Pérez,26.0,OAK,AL,-1.1,57.0,109.0,98.0,10.0,10.0,5.0,1.0,1.0,8.0,0.0,1.0,10.0,44.0,0.102,0.185,0.204,0.389,2.0,0.193,-2.0,20.0,0.0,0.0,1.0,0.0,0.0,5HD/64,
Aníbal Sánchez,22.0,FLA,NL,-0.3,17.0,38.0,35.0,1.0,4.0,0.0,0.0,0.0,2.0,0.0,0.0,0.0,14.0,0.114,0.114,0.114,0.229,-40.0,0.104,-80.0,4.0,1.0,0.0,3.0,0.0,0.0,1,ROY-9
Aramis Ramírez,28.0,CHC,NL,3.5,157.0,660.0,594.0,93.0,173.0,38.0,4.0,38.0,119.0,2.0,1.0,50.0,63.0,0.291,0.352,0.561,0.912,126.0,0.393,131.0,333.0,15.0,9.0,0.0,7.0,4.0,*5/H,MVP-17
Armando Benítez,33.0,SFG,NL,0.0,40.0,0.0,0.0,0.0,0.0,0.0,0.0,0.0,0.0,0.0,0.0,0.0,0.0,,,,,,,,0.0,0.0,0.0,0.0,0.0,0.0,1,
Arthur Rhodes*,36.0,PHI,NL,0.0,52.0,0.0,0.0,0.0,0.0,0.0,0.0,0.0,0.0,0.0,0.0,0.0,0.0,,,,,,,,0.0,0.0,0.0,0.0,0.0,0.0,1,
Aubrey Huff*,29.0,2TM,2LG,1.0,131.0,517.0,454.0,57.0,121.0,25.0,2.0,21.0,66.0,0.0,0.0,50.0,64.0,0.267,0.344,0.469,0.813,108.0,0.353,105.0,213.0,11.0,7.0,0.0,6.0,6.0,59/H3D,
Aubrey Huff*,29.0,TBD,AL,0.8,63.0,256.0,230.0,26.0,65.0,15.0,1.0,8.0,28.0,0.0,0.0,24.0,25.0,0.283,0.348,0.461,0.809,108.0,0.351,105.0,106.0,4.0,0.0,0.0,2.0,3.0,5/D,
Aubrey Huff*,29.0,HOU,NL,0.2,68.0,261.0,224.0,31.0,56.0,10.0,1.0,13.0,38.0,0.0,0.0,26.0,39.0,0.25,0.341,0.478,0.819,107.0,0.355,106.0,107.0,7.0,7.0,0.0,4.0,3.0,95/H3,
Austin Kearns,26.0,2TM,NL,3.2,150.0,629.0,537.0,86.0,142.0,33.0,2.0,24.0,86.0,9.0,4.0,76.0,135.0,0.264,0.363,0.467,0.83,112.0,0.366,114.0,251.0,18.0,10.0,1.0,5.0,4.0,*9/H8,
Austin Kearns,26.0,CIN,NL,1.4,87.0,368.0,325.0,53.0,89.0,21.0,1.0,16.0,50.0,7.0,1.0,35.0,85.0,0.274,0.351,0.492,0.843,110.0,0.37,111.0,160.0,14.0,5.0,0.0,3.0,2.0,9/H,
Austin Kearns,26.0,WSN,NL,1.8,63.0,261.0,212.0,33.0,53.0,12.0,1.0,8.0,36.0,2.0,3.0,41.0,50.0,0.25,0.381,0.429,0.81,114.0,0.36,119.0,91.0,4.0,5.0,1.0,2.0,2.0,9/8H,
B.J. Ryan*,30.0,TOR,AL,0.0,6.0,0.0,0.0,0.0,0.0,0.0,0.0,0.0,0.0,0.0,0.0,0.0,0.0,,,,,,,,0.0,0.0,0.0,0.0,0.0,0.0,1,AS
B.J. Upton,21.0,TBD,AL,-0.5,50.0,189.0,175.0,20.0,43.0,5.0,0.0,1.0,10.0,11.0,3.0,13.0,40.0,0.246,0.302,0.291,0.593,56.0,0.276,48.0,51.0,1.0,1.0,0.0,0.0,0.0,5/H,
Barry Bonds*,41.0,SFG,NL,4.0,130.0,493.0,367.0,74.0,99.0,23.0,0.0,26.0,77.0,3.0,0.0,115.0,51.0,0.27,0.454,0.545,0.999,156.0,0.418,154.0,200.0,9.0,10.0,0.0,1.0,38.0,*7H/D,
Barry Zito*,28.0,OAK,AL,-0.1,2.0,4.0,3.0,0.0,0.0,0.0,0.0,0.0,0.0,0.0,0.0,0.0,2.0,0.0,0.0,0.0,0.0,-100.0,0.0,-222.0,0.0,0.0,0.0,1.0,0.0,0.0,1,AS
Bartolo Colon,33.0,LAA,AL,0.0,1.0,2.0,1.0,0.0,0.0,0.0,0.0,0.0,0.0,0.0,0.0,0.0,1.0,0.0,0.0,0.0,0.0,-100.0,0.0,-400.0,0.0,0.0,0.0,1.0,0.0,0.0,1,
Bartolomé Fortunato,31.0,NYM,NL,0.0,2.0,0.0,0.0,0.0,0.0,0.0,0.0,0.0,0.0,0.0,0.0,0.0,0.0,,,,,,,,0.0,0.0,0.0,0.0,0.0,0.0,/1,
Beltrán Pérez,24.0,WSN,NL,0.2,9.0,7.0,6.0,0.0,3.0,0.0,0.0,0.0,0.0,0.0,0.0,1.0,2.0,0.5,0.571,0.5,1.071,187.0,0.477,199.0,3.0,0.0,0.0,0.0,0.0,0.0,/1H,
Ben Broussard*,29.0,2TM,AL,1.2,144.0,465.0,432.0,61.0,125.0,21.0,0.0,21.0,63.0,2.0,1.0,26.0,103.0,0.289,0.331,0.484,0.815,109.0,0.355,109.0,209.0,8.0,3.0,0.0,4.0,3.0,3DH,
Ben Broussard*,29.0,CLE,AL,1.4,88.0,288.0,268.0,44.0,86.0,14.0,0.0,13.0,46.0,0.0,1.0,17.0,58.0,0.321,0.361,0.519,0.88,126.0,0.38,127.0,139.0,5.0,1.0,0.0,2.0,1.0,3H,
Ben Broussard*,29.0,SEA,AL,-0.2,56.0,177.0,164.0,17.0,39.0,7.0,0.0,8.0,17.0,2.0,0.0,9.0,45.0,0.238,0.282,0.427,0.709,83.0,0.313,78.0,70.0,3.0,2.0,0.0,2.0,2.0,D3/H,
Ben Hendrickson,25.0,MIL,NL,0.0,4.0,4.0,3.0,0.0,0.0,0.0,0.0,0.0,0.0,0.0,0.0,1.0,3.0,0.0,0.25,0.0,0.25,-27.0,0.178,-18.0,0.0,0.0,0.0,0.0,0.0,0.0,/1,
Ben Johnson,25.0,SDP,NL,0.3,58.0,135.0,120.0,19.0,30.0,5.0,2.0,4.0,12.0,3.0,0.0,14.0,36.0,0.25,0.333,0.425,0.758,101.0,0.336,99.0,51.0,3.0,1.0,0.0,0.0,2.0,H78/9,
Ben Sheets,27.0,MIL,NL,-0.4,17.0,37.0,33.0,1.0,1.0,0.0,0.0,0.0,0.0,0.0,0.0,1.0,13.0,0.03,0.059,0.03,0.089,-76.0,0.045,-133.0,1.0,0.0,0.0,3.0,0.0,0.0,1,
Ben Zobrist#,25.0,TBD,AL,-0.6,52.0,198.0,183.0,10.0,41.0,6.0,2.0,2.0,18.0,2.0,3.0,10.0,26.0,0.224,0.26,0.311,0.572,48.0,0.262,45.0,57.0,2.0,0.0,2.0,3.0,1.0,6/H,
Bengie Molina,31.0,TOR,AL,1.5,117.0,458.0,433.0,44.0,123.0,20.0,1.0,19.0,57.0,1.0,1.0,19.0,47.0,0.284,0.319,0.467,0.785,100.0,0.345,101.0,202.0,15.0,4.0,0.0,2.0,1.0,2D/H,
Bernie Castro#,26.0,WSN,NL,-0.5,42.0,120.0,110.0,18.0,25.0,1.0,3.0,0.0,10.0,7.0,2.0,9.0,18.0,0.227,0.286,0.291,0.577,53.0,0.261,42.0,32.0,2.0,0.0,1.0,0.0,0.0,4H/7,
Bernie Williams#,37.0,NYY,AL,-0.4,131.0,462.0,420.0,65.0,118.0,29.0,0.0,12.0,61.0,2.0,0.0,33.0,53.0,0.281,0.332,0.436,0.768,96.0,0.334,90.0,183.0,14.0,2.0,1.0,6.0,5.0,9D8H/7,
Bill Bray*,23.0,2TM,NL,0.0,43.0,1.0,1.0,0.0,0.0,0.0,0.0,0.0,0.0,0.0,0.0,0.0,1.0,0.0,0.0,0.0,0.0,-100.0,0.0,-142.0,0.0,0.0,0.0,0.0,0.0,0.0,1,
Bill Bray*,23.0,WSN,NL,0.0,14.0,1.0,1.0,0.0,0.0,0.0,0.0,0.0,0.0,0.0,0.0,0.0,1.0,0.0,0.0,0.0,0.0,-100.0,0.0,-142.0,0.0,0.0,0.0,0.0,0.0,0.0,1,
Bill Bray*,23.0,CIN,NL,0.0,29.0,0.0,0.0,0.0,0.0,0.0,0.0,0.0,0.0,0.0,0.0,0.0,0.0,,,,,,,,0.0,0.0,0.0,0.0,0.0,0.0,1,
Bill Hall,26.0,MIL,NL,5.8,148.0,608.0,537.0,101.0,145.0,39.0,4.0,35.0,85.0,8.0,9.0,63.0,162.0,0.27,0.345,0.553,0.899,125.0,0.38,126.0,297.0,12.0,1.0,3.0,4.0,6.0,*65/8H4,
Bill Mueller#,35.0,LAD,NL,0.0,32.0,126.0,107.0,12.0,27.0,7.0,0.0,3.0,15.0,1.0,1.0,17.0,9.0,0.252,0.357,0.402,0.759,94.0,0.333,91.0,43.0,1.0,1.0,0.0,1.0,3.0,5/H,
Billy Sadler,24.0,SFG,NL,0.0,5.0,0.0,0.0,0.0,0.0,0.0,0.0,0.0,0.0,0.0,0.0,0.0,0.0,,,,,,,,0.0,0.0,0.0,0.0,0.0,0.0,/1,
Billy Traber*,26.0,WSN,NL,-0.1,15.0,16.0,13.0,1.0,1.0,0.0,0.0,0.0,1.0,0.0,0.0,1.0,8.0,0.077,0.143,0.077,0.22,-39.0,0.115,-78.0,1.0,0.0,0.0,2.0,0.0,0.0,1,
Billy Wagner*,34.0,NYM,NL,0.0,67.0,0.0,0.0,0.0,0.0,0.0,0.0,0.0,0.0,0.0,0.0,0.0,0.0,,,,,,,,0.0,0.0,0.0,0.0,0.0,0.0,1,CYA-6
Blaine Boyer,24.0,ATL,NL,0.0,2.0,0.0,0.0,0.0,0.0,0.0,0.0,0.0,0.0,0.0,0.0,0.0,0.0,,,,,,,,0.0,0.0,0.0,0.0,0.0,0.0,/1,
Bob Howry*,32.0,CHC,NL,0.1,81.0,1.0,1.0,0.0,1.0,0.0,0.0,0.0,0.0,0.0,0.0,0.0,0.0,1.0,1.0,1.0,2.0,411.0,0.906,500.0,1.0,0.0,0.0,0.0,0.0,0.0,1,
Bob Wickman,37.0,2TM,2LG,0.0,33.0,0.0,0.0,0.0,0.0,0.0,0.0,0.0,0.0,0.0,0.0,0.0,0.0,,,,,,,,0.0,0.0,0.0,0.0,0.0,0.0,1,
Bob Wickman,37.0,CLE,AL,0.0,5.0,0.0,0.0,0.0,0.0,0.0,0.0,0.0,0.0,0.0,0.0,0.0,0.0,,,,,,,,0.0,0.0,0.0,0.0,0.0,0.0,1,
Bob Wickman,37.0,ATL,NL,0.0,28.0,0.0,0.0,0.0,0.0,0.0,0.0,0.0,0.0,0.0,0.0,0.0,0.0,,,,,,,,0.0,0.0,0.0,0.0,0.0,0.0,1,
Bobby Abreu*,32.0,2TM,2LG,3.9,156.0,686.0,548.0,98.0,163.0,41.0,2.0,15.0,107.0,30.0,6.0,124.0,138.0,0.297,0.424,0.462,0.886,126.0,0.401,132.0,253.0,13.0,3.0,2.0,9.0,6.0,*9/8DH,
Bobby Abreu*,32.0,PHI,NL,2.0,98.0,438.0,339.0,61.0,94.0,25.0,2.0,8.0,65.0,20.0,4.0,91.0,86.0,0.277,0.427,0.434,0.861,118.0,0.394,125.0,147.0,8.0,2.0,0.0,6.0,5.0,9/8DH,
Bobby Abreu*,32.0,NYY,AL,1.9,58.0,248.0,209.0,37.0,69.0,16.0,0.0,7.0,42.0,10.0,2.0,33.0,52.0,0.33,0.419,0.507,0.926,138.0,0.412,143.0,106.0,5.0,1.0,2.0,3.0,1.0,9/8DH,
Bobby Crosby,26.0,OAK,AL,0.1,96.0,398.0,358.0,42.0,82.0,12.0,0.0,9.0,40.0,8.0,1.0,36.0,76.0,0.229,0.298,0.338,0.636,67.0,0.303,71.0,121.0,11.0,0.0,2.0,2.0,1.0,6/H,
Bobby Jenks,25.0,CHW,AL,0.0,5.0,0.0,0.0,0.0,0.0,0.0,0.0,0.0,0.0,0.0,0.0,0.0,0.0,,,,,,,,0.0,0.0,0.0,0.0,0.0,0.0,1,AS
Bobby Keppel,24.0,KCR,AL,0.0,2.0,2.0,2.0,0.0,0.0,0.0,0.0,0.0,0.0,0.0,0.0,0.0,1.0,0.0,0.0,0.0,0.0,-100.0,0.0,-140.0,0.0,0.0,0.0,0.0,0.0,0.0,/1,
Bobby Kielty#,29.0,OAK,AL,1.4,81.0,297.0,270.0,35.0,73.0,20.0,1.0,8.0,36.0,2.0,0.0,22.0,49.0,0.27,0.329,0.441,0.77,100.0,0.343,100.0,119.0,9.0,2.0,2.0,1.0,0.0,79/HD,
Boof Bonser,24.0,MIN,AL,0.1,2.0,4.0,3.0,1.0,0.0,0.0,0.0,0.0,0.0,0.0,0.0,0.0,0.0,0.0,0.0,0.0,0.0,-100.0,0.304,65.0,0.0,0.0,0.0,1.0,0.0,0.0,1,
Brad Ausmus,37.0,HOU,NL,-0.3,139.0,502.0,439.0,37.0,101.0,16.0,1.0,2.0,39.0,3.0,1.0,45.0,71.0,0.23,0.308,0.285,0.593,54.0,0.285,55.0,125.0,21.0,6.0,9.0,3.0,2.0,*2/4H3,GG
Brad Halsey*,25.0,OAK,AL,0.0,2.0,0.0,0.0,0.0,0.0,0.0,0.0,0.0,0.0,0.0,0.0,0.0,0.0,,,,,,,,0.0,0.0,0.0,0.0,0.0,0.0,1,
Brad Hawpe*,27.0,COL,NL,2.9,150.0,575.0,499.0,67.0,146.0,33.0,6.0,22.0,84.0,5.0,5.0,74.0,123.0,0.293,0.383,0.515,0.898,120.0,0.383,120.0,257.0,8.0,0.0,0.0,2.0,11.0,*9H,
Brad Hennessey,26.0,SFG,NL,0.1,35.0,30.0,27.0,1.0,6.0,1.0,0.0,0.0,0.0,0.0,0.0,0.0,9.0,0.222,0.222,0.259,0.481,23.0,0.21,-7.0,7.0,0.0,0.0,3.0,0.0,0.0,1/H,
Brad Lidge,29.0,HOU,NL,0.0,75.0,0.0,0.0,0.0,0.0,0.0,0.0,0.0,0.0,0.0,0.0,0.0,0.0,,,,,,,,0.0,0.0,0.0,0.0,0.0,0.0,1,
Brad Penny,28.0,LAD,NL,0.2,33.0,70.0,65.0,3.0,12.0,3.0,0.0,0.0,5.0,0.0,0.0,0.0,16.0,0.185,0.185,0.231,0.415,6.0,0.18,-28.0,15.0,0.0,0.0,5.0,0.0,0.0,1,AS
Brad Radke,33.0,MIN,AL,0.0,1.0,2.0,1.0,0.0,0.0,0.0,0.0,0.0,0.0,0.0,0.0,0.0,0.0,0.0,0.0,0.0,0.0,-100.0,0.0,-400.0,0.0,0.0,0.0,1.0,0.0,0.0,1,
Brad Thompson,24.0,STL,NL,0.0,41.0,2.0,2.0,0.0,1.0,0.0,0.0,0.0,0.0,0.0,0.0,0.0,1.0,0.5,0.5,0.5,1.0,160.0,0.407,146.0,1.0,0.0,0.0,0.0,0.0,0.0,1,
Brad Wilkerson*,29.0,TEX,AL,0.3,95.0,365.0,320.0,56.0,71.0,15.0,2.0,15.0,44.0,3.0,2.0,37.0,116.0,0.222,0.306,0.422,0.728,86.0,0.321,83.0,135.0,6.0,3.0,2.0,3.0,1.0,7D/98H,
Braden Looper,31.0,STL,NL,0.1,65.0,2.0,2.0,0.0,1.0,1.0,0.0,0.0,0.0,0.0,0.0,0.0,0.0,0.5,0.5,1.0,1.5,274.0,0.62,296.0,2.0,0.0,0.0,0.0,0.0,0.0,1,
Brady Clark,33.0,MIL,NL,0.5,138.0,483.0,415.0,51.0,109.0,14.0,2.0,4.0,29.0,3.0,4.0,43.0,60.0,0.263,0.348,0.335,0.683,76.0,0.316,79.0,139.0,9.0,14.0,5.0,5.0,4.0,*8H/97,
Brandon Backe,28.0,HOU,NL,0.0,9.0,15.0,14.0,0.0,2.0,0.0,0.0,0.0,0.0,0.0,0.0,1.0,6.0,0.143,0.2,0.143,0.343,-9.0,0.168,-26.0,2.0,1.0,0.0,0.0,0.0,0.0,/1H,
Brandon Claussen,27.0,CIN,NL,-0.2,13.0,24.0,21.0,1.0,2.0,0.0,0.0,0.0,1.0,0.0,0.0,0.0,11.0,0.095,0.095,0.095,0.19,-51.0,0.082,-118.0,2.0,0.0,0.0,3.0,0.0,0.0,1,
Brandon Duckworth,30.0,KCR,AL,0.1,2.0,4.0,3.0,1.0,1.0,1.0,0.0,0.0,0.0,0.0,0.0,0.0,0.0,0.333,0.333,0.667,1.0,149.0,0.413,162.0,2.0,0.0,0.0,1.0,0.0,0.0,1,
Brandon Fahey*,25.0,BAL,AL,0.1,91.0,286.0,251.0,36.0,59.0,8.0,2.0,2.0,23.0,3.0,3.0,23.0,48.0,0.235,0.307,0.307,0.614,61.0,0.285,59.0,77.0,2.0,3.0,9.0,0.0,0.0,76H4/59D,
Brandon Harper,30.0,WSN,NL,0.2,18.0,47.0,41.0,6.0,12.0,3.0,0.0,2.0,6.0,0.0,0.0,4.0,4.0,0.293,0.362,0.512,0.874,127.0,0.372,125.0,21.0,1.0,1.0,0.0,1.0,0.0,2/H,
Brandon Inge,29.0,DET,AL,5.0,159.0,601.0,542.0,83.0,137.0,29.0,2.0,27.0,83.0,7.0,4.0,43.0,128.0,0.253,0.313,0.463,0.776,98.0,0.347,102.0,251.0,12.0,7.0,4.0,5.0,2.0,*5,
Brandon Lyon,26.0,ARI,NL,0.1,66.0,1.0,0.0,1.0,0.0,0.0,0.0,0.0,0.0,0.0,0.0,1.0,0.0,,1.0,,,,0.711,358.0,0.0,0.0,0.0,0.0,0.0,0.0,1,
Brandon McCarthy,22.0,CHW,AL,0.0,3.0,1.0,1.0,0.0,0.0,0.0,0.0,0.0,0.0,0.0,0.0,0.0,0.0,0.0,0.0,0.0,0.0,-100.0,0.0,-158.0,0.0,0.0,0.0,0.0,0.0,0.0,1,
Brandon Medders,26.0,ARI,NL,0.0,56.0,2.0,2.0,0.0,0.0,0.0,0.0,0.0,0.0,0.0,0.0,0.0,1.0,0.0,0.0,0.0,0.0,-100.0,0.0,-154.0,0.0,0.0,0.0,0.0,0.0,0.0,1,
Brandon Phillips,25.0,CIN,NL,0.5,149.0,587.0,536.0,65.0,148.0,28.0,1.0,17.0,75.0,25.0,2.0,35.0,88.0,0.276,0.324,0.427,0.751,88.0,0.338,85.0,229.0,19.0,6.0,4.0,6.0,3.0,*4/H6,
Brandon Watson*,24.0,2TM,NL,-0.6,10.0,29.0,28.0,0.0,5.0,0.0,0.0,0.0,0.0,1.0,2.0,1.0,3.0,0.179,0.207,0.179,0.385,3.0,0.139,-15.0,5.0,0.0,0.0,0.0,0.0,0.0,/8H,
Brandon Watson*,24.0,WSN,NL,-0.6,9.0,29.0,28.0,0.0,5.0,0.0,0.0,0.0,0.0,0.0,2.0,1.0,3.0,0.179,0.207,0.179,0.385,3.0,0.139,-15.0,5.0,0.0,0.0,0.0,0.0,0.0,/8H,
Brandon Watson*,24.0,CIN,NL,0.0,1.0,0.0,0.0,0.0,0.0,0.0,0.0,0.0,0.0,1.0,0.0,0.0,0.0,,,,,,,,0.0,0.0,0.0,0.0,0.0,0.0,/H,
Brandon Webb,27.0,ARI,NL,-0.1,30.0,86.0,73.0,4.0,11.0,2.0,0.0,0.0,9.0,0.0,0.0,2.0,33.0,0.151,0.171,0.178,0.349,-12.0,0.168,-48.0,13.0,1.0,0.0,10.0,1.0,0.0,1,"AS,CYA-1"
Brayan Peña#,24.0,ATL,NL,0.2,23.0,43.0,41.0,9.0,11.0,2.0,0.0,1.0,5.0,0.0,0.0,2.0,5.0,0.268,0.302,0.39,0.693,76.0,0.345,99.0,16.0,2.0,0.0,0.0,0.0,0.0,2H/5,
Brendan Donnelly,34.0,LAA,AL,0.0,5.0,0.0,0.0,0.0,0.0,0.0,0.0,0.0,0.0,0.0,0.0,0.0,0.0,,,,,,,,0.0,0.0,0.0,0.0,0.0,0.0,1,
Brendan Harris,25.0,2TM,NL,-0.1,25.0,47.0,42.0,5.0,10.0,2.0,0.0,1.0,3.0,0.0,0.0,4.0,7.0,0.238,0.319,0.357,0.676,77.0,0.304,74.0,15.0,2.0,1.0,0.0,0.0,0.0,H/465,
Brendan Harris,25.0,WSN,NL,0.0,17.0,36.0,32.0,3.0,8.0,2.0,0.0,0.0,2.0,0.0,0.0,3.0,3.0,0.25,0.333,0.313,0.646,72.0,0.297,72.0,10.0,1.0,1.0,0.0,0.0,0.0,/H645,
Brendan Harris,25.0,CIN,NL,-0.1,8.0,11.0,10.0,2.0,2.0,0.0,0.0,1.0,1.0,0.0,0.0,1.0,4.0,0.2,0.273,0.5,0.773,89.0,0.326,81.0,5.0,1.0,0.0,0.0,0.0,0.0,/H4,
Brent Clevlen,22.0,DET,AL,0.3,31.0,42.0,39.0,9.0,11.0,1.0,2.0,3.0,6.0,0.0,0.0,2.0,15.0,0.282,0.317,0.641,0.958,140.0,0.39,132.0,25.0,0.0,0.0,1.0,0.0,0.0,89/7H,
Brett Campbell,24.0,WSN,NL,0.0,4.0,0.0,0.0,0.0,0.0,0.0,0.0,0.0,0.0,0.0,0.0,0.0,0.0,,,,,,,,0.0,0.0,0.0,0.0,0.0,0.0,/1,
Brett Myers,25.0,PHI,NL,-0.7,30.0,74.0,63.0,1.0,2.0,0.0,0.0,0.0,1.0,0.0,0.0,4.0,24.0,0.032,0.09,0.032,0.121,-67.0,0.069,-121.0,2.0,1.0,0.0,7.0,0.0,0.0,1,
Brett Tomko,33.0,LAD,NL,-0.1,44.0,31.0,25.0,2.0,3.0,0.0,0.0,0.0,0.0,0.0,0.0,1.0,13.0,0.12,0.154,0.12,0.274,-28.0,0.132,-82.0,3.0,0.0,0.0,5.0,0.0,0.0,1/H,
Brian Anderson,24.0,CHW,AL,0.0,134.0,405.0,365.0,46.0,82.0,23.0,1.0,8.0,33.0,4.0,7.0,30.0,90.0,0.225,0.29,0.359,0.649,65.0,0.301,69.0,131.0,3.0,5.0,2.0,3.0,2.0,*8/H,
Brian Bannister,25.0,NYM,NL,0.2,8.0,13.0,12.0,2.0,4.0,3.0,0.0,0.0,2.0,0.0,0.0,0.0,3.0,0.333,0.333,0.583,0.917,131.0,0.385,132.0,7.0,0.0,0.0,1.0,0.0,0.0,/1,
Brian Falkenborg,28.0,STL,NL,0.0,5.0,1.0,1.0,0.0,0.0,0.0,0.0,0.0,0.0,0.0,0.0,0.0,1.0,0.0,0.0,0.0,0.0,-100.0,0.0,-150.0,0.0,0.0,0.0,0.0,0.0,0.0,/1,
Brian Fuentes*,30.0,COL,NL,0.0,64.0,0.0,0.0,0.0,0.0,0.0,0.0,0.0,0.0,0.0,0.0,0.0,0.0,,,,,,,,0.0,0.0,0.0,0.0,0.0,0.0,1,AS
Brian Giles*,35.0,SDP,NL,3.3,158.0,717.0,604.0,87.0,159.0,37.0,1.0,14.0,83.0,9.0,4.0,104.0,60.0,0.263,0.374,0.397,0.771,107.0,0.35,113.0,240.0,18.0,5.0,0.0,4.0,6.0,*9,
Brian Jordan,39.0,ATL,NL,-0.4,48.0,101.0,91.0,11.0,21.0,2.0,0.0,3.0,10.0,0.0,0.0,7.0,23.0,0.231,0.287,0.352,0.639,63.0,0.282,55.0,32.0,3.0,1.0,0.0,2.0,0.0,3H/789,
Brian McCann*,22.0,ATL,NL,4.3,130.0,492.0,442.0,61.0,147.0,34.0,0.0,24.0,93.0,2.0,0.0,41.0,54.0,0.333,0.388,0.572,0.961,143.0,0.408,143.0,253.0,12.0,3.0,0.0,6.0,8.0,*2/H,"AS,SS"
Brian Meadows,30.0,TBD,AL,0.0,3.0,0.0,0.0,0.0,0.0,0.0,0.0,0.0,0.0,0.0,0.0,0.0,0.0,,,,,,,,0.0,0.0,0.0,0.0,0.0,0.0,1,
Brian Moehler,34.0,FLA,NL,-0.2,29.0,40.0,31.0,1.0,2.0,0.0,0.0,0.0,2.0,0.0,0.0,1.0,15.0,0.065,0.121,0.065,0.186,-49.0,0.099,-105.0,2.0,0.0,1.0,7.0,0.0,0.0,1/H,
Brian Roberts#,28.0,BAL,AL,3.3,138.0,630.0,563.0,85.0,161.0,34.0,3.0,10.0,55.0,36.0,7.0,55.0,66.0,0.286,0.347,0.41,0.757,96.0,0.351,99.0,231.0,16.0,0.0,6.0,5.0,4.0,*4/HD,
Brian Rogers,23.0,PIT,NL,0.0,10.0,0.0,0.0,0.0,0.0,0.0,0.0,0.0,0.0,0.0,0.0,0.0,0.0,,,,,,,,0.0,0.0,0.0,0.0,0.0,0.0,1,
Brian Sanches,27.0,PHI,NL,0.0,18.0,0.0,0.0,0.0,0.0,0.0,0.0,0.0,0.0,0.0,0.0,0.0,0.0,,,,,,,,0.0,0.0,0.0,0.0,0.0,0.0,1,
Brian Schneider*,29.0,WSN,NL,0.4,124.0,455.0,410.0,30.0,105.0,18.0,0.0,4.0,55.0,2.0,2.0,38.0,67.0,0.256,0.32,0.329,0.649,72.0,0.297,72.0,135.0,14.0,2.0,2.0,3.0,10.0,*2/H3,
Brian Shackelford*,29.0,CIN,NL,0.0,26.0,0.0,0.0,0.0,0.0,0.0,0.0,0.0,0.0,0.0,0.0,0.0,0.0,,,,,,,,0.0,0.0,0.0,0.0,0.0,0.0,1,
Brian Shouse*,37.0,MIL,NL,0.0,55.0,0.0,0.0,0.0,0.0,0.0,0.0,0.0,0.0,0.0,0.0,0.0,0.0,,,,,,,,0.0,0.0,0.0,0.0,0.0,0.0,1,
Brian Sikorski,31.0,SDP,NL,0.0,12.0,0.0,0.0,0.0,0.0,0.0,0.0,0.0,0.0,0.0,0.0,0.0,0.0,,,,,,,,0.0,0.0,0.0,0.0,0.0,0.0,1,
Brian Sweeney,32.0,SDP,NL,0.0,35.0,1.0,1.0,0.0,0.0,0.0,0.0,0.0,0.0,0.0,0.0,0.0,1.0,0.0,0.0,0.0,0.0,-100.0,0.0,-142.0,0.0,0.0,0.0,0.0,0.0,0.0,1,
Brian Tallet*,28.0,TOR,AL,0.0,2.0,0.0,0.0,0.0,0.0,0.0,0.0,0.0,0.0,0.0,0.0,0.0,0.0,,,,,,,,0.0,0.0,0.0,0.0,0.0,0.0,1,
Brian Wilson,24.0,SFG,NL,0.0,31.0,2.0,2.0,0.0,0.0,0.0,0.0,0.0,0.0,0.0,0.0,0.0,1.0,0.0,0.0,0.0,0.0,-100.0,0.0,-150.0,0.0,0.0,0.0,0.0,0.0,0.0,1,
Britt Reames,32.0,PIT,NL,0.0,6.0,0.0,0.0,0.0,0.0,0.0,0.0,0.0,0.0,0.0,0.0,0.0,0.0,,,,,,,,0.0,0.0,0.0,0.0,0.0,0.0,/1,
Bronson Arroyo,29.0,CIN,NL,0.2,34.0,94.0,81.0,5.0,9.0,3.0,0.0,2.0,6.0,0.0,0.0,3.0,31.0,0.111,0.143,0.222,0.365,-10.0,0.191,-27.0,18.0,1.0,0.0,10.0,0.0,0.0,1,"AS,MVP-23"
Bruce Chen*,29.0,BAL,AL,0.1,2.0,1.0,1.0,0.0,1.0,0.0,0.0,0.0,0.0,0.0,0.0,0.0,0.0,1.0,1.0,1.0,2.0,424.0,0.909,508.0,1.0,0.0,0.0,0.0,0.0,0.0,1,
Bryan Corey,32.0,TEX,AL,0.0,3.0,0.0,0.0,0.0,0.0,0.0,0.0,0.0,0.0,0.0,0.0,0.0,0.0,,,,,,,,0.0,0.0,0.0,0.0,0.0,0.0,1,
Bubba Crosby*,29.0,NYY,AL,-0.5,65.0,96.0,87.0,9.0,18.0,3.0,1.0,1.0,6.0,3.0,1.0,4.0,21.0,0.207,0.258,0.299,0.557,44.0,0.25,28.0,26.0,0.0,2.0,3.0,0.0,0.0,98H7/D,
Buck Coats*,24.0,CHC,NL,0.0,18.0,18.0,18.0,2.0,3.0,1.0,0.0,1.0,1.0,0.0,0.0,0.0,6.0,0.167,0.167,0.389,0.556,35.0,0.274,46.0,7.0,1.0,0.0,0.0,0.0,0.0,H/89,
Byung-Hyun Kim,27.0,COL,NL,-0.2,26.0,57.0,50.0,4.0,8.0,1.0,0.0,0.0,4.0,0.0,0.0,1.0,15.0,0.16,0.176,0.18,0.356,-11.0,0.163,-54.0,9.0,2.0,0.0,6.0,0.0,0.0,1,
C.J. Wilson*,25.0,TEX,AL,0.0,2.0,0.0,0.0,0.0,0.0,0.0,0.0,0.0,0.0,0.0,0.0,0.0,0.0,,,,,,,,0.0,0.0,0.0,0.0,0.0,0.0,1,
Carl Crawford*,24.0,TBD,AL,4.5,151.0,653.0,600.0,89.0,183.0,20.0,16.0,18.0,77.0,58.0,9.0,37.0,85.0,0.305,0.348,0.482,0.83,113.0,0.377,114.0,289.0,8.0,4.0,9.0,2.0,3.0,*7/D8H,MVP-26
Carl Everett#,35.0,SEA,AL,-0.6,92.0,343.0,308.0,37.0,70.0,8.0,0.0,11.0,33.0,1.0,3.0,29.0,57.0,0.227,0.297,0.36,0.658,72.0,0.292,68.0,111.0,6.0,3.0,0.0,3.0,2.0,DH/79,
Carlos Beltrán#,29.0,NYM,NL,8.2,140.0,617.0,510.0,127.0,140.0,38.0,1.0,41.0,116.0,18.0,3.0,95.0,99.0,0.275,0.388,0.594,0.982,150.0,0.432,160.0,303.0,6.0,4.0,1.0,7.0,6.0,*8/HD,"AS,MVP-4,GG,SS"
Carlos Delgado*,34.0,NYM,NL,2.7,144.0,618.0,524.0,89.0,139.0,30.0,2.0,38.0,114.0,0.0,0.0,74.0,120.0,0.265,0.361,0.548,0.909,131.0,0.383,128.0,287.0,12.0,10.0,0.0,10.0,11.0,*3/HD,MVP-12
Carlos Guillén#,30.0,DET,AL,6.0,153.0,622.0,543.0,100.0,174.0,41.0,5.0,19.0,85.0,20.0,9.0,71.0,87.0,0.32,0.4,0.519,0.92,136.0,0.405,143.0,282.0,16.0,4.0,0.0,4.0,10.0,*6/3DH,MVP-10
Carlos Lee,30.0,2TM,2LG,3.1,161.0,695.0,624.0,102.0,187.0,37.0,1.0,37.0,116.0,19.0,2.0,58.0,65.0,0.3,0.355,0.54,0.895,126.0,0.393,129.0,337.0,22.0,2.0,0.0,11.0,6.0,*7D/H,AS
Carlos Lee,30.0,MIL,NL,2.2,102.0,435.0,388.0,60.0,111.0,18.0,0.0,28.0,81.0,12.0,2.0,38.0,39.0,0.286,0.347,0.549,0.896,124.0,0.389,127.0,213.0,13.0,2.0,0.0,7.0,4.0,7/DH,
Carlos Lee,30.0,TEX,AL,0.9,59.0,260.0,236.0,42.0,76.0,19.0,1.0,9.0,35.0,7.0,0.0,20.0,26.0,0.322,0.369,0.525,0.895,128.0,0.399,133.0,124.0,9.0,0.0,0.0,4.0,2.0,7/D,
Carlos Maldonado,27.0,PIT,NL,-0.3,8.0,20.0,19.0,0.0,2.0,0.0,0.0,0.0,0.0,1.0,0.0,1.0,10.0,0.105,0.15,0.105,0.255,-32.0,0.108,-84.0,2.0,0.0,0.0,0.0,0.0,1.0,/2,
Carlos Martínez,24.0,FLA,NL,0.0,11.0,0.0,0.0,0.0,0.0,0.0,0.0,0.0,0.0,0.0,0.0,0.0,0.0,,,,,,,,0.0,0.0,0.0,0.0,0.0,0.0,1,
Carlos Mármol,23.0,CHC,NL,0.3,20.0,24.0,23.0,3.0,6.0,1.0,0.0,1.0,1.0,0.0,0.0,0.0,7.0,0.261,0.261,0.435,0.696,72.0,0.336,90.0,10.0,1.0,0.0,1.0,0.0,0.0,1/H,
Carlos Peña*,28.0,BOS,AL,0.1,18.0,37.0,33.0,3.0,9.0,2.0,0.0,1.0,3.0,0.0,0.0,4.0,10.0,0.273,0.351,0.424,0.776,96.0,0.344,95.0,14.0,1.0,0.0,0.0,0.0,0.0,3/H7,
Carlos Quentin,23.0,ARI,NL,0.6,57.0,191.0,166.0,23.0,42.0,13.0,3.0,9.0,32.0,1.0,0.0,15.0,34.0,0.253,0.342,0.53,0.872,115.0,0.377,116.0,88.0,6.0,8.0,1.0,1.0,2.0,9H/7,
Carlos Ruiz,27.0,PHI,NL,0.0,27.0,78.0,69.0,5.0,18.0,1.0,1.0,3.0,10.0,0.0,0.0,5.0,8.0,0.261,0.316,0.435,0.751,87.0,0.337,88.0,30.0,3.0,1.0,2.0,1.0,2.0,2/H,
Carlos Silva,27.0,MIN,AL,0.0,2.0,3.0,3.0,0.0,1.0,0.0,0.0,0.0,0.0,0.0,0.0,0.0,0.0,0.333,0.333,0.333,0.667,76.0,0.303,73.0,1.0,0.0,0.0,0.0,0.0,0.0,1,
Carlos Villanueva,22.0,MIL,NL,-0.2,8.0,17.0,15.0,0.0,1.0,0.0,0.0,0.0,1.0,0.0,0.0,0.0,9.0,0.067,0.067,0.067,0.133,-66.0,0.06,-130.0,1.0,0.0,0.0,2.0,0.0,0.0,1,
Carlos Zambrano#,25.0,CHC,NL,0.4,35.0,80.0,73.0,9.0,11.0,0.0,0.0,6.0,11.0,1.0,0.0,1.0,27.0,0.151,0.16,0.397,0.557,35.0,0.241,15.0,29.0,2.0,0.0,5.0,1.0,0.0,1/H,"AS,CYA-5,SS"
Casey Blake,32.0,CLE,AL,2.4,109.0,456.0,401.0,63.0,113.0,20.0,1.0,19.0,68.0,6.0,0.0,45.0,93.0,0.282,0.356,0.479,0.835,115.0,0.374,119.0,192.0,11.0,4.0,1.0,5.0,5.0,9/3DH,
Casey Daigle,25.0,ARI,NL,0.0,10.0,1.0,1.0,0.0,0.0,0.0,0.0,0.0,0.0,0.0,0.0,0.0,1.0,0.0,0.0,0.0,0.0,-100.0,0.0,-150.0,0.0,0.0,0.0,0.0,0.0,0.0,1,
Casey Fossum*,28.0,TBD,AL,0.0,1.0,2.0,2.0,0.0,0.0,0.0,0.0,0.0,0.0,0.0,0.0,0.0,0.0,0.0,0.0,0.0,0.0,-100.0,0.0,-140.0,0.0,0.0,0.0,0.0,0.0,0.0,1,
Casey Janssen,24.0,TOR,AL,0.0,1.0,1.0,1.0,0.0,0.0,0.0,0.0,0.0,0.0,0.0,0.0,0.0,1.0,0.0,0.0,0.0,0.0,-100.0,0.0,-150.0,0.0,0.0,0.0,0.0,0.0,0.0,1,
Casey Kotchman*,23.0,LAA,AL,-0.2,29.0,88.0,79.0,6.0,12.0,2.0,0.0,1.0,6.0,0.0,1.0,7.0,13.0,0.152,0.221,0.215,0.436,14.0,0.23,21.0,17.0,2.0,0.0,2.0,0.0,0.0,3/H,
CC Sabathia*,25.0,CLE,AL,0.0,3.0,9.0,9.0,0.0,2.0,0.0,0.0,0.0,2.0,0.0,0.0,0.0,5.0,0.222,0.222,0.222,0.444,17.0,0.202,0.0,2.0,0.0,0.0,0.0,0.0,0.0,1,
Chad Billingsley,21.0,LAD,NL,-0.1,16.0,28.0,24.0,2.0,2.0,0.0,0.0,0.0,2.0,0.0,0.0,2.0,15.0,0.083,0.185,0.083,0.269,-27.0,0.147,-47.0,2.0,0.0,1.0,1.0,0.0,0.0,1,
Chad Bradford,31.0,NYM,NL,0.0,66.0,0.0,0.0,0.0,0.0,0.0,0.0,0.0,0.0,0.0,0.0,0.0,0.0,,,,,,,,0.0,0.0,0.0,0.0,0.0,0.0,1,
Chad Cordero,24.0,WSN,NL,0.0,65.0,2.0,2.0,0.0,0.0,0.0,0.0,0.0,0.0,0.0,0.0,0.0,1.0,0.0,0.0,0.0,0.0,-100.0,0.0,-142.0,0.0,0.0,0.0,0.0,0.0,0.0,1,
Chad Gaudin,23.0,OAK,AL,0.0,6.0,0.0,0.0,0.0,0.0,0.0,0.0,0.0,0.0,0.0,0.0,0.0,0.0,,,,,,,,0.0,0.0,0.0,0.0,0.0,0.0,1,
Chad Harville,29.0,TBD,AL,0.0,3.0,0.0,0.0,0.0,0.0,0.0,0.0,0.0,0.0,0.0,0.0,0.0,0.0,,,,,,,,0.0,0.0,0.0,0.0,0.0,0.0,1,
Chad Moeller,31.0,MIL,NL,-0.5,29.0,104.0,98.0,9.0,18.0,3.0,0.0,2.0,5.0,0.0,0.0,4.0,26.0,0.184,0.231,0.276,0.506,29.0,0.236,21.0,27.0,3.0,2.0,0.0,0.0,0.0,2,
Chad Mottola,34.0,TOR,AL,-0.1,10.0,16.0,16.0,3.0,4.0,2.0,0.0,0.0,0.0,0.0,0.0,0.0,3.0,0.25,0.25,0.375,0.625,59.0,0.382,126.0,6.0,0.0,0.0,0.0,0.0,0.0,/H79D,
Chad Paronto,30.0,ATL,NL,0.0,63.0,1.0,1.0,0.0,0.0,0.0,0.0,0.0,0.0,0.0,0.0,0.0,1.0,0.0,0.0,0.0,0.0,-100.0,0.0,-150.0,0.0,0.0,0.0,0.0,0.0,0.0,1,
Chad Qualls,27.0,HOU,NL,0.0,77.0,0.0,0.0,0.0,0.0,0.0,0.0,0.0,0.0,0.0,0.0,0.0,0.0,,,,,,,,0.0,0.0,0.0,0.0,0.0,0.0,1,
Chad Santos*,25.0,SFG,NL,0.1,3.0,8.0,7.0,2.0,3.0,0.0,0.0,1.0,2.0,0.0,0.0,1.0,2.0,0.429,0.5,0.857,1.357,240.0,0.561,253.0,6.0,0.0,0.0,0.0,0.0,0.0,/3,
Chad Tracy*,26.0,ARI,NL,1.6,154.0,662.0,597.0,91.0,168.0,41.0,0.0,20.0,80.0,5.0,1.0,54.0,129.0,0.281,0.343,0.451,0.794,98.0,0.348,96.0,269.0,11.0,5.0,1.0,5.0,5.0,*5/3HD,
Chan Ho Park,33.0,SDP,NL,0.2,24.0,48.0,41.0,0.0,11.0,0.0,0.0,0.0,5.0,0.0,0.0,0.0,12.0,0.268,0.268,0.268,0.537,44.0,0.241,24.0,11.0,2.0,0.0,7.0,0.0,0.0,1/H,
Charlton Jimerson,26.0,HOU,NL,0.1,17.0,6.0,6.0,2.0,2.0,0.0,0.0,1.0,1.0,2.0,0.0,0.0,3.0,0.333,0.333,0.833,1.167,186.0,0.557,195.0,5.0,0.0,0.0,0.0,0.0,0.0,H/98,
Chase Utley*,27.0,PHI,NL,7.3,160.0,739.0,658.0,131.0,203.0,40.0,4.0,32.0,102.0,15.0,4.0,63.0,132.0,0.309,0.379,0.527,0.906,125.0,0.396,129.0,347.0,9.0,14.0,0.0,4.0,1.0,*4/3DH,"AS,MVP-7,SS"
Chien-Ming Wang,26.0,NYY,AL,-0.1,1.0,4.0,4.0,0.0,0.0,0.0,0.0,0.0,0.0,0.0,0.0,0.0,3.0,0.0,0.0,0.0,0.0,-100.0,0.0,-147.0,0.0,0.0,0.0,0.0,0.0,0.0,1,"CYA-2,MVP-26"
Chipper Jones#,34.0,ATL,NL,3.6,110.0,477.0,411.0,87.0,133.0,28.0,3.0,26.0,86.0,6.0,1.0,61.0,73.0,0.324,0.409,0.596,1.005,154.0,0.434,161.0,245.0,12.0,1.0,0.0,4.0,4.0,5/HD,MVP-20
Chone Figgins#,28.0,LAA,AL,1.2,155.0,683.0,604.0,93.0,161.0,23.0,8.0,9.0,62.0,52.0,16.0,65.0,100.0,0.267,0.336,0.376,0.712,85.0,0.331,86.0,227.0,6.0,2.0,5.0,7.0,1.0,*857/49DH6,
Choo Freeman,26.0,COL,NL,-1.2,88.0,191.0,173.0,24.0,41.0,6.0,3.0,2.0,18.0,5.0,6.0,14.0,42.0,0.237,0.298,0.341,0.639,58.0,0.287,56.0,59.0,1.0,1.0,3.0,0.0,2.0,H8/79,
Chris Aguila,27.0,FLA,NL,-0.3,47.0,104.0,95.0,5.0,22.0,8.0,1.0,0.0,7.0,2.0,1.0,9.0,26.0,0.232,0.298,0.337,0.635,67.0,0.28,58.0,32.0,2.0,0.0,0.0,0.0,1.0,9H7/8D,
Chris Barnwell,27.0,MIL,NL,-0.5,13.0,31.0,30.0,2.0,2.0,0.0,0.0,0.0,1.0,1.0,0.0,1.0,6.0,0.067,0.097,0.067,0.163,-57.0,0.115,-69.0,2.0,0.0,0.0,0.0,0.0,0.0,/645H,
Chris Booker,29.0,WSN,NL,0.0,10.0,0.0,0.0,0.0,0.0,0.0,0.0,0.0,0.0,0.0,0.0,0.0,0.0,,,,,,,,0.0,0.0,0.0,0.0,0.0,0.0,1,
Chris Britton,23.0,BAL,AL,0.0,5.0,0.0,0.0,0.0,0.0,0.0,0.0,0.0,0.0,0.0,0.0,0.0,0.0,,,,,,,,0.0,0.0,0.0,0.0,0.0,0.0,1,
Chris Burke,26.0,HOU,NL,0.9,123.0,413.0,366.0,58.0,101.0,23.0,1.0,9.0,40.0,11.0,1.0,27.0,77.0,0.276,0.347,0.418,0.765,96.0,0.346,96.0,153.0,6.0,14.0,4.0,2.0,0.0,487H/69,
Chris Capuano*,27.0,MIL,NL,-0.3,34.0,75.0,68.0,3.0,8.0,1.0,0.0,0.0,3.0,0.0,0.0,2.0,35.0,0.118,0.143,0.132,0.275,-29.0,0.126,-68.0,9.0,0.0,0.0,5.0,0.0,0.0,1/H,AS
Chris Carpenter,31.0,STL,NL,-0.2,30.0,80.0,71.0,2.0,9.0,0.0,0.0,0.0,2.0,0.0,0.0,0.0,27.0,0.127,0.127,0.127,0.254,-34.0,0.128,-73.0,9.0,0.0,0.0,9.0,0.0,0.0,1,"AS,CYA-3,MVP-19"
Chris Coste,33.0,PHI,NL,0.8,65.0,213.0,198.0,25.0,65.0,14.0,0.0,7.0,32.0,0.0,0.0,10.0,31.0,0.328,0.376,0.505,0.881,119.0,0.384,122.0,100.0,6.0,5.0,0.0,0.0,1.0,2H/3,
Chris Demaria#,25.0,MIL,NL,0.0,10.0,0.0,0.0,0.0,0.0,0.0,0.0,0.0,0.0,0.0,0.0,0.0,0.0,,,,,,,,0.0,0.0,0.0,0.0,0.0,0.0,1,
Chris Denorfia,25.0,CIN,NL,0.5,49.0,120.0,106.0,14.0,30.0,6.0,0.0,1.0,7.0,1.0,1.0,11.0,21.0,0.283,0.356,0.368,0.724,84.0,0.321,79.0,39.0,1.0,1.0,2.0,0.0,1.0,9H87,
Chris Duffy*,26.0,PIT,NL,0.4,84.0,348.0,314.0,46.0,80.0,14.0,3.0,2.0,18.0,26.0,1.0,19.0,71.0,0.255,0.317,0.338,0.654,70.0,0.326,76.0,106.0,1.0,10.0,4.0,1.0,1.0,8/H,
Chris Duncan*,25.0,STL,NL,1.8,90.0,314.0,280.0,60.0,82.0,11.0,3.0,22.0,43.0,0.0,0.0,30.0,69.0,0.293,0.363,0.589,0.952,140.0,0.403,141.0,165.0,4.0,2.0,0.0,2.0,0.0,79H3/D,
Chris Gomez,35.0,BAL,AL,0.6,55.0,142.0,132.0,14.0,45.0,7.0,0.0,2.0,17.0,1.0,2.0,7.0,11.0,0.341,0.387,0.439,0.827,115.0,0.372,124.0,58.0,7.0,3.0,0.0,0.0,1.0,34/65HD,
Chris Hammond*,40.0,CIN,NL,0.0,26.0,0.0,0.0,0.0,0.0,0.0,0.0,0.0,0.0,0.0,0.0,0.0,0.0,,,,,,,,0.0,0.0,0.0,0.0,0.0,0.0,1,
Chris Heintz,31.0,MIN,AL,0.0,2.0,1.0,1.0,0.0,0.0,0.0,0.0,0.0,0.0,0.0,0.0,0.0,0.0,0.0,0.0,0.0,0.0,-100.0,0.0,-150.0,0.0,0.0,0.0,0.0,0.0,0.0,/2H,
Chris Iannetta,23.0,COL,NL,0.0,21.0,93.0,77.0,12.0,20.0,4.0,0.0,2.0,10.0,0.0,1.0,13.0,17.0,0.26,0.37,0.39,0.759,89.0,0.329,83.0,30.0,1.0,1.0,1.0,1.0,2.0,2,
Chris Mabeus,27.0,MIL,NL,0.0,1.0,0.0,0.0,0.0,0.0,0.0,0.0,0.0,0.0,0.0,0.0,0.0,0.0,,,,,,,,0.0,0.0,0.0,0.0,0.0,0.0,/1,
Chris Michalak*,35.0,CIN,NL,0.1,8.0,11.0,8.0,0.0,2.0,1.0,0.0,0.0,0.0,0.0,0.0,1.0,5.0,0.25,0.333,0.375,0.708,79.0,0.317,71.0,3.0,0.0,0.0,2.0,0.0,0.0,/1,
Chris Narveson*,24.0,STL,NL,0.0,5.0,1.0,1.0,0.0,0.0,0.0,0.0,0.0,0.0,0.0,0.0,0.0,1.0,0.0,0.0,0.0,0.0,-100.0,0.0,-150.0,0.0,0.0,0.0,0.0,0.0,0.0,/1,
Chris Ray,24.0,BAL,AL,0.0,5.0,0.0,0.0,0.0,0.0,0.0,0.0,0.0,0.0,0.0,0.0,0.0,0.0,,,,,,,,0.0,0.0,0.0,0.0,0.0,0.0,1,
Chris Reitsma,28.0,ATL,NL,0.0,27.0,0.0,0.0,0.0,0.0,0.0,0.0,0.0,0.0,0.0,0.0,0.0,0.0,,,,,,,,0.0,0.0,0.0,0.0,0.0,0.0,1,
Chris Resop,23.0,FLA,NL,0.0,21.0,0.0,0.0,0.0,0.0,0.0,0.0,0.0,0.0,0.0,0.0,0.0,0.0,,,,,,,,0.0,0.0,0.0,0.0,0.0,0.0,1,
Chris Roberson#,26.0,PHI,NL,-0.1,57.0,43.0,41.0,9.0,8.0,0.0,1.0,0.0,1.0,3.0,0.0,0.0,9.0,0.195,0.214,0.244,0.458,15.0,0.263,23.0,10.0,0.0,1.0,1.0,0.0,0.0,H79,
Chris Sampson,28.0,HOU,NL,-0.1,12.0,7.0,5.0,0.0,0.0,0.0,0.0,0.0,0.0,0.0,0.0,0.0,2.0,0.0,0.0,0.0,0.0,-100.0,0.0,-243.0,0.0,0.0,0.0,2.0,0.0,0.0,1,
Chris Schroder,27.0,WSN,NL,0.0,21.0,2.0,2.0,0.0,0.0,0.0,0.0,0.0,0.0,0.0,0.0,0.0,1.0,0.0,0.0,0.0,0.0,-100.0,0.0,-142.0,0.0,0.0,0.0,0.0,0.0,0.0,1,
Chris Shelton,26.0,DET,AL,1.3,115.0,412.0,373.0,50.0,102.0,16.0,4.0,16.0,47.0,1.0,2.0,34.0,107.0,0.273,0.34,0.466,0.806,106.0,0.351,106.0,174.0,10.0,4.0,0.0,1.0,1.0,*3/H,
Chris Snelling*,24.0,SEA,AL,0.5,36.0,119.0,96.0,14.0,24.0,6.0,1.0,3.0,8.0,2.0,1.0,13.0,38.0,0.25,0.36,0.427,0.787,106.0,0.363,117.0,41.0,0.0,4.0,5.0,1.0,0.0,9/H78,
Chris Snyder,25.0,ARI,NL,0.2,61.0,213.0,184.0,19.0,51.0,9.0,0.0,6.0,32.0,0.0,0.0,22.0,39.0,0.277,0.349,0.424,0.773,94.0,0.339,90.0,78.0,5.0,1.0,1.0,5.0,4.0,2/H,
Chris Spurling,29.0,MIL,NL,0.0,7.0,0.0,0.0,0.0,0.0,0.0,0.0,0.0,0.0,0.0,0.0,0.0,0.0,,,,,,,,0.0,0.0,0.0,0.0,0.0,0.0,/1,
Chris Stewart,24.0,CHW,AL,-0.1,6.0,8.0,8.0,0.0,0.0,0.0,0.0,0.0,0.0,0.0,0.0,0.0,2.0,0.0,0.0,0.0,0.0,-100.0,0.0,-149.0,0.0,0.0,0.0,0.0,0.0,0.0,/2HD,
Chris Widger,35.0,2TM,AL,-0.8,36.0,107.0,93.0,6.0,16.0,3.0,0.0,1.0,9.0,0.0,0.0,11.0,24.0,0.172,0.255,0.237,0.491,27.0,0.238,20.0,22.0,2.0,0.0,1.0,2.0,0.0,2/HD,
Chris Widger,35.0,CHW,AL,-0.6,27.0,87.0,76.0,6.0,14.0,3.0,0.0,1.0,7.0,0.0,0.0,9.0,20.0,0.184,0.264,0.263,0.528,36.0,0.252,30.0,20.0,1.0,0.0,0.0,2.0,0.0,2/HD,
Chris Widger,35.0,BAL,AL,-0.2,9.0,20.0,17.0,0.0,2.0,0.0,0.0,0.0,2.0,0.0,0.0,2.0,4.0,0.118,0.211,0.118,0.328,-11.0,0.171,-29.0,2.0,1.0,0.0,1.0,0.0,0.0,/2HD,
Chris Woodward,30.0,NYM,NL,-1.0,83.0,253.0,222.0,25.0,48.0,10.0,1.0,3.0,25.0,1.0,1.0,23.0,55.0,0.216,0.289,0.311,0.6,56.0,0.269,47.0,69.0,2.0,1.0,4.0,3.0,2.0,4H65/793,
Chris Young,22.0,ARI,NL,0.2,30.0,78.0,70.0,10.0,17.0,4.0,0.0,2.0,10.0,2.0,1.0,6.0,12.0,0.243,0.308,0.386,0.693,73.0,0.302,64.0,27.0,0.0,1.0,0.0,1.0,0.0,8/H,
Chris Young,27.0,SDP,NL,0.0,29.0,62.0,54.0,2.0,7.0,2.0,1.0,0.0,4.0,0.0,0.0,0.0,26.0,0.13,0.13,0.204,0.333,-13.0,0.138,-57.0,11.0,0.0,0.0,8.0,0.0,0.0,1,
Chuck James*,24.0,ATL,NL,-0.3,24.0,40.0,35.0,2.0,1.0,0.0,0.0,0.0,0.0,0.0,0.0,1.0,14.0,0.029,0.056,0.029,0.084,-77.0,0.068,-118.0,1.0,1.0,0.0,4.0,0.0,0.0,1,
Cla Meredith,23.0,SDP,NL,0.0,45.0,1.0,0.0,0.0,0.0,0.0,0.0,0.0,0.0,0.0,0.0,0.0,0.0,,,,,,,,0.0,0.0,0.0,1.0,0.0,0.0,1,
Claudio Vargas,28.0,ARI,NL,-0.3,30.0,60.0,51.0,1.0,5.0,3.0,0.0,0.0,4.0,0.0,0.0,0.0,11.0,0.098,0.098,0.157,0.255,-37.0,0.126,-88.0,8.0,3.0,0.0,9.0,0.0,0.0,1,
Clay Condrey,30.0,PHI,NL,0.0,18.0,2.0,2.0,0.0,0.0,0.0,0.0,0.0,0.0,0.0,0.0,0.0,1.0,0.0,0.0,0.0,0.0,-100.0,0.0,-154.0,0.0,0.0,0.0,0.0,0.0,0.0,1,
Clay Hensley,26.0,SDP,NL,-0.2,36.0,56.0,48.0,2.0,4.0,1.0,0.0,0.0,2.0,0.0,0.0,3.0,28.0,0.083,0.137,0.104,0.241,-34.0,0.119,-65.0,5.0,0.0,0.0,5.0,0.0,0.0,1/H,
Cliff Floyd*,33.0,NYM,NL,-0.4,97.0,376.0,332.0,45.0,81.0,19.0,1.0,11.0,44.0,6.0,0.0,29.0,58.0,0.244,0.324,0.407,0.731,88.0,0.325,84.0,135.0,5.0,12.0,0.0,3.0,3.0,7/H,
Cliff Lee*,27.0,CLE,AL,0.0,2.0,6.0,6.0,0.0,1.0,0.0,0.0,0.0,0.0,0.0,0.0,0.0,3.0,0.167,0.167,0.167,0.333,-13.0,0.136,-46.0,1.0,0.0,0.0,0.0,0.0,0.0,1,
Cliff Politte,32.0,CHW,AL,0.0,2.0,0.0,0.0,0.0,0.0,0.0,0.0,0.0,0.0,0.0,0.0,0.0,0.0,,,,,,,,0.0,0.0,0.0,0.0,0.0,0.0,1,
Clint Barmes,27.0,COL,NL,1.2,131.0,535.0,478.0,57.0,105.0,26.0,4.0,7.0,56.0,5.0,4.0,22.0,72.0,0.22,0.264,0.335,0.598,47.0,0.275,40.0,160.0,2.0,9.0,19.0,7.0,6.0,*6/H4,
Coco Crisp#,26.0,BOS,AL,0.3,105.0,452.0,413.0,58.0,109.0,22.0,2.0,8.0,36.0,22.0,4.0,31.0,67.0,0.264,0.317,0.385,0.702,77.0,0.325,75.0,159.0,5.0,1.0,7.0,0.0,1.0,8/H,
Cody Ross,25.0,3TM,NL,-0.4,101.0,298.0,269.0,34.0,61.0,12.0,2.0,13.0,46.0,1.0,1.0,22.0,65.0,0.227,0.293,0.431,0.724,87.0,0.313,82.0,116.0,8.0,4.0,1.0,2.0,0.0,79H8,
Cody Ross,25.0,LAD,NL,0.5,8.0,14.0,14.0,4.0,7.0,1.0,1.0,2.0,9.0,1.0,0.0,0.0,2.0,0.5,0.5,1.143,1.643,303.0,0.691,330.0,16.0,0.0,0.0,0.0,0.0,0.0,/H97,
Cody Ross,25.0,CIN,NL,-0.2,2.0,5.0,5.0,0.0,1.0,0.0,0.0,0.0,0.0,0.0,0.0,0.0,2.0,0.2,0.2,0.2,0.4,2.0,0.181,-20.0,1.0,0.0,0.0,0.0,0.0,0.0,/7H,
Cody Ross,25.0,FLA,NL,-0.7,91.0,279.0,250.0,30.0,53.0,11.0,1.0,11.0,37.0,0.0,1.0,22.0,61.0,0.212,0.284,0.396,0.68,76.0,0.297,72.0,99.0,8.0,4.0,1.0,2.0,0.0,798H,
Cole Hamels*,22.0,PHI,NL,0.0,22.0,53.0,44.0,4.0,5.0,0.0,0.0,0.0,3.0,0.0,0.0,6.0,24.0,0.114,0.216,0.114,0.329,-13.0,0.172,-32.0,5.0,1.0,0.0,2.0,1.0,0.0,1,
Colter Bean,29.0,NYY,AL,0.0,1.0,0.0,0.0,0.0,0.0,0.0,0.0,0.0,0.0,0.0,0.0,0.0,0.0,,,,,,,,0.0,0.0,0.0,0.0,0.0,0.0,/1,
Conor Jackson,24.0,ARI,NL,0.2,140.0,556.0,485.0,75.0,141.0,26.0,1.0,15.0,79.0,1.0,0.0,54.0,73.0,0.291,0.368,0.441,0.809,103.0,0.37,111.0,214.0,18.0,9.0,1.0,7.0,2.0,*3H/D,
Corey Hart,24.0,MIL,NL,-0.4,87.0,256.0,237.0,32.0,67.0,13.0,2.0,9.0,33.0,5.0,8.0,17.0,58.0,0.283,0.328,0.468,0.796,101.0,0.336,100.0,111.0,7.0,0.0,0.0,2.0,1.0,9H7/83,
Corey Koskie*,33.0,MIL,NL,1.1,76.0,289.0,257.0,29.0,67.0,23.0,0.0,12.0,33.0,1.0,2.0,29.0,58.0,0.261,0.343,0.49,0.833,110.0,0.365,114.0,126.0,7.0,3.0,0.0,0.0,3.0,5/H,
Corey Patterson*,26.0,BAL,AL,4.2,135.0,499.0,463.0,75.0,128.0,19.0,5.0,16.0,53.0,45.0,9.0,21.0,94.0,0.276,0.314,0.443,0.757,94.0,0.349,95.0,205.0,0.0,5.0,8.0,1.0,5.0,*8/H,
Corky Miller,30.0,BOS,AL,-0.1,1.0,4.0,4.0,0.0,0.0,0.0,0.0,0.0,0.0,0.0,0.0,0.0,1.0,0.0,0.0,0.0,0.0,-100.0,0.0,-151.0,0.0,0.0,0.0,0.0,0.0,0.0,/2,
Cory Lidle,34.0,PHI,NL,0.2,19.0,40.0,34.0,3.0,3.0,0.0,1.0,0.0,0.0,0.0,0.0,2.0,14.0,0.088,0.139,0.147,0.286,-28.0,0.231,5.0,5.0,1.0,0.0,4.0,0.0,0.0,1,
Cory Sullivan*,26.0,COL,NL,0.2,126.0,443.0,386.0,47.0,103.0,26.0,10.0,2.0,30.0,10.0,6.0,32.0,100.0,0.267,0.321,0.402,0.722,78.0,0.318,72.0,155.0,5.0,1.0,19.0,5.0,3.0,*8H,
Craig Biggio,40.0,HOU,NL,0.4,145.0,607.0,548.0,79.0,135.0,33.0,0.0,21.0,62.0,3.0,2.0,40.0,84.0,0.246,0.306,0.422,0.727,84.0,0.319,81.0,231.0,15.0,9.0,5.0,5.0,1.0,*4H/D,
Craig Counsell*,35.0,ARI,NL,2.6,105.0,415.0,372.0,56.0,95.0,14.0,4.0,4.0,30.0,15.0,8.0,31.0,47.0,0.255,0.327,0.347,0.674,70.0,0.311,71.0,129.0,1.0,9.0,2.0,1.0,0.0,6H/54,
Craig Hansen,22.0,BOS,AL,0.0,2.0,0.0,0.0,0.0,0.0,0.0,0.0,0.0,0.0,0.0,0.0,0.0,0.0,,,,,,,,0.0,0.0,0.0,0.0,0.0,0.0,1,
Craig Monroe,29.0,DET,AL,0.8,147.0,585.0,541.0,89.0,138.0,35.0,2.0,28.0,92.0,2.0,2.0,37.0,126.0,0.255,0.301,0.482,0.783,99.0,0.342,98.0,261.0,14.0,1.0,0.0,6.0,3.0,*7D/8H,
Craig Wilson,29.0,2TM,2LG,-0.7,125.0,395.0,359.0,53.0,90.0,15.0,2.0,17.0,49.0,1.0,0.0,28.0,122.0,0.251,0.314,0.446,0.76,94.0,0.335,93.0,160.0,10.0,6.0,0.0,2.0,2.0,39H/D,
Craig Wilson,29.0,PIT,NL,0.2,85.0,286.0,255.0,38.0,68.0,11.0,2.0,13.0,41.0,1.0,0.0,24.0,88.0,0.267,0.339,0.478,0.818,109.0,0.358,110.0,122.0,6.0,5.0,0.0,2.0,2.0,39H,
Craig Wilson,29.0,NYY,AL,-0.9,40.0,109.0,104.0,15.0,22.0,4.0,0.0,4.0,8.0,0.0,0.0,4.0,34.0,0.212,0.248,0.365,0.613,56.0,0.274,48.0,38.0,4.0,1.0,0.0,0.0,0.0,3H/9D,
Curt Schilling,39.0,BOS,AL,0.1,1.0,2.0,2.0,0.0,1.0,0.0,0.0,0.0,0.0,0.0,0.0,0.0,1.0,0.5,0.5,0.5,1.0,156.0,0.454,172.0,1.0,0.0,0.0,0.0,0.0,0.0,1,
Curtis Granderson*,25.0,DET,AL,3.3,159.0,679.0,596.0,90.0,155.0,31.0,9.0,19.0,68.0,8.0,5.0,66.0,174.0,0.26,0.335,0.438,0.773,98.0,0.342,98.0,261.0,4.0,4.0,7.0,6.0,0.0,*8/H,
Curtis Pride*,37.0,LAA,AL,0.3,22.0,33.0,27.0,6.0,6.0,2.0,0.0,1.0,2.0,0.0,0.0,6.0,8.0,0.222,0.364,0.407,0.771,100.0,0.347,101.0,11.0,1.0,0.0,0.0,0.0,0.0,H/7D9,
César Izturis#,26.0,2TM,NL,0.0,54.0,208.0,192.0,14.0,47.0,9.0,1.0,1.0,18.0,1.0,4.0,12.0,14.0,0.245,0.295,0.318,0.612,57.0,0.282,58.0,61.0,4.0,2.0,1.0,1.0,3.0,56/H4,
César Izturis#,26.0,LAD,NL,0.9,32.0,129.0,119.0,10.0,30.0,7.0,1.0,1.0,12.0,1.0,3.0,7.0,6.0,0.252,0.302,0.353,0.655,67.0,0.305,77.0,42.0,1.0,2.0,0.0,1.0,3.0,5/64H,
César Izturis#,26.0,CHC,NL,-0.8,22.0,79.0,73.0,4.0,17.0,2.0,0.0,0.0,6.0,0.0,1.0,5.0,8.0,0.233,0.282,0.26,0.542,39.0,0.244,29.0,19.0,3.0,0.0,1.0,0.0,0.0,6/H,
D'Angelo Jiménez#,28.0,2TM,AL,-0.1,28.0,88.0,71.0,8.0,13.0,3.0,0.0,1.0,8.0,0.0,0.0,16.0,13.0,0.183,0.333,0.268,0.601,59.0,0.281,52.0,19.0,3.0,0.0,1.0,0.0,2.0,4/5H6,
D'Angelo Jiménez#,28.0,TEX,AL,0.1,20.0,68.0,57.0,7.0,12.0,3.0,0.0,1.0,8.0,0.0,0.0,10.0,6.0,0.211,0.328,0.316,0.644,68.0,0.3,67.0,18.0,2.0,0.0,1.0,0.0,0.0,4/H5,
D'Angelo Jiménez#,28.0,OAK,AL,-0.3,8.0,20.0,14.0,1.0,1.0,0.0,0.0,0.0,0.0,0.0,0.0,6.0,7.0,0.071,0.35,0.071,0.421,21.0,0.21,-3.0,1.0,1.0,0.0,0.0,0.0,2.0,/564H,
Dallas McPherson*,25.0,LAA,AL,0.5,40.0,121.0,115.0,16.0,30.0,4.0,0.0,7.0,13.0,1.0,0.0,6.0,40.0,0.261,0.298,0.478,0.776,97.0,0.347,100.0,55.0,3.0,0.0,0.0,0.0,0.0,5/H3D,
Damian Jackson,32.0,WSN,NL,-0.4,67.0,135.0,116.0,16.0,23.0,6.0,1.0,4.0,10.0,1.0,3.0,12.0,39.0,0.198,0.295,0.371,0.666,74.0,0.293,75.0,43.0,1.0,4.0,3.0,0.0,0.0,8H64/579,
Damian Miller,36.0,MIL,NL,0.9,101.0,376.0,331.0,34.0,83.0,28.0,0.0,6.0,38.0,0.0,0.0,33.0,86.0,0.251,0.322,0.39,0.711,81.0,0.312,74.0,129.0,11.0,4.0,3.0,5.0,7.0,2/H,
Damion Easley,36.0,ARI,NL,0.2,90.0,220.0,189.0,24.0,44.0,6.0,1.0,9.0,28.0,1.0,1.0,21.0,30.0,0.233,0.323,0.418,0.741,85.0,0.339,91.0,79.0,4.0,5.0,3.0,2.0,0.0,H65/439D,
Damon Hollins,32.0,TBD,AL,-0.1,121.0,355.0,333.0,37.0,76.0,20.0,0.0,15.0,33.0,3.0,3.0,19.0,64.0,0.228,0.269,0.423,0.693,77.0,0.3,71.0,141.0,4.0,0.0,2.0,1.0,1.0,*987H/D,
Dan Haren,25.0,OAK,AL,-0.1,3.0,7.0,7.0,0.0,0.0,0.0,0.0,0.0,0.0,0.0,0.0,0.0,2.0,0.0,0.0,0.0,0.0,-100.0,0.0,-142.0,0.0,0.0,0.0,0.0,0.0,0.0,1,
Dan Johnson*,26.0,OAK,AL,0.1,91.0,331.0,286.0,30.0,67.0,13.0,1.0,9.0,37.0,0.0,0.0,40.0,45.0,0.234,0.323,0.381,0.704,84.0,0.311,79.0,109.0,6.0,0.0,0.0,5.0,2.0,3H/D,
Dan Uggla,26.0,FLA,NL,3.1,154.0,683.0,611.0,105.0,172.0,26.0,7.0,27.0,90.0,6.0,6.0,48.0,123.0,0.282,0.339,0.48,0.818,112.0,0.352,111.0,293.0,5.0,9.0,7.0,8.0,1.0,*4/HD,"AS,ROY-3"
Dan Wheeler,28.0,HOU,NL,0.0,71.0,0.0,0.0,0.0,0.0,0.0,0.0,0.0,0.0,0.0,0.0,0.0,0.0,,,,,,,,0.0,0.0,0.0,0.0,0.0,0.0,1,
Dana Eveland*,22.0,MIL,NL,-0.1,9.0,8.0,7.0,0.0,0.0,0.0,0.0,0.0,0.0,0.0,0.0,0.0,4.0,0.0,0.0,0.0,0.0,-100.0,0.0,-181.0,0.0,0.0,0.0,1.0,0.0,0.0,/1,
Daniel Cabrera,25.0,BAL,AL,0.0,1.0,2.0,1.0,0.0,0.0,0.0,0.0,0.0,0.0,0.0,0.0,0.0,1.0,0.0,0.0,0.0,0.0,-100.0,0.0,-400.0,0.0,0.0,0.0,1.0,0.0,0.0,1,
Daniel Ortmeier#,25.0,SFG,NL,-0.1,9.0,12.0,12.0,0.0,3.0,1.0,0.0,0.0,2.0,0.0,0.0,0.0,4.0,0.25,0.25,0.333,0.583,48.0,0.254,35.0,4.0,0.0,0.0,0.0,0.0,0.0,/H9D,
Danny Ardoin,31.0,2TM,2LG,-0.7,40.0,135.0,122.0,14.0,22.0,5.0,1.0,0.0,3.0,0.0,0.0,9.0,33.0,0.18,0.254,0.238,0.491,24.0,0.228,7.0,29.0,3.0,3.0,1.0,0.0,2.0,2,
Danny Ardoin,31.0,COL,NL,-0.5,35.0,120.0,109.0,12.0,21.0,5.0,1.0,0.0,2.0,0.0,0.0,8.0,27.0,0.193,0.261,0.257,0.517,29.0,0.237,12.0,28.0,2.0,2.0,1.0,0.0,2.0,2,
Danny Ardoin,31.0,BAL,AL,-0.2,5.0,15.0,13.0,2.0,1.0,0.0,0.0,0.0,1.0,0.0,0.0,1.0,6.0,0.077,0.2,0.077,0.277,-23.0,0.158,-31.0,1.0,1.0,1.0,0.0,0.0,0.0,/2,
Danny Kolb,31.0,MIL,NL,0.0,52.0,0.0,0.0,0.0,0.0,0.0,0.0,0.0,0.0,0.0,0.0,0.0,0.0,,,,,,,,0.0,0.0,0.0,0.0,0.0,0.0,1,
Danny Sandoval#,27.0,PHI,NL,-0.2,28.0,43.0,38.0,1.0,8.0,1.0,0.0,0.0,4.0,0.0,0.0,4.0,3.0,0.211,0.279,0.237,0.516,32.0,0.259,34.0,9.0,2.0,0.0,0.0,1.0,0.0,H/46,
Danys Báez,28.0,2TM,NL,0.0,53.0,0.0,0.0,0.0,0.0,0.0,0.0,0.0,0.0,0.0,0.0,0.0,0.0,,,,,,,,0.0,0.0,0.0,0.0,0.0,0.0,1,
Danys Báez,28.0,LAD,NL,0.0,42.0,0.0,0.0,0.0,0.0,0.0,0.0,0.0,0.0,0.0,0.0,0.0,0.0,,,,,,,,0.0,0.0,0.0,0.0,0.0,0.0,1,
Danys Báez,28.0,ATL,NL,0.0,11.0,0.0,0.0,0.0,0.0,0.0,0.0,0.0,0.0,0.0,0.0,0.0,0.0,,,,,,,,0.0,0.0,0.0,0.0,0.0,0.0,1,
Darin Erstad*,32.0,LAA,AL,0.0,40.0,105.0,95.0,8.0,21.0,8.0,1.0,0.0,5.0,1.0,1.0,6.0,18.0,0.221,0.279,0.326,0.605,57.0,0.267,46.0,31.0,2.0,2.0,1.0,1.0,0.0,83/H,
Darren Oliver,35.0,NYM,NL,0.0,43.0,16.0,15.0,2.0,2.0,1.0,0.0,0.0,2.0,0.0,0.0,1.0,7.0,0.133,0.188,0.2,0.388,1.0,0.179,-16.0,3.0,0.0,0.0,0.0,0.0,0.0,1,
Daryle Ward*,31.0,2TM,NL,0.8,98.0,150.0,130.0,17.0,40.0,10.0,0.0,7.0,26.0,0.0,1.0,15.0,27.0,0.308,0.38,0.546,0.926,139.0,0.395,142.0,71.0,5.0,2.0,0.0,3.0,1.0,H39/7D,
Daryle Ward*,31.0,WSN,NL,0.6,78.0,123.0,104.0,15.0,32.0,9.0,0.0,6.0,19.0,0.0,1.0,14.0,21.0,0.308,0.39,0.567,0.958,148.0,0.405,152.0,59.0,5.0,2.0,0.0,3.0,1.0,H9/3D7,
Daryle Ward*,31.0,ATL,NL,0.2,20.0,27.0,26.0,2.0,8.0,1.0,0.0,1.0,7.0,0.0,0.0,1.0,6.0,0.308,0.333,0.462,0.795,102.0,0.346,100.0,12.0,0.0,0.0,0.0,0.0,0.0,H/37,
Dave Borkowski,29.0,HOU,NL,-0.1,37.0,5.0,5.0,0.0,0.0,0.0,0.0,0.0,0.0,0.0,0.0,0.0,1.0,0.0,0.0,0.0,0.0,-100.0,0.0,-144.0,0.0,0.0,0.0,0.0,0.0,0.0,1,
Dave Bush,26.0,MIL,NL,0.1,33.0,72.0,62.0,6.0,11.0,3.0,0.0,0.0,9.0,0.0,0.0,0.0,25.0,0.177,0.19,0.226,0.416,6.0,0.184,-32.0,14.0,1.0,1.0,9.0,0.0,0.0,1,
Dave Roberts*,34.0,SDP,NL,3.0,129.0,567.0,499.0,80.0,146.0,18.0,13.0,2.0,44.0,49.0,6.0,51.0,61.0,0.293,0.36,0.393,0.752,101.0,0.354,105.0,196.0,5.0,4.0,7.0,5.0,2.0,*78/H,
David Aardsma,24.0,CHC,NL,0.0,43.0,3.0,2.0,0.0,0.0,0.0,0.0,0.0,0.0,0.0,0.0,0.0,0.0,0.0,0.0,0.0,0.0,-100.0,0.0,-275.0,0.0,0.0,0.0,1.0,0.0,0.0,1,
David Bell,33.0,2TM,NL,1.3,145.0,566.0,504.0,60.0,136.0,27.0,4.0,10.0,63.0,3.0,1.0,50.0,68.0,0.27,0.337,0.399,0.736,86.0,0.332,86.0,201.0,18.0,4.0,3.0,5.0,3.0,*5/H,
David Bell,33.0,PHI,NL,0.3,92.0,365.0,324.0,39.0,90.0,17.0,2.0,6.0,34.0,1.0,0.0,32.0,38.0,0.278,0.345,0.398,0.743,87.0,0.334,86.0,129.0,11.0,3.0,3.0,3.0,2.0,5/H,
David Bell,33.0,MIL,NL,1.1,53.0,201.0,180.0,21.0,46.0,10.0,2.0,4.0,29.0,2.0,1.0,18.0,30.0,0.256,0.323,0.4,0.723,84.0,0.328,86.0,72.0,7.0,1.0,0.0,2.0,1.0,5,
David Cortés,32.0,COL,NL,0.0,29.0,0.0,0.0,0.0,0.0,0.0,0.0,0.0,0.0,0.0,0.0,0.0,0.0,,,,,,,,0.0,0.0,0.0,0.0,0.0,0.0,1,
David DeJesus*,26.0,KCR,AL,3.0,119.0,552.0,491.0,83.0,145.0,36.0,7.0,8.0,56.0,6.0,3.0,43.0,70.0,0.295,0.364,0.446,0.81,108.0,0.357,108.0,219.0,10.0,12.0,2.0,4.0,4.0,*78,
David Dellucci*,32.0,PHI,NL,0.7,132.0,301.0,264.0,41.0,77.0,14.0,5.0,13.0,39.0,1.0,3.0,28.0,62.0,0.292,0.369,0.53,0.899,123.0,0.388,128.0,140.0,1.0,6.0,0.0,3.0,0.0,H79/D,
David Eckstein,31.0,STL,NL,1.7,123.0,552.0,500.0,68.0,146.0,18.0,1.0,2.0,23.0,7.0,6.0,31.0,41.0,0.292,0.35,0.344,0.694,81.0,0.323,86.0,172.0,7.0,15.0,3.0,3.0,0.0,*6/H,AS
David Murphy*,24.0,BOS,AL,-0.2,20.0,26.0,22.0,4.0,5.0,1.0,0.0,1.0,2.0,0.0,0.0,4.0,4.0,0.227,0.346,0.409,0.755,91.0,0.338,90.0,9.0,1.0,0.0,0.0,0.0,0.0,/8H79D,
David Newhan*,32.0,BAL,AL,-0.3,39.0,143.0,131.0,14.0,33.0,4.0,0.0,4.0,18.0,4.0,2.0,7.0,22.0,0.252,0.294,0.374,0.668,73.0,0.292,64.0,49.0,4.0,2.0,0.0,3.0,1.0,87/93DH,
David Ortiz*,30.0,BOS,AL,5.8,151.0,686.0,558.0,115.0,160.0,29.0,2.0,54.0,137.0,1.0,0.0,119.0,117.0,0.287,0.413,0.636,1.049,161.0,0.433,159.0,355.0,12.0,4.0,0.0,5.0,23.0,*D3/H,"AS,MVP-3,SS"
David Riske,29.0,CHW,AL,0.0,4.0,0.0,0.0,0.0,0.0,0.0,0.0,0.0,0.0,0.0,0.0,0.0,0.0,,,,,,,,0.0,0.0,0.0,0.0,0.0,0.0,1,
David Ross,29.0,CIN,NL,1.8,90.0,296.0,247.0,37.0,63.0,15.0,1.0,21.0,52.0,0.0,0.0,37.0,75.0,0.255,0.353,0.579,0.932,130.0,0.379,120.0,143.0,4.0,3.0,4.0,5.0,7.0,2H,
David Weathers,36.0,CIN,NL,0.0,65.0,1.0,1.0,0.0,0.0,0.0,0.0,0.0,0.0,0.0,0.0,0.0,1.0,0.0,0.0,0.0,0.0,-100.0,0.0,-150.0,0.0,0.0,0.0,0.0,0.0,0.0,1,
David Wells*,43.0,SDP,NL,0.0,5.0,8.0,5.0,0.0,1.0,0.0,0.0,0.0,0.0,0.0,0.0,0.0,2.0,0.2,0.2,0.2,0.4,8.0,0.181,-70.0,1.0,0.0,0.0,3.0,0.0,0.0,/1,
David Williams*,27.0,2TM,NL,0.0,14.0,24.0,21.0,1.0,3.0,0.0,0.0,0.0,0.0,0.0,0.0,3.0,9.0,0.143,0.25,0.143,0.393,5.0,0.202,-3.0,3.0,0.0,0.0,0.0,0.0,0.0,1,
David Williams*,27.0,CIN,NL,-0.1,8.0,13.0,12.0,0.0,1.0,0.0,0.0,0.0,0.0,0.0,0.0,1.0,5.0,0.083,0.154,0.083,0.237,-37.0,0.124,-61.0,1.0,0.0,0.0,0.0,0.0,0.0,/1,
David Williams*,27.0,NYM,NL,0.1,6.0,11.0,9.0,1.0,2.0,0.0,0.0,0.0,0.0,0.0,0.0,2.0,4.0,0.222,0.364,0.222,0.586,58.0,0.294,65.0,2.0,0.0,0.0,0.0,0.0,0.0,/1,
David Wright,23.0,NYM,NL,4.1,154.0,661.0,582.0,96.0,181.0,40.0,5.0,26.0,116.0,20.0,5.0,66.0,113.0,0.311,0.381,0.531,0.912,133.0,0.393,133.0,309.0,15.0,5.0,0.0,8.0,13.0,*5/D,"AS,MVP-9"
Delmon Young,20.0,TBD,AL,0.9,30.0,131.0,126.0,16.0,40.0,9.0,1.0,3.0,10.0,2.0,2.0,1.0,24.0,0.317,0.336,0.476,0.812,108.0,0.358,113.0,60.0,0.0,3.0,0.0,1.0,0.0,9/8,
Delwyn Young#,24.0,LAD,NL,-0.2,8.0,5.0,5.0,0.0,0.0,0.0,0.0,0.0,0.0,0.0,0.0,0.0,1.0,0.0,0.0,0.0,0.0,-100.0,0.0,-146.0,0.0,0.0,0.0,0.0,0.0,0.0,/H79,
Dennis Sarfate,25.0,MIL,NL,0.0,8.0,0.0,0.0,0.0,0.0,0.0,0.0,0.0,0.0,0.0,0.0,0.0,0.0,,,,,,,,0.0,0.0,0.0,0.0,0.0,0.0,/1,
Denny Bautista,25.0,COL,NL,0.0,4.0,1.0,1.0,0.0,0.0,0.0,0.0,0.0,0.0,0.0,0.0,0.0,0.0,0.0,0.0,0.0,0.0,-100.0,0.0,-158.0,0.0,0.0,0.0,0.0,0.0,0.0,/1,
Dennys Reyes,29.0,MIN,AL,0.0,4.0,0.0,0.0,0.0,0.0,0.0,0.0,0.0,0.0,0.0,0.0,0.0,0.0,,,,,,,,0.0,0.0,0.0,0.0,0.0,0.0,1,
Derek Jeter,32.0,NYY,AL,5.6,154.0,715.0,623.0,118.0,214.0,39.0,3.0,14.0,97.0,34.0,5.0,69.0,102.0,0.343,0.417,0.483,0.9,132.0,0.412,142.0,301.0,13.0,12.0,7.0,4.0,4.0,*6/D,"AS,MVP-2,GG,SS"
Derek Lowe,33.0,LAD,NL,-0.2,33.0,79.0,64.0,5.0,6.0,2.0,0.0,0.0,3.0,0.0,0.0,4.0,19.0,0.094,0.145,0.125,0.27,-30.0,0.143,-66.0,8.0,1.0,0.0,10.0,1.0,0.0,1,
Derrek Lee,30.0,CHC,NL,0.8,50.0,204.0,175.0,30.0,50.0,9.0,0.0,8.0,30.0,8.0,4.0,25.0,41.0,0.286,0.368,0.474,0.842,112.0,0.366,112.0,83.0,11.0,0.0,0.0,4.0,1.0,3/HD,
Derrick Turnbow,28.0,MIL,NL,0.0,63.0,1.0,1.0,0.0,0.0,0.0,0.0,0.0,0.0,0.0,0.0,0.0,1.0,0.0,0.0,0.0,0.0,-100.0,0.0,-150.0,0.0,0.0,0.0,0.0,0.0,0.0,1,AS
Dewayne Wise*,28.0,CIN,NL,-0.7,31.0,40.0,38.0,3.0,7.0,2.0,0.0,0.0,1.0,0.0,0.0,0.0,6.0,0.184,0.184,0.237,0.421,6.0,0.208,-6.0,9.0,2.0,0.0,2.0,0.0,0.0,H/789,
Dewon Brazelton,26.0,SDP,NL,0.1,9.0,4.0,4.0,0.0,1.0,1.0,0.0,0.0,1.0,0.0,0.0,0.0,2.0,0.25,0.25,0.5,0.75,94.0,0.31,84.0,2.0,0.0,0.0,0.0,0.0,0.0,/1,
Dioner Navarro#,22.0,2TM,2LG,0.0,81.0,302.0,268.0,28.0,68.0,9.0,0.0,6.0,28.0,2.0,1.0,31.0,51.0,0.254,0.332,0.354,0.687,79.0,0.305,71.0,95.0,7.0,1.0,1.0,1.0,6.0,2/H,
Dioner Navarro#,22.0,LAD,NL,0.1,25.0,86.0,75.0,5.0,21.0,2.0,0.0,2.0,8.0,1.0,0.0,11.0,18.0,0.28,0.372,0.387,0.759,95.0,0.328,84.0,29.0,1.0,0.0,0.0,0.0,4.0,2/H,
Dioner Navarro#,22.0,TBD,AL,-0.1,56.0,216.0,193.0,23.0,47.0,7.0,0.0,4.0,20.0,1.0,1.0,20.0,33.0,0.244,0.316,0.342,0.658,72.0,0.296,67.0,66.0,6.0,1.0,1.0,1.0,2.0,2/H,
Dmitri Young#,32.0,DET,AL,-0.2,48.0,184.0,172.0,19.0,43.0,4.0,1.0,7.0,23.0,1.0,1.0,11.0,39.0,0.25,0.293,0.407,0.7,79.0,0.318,82.0,70.0,3.0,0.0,0.0,1.0,0.0,D/H3,
Dontrelle Willis*,24.0,FLA,NL,0.6,32.0,76.0,64.0,8.0,11.0,0.0,1.0,3.0,10.0,0.0,0.0,6.0,13.0,0.172,0.243,0.344,0.587,52.0,0.257,37.0,22.0,0.0,0.0,6.0,0.0,0.0,1/H,
Doug Brocail*,39.0,SDP,NL,0.0,25.0,0.0,0.0,0.0,0.0,0.0,0.0,0.0,0.0,0.0,0.0,0.0,0.0,,,,,,,,0.0,0.0,0.0,0.0,0.0,0.0,1,
Doug Clark*,30.0,OAK,AL,-0.1,6.0,6.0,6.0,0.0,1.0,0.0,0.0,0.0,0.0,1.0,0.0,0.0,3.0,0.167,0.167,0.167,0.333,-12.0,0.19,-34.0,1.0,0.0,0.0,0.0,0.0,0.0,/H7,
Doug Davis,30.0,MIL,NL,-0.4,33.0,78.0,65.0,5.0,3.0,0.0,0.0,0.0,2.0,0.0,0.0,1.0,22.0,0.046,0.075,0.046,0.121,-68.0,0.102,-102.0,3.0,0.0,1.0,11.0,0.0,0.0,1,
Doug Mientkiewicz*,32.0,KCR,AL,2.2,91.0,361.0,314.0,37.0,89.0,24.0,2.0,4.0,43.0,3.0,0.0,35.0,50.0,0.283,0.359,0.411,0.77,99.0,0.35,101.0,129.0,6.0,5.0,1.0,5.0,1.0,3/H,
Doug Mirabelli,35.0,2TM,2LG,-0.8,73.0,202.0,183.0,13.0,35.0,7.0,0.0,6.0,25.0,0.0,0.0,15.0,59.0,0.191,0.267,0.328,0.595,51.0,0.267,42.0,60.0,2.0,4.0,0.0,0.0,0.0,2H/D,
Doug Mirabelli,35.0,SDP,NL,-0.2,14.0,26.0,22.0,1.0,4.0,1.0,0.0,0.0,0.0,0.0,0.0,4.0,5.0,0.182,0.308,0.227,0.535,47.0,0.262,50.0,5.0,0.0,0.0,0.0,0.0,0.0,/2H,
Doug Mirabelli,35.0,BOS,AL,-0.6,59.0,176.0,161.0,12.0,31.0,6.0,0.0,6.0,25.0,0.0,0.0,11.0,54.0,0.193,0.261,0.342,0.603,52.0,0.268,41.0,55.0,2.0,4.0,0.0,0.0,0.0,2/HD,
Doug Slaten*,26.0,ARI,NL,0.0,9.0,0.0,0.0,0.0,0.0,0.0,0.0,0.0,0.0,0.0,0.0,0.0,0.0,,,,,,,,0.0,0.0,0.0,0.0,0.0,0.0,/1,
Drew Anderson*,25.0,MIL,NL,-0.1,9.0,10.0,9.0,3.0,1.0,0.0,0.0,0.0,0.0,0.0,0.0,1.0,4.0,0.111,0.2,0.111,0.311,-17.0,0.162,-31.0,1.0,0.0,0.0,0.0,0.0,0.0,/H79,
Drew Meyer*,24.0,TEX,AL,-0.3,5.0,15.0,14.0,1.0,3.0,0.0,0.0,0.0,0.0,0.0,0.0,0.0,8.0,0.214,0.214,0.214,0.429,11.0,0.188,-20.0,3.0,0.0,0.0,1.0,0.0,0.0,/469H,
Duaner Sánchez,26.0,NYM,NL,0.0,45.0,2.0,1.0,1.0,0.0,0.0,0.0,0.0,0.0,0.0,0.0,0.0,1.0,0.0,0.5,0.0,0.5,47.0,0.37,121.0,0.0,0.0,1.0,0.0,0.0,0.0,1,
Dustan Mohr,30.0,BOS,AL,0.0,21.0,43.0,40.0,5.0,7.0,1.0,0.0,2.0,3.0,0.0,0.0,3.0,20.0,0.175,0.233,0.35,0.583,45.0,0.273,44.0,14.0,0.0,0.0,0.0,0.0,0.0,8/79H,
Dustin Nippert,25.0,ARI,NL,0.0,2.0,2.0,2.0,0.0,0.0,0.0,0.0,0.0,0.0,0.0,0.0,0.0,2.0,0.0,0.0,0.0,0.0,-100.0,0.0,-154.0,0.0,0.0,0.0,0.0,0.0,0.0,/1,
Dustin Pedroia,22.0,BOS,AL,-0.8,31.0,98.0,89.0,5.0,17.0,4.0,0.0,2.0,7.0,0.0,1.0,7.0,7.0,0.191,0.258,0.303,0.561,42.0,0.257,36.0,27.0,1.0,1.0,1.0,0.0,0.0,4/6H,
Dámaso Marte*,31.0,PIT,NL,0.0,72.0,2.0,2.0,0.0,0.0,0.0,0.0,0.0,0.0,0.0,0.0,0.0,0.0,0.0,0.0,0.0,0.0,-100.0,0.0,-146.0,0.0,0.0,0.0,0.0,0.0,0.0,1,
Eddie Guardado,35.0,2TM,2LG,0.0,19.0,0.0,0.0,0.0,0.0,0.0,0.0,0.0,0.0,0.0,0.0,0.0,0.0,,,,,,,,0.0,0.0,0.0,0.0,0.0,0.0,1,
Eddie Guardado,35.0,SEA,AL,0.0,4.0,0.0,0.0,0.0,0.0,0.0,0.0,0.0,0.0,0.0,0.0,0.0,0.0,,,,,,,,0.0,0.0,0.0,0.0,0.0,0.0,1,
Eddie Guardado,35.0,CIN,NL,0.0,15.0,0.0,0.0,0.0,0.0,0.0,0.0,0.0,0.0,0.0,0.0,0.0,0.0,,,,,,,,0.0,0.0,0.0,0.0,0.0,0.0,1,
Eddie Rogers,27.0,BAL,AL,-0.6,17.0,26.0,25.0,1.0,5.0,0.0,0.0,0.0,2.0,0.0,0.0,0.0,3.0,0.2,0.192,0.2,0.392,3.0,0.175,-19.0,5.0,0.0,0.0,0.0,1.0,0.0,/H45769D,
Edgardo Alfonzo,32.0,2TM,AL,-0.7,30.0,95.0,87.0,5.0,11.0,2.0,0.0,0.0,5.0,0.0,0.0,7.0,4.0,0.126,0.2,0.149,0.349,-7.0,0.201,-2.0,13.0,2.0,1.0,0.0,0.0,0.0,54/3DH,
Edgardo Alfonzo,32.0,LAA,AL,-0.6,18.0,52.0,50.0,1.0,5.0,1.0,0.0,0.0,1.0,0.0,0.0,2.0,3.0,0.1,0.135,0.12,0.255,-33.0,0.174,-21.0,6.0,1.0,0.0,0.0,0.0,0.0,5/3DH,
Edgardo Alfonzo,32.0,TOR,AL,-0.1,12.0,43.0,37.0,4.0,6.0,1.0,0.0,0.0,4.0,0.0,0.0,5.0,1.0,0.162,0.279,0.189,0.468,25.0,0.233,21.0,7.0,1.0,1.0,0.0,0.0,0.0,4,
Eduardo Pérez,36.0,2TM,AL,-0.3,80.0,210.0,186.0,22.0,47.0,10.0,0.0,9.0,33.0,0.0,1.0,18.0,33.0,0.253,0.324,0.452,0.775,100.0,0.333,95.0,84.0,8.0,3.0,0.0,3.0,2.0,D3H/9,
Eduardo Pérez,36.0,CLE,AL,0.6,37.0,108.0,99.0,16.0,30.0,9.0,0.0,8.0,22.0,0.0,0.0,5.0,11.0,0.303,0.343,0.636,0.979,147.0,0.404,143.0,63.0,5.0,2.0,0.0,2.0,0.0,3/9H,
Eduardo Pérez,36.0,SEA,AL,-0.9,43.0,102.0,87.0,6.0,17.0,1.0,0.0,1.0,11.0,0.0,1.0,13.0,22.0,0.195,0.304,0.241,0.545,46.0,0.257,43.0,21.0,3.0,1.0,0.0,1.0,2.0,DH/3,
Edwin Encarnación,23.0,CIN,NL,0.9,117.0,467.0,406.0,60.0,112.0,33.0,1.0,15.0,72.0,6.0,3.0,41.0,78.0,0.276,0.359,0.473,0.831,108.0,0.366,111.0,192.0,9.0,13.0,0.0,3.0,3.0,*5/H3,
Edwin Jackson,22.0,TBD,AL,0.0,2.0,0.0,0.0,0.0,0.0,0.0,0.0,0.0,0.0,0.0,0.0,0.0,0.0,,,,,,,,0.0,0.0,0.0,0.0,0.0,0.0,1,
Einar Díaz,33.0,LAD,NL,0.1,3.0,3.0,3.0,0.0,2.0,0.0,0.0,0.0,0.0,0.0,0.0,0.0,0.0,0.667,0.667,0.667,1.333,244.0,0.573,257.0,2.0,0.0,0.0,0.0,0.0,0.0,/H2,
Eli Marrero,32.0,2TM,NL,0.5,55.0,113.0,93.0,11.0,19.0,4.0,0.0,6.0,15.0,5.0,0.0,15.0,31.0,0.204,0.324,0.441,0.765,90.0,0.347,88.0,41.0,1.0,2.0,2.0,1.0,1.0,H/327985,
Eli Marrero,32.0,COL,NL,0.5,30.0,72.0,60.0,7.0,13.0,3.0,0.0,4.0,10.0,3.0,0.0,11.0,16.0,0.217,0.347,0.467,0.814,100.0,0.372,103.0,28.0,1.0,1.0,0.0,0.0,1.0,H/3279,
Eli Marrero,32.0,NYM,NL,0.1,25.0,41.0,33.0,4.0,6.0,1.0,0.0,2.0,5.0,2.0,0.0,4.0,15.0,0.182,0.282,0.394,0.676,73.0,0.301,60.0,13.0,0.0,1.0,2.0,1.0,0.0,H/728935,
Elizardo Ramírez#,23.0,CIN,NL,0.1,20.0,29.0,26.0,2.0,5.0,1.0,0.0,0.0,3.0,0.0,0.0,1.0,9.0,0.192,0.222,0.231,0.453,15.0,0.203,-13.0,6.0,0.0,0.0,2.0,0.0,0.0,1,
Eliézer Alfonzo,27.0,SFG,NL,0.7,87.0,309.0,286.0,27.0,76.0,17.0,2.0,12.0,39.0,1.0,0.0,9.0,74.0,0.266,0.302,0.465,0.767,93.0,0.337,93.0,133.0,10.0,7.0,4.0,3.0,7.0,2/H,
Elmer Dessens,35.0,2TM,2LG,0.0,24.0,1.0,1.0,0.0,0.0,0.0,0.0,0.0,0.0,0.0,0.0,0.0,0.0,0.0,0.0,0.0,0.0,-100.0,0.0,-150.0,0.0,0.0,0.0,0.0,0.0,0.0,1,
Elmer Dessens,35.0,KCR,AL,0.0,5.0,0.0,0.0,0.0,0.0,0.0,0.0,0.0,0.0,0.0,0.0,0.0,0.0,,,,,,,,0.0,0.0,0.0,0.0,0.0,0.0,1,
Elmer Dessens,35.0,LAD,NL,0.0,19.0,1.0,1.0,0.0,0.0,0.0,0.0,0.0,0.0,0.0,0.0,0.0,0.0,0.0,0.0,0.0,0.0,-100.0,0.0,-150.0,0.0,0.0,0.0,0.0,0.0,0.0,1,
Emil Brown,31.0,KCR,AL,2.0,147.0,601.0,527.0,77.0,151.0,41.0,2.0,15.0,81.0,6.0,3.0,59.0,95.0,0.287,0.358,0.457,0.815,109.0,0.356,107.0,241.0,15.0,5.0,0.0,10.0,3.0,*79D/H,
Emiliano Fruto,22.0,SEA,AL,0.0,2.0,0.0,0.0,0.0,0.0,0.0,0.0,0.0,0.0,0.0,0.0,0.0,0.0,,,,,,,,0.0,0.0,0.0,0.0,0.0,0.0,1,
Endy Chávez*,28.0,NYM,NL,1.8,133.0,390.0,353.0,48.0,108.0,22.0,5.0,4.0,42.0,12.0,3.0,24.0,44.0,0.306,0.348,0.431,0.779,101.0,0.35,102.0,152.0,7.0,0.0,11.0,2.0,3.0,*978H,
Enrique González,23.0,ARI,NL,0.3,22.0,35.0,32.0,3.0,9.0,1.0,0.0,0.0,3.0,0.0,0.0,0.0,8.0,0.281,0.281,0.313,0.594,50.0,0.291,52.0,10.0,1.0,0.0,3.0,0.0,0.0,1/H,
Eric Bruntlett,28.0,HOU,NL,0.4,73.0,136.0,119.0,11.0,33.0,8.0,0.0,0.0,10.0,3.0,1.0,13.0,21.0,0.277,0.351,0.345,0.695,80.0,0.328,86.0,41.0,2.0,1.0,2.0,1.0,1.0,H46/8795,
Eric Byrnes,30.0,ARI,NL,1.8,143.0,606.0,562.0,82.0,150.0,37.0,3.0,26.0,79.0,25.0,3.0,34.0,88.0,0.267,0.313,0.482,0.795,96.0,0.353,95.0,271.0,12.0,5.0,2.0,3.0,2.0,*879/H,
Eric Chávez*,28.0,OAK,AL,2.8,137.0,576.0,485.0,74.0,117.0,24.0,2.0,22.0,72.0,3.0,0.0,84.0,100.0,0.241,0.351,0.435,0.786,105.0,0.344,102.0,211.0,19.0,1.0,0.0,6.0,6.0,*5/D,GG
Eric Gagné,30.0,LAD,NL,0.0,2.0,0.0,0.0,0.0,0.0,0.0,0.0,0.0,0.0,0.0,0.0,0.0,0.0,,,,,,,,0.0,0.0,0.0,0.0,0.0,0.0,/1,
Eric Hinske*,28.0,2TM,AL,1.0,109.0,312.0,277.0,43.0,75.0,17.0,2.0,13.0,34.0,2.0,2.0,35.0,79.0,0.271,0.353,0.487,0.84,114.0,0.359,110.0,135.0,8.0,0.0,0.0,0.0,2.0,9HD35/7,
Eric Hinske*,28.0,TOR,AL,1.0,78.0,224.0,197.0,35.0,52.0,9.0,2.0,12.0,29.0,1.0,1.0,27.0,49.0,0.264,0.353,0.513,0.865,121.0,0.367,116.0,101.0,6.0,0.0,0.0,0.0,2.0,9DH5/37,
Eric Hinske*,28.0,BOS,AL,0.0,31.0,88.0,80.0,8.0,23.0,8.0,0.0,1.0,5.0,1.0,1.0,8.0,30.0,0.288,0.352,0.425,0.777,97.0,0.34,94.0,34.0,2.0,0.0,0.0,0.0,0.0,39/H7D,
Eric Milton*,30.0,CIN,NL,0.3,27.0,58.0,49.0,8.0,11.0,3.0,1.0,0.0,3.0,0.0,0.0,2.0,24.0,0.224,0.25,0.327,0.577,44.0,0.249,19.0,16.0,1.0,0.0,6.0,1.0,0.0,1/H,
Eric Munson*,28.0,HOU,NL,-0.6,53.0,156.0,141.0,10.0,28.0,6.0,0.0,5.0,19.0,0.0,0.0,11.0,32.0,0.199,0.269,0.348,0.617,57.0,0.277,51.0,49.0,2.0,3.0,0.0,1.0,1.0,2H/3D,
Eric Reed*,25.0,FLA,NL,-0.3,42.0,47.0,41.0,6.0,4.0,0.0,0.0,0.0,0.0,3.0,1.0,2.0,10.0,0.098,0.178,0.098,0.275,-25.0,0.132,-59.0,4.0,1.0,2.0,2.0,0.0,1.0,8H/7,
Eric Stults*,26.0,LAD,NL,0.2,6.0,6.0,5.0,1.0,3.0,0.0,0.0,0.0,0.0,0.0,0.0,0.0,1.0,0.6,0.6,0.6,1.2,209.0,0.544,266.0,3.0,0.0,0.0,1.0,0.0,0.0,/1,
Eric Young Sr.,39.0,2TM,2LG,-0.7,60.0,159.0,138.0,20.0,28.0,6.0,1.0,3.0,15.0,8.0,2.0,14.0,17.0,0.203,0.28,0.326,0.606,61.0,0.278,57.0,45.0,7.0,2.0,2.0,3.0,1.0,7H/489D,
Eric Young Sr.,39.0,SDP,NL,-0.8,56.0,147.0,128.0,19.0,26.0,5.0,0.0,3.0,13.0,8.0,2.0,13.0,16.0,0.203,0.281,0.313,0.593,59.0,0.269,51.0,40.0,6.0,2.0,1.0,3.0,1.0,7H/849,
Eric Young Sr.,39.0,TEX,AL,0.1,4.0,12.0,10.0,1.0,2.0,1.0,1.0,0.0,2.0,0.0,0.0,1.0,1.0,0.2,0.273,0.5,0.773,94.0,0.401,142.0,5.0,1.0,0.0,1.0,0.0,0.0,/H47D,
Erick Aybar#,22.0,LAA,AL,-0.2,34.0,40.0,40.0,5.0,10.0,1.0,1.0,0.0,2.0,1.0,0.0,0.0,8.0,0.25,0.25,0.325,0.575,48.0,0.248,27.0,13.0,1.0,0.0,0.0,0.0,0.0,6H/D4,
Ervin Santana,23.0,LAA,AL,0.0,2.0,4.0,4.0,0.0,1.0,0.0,0.0,0.0,0.0,0.0,0.0,0.0,3.0,0.25,0.25,0.25,0.5,31.0,0.227,16.0,1.0,0.0,0.0,0.0,0.0,0.0,1,
Esteban Germán,28.0,KCR,AL,1.2,106.0,331.0,279.0,44.0,91.0,18.0,5.0,3.0,34.0,7.0,3.0,40.0,49.0,0.326,0.422,0.459,0.88,128.0,0.407,143.0,128.0,8.0,6.0,6.0,0.0,0.0,H4D578/36,
Esteban Loaiza,34.0,OAK,AL,-0.1,2.0,6.0,5.0,0.0,0.0,0.0,0.0,0.0,0.0,0.0,0.0,0.0,3.0,0.0,0.0,0.0,0.0,-100.0,0.0,-187.0,0.0,0.0,0.0,1.0,0.0,0.0,1,
Esteban Yan,31.0,2TM,2LG,0.0,16.0,0.0,0.0,0.0,0.0,0.0,0.0,0.0,0.0,0.0,0.0,0.0,0.0,,,,,,,,0.0,0.0,0.0,0.0,0.0,0.0,1,
Esteban Yan,31.0,LAA,AL,0.0,2.0,0.0,0.0,0.0,0.0,0.0,0.0,0.0,0.0,0.0,0.0,0.0,0.0,,,,,,,,0.0,0.0,0.0,0.0,0.0,0.0,1,
Esteban Yan,31.0,CIN,NL,0.0,14.0,0.0,0.0,0.0,0.0,0.0,0.0,0.0,0.0,0.0,0.0,0.0,0.0,,,,,,,,0.0,0.0,0.0,0.0,0.0,0.0,1,
Eude Brito*,27.0,PHI,NL,0.0,5.0,7.0,6.0,0.0,0.0,0.0,0.0,0.0,0.0,0.0,0.0,1.0,4.0,0.0,0.143,0.0,0.143,-59.0,0.102,-78.0,0.0,0.0,0.0,0.0,0.0,0.0,/1,
Ezequiel Astacio,26.0,HOU,NL,0.0,6.0,0.0,0.0,0.0,0.0,0.0,0.0,0.0,0.0,0.0,0.0,0.0,0.0,,,,,,,,0.0,0.0,0.0,0.0,0.0,0.0,/1,
Fabio Castro*,21.0,PHI,NL,-0.1,15.0,2.0,2.0,0.0,0.0,0.0,0.0,0.0,0.0,0.0,0.0,0.0,1.0,0.0,0.0,0.0,0.0,-100.0,0.0,-154.0,0.0,1.0,0.0,0.0,0.0,0.0,1,
Felipe López#,26.0,2TM,NL,0.6,156.0,714.0,617.0,98.0,169.0,27.0,3.0,11.0,52.0,44.0,12.0,81.0,126.0,0.274,0.358,0.381,0.739,91.0,0.343,94.0,235.0,9.0,2.0,11.0,3.0,1.0,*6/H,
Felipe López#,26.0,CIN,NL,0.4,85.0,394.0,343.0,55.0,92.0,14.0,1.0,9.0,30.0,23.0,6.0,47.0,66.0,0.268,0.355,0.394,0.749,90.0,0.346,92.0,135.0,6.0,0.0,3.0,1.0,1.0,6/H,
Felipe López#,26.0,WSN,NL,0.3,71.0,320.0,274.0,43.0,77.0,13.0,2.0,2.0,22.0,21.0,6.0,34.0,60.0,0.281,0.362,0.365,0.727,93.0,0.339,97.0,100.0,3.0,2.0,8.0,2.0,0.0,6/H,
Fernando Cabrera,24.0,CLE,AL,0.0,3.0,0.0,0.0,0.0,0.0,0.0,0.0,0.0,0.0,0.0,0.0,0.0,0.0,,,,,,,,0.0,0.0,0.0,0.0,0.0,0.0,1,
Fernando Nieve,23.0,HOU,NL,0.0,38.0,23.0,16.0,0.0,2.0,0.0,0.0,0.0,1.0,0.0,0.0,2.0,8.0,0.125,0.222,0.125,0.347,-7.0,0.18,-51.0,2.0,0.0,0.0,5.0,0.0,0.0,1,
Fernando Rodney,29.0,DET,AL,0.0,4.0,1.0,1.0,0.0,0.0,0.0,0.0,0.0,0.0,0.0,0.0,0.0,0.0,0.0,0.0,0.0,0.0,-100.0,0.0,-150.0,0.0,0.0,0.0,0.0,0.0,0.0,1,
Fernando Tatís,31.0,BAL,AL,0.1,28.0,64.0,56.0,7.0,14.0,6.0,1.0,2.0,8.0,0.0,0.0,6.0,17.0,0.25,0.313,0.5,0.813,107.0,0.332,92.0,28.0,2.0,0.0,0.0,2.0,1.0,H/D53749,
Francisco Cordero,31.0,2TM,2LG,0.0,32.0,0.0,0.0,0.0,0.0,0.0,0.0,0.0,0.0,0.0,0.0,0.0,0.0,,,,,,,,0.0,0.0,0.0,0.0,0.0,0.0,1,
Francisco Cordero,31.0,TEX,AL,0.0,4.0,0.0,0.0,0.0,0.0,0.0,0.0,0.0,0.0,0.0,0.0,0.0,0.0,,,,,,,,0.0,0.0,0.0,0.0,0.0,0.0,1,
Francisco Cordero,31.0,MIL,NL,0.0,28.0,0.0,0.0,0.0,0.0,0.0,0.0,0.0,0.0,0.0,0.0,0.0,0.0,,,,,,,,0.0,0.0,0.0,0.0,0.0,0.0,1,
Francisco Liriano*,22.0,MIN,AL,0.1,3.0,7.0,5.0,0.0,1.0,0.0,0.0,0.0,1.0,0.0,0.0,1.0,3.0,0.2,0.333,0.2,0.533,45.0,0.271,41.0,1.0,0.0,0.0,1.0,0.0,0.0,1,"AS,ROY-3"
Francisco Rodríguez,24.0,LAA,AL,0.0,4.0,0.0,0.0,0.0,0.0,0.0,0.0,0.0,0.0,0.0,0.0,0.0,0.0,,,,,,,,0.0,0.0,0.0,0.0,0.0,0.0,1,CYA-4
Francisco Rosario,25.0,TOR,AL,0.0,3.0,1.0,1.0,0.0,0.0,0.0,0.0,0.0,0.0,0.0,0.0,0.0,0.0,0.0,0.0,0.0,0.0,-100.0,0.0,-150.0,0.0,0.0,0.0,0.0,0.0,0.0,1,
Frank Catalanotto*,32.0,TOR,AL,1.8,128.0,499.0,437.0,56.0,131.0,36.0,2.0,7.0,56.0,1.0,3.0,52.0,37.0,0.3,0.376,0.439,0.816,111.0,0.358,111.0,192.0,11.0,4.0,2.0,4.0,0.0,7DH/9,
Frank Thomas,38.0,OAK,AL,3.2,137.0,559.0,466.0,77.0,126.0,11.0,0.0,39.0,114.0,0.0,0.0,81.0,81.0,0.27,0.381,0.545,0.926,140.0,0.402,144.0,254.0,13.0,6.0,0.0,6.0,3.0,*D/H,MVP-4
Franklin Gutierrez,23.0,CLE,AL,0.5,43.0,141.0,136.0,21.0,37.0,9.0,0.0,1.0,8.0,0.0,0.0,3.0,28.0,0.272,0.288,0.36,0.648,68.0,0.289,61.0,49.0,4.0,0.0,2.0,0.0,0.0,97/8H,
Franklyn Germán,26.0,FLA,NL,0.0,12.0,0.0,0.0,0.0,0.0,0.0,0.0,0.0,0.0,0.0,0.0,0.0,0.0,,,,,,,,0.0,0.0,0.0,0.0,0.0,0.0,1,
Franquelis Osoria,24.0,LAD,NL,0.0,12.0,2.0,2.0,0.0,0.0,0.0,0.0,0.0,0.0,0.0,0.0,0.0,2.0,0.0,0.0,0.0,0.0,-100.0,0.0,-150.0,0.0,0.0,0.0,0.0,0.0,0.0,1,
Fred Lewis*,25.0,SFG,NL,0.2,13.0,11.0,11.0,5.0,5.0,1.0,0.0,0.0,2.0,0.0,0.0,0.0,3.0,0.455,0.455,0.545,1.0,156.0,0.442,168.0,6.0,0.0,0.0,0.0,0.0,0.0,/H78,
Freddie Bynum*,26.0,CHC,NL,-0.5,71.0,148.0,136.0,20.0,35.0,5.0,5.0,4.0,12.0,8.0,4.0,9.0,44.0,0.257,0.308,0.456,0.764,91.0,0.326,84.0,62.0,2.0,1.0,2.0,0.0,0.0,H47/98,
Freddy García,29.0,CHW,AL,0.0,2.0,6.0,5.0,0.0,1.0,0.0,0.0,0.0,0.0,0.0,0.0,0.0,2.0,0.2,0.2,0.2,0.4,3.0,0.182,-42.0,1.0,0.0,0.0,1.0,0.0,0.0,1,
Freddy Guzmán#,25.0,TEX,AL,0.0,9.0,9.0,7.0,1.0,2.0,0.0,0.0,0.0,0.0,0.0,0.0,1.0,1.0,0.286,0.444,0.286,0.73,95.0,0.354,105.0,2.0,0.0,1.0,0.0,0.0,0.0,/H879D,
Freddy Sánchez,28.0,PIT,NL,4.4,157.0,632.0,582.0,85.0,200.0,53.0,2.0,6.0,85.0,3.0,2.0,31.0,52.0,0.344,0.378,0.473,0.851,119.0,0.374,122.0,275.0,12.0,7.0,3.0,9.0,6.0,564H,"AS,MVP-17"
Félix Hernández,20.0,SEA,AL,-0.1,2.0,5.0,4.0,0.0,0.0,0.0,0.0,0.0,0.0,0.0,0.0,0.0,3.0,0.0,0.0,0.0,0.0,-100.0,0.0,-202.0,0.0,0.0,0.0,1.0,0.0,0.0,1,
Félix Rodríguez,33.0,WSN,NL,0.0,31.0,1.0,1.0,0.0,0.0,0.0,0.0,0.0,0.0,0.0,0.0,0.0,0.0,0.0,0.0,0.0,0.0,-100.0,0.0,-142.0,0.0,0.0,0.0,0.0,0.0,0.0,1,
Gabe Gross*,26.0,MIL,NL,2.2,117.0,252.0,208.0,42.0,57.0,15.0,0.0,9.0,38.0,1.0,0.0,36.0,60.0,0.274,0.382,0.476,0.857,118.0,0.371,116.0,99.0,3.0,2.0,3.0,3.0,3.0,H87/9,
Gabe Kapler,30.0,BOS,AL,0.5,72.0,147.0,130.0,21.0,33.0,7.0,0.0,2.0,12.0,1.0,1.0,14.0,15.0,0.254,0.34,0.354,0.694,77.0,0.349,100.0,46.0,5.0,3.0,0.0,0.0,0.0,97H8/D,
Garret Anderson*,34.0,LAA,AL,-0.4,141.0,588.0,543.0,63.0,152.0,28.0,2.0,17.0,85.0,1.0,0.0,38.0,95.0,0.28,0.323,0.433,0.756,94.0,0.322,83.0,235.0,8.0,0.0,0.0,7.0,11.0,7D/H,
Garrett Atkins,26.0,COL,NL,5.0,157.0,695.0,602.0,117.0,198.0,48.0,1.0,29.0,120.0,4.0,0.0,79.0,76.0,0.329,0.409,0.556,0.965,136.0,0.416,140.0,335.0,24.0,7.0,0.0,7.0,6.0,*5/3,MVP-15
Gary Bennett,34.0,STL,NL,-0.2,60.0,170.0,157.0,13.0,35.0,5.0,0.0,4.0,22.0,0.0,0.0,11.0,30.0,0.223,0.274,0.331,0.605,55.0,0.292,62.0,52.0,3.0,0.0,2.0,0.0,2.0,2/H3,
Gary Majewski,26.0,2TM,NL,-0.1,60.0,4.0,3.0,0.0,0.0,0.0,0.0,0.0,0.0,0.0,0.0,0.0,1.0,0.0,0.0,0.0,0.0,-100.0,0.0,-214.0,0.0,0.0,0.0,1.0,0.0,0.0,1,
Gary Majewski,26.0,WSN,NL,-0.1,41.0,4.0,3.0,0.0,0.0,0.0,0.0,0.0,0.0,0.0,0.0,0.0,1.0,0.0,0.0,0.0,0.0,-100.0,0.0,-214.0,0.0,0.0,0.0,1.0,0.0,0.0,1,
Gary Majewski,26.0,CIN,NL,0.0,19.0,0.0,0.0,0.0,0.0,0.0,0.0,0.0,0.0,0.0,0.0,0.0,0.0,,,,,,,,0.0,0.0,0.0,0.0,0.0,0.0,1,
Gary Matthews#,31.0,TEX,AL,5.2,147.0,690.0,620.0,102.0,194.0,44.0,6.0,19.0,79.0,10.0,7.0,58.0,99.0,0.313,0.371,0.495,0.866,121.0,0.375,121.0,307.0,8.0,4.0,0.0,8.0,5.0,*8/9HD,"AS,MVP-30"
Gary Sheffield,37.0,NYY,AL,0.4,39.0,166.0,151.0,22.0,45.0,5.0,0.0,6.0,25.0,5.0,1.0,13.0,16.0,0.298,0.355,0.45,0.806,107.0,0.368,113.0,68.0,6.0,1.0,0.0,1.0,2.0,9/3DH,
Gavin Floyd,23.0,PHI,NL,-0.3,11.0,23.0,23.0,0.0,1.0,0.0,0.0,0.0,0.0,0.0,0.0,0.0,12.0,0.043,0.043,0.043,0.087,-78.0,0.035,-125.0,1.0,0.0,0.0,0.0,0.0,0.0,1,
Geoff Blum#,33.0,SDP,NL,1.1,109.0,299.0,276.0,27.0,70.0,17.0,1.0,4.0,34.0,0.0,1.0,17.0,51.0,0.254,0.293,0.366,0.659,75.0,0.295,75.0,101.0,5.0,0.0,2.0,4.0,1.0,65H/349,
Geoff Geary,29.0,PHI,NL,0.1,77.0,6.0,5.0,2.0,1.0,1.0,0.0,0.0,1.0,0.0,0.0,1.0,3.0,0.2,0.333,0.4,0.733,84.0,0.325,81.0,2.0,0.0,0.0,0.0,0.0,0.0,1,
Geoff Jenkins*,31.0,MIL,NL,1.1,147.0,555.0,484.0,62.0,131.0,26.0,1.0,17.0,70.0,4.0,1.0,56.0,129.0,0.271,0.357,0.434,0.791,101.0,0.349,101.0,210.0,9.0,11.0,0.0,4.0,8.0,*9H,
George Lombard*,30.0,WSN,NL,0.2,20.0,26.0,21.0,2.0,3.0,0.0,0.0,1.0,1.0,2.0,0.0,5.0,10.0,0.143,0.308,0.286,0.593,58.0,0.3,61.0,6.0,0.0,0.0,0.0,0.0,0.0,H/97,
George Sherrill*,29.0,SEA,AL,0.0,5.0,0.0,0.0,0.0,0.0,0.0,0.0,0.0,0.0,0.0,0.0,0.0,0.0,,,,,,,,0.0,0.0,0.0,0.0,0.0,0.0,1,
Geovany Soto,23.0,CHC,NL,-0.1,11.0,26.0,25.0,1.0,5.0,1.0,0.0,0.0,2.0,0.0,0.0,0.0,5.0,0.2,0.231,0.24,0.471,20.0,0.212,2.0,6.0,0.0,1.0,0.0,0.0,0.0,/2H,
Gerald Laird,26.0,TEX,AL,1.5,78.0,260.0,243.0,46.0,72.0,20.0,1.0,7.0,22.0,3.0,1.0,12.0,54.0,0.296,0.332,0.473,0.805,105.0,0.354,105.0,115.0,7.0,2.0,1.0,2.0,0.0,2/H9D,
Geremi González,31.0,2TM,NL,-0.1,22.0,11.0,8.0,1.0,0.0,0.0,0.0,0.0,0.0,0.0,0.0,1.0,2.0,0.0,0.111,0.0,0.111,-68.0,0.079,-115.0,0.0,0.0,0.0,2.0,0.0,0.0,1,
Geremi González,31.0,NYM,NL,0.0,3.0,6.0,3.0,1.0,0.0,0.0,0.0,0.0,0.0,0.0,0.0,1.0,1.0,0.0,0.25,0.0,0.25,-27.0,0.178,-76.0,0.0,0.0,0.0,2.0,0.0,0.0,/1,
Geremi González,31.0,MIL,NL,-0.1,19.0,5.0,5.0,0.0,0.0,0.0,0.0,0.0,0.0,0.0,0.0,0.0,1.0,0.0,0.0,0.0,0.0,-100.0,0.0,-146.0,0.0,0.0,0.0,0.0,0.0,0.0,1,
Gil Meche,27.0,SEA,AL,-0.1,2.0,4.0,4.0,0.0,0.0,0.0,0.0,0.0,0.0,0.0,0.0,0.0,3.0,0.0,0.0,0.0,0.0,-100.0,0.0,-143.0,0.0,0.0,0.0,0.0,0.0,0.0,1,
Giovanni Carrara,38.0,LAD,NL,0.0,25.0,0.0,0.0,0.0,0.0,0.0,0.0,0.0,0.0,0.0,0.0,0.0,0.0,,,,,,,,0.0,0.0,0.0,0.0,0.0,0.0,1,
Glendon Rusch*,31.0,CHC,NL,0.0,24.0,18.0,15.0,1.0,3.0,1.0,0.0,0.0,0.0,0.0,0.0,0.0,4.0,0.2,0.2,0.267,0.467,17.0,0.203,-25.0,4.0,0.0,0.0,3.0,0.0,0.0,1,
Grady Sizemore*,23.0,CLE,AL,6.6,162.0,751.0,655.0,134.0,190.0,53.0,11.0,28.0,76.0,22.0,6.0,78.0,153.0,0.29,0.375,0.533,0.907,133.0,0.394,134.0,349.0,2.0,13.0,1.0,4.0,8.0,*8/HD,"AS,MVP-11"
Greg Aquino,28.0,ARI,NL,0.0,40.0,1.0,1.0,0.0,0.0,0.0,0.0,0.0,0.0,0.0,0.0,0.0,0.0,0.0,0.0,0.0,0.0,-100.0,0.0,-150.0,0.0,1.0,0.0,0.0,0.0,0.0,1,
Greg Dobbs*,27.0,SEA,AL,0.3,23.0,28.0,27.0,4.0,10.0,3.0,1.0,0.0,3.0,0.0,1.0,0.0,4.0,0.37,0.393,0.556,0.948,146.0,0.42,169.0,15.0,0.0,1.0,0.0,0.0,0.0,H/D395,
Greg Maddux,40.0,2TM,NL,0.0,32.0,77.0,68.0,3.0,9.0,2.0,0.0,0.0,7.0,2.0,0.0,2.0,22.0,0.132,0.155,0.162,0.317,-19.0,0.164,-46.0,11.0,0.0,0.0,6.0,1.0,0.0,1,GG
Greg Maddux,40.0,CHC,NL,-0.1,20.0,48.0,43.0,2.0,4.0,1.0,0.0,0.0,4.0,1.0,0.0,2.0,17.0,0.093,0.133,0.116,0.25,-36.0,0.125,-74.0,5.0,0.0,0.0,3.0,0.0,0.0,1,
Greg Maddux,40.0,LAD,NL,0.1,12.0,29.0,25.0,1.0,5.0,1.0,0.0,0.0,3.0,1.0,0.0,0.0,5.0,0.2,0.192,0.24,0.432,10.0,0.231,1.0,6.0,0.0,0.0,3.0,1.0,0.0,1,
Greg Norton#,33.0,TBD,AL,0.9,98.0,335.0,294.0,47.0,87.0,15.0,0.0,17.0,45.0,1.0,5.0,35.0,69.0,0.296,0.374,0.52,0.895,130.0,0.379,130.0,153.0,2.0,3.0,1.0,2.0,2.0,D93H/7,
Gregg Zaun#,35.0,TOR,AL,1.8,99.0,339.0,290.0,39.0,79.0,19.0,0.0,12.0,40.0,0.0,2.0,41.0,42.0,0.272,0.363,0.462,0.825,112.0,0.359,112.0,134.0,10.0,3.0,0.0,5.0,3.0,2DH,
Guillermo Mota,32.0,2TM,2LG,0.0,20.0,0.0,0.0,0.0,0.0,0.0,0.0,0.0,0.0,0.0,0.0,0.0,0.0,,,,,,,,0.0,0.0,0.0,0.0,0.0,0.0,1,
Guillermo Mota,32.0,CLE,AL,0.0,2.0,0.0,0.0,0.0,0.0,0.0,0.0,0.0,0.0,0.0,0.0,0.0,0.0,,,,,,,,0.0,0.0,0.0,0.0,0.0,0.0,1,
Guillermo Mota,32.0,NYM,NL,0.0,18.0,0.0,0.0,0.0,0.0,0.0,0.0,0.0,0.0,0.0,0.0,0.0,0.0,,,,,,,,0.0,0.0,0.0,0.0,0.0,0.0,1,
Guillermo Quiroz,24.0,SEA,AL,0.0,1.0,2.0,2.0,0.0,0.0,0.0,0.0,0.0,0.0,0.0,0.0,0.0,2.0,0.0,0.0,0.0,0.0,-100.0,0.0,-136.0,0.0,0.0,0.0,0.0,0.0,0.0,/2,
Hank Blalock*,25.0,TEX,AL,0.3,152.0,646.0,591.0,76.0,157.0,26.0,3.0,16.0,89.0,1.0,0.0,51.0,98.0,0.266,0.325,0.401,0.726,86.0,0.322,82.0,237.0,15.0,2.0,0.0,2.0,6.0,*5D/H,
Hanley Ramírez,22.0,FLA,NL,4.9,158.0,700.0,633.0,119.0,185.0,46.0,11.0,17.0,59.0,51.0,15.0,56.0,128.0,0.292,0.353,0.48,0.833,116.0,0.372,119.0,304.0,7.0,4.0,5.0,2.0,0.0,*6/H,ROY-1
Heath Bell,28.0,NYM,NL,0.0,19.0,1.0,1.0,0.0,0.0,0.0,0.0,0.0,0.0,0.0,0.0,0.0,1.0,0.0,0.0,0.0,0.0,-100.0,0.0,-150.0,0.0,0.0,0.0,0.0,0.0,0.0,1,
Henry Blanco,34.0,CHC,NL,0.5,74.0,261.0,241.0,23.0,64.0,15.0,2.0,6.0,37.0,0.0,0.0,14.0,38.0,0.266,0.304,0.419,0.723,81.0,0.324,81.0,101.0,8.0,0.0,4.0,2.0,1.0,2/3H,
Henry Mateo#,29.0,WSN,NL,-0.1,22.0,29.0,26.0,5.0,4.0,2.0,0.0,1.0,3.0,0.0,0.0,2.0,3.0,0.154,0.214,0.346,0.56,44.0,0.307,78.0,9.0,1.0,0.0,1.0,0.0,0.0,H/658,
Henry Owens,27.0,NYM,NL,0.0,3.0,0.0,0.0,0.0,0.0,0.0,0.0,0.0,0.0,0.0,0.0,0.0,0.0,,,,,,,,0.0,0.0,0.0,0.0,0.0,0.0,/1,
Hideki Matsui*,32.0,NYY,AL,0.8,51.0,201.0,172.0,32.0,52.0,9.0,0.0,8.0,29.0,1.0,0.0,27.0,23.0,0.302,0.393,0.494,0.887,128.0,0.388,129.0,85.0,6.0,0.0,0.0,2.0,2.0,7D/H,
Hiram Bocachica,30.0,OAK,AL,-0.1,8.0,16.0,13.0,3.0,3.0,0.0,0.0,0.0,0.0,1.0,0.0,3.0,4.0,0.231,0.375,0.231,0.606,65.0,0.308,66.0,3.0,0.0,0.0,0.0,0.0,0.0,/89H7,
Horacio Ramírez*,26.0,ATL,NL,-0.1,14.0,28.0,24.0,2.0,3.0,0.0,0.0,0.0,0.0,0.0,0.0,1.0,2.0,0.125,0.16,0.125,0.285,-25.0,0.133,-68.0,3.0,0.0,0.0,3.0,0.0,0.0,1,
Howie Clark*,32.0,BAL,AL,-0.1,7.0,10.0,7.0,1.0,1.0,0.0,0.0,0.0,0.0,0.0,0.0,2.0,2.0,0.143,0.333,0.143,0.476,31.0,0.26,34.0,1.0,0.0,0.0,1.0,0.0,0.0,/H5D,
Howie Kendrick,22.0,LAA,AL,1.5,72.0,283.0,267.0,25.0,76.0,21.0,1.0,4.0,30.0,6.0,0.0,9.0,44.0,0.285,0.314,0.416,0.73,87.0,0.337,91.0,111.0,5.0,4.0,0.0,3.0,2.0,34/D5H,
Humberto Cota,27.0,PIT,NL,-0.7,38.0,110.0,100.0,5.0,19.0,1.0,0.0,0.0,5.0,0.0,0.0,8.0,26.0,0.19,0.248,0.2,0.448,18.0,0.227,17.0,20.0,3.0,0.0,1.0,1.0,0.0,2/H,
Humberto Quintero,26.0,HOU,NL,0.3,11.0,22.0,21.0,2.0,7.0,2.0,0.0,0.0,2.0,0.0,0.0,1.0,3.0,0.333,0.364,0.429,0.792,103.0,0.347,100.0,9.0,2.0,0.0,0.0,0.0,0.0,2/H,
Hung-Chih Kuo*,24.0,LAD,NL,0.0,25.0,11.0,8.0,1.0,1.0,1.0,0.0,0.0,0.0,0.0,0.0,0.0,6.0,0.125,0.125,0.25,0.375,-7.0,0.155,-88.0,2.0,0.0,0.0,3.0,0.0,0.0,1,
Huston Street,22.0,OAK,AL,0.0,4.0,0.0,0.0,0.0,0.0,0.0,0.0,0.0,0.0,0.0,0.0,0.0,0.0,,,,,,,,0.0,0.0,0.0,0.0,0.0,0.0,1,
Héctor Carrasco,36.0,LAA,AL,0.0,4.0,0.0,0.0,0.0,0.0,0.0,0.0,0.0,0.0,0.0,0.0,0.0,0.0,,,,,,,,0.0,0.0,0.0,0.0,0.0,0.0,1,
Héctor Giménez#,23.0,HOU,NL,-0.1,2.0,2.0,2.0,0.0,0.0,0.0,0.0,0.0,0.0,0.0,0.0,0.0,1.0,0.0,0.0,0.0,0.0,-100.0,0.0,-150.0,0.0,0.0,0.0,0.0,0.0,0.0,/H,
Héctor Luna,26.0,2TM,2LG,-0.1,113.0,379.0,350.0,41.0,100.0,21.0,2.0,6.0,38.0,5.0,4.0,27.0,60.0,0.286,0.338,0.409,0.746,92.0,0.332,93.0,143.0,7.0,1.0,0.0,1.0,1.0,467H/35D9,
Héctor Luna,26.0,STL,NL,0.7,76.0,245.0,223.0,27.0,65.0,14.0,1.0,4.0,21.0,5.0,3.0,21.0,34.0,0.291,0.355,0.417,0.772,99.0,0.341,99.0,93.0,3.0,1.0,0.0,0.0,1.0,476/H359D,
Héctor Luna,26.0,CLE,AL,-0.8,37.0,134.0,127.0,14.0,35.0,7.0,1.0,2.0,17.0,0.0,1.0,6.0,26.0,0.276,0.306,0.394,0.7,81.0,0.315,82.0,50.0,4.0,0.0,0.0,1.0,0.0,46/H5D9,
Ian Kinsler,24.0,TEX,AL,1.9,120.0,474.0,423.0,65.0,121.0,27.0,1.0,14.0,55.0,11.0,4.0,40.0,64.0,0.286,0.347,0.454,0.801,105.0,0.352,103.0,192.0,12.0,3.0,1.0,7.0,1.0,*4/H,ROY-7
Ian Snell,24.0,PIT,NL,-0.6,35.0,65.0,54.0,2.0,3.0,1.0,0.0,0.0,2.0,0.0,0.0,2.0,28.0,0.056,0.089,0.074,0.163,-57.0,0.08,-116.0,4.0,1.0,0.0,9.0,0.0,0.0,1/H,
Ichiro Suzuki*,32.0,SEA,AL,5.3,161.0,752.0,695.0,110.0,224.0,20.0,9.0,9.0,49.0,45.0,2.0,49.0,71.0,0.322,0.37,0.416,0.786,106.0,0.365,108.0,289.0,2.0,5.0,1.0,2.0,16.0,*98/DH,"AS,MVP-15,GG"
Iván Rodríguez,34.0,DET,AL,3.1,136.0,580.0,547.0,74.0,164.0,28.0,4.0,13.0,69.0,8.0,3.0,26.0,86.0,0.3,0.332,0.437,0.769,97.0,0.343,98.0,239.0,16.0,1.0,4.0,2.0,4.0,*2/3DH4,"AS,GG"
J.C. Romero#,30.0,LAA,AL,0.0,6.0,0.0,0.0,0.0,0.0,0.0,0.0,0.0,0.0,0.0,0.0,0.0,0.0,,,,,,,,0.0,0.0,0.0,0.0,0.0,0.0,1,
J.D. Drew*,30.0,LAD,NL,4.0,146.0,594.0,494.0,84.0,140.0,34.0,6.0,20.0,100.0,2.0,3.0,89.0,106.0,0.283,0.393,0.498,0.891,126.0,0.386,129.0,246.0,4.0,4.0,1.0,6.0,8.0,*9H/D,
J.J. Hardy,23.0,MIL,NL,0.8,35.0,139.0,128.0,13.0,31.0,5.0,0.0,5.0,14.0,1.0,1.0,10.0,23.0,0.242,0.295,0.398,0.693,75.0,0.312,77.0,51.0,4.0,0.0,0.0,1.0,0.0,6/H,
J.J. Putz,29.0,SEA,AL,0.0,4.0,0.0,0.0,0.0,0.0,0.0,0.0,0.0,0.0,0.0,0.0,0.0,0.0,,,,,,,,0.0,0.0,0.0,0.0,0.0,0.0,1,
J.R. House,26.0,HOU,NL,-0.3,4.0,9.0,9.0,0.0,0.0,0.0,0.0,0.0,0.0,0.0,0.0,0.0,2.0,0.0,0.0,0.0,0.0,-100.0,0.0,-144.0,0.0,1.0,0.0,0.0,0.0,0.0,/23,
J.T. Snow*,38.0,BOS,AL,-0.4,38.0,53.0,44.0,5.0,9.0,0.0,0.0,0.0,4.0,0.0,0.0,8.0,8.0,0.205,0.34,0.205,0.544,44.0,0.276,47.0,9.0,1.0,1.0,0.0,0.0,0.0,3H/D,
Jack Cust*,27.0,SDP,NL,0.0,4.0,3.0,3.0,1.0,1.0,0.0,0.0,0.0,0.0,0.0,0.0,0.0,1.0,0.333,0.333,0.333,0.667,80.0,0.302,78.0,1.0,0.0,0.0,0.0,0.0,0.0,/H7,
Jack Hannahan*,26.0,DET,AL,-0.2,3.0,10.0,9.0,0.0,0.0,0.0,0.0,0.0,0.0,0.0,0.0,1.0,1.0,0.0,0.1,0.0,0.1,-71.0,0.072,-93.0,0.0,0.0,0.0,0.0,0.0,0.0,/3DH,
Jack Taschner*,28.0,SFG,NL,0.0,24.0,0.0,0.0,0.0,0.0,0.0,0.0,0.0,0.0,0.0,0.0,0.0,0.0,,,,,,,,0.0,0.0,0.0,0.0,0.0,0.0,1,
Jack Wilson,28.0,PIT,NL,1.2,142.0,594.0,543.0,70.0,148.0,27.0,1.0,8.0,35.0,4.0,3.0,33.0,65.0,0.273,0.316,0.37,0.686,77.0,0.309,76.0,201.0,15.0,4.0,9.0,5.0,0.0,*6H,
Jacque Jones*,31.0,CHC,NL,1.2,149.0,578.0,533.0,73.0,152.0,31.0,1.0,27.0,81.0,9.0,1.0,35.0,116.0,0.285,0.334,0.499,0.833,108.0,0.365,108.0,266.0,17.0,5.0,2.0,2.0,6.0,*9H,
Jae Kuk Ryu,23.0,CHC,NL,0.0,10.0,1.0,1.0,0.0,0.0,0.0,0.0,0.0,0.0,0.0,0.0,0.0,1.0,0.0,0.0,0.0,0.0,-100.0,0.0,-150.0,0.0,0.0,0.0,0.0,0.0,0.0,1,
Jae Weong Seo,29.0,2TM,2LG,-0.1,19.0,22.0,19.0,0.0,2.0,0.0,0.0,0.0,0.0,0.0,0.0,1.0,6.0,0.105,0.15,0.105,0.255,-33.0,0.126,-76.0,2.0,1.0,0.0,2.0,0.0,0.0,1,
Jae Weong Seo,29.0,LAD,NL,-0.1,17.0,20.0,18.0,0.0,2.0,0.0,0.0,0.0,0.0,0.0,0.0,1.0,6.0,0.111,0.158,0.111,0.269,-29.0,0.133,-59.0,2.0,1.0,0.0,1.0,0.0,0.0,1,
Jae Weong Seo,29.0,TBD,AL,0.0,2.0,2.0,1.0,0.0,0.0,0.0,0.0,0.0,0.0,0.0,0.0,0.0,0.0,0.0,0.0,0.0,0.0,-100.0,0.0,-400.0,0.0,0.0,0.0,1.0,0.0,0.0,1,
Jake Peavy,25.0,SDP,NL,0.4,31.0,69.0,60.0,6.0,10.0,3.0,0.0,2.0,9.0,0.0,0.0,1.0,19.0,0.167,0.18,0.317,0.497,29.0,0.222,12.0,19.0,0.0,0.0,8.0,0.0,0.0,1,
Jake Westbrook,28.0,CLE,AL,0.1,2.0,5.0,4.0,0.0,2.0,1.0,0.0,0.0,1.0,0.0,0.0,0.0,1.0,0.5,0.5,0.75,1.25,220.0,0.537,271.0,3.0,0.0,0.0,1.0,0.0,0.0,1,
Jake Woods*,24.0,SEA,AL,0.0,1.0,0.0,0.0,0.0,0.0,0.0,0.0,0.0,0.0,0.0,0.0,0.0,0.0,,,,,,,,0.0,0.0,0.0,0.0,0.0,0.0,1,
James Loney*,22.0,LAD,NL,0.9,48.0,111.0,102.0,20.0,29.0,6.0,5.0,4.0,18.0,1.0,0.0,8.0,10.0,0.284,0.342,0.559,0.901,125.0,0.395,132.0,57.0,8.0,1.0,0.0,0.0,1.0,3H/9,
James Shields,24.0,TBD,AL,0.1,3.0,8.0,8.0,2.0,3.0,0.0,0.0,0.0,0.0,0.0,0.0,0.0,3.0,0.375,0.375,0.375,0.75,97.0,0.341,98.0,3.0,0.0,0.0,0.0,0.0,0.0,1,
Jamey Carroll,32.0,COL,NL,3.3,136.0,534.0,463.0,84.0,139.0,23.0,5.0,5.0,36.0,10.0,12.0,56.0,66.0,0.3,0.377,0.404,0.781,94.0,0.35,99.0,187.0,10.0,3.0,9.0,3.0,1.0,*4H6/5,
Jamey Wright,31.0,SFG,NL,0.3,34.0,52.0,47.0,4.0,12.0,2.0,0.0,0.0,1.0,0.0,0.0,0.0,11.0,0.255,0.255,0.298,0.553,42.0,0.244,20.0,14.0,1.0,0.0,5.0,0.0,0.0,1/H,
Jamie Moyer*,43.0,2TM,2LG,-0.1,9.0,25.0,21.0,1.0,2.0,0.0,0.0,0.0,1.0,0.0,0.0,1.0,6.0,0.095,0.136,0.095,0.232,-40.0,0.115,-92.0,2.0,0.0,0.0,3.0,0.0,0.0,1,
Jamie Moyer*,43.0,SEA,AL,0.0,1.0,3.0,3.0,0.0,1.0,0.0,0.0,0.0,1.0,0.0,0.0,0.0,1.0,0.333,0.333,0.333,0.667,76.0,0.303,73.0,1.0,0.0,0.0,0.0,0.0,0.0,1,
Jamie Moyer*,43.0,PHI,NL,-0.2,8.0,22.0,18.0,1.0,1.0,0.0,0.0,0.0,0.0,0.0,0.0,1.0,5.0,0.056,0.105,0.056,0.161,-58.0,0.085,-119.0,1.0,0.0,0.0,3.0,0.0,0.0,/1,
Jamie Walker*,34.0,DET,AL,0.0,3.0,0.0,0.0,0.0,0.0,0.0,0.0,0.0,0.0,0.0,0.0,0.0,0.0,,,,,,,,0.0,0.0,0.0,0.0,0.0,0.0,1,
Jared Fernández,34.0,MIL,NL,0.0,4.0,0.0,0.0,0.0,0.0,0.0,0.0,0.0,0.0,0.0,0.0,0.0,0.0,,,,,,,,0.0,0.0,0.0,0.0,0.0,0.0,/1,
Jaret Wright,30.0,NYY,AL,0.0,3.0,5.0,3.0,0.0,0.0,0.0,0.0,0.0,1.0,0.0,0.0,1.0,1.0,0.0,0.2,0.0,0.2,-41.0,0.143,-44.0,0.0,0.0,0.0,0.0,1.0,0.0,1/H,
Jarrod Washburn*,31.0,SEA,AL,0.0,2.0,4.0,2.0,0.0,0.0,0.0,0.0,0.0,0.0,0.0,0.0,1.0,1.0,0.0,0.333,0.0,0.333,-1.0,0.239,3.0,0.0,0.0,0.0,1.0,0.0,0.0,1,
Jason Bartlett,26.0,MIN,AL,2.8,99.0,372.0,333.0,44.0,103.0,18.0,2.0,2.0,32.0,10.0,5.0,22.0,46.0,0.309,0.367,0.393,0.76,99.0,0.345,102.0,131.0,8.0,11.0,1.0,5.0,1.0,6,
Jason Bay,27.0,PIT,NL,4.3,159.0,689.0,570.0,101.0,163.0,29.0,3.0,35.0,109.0,11.0,2.0,102.0,156.0,0.286,0.396,0.532,0.928,138.0,0.399,138.0,303.0,15.0,8.0,0.0,9.0,9.0,*7/H,"AS,MVP-23"
Jason Bergmann,24.0,WSN,NL,-0.1,26.0,11.0,8.0,0.0,0.0,0.0,0.0,0.0,0.0,0.0,0.0,1.0,2.0,0.0,0.111,0.0,0.111,-67.0,0.079,-122.0,0.0,0.0,0.0,2.0,0.0,0.0,1,
Jason Botts#,25.0,TEX,AL,0.0,20.0,60.0,50.0,8.0,11.0,4.0,0.0,1.0,6.0,0.0,0.0,8.0,18.0,0.22,0.317,0.36,0.677,75.0,0.308,72.0,18.0,0.0,0.0,0.0,2.0,1.0,D/H7,
Jason Bulger,27.0,LAA,AL,0.0,2.0,0.0,0.0,0.0,0.0,0.0,0.0,0.0,0.0,0.0,0.0,0.0,0.0,,,,,,,,0.0,0.0,0.0,0.0,0.0,0.0,/1,
Jason Ellison,28.0,SFG,NL,-0.3,84.0,91.0,81.0,14.0,18.0,5.0,1.0,2.0,4.0,2.0,2.0,5.0,14.0,0.222,0.273,0.383,0.655,66.0,0.287,62.0,31.0,3.0,1.0,3.0,1.0,0.0,7H9/8,
Jason Frasor,28.0,TOR,AL,0.0,4.0,0.0,0.0,0.0,0.0,0.0,0.0,0.0,0.0,0.0,0.0,0.0,0.0,,,,,,,,0.0,0.0,0.0,0.0,0.0,0.0,1,
Jason Giambi*,35.0,NYY,AL,2.9,139.0,579.0,446.0,92.0,113.0,25.0,0.0,37.0,113.0,2.0,0.0,110.0,106.0,0.253,0.413,0.558,0.971,148.0,0.415,149.0,249.0,10.0,16.0,0.0,7.0,12.0,D3/H,MVP-14
Jason Grilli,29.0,DET,AL,0.0,2.0,0.0,0.0,0.0,0.0,0.0,0.0,0.0,0.0,0.0,0.0,0.0,0.0,,,,,,,,0.0,0.0,0.0,0.0,0.0,0.0,1,
Jason Grimsley,38.0,ARI,NL,-0.1,19.0,4.0,4.0,1.0,0.0,0.0,0.0,0.0,0.0,0.0,0.0,0.0,2.0,0.0,0.0,0.0,0.0,-100.0,0.0,-149.0,0.0,0.0,0.0,0.0,0.0,0.0,1,
Jason Hirsh,24.0,HOU,NL,-0.2,9.0,17.0,15.0,0.0,0.0,0.0,0.0,0.0,0.0,0.0,0.0,0.0,9.0,0.0,0.0,0.0,0.0,-100.0,0.0,-177.0,0.0,0.0,0.0,2.0,0.0,0.0,/1,
Jason Isringhausen,33.0,STL,NL,0.0,57.0,0.0,0.0,0.0,0.0,0.0,0.0,0.0,0.0,0.0,0.0,0.0,0.0,,,,,,,,0.0,0.0,0.0,0.0,0.0,0.0,1,
Jason Jennings*,27.0,COL,NL,-0.2,30.0,75.0,62.0,3.0,8.0,1.0,0.0,0.0,2.0,0.0,0.0,3.0,12.0,0.129,0.169,0.145,0.314,-21.0,0.149,-70.0,9.0,0.0,0.0,10.0,0.0,0.0,1,
Jason Johnson,32.0,2TM,2LG,0.0,5.0,1.0,1.0,0.0,0.0,0.0,0.0,0.0,0.0,0.0,0.0,0.0,1.0,0.0,0.0,0.0,0.0,-100.0,0.0,-158.0,0.0,0.0,0.0,0.0,0.0,0.0,1,
Jason Johnson,32.0,BOS,AL,0.0,1.0,1.0,1.0,0.0,0.0,0.0,0.0,0.0,0.0,0.0,0.0,0.0,1.0,0.0,0.0,0.0,0.0,-100.0,0.0,-158.0,0.0,0.0,0.0,0.0,0.0,0.0,/1,
Jason Johnson,32.0,CIN,NL,0.0,4.0,0.0,0.0,0.0,0.0,0.0,0.0,0.0,0.0,0.0,0.0,0.0,0.0,,,,,,,,0.0,0.0,0.0,0.0,0.0,0.0,/1,
Jason Kendall,32.0,OAK,AL,3.7,143.0,626.0,552.0,76.0,163.0,23.0,0.0,1.0,50.0,11.0,5.0,53.0,54.0,0.295,0.367,0.342,0.709,88.0,0.333,95.0,189.0,19.0,12.0,4.0,5.0,2.0,*2/HD,
Jason Kubel*,24.0,MIN,AL,-0.9,73.0,235.0,220.0,23.0,53.0,8.0,0.0,8.0,26.0,2.0,0.0,12.0,45.0,0.241,0.279,0.386,0.665,72.0,0.295,65.0,85.0,13.0,0.0,2.0,1.0,0.0,7DH/9,
Jason Lane,29.0,HOU,NL,-0.7,112.0,345.0,288.0,44.0,58.0,10.0,0.0,15.0,45.0,1.0,2.0,49.0,75.0,0.201,0.318,0.392,0.71,81.0,0.315,79.0,113.0,6.0,2.0,2.0,4.0,0.0,9H/783,
Jason LaRue,32.0,CIN,NL,-0.3,72.0,230.0,191.0,22.0,37.0,5.0,0.0,8.0,21.0,1.0,0.0,27.0,51.0,0.194,0.317,0.346,0.663,68.0,0.291,54.0,66.0,3.0,8.0,3.0,1.0,9.0,2H,
Jason Marquis*,27.0,STL,NL,0.2,45.0,85.0,78.0,8.0,14.0,4.0,1.0,0.0,5.0,0.0,0.0,2.0,14.0,0.179,0.21,0.256,0.466,20.0,0.218,6.0,20.0,2.0,1.0,4.0,0.0,0.0,1H,
Jason Michaels,30.0,CLE,AL,1.1,123.0,548.0,494.0,77.0,132.0,32.0,1.0,9.0,55.0,9.0,5.0,43.0,101.0,0.267,0.326,0.391,0.717,86.0,0.326,88.0,193.0,6.0,3.0,2.0,6.0,0.0,*7/HD9,
Jason Phillips,29.0,TOR,AL,-0.4,25.0,51.0,48.0,4.0,12.0,6.0,0.0,0.0,6.0,0.0,1.0,1.0,5.0,0.25,0.275,0.375,0.65,66.0,0.307,80.0,18.0,2.0,1.0,0.0,1.0,0.0,/2D3H,
Jason Repko,25.0,LAD,NL,0.8,69.0,150.0,130.0,21.0,33.0,5.0,1.0,3.0,16.0,10.0,4.0,15.0,24.0,0.254,0.345,0.377,0.722,85.0,0.337,91.0,49.0,2.0,3.0,2.0,0.0,1.0,8H97,
Jason Schmidt,33.0,SFG,NL,0.1,30.0,72.0,66.0,4.0,9.0,3.0,0.0,1.0,1.0,0.0,0.0,0.0,26.0,0.136,0.136,0.227,0.364,-9.0,0.182,-26.0,15.0,1.0,0.0,6.0,0.0,0.0,1,AS
Jason Shiell,29.0,ATL,NL,0.0,4.0,6.0,4.0,0.0,0.0,0.0,0.0,0.0,0.0,0.0,0.0,1.0,3.0,0.0,0.2,0.0,0.2,-42.0,0.142,-72.0,0.0,0.0,0.0,1.0,0.0,0.0,/1,
Jason Smith*,28.0,COL,NL,0.0,49.0,108.0,99.0,9.0,26.0,1.0,0.0,5.0,13.0,3.0,0.0,7.0,29.0,0.263,0.324,0.424,0.748,84.0,0.33,76.0,42.0,1.0,2.0,0.0,0.0,1.0,H4/356,
Jason Standridge,27.0,CIN,NL,0.0,21.0,0.0,0.0,0.0,0.0,0.0,0.0,0.0,0.0,0.0,0.0,0.0,0.0,,,,,,,,0.0,0.0,0.0,0.0,0.0,0.0,1,
Jason Tyner*,29.0,MIN,AL,1.1,62.0,232.0,218.0,29.0,68.0,5.0,2.0,0.0,18.0,4.0,2.0,11.0,18.0,0.312,0.345,0.353,0.698,84.0,0.326,89.0,77.0,5.0,1.0,0.0,2.0,2.0,78D/H9,
Jason Vargas*,23.0,FLA,NL,0.3,12.0,17.0,16.0,1.0,5.0,1.0,0.0,0.0,1.0,0.0,0.0,1.0,2.0,0.313,0.353,0.375,0.728,92.0,0.328,92.0,6.0,0.0,0.0,0.0,0.0,0.0,1,
Jason Varitek#,34.0,BOS,AL,0.8,103.0,416.0,365.0,46.0,87.0,19.0,2.0,12.0,55.0,1.0,2.0,46.0,87.0,0.238,0.325,0.4,0.725,83.0,0.319,77.0,146.0,10.0,2.0,1.0,2.0,7.0,2/H,
Jason Wood,36.0,FLA,NL,0.3,12.0,14.0,13.0,3.0,6.0,2.0,0.0,0.0,1.0,1.0,0.0,1.0,2.0,0.462,0.5,0.615,1.115,191.0,0.49,195.0,8.0,0.0,0.0,0.0,0.0,0.0,/H34,
Javier López*,28.0,BOS,AL,0.0,3.0,0.0,0.0,0.0,0.0,0.0,0.0,0.0,0.0,0.0,0.0,0.0,0.0,,,,,,,,0.0,0.0,0.0,0.0,0.0,0.0,1,
Javier Valentín#,30.0,CIN,NL,0.2,92.0,201.0,186.0,24.0,50.0,6.0,1.0,8.0,27.0,0.0,0.0,13.0,29.0,0.269,0.313,0.441,0.754,88.0,0.325,81.0,82.0,5.0,0.0,0.0,2.0,3.0,H2/3D,
Javier Vázquez,29.0,CHW,AL,0.1,1.0,2.0,1.0,1.0,1.0,0.0,0.0,0.0,0.0,0.0,0.0,0.0,0.0,1.0,1.0,1.0,2.0,415.0,0.909,908.0,1.0,0.0,0.0,1.0,0.0,0.0,1,
Javy López,35.0,2TM,AL,-0.6,94.0,364.0,342.0,36.0,86.0,20.0,1.0,8.0,35.0,0.0,0.0,20.0,76.0,0.251,0.297,0.386,0.683,75.0,0.313,78.0,132.0,10.0,2.0,0.0,0.0,0.0,D2/H,
Javy López,35.0,BAL,AL,0.1,76.0,299.0,279.0,30.0,74.0,15.0,1.0,8.0,31.0,0.0,0.0,18.0,60.0,0.265,0.314,0.412,0.727,87.0,0.335,94.0,115.0,5.0,2.0,0.0,0.0,0.0,D2/H,
Javy López,35.0,BOS,AL,-0.7,18.0,65.0,63.0,6.0,12.0,5.0,0.0,0.0,4.0,0.0,0.0,2.0,16.0,0.19,0.215,0.27,0.485,22.0,0.215,3.0,17.0,5.0,0.0,0.0,0.0,0.0,2/H,
Jay Gibbons*,29.0,BAL,AL,0.4,90.0,378.0,343.0,34.0,95.0,23.0,0.0,13.0,46.0,0.0,0.0,32.0,48.0,0.277,0.341,0.458,0.799,106.0,0.352,106.0,157.0,12.0,2.0,0.0,1.0,2.0,D9/H,
Jay Payton,33.0,OAK,AL,2.0,142.0,588.0,557.0,78.0,165.0,32.0,3.0,10.0,59.0,8.0,4.0,22.0,52.0,0.296,0.325,0.418,0.743,94.0,0.338,98.0,233.0,12.0,4.0,0.0,5.0,1.0,*789/DH,
Jay Witasick,33.0,OAK,AL,0.0,1.0,0.0,0.0,0.0,0.0,0.0,0.0,0.0,0.0,0.0,0.0,0.0,0.0,,,,,,,,0.0,0.0,0.0,0.0,0.0,0.0,1,
JD Closser#,26.0,COL,NL,-0.2,32.0,112.0,97.0,10.0,19.0,3.0,1.0,2.0,11.0,0.0,1.0,12.0,23.0,0.196,0.288,0.309,0.598,49.0,0.259,32.0,30.0,1.0,1.0,1.0,1.0,2.0,2/H,
Jeff Bajenaru,28.0,ARI,NL,0.0,1.0,0.0,0.0,0.0,0.0,0.0,0.0,0.0,0.0,0.0,0.0,0.0,0.0,,,,,,,,0.0,0.0,0.0,0.0,0.0,0.0,/1,
Jeff Baker,25.0,COL,NL,0.6,18.0,58.0,57.0,13.0,21.0,7.0,2.0,5.0,21.0,2.0,0.0,1.0,14.0,0.368,0.379,0.825,1.204,187.0,0.515,205.0,47.0,0.0,0.0,0.0,0.0,0.0,9/H73,
Jeff Cirillo,36.0,MIL,NL,1.6,112.0,290.0,263.0,33.0,84.0,16.0,0.0,3.0,23.0,1.0,1.0,21.0,33.0,0.319,0.369,0.414,0.784,101.0,0.368,115.0,109.0,8.0,1.0,3.0,2.0,0.0,H534/6,
Jeff Conine,40.0,2TM,2LG,-0.3,142.0,539.0,489.0,54.0,131.0,26.0,4.0,10.0,66.0,3.0,2.0,40.0,65.0,0.268,0.325,0.399,0.724,86.0,0.325,86.0,195.0,13.0,4.0,1.0,5.0,4.0,379H/D5,
Jeff Conine,40.0,BAL,AL,-0.2,114.0,432.0,389.0,43.0,103.0,20.0,3.0,9.0,49.0,3.0,2.0,35.0,53.0,0.265,0.325,0.401,0.726,88.0,0.326,88.0,156.0,12.0,2.0,1.0,5.0,2.0,37/DH59,
Jeff Conine,40.0,PHI,NL,-0.1,28.0,107.0,100.0,11.0,28.0,6.0,1.0,1.0,17.0,0.0,0.0,5.0,12.0,0.28,0.327,0.39,0.717,80.0,0.319,76.0,39.0,1.0,2.0,0.0,0.0,2.0,97/H,
Jeff DaVanon#,32.0,ARI,NL,0.8,87.0,256.0,221.0,38.0,64.0,12.0,4.0,5.0,35.0,10.0,4.0,31.0,42.0,0.29,0.371,0.448,0.819,105.0,0.365,108.0,99.0,6.0,0.0,0.0,4.0,0.0,8H9/7D,
Jeff Fassero*,43.0,SFG,NL,0.1,10.0,5.0,4.0,2.0,1.0,0.0,0.0,0.0,0.0,0.0,0.0,0.0,1.0,0.25,0.25,0.25,0.5,29.0,0.43,173.0,1.0,0.0,0.0,1.0,0.0,0.0,1,
Jeff Fiorentino*,23.0,BAL,AL,0.2,19.0,50.0,39.0,8.0,10.0,2.0,0.0,0.0,7.0,1.0,0.0,7.0,3.0,0.256,0.375,0.308,0.683,81.0,0.366,113.0,12.0,1.0,1.0,2.0,1.0,0.0,7/HD89,
Jeff Francis*,25.0,COL,NL,0.1,31.0,80.0,61.0,3.0,7.0,0.0,0.0,0.0,6.0,0.0,0.0,8.0,20.0,0.115,0.211,0.115,0.326,-15.0,0.194,-31.0,7.0,0.0,0.0,9.0,2.0,0.0,1,
Jeff Francoeur,22.0,ATL,NL,0.6,162.0,686.0,651.0,83.0,169.0,24.0,6.0,29.0,103.0,1.0,6.0,23.0,132.0,0.26,0.293,0.449,0.742,87.0,0.321,85.0,292.0,15.0,9.0,0.0,3.0,6.0,*9/8,
Jeff Kent,38.0,LAD,NL,0.7,115.0,473.0,407.0,61.0,119.0,27.0,3.0,14.0,68.0,1.0,2.0,55.0,69.0,0.292,0.385,0.477,0.861,119.0,0.379,124.0,194.0,9.0,8.0,0.0,3.0,8.0,4/3H,
Jeff Keppinger,26.0,KCR,AL,0.1,22.0,67.0,60.0,11.0,16.0,2.0,0.0,2.0,8.0,0.0,0.0,5.0,6.0,0.267,0.323,0.4,0.723,86.0,0.313,76.0,24.0,2.0,0.0,2.0,0.0,1.0,5/H3D47,
Jeff Mathis,23.0,LAA,AL,-0.5,23.0,63.0,55.0,9.0,8.0,2.0,0.0,2.0,6.0,0.0,0.0,7.0,14.0,0.145,0.238,0.291,0.529,36.0,0.231,18.0,16.0,0.0,0.0,0.0,1.0,1.0,2/HD,
Jeff Salazar*,25.0,COL,NL,0.3,19.0,67.0,53.0,13.0,15.0,4.0,0.0,1.0,8.0,2.0,0.0,11.0,16.0,0.283,0.409,0.415,0.824,106.0,0.38,111.0,22.0,0.0,1.0,1.0,1.0,2.0,8/H9,
Jeff Suppan,31.0,STL,NL,0.5,30.0,70.0,55.0,4.0,12.0,1.0,0.0,0.0,6.0,0.0,1.0,5.0,11.0,0.218,0.295,0.236,0.531,40.0,0.243,24.0,13.0,0.0,1.0,9.0,0.0,0.0,1,
Jeff Weaver,29.0,2TM,2LG,0.0,19.0,39.0,30.0,1.0,4.0,1.0,0.0,0.0,3.0,0.0,0.0,3.0,12.0,0.133,0.212,0.167,0.379,0.0,0.185,-32.0,5.0,1.0,0.0,6.0,0.0,0.0,1/H,
Jeff Weaver,29.0,LAA,AL,0.0,2.0,4.0,3.0,0.0,1.0,0.0,0.0,0.0,0.0,0.0,0.0,0.0,0.0,0.333,0.333,0.333,0.667,74.0,0.303,59.0,1.0,0.0,0.0,1.0,0.0,0.0,1,
Jeff Weaver,29.0,STL,NL,-0.1,17.0,35.0,27.0,1.0,3.0,1.0,0.0,0.0,3.0,0.0,0.0,3.0,12.0,0.111,0.2,0.148,0.348,-8.0,0.173,-42.0,4.0,1.0,0.0,5.0,0.0,0.0,1/H,
Jeremy Accardo,24.0,SFG,NL,-0.1,36.0,5.0,5.0,0.0,0.0,0.0,0.0,0.0,0.0,0.0,0.0,0.0,1.0,0.0,0.0,0.0,0.0,-100.0,0.0,-144.0,0.0,0.0,0.0,0.0,0.0,0.0,1,
Jeremy Affeldt*,27.0,2TM,2LG,-0.1,30.0,3.0,3.0,0.0,0.0,0.0,0.0,0.0,0.0,0.0,0.0,0.0,1.0,0.0,0.0,0.0,0.0,-100.0,0.0,-146.0,0.0,0.0,0.0,0.0,0.0,0.0,1,
Jeremy Affeldt*,27.0,KCR,AL,0.0,3.0,2.0,2.0,0.0,0.0,0.0,0.0,0.0,0.0,0.0,0.0,0.0,1.0,0.0,0.0,0.0,0.0,-100.0,0.0,-140.0,0.0,0.0,0.0,0.0,0.0,0.0,1,
Jeremy Affeldt*,27.0,COL,NL,0.0,27.0,1.0,1.0,0.0,0.0,0.0,0.0,0.0,0.0,0.0,0.0,0.0,0.0,0.0,0.0,0.0,0.0,-100.0,0.0,-158.0,0.0,0.0,0.0,0.0,0.0,0.0,1,
Jeremy Bonderman,23.0,DET,AL,-0.1,2.0,4.0,4.0,0.0,0.0,0.0,0.0,0.0,0.0,0.0,0.0,0.0,4.0,0.0,0.0,0.0,0.0,-100.0,0.0,-145.0,0.0,0.0,0.0,0.0,0.0,0.0,1,
Jeremy Brown,26.0,OAK,AL,0.1,5.0,11.0,10.0,1.0,3.0,2.0,0.0,0.0,0.0,0.0,0.0,1.0,1.0,0.3,0.364,0.5,0.864,124.0,0.373,123.0,5.0,0.0,0.0,0.0,0.0,0.0,/DH2,
Jeremy Hermida*,22.0,FLA,NL,-0.6,99.0,348.0,307.0,37.0,77.0,19.0,1.0,5.0,28.0,4.0,1.0,33.0,70.0,0.251,0.332,0.368,0.7,84.0,0.314,81.0,113.0,6.0,5.0,2.0,1.0,3.0,9H/8,
Jeremy Reed*,25.0,SEA,AL,-0.3,67.0,229.0,212.0,27.0,46.0,6.0,5.0,6.0,17.0,2.0,3.0,11.0,31.0,0.217,0.26,0.377,0.637,65.0,0.267,51.0,80.0,5.0,2.0,2.0,2.0,1.0,8/H,
Jermaine Dye,32.0,CHW,AL,4.6,146.0,611.0,539.0,103.0,170.0,27.0,3.0,44.0,120.0,7.0,3.0,59.0,118.0,0.315,0.385,0.622,1.006,151.0,0.432,158.0,335.0,15.0,6.0,0.0,7.0,4.0,*9/H,"AS,MVP-5,SS"
Jerome Williams,24.0,CHC,NL,0.0,5.0,2.0,2.0,0.0,0.0,0.0,0.0,0.0,0.0,0.0,0.0,0.0,1.0,0.0,0.0,0.0,0.0,-100.0,0.0,-150.0,0.0,0.0,0.0,0.0,0.0,0.0,/1,
Jeromy Burnitz*,37.0,PIT,NL,-0.7,111.0,343.0,313.0,35.0,72.0,12.0,0.0,16.0,49.0,1.0,1.0,22.0,74.0,0.23,0.289,0.422,0.711,81.0,0.312,78.0,132.0,8.0,5.0,0.0,2.0,4.0,9H,
Jerry Hairston,30.0,2TM,2LG,-0.5,101.0,192.0,170.0,25.0,35.0,6.0,1.0,0.0,10.0,5.0,2.0,13.0,34.0,0.206,0.27,0.253,0.523,36.0,0.262,35.0,43.0,5.0,2.0,7.0,0.0,2.0,7H489/6D35,
Jerry Hairston,30.0,CHC,NL,-0.2,38.0,92.0,82.0,8.0,17.0,3.0,0.0,0.0,4.0,3.0,0.0,4.0,14.0,0.207,0.253,0.244,0.497,27.0,0.257,22.0,20.0,1.0,1.0,5.0,0.0,2.0,4/H973,
Jerry Hairston,30.0,TEX,AL,-0.3,63.0,100.0,88.0,17.0,18.0,3.0,1.0,0.0,6.0,2.0,2.0,9.0,20.0,0.205,0.286,0.261,0.547,43.0,0.267,47.0,23.0,4.0,1.0,2.0,0.0,0.0,7H8/96D45,
Jerry Owens*,25.0,CHW,AL,0.1,12.0,9.0,9.0,4.0,3.0,1.0,0.0,0.0,0.0,1.0,0.0,0.0,2.0,0.333,0.333,0.444,0.778,96.0,0.355,86.0,4.0,0.0,0.0,0.0,0.0,0.0,/HD89,
Jesse Crain,24.0,MIN,AL,0.0,4.0,0.0,0.0,0.0,0.0,0.0,0.0,0.0,0.0,0.0,0.0,0.0,0.0,,,,,,,,0.0,0.0,0.0,0.0,0.0,0.0,1,
Jhonny Peralta,24.0,CLE,AL,0.9,149.0,632.0,569.0,84.0,146.0,28.0,3.0,13.0,68.0,0.0,1.0,56.0,152.0,0.257,0.323,0.385,0.708,84.0,0.326,88.0,219.0,19.0,1.0,3.0,3.0,0.0,*6/HD,
Jim Brower,33.0,SDP,NL,0.0,5.0,0.0,0.0,0.0,0.0,0.0,0.0,0.0,0.0,0.0,0.0,0.0,0.0,,,,,,,,0.0,0.0,0.0,0.0,0.0,0.0,/1,
Jim Edmonds*,36.0,STL,NL,1.3,110.0,408.0,350.0,52.0,90.0,18.0,0.0,19.0,70.0,4.0,0.0,53.0,101.0,0.257,0.35,0.471,0.822,110.0,0.356,106.0,165.0,11.0,0.0,0.0,5.0,7.0,8H/3,
Jim Thome*,35.0,CHW,AL,4.9,143.0,610.0,490.0,108.0,141.0,26.0,0.0,42.0,109.0,0.0,0.0,107.0,147.0,0.288,0.416,0.598,1.014,155.0,0.425,154.0,293.0,4.0,6.0,0.0,7.0,12.0,*D/H3,"AS,MVP-12"
Jimmy Gobble*,24.0,KCR,AL,0.0,4.0,1.0,0.0,0.0,0.0,0.0,0.0,0.0,0.0,0.0,0.0,0.0,0.0,,,,,,,,0.0,0.0,0.0,1.0,0.0,0.0,1,
Jimmy Rollins#,27.0,PHI,NL,4.6,158.0,758.0,689.0,127.0,191.0,45.0,9.0,25.0,83.0,36.0,4.0,57.0,80.0,0.277,0.334,0.478,0.811,101.0,0.364,102.0,329.0,12.0,5.0,0.0,7.0,2.0,*6/H,MVP-21
Joaquin Benoit,28.0,TEX,AL,0.0,3.0,0.0,0.0,0.0,0.0,0.0,0.0,0.0,0.0,0.0,0.0,0.0,0.0,,,,,,,,0.0,0.0,0.0,0.0,0.0,0.0,1,
Joaquín Árias,21.0,TEX,AL,0.4,6.0,12.0,11.0,4.0,6.0,1.0,0.0,0.0,1.0,0.0,1.0,1.0,0.0,0.545,0.583,0.636,1.22,216.0,0.499,238.0,7.0,0.0,0.0,0.0,0.0,0.0,/6H5,
Joe Beimel*,29.0,LAD,NL,0.0,59.0,1.0,1.0,0.0,0.0,0.0,0.0,0.0,0.0,0.0,0.0,0.0,1.0,0.0,0.0,0.0,0.0,-100.0,0.0,-150.0,0.0,0.0,0.0,0.0,0.0,0.0,1,
Joe Blanton,25.0,OAK,AL,0.0,2.0,3.0,2.0,0.0,0.0,0.0,0.0,0.0,0.0,0.0,0.0,0.0,1.0,0.0,0.0,0.0,0.0,-100.0,0.0,-256.0,0.0,0.0,0.0,1.0,0.0,0.0,1,
Joe Borchard#,27.0,2TM,2LG,-0.6,114.0,270.0,239.0,33.0,55.0,7.0,1.0,10.0,28.0,0.0,3.0,28.0,69.0,0.23,0.319,0.393,0.712,86.0,0.312,85.0,94.0,5.0,3.0,0.0,0.0,3.0,9H7/8D3,
Joe Borchard#,27.0,SEA,AL,-0.1,6.0,9.0,9.0,3.0,2.0,0.0,0.0,0.0,0.0,0.0,1.0,0.0,3.0,0.222,0.222,0.222,0.444,18.0,0.145,2.0,2.0,0.0,0.0,0.0,0.0,0.0,/H8D,
Joe Borchard#,27.0,FLA,NL,-0.5,108.0,261.0,230.0,30.0,53.0,7.0,1.0,10.0,28.0,0.0,2.0,28.0,66.0,0.23,0.322,0.4,0.722,88.0,0.318,88.0,92.0,5.0,3.0,0.0,0.0,3.0,9H7/D3,
Joe Borowski,35.0,FLA,NL,0.0,68.0,0.0,0.0,0.0,0.0,0.0,0.0,0.0,0.0,0.0,0.0,0.0,0.0,,,,,,,,0.0,0.0,0.0,0.0,0.0,0.0,1,
Joe Crede,28.0,CHW,AL,4.8,150.0,586.0,544.0,76.0,154.0,31.0,0.0,30.0,94.0,0.0,2.0,28.0,58.0,0.283,0.323,0.506,0.828,107.0,0.357,106.0,275.0,18.0,7.0,0.0,7.0,1.0,*5/H,SS
Joe Inglett*,28.0,CLE,AL,1.4,64.0,222.0,201.0,26.0,57.0,8.0,3.0,2.0,21.0,5.0,1.0,14.0,39.0,0.284,0.332,0.383,0.715,86.0,0.326,85.0,77.0,1.0,1.0,5.0,1.0,0.0,4/H786D,
Joe Mauer*,23.0,MIN,AL,5.8,140.0,608.0,521.0,86.0,181.0,36.0,4.0,13.0,84.0,8.0,3.0,79.0,54.0,0.347,0.429,0.507,0.936,144.0,0.407,147.0,264.0,24.0,1.0,0.0,7.0,21.0,*2D/H,"AS,MVP-6,SS"
Joe Mays#,30.0,CIN,NL,0.0,7.0,10.0,9.0,0.0,2.0,1.0,0.0,0.0,3.0,0.0,0.0,0.0,4.0,0.222,0.222,0.333,0.556,38.0,0.238,12.0,3.0,0.0,0.0,1.0,0.0,0.0,/1,
Joe McEwing,33.0,HOU,NL,-0.1,7.0,6.0,6.0,0.0,0.0,0.0,0.0,0.0,0.0,0.0,0.0,0.0,2.0,0.0,0.0,0.0,0.0,-100.0,0.0,-145.0,0.0,0.0,0.0,0.0,0.0,0.0,/H4,
Joe Nathan,31.0,MIN,AL,0.0,5.0,1.0,1.0,0.0,0.0,0.0,0.0,0.0,0.0,0.0,0.0,0.0,1.0,0.0,0.0,0.0,0.0,-100.0,0.0,-150.0,0.0,0.0,0.0,0.0,0.0,0.0,1,"CYA-5,MVP-18"
Joe Nelson,31.0,KCR,AL,0.0,1.0,0.0,0.0,0.0,0.0,0.0,0.0,0.0,0.0,0.0,0.0,0.0,0.0,,,,,,,,0.0,0.0,0.0,0.0,0.0,0.0,1,
Joe Randa,36.0,PIT,NL,-1.0,89.0,227.0,206.0,23.0,55.0,13.0,0.0,4.0,28.0,0.0,0.0,16.0,26.0,0.267,0.316,0.388,0.704,81.0,0.32,83.0,80.0,12.0,0.0,2.0,3.0,2.0,5H3/D,
Joe Thurston*,26.0,PHI,NL,-0.1,18.0,20.0,18.0,3.0,4.0,1.0,0.0,0.0,0.0,0.0,0.0,1.0,2.0,0.222,0.3,0.278,0.578,47.0,0.27,42.0,5.0,0.0,1.0,0.0,0.0,0.0,H/479,
Joe Winkelsas,32.0,MIL,NL,0.0,7.0,0.0,0.0,0.0,0.0,0.0,0.0,0.0,0.0,0.0,0.0,0.0,0.0,,,,,,,,0.0,0.0,0.0,0.0,0.0,0.0,/1,
Joel Guzmán,21.0,LAD,NL,-0.2,8.0,23.0,19.0,2.0,4.0,0.0,0.0,0.0,3.0,0.0,0.0,3.0,2.0,0.211,0.348,0.211,0.558,48.0,0.278,51.0,4.0,3.0,1.0,0.0,0.0,0.0,/537H,
Joel Peralta,30.0,KCR,AL,0.0,5.0,0.0,0.0,0.0,0.0,0.0,0.0,0.0,0.0,0.0,0.0,0.0,0.0,,,,,,,,0.0,0.0,0.0,0.0,0.0,0.0,1,
Joel Piñeiro,27.0,SEA,AL,-0.1,2.0,6.0,4.0,0.0,0.0,0.0,0.0,0.0,0.0,0.0,0.0,0.0,3.0,0.0,0.0,0.0,0.0,-100.0,0.0,-263.0,0.0,0.0,0.0,2.0,0.0,0.0,1,
Joel Zumaya,21.0,DET,AL,0.0,5.0,0.0,0.0,0.0,0.0,0.0,0.0,0.0,0.0,0.0,0.0,0.0,0.0,,,,,,,,0.0,0.0,0.0,0.0,0.0,0.0,1,
Joey Devine,22.0,ATL,NL,0.0,10.0,0.0,0.0,0.0,0.0,0.0,0.0,0.0,0.0,0.0,0.0,0.0,0.0,,,,,,,,0.0,0.0,0.0,0.0,0.0,0.0,1,
Joey Eischen*,36.0,WSN,NL,0.0,22.0,3.0,2.0,0.0,0.0,0.0,0.0,0.0,0.0,0.0,0.0,0.0,2.0,0.0,0.0,0.0,0.0,-100.0,0.0,-263.0,0.0,0.0,0.0,1.0,0.0,0.0,1/H,
Joey Gathright*,25.0,2TM,AL,0.4,134.0,445.0,383.0,59.0,91.0,12.0,3.0,1.0,41.0,22.0,9.0,42.0,75.0,0.238,0.321,0.292,0.614,61.0,0.293,62.0,112.0,3.0,7.0,9.0,4.0,0.0,*8/HD,
Joey Gathright*,25.0,TBD,AL,0.1,55.0,182.0,154.0,25.0,31.0,6.0,0.0,0.0,13.0,12.0,3.0,20.0,30.0,0.201,0.305,0.24,0.545,45.0,0.277,46.0,37.0,1.0,3.0,5.0,0.0,0.0,8/H,
Joey Gathright*,25.0,KCR,AL,0.3,79.0,263.0,229.0,34.0,60.0,6.0,3.0,1.0,28.0,10.0,6.0,22.0,45.0,0.262,0.332,0.328,0.66,72.0,0.305,72.0,75.0,2.0,4.0,4.0,4.0,0.0,8/HD,
Johan Santana*,27.0,MIN,AL,0.0,1.0,2.0,2.0,0.0,0.0,0.0,0.0,0.0,0.0,0.0,0.0,0.0,2.0,0.0,0.0,0.0,0.0,-100.0,0.0,-140.0,0.0,0.0,0.0,0.0,0.0,0.0,1,"AS,CYA-1,MVP-7"
John Buck,25.0,KCR,AL,0.9,114.0,409.0,371.0,37.0,91.0,21.0,1.0,11.0,50.0,0.0,2.0,26.0,84.0,0.245,0.306,0.396,0.702,80.0,0.315,79.0,147.0,7.0,7.0,4.0,1.0,2.0,*2/H,
John Gall,28.0,STL,NL,-0.1,8.0,12.0,12.0,1.0,3.0,0.0,0.0,0.0,1.0,0.0,0.0,0.0,5.0,0.25,0.25,0.25,0.5,30.0,0.219,11.0,3.0,0.0,0.0,0.0,0.0,0.0,/H73,
John Grabow*,27.0,PIT,NL,0.0,68.0,1.0,1.0,0.0,0.0,0.0,0.0,0.0,0.0,0.0,0.0,0.0,1.0,0.0,0.0,0.0,0.0,-100.0,0.0,-150.0,0.0,0.0,0.0,0.0,0.0,0.0,1,
John Hattig#,26.0,TOR,AL,0.3,13.0,29.0,24.0,2.0,8.0,1.0,0.0,0.0,3.0,0.0,0.0,5.0,8.0,0.333,0.448,0.375,0.823,117.0,0.379,124.0,9.0,1.0,0.0,0.0,0.0,0.0,5/H,
John Koronka*,25.0,TEX,AL,-0.1,3.0,6.0,6.0,0.0,0.0,0.0,0.0,0.0,0.0,0.0,0.0,0.0,2.0,0.0,0.0,0.0,0.0,-100.0,0.0,-145.0,0.0,1.0,0.0,0.0,0.0,0.0,1,
John Lackey,27.0,LAA,AL,0.0,2.0,3.0,3.0,0.0,0.0,0.0,0.0,0.0,0.0,0.0,0.0,0.0,0.0,0.0,0.0,0.0,0.0,-100.0,0.0,-143.0,0.0,0.0,0.0,0.0,0.0,0.0,1,
John Mabry*,35.0,CHC,NL,-0.6,107.0,237.0,210.0,16.0,43.0,8.0,1.0,5.0,25.0,0.0,0.0,23.0,57.0,0.205,0.283,0.324,0.607,54.0,0.282,52.0,68.0,5.0,1.0,0.0,3.0,0.0,3H/975D,
John Maine,25.0,NYM,NL,-0.2,16.0,32.0,28.0,3.0,1.0,1.0,0.0,0.0,0.0,0.0,0.0,0.0,16.0,0.036,0.069,0.071,0.14,-63.0,0.1,-90.0,2.0,0.0,1.0,3.0,0.0,0.0,1,
John McDonald,31.0,TOR,AL,-0.1,104.0,286.0,260.0,35.0,58.0,7.0,3.0,3.0,23.0,7.0,2.0,16.0,41.0,0.223,0.271,0.308,0.579,50.0,0.264,40.0,80.0,8.0,2.0,6.0,2.0,0.0,64/H5D,
John Nelson,27.0,STL,NL,-0.2,8.0,5.0,5.0,2.0,0.0,0.0,0.0,0.0,0.0,0.0,0.0,0.0,4.0,0.0,0.0,0.0,0.0,-100.0,0.0,-143.0,0.0,0.0,0.0,0.0,0.0,0.0,/H36,
John Patterson,28.0,WSN,NL,0.1,6.0,10.0,8.0,0.0,2.0,0.0,0.0,0.0,0.0,0.0,0.0,0.0,1.0,0.25,0.25,0.25,0.5,33.0,0.328,92.0,2.0,0.0,0.0,2.0,0.0,0.0,/1,
John Rheinecker*,27.0,TEX,AL,0.0,1.0,1.0,0.0,0.0,0.0,0.0,0.0,0.0,0.0,0.0,0.0,0.0,0.0,,1.0,,,,0.745,392.0,0.0,0.0,1.0,0.0,0.0,0.0,1,
John Rodriguez*,28.0,STL,NL,0.4,102.0,212.0,183.0,31.0,55.0,12.0,3.0,2.0,19.0,0.0,0.0,21.0,45.0,0.301,0.374,0.432,0.806,108.0,0.354,107.0,79.0,9.0,3.0,1.0,4.0,1.0,H79/D,
John Smoltz,39.0,ATL,NL,-0.1,33.0,86.0,64.0,5.0,8.0,3.0,0.0,0.0,4.0,0.0,0.0,4.0,27.0,0.125,0.176,0.172,0.348,-10.0,0.162,-65.0,11.0,2.0,0.0,18.0,0.0,0.0,1,CYA-7
John Thomson,32.0,ATL,NL,0.2,18.0,32.0,30.0,1.0,8.0,2.0,0.0,0.0,4.0,0.0,0.0,0.0,10.0,0.267,0.267,0.333,0.6,53.0,0.264,38.0,10.0,0.0,0.0,2.0,0.0,0.0,1,
Johnny Damon*,32.0,NYY,AL,3.4,149.0,671.0,593.0,115.0,169.0,35.0,5.0,24.0,80.0,25.0,10.0,67.0,85.0,0.285,0.359,0.482,0.841,115.0,0.368,114.0,286.0,4.0,4.0,2.0,5.0,1.0,*8D/H3,MVP-15
Johnny Estrada#,30.0,ARI,NL,0.7,115.0,443.0,414.0,43.0,125.0,26.0,0.0,11.0,71.0,0.0,0.0,13.0,40.0,0.302,0.328,0.444,0.772,92.0,0.334,86.0,184.0,17.0,7.0,1.0,8.0,7.0,2H,
Jon Adkins*,28.0,SDP,NL,0.0,51.0,1.0,1.0,0.0,0.0,0.0,0.0,0.0,0.0,0.0,0.0,0.0,1.0,0.0,0.0,0.0,0.0,-100.0,0.0,-142.0,0.0,0.0,0.0,0.0,0.0,0.0,1,
Jon Garland,26.0,CHW,AL,0.1,2.0,7.0,5.0,2.0,1.0,0.0,0.0,1.0,2.0,0.0,0.0,0.0,3.0,0.2,0.2,0.8,1.0,138.0,0.391,139.0,4.0,0.0,0.0,2.0,0.0,0.0,1,
Jon Knott,27.0,SDP,NL,-0.1,3.0,3.0,3.0,0.0,0.0,0.0,0.0,0.0,0.0,0.0,0.0,0.0,1.0,0.0,0.0,0.0,0.0,-100.0,0.0,-132.0,0.0,0.0,0.0,0.0,0.0,0.0,/H,
Jon Lester*,22.0,BOS,AL,-0.1,2.0,4.0,4.0,0.0,0.0,0.0,0.0,0.0,0.0,0.0,0.0,0.0,3.0,0.0,0.0,0.0,0.0,-100.0,0.0,-151.0,0.0,0.0,0.0,0.0,0.0,0.0,1,
Jon Lieber*,36.0,PHI,NL,-0.2,28.0,63.0,53.0,0.0,5.0,0.0,0.0,0.0,0.0,0.0,0.0,4.0,28.0,0.094,0.158,0.094,0.252,-34.0,0.145,-62.0,5.0,1.0,0.0,6.0,0.0,0.0,1/H,
Jon Rauch,27.0,WSN,NL,-0.1,81.0,4.0,4.0,0.0,0.0,0.0,0.0,0.0,0.0,0.0,0.0,0.0,3.0,0.0,0.0,0.0,0.0,-100.0,0.0,-137.0,0.0,0.0,0.0,0.0,0.0,0.0,1,
Jon Switzer*,26.0,TBD,AL,0.0,3.0,0.0,0.0,0.0,0.0,0.0,0.0,0.0,0.0,0.0,0.0,0.0,0.0,,,,,,,,0.0,0.0,0.0,0.0,0.0,0.0,1,
Jonah Bayliss,25.0,PIT,NL,0.0,11.0,0.0,0.0,0.0,0.0,0.0,0.0,0.0,0.0,0.0,0.0,0.0,0.0,,,,,,,,0.0,0.0,0.0,0.0,0.0,0.0,1,
Jonathan Broxton,22.0,LAD,NL,0.1,65.0,4.0,2.0,0.0,0.0,0.0,0.0,0.0,0.0,0.0,0.0,1.0,2.0,0.0,0.333,0.0,0.333,-3.0,0.54,278.0,0.0,0.0,0.0,1.0,0.0,0.0,1,
Jonathan Papelbon,25.0,BOS,AL,0.0,5.0,0.0,0.0,0.0,0.0,0.0,0.0,0.0,0.0,0.0,0.0,0.0,0.0,,,,,,,,0.0,0.0,0.0,0.0,0.0,0.0,1,"AS,ROY-2"
Jonathan Sánchez*,23.0,SFG,NL,-0.1,26.0,8.0,7.0,1.0,0.0,0.0,0.0,0.0,0.0,0.0,0.0,1.0,4.0,0.0,0.125,0.0,0.125,-64.0,0.089,-82.0,0.0,0.0,0.0,0.0,0.0,0.0,1,
Jonny Gomes,25.0,TBD,AL,-0.2,117.0,461.0,385.0,53.0,83.0,21.0,1.0,20.0,59.0,1.0,5.0,61.0,116.0,0.216,0.325,0.431,0.757,95.0,0.328,93.0,166.0,10.0,6.0,0.0,9.0,2.0,D/9H,
Jorge Cantú,24.0,TBD,AL,-1.4,107.0,448.0,413.0,40.0,103.0,18.0,2.0,14.0,62.0,1.0,1.0,26.0,91.0,0.249,0.295,0.404,0.699,80.0,0.306,74.0,167.0,16.0,3.0,0.0,6.0,2.0,4/DH,
Jorge De La Rosa*,25.0,MIL,NL,-0.1,18.0,5.0,5.0,0.0,0.0,0.0,0.0,0.0,0.0,0.0,0.0,0.0,4.0,0.0,0.0,0.0,0.0,-100.0,0.0,-146.0,0.0,0.0,0.0,0.0,0.0,0.0,1,
Jorge Julio,27.0,2TM,NL,0.0,59.0,1.0,1.0,0.0,0.0,0.0,0.0,0.0,0.0,0.0,0.0,0.0,1.0,0.0,0.0,0.0,0.0,-100.0,0.0,-150.0,0.0,0.0,0.0,0.0,0.0,0.0,1,
Jorge Julio,27.0,NYM,NL,0.0,18.0,1.0,1.0,0.0,0.0,0.0,0.0,0.0,0.0,0.0,0.0,0.0,1.0,0.0,0.0,0.0,0.0,-100.0,0.0,-150.0,0.0,0.0,0.0,0.0,0.0,0.0,1,
Jorge Julio,27.0,ARI,NL,0.0,41.0,0.0,0.0,0.0,0.0,0.0,0.0,0.0,0.0,0.0,0.0,0.0,0.0,,,,,,,,0.0,0.0,0.0,0.0,0.0,0.0,1,
Jorge Piedra*,27.0,COL,NL,-0.7,43.0,64.0,59.0,4.0,10.0,2.0,0.0,3.0,10.0,1.0,0.0,3.0,22.0,0.169,0.222,0.356,0.578,40.0,0.254,23.0,21.0,2.0,1.0,0.0,0.0,0.0,H/D798,
Jorge Posada#,35.0,NYY,AL,4.0,143.0,545.0,465.0,65.0,129.0,27.0,2.0,23.0,93.0,3.0,0.0,64.0,97.0,0.277,0.374,0.492,0.867,122.0,0.386,127.0,229.0,10.0,11.0,0.0,5.0,1.0,*2H/D3,
Jorge Sosa,28.0,2TM,NL,0.3,43.0,32.0,24.0,4.0,3.0,0.0,0.0,3.0,3.0,0.0,0.0,2.0,11.0,0.125,0.192,0.5,0.692,69.0,0.281,52.0,12.0,0.0,0.0,6.0,0.0,0.0,1/H,
Jorge Sosa,28.0,ATL,NL,0.3,24.0,28.0,20.0,4.0,3.0,0.0,0.0,3.0,3.0,0.0,0.0,2.0,8.0,0.15,0.227,0.6,0.827,102.0,0.333,88.0,12.0,0.0,0.0,6.0,0.0,0.0,1/H,
Jorge Sosa,28.0,STL,NL,-0.1,19.0,4.0,4.0,0.0,0.0,0.0,0.0,0.0,0.0,0.0,0.0,0.0,3.0,0.0,0.0,0.0,0.0,-100.0,0.0,-143.0,0.0,0.0,0.0,0.0,0.0,0.0,1,
Josh Bard#,28.0,2TM,2LG,2.6,100.0,284.0,249.0,30.0,83.0,20.0,0.0,9.0,40.0,1.0,0.0,30.0,42.0,0.333,0.404,0.522,0.926,145.0,0.401,147.0,130.0,9.0,1.0,2.0,2.0,1.0,2H,
Josh Bard#,28.0,BOS,AL,0.2,7.0,21.0,18.0,2.0,5.0,1.0,0.0,0.0,0.0,0.0,0.0,3.0,3.0,0.278,0.381,0.333,0.714,84.0,0.334,88.0,6.0,0.0,0.0,0.0,0.0,0.0,/2,
Josh Bard#,28.0,SDP,NL,2.4,93.0,263.0,231.0,28.0,78.0,19.0,0.0,9.0,40.0,1.0,0.0,27.0,39.0,0.338,0.406,0.537,0.943,149.0,0.406,152.0,124.0,9.0,1.0,2.0,2.0,1.0,2H,
Josh Barfield,23.0,SDP,NL,3.1,150.0,578.0,539.0,72.0,151.0,32.0,3.0,13.0,58.0,21.0,5.0,30.0,81.0,0.28,0.318,0.423,0.741,96.0,0.337,100.0,228.0,8.0,2.0,2.0,5.0,7.0,*4/H,
Josh Beckett,26.0,BOS,AL,0.2,2.0,7.0,7.0,2.0,3.0,0.0,0.0,1.0,3.0,0.0,0.0,0.0,2.0,0.429,0.429,0.857,1.286,215.0,0.539,233.0,6.0,0.0,0.0,0.0,0.0,0.0,1,
Josh Fields,23.0,CHW,AL,0.3,11.0,25.0,20.0,4.0,3.0,2.0,0.0,1.0,2.0,0.0,0.0,5.0,8.0,0.15,0.32,0.4,0.72,82.0,0.32,79.0,8.0,0.0,0.0,0.0,0.0,0.0,/5HD7,
Josh Fogg,29.0,COL,NL,-0.1,32.0,70.0,51.0,5.0,5.0,1.0,0.0,0.0,2.0,0.0,0.0,3.0,20.0,0.098,0.164,0.118,0.281,-28.0,0.172,-67.0,6.0,0.0,1.0,15.0,0.0,0.0,1/H,
Josh Hancock,28.0,STL,NL,-0.1,60.0,8.0,6.0,0.0,0.0,0.0,0.0,0.0,0.0,0.0,0.0,1.0,6.0,0.0,0.143,0.0,0.143,-58.0,0.102,-96.0,0.0,0.0,0.0,1.0,0.0,0.0,1,
Josh Johnson*,22.0,FLA,NL,-0.2,30.0,49.0,42.0,1.0,4.0,2.0,0.0,0.0,3.0,0.0,0.0,1.0,23.0,0.095,0.116,0.143,0.259,-32.0,0.116,-79.0,6.0,0.0,0.0,6.0,0.0,0.0,1,ROY-4
Josh Kinney,27.0,STL,NL,0.0,21.0,0.0,0.0,0.0,0.0,0.0,0.0,0.0,0.0,0.0,0.0,0.0,0.0,,,,,,,,0.0,0.0,0.0,0.0,0.0,0.0,1,
Josh Paul,31.0,TBD,AL,0.1,58.0,165.0,146.0,15.0,38.0,9.0,0.0,1.0,8.0,1.0,2.0,14.0,39.0,0.26,0.327,0.342,0.67,75.0,0.315,83.0,50.0,2.0,1.0,3.0,1.0,0.0,2H/7D,
Josh Rabe,27.0,MIN,AL,0.2,24.0,51.0,49.0,8.0,14.0,1.0,0.0,3.0,7.0,0.0,1.0,2.0,11.0,0.286,0.314,0.49,0.804,106.0,0.35,112.0,24.0,3.0,0.0,0.0,0.0,0.0,D7/H9,
Josh Sharpless,25.0,PIT,NL,0.0,14.0,0.0,0.0,0.0,0.0,0.0,0.0,0.0,0.0,0.0,0.0,0.0,0.0,,,,,,,,0.0,0.0,0.0,0.0,0.0,0.0,1,
Josh Towers,29.0,TOR,AL,0.0,2.0,5.0,5.0,1.0,1.0,0.0,0.0,0.0,0.0,0.0,0.0,0.0,1.0,0.2,0.2,0.2,0.4,4.0,0.182,-15.0,1.0,0.0,0.0,0.0,0.0,0.0,1,
Josh Willingham,27.0,FLA,NL,2.2,142.0,573.0,502.0,62.0,139.0,28.0,2.0,26.0,74.0,2.0,0.0,54.0,109.0,0.277,0.356,0.496,0.852,121.0,0.382,130.0,249.0,13.0,11.0,0.0,6.0,2.0,*7/HD23,ROY-9
José Bautista,25.0,PIT,NL,-1.1,117.0,469.0,400.0,58.0,94.0,20.0,3.0,16.0,51.0,2.0,4.0,46.0,110.0,0.235,0.335,0.42,0.755,94.0,0.333,95.0,168.0,12.0,16.0,3.0,4.0,2.0,859/H74,
José Capellán,25.0,MIL,NL,0.0,60.0,2.0,2.0,0.0,0.0,0.0,0.0,0.0,0.0,0.0,0.0,0.0,2.0,0.0,0.0,0.0,0.0,-100.0,0.0,-150.0,0.0,0.0,0.0,0.0,0.0,0.0,1,
José Castillo,25.0,PIT,NL,-1.3,148.0,562.0,518.0,54.0,131.0,25.0,0.0,14.0,65.0,6.0,4.0,32.0,98.0,0.253,0.299,0.382,0.682,75.0,0.3,70.0,198.0,22.0,5.0,1.0,6.0,8.0,*4/H,
José Contreras,34.0,CHW,AL,0.0,2.0,6.0,4.0,1.0,0.0,0.0,0.0,0.0,0.0,0.0,0.0,2.0,2.0,0.0,0.333,0.0,0.333,-3.0,0.239,22.0,0.0,0.0,0.0,0.0,0.0,0.0,1,AS
José Cruz#,32.0,LAD,NL,0.5,86.0,273.0,223.0,34.0,52.0,16.0,1.0,5.0,17.0,5.0,1.0,43.0,54.0,0.233,0.353,0.381,0.734,88.0,0.342,94.0,85.0,3.0,0.0,4.0,3.0,2.0,79H8,
José García,21.0,FLA,NL,0.0,5.0,2.0,2.0,0.0,1.0,0.0,0.0,0.0,0.0,0.0,0.0,0.0,1.0,0.5,0.5,0.5,1.0,165.0,0.407,150.0,1.0,0.0,0.0,0.0,0.0,0.0,/1,
José Guillén,30.0,WSN,NL,-0.9,69.0,268.0,241.0,28.0,52.0,15.0,1.0,9.0,40.0,1.0,0.0,15.0,48.0,0.216,0.276,0.398,0.674,75.0,0.285,62.0,96.0,8.0,7.0,0.0,5.0,4.0,9/H,
José Hernández,36.0,2TM,NL,0.2,85.0,166.0,152.0,12.0,40.0,4.0,1.0,3.0,19.0,0.0,0.0,12.0,40.0,0.263,0.317,0.362,0.679,75.0,0.308,73.0,55.0,4.0,0.0,2.0,0.0,0.0,H356/947,
José Hernández,36.0,PIT,NL,0.3,67.0,132.0,120.0,8.0,32.0,2.0,1.0,2.0,12.0,0.0,0.0,11.0,29.0,0.267,0.328,0.35,0.678,76.0,0.312,78.0,42.0,3.0,0.0,1.0,0.0,0.0,H3/69547,
José Hernández,36.0,PHI,NL,-0.1,18.0,34.0,32.0,4.0,8.0,2.0,0.0,1.0,7.0,0.0,0.0,1.0,11.0,0.25,0.273,0.406,0.679,68.0,0.291,55.0,13.0,1.0,0.0,1.0,0.0,0.0,H/5693,
José Lima,33.0,NYM,NL,-0.1,4.0,6.0,5.0,0.0,0.0,0.0,0.0,0.0,0.0,0.0,0.0,0.0,3.0,0.0,0.0,0.0,0.0,-100.0,0.0,-190.0,0.0,0.0,0.0,1.0,0.0,0.0,/1,
José López,22.0,SEA,AL,2.8,151.0,655.0,603.0,78.0,170.0,28.0,8.0,10.0,79.0,5.0,2.0,26.0,80.0,0.282,0.319,0.405,0.723,89.0,0.326,89.0,244.0,17.0,9.0,12.0,5.0,1.0,*4/H,AS
José Mesa,40.0,COL,NL,0.0,76.0,1.0,1.0,0.0,0.0,0.0,0.0,0.0,0.0,0.0,0.0,0.0,0.0,0.0,0.0,0.0,0.0,-100.0,0.0,-158.0,0.0,0.0,0.0,0.0,0.0,0.0,1,
José Molina,31.0,LAA,AL,0.0,78.0,245.0,225.0,18.0,54.0,17.0,0.0,4.0,22.0,1.0,0.0,9.0,49.0,0.24,0.273,0.369,0.642,65.0,0.28,52.0,83.0,6.0,2.0,7.0,2.0,0.0,2/3H,
José Reyes#,23.0,NYM,NL,5.9,153.0,703.0,647.0,122.0,194.0,30.0,17.0,19.0,81.0,64.0,17.0,53.0,81.0,0.3,0.354,0.487,0.841,115.0,0.376,117.0,315.0,6.0,1.0,2.0,0.0,6.0,*6/H,"AS,MVP-7,SS"
José Reyes#,23.0,CHC,NL,-0.1,4.0,5.0,5.0,0.0,1.0,0.0,0.0,0.0,2.0,0.0,0.0,0.0,3.0,0.2,0.2,0.2,0.4,2.0,0.181,-20.0,1.0,0.0,0.0,0.0,0.0,0.0,/H2,
José Valentín#,36.0,NYM,NL,3.6,137.0,432.0,384.0,56.0,104.0,24.0,3.0,18.0,62.0,6.0,2.0,37.0,71.0,0.271,0.33,0.49,0.82,109.0,0.354,107.0,188.0,5.0,0.0,5.0,6.0,5.0,4H/7935,
José Valverde,28.0,ARI,NL,0.0,42.0,0.0,0.0,0.0,0.0,0.0,0.0,0.0,0.0,0.0,0.0,0.0,0.0,,,,,,,,0.0,0.0,0.0,0.0,0.0,0.0,1,
José Vidro#,31.0,WSN,NL,-0.8,126.0,511.0,463.0,52.0,134.0,26.0,1.0,7.0,47.0,1.0,0.0,41.0,48.0,0.289,0.348,0.395,0.744,96.0,0.332,96.0,183.0,16.0,3.0,0.0,4.0,3.0,4H/3D,
José Vizcaíno#,38.0,2TM,NL,-0.8,80.0,161.0,142.0,19.0,33.0,6.0,0.0,2.0,8.0,0.0,2.0,17.0,14.0,0.232,0.314,0.317,0.631,63.0,0.29,64.0,45.0,5.0,0.0,2.0,0.0,3.0,H643/5,
José Vizcaíno#,38.0,SFG,NL,-1.1,64.0,136.0,119.0,16.0,25.0,3.0,0.0,1.0,5.0,0.0,2.0,16.0,10.0,0.21,0.304,0.261,0.564,47.0,0.26,43.0,31.0,3.0,0.0,1.0,0.0,3.0,H643/5,
José Vizcaíno#,38.0,STL,NL,0.3,16.0,25.0,23.0,3.0,8.0,3.0,0.0,1.0,3.0,0.0,0.0,1.0,4.0,0.348,0.375,0.609,0.984,148.0,0.451,178.0,14.0,2.0,0.0,1.0,0.0,0.0,/H643,
Juan Castro,34.0,2TM,2LG,0.5,104.0,264.0,251.0,18.0,63.0,10.0,3.0,3.0,28.0,1.0,2.0,11.0,36.0,0.251,0.281,0.351,0.632,62.0,0.279,54.0,88.0,6.0,0.0,1.0,1.0,0.0,65H/4,
Juan Castro,34.0,MIN,AL,-0.5,50.0,164.0,156.0,10.0,36.0,5.0,2.0,1.0,14.0,1.0,1.0,6.0,23.0,0.231,0.258,0.308,0.565,47.0,0.249,35.0,48.0,6.0,0.0,1.0,1.0,0.0,6/H,
Juan Castro,34.0,CIN,NL,0.9,54.0,100.0,95.0,8.0,27.0,5.0,1.0,2.0,14.0,0.0,1.0,5.0,13.0,0.284,0.32,0.421,0.741,85.0,0.328,87.0,40.0,0.0,0.0,0.0,0.0,0.0,65H/4,
Juan Cruz,27.0,ARI,NL,-0.2,31.0,26.0,21.0,0.0,0.0,0.0,0.0,0.0,0.0,0.0,0.0,3.0,9.0,0.0,0.125,0.0,0.125,-64.0,0.089,-102.0,0.0,1.0,0.0,2.0,0.0,0.0,1,
Juan Encarnación,30.0,STL,NL,1.0,153.0,598.0,557.0,74.0,155.0,25.0,5.0,19.0,79.0,6.0,5.0,30.0,86.0,0.278,0.317,0.443,0.76,93.0,0.333,93.0,247.0,11.0,4.0,1.0,6.0,6.0,*98H/7,
Juan Mateo,23.0,CHC,NL,-0.2,12.0,14.0,12.0,1.0,0.0,0.0,0.0,0.0,0.0,0.0,0.0,0.0,9.0,0.0,0.0,0.0,0.0,-100.0,0.0,-189.0,0.0,0.0,0.0,2.0,0.0,0.0,1/H,
Juan Morillo,22.0,COL,NL,0.0,1.0,1.0,1.0,0.0,0.0,0.0,0.0,0.0,0.0,0.0,0.0,0.0,0.0,0.0,0.0,0.0,0.0,-100.0,0.0,-158.0,0.0,0.0,0.0,0.0,0.0,0.0,/1,
Juan Pierre*,28.0,CHC,NL,2.0,162.0,750.0,699.0,87.0,204.0,32.0,13.0,3.0,40.0,58.0,20.0,32.0,38.0,0.292,0.33,0.388,0.717,82.0,0.333,84.0,271.0,6.0,8.0,10.0,1.0,0.0,*8,
Juan Pérez,27.0,PIT,NL,0.0,7.0,0.0,0.0,0.0,0.0,0.0,0.0,0.0,0.0,0.0,0.0,0.0,0.0,,,,,,,,0.0,0.0,0.0,0.0,0.0,0.0,/1,
Juan Rincón,27.0,MIN,AL,0.0,5.0,0.0,0.0,0.0,0.0,0.0,0.0,0.0,0.0,0.0,0.0,0.0,0.0,,,,,,,,0.0,0.0,0.0,0.0,0.0,0.0,1,
Juan Rivera,27.0,LAA,AL,3.4,124.0,494.0,448.0,65.0,139.0,27.0,0.0,23.0,85.0,0.0,4.0,33.0,59.0,0.31,0.362,0.525,0.887,126.0,0.386,132.0,235.0,14.0,7.0,0.0,6.0,0.0,798D/H,
Juan Uribe,27.0,CHW,AL,0.6,132.0,495.0,463.0,53.0,109.0,28.0,2.0,21.0,71.0,1.0,1.0,13.0,82.0,0.235,0.257,0.441,0.698,73.0,0.304,67.0,204.0,10.0,3.0,9.0,7.0,1.0,*6/H,
Julio Franco,47.0,NYM,NL,0.0,95.0,179.0,165.0,14.0,45.0,10.0,0.0,2.0,26.0,6.0,1.0,13.0,49.0,0.273,0.33,0.37,0.699,81.0,0.314,76.0,61.0,11.0,1.0,0.0,0.0,2.0,H3/5D,
Julio Lugo,30.0,2TM,2LG,1.1,122.0,486.0,435.0,69.0,121.0,22.0,2.0,12.0,37.0,24.0,9.0,39.0,76.0,0.278,0.341,0.421,0.762,96.0,0.344,98.0,183.0,9.0,4.0,5.0,3.0,0.0,645H/97,
Julio Lugo,30.0,TBD,AL,2.0,73.0,322.0,289.0,53.0,89.0,17.0,1.0,12.0,27.0,18.0,4.0,27.0,47.0,0.308,0.373,0.498,0.871,124.0,0.39,128.0,144.0,7.0,3.0,3.0,0.0,0.0,6,
Julio Lugo,30.0,LAD,NL,-1.0,49.0,164.0,146.0,16.0,32.0,5.0,1.0,0.0,10.0,6.0,5.0,12.0,29.0,0.219,0.278,0.267,0.545,41.0,0.253,37.0,39.0,2.0,1.0,2.0,3.0,0.0,45H/697,
Julio Mateo,28.0,SEA,AL,0.0,5.0,0.0,0.0,0.0,0.0,0.0,0.0,0.0,0.0,0.0,0.0,0.0,0.0,,,,,,,,0.0,0.0,0.0,0.0,0.0,0.0,1,
Julio Mañón*,33.0,BAL,AL,0.0,1.0,0.0,0.0,0.0,0.0,0.0,0.0,0.0,0.0,0.0,0.0,0.0,0.0,,,,,,,,0.0,0.0,0.0,0.0,0.0,0.0,1,
Julio Santana,33.0,PHI,NL,0.0,7.0,2.0,1.0,0.0,0.0,0.0,0.0,0.0,0.0,0.0,0.0,0.0,1.0,0.0,0.0,0.0,0.0,-100.0,0.0,-408.0,0.0,0.0,0.0,1.0,0.0,0.0,/1,
Julián Tavárez*,33.0,BOS,AL,0.0,5.0,0.0,0.0,0.0,0.0,0.0,0.0,0.0,0.0,0.0,0.0,0.0,0.0,,,,,,,,0.0,0.0,0.0,0.0,0.0,0.0,1,
Justin Duchscherer,28.0,OAK,AL,0.0,2.0,0.0,0.0,0.0,0.0,0.0,0.0,0.0,0.0,0.0,0.0,0.0,0.0,,,,,,,,0.0,0.0,0.0,0.0,0.0,0.0,1,
Justin Germano,23.0,CIN,NL,0.0,2.0,3.0,2.0,0.0,0.0,0.0,0.0,0.0,0.0,0.0,0.0,0.0,2.0,0.0,0.0,0.0,0.0,-100.0,0.0,-279.0,0.0,0.0,0.0,1.0,0.0,0.0,/1,
Justin Hampson*,26.0,COL,NL,0.0,5.0,5.0,3.0,2.0,0.0,0.0,0.0,0.0,0.0,0.0,0.0,1.0,1.0,0.0,0.25,0.0,0.25,-30.0,0.178,-59.0,0.0,0.0,0.0,1.0,0.0,0.0,/1,
Justin Huber,23.0,KCR,AL,-0.1,5.0,11.0,10.0,1.0,2.0,1.0,0.0,0.0,1.0,1.0,0.0,1.0,4.0,0.2,0.273,0.3,0.573,48.0,0.281,39.0,3.0,0.0,0.0,0.0,0.0,0.0,/DH,
Justin Knoedler,25.0,SFG,NL,-0.1,5.0,7.0,7.0,0.0,1.0,0.0,0.0,0.0,0.0,0.0,0.0,0.0,1.0,0.143,0.143,0.143,0.286,-26.0,0.259,39.0,1.0,0.0,0.0,0.0,0.0,0.0,/2H,
Justin Lehr,28.0,MIL,NL,0.0,16.0,0.0,0.0,0.0,0.0,0.0,0.0,0.0,0.0,0.0,0.0,0.0,0.0,,,,,,,,0.0,0.0,0.0,0.0,0.0,0.0,1,
Justin Leone,29.0,SDP,NL,0.0,1.0,1.0,1.0,0.0,0.0,0.0,0.0,0.0,0.0,0.0,0.0,0.0,0.0,0.0,0.0,0.0,0.0,-100.0,0.0,-142.0,0.0,0.0,0.0,0.0,0.0,0.0,/H,
Justin Morneau*,25.0,MIN,AL,4.3,157.0,661.0,592.0,97.0,190.0,37.0,1.0,34.0,130.0,3.0,3.0,53.0,93.0,0.321,0.375,0.559,0.934,140.0,0.395,139.0,331.0,10.0,5.0,0.0,11.0,9.0,*3/DH,"MVP-1,SS"
Justin Speier,32.0,TOR,AL,0.0,5.0,0.0,0.0,0.0,0.0,0.0,0.0,0.0,0.0,0.0,0.0,0.0,0.0,,,,,,,,0.0,0.0,0.0,0.0,0.0,0.0,1,
Justin Verlander,23.0,DET,AL,0.0,1.0,2.0,1.0,0.0,0.0,0.0,0.0,0.0,0.0,0.0,0.0,0.0,0.0,0.0,0.0,0.0,0.0,-100.0,0.0,-400.0,0.0,0.0,0.0,1.0,0.0,0.0,1,"CYA-7,MVP-15,ROY-1"
Kazuo Matsui#,30.0,2TM,NL,0.2,70.0,265.0,243.0,32.0,65.0,12.0,3.0,3.0,26.0,10.0,1.0,16.0,46.0,0.267,0.31,0.379,0.689,74.0,0.316,70.0,92.0,1.0,0.0,4.0,2.0,1.0,4H/6,
Kazuo Matsui#,30.0,NYM,NL,-0.4,38.0,139.0,130.0,10.0,26.0,6.0,0.0,1.0,7.0,2.0,0.0,6.0,19.0,0.2,0.235,0.269,0.505,31.0,0.224,11.0,35.0,1.0,0.0,3.0,0.0,1.0,4/H,
Kazuo Matsui#,30.0,COL,NL,0.5,32.0,126.0,113.0,22.0,39.0,6.0,3.0,2.0,19.0,8.0,1.0,10.0,27.0,0.345,0.392,0.504,0.896,120.0,0.415,133.0,57.0,0.0,0.0,1.0,2.0,0.0,4/H6,
Keith Foulke,33.0,BOS,AL,0.0,1.0,0.0,0.0,0.0,0.0,0.0,0.0,0.0,0.0,0.0,0.0,0.0,0.0,,,,,,,,0.0,0.0,0.0,0.0,0.0,0.0,1,
Kelly Shoppach,26.0,CLE,AL,0.5,41.0,120.0,110.0,7.0,27.0,6.0,0.0,3.0,16.0,0.0,0.0,8.0,45.0,0.245,0.297,0.382,0.678,75.0,0.307,73.0,42.0,2.0,0.0,2.0,0.0,0.0,2/H,
Kelly Stinnett,36.0,2TM,2LG,-0.3,41.0,99.0,91.0,6.0,19.0,3.0,0.0,1.0,9.0,0.0,0.0,5.0,33.0,0.209,0.258,0.275,0.532,38.0,0.238,22.0,25.0,0.0,1.0,2.0,0.0,1.0,2/H,
Kelly Stinnett,36.0,NYY,AL,-0.2,34.0,87.0,79.0,6.0,18.0,3.0,0.0,1.0,9.0,0.0,0.0,5.0,29.0,0.228,0.282,0.304,0.586,52.0,0.261,37.0,24.0,0.0,1.0,2.0,0.0,1.0,2/H,
Kelly Stinnett,36.0,NYM,NL,-0.1,7.0,12.0,12.0,0.0,1.0,0.0,0.0,0.0,0.0,0.0,0.0,0.0,4.0,0.083,0.083,0.083,0.167,-56.0,0.076,-90.0,1.0,0.0,0.0,0.0,0.0,0.0,/2,
Kelvim Escobar,30.0,LAA,AL,-0.1,2.0,4.0,4.0,0.0,0.0,0.0,0.0,0.0,0.0,0.0,0.0,0.0,3.0,0.0,0.0,0.0,0.0,-100.0,0.0,-145.0,0.0,0.0,0.0,0.0,0.0,0.0,1,
Ken Griffey Jr.*,36.0,CIN,NL,-0.1,109.0,472.0,428.0,62.0,108.0,19.0,0.0,27.0,72.0,0.0,0.0,39.0,78.0,0.252,0.316,0.486,0.802,99.0,0.342,93.0,208.0,13.0,2.0,0.0,3.0,6.0,8/HD,
Ken Huckaby,35.0,BOS,AL,-0.1,8.0,5.0,5.0,0.0,1.0,0.0,0.0,0.0,1.0,0.0,0.0,0.0,0.0,0.2,0.2,0.2,0.4,2.0,0.182,-19.0,1.0,1.0,0.0,0.0,0.0,0.0,/2H,
Ken Ray,31.0,ATL,NL,0.0,68.0,1.0,1.0,0.0,0.0,0.0,0.0,0.0,0.0,0.0,0.0,0.0,0.0,0.0,0.0,0.0,0.0,-100.0,0.0,-150.0,0.0,0.0,0.0,0.0,0.0,0.0,1,
Kendrys Morales#,23.0,LAA,AL,0.1,57.0,215.0,197.0,21.0,46.0,10.0,1.0,5.0,22.0,1.0,1.0,17.0,28.0,0.234,0.293,0.371,0.664,71.0,0.29,61.0,73.0,11.0,0.0,0.0,1.0,1.0,3/H,
Kenji Johjima,30.0,SEA,AL,2.6,144.0,542.0,506.0,61.0,147.0,25.0,1.0,18.0,76.0,3.0,1.0,20.0,46.0,0.291,0.332,0.451,0.783,103.0,0.363,115.0,228.0,15.0,13.0,0.0,3.0,1.0,*2/H,ROY-4
Kenny Lofton*,39.0,LAD,NL,0.8,129.0,522.0,469.0,79.0,141.0,15.0,12.0,3.0,41.0,32.0,5.0,45.0,42.0,0.301,0.36,0.403,0.763,95.0,0.362,103.0,189.0,16.0,0.0,6.0,2.0,1.0,*8/HD,
Kenny Rogers*,41.0,DET,AL,0.0,2.0,7.0,7.0,0.0,1.0,1.0,0.0,0.0,0.0,0.0,0.0,0.0,2.0,0.143,0.143,0.286,0.429,7.0,0.177,-20.0,2.0,0.0,0.0,0.0,0.0,0.0,1,"AS,CYA-5,MVP-26,GG"
Kent Mercker*,38.0,CIN,NL,0.0,36.0,0.0,0.0,0.0,0.0,0.0,0.0,0.0,0.0,0.0,0.0,0.0,0.0,,,,,,,,0.0,0.0,0.0,0.0,0.0,0.0,1,
Kerry Robinson*,32.0,KCR,AL,-0.5,18.0,67.0,64.0,8.0,17.0,2.0,1.0,0.0,5.0,1.0,1.0,1.0,7.0,0.266,0.277,0.328,0.605,56.0,0.259,39.0,21.0,1.0,0.0,2.0,0.0,0.0,8/H79,
Kerry Wood,29.0,CHC,NL,0.2,4.0,6.0,6.0,0.0,3.0,1.0,0.0,0.0,2.0,0.0,0.0,0.0,0.0,0.5,0.5,0.667,1.167,193.0,0.493,201.0,4.0,0.0,0.0,0.0,0.0,0.0,/1,
Kevin Barker*,30.0,TOR,AL,0.0,12.0,18.0,17.0,3.0,4.0,1.0,0.0,1.0,1.0,0.0,0.0,1.0,10.0,0.235,0.278,0.471,0.748,89.0,0.318,81.0,8.0,0.0,0.0,0.0,0.0,0.0,/HD39,
Kevin Barry,27.0,ATL,NL,0.0,18.0,2.0,2.0,0.0,0.0,0.0,0.0,0.0,0.0,0.0,0.0,0.0,1.0,0.0,0.0,0.0,0.0,-100.0,0.0,-150.0,0.0,0.0,0.0,0.0,0.0,0.0,1,
Kevin Correia,25.0,SFG,NL,-0.1,47.0,12.0,12.0,1.0,1.0,0.0,0.0,0.0,0.0,0.0,0.0,0.0,7.0,0.083,0.083,0.083,0.167,-57.0,0.076,-92.0,1.0,0.0,0.0,0.0,0.0,0.0,1,
Kevin Frandsen,24.0,SFG,NL,-0.3,41.0,102.0,93.0,12.0,20.0,4.0,0.0,2.0,7.0,0.0,1.0,3.0,14.0,0.215,0.284,0.323,0.607,56.0,0.269,49.0,30.0,3.0,6.0,0.0,0.0,0.0,4H/6,
Kevin Gregg,28.0,LAA,AL,0.0,3.0,3.0,3.0,0.0,0.0,0.0,0.0,0.0,0.0,0.0,0.0,0.0,2.0,0.0,0.0,0.0,0.0,-100.0,0.0,-143.0,0.0,0.0,0.0,0.0,0.0,0.0,1,
Kevin Gryboski,32.0,WSN,NL,0.0,6.0,0.0,0.0,0.0,0.0,0.0,0.0,0.0,0.0,0.0,0.0,0.0,0.0,,,,,,,,0.0,0.0,0.0,0.0,0.0,0.0,/1,
Kevin Hooper,29.0,DET,AL,0.1,8.0,5.0,3.0,1.0,0.0,0.0,0.0,0.0,0.0,0.0,0.0,1.0,1.0,0.0,0.25,0.0,0.25,-26.0,0.179,-47.0,0.0,0.0,0.0,1.0,0.0,0.0,/H45D,
Kevin Jarvis*,36.0,ARI,NL,0.0,4.0,0.0,0.0,0.0,0.0,0.0,0.0,0.0,0.0,0.0,0.0,0.0,0.0,,,,,,,,0.0,0.0,0.0,0.0,0.0,0.0,/1,
Kevin Kouzmanoff,24.0,CLE,AL,-0.2,16.0,61.0,56.0,4.0,12.0,2.0,0.0,3.0,11.0,0.0,0.0,5.0,12.0,0.214,0.279,0.411,0.689,77.0,0.3,69.0,23.0,3.0,0.0,0.0,0.0,0.0,D/5H,
Kevin Mench,28.0,2TM,2LG,-0.3,127.0,482.0,446.0,45.0,120.0,24.0,2.0,13.0,68.0,1.0,0.0,27.0,59.0,0.269,0.313,0.419,0.733,87.0,0.326,85.0,187.0,8.0,4.0,0.0,5.0,5.0,*97D/H,
Kevin Mench,28.0,TEX,AL,0.5,87.0,349.0,320.0,36.0,91.0,18.0,1.0,12.0,50.0,1.0,0.0,23.0,42.0,0.284,0.338,0.459,0.797,104.0,0.352,103.0,147.0,4.0,4.0,0.0,2.0,5.0,97D/H,
Kevin Mench,28.0,MIL,NL,-0.8,40.0,133.0,126.0,9.0,29.0,6.0,1.0,1.0,18.0,0.0,0.0,4.0,17.0,0.23,0.248,0.317,0.566,44.0,0.258,37.0,40.0,4.0,0.0,0.0,3.0,0.0,7/H,
Kevin Millar,34.0,BAL,AL,0.4,132.0,503.0,430.0,64.0,117.0,26.0,0.0,15.0,64.0,1.0,1.0,59.0,74.0,0.272,0.374,0.437,0.811,111.0,0.361,113.0,188.0,14.0,12.0,0.0,2.0,3.0,3D/H,
Kevin Millwood,31.0,TEX,AL,-0.1,2.0,6.0,5.0,0.0,0.0,0.0,0.0,0.0,0.0,0.0,0.0,0.0,3.0,0.0,0.0,0.0,0.0,-100.0,0.0,-192.0,0.0,0.0,0.0,1.0,0.0,0.0,1,
Kevin Reese*,28.0,NYY,AL,0.2,10.0,14.0,12.0,2.0,5.0,0.0,0.0,0.0,1.0,1.0,0.0,1.0,1.0,0.417,0.5,0.417,0.917,141.0,0.445,158.0,5.0,0.0,1.0,0.0,0.0,0.0,/H79D,
Kevin Thompson,26.0,NYY,AL,0.4,19.0,37.0,30.0,5.0,9.0,3.0,0.0,1.0,6.0,2.0,0.0,6.0,9.0,0.3,0.417,0.5,0.917,136.0,0.408,135.0,15.0,0.0,0.0,1.0,0.0,0.0,9/H78D,
Kevin Witt*,30.0,TBD,AL,-1.0,19.0,61.0,61.0,5.0,9.0,2.0,0.0,2.0,5.0,0.0,0.0,0.0,21.0,0.148,0.148,0.279,0.426,7.0,0.179,-16.0,17.0,1.0,0.0,0.0,0.0,0.0,D/3H,
Kevin Youkilis,27.0,BOS,AL,2.7,147.0,680.0,569.0,100.0,159.0,42.0,2.0,13.0,72.0,5.0,2.0,91.0,120.0,0.279,0.381,0.429,0.81,106.0,0.367,111.0,244.0,12.0,9.0,0.0,11.0,0.0,*375/H,
Khalil Greene,26.0,SDP,NL,2.6,121.0,460.0,412.0,56.0,101.0,26.0,2.0,15.0,55.0,5.0,1.0,39.0,87.0,0.245,0.32,0.427,0.747,97.0,0.335,101.0,176.0,15.0,7.0,0.0,2.0,0.0,*6/H,
Kiko Calero,31.0,OAK,AL,0.0,4.0,0.0,0.0,0.0,0.0,0.0,0.0,0.0,0.0,0.0,0.0,0.0,0.0,,,,,,,,0.0,0.0,0.0,0.0,0.0,0.0,1,
Kip Wells,29.0,PIT,NL,-0.1,6.0,12.0,11.0,0.0,1.0,0.0,0.0,0.0,0.0,0.0,0.0,0.0,8.0,0.091,0.091,0.091,0.182,-53.0,0.082,-101.0,1.0,0.0,0.0,1.0,0.0,0.0,/1,
Kris Benson,31.0,BAL,AL,0.0,3.0,9.0,9.0,1.0,1.0,0.0,0.0,1.0,2.0,0.0,0.0,0.0,3.0,0.111,0.111,0.444,0.556,35.0,0.217,11.0,4.0,0.0,0.0,0.0,0.0,0.0,1,
Kurt Birkins*,25.0,BAL,AL,0.0,4.0,0.0,0.0,0.0,0.0,0.0,0.0,0.0,0.0,0.0,0.0,0.0,0.0,,,,,,,,0.0,0.0,0.0,0.0,0.0,0.0,1,
Kyle Davies,22.0,ATL,NL,-0.1,14.0,24.0,23.0,1.0,1.0,0.0,0.0,1.0,1.0,0.0,0.0,0.0,8.0,0.043,0.043,0.174,0.217,-48.0,0.125,-63.0,4.0,0.0,0.0,1.0,0.0,0.0,1,
Kyle Farnsworth,30.0,NYY,AL,0.0,7.0,0.0,0.0,0.0,0.0,0.0,0.0,0.0,0.0,0.0,0.0,0.0,0.0,,,,,,,,0.0,0.0,0.0,0.0,0.0,0.0,1,
Kyle Lohse,27.0,2TM,2LG,0.1,14.0,24.0,23.0,2.0,4.0,1.0,0.0,0.0,3.0,0.0,0.0,0.0,10.0,0.174,0.174,0.217,0.391,-2.0,0.168,-35.0,5.0,0.0,0.0,1.0,0.0,0.0,1,
Kyle Lohse,27.0,MIN,AL,0.0,2.0,0.0,0.0,0.0,0.0,0.0,0.0,0.0,0.0,0.0,0.0,0.0,0.0,,,,,,,,0.0,0.0,0.0,0.0,0.0,0.0,1,
Kyle Lohse,27.0,CIN,NL,0.1,12.0,24.0,23.0,2.0,4.0,1.0,0.0,0.0,3.0,0.0,0.0,0.0,10.0,0.174,0.174,0.217,0.391,-2.0,0.168,-35.0,5.0,0.0,0.0,1.0,0.0,0.0,1,
Lance Berkman#,30.0,HOU,NL,6.0,152.0,646.0,536.0,95.0,169.0,29.0,0.0,45.0,136.0,3.0,2.0,98.0,106.0,0.315,0.42,0.621,1.041,163.0,0.436,166.0,333.0,11.0,4.0,0.0,8.0,22.0,*39/7HD,"AS,MVP-3"
Lance Carter,31.0,LAD,NL,0.0,10.0,0.0,0.0,0.0,0.0,0.0,0.0,0.0,0.0,0.0,0.0,0.0,0.0,,,,,,,,0.0,0.0,0.0,0.0,0.0,0.0,1,
Lance Cormier,25.0,ATL,NL,-0.1,28.0,14.0,12.0,0.0,1.0,0.0,0.0,0.0,0.0,0.0,0.0,0.0,4.0,0.083,0.083,0.083,0.167,-57.0,0.076,-123.0,1.0,0.0,0.0,2.0,0.0,0.0,1,
Lance Niekro,27.0,SFG,NL,0.0,66.0,210.0,199.0,27.0,49.0,9.0,2.0,5.0,31.0,0.0,0.0,11.0,32.0,0.246,0.286,0.387,0.673,71.0,0.306,72.0,77.0,7.0,0.0,0.0,0.0,0.0,3H,
Larry Bigbie*,28.0,STL,NL,-0.1,17.0,28.0,25.0,2.0,6.0,1.0,0.0,0.0,1.0,0.0,0.0,3.0,9.0,0.24,0.321,0.28,0.601,58.0,0.272,49.0,7.0,1.0,0.0,0.0,0.0,0.0,7/H9,
Lastings Milledge,21.0,NYM,NL,-0.6,56.0,185.0,166.0,14.0,40.0,7.0,2.0,4.0,22.0,1.0,2.0,12.0,39.0,0.241,0.31,0.38,0.689,78.0,0.3,72.0,63.0,4.0,5.0,1.0,1.0,4.0,79/H,
LaTroy Hawkins,33.0,BAL,AL,0.0,3.0,0.0,0.0,0.0,0.0,0.0,0.0,0.0,0.0,0.0,0.0,0.0,0.0,,,,,,,,0.0,0.0,0.0,0.0,0.0,0.0,1,
Laynce Nix*,25.0,2TM,2LG,-0.4,19.0,70.0,67.0,3.0,11.0,2.0,0.0,1.0,10.0,0.0,0.0,0.0,28.0,0.164,0.186,0.239,0.425,8.0,0.187,-14.0,16.0,1.0,2.0,0.0,1.0,0.0,8/H,
Laynce Nix*,25.0,TEX,AL,-0.1,9.0,34.0,32.0,1.0,3.0,1.0,0.0,0.0,4.0,0.0,0.0,0.0,17.0,0.094,0.118,0.125,0.243,-37.0,0.112,-66.0,4.0,0.0,1.0,0.0,1.0,0.0,/8,
Laynce Nix*,25.0,MIL,NL,-0.2,10.0,36.0,35.0,2.0,8.0,1.0,0.0,1.0,6.0,0.0,0.0,0.0,11.0,0.229,0.25,0.343,0.593,50.0,0.258,37.0,12.0,1.0,1.0,0.0,0.0,0.0,/8H,
Lenny DiNardo*,26.0,BOS,AL,0.0,1.0,1.0,1.0,0.0,0.0,0.0,0.0,0.0,0.0,0.0,0.0,0.0,1.0,0.0,0.0,0.0,0.0,-100.0,0.0,-158.0,0.0,0.0,0.0,0.0,0.0,0.0,1,
Les Walrond*,29.0,CHC,NL,0.0,10.0,3.0,2.0,0.0,0.0,0.0,0.0,0.0,0.0,0.0,0.0,0.0,1.0,0.0,0.0,0.0,0.0,-100.0,0.0,-275.0,0.0,0.0,0.0,1.0,0.0,0.0,1,
Lew Ford,29.0,MIN,AL,0.1,104.0,255.0,234.0,40.0,53.0,6.0,1.0,4.0,18.0,9.0,1.0,16.0,43.0,0.226,0.287,0.312,0.599,57.0,0.28,52.0,73.0,5.0,4.0,1.0,0.0,0.0,7H98/D,
Liván Hernández,31.0,2TM,NL,0.4,35.0,82.0,68.0,6.0,14.0,5.0,0.0,1.0,6.0,0.0,0.0,1.0,7.0,0.206,0.217,0.324,0.541,38.0,0.234,10.0,22.0,0.0,0.0,13.0,0.0,0.0,1/H,
Liván Hernández,31.0,WSN,NL,0.6,24.0,55.0,45.0,6.0,12.0,4.0,0.0,1.0,6.0,0.0,0.0,1.0,3.0,0.267,0.283,0.422,0.705,83.0,0.304,72.0,19.0,0.0,0.0,9.0,0.0,0.0,1/H,
Liván Hernández,31.0,ARI,NL,-0.2,11.0,27.0,23.0,0.0,2.0,1.0,0.0,0.0,0.0,0.0,0.0,0.0,4.0,0.087,0.087,0.13,0.217,-46.0,0.093,-115.0,3.0,0.0,0.0,4.0,0.0,0.0,1/H,
Logan Kensing,23.0,FLA,NL,0.0,34.0,1.0,1.0,0.0,0.0,0.0,0.0,0.0,0.0,0.0,0.0,0.0,1.0,0.0,0.0,0.0,0.0,-100.0,0.0,-142.0,0.0,0.0,0.0,0.0,0.0,0.0,1/H,
Lou Merloni,35.0,CLE,AL,-0.3,9.0,23.0,19.0,1.0,4.0,1.0,0.0,0.0,1.0,1.0,0.0,2.0,5.0,0.211,0.286,0.263,0.549,45.0,0.259,26.0,5.0,1.0,0.0,2.0,0.0,0.0,/456H,
Luis Castillo#,30.0,MIN,AL,2.3,142.0,652.0,584.0,84.0,173.0,22.0,6.0,3.0,49.0,25.0,11.0,56.0,58.0,0.296,0.358,0.37,0.728,91.0,0.333,94.0,216.0,14.0,1.0,9.0,2.0,0.0,*4,
Luis Figueroa#,32.0,TOR,AL,-0.3,8.0,9.0,9.0,1.0,1.0,1.0,0.0,0.0,0.0,0.0,0.0,0.0,2.0,0.111,0.111,0.222,0.333,-17.0,0.138,-47.0,2.0,0.0,0.0,0.0,0.0,0.0,/46H,
Luis Gonzalez*,38.0,ARI,NL,1.0,153.0,668.0,586.0,93.0,159.0,52.0,2.0,15.0,73.0,0.0,1.0,69.0,58.0,0.271,0.352,0.444,0.795,99.0,0.349,98.0,260.0,14.0,7.0,0.0,6.0,10.0,*7/HD,
Luis González,27.0,COL,NL,-0.6,61.0,158.0,149.0,7.0,36.0,9.0,1.0,2.0,14.0,1.0,1.0,4.0,27.0,0.242,0.269,0.356,0.625,53.0,0.281,46.0,53.0,3.0,2.0,2.0,1.0,0.0,4H/3957,
Luis Matos,27.0,2TM,2LG,-0.1,69.0,149.0,136.0,16.0,28.0,9.0,1.0,2.0,5.0,7.0,0.0,10.0,23.0,0.206,0.27,0.331,0.601,56.0,0.29,55.0,45.0,3.0,2.0,1.0,0.0,0.0,7H98/D,
Luis Matos,27.0,BAL,AL,-0.4,55.0,134.0,121.0,14.0,25.0,7.0,1.0,2.0,5.0,7.0,0.0,10.0,21.0,0.207,0.278,0.331,0.609,58.0,0.291,54.0,40.0,3.0,2.0,1.0,0.0,0.0,7H9/8D,
Luis Matos,27.0,WSN,NL,0.2,14.0,15.0,15.0,2.0,3.0,2.0,0.0,0.0,0.0,0.0,0.0,0.0,2.0,0.2,0.2,0.333,0.533,37.0,0.286,64.0,5.0,0.0,0.0,0.0,0.0,0.0,H/87,
Luis Ordaz,30.0,TBD,AL,-0.1,1.0,2.0,2.0,0.0,0.0,0.0,0.0,0.0,0.0,0.0,0.0,0.0,0.0,0.0,0.0,0.0,0.0,-100.0,0.0,-140.0,0.0,0.0,0.0,0.0,0.0,0.0,/6,
Luis Rodríguez#,26.0,MIN,AL,-0.2,59.0,132.0,115.0,11.0,27.0,4.0,0.0,2.0,6.0,0.0,0.0,14.0,16.0,0.235,0.315,0.322,0.637,68.0,0.289,61.0,37.0,3.0,0.0,2.0,1.0,1.0,5H4/D63,
Luis Terrero,26.0,BAL,AL,-0.4,27.0,42.0,40.0,4.0,8.0,1.0,0.0,1.0,6.0,0.0,3.0,1.0,7.0,0.2,0.238,0.3,0.538,39.0,0.224,41.0,12.0,0.0,1.0,0.0,0.0,0.0,7H/89D,
Luis Vizcaíno,31.0,ARI,NL,0.0,67.0,0.0,0.0,0.0,0.0,0.0,0.0,0.0,0.0,0.0,0.0,0.0,0.0,,,,,,,,0.0,0.0,0.0,0.0,0.0,0.0,1,
Luke Hudson,29.0,KCR,AL,0.0,2.0,0.0,0.0,0.0,0.0,0.0,0.0,0.0,0.0,0.0,0.0,0.0,0.0,,,,,,,,0.0,0.0,0.0,0.0,0.0,0.0,1,
Luke Scott*,28.0,HOU,NL,2.5,65.0,249.0,214.0,31.0,72.0,19.0,6.0,10.0,37.0,2.0,1.0,30.0,43.0,0.336,0.426,0.621,1.047,165.0,0.436,164.0,133.0,2.0,4.0,0.0,1.0,4.0,79/H8,
Lyle Overbay*,29.0,TOR,AL,3.3,157.0,640.0,581.0,82.0,181.0,46.0,1.0,22.0,92.0,5.0,3.0,55.0,96.0,0.312,0.372,0.508,0.88,125.0,0.381,126.0,295.0,19.0,2.0,0.0,2.0,7.0,*3D/H,
Macay McBride*,23.0,ATL,NL,0.0,68.0,0.0,0.0,0.0,0.0,0.0,0.0,0.0,0.0,0.0,0.0,0.0,0.0,,,,,,,,0.0,0.0,0.0,0.0,0.0,0.0,1,
Magglio Ordóñez,32.0,DET,AL,1.9,155.0,646.0,593.0,82.0,177.0,32.0,1.0,24.0,104.0,1.0,4.0,45.0,87.0,0.298,0.35,0.477,0.827,112.0,0.363,115.0,283.0,13.0,4.0,0.0,4.0,3.0,*9/DH,"AS,MVP-22"
Maicer Izturis#,25.0,LAA,AL,1.8,104.0,399.0,352.0,64.0,103.0,21.0,3.0,5.0,44.0,14.0,6.0,38.0,35.0,0.293,0.365,0.412,0.777,102.0,0.355,107.0,145.0,7.0,3.0,5.0,1.0,1.0,5H6/4D,
Manny Alexander,35.0,SDP,NL,-0.2,22.0,39.0,34.0,2.0,6.0,1.0,1.0,0.0,4.0,0.0,1.0,2.0,5.0,0.176,0.216,0.265,0.481,28.0,0.192,1.0,9.0,0.0,0.0,2.0,1.0,2.0,5/6H,
Manny Corpas,23.0,COL,NL,0.0,35.0,0.0,0.0,0.0,0.0,0.0,0.0,0.0,0.0,0.0,0.0,0.0,0.0,,,,,,,,0.0,0.0,0.0,0.0,0.0,0.0,1,
Manny Delcarmen,24.0,BOS,AL,0.0,5.0,0.0,0.0,0.0,0.0,0.0,0.0,0.0,0.0,0.0,0.0,0.0,0.0,,,,,,,,0.0,0.0,0.0,0.0,0.0,0.0,1,
Manny Ramírez,34.0,BOS,AL,4.5,130.0,558.0,449.0,79.0,144.0,27.0,1.0,35.0,102.0,0.0,1.0,100.0,102.0,0.321,0.439,0.619,1.058,165.0,0.446,169.0,278.0,13.0,1.0,0.0,8.0,16.0,*7/DH,"AS,MVP-18,SS"
Marco Scutaro,30.0,OAK,AL,0.2,117.0,423.0,365.0,52.0,97.0,21.0,6.0,5.0,41.0,5.0,1.0,50.0,66.0,0.266,0.35,0.397,0.747,96.0,0.344,101.0,145.0,16.0,0.0,3.0,5.0,0.0,645/H7,
Marcus Giles,28.0,ATL,NL,0.7,141.0,626.0,550.0,87.0,144.0,32.0,2.0,11.0,60.0,10.0,5.0,62.0,105.0,0.262,0.341,0.387,0.729,87.0,0.333,91.0,213.0,12.0,6.0,5.0,3.0,0.0,*4/H,
Marcus Thames,29.0,DET,AL,1.1,110.0,390.0,348.0,61.0,89.0,20.0,2.0,26.0,60.0,1.0,1.0,37.0,92.0,0.256,0.333,0.549,0.882,123.0,0.376,122.0,191.0,0.0,4.0,0.0,1.0,0.0,7D/H9,
Mariano Rivera,36.0,NYY,AL,0.0,10.0,1.0,1.0,0.0,0.0,0.0,0.0,0.0,0.0,0.0,0.0,0.0,1.0,0.0,0.0,0.0,0.0,-100.0,0.0,-150.0,0.0,0.0,0.0,0.0,0.0,0.0,1,"AS,MVP-26"
Mark Bellhorn#,31.0,SDP,NL,0.9,115.0,288.0,253.0,26.0,48.0,11.0,2.0,8.0,27.0,0.0,0.0,32.0,90.0,0.19,0.285,0.344,0.629,67.0,0.287,68.0,87.0,3.0,2.0,0.0,1.0,0.0,5H34/D9,
Mark Buehrle*,27.0,CHW,AL,-0.1,2.0,5.0,4.0,0.0,0.0,0.0,0.0,0.0,0.0,0.0,0.0,0.0,1.0,0.0,0.0,0.0,0.0,-100.0,0.0,-212.0,0.0,0.0,0.0,1.0,0.0,0.0,1,AS
Mark DeRosa,31.0,TEX,AL,3.6,136.0,572.0,520.0,78.0,154.0,40.0,2.0,13.0,74.0,4.0,4.0,44.0,102.0,0.296,0.357,0.456,0.812,108.0,0.366,115.0,237.0,13.0,6.0,0.0,2.0,1.0,954/67D3,
Mark Ellis,29.0,OAK,AL,2.6,124.0,500.0,441.0,64.0,110.0,25.0,1.0,11.0,52.0,4.0,0.0,40.0,76.0,0.249,0.319,0.385,0.704,84.0,0.316,81.0,170.0,13.0,8.0,4.0,7.0,1.0,*4/H3,
Mark Grudzielanek,36.0,KCR,AL,3.2,134.0,586.0,548.0,85.0,163.0,32.0,4.0,7.0,52.0,3.0,2.0,28.0,69.0,0.297,0.331,0.409,0.74,90.0,0.325,85.0,224.0,12.0,2.0,3.0,5.0,4.0,*4/6H,GG
Mark Hendrickson*,32.0,LAD,NL,-0.2,17.0,23.0,19.0,1.0,0.0,0.0,0.0,0.0,0.0,0.0,0.0,2.0,14.0,0.0,0.095,0.0,0.095,-72.0,0.068,-116.0,0.0,0.0,0.0,2.0,0.0,0.0,1,
Mark Kotsay*,30.0,OAK,AL,0.3,129.0,558.0,502.0,57.0,138.0,29.0,3.0,7.0,59.0,6.0,3.0,44.0,55.0,0.275,0.332,0.386,0.719,88.0,0.324,88.0,194.0,18.0,2.0,4.0,6.0,1.0,*8/3HD,
Mark Loretta,34.0,BOS,AL,0.5,155.0,703.0,635.0,75.0,181.0,33.0,0.0,5.0,59.0,4.0,1.0,49.0,63.0,0.285,0.345,0.361,0.706,80.0,0.323,79.0,229.0,16.0,12.0,2.0,5.0,1.0,*43/HD,AS
Mark Mulder*,28.0,STL,NL,0.7,16.0,36.0,25.0,5.0,7.0,2.0,0.0,1.0,5.0,0.0,0.0,5.0,8.0,0.28,0.4,0.48,0.88,126.0,0.387,136.0,12.0,0.0,0.0,6.0,0.0,0.0,1,
Mark Prior,25.0,CHC,NL,-0.1,8.0,14.0,13.0,0.0,1.0,0.0,0.0,0.0,0.0,0.0,0.0,0.0,5.0,0.077,0.077,0.077,0.154,-61.0,0.07,-114.0,1.0,0.0,0.0,1.0,0.0,0.0,/1,
Mark Redman*,32.0,KCR,AL,0.1,1.0,3.0,1.0,0.0,0.0,0.0,0.0,0.0,0.0,0.0,0.0,1.0,1.0,0.0,0.5,0.0,0.5,46.0,0.358,112.0,0.0,0.0,0.0,1.0,0.0,0.0,1,AS
Mark Sweeney*,36.0,SFG,NL,0.1,114.0,291.0,259.0,32.0,65.0,15.0,2.0,5.0,37.0,0.0,1.0,28.0,50.0,0.251,0.33,0.382,0.712,83.0,0.321,83.0,99.0,6.0,3.0,0.0,1.0,3.0,3H7,
Mark Teahen*,24.0,KCR,AL,3.7,109.0,439.0,393.0,70.0,114.0,21.0,7.0,18.0,69.0,10.0,0.0,40.0,85.0,0.29,0.357,0.517,0.874,122.0,0.387,125.0,203.0,5.0,2.0,2.0,2.0,2.0,*5/H,
Mark Teixeira#,26.0,TEX,AL,4.4,162.0,727.0,628.0,99.0,177.0,45.0,1.0,33.0,110.0,2.0,0.0,89.0,128.0,0.282,0.371,0.514,0.886,126.0,0.382,125.0,323.0,17.0,4.0,0.0,6.0,12.0,*3/D,GG
Marlon Anderson*,32.0,2TM,NL,1.5,134.0,312.0,279.0,43.0,83.0,16.0,4.0,12.0,38.0,4.0,6.0,25.0,49.0,0.297,0.354,0.513,0.866,123.0,0.37,126.0,143.0,4.0,1.0,4.0,3.0,1.0,H479/8D3,
Marlon Anderson*,32.0,WSN,NL,0.7,109.0,239.0,215.0,31.0,59.0,13.0,2.0,5.0,23.0,2.0,4.0,18.0,41.0,0.274,0.331,0.423,0.754,97.0,0.328,98.0,91.0,1.0,1.0,3.0,2.0,1.0,H49/8D3,
Marlon Anderson*,32.0,LAD,NL,0.8,25.0,73.0,64.0,12.0,24.0,3.0,2.0,7.0,15.0,2.0,2.0,7.0,8.0,0.375,0.431,0.813,1.243,208.0,0.507,220.0,52.0,3.0,0.0,1.0,1.0,0.0,7H/49,
Marlon Byrd,28.0,WSN,NL,1.2,78.0,228.0,197.0,28.0,44.0,8.0,1.0,5.0,18.0,3.0,3.0,22.0,47.0,0.223,0.317,0.35,0.667,76.0,0.32,91.0,69.0,6.0,6.0,1.0,2.0,1.0,89H/7,
Marty McLeary,31.0,PIT,NL,-0.1,5.0,5.0,5.0,0.0,0.0,0.0,0.0,0.0,0.0,0.0,0.0,0.0,3.0,0.0,0.0,0.0,0.0,-100.0,0.0,-143.0,0.0,0.0,0.0,0.0,0.0,0.0,/1,
Martín Prado,22.0,ATL,NL,-0.6,24.0,49.0,42.0,3.0,11.0,1.0,1.0,1.0,9.0,0.0,0.0,5.0,7.0,0.262,0.34,0.405,0.745,91.0,0.325,84.0,17.0,2.0,0.0,2.0,0.0,0.0,4H/5,
Matt Albers*,23.0,HOU,NL,-0.1,4.0,4.0,4.0,0.0,0.0,0.0,0.0,0.0,0.0,0.0,0.0,0.0,3.0,0.0,0.0,0.0,0.0,-100.0,0.0,-143.0,0.0,0.0,0.0,0.0,0.0,0.0,/1,
Matt Belisle,26.0,CIN,NL,-0.1,30.0,7.0,5.0,0.0,0.0,0.0,0.0,0.0,0.0,0.0,0.0,0.0,2.0,0.0,0.0,0.0,0.0,-100.0,0.0,-248.0,0.0,0.0,0.0,2.0,0.0,0.0,1,
Matt Cain,21.0,SFG,NL,-0.1,31.0,66.0,57.0,1.0,8.0,2.0,0.0,0.0,1.0,0.0,0.0,1.0,28.0,0.14,0.155,0.175,0.331,-15.0,0.149,-59.0,10.0,0.0,0.0,8.0,0.0,0.0,1,ROY-5
Matt Capps,22.0,PIT,NL,0.0,82.0,3.0,2.0,1.0,0.0,0.0,0.0,0.0,0.0,0.0,0.0,1.0,1.0,0.0,0.333,0.0,0.333,-2.0,0.237,27.0,0.0,0.0,0.0,0.0,0.0,0.0,1,
Matt Clement,31.0,BOS,AL,0.0,1.0,3.0,3.0,1.0,1.0,0.0,0.0,0.0,0.0,0.0,0.0,0.0,2.0,0.333,0.333,0.333,0.667,71.0,0.272,43.0,1.0,0.0,0.0,0.0,0.0,0.0,1,
Matt Diaz,28.0,ATL,NL,1.9,124.0,323.0,297.0,37.0,97.0,15.0,4.0,7.0,32.0,5.0,5.0,11.0,49.0,0.327,0.364,0.475,0.839,114.0,0.367,118.0,141.0,9.0,9.0,1.0,4.0,3.0,7H/9,
Matt Guerrier,27.0,MIN,AL,0.0,2.0,0.0,0.0,0.0,0.0,0.0,0.0,0.0,0.0,0.0,0.0,0.0,0.0,,,,,,,,0.0,0.0,0.0,0.0,0.0,0.0,1,
Matt Herges*,36.0,FLA,NL,0.0,64.0,0.0,0.0,0.0,0.0,0.0,0.0,0.0,0.0,0.0,0.0,0.0,0.0,,,,,,,,0.0,0.0,0.0,0.0,0.0,0.0,1,
Matt Holliday,26.0,COL,NL,3.4,155.0,667.0,602.0,119.0,196.0,45.0,5.0,34.0,114.0,10.0,5.0,47.0,110.0,0.326,0.387,0.586,0.973,137.0,0.419,143.0,353.0,22.0,15.0,0.0,3.0,3.0,*7/DH,"AS,MVP-15,SS"
Matt Kemp,21.0,LAD,NL,-0.2,52.0,166.0,154.0,30.0,39.0,7.0,1.0,7.0,23.0,6.0,0.0,9.0,53.0,0.253,0.289,0.448,0.737,85.0,0.335,85.0,69.0,1.0,0.0,0.0,3.0,1.0,87H9,
Matt Lawton*,34.0,SEA,AL,-0.2,11.0,29.0,27.0,5.0,7.0,0.0,0.0,0.0,1.0,0.0,0.0,2.0,2.0,0.259,0.31,0.259,0.57,52.0,0.269,49.0,7.0,0.0,0.0,0.0,0.0,0.0,/8H9D7,
Matt LeCroy,30.0,WSN,NL,0.0,39.0,80.0,67.0,5.0,16.0,3.0,0.0,2.0,9.0,0.0,0.0,11.0,17.0,0.239,0.35,0.373,0.723,91.0,0.326,92.0,25.0,2.0,1.0,0.0,1.0,0.0,H2/3D,
Matt Morris,31.0,SFG,NL,0.3,33.0,75.0,60.0,2.0,12.0,4.0,0.0,0.0,6.0,0.0,0.0,1.0,21.0,0.2,0.213,0.267,0.48,22.0,0.212,-17.0,16.0,0.0,0.0,14.0,0.0,0.0,1,
Matt Murton,24.0,CHC,NL,1.8,144.0,508.0,455.0,70.0,135.0,22.0,3.0,13.0,62.0,5.0,2.0,45.0,62.0,0.297,0.365,0.444,0.809,104.0,0.364,109.0,202.0,16.0,5.0,1.0,2.0,1.0,*7H,
Matt Smith*,27.0,2TM,2LG,0.0,15.0,0.0,0.0,0.0,0.0,0.0,0.0,0.0,0.0,0.0,0.0,0.0,0.0,,,,,,,,0.0,0.0,0.0,0.0,0.0,0.0,1,
Matt Smith*,27.0,NYY,AL,0.0,1.0,0.0,0.0,0.0,0.0,0.0,0.0,0.0,0.0,0.0,0.0,0.0,0.0,,,,,,,,0.0,0.0,0.0,0.0,0.0,0.0,1,
Matt Smith*,27.0,PHI,NL,0.0,14.0,0.0,0.0,0.0,0.0,0.0,0.0,0.0,0.0,0.0,0.0,0.0,0.0,,,,,,,,0.0,0.0,0.0,0.0,0.0,0.0,1,
Matt Stairs*,38.0,3TM,AL,0.3,117.0,394.0,348.0,42.0,86.0,21.0,0.0,13.0,51.0,0.0,0.0,40.0,86.0,0.247,0.328,0.42,0.748,92.0,0.337,93.0,146.0,7.0,3.0,0.0,2.0,3.0,DH3/79,
Matt Stairs*,38.0,KCR,AL,0.6,77.0,262.0,226.0,31.0,59.0,14.0,0.0,8.0,32.0,0.0,0.0,31.0,52.0,0.261,0.352,0.429,0.782,101.0,0.345,99.0,97.0,5.0,2.0,0.0,2.0,2.0,DH3/7,
Matt Stairs*,38.0,TEX,AL,-0.2,26.0,88.0,81.0,6.0,17.0,4.0,0.0,3.0,11.0,0.0,0.0,6.0,22.0,0.21,0.273,0.37,0.643,64.0,0.318,80.0,30.0,1.0,1.0,0.0,0.0,1.0,D/H39,
Matt Stairs*,38.0,DET,AL,-0.1,14.0,44.0,41.0,5.0,10.0,3.0,0.0,2.0,8.0,0.0,0.0,3.0,12.0,0.244,0.295,0.463,0.759,93.0,0.325,86.0,19.0,1.0,0.0,0.0,0.0,0.0,D/H,
Matt Thornton*,29.0,CHW,AL,0.0,3.0,0.0,0.0,0.0,0.0,0.0,0.0,0.0,0.0,0.0,0.0,0.0,0.0,,,,,,,,0.0,0.0,0.0,0.0,0.0,0.0,1,
Matt Treanor,30.0,FLA,NL,1.2,67.0,185.0,157.0,12.0,36.0,6.0,1.0,2.0,14.0,0.0,1.0,19.0,34.0,0.229,0.328,0.318,0.646,71.0,0.314,84.0,50.0,4.0,5.0,2.0,2.0,4.0,2H,
Matt Wise,30.0,MIL,NL,0.0,38.0,1.0,1.0,0.0,0.0,0.0,0.0,0.0,0.0,0.0,0.0,0.0,1.0,0.0,0.0,0.0,0.0,-100.0,0.0,-150.0,0.0,0.0,0.0,0.0,0.0,0.0,1,
Matthew Cepicky*,28.0,FLA,NL,-0.3,9.0,19.0,18.0,0.0,2.0,0.0,0.0,0.0,0.0,0.0,0.0,1.0,4.0,0.111,0.158,0.111,0.269,-27.0,0.133,-45.0,2.0,0.0,0.0,0.0,0.0,0.0,/9H7,
Melky Cabrera#,21.0,NYY,AL,3.0,130.0,524.0,460.0,75.0,129.0,26.0,2.0,7.0,50.0,12.0,5.0,56.0,59.0,0.28,0.36,0.391,0.752,95.0,0.349,101.0,180.0,9.0,2.0,5.0,1.0,3.0,*7/9H8,
Melvin Dorta,24.0,WSN,NL,-0.1,15.0,20.0,19.0,3.0,4.0,1.0,0.0,0.0,0.0,0.0,2.0,1.0,2.0,0.211,0.25,0.263,0.513,36.0,0.177,24.0,5.0,0.0,0.0,0.0,0.0,0.0,H/56,
Melvin Mora,34.0,BAL,AL,2.2,155.0,705.0,624.0,96.0,171.0,25.0,0.0,16.0,83.0,11.0,1.0,54.0,99.0,0.274,0.342,0.391,0.733,91.0,0.338,94.0,244.0,9.0,14.0,6.0,7.0,1.0,*5/4D,
Micah Bowie*,31.0,WSN,NL,0.0,15.0,1.0,1.0,0.0,0.0,0.0,0.0,0.0,0.0,0.0,0.0,0.0,0.0,0.0,0.0,0.0,0.0,-100.0,0.0,-142.0,0.0,0.0,0.0,0.0,0.0,0.0,1,
Michael Barrett,29.0,CHC,NL,2.4,107.0,418.0,375.0,54.0,115.0,25.0,3.0,16.0,53.0,0.0,1.0,33.0,41.0,0.307,0.368,0.517,0.885,121.0,0.389,128.0,194.0,12.0,5.0,2.0,3.0,2.0,2/HD,
Michael Bourn*,23.0,PHI,NL,-0.2,17.0,11.0,8.0,2.0,1.0,0.0,0.0,0.0,0.0,1.0,2.0,1.0,3.0,0.125,0.222,0.125,0.347,-9.0,0.081,-57.0,1.0,0.0,0.0,2.0,0.0,0.0,9/H7,
Michael Cuddyer,27.0,MIN,AL,2.7,150.0,635.0,557.0,102.0,158.0,41.0,5.0,24.0,109.0,6.0,0.0,62.0,130.0,0.284,0.362,0.504,0.867,124.0,0.378,124.0,281.0,11.0,10.0,0.0,6.0,5.0,*9/3HD7,
Michael Restovich,27.0,CHC,NL,-0.1,10.0,13.0,12.0,0.0,2.0,1.0,0.0,0.0,1.0,0.0,0.0,1.0,5.0,0.167,0.231,0.25,0.481,22.0,0.22,8.0,3.0,0.0,0.0,0.0,0.0,0.0,/H97,
Michael Tucker*,35.0,NYM,NL,0.2,35.0,74.0,56.0,3.0,11.0,4.0,0.0,1.0,6.0,2.0,0.0,16.0,14.0,0.196,0.378,0.321,0.7,85.0,0.337,91.0,18.0,2.0,1.0,0.0,1.0,0.0,H7/93,
Michael Wuertz,27.0,CHC,NL,0.0,41.0,1.0,0.0,0.0,0.0,0.0,0.0,0.0,0.0,0.0,0.0,0.0,0.0,,,,,,,,0.0,0.0,0.0,1.0,0.0,0.0,1,
Michael Young,29.0,TEX,AL,3.8,162.0,748.0,691.0,93.0,217.0,52.0,3.0,14.0,103.0,7.0,3.0,48.0,96.0,0.314,0.356,0.459,0.814,108.0,0.366,114.0,317.0,27.0,1.0,0.0,8.0,0.0,*6/D,"AS,MVP-30"
Miguel Asencio,25.0,COL,NL,0.0,3.0,3.0,3.0,0.0,0.0,0.0,0.0,0.0,0.0,0.0,0.0,0.0,2.0,0.0,0.0,0.0,0.0,-100.0,0.0,-149.0,0.0,0.0,0.0,0.0,0.0,0.0,/1,
Miguel Batista,35.0,ARI,NL,-0.3,32.0,72.0,60.0,3.0,6.0,1.0,0.0,0.0,4.0,0.0,0.0,2.0,31.0,0.1,0.127,0.117,0.244,-38.0,0.143,-69.0,7.0,2.0,0.0,9.0,1.0,0.0,1,
Miguel Cabrera,23.0,FLA,NL,5.8,158.0,676.0,576.0,112.0,195.0,50.0,2.0,26.0,114.0,9.0,6.0,86.0,108.0,0.339,0.43,0.568,0.998,159.0,0.426,166.0,327.0,18.0,10.0,0.0,4.0,27.0,*5/D,"AS,MVP-5,SS"
Miguel Cairo,32.0,NYY,AL,0.8,81.0,244.0,222.0,28.0,53.0,12.0,3.0,0.0,30.0,13.0,1.0,13.0,31.0,0.239,0.28,0.32,0.6,55.0,0.291,53.0,71.0,4.0,1.0,5.0,3.0,0.0,436/H5D7,
Miguel Montero*,22.0,ARI,NL,0.0,6.0,17.0,16.0,0.0,4.0,1.0,0.0,0.0,3.0,0.0,0.0,1.0,3.0,0.25,0.294,0.313,0.607,53.0,0.275,44.0,5.0,0.0,0.0,0.0,0.0,0.0,/2H,
Miguel Ojeda,31.0,2TM,2LG,-0.5,30.0,96.0,87.0,5.0,21.0,5.0,0.0,2.0,15.0,0.0,0.0,8.0,19.0,0.241,0.305,0.368,0.673,67.0,0.291,53.0,32.0,6.0,0.0,0.0,0.0,2.0,2/H,
Miguel Ojeda,31.0,COL,NL,-0.5,25.0,82.0,74.0,5.0,17.0,3.0,0.0,2.0,11.0,0.0,0.0,8.0,16.0,0.23,0.305,0.351,0.656,62.0,0.285,47.0,26.0,6.0,0.0,0.0,0.0,2.0,2/H,
Miguel Ojeda,31.0,TEX,AL,-0.1,5.0,14.0,13.0,0.0,4.0,2.0,0.0,0.0,4.0,0.0,0.0,0.0,3.0,0.308,0.308,0.462,0.769,95.0,0.33,88.0,6.0,0.0,0.0,0.0,0.0,0.0,/2H,
Miguel Olivo,27.0,FLA,NL,1.3,127.0,452.0,430.0,52.0,113.0,22.0,3.0,16.0,58.0,2.0,3.0,9.0,103.0,0.263,0.287,0.44,0.727,87.0,0.311,82.0,189.0,9.0,7.0,3.0,3.0,4.0,*2H/3,
Miguel Tejada,32.0,BAL,AL,4.5,162.0,709.0,648.0,99.0,214.0,37.0,0.0,24.0,100.0,6.0,2.0,46.0,79.0,0.33,0.379,0.498,0.878,126.0,0.383,127.0,323.0,28.0,9.0,0.0,6.0,10.0,*6D,"AS,MVP-20"
Mike Adams,27.0,MIL,NL,0.0,2.0,0.0,0.0,0.0,0.0,0.0,0.0,0.0,0.0,0.0,0.0,0.0,0.0,,,,,,,,0.0,0.0,0.0,0.0,0.0,0.0,/1,
Mike Burns,27.0,CIN,NL,0.0,11.0,0.0,0.0,0.0,0.0,0.0,0.0,0.0,0.0,0.0,0.0,0.0,0.0,,,,,,,,0.0,0.0,0.0,0.0,0.0,0.0,1,
Mike Cameron,33.0,SDP,NL,4.4,141.0,634.0,552.0,88.0,148.0,34.0,9.0,22.0,83.0,25.0,9.0,71.0,142.0,0.268,0.355,0.482,0.837,121.0,0.372,127.0,266.0,8.0,6.0,0.0,5.0,2.0,*8/H,"MVP-21,GG"
Mike DeJean,35.0,COL,NL,0.0,2.0,0.0,0.0,0.0,0.0,0.0,0.0,0.0,0.0,0.0,0.0,0.0,0.0,,,,,,,,0.0,0.0,0.0,0.0,0.0,0.0,/1,
Mike Difelice,37.0,NYM,NL,-0.4,15.0,30.0,25.0,3.0,2.0,1.0,0.0,0.0,1.0,0.0,0.0,5.0,10.0,0.08,0.233,0.12,0.353,-4.0,0.19,-8.0,3.0,0.0,0.0,0.0,0.0,0.0,2/H,
Mike Edwards,29.0,PIT,NL,0.0,14.0,18.0,16.0,1.0,3.0,0.0,0.0,0.0,0.0,0.0,0.0,1.0,5.0,0.188,0.235,0.188,0.423,12.0,0.255,34.0,3.0,1.0,0.0,1.0,0.0,0.0,H/5,
Mike Gallo*,29.0,HOU,NL,0.0,23.0,1.0,1.0,0.0,0.0,0.0,0.0,0.0,0.0,0.0,0.0,0.0,1.0,0.0,0.0,0.0,0.0,-100.0,0.0,-150.0,0.0,0.0,0.0,0.0,0.0,0.0,1,
Mike González,28.0,PIT,NL,0.0,51.0,1.0,1.0,0.0,0.0,0.0,0.0,0.0,0.0,0.0,0.0,0.0,0.0,0.0,0.0,0.0,0.0,-100.0,0.0,-150.0,0.0,0.0,0.0,0.0,0.0,0.0,1,
Mike Gosling*,25.0,CIN,NL,0.0,1.0,0.0,0.0,0.0,0.0,0.0,0.0,0.0,0.0,0.0,0.0,0.0,0.0,,,,,,,,0.0,0.0,0.0,0.0,0.0,0.0,/1,
Mike Jacobs*,25.0,FLA,NL,-0.2,136.0,520.0,469.0,54.0,123.0,37.0,1.0,20.0,77.0,3.0,0.0,45.0,105.0,0.262,0.325,0.473,0.798,106.0,0.346,104.0,222.0,16.0,1.0,0.0,5.0,2.0,*3H/D,
Mike Koplove,29.0,ARI,NL,0.0,2.0,1.0,1.0,0.0,0.0,0.0,0.0,0.0,0.0,0.0,0.0,0.0,0.0,0.0,0.0,0.0,0.0,-100.0,0.0,-150.0,0.0,0.0,0.0,0.0,0.0,0.0,/1,
Mike Lamb*,30.0,HOU,NL,1.3,126.0,422.0,381.0,70.0,117.0,22.0,3.0,12.0,45.0,2.0,4.0,35.0,55.0,0.307,0.361,0.475,0.836,113.0,0.357,111.0,181.0,10.0,0.0,0.0,5.0,6.0,35H/4,
Mike Lieberthal,34.0,PHI,NL,1.0,67.0,230.0,209.0,22.0,57.0,14.0,0.0,9.0,36.0,0.0,0.0,8.0,19.0,0.273,0.316,0.469,0.784,94.0,0.361,106.0,98.0,5.0,6.0,5.0,2.0,0.0,2/H,
Mike Lowell,32.0,BOS,AL,3.3,153.0,631.0,573.0,79.0,163.0,47.0,1.0,20.0,80.0,2.0,2.0,47.0,61.0,0.284,0.339,0.475,0.814,104.0,0.361,107.0,272.0,22.0,4.0,0.0,7.0,5.0,*5/H,
Mike Matheny,35.0,SFG,NL,-0.1,47.0,177.0,160.0,10.0,37.0,8.0,0.0,3.0,18.0,0.0,0.0,9.0,30.0,0.231,0.276,0.338,0.613,57.0,0.274,48.0,54.0,7.0,2.0,3.0,3.0,2.0,2/H,
Mike Morse,24.0,SEA,AL,0.2,21.0,48.0,43.0,5.0,16.0,5.0,0.0,0.0,11.0,1.0,0.0,3.0,7.0,0.372,0.396,0.488,0.884,131.0,0.385,128.0,21.0,2.0,0.0,0.0,2.0,0.0,/9H5D376,
Mike Mussina*,37.0,NYY,AL,-0.1,2.0,4.0,4.0,0.0,0.0,0.0,0.0,0.0,0.0,0.0,0.0,0.0,1.0,0.0,0.0,0.0,0.0,-100.0,0.0,-147.0,0.0,0.0,0.0,0.0,0.0,0.0,1,
Mike Myers*,37.0,NYY,AL,0.0,3.0,0.0,0.0,0.0,0.0,0.0,0.0,0.0,0.0,0.0,0.0,0.0,0.0,,,,,,,,0.0,0.0,0.0,0.0,0.0,0.0,1,
Mike Napoli,24.0,LAA,AL,2.6,99.0,325.0,268.0,47.0,61.0,13.0,0.0,16.0,42.0,2.0,3.0,51.0,90.0,0.228,0.36,0.455,0.815,110.0,0.361,114.0,122.0,2.0,5.0,0.0,1.0,0.0,2H/D,
Mike O'Connor*,25.0,WSN,NL,-0.1,20.0,33.0,31.0,2.0,2.0,0.0,0.0,0.0,1.0,0.0,0.0,1.0,18.0,0.065,0.094,0.065,0.158,-57.0,0.107,-67.0,2.0,0.0,0.0,1.0,0.0,0.0,1,
Mike Pelfrey,22.0,NYM,NL,-0.1,4.0,9.0,9.0,0.0,0.0,0.0,0.0,0.0,0.0,0.0,0.0,0.0,4.0,0.0,0.0,0.0,0.0,-100.0,0.0,-142.0,0.0,0.0,0.0,0.0,0.0,0.0,/1,
Mike Piazza,37.0,SDP,NL,3.0,126.0,439.0,399.0,39.0,113.0,19.0,1.0,22.0,68.0,0.0,0.0,34.0,66.0,0.283,0.342,0.501,0.843,122.0,0.37,127.0,200.0,13.0,3.0,0.0,3.0,2.0,2H/D,
Mike Rabelo#,26.0,DET,AL,0.0,1.0,1.0,1.0,0.0,0.0,0.0,0.0,0.0,0.0,0.0,0.0,0.0,1.0,0.0,0.0,0.0,0.0,-100.0,0.0,-150.0,0.0,0.0,0.0,0.0,0.0,0.0,/DH,
Mike Redmond,35.0,MIN,AL,0.8,47.0,190.0,179.0,20.0,61.0,13.0,0.0,0.0,23.0,0.0,0.0,4.0,18.0,0.341,0.365,0.413,0.778,103.0,0.351,106.0,74.0,9.0,4.0,1.0,2.0,0.0,2/HD,
Mike Remlinger*,40.0,ATL,NL,0.0,36.0,0.0,0.0,0.0,0.0,0.0,0.0,0.0,0.0,0.0,0.0,0.0,0.0,,,,,,,,0.0,0.0,0.0,0.0,0.0,0.0,1,
Mike Rivera,29.0,MIL,NL,0.2,46.0,158.0,142.0,16.0,38.0,9.0,0.0,6.0,24.0,0.0,0.0,10.0,21.0,0.268,0.325,0.458,0.783,97.0,0.331,88.0,65.0,3.0,3.0,1.0,2.0,5.0,2/H,
Mike Rose#,29.0,STL,NL,-0.1,10.0,9.0,9.0,0.0,2.0,0.0,0.0,0.0,1.0,0.0,0.0,0.0,4.0,0.222,0.222,0.222,0.444,16.0,0.201,-1.0,2.0,0.0,0.0,0.0,0.0,0.0,/H2,
Mike Rouse*,26.0,OAK,AL,0.0,8.0,26.0,24.0,2.0,7.0,3.0,0.0,0.0,2.0,1.0,0.0,1.0,4.0,0.292,0.346,0.417,0.763,99.0,0.348,99.0,10.0,1.0,1.0,0.0,0.0,0.0,/4H,
Mike Stanton*,39.0,2TM,NL,0.0,79.0,2.0,2.0,0.0,0.0,0.0,0.0,0.0,0.0,0.0,0.0,0.0,0.0,0.0,0.0,0.0,0.0,-100.0,0.0,-146.0,0.0,0.0,0.0,0.0,0.0,0.0,1,
Mike Stanton*,39.0,WSN,NL,0.0,53.0,1.0,1.0,0.0,0.0,0.0,0.0,0.0,0.0,0.0,0.0,0.0,0.0,0.0,0.0,0.0,0.0,-100.0,0.0,-142.0,0.0,0.0,0.0,0.0,0.0,0.0,1,
Mike Stanton*,39.0,SFG,NL,0.0,26.0,1.0,1.0,0.0,0.0,0.0,0.0,0.0,0.0,0.0,0.0,0.0,0.0,0.0,0.0,0.0,0.0,-100.0,0.0,-150.0,0.0,0.0,0.0,0.0,0.0,0.0,1,
Mike Sweeney,32.0,KCR,AL,0.2,60.0,252.0,217.0,23.0,56.0,15.0,0.0,8.0,33.0,2.0,0.0,28.0,48.0,0.258,0.349,0.438,0.787,102.0,0.343,96.0,95.0,5.0,4.0,0.0,3.0,5.0,D/H,
Mike Thompson,25.0,SDP,NL,0.1,18.0,29.0,25.0,2.0,4.0,0.0,0.0,0.0,0.0,0.0,0.0,1.0,12.0,0.16,0.192,0.16,0.352,-4.0,0.167,-30.0,4.0,0.0,0.0,3.0,0.0,0.0,1,
Mike Timlin,40.0,BOS,AL,0.0,5.0,0.0,0.0,0.0,0.0,0.0,0.0,0.0,0.0,0.0,0.0,0.0,0.0,,,,,,,,0.0,0.0,0.0,0.0,0.0,0.0,1,
Mike Venafro*,32.0,COL,NL,0.0,7.0,0.0,0.0,0.0,0.0,0.0,0.0,0.0,0.0,0.0,0.0,0.0,0.0,,,,,,,,0.0,0.0,0.0,0.0,0.0,0.0,/1,
Mike Vento,28.0,WSN,NL,0.3,9.0,22.0,18.0,3.0,5.0,1.0,0.0,0.0,1.0,0.0,0.0,4.0,5.0,0.278,0.409,0.333,0.742,100.0,0.329,94.0,6.0,0.0,0.0,0.0,0.0,1.0,/9H,
Mike Wood,26.0,KCR,AL,0.0,2.0,3.0,3.0,0.0,0.0,0.0,0.0,0.0,0.0,0.0,0.0,0.0,1.0,0.0,0.0,0.0,0.0,-100.0,0.0,-146.0,0.0,0.0,0.0,0.0,0.0,0.0,1,
Milton Bradley#,28.0,OAK,AL,1.7,96.0,405.0,351.0,53.0,97.0,14.0,2.0,14.0,52.0,10.0,2.0,51.0,65.0,0.276,0.37,0.447,0.818,114.0,0.372,120.0,157.0,13.0,2.0,0.0,1.0,1.0,9/HD,
Mitch Maier*,24.0,KCR,AL,-0.1,5.0,15.0,13.0,3.0,2.0,0.0,0.0,0.0,0.0,0.0,0.0,2.0,4.0,0.154,0.267,0.154,0.421,13.0,0.217,8.0,2.0,1.0,0.0,0.0,0.0,0.0,/79DH,
MLB Average,,,,,,,,,,,,,,,,,,0.269,0.337,0.432,0.768,100.0,0.342,100.0,,,,,,,,
Moisés Alou,39.0,SFG,NL,1.4,98.0,378.0,345.0,52.0,104.0,25.0,1.0,22.0,74.0,2.0,1.0,28.0,31.0,0.301,0.352,0.571,0.923,132.0,0.395,135.0,197.0,15.0,1.0,0.0,4.0,2.0,97/HD,
Morgan Ensberg,30.0,HOU,NL,3.5,127.0,495.0,387.0,67.0,91.0,17.0,1.0,23.0,58.0,1.0,4.0,101.0,96.0,0.235,0.396,0.463,0.858,120.0,0.372,121.0,179.0,3.0,4.0,0.0,3.0,7.0,*5H,
Nate Field,30.0,COL,NL,0.0,14.0,0.0,0.0,0.0,0.0,0.0,0.0,0.0,0.0,0.0,0.0,0.0,0.0,,,,,,,,0.0,0.0,0.0,0.0,0.0,0.0,1,
Nate McLouth*,24.0,PIT,NL,-0.2,106.0,297.0,270.0,50.0,63.0,16.0,2.0,7.0,16.0,10.0,1.0,18.0,59.0,0.233,0.293,0.385,0.678,74.0,0.309,71.0,104.0,7.0,5.0,3.0,1.0,0.0,8H9/7,
Nate Robertson,28.0,DET,AL,0.0,2.0,6.0,6.0,0.0,1.0,0.0,0.0,0.0,1.0,0.0,0.0,0.0,3.0,0.167,0.167,0.167,0.333,-13.0,0.151,-36.0,1.0,0.0,0.0,0.0,0.0,0.0,1,
Neal Cotts*,26.0,CHW,AL,0.0,4.0,0.0,0.0,0.0,0.0,0.0,0.0,0.0,0.0,0.0,0.0,0.0,0.0,,,,,,,,0.0,0.0,0.0,0.0,0.0,0.0,1,
Neifi Pérez#,33.0,2TM,2LG,0.4,108.0,316.0,301.0,31.0,73.0,14.0,1.0,2.0,29.0,1.0,1.0,8.0,25.0,0.243,0.26,0.316,0.575,46.0,0.267,41.0,95.0,5.0,0.0,4.0,3.0,2.0,46H5/D,
Neifi Pérez#,33.0,CHC,NL,0.8,87.0,246.0,236.0,27.0,60.0,13.0,1.0,2.0,24.0,0.0,1.0,5.0,21.0,0.254,0.266,0.343,0.61,53.0,0.279,50.0,81.0,3.0,0.0,2.0,3.0,2.0,46H5,
Neifi Pérez#,33.0,DET,AL,-0.3,21.0,70.0,65.0,4.0,13.0,1.0,0.0,0.0,5.0,1.0,0.0,3.0,4.0,0.2,0.235,0.215,0.451,18.0,0.224,10.0,14.0,2.0,0.0,2.0,0.0,0.0,4/6H5D,
Nelson Cruz,25.0,TEX,AL,0.2,41.0,138.0,130.0,15.0,29.0,3.0,0.0,6.0,22.0,1.0,0.0,7.0,32.0,0.223,0.261,0.385,0.645,64.0,0.303,68.0,50.0,1.0,0.0,0.0,1.0,0.0,9/H87,
Nick Green,27.0,2TM,AL,-0.2,63.0,127.0,114.0,12.0,21.0,5.0,0.0,2.0,4.0,1.0,4.0,11.0,40.0,0.184,0.262,0.281,0.543,41.0,0.233,30.0,32.0,2.0,1.0,1.0,0.0,0.0,465/HD39,
Nick Green,27.0,TBD,AL,-0.6,17.0,45.0,39.0,4.0,3.0,0.0,0.0,0.0,0.0,0.0,3.0,6.0,11.0,0.077,0.2,0.077,0.277,-23.0,0.12,-34.0,3.0,2.0,0.0,0.0,0.0,0.0,6/4H9D,
Nick Green,27.0,NYY,AL,0.5,46.0,82.0,75.0,8.0,18.0,5.0,0.0,2.0,4.0,1.0,1.0,5.0,29.0,0.24,0.296,0.387,0.683,75.0,0.296,66.0,29.0,0.0,1.0,1.0,0.0,0.0,456/H3D,
Nick Johnson*,27.0,WSN,NL,5.0,147.0,628.0,500.0,100.0,145.0,46.0,0.0,23.0,77.0,10.0,3.0,110.0,99.0,0.29,0.428,0.52,0.948,149.0,0.416,156.0,260.0,12.0,13.0,2.0,3.0,15.0,*3/H,
Nick Markakis*,22.0,BAL,AL,2.5,147.0,542.0,491.0,72.0,143.0,25.0,2.0,16.0,62.0,2.0,0.0,43.0,72.0,0.291,0.351,0.448,0.799,106.0,0.352,105.0,220.0,15.0,3.0,3.0,2.0,3.0,*97/8HD,ROY-6
Nick Masset,24.0,TEX,AL,0.0,1.0,0.0,0.0,0.0,0.0,0.0,0.0,0.0,0.0,0.0,0.0,0.0,0.0,,,,,,,,0.0,0.0,0.0,0.0,0.0,0.0,/1,
Nick Punto#,28.0,MIN,AL,3.8,135.0,524.0,459.0,73.0,133.0,21.0,7.0,1.0,45.0,17.0,5.0,47.0,68.0,0.29,0.352,0.373,0.725,90.0,0.332,91.0,171.0,8.0,1.0,10.0,7.0,0.0,564/H8D7,
Nick Swisher#,25.0,OAK,AL,3.5,157.0,672.0,556.0,106.0,141.0,24.0,2.0,35.0,95.0,1.0,2.0,97.0,152.0,0.254,0.372,0.493,0.864,125.0,0.377,127.0,274.0,13.0,11.0,2.0,6.0,7.0,37/DH89,
Noah Lowry,25.0,SFG,NL,0.4,27.0,57.0,46.0,2.0,7.0,0.0,0.0,1.0,2.0,0.0,0.0,3.0,10.0,0.152,0.204,0.217,0.421,9.0,0.25,21.0,10.0,0.0,0.0,8.0,0.0,0.0,1/H,
Nomar Garciaparra,32.0,LAD,NL,2.5,122.0,523.0,469.0,82.0,142.0,31.0,2.0,20.0,93.0,3.0,0.0,42.0,30.0,0.303,0.367,0.505,0.872,120.0,0.375,118.0,237.0,15.0,8.0,0.0,4.0,9.0,*3/H,"AS,MVP-13"
Nook Logan#,26.0,WSN,NL,0.0,27.0,99.0,90.0,13.0,27.0,3.0,1.0,1.0,8.0,2.0,1.0,6.0,20.0,0.3,0.337,0.389,0.726,91.0,0.324,91.0,35.0,0.0,0.0,1.0,2.0,1.0,8/H,
Norris Hopper,27.0,CIN,NL,0.6,21.0,47.0,39.0,6.0,14.0,1.0,0.0,1.0,5.0,2.0,2.0,6.0,4.0,0.359,0.435,0.462,0.896,127.0,0.381,130.0,18.0,1.0,0.0,1.0,1.0,0.0,9H/87,
Odalis Pérez*,28.0,LAD,NL,-0.1,19.0,17.0,15.0,3.0,1.0,0.0,0.0,0.0,0.0,0.0,0.0,1.0,1.0,0.067,0.125,0.067,0.192,-49.0,0.101,-85.0,1.0,0.0,0.0,1.0,0.0,0.0,1/H,
Olmedo Sáenz,35.0,LAD,NL,0.7,103.0,204.0,179.0,30.0,53.0,15.0,0.0,11.0,48.0,0.0,0.0,14.0,47.0,0.296,0.363,0.564,0.927,132.0,0.398,136.0,101.0,4.0,7.0,0.0,4.0,1.0,H35/D,
Omar Infante,24.0,DET,AL,1.3,78.0,245.0,224.0,35.0,62.0,11.0,4.0,4.0,25.0,3.0,2.0,14.0,45.0,0.277,0.325,0.415,0.74,90.0,0.336,94.0,93.0,5.0,3.0,2.0,2.0,0.0,4DH6/58,
Omar Quintanilla*,24.0,COL,NL,0.1,11.0,38.0,34.0,3.0,6.0,1.0,1.0,0.0,3.0,1.0,1.0,3.0,9.0,0.176,0.243,0.265,0.508,26.0,0.233,13.0,9.0,1.0,0.0,1.0,0.0,1.0,/64H,
Omar Vizquel#,39.0,SFG,NL,2.9,153.0,659.0,579.0,88.0,171.0,22.0,10.0,4.0,58.0,24.0,7.0,56.0,51.0,0.295,0.361,0.389,0.749,93.0,0.339,93.0,225.0,13.0,6.0,13.0,5.0,3.0,*6/H,GG
Orlando Cabrera,31.0,LAA,AL,2.2,153.0,675.0,607.0,95.0,171.0,45.0,1.0,9.0,72.0,27.0,3.0,51.0,58.0,0.282,0.335,0.404,0.738,91.0,0.339,91.0,245.0,12.0,3.0,3.0,11.0,0.0,*6/H,
Orlando Hernández,40.0,2TM,NL,0.2,27.0,54.0,46.0,4.0,8.0,1.0,1.0,0.0,2.0,1.0,0.0,1.0,10.0,0.174,0.191,0.239,0.431,10.0,0.215,-10.0,11.0,0.0,0.0,7.0,0.0,0.0,1,
Orlando Hernández,40.0,ARI,NL,0.2,9.0,14.0,11.0,0.0,3.0,1.0,0.0,0.0,0.0,0.0,0.0,1.0,0.0,0.273,0.333,0.364,0.697,76.0,0.314,67.0,4.0,0.0,0.0,2.0,0.0,0.0,/1,
Orlando Hernández,40.0,NYM,NL,0.1,18.0,40.0,35.0,4.0,5.0,0.0,1.0,0.0,2.0,1.0,0.0,0.0,10.0,0.143,0.143,0.2,0.343,-12.0,0.181,-37.0,7.0,0.0,0.0,5.0,0.0,0.0,1,
Orlando Hudson#,28.0,ARI,NL,4.1,157.0,650.0,579.0,87.0,166.0,34.0,9.0,15.0,67.0,9.0,6.0,61.0,78.0,0.287,0.354,0.454,0.809,102.0,0.362,107.0,263.0,17.0,2.0,4.0,4.0,5.0,*4/H,GG
Orlando Palmeiro*,37.0,HOU,NL,-0.5,103.0,128.0,119.0,12.0,30.0,6.0,1.0,0.0,17.0,0.0,1.0,6.0,17.0,0.252,0.294,0.319,0.613,58.0,0.269,47.0,38.0,2.0,1.0,2.0,0.0,0.0,H79,
Oswaldo Navarro,21.0,SEA,AL,0.1,4.0,4.0,3.0,0.0,2.0,0.0,0.0,0.0,0.0,0.0,0.0,0.0,1.0,0.667,0.667,0.667,1.333,253.0,0.606,349.0,2.0,0.0,0.0,1.0,0.0,0.0,/H6D,
Pablo Ozuna,31.0,CHW,AL,-0.2,79.0,203.0,189.0,25.0,62.0,12.0,2.0,2.0,17.0,6.0,6.0,7.0,16.0,0.328,0.365,0.444,0.809,105.0,0.366,117.0,84.0,3.0,4.0,3.0,0.0,0.0,7H5/D49,
Pat Burrell,29.0,PHI,NL,1.1,144.0,567.0,462.0,80.0,119.0,24.0,1.0,29.0,95.0,0.0,0.0,98.0,131.0,0.258,0.388,0.502,0.89,122.0,0.391,127.0,232.0,11.0,3.0,0.0,4.0,5.0,*7H/D,
Pat Misch,24.0,SFG,NL,0.0,1.0,0.0,0.0,0.0,0.0,0.0,0.0,0.0,0.0,0.0,0.0,0.0,0.0,,,,,,,,0.0,0.0,0.0,0.0,0.0,0.0,/1,
Paul Bako*,34.0,KCR,AL,-0.4,56.0,167.0,153.0,7.0,32.0,3.0,0.0,0.0,10.0,0.0,0.0,11.0,46.0,0.209,0.261,0.229,0.489,28.0,0.239,23.0,35.0,3.0,0.0,2.0,1.0,0.0,2/HD,
Paul Byrd,35.0,CLE,AL,0.0,2.0,6.0,4.0,0.0,1.0,0.0,0.0,0.0,0.0,0.0,0.0,0.0,0.0,0.25,0.25,0.25,0.5,31.0,0.227,-24.0,1.0,0.0,0.0,2.0,0.0,0.0,1,
Paul Hoover,30.0,FLA,NL,0.1,4.0,5.0,5.0,0.0,2.0,0.0,0.0,0.0,1.0,0.0,0.0,0.0,0.0,0.4,0.4,0.4,0.8,112.0,0.344,103.0,2.0,0.0,0.0,0.0,0.0,0.0,/2H,
Paul Konerko,30.0,CHW,AL,3.0,152.0,643.0,566.0,97.0,177.0,30.0,0.0,35.0,113.0,1.0,0.0,60.0,104.0,0.313,0.381,0.551,0.932,134.0,0.399,134.0,312.0,25.0,8.0,0.0,9.0,3.0,*3D/H,"AS,MVP-22"
Paul Lo Duca,34.0,NYM,NL,2.4,124.0,551.0,512.0,80.0,163.0,39.0,1.0,5.0,49.0,3.0,0.0,24.0,38.0,0.318,0.355,0.428,0.783,102.0,0.358,110.0,219.0,15.0,6.0,7.0,2.0,0.0,*2/HD,AS
Paul Maholm*,24.0,PIT,NL,0.0,28.0,59.0,55.0,3.0,6.0,0.0,0.0,0.0,2.0,0.0,0.0,3.0,31.0,0.109,0.155,0.109,0.264,-30.0,0.176,-20.0,6.0,2.0,0.0,1.0,0.0,0.0,1,
Paul McAnulty*,25.0,SDP,NL,0.1,16.0,15.0,13.0,3.0,3.0,1.0,0.0,1.0,3.0,0.0,0.0,2.0,4.0,0.231,0.333,0.538,0.872,128.0,0.369,126.0,7.0,0.0,0.0,0.0,0.0,0.0,H/9,
Paul Phillips,29.0,KCR,AL,0.3,23.0,69.0,65.0,8.0,18.0,3.0,0.0,1.0,5.0,0.0,0.0,1.0,8.0,0.277,0.284,0.369,0.653,67.0,0.285,55.0,24.0,0.0,0.0,2.0,1.0,0.0,2/3HD,
Pedro Astacio,37.0,WSN,NL,0.2,17.0,34.0,25.0,2.0,5.0,0.0,0.0,0.0,0.0,0.0,0.0,0.0,8.0,0.2,0.259,0.2,0.459,24.0,0.223,-2.0,5.0,0.0,2.0,7.0,0.0,0.0,1,
Pedro Feliciano*,29.0,NYM,NL,0.0,61.0,3.0,3.0,0.0,0.0,0.0,0.0,0.0,0.0,0.0,0.0,0.0,1.0,0.0,0.0,0.0,0.0,-100.0,0.0,-141.0,0.0,0.0,0.0,0.0,0.0,0.0,1,
Pedro Feliz,31.0,SFG,NL,1.8,160.0,644.0,603.0,75.0,147.0,35.0,5.0,22.0,98.0,1.0,1.0,33.0,112.0,0.244,0.281,0.428,0.709,79.0,0.312,76.0,258.0,18.0,1.0,1.0,6.0,4.0,*5/76,
Pedro Martínez,34.0,NYM,NL,-0.2,22.0,49.0,38.0,2.0,4.0,1.0,0.0,0.0,1.0,0.0,0.0,2.0,16.0,0.105,0.15,0.132,0.282,-26.0,0.132,-83.0,5.0,0.0,0.0,9.0,0.0,0.0,1,AS
Pete Orr*,27.0,ATL,NL,0.1,102.0,164.0,154.0,22.0,39.0,3.0,4.0,1.0,8.0,2.0,4.0,5.0,30.0,0.253,0.277,0.344,0.621,59.0,0.267,50.0,53.0,1.0,0.0,5.0,0.0,1.0,H45,
Pete Walker,37.0,TOR,AL,0.0,2.0,0.0,0.0,0.0,0.0,0.0,0.0,0.0,0.0,0.0,0.0,0.0,0.0,,,,,,,,0.0,0.0,0.0,0.0,0.0,0.0,1,
Peter Moylan,27.0,ATL,NL,0.0,15.0,0.0,0.0,0.0,0.0,0.0,0.0,0.0,0.0,0.0,0.0,0.0,0.0,,,,,,,,0.0,0.0,0.0,0.0,0.0,0.0,1,
Phil Nevin,35.0,3TM,2LG,-0.4,129.0,450.0,397.0,54.0,95.0,13.0,0.0,22.0,68.0,0.0,0.0,48.0,106.0,0.239,0.323,0.438,0.761,93.0,0.337,92.0,174.0,13.0,2.0,1.0,2.0,1.0,D3H/792,
Phil Nevin,35.0,2TM,AL,-0.5,62.0,253.0,218.0,28.0,46.0,9.0,0.0,10.0,35.0,0.0,0.0,31.0,54.0,0.211,0.313,0.39,0.703,81.0,0.314,78.0,85.0,9.0,2.0,1.0,1.0,1.0,D/3H,
Phil Nevin,35.0,TEX,AL,-0.4,46.0,199.0,176.0,26.0,38.0,8.0,0.0,9.0,31.0,0.0,0.0,21.0,39.0,0.216,0.307,0.415,0.721,84.0,0.316,78.0,73.0,9.0,2.0,0.0,0.0,0.0,D/3H,
Phil Nevin,35.0,CHC,NL,0.1,67.0,197.0,179.0,26.0,49.0,4.0,0.0,12.0,33.0,0.0,0.0,17.0,52.0,0.274,0.335,0.497,0.832,108.0,0.366,111.0,89.0,4.0,0.0,0.0,1.0,0.0,3H/792,
Phil Nevin,35.0,MIN,AL,-0.1,16.0,54.0,42.0,2.0,8.0,1.0,0.0,1.0,4.0,0.0,0.0,10.0,15.0,0.19,0.34,0.286,0.625,67.0,0.308,75.0,12.0,0.0,0.0,1.0,1.0,1.0,D/3H,
Phil Stockman,26.0,ATL,NL,0.0,3.0,0.0,0.0,0.0,0.0,0.0,0.0,0.0,0.0,0.0,0.0,0.0,0.0,,,,,,,,0.0,0.0,0.0,0.0,0.0,0.0,/1,
Philip Barzilla*,27.0,HOU,NL,0.0,1.0,0.0,0.0,0.0,0.0,0.0,0.0,0.0,0.0,0.0,0.0,0.0,0.0,,,,,,,,0.0,0.0,0.0,0.0,0.0,0.0,/1,
Philip Humber,23.0,NYM,NL,0.0,2.0,0.0,0.0,0.0,0.0,0.0,0.0,0.0,0.0,0.0,0.0,0.0,0.0,,,,,,,,0.0,0.0,0.0,0.0,0.0,0.0,/1,
Plácido Polanco,30.0,DET,AL,1.9,110.0,495.0,461.0,58.0,136.0,18.0,1.0,4.0,52.0,1.0,2.0,17.0,27.0,0.295,0.329,0.364,0.693,80.0,0.323,85.0,168.0,18.0,7.0,8.0,2.0,0.0,4/H,
Preston Wilson,31.0,2TM,NL,-0.9,135.0,537.0,501.0,58.0,132.0,25.0,2.0,17.0,72.0,12.0,2.0,29.0,121.0,0.263,0.307,0.423,0.73,85.0,0.328,85.0,212.0,20.0,4.0,0.0,3.0,3.0,*79/8H,
Preston Wilson,31.0,HOU,NL,-1.5,102.0,417.0,390.0,40.0,105.0,22.0,2.0,9.0,55.0,6.0,2.0,22.0,94.0,0.269,0.309,0.405,0.714,82.0,0.32,81.0,158.0,18.0,2.0,0.0,3.0,2.0,7/98H,
Preston Wilson,31.0,STL,NL,0.6,33.0,120.0,111.0,18.0,27.0,3.0,0.0,8.0,17.0,6.0,0.0,7.0,27.0,0.243,0.3,0.486,0.786,98.0,0.353,97.0,54.0,2.0,2.0,0.0,0.0,1.0,9/78H,
Prince Fielder*,22.0,MIL,NL,-0.7,157.0,648.0,569.0,82.0,154.0,35.0,1.0,28.0,81.0,7.0,2.0,59.0,125.0,0.271,0.347,0.483,0.831,110.0,0.362,110.0,275.0,17.0,12.0,0.0,8.0,5.0,*3/HD,ROY-7
Quinton McCracken#,35.0,CIN,NL,-0.2,45.0,60.0,53.0,5.0,11.0,1.0,1.0,1.0,2.0,2.0,0.0,4.0,9.0,0.208,0.263,0.321,0.584,47.0,0.301,56.0,17.0,1.0,0.0,3.0,0.0,0.0,H/789,
Rafael Betancourt,31.0,CLE,AL,0.0,3.0,0.0,0.0,0.0,0.0,0.0,0.0,0.0,0.0,0.0,0.0,0.0,0.0,,,,,,,,0.0,0.0,0.0,0.0,0.0,0.0,1,
Rafael Furcal#,28.0,LAD,NL,4.4,159.0,736.0,654.0,113.0,196.0,32.0,9.0,15.0,63.0,37.0,13.0,73.0,98.0,0.3,0.369,0.445,0.814,107.0,0.364,110.0,291.0,7.0,1.0,5.0,3.0,3.0,*6/H,MVP-14
Rafael Pérez*,24.0,CLE,AL,0.0,3.0,0.0,0.0,0.0,0.0,0.0,0.0,0.0,0.0,0.0,0.0,0.0,0.0,,,,,,,,0.0,0.0,0.0,0.0,0.0,0.0,1,
Rafael Soriano,26.0,SEA,AL,0.0,5.0,0.0,0.0,0.0,0.0,0.0,0.0,0.0,0.0,0.0,0.0,0.0,0.0,,,,,,,,0.0,0.0,0.0,0.0,0.0,0.0,1,
Rajai Davis,25.0,PIT,NL,-0.3,20.0,17.0,14.0,1.0,2.0,1.0,0.0,0.0,0.0,1.0,3.0,2.0,3.0,0.143,0.25,0.214,0.464,22.0,0.141,10.0,3.0,0.0,0.0,1.0,0.0,0.0,H/9,
Ramón Castro,30.0,NYM,NL,0.4,40.0,144.0,126.0,13.0,30.0,7.0,0.0,4.0,12.0,0.0,0.0,15.0,40.0,0.238,0.322,0.389,0.711,83.0,0.322,85.0,49.0,2.0,1.0,1.0,1.0,2.0,2/H,
Ramón Hernández,30.0,BAL,AL,4.2,144.0,560.0,501.0,66.0,138.0,29.0,2.0,23.0,91.0,1.0,0.0,43.0,79.0,0.275,0.343,0.479,0.822,111.0,0.366,115.0,240.0,13.0,11.0,0.0,5.0,2.0,*2/HD3,
Ramón Martínez,33.0,LAD,NL,-0.5,82.0,194.0,176.0,20.0,49.0,7.0,1.0,2.0,24.0,0.0,0.0,15.0,20.0,0.278,0.339,0.364,0.702,80.0,0.323,82.0,64.0,9.0,1.0,2.0,0.0,1.0,4H56/39,
Ramón Ortiz,33.0,WSN,NL,-0.3,37.0,66.0,56.0,5.0,6.0,0.0,0.0,1.0,3.0,0.0,0.0,3.0,26.0,0.107,0.153,0.161,0.313,-17.0,0.143,-53.0,9.0,1.0,0.0,7.0,0.0,0.0,1/H,
Ramón Ramírez,24.0,COL,NL,0.1,59.0,5.0,4.0,0.0,2.0,0.0,0.0,0.0,0.0,0.0,0.0,0.0,2.0,0.5,0.5,0.5,1.0,150.0,0.453,184.0,2.0,0.0,0.0,1.0,0.0,0.0,1,
Ramón Santiago#,26.0,DET,AL,0.0,43.0,86.0,80.0,9.0,18.0,1.0,1.0,0.0,3.0,2.0,0.0,1.0,14.0,0.225,0.244,0.263,0.506,32.0,0.231,11.0,21.0,1.0,1.0,4.0,0.0,0.0,64H/5D,
Ramón Vázquez*,29.0,CLE,AL,-1.1,34.0,77.0,67.0,11.0,14.0,2.0,0.0,1.0,8.0,0.0,0.0,6.0,18.0,0.209,0.267,0.284,0.55,44.0,0.247,30.0,19.0,3.0,0.0,2.0,2.0,0.0,5H/46,
Randall Simon*,31.0,PHI,NL,-0.1,23.0,23.0,21.0,0.0,5.0,0.0,0.0,0.0,2.0,0.0,0.0,2.0,6.0,0.238,0.304,0.238,0.542,40.0,0.259,34.0,5.0,0.0,0.0,0.0,0.0,0.0,H,
Randy Choate*,30.0,ARI,NL,0.0,27.0,0.0,0.0,0.0,0.0,0.0,0.0,0.0,0.0,0.0,0.0,0.0,0.0,,,,,,,,0.0,0.0,0.0,0.0,0.0,0.0,1,
Randy Flores*,30.0,STL,NL,0.0,60.0,0.0,0.0,0.0,0.0,0.0,0.0,0.0,0.0,0.0,0.0,0.0,0.0,,,,,,,,0.0,0.0,0.0,0.0,0.0,0.0,1,
Randy Johnson,42.0,NYY,AL,0.0,2.0,6.0,6.0,0.0,1.0,0.0,0.0,0.0,0.0,0.0,0.0,0.0,4.0,0.167,0.167,0.167,0.333,-13.0,0.136,-49.0,1.0,0.0,0.0,0.0,0.0,0.0,1,
Randy Messenger,24.0,FLA,NL,0.0,55.0,2.0,2.0,0.0,0.0,0.0,0.0,0.0,0.0,0.0,0.0,0.0,1.0,0.0,0.0,0.0,0.0,-100.0,0.0,-142.0,0.0,0.0,0.0,0.0,0.0,0.0,1,
Randy Winn#,32.0,SFG,NL,1.7,149.0,635.0,573.0,82.0,150.0,34.0,5.0,11.0,56.0,10.0,8.0,48.0,63.0,0.262,0.324,0.396,0.721,84.0,0.319,82.0,227.0,7.0,7.0,3.0,4.0,3.0,*987H,
Randy Wolf*,29.0,PHI,NL,0.2,13.0,25.0,21.0,2.0,4.0,2.0,0.0,0.0,4.0,0.0,0.0,2.0,8.0,0.19,0.24,0.286,0.526,32.0,0.229,12.0,6.0,0.0,0.0,0.0,2.0,0.0,1/H,
Ray Durham#,34.0,SFG,NL,3.2,137.0,555.0,498.0,79.0,146.0,30.0,7.0,26.0,93.0,7.0,2.0,51.0,61.0,0.293,0.36,0.538,0.898,127.0,0.39,130.0,268.0,17.0,2.0,2.0,2.0,6.0,*4/H,
Ray King*,32.0,COL,NL,0.0,64.0,1.0,1.0,0.0,0.0,0.0,0.0,0.0,0.0,0.0,0.0,0.0,1.0,0.0,0.0,0.0,0.0,-100.0,0.0,-158.0,0.0,0.0,0.0,0.0,0.0,0.0,1,
Ray Olmedo#,25.0,CIN,NL,-0.7,30.0,48.0,44.0,5.0,9.0,2.0,0.0,1.0,4.0,1.0,0.0,4.0,4.0,0.205,0.271,0.318,0.589,48.0,0.27,39.0,14.0,0.0,0.0,0.0,0.0,0.0,H/4659,
Raúl Chávez,33.0,BAL,AL,0.0,16.0,29.0,28.0,1.0,5.0,0.0,0.0,0.0,0.0,0.0,0.0,1.0,4.0,0.179,0.207,0.179,0.385,2.0,0.181,-15.0,5.0,0.0,0.0,0.0,0.0,0.0,2/H,
Raúl Ibañez*,34.0,SEA,AL,4.5,159.0,699.0,626.0,103.0,181.0,33.0,5.0,33.0,123.0,2.0,4.0,65.0,115.0,0.289,0.353,0.516,0.869,125.0,0.367,121.0,323.0,13.0,1.0,0.0,7.0,15.0,*7/D,MVP-21
Reed Johnson,29.0,TOR,AL,5.1,134.0,517.0,461.0,86.0,147.0,34.0,2.0,12.0,49.0,8.0,2.0,33.0,81.0,0.319,0.39,0.479,0.869,124.0,0.386,128.0,221.0,9.0,21.0,1.0,1.0,4.0,*798H/D,
Reggie Abercrombie,25.0,FLA,NL,-0.7,111.0,281.0,255.0,39.0,54.0,12.0,2.0,5.0,24.0,6.0,5.0,18.0,78.0,0.212,0.271,0.333,0.604,58.0,0.28,61.0,85.0,2.0,3.0,4.0,1.0,2.0,8H9/7,
Reggie Sanders,38.0,KCR,AL,0.3,88.0,358.0,325.0,45.0,80.0,23.0,1.0,11.0,49.0,7.0,7.0,28.0,86.0,0.246,0.304,0.425,0.729,86.0,0.316,82.0,138.0,10.0,1.0,0.0,4.0,3.0,9D/H,
Reggie Willits#,25.0,LAA,AL,0.2,28.0,58.0,45.0,12.0,12.0,1.0,0.0,0.0,2.0,4.0,3.0,11.0,10.0,0.267,0.411,0.289,0.7,87.0,0.322,91.0,13.0,0.0,0.0,2.0,0.0,0.0,8H/D9,
Renyel Pinto*,23.0,FLA,NL,0.0,27.0,1.0,1.0,0.0,0.0,0.0,0.0,0.0,0.0,0.0,0.0,0.0,0.0,0.0,0.0,0.0,0.0,-100.0,0.0,-142.0,0.0,0.0,0.0,0.0,0.0,0.0,1,
René Rivera,22.0,SEA,AL,-0.5,35.0,106.0,99.0,8.0,15.0,4.0,0.0,2.0,4.0,1.0,0.0,3.0,29.0,0.152,0.184,0.253,0.437,13.0,0.221,12.0,25.0,2.0,1.0,3.0,0.0,0.0,2,
Rhéal Cormier*,39.0,2TM,NL,0.0,60.0,0.0,0.0,0.0,0.0,0.0,0.0,0.0,0.0,0.0,0.0,0.0,0.0,,,,,,,,0.0,0.0,0.0,0.0,0.0,0.0,1,
Rhéal Cormier*,39.0,PHI,NL,0.0,39.0,0.0,0.0,0.0,0.0,0.0,0.0,0.0,0.0,0.0,0.0,0.0,0.0,,,,,,,,0.0,0.0,0.0,0.0,0.0,0.0,1,
Rhéal Cormier*,39.0,CIN,NL,0.0,21.0,0.0,0.0,0.0,0.0,0.0,0.0,0.0,0.0,0.0,0.0,0.0,0.0,,,,,,,,0.0,0.0,0.0,0.0,0.0,0.0,1,
Ricardo Rincón*,36.0,STL,NL,0.0,5.0,0.0,0.0,0.0,0.0,0.0,0.0,0.0,0.0,0.0,0.0,0.0,0.0,,,,,,,,0.0,0.0,0.0,0.0,0.0,0.0,/1,
Rich Aurilia,34.0,CIN,NL,1.4,122.0,481.0,440.0,61.0,132.0,25.0,1.0,23.0,70.0,3.0,0.0,34.0,51.0,0.3,0.349,0.518,0.867,115.0,0.373,114.0,228.0,10.0,1.0,2.0,4.0,1.0,536H4/D,
Rich Hill*,26.0,CHC,NL,-0.2,16.0,34.0,30.0,0.0,3.0,1.0,0.0,0.0,0.0,0.0,0.0,1.0,11.0,0.1,0.129,0.133,0.262,-33.0,0.118,-80.0,4.0,0.0,0.0,3.0,0.0,0.0,1,
Richie Sexson,31.0,SEA,AL,2.7,158.0,663.0,591.0,75.0,156.0,40.0,0.0,34.0,107.0,1.0,1.0,64.0,154.0,0.264,0.338,0.504,0.842,117.0,0.361,115.0,298.0,17.0,4.0,0.0,4.0,5.0,*3/DH,
Rick Bauer,29.0,TEX,AL,0.0,4.0,0.0,0.0,0.0,0.0,0.0,0.0,0.0,0.0,0.0,0.0,0.0,0.0,,,,,,,,0.0,0.0,0.0,0.0,0.0,0.0,1,
Rick Helling,35.0,MIL,NL,0.0,18.0,3.0,3.0,0.0,0.0,0.0,0.0,0.0,0.0,0.0,0.0,0.0,2.0,0.0,0.0,0.0,0.0,-100.0,0.0,-143.0,0.0,0.0,0.0,0.0,0.0,0.0,1,
Rick White,37.0,2TM,NL,0.0,60.0,0.0,0.0,0.0,0.0,0.0,0.0,0.0,0.0,0.0,0.0,0.0,0.0,,,,,,,,0.0,0.0,0.0,0.0,0.0,0.0,1,
Rick White,37.0,CIN,NL,0.0,25.0,0.0,0.0,0.0,0.0,0.0,0.0,0.0,0.0,0.0,0.0,0.0,0.0,,,,,,,,0.0,0.0,0.0,0.0,0.0,0.0,1,
Rick White,37.0,PHI,NL,0.0,35.0,0.0,0.0,0.0,0.0,0.0,0.0,0.0,0.0,0.0,0.0,0.0,0.0,,,,,,,,0.0,0.0,0.0,0.0,0.0,0.0,1,
Rickie Weeks,23.0,MIL,NL,0.8,95.0,413.0,359.0,73.0,100.0,15.0,3.0,8.0,34.0,19.0,5.0,30.0,92.0,0.279,0.363,0.404,0.766,96.0,0.362,107.0,145.0,6.0,19.0,2.0,3.0,1.0,4/HD,
Ricky Ledée*,32.0,2TM,NL,-0.2,70.0,91.0,85.0,8.0,16.0,6.0,0.0,2.0,9.0,1.0,0.0,6.0,16.0,0.188,0.242,0.329,0.571,45.0,0.264,40.0,28.0,3.0,0.0,0.0,0.0,0.0,H/79,
Ricky Ledée*,32.0,LAD,NL,0.0,43.0,55.0,53.0,4.0,13.0,5.0,0.0,1.0,8.0,1.0,0.0,2.0,10.0,0.245,0.273,0.396,0.669,68.0,0.294,59.0,21.0,3.0,0.0,0.0,0.0,0.0,H/79,
Ricky Ledée*,32.0,NYM,NL,-0.2,27.0,36.0,32.0,4.0,3.0,1.0,0.0,1.0,1.0,0.0,0.0,4.0,6.0,0.094,0.194,0.219,0.413,7.0,0.218,12.0,7.0,0.0,0.0,0.0,0.0,0.0,H/97,
Ricky Nolasco,23.0,FLA,NL,0.3,34.0,49.0,41.0,2.0,7.0,0.0,0.0,1.0,5.0,0.0,0.0,2.0,19.0,0.171,0.209,0.244,0.453,19.0,0.226,10.0,10.0,0.0,0.0,6.0,0.0,0.0,1,
Rob Bowen#,25.0,SDP,NL,0.3,94.0,110.0,94.0,22.0,23.0,5.0,0.0,3.0,13.0,0.0,1.0,13.0,26.0,0.245,0.339,0.394,0.733,96.0,0.321,95.0,37.0,1.0,1.0,1.0,1.0,0.0,2H/3D,
Rob Mackowiak*,30.0,CHW,AL,0.4,112.0,290.0,255.0,31.0,74.0,12.0,1.0,5.0,23.0,5.0,2.0,28.0,59.0,0.29,0.365,0.404,0.769,96.0,0.348,98.0,103.0,1.0,3.0,2.0,2.0,3.0,87H9/5D,
Rob Tejeda,24.0,TEX,AL,0.0,2.0,3.0,2.0,0.0,0.0,0.0,0.0,0.0,0.0,0.0,0.0,0.0,1.0,0.0,0.0,0.0,0.0,-100.0,0.0,-264.0,0.0,0.0,0.0,1.0,0.0,0.0,1,
Robb Quinlan,29.0,LAA,AL,0.8,86.0,244.0,234.0,28.0,75.0,11.0,1.0,9.0,32.0,2.0,1.0,7.0,28.0,0.321,0.344,0.491,0.836,113.0,0.369,117.0,115.0,6.0,2.0,0.0,1.0,1.0,357/H9D,
Robby Hammock,29.0,ARI,NL,0.1,1.0,2.0,2.0,1.0,1.0,1.0,0.0,0.0,0.0,0.0,0.0,0.0,0.0,0.5,0.5,1.0,1.5,265.0,0.62,292.0,2.0,0.0,0.0,0.0,0.0,0.0,/3H,
Robert Andino,22.0,FLA,NL,-0.3,11.0,28.0,24.0,0.0,4.0,1.0,0.0,0.0,2.0,1.0,0.0,1.0,6.0,0.167,0.185,0.208,0.394,3.0,0.215,3.0,5.0,0.0,0.0,1.0,2.0,0.0,/6H,
Robert Fick*,32.0,WSN,NL,-0.5,60.0,141.0,128.0,14.0,34.0,4.0,0.0,2.0,9.0,1.0,1.0,10.0,24.0,0.266,0.324,0.344,0.667,77.0,0.297,73.0,44.0,4.0,1.0,2.0,0.0,1.0,2H3/9,
Roberto Hernández,25.0,CLE,AL,0.0,5.0,0.0,0.0,0.0,0.0,0.0,0.0,0.0,0.0,0.0,0.0,0.0,0.0,,,,,,,,0.0,0.0,0.0,0.0,0.0,0.0,1,
Roberto Hernández,41.0,2TM,NL,0.0,65.0,0.0,0.0,0.0,0.0,0.0,0.0,0.0,0.0,0.0,0.0,0.0,0.0,,,,,,,,0.0,0.0,0.0,0.0,0.0,0.0,1,
Roberto Hernández,41.0,PIT,NL,0.0,43.0,0.0,0.0,0.0,0.0,0.0,0.0,0.0,0.0,0.0,0.0,0.0,0.0,,,,,,,,0.0,0.0,0.0,0.0,0.0,0.0,1,
Roberto Hernández,41.0,NYM,NL,0.0,22.0,0.0,0.0,0.0,0.0,0.0,0.0,0.0,0.0,0.0,0.0,0.0,0.0,,,,,,,,0.0,0.0,0.0,0.0,0.0,0.0,1,
Roberto Novoa,26.0,CHC,NL,0.0,64.0,5.0,5.0,0.0,1.0,1.0,0.0,0.0,1.0,0.0,0.0,0.0,2.0,0.2,0.2,0.4,0.6,47.0,0.248,28.0,2.0,1.0,0.0,0.0,0.0,0.0,1,
Roberto Petagine*,35.0,SEA,AL,0.0,31.0,32.0,27.0,3.0,5.0,2.0,0.0,1.0,2.0,0.0,0.0,4.0,10.0,0.185,0.313,0.37,0.683,79.0,0.305,75.0,10.0,0.0,1.0,0.0,0.0,0.0,H/3,
Robinson Canó*,23.0,NYY,AL,3.2,122.0,508.0,482.0,62.0,165.0,41.0,1.0,15.0,78.0,5.0,2.0,18.0,54.0,0.342,0.365,0.525,0.89,126.0,0.386,128.0,253.0,19.0,2.0,1.0,5.0,3.0,*4/DH,"AS,MVP-22,SS"
Rocco Baldelli,24.0,TBD,AL,3.2,92.0,387.0,364.0,59.0,110.0,24.0,6.0,16.0,57.0,10.0,1.0,14.0,70.0,0.302,0.339,0.533,0.871,122.0,0.378,121.0,194.0,2.0,7.0,0.0,2.0,1.0,8/H,
Rod Barajas,30.0,TEX,AL,1.1,97.0,371.0,344.0,49.0,88.0,20.0,0.0,11.0,41.0,0.0,0.0,17.0,51.0,0.256,0.298,0.41,0.708,80.0,0.318,80.0,141.0,9.0,4.0,5.0,1.0,0.0,2/3,
Rodrigo López,30.0,BAL,AL,0.0,1.0,3.0,2.0,0.0,0.0,0.0,0.0,0.0,0.0,0.0,0.0,0.0,2.0,0.0,0.0,0.0,0.0,-100.0,0.0,-260.0,0.0,0.0,0.0,1.0,0.0,0.0,1,
Roger Clemens,43.0,HOU,NL,0.0,18.0,38.0,27.0,0.0,2.0,1.0,0.0,0.0,0.0,0.0,0.0,3.0,11.0,0.074,0.194,0.111,0.305,-18.0,0.162,-60.0,3.0,0.0,1.0,7.0,0.0,0.0,1,
Román Colón,26.0,DET,AL,0.0,2.0,0.0,0.0,0.0,0.0,0.0,0.0,0.0,0.0,0.0,0.0,0.0,0.0,,,,,,,,0.0,0.0,0.0,0.0,0.0,0.0,1,
Ron Flores*,26.0,OAK,AL,0.0,4.0,1.0,1.0,0.0,0.0,0.0,0.0,0.0,0.0,0.0,0.0,0.0,0.0,0.0,0.0,0.0,0.0,-100.0,0.0,-150.0,0.0,0.0,0.0,0.0,0.0,0.0,1,
Ron Mahay*,35.0,TEX,AL,0.0,3.0,0.0,0.0,0.0,0.0,0.0,0.0,0.0,0.0,0.0,0.0,0.0,0.0,,,,,,,,0.0,0.0,0.0,0.0,0.0,0.0,1,
Ron Villone*,36.0,NYY,AL,0.0,4.0,0.0,0.0,0.0,0.0,0.0,0.0,0.0,0.0,0.0,0.0,0.0,0.0,,,,,,,,0.0,0.0,0.0,0.0,0.0,0.0,1,
Rondell White,34.0,MIN,AL,-1.1,99.0,355.0,337.0,32.0,83.0,17.0,1.0,7.0,38.0,1.0,1.0,11.0,54.0,0.246,0.276,0.365,0.641,66.0,0.294,66.0,123.0,11.0,4.0,0.0,3.0,2.0,D7/H,
Ronnie Belliard,31.0,2TM,2LG,1.6,147.0,590.0,544.0,63.0,148.0,30.0,1.0,13.0,67.0,2.0,3.0,36.0,81.0,0.272,0.322,0.403,0.725,87.0,0.32,84.0,219.0,17.0,5.0,3.0,2.0,2.0,*4/H5,
Ronnie Belliard,31.0,CLE,AL,1.4,93.0,379.0,350.0,43.0,102.0,21.0,0.0,8.0,44.0,2.0,0.0,21.0,45.0,0.291,0.337,0.42,0.757,96.0,0.338,95.0,147.0,8.0,4.0,2.0,2.0,0.0,4/H5,
Ronnie Belliard,31.0,STL,NL,0.1,54.0,211.0,194.0,20.0,46.0,9.0,1.0,5.0,23.0,0.0,3.0,15.0,36.0,0.237,0.295,0.371,0.666,71.0,0.287,64.0,72.0,9.0,1.0,1.0,0.0,2.0,4/H,
Ronny Cedeño,23.0,CHC,NL,-1.7,151.0,572.0,534.0,51.0,131.0,18.0,7.0,6.0,41.0,8.0,8.0,17.0,109.0,0.245,0.271,0.339,0.61,54.0,0.267,42.0,181.0,10.0,3.0,15.0,3.0,4.0,*64/H,
Ronny Paulino,25.0,PIT,NL,2.6,129.0,481.0,442.0,37.0,137.0,19.0,0.0,6.0,55.0,0.0,0.0,34.0,79.0,0.31,0.36,0.394,0.754,96.0,0.336,94.0,174.0,17.0,2.0,1.0,2.0,5.0,*2/H,
Ross Gload*,30.0,CHW,AL,-0.1,77.0,167.0,156.0,22.0,51.0,8.0,2.0,3.0,18.0,6.0,0.0,6.0,15.0,0.327,0.354,0.462,0.815,106.0,0.378,114.0,72.0,3.0,1.0,3.0,1.0,0.0,3H9/7D,
Roy Corcoran,26.0,WSN,NL,0.0,6.0,2.0,1.0,0.0,0.0,0.0,0.0,0.0,0.0,0.0,0.0,1.0,1.0,0.0,0.5,0.0,0.5,49.0,0.355,113.0,0.0,0.0,0.0,0.0,0.0,0.0,/1,
Roy Halladay,29.0,TOR,AL,0.0,1.0,3.0,3.0,0.0,0.0,0.0,0.0,0.0,0.0,0.0,0.0,0.0,2.0,0.0,0.0,0.0,0.0,-100.0,0.0,-143.0,0.0,0.0,0.0,0.0,0.0,0.0,1,"AS,CYA-3"
Roy Oswalt,28.0,HOU,NL,0.1,33.0,90.0,66.0,3.0,10.0,1.0,0.0,1.0,8.0,0.0,0.0,4.0,15.0,0.152,0.2,0.212,0.412,6.0,0.189,-43.0,14.0,2.0,0.0,20.0,0.0,0.0,1/H,"AS,CYA-4"
Royce Clayton,36.0,2TM,NL,-0.8,137.0,502.0,454.0,49.0,117.0,30.0,1.0,2.0,40.0,14.0,6.0,30.0,85.0,0.258,0.307,0.341,0.648,69.0,0.294,65.0,155.0,11.0,5.0,7.0,6.0,3.0,*6H,
Royce Clayton,36.0,WSN,NL,-0.4,87.0,338.0,305.0,36.0,82.0,22.0,1.0,0.0,27.0,8.0,3.0,19.0,53.0,0.269,0.315,0.348,0.663,75.0,0.296,69.0,106.0,8.0,4.0,5.0,5.0,3.0,6/H,
Royce Clayton,36.0,CIN,NL,-0.3,50.0,164.0,149.0,13.0,35.0,8.0,0.0,2.0,13.0,6.0,3.0,11.0,32.0,0.235,0.29,0.329,0.619,56.0,0.292,58.0,49.0,3.0,1.0,2.0,1.0,0.0,6/H,
Royce Ring*,25.0,NYM,NL,0.0,11.0,0.0,0.0,0.0,0.0,0.0,0.0,0.0,0.0,0.0,0.0,0.0,0.0,,,,,,,,0.0,0.0,0.0,0.0,0.0,0.0,1,
Rubén Sierra#,40.0,MIN,AL,-0.2,14.0,33.0,28.0,3.0,5.0,1.0,0.0,0.0,4.0,0.0,0.0,4.0,7.0,0.179,0.273,0.214,0.487,30.0,0.232,22.0,6.0,0.0,0.0,0.0,1.0,0.0,/HD,
Ruddy Lugo,26.0,TBD,AL,0.0,2.0,0.0,0.0,0.0,0.0,0.0,0.0,0.0,0.0,0.0,0.0,0.0,0.0,,,,,,,,0.0,0.0,0.0,0.0,0.0,0.0,1,
Rudy Seánez,37.0,2TM,2LG,0.0,12.0,0.0,0.0,0.0,0.0,0.0,0.0,0.0,0.0,0.0,0.0,0.0,0.0,,,,,,,,0.0,0.0,0.0,0.0,0.0,0.0,1,
Rudy Seánez,37.0,BOS,AL,0.0,4.0,0.0,0.0,0.0,0.0,0.0,0.0,0.0,0.0,0.0,0.0,0.0,0.0,,,,,,,,0.0,0.0,0.0,0.0,0.0,0.0,1,
Rudy Seánez,37.0,SDP,NL,0.0,8.0,0.0,0.0,0.0,0.0,0.0,0.0,0.0,0.0,0.0,0.0,0.0,0.0,,,,,,,,0.0,0.0,0.0,0.0,0.0,0.0,/1,
Russ Adams*,25.0,TOR,AL,-1.1,90.0,280.0,251.0,31.0,55.0,14.0,1.0,3.0,28.0,1.0,2.0,22.0,41.0,0.219,0.282,0.319,0.6,56.0,0.273,50.0,80.0,5.0,1.0,3.0,3.0,0.0,46H/D,
Russ Ortiz,32.0,2TM,2LG,0.1,7.0,9.0,6.0,1.0,2.0,0.0,0.0,0.0,2.0,0.0,0.0,2.0,1.0,0.333,0.5,0.333,0.833,119.0,0.406,122.0,2.0,0.0,0.0,1.0,0.0,0.0,1,
Russ Ortiz,32.0,ARI,NL,0.0,6.0,6.0,4.0,0.0,0.0,0.0,0.0,0.0,0.0,0.0,0.0,1.0,1.0,0.0,0.2,0.0,0.2,-43.0,0.142,-79.0,0.0,0.0,0.0,1.0,0.0,0.0,/1,
Russ Ortiz,32.0,BAL,AL,0.1,1.0,3.0,2.0,1.0,2.0,0.0,0.0,0.0,2.0,0.0,0.0,1.0,0.0,1.0,1.0,1.0,2.0,425.0,0.844,454.0,2.0,0.0,0.0,0.0,0.0,0.0,1,
Russ Springer,37.0,HOU,NL,0.0,69.0,0.0,0.0,0.0,0.0,0.0,0.0,0.0,0.0,0.0,0.0,0.0,0.0,,,,,,,,0.0,0.0,0.0,0.0,0.0,0.0,1,
Russell Branyan*,30.0,2TM,2LG,1.6,91.0,282.0,241.0,37.0,55.0,11.0,0.0,18.0,36.0,2.0,0.0,34.0,89.0,0.228,0.327,0.498,0.825,113.0,0.359,112.0,120.0,1.0,3.0,1.0,3.0,1.0,95H/37,
Russell Branyan*,30.0,TBD,AL,0.8,64.0,193.0,169.0,23.0,34.0,10.0,0.0,12.0,27.0,2.0,0.0,19.0,62.0,0.201,0.286,0.473,0.76,93.0,0.329,88.0,80.0,1.0,2.0,1.0,2.0,0.0,9/H537,
Russell Branyan*,30.0,SDP,NL,0.9,27.0,89.0,72.0,14.0,21.0,1.0,0.0,6.0,9.0,0.0,0.0,15.0,27.0,0.292,0.416,0.556,0.971,157.0,0.424,166.0,40.0,0.0,1.0,0.0,1.0,1.0,5/H,
Russell Martin,23.0,LAD,NL,2.1,121.0,468.0,415.0,65.0,117.0,26.0,4.0,10.0,65.0,10.0,5.0,45.0,57.0,0.282,0.355,0.436,0.792,101.0,0.346,99.0,181.0,17.0,4.0,1.0,3.0,8.0,*2/HD,ROY-9
Ryan Church*,27.0,WSN,NL,1.5,71.0,230.0,196.0,22.0,54.0,17.0,1.0,10.0,35.0,6.0,1.0,26.0,60.0,0.276,0.366,0.526,0.891,131.0,0.387,133.0,103.0,4.0,3.0,3.0,2.0,0.0,8H9/7,
Ryan Dempster,29.0,CHC,NL,0.0,70.0,2.0,2.0,0.0,0.0,0.0,0.0,0.0,0.0,0.0,0.0,0.0,2.0,0.0,0.0,0.0,0.0,-100.0,0.0,-150.0,0.0,0.0,0.0,0.0,0.0,0.0,1,
Ryan Doumit#,25.0,PIT,NL,-0.2,61.0,178.0,149.0,15.0,31.0,9.0,0.0,6.0,17.0,0.0,0.0,15.0,42.0,0.208,0.322,0.389,0.711,83.0,0.324,86.0,58.0,3.0,11.0,1.0,2.0,1.0,3H2/D,
Ryan Drese,30.0,WSN,NL,0.0,2.0,3.0,3.0,0.0,0.0,0.0,0.0,0.0,0.0,0.0,0.0,0.0,1.0,0.0,0.0,0.0,0.0,-100.0,0.0,-135.0,0.0,0.0,0.0,0.0,0.0,0.0,/1,
Ryan Franklin,33.0,2TM,NL,-0.1,61.0,4.0,4.0,0.0,0.0,0.0,0.0,0.0,0.0,0.0,0.0,0.0,4.0,0.0,0.0,0.0,0.0,-100.0,0.0,-154.0,0.0,0.0,0.0,0.0,0.0,0.0,1,
Ryan Franklin,33.0,PHI,NL,0.0,41.0,2.0,2.0,0.0,0.0,0.0,0.0,0.0,0.0,0.0,0.0,0.0,2.0,0.0,0.0,0.0,0.0,-100.0,0.0,-154.0,0.0,0.0,0.0,0.0,0.0,0.0,1,
Ryan Franklin,33.0,CIN,NL,0.0,20.0,2.0,2.0,0.0,0.0,0.0,0.0,0.0,0.0,0.0,0.0,0.0,2.0,0.0,0.0,0.0,0.0,-100.0,0.0,-154.0,0.0,0.0,0.0,0.0,0.0,0.0,1,
Ryan Freel,30.0,CIN,NL,2.7,132.0,523.0,454.0,67.0,123.0,30.0,2.0,8.0,27.0,37.0,11.0,57.0,98.0,0.271,0.363,0.399,0.762,93.0,0.352,96.0,181.0,5.0,9.0,3.0,0.0,0.0,89H457,
Ryan Garko,25.0,CLE,AL,0.7,50.0,209.0,185.0,28.0,54.0,12.0,0.0,7.0,45.0,0.0,0.0,14.0,37.0,0.292,0.359,0.47,0.829,114.0,0.362,113.0,87.0,5.0,7.0,0.0,3.0,0.0,3/HD,
Ryan Howard*,26.0,PHI,NL,5.2,159.0,704.0,581.0,104.0,182.0,25.0,1.0,58.0,149.0,0.0,0.0,108.0,181.0,0.313,0.425,0.659,1.084,167.0,0.444,168.0,383.0,7.0,9.0,0.0,6.0,37.0,*3/H,"AS,MVP-1,SS"
Ryan Klesko*,35.0,SDP,NL,0.2,6.0,6.0,4.0,0.0,3.0,1.0,0.0,0.0,2.0,0.0,0.0,2.0,0.0,0.75,0.833,1.0,1.833,388.0,0.746,392.0,4.0,0.0,0.0,0.0,0.0,0.0,/H,
Ryan Langerhans*,26.0,ATL,NL,1.0,131.0,369.0,315.0,46.0,76.0,16.0,3.0,7.0,28.0,1.0,2.0,50.0,91.0,0.241,0.35,0.378,0.727,87.0,0.326,87.0,119.0,9.0,3.0,0.0,1.0,8.0,*78H/9,
Ryan Madson*,25.0,PHI,NL,0.1,48.0,38.0,33.0,3.0,6.0,1.0,0.0,0.0,2.0,0.0,0.0,1.0,13.0,0.182,0.206,0.212,0.418,6.0,0.188,-30.0,7.0,1.0,0.0,4.0,0.0,0.0,1,
Ryan O'Malley,26.0,CHC,NL,-0.1,2.0,4.0,4.0,0.0,0.0,0.0,0.0,0.0,0.0,0.0,0.0,0.0,3.0,0.0,0.0,0.0,0.0,-100.0,0.0,-147.0,0.0,0.0,0.0,0.0,0.0,0.0,/1,
Ryan Roberts,25.0,TOR,AL,-0.1,9.0,14.0,13.0,1.0,1.0,0.0,0.0,1.0,1.0,0.0,0.0,1.0,4.0,0.077,0.143,0.308,0.451,12.0,0.191,-9.0,4.0,1.0,0.0,0.0,0.0,0.0,/4HD,
Ryan Shealy,26.0,2TM,2LG,0.9,56.0,219.0,202.0,31.0,56.0,12.0,1.0,7.0,37.0,1.0,1.0,15.0,54.0,0.277,0.333,0.45,0.784,100.0,0.338,94.0,91.0,5.0,2.0,0.0,0.0,1.0,3/H,
Ryan Shealy,26.0,COL,NL,0.0,5.0,9.0,9.0,2.0,2.0,2.0,0.0,0.0,1.0,0.0,0.0,0.0,4.0,0.222,0.222,0.444,0.667,59.0,0.275,42.0,4.0,0.0,0.0,0.0,0.0,0.0,/H3,
Ryan Shealy,26.0,KCR,AL,1.0,51.0,210.0,193.0,29.0,54.0,10.0,1.0,7.0,36.0,1.0,1.0,15.0,50.0,0.28,0.338,0.451,0.789,102.0,0.341,97.0,87.0,5.0,2.0,0.0,0.0,1.0,3,
Ryan Spilborghs,26.0,COL,NL,0.0,67.0,186.0,167.0,26.0,48.0,6.0,3.0,4.0,21.0,5.0,2.0,14.0,30.0,0.287,0.337,0.431,0.768,89.0,0.333,81.0,72.0,7.0,0.0,2.0,3.0,0.0,H897/D,
Ryan Sweeney*,21.0,CHW,AL,-0.5,18.0,35.0,35.0,1.0,8.0,0.0,0.0,0.0,5.0,0.0,0.0,0.0,7.0,0.229,0.229,0.229,0.457,18.0,0.208,-1.0,8.0,1.0,0.0,0.0,0.0,0.0,/879HD,
Ryan Theriot,26.0,CHC,NL,1.1,53.0,159.0,134.0,34.0,44.0,11.0,3.0,3.0,16.0,13.0,2.0,17.0,18.0,0.328,0.412,0.522,0.934,135.0,0.435,153.0,70.0,5.0,2.0,6.0,0.0,0.0,4H/65,
Ryan Vogelsong,28.0,PIT,NL,0.1,18.0,5.0,3.0,1.0,1.0,0.0,0.0,0.0,0.0,0.0,0.0,2.0,2.0,0.333,0.6,0.333,0.933,152.0,0.466,187.0,1.0,0.0,0.0,0.0,0.0,0.0,1,
Ryan Wagner,23.0,WSN,NL,0.0,26.0,3.0,3.0,0.0,1.0,0.0,0.0,0.0,0.0,0.0,0.0,0.0,1.0,0.333,0.333,0.333,0.667,77.0,0.302,76.0,1.0,0.0,0.0,0.0,0.0,0.0,1,
Ryan Zimmerman,21.0,WSN,NL,2.9,157.0,682.0,614.0,84.0,176.0,47.0,3.0,20.0,110.0,11.0,8.0,61.0,120.0,0.287,0.351,0.471,0.822,114.0,0.353,113.0,289.0,15.0,2.0,1.0,4.0,7.0,*5,ROY-2
Sal Fasano,34.0,2TM,2LG,-0.3,78.0,206.0,189.0,12.0,41.0,12.0,0.0,5.0,15.0,0.0,1.0,7.0,61.0,0.217,0.267,0.36,0.627,57.0,0.278,48.0,68.0,5.0,6.0,4.0,0.0,0.0,2/HD,
Sal Fasano,34.0,PHI,NL,0.0,50.0,149.0,140.0,9.0,34.0,8.0,0.0,4.0,10.0,0.0,1.0,5.0,47.0,0.243,0.284,0.386,0.669,67.0,0.296,62.0,54.0,4.0,3.0,1.0,0.0,0.0,2/H,
Sal Fasano,34.0,NYY,AL,-0.3,28.0,57.0,49.0,3.0,7.0,4.0,0.0,1.0,5.0,0.0,0.0,2.0,14.0,0.143,0.222,0.286,0.508,30.0,0.228,11.0,14.0,1.0,3.0,3.0,0.0,0.0,2/HD,
Salomón Torres,34.0,PIT,NL,0.0,91.0,5.0,5.0,0.0,1.0,0.0,0.0,0.0,0.0,0.0,0.0,0.0,3.0,0.2,0.2,0.2,0.4,4.0,0.181,-15.0,1.0,0.0,0.0,0.0,0.0,0.0,1,
Sandy Alomar,40.0,2TM,2LG,-0.2,46.0,113.0,108.0,8.0,30.0,8.0,0.0,1.0,17.0,0.0,0.0,3.0,14.0,0.278,0.292,0.38,0.672,70.0,0.315,76.0,41.0,3.0,0.0,0.0,2.0,0.0,2H/D,
Sandy Alomar,40.0,LAD,NL,-0.2,27.0,62.0,62.0,3.0,20.0,5.0,0.0,0.0,9.0,0.0,0.0,0.0,7.0,0.323,0.323,0.403,0.726,84.0,0.332,89.0,25.0,3.0,0.0,0.0,0.0,0.0,2/H,
Sandy Alomar,40.0,CHW,AL,0.0,19.0,51.0,46.0,5.0,10.0,3.0,0.0,1.0,8.0,0.0,0.0,3.0,7.0,0.217,0.255,0.348,0.603,52.0,0.294,60.0,16.0,0.0,0.0,0.0,2.0,0.0,2/DH,
Santiago Ramírez,27.0,WSN,NL,0.0,4.0,0.0,0.0,0.0,0.0,0.0,0.0,0.0,0.0,0.0,0.0,0.0,0.0,,,,,,,,0.0,0.0,0.0,0.0,0.0,0.0,/1,
Saúl Rivera#,28.0,WSN,NL,-0.1,49.0,4.0,4.0,0.0,0.0,0.0,0.0,0.0,0.0,0.0,0.0,0.0,2.0,0.0,0.0,0.0,0.0,-100.0,0.0,-137.0,0.0,0.0,0.0,0.0,0.0,0.0,1,
Scot Shields,30.0,LAA,AL,0.0,4.0,1.0,1.0,0.0,0.0,0.0,0.0,0.0,0.0,0.0,0.0,0.0,0.0,0.0,0.0,0.0,0.0,-100.0,0.0,-150.0,0.0,0.0,0.0,0.0,0.0,0.0,1,
Scott Baker,24.0,MIN,AL,0.0,1.0,3.0,3.0,0.0,0.0,0.0,0.0,0.0,0.0,0.0,0.0,0.0,3.0,0.0,0.0,0.0,0.0,-100.0,0.0,-141.0,0.0,0.0,0.0,0.0,0.0,0.0,1,
Scott Cassidy,30.0,SDP,NL,0.0,40.0,1.0,1.0,0.0,0.0,0.0,0.0,0.0,0.0,0.0,0.0,0.0,1.0,0.0,0.0,0.0,0.0,-100.0,0.0,-142.0,0.0,0.0,0.0,0.0,0.0,0.0,1,
Scott Dohmann,28.0,COL,NL,0.0,25.0,1.0,1.0,0.0,0.0,0.0,0.0,0.0,0.0,0.0,0.0,0.0,1.0,0.0,0.0,0.0,0.0,-100.0,0.0,-158.0,0.0,0.0,0.0,0.0,0.0,0.0,1,
Scott Downs*,30.0,TOR,AL,0.0,5.0,0.0,0.0,0.0,0.0,0.0,0.0,0.0,0.0,0.0,0.0,0.0,0.0,,,,,,,,0.0,0.0,0.0,0.0,0.0,0.0,1,
Scott Elarton,30.0,KCR,AL,0.1,2.0,4.0,3.0,1.0,1.0,1.0,0.0,0.0,0.0,0.0,0.0,0.0,0.0,0.333,0.333,0.667,1.0,149.0,0.413,162.0,2.0,0.0,0.0,1.0,0.0,0.0,1,
Scott Erickson,38.0,NYY,AL,0.0,1.0,0.0,0.0,0.0,0.0,0.0,0.0,0.0,0.0,0.0,0.0,0.0,0.0,,,,,,,,0.0,0.0,0.0,0.0,0.0,0.0,/1,
Scott Eyre*,34.0,CHC,NL,0.0,70.0,1.0,1.0,0.0,0.0,0.0,0.0,0.0,0.0,0.0,0.0,0.0,0.0,0.0,0.0,0.0,0.0,-100.0,0.0,-150.0,0.0,0.0,0.0,0.0,0.0,0.0,1,
Scott Feldman*,23.0,TEX,AL,0.0,5.0,0.0,0.0,0.0,0.0,0.0,0.0,0.0,0.0,0.0,0.0,0.0,0.0,,,,,,,,0.0,0.0,0.0,0.0,0.0,0.0,1,
Scott Hairston,26.0,ARI,NL,0.3,9.0,16.0,15.0,2.0,6.0,2.0,0.0,0.0,2.0,0.0,0.0,1.0,5.0,0.4,0.438,0.533,0.971,143.0,0.471,184.0,8.0,1.0,0.0,0.0,0.0,0.0,/7H,
Scott Hatteberg*,36.0,CIN,NL,1.8,141.0,539.0,456.0,62.0,132.0,28.0,0.0,13.0,51.0,2.0,2.0,74.0,41.0,0.289,0.389,0.436,0.826,109.0,0.368,112.0,199.0,13.0,3.0,2.0,4.0,3.0,*3H,
Scott Kazmir*,22.0,TBD,AL,0.0,2.0,3.0,3.0,0.0,0.0,0.0,0.0,0.0,0.0,0.0,0.0,0.0,2.0,0.0,0.0,0.0,0.0,-100.0,0.0,-143.0,0.0,0.0,0.0,0.0,0.0,0.0,1,AS
Scott Linebrink,29.0,SDP,NL,0.1,69.0,1.0,1.0,0.0,1.0,0.0,0.0,0.0,0.0,0.0,0.0,0.0,0.0,1.0,1.0,1.0,2.0,439.0,0.906,508.0,1.0,0.0,0.0,0.0,0.0,0.0,1,
Scott Mathieson,22.0,PHI,NL,0.0,7.0,9.0,7.0,0.0,1.0,0.0,0.0,0.0,0.0,0.0,0.0,0.0,4.0,0.143,0.143,0.143,0.286,-28.0,0.129,-104.0,1.0,0.0,0.0,2.0,0.0,0.0,/1,
Scott Moore*,22.0,CHC,NL,-0.1,16.0,42.0,38.0,6.0,10.0,2.0,0.0,2.0,5.0,0.0,0.0,2.0,10.0,0.263,0.317,0.474,0.791,97.0,0.339,92.0,18.0,1.0,1.0,1.0,0.0,0.0,/3H5,
Scott Munter,26.0,SFG,NL,0.1,27.0,1.0,1.0,1.0,1.0,1.0,0.0,0.0,1.0,0.0,0.0,0.0,0.0,1.0,1.0,2.0,3.0,644.0,1.24,742.0,2.0,0.0,0.0,0.0,0.0,0.0,1,
Scott Olsen*,22.0,FLA,NL,0.3,31.0,64.0,58.0,3.0,11.0,2.0,0.0,0.0,8.0,0.0,0.0,0.0,18.0,0.19,0.19,0.224,0.414,8.0,0.21,0.0,13.0,0.0,0.0,6.0,0.0,0.0,1/H,ROY-9
Scott Podsednik*,30.0,CHW,AL,-0.3,139.0,592.0,524.0,86.0,137.0,27.0,6.0,3.0,45.0,40.0,19.0,54.0,96.0,0.261,0.33,0.353,0.684,75.0,0.313,74.0,185.0,7.0,2.0,8.0,4.0,1.0,*7H/D,
Scott Proctor,29.0,NYY,AL,0.0,6.0,0.0,0.0,0.0,0.0,0.0,0.0,0.0,0.0,0.0,0.0,0.0,0.0,,,,,,,,0.0,0.0,0.0,0.0,0.0,0.0,1,
Scott Rolen,31.0,STL,NL,5.9,142.0,594.0,521.0,94.0,154.0,48.0,1.0,22.0,95.0,7.0,4.0,56.0,69.0,0.296,0.369,0.518,0.887,126.0,0.385,129.0,270.0,10.0,9.0,0.0,8.0,7.0,*5,"AS,GG"
Scott Sauerbeck,34.0,OAK,AL,0.0,5.0,0.0,0.0,0.0,0.0,0.0,0.0,0.0,0.0,0.0,0.0,0.0,0.0,,,,,,,,0.0,0.0,0.0,0.0,0.0,0.0,1,
Scott Schoeneweis*,32.0,2TM,2LG,0.0,20.0,0.0,0.0,0.0,0.0,0.0,0.0,0.0,0.0,0.0,0.0,0.0,0.0,,,,,,,,0.0,0.0,0.0,0.0,0.0,0.0,1,
Scott Schoeneweis*,32.0,TOR,AL,0.0,4.0,0.0,0.0,0.0,0.0,0.0,0.0,0.0,0.0,0.0,0.0,0.0,0.0,,,,,,,,0.0,0.0,0.0,0.0,0.0,0.0,1,
Scott Schoeneweis*,32.0,CIN,NL,0.0,16.0,0.0,0.0,0.0,0.0,0.0,0.0,0.0,0.0,0.0,0.0,0.0,0.0,,,,,,,,0.0,0.0,0.0,0.0,0.0,0.0,1,
Scott Spiezio#,33.0,STL,NL,1.6,119.0,321.0,276.0,44.0,75.0,15.0,4.0,13.0,52.0,1.0,0.0,37.0,66.0,0.272,0.366,0.496,0.862,120.0,0.373,120.0,137.0,1.0,5.0,1.0,2.0,1.0,H573/4D,
Scott Thorman*,24.0,ATL,NL,-0.1,55.0,133.0,128.0,13.0,30.0,11.0,0.0,5.0,14.0,1.0,0.0,5.0,21.0,0.234,0.263,0.438,0.701,76.0,0.313,75.0,56.0,0.0,0.0,0.0,0.0,0.0,7H3,
Scott Williamson,30.0,2TM,NL,0.0,41.0,0.0,0.0,0.0,0.0,0.0,0.0,0.0,0.0,0.0,0.0,0.0,0.0,,,,,,,,0.0,0.0,0.0,0.0,0.0,0.0,1,
Scott Williamson,30.0,CHC,NL,0.0,30.0,0.0,0.0,0.0,0.0,0.0,0.0,0.0,0.0,0.0,0.0,0.0,0.0,,,,,,,,0.0,0.0,0.0,0.0,0.0,0.0,1,
Scott Williamson,30.0,SDP,NL,0.0,11.0,0.0,0.0,0.0,0.0,0.0,0.0,0.0,0.0,0.0,0.0,0.0,0.0,,,,,,,,0.0,0.0,0.0,0.0,0.0,0.0,1,
Sean Burroughs*,25.0,TBD,AL,0.0,8.0,25.0,21.0,3.0,4.0,1.0,0.0,0.0,1.0,1.0,0.0,4.0,7.0,0.19,0.32,0.238,0.558,49.0,0.279,48.0,5.0,1.0,0.0,0.0,0.0,0.0,/5H,
Sean Casey*,31.0,2TM,2LG,-0.7,112.0,440.0,397.0,47.0,108.0,22.0,0.0,8.0,59.0,0.0,1.0,33.0,43.0,0.272,0.336,0.388,0.724,87.0,0.322,85.0,154.0,10.0,7.0,0.0,3.0,9.0,3/H,
Sean Casey*,31.0,PIT,NL,-0.1,59.0,244.0,213.0,30.0,63.0,15.0,0.0,3.0,29.0,0.0,0.0,23.0,22.0,0.296,0.377,0.408,0.785,104.0,0.353,107.0,87.0,7.0,6.0,0.0,2.0,5.0,3/H,
Sean Casey*,31.0,DET,AL,-0.6,53.0,196.0,184.0,17.0,45.0,7.0,0.0,5.0,30.0,0.0,1.0,10.0,21.0,0.245,0.286,0.364,0.65,67.0,0.284,58.0,67.0,3.0,1.0,0.0,1.0,4.0,3/H,
Sean Green,27.0,SEA,AL,0.0,1.0,0.0,0.0,0.0,0.0,0.0,0.0,0.0,0.0,0.0,0.0,0.0,0.0,,,,,,,,0.0,0.0,0.0,0.0,0.0,0.0,1,
Sean Marshall*,23.0,CHC,NL,-0.1,22.0,43.0,40.0,3.0,5.0,0.0,0.0,1.0,2.0,0.0,0.0,0.0,19.0,0.125,0.125,0.2,0.325,-19.0,0.137,-62.0,8.0,0.0,0.0,3.0,0.0,0.0,1,
Sendy Rleal,26.0,BAL,AL,0.0,4.0,0.0,0.0,0.0,0.0,0.0,0.0,0.0,0.0,0.0,0.0,0.0,0.0,,,,,,,,0.0,0.0,0.0,0.0,0.0,0.0,1,
Sergio Mitre,25.0,FLA,NL,0.1,16.0,14.0,12.0,2.0,2.0,1.0,0.0,0.0,1.0,0.0,0.0,0.0,4.0,0.167,0.167,0.25,0.417,7.0,0.254,30.0,3.0,0.0,0.0,2.0,0.0,0.0,1/H,
Seth McClung*,25.0,TBD,AL,0.0,1.0,2.0,1.0,0.0,0.0,0.0,0.0,0.0,0.0,0.0,0.0,0.0,0.0,0.0,0.0,0.0,0.0,-100.0,0.0,-400.0,0.0,0.0,0.0,1.0,0.0,0.0,1,
Shane Costa*,24.0,KCR,AL,-0.1,72.0,252.0,237.0,23.0,65.0,20.0,1.0,3.0,23.0,2.0,0.0,6.0,29.0,0.274,0.304,0.405,0.709,81.0,0.306,70.0,96.0,5.0,5.0,2.0,2.0,2.0,98/H7D,
Shane Victorino,25.0,PHI,NL,2.0,153.0,462.0,415.0,70.0,119.0,19.0,8.0,6.0,46.0,4.0,3.0,24.0,54.0,0.287,0.346,0.414,0.76,91.0,0.339,91.0,172.0,5.0,14.0,8.0,1.0,0.0,*8H79,
Shane Youman*,26.0,PIT,NL,0.1,5.0,7.0,7.0,0.0,3.0,0.0,0.0,0.0,1.0,0.0,0.0,0.0,3.0,0.429,0.429,0.429,0.857,124.0,0.388,132.0,3.0,0.0,0.0,0.0,0.0,0.0,/1,
Shannon Stewart,32.0,MIN,AL,0.1,44.0,190.0,174.0,21.0,51.0,5.0,1.0,2.0,21.0,3.0,1.0,14.0,19.0,0.293,0.347,0.368,0.715,88.0,0.336,95.0,64.0,7.0,1.0,0.0,1.0,0.0,7D,
Shaun Marcum,24.0,TOR,AL,0.0,1.0,0.0,0.0,0.0,0.0,0.0,0.0,0.0,0.0,0.0,0.0,0.0,0.0,,,,,,,,0.0,0.0,0.0,0.0,0.0,0.0,1,
Shawn Camp,30.0,TBD,AL,0.0,3.0,0.0,0.0,0.0,0.0,0.0,0.0,0.0,0.0,0.0,0.0,0.0,0.0,,,,,,,,0.0,0.0,0.0,0.0,0.0,0.0,1,
Shawn Chacón,28.0,2TM,2LG,-0.1,10.0,18.0,15.0,2.0,1.0,1.0,0.0,0.0,1.0,0.0,0.0,1.0,6.0,0.067,0.125,0.133,0.258,-33.0,0.122,-78.0,2.0,0.0,0.0,2.0,0.0,0.0,1,
Shawn Chacón,28.0,NYY,AL,0.0,1.0,3.0,2.0,1.0,0.0,0.0,0.0,0.0,0.0,0.0,0.0,1.0,1.0,0.0,0.333,0.0,0.333,-2.0,0.239,24.0,0.0,0.0,0.0,0.0,0.0,0.0,1,
Shawn Chacón,28.0,PIT,NL,-0.1,9.0,15.0,13.0,1.0,1.0,1.0,0.0,0.0,1.0,0.0,0.0,0.0,5.0,0.077,0.077,0.154,0.231,-42.0,0.095,-103.0,2.0,0.0,0.0,2.0,0.0,0.0,/1,
Shawn Estes,33.0,SDP,NL,0.0,1.0,2.0,1.0,0.0,0.0,0.0,0.0,0.0,0.0,0.0,0.0,1.0,0.0,0.0,0.5,0.0,0.5,51.0,0.355,117.0,0.0,0.0,0.0,0.0,0.0,0.0,/1,
Shawn Green*,33.0,2TM,NL,-0.9,149.0,588.0,530.0,73.0,147.0,31.0,3.0,15.0,66.0,4.0,4.0,45.0,82.0,0.277,0.344,0.432,0.776,95.0,0.34,94.0,229.0,17.0,10.0,0.0,3.0,5.0,*93/HD,
Shawn Green*,33.0,ARI,NL,-0.8,115.0,462.0,417.0,59.0,118.0,22.0,3.0,11.0,51.0,4.0,4.0,37.0,64.0,0.283,0.348,0.429,0.778,95.0,0.341,93.0,179.0,9.0,6.0,0.0,2.0,4.0,93/HD,
Shawn Green*,33.0,NYM,NL,-0.1,34.0,126.0,113.0,14.0,29.0,9.0,0.0,4.0,15.0,0.0,0.0,8.0,18.0,0.257,0.325,0.442,0.768,97.0,0.337,96.0,50.0,8.0,4.0,0.0,1.0,1.0,9/H3,
Shawn Hill,25.0,WSN,NL,0.0,4.0,8.0,6.0,1.0,1.0,0.0,0.0,0.0,0.0,0.0,0.0,0.0,4.0,0.167,0.167,0.167,0.333,-11.0,0.151,-75.0,1.0,0.0,0.0,2.0,0.0,0.0,/1,
Shawn Riggans,25.0,TBD,AL,-0.1,10.0,33.0,29.0,3.0,5.0,1.0,0.0,0.0,1.0,0.0,0.0,4.0,7.0,0.172,0.273,0.207,0.48,28.0,0.234,23.0,6.0,1.0,0.0,0.0,0.0,0.0,/2HD,
Shea Hillenbrand,30.0,2TM,2LG,0.1,141.0,566.0,530.0,73.0,147.0,27.0,1.0,21.0,68.0,1.0,2.0,21.0,80.0,0.277,0.313,0.451,0.764,94.0,0.336,94.0,239.0,22.0,9.0,0.0,6.0,2.0,3D5/H,
Shea Hillenbrand,30.0,TOR,AL,0.7,81.0,319.0,296.0,40.0,89.0,15.0,1.0,12.0,39.0,1.0,2.0,14.0,40.0,0.301,0.342,0.48,0.821,110.0,0.361,113.0,142.0,15.0,6.0,0.0,3.0,2.0,D35/H,
Shea Hillenbrand,30.0,SFG,NL,-0.6,60.0,247.0,234.0,33.0,58.0,12.0,0.0,9.0,29.0,0.0,0.0,7.0,40.0,0.248,0.275,0.415,0.69,74.0,0.304,70.0,97.0,7.0,3.0,0.0,3.0,0.0,3/5H,
Shin-Soo Choo*,23.0,2TM,AL,1.3,49.0,179.0,157.0,23.0,44.0,12.0,3.0,3.0,22.0,5.0,3.0,18.0,50.0,0.28,0.36,0.452,0.812,110.0,0.353,109.0,71.0,3.0,2.0,1.0,1.0,2.0,9/7H8D,
Shin-Soo Choo*,23.0,SEA,AL,-0.2,4.0,12.0,11.0,0.0,1.0,1.0,0.0,0.0,0.0,0.0,0.0,0.0,4.0,0.091,0.167,0.182,0.348,-8.0,0.165,-24.0,2.0,1.0,1.0,0.0,0.0,0.0,/8,
Shin-Soo Choo*,23.0,CLE,AL,1.5,45.0,167.0,146.0,23.0,43.0,11.0,3.0,3.0,22.0,5.0,3.0,18.0,46.0,0.295,0.373,0.473,0.846,119.0,0.367,119.0,69.0,2.0,1.0,1.0,1.0,2.0,9/7HD,
Sidney Ponson,29.0,STL,NL,0.2,12.0,21.0,13.0,1.0,3.0,0.0,0.0,0.0,1.0,0.0,1.0,3.0,6.0,0.231,0.375,0.231,0.606,62.0,0.265,56.0,3.0,0.0,0.0,5.0,0.0,0.0,1,
Skip Schumaker*,26.0,STL,NL,-0.4,28.0,60.0,54.0,3.0,10.0,1.0,0.0,1.0,2.0,2.0,1.0,5.0,6.0,0.185,0.254,0.259,0.513,33.0,0.241,25.0,14.0,1.0,0.0,1.0,0.0,1.0,7/9H8,
So Taguchi,36.0,STL,NL,0.7,134.0,361.0,316.0,46.0,84.0,19.0,1.0,2.0,31.0,11.0,3.0,32.0,48.0,0.266,0.335,0.351,0.686,78.0,0.331,88.0,111.0,9.0,2.0,9.0,2.0,1.0,*78H/94D,
Stephen Drew*,23.0,ARI,NL,1.7,59.0,226.0,209.0,27.0,66.0,13.0,7.0,5.0,23.0,2.0,0.0,14.0,50.0,0.316,0.357,0.517,0.874,117.0,0.376,115.0,108.0,1.0,0.0,2.0,1.0,4.0,6/H,
Steve Finley*,41.0,SFG,NL,1.1,139.0,481.0,426.0,66.0,105.0,21.0,12.0,6.0,40.0,7.0,0.0,46.0,55.0,0.246,0.32,0.394,0.714,83.0,0.322,80.0,168.0,6.0,2.0,3.0,4.0,2.0,*8H,
Steve Kline#,33.0,SFG,NL,0.0,72.0,0.0,0.0,0.0,0.0,0.0,0.0,0.0,0.0,0.0,0.0,0.0,0.0,,,,,,,,0.0,0.0,0.0,0.0,0.0,0.0,1,
Steve Trachsel,35.0,NYM,NL,0.2,28.0,59.0,50.0,4.0,7.0,1.0,0.0,1.0,2.0,0.0,0.0,4.0,13.0,0.14,0.218,0.22,0.438,14.0,0.206,-4.0,11.0,0.0,1.0,4.0,0.0,0.0,1,
Sun-Woo Kim,28.0,2TM,NL,0.1,8.0,2.0,2.0,0.0,1.0,1.0,0.0,0.0,0.0,0.0,0.0,0.0,0.0,0.5,0.5,1.0,1.5,262.0,0.62,292.0,2.0,0.0,0.0,0.0,0.0,0.0,/1,
Sun-Woo Kim,28.0,COL,NL,0.1,6.0,1.0,1.0,0.0,1.0,1.0,0.0,0.0,0.0,0.0,0.0,0.0,0.0,1.0,1.0,2.0,3.0,617.0,1.24,733.0,2.0,0.0,0.0,0.0,0.0,0.0,/1,
Sun-Woo Kim,28.0,CIN,NL,0.0,2.0,1.0,1.0,0.0,0.0,0.0,0.0,0.0,0.0,0.0,0.0,0.0,0.0,0.0,0.0,0.0,0.0,-100.0,0.0,-150.0,0.0,0.0,0.0,0.0,0.0,0.0,/1,
T.J. Beam,25.0,NYY,AL,0.0,2.0,1.0,1.0,0.0,0.0,0.0,0.0,0.0,0.0,0.0,0.0,0.0,1.0,0.0,0.0,0.0,0.0,-100.0,0.0,-150.0,0.0,0.0,0.0,0.0,0.0,0.0,1,
T.J. Bohn,26.0,SEA,AL,-0.1,18.0,16.0,14.0,2.0,2.0,0.0,0.0,1.0,2.0,0.0,0.0,2.0,8.0,0.143,0.25,0.357,0.607,57.0,0.268,49.0,5.0,0.0,0.0,0.0,0.0,0.0,9/H7,
Tadahito Iguchi,31.0,CHW,AL,2.2,138.0,627.0,555.0,97.0,156.0,24.0,0.0,18.0,67.0,11.0,5.0,59.0,110.0,0.281,0.352,0.422,0.774,97.0,0.35,100.0,234.0,7.0,3.0,8.0,2.0,0.0,*4/HD,
Takashi Saito*,36.0,LAD,NL,0.0,69.0,0.0,0.0,0.0,0.0,0.0,0.0,0.0,0.0,0.0,0.0,0.0,0.0,,,,,,,,0.0,0.0,0.0,0.0,0.0,0.0,1,"CYA-8,ROY-7"
Taylor Buchholz,24.0,HOU,NL,-0.4,21.0,35.0,30.0,0.0,1.0,0.0,0.0,0.0,0.0,0.0,0.0,1.0,11.0,0.033,0.065,0.033,0.098,-74.0,0.052,-134.0,1.0,0.0,0.0,4.0,0.0,0.0,1/H,
Taylor Tankersley*,23.0,FLA,NL,0.0,48.0,2.0,2.0,0.0,0.0,0.0,0.0,0.0,0.0,0.0,0.0,0.0,2.0,0.0,0.0,0.0,0.0,-100.0,0.0,-142.0,0.0,0.0,0.0,0.0,0.0,0.0,1,
Ted Lilly*,30.0,TOR,AL,0.0,2.0,3.0,3.0,0.0,0.0,0.0,0.0,0.0,0.0,0.0,0.0,0.0,1.0,0.0,0.0,0.0,0.0,-100.0,0.0,-143.0,0.0,0.0,0.0,0.0,0.0,0.0,1,
Terrence Long*,30.0,NYY,AL,-0.4,12.0,40.0,36.0,6.0,6.0,1.0,0.0,0.0,2.0,0.0,0.0,4.0,8.0,0.167,0.25,0.194,0.444,17.0,0.216,8.0,7.0,0.0,0.0,0.0,0.0,0.0,/978DH,
Terrmel Sledge*,29.0,SDP,NL,-0.2,38.0,78.0,70.0,7.0,16.0,3.0,0.0,2.0,7.0,0.0,0.0,8.0,17.0,0.229,0.308,0.357,0.665,77.0,0.31,85.0,25.0,1.0,0.0,0.0,0.0,0.0,H79,
Terry Mulholland,43.0,ARI,NL,0.0,5.0,0.0,0.0,0.0,0.0,0.0,0.0,0.0,0.0,0.0,0.0,0.0,0.0,,,,,,,,0.0,0.0,0.0,0.0,0.0,0.0,/1,
Terry Tiffee#,27.0,MIN,AL,0.0,20.0,49.0,45.0,4.0,11.0,1.0,0.0,2.0,6.0,0.0,1.0,4.0,8.0,0.244,0.306,0.4,0.706,83.0,0.293,72.0,18.0,2.0,0.0,0.0,0.0,1.0,/H5D3,
Tim Corcoran,28.0,TBD,AL,-0.1,3.0,5.0,4.0,0.0,0.0,0.0,0.0,0.0,0.0,0.0,0.0,0.0,3.0,0.0,0.0,0.0,0.0,-100.0,0.0,-206.0,0.0,0.0,0.0,1.0,0.0,0.0,1,
Tim Hamulack,29.0,LAD,NL,0.0,33.0,1.0,1.0,0.0,0.0,0.0,0.0,0.0,0.0,0.0,0.0,0.0,0.0,0.0,0.0,0.0,0.0,-100.0,0.0,-150.0,0.0,0.0,0.0,0.0,0.0,0.0,1,
Tim Hudson,30.0,ATL,NL,-0.4,34.0,79.0,63.0,4.0,6.0,1.0,0.0,0.0,3.0,0.0,0.0,2.0,18.0,0.095,0.123,0.111,0.234,-39.0,0.111,-102.0,7.0,0.0,0.0,14.0,0.0,0.0,1,
Tim Laker,36.0,CLE,AL,0.1,4.0,13.0,13.0,1.0,4.0,1.0,0.0,0.0,2.0,0.0,0.0,0.0,4.0,0.308,0.308,0.385,0.692,79.0,0.438,167.0,5.0,0.0,0.0,0.0,0.0,0.0,/2,
Tim Salmon,37.0,LAA,AL,0.7,76.0,244.0,211.0,30.0,56.0,8.0,2.0,9.0,27.0,0.0,2.0,29.0,44.0,0.265,0.361,0.45,0.811,109.0,0.37,120.0,95.0,8.0,3.0,0.0,1.0,1.0,DH/97,
Tim Stauffer,24.0,SDP,NL,0.0,1.0,2.0,2.0,0.0,1.0,0.0,0.0,0.0,0.0,0.0,0.0,0.0,1.0,0.5,0.5,0.5,1.0,169.0,0.407,154.0,1.0,0.0,0.0,0.0,0.0,0.0,/1,
Tim Wakefield,39.0,BOS,AL,-0.1,1.0,4.0,4.0,0.0,0.0,0.0,0.0,0.0,0.0,0.0,0.0,0.0,3.0,0.0,0.0,0.0,0.0,-100.0,0.0,-151.0,0.0,0.0,0.0,0.0,0.0,0.0,1,
Tim Worrell,38.0,SFG,NL,0.0,22.0,1.0,1.0,0.0,0.0,0.0,0.0,0.0,0.0,0.0,0.0,0.0,0.0,0.0,0.0,0.0,0.0,-100.0,0.0,-150.0,0.0,0.0,0.0,0.0,0.0,0.0,1,
Timo Pérez*,31.0,STL,NL,-0.2,23.0,35.0,31.0,3.0,6.0,1.0,0.0,1.0,3.0,0.0,0.0,3.0,4.0,0.194,0.286,0.323,0.608,57.0,0.262,40.0,10.0,0.0,1.0,0.0,0.0,1.0,H/97D,
Toby Hall,30.0,2TM,2LG,-0.7,85.0,294.0,278.0,17.0,72.0,17.0,0.0,8.0,31.0,0.0,2.0,10.0,22.0,0.259,0.286,0.406,0.692,77.0,0.292,65.0,113.0,10.0,2.0,0.0,4.0,4.0,2/HD5,
Toby Hall,30.0,TBD,AL,-0.6,64.0,234.0,221.0,15.0,51.0,13.0,0.0,8.0,23.0,0.0,2.0,8.0,17.0,0.231,0.261,0.398,0.659,68.0,0.278,56.0,88.0,8.0,2.0,0.0,3.0,2.0,2/HD5,
Toby Hall,30.0,LAD,NL,-0.1,21.0,60.0,57.0,2.0,21.0,4.0,0.0,0.0,8.0,0.0,0.0,2.0,5.0,0.368,0.383,0.439,0.822,110.0,0.351,103.0,25.0,2.0,0.0,0.0,1.0,2.0,2/H,
Todd Coffey,25.0,CIN,NL,0.0,79.0,0.0,0.0,0.0,0.0,0.0,0.0,0.0,0.0,0.0,0.0,0.0,0.0,,,,,,,,0.0,0.0,0.0,0.0,0.0,0.0,1,
Todd Greene,35.0,SFG,NL,0.3,61.0,170.0,159.0,16.0,46.0,12.0,2.0,2.0,17.0,0.0,0.0,10.0,45.0,0.289,0.335,0.428,0.763,94.0,0.334,91.0,68.0,0.0,1.0,0.0,0.0,3.0,2H/3D,
Todd Helton*,32.0,COL,NL,2.3,145.0,649.0,546.0,94.0,165.0,40.0,5.0,15.0,81.0,3.0,2.0,91.0,64.0,0.302,0.404,0.476,0.88,117.0,0.386,121.0,260.0,10.0,6.0,0.0,6.0,15.0,*3,
Todd Hollandsworth*,33.0,2TM,2LG,-0.1,90.0,236.0,224.0,27.0,55.0,18.0,1.0,7.0,35.0,0.0,2.0,10.0,52.0,0.246,0.275,0.429,0.704,78.0,0.297,68.0,96.0,3.0,0.0,0.0,2.0,1.0,H97/8D,
Todd Hollandsworth*,33.0,CLE,AL,0.1,56.0,162.0,156.0,21.0,37.0,12.0,1.0,6.0,27.0,0.0,1.0,4.0,33.0,0.237,0.253,0.442,0.695,76.0,0.29,64.0,69.0,2.0,0.0,0.0,2.0,1.0,7H9/8D,
Todd Hollandsworth*,33.0,CIN,NL,-0.2,34.0,74.0,68.0,6.0,18.0,6.0,0.0,1.0,8.0,0.0,1.0,6.0,19.0,0.265,0.324,0.397,0.721,81.0,0.312,77.0,27.0,1.0,0.0,0.0,0.0,0.0,9H/7,
Todd Jones*,38.0,DET,AL,0.0,4.0,0.0,0.0,0.0,0.0,0.0,0.0,0.0,0.0,0.0,0.0,0.0,0.0,,,,,,,,0.0,0.0,0.0,0.0,0.0,0.0,1,
Todd Linden#,26.0,SFG,NL,0.2,61.0,89.0,77.0,15.0,21.0,4.0,2.0,2.0,5.0,1.0,0.0,9.0,20.0,0.273,0.356,0.455,0.811,107.0,0.378,121.0,35.0,2.0,1.0,2.0,0.0,0.0,7H9,
Todd Pratt,39.0,ATL,NL,-0.8,62.0,152.0,135.0,14.0,28.0,6.0,0.0,4.0,19.0,1.0,0.0,12.0,43.0,0.207,0.272,0.341,0.612,56.0,0.278,50.0,46.0,4.0,1.0,1.0,3.0,0.0,2/H,
Todd Walker*,33.0,2TM,NL,0.8,138.0,504.0,442.0,56.0,123.0,22.0,2.0,9.0,53.0,2.0,1.0,55.0,38.0,0.278,0.356,0.398,0.754,94.0,0.341,97.0,176.0,8.0,1.0,1.0,5.0,2.0,435H/D,
Todd Walker*,33.0,CHC,NL,-0.1,94.0,362.0,318.0,38.0,88.0,16.0,1.0,6.0,40.0,0.0,1.0,38.0,27.0,0.277,0.352,0.39,0.742,88.0,0.336,91.0,124.0,7.0,1.0,1.0,4.0,1.0,43H/D,
Todd Walker*,33.0,SDP,NL,0.8,44.0,142.0,124.0,18.0,35.0,6.0,1.0,3.0,13.0,2.0,0.0,17.0,11.0,0.282,0.366,0.419,0.786,110.0,0.354,113.0,52.0,1.0,0.0,0.0,1.0,1.0,54/H3,
Todd Wellemeyer,27.0,2TM,2LG,0.0,22.0,2.0,2.0,0.0,0.0,0.0,0.0,0.0,0.0,0.0,0.0,0.0,1.0,0.0,0.0,0.0,0.0,-100.0,0.0,-140.0,0.0,0.0,0.0,0.0,0.0,0.0,1,
Todd Wellemeyer,27.0,FLA,NL,0.0,18.0,0.0,0.0,0.0,0.0,0.0,0.0,0.0,0.0,0.0,0.0,0.0,0.0,,,,,,,,0.0,0.0,0.0,0.0,0.0,0.0,1,
Todd Wellemeyer,27.0,KCR,AL,0.0,4.0,2.0,2.0,0.0,0.0,0.0,0.0,0.0,0.0,0.0,0.0,0.0,1.0,0.0,0.0,0.0,0.0,-100.0,0.0,-140.0,0.0,0.0,0.0,0.0,0.0,0.0,1,
Todd Williams,35.0,BAL,AL,0.0,4.0,0.0,0.0,0.0,0.0,0.0,0.0,0.0,0.0,0.0,0.0,0.0,0.0,,,,,,,,0.0,0.0,0.0,0.0,0.0,0.0,1,
Tom Glavine*,40.0,NYM,NL,0.4,30.0,70.0,53.0,6.0,9.0,1.0,0.0,0.0,2.0,0.0,0.0,7.0,18.0,0.17,0.267,0.189,0.455,21.0,0.236,12.0,10.0,2.0,0.0,10.0,0.0,0.0,1,AS
Tom Gordon,38.0,PHI,NL,0.0,55.0,0.0,0.0,0.0,0.0,0.0,0.0,0.0,0.0,0.0,0.0,0.0,0.0,,,,,,,,0.0,0.0,0.0,0.0,0.0,0.0,1,AS
Tom Gorzelanny,23.0,PIT,NL,-0.2,11.0,21.0,19.0,0.0,0.0,0.0,0.0,0.0,1.0,0.0,0.0,1.0,11.0,0.0,0.05,0.0,0.05,-85.0,0.036,-128.0,0.0,0.0,0.0,1.0,0.0,0.0,1,
Tom Martin*,36.0,COL,NL,0.0,65.0,4.0,4.0,0.0,0.0,0.0,0.0,0.0,0.0,0.0,0.0,0.0,1.0,0.0,0.0,0.0,0.0,-100.0,0.227,8.0,0.0,0.0,0.0,0.0,0.0,0.0,1,
Tom Mastny,25.0,CLE,AL,0.0,1.0,0.0,0.0,0.0,0.0,0.0,0.0,0.0,0.0,0.0,0.0,0.0,0.0,,,,,,,,0.0,0.0,0.0,0.0,0.0,0.0,1,
Tommy Murphy#,26.0,LAA,AL,0.5,48.0,77.0,70.0,12.0,16.0,4.0,1.0,1.0,6.0,4.0,1.0,5.0,21.0,0.229,0.276,0.357,0.633,63.0,0.28,49.0,25.0,0.0,0.0,1.0,1.0,0.0,8H9/7D,
Tomo Ohka#,30.0,MIL,NL,0.0,18.0,36.0,31.0,0.0,5.0,1.0,0.0,0.0,6.0,0.0,0.0,1.0,15.0,0.161,0.188,0.194,0.381,-2.0,0.171,-40.0,6.0,0.0,0.0,3.0,0.0,0.0,1,
Tomás de la Rosa,28.0,SFG,NL,-0.1,16.0,17.0,16.0,1.0,5.0,0.0,0.0,0.0,1.0,0.0,0.0,1.0,3.0,0.313,0.353,0.313,0.665,74.0,0.292,62.0,5.0,0.0,0.0,0.0,0.0,0.0,/6H45,
Tomás Pérez#,32.0,TBD,AL,-0.3,99.0,254.0,241.0,31.0,51.0,12.0,0.0,2.0,16.0,1.0,0.0,5.0,44.0,0.212,0.224,0.286,0.51,32.0,0.229,17.0,69.0,3.0,0.0,4.0,4.0,0.0,564H/937,
Tony Armas,28.0,WSN,NL,-0.4,29.0,56.0,50.0,1.0,3.0,0.0,0.0,0.0,1.0,0.0,0.0,1.0,21.0,0.06,0.078,0.06,0.138,-63.0,0.085,-95.0,3.0,2.0,0.0,5.0,0.0,0.0,1,
Tony Batista,32.0,MIN,AL,-0.6,50.0,195.0,178.0,24.0,42.0,12.0,0.0,5.0,21.0,0.0,1.0,15.0,27.0,0.236,0.303,0.388,0.69,79.0,0.298,71.0,69.0,5.0,2.0,0.0,0.0,1.0,5,
Tony Clark#,34.0,ARI,NL,-1.0,79.0,147.0,132.0,13.0,26.0,4.0,0.0,6.0,16.0,0.0,0.0,13.0,40.0,0.197,0.279,0.364,0.643,60.0,0.286,52.0,48.0,5.0,2.0,0.0,0.0,2.0,3H,
Tony Graffanino,34.0,2TM,2LG,3.0,129.0,511.0,456.0,68.0,125.0,33.0,3.0,7.0,59.0,5.0,4.0,45.0,68.0,0.274,0.345,0.406,0.751,92.0,0.342,98.0,185.0,10.0,5.0,4.0,1.0,1.0,4536/HD,
Tony Graffanino,34.0,KCR,AL,1.3,69.0,250.0,220.0,34.0,59.0,16.0,0.0,5.0,32.0,3.0,4.0,25.0,31.0,0.268,0.346,0.409,0.755,94.0,0.341,100.0,90.0,4.0,1.0,4.0,0.0,1.0,534/6HD,
Tony Graffanino,34.0,MIL,NL,1.7,60.0,261.0,236.0,34.0,66.0,17.0,3.0,2.0,27.0,2.0,0.0,20.0,37.0,0.28,0.345,0.403,0.747,91.0,0.343,96.0,95.0,6.0,4.0,0.0,1.0,0.0,4/6,
Tony Gwynn*,23.0,MIL,NL,-0.6,32.0,80.0,77.0,5.0,20.0,2.0,1.0,0.0,4.0,3.0,1.0,2.0,15.0,0.26,0.275,0.312,0.587,50.0,0.271,44.0,24.0,2.0,0.0,0.0,1.0,0.0,8H,
Tony Peña,25.0,ATL,NL,0.2,40.0,46.0,44.0,12.0,10.0,2.0,0.0,1.0,3.0,0.0,0.0,2.0,10.0,0.227,0.261,0.341,0.602,53.0,0.292,61.0,15.0,1.0,0.0,0.0,0.0,1.0,H6/5,
Tony Peña,24.0,ARI,NL,0.0,25.0,2.0,2.0,0.0,0.0,0.0,0.0,0.0,0.0,0.0,0.0,0.0,0.0,0.0,0.0,0.0,0.0,-100.0,0.0,-154.0,0.0,0.0,0.0,0.0,0.0,0.0,1,
Tony Womack*,36.0,2TM,NL,0.3,28.0,80.0,68.0,7.0,18.0,3.0,0.0,1.0,5.0,1.0,1.0,8.0,7.0,0.265,0.342,0.353,0.695,77.0,0.313,75.0,24.0,0.0,0.0,4.0,0.0,1.0,4/H,
Tony Womack*,36.0,CIN,NL,0.1,9.0,23.0,18.0,1.0,4.0,2.0,0.0,0.0,3.0,0.0,0.0,4.0,3.0,0.222,0.364,0.333,0.697,78.0,0.301,61.0,6.0,0.0,0.0,1.0,0.0,1.0,/4H,
Tony Womack*,36.0,CHC,NL,0.2,19.0,57.0,50.0,6.0,14.0,1.0,0.0,1.0,2.0,1.0,1.0,4.0,4.0,0.28,0.333,0.36,0.693,76.0,0.318,80.0,18.0,0.0,0.0,3.0,0.0,0.0,4/H,
Torii Hunter,30.0,MIN,AL,3.3,147.0,611.0,557.0,86.0,155.0,21.0,2.0,31.0,98.0,12.0,6.0,45.0,108.0,0.278,0.336,0.49,0.826,112.0,0.361,114.0,273.0,19.0,5.0,0.0,4.0,2.0,*8/D,GG
Travis Hafner*,29.0,CLE,AL,5.9,129.0,564.0,454.0,100.0,140.0,31.0,1.0,42.0,117.0,0.0,0.0,100.0,111.0,0.308,0.439,0.659,1.097,181.0,0.453,180.0,299.0,10.0,7.0,0.0,2.0,16.0,*D/3H,MVP-8
Travis Harper*,30.0,TBD,AL,0.0,3.0,0.0,0.0,0.0,0.0,0.0,0.0,0.0,0.0,0.0,0.0,0.0,0.0,,,,,,,,0.0,0.0,0.0,0.0,0.0,0.0,1,
Travis Hughes,28.0,WSN,NL,0.1,8.0,1.0,1.0,0.0,1.0,0.0,0.0,0.0,0.0,0.0,0.0,0.0,0.0,1.0,1.0,1.0,2.0,431.0,0.906,508.0,1.0,0.0,0.0,0.0,0.0,0.0,/1,
Travis Ishikawa*,22.0,SFG,NL,-0.1,12.0,25.0,24.0,1.0,7.0,3.0,1.0,0.0,4.0,0.0,0.0,1.0,6.0,0.292,0.32,0.5,0.82,106.0,0.348,101.0,12.0,1.0,0.0,0.0,0.0,0.0,3/H,
Travis Lee*,31.0,TBD,AL,-0.1,114.0,388.0,343.0,35.0,77.0,11.0,2.0,11.0,31.0,5.0,2.0,42.0,73.0,0.224,0.312,0.364,0.676,76.0,0.304,72.0,125.0,8.0,2.0,0.0,1.0,1.0,*3/H,
Travis Smith,33.0,ATL,NL,0.0,1.0,1.0,1.0,0.0,0.0,0.0,0.0,0.0,0.0,0.0,0.0,0.0,1.0,0.0,0.0,0.0,0.0,-100.0,0.0,-150.0,0.0,0.0,0.0,0.0,0.0,0.0,/1,
Trever Miller,33.0,HOU,NL,0.0,65.0,0.0,0.0,0.0,0.0,0.0,0.0,0.0,0.0,0.0,0.0,0.0,0.0,,,,,,,,0.0,0.0,0.0,0.0,0.0,0.0,1,
Trevor Hoffman,38.0,SDP,NL,0.0,62.0,0.0,0.0,0.0,0.0,0.0,0.0,0.0,0.0,0.0,0.0,0.0,0.0,,,,,,,,0.0,0.0,0.0,0.0,0.0,0.0,1,"AS,CYA-2,MVP-10"
Trot Nixon*,32.0,BOS,AL,1.1,114.0,453.0,381.0,59.0,102.0,24.0,0.0,8.0,52.0,0.0,2.0,60.0,56.0,0.268,0.373,0.394,0.767,96.0,0.351,101.0,150.0,10.0,7.0,0.0,5.0,1.0,*9H,
Troy Glaus,29.0,TOR,AL,4.3,153.0,634.0,540.0,105.0,136.0,27.0,0.0,38.0,104.0,3.0,2.0,86.0,134.0,0.252,0.355,0.513,0.868,122.0,0.372,119.0,277.0,25.0,3.0,0.0,5.0,6.0,*5/6HD,"AS,MVP-30"
Troy Tulowitzki,21.0,COL,NL,-0.4,25.0,108.0,96.0,15.0,23.0,2.0,0.0,1.0,6.0,3.0,0.0,10.0,25.0,0.24,0.318,0.292,0.609,53.0,0.303,55.0,28.0,1.0,1.0,1.0,0.0,3.0,6/H,
Ty Taubenheim,23.0,TOR,AL,0.0,3.0,3.0,3.0,0.0,1.0,0.0,0.0,0.0,0.0,0.0,0.0,0.0,2.0,0.333,0.333,0.333,0.667,74.0,0.303,70.0,1.0,0.0,0.0,0.0,0.0,0.0,1,
Ty Wigginton,28.0,TBD,AL,1.5,122.0,486.0,444.0,55.0,122.0,25.0,1.0,24.0,79.0,4.0,3.0,32.0,97.0,0.275,0.33,0.498,0.828,112.0,0.361,113.0,221.0,11.0,6.0,1.0,3.0,3.0,345/97HD,
Tyler Johnson#,25.0,STL,NL,0.0,51.0,1.0,1.0,0.0,0.0,0.0,0.0,0.0,0.0,0.0,0.0,0.0,1.0,0.0,0.0,0.0,0.0,-100.0,0.0,-150.0,0.0,0.0,0.0,0.0,0.0,0.0,1,
Tyler Walker,30.0,SFG,NL,0.0,6.0,1.0,0.0,0.0,0.0,0.0,0.0,0.0,0.0,0.0,0.0,1.0,0.0,,1.0,,,,0.711,358.0,0.0,0.0,0.0,0.0,0.0,0.0,/1,
Tyler Yates,28.0,ATL,NL,0.0,54.0,0.0,0.0,0.0,0.0,0.0,0.0,0.0,0.0,0.0,0.0,0.0,0.0,,,,,,,,0.0,0.0,0.0,0.0,0.0,0.0,1,
Ubaldo Jiménez,22.0,COL,NL,0.1,2.0,3.0,3.0,1.0,1.0,0.0,0.0,0.0,0.0,0.0,0.0,0.0,1.0,0.333,0.333,0.333,0.667,67.0,0.605,273.0,1.0,0.0,0.0,0.0,0.0,0.0,/1,
Vance Wilson,33.0,DET,AL,1.0,56.0,168.0,152.0,18.0,43.0,9.0,0.0,5.0,18.0,0.0,4.0,2.0,33.0,0.283,0.304,0.441,0.745,90.0,0.327,96.0,67.0,1.0,3.0,10.0,1.0,0.0,2/H,
Vernon Wells,27.0,TOR,AL,6.2,154.0,677.0,611.0,91.0,185.0,40.0,5.0,32.0,106.0,17.0,4.0,54.0,90.0,0.303,0.357,0.542,0.899,129.0,0.389,129.0,331.0,13.0,3.0,0.0,9.0,0.0,*8/D,"AS,MVP-22,GG"
Vicente Padilla,28.0,TEX,AL,0.0,1.0,2.0,1.0,0.0,0.0,0.0,0.0,0.0,0.0,0.0,0.0,0.0,1.0,0.0,0.0,0.0,0.0,-100.0,0.0,-400.0,0.0,0.0,0.0,1.0,0.0,0.0,1,
Victor Martinez#,27.0,CLE,AL,2.8,153.0,652.0,572.0,82.0,181.0,37.0,0.0,16.0,93.0,0.0,0.0,71.0,78.0,0.316,0.391,0.465,0.856,122.0,0.379,125.0,266.0,27.0,3.0,0.0,6.0,8.0,*23/HD,
Vinnie Chulk,27.0,2TM,2LG,0.0,30.0,1.0,1.0,0.0,0.0,0.0,0.0,0.0,0.0,0.0,0.0,0.0,0.0,0.0,0.0,0.0,0.0,-100.0,0.0,-150.0,0.0,0.0,0.0,0.0,0.0,0.0,1,
Vinnie Chulk,27.0,TOR,AL,0.0,2.0,0.0,0.0,0.0,0.0,0.0,0.0,0.0,0.0,0.0,0.0,0.0,0.0,,,,,,,,0.0,0.0,0.0,0.0,0.0,0.0,1,
Vinnie Chulk,27.0,SFG,NL,0.0,28.0,1.0,1.0,0.0,0.0,0.0,0.0,0.0,0.0,0.0,0.0,0.0,0.0,0.0,0.0,0.0,0.0,-100.0,0.0,-150.0,0.0,0.0,0.0,0.0,0.0,0.0,1,
Vinny Castilla,38.0,2TM,NL,-1.0,87.0,291.0,275.0,26.0,63.0,10.0,0.0,5.0,27.0,0.0,0.0,9.0,49.0,0.229,0.258,0.32,0.578,53.0,0.263,50.0,88.0,7.0,3.0,0.0,4.0,0.0,5H/3,
Vinny Castilla,38.0,SDP,NL,-0.8,72.0,269.0,254.0,24.0,59.0,10.0,0.0,4.0,23.0,0.0,0.0,9.0,46.0,0.232,0.26,0.319,0.579,54.0,0.261,50.0,81.0,5.0,2.0,0.0,4.0,0.0,5/H,
Vinny Castilla,38.0,COL,NL,-0.2,15.0,22.0,21.0,2.0,4.0,0.0,0.0,1.0,4.0,0.0,0.0,0.0,3.0,0.19,0.227,0.333,0.561,37.0,0.288,50.0,7.0,2.0,1.0,0.0,0.0,0.0,H/35,
Vinny Rottino,26.0,MIL,NL,-0.1,9.0,15.0,14.0,1.0,3.0,1.0,0.0,0.0,1.0,1.0,0.0,1.0,2.0,0.214,0.267,0.286,0.552,42.0,0.26,27.0,4.0,0.0,0.0,0.0,0.0,0.0,/H572,
Vladimir Guerrero,31.0,LAA,AL,3.8,156.0,665.0,607.0,92.0,200.0,34.0,1.0,33.0,116.0,15.0,5.0,50.0,68.0,0.329,0.382,0.552,0.934,138.0,0.39,132.0,335.0,16.0,4.0,0.0,4.0,25.0,*9D,"AS,MVP-9,SS"
Víctor Díaz,24.0,NYM,NL,-0.1,6.0,11.0,11.0,0.0,2.0,1.0,0.0,0.0,2.0,0.0,0.0,0.0,5.0,0.182,0.182,0.273,0.455,16.0,0.195,-4.0,3.0,0.0,0.0,0.0,0.0,0.0,/7H,
Víctor Santos,29.0,PIT,NL,0.3,25.0,44.0,38.0,4.0,6.0,1.0,0.0,0.0,1.0,0.0,0.0,0.0,13.0,0.158,0.158,0.184,0.342,-12.0,0.245,20.0,7.0,1.0,0.0,6.0,0.0,0.0,1,
Víctor Zambrano#,30.0,NYM,NL,0.0,5.0,6.0,5.0,0.0,0.0,0.0,0.0,0.0,0.0,0.0,0.0,0.0,1.0,0.0,0.167,0.0,0.167,-51.0,0.123,-56.0,0.0,0.0,1.0,0.0,0.0,0.0,/1,
Wade Miller,29.0,CHC,NL,0.0,5.0,7.0,7.0,0.0,1.0,0.0,0.0,0.0,0.0,0.0,0.0,0.0,5.0,0.143,0.143,0.143,0.286,-27.0,0.129,-56.0,1.0,0.0,0.0,0.0,0.0,0.0,/1,
Wandy Rodríguez#,27.0,HOU,NL,-0.2,28.0,43.0,37.0,4.0,3.0,0.0,0.0,0.0,1.0,0.0,0.0,1.0,10.0,0.081,0.105,0.081,0.186,-51.0,0.114,-86.0,3.0,0.0,0.0,5.0,0.0,0.0,1,
Wayne Franklin*,32.0,ATL,NL,0.0,11.0,0.0,0.0,0.0,0.0,0.0,0.0,0.0,0.0,0.0,0.0,0.0,0.0,,,,,,,,0.0,0.0,0.0,0.0,0.0,0.0,1,
Wes Helms,30.0,FLA,NL,1.7,140.0,278.0,240.0,30.0,79.0,19.0,5.0,10.0,47.0,0.0,4.0,21.0,55.0,0.329,0.39,0.575,0.965,149.0,0.405,154.0,138.0,7.0,6.0,6.0,5.0,1.0,3H5/7,
Wiki González,32.0,WSN,NL,-0.4,12.0,38.0,35.0,3.0,8.0,0.0,0.0,0.0,2.0,0.0,0.0,2.0,5.0,0.229,0.263,0.229,0.492,32.0,0.226,21.0,8.0,0.0,0.0,0.0,1.0,0.0,2/H,
Wil Ledezma*,25.0,DET,AL,0.0,3.0,0.0,0.0,0.0,0.0,0.0,0.0,0.0,0.0,0.0,0.0,0.0,0.0,,,,,,,,0.0,0.0,0.0,0.0,0.0,0.0,1,
Wil Nieves,28.0,NYY,AL,-0.1,6.0,6.0,6.0,0.0,0.0,0.0,0.0,0.0,0.0,0.0,0.0,0.0,1.0,0.0,0.0,0.0,0.0,-100.0,0.0,-145.0,0.0,0.0,0.0,0.0,0.0,0.0,/2,
Will Ohman*,28.0,CHC,NL,0.1,74.0,1.0,1.0,0.0,1.0,0.0,0.0,0.0,0.0,0.0,0.0,0.0,0.0,1.0,1.0,1.0,2.0,411.0,0.813,433.0,1.0,0.0,0.0,0.0,0.0,0.0,1,
Willie Bloomquist,28.0,SEA,AL,0.9,102.0,283.0,251.0,36.0,62.0,6.0,2.0,1.0,15.0,16.0,3.0,24.0,40.0,0.247,0.32,0.299,0.619,64.0,0.305,69.0,75.0,3.0,4.0,2.0,2.0,0.0,864H59/37D,
Willie Eyre,27.0,MIN,AL,0.0,3.0,1.0,1.0,0.0,0.0,0.0,0.0,0.0,0.0,0.0,0.0,0.0,1.0,0.0,0.0,0.0,0.0,-100.0,0.0,-150.0,0.0,0.0,0.0,0.0,0.0,0.0,1,
Willie Harris*,28.0,BOS,AL,-0.5,47.0,52.0,45.0,17.0,7.0,2.0,0.0,0.0,1.0,6.0,3.0,4.0,11.0,0.156,0.25,0.2,0.45,17.0,0.216,6.0,9.0,0.0,2.0,0.0,1.0,0.0,8H7/49,
Willy Aybar#,23.0,2TM,NL,0.5,79.0,278.0,243.0,32.0,68.0,18.0,0.0,4.0,30.0,1.0,2.0,28.0,36.0,0.28,0.364,0.403,0.767,97.0,0.353,106.0,98.0,7.0,4.0,3.0,0.0,0.0,54H,
Willy Aybar#,23.0,LAD,NL,0.3,43.0,151.0,128.0,15.0,32.0,12.0,0.0,3.0,22.0,1.0,0.0,18.0,17.0,0.25,0.356,0.414,0.77,97.0,0.356,105.0,53.0,5.0,3.0,2.0,0.0,0.0,54/H,
Willy Aybar#,23.0,ATL,NL,0.2,36.0,127.0,115.0,17.0,36.0,6.0,0.0,1.0,8.0,0.0,2.0,10.0,19.0,0.313,0.373,0.391,0.764,97.0,0.35,108.0,45.0,2.0,1.0,1.0,0.0,0.0,5/H,
Willy Taveras,24.0,HOU,NL,2.6,149.0,587.0,529.0,83.0,147.0,19.0,5.0,1.0,30.0,33.0,9.0,34.0,88.0,0.278,0.333,0.338,0.672,74.0,0.314,73.0,179.0,6.0,11.0,11.0,2.0,0.0,*8H,
Wilson Betemit#,24.0,2TM,NL,0.2,143.0,412.0,373.0,49.0,98.0,23.0,0.0,18.0,53.0,3.0,1.0,36.0,102.0,0.263,0.326,0.469,0.795,101.0,0.353,104.0,175.0,11.0,0.0,1.0,2.0,6.0,5H64/D,
Wilson Betemit#,24.0,ATL,NL,0.1,88.0,219.0,199.0,30.0,56.0,16.0,0.0,9.0,29.0,2.0,1.0,19.0,57.0,0.281,0.344,0.497,0.842,113.0,0.37,117.0,99.0,4.0,0.0,1.0,0.0,3.0,H564/D,
Wilson Betemit#,24.0,LAD,NL,0.1,55.0,193.0,174.0,19.0,42.0,7.0,0.0,9.0,24.0,1.0,0.0,17.0,45.0,0.241,0.306,0.437,0.742,87.0,0.335,90.0,76.0,7.0,0.0,0.0,2.0,3.0,5/H,
Wily Mo Peña,24.0,BOS,AL,0.6,84.0,304.0,276.0,36.0,83.0,15.0,2.0,11.0,42.0,0.0,1.0,20.0,90.0,0.301,0.349,0.489,0.838,110.0,0.368,113.0,135.0,7.0,3.0,0.0,5.0,0.0,987/HD,
Woody Williams,39.0,SDP,NL,0.3,26.0,62.0,54.0,3.0,11.0,1.0,0.0,0.0,4.0,0.0,0.0,2.0,13.0,0.204,0.232,0.222,0.454,23.0,0.209,4.0,12.0,0.0,0.0,6.0,0.0,0.0,1/H,
Xavier Nady,27.0,2TM,NL,0.4,130.0,512.0,468.0,57.0,131.0,28.0,1.0,17.0,63.0,3.0,3.0,30.0,85.0,0.28,0.337,0.453,0.79,102.0,0.342,100.0,212.0,12.0,11.0,2.0,1.0,7.0,93/H,
Xavier Nady,27.0,NYM,NL,0.6,75.0,292.0,265.0,37.0,70.0,15.0,1.0,14.0,40.0,2.0,1.0,19.0,51.0,0.264,0.326,0.487,0.813,107.0,0.353,107.0,129.0,7.0,6.0,1.0,1.0,4.0,9/H3,
Xavier Nady,27.0,PIT,NL,-0.2,55.0,220.0,203.0,20.0,61.0,13.0,0.0,3.0,23.0,1.0,2.0,11.0,34.0,0.3,0.352,0.409,0.76,97.0,0.328,92.0,83.0,5.0,5.0,1.0,0.0,3.0,39,
Yadier Molina,23.0,STL,NL,-0.2,129.0,461.0,417.0,29.0,90.0,26.0,0.0,6.0,49.0,1.0,2.0,26.0,41.0,0.216,0.274,0.321,0.595,53.0,0.267,45.0,134.0,15.0,8.0,8.0,2.0,2.0,*2/3H,
Yhency Brazobán,26.0,LAD,NL,0.0,5.0,0.0,0.0,0.0,0.0,0.0,0.0,0.0,0.0,0.0,0.0,0.0,0.0,,,,,,,,0.0,0.0,0.0,0.0,0.0,0.0,/1,
Yorvit Torrealba,27.0,COL,NL,0.6,65.0,241.0,223.0,23.0,55.0,16.0,3.0,7.0,43.0,4.0,3.0,11.0,49.0,0.247,0.293,0.439,0.732,78.0,0.324,78.0,98.0,7.0,4.0,2.0,1.0,1.0,2/H,
Yuniesky Betancourt,24.0,SEA,AL,1.8,157.0,584.0,558.0,68.0,161.0,28.0,6.0,8.0,47.0,11.0,8.0,17.0,54.0,0.289,0.31,0.403,0.713,86.0,0.319,86.0,225.0,10.0,1.0,7.0,1.0,0.0,*6,
Yurendell de Caster,26.0,PIT,NL,-0.1,3.0,2.0,2.0,0.0,0.0,0.0,0.0,0.0,0.0,0.0,0.0,0.0,2.0,0.0,0.0,0.0,0.0,-100.0,0.0,-146.0,0.0,0.0,0.0,0.0,0.0,0.0,/HD,
Yusmeiro Petit,21.0,FLA,NL,0.0,14.0,5.0,5.0,1.0,1.0,0.0,0.0,0.0,1.0,0.0,0.0,0.0,2.0,0.2,0.2,0.2,0.4,6.0,0.181,-11.0,1.0,0.0,0.0,0.0,0.0,0.0,1,
Zach Day,28.0,2TM,NL,-0.2,8.0,14.0,12.0,0.0,0.0,0.0,0.0,0.0,0.0,0.0,0.0,0.0,5.0,0.0,0.0,0.0,0.0,-100.0,0.0,-186.0,0.0,1.0,0.0,2.0,0.0,0.0,/1,
Zach Day,28.0,COL,NL,-0.1,3.0,6.0,5.0,0.0,0.0,0.0,0.0,0.0,0.0,0.0,0.0,0.0,3.0,0.0,0.0,0.0,0.0,-100.0,0.0,-203.0,0.0,0.0,0.0,1.0,0.0,0.0,/1,
Zach Day,28.0,WSN,NL,-0.1,5.0,8.0,7.0,0.0,0.0,0.0,0.0,0.0,0.0,0.0,0.0,0.0,2.0,0.0,0.0,0.0,0.0,-100.0,0.0,-173.0,0.0,1.0,0.0,1.0,0.0,0.0,/1,
Zach Duke*,23.0,PIT,NL,0.3,33.0,78.0,68.0,2.0,13.0,3.0,0.0,0.0,7.0,0.0,0.0,1.0,32.0,0.191,0.203,0.235,0.438,13.0,0.207,-9.0,16.0,0.0,0.0,9.0,0.0,0.0,1,
Zach Jackson*,23.0,MIL,NL,-0.1,7.0,13.0,9.0,1.0,1.0,0.0,0.0,0.0,0.0,0.0,0.0,0.0,2.0,0.111,0.111,0.111,0.222,-43.0,0.101,-151.0,1.0,0.0,0.0,4.0,0.0,0.0,/1,
Zach Miner,24.0,DET,AL,0.0,2.0,6.0,6.0,1.0,1.0,1.0,0.0,0.0,0.0,0.0,0.0,0.0,3.0,0.167,0.167,0.333,0.5,25.0,0.206,3.0,2.0,0.0,0.0,0.0,0.0,0.0,1,
Álex Cintrón#,27.0,CHW,AL,-1.0,91.0,304.0,288.0,35.0,82.0,10.0,3.0,5.0,41.0,10.0,3.0,10.0,35.0,0.285,0.31,0.392,0.703,78.0,0.312,70.0,113.0,10.0,2.0,1.0,3.0,0.0,64H5/D,
Álex Cora*,30.0,BOS,AL,0.3,96.0,264.0,235.0,31.0,56.0,7.0,2.0,1.0,18.0,6.0,2.0,19.0,29.0,0.238,0.312,0.298,0.609,56.0,0.294,58.0,70.0,4.0,6.0,4.0,0.0,1.0,64H5/D,
Álex Escobar,27.0,WSN,NL,0.4,33.0,99.0,87.0,14.0,31.0,3.0,2.0,4.0,18.0,2.0,0.0,8.0,18.0,0.356,0.394,0.575,0.969,151.0,0.408,147.0,50.0,3.0,0.0,0.0,4.0,0.0,8H/9,
Álex González,29.0,BOS,AL,1.2,111.0,429.0,388.0,48.0,99.0,24.0,2.0,9.0,50.0,1.0,0.0,22.0,67.0,0.255,0.299,0.397,0.695,75.0,0.315,73.0,154.0,6.0,5.0,7.0,7.0,1.0,*6,
Álex Rodríguez,30.0,NYY,AL,4.5,154.0,674.0,572.0,113.0,166.0,26.0,1.0,35.0,121.0,15.0,4.0,90.0,139.0,0.29,0.392,0.523,0.914,134.0,0.402,138.0,299.0,22.0,8.0,0.0,4.0,8.0,*5/DH,"AS,MVP-13"
Álex Ríos,25.0,TOR,AL,4.6,128.0,498.0,450.0,68.0,136.0,33.0,6.0,17.0,82.0,15.0,6.0,35.0,89.0,0.302,0.349,0.516,0.865,120.0,0.375,120.0,232.0,10.0,3.0,0.0,10.0,1.0,*9H/8,AS
Ángel Berroa,28.0,KCR,AL,-1.5,132.0,503.0,474.0,45.0,111.0,18.0,1.0,9.0,54.0,3.0,1.0,14.0,88.0,0.234,0.259,0.333,0.592,52.0,0.27,44.0,158.0,21.0,3.0,9.0,3.0,1.0,*6/H,
Ángel Guzmán,24.0,CHC,NL,0.0,15.0,16.0,12.0,0.0,2.0,1.0,0.0,0.0,2.0,0.0,0.0,0.0,4.0,0.167,0.167,0.25,0.417,4.0,0.171,-69.0,3.0,1.0,0.0,4.0,0.0,0.0,1,
Ángel Pagán#,24.0,CHC,NL,0.1,77.0,187.0,170.0,28.0,42.0,6.0,2.0,5.0,18.0,4.0,2.0,15.0,28.0,0.247,0.306,0.394,0.701,76.0,0.329,85.0,67.0,3.0,0.0,1.0,1.0,0.0,7H9/8,
Édgar González,23.0,ARI,NL,-0.1,10.0,13.0,13.0,0.0,1.0,0.0,0.0,0.0,0.0,0.0,0.0,0.0,4.0,0.077,0.077,0.077,0.154,-61.0,0.07,-101.0,1.0,0.0,0.0,0.0,0.0,0.0,1,
Édgar Rentería,29.0,ATL,NL,4.2,149.0,673.0,598.0,100.0,175.0,40.0,2.0,14.0,70.0,17.0,6.0,62.0,89.0,0.293,0.361,0.436,0.797,104.0,0.367,114.0,261.0,17.0,3.0,8.0,2.0,0.0,*6/HD,AS
Érik Bédard*,27.0,BAL,AL,0.0,1.0,2.0,2.0,0.0,0.0,0.0,0.0,0.0,0.0,0.0,0.0,0.0,0.0,0.0,0.0,0.0,0.0,-100.0,0.0,-140.0,0.0,0.0,0.0,0.0,0.0,0.0,1,
Óliver Pérez*,24.0,2TM,NL,-0.2,23.0,41.0,38.0,0.0,4.0,0.0,0.0,0.0,3.0,1.0,0.0,2.0,12.0,0.105,0.15,0.105,0.255,-32.0,0.13,-59.0,4.0,1.0,0.0,1.0,0.0,0.0,1/H,
Óliver Pérez*,24.0,PIT,NL,-0.2,16.0,26.0,25.0,0.0,3.0,0.0,0.0,0.0,3.0,1.0,0.0,0.0,8.0,0.12,0.12,0.12,0.24,-37.0,0.114,-75.0,3.0,0.0,0.0,1.0,0.0,0.0,1/H,
Óliver Pérez*,24.0,NYM,NL,0.0,7.0,15.0,13.0,0.0,1.0,0.0,0.0,0.0,0.0,0.0,0.0,2.0,4.0,0.077,0.2,0.077,0.277,-24.0,0.155,-33.0,1.0,1.0,0.0,0.0,0.0,0.0,/1,
Óscar Robles*,30.0,LAD,NL,-0.2,29.0,39.0,33.0,6.0,5.0,0.0,1.0,0.0,0.0,0.0,0.0,5.0,5.0,0.152,0.263,0.212,0.475,24.0,0.23,14.0,7.0,0.0,0.0,1.0,0.0,0.0,4H/5,
Óscar Villarreal*,24.0,ATL,NL,-0.2,56.0,9.0,7.0,0.0,0.0,0.0,0.0,0.0,0.0,0.0,0.0,0.0,3.0,0.0,0.0,0.0,0.0,-100.0,0.0,-215.0,0.0,1.0,0.0,2.0,0.0,0.0,1,
