Player,Age,Team,Lg,WAR,G,PA,AB,R,H,2B,3B,HR,RBI,SB,CS,BB,SO,BA,OBP,SLG,OPS,OPS+,rOBA,Rbat+,TB,GIDP,HBP,SH,SF,IBB,Pos,Awards
A.J. Burnett,36.0,PIT,NL,-0.4,29.0,67.0,59.0,1.0,4.0,0.0,0.0,0.0,2.0,0.0,0.0,2.0,33.0,0.068,0.098,0.068,0.166,-52.0,0.082,-95.0,4.0,2.0,0.0,6.0,0.0,0.0,1,
A.J. Ellis,32.0,LAD,NL,2.5,115.0,448.0,390.0,43.0,93.0,17.0,1.0,10.0,52.0,0.0,2.0,45.0,78.0,0.238,0.318,0.364,0.682,93.0,0.324,105.0,142.0,11.0,3.0,4.0,6.0,1.0,*2/H,
A.J. Griffin,25.0,OAK,AL,0.0,2.0,5.0,4.0,0.0,0.0,0.0,0.0,0.0,0.0,0.0,0.0,1.0,3.0,0.0,0.2,0.0,0.2,-37.0,0.139,-35.0,0.0,0.0,0.0,0.0,0.0,0.0,1,
A.J. Pierzynski*,36.0,TEX,AL,1.8,134.0,529.0,503.0,48.0,137.0,24.0,1.0,17.0,70.0,1.0,1.0,11.0,76.0,0.272,0.297,0.425,0.722,95.0,0.32,94.0,214.0,14.0,9.0,0.0,6.0,2.0,*2DH,
Aaron Crow,26.0,KCR,AL,0.0,5.0,0.0,0.0,0.0,0.0,0.0,0.0,0.0,0.0,0.0,0.0,0.0,0.0,,,,,,,,0.0,0.0,0.0,0.0,0.0,0.0,1,
Aaron Harang,35.0,2TM,2LG,0.1,6.0,11.0,11.0,1.0,2.0,0.0,0.0,0.0,0.0,0.0,0.0,0.0,6.0,0.182,0.182,0.182,0.364,5.0,0.248,47.0,2.0,0.0,0.0,0.0,0.0,0.0,1,
Aaron Harang,35.0,SEA,AL,-0.1,2.0,4.0,4.0,0.0,0.0,0.0,0.0,0.0,0.0,0.0,0.0,0.0,3.0,0.0,0.0,0.0,0.0,-100.0,0.0,-130.0,0.0,0.0,0.0,0.0,0.0,0.0,1,
Aaron Harang,35.0,NYM,NL,0.1,4.0,7.0,7.0,1.0,2.0,0.0,0.0,0.0,0.0,0.0,0.0,0.0,3.0,0.286,0.286,0.286,0.571,64.0,0.389,153.0,2.0,0.0,0.0,0.0,0.0,0.0,/1,
Aaron Hicks#,23.0,MIN,AL,0.7,81.0,313.0,281.0,37.0,54.0,11.0,3.0,8.0,27.0,9.0,3.0,24.0,84.0,0.192,0.259,0.338,0.597,63.0,0.28,64.0,95.0,0.0,2.0,4.0,2.0,0.0,8,
Aaron Hill,31.0,ARI,NL,1.1,87.0,362.0,327.0,45.0,95.0,21.0,1.0,11.0,41.0,1.0,4.0,29.0,48.0,0.291,0.356,0.462,0.818,124.0,0.359,127.0,151.0,6.0,5.0,0.0,1.0,2.0,4/H,
Aaron Laffey*,28.0,NYM,NL,0.0,3.0,3.0,3.0,0.0,0.0,0.0,0.0,0.0,0.0,0.0,0.0,0.0,1.0,0.0,0.0,0.0,0.0,-100.0,0.0,-139.0,0.0,0.0,0.0,0.0,0.0,0.0,/1,
Aaron Loup*,25.0,TOR,AL,0.0,4.0,0.0,0.0,0.0,0.0,0.0,0.0,0.0,0.0,0.0,0.0,0.0,0.0,,,,,,,,0.0,0.0,0.0,0.0,0.0,0.0,1,
Abraham Almonte#,24.0,SEA,AL,0.2,25.0,82.0,72.0,10.0,19.0,4.0,0.0,2.0,9.0,1.0,0.0,6.0,21.0,0.264,0.313,0.403,0.715,104.0,0.306,93.0,29.0,2.0,0.0,2.0,2.0,0.0,8/9H7D,
Adam Dunn*,33.0,CHW,AL,0.2,149.0,607.0,525.0,60.0,115.0,15.0,0.0,34.0,86.0,1.0,1.0,76.0,189.0,0.219,0.32,0.442,0.762,105.0,0.335,104.0,232.0,2.0,3.0,0.0,3.0,7.0,D3/7H,
Adam Eaton*,24.0,ARI,NL,-0.3,66.0,277.0,250.0,40.0,63.0,10.0,4.0,3.0,22.0,5.0,2.0,17.0,44.0,0.252,0.314,0.36,0.674,86.0,0.304,80.0,90.0,4.0,6.0,3.0,1.0,0.0,78/H9D,
Adam Jones,27.0,BAL,AL,4.8,160.0,689.0,653.0,100.0,186.0,35.0,1.0,33.0,108.0,14.0,3.0,25.0,136.0,0.285,0.318,0.493,0.811,118.0,0.356,118.0,322.0,15.0,8.0,0.0,3.0,4.0,*8/D,"AS,MVP-13,GG,SS"
Adam LaRoche*,33.0,WSN,NL,0.6,152.0,590.0,511.0,70.0,121.0,19.0,3.0,20.0,62.0,4.0,1.0,72.0,131.0,0.237,0.332,0.403,0.735,101.0,0.33,100.0,206.0,13.0,3.0,0.0,4.0,10.0,*3/HD,
Adam Lind*,29.0,TOR,AL,2.0,143.0,521.0,465.0,67.0,134.0,26.0,1.0,23.0,67.0,1.0,0.0,51.0,103.0,0.288,0.357,0.497,0.854,132.0,0.376,136.0,231.0,20.0,1.0,0.0,4.0,5.0,3DH,
Adam Moore,29.0,KCR,AL,0.1,5.0,11.0,10.0,1.0,3.0,1.0,0.0,0.0,0.0,1.0,0.0,1.0,2.0,0.3,0.364,0.4,0.764,109.0,0.364,110.0,4.0,0.0,0.0,0.0,0.0,0.0,/2H,
Adam Ottavino#,27.0,COL,NL,0.0,48.0,9.0,9.0,0.0,1.0,0.0,0.0,0.0,0.0,0.0,0.0,0.0,5.0,0.111,0.111,0.111,0.222,-42.0,0.202,-9.0,1.0,0.0,0.0,0.0,0.0,0.0,1,
Adam Rosales,30.0,2TM,AL,0.0,68.0,166.0,147.0,15.0,28.0,5.0,0.0,5.0,12.0,0.0,0.0,10.0,34.0,0.19,0.259,0.327,0.586,62.0,0.271,61.0,48.0,4.0,4.0,4.0,1.0,1.0,6H4/35D7,
Adam Rosales,30.0,OAK,AL,0.0,51.0,154.0,136.0,11.0,26.0,5.0,0.0,4.0,8.0,0.0,0.0,10.0,31.0,0.191,0.267,0.316,0.583,62.0,0.268,59.0,43.0,4.0,4.0,4.0,0.0,1.0,6H4/57,
Adam Rosales,30.0,TEX,AL,0.0,17.0,12.0,11.0,4.0,2.0,0.0,0.0,1.0,4.0,0.0,0.0,0.0,3.0,0.182,0.167,0.455,0.621,62.0,0.314,89.0,5.0,0.0,0.0,0.0,1.0,0.0,/H36D45,
Adam Wainwright,31.0,STL,NL,0.2,32.0,81.0,71.0,4.0,15.0,4.0,0.0,0.0,6.0,0.0,0.0,0.0,23.0,0.211,0.208,0.268,0.476,31.0,0.207,-2.0,19.0,2.0,0.0,9.0,1.0,0.0,1/H,"AS,CYA-2,MVP-20,GG"
Adam Warren,25.0,NYY,AL,0.0,3.0,0.0,0.0,0.0,0.0,0.0,0.0,0.0,0.0,0.0,0.0,0.0,0.0,,,,,,,,0.0,0.0,0.0,0.0,0.0,0.0,1,
Addison Reed*,24.0,CHW,AL,0.0,2.0,0.0,0.0,0.0,0.0,0.0,0.0,0.0,0.0,0.0,0.0,0.0,0.0,,,,,,,,0.0,0.0,0.0,0.0,0.0,0.0,1,
Adeiny Hechavarría,24.0,MIA,NL,-1.4,148.0,578.0,543.0,30.0,123.0,14.0,8.0,3.0,42.0,11.0,10.0,30.0,96.0,0.227,0.267,0.298,0.565,56.0,0.255,47.0,162.0,19.0,0.0,4.0,1.0,1.0,*6/H,
Adrian Beltré,34.0,TEX,AL,5.7,161.0,690.0,631.0,88.0,199.0,32.0,0.0,30.0,92.0,1.0,0.0,50.0,78.0,0.315,0.371,0.509,0.88,138.0,0.386,142.0,321.0,17.0,7.0,0.0,2.0,12.0,*5D,MVP-7
Adrián González*,31.0,LAD,NL,3.8,157.0,641.0,583.0,69.0,171.0,32.0,0.0,22.0,100.0,1.0,0.0,47.0,98.0,0.293,0.342,0.461,0.803,125.0,0.357,127.0,269.0,12.0,1.0,0.0,10.0,6.0,*3/HD,MVP-18
Adron Chambers*,26.0,STL,NL,-0.5,25.0,29.0,26.0,5.0,4.0,1.0,0.0,0.0,1.0,0.0,1.0,3.0,11.0,0.154,0.241,0.192,0.434,22.0,0.189,3.0,5.0,0.0,0.0,0.0,0.0,2.0,H7/9,
AJ Pollock,25.0,ARI,NL,3.1,137.0,482.0,443.0,64.0,119.0,28.0,5.0,8.0,38.0,12.0,3.0,33.0,82.0,0.269,0.322,0.409,0.73,100.0,0.331,99.0,181.0,5.0,2.0,3.0,1.0,1.0,*8H/79,
AJ Ramos,26.0,MIA,NL,0.0,64.0,0.0,0.0,0.0,0.0,0.0,0.0,0.0,0.0,0.0,0.0,0.0,0.0,,,,,,,,0.0,0.0,0.0,0.0,0.0,0.0,1,
Al Alburquerque,27.0,DET,AL,0.0,1.0,0.0,0.0,0.0,0.0,0.0,0.0,0.0,0.0,0.0,0.0,0.0,0.0,,,,,,,,0.0,0.0,0.0,0.0,0.0,0.0,1,
Albert Pujols,33.0,LAA,AL,1.6,99.0,443.0,391.0,49.0,101.0,19.0,0.0,17.0,64.0,1.0,1.0,40.0,55.0,0.258,0.33,0.437,0.767,116.0,0.344,121.0,171.0,18.0,5.0,0.0,7.0,8.0,D3,
Alberto Cabrera,24.0,CHC,NL,0.0,7.0,0.0,0.0,0.0,0.0,0.0,0.0,0.0,0.0,0.0,0.0,0.0,0.0,,,,,,,,0.0,0.0,0.0,0.0,0.0,0.0,/1,
Alberto Callaspo#,30.0,2TM,AL,0.7,136.0,516.0,453.0,52.0,117.0,20.0,0.0,10.0,58.0,0.0,2.0,53.0,47.0,0.258,0.333,0.369,0.702,99.0,0.313,98.0,167.0,12.0,1.0,3.0,6.0,2.0,54D/H,
Alberto Callaspo#,30.0,LAA,AL,0.3,86.0,336.0,294.0,32.0,74.0,13.0,0.0,5.0,36.0,0.0,2.0,34.0,22.0,0.252,0.324,0.347,0.671,92.0,0.295,86.0,102.0,8.0,0.0,3.0,5.0,2.0,5/HD,
Alberto Callaspo#,30.0,OAK,AL,0.4,50.0,180.0,159.0,20.0,43.0,7.0,0.0,5.0,22.0,0.0,0.0,19.0,25.0,0.27,0.35,0.409,0.759,112.0,0.347,119.0,65.0,4.0,1.0,0.0,1.0,0.0,4/5DH,
Alberto González,30.0,2TM,2LG,-0.3,24.0,60.0,57.0,6.0,11.0,2.0,0.0,1.0,6.0,0.0,0.0,2.0,12.0,0.193,0.217,0.281,0.497,36.0,0.227,25.0,16.0,2.0,0.0,0.0,1.0,1.0,4/56179H,
Alberto González,30.0,CHC,NL,-0.2,11.0,26.0,23.0,3.0,5.0,1.0,0.0,1.0,2.0,0.0,0.0,2.0,6.0,0.217,0.269,0.391,0.661,80.0,0.309,84.0,9.0,1.0,0.0,0.0,1.0,1.0,4/5H,
Alberto González,30.0,NYY,AL,-0.1,13.0,34.0,34.0,3.0,6.0,1.0,0.0,0.0,4.0,0.0,0.0,0.0,6.0,0.176,0.176,0.206,0.382,6.0,0.167,-17.0,7.0,1.0,0.0,0.0,0.0,0.0,/56179,
Alcides Escobar,26.0,KCR,AL,0.4,158.0,642.0,607.0,57.0,142.0,20.0,4.0,4.0,52.0,22.0,0.0,19.0,84.0,0.234,0.259,0.3,0.559,53.0,0.262,44.0,182.0,12.0,3.0,9.0,4.0,1.0,*6/H,
Alejandro De Aza*,29.0,CHW,AL,0.6,153.0,675.0,607.0,84.0,160.0,27.0,4.0,17.0,62.0,20.0,8.0,50.0,147.0,0.264,0.323,0.405,0.728,97.0,0.326,96.0,246.0,8.0,6.0,6.0,6.0,1.0,*87/HD,
Alex Avila*,26.0,DET,AL,0.6,102.0,379.0,330.0,39.0,75.0,14.0,1.0,11.0,47.0,0.0,0.0,44.0,112.0,0.227,0.317,0.376,0.693,88.0,0.315,88.0,124.0,10.0,1.0,1.0,3.0,0.0,2/H,
Alex Burnett,25.0,CHC,NL,0.0,1.0,0.0,0.0,0.0,0.0,0.0,0.0,0.0,0.0,0.0,0.0,0.0,0.0,,,,,,,,0.0,0.0,0.0,0.0,0.0,0.0,/1,
Alex Castellanos,26.0,LAD,NL,-0.3,8.0,18.0,18.0,2.0,3.0,1.0,0.0,1.0,1.0,0.0,0.0,0.0,5.0,0.167,0.167,0.389,0.556,51.0,0.239,39.0,7.0,0.0,0.0,0.0,0.0,0.0,/97H,
Alex Cobb,25.0,TBR,AL,-0.1,1.0,3.0,3.0,0.0,0.0,0.0,0.0,0.0,0.0,0.0,0.0,0.0,0.0,0.0,0.0,0.0,0.0,-100.0,0.0,-136.0,0.0,1.0,0.0,0.0,0.0,0.0,1,
Alex Colomé,24.0,TBR,AL,0.0,1.0,2.0,2.0,0.0,0.0,0.0,0.0,0.0,0.0,0.0,0.0,0.0,1.0,0.0,0.0,0.0,0.0,-100.0,0.0,-136.0,0.0,0.0,0.0,0.0,0.0,0.0,/1,
Alex Gordon*,29.0,KCR,AL,4.1,156.0,700.0,633.0,90.0,168.0,27.0,6.0,20.0,81.0,11.0,3.0,52.0,141.0,0.265,0.327,0.422,0.749,103.0,0.334,103.0,267.0,4.0,9.0,0.0,6.0,7.0,*7/H,"AS,GG"
Alex Liddi,24.0,SEA,AL,-0.3,8.0,18.0,17.0,0.0,1.0,1.0,0.0,0.0,0.0,0.0,0.0,1.0,7.0,0.059,0.111,0.118,0.229,-34.0,0.109,-51.0,2.0,0.0,0.0,0.0,0.0,0.0,/3H,
Alex Presley*,27.0,2TM,2LG,0.0,57.0,195.0,185.0,17.0,51.0,5.0,2.0,3.0,15.0,1.0,4.0,9.0,39.0,0.276,0.313,0.373,0.686,91.0,0.313,99.0,69.0,3.0,1.0,0.0,0.0,0.0,8H79,
Alex Presley*,27.0,PIT,NL,0.2,29.0,73.0,72.0,8.0,19.0,1.0,1.0,2.0,4.0,0.0,1.0,1.0,18.0,0.264,0.274,0.389,0.663,86.0,0.305,94.0,28.0,1.0,0.0,0.0,0.0,0.0,79H,
Alex Presley*,27.0,MIN,AL,-0.2,28.0,122.0,113.0,9.0,32.0,4.0,1.0,1.0,11.0,1.0,3.0,8.0,21.0,0.283,0.336,0.363,0.699,93.0,0.318,101.0,41.0,2.0,1.0,0.0,0.0,0.0,8/H,
Alex Sanabia,24.0,MIA,NL,-0.1,9.0,18.0,16.0,1.0,1.0,0.0,0.0,0.0,0.0,0.0,0.0,1.0,7.0,0.063,0.118,0.063,0.18,-48.0,0.094,-87.0,1.0,0.0,0.0,1.0,0.0,0.0,1,
Alex Wood,22.0,ATL,NL,-0.3,30.0,22.0,21.0,1.0,0.0,0.0,0.0,0.0,0.0,0.0,0.0,0.0,15.0,0.0,0.0,0.0,0.0,-100.0,0.0,-157.0,0.0,0.0,0.0,1.0,0.0,0.0,1,
Alexei Ramírez,31.0,CHW,AL,2.4,158.0,674.0,637.0,68.0,181.0,39.0,2.0,6.0,48.0,30.0,9.0,26.0,68.0,0.284,0.313,0.38,0.693,88.0,0.317,87.0,242.0,17.0,3.0,4.0,4.0,2.0,*6,
Alexi Amarista*,24.0,SDP,NL,-0.2,146.0,396.0,368.0,35.0,87.0,14.0,4.0,5.0,32.0,4.0,2.0,22.0,57.0,0.236,0.282,0.337,0.619,79.0,0.278,73.0,124.0,7.0,2.0,3.0,1.0,1.0,8H467/5,
Alexi Casilla#,28.0,BAL,AL,0.5,62.0,125.0,112.0,15.0,24.0,4.0,1.0,1.0,10.0,9.0,2.0,9.0,20.0,0.214,0.268,0.295,0.563,54.0,0.281,57.0,33.0,1.0,0.0,2.0,2.0,0.0,4H/6D,
Alexi Ogando,29.0,TEX,AL,0.0,1.0,1.0,1.0,0.0,0.0,0.0,0.0,0.0,0.0,0.0,0.0,0.0,1.0,0.0,0.0,0.0,0.0,-100.0,0.0,-145.0,0.0,0.0,0.0,0.0,0.0,0.0,1,
Alfonso Soriano,37.0,2TM,2LG,2.9,151.0,626.0,581.0,84.0,148.0,32.0,1.0,34.0,101.0,18.0,9.0,36.0,156.0,0.255,0.302,0.489,0.791,114.0,0.348,116.0,284.0,11.0,5.0,0.0,4.0,3.0,*7D/H,
Alfonso Soriano,37.0,CHC,NL,0.9,93.0,383.0,362.0,47.0,92.0,24.0,1.0,17.0,51.0,10.0,5.0,15.0,89.0,0.254,0.287,0.467,0.754,104.0,0.338,107.0,169.0,9.0,3.0,0.0,3.0,2.0,7/DH,
Alfonso Soriano,37.0,NYY,AL,2.1,58.0,243.0,219.0,37.0,56.0,8.0,0.0,17.0,50.0,8.0,4.0,21.0,67.0,0.256,0.325,0.525,0.85,131.0,0.363,128.0,115.0,2.0,2.0,0.0,1.0,1.0,7/DH,
Alfredo Fígaro,28.0,MIL,NL,0.0,31.0,12.0,12.0,1.0,3.0,0.0,0.0,0.0,2.0,0.0,0.0,0.0,5.0,0.25,0.25,0.25,0.5,38.0,0.201,3.0,3.0,0.0,0.0,0.0,0.0,0.0,1,
Alfredo Marte,24.0,ARI,NL,-0.4,22.0,48.0,43.0,4.0,8.0,3.0,0.0,0.0,4.0,0.0,0.0,4.0,12.0,0.186,0.271,0.256,0.527,47.0,0.262,50.0,11.0,0.0,1.0,0.0,0.0,0.0,H/79D,
Alfredo Simón,32.0,CIN,NL,0.0,57.0,7.0,7.0,0.0,1.0,0.0,0.0,0.0,0.0,0.0,0.0,0.0,4.0,0.143,0.143,0.143,0.286,-20.0,0.13,-48.0,1.0,0.0,0.0,0.0,0.0,0.0,1,
Allen Craig,28.0,STL,NL,2.7,134.0,563.0,508.0,71.0,160.0,29.0,2.0,13.0,97.0,2.0,0.0,40.0,100.0,0.315,0.373,0.457,0.83,129.0,0.372,133.0,232.0,12.0,10.0,0.0,5.0,2.0,379/HD,"AS,MVP-18"
Andre Ethier*,31.0,LAD,NL,2.9,142.0,553.0,482.0,54.0,131.0,33.0,2.0,12.0,52.0,4.0,3.0,61.0,95.0,0.272,0.36,0.423,0.783,121.0,0.351,124.0,204.0,9.0,7.0,0.0,3.0,11.0,*89/H7D,
Andrelton Simmons,23.0,ATL,NL,5.8,157.0,658.0,606.0,76.0,150.0,27.0,6.0,17.0,59.0,6.0,5.0,40.0,55.0,0.248,0.296,0.396,0.692,90.0,0.321,96.0,240.0,16.0,3.0,5.0,4.0,1.0,*6/H,"MVP-14,GG"
Andrew Bailey,29.0,BOS,AL,0.0,1.0,0.0,0.0,0.0,0.0,0.0,0.0,0.0,0.0,0.0,0.0,0.0,0.0,,,,,,,,0.0,0.0,0.0,0.0,0.0,0.0,1,
Andrew Brown,28.0,NYM,NL,0.3,68.0,165.0,150.0,16.0,34.0,5.0,0.0,7.0,24.0,1.0,0.0,13.0,44.0,0.227,0.288,0.4,0.688,94.0,0.318,99.0,60.0,3.0,0.0,2.0,0.0,0.0,H97/D3,
Andrew Cashner,26.0,SDP,NL,0.7,33.0,60.0,53.0,7.0,13.0,1.0,0.0,1.0,3.0,2.0,0.0,1.0,25.0,0.245,0.259,0.321,0.58,67.0,0.275,61.0,17.0,0.0,0.0,6.0,0.0,0.0,1/H,
Andrew Lambo*,24.0,PIT,NL,-0.2,18.0,33.0,30.0,4.0,7.0,2.0,0.0,1.0,2.0,0.0,1.0,3.0,11.0,0.233,0.303,0.4,0.703,98.0,0.293,92.0,12.0,0.0,0.0,0.0,0.0,0.0,H/97,
Andrew McCutchen,26.0,PIT,NL,7.8,157.0,674.0,583.0,97.0,185.0,38.0,5.0,21.0,84.0,27.0,10.0,78.0,101.0,0.317,0.404,0.508,0.911,157.0,0.404,163.0,296.0,13.0,9.0,0.0,4.0,12.0,*8/HD,"AS,MVP-1,SS"
Andrew Miller*,28.0,BOS,AL,0.0,1.0,0.0,0.0,0.0,0.0,0.0,0.0,0.0,0.0,0.0,0.0,0.0,0.0,,,,,,,,0.0,0.0,0.0,0.0,0.0,0.0,1,
Andrew Romine#,27.0,LAA,AL,0.6,47.0,123.0,108.0,9.0,28.0,3.0,0.0,0.0,10.0,1.0,0.0,7.0,24.0,0.259,0.308,0.287,0.595,71.0,0.286,75.0,31.0,2.0,1.0,6.0,1.0,0.0,56/H4D,
Andrés Torres#,35.0,SFG,NL,-0.3,103.0,300.0,272.0,33.0,68.0,17.0,1.0,2.0,21.0,4.0,3.0,22.0,61.0,0.25,0.302,0.342,0.644,84.0,0.289,80.0,93.0,7.0,0.0,2.0,4.0,1.0,78H/9,
Andy Dirks*,27.0,DET,AL,1.0,131.0,484.0,438.0,60.0,112.0,16.0,2.0,9.0,37.0,7.0,1.0,42.0,84.0,0.256,0.323,0.363,0.686,87.0,0.31,84.0,159.0,6.0,2.0,1.0,1.0,2.0,*7H9/8D,
Andy LaRoche,29.0,TOR,AL,0.0,1.0,4.0,4.0,0.0,0.0,0.0,0.0,0.0,0.0,0.0,0.0,0.0,1.0,0.0,0.0,0.0,0.0,-100.0,0.0,-141.0,0.0,0.0,0.0,0.0,0.0,0.0,/5,
Andy Parrino#,27.0,OAK,AL,-0.9,14.0,36.0,34.0,2.0,4.0,2.0,0.0,0.0,1.0,0.0,0.0,2.0,12.0,0.118,0.167,0.176,0.343,-4.0,0.156,-23.0,6.0,1.0,0.0,0.0,0.0,0.0,/64H5,
Andy Pettitte*,41.0,NYY,AL,0.0,1.0,2.0,2.0,0.0,0.0,0.0,0.0,0.0,0.0,0.0,0.0,0.0,1.0,0.0,0.0,0.0,0.0,-100.0,0.0,-141.0,0.0,0.0,0.0,0.0,0.0,0.0,1,
Angel Sánchez,29.0,CHW,AL,-0.1,1.0,2.0,2.0,0.0,0.0,0.0,0.0,0.0,0.0,0.0,0.0,0.0,0.0,0.0,0.0,0.0,0.0,-100.0,0.0,-141.0,0.0,0.0,0.0,0.0,0.0,0.0,/4,
Anthony Bass,25.0,SDP,NL,0.0,21.0,2.0,2.0,0.0,0.0,0.0,0.0,0.0,1.0,0.0,0.0,0.0,1.0,0.0,0.0,0.0,0.0,-100.0,0.0,-133.0,0.0,0.0,0.0,0.0,0.0,0.0,1,
Anthony Gose*,22.0,TOR,AL,0.2,52.0,153.0,147.0,15.0,38.0,6.0,5.0,2.0,12.0,4.0,3.0,5.0,37.0,0.259,0.283,0.408,0.691,87.0,0.292,76.0,60.0,5.0,0.0,1.0,0.0,0.0,87/H9D,
Anthony Recker,29.0,NYM,NL,0.8,50.0,151.0,135.0,17.0,29.0,7.0,0.0,6.0,19.0,0.0,1.0,13.0,49.0,0.215,0.28,0.4,0.68,92.0,0.3,89.0,54.0,1.0,0.0,1.0,2.0,1.0,2H/1D,
Anthony Rendon,23.0,WSN,NL,0.4,98.0,394.0,351.0,40.0,93.0,23.0,1.0,7.0,35.0,1.0,1.0,31.0,69.0,0.265,0.329,0.396,0.725,98.0,0.323,95.0,139.0,7.0,5.0,2.0,5.0,3.0,45/6H,
Anthony Rizzo*,23.0,CHC,NL,2.5,160.0,690.0,606.0,71.0,141.0,40.0,2.0,23.0,80.0,6.0,5.0,76.0,127.0,0.233,0.323,0.419,0.742,103.0,0.333,104.0,254.0,12.0,6.0,0.0,2.0,7.0,*3/H,
Anthony Swarzak,27.0,MIN,AL,0.0,3.0,1.0,1.0,0.0,0.0,0.0,0.0,0.0,0.0,0.0,0.0,0.0,1.0,0.0,0.0,0.0,0.0,-100.0,0.0,-136.0,0.0,0.0,0.0,0.0,0.0,0.0,1,
Anthony Varvaro,28.0,ATL,NL,0.0,59.0,1.0,1.0,0.0,0.0,0.0,0.0,0.0,0.0,0.0,0.0,0.0,1.0,0.0,0.0,0.0,0.0,-100.0,0.0,-160.0,0.0,0.0,0.0,0.0,0.0,0.0,1,
Antonio Bastardo,27.0,PHI,NL,0.0,44.0,0.0,0.0,0.0,0.0,0.0,0.0,0.0,0.0,0.0,0.0,0.0,0.0,,,,,,,,0.0,0.0,0.0,0.0,0.0,0.0,1,
Aníbal Sánchez,29.0,DET,AL,0.0,3.0,7.0,4.0,0.0,0.0,0.0,0.0,0.0,0.0,0.0,0.0,1.0,4.0,0.0,0.2,0.0,0.2,-39.0,0.139,-96.0,0.0,0.0,0.0,2.0,0.0,0.0,1,CYA-4
Aramis Ramírez,35.0,MIL,NL,0.8,92.0,351.0,304.0,43.0,86.0,18.0,0.0,12.0,49.0,0.0,1.0,36.0,55.0,0.283,0.37,0.461,0.831,127.0,0.371,132.0,140.0,8.0,8.0,0.0,3.0,0.0,5/HD,
Aroldis Chapman*,25.0,CIN,NL,0.0,66.0,1.0,1.0,0.0,0.0,0.0,0.0,0.0,0.0,0.0,0.0,0.0,1.0,0.0,0.0,0.0,0.0,-100.0,0.0,-160.0,0.0,0.0,0.0,0.0,0.0,0.0,1,AS
Arquimedes Caminero,26.0,MIA,NL,0.0,13.0,0.0,0.0,0.0,0.0,0.0,0.0,0.0,0.0,0.0,0.0,0.0,0.0,,,,,,,,0.0,0.0,0.0,0.0,0.0,0.0,1,
Asdrúbal Cabrera#,27.0,CLE,AL,1.3,136.0,562.0,508.0,66.0,123.0,35.0,2.0,14.0,64.0,9.0,3.0,35.0,114.0,0.242,0.299,0.402,0.7,96.0,0.319,100.0,204.0,10.0,8.0,6.0,5.0,1.0,*6/DH,
Audry Pérez,24.0,STL,NL,0.0,2.0,1.0,1.0,0.0,0.0,0.0,0.0,0.0,0.0,0.0,0.0,0.0,1.0,0.0,0.0,0.0,0.0,-100.0,0.0,-160.0,0.0,0.0,0.0,0.0,0.0,0.0,/2H,
Austin Jackson,26.0,DET,AL,3.5,129.0,614.0,552.0,99.0,150.0,30.0,7.0,12.0,49.0,8.0,4.0,52.0,129.0,0.272,0.337,0.417,0.754,104.0,0.344,110.0,230.0,12.0,4.0,3.0,3.0,0.0,*8,
Austin Kearns,33.0,MIA,NL,-0.2,19.0,31.0,27.0,3.0,5.0,0.0,0.0,0.0,0.0,0.0,0.0,4.0,8.0,0.185,0.29,0.185,0.476,35.0,0.232,28.0,5.0,1.0,0.0,0.0,0.0,0.0,H/97,
Austin Romine,24.0,NYY,AL,-0.5,60.0,148.0,135.0,15.0,28.0,9.0,0.0,1.0,10.0,1.0,0.0,8.0,37.0,0.207,0.255,0.296,0.551,53.0,0.248,41.0,40.0,7.0,1.0,3.0,1.0,0.0,2/H,
Avisaíl García,22.0,2TM,AL,0.1,72.0,256.0,244.0,31.0,69.0,7.0,3.0,7.0,31.0,3.0,3.0,9.0,59.0,0.283,0.309,0.422,0.731,97.0,0.32,95.0,103.0,8.0,1.0,0.0,2.0,0.0,98H/7,
Avisaíl García,22.0,DET,AL,-0.1,30.0,88.0,83.0,12.0,20.0,3.0,1.0,2.0,10.0,0.0,1.0,4.0,21.0,0.241,0.273,0.373,0.646,74.0,0.296,79.0,31.0,3.0,0.0,0.0,1.0,0.0,8/H97,
Avisaíl García,22.0,CHW,AL,0.2,42.0,168.0,161.0,19.0,49.0,4.0,2.0,5.0,21.0,3.0,2.0,5.0,38.0,0.304,0.327,0.447,0.775,109.0,0.333,103.0,72.0,5.0,1.0,0.0,1.0,0.0,9/8H,
B.J. Rosenberg,27.0,PHI,NL,0.0,22.0,0.0,0.0,0.0,0.0,0.0,0.0,0.0,0.0,0.0,0.0,0.0,0.0,,,,,,,,0.0,0.0,0.0,0.0,0.0,0.0,1,
B.J. Upton,28.0,ATL,NL,-1.7,126.0,446.0,391.0,30.0,72.0,14.0,0.0,9.0,26.0,12.0,5.0,44.0,151.0,0.184,0.268,0.289,0.557,55.0,0.257,45.0,113.0,7.0,3.0,1.0,6.0,2.0,*8H,
Barry Zito*,35.0,SFG,NL,0.0,29.0,43.0,34.0,3.0,5.0,0.0,0.0,0.0,2.0,0.0,0.0,0.0,8.0,0.147,0.147,0.147,0.294,-15.0,0.16,-48.0,5.0,1.0,0.0,9.0,0.0,0.0,1,
Bartolo Colon,40.0,OAK,AL,-0.1,3.0,6.0,6.0,0.0,0.0,0.0,0.0,0.0,0.0,0.0,0.0,0.0,3.0,0.0,0.0,0.0,0.0,-100.0,0.0,-136.0,0.0,0.0,0.0,0.0,0.0,0.0,1,"AS,CYA-6"
Ben Francisco,31.0,NYY,AL,-0.4,21.0,50.0,44.0,4.0,5.0,0.0,0.0,1.0,1.0,0.0,0.0,5.0,11.0,0.114,0.22,0.182,0.402,13.0,0.214,18.0,8.0,0.0,1.0,0.0,0.0,0.0,D/9H7,
Ben Revere*,25.0,PHI,NL,1.5,88.0,336.0,315.0,37.0,96.0,9.0,3.0,0.0,17.0,22.0,8.0,16.0,36.0,0.305,0.338,0.352,0.691,93.0,0.324,95.0,111.0,10.0,0.0,5.0,0.0,1.0,8/H,
Ben Zobrist#,32.0,TBR,AL,5.2,157.0,698.0,612.0,77.0,168.0,36.0,3.0,12.0,71.0,11.0,3.0,72.0,91.0,0.275,0.354,0.402,0.756,112.0,0.34,113.0,246.0,18.0,7.0,1.0,6.0,4.0,*496/7D8H,AS
Billy Buckner,29.0,LAA,AL,0.0,1.0,0.0,0.0,0.0,0.0,0.0,0.0,0.0,0.0,0.0,0.0,0.0,0.0,,,,,,,,0.0,0.0,0.0,0.0,0.0,0.0,/1,
Billy Butler,27.0,KCR,AL,1.5,162.0,668.0,582.0,62.0,168.0,27.0,0.0,15.0,82.0,0.0,0.0,79.0,102.0,0.289,0.374,0.412,0.787,116.0,0.352,118.0,240.0,28.0,3.0,0.0,4.0,11.0,*D/3H,
Billy Hamilton,22.0,CIN,NL,0.7,13.0,22.0,19.0,9.0,7.0,2.0,0.0,0.0,1.0,13.0,1.0,2.0,4.0,0.368,0.429,0.474,0.902,150.0,0.564,181.0,9.0,0.0,0.0,1.0,0.0,0.0,/8H,
Blake DeWitt*,27.0,ATL,NL,0.0,4.0,4.0,3.0,0.0,1.0,1.0,0.0,0.0,0.0,0.0,0.0,0.0,0.0,0.333,0.333,0.667,1.0,169.0,0.425,197.0,2.0,0.0,0.0,1.0,0.0,0.0,/H5,
Blake Lalli*,30.0,MIL,NL,-0.5,16.0,24.0,24.0,1.0,3.0,0.0,0.0,0.0,2.0,0.0,0.0,0.0,7.0,0.125,0.125,0.125,0.25,-31.0,0.109,-66.0,3.0,0.0,0.0,0.0,0.0,0.0,H/32,
Blake Parker,28.0,CHC,NL,0.0,45.0,0.0,0.0,0.0,0.0,0.0,0.0,0.0,0.0,0.0,0.0,0.0,0.0,,,,,,,,0.0,0.0,0.0,0.0,0.0,0.0,1,
Blake Tekotte*,26.0,CHW,AL,-0.2,20.0,36.0,31.0,4.0,7.0,1.0,0.0,1.0,2.0,1.0,3.0,3.0,9.0,0.226,0.306,0.355,0.66,80.0,0.256,71.0,11.0,0.0,1.0,0.0,1.0,0.0,8/H7,
Bobby LaFromboise*,27.0,SEA,AL,0.0,1.0,0.0,0.0,0.0,0.0,0.0,0.0,0.0,0.0,0.0,0.0,0.0,0.0,,,,,,,,0.0,0.0,0.0,0.0,0.0,0.0,1,
Bobby Parnell,28.0,NYM,NL,0.0,46.0,0.0,0.0,0.0,0.0,0.0,0.0,0.0,0.0,0.0,0.0,0.0,0.0,,,,,,,,0.0,0.0,0.0,0.0,0.0,0.0,1,
Boone Logan,28.0,NYY,AL,0.0,4.0,0.0,0.0,0.0,0.0,0.0,0.0,0.0,0.0,0.0,0.0,0.0,0.0,,,,,,,,0.0,0.0,0.0,0.0,0.0,0.0,1,
Brad Boxberger,25.0,SDP,NL,0.0,17.0,1.0,1.0,0.0,0.0,0.0,0.0,0.0,0.0,0.0,0.0,0.0,0.0,0.0,0.0,0.0,0.0,-100.0,0.0,-140.0,0.0,0.0,0.0,0.0,0.0,0.0,1,
Brad Brach,27.0,SDP,NL,0.0,31.0,0.0,0.0,0.0,0.0,0.0,0.0,0.0,0.0,0.0,0.0,0.0,0.0,,,,,,,,0.0,0.0,0.0,0.0,0.0,0.0,1,
Brad Hand*,23.0,MIA,NL,-0.1,7.0,4.0,4.0,0.0,0.0,0.0,0.0,0.0,0.0,0.0,0.0,0.0,2.0,0.0,0.0,0.0,0.0,-100.0,0.0,-149.0,0.0,1.0,0.0,0.0,0.0,0.0,/1,
Brad Hawpe*,34.0,LAA,AL,-0.2,17.0,32.0,27.0,2.0,5.0,0.0,0.0,0.0,2.0,0.0,0.0,5.0,14.0,0.185,0.313,0.185,0.498,47.0,0.25,51.0,5.0,0.0,0.0,0.0,0.0,0.0,/39H7D,
Brad Lincoln*,28.0,TOR,AL,0.0,2.0,1.0,1.0,0.0,0.0,0.0,0.0,0.0,0.0,0.0,0.0,0.0,0.0,0.0,0.0,0.0,0.0,-100.0,0.0,-145.0,0.0,0.0,0.0,0.0,0.0,0.0,1,
Brad Miller*,23.0,SEA,AL,2.1,76.0,335.0,306.0,41.0,81.0,11.0,6.0,8.0,36.0,5.0,3.0,24.0,52.0,0.265,0.318,0.418,0.737,110.0,0.323,108.0,128.0,2.0,1.0,2.0,2.0,0.0,64/5H,
Brad Peacock,25.0,HOU,AL,0.0,1.0,1.0,0.0,0.0,0.0,0.0,0.0,0.0,0.0,0.0,0.0,0.0,0.0,,,,,,,,0.0,0.0,0.0,1.0,0.0,0.0,1,
Brad Ziegler,33.0,ARI,NL,0.0,75.0,2.0,2.0,0.0,0.0,0.0,0.0,0.0,0.0,0.0,0.0,0.0,0.0,0.0,0.0,0.0,0.0,-100.0,0.0,-143.0,0.0,0.0,0.0,0.0,0.0,0.0,1,
Brandon Bantz,26.0,SEA,AL,0.0,1.0,2.0,2.0,0.0,0.0,0.0,0.0,0.0,0.0,0.0,0.0,0.0,1.0,0.0,0.0,0.0,0.0,-100.0,0.0,-132.0,0.0,0.0,0.0,0.0,0.0,0.0,/2,
Brandon Barnes,27.0,HOU,AL,1.4,136.0,445.0,408.0,46.0,98.0,17.0,1.0,8.0,41.0,11.0,11.0,21.0,127.0,0.24,0.289,0.346,0.635,76.0,0.29,80.0,141.0,5.0,8.0,6.0,2.0,0.0,*89H/7,
Brandon Beachy,26.0,ATL,NL,0.0,5.0,12.0,8.0,1.0,1.0,0.0,0.0,0.0,0.0,0.0,0.0,1.0,3.0,0.125,0.222,0.125,0.347,0.0,0.178,-51.0,1.0,0.0,0.0,3.0,0.0,0.0,/1,
Brandon Belt*,25.0,SFG,NL,4.1,150.0,571.0,509.0,76.0,147.0,39.0,4.0,17.0,67.0,5.0,2.0,52.0,125.0,0.289,0.36,0.481,0.841,139.0,0.373,143.0,245.0,4.0,6.0,1.0,3.0,4.0,*3H,
Brandon Crawford*,26.0,SFG,NL,2.4,149.0,550.0,499.0,52.0,124.0,24.0,3.0,9.0,43.0,1.0,2.0,42.0,96.0,0.248,0.311,0.363,0.674,93.0,0.301,90.0,181.0,10.0,5.0,1.0,3.0,6.0,*6/H,
Brandon Cumpton,24.0,PIT,NL,0.0,6.0,12.0,9.0,0.0,0.0,0.0,0.0,0.0,0.0,0.0,0.0,1.0,4.0,0.0,0.1,0.0,0.1,-68.0,0.16,-43.0,0.0,0.0,0.0,2.0,0.0,0.0,/1,
Brandon Gomes,28.0,TBR,AL,0.0,3.0,0.0,0.0,0.0,0.0,0.0,0.0,0.0,0.0,0.0,0.0,0.0,0.0,,,,,,,,0.0,0.0,0.0,0.0,0.0,0.0,1,
Brandon Inge,36.0,PIT,NL,-0.5,50.0,110.0,105.0,5.0,19.0,3.0,0.0,1.0,7.0,0.0,0.0,2.0,32.0,0.181,0.204,0.238,0.442,25.0,0.205,13.0,25.0,2.0,1.0,2.0,0.0,0.0,H45/936,
Brandon Kintzler,28.0,MIL,NL,0.0,68.0,0.0,0.0,0.0,0.0,0.0,0.0,0.0,0.0,0.0,0.0,0.0,0.0,,,,,,,,0.0,0.0,0.0,0.0,0.0,0.0,1,
Brandon Laird,25.0,HOU,AL,-0.3,25.0,76.0,71.0,7.0,12.0,3.0,0.0,5.0,11.0,0.0,0.0,3.0,26.0,0.169,0.224,0.423,0.646,75.0,0.279,67.0,30.0,2.0,2.0,0.0,0.0,0.0,3/HD5,
Brandon League,30.0,LAD,NL,0.1,54.0,1.0,0.0,0.0,0.0,0.0,0.0,0.0,0.0,0.0,0.0,1.0,0.0,,1.0,,,,0.691,390.0,0.0,0.0,0.0,0.0,0.0,0.0,1,
Brandon Lyon,33.0,NYM,NL,0.0,37.0,0.0,0.0,0.0,0.0,0.0,0.0,0.0,0.0,0.0,0.0,0.0,0.0,,,,,,,,0.0,0.0,0.0,0.0,0.0,0.0,1,
Brandon McCarthy,29.0,ARI,NL,-0.3,19.0,42.0,37.0,0.0,1.0,0.0,0.0,0.0,0.0,0.0,0.0,3.0,15.0,0.027,0.1,0.027,0.127,-63.0,0.075,-100.0,1.0,0.0,0.0,2.0,0.0,0.0,1,
Brandon Moss*,29.0,OAK,AL,2.6,145.0,505.0,446.0,73.0,114.0,23.0,3.0,30.0,87.0,4.0,2.0,50.0,140.0,0.256,0.337,0.522,0.859,136.0,0.379,142.0,233.0,4.0,6.0,0.0,3.0,3.0,*39H/7D58,
Brandon Phillips,32.0,CIN,NL,1.7,151.0,666.0,606.0,80.0,158.0,24.0,2.0,18.0,103.0,5.0,3.0,39.0,98.0,0.261,0.31,0.396,0.706,94.0,0.32,94.0,240.0,19.0,8.0,4.0,9.0,6.0,*4,"AS,GG"
Brandon Snyder,26.0,BOS,AL,-0.4,27.0,52.0,50.0,5.0,9.0,3.0,0.0,2.0,7.0,0.0,0.0,0.0,16.0,0.18,0.212,0.36,0.572,53.0,0.249,41.0,18.0,0.0,2.0,0.0,0.0,0.0,5H/3D7,
Brandon Workman,24.0,BOS,AL,0.0,2.0,0.0,0.0,0.0,0.0,0.0,0.0,0.0,0.0,0.0,0.0,0.0,0.0,,,,,,,,0.0,0.0,0.0,0.0,0.0,0.0,1,
Brayan Peña#,31.0,DET,AL,0.4,71.0,243.0,229.0,19.0,68.0,11.0,0.0,4.0,22.0,0.0,2.0,6.0,26.0,0.297,0.315,0.397,0.713,93.0,0.314,91.0,91.0,7.0,2.0,2.0,4.0,0.0,2H/3,
Brayan Villarreal,26.0,BOS,AL,0.0,1.0,0.0,0.0,0.0,0.0,0.0,0.0,0.0,0.0,0.0,0.0,0.0,0.0,,,,,,,,0.0,0.0,0.0,0.0,0.0,0.0,/1,
Brendan Harris,32.0,LAA,AL,-0.4,44.0,117.0,107.0,14.0,22.0,4.0,0.0,4.0,9.0,0.0,1.0,6.0,29.0,0.206,0.252,0.355,0.607,71.0,0.279,75.0,38.0,2.0,1.0,2.0,1.0,0.0,6H/5347D,
Brendan Ryan,31.0,2TM,AL,0.3,104.0,349.0,319.0,30.0,63.0,12.0,0.0,4.0,22.0,4.0,2.0,23.0,73.0,0.197,0.255,0.273,0.528,51.0,0.247,49.0,87.0,11.0,2.0,4.0,1.0,1.0,6/HD,
Brendan Ryan,31.0,SEA,AL,-0.1,87.0,287.0,260.0,23.0,50.0,10.0,0.0,3.0,21.0,4.0,2.0,21.0,60.0,0.192,0.254,0.265,0.52,50.0,0.245,49.0,69.0,11.0,1.0,4.0,1.0,1.0,6/HD,
Brendan Ryan,31.0,NYY,AL,0.4,17.0,62.0,59.0,7.0,13.0,2.0,0.0,1.0,1.0,0.0,0.0,2.0,13.0,0.22,0.258,0.305,0.563,56.0,0.254,47.0,18.0,0.0,1.0,0.0,0.0,0.0,6,
Brennan Boesch*,28.0,NYY,AL,0.1,23.0,53.0,51.0,6.0,14.0,2.0,1.0,3.0,8.0,0.0,0.0,2.0,9.0,0.275,0.302,0.529,0.831,125.0,0.351,119.0,27.0,2.0,0.0,0.0,0.0,0.0,9/HD,
Brent Lillibridge,29.0,2TM,2LG,-0.8,20.0,61.0,59.0,2.0,7.0,1.0,0.0,0.0,5.0,1.0,0.0,1.0,17.0,0.119,0.133,0.136,0.269,-25.0,0.142,-40.0,8.0,1.0,0.0,1.0,0.0,0.0,5/4H39D,
Brent Lillibridge,29.0,CHC,NL,-0.6,9.0,24.0,24.0,0.0,1.0,0.0,0.0,0.0,2.0,0.0,0.0,0.0,9.0,0.042,0.042,0.042,0.083,-77.0,0.038,-118.0,1.0,1.0,0.0,0.0,0.0,0.0,/45H,
Brent Lillibridge,29.0,NYY,AL,-0.2,11.0,37.0,35.0,2.0,6.0,1.0,0.0,0.0,3.0,1.0,0.0,1.0,8.0,0.171,0.194,0.2,0.394,10.0,0.212,9.0,7.0,0.0,0.0,1.0,0.0,0.0,/539DH,
Brent Morel,26.0,CHW,AL,0.0,12.0,30.0,25.0,3.0,5.0,0.0,0.0,0.0,1.0,1.0,1.0,5.0,7.0,0.2,0.333,0.2,0.533,51.0,0.252,48.0,5.0,1.0,0.0,0.0,0.0,0.0,/5H3,
Brett Anderson*,25.0,OAK,AL,0.0,1.0,0.0,0.0,0.0,0.0,0.0,0.0,0.0,0.0,0.0,0.0,0.0,0.0,,,,,,,,0.0,0.0,0.0,0.0,0.0,0.0,1,
Brett Cecil,26.0,TOR,AL,0.0,2.0,0.0,0.0,0.0,0.0,0.0,0.0,0.0,0.0,0.0,0.0,0.0,0.0,,,,,,,,0.0,0.0,0.0,0.0,0.0,0.0,1,AS
Brett Gardner*,29.0,NYY,AL,4.2,145.0,609.0,539.0,81.0,147.0,33.0,10.0,8.0,52.0,24.0,8.0,52.0,127.0,0.273,0.344,0.416,0.759,110.0,0.342,110.0,224.0,8.0,8.0,7.0,3.0,1.0,*8/HD,
Brett Hayes,29.0,KCR,AL,0.2,5.0,18.0,18.0,2.0,5.0,3.0,0.0,1.0,2.0,0.0,0.0,0.0,3.0,0.278,0.278,0.611,0.889,134.0,0.369,129.0,11.0,0.0,0.0,0.0,0.0,0.0,/2H,
Brett Lawrie,23.0,TOR,AL,2.6,107.0,442.0,401.0,41.0,102.0,18.0,3.0,11.0,46.0,9.0,5.0,30.0,68.0,0.254,0.315,0.397,0.712,94.0,0.321,96.0,159.0,8.0,7.0,1.0,3.0,1.0,5/4,
Brett Oberholtzer*,23.0,HOU,AL,0.0,1.0,0.0,0.0,0.0,0.0,0.0,0.0,0.0,0.0,0.0,0.0,0.0,0.0,,,,,,,,0.0,0.0,0.0,0.0,0.0,0.0,1,
Brett Pill,28.0,SFG,NL,0.1,48.0,92.0,85.0,11.0,19.0,4.0,0.0,3.0,12.0,0.0,0.0,5.0,17.0,0.224,0.272,0.376,0.648,84.0,0.313,98.0,32.0,5.0,1.0,0.0,1.0,0.0,H3/7,
Brett Wallace*,26.0,HOU,AL,0.1,79.0,285.0,262.0,35.0,58.0,14.0,1.0,13.0,36.0,1.0,1.0,18.0,104.0,0.221,0.284,0.431,0.716,96.0,0.312,92.0,113.0,5.0,5.0,0.0,0.0,0.0,3/5DH,
Brian Bogusevic*,29.0,CHC,NL,0.4,47.0,155.0,143.0,18.0,39.0,7.0,1.0,6.0,16.0,2.0,0.0,10.0,35.0,0.273,0.323,0.462,0.784,113.0,0.361,122.0,66.0,4.0,1.0,0.0,1.0,1.0,78H/9,
Brian Dozier,26.0,MIN,AL,2.4,147.0,623.0,558.0,72.0,136.0,33.0,4.0,18.0,66.0,14.0,7.0,51.0,120.0,0.244,0.312,0.414,0.726,98.0,0.325,99.0,231.0,14.0,6.0,3.0,4.0,0.0,*4/H,
Brian Duensing*,30.0,MIN,AL,0.0,7.0,0.0,0.0,0.0,0.0,0.0,0.0,0.0,0.0,0.0,0.0,0.0,0.0,,,,,,,,0.0,0.0,0.0,0.0,0.0,0.0,1,
Brian Flynn*,23.0,MIA,NL,0.1,4.0,6.0,5.0,0.0,2.0,0.0,0.0,0.0,0.0,0.0,0.0,0.0,2.0,0.4,0.4,0.4,0.8,122.0,0.363,131.0,2.0,0.0,0.0,1.0,0.0,0.0,/1,
Brian Matusz*,26.0,BAL,AL,0.0,4.0,0.0,0.0,0.0,0.0,0.0,0.0,0.0,0.0,0.0,0.0,0.0,0.0,,,,,,,,0.0,0.0,0.0,0.0,0.0,0.0,1,
Brian McCann*,29.0,ATL,NL,2.8,102.0,402.0,356.0,43.0,91.0,13.0,0.0,20.0,57.0,0.0,1.0,39.0,66.0,0.256,0.336,0.461,0.796,118.0,0.357,123.0,164.0,9.0,5.0,0.0,2.0,3.0,2/HD,AS
Brian Omogrosso,29.0,CHW,AL,0.0,2.0,0.0,0.0,0.0,0.0,0.0,0.0,0.0,0.0,0.0,0.0,0.0,0.0,,,,,,,,0.0,0.0,0.0,0.0,0.0,0.0,1,
Brian Roberts#,35.0,BAL,AL,0.6,77.0,296.0,265.0,33.0,66.0,12.0,1.0,8.0,39.0,3.0,1.0,26.0,44.0,0.249,0.312,0.392,0.704,92.0,0.319,92.0,104.0,4.0,0.0,1.0,4.0,1.0,4D/H,
Brian Wilson,31.0,LAD,NL,0.0,18.0,0.0,0.0,0.0,0.0,0.0,0.0,0.0,0.0,0.0,0.0,0.0,0.0,,,,,,,,0.0,0.0,0.0,0.0,0.0,0.0,1,
Brock Holt*,25.0,BOS,AL,-0.3,26.0,72.0,59.0,9.0,12.0,2.0,0.0,0.0,11.0,1.0,0.0,7.0,4.0,0.203,0.275,0.237,0.513,43.0,0.242,30.0,14.0,0.0,0.0,3.0,3.0,0.0,5/4HD,
Brock Peterson,29.0,STL,NL,-0.4,23.0,28.0,26.0,0.0,2.0,0.0,0.0,0.0,2.0,0.0,0.0,2.0,11.0,0.077,0.143,0.077,0.22,-37.0,0.208,10.0,2.0,0.0,0.0,0.0,0.0,0.0,H/73,
Bronson Arroyo,36.0,CIN,NL,-0.5,30.0,75.0,59.0,0.0,4.0,0.0,0.0,0.0,0.0,0.0,0.0,0.0,26.0,0.068,0.068,0.068,0.136,-62.0,0.077,-139.0,4.0,1.0,0.0,16.0,0.0,0.0,1,
Brooks Raley*,25.0,CHC,NL,-0.1,9.0,4.0,3.0,0.0,0.0,0.0,0.0,0.0,0.0,0.0,0.0,0.0,1.0,0.0,0.0,0.0,0.0,-100.0,0.0,-229.0,0.0,0.0,0.0,1.0,0.0,0.0,/1,
Bruce Chen*,36.0,KCR,AL,0.0,2.0,2.0,2.0,1.0,1.0,0.0,0.0,0.0,0.0,0.0,0.0,0.0,1.0,0.5,0.5,0.5,1.0,176.0,0.452,191.0,1.0,0.0,0.0,0.0,0.0,0.0,1,
Bruce Rondón,22.0,DET,AL,0.0,2.0,0.0,0.0,0.0,0.0,0.0,0.0,0.0,0.0,0.0,0.0,0.0,0.0,,,,,,,,0.0,0.0,0.0,0.0,0.0,0.0,1,
Bryan Anderson*,26.0,CHW,AL,-0.4,10.0,19.0,18.0,1.0,1.0,1.0,0.0,0.0,2.0,0.0,0.0,1.0,5.0,0.056,0.105,0.111,0.216,-41.0,0.103,-68.0,2.0,0.0,0.0,0.0,0.0,0.0,2,
Bryan Holaday,25.0,DET,AL,0.3,16.0,33.0,27.0,8.0,8.0,1.0,0.0,1.0,2.0,0.0,0.0,2.0,3.0,0.296,0.367,0.444,0.811,120.0,0.419,172.0,12.0,0.0,1.0,3.0,0.0,0.0,2/HD,
Bryan Morris*,26.0,PIT,NL,0.0,52.0,5.0,5.0,1.0,1.0,0.0,0.0,0.0,0.0,0.0,0.0,0.0,2.0,0.2,0.2,0.2,0.4,14.0,0.181,-4.0,1.0,0.0,0.0,0.0,0.0,0.0,1,
Bryan Shaw#,25.0,CLE,AL,0.0,7.0,0.0,0.0,0.0,0.0,0.0,0.0,0.0,0.0,0.0,0.0,0.0,0.0,,,,,,,,0.0,0.0,0.0,0.0,0.0,0.0,1,
Bryce Harper*,20.0,WSN,NL,3.7,118.0,497.0,424.0,71.0,116.0,24.0,3.0,20.0,58.0,11.0,4.0,61.0,94.0,0.274,0.368,0.486,0.854,133.0,0.376,134.0,206.0,4.0,5.0,3.0,4.0,4.0,*79/8H,AS
Bud Norris,28.0,2TM,AL,0.1,5.0,7.0,7.0,0.0,3.0,0.0,0.0,0.0,0.0,0.0,0.0,0.0,0.0,0.429,0.429,0.429,0.857,139.0,0.359,123.0,3.0,0.0,0.0,0.0,0.0,0.0,1,
Bud Norris,28.0,HOU,AL,0.0,2.0,4.0,4.0,0.0,1.0,0.0,0.0,0.0,0.0,0.0,0.0,0.0,0.0,0.25,0.25,0.25,0.5,40.0,0.201,9.0,1.0,0.0,0.0,0.0,0.0,0.0,1,
Bud Norris,28.0,BAL,AL,0.1,3.0,3.0,3.0,0.0,2.0,0.0,0.0,0.0,0.0,0.0,0.0,0.0,0.0,0.667,0.667,0.667,1.333,268.0,0.569,276.0,2.0,0.0,0.0,0.0,0.0,0.0,1,
Buddy Boshers*,25.0,LAA,AL,0.0,1.0,0.0,0.0,0.0,0.0,0.0,0.0,0.0,0.0,0.0,0.0,0.0,0.0,,,,,,,,0.0,0.0,0.0,0.0,0.0,0.0,1,
Burch Smith,23.0,SDP,NL,0.0,8.0,10.0,9.0,0.0,1.0,0.0,0.0,0.0,0.0,0.0,0.0,1.0,2.0,0.111,0.2,0.111,0.311,-7.0,0.16,-14.0,1.0,0.0,0.0,0.0,0.0,0.0,1,
Burke Badenhop,30.0,MIL,NL,0.0,61.0,1.0,1.0,0.0,0.0,0.0,0.0,0.0,0.0,0.0,0.0,0.0,1.0,0.0,0.0,0.0,0.0,-100.0,0.0,-160.0,0.0,0.0,0.0,0.0,0.0,0.0,1,
Buster Posey,26.0,SFG,NL,5.3,148.0,595.0,520.0,61.0,153.0,34.0,1.0,15.0,72.0,2.0,1.0,60.0,70.0,0.294,0.371,0.45,0.821,134.0,0.363,136.0,234.0,15.0,8.0,0.0,7.0,8.0,*23/DH,"AS,MVP-20"
C.J. Wilson*,32.0,LAA,AL,0.1,4.0,11.0,8.0,1.0,1.0,0.0,0.0,0.0,0.0,0.0,0.0,1.0,5.0,0.125,0.222,0.125,0.347,3.0,0.278,66.0,1.0,0.0,0.0,2.0,0.0,0.0,1,
Caleb Gindl*,24.0,MIL,NL,0.3,57.0,155.0,132.0,17.0,32.0,7.0,2.0,5.0,14.0,2.0,1.0,20.0,25.0,0.242,0.34,0.439,0.779,112.0,0.348,114.0,58.0,0.0,0.0,2.0,1.0,1.0,7H/9,
Caleb Thielbar,26.0,MIN,AL,0.0,4.0,0.0,0.0,0.0,0.0,0.0,0.0,0.0,0.0,0.0,0.0,0.0,0.0,,,,,,,,0.0,0.0,0.0,0.0,0.0,0.0,1,
Cameron Maybin,26.0,SDP,NL,-0.8,14.0,57.0,51.0,7.0,8.0,1.0,0.0,1.0,5.0,4.0,1.0,4.0,9.0,0.157,0.232,0.235,0.467,36.0,0.234,31.0,12.0,3.0,1.0,1.0,0.0,1.0,8,
Cameron Rupp,24.0,PHI,NL,0.1,4.0,14.0,13.0,1.0,4.0,1.0,0.0,0.0,2.0,0.0,0.0,1.0,4.0,0.308,0.357,0.385,0.742,107.0,0.327,101.0,5.0,0.0,0.0,0.0,0.0,0.0,/2H,
Carl Crawford*,31.0,LAD,NL,1.5,116.0,469.0,435.0,62.0,123.0,30.0,3.0,6.0,31.0,15.0,4.0,28.0,66.0,0.283,0.329,0.407,0.736,107.0,0.337,109.0,177.0,4.0,3.0,0.0,2.0,2.0,7H/D,
Carlos Beltrán#,36.0,STL,NL,2.3,145.0,600.0,554.0,79.0,164.0,30.0,3.0,24.0,84.0,2.0,1.0,38.0,90.0,0.296,0.339,0.491,0.83,127.0,0.363,127.0,272.0,12.0,1.0,1.0,6.0,1.0,*9/HD,AS
Carlos Carrasco,26.0,CLE,AL,0.0,1.0,0.0,0.0,0.0,0.0,0.0,0.0,0.0,0.0,0.0,0.0,0.0,0.0,,,,,,,,0.0,0.0,0.0,0.0,0.0,0.0,1,
Carlos Corporán#,29.0,HOU,AL,0.6,64.0,210.0,191.0,16.0,43.0,5.0,0.0,7.0,20.0,0.0,0.0,10.0,60.0,0.225,0.287,0.361,0.648,79.0,0.292,76.0,69.0,3.0,7.0,1.0,1.0,1.0,2/HD3,
Carlos González*,27.0,COL,NL,5.1,110.0,436.0,391.0,72.0,118.0,23.0,6.0,26.0,70.0,21.0,3.0,41.0,118.0,0.302,0.367,0.591,0.958,144.0,0.421,150.0,231.0,7.0,1.0,0.0,3.0,2.0,7/HD,"AS,GG"
Carlos Gómez,27.0,MIL,NL,7.6,147.0,590.0,536.0,80.0,152.0,27.0,10.0,24.0,73.0,40.0,7.0,37.0,146.0,0.284,0.338,0.506,0.843,128.0,0.383,131.0,271.0,11.0,10.0,1.0,6.0,2.0,*8/H,"AS,MVP-9,GG"
Carlos Martínez,21.0,STL,NL,0.0,21.0,2.0,2.0,0.0,0.0,0.0,0.0,0.0,0.0,0.0,0.0,0.0,1.0,0.0,0.0,0.0,0.0,-100.0,0.0,-143.0,0.0,0.0,0.0,0.0,0.0,0.0,1,
Carlos Mármol,30.0,2TM,NL,0.0,51.0,1.0,1.0,0.0,0.0,0.0,0.0,0.0,0.0,0.0,0.0,0.0,0.0,0.0,0.0,0.0,0.0,-100.0,0.0,-150.0,0.0,0.0,0.0,0.0,0.0,0.0,1,
Carlos Mármol,30.0,CHC,NL,0.0,31.0,0.0,0.0,0.0,0.0,0.0,0.0,0.0,0.0,0.0,0.0,0.0,0.0,,,,,,,,0.0,0.0,0.0,0.0,0.0,0.0,1,
Carlos Mármol,30.0,LAD,NL,0.0,20.0,1.0,1.0,0.0,0.0,0.0,0.0,0.0,0.0,0.0,0.0,0.0,0.0,0.0,0.0,0.0,0.0,-100.0,0.0,-150.0,0.0,0.0,0.0,0.0,0.0,0.0,1,
Carlos Peguero*,26.0,SEA,AL,0.0,2.0,7.0,6.0,1.0,2.0,0.0,0.0,1.0,1.0,1.0,0.0,1.0,2.0,0.333,0.429,0.833,1.262,251.0,0.535,255.0,5.0,0.0,0.0,0.0,0.0,1.0,/9,
Carlos Peña*,35.0,2TM,AL,-0.4,89.0,328.0,280.0,38.0,58.0,13.0,1.0,8.0,25.0,1.0,3.0,43.0,92.0,0.207,0.321,0.346,0.668,86.0,0.304,88.0,97.0,5.0,4.0,1.0,0.0,5.0,3D/H,
Carlos Peña*,35.0,HOU,AL,-0.3,85.0,325.0,277.0,38.0,58.0,13.0,1.0,8.0,25.0,1.0,3.0,43.0,89.0,0.209,0.324,0.35,0.674,88.0,0.307,90.0,97.0,5.0,4.0,1.0,0.0,5.0,3D/H,
Carlos Peña*,35.0,KCR,AL,-0.1,4.0,3.0,3.0,0.0,0.0,0.0,0.0,0.0,0.0,0.0,0.0,0.0,3.0,0.0,0.0,0.0,0.0,-100.0,0.0,-142.0,0.0,0.0,0.0,0.0,0.0,0.0,/3H,
Carlos Quentin,30.0,SDP,NL,2.1,82.0,320.0,276.0,42.0,76.0,21.0,0.0,13.0,44.0,0.0,0.0,31.0,55.0,0.275,0.363,0.493,0.855,145.0,0.391,159.0,136.0,7.0,9.0,0.0,4.0,0.0,7/HD,
Carlos Ruiz,34.0,PHI,NL,1.5,92.0,341.0,310.0,30.0,83.0,16.0,0.0,5.0,37.0,1.0,0.0,18.0,39.0,0.268,0.32,0.368,0.688,91.0,0.319,94.0,114.0,11.0,7.0,4.0,2.0,3.0,2/H,
Carlos Santana#,27.0,CLE,AL,4.4,154.0,642.0,541.0,75.0,145.0,39.0,1.0,20.0,74.0,3.0,1.0,93.0,110.0,0.268,0.377,0.455,0.832,135.0,0.375,142.0,246.0,7.0,4.0,0.0,4.0,6.0,2D3/H,MVP-15
Carlos Torres,30.0,NYM,NL,-0.1,32.0,18.0,16.0,0.0,1.0,0.0,0.0,0.0,1.0,0.0,0.0,1.0,8.0,0.063,0.118,0.063,0.18,-47.0,0.094,-78.0,1.0,0.0,0.0,1.0,0.0,0.0,1,
Carlos Triunfel,23.0,SEA,AL,-0.9,17.0,47.0,44.0,1.0,6.0,1.0,0.0,0.0,2.0,0.0,0.0,0.0,11.0,0.136,0.152,0.159,0.311,-10.0,0.139,-31.0,7.0,1.0,1.0,1.0,1.0,0.0,6/4H5D,
Carlos Villanueva,29.0,CHC,NL,-0.1,43.0,34.0,32.0,2.0,5.0,0.0,0.0,0.0,1.0,0.0,0.0,0.0,15.0,0.156,0.156,0.156,0.313,-13.0,0.142,-49.0,5.0,0.0,0.0,2.0,0.0,0.0,1,
Carter Capps,22.0,SEA,AL,0.0,4.0,0.0,0.0,0.0,0.0,0.0,0.0,0.0,0.0,0.0,0.0,0.0,0.0,,,,,,,,0.0,0.0,0.0,0.0,0.0,0.0,1,
Casey Fien,29.0,MIN,AL,0.0,5.0,0.0,0.0,0.0,0.0,0.0,0.0,0.0,0.0,0.0,0.0,0.0,0.0,,,,,,,,0.0,0.0,0.0,0.0,0.0,0.0,1,
Casey Janssen,31.0,TOR,AL,0.0,6.0,0.0,0.0,0.0,0.0,0.0,0.0,0.0,0.0,0.0,0.0,0.0,0.0,,,,,,,,0.0,0.0,0.0,0.0,0.0,0.0,1,
Casey Kotchman*,30.0,MIA,NL,-0.7,6.0,21.0,20.0,0.0,0.0,0.0,0.0,0.0,1.0,0.0,0.0,1.0,1.0,0.0,0.048,0.0,0.048,-85.0,0.033,-122.0,0.0,1.0,0.0,0.0,0.0,0.0,/3,
Casper Wells,28.0,3TM,2LG,-0.8,52.0,102.0,95.0,6.0,12.0,2.0,0.0,0.0,1.0,0.0,1.0,7.0,31.0,0.126,0.186,0.147,0.334,-7.0,0.163,-19.0,14.0,1.0,0.0,0.0,0.0,0.0,H79/D81,
Casper Wells,28.0,2TM,AL,-0.6,40.0,76.0,71.0,4.0,11.0,1.0,0.0,0.0,1.0,0.0,1.0,5.0,23.0,0.155,0.211,0.169,0.38,6.0,0.172,-11.0,12.0,1.0,0.0,0.0,0.0,0.0,H7/9D81,
Casper Wells,28.0,OAK,AL,-0.2,3.0,5.0,5.0,0.0,0.0,0.0,0.0,0.0,0.0,0.0,0.0,0.0,1.0,0.0,0.0,0.0,0.0,-100.0,0.0,-136.0,0.0,0.0,0.0,0.0,0.0,0.0,/7HD,
Casper Wells,28.0,CHW,AL,-0.5,37.0,71.0,66.0,4.0,11.0,1.0,0.0,0.0,1.0,0.0,1.0,5.0,22.0,0.167,0.225,0.182,0.407,13.0,0.184,-3.0,12.0,1.0,0.0,0.0,0.0,0.0,H7/9D81,
Casper Wells,28.0,PHI,NL,-0.2,12.0,26.0,24.0,2.0,1.0,1.0,0.0,0.0,0.0,0.0,0.0,2.0,8.0,0.042,0.115,0.083,0.199,-43.0,0.137,-41.0,2.0,0.0,0.0,0.0,0.0,0.0,/H891,
CC Sabathia*,32.0,NYY,AL,0.0,2.0,4.0,4.0,0.0,0.0,0.0,0.0,0.0,1.0,0.0,0.0,0.0,2.0,0.0,0.0,0.0,0.0,-100.0,0.0,-139.0,0.0,0.0,0.0,0.0,0.0,0.0,1,
Chad Bettis,24.0,COL,NL,0.0,16.0,14.0,11.0,0.0,0.0,0.0,0.0,0.0,0.0,0.0,0.0,0.0,4.0,0.0,0.0,0.0,0.0,-100.0,0.165,-73.0,0.0,0.0,0.0,3.0,0.0,0.0,1/H,
Chad Billingsley,28.0,LAD,NL,-0.1,2.0,5.0,3.0,0.0,0.0,0.0,0.0,0.0,0.0,0.0,0.0,0.0,3.0,0.0,0.0,0.0,0.0,-100.0,0.0,-303.0,0.0,0.0,0.0,2.0,0.0,0.0,/1,
Chad Durbin,35.0,PHI,NL,0.0,15.0,0.0,0.0,0.0,0.0,0.0,0.0,0.0,0.0,0.0,0.0,0.0,0.0,,,,,,,,0.0,0.0,0.0,0.0,0.0,0.0,1,
Chad Gaudin,30.0,SFG,NL,-0.1,28.0,29.0,25.0,0.0,1.0,0.0,0.0,0.0,1.0,0.0,0.0,2.0,14.0,0.04,0.111,0.04,0.151,-54.0,0.118,-59.0,1.0,0.0,0.0,2.0,0.0,0.0,1,
Chad Jenkins,25.0,TOR,AL,0.0,1.0,2.0,2.0,0.0,0.0,0.0,0.0,0.0,0.0,0.0,0.0,0.0,2.0,0.0,0.0,0.0,0.0,-100.0,0.0,-141.0,0.0,0.0,0.0,0.0,0.0,0.0,1,
Chad Qualls,34.0,MIA,NL,0.0,63.0,0.0,0.0,0.0,0.0,0.0,0.0,0.0,0.0,0.0,0.0,0.0,0.0,,,,,,,,0.0,0.0,0.0,0.0,0.0,0.0,1,
Chad Tracy*,33.0,WSN,NL,-0.6,92.0,136.0,129.0,6.0,26.0,4.0,0.0,4.0,11.0,0.0,2.0,7.0,25.0,0.202,0.243,0.326,0.568,55.0,0.254,49.0,42.0,2.0,0.0,0.0,0.0,0.0,H53/D,
Chance Ruffin,24.0,SEA,AL,0.0,2.0,0.0,0.0,0.0,0.0,0.0,0.0,0.0,0.0,0.0,0.0,0.0,0.0,,,,,,,,0.0,0.0,0.0,0.0,0.0,0.0,/1,
Chang-Yong Lim,37.0,CHC,NL,0.0,6.0,0.0,0.0,0.0,0.0,0.0,0.0,0.0,0.0,0.0,0.0,0.0,0.0,,,,,,,,0.0,0.0,0.0,0.0,0.0,0.0,/1,
Charles Brewer,25.0,ARI,NL,0.0,4.0,0.0,0.0,0.0,0.0,0.0,0.0,0.0,0.0,0.0,0.0,0.0,0.0,,,,,,,,0.0,0.0,0.0,0.0,0.0,0.0,/1,
Charlie Blackmon*,26.0,COL,NL,0.6,82.0,258.0,246.0,35.0,76.0,17.0,2.0,6.0,22.0,7.0,0.0,7.0,49.0,0.309,0.336,0.467,0.803,106.0,0.366,110.0,115.0,1.0,3.0,2.0,0.0,0.0,987H,
Charlie Culberson,24.0,COL,NL,-0.3,47.0,104.0,99.0,12.0,29.0,5.0,0.0,2.0,12.0,5.0,1.0,4.0,23.0,0.293,0.317,0.404,0.721,86.0,0.328,80.0,40.0,5.0,0.0,0.0,1.0,1.0,7H/4,
Charlie Furbush*,27.0,SEA,AL,0.0,6.0,0.0,0.0,0.0,0.0,0.0,0.0,0.0,0.0,0.0,0.0,0.0,0.0,,,,,,,,0.0,0.0,0.0,0.0,0.0,0.0,1,
Charlie Morton,29.0,PIT,NL,-0.1,19.0,38.0,36.0,1.0,5.0,0.0,0.0,0.0,1.0,0.0,0.0,0.0,11.0,0.139,0.139,0.139,0.278,-21.0,0.126,-53.0,5.0,0.0,0.0,2.0,0.0,0.0,1,
Chase Headley#,29.0,SDP,NL,3.4,141.0,600.0,520.0,59.0,130.0,35.0,2.0,13.0,50.0,8.0,4.0,67.0,142.0,0.25,0.347,0.4,0.747,116.0,0.338,119.0,208.0,9.0,11.0,0.0,2.0,7.0,*5/H,
Chase Utley*,34.0,PHI,NL,3.6,131.0,531.0,476.0,73.0,135.0,25.0,6.0,18.0,69.0,8.0,3.0,45.0,79.0,0.284,0.348,0.475,0.823,126.0,0.368,131.0,226.0,12.0,5.0,0.0,5.0,4.0,*4/HD,
Chaz Roe,26.0,ARI,NL,0.0,20.0,1.0,1.0,0.0,0.0,0.0,0.0,0.0,0.0,0.0,0.0,0.0,1.0,0.0,0.0,0.0,0.0,-100.0,0.0,-160.0,0.0,0.0,0.0,0.0,0.0,0.0,1,
Chris Archer,24.0,TBR,AL,0.0,1.0,1.0,1.0,0.0,0.0,0.0,0.0,0.0,0.0,0.0,0.0,0.0,1.0,0.0,0.0,0.0,0.0,-100.0,0.0,-136.0,0.0,0.0,0.0,0.0,0.0,0.0,1,ROY-3
Chris Capuano*,34.0,LAD,NL,-0.1,21.0,29.0,24.0,1.0,1.0,0.0,0.0,0.0,0.0,0.0,0.0,1.0,8.0,0.042,0.08,0.042,0.122,-64.0,0.1,-92.0,1.0,0.0,0.0,4.0,0.0,0.0,1,
Chris Carter,26.0,HOU,AL,0.4,148.0,585.0,506.0,64.0,113.0,24.0,2.0,29.0,82.0,2.0,0.0,70.0,212.0,0.223,0.32,0.451,0.77,112.0,0.338,110.0,228.0,8.0,4.0,0.0,5.0,1.0,37D/H9,
Chris Coghlan*,28.0,MIA,NL,-0.2,70.0,214.0,195.0,10.0,50.0,10.0,3.0,1.0,10.0,2.0,0.0,17.0,43.0,0.256,0.318,0.354,0.672,85.0,0.31,84.0,69.0,2.0,1.0,0.0,1.0,1.0,H78/594D,
Chris Colabello,29.0,MIN,AL,0.0,55.0,181.0,160.0,14.0,31.0,3.0,0.0,7.0,17.0,0.0,1.0,20.0,58.0,0.194,0.287,0.344,0.631,74.0,0.293,77.0,55.0,5.0,1.0,0.0,0.0,0.0,3D9/H,
Chris Davis*,27.0,BAL,AL,7.1,160.0,673.0,584.0,103.0,167.0,42.0,1.0,53.0,138.0,4.0,1.0,72.0,199.0,0.286,0.37,0.634,1.004,168.0,0.425,172.0,370.0,4.0,10.0,0.0,7.0,12.0,*3/D,"AS,MVP-3,SS"
Chris Denorfia,32.0,SDP,NL,4.2,144.0,520.0,473.0,67.0,132.0,21.0,2.0,10.0,47.0,11.0,0.0,42.0,84.0,0.279,0.337,0.395,0.732,111.0,0.343,118.0,187.0,13.0,1.0,0.0,4.0,2.0,*978H/D,
Chris Dickerson*,31.0,BAL,AL,0.3,56.0,109.0,105.0,17.0,25.0,5.0,0.0,4.0,13.0,5.0,1.0,4.0,36.0,0.238,0.266,0.4,0.666,79.0,0.303,76.0,42.0,0.0,0.0,0.0,0.0,0.0,DH7/98,
Chris Getz*,29.0,KCR,AL,-0.2,78.0,237.0,209.0,29.0,46.0,6.0,1.0,1.0,18.0,16.0,3.0,20.0,24.0,0.22,0.288,0.273,0.561,55.0,0.264,42.0,57.0,9.0,0.0,8.0,0.0,3.0,4H/D,
Chris Gimenez,30.0,TBR,AL,0.0,4.0,4.0,3.0,0.0,1.0,1.0,0.0,0.0,0.0,0.0,0.0,1.0,1.0,0.333,0.5,0.667,1.167,224.0,0.488,223.0,2.0,1.0,0.0,0.0,0.0,0.0,/H235,
Chris Hatcher#,28.0,MIA,NL,0.0,7.0,0.0,0.0,0.0,0.0,0.0,0.0,0.0,0.0,0.0,0.0,0.0,0.0,,,,,,,,0.0,0.0,0.0,0.0,0.0,0.0,/1,
Chris Heisey,28.0,CIN,NL,0.7,87.0,244.0,224.0,29.0,53.0,11.0,1.0,9.0,23.0,3.0,0.0,9.0,51.0,0.237,0.279,0.415,0.694,89.0,0.309,84.0,93.0,4.0,5.0,4.0,2.0,0.0,7H/9D8,
Chris Herrmann*,25.0,MIN,AL,-0.3,57.0,178.0,157.0,16.0,32.0,7.0,0.0,4.0,18.0,0.0,1.0,18.0,49.0,0.204,0.286,0.325,0.611,68.0,0.273,62.0,51.0,3.0,0.0,3.0,0.0,0.0,29H/7D,
Chris Iannetta,30.0,LAA,AL,1.7,115.0,399.0,325.0,40.0,73.0,15.0,0.0,11.0,39.0,0.0,1.0,68.0,100.0,0.225,0.358,0.372,0.731,109.0,0.335,115.0,121.0,8.0,2.0,0.0,4.0,2.0,*2/H,
Chris Johnson,28.0,ATL,NL,2.5,142.0,547.0,514.0,54.0,165.0,34.0,0.0,12.0,68.0,0.0,0.0,29.0,116.0,0.321,0.358,0.457,0.816,124.0,0.362,126.0,235.0,20.0,2.0,0.0,2.0,5.0,*53/H,
Chris Leroux*,29.0,PIT,NL,0.0,2.0,1.0,1.0,0.0,0.0,0.0,0.0,0.0,0.0,0.0,0.0,0.0,0.0,0.0,0.0,0.0,0.0,-100.0,0.0,-150.0,0.0,0.0,0.0,0.0,0.0,0.0,/1,
Chris Marrero,24.0,WSN,NL,-0.3,8.0,16.0,16.0,0.0,2.0,0.0,0.0,0.0,1.0,0.0,0.0,0.0,4.0,0.125,0.125,0.125,0.25,-31.0,0.113,-63.0,2.0,0.0,0.0,0.0,0.0,0.0,/H3D,
Chris McGuiness*,25.0,TEX,AL,-0.3,10.0,34.0,34.0,0.0,6.0,1.0,0.0,0.0,1.0,0.0,0.0,0.0,13.0,0.176,0.176,0.206,0.382,4.0,0.17,-17.0,7.0,1.0,0.0,0.0,0.0,0.0,3,
Chris Narveson*,31.0,MIL,NL,0.0,2.0,0.0,0.0,0.0,0.0,0.0,0.0,0.0,0.0,0.0,0.0,0.0,0.0,,,,,,,,0.0,0.0,0.0,0.0,0.0,0.0,/1,
Chris Nelson,27.0,3TM,2LG,-0.8,64.0,227.0,211.0,19.0,48.0,4.0,4.0,3.0,24.0,2.0,1.0,13.0,66.0,0.227,0.273,0.327,0.6,64.0,0.271,58.0,69.0,8.0,1.0,0.0,2.0,0.0,5/H4D,
Chris Nelson,27.0,2TM,AL,-0.4,43.0,156.0,145.0,13.0,32.0,3.0,2.0,3.0,20.0,2.0,1.0,9.0,47.0,0.221,0.269,0.331,0.6,69.0,0.272,66.0,48.0,7.0,1.0,0.0,1.0,0.0,5/H4D,
Chris Nelson,27.0,COL,NL,-0.3,21.0,71.0,66.0,6.0,16.0,1.0,2.0,0.0,4.0,0.0,0.0,4.0,19.0,0.242,0.282,0.318,0.6,56.0,0.269,42.0,21.0,1.0,0.0,0.0,1.0,0.0,5/H,
Chris Nelson,27.0,NYY,AL,-0.2,10.0,37.0,36.0,3.0,8.0,2.0,0.0,0.0,2.0,0.0,0.0,1.0,11.0,0.222,0.243,0.278,0.521,44.0,0.231,31.0,10.0,3.0,0.0,0.0,0.0,0.0,5,
Chris Nelson,27.0,LAA,AL,-0.3,33.0,119.0,109.0,10.0,24.0,1.0,2.0,3.0,18.0,2.0,1.0,8.0,36.0,0.22,0.277,0.349,0.626,77.0,0.285,77.0,38.0,4.0,1.0,0.0,1.0,0.0,5/H4D,
Chris Owings,21.0,ARI,NL,0.2,20.0,61.0,55.0,5.0,16.0,5.0,0.0,0.0,5.0,2.0,0.0,6.0,10.0,0.291,0.361,0.382,0.742,105.0,0.335,99.0,21.0,0.0,0.0,0.0,0.0,1.0,6/H4,
Chris Parmelee*,25.0,MIN,AL,0.2,101.0,333.0,294.0,21.0,67.0,13.0,0.0,8.0,24.0,1.0,1.0,33.0,81.0,0.228,0.309,0.354,0.663,83.0,0.296,78.0,104.0,6.0,3.0,0.0,3.0,0.0,93H/8,
Chris Pérez,27.0,CLE,AL,0.0,4.0,0.0,0.0,0.0,0.0,0.0,0.0,0.0,0.0,0.0,0.0,0.0,0.0,,,,,,,,0.0,0.0,0.0,0.0,0.0,0.0,1,
Chris Resop,30.0,OAK,AL,0.0,1.0,0.0,0.0,0.0,0.0,0.0,0.0,0.0,0.0,0.0,0.0,0.0,0.0,,,,,,,,0.0,0.0,0.0,0.0,0.0,0.0,1,
Chris Robinson,29.0,SDP,NL,0.0,8.0,12.0,12.0,1.0,2.0,0.0,0.0,1.0,3.0,0.0,0.0,0.0,3.0,0.167,0.167,0.417,0.583,62.0,0.252,54.0,5.0,0.0,0.0,0.0,0.0,0.0,/H2,
Chris Rusin*,26.0,CHC,NL,-0.1,12.0,21.0,19.0,1.0,2.0,0.0,0.0,0.0,2.0,0.0,0.0,0.0,3.0,0.105,0.105,0.105,0.211,-42.0,0.09,-98.0,2.0,0.0,0.0,2.0,0.0,0.0,1,
Chris Snyder,32.0,BAL,AL,0.0,9.0,24.0,20.0,0.0,2.0,0.0,0.0,0.0,1.0,0.0,0.0,4.0,7.0,0.1,0.25,0.1,0.35,1.0,0.191,-2.0,2.0,0.0,0.0,0.0,0.0,0.0,/2H,
Chris Stewart,31.0,NYY,AL,-0.1,109.0,340.0,294.0,28.0,62.0,6.0,0.0,4.0,25.0,4.0,0.0,30.0,49.0,0.211,0.293,0.272,0.566,59.0,0.269,56.0,80.0,8.0,6.0,6.0,4.0,0.0,2/3H,
Chris Tillman,25.0,BAL,AL,-0.1,3.0,7.0,5.0,0.0,0.0,0.0,0.0,0.0,0.0,0.0,0.0,0.0,1.0,0.0,0.0,0.0,0.0,-100.0,0.0,-238.0,0.0,0.0,0.0,2.0,0.0,0.0,1,AS
Chris Valaika,27.0,MIA,NL,-0.6,22.0,70.0,64.0,4.0,14.0,5.0,0.0,1.0,9.0,0.0,0.0,3.0,16.0,0.219,0.261,0.344,0.605,65.0,0.269,54.0,22.0,2.0,1.0,1.0,1.0,0.0,/465H3,
Chris Volstad,26.0,COL,NL,0.0,6.0,0.0,0.0,0.0,0.0,0.0,0.0,0.0,0.0,0.0,0.0,0.0,0.0,,,,,,,,0.0,0.0,0.0,0.0,0.0,0.0,/1,
Chris Withrow,24.0,LAD,NL,0.0,23.0,2.0,1.0,0.0,0.0,0.0,0.0,0.0,0.0,0.0,0.0,0.0,1.0,0.0,0.0,0.0,0.0,-100.0,0.0,-400.0,0.0,0.0,0.0,1.0,0.0,0.0,1,
Chris Young,29.0,OAK,AL,-0.4,107.0,375.0,335.0,46.0,67.0,18.0,3.0,12.0,40.0,10.0,3.0,36.0,93.0,0.2,0.28,0.379,0.659,82.0,0.294,77.0,127.0,7.0,2.0,0.0,2.0,3.0,897H/D,
Christian Bethancourt,21.0,ATL,NL,0.0,1.0,1.0,1.0,0.0,0.0,0.0,0.0,0.0,0.0,0.0,0.0,0.0,1.0,0.0,0.0,0.0,0.0,-100.0,0.0,-160.0,0.0,0.0,0.0,0.0,0.0,0.0,/H,
Christian Yelich*,21.0,MIA,NL,1.6,62.0,273.0,240.0,34.0,69.0,12.0,1.0,4.0,16.0,10.0,0.0,31.0,66.0,0.288,0.37,0.396,0.766,112.0,0.369,124.0,95.0,4.0,1.0,0.0,1.0,1.0,7/8H,
Clayton Kershaw*,25.0,LAD,NL,0.5,35.0,92.0,77.0,8.0,14.0,3.0,0.0,1.0,10.0,0.0,0.0,5.0,24.0,0.182,0.241,0.26,0.501,42.0,0.229,24.0,20.0,3.0,1.0,9.0,0.0,0.0,1/H,"AS,CYA-1,MVP-7"
Clayton Mortensen,28.0,BOS,AL,0.0,2.0,1.0,1.0,0.0,0.0,0.0,0.0,0.0,0.0,0.0,0.0,0.0,1.0,0.0,0.0,0.0,0.0,-100.0,0.0,-145.0,0.0,0.0,0.0,0.0,0.0,0.0,1,
Clayton Richard*,29.0,SDP,NL,0.1,13.0,15.0,14.0,1.0,3.0,0.0,0.0,0.0,1.0,0.0,0.0,0.0,5.0,0.214,0.214,0.214,0.429,25.0,0.259,57.0,3.0,0.0,0.0,1.0,0.0,0.0,1/H,
Clete Thomas*,29.0,MIN,AL,0.2,92.0,322.0,290.0,39.0,62.0,15.0,0.0,4.0,13.0,1.0,3.0,30.0,92.0,0.214,0.29,0.307,0.597,65.0,0.275,65.0,89.0,4.0,1.0,1.0,0.0,1.0,879/HD,
Cliff Lee*,34.0,PHI,NL,0.2,31.0,72.0,60.0,5.0,11.0,1.0,1.0,0.0,6.0,0.0,2.0,2.0,25.0,0.183,0.21,0.233,0.443,23.0,0.198,2.0,14.0,0.0,0.0,10.0,0.0,0.0,1/H,"AS,CYA-6"
Cliff Pennington#,29.0,ARI,NL,1.7,96.0,299.0,269.0,25.0,65.0,13.0,1.0,1.0,18.0,2.0,0.0,26.0,54.0,0.242,0.31,0.309,0.618,72.0,0.29,69.0,83.0,7.0,1.0,2.0,1.0,5.0,64H/5,
Clint Barmes,34.0,PIT,NL,0.2,108.0,330.0,304.0,22.0,64.0,15.0,0.0,5.0,23.0,0.0,0.0,14.0,70.0,0.211,0.249,0.309,0.558,58.0,0.258,52.0,94.0,5.0,2.0,9.0,1.0,3.0,6/H,
Coco Crisp#,33.0,OAK,AL,3.8,131.0,584.0,513.0,93.0,134.0,22.0,3.0,22.0,66.0,21.0,5.0,61.0,65.0,0.261,0.335,0.444,0.779,116.0,0.349,117.0,228.0,7.0,0.0,2.0,8.0,3.0,*8D/H,MVP-15
Cody Allen,24.0,CLE,AL,0.0,8.0,0.0,0.0,0.0,0.0,0.0,0.0,0.0,0.0,0.0,0.0,0.0,0.0,,,,,,,,0.0,0.0,0.0,0.0,0.0,0.0,1,ROY-6
Cody Asche*,23.0,PHI,NL,0.2,50.0,179.0,162.0,18.0,38.0,8.0,1.0,5.0,22.0,1.0,0.0,15.0,43.0,0.235,0.302,0.389,0.691,91.0,0.31,87.0,63.0,1.0,1.0,0.0,1.0,3.0,5/H,
Cody Clark,31.0,HOU,AL,-0.3,16.0,40.0,38.0,1.0,4.0,1.0,0.0,0.0,0.0,0.0,0.0,1.0,15.0,0.105,0.128,0.132,0.26,-27.0,0.12,-54.0,5.0,0.0,0.0,1.0,0.0,0.0,2/H,
Cody Ransom,37.0,2TM,NL,0.8,62.0,193.0,169.0,21.0,32.0,10.0,1.0,9.0,20.0,0.0,0.0,22.0,62.0,0.189,0.286,0.42,0.707,93.0,0.327,100.0,71.0,4.0,1.0,1.0,0.0,0.0,5H/36,
Cody Ransom,37.0,SDP,NL,-0.3,5.0,11.0,11.0,0.0,0.0,0.0,0.0,0.0,0.0,0.0,0.0,0.0,5.0,0.0,0.0,0.0,0.0,-100.0,0.0,-135.0,0.0,0.0,0.0,0.0,0.0,0.0,/5H,
Cody Ransom,37.0,CHC,NL,1.1,57.0,182.0,158.0,21.0,32.0,10.0,1.0,9.0,20.0,0.0,0.0,22.0,57.0,0.203,0.304,0.449,0.753,105.0,0.347,114.0,71.0,4.0,1.0,1.0,0.0,0.0,5H/36,
Cody Ross,32.0,ARI,NL,2.3,94.0,351.0,317.0,33.0,88.0,17.0,1.0,8.0,38.0,3.0,2.0,25.0,50.0,0.278,0.331,0.413,0.745,104.0,0.328,100.0,131.0,10.0,3.0,1.0,5.0,1.0,79H,
Colby Rasmus*,26.0,TOR,AL,5.0,118.0,458.0,417.0,57.0,115.0,26.0,1.0,22.0,66.0,0.0,1.0,37.0,135.0,0.276,0.338,0.501,0.84,127.0,0.363,127.0,209.0,4.0,3.0,0.0,1.0,0.0,*8/HD,
Cole Gillespie,29.0,2TM,NL,0.0,28.0,69.0,59.0,6.0,12.0,2.0,0.0,0.0,4.0,0.0,0.0,7.0,13.0,0.203,0.294,0.237,0.531,50.0,0.26,46.0,14.0,2.0,1.0,1.0,1.0,1.0,9H/78,
Cole Gillespie,29.0,SFG,NL,-0.3,3.0,10.0,9.0,0.0,0.0,0.0,0.0,0.0,0.0,0.0,0.0,1.0,0.0,0.0,0.1,0.0,0.1,-68.0,0.0,-165.0,0.0,0.0,0.0,0.0,0.0,1.0,/7,
Cole Gillespie,29.0,CHC,NL,0.3,25.0,59.0,50.0,6.0,12.0,2.0,0.0,0.0,4.0,0.0,0.0,6.0,13.0,0.24,0.328,0.28,0.608,70.0,0.3,78.0,14.0,2.0,1.0,1.0,1.0,0.0,9H/78,
Cole Hamels*,29.0,PHI,NL,0.1,31.0,71.0,56.0,4.0,10.0,1.0,1.0,0.0,5.0,0.0,1.0,1.0,24.0,0.179,0.207,0.232,0.439,22.0,0.191,-16.0,13.0,0.0,1.0,13.0,0.0,0.0,1,
Collin Cowgill,27.0,2TM,2LG,0.3,73.0,162.0,152.0,18.0,32.0,5.0,2.0,4.0,16.0,1.0,0.0,7.0,42.0,0.211,0.245,0.349,0.594,67.0,0.289,78.0,53.0,1.0,0.0,3.0,0.0,0.0,789H/D,
Collin Cowgill,27.0,NYM,NL,-0.5,23.0,63.0,61.0,7.0,11.0,2.0,0.0,2.0,8.0,0.0,0.0,2.0,15.0,0.18,0.206,0.311,0.518,45.0,0.253,51.0,19.0,0.0,0.0,0.0,0.0,0.0,8/7H,
Collin Cowgill,27.0,LAA,AL,0.7,50.0,99.0,91.0,11.0,21.0,3.0,2.0,2.0,8.0,1.0,0.0,5.0,27.0,0.231,0.271,0.374,0.644,81.0,0.312,95.0,34.0,1.0,0.0,3.0,0.0,0.0,79/8HD,
Collin McHugh,26.0,2TM,NL,0.0,7.0,6.0,6.0,0.0,1.0,0.0,0.0,0.0,0.0,0.0,0.0,0.0,2.0,0.167,0.167,0.167,0.333,-10.0,0.151,-39.0,1.0,0.0,0.0,0.0,0.0,0.0,/1,
Collin McHugh,26.0,NYM,NL,0.0,3.0,2.0,2.0,0.0,0.0,0.0,0.0,0.0,0.0,0.0,0.0,0.0,1.0,0.0,0.0,0.0,0.0,-100.0,0.0,-133.0,0.0,0.0,0.0,0.0,0.0,0.0,/1,
Collin McHugh,26.0,COL,NL,0.0,4.0,4.0,4.0,0.0,1.0,0.0,0.0,0.0,0.0,0.0,0.0,0.0,1.0,0.25,0.25,0.25,0.5,31.0,0.227,10.0,1.0,0.0,0.0,0.0,0.0,0.0,/1,
Colt Hynes*,28.0,SDP,NL,0.0,22.0,0.0,0.0,0.0,0.0,0.0,0.0,0.0,0.0,0.0,0.0,0.0,0.0,,,,,,,,0.0,0.0,0.0,0.0,0.0,0.0,1,
Conor Gillaspie*,25.0,CHW,AL,1.2,134.0,452.0,408.0,46.0,100.0,14.0,3.0,13.0,40.0,0.0,1.0,37.0,79.0,0.245,0.305,0.39,0.695,88.0,0.305,82.0,159.0,7.0,1.0,0.0,6.0,4.0,*5H3/D,
Corban Joseph*,24.0,NYY,AL,0.0,2.0,7.0,6.0,1.0,1.0,1.0,0.0,0.0,0.0,0.0,0.0,1.0,1.0,0.167,0.286,0.333,0.619,71.0,0.279,66.0,2.0,0.0,0.0,0.0,0.0,0.0,/34,
Cord Phelps#,26.0,CLE,AL,-0.3,4.0,9.0,9.0,0.0,0.0,0.0,0.0,0.0,0.0,0.0,0.0,0.0,2.0,0.0,0.0,0.0,0.0,-100.0,0.0,-133.0,0.0,0.0,0.0,0.0,0.0,0.0,/4H,
Corey Brown*,27.0,WSN,NL,0.1,14.0,15.0,12.0,2.0,2.0,1.0,0.0,1.0,1.0,1.0,0.0,3.0,4.0,0.167,0.333,0.5,0.833,125.0,0.382,126.0,6.0,1.0,0.0,0.0,0.0,0.0,/H798,
Corey Dickerson*,24.0,COL,NL,0.8,69.0,213.0,194.0,32.0,51.0,13.0,5.0,5.0,17.0,2.0,2.0,16.0,41.0,0.263,0.316,0.459,0.775,98.0,0.347,102.0,89.0,1.0,0.0,1.0,2.0,0.0,7H8/9D,
Corey Kluber,27.0,CLE,AL,0.0,1.0,3.0,2.0,1.0,0.0,0.0,0.0,0.0,0.0,0.0,0.0,1.0,1.0,0.0,0.333,0.0,0.333,6.0,0.232,36.0,0.0,0.0,0.0,0.0,0.0,0.0,1,
Corky Miller,37.0,CIN,NL,0.4,17.0,41.0,35.0,2.0,9.0,5.0,0.0,0.0,8.0,0.0,0.0,5.0,6.0,0.257,0.366,0.4,0.766,112.0,0.343,112.0,14.0,1.0,1.0,0.0,0.0,0.0,2/H,
Cory Gearrin,27.0,ATL,NL,0.0,33.0,0.0,0.0,0.0,0.0,0.0,0.0,0.0,0.0,0.0,0.0,0.0,0.0,,,,,,,,0.0,0.0,0.0,0.0,0.0,0.0,1,
Cory Rasmus,25.0,2TM,2LG,0.0,4.0,0.0,0.0,0.0,0.0,0.0,0.0,0.0,0.0,0.0,0.0,0.0,0.0,,,,,,,,0.0,0.0,0.0,0.0,0.0,0.0,1,
Cory Rasmus,25.0,ATL,NL,0.0,2.0,0.0,0.0,0.0,0.0,0.0,0.0,0.0,0.0,0.0,0.0,0.0,0.0,,,,,,,,0.0,0.0,0.0,0.0,0.0,0.0,/1,
Cory Rasmus,25.0,LAA,AL,0.0,2.0,0.0,0.0,0.0,0.0,0.0,0.0,0.0,0.0,0.0,0.0,0.0,0.0,,,,,,,,0.0,0.0,0.0,0.0,0.0,0.0,1,
Craig Breslow*,32.0,BOS,AL,0.0,4.0,0.0,0.0,0.0,0.0,0.0,0.0,0.0,0.0,0.0,0.0,0.0,0.0,,,,,,,,0.0,0.0,0.0,0.0,0.0,0.0,1,
Craig Gentry,29.0,TEX,AL,3.5,106.0,287.0,246.0,39.0,69.0,12.0,4.0,2.0,22.0,24.0,3.0,29.0,46.0,0.28,0.373,0.386,0.759,109.0,0.37,119.0,95.0,5.0,8.0,3.0,1.0,2.0,87H/D,
Craig Kimbrel,25.0,ATL,NL,0.0,65.0,0.0,0.0,0.0,0.0,0.0,0.0,0.0,0.0,0.0,0.0,0.0,0.0,,,,,,,,0.0,0.0,0.0,0.0,0.0,0.0,1,"AS,CYA-4,MVP-11"
Craig Stammen,29.0,WSN,NL,-0.1,51.0,6.0,5.0,0.0,0.0,0.0,0.0,0.0,0.0,0.0,0.0,1.0,2.0,0.0,0.167,0.0,0.167,-49.0,0.115,-61.0,0.0,1.0,0.0,0.0,0.0,0.0,1,
Cristhian Martínez,31.0,ATL,NL,0.0,2.0,0.0,0.0,0.0,0.0,0.0,0.0,0.0,0.0,0.0,0.0,0.0,0.0,,,,,,,,0.0,0.0,0.0,0.0,0.0,0.0,/1,
Curtis Granderson*,32.0,NYY,AL,1.1,61.0,245.0,214.0,31.0,49.0,13.0,2.0,7.0,15.0,8.0,2.0,27.0,69.0,0.229,0.317,0.407,0.723,99.0,0.325,97.0,87.0,1.0,1.0,2.0,1.0,1.0,8D97/H,
Curtis Partch,26.0,CIN,NL,0.0,13.0,1.0,1.0,0.0,0.0,0.0,0.0,0.0,0.0,0.0,0.0,0.0,0.0,0.0,0.0,0.0,0.0,-100.0,0.0,-160.0,0.0,0.0,0.0,0.0,0.0,0.0,1,
César Hernández#,23.0,PHI,NL,-0.4,34.0,131.0,121.0,17.0,35.0,5.0,0.0,0.0,10.0,0.0,3.0,9.0,26.0,0.289,0.344,0.331,0.674,89.0,0.299,88.0,40.0,2.0,1.0,0.0,0.0,0.0,84/H,
César Izturis#,33.0,CIN,NL,0.2,63.0,142.0,129.0,6.0,27.0,8.0,0.0,0.0,11.0,0.0,0.0,9.0,13.0,0.209,0.259,0.271,0.53,47.0,0.248,38.0,35.0,5.0,0.0,3.0,1.0,2.0,6H4/5,
César Jiménez*,28.0,PHI,NL,0.0,19.0,0.0,0.0,0.0,0.0,0.0,0.0,0.0,0.0,0.0,0.0,0.0,0.0,,,,,,,,0.0,0.0,0.0,0.0,0.0,0.0,1,
César Ramos*,29.0,TBR,AL,0.0,6.0,0.0,0.0,0.0,0.0,0.0,0.0,0.0,0.0,0.0,0.0,0.0,0.0,,,,,,,,0.0,0.0,0.0,0.0,0.0,0.0,1,
Daisuke Matsuzaka,32.0,NYM,NL,0.0,6.0,13.0,12.0,0.0,3.0,0.0,0.0,0.0,1.0,0.0,0.0,0.0,5.0,0.25,0.25,0.25,0.5,44.0,0.218,19.0,3.0,0.0,0.0,1.0,0.0,0.0,/1,
Dale Thayer,32.0,SDP,NL,0.0,64.0,1.0,1.0,0.0,0.0,0.0,0.0,0.0,0.0,0.0,0.0,0.0,0.0,0.0,0.0,0.0,0.0,-100.0,0.0,-140.0,0.0,0.0,0.0,0.0,0.0,0.0,1,
Dallas Keuchel*,25.0,HOU,AL,0.0,3.0,2.0,2.0,0.0,0.0,0.0,0.0,0.0,0.0,0.0,0.0,0.0,2.0,0.0,0.0,0.0,0.0,-100.0,0.0,-136.0,0.0,0.0,0.0,0.0,0.0,0.0,1/HD,
Dan Haren,32.0,WSN,NL,0.2,29.0,55.0,47.0,2.0,8.0,3.0,0.0,0.0,2.0,0.0,0.0,1.0,17.0,0.17,0.204,0.234,0.438,20.0,0.199,-10.0,11.0,0.0,1.0,6.0,0.0,0.0,1,
Dan Jennings*,26.0,MIA,NL,0.0,43.0,0.0,0.0,0.0,0.0,0.0,0.0,0.0,0.0,0.0,0.0,0.0,0.0,,,,,,,,0.0,0.0,0.0,0.0,0.0,0.0,1,
Dan Johnson*,33.0,BAL,AL,-0.2,3.0,5.0,5.0,0.0,0.0,0.0,0.0,0.0,0.0,0.0,0.0,0.0,1.0,0.0,0.0,0.0,0.0,-100.0,0.0,-142.0,0.0,0.0,0.0,0.0,0.0,0.0,/D3H,
Dan Otero,28.0,OAK,AL,0.0,2.0,0.0,0.0,0.0,0.0,0.0,0.0,0.0,0.0,0.0,0.0,0.0,0.0,,,,,,,,0.0,0.0,0.0,0.0,0.0,0.0,1,
Dan Straily,24.0,OAK,AL,0.0,2.0,3.0,2.0,0.0,0.0,0.0,0.0,0.0,0.0,0.0,0.0,1.0,2.0,0.0,0.333,0.0,0.333,5.0,0.232,33.0,0.0,0.0,0.0,0.0,0.0,0.0,1,ROY-4
Dan Uggla,33.0,ATL,NL,-0.3,136.0,537.0,448.0,60.0,80.0,10.0,3.0,22.0,55.0,2.0,0.0,77.0,171.0,0.179,0.309,0.362,0.671,85.0,0.31,86.0,162.0,7.0,9.0,0.0,3.0,2.0,*4/HD,
Dane De La Rosa,30.0,LAA,AL,0.0,5.0,0.0,0.0,0.0,0.0,0.0,0.0,0.0,0.0,0.0,0.0,0.0,0.0,,,,,,,,0.0,0.0,0.0,0.0,0.0,0.0,1,
Daniel Descalso*,26.0,STL,NL,0.3,123.0,358.0,328.0,43.0,78.0,25.0,1.0,5.0,43.0,6.0,3.0,22.0,56.0,0.238,0.29,0.366,0.656,80.0,0.299,78.0,120.0,7.0,3.0,3.0,2.0,5.0,645H,
Daniel Murphy*,28.0,NYM,NL,2.5,161.0,697.0,658.0,92.0,188.0,38.0,4.0,13.0,78.0,23.0,3.0,32.0,95.0,0.286,0.319,0.415,0.733,108.0,0.333,107.0,273.0,13.0,2.0,0.0,5.0,2.0,*4/3H,
Daniel Nava#,30.0,BOS,AL,2.9,134.0,536.0,458.0,77.0,139.0,29.0,0.0,12.0,66.0,0.0,2.0,51.0,93.0,0.303,0.385,0.445,0.831,127.0,0.374,135.0,204.0,10.0,15.0,4.0,8.0,2.0,*973/HD8,
Danny Espinosa#,26.0,WSN,NL,-0.5,44.0,167.0,158.0,11.0,25.0,9.0,0.0,3.0,12.0,1.0,0.0,4.0,47.0,0.158,0.193,0.272,0.465,26.0,0.219,15.0,43.0,1.0,3.0,1.0,1.0,0.0,4/6,
Danny Farquhar,26.0,SEA,AL,0.0,2.0,0.0,0.0,0.0,0.0,0.0,0.0,0.0,0.0,0.0,0.0,0.0,0.0,,,,,,,,0.0,0.0,0.0,0.0,0.0,0.0,1,
Danny Salazar,23.0,CLE,AL,0.0,1.0,2.0,2.0,0.0,0.0,0.0,0.0,0.0,0.0,0.0,0.0,0.0,2.0,0.0,0.0,0.0,0.0,-100.0,0.0,-132.0,0.0,0.0,0.0,0.0,0.0,0.0,1,
Danny Valencia,28.0,BAL,AL,0.7,52.0,170.0,161.0,20.0,49.0,14.0,1.0,8.0,23.0,0.0,2.0,8.0,33.0,0.304,0.335,0.553,0.888,138.0,0.378,140.0,89.0,5.0,0.0,0.0,1.0,0.0,DH/5,
Danny Worth,27.0,DET,AL,-0.1,3.0,2.0,2.0,0.0,0.0,0.0,0.0,0.0,0.0,0.0,0.0,0.0,1.0,0.0,0.0,0.0,0.0,-100.0,0.0,-141.0,0.0,1.0,0.0,0.0,0.0,0.0,/5DH,
Daric Barton*,27.0,OAK,AL,0.5,37.0,120.0,104.0,15.0,28.0,2.0,0.0,3.0,16.0,0.0,0.0,13.0,18.0,0.269,0.35,0.375,0.725,103.0,0.334,108.0,39.0,1.0,1.0,0.0,2.0,0.0,3/H,
Darin Downs,28.0,DET,AL,0.0,2.0,0.0,0.0,0.0,0.0,0.0,0.0,0.0,0.0,0.0,0.0,0.0,0.0,,,,,,,,0.0,0.0,0.0,0.0,0.0,0.0,1,
Darin Mastroianni,27.0,MIN,AL,-0.9,30.0,73.0,65.0,5.0,12.0,2.0,0.0,0.0,5.0,2.0,1.0,3.0,23.0,0.185,0.229,0.215,0.444,24.0,0.217,16.0,14.0,2.0,1.0,3.0,1.0,0.0,7/9H84,
Darin Ruf,26.0,PHI,NL,0.0,73.0,293.0,251.0,36.0,62.0,11.0,0.0,14.0,30.0,0.0,0.0,33.0,91.0,0.247,0.348,0.458,0.806,122.0,0.359,125.0,115.0,4.0,7.0,0.0,2.0,1.0,397/H,
Darnell McDonald,34.0,CHC,NL,0.1,25.0,57.0,53.0,4.0,16.0,4.0,0.0,1.0,5.0,0.0,0.0,4.0,8.0,0.302,0.351,0.434,0.785,115.0,0.345,112.0,23.0,4.0,0.0,0.0,0.0,0.0,H/97,
Darren O'Day,30.0,BAL,AL,0.0,8.0,1.0,1.0,0.0,0.0,0.0,0.0,0.0,0.0,0.0,0.0,0.0,1.0,0.0,0.0,0.0,0.0,-100.0,0.0,-145.0,0.0,0.0,0.0,0.0,0.0,0.0,1,
Darren Oliver,42.0,TOR,AL,0.0,1.0,0.0,0.0,0.0,0.0,0.0,0.0,0.0,0.0,0.0,0.0,0.0,0.0,,,,,,,,0.0,0.0,0.0,0.0,0.0,0.0,1,
Darwin Barney,27.0,CHC,NL,-1.1,141.0,555.0,501.0,49.0,104.0,25.0,1.0,7.0,41.0,4.0,2.0,36.0,64.0,0.208,0.266,0.303,0.569,57.0,0.256,44.0,152.0,22.0,6.0,4.0,6.0,5.0,*4/H,
Dave Sappelt,26.0,CHC,NL,-0.3,31.0,78.0,75.0,6.0,18.0,3.0,0.0,0.0,4.0,3.0,1.0,3.0,14.0,0.24,0.269,0.28,0.549,52.0,0.25,38.0,21.0,1.0,0.0,0.0,0.0,0.0,H8/97,
David Aardsma,31.0,NYM,NL,0.0,41.0,0.0,0.0,0.0,0.0,0.0,0.0,0.0,0.0,0.0,0.0,0.0,0.0,,,,,,,,0.0,0.0,0.0,0.0,0.0,0.0,1,
David Adams,26.0,NYY,AL,-0.4,43.0,152.0,140.0,10.0,27.0,5.0,1.0,2.0,13.0,0.0,0.0,9.0,43.0,0.193,0.252,0.286,0.537,49.0,0.248,43.0,40.0,4.0,2.0,1.0,0.0,0.0,5/43H,
David Carpenter,27.0,ATL,NL,-0.1,55.0,4.0,3.0,0.0,0.0,0.0,0.0,0.0,0.0,0.0,0.0,0.0,1.0,0.0,0.0,0.0,0.0,-100.0,0.0,-229.0,0.0,0.0,0.0,1.0,0.0,0.0,1,
David DeJesus*,33.0,3TM,2LG,1.9,122.0,439.0,391.0,52.0,98.0,29.0,3.0,8.0,38.0,5.0,3.0,39.0,79.0,0.251,0.327,0.402,0.729,101.0,0.337,108.0,157.0,6.0,6.0,2.0,1.0,0.0,*87H/9,
David DeJesus*,33.0,2TM,NL,1.7,87.0,322.0,287.0,39.0,71.0,19.0,3.0,6.0,27.0,3.0,0.0,29.0,56.0,0.247,0.327,0.397,0.724,99.0,0.341,107.0,114.0,3.0,5.0,1.0,0.0,0.0,8H/79,
David DeJesus*,33.0,CHC,NL,1.8,84.0,318.0,284.0,39.0,71.0,19.0,3.0,6.0,27.0,3.0,0.0,29.0,55.0,0.25,0.33,0.401,0.732,101.0,0.344,110.0,114.0,3.0,5.0,0.0,0.0,0.0,8H/7,
David DeJesus*,33.0,WSN,NL,-0.1,3.0,4.0,3.0,0.0,0.0,0.0,0.0,0.0,0.0,0.0,0.0,0.0,1.0,0.0,0.0,0.0,0.0,-100.0,0.0,-232.0,0.0,0.0,0.0,1.0,0.0,0.0,/9H8,
David DeJesus*,33.0,TBR,AL,0.2,35.0,117.0,104.0,13.0,27.0,10.0,0.0,2.0,11.0,2.0,3.0,10.0,23.0,0.26,0.328,0.413,0.741,107.0,0.325,110.0,43.0,3.0,1.0,1.0,1.0,0.0,7/H89,
David Freese,30.0,STL,NL,0.4,138.0,521.0,462.0,53.0,121.0,26.0,1.0,9.0,60.0,1.0,2.0,47.0,106.0,0.262,0.34,0.381,0.721,99.0,0.325,99.0,176.0,25.0,9.0,0.0,3.0,1.0,*5/HD,
David Hale,25.0,ATL,NL,-0.1,2.0,4.0,4.0,0.0,0.0,0.0,0.0,0.0,0.0,0.0,0.0,0.0,3.0,0.0,0.0,0.0,0.0,-100.0,0.0,-149.0,0.0,0.0,0.0,0.0,0.0,0.0,/1,
David Hernández,28.0,ARI,NL,0.0,58.0,0.0,0.0,0.0,0.0,0.0,0.0,0.0,0.0,0.0,0.0,0.0,0.0,,,,,,,,0.0,0.0,0.0,0.0,0.0,0.0,1,
David Holmberg,21.0,ARI,NL,0.0,1.0,1.0,1.0,0.0,0.0,0.0,0.0,0.0,0.0,0.0,0.0,0.0,1.0,0.0,0.0,0.0,0.0,-100.0,0.0,-160.0,0.0,0.0,0.0,0.0,0.0,0.0,/1,
David Lough*,27.0,KCR,AL,2.4,96.0,335.0,315.0,35.0,90.0,17.0,4.0,5.0,33.0,5.0,2.0,10.0,52.0,0.286,0.311,0.413,0.724,96.0,0.329,99.0,130.0,3.0,3.0,4.0,3.0,0.0,97H/8,ROY-8
David Murphy*,31.0,TEX,AL,-0.3,142.0,476.0,436.0,51.0,96.0,26.0,1.0,13.0,45.0,1.0,4.0,37.0,59.0,0.22,0.282,0.374,0.656,78.0,0.291,75.0,163.0,11.0,1.0,0.0,1.0,2.0,*7HD/19,
David Ortiz*,37.0,BOS,AL,4.4,137.0,600.0,518.0,84.0,160.0,38.0,2.0,30.0,103.0,4.0,0.0,76.0,88.0,0.309,0.395,0.564,0.959,159.0,0.409,161.0,292.0,21.0,1.0,0.0,5.0,27.0,*D/3H,"AS,MVP-10,SS"
David Phelps,26.0,NYY,AL,0.0,1.0,2.0,2.0,0.0,0.0,0.0,0.0,0.0,0.0,0.0,0.0,0.0,2.0,0.0,0.0,0.0,0.0,-100.0,0.0,-141.0,0.0,0.0,0.0,0.0,0.0,0.0,1,
David Price*,27.0,TBR,AL,-0.1,2.0,6.0,6.0,0.0,0.0,0.0,0.0,0.0,0.0,0.0,0.0,0.0,2.0,0.0,0.0,0.0,0.0,-100.0,0.0,-136.0,0.0,0.0,0.0,0.0,0.0,0.0,1,
David Purcey*,31.0,CHW,AL,0.0,2.0,0.0,0.0,0.0,0.0,0.0,0.0,0.0,0.0,0.0,0.0,0.0,0.0,,,,,,,,0.0,0.0,0.0,0.0,0.0,0.0,1,
David Robertson,28.0,NYY,AL,0.0,6.0,0.0,0.0,0.0,0.0,0.0,0.0,0.0,0.0,0.0,0.0,0.0,0.0,,,,,,,,0.0,0.0,0.0,0.0,0.0,0.0,1,
David Ross,36.0,BOS,AL,0.7,36.0,116.0,102.0,11.0,22.0,5.0,0.0,4.0,10.0,1.0,0.0,11.0,42.0,0.216,0.298,0.382,0.681,85.0,0.304,80.0,39.0,3.0,1.0,2.0,0.0,0.0,2/H,
David Wright,30.0,NYM,NL,5.2,112.0,492.0,430.0,63.0,132.0,23.0,6.0,18.0,58.0,17.0,3.0,55.0,79.0,0.307,0.39,0.514,0.904,156.0,0.408,164.0,221.0,11.0,5.0,0.0,2.0,5.0,*5/H,AS
Dayán Viciedo,24.0,CHW,AL,0.6,124.0,473.0,441.0,43.0,117.0,23.0,3.0,14.0,56.0,0.0,0.0,24.0,98.0,0.265,0.304,0.426,0.731,97.0,0.32,92.0,188.0,11.0,3.0,0.0,5.0,0.0,*7D/H,
Dee Strange-Gordon*,25.0,LAD,NL,-0.1,38.0,106.0,94.0,9.0,22.0,1.0,1.0,1.0,6.0,10.0,2.0,10.0,21.0,0.234,0.314,0.298,0.612,75.0,0.286,62.0,28.0,0.0,1.0,1.0,0.0,2.0,6H/4,
Delmon Young,27.0,2TM,2LG,-0.5,103.0,361.0,334.0,30.0,87.0,16.0,0.0,11.0,38.0,0.0,0.0,20.0,78.0,0.26,0.307,0.407,0.715,97.0,0.323,99.0,136.0,8.0,4.0,0.0,3.0,0.0,9DH,
Delmon Young,27.0,PHI,NL,-0.8,80.0,291.0,272.0,22.0,71.0,13.0,0.0,8.0,31.0,0.0,0.0,14.0,69.0,0.261,0.302,0.397,0.699,93.0,0.316,92.0,108.0,7.0,3.0,0.0,2.0,0.0,9/DH,
Delmon Young,27.0,TBR,AL,0.3,23.0,70.0,62.0,8.0,16.0,3.0,0.0,3.0,7.0,0.0,0.0,6.0,9.0,0.258,0.329,0.452,0.78,117.0,0.353,123.0,28.0,1.0,1.0,0.0,1.0,0.0,D/H9,
Denard Span*,29.0,WSN,NL,3.1,153.0,662.0,610.0,75.0,170.0,28.0,11.0,4.0,47.0,20.0,6.0,42.0,77.0,0.279,0.327,0.38,0.707,94.0,0.324,93.0,232.0,11.0,2.0,7.0,1.0,0.0,*8/H,
Derek Dietrich*,23.0,MIA,NL,0.1,57.0,233.0,215.0,32.0,46.0,10.0,2.0,9.0,23.0,1.0,0.0,11.0,56.0,0.214,0.275,0.405,0.679,85.0,0.312,86.0,87.0,1.0,7.0,0.0,0.0,1.0,4,
Derek Holland#,26.0,TEX,AL,0.0,3.0,8.0,5.0,1.0,0.0,0.0,0.0,0.0,0.0,0.0,0.0,2.0,3.0,0.0,0.286,0.0,0.286,-12.0,0.199,-9.0,0.0,0.0,0.0,1.0,0.0,0.0,1,
Derek Jeter,39.0,NYY,AL,-0.8,17.0,73.0,63.0,8.0,12.0,1.0,0.0,1.0,7.0,0.0,0.0,8.0,10.0,0.19,0.288,0.254,0.542,52.0,0.256,49.0,16.0,3.0,1.0,0.0,1.0,1.0,6/D,
Derek Lowe,40.0,TEX,AL,0.0,2.0,0.0,0.0,0.0,0.0,0.0,0.0,0.0,0.0,0.0,0.0,0.0,0.0,,,,,,,,0.0,0.0,0.0,0.0,0.0,0.0,/1,
Derek Norris,24.0,OAK,AL,2.0,98.0,308.0,264.0,41.0,65.0,16.0,0.0,9.0,30.0,5.0,0.0,37.0,71.0,0.246,0.345,0.409,0.754,110.0,0.345,114.0,108.0,5.0,4.0,1.0,2.0,1.0,2H/D3,
Derrick Robinson#,25.0,CIN,NL,0.8,102.0,216.0,192.0,21.0,49.0,7.0,3.0,0.0,8.0,4.0,5.0,18.0,44.0,0.255,0.322,0.323,0.645,80.0,0.304,87.0,62.0,0.0,1.0,5.0,0.0,0.0,7H8/9,
Desmond Jennings,26.0,TBR,AL,3.1,139.0,602.0,527.0,82.0,133.0,31.0,6.0,14.0,54.0,20.0,8.0,64.0,115.0,0.252,0.334,0.414,0.748,109.0,0.339,112.0,218.0,6.0,3.0,3.0,5.0,0.0,*8/HD,
Devin Mesoraco,25.0,CIN,NL,0.1,103.0,352.0,323.0,31.0,77.0,13.0,0.0,9.0,42.0,0.0,2.0,24.0,61.0,0.238,0.287,0.362,0.649,79.0,0.287,71.0,117.0,9.0,0.0,0.0,5.0,4.0,2H/D,
Dewayne Wise*,35.0,CHW,AL,-0.3,30.0,66.0,64.0,6.0,15.0,3.0,0.0,1.0,3.0,1.0,1.0,2.0,14.0,0.234,0.258,0.328,0.586,59.0,0.256,48.0,21.0,1.0,0.0,0.0,0.0,0.0,8H/79D,
Dexter Fowler#,27.0,COL,NL,2.0,119.0,492.0,415.0,71.0,109.0,18.0,3.0,12.0,42.0,19.0,9.0,65.0,105.0,0.263,0.369,0.407,0.776,102.0,0.354,105.0,169.0,5.0,6.0,4.0,2.0,1.0,*8H,
Didi Gregorius*,23.0,ARI,NL,1.4,103.0,404.0,357.0,47.0,90.0,16.0,3.0,7.0,28.0,0.0,2.0,37.0,65.0,0.252,0.332,0.373,0.704,94.0,0.321,96.0,133.0,4.0,6.0,2.0,1.0,5.0,6/H,
Dillon Gee,27.0,NYM,NL,0.0,30.0,71.0,60.0,0.0,8.0,0.0,1.0,0.0,4.0,0.0,0.0,3.0,30.0,0.133,0.175,0.167,0.341,-2.0,0.158,-35.0,10.0,0.0,0.0,8.0,0.0,0.0,1,
Dioner Navarro#,29.0,CHC,NL,1.9,89.0,266.0,240.0,31.0,72.0,7.0,0.0,13.0,34.0,0.0,1.0,23.0,36.0,0.3,0.365,0.492,0.856,134.0,0.377,138.0,118.0,4.0,2.0,0.0,1.0,1.0,2H/D,
DJ LeMahieu,24.0,COL,NL,1.1,109.0,434.0,404.0,39.0,113.0,21.0,3.0,2.0,28.0,18.0,7.0,19.0,67.0,0.28,0.311,0.361,0.673,74.0,0.308,68.0,146.0,13.0,1.0,7.0,3.0,2.0,45H/36,
Domonic Brown*,25.0,PHI,NL,3.2,139.0,540.0,496.0,65.0,135.0,21.0,4.0,27.0,83.0,8.0,3.0,39.0,97.0,0.272,0.324,0.494,0.818,124.0,0.367,130.0,245.0,5.0,1.0,0.0,4.0,5.0,*7/H9,AS
Don Kelly*,33.0,DET,AL,-0.8,112.0,251.0,216.0,33.0,48.0,6.0,1.0,6.0,23.0,2.0,0.0,27.0,28.0,0.222,0.309,0.343,0.652,78.0,0.3,76.0,74.0,4.0,2.0,2.0,4.0,1.0,7H859/D34,
Donald Lutz*,24.0,CIN,NL,-0.1,34.0,59.0,58.0,5.0,14.0,1.0,0.0,1.0,8.0,2.0,0.0,1.0,14.0,0.241,0.254,0.31,0.565,56.0,0.261,43.0,18.0,0.0,0.0,0.0,0.0,0.0,H7/9,
Donnie Murphy,30.0,CHC,NL,0.9,46.0,163.0,149.0,23.0,38.0,8.0,0.0,11.0,23.0,2.0,0.0,8.0,48.0,0.255,0.319,0.53,0.849,129.0,0.377,134.0,79.0,1.0,6.0,0.0,0.0,1.0,5/H64,
Donnie Veal*,28.0,CHW,AL,0.0,5.0,0.0,0.0,0.0,0.0,0.0,0.0,0.0,0.0,0.0,0.0,0.0,0.0,,,,,,,,0.0,0.0,0.0,0.0,0.0,0.0,1,
Donovan Hand,27.0,MIL,NL,-0.1,30.0,14.0,11.0,0.0,1.0,0.0,0.0,0.0,0.0,0.0,0.0,0.0,3.0,0.091,0.167,0.091,0.258,-27.0,0.136,-71.0,1.0,1.0,1.0,2.0,0.0,0.0,1,
Donovan Solano,25.0,MIA,NL,0.1,102.0,395.0,361.0,33.0,90.0,13.0,1.0,3.0,34.0,3.0,1.0,23.0,57.0,0.249,0.305,0.316,0.621,72.0,0.29,70.0,114.0,11.0,7.0,2.0,2.0,3.0,4/H5,
Doug Bernier,33.0,MIN,AL,0.5,33.0,64.0,53.0,9.0,12.0,3.0,0.0,0.0,5.0,2.0,1.0,8.0,15.0,0.226,0.339,0.283,0.622,75.0,0.28,65.0,15.0,1.0,1.0,2.0,0.0,1.0,6H/54D,
Doug Fister*,29.0,DET,AL,0.1,4.0,7.0,5.0,0.0,2.0,0.0,0.0,0.0,1.0,0.0,0.0,0.0,1.0,0.4,0.4,0.4,0.8,120.0,0.361,133.0,2.0,0.0,0.0,2.0,0.0,0.0,1,
Drake Britton*,24.0,BOS,AL,0.0,2.0,0.0,0.0,1.0,0.0,0.0,0.0,0.0,0.0,0.0,0.0,0.0,0.0,,,,,,,,0.0,0.0,0.0,0.0,0.0,0.0,1/DH,
Drew Butera,29.0,2TM,2LG,-0.2,6.0,10.0,10.0,0.0,1.0,0.0,0.0,0.0,0.0,0.0,0.0,0.0,5.0,0.1,0.1,0.1,0.2,-43.0,0.091,-73.0,1.0,0.0,0.0,0.0,0.0,0.0,/23,
Drew Butera,29.0,MIN,AL,-0.1,2.0,3.0,3.0,0.0,0.0,0.0,0.0,0.0,0.0,0.0,0.0,0.0,1.0,0.0,0.0,0.0,0.0,-100.0,0.0,-139.0,0.0,0.0,0.0,0.0,0.0,0.0,/2,
Drew Butera,29.0,LAD,NL,-0.1,4.0,7.0,7.0,0.0,1.0,0.0,0.0,0.0,0.0,0.0,0.0,0.0,4.0,0.143,0.143,0.143,0.286,-19.0,0.13,-42.0,1.0,0.0,0.0,0.0,0.0,0.0,/23,
Drew Pomeranz,24.0,COL,NL,-0.1,8.0,4.0,3.0,0.0,0.0,0.0,0.0,0.0,0.0,0.0,0.0,0.0,1.0,0.0,0.0,0.0,0.0,-100.0,0.0,-248.0,0.0,0.0,0.0,1.0,0.0,0.0,/1,
Drew Smyly*,24.0,DET,AL,0.0,4.0,0.0,0.0,0.0,0.0,0.0,0.0,0.0,0.0,0.0,0.0,0.0,0.0,,,,,,,,0.0,0.0,0.0,0.0,0.0,0.0,1,
Drew Storen#,25.0,WSN,NL,0.0,65.0,0.0,0.0,0.0,0.0,0.0,0.0,0.0,0.0,0.0,0.0,0.0,0.0,,,,,,,,0.0,0.0,0.0,0.0,0.0,0.0,1,
Drew Stubbs,28.0,CLE,AL,0.9,146.0,481.0,430.0,59.0,100.0,21.0,2.0,10.0,45.0,17.0,2.0,44.0,141.0,0.233,0.305,0.36,0.665,88.0,0.311,90.0,155.0,3.0,2.0,2.0,3.0,1.0,*98H/D,
Duane Below*,27.0,MIA,NL,0.0,1.0,0.0,0.0,0.0,0.0,0.0,0.0,0.0,0.0,0.0,0.0,0.0,0.0,,,,,,,,0.0,0.0,0.0,0.0,0.0,0.0,/1,
Dustin Ackley*,25.0,SEA,AL,0.7,113.0,427.0,384.0,40.0,97.0,18.0,2.0,4.0,31.0,2.0,3.0,37.0,72.0,0.253,0.319,0.341,0.66,90.0,0.298,91.0,131.0,6.0,1.0,4.0,1.0,1.0,487/H3D,
Dustin McGowan,31.0,TOR,AL,0.0,1.0,0.0,0.0,0.0,0.0,0.0,0.0,0.0,0.0,0.0,0.0,0.0,0.0,,,,,,,,0.0,0.0,0.0,0.0,0.0,0.0,1,
Dustin Pedroia,29.0,BOS,AL,6.1,160.0,724.0,641.0,91.0,193.0,42.0,2.0,9.0,84.0,17.0,5.0,73.0,75.0,0.301,0.372,0.415,0.787,115.0,0.359,121.0,266.0,24.0,3.0,0.0,7.0,4.0,*4/H,"AS,MVP-7,GG"
Dylan Axelrod,27.0,CHW,AL,0.1,1.0,2.0,2.0,1.0,1.0,0.0,0.0,0.0,0.0,0.0,0.0,0.0,1.0,0.5,0.5,0.5,1.0,175.0,0.402,155.0,1.0,0.0,0.0,0.0,0.0,0.0,1,
Ed Lucas,31.0,MIA,NL,1.1,94.0,384.0,351.0,43.0,90.0,14.0,1.0,4.0,28.0,1.0,1.0,26.0,78.0,0.256,0.311,0.336,0.647,79.0,0.298,77.0,118.0,6.0,2.0,4.0,1.0,1.0,534/6H7,
Edgar Olmos*,23.0,MIA,NL,0.0,5.0,0.0,0.0,0.0,0.0,0.0,0.0,0.0,0.0,0.0,0.0,0.0,0.0,,,,,,,,0.0,0.0,0.0,0.0,0.0,0.0,/1,
Edgmer Escalona,26.0,COL,NL,-0.1,35.0,7.0,6.0,0.0,0.0,0.0,0.0,0.0,0.0,0.0,0.0,0.0,3.0,0.0,0.0,0.0,0.0,-100.0,0.0,-205.0,0.0,0.0,0.0,1.0,0.0,0.0,1,
Edinson Vólquez,29.0,2TM,NL,0.1,30.0,52.0,42.0,4.0,5.0,1.0,0.0,1.0,4.0,0.0,0.0,1.0,23.0,0.119,0.14,0.214,0.354,0.0,0.177,-25.0,9.0,0.0,0.0,9.0,0.0,0.0,1,
Edinson Vólquez,29.0,SDP,NL,0.1,24.0,43.0,34.0,3.0,4.0,1.0,0.0,1.0,4.0,0.0,0.0,1.0,20.0,0.118,0.143,0.235,0.378,7.0,0.168,-33.0,8.0,0.0,0.0,8.0,0.0,0.0,1,
Edinson Vólquez,29.0,LAD,NL,0.1,6.0,9.0,8.0,1.0,1.0,0.0,0.0,0.0,0.0,0.0,0.0,0.0,3.0,0.125,0.125,0.125,0.25,-29.0,0.214,11.0,1.0,0.0,0.0,1.0,0.0,0.0,/1,
Eduardo Escobar#,24.0,MIN,AL,0.0,66.0,179.0,165.0,23.0,39.0,5.0,2.0,3.0,10.0,0.0,2.0,11.0,34.0,0.236,0.282,0.345,0.628,72.0,0.282,71.0,57.0,0.0,0.0,2.0,1.0,0.0,65H/47D,
Eduardo Núñez,26.0,NYY,AL,-1.5,90.0,336.0,304.0,38.0,79.0,17.0,4.0,3.0,28.0,10.0,3.0,20.0,51.0,0.26,0.307,0.372,0.679,87.0,0.308,85.0,113.0,3.0,3.0,4.0,5.0,1.0,65/H4D,
Eduardo Sánchez,24.0,CHC,NL,0.0,4.0,0.0,0.0,0.0,0.0,0.0,0.0,0.0,0.0,0.0,0.0,0.0,0.0,,,,,,,,0.0,0.0,0.0,0.0,0.0,0.0,/1,
Edward Mujica,29.0,STL,NL,0.0,60.0,2.0,2.0,0.0,0.0,0.0,0.0,0.0,0.0,0.0,0.0,0.0,2.0,0.0,0.0,0.0,0.0,-100.0,0.0,-143.0,0.0,0.0,0.0,0.0,0.0,0.0,1,AS
Edwin Encarnación,30.0,TOR,AL,4.1,142.0,621.0,530.0,90.0,144.0,29.0,1.0,36.0,104.0,7.0,1.0,82.0,62.0,0.272,0.37,0.534,0.904,145.0,0.396,150.0,283.0,20.0,4.0,0.0,5.0,7.0,3D5,"AS,MVP-14"
Edwin Jackson,29.0,CHC,NL,-0.1,30.0,59.0,52.0,4.0,4.0,1.0,0.0,1.0,4.0,0.0,0.0,2.0,17.0,0.077,0.111,0.154,0.265,-28.0,0.139,-56.0,8.0,0.0,0.0,5.0,0.0,0.0,1,
Efren Navarro*,27.0,LAA,AL,0.1,4.0,6.0,4.0,0.0,1.0,0.0,0.0,0.0,1.0,1.0,0.0,2.0,1.0,0.25,0.5,0.25,0.75,123.0,0.424,150.0,1.0,0.0,0.0,0.0,0.0,0.0,/3H,
Ehire Adrianza#,23.0,SFG,NL,0.1,9.0,20.0,18.0,3.0,4.0,1.0,0.0,1.0,3.0,0.0,0.0,1.0,5.0,0.222,0.263,0.444,0.708,98.0,0.31,95.0,8.0,1.0,0.0,1.0,0.0,0.0,/6H,
Elián Herrera#,28.0,LAD,NL,-0.1,4.0,8.0,8.0,0.0,2.0,0.0,0.0,0.0,0.0,0.0,0.0,0.0,2.0,0.25,0.25,0.25,0.5,42.0,0.214,20.0,2.0,0.0,0.0,0.0,0.0,0.0,/7H,
Elliot Johnson#,29.0,2TM,2LG,0.8,111.0,275.0,254.0,27.0,53.0,7.0,3.0,2.0,19.0,22.0,2.0,16.0,67.0,0.209,0.255,0.283,0.538,48.0,0.269,42.0,72.0,4.0,0.0,4.0,1.0,1.0,4H6/57D9,
Elliot Johnson#,29.0,KCR,AL,0.5,79.0,173.0,162.0,19.0,29.0,2.0,1.0,2.0,9.0,14.0,0.0,8.0,49.0,0.179,0.218,0.241,0.458,26.0,0.239,17.0,39.0,2.0,0.0,3.0,0.0,1.0,4H/6D597,
Elliot Johnson#,29.0,ATL,NL,0.3,32.0,102.0,92.0,8.0,24.0,5.0,2.0,0.0,10.0,8.0,2.0,8.0,18.0,0.261,0.317,0.359,0.676,87.0,0.318,85.0,33.0,2.0,0.0,1.0,1.0,0.0,4/7H569,
Elvis Andrus,24.0,TEX,AL,3.4,156.0,698.0,620.0,91.0,168.0,17.0,4.0,4.0,67.0,42.0,8.0,52.0,97.0,0.271,0.328,0.331,0.659,82.0,0.319,85.0,205.0,19.0,4.0,16.0,6.0,1.0,*6D/H,
Emilio Bonifácio#,28.0,2TM,AL,0.6,136.0,461.0,420.0,54.0,102.0,22.0,3.0,3.0,31.0,28.0,8.0,30.0,103.0,0.243,0.295,0.331,0.625,72.0,0.287,64.0,139.0,4.0,2.0,6.0,3.0,0.0,47H8/596D,
Emilio Bonifácio#,28.0,TOR,AL,-0.6,94.0,282.0,262.0,33.0,57.0,16.0,1.0,3.0,20.0,12.0,6.0,13.0,66.0,0.218,0.258,0.321,0.579,58.0,0.26,50.0,84.0,3.0,2.0,3.0,2.0,0.0,47H/896D,
Emilio Bonifácio#,28.0,KCR,AL,1.1,42.0,179.0,158.0,21.0,45.0,6.0,2.0,0.0,11.0,16.0,2.0,17.0,37.0,0.285,0.352,0.348,0.7,93.0,0.328,87.0,55.0,1.0,0.0,3.0,1.0,0.0,4/58H,
Endy Chávez*,35.0,SEA,AL,-0.5,97.0,279.0,266.0,22.0,71.0,10.0,0.0,2.0,14.0,1.0,3.0,9.0,31.0,0.267,0.29,0.327,0.617,77.0,0.278,77.0,87.0,9.0,0.0,3.0,1.0,1.0,98H7/D,
Engel Beltré*,23.0,TEX,AL,0.1,22.0,42.0,40.0,7.0,10.0,1.0,0.0,0.0,2.0,1.0,2.0,0.0,5.0,0.25,0.268,0.275,0.543,50.0,0.268,68.0,11.0,1.0,1.0,1.0,0.0,0.0,/H978D,
Erasmo Ramírez,23.0,SEA,AL,0.0,1.0,1.0,1.0,0.0,0.0,0.0,0.0,0.0,0.0,0.0,0.0,0.0,0.0,0.0,0.0,0.0,0.0,-100.0,0.0,-127.0,0.0,0.0,0.0,0.0,0.0,0.0,1,
Eric Chávez*,35.0,ARI,NL,1.0,80.0,254.0,228.0,28.0,64.0,14.0,2.0,9.0,44.0,1.0,0.0,19.0,45.0,0.281,0.332,0.478,0.81,120.0,0.351,117.0,109.0,7.0,1.0,0.0,5.0,4.0,5H/3D,
Eric Fryer,27.0,MIN,AL,0.5,6.0,16.0,13.0,2.0,5.0,1.0,0.0,1.0,4.0,0.0,0.0,3.0,3.0,0.385,0.5,0.692,1.192,225.0,0.507,234.0,9.0,1.0,0.0,0.0,0.0,0.0,/2DH,
Eric Hinske*,35.0,ARI,NL,-0.2,52.0,58.0,52.0,2.0,9.0,3.0,0.0,1.0,6.0,0.0,0.0,6.0,17.0,0.173,0.259,0.288,0.547,51.0,0.252,43.0,15.0,2.0,0.0,0.0,0.0,0.0,H/3D,
Eric Hosmer*,23.0,KCR,AL,3.4,159.0,680.0,623.0,86.0,188.0,34.0,3.0,17.0,79.0,11.0,4.0,51.0,100.0,0.302,0.353,0.448,0.801,118.0,0.358,121.0,279.0,15.0,1.0,1.0,4.0,4.0,*3/H9D,GG
Eric O'Flaherty*,28.0,ATL,NL,0.0,19.0,0.0,0.0,0.0,0.0,0.0,0.0,0.0,0.0,0.0,0.0,0.0,0.0,,,,,,,,0.0,0.0,0.0,0.0,0.0,0.0,1,
Eric Sogard*,27.0,OAK,AL,1.4,130.0,410.0,368.0,45.0,98.0,24.0,3.0,2.0,35.0,10.0,5.0,27.0,51.0,0.266,0.322,0.364,0.686,92.0,0.31,91.0,134.0,4.0,5.0,6.0,4.0,2.0,*46H/D,
Eric Stults*,33.0,SDP,NL,0.2,35.0,69.0,61.0,2.0,10.0,1.0,0.0,1.0,4.0,0.0,0.0,0.0,21.0,0.164,0.177,0.23,0.407,17.0,0.182,-10.0,14.0,0.0,1.0,7.0,0.0,0.0,1/H,
Eric Surkamp*,25.0,SFG,NL,0.0,1.0,1.0,1.0,0.0,0.0,0.0,0.0,0.0,0.0,0.0,0.0,0.0,0.0,0.0,0.0,0.0,0.0,-100.0,0.0,-150.0,0.0,0.0,0.0,0.0,0.0,0.0,/1,
Eric Young Jr.#,28.0,2TM,NL,-0.7,148.0,598.0,539.0,70.0,134.0,27.0,7.0,2.0,32.0,46.0,11.0,46.0,100.0,0.249,0.31,0.336,0.645,79.0,0.305,75.0,181.0,6.0,2.0,10.0,1.0,1.0,*7H98/4D,
Eric Young Jr.#,28.0,COL,NL,-1.6,57.0,180.0,165.0,22.0,40.0,9.0,3.0,1.0,6.0,8.0,4.0,11.0,33.0,0.242,0.29,0.352,0.641,66.0,0.294,59.0,58.0,1.0,0.0,4.0,0.0,0.0,H98/74D,
Eric Young Jr.#,28.0,NYM,NL,0.9,91.0,418.0,374.0,48.0,94.0,18.0,4.0,1.0,26.0,38.0,7.0,35.0,67.0,0.251,0.318,0.329,0.647,85.0,0.309,82.0,123.0,5.0,2.0,6.0,1.0,1.0,7/84H,
Erick Aybar#,29.0,LAA,AL,1.0,138.0,589.0,550.0,68.0,149.0,33.0,5.0,6.0,54.0,12.0,7.0,23.0,59.0,0.271,0.301,0.382,0.683,93.0,0.301,89.0,210.0,14.0,3.0,8.0,5.0,1.0,*6,
Erik Davis,26.0,WSN,NL,0.0,10.0,0.0,0.0,0.0,0.0,0.0,0.0,0.0,0.0,0.0,0.0,0.0,0.0,,,,,,,,0.0,0.0,0.0,0.0,0.0,0.0,1,
Erik Kratz,33.0,PHI,NL,-0.3,68.0,218.0,197.0,21.0,42.0,7.0,0.0,9.0,26.0,0.0,0.0,18.0,45.0,0.213,0.28,0.386,0.666,83.0,0.288,71.0,76.0,11.0,1.0,0.0,2.0,4.0,2H,
Ernesto Frieri,27.0,LAA,AL,0.0,5.0,0.0,0.0,0.0,0.0,0.0,0.0,0.0,0.0,0.0,0.0,0.0,0.0,,,,,,,,0.0,0.0,0.0,0.0,0.0,0.0,1,
Ervin Santana,30.0,KCR,AL,0.0,1.0,4.0,4.0,0.0,1.0,0.0,0.0,0.0,0.0,0.0,0.0,0.0,2.0,0.25,0.25,0.25,0.5,38.0,0.201,7.0,1.0,0.0,0.0,0.0,0.0,0.0,1,
Esmil Rogers,27.0,TOR,AL,-0.1,5.0,6.0,3.0,0.0,0.0,0.0,0.0,0.0,0.0,0.0,0.0,0.0,1.0,0.0,0.0,0.0,0.0,-100.0,0.0,-382.0,0.0,0.0,0.0,3.0,0.0,0.0,1/HD,
Ethan Martin,24.0,PHI,NL,-0.1,15.0,10.0,9.0,0.0,0.0,0.0,0.0,0.0,0.0,0.0,0.0,0.0,6.0,0.0,0.0,0.0,0.0,-100.0,0.0,-173.0,0.0,0.0,0.0,1.0,0.0,0.0,1,
Eury De La Rosa*,23.0,ARI,NL,0.0,19.0,1.0,1.0,0.0,0.0,0.0,0.0,0.0,0.0,0.0,0.0,0.0,0.0,0.0,0.0,0.0,0.0,-100.0,0.0,-160.0,0.0,0.0,0.0,0.0,0.0,0.0,1,
Eury Pérez,23.0,WSN,NL,0.0,9.0,8.0,8.0,1.0,1.0,0.0,0.0,0.0,0.0,1.0,0.0,0.0,3.0,0.125,0.125,0.125,0.25,-31.0,0.133,-72.0,1.0,0.0,0.0,0.0,0.0,0.0,/87H9,
Evan Gattis,26.0,ATL,NL,1.1,105.0,382.0,354.0,44.0,86.0,21.0,0.0,21.0,65.0,0.0,0.0,21.0,81.0,0.243,0.291,0.48,0.771,109.0,0.337,107.0,170.0,10.0,4.0,0.0,3.0,4.0,72H/3D,ROY-7
Evan Longoria,27.0,TBR,AL,5.8,160.0,693.0,614.0,91.0,165.0,39.0,3.0,32.0,88.0,1.0,0.0,70.0,162.0,0.269,0.343,0.498,0.842,133.0,0.365,133.0,306.0,16.0,3.0,0.0,6.0,10.0,*5D,MVP-6
Evan Reed,27.0,DET,AL,0.0,2.0,0.0,0.0,0.0,0.0,0.0,0.0,0.0,0.0,0.0,0.0,0.0,0.0,,,,,,,,0.0,0.0,0.0,0.0,0.0,0.0,1,
Everth Cabrera#,26.0,SDP,NL,2.9,95.0,435.0,381.0,54.0,108.0,15.0,5.0,4.0,31.0,37.0,12.0,41.0,69.0,0.283,0.355,0.381,0.736,113.0,0.349,121.0,145.0,1.0,2.0,10.0,1.0,0.0,6,AS
Ezequiel Carrera*,26.0,2TM,2LG,-0.2,15.0,21.0,17.0,3.0,3.0,0.0,0.0,0.0,1.0,0.0,0.0,1.0,5.0,0.176,0.3,0.176,0.476,38.0,0.237,41.0,3.0,1.0,2.0,1.0,0.0,0.0,/H978,
Ezequiel Carrera*,26.0,PHI,NL,-0.3,13.0,16.0,13.0,2.0,1.0,0.0,0.0,0.0,0.0,0.0,0.0,1.0,4.0,0.077,0.25,0.077,0.327,-3.0,0.184,-7.0,1.0,0.0,2.0,0.0,0.0,0.0,/H978,
Ezequiel Carrera*,26.0,CLE,AL,0.1,2.0,5.0,4.0,1.0,2.0,0.0,0.0,0.0,1.0,0.0,0.0,0.0,1.0,0.5,0.5,0.5,1.0,185.0,0.452,223.0,2.0,1.0,0.0,1.0,0.0,0.0,/9H,
Fernando Abad*,27.0,WSN,NL,0.0,34.0,0.0,0.0,0.0,0.0,0.0,0.0,0.0,0.0,0.0,0.0,0.0,0.0,,,,,,,,0.0,0.0,0.0,0.0,0.0,0.0,1,
Fernando Martínez*,24.0,HOU,AL,-0.6,11.0,35.0,33.0,1.0,6.0,0.0,0.0,1.0,3.0,0.0,0.0,1.0,12.0,0.182,0.229,0.273,0.501,39.0,0.228,30.0,9.0,0.0,1.0,0.0,0.0,0.0,/79HD,
Fernando Rodney,36.0,TBR,AL,0.0,8.0,0.0,0.0,0.0,0.0,0.0,0.0,0.0,0.0,0.0,0.0,0.0,0.0,,,,,,,,0.0,0.0,0.0,0.0,0.0,0.0,1,
Fernando Salas,28.0,STL,NL,0.0,27.0,2.0,2.0,0.0,0.0,0.0,0.0,0.0,0.0,0.0,0.0,0.0,1.0,0.0,0.0,0.0,0.0,-100.0,0.0,-143.0,0.0,0.0,0.0,0.0,0.0,0.0,1,
Francisco Cervelli,27.0,NYY,AL,1.0,17.0,61.0,52.0,12.0,14.0,3.0,0.0,3.0,8.0,0.0,0.0,8.0,9.0,0.269,0.377,0.5,0.877,141.0,0.399,155.0,26.0,1.0,1.0,0.0,0.0,0.0,2/4,
Francisco Liriano*,29.0,PIT,NL,-0.3,23.0,56.0,47.0,0.0,3.0,0.0,0.0,0.0,1.0,0.0,0.0,4.0,18.0,0.064,0.137,0.064,0.201,-40.0,0.108,-74.0,3.0,3.0,0.0,5.0,0.0,0.0,1,CYA-9
Francisco Peguero,25.0,SFG,NL,0.2,18.0,30.0,29.0,4.0,6.0,1.0,0.0,1.0,1.0,2.0,0.0,1.0,2.0,0.207,0.233,0.345,0.578,63.0,0.267,51.0,10.0,2.0,0.0,0.0,0.0,0.0,7/H9,
Francisco Rodríguez,31.0,2TM,2LG,0.0,29.0,0.0,0.0,0.0,0.0,0.0,0.0,0.0,0.0,0.0,0.0,0.0,0.0,,,,,,,,0.0,0.0,0.0,0.0,0.0,0.0,1,
Francisco Rodríguez,31.0,MIL,NL,0.0,23.0,0.0,0.0,0.0,0.0,0.0,0.0,0.0,0.0,0.0,0.0,0.0,0.0,,,,,,,,0.0,0.0,0.0,0.0,0.0,0.0,1,
Francisco Rodríguez,31.0,BAL,AL,0.0,6.0,0.0,0.0,0.0,0.0,0.0,0.0,0.0,0.0,0.0,0.0,0.0,0.0,,,,,,,,0.0,0.0,0.0,0.0,0.0,0.0,1,
Frank Francisco,33.0,NYM,NL,0.0,7.0,0.0,0.0,0.0,0.0,0.0,0.0,0.0,0.0,0.0,0.0,0.0,0.0,,,,,,,,0.0,0.0,0.0,0.0,0.0,0.0,/1,
Franklin Gutierrez,30.0,SEA,AL,0.4,41.0,151.0,145.0,18.0,36.0,7.0,0.0,10.0,24.0,3.0,1.0,5.0,43.0,0.248,0.273,0.503,0.777,117.0,0.344,122.0,73.0,2.0,0.0,1.0,0.0,0.0,98/H,
Franklin Morales*,27.0,BOS,AL,0.0,4.0,2.0,2.0,0.0,0.0,0.0,0.0,0.0,0.0,0.0,0.0,0.0,2.0,0.0,0.0,0.0,0.0,-100.0,0.0,-141.0,0.0,0.0,0.0,0.0,0.0,0.0,1,
Freddie Freeman*,23.0,ATL,NL,5.3,147.0,629.0,551.0,89.0,176.0,27.0,2.0,23.0,109.0,1.0,0.0,66.0,121.0,0.319,0.396,0.501,0.897,147.0,0.401,156.0,276.0,10.0,7.0,0.0,5.0,10.0,*3/H,"AS,MVP-5"
Freddy Galvis#,23.0,PHI,NL,-0.3,70.0,222.0,205.0,13.0,48.0,5.0,4.0,6.0,19.0,1.0,0.0,13.0,45.0,0.234,0.283,0.385,0.668,84.0,0.303,81.0,79.0,5.0,1.0,3.0,0.0,2.0,45H67,
Freddy García,36.0,ATL,NL,-0.1,6.0,10.0,8.0,0.0,0.0,0.0,0.0,0.0,0.0,0.0,0.0,0.0,5.0,0.0,0.0,0.0,0.0,-100.0,0.0,-207.0,0.0,0.0,0.0,2.0,0.0,0.0,/1,
Freddy Guzmán#,32.0,TBR,AL,0.0,1.0,0.0,0.0,1.0,0.0,0.0,0.0,0.0,0.0,1.0,0.0,0.0,0.0,,,,,,,,0.0,0.0,0.0,0.0,0.0,0.0,/DH,
Félix Doubront*,25.0,BOS,AL,-0.1,1.0,4.0,3.0,0.0,0.0,0.0,0.0,0.0,0.0,0.0,0.0,0.0,1.0,0.0,0.0,0.0,0.0,-100.0,0.0,-221.0,0.0,0.0,0.0,1.0,0.0,0.0,1,
Félix Hernández,27.0,SEA,AL,0.0,2.0,6.0,5.0,1.0,0.0,0.0,0.0,0.0,0.0,0.0,0.0,1.0,3.0,0.0,0.167,0.0,0.167,-46.0,0.116,-45.0,0.0,0.0,0.0,0.0,0.0,0.0,1,"AS,CYA-8,MVP-22"
Félix Pié*,28.0,PIT,NL,-0.4,27.0,31.0,29.0,5.0,4.0,1.0,0.0,0.0,2.0,1.0,2.0,2.0,13.0,0.138,0.194,0.172,0.366,5.0,0.173,8.0,5.0,0.0,0.0,0.0,0.0,0.0,7H/89,
Gaby Sánchez,29.0,PIT,NL,0.5,136.0,320.0,264.0,29.0,67.0,18.0,0.0,7.0,36.0,1.0,0.0,44.0,51.0,0.254,0.361,0.402,0.762,117.0,0.342,117.0,106.0,3.0,4.0,0.0,7.0,1.0,*3H/5,
Garrett Jones*,32.0,PIT,NL,0.3,144.0,440.0,403.0,41.0,94.0,26.0,2.0,15.0,51.0,2.0,0.0,31.0,101.0,0.233,0.289,0.419,0.708,98.0,0.322,101.0,169.0,10.0,2.0,0.0,4.0,0.0,3H9/D,
Garrett Richards,25.0,LAA,AL,0.0,4.0,0.0,0.0,0.0,0.0,0.0,0.0,0.0,0.0,0.0,0.0,0.0,0.0,,,,,,,,0.0,0.0,0.0,0.0,0.0,0.0,1,
Gavin Floyd,30.0,CHW,AL,0.0,1.0,2.0,2.0,0.0,0.0,0.0,0.0,0.0,0.0,0.0,0.0,0.0,2.0,0.0,0.0,0.0,0.0,-100.0,0.0,-141.0,0.0,0.0,0.0,0.0,0.0,0.0,/1,
George Kontos,28.0,SFG,NL,0.0,48.0,2.0,1.0,0.0,0.0,0.0,0.0,0.0,0.0,0.0,0.0,0.0,1.0,0.0,0.0,0.0,0.0,-100.0,0.0,-390.0,0.0,0.0,0.0,1.0,0.0,0.0,1,
George Kottaras*,30.0,KCR,AL,0.6,46.0,126.0,100.0,13.0,18.0,4.0,0.0,5.0,12.0,1.0,0.0,24.0,42.0,0.18,0.349,0.37,0.719,98.0,0.325,95.0,37.0,2.0,2.0,0.0,0.0,2.0,2H,
Geovany Soto,30.0,TEX,AL,1.5,54.0,184.0,163.0,20.0,40.0,9.0,0.0,9.0,22.0,1.0,2.0,20.0,60.0,0.245,0.328,0.466,0.794,114.0,0.353,121.0,76.0,2.0,0.0,1.0,0.0,0.0,2/5,
Gerald Laird,33.0,ATL,NL,0.6,47.0,141.0,121.0,12.0,34.0,8.0,0.0,1.0,13.0,1.0,1.0,14.0,23.0,0.281,0.367,0.372,0.739,106.0,0.345,114.0,45.0,4.0,3.0,2.0,1.0,0.0,2H,
Gerardo Parra*,26.0,ARI,NL,5.3,156.0,663.0,601.0,79.0,161.0,43.0,4.0,10.0,48.0,10.0,10.0,48.0,100.0,0.268,0.323,0.403,0.726,99.0,0.32,96.0,242.0,12.0,3.0,7.0,4.0,3.0,*98/7H,GG
Gerrit Cole,22.0,PIT,NL,0.2,17.0,36.0,34.0,3.0,7.0,0.0,0.0,0.0,5.0,0.0,0.0,1.0,14.0,0.206,0.229,0.206,0.434,25.0,0.198,7.0,7.0,0.0,0.0,1.0,0.0,0.0,1,
Giancarlo Stanton,23.0,MIA,NL,2.8,116.0,504.0,425.0,62.0,106.0,26.0,0.0,24.0,62.0,1.0,0.0,74.0,140.0,0.249,0.365,0.48,0.845,131.0,0.381,139.0,204.0,10.0,4.0,0.0,1.0,5.0,*9,
Gil Velazquez,33.0,MIA,NL,0.0,1.0,1.0,1.0,0.0,0.0,0.0,0.0,0.0,0.0,0.0,0.0,0.0,0.0,0.0,0.0,0.0,0.0,-100.0,0.0,-160.0,0.0,0.0,0.0,0.0,0.0,0.0,/5,
Gio González,27.0,WSN,NL,-0.2,29.0,66.0,56.0,2.0,5.0,1.0,0.0,1.0,1.0,0.0,0.0,1.0,16.0,0.089,0.121,0.161,0.281,-23.0,0.13,-71.0,9.0,2.0,1.0,8.0,0.0,0.0,1,
Glen Perkins*,30.0,MIN,AL,0.0,5.0,0.0,0.0,0.0,0.0,0.0,0.0,0.0,0.0,0.0,0.0,0.0,0.0,,,,,,,,0.0,0.0,0.0,0.0,0.0,0.0,1,AS
González Germen,25.0,NYM,NL,0.0,28.0,1.0,1.0,0.0,0.0,0.0,0.0,0.0,0.0,0.0,0.0,0.0,1.0,0.0,0.0,0.0,0.0,-100.0,0.0,-150.0,0.0,0.0,0.0,0.0,0.0,0.0,1,
Gordon Beckham,26.0,CHW,AL,0.7,103.0,408.0,371.0,46.0,99.0,22.0,1.0,5.0,24.0,5.0,1.0,28.0,56.0,0.267,0.322,0.372,0.694,89.0,0.314,87.0,138.0,10.0,4.0,1.0,4.0,2.0,4/6H,
Grant Balfour,35.0,OAK,AL,0.0,4.0,0.0,0.0,0.0,0.0,0.0,0.0,0.0,0.0,0.0,0.0,0.0,0.0,,,,,,,,0.0,0.0,0.0,0.0,0.0,0.0,1,AS
Grant Green,25.0,2TM,AL,-0.6,45.0,153.0,140.0,16.0,35.0,8.0,1.0,1.0,17.0,0.0,0.0,10.0,44.0,0.25,0.301,0.343,0.644,83.0,0.279,72.0,48.0,3.0,1.0,0.0,2.0,0.0,4/H,
Grant Green,25.0,OAK,AL,-0.6,5.0,16.0,15.0,0.0,0.0,0.0,0.0,0.0,1.0,0.0,0.0,0.0,6.0,0.0,0.0,0.0,0.0,-100.0,0.0,-138.0,0.0,0.0,0.0,0.0,1.0,0.0,/4,
Grant Green,25.0,LAA,AL,0.0,40.0,137.0,125.0,16.0,35.0,8.0,1.0,1.0,16.0,0.0,0.0,10.0,38.0,0.28,0.336,0.384,0.72,105.0,0.312,97.0,48.0,3.0,1.0,0.0,1.0,0.0,4/H,
Greg Burke,30.0,NYM,NL,0.0,31.0,2.0,2.0,0.0,0.0,0.0,0.0,0.0,0.0,0.0,0.0,0.0,1.0,0.0,0.0,0.0,0.0,-100.0,0.0,-133.0,0.0,0.0,0.0,0.0,0.0,0.0,1,
Greg Dobbs*,34.0,MIA,NL,-0.4,114.0,267.0,237.0,21.0,54.0,11.0,0.0,2.0,22.0,1.0,1.0,22.0,40.0,0.228,0.303,0.3,0.603,67.0,0.274,58.0,71.0,5.0,5.0,0.0,3.0,6.0,H3/D9,
Greg Holland,27.0,KCR,AL,0.0,6.0,0.0,0.0,0.0,0.0,0.0,0.0,0.0,0.0,0.0,0.0,0.0,0.0,,,,,,,,0.0,0.0,0.0,0.0,0.0,0.0,1,"AS,CYA-9,MVP-15"
Greg Reynolds,27.0,CIN,NL,0.0,5.0,9.0,7.0,1.0,1.0,1.0,0.0,0.0,0.0,0.0,0.0,0.0,4.0,0.143,0.143,0.286,0.429,15.0,0.182,-40.0,2.0,0.0,0.0,2.0,0.0,0.0,/1,
Grégor Blanco*,29.0,SFG,NL,2.6,141.0,511.0,452.0,50.0,120.0,17.0,6.0,3.0,41.0,14.0,9.0,52.0,95.0,0.265,0.341,0.35,0.69,99.0,0.314,100.0,158.0,10.0,1.0,3.0,3.0,4.0,*87H/9,
Guillermo Moscoso,29.0,SFG,NL,0.0,11.0,3.0,2.0,0.0,0.0,0.0,0.0,0.0,0.0,0.0,0.0,0.0,1.0,0.0,0.0,0.0,0.0,-100.0,0.0,-252.0,0.0,0.0,0.0,1.0,0.0,0.0,1,
Guillermo Quiroz,31.0,SFG,NL,-0.4,43.0,95.0,86.0,5.0,16.0,7.0,0.0,1.0,6.0,0.0,0.0,5.0,21.0,0.186,0.237,0.302,0.539,53.0,0.237,39.0,26.0,4.0,1.0,2.0,1.0,1.0,2H,
Hank Conger#,25.0,LAA,AL,1.0,92.0,255.0,233.0,23.0,58.0,13.0,1.0,7.0,21.0,0.0,1.0,17.0,61.0,0.249,0.31,0.403,0.713,101.0,0.312,98.0,94.0,6.0,4.0,0.0,1.0,2.0,2H/D,
Hanley Ramírez,29.0,LAD,NL,5.2,86.0,336.0,304.0,62.0,105.0,25.0,2.0,20.0,57.0,10.0,2.0,27.0,52.0,0.345,0.402,0.638,1.04,189.0,0.452,196.0,194.0,5.0,3.0,0.0,2.0,3.0,6/HD,MVP-8
Heath Bell,35.0,ARI,NL,0.0,64.0,0.0,0.0,0.0,0.0,0.0,0.0,0.0,0.0,0.0,0.0,0.0,0.0,,,,,,,,0.0,0.0,0.0,0.0,0.0,0.0,1,
Heath Hembree,24.0,SFG,NL,0.0,8.0,0.0,0.0,0.0,0.0,0.0,0.0,0.0,0.0,0.0,0.0,0.0,0.0,,,,,,,,0.0,0.0,0.0,0.0,0.0,0.0,/1,
Henderson Alvarez III,23.0,MIA,NL,0.5,17.0,35.0,30.0,2.0,9.0,3.0,0.0,1.0,6.0,0.0,0.0,0.0,12.0,0.3,0.29,0.5,0.79,113.0,0.335,105.0,15.0,0.0,0.0,4.0,1.0,0.0,1,
Henry Blanco,41.0,2TM,AL,-1.1,50.0,150.0,134.0,11.0,19.0,5.0,0.0,3.0,14.0,0.0,0.0,14.0,36.0,0.142,0.228,0.246,0.474,35.0,0.22,28.0,33.0,5.0,1.0,1.0,0.0,0.0,2/H,
Henry Blanco,41.0,TOR,AL,-0.5,15.0,43.0,38.0,3.0,7.0,3.0,0.0,0.0,0.0,0.0,0.0,4.0,10.0,0.184,0.262,0.263,0.525,45.0,0.242,35.0,10.0,3.0,0.0,1.0,0.0,0.0,2/H,
Henry Blanco,41.0,SEA,AL,-0.7,35.0,107.0,96.0,8.0,12.0,2.0,0.0,3.0,14.0,0.0,0.0,10.0,26.0,0.125,0.215,0.24,0.455,31.0,0.211,25.0,23.0,2.0,1.0,0.0,0.0,0.0,2/H,
Henry Rodríguez,26.0,2TM,NL,0.0,21.0,0.0,0.0,0.0,0.0,0.0,0.0,0.0,0.0,0.0,0.0,0.0,0.0,,,,,,,,0.0,0.0,0.0,0.0,0.0,0.0,1,
Henry Rodríguez,26.0,WSN,NL,0.0,16.0,0.0,0.0,0.0,0.0,0.0,0.0,0.0,0.0,0.0,0.0,0.0,0.0,,,,,,,,0.0,0.0,0.0,0.0,0.0,0.0,1,
Henry Rodríguez,26.0,CHC,NL,0.0,5.0,0.0,0.0,0.0,0.0,0.0,0.0,0.0,0.0,0.0,0.0,0.0,0.0,,,,,,,,0.0,0.0,0.0,0.0,0.0,0.0,/1,
Henry Rodríguez#,23.0,CIN,NL,-0.1,9.0,10.0,9.0,0.0,1.0,0.0,0.0,0.0,0.0,0.0,0.0,1.0,4.0,0.111,0.2,0.111,0.311,-11.0,0.16,-26.0,1.0,0.0,0.0,0.0,0.0,0.0,/H4,
Henry Urrutia*,26.0,BAL,AL,-0.3,24.0,58.0,58.0,5.0,16.0,0.0,1.0,0.0,2.0,0.0,0.0,0.0,11.0,0.276,0.276,0.31,0.586,60.0,0.275,60.0,18.0,2.0,0.0,0.0,0.0,0.0,DH/7,
Hernán Pérez,22.0,DET,AL,-0.2,34.0,71.0,66.0,13.0,13.0,0.0,1.0,0.0,5.0,1.0,0.0,2.0,15.0,0.197,0.217,0.227,0.445,22.0,0.227,19.0,15.0,2.0,0.0,2.0,1.0,0.0,4/HD56,
Hideki Okajima*,37.0,OAK,AL,0.0,2.0,0.0,0.0,0.0,0.0,0.0,0.0,0.0,0.0,0.0,0.0,0.0,0.0,,,,,,,,0.0,0.0,0.0,0.0,0.0,0.0,/1,
Hiram Burgos,25.0,MIL,NL,0.0,6.0,10.0,8.0,0.0,1.0,0.0,0.0,0.0,0.0,0.0,0.0,0.0,6.0,0.125,0.125,0.125,0.25,-31.0,0.113,-104.0,1.0,0.0,0.0,2.0,0.0,0.0,/1,
Hiroki Kuroda,38.0,NYY,AL,-0.1,3.0,6.0,6.0,0.0,0.0,0.0,0.0,0.0,0.0,0.0,0.0,0.0,3.0,0.0,0.0,0.0,0.0,-100.0,0.0,-139.0,0.0,0.0,0.0,0.0,0.0,0.0,1,
Hisanori Takahashi*,38.0,CHC,NL,0.0,3.0,0.0,0.0,0.0,0.0,0.0,0.0,0.0,0.0,0.0,0.0,0.0,0.0,,,,,,,,0.0,0.0,0.0,0.0,0.0,0.0,/1,
Hisashi Iwakuma,32.0,SEA,AL,0.0,1.0,3.0,3.0,0.0,0.0,0.0,0.0,0.0,0.0,0.0,0.0,0.0,2.0,0.0,0.0,0.0,0.0,-100.0,0.0,-130.0,0.0,0.0,0.0,0.0,0.0,0.0,1,"AS,CYA-3,MVP-19"
Homer Bailey,27.0,CIN,NL,0.1,30.0,73.0,58.0,3.0,9.0,1.0,0.0,0.0,1.0,0.0,0.0,3.0,18.0,0.155,0.21,0.172,0.382,8.0,0.178,-32.0,10.0,2.0,1.0,11.0,0.0,0.0,1,
Howie Kendrick,29.0,LAA,AL,3.6,122.0,513.0,478.0,55.0,142.0,21.0,4.0,13.0,54.0,6.0,3.0,23.0,89.0,0.297,0.335,0.439,0.775,118.0,0.351,126.0,210.0,16.0,6.0,3.0,3.0,5.0,*4/D7,
Humberto Quintero,33.0,2TM,2LG,0.5,46.0,140.0,131.0,8.0,31.0,5.0,0.0,4.0,13.0,0.0,0.0,6.0,30.0,0.237,0.275,0.366,0.642,80.0,0.286,74.0,48.0,6.0,1.0,2.0,0.0,1.0,2/H,
Humberto Quintero,33.0,PHI,NL,0.2,24.0,68.0,64.0,3.0,16.0,4.0,0.0,2.0,9.0,0.0,0.0,3.0,15.0,0.25,0.294,0.406,0.7,93.0,0.306,85.0,26.0,3.0,1.0,0.0,0.0,1.0,2/H,
Humberto Quintero,33.0,SEA,AL,0.3,22.0,72.0,67.0,5.0,15.0,1.0,0.0,2.0,4.0,0.0,0.0,3.0,15.0,0.224,0.257,0.328,0.586,67.0,0.267,65.0,22.0,3.0,0.0,2.0,0.0,0.0,2/H,
Hunter Pence,30.0,SFG,NL,3.8,162.0,687.0,629.0,91.0,178.0,35.0,5.0,27.0,99.0,22.0,3.0,52.0,115.0,0.283,0.339,0.483,0.822,133.0,0.371,137.0,304.0,17.0,3.0,0.0,3.0,3.0,*9,MVP-16
Huston Street,29.0,SDP,NL,0.0,55.0,0.0,0.0,0.0,0.0,0.0,0.0,0.0,0.0,0.0,0.0,0.0,0.0,,,,,,,,0.0,0.0,0.0,0.0,0.0,0.0,1,
Hyun Jin Ryu,26.0,LAD,NL,0.3,27.0,66.0,58.0,5.0,12.0,3.0,1.0,0.0,5.0,0.0,0.0,2.0,23.0,0.207,0.233,0.293,0.526,48.0,0.235,29.0,17.0,1.0,0.0,6.0,0.0,0.0,1,ROY-4
Héctor Ambriz*,29.0,HOU,AL,0.0,4.0,0.0,0.0,0.0,0.0,0.0,0.0,0.0,0.0,0.0,0.0,0.0,0.0,,,,,,,,0.0,0.0,0.0,0.0,0.0,0.0,1,
Héctor Giménez#,30.0,CHW,AL,0.3,26.0,80.0,68.0,8.0,13.0,4.0,0.0,2.0,10.0,0.0,0.0,7.0,22.0,0.191,0.275,0.338,0.613,66.0,0.276,59.0,23.0,1.0,2.0,0.0,3.0,1.0,2/H,
Héctor Rondón,25.0,CHC,NL,0.0,43.0,0.0,0.0,0.0,0.0,0.0,0.0,0.0,0.0,0.0,0.0,0.0,0.0,,,,,,,,0.0,0.0,0.0,0.0,0.0,0.0,1,
Héctor Santiago,25.0,CHW,AL,-0.1,5.0,6.0,4.0,0.0,0.0,0.0,0.0,0.0,0.0,0.0,0.0,0.0,1.0,0.0,0.0,0.0,0.0,-100.0,0.0,-264.0,0.0,0.0,0.0,2.0,0.0,0.0,1,
Héctor Sánchez#,23.0,SFG,NL,0.2,63.0,140.0,129.0,8.0,32.0,4.0,0.0,3.0,19.0,0.0,0.0,7.0,29.0,0.248,0.3,0.349,0.649,86.0,0.292,82.0,45.0,1.0,3.0,0.0,1.0,0.0,2H/D,
Ian Desmond,27.0,WSN,NL,4.4,158.0,655.0,600.0,77.0,168.0,38.0,3.0,20.0,80.0,21.0,6.0,43.0,145.0,0.28,0.331,0.453,0.784,113.0,0.35,112.0,272.0,16.0,5.0,2.0,5.0,3.0,*6,SS
Ian Kennedy,28.0,2TM,NL,0.1,31.0,64.0,53.0,1.0,7.0,3.0,0.0,0.0,1.0,0.0,0.0,5.0,28.0,0.132,0.207,0.189,0.396,12.0,0.188,-13.0,10.0,1.0,0.0,6.0,0.0,0.0,1/H,
Ian Kennedy,28.0,ARI,NL,0.0,21.0,44.0,37.0,0.0,5.0,2.0,0.0,0.0,1.0,0.0,0.0,2.0,19.0,0.135,0.179,0.189,0.369,2.0,0.171,-34.0,7.0,1.0,0.0,5.0,0.0,0.0,1/H,
Ian Kennedy,28.0,SDP,NL,0.2,10.0,20.0,16.0,1.0,2.0,1.0,0.0,0.0,0.0,0.0,0.0,3.0,9.0,0.125,0.263,0.188,0.451,33.0,0.224,30.0,3.0,0.0,0.0,1.0,0.0,0.0,1,
Ian Kinsler,31.0,TEX,AL,5.0,136.0,614.0,545.0,85.0,151.0,31.0,2.0,13.0,72.0,15.0,11.0,51.0,59.0,0.277,0.344,0.413,0.757,106.0,0.348,116.0,225.0,5.0,8.0,3.0,7.0,0.0,*4D/H,
Ian Krol*,22.0,WSN,NL,0.0,30.0,0.0,0.0,0.0,0.0,0.0,0.0,0.0,0.0,0.0,0.0,0.0,0.0,,,,,,,,0.0,0.0,0.0,0.0,0.0,0.0,1,
Ichiro Suzuki*,39.0,NYY,AL,2.1,150.0,555.0,520.0,57.0,136.0,15.0,3.0,7.0,35.0,20.0,4.0,26.0,63.0,0.262,0.297,0.342,0.639,77.0,0.294,73.0,178.0,6.0,1.0,6.0,2.0,4.0,*9H8/7D,
Ike Davis*,26.0,NYM,NL,-0.2,103.0,377.0,317.0,37.0,65.0,14.0,0.0,9.0,33.0,4.0,0.0,57.0,101.0,0.205,0.326,0.334,0.661,89.0,0.307,90.0,106.0,9.0,1.0,0.0,2.0,5.0,3H,
Irving Falu#,30.0,KCR,AL,0.0,1.0,4.0,4.0,0.0,1.0,0.0,0.0,0.0,0.0,0.0,0.0,0.0,0.0,0.25,0.25,0.25,0.5,38.0,0.226,25.0,1.0,0.0,0.0,0.0,0.0,0.0,/5,
Iván Nova,26.0,NYY,AL,0.0,1.0,3.0,3.0,0.0,0.0,0.0,0.0,0.0,0.0,0.0,0.0,0.0,3.0,0.0,0.0,0.0,0.0,-100.0,0.0,-139.0,0.0,0.0,0.0,0.0,0.0,0.0,1,
J.C. Boscán,33.0,CHC,NL,0.0,6.0,10.0,9.0,1.0,2.0,1.0,0.0,0.0,0.0,0.0,0.0,0.0,2.0,0.222,0.3,0.333,0.633,75.0,0.291,71.0,3.0,0.0,1.0,0.0,0.0,0.0,/2H,
J.C. Gutiérrez,29.0,KCR,AL,0.0,3.0,0.0,0.0,0.0,0.0,0.0,0.0,0.0,0.0,0.0,0.0,0.0,0.0,,,,,,,,0.0,0.0,0.0,0.0,0.0,0.0,1,
J.D. Martinez,25.0,HOU,AL,-1.2,86.0,310.0,296.0,24.0,74.0,17.0,0.0,7.0,36.0,2.0,0.0,10.0,82.0,0.25,0.272,0.378,0.65,79.0,0.304,84.0,112.0,8.0,0.0,0.0,3.0,0.0,79D/H,
J.J. Hardy,30.0,BAL,AL,3.6,159.0,644.0,601.0,66.0,158.0,27.0,0.0,25.0,76.0,2.0,1.0,38.0,73.0,0.263,0.306,0.433,0.738,99.0,0.329,100.0,260.0,14.0,0.0,3.0,2.0,3.0,*6,"AS,GG,SS"
J.J. Hoover,25.0,CIN,NL,0.0,64.0,0.0,0.0,0.0,0.0,0.0,0.0,0.0,0.0,0.0,0.0,0.0,0.0,,,,,,,,0.0,0.0,0.0,0.0,0.0,0.0,1,
J.J. Putz,36.0,ARI,NL,0.0,37.0,0.0,0.0,0.0,0.0,0.0,0.0,0.0,0.0,0.0,0.0,0.0,0.0,,,,,,,,0.0,0.0,0.0,0.0,0.0,0.0,1,
J.P. Arencibia,27.0,TOR,AL,-0.1,138.0,497.0,474.0,45.0,92.0,18.0,0.0,21.0,55.0,0.0,2.0,18.0,148.0,0.194,0.227,0.365,0.592,59.0,0.265,55.0,173.0,8.0,3.0,0.0,2.0,0.0,*2H/D,
J.P. Howell*,30.0,LAD,NL,0.0,61.0,1.0,1.0,0.0,0.0,0.0,0.0,0.0,0.0,0.0,0.0,0.0,1.0,0.0,0.0,0.0,0.0,-100.0,0.0,-150.0,0.0,0.0,0.0,0.0,0.0,0.0,1,
Jack Hannahan*,33.0,CIN,NL,-0.5,83.0,162.0,139.0,12.0,30.0,5.0,1.0,1.0,14.0,0.0,0.0,19.0,38.0,0.216,0.317,0.288,0.605,69.0,0.284,67.0,40.0,6.0,2.0,0.0,1.0,1.0,H53/4D,
Jackie Bradley Jr.*,23.0,BOS,AL,-0.2,37.0,107.0,95.0,18.0,18.0,5.0,0.0,3.0,10.0,2.0,0.0,10.0,31.0,0.189,0.28,0.337,0.617,68.0,0.301,76.0,32.0,1.0,2.0,0.0,0.0,0.0,87/H9,
Jacob Turner,22.0,MIA,NL,-0.2,19.0,38.0,35.0,0.0,3.0,0.0,1.0,0.0,0.0,0.0,0.0,0.0,16.0,0.086,0.086,0.143,0.229,-38.0,0.121,-69.0,5.0,2.0,0.0,3.0,0.0,0.0,1,
Jacoby Ellsbury*,29.0,BOS,AL,5.8,134.0,636.0,577.0,92.0,172.0,31.0,8.0,9.0,53.0,52.0,4.0,47.0,92.0,0.298,0.355,0.426,0.781,113.0,0.361,111.0,246.0,12.0,5.0,1.0,2.0,3.0,*8,MVP-15
Jaff Decker*,23.0,SDP,NL,-0.2,13.0,31.0,26.0,3.0,4.0,0.0,0.0,1.0,2.0,0.0,1.0,3.0,4.0,0.154,0.233,0.269,0.503,45.0,0.241,57.0,7.0,0.0,0.0,1.0,1.0,0.0,/7H,
Jaime García*,26.0,STL,NL,-0.3,9.0,21.0,21.0,0.0,0.0,0.0,0.0,0.0,0.0,0.0,0.0,0.0,10.0,0.0,0.0,0.0,0.0,-100.0,0.0,-146.0,0.0,1.0,0.0,0.0,0.0,0.0,/1,
Jake Arrieta,27.0,CHC,NL,-0.1,9.0,19.0,15.0,0.0,2.0,0.0,0.0,0.0,2.0,0.0,0.0,0.0,10.0,0.133,0.133,0.133,0.267,-26.0,0.121,-97.0,2.0,0.0,0.0,4.0,0.0,0.0,/1,
Jake Diekman,26.0,PHI,NL,0.0,43.0,0.0,0.0,0.0,0.0,0.0,0.0,0.0,0.0,0.0,0.0,0.0,0.0,,,,,,,,0.0,0.0,0.0,0.0,0.0,0.0,1,
Jake Dunning,24.0,SFG,NL,0.0,28.0,0.0,0.0,0.0,0.0,0.0,0.0,0.0,0.0,0.0,0.0,0.0,0.0,,,,,,,,0.0,0.0,0.0,0.0,0.0,0.0,1,
Jake Elmore,26.0,HOU,AL,-0.5,52.0,136.0,120.0,16.0,29.0,4.0,0.0,2.0,6.0,1.0,6.0,13.0,20.0,0.242,0.313,0.325,0.638,79.0,0.262,70.0,39.0,1.0,0.0,2.0,1.0,0.0,6H4/7D812359,
Jake Marisnick,22.0,MIA,NL,0.2,40.0,118.0,109.0,6.0,20.0,2.0,1.0,1.0,5.0,3.0,1.0,6.0,27.0,0.183,0.231,0.248,0.478,32.0,0.227,21.0,27.0,1.0,1.0,1.0,1.0,0.0,8/H,
Jake McGee*,26.0,TBR,AL,0.0,5.0,0.0,0.0,0.0,0.0,0.0,0.0,0.0,0.0,0.0,0.0,0.0,0.0,,,,,,,,0.0,0.0,0.0,0.0,0.0,0.0,1,
Jake Peavy,32.0,2TM,AL,-0.1,6.0,15.0,15.0,1.0,1.0,1.0,0.0,0.0,0.0,0.0,0.0,0.0,0.0,0.067,0.067,0.133,0.2,-47.0,0.084,-81.0,2.0,0.0,0.0,0.0,0.0,0.0,1,
Jake Peavy,32.0,CHW,AL,-0.1,3.0,6.0,6.0,0.0,0.0,0.0,0.0,0.0,0.0,0.0,0.0,0.0,0.0,0.0,0.0,0.0,0.0,-100.0,0.0,-142.0,0.0,0.0,0.0,0.0,0.0,0.0,1,
Jake Peavy,32.0,BOS,AL,0.0,3.0,9.0,9.0,1.0,1.0,1.0,0.0,0.0,0.0,0.0,0.0,0.0,0.0,0.111,0.111,0.222,0.333,-12.0,0.14,-39.0,2.0,0.0,0.0,0.0,0.0,0.0,1,
Jake Westbrook,35.0,STL,NL,0.3,19.0,42.0,34.0,5.0,6.0,2.0,0.0,0.0,4.0,1.0,0.0,4.0,12.0,0.176,0.263,0.235,0.498,40.0,0.242,24.0,8.0,1.0,0.0,4.0,0.0,0.0,1,
James Loney*,29.0,TBR,AL,2.5,158.0,598.0,549.0,54.0,164.0,33.0,0.0,13.0,75.0,3.0,1.0,44.0,77.0,0.299,0.348,0.43,0.778,117.0,0.34,114.0,236.0,16.0,0.0,1.0,4.0,6.0,*3/HD,
James McDonald*,28.0,PIT,NL,0.1,8.0,12.0,11.0,2.0,3.0,0.0,0.0,0.0,0.0,0.0,0.0,1.0,5.0,0.273,0.333,0.273,0.606,75.0,0.284,74.0,3.0,0.0,0.0,0.0,0.0,0.0,/1H,
James Paxton*,24.0,SEA,AL,0.0,1.0,2.0,1.0,1.0,0.0,0.0,0.0,0.0,0.0,0.0,0.0,1.0,1.0,0.0,0.5,0.0,0.5,61.0,0.348,127.0,0.0,0.0,0.0,0.0,0.0,0.0,/1,
James Russell*,27.0,CHC,NL,0.0,68.0,0.0,0.0,0.0,0.0,0.0,0.0,0.0,0.0,0.0,0.0,0.0,0.0,,,,,,,,0.0,0.0,0.0,0.0,0.0,0.0,1,
James Shields,31.0,KCR,AL,0.0,1.0,3.0,3.0,1.0,1.0,0.0,0.0,0.0,0.0,0.0,0.0,0.0,1.0,0.333,0.333,0.333,0.667,84.0,0.301,79.0,1.0,0.0,0.0,0.0,0.0,0.0,1,CYA-11
Jamey Carroll,39.0,2TM,AL,-0.6,72.0,249.0,227.0,26.0,48.0,9.0,0.0,0.0,11.0,2.0,1.0,17.0,39.0,0.211,0.267,0.251,0.518,44.0,0.249,42.0,57.0,3.0,1.0,2.0,2.0,0.0,54H/61D,
Jamey Carroll,39.0,MIN,AL,-0.1,58.0,206.0,191.0,21.0,44.0,6.0,0.0,0.0,9.0,2.0,0.0,13.0,35.0,0.23,0.283,0.262,0.545,52.0,0.262,50.0,50.0,2.0,1.0,1.0,0.0,0.0,54/H61D,
Jamey Carroll,39.0,KCR,AL,-0.4,14.0,43.0,36.0,5.0,4.0,3.0,0.0,0.0,2.0,0.0,1.0,4.0,4.0,0.111,0.19,0.194,0.385,6.0,0.185,0.0,7.0,1.0,0.0,1.0,2.0,0.0,5/H4,
Jamey Wright,38.0,TBR,AL,0.0,5.0,0.0,0.0,0.0,0.0,0.0,0.0,0.0,0.0,0.0,0.0,0.0,0.0,,,,,,,,0.0,0.0,0.0,0.0,0.0,0.0,1,
Jared Burton,32.0,MIN,AL,0.0,4.0,0.0,0.0,0.0,0.0,0.0,0.0,0.0,0.0,0.0,0.0,0.0,0.0,,,,,,,,0.0,0.0,0.0,0.0,0.0,0.0,1,
Jared Hughes,27.0,PIT,NL,0.0,29.0,2.0,2.0,0.0,0.0,0.0,0.0,0.0,0.0,0.0,0.0,0.0,2.0,0.0,0.0,0.0,0.0,-100.0,0.0,-138.0,0.0,0.0,0.0,0.0,0.0,0.0,1,
Jarrod Dyson*,28.0,KCR,AL,1.6,87.0,239.0,213.0,30.0,55.0,9.0,4.0,2.0,17.0,34.0,6.0,21.0,45.0,0.258,0.326,0.366,0.692,90.0,0.328,82.0,78.0,4.0,1.0,3.0,1.0,1.0,8HD,
Jarrod Saltalamacchia#,28.0,BOS,AL,2.9,121.0,470.0,425.0,68.0,116.0,40.0,0.0,14.0,65.0,4.0,1.0,43.0,139.0,0.273,0.338,0.466,0.804,118.0,0.353,117.0,198.0,7.0,0.0,0.0,2.0,3.0,*2/HD,
Jason Bay,34.0,SEA,AL,0.5,68.0,236.0,206.0,30.0,42.0,6.0,0.0,11.0,20.0,3.0,1.0,26.0,62.0,0.204,0.298,0.393,0.691,97.0,0.313,99.0,81.0,6.0,2.0,1.0,1.0,1.0,79H/D8,
Jason Bourgeois,31.0,TBR,AL,-0.1,9.0,18.0,16.0,2.0,3.0,0.0,0.0,1.0,2.0,0.0,0.0,2.0,4.0,0.188,0.278,0.375,0.653,81.0,0.387,149.0,6.0,0.0,0.0,0.0,0.0,0.0,/7HD9,
Jason Castro*,26.0,HOU,AL,4.2,120.0,491.0,435.0,63.0,120.0,35.0,1.0,18.0,56.0,2.0,1.0,50.0,130.0,0.276,0.35,0.485,0.835,130.0,0.366,132.0,211.0,4.0,2.0,0.0,4.0,3.0,2D/H,AS
Jason Frasor,35.0,TEX,AL,0.0,3.0,0.0,0.0,0.0,0.0,0.0,0.0,0.0,0.0,0.0,0.0,0.0,0.0,,,,,,,,0.0,0.0,0.0,0.0,0.0,0.0,1,
Jason Giambi*,42.0,CLE,AL,-0.6,71.0,216.0,186.0,21.0,34.0,8.0,0.0,9.0,31.0,0.0,1.0,23.0,56.0,0.183,0.282,0.371,0.653,83.0,0.287,79.0,69.0,8.0,4.0,0.0,3.0,0.0,DH,
Jason Grilli,36.0,PIT,NL,0.0,51.0,0.0,0.0,0.0,0.0,0.0,0.0,0.0,0.0,0.0,0.0,0.0,0.0,,,,,,,,0.0,0.0,0.0,0.0,0.0,0.0,1,AS
Jason Hammel,30.0,BAL,AL,-0.1,1.0,4.0,3.0,0.0,0.0,0.0,0.0,0.0,0.0,0.0,0.0,0.0,2.0,0.0,0.0,0.0,0.0,-100.0,0.0,-221.0,0.0,0.0,0.0,1.0,0.0,0.0,1,
Jason Heyward*,23.0,ATL,NL,3.6,104.0,440.0,382.0,67.0,97.0,22.0,1.0,14.0,38.0,2.0,4.0,48.0,73.0,0.254,0.349,0.427,0.776,114.0,0.35,120.0,163.0,7.0,8.0,1.0,0.0,1.0,98/H,
Jason Kipnis*,26.0,CLE,AL,5.0,149.0,658.0,564.0,86.0,160.0,36.0,4.0,17.0,84.0,30.0,7.0,76.0,143.0,0.284,0.366,0.452,0.818,130.0,0.372,136.0,255.0,10.0,3.0,5.0,10.0,3.0,*4/DH,"AS,MVP-11"
Jason Kubel*,31.0,2TM,2LG,-0.8,97.0,290.0,259.0,21.0,56.0,9.0,1.0,5.0,32.0,0.0,1.0,29.0,92.0,0.216,0.293,0.317,0.61,69.0,0.274,59.0,82.0,6.0,0.0,0.0,2.0,6.0,7H/9D,
Jason Kubel*,31.0,ARI,NL,-0.8,89.0,267.0,241.0,21.0,53.0,8.0,1.0,5.0,32.0,0.0,1.0,24.0,82.0,0.22,0.288,0.324,0.612,69.0,0.278,63.0,78.0,6.0,0.0,0.0,2.0,3.0,7H/9D,
Jason Kubel*,31.0,CLE,AL,-0.1,8.0,23.0,18.0,0.0,3.0,1.0,0.0,0.0,0.0,0.0,0.0,5.0,10.0,0.167,0.348,0.222,0.57,67.0,0.218,15.0,4.0,0.0,0.0,0.0,0.0,3.0,/79DH,
Jason Marquis*,34.0,SDP,NL,-0.1,20.0,43.0,42.0,0.0,5.0,1.0,0.0,0.0,2.0,0.0,0.0,0.0,12.0,0.119,0.119,0.143,0.262,-25.0,0.114,-53.0,6.0,1.0,0.0,1.0,0.0,0.0,1/H,
Jason Pridie*,29.0,BAL,AL,-0.4,4.0,10.0,10.0,0.0,2.0,0.0,0.0,0.0,1.0,0.0,0.0,0.0,2.0,0.2,0.2,0.2,0.4,10.0,0.181,-9.0,2.0,0.0,0.0,0.0,0.0,0.0,/78,
Javier López*,35.0,SFG,NL,0.0,64.0,0.0,0.0,0.0,0.0,0.0,0.0,0.0,0.0,0.0,0.0,0.0,0.0,,,,,,,,0.0,0.0,0.0,0.0,0.0,0.0,1,
Javy Guerra,27.0,LAD,NL,0.0,8.0,0.0,0.0,0.0,0.0,0.0,0.0,0.0,0.0,0.0,0.0,0.0,0.0,,,,,,,,0.0,0.0,0.0,0.0,0.0,0.0,/1,
Jay Bruce*,26.0,CIN,NL,5.2,160.0,697.0,626.0,89.0,164.0,43.0,1.0,30.0,109.0,7.0,3.0,63.0,185.0,0.262,0.329,0.478,0.807,120.0,0.358,123.0,299.0,9.0,2.0,0.0,5.0,13.0,*9,"MVP-10,SS"
Jayson Nix,30.0,NYY,AL,0.7,87.0,303.0,267.0,32.0,63.0,9.0,1.0,3.0,24.0,13.0,1.0,24.0,80.0,0.236,0.308,0.311,0.619,73.0,0.296,72.0,83.0,4.0,5.0,4.0,3.0,1.0,65/H4,
Jayson Werth,34.0,WSN,NL,4.6,129.0,532.0,462.0,84.0,147.0,24.0,0.0,25.0,82.0,10.0,1.0,60.0,101.0,0.318,0.398,0.532,0.931,153.0,0.414,161.0,246.0,9.0,5.0,0.0,5.0,3.0,*9/DH,MVP-13
JB Shuck*,26.0,LAA,AL,0.9,129.0,478.0,437.0,60.0,128.0,20.0,3.0,2.0,39.0,8.0,4.0,27.0,54.0,0.293,0.331,0.366,0.697,98.0,0.309,95.0,160.0,10.0,1.0,6.0,7.0,0.0,7DH/9,ROY-5
JC Ramírez,24.0,PHI,NL,0.0,17.0,1.0,1.0,0.0,0.0,0.0,0.0,0.0,0.0,0.0,0.0,0.0,0.0,0.0,0.0,0.0,0.0,-100.0,0.0,-150.0,0.0,0.0,0.0,0.0,0.0,0.0,1,
Jean Machi,31.0,SFG,NL,0.0,50.0,1.0,1.0,0.0,0.0,0.0,0.0,0.0,0.0,0.0,0.0,0.0,1.0,0.0,0.0,0.0,0.0,-100.0,0.0,-150.0,0.0,0.0,0.0,0.0,0.0,0.0,1,
Jean Segura,23.0,MIL,NL,4.1,146.0,623.0,588.0,74.0,173.0,20.0,10.0,12.0,49.0,44.0,13.0,25.0,84.0,0.294,0.329,0.423,0.752,105.0,0.345,106.0,249.0,17.0,6.0,2.0,2.0,1.0,*6/H,AS
Jeanmar Gómez,25.0,PIT,NL,-0.1,31.0,13.0,13.0,0.0,1.0,0.0,0.0,0.0,0.0,0.0,0.0,0.0,9.0,0.077,0.077,0.077,0.154,-56.0,0.07,-87.0,1.0,0.0,0.0,0.0,0.0,0.0,1,
Jed Lowrie#,29.0,OAK,AL,2.2,154.0,662.0,603.0,80.0,175.0,45.0,2.0,15.0,75.0,1.0,0.0,50.0,91.0,0.29,0.344,0.446,0.791,119.0,0.345,116.0,269.0,17.0,2.0,3.0,4.0,3.0,*64D/H,
Jedd Gyorko,24.0,SDP,NL,2.5,125.0,525.0,486.0,62.0,121.0,26.0,0.0,23.0,63.0,1.0,1.0,33.0,123.0,0.249,0.301,0.444,0.745,113.0,0.331,114.0,216.0,14.0,4.0,0.0,2.0,1.0,*45/H,ROY-6
Jeff Baker,32.0,TEX,AL,0.8,74.0,175.0,154.0,21.0,43.0,8.0,0.0,11.0,21.0,1.0,0.0,18.0,48.0,0.279,0.36,0.545,0.905,144.0,0.394,147.0,84.0,5.0,2.0,0.0,1.0,1.0,H37D5/49,
Jeff Bianchi,26.0,MIL,NL,0.7,100.0,252.0,236.0,22.0,56.0,8.0,1.0,1.0,25.0,4.0,4.0,11.0,46.0,0.237,0.272,0.292,0.564,55.0,0.252,44.0,69.0,4.0,1.0,2.0,2.0,0.0,5H64/7,
Jeff Francis*,32.0,COL,NL,0.0,22.0,20.0,14.0,0.0,1.0,1.0,0.0,0.0,1.0,0.0,0.0,2.0,3.0,0.071,0.222,0.143,0.365,-2.0,0.188,-32.0,2.0,1.0,1.0,2.0,1.0,0.0,1,
Jeff Francoeur,29.0,2TM,2LG,-1.3,81.0,256.0,245.0,20.0,50.0,10.0,2.0,3.0,17.0,3.0,0.0,9.0,61.0,0.204,0.238,0.298,0.536,48.0,0.247,39.0,73.0,7.0,2.0,0.0,0.0,2.0,97H/D8,
Jeff Francoeur,29.0,KCR,AL,-0.8,59.0,193.0,183.0,19.0,38.0,8.0,2.0,3.0,13.0,2.0,0.0,8.0,49.0,0.208,0.249,0.322,0.571,55.0,0.258,45.0,59.0,5.0,2.0,0.0,0.0,2.0,9/HD,
Jeff Francoeur,29.0,SFG,NL,-0.5,22.0,63.0,62.0,1.0,12.0,2.0,0.0,0.0,4.0,1.0,0.0,1.0,12.0,0.194,0.206,0.226,0.432,24.0,0.211,18.0,14.0,2.0,0.0,0.0,0.0,0.0,7/H89,
Jeff Keppinger,33.0,CHW,AL,-1.7,117.0,451.0,423.0,38.0,107.0,13.0,1.0,4.0,40.0,0.0,1.0,20.0,41.0,0.253,0.283,0.317,0.6,64.0,0.278,62.0,134.0,14.0,0.0,2.0,5.0,1.0,453DH,
Jeff Kobernus,25.0,WSN,NL,-0.2,24.0,36.0,30.0,8.0,5.0,0.0,0.0,1.0,1.0,3.0,2.0,5.0,6.0,0.167,0.306,0.267,0.572,59.0,0.265,55.0,8.0,0.0,1.0,0.0,0.0,0.0,H/789,
Jeff Locke*,25.0,PIT,NL,-0.1,29.0,54.0,47.0,3.0,5.0,0.0,0.0,0.0,0.0,0.0,0.0,2.0,19.0,0.106,0.143,0.106,0.249,-28.0,0.117,-68.0,5.0,0.0,0.0,5.0,0.0,0.0,1,AS
Jeff Manship,28.0,COL,NL,-0.1,11.0,7.0,7.0,0.0,0.0,0.0,0.0,0.0,0.0,0.0,0.0,0.0,2.0,0.0,0.0,0.0,0.0,-100.0,0.0,-159.0,0.0,1.0,0.0,0.0,0.0,0.0,1,
Jeff Mathis,30.0,MIA,NL,-0.3,73.0,256.0,232.0,14.0,42.0,7.0,1.0,5.0,29.0,0.0,0.0,21.0,76.0,0.181,0.251,0.284,0.535,48.0,0.244,35.0,66.0,5.0,1.0,1.0,1.0,4.0,2/H,
Jeff Samardzija,28.0,CHC,NL,-0.1,31.0,73.0,62.0,4.0,7.0,2.0,0.0,1.0,2.0,0.0,0.0,1.0,31.0,0.113,0.127,0.194,0.321,-13.0,0.157,-49.0,12.0,0.0,0.0,10.0,0.0,0.0,1,
Jemile Weeks#,26.0,OAK,AL,-0.1,8.0,9.0,9.0,3.0,1.0,0.0,0.0,0.0,0.0,0.0,0.0,0.0,5.0,0.111,0.111,0.111,0.222,-37.0,0.201,11.0,1.0,0.0,0.0,0.0,0.0,0.0,/4H8D,
Jenrry Mejía,23.0,NYM,NL,-0.2,6.0,11.0,11.0,0.0,0.0,0.0,0.0,0.0,0.0,0.0,0.0,0.0,6.0,0.0,0.0,0.0,0.0,-100.0,0.0,-139.0,0.0,2.0,0.0,0.0,0.0,0.0,/1H,
Jered Weaver,30.0,LAA,AL,-0.1,2.0,4.0,4.0,0.0,0.0,0.0,0.0,0.0,0.0,0.0,0.0,0.0,4.0,0.0,0.0,0.0,0.0,-100.0,0.0,-132.0,0.0,0.0,0.0,0.0,0.0,0.0,1,
Jeremy Affeldt*,34.0,SFG,NL,0.0,39.0,0.0,0.0,0.0,0.0,0.0,0.0,0.0,0.0,0.0,0.0,0.0,0.0,,,,,,,,0.0,0.0,0.0,0.0,0.0,0.0,1,
Jeremy Bonderman,30.0,2TM,AL,0.0,2.0,2.0,2.0,0.0,0.0,0.0,0.0,0.0,0.0,0.0,0.0,0.0,2.0,0.0,0.0,0.0,0.0,-100.0,0.0,-132.0,0.0,0.0,0.0,0.0,0.0,0.0,1,
Jeremy Bonderman,30.0,SEA,AL,0.0,1.0,2.0,2.0,0.0,0.0,0.0,0.0,0.0,0.0,0.0,0.0,0.0,2.0,0.0,0.0,0.0,0.0,-100.0,0.0,-132.0,0.0,0.0,0.0,0.0,0.0,0.0,/1,
Jeremy Bonderman,30.0,DET,AL,0.0,1.0,0.0,0.0,0.0,0.0,0.0,0.0,0.0,0.0,0.0,0.0,0.0,0.0,,,,,,,,0.0,0.0,0.0,0.0,0.0,0.0,1,
Jeremy Guthrie,34.0,KCR,AL,0.0,2.0,5.0,4.0,0.0,1.0,0.0,0.0,0.0,0.0,0.0,0.0,0.0,2.0,0.25,0.25,0.25,0.5,38.0,0.201,-18.0,1.0,0.0,0.0,0.0,0.0,0.0,1,
Jeremy Hefner,27.0,NYM,NL,-0.4,23.0,39.0,32.0,0.0,0.0,0.0,0.0,0.0,1.0,0.0,0.0,1.0,21.0,0.0,0.059,0.0,0.059,-81.0,0.042,-137.0,0.0,0.0,1.0,5.0,0.0,0.0,1,
Jeremy Hellickson,26.0,TBR,AL,0.0,2.0,3.0,3.0,0.0,1.0,0.0,0.0,0.0,0.0,0.0,0.0,0.0,1.0,0.333,0.333,0.333,0.667,88.0,0.268,61.0,1.0,0.0,0.0,0.0,0.0,0.0,1,
Jeremy Horst*,27.0,PHI,NL,0.0,26.0,0.0,0.0,0.0,0.0,0.0,0.0,0.0,0.0,0.0,0.0,0.0,0.0,,,,,,,,0.0,0.0,0.0,0.0,0.0,0.0,1,
Jeremy Jeffress,25.0,TOR,AL,0.0,1.0,0.0,0.0,0.0,0.0,0.0,0.0,0.0,0.0,0.0,0.0,0.0,0.0,,,,,,,,0.0,0.0,0.0,0.0,0.0,0.0,1,
Jermaine Curtis,25.0,STL,NL,0.0,5.0,5.0,3.0,0.0,0.0,0.0,0.0,0.0,0.0,0.0,0.0,1.0,1.0,0.0,0.4,0.0,0.4,23.0,0.283,67.0,0.0,0.0,1.0,0.0,0.0,0.0,/H7,
Jerome Williams,31.0,LAA,AL,0.0,1.0,2.0,2.0,0.0,0.0,0.0,0.0,0.0,0.0,0.0,0.0,0.0,1.0,0.0,0.0,0.0,0.0,-100.0,0.0,-132.0,0.0,0.0,0.0,0.0,0.0,0.0,1,
Jerry Blevins*,29.0,OAK,AL,0.0,8.0,1.0,1.0,0.0,0.0,0.0,0.0,0.0,0.0,0.0,0.0,0.0,1.0,0.0,0.0,0.0,0.0,-100.0,0.0,-136.0,0.0,0.0,0.0,0.0,0.0,0.0,1,
Jerry Hairston,37.0,LAD,NL,-0.8,96.0,226.0,204.0,17.0,43.0,7.0,0.0,2.0,22.0,0.0,0.0,14.0,22.0,0.211,0.265,0.275,0.539,53.0,0.257,52.0,56.0,7.0,2.0,3.0,3.0,0.0,H573/94,
Jesse Chavez,29.0,OAK,AL,0.0,4.0,1.0,1.0,0.0,0.0,0.0,0.0,0.0,0.0,0.0,0.0,0.0,1.0,0.0,0.0,0.0,0.0,-100.0,0.0,-136.0,0.0,0.0,0.0,0.0,0.0,0.0,1,
Jesse Crain,31.0,CHW,AL,0.0,2.0,0.0,0.0,0.0,0.0,0.0,0.0,0.0,0.0,0.0,0.0,0.0,0.0,,,,,,,,0.0,0.0,0.0,0.0,0.0,0.0,1,AS
Jesús Guzmán,29.0,SDP,NL,-0.1,126.0,318.0,288.0,33.0,65.0,17.0,0.0,9.0,35.0,3.0,0.0,27.0,79.0,0.226,0.297,0.378,0.675,94.0,0.302,90.0,109.0,4.0,2.0,1.0,0.0,1.0,H37/954,
Jesús Montero,23.0,SEA,AL,-0.4,29.0,110.0,101.0,6.0,21.0,1.0,1.0,3.0,9.0,0.0,1.0,8.0,21.0,0.208,0.264,0.327,0.59,69.0,0.259,63.0,33.0,2.0,0.0,0.0,1.0,0.0,2/HD,
Jesús Sucre,25.0,SEA,AL,-0.2,8.0,29.0,26.0,1.0,5.0,0.0,0.0,0.0,3.0,0.0,0.0,2.0,1.0,0.192,0.241,0.192,0.434,27.0,0.204,19.0,5.0,2.0,0.0,0.0,1.0,0.0,/2,
Jeurys Familia,23.0,NYM,NL,0.0,9.0,0.0,0.0,0.0,0.0,0.0,0.0,0.0,0.0,0.0,0.0,0.0,0.0,,,,,,,,0.0,0.0,0.0,0.0,0.0,0.0,/1,
Jhonatan Solano,27.0,WSN,NL,-0.5,24.0,50.0,48.0,2.0,7.0,2.0,0.0,0.0,2.0,0.0,1.0,2.0,7.0,0.146,0.18,0.188,0.368,1.0,0.172,-11.0,9.0,4.0,0.0,0.0,0.0,0.0,2/H,
Jhonny Peralta,31.0,DET,AL,3.0,107.0,448.0,409.0,50.0,124.0,30.0,0.0,11.0,55.0,3.0,3.0,35.0,98.0,0.303,0.358,0.457,0.815,121.0,0.36,124.0,187.0,9.0,1.0,1.0,2.0,2.0,6/7H,AS
Jhoulys Chacín,25.0,COL,NL,0.2,30.0,70.0,63.0,2.0,12.0,1.0,0.0,1.0,7.0,0.0,0.0,3.0,15.0,0.19,0.221,0.254,0.475,23.0,0.224,5.0,16.0,1.0,0.0,2.0,2.0,0.0,1/H,
Jim Adduci*,28.0,TEX,AL,0.1,17.0,34.0,31.0,2.0,8.0,1.0,0.0,0.0,0.0,2.0,0.0,3.0,9.0,0.258,0.324,0.29,0.614,70.0,0.326,87.0,9.0,0.0,0.0,0.0,0.0,0.0,/7H3D,
Jim Henderson*,30.0,MIL,NL,0.0,58.0,0.0,0.0,0.0,0.0,0.0,0.0,0.0,0.0,0.0,0.0,0.0,0.0,,,,,,,,0.0,0.0,0.0,0.0,0.0,0.0,1,
Jim Johnson,30.0,BAL,AL,0.0,5.0,0.0,0.0,0.0,0.0,0.0,0.0,0.0,0.0,0.0,0.0,0.0,0.0,,,,,,,,0.0,0.0,0.0,0.0,0.0,0.0,1,
Jimmy Nelson,24.0,MIL,NL,0.0,4.0,2.0,2.0,0.0,0.0,0.0,0.0,0.0,0.0,0.0,0.0,0.0,2.0,0.0,0.0,0.0,0.0,-100.0,0.0,-143.0,0.0,0.0,0.0,0.0,0.0,0.0,/1,
Jimmy Paredes#,24.0,HOU,AL,-1.6,48.0,135.0,125.0,8.0,24.0,4.0,0.0,1.0,10.0,4.0,4.0,6.0,44.0,0.192,0.231,0.248,0.479,34.0,0.215,25.0,31.0,1.0,1.0,1.0,2.0,0.0,9/H45,
Jimmy Rollins#,34.0,PHI,NL,1.3,160.0,666.0,600.0,65.0,151.0,36.0,2.0,6.0,39.0,22.0,6.0,59.0,93.0,0.252,0.318,0.348,0.667,86.0,0.307,82.0,209.0,12.0,1.0,3.0,3.0,6.0,*6/H,
Joaquin Benoit,35.0,DET,AL,0.0,4.0,0.0,0.0,0.0,0.0,0.0,0.0,0.0,0.0,0.0,0.0,0.0,0.0,,,,,,,,0.0,0.0,0.0,0.0,0.0,0.0,1,
Joaquín Árias,28.0,SFG,NL,0.7,102.0,236.0,225.0,17.0,61.0,9.0,2.0,1.0,19.0,1.0,0.0,4.0,33.0,0.271,0.284,0.342,0.627,79.0,0.282,73.0,77.0,4.0,1.0,4.0,2.0,1.0,5H64/3,
Joba Chamberlain,27.0,NYY,AL,0.0,2.0,0.0,0.0,0.0,0.0,0.0,0.0,0.0,0.0,0.0,0.0,0.0,0.0,,,,,,,,0.0,0.0,0.0,0.0,0.0,0.0,1,
Joe Blanton,32.0,LAA,AL,0.0,3.0,6.0,6.0,0.0,1.0,0.0,0.0,0.0,0.0,0.0,0.0,0.0,2.0,0.167,0.167,0.167,0.333,-5.0,0.151,-21.0,1.0,0.0,0.0,0.0,0.0,0.0,1,
Joe Kelly,25.0,STL,NL,0.0,39.0,40.0,33.0,4.0,5.0,1.0,0.0,0.0,2.0,0.0,0.0,0.0,8.0,0.152,0.171,0.182,0.353,-2.0,0.155,-48.0,6.0,0.0,1.0,5.0,1.0,0.0,1/H,
Joe Mahoney*,26.0,MIA,NL,0.2,9.0,29.0,29.0,2.0,8.0,1.0,0.0,1.0,4.0,0.0,0.0,0.0,4.0,0.276,0.276,0.414,0.69,87.0,0.336,106.0,12.0,0.0,0.0,0.0,0.0,0.0,/3H,
Joe Mauer*,30.0,MIN,AL,5.5,113.0,508.0,445.0,62.0,144.0,35.0,0.0,11.0,47.0,0.0,1.0,61.0,89.0,0.324,0.404,0.476,0.88,142.0,0.386,145.0,212.0,7.0,0.0,0.0,2.0,7.0,2D/3H,"AS,SS"
Joe Nathan,38.0,TEX,AL,0.0,5.0,0.0,0.0,0.0,0.0,0.0,0.0,0.0,0.0,0.0,0.0,0.0,0.0,,,,,,,,0.0,0.0,0.0,0.0,0.0,0.0,1,AS
Joe Ortiz*,22.0,TEX,AL,0.0,4.0,0.0,0.0,0.0,0.0,0.0,0.0,0.0,0.0,0.0,0.0,0.0,0.0,,,,,,,,0.0,0.0,0.0,0.0,0.0,0.0,1,
Joe Paterson,27.0,ARI,NL,0.0,2.0,0.0,0.0,0.0,0.0,0.0,0.0,0.0,0.0,0.0,0.0,0.0,0.0,,,,,,,,0.0,0.0,0.0,0.0,0.0,0.0,/1,
Joe Saunders*,32.0,SEA,AL,-0.1,3.0,6.0,5.0,0.0,0.0,0.0,0.0,0.0,0.0,0.0,0.0,0.0,2.0,0.0,0.0,0.0,0.0,-100.0,0.0,-176.0,0.0,0.0,0.0,1.0,0.0,0.0,1/H,
Joe Savery*,27.0,PHI,NL,0.0,17.0,1.0,0.0,0.0,0.0,0.0,0.0,0.0,0.0,0.0,0.0,0.0,0.0,,,,,,,,0.0,0.0,0.0,1.0,0.0,0.0,1,
Joe Smith,29.0,CLE,AL,0.0,3.0,0.0,0.0,0.0,0.0,0.0,0.0,0.0,0.0,0.0,0.0,0.0,0.0,,,,,,,,0.0,0.0,0.0,0.0,0.0,0.0,1,
Joe Thatcher*,31.0,2TM,NL,0.0,64.0,0.0,0.0,0.0,0.0,0.0,0.0,0.0,0.0,0.0,0.0,0.0,0.0,,,,,,,,0.0,0.0,0.0,0.0,0.0,0.0,1,
Joe Thatcher*,31.0,SDP,NL,0.0,45.0,0.0,0.0,0.0,0.0,0.0,0.0,0.0,0.0,0.0,0.0,0.0,0.0,,,,,,,,0.0,0.0,0.0,0.0,0.0,0.0,1,
Joe Thatcher*,31.0,ARI,NL,0.0,19.0,0.0,0.0,0.0,0.0,0.0,0.0,0.0,0.0,0.0,0.0,0.0,0.0,,,,,,,,0.0,0.0,0.0,0.0,0.0,0.0,1,
Joel Peralta,37.0,TBR,AL,0.0,7.0,0.0,0.0,0.0,0.0,0.0,0.0,0.0,0.0,0.0,0.0,0.0,0.0,,,,,,,,0.0,0.0,0.0,0.0,0.0,0.0,1,
Joey Butler,27.0,TEX,AL,0.2,8.0,15.0,12.0,3.0,4.0,2.0,0.0,0.0,1.0,0.0,0.0,3.0,6.0,0.333,0.467,0.5,0.967,165.0,0.427,173.0,6.0,0.0,0.0,0.0,0.0,0.0,/7H9D,
Joey Terdoslavich#,24.0,ATL,NL,-0.1,55.0,92.0,79.0,11.0,17.0,4.0,0.0,0.0,4.0,1.0,0.0,12.0,24.0,0.215,0.315,0.266,0.581,63.0,0.281,63.0,21.0,2.0,0.0,0.0,1.0,1.0,H7/39,
Joey Votto*,29.0,CIN,NL,6.6,162.0,726.0,581.0,101.0,177.0,30.0,3.0,24.0,73.0,6.0,3.0,135.0,138.0,0.305,0.435,0.491,0.926,156.0,0.408,162.0,285.0,15.0,4.0,0.0,6.0,19.0,*3/H,"AS,MVP-6"
John Axford,30.0,2TM,NL,0.0,71.0,0.0,0.0,0.0,0.0,0.0,0.0,0.0,0.0,0.0,0.0,0.0,0.0,,,,,,,,0.0,0.0,0.0,0.0,0.0,0.0,1,
John Axford,30.0,MIL,NL,0.0,58.0,0.0,0.0,0.0,0.0,0.0,0.0,0.0,0.0,0.0,0.0,0.0,0.0,,,,,,,,0.0,0.0,0.0,0.0,0.0,0.0,1,
John Axford,30.0,STL,NL,0.0,13.0,0.0,0.0,0.0,0.0,0.0,0.0,0.0,0.0,0.0,0.0,0.0,0.0,,,,,,,,0.0,0.0,0.0,0.0,0.0,0.0,1,
John Baker*,32.0,SDP,NL,-0.1,16.0,46.0,40.0,0.0,6.0,0.0,0.0,0.0,2.0,0.0,0.0,6.0,12.0,0.15,0.261,0.15,0.411,23.0,0.206,20.0,6.0,4.0,0.0,0.0,0.0,0.0,2/H,
John Buck,32.0,2TM,NL,0.7,110.0,431.0,392.0,39.0,87.0,11.0,0.0,15.0,62.0,2.0,1.0,29.0,104.0,0.222,0.288,0.365,0.652,85.0,0.304,90.0,143.0,13.0,8.0,0.0,2.0,4.0,2/HD,
John Buck,32.0,NYM,NL,0.6,101.0,407.0,368.0,38.0,79.0,11.0,0.0,15.0,60.0,2.0,1.0,29.0,99.0,0.215,0.285,0.367,0.652,85.0,0.304,90.0,135.0,12.0,8.0,0.0,2.0,4.0,2/HD,
John Buck,32.0,PIT,NL,0.1,9.0,24.0,24.0,1.0,8.0,0.0,0.0,0.0,2.0,0.0,0.0,0.0,5.0,0.333,0.333,0.333,0.667,91.0,0.298,84.0,8.0,1.0,0.0,0.0,0.0,0.0,/2H,
John Danks*,28.0,CHW,AL,-0.1,2.0,4.0,2.0,0.0,0.0,0.0,0.0,0.0,0.0,0.0,0.0,0.0,1.0,0.0,0.0,0.0,0.0,-100.0,0.0,-386.0,0.0,0.0,0.0,2.0,0.0,0.0,1,
John Gast*,24.0,STL,NL,0.0,3.0,6.0,5.0,1.0,0.0,0.0,0.0,0.0,0.0,0.0,0.0,1.0,3.0,0.0,0.167,0.0,0.167,-49.0,0.115,-60.0,0.0,0.0,0.0,0.0,0.0,0.0,/1,
John Hester,29.0,LAA,AL,0.0,1.0,1.0,0.0,1.0,0.0,0.0,0.0,0.0,0.0,0.0,0.0,1.0,0.0,,1.0,,,,0.696,382.0,0.0,0.0,0.0,0.0,0.0,0.0,/2DH,
John Jaso*,29.0,OAK,AL,1.2,70.0,249.0,207.0,31.0,56.0,12.0,0.0,3.0,21.0,2.0,1.0,38.0,45.0,0.271,0.387,0.372,0.759,114.0,0.354,123.0,77.0,5.0,2.0,1.0,1.0,0.0,2DH/3,
John Lackey,34.0,BOS,AL,-0.1,3.0,6.0,5.0,0.0,0.0,0.0,0.0,0.0,0.0,0.0,0.0,0.0,3.0,0.0,0.0,0.0,0.0,-100.0,0.0,-191.0,0.0,0.0,0.0,1.0,0.0,0.0,1,
John Lannan*,28.0,PHI,NL,0.1,14.0,25.0,21.0,2.0,4.0,1.0,0.0,0.0,1.0,0.0,0.0,2.0,11.0,0.19,0.261,0.238,0.499,40.0,0.234,25.0,5.0,0.0,0.0,2.0,0.0,0.0,1,
John Maine,32.0,MIA,NL,0.0,4.0,1.0,0.0,0.0,0.0,0.0,0.0,0.0,0.0,0.0,0.0,0.0,0.0,,,,,,,,0.0,0.0,0.0,1.0,0.0,0.0,/1,
John Mayberry,29.0,PHI,NL,-0.6,134.0,384.0,353.0,47.0,80.0,23.0,1.0,11.0,39.0,5.0,3.0,27.0,90.0,0.227,0.286,0.391,0.677,86.0,0.317,94.0,138.0,6.0,3.0,0.0,1.0,1.0,*98H/73,
John McDonald,38.0,4TM,2LG,-0.5,51.0,77.0,69.0,8.0,8.0,1.0,0.0,1.0,4.0,0.0,0.0,6.0,16.0,0.116,0.197,0.174,0.371,6.0,0.203,10.0,12.0,4.0,1.0,1.0,0.0,0.0,65H4/17,
John McDonald,38.0,2TM,NL,-0.3,37.0,60.0,54.0,5.0,6.0,1.0,0.0,1.0,4.0,0.0,0.0,4.0,12.0,0.111,0.186,0.185,0.372,5.0,0.207,13.0,10.0,4.0,1.0,1.0,0.0,0.0,6H/5417,
John McDonald,38.0,2TM,AL,-0.2,14.0,17.0,15.0,3.0,2.0,0.0,0.0,0.0,0.0,0.0,0.0,2.0,4.0,0.133,0.235,0.133,0.369,7.0,0.188,1.0,2.0,0.0,0.0,0.0,0.0,0.0,/54H,
John McDonald,38.0,PIT,NL,-0.3,16.0,35.0,31.0,0.0,2.0,1.0,0.0,0.0,1.0,0.0,0.0,3.0,8.0,0.065,0.171,0.097,0.268,-21.0,0.168,-13.0,3.0,1.0,1.0,0.0,0.0,0.0,6/4H,
John McDonald,38.0,CLE,AL,-0.1,8.0,8.0,7.0,2.0,0.0,0.0,0.0,0.0,0.0,0.0,0.0,1.0,1.0,0.0,0.125,0.0,0.125,-60.0,0.087,-69.0,0.0,0.0,0.0,0.0,0.0,0.0,/5H,
John McDonald,38.0,PHI,NL,0.0,21.0,25.0,23.0,5.0,4.0,0.0,0.0,1.0,3.0,0.0,0.0,1.0,4.0,0.174,0.208,0.304,0.513,40.0,0.264,51.0,7.0,3.0,0.0,1.0,0.0,0.0,H/56147,
John McDonald,38.0,BOS,AL,-0.1,6.0,9.0,8.0,1.0,2.0,0.0,0.0,0.0,0.0,0.0,0.0,1.0,3.0,0.25,0.333,0.25,0.583,63.0,0.278,63.0,2.0,0.0,0.0,0.0,0.0,0.0,/4,
John Ryan Murphy,22.0,NYY,AL,0.0,16.0,27.0,26.0,3.0,4.0,1.0,0.0,0.0,1.0,0.0,0.0,1.0,9.0,0.154,0.185,0.192,0.377,5.0,0.169,-15.0,5.0,0.0,0.0,0.0,0.0,0.0,2/H,
Johnny Cueto,27.0,CIN,NL,-0.1,9.0,22.0,20.0,1.0,3.0,0.0,0.0,0.0,1.0,0.0,0.0,0.0,5.0,0.15,0.15,0.15,0.3,-16.0,0.131,-63.0,3.0,0.0,0.0,2.0,0.0,0.0,1,
Johnny Giavotella,25.0,KCR,AL,0.1,14.0,48.0,41.0,4.0,9.0,3.0,0.0,0.0,4.0,0.0,0.0,5.0,4.0,0.22,0.333,0.293,0.626,74.0,0.305,82.0,12.0,0.0,2.0,0.0,0.0,0.0,4/DH,
Johnny Hellweg,24.0,MIL,NL,-0.1,8.0,11.0,10.0,0.0,0.0,0.0,0.0,0.0,0.0,0.0,0.0,0.0,4.0,0.0,0.0,0.0,0.0,-100.0,0.0,-172.0,0.0,0.0,0.0,1.0,0.0,0.0,/1,
Johnny Monell*,27.0,SFG,NL,0.0,8.0,9.0,8.0,2.0,1.0,0.0,0.0,0.0,1.0,0.0,0.0,0.0,3.0,0.125,0.222,0.125,0.347,3.0,0.282,74.0,1.0,0.0,1.0,0.0,0.0,0.0,/H2D,
Jon Garland,33.0,COL,NL,0.0,12.0,21.0,19.0,0.0,3.0,1.0,0.0,0.0,0.0,0.0,0.0,0.0,5.0,0.158,0.158,0.211,0.368,-5.0,0.21,-13.0,4.0,1.0,0.0,2.0,0.0,0.0,1,
Jon Jay*,28.0,STL,NL,1.5,157.0,628.0,548.0,75.0,151.0,27.0,2.0,7.0,67.0,10.0,5.0,52.0,103.0,0.276,0.351,0.37,0.721,100.0,0.331,103.0,203.0,13.0,14.0,9.0,5.0,7.0,*8/H,
Jon Lester*,29.0,BOS,AL,-0.1,2.0,7.0,6.0,0.0,0.0,0.0,0.0,0.0,0.0,0.0,0.0,0.0,4.0,0.0,0.0,0.0,0.0,-100.0,0.0,-182.0,0.0,0.0,0.0,1.0,0.0,0.0,1,
Jon Niese*,26.0,NYM,NL,0.4,22.0,45.0,39.0,6.0,8.0,2.0,0.0,0.0,4.0,0.0,0.0,4.0,17.0,0.205,0.279,0.256,0.535,54.0,0.25,47.0,10.0,1.0,0.0,2.0,0.0,0.0,1,
Jon Rauch,34.0,MIA,NL,0.0,15.0,1.0,0.0,0.0,0.0,0.0,0.0,0.0,0.0,0.0,0.0,0.0,0.0,,,,,,,,0.0,0.0,0.0,1.0,0.0,0.0,1,
Jonathan Broxton,29.0,CIN,NL,0.0,34.0,0.0,0.0,0.0,0.0,0.0,0.0,0.0,0.0,0.0,0.0,0.0,0.0,,,,,,,,0.0,0.0,0.0,0.0,0.0,0.0,1,
Jonathan Diaz,28.0,BOS,AL,0.1,5.0,4.0,4.0,2.0,0.0,0.0,0.0,0.0,0.0,0.0,0.0,0.0,0.0,0.0,0.0,0.0,0.0,-100.0,0.0,-141.0,0.0,0.0,0.0,0.0,0.0,0.0,/5H4,
Jonathan Herrera#,28.0,COL,NL,0.1,81.0,215.0,195.0,16.0,57.0,7.0,2.0,1.0,16.0,3.0,2.0,14.0,24.0,0.292,0.336,0.364,0.701,82.0,0.305,69.0,71.0,6.0,0.0,4.0,2.0,3.0,64H/57,
Jonathan Lucroy,27.0,MIL,NL,2.9,147.0,580.0,521.0,59.0,146.0,25.0,6.0,18.0,82.0,9.0,1.0,46.0,69.0,0.28,0.34,0.455,0.795,116.0,0.357,118.0,237.0,16.0,5.0,0.0,8.0,2.0,*23H/D,
Jonathan Papelbon,32.0,PHI,NL,0.0,58.0,0.0,0.0,0.0,0.0,0.0,0.0,0.0,0.0,0.0,0.0,0.0,0.0,,,,,,,,0.0,0.0,0.0,0.0,0.0,0.0,1,
Jonathan Pettibone*,22.0,PHI,NL,0.0,17.0,32.0,29.0,4.0,3.0,1.0,0.0,0.0,0.0,0.0,0.0,3.0,14.0,0.103,0.188,0.138,0.325,-7.0,0.161,-24.0,4.0,0.0,0.0,0.0,0.0,0.0,1,
Jonathan Schoop,21.0,BAL,AL,0.0,5.0,15.0,14.0,5.0,4.0,0.0,0.0,1.0,1.0,0.0,0.0,1.0,2.0,0.286,0.333,0.5,0.833,124.0,0.364,126.0,7.0,2.0,0.0,0.0,0.0,0.0,/4H,
Jonathan Sánchez*,30.0,PIT,NL,0.0,6.0,6.0,5.0,1.0,0.0,0.0,0.0,0.0,0.0,0.0,0.0,1.0,4.0,0.0,0.167,0.0,0.167,-47.0,0.115,-53.0,0.0,0.0,0.0,0.0,0.0,0.0,/1H,
Jonathan Villar#,22.0,HOU,AL,-0.3,58.0,241.0,210.0,26.0,51.0,9.0,2.0,1.0,8.0,18.0,8.0,24.0,71.0,0.243,0.321,0.319,0.64,79.0,0.296,78.0,67.0,5.0,0.0,7.0,0.0,1.0,6/H,
Jonny Gomes,32.0,BOS,AL,1.6,116.0,366.0,312.0,49.0,77.0,17.0,0.0,13.0,52.0,1.0,0.0,43.0,89.0,0.247,0.344,0.426,0.771,110.0,0.339,107.0,133.0,6.0,6.0,0.0,5.0,3.0,7HD/9,
Jordan Brown*,29.0,MIA,NL,-0.1,14.0,17.0,15.0,0.0,3.0,1.0,0.0,0.0,5.0,0.0,0.0,1.0,1.0,0.2,0.235,0.267,0.502,38.0,0.21,11.0,4.0,0.0,0.0,0.0,1.0,0.0,H/D,
Jordan Danks*,26.0,CHW,AL,0.4,79.0,179.0,160.0,15.0,37.0,7.0,0.0,5.0,12.0,7.0,2.0,18.0,57.0,0.231,0.313,0.369,0.682,85.0,0.316,86.0,59.0,5.0,1.0,0.0,0.0,0.0,8H9/D7,
Jordan Lyles,22.0,HOU,AL,-0.1,3.0,7.0,6.0,0.0,0.0,0.0,0.0,0.0,0.0,0.0,0.0,0.0,5.0,0.0,0.0,0.0,0.0,-100.0,0.0,-177.0,0.0,0.0,0.0,1.0,0.0,0.0,1,
Jordan Pacheco,27.0,COL,NL,-1.6,95.0,262.0,247.0,23.0,59.0,15.0,0.0,1.0,22.0,0.0,0.0,10.0,38.0,0.239,0.276,0.312,0.588,52.0,0.27,42.0,77.0,4.0,3.0,1.0,1.0,0.0,3H2/7D,
Jordan Schafer*,26.0,ATL,NL,1.0,94.0,265.0,231.0,32.0,57.0,8.0,3.0,3.0,21.0,22.0,6.0,29.0,73.0,0.247,0.331,0.346,0.677,88.0,0.322,88.0,80.0,1.0,0.0,5.0,0.0,2.0,H897,
Jordan Walden,25.0,ATL,NL,0.0,46.0,0.0,0.0,0.0,0.0,0.0,0.0,0.0,0.0,0.0,0.0,0.0,0.0,,,,,,,,0.0,0.0,0.0,0.0,0.0,0.0,1,
Jordan Zimmermann,27.0,WSN,NL,-0.1,29.0,73.0,65.0,4.0,8.0,1.0,0.0,0.0,2.0,0.0,0.0,1.0,20.0,0.123,0.134,0.138,0.273,-25.0,0.135,-60.0,9.0,0.0,0.0,6.0,1.0,0.0,1,"AS,CYA-7"
Jordany Valdespin*,25.0,NYM,NL,-0.2,66.0,144.0,133.0,16.0,25.0,3.0,1.0,4.0,16.0,4.0,3.0,8.0,28.0,0.188,0.25,0.316,0.566,60.0,0.273,69.0,42.0,1.0,3.0,0.0,0.0,0.0,H84/976,
Jordy Mercer,26.0,PIT,NL,1.3,103.0,365.0,333.0,33.0,95.0,22.0,2.0,8.0,27.0,3.0,2.0,22.0,62.0,0.285,0.336,0.435,0.772,117.0,0.34,117.0,145.0,7.0,4.0,5.0,1.0,6.0,64H/35,
Jorge De La Rosa*,32.0,COL,NL,-0.6,28.0,59.0,52.0,2.0,2.0,0.0,0.0,0.0,0.0,0.0,0.0,2.0,21.0,0.038,0.074,0.038,0.113,-70.0,0.074,-123.0,2.0,0.0,0.0,5.0,0.0,0.0,1,
Jose Altuve,23.0,HOU,AL,1.1,152.0,672.0,626.0,64.0,177.0,31.0,2.0,5.0,52.0,35.0,13.0,32.0,85.0,0.283,0.316,0.363,0.678,89.0,0.304,83.0,227.0,24.0,2.0,4.0,8.0,5.0,*4/D,
Jose Iglesias,23.0,2TM,AL,2.4,109.0,382.0,350.0,39.0,106.0,16.0,2.0,3.0,29.0,5.0,2.0,15.0,60.0,0.303,0.349,0.386,0.735,101.0,0.328,98.0,135.0,7.0,11.0,4.0,2.0,0.0,65/4DH,ROY-2
Jose Iglesias,23.0,BOS,AL,1.7,63.0,234.0,215.0,27.0,71.0,10.0,2.0,1.0,19.0,3.0,1.0,11.0,30.0,0.33,0.376,0.409,0.785,115.0,0.35,115.0,88.0,4.0,6.0,0.0,2.0,0.0,56/4DH,
Jose Iglesias,23.0,DET,AL,0.7,46.0,148.0,135.0,12.0,35.0,6.0,0.0,2.0,10.0,2.0,1.0,4.0,30.0,0.259,0.306,0.348,0.654,78.0,0.292,71.0,47.0,3.0,5.0,4.0,0.0,0.0,6/5DH,
Jose Lobaton#,28.0,TBR,AL,1.5,100.0,311.0,277.0,38.0,69.0,15.0,2.0,7.0,32.0,0.0,1.0,30.0,65.0,0.249,0.32,0.394,0.714,99.0,0.328,106.0,109.0,5.0,0.0,2.0,2.0,0.0,2H/D,
Jose Quintana,24.0,CHW,AL,0.0,1.0,2.0,2.0,0.0,0.0,0.0,0.0,0.0,0.0,0.0,0.0,0.0,1.0,0.0,0.0,0.0,0.0,-100.0,0.0,-141.0,0.0,0.0,0.0,0.0,0.0,0.0,1,
Josh Beckett,33.0,LAD,NL,0.0,7.0,12.0,8.0,0.0,1.0,0.0,0.0,0.0,0.0,0.0,0.0,1.0,3.0,0.125,0.222,0.125,0.347,2.0,0.178,-44.0,1.0,1.0,0.0,3.0,0.0,0.0,/1,
Josh Collmenter,27.0,ARI,NL,-0.1,46.0,12.0,11.0,1.0,1.0,0.0,0.0,0.0,0.0,0.0,0.0,0.0,5.0,0.091,0.167,0.091,0.258,-26.0,0.127,-52.0,1.0,0.0,1.0,0.0,0.0,0.0,1,
Josh Donaldson,27.0,OAK,AL,7.2,158.0,668.0,579.0,89.0,174.0,37.0,3.0,24.0,93.0,5.0,2.0,76.0,110.0,0.301,0.384,0.499,0.883,145.0,0.387,148.0,289.0,15.0,6.0,1.0,6.0,2.0,*5/D36,MVP-4
Josh Edgin,26.0,NYM,NL,0.0,33.0,0.0,0.0,0.0,0.0,0.0,0.0,0.0,0.0,0.0,0.0,0.0,0.0,,,,,,,,0.0,0.0,0.0,0.0,0.0,0.0,1,
Josh Fields,27.0,HOU,AL,0.0,3.0,0.0,0.0,1.0,0.0,0.0,0.0,0.0,0.0,0.0,0.0,0.0,0.0,,,,,,,,0.0,0.0,0.0,0.0,0.0,0.0,1/H,
Josh Hamilton*,32.0,LAA,AL,1.3,151.0,636.0,576.0,73.0,144.0,32.0,5.0,21.0,79.0,4.0,0.0,47.0,158.0,0.25,0.307,0.432,0.739,108.0,0.324,105.0,249.0,16.0,4.0,0.0,9.0,4.0,9D7/8H,
Josh Harrison,25.0,PIT,NL,0.1,60.0,95.0,88.0,10.0,22.0,1.0,2.0,3.0,14.0,2.0,0.0,2.0,10.0,0.25,0.29,0.409,0.699,96.0,0.313,92.0,36.0,4.0,3.0,2.0,0.0,0.0,H94/5617D,
Josh Johnson*,29.0,TOR,AL,0.0,1.0,2.0,1.0,0.0,0.0,0.0,0.0,0.0,0.0,0.0,0.0,1.0,1.0,0.0,0.5,0.0,0.5,55.0,0.348,114.0,0.0,0.0,0.0,0.0,0.0,0.0,1,
Josh Lueke,28.0,TBR,AL,0.0,4.0,0.0,0.0,0.0,0.0,0.0,0.0,0.0,0.0,0.0,0.0,0.0,0.0,,,,,,,,0.0,0.0,0.0,0.0,0.0,0.0,1,
Josh Outman*,28.0,COL,NL,-0.1,57.0,5.0,5.0,0.0,0.0,0.0,0.0,0.0,0.0,0.0,0.0,0.0,2.0,0.0,0.0,0.0,0.0,-100.0,0.0,-160.0,0.0,0.0,0.0,0.0,0.0,0.0,1,
Josh Phegley,25.0,CHW,AL,-0.5,65.0,213.0,204.0,14.0,42.0,7.0,0.0,4.0,22.0,2.0,0.0,5.0,41.0,0.206,0.223,0.299,0.522,41.0,0.239,30.0,61.0,6.0,0.0,2.0,2.0,0.0,2/H4,
Josh Prince,25.0,MIL,NL,-0.1,8.0,9.0,8.0,3.0,1.0,1.0,0.0,0.0,0.0,0.0,0.0,1.0,1.0,0.125,0.222,0.25,0.472,30.0,0.219,16.0,2.0,1.0,0.0,0.0,0.0,0.0,/H759D,
Josh Reddick*,26.0,OAK,AL,2.8,114.0,441.0,385.0,54.0,87.0,19.0,2.0,12.0,56.0,9.0,2.0,46.0,86.0,0.226,0.307,0.379,0.686,91.0,0.309,88.0,146.0,4.0,2.0,1.0,7.0,1.0,*9/HD,
Josh Roenicke,30.0,MIN,AL,0.0,7.0,1.0,1.0,0.0,0.0,0.0,0.0,0.0,0.0,0.0,0.0,0.0,0.0,0.0,0.0,0.0,0.0,-100.0,0.0,-136.0,0.0,0.0,0.0,0.0,0.0,0.0,1,
Josh Rutledge,24.0,COL,NL,-0.3,88.0,314.0,285.0,45.0,67.0,6.0,1.0,7.0,19.0,12.0,0.0,22.0,62.0,0.235,0.294,0.337,0.63,63.0,0.306,62.0,96.0,2.0,2.0,4.0,1.0,1.0,4H6,
Josh Satin,28.0,NYM,NL,1.3,75.0,221.0,190.0,23.0,53.0,15.0,0.0,3.0,17.0,1.0,1.0,30.0,56.0,0.279,0.376,0.405,0.781,123.0,0.346,123.0,77.0,4.0,0.0,0.0,1.0,2.0,3H5/D,
Josh Thole*,26.0,TOR,AL,-0.8,45.0,135.0,120.0,11.0,21.0,3.0,1.0,1.0,8.0,0.0,0.0,12.0,25.0,0.175,0.256,0.242,0.497,38.0,0.239,33.0,29.0,3.0,1.0,2.0,0.0,0.0,2/HD3,
Josh Wall,26.0,LAD,NL,0.0,6.0,0.0,0.0,0.0,0.0,0.0,0.0,0.0,0.0,0.0,0.0,0.0,0.0,,,,,,,,0.0,0.0,0.0,0.0,0.0,0.0,/1,
Josh Willingham,34.0,MIN,AL,0.6,111.0,471.0,389.0,42.0,81.0,20.0,0.0,14.0,48.0,1.0,0.0,66.0,128.0,0.208,0.342,0.368,0.709,96.0,0.333,105.0,143.0,8.0,14.0,0.0,2.0,2.0,7D/H,
Josh Wilson,32.0,ARI,NL,0.4,30.0,65.0,60.0,9.0,12.0,1.0,1.0,1.0,4.0,0.0,0.0,5.0,17.0,0.2,0.262,0.3,0.562,55.0,0.27,56.0,18.0,6.0,0.0,0.0,0.0,0.0,4H/56,
Josmil Pinto,24.0,MIN,AL,0.9,21.0,83.0,76.0,10.0,26.0,5.0,0.0,4.0,12.0,0.0,0.0,6.0,22.0,0.342,0.398,0.566,0.963,162.0,0.417,167.0,43.0,3.0,1.0,0.0,0.0,0.0,2/HD,
José Bautista,32.0,TOR,AL,4.5,118.0,528.0,452.0,82.0,117.0,24.0,0.0,28.0,73.0,7.0,2.0,69.0,84.0,0.259,0.358,0.498,0.856,132.0,0.382,139.0,225.0,13.0,3.0,0.0,4.0,2.0,*9/D53,AS
José Cisnero,24.0,HOU,AL,0.0,3.0,1.0,1.0,0.0,0.0,0.0,0.0,0.0,0.0,0.0,0.0,0.0,1.0,0.0,0.0,0.0,0.0,-100.0,0.0,-136.0,0.0,0.0,0.0,0.0,0.0,0.0,1,
José Constanza*,29.0,ATL,NL,-0.1,21.0,31.0,31.0,2.0,8.0,0.0,0.0,0.0,3.0,0.0,3.0,0.0,5.0,0.258,0.258,0.258,0.516,44.0,0.174,20.0,8.0,1.0,0.0,0.0,0.0,0.0,H/78,
José Contreras,41.0,PIT,NL,0.0,6.0,0.0,0.0,0.0,0.0,0.0,0.0,0.0,0.0,0.0,0.0,0.0,0.0,,,,,,,,0.0,0.0,0.0,0.0,0.0,0.0,/1,
José Domínguez,22.0,LAD,NL,0.0,8.0,1.0,1.0,0.0,0.0,0.0,0.0,0.0,0.0,0.0,0.0,0.0,1.0,0.0,0.0,0.0,0.0,-100.0,0.0,-150.0,0.0,0.0,0.0,0.0,0.0,0.0,/1,
José Fernández,20.0,MIA,NL,0.4,25.0,58.0,50.0,5.0,11.0,1.0,1.0,1.0,5.0,0.0,0.0,0.0,20.0,0.22,0.216,0.34,0.556,50.0,0.239,23.0,17.0,2.0,0.0,7.0,1.0,0.0,1,"AS,CYA-3,ROY-1"
José Mijares*,28.0,SFG,NL,0.0,55.0,0.0,0.0,0.0,0.0,0.0,0.0,0.0,0.0,0.0,0.0,0.0,0.0,,,,,,,,0.0,0.0,0.0,0.0,0.0,0.0,1,
José Molina,38.0,TBR,AL,0.0,99.0,313.0,283.0,26.0,66.0,14.0,0.0,2.0,18.0,2.0,1.0,22.0,63.0,0.233,0.29,0.304,0.594,68.0,0.267,60.0,86.0,11.0,2.0,3.0,3.0,1.0,2/HD,
José Ortega,24.0,DET,AL,0.0,1.0,0.0,0.0,0.0,0.0,0.0,0.0,0.0,0.0,0.0,0.0,0.0,0.0,,,,,,,,0.0,0.0,0.0,0.0,0.0,0.0,1,
José Ramírez#,20.0,CLE,AL,0.1,15.0,14.0,12.0,5.0,4.0,0.0,1.0,0.0,0.0,0.0,1.0,2.0,2.0,0.333,0.429,0.5,0.929,162.0,0.364,161.0,6.0,0.0,0.0,0.0,0.0,0.0,H/456D,
José Reyes#,30.0,TOR,AL,2.6,93.0,419.0,382.0,58.0,113.0,20.0,0.0,10.0,37.0,15.0,6.0,34.0,47.0,0.296,0.353,0.427,0.78,113.0,0.35,115.0,163.0,6.0,1.0,0.0,2.0,2.0,6/H,
José Tábata,24.0,PIT,NL,1.2,106.0,341.0,308.0,35.0,87.0,17.0,5.0,6.0,33.0,3.0,1.0,23.0,45.0,0.282,0.342,0.429,0.771,118.0,0.346,120.0,132.0,6.0,5.0,5.0,0.0,0.0,97H,
José Valverde,35.0,DET,AL,0.0,1.0,0.0,0.0,0.0,0.0,0.0,0.0,0.0,0.0,0.0,0.0,0.0,0.0,,,,,,,,0.0,0.0,0.0,0.0,0.0,0.0,1,
José Veras,32.0,2TM,AL,0.0,6.0,0.0,0.0,0.0,0.0,0.0,0.0,0.0,0.0,0.0,0.0,0.0,0.0,,,,,,,,0.0,0.0,0.0,0.0,0.0,0.0,1,
José Veras,32.0,HOU,AL,0.0,3.0,0.0,0.0,0.0,0.0,0.0,0.0,0.0,0.0,0.0,0.0,0.0,0.0,,,,,,,,0.0,0.0,0.0,0.0,0.0,0.0,1,
José Veras,32.0,DET,AL,0.0,3.0,0.0,0.0,0.0,0.0,0.0,0.0,0.0,0.0,0.0,0.0,0.0,0.0,,,,,,,,0.0,0.0,0.0,0.0,0.0,0.0,1,
José Álvarez*,24.0,DET,AL,0.0,2.0,2.0,1.0,0.0,0.0,0.0,0.0,0.0,0.0,0.0,0.0,1.0,0.0,0.0,0.5,0.0,0.5,53.0,0.348,114.0,0.0,0.0,0.0,0.0,0.0,0.0,1,
Juan Centeno*,23.0,NYM,NL,0.1,4.0,10.0,10.0,0.0,3.0,0.0,0.0,0.0,1.0,0.0,0.0,0.0,1.0,0.3,0.3,0.3,0.6,72.0,0.252,51.0,3.0,0.0,0.0,0.0,0.0,0.0,/2,
Juan Francisco*,26.0,2TM,NL,-0.5,124.0,385.0,348.0,36.0,79.0,12.0,1.0,18.0,48.0,0.0,2.0,32.0,138.0,0.227,0.296,0.422,0.719,95.0,0.312,89.0,147.0,3.0,3.0,0.0,2.0,3.0,35H/D,
Juan Francisco*,26.0,ATL,NL,0.2,35.0,115.0,108.0,10.0,26.0,2.0,0.0,5.0,16.0,0.0,1.0,7.0,43.0,0.241,0.287,0.398,0.685,87.0,0.304,85.0,43.0,0.0,0.0,0.0,0.0,0.0,5/HD,
Juan Francisco*,26.0,MIL,NL,-0.7,89.0,270.0,240.0,26.0,53.0,10.0,1.0,13.0,32.0,0.0,1.0,25.0,95.0,0.221,0.3,0.433,0.733,99.0,0.316,91.0,104.0,3.0,3.0,0.0,2.0,3.0,3H/5,
Juan Lagares,24.0,NYM,NL,3.4,121.0,421.0,392.0,35.0,95.0,21.0,5.0,4.0,34.0,6.0,3.0,20.0,96.0,0.242,0.281,0.352,0.633,80.0,0.284,74.0,138.0,6.0,2.0,5.0,2.0,4.0,*89H,
Juan Nicasio,26.0,COL,NL,0.2,28.0,50.0,36.0,4.0,5.0,0.0,0.0,0.0,3.0,0.0,0.0,4.0,20.0,0.139,0.225,0.139,0.364,-3.0,0.228,-11.0,5.0,0.0,0.0,10.0,0.0,0.0,1,
Juan Pierre*,35.0,MIA,NL,-0.1,113.0,330.0,308.0,36.0,76.0,11.0,2.0,1.0,8.0,23.0,6.0,13.0,27.0,0.247,0.284,0.305,0.589,63.0,0.279,55.0,94.0,4.0,3.0,6.0,0.0,0.0,7H/D,
Juan Pérez,26.0,SFG,NL,1.1,34.0,97.0,89.0,8.0,23.0,5.0,0.0,1.0,8.0,2.0,0.0,6.0,21.0,0.258,0.302,0.348,0.65,86.0,0.291,77.0,31.0,3.0,0.0,1.0,1.0,0.0,87/H9,
Juan Pérez,34.0,TOR,AL,0.0,2.0,0.0,0.0,0.0,0.0,0.0,0.0,0.0,0.0,0.0,0.0,0.0,0.0,,,,,,,,0.0,0.0,0.0,0.0,0.0,0.0,1,
Juan Uribe,34.0,LAD,NL,3.6,132.0,426.0,388.0,47.0,108.0,22.0,2.0,12.0,50.0,5.0,0.0,30.0,81.0,0.278,0.331,0.438,0.769,116.0,0.349,119.0,170.0,12.0,2.0,3.0,3.0,3.0,*5H/3,
Julio Borbón*,27.0,2TM,2LG,-0.4,73.0,118.0,105.0,11.0,21.0,3.0,1.0,1.0,3.0,7.0,1.0,12.0,22.0,0.2,0.282,0.276,0.558,55.0,0.27,47.0,29.0,0.0,0.0,1.0,0.0,0.0,H8/79D,
Julio Borbón*,27.0,TEX,AL,0.0,1.0,1.0,1.0,1.0,0.0,0.0,0.0,0.0,0.0,0.0,0.0,0.0,0.0,0.0,0.0,0.0,0.0,-100.0,0.0,-145.0,0.0,0.0,0.0,0.0,0.0,0.0,/DH,
Julio Borbón*,27.0,CHC,NL,-0.3,72.0,117.0,104.0,10.0,21.0,3.0,1.0,1.0,3.0,7.0,1.0,12.0,22.0,0.202,0.284,0.279,0.563,56.0,0.272,49.0,29.0,0.0,0.0,1.0,0.0,0.0,H8/79D,
Julio Teheran,22.0,ATL,NL,0.5,30.0,65.0,58.0,1.0,13.0,3.0,0.0,0.0,2.0,0.0,0.0,2.0,16.0,0.224,0.25,0.276,0.526,46.0,0.246,34.0,16.0,1.0,0.0,5.0,0.0,0.0,1,ROY-5
Junichi Tazawa,27.0,BOS,AL,0.0,4.0,0.0,0.0,0.0,0.0,0.0,0.0,0.0,0.0,0.0,0.0,0.0,0.0,,,,,,,,0.0,0.0,0.0,0.0,0.0,0.0,1,
Junior Lake,23.0,CHC,NL,1.2,64.0,254.0,236.0,26.0,67.0,16.0,0.0,6.0,16.0,4.0,4.0,13.0,68.0,0.284,0.332,0.428,0.76,108.0,0.353,121.0,101.0,2.0,4.0,1.0,0.0,0.0,78/H,
Jurickson Profar#,20.0,TEX,AL,0.1,85.0,324.0,286.0,30.0,67.0,11.0,0.0,6.0,26.0,2.0,4.0,26.0,63.0,0.234,0.308,0.336,0.644,77.0,0.3,82.0,96.0,1.0,5.0,6.0,1.0,0.0,4D65/H7,
Justin De Fratus#,25.0,PHI,NL,0.0,54.0,0.0,0.0,0.0,0.0,0.0,0.0,0.0,0.0,0.0,0.0,0.0,0.0,,,,,,,,0.0,0.0,0.0,0.0,0.0,0.0,1,
Justin Freeman,26.0,CIN,NL,0.0,1.0,0.0,0.0,0.0,0.0,0.0,0.0,0.0,0.0,0.0,0.0,0.0,0.0,,,,,,,,0.0,0.0,0.0,0.0,0.0,0.0,/1,
Justin Grimm,24.0,2TM,2LG,0.0,11.0,1.0,1.0,0.0,0.0,0.0,0.0,0.0,0.0,0.0,0.0,0.0,0.0,0.0,0.0,0.0,0.0,-100.0,0.0,-145.0,0.0,0.0,0.0,0.0,0.0,0.0,1,
Justin Grimm,24.0,TEX,AL,0.0,1.0,1.0,1.0,0.0,0.0,0.0,0.0,0.0,0.0,0.0,0.0,0.0,0.0,0.0,0.0,0.0,0.0,-100.0,0.0,-145.0,0.0,0.0,0.0,0.0,0.0,0.0,1,
Justin Grimm,24.0,CHC,NL,0.0,10.0,0.0,0.0,0.0,0.0,0.0,0.0,0.0,0.0,0.0,0.0,0.0,0.0,,,,,,,,0.0,0.0,0.0,0.0,0.0,0.0,1,
Justin Masterson,28.0,CLE,AL,0.0,1.0,2.0,2.0,0.0,1.0,0.0,0.0,0.0,0.0,0.0,0.0,0.0,0.0,0.5,0.5,0.5,1.0,185.0,0.402,164.0,1.0,0.0,0.0,0.0,0.0,0.0,1,AS
Justin Maxwell,29.0,2TM,AL,0.5,75.0,262.0,234.0,35.0,59.0,16.0,3.0,7.0,25.0,6.0,2.0,23.0,78.0,0.252,0.328,0.436,0.764,109.0,0.342,111.0,102.0,4.0,4.0,0.0,1.0,0.0,98/HD,
Justin Maxwell,29.0,HOU,AL,0.0,40.0,151.0,137.0,21.0,33.0,10.0,2.0,2.0,8.0,4.0,1.0,12.0,43.0,0.241,0.311,0.387,0.698,93.0,0.316,92.0,53.0,1.0,2.0,0.0,0.0,0.0,89/H,
Justin Maxwell,29.0,KCR,AL,0.5,35.0,111.0,97.0,14.0,26.0,6.0,1.0,5.0,17.0,2.0,1.0,11.0,35.0,0.268,0.351,0.505,0.857,131.0,0.377,136.0,49.0,3.0,2.0,0.0,1.0,0.0,9/H8D,
Justin Morneau*,32.0,2TM,2LG,1.3,152.0,635.0,572.0,62.0,148.0,36.0,0.0,17.0,77.0,0.0,0.0,50.0,110.0,0.259,0.323,0.411,0.734,102.0,0.327,101.0,235.0,12.0,7.0,0.0,6.0,4.0,*3D/H,
Justin Morneau*,32.0,MIN,AL,1.3,127.0,543.0,495.0,56.0,128.0,32.0,0.0,17.0,74.0,0.0,0.0,37.0,98.0,0.259,0.315,0.426,0.741,102.0,0.329,102.0,211.0,9.0,6.0,0.0,5.0,3.0,*3D/H,
Justin Morneau*,32.0,PIT,NL,0.0,25.0,92.0,77.0,6.0,20.0,4.0,0.0,0.0,3.0,0.0,0.0,13.0,12.0,0.26,0.37,0.312,0.681,96.0,0.311,94.0,24.0,3.0,1.0,0.0,1.0,1.0,3/H,
Justin Ruggiano,31.0,MIA,NL,0.4,128.0,472.0,424.0,49.0,94.0,18.0,1.0,18.0,50.0,15.0,8.0,41.0,114.0,0.222,0.298,0.396,0.694,90.0,0.313,88.0,168.0,9.0,5.0,1.0,0.0,1.0,*87H/9D,
Justin Sellers,27.0,LAD,NL,0.1,27.0,77.0,69.0,6.0,13.0,1.0,0.0,1.0,2.0,0.0,0.0,5.0,20.0,0.188,0.263,0.246,0.51,45.0,0.238,37.0,17.0,3.0,2.0,1.0,0.0,0.0,6/H5,
Justin Smoak#,26.0,SEA,AL,1.1,131.0,521.0,454.0,53.0,108.0,19.0,0.0,20.0,50.0,0.0,0.0,64.0,119.0,0.238,0.334,0.412,0.746,113.0,0.339,119.0,187.0,11.0,2.0,0.0,1.0,1.0,*3/DH,
Justin Turner,28.0,NYM,NL,0.5,86.0,214.0,200.0,12.0,56.0,13.0,1.0,2.0,16.0,0.0,1.0,11.0,34.0,0.28,0.319,0.385,0.704,100.0,0.317,101.0,77.0,6.0,1.0,1.0,1.0,1.0,H5634/7D,
Justin Upton,25.0,ATL,NL,2.8,149.0,643.0,558.0,94.0,147.0,27.0,2.0,27.0,70.0,8.0,1.0,75.0,161.0,0.263,0.354,0.464,0.818,124.0,0.367,128.0,259.0,12.0,5.0,1.0,4.0,4.0,*79/HD,
Justin Verlander,30.0,DET,AL,0.0,1.0,2.0,2.0,0.0,0.0,0.0,0.0,0.0,0.0,0.0,0.0,0.0,1.0,0.0,0.0,0.0,0.0,-100.0,0.0,-141.0,0.0,0.0,0.0,0.0,0.0,0.0,1,AS
Justin Wilson*,25.0,PIT,NL,-0.1,54.0,6.0,5.0,0.0,0.0,0.0,0.0,0.0,0.0,0.0,0.0,0.0,5.0,0.0,0.0,0.0,0.0,-100.0,0.0,-187.0,0.0,0.0,0.0,1.0,0.0,0.0,1,
Kameron Loe,31.0,2TM,NL,0.0,16.0,1.0,1.0,0.0,0.0,0.0,0.0,0.0,0.0,0.0,0.0,0.0,0.0,0.0,0.0,0.0,0.0,-100.0,0.0,-160.0,0.0,0.0,0.0,0.0,0.0,0.0,1,
Kameron Loe,31.0,CHC,NL,0.0,7.0,0.0,0.0,0.0,0.0,0.0,0.0,0.0,0.0,0.0,0.0,0.0,0.0,,,,,,,,0.0,0.0,0.0,0.0,0.0,0.0,/1,
Kameron Loe,31.0,ATL,NL,0.0,9.0,1.0,1.0,0.0,0.0,0.0,0.0,0.0,0.0,0.0,0.0,0.0,0.0,0.0,0.0,0.0,0.0,-100.0,0.0,-160.0,0.0,0.0,0.0,0.0,0.0,0.0,/1,
Keith Butler,24.0,STL,NL,0.0,15.0,0.0,0.0,0.0,0.0,0.0,0.0,0.0,0.0,0.0,0.0,0.0,0.0,,,,,,,,0.0,0.0,0.0,0.0,0.0,0.0,1,
Kelly Johnson*,31.0,TBR,AL,0.9,118.0,407.0,366.0,41.0,86.0,12.0,2.0,16.0,52.0,7.0,4.0,35.0,99.0,0.235,0.305,0.41,0.715,99.0,0.314,96.0,150.0,4.0,3.0,0.0,3.0,1.0,74DH5/3,
Kelly Shoppach,33.0,2TM,AL,0.0,36.0,127.0,109.0,11.0,21.0,7.0,0.0,3.0,9.0,0.0,0.0,12.0,46.0,0.193,0.288,0.339,0.627,80.0,0.279,75.0,37.0,0.0,3.0,2.0,1.0,1.0,2/H,
Kelly Shoppach,33.0,SEA,AL,0.0,35.0,125.0,107.0,11.0,21.0,7.0,0.0,3.0,9.0,0.0,0.0,12.0,45.0,0.196,0.293,0.346,0.638,83.0,0.284,78.0,37.0,0.0,3.0,2.0,1.0,1.0,2/H,
Kelly Shoppach,33.0,CLE,AL,0.0,1.0,2.0,2.0,0.0,0.0,0.0,0.0,0.0,0.0,0.0,0.0,0.0,1.0,0.0,0.0,0.0,0.0,-100.0,0.0,-132.0,0.0,0.0,0.0,0.0,0.0,0.0,/2,
Kelvin Herrera,23.0,KCR,AL,0.0,6.0,0.0,0.0,0.0,0.0,0.0,0.0,0.0,0.0,0.0,0.0,0.0,0.0,,,,,,,,0.0,0.0,0.0,0.0,0.0,0.0,1,
Kendrys Morales#,30.0,SEA,AL,2.9,156.0,657.0,602.0,64.0,167.0,34.0,0.0,23.0,80.0,0.0,0.0,49.0,114.0,0.277,0.336,0.449,0.785,123.0,0.348,126.0,270.0,21.0,5.0,0.0,1.0,6.0,*D3/H,
Kenley Jansen#,25.0,LAD,NL,0.0,70.0,1.0,1.0,0.0,0.0,0.0,0.0,0.0,0.0,0.0,0.0,0.0,0.0,0.0,0.0,0.0,0.0,-100.0,0.0,-150.0,0.0,0.0,0.0,0.0,0.0,0.0,1,
Kensuke Tanaka*,32.0,SFG,NL,0.3,15.0,34.0,30.0,4.0,8.0,0.0,0.0,0.0,2.0,2.0,0.0,4.0,3.0,0.267,0.353,0.267,0.62,81.0,0.301,77.0,8.0,0.0,0.0,0.0,0.0,0.0,/7H,
Kevin Correia,32.0,MIN,AL,-0.2,5.0,10.0,7.0,0.0,0.0,0.0,0.0,0.0,0.0,0.0,0.0,0.0,5.0,0.0,0.0,0.0,0.0,-100.0,0.0,-243.0,0.0,0.0,0.0,3.0,0.0,0.0,1/H,
Kevin Frandsen,31.0,PHI,NL,0.1,119.0,278.0,252.0,27.0,59.0,10.0,1.0,5.0,26.0,1.0,0.0,12.0,29.0,0.234,0.296,0.341,0.637,77.0,0.301,80.0,86.0,10.0,11.0,1.0,2.0,0.0,H34/5,
Kevin Gausman*,22.0,BAL,AL,0.0,1.0,1.0,1.0,0.0,0.0,0.0,0.0,0.0,0.0,0.0,0.0,0.0,1.0,0.0,0.0,0.0,0.0,-100.0,0.0,-145.0,0.0,0.0,0.0,0.0,0.0,0.0,1,
Kevin Gregg,35.0,CHC,NL,0.0,58.0,0.0,0.0,0.0,0.0,0.0,0.0,0.0,0.0,0.0,0.0,0.0,0.0,,,,,,,,0.0,0.0,0.0,0.0,0.0,0.0,1,
Kevin Jepsen,28.0,LAA,AL,0.0,2.0,0.0,0.0,0.0,0.0,0.0,0.0,0.0,0.0,0.0,0.0,0.0,0.0,,,,,,,,0.0,0.0,0.0,0.0,0.0,0.0,1,
Kevin Kiermaier*,23.0,TBR,AL,0.0,1.0,0.0,0.0,0.0,0.0,0.0,0.0,0.0,0.0,0.0,0.0,0.0,0.0,,,,,,,,0.0,0.0,0.0,0.0,0.0,0.0,/8,
Kevin Pillar,24.0,TOR,AL,0.1,36.0,110.0,102.0,11.0,21.0,4.0,0.0,3.0,13.0,0.0,1.0,4.0,29.0,0.206,0.25,0.333,0.583,59.0,0.261,53.0,34.0,0.0,2.0,2.0,0.0,0.0,7/9DH,
Kevin Siegrist*,23.0,STL,NL,0.0,42.0,1.0,1.0,0.0,0.0,0.0,0.0,0.0,0.0,0.0,0.0,0.0,1.0,0.0,0.0,0.0,0.0,-100.0,0.0,-160.0,0.0,0.0,0.0,0.0,0.0,0.0,1,
Kevin Slowey,29.0,MIA,NL,-0.2,19.0,28.0,21.0,1.0,1.0,0.0,0.0,0.0,0.0,0.0,0.0,2.0,12.0,0.048,0.13,0.048,0.178,-48.0,0.1,-109.0,1.0,0.0,0.0,5.0,0.0,0.0,1,
Kevin Youkilis,34.0,NYY,AL,-0.4,28.0,118.0,105.0,12.0,23.0,7.0,0.0,2.0,8.0,0.0,0.0,8.0,31.0,0.219,0.305,0.343,0.648,80.0,0.298,80.0,36.0,4.0,5.0,0.0,0.0,1.0,5/3D,
Khris Davis,25.0,MIL,NL,1.3,56.0,153.0,136.0,27.0,38.0,10.0,0.0,11.0,27.0,3.0,0.0,11.0,34.0,0.279,0.353,0.596,0.949,155.0,0.431,172.0,81.0,4.0,5.0,0.0,1.0,0.0,7H/D,
Kirk Nieuwenhuis*,25.0,NYM,NL,0.2,47.0,108.0,95.0,10.0,18.0,3.0,1.0,3.0,14.0,2.0,0.0,12.0,32.0,0.189,0.278,0.337,0.615,75.0,0.278,67.0,32.0,1.0,0.0,0.0,1.0,1.0,8H/79,
Koji Uehara,38.0,BOS,AL,0.0,3.0,0.0,0.0,0.0,0.0,0.0,0.0,0.0,0.0,0.0,0.0,0.0,0.0,,,,,,,,0.0,0.0,0.0,0.0,0.0,0.0,1,"CYA-7,MVP-19"
Kole Calhoun*,25.0,LAA,AL,0.5,58.0,222.0,195.0,29.0,55.0,7.0,2.0,8.0,32.0,2.0,2.0,21.0,41.0,0.282,0.347,0.462,0.808,128.0,0.348,125.0,90.0,6.0,1.0,0.0,5.0,0.0,9/3H,
Kolten Wong*,22.0,STL,NL,-0.7,32.0,62.0,59.0,6.0,9.0,1.0,0.0,0.0,0.0,3.0,0.0,3.0,12.0,0.153,0.194,0.169,0.363,2.0,0.192,-11.0,10.0,2.0,0.0,0.0,0.0,0.0,4H,
Koyie Hill#,34.0,MIA,NL,-0.6,18.0,61.0,58.0,3.0,9.0,2.0,0.0,0.0,0.0,0.0,0.0,2.0,18.0,0.155,0.183,0.19,0.373,3.0,0.17,-22.0,11.0,1.0,0.0,1.0,0.0,0.0,2,
Kris Johnson*,28.0,PIT,NL,0.0,4.0,3.0,2.0,0.0,0.0,0.0,0.0,0.0,0.0,0.0,0.0,0.0,1.0,0.0,0.0,0.0,0.0,-100.0,0.0,-257.0,0.0,0.0,0.0,1.0,0.0,0.0,/1,
Kris Medlen#,27.0,ATL,NL,0.4,30.0,67.0,55.0,3.0,9.0,2.0,0.0,1.0,4.0,1.0,0.0,4.0,23.0,0.164,0.217,0.255,0.471,30.0,0.217,4.0,14.0,0.0,0.0,7.0,1.0,0.0,1,
Kurt Suzuki,29.0,2TM,2LG,-0.1,94.0,316.0,285.0,25.0,66.0,13.0,1.0,5.0,32.0,2.0,0.0,22.0,35.0,0.232,0.29,0.337,0.627,72.0,0.284,64.0,96.0,2.0,3.0,2.0,4.0,6.0,2/H,
Kurt Suzuki,29.0,WSN,NL,-0.4,79.0,281.0,252.0,19.0,56.0,11.0,1.0,3.0,25.0,2.0,0.0,20.0,32.0,0.222,0.283,0.31,0.593,63.0,0.268,51.0,78.0,2.0,3.0,2.0,4.0,6.0,2/H,
Kurt Suzuki,29.0,OAK,AL,0.3,15.0,35.0,33.0,6.0,10.0,2.0,0.0,2.0,7.0,0.0,0.0,2.0,3.0,0.303,0.343,0.545,0.888,143.0,0.41,165.0,18.0,0.0,0.0,0.0,0.0,0.0,2,
Kyle Blanks,26.0,SDP,NL,0.7,88.0,308.0,280.0,31.0,68.0,14.0,0.0,8.0,35.0,1.0,1.0,21.0,85.0,0.243,0.305,0.379,0.684,97.0,0.311,99.0,106.0,2.0,5.0,0.0,2.0,1.0,973H/D,
Kyle Farnsworth,37.0,2TM,2LG,0.0,13.0,0.0,0.0,0.0,0.0,0.0,0.0,0.0,0.0,0.0,0.0,0.0,0.0,,,,,,,,0.0,0.0,0.0,0.0,0.0,0.0,1,
Kyle Farnsworth,37.0,TBR,AL,0.0,5.0,0.0,0.0,0.0,0.0,0.0,0.0,0.0,0.0,0.0,0.0,0.0,0.0,,,,,,,,0.0,0.0,0.0,0.0,0.0,0.0,1,
Kyle Farnsworth,37.0,PIT,NL,0.0,8.0,0.0,0.0,0.0,0.0,0.0,0.0,0.0,0.0,0.0,0.0,0.0,0.0,,,,,,,,0.0,0.0,0.0,0.0,0.0,0.0,/1,
Kyle Kendrick,28.0,PHI,NL,-0.1,32.0,66.0,56.0,1.0,7.0,1.0,1.0,0.0,2.0,0.0,0.0,1.0,20.0,0.125,0.155,0.179,0.334,-7.0,0.151,-50.0,10.0,1.0,1.0,8.0,0.0,0.0,1/H,
Kyle Lohse,34.0,MIL,NL,-0.1,30.0,68.0,55.0,2.0,8.0,0.0,0.0,0.0,3.0,0.0,0.0,1.0,29.0,0.145,0.161,0.145,0.306,-15.0,0.14,-73.0,8.0,0.0,0.0,12.0,0.0,0.0,1/H,
Kyle Seager*,25.0,SEA,AL,3.9,160.0,695.0,615.0,79.0,160.0,32.0,2.0,22.0,69.0,9.0,3.0,68.0,122.0,0.26,0.338,0.426,0.764,118.0,0.342,121.0,262.0,8.0,7.0,0.0,5.0,1.0,*5/H,
Kyle Skipworth*,23.0,MIA,NL,-0.1,4.0,4.0,3.0,0.0,0.0,0.0,0.0,0.0,0.0,0.0,0.0,1.0,1.0,0.0,0.25,0.0,0.25,-23.0,0.173,-20.0,0.0,1.0,0.0,0.0,0.0,0.0,/H2,
Kyuji Fujikawa*,32.0,CHC,NL,0.0,12.0,0.0,0.0,0.0,0.0,0.0,0.0,0.0,0.0,0.0,0.0,0.0,0.0,,,,,,,,0.0,0.0,0.0,0.0,0.0,0.0,1,
L.J. Hoes,23.0,2TM,AL,-0.1,47.0,184.0,170.0,24.0,48.0,7.0,2.0,1.0,10.0,7.0,1.0,12.0,35.0,0.282,0.332,0.365,0.696,94.0,0.317,90.0,62.0,4.0,1.0,0.0,1.0,0.0,9/7H8D,
L.J. Hoes,23.0,BAL,AL,-0.1,1.0,3.0,3.0,0.0,0.0,0.0,0.0,0.0,0.0,0.0,0.0,0.0,1.0,0.0,0.0,0.0,0.0,-100.0,0.0,-142.0,0.0,0.0,0.0,0.0,0.0,0.0,/7,
L.J. Hoes,23.0,HOU,AL,0.0,46.0,181.0,167.0,24.0,48.0,7.0,2.0,1.0,10.0,7.0,1.0,12.0,34.0,0.287,0.337,0.371,0.708,97.0,0.322,94.0,62.0,4.0,1.0,0.0,1.0,0.0,9/H78D,
Lance Berkman#,37.0,TEX,AL,-0.1,73.0,294.0,256.0,27.0,62.0,10.0,1.0,6.0,34.0,0.0,0.0,38.0,52.0,0.242,0.34,0.359,0.7,92.0,0.312,88.0,92.0,7.0,0.0,0.0,0.0,3.0,D/3H,
Lance Lynn#,26.0,STL,NL,-0.2,31.0,69.0,54.0,1.0,4.0,0.0,0.0,0.0,2.0,0.0,0.0,4.0,30.0,0.074,0.138,0.074,0.212,-39.0,0.124,-81.0,4.0,0.0,0.0,11.0,0.0,0.0,1,
LaTroy Hawkins,40.0,NYM,NL,0.0,69.0,0.0,0.0,0.0,0.0,0.0,0.0,0.0,0.0,0.0,0.0,0.0,0.0,,,,,,,,0.0,0.0,0.0,0.0,0.0,0.0,1,
Laynce Nix*,32.0,PHI,NL,-0.3,81.0,136.0,128.0,11.0,23.0,4.0,0.0,2.0,7.0,1.0,0.0,8.0,44.0,0.18,0.228,0.258,0.486,35.0,0.223,20.0,33.0,2.0,0.0,0.0,0.0,2.0,H9/378,
Leonys Martín*,25.0,TEX,AL,3.5,147.0,508.0,457.0,66.0,119.0,21.0,6.0,8.0,49.0,36.0,9.0,28.0,104.0,0.26,0.313,0.385,0.698,90.0,0.321,87.0,176.0,6.0,8.0,12.0,3.0,0.0,*89H/7D,
Leury García#,22.0,2TM,AL,-0.1,45.0,111.0,101.0,10.0,20.0,1.0,1.0,0.0,2.0,7.0,2.0,7.0,34.0,0.198,0.248,0.228,0.475,31.0,0.232,21.0,23.0,0.0,0.0,2.0,1.0,0.0,4H/658D,
Leury García#,22.0,TEX,AL,-0.3,25.0,57.0,52.0,8.0,10.0,0.0,1.0,0.0,1.0,1.0,0.0,3.0,16.0,0.192,0.236,0.231,0.467,29.0,0.219,13.0,12.0,0.0,0.0,2.0,0.0,0.0,4/H56D,
Leury García#,22.0,CHW,AL,0.2,20.0,54.0,49.0,2.0,10.0,1.0,0.0,0.0,1.0,6.0,2.0,4.0,18.0,0.204,0.259,0.224,0.484,34.0,0.244,30.0,11.0,0.0,0.0,0.0,1.0,0.0,/48H65,
Logan Forsythe,26.0,SDP,NL,0.0,75.0,243.0,220.0,22.0,47.0,6.0,1.0,6.0,19.0,6.0,1.0,19.0,54.0,0.214,0.281,0.332,0.613,77.0,0.29,79.0,73.0,5.0,2.0,1.0,1.0,2.0,4H567/9,
Logan Morrison*,25.0,MIA,NL,-0.3,85.0,333.0,293.0,32.0,71.0,13.0,4.0,6.0,36.0,0.0,0.0,38.0,56.0,0.242,0.333,0.375,0.709,95.0,0.32,93.0,110.0,10.0,2.0,0.0,0.0,5.0,3/HD,
Logan Ondrusek,28.0,CIN,NL,0.0,49.0,0.0,0.0,0.0,0.0,0.0,0.0,0.0,0.0,0.0,0.0,0.0,0.0,,,,,,,,0.0,0.0,0.0,0.0,0.0,0.0,1,
Logan Schafer*,26.0,MIL,NL,0.4,134.0,337.0,298.0,29.0,63.0,15.0,3.0,4.0,33.0,7.0,1.0,25.0,60.0,0.211,0.279,0.322,0.601,65.0,0.282,59.0,96.0,5.0,3.0,11.0,0.0,1.0,7H89,
Logan Watkins*,23.0,CHC,NL,-0.3,27.0,42.0,38.0,2.0,8.0,1.0,0.0,0.0,0.0,0.0,0.0,3.0,14.0,0.211,0.268,0.237,0.505,41.0,0.234,27.0,9.0,0.0,0.0,1.0,0.0,0.0,H/4,
Lonnie Chisenhall*,24.0,CLE,AL,1.1,94.0,308.0,289.0,30.0,65.0,17.0,0.0,11.0,36.0,1.0,0.0,16.0,56.0,0.225,0.27,0.398,0.668,86.0,0.313,96.0,115.0,8.0,2.0,1.0,0.0,0.0,5/HD,
Lorenzo Cain,27.0,KCR,AL,3.1,115.0,442.0,399.0,54.0,100.0,21.0,3.0,4.0,46.0,14.0,6.0,33.0,90.0,0.251,0.31,0.348,0.658,80.0,0.297,75.0,139.0,10.0,4.0,0.0,6.0,2.0,*89/HD,
Lou Marson,27.0,CLE,AL,-0.1,3.0,5.0,3.0,0.0,0.0,0.0,0.0,0.0,0.0,0.0,0.0,2.0,0.0,0.0,0.4,0.0,0.4,27.0,0.278,71.0,0.0,0.0,0.0,0.0,0.0,0.0,/2,
Louis Coleman,27.0,KCR,AL,0.0,3.0,0.0,0.0,0.0,0.0,0.0,0.0,0.0,0.0,0.0,0.0,0.0,0.0,,,,,,,,0.0,0.0,0.0,0.0,0.0,0.0,1,
Lucas Duda*,27.0,NYM,NL,-0.1,100.0,384.0,318.0,42.0,71.0,16.0,0.0,15.0,33.0,0.0,3.0,55.0,102.0,0.223,0.352,0.415,0.767,118.0,0.337,118.0,132.0,1.0,9.0,0.0,2.0,4.0,73/HD,
Lucas Harrell#,28.0,HOU,AL,0.1,4.0,6.0,4.0,0.0,1.0,0.0,0.0,0.0,0.0,0.0,0.0,2.0,2.0,0.25,0.5,0.25,0.75,118.0,0.382,144.0,1.0,0.0,0.0,0.0,0.0,0.0,1/H,
Lucas Luetge*,26.0,SEA,AL,0.0,1.0,0.0,0.0,0.0,0.0,0.0,0.0,0.0,0.0,0.0,0.0,0.0,0.0,,,,,,,,0.0,0.0,0.0,0.0,0.0,0.0,1,
Luis Avilán*,23.0,ATL,NL,0.0,70.0,1.0,0.0,0.0,0.0,0.0,0.0,0.0,0.0,0.0,0.0,0.0,0.0,,,,,,,,0.0,0.0,0.0,1.0,0.0,0.0,1,
Luis Ayala,35.0,ATL,NL,0.0,36.0,0.0,0.0,0.0,0.0,0.0,0.0,0.0,0.0,0.0,0.0,0.0,0.0,,,,,,,,0.0,0.0,0.0,0.0,0.0,0.0,1,
Luis Cruz,29.0,2TM,2LG,-0.5,61.0,187.0,173.0,18.0,25.0,3.0,0.0,1.0,11.0,1.0,0.0,6.0,33.0,0.145,0.19,0.179,0.369,5.0,0.175,-13.0,31.0,6.0,4.0,3.0,1.0,1.0,56/H37,
Luis Cruz,29.0,LAD,NL,-0.6,45.0,128.0,118.0,12.0,15.0,2.0,0.0,1.0,6.0,0.0,0.0,5.0,20.0,0.127,0.175,0.169,0.344,-2.0,0.163,-21.0,20.0,3.0,2.0,2.0,1.0,1.0,56/H37,
Luis Cruz,29.0,NYY,AL,0.1,16.0,59.0,55.0,6.0,10.0,1.0,0.0,0.0,5.0,1.0,0.0,1.0,13.0,0.182,0.224,0.2,0.424,19.0,0.201,4.0,11.0,3.0,2.0,1.0,0.0,0.0,5/6,
Luis García,26.0,PHI,NL,0.0,22.0,2.0,2.0,0.0,0.0,0.0,0.0,0.0,0.0,0.0,0.0,0.0,1.0,0.0,0.0,0.0,0.0,-100.0,0.0,-143.0,0.0,0.0,0.0,0.0,0.0,0.0,1,
Luis Jiménez,25.0,LAA,AL,0.4,34.0,110.0,104.0,15.0,27.0,6.0,0.0,0.0,5.0,0.0,2.0,2.0,28.0,0.26,0.291,0.317,0.608,73.0,0.278,79.0,33.0,2.0,3.0,0.0,1.0,0.0,5/3DH6,
Luis Mendoza,29.0,KCR,AL,0.1,3.0,5.0,5.0,0.0,2.0,0.0,0.0,0.0,1.0,0.0,0.0,0.0,2.0,0.4,0.4,0.4,0.8,121.0,0.361,124.0,2.0,0.0,0.0,0.0,0.0,0.0,1,
Luis Pérez*,28.0,TOR,AL,0.0,1.0,0.0,0.0,0.0,0.0,0.0,0.0,0.0,0.0,0.0,0.0,0.0,0.0,,,,,,,,0.0,0.0,0.0,0.0,0.0,0.0,/1,
Luis Valbuena*,27.0,CHC,NL,1.2,108.0,391.0,331.0,34.0,72.0,15.0,1.0,12.0,37.0,1.0,4.0,53.0,63.0,0.218,0.331,0.378,0.708,95.0,0.321,98.0,125.0,4.0,4.0,1.0,2.0,4.0,5H/47D,
Luke Gregerson*,29.0,SDP,NL,0.0,69.0,0.0,0.0,0.0,0.0,0.0,0.0,0.0,0.0,0.0,0.0,0.0,0.0,,,,,,,,0.0,0.0,0.0,0.0,0.0,0.0,1,
Luke Hochevar,29.0,KCR,AL,0.0,3.0,0.0,0.0,0.0,0.0,0.0,0.0,0.0,0.0,0.0,0.0,0.0,0.0,,,,,,,,0.0,0.0,0.0,0.0,0.0,0.0,1,
Luke Montz,29.0,OAK,AL,-0.3,13.0,30.0,28.0,2.0,5.0,3.0,0.0,1.0,5.0,0.0,0.0,1.0,8.0,0.179,0.2,0.393,0.593,61.0,0.248,45.0,11.0,0.0,0.0,0.0,1.0,0.0,D/H3,
Luke Putkonen,27.0,DET,AL,0.0,4.0,0.0,0.0,0.0,0.0,0.0,0.0,0.0,0.0,0.0,0.0,0.0,0.0,,,,,,,,0.0,0.0,0.0,0.0,0.0,0.0,1,
Luke Scott*,35.0,TBR,AL,0.2,91.0,291.0,253.0,27.0,61.0,13.0,2.0,9.0,40.0,1.0,1.0,30.0,63.0,0.241,0.326,0.415,0.741,107.0,0.322,102.0,105.0,5.0,4.0,0.0,4.0,1.0,DH/73,
Lyle Overbay*,36.0,NYY,AL,0.0,142.0,486.0,445.0,43.0,107.0,24.0,1.0,14.0,59.0,2.0,0.0,36.0,111.0,0.24,0.295,0.393,0.688,89.0,0.31,88.0,175.0,16.0,0.0,0.0,4.0,0.0,*3H/9D,
Madison Bumgarner,23.0,SFG,NL,0.0,29.0,69.0,56.0,3.0,6.0,0.0,0.0,0.0,4.0,0.0,0.0,5.0,30.0,0.107,0.177,0.107,0.285,-16.0,0.142,-46.0,6.0,1.0,0.0,7.0,1.0,0.0,1,"AS,CYA-9"
Maicer Izturis#,32.0,TOR,AL,-0.8,107.0,399.0,365.0,33.0,86.0,12.0,0.0,5.0,32.0,1.0,5.0,27.0,38.0,0.236,0.288,0.31,0.597,65.0,0.276,66.0,113.0,11.0,1.0,3.0,3.0,0.0,456/H,
Maikel Cleto,24.0,STL,NL,0.0,1.0,1.0,1.0,0.0,0.0,0.0,0.0,0.0,0.0,0.0,0.0,0.0,1.0,0.0,0.0,0.0,0.0,-100.0,0.0,-160.0,0.0,0.0,0.0,0.0,0.0,0.0,/1,
Manny Corpas,30.0,COL,NL,-0.1,29.0,4.0,3.0,0.0,0.0,0.0,0.0,0.0,0.0,0.0,0.0,0.0,3.0,0.0,0.0,0.0,0.0,-100.0,0.0,-248.0,0.0,0.0,0.0,1.0,0.0,0.0,1,
Manny Machado,20.0,BAL,AL,5.9,156.0,710.0,667.0,88.0,189.0,51.0,3.0,14.0,71.0,6.0,7.0,29.0,113.0,0.283,0.314,0.432,0.746,102.0,0.329,102.0,288.0,15.0,2.0,9.0,3.0,0.0,*5,"AS,MVP-9,GG"
Manny Parra*,30.0,CIN,NL,0.1,52.0,2.0,2.0,1.0,1.0,0.0,0.0,0.0,0.0,0.0,0.0,0.0,0.0,0.5,0.5,0.5,1.0,179.0,0.453,195.0,1.0,0.0,0.0,0.0,0.0,0.0,1,
Marc Krauss*,25.0,HOU,AL,-0.3,52.0,146.0,134.0,11.0,28.0,9.0,0.0,4.0,13.0,2.0,0.0,10.0,45.0,0.209,0.267,0.366,0.633,74.0,0.281,66.0,49.0,2.0,1.0,0.0,1.0,0.0,7HD/93,
Marc Rzepczynski*,27.0,2TM,2LG,0.0,13.0,1.0,1.0,0.0,0.0,0.0,0.0,0.0,0.0,0.0,0.0,0.0,1.0,0.0,0.0,0.0,0.0,-100.0,0.0,-160.0,0.0,0.0,0.0,0.0,0.0,0.0,1,
Marc Rzepczynski*,27.0,STL,NL,0.0,11.0,1.0,1.0,0.0,0.0,0.0,0.0,0.0,0.0,0.0,0.0,0.0,1.0,0.0,0.0,0.0,0.0,-100.0,0.0,-160.0,0.0,0.0,0.0,0.0,0.0,0.0,1,
Marc Rzepczynski*,27.0,CLE,AL,0.0,2.0,0.0,0.0,0.0,0.0,0.0,0.0,0.0,0.0,0.0,0.0,0.0,0.0,,,,,,,,0.0,0.0,0.0,0.0,0.0,0.0,1,
Marcell Ozuna,22.0,MIA,NL,0.9,70.0,291.0,275.0,31.0,73.0,17.0,4.0,3.0,32.0,5.0,1.0,13.0,57.0,0.265,0.303,0.389,0.693,90.0,0.317,89.0,107.0,6.0,2.0,1.0,0.0,0.0,98/H,
Marco Estrada,29.0,MIL,NL,0.2,19.0,40.0,34.0,1.0,7.0,1.0,0.0,0.0,2.0,0.0,0.0,1.0,16.0,0.206,0.229,0.235,0.464,28.0,0.212,-2.0,8.0,0.0,0.0,5.0,0.0,0.0,1,
Marco Scutaro,37.0,SFG,NL,2.2,127.0,547.0,488.0,57.0,145.0,23.0,3.0,2.0,31.0,2.0,0.0,45.0,34.0,0.297,0.357,0.369,0.726,109.0,0.338,116.0,180.0,13.0,2.0,9.0,3.0,0.0,*4/DH,AS
Marcus Semien,22.0,CHW,AL,0.6,21.0,71.0,69.0,7.0,18.0,4.0,0.0,2.0,7.0,2.0,2.0,1.0,22.0,0.261,0.268,0.406,0.673,80.0,0.307,88.0,28.0,1.0,0.0,0.0,1.0,0.0,5/46,
Mariano Rivera,43.0,NYY,AL,0.0,5.0,0.0,0.0,0.0,0.0,0.0,0.0,0.0,0.0,0.0,0.0,0.0,0.0,,,,,,,,0.0,0.0,0.0,0.0,0.0,0.0,1,AS
Mark Buehrle*,34.0,TOR,AL,-0.1,2.0,4.0,4.0,0.0,0.0,0.0,0.0,0.0,0.0,0.0,0.0,0.0,1.0,0.0,0.0,0.0,0.0,-100.0,0.0,-141.0,0.0,0.0,0.0,0.0,0.0,0.0,1,
Mark DeRosa,38.0,TOR,AL,0.7,88.0,236.0,204.0,23.0,48.0,12.0,1.0,7.0,36.0,0.0,0.0,28.0,49.0,0.235,0.326,0.407,0.733,100.0,0.33,102.0,83.0,8.0,1.0,0.0,3.0,1.0,H453D/7,
Mark Ellis,36.0,LAD,NL,3.1,126.0,480.0,433.0,46.0,117.0,13.0,2.0,6.0,48.0,4.0,1.0,26.0,74.0,0.27,0.323,0.351,0.674,91.0,0.314,94.0,152.0,5.0,10.0,6.0,5.0,2.0,*4H/5,
Mark Kotsay*,37.0,SDP,NL,-1.7,104.0,171.0,155.0,8.0,30.0,2.0,0.0,1.0,12.0,0.0,2.0,13.0,25.0,0.194,0.253,0.226,0.479,40.0,0.222,36.0,35.0,1.0,0.0,1.0,2.0,0.0,H7/93D,
Mark Lowe*,30.0,LAA,AL,0.0,2.0,0.0,0.0,0.0,0.0,0.0,0.0,0.0,0.0,0.0,0.0,0.0,0.0,,,,,,,,0.0,0.0,0.0,0.0,0.0,0.0,1,
Mark Melancon,28.0,PIT,NL,0.0,68.0,0.0,0.0,0.0,0.0,0.0,0.0,0.0,0.0,0.0,0.0,0.0,0.0,,,,,,,,0.0,0.0,0.0,0.0,0.0,0.0,1,AS
Mark Reynolds,29.0,2TM,AL,-0.3,135.0,504.0,445.0,55.0,98.0,14.0,0.0,21.0,67.0,3.0,1.0,51.0,154.0,0.22,0.306,0.393,0.699,95.0,0.312,94.0,175.0,9.0,5.0,0.0,3.0,1.0,35DH/4,
Mark Reynolds,29.0,CLE,AL,-1.0,99.0,384.0,335.0,40.0,72.0,8.0,0.0,15.0,48.0,3.0,0.0,43.0,123.0,0.215,0.307,0.373,0.68,92.0,0.306,90.0,125.0,7.0,3.0,0.0,3.0,1.0,35D/H,
Mark Reynolds,29.0,NYY,AL,0.7,36.0,120.0,110.0,15.0,26.0,6.0,0.0,6.0,19.0,0.0,1.0,8.0,31.0,0.236,0.3,0.455,0.755,106.0,0.331,108.0,50.0,2.0,2.0,0.0,0.0,0.0,35/H4,
Mark Teixeira#,33.0,NYY,AL,-0.2,15.0,63.0,53.0,5.0,8.0,1.0,0.0,3.0,12.0,0.0,0.0,8.0,19.0,0.151,0.27,0.34,0.609,68.0,0.261,52.0,18.0,1.0,1.0,0.0,1.0,2.0,3/D,
Mark Trumbo,27.0,LAA,AL,1.7,159.0,678.0,620.0,85.0,145.0,30.0,2.0,34.0,100.0,5.0,2.0,54.0,184.0,0.234,0.294,0.453,0.747,109.0,0.33,110.0,281.0,18.0,0.0,0.0,4.0,6.0,*39D/75,
Marlon Byrd,35.0,2TM,NL,4.8,147.0,579.0,532.0,75.0,155.0,35.0,5.0,24.0,88.0,2.0,4.0,31.0,144.0,0.291,0.336,0.511,0.847,138.0,0.372,143.0,272.0,11.0,8.0,1.0,7.0,2.0,*9H/78,
Marlon Byrd,35.0,NYM,NL,3.9,117.0,464.0,425.0,61.0,121.0,26.0,5.0,21.0,71.0,2.0,4.0,25.0,124.0,0.285,0.33,0.518,0.848,138.0,0.372,143.0,220.0,6.0,7.0,1.0,6.0,2.0,*9/H8,
Marlon Byrd,35.0,PIT,NL,0.9,30.0,115.0,107.0,14.0,34.0,9.0,0.0,3.0,17.0,0.0,0.0,6.0,20.0,0.318,0.357,0.486,0.843,137.0,0.374,141.0,52.0,5.0,1.0,0.0,1.0,0.0,9/7H,
Martín Maldonado,26.0,MIL,NL,-0.2,67.0,202.0,183.0,13.0,31.0,7.0,1.0,4.0,22.0,0.0,0.0,13.0,53.0,0.169,0.236,0.284,0.52,42.0,0.242,33.0,52.0,2.0,3.0,3.0,0.0,1.0,2H3,
Martín Prado,29.0,ARI,NL,3.0,155.0,664.0,609.0,70.0,172.0,36.0,2.0,14.0,82.0,3.0,5.0,47.0,53.0,0.282,0.333,0.417,0.75,105.0,0.336,108.0,254.0,29.0,2.0,0.0,6.0,2.0,*547/H6,
Martín Pérez*,22.0,TEX,AL,0.0,2.0,5.0,5.0,0.0,0.0,0.0,0.0,0.0,0.0,0.0,0.0,0.0,4.0,0.0,0.0,0.0,0.0,-100.0,0.181,-9.0,0.0,0.0,0.0,0.0,0.0,0.0,1,ROY-6
Marwin González#,24.0,HOU,AL,0.7,72.0,222.0,204.0,22.0,45.0,8.0,0.0,4.0,14.0,6.0,2.0,9.0,37.0,0.221,0.252,0.319,0.571,58.0,0.274,61.0,65.0,5.0,0.0,8.0,1.0,0.0,64/H5D,
Mat Latos,25.0,CIN,NL,-0.2,31.0,78.0,71.0,3.0,9.0,2.0,0.0,0.0,4.0,0.0,0.0,1.0,28.0,0.127,0.139,0.155,0.294,-19.0,0.132,-59.0,11.0,0.0,0.0,6.0,0.0,0.0,1,
Matt Adams*,24.0,STL,NL,1.2,108.0,319.0,296.0,46.0,84.0,14.0,0.0,17.0,51.0,0.0,1.0,23.0,80.0,0.284,0.335,0.503,0.839,129.0,0.37,133.0,149.0,9.0,0.0,0.0,0.0,0.0,3H,
Matt Albers*,30.0,CLE,AL,0.0,5.0,0.0,0.0,0.0,0.0,0.0,0.0,0.0,0.0,0.0,0.0,0.0,0.0,,,,,,,,0.0,0.0,0.0,0.0,0.0,0.0,1,
Matt Belisle,33.0,COL,NL,0.0,68.0,1.0,1.0,0.0,0.0,0.0,0.0,0.0,0.0,0.0,0.0,0.0,1.0,0.0,0.0,0.0,0.0,-100.0,0.0,-170.0,0.0,0.0,0.0,0.0,0.0,0.0,1,
Matt Cain,28.0,SFG,NL,-0.3,30.0,64.0,52.0,0.0,5.0,0.0,0.0,0.0,2.0,0.0,0.0,2.0,22.0,0.096,0.13,0.096,0.226,-34.0,0.106,-87.0,5.0,1.0,0.0,10.0,0.0,0.0,1,
Matt Carpenter*,27.0,STL,NL,6.6,157.0,717.0,626.0,126.0,199.0,55.0,7.0,11.0,78.0,3.0,3.0,72.0,98.0,0.318,0.392,0.481,0.873,140.0,0.387,146.0,301.0,4.0,9.0,3.0,7.0,1.0,*45/H39,"AS,MVP-4,SS"
Matt Carson,31.0,CLE,AL,0.6,20.0,13.0,11.0,5.0,7.0,0.0,0.0,1.0,3.0,3.0,0.0,1.0,1.0,0.636,0.692,0.909,1.601,350.0,0.734,365.0,10.0,0.0,1.0,0.0,0.0,0.0,9H/7D,
Matt Davidson,22.0,ARI,NL,0.2,31.0,87.0,76.0,8.0,18.0,6.0,0.0,3.0,12.0,0.0,1.0,10.0,24.0,0.237,0.333,0.434,0.768,110.0,0.33,106.0,33.0,1.0,1.0,0.0,0.0,1.0,5H,
Matt den Dekker*,25.0,NYM,NL,0.0,27.0,63.0,58.0,7.0,12.0,1.0,0.0,1.0,6.0,4.0,1.0,4.0,23.0,0.207,0.27,0.276,0.546,56.0,0.262,52.0,16.0,0.0,1.0,0.0,0.0,0.0,8/9H7,
Matt Diaz,35.0,MIA,NL,-0.1,10.0,19.0,18.0,1.0,3.0,1.0,0.0,0.0,1.0,0.0,0.0,1.0,3.0,0.167,0.211,0.222,0.433,20.0,0.199,3.0,4.0,1.0,0.0,0.0,0.0,0.0,/H7,
Matt Dominguez,23.0,HOU,AL,2.4,152.0,589.0,543.0,56.0,131.0,25.0,0.0,21.0,77.0,0.0,1.0,30.0,96.0,0.241,0.286,0.403,0.69,89.0,0.305,87.0,219.0,17.0,7.0,2.0,7.0,1.0,*5/HD,
Matt Garza,29.0,CHC,NL,0.1,8.0,20.0,18.0,1.0,4.0,1.0,0.0,0.0,2.0,0.0,0.0,0.0,9.0,0.222,0.263,0.278,0.541,50.0,0.238,28.0,5.0,0.0,1.0,1.0,0.0,0.0,1,
Matt Guerrier,34.0,2TM,NL,0.0,45.0,1.0,1.0,0.0,0.0,0.0,0.0,0.0,0.0,0.0,0.0,0.0,1.0,0.0,0.0,0.0,0.0,-100.0,0.0,-150.0,0.0,0.0,0.0,0.0,0.0,0.0,1,
Matt Guerrier,34.0,LAD,NL,0.0,31.0,1.0,1.0,0.0,0.0,0.0,0.0,0.0,0.0,0.0,0.0,0.0,1.0,0.0,0.0,0.0,0.0,-100.0,0.0,-150.0,0.0,0.0,0.0,0.0,0.0,0.0,1,
Matt Guerrier,34.0,CHC,NL,0.0,14.0,0.0,0.0,0.0,0.0,0.0,0.0,0.0,0.0,0.0,0.0,0.0,0.0,,,,,,,,0.0,0.0,0.0,0.0,0.0,0.0,1,
Matt Harvey,24.0,NYM,NL,-0.3,26.0,64.0,58.0,2.0,5.0,2.0,0.0,0.0,2.0,0.0,0.0,1.0,27.0,0.086,0.102,0.121,0.222,-37.0,0.101,-76.0,7.0,2.0,0.0,5.0,0.0,0.0,1/H,"AS,CYA-4"
Matt Holliday,33.0,STL,NL,2.6,141.0,602.0,520.0,103.0,156.0,31.0,1.0,22.0,94.0,6.0,1.0,69.0,86.0,0.3,0.389,0.49,0.879,142.0,0.391,147.0,255.0,31.0,9.0,0.0,4.0,5.0,*7/DH,MVP-23
Matt Joyce*,28.0,TBR,AL,1.7,140.0,481.0,413.0,61.0,97.0,22.0,0.0,18.0,47.0,7.0,3.0,59.0,87.0,0.235,0.328,0.419,0.747,108.0,0.332,108.0,173.0,8.0,2.0,0.0,7.0,0.0,*79HD,
Matt Kemp,28.0,LAD,NL,0.7,73.0,290.0,263.0,35.0,71.0,15.0,0.0,6.0,33.0,9.0,0.0,22.0,76.0,0.27,0.328,0.395,0.723,104.0,0.327,99.0,104.0,11.0,2.0,0.0,3.0,3.0,8/H,
Matt Langwell,27.0,ARI,NL,0.0,8.0,1.0,1.0,0.0,0.0,0.0,0.0,0.0,0.0,0.0,0.0,0.0,0.0,0.0,0.0,0.0,0.0,-100.0,0.0,-160.0,0.0,0.0,0.0,0.0,0.0,0.0,/1,
Matt Lindstrom,33.0,CHW,AL,0.0,8.0,0.0,0.0,0.0,0.0,0.0,0.0,0.0,0.0,0.0,0.0,0.0,0.0,,,,,,,,0.0,0.0,0.0,0.0,0.0,0.0,1,
Matt Magill,23.0,LAD,NL,-0.1,6.0,8.0,7.0,0.0,0.0,0.0,0.0,0.0,0.0,0.0,0.0,0.0,5.0,0.0,0.0,0.0,0.0,-100.0,0.0,-174.0,0.0,0.0,0.0,1.0,0.0,0.0,/1,
Matt Moore*,24.0,TBR,AL,0.0,1.0,2.0,2.0,0.0,0.0,0.0,0.0,0.0,0.0,0.0,0.0,0.0,0.0,0.0,0.0,0.0,0.0,-100.0,0.0,-136.0,0.0,0.0,0.0,0.0,0.0,0.0,1,"AS,CYA-9"
Matt Pagnozzi,30.0,HOU,AL,-0.2,9.0,22.0,21.0,1.0,3.0,0.0,0.0,0.0,0.0,0.0,0.0,1.0,3.0,0.143,0.182,0.143,0.325,-8.0,0.15,-28.0,3.0,0.0,0.0,0.0,0.0,0.0,/2DH,
Matt Reynolds*,28.0,ARI,NL,0.0,27.0,0.0,0.0,0.0,0.0,0.0,0.0,0.0,0.0,0.0,0.0,0.0,0.0,,,,,,,,0.0,0.0,0.0,0.0,0.0,0.0,1,
Matt Thornton*,36.0,CHW,AL,0.0,2.0,0.0,0.0,0.0,0.0,0.0,0.0,0.0,0.0,0.0,0.0,0.0,0.0,,,,,,,,0.0,0.0,0.0,0.0,0.0,0.0,1,
Matt Tuiasosopo,27.0,DET,AL,0.5,81.0,191.0,164.0,26.0,40.0,7.0,0.0,7.0,30.0,0.0,0.0,25.0,57.0,0.244,0.351,0.415,0.765,108.0,0.367,127.0,68.0,3.0,2.0,0.0,0.0,0.0,7H3/5D,
Matt Wieters#,27.0,BAL,AL,1.2,148.0,579.0,523.0,59.0,123.0,29.0,0.0,22.0,79.0,2.0,0.0,43.0,104.0,0.235,0.287,0.417,0.704,90.0,0.308,84.0,218.0,7.0,0.0,1.0,12.0,5.0,*2/HD,
Mauricio Robles*,24.0,PHI,NL,0.0,3.0,0.0,0.0,0.0,0.0,0.0,0.0,0.0,0.0,0.0,0.0,0.0,0.0,,,,,,,,0.0,0.0,0.0,0.0,0.0,0.0,/1,
Max Scherzer,28.0,DET,AL,0.1,1.0,3.0,3.0,0.0,1.0,1.0,0.0,0.0,1.0,0.0,0.0,0.0,0.0,0.333,0.333,0.667,1.0,164.0,0.419,167.0,2.0,0.0,0.0,0.0,0.0,0.0,1,"AS,CYA-1,MVP-12"
Max Stassi,22.0,HOU,AL,0.0,3.0,8.0,7.0,0.0,2.0,0.0,0.0,0.0,1.0,0.0,0.0,0.0,2.0,0.286,0.375,0.286,0.661,88.0,0.317,95.0,2.0,1.0,1.0,0.0,0.0,0.0,/D2,
Melky Cabrera#,28.0,TOR,AL,0.1,88.0,372.0,344.0,39.0,96.0,15.0,2.0,3.0,30.0,2.0,2.0,23.0,47.0,0.279,0.322,0.36,0.682,88.0,0.31,88.0,124.0,7.0,0.0,2.0,3.0,0.0,7/DH,
Melky Mesa,26.0,NYY,AL,0.1,5.0,14.0,13.0,2.0,5.0,2.0,0.0,0.0,1.0,0.0,1.0,1.0,2.0,0.385,0.429,0.538,0.967,166.0,0.381,167.0,7.0,0.0,0.0,0.0,0.0,0.0,/789H,
Michael Blazek,24.0,2TM,NL,0.0,16.0,0.0,0.0,0.0,0.0,0.0,0.0,0.0,0.0,0.0,0.0,0.0,0.0,,,,,,,,0.0,0.0,0.0,0.0,0.0,0.0,1,
Michael Blazek,24.0,STL,NL,0.0,9.0,0.0,0.0,0.0,0.0,0.0,0.0,0.0,0.0,0.0,0.0,0.0,0.0,,,,,,,,0.0,0.0,0.0,0.0,0.0,0.0,1,
Michael Blazek,24.0,MIL,NL,0.0,7.0,0.0,0.0,0.0,0.0,0.0,0.0,0.0,0.0,0.0,0.0,0.0,0.0,,,,,,,,0.0,0.0,0.0,0.0,0.0,0.0,/1,
Michael Bourn*,30.0,CLE,AL,2.3,130.0,575.0,525.0,75.0,138.0,21.0,6.0,6.0,50.0,23.0,12.0,40.0,132.0,0.263,0.316,0.36,0.676,91.0,0.298,86.0,189.0,2.0,2.0,5.0,3.0,0.0,*8/HD,
Michael Bowden,26.0,CHC,NL,0.0,34.0,0.0,0.0,0.0,0.0,0.0,0.0,0.0,0.0,0.0,0.0,0.0,0.0,,,,,,,,0.0,0.0,0.0,0.0,0.0,0.0,1,
Michael Brantley*,26.0,CLE,AL,3.0,151.0,611.0,556.0,66.0,158.0,26.0,3.0,10.0,73.0,17.0,4.0,40.0,67.0,0.284,0.332,0.396,0.728,105.0,0.325,103.0,220.0,11.0,4.0,3.0,8.0,1.0,*7/H8,
Michael Choice,23.0,OAK,AL,0.1,9.0,19.0,18.0,2.0,5.0,1.0,0.0,0.0,0.0,0.0,0.0,1.0,6.0,0.278,0.316,0.333,0.649,82.0,0.33,106.0,6.0,0.0,0.0,0.0,0.0,0.0,/978DH,
Michael Cuddyer,34.0,COL,NL,2.1,130.0,540.0,489.0,74.0,162.0,31.0,3.0,20.0,84.0,10.0,3.0,46.0,100.0,0.331,0.389,0.53,0.919,136.0,0.403,142.0,259.0,13.0,2.0,0.0,3.0,5.0,*93/HD,"AS,MVP-20,SS"
Michael Kirkman*,26.0,TEX,AL,0.0,3.0,0.0,0.0,0.0,0.0,0.0,0.0,0.0,0.0,0.0,0.0,0.0,0.0,,,,,,,,0.0,0.0,0.0,0.0,0.0,0.0,1,
Michael Kohn,27.0,LAA,AL,0.0,4.0,0.0,0.0,0.0,0.0,0.0,0.0,0.0,0.0,0.0,0.0,0.0,0.0,,,,,,,,0.0,0.0,0.0,0.0,0.0,0.0,1,
Michael Martínez#,30.0,PHI,NL,-0.5,29.0,40.0,40.0,5.0,7.0,0.0,0.0,0.0,3.0,1.0,0.0,0.0,12.0,0.175,0.175,0.175,0.35,-2.0,0.163,-27.0,7.0,1.0,0.0,0.0,0.0,0.0,H8/6579,
Michael McKenry,28.0,PIT,NL,-0.5,41.0,122.0,115.0,9.0,25.0,6.0,0.0,3.0,14.0,0.0,0.0,5.0,24.0,0.217,0.262,0.348,0.61,72.0,0.281,71.0,40.0,2.0,2.0,0.0,0.0,0.0,2H,
Michael Roth*,23.0,LAA,AL,0.0,1.0,0.0,0.0,0.0,0.0,0.0,0.0,0.0,0.0,0.0,0.0,0.0,0.0,,,,,,,,0.0,0.0,0.0,0.0,0.0,0.0,1,
Michael Saunders*,26.0,SEA,AL,1.5,132.0,468.0,406.0,59.0,96.0,23.0,3.0,12.0,46.0,13.0,5.0,54.0,118.0,0.236,0.323,0.397,0.72,106.0,0.327,109.0,161.0,6.0,1.0,1.0,6.0,4.0,*897H/D,
Michael Stutes,26.0,PHI,NL,0.0,14.0,1.0,1.0,0.0,0.0,0.0,0.0,0.0,0.0,0.0,0.0,0.0,0.0,0.0,0.0,0.0,0.0,-100.0,0.0,-150.0,0.0,0.0,0.0,0.0,0.0,0.0,1,
Michael Taylor,27.0,OAK,AL,-0.7,9.0,25.0,23.0,0.0,1.0,0.0,0.0,0.0,0.0,0.0,0.0,2.0,5.0,0.043,0.12,0.043,0.163,-51.0,0.092,-70.0,1.0,1.0,0.0,0.0,0.0,0.0,/97H,
Michael Wacha,21.0,STL,NL,-0.1,15.0,22.0,21.0,0.0,3.0,0.0,0.0,0.0,3.0,0.0,0.0,0.0,10.0,0.143,0.143,0.143,0.286,-20.0,0.125,-59.0,3.0,0.0,0.0,1.0,0.0,0.0,1,
Michael Young,36.0,2TM,NL,-1.2,147.0,565.0,519.0,52.0,145.0,26.0,5.0,8.0,46.0,1.0,0.0,43.0,83.0,0.279,0.335,0.395,0.73,103.0,0.326,100.0,205.0,21.0,1.0,0.0,2.0,4.0,53H/46,
Michael Young,36.0,PHI,NL,-1.1,126.0,512.0,468.0,49.0,129.0,24.0,4.0,8.0,42.0,1.0,0.0,42.0,78.0,0.276,0.336,0.395,0.731,103.0,0.328,101.0,185.0,18.0,1.0,0.0,1.0,4.0,53/H,
Michael Young,36.0,LAD,NL,-0.1,21.0,53.0,51.0,3.0,16.0,2.0,1.0,0.0,4.0,0.0,0.0,1.0,5.0,0.314,0.321,0.392,0.713,101.0,0.306,89.0,20.0,3.0,0.0,0.0,1.0,0.0,/35H46,
Miguel Cabrera,30.0,DET,AL,7.5,148.0,652.0,555.0,103.0,193.0,26.0,1.0,44.0,137.0,3.0,0.0,90.0,94.0,0.348,0.442,0.636,1.078,190.0,0.456,195.0,353.0,19.0,5.0,0.0,2.0,19.0,*5/DH,"AS,MVP-1,SS"
Miguel González,22.0,CHW,AL,0.0,5.0,9.0,9.0,0.0,2.0,0.0,0.0,0.0,0.0,0.0,0.0,0.0,3.0,0.222,0.222,0.222,0.444,22.0,0.29,71.0,2.0,0.0,0.0,0.0,0.0,0.0,/2DH,
Miguel González,29.0,BAL,AL,0.0,2.0,4.0,3.0,0.0,0.0,0.0,0.0,0.0,0.0,0.0,0.0,0.0,1.0,0.0,0.0,0.0,0.0,-100.0,0.302,73.0,0.0,1.0,0.0,1.0,0.0,0.0,1,
Miguel Montero*,29.0,ARI,NL,0.3,116.0,475.0,413.0,44.0,95.0,14.0,0.0,11.0,42.0,0.0,0.0,51.0,110.0,0.23,0.318,0.344,0.662,83.0,0.303,81.0,142.0,18.0,5.0,0.0,6.0,4.0,*2/H,
Miguel Olivo,34.0,MIA,NL,-0.1,33.0,80.0,74.0,5.0,15.0,2.0,0.0,4.0,9.0,0.0,0.0,5.0,23.0,0.203,0.25,0.392,0.642,74.0,0.283,66.0,29.0,2.0,0.0,0.0,1.0,0.0,2H/3D,
Miguel Tejada,39.0,KCR,AL,0.3,53.0,167.0,156.0,15.0,45.0,5.0,0.0,3.0,20.0,1.0,0.0,6.0,25.0,0.288,0.317,0.378,0.695,90.0,0.321,93.0,59.0,6.0,1.0,3.0,1.0,1.0,45H/3D,
Mike Adams,34.0,PHI,NL,0.0,25.0,0.0,0.0,0.0,0.0,0.0,0.0,0.0,0.0,0.0,0.0,0.0,0.0,,,,,,,,0.0,0.0,0.0,0.0,0.0,0.0,1,
Mike Aviles,32.0,CLE,AL,0.6,124.0,394.0,361.0,54.0,91.0,15.0,0.0,9.0,46.0,8.0,5.0,15.0,41.0,0.252,0.282,0.368,0.65,83.0,0.285,76.0,133.0,11.0,3.0,7.0,8.0,0.0,56H4/D79,
Mike Baxter*,28.0,NYM,NL,-0.2,74.0,155.0,132.0,14.0,25.0,6.0,1.0,0.0,4.0,5.0,2.0,17.0,28.0,0.189,0.303,0.25,0.553,60.0,0.271,64.0,33.0,1.0,5.0,0.0,1.0,0.0,H97,
Mike Carp*,27.0,BOS,AL,1.5,86.0,243.0,216.0,34.0,64.0,18.0,2.0,9.0,43.0,1.0,0.0,22.0,67.0,0.296,0.362,0.523,0.885,139.0,0.384,140.0,113.0,3.0,2.0,0.0,3.0,0.0,73H/D9,
Mike Dunn*,28.0,MIA,NL,0.0,70.0,0.0,0.0,0.0,0.0,0.0,0.0,0.0,0.0,0.0,0.0,0.0,0.0,,,,,,,,0.0,0.0,0.0,0.0,0.0,0.0,1,
Mike Fiers,28.0,MIL,NL,-0.1,11.0,5.0,4.0,0.0,0.0,0.0,0.0,0.0,0.0,0.0,0.0,0.0,4.0,0.0,0.0,0.0,0.0,-100.0,0.0,-215.0,0.0,0.0,0.0,1.0,0.0,0.0,1,
Mike González,35.0,MIL,NL,0.0,71.0,0.0,0.0,0.0,0.0,0.0,0.0,0.0,0.0,0.0,0.0,0.0,0.0,,,,,,,,0.0,0.0,0.0,0.0,0.0,0.0,1,
Mike Kickham*,24.0,SFG,NL,0.1,10.0,6.0,6.0,0.0,1.0,1.0,0.0,0.0,0.0,0.0,0.0,0.0,1.0,0.167,0.167,0.333,0.5,39.0,0.213,23.0,2.0,0.0,0.0,0.0,0.0,0.0,1,
Mike Leake,25.0,CIN,NL,0.3,29.0,69.0,63.0,8.0,12.0,2.0,1.0,0.0,2.0,0.0,0.0,2.0,19.0,0.19,0.215,0.254,0.469,30.0,0.205,2.0,16.0,2.0,0.0,4.0,0.0,0.0,1,
Mike Minor,25.0,ATL,NL,0.2,29.0,70.0,61.0,3.0,10.0,1.0,0.0,1.0,6.0,0.0,0.0,2.0,25.0,0.164,0.19,0.23,0.42,16.0,0.188,-17.0,14.0,0.0,0.0,7.0,0.0,0.0,1,
Mike Morse,31.0,2TM,AL,-1.5,88.0,337.0,312.0,34.0,67.0,13.0,0.0,13.0,27.0,0.0,0.0,21.0,87.0,0.215,0.27,0.381,0.651,84.0,0.296,86.0,119.0,12.0,3.0,0.0,1.0,1.0,97/D3H,
Mike Morse,31.0,SEA,AL,-1.0,76.0,307.0,283.0,31.0,64.0,13.0,0.0,13.0,27.0,0.0,0.0,20.0,80.0,0.226,0.283,0.41,0.693,96.0,0.311,98.0,116.0,10.0,3.0,0.0,1.0,1.0,97/3DH,
Mike Morse,31.0,BAL,AL,-0.5,12.0,30.0,29.0,3.0,3.0,0.0,0.0,0.0,0.0,0.0,0.0,1.0,7.0,0.103,0.133,0.103,0.237,-34.0,0.144,-36.0,3.0,2.0,0.0,0.0,0.0,0.0,/79HD,
Mike Moustakas*,24.0,KCR,AL,-0.6,136.0,514.0,472.0,42.0,110.0,26.0,0.0,12.0,42.0,2.0,4.0,32.0,83.0,0.233,0.287,0.364,0.651,77.0,0.286,71.0,172.0,13.0,5.0,1.0,4.0,1.0,*5/H,
Mike Napoli,31.0,BOS,AL,3.7,139.0,578.0,498.0,79.0,129.0,38.0,2.0,23.0,92.0,1.0,1.0,73.0,187.0,0.259,0.36,0.482,0.842,128.0,0.365,127.0,240.0,15.0,6.0,0.0,1.0,3.0,*3/DH,
Mike Nickeas,30.0,TOR,AL,0.0,1.0,0.0,0.0,0.0,0.0,0.0,0.0,0.0,0.0,0.0,0.0,0.0,0.0,,,,,,,,0.0,0.0,0.0,0.0,0.0,0.0,/2,
Mike Pelfrey,29.0,MIN,AL,0.0,1.0,1.0,1.0,0.0,0.0,0.0,0.0,0.0,0.0,0.0,0.0,0.0,1.0,0.0,0.0,0.0,0.0,-100.0,0.0,-136.0,0.0,0.0,0.0,0.0,0.0,0.0,1,
Mike Trout,21.0,LAA,AL,8.9,157.0,716.0,589.0,109.0,190.0,39.0,9.0,27.0,97.0,33.0,7.0,110.0,136.0,0.323,0.432,0.557,0.988,179.0,0.439,187.0,328.0,8.0,9.0,0.0,8.0,10.0,*87/D,"AS,MVP-2,SS"
Mike Zagurski*,30.0,PIT,NL,0.0,5.0,0.0,0.0,0.0,0.0,0.0,0.0,0.0,0.0,0.0,0.0,0.0,0.0,,,,,,,,0.0,0.0,0.0,0.0,0.0,0.0,/1,
Mike Zunino,22.0,SEA,AL,0.4,52.0,193.0,173.0,22.0,37.0,5.0,0.0,5.0,14.0,1.0,0.0,16.0,49.0,0.214,0.29,0.329,0.62,78.0,0.293,84.0,57.0,5.0,3.0,0.0,1.0,0.0,2/H,
Miles Mikolas,24.0,SDP,NL,0.0,2.0,0.0,0.0,0.0,0.0,0.0,0.0,0.0,0.0,0.0,0.0,0.0,0.0,,,,,,,,0.0,0.0,0.0,0.0,0.0,0.0,/1,
Mitch Moreland*,27.0,TEX,AL,0.7,147.0,518.0,462.0,60.0,107.0,24.0,1.0,23.0,60.0,0.0,0.0,45.0,117.0,0.232,0.299,0.437,0.736,99.0,0.321,94.0,202.0,10.0,3.0,0.0,8.0,1.0,*3/H9,
Mitchell Boggs,29.0,2TM,NL,0.0,27.0,0.0,0.0,0.0,0.0,0.0,0.0,0.0,0.0,0.0,0.0,0.0,0.0,,,,,,,,0.0,0.0,0.0,0.0,0.0,0.0,1,
Mitchell Boggs,29.0,STL,NL,0.0,18.0,0.0,0.0,0.0,0.0,0.0,0.0,0.0,0.0,0.0,0.0,0.0,0.0,,,,,,,,0.0,0.0,0.0,0.0,0.0,0.0,1,
Mitchell Boggs,29.0,COL,NL,0.0,9.0,0.0,0.0,0.0,0.0,0.0,0.0,0.0,0.0,0.0,0.0,0.0,0.0,,,,,,,,0.0,0.0,0.0,0.0,0.0,0.0,/1,
MLB Average,,,,,,,,,,,,,,,,,,0.253,0.318,0.396,0.714,100.0,0.322,100.0,,,,,,,,
Moisés Sierra,24.0,TOR,AL,0.8,35.0,122.0,107.0,11.0,31.0,13.0,1.0,1.0,13.0,1.0,0.0,14.0,29.0,0.29,0.369,0.458,0.827,126.0,0.375,134.0,49.0,0.0,0.0,0.0,1.0,1.0,9/D7H,
Munenori Kawasaki*,32.0,TOR,AL,1.0,96.0,289.0,240.0,27.0,55.0,6.0,5.0,1.0,24.0,7.0,1.0,32.0,41.0,0.229,0.326,0.308,0.634,76.0,0.303,78.0,74.0,5.0,4.0,10.0,3.0,0.0,64HD,
Nate Freiman,26.0,OAK,AL,-0.4,80.0,208.0,190.0,10.0,52.0,8.0,1.0,4.0,24.0,0.0,0.0,14.0,31.0,0.274,0.327,0.389,0.716,100.0,0.317,96.0,74.0,8.0,2.0,0.0,2.0,0.0,3HD,
Nate Jones,27.0,CHW,AL,0.0,7.0,0.0,0.0,0.0,0.0,0.0,0.0,0.0,0.0,0.0,0.0,0.0,0.0,,,,,,,,0.0,0.0,0.0,0.0,0.0,0.0,1,
Nate Karns,25.0,WSN,NL,0.0,3.0,5.0,3.0,0.0,0.0,0.0,0.0,0.0,0.0,0.0,0.0,0.0,1.0,0.0,0.0,0.0,0.0,-100.0,0.303,68.0,0.0,1.0,0.0,2.0,0.0,0.0,/1,
Nate McLouth*,31.0,BAL,AL,1.9,146.0,593.0,531.0,76.0,137.0,31.0,4.0,12.0,36.0,30.0,7.0,53.0,86.0,0.258,0.329,0.399,0.729,99.0,0.332,98.0,212.0,7.0,4.0,4.0,1.0,1.0,*7H/8D,
Nate Schierholtz*,29.0,CHC,NL,1.7,137.0,503.0,462.0,56.0,116.0,32.0,3.0,21.0,68.0,6.0,3.0,29.0,94.0,0.251,0.301,0.47,0.77,109.0,0.341,109.0,217.0,6.0,6.0,1.0,5.0,3.0,*9H,
Nathan Eovaldi,23.0,MIA,NL,-0.1,18.0,35.0,31.0,1.0,2.0,0.0,0.0,0.0,1.0,0.0,0.0,1.0,17.0,0.065,0.094,0.065,0.158,-55.0,0.107,-82.0,2.0,0.0,0.0,3.0,0.0,0.0,1,
Neal Cotts*,33.0,TEX,AL,0.0,2.0,0.0,0.0,0.0,0.0,0.0,0.0,0.0,0.0,0.0,0.0,0.0,0.0,,,,,,,,0.0,0.0,0.0,0.0,0.0,0.0,1,
Neftali Soto,24.0,CIN,NL,-0.3,13.0,13.0,12.0,0.0,0.0,0.0,0.0,0.0,0.0,0.0,0.0,0.0,6.0,0.0,0.077,0.0,0.077,-76.0,0.056,-104.0,0.0,1.0,1.0,0.0,0.0,0.0,/H3,
Neil Wagner,29.0,TOR,AL,0.0,5.0,0.0,0.0,0.0,0.0,0.0,0.0,0.0,0.0,0.0,0.0,0.0,0.0,,,,,,,,0.0,0.0,0.0,0.0,0.0,0.0,1,
Neil Walker#,27.0,PIT,NL,3.0,133.0,551.0,478.0,62.0,120.0,24.0,4.0,16.0,53.0,1.0,2.0,50.0,85.0,0.251,0.339,0.418,0.757,114.0,0.34,117.0,200.0,14.0,15.0,5.0,3.0,4.0,*4/H,
Nelson Cruz,32.0,TEX,AL,2.1,109.0,456.0,413.0,49.0,110.0,18.0,0.0,27.0,76.0,5.0,1.0,35.0,109.0,0.266,0.327,0.506,0.833,124.0,0.364,125.0,209.0,14.0,4.0,0.0,4.0,2.0,9/D,AS
Nick Buss*,26.0,LAD,NL,-0.3,8.0,20.0,19.0,0.0,2.0,0.0,0.0,0.0,0.0,0.0,0.0,1.0,1.0,0.105,0.15,0.105,0.255,-26.0,0.125,-47.0,2.0,0.0,0.0,0.0,0.0,0.0,/79H8,
Nick Castellanos,21.0,DET,AL,-0.2,11.0,18.0,18.0,1.0,5.0,0.0,0.0,0.0,0.0,0.0,0.0,0.0,1.0,0.278,0.278,0.278,0.556,53.0,0.24,34.0,5.0,0.0,0.0,0.0,0.0,0.0,/7HD,
Nick Christiani,25.0,CIN,NL,0.0,3.0,0.0,0.0,0.0,0.0,0.0,0.0,0.0,0.0,0.0,0.0,0.0,0.0,,,,,,,,0.0,0.0,0.0,0.0,0.0,0.0,/1,
Nick Franklin#,22.0,SEA,AL,2.3,102.0,412.0,369.0,38.0,83.0,20.0,1.0,12.0,45.0,6.0,1.0,42.0,113.0,0.225,0.303,0.382,0.686,96.0,0.308,94.0,141.0,2.0,0.0,0.0,1.0,1.0,4/H6D,
Nick Green,34.0,MIA,NL,-0.1,18.0,65.0,55.0,4.0,13.0,2.0,0.0,1.0,6.0,0.0,0.0,3.0,14.0,0.236,0.302,0.327,0.629,74.0,0.285,66.0,18.0,1.0,3.0,2.0,2.0,0.0,/6345H,
Nick Hagadone*,27.0,CLE,AL,0.0,2.0,0.0,0.0,0.0,0.0,0.0,0.0,0.0,0.0,0.0,0.0,0.0,0.0,,,,,,,,0.0,0.0,0.0,0.0,0.0,0.0,1,
Nick Hundley,29.0,SDP,NL,1.1,114.0,408.0,373.0,35.0,87.0,19.0,0.0,13.0,44.0,1.0,0.0,26.0,98.0,0.233,0.29,0.389,0.679,94.0,0.305,93.0,145.0,7.0,5.0,1.0,3.0,5.0,*2/H,
Nick Markakis*,29.0,BAL,AL,0.4,160.0,700.0,634.0,89.0,172.0,24.0,0.0,10.0,59.0,1.0,2.0,55.0,76.0,0.271,0.329,0.356,0.685,88.0,0.311,88.0,226.0,17.0,3.0,0.0,8.0,3.0,*9/DH,
Nick Noonan*,24.0,SFG,NL,-0.3,62.0,111.0,105.0,12.0,23.0,2.0,0.0,0.0,5.0,0.0,0.0,6.0,24.0,0.219,0.261,0.238,0.499,45.0,0.217,24.0,25.0,1.0,0.0,0.0,0.0,3.0,H45/6,
Nick Punto#,35.0,LAD,NL,2.0,116.0,335.0,294.0,34.0,75.0,15.0,0.0,2.0,21.0,3.0,3.0,33.0,67.0,0.255,0.328,0.327,0.655,86.0,0.294,82.0,96.0,4.0,0.0,6.0,2.0,0.0,654H,
Nick Swisher#,32.0,CLE,AL,3.7,145.0,634.0,549.0,74.0,135.0,27.0,2.0,22.0,63.0,1.0,0.0,77.0,138.0,0.246,0.341,0.423,0.763,115.0,0.345,120.0,232.0,11.0,4.0,0.0,4.0,3.0,*39D/H,
Nick Tepesch,24.0,TEX,AL,0.0,2.0,3.0,3.0,0.0,0.0,0.0,0.0,0.0,0.0,0.0,0.0,0.0,1.0,0.0,0.0,0.0,0.0,-100.0,0.0,-142.0,0.0,0.0,0.0,0.0,0.0,0.0,1,
Nick Vincent,26.0,SDP,NL,0.0,44.0,0.0,0.0,0.0,0.0,0.0,0.0,0.0,0.0,0.0,0.0,0.0,0.0,,,,,,,,0.0,0.0,0.0,0.0,0.0,0.0,1,
Nolan Arenado,22.0,COL,NL,2.5,133.0,514.0,486.0,49.0,130.0,29.0,4.0,10.0,52.0,2.0,0.0,23.0,72.0,0.267,0.301,0.405,0.706,81.0,0.319,79.0,197.0,16.0,1.0,2.0,2.0,1.0,*5/H,"ROY-7,GG"
Nolan Reimold,29.0,BAL,AL,-1.1,40.0,140.0,128.0,17.0,25.0,3.0,0.0,5.0,12.0,0.0,1.0,10.0,41.0,0.195,0.25,0.336,0.586,59.0,0.267,56.0,43.0,4.0,0.0,0.0,2.0,2.0,D7/H,
Nori Aoki*,31.0,MIL,NL,2.7,155.0,674.0,597.0,80.0,171.0,20.0,3.0,8.0,37.0,20.0,12.0,55.0,40.0,0.286,0.356,0.37,0.726,100.0,0.342,110.0,221.0,9.0,11.0,8.0,3.0,1.0,*9/H8,
Omar Infante,31.0,DET,AL,2.6,118.0,476.0,453.0,54.0,144.0,24.0,3.0,10.0,51.0,5.0,2.0,20.0,44.0,0.318,0.345,0.45,0.795,115.0,0.353,116.0,204.0,11.0,0.0,0.0,3.0,1.0,*4/H,
Omar Quintanilla*,31.0,NYM,NL,-0.9,95.0,359.0,315.0,28.0,70.0,9.0,2.0,2.0,21.0,2.0,0.0,38.0,70.0,0.222,0.306,0.283,0.589,70.0,0.27,62.0,89.0,10.0,1.0,3.0,2.0,7.0,6/H5,
Omir Santos,32.0,CLE,AL,0.0,1.0,1.0,1.0,0.0,0.0,0.0,0.0,0.0,0.0,0.0,0.0,0.0,0.0,0.0,0.0,0.0,0.0,-100.0,0.0,-136.0,0.0,0.0,0.0,0.0,0.0,0.0,/2,
Onelki García*,23.0,LAD,NL,0.0,3.0,0.0,0.0,0.0,0.0,0.0,0.0,0.0,0.0,0.0,0.0,0.0,0.0,,,,,,,,0.0,0.0,0.0,0.0,0.0,0.0,/1,
Oswaldo Arcia*,22.0,MIN,AL,-0.7,97.0,378.0,351.0,34.0,88.0,17.0,2.0,14.0,43.0,1.0,2.0,23.0,117.0,0.251,0.304,0.43,0.734,100.0,0.323,99.0,151.0,4.0,4.0,0.0,0.0,0.0,79/DH,
Pablo Sandoval#,26.0,SFG,NL,2.1,141.0,584.0,525.0,52.0,146.0,27.0,2.0,14.0,79.0,0.0,0.0,47.0,79.0,0.278,0.341,0.417,0.758,116.0,0.339,117.0,219.0,19.0,6.0,0.0,6.0,5.0,*5/HD,
Paco Rodríguez*,22.0,LAD,NL,0.0,72.0,1.0,1.0,0.0,0.0,0.0,0.0,0.0,0.0,0.0,0.0,0.0,1.0,0.0,0.0,0.0,0.0,-100.0,0.0,-150.0,0.0,0.0,0.0,0.0,0.0,0.0,1,
Pat Neshek#,32.0,OAK,AL,0.0,5.0,0.0,0.0,0.0,0.0,0.0,0.0,0.0,0.0,0.0,0.0,0.0,0.0,,,,,,,,0.0,0.0,0.0,0.0,0.0,0.0,1,
Patrick Corbin*,23.0,ARI,NL,0.1,31.0,73.0,65.0,8.0,8.0,4.0,0.0,0.0,3.0,0.0,0.0,2.0,23.0,0.123,0.162,0.185,0.346,-5.0,0.186,-15.0,12.0,0.0,1.0,5.0,0.0,0.0,1/H,AS
Paul Clemens,25.0,HOU,AL,0.0,4.0,0.0,0.0,0.0,0.0,0.0,0.0,0.0,0.0,0.0,0.0,0.0,0.0,,,,,,,,0.0,0.0,0.0,0.0,0.0,0.0,1,
Paul Goldschmidt,25.0,ARI,NL,6.3,160.0,710.0,602.0,103.0,182.0,36.0,3.0,36.0,125.0,15.0,7.0,99.0,145.0,0.302,0.401,0.551,0.952,160.0,0.412,164.0,332.0,25.0,3.0,0.0,5.0,19.0,*3/H,"AS,MVP-2,GG,SS"
Paul Janish,30.0,ATL,NL,-0.4,52.0,45.0,41.0,7.0,7.0,2.0,0.0,0.0,2.0,0.0,0.0,3.0,11.0,0.171,0.222,0.22,0.442,23.0,0.204,7.0,9.0,3.0,0.0,0.0,1.0,0.0,5H/46,
Paul Konerko,37.0,CHW,AL,-1.3,126.0,520.0,467.0,41.0,114.0,16.0,0.0,12.0,54.0,0.0,0.0,45.0,74.0,0.244,0.313,0.355,0.669,82.0,0.302,79.0,166.0,12.0,4.0,0.0,4.0,2.0,3D,
Paul Maholm*,31.0,ATL,NL,0.0,23.0,57.0,52.0,2.0,7.0,2.0,0.0,0.0,2.0,0.0,0.0,1.0,25.0,0.135,0.151,0.173,0.324,-10.0,0.164,-32.0,9.0,1.0,0.0,4.0,0.0,0.0,1,
Pedro Ciriaco,27.0,3TM,2LG,-0.9,56.0,137.0,125.0,9.0,28.0,4.0,2.0,2.0,8.0,9.0,1.0,9.0,23.0,0.224,0.279,0.336,0.615,72.0,0.3,74.0,42.0,2.0,1.0,1.0,1.0,2.0,6H5/D43,
Pedro Ciriaco,27.0,2TM,AL,-0.5,33.0,69.0,62.0,4.0,13.0,3.0,1.0,1.0,4.0,3.0,1.0,6.0,13.0,0.21,0.275,0.339,0.614,67.0,0.301,77.0,21.0,0.0,0.0,0.0,1.0,0.0,6H5/D43,
Pedro Ciriaco,27.0,BOS,AL,-0.5,28.0,58.0,51.0,4.0,11.0,2.0,1.0,1.0,4.0,2.0,1.0,6.0,12.0,0.216,0.293,0.353,0.646,76.0,0.301,80.0,18.0,0.0,0.0,0.0,1.0,0.0,5/H6D43,
Pedro Ciriaco,27.0,SDP,NL,-0.4,23.0,68.0,63.0,5.0,15.0,1.0,1.0,1.0,4.0,6.0,0.0,3.0,10.0,0.238,0.284,0.333,0.617,78.0,0.298,70.0,21.0,2.0,1.0,1.0,0.0,2.0,6/H4,
Pedro Ciriaco,27.0,KCR,AL,0.0,5.0,11.0,11.0,0.0,2.0,1.0,0.0,0.0,0.0,1.0,0.0,0.0,1.0,0.182,0.182,0.273,0.455,22.0,0.302,64.0,3.0,0.0,0.0,0.0,0.0,0.0,/6HD,
Pedro Feliciano*,36.0,NYM,NL,0.0,24.0,0.0,0.0,0.0,0.0,0.0,0.0,0.0,0.0,0.0,0.0,0.0,0.0,,,,,,,,0.0,0.0,0.0,0.0,0.0,0.0,1,
Pedro Florimón#,26.0,MIN,AL,1.2,134.0,446.0,403.0,44.0,89.0,17.0,0.0,9.0,44.0,15.0,6.0,33.0,115.0,0.221,0.281,0.33,0.611,68.0,0.276,62.0,133.0,7.0,2.0,5.0,3.0,1.0,*6/H,
Pedro Strop,28.0,2TM,2LG,0.0,37.0,0.0,0.0,0.0,0.0,0.0,0.0,0.0,0.0,0.0,0.0,0.0,0.0,,,,,,,,0.0,0.0,0.0,0.0,0.0,0.0,1,
Pedro Strop,28.0,BAL,AL,0.0,1.0,0.0,0.0,0.0,0.0,0.0,0.0,0.0,0.0,0.0,0.0,0.0,0.0,,,,,,,,0.0,0.0,0.0,0.0,0.0,0.0,1,
Pedro Strop,28.0,CHC,NL,0.0,36.0,0.0,0.0,0.0,0.0,0.0,0.0,0.0,0.0,0.0,0.0,0.0,0.0,,,,,,,,0.0,0.0,0.0,0.0,0.0,0.0,1,
Pedro Villarreal,25.0,CIN,NL,0.0,2.0,1.0,1.0,0.0,0.0,0.0,0.0,0.0,0.0,0.0,0.0,0.0,0.0,0.0,0.0,0.0,0.0,-100.0,0.0,-160.0,0.0,0.0,0.0,0.0,0.0,0.0,/1,
Pedro Álvarez*,26.0,PIT,NL,3.3,152.0,614.0,558.0,70.0,130.0,22.0,2.0,36.0,100.0,2.0,0.0,48.0,186.0,0.233,0.296,0.473,0.77,115.0,0.342,117.0,264.0,16.0,4.0,0.0,4.0,7.0,*5/HD,"AS,SS"
Pete Kozma,25.0,STL,NL,-0.3,143.0,448.0,410.0,44.0,89.0,20.0,0.0,1.0,35.0,3.0,1.0,34.0,91.0,0.217,0.275,0.273,0.548,53.0,0.246,37.0,112.0,6.0,0.0,1.0,3.0,8.0,*6H/7,
Pete Orr*,34.0,PHI,NL,-0.2,15.0,22.0,20.0,1.0,4.0,0.0,0.0,0.0,0.0,0.0,0.0,2.0,8.0,0.2,0.273,0.2,0.473,34.0,0.223,23.0,4.0,0.0,0.0,0.0,0.0,0.0,H/57,
Peter Bourjos,26.0,LAA,AL,0.9,55.0,196.0,175.0,26.0,48.0,3.0,3.0,3.0,12.0,6.0,0.0,10.0,43.0,0.274,0.333,0.377,0.71,102.0,0.323,99.0,66.0,8.0,6.0,4.0,1.0,0.0,8/H,
Peter Moylan,34.0,LAD,NL,0.0,14.0,0.0,0.0,0.0,0.0,0.0,0.0,0.0,0.0,0.0,0.0,0.0,0.0,,,,,,,,0.0,0.0,0.0,0.0,0.0,0.0,1,
Phil Coke*,30.0,DET,AL,0.0,1.0,0.0,0.0,0.0,0.0,0.0,0.0,0.0,0.0,0.0,0.0,0.0,0.0,,,,,,,,0.0,0.0,0.0,0.0,0.0,0.0,1,
Phil Gosselin,24.0,ATL,NL,0.0,4.0,7.0,6.0,2.0,2.0,0.0,0.0,0.0,0.0,0.0,0.0,1.0,2.0,0.333,0.429,0.333,0.762,115.0,0.285,63.0,2.0,0.0,0.0,0.0,0.0,1.0,/4H,
Phil Hughes,27.0,NYY,AL,-0.1,2.0,4.0,3.0,0.0,0.0,0.0,0.0,0.0,0.0,0.0,0.0,0.0,1.0,0.0,0.0,0.0,0.0,-100.0,0.0,-218.0,0.0,0.0,0.0,1.0,0.0,0.0,1,
Phil Irwin,26.0,PIT,NL,0.0,1.0,1.0,1.0,0.0,0.0,0.0,0.0,0.0,0.0,0.0,0.0,0.0,1.0,0.0,0.0,0.0,0.0,-100.0,0.0,-150.0,0.0,0.0,0.0,0.0,0.0,0.0,/1,
Phillippe Aumont*,24.0,PHI,NL,0.0,20.0,0.0,0.0,0.0,0.0,0.0,0.0,0.0,0.0,0.0,0.0,0.0,0.0,,,,,,,,0.0,0.0,0.0,0.0,0.0,0.0,1,
Plácido Polanco,37.0,MIA,NL,0.3,118.0,416.0,377.0,33.0,98.0,13.0,0.0,1.0,23.0,2.0,0.0,23.0,31.0,0.26,0.315,0.302,0.617,72.0,0.286,66.0,114.0,15.0,9.0,3.0,4.0,1.0,*5H,
Preston Claiborne,25.0,NYY,AL,0.0,4.0,0.0,0.0,0.0,0.0,0.0,0.0,0.0,0.0,0.0,0.0,0.0,0.0,,,,,,,,0.0,0.0,0.0,0.0,0.0,0.0,1,
Prince Fielder*,29.0,DET,AL,2.2,162.0,712.0,624.0,82.0,174.0,36.0,0.0,25.0,106.0,1.0,1.0,75.0,117.0,0.279,0.362,0.457,0.819,122.0,0.363,125.0,285.0,20.0,9.0,0.0,4.0,5.0,*3D,AS
Quintin Berry*,28.0,BOS,AL,0.4,13.0,9.0,8.0,5.0,5.0,0.0,0.0,1.0,4.0,3.0,0.0,1.0,2.0,0.625,0.667,1.0,1.667,349.0,0.779,372.0,8.0,0.0,0.0,0.0,0.0,0.0,/H798D,
R.A. Dickey,38.0,TOR,AL,0.1,2.0,6.0,6.0,2.0,2.0,1.0,0.0,0.0,1.0,0.0,0.0,0.0,0.0,0.333,0.333,0.5,0.833,125.0,0.344,112.0,3.0,0.0,0.0,0.0,0.0,0.0,1,GG
Rafael Betancourt,38.0,COL,NL,0.0,30.0,0.0,0.0,0.0,0.0,0.0,0.0,0.0,0.0,0.0,0.0,0.0,0.0,,,,,,,,0.0,0.0,0.0,0.0,0.0,0.0,1,
Rafael Dolis,25.0,CHC,NL,0.0,5.0,0.0,0.0,0.0,0.0,0.0,0.0,0.0,0.0,0.0,0.0,0.0,0.0,,,,,,,,0.0,0.0,0.0,0.0,0.0,0.0,/1,
Rafael Soriano,33.0,WSN,NL,0.0,66.0,0.0,0.0,0.0,0.0,0.0,0.0,0.0,0.0,0.0,0.0,0.0,0.0,,,,,,,,0.0,0.0,0.0,0.0,0.0,0.0,1,
Rajai Davis,32.0,TOR,AL,1.6,108.0,360.0,331.0,49.0,86.0,16.0,2.0,6.0,24.0,45.0,6.0,21.0,67.0,0.26,0.312,0.375,0.687,88.0,0.331,86.0,124.0,8.0,5.0,1.0,2.0,0.0,798H/D,
Ramiro Peña#,27.0,ATL,NL,0.9,50.0,107.0,97.0,14.0,27.0,5.0,1.0,3.0,12.0,0.0,2.0,8.0,18.0,0.278,0.33,0.443,0.773,112.0,0.345,120.0,43.0,1.0,0.0,1.0,1.0,0.0,5H4/6,
Ramón Hernández,37.0,LAD,NL,0.2,17.0,55.0,48.0,4.0,10.0,2.0,0.0,3.0,6.0,1.0,0.0,6.0,7.0,0.208,0.291,0.438,0.728,103.0,0.323,98.0,21.0,6.0,0.0,0.0,1.0,0.0,2/H3D,
Ramón Ortiz,40.0,TOR,AL,0.0,1.0,1.0,1.0,0.0,0.0,0.0,0.0,0.0,0.0,0.0,0.0,0.0,1.0,0.0,0.0,0.0,0.0,-100.0,0.0,-145.0,0.0,0.0,0.0,0.0,0.0,0.0,/1,
Ramón Ramírez,31.0,SFG,NL,0.0,6.0,0.0,0.0,0.0,0.0,0.0,0.0,0.0,0.0,0.0,0.0,0.0,0.0,,,,,,,,0.0,0.0,0.0,0.0,0.0,0.0,/1,
Ramón Santiago#,33.0,DET,AL,0.6,80.0,234.0,205.0,27.0,46.0,8.0,1.0,1.0,14.0,0.0,1.0,21.0,32.0,0.224,0.298,0.288,0.586,61.0,0.284,67.0,59.0,2.0,1.0,6.0,1.0,0.0,456/H,
Ramón Troncoso,30.0,CHW,AL,0.0,3.0,0.0,0.0,0.0,0.0,0.0,0.0,0.0,0.0,0.0,0.0,0.0,0.0,,,,,,,,0.0,0.0,0.0,0.0,0.0,0.0,1,
Randall Delgado,23.0,ARI,NL,0.2,20.0,37.0,32.0,2.0,7.0,0.0,0.0,0.0,1.0,0.0,0.0,1.0,13.0,0.219,0.242,0.219,0.461,29.0,0.238,23.0,7.0,1.0,0.0,4.0,0.0,0.0,1/H,
Randy Choate*,37.0,STL,NL,0.0,63.0,0.0,0.0,0.0,0.0,0.0,0.0,0.0,0.0,0.0,0.0,0.0,0.0,,,,,,,,0.0,0.0,0.0,0.0,0.0,0.0,1,
Raúl Ibañez*,41.0,SEA,AL,0.7,124.0,496.0,454.0,54.0,110.0,20.0,2.0,29.0,65.0,0.0,0.0,42.0,128.0,0.242,0.306,0.487,0.793,123.0,0.345,123.0,221.0,8.0,0.0,0.0,0.0,1.0,7D/H9,
Raúl Valdés*,35.0,PHI,NL,0.1,15.0,4.0,3.0,0.0,1.0,1.0,0.0,0.0,0.0,0.0,0.0,0.0,0.0,0.333,0.333,0.667,1.0,170.0,0.425,200.0,2.0,0.0,0.0,1.0,0.0,0.0,1,
Reed Johnson,36.0,ATL,NL,0.0,74.0,136.0,123.0,13.0,30.0,7.0,1.0,1.0,11.0,0.0,0.0,6.0,32.0,0.244,0.311,0.341,0.653,81.0,0.299,79.0,42.0,3.0,6.0,1.0,0.0,0.0,H987,
Reid Brignac#,27.0,2TM,2LG,-1.0,46.0,98.0,92.0,5.0,17.0,4.0,0.0,1.0,6.0,0.0,0.0,4.0,30.0,0.185,0.219,0.261,0.48,28.0,0.217,9.0,24.0,6.0,0.0,2.0,0.0,1.0,6H/547,
Reid Brignac#,27.0,COL,NL,-0.3,29.0,53.0,48.0,4.0,12.0,3.0,0.0,1.0,6.0,0.0,0.0,3.0,13.0,0.25,0.294,0.375,0.669,72.0,0.285,51.0,18.0,3.0,0.0,2.0,0.0,1.0,H/5467,
Reid Brignac#,27.0,NYY,AL,-0.7,17.0,45.0,44.0,1.0,5.0,1.0,0.0,0.0,0.0,0.0,0.0,1.0,17.0,0.114,0.133,0.136,0.27,-25.0,0.142,-35.0,6.0,3.0,0.0,0.0,0.0,0.0,6/H,
René Rivera,29.0,SDP,NL,0.4,23.0,71.0,67.0,4.0,17.0,3.0,1.0,0.0,7.0,0.0,0.0,2.0,16.0,0.254,0.268,0.328,0.596,72.0,0.255,56.0,22.0,1.0,0.0,0.0,2.0,1.0,2/H,
Rex Brothers*,25.0,COL,NL,0.0,70.0,1.0,1.0,0.0,0.0,0.0,0.0,0.0,0.0,0.0,0.0,0.0,1.0,0.0,0.0,0.0,0.0,-100.0,0.0,-170.0,0.0,0.0,0.0,0.0,0.0,0.0,1,
Rey Fuentes*,22.0,SDP,NL,-0.3,23.0,36.0,33.0,4.0,5.0,0.0,0.0,0.0,1.0,3.0,0.0,3.0,16.0,0.152,0.222,0.152,0.374,11.0,0.199,-1.0,5.0,0.0,0.0,0.0,0.0,0.0,8H/7,
Rich Hill*,33.0,CLE,AL,0.0,5.0,0.0,0.0,0.0,0.0,0.0,0.0,0.0,0.0,0.0,0.0,0.0,0.0,,,,,,,,0.0,0.0,0.0,0.0,0.0,0.0,1,
Rick Ankiel*,33.0,2TM,2LG,-0.3,45.0,136.0,128.0,13.0,24.0,7.0,1.0,7.0,18.0,0.0,1.0,8.0,60.0,0.188,0.235,0.422,0.657,81.0,0.287,78.0,54.0,1.0,0.0,0.0,0.0,0.0,98/H,
Rick Ankiel*,33.0,HOU,AL,0.0,25.0,65.0,62.0,6.0,12.0,3.0,0.0,5.0,11.0,0.0,0.0,3.0,35.0,0.194,0.231,0.484,0.715,92.0,0.304,86.0,30.0,0.0,0.0,0.0,0.0,0.0,9/H,
Rick Ankiel*,33.0,NYM,NL,-0.3,20.0,71.0,66.0,7.0,12.0,4.0,1.0,2.0,7.0,0.0,1.0,5.0,25.0,0.182,0.239,0.364,0.603,69.0,0.271,71.0,24.0,1.0,0.0,0.0,0.0,0.0,8/9H,
Rick Porcello,24.0,DET,AL,0.1,3.0,3.0,3.0,0.0,1.0,0.0,0.0,0.0,0.0,0.0,0.0,0.0,0.0,0.333,0.333,0.333,0.667,83.0,0.301,79.0,1.0,0.0,0.0,0.0,0.0,0.0,1,
Rickie Weeks,30.0,MIL,NL,-1.1,104.0,399.0,350.0,40.0,73.0,20.0,1.0,10.0,24.0,7.0,3.0,40.0,105.0,0.209,0.306,0.357,0.663,82.0,0.311,85.0,125.0,13.0,9.0,0.0,0.0,0.0,4H,
Ricky Nolasco,30.0,2TM,NL,0.2,31.0,64.0,50.0,3.0,6.0,2.0,0.0,0.0,1.0,0.0,0.0,6.0,24.0,0.12,0.214,0.16,0.374,7.0,0.201,-1.0,8.0,1.0,0.0,8.0,0.0,0.0,1,
Ricky Nolasco,30.0,MIA,NL,-0.1,16.0,34.0,30.0,1.0,3.0,1.0,0.0,0.0,0.0,0.0,0.0,3.0,17.0,0.1,0.182,0.133,0.315,-11.0,0.156,-33.0,4.0,0.0,0.0,1.0,0.0,0.0,1,
Ricky Nolasco,30.0,LAD,NL,0.3,15.0,30.0,20.0,2.0,3.0,1.0,0.0,0.0,1.0,0.0,0.0,3.0,7.0,0.15,0.261,0.2,0.461,33.0,0.264,45.0,4.0,1.0,0.0,7.0,0.0,0.0,1,
Rob Brantly*,23.0,MIA,NL,-1.7,67.0,243.0,223.0,11.0,47.0,9.0,0.0,1.0,18.0,0.0,0.0,15.0,53.0,0.211,0.263,0.265,0.528,46.0,0.239,32.0,59.0,8.0,2.0,0.0,3.0,1.0,2/H,
Rob Johnson,30.0,STL,NL,-0.3,20.0,38.0,35.0,2.0,6.0,1.0,1.0,0.0,2.0,0.0,0.0,3.0,6.0,0.171,0.237,0.257,0.494,37.0,0.25,42.0,9.0,2.0,0.0,0.0,0.0,0.0,2/H1,
Rob Scahill*,26.0,COL,NL,0.0,22.0,1.0,1.0,0.0,0.0,0.0,0.0,0.0,0.0,0.0,0.0,0.0,0.0,0.0,0.0,0.0,0.0,-100.0,0.0,-170.0,0.0,0.0,0.0,0.0,0.0,0.0,1,
Rob Wooten,27.0,MIL,NL,0.0,26.0,1.0,1.0,0.0,0.0,0.0,0.0,0.0,0.0,0.0,0.0,0.0,1.0,0.0,0.0,0.0,0.0,-100.0,0.0,-160.0,0.0,0.0,0.0,0.0,0.0,0.0,1,
Robbie Erlin,22.0,SDP,NL,0.0,10.0,19.0,16.0,0.0,1.0,0.0,0.0,0.0,1.0,0.0,0.0,1.0,5.0,0.063,0.118,0.063,0.18,-46.0,0.094,-84.0,1.0,0.0,0.0,2.0,0.0,0.0,1,
Robbie Grossman#,23.0,HOU,AL,0.6,63.0,288.0,257.0,29.0,69.0,14.0,0.0,4.0,21.0,6.0,7.0,23.0,70.0,0.268,0.332,0.37,0.702,95.0,0.311,96.0,95.0,2.0,2.0,5.0,1.0,0.0,78/9D,
Robbie Ross*,24.0,TEX,AL,0.0,3.0,0.0,0.0,0.0,0.0,0.0,0.0,0.0,0.0,0.0,0.0,0.0,0.0,,,,,,,,0.0,0.0,0.0,0.0,0.0,0.0,1,
Robert Andino,29.0,SEA,AL,-0.4,29.0,85.0,76.0,5.0,14.0,4.0,0.0,0.0,4.0,0.0,0.0,7.0,27.0,0.184,0.253,0.237,0.49,42.0,0.234,40.0,18.0,3.0,0.0,2.0,0.0,0.0,6/45H,
Robert Carson*,24.0,NYM,NL,0.1,14.0,1.0,0.0,1.0,0.0,0.0,0.0,0.0,0.0,0.0,0.0,1.0,0.0,,1.0,,,,0.691,390.0,0.0,0.0,0.0,0.0,0.0,0.0,1,
Robert Coello,28.0,LAA,AL,0.0,2.0,0.0,0.0,0.0,0.0,0.0,0.0,0.0,0.0,0.0,0.0,0.0,0.0,,,,,,,,0.0,0.0,0.0,0.0,0.0,0.0,1,
Roberto Hernández,32.0,TBR,AL,-0.1,2.0,4.0,4.0,0.0,0.0,0.0,0.0,0.0,0.0,0.0,0.0,0.0,3.0,0.0,0.0,0.0,0.0,-100.0,0.0,-136.0,0.0,0.0,0.0,0.0,0.0,0.0,1,
Robinson Canó*,30.0,NYY,AL,6.6,160.0,681.0,605.0,81.0,190.0,41.0,0.0,27.0,107.0,7.0,1.0,65.0,85.0,0.314,0.383,0.516,0.899,147.0,0.397,153.0,312.0,18.0,6.0,0.0,5.0,16.0,*4/D6,"AS,MVP-5,SS"
Robinson Chirinos,29.0,TEX,AL,-0.2,13.0,30.0,28.0,3.0,5.0,3.0,0.0,0.0,0.0,0.0,0.0,2.0,6.0,0.179,0.233,0.286,0.519,41.0,0.232,29.0,8.0,1.0,0.0,0.0,0.0,0.0,/325HD,
Roger Bernadina*,29.0,2TM,NL,-0.5,112.0,250.0,227.0,26.0,41.0,10.0,2.0,4.0,11.0,4.0,0.0,16.0,65.0,0.181,0.25,0.295,0.545,50.0,0.252,39.0,67.0,4.0,5.0,2.0,0.0,1.0,9H78,
Roger Bernadina*,29.0,WSN,NL,-0.4,85.0,167.0,152.0,18.0,27.0,6.0,1.0,2.0,6.0,3.0,0.0,12.0,44.0,0.178,0.247,0.27,0.517,42.0,0.243,30.0,41.0,4.0,2.0,1.0,0.0,1.0,H79/8,
Roger Bernadina*,29.0,PHI,NL,-0.1,27.0,83.0,75.0,8.0,14.0,4.0,1.0,2.0,5.0,1.0,0.0,4.0,21.0,0.187,0.256,0.347,0.603,66.0,0.271,56.0,26.0,0.0,3.0,1.0,0.0,0.0,89/H,
Roger Kieschnick*,26.0,SFG,NL,-0.3,38.0,95.0,84.0,6.0,17.0,0.0,1.0,0.0,5.0,0.0,0.0,11.0,29.0,0.202,0.295,0.226,0.521,52.0,0.248,48.0,19.0,3.0,0.0,0.0,0.0,2.0,7H,
Ronald Belisario,30.0,LAD,NL,0.0,72.0,1.0,1.0,0.0,0.0,0.0,0.0,0.0,0.0,0.0,0.0,0.0,0.0,0.0,0.0,0.0,0.0,-100.0,0.0,-150.0,0.0,0.0,0.0,0.0,0.0,0.0,1,
Ronny Cedeño,30.0,2TM,2LG,-0.7,89.0,288.0,264.0,24.0,64.0,8.0,3.0,3.0,21.0,5.0,4.0,14.0,73.0,0.242,0.287,0.33,0.617,75.0,0.276,69.0,87.0,6.0,3.0,6.0,1.0,1.0,6/DH35,
Ronny Cedeño,30.0,HOU,AL,-0.6,51.0,155.0,141.0,12.0,31.0,6.0,1.0,1.0,12.0,2.0,1.0,6.0,42.0,0.22,0.26,0.298,0.558,55.0,0.252,46.0,42.0,4.0,2.0,5.0,1.0,0.0,6/DH3,
Ronny Cedeño,30.0,SDP,NL,-0.1,38.0,133.0,123.0,12.0,33.0,2.0,2.0,2.0,9.0,3.0,3.0,8.0,31.0,0.268,0.318,0.366,0.684,98.0,0.303,97.0,45.0,2.0,1.0,1.0,0.0,1.0,6/H5,
Ross Detwiler,27.0,WSN,NL,-0.1,13.0,25.0,22.0,1.0,2.0,0.0,0.0,0.0,0.0,0.0,0.0,1.0,17.0,0.091,0.13,0.091,0.221,-38.0,0.104,-84.0,2.0,0.0,0.0,2.0,0.0,0.0,1,
Ross Ohlendorf,30.0,WSN,NL,-0.2,15.0,19.0,15.0,0.0,0.0,0.0,0.0,0.0,1.0,0.0,0.0,1.0,11.0,0.0,0.063,0.0,0.063,-81.0,0.043,-155.0,0.0,1.0,0.0,3.0,0.0,0.0,1,
Ross Wolf,30.0,TEX,AL,0.0,1.0,0.0,0.0,0.0,0.0,0.0,0.0,0.0,0.0,0.0,0.0,0.0,0.0,,,,,,,,0.0,0.0,0.0,0.0,0.0,0.0,1,
Roy Halladay,36.0,PHI,NL,-0.3,12.0,20.0,18.0,0.0,0.0,0.0,0.0,0.0,1.0,0.0,0.0,1.0,17.0,0.0,0.053,0.0,0.053,-84.0,0.036,-129.0,0.0,0.0,0.0,1.0,0.0,0.0,1,
Roy Oswalt,35.0,COL,NL,0.1,8.0,7.0,6.0,0.0,2.0,0.0,0.0,0.0,0.0,0.0,0.0,0.0,2.0,0.333,0.333,0.333,0.667,74.0,0.302,61.0,2.0,0.0,0.0,1.0,0.0,0.0,/1,
Rubby De La Rosa,24.0,BOS,AL,0.0,1.0,0.0,0.0,0.0,0.0,0.0,0.0,0.0,0.0,0.0,0.0,0.0,0.0,,,,,,,,0.0,0.0,0.0,0.0,0.0,0.0,1,
Rubén Tejada,23.0,NYM,NL,-0.6,57.0,227.0,208.0,20.0,42.0,12.0,0.0,0.0,10.0,2.0,1.0,15.0,24.0,0.202,0.259,0.26,0.519,49.0,0.249,48.0,54.0,3.0,1.0,3.0,0.0,0.0,6/H,
Russell Martin,30.0,PIT,NL,4.1,127.0,506.0,438.0,51.0,99.0,21.0,0.0,15.0,55.0,9.0,5.0,58.0,108.0,0.226,0.327,0.377,0.703,100.0,0.323,104.0,165.0,13.0,8.0,1.0,1.0,2.0,*2/H59D,MVP-24
Ryan Braun,29.0,MIL,NL,1.7,61.0,253.0,225.0,30.0,67.0,14.0,2.0,9.0,38.0,4.0,5.0,27.0,56.0,0.298,0.372,0.498,0.869,136.0,0.377,141.0,112.0,8.0,0.0,0.0,1.0,7.0,7/H,
Ryan Cook,26.0,OAK,AL,0.0,6.0,0.0,0.0,0.0,0.0,0.0,0.0,0.0,0.0,0.0,0.0,0.0,0.0,,,,,,,,0.0,0.0,0.0,0.0,0.0,0.0,1,
Ryan Dempster,36.0,BOS,AL,0.0,1.0,0.0,0.0,0.0,0.0,0.0,0.0,0.0,0.0,0.0,0.0,0.0,0.0,,,,,,,,0.0,0.0,0.0,0.0,0.0,0.0,1,
Ryan Doumit#,32.0,MIN,AL,0.4,135.0,538.0,485.0,49.0,120.0,28.0,1.0,14.0,55.0,1.0,0.0,48.0,99.0,0.247,0.314,0.396,0.71,95.0,0.323,97.0,192.0,13.0,1.0,0.0,4.0,4.0,D29H/7,
Ryan Flaherty*,26.0,BAL,AL,1.1,85.0,271.0,246.0,28.0,55.0,11.0,0.0,10.0,27.0,2.0,0.0,19.0,62.0,0.224,0.293,0.39,0.683,85.0,0.301,78.0,96.0,2.0,5.0,1.0,0.0,3.0,4H/653D,
Ryan Goins*,25.0,TOR,AL,0.9,34.0,121.0,119.0,11.0,30.0,5.0,0.0,2.0,8.0,0.0,0.0,2.0,28.0,0.252,0.264,0.345,0.609,66.0,0.282,67.0,41.0,1.0,0.0,0.0,0.0,0.0,4/6H,
Ryan Hanigan,32.0,CIN,NL,0.3,75.0,260.0,222.0,17.0,44.0,8.0,0.0,2.0,21.0,0.0,1.0,29.0,27.0,0.198,0.306,0.261,0.567,59.0,0.269,56.0,58.0,7.0,6.0,2.0,1.0,9.0,2/H,
Ryan Howard*,33.0,PHI,NL,0.5,80.0,317.0,286.0,34.0,76.0,20.0,2.0,11.0,43.0,0.0,0.0,23.0,95.0,0.266,0.319,0.465,0.784,115.0,0.344,114.0,133.0,6.0,2.0,0.0,6.0,4.0,3/H,
Ryan Jackson,25.0,STL,NL,-0.3,7.0,7.0,7.0,0.0,0.0,0.0,0.0,0.0,0.0,0.0,0.0,0.0,2.0,0.0,0.0,0.0,0.0,-100.0,0.0,-145.0,0.0,0.0,0.0,0.0,0.0,0.0,/H546,
Ryan Langerhans*,33.0,TOR,AL,0.0,4.0,13.0,11.0,3.0,3.0,0.0,0.0,0.0,0.0,1.0,0.0,2.0,2.0,0.273,0.385,0.273,0.657,86.0,0.327,86.0,3.0,0.0,0.0,0.0,0.0,0.0,/3,
Ryan Lavarnway,25.0,BOS,AL,0.1,25.0,82.0,77.0,8.0,23.0,7.0,0.0,1.0,14.0,0.0,0.0,2.0,17.0,0.299,0.329,0.429,0.758,106.0,0.329,100.0,33.0,3.0,2.0,0.0,1.0,0.0,2/HD,
Ryan Ludwick,34.0,CIN,NL,-0.9,38.0,140.0,129.0,7.0,31.0,5.0,0.0,2.0,12.0,0.0,0.0,10.0,29.0,0.24,0.293,0.326,0.618,71.0,0.279,64.0,42.0,7.0,0.0,0.0,1.0,0.0,7/HD,
Ryan Mattheus,29.0,WSN,NL,0.0,36.0,0.0,0.0,0.0,0.0,0.0,0.0,0.0,0.0,0.0,0.0,0.0,0.0,,,,,,,,0.0,0.0,0.0,0.0,0.0,0.0,1,
Ryan Pressly,24.0,MIN,AL,0.0,6.0,0.0,0.0,0.0,0.0,0.0,0.0,0.0,0.0,0.0,0.0,0.0,0.0,,,,,,,,0.0,0.0,0.0,0.0,0.0,0.0,1,
Ryan Raburn,32.0,CLE,AL,2.4,86.0,277.0,243.0,40.0,66.0,18.0,0.0,16.0,55.0,0.0,0.0,29.0,67.0,0.272,0.357,0.543,0.901,151.0,0.393,156.0,132.0,4.0,4.0,0.0,1.0,0.0,9D7H/41,
Ryan Reid*,28.0,PIT,NL,0.0,6.0,1.0,1.0,0.0,0.0,0.0,0.0,0.0,0.0,0.0,0.0,0.0,0.0,0.0,0.0,0.0,0.0,-100.0,0.0,-150.0,0.0,0.0,0.0,0.0,0.0,0.0,/1,
Ryan Roberts,32.0,TBR,AL,0.2,60.0,173.0,162.0,15.0,40.0,6.0,0.0,5.0,17.0,0.0,2.0,11.0,39.0,0.247,0.295,0.377,0.671,87.0,0.294,84.0,61.0,3.0,0.0,0.0,0.0,0.0,4H/53D,
Ryan Sweeney*,28.0,CHC,NL,0.8,70.0,212.0,192.0,19.0,51.0,13.0,2.0,6.0,19.0,1.0,0.0,17.0,31.0,0.266,0.324,0.448,0.772,110.0,0.356,120.0,86.0,3.0,0.0,2.0,1.0,0.0,8H7/9,
Ryan Vogelsong,35.0,SFG,NL,0.0,17.0,36.0,29.0,2.0,2.0,0.0,0.0,0.0,2.0,0.0,0.0,3.0,17.0,0.069,0.156,0.069,0.225,-32.0,0.15,-40.0,2.0,0.0,0.0,4.0,0.0,0.0,1,
Ryan Webb,27.0,MIA,NL,0.0,61.0,3.0,3.0,1.0,1.0,0.0,0.0,0.0,0.0,0.0,0.0,0.0,2.0,0.333,0.333,0.333,0.667,85.0,0.302,81.0,1.0,0.0,0.0,0.0,0.0,0.0,1,
Ryan Wheeler*,24.0,COL,NL,-0.7,28.0,42.0,41.0,1.0,9.0,2.0,0.0,0.0,7.0,0.0,0.0,1.0,10.0,0.22,0.238,0.268,0.506,31.0,0.228,11.0,11.0,1.0,0.0,0.0,0.0,0.0,H/357,
Ryan Zimmerman,28.0,WSN,NL,3.4,147.0,633.0,568.0,84.0,156.0,26.0,2.0,26.0,79.0,6.0,0.0,60.0,133.0,0.275,0.344,0.465,0.809,120.0,0.364,124.0,264.0,16.0,2.0,0.0,3.0,2.0,*5/DH,
Salvador Perez,23.0,KCR,AL,4.2,138.0,526.0,496.0,48.0,145.0,25.0,3.0,13.0,79.0,0.0,0.0,21.0,63.0,0.292,0.323,0.433,0.757,105.0,0.336,105.0,215.0,13.0,4.0,0.0,5.0,2.0,*2/H3,"AS,MVP-22,GG"
Sam Deduno,29.0,MIN,AL,0.0,1.0,2.0,1.0,0.0,0.0,0.0,0.0,0.0,0.0,0.0,0.0,0.0,1.0,0.0,0.0,0.0,0.0,-100.0,0.0,-382.0,0.0,0.0,0.0,1.0,0.0,0.0,1,
Sam Dyson,25.0,MIA,NL,0.0,5.0,1.0,1.0,0.0,0.0,0.0,0.0,0.0,0.0,0.0,0.0,0.0,0.0,0.0,0.0,0.0,0.0,-100.0,0.0,-160.0,0.0,0.0,0.0,0.0,0.0,0.0,/1,
Sam Freeman,26.0,STL,NL,0.0,13.0,0.0,0.0,0.0,0.0,0.0,0.0,0.0,0.0,0.0,0.0,0.0,0.0,,,,,,,,0.0,0.0,0.0,0.0,0.0,0.0,1,
Sam Fuld*,31.0,TBR,AL,-0.4,118.0,200.0,176.0,25.0,35.0,0.0,3.0,2.0,17.0,8.0,2.0,17.0,28.0,0.199,0.27,0.267,0.537,52.0,0.251,44.0,47.0,6.0,1.0,4.0,2.0,0.0,789H/D1,
Sam LeCure,29.0,CIN,NL,0.0,60.0,0.0,0.0,0.0,0.0,0.0,0.0,0.0,0.0,0.0,0.0,0.0,0.0,,,,,,,,0.0,0.0,0.0,0.0,0.0,0.0,1,
Sandy León#,24.0,WSN,NL,0.0,2.0,1.0,1.0,0.0,0.0,0.0,0.0,0.0,0.0,0.0,0.0,0.0,1.0,0.0,0.0,0.0,0.0,-100.0,0.0,-160.0,0.0,0.0,0.0,0.0,0.0,0.0,/2H,
Sandy Rosario,27.0,SFG,NL,0.0,40.0,1.0,1.0,0.0,0.0,0.0,0.0,0.0,0.0,0.0,0.0,0.0,1.0,0.0,0.0,0.0,0.0,-100.0,0.0,-150.0,0.0,0.0,0.0,0.0,0.0,0.0,1,
Santiago Casilla,32.0,SFG,NL,0.0,54.0,0.0,0.0,0.0,0.0,0.0,0.0,0.0,0.0,0.0,0.0,0.0,0.0,,,,,,,,0.0,0.0,0.0,0.0,0.0,0.0,1,
Scooter Gennett*,23.0,MIL,NL,1.5,69.0,230.0,213.0,29.0,69.0,11.0,2.0,6.0,21.0,2.0,1.0,10.0,42.0,0.324,0.356,0.479,0.834,127.0,0.382,140.0,102.0,0.0,1.0,5.0,1.0,0.0,4H,
Scott Atchison,37.0,NYM,NL,0.0,48.0,0.0,0.0,0.0,0.0,0.0,0.0,0.0,0.0,0.0,0.0,0.0,0.0,,,,,,,,0.0,0.0,0.0,0.0,0.0,0.0,1,
Scott Baker,31.0,CHC,NL,-0.1,3.0,4.0,3.0,0.0,0.0,0.0,0.0,0.0,0.0,0.0,0.0,0.0,2.0,0.0,0.0,0.0,0.0,-100.0,0.0,-229.0,0.0,0.0,0.0,1.0,0.0,0.0,/1,
Scott Barnes*,25.0,CLE,AL,0.0,1.0,0.0,0.0,0.0,0.0,0.0,0.0,0.0,0.0,0.0,0.0,0.0,0.0,,,,,,,,0.0,0.0,0.0,0.0,0.0,0.0,/1,
Scott Cousins*,28.0,LAA,AL,-0.1,7.0,5.0,4.0,1.0,0.0,0.0,0.0,0.0,0.0,0.0,0.0,1.0,3.0,0.0,0.2,0.0,0.2,-36.0,0.139,-31.0,0.0,0.0,0.0,0.0,0.0,0.0,/H79,
Scott Diamond*,26.0,MIN,AL,0.1,3.0,7.0,7.0,0.0,1.0,0.0,0.0,0.0,0.0,0.0,0.0,0.0,3.0,0.143,0.143,0.143,0.286,-21.0,0.258,51.0,1.0,0.0,0.0,0.0,0.0,0.0,1,
Scott Downs*,37.0,2TM,2LG,0.0,27.0,0.0,0.0,0.0,0.0,0.0,0.0,0.0,0.0,0.0,0.0,0.0,0.0,,,,,,,,0.0,0.0,0.0,0.0,0.0,0.0,1,
Scott Downs*,37.0,LAA,AL,0.0,2.0,0.0,0.0,0.0,0.0,0.0,0.0,0.0,0.0,0.0,0.0,0.0,0.0,,,,,,,,0.0,0.0,0.0,0.0,0.0,0.0,1,
Scott Downs*,37.0,ATL,NL,0.0,25.0,0.0,0.0,0.0,0.0,0.0,0.0,0.0,0.0,0.0,0.0,0.0,0.0,,,,,,,,0.0,0.0,0.0,0.0,0.0,0.0,1,
Scott Feldman*,30.0,2TM,2LG,0.2,16.0,38.0,37.0,2.0,6.0,2.0,0.0,1.0,8.0,0.0,0.0,0.0,13.0,0.162,0.162,0.297,0.459,23.0,0.2,1.0,11.0,0.0,0.0,1.0,0.0,0.0,1/H,
Scott Feldman*,30.0,CHC,NL,0.2,14.0,35.0,34.0,2.0,6.0,2.0,0.0,1.0,8.0,0.0,0.0,0.0,12.0,0.176,0.176,0.324,0.5,34.0,0.217,14.0,11.0,0.0,0.0,1.0,0.0,0.0,1,
Scott Feldman*,30.0,BAL,AL,0.0,2.0,3.0,3.0,0.0,0.0,0.0,0.0,0.0,0.0,0.0,0.0,0.0,1.0,0.0,0.0,0.0,0.0,-100.0,0.0,-142.0,0.0,0.0,0.0,0.0,0.0,0.0,1/H,
Scott Hairston,33.0,2TM,NL,-0.7,85.0,174.0,157.0,18.0,30.0,5.0,0.0,10.0,26.0,2.0,0.0,9.0,44.0,0.191,0.237,0.414,0.651,75.0,0.294,71.0,65.0,3.0,2.0,1.0,5.0,0.0,H97/D,
Scott Hairston,33.0,CHC,NL,-0.5,52.0,112.0,99.0,13.0,17.0,2.0,0.0,8.0,19.0,2.0,0.0,7.0,25.0,0.172,0.232,0.434,0.666,79.0,0.307,80.0,43.0,3.0,2.0,0.0,4.0,0.0,9H/7D,
Scott Hairston,33.0,WSN,NL,-0.2,33.0,62.0,58.0,5.0,13.0,3.0,0.0,2.0,7.0,0.0,0.0,2.0,19.0,0.224,0.246,0.379,0.625,69.0,0.27,55.0,22.0,0.0,0.0,1.0,1.0,0.0,H7/9,
Scott Kazmir*,29.0,CLE,AL,0.0,2.0,4.0,4.0,0.0,1.0,0.0,0.0,0.0,0.0,0.0,0.0,0.0,1.0,0.25,0.25,0.25,0.5,43.0,0.226,32.0,1.0,1.0,0.0,0.0,0.0,0.0,1,
Scott Rice*,31.0,NYM,NL,0.0,70.0,0.0,0.0,0.0,0.0,0.0,0.0,0.0,0.0,0.0,0.0,0.0,0.0,,,,,,,,0.0,0.0,0.0,0.0,0.0,0.0,1,
Scott Sizemore,28.0,OAK,AL,-0.2,2.0,6.0,6.0,0.0,1.0,1.0,0.0,0.0,0.0,0.0,0.0,0.0,2.0,0.167,0.167,0.333,0.5,35.0,0.21,17.0,2.0,0.0,0.0,0.0,0.0,0.0,/4,
Scott Van Slyke,26.0,LAD,NL,0.8,53.0,152.0,129.0,13.0,31.0,8.0,0.0,7.0,19.0,1.0,1.0,20.0,37.0,0.24,0.342,0.465,0.807,126.0,0.36,131.0,60.0,7.0,1.0,0.0,2.0,0.0,79H/3,
Sean Burnett*,30.0,LAA,AL,0.0,3.0,0.0,0.0,0.0,0.0,0.0,0.0,0.0,0.0,0.0,0.0,0.0,0.0,,,,,,,,0.0,0.0,0.0,0.0,0.0,0.0,1,
Sean Doolittle*,26.0,OAK,AL,0.0,4.0,0.0,0.0,0.0,0.0,0.0,0.0,0.0,0.0,0.0,0.0,0.0,0.0,,,,,,,,0.0,0.0,0.0,0.0,0.0,0.0,1,
Sean Halton,26.0,MIL,NL,-0.4,42.0,111.0,101.0,9.0,24.0,4.0,0.0,4.0,17.0,0.0,0.0,5.0,31.0,0.238,0.291,0.396,0.687,87.0,0.301,78.0,40.0,2.0,3.0,1.0,1.0,0.0,3H/795,
Sean Henn,32.0,NYM,NL,0.0,4.0,0.0,0.0,0.0,0.0,0.0,0.0,0.0,0.0,0.0,0.0,0.0,0.0,,,,,,,,0.0,0.0,0.0,0.0,0.0,0.0,/1,
Sean Marshall*,30.0,CIN,NL,0.0,15.0,0.0,0.0,0.0,0.0,0.0,0.0,0.0,0.0,0.0,0.0,0.0,0.0,,,,,,,,0.0,0.0,0.0,0.0,0.0,0.0,1,
Sean O'Sullivan,25.0,SDP,NL,0.0,7.0,6.0,6.0,0.0,1.0,1.0,0.0,0.0,0.0,0.0,0.0,0.0,4.0,0.167,0.167,0.333,0.5,40.0,0.213,24.0,2.0,0.0,0.0,0.0,0.0,0.0,/1,
Sean Rodríguez,28.0,TBR,AL,0.8,96.0,222.0,195.0,21.0,48.0,10.0,1.0,5.0,23.0,1.0,3.0,17.0,59.0,0.246,0.32,0.385,0.704,97.0,0.314,99.0,75.0,3.0,5.0,3.0,2.0,0.0,7H3/964D,
Sergio Romo,30.0,SFG,NL,0.0,63.0,0.0,0.0,0.0,0.0,0.0,0.0,0.0,0.0,0.0,0.0,0.0,0.0,,,,,,,,0.0,0.0,0.0,0.0,0.0,0.0,1,AS
Sergio Santos,29.0,TOR,AL,0.0,2.0,1.0,1.0,0.0,0.0,0.0,0.0,0.0,0.0,0.0,0.0,0.0,0.0,0.0,0.0,0.0,0.0,-100.0,0.0,-145.0,0.0,0.0,0.0,0.0,0.0,0.0,1,
Seth Maness,24.0,STL,NL,0.0,64.0,5.0,5.0,0.0,1.0,0.0,0.0,0.0,0.0,0.0,0.0,0.0,3.0,0.2,0.2,0.2,0.4,11.0,0.181,-10.0,1.0,1.0,0.0,0.0,0.0,0.0,1,
Seth Smith*,30.0,OAK,AL,0.5,117.0,410.0,368.0,49.0,93.0,27.0,0.0,8.0,40.0,0.0,0.0,39.0,94.0,0.253,0.329,0.391,0.721,101.0,0.319,97.0,144.0,10.0,3.0,0.0,0.0,4.0,D7H/9,
Shane Peterson*,25.0,OAK,AL,0.0,2.0,8.0,7.0,1.0,1.0,0.0,0.0,0.0,1.0,0.0,0.0,1.0,3.0,0.143,0.25,0.143,0.393,14.0,0.2,10.0,1.0,0.0,0.0,0.0,0.0,0.0,/3,
Shane Robinson,28.0,STL,NL,0.8,99.0,171.0,144.0,22.0,36.0,2.0,1.0,2.0,16.0,5.0,1.0,23.0,17.0,0.25,0.345,0.319,0.664,86.0,0.314,87.0,46.0,2.0,0.0,0.0,4.0,0.0,9H87,
Shane Victorino,32.0,BOS,AL,6.0,122.0,532.0,477.0,82.0,140.0,26.0,2.0,15.0,61.0,21.0,3.0,25.0,75.0,0.294,0.351,0.451,0.801,118.0,0.367,123.0,215.0,5.0,18.0,10.0,2.0,0.0,*98/H,"MVP-22,GG"
Shaun Marcum,31.0,NYM,NL,0.0,14.0,27.0,22.0,0.0,3.0,1.0,0.0,0.0,0.0,0.0,0.0,0.0,5.0,0.136,0.174,0.182,0.356,2.0,0.166,-33.0,4.0,0.0,1.0,4.0,0.0,0.0,1/H,
Shawn Camp,37.0,CHC,NL,0.0,24.0,0.0,0.0,0.0,0.0,0.0,0.0,0.0,0.0,0.0,0.0,0.0,0.0,,,,,,,,0.0,0.0,0.0,0.0,0.0,0.0,1,
Shawn Kelley,29.0,NYY,AL,0.0,2.0,0.0,0.0,0.0,0.0,0.0,0.0,0.0,0.0,0.0,0.0,0.0,0.0,,,,,,,,0.0,0.0,0.0,0.0,0.0,0.0,1,
Shawn Tolleson,25.0,LAD,NL,0.0,1.0,0.0,0.0,0.0,0.0,0.0,0.0,0.0,0.0,0.0,0.0,0.0,0.0,,,,,,,,0.0,0.0,0.0,0.0,0.0,0.0,/1,
Shelby Miller,22.0,STL,NL,-0.1,29.0,63.0,53.0,3.0,4.0,1.0,0.0,1.0,2.0,0.0,0.0,1.0,29.0,0.075,0.109,0.151,0.26,-29.0,0.137,-64.0,8.0,2.0,1.0,8.0,0.0,0.0,1,ROY-3
Shelley Duncan,33.0,TBR,AL,-0.3,20.0,64.0,55.0,6.0,10.0,1.0,0.0,2.0,6.0,0.0,0.0,9.0,14.0,0.182,0.297,0.309,0.606,71.0,0.277,68.0,17.0,4.0,0.0,0.0,0.0,0.0,D/H3,
Shin-Soo Choo*,30.0,CIN,NL,4.6,154.0,712.0,569.0,107.0,162.0,34.0,2.0,21.0,54.0,20.0,11.0,112.0,133.0,0.285,0.423,0.462,0.885,145.0,0.398,154.0,263.0,3.0,26.0,3.0,2.0,5.0,*8/7H,MVP-12
Simon Castro,25.0,CHW,AL,0.0,1.0,0.0,0.0,0.0,0.0,0.0,0.0,0.0,0.0,0.0,0.0,0.0,0.0,,,,,,,,0.0,0.0,0.0,0.0,0.0,0.0,/1,
Skip Schumaker*,33.0,LAD,NL,-1.3,125.0,356.0,319.0,31.0,84.0,16.0,0.0,2.0,30.0,2.0,2.0,28.0,54.0,0.263,0.332,0.332,0.665,89.0,0.312,94.0,106.0,11.0,5.0,3.0,0.0,0.0,478H9/1D,
Sonny Gray,23.0,OAK,AL,0.0,1.0,0.0,0.0,0.0,0.0,0.0,0.0,0.0,0.0,0.0,0.0,0.0,0.0,,,,,,,,0.0,0.0,0.0,0.0,0.0,0.0,1,
Starlin Castro,23.0,CHC,NL,-0.5,161.0,705.0,666.0,59.0,163.0,34.0,2.0,10.0,44.0,9.0,6.0,30.0,129.0,0.245,0.284,0.347,0.631,73.0,0.292,73.0,231.0,21.0,7.0,1.0,1.0,0.0,*6/H,
Starling Marte,24.0,PIT,NL,5.1,135.0,566.0,510.0,83.0,143.0,26.0,10.0,12.0,35.0,41.0,15.0,25.0,138.0,0.28,0.343,0.441,0.784,121.0,0.358,126.0,225.0,6.0,24.0,6.0,1.0,2.0,*78H,
Stephen Drew*,30.0,BOS,AL,2.7,124.0,501.0,442.0,57.0,112.0,29.0,8.0,13.0,67.0,6.0,0.0,54.0,124.0,0.253,0.333,0.443,0.777,111.0,0.346,110.0,196.0,9.0,1.0,0.0,4.0,3.0,*6/H,
Stephen Fife,26.0,LAD,NL,-0.2,11.0,18.0,17.0,0.0,1.0,0.0,0.0,0.0,0.0,0.0,0.0,1.0,12.0,0.059,0.111,0.059,0.17,-50.0,0.089,-74.0,1.0,0.0,0.0,0.0,0.0,0.0,1,
Stephen Strasburg,24.0,WSN,NL,0.1,28.0,61.0,49.0,2.0,7.0,2.0,0.0,0.0,2.0,0.0,0.0,2.0,23.0,0.143,0.176,0.184,0.36,-1.0,0.184,-31.0,9.0,0.0,0.0,10.0,0.0,0.0,1,
Stephen Vogt*,28.0,OAK,AL,0.6,47.0,148.0,135.0,18.0,34.0,6.0,1.0,4.0,16.0,0.0,1.0,9.0,28.0,0.252,0.295,0.4,0.695,92.0,0.295,82.0,54.0,2.0,0.0,2.0,2.0,1.0,2/HD,
Steve Ames,25.0,MIA,NL,0.0,4.0,0.0,0.0,0.0,0.0,0.0,0.0,0.0,0.0,0.0,0.0,0.0,0.0,,,,,,,,0.0,0.0,0.0,0.0,0.0,0.0,/1,
Steve Cishek,27.0,MIA,NL,0.0,65.0,0.0,0.0,0.0,0.0,0.0,0.0,0.0,0.0,0.0,0.0,0.0,0.0,,,,,,,,0.0,0.0,0.0,0.0,0.0,0.0,1,
Steve Clevenger*,27.0,2TM,2LG,-0.2,12.0,24.0,23.0,2.0,5.0,1.0,0.0,0.0,2.0,0.0,0.0,1.0,5.0,0.217,0.25,0.261,0.511,41.0,0.228,25.0,6.0,1.0,0.0,0.0,0.0,0.0,/H25,
Steve Clevenger*,27.0,CHC,NL,-0.1,8.0,9.0,8.0,1.0,1.0,0.0,0.0,0.0,0.0,0.0,0.0,1.0,3.0,0.125,0.222,0.125,0.347,-1.0,0.178,-14.0,1.0,0.0,0.0,0.0,0.0,0.0,/H5,
Steve Clevenger*,27.0,BAL,AL,-0.1,4.0,15.0,15.0,1.0,4.0,1.0,0.0,0.0,2.0,0.0,0.0,0.0,2.0,0.267,0.267,0.333,0.6,63.0,0.258,48.0,5.0,1.0,0.0,0.0,0.0,0.0,/2,
Steve Delabar,29.0,TOR,AL,0.0,4.0,0.0,0.0,0.0,0.0,0.0,0.0,0.0,0.0,0.0,0.0,0.0,0.0,,,,,,,,0.0,0.0,0.0,0.0,0.0,0.0,1,AS
Steve Lombardozzi#,24.0,WSN,NL,-0.6,118.0,307.0,290.0,25.0,75.0,15.0,1.0,2.0,22.0,4.0,3.0,8.0,34.0,0.259,0.278,0.338,0.616,68.0,0.279,62.0,98.0,6.0,1.0,5.0,3.0,1.0,H47/5,
Steve Pearce,30.0,BAL,AL,0.7,44.0,138.0,119.0,14.0,31.0,7.0,0.0,4.0,13.0,1.0,0.0,15.0,25.0,0.261,0.362,0.42,0.782,114.0,0.357,120.0,50.0,0.0,4.0,0.0,0.0,2.0,D7/H39,
Steve Susdorf*,27.0,PHI,NL,-0.1,3.0,7.0,7.0,1.0,1.0,1.0,0.0,0.0,0.0,0.0,0.0,0.0,1.0,0.143,0.143,0.286,0.429,16.0,0.182,-7.0,2.0,1.0,0.0,0.0,0.0,0.0,/7H,
Steven Lerud*,28.0,PHI,NL,-0.1,6.0,5.0,5.0,0.0,0.0,0.0,0.0,0.0,0.0,0.0,0.0,0.0,4.0,0.0,0.0,0.0,0.0,-100.0,0.0,-144.0,0.0,0.0,0.0,0.0,0.0,0.0,/2H,
Stolmy Pimentel,23.0,PIT,NL,0.0,5.0,1.0,1.0,0.0,0.0,0.0,0.0,0.0,0.0,0.0,0.0,0.0,0.0,0.0,0.0,0.0,0.0,-100.0,0.0,-150.0,0.0,0.0,0.0,0.0,0.0,0.0,/1,
T.J. McFarland*,24.0,BAL,AL,0.0,2.0,0.0,0.0,0.0,0.0,0.0,0.0,0.0,0.0,0.0,0.0,0.0,0.0,,,,,,,,0.0,0.0,0.0,0.0,0.0,0.0,1,
Tanner Roark,26.0,WSN,NL,0.1,13.0,15.0,14.0,0.0,4.0,1.0,0.0,0.0,1.0,0.0,0.0,0.0,5.0,0.286,0.286,0.357,0.643,75.0,0.271,52.0,5.0,0.0,0.0,1.0,0.0,0.0,1,
Tanner Scheppers,26.0,TEX,AL,0.0,4.0,0.0,0.0,0.0,0.0,0.0,0.0,0.0,0.0,0.0,0.0,0.0,0.0,,,,,,,,0.0,0.0,0.0,0.0,0.0,0.0,1,
Taylor Jordan,24.0,WSN,NL,0.2,9.0,18.0,14.0,0.0,2.0,0.0,0.0,0.0,0.0,0.0,0.0,0.0,3.0,0.143,0.143,0.143,0.286,-21.0,0.26,32.0,2.0,0.0,0.0,4.0,0.0,0.0,/1,
Taylor Teagarden,29.0,BAL,AL,-0.4,23.0,62.0,60.0,3.0,10.0,2.0,0.0,2.0,5.0,0.0,1.0,1.0,18.0,0.167,0.18,0.3,0.48,29.0,0.198,8.0,18.0,0.0,0.0,1.0,0.0,0.0,2/H,
Ted Lilly*,37.0,LAD,NL,-0.1,4.0,5.0,5.0,0.0,0.0,0.0,0.0,0.0,0.0,0.0,0.0,0.0,5.0,0.0,0.0,0.0,0.0,-100.0,0.0,-140.0,0.0,0.0,0.0,0.0,0.0,0.0,/1,
Thad Weber,28.0,SDP,NL,0.0,3.0,3.0,3.0,0.0,0.0,0.0,0.0,0.0,0.0,0.0,0.0,0.0,0.0,0.0,0.0,0.0,0.0,-100.0,0.0,-135.0,0.0,0.0,0.0,0.0,0.0,0.0,/1,
Thomas Field,26.0,LAA,AL,-0.3,15.0,27.0,26.0,4.0,4.0,0.0,0.0,0.0,0.0,0.0,0.0,1.0,7.0,0.154,0.185,0.154,0.339,-2.0,0.156,-18.0,4.0,0.0,0.0,0.0,0.0,0.0,/465H,
Thomas Neal,25.0,2TM,2LG,-0.3,6.0,17.0,15.0,1.0,2.0,0.0,0.0,0.0,0.0,0.0,0.0,1.0,4.0,0.133,0.235,0.133,0.369,6.0,0.19,1.0,2.0,0.0,1.0,0.0,0.0,0.0,/79DH,
Thomas Neal,25.0,NYY,AL,-0.2,4.0,13.0,11.0,1.0,2.0,0.0,0.0,0.0,0.0,0.0,0.0,1.0,4.0,0.182,0.308,0.182,0.49,41.0,0.248,43.0,2.0,0.0,1.0,0.0,0.0,0.0,/97D,
Thomas Neal,25.0,CHC,NL,-0.1,2.0,4.0,4.0,0.0,0.0,0.0,0.0,0.0,0.0,0.0,0.0,0.0,0.0,0.0,0.0,0.0,0.0,-100.0,0.0,-149.0,0.0,0.0,0.0,0.0,0.0,0.0,/7H,
Tim Beckham,23.0,TBR,AL,0.1,5.0,8.0,7.0,1.0,3.0,0.0,0.0,0.0,1.0,0.0,0.0,0.0,0.0,0.429,0.375,0.429,0.804,125.0,0.339,114.0,3.0,0.0,0.0,0.0,1.0,0.0,/H46,
Tim Byrdak*,39.0,NYM,NL,0.0,7.0,0.0,0.0,0.0,0.0,0.0,0.0,0.0,0.0,0.0,0.0,0.0,0.0,,,,,,,,0.0,0.0,0.0,0.0,0.0,0.0,/1,
Tim Collins*,23.0,KCR,AL,0.0,6.0,0.0,0.0,0.0,0.0,0.0,0.0,0.0,0.0,0.0,0.0,0.0,0.0,,,,,,,,0.0,0.0,0.0,0.0,0.0,0.0,1,
Tim Federowicz,25.0,LAD,NL,0.1,56.0,173.0,160.0,12.0,37.0,8.0,0.0,4.0,16.0,0.0,0.0,10.0,56.0,0.231,0.275,0.356,0.631,77.0,0.272,62.0,57.0,5.0,0.0,2.0,1.0,5.0,2H/3,
Tim Hudson,37.0,ATL,NL,0.4,19.0,48.0,38.0,2.0,6.0,1.0,0.0,1.0,3.0,0.0,0.0,4.0,14.0,0.158,0.238,0.263,0.501,39.0,0.255,38.0,10.0,1.0,0.0,6.0,0.0,0.0,1,
Tim Lincecum*,29.0,SFG,NL,-0.1,30.0,67.0,57.0,3.0,6.0,0.0,1.0,0.0,1.0,0.0,0.0,3.0,34.0,0.105,0.15,0.14,0.29,-16.0,0.137,-50.0,8.0,0.0,0.0,7.0,0.0,0.0,1,
Tim Stauffer,31.0,SDP,NL,-0.1,42.0,8.0,8.0,0.0,0.0,0.0,0.0,0.0,0.0,0.0,0.0,0.0,4.0,0.0,0.0,0.0,0.0,-100.0,0.0,-135.0,0.0,0.0,0.0,0.0,0.0,0.0,1,
Todd Cunningham#,24.0,ATL,NL,-0.1,8.0,8.0,8.0,2.0,2.0,0.0,0.0,0.0,0.0,0.0,0.0,0.0,3.0,0.25,0.25,0.25,0.5,39.0,0.214,14.0,2.0,1.0,0.0,0.0,0.0,0.0,/7H9,
Todd Frazier,27.0,CIN,NL,2.9,150.0,600.0,531.0,63.0,124.0,29.0,3.0,19.0,73.0,6.0,5.0,50.0,125.0,0.234,0.314,0.407,0.721,98.0,0.33,103.0,216.0,14.0,14.0,2.0,3.0,1.0,*5/H7,
Todd Helton*,39.0,COL,NL,0.1,124.0,442.0,397.0,41.0,99.0,22.0,1.0,15.0,61.0,0.0,0.0,40.0,87.0,0.249,0.314,0.423,0.738,89.0,0.33,87.0,168.0,4.0,0.0,0.0,5.0,1.0,*3H/D,
Todd Redmond,28.0,TOR,AL,0.0,3.0,4.0,3.0,1.0,0.0,0.0,0.0,0.0,0.0,0.0,0.0,1.0,1.0,0.0,0.25,0.0,0.25,-23.0,0.174,-14.0,0.0,0.0,0.0,0.0,0.0,0.0,1,
Tom Gorzelanny,30.0,MIL,NL,-0.2,40.0,18.0,17.0,0.0,1.0,0.0,0.0,0.0,0.0,0.0,0.0,0.0,9.0,0.059,0.059,0.059,0.118,-67.0,0.053,-120.0,1.0,0.0,0.0,1.0,0.0,0.0,1,
Tom Koehler,27.0,MIA,NL,-0.4,27.0,41.0,39.0,1.0,3.0,0.0,0.0,0.0,0.0,0.0,0.0,0.0,17.0,0.077,0.077,0.077,0.154,-57.0,0.07,-104.0,3.0,0.0,0.0,2.0,0.0,0.0,1,
Tom Wilhelmsen,29.0,SEA,AL,0.0,4.0,0.0,0.0,0.0,0.0,0.0,0.0,0.0,0.0,0.0,0.0,0.0,0.0,,,,,,,,0.0,0.0,0.0,0.0,0.0,0.0,1,
Tommy Hunter,26.0,BAL,AL,0.0,5.0,0.0,0.0,0.0,0.0,0.0,0.0,0.0,0.0,0.0,0.0,0.0,0.0,,,,,,,,0.0,0.0,0.0,0.0,0.0,0.0,1,
Tommy Layne*,28.0,SDP,NL,0.0,14.0,0.0,0.0,0.0,0.0,0.0,0.0,0.0,0.0,0.0,0.0,0.0,0.0,,,,,,,,0.0,0.0,0.0,0.0,0.0,0.0,1,
Tommy Medica,25.0,SDP,NL,0.7,19.0,79.0,69.0,9.0,20.0,2.0,0.0,3.0,10.0,0.0,0.0,10.0,23.0,0.29,0.38,0.449,0.829,139.0,0.38,150.0,31.0,0.0,0.0,0.0,0.0,0.0,3,
Tommy Milone*,26.0,OAK,AL,0.0,3.0,8.0,8.0,2.0,2.0,0.0,0.0,0.0,1.0,0.0,0.0,0.0,1.0,0.25,0.25,0.25,0.5,41.0,0.226,30.0,2.0,1.0,0.0,0.0,0.0,0.0,1,
Tony Abreu#,28.0,SFG,NL,-0.1,53.0,147.0,138.0,21.0,37.0,12.0,3.0,2.0,14.0,0.0,2.0,6.0,33.0,0.268,0.301,0.442,0.743,110.0,0.317,106.0,61.0,5.0,1.0,1.0,1.0,1.0,4H/56,
Tony Campana*,27.0,ARI,NL,0.0,29.0,54.0,46.0,10.0,12.0,0.0,1.0,0.0,0.0,8.0,2.0,8.0,14.0,0.261,0.37,0.304,0.675,89.0,0.339,93.0,14.0,0.0,0.0,0.0,0.0,0.0,H/87,
Tony Cingrani*,23.0,CIN,NL,0.3,22.0,35.0,28.0,4.0,7.0,1.0,0.0,0.0,1.0,1.0,0.0,0.0,9.0,0.25,0.25,0.286,0.536,48.0,0.263,31.0,8.0,0.0,0.0,7.0,0.0,0.0,1/H,
Tony Cruz,26.0,STL,NL,-0.7,51.0,129.0,123.0,13.0,25.0,6.0,1.0,1.0,13.0,0.0,0.0,4.0,25.0,0.203,0.24,0.293,0.533,47.0,0.235,30.0,36.0,7.0,2.0,0.0,0.0,1.0,2H/5D,
Tony Sanchez,25.0,PIT,NL,0.1,22.0,66.0,60.0,9.0,14.0,4.0,0.0,2.0,5.0,0.0,0.0,3.0,14.0,0.233,0.288,0.4,0.688,93.0,0.332,110.0,24.0,2.0,2.0,0.0,1.0,0.0,2/HD,
Tony Sipp*,29.0,ARI,NL,0.0,50.0,0.0,0.0,0.0,0.0,0.0,0.0,0.0,0.0,0.0,0.0,0.0,0.0,,,,,,,,0.0,0.0,0.0,0.0,0.0,0.0,1,
Tony Watson*,28.0,PIT,NL,0.0,63.0,3.0,1.0,0.0,0.0,0.0,0.0,0.0,0.0,0.0,0.0,0.0,1.0,0.0,0.0,0.0,0.0,-100.0,0.0,-650.0,0.0,0.0,0.0,2.0,0.0,0.0,1,
Torii Hunter,37.0,DET,AL,2.6,144.0,652.0,606.0,90.0,184.0,37.0,5.0,17.0,84.0,3.0,2.0,26.0,113.0,0.304,0.334,0.465,0.8,115.0,0.352,117.0,282.0,11.0,7.0,3.0,10.0,0.0,*9/H,"AS,MVP-19,SS"
Travis Blackley*,30.0,HOU,AL,0.0,3.0,0.0,0.0,0.0,0.0,0.0,0.0,0.0,0.0,0.0,0.0,0.0,0.0,,,,,,,,0.0,0.0,0.0,0.0,0.0,0.0,1,
Travis d'Arnaud,24.0,NYM,NL,-0.3,31.0,112.0,99.0,4.0,20.0,3.0,0.0,1.0,5.0,0.0,0.0,12.0,21.0,0.202,0.286,0.263,0.548,58.0,0.254,52.0,26.0,3.0,0.0,0.0,1.0,0.0,2/H,
Travis Hafner*,36.0,NYY,AL,-0.1,82.0,299.0,262.0,31.0,53.0,8.0,1.0,12.0,37.0,2.0,0.0,32.0,79.0,0.202,0.301,0.378,0.679,87.0,0.309,87.0,99.0,5.0,5.0,0.0,0.0,2.0,DH,
Travis Ishikawa*,29.0,2TM,AL,-0.5,7.0,20.0,19.0,0.0,2.0,0.0,0.0,0.0,1.0,0.0,0.0,1.0,10.0,0.105,0.15,0.105,0.255,-28.0,0.125,-51.0,2.0,0.0,0.0,0.0,0.0,0.0,/3D,
Travis Ishikawa*,29.0,BAL,AL,-0.4,6.0,18.0,17.0,0.0,2.0,0.0,0.0,0.0,1.0,0.0,0.0,1.0,8.0,0.118,0.167,0.118,0.284,-20.0,0.139,-41.0,2.0,0.0,0.0,0.0,0.0,0.0,/3D,
Travis Ishikawa*,29.0,NYY,AL,-0.2,1.0,2.0,2.0,0.0,0.0,0.0,0.0,0.0,0.0,0.0,0.0,0.0,2.0,0.0,0.0,0.0,0.0,-100.0,0.0,-141.0,0.0,0.0,0.0,0.0,0.0,0.0,/3,
Travis Snider*,25.0,PIT,NL,-0.7,111.0,285.0,261.0,28.0,56.0,12.0,2.0,5.0,25.0,2.0,3.0,24.0,75.0,0.215,0.281,0.333,0.614,74.0,0.271,66.0,87.0,1.0,0.0,0.0,0.0,3.0,9H/7,
Travis Wood,26.0,CHC,NL,0.7,35.0,67.0,63.0,8.0,14.0,1.0,0.0,3.0,8.0,1.0,0.0,3.0,21.0,0.222,0.258,0.381,0.639,73.0,0.285,64.0,24.0,0.0,0.0,1.0,0.0,0.0,1/H,AS
Trevor Bauer,22.0,CLE,AL,0.0,1.0,1.0,1.0,0.0,0.0,0.0,0.0,0.0,0.0,0.0,0.0,0.0,1.0,0.0,0.0,0.0,0.0,-100.0,0.0,-136.0,0.0,0.0,0.0,0.0,0.0,0.0,/1,
Trevor Cahill,25.0,ARI,NL,-0.3,26.0,53.0,49.0,2.0,4.0,1.0,1.0,0.0,5.0,0.0,0.0,0.0,20.0,0.082,0.082,0.143,0.224,-40.0,0.096,-89.0,7.0,0.0,0.0,4.0,0.0,0.0,1,
Trevor Crowe#,29.0,HOU,AL,-0.1,60.0,181.0,165.0,18.0,36.0,7.0,1.0,1.0,13.0,6.0,1.0,16.0,39.0,0.218,0.287,0.291,0.578,62.0,0.282,66.0,48.0,3.0,0.0,0.0,0.0,0.0,978H/D,
Trevor Plouffe,27.0,MIN,AL,1.1,129.0,522.0,477.0,44.0,121.0,22.0,1.0,14.0,52.0,2.0,1.0,34.0,112.0,0.254,0.309,0.392,0.701,92.0,0.318,94.0,187.0,11.0,6.0,1.0,4.0,1.0,*5/DH3,
Trevor Rosenthal,23.0,STL,NL,0.0,72.0,1.0,1.0,0.0,0.0,0.0,0.0,0.0,0.0,0.0,0.0,0.0,1.0,0.0,0.0,0.0,0.0,-100.0,0.0,-160.0,0.0,0.0,0.0,0.0,0.0,0.0,1,
Troy Patton#,27.0,BAL,AL,0.0,5.0,1.0,1.0,0.0,0.0,0.0,0.0,0.0,0.0,0.0,0.0,0.0,0.0,0.0,0.0,0.0,0.0,-100.0,0.0,-145.0,0.0,0.0,0.0,0.0,0.0,0.0,1,
Troy Tulowitzki,28.0,COL,NL,5.0,126.0,512.0,446.0,72.0,139.0,27.0,0.0,25.0,82.0,1.0,0.0,57.0,85.0,0.312,0.391,0.54,0.931,139.0,0.403,143.0,241.0,9.0,4.0,0.0,5.0,5.0,*6/H,"AS,MVP-17"
Tuffy Gosewisch,29.0,ARI,NL,-0.3,14.0,47.0,45.0,1.0,8.0,2.0,0.0,0.0,3.0,0.0,0.0,0.0,8.0,0.178,0.174,0.222,0.396,8.0,0.194,-4.0,10.0,3.0,0.0,1.0,1.0,0.0,2/H,
Ty Wigginton,35.0,STL,NL,-0.7,47.0,63.0,57.0,9.0,9.0,2.0,0.0,0.0,3.0,0.0,1.0,5.0,19.0,0.158,0.238,0.193,0.431,21.0,0.192,3.0,11.0,1.0,1.0,0.0,0.0,1.0,H/375,
Tyler Chatwood,23.0,COL,NL,0.4,26.0,45.0,40.0,3.0,12.0,1.0,0.0,0.0,7.0,0.0,0.0,2.0,8.0,0.3,0.333,0.325,0.658,72.0,0.308,69.0,13.0,0.0,0.0,3.0,0.0,0.0,1/H,
Tyler Clippard,28.0,WSN,NL,0.0,69.0,0.0,0.0,0.0,0.0,0.0,0.0,0.0,0.0,0.0,0.0,0.0,0.0,,,,,,,,0.0,0.0,0.0,0.0,0.0,0.0,1,
Tyler Cloyd,26.0,PHI,NL,0.0,11.0,22.0,18.0,1.0,2.0,1.0,0.0,0.0,1.0,0.0,0.0,2.0,4.0,0.111,0.2,0.167,0.367,4.0,0.178,-22.0,3.0,0.0,0.0,2.0,0.0,0.0,1,
Tyler Colvin*,27.0,COL,NL,-1.0,27.0,78.0,75.0,8.0,12.0,0.0,0.0,3.0,10.0,0.0,0.0,3.0,27.0,0.16,0.192,0.28,0.472,21.0,0.227,10.0,21.0,2.0,0.0,0.0,0.0,1.0,8/H793,
Tyler Flowers,27.0,CHW,AL,-0.1,84.0,275.0,256.0,24.0,50.0,11.0,0.0,10.0,24.0,0.0,1.0,14.0,94.0,0.195,0.247,0.355,0.603,62.0,0.263,52.0,91.0,9.0,4.0,0.0,1.0,1.0,2,
Tyler Greene,29.0,CHW,AL,-0.4,22.0,57.0,54.0,7.0,12.0,2.0,1.0,1.0,3.0,0.0,0.0,3.0,19.0,0.222,0.263,0.352,0.615,66.0,0.268,54.0,19.0,1.0,0.0,0.0,0.0,0.0,4/H,
Tyler Lyons*,25.0,STL,NL,0.0,11.0,13.0,12.0,0.0,2.0,0.0,0.0,0.0,0.0,0.0,0.0,0.0,4.0,0.167,0.167,0.167,0.333,-7.0,0.143,-51.0,2.0,0.0,0.0,1.0,0.0,0.0,1,
Tyler Moore,26.0,WSN,NL,-1.0,63.0,178.0,167.0,16.0,37.0,9.0,0.0,4.0,21.0,0.0,0.0,8.0,58.0,0.222,0.26,0.347,0.607,65.0,0.288,68.0,58.0,1.0,1.0,1.0,1.0,1.0,7H3/9,
Tyler Pastornicky,23.0,ATL,NL,0.1,20.0,33.0,30.0,5.0,9.0,1.0,0.0,0.0,0.0,0.0,0.0,1.0,5.0,0.3,0.323,0.333,0.656,82.0,0.284,66.0,10.0,0.0,0.0,2.0,0.0,0.0,H/468,
Tyler Skaggs*,21.0,ARI,NL,0.1,7.0,13.0,10.0,0.0,2.0,0.0,0.0,0.0,1.0,0.0,0.0,0.0,5.0,0.2,0.2,0.2,0.4,11.0,0.272,45.0,2.0,0.0,0.0,3.0,0.0,0.0,/1,
Tyler Thornburg,24.0,MIL,NL,-0.2,17.0,18.0,16.0,0.0,0.0,0.0,0.0,0.0,0.0,0.0,0.0,0.0,8.0,0.0,0.0,0.0,0.0,-100.0,0.057,-131.0,0.0,0.0,0.0,2.0,0.0,0.0,1/H,
Tyson Ross,26.0,SDP,NL,0.0,33.0,36.0,33.0,0.0,6.0,0.0,0.0,0.0,0.0,0.0,0.0,0.0,18.0,0.182,0.182,0.182,0.364,6.0,0.165,-21.0,6.0,0.0,0.0,3.0,0.0,0.0,1/H,
Ubaldo Jiménez,29.0,CLE,AL,0.0,3.0,5.0,3.0,0.0,0.0,0.0,0.0,0.0,0.0,0.0,0.0,1.0,3.0,0.0,0.25,0.0,0.25,-21.0,0.174,-32.0,0.0,0.0,0.0,1.0,0.0,0.0,1,
Vance Worley,25.0,MIN,AL,0.0,1.0,1.0,1.0,0.0,0.0,0.0,0.0,0.0,0.0,0.0,0.0,0.0,0.0,0.0,0.0,0.0,0.0,-100.0,0.0,-136.0,0.0,0.0,0.0,0.0,0.0,0.0,1,
Vernon Wells,34.0,NYY,AL,-0.1,130.0,458.0,424.0,45.0,99.0,16.0,0.0,11.0,50.0,7.0,3.0,30.0,73.0,0.233,0.282,0.349,0.631,74.0,0.292,75.0,148.0,9.0,0.0,0.0,4.0,1.0,79HD/345,
Vic Black,25.0,2TM,NL,0.0,17.0,0.0,0.0,0.0,0.0,0.0,0.0,0.0,0.0,0.0,0.0,0.0,0.0,,,,,,,,0.0,0.0,0.0,0.0,0.0,0.0,1,
Vic Black,25.0,PIT,NL,0.0,3.0,0.0,0.0,0.0,0.0,0.0,0.0,0.0,0.0,0.0,0.0,0.0,0.0,,,,,,,,0.0,0.0,0.0,0.0,0.0,0.0,/1,
Vic Black,25.0,NYM,NL,0.0,14.0,0.0,0.0,0.0,0.0,0.0,0.0,0.0,0.0,0.0,0.0,0.0,0.0,,,,,,,,0.0,0.0,0.0,0.0,0.0,0.0,1,
Victor Martinez#,34.0,DET,AL,1.2,159.0,668.0,605.0,68.0,182.0,36.0,0.0,14.0,83.0,0.0,2.0,54.0,62.0,0.301,0.355,0.43,0.785,113.0,0.343,111.0,260.0,23.0,1.0,0.0,8.0,10.0,*D3/H2,
Vin Mazzaro,26.0,PIT,NL,0.0,54.0,6.0,6.0,0.0,1.0,0.0,0.0,0.0,0.0,0.0,0.0,0.0,4.0,0.167,0.167,0.167,0.333,-5.0,0.151,-26.0,1.0,0.0,0.0,0.0,0.0,0.0,1,
Víctor Marte,32.0,STL,NL,0.0,4.0,0.0,0.0,0.0,0.0,0.0,0.0,0.0,0.0,0.0,0.0,0.0,0.0,,,,,,,,0.0,0.0,0.0,0.0,0.0,0.0,/1,
Wade Davis,27.0,KCR,AL,-0.1,3.0,4.0,3.0,0.0,0.0,0.0,0.0,0.0,0.0,0.0,0.0,0.0,2.0,0.0,0.0,0.0,0.0,-100.0,0.0,-221.0,0.0,0.0,0.0,1.0,0.0,0.0,1,
Wade LeBlanc*,28.0,2TM,2LG,0.0,13.0,13.0,12.0,1.0,2.0,0.0,0.0,0.0,0.0,0.0,0.0,0.0,2.0,0.167,0.167,0.167,0.333,-8.0,0.143,-52.0,2.0,0.0,0.0,1.0,0.0,0.0,1,
Wade LeBlanc*,28.0,MIA,NL,0.0,12.0,13.0,12.0,1.0,2.0,0.0,0.0,0.0,0.0,0.0,0.0,0.0,2.0,0.167,0.167,0.167,0.333,-8.0,0.143,-52.0,2.0,0.0,0.0,1.0,0.0,0.0,1,
Wade LeBlanc*,28.0,HOU,AL,0.0,1.0,0.0,0.0,0.0,0.0,0.0,0.0,0.0,0.0,0.0,0.0,0.0,0.0,,,,,,,,0.0,0.0,0.0,0.0,0.0,0.0,/1,
Wade Miley*,26.0,ARI,NL,0.0,32.0,69.0,60.0,2.0,8.0,3.0,0.0,1.0,8.0,0.0,0.0,1.0,16.0,0.133,0.148,0.233,0.381,3.0,0.167,-38.0,14.0,3.0,0.0,8.0,0.0,0.0,1/H,
Wandy Rodríguez#,34.0,PIT,NL,-0.2,13.0,24.0,22.0,0.0,2.0,0.0,0.0,0.0,1.0,0.0,0.0,0.0,8.0,0.091,0.091,0.091,0.182,-48.0,0.082,-94.0,2.0,0.0,0.0,2.0,0.0,0.0,1/H,
Wei-Yin Chen,27.0,BAL,AL,0.0,1.0,2.0,2.0,0.0,0.0,0.0,0.0,0.0,0.0,0.0,0.0,0.0,0.0,0.0,0.0,0.0,0.0,-100.0,0.0,-141.0,0.0,0.0,0.0,0.0,0.0,0.0,1,
Welington Castillo,26.0,CHC,NL,4.0,113.0,428.0,380.0,41.0,104.0,23.0,0.0,8.0,32.0,2.0,0.0,34.0,97.0,0.274,0.349,0.397,0.746,106.0,0.342,109.0,151.0,13.0,11.0,1.0,2.0,3.0,*2/H,
Wesley Wright,28.0,HOU,AL,0.0,6.0,1.0,1.0,0.0,0.0,0.0,0.0,0.0,0.0,0.0,0.0,0.0,1.0,0.0,0.0,0.0,0.0,-100.0,0.0,-136.0,0.0,0.0,0.0,0.0,0.0,0.0,1,
Wil Myers,22.0,TBR,AL,2.2,88.0,373.0,335.0,50.0,98.0,23.0,0.0,13.0,53.0,5.0,2.0,33.0,91.0,0.293,0.354,0.478,0.831,131.0,0.357,127.0,160.0,10.0,1.0,0.0,4.0,6.0,9D/8H,ROY-1
Wil Nieves,35.0,ARI,NL,-0.1,71.0,206.0,195.0,16.0,58.0,11.0,0.0,1.0,22.0,0.0,0.0,8.0,32.0,0.297,0.32,0.369,0.69,90.0,0.313,88.0,72.0,7.0,0.0,0.0,3.0,0.0,2H/D,
Wilfredo Tovar,21.0,NYM,NL,0.0,7.0,19.0,15.0,1.0,3.0,0.0,0.0,0.0,2.0,1.0,0.0,1.0,3.0,0.2,0.294,0.2,0.494,45.0,0.231,9.0,3.0,2.0,1.0,2.0,0.0,1.0,/6H,
Wilin Rosario,24.0,COL,NL,2.2,121.0,466.0,449.0,63.0,131.0,22.0,1.0,21.0,79.0,4.0,1.0,15.0,109.0,0.292,0.315,0.486,0.801,104.0,0.352,104.0,218.0,7.0,1.0,0.0,1.0,0.0,2/H3D,
Wilkin Ramírez,27.0,MIN,AL,0.1,35.0,87.0,81.0,5.0,22.0,6.0,1.0,0.0,6.0,0.0,0.0,3.0,23.0,0.272,0.302,0.37,0.673,85.0,0.293,75.0,30.0,1.0,1.0,0.0,1.0,0.0,H/897,
Will Harris,28.0,ARI,NL,0.0,57.0,0.0,0.0,0.0,0.0,0.0,0.0,0.0,0.0,0.0,0.0,0.0,0.0,,,,,,,,0.0,0.0,0.0,0.0,0.0,0.0,1,
Will Middlebrooks,24.0,BOS,AL,0.4,94.0,374.0,348.0,41.0,79.0,18.0,0.0,17.0,49.0,3.0,1.0,20.0,98.0,0.227,0.271,0.425,0.696,87.0,0.303,80.0,148.0,13.0,2.0,1.0,3.0,3.0,5/4H3,
Will Venable*,30.0,SDP,NL,3.5,151.0,515.0,481.0,64.0,129.0,22.0,8.0,22.0,53.0,22.0,6.0,29.0,118.0,0.268,0.312,0.484,0.796,126.0,0.35,124.0,233.0,6.0,2.0,2.0,1.0,4.0,*98H,
Willie Bloomquist,35.0,ARI,NL,0.4,48.0,150.0,139.0,16.0,44.0,5.0,1.0,0.0,14.0,0.0,2.0,8.0,11.0,0.317,0.36,0.367,0.727,101.0,0.327,104.0,51.0,3.0,2.0,0.0,1.0,0.0,H4/67,
Wilmer Flores,21.0,NYM,NL,-0.6,27.0,101.0,95.0,8.0,20.0,5.0,0.0,1.0,13.0,0.0,0.0,5.0,23.0,0.211,0.248,0.295,0.542,54.0,0.243,44.0,28.0,1.0,0.0,0.0,1.0,0.0,5/4H,
Wilson Betemit#,31.0,BAL,AL,-0.3,6.0,10.0,10.0,0.0,0.0,0.0,0.0,0.0,0.0,0.0,0.0,0.0,3.0,0.0,0.0,0.0,0.0,-100.0,0.0,-142.0,0.0,1.0,0.0,0.0,0.0,0.0,/DH3,
Wilson Ramos,25.0,WSN,NL,2.5,78.0,303.0,287.0,29.0,78.0,9.0,0.0,16.0,59.0,0.0,1.0,15.0,42.0,0.272,0.307,0.47,0.777,110.0,0.352,118.0,135.0,12.0,0.0,0.0,1.0,1.0,2/H,
Wilton López,29.0,COL,NL,0.0,70.0,1.0,1.0,0.0,0.0,0.0,0.0,0.0,0.0,0.0,0.0,0.0,1.0,0.0,0.0,0.0,0.0,-100.0,0.0,-170.0,0.0,0.0,0.0,0.0,0.0,0.0,1,
Wily Peralta,24.0,MIL,NL,-0.2,31.0,60.0,50.0,1.0,7.0,0.0,0.0,0.0,0.0,0.0,0.0,1.0,20.0,0.14,0.157,0.14,0.297,-17.0,0.138,-70.0,7.0,1.0,0.0,9.0,0.0,0.0,1,
Xander Bogaerts,20.0,BOS,AL,0.3,18.0,50.0,44.0,7.0,11.0,2.0,0.0,1.0,5.0,1.0,0.0,5.0,13.0,0.25,0.32,0.364,0.684,87.0,0.365,123.0,16.0,1.0,0.0,0.0,1.0,0.0,/56H,
Xavier Cedeño*,26.0,WSN,NL,0.0,11.0,0.0,0.0,0.0,0.0,0.0,0.0,0.0,0.0,0.0,0.0,0.0,0.0,,,,,,,,0.0,0.0,0.0,0.0,0.0,0.0,1,
Xavier Paul*,28.0,CIN,NL,-0.5,97.0,239.0,209.0,24.0,51.0,12.0,0.0,7.0,32.0,0.0,1.0,27.0,53.0,0.244,0.339,0.402,0.741,104.0,0.341,112.0,84.0,6.0,3.0,0.0,0.0,3.0,7H/D,
Yadier Molina,30.0,STL,NL,6.2,136.0,541.0,505.0,68.0,161.0,44.0,0.0,12.0,80.0,3.0,2.0,30.0,55.0,0.319,0.359,0.477,0.836,129.0,0.373,135.0,241.0,14.0,3.0,0.0,3.0,4.0,*2/3H,"AS,MVP-3,GG,SS"
Yamaico Navarro,25.0,BAL,AL,0.2,8.0,31.0,28.0,3.0,8.0,0.0,1.0,0.0,2.0,0.0,0.0,2.0,8.0,0.286,0.333,0.357,0.69,90.0,0.294,73.0,10.0,1.0,0.0,1.0,0.0,0.0,/4,
Yan Gomes,25.0,CLE,AL,4.2,88.0,322.0,293.0,45.0,86.0,18.0,2.0,11.0,38.0,2.0,0.0,18.0,67.0,0.294,0.345,0.481,0.826,131.0,0.361,131.0,141.0,12.0,7.0,0.0,4.0,0.0,2/DH3,
Yasiel Puig,22.0,LAD,NL,4.7,104.0,432.0,382.0,66.0,122.0,21.0,2.0,19.0,42.0,11.0,8.0,36.0,97.0,0.319,0.391,0.534,0.925,159.0,0.401,163.0,204.0,6.0,11.0,0.0,3.0,6.0,98/H7,"MVP-15,ROY-2"
Yasmani Grandal#,24.0,SDP,NL,0.8,28.0,108.0,88.0,13.0,19.0,8.0,0.0,1.0,9.0,0.0,0.0,18.0,18.0,0.216,0.352,0.341,0.693,102.0,0.311,99.0,30.0,1.0,1.0,0.0,1.0,2.0,2/H3,
Yoenis Céspedes,27.0,OAK,AL,1.4,135.0,574.0,529.0,74.0,127.0,21.0,4.0,26.0,80.0,7.0,7.0,37.0,137.0,0.24,0.294,0.442,0.737,103.0,0.321,101.0,234.0,8.0,5.0,0.0,3.0,5.0,7D8/H,
Yoervis Medina,24.0,SEA,AL,0.0,4.0,0.0,0.0,0.0,0.0,0.0,0.0,0.0,0.0,0.0,0.0,0.0,0.0,,,,,,,,0.0,0.0,0.0,0.0,0.0,0.0,1,
Yonder Alonso*,26.0,SDP,NL,0.8,97.0,375.0,334.0,34.0,94.0,11.0,0.0,6.0,45.0,6.0,0.0,32.0,47.0,0.281,0.341,0.368,0.71,106.0,0.316,100.0,123.0,9.0,2.0,0.0,7.0,5.0,3/H457,
Yorvit Torrealba,34.0,COL,NL,-0.5,61.0,196.0,179.0,10.0,43.0,8.0,0.0,0.0,16.0,0.0,0.0,13.0,24.0,0.24,0.295,0.285,0.58,52.0,0.265,37.0,51.0,6.0,1.0,3.0,0.0,2.0,2H/3,
Yovani Gallardo,27.0,MIL,NL,0.4,32.0,64.0,57.0,4.0,12.0,2.0,0.0,2.0,4.0,0.0,0.0,0.0,29.0,0.211,0.211,0.351,0.561,51.0,0.257,38.0,20.0,1.0,0.0,7.0,0.0,0.0,1/H,
Yu Darvish,26.0,TEX,AL,0.0,1.0,3.0,3.0,0.0,0.0,0.0,0.0,0.0,0.0,0.0,0.0,0.0,2.0,0.0,0.0,0.0,0.0,-100.0,0.0,-142.0,0.0,0.0,0.0,0.0,0.0,0.0,1,"AS,CYA-2,MVP-22"
Yunel Escobar,30.0,TBR,AL,3.4,153.0,578.0,508.0,61.0,130.0,27.0,1.0,9.0,56.0,4.0,4.0,57.0,73.0,0.256,0.332,0.366,0.698,96.0,0.317,99.0,186.0,19.0,3.0,6.0,4.0,2.0,*6/H,
Yunesky Maya,31.0,WSN,NL,0.0,1.0,0.0,0.0,0.0,0.0,0.0,0.0,0.0,0.0,0.0,0.0,0.0,0.0,,,,,,,,0.0,0.0,0.0,0.0,0.0,0.0,/1,
Yuniesky Betancourt,31.0,MIL,NL,-2.3,137.0,409.0,391.0,35.0,83.0,15.0,1.0,13.0,46.0,0.0,0.0,14.0,71.0,0.212,0.24,0.355,0.595,61.0,0.263,49.0,139.0,9.0,1.0,0.0,3.0,3.0,35H/467,
Yusmeiro Petit,28.0,SFG,NL,-0.1,7.0,17.0,16.0,0.0,1.0,0.0,0.0,0.0,2.0,0.0,0.0,1.0,5.0,0.063,0.118,0.063,0.18,-46.0,0.094,-67.0,1.0,1.0,0.0,0.0,0.0,0.0,/1,
Zac Rosscup,25.0,CHC,NL,0.0,10.0,0.0,0.0,0.0,0.0,0.0,0.0,0.0,0.0,0.0,0.0,0.0,0.0,,,,,,,,0.0,0.0,0.0,0.0,0.0,0.0,1,
Zach Duke*,30.0,2TM,NL,0.1,25.0,2.0,2.0,0.0,2.0,0.0,0.0,0.0,0.0,0.0,0.0,0.0,0.0,1.0,1.0,1.0,2.0,455.0,0.907,550.0,2.0,0.0,0.0,0.0,0.0,0.0,1,
Zach Duke*,30.0,WSN,NL,0.1,12.0,1.0,1.0,0.0,1.0,0.0,0.0,0.0,0.0,0.0,0.0,0.0,0.0,1.0,1.0,1.0,2.0,452.0,0.907,550.0,1.0,0.0,0.0,0.0,0.0,0.0,1,
Zach Duke*,30.0,CIN,NL,0.1,13.0,1.0,1.0,0.0,1.0,0.0,0.0,0.0,0.0,0.0,0.0,0.0,0.0,1.0,1.0,1.0,2.0,457.0,0.907,550.0,1.0,0.0,0.0,0.0,0.0,0.0,1,
Zach Lutz,27.0,NYM,NL,0.2,15.0,26.0,20.0,2.0,6.0,2.0,0.0,0.0,2.0,0.0,0.0,6.0,6.0,0.3,0.462,0.4,0.862,149.0,0.393,157.0,8.0,1.0,0.0,0.0,0.0,0.0,H/53D,
Zach McAllister,25.0,CLE,AL,-0.1,2.0,4.0,4.0,0.0,0.0,0.0,0.0,0.0,0.0,0.0,0.0,0.0,2.0,0.0,0.0,0.0,0.0,-100.0,0.0,-134.0,0.0,0.0,0.0,0.0,0.0,0.0,1,
Zach Miner,31.0,PHI,NL,0.1,16.0,6.0,6.0,0.0,2.0,0.0,0.0,0.0,0.0,0.0,0.0,0.0,3.0,0.333,0.333,0.333,0.667,86.0,0.302,82.0,2.0,0.0,0.0,0.0,0.0,0.0,1,
Zach Phillips*,26.0,MIA,NL,0.0,3.0,0.0,0.0,0.0,0.0,0.0,0.0,0.0,0.0,0.0,0.0,0.0,0.0,,,,,,,,0.0,0.0,0.0,0.0,0.0,0.0,/1,
Zach Putnam,25.0,CHC,NL,0.0,5.0,0.0,0.0,0.0,0.0,0.0,0.0,0.0,0.0,0.0,0.0,0.0,0.0,,,,,,,,0.0,0.0,0.0,0.0,0.0,0.0,/1,
Zach Walters#,23.0,WSN,NL,0.1,8.0,9.0,8.0,2.0,3.0,0.0,1.0,0.0,1.0,0.0,0.0,1.0,0.0,0.375,0.444,0.625,1.069,190.0,0.447,188.0,5.0,1.0,0.0,0.0,0.0,0.0,/H56,
Zack Cozart,27.0,CIN,NL,1.2,151.0,618.0,567.0,74.0,144.0,30.0,3.0,12.0,63.0,0.0,0.0,26.0,102.0,0.254,0.284,0.381,0.665,82.0,0.299,78.0,216.0,18.0,2.0,13.0,10.0,2.0,*6/H,
Zack Greinke,29.0,LAD,NL,1.3,29.0,72.0,58.0,5.0,19.0,3.0,0.0,0.0,4.0,2.0,0.0,7.0,10.0,0.328,0.409,0.379,0.788,125.0,0.379,142.0,22.0,0.0,1.0,6.0,0.0,0.0,1/H,"CYA-8,SS"
Zack Wheeler*,23.0,NYM,NL,0.0,16.0,34.0,30.0,1.0,4.0,1.0,0.0,0.0,2.0,0.0,0.0,1.0,13.0,0.133,0.161,0.167,0.328,-6.0,0.151,-37.0,5.0,0.0,0.0,3.0,0.0,0.0,1/H,
Zeke Spruill#,23.0,ARI,NL,0.0,5.0,1.0,1.0,0.0,0.0,0.0,0.0,0.0,0.0,0.0,0.0,0.0,1.0,0.0,0.0,0.0,0.0,-100.0,0.0,-160.0,0.0,0.0,0.0,0.0,0.0,0.0,/1,
Zoilo Almonte#,24.0,NYY,AL,-0.4,34.0,113.0,106.0,9.0,25.0,4.0,0.0,1.0,9.0,3.0,1.0,6.0,19.0,0.236,0.274,0.302,0.576,60.0,0.274,61.0,32.0,2.0,0.0,0.0,1.0,0.0,7/H9D,
Álex González,36.0,MIL,NL,-1.0,41.0,118.0,113.0,14.0,20.0,3.0,0.0,1.0,8.0,0.0,0.0,3.0,26.0,0.177,0.203,0.23,0.433,19.0,0.197,0.0,26.0,1.0,1.0,0.0,1.0,0.0,35H/6,
Álex Rodríguez,37.0,NYY,AL,0.0,44.0,181.0,156.0,21.0,38.0,7.0,0.0,7.0,19.0,4.0,2.0,23.0,43.0,0.244,0.348,0.423,0.771,113.0,0.346,116.0,66.0,5.0,2.0,0.0,0.0,1.0,5D/H,
Álex Ríos,32.0,2TM,AL,2.4,156.0,662.0,616.0,83.0,171.0,33.0,4.0,18.0,81.0,42.0,7.0,41.0,108.0,0.278,0.324,0.432,0.756,104.0,0.344,103.0,266.0,17.0,2.0,0.0,2.0,2.0,*9/8H,
Álex Ríos,32.0,CHW,AL,1.4,109.0,465.0,430.0,57.0,119.0,22.0,2.0,12.0,55.0,26.0,6.0,32.0,78.0,0.277,0.328,0.421,0.749,102.0,0.34,102.0,181.0,12.0,1.0,0.0,1.0,2.0,9/H,
Álex Ríos,32.0,TEX,AL,0.9,47.0,197.0,186.0,26.0,52.0,11.0,2.0,6.0,26.0,16.0,1.0,9.0,30.0,0.28,0.315,0.457,0.772,108.0,0.355,106.0,85.0,5.0,1.0,0.0,1.0,0.0,9/8,
Álex Torres*,25.0,TBR,AL,0.0,2.0,0.0,0.0,0.0,0.0,0.0,0.0,0.0,0.0,0.0,0.0,0.0,0.0,,,,,,,,0.0,0.0,0.0,0.0,0.0,0.0,1,
Ángel Pagán#,31.0,SFG,NL,0.9,71.0,305.0,280.0,44.0,79.0,16.0,3.0,5.0,30.0,9.0,4.0,23.0,36.0,0.282,0.334,0.414,0.749,113.0,0.339,117.0,116.0,1.0,0.0,0.0,2.0,0.0,8/H,
Édgar González,30.0,HOU,AL,0.0,2.0,0.0,0.0,0.0,0.0,0.0,0.0,0.0,0.0,0.0,0.0,0.0,0.0,,,,,,,,0.0,0.0,0.0,0.0,0.0,0.0,/1,
Érik Bédard*,34.0,HOU,AL,-0.1,2.0,4.0,3.0,0.0,0.0,0.0,0.0,0.0,0.0,0.0,0.0,0.0,1.0,0.0,0.0,0.0,0.0,-100.0,0.0,-218.0,0.0,0.0,0.0,1.0,0.0,0.0,1,
Óliver Pérez*,31.0,SEA,AL,0.0,4.0,0.0,0.0,0.0,0.0,0.0,0.0,0.0,0.0,0.0,0.0,0.0,0.0,,,,,,,,0.0,0.0,0.0,0.0,0.0,0.0,1,
