Player,Age,Team,Lg,WAR,G,PA,AB,R,H,2B,3B,HR,RBI,SB,CS,BB,SO,BA,OBP,SLG,OPS,OPS+,rOBA,Rbat+,TB,GIDP,HBP,SH,SF,IBB,Pos,Awards
A.J. Puk*,30.0,ARI,NL,0.0,2.0,0.0,0.0,0.0,0.0,0.0,0.0,0.0,0.0,0.0,0.0,0.0,0.0,,,,,,,,0.0,0.0,0.0,0.0,0.0,0.0,/1,
Aaron Judge,33.0,NYY,AL,9.7,152.0,679.0,541.0,137.0,179.0,30.0,2.0,53.0,114.0,12.0,5.0,124.0,160.0,0.331,0.457,0.688,1.144,215.0,0.461,212.0,372.0,16.0,7.0,0.0,7.0,36.0,9D/H,"AS,MVP-1,SS"
Aaron Schunk,27.0,COL,NL,-0.3,16.0,33.0,32.0,1.0,6.0,1.0,0.0,0.0,0.0,0.0,0.0,0.0,10.0,0.188,0.188,0.219,0.406,8.0,0.18,-13.0,7.0,1.0,0.0,1.0,0.0,0.0,/64H5D,
Abraham Toro#,28.0,BOS,AL,-0.2,77.0,284.0,259.0,33.0,62.0,13.0,0.0,7.0,27.0,2.0,1.0,14.0,42.0,0.239,0.289,0.371,0.659,83.0,0.299,88.0,96.0,1.0,6.0,0.0,5.0,1.0,35/H1,
Adael Amador#,22.0,COL,NL,-1.2,41.0,128.0,113.0,5.0,20.0,7.0,0.0,1.0,10.0,1.0,1.0,11.0,27.0,0.177,0.256,0.265,0.521,40.0,0.244,36.0,30.0,2.0,1.0,3.0,0.0,0.0,4/H,
Adam Frazier*,33.0,2TM,2LG,1.4,134.0,459.0,419.0,43.0,112.0,20.0,0.0,7.0,44.0,8.0,6.0,26.0,81.0,0.267,0.319,0.365,0.684,91.0,0.302,90.0,153.0,8.0,8.0,1.0,5.0,2.0,47H9/D5,
Adam Frazier*,33.0,PIT,NL,0.3,78.0,262.0,235.0,22.0,60.0,10.0,0.0,3.0,21.0,7.0,5.0,17.0,45.0,0.255,0.318,0.336,0.654,83.0,0.292,82.0,79.0,8.0,6.0,1.0,3.0,2.0,47H/9,
Adam Frazier*,33.0,KCR,AL,1.1,56.0,197.0,184.0,21.0,52.0,10.0,0.0,4.0,23.0,1.0,1.0,9.0,36.0,0.283,0.32,0.402,0.722,101.0,0.314,101.0,74.0,0.0,2.0,0.0,2.0,0.0,47/DH59,
Addison Barger*,25.0,TOR,AL,1.2,135.0,502.0,460.0,61.0,112.0,32.0,1.0,21.0,74.0,4.0,1.0,36.0,121.0,0.243,0.301,0.454,0.756,105.0,0.32,100.0,209.0,8.0,3.0,0.0,2.0,4.0,59H/D,
Adley Rutschman#,27.0,BAL,AL,1.9,90.0,365.0,322.0,37.0,71.0,16.0,2.0,9.0,29.0,0.0,0.0,40.0,57.0,0.22,0.307,0.366,0.673,90.0,0.297,89.0,118.0,8.0,1.0,0.0,2.0,0.0,2D/H,
Adolis García,32.0,TEX,AL,2.7,135.0,547.0,507.0,58.0,115.0,28.0,0.0,19.0,75.0,13.0,4.0,28.0,135.0,0.227,0.271,0.394,0.665,93.0,0.291,94.0,200.0,9.0,5.0,0.0,7.0,1.0,*9/DH,
Adrian Del Castillo*,25.0,ARI,NL,-0.1,44.0,131.0,120.0,9.0,29.0,6.0,0.0,4.0,17.0,0.0,0.0,8.0,47.0,0.242,0.29,0.392,0.682,87.0,0.297,82.0,47.0,2.0,1.0,0.0,2.0,0.0,DH/2,
Agustín Ramírez,23.0,MIA,NL,-0.4,136.0,585.0,537.0,72.0,124.0,33.0,1.0,21.0,67.0,16.0,3.0,36.0,113.0,0.231,0.287,0.413,0.701,92.0,0.31,89.0,222.0,13.0,8.0,0.0,4.0,2.0,2D/H,ROY-6
Akil Baddoo*,26.0,DET,AL,0.2,7.0,18.0,17.0,0.0,2.0,1.0,0.0,0.0,1.0,1.0,0.0,1.0,5.0,0.118,0.167,0.176,0.343,-4.0,0.17,-17.0,3.0,0.0,0.0,0.0,0.0,0.0,/798H,
Alan Roden*,25.0,2TM,AL,-0.6,55.0,153.0,136.0,17.0,26.0,6.0,1.0,2.0,9.0,1.0,1.0,8.0,37.0,0.191,0.261,0.294,0.556,53.0,0.244,46.0,40.0,0.0,6.0,0.0,3.0,0.0,79/H8,
Alan Roden*,25.0,TOR,AL,-0.1,43.0,113.0,98.0,12.0,20.0,5.0,1.0,1.0,8.0,0.0,1.0,8.0,24.0,0.204,0.283,0.306,0.589,63.0,0.256,56.0,30.0,0.0,4.0,0.0,3.0,0.0,79/H8,
Alan Roden*,25.0,MIN,AL,-0.5,12.0,40.0,38.0,5.0,6.0,1.0,0.0,1.0,1.0,1.0,0.0,0.0,13.0,0.158,0.2,0.263,0.463,27.0,0.212,17.0,10.0,0.0,2.0,0.0,0.0,0.0,7/89,
Alan Trejo,29.0,COL,NL,-0.4,13.0,43.0,40.0,3.0,7.0,2.0,0.0,0.0,1.0,0.0,0.0,1.0,7.0,0.175,0.19,0.225,0.415,11.0,0.183,-9.0,9.0,3.0,0.0,1.0,1.0,0.0,6/1,
Alec Bohm,28.0,PHI,NL,1.5,120.0,504.0,464.0,53.0,133.0,18.0,3.0,11.0,59.0,2.0,0.0,29.0,82.0,0.287,0.331,0.409,0.741,102.0,0.334,105.0,190.0,16.0,5.0,0.0,6.0,0.0,53,
Alec Burleson*,26.0,STL,NL,1.8,139.0,546.0,497.0,54.0,144.0,26.0,2.0,18.0,69.0,5.0,1.0,39.0,79.0,0.29,0.343,0.459,0.801,125.0,0.352,126.0,228.0,14.0,3.0,1.0,4.0,1.0,379D/H1,SS
Alejandro Kirk,26.0,TOR,AL,2.3,130.0,506.0,451.0,45.0,127.0,18.0,0.0,15.0,76.0,1.0,0.0,48.0,59.0,0.282,0.348,0.421,0.769,111.0,0.334,110.0,190.0,16.0,1.0,0.0,6.0,2.0,*2H/D,AS
Alejandro Osuna*,22.0,TEX,AL,0.2,63.0,176.0,151.0,12.0,32.0,4.0,0.0,2.0,15.0,5.0,4.0,21.0,34.0,0.212,0.313,0.278,0.591,77.0,0.264,79.0,42.0,1.0,2.0,0.0,2.0,1.0,79/DH8,
Alek Thomas*,25.0,ARI,NL,0.1,143.0,469.0,433.0,51.0,108.0,19.0,3.0,9.0,38.0,7.0,4.0,21.0,122.0,0.249,0.289,0.37,0.659,82.0,0.291,78.0,160.0,2.0,5.0,6.0,4.0,0.0,*8/HD,
Alex Bregman,31.0,BOS,AL,3.5,114.0,495.0,433.0,64.0,118.0,28.0,0.0,18.0,62.0,1.0,1.0,51.0,70.0,0.273,0.36,0.462,0.821,128.0,0.357,130.0,200.0,12.0,9.0,0.0,2.0,3.0,*5/HD,AS
Alex Call,30.0,2TM,NL,1.5,110.0,322.0,270.0,43.0,72.0,13.0,2.0,5.0,31.0,2.0,1.0,36.0,55.0,0.267,0.361,0.385,0.746,112.0,0.338,117.0,104.0,6.0,6.0,6.0,4.0,0.0,97H/D8,
Alex Call,30.0,WSN,NL,1.1,72.0,237.0,197.0,30.0,54.0,9.0,2.0,3.0,26.0,1.0,1.0,26.0,36.0,0.274,0.371,0.386,0.756,117.0,0.345,124.0,76.0,5.0,6.0,5.0,3.0,0.0,97H/D8,
Alex Call,30.0,LAD,NL,0.4,38.0,85.0,73.0,13.0,18.0,4.0,0.0,2.0,5.0,1.0,0.0,10.0,19.0,0.247,0.333,0.384,0.717,101.0,0.321,100.0,28.0,1.0,0.0,1.0,1.0,0.0,7H9/8D,
Alex Freeland#,23.0,LAD,NL,0.2,29.0,97.0,84.0,10.0,16.0,2.0,1.0,2.0,6.0,1.0,0.0,11.0,35.0,0.19,0.292,0.31,0.601,70.0,0.276,68.0,26.0,3.0,1.0,1.0,0.0,0.0,54/H,
Alex Jackson,29.0,BAL,AL,0.7,36.0,100.0,91.0,17.0,20.0,8.0,0.0,5.0,8.0,0.0,0.0,5.0,37.0,0.22,0.29,0.473,0.763,111.0,0.323,108.0,43.0,2.0,4.0,0.0,0.0,0.0,2/H1D,
Alex Verdugo*,29.0,ATL,NL,-0.3,56.0,213.0,197.0,21.0,47.0,10.0,0.0,0.0,12.0,1.0,0.0,14.0,31.0,0.239,0.296,0.289,0.585,67.0,0.269,66.0,57.0,1.0,2.0,0.0,0.0,0.0,7/H,
Alexander Canario,25.0,PIT,NL,0.5,87.0,234.0,216.0,25.0,47.0,6.0,1.0,6.0,20.0,3.0,1.0,17.0,80.0,0.218,0.274,0.338,0.611,70.0,0.279,70.0,73.0,5.0,0.0,0.0,1.0,0.0,789H/D,
Ali Sánchez,28.0,2TM,AL,-0.2,12.0,23.0,23.0,2.0,5.0,2.0,0.0,0.0,0.0,0.0,0.0,0.0,6.0,0.217,0.217,0.304,0.522,42.0,0.219,27.0,7.0,1.0,0.0,0.0,0.0,0.0,2/H13,
Ali Sánchez,28.0,TOR,AL,-0.2,8.0,21.0,21.0,2.0,5.0,2.0,0.0,0.0,0.0,0.0,0.0,0.0,5.0,0.238,0.238,0.333,0.571,56.0,0.24,42.0,7.0,1.0,0.0,0.0,0.0,0.0,/213H,
Ali Sánchez,28.0,BOS,AL,0.0,4.0,2.0,2.0,0.0,0.0,0.0,0.0,0.0,0.0,0.0,0.0,0.0,1.0,0.0,0.0,0.0,0.0,-100.0,0.0,-126.0,0.0,0.0,0.0,0.0,0.0,0.0,/2H,
Amed Rosario,29.0,2TM,2LG,0.3,62.0,191.0,181.0,20.0,50.0,11.0,0.0,6.0,23.0,1.0,0.0,7.0,31.0,0.276,0.309,0.436,0.745,109.0,0.328,109.0,79.0,6.0,2.0,0.0,1.0,0.0,54H/9D16,
Amed Rosario,29.0,WSN,NL,0.3,46.0,158.0,148.0,19.0,40.0,8.0,0.0,5.0,18.0,1.0,0.0,7.0,22.0,0.27,0.31,0.426,0.736,107.0,0.326,108.0,63.0,5.0,2.0,0.0,1.0,0.0,54H/D169,
Amed Rosario,29.0,NYY,AL,0.0,16.0,33.0,33.0,1.0,10.0,3.0,0.0,1.0,5.0,0.0,0.0,0.0,9.0,0.303,0.303,0.485,0.788,116.0,0.335,115.0,16.0,1.0,0.0,0.0,0.0,0.0,/59H4,
Andre Pallante,26.0,STL,NL,0.0,1.0,0.0,0.0,0.0,0.0,0.0,0.0,0.0,0.0,0.0,0.0,0.0,0.0,,,,,,,,0.0,0.0,0.0,0.0,0.0,0.0,1,
Andrew Benintendi*,30.0,CHW,AL,1.0,116.0,470.0,420.0,57.0,101.0,16.0,2.0,20.0,63.0,1.0,0.0,40.0,82.0,0.24,0.307,0.431,0.738,104.0,0.322,105.0,181.0,5.0,3.0,0.0,6.0,2.0,7D/H,
Andrew Kittredge,35.0,BAL,AL,0.0,2.0,0.0,0.0,0.0,0.0,0.0,0.0,0.0,0.0,0.0,0.0,0.0,0.0,,,,,,,,0.0,0.0,0.0,0.0,0.0,0.0,1,
Andrew Knizner,30.0,SFG,NL,0.3,33.0,88.0,77.0,12.0,17.0,1.0,1.0,1.0,5.0,0.0,0.0,7.0,10.0,0.221,0.299,0.299,0.598,73.0,0.312,101.0,23.0,0.0,2.0,1.0,1.0,0.0,2/DH,
Andrew McCutchen,38.0,PIT,NL,0.1,135.0,551.0,477.0,51.0,114.0,22.0,0.0,13.0,57.0,1.0,1.0,67.0,118.0,0.239,0.333,0.367,0.7,95.0,0.311,94.0,175.0,12.0,2.0,0.0,3.0,5.0,*D/H97,
Andrew Saalfrank*,27.0,ARI,NL,0.0,1.0,0.0,0.0,0.0,0.0,0.0,0.0,0.0,0.0,0.0,0.0,0.0,0.0,,,,,,,,0.0,0.0,0.0,0.0,0.0,0.0,1,
Andrew Vaughn,27.0,2TM,2LG,-0.4,112.0,447.0,406.0,35.0,103.0,22.0,0.0,14.0,65.0,0.0,0.0,31.0,80.0,0.254,0.307,0.411,0.719,99.0,0.311,96.0,167.0,12.0,3.0,1.0,6.0,0.0,3D/H,
Andrew Vaughn,27.0,CHW,AL,-1.8,48.0,193.0,185.0,9.0,35.0,8.0,0.0,5.0,19.0,0.0,0.0,7.0,43.0,0.189,0.218,0.314,0.531,47.0,0.229,37.0,58.0,4.0,0.0,0.0,1.0,0.0,3D/H,
Andrew Vaughn,27.0,MIL,NL,1.3,64.0,254.0,221.0,26.0,68.0,14.0,0.0,9.0,46.0,0.0,0.0,24.0,37.0,0.308,0.375,0.493,0.869,141.0,0.374,139.0,109.0,8.0,3.0,1.0,5.0,0.0,3/H,
Andruw Monasterio,28.0,MIL,NL,0.8,68.0,135.0,126.0,19.0,34.0,9.0,0.0,4.0,16.0,2.0,1.0,7.0,32.0,0.27,0.319,0.437,0.755,109.0,0.333,110.0,55.0,1.0,2.0,0.0,0.0,0.0,63H4/57,
Andrés Chaparro,26.0,WSN,NL,-0.4,34.0,73.0,66.0,4.0,12.0,2.0,0.0,1.0,5.0,0.0,0.0,5.0,22.0,0.182,0.247,0.258,0.504,44.0,0.231,42.0,17.0,0.0,1.0,0.0,1.0,0.0,3/HD,
Andrés Giménez*,26.0,TOR,AL,1.1,101.0,369.0,329.0,39.0,69.0,11.0,1.0,7.0,35.0,12.0,2.0,25.0,66.0,0.21,0.285,0.313,0.598,66.0,0.277,65.0,103.0,8.0,11.0,1.0,3.0,0.0,46/H,
Andy Ibáñez,32.0,DET,AL,0.6,91.0,193.0,176.0,24.0,42.0,8.0,0.0,4.0,21.0,4.0,1.0,12.0,26.0,0.239,0.301,0.352,0.653,81.0,0.292,80.0,62.0,6.0,4.0,0.0,1.0,0.0,5H4/3D67,
Andy Pages,24.0,LAD,NL,3.8,156.0,624.0,581.0,74.0,158.0,27.0,1.0,27.0,86.0,14.0,7.0,29.0,135.0,0.272,0.313,0.461,0.774,114.0,0.338,115.0,268.0,9.0,8.0,0.0,6.0,0.0,*897,
Angel Chivilli,22.0,COL,NL,0.0,1.0,0.0,0.0,0.0,0.0,0.0,0.0,0.0,0.0,0.0,0.0,0.0,0.0,,,,,,,,0.0,0.0,0.0,0.0,0.0,0.0,1,
Anthony Banda*,31.0,LAD,NL,0.0,1.0,0.0,0.0,0.0,0.0,0.0,0.0,0.0,0.0,0.0,0.0,0.0,0.0,,,,,,,,0.0,0.0,0.0,0.0,0.0,0.0,1,
Anthony Santander#,30.0,TOR,AL,-1.0,54.0,221.0,194.0,16.0,34.0,5.0,0.0,6.0,18.0,0.0,0.0,25.0,61.0,0.175,0.271,0.294,0.565,57.0,0.253,51.0,57.0,6.0,1.0,0.0,1.0,1.0,D9/7H3,
Anthony Seigler*,26.0,MIL,NL,-0.1,34.0,73.0,62.0,6.0,12.0,1.0,0.0,0.0,5.0,2.0,0.0,8.0,16.0,0.194,0.292,0.21,0.501,44.0,0.248,44.0,13.0,2.0,1.0,1.0,1.0,0.0,5H/123D,
Anthony Volpe,24.0,NYY,AL,1.6,153.0,596.0,539.0,65.0,114.0,32.0,4.0,19.0,72.0,18.0,8.0,43.0,150.0,0.212,0.272,0.391,0.663,83.0,0.287,80.0,211.0,10.0,4.0,3.0,7.0,0.0,*6/H,
Aramis Garcia,32.0,ARI,NL,-0.1,2.0,4.0,4.0,0.0,0.0,0.0,0.0,0.0,0.0,0.0,0.0,0.0,3.0,0.0,0.0,0.0,0.0,-100.0,0.0,-126.0,0.0,0.0,0.0,0.0,0.0,0.0,/2,
Aroldis Chapman*,37.0,BOS,AL,0.0,2.0,0.0,0.0,0.0,0.0,0.0,0.0,0.0,0.0,0.0,0.0,0.0,0.0,,,,,,,,0.0,0.0,0.0,0.0,0.0,0.0,1,"AS,CYA-7,MVP-18"
Austin Barnes,35.0,LAD,NL,-0.3,13.0,44.0,42.0,4.0,9.0,3.0,0.0,0.0,2.0,0.0,0.0,1.0,14.0,0.214,0.233,0.286,0.518,45.0,0.227,34.0,12.0,1.0,0.0,1.0,0.0,0.0,2/3DH,
Austin Hays,29.0,CIN,NL,0.8,103.0,416.0,380.0,60.0,101.0,16.0,5.0,15.0,64.0,7.0,0.0,29.0,107.0,0.266,0.315,0.453,0.768,105.0,0.335,101.0,172.0,9.0,1.0,0.0,6.0,2.0,7D/H,
Austin Hedges,32.0,CLE,AL,-0.4,68.0,180.0,155.0,13.0,25.0,3.0,0.0,5.0,10.0,1.0,2.0,18.0,43.0,0.161,0.25,0.277,0.527,47.0,0.233,40.0,43.0,2.0,1.0,4.0,2.0,0.0,2/1,
Austin Martin,26.0,MIN,AL,0.7,50.0,181.0,156.0,22.0,44.0,8.0,1.0,1.0,7.0,11.0,4.0,22.0,31.0,0.282,0.374,0.365,0.74,106.0,0.333,107.0,57.0,6.0,1.0,2.0,0.0,0.0,78/H4,
Austin Nola,35.0,COL,NL,-0.2,14.0,41.0,38.0,2.0,7.0,1.0,0.0,0.0,1.0,0.0,0.0,2.0,5.0,0.184,0.225,0.211,0.436,18.0,0.199,2.0,8.0,2.0,0.0,1.0,0.0,0.0,2/13DH,
Austin Riley,28.0,ATL,NL,1.3,102.0,447.0,416.0,54.0,108.0,20.0,1.0,16.0,54.0,2.0,1.0,27.0,128.0,0.26,0.309,0.428,0.737,106.0,0.321,104.0,178.0,9.0,3.0,0.0,1.0,1.0,5,
Austin Slater,32.0,2TM,AL,-0.1,65.0,160.0,148.0,22.0,32.0,6.0,1.0,5.0,13.0,1.0,0.0,11.0,51.0,0.216,0.27,0.372,0.642,78.0,0.289,80.0,55.0,6.0,0.0,1.0,0.0,0.0,79H/D813,
Austin Slater,32.0,CHW,AL,0.3,51.0,135.0,123.0,20.0,29.0,6.0,1.0,5.0,11.0,1.0,0.0,11.0,35.0,0.236,0.299,0.423,0.721,100.0,0.316,100.0,52.0,5.0,0.0,1.0,0.0,0.0,H97/D83,
Austin Slater,32.0,NYY,AL,-0.4,14.0,25.0,25.0,2.0,3.0,0.0,0.0,0.0,2.0,0.0,0.0,0.0,16.0,0.12,0.12,0.12,0.24,-32.0,0.142,-25.0,3.0,1.0,0.0,0.0,0.0,0.0,/79H1,
Austin Wells*,25.0,NYY,AL,0.1,126.0,448.0,401.0,51.0,88.0,22.0,1.0,21.0,71.0,5.0,1.0,30.0,118.0,0.219,0.275,0.436,0.712,95.0,0.305,92.0,175.0,10.0,5.0,0.0,11.0,0.0,*2/HD,
Austin Wynns,34.0,2TM,2LG,1.1,40.0,110.0,103.0,13.0,30.0,8.0,0.0,6.0,21.0,0.0,0.0,5.0,32.0,0.291,0.321,0.544,0.865,132.0,0.371,135.0,56.0,3.0,0.0,1.0,1.0,0.0,2/H3D,
Austin Wynns,34.0,CIN,NL,0.7,18.0,43.0,40.0,6.0,16.0,3.0,0.0,3.0,11.0,0.0,0.0,3.0,12.0,0.4,0.442,0.7,1.142,203.0,0.482,208.0,28.0,1.0,0.0,0.0,0.0,0.0,2/H3D,
Austin Wynns,34.0,ATH,AL,0.4,22.0,67.0,63.0,7.0,14.0,5.0,0.0,3.0,10.0,0.0,0.0,2.0,20.0,0.222,0.242,0.444,0.687,85.0,0.299,86.0,28.0,2.0,0.0,1.0,1.0,0.0,2/H,
Ben Rice*,26.0,NYY,AL,2.3,138.0,530.0,467.0,74.0,119.0,28.0,4.0,26.0,65.0,3.0,2.0,50.0,100.0,0.255,0.337,0.499,0.836,131.0,0.355,130.0,233.0,18.0,9.0,0.0,2.0,0.0,3D2H,
Ben Rortvedt*,27.0,2TM,2LG,-0.5,44.0,128.0,112.0,9.0,17.0,3.0,0.0,1.0,10.0,0.0,0.0,11.0,23.0,0.152,0.24,0.205,0.445,27.0,0.218,29.0,23.0,1.0,2.0,3.0,0.0,0.0,2,
Ben Rortvedt*,27.0,TBR,AL,-0.5,26.0,70.0,63.0,2.0,6.0,1.0,0.0,0.0,6.0,0.0,0.0,7.0,14.0,0.095,0.186,0.111,0.297,-13.0,0.163,-11.0,7.0,0.0,0.0,0.0,0.0,0.0,2,
Ben Rortvedt*,27.0,LAD,NL,0.1,18.0,58.0,49.0,7.0,11.0,2.0,0.0,1.0,4.0,0.0,0.0,4.0,9.0,0.224,0.309,0.327,0.636,79.0,0.289,78.0,16.0,1.0,2.0,3.0,0.0,0.0,2,
Ben Williamson,24.0,SEA,AL,1.3,85.0,295.0,277.0,36.0,70.0,13.0,0.0,1.0,21.0,5.0,1.0,15.0,64.0,0.253,0.294,0.31,0.604,76.0,0.272,75.0,86.0,5.0,1.0,2.0,0.0,0.0,5/H,
Bennett Sousa*,30.0,HOU,AL,0.0,1.0,0.0,0.0,0.0,0.0,0.0,0.0,0.0,0.0,0.0,0.0,0.0,0.0,,,,,,,,0.0,0.0,0.0,0.0,0.0,0.0,1,
Billy Cook,26.0,PIT,NL,0.0,3.0,6.0,6.0,1.0,2.0,0.0,0.0,0.0,0.0,0.0,0.0,0.0,1.0,0.333,0.333,0.333,0.667,87.0,0.3,86.0,2.0,0.0,0.0,0.0,0.0,0.0,/9H38,
Billy McKinney*,30.0,TEX,AL,-0.1,6.0,21.0,20.0,4.0,4.0,1.0,0.0,0.0,1.0,0.0,0.0,1.0,1.0,0.2,0.238,0.25,0.488,45.0,0.261,73.0,5.0,0.0,0.0,0.0,0.0,0.0,/97DH,
Blaine Crim,28.0,2TM,2LG,0.0,20.0,74.0,65.0,10.0,13.0,2.0,0.0,5.0,12.0,0.0,0.0,6.0,28.0,0.2,0.27,0.462,0.732,94.0,0.308,86.0,30.0,0.0,1.0,0.0,2.0,0.0,3/DH,
Blaine Crim,28.0,TEX,AL,-0.2,5.0,13.0,11.0,1.0,0.0,0.0,0.0,0.0,0.0,0.0,0.0,1.0,6.0,0.0,0.154,0.0,0.154,-48.0,0.108,-38.0,0.0,0.0,1.0,0.0,0.0,0.0,/3DH,
Blaine Crim,28.0,COL,NL,0.3,15.0,61.0,54.0,9.0,13.0,2.0,0.0,5.0,12.0,0.0,0.0,5.0,22.0,0.241,0.295,0.556,0.851,120.0,0.351,112.0,30.0,0.0,0.0,0.0,2.0,0.0,3/D,
Blake Dunn,26.0,CIN,NL,-0.1,30.0,75.0,60.0,10.0,9.0,2.0,0.0,1.0,7.0,1.0,1.0,8.0,25.0,0.15,0.32,0.233,0.553,54.0,0.27,60.0,14.0,1.0,7.0,0.0,0.0,0.0,97/8HD,
Blake Perkins#,28.0,MIL,NL,0.3,54.0,171.0,155.0,25.0,35.0,6.0,2.0,3.0,19.0,7.0,2.0,15.0,47.0,0.226,0.298,0.348,0.647,81.0,0.296,81.0,54.0,4.0,1.0,0.0,0.0,0.0,8/HD,
Blake Sabol*,27.0,BOS,AL,-0.2,8.0,18.0,16.0,2.0,2.0,1.0,0.0,0.0,1.0,0.0,0.0,1.0,7.0,0.125,0.167,0.188,0.354,-1.0,0.156,-17.0,3.0,1.0,0.0,0.0,1.0,0.0,/2DH,
Blaze Alexander,26.0,ARI,NL,1.7,74.0,266.0,230.0,31.0,53.0,12.0,1.0,7.0,28.0,4.0,6.0,22.0,86.0,0.23,0.323,0.383,0.706,95.0,0.315,101.0,88.0,5.0,10.0,3.0,1.0,0.0,54/H78D,
Bo Bichette,27.0,TOR,AL,3.5,139.0,628.0,582.0,78.0,181.0,44.0,1.0,18.0,94.0,4.0,3.0,40.0,91.0,0.311,0.357,0.483,0.84,129.0,0.364,132.0,281.0,17.0,3.0,0.0,3.0,2.0,*6/DH,MVP-16
Bo Naylor*,25.0,CLE,AL,1.5,123.0,414.0,359.0,46.0,70.0,22.0,1.0,14.0,47.0,1.0,2.0,45.0,99.0,0.195,0.282,0.379,0.661,82.0,0.289,80.0,136.0,4.0,1.0,3.0,6.0,0.0,*2H,
Bob Seymour*,26.0,TBR,AL,-0.1,26.0,83.0,78.0,9.0,16.0,1.0,1.0,1.0,5.0,1.0,0.0,4.0,32.0,0.205,0.253,0.282,0.535,50.0,0.25,51.0,22.0,0.0,1.0,0.0,0.0,0.0,3/DH,
Bobby Dalbec,30.0,CHW,AL,0.0,7.0,21.0,18.0,2.0,4.0,1.0,0.0,0.0,1.0,0.0,0.0,3.0,6.0,0.222,0.333,0.278,0.611,75.0,0.279,74.0,5.0,1.0,0.0,0.0,0.0,0.0,/36H5,
Bobby Witt Jr.,25.0,KCR,AL,7.1,157.0,687.0,623.0,99.0,184.0,47.0,6.0,23.0,88.0,38.0,9.0,49.0,125.0,0.295,0.351,0.501,0.852,136.0,0.37,136.0,312.0,7.0,8.0,0.0,7.0,8.0,*6/D,"AS,MVP-4,GG,SS"
Brady House,22.0,WSN,NL,-0.6,73.0,274.0,261.0,26.0,61.0,11.0,0.0,4.0,29.0,5.0,3.0,8.0,78.0,0.234,0.252,0.322,0.574,62.0,0.252,58.0,84.0,11.0,0.0,0.0,5.0,0.0,5/H,
Brandon Lockridge,28.0,2TM,NL,0.2,67.0,148.0,134.0,17.0,31.0,7.0,1.0,0.0,11.0,10.0,1.0,8.0,36.0,0.231,0.276,0.299,0.574,60.0,0.266,51.0,40.0,2.0,1.0,3.0,2.0,0.0,78H9/D,
Brandon Lockridge,28.0,SDP,NL,-0.2,47.0,95.0,88.0,9.0,19.0,4.0,0.0,0.0,5.0,8.0,1.0,4.0,24.0,0.216,0.258,0.261,0.519,45.0,0.247,35.0,23.0,2.0,1.0,2.0,0.0,0.0,78H/9,
Brandon Lockridge,28.0,MIL,NL,0.4,20.0,53.0,46.0,8.0,12.0,3.0,1.0,0.0,6.0,2.0,0.0,4.0,12.0,0.261,0.308,0.37,0.677,89.0,0.3,80.0,17.0,0.0,0.0,1.0,2.0,0.0,/89H7D,
Brandon Lowe*,30.0,TBR,AL,1.9,134.0,553.0,507.0,79.0,130.0,19.0,0.0,31.0,83.0,3.0,2.0,38.0,149.0,0.256,0.307,0.477,0.785,116.0,0.337,117.0,242.0,6.0,2.0,0.0,6.0,1.0,*4/DH3,AS
Brandon Marsh*,27.0,PHI,NL,1.7,133.0,425.0,379.0,59.0,106.0,25.0,2.0,11.0,43.0,7.0,1.0,38.0,110.0,0.28,0.342,0.443,0.785,114.0,0.346,112.0,168.0,2.0,0.0,3.0,4.0,1.0,*87H/9,
Brandon Nimmo*,32.0,NYM,NL,2.9,155.0,652.0,587.0,81.0,154.0,27.0,0.0,25.0,92.0,13.0,1.0,50.0,141.0,0.262,0.324,0.436,0.76,114.0,0.335,113.0,256.0,8.0,7.0,1.0,7.0,1.0,*7/8DH,
Brandyn Garcia*,25.0,ARI,NL,0.0,1.0,0.0,0.0,0.0,0.0,0.0,0.0,0.0,0.0,0.0,0.0,0.0,0.0,,,,,,,,0.0,0.0,0.0,0.0,0.0,0.0,1,
Braxton Fulford,26.0,COL,NL,-0.2,38.0,120.0,108.0,11.0,23.0,5.0,2.0,1.0,16.0,1.0,0.0,7.0,36.0,0.213,0.267,0.324,0.591,57.0,0.262,47.0,35.0,1.0,2.0,0.0,3.0,0.0,2/DH,
Brayan Rocchio#,24.0,CLE,AL,-0.3,115.0,383.0,344.0,34.0,80.0,18.0,2.0,5.0,44.0,8.0,4.0,22.0,77.0,0.233,0.29,0.34,0.63,75.0,0.278,71.0,117.0,4.0,8.0,4.0,5.0,0.0,64/H,
Brendan Donovan*,28.0,STL,NL,2.7,118.0,515.0,460.0,64.0,132.0,32.0,0.0,10.0,50.0,3.0,3.0,42.0,67.0,0.287,0.353,0.422,0.775,119.0,0.338,118.0,194.0,4.0,7.0,2.0,4.0,3.0,47/6DH,AS
Brendan Rodgers,28.0,HOU,AL,0.0,43.0,128.0,115.0,12.0,22.0,4.0,0.0,2.0,11.0,0.0,1.0,11.0,46.0,0.191,0.266,0.278,0.544,52.0,0.263,63.0,32.0,2.0,1.0,0.0,1.0,0.0,4/HD,
Brennan Bernardino*,33.0,BOS,AL,0.0,1.0,0.0,0.0,0.0,0.0,0.0,0.0,0.0,0.0,0.0,0.0,0.0,0.0,,,,,,,,0.0,0.0,0.0,0.0,0.0,0.0,1,
Brent Rooker,30.0,ATH,AL,2.3,162.0,699.0,626.0,92.0,164.0,40.0,3.0,30.0,89.0,6.0,1.0,65.0,155.0,0.262,0.335,0.479,0.814,123.0,0.353,125.0,300.0,13.0,5.0,0.0,2.0,4.0,*D9/7H,AS
Brenton Doyle,27.0,COL,NL,0.1,138.0,538.0,502.0,57.0,117.0,23.0,2.0,15.0,57.0,18.0,2.0,30.0,138.0,0.233,0.274,0.376,0.651,72.0,0.297,67.0,189.0,14.0,0.0,2.0,4.0,0.0,*8/HD,
Brett Baty*,25.0,NYM,NL,3.1,130.0,432.0,393.0,53.0,100.0,13.0,2.0,18.0,50.0,8.0,0.0,33.0,108.0,0.254,0.313,0.435,0.748,111.0,0.336,113.0,171.0,6.0,2.0,0.0,3.0,0.0,54H/D,
Brett Harris,27.0,ATH,AL,0.8,32.0,84.0,73.0,11.0,20.0,5.0,0.0,0.0,5.0,1.0,0.0,7.0,21.0,0.274,0.349,0.342,0.692,94.0,0.318,99.0,25.0,1.0,2.0,1.0,1.0,0.0,5/3H,
Brett Sullivan*,31.0,PIT,NL,0.0,3.0,9.0,6.0,1.0,1.0,0.0,0.0,0.0,2.0,0.0,0.0,1.0,3.0,0.167,0.333,0.167,0.5,46.0,0.258,56.0,1.0,0.0,1.0,0.0,1.0,0.0,/2,
Brett Wisely*,26.0,2TM,NL,0.3,26.0,63.0,54.0,5.0,10.0,4.0,0.0,1.0,10.0,1.0,1.0,7.0,14.0,0.185,0.279,0.315,0.594,70.0,0.265,70.0,17.0,0.0,0.0,2.0,0.0,0.0,4/H56D,
Brett Wisely*,26.0,SFG,NL,0.3,22.0,54.0,48.0,5.0,10.0,4.0,0.0,1.0,10.0,1.0,1.0,4.0,10.0,0.208,0.269,0.354,0.623,78.0,0.27,75.0,17.0,0.0,0.0,2.0,0.0,0.0,4/H56D,
Brett Wisely*,26.0,ATL,NL,0.0,4.0,9.0,6.0,0.0,0.0,0.0,0.0,0.0,0.0,0.0,0.0,3.0,4.0,0.0,0.333,0.0,0.333,6.0,0.232,41.0,0.0,0.0,0.0,0.0,0.0,0.0,/4H,
Brewer Hicklen,29.0,DET,AL,0.1,1.0,4.0,3.0,2.0,2.0,0.0,0.0,0.0,0.0,1.0,0.0,1.0,1.0,0.667,0.75,0.667,1.417,301.0,0.653,302.0,2.0,0.0,0.0,0.0,0.0,0.0,/8,
Brian Navarreto,30.0,MIA,NL,0.2,8.0,15.0,14.0,3.0,4.0,2.0,0.0,1.0,5.0,0.0,0.0,0.0,3.0,0.286,0.267,0.643,0.91,142.0,0.362,128.0,9.0,0.0,0.0,0.0,1.0,0.0,/2,
Brice Matthews,23.0,HOU,AL,0.3,13.0,47.0,42.0,6.0,7.0,0.0,0.0,4.0,9.0,1.0,0.0,2.0,20.0,0.167,0.222,0.452,0.675,81.0,0.306,87.0,19.0,0.0,1.0,2.0,0.0,0.0,4/H5,
Brice Turang*,25.0,MIL,NL,5.6,156.0,659.0,584.0,97.0,168.0,28.0,2.0,18.0,81.0,24.0,8.0,66.0,150.0,0.288,0.359,0.435,0.794,121.0,0.355,123.0,254.0,3.0,2.0,2.0,5.0,1.0,*4/H6,MVP-14
Brooks Baldwin#,24.0,CHW,AL,-0.5,103.0,328.0,300.0,32.0,72.0,15.0,1.0,11.0,38.0,5.0,0.0,21.0,86.0,0.24,0.29,0.407,0.697,93.0,0.307,92.0,122.0,9.0,1.0,4.0,2.0,0.0,7895H46,
Brooks Lee#,24.0,MIN,AL,-0.8,139.0,527.0,487.0,50.0,115.0,15.0,1.0,16.0,64.0,3.0,1.0,31.0,92.0,0.236,0.285,0.37,0.654,79.0,0.289,77.0,180.0,11.0,4.0,0.0,5.0,0.0,654H/D,
Bryan Abreu,28.0,HOU,AL,0.0,1.0,0.0,0.0,0.0,0.0,0.0,0.0,0.0,0.0,0.0,0.0,0.0,0.0,,,,,,,,0.0,0.0,0.0,0.0,0.0,0.0,1,
Bryan Baker,30.0,BAL,AL,0.0,1.0,0.0,0.0,0.0,0.0,0.0,0.0,0.0,0.0,0.0,0.0,0.0,0.0,,,,,,,,0.0,0.0,0.0,0.0,0.0,0.0,1,
Bryan De La Cruz,28.0,ATL,NL,-0.2,16.0,50.0,47.0,1.0,9.0,1.0,0.0,0.0,0.0,1.0,0.0,3.0,18.0,0.191,0.24,0.213,0.453,30.0,0.232,37.0,10.0,1.0,0.0,0.0,0.0,0.0,7/H9D,
Bryan Ramos,23.0,CHW,AL,0.1,4.0,12.0,12.0,1.0,2.0,2.0,0.0,0.0,2.0,0.0,0.0,0.0,4.0,0.167,0.167,0.333,0.5,35.0,0.206,21.0,4.0,0.0,0.0,0.0,0.0,0.0,/5H,
Bryan Reynolds#,30.0,PIT,NL,1.4,154.0,654.0,587.0,68.0,144.0,38.0,3.0,16.0,73.0,3.0,2.0,57.0,173.0,0.245,0.318,0.402,0.72,99.0,0.319,99.0,236.0,15.0,7.0,0.0,3.0,1.0,*9D/H,
Bryce Eldridge*,20.0,SFG,NL,-0.2,10.0,37.0,28.0,1.0,3.0,2.0,0.0,0.0,4.0,0.0,0.0,7.0,13.0,0.107,0.297,0.179,0.476,42.0,0.243,53.0,5.0,0.0,1.0,0.0,1.0,0.0,/D3,
Bryce Harper*,32.0,PHI,NL,3.1,132.0,580.0,501.0,72.0,131.0,32.0,0.0,27.0,75.0,12.0,2.0,70.0,121.0,0.261,0.357,0.487,0.844,129.0,0.367,127.0,244.0,5.0,6.0,0.0,3.0,6.0,*3/D,
Bryce Johnson#,29.0,SDP,NL,0.6,55.0,84.0,76.0,9.0,26.0,4.0,0.0,1.0,8.0,4.0,1.0,3.0,19.0,0.342,0.383,0.434,0.817,127.0,0.375,135.0,33.0,1.0,2.0,3.0,0.0,0.0,78H9,
Bryce Teodosio,26.0,LAA,AL,0.5,50.0,150.0,138.0,12.0,28.0,7.0,2.0,1.0,7.0,7.0,1.0,5.0,47.0,0.203,0.248,0.304,0.553,53.0,0.247,42.0,42.0,2.0,4.0,1.0,2.0,0.0,8,
Bryse Wilson,27.0,CHW,AL,0.0,1.0,0.0,0.0,0.0,0.0,0.0,0.0,0.0,0.0,0.0,0.0,0.0,0.0,,,,,,,,0.0,0.0,0.0,0.0,0.0,0.0,1,
Bryson Stott*,27.0,PHI,NL,2.2,147.0,560.0,499.0,66.0,128.0,22.0,3.0,13.0,66.0,24.0,5.0,54.0,91.0,0.257,0.328,0.391,0.719,96.0,0.324,95.0,195.0,4.0,1.0,2.0,4.0,1.0,*46H,
Buddy Kennedy,26.0,3TM,2LG,-0.5,13.0,32.0,29.0,2.0,2.0,1.0,0.0,0.0,1.0,0.0,0.0,2.0,8.0,0.069,0.156,0.103,0.26,-25.0,0.158,-15.0,3.0,0.0,1.0,0.0,0.0,0.0,/53H4D,
Buddy Kennedy,26.0,2TM,NL,-0.5,11.0,26.0,24.0,1.0,1.0,0.0,0.0,0.0,1.0,0.0,0.0,1.0,7.0,0.042,0.115,0.042,0.157,-53.0,0.121,-41.0,1.0,0.0,1.0,0.0,0.0,0.0,/53HD,
Buddy Kennedy,26.0,PHI,NL,-0.1,4.0,8.0,7.0,0.0,0.0,0.0,0.0,0.0,0.0,0.0,0.0,1.0,2.0,0.0,0.125,0.0,0.125,-61.0,0.087,-69.0,0.0,0.0,0.0,0.0,0.0,0.0,/35DH,
Buddy Kennedy,26.0,TOR,AL,-0.1,2.0,6.0,5.0,1.0,1.0,1.0,0.0,0.0,0.0,0.0,0.0,1.0,1.0,0.2,0.333,0.4,0.733,102.0,0.321,100.0,2.0,0.0,0.0,0.0,0.0,0.0,/45,
Buddy Kennedy,26.0,LAD,NL,-0.3,7.0,18.0,17.0,1.0,1.0,0.0,0.0,0.0,1.0,0.0,0.0,0.0,5.0,0.059,0.111,0.059,0.17,-50.0,0.135,-29.0,1.0,0.0,1.0,0.0,0.0,0.0,/5H,
Byron Buxton,31.0,MIN,AL,4.9,126.0,542.0,488.0,97.0,129.0,21.0,7.0,35.0,83.0,24.0,0.0,41.0,148.0,0.264,0.327,0.551,0.878,136.0,0.383,139.0,269.0,0.0,7.0,0.0,6.0,5.0,*8/D,"AS,MVP-11,SS"
C.J. Kayfus*,23.0,CLE,AL,0.1,44.0,138.0,123.0,16.0,27.0,10.0,1.0,4.0,19.0,4.0,0.0,11.0,38.0,0.22,0.292,0.415,0.707,94.0,0.311,90.0,51.0,0.0,2.0,1.0,1.0,0.0,93/HD,
Cade Cavalli,26.0,WSN,NL,0.0,1.0,0.0,0.0,0.0,0.0,0.0,0.0,0.0,0.0,0.0,0.0,0.0,0.0,,,,,,,,0.0,0.0,0.0,0.0,0.0,0.0,1,
Cal Raleigh#,28.0,SEA,AL,7.4,159.0,705.0,596.0,110.0,147.0,24.0,0.0,60.0,125.0,14.0,4.0,97.0,188.0,0.247,0.359,0.589,0.948,169.0,0.392,165.0,351.0,6.0,9.0,0.0,3.0,17.0,*2D/H,"AS,MVP-2,SS"
Cal Stevenson*,28.0,PHI,NL,-0.2,5.0,8.0,8.0,0.0,2.0,0.0,0.0,0.0,1.0,0.0,0.0,0.0,2.0,0.25,0.25,0.25,0.5,38.0,0.213,20.0,2.0,0.0,0.0,0.0,0.0,0.0,/8H,
Caleb Durbin,25.0,MIL,NL,2.8,136.0,506.0,445.0,60.0,114.0,25.0,0.0,11.0,53.0,18.0,6.0,30.0,50.0,0.256,0.334,0.387,0.721,101.0,0.33,106.0,172.0,10.0,24.0,3.0,4.0,0.0,*54H/6,ROY-3
Cam Devanney,28.0,PIT,NL,-0.5,14.0,38.0,36.0,1.0,5.0,1.0,0.0,0.0,1.0,0.0,1.0,2.0,21.0,0.139,0.184,0.167,0.351,-1.0,0.151,-10.0,6.0,1.0,0.0,0.0,0.0,0.0,5/H,
Cam Smith,22.0,HOU,AL,1.9,134.0,493.0,441.0,55.0,104.0,21.0,3.0,9.0,51.0,8.0,1.0,43.0,137.0,0.236,0.312,0.358,0.671,87.0,0.304,88.0,158.0,11.0,7.0,0.0,2.0,0.0,*9H/D,ROY-10
Carlos Correa,30.0,2TM,AL,1.5,144.0,584.0,537.0,63.0,148.0,29.0,0.0,13.0,52.0,0.0,0.0,45.0,113.0,0.276,0.332,0.402,0.734,103.0,0.323,103.0,216.0,19.0,1.0,0.0,1.0,0.0,65/H,
Carlos Correa,30.0,MIN,AL,0.1,93.0,364.0,337.0,40.0,90.0,19.0,0.0,7.0,31.0,0.0,0.0,26.0,68.0,0.267,0.319,0.386,0.704,94.0,0.308,91.0,130.0,12.0,0.0,0.0,1.0,0.0,6/H,
Carlos Correa,30.0,HOU,AL,1.3,51.0,220.0,200.0,23.0,58.0,10.0,0.0,6.0,21.0,0.0,0.0,19.0,45.0,0.29,0.355,0.43,0.785,117.0,0.349,123.0,86.0,7.0,1.0,0.0,0.0,0.0,5/6,
Carlos Cortes*,28.0,ATH,AL,0.7,42.0,99.0,94.0,11.0,29.0,8.0,1.0,4.0,14.0,0.0,0.0,3.0,20.0,0.309,0.323,0.543,0.866,135.0,0.36,131.0,51.0,3.0,0.0,0.0,2.0,0.0,9H/75D,
Carlos Estévez,32.0,KCR,AL,0.0,5.0,0.0,0.0,0.0,0.0,0.0,0.0,0.0,0.0,0.0,0.0,0.0,0.0,,,,,,,,0.0,0.0,0.0,0.0,0.0,0.0,1,AS
Carlos Narváez,26.0,BOS,AL,2.6,118.0,446.0,403.0,51.0,97.0,27.0,0.0,15.0,50.0,1.0,1.0,38.0,111.0,0.241,0.306,0.419,0.726,100.0,0.311,97.0,169.0,12.0,1.0,2.0,2.0,0.0,*2/HD,ROY-6
Carlos Santana#,39.0,2TM,2LG,1.1,124.0,474.0,415.0,49.0,91.0,11.0,0.0,11.0,54.0,7.0,0.0,52.0,91.0,0.219,0.308,0.325,0.633,77.0,0.289,77.0,135.0,7.0,3.0,0.0,4.0,1.0,3D/H5,
Carlos Santana#,39.0,CLE,AL,1.3,116.0,455.0,396.0,49.0,89.0,10.0,0.0,11.0,52.0,7.0,0.0,52.0,86.0,0.225,0.316,0.333,0.65,82.0,0.296,82.0,132.0,7.0,3.0,0.0,4.0,1.0,3D/H5,
Carlos Santana#,39.0,CHC,NL,-0.2,8.0,19.0,19.0,0.0,2.0,1.0,0.0,0.0,2.0,0.0,0.0,0.0,5.0,0.105,0.105,0.158,0.263,-25.0,0.113,-37.0,3.0,0.0,0.0,0.0,0.0,0.0,/3DH,
Carson Kelly,30.0,CHC,NL,3.6,111.0,421.0,369.0,48.0,92.0,13.0,1.0,17.0,50.0,2.0,0.0,45.0,80.0,0.249,0.333,0.428,0.761,119.0,0.337,121.0,158.0,11.0,3.0,0.0,4.0,0.0,2/HD,
Carson McCusker,27.0,MIN,AL,-0.6,16.0,30.0,29.0,0.0,5.0,0.0,0.0,0.0,1.0,0.0,1.0,1.0,16.0,0.172,0.2,0.172,0.372,5.0,0.151,-11.0,5.0,0.0,0.0,0.0,0.0,0.0,9/HD,
Carson Williams,22.0,TBR,AL,-0.2,32.0,106.0,99.0,11.0,17.0,3.0,0.0,5.0,12.0,2.0,1.0,6.0,44.0,0.172,0.219,0.354,0.573,57.0,0.252,54.0,35.0,3.0,0.0,1.0,0.0,0.0,6/H,
Carter Jensen*,21.0,KCR,AL,0.8,20.0,69.0,60.0,12.0,18.0,6.0,0.0,3.0,13.0,0.0,0.0,9.0,12.0,0.3,0.391,0.55,0.941,161.0,0.399,162.0,33.0,1.0,0.0,0.0,0.0,0.0,2D/H,
Carter Kieboom,27.0,LAA,AL,-0.3,3.0,8.0,8.0,0.0,2.0,0.0,0.0,0.0,1.0,0.0,0.0,0.0,1.0,0.25,0.25,0.25,0.5,40.0,0.222,30.0,2.0,0.0,0.0,0.0,0.0,0.0,/3H,
Casey Legumina,28.0,SEA,AL,0.0,1.0,0.0,0.0,0.0,0.0,0.0,0.0,0.0,0.0,0.0,0.0,0.0,0.0,,,,,,,,0.0,0.0,0.0,0.0,0.0,0.0,1,
Casey Schmitt,26.0,SFG,NL,0.6,95.0,348.0,312.0,34.0,74.0,15.0,0.0,12.0,40.0,0.0,0.0,27.0,83.0,0.237,0.305,0.401,0.706,101.0,0.311,101.0,125.0,6.0,5.0,1.0,3.0,1.0,453/H6D,
Cavan Biggio*,30.0,KCR,AL,-0.2,37.0,83.0,69.0,9.0,12.0,2.0,0.0,1.0,4.0,1.0,0.0,11.0,21.0,0.174,0.296,0.246,0.543,55.0,0.259,56.0,17.0,0.0,1.0,2.0,0.0,0.0,HD/93745,
Ceddanne Rafaela,24.0,BOS,AL,4.7,156.0,587.0,546.0,84.0,136.0,34.0,4.0,16.0,63.0,20.0,5.0,28.0,117.0,0.249,0.295,0.414,0.708,95.0,0.309,92.0,226.0,9.0,8.0,3.0,2.0,0.0,*84/H,GG
Cedric Mullins*,30.0,2TM,2LG,0.5,133.0,498.0,435.0,58.0,94.0,23.0,1.0,17.0,59.0,22.0,4.0,50.0,120.0,0.216,0.299,0.391,0.69,94.0,0.311,94.0,170.0,2.0,4.0,3.0,6.0,0.0,*8/HD,
Cedric Mullins*,30.0,BAL,AL,0.0,91.0,355.0,314.0,42.0,72.0,19.0,0.0,15.0,49.0,14.0,4.0,34.0,85.0,0.229,0.305,0.433,0.738,106.0,0.32,103.0,136.0,2.0,2.0,1.0,4.0,0.0,8/DH,
Cedric Mullins*,30.0,NYM,NL,0.5,42.0,143.0,121.0,16.0,22.0,4.0,1.0,2.0,10.0,8.0,0.0,16.0,35.0,0.182,0.284,0.281,0.565,62.0,0.287,71.0,34.0,0.0,2.0,2.0,2.0,0.0,8/H,
Chad Stevens,26.0,LAA,AL,-0.2,5.0,14.0,13.0,1.0,2.0,0.0,0.0,0.0,0.0,0.0,1.0,0.0,7.0,0.154,0.154,0.154,0.308,-14.0,0.099,-41.0,2.0,0.0,0.0,1.0,0.0,0.0,/45,
Chad Wallach,33.0,LAA,AL,0.0,1.0,0.0,0.0,0.0,0.0,0.0,0.0,0.0,0.0,0.0,0.0,0.0,0.0,,,,,,,,0.0,0.0,0.0,0.0,0.0,0.0,/2,
Chadwick Tromp,30.0,2TM,2LG,0.1,8.0,22.0,21.0,2.0,3.0,1.0,0.0,1.0,1.0,0.0,0.0,1.0,6.0,0.143,0.182,0.333,0.515,41.0,0.261,62.0,7.0,1.0,0.0,0.0,0.0,0.0,/2,
Chadwick Tromp,30.0,ATL,NL,0.0,2.0,6.0,5.0,0.0,0.0,0.0,0.0,0.0,0.0,0.0,0.0,1.0,2.0,0.0,0.167,0.0,0.167,-47.0,0.116,-41.0,0.0,1.0,0.0,0.0,0.0,0.0,/2,
Chadwick Tromp,30.0,BAL,AL,0.1,6.0,16.0,16.0,2.0,3.0,1.0,0.0,1.0,1.0,0.0,0.0,0.0,4.0,0.188,0.188,0.438,0.625,69.0,0.315,102.0,7.0,0.0,0.0,0.0,0.0,0.0,/2,
Chandler Simpson*,24.0,TBR,AL,0.4,109.0,441.0,414.0,53.0,122.0,15.0,3.0,0.0,26.0,44.0,12.0,20.0,43.0,0.295,0.326,0.345,0.671,89.0,0.306,86.0,143.0,10.0,0.0,3.0,2.0,0.0,87/HD9,ROY-13
Chas McCormick,30.0,HOU,AL,-1.0,64.0,116.0,100.0,13.0,21.0,5.0,0.0,1.0,5.0,2.0,3.0,9.0,31.0,0.21,0.279,0.29,0.569,59.0,0.243,50.0,29.0,1.0,1.0,5.0,1.0,0.0,879H/D1,
Chase Meidroth,23.0,CHW,AL,1.3,122.0,505.0,450.0,54.0,114.0,15.0,0.0,5.0,23.0,14.0,4.0,45.0,72.0,0.253,0.329,0.32,0.649,84.0,0.303,89.0,144.0,14.0,6.0,3.0,1.0,0.0,64/H,
Chris Taylor,34.0,2TM,2LG,-0.6,58.0,125.0,113.0,15.0,21.0,7.0,0.0,2.0,12.0,2.0,2.0,5.0,42.0,0.186,0.256,0.301,0.557,55.0,0.243,49.0,34.0,1.0,6.0,0.0,1.0,0.0,78H49/5,
Chris Taylor,34.0,LAD,NL,-0.6,28.0,35.0,35.0,4.0,7.0,2.0,0.0,0.0,2.0,0.0,1.0,0.0,13.0,0.2,0.2,0.257,0.457,28.0,0.18,13.0,9.0,1.0,0.0,0.0,0.0,0.0,7/8H49,
Chris Taylor,34.0,LAA,AL,0.0,30.0,90.0,78.0,11.0,14.0,5.0,0.0,2.0,10.0,2.0,1.0,5.0,29.0,0.179,0.278,0.321,0.598,66.0,0.267,64.0,25.0,0.0,6.0,0.0,1.0,0.0,9/4H875,
Christian Encarnacion-Strand,25.0,CIN,NL,-0.6,36.0,137.0,130.0,13.0,27.0,4.0,0.0,6.0,19.0,0.0,2.0,3.0,32.0,0.208,0.234,0.377,0.61,62.0,0.254,52.0,49.0,1.0,2.0,0.0,2.0,0.0,3/5,
Christian Koss,27.0,SFG,NL,1.8,74.0,191.0,174.0,25.0,46.0,9.0,0.0,3.0,23.0,4.0,1.0,9.0,45.0,0.264,0.309,0.368,0.676,94.0,0.317,103.0,64.0,4.0,3.0,3.0,2.0,0.0,4H5/61D,
Christian Moore,22.0,LAA,AL,0.1,53.0,184.0,162.0,20.0,32.0,5.0,1.0,7.0,16.0,3.0,0.0,19.0,62.0,0.198,0.284,0.37,0.655,81.0,0.289,77.0,60.0,3.0,1.0,1.0,1.0,0.0,4/H,
Christian Vázquez,34.0,MIN,AL,0.6,65.0,214.0,190.0,14.0,36.0,7.0,0.0,3.0,14.0,1.0,1.0,18.0,35.0,0.189,0.271,0.274,0.545,52.0,0.259,56.0,52.0,3.0,4.0,0.0,2.0,0.0,2/H,
Christian Walker,34.0,HOU,AL,0.2,154.0,640.0,585.0,72.0,139.0,24.0,1.0,27.0,88.0,2.0,1.0,40.0,177.0,0.238,0.297,0.421,0.717,97.0,0.312,96.0,246.0,10.0,11.0,0.0,4.0,1.0,*3/DH,
Christian Yelich*,33.0,MIL,NL,3.1,150.0,644.0,573.0,88.0,151.0,21.0,0.0,29.0,103.0,16.0,6.0,64.0,167.0,0.264,0.343,0.452,0.795,121.0,0.35,121.0,259.0,6.0,6.0,0.0,1.0,6.0,*D7/H,MVP-12
Christopher Morel,26.0,TBR,AL,-0.3,105.0,305.0,278.0,37.0,61.0,16.0,0.0,11.0,33.0,7.0,2.0,25.0,109.0,0.219,0.289,0.396,0.684,90.0,0.306,92.0,110.0,8.0,2.0,0.0,0.0,0.0,7HD/94,
Chuckie Robinson,30.0,LAD,NL,0.0,1.0,2.0,1.0,1.0,0.0,0.0,0.0,0.0,0.0,0.0,0.0,0.0,0.0,0.0,0.0,0.0,0.0,-100.0,0.0,-333.0,0.0,0.0,0.0,1.0,0.0,0.0,/2,
Cionel Pérez,29.0,BAL,AL,0.0,1.0,0.0,0.0,0.0,0.0,0.0,0.0,0.0,0.0,0.0,0.0,0.0,0.0,,,,,,,,0.0,0.0,0.0,0.0,0.0,0.0,1,
CJ Abrams*,24.0,WSN,NL,3.4,144.0,635.0,580.0,92.0,149.0,35.0,5.0,19.0,60.0,31.0,3.0,37.0,125.0,0.257,0.315,0.433,0.748,111.0,0.338,111.0,251.0,5.0,14.0,1.0,3.0,1.0,*6/HD,
CJ Alexander*,28.0,ATH,AL,-0.2,6.0,17.0,17.0,0.0,3.0,0.0,0.0,0.0,0.0,0.0,0.0,0.0,8.0,0.176,0.176,0.176,0.353,-1.0,0.157,-17.0,3.0,0.0,0.0,0.0,0.0,0.0,/35H79,
CJ Stubbs,28.0,WSN,NL,0.1,1.0,3.0,3.0,0.0,0.0,0.0,0.0,0.0,0.0,0.0,0.0,0.0,0.0,0.0,0.0,0.0,0.0,-100.0,0.0,-120.0,0.0,0.0,0.0,0.0,0.0,0.0,/2,
Coby Mayo,23.0,BAL,AL,0.2,85.0,294.0,263.0,30.0,57.0,12.0,0.0,11.0,28.0,3.0,0.0,27.0,84.0,0.217,0.299,0.388,0.687,93.0,0.303,92.0,102.0,2.0,4.0,0.0,0.0,0.0,3/DH5,
Coco Montes,28.0,TBR,AL,0.1,5.0,10.0,10.0,0.0,2.0,0.0,0.0,0.0,1.0,0.0,0.0,0.0,3.0,0.2,0.2,0.2,0.4,13.0,0.178,0.0,2.0,0.0,0.0,0.0,0.0,0.0,/457,
Cody Bellinger*,29.0,NYY,AL,5.1,152.0,656.0,588.0,89.0,160.0,25.0,5.0,29.0,98.0,13.0,2.0,57.0,90.0,0.272,0.334,0.48,0.813,125.0,0.349,123.0,282.0,8.0,2.0,0.0,9.0,1.0,*798/3H,MVP-14
Cody Freeman,24.0,TEX,AL,-0.3,36.0,121.0,114.0,13.0,26.0,4.0,0.0,3.0,15.0,1.0,1.0,5.0,19.0,0.228,0.258,0.342,0.6,75.0,0.264,77.0,39.0,3.0,0.0,1.0,1.0,0.0,4/59HD7,
Colby Thomas,24.0,ATH,AL,0.0,49.0,132.0,120.0,20.0,27.0,5.0,0.0,6.0,19.0,2.0,1.0,7.0,49.0,0.225,0.267,0.417,0.684,86.0,0.304,90.0,50.0,3.0,1.0,1.0,3.0,0.0,9H8/7D,
Cole Young*,21.0,SEA,AL,0.5,77.0,257.0,223.0,24.0,47.0,7.0,1.0,4.0,24.0,1.0,0.0,28.0,47.0,0.211,0.302,0.305,0.607,78.0,0.273,77.0,68.0,4.0,2.0,2.0,2.0,1.0,4/H6D,
Colin Rea,34.0,CHC,NL,0.0,1.0,1.0,1.0,0.0,0.0,0.0,0.0,0.0,0.0,0.0,0.0,0.0,1.0,0.0,0.0,0.0,0.0,-100.0,0.0,-108.0,0.0,0.0,0.0,0.0,0.0,0.0,1,
Colson Montgomery*,23.0,CHW,AL,3.3,71.0,284.0,255.0,43.0,61.0,9.0,1.0,21.0,55.0,0.0,0.0,25.0,83.0,0.239,0.311,0.529,0.84,130.0,0.357,131.0,135.0,3.0,2.0,0.0,1.0,1.0,65/H,ROY-5
Colt Keith*,23.0,DET,AL,1.5,137.0,468.0,414.0,65.0,106.0,22.0,2.0,13.0,45.0,1.0,1.0,48.0,102.0,0.256,0.333,0.413,0.746,107.0,0.326,107.0,171.0,7.0,2.0,0.0,4.0,1.0,D54H3,
Colton Cowser*,25.0,BAL,AL,1.0,92.0,360.0,327.0,36.0,64.0,14.0,0.0,16.0,40.0,14.0,0.0,27.0,128.0,0.196,0.269,0.385,0.655,83.0,0.292,79.0,126.0,5.0,6.0,0.0,0.0,1.0,87/9HD,
Connor Joe,32.0,2TM,NL,-0.7,42.0,80.0,70.0,2.0,13.0,4.0,0.0,0.0,4.0,2.0,2.0,7.0,20.0,0.186,0.263,0.243,0.505,39.0,0.226,32.0,17.0,2.0,1.0,0.0,2.0,0.0,9H7/3D8,
Connor Joe,32.0,SDP,NL,-0.2,7.0,10.0,9.0,0.0,0.0,0.0,0.0,0.0,0.0,0.0,0.0,1.0,6.0,0.0,0.1,0.0,0.1,-69.0,0.07,-78.0,0.0,0.0,0.0,0.0,0.0,0.0,/H378D,
Connor Joe,32.0,CIN,NL,-0.5,35.0,70.0,61.0,2.0,13.0,4.0,0.0,0.0,4.0,2.0,2.0,6.0,14.0,0.213,0.286,0.279,0.564,54.0,0.249,48.0,17.0,2.0,1.0,0.0,2.0,0.0,97H/3D8,
Connor Kaiser,28.0,ARI,NL,-0.3,11.0,19.0,18.0,1.0,2.0,1.0,0.0,0.0,2.0,0.0,0.0,1.0,5.0,0.111,0.158,0.167,0.325,-10.0,0.15,-22.0,3.0,1.0,0.0,0.0,0.0,0.0,/4H,
Connor Norby,25.0,MIA,NL,0.7,88.0,337.0,311.0,42.0,78.0,17.0,1.0,8.0,34.0,8.0,2.0,18.0,90.0,0.251,0.3,0.389,0.689,90.0,0.317,95.0,121.0,3.0,5.0,0.0,3.0,0.0,5/HD,
Connor Seabold,29.0,TBR,AL,0.0,1.0,0.0,0.0,0.0,0.0,0.0,0.0,0.0,0.0,0.0,0.0,0.0,0.0,,,,,,,,0.0,0.0,0.0,0.0,0.0,0.0,/1,
Connor Wong,29.0,BOS,AL,-0.6,63.0,188.0,168.0,16.0,32.0,8.0,0.0,0.0,7.0,2.0,1.0,16.0,42.0,0.19,0.262,0.238,0.5,42.0,0.242,46.0,40.0,7.0,1.0,1.0,2.0,0.0,2/H3D,
Cooper Hummel#,30.0,2TM,AL,-0.8,37.0,105.0,88.0,10.0,15.0,0.0,0.0,3.0,7.0,1.0,0.0,14.0,31.0,0.17,0.298,0.273,0.571,61.0,0.269,63.0,24.0,1.0,2.0,1.0,0.0,0.0,7H/D19,
Cooper Hummel#,30.0,BAL,AL,0.0,1.0,1.0,1.0,0.0,0.0,0.0,0.0,0.0,0.0,0.0,0.0,0.0,1.0,0.0,0.0,0.0,0.0,-100.0,0.0,-136.0,0.0,0.0,0.0,0.0,0.0,0.0,/9,
Cooper Hummel#,30.0,HOU,AL,-0.7,36.0,104.0,87.0,10.0,15.0,0.0,0.0,3.0,7.0,1.0,0.0,14.0,30.0,0.172,0.301,0.276,0.577,63.0,0.272,65.0,24.0,1.0,2.0,1.0,0.0,0.0,7H/D1,
Corbin Carroll*,24.0,ARI,NL,5.8,143.0,642.0,564.0,107.0,146.0,32.0,17.0,31.0,84.0,32.0,6.0,67.0,153.0,0.259,0.343,0.541,0.883,140.0,0.382,137.0,305.0,6.0,7.0,0.0,4.0,4.0,*9/8DH,"AS,MVP-6,SS"
Corey Julks,29.0,CHW,AL,0.1,6.0,13.0,12.0,2.0,3.0,2.0,0.0,0.0,1.0,0.0,0.0,0.0,3.0,0.25,0.231,0.417,0.647,76.0,0.251,54.0,5.0,0.0,0.0,0.0,1.0,0.0,/7DH,
Corey Seager*,31.0,TEX,AL,6.2,102.0,445.0,380.0,61.0,103.0,19.0,0.0,21.0,50.0,3.0,0.0,58.0,87.0,0.271,0.373,0.487,0.86,151.0,0.37,153.0,185.0,13.0,5.0,0.0,2.0,10.0,6/D,
Curtis Mead,24.0,2TM,AL,-0.2,90.0,264.0,240.0,26.0,56.0,10.0,1.0,3.0,19.0,5.0,1.0,15.0,63.0,0.233,0.299,0.321,0.62,75.0,0.282,74.0,77.0,9.0,8.0,0.0,1.0,0.0,35H4/D,
Curtis Mead,24.0,TBR,AL,0.4,49.0,132.0,115.0,14.0,26.0,2.0,1.0,3.0,8.0,4.0,1.0,12.0,33.0,0.226,0.318,0.339,0.657,85.0,0.304,90.0,39.0,4.0,4.0,0.0,1.0,0.0,34H/5D,
Curtis Mead,24.0,CHW,AL,-0.6,41.0,132.0,125.0,12.0,30.0,8.0,0.0,0.0,11.0,1.0,0.0,3.0,30.0,0.24,0.28,0.304,0.584,64.0,0.26,59.0,38.0,5.0,4.0,0.0,0.0,0.0,53/HD,
César Prieto*,26.0,STL,NL,-0.2,3.0,6.0,6.0,0.0,1.0,0.0,0.0,0.0,0.0,0.0,0.0,0.0,5.0,0.167,0.167,0.167,0.333,-5.0,0.134,-27.0,1.0,0.0,0.0,0.0,0.0,0.0,/4HD,
César Salazar*,29.0,HOU,AL,-0.1,11.0,16.0,13.0,0.0,3.0,0.0,0.0,0.0,1.0,0.0,0.0,2.0,2.0,0.231,0.375,0.231,0.606,75.0,0.291,81.0,3.0,1.0,1.0,0.0,0.0,0.0,/2HD1,
Dairon Blanco,32.0,KCR,AL,0.0,9.0,8.0,6.0,2.0,1.0,1.0,0.0,0.0,1.0,3.0,2.0,0.0,2.0,0.167,0.167,0.333,0.5,35.0,0.313,144.0,2.0,0.0,0.0,2.0,0.0,0.0,/H78,
Dalton Rushing*,24.0,LAD,NL,0.2,53.0,155.0,142.0,15.0,29.0,5.0,0.0,4.0,24.0,0.0,0.0,10.0,58.0,0.204,0.258,0.324,0.582,63.0,0.263,61.0,46.0,1.0,1.0,0.0,2.0,0.0,2/H3D,
Dane Myers,29.0,MIA,NL,-0.1,106.0,333.0,307.0,29.0,72.0,10.0,0.0,6.0,31.0,18.0,5.0,23.0,77.0,0.235,0.291,0.326,0.617,71.0,0.284,69.0,100.0,12.0,2.0,0.0,1.0,0.0,89H7/D,
Daniel Johnson*,29.0,2TM,2LG,0.3,31.0,57.0,53.0,13.0,10.0,3.0,0.0,1.0,1.0,2.0,1.0,4.0,13.0,0.189,0.246,0.302,0.548,56.0,0.256,61.0,16.0,0.0,0.0,0.0,0.0,0.0,H9/87,
Daniel Johnson*,29.0,SFG,NL,0.2,14.0,31.0,29.0,5.0,5.0,2.0,0.0,1.0,1.0,1.0,0.0,2.0,8.0,0.172,0.226,0.345,0.571,61.0,0.257,57.0,10.0,0.0,0.0,0.0,0.0,0.0,/H897,
Daniel Johnson*,29.0,BAL,AL,0.1,17.0,26.0,24.0,8.0,5.0,1.0,0.0,0.0,0.0,1.0,1.0,2.0,5.0,0.208,0.269,0.25,0.519,49.0,0.255,66.0,6.0,0.0,0.0,0.0,0.0,0.0,/H798,
Daniel Lynch IV*,28.0,KCR,AL,0.0,3.0,0.0,0.0,0.0,0.0,0.0,0.0,0.0,0.0,0.0,0.0,0.0,0.0,,,,,,,,0.0,0.0,0.0,0.0,0.0,0.0,1,
Daniel Schneemann*,28.0,CLE,AL,1.9,131.0,422.0,379.0,48.0,78.0,18.0,1.0,12.0,41.0,9.0,3.0,38.0,117.0,0.206,0.283,0.354,0.636,76.0,0.288,77.0,134.0,4.0,3.0,1.0,1.0,1.0,458H96/7D,
Danny Jansen,30.0,2TM,2LG,2.8,98.0,337.0,288.0,38.0,62.0,11.0,0.0,14.0,36.0,0.0,0.0,42.0,86.0,0.215,0.321,0.399,0.721,101.0,0.321,104.0,115.0,5.0,4.0,1.0,2.0,0.0,2H/D,
Danny Jansen,30.0,TBR,AL,2.1,73.0,259.0,221.0,28.0,45.0,8.0,0.0,11.0,29.0,0.0,0.0,33.0,68.0,0.204,0.314,0.389,0.703,96.0,0.312,98.0,86.0,4.0,3.0,1.0,1.0,0.0,2/H,
Danny Jansen,30.0,MIL,NL,0.7,25.0,78.0,67.0,10.0,17.0,3.0,0.0,3.0,7.0,0.0,0.0,9.0,18.0,0.254,0.346,0.433,0.779,117.0,0.352,123.0,29.0,1.0,1.0,0.0,1.0,0.0,2/HD,
Dansby Swanson,31.0,CHC,NL,4.5,159.0,645.0,590.0,84.0,144.0,24.0,3.0,24.0,77.0,20.0,3.0,47.0,168.0,0.244,0.3,0.417,0.717,105.0,0.323,108.0,246.0,9.0,2.0,1.0,5.0,1.0,*6,
Darell Hernaiz,23.0,ATH,AL,-0.2,51.0,197.0,173.0,17.0,40.0,5.0,1.0,2.0,16.0,3.0,4.0,17.0,24.0,0.231,0.292,0.306,0.599,67.0,0.273,72.0,53.0,2.0,0.0,2.0,5.0,0.0,654,
DaShawn Keirsey Jr.*,28.0,MIN,AL,-1.2,74.0,88.0,84.0,11.0,9.0,0.0,0.0,2.0,6.0,10.0,3.0,2.0,33.0,0.107,0.138,0.179,0.317,-13.0,0.162,-24.0,15.0,1.0,1.0,1.0,0.0,0.0,9H78/D,
Daulton Varsho*,28.0,TOR,AL,2.8,71.0,271.0,248.0,43.0,59.0,13.0,2.0,20.0,55.0,2.0,0.0,17.0,77.0,0.238,0.284,0.548,0.833,122.0,0.343,116.0,136.0,1.0,1.0,0.0,5.0,1.0,8/HD,
David Bañuelos,28.0,BAL,AL,0.0,1.0,2.0,1.0,0.0,0.0,0.0,0.0,0.0,0.0,0.0,0.0,0.0,1.0,0.0,0.5,0.0,0.5,61.0,0.358,135.0,0.0,0.0,1.0,0.0,0.0,0.0,/DH,
David Fry,29.0,CLE,AL,-0.8,66.0,157.0,146.0,16.0,25.0,4.0,0.0,8.0,23.0,1.0,0.0,9.0,58.0,0.171,0.229,0.363,0.592,61.0,0.256,54.0,53.0,3.0,2.0,0.0,0.0,0.0,DH,
David Hamilton*,27.0,BOS,AL,1.0,91.0,194.0,177.0,27.0,35.0,4.0,1.0,6.0,19.0,22.0,6.0,13.0,47.0,0.198,0.257,0.333,0.59,63.0,0.274,60.0,59.0,3.0,1.0,3.0,0.0,0.0,4H6/D5,
David Villar,28.0,SFG,NL,0.0,9.0,25.0,20.0,4.0,4.0,1.0,0.0,0.0,1.0,0.0,0.0,4.0,5.0,0.2,0.36,0.25,0.61,80.0,0.295,89.0,5.0,1.0,1.0,0.0,0.0,0.0,/3H5D,
Davis Schneider,26.0,TOR,AL,1.3,82.0,227.0,188.0,33.0,44.0,5.0,0.0,11.0,31.0,3.0,1.0,36.0,60.0,0.234,0.361,0.436,0.797,119.0,0.36,128.0,82.0,4.0,2.0,0.0,1.0,0.0,74H/5D,
Daylen Lile*,22.0,WSN,NL,0.8,91.0,351.0,321.0,51.0,96.0,15.0,11.0,9.0,41.0,8.0,6.0,21.0,56.0,0.299,0.347,0.498,0.845,137.0,0.368,142.0,160.0,5.0,4.0,1.0,3.0,0.0,97D/H,ROY-5
Daz Cameron,28.0,MIL,NL,-0.5,21.0,42.0,41.0,7.0,8.0,1.0,0.0,1.0,3.0,1.0,0.0,1.0,13.0,0.195,0.214,0.293,0.507,40.0,0.229,32.0,12.0,1.0,0.0,0.0,0.0,0.0,9H/7,
Denzel Clarke,25.0,ATH,AL,1.0,47.0,159.0,148.0,18.0,34.0,8.0,2.0,3.0,8.0,6.0,0.0,6.0,61.0,0.23,0.274,0.372,0.646,78.0,0.285,69.0,55.0,1.0,3.0,2.0,0.0,0.0,8/H,
Denzer Guzmán,21.0,LAA,AL,-0.4,13.0,43.0,42.0,4.0,8.0,1.0,0.0,2.0,3.0,0.0,0.0,1.0,22.0,0.19,0.209,0.357,0.566,54.0,0.24,43.0,15.0,0.0,0.0,0.0,0.0,0.0,6,
Derek Hill,29.0,2TM,2LG,1.1,57.0,149.0,134.0,19.0,29.0,6.0,0.0,3.0,11.0,7.0,0.0,9.0,48.0,0.216,0.281,0.328,0.609,69.0,0.285,66.0,44.0,3.0,3.0,3.0,0.0,0.0,8/HD,
Derek Hill,29.0,MIA,NL,0.8,53.0,141.0,127.0,19.0,27.0,6.0,0.0,3.0,10.0,7.0,0.0,9.0,46.0,0.213,0.275,0.331,0.606,68.0,0.285,64.0,42.0,3.0,2.0,3.0,0.0,0.0,8/HD,
Derek Hill,29.0,CHW,AL,0.2,4.0,8.0,7.0,0.0,2.0,0.0,0.0,0.0,1.0,0.0,0.0,0.0,2.0,0.286,0.375,0.286,0.661,90.0,0.3,89.0,2.0,0.0,1.0,0.0,0.0,0.0,/8H,
Dietrich Enns*,34.0,BAL,AL,0.0,1.0,0.0,0.0,0.0,0.0,0.0,0.0,0.0,0.0,0.0,0.0,0.0,0.0,,,,,,,,0.0,0.0,0.0,0.0,0.0,0.0,1,
Dillon Dingler,26.0,DET,AL,3.1,126.0,469.0,435.0,54.0,121.0,21.0,2.0,13.0,57.0,0.0,0.0,23.0,110.0,0.278,0.327,0.425,0.752,108.0,0.329,109.0,185.0,5.0,9.0,0.0,1.0,2.0,*2/HD,GG
DJ LeMahieu,36.0,NYY,AL,0.6,45.0,142.0,128.0,13.0,34.0,3.0,0.0,2.0,12.0,0.0,0.0,14.0,35.0,0.266,0.338,0.336,0.674,91.0,0.307,95.0,43.0,4.0,0.0,0.0,0.0,0.0,4/H,
Dom Nuñez*,30.0,CLE,AL,0.0,2.0,7.0,7.0,2.0,2.0,0.0,0.0,0.0,0.0,0.0,0.0,0.0,4.0,0.286,0.286,0.286,0.571,60.0,0.226,34.0,2.0,0.0,0.0,0.0,0.0,0.0,/2,
Dominic Canzone*,27.0,SEA,AL,1.6,82.0,269.0,243.0,30.0,73.0,11.0,0.0,11.0,32.0,3.0,1.0,20.0,59.0,0.3,0.358,0.481,0.84,142.0,0.361,142.0,117.0,6.0,3.0,0.0,2.0,0.0,9H/D,
Dominic Fletcher*,27.0,CHW,AL,0.3,12.0,34.0,32.0,5.0,7.0,5.0,0.0,1.0,2.0,1.0,0.0,2.0,2.0,0.219,0.265,0.469,0.733,100.0,0.315,95.0,15.0,1.0,0.0,0.0,0.0,0.0,/987,
Dominic Smith*,30.0,SFG,NL,0.4,63.0,225.0,204.0,26.0,58.0,12.0,0.0,5.0,33.0,2.0,0.0,15.0,42.0,0.284,0.333,0.417,0.75,114.0,0.329,112.0,85.0,5.0,2.0,0.0,4.0,0.0,3/HD9,
Donovan Solano,37.0,2TM,AL,-0.1,71.0,179.0,166.0,10.0,41.0,4.0,1.0,3.0,21.0,0.0,0.0,8.0,40.0,0.247,0.291,0.337,0.628,82.0,0.28,83.0,56.0,9.0,3.0,0.0,2.0,0.0,3H/45,
Donovan Solano,37.0,SEA,AL,0.0,69.0,176.0,163.0,10.0,41.0,4.0,1.0,3.0,21.0,0.0,0.0,8.0,38.0,0.252,0.295,0.344,0.639,86.0,0.284,87.0,56.0,9.0,3.0,0.0,2.0,0.0,3H/5,
Donovan Solano,37.0,TEX,AL,-0.1,2.0,3.0,3.0,0.0,0.0,0.0,0.0,0.0,0.0,0.0,0.0,0.0,2.0,0.0,0.0,0.0,0.0,-100.0,0.0,-118.0,0.0,0.0,0.0,0.0,0.0,0.0,/4,
Donovan Walton*,31.0,PHI,NL,-0.1,2.0,9.0,8.0,1.0,1.0,0.0,0.0,0.0,1.0,0.0,0.0,0.0,1.0,0.125,0.125,0.125,0.25,-31.0,0.113,-70.0,1.0,0.0,0.0,1.0,0.0,0.0,/4,
Drake Baldwin*,24.0,ATL,NL,3.3,124.0,446.0,405.0,56.0,111.0,18.0,2.0,19.0,80.0,0.0,0.0,38.0,68.0,0.274,0.341,0.469,0.81,126.0,0.358,130.0,190.0,9.0,3.0,0.0,0.0,0.0,2HD,ROY-1
Drew Avans*,29.0,2TM,2LG,-0.4,8.0,18.0,17.0,1.0,2.0,0.0,0.0,0.0,1.0,1.0,0.0,0.0,6.0,0.118,0.111,0.118,0.229,-36.0,0.112,-58.0,2.0,0.0,0.0,0.0,1.0,0.0,/789H,
Drew Avans*,29.0,ATH,AL,-0.3,7.0,15.0,15.0,1.0,2.0,0.0,0.0,0.0,0.0,1.0,0.0,0.0,5.0,0.133,0.133,0.133,0.267,-25.0,0.135,-44.0,2.0,0.0,0.0,0.0,0.0,0.0,/789H,
Drew Avans*,29.0,MIL,NL,-0.1,1.0,3.0,2.0,0.0,0.0,0.0,0.0,0.0,1.0,0.0,0.0,0.0,1.0,0.0,0.0,0.0,0.0,-100.0,0.0,-126.0,0.0,0.0,0.0,0.0,1.0,0.0,/7,
Drew Gilbert*,24.0,SFG,NL,-0.3,39.0,109.0,100.0,12.0,19.0,5.0,1.0,3.0,13.0,1.0,1.0,7.0,20.0,0.19,0.248,0.35,0.598,70.0,0.267,71.0,35.0,2.0,1.0,0.0,1.0,0.0,9/8H7,
Drew Millas#,27.0,WSN,NL,0.2,18.0,55.0,49.0,6.0,15.0,5.0,1.0,0.0,7.0,2.0,0.0,4.0,7.0,0.306,0.358,0.449,0.807,129.0,0.357,126.0,22.0,0.0,0.0,1.0,0.0,0.0,2/DH,
Drew Romo#,23.0,COL,NL,-0.1,3.0,3.0,3.0,0.0,0.0,0.0,0.0,0.0,0.0,0.0,0.0,0.0,3.0,0.0,0.0,0.0,0.0,-100.0,0.0,-134.0,0.0,0.0,0.0,0.0,0.0,0.0,/H2D,
Drew Waters#,26.0,KCR,AL,-0.4,71.0,219.0,206.0,21.0,50.0,6.0,3.0,1.0,14.0,5.0,3.0,11.0,60.0,0.243,0.288,0.316,0.603,70.0,0.281,76.0,65.0,2.0,2.0,0.0,0.0,0.0,789/HD,
Drey Jameson,27.0,ARI,NL,0.0,1.0,0.0,0.0,0.0,0.0,0.0,0.0,0.0,0.0,0.0,0.0,0.0,0.0,,,,,,,,0.0,0.0,0.0,0.0,0.0,0.0,/1,
Dustin Harris*,25.0,TEX,AL,0.2,19.0,43.0,40.0,5.0,8.0,3.0,0.0,1.0,2.0,1.0,1.0,3.0,13.0,0.2,0.256,0.35,0.606,77.0,0.258,76.0,14.0,1.0,0.0,0.0,0.0,0.0,/7H89D,
Dylan Beavers*,23.0,BAL,AL,1.0,35.0,137.0,110.0,16.0,25.0,5.0,1.0,4.0,14.0,2.0,2.0,26.0,36.0,0.227,0.375,0.4,0.775,120.0,0.346,128.0,44.0,0.0,0.0,1.0,0.0,0.0,79/H,
Dylan Carlson#,26.0,BAL,AL,-0.7,83.0,241.0,217.0,17.0,44.0,9.0,1.0,6.0,20.0,3.0,3.0,21.0,54.0,0.203,0.278,0.336,0.614,73.0,0.274,75.0,73.0,3.0,2.0,0.0,1.0,0.0,798H,
Dylan Crews,23.0,WSN,NL,0.3,85.0,322.0,293.0,43.0,61.0,8.0,2.0,10.0,27.0,17.0,5.0,24.0,76.0,0.208,0.28,0.352,0.631,79.0,0.288,79.0,103.0,4.0,5.0,0.0,0.0,0.0,98/D,
Dylan Moore,32.0,2TM,AL,0.4,106.0,243.0,219.0,35.0,44.0,5.0,0.0,11.0,25.0,14.0,5.0,20.0,82.0,0.201,0.267,0.374,0.642,85.0,0.288,88.0,82.0,1.0,1.0,0.0,3.0,0.0,H4935/6D8,
Dylan Moore,32.0,SEA,AL,0.2,88.0,213.0,192.0,29.0,37.0,5.0,0.0,9.0,19.0,12.0,4.0,19.0,76.0,0.193,0.263,0.359,0.622,79.0,0.283,83.0,69.0,1.0,0.0,0.0,2.0,0.0,H9435/6D8,
Dylan Moore,32.0,TEX,AL,0.2,18.0,30.0,27.0,6.0,7.0,0.0,0.0,2.0,6.0,2.0,1.0,1.0,6.0,0.259,0.3,0.481,0.781,126.0,0.326,122.0,13.0,0.0,1.0,0.0,1.0,0.0,4/HD39,
Eddie Rosario*,33.0,2TM,NL,0.0,5.0,8.0,8.0,1.0,1.0,0.0,0.0,0.0,0.0,0.0,0.0,0.0,2.0,0.125,0.125,0.125,0.25,-29.0,0.113,-43.0,1.0,0.0,0.0,0.0,0.0,0.0,/DH9,
Eddie Rosario*,33.0,LAD,NL,0.0,2.0,4.0,4.0,0.0,1.0,0.0,0.0,0.0,0.0,0.0,0.0,0.0,0.0,0.25,0.25,0.25,0.5,42.0,0.225,36.0,1.0,0.0,0.0,0.0,0.0,0.0,/D,
Eddie Rosario*,33.0,ATL,NL,0.0,3.0,4.0,4.0,1.0,0.0,0.0,0.0,0.0,0.0,0.0,0.0,0.0,2.0,0.0,0.0,0.0,0.0,-100.0,0.0,-121.0,0.0,0.0,0.0,0.0,0.0,0.0,/H9,
Edgar Quero#,22.0,CHW,AL,1.2,111.0,403.0,365.0,31.0,98.0,17.0,0.0,5.0,36.0,0.0,1.0,32.0,71.0,0.268,0.333,0.356,0.689,94.0,0.308,96.0,130.0,8.0,4.0,0.0,2.0,0.0,2DH,
Edmundo Sosa,29.0,PHI,NL,2.3,89.0,261.0,243.0,30.0,67.0,12.0,1.0,11.0,39.0,1.0,1.0,10.0,56.0,0.276,0.307,0.469,0.777,109.0,0.337,109.0,114.0,7.0,2.0,3.0,2.0,0.0,456H/78D,
Edouard Julien*,26.0,MIN,AL,-0.8,64.0,208.0,182.0,13.0,40.0,10.0,0.0,3.0,12.0,0.0,3.0,22.0,61.0,0.22,0.309,0.324,0.633,76.0,0.274,72.0,59.0,3.0,2.0,1.0,1.0,0.0,34D/H6,
Edwin Díaz,31.0,NYM,NL,0.0,1.0,0.0,0.0,0.0,0.0,0.0,0.0,0.0,0.0,0.0,0.0,0.0,0.0,,,,,,,,0.0,0.0,0.0,0.0,0.0,0.0,1,AS
Eli White,31.0,ATL,NL,0.7,105.0,271.0,256.0,43.0,60.0,8.0,3.0,10.0,35.0,10.0,1.0,11.0,70.0,0.234,0.27,0.406,0.677,88.0,0.308,89.0,104.0,2.0,2.0,1.0,1.0,1.0,97H/D83,
Elias Díaz,34.0,SDP,NL,-0.2,106.0,283.0,255.0,34.0,52.0,7.0,0.0,9.0,29.0,0.0,0.0,21.0,74.0,0.204,0.27,0.337,0.607,68.0,0.271,63.0,86.0,11.0,2.0,5.0,0.0,0.0,2H,
Elly De La Cruz#,23.0,CIN,NL,3.6,162.0,699.0,629.0,102.0,166.0,31.0,7.0,22.0,86.0,37.0,8.0,67.0,181.0,0.264,0.336,0.44,0.777,109.0,0.342,104.0,277.0,14.0,2.0,0.0,1.0,10.0,*6/DH,"AS,MVP-23"
Elvis Alvarado,26.0,ATH,AL,0.0,1.0,0.0,0.0,0.0,0.0,0.0,0.0,0.0,0.0,0.0,0.0,0.0,0.0,,,,,,,,0.0,0.0,0.0,0.0,0.0,0.0,1,
Emerson Hancock,26.0,SEA,AL,0.0,1.0,0.0,0.0,0.0,0.0,0.0,0.0,0.0,0.0,0.0,0.0,0.0,0.0,,,,,,,,0.0,0.0,0.0,0.0,0.0,0.0,1,
Emmanuel Clase,27.0,CLE,AL,0.0,1.0,0.0,0.0,0.0,0.0,0.0,0.0,0.0,0.0,0.0,0.0,0.0,0.0,,,,,,,,0.0,0.0,0.0,0.0,0.0,0.0,1,
Emmanuel Rivera,29.0,BAL,AL,0.1,42.0,127.0,120.0,5.0,30.0,4.0,0.0,0.0,13.0,1.0,0.0,6.0,24.0,0.25,0.291,0.283,0.575,64.0,0.267,66.0,34.0,3.0,1.0,0.0,0.0,0.0,5/3HD1,
Endy Rodríguez#,25.0,PIT,NL,-0.5,18.0,57.0,52.0,5.0,9.0,4.0,0.0,0.0,2.0,0.0,1.0,5.0,14.0,0.173,0.246,0.25,0.496,39.0,0.219,35.0,13.0,0.0,0.0,0.0,0.0,0.0,3/2H,
Enmanuel Valdéz*,26.0,PIT,NL,0.1,31.0,102.0,91.0,7.0,19.0,4.0,2.0,2.0,12.0,0.0,0.0,11.0,16.0,0.209,0.294,0.363,0.657,82.0,0.292,80.0,33.0,2.0,0.0,0.0,0.0,0.0,3/4H9,
Enyel De Los Santos,29.0,HOU,AL,0.0,1.0,0.0,0.0,0.0,0.0,0.0,0.0,0.0,0.0,0.0,0.0,0.0,0.0,,,,,,,,0.0,0.0,0.0,0.0,0.0,0.0,1,
Eric Haase,32.0,MIL,NL,0.2,30.0,77.0,70.0,11.0,16.0,3.0,0.0,2.0,9.0,0.0,0.0,4.0,31.0,0.229,0.289,0.357,0.647,80.0,0.285,76.0,25.0,1.0,2.0,1.0,0.0,0.0,2/DH,
Eric Wagaman,27.0,MIA,NL,-0.4,140.0,514.0,476.0,56.0,119.0,28.0,3.0,9.0,53.0,4.0,1.0,32.0,100.0,0.25,0.296,0.378,0.674,86.0,0.303,86.0,180.0,11.0,1.0,0.0,5.0,0.0,*37HD/59,
Ernie Clement,29.0,TOR,AL,4.3,157.0,588.0,545.0,83.0,151.0,35.0,2.0,9.0,50.0,6.0,5.0,27.0,61.0,0.277,0.313,0.398,0.711,95.0,0.306,91.0,217.0,13.0,4.0,7.0,5.0,1.0,5463H,
Esteury Ruiz,26.0,LAD,NL,-0.2,19.0,23.0,21.0,2.0,4.0,0.0,0.0,1.0,2.0,4.0,0.0,2.0,8.0,0.19,0.261,0.333,0.594,66.0,0.304,61.0,7.0,0.0,0.0,0.0,0.0,0.0,7/H9,
Eugenio Suárez,33.0,2TM,2LG,3.6,159.0,657.0,588.0,91.0,134.0,28.0,0.0,49.0,118.0,4.0,1.0,46.0,196.0,0.228,0.298,0.526,0.824,126.0,0.354,127.0,309.0,11.0,16.0,0.0,7.0,2.0,*5/D3H,AS
Eugenio Suárez,33.0,ARI,NL,3.3,106.0,437.0,387.0,64.0,96.0,19.0,0.0,36.0,87.0,1.0,0.0,29.0,117.0,0.248,0.32,0.576,0.897,142.0,0.386,145.0,223.0,7.0,15.0,0.0,6.0,1.0,5/DH3,
Eugenio Suárez,33.0,SEA,AL,0.3,53.0,220.0,201.0,27.0,38.0,9.0,0.0,13.0,31.0,3.0,1.0,17.0,79.0,0.189,0.255,0.428,0.682,94.0,0.289,89.0,86.0,4.0,1.0,0.0,1.0,1.0,5/3,
Evan Carter*,22.0,TEX,AL,1.9,63.0,220.0,194.0,31.0,48.0,9.0,2.0,5.0,25.0,14.0,2.0,19.0,41.0,0.247,0.336,0.392,0.728,114.0,0.333,118.0,76.0,2.0,7.0,0.0,0.0,1.0,8/HD,
Everson Pereira,24.0,TBR,AL,-0.3,23.0,73.0,65.0,7.0,9.0,1.0,0.0,2.0,8.0,2.0,0.0,7.0,28.0,0.138,0.219,0.246,0.465,31.0,0.227,32.0,16.0,2.0,0.0,0.0,1.0,0.0,8/H9,
Ezequiel Durán,26.0,TEX,AL,0.2,90.0,219.0,205.0,16.0,46.0,14.0,0.0,0.0,14.0,11.0,2.0,8.0,55.0,0.224,0.266,0.293,0.559,65.0,0.251,61.0,60.0,3.0,4.0,1.0,1.0,0.0,63H45/91D7,
Ezequiel Tovar,23.0,COL,NL,0.6,95.0,390.0,360.0,44.0,91.0,18.0,4.0,9.0,33.0,5.0,3.0,21.0,98.0,0.253,0.294,0.4,0.694,83.0,0.305,80.0,144.0,2.0,1.0,6.0,2.0,0.0,6,
Fernando Tatis Jr.,26.0,SDP,NL,5.9,155.0,691.0,594.0,111.0,159.0,27.0,2.0,25.0,71.0,32.0,7.0,89.0,129.0,0.268,0.368,0.446,0.814,125.0,0.368,129.0,265.0,6.0,6.0,0.0,2.0,7.0,*9/D,"AS,MVP-8,GG"
Francisco Alvarez,23.0,NYM,NL,1.9,76.0,277.0,246.0,32.0,63.0,12.0,1.0,11.0,32.0,0.0,0.0,27.0,73.0,0.256,0.339,0.447,0.787,122.0,0.35,126.0,110.0,6.0,4.0,0.0,0.0,0.0,2/HD,
Francisco Lindor#,31.0,NYM,NL,5.9,160.0,732.0,644.0,117.0,172.0,35.0,0.0,31.0,86.0,31.0,6.0,65.0,131.0,0.267,0.346,0.466,0.811,129.0,0.359,129.0,300.0,9.0,16.0,0.0,7.0,2.0,*6/DH,"AS,MVP-10"
Freddie Freeman*,35.0,LAD,NL,3.5,147.0,627.0,556.0,81.0,164.0,39.0,2.0,24.0,90.0,6.0,2.0,60.0,128.0,0.295,0.367,0.502,0.869,141.0,0.376,141.0,279.0,13.0,6.0,0.0,5.0,7.0,*3/H,"AS,MVP-13"
Freddy Fermin,30.0,2TM,2LG,2.0,109.0,347.0,319.0,32.0,80.0,13.0,0.0,5.0,26.0,1.0,2.0,19.0,65.0,0.251,0.297,0.339,0.636,78.0,0.284,77.0,108.0,5.0,2.0,7.0,0.0,1.0,2/HD4,
Freddy Fermin,30.0,KCR,AL,1.1,67.0,208.0,192.0,17.0,49.0,7.0,0.0,3.0,12.0,1.0,2.0,13.0,37.0,0.255,0.309,0.339,0.648,82.0,0.284,80.0,65.0,2.0,2.0,1.0,0.0,1.0,2/HD4,
Freddy Fermin,30.0,SDP,NL,0.9,42.0,139.0,127.0,15.0,31.0,6.0,0.0,2.0,14.0,0.0,0.0,6.0,28.0,0.244,0.278,0.339,0.617,70.0,0.285,73.0,43.0,3.0,0.0,6.0,0.0,0.0,2/H,
Félix Bautista,30.0,BAL,AL,0.0,1.0,0.0,0.0,0.0,0.0,0.0,0.0,0.0,0.0,0.0,0.0,0.0,0.0,,,,,,,,0.0,0.0,0.0,0.0,0.0,0.0,1,
Gabriel Arias,25.0,CLE,AL,1.1,129.0,471.0,432.0,44.0,95.0,25.0,2.0,11.0,54.0,8.0,4.0,27.0,162.0,0.22,0.274,0.363,0.638,76.0,0.277,70.0,157.0,8.0,7.0,1.0,4.0,1.0,64/5H,
Gabriel Moreno,25.0,ARI,NL,1.6,83.0,309.0,277.0,44.0,79.0,12.0,1.0,9.0,40.0,2.0,2.0,29.0,53.0,0.285,0.353,0.433,0.786,117.0,0.341,115.0,120.0,6.0,1.0,0.0,2.0,3.0,2/DH,
Gage Workman*,25.0,2TM,2LG,-0.3,12.0,17.0,16.0,0.0,3.0,1.0,0.0,0.0,2.0,1.0,0.0,1.0,7.0,0.188,0.235,0.25,0.485,41.0,0.229,35.0,4.0,0.0,0.0,0.0,0.0,0.0,/56HD,
Gage Workman*,25.0,CHC,NL,-0.2,9.0,15.0,14.0,0.0,3.0,1.0,0.0,0.0,2.0,1.0,0.0,1.0,6.0,0.214,0.267,0.286,0.552,61.0,0.26,56.0,4.0,0.0,0.0,0.0,0.0,0.0,/56DH,
Gage Workman*,25.0,CHW,AL,-0.1,3.0,2.0,2.0,0.0,0.0,0.0,0.0,0.0,0.0,0.0,0.0,0.0,1.0,0.0,0.0,0.0,0.0,-100.0,0.0,-126.0,0.0,0.0,0.0,0.0,0.0,0.0,/56H,
Garrett Hampson,30.0,3TM,NL,-0.4,62.0,91.0,77.0,19.0,11.0,2.0,0.0,0.0,1.0,3.0,1.0,11.0,29.0,0.143,0.25,0.169,0.419,20.0,0.205,14.0,13.0,2.0,0.0,3.0,0.0,0.0,7H48/695D1,
Garrett Hampson,30.0,ARI,NL,0.1,18.0,41.0,30.0,10.0,5.0,0.0,0.0,0.0,0.0,2.0,1.0,9.0,10.0,0.167,0.359,0.167,0.526,53.0,0.268,61.0,5.0,0.0,0.0,2.0,0.0,0.0,4/H6857,
Garrett Hampson,30.0,CIN,NL,-0.2,9.0,19.0,18.0,0.0,3.0,1.0,0.0,0.0,0.0,0.0,0.0,1.0,6.0,0.167,0.211,0.222,0.433,18.0,0.187,-1.0,4.0,1.0,0.0,0.0,0.0,0.0,/748H56D,
Garrett Hampson,30.0,STL,NL,-0.3,35.0,31.0,29.0,9.0,3.0,1.0,0.0,0.0,1.0,1.0,0.0,1.0,13.0,0.103,0.133,0.138,0.271,-23.0,0.133,-38.0,4.0,1.0,0.0,1.0,0.0,0.0,7H/986D145,
Garrett Mitchell*,26.0,MIL,NL,0.0,25.0,78.0,68.0,9.0,14.0,4.0,1.0,0.0,3.0,3.0,0.0,7.0,25.0,0.206,0.286,0.294,0.58,63.0,0.269,58.0,20.0,0.0,1.0,1.0,1.0,0.0,8/H,
Garrett Stubbs*,32.0,PHI,NL,0.0,5.0,1.0,1.0,2.0,0.0,0.0,0.0,0.0,0.0,0.0,0.0,0.0,0.0,0.0,0.0,0.0,0.0,-100.0,0.0,-125.0,0.0,0.0,0.0,0.0,0.0,0.0,/DH2,
Garrett Whitlock,29.0,BOS,AL,0.0,1.0,0.0,0.0,0.0,0.0,0.0,0.0,0.0,0.0,0.0,0.0,0.0,0.0,,,,,,,,0.0,0.0,0.0,0.0,0.0,0.0,1,
Gary Sánchez,32.0,BAL,AL,-0.4,29.0,101.0,91.0,13.0,21.0,2.0,0.0,5.0,24.0,0.0,0.0,4.0,27.0,0.231,0.297,0.418,0.715,100.0,0.308,97.0,38.0,2.0,5.0,0.0,1.0,0.0,2/D1H,
Gavin Lux*,27.0,CIN,NL,-0.2,140.0,503.0,446.0,49.0,120.0,28.0,2.0,5.0,53.0,1.0,0.0,56.0,114.0,0.269,0.35,0.374,0.724,97.0,0.326,97.0,167.0,3.0,0.0,0.0,1.0,0.0,D74H/5,
Gavin Sheets*,29.0,SDP,NL,0.7,145.0,545.0,492.0,57.0,124.0,28.0,1.0,19.0,71.0,2.0,1.0,44.0,107.0,0.252,0.317,0.429,0.746,105.0,0.326,103.0,211.0,9.0,5.0,0.0,4.0,1.0,7DH3,
George Springer,35.0,TOR,AL,4.8,140.0,586.0,498.0,106.0,154.0,27.0,1.0,32.0,84.0,18.0,1.0,69.0,111.0,0.309,0.399,0.56,0.959,161.0,0.414,165.0,279.0,14.0,8.0,0.0,4.0,3.0,D978/H,"MVP-7,SS"
George Valera*,24.0,CLE,AL,-0.1,16.0,48.0,41.0,7.0,9.0,2.0,0.0,2.0,5.0,0.0,0.0,7.0,13.0,0.22,0.333,0.415,0.748,107.0,0.328,108.0,17.0,1.0,0.0,0.0,0.0,0.0,D/9H,
Geraldo Perdomo#,25.0,ARI,NL,7.0,161.0,720.0,597.0,98.0,173.0,33.0,5.0,20.0,100.0,27.0,6.0,94.0,83.0,0.29,0.389,0.462,0.851,136.0,0.382,139.0,276.0,11.0,10.0,8.0,11.0,1.0,*6/H,"MVP-4,SS"
Giancarlo Stanton,35.0,NYY,AL,1.9,77.0,281.0,249.0,36.0,68.0,8.0,0.0,24.0,66.0,0.0,0.0,29.0,96.0,0.273,0.35,0.594,0.944,158.0,0.398,162.0,148.0,5.0,1.0,0.0,1.0,3.0,D9H/7,
Gio Urshela,33.0,ATH,AL,-1.0,59.0,197.0,181.0,10.0,43.0,14.0,1.0,0.0,20.0,0.0,1.0,13.0,40.0,0.238,0.287,0.326,0.613,71.0,0.271,68.0,59.0,6.0,0.0,2.0,1.0,0.0,5/3DH,
Gleyber Torres,28.0,DET,AL,2.9,145.0,628.0,532.0,79.0,136.0,22.0,0.0,16.0,74.0,4.0,1.0,85.0,101.0,0.256,0.358,0.387,0.745,108.0,0.336,113.0,206.0,11.0,4.0,0.0,7.0,0.0,*4D/H,AS
Graham Pauley*,24.0,MIA,NL,0.7,62.0,184.0,161.0,18.0,36.0,9.0,1.0,4.0,11.0,2.0,0.0,21.0,36.0,0.224,0.311,0.366,0.678,88.0,0.303,85.0,59.0,1.0,0.0,1.0,1.0,0.0,5/438,
Grant McCray*,24.0,SFG,NL,-0.4,22.0,26.0,22.0,3.0,2.0,0.0,1.0,0.0,2.0,0.0,0.0,2.0,11.0,0.091,0.16,0.182,0.342,-2.0,0.155,-14.0,4.0,1.0,0.0,1.0,1.0,0.0,97/H8,
Greg Allen#,32.0,BAL,AL,-0.4,7.0,14.0,14.0,1.0,0.0,0.0,0.0,0.0,0.0,0.0,1.0,0.0,5.0,0.0,0.0,0.0,0.0,-100.0,-0.035,-127.0,0.0,2.0,0.0,0.0,0.0,0.0,/87H,
Greg Jones#,27.0,CHW,AL,0.0,3.0,2.0,2.0,0.0,0.0,0.0,0.0,0.0,0.0,1.0,0.0,0.0,2.0,0.0,0.0,0.0,0.0,-100.0,0.122,-122.0,0.0,0.0,0.0,0.0,0.0,0.0,/H9,
Griffin Conine*,27.0,MIA,NL,0.1,24.0,86.0,79.0,13.0,20.0,7.0,0.0,2.0,8.0,0.0,1.0,7.0,25.0,0.253,0.314,0.418,0.732,101.0,0.325,107.0,33.0,0.0,0.0,0.0,0.0,0.0,7/9DH,
Griffin Jax,30.0,MIN,AL,0.0,1.0,0.0,0.0,0.0,0.0,0.0,0.0,0.0,0.0,0.0,0.0,0.0,0.0,,,,,,,,0.0,0.0,0.0,0.0,0.0,0.0,1,
Gunnar Henderson*,24.0,BAL,AL,5.3,154.0,651.0,577.0,85.0,158.0,34.0,5.0,17.0,68.0,30.0,5.0,62.0,137.0,0.274,0.349,0.438,0.787,121.0,0.349,122.0,253.0,7.0,7.0,0.0,5.0,6.0,*6/DH,
Gustavo Campero#,27.0,LAA,AL,-0.3,28.0,66.0,58.0,9.0,10.0,1.0,0.0,3.0,8.0,4.0,1.0,5.0,14.0,0.172,0.273,0.345,0.618,71.0,0.282,69.0,20.0,2.0,3.0,0.0,0.0,0.0,9/H78D,
Ha-Seong Kim,29.0,2TM,2LG,0.3,48.0,191.0,171.0,19.0,40.0,4.0,0.0,5.0,17.0,6.0,2.0,16.0,39.0,0.234,0.304,0.345,0.649,83.0,0.29,80.0,59.0,2.0,2.0,0.0,2.0,0.0,6/4H,
Ha-Seong Kim,29.0,TBR,AL,0.1,24.0,93.0,84.0,5.0,18.0,3.0,0.0,2.0,5.0,6.0,1.0,8.0,23.0,0.214,0.29,0.321,0.612,72.0,0.283,69.0,27.0,0.0,1.0,0.0,0.0,0.0,6/4,
Ha-Seong Kim,29.0,ATL,NL,0.1,24.0,98.0,87.0,14.0,22.0,1.0,0.0,3.0,12.0,0.0,1.0,8.0,16.0,0.253,0.316,0.368,0.684,93.0,0.297,90.0,32.0,2.0,1.0,0.0,2.0,0.0,6/H,
Harrison Bader,31.0,2TM,2LG,3.9,146.0,501.0,448.0,61.0,124.0,24.0,1.0,17.0,54.0,11.0,7.0,39.0,136.0,0.277,0.347,0.449,0.796,117.0,0.344,117.0,201.0,5.0,11.0,0.0,3.0,0.0,*87H/9,
Harrison Bader,31.0,MIN,AL,2.7,96.0,307.0,271.0,31.0,70.0,13.0,0.0,12.0,38.0,10.0,4.0,27.0,81.0,0.258,0.339,0.439,0.778,113.0,0.34,113.0,119.0,3.0,7.0,0.0,2.0,0.0,78H/9,
Harrison Bader,31.0,PHI,NL,1.3,50.0,194.0,177.0,30.0,54.0,11.0,1.0,5.0,16.0,1.0,3.0,12.0,55.0,0.305,0.361,0.463,0.824,124.0,0.351,122.0,82.0,2.0,4.0,0.0,1.0,0.0,8/H,
Harry Ford,22.0,SEA,AL,0.0,8.0,8.0,6.0,1.0,1.0,0.0,0.0,0.0,1.0,0.0,0.0,0.0,3.0,0.167,0.25,0.167,0.417,25.0,0.201,26.0,1.0,0.0,1.0,0.0,1.0,0.0,/2HD,
Hayden Birdsong,23.0,SFG,NL,0.0,1.0,0.0,0.0,0.0,0.0,0.0,0.0,0.0,0.0,0.0,0.0,0.0,0.0,,,,,,,,0.0,0.0,0.0,0.0,0.0,0.0,1,
Hayden Senger,28.0,NYM,NL,-0.2,33.0,78.0,72.0,8.0,13.0,1.0,0.0,0.0,4.0,0.0,0.0,3.0,22.0,0.181,0.221,0.194,0.415,20.0,0.19,11.0,14.0,3.0,1.0,1.0,1.0,0.0,2/H,
Heliot Ramos,25.0,SFG,NL,1.2,157.0,695.0,620.0,85.0,159.0,24.0,1.0,21.0,69.0,6.0,4.0,52.0,158.0,0.256,0.328,0.4,0.728,108.0,0.319,107.0,248.0,16.0,17.0,0.0,6.0,2.0,*7/DH,
Henry Davis,25.0,PIT,NL,0.7,87.0,283.0,252.0,25.0,42.0,7.0,0.0,7.0,22.0,2.0,1.0,18.0,76.0,0.167,0.234,0.278,0.512,42.0,0.237,40.0,70.0,2.0,5.0,3.0,3.0,0.0,2/HD,
Heriberto Hernández,25.0,MIA,NL,0.9,87.0,294.0,256.0,40.0,68.0,12.0,1.0,10.0,45.0,1.0,1.0,31.0,77.0,0.266,0.347,0.438,0.784,116.0,0.344,117.0,112.0,6.0,3.0,0.0,4.0,0.0,7D9H,ROY-13
Heston Kjerstad*,26.0,BAL,AL,-1.6,54.0,167.0,156.0,16.0,30.0,5.0,2.0,4.0,19.0,1.0,0.0,6.0,45.0,0.192,0.24,0.327,0.566,58.0,0.253,56.0,51.0,9.0,4.0,0.0,1.0,0.0,79/HD,
Hoby Milner*,34.0,TEX,AL,0.0,2.0,0.0,0.0,0.0,0.0,0.0,0.0,0.0,0.0,0.0,0.0,0.0,0.0,,,,,,,,0.0,0.0,0.0,0.0,0.0,0.0,1,
Hunter Feduccia*,28.0,2TM,2LG,-0.5,38.0,105.0,88.0,5.0,13.0,5.0,0.0,0.0,8.0,1.0,0.0,15.0,29.0,0.148,0.267,0.205,0.471,36.0,0.227,35.0,18.0,0.0,0.0,0.0,2.0,0.0,2/H3D,
Hunter Feduccia*,28.0,LAD,NL,0.0,2.0,3.0,2.0,0.0,0.0,0.0,0.0,0.0,0.0,0.0,0.0,1.0,1.0,0.0,0.333,0.0,0.333,5.0,0.232,40.0,0.0,0.0,0.0,0.0,0.0,0.0,/H3,
Hunter Feduccia*,28.0,TBR,AL,-0.5,36.0,102.0,86.0,5.0,13.0,5.0,0.0,0.0,8.0,1.0,0.0,14.0,28.0,0.151,0.265,0.209,0.474,36.0,0.227,34.0,18.0,0.0,0.0,0.0,2.0,0.0,2/HD,
Hunter Goodman,25.0,COL,NL,3.7,144.0,579.0,540.0,73.0,150.0,28.0,5.0,31.0,91.0,1.0,2.0,33.0,152.0,0.278,0.323,0.52,0.843,120.0,0.367,124.0,281.0,16.0,4.0,0.0,2.0,0.0,2D/H,"AS,SS"
Hunter Renfroe,33.0,KCR,AL,-1.5,35.0,108.0,99.0,5.0,18.0,6.0,0.0,0.0,4.0,0.0,0.0,8.0,21.0,0.182,0.241,0.242,0.483,37.0,0.216,28.0,24.0,4.0,0.0,0.0,1.0,0.0,9/HD,
Hyeseong Kim*,26.0,LAD,NL,1.7,71.0,170.0,161.0,19.0,45.0,6.0,1.0,3.0,17.0,13.0,1.0,7.0,52.0,0.28,0.314,0.385,0.699,95.0,0.335,102.0,62.0,0.0,1.0,1.0,0.0,0.0,4H86,
Ian Happ#,30.0,CHC,NL,4.0,150.0,663.0,569.0,87.0,138.0,32.0,0.0,23.0,79.0,6.0,3.0,87.0,151.0,0.243,0.342,0.42,0.762,120.0,0.338,122.0,239.0,8.0,2.0,0.0,5.0,2.0,*7/DH,GG
Ildemaro Vargas#,33.0,ARI,NL,0.2,38.0,121.0,115.0,12.0,31.0,2.0,1.0,3.0,19.0,0.0,0.0,2.0,15.0,0.27,0.292,0.383,0.674,86.0,0.291,78.0,44.0,3.0,2.0,1.0,1.0,0.0,43/H5D6,
Isaac Collins#,27.0,MIL,NL,2.1,130.0,441.0,372.0,56.0,98.0,22.0,3.0,9.0,54.0,16.0,7.0,57.0,93.0,0.263,0.368,0.411,0.779,118.0,0.354,125.0,153.0,8.0,6.0,3.0,3.0,0.0,*7H/9D54,ROY-4
Isaac Paredes,26.0,HOU,AL,2.3,102.0,438.0,378.0,53.0,96.0,15.0,1.0,20.0,53.0,0.0,1.0,50.0,76.0,0.254,0.352,0.458,0.809,123.0,0.353,127.0,173.0,10.0,8.0,0.0,2.0,0.0,5D/H,AS
Isiah Kiner-Falefa,30.0,2TM,2LG,1.6,138.0,459.0,431.0,45.0,113.0,21.0,2.0,2.0,40.0,15.0,4.0,17.0,77.0,0.262,0.297,0.334,0.631,76.0,0.291,76.0,144.0,9.0,5.0,5.0,1.0,0.0,654/H1,
Isiah Kiner-Falefa,30.0,PIT,NL,1.6,119.0,428.0,401.0,40.0,106.0,20.0,2.0,1.0,35.0,15.0,4.0,17.0,69.0,0.264,0.3,0.332,0.632,76.0,0.293,78.0,133.0,9.0,4.0,5.0,1.0,0.0,65/H,
Isiah Kiner-Falefa,30.0,TOR,AL,0.0,19.0,31.0,30.0,5.0,7.0,1.0,0.0,1.0,5.0,0.0,0.0,0.0,8.0,0.233,0.258,0.367,0.625,70.0,0.262,58.0,11.0,0.0,1.0,0.0,0.0,0.0,4/5H16,
Iván Herrera,25.0,STL,NL,2.2,107.0,452.0,388.0,54.0,110.0,13.0,0.0,19.0,66.0,8.0,2.0,43.0,84.0,0.284,0.373,0.464,0.837,136.0,0.372,140.0,180.0,20.0,15.0,0.0,4.0,1.0,D2/7H,
J.C. Escarra*,30.0,NYY,AL,0.1,40.0,98.0,84.0,5.0,17.0,5.0,0.0,2.0,11.0,1.0,0.0,11.0,14.0,0.202,0.296,0.333,0.629,77.0,0.291,81.0,28.0,1.0,1.0,0.0,2.0,0.0,2/3H5D,
J.D. Davis,32.0,LAA,AL,-0.2,5.0,9.0,9.0,0.0,1.0,0.0,0.0,0.0,0.0,0.0,0.0,0.0,3.0,0.111,0.111,0.111,0.222,-38.0,0.099,-59.0,1.0,0.0,0.0,0.0,0.0,0.0,/3H5,
J.P. Crawford*,30.0,SEA,AL,3.8,157.0,654.0,570.0,69.0,151.0,24.0,0.0,12.0,58.0,8.0,1.0,74.0,122.0,0.265,0.352,0.37,0.722,111.0,0.322,113.0,211.0,11.0,3.0,6.0,1.0,1.0,*6/H,
J.T. Realmuto,34.0,PHI,NL,2.5,134.0,550.0,502.0,57.0,129.0,26.0,1.0,12.0,52.0,8.0,2.0,35.0,129.0,0.257,0.315,0.384,0.7,91.0,0.312,89.0,193.0,13.0,9.0,0.0,3.0,1.0,*2/DH,
Jac Caglianone*,22.0,KCR,AL,-1.3,62.0,232.0,210.0,19.0,33.0,6.0,1.0,7.0,18.0,1.0,0.0,18.0,52.0,0.157,0.237,0.295,0.532,49.0,0.238,43.0,62.0,4.0,4.0,0.0,0.0,0.0,93/DH,
Jace Jung*,24.0,DET,AL,-0.5,21.0,55.0,47.0,8.0,5.0,0.0,0.0,0.0,3.0,0.0,0.0,7.0,16.0,0.106,0.236,0.106,0.343,1.0,0.181,1.0,5.0,2.0,1.0,0.0,0.0,0.0,5/H,
Jack Leiter,25.0,TEX,AL,0.0,1.0,1.0,1.0,0.0,0.0,0.0,0.0,0.0,0.0,0.0,0.0,0.0,1.0,0.0,0.0,0.0,0.0,-100.0,0.0,-127.0,0.0,0.0,0.0,0.0,0.0,0.0,1/H,ROY-7
Jack Suwinski*,26.0,PIT,NL,-0.3,59.0,178.0,150.0,15.0,22.0,7.0,0.0,3.0,10.0,7.0,1.0,24.0,57.0,0.147,0.281,0.253,0.534,51.0,0.258,51.0,38.0,1.0,4.0,0.0,0.0,1.0,879/HD,
Jack Winkler,26.0,MIA,NL,-0.2,14.0,16.0,16.0,2.0,4.0,2.0,0.0,0.0,0.0,1.0,0.0,0.0,4.0,0.25,0.25,0.375,0.625,71.0,0.284,63.0,6.0,0.0,0.0,0.0,0.0,0.0,/4H365,
Jackson Chourio,21.0,MIL,NL,2.2,131.0,589.0,549.0,88.0,148.0,35.0,4.0,21.0,78.0,21.0,7.0,30.0,121.0,0.27,0.308,0.463,0.77,112.0,0.339,112.0,254.0,13.0,3.0,1.0,6.0,1.0,*879/D,
Jackson Holliday*,21.0,BAL,AL,1.0,149.0,649.0,586.0,70.0,142.0,21.0,3.0,17.0,55.0,17.0,11.0,56.0,140.0,0.242,0.314,0.375,0.69,95.0,0.305,97.0,220.0,4.0,6.0,0.0,1.0,1.0,*4/6DH,
Jackson Merrill*,22.0,SDP,NL,2.7,115.0,483.0,440.0,59.0,116.0,25.0,6.0,16.0,67.0,1.0,2.0,33.0,108.0,0.264,0.317,0.457,0.774,112.0,0.331,108.0,201.0,4.0,4.0,1.0,5.0,1.0,*8/H,
Jackson Rutledge,26.0,WSN,NL,0.0,1.0,0.0,0.0,0.0,0.0,0.0,0.0,0.0,0.0,0.0,0.0,0.0,0.0,,,,,,,,0.0,0.0,0.0,0.0,0.0,0.0,1,
Jacob Amaya,26.0,CHW,AL,-1.0,36.0,73.0,66.0,7.0,7.0,1.0,0.0,0.0,8.0,2.0,0.0,3.0,16.0,0.106,0.139,0.121,0.26,-26.0,0.125,-45.0,8.0,1.0,0.0,1.0,3.0,0.0,6/H14,
Jacob Hurtubise*,27.0,CIN,NL,-0.1,12.0,15.0,12.0,3.0,1.0,0.0,0.0,0.0,0.0,0.0,0.0,1.0,6.0,0.083,0.267,0.083,0.35,2.0,0.204,10.0,1.0,0.0,2.0,0.0,0.0,0.0,/H79,
Jacob Melton*,24.0,HOU,AL,-0.3,32.0,78.0,70.0,7.0,11.0,0.0,1.0,0.0,7.0,7.0,2.0,6.0,29.0,0.157,0.234,0.186,0.419,19.0,0.205,11.0,13.0,2.0,1.0,0.0,0.0,0.0,8/7H9,
Jacob Stallings,35.0,2TM,2LG,-1.3,42.0,129.0,119.0,5.0,16.0,4.0,0.0,0.0,9.0,0.0,0.0,6.0,40.0,0.134,0.195,0.168,0.363,0.0,0.178,-8.0,20.0,5.0,3.0,1.0,0.0,0.0,2/H1,
Jacob Stallings,35.0,COL,NL,-0.9,28.0,93.0,84.0,4.0,12.0,3.0,0.0,0.0,6.0,0.0,0.0,5.0,31.0,0.143,0.217,0.179,0.396,8.0,0.188,-4.0,15.0,1.0,3.0,1.0,0.0,0.0,2/1H,
Jacob Stallings,35.0,BAL,AL,-0.4,14.0,36.0,35.0,1.0,4.0,1.0,0.0,0.0,3.0,0.0,0.0,1.0,9.0,0.114,0.139,0.143,0.282,-20.0,0.152,-16.0,5.0,4.0,0.0,0.0,0.0,0.0,2/H,
Jacob Wilson,23.0,ATH,AL,3.0,125.0,523.0,486.0,62.0,151.0,26.0,0.0,13.0,63.0,5.0,2.0,27.0,39.0,0.311,0.355,0.444,0.8,121.0,0.354,127.0,216.0,16.0,7.0,2.0,1.0,1.0,*6/D,"AS,MVP-18,ROY-2"
Jacob Young,25.0,WSN,NL,1.4,120.0,364.0,324.0,34.0,75.0,10.0,1.0,2.0,31.0,15.0,11.0,27.0,65.0,0.231,0.296,0.287,0.583,68.0,0.268,71.0,93.0,7.0,3.0,9.0,1.0,0.0,*8H/D,
Jahmai Jones,27.0,DET,AL,0.9,72.0,150.0,129.0,21.0,37.0,11.0,1.0,7.0,23.0,2.0,0.0,18.0,32.0,0.287,0.387,0.55,0.937,157.0,0.403,160.0,71.0,3.0,3.0,0.0,0.0,1.0,HD97/4,
Jake Bauers*,29.0,MIL,NL,0.7,85.0,218.0,183.0,28.0,43.0,9.0,0.0,7.0,28.0,8.0,1.0,32.0,59.0,0.235,0.353,0.399,0.752,111.0,0.34,111.0,73.0,1.0,2.0,0.0,1.0,1.0,3H7/D19,
Jake Bird,29.0,COL,NL,0.0,1.0,0.0,0.0,0.0,0.0,0.0,0.0,0.0,0.0,0.0,0.0,0.0,0.0,,,,,,,,0.0,0.0,0.0,0.0,0.0,0.0,1,
Jake Burger,29.0,TEX,AL,0.9,103.0,376.0,356.0,43.0,84.0,15.0,1.0,16.0,53.0,1.0,1.0,12.0,93.0,0.236,0.269,0.419,0.687,99.0,0.298,100.0,149.0,3.0,5.0,0.0,3.0,0.0,3DH,
Jake Cronenworth*,31.0,SDP,NL,2.4,135.0,515.0,419.0,61.0,103.0,20.0,1.0,11.0,59.0,3.0,3.0,69.0,107.0,0.246,0.367,0.377,0.744,108.0,0.339,114.0,158.0,4.0,15.0,4.0,7.0,1.0,*436/DH,
Jake Fraley*,30.0,2TM,NL,0.3,76.0,217.0,191.0,31.0,46.0,9.0,0.0,6.0,23.0,4.0,3.0,25.0,49.0,0.241,0.332,0.382,0.714,94.0,0.323,99.0,73.0,1.0,1.0,0.0,0.0,1.0,9H/7D,
Jake Fraley*,30.0,CIN,NL,0.4,67.0,193.0,168.0,29.0,39.0,8.0,0.0,6.0,23.0,4.0,2.0,24.0,41.0,0.232,0.332,0.387,0.719,94.0,0.324,96.0,65.0,1.0,1.0,0.0,0.0,1.0,9H/7D,
Jake Fraley*,30.0,ATL,NL,0.0,9.0,24.0,23.0,2.0,7.0,1.0,0.0,0.0,0.0,0.0,1.0,1.0,8.0,0.304,0.333,0.348,0.681,93.0,0.319,117.0,8.0,0.0,0.0,0.0,0.0,0.0,/9H7D,
Jake Mangum#,29.0,TBR,AL,1.6,118.0,428.0,405.0,37.0,120.0,18.0,1.0,3.0,40.0,27.0,6.0,19.0,64.0,0.296,0.33,0.368,0.698,96.0,0.313,93.0,149.0,4.0,2.0,1.0,1.0,0.0,*789/HD,
Jake McCarthy*,27.0,ARI,NL,-0.7,67.0,222.0,206.0,18.0,42.0,7.0,5.0,4.0,20.0,6.0,0.0,10.0,40.0,0.204,0.247,0.345,0.591,62.0,0.271,59.0,71.0,2.0,2.0,3.0,1.0,0.0,789/HD,
Jake Meyers,29.0,HOU,AL,2.4,104.0,381.0,343.0,53.0,100.0,15.0,2.0,3.0,24.0,16.0,5.0,31.0,67.0,0.292,0.354,0.373,0.727,103.0,0.333,109.0,128.0,9.0,3.0,2.0,2.0,0.0,8/H,
Jake Rogers,30.0,DET,AL,0.2,46.0,142.0,123.0,14.0,23.0,5.0,2.0,3.0,19.0,0.0,0.0,15.0,39.0,0.187,0.277,0.333,0.61,69.0,0.28,73.0,41.0,3.0,1.0,1.0,2.0,0.0,2/1HD,
Jakob Marsee*,24.0,MIA,NL,1.9,55.0,234.0,209.0,28.0,61.0,18.0,3.0,5.0,33.0,14.0,6.0,22.0,48.0,0.292,0.363,0.478,0.842,132.0,0.365,130.0,100.0,2.0,2.0,0.0,1.0,0.0,87/9H,ROY-8
James McCann,35.0,ARI,NL,1.0,42.0,137.0,123.0,18.0,32.0,6.0,0.0,5.0,17.0,0.0,0.0,8.0,33.0,0.26,0.324,0.431,0.754,107.0,0.334,109.0,53.0,3.0,4.0,1.0,1.0,0.0,2/H3,
James Outman*,28.0,2TM,2LG,-1.0,59.0,148.0,134.0,19.0,18.0,5.0,1.0,6.0,11.0,1.0,0.0,12.0,63.0,0.134,0.216,0.321,0.537,47.0,0.249,48.0,43.0,0.0,2.0,0.0,0.0,0.0,897/HD,
James Outman*,28.0,LAD,NL,-0.2,22.0,44.0,39.0,8.0,4.0,1.0,0.0,2.0,4.0,0.0,0.0,4.0,18.0,0.103,0.205,0.282,0.487,35.0,0.221,31.0,11.0,0.0,1.0,0.0,0.0,0.0,8/H9,
James Outman*,28.0,MIN,AL,-0.8,37.0,104.0,95.0,11.0,14.0,4.0,1.0,4.0,7.0,1.0,0.0,8.0,45.0,0.147,0.221,0.337,0.558,51.0,0.26,55.0,32.0,0.0,1.0,0.0,0.0,0.0,897/HD,
James Wood*,22.0,WSN,NL,3.7,157.0,689.0,598.0,87.0,153.0,38.0,0.0,31.0,94.0,15.0,7.0,85.0,221.0,0.256,0.35,0.475,0.825,132.0,0.357,132.0,284.0,12.0,3.0,0.0,3.0,8.0,*7D/H,AS
Jared Triolo,27.0,PIT,NL,2.3,107.0,376.0,331.0,41.0,75.0,18.0,2.0,7.0,24.0,13.0,2.0,39.0,76.0,0.227,0.311,0.356,0.667,86.0,0.318,94.0,118.0,4.0,2.0,3.0,1.0,1.0,6534/H1D,
Jared Young*,29.0,NYM,NL,0.1,22.0,47.0,43.0,5.0,8.0,1.0,0.0,4.0,6.0,0.0,0.0,2.0,16.0,0.186,0.234,0.488,0.722,99.0,0.302,92.0,21.0,1.0,1.0,0.0,1.0,0.0,D/H137,
Jarred Kelenic*,25.0,ATL,NL,-0.5,24.0,65.0,60.0,7.0,10.0,2.0,0.0,2.0,2.0,0.0,1.0,5.0,23.0,0.167,0.231,0.3,0.531,49.0,0.23,44.0,18.0,1.0,0.0,0.0,0.0,0.0,9/H7D,
Jarren Duran*,28.0,BOS,AL,4.7,157.0,696.0,620.0,86.0,159.0,41.0,13.0,16.0,84.0,24.0,6.0,60.0,169.0,0.256,0.332,0.442,0.774,114.0,0.345,118.0,274.0,6.0,12.0,1.0,3.0,1.0,*78/H9D,
Jason Heyward*,35.0,SDP,NL,-0.6,34.0,95.0,85.0,9.0,15.0,2.0,0.0,2.0,12.0,0.0,1.0,6.0,20.0,0.176,0.223,0.271,0.494,37.0,0.22,31.0,23.0,1.0,0.0,0.0,3.0,0.0,7/H98,
Jasson Domínguez#,22.0,NYY,AL,0.5,123.0,429.0,381.0,58.0,98.0,18.0,1.0,10.0,47.0,23.0,5.0,41.0,115.0,0.257,0.331,0.388,0.719,101.0,0.324,102.0,148.0,5.0,3.0,0.0,4.0,1.0,7HD,ROY-13
Javier Báez,32.0,DET,AL,1.9,126.0,437.0,417.0,55.0,107.0,17.0,3.0,12.0,57.0,5.0,1.0,10.0,109.0,0.257,0.282,0.398,0.68,87.0,0.297,84.0,166.0,8.0,6.0,0.0,3.0,0.0,6854/H,AS
Javier Sanoja,22.0,MIA,NL,1.5,118.0,342.0,313.0,40.0,76.0,22.0,4.0,6.0,38.0,6.0,5.0,19.0,41.0,0.243,0.287,0.396,0.683,87.0,0.307,92.0,124.0,2.0,2.0,4.0,4.0,0.0,574H86/13D,GG
Jazz Chisholm Jr.*,27.0,NYY,AL,4.2,130.0,531.0,462.0,75.0,112.0,15.0,1.0,31.0,80.0,31.0,8.0,58.0,148.0,0.242,0.332,0.481,0.813,125.0,0.357,127.0,222.0,3.0,6.0,1.0,4.0,1.0,45/H,"AS,SS"
Jeff Hoffman,32.0,TOR,AL,0.0,2.0,0.0,0.0,0.0,0.0,0.0,0.0,0.0,0.0,0.0,0.0,0.0,0.0,,,,,,,,0.0,0.0,0.0,0.0,0.0,0.0,1,
Jeff McNeil*,33.0,NYM,NL,2.0,122.0,462.0,399.0,42.0,97.0,21.0,5.0,12.0,54.0,3.0,0.0,49.0,55.0,0.243,0.335,0.411,0.746,111.0,0.333,113.0,164.0,5.0,8.0,2.0,4.0,4.0,487D/H93,
Jeimer Candelario#,31.0,CIN,NL,-0.9,22.0,91.0,80.0,3.0,9.0,2.0,0.0,2.0,10.0,0.0,1.0,9.0,29.0,0.113,0.198,0.213,0.41,12.0,0.185,2.0,17.0,1.0,0.0,0.0,2.0,0.0,5/3D,
Jerar Encarnación,27.0,SFG,NL,0.0,19.0,56.0,55.0,5.0,11.0,3.0,0.0,2.0,7.0,1.0,0.0,1.0,15.0,0.2,0.214,0.364,0.578,62.0,0.251,55.0,20.0,3.0,0.0,0.0,0.0,0.0,9/H73,
Jeremiah Jackson,25.0,BAL,AL,0.4,48.0,183.0,170.0,20.0,47.0,10.0,2.0,5.0,21.0,0.0,2.0,11.0,50.0,0.276,0.328,0.447,0.775,117.0,0.329,116.0,76.0,6.0,2.0,0.0,0.0,0.0,95/HD4,
Jeremy Peña,27.0,HOU,AL,5.6,125.0,543.0,493.0,68.0,150.0,30.0,2.0,17.0,62.0,20.0,2.0,35.0,93.0,0.304,0.363,0.477,0.84,132.0,0.368,132.0,235.0,9.0,12.0,1.0,2.0,2.0,*6/HD,"AS,MVP-10"
Jesse Winker*,31.0,NYM,NL,0.0,26.0,81.0,70.0,8.0,16.0,5.0,2.0,1.0,10.0,1.0,0.0,9.0,21.0,0.229,0.309,0.4,0.709,100.0,0.305,92.0,28.0,1.0,0.0,0.0,2.0,1.0,D/H7,
Jesús Sánchez*,27.0,2TM,2LG,1.3,134.0,497.0,451.0,61.0,107.0,21.0,4.0,14.0,48.0,13.0,3.0,42.0,110.0,0.237,0.304,0.395,0.699,92.0,0.312,91.0,178.0,10.0,2.0,0.0,2.0,1.0,*97H8/D,
Jesús Sánchez*,27.0,MIA,NL,1.1,86.0,337.0,305.0,40.0,78.0,12.0,4.0,10.0,36.0,9.0,2.0,29.0,70.0,0.256,0.32,0.42,0.74,104.0,0.328,102.0,128.0,8.0,1.0,0.0,2.0,1.0,9H8/D7,
Jesús Sánchez*,27.0,HOU,AL,0.2,48.0,160.0,146.0,21.0,29.0,9.0,0.0,4.0,12.0,4.0,1.0,13.0,40.0,0.199,0.269,0.342,0.611,69.0,0.277,68.0,50.0,2.0,1.0,0.0,0.0,0.0,79/HD,
Jhoan Duran,27.0,MIN,AL,0.0,3.0,0.0,0.0,0.0,0.0,0.0,0.0,0.0,0.0,0.0,0.0,0.0,0.0,,,,,,,,0.0,0.0,0.0,0.0,0.0,0.0,1,
Jhonkensy Noel,23.0,CLE,AL,-1.4,69.0,153.0,148.0,19.0,24.0,2.0,0.0,6.0,13.0,0.0,0.0,4.0,52.0,0.162,0.183,0.297,0.48,31.0,0.211,22.0,44.0,4.0,0.0,0.0,1.0,0.0,9H/37D,
Jhonny Pereda,29.0,2TM,AL,0.3,28.0,78.0,69.0,4.0,17.0,6.0,0.0,0.0,4.0,0.0,0.0,8.0,21.0,0.246,0.325,0.333,0.658,84.0,0.301,88.0,23.0,1.0,0.0,1.0,0.0,0.0,2/1H,
Jhonny Pereda,29.0,ATH,AL,-0.1,17.0,46.0,40.0,3.0,7.0,2.0,0.0,0.0,3.0,0.0,0.0,6.0,13.0,0.175,0.283,0.225,0.508,45.0,0.257,56.0,9.0,0.0,0.0,0.0,0.0,0.0,2/1H,
Jhonny Pereda,29.0,MIN,AL,0.4,11.0,32.0,29.0,1.0,10.0,4.0,0.0,0.0,1.0,0.0,0.0,2.0,8.0,0.345,0.387,0.483,0.87,139.0,0.367,135.0,14.0,1.0,0.0,1.0,0.0,0.0,2,
Jhostynxon García,22.0,BOS,AL,0.0,5.0,9.0,7.0,0.0,1.0,1.0,0.0,0.0,0.0,0.0,0.0,2.0,5.0,0.143,0.333,0.286,0.619,76.0,0.29,81.0,2.0,0.0,0.0,0.0,0.0,0.0,/79DH,
Ji Hwan Bae*,25.0,PIT,NL,-0.4,13.0,25.0,20.0,4.0,1.0,0.0,0.0,0.0,0.0,4.0,1.0,5.0,9.0,0.05,0.24,0.05,0.29,-12.0,0.19,-4.0,1.0,0.0,0.0,0.0,0.0,0.0,/H78D9,
Jimmy Crooks*,23.0,STL,NL,-0.3,15.0,46.0,45.0,3.0,6.0,0.0,1.0,1.0,1.0,0.0,0.0,0.0,17.0,0.133,0.152,0.244,0.397,10.0,0.19,12.0,11.0,1.0,1.0,0.0,0.0,0.0,2/DH,
JJ Bleday*,27.0,ATH,AL,-0.3,98.0,344.0,307.0,48.0,65.0,17.0,0.0,14.0,39.0,1.0,2.0,36.0,91.0,0.212,0.294,0.404,0.698,92.0,0.3,89.0,124.0,6.0,0.0,0.0,1.0,2.0,89H7/D,
Jo Adell,26.0,LAA,AL,1.2,152.0,573.0,526.0,63.0,124.0,18.0,1.0,37.0,98.0,5.0,1.0,33.0,151.0,0.236,0.293,0.485,0.778,111.0,0.335,112.0,255.0,10.0,10.0,0.0,1.0,0.0,*89/HD,
Joc Pederson*,33.0,TEX,AL,-0.3,96.0,306.0,265.0,28.0,48.0,10.0,1.0,9.0,26.0,2.0,0.0,34.0,65.0,0.181,0.285,0.328,0.614,81.0,0.278,84.0,87.0,5.0,5.0,0.0,1.0,0.0,DH/39,
Joe Mantiply,34.0,ARI,NL,0.0,1.0,0.0,0.0,0.0,0.0,0.0,0.0,0.0,0.0,0.0,0.0,0.0,0.0,,,,,,,,0.0,0.0,0.0,0.0,0.0,0.0,1,
Joey Bart,28.0,PIT,NL,0.5,93.0,332.0,285.0,21.0,71.0,12.0,1.0,4.0,30.0,1.0,1.0,40.0,93.0,0.249,0.355,0.34,0.696,96.0,0.32,100.0,97.0,14.0,7.0,0.0,0.0,0.0,2/HD,
Joey Loperfido*,26.0,TOR,AL,0.6,41.0,104.0,96.0,12.0,32.0,4.0,0.0,4.0,14.0,1.0,2.0,4.0,27.0,0.333,0.379,0.5,0.879,140.0,0.381,150.0,48.0,2.0,3.0,1.0,0.0,0.0,7H/9,
Joey Ortiz,26.0,MIL,NL,0.3,149.0,506.0,470.0,62.0,108.0,18.0,1.0,7.0,45.0,14.0,3.0,27.0,74.0,0.23,0.276,0.317,0.593,66.0,0.27,62.0,149.0,10.0,3.0,6.0,0.0,0.0,*6/H,
Joey Wiemer,26.0,MIA,NL,0.4,27.0,61.0,55.0,7.0,13.0,2.0,0.0,3.0,12.0,0.0,0.0,2.0,23.0,0.236,0.279,0.436,0.715,95.0,0.297,82.0,24.0,0.0,2.0,0.0,2.0,1.0,9/H7,
Johan Rojas,24.0,PHI,NL,0.5,71.0,172.0,152.0,23.0,34.0,3.0,2.0,1.0,18.0,12.0,2.0,13.0,40.0,0.224,0.28,0.289,0.569,57.0,0.271,53.0,44.0,2.0,0.0,4.0,3.0,0.0,8H/D,
John Brebbia*,35.0,DET,AL,0.0,1.0,0.0,0.0,0.0,0.0,0.0,0.0,0.0,0.0,0.0,0.0,0.0,0.0,,,,,,,,0.0,0.0,0.0,0.0,0.0,0.0,1,
John Curtiss,32.0,ARI,NL,0.0,1.0,0.0,0.0,0.0,0.0,0.0,0.0,0.0,0.0,0.0,0.0,0.0,0.0,,,,,,,,0.0,0.0,0.0,0.0,0.0,0.0,1,
John Rave*,27.0,KCR,AL,0.1,72.0,175.0,153.0,18.0,30.0,5.0,0.0,4.0,14.0,7.0,2.0,18.0,46.0,0.196,0.283,0.307,0.59,66.0,0.266,61.0,47.0,1.0,1.0,2.0,1.0,0.0,978/HD,
John Schreiber,31.0,KCR,AL,0.0,1.0,0.0,0.0,0.0,0.0,0.0,0.0,0.0,0.0,0.0,0.0,0.0,0.0,,,,,,,,0.0,0.0,0.0,0.0,0.0,0.0,1,
Johnathan Rodríguez,25.0,CLE,AL,-0.6,31.0,77.0,71.0,6.0,14.0,4.0,1.0,2.0,10.0,1.0,0.0,6.0,22.0,0.197,0.26,0.366,0.626,72.0,0.286,75.0,26.0,2.0,0.0,0.0,0.0,0.0,9/H7D,
Jon Berti,35.0,CHC,NL,0.2,51.0,107.0,100.0,12.0,21.0,2.0,0.0,0.0,2.0,11.0,3.0,5.0,22.0,0.21,0.262,0.23,0.492,45.0,0.244,48.0,23.0,1.0,2.0,0.0,0.0,0.0,5H4/19D,
Jon Singleton*,33.0,HOU,AL,-0.1,3.0,9.0,9.0,0.0,1.0,0.0,0.0,0.0,0.0,0.0,0.0,0.0,1.0,0.111,0.111,0.111,0.222,-38.0,0.099,-59.0,1.0,0.0,0.0,0.0,0.0,0.0,/D3H,
Jonah Bride,29.0,2TM,2LG,-0.7,45.0,125.0,112.0,7.0,19.0,2.0,0.0,0.0,5.0,0.0,0.0,11.0,39.0,0.17,0.248,0.188,0.436,24.0,0.223,29.0,21.0,1.0,1.0,0.0,1.0,1.0,5H/3D14,
Jonah Bride,29.0,MIA,NL,-0.4,12.0,45.0,40.0,3.0,4.0,0.0,0.0,0.0,2.0,0.0,0.0,5.0,15.0,0.1,0.2,0.1,0.3,-13.0,0.161,-16.0,4.0,0.0,0.0,0.0,0.0,1.0,/D35H,
Jonah Bride,29.0,MIN,AL,-0.3,33.0,80.0,72.0,4.0,15.0,2.0,0.0,0.0,3.0,0.0,0.0,6.0,24.0,0.208,0.275,0.236,0.511,44.0,0.257,54.0,17.0,1.0,1.0,0.0,1.0,0.0,5H/314D,
Jonah Heim#,30.0,TEX,AL,0.4,124.0,433.0,395.0,38.0,84.0,14.0,0.0,11.0,43.0,3.0,0.0,32.0,88.0,0.213,0.271,0.332,0.602,77.0,0.276,83.0,131.0,10.0,1.0,1.0,4.0,0.0,2DH,
Jonatan Clase#,23.0,TOR,AL,-0.2,34.0,112.0,100.0,10.0,21.0,3.0,0.0,2.0,9.0,3.0,1.0,10.0,28.0,0.21,0.288,0.3,0.588,63.0,0.264,57.0,30.0,1.0,1.0,1.0,0.0,0.0,7/8H9D,
Jonathan Aranda*,27.0,TBR,AL,3.5,106.0,422.0,370.0,56.0,117.0,22.0,0.0,14.0,59.0,0.0,2.0,41.0,107.0,0.316,0.393,0.489,0.883,146.0,0.377,147.0,181.0,9.0,8.0,0.0,3.0,3.0,3DH,AS
Jonathan India,28.0,KCR,AL,0.4,136.0,567.0,497.0,63.0,116.0,29.0,0.0,9.0,45.0,0.0,4.0,54.0,106.0,0.233,0.323,0.346,0.669,89.0,0.299,91.0,172.0,10.0,13.0,1.0,2.0,0.0,4D75/H,
Jonathan Ornelas,25.0,2TM,2LG,0.1,6.0,10.0,9.0,1.0,2.0,0.0,0.0,0.0,0.0,0.0,0.0,1.0,3.0,0.222,0.3,0.222,0.522,55.0,0.229,45.0,2.0,0.0,0.0,0.0,0.0,0.0,/645,
Jonathan Ornelas,25.0,TEX,AL,0.0,4.0,6.0,5.0,0.0,0.0,0.0,0.0,0.0,0.0,0.0,0.0,1.0,3.0,0.0,0.167,0.0,0.167,-44.0,0.114,-34.0,0.0,0.0,0.0,0.0,0.0,0.0,/64,
Jonathan Ornelas,25.0,ATL,NL,0.1,2.0,4.0,4.0,1.0,2.0,0.0,0.0,0.0,0.0,0.0,0.0,0.0,0.0,0.5,0.5,0.5,1.0,184.0,0.402,160.0,2.0,0.0,0.0,0.0,0.0,0.0,/65,
Jonny DeLuca,26.0,TBR,AL,0.6,20.0,59.0,57.0,5.0,19.0,1.0,3.0,0.0,4.0,6.0,0.0,2.0,13.0,0.333,0.356,0.456,0.812,126.0,0.365,119.0,26.0,0.0,0.0,0.0,0.0,0.0,8/HD,
Jorbit Vivas*,24.0,NYY,AL,-0.3,29.0,66.0,56.0,6.0,9.0,2.0,0.0,1.0,5.0,0.0,0.0,5.0,13.0,0.161,0.266,0.25,0.516,46.0,0.241,44.0,14.0,0.0,3.0,0.0,0.0,0.0,45/H,
Jordan Beck,24.0,COL,NL,0.9,148.0,588.0,539.0,62.0,139.0,27.0,5.0,16.0,53.0,19.0,8.0,43.0,174.0,0.258,0.317,0.416,0.732,94.0,0.327,94.0,224.0,9.0,4.0,0.0,1.0,0.0,*7H/D8,
Jordan Lawlar,22.0,ARI,NL,-0.4,28.0,74.0,66.0,9.0,12.0,7.0,0.0,0.0,5.0,2.0,0.0,6.0,26.0,0.182,0.257,0.288,0.545,51.0,0.251,45.0,19.0,0.0,1.0,0.0,1.0,0.0,5H/D46,
Jordan Leasure,26.0,CHW,AL,0.0,1.0,0.0,0.0,0.0,0.0,0.0,0.0,0.0,0.0,0.0,0.0,0.0,0.0,,,,,,,,0.0,0.0,0.0,0.0,0.0,0.0,1,
Jordan Walker,23.0,STL,NL,-1.7,111.0,396.0,363.0,40.0,78.0,13.0,1.0,6.0,41.0,10.0,3.0,29.0,126.0,0.215,0.278,0.306,0.584,66.0,0.273,69.0,111.0,9.0,3.0,0.0,1.0,1.0,9/HD,
Jordan Westburg,26.0,BAL,AL,1.6,85.0,352.0,328.0,59.0,87.0,10.0,1.0,17.0,41.0,1.0,2.0,17.0,80.0,0.265,0.313,0.457,0.77,114.0,0.334,118.0,150.0,5.0,6.0,0.0,1.0,0.0,54D/H,
Jordyn Adams,25.0,BAL,AL,-0.1,10.0,5.0,5.0,1.0,0.0,0.0,0.0,0.0,0.0,0.0,0.0,0.0,2.0,0.0,0.0,0.0,0.0,-100.0,0.0,-125.0,0.0,0.0,0.0,0.0,0.0,0.0,/89H,
Jorge Alfaro,32.0,WSN,NL,-0.3,14.0,39.0,39.0,3.0,10.0,2.0,0.0,0.0,3.0,1.0,0.0,0.0,14.0,0.256,0.256,0.308,0.564,60.0,0.271,66.0,12.0,0.0,0.0,0.0,0.0,0.0,2,
Jorge Barrosa#,24.0,ARI,NL,-0.7,33.0,77.0,71.0,8.0,10.0,3.0,0.0,1.0,7.0,0.0,0.0,2.0,22.0,0.141,0.169,0.225,0.394,8.0,0.17,-7.0,16.0,1.0,1.0,0.0,3.0,0.0,87/H9D,
Jorge Mateo,30.0,BAL,AL,-0.6,42.0,83.0,79.0,9.0,14.0,4.0,0.0,1.0,3.0,15.0,2.0,4.0,30.0,0.177,0.217,0.266,0.483,36.0,0.243,28.0,21.0,1.0,0.0,0.0,0.0,0.0,H68/4D517,
Jorge Polanco#,31.0,SEA,AL,2.6,138.0,524.0,471.0,64.0,125.0,30.0,0.0,26.0,78.0,6.0,3.0,42.0,82.0,0.265,0.326,0.495,0.821,134.0,0.348,134.0,233.0,7.0,3.0,3.0,5.0,1.0,D4H/53,
Jorge Soler,33.0,LAA,AL,-0.5,82.0,315.0,279.0,31.0,60.0,12.0,0.0,12.0,34.0,0.0,0.0,28.0,94.0,0.215,0.293,0.387,0.68,87.0,0.303,89.0,108.0,5.0,4.0,0.0,3.0,0.0,9D/H,
Jose A. Ferrer*,25.0,WSN,NL,0.0,1.0,0.0,0.0,0.0,0.0,0.0,0.0,0.0,0.0,0.0,0.0,0.0,0.0,,,,,,,,0.0,0.0,0.0,0.0,0.0,0.0,1,
Jose Altuve,35.0,HOU,AL,0.5,155.0,654.0,588.0,80.0,156.0,24.0,1.0,26.0,77.0,10.0,6.0,55.0,109.0,0.265,0.329,0.442,0.771,112.0,0.331,110.0,260.0,20.0,4.0,1.0,6.0,5.0,4D7/H,
Jose Barrero,27.0,STL,NL,-0.1,22.0,31.0,29.0,4.0,4.0,1.0,0.0,1.0,3.0,0.0,0.0,1.0,9.0,0.138,0.194,0.276,0.469,31.0,0.21,26.0,8.0,0.0,1.0,0.0,0.0,0.0,/H48695,
Jose Iglesias,35.0,SDP,NL,-0.7,112.0,343.0,306.0,29.0,70.0,11.0,0.0,3.0,36.0,5.0,1.0,24.0,56.0,0.229,0.298,0.294,0.592,66.0,0.288,74.0,90.0,7.0,7.0,4.0,2.0,0.0,465HD/7,
Jose Siri,29.0,NYM,NL,-0.5,16.0,36.0,32.0,7.0,2.0,2.0,0.0,0.0,1.0,2.0,0.0,4.0,17.0,0.063,0.167,0.125,0.292,-15.0,0.16,-17.0,4.0,0.0,0.0,0.0,0.0,0.0,8/H,
Jose Trevino,32.0,CIN,NL,-0.2,93.0,302.0,282.0,30.0,67.0,20.0,0.0,4.0,22.0,0.0,0.0,15.0,39.0,0.238,0.272,0.351,0.623,68.0,0.278,63.0,99.0,9.0,0.0,1.0,4.0,0.0,2/D1H,
Josh Bell#,32.0,WSN,NL,0.4,140.0,533.0,468.0,54.0,111.0,16.0,1.0,22.0,63.0,0.0,3.0,57.0,88.0,0.237,0.325,0.417,0.741,110.0,0.327,110.0,195.0,15.0,5.0,0.0,3.0,1.0,D3H,
Josh Hader*,31.0,HOU,AL,0.0,1.0,0.0,0.0,0.0,0.0,0.0,0.0,0.0,0.0,0.0,0.0,0.0,0.0,,,,,,,,0.0,0.0,0.0,0.0,0.0,0.0,1,AS
Josh Jung,27.0,TEX,AL,1.4,131.0,511.0,482.0,53.0,121.0,23.0,1.0,14.0,61.0,4.0,1.0,27.0,129.0,0.251,0.294,0.39,0.684,100.0,0.301,102.0,188.0,10.0,2.0,0.0,0.0,0.0,*5/DH,
Josh Lowe*,27.0,TBR,AL,0.1,108.0,435.0,396.0,56.0,87.0,21.0,2.0,11.0,40.0,18.0,4.0,33.0,109.0,0.22,0.283,0.366,0.65,81.0,0.289,77.0,145.0,7.0,3.0,1.0,2.0,1.0,9/HD,
Josh Naylor*,28.0,2TM,2LG,3.1,147.0,604.0,543.0,81.0,160.0,29.0,1.0,20.0,92.0,30.0,2.0,48.0,83.0,0.295,0.353,0.462,0.816,128.0,0.365,128.0,251.0,17.0,4.0,0.0,5.0,4.0,*3D/H,
Josh Naylor*,28.0,ARI,NL,0.8,93.0,394.0,349.0,49.0,102.0,19.0,1.0,11.0,59.0,11.0,2.0,37.0,49.0,0.292,0.36,0.447,0.807,123.0,0.356,122.0,156.0,14.0,2.0,0.0,4.0,4.0,3D/H,
Josh Naylor*,28.0,SEA,AL,2.2,54.0,210.0,194.0,32.0,58.0,10.0,0.0,9.0,33.0,19.0,0.0,11.0,34.0,0.299,0.341,0.49,0.831,138.0,0.38,141.0,95.0,3.0,2.0,0.0,1.0,0.0,3/DH,
Josh Rojas*,31.0,CHW,AL,-1.5,69.0,211.0,189.0,14.0,34.0,9.0,0.0,2.0,11.0,4.0,1.0,19.0,48.0,0.18,0.252,0.259,0.512,45.0,0.246,48.0,49.0,6.0,0.0,1.0,2.0,0.0,54/7H,
Josh Smith*,27.0,TEX,AL,3.0,144.0,563.0,495.0,70.0,124.0,23.0,2.0,10.0,35.0,12.0,3.0,55.0,100.0,0.251,0.335,0.366,0.7,107.0,0.318,113.0,181.0,3.0,8.0,3.0,1.0,2.0,653HD/7948,
Joshua Palacios*,29.0,CHW,AL,-1.2,51.0,145.0,128.0,11.0,26.0,4.0,0.0,3.0,9.0,0.0,0.0,12.0,36.0,0.203,0.292,0.305,0.596,68.0,0.276,71.0,39.0,0.0,4.0,1.0,0.0,0.0,97/HD,
José Azócar,29.0,2TM,NL,0.0,14.0,21.0,19.0,5.0,5.0,0.0,0.0,0.0,1.0,1.0,0.0,2.0,1.0,0.263,0.333,0.263,0.596,73.0,0.288,74.0,5.0,0.0,0.0,0.0,0.0,0.0,/H978D,
José Azócar,29.0,NYM,NL,0.0,12.0,20.0,18.0,5.0,5.0,0.0,0.0,0.0,1.0,1.0,0.0,2.0,1.0,0.278,0.35,0.278,0.628,83.0,0.302,84.0,5.0,0.0,0.0,0.0,0.0,0.0,/H789,
José Azócar,29.0,ATL,NL,0.0,2.0,1.0,1.0,0.0,0.0,0.0,0.0,0.0,0.0,0.0,0.0,0.0,0.0,0.0,0.0,0.0,0.0,-100.0,0.0,-117.0,0.0,0.0,0.0,0.0,0.0,0.0,/H9D,
José Caballero,28.0,2TM,AL,2.9,126.0,370.0,314.0,52.0,74.0,18.0,1.0,5.0,36.0,49.0,11.0,47.0,98.0,0.236,0.339,0.347,0.686,94.0,0.331,100.0,109.0,1.0,3.0,4.0,2.0,0.0,6954H7/D81,
José Caballero,28.0,TBR,AL,1.8,86.0,275.0,235.0,37.0,53.0,12.0,1.0,2.0,27.0,34.0,8.0,33.0,80.0,0.226,0.327,0.311,0.638,81.0,0.309,85.0,73.0,1.0,3.0,3.0,1.0,0.0,6594H/78D1,
José Caballero,28.0,NYY,AL,1.2,40.0,95.0,79.0,15.0,21.0,6.0,0.0,3.0,9.0,15.0,3.0,14.0,18.0,0.266,0.372,0.456,0.828,131.0,0.396,144.0,36.0,0.0,0.0,1.0,1.0,0.0,965/H47D,
José Castillo*,29.0,SEA,AL,0.0,1.0,0.0,0.0,0.0,0.0,0.0,0.0,0.0,0.0,0.0,0.0,0.0,0.0,,,,,,,,0.0,0.0,0.0,0.0,0.0,0.0,/1,
José Fermín,26.0,STL,NL,0.8,30.0,70.0,60.0,5.0,17.0,5.0,0.0,1.0,9.0,2.0,2.0,8.0,10.0,0.283,0.377,0.417,0.793,125.0,0.358,137.0,25.0,0.0,1.0,1.0,0.0,0.0,4/H579D,
José Herrera#,28.0,ARI,NL,0.0,57.0,204.0,166.0,21.0,31.0,6.0,0.0,2.0,17.0,0.0,0.0,23.0,47.0,0.187,0.285,0.259,0.544,53.0,0.254,49.0,43.0,2.0,1.0,11.0,3.0,0.0,2/1,
José Miranda,27.0,MIN,AL,-0.3,12.0,36.0,36.0,2.0,6.0,0.0,0.0,1.0,5.0,0.0,0.0,0.0,13.0,0.167,0.167,0.25,0.417,13.0,0.177,-4.0,9.0,0.0,0.0,0.0,0.0,0.0,5/H,
José Ramírez#,32.0,CLE,AL,5.8,158.0,673.0,593.0,103.0,168.0,34.0,3.0,30.0,85.0,44.0,7.0,66.0,74.0,0.283,0.36,0.503,0.863,137.0,0.372,134.0,298.0,9.0,8.0,0.0,5.0,22.0,*5D,"AS,MVP-3,SS"
José Tena*,24.0,WSN,NL,0.3,50.0,169.0,152.0,19.0,37.0,13.0,2.0,0.0,16.0,3.0,1.0,15.0,37.0,0.243,0.314,0.355,0.669,91.0,0.297,88.0,54.0,4.0,1.0,0.0,1.0,0.0,5/4HD,
Juan Mejia,24.0,COL,NL,0.0,2.0,0.0,0.0,0.0,0.0,0.0,0.0,0.0,0.0,0.0,0.0,0.0,0.0,,,,,,,,0.0,0.0,0.0,0.0,0.0,0.0,1,
Juan Morillo,26.0,ARI,NL,0.0,2.0,0.0,0.0,0.0,0.0,0.0,0.0,0.0,0.0,0.0,0.0,0.0,0.0,,,,,,,,0.0,0.0,0.0,0.0,0.0,0.0,1,
Juan Soto*,26.0,NYM,NL,6.2,160.0,715.0,577.0,120.0,152.0,20.0,1.0,43.0,105.0,38.0,4.0,127.0,137.0,0.263,0.396,0.525,0.921,160.0,0.41,163.0,303.0,17.0,3.0,1.0,6.0,13.0,*9/D,"MVP-3,SS"
Julio Rodríguez,24.0,SEA,AL,6.8,160.0,710.0,652.0,106.0,174.0,31.0,4.0,32.0,95.0,30.0,6.0,44.0,152.0,0.267,0.324,0.474,0.798,128.0,0.353,133.0,309.0,15.0,12.0,0.0,2.0,5.0,*8/DH,"AS,MVP-6"
Jung Hoo Lee*,26.0,SFG,NL,1.7,150.0,617.0,560.0,73.0,149.0,31.0,12.0,8.0,55.0,10.0,3.0,47.0,71.0,0.266,0.327,0.407,0.735,110.0,0.329,112.0,228.0,2.0,6.0,0.0,4.0,0.0,*8/HD,
Junior Caminero,21.0,TBR,AL,4.4,154.0,653.0,602.0,93.0,159.0,28.0,0.0,45.0,110.0,7.0,1.0,41.0,125.0,0.264,0.311,0.535,0.846,131.0,0.366,136.0,322.0,31.0,3.0,0.0,7.0,1.0,*5/DH3,"AS,MVP-9"
Jurickson Profar#,32.0,ATL,NL,1.1,80.0,371.0,318.0,56.0,78.0,16.0,1.0,14.0,43.0,9.0,2.0,48.0,59.0,0.245,0.353,0.434,0.787,121.0,0.355,125.0,138.0,4.0,5.0,0.0,0.0,0.0,7/D,
Justin Dean,28.0,LAD,NL,0.0,18.0,2.0,2.0,0.0,0.0,0.0,0.0,0.0,0.0,1.0,0.0,0.0,1.0,0.0,0.0,0.0,0.0,-100.0,0.122,-126.0,0.0,0.0,0.0,0.0,0.0,0.0,8/H,
Justin Foscue,26.0,TEX,AL,-0.1,4.0,9.0,9.0,0.0,1.0,1.0,0.0,0.0,2.0,0.0,0.0,0.0,3.0,0.111,0.111,0.222,0.333,-5.0,0.138,-17.0,2.0,0.0,0.0,0.0,0.0,0.0,/3DH,
Justin Martínez,23.0,ARI,NL,0.0,2.0,0.0,0.0,0.0,0.0,0.0,0.0,0.0,0.0,0.0,0.0,0.0,0.0,,,,,,,,0.0,0.0,0.0,0.0,0.0,0.0,1,
Justin Turner,40.0,CHC,NL,-0.1,80.0,191.0,169.0,14.0,37.0,7.0,0.0,3.0,18.0,2.0,0.0,17.0,37.0,0.219,0.288,0.314,0.602,75.0,0.282,81.0,53.0,3.0,1.0,0.0,4.0,0.0,3HD5,
Justyn-Henry Malloy,25.0,DET,AL,-0.2,52.0,127.0,104.0,15.0,23.0,6.0,0.0,1.0,17.0,0.0,0.0,20.0,32.0,0.221,0.346,0.308,0.654,85.0,0.303,90.0,32.0,1.0,1.0,0.0,2.0,0.0,DH9/73,
Kaleb Ort,33.0,HOU,AL,0.0,2.0,0.0,0.0,0.0,0.0,0.0,0.0,0.0,0.0,0.0,0.0,0.0,0.0,,,,,,,,0.0,0.0,0.0,0.0,0.0,0.0,1,
Kameron Misner*,27.0,TBR,AL,0.7,71.0,217.0,197.0,27.0,42.0,9.0,1.0,5.0,22.0,8.0,1.0,16.0,69.0,0.213,0.273,0.345,0.618,72.0,0.279,69.0,68.0,1.0,1.0,1.0,2.0,0.0,89/7HD,
Ke'Bryan Hayes,28.0,2TM,NL,1.5,152.0,570.0,527.0,50.0,124.0,16.0,3.0,5.0,49.0,12.0,3.0,36.0,111.0,0.235,0.29,0.306,0.595,65.0,0.275,64.0,161.0,12.0,5.0,1.0,1.0,1.0,*5/H,GG
Ke'Bryan Hayes,28.0,PIT,NL,1.2,100.0,392.0,369.0,34.0,87.0,10.0,2.0,2.0,36.0,10.0,2.0,18.0,81.0,0.236,0.279,0.29,0.569,59.0,0.264,58.0,107.0,8.0,4.0,1.0,0.0,1.0,5/H,
Ke'Bryan Hayes,28.0,CIN,NL,0.3,52.0,178.0,158.0,16.0,37.0,6.0,1.0,3.0,13.0,2.0,1.0,18.0,30.0,0.234,0.315,0.342,0.656,78.0,0.299,79.0,54.0,4.0,1.0,0.0,1.0,0.0,5,
Keegan Akin*,30.0,BAL,AL,0.0,2.0,0.0,0.0,0.0,0.0,0.0,0.0,0.0,0.0,0.0,0.0,0.0,0.0,,,,,,,,0.0,0.0,0.0,0.0,0.0,0.0,1,
Keibert Ruiz#,26.0,WSN,NL,0.8,68.0,267.0,255.0,19.0,63.0,12.0,0.0,2.0,25.0,0.0,2.0,8.0,26.0,0.247,0.277,0.318,0.595,69.0,0.271,73.0,81.0,4.0,3.0,0.0,1.0,0.0,2/H,
Kenedy Corona,25.0,HOU,AL,0.0,3.0,4.0,2.0,0.0,0.0,0.0,0.0,0.0,0.0,0.0,0.0,2.0,1.0,0.0,0.5,0.0,0.5,58.0,0.343,118.0,0.0,0.0,0.0,0.0,0.0,0.0,/8H,
Kenley Jansen#,37.0,LAA,AL,0.0,1.0,0.0,0.0,0.0,0.0,0.0,0.0,0.0,0.0,0.0,0.0,0.0,0.0,,,,,,,,0.0,0.0,0.0,0.0,0.0,0.0,1,
Kerry Carpenter*,27.0,DET,AL,1.8,130.0,464.0,433.0,66.0,109.0,18.0,5.0,26.0,62.0,1.0,1.0,18.0,106.0,0.252,0.291,0.497,0.788,114.0,0.335,114.0,215.0,3.0,7.0,0.0,2.0,0.0,9D7H,
Keston Hiura,28.0,COL,NL,0.0,8.0,21.0,18.0,3.0,4.0,1.0,0.0,0.0,1.0,0.0,0.0,0.0,7.0,0.222,0.333,0.278,0.611,66.0,0.292,70.0,5.0,0.0,3.0,0.0,0.0,0.0,/3,
Ketel Marte#,31.0,ARI,NL,4.4,126.0,556.0,480.0,87.0,136.0,28.0,0.0,28.0,72.0,4.0,2.0,64.0,83.0,0.283,0.376,0.517,0.893,145.0,0.381,142.0,248.0,12.0,9.0,0.0,3.0,6.0,4D/H,"AS,MVP-22,SS"
Kevin Alcántara,22.0,CHC,NL,0.1,10.0,12.0,11.0,2.0,4.0,0.0,0.0,0.0,1.0,1.0,0.0,1.0,4.0,0.364,0.417,0.364,0.78,130.0,0.379,137.0,4.0,0.0,0.0,0.0,0.0,0.0,/8H7D9,
Kevin Kelly,27.0,TBR,AL,0.0,1.0,0.0,0.0,0.0,0.0,0.0,0.0,0.0,0.0,0.0,0.0,0.0,0.0,,,,,,,,0.0,0.0,0.0,0.0,0.0,0.0,1,
Kevin Newman,31.0,LAA,AL,-0.9,56.0,116.0,114.0,13.0,23.0,2.0,0.0,2.0,11.0,1.0,0.0,1.0,23.0,0.202,0.209,0.272,0.481,33.0,0.233,37.0,31.0,5.0,0.0,1.0,0.0,0.0,56/4H13,
Kevin Pillar,36.0,TEX,AL,-0.1,20.0,43.0,43.0,6.0,9.0,2.0,0.0,0.0,1.0,3.0,0.0,0.0,8.0,0.209,0.209,0.256,0.465,37.0,0.213,26.0,11.0,0.0,0.0,0.0,0.0,0.0,/8H9D7,
Kiké Hernández,33.0,LAD,NL,0.2,92.0,256.0,232.0,30.0,47.0,8.0,0.0,10.0,35.0,0.0,0.0,18.0,68.0,0.203,0.255,0.366,0.621,72.0,0.276,71.0,85.0,7.0,0.0,1.0,5.0,0.0,357H4/81D,
Kody Clemens*,29.0,2TM,2LG,1.0,119.0,386.0,348.0,46.0,74.0,12.0,4.0,19.0,52.0,5.0,1.0,29.0,93.0,0.213,0.281,0.434,0.715,94.0,0.306,88.0,151.0,4.0,5.0,2.0,2.0,1.0,34H79/18D,
Kody Clemens*,29.0,PHI,NL,-0.1,7.0,7.0,6.0,0.0,0.0,0.0,0.0,0.0,0.0,0.0,0.0,1.0,0.0,0.0,0.143,0.0,0.143,-56.0,0.1,-60.0,0.0,0.0,0.0,0.0,0.0,0.0,/H47D,
Kody Clemens*,29.0,MIN,AL,1.2,112.0,379.0,342.0,46.0,74.0,12.0,4.0,19.0,52.0,5.0,1.0,28.0,93.0,0.216,0.284,0.442,0.725,96.0,0.31,91.0,151.0,4.0,5.0,2.0,2.0,1.0,3497H/18,
Kody Funderburk*,28.0,MIN,AL,0.0,1.0,0.0,0.0,0.0,0.0,0.0,0.0,0.0,0.0,0.0,0.0,0.0,0.0,,,,,,,,0.0,0.0,0.0,0.0,0.0,0.0,1,
Konnor Pilkington*,27.0,WSN,NL,0.0,1.0,0.0,0.0,0.0,0.0,0.0,0.0,0.0,0.0,0.0,0.0,0.0,0.0,,,,,,,,0.0,0.0,0.0,0.0,0.0,0.0,1,
Korey Lee,26.0,CHW,AL,0.3,25.0,40.0,35.0,10.0,9.0,3.0,0.0,1.0,3.0,0.0,0.0,4.0,7.0,0.257,0.333,0.429,0.762,112.0,0.375,145.0,15.0,1.0,0.0,1.0,0.0,0.0,2H/D17,
Kris Bryant,33.0,COL,NL,-0.5,11.0,41.0,39.0,2.0,6.0,2.0,0.0,0.0,1.0,0.0,0.0,2.0,13.0,0.154,0.195,0.205,0.4,7.0,0.183,-7.0,8.0,1.0,0.0,0.0,0.0,0.0,D/H,
Kristian Campbell,23.0,BOS,AL,-1.0,67.0,263.0,229.0,24.0,51.0,10.0,0.0,6.0,21.0,2.0,1.0,29.0,72.0,0.223,0.319,0.345,0.664,86.0,0.299,88.0,79.0,1.0,4.0,0.0,1.0,0.0,4/8H7D,
Kyle Backhus*,27.0,ARI,NL,0.0,1.0,0.0,0.0,0.0,0.0,0.0,0.0,0.0,0.0,0.0,0.0,0.0,0.0,,,,,,,,0.0,0.0,0.0,0.0,0.0,0.0,1,
Kyle Farmer,34.0,COL,NL,-0.8,97.0,300.0,277.0,24.0,63.0,14.0,0.0,8.0,31.0,0.0,1.0,17.0,66.0,0.227,0.28,0.365,0.645,71.0,0.288,68.0,101.0,9.0,4.0,0.0,2.0,0.0,4D3H65/1,
Kyle Higashioka,35.0,TEX,AL,1.6,94.0,327.0,303.0,33.0,73.0,14.0,1.0,11.0,47.0,3.0,1.0,20.0,72.0,0.241,0.291,0.403,0.693,102.0,0.305,105.0,122.0,5.0,2.0,0.0,2.0,0.0,2D/H,
Kyle Isbel*,28.0,KCR,AL,1.6,135.0,409.0,368.0,42.0,94.0,16.0,4.0,4.0,33.0,4.0,5.0,23.0,74.0,0.255,0.301,0.353,0.654,83.0,0.284,80.0,130.0,7.0,2.0,13.0,3.0,0.0,*8/H,
Kyle Karros,22.0,COL,NL,0.0,43.0,156.0,137.0,20.0,31.0,4.0,0.0,1.0,9.0,0.0,0.0,15.0,41.0,0.226,0.308,0.277,0.585,58.0,0.274,57.0,38.0,5.0,2.0,0.0,2.0,0.0,5/DH,
Kyle Manzardo*,24.0,CLE,AL,0.4,142.0,531.0,470.0,47.0,110.0,19.0,2.0,27.0,70.0,2.0,0.0,48.0,135.0,0.234,0.313,0.455,0.768,110.0,0.331,109.0,214.0,7.0,8.0,0.0,5.0,2.0,D3H,
Kyle Schwarber*,32.0,PHI,NL,4.7,162.0,724.0,604.0,111.0,145.0,23.0,2.0,56.0,132.0,10.0,2.0,108.0,197.0,0.24,0.365,0.563,0.928,150.0,0.396,149.0,340.0,4.0,11.0,0.0,1.0,6.0,*D/7,"AS,MVP-2"
Kyle Stowers*,27.0,MIA,NL,3.6,117.0,457.0,399.0,61.0,115.0,21.0,3.0,25.0,73.0,5.0,1.0,48.0,125.0,0.288,0.368,0.544,0.912,149.0,0.391,148.0,217.0,6.0,5.0,1.0,4.0,3.0,79H8/D,AS
Kyle Teel*,23.0,CHW,AL,1.9,78.0,297.0,253.0,38.0,69.0,11.0,0.0,8.0,35.0,3.0,1.0,37.0,77.0,0.273,0.375,0.411,0.786,121.0,0.353,128.0,104.0,1.0,5.0,1.0,1.0,0.0,2D/H7,
Kyle Tucker*,28.0,CHC,NL,4.6,136.0,597.0,500.0,91.0,133.0,25.0,4.0,22.0,73.0,25.0,3.0,87.0,88.0,0.266,0.377,0.464,0.841,143.0,0.375,143.0,232.0,8.0,4.0,1.0,3.0,7.0,*9D/H,"AS,SS"
Kyren Paris,23.0,LAA,AL,0.7,44.0,140.0,126.0,20.0,24.0,4.0,1.0,6.0,11.0,7.0,1.0,10.0,59.0,0.19,0.266,0.381,0.647,77.0,0.302,83.0,48.0,1.0,3.0,0.0,0.0,0.0,84/H7D,
LaMonte Wade Jr.*,31.0,2TM,2LG,-1.7,80.0,242.0,209.0,19.0,35.0,8.0,2.0,2.0,18.0,1.0,0.0,27.0,58.0,0.167,0.271,0.254,0.524,51.0,0.247,52.0,53.0,2.0,3.0,2.0,1.0,1.0,39H/D7,
LaMonte Wade Jr.*,31.0,SFG,NL,-1.2,50.0,169.0,144.0,12.0,24.0,8.0,2.0,1.0,15.0,0.0,0.0,21.0,35.0,0.167,0.275,0.271,0.546,58.0,0.255,61.0,39.0,2.0,1.0,2.0,1.0,1.0,3/HD,
LaMonte Wade Jr.*,31.0,LAA,AL,-0.5,30.0,73.0,65.0,7.0,11.0,0.0,0.0,1.0,3.0,1.0,0.0,6.0,23.0,0.169,0.26,0.215,0.476,35.0,0.227,32.0,14.0,0.0,2.0,0.0,0.0,0.0,9/H37,
Lane Thomas,29.0,CLE,AL,-0.6,39.0,142.0,125.0,10.0,20.0,2.0,0.0,4.0,11.0,4.0,1.0,14.0,44.0,0.16,0.246,0.272,0.518,45.0,0.242,43.0,34.0,4.0,1.0,0.0,2.0,0.0,8/H9D,
Lars Nootbaar*,27.0,STL,NL,1.3,135.0,583.0,509.0,68.0,119.0,24.0,1.0,13.0,48.0,4.0,5.0,64.0,119.0,0.234,0.325,0.361,0.686,95.0,0.303,94.0,184.0,4.0,6.0,1.0,3.0,3.0,*798/HD,
Lawrence Butler*,24.0,ATH,AL,1.9,152.0,630.0,569.0,83.0,133.0,30.0,2.0,21.0,63.0,22.0,7.0,59.0,179.0,0.234,0.306,0.404,0.71,96.0,0.313,95.0,230.0,7.0,0.0,2.0,0.0,0.0,*98H,
Lenyn Sosa,25.0,CHW,AL,0.8,140.0,544.0,518.0,57.0,137.0,20.0,1.0,22.0,75.0,2.0,1.0,18.0,127.0,0.264,0.293,0.434,0.727,101.0,0.316,101.0,225.0,11.0,4.0,1.0,3.0,0.0,43D/H5,
Leo Jiménez,24.0,TOR,AL,-0.3,18.0,32.0,29.0,2.0,2.0,0.0,0.0,1.0,1.0,0.0,0.0,2.0,8.0,0.069,0.129,0.172,0.301,-18.0,0.167,-15.0,5.0,1.0,0.0,1.0,0.0,0.0,4/H6D,
Leo Rivas#,27.0,SEA,AL,0.8,48.0,111.0,90.0,19.0,22.0,2.0,0.0,2.0,9.0,6.0,0.0,20.0,24.0,0.244,0.387,0.333,0.721,113.0,0.343,120.0,30.0,1.0,1.0,0.0,0.0,0.0,4H/6D5179,
Leody Taveras#,26.0,2TM,AL,-0.5,58.0,180.0,171.0,13.0,35.0,6.0,1.0,3.0,17.0,9.0,3.0,5.0,50.0,0.205,0.226,0.304,0.53,54.0,0.236,50.0,52.0,0.0,0.0,3.0,1.0,0.0,89/H,
Leody Taveras#,26.0,TEX,AL,0.1,30.0,82.0,79.0,7.0,19.0,3.0,1.0,1.0,8.0,6.0,1.0,2.0,23.0,0.241,0.259,0.342,0.601,76.0,0.268,70.0,27.0,0.0,0.0,1.0,0.0,0.0,8/H,
Leody Taveras#,26.0,SEA,AL,-0.6,28.0,98.0,92.0,6.0,16.0,3.0,0.0,2.0,9.0,3.0,2.0,3.0,27.0,0.174,0.198,0.272,0.47,35.0,0.21,33.0,25.0,0.0,0.0,2.0,1.0,0.0,9/8H,
Liam Hicks*,26.0,MIA,NL,1.3,119.0,390.0,332.0,37.0,82.0,13.0,1.0,6.0,45.0,2.0,0.0,43.0,56.0,0.247,0.346,0.346,0.693,94.0,0.32,98.0,115.0,5.0,9.0,3.0,3.0,0.0,23HD,
Liover Peguero,24.0,PIT,NL,0.2,33.0,88.0,80.0,9.0,16.0,1.0,0.0,4.0,8.0,4.0,0.0,6.0,25.0,0.2,0.273,0.363,0.635,75.0,0.302,79.0,29.0,3.0,2.0,0.0,0.0,0.0,6/3H4,
Logan Davidson#,27.0,2TM,AL,-0.6,19.0,47.0,42.0,3.0,7.0,2.0,0.0,1.0,4.0,0.0,0.0,3.0,22.0,0.167,0.222,0.286,0.508,40.0,0.218,24.0,12.0,1.0,0.0,2.0,0.0,0.0,3/H514,
Logan Davidson#,27.0,ATH,AL,-0.3,9.0,24.0,20.0,1.0,3.0,1.0,0.0,0.0,2.0,0.0,0.0,3.0,12.0,0.15,0.261,0.2,0.461,32.0,0.216,23.0,4.0,1.0,0.0,1.0,0.0,0.0,/35H4,
Logan Davidson#,27.0,LAA,AL,-0.3,10.0,23.0,22.0,2.0,4.0,1.0,0.0,1.0,2.0,0.0,0.0,0.0,10.0,0.182,0.182,0.364,0.545,46.0,0.22,26.0,8.0,0.0,0.0,1.0,0.0,0.0,/3H1,
Logan O'Hoppe,25.0,LAA,AL,-0.2,119.0,451.0,423.0,35.0,90.0,8.0,1.0,19.0,43.0,2.0,1.0,24.0,139.0,0.213,0.258,0.371,0.629,72.0,0.275,69.0,157.0,12.0,2.0,1.0,1.0,0.0,2H/D,
Logan Porter,29.0,SFG,NL,0.0,4.0,9.0,7.0,2.0,1.0,0.0,0.0,0.0,1.0,0.0,0.0,1.0,2.0,0.143,0.333,0.143,0.476,44.0,0.258,64.0,1.0,0.0,1.0,0.0,0.0,0.0,/21,
Lourdes Gurriel Jr.,31.0,ARI,NL,0.5,129.0,546.0,500.0,52.0,124.0,24.0,2.0,19.0,80.0,10.0,4.0,31.0,76.0,0.248,0.295,0.418,0.713,95.0,0.314,94.0,209.0,11.0,6.0,0.0,9.0,0.0,*7D/H,
Lucas Erceg*,30.0,KCR,AL,0.0,2.0,0.0,0.0,0.0,0.0,0.0,0.0,0.0,0.0,0.0,0.0,0.0,0.0,,,,,,,,0.0,0.0,0.0,0.0,0.0,0.0,1,
Luinder Avila,23.0,KCR,AL,0.0,1.0,0.0,0.0,0.0,0.0,0.0,0.0,0.0,0.0,0.0,0.0,0.0,0.0,,,,,,,,0.0,0.0,0.0,0.0,0.0,0.0,1,
Luis Arráez*,28.0,SDP,NL,1.2,154.0,675.0,620.0,66.0,181.0,30.0,4.0,8.0,61.0,11.0,4.0,34.0,21.0,0.292,0.327,0.392,0.719,99.0,0.318,97.0,243.0,12.0,2.0,12.0,7.0,0.0,*3D4/H,
Luis Campusano,26.0,SDP,NL,-0.4,10.0,27.0,21.0,0.0,0.0,0.0,0.0,0.0,0.0,0.0,0.0,6.0,11.0,0.0,0.222,0.0,0.222,-31.0,0.155,-18.0,0.0,2.0,0.0,0.0,0.0,0.0,/DH,
Luis Curvelo,24.0,TEX,AL,0.0,1.0,0.0,0.0,0.0,0.0,0.0,0.0,0.0,0.0,0.0,0.0,0.0,0.0,,,,,,,,0.0,0.0,0.0,0.0,0.0,0.0,1,
Luis García Jr.*,25.0,WSN,NL,0.4,139.0,526.0,488.0,67.0,123.0,28.0,1.0,16.0,66.0,14.0,5.0,27.0,84.0,0.252,0.289,0.412,0.701,97.0,0.31,96.0,201.0,7.0,2.0,0.0,9.0,1.0,*4H/3D,
Luis Guillorme*,30.0,HOU,AL,-0.2,12.0,21.0,20.0,2.0,3.0,0.0,0.0,0.0,0.0,0.0,0.0,1.0,8.0,0.15,0.19,0.15,0.34,-3.0,0.16,-15.0,3.0,2.0,0.0,0.0,0.0,0.0,/45H,
Luis Matos,23.0,SFG,NL,-0.2,57.0,184.0,172.0,26.0,38.0,9.0,1.0,8.0,22.0,4.0,0.0,11.0,27.0,0.221,0.266,0.424,0.691,95.0,0.306,93.0,73.0,5.0,0.0,0.0,1.0,0.0,97/8HD,
Luis Rengifo#,28.0,LAA,AL,0.4,147.0,541.0,501.0,55.0,119.0,16.0,3.0,9.0,43.0,10.0,7.0,33.0,104.0,0.238,0.287,0.335,0.622,73.0,0.276,72.0,168.0,7.0,3.0,1.0,3.0,0.0,54H/9768D,
Luis Robert Jr.,27.0,CHW,AL,1.4,110.0,431.0,382.0,52.0,85.0,12.0,0.0,14.0,53.0,33.0,8.0,40.0,112.0,0.223,0.297,0.364,0.661,85.0,0.307,88.0,139.0,8.0,2.0,1.0,3.0,3.0,8/DH,
Luis Torrens,29.0,NYM,NL,1.4,92.0,283.0,261.0,20.0,59.0,14.0,1.0,5.0,29.0,1.0,0.0,19.0,56.0,0.226,0.284,0.345,0.629,78.0,0.283,78.0,90.0,7.0,2.0,1.0,0.0,0.0,2H/1D3,
Luis Urías,28.0,ATH,AL,0.5,96.0,330.0,287.0,27.0,66.0,7.0,0.0,8.0,25.0,2.0,1.0,31.0,45.0,0.23,0.315,0.338,0.653,82.0,0.302,89.0,97.0,9.0,6.0,0.0,3.0,0.0,4/5H,
Luis Vázquez,25.0,BAL,AL,-0.5,32.0,53.0,50.0,6.0,8.0,1.0,0.0,1.0,3.0,2.0,0.0,3.0,14.0,0.16,0.208,0.24,0.448,27.0,0.206,17.0,12.0,0.0,0.0,0.0,0.0,0.0,56/H143D,
Luisangel Acuña,23.0,NYM,NL,0.6,95.0,193.0,175.0,30.0,41.0,7.0,0.0,0.0,8.0,16.0,1.0,13.0,37.0,0.234,0.293,0.274,0.567,63.0,0.273,59.0,48.0,6.0,2.0,2.0,1.0,0.0,4H/658,
Luke Keaschall,22.0,MIN,AL,2.0,49.0,207.0,182.0,25.0,55.0,14.0,0.0,4.0,28.0,14.0,3.0,19.0,29.0,0.302,0.382,0.445,0.827,128.0,0.377,135.0,81.0,4.0,5.0,0.0,1.0,0.0,4/D,ROY-9
Luke Maile,34.0,KCR,AL,0.0,25.0,54.0,45.0,6.0,11.0,2.0,0.0,1.0,6.0,1.0,0.0,7.0,16.0,0.244,0.346,0.356,0.702,98.0,0.318,99.0,16.0,1.0,0.0,2.0,0.0,0.0,2/H1,
Luke Raley*,30.0,SEA,AL,-0.3,73.0,219.0,183.0,23.0,37.0,8.0,0.0,4.0,19.0,2.0,1.0,19.0,64.0,0.202,0.319,0.311,0.631,85.0,0.294,94.0,57.0,2.0,13.0,3.0,1.0,0.0,93H/8D7,
Luke Williams,28.0,ATL,NL,-0.4,39.0,34.0,31.0,5.0,4.0,2.0,0.0,0.0,5.0,5.0,0.0,1.0,9.0,0.129,0.176,0.194,0.37,5.0,0.204,-4.0,6.0,2.0,1.0,0.0,1.0,0.0,6H/15D,
Luken Baker,28.0,STL,NL,-0.1,19.0,41.0,34.0,3.0,8.0,3.0,0.0,0.0,2.0,0.0,0.0,7.0,10.0,0.235,0.366,0.324,0.689,98.0,0.318,102.0,11.0,3.0,0.0,0.0,0.0,0.0,DH/3,
Maikel Garcia,25.0,KCR,AL,5.8,160.0,666.0,595.0,81.0,170.0,39.0,5.0,16.0,74.0,23.0,9.0,62.0,84.0,0.286,0.351,0.449,0.8,123.0,0.348,123.0,267.0,14.0,1.0,3.0,5.0,0.0,*564/8DH9,"AS,MVP-14,GG"
Manny Machado,32.0,SDP,NL,4.1,159.0,678.0,615.0,91.0,169.0,33.0,0.0,27.0,95.0,14.0,3.0,55.0,131.0,0.275,0.335,0.46,0.795,118.0,0.346,115.0,283.0,16.0,3.0,0.0,5.0,4.0,*5D,"AS,MVP-16,SS"
Manuel Margot,30.0,DET,AL,-0.1,6.0,20.0,19.0,1.0,6.0,0.0,0.0,0.0,3.0,0.0,0.0,0.0,6.0,0.316,0.3,0.316,0.616,72.0,0.262,60.0,6.0,0.0,0.0,0.0,1.0,0.0,/9H,
Marcell Ozuna,34.0,ATL,NL,1.6,145.0,592.0,487.0,61.0,113.0,19.0,0.0,21.0,68.0,0.0,0.0,94.0,144.0,0.232,0.355,0.4,0.756,113.0,0.342,118.0,195.0,11.0,3.0,0.0,7.0,2.0,*D/H,
Marcelo Mayer*,22.0,BOS,AL,0.2,44.0,136.0,127.0,20.0,29.0,8.0,1.0,4.0,10.0,0.0,2.0,8.0,41.0,0.228,0.272,0.402,0.674,85.0,0.288,85.0,51.0,2.0,0.0,0.0,1.0,0.0,5/4H6,
Marcus Semien,34.0,TEX,AL,3.3,127.0,534.0,470.0,62.0,108.0,16.0,1.0,15.0,62.0,11.0,1.0,50.0,93.0,0.23,0.305,0.364,0.669,97.0,0.301,100.0,171.0,8.0,5.0,0.0,9.0,0.0,*4,GG
Mark Canha,36.0,KCR,AL,-1.0,46.0,125.0,113.0,9.0,24.0,3.0,0.0,1.0,6.0,0.0,1.0,7.0,24.0,0.212,0.272,0.265,0.537,52.0,0.237,46.0,30.0,1.0,3.0,0.0,2.0,0.0,7H9/D3,
Mark Vientos,25.0,NYM,NL,-0.2,121.0,463.0,424.0,44.0,99.0,21.0,2.0,17.0,61.0,1.0,0.0,30.0,115.0,0.233,0.289,0.413,0.702,97.0,0.31,98.0,175.0,11.0,5.0,0.0,4.0,0.0,5D/H3,
Martín Maldonado,38.0,SDP,NL,-0.2,64.0,161.0,147.0,11.0,30.0,6.0,0.0,4.0,12.0,0.0,0.0,8.0,57.0,0.204,0.245,0.327,0.572,57.0,0.258,53.0,48.0,3.0,0.0,6.0,0.0,0.0,2,
Masataka Yoshida*,31.0,BOS,AL,0.2,55.0,205.0,188.0,16.0,50.0,11.0,0.0,4.0,26.0,3.0,0.0,10.0,24.0,0.266,0.307,0.388,0.696,93.0,0.32,100.0,73.0,3.0,3.0,0.0,4.0,0.0,D/H79,
Mason McCoy,30.0,SDP,NL,-0.1,18.0,26.0,22.0,5.0,3.0,1.0,0.0,0.0,1.0,2.0,0.0,3.0,7.0,0.136,0.269,0.182,0.451,29.0,0.272,52.0,4.0,0.0,1.0,0.0,0.0,0.0,6/H4D,
Masyn Winn,23.0,STL,NL,2.2,129.0,537.0,491.0,72.0,124.0,27.0,0.0,9.0,51.0,9.0,5.0,34.0,102.0,0.253,0.31,0.363,0.673,90.0,0.298,89.0,178.0,11.0,8.0,2.0,2.0,0.0,*6/H,GG
Matt Bowman,34.0,BAL,AL,0.0,1.0,0.0,0.0,0.0,0.0,0.0,0.0,0.0,0.0,0.0,0.0,0.0,0.0,,,,,,,,0.0,0.0,0.0,0.0,0.0,0.0,1,
Matt Chapman,32.0,SFG,NL,4.1,128.0,535.0,454.0,76.0,105.0,23.0,2.0,21.0,61.0,9.0,4.0,71.0,126.0,0.231,0.34,0.43,0.77,120.0,0.341,122.0,195.0,8.0,6.0,0.0,4.0,1.0,*5,
Matt Festa,32.0,CLE,AL,0.0,1.0,0.0,0.0,0.0,0.0,0.0,0.0,0.0,0.0,0.0,0.0,0.0,0.0,,,,,,,,0.0,0.0,0.0,0.0,0.0,0.0,1,
Matt Gorski,27.0,PIT,NL,-0.3,15.0,42.0,41.0,2.0,8.0,0.0,1.0,2.0,4.0,0.0,1.0,1.0,16.0,0.195,0.214,0.39,0.605,64.0,0.241,52.0,16.0,1.0,0.0,0.0,0.0,0.0,3/H87,
Matt McLain,25.0,CIN,NL,0.0,147.0,577.0,510.0,73.0,112.0,18.0,0.0,15.0,50.0,18.0,2.0,55.0,167.0,0.22,0.3,0.343,0.643,74.0,0.297,73.0,175.0,8.0,5.0,3.0,4.0,0.0,*4/6HD,
Matt Mervis*,27.0,MIA,NL,-0.7,42.0,134.0,120.0,15.0,21.0,4.0,0.0,7.0,14.0,0.0,0.0,11.0,50.0,0.175,0.254,0.383,0.637,74.0,0.288,76.0,46.0,1.0,2.0,0.0,1.0,1.0,3D/H,
Matt Olson*,31.0,ATL,NL,6.0,162.0,724.0,624.0,98.0,170.0,41.0,2.0,29.0,95.0,1.0,0.0,91.0,176.0,0.272,0.366,0.484,0.85,138.0,0.368,136.0,302.0,14.0,4.0,0.0,5.0,2.0,*3,"AS,MVP-18,GG"
Matt Shaw,23.0,CHC,NL,3.1,126.0,437.0,393.0,57.0,89.0,21.0,3.0,13.0,44.0,17.0,5.0,38.0,94.0,0.226,0.295,0.394,0.69,98.0,0.309,99.0,155.0,2.0,2.0,0.0,4.0,0.0,*5/H4,ROY-9
Matt Thaiss*,30.0,2TM,AL,1.2,60.0,190.0,156.0,16.0,34.0,6.0,1.0,1.0,16.0,1.0,1.0,29.0,46.0,0.218,0.349,0.288,0.638,83.0,0.299,89.0,45.0,2.0,3.0,1.0,1.0,0.0,2/H3D,
Matt Thaiss*,30.0,CHW,AL,1.1,35.0,110.0,85.0,11.0,18.0,4.0,0.0,1.0,8.0,1.0,1.0,23.0,21.0,0.212,0.382,0.294,0.676,94.0,0.323,108.0,25.0,2.0,1.0,0.0,1.0,0.0,2/H3D,
Matt Thaiss*,30.0,TBR,AL,0.1,25.0,80.0,71.0,5.0,16.0,2.0,1.0,0.0,8.0,0.0,0.0,6.0,25.0,0.225,0.304,0.282,0.585,66.0,0.265,63.0,20.0,0.0,2.0,1.0,0.0,0.0,2/3H,
Matt Vierling,28.0,DET,AL,-0.3,31.0,100.0,88.0,6.0,21.0,3.0,0.0,1.0,11.0,2.0,0.0,7.0,24.0,0.239,0.31,0.307,0.617,73.0,0.281,70.0,27.0,1.0,3.0,0.0,2.0,0.0,8/7H59D,
Matt Wallner*,27.0,MIN,AL,0.6,104.0,392.0,336.0,47.0,68.0,16.0,3.0,22.0,40.0,4.0,3.0,46.0,114.0,0.202,0.311,0.464,0.776,110.0,0.337,113.0,156.0,3.0,8.0,0.0,2.0,0.0,9D/H,
Matthew Lugo,24.0,LAA,AL,-0.5,31.0,70.0,69.0,9.0,16.0,2.0,1.0,4.0,9.0,0.0,0.0,0.0,24.0,0.232,0.243,0.464,0.707,90.0,0.295,83.0,32.0,3.0,1.0,0.0,0.0,0.0,8H/97,
Mauricio Dubón,30.0,HOU,AL,1.7,133.0,398.0,369.0,43.0,89.0,21.0,0.0,7.0,33.0,3.0,0.0,24.0,42.0,0.241,0.289,0.355,0.644,78.0,0.281,72.0,131.0,12.0,1.0,3.0,1.0,0.0,74658H/39,GG
Maverick Handley,27.0,BAL,AL,-0.9,16.0,47.0,41.0,2.0,3.0,0.0,0.0,0.0,3.0,0.0,0.0,2.0,18.0,0.073,0.133,0.073,0.207,-39.0,0.103,-59.0,3.0,0.0,1.0,2.0,1.0,0.0,2/H,
Max Kepler*,32.0,PHI,NL,0.1,127.0,474.0,417.0,58.0,90.0,19.0,0.0,18.0,52.0,3.0,0.0,48.0,93.0,0.216,0.3,0.391,0.691,88.0,0.303,83.0,163.0,10.0,4.0,1.0,4.0,3.0,*79H/8,
Max Muncy,22.0,ATH,AL,0.0,63.0,220.0,206.0,17.0,44.0,7.0,0.0,9.0,23.0,1.0,1.0,10.0,68.0,0.214,0.259,0.379,0.638,75.0,0.276,71.0,78.0,1.0,3.0,0.0,1.0,0.0,54/6H,
Max Muncy*,34.0,LAD,NL,3.6,100.0,388.0,313.0,48.0,76.0,10.0,2.0,19.0,67.0,4.0,0.0,64.0,83.0,0.243,0.376,0.47,0.846,136.0,0.37,136.0,147.0,4.0,6.0,0.0,5.0,2.0,5H,
Max Schuemann,28.0,ATH,AL,0.2,101.0,213.0,183.0,20.0,36.0,4.0,2.0,2.0,13.0,7.0,1.0,22.0,35.0,0.197,0.295,0.273,0.568,60.0,0.273,63.0,50.0,6.0,4.0,3.0,1.0,0.0,45H6/789D,
Maximo Acosta,22.0,MIA,NL,0.0,19.0,61.0,54.0,7.0,11.0,1.0,0.0,3.0,5.0,1.0,2.0,6.0,17.0,0.204,0.295,0.389,0.684,88.0,0.305,97.0,21.0,0.0,1.0,0.0,0.0,0.0,5/46,
Michael A. Taylor,34.0,CHW,AL,0.1,134.0,325.0,295.0,33.0,59.0,20.0,1.0,9.0,35.0,8.0,3.0,23.0,110.0,0.2,0.259,0.366,0.625,73.0,0.268,65.0,108.0,7.0,1.0,4.0,2.0,1.0,*879H/D,
Michael Busch*,27.0,CHC,NL,4.6,155.0,592.0,524.0,78.0,137.0,25.0,5.0,34.0,90.0,4.0,0.0,56.0,139.0,0.261,0.343,0.523,0.866,147.0,0.376,148.0,274.0,2.0,10.0,0.0,2.0,2.0,*3H/D,MVP-16
Michael Conforto*,32.0,LAD,NL,-0.7,138.0,486.0,418.0,54.0,83.0,20.0,0.0,12.0,36.0,1.0,0.0,56.0,121.0,0.199,0.305,0.333,0.637,79.0,0.289,79.0,139.0,12.0,9.0,0.0,3.0,0.0,*7H,
Michael Harris II*,24.0,ATL,NL,2.2,160.0,641.0,611.0,55.0,152.0,26.0,6.0,20.0,86.0,20.0,6.0,16.0,128.0,0.249,0.268,0.409,0.678,88.0,0.295,83.0,250.0,7.0,3.0,4.0,7.0,1.0,*8/H,
Michael Helman,29.0,TEX,AL,1.0,38.0,110.0,99.0,18.0,23.0,5.0,1.0,5.0,20.0,4.0,0.0,7.0,21.0,0.232,0.29,0.455,0.744,115.0,0.33,118.0,45.0,0.0,1.0,3.0,0.0,0.0,8/H6,
Michael Kelly,32.0,ATH,AL,0.0,1.0,0.0,0.0,0.0,0.0,0.0,0.0,0.0,0.0,0.0,0.0,0.0,0.0,,,,,,,,0.0,0.0,0.0,0.0,0.0,0.0,1,
Michael Massey*,27.0,KCR,AL,-0.1,77.0,277.0,262.0,20.0,64.0,9.0,0.0,3.0,20.0,2.0,1.0,9.0,43.0,0.244,0.268,0.313,0.581,63.0,0.255,57.0,82.0,3.0,1.0,1.0,4.0,0.0,47/HD,
Michael Siani*,25.0,STL,NL,-0.1,19.0,19.0,17.0,4.0,4.0,0.0,0.0,0.0,0.0,0.0,0.0,2.0,7.0,0.235,0.316,0.235,0.551,60.0,0.263,63.0,4.0,0.0,0.0,0.0,0.0,0.0,8/H,
Michael Stefanic,29.0,TOR,AL,0.0,9.0,25.0,22.0,1.0,4.0,0.0,0.0,0.0,0.0,0.0,0.0,3.0,3.0,0.182,0.28,0.182,0.462,32.0,0.221,28.0,4.0,0.0,0.0,0.0,0.0,0.0,/4H16,
Michael Toglia#,26.0,COL,NL,-1.7,88.0,337.0,306.0,22.0,58.0,15.0,1.0,11.0,32.0,3.0,0.0,28.0,132.0,0.19,0.258,0.353,0.611,61.0,0.272,54.0,108.0,7.0,1.0,0.0,2.0,2.0,3/DH,
Mickey Gasper#,29.0,MIN,AL,-0.3,45.0,110.0,95.0,15.0,15.0,1.0,0.0,2.0,11.0,2.0,0.0,10.0,20.0,0.158,0.257,0.232,0.488,37.0,0.248,44.0,22.0,1.0,3.0,1.0,1.0,0.0,2HD/347,
Mickey Moniak*,27.0,COL,NL,-0.6,135.0,461.0,434.0,62.0,117.0,20.0,8.0,24.0,68.0,9.0,3.0,22.0,110.0,0.27,0.306,0.518,0.824,115.0,0.349,110.0,225.0,4.0,2.0,0.0,3.0,1.0,*98H7D,
Miguel Amaya,26.0,CHC,NL,1.1,28.0,103.0,96.0,14.0,27.0,9.0,0.0,4.0,25.0,0.0,0.0,4.0,22.0,0.281,0.314,0.5,0.814,131.0,0.363,140.0,48.0,0.0,1.0,1.0,1.0,0.0,2/DH,
Miguel Andujar,30.0,2TM,2LG,0.8,94.0,341.0,321.0,36.0,102.0,17.0,1.0,10.0,44.0,1.0,0.0,17.0,49.0,0.318,0.352,0.47,0.822,125.0,0.355,124.0,151.0,8.0,1.0,0.0,2.0,1.0,57DH/39,
Miguel Andujar,30.0,ATH,AL,0.2,60.0,231.0,218.0,22.0,65.0,10.0,1.0,6.0,27.0,1.0,0.0,11.0,30.0,0.298,0.329,0.436,0.765,111.0,0.33,108.0,95.0,5.0,0.0,0.0,2.0,1.0,57/H9D3,
Miguel Andujar,30.0,CIN,NL,0.6,34.0,110.0,103.0,14.0,37.0,7.0,0.0,4.0,17.0,0.0,0.0,6.0,19.0,0.359,0.4,0.544,0.944,153.0,0.407,155.0,56.0,3.0,1.0,0.0,0.0,0.0,DH/37,
Miguel Rojas,36.0,LAD,NL,2.1,114.0,317.0,290.0,35.0,76.0,18.0,0.0,7.0,27.0,5.0,0.0,24.0,46.0,0.262,0.318,0.397,0.715,100.0,0.319,98.0,115.0,7.0,0.0,3.0,0.0,1.0,456H/13,
Miguel Vargas,25.0,CHW,AL,1.9,138.0,569.0,504.0,80.0,118.0,32.0,2.0,16.0,60.0,6.0,0.0,56.0,100.0,0.234,0.316,0.401,0.717,100.0,0.315,98.0,202.0,9.0,6.0,0.0,3.0,0.0,53/DH7,
Mike Tauchman*,34.0,CHW,AL,1.9,93.0,385.0,335.0,44.0,88.0,17.0,1.0,9.0,40.0,0.0,0.0,45.0,86.0,0.263,0.356,0.4,0.756,112.0,0.339,117.0,134.0,5.0,4.0,0.0,1.0,0.0,9D/H,
Mike Trout,33.0,LAA,AL,1.5,130.0,556.0,456.0,73.0,106.0,14.0,1.0,26.0,64.0,2.0,0.0,87.0,178.0,0.232,0.359,0.439,0.797,121.0,0.341,117.0,200.0,7.0,6.0,0.0,6.0,10.0,D9/H,
Mike Yastrzemski*,34.0,2TM,2LG,2.8,146.0,558.0,477.0,68.0,111.0,28.0,1.0,17.0,46.0,7.0,2.0,72.0,108.0,0.233,0.333,0.403,0.735,109.0,0.328,111.0,192.0,7.0,2.0,2.0,5.0,4.0,*9H8/7D1,
Mike Yastrzemski*,34.0,SFG,NL,1.8,96.0,372.0,321.0,38.0,74.0,14.0,1.0,8.0,28.0,6.0,2.0,47.0,86.0,0.231,0.33,0.355,0.685,97.0,0.314,102.0,114.0,4.0,1.0,2.0,1.0,4.0,9/H1,
Mike Yastrzemski*,34.0,KCR,AL,1.0,50.0,186.0,156.0,30.0,37.0,14.0,0.0,9.0,18.0,1.0,0.0,25.0,22.0,0.237,0.339,0.5,0.839,131.0,0.354,128.0,78.0,3.0,1.0,0.0,4.0,0.0,98/7HD,
Miles Mastrobuoni*,29.0,SEA,AL,0.2,76.0,175.0,152.0,20.0,38.0,4.0,0.0,1.0,12.0,6.0,3.0,17.0,29.0,0.25,0.324,0.296,0.62,83.0,0.279,82.0,45.0,2.0,0.0,5.0,1.0,0.0,H5497/13D,
Mitch Garver,34.0,SEA,AL,-0.1,87.0,290.0,254.0,29.0,53.0,5.0,1.0,9.0,30.0,3.0,0.0,30.0,80.0,0.209,0.297,0.343,0.639,86.0,0.286,86.0,87.0,6.0,3.0,0.0,3.0,1.0,2DH,
MJ Melendez*,26.0,KCR,AL,-0.6,23.0,65.0,60.0,5.0,5.0,2.0,0.0,1.0,1.0,0.0,0.0,3.0,23.0,0.083,0.154,0.167,0.321,-10.0,0.15,-20.0,10.0,0.0,2.0,0.0,0.0,0.0,7/9HD,
MLB Average,,,,,,,,,,,,,,,,,,0.245,0.315,0.404,0.719,100.0,0.319,100.0,,,,,,,,
Moisés Ballesteros*,21.0,CHC,NL,0.5,20.0,66.0,57.0,12.0,17.0,2.0,1.0,2.0,11.0,0.0,0.0,9.0,12.0,0.298,0.394,0.474,0.868,151.0,0.39,159.0,27.0,2.0,0.0,0.0,0.0,1.0,D/H32,
Mookie Betts,32.0,LAD,NL,4.9,150.0,663.0,589.0,95.0,152.0,23.0,2.0,20.0,82.0,8.0,2.0,61.0,68.0,0.258,0.326,0.406,0.732,104.0,0.322,102.0,239.0,15.0,3.0,0.0,10.0,2.0,*6/H9,
Myles Straw,30.0,TOR,AL,2.9,137.0,299.0,267.0,51.0,70.0,14.0,1.0,4.0,32.0,12.0,1.0,19.0,50.0,0.262,0.313,0.367,0.68,87.0,0.311,87.0,98.0,5.0,1.0,11.0,1.0,0.0,*87H9/4,
Nacho Alvarez Jr.,22.0,ATL,NL,0.8,58.0,208.0,188.0,18.0,44.0,12.0,0.0,2.0,15.0,0.0,0.0,12.0,49.0,0.234,0.296,0.33,0.626,77.0,0.28,74.0,62.0,1.0,5.0,2.0,1.0,0.0,5/H,
Nasim Nuñez#,24.0,WSN,NL,0.7,39.0,92.0,82.0,13.0,19.0,2.0,0.0,4.0,13.0,9.0,1.0,8.0,20.0,0.232,0.297,0.402,0.699,97.0,0.323,94.0,33.0,1.0,0.0,1.0,1.0,0.0,64H/8D,
Nate Eaton,28.0,BOS,AL,0.1,41.0,90.0,81.0,16.0,24.0,4.0,0.0,1.0,4.0,9.0,2.0,6.0,19.0,0.296,0.348,0.383,0.731,105.0,0.334,104.0,31.0,1.0,1.0,1.0,1.0,0.0,95/H871D,
Nathan Church*,24.0,STL,NL,0.4,27.0,65.0,56.0,9.0,10.0,1.0,0.0,1.0,8.0,1.0,0.0,3.0,18.0,0.179,0.254,0.25,0.504,44.0,0.249,50.0,14.0,0.0,3.0,2.0,1.0,0.0,8/97H,
Nathan Lukes*,30.0,TOR,AL,2.0,135.0,438.0,388.0,55.0,99.0,19.0,2.0,12.0,65.0,2.0,4.0,38.0,60.0,0.255,0.323,0.407,0.73,100.0,0.313,97.0,158.0,12.0,2.0,7.0,3.0,2.0,*978H/D,
Nathaniel Lowe*,29.0,2TM,2LG,0.1,153.0,609.0,540.0,64.0,123.0,23.0,3.0,18.0,84.0,1.0,0.0,62.0,159.0,0.228,0.307,0.381,0.689,94.0,0.304,93.0,206.0,6.0,2.0,0.0,5.0,2.0,*3/HD,
Nathaniel Lowe*,29.0,WSN,NL,-0.3,119.0,490.0,440.0,50.0,95.0,17.0,2.0,16.0,68.0,1.0,0.0,47.0,130.0,0.216,0.292,0.373,0.665,88.0,0.297,88.0,164.0,5.0,1.0,0.0,2.0,0.0,*3/DH,
Nathaniel Lowe*,29.0,BOS,AL,0.4,34.0,119.0,100.0,14.0,28.0,6.0,1.0,2.0,16.0,0.0,0.0,15.0,29.0,0.28,0.37,0.42,0.79,121.0,0.336,115.0,42.0,1.0,1.0,0.0,3.0,2.0,3/HD,
Nick Ahmed,35.0,TEX,AL,0.1,5.0,10.0,9.0,1.0,0.0,0.0,0.0,0.0,0.0,1.0,0.0,1.0,3.0,0.0,0.1,0.0,0.1,-66.0,0.182,-1.0,0.0,1.0,0.0,0.0,0.0,0.0,/6,
Nick Allen,26.0,ATL,NL,0.6,135.0,416.0,371.0,32.0,82.0,11.0,0.0,0.0,22.0,8.0,7.0,31.0,99.0,0.221,0.284,0.251,0.535,53.0,0.243,50.0,93.0,8.0,3.0,8.0,3.0,0.0,*6/4H,
Nick Castellanos,33.0,PHI,NL,-0.8,147.0,589.0,547.0,72.0,137.0,27.0,2.0,17.0,72.0,4.0,0.0,32.0,133.0,0.25,0.294,0.4,0.694,88.0,0.309,87.0,219.0,13.0,4.0,0.0,6.0,0.0,*9/DH,
Nick Fortes,28.0,2TM,2LG,0.7,97.0,242.0,218.0,19.0,50.0,9.0,1.0,5.0,21.0,1.0,0.0,14.0,47.0,0.229,0.296,0.349,0.644,79.0,0.293,81.0,76.0,7.0,7.0,2.0,1.0,0.0,2H/D,
Nick Fortes,28.0,MIA,NL,0.4,59.0,141.0,129.0,11.0,31.0,6.0,1.0,2.0,10.0,0.0,0.0,7.0,22.0,0.24,0.288,0.349,0.637,76.0,0.278,69.0,45.0,4.0,2.0,2.0,1.0,0.0,2/HD,
Nick Fortes,28.0,TBR,AL,0.3,38.0,101.0,89.0,8.0,19.0,3.0,0.0,3.0,11.0,1.0,0.0,7.0,25.0,0.213,0.307,0.348,0.655,84.0,0.313,97.0,31.0,3.0,5.0,0.0,0.0,0.0,2/HD,
Nick Gonzales,26.0,PIT,NL,-0.6,96.0,408.0,381.0,39.0,99.0,18.0,3.0,5.0,30.0,0.0,2.0,21.0,73.0,0.26,0.299,0.362,0.661,84.0,0.293,82.0,138.0,12.0,2.0,0.0,4.0,0.0,46,
Nick Kurtz*,22.0,ATH,AL,5.4,117.0,489.0,420.0,90.0,122.0,26.0,2.0,36.0,86.0,2.0,1.0,63.0,151.0,0.29,0.383,0.619,1.002,173.0,0.418,174.0,260.0,4.0,2.0,0.0,3.0,3.0,*3/DH,"MVP-12,ROY-1,SS"
Nick Loftin,26.0,KCR,AL,-0.4,67.0,188.0,168.0,17.0,35.0,9.0,2.0,4.0,20.0,1.0,1.0,14.0,27.0,0.208,0.278,0.357,0.635,77.0,0.273,70.0,60.0,7.0,3.0,1.0,2.0,0.0,7H45/3D,
Nick Martini*,35.0,COL,NL,-0.2,43.0,111.0,102.0,9.0,23.0,4.0,0.0,1.0,4.0,0.0,0.0,9.0,18.0,0.225,0.288,0.294,0.582,56.0,0.267,52.0,30.0,1.0,0.0,0.0,0.0,1.0,D9H/7,
Nick Maton*,28.0,CHW,AL,-0.1,25.0,63.0,54.0,5.0,9.0,2.0,0.0,2.0,4.0,0.0,1.0,9.0,19.0,0.167,0.286,0.315,0.601,69.0,0.264,69.0,17.0,0.0,0.0,0.0,0.0,0.0,D/H3479,
Nick Sandlin,28.0,TOR,AL,0.0,1.0,0.0,0.0,0.0,0.0,0.0,0.0,0.0,0.0,0.0,0.0,0.0,0.0,,,,,,,,0.0,0.0,0.0,0.0,0.0,0.0,1,
Nick Sogard#,27.0,BOS,AL,0.1,30.0,104.0,96.0,13.0,25.0,8.0,0.0,0.0,9.0,2.0,1.0,5.0,24.0,0.26,0.317,0.344,0.661,85.0,0.3,88.0,33.0,3.0,3.0,0.0,0.0,0.0,3/54H96,
Nick Solak,30.0,PIT,NL,-0.5,4.0,11.0,11.0,0.0,1.0,0.0,0.0,0.0,0.0,0.0,0.0,0.0,2.0,0.091,0.091,0.091,0.182,-49.0,0.073,-75.0,1.0,0.0,0.0,0.0,0.0,0.0,/347H,
Nick Yorke,23.0,PIT,NL,0.3,22.0,72.0,69.0,7.0,16.0,3.0,0.0,1.0,8.0,1.0,0.0,3.0,15.0,0.232,0.264,0.319,0.583,62.0,0.273,64.0,22.0,1.0,0.0,0.0,0.0,0.0,4/395H,
Nicky Lopez*,30.0,2TM,2LG,-0.4,18.0,28.0,24.0,2.0,1.0,0.0,0.0,0.0,1.0,0.0,0.0,4.0,4.0,0.042,0.179,0.042,0.22,-32.0,0.128,-29.0,1.0,1.0,0.0,0.0,0.0,0.0,5/6H147D,
Nicky Lopez*,30.0,LAA,AL,-0.2,4.0,6.0,6.0,0.0,0.0,0.0,0.0,0.0,0.0,0.0,0.0,0.0,1.0,0.0,0.0,0.0,0.0,-100.0,0.0,-131.0,0.0,0.0,0.0,0.0,0.0,0.0,/5167,
Nicky Lopez*,30.0,CHC,NL,-0.3,14.0,22.0,18.0,2.0,1.0,0.0,0.0,0.0,1.0,0.0,0.0,4.0,3.0,0.056,0.227,0.056,0.283,-12.0,0.163,-2.0,1.0,1.0,0.0,0.0,0.0,0.0,5/H64D,
Nico Hoerner,28.0,CHC,NL,6.2,156.0,649.0,599.0,89.0,178.0,29.0,4.0,7.0,61.0,29.0,6.0,39.0,49.0,0.297,0.345,0.394,0.739,114.0,0.338,118.0,236.0,4.0,7.0,0.0,4.0,1.0,*4/6,"MVP-19,GG"
Niko Kavadas*,26.0,LAA,AL,-0.4,10.0,23.0,20.0,0.0,2.0,0.0,0.0,0.0,0.0,0.0,0.0,3.0,10.0,0.1,0.217,0.1,0.317,-7.0,0.167,-10.0,2.0,0.0,0.0,0.0,0.0,0.0,3/1H,
Noelvi Marté,23.0,CIN,NL,1.4,90.0,360.0,339.0,45.0,89.0,17.0,2.0,14.0,51.0,10.0,3.0,16.0,85.0,0.263,0.3,0.448,0.748,99.0,0.337,103.0,152.0,7.0,3.0,0.0,2.0,0.0,95/H8D,
Nolan Arenado,34.0,STL,NL,1.3,107.0,436.0,401.0,48.0,95.0,18.0,1.0,12.0,52.0,3.0,0.0,28.0,49.0,0.237,0.289,0.377,0.666,87.0,0.297,86.0,151.0,10.0,3.0,0.0,4.0,4.0,5/DH,
Nolan Gorman*,25.0,STL,NL,0.1,111.0,402.0,351.0,48.0,72.0,14.0,1.0,14.0,46.0,1.0,1.0,47.0,136.0,0.205,0.296,0.37,0.666,88.0,0.294,86.0,130.0,1.0,0.0,0.0,4.0,2.0,54D/H3,
Nolan Jones*,27.0,CLE,AL,-1.1,136.0,403.0,355.0,34.0,75.0,14.0,2.0,5.0,34.0,8.0,3.0,39.0,113.0,0.211,0.296,0.304,0.6,68.0,0.272,66.0,108.0,6.0,5.0,1.0,3.0,1.0,*98H7/D,
Nolan Schanuel*,23.0,LAA,AL,1.3,132.0,564.0,488.0,64.0,129.0,23.0,1.0,12.0,53.0,5.0,1.0,59.0,71.0,0.264,0.353,0.389,0.742,107.0,0.329,108.0,190.0,10.0,10.0,3.0,4.0,4.0,*3,
Oliver Dunn*,27.0,MIL,NL,-0.2,14.0,41.0,36.0,4.0,6.0,2.0,0.0,0.0,6.0,1.0,0.0,2.0,11.0,0.167,0.205,0.222,0.427,20.0,0.196,4.0,8.0,0.0,0.0,2.0,1.0,0.0,5/3H,
Omar Narváez*,33.0,CHW,AL,0.0,4.0,10.0,7.0,1.0,2.0,0.0,0.0,0.0,3.0,0.0,0.0,2.0,1.0,0.286,0.4,0.286,0.686,98.0,0.305,93.0,2.0,0.0,0.0,0.0,1.0,0.0,/2,
Oneil Cruz*,26.0,PIT,NL,0.3,135.0,544.0,471.0,62.0,94.0,18.0,3.0,20.0,61.0,38.0,5.0,64.0,174.0,0.2,0.298,0.378,0.676,87.0,0.312,85.0,178.0,6.0,4.0,0.0,5.0,4.0,*8H/D,
Orlando Arcia,30.0,2TM,NL,-1.2,76.0,214.0,203.0,13.0,41.0,7.0,1.0,3.0,13.0,0.0,1.0,10.0,47.0,0.202,0.238,0.291,0.529,42.0,0.243,39.0,59.0,4.0,0.0,0.0,1.0,0.0,6453/HD,
Orlando Arcia,30.0,ATL,NL,-0.1,14.0,32.0,31.0,1.0,6.0,1.0,0.0,0.0,1.0,0.0,0.0,1.0,8.0,0.194,0.219,0.226,0.445,26.0,0.23,39.0,7.0,0.0,0.0,0.0,0.0,0.0,6/DH,
Orlando Arcia,30.0,COL,NL,-1.1,62.0,182.0,172.0,12.0,35.0,6.0,1.0,3.0,12.0,0.0,1.0,9.0,39.0,0.203,0.242,0.302,0.544,44.0,0.245,39.0,52.0,4.0,0.0,0.0,1.0,0.0,4563/HD,
Oscar González,27.0,SDP,NL,-0.5,21.0,61.0,59.0,2.0,13.0,1.0,0.0,0.0,4.0,0.0,1.0,2.0,13.0,0.22,0.246,0.237,0.483,35.0,0.209,26.0,14.0,1.0,0.0,0.0,0.0,0.0,7/9HD,
Oswald Peraza,25.0,2TM,AL,-0.6,106.0,265.0,244.0,24.0,40.0,6.0,0.0,5.0,20.0,9.0,0.0,17.0,80.0,0.164,0.223,0.25,0.473,33.0,0.225,28.0,61.0,6.0,2.0,0.0,1.0,0.0,5H346/1D,
Oswald Peraza,25.0,NYY,AL,-0.2,71.0,170.0,158.0,18.0,24.0,5.0,0.0,3.0,13.0,3.0,0.0,11.0,47.0,0.152,0.212,0.241,0.452,27.0,0.214,24.0,38.0,3.0,1.0,0.0,0.0,0.0,54/H6D,
Oswald Peraza,25.0,LAA,AL,-0.5,35.0,95.0,86.0,6.0,16.0,1.0,0.0,2.0,7.0,6.0,0.0,6.0,33.0,0.186,0.245,0.267,0.512,43.0,0.243,34.0,23.0,3.0,1.0,0.0,1.0,0.0,35H/61,
Oswaldo Cabrera#,26.0,NYY,AL,0.4,34.0,122.0,107.0,17.0,26.0,4.0,0.0,1.0,11.0,0.0,1.0,11.0,25.0,0.243,0.322,0.308,0.631,79.0,0.302,93.0,33.0,1.0,2.0,1.0,1.0,0.0,5/H379,
Otto Kemp,25.0,PHI,NL,-0.2,62.0,218.0,197.0,26.0,46.0,11.0,0.0,8.0,28.0,2.0,2.0,12.0,67.0,0.234,0.298,0.411,0.709,92.0,0.314,93.0,81.0,4.0,7.0,0.0,2.0,0.0,537/H4,
Otto López,26.0,MIA,NL,3.5,143.0,594.0,544.0,66.0,134.0,21.0,0.0,15.0,77.0,15.0,6.0,44.0,82.0,0.246,0.305,0.368,0.672,86.0,0.307,89.0,200.0,9.0,3.0,0.0,3.0,2.0,*64/HD,
Owen Caissie*,22.0,CHC,NL,-0.1,12.0,27.0,26.0,4.0,5.0,1.0,0.0,1.0,4.0,0.0,0.0,1.0,11.0,0.192,0.222,0.346,0.568,62.0,0.247,58.0,9.0,0.0,0.0,0.0,0.0,0.0,/9H7D,
Owen Miller,28.0,COL,NL,0.0,9.0,17.0,14.0,0.0,2.0,0.0,0.0,0.0,1.0,1.0,0.0,2.0,4.0,0.143,0.294,0.143,0.437,22.0,0.245,27.0,2.0,0.0,1.0,0.0,0.0,0.0,/4H5D,
Ozzie Albies#,28.0,ATL,NL,2.1,157.0,667.0,603.0,74.0,145.0,23.0,2.0,16.0,74.0,14.0,3.0,55.0,94.0,0.24,0.306,0.365,0.671,89.0,0.307,92.0,220.0,9.0,4.0,0.0,5.0,2.0,*4,
Pablo Reyes,31.0,NYY,AL,-0.5,24.0,34.0,31.0,4.0,6.0,1.0,0.0,0.0,2.0,1.0,0.0,2.0,10.0,0.194,0.242,0.226,0.468,33.0,0.221,24.0,7.0,0.0,0.0,1.0,0.0,0.0,H/94517D,
Parker Meadows*,25.0,DET,AL,0.3,58.0,213.0,191.0,22.0,41.0,6.0,2.0,4.0,16.0,4.0,0.0,21.0,56.0,0.215,0.291,0.33,0.621,73.0,0.279,69.0,63.0,0.0,0.0,0.0,1.0,0.0,8/H,
Patrick Bailey#,26.0,SFG,NL,1.1,135.0,452.0,409.0,47.0,91.0,18.0,3.0,6.0,55.0,1.0,0.0,30.0,133.0,0.222,0.277,0.325,0.602,73.0,0.269,70.0,133.0,7.0,3.0,4.0,6.0,0.0,*2H/D,GG
Paul DeJong,31.0,WSN,NL,-0.1,57.0,208.0,193.0,18.0,44.0,10.0,0.0,6.0,23.0,4.0,0.0,11.0,70.0,0.228,0.269,0.373,0.642,81.0,0.283,75.0,72.0,3.0,1.0,0.0,3.0,0.0,546/D3H,
Paul Goldschmidt,37.0,NYY,AL,1.2,146.0,534.0,489.0,76.0,134.0,31.0,1.0,10.0,45.0,5.0,1.0,36.0,100.0,0.274,0.328,0.403,0.731,104.0,0.321,104.0,197.0,8.0,4.0,0.0,2.0,5.0,*3H/D8,
Pavin Smith*,29.0,ARI,NL,0.4,87.0,288.0,244.0,36.0,63.0,17.0,1.0,8.0,28.0,2.0,2.0,41.0,92.0,0.258,0.362,0.434,0.797,120.0,0.35,121.0,106.0,7.0,0.0,0.0,2.0,1.0,D3H,
Pedro Pagés,26.0,STL,NL,1.4,112.0,389.0,361.0,38.0,83.0,15.0,0.0,11.0,45.0,0.0,0.0,19.0,107.0,0.23,0.272,0.363,0.635,78.0,0.278,74.0,131.0,9.0,3.0,3.0,3.0,1.0,*2/34,
Pete Alonso,30.0,NYM,NL,3.4,162.0,709.0,624.0,87.0,170.0,41.0,1.0,38.0,126.0,1.0,2.0,61.0,162.0,0.272,0.347,0.524,0.871,144.0,0.371,142.0,327.0,23.0,15.0,0.0,9.0,5.0,*3/D,"AS,MVP-11,SS"
Pete Crow-Armstrong*,23.0,CHC,NL,6.0,157.0,647.0,591.0,91.0,146.0,37.0,4.0,31.0,95.0,35.0,8.0,29.0,155.0,0.247,0.287,0.481,0.768,118.0,0.337,117.0,284.0,1.0,9.0,6.0,12.0,1.0,*8/HD,"AS,MVP-9,GG"
Petey Halpin*,23.0,CLE,AL,0.1,6.0,8.0,6.0,5.0,2.0,0.0,0.0,0.0,0.0,0.0,0.0,2.0,2.0,0.333,0.5,0.333,0.833,140.0,0.382,147.0,2.0,0.0,0.0,0.0,0.0,0.0,/8H7,
Phil Maton,32.0,STL,NL,0.0,1.0,0.0,0.0,0.0,0.0,0.0,0.0,0.0,0.0,0.0,0.0,0.0,0.0,,,,,,,,0.0,0.0,0.0,0.0,0.0,0.0,1,
PJ Poulin,28.0,WSN,NL,0.0,1.0,0.0,0.0,0.0,0.0,0.0,0.0,0.0,0.0,0.0,0.0,0.0,0.0,,,,,,,,0.0,0.0,0.0,0.0,0.0,0.0,1,
Rafael Devers*,28.0,2TM,2LG,4.1,163.0,729.0,607.0,99.0,153.0,33.0,0.0,35.0,109.0,1.0,1.0,112.0,192.0,0.252,0.372,0.479,0.851,140.0,0.366,139.0,291.0,16.0,6.0,0.0,4.0,10.0,*D3/5H,
Rafael Devers*,28.0,BOS,AL,2.3,73.0,334.0,272.0,47.0,74.0,18.0,0.0,15.0,58.0,1.0,1.0,56.0,76.0,0.272,0.401,0.504,0.905,151.0,0.387,153.0,137.0,7.0,4.0,0.0,2.0,7.0,D,
Rafael Devers*,28.0,SFG,NL,1.9,90.0,395.0,335.0,52.0,79.0,15.0,0.0,20.0,51.0,0.0,0.0,56.0,116.0,0.236,0.347,0.46,0.807,130.0,0.349,127.0,154.0,9.0,2.0,0.0,2.0,3.0,D3/5H,
Rafael Flores,24.0,PIT,NL,-0.1,7.0,17.0,15.0,0.0,3.0,2.0,0.0,0.0,0.0,0.0,0.0,2.0,7.0,0.2,0.294,0.333,0.627,75.0,0.282,73.0,5.0,0.0,0.0,0.0,0.0,0.0,/32H,
Rafael Marchán#,26.0,PHI,NL,0.2,42.0,118.0,105.0,9.0,22.0,4.0,0.0,2.0,13.0,0.0,0.0,10.0,17.0,0.21,0.282,0.305,0.587,61.0,0.266,57.0,32.0,1.0,1.0,1.0,1.0,0.0,2/H,
Ramón Laureano,30.0,2TM,2LG,3.8,132.0,488.0,441.0,72.0,124.0,26.0,2.0,24.0,76.0,7.0,4.0,35.0,119.0,0.281,0.342,0.512,0.855,136.0,0.363,134.0,226.0,10.0,8.0,0.0,4.0,1.0,*798/DH,
Ramón Laureano,30.0,BAL,AL,3.0,82.0,290.0,259.0,45.0,75.0,17.0,0.0,15.0,46.0,4.0,3.0,22.0,72.0,0.29,0.355,0.529,0.884,146.0,0.373,146.0,137.0,6.0,6.0,0.0,3.0,1.0,97/DH8,
Ramón Laureano,30.0,SDP,NL,0.8,50.0,198.0,182.0,27.0,49.0,9.0,2.0,9.0,30.0,3.0,1.0,13.0,47.0,0.269,0.323,0.489,0.812,122.0,0.348,118.0,89.0,4.0,2.0,0.0,1.0,0.0,78/9HD,
Ramón Urías,31.0,2TM,AL,2.2,112.0,391.0,352.0,33.0,85.0,17.0,0.0,11.0,44.0,3.0,0.0,27.0,88.0,0.241,0.292,0.384,0.675,88.0,0.296,86.0,135.0,6.0,2.0,0.0,10.0,0.0,54H/3D,
Ramón Urías,31.0,BAL,AL,1.5,77.0,290.0,258.0,27.0,64.0,12.0,0.0,8.0,34.0,2.0,0.0,21.0,60.0,0.248,0.3,0.388,0.688,93.0,0.301,91.0,100.0,5.0,2.0,0.0,9.0,0.0,5/H3D4,
Ramón Urías,31.0,HOU,AL,0.7,35.0,101.0,94.0,6.0,21.0,5.0,0.0,3.0,10.0,1.0,0.0,6.0,28.0,0.223,0.267,0.372,0.64,76.0,0.285,74.0,35.0,1.0,0.0,0.0,1.0,0.0,45/H,
Randal Grichuk,33.0,2TM,2LG,-0.8,113.0,293.0,272.0,35.0,62.0,18.0,1.0,9.0,27.0,0.0,1.0,17.0,61.0,0.228,0.273,0.401,0.674,85.0,0.293,82.0,109.0,6.0,1.0,0.0,3.0,1.0,HD97/8,
Randal Grichuk,33.0,ARI,NL,-0.4,70.0,188.0,175.0,25.0,42.0,15.0,1.0,7.0,22.0,0.0,1.0,10.0,39.0,0.24,0.277,0.457,0.734,99.0,0.317,98.0,80.0,5.0,0.0,0.0,3.0,1.0,DH9/78,
Randal Grichuk,33.0,KCR,AL,-0.4,43.0,105.0,97.0,10.0,20.0,3.0,0.0,2.0,5.0,0.0,0.0,7.0,22.0,0.206,0.267,0.299,0.566,59.0,0.251,53.0,29.0,1.0,1.0,0.0,0.0,0.0,9H7/D8,
Randy Arozarena,30.0,SEA,AL,4.0,160.0,709.0,613.0,95.0,146.0,32.0,1.0,27.0,76.0,31.0,6.0,64.0,191.0,0.238,0.334,0.426,0.76,119.0,0.341,124.0,261.0,9.0,27.0,0.0,5.0,2.0,*7/D,AS
Rece Hinds,24.0,CIN,NL,-0.4,15.0,44.0,43.0,6.0,5.0,1.0,0.0,2.0,3.0,0.0,0.0,1.0,21.0,0.116,0.136,0.279,0.415,9.0,0.175,-9.0,12.0,1.0,0.0,0.0,0.0,0.0,9/H,
Reese McGuire*,30.0,CHC,NL,0.3,44.0,140.0,133.0,17.0,30.0,2.0,0.0,9.0,24.0,0.0,0.0,4.0,27.0,0.226,0.245,0.444,0.688,94.0,0.289,87.0,59.0,3.0,0.0,1.0,2.0,0.0,2/H1,
Rhylan Thomas*,25.0,SEA,AL,0.0,3.0,10.0,8.0,2.0,1.0,1.0,0.0,0.0,2.0,0.0,0.0,1.0,0.0,0.125,0.2,0.25,0.45,30.0,0.282,85.0,2.0,0.0,0.0,0.0,1.0,0.0,/97,
Rhys Hoskins,32.0,MIL,NL,0.9,90.0,328.0,279.0,30.0,66.0,12.0,1.0,12.0,43.0,2.0,1.0,38.0,91.0,0.237,0.332,0.416,0.748,108.0,0.331,108.0,116.0,6.0,5.0,0.0,6.0,2.0,3/HD,
Richie Palacios*,28.0,TBR,AL,0.0,17.0,48.0,42.0,10.0,14.0,2.0,0.0,1.0,3.0,4.0,0.0,5.0,9.0,0.333,0.396,0.452,0.848,138.0,0.389,140.0,19.0,3.0,0.0,0.0,1.0,0.0,/473DH9,
Riley Adams,29.0,WSN,NL,0.4,83.0,286.0,263.0,29.0,49.0,8.0,0.0,8.0,24.0,1.0,0.0,18.0,110.0,0.186,0.252,0.308,0.56,59.0,0.258,61.0,81.0,6.0,5.0,0.0,0.0,0.0,2/H3D,
Riley Greene*,24.0,DET,AL,2.2,157.0,655.0,600.0,84.0,155.0,31.0,1.0,36.0,111.0,2.0,1.0,46.0,201.0,0.258,0.313,0.493,0.806,120.0,0.343,118.0,296.0,14.0,4.0,0.0,5.0,1.0,*7D8/H9,"AS,MVP-17,SS"
Rob Brantly*,35.0,MIA,NL,0.0,3.0,7.0,7.0,0.0,3.0,0.0,0.0,0.0,1.0,0.0,0.0,0.0,1.0,0.429,0.429,0.429,0.857,140.0,0.372,136.0,3.0,0.0,0.0,0.0,0.0,0.0,/2,
Rob Refsnyder,34.0,BOS,AL,1.2,70.0,209.0,182.0,29.0,49.0,12.0,0.0,9.0,30.0,3.0,0.0,24.0,54.0,0.269,0.354,0.484,0.838,131.0,0.368,135.0,88.0,6.0,1.0,0.0,2.0,1.0,9HD7,
Robert Garcia,29.0,TEX,AL,0.0,1.0,0.0,0.0,0.0,0.0,0.0,0.0,0.0,0.0,0.0,0.0,0.0,0.0,,,,,,,,0.0,0.0,0.0,0.0,0.0,0.0,1,
Robert Hassell III*,23.0,WSN,NL,-0.1,70.0,206.0,197.0,22.0,44.0,9.0,0.0,3.0,18.0,4.0,0.0,8.0,62.0,0.223,0.257,0.315,0.572,62.0,0.266,64.0,62.0,4.0,1.0,0.0,0.0,0.0,89H/7D,
Roman Anthony*,21.0,BOS,AL,3.1,71.0,303.0,257.0,48.0,75.0,18.0,1.0,8.0,32.0,4.0,1.0,40.0,84.0,0.292,0.396,0.463,0.859,140.0,0.375,142.0,119.0,2.0,5.0,0.0,1.0,0.0,97D/H,ROY-3
Romy González,28.0,BOS,AL,2.0,96.0,341.0,315.0,47.0,96.0,23.0,3.0,9.0,53.0,6.0,5.0,18.0,81.0,0.305,0.343,0.483,0.826,128.0,0.363,137.0,152.0,8.0,3.0,0.0,5.0,1.0,34H/D5,
Ronald Acuña Jr.,27.0,ATL,NL,3.0,95.0,412.0,338.0,74.0,98.0,12.0,1.0,21.0,42.0,9.0,1.0,71.0,102.0,0.29,0.417,0.518,0.935,163.0,0.407,162.0,175.0,5.0,3.0,0.0,0.0,4.0,9/DH,AS
Ronny Mauricio#,24.0,NYM,NL,0.7,61.0,184.0,168.0,19.0,38.0,6.0,0.0,6.0,10.0,4.0,0.0,15.0,54.0,0.226,0.293,0.369,0.663,88.0,0.303,89.0,62.0,5.0,1.0,0.0,0.0,1.0,5H/46D,
Ronny Simón#,25.0,2TM,NL,-1.2,27.0,88.0,77.0,10.0,18.0,3.0,0.0,0.0,7.0,1.0,0.0,8.0,15.0,0.234,0.299,0.273,0.572,61.0,0.271,62.0,21.0,1.0,0.0,1.0,2.0,0.0,/47D9H6,
Ronny Simón#,25.0,MIA,NL,-0.7,19.0,56.0,47.0,6.0,11.0,2.0,0.0,0.0,5.0,0.0,0.0,7.0,7.0,0.234,0.327,0.277,0.604,71.0,0.295,80.0,13.0,1.0,0.0,1.0,1.0,0.0,/47D6H,
Ronny Simón#,25.0,PIT,NL,-0.5,8.0,32.0,30.0,4.0,7.0,1.0,0.0,0.0,2.0,1.0,0.0,1.0,8.0,0.233,0.25,0.267,0.517,45.0,0.231,32.0,8.0,0.0,0.0,0.0,1.0,0.0,/97DH,
Rowdy Tellez*,30.0,2TM,AL,-0.3,112.0,312.0,289.0,34.0,66.0,11.0,0.0,17.0,49.0,1.0,0.0,17.0,83.0,0.228,0.276,0.443,0.719,106.0,0.308,105.0,128.0,9.0,3.0,0.0,3.0,0.0,3H/D1,
Rowdy Tellez*,30.0,SEA,AL,-0.8,62.0,185.0,173.0,20.0,36.0,6.0,0.0,11.0,27.0,1.0,0.0,8.0,49.0,0.208,0.249,0.434,0.682,93.0,0.289,89.0,75.0,6.0,2.0,0.0,2.0,0.0,3/HD,
Rowdy Tellez*,30.0,TEX,AL,0.4,50.0,127.0,116.0,14.0,30.0,5.0,0.0,6.0,22.0,0.0,0.0,9.0,34.0,0.259,0.315,0.457,0.772,124.0,0.336,128.0,53.0,3.0,1.0,0.0,1.0,0.0,3H/D1,
Royce Lewis,26.0,MIN,AL,0.6,106.0,403.0,376.0,36.0,89.0,18.0,0.0,13.0,52.0,12.0,2.0,25.0,80.0,0.237,0.283,0.388,0.671,83.0,0.303,85.0,146.0,7.0,0.0,0.0,2.0,0.0,5/DH,
Ryan Bliss,25.0,SEA,AL,-0.2,11.0,39.0,35.0,1.0,7.0,1.0,0.0,1.0,3.0,2.0,2.0,4.0,11.0,0.2,0.282,0.314,0.596,74.0,0.253,73.0,11.0,2.0,0.0,0.0,0.0,0.0,4,
Ryan Fitzgerald*,31.0,MIN,AL,0.2,24.0,53.0,46.0,10.0,9.0,0.0,0.0,4.0,9.0,1.0,0.0,7.0,8.0,0.196,0.302,0.457,0.758,106.0,0.331,105.0,21.0,0.0,0.0,0.0,0.0,0.0,/46H513D,
Ryan Helsley,30.0,STL,NL,0.0,1.0,0.0,0.0,0.0,0.0,0.0,0.0,0.0,0.0,0.0,0.0,0.0,0.0,,,,,,,,0.0,0.0,0.0,0.0,0.0,0.0,1,
Ryan Jeffers,28.0,MIN,AL,1.2,119.0,464.0,406.0,47.0,108.0,26.0,0.0,9.0,47.0,1.0,1.0,50.0,91.0,0.266,0.356,0.397,0.752,108.0,0.332,109.0,161.0,9.0,7.0,0.0,1.0,1.0,2D/H,
Ryan Kreidler,27.0,DET,AL,-0.2,17.0,44.0,38.0,5.0,4.0,0.0,0.0,0.0,0.0,2.0,0.0,4.0,19.0,0.105,0.19,0.105,0.296,-14.0,0.162,-27.0,4.0,0.0,0.0,2.0,0.0,0.0,8,
Ryan McMahon*,30.0,2TM,2LG,2.3,154.0,586.0,509.0,62.0,109.0,23.0,1.0,20.0,53.0,3.0,1.0,70.0,189.0,0.214,0.312,0.381,0.693,87.0,0.305,83.0,194.0,7.0,4.0,0.0,3.0,1.0,*5/HD,
Ryan McMahon*,30.0,COL,NL,1.2,100.0,401.0,350.0,42.0,76.0,15.0,1.0,16.0,35.0,2.0,1.0,49.0,127.0,0.217,0.314,0.403,0.717,90.0,0.314,86.0,141.0,4.0,1.0,0.0,1.0,1.0,5/HD,
Ryan McMahon*,30.0,NYY,AL,1.1,54.0,185.0,159.0,20.0,33.0,8.0,0.0,4.0,18.0,1.0,0.0,21.0,62.0,0.208,0.308,0.333,0.641,81.0,0.287,79.0,53.0,3.0,3.0,0.0,2.0,0.0,5/H,
Ryan Mountcastle,28.0,BAL,AL,0.1,89.0,357.0,332.0,34.0,83.0,18.0,0.0,7.0,35.0,3.0,0.0,15.0,98.0,0.25,0.286,0.367,0.653,83.0,0.302,91.0,122.0,10.0,4.0,0.0,6.0,0.0,3D/H,
Ryan Noda*,29.0,2TM,AL,-0.2,23.0,59.0,47.0,3.0,5.0,0.0,0.0,1.0,2.0,1.0,0.0,11.0,25.0,0.106,0.276,0.17,0.446,30.0,0.214,20.0,8.0,0.0,0.0,1.0,0.0,2.0,3/9DH,
Ryan Noda*,29.0,CHW,AL,-0.3,16.0,45.0,34.0,3.0,3.0,0.0,0.0,1.0,1.0,0.0,0.0,10.0,19.0,0.088,0.295,0.176,0.472,38.0,0.232,37.0,6.0,0.0,0.0,1.0,0.0,1.0,3/D9H,
Ryan Noda*,29.0,BAL,AL,0.0,7.0,14.0,13.0,0.0,2.0,0.0,0.0,0.0,1.0,1.0,0.0,1.0,6.0,0.154,0.214,0.154,0.368,7.0,0.156,-37.0,2.0,0.0,0.0,0.0,0.0,1.0,/9HD,
Ryan O'Hearn*,31.0,2TM,2LG,2.4,144.0,544.0,474.0,67.0,133.0,21.0,1.0,17.0,63.0,3.0,1.0,58.0,109.0,0.281,0.366,0.437,0.803,125.0,0.352,126.0,207.0,11.0,8.0,0.0,4.0,4.0,3D9H/7,AS
Ryan O'Hearn*,31.0,BAL,AL,2.0,94.0,361.0,311.0,45.0,88.0,15.0,1.0,13.0,43.0,3.0,1.0,42.0,63.0,0.283,0.374,0.463,0.837,136.0,0.362,136.0,144.0,10.0,5.0,0.0,3.0,3.0,3D9/H7,
Ryan O'Hearn*,31.0,SDP,NL,0.4,50.0,183.0,163.0,22.0,45.0,6.0,0.0,4.0,20.0,0.0,0.0,16.0,46.0,0.276,0.35,0.387,0.736,105.0,0.332,107.0,63.0,1.0,3.0,0.0,1.0,1.0,3D/H9,
Ryan Ritter,24.0,COL,NL,0.3,60.0,207.0,187.0,22.0,45.0,9.0,3.0,1.0,18.0,3.0,1.0,10.0,61.0,0.241,0.296,0.337,0.632,69.0,0.29,67.0,63.0,7.0,5.0,4.0,1.0,0.0,64/H,
Ryan Thompson,33.0,ARI,NL,0.0,1.0,0.0,0.0,0.0,0.0,0.0,0.0,0.0,0.0,0.0,0.0,0.0,0.0,,,,,,,,0.0,0.0,0.0,0.0,0.0,0.0,1,
Ryan Vilade,26.0,2TM,NL,-0.1,8.0,15.0,13.0,1.0,1.0,0.0,0.0,0.0,0.0,0.0,0.0,2.0,5.0,0.077,0.2,0.077,0.277,-17.0,0.153,-15.0,1.0,1.0,0.0,0.0,0.0,0.0,/97HD,
Ryan Vilade,26.0,STL,NL,-0.1,7.0,15.0,13.0,1.0,1.0,0.0,0.0,0.0,0.0,0.0,0.0,2.0,5.0,0.077,0.2,0.077,0.277,-17.0,0.153,-15.0,1.0,1.0,0.0,0.0,0.0,0.0,/9H7D,
Ryan Vilade,26.0,CIN,NL,0.0,1.0,0.0,0.0,0.0,0.0,0.0,0.0,0.0,0.0,0.0,0.0,0.0,0.0,,,,,,,,0.0,0.0,0.0,0.0,0.0,0.0,/7,
Ryan Walker,29.0,SFG,NL,0.0,1.0,0.0,0.0,0.0,0.0,0.0,0.0,0.0,0.0,0.0,0.0,0.0,0.0,,,,,,,,0.0,0.0,0.0,0.0,0.0,0.0,1,
Ryne Nelson,27.0,ARI,NL,0.1,1.0,1.0,1.0,1.0,1.0,0.0,0.0,0.0,1.0,0.0,0.0,0.0,0.0,1.0,1.0,1.0,2.0,459.0,0.901,500.0,1.0,0.0,0.0,0.0,0.0,0.0,1/H,
Ryne Stanek,33.0,NYM,NL,0.0,1.0,0.0,0.0,0.0,0.0,0.0,0.0,0.0,0.0,0.0,0.0,0.0,0.0,,,,,,,,0.0,0.0,0.0,0.0,0.0,0.0,1,
Sal Frelick*,25.0,MIL,NL,3.0,142.0,594.0,528.0,76.0,152.0,20.0,3.0,12.0,63.0,19.0,6.0,47.0,80.0,0.288,0.351,0.405,0.756,111.0,0.335,110.0,214.0,4.0,7.0,3.0,5.0,0.0,*98/H35,
Sal Stewart,21.0,CIN,NL,0.5,18.0,58.0,55.0,11.0,14.0,1.0,0.0,5.0,8.0,0.0,0.0,3.0,15.0,0.255,0.293,0.545,0.839,121.0,0.351,115.0,30.0,1.0,0.0,0.0,0.0,0.0,3/5H,
Salvador Perez,35.0,KCR,AL,0.4,155.0,641.0,597.0,54.0,141.0,35.0,0.0,30.0,100.0,0.0,0.0,28.0,125.0,0.236,0.284,0.446,0.729,100.0,0.311,97.0,266.0,14.0,12.0,0.0,1.0,5.0,2D3,
Sam Haggerty#,31.0,TEX,AL,0.9,64.0,182.0,162.0,31.0,41.0,7.0,3.0,2.0,13.0,12.0,4.0,16.0,37.0,0.253,0.328,0.37,0.698,106.0,0.334,123.0,60.0,1.0,2.0,1.0,0.0,1.0,H78D/49,
Sam Hilliard*,31.0,COL,NL,-0.2,20.0,61.0,51.0,8.0,10.0,3.0,1.0,2.0,3.0,2.0,1.0,10.0,23.0,0.196,0.328,0.412,0.74,96.0,0.325,94.0,21.0,1.0,0.0,0.0,0.0,0.0,/7H89D,
Sam Huff,27.0,SFG,NL,-0.2,20.0,58.0,53.0,5.0,11.0,1.0,0.0,2.0,4.0,0.0,0.0,4.0,25.0,0.208,0.259,0.34,0.598,70.0,0.264,67.0,18.0,2.0,0.0,0.0,1.0,0.0,2,
Sam Long*,29.0,KCR,AL,0.0,1.0,0.0,0.0,0.0,0.0,0.0,0.0,0.0,0.0,0.0,0.0,0.0,0.0,,,,,,,,0.0,0.0,0.0,0.0,0.0,0.0,1,
Samad Taylor,26.0,SEA,AL,-0.1,4.0,9.0,8.0,1.0,1.0,0.0,0.0,0.0,0.0,0.0,0.0,0.0,1.0,0.125,0.125,0.125,0.25,-27.0,0.099,-68.0,1.0,0.0,0.0,1.0,0.0,0.0,/98H,
Samuel Basallo*,20.0,BAL,AL,-0.2,31.0,118.0,109.0,10.0,18.0,6.0,0.0,4.0,15.0,0.0,0.0,6.0,30.0,0.165,0.229,0.33,0.559,56.0,0.245,51.0,36.0,4.0,3.0,0.0,0.0,0.0,2/D3H,
Sandy León#,36.0,ATL,NL,-0.1,5.0,12.0,12.0,1.0,1.0,0.0,0.0,1.0,3.0,0.0,0.0,0.0,4.0,0.083,0.083,0.333,0.417,10.0,0.169,-4.0,4.0,0.0,0.0,0.0,0.0,0.0,/2,
Santiago Espinal,30.0,CIN,NL,-1.4,114.0,328.0,301.0,25.0,73.0,12.0,0.0,0.0,16.0,2.0,1.0,21.0,38.0,0.243,0.292,0.282,0.575,57.0,0.257,48.0,85.0,11.0,1.0,3.0,2.0,0.0,54H7/93D6,
Scott Kingery,31.0,LAA,AL,-0.5,19.0,29.0,27.0,3.0,4.0,1.0,0.0,0.0,0.0,1.0,1.0,2.0,11.0,0.148,0.207,0.185,0.392,11.0,0.167,-3.0,5.0,1.0,0.0,0.0,0.0,0.0,/4H8619,
Sean Bouchard,29.0,COL,NL,-0.9,32.0,73.0,66.0,7.0,11.0,0.0,1.0,1.0,7.0,1.0,1.0,7.0,27.0,0.167,0.247,0.242,0.489,32.0,0.235,32.0,16.0,2.0,0.0,0.0,0.0,0.0,9H/D73,
Sean Murphy,30.0,ATL,NL,2.4,94.0,337.0,291.0,34.0,58.0,13.0,0.0,16.0,45.0,0.0,0.0,35.0,105.0,0.199,0.3,0.409,0.709,98.0,0.314,99.0,119.0,9.0,8.0,0.0,3.0,1.0,2H/D,
Sebastián Rivero,26.0,LAA,AL,0.0,11.0,34.0,33.0,4.0,6.0,2.0,0.0,0.0,2.0,1.0,0.0,1.0,9.0,0.182,0.206,0.242,0.448,24.0,0.252,47.0,8.0,0.0,0.0,0.0,0.0,0.0,2,
Seiya Suzuki,30.0,CHC,NL,2.6,151.0,651.0,571.0,75.0,140.0,31.0,3.0,32.0,103.0,5.0,2.0,71.0,164.0,0.245,0.326,0.478,0.804,130.0,0.348,129.0,273.0,13.0,1.0,0.0,8.0,1.0,D97/H8,MVP-20
Seranthony Domínguez,30.0,BAL,AL,0.0,2.0,0.0,0.0,0.0,0.0,0.0,0.0,0.0,0.0,0.0,0.0,0.0,0.0,,,,,,,,0.0,0.0,0.0,0.0,0.0,0.0,1,
Sergio Alcántara#,28.0,SFG,NL,-0.1,1.0,4.0,4.0,0.0,0.0,0.0,0.0,0.0,0.0,0.0,0.0,0.0,2.0,0.0,0.0,0.0,0.0,-100.0,0.0,-117.0,0.0,0.0,0.0,0.0,0.0,0.0,/56,
Seth Brown*,32.0,ATH,AL,-0.7,38.0,76.0,65.0,6.0,12.0,2.0,0.0,1.0,3.0,1.0,0.0,9.0,23.0,0.185,0.303,0.262,0.564,60.0,0.265,60.0,17.0,2.0,2.0,0.0,0.0,0.0,H7/89D,
Seth Halvorsen,25.0,COL,NL,0.0,1.0,0.0,0.0,0.0,0.0,0.0,0.0,0.0,0.0,0.0,0.0,0.0,0.0,,,,,,,,0.0,0.0,0.0,0.0,0.0,0.0,1,
Shawn Armstrong,34.0,TEX,AL,0.0,1.0,0.0,0.0,0.0,0.0,0.0,0.0,0.0,0.0,0.0,0.0,0.0,0.0,,,,,,,,0.0,0.0,0.0,0.0,0.0,0.0,1,
Shay Whitcomb,26.0,HOU,AL,-0.3,20.0,32.0,32.0,4.0,4.0,0.0,0.0,1.0,1.0,0.0,0.0,0.0,10.0,0.125,0.125,0.219,0.344,-7.0,0.171,-6.0,7.0,0.0,0.0,0.0,0.0,0.0,/45HD7,
Shea Langeliers,27.0,ATH,AL,3.9,123.0,523.0,481.0,73.0,133.0,32.0,0.0,31.0,72.0,7.0,1.0,36.0,103.0,0.277,0.325,0.536,0.861,134.0,0.363,131.0,258.0,10.0,1.0,0.0,5.0,1.0,2D/H,
Shelby Miller,34.0,ARI,NL,0.0,2.0,0.0,0.0,0.0,0.0,0.0,0.0,0.0,0.0,0.0,0.0,0.0,0.0,,,,,,,,0.0,0.0,0.0,0.0,0.0,0.0,1,
Shinnosuke Ogasawara*,27.0,WSN,NL,0.0,1.0,1.0,1.0,0.0,0.0,0.0,0.0,0.0,0.0,0.0,0.0,0.0,1.0,0.0,0.0,0.0,0.0,-100.0,0.0,-117.0,0.0,0.0,0.0,0.0,0.0,0.0,1,
Shohei Ohtani*,30.0,LAD,NL,6.6,158.0,727.0,611.0,146.0,172.0,25.0,9.0,55.0,102.0,20.0,6.0,109.0,187.0,0.282,0.392,0.622,1.014,179.0,0.423,175.0,380.0,9.0,3.0,0.0,2.0,20.0,*D1,"AS,MVP-1,SS"
Spencer Horwitz*,27.0,PIT,NL,1.6,108.0,411.0,364.0,55.0,99.0,26.0,0.0,11.0,51.0,0.0,1.0,44.0,73.0,0.272,0.353,0.434,0.787,118.0,0.346,119.0,158.0,7.0,2.0,0.0,1.0,1.0,3H/4D,
Spencer Steer,27.0,CIN,NL,0.7,146.0,568.0,509.0,66.0,121.0,21.0,2.0,21.0,75.0,7.0,1.0,51.0,129.0,0.238,0.312,0.411,0.723,94.0,0.321,93.0,209.0,12.0,5.0,1.0,2.0,0.0,*3D7/H9,
Spencer Torkelson,25.0,DET,AL,2.3,155.0,649.0,563.0,82.0,135.0,27.0,1.0,31.0,78.0,2.0,1.0,72.0,169.0,0.24,0.333,0.456,0.789,117.0,0.339,116.0,257.0,12.0,9.0,0.0,5.0,6.0,*3D/H,
Starling Marte,36.0,NYM,NL,1.0,98.0,329.0,293.0,37.0,79.0,14.0,0.0,9.0,34.0,7.0,2.0,22.0,68.0,0.27,0.335,0.41,0.745,111.0,0.331,112.0,120.0,7.0,9.0,1.0,4.0,0.0,DH/79,
Steven Cruz,26.0,KCR,AL,0.0,1.0,0.0,0.0,0.0,0.0,0.0,0.0,0.0,0.0,0.0,0.0,0.0,0.0,,,,,,,,0.0,0.0,0.0,0.0,0.0,0.0,1,
Steven Kwan*,27.0,CLE,AL,3.7,156.0,693.0,625.0,81.0,170.0,29.0,1.0,11.0,56.0,21.0,5.0,55.0,60.0,0.272,0.33,0.374,0.705,96.0,0.312,94.0,234.0,3.0,3.0,3.0,7.0,2.0,*7/D8,"AS,GG"
Steward Berroa#,26.0,MIL,NL,0.2,2.0,6.0,5.0,0.0,0.0,0.0,0.0,0.0,0.0,1.0,0.0,1.0,2.0,0.0,0.167,0.0,0.167,-47.0,0.308,64.0,0.0,0.0,0.0,0.0,0.0,0.0,/8,
Stuart Fairchild,29.0,ATL,NL,-0.3,28.0,55.0,51.0,7.0,11.0,4.0,1.0,0.0,2.0,2.0,1.0,4.0,15.0,0.216,0.273,0.333,0.606,70.0,0.281,76.0,17.0,2.0,0.0,0.0,0.0,0.0,9H/D78,
Tanner Scott,30.0,LAD,NL,0.0,1.0,0.0,0.0,0.0,0.0,0.0,0.0,0.0,0.0,0.0,0.0,0.0,0.0,,,,,,,,0.0,0.0,0.0,0.0,0.0,0.0,1,
Taylor Clarke,32.0,KCR,AL,0.0,3.0,0.0,0.0,0.0,0.0,0.0,0.0,0.0,0.0,0.0,0.0,0.0,0.0,,,,,,,,0.0,0.0,0.0,0.0,0.0,0.0,1,
Taylor Trammell*,27.0,HOU,AL,-0.2,52.0,135.0,117.0,15.0,23.0,7.0,0.0,3.0,12.0,3.0,2.0,17.0,41.0,0.197,0.296,0.333,0.63,75.0,0.278,73.0,39.0,0.0,0.0,0.0,1.0,0.0,87H/9D,
Taylor Walls#,28.0,TBR,AL,2.6,101.0,317.0,282.0,36.0,62.0,14.0,1.0,4.0,38.0,14.0,6.0,26.0,70.0,0.22,0.28,0.319,0.599,68.0,0.269,66.0,90.0,1.0,0.0,3.0,6.0,0.0,6/H45D,
Taylor Ward,31.0,LAA,AL,2.7,157.0,663.0,579.0,86.0,132.0,31.0,2.0,36.0,103.0,4.0,1.0,75.0,175.0,0.228,0.317,0.475,0.792,116.0,0.342,117.0,275.0,13.0,3.0,0.0,6.0,1.0,*7/DH,
Teoscar Hernández,32.0,LAD,NL,1.5,134.0,546.0,511.0,65.0,126.0,29.0,1.0,25.0,89.0,5.0,2.0,26.0,134.0,0.247,0.284,0.454,0.738,103.0,0.318,100.0,232.0,13.0,3.0,0.0,5.0,0.0,*9/H,
Terrin Vavra*,28.0,BAL,AL,0.0,1.0,1.0,1.0,0.0,0.0,0.0,0.0,0.0,0.0,0.0,0.0,0.0,0.0,0.0,0.0,0.0,0.0,-100.0,0.0,-136.0,0.0,0.0,0.0,0.0,0.0,0.0,/4H,
Thairo Estrada,29.0,COL,NL,-0.4,39.0,165.0,154.0,14.0,39.0,9.0,0.0,3.0,21.0,1.0,3.0,6.0,26.0,0.253,0.285,0.37,0.655,73.0,0.286,72.0,57.0,6.0,2.0,0.0,3.0,0.0,4,
Thomas Saggese,23.0,STL,NL,0.4,82.0,295.0,275.0,25.0,71.0,17.0,0.0,2.0,25.0,3.0,0.0,16.0,83.0,0.258,0.299,0.342,0.641,82.0,0.288,80.0,94.0,5.0,1.0,1.0,2.0,0.0,465/HD,
Tim Anderson,32.0,LAA,AL,0.0,31.0,90.0,83.0,8.0,17.0,3.0,0.0,0.0,3.0,1.0,1.0,3.0,29.0,0.205,0.258,0.241,0.499,41.0,0.223,33.0,20.0,1.0,3.0,1.0,0.0,0.0,46/H,
Tim Elko,26.0,CHW,AL,-0.5,23.0,72.0,67.0,6.0,9.0,1.0,0.0,4.0,8.0,1.0,0.0,5.0,30.0,0.134,0.194,0.328,0.523,43.0,0.241,44.0,22.0,1.0,0.0,0.0,0.0,0.0,3/DH,
Tim Herrin*,28.0,CLE,AL,0.0,1.0,0.0,0.0,0.0,0.0,0.0,0.0,0.0,0.0,0.0,0.0,0.0,0.0,,,,,,,,0.0,0.0,0.0,0.0,0.0,0.0,1,
Tim Tawa,26.0,ARI,NL,0.5,74.0,225.0,199.0,29.0,40.0,8.0,0.0,7.0,18.0,8.0,2.0,20.0,64.0,0.201,0.274,0.347,0.62,71.0,0.284,70.0,69.0,6.0,1.0,2.0,3.0,0.0,4387H/59,
Tirso Ornelas*,25.0,SDP,NL,-0.3,7.0,16.0,14.0,0.0,1.0,0.0,0.0,0.0,1.0,0.0,0.0,2.0,2.0,0.071,0.188,0.071,0.259,-24.0,0.143,-26.0,1.0,1.0,0.0,0.0,0.0,0.0,/7H8D,
TJ Friedl*,29.0,CIN,NL,2.3,152.0,685.0,579.0,82.0,151.0,22.0,2.0,14.0,53.0,12.0,3.0,81.0,115.0,0.261,0.364,0.378,0.742,102.0,0.341,106.0,219.0,7.0,16.0,4.0,5.0,0.0,*8/DH,
Tommy Edman#,30.0,LAD,NL,1.1,97.0,377.0,346.0,49.0,78.0,13.0,1.0,13.0,49.0,3.0,1.0,19.0,61.0,0.225,0.274,0.382,0.655,82.0,0.302,88.0,132.0,4.0,6.0,1.0,5.0,0.0,485/HD,
Tommy Kahnle,35.0,DET,AL,0.0,1.0,0.0,0.0,0.0,0.0,0.0,0.0,0.0,0.0,0.0,0.0,0.0,0.0,,,,,,,,0.0,0.0,0.0,0.0,0.0,0.0,1,
Tommy Pham,37.0,PIT,NL,1.0,120.0,449.0,392.0,44.0,96.0,17.0,1.0,10.0,52.0,5.0,3.0,50.0,94.0,0.245,0.33,0.37,0.7,95.0,0.317,98.0,145.0,12.0,2.0,0.0,5.0,3.0,*7/H9D,
Tomás Nido,31.0,DET,AL,-0.1,10.0,37.0,35.0,4.0,12.0,0.0,0.0,0.0,2.0,0.0,0.0,0.0,10.0,0.343,0.361,0.343,0.704,98.0,0.314,97.0,12.0,1.0,1.0,1.0,0.0,0.0,2/1,
Travis d'Arnaud,36.0,LAA,AL,-0.3,69.0,231.0,213.0,16.0,42.0,13.0,0.0,6.0,21.0,0.0,0.0,13.0,74.0,0.197,0.255,0.343,0.598,65.0,0.26,58.0,73.0,5.0,4.0,0.0,1.0,0.0,2/HD,
Travis Jankowski*,34.0,3TM,2LG,-0.3,25.0,50.0,45.0,8.0,11.0,2.0,0.0,0.0,2.0,2.0,0.0,3.0,12.0,0.244,0.286,0.289,0.575,62.0,0.26,53.0,13.0,0.0,0.0,1.0,1.0,0.0,9H/781D,
Travis Jankowski*,34.0,2TM,AL,-0.3,21.0,49.0,45.0,7.0,11.0,2.0,0.0,0.0,2.0,2.0,0.0,3.0,12.0,0.244,0.286,0.289,0.575,62.0,0.26,53.0,13.0,0.0,0.0,0.0,1.0,0.0,9/H78,
Travis Jankowski*,34.0,CHW,AL,-0.2,7.0,15.0,14.0,1.0,3.0,0.0,0.0,0.0,0.0,0.0,0.0,1.0,3.0,0.214,0.267,0.214,0.481,38.0,0.217,29.0,3.0,0.0,0.0,0.0,0.0,0.0,/9H8,
Travis Jankowski*,34.0,TBR,AL,0.0,14.0,34.0,31.0,6.0,8.0,2.0,0.0,0.0,2.0,2.0,0.0,2.0,9.0,0.258,0.294,0.323,0.617,73.0,0.279,64.0,10.0,0.0,0.0,0.0,1.0,0.0,/97H,
Travis Jankowski*,34.0,NYM,NL,0.0,4.0,1.0,0.0,1.0,0.0,0.0,0.0,0.0,0.0,0.0,0.0,0.0,0.0,,,,,,,,0.0,0.0,0.0,1.0,0.0,0.0,/H179D,
Trea Turner,32.0,PHI,NL,5.4,141.0,639.0,589.0,94.0,179.0,31.0,7.0,15.0,69.0,36.0,7.0,43.0,107.0,0.304,0.355,0.457,0.812,121.0,0.368,124.0,269.0,11.0,5.0,0.0,2.0,1.0,*6/DH,MVP-5
Trent Grisham*,28.0,NYY,AL,3.5,143.0,581.0,494.0,87.0,116.0,9.0,1.0,34.0,74.0,3.0,2.0,82.0,137.0,0.235,0.348,0.464,0.811,125.0,0.363,135.0,229.0,7.0,4.0,0.0,1.0,0.0,*8/H,
Trent Thornton,31.0,SEA,AL,0.0,1.0,0.0,0.0,0.0,0.0,0.0,0.0,0.0,0.0,0.0,0.0,0.0,0.0,,,,,,,,0.0,0.0,0.0,0.0,0.0,0.0,1,
Trenton Brooks*,29.0,SDP,NL,-0.5,25.0,43.0,41.0,5.0,6.0,2.0,0.0,1.0,2.0,0.0,0.0,2.0,13.0,0.146,0.186,0.268,0.454,24.0,0.198,13.0,11.0,2.0,0.0,0.0,0.0,0.0,HD/7,
Trevor Larnach*,28.0,MIN,AL,0.1,142.0,567.0,503.0,62.0,126.0,24.0,1.0,17.0,60.0,4.0,4.0,53.0,122.0,0.25,0.323,0.404,0.727,99.0,0.323,103.0,203.0,19.0,4.0,0.0,6.0,2.0,D97H,
Trevor Richards,32.0,KCR,AL,0.0,1.0,0.0,0.0,0.0,0.0,0.0,0.0,0.0,0.0,0.0,0.0,0.0,0.0,,,,,,,,0.0,0.0,0.0,0.0,0.0,0.0,/1,
Trevor Rogers*,27.0,BAL,AL,0.0,1.0,2.0,2.0,0.0,0.0,0.0,0.0,0.0,0.0,0.0,0.0,0.0,2.0,0.0,0.0,0.0,0.0,-100.0,0.0,-122.0,0.0,0.0,0.0,0.0,0.0,0.0,1,CYA-9
Trevor Story,32.0,BOS,AL,3.8,157.0,654.0,612.0,91.0,161.0,29.0,0.0,25.0,96.0,31.0,1.0,33.0,176.0,0.263,0.308,0.433,0.741,104.0,0.333,105.0,265.0,3.0,7.0,1.0,1.0,1.0,*6/HD,
Trey Lipscomb,25.0,WSN,NL,0.1,3.0,4.0,4.0,1.0,2.0,0.0,0.0,0.0,0.0,0.0,0.0,0.0,1.0,0.5,0.5,0.5,1.0,187.0,0.426,179.0,2.0,0.0,0.0,0.0,0.0,0.0,/356H,
Trey Sweeney*,25.0,DET,AL,-0.8,118.0,326.0,296.0,36.0,58.0,6.0,2.0,6.0,32.0,3.0,1.0,26.0,92.0,0.196,0.258,0.291,0.548,53.0,0.248,49.0,86.0,2.0,0.0,0.0,4.0,0.0,*6H,
Tristan Gray*,29.0,TBR,AL,0.2,30.0,86.0,78.0,9.0,18.0,5.0,0.0,3.0,9.0,0.0,0.0,6.0,19.0,0.231,0.282,0.41,0.693,91.0,0.296,86.0,32.0,0.0,0.0,1.0,1.0,0.0,4/635H,
Tristan Peters*,25.0,TBR,AL,-0.4,4.0,12.0,12.0,0.0,0.0,0.0,0.0,0.0,0.0,0.0,0.0,0.0,7.0,0.0,0.0,0.0,0.0,-100.0,0.0,-129.0,0.0,0.0,0.0,0.0,0.0,0.0,/8,
Tristin English,28.0,ARI,NL,-0.2,7.0,23.0,22.0,0.0,2.0,1.0,0.0,0.0,1.0,0.0,0.0,1.0,8.0,0.091,0.13,0.136,0.267,-26.0,0.124,-40.0,3.0,0.0,0.0,0.0,0.0,0.0,/3,
Triston Casas*,25.0,BOS,AL,-0.9,29.0,112.0,99.0,5.0,18.0,3.0,0.0,3.0,11.0,0.0,0.0,11.0,27.0,0.182,0.277,0.303,0.58,62.0,0.263,61.0,30.0,3.0,2.0,0.0,0.0,2.0,3/H,
Troy Johnston*,28.0,MIA,NL,0.3,44.0,121.0,112.0,12.0,31.0,2.0,1.0,4.0,13.0,2.0,2.0,8.0,26.0,0.277,0.331,0.42,0.75,107.0,0.333,111.0,47.0,1.0,1.0,0.0,0.0,0.0,397/HD,
Tsung-Che Cheng*,23.0,PIT,NL,0.0,3.0,7.0,7.0,0.0,0.0,0.0,0.0,0.0,0.0,0.0,1.0,0.0,3.0,0.0,0.0,0.0,0.0,-100.0,0.057,-35.0,0.0,0.0,0.0,0.0,0.0,0.0,/64,
Tucker Barnhart*,34.0,TEX,AL,0.0,8.0,15.0,13.0,0.0,3.0,0.0,0.0,0.0,0.0,0.0,0.0,1.0,4.0,0.231,0.333,0.231,0.564,72.0,0.271,81.0,3.0,2.0,1.0,0.0,0.0,0.0,/21,
Ty France,30.0,2TM,AL,1.0,138.0,490.0,444.0,50.0,114.0,25.0,0.0,7.0,52.0,1.0,0.0,22.0,83.0,0.257,0.32,0.36,0.681,88.0,0.307,90.0,160.0,11.0,21.0,0.0,3.0,1.0,*3H/D4,GG
Ty France,30.0,MIN,AL,0.8,101.0,387.0,350.0,41.0,88.0,19.0,0.0,6.0,44.0,1.0,0.0,19.0,63.0,0.251,0.32,0.357,0.678,87.0,0.309,91.0,125.0,8.0,17.0,0.0,1.0,0.0,3/H4,
Ty France,30.0,TOR,AL,0.2,37.0,103.0,94.0,9.0,26.0,6.0,0.0,1.0,8.0,0.0,0.0,3.0,20.0,0.277,0.32,0.372,0.693,91.0,0.299,84.0,35.0,3.0,4.0,0.0,2.0,1.0,3H/D,
Tyler Alexander,30.0,CHW,AL,0.0,1.0,1.0,1.0,0.0,0.0,0.0,0.0,0.0,0.0,0.0,0.0,0.0,0.0,0.0,0.0,0.0,0.0,-100.0,0.0,-136.0,0.0,0.0,0.0,0.0,0.0,0.0,1,
Tyler Black*,24.0,MIL,NL,0.1,5.0,13.0,8.0,1.0,2.0,1.0,0.0,0.0,1.0,0.0,1.0,5.0,1.0,0.25,0.538,0.375,0.913,163.0,0.395,181.0,3.0,0.0,0.0,0.0,0.0,0.0,/H379,
Tyler Callihan*,25.0,CIN,NL,-0.2,4.0,6.0,6.0,0.0,1.0,0.0,0.0,0.0,1.0,0.0,0.0,0.0,1.0,0.167,0.167,0.167,0.333,-9.0,0.15,-27.0,1.0,0.0,0.0,0.0,0.0,0.0,/74,
Tyler Ferguson,31.0,ATH,AL,0.0,1.0,0.0,0.0,0.0,0.0,0.0,0.0,0.0,0.0,0.0,0.0,0.0,0.0,,,,,,,,0.0,0.0,0.0,0.0,0.0,0.0,1,
Tyler Fitzgerald,27.0,SFG,NL,0.9,72.0,243.0,217.0,19.0,47.0,10.0,1.0,4.0,14.0,9.0,4.0,17.0,70.0,0.217,0.278,0.327,0.606,74.0,0.276,75.0,71.0,3.0,2.0,6.0,1.0,0.0,4/H9,
Tyler Freeman,26.0,COL,NL,-1.3,110.0,428.0,377.0,50.0,106.0,20.0,2.0,2.0,31.0,18.0,9.0,34.0,51.0,0.281,0.354,0.361,0.715,92.0,0.324,93.0,136.0,10.0,11.0,2.0,4.0,0.0,9D4H/57,
Tyler Heineman#,34.0,TOR,AL,1.9,61.0,174.0,149.0,25.0,43.0,8.0,1.0,3.0,20.0,2.0,0.0,12.0,31.0,0.289,0.361,0.416,0.777,114.0,0.339,112.0,62.0,1.0,6.0,5.0,2.0,0.0,2/H1,
Tyler Locklear,24.0,ARI,NL,-1.1,31.0,116.0,103.0,11.0,18.0,0.0,0.0,3.0,6.0,3.0,1.0,10.0,43.0,0.175,0.267,0.262,0.529,48.0,0.248,47.0,27.0,3.0,3.0,0.0,0.0,0.0,3/H,
Tyler Matzek*,34.0,NYY,AL,0.0,2.0,0.0,0.0,0.0,0.0,0.0,0.0,0.0,0.0,0.0,0.0,0.0,0.0,,,,,,,,0.0,0.0,0.0,0.0,0.0,0.0,/1,
Tyler O'Neill,30.0,BAL,AL,-0.6,54.0,209.0,181.0,22.0,36.0,6.0,1.0,9.0,26.0,4.0,0.0,22.0,51.0,0.199,0.292,0.392,0.684,92.0,0.302,90.0,71.0,2.0,3.0,0.0,3.0,1.0,9D/7H,
Tyler Owens,24.0,DET,AL,0.0,1.0,0.0,0.0,0.0,0.0,0.0,0.0,0.0,0.0,0.0,0.0,0.0,0.0,,,,,,,,0.0,0.0,0.0,0.0,0.0,0.0,/1,
Tyler Rogers,34.0,SFG,NL,0.0,1.0,0.0,0.0,0.0,0.0,0.0,0.0,0.0,0.0,0.0,0.0,0.0,0.0,,,,,,,,0.0,0.0,0.0,0.0,0.0,0.0,1,
Tyler Soderstrom*,23.0,ATH,AL,4.3,158.0,624.0,561.0,75.0,155.0,34.0,1.0,25.0,93.0,8.0,3.0,55.0,141.0,0.276,0.346,0.474,0.82,126.0,0.352,125.0,266.0,18.0,6.0,0.0,2.0,2.0,73H/D,
Tyler Stephenson,28.0,CIN,NL,1.3,88.0,342.0,299.0,40.0,69.0,18.0,0.0,13.0,50.0,0.0,1.0,37.0,116.0,0.231,0.316,0.421,0.737,98.0,0.327,99.0,126.0,4.0,2.0,0.0,4.0,1.0,2D/H,
Tyler Tolbert,27.0,KCR,AL,0.2,64.0,57.0,50.0,19.0,14.0,2.0,0.0,1.0,6.0,21.0,2.0,1.0,11.0,0.28,0.321,0.38,0.701,96.0,0.392,105.0,19.0,1.0,3.0,1.0,2.0,0.0,H87/4695D,
Tyler Wade*,30.0,SDP,NL,-0.6,59.0,127.0,107.0,13.0,22.0,1.0,2.0,0.0,9.0,1.0,2.0,15.0,31.0,0.206,0.309,0.252,0.561,59.0,0.262,61.0,27.0,0.0,1.0,4.0,0.0,0.0,8H7/459D61,
Tyrone Taylor,31.0,NYM,NL,1.0,113.0,341.0,310.0,34.0,69.0,18.0,3.0,2.0,27.0,12.0,2.0,16.0,76.0,0.223,0.279,0.319,0.598,70.0,0.276,70.0,99.0,4.0,9.0,3.0,2.0,1.0,*8H/79,
Victor Caratini#,31.0,HOU,AL,0.9,114.0,386.0,344.0,35.0,89.0,14.0,0.0,12.0,46.0,1.0,0.0,23.0,65.0,0.259,0.324,0.404,0.728,101.0,0.319,101.0,139.0,8.0,13.0,0.0,6.0,0.0,2DH3,
Victor Scott II*,24.0,STL,NL,2.2,138.0,463.0,398.0,54.0,86.0,15.0,1.0,5.0,37.0,34.0,4.0,42.0,111.0,0.216,0.305,0.296,0.601,72.0,0.288,71.0,118.0,3.0,10.0,10.0,3.0,0.0,*8/97,
Victor Vodnik,25.0,COL,NL,0.0,1.0,0.0,0.0,0.0,0.0,0.0,0.0,0.0,0.0,0.0,0.0,0.0,0.0,,,,,,,,0.0,0.0,0.0,0.0,0.0,0.0,1,
Vidal Bruján#,27.0,3TM,2LG,0.1,60.0,95.0,87.0,14.0,22.0,5.0,0.0,0.0,8.0,2.0,1.0,6.0,21.0,0.253,0.305,0.31,0.616,77.0,0.274,74.0,27.0,1.0,1.0,0.0,1.0,0.0,H56/9748D1,
Vidal Bruján#,27.0,2TM,NL,0.1,59.0,94.0,86.0,14.0,21.0,5.0,0.0,0.0,8.0,2.0,1.0,6.0,21.0,0.244,0.298,0.302,0.6,73.0,0.268,69.0,26.0,1.0,1.0,0.0,1.0,0.0,H56/974D18,
Vidal Bruján#,27.0,CHC,NL,-0.4,36.0,47.0,45.0,6.0,10.0,3.0,0.0,0.0,3.0,2.0,1.0,1.0,12.0,0.222,0.234,0.289,0.523,51.0,0.224,42.0,13.0,1.0,0.0,0.0,1.0,0.0,H5/749D68,
Vidal Bruján#,27.0,BAL,AL,0.1,1.0,1.0,1.0,0.0,1.0,0.0,0.0,0.0,0.0,0.0,0.0,0.0,0.0,1.0,1.0,1.0,2.0,471.0,0.889,536.0,1.0,0.0,0.0,0.0,0.0,0.0,/8,
Vidal Bruján#,27.0,ATL,NL,0.5,23.0,47.0,41.0,8.0,11.0,2.0,0.0,0.0,5.0,0.0,0.0,5.0,9.0,0.268,0.362,0.317,0.679,95.0,0.311,97.0,13.0,0.0,1.0,0.0,0.0,0.0,6/H591,
Vimael Machín*,31.0,BAL,AL,0.1,4.0,12.0,11.0,1.0,1.0,0.0,0.0,1.0,1.0,0.0,0.0,1.0,2.0,0.091,0.167,0.364,0.53,44.0,0.225,37.0,4.0,0.0,0.0,0.0,0.0,0.0,/5,
Vinnie Pasquantino*,27.0,KCR,AL,2.4,160.0,682.0,621.0,72.0,164.0,33.0,1.0,32.0,113.0,1.0,0.0,49.0,107.0,0.264,0.323,0.475,0.798,120.0,0.343,121.0,295.0,14.0,7.0,0.0,5.0,5.0,*3D,
Vinny Capra,28.0,2TM,2LG,-0.5,47.0,105.0,96.0,10.0,12.0,2.0,0.0,1.0,6.0,2.0,0.0,3.0,25.0,0.125,0.157,0.177,0.334,-6.0,0.173,-10.0,17.0,5.0,1.0,3.0,2.0,0.0,56H/41D,
Vinny Capra,28.0,MIL,NL,-0.6,24.0,59.0,54.0,6.0,4.0,0.0,0.0,1.0,4.0,1.0,0.0,2.0,15.0,0.074,0.121,0.13,0.25,-30.0,0.154,-22.0,7.0,4.0,1.0,1.0,1.0,0.0,5/H46D,
Vinny Capra,28.0,CHW,AL,0.2,23.0,46.0,42.0,4.0,8.0,2.0,0.0,0.0,2.0,1.0,0.0,1.0,10.0,0.19,0.205,0.238,0.443,24.0,0.199,7.0,10.0,1.0,0.0,2.0,1.0,0.0,6/541HD,
Vladimir Guerrero Jr.,26.0,TOR,AL,4.6,156.0,680.0,589.0,96.0,172.0,34.0,0.0,23.0,84.0,6.0,3.0,81.0,94.0,0.292,0.381,0.467,0.848,133.0,0.365,133.0,275.0,17.0,6.0,0.0,4.0,8.0,*3D/H,"AS,MVP-13"
Víctor Mesa Jr.*,23.0,MIA,NL,0.1,16.0,38.0,32.0,7.0,6.0,2.0,0.0,1.0,6.0,0.0,0.0,5.0,5.0,0.188,0.297,0.344,0.641,78.0,0.287,74.0,11.0,0.0,0.0,1.0,0.0,0.0,/798H,
Víctor Robles,28.0,SEA,AL,-0.2,32.0,114.0,106.0,12.0,26.0,4.0,1.0,1.0,9.0,6.0,2.0,3.0,26.0,0.245,0.281,0.33,0.611,77.0,0.282,82.0,35.0,3.0,3.0,0.0,2.0,0.0,9/H8,
Warming Bernabel,23.0,COL,NL,0.0,40.0,146.0,139.0,15.0,35.0,8.0,1.0,4.0,14.0,1.0,1.0,7.0,25.0,0.252,0.288,0.41,0.698,84.0,0.311,85.0,57.0,2.0,0.0,0.0,0.0,0.0,3/5DH,
Wenceel Pérez#,25.0,DET,AL,0.8,100.0,383.0,344.0,47.0,84.0,17.0,4.0,13.0,43.0,8.0,3.0,31.0,87.0,0.244,0.308,0.43,0.738,103.0,0.316,98.0,148.0,5.0,3.0,0.0,5.0,0.0,98/H7D,
Weston Wilson,30.0,PHI,NL,-0.5,52.0,125.0,111.0,15.0,22.0,4.0,0.0,5.0,17.0,2.0,3.0,12.0,34.0,0.198,0.282,0.369,0.652,77.0,0.289,80.0,41.0,1.0,1.0,1.0,0.0,0.0,74/3H1D5,
Will Banfield,25.0,CIN,NL,-0.2,7.0,10.0,10.0,0.0,1.0,0.0,0.0,0.0,0.0,0.0,0.0,0.0,6.0,0.1,0.1,0.1,0.2,-45.0,0.09,-70.0,1.0,1.0,0.0,0.0,0.0,0.0,/2,
Will Benson*,27.0,CIN,NL,0.6,90.0,253.0,230.0,31.0,52.0,8.0,2.0,12.0,41.0,2.0,2.0,16.0,67.0,0.226,0.273,0.435,0.708,88.0,0.301,81.0,100.0,4.0,1.0,0.0,6.0,1.0,97H8/D,
Will Brennan*,27.0,CLE,AL,-0.2,6.0,13.0,11.0,0.0,1.0,0.0,0.0,0.0,0.0,0.0,1.0,1.0,1.0,0.091,0.231,0.091,0.322,-5.0,0.131,-7.0,1.0,1.0,1.0,0.0,0.0,0.0,/98H,
Will Robertson*,27.0,2TM,AL,-1.1,27.0,75.0,70.0,2.0,9.0,1.0,0.0,0.0,9.0,0.0,0.0,2.0,27.0,0.129,0.173,0.143,0.316,-10.0,0.149,-22.0,10.0,1.0,2.0,0.0,1.0,0.0,7/9H8D,
Will Robertson*,27.0,TOR,AL,-0.2,3.0,12.0,10.0,0.0,1.0,0.0,0.0,0.0,1.0,0.0,0.0,1.0,7.0,0.1,0.25,0.1,0.35,3.0,0.191,6.0,1.0,1.0,1.0,0.0,0.0,0.0,/789,
Will Robertson*,27.0,CHW,AL,-0.8,24.0,63.0,60.0,2.0,8.0,1.0,0.0,0.0,8.0,0.0,0.0,1.0,20.0,0.133,0.159,0.15,0.309,-12.0,0.141,-27.0,9.0,0.0,1.0,0.0,1.0,0.0,7/9HD,
Will Smith,30.0,LAD,NL,4.5,110.0,436.0,362.0,64.0,107.0,20.0,1.0,17.0,61.0,2.0,3.0,64.0,89.0,0.296,0.404,0.497,0.901,152.0,0.387,151.0,180.0,7.0,5.0,0.0,5.0,1.0,2H/D,"AS,MVP-20"
Will Wagner*,26.0,2TM,2LG,-0.6,55.0,149.0,129.0,15.0,29.0,7.0,0.0,0.0,7.0,1.0,0.0,17.0,28.0,0.225,0.324,0.279,0.603,70.0,0.297,82.0,36.0,3.0,2.0,1.0,0.0,0.0,5H3/D4,
Will Wagner*,26.0,TOR,AL,-0.5,40.0,132.0,114.0,13.0,27.0,7.0,0.0,0.0,7.0,1.0,0.0,15.0,26.0,0.237,0.336,0.298,0.634,78.0,0.311,92.0,34.0,2.0,2.0,1.0,0.0,0.0,53/DH4,
Will Wagner*,26.0,SDP,NL,-0.1,15.0,17.0,15.0,2.0,2.0,0.0,0.0,0.0,0.0,0.0,0.0,2.0,2.0,0.133,0.235,0.133,0.369,6.0,0.188,6.0,2.0,1.0,0.0,0.0,0.0,0.0,H/45,
Will Wilson,26.0,CLE,AL,-0.5,34.0,91.0,78.0,7.0,15.0,4.0,0.0,0.0,2.0,2.0,0.0,7.0,34.0,0.192,0.267,0.244,0.511,44.0,0.238,34.0,19.0,1.0,1.0,5.0,0.0,0.0,45/H1D,
Willi Castro#,28.0,2TM,2LG,-0.2,120.0,454.0,402.0,58.0,91.0,17.0,3.0,11.0,33.0,10.0,4.0,40.0,111.0,0.226,0.313,0.366,0.679,89.0,0.303,89.0,147.0,12.0,11.0,1.0,0.0,1.0,4975/86H1,
Willi Castro#,28.0,MIN,AL,0.3,86.0,344.0,302.0,48.0,74.0,15.0,2.0,10.0,27.0,9.0,3.0,32.0,84.0,0.245,0.335,0.407,0.743,104.0,0.326,103.0,123.0,9.0,9.0,1.0,0.0,1.0,4795/618H,
Willi Castro#,28.0,CHC,NL,-0.5,34.0,110.0,100.0,10.0,17.0,2.0,1.0,1.0,6.0,1.0,1.0,8.0,27.0,0.17,0.245,0.24,0.485,42.0,0.23,47.0,24.0,3.0,2.0,0.0,0.0,0.0,95/48H7,
William Contreras,27.0,MIL,NL,3.9,150.0,659.0,566.0,89.0,147.0,28.0,0.0,17.0,76.0,6.0,4.0,84.0,120.0,0.26,0.355,0.399,0.754,111.0,0.342,117.0,226.0,14.0,3.0,0.0,6.0,4.0,*2D/37,
Willie MacIver,28.0,ATH,AL,-0.2,32.0,111.0,102.0,7.0,19.0,5.0,0.0,3.0,9.0,3.0,0.0,7.0,27.0,0.186,0.252,0.324,0.576,59.0,0.259,53.0,33.0,1.0,2.0,0.0,0.0,0.0,2/1,
Willson Contreras,33.0,STL,NL,2.5,135.0,563.0,490.0,70.0,126.0,31.0,1.0,20.0,80.0,5.0,1.0,44.0,142.0,0.257,0.344,0.447,0.791,123.0,0.349,123.0,219.0,15.0,23.0,1.0,4.0,1.0,*3D,
Willy Adames,29.0,SFG,NL,3.7,160.0,686.0,591.0,94.0,133.0,22.0,2.0,30.0,87.0,12.0,4.0,80.0,179.0,0.225,0.318,0.421,0.74,111.0,0.326,110.0,249.0,9.0,5.0,0.0,9.0,2.0,*6/D,
Wilmer Flores,33.0,SFG,NL,0.3,125.0,463.0,419.0,44.0,101.0,10.0,0.0,16.0,71.0,1.0,0.0,34.0,88.0,0.241,0.307,0.379,0.686,96.0,0.312,101.0,159.0,14.0,7.0,0.0,3.0,0.0,D3H/5,
Wilyer Abreu*,26.0,BOS,AL,3.2,115.0,417.0,373.0,53.0,92.0,17.0,0.0,22.0,69.0,6.0,3.0,40.0,101.0,0.247,0.317,0.469,0.786,116.0,0.332,112.0,175.0,8.0,0.0,1.0,3.0,5.0,9H/D,GG
Wyatt Langford,23.0,TEX,AL,5.6,134.0,573.0,489.0,73.0,118.0,25.0,1.0,22.0,62.0,22.0,6.0,74.0,151.0,0.241,0.344,0.431,0.775,127.0,0.342,130.0,211.0,9.0,5.0,0.0,5.0,3.0,*78/H,
Xander Bogaerts,32.0,SDP,NL,2.0,136.0,552.0,491.0,63.0,129.0,30.0,0.0,11.0,53.0,20.0,2.0,48.0,94.0,0.263,0.328,0.391,0.72,99.0,0.32,94.0,192.0,12.0,4.0,1.0,8.0,3.0,*6/DH,
Xavier Edwards#,25.0,MIA,NL,3.2,139.0,619.0,561.0,75.0,159.0,20.0,5.0,3.0,43.0,27.0,7.0,49.0,88.0,0.283,0.343,0.353,0.695,94.0,0.317,93.0,198.0,6.0,3.0,3.0,3.0,2.0,46/HD,
Yainer Diaz,26.0,HOU,AL,2.7,143.0,567.0,542.0,56.0,139.0,25.0,1.0,20.0,70.0,1.0,1.0,20.0,95.0,0.256,0.284,0.417,0.701,92.0,0.309,94.0,226.0,13.0,2.0,0.0,3.0,2.0,*2D/H,
Yandy Díaz,33.0,TBR,AL,3.4,150.0,651.0,583.0,79.0,175.0,29.0,1.0,25.0,83.0,3.0,1.0,57.0,92.0,0.3,0.366,0.482,0.848,136.0,0.364,136.0,281.0,12.0,6.0,0.0,5.0,4.0,*D3,MVP-18
Yanquiel Fernández*,22.0,COL,NL,-0.8,52.0,147.0,138.0,13.0,31.0,5.0,0.0,4.0,11.0,0.0,0.0,8.0,44.0,0.225,0.265,0.348,0.613,62.0,0.269,54.0,48.0,4.0,0.0,0.0,1.0,0.0,D9/H7,
Yennier Cano,31.0,BAL,AL,0.0,1.0,0.0,0.0,0.0,0.0,0.0,0.0,0.0,0.0,0.0,0.0,0.0,0.0,,,,,,,,0.0,0.0,0.0,0.0,0.0,0.0,1,
Yerry De los Santos,27.0,NYY,AL,0.0,1.0,0.0,0.0,0.0,0.0,0.0,0.0,0.0,0.0,0.0,0.0,0.0,0.0,,,,,,,,0.0,0.0,0.0,0.0,0.0,0.0,1,
Yimi García,34.0,TOR,AL,0.0,1.0,0.0,0.0,0.0,0.0,0.0,0.0,0.0,0.0,0.0,0.0,0.0,0.0,,,,,,,,0.0,0.0,0.0,0.0,0.0,0.0,1,
Yohel Pozo,28.0,STL,NL,0.2,67.0,168.0,160.0,16.0,37.0,8.0,0.0,5.0,19.0,0.0,0.0,7.0,22.0,0.231,0.262,0.375,0.637,78.0,0.281,76.0,60.0,4.0,0.0,0.0,1.0,0.0,2H/3D,
Yordan Alvarez*,28.0,HOU,AL,0.7,48.0,199.0,165.0,17.0,45.0,8.0,0.0,6.0,27.0,1.0,1.0,28.0,33.0,0.273,0.367,0.43,0.797,121.0,0.339,117.0,71.0,1.0,0.0,0.0,6.0,5.0,D7/H,
Yoán Moncada#,30.0,LAA,AL,0.7,84.0,289.0,248.0,39.0,58.0,13.0,2.0,12.0,35.0,0.0,0.0,32.0,75.0,0.234,0.336,0.448,0.783,116.0,0.339,116.0,111.0,4.0,7.0,0.0,2.0,1.0,5H/D,
Yuli Gurriel,41.0,SDP,NL,-0.5,16.0,40.0,36.0,2.0,4.0,1.0,0.0,0.0,3.0,0.0,0.0,4.0,8.0,0.111,0.2,0.139,0.339,-3.0,0.169,-9.0,5.0,0.0,0.0,0.0,0.0,0.0,D/H3,
Zac Veen*,23.0,COL,NL,-0.3,12.0,37.0,34.0,1.0,4.0,1.0,0.0,1.0,2.0,1.0,1.0,2.0,14.0,0.118,0.189,0.235,0.424,13.0,0.182,-2.0,8.0,0.0,1.0,0.0,0.0,0.0,/79H,
Zach Agnos,24.0,COL,NL,0.0,1.0,0.0,0.0,0.0,0.0,0.0,0.0,0.0,0.0,0.0,0.0,0.0,0.0,,,,,,,,0.0,0.0,0.0,0.0,0.0,0.0,1,
Zach Cole*,24.0,HOU,AL,0.6,15.0,52.0,47.0,9.0,12.0,2.0,0.0,4.0,11.0,3.0,0.0,5.0,20.0,0.255,0.327,0.553,0.88,139.0,0.382,137.0,26.0,0.0,0.0,0.0,0.0,0.0,/798H,
Zach Dezenzo,25.0,HOU,AL,0.1,34.0,109.0,98.0,17.0,24.0,6.0,0.0,2.0,10.0,1.0,0.0,11.0,37.0,0.245,0.321,0.367,0.688,92.0,0.313,95.0,36.0,2.0,0.0,0.0,0.0,0.0,79/D3H,
Zach McKinstry*,30.0,DET,AL,2.8,144.0,511.0,452.0,68.0,117.0,23.0,11.0,12.0,49.0,19.0,5.0,46.0,111.0,0.259,0.333,0.438,0.771,113.0,0.336,111.0,198.0,6.0,7.0,1.0,5.0,1.0,5697H/4D13,"AS,SS"
Zach Neto,24.0,LAA,AL,5.1,128.0,554.0,502.0,82.0,129.0,29.0,1.0,26.0,62.0,26.0,9.0,33.0,149.0,0.257,0.319,0.474,0.793,117.0,0.341,115.0,238.0,5.0,14.0,2.0,3.0,6.0,*6/H,
Zach Pop,28.0,SEA,AL,0.0,1.0,0.0,0.0,0.0,0.0,0.0,0.0,0.0,0.0,0.0,0.0,0.0,0.0,,,,,,,,0.0,0.0,0.0,0.0,0.0,0.0,/1,
Zack Gelof,25.0,ATH,AL,-0.1,30.0,101.0,92.0,12.0,16.0,3.0,0.0,2.0,7.0,1.0,2.0,7.0,46.0,0.174,0.23,0.272,0.502,39.0,0.24,48.0,25.0,0.0,0.0,1.0,1.0,0.0,4,
Zack Short,30.0,HOU,AL,0.0,22.0,56.0,50.0,9.0,11.0,2.0,0.0,2.0,7.0,0.0,1.0,4.0,18.0,0.22,0.291,0.38,0.671,85.0,0.278,78.0,19.0,0.0,1.0,1.0,0.0,0.0,6/HD,
Ángel Martínez#,23.0,CLE,AL,-0.7,139.0,484.0,446.0,56.0,100.0,23.0,2.0,11.0,45.0,8.0,2.0,23.0,110.0,0.224,0.269,0.359,0.628,73.0,0.275,68.0,160.0,8.0,6.0,5.0,4.0,0.0,*84H/97,
