Team,TriCode,Season,GameType,Skaters,Goalies,SkaterGP,SkaterG,SkaterA,SkaterPTS,SkaterPM,SkaterPIM,SkaterPPG,SkaterSHG,SkaterGWG,SkaterOTG,SkaterS,SkaterS%,GoalieGP,GoalieGS,GoalieW,GoalieL,GoalieOTL,GoalieGAA,GoalieSV%,GoalieSA,GoalieSaves,GoalieGA,GoalieSO,SourceDate
Anaheim Ducks,ANA,20252026,2,26,4,1418,256,447,703,-63,775,43,8,33,9,2440,0.10491803278688525,82,77,41,31,5,3.253152028916907,0.8852459016393442,2196,1944,252,0,2026-04-06T19:50:58Z
Boston Bruins,BOS,20252026,2,28,3,1405,256,443,699,112,907,55,2,39,8,2122,0.12064090480678605,82,78,43,26,9,2.876151556501389,0.9023013460703431,2303,2078,226,2,2026-04-06T19:50:59Z
Buffalo Sabres,BUF,20252026,2,31,3,1552,277,462,739,84,928,48,10,44,3,2358,0.11747243426632739,82,77,46,23,8,2.749606401337335,0.9061662198391421,2238,2028,212,4,2026-04-06T19:50:59Z
Calgary Flames,CGY,20252026,2,33,2,1384,188,272,460,-153,717,32,11,30,3,1952,0.09631147540983606,83,76,32,36,8,2.9292321164687207,0.90150842945874,2254,2032,223,2,2026-04-06T19:50:59Z
Carolina Hurricanes,CAR,20252026,2,27,4,1425,272,441,713,114,624,57,12,44,8,2523,0.10780816488307571,81,80,51,23,6,2.7960537670783654,0.8823529411764706,1904,1680,225,3,2026-04-06T19:50:59Z
Chicago Blackhawks,CHI,20252026,2,24,3,1236,186,306,492,-270,572,38,4,24,4,1743,0.10671256454388985,79,77,28,35,14,3.0078531215261592,0.8998280309544282,2326,2093,233,5,2026-04-06T19:51:00Z
Colorado Avalanche,COL,20252026,2,30,3,1477,293,539,832,362,584,47,1,44,3,2745,0.10673952641165756,82,76,50,16,10,2.321091627022577,0.9105691056910569,1968,1792,177,7,2026-04-06T19:51:00Z
Columbus Blue Jackets,CBJ,20252026,2,29,2,1462,244,425,669,46,673,37,6,34,5,2377,0.10265039966344132,80,77,38,27,12,2.8738039240954927,0.8997752808988764,2225,2002,223,3,2026-04-06T19:51:00Z
Dallas Stars,DAL,20252026,2,28,2,1506,267,473,740,65,686,72,4,41,5,2131,0.12529328953542937,79,77,45,20,12,2.5083233668422924,0.9033864541832669,2008,1814,194,4,2026-04-06T19:51:01Z
Detroit Red Wings,DET,20252026,2,27,2,1442,240,401,641,-85,625,56,2,41,9,2293,0.10466637592673354,84,77,40,29,8,2.7878530289987142,0.8982970671712394,2114,1899,215,4,2026-04-06T19:51:01Z
Edmonton Oilers,EDM,20252026,2,29,3,1449,267,461,728,-25,747,63,7,40,9,2353,0.1134721631959201,75,67,37,24,6,3.1651749719420934,0.8854881266490765,1895,1678,217,4,2026-04-06T19:51:01Z
Florida Panthers,FLA,20252026,2,32,2,1422,231,370,601,-215,890,51,6,34,3,2206,0.10471441523118767,80,77,37,37,3,3.1098757712340106,0.8831867057673509,2046,1807,239,4,2026-04-06T19:51:02Z
Los Angeles Kings,LAK,20252026,2,26,3,1375,215,368,583,-28,569,35,10,31,8,2163,0.09939898289412853,81,76,31,26,19,2.7577734015068023,0.8972736124634859,2054,1843,212,5,2026-04-06T19:51:02Z
Minnesota Wild,MIN,20252026,2,30,2,1497,266,466,732,46,715,64,7,41,11,2465,0.10791075050709939,80,77,44,21,12,2.620760534429599,0.9109347442680776,2268,2066,204,8,2026-04-06T19:51:02Z
Montréal Canadiens,MTL,20252026,2,28,3,1432,267,464,731,129,762,53,8,42,10,2086,0.12799616490891658,80,77,45,22,10,2.900148945921173,0.894266917293233,2128,1903,225,1,2026-04-06T19:51:02Z
Nashville Predators,NSH,20252026,2,22,2,1127,195,329,524,-126,525,42,6,29,5,1794,0.10869565217391304,81,76,36,31,9,3.0714595631264423,0.895468820098699,2229,1996,234,0,2026-04-06T19:51:03Z
New Jersey Devils,NJD,20252026,2,31,3,1321,217,348,565,-129,592,44,6,37,8,2275,0.09538461538461539,79,77,40,34,3,2.861313024754693,0.8956646021915198,2099,1880,220,2,2026-04-06T19:51:03Z
New York Islanders,NYI,20252026,2,27,3,1480,237,376,613,-54,646,41,9,40,10,2263,0.10472823685373397,82,78,42,31,5,2.7161067706005397,0.9033440219880898,2183,1972,211,9,2026-04-06T19:51:03Z
New York Rangers,NYR,20252026,2,30,4,1290,202,355,557,-74,534,48,6,27,6,1746,0.1156930126002291,81,78,33,36,9,2.742652084757348,0.9047619047619048,2247,2033,214,3,2026-04-06T19:51:04Z
Ottawa Senators,OTT,20252026,2,30,4,1382,252,430,682,82,722,53,6,37,3,2237,0.1126508717031739,80,77,40,26,10,2.967274637023097,0.8781014023732471,1854,1628,226,3,2026-04-06T19:51:04Z
Philadelphia Flyers,PHI,20252026,2,29,3,1346,206,360,566,29,676,31,6,27,6,1888,0.10911016949152542,83,77,39,26,12,2.7452908853776914,0.889974293059126,1945,1731,214,0,2026-04-06T19:51:04Z
Pittsburgh Penguins,PIT,20252026,2,34,3,1479,284,477,761,118,633,56,6,39,4,2325,0.1221505376344086,89,88,42,27,19,2.922881198816016,0.889760348583878,2295,2042,254,5,2026-04-06T19:51:04Z
San Jose Sharks,SJS,20252026,2,25,3,1298,239,378,617,-198,610,54,4,36,11,1959,0.12200102092904543,81,75,36,32,7,3.2999323602574004,0.8885869565217391,2208,1962,248,0,2026-04-06T19:51:04Z
Seattle Kraken,SEA,20252026,2,25,3,1341,221,345,566,-55,551,44,2,33,6,1962,0.1126401630988787,80,75,32,32,11,2.8017217531784935,0.9042163153070577,2182,1973,211,2,2026-04-06T19:51:05Z
St. Louis Blues,STL,20252026,2,26,2,1236,178,322,500,-37,518,31,4,26,3,1714,0.10385064177362893,81,76,33,31,12,2.909429799812882,0.8936477382098171,2078,1857,222,7,2026-04-06T19:51:05Z
Tampa Bay Lightning,TBL,20252026,2,29,3,1363,282,490,772,263,1015,54,6,43,5,2214,0.12737127371273713,79,76,48,22,6,2.5795884942163987,0.9040079168728352,2021,1827,196,2,2026-04-06T19:51:05Z
Toronto Maple Leafs,TOR,20252026,2,26,4,1222,208,355,563,-164,629,36,4,27,8,1818,0.11441144114411442,82,74,30,30,14,3.213169363602753,0.9013322231473772,2402,2165,239,3,2026-04-06T19:51:05Z
Utah Mammoth,UTA,20252026,2,26,2,1406,251,418,669,131,788,41,7,40,9,2213,0.11342069588793494,79,76,40,30,6,2.7465896878175102,0.8950836289913837,1973,1766,208,3,2026-04-06T19:51:05Z
Vancouver Canucks,VAN,20252026,2,29,4,1234,174,288,462,-357,618,39,6,14,1,1680,0.10357142857142858,83,76,22,46,8,3.5524317503173126,0.8801966919982119,2237,1969,269,1,2026-04-06T19:51:06Z
Vegas Golden Knights,VGK,20252026,2,29,4,1440,261,453,714,-28,665,58,5,35,7,2364,0.11040609137055837,82,77,35,26,16,2.859309930306109,0.8810926620246384,1867,1645,222,3,2026-04-06T19:51:06Z
Washington Capitals,WSH,20252026,2,26,3,1375,235,380,615,65,701,41,4,37,4,2107,0.1115329852871381,79,78,39,30,9,2.775034634648858,0.9015426497277677,2204,1987,217,3,2026-04-06T19:51:06Z
Winnipeg Jets,WPG,20252026,2,28,3,1262,201,354,555,-39,435,36,6,28,5,1867,0.10765934654525977,78,76,33,31,12,2.827614173142049,0.8970306513409961,2088,1873,215,0,2026-04-06T19:51:06Z
Anaheim Ducks,ANA,20242025,2,29,4,1476,217,360,577,-42,713,26,3,31,7,2269,0.09563684442485676,89,82,35,37,10,3.02383241410717,0.9059180576631259,2636,2388,249,1,2026-04-06T19:50:47Z
Boston Bruins,BOS,20242025,2,40,2,1476,222,356,578,-162,789,35,6,33,7,2174,0.10211591536338546,85,82,33,39,10,3.0486049245131546,0.8924731182795699,2325,2075,250,7,2026-04-06T19:50:48Z
Buffalo Sabres,BUF,20242025,2,30,3,1476,265,431,696,-61,817,43,10,32,3,2278,0.11633011413520632,86,82,36,39,7,3.2109919963505265,0.8886518771331058,2344,2083,262,3,2026-04-06T19:50:48Z
Calgary Flames,CGY,20242025,2,35,2,1476,220,353,573,-61,728,49,7,36,5,2414,0.09113504556752279,83,82,41,27,14,2.6957327638312445,0.9054684188215345,2359,2136,223,5,2026-04-06T19:50:48Z
Carolina Hurricanes,CAR,20242025,2,32,5,1475,266,437,703,129,622,46,10,47,5,2597,0.10242587601078167,85,82,47,30,5,2.6610982991725796,0.8937007874015748,2032,1816,217,5,2026-04-06T19:50:49Z
Chicago Blackhawks,CHI,20242025,2,33,4,1476,224,379,603,-366,685,47,6,23,3,2004,0.11177644710578842,86,82,25,46,11,3.2859644122317686,0.8939873417721519,2528,2260,269,0,2026-04-06T19:50:49Z
Colorado Avalanche,COL,20242025,2,43,6,1476,273,458,731,110,536,58,5,45,5,2450,0.11142857142857143,88,82,49,29,4,2.5768100727369405,0.9002375296912114,2105,1895,210,5,2026-04-06T19:50:50Z
Columbus Blue Jackets,CBJ,20242025,2,32,3,1476,267,443,710,58,656,36,9,34,4,2382,0.11209068010075567,84,82,40,33,9,3.0903794028781353,0.8959016393442623,2440,2186,254,4,2026-04-06T19:50:50Z
Dallas Stars,DAL,20242025,2,29,2,1476,275,490,765,177,554,55,8,48,7,2325,0.11827956989247312,85,82,50,26,6,2.58822412284569,0.9106239460370995,2372,2160,212,4,2026-04-06T19:50:50Z
Detroit Red Wings,DET,20242025,2,27,5,1476,235,391,626,-177,545,64,2,36,6,2249,0.10449088483770565,92,82,39,35,8,2.9353254029475053,0.8964624676445211,2318,2078,241,4,2026-04-06T19:50:51Z
Edmonton Oilers,EDM,20242025,2,30,3,1472,259,441,700,69,603,51,5,48,12,2622,0.09877955758962624,89,82,48,29,5,2.7786939594348765,0.896958692691784,2203,1976,227,3,2026-04-06T19:50:51Z
Florida Panthers,FLA,20242025,2,30,3,1475,246,411,657,41,837,56,12,41,4,2586,0.0951276102088167,84,82,47,31,4,2.4760794730707723,0.9046052631578947,2128,1925,203,8,2026-04-06T19:50:51Z
Los Angeles Kings,LAK,20242025,2,27,4,1476,249,422,671,255,612,37,4,47,4,2303,0.10811984368215372,86,82,48,25,9,2.329165721021771,0.9090909090909091,2079,1890,191,5,2026-04-06T19:50:51Z
Minnesota Wild,MIN,20242025,2,33,3,1476,224,368,592,-6,604,42,4,42,9,2261,0.09907120743034056,86,82,45,30,7,2.7011224258729136,0.908036454018227,2414,2192,222,6,2026-04-06T19:50:52Z
Montréal Canadiens,MTL,20242025,2,29,3,1476,243,409,652,-96,746,47,9,38,8,2096,0.1159351145038168,89,82,40,31,11,3.004581886007001,0.8961148648648649,2368,2122,247,5,2026-04-06T19:50:52Z
Nashville Predators,NSH,20242025,2,38,3,1476,212,351,563,-350,774,50,1,28,4,2403,0.08822305451518934,86,82,30,44,8,3.0694828603487614,0.8926261319534282,2319,2070,250,4,2026-04-06T19:50:52Z
New Jersey Devils,NJD,20242025,2,33,3,1476,240,400,640,-18,671,61,7,40,4,2302,0.10425716768027801,86,82,42,33,7,2.508139558594626,0.9054494643688868,2147,1944,205,9,2026-04-06T19:50:53Z
New York Islanders,NYI,20242025,2,31,5,1476,221,357,578,-75,449,26,9,33,5,2418,0.0913978494623656,89,82,35,35,12,2.8592763559839796,0.9001285897985426,2333,2100,234,4,2026-04-06T19:50:53Z
New York Rangers,NYR,20242025,2,35,3,1476,255,439,694,27,651,37,18,38,3,2344,0.10878839590443685,86,82,39,36,7,2.9320256671517027,0.9018480492813141,2435,2196,239,9,2026-04-06T19:50:53Z
Ottawa Senators,OTT,20242025,2,31,4,1476,242,403,645,-48,670,64,9,44,9,2403,0.10070744902205576,88,82,45,30,7,2.6702869333551096,0.9069468267581475,2332,2115,218,10,2026-04-06T19:50:54Z
Philadelphia Flyers,PHI,20242025,2,32,3,1475,232,403,635,-196,580,32,4,27,6,2211,0.10492989597467209,90,82,33,39,10,3.223375894959843,0.8791058394160584,2192,1927,265,2,2026-04-06T19:50:54Z
Pittsburgh Penguins,PIT,20242025,2,39,3,1476,241,411,652,-294,549,57,5,33,9,2323,0.1037451571244081,89,82,34,36,12,3.228677779575983,0.8918367346938776,2450,2185,266,3,2026-04-06T19:50:54Z
San Jose Sharks,SJS,20242025,2,41,5,1476,208,354,562,-386,695,42,5,18,4,2203,0.09441670449387199,89,82,20,50,12,3.5782973812935928,0.8875579598145286,2588,2297,292,1,2026-04-06T19:50:55Z
Seattle Kraken,SEA,20242025,2,30,5,1476,245,398,643,-92,565,43,3,33,5,2242,0.10927743086529884,86,82,35,41,6,2.972851655524755,0.8965962947005601,2321,2081,241,2,2026-04-06T19:50:55Z
St. Louis Blues,STL,20242025,2,28,2,1476,250,439,689,105,605,43,4,40,8,2186,0.11436413540713632,87,82,44,30,8,2.671926471186303,0.9015287769784173,2224,2005,219,4,2026-04-06T19:50:55Z
Tampa Bay Lightning,TBL,20242025,2,28,3,1476,292,497,789,247,642,60,11,45,4,2341,0.12473302007689022,83,82,47,27,8,2.431136464671488,0.9136878814298169,2294,2096,199,7,2026-04-06T19:50:56Z
Toronto Maple Leafs,TOR,20242025,2,32,4,1475,267,442,709,146,638,54,6,51,10,2297,0.11623857205050066,84,82,52,26,4,2.5546478701081754,0.9127882599580712,2385,2177,209,5,2026-04-06T19:50:56Z
Utah Hockey Club,UTA,20242025,2,27,4,1476,240,428,668,-70,767,57,4,37,7,2341,0.10252029047415634,87,82,38,31,13,2.7990763990333156,0.8976063829787234,2256,2025,231,2,2026-04-06T19:50:56Z
Vancouver Canucks,VAN,20242025,2,36,4,1476,233,407,640,-149,739,50,4,35,7,2094,0.11127029608404966,86,82,38,30,14,2.801178947368421,0.8939393939393939,2178,1947,231,5,2026-04-06T19:50:57Z
Vegas Golden Knights,VGK,20242025,2,31,3,1476,274,470,744,238,443,53,6,49,3,2482,0.11039484286865431,84,82,50,22,10,2.5346877845515383,0.9025761124121779,2135,1927,208,6,2026-04-06T19:50:57Z
Washington Capitals,WSH,20242025,2,27,4,1476,286,479,765,232,751,52,8,49,6,2265,0.1262693156732892,84,82,51,22,9,2.6830428052568216,0.9013957676722197,2221,2002,221,3,2026-04-06T19:50:57Z
Winnipeg Jets,WPG,20242025,2,29,2,1476,275,464,739,292,581,63,4,54,11,2314,0.11884183232497839,83,82,56,22,4,2.097170242671589,0.9222071460877431,2211,2039,172,10,2026-04-06T19:50:58Z
Anaheim Ducks,ANA,20232024,2,34,2,1476,203,351,554,-227,1056,42,12,26,5,2194,0.09252506836827712,90,82,27,50,5,3.439592162643572,0.8944591029023746,2653,2373,280,1,2026-04-06T19:50:32Z
Arizona Coyotes,ARI,20232024,2,35,3,1476,254,419,673,-71,912,53,7,34,6,2273,0.1117465904091509,90,82,36,41,5,3.112898522220941,0.9018999612252812,2579,2326,255,7,2026-04-06T19:50:33Z
Boston Bruins,BOS,20232024,2,32,2,1476,263,441,704,157,756,54,7,43,7,2398,0.10967472894078399,84,82,47,20,15,2.5493440372668723,0.9157979149959904,2494,2284,211,5,2026-04-06T19:50:33Z
Buffalo Sabres,BUF,20232024,2,31,3,1476,244,390,634,52,783,37,7,37,4,2534,0.0962904498816101,87,82,39,37,6,2.8308630796358956,0.903347280334728,2390,2159,231,5,2026-04-06T19:50:33Z
Calgary Flames,CGY,20232024,2,35,3,1476,253,428,681,-92,749,45,11,38,6,2572,0.09836702954898911,85,82,38,39,5,3.0426872318470646,0.8971074380165289,2420,2171,249,2,2026-04-06T19:50:34Z
Carolina Hurricanes,CAR,20232024,2,29,5,1476,277,484,761,143,663,67,11,50,6,2733,0.10135382363702891,89,82,52,23,7,2.423225623141737,0.9047391096218286,2089,1890,199,8,2026-04-06T19:50:34Z
Chicago Blackhawks,CHI,20232024,2,35,2,1476,178,303,481,-483,687,39,3,22,5,2153,0.08267533673943335,88,82,23,53,6,3.3571574433326528,0.8979744936234059,2666,2394,274,1,2026-04-06T19:50:34Z
Colorado Avalanche,COL,20232024,2,34,3,1476,302,523,825,159,701,68,7,48,6,2705,0.11164510166358595,88,82,50,25,7,2.9068254992516716,0.9021381578947368,2432,2194,239,4,2026-04-06T19:50:35Z
Columbus Blue Jackets,CBJ,20232024,2,37,5,1475,234,389,623,-206,652,32,5,24,3,2458,0.0951993490642799,88,82,27,43,12,3.403672740458093,0.9004637887977167,2803,2524,279,1,2026-04-06T19:50:35Z
Dallas Stars,DAL,20232024,2,25,3,1475,294,505,799,219,536,58,12,48,8,2588,0.11360123647604328,87,82,52,21,9,2.7362738706114054,0.9039692701664532,2343,2118,225,4,2026-04-06T19:50:35Z
Detroit Red Wings,DET,20232024,2,24,4,1476,275,462,737,-76,696,63,7,38,11,2375,0.11578947368421053,89,82,41,32,9,3.169464780338483,0.9016641452344932,2644,2384,260,4,2026-04-06T19:50:36Z
Edmonton Oilers,EDM,20232024,2,27,3,1473,292,507,799,205,760,64,7,47,8,2768,0.10549132947976879,87,82,49,27,6,2.6804842470783736,0.9039720646006111,2291,2071,220,3,2026-04-06T19:50:36Z
Florida Panthers,FLA,20232024,2,28,2,1476,265,441,706,257,1100,63,8,49,7,2763,0.09591024249004705,85,82,52,24,6,2.267977686025992,0.917989417989418,2268,2082,186,8,2026-04-06T19:50:36Z
Los Angeles Kings,LAK,20232024,2,26,3,1475,254,428,682,124,695,56,11,42,5,2616,0.09709480122324159,86,82,44,27,11,2.464959408843618,0.9121503496503497,2288,2087,202,7,2026-04-06T19:50:37Z
Minnesota Wild,MIN,20232024,2,33,3,1475,248,422,670,-43,922,62,3,36,4,2471,0.10036422501011737,88,82,39,34,9,3.0252100840336134,0.8973619126133553,2426,2177,249,6,2026-04-06T19:50:37Z
Montréal Canadiens,MTL,20232024,2,32,3,1476,232,375,607,-139,811,44,7,26,6,2268,0.10229276895943562,85,82,30,36,16,3.2233832781123826,0.9019823788546255,2724,2457,267,2,2026-04-06T19:50:37Z
Nashville Predators,NSH,20232024,2,30,3,1476,266,446,712,84,774,58,7,44,6,2642,0.10068130204390613,90,82,47,30,5,2.8298901188649133,0.9072289156626506,2490,2259,231,4,2026-04-06T19:50:38Z
New Jersey Devils,NJD,20232024,2,33,5,1476,264,419,683,-151,725,55,3,38,5,2516,0.10492845786963434,91,82,38,39,5,3.1208084614045686,0.895516248457425,2431,2177,254,1,2026-04-06T19:50:38Z
New York Islanders,NYI,20232024,2,26,3,1476,245,408,653,-12,566,47,10,38,9,2470,0.09919028340080972,85,82,39,27,16,2.890268955583367,0.9111027756939235,2666,2429,238,5,2026-04-06T19:50:38Z
New York Rangers,NYR,20232024,2,32,3,1476,278,474,752,82,735,65,8,51,8,2581,0.10771018984889577,83,82,55,23,4,2.573257901690437,0.9126092384519351,2403,2193,211,6,2026-04-06T19:50:39Z
Ottawa Senators,OTT,20232024,2,31,3,1474,250,419,669,-119,839,51,7,32,7,2602,0.09607993850883935,91,82,37,41,4,3.296981821991369,0.8881090008257638,2422,2151,271,2,2026-04-06T19:50:39Z
Philadelphia Flyers,PHI,20232024,2,30,5,1476,231,368,599,-120,808,31,16,34,4,2708,0.08530280649926145,90,82,38,33,11,2.98404449677236,0.8892405063291139,2212,1967,245,5,2026-04-06T19:50:39Z
Pittsburgh Penguins,PIT,20232024,2,34,3,1476,252,420,672,68,583,40,5,36,4,2682,0.09395973154362416,92,82,38,32,12,2.9262444159195824,0.9029126213592233,2472,2232,240,7,2026-04-06T19:50:40Z
San Jose Sharks,SJS,20232024,2,36,5,1476,180,299,479,-645,762,42,3,18,4,2069,0.08699855002416626,92,82,19,54,9,3.755677718954182,0.8924205378973105,2863,2555,308,2,2026-04-06T19:50:40Z
Seattle Kraken,SEA,20232024,2,32,3,1476,214,371,585,-109,643,50,6,31,3,2347,0.09118023008095441,88,82,34,35,13,2.6187284887754347,0.9090526315789473,2375,2159,216,5,2026-04-06T19:50:41Z
St. Louis Blues,STL,20232024,2,29,2,1476,234,397,631,-99,578,45,11,38,7,2369,0.09877585479105108,87,82,43,33,6,2.7804124549470206,0.9132262996941896,2616,2389,228,4,2026-04-06T19:50:41Z
Tampa Bay Lightning,TBL,20232024,2,32,3,1475,288,494,782,-72,881,71,5,42,5,2401,0.11995002082465639,84,82,45,29,8,3.0731139936197853,0.896023198011599,2414,2163,251,4,2026-04-06T19:50:41Z
Toronto Maple Leafs,TOR,20232024,2,30,3,1476,298,486,784,171,793,57,6,41,8,2671,0.11156870086110071,87,82,46,26,10,3.0107541386066496,0.8980682285244554,2433,2185,248,5,2026-04-06T19:50:42Z
Vancouver Canucks,VAN,20232024,2,29,3,1475,279,482,761,269,756,58,7,50,6,2328,0.11984536082474227,84,82,50,23,9,2.5961977958727633,0.9092077087794432,2335,2123,213,6,2026-04-06T19:50:42Z
Vegas Golden Knights,VGK,20232024,2,34,3,1476,263,455,718,40,589,51,9,41,7,2548,0.1032182103610675,87,82,45,29,8,2.7864247979639223,0.9073999191265669,2473,2244,229,3,2026-04-06T19:50:42Z
Washington Capitals,WSH,20232024,2,33,3,1476,216,370,586,-169,610,47,3,36,4,2172,0.09944751381215469,87,82,40,31,11,2.9372953915890205,0.9025661587810746,2494,2251,243,7,2026-04-06T19:50:43Z
Winnipeg Jets,WPG,20232024,2,28,2,1476,259,440,699,316,647,45,3,52,6,2488,0.10409967845659164,83,82,52,24,6,2.2812451288029223,0.9226633581472291,2418,2231,187,8,2026-04-06T19:50:43Z
Anaheim Ducks,ANA,20222023,2,33,4,1476,206,351,557,-441,887,36,1,20,7,2326,0.0885640584694755,92,82,23,47,12,3.9138337260181757,0.8992175273865415,3195,2873,323,1,2026-04-06T19:50:18Z
Arizona Coyotes,ARI,20222023,2,34,3,1474,225,384,609,-164,934,45,5,25,5,2119,0.10618216139688533,84,82,28,40,14,3.454871166305241,0.9008379888268156,2864,2580,285,4,2026-04-06T19:50:18Z
Boston Bruins,BOS,20222023,2,34,3,1476,300,515,815,487,843,62,8,61,7,2702,0.11102886750555144,87,82,65,12,5,2.0342745665225945,0.931175747644408,2441,2273,168,6,2026-04-06T19:50:19Z
Buffalo Sabres,BUF,20222023,2,29,4,1475,293,484,777,-65,592,63,9,39,9,2665,0.1099437148217636,85,82,42,33,7,3.399949405514799,0.8963980690679539,2693,2414,280,2,2026-04-06T19:50:19Z
Calgary Flames,CGY,20222023,2,29,3,1476,258,440,698,39,721,50,8,36,5,2948,0.08751696065128901,87,82,38,27,17,2.894250855257183,0.8938647559337215,2233,1996,239,1,2026-04-06T19:50:19Z
Carolina Hurricanes,CAR,20222023,2,25,3,1476,262,424,686,182,602,50,11,48,9,2852,0.09186535764375876,85,82,52,21,9,2.3881200121224366,0.9070754716981132,2120,1923,197,9,2026-04-06T19:50:20Z
Chicago Blackhawks,CHI,20222023,2,38,6,1476,202,329,531,-433,669,38,7,24,6,2209,0.09144409234947941,89,82,26,49,7,3.3907722748124707,0.8984289367921081,2737,2459,278,2,2026-04-06T19:50:20Z
Colorado Avalanche,COL,20222023,2,38,5,1476,274,467,741,166,659,64,6,45,9,2727,0.10047671433810047,84,82,51,24,7,2.5559750459308312,0.9168975069252078,2527,2317,211,6,2026-04-06T19:50:20Z
Columbus Blue Jackets,CBJ,20222023,2,41,6,1475,213,351,564,-502,640,41,5,24,9,2399,0.08878699458107545,95,82,25,48,9,3.8431558613210424,0.8916955017301038,2890,2577,315,0,2026-04-06T19:50:20Z
Dallas Stars,DAL,20222023,2,28,3,1476,281,458,739,212,621,64,10,43,4,2617,0.10737485670615209,86,82,47,21,14,2.485509613668282,0.9164961113385182,2443,2239,205,6,2026-04-06T19:50:21Z
Detroit Red Wings,DET,20222023,2,31,3,1476,237,403,640,-195,646,57,5,32,4,2312,0.10250865051903114,88,82,35,37,10,3.213492339891734,0.8937625754527163,2485,2221,264,4,2026-04-06T19:50:21Z
Edmonton Oilers,EDM,20222023,2,29,3,1473,325,542,867,197,686,89,18,50,5,2754,0.11801016702977488,87,82,50,23,9,3.0170928039903484,0.9036661466458659,2564,2317,248,2,2026-04-06T19:50:21Z
Florida Panthers,FLA,20222023,2,29,3,1471,288,483,771,100,972,63,6,40,4,3019,0.09539582643259358,86,82,42,32,8,3.0635377734207463,0.903525765207284,2581,2332,250,3,2026-04-06T19:50:22Z
Los Angeles Kings,LAK,20222023,2,30,4,1476,274,468,742,74,698,68,7,41,4,2657,0.10312382386149793,89,82,47,25,10,2.992528774315138,0.8917616126205083,2282,2035,247,3,2026-04-06T19:50:22Z
Minnesota Wild,MIN,20222023,2,35,2,1476,239,392,631,46,909,54,14,39,5,2535,0.09428007889546351,85,82,46,25,11,2.501401415849594,0.918503937007874,2540,2333,207,5,2026-04-06T19:50:22Z
Montréal Canadiens,MTL,20222023,2,36,3,1475,227,383,610,-227,925,38,8,26,5,2237,0.10147518998658918,85,82,31,45,6,3.485785672933362,0.8953913679590344,2734,2448,286,1,2026-04-06T19:50:23Z
Nashville Predators,NSH,20222023,2,36,3,1475,223,378,601,-54,767,44,6,36,7,2419,0.09218685407193054,84,82,42,32,8,2.722310182668904,0.9175561280824439,2717,2493,224,2,2026-04-06T19:50:23Z
New Jersey Devils,NJD,20222023,2,28,3,1476,289,477,766,277,606,49,9,50,11,2821,0.10244594115561857,92,82,52,22,8,2.5614740278133725,0.9084201388888888,2304,2093,211,4,2026-04-06T19:50:23Z
New York Islanders,NYI,20222023,2,35,2,1476,242,387,629,122,648,35,6,41,5,2524,0.09587955625990491,85,82,42,31,9,2.438132390588809,0.9212504946576969,2527,2328,200,8,2026-04-06T19:50:24Z
New York Rangers,NYR,20222023,2,30,2,1470,273,470,743,191,613,59,8,43,6,2582,0.10573199070487994,83,82,47,22,13,2.549213992352358,0.9124635264693622,2399,2189,210,4,2026-04-06T19:50:24Z
Ottawa Senators,OTT,20222023,2,34,7,1476,259,418,677,-140,985,72,9,37,6,2746,0.09431900946831755,91,82,39,35,8,3.126802423814726,0.8999218139171228,2558,2302,256,3,2026-04-06T19:50:24Z
Philadelphia Flyers,PHI,20222023,2,32,3,1476,220,363,583,-168,841,35,11,29,3,2416,0.09105960264900662,87,82,31,38,13,3.1331698793059073,0.8998831320607713,2567,2310,257,3,2026-04-06T19:50:25Z
Pittsburgh Penguins,PIT,20222023,2,32,3,1476,261,448,709,-52,683,63,5,39,8,2818,0.09261887863733144,89,82,40,31,11,3.03326644626645,0.9068462401795735,2673,2424,249,2,2026-04-06T19:50:25Z
San Jose Sharks,SJS,20222023,2,40,4,1476,233,403,636,-411,655,41,4,21,5,2415,0.09648033126293996,86,82,22,44,16,3.579642306339457,0.8877434135166093,2619,2325,294,4,2026-04-06T19:50:25Z
Seattle Kraken,SEA,20222023,2,26,3,1476,289,478,767,213,682,48,6,46,9,2497,0.1157388866639968,92,82,46,28,8,2.9396282949346073,0.891156462585034,2205,1965,242,3,2026-04-06T19:50:25Z
St. Louis Blues,STL,20222023,2,34,3,1476,260,440,700,-150,610,46,7,34,7,2341,0.11106364801366937,88,82,37,38,7,3.3762645756307643,0.895096921322691,2631,2355,277,3,2026-04-06T19:50:26Z
Tampa Bay Lightning,TBL,20222023,2,28,2,1476,280,489,769,35,971,71,7,43,5,2621,0.106829454406715,82,82,46,30,6,2.8529916787742704,0.9087363494539782,2564,2330,234,6,2026-04-06T19:50:26Z
Toronto Maple Leafs,TOR,20222023,2,42,5,1475,278,477,755,190,685,64,8,49,7,2628,0.10578386605783865,86,82,50,21,11,2.5568008874398847,0.9128630705394191,2410,2200,210,5,2026-04-06T19:50:26Z
Vancouver Canucks,VAN,20222023,2,38,4,1476,270,478,748,-119,706,62,15,32,8,2438,0.11074651353568499,86,82,38,37,7,3.4318398474737846,0.8877835256665341,2513,2231,282,1,2026-04-06T19:50:27Z
Vegas Golden Knights,VGK,20222023,2,30,5,1476,267,442,709,189,587,42,10,46,8,2587,0.10320834943950521,87,82,51,22,9,2.591496232508073,0.915543219666931,2522,2309,214,3,2026-04-06T19:50:27Z
Washington Capitals,WSH,20222023,2,34,2,1473,253,424,677,-125,711,52,4,33,6,2548,0.09929356357927786,88,82,35,37,10,2.9293001210370537,0.9054214483577364,2527,2288,240,5,2026-04-06T19:50:27Z
Winnipeg Jets,WPG,20222023,2,30,2,1476,246,445,691,20,687,52,7,45,9,2486,0.09895414320193081,85,82,46,33,3,2.5348576948850434,0.9161943319838056,2470,2263,207,4,2026-04-06T19:50:28Z
Anaheim Ducks,ANA,20212022,2,38,4,1476,228,384,612,-222,731,48,6,27,5,2393,0.09527789385708316,89,82,31,37,14,3.0225380587917234,0.9077150239940938,2709,2459,250,4,2026-04-06T19:50:03Z
Arizona Coyotes,ARI,20212022,2,38,6,1476,206,350,556,-345,828,28,3,24,6,2121,0.09712399811409712,92,82,25,50,7,3.6553418760026806,0.8965873836608066,2901,2601,300,1,2026-04-06T19:50:03Z
Boston Bruins,BOS,20212022,2,33,3,1475,253,434,687,129,781,50,5,49,9,2962,0.08541525995948683,86,82,51,26,5,2.501516841174018,0.9124305852199914,2341,2136,205,4,2026-04-06T19:50:03Z
Buffalo Sabres,BUF,20212022,2,34,6,1476,229,373,602,-281,651,47,6,29,4,2451,0.0934312525499796,87,82,32,39,11,3.280946208684381,0.8998137802607077,2685,2416,270,1,2026-04-06T19:50:04Z
Calgary Flames,CGY,20212022,2,28,2,1476,291,482,773,362,710,54,7,48,4,2908,0.10006877579092159,86,82,50,21,11,2.3567682848639055,0.9182895850973751,2362,2169,194,11,2026-04-06T19:50:04Z
Carolina Hurricanes,CAR,20212022,2,29,5,1474,277,477,754,292,730,51,4,53,6,2798,0.09899928520371694,87,82,54,20,8,2.359196440937328,0.9157986111111112,2304,2110,194,6,2026-04-06T19:50:04Z
Chicago Blackhawks,CHI,20212022,2,37,4,1476,213,373,586,-356,620,47,2,22,6,2362,0.09017781541066892,88,82,28,42,12,3.2783788888589083,0.8994038748137109,2684,2414,270,4,2026-04-06T19:50:05Z
Colorado Avalanche,COL,20212022,2,35,4,1470,308,530,838,272,722,67,6,52,6,2872,0.10724233983286909,89,82,56,19,7,2.6674967349894096,0.9165709911978569,2613,2395,219,7,2026-04-06T19:50:05Z
Columbus Blue Jackets,CBJ,20212022,2,32,4,1476,258,436,694,-170,615,41,7,33,7,2462,0.10479285134037368,91,82,37,38,7,3.4568569110089262,0.9018789144050104,2874,2592,284,2,2026-04-06T19:50:05Z
Dallas Stars,DAL,20212022,2,29,4,1476,233,404,637,-118,539,54,7,41,10,2486,0.09372485921158488,89,82,46,30,6,2.7435693378474983,0.9109616145627226,2527,2302,226,2,2026-04-06T19:50:06Z
Detroit Red Wings,DET,20212022,2,34,4,1476,227,379,606,-331,717,37,4,29,8,2414,0.0940347970173985,94,82,32,40,10,3.436114401760027,0.8971825832418587,2733,2452,282,4,2026-04-06T19:50:06Z
Edmonton Oilers,EDM,20212022,2,33,3,1475,285,487,772,100,636,61,11,44,6,2789,0.10218716385801363,86,82,49,27,6,2.9376359314146985,0.9082638362395754,2638,2396,242,4,2026-04-06T19:50:06Z
Florida Panthers,FLA,20212022,2,35,3,1472,337,575,912,390,818,64,12,55,13,3062,0.1100587851077727,88,82,58,18,6,2.830752201189942,0.907023144453312,2506,2273,233,5,2026-04-06T19:50:07Z
Los Angeles Kings,LAK,20212022,2,36,3,1476,235,375,610,63,615,40,11,40,5,2865,0.08202443280977312,85,82,44,27,11,2.7099050659497608,0.9048435490784398,2333,2111,224,5,2026-04-06T19:50:07Z
Minnesota Wild,MIN,20212022,2,34,3,1476,305,509,814,320,858,53,2,48,11,2666,0.11440360090022506,85,82,53,22,7,2.789986233620558,0.9107981220657277,2556,2328,228,3,2026-04-06T19:50:07Z
Montréal Canadiens,MTL,20212022,2,40,6,1474,218,366,584,-335,812,34,6,19,3,2442,0.08927108927108927,95,82,22,49,11,3.6287131057156965,0.8940798858773181,2804,2507,298,3,2026-04-06T19:50:08Z
Nashville Predators,NSH,20212022,2,30,3,1476,262,463,725,23,1013,63,2,41,6,2438,0.10746513535684987,87,82,45,30,7,2.834329583737409,0.9117535184480792,2629,2397,233,4,2026-04-06T19:50:08Z
New Jersey Devils,NJD,20212022,2,34,7,1475,245,412,657,-266,644,35,6,24,5,2562,0.09562841530054644,95,82,27,46,9,3.516924861687296,0.8859857482185273,2526,2238,288,2,2026-04-06T19:50:08Z
New York Islanders,NYI,20212022,2,31,3,1475,229,377,606,-81,715,46,5,35,1,2367,0.09674693705111956,84,82,37,35,10,2.5951521961323163,0.9200301772915881,2651,2439,213,9,2026-04-06T19:50:09Z
New York Rangers,NYR,20212022,2,32,4,1476,250,430,680,146,663,55,8,48,4,2392,0.10451505016722408,88,82,52,24,6,2.4309541495036804,0.9207606973058637,2524,2324,200,8,2026-04-06T19:50:09Z
Ottawa Senators,OTT,20212022,2,38,4,1476,224,367,591,-205,806,47,9,30,4,2463,0.09094600081201787,86,82,33,42,7,3.0379335002999297,0.9086238532110091,2725,2476,249,2,2026-04-06T19:50:09Z
Philadelphia Flyers,PHI,20212022,2,39,3,1476,210,344,554,-311,725,30,6,24,4,2539,0.08270972823946436,85,82,25,46,11,3.2710900570705164,0.9032258064516129,2759,2492,267,1,2026-04-06T19:50:10Z
Pittsburgh Penguins,PIT,20212022,2,31,3,1476,269,468,737,143,554,50,3,43,6,2849,0.09441909441909442,86,82,46,25,11,2.5201514514093395,0.9188451033944596,2563,2355,208,7,2026-04-06T19:50:10Z
San Jose Sharks,SJS,20212022,2,35,5,1476,211,361,572,-301,703,41,4,29,7,2400,0.08791666666666667,92,82,32,37,13,2.8967279956183947,0.9084263178145441,2599,2361,238,3,2026-04-06T19:50:10Z
Seattle Kraken,SEA,20212022,2,35,3,1476,213,367,580,-253,682,32,8,24,1,2380,0.08949579831932773,87,82,27,49,6,3.1701606242021696,0.8897906877402819,2341,2083,258,3,2026-04-06T19:50:11Z
St. Louis Blues,STL,20212022,2,31,5,1473,309,547,856,190,583,65,9,47,4,2492,0.1239967897271268,85,82,49,22,11,2.7597342025908125,0.9123351435221102,2578,2352,226,4,2026-04-06T19:50:11Z
Tampa Bay Lightning,TBL,20212022,2,30,4,1474,285,486,771,197,873,62,7,49,10,2535,0.11242603550295859,85,82,51,23,8,2.5737005038140137,0.9129896907216495,2425,2214,212,3,2026-04-06T19:50:11Z
Toronto Maple Leafs,TOR,20212022,2,34,5,1476,312,537,849,175,668,63,13,51,6,2835,0.11005291005291006,89,82,54,21,7,2.929725093453368,0.904,2500,2260,241,7,2026-04-06T19:50:12Z
Vancouver Canucks,VAN,20212022,2,33,4,1476,246,405,651,61,635,58,5,37,5,2622,0.09382151029748284,88,82,40,30,12,2.6880194607743766,0.915065334358186,2602,2381,221,1,2026-04-06T19:50:12Z
Vegas Golden Knights,VGK,20212022,2,36,3,1475,262,428,690,112,606,39,10,39,5,2829,0.09261223047013079,87,82,43,31,8,2.813746620695722,0.9059304703476483,2445,2215,231,3,2026-04-06T19:50:12Z
Washington Capitals,WSH,20212022,2,35,4,1476,270,436,706,119,613,48,8,39,4,2577,0.10477299185098952,92,82,44,26,12,2.813911883319688,0.9024905023216547,2369,2138,232,8,2026-04-06T19:50:13Z
Winnipeg Jets,WPG,20212022,2,35,2,1476,250,422,672,-11,708,52,9,37,5,2645,0.0945179584120983,85,82,39,32,11,2.8853665382703357,0.9123844731977819,2705,2468,237,5,2026-04-06T19:50:13Z
Anaheim Ducks,ANA,20202021,2,33,3,1008,124,199,323,-153,488,11,2,15,4,1500,0.08266666666666667,59,56,17,30,9,3.012731315272131,0.9008215962441315,1704,1535,169,4,2026-04-06T19:49:48Z
Arizona Coyotes,ARI,20202021,2,31,4,1008,150,254,404,-158,426,37,2,21,2,1538,0.09752925877763328,61,56,24,26,6,2.8381313156355055,0.9060283687943262,1692,1533,159,4,2026-04-06T19:49:48Z
Boston Bruins,BOS,20202021,2,36,4,1008,164,282,446,95,529,35,9,29,4,1865,0.08793565683646112,58,56,33,16,7,2.3197815981701466,0.913417052214144,1513,1382,131,6,2026-04-06T19:49:48Z
Buffalo Sabres,BUF,20202021,2,33,6,1008,134,217,351,-313,330,30,5,11,0,1591,0.0842237586423633,61,56,15,34,7,3.26703066188613,0.902452025586354,1876,1693,183,0,2026-04-06T19:49:49Z
Calgary Flames,CGY,20202021,2,29,4,1008,155,270,425,-19,443,32,2,25,3,1689,0.09177027827116636,60,56,26,27,3,2.7478708018640527,0.9031230082855322,1569,1417,152,4,2026-04-06T19:49:49Z
Carolina Hurricanes,CAR,20202021,2,28,3,1007,175,307,482,116,400,42,7,32,5,1794,0.09754738015607581,57,56,36,12,8,2.2273836589785265,0.9198982835346472,1573,1447,126,6,2026-04-06T19:49:49Z
Chicago Blackhawks,CHI,20202021,2,34,3,1008,159,267,426,-143,352,38,3,22,7,1635,0.09724770642201835,59,56,24,25,7,3.1145083196106866,0.9063829787234042,1880,1704,176,4,2026-04-06T19:49:50Z
Colorado Avalanche,COL,20202021,2,35,4,1006,197,352,549,233,485,47,1,39,4,1937,0.10170366546205473,58,56,39,13,4,2.2511724856696196,0.9110797459421313,1417,1291,126,8,2026-04-06T19:49:50Z
Columbus Blue Jackets,CBJ,20202021,2,33,4,1008,134,236,370,-203,367,18,6,15,3,1625,0.08246153846153846,64,56,18,26,12,3.072581600031574,0.9041019955654102,1804,1631,173,2,2026-04-06T19:49:50Z
Dallas Stars,DAL,20202021,2,26,2,1008,156,262,418,22,390,37,3,21,4,1699,0.09181871689228958,61,56,23,19,14,2.453843324751747,0.9078860172299537,1509,1370,139,4,2026-04-06T19:49:51Z
Detroit Red Wings,DET,20202021,2,31,3,1008,125,209,334,-122,392,17,0,17,1,1528,0.08180628272251309,64,56,19,27,10,2.852798565676277,0.9100112485939258,1778,1618,160,2,2026-04-06T19:49:51Z
Edmonton Oilers,EDM,20202021,2,28,3,1008,183,311,494,35,416,48,2,35,4,1673,0.10938433950986252,59,56,35,19,2,2.7273678806577184,0.9113702623906705,1715,1563,152,3,2026-04-06T19:49:51Z
Florida Panthers,FLA,20202021,2,33,3,1008,188,309,497,134,558,39,4,36,10,1954,0.09621289662231321,58,56,37,14,5,2.534736925031266,0.9145758661887694,1674,1531,143,3,2026-04-06T19:49:52Z
Los Angeles Kings,LAK,20202021,2,32,3,1008,142,236,378,-167,377,32,3,20,1,1587,0.08947700063011972,59,56,21,28,7,2.879570747217806,0.9073647871116226,1738,1577,161,2,2026-04-06T19:49:52Z
Minnesota Wild,MIN,20202021,2,29,2,1008,180,292,472,110,488,29,2,34,7,1585,0.11356466876971609,57,56,35,16,5,2.737034385722396,0.9094117647058824,1700,1546,154,4,2026-04-06T19:49:52Z
Montréal Canadiens,MTL,20202021,2,29,3,1008,158,257,415,1,449,29,9,23,3,1745,0.09054441260744986,58,56,24,21,11,2.7488361782309907,0.9012109623964308,1569,1414,155,1,2026-04-06T19:49:53Z
Nashville Predators,NSH,20202021,2,35,3,1008,151,238,389,30,500,28,6,26,5,1679,0.08993448481238833,61,56,31,23,2,2.48693618344115,0.9195402298850575,1740,1600,140,5,2026-04-06T19:49:53Z
New Jersey Devils,NJD,20202021,2,32,4,1008,145,252,397,-131,348,22,3,19,4,1612,0.08995037220843673,59,56,19,30,7,3.162769458328577,0.8974507531865585,1726,1549,177,3,2026-04-06T19:49:53Z
New York Islanders,NYI,20202021,2,28,2,1008,152,248,400,101,362,27,4,28,4,1623,0.09365372766481823,58,56,32,17,7,2.0892865047240106,0.9254579911560329,1583,1465,118,10,2026-04-06T19:49:54Z
New York Rangers,NYR,20202021,2,30,3,1008,176,304,480,62,551,37,8,26,2,1605,0.10965732087227414,63,56,27,23,6,2.6437751203294795,0.9106819553409776,1657,1509,148,5,2026-04-06T19:49:54Z
Ottawa Senators,OTT,20202021,2,37,5,1008,155,251,406,-137,497,27,7,21,3,1663,0.09320505111244738,66,56,23,28,5,3.2408208892472214,0.8984375,1792,1610,182,2,2026-04-06T19:49:54Z
Philadelphia Flyers,PHI,20202021,2,33,3,1008,160,281,441,-127,439,32,1,22,5,1692,0.09456264775413711,63,56,25,23,8,3.346926327284533,0.8839066339066339,1628,1439,189,3,2026-04-06T19:49:55Z
Pittsburgh Penguins,PIT,20202021,2,32,3,1008,193,324,517,174,377,36,6,34,5,1684,0.11460807600950118,60,56,37,16,3,2.629072768273487,0.9114832535885168,1672,1524,148,5,2026-04-06T19:49:55Z
San Jose Sharks,SJS,20202021,2,37,4,1008,146,233,379,-185,484,22,5,16,1,1682,0.08680142687277051,64,56,21,28,7,3.3031759029963395,0.8955642897248737,1781,1595,186,2,2026-04-06T19:49:55Z
St. Louis Blues,STL,20202021,2,30,2,1008,167,292,459,3,436,36,6,25,6,1622,0.1029593094944513,59,56,27,20,9,2.799419511736066,0.905421686746988,1660,1503,157,1,2026-04-06T19:49:56Z
Tampa Bay Lightning,TBL,20202021,2,28,3,1006,180,295,475,97,583,40,3,35,6,1692,0.10638297872340426,56,56,36,17,3,2.4136595250156443,0.9141767323585506,1573,1438,135,6,2026-04-06T19:49:56Z
Toronto Maple Leafs,TOR,20202021,2,33,4,1008,186,335,521,188,380,31,3,34,5,1751,0.10622501427755568,58,56,35,14,7,2.563438632832729,0.9079201545396007,1553,1410,143,3,2026-04-06T19:49:56Z
Vancouver Canucks,VAN,20202021,2,35,2,1008,148,228,376,-161,531,27,6,20,3,1629,0.09085328422344997,56,56,23,29,4,3.1547971738275318,0.9053254437869822,1859,1683,176,1,2026-04-06T19:49:57Z
Vegas Golden Knights,VGK,20202021,2,26,4,995,190,325,515,263,386,31,4,39,9,1829,0.1038819026790596,57,56,40,14,2,2.1176993993919773,0.921967213114754,1525,1406,119,7,2026-04-06T19:49:57Z
Washington Capitals,WSH,20202021,2,29,3,1004,188,313,501,63,517,38,2,33,4,1647,0.11414693381906496,60,56,36,15,5,2.6650610496392297,0.9063085571517802,1601,1451,150,4,2026-04-06T19:49:57Z
Winnipeg Jets,WPG,20202021,2,27,2,1008,170,294,464,34,392,37,3,30,6,1661,0.10234798314268513,59,56,30,23,3,2.545613895307147,0.9166177334116266,1703,1561,142,5,2026-04-06T19:49:58Z
Anaheim Ducks,ANA,20192020,2,35,3,1279,182,287,469,-105,701,27,10,24,4,2106,0.08641975308641975,75,71,29,33,9,3.0151575945742746,0.9054113506379234,2273,2058,215,1,2026-04-06T19:49:30Z
Arizona Coyotes,ARI,20192020,2,25,3,1260,190,310,500,-9,428,41,5,28,2,2220,0.08558558558558559,75,70,33,29,8,2.461426584039459,0.9234513274336283,2260,2087,173,4,2026-04-06T19:49:30Z
Boston Bruins,BOS,20192020,2,35,2,1259,227,380,607,172,662,57,5,44,6,2247,0.10102358700489542,72,70,44,14,12,2.2384095014344236,0.9245463228271251,2094,1936,158,8,2026-04-06T19:49:31Z
Buffalo Sabres,BUF,20192020,2,32,3,1242,193,314,507,-72,455,37,5,28,6,2021,0.09549727857496289,71,69,30,31,8,2.9209455531873667,0.9058548009367682,2135,1934,201,3,2026-04-06T19:49:31Z
Calgary Flames,CGY,20192020,2,28,2,1260,204,331,535,-93,572,41,6,30,5,2212,0.0922242314647378,74,70,36,27,7,2.85334605693285,0.9109831709477414,2258,2057,201,4,2026-04-06T19:49:31Z
Carolina Hurricanes,CAR,20192020,2,27,5,1224,217,380,597,68,562,46,10,33,6,2260,0.09601769911504425,73,68,38,25,5,2.7305090344127327,0.9064386317907445,1988,1802,186,6,2026-04-06T19:49:32Z
Chicago Blackhawks,CHI,20192020,2,31,3,1259,208,350,558,-24,526,33,6,28,5,2227,0.0933991917377638,74,70,32,30,8,2.874296939537788,0.9174161896974653,2446,2244,202,1,2026-04-06T19:49:32Z
Colorado Avalanche,COL,20192020,2,31,5,1260,236,399,635,193,573,46,8,41,4,2257,0.10456357997341603,75,70,42,20,8,2.536144411418982,0.9183860614397066,2181,2003,178,3,2026-04-06T19:49:32Z
Columbus Blue Jackets,CBJ,20192020,2,33,3,1260,180,297,477,-17,442,31,3,33,8,2272,0.07922535211267606,76,70,33,22,15,2.5130939610020824,0.9151486097794823,2086,1909,177,7,2026-04-06T19:49:33Z
Dallas Stars,DAL,20192020,2,27,2,1242,178,290,468,13,544,42,5,35,9,2113,0.08424041646947468,74,69,37,24,8,2.3847951244188565,0.9238929889298892,2168,2003,165,2,2026-04-06T19:49:33Z
Detroit Red Wings,DET,20192020,2,34,4,1278,142,247,389,-498,573,32,4,14,1,1924,0.07380457380457381,79,71,17,49,5,3.490489441032958,0.8935064935064935,2310,2064,246,1,2026-04-06T19:49:33Z
Edmonton Oilers,EDM,20192020,2,31,2,1278,223,379,602,-109,534,59,3,35,4,2099,0.10624106717484516,77,71,37,25,9,2.8502117768192137,0.9102564102564102,2262,2059,203,2,2026-04-06T19:49:34Z
Florida Panthers,FLA,20192020,2,26,3,1242,228,391,619,-10,484,45,4,32,2,2253,0.10119840213049268,76,69,35,26,8,3.06550344628139,0.9042889390519188,2215,2003,212,2,2026-04-06T19:49:34Z
Los Angeles Kings,LAK,20192020,2,32,3,1260,177,301,478,-127,467,33,5,28,7,2324,0.0761617900172117,70,70,29,35,6,2.7888794425419325,0.9055690072639225,2065,1870,195,1,2026-04-06T19:49:34Z
Minnesota Wild,MIN,20192020,2,27,3,1242,218,364,582,2,534,46,3,33,3,2077,0.10495907558979298,73,69,35,27,7,2.9665718006849646,0.9025202092249168,2103,1898,205,5,2026-04-06T19:49:34Z
Montréal Canadiens,MTL,20192020,2,34,4,1278,208,322,530,-11,514,33,6,27,8,2422,0.08587943848059455,72,71,31,31,9,2.9438347320852163,0.9048702776513428,2197,1988,209,4,2026-04-06T19:49:35Z
Nashville Predators,NSH,20192020,2,29,2,1242,211,348,559,38,594,39,6,32,4,2286,0.09230096237970253,76,69,35,26,8,2.9246506267108487,0.9054054054054054,2146,1943,203,7,2026-04-06T19:49:35Z
New Jersey Devils,NJD,20192020,2,32,4,1242,185,307,492,-214,646,42,9,24,2,2117,0.08738781294284365,78,69,28,29,12,3.0884148531207356,0.9043168669336894,2247,2032,215,4,2026-04-06T19:49:35Z
New York Islanders,NYI,20192020,2,28,2,1224,189,320,509,6,557,29,6,32,8,2016,0.09375,76,68,35,23,10,2.6694219899106546,0.9135160680529301,2116,1933,183,2,2026-04-06T19:49:36Z
New York Rangers,NYR,20192020,2,27,3,1260,233,400,633,43,755,52,8,36,5,2175,0.1071264367816092,76,70,37,28,5,2.999808624649145,0.9118143459915612,2370,2161,209,3,2026-04-06T19:49:36Z
Ottawa Senators,OTT,20192020,2,37,3,1277,190,307,497,-127,648,30,15,24,6,2174,0.08739650413983441,78,71,25,34,12,3.194022881158067,0.9039595619208087,2374,2146,228,0,2026-04-06T19:49:36Z
Philadelphia Flyers,PHI,20192020,2,31,3,1242,227,381,608,117,508,47,8,36,5,2166,0.10480147737765466,77,69,41,21,7,2.6362228544675332,0.9070594210259014,1969,1786,183,3,2026-04-06T19:49:37Z
Pittsburgh Penguins,PIT,20192020,2,34,2,1242,221,373,594,69,501,42,6,37,8,2204,0.10027223230490018,71,69,40,23,6,2.6657167215686903,0.9093137254901961,2040,1855,185,4,2026-04-06T19:49:37Z
San Jose Sharks,SJS,20192020,2,34,2,1260,180,315,495,-247,701,33,7,27,5,2101,0.08567348881485007,74,70,29,36,5,3.0042440908585144,0.9011764705882352,2125,1915,210,2,2026-04-06T19:49:37Z
St. Louis Blues,STL,20192020,2,31,2,1278,223,375,598,115,481,49,5,40,7,2179,0.10234052317576871,74,71,42,19,10,2.4354114422347934,0.9165467625899281,2085,1911,174,5,2026-04-06T19:49:38Z
Tampa Bay Lightning,TBL,20192020,2,29,2,1260,243,410,653,204,689,49,6,41,6,2176,0.11167279411764706,70,70,43,21,6,2.6410754649641115,0.9141929499072357,2156,1971,185,4,2026-04-06T19:49:38Z
Toronto Maple Leafs,TOR,20192020,2,33,4,1260,237,395,632,55,456,45,5,35,7,2302,0.10295395308427455,74,70,36,25,9,3.0291298954736865,0.9042696629213484,2225,2012,213,4,2026-04-06T19:49:38Z
Vancouver Canucks,VAN,20192020,2,29,4,1242,224,392,616,-37,617,57,5,32,5,2153,0.10404087320018579,72,69,36,27,6,2.8928907210530124,0.9123959702146299,2283,2083,200,2,2026-04-06T19:49:39Z
Vegas Golden Knights,VGK,20192020,2,30,5,1278,224,354,578,98,534,42,9,36,6,2449,0.09146590445079625,74,71,39,24,8,2.8874569275994317,0.9009139009139009,2079,1873,206,6,2026-04-06T19:49:39Z
Washington Capitals,WSH,20192020,2,27,2,1242,236,381,617,111,677,42,6,37,6,2206,0.10698096101541252,74,69,41,20,8,2.9175292475085457,0.9026036644165863,2074,1872,202,1,2026-04-06T19:49:39Z
Winnipeg Jets,WPG,20192020,2,32,2,1278,213,378,591,31,505,42,6,34,4,2222,0.09585958595859587,77,71,37,28,6,2.7346839685808932,0.915944540727903,2308,2114,194,6,2026-04-06T19:49:40Z
Anaheim Ducks,ANA,20182019,2,45,4,1475,196,326,522,-181,716,36,5,32,5,2271,0.08630559225011009,92,82,35,37,10,2.8430356763178235,0.9136849870896349,2711,2477,234,4,2026-04-06T19:49:15Z
Arizona Coyotes,ARI,20182019,2,30,5,1476,209,325,534,-116,553,42,16,35,5,2521,0.08290360967869893,87,82,39,35,8,2.540724531971797,0.9169316375198728,2516,2307,209,6,2026-04-06T19:49:16Z
Boston Bruins,BOS,20182019,2,37,2,1476,257,436,693,127,779,65,7,47,9,2680,0.0958955223880597,86,82,49,24,9,2.41540681600561,0.9171868497711194,2403,2204,199,9,2026-04-06T19:49:16Z
Buffalo Sabres,BUF,20182019,2,32,2,1476,221,376,597,-259,560,46,3,28,7,2697,0.08194289951798295,87,82,33,39,10,3.0475239710896687,0.9065872720506141,2687,2436,251,2,2026-04-06T19:49:16Z
Calgary Flames,CGY,20182019,2,29,2,1476,289,502,791,297,671,53,18,50,5,2656,0.10881024096385543,87,82,50,25,7,2.667400813679606,0.9050936003482803,2297,2079,218,3,2026-04-06T19:49:17Z
Carolina Hurricanes,CAR,20182019,2,29,4,1476,243,398,641,94,598,44,8,44,5,2821,0.08613966678482808,82,82,46,29,7,2.5540061643742615,0.9103389103389103,2331,2122,209,6,2026-04-06T19:49:17Z
Chicago Blackhawks,CHI,20182019,2,31,3,1476,267,458,725,-62,576,48,6,33,9,2669,0.10003746721618584,88,82,36,34,12,3.32524690668805,0.9036697247706422,2834,2561,273,2,2026-04-06T19:49:17Z
Colorado Avalanche,COL,20182019,2,30,3,1476,258,429,687,39,740,63,9,36,3,2676,0.09641255605381166,88,82,38,30,14,2.767664520586452,0.9127594158339739,2602,2375,227,5,2026-04-06T19:49:18Z
Columbus Blue Jackets,CBJ,20182019,2,32,2,1476,256,415,671,90,496,34,8,45,8,2592,0.09876543209876543,89,82,47,31,4,2.684436370045486,0.9085999169090154,2407,2187,220,9,2026-04-06T19:49:18Z
Dallas Stars,DAL,20182019,2,35,3,1476,209,355,564,0,611,45,4,42,6,2519,0.08296943231441048,89,82,43,32,7,2.2339548936429945,0.9289044289044289,2574,2391,183,9,2026-04-06T19:49:18Z
Detroit Red Wings,DET,20182019,2,35,3,1476,224,378,602,-174,623,39,7,29,9,2393,0.09360635185959047,91,82,32,40,10,3.109416646985391,0.9067395264116576,2745,2489,256,1,2026-04-06T19:49:19Z
Edmonton Oilers,EDM,20182019,2,36,3,1476,229,383,612,-150,734,47,10,32,8,2392,0.09573578595317726,92,82,35,38,9,3.1187184016568192,0.9009287925696594,2584,2328,256,5,2026-04-06T19:49:19Z
Florida Panthers,FLA,20182019,2,35,4,1476,264,455,719,-199,676,72,3,33,7,2705,0.09759704251386321,94,82,36,32,14,3.142917816946273,0.8965241709948062,2503,2244,259,1,2026-04-06T19:49:19Z
Los Angeles Kings,LAK,20182019,2,33,4,1476,199,323,522,-230,641,35,4,28,6,2358,0.08439355385920272,91,82,31,42,9,2.9551358490948463,0.905152224824356,2562,2319,243,5,2026-04-06T19:49:20Z
Minnesota Wild,MIN,20182019,2,33,2,1476,210,357,567,-147,620,49,5,36,3,2567,0.08180755746007012,88,82,37,36,9,2.6339500443733868,0.9100749375520399,2402,2186,216,2,2026-04-06T19:49:20Z
Montréal Canadiens,MTL,20182019,2,31,3,1476,246,422,668,118,660,31,5,41,4,2796,0.08798283261802575,84,82,44,30,8,2.771644570161069,0.9106299212598425,2540,2313,227,4,2026-04-06T19:49:20Z
Nashville Predators,NSH,20182019,2,34,2,1476,236,385,621,169,652,33,8,43,5,2678,0.08812546676624347,87,82,47,29,6,2.4898544533609983,0.9167686658506732,2451,2247,204,7,2026-04-06T19:49:21Z
New Jersey Devils,NJD,20182019,2,38,3,1476,219,355,574,-286,723,45,10,28,4,2488,0.0880225080385852,90,82,31,41,10,3.0865093483023185,0.9013592233009708,2575,2321,254,6,2026-04-06T19:49:21Z
New York Islanders,NYI,20182019,2,26,3,1476,223,370,593,196,626,33,6,43,6,2360,0.09449152542372881,91,82,48,27,7,2.194153637897303,0.9283168316831684,2525,2344,181,11,2026-04-06T19:49:21Z
New York Rangers,NYR,20182019,2,32,2,1476,221,367,588,-171,822,44,7,26,3,2393,0.09235269536147096,85,82,32,36,14,3.010245715840058,0.9096516690856313,2756,2507,249,2,2026-04-06T19:49:22Z
Ottawa Senators,OTT,20182019,2,42,6,1476,242,418,660,-305,687,46,4,29,6,2429,0.09962947715109098,91,82,29,47,6,3.476002189500597,0.9025394646533974,2914,2630,284,4,2026-04-06T19:49:22Z
Philadelphia Flyers,PHI,20182019,2,30,8,1476,241,418,659,-144,711,40,4,34,6,2583,0.09330236159504453,94,82,37,37,8,3.2372672577903105,0.9,2650,2385,265,3,2026-04-06T19:49:22Z
Pittsburgh Penguins,PIT,20182019,2,33,3,1476,271,459,730,95,655,56,12,42,5,2731,0.09923105089710729,88,82,44,26,12,2.7306745777568016,0.9171575846833578,2716,2491,225,7,2026-04-06T19:49:23Z
San Jose Sharks,SJS,20182019,2,26,2,1476,289,503,792,67,721,57,9,46,8,2708,0.10672082717872969,87,82,46,27,9,2.9996951529316127,0.893598615916955,2312,2066,246,5,2026-04-06T19:49:23Z
St. Louis Blues,STL,20182019,2,30,3,1476,244,416,660,71,595,50,5,42,6,2604,0.09370199692780339,88,82,45,28,9,2.5409562019391507,0.9104541559554413,2334,2125,209,9,2026-04-06T19:49:23Z
Tampa Bay Lightning,TBL,20182019,2,25,3,1476,319,543,862,298,753,74,12,56,7,2620,0.1217557251908397,82,82,62,16,4,2.607992452321585,0.9181575942139323,2627,2412,215,6,2026-04-06T19:49:24Z
Toronto Maple Leafs,TOR,20182019,2,26,3,1476,286,479,765,143,479,46,5,46,6,2736,0.10453216374269006,85,82,46,28,8,2.847318164382725,0.9137675795706883,2702,2469,233,3,2026-04-06T19:49:24Z
Vancouver Canucks,VAN,20182019,2,37,5,1476,219,352,571,-135,713,43,7,29,7,2433,0.09001233045622688,83,82,35,36,11,2.908812938786184,0.906949806949807,2590,2349,241,1,2026-04-06T19:49:24Z
Vegas Golden Knights,VGK,20182019,2,28,3,1476,246,393,639,90,565,39,11,40,4,2814,0.08742004264392324,83,82,43,32,7,2.633379164606517,0.9095477386934674,2388,2172,216,9,2026-04-06T19:49:25Z
Washington Capitals,WSH,20182019,2,26,2,1476,274,475,749,143,708,49,5,44,5,2492,0.10995184590690209,86,82,48,26,8,2.8446965859588693,0.9089848308051341,2571,2337,234,4,2026-04-06T19:49:25Z
Winnipeg Jets,WPG,20182019,2,29,3,1476,270,455,725,60,741,62,10,45,7,2557,0.10559249120062573,85,82,47,30,5,2.8361216678613452,0.9146832662028561,2731,2498,233,3,2026-04-06T19:49:25Z
Anaheim Ducks,ANA,20172018,2,37,3,1476,231,392,623,129,782,38,10,40,5,2475,0.09333333333333334,93,82,44,25,13,2.4054636662167335,0.926459719142646,2706,2507,199,8,2026-04-06T19:49:01Z
Arizona Coyotes,ARI,20172018,2,32,6,1476,206,347,553,-210,626,41,2,27,7,2450,0.08408163265306122,89,82,29,41,12,2.836554650144791,0.9108571428571428,2625,2391,234,5,2026-04-06T19:49:01Z
Boston Bruins,BOS,20172018,2,35,2,1476,267,454,721,163,758,61,9,47,6,2703,0.09877913429522753,85,82,50,20,12,2.4344947313173724,0.9158643784010047,2389,2188,201,4,2026-04-06T19:49:02Z
Buffalo Sabres,BUF,20172018,2,35,4,1476,198,329,527,-394,651,49,9,24,5,2557,0.07743449354712553,95,82,25,45,12,3.1318177184218574,0.9037232042121098,2659,2403,256,3,2026-04-06T19:49:02Z
Calgary Flames,CGY,20172018,2,31,4,1476,216,373,589,-118,868,43,7,35,7,2758,0.07831762146482958,91,82,37,35,10,2.8056869479551145,0.9091266719118805,2542,2311,231,3,2026-04-06T19:49:02Z
Carolina Hurricanes,CAR,20172018,2,29,2,1476,225,389,614,-143,482,44,3,33,3,2780,0.08093525179856115,86,82,36,35,11,2.954736596783836,0.8969465648854962,2358,2115,243,2,2026-04-06T19:49:03Z
Chicago Blackhawks,CHI,20172018,2,32,6,1476,228,384,612,-107,593,43,5,32,6,2792,0.08166189111747851,94,82,33,39,10,2.9348424220602323,0.9105478941483414,2683,2443,240,2,2026-04-06T19:49:03Z
Colorado Avalanche,COL,20172018,2,30,3,1476,255,423,678,-12,701,65,7,41,6,2432,0.10485197368421052,89,82,43,30,9,2.7434563485612093,0.9172794117647058,2720,2495,225,4,2026-04-06T19:49:03Z
Columbus Blue Jackets,CBJ,20172018,2,33,2,1476,236,387,623,96,537,39,4,39,9,2761,0.08547627671133647,83,82,45,30,7,2.6127013033266917,0.9155260070394994,2557,2341,216,5,2026-04-06T19:49:04Z
Dallas Stars,DAL,20172018,2,25,3,1476,231,377,608,56,806,47,7,38,5,2560,0.090234375,92,82,42,32,8,2.5301742197953696,0.9145088368269626,2433,2225,208,6,2026-04-06T19:49:04Z
Detroit Red Wings,DET,20172018,2,27,3,1476,212,362,574,-131,700,41,9,25,3,2490,0.08514056224899598,89,82,30,39,13,2.9686306582762745,0.9062620053784095,2603,2359,244,4,2026-04-06T19:49:04Z
Edmonton Oilers,EDM,20172018,2,31,3,1476,229,381,610,-55,734,31,11,31,7,2740,0.08357664233576642,90,82,36,40,6,3.04886072617951,0.9043080442241708,2623,2372,251,1,2026-04-06T19:49:05Z
Florida Panthers,FLA,20172018,2,28,4,1476,245,421,666,-12,883,47,10,41,3,2822,0.08681785967399008,90,82,44,30,8,2.7999364265642277,0.9186128803963199,2826,2596,230,7,2026-04-06T19:49:05Z
Los Angeles Kings,LAK,20172018,2,34,3,1476,237,401,638,122,715,49,5,43,9,2544,0.09316037735849056,88,82,45,29,8,2.3427463542105706,0.9236550632911392,2528,2335,193,8,2026-04-06T19:49:05Z
Minnesota Wild,MIN,20172018,2,33,2,1476,250,426,676,109,652,49,7,42,4,2473,0.10109179134654266,88,82,45,26,11,2.6205199925859772,0.9154929577464789,2556,2340,216,6,2026-04-06T19:49:06Z
Montréal Canadiens,MTL,20172018,2,34,4,1476,207,329,536,-186,690,52,7,27,3,2687,0.0770375883885374,86,82,29,40,13,2.9900534131041048,0.9067475360121304,2638,2392,246,4,2026-04-06T19:49:06Z
Nashville Predators,NSH,20172018,2,27,2,1476,261,426,687,245,894,58,10,47,5,2640,0.09886363636363636,85,82,53,18,11,2.3531225802558935,0.9264150943396227,2650,2455,195,11,2026-04-06T19:49:06Z
New Jersey Devils,NJD,20172018,2,30,4,1476,243,385,628,-42,668,54,12,39,6,2599,0.09349749903809157,88,82,44,29,9,2.8297513554186513,0.9103448275862069,2610,2376,234,2,2026-04-06T19:49:07Z
New York Islanders,NYI,20172018,2,30,3,1476,261,451,712,-136,617,58,5,32,7,2572,0.10147744945567652,89,82,35,37,10,3.4232533045589424,0.9029927760577915,2907,2625,282,2,2026-04-06T19:49:07Z
New York Rangers,NYR,20172018,2,36,4,1476,228,381,609,-210,633,51,5,31,7,2538,0.08983451536643026,93,82,34,39,9,3.016083753078412,0.9139784946236559,2883,2635,248,3,2026-04-06T19:49:07Z
Ottawa Senators,OTT,20172018,2,41,3,1476,219,372,591,-268,631,41,4,26,8,2515,0.08707753479125248,90,82,28,43,11,3.3067005261273916,0.8992592592592593,2700,2428,272,2,2026-04-06T19:49:07Z
Philadelphia Flyers,PHI,20172018,2,28,4,1476,249,442,691,67,661,54,3,40,9,2631,0.09464082098061574,93,82,42,26,14,2.761572158184791,0.9065573770491804,2440,2212,228,3,2026-04-06T19:49:08Z
Pittsburgh Penguins,PIT,20172018,2,31,4,1476,270,459,729,11,751,68,6,45,12,2823,0.09564293304994687,92,82,47,29,6,2.923749031338935,0.9056974459724951,2545,2305,240,4,2026-04-06T19:49:08Z
San Jose Sharks,SJS,20172018,2,27,2,1476,247,435,682,1,610,53,8,40,5,2702,0.09141376757957069,89,82,45,27,10,2.576037317437869,0.9143088116410671,2474,2262,212,6,2026-04-06T19:49:08Z
St. Louis Blues,STL,20172018,2,30,2,1476,223,387,610,38,613,38,5,41,8,2677,0.08330220395965633,91,82,44,32,6,2.533238607530701,0.9141914191419142,2424,2216,208,4,2026-04-06T19:49:09Z
Tampa Bay Lightning,TBL,20172018,2,28,3,1476,290,495,785,258,723,66,9,48,6,2679,0.10824934677118328,85,82,54,23,5,2.7561923263720254,0.9151718983557549,2676,2449,227,8,2026-04-06T19:49:09Z
Toronto Maple Leafs,TOR,20172018,2,30,3,1476,270,443,713,122,546,56,4,42,5,2639,0.10231148162182645,85,82,49,26,7,2.689536970991809,0.9201301048066498,2767,2546,221,8,2026-04-06T19:49:09Z
Vancouver Canucks,VAN,20172018,2,34,3,1476,218,363,581,-187,688,53,7,31,6,2464,0.08847402597402597,88,82,31,40,11,2.9400151860288535,0.9078095238095238,2625,2383,242,4,2026-04-06T19:49:10Z
Vegas Golden Knights,VGK,20172018,2,30,5,1476,268,442,710,145,538,52,8,47,8,2686,0.09977661950856292,89,82,51,24,7,2.6397933372800173,0.9133200795228629,2515,2297,218,5,2026-04-06T19:49:10Z
Washington Capitals,WSH,20172018,2,29,2,1476,256,437,693,71,778,55,4,46,8,2379,0.10760823875577974,89,82,49,26,7,2.749057292300207,0.9131103421760861,2601,2375,226,3,2026-04-06T19:49:10Z
Winnipeg Jets,WPG,20172018,2,28,4,1476,273,462,735,205,667,64,9,48,5,2643,0.10329171396140749,86,82,52,20,10,2.564602305184986,0.9187428133384439,2609,2397,212,7,2026-04-06T19:49:11Z
Anaheim Ducks,ANA,20162017,2,36,3,1476,220,363,583,96,916,47,9,43,3,2425,0.09072164948453608,92,82,46,23,13,2.325714420304241,0.9207920792079208,2424,2232,192,8,2026-04-06T19:48:47Z
Arizona Coyotes,ARI,20162017,2,32,4,1476,191,324,515,-235,781,38,8,24,4,2280,0.0837719298245614,90,82,30,42,10,2.98227004091529,0.9116696588868941,2785,2539,246,3,2026-04-06T19:48:48Z
Boston Bruins,BOS,20162017,2,30,4,1476,232,363,595,17,815,53,10,42,4,2721,0.0852627710400588,90,82,44,31,7,2.4474471935194737,0.9080512351326624,2186,1985,201,8,2026-04-06T19:48:48Z
Buffalo Sabres,BUF,20162017,2,36,3,1475,199,331,530,-183,719,57,3,31,6,2491,0.07988759534323565,86,82,33,37,12,2.6796269538946538,0.9211559043881555,2803,2582,221,3,2026-04-06T19:48:48Z
Calgary Flames,CGY,20162017,2,30,4,1476,222,396,618,-12,936,52,8,41,9,2388,0.09296482412060302,87,82,45,33,4,2.551838437572783,0.9104477611940298,2345,2135,210,5,2026-04-06T19:48:49Z
Carolina Hurricanes,CAR,20162017,2,31,5,1476,212,361,573,-144,442,41,10,33,5,2493,0.08503810669875651,87,82,36,31,15,2.691924227318046,0.9039792387543253,2312,2090,222,3,2026-04-06T19:48:49Z
Chicago Blackhawks,CHI,20162017,2,27,2,1476,240,406,646,162,564,42,1,46,9,2508,0.09569377990430622,87,82,50,23,9,2.492173965899766,0.9201713395638629,2568,2363,205,4,2026-04-06T19:48:49Z
Colorado Avalanche,COL,20162017,2,33,4,1475,165,275,440,-410,745,30,5,21,7,2303,0.07164567954841511,87,82,22,56,4,3.202323013373686,0.8991499227202473,2588,2327,261,3,2026-04-06T19:48:50Z
Columbus Blue Jackets,CBJ,20162017,2,27,4,1476,247,400,647,217,698,42,10,48,9,2540,0.09724409448818898,85,82,50,24,8,2.2384050012672128,0.9258064516129032,2480,2296,184,8,2026-04-06T19:48:50Z
Dallas Stars,DAL,20162017,2,31,2,1476,222,373,595,-91,786,46,5,33,5,2505,0.08862275449101796,96,82,34,37,11,3.0087755954868367,0.8985985160758451,2426,2180,246,3,2026-04-06T19:48:50Z
Detroit Red Wings,DET,20162017,2,33,3,1476,198,334,532,-187,698,38,3,24,7,2335,0.084796573875803,90,82,33,36,13,2.8393644656557724,0.9059623849539816,2499,2264,235,4,2026-04-06T19:48:51Z
Edmonton Oilers,EDM,20162017,2,30,3,1476,243,400,643,98,720,56,4,43,6,2547,0.09540636042402827,88,82,47,26,9,2.409484570755907,0.9173931091739311,2409,2210,199,7,2026-04-06T19:48:51Z
Florida Panthers,FLA,20162017,2,31,3,1476,205,345,550,-184,791,45,8,30,7,2644,0.0775340393343419,90,82,35,36,11,2.6586816698669318,0.9148606811145511,2584,2364,220,4,2026-04-06T19:48:51Z
Los Angeles Kings,LAK,20162017,2,27,5,1476,199,340,539,-74,732,46,5,37,12,2553,0.07794751273012143,91,82,39,35,8,2.258758762135431,0.9116389548693586,2105,1919,186,9,2026-04-06T19:48:52Z
Minnesota Wild,MIN,20162017,2,31,3,1476,263,445,708,231,639,47,5,46,4,2527,0.10407597942223981,85,82,49,25,8,2.4219312569092994,0.919039869812856,2458,2259,199,5,2026-04-06T19:48:52Z
Montréal Canadiens,MTL,20162017,2,38,3,1476,223,375,598,120,741,45,5,44,11,2459,0.09068727124847499,83,82,47,26,9,2.3129475953889056,0.921139554087531,2422,2231,191,5,2026-04-06T19:48:52Z
Nashville Predators,NSH,20162017,2,37,3,1476,238,385,623,58,815,49,12,39,4,2557,0.09307782557684786,86,82,41,29,12,2.4872184606881302,0.9165988608624899,2458,2253,205,4,2026-04-06T19:48:53Z
New Jersey Devils,NJD,20162017,2,36,2,1476,180,297,477,-269,803,44,6,25,7,2279,0.07898200965335674,86,82,28,40,14,2.764241332278108,0.9109026963657679,2559,2331,228,3,2026-04-06T19:48:53Z
New York Islanders,NYI,20162017,2,27,3,1476,239,387,626,24,638,35,5,39,6,2480,0.09637096774193549,93,82,41,29,12,2.8025005476266704,0.91146032962821,2609,2378,231,5,2026-04-06T19:48:53Z
New York Rangers,NYR,20162017,2,30,3,1475,253,426,679,157,579,47,9,45,5,2438,0.10377358490566038,89,82,48,28,6,2.5646826053339726,0.9142276422764227,2460,2249,211,6,2026-04-06T19:48:54Z
Ottawa Senators,OTT,20162017,2,36,4,1476,206,345,551,19,820,43,7,38,4,2463,0.08363784003248072,87,82,44,28,10,2.4862711966688793,0.9163621599675192,2463,2257,206,10,2026-04-06T19:48:54Z
Philadelphia Flyers,PHI,20162017,2,30,3,1476,212,357,569,-131,824,54,4,32,7,2585,0.08201160541586074,93,82,39,33,10,2.65896730007386,0.9052948773138183,2323,2103,220,4,2026-04-06T19:48:54Z
Pittsburgh Penguins,PIT,20162017,2,35,4,1476,278,473,751,197,679,60,5,46,6,2745,0.10127504553734062,89,82,50,21,11,2.668115417119401,0.9170108899737138,2663,2442,221,5,2026-04-06T19:48:55Z
San Jose Sharks,SJS,20162017,2,30,2,1476,219,382,601,77,622,41,7,44,6,2453,0.0892784345699144,85,82,46,29,7,2.309149035818282,0.9162976085031,2258,2069,189,3,2026-04-06T19:48:55Z
St. Louis Blues,STL,20162017,2,31,3,1476,233,392,625,24,698,50,3,44,6,2330,0.1,92,82,46,29,7,2.4431254178230657,0.9130622837370242,2312,2111,201,8,2026-04-06T19:48:55Z
Tampa Bay Lightning,TBL,20162017,2,33,4,1474,230,393,623,-47,847,62,4,38,6,2452,0.09380097879282219,90,82,42,30,10,2.590094274297334,0.9141475211608222,2481,2268,213,3,2026-04-06T19:48:56Z
Toronto Maple Leafs,TOR,20162017,2,30,4,1476,250,410,660,3,765,58,6,39,6,2616,0.095565749235474,88,82,40,27,15,2.749765300869144,0.9148537134283571,2666,2439,227,5,2026-04-06T19:48:56Z
Vancouver Canucks,VAN,20162017,2,36,3,1475,178,291,469,-233,614,32,2,26,7,2273,0.07831060272767268,85,82,30,43,9,2.7416734362307067,0.9131609417213431,2591,2366,225,3,2026-04-06T19:48:56Z
Washington Capitals,WSH,20162017,2,28,2,1476,261,453,714,345,738,57,5,53,8,2494,0.10465116279069768,87,82,55,19,8,2.06280082512033,0.9252747252747253,2275,2105,170,12,2026-04-06T19:48:57Z
Winnipeg Jets,WPG,20162017,2,30,4,1476,246,417,663,-1,817,48,10,37,4,2448,0.10049019607843138,93,82,40,35,7,2.9690570494741024,0.904104183109708,2534,2291,243,5,2026-04-06T19:48:57Z
Anaheim Ducks,ANA,20152016,2,34,3,1476,215,360,575,31,1001,56,7,43,4,2483,0.08658880386629078,92,82,46,25,11,2.2186599132472993,0.918774966711052,2253,2070,183,8,2026-04-06T19:48:33Z
Arizona Coyotes,ARI,20152016,2,35,4,1476,208,342,550,-96,995,53,4,34,5,2265,0.09183222958057395,92,82,35,39,8,2.8075029499125197,0.9089469517022961,2526,2296,230,5,2026-04-06T19:48:34Z
Boston Bruins,BOS,20152016,2,31,2,1476,236,398,634,20,919,48,9,38,5,2620,0.0900763358778626,88,82,42,31,9,2.6010243390244807,0.9135702746365105,2476,2262,214,5,2026-04-06T19:48:34Z
Buffalo Sabres,BUF,20152016,2,31,4,1476,199,319,518,-144,723,48,6,33,4,2418,0.08229942100909843,87,82,35,36,11,2.4626790227464195,0.9187675070028011,2499,2296,203,2,2026-04-06T19:48:34Z
Calgary Flames,CGY,20152016,2,36,4,1476,229,406,635,-104,738,46,10,33,9,2398,0.09549624687239366,89,82,35,40,7,2.9360604809508017,0.8979246082168573,2361,2120,241,3,2026-04-06T19:48:35Z
Carolina Hurricanes,CAR,20152016,2,30,2,1475,196,326,522,-166,544,40,3,33,8,2451,0.0799673602611179,86,82,35,31,16,2.565464385357491,0.9059032401242787,2253,2041,212,3,2026-04-06T19:48:35Z
Chicago Blackhawks,CHI,20152016,2,37,3,1476,234,399,633,57,579,57,10,46,10,2498,0.09367493995196156,88,82,47,26,9,2.4257692268622453,0.9210003969829297,2519,2320,199,8,2026-04-06T19:48:35Z
Colorado Avalanche,COL,20152016,2,32,4,1476,212,369,581,-141,746,48,7,35,2,2348,0.09028960817717206,92,82,39,39,4,2.7026842568642038,0.9163498098859315,2630,2410,220,5,2026-04-06T19:48:36Z
Columbus Blue Jackets,CBJ,20152016,2,33,4,1476,213,354,567,-133,977,43,3,28,2,2386,0.0892707460184409,90,82,34,40,8,2.7974957682808577,0.9091627172195893,2532,2302,230,1,2026-04-06T19:48:36Z
Dallas Stars,DAL,20152016,2,29,2,1476,265,428,693,106,697,58,10,48,6,2624,0.10099085365853659,91,82,50,23,9,2.7120338902889727,0.9057879171947613,2367,2144,223,5,2026-04-06T19:48:36Z
Detroit Red Wings,DET,20152016,2,29,2,1476,209,346,555,-56,696,50,2,39,9,2432,0.0859375,91,82,41,30,11,2.516989340286691,0.9147095179233622,2427,2220,207,6,2026-04-06T19:48:37Z
Edmonton Oilers,EDM,20152016,2,35,3,1476,199,341,540,-206,772,43,5,27,7,2386,0.08340318524727577,87,82,31,43,8,2.7838466655635736,0.9096646942800789,2535,2306,229,3,2026-04-06T19:48:37Z
Florida Panthers,FLA,20152016,2,33,2,1476,232,379,611,182,823,47,5,40,1,2358,0.09838846480067855,87,82,47,26,9,2.3015966485522488,0.921129099211291,2409,2219,190,4,2026-04-06T19:48:37Z
Los Angeles Kings,LAK,20152016,2,30,3,1476,223,374,597,158,846,47,5,46,12,2625,0.08495238095238095,85,82,48,28,6,2.228914649124283,0.9180765805877115,2246,2062,184,7,2026-04-06T19:48:37Z
Minnesota Wild,MIN,20152016,2,31,2,1476,213,356,569,29,517,48,7,35,1,2374,0.08972198820556024,88,82,38,33,11,2.351364522417154,0.9173801369863014,2336,2143,193,7,2026-04-06T19:48:38Z
Montréal Canadiens,MTL,20152016,2,40,5,1476,216,377,593,-78,764,42,8,33,3,2504,0.08626198083067092,89,82,38,38,6,2.6900916984500527,0.907762938230384,2396,2175,221,3,2026-04-06T19:48:38Z
Nashville Predators,NSH,20152016,2,29,3,1476,224,367,591,34,788,51,7,37,2,2507,0.08934982050259274,84,82,41,27,14,2.4572631522036636,0.9094576423128642,2231,2029,202,6,2026-04-06T19:48:39Z
New Jersey Devils,NJD,20152016,2,37,4,1476,182,297,479,-147,796,51,5,36,9,2003,0.090863704443335,87,82,38,36,8,2.2936351960410857,0.9190924657534246,2336,2147,189,7,2026-04-06T19:48:39Z
New York Islanders,NYI,20152016,2,29,4,1476,227,375,602,32,692,42,7,40,6,2412,0.09411276948590382,88,82,45,27,10,2.4017459928993605,0.9198872785829307,2484,2285,199,4,2026-04-06T19:48:39Z
New York Rangers,NYR,20152016,2,27,3,1476,233,379,612,137,694,42,3,43,4,2336,0.0997431506849315,91,82,46,27,9,2.4399537366428046,0.9189516129032258,2480,2279,201,5,2026-04-06T19:48:39Z
Ottawa Senators,OTT,20152016,2,33,4,1476,230,360,590,20,880,38,17,32,6,2325,0.0989247311827957,86,82,38,35,9,2.7276584567514597,0.9157934131736527,2672,2447,225,5,2026-04-06T19:48:40Z
Philadelphia Flyers,PHI,20152016,2,27,2,1476,211,369,580,-16,952,53,3,38,10,2540,0.08307086614173229,86,82,41,27,14,2.4236577939890873,0.9199203187250996,2510,2309,201,7,2026-04-06T19:48:40Z
Pittsburgh Penguins,PIT,20152016,2,36,3,1476,241,408,649,165,685,48,11,44,6,2722,0.08853783982365908,85,82,48,26,8,2.318344116982646,0.921334431630972,2428,2237,191,6,2026-04-06T19:48:40Z
San Jose Sharks,SJS,20152016,2,30,3,1475,237,407,644,49,707,62,6,42,5,2491,0.0951425130469691,86,82,46,30,6,2.294880702630141,0.9151324651998204,2227,2038,189,9,2026-04-06T19:48:41Z
St. Louis Blues,STL,20152016,2,30,5,1476,219,370,589,46,845,51,4,44,8,2474,0.08852061438965239,94,82,49,24,9,2.233003523853909,0.9237742068397198,2427,2242,185,10,2026-04-06T19:48:41Z
Tampa Bay Lightning,TBL,20152016,2,29,3,1476,224,360,584,87,791,44,7,43,7,2402,0.093255620316403,86,82,46,31,5,2.2271094145679875,0.9225531914893617,2350,2168,182,7,2026-04-06T19:48:41Z
Toronto Maple Leafs,TOR,20152016,2,43,3,1476,192,339,531,-186,722,40,3,23,3,2515,0.07634194831013917,87,82,29,42,11,2.762266599964846,0.9088353413654618,2490,2263,227,4,2026-04-06T19:48:42Z
Vancouver Canucks,VAN,20152016,2,34,3,1476,186,313,499,-229,797,39,4,26,4,2311,0.08048463868455215,85,82,31,38,13,2.7147219126939506,0.9155672823218998,2653,2429,224,1,2026-04-06T19:48:42Z
Washington Capitals,WSH,20152016,2,31,2,1476,248,421,669,190,731,55,2,52,7,2510,0.09880478087649402,88,82,56,18,8,2.2293047221278015,0.9208602150537635,2325,2141,184,3,2026-04-06T19:48:42Z
Winnipeg Jets,WPG,20152016,2,31,3,1476,212,352,564,-32,910,38,10,32,3,2427,0.08735063864853729,89,82,35,39,8,2.671582414454467,0.9089775561097256,2406,2187,219,3,2026-04-06T19:48:43Z
Anaheim Ducks,ANA,20142015,2,36,4,1476,228,380,608,86,873,37,9,43,8,2458,0.09275834011391375,90,82,51,24,7,2.5649345219180146,0.9097075031793133,2359,2146,213,4,2026-04-06T19:48:18Z
Arizona Coyotes,ARI,20142015,2,38,4,1476,165,288,453,-422,756,46,4,19,5,2393,0.06895110739657334,89,82,24,50,8,3.061430280866397,0.906573116691285,2708,2455,253,1,2026-04-06T19:48:18Z
Boston Bruins,BOS,20142015,2,33,3,1476,209,358,567,62,756,38,8,37,9,2546,0.08208955223880597,89,82,41,27,14,2.33057917428621,0.9205569205569205,2442,2248,194,5,2026-04-06T19:48:19Z
Buffalo Sabres,BUF,20142015,2,34,5,1476,153,268,421,-419,829,30,7,15,1,1984,0.07711693548387097,86,82,23,51,8,3.1399859906244947,0.9110271384403985,2911,2652,259,1,2026-04-06T19:48:19Z
Calgary Flames,CGY,20142015,2,36,3,1476,237,427,664,45,608,48,6,41,9,2252,0.10523978685612789,92,82,45,30,7,2.455396334463338,0.9151616967660646,2381,2179,202,4,2026-04-06T19:48:19Z
Carolina Hurricanes,CAR,20142015,2,32,2,1476,183,327,510,-270,533,45,2,25,1,2524,0.0725039619651347,85,82,30,41,11,2.5232171018048013,0.9065168539325843,2225,2017,208,2,2026-04-06T19:48:20Z
Chicago Blackhawks,CHI,20142015,2,34,3,1476,220,380,600,114,562,46,3,39,3,2777,0.07922218221101908,85,82,48,28,6,2.154079910717287,0.9279060348319158,2469,2291,178,5,2026-04-06T19:48:20Z
Colorado Avalanche,COL,20142015,2,35,3,1476,209,362,571,-70,749,37,4,29,2,2286,0.09142607174103237,92,82,39,31,12,2.5331371644620115,0.922735674676525,2705,2496,209,6,2026-04-06T19:48:20Z
Columbus Blue Jackets,CBJ,20142015,2,39,3,1476,227,395,622,-93,962,53,5,33,5,2366,0.09594251901944209,88,82,42,35,5,2.854742784180639,0.9135531135531135,2730,2494,236,2,2026-04-06T19:48:21Z
Dallas Stars,DAL,20142015,2,30,4,1476,257,436,693,-48,771,55,9,37,4,2558,0.10046911649726349,90,82,41,31,10,2.9777278113700585,0.8996723996723996,2442,2197,245,6,2026-04-06T19:48:21Z
Detroit Red Wings,DET,20142015,2,28,4,1476,231,398,629,14,698,70,3,39,7,2429,0.09510086455331412,91,82,43,25,14,2.413135500909953,0.9134573777585461,2311,2111,200,6,2026-04-06T19:48:21Z
Edmonton Oilers,EDM,20142015,2,38,5,1476,193,323,516,-371,668,41,4,19,2,2331,0.0827970827970828,92,82,24,44,14,3.217504082359503,0.8916055419722901,2454,2188,266,2,2026-04-06T19:48:22Z
Florida Panthers,FLA,20142015,2,28,3,1476,198,343,541,-21,713,40,1,30,1,2516,0.07869634340222575,89,82,38,29,15,2.476168216497771,0.9147703764997931,2417,2211,206,3,2026-04-06T19:48:22Z
Los Angeles Kings,LAK,20142015,2,26,2,1475,218,377,595,79,716,47,7,38,1,2536,0.0859621451104101,87,82,40,27,15,2.238076195404887,0.9160236041761235,2203,2018,185,9,2026-04-06T19:48:22Z
Minnesota Wild,MIN,20142015,2,31,4,1475,227,379,606,106,710,39,4,42,4,2522,0.09000793021411578,91,82,46,28,8,2.332589775346497,0.9150066401062417,2259,2067,192,8,2026-04-06T19:48:23Z
Montréal Canadiens,MTL,20142015,2,34,2,1476,214,363,577,145,817,40,7,43,6,2334,0.09168808911739502,83,82,50,22,10,2.119836328293592,0.9285134037367994,2462,2286,176,9,2026-04-06T19:48:23Z
Nashville Predators,NSH,20142015,2,31,3,1476,226,384,610,123,685,42,4,41,8,2614,0.0864575363427697,84,82,47,25,10,2.2712781308938124,0.9184027777777778,2304,2116,188,5,2026-04-06T19:48:23Z
New Jersey Devils,NJD,20142015,2,32,3,1476,176,307,483,-115,746,41,7,27,1,2008,0.08764940239043825,91,82,32,36,14,2.3753097059140362,0.9217564870259481,2505,2309,196,5,2026-04-06T19:48:24Z
New York Islanders,NYI,20142015,2,28,4,1476,245,410,655,81,680,50,10,40,6,2771,0.08841573439191627,84,82,47,28,7,2.6056972820459547,0.9066147859922179,2313,2097,216,6,2026-04-06T19:48:24Z
New York Rangers,NYR,20142015,2,31,3,1476,248,410,658,276,696,39,9,49,6,2582,0.09604957397366383,84,82,53,22,7,2.191003301972441,0.9249585406301825,2412,2231,181,11,2026-04-06T19:48:24Z
Ottawa Senators,OTT,20142015,2,25,4,1476,232,385,617,100,819,47,6,37,7,2539,0.09137455691217014,85,82,43,26,13,2.4369991696595603,0.9228136882129278,2630,2427,203,6,2026-04-06T19:48:25Z
Philadelphia Flyers,PHI,20142015,2,30,3,1476,212,381,593,-52,803,60,3,30,5,2413,0.08785743887277249,92,82,33,31,18,2.5694037227536985,0.9138000809388911,2471,2258,213,3,2026-04-06T19:48:25Z
Pittsburgh Penguins,PIT,20142015,2,37,3,1472,217,382,599,26,1093,49,6,39,6,2594,0.08365458750963763,85,82,43,27,12,2.376667638513276,0.9177109440267335,2394,2197,197,10,2026-04-06T19:48:25Z
San Jose Sharks,SJS,20142015,2,34,3,1476,224,398,622,-64,748,55,4,36,2,2591,0.08645310690852953,85,82,40,33,9,2.5734575103012483,0.9124690338563171,2422,2210,212,8,2026-04-06T19:48:26Z
St. Louis Blues,STL,20142015,2,30,3,1476,239,416,655,138,888,56,2,42,5,2535,0.09428007889546351,90,82,51,24,7,2.3139267457392214,0.9138240574506283,2228,2036,192,10,2026-04-06T19:48:26Z
Tampa Bay Lightning,TBL,20142015,2,29,3,1476,259,440,699,207,788,53,7,47,4,2428,0.10667215815485996,89,82,50,24,8,2.4186932169227497,0.912719298245614,2280,2081,199,5,2026-04-06T19:48:26Z
Toronto Maple Leafs,TOR,20142015,2,38,2,1476,206,337,543,-238,811,45,7,25,3,2397,0.08594075928243639,93,82,30,44,8,2.973280924481361,0.910453216374269,2736,2491,245,2,2026-04-06T19:48:27Z
Vancouver Canucks,VAN,20142015,2,29,3,1476,236,406,642,31,858,46,6,42,6,2453,0.0962087240114146,89,82,48,29,5,2.5004467491832076,0.915296052631579,2432,2226,206,8,2026-04-06T19:48:27Z
Washington Capitals,WSH,20142015,2,29,3,1476,237,413,650,126,845,60,4,40,5,2419,0.09797436957420422,86,82,45,26,11,2.3470265619959134,0.9179009733389759,2363,2169,194,9,2026-04-06T19:48:27Z
Winnipeg Jets,WPG,20142015,2,33,2,1476,223,371,594,114,1052,48,10,36,4,2439,0.09143091430914309,88,82,43,26,13,2.3270690919808557,0.9174861051731509,2339,2146,193,7,2026-04-06T19:48:28Z
Anaheim Ducks,ANA,20132014,2,30,4,1476,263,446,709,305,884,44,10,51,7,2569,0.10237446477228494,86,82,54,20,8,2.4052536864440923,0.9152830991911451,2349,2150,199,6,2026-04-06T19:48:03Z
Boston Bruins,BOS,20132014,2,32,3,1476,258,440,698,392,874,50,9,51,4,2612,0.09877488514548238,86,82,54,19,9,2.057239668421371,0.9286912751677853,2384,2214,170,9,2026-04-06T19:48:04Z
Buffalo Sabres,BUF,20132014,2,39,6,1474,150,249,399,-400,889,36,5,14,3,2156,0.06957328385899815,87,82,21,51,10,2.805071796480505,0.9176470588235294,2805,2574,231,0,2026-04-06T19:48:04Z
Calgary Flames,CGY,20132014,2,40,4,1476,202,352,554,-182,832,39,12,28,7,2199,0.09185993633469759,89,82,35,40,7,2.7682127692582688,0.9023972602739726,2336,2108,228,2,2026-04-06T19:48:04Z
Carolina Hurricanes,CAR,20132014,2,28,3,1476,205,328,533,-104,634,41,11,34,4,2561,0.08004685669660289,87,82,36,35,11,2.6034834204524815,0.9148851939825812,2526,2311,215,2,2026-04-06T19:48:05Z
Chicago Blackhawks,CHI,20132014,2,29,4,1476,261,451,712,218,681,50,9,40,1,2715,0.09613259668508287,89,82,46,21,15,2.4943098138974427,0.9069244604316546,2224,2017,207,3,2026-04-06T19:48:05Z
Colorado Avalanche,COL,20132014,2,28,4,1475,245,432,677,129,863,50,3,47,10,2420,0.1012396694214876,88,82,52,22,8,2.526460001074518,0.9217521527517784,2671,2462,209,4,2026-04-06T19:48:06Z
Columbus Blue Jackets,CBJ,20132014,2,31,3,1477,226,380,606,19,900,54,9,38,3,2431,0.09296585767174002,90,82,43,32,7,2.501222617582084,0.9181240063593005,2516,2310,206,7,2026-04-06T19:48:06Z
Dallas Stars,DAL,20132014,2,29,5,1476,231,390,621,34,884,46,8,36,2,2597,0.0889487870619946,89,82,40,31,11,2.602319224549217,0.9134808853118712,2485,2270,215,6,2026-04-06T19:48:06Z
Detroit Red Wings,DET,20132014,2,35,3,1475,217,362,579,-16,699,50,3,34,4,2456,0.08835504885993485,87,82,39,28,15,2.566408826527553,0.9106471816283925,2395,2181,214,4,2026-04-06T19:48:07Z
Edmonton Oilers,EDM,20132014,2,37,6,1475,199,348,547,-330,934,46,4,25,5,2208,0.0901268115942029,90,82,29,44,9,3.127228725076305,0.9043186895011169,2686,2429,257,4,2026-04-06T19:48:07Z
Florida Panthers,FLA,20132014,2,35,5,1476,188,300,488,-196,832,27,8,21,0,2451,0.07670338637290902,89,82,29,45,8,3.055299307291055,0.9004720692368214,2542,2289,253,1,2026-04-06T19:48:07Z
Los Angeles Kings,LAK,20132014,2,25,3,1476,198,335,533,179,868,43,5,38,4,2595,0.07630057803468208,87,82,46,28,8,1.990089755058145,0.9231485794131346,2147,1982,165,13,2026-04-06T19:48:08Z
Minnesota Wild,MIN,20132014,2,31,5,1476,199,360,559,50,769,45,4,35,3,2180,0.09128440366972478,90,82,43,27,12,2.2678034570337235,0.9165194346289752,2264,2075,189,8,2026-04-06T19:48:08Z
Montréal Canadiens,MTL,20132014,2,33,3,1476,209,347,556,4,1035,48,6,40,7,2330,0.08969957081545064,86,82,46,28,8,2.3561395559583143,0.9231072555205048,2536,2341,195,8,2026-04-06T19:48:08Z
Nashville Predators,NSH,20132014,2,29,5,1476,214,372,586,-98,788,46,2,36,3,2382,0.08984047019311503,92,82,38,32,12,2.7592976699936465,0.9035940803382664,2365,2137,228,5,2026-04-06T19:48:09Z
New Jersey Devils,NJD,20132014,2,30,2,1476,197,341,538,-51,628,47,9,35,9,2199,0.08958617553433379,84,82,35,29,18,2.2183300234759864,0.9114533205004812,2078,1894,184,6,2026-04-06T19:48:09Z
New York Islanders,NYI,20132014,2,34,3,1476,216,369,585,-194,1003,49,8,25,4,2537,0.08513992905005913,87,82,34,37,11,2.999568335212804,0.8984916428862617,2453,2204,249,4,2026-04-06T19:48:09Z
New York Rangers,NYR,20132014,2,31,3,1476,214,360,574,58,809,48,10,41,2,2719,0.07870540639941155,86,82,45,31,6,2.260657602879165,0.9227574750830565,2408,2222,186,8,2026-04-06T19:48:10Z
Ottawa Senators,OTT,20132014,2,27,4,1476,229,381,610,-90,1080,50,5,30,3,2691,0.08509847640282422,91,82,37,31,14,3.019074698376529,0.9116819141449684,2842,2591,251,5,2026-04-06T19:48:10Z
Philadelphia Flyers,PHI,20132014,2,27,3,1476,233,401,634,-32,1129,58,8,39,4,2490,0.09357429718875503,90,82,42,30,10,2.6556184316895717,0.9124,2500,2281,219,6,2026-04-06T19:48:10Z
Phoenix Coyotes,PHX,20132014,2,32,3,1476,209,373,582,-74,780,56,3,31,3,2497,0.08370044052863436,88,82,37,30,15,2.5536442631672283,0.9161724001581653,2529,2317,212,5,2026-04-06T19:48:11Z
Pittsburgh Penguins,PIT,20132014,2,37,2,1476,242,423,665,44,814,65,4,44,4,2454,0.09861450692746536,84,82,51,24,7,2.4296065487902334,0.9146859083191851,2356,2155,201,6,2026-04-06T19:48:11Z
San Jose Sharks,SJS,20132014,2,27,2,1476,239,423,662,144,725,50,8,41,4,2851,0.08383023500526131,88,82,51,22,9,2.2596153846153846,0.9173989455184535,2276,2088,188,6,2026-04-06T19:48:11Z
St. Louis Blues,STL,20132014,2,27,3,1476,239,417,656,164,1146,56,6,43,3,2402,0.09950041631973355,90,82,52,23,7,2.1932702221389073,0.9156235512285582,2157,1975,182,9,2026-04-06T19:48:12Z
Tampa Bay Lightning,TBL,20132014,2,33,4,1476,232,404,636,114,812,50,10,38,6,2446,0.09484873262469337,88,82,46,27,9,2.4161965710143662,0.9162829635830891,2389,2189,200,6,2026-04-06T19:48:12Z
Toronto Maple Leafs,TOR,20132014,2,33,3,1476,222,357,579,-126,1026,50,7,29,5,2290,0.09694323144104804,93,82,38,36,8,2.901587813331184,0.9181725196045005,2933,2693,240,2,2026-04-06T19:48:12Z
Vancouver Canucks,VAN,20132014,2,33,4,1476,191,322,513,-102,1101,39,6,31,6,2527,0.07558369608231104,88,82,36,35,11,2.473604826546003,0.9114853195164075,2316,2111,205,7,2026-04-06T19:48:13Z
Washington Capitals,WSH,20132014,2,35,4,1476,225,398,623,-114,935,68,5,28,4,2412,0.09328358208955224,90,82,38,30,14,2.683965105790961,0.9184268026219956,2746,2522,224,5,2026-04-06T19:48:13Z
Winnipeg Jets,WPG,20132014,2,30,3,1476,219,372,591,-18,951,40,5,29,5,2516,0.0870429252782194,88,82,37,35,10,2.73939540216014,0.9080599432968813,2469,2242,227,3,2026-04-06T19:48:13Z
Anaheim Ducks,ANA,20122013,2,29,2,863,134,236,370,97,523,29,5,24,1,1347,0.09948032665181886,51,48,30,12,6,2.275665301799006,0.9169161676646707,1336,1225,111,5,2026-04-06T19:47:49Z
Boston Bruins,BOS,20122013,2,30,2,864,127,218,345,111,566,18,5,24,1,1557,0.08156711624919717,50,48,28,14,6,2.0841453628338873,0.9261695906432749,1368,1267,101,6,2026-04-06T19:47:50Z
Buffalo Sabres,BUF,20122013,2,29,2,864,118,203,321,-46,620,23,7,14,1,1339,0.08812546676624347,52,48,21,21,6,2.7685997493448786,0.9157303370786517,1602,1467,135,1,2026-04-06T19:47:50Z
Calgary Flames,CGY,20122013,2,32,4,864,128,223,351,-172,512,31,6,19,2,1293,0.09899458623356536,53,48,19,25,4,3.1846065785137347,0.8913352272727273,1408,1255,153,0,2026-04-06T19:47:50Z
Carolina Hurricanes,CAR,20122013,2,35,3,863,127,212,339,-104,530,24,3,18,1,1545,0.08220064724919093,55,48,19,25,4,3.144832373955049,0.9018205461638491,1538,1387,151,2,2026-04-06T19:47:51Z
Chicago Blackhawks,CHI,20122013,2,29,3,864,149,248,397,215,434,25,5,30,5,1494,0.0997322623828648,52,48,36,7,5,1.9623541435993528,0.9236276849642004,1257,1161,96,6,2026-04-06T19:47:51Z
Colorado Avalanche,COL,20122013,2,28,3,864,114,196,310,-111,586,21,3,14,3,1415,0.08056537102473499,54,48,16,25,7,2.9516825393184987,0.90473017988008,1501,1358,143,3,2026-04-06T19:47:51Z
Columbus Blue Jackets,CBJ,20122013,2,30,2,864,115,201,316,9,595,22,3,19,5,1283,0.08963367108339829,51,48,24,17,7,2.231294992664703,0.9237762237762238,1430,1321,109,4,2026-04-06T19:47:52Z
Dallas Stars,DAL,20122013,2,30,3,864,128,224,352,-38,605,29,2,20,2,1261,0.10150674068199841,54,48,22,22,4,2.82713262000589,0.9083557951482479,1484,1348,136,1,2026-04-06T19:47:52Z
Detroit Red Wings,DET,20122013,2,29,3,864,122,211,333,36,461,34,3,22,2,1447,0.08431237042156185,51,48,24,16,8,2.2236456808199123,0.9181818181818182,1320,1212,108,5,2026-04-06T19:47:52Z
Edmonton Oilers,EDM,20122013,2,28,3,864,123,220,343,-67,506,34,4,17,2,1285,0.09571984435797666,53,48,19,22,7,2.611564347771016,0.9195915762603701,1567,1441,126,3,2026-04-06T19:47:53Z
Florida Panthers,FLA,20122013,2,34,3,864,109,172,281,-265,533,29,4,12,1,1400,0.07785714285714286,57,48,15,27,6,3.3740038408905346,0.8911155644622578,1497,1334,163,0,2026-04-06T19:47:53Z
Los Angeles Kings,LAK,20122013,2,24,2,864,131,227,358,51,469,33,2,25,1,1431,0.09154437456324249,51,48,27,16,5,2.2949294464258023,0.907112970711297,1195,1084,111,2,2026-04-06T19:47:53Z
Minnesota Wild,MIN,20122013,2,27,4,864,118,208,326,-41,537,27,1,22,3,1382,0.085383502170767,54,48,26,19,3,2.544198847411272,0.905165767154973,1297,1174,123,3,2026-04-06T19:47:54Z
Montréal Canadiens,MTL,20122013,2,29,2,864,146,260,406,78,624,42,0,26,2,1468,0.0994550408719346,52,48,29,14,5,2.5192153263737525,0.9054996127033308,1291,1169,122,4,2026-04-06T19:47:54Z
Nashville Predators,NSH,20122013,2,32,2,864,109,190,299,-69,453,24,1,14,3,1244,0.08762057877813505,54,48,16,23,9,2.6387218690946574,0.9037593984962407,1330,1202,128,5,2026-04-06T19:47:54Z
New Jersey Devils,NJD,20122013,2,33,4,864,109,173,282,-60,493,27,11,17,1,1362,0.08002936857562408,50,48,19,19,10,2.412398767454381,0.8941176470588236,1105,988,117,3,2026-04-06T19:47:55Z
New York Islanders,NYI,20122013,2,25,3,864,135,230,365,-27,449,31,2,20,2,1485,0.09090909090909091,49,48,24,17,7,2.6404304451715306,0.9047619047619048,1344,1216,128,3,2026-04-06T19:47:55Z
New York Rangers,NYR,20122013,2,33,2,864,126,204,330,98,432,24,5,22,4,1483,0.08496291301416048,49,48,26,18,4,2.081329853001786,0.924962852897474,1346,1245,101,2,2026-04-06T19:47:55Z
Ottawa Senators,OTT,20122013,2,32,3,864,112,198,310,34,649,25,2,21,2,1591,0.07039597737272156,49,48,25,17,6,2.018121911037891,0.9346666666666666,1500,1402,98,4,2026-04-06T19:47:56Z
Philadelphia Flyers,PHI,20122013,2,35,4,864,132,219,351,-89,749,37,2,22,2,1394,0.09469153515064563,52,48,23,22,3,2.7093054220843125,0.9045521292217328,1362,1232,130,1,2026-04-06T19:47:56Z
Phoenix Coyotes,PHX,20122013,2,28,3,864,121,211,332,24,492,25,2,17,1,1482,0.0816464237516869,53,48,21,18,9,2.4794376298488774,0.9173497267759563,1464,1343,121,6,2026-04-06T19:47:56Z
Pittsburgh Penguins,PIT,20122013,2,31,2,864,162,279,441,165,547,42,2,33,2,1438,0.11265646731571627,53,48,36,12,0,2.411405671653857,0.9171428571428571,1400,1284,116,4,2026-04-06T19:47:57Z
San Jose Sharks,SJS,20122013,2,29,3,864,116,194,310,-42,515,34,3,17,0,1526,0.07601572739187418,51,48,25,16,7,2.2110129828771603,0.922077922077922,1386,1278,108,5,2026-04-06T19:47:57Z
St. Louis Blues,STL,20122013,2,27,3,864,124,220,344,8,515,29,3,24,4,1336,0.09281437125748503,55,48,29,17,2,2.2899188557282355,0.9041450777202072,1158,1047,111,7,2026-04-06T19:47:57Z
Tampa Bay Lightning,TBL,20122013,2,33,4,864,147,268,415,-1,567,31,0,17,1,1323,0.1111111111111111,54,48,18,26,4,2.919927928763028,0.9030470914127424,1444,1304,140,1,2026-04-06T19:47:57Z
Toronto Maple Leafs,TOR,20122013,2,27,3,864,145,248,393,17,758,31,1,26,2,1264,0.11471518987341772,54,48,26,17,5,2.531703942817616,0.9209332469215813,1543,1421,122,6,2026-04-06T19:47:58Z
Vancouver Canucks,VAN,20122013,2,31,2,864,122,203,325,30,605,26,2,21,1,1350,0.09037037037037036,50,48,26,15,7,2.293332726631554,0.9191919191919192,1386,1274,112,7,2026-04-06T19:47:58Z
Washington Capitals,WSH,20122013,2,28,3,864,146,256,402,40,506,44,3,24,4,1350,0.10814814814814815,51,48,27,18,3,2.6516284957992866,0.9173660426081343,1549,1421,128,4,2026-04-06T19:47:58Z
Winnipeg Jets,WPG,20122013,2,28,2,864,126,215,341,-40,525,20,1,22,4,1389,0.09071274298056156,51,48,24,21,3,2.8098528500263997,0.9041578576462297,1419,1283,136,1,2026-04-06T19:47:59Z
Anaheim Ducks,ANA,20112012,2,32,4,1476,201,342,543,-88,962,45,4,31,2,2291,0.08773461370580532,88,82,34,36,12,2.604341915772756,0.9088210347752332,2358,2143,215,4,2026-04-06T19:47:32Z
Boston Bruins,BOS,20112012,2,31,4,1476,260,425,685,286,1089,43,8,40,2,2653,0.09800226159065209,88,82,49,29,4,2.333955900729613,0.9207392197125257,2435,2242,193,8,2026-04-06T19:47:33Z
Buffalo Sabres,BUF,20112012,2,33,3,1476,211,363,574,-41,884,44,5,32,5,2397,0.08802670004171881,89,82,39,32,11,2.5787534016850264,0.9164715066354411,2562,2348,214,7,2026-04-06T19:47:33Z
Calgary Flames,CGY,20112012,2,37,3,1476,199,331,530,-125,865,46,3,34,2,2258,0.08813108945969884,86,82,37,29,16,2.4956881394531054,0.9177918983320096,2518,2311,207,4,2026-04-06T19:47:33Z
Carolina Hurricanes,CAR,20112012,2,29,4,1475,211,334,545,-143,747,49,12,32,3,2497,0.08450140168201842,87,82,33,33,16,2.7715209746717138,0.913421550094518,2645,2416,229,6,2026-04-06T19:47:33Z
Chicago Blackhawks,CHI,20112012,2,31,2,1476,241,419,660,84,826,42,7,38,4,2583,0.09330236159504453,91,82,45,26,11,2.7524038461538463,0.9021785561725758,2341,2112,229,0,2026-04-06T19:47:34Z
Colorado Avalanche,COL,20112012,2,31,2,1476,199,341,540,-79,886,41,5,32,7,2583,0.0770421989934185,85,82,41,35,6,2.474392717640945,0.9150787075393537,2414,2209,205,6,2026-04-06T19:47:34Z
Columbus Blue Jackets,CBJ,20112012,2,38,4,1476,198,337,535,-233,1019,49,7,25,2,2454,0.08068459657701711,94,82,29,46,7,2.9782104399444878,0.902970297029703,2525,2280,245,2,2026-04-06T19:47:35Z
Dallas Stars,DAL,20112012,2,30,3,1476,204,363,567,18,1008,33,5,35,4,2314,0.0881590319792567,87,82,42,35,5,2.540689682985109,0.9166335847558555,2519,2309,210,5,2026-04-06T19:47:35Z
Detroit Red Wings,DET,20112012,2,29,3,1475,239,422,661,212,669,48,2,39,3,2638,0.09059893858984079,86,82,48,28,6,2.317720907774022,0.9128856624319419,2204,2012,192,7,2026-04-06T19:47:35Z
Edmonton Oilers,EDM,20112012,2,34,3,1474,207,357,564,-136,922,54,5,27,2,2186,0.09469350411710888,88,82,32,40,10,2.6686164638810173,0.9122106943335994,2506,2286,220,4,2026-04-06T19:47:36Z
Florida Panthers,FLA,20112012,2,37,4,1476,197,338,535,-107,760,53,4,32,1,2433,0.08096999588984792,91,82,38,26,18,2.5062790217384063,0.9163330664531625,2498,2289,209,4,2026-04-06T19:47:36Z
Los Angeles Kings,LAK,20112012,2,27,2,1476,188,326,514,26,911,49,9,34,3,2509,0.07493025109605421,85,82,40,27,15,2.0201885242068554,0.92520035618878,2246,2078,168,11,2026-04-06T19:47:36Z
Minnesota Wild,MIN,20112012,2,44,3,1475,166,281,447,-205,976,39,5,24,2,2174,0.07635694572217111,92,82,35,36,11,2.4959417613589014,0.9188134270101483,2562,2354,208,6,2026-04-06T19:47:37Z
Montréal Canadiens,MTL,20112012,2,32,2,1476,207,341,548,-81,926,43,10,26,2,2340,0.08846153846153847,82,82,31,35,16,2.4573132170927816,0.9157720891824938,2422,2218,204,4,2026-04-06T19:47:37Z
Nashville Predators,NSH,20112012,2,35,2,1476,232,401,633,53,677,54,5,43,3,2261,0.102609464838567,89,82,48,26,8,2.394541734833393,0.9213349225268176,2517,2319,198,5,2026-04-06T19:47:37Z
New Jersey Devils,NJD,20112012,2,35,2,1476,216,369,585,-63,920,46,15,36,4,2253,0.09587217043941411,86,82,48,28,6,2.347676903474361,0.910958904109589,2190,1995,195,7,2026-04-06T19:47:38Z
New York Islanders,NYI,20112012,2,31,5,1476,196,345,541,-285,747,45,4,27,3,2410,0.08132780082987552,91,82,34,37,11,2.8638656816114447,0.9034623217922607,2455,2218,237,3,2026-04-06T19:47:38Z
New York Rangers,NYR,20112012,2,30,2,1476,222,382,604,143,1041,44,8,47,8,2338,0.0949529512403764,83,82,51,24,7,2.0870544316395843,0.9238556338028169,2272,2099,173,10,2026-04-06T19:47:38Z
Ottawa Senators,OTT,20112012,2,31,4,1476,243,412,655,79,1115,49,9,35,5,2574,0.0944055944055944,92,82,41,31,10,2.8139530202693184,0.911204268292683,2624,2391,233,4,2026-04-06T19:47:38Z
Philadelphia Flyers,PHI,20112012,2,31,2,1476,260,448,708,117,1296,66,6,43,6,2641,0.09844755774327905,88,82,47,26,9,2.646348012889366,0.90572535514421,2323,2104,219,6,2026-04-06T19:47:39Z
Phoenix Coyotes,PHX,20112012,2,32,3,1476,210,368,578,85,721,34,6,36,3,2428,0.08649093904448106,88,82,42,27,13,2.272727272727273,0.9269706336939721,2588,2399,189,8,2026-04-06T19:47:39Z
Pittsburgh Penguins,PIT,20112012,2,32,3,1476,273,470,743,142,862,57,11,42,2,2779,0.0982367758186398,88,82,51,25,6,2.549831823888393,0.9058035714285714,2240,2029,211,3,2026-04-06T19:47:40Z
San Jose Sharks,SJS,20112012,2,27,2,1476,219,391,610,50,763,57,3,34,3,2773,0.07897583844212044,87,82,43,29,10,2.3983207737296164,0.9148480958493795,2337,2138,199,6,2026-04-06T19:47:40Z
St. Louis Blues,STL,20112012,2,30,2,1476,206,348,554,207,1046,45,7,45,3,2511,0.08203902827558741,84,82,49,22,11,1.7827029631414117,0.9322033898305084,2183,2035,148,15,2026-04-06T19:47:40Z
Tampa Bay Lightning,TBL,20112012,2,34,4,1476,232,389,621,-148,851,41,2,35,10,2227,0.10417602155365963,96,82,38,36,8,3.229502303187504,0.8927710843373494,2490,2223,267,2,2026-04-06T19:47:40Z
Toronto Maple Leafs,TOR,20112012,2,29,4,1476,227,392,619,-149,800,49,5,31,5,2322,0.09776055124892334,90,82,35,37,10,3.0421374415879985,0.9003968253968254,2520,2269,251,7,2026-04-06T19:47:41Z
Vancouver Canucks,VAN,20112012,2,33,2,1476,241,423,664,159,1035,57,7,43,7,2583,0.09330236159504453,88,82,51,22,9,2.2461488157003533,0.9258524980174465,2522,2335,187,8,2026-04-06T19:47:41Z
Washington Capitals,WSH,20112012,2,27,3,1476,218,361,579,-18,747,41,3,38,7,2295,0.09498910675381264,93,82,42,32,8,2.6350956598819444,0.9116335630320227,2467,2249,218,8,2026-04-06T19:47:41Z
Winnipeg Jets,WPG,20112012,2,36,3,1476,221,380,601,-37,901,45,3,33,6,2471,0.08943747470659652,89,82,37,35,10,2.8379976350019707,0.9049553208773355,2462,2228,234,6,2026-04-06T19:47:42Z
Anaheim Ducks,ANA,20102011,2,34,5,1476,235,415,650,-67,1158,67,7,43,9,2334,0.10068551842330763,94,82,47,30,5,2.719279693023537,0.9148049981067777,2641,2416,225,7,2026-04-06T19:47:18Z
Atlanta Thrashers,ATL,20102011,2,35,3,1475,218,358,576,-179,900,53,6,29,10,2581,0.08446338628438589,93,82,34,36,12,2.9760928573102037,0.905833015630957,2623,2376,247,5,2026-04-06T19:47:18Z
Boston Bruins,BOS,20102011,2,29,2,1476,244,410,654,284,1090,43,11,44,1,2696,0.09050445103857567,86,82,46,25,11,2.2144463379955024,0.9316398954053045,2677,2494,183,11,2026-04-06T19:47:19Z
Buffalo Sabres,BUF,20102011,2,29,3,1476,240,410,650,37,936,54,2,38,10,2690,0.08921933085501858,87,82,43,29,10,2.634909869832498,0.9129392971246006,2504,2286,218,6,2026-04-06T19:47:19Z
Calgary Flames,CGY,20102011,2,32,2,1476,241,420,661,0,816,62,7,32,2,2501,0.09636145541783286,88,82,41,29,12,2.6195626051429945,0.9062768701633706,2326,2108,218,6,2026-04-06T19:47:19Z
Carolina Hurricanes,CAR,20102011,2,32,2,1476,231,387,618,-39,817,55,7,35,6,2517,0.09177592371871275,86,82,40,31,11,2.7427236601868756,0.9164827078734363,2718,2491,227,4,2026-04-06T19:47:20Z
Chicago Blackhawks,CHI,20102011,2,32,2,1475,252,436,688,92,712,64,6,38,4,2637,0.09556313993174062,86,82,44,29,9,2.5364020666979803,0.9104095563139932,2344,2134,210,5,2026-04-06T19:47:20Z
Colorado Avalanche,COL,20102011,2,36,3,1476,221,374,595,-203,1045,49,8,24,6,2394,0.0923141186299081,90,82,30,44,8,3.3162593889822443,0.8947976878612717,2595,2322,273,1,2026-04-06T19:47:20Z
Columbus Blue Jackets,CBJ,20102011,2,34,3,1476,210,373,583,-108,1095,42,6,29,5,2506,0.08379888268156424,91,82,34,35,13,2.9250677099006923,0.9004098360655738,2440,2197,243,6,2026-04-06T19:47:21Z
Dallas Stars,DAL,20102011,2,31,3,1476,222,369,591,-43,1046,55,10,37,5,2269,0.09784045835169679,89,82,42,29,11,2.5924784630019158,0.9137585238668271,2493,2278,215,5,2026-04-06T19:47:21Z
Detroit Red Wings,DET,20102011,2,25,4,1474,257,455,712,26,740,67,5,43,9,2757,0.09321726514327167,90,82,47,25,10,2.7834492546005905,0.9078947368421053,2508,2277,231,3,2026-04-06T19:47:21Z
Edmonton Oilers,EDM,20102011,2,32,3,1473,191,336,527,-212,1236,44,8,23,2,2188,0.0872943327239488,85,82,25,45,12,3.032048755343986,0.9033629686896019,2587,2337,250,4,2026-04-06T19:47:22Z
Florida Panthers,FLA,20102011,2,36,3,1474,191,334,525,-137,690,35,4,26,6,2493,0.07661452065784195,89,82,30,40,12,2.5766215612283645,0.9180769230769231,2600,2387,213,7,2026-04-06T19:47:22Z
Los Angeles Kings,LAK,20102011,2,29,2,1476,209,368,577,22,938,47,4,36,1,2363,0.08844688954718578,86,82,46,30,6,2.3063841491434918,0.9163381515549716,2283,2092,191,9,2026-04-06T19:47:22Z
Minnesota Wild,MIN,20102011,2,34,3,1475,203,356,559,-133,965,53,7,36,5,2148,0.09450651769087523,87,82,39,35,8,2.637531045098151,0.9166347992351817,2615,2397,218,5,2026-04-06T19:47:23Z
Montréal Canadiens,MTL,20102011,2,32,2,1476,213,362,575,-3,1054,57,5,41,5,2602,0.08186010760953114,88,82,44,30,8,2.3977072429057738,0.9217391304347826,2530,2332,198,8,2026-04-06T19:47:23Z
Nashville Predators,NSH,20102011,2,32,3,1475,213,370,583,118,682,41,5,38,2,2361,0.09021601016518424,87,82,44,27,11,2.245344832789546,0.9257781324820431,2506,2320,186,8,2026-04-06T19:47:23Z
New Jersey Devils,NJD,20102011,2,35,3,1470,171,285,456,-155,741,34,3,35,7,2344,0.07295221843003413,92,82,38,39,5,2.435650163083541,0.9063373718546133,2146,1945,201,9,2026-04-06T19:47:24Z
New York Islanders,NYI,20102011,2,36,6,1476,225,373,598,-185,1460,52,15,26,7,2408,0.09343853820598007,90,82,30,39,13,2.9900632642193785,0.9049808429118774,2610,2362,248,2,2026-04-06T19:47:24Z
New York Rangers,NYR,20102011,2,32,3,1476,224,380,604,86,1054,49,11,35,3,2453,0.09131675499388504,86,82,44,33,5,2.2647603027754415,0.9221482098251457,2402,2215,187,11,2026-04-06T19:47:24Z
Ottawa Senators,OTT,20102011,2,35,6,1476,190,312,502,-269,1141,45,6,30,2,2381,0.07979840403191936,94,82,32,40,10,2.8865201396094706,0.9067398119122257,2552,2314,238,5,2026-04-06T19:47:25Z
Philadelphia Flyers,PHI,20102011,2,27,3,1476,256,425,681,214,1109,49,13,44,3,2605,0.09827255278310941,89,82,47,23,12,2.539426613593994,0.9148073022312373,2465,2255,210,0,2026-04-06T19:47:25Z
Phoenix Coyotes,PHX,20102011,2,30,3,1476,226,383,609,123,847,46,5,38,2,2486,0.09090909090909091,86,82,43,26,13,2.617138032925285,0.9187265917602996,2670,2453,217,9,2026-04-06T19:47:25Z
Pittsburgh Penguins,PIT,20102011,2,35,2,1476,228,388,616,123,1338,49,13,39,5,2581,0.08833785354513754,88,82,49,25,8,2.2837148428109724,0.9190110826939472,2346,2156,190,4,2026-04-06T19:47:26Z
San Jose Sharks,SJS,20102011,2,29,3,1476,243,425,668,110,917,68,6,43,5,2832,0.0858050847457627,85,82,48,25,9,2.4636937290540746,0.9137420718816067,2365,2161,204,6,2026-04-06T19:47:26Z
St. Louis Blues,STL,20102011,2,33,3,1476,236,393,629,24,1199,52,7,34,3,2475,0.09535353535353536,89,82,38,33,11,2.691652240685981,0.9021164021164021,2268,2046,222,10,2026-04-06T19:47:26Z
Tampa Bay Lightning,TBL,20102011,2,28,4,1476,241,418,659,-66,873,69,1,40,8,2605,0.09251439539347409,89,82,46,25,11,2.7272272188756697,0.9032807839795484,2347,2120,227,7,2026-04-06T19:47:27Z
Toronto Maple Leafs,TOR,20102011,2,33,3,1476,213,358,571,-112,961,52,5,32,2,2360,0.0902542372881356,93,82,37,34,11,2.8575272433741423,0.9067562228368234,2531,2295,236,3,2026-04-06T19:47:27Z
Vancouver Canucks,VAN,20102011,2,37,2,1475,258,444,702,245,931,72,6,50,4,2624,0.09832317073170732,85,82,54,19,9,2.140503280291044,0.9282529387920552,2467,2290,177,5,2026-04-06T19:47:27Z
Washington Capitals,WSH,20102011,2,32,3,1476,219,369,588,118,904,46,7,43,9,2566,0.08534684333593141,89,82,48,23,11,2.2866235863217117,0.9199663016006739,2374,2184,190,8,2026-04-06T19:47:28Z
Anaheim Ducks,ANA,20092010,2,34,3,1476,233,385,618,-43,1315,63,8,34,3,2472,0.09425566343042072,89,82,39,32,11,2.8263903800730086,0.9142228739002932,2728,2494,234,3,2026-04-06T19:47:03Z
Atlanta Thrashers,ATL,20092010,2,28,2,1476,230,409,639,-69,1039,51,9,31,2,2409,0.09547530095475301,89,82,35,34,13,2.9336099026170817,0.9106351550960118,2708,2466,242,5,2026-04-06T19:47:03Z
Boston Bruins,BOS,20092010,2,33,2,1476,196,345,541,-17,919,44,6,29,4,2599,0.07541362062331666,88,82,39,30,13,2.2541741189636393,0.923013923013923,2442,2254,188,10,2026-04-06T19:47:03Z
Buffalo Sabres,BUF,20092010,2,26,3,1476,231,414,645,49,896,55,4,41,6,2588,0.089258114374034,86,82,45,27,10,2.347018674660331,0.9244253992987924,2567,2373,194,5,2026-04-06T19:47:04Z
Calgary Flames,CGY,20092010,2,32,3,1476,201,342,543,35,1125,43,8,37,2,2350,0.08553191489361703,89,82,40,32,10,2.4001292998949437,0.9163498098859315,2367,2169,198,4,2026-04-06T19:47:04Z
Carolina Hurricanes,CAR,20092010,2,34,4,1475,226,384,610,-114,944,56,7,31,5,2402,0.09408825978351373,91,82,35,37,10,2.8540235483816785,0.9077764751856194,2559,2323,236,1,2026-04-06T19:47:04Z
Chicago Blackhawks,CHI,20092010,2,28,3,1476,262,463,725,215,904,52,13,43,6,2798,0.09363831308077197,88,82,52,22,8,2.3966038076695337,0.9031158714703018,2054,1855,199,11,2026-04-06T19:47:05Z
Colorado Avalanche,COL,20092010,2,35,2,1476,237,416,653,46,985,56,8,36,2,2287,0.10362920857017928,86,82,43,30,9,2.635520421253417,0.91676212294769,2619,2401,218,8,2026-04-06T19:47:06Z
Columbus Blue Jackets,CBJ,20092010,2,35,2,1476,214,381,595,-151,1066,56,6,30,3,2338,0.09153122326775022,93,82,32,35,15,2.9680870317118786,0.9020310633213859,2511,2265,246,7,2026-04-06T19:47:06Z
Dallas Stars,DAL,20092010,2,30,4,1476,230,389,619,-58,943,61,9,30,2,2523,0.09116131589377725,87,82,37,31,14,2.8246418280707966,0.9078792630341043,2551,2316,235,4,2026-04-06T19:47:07Z
Detroit Red Wings,DET,20092010,2,28,2,1474,223,383,606,-7,705,59,8,38,5,2737,0.08147606868834491,86,82,44,24,14,2.4517593643586832,0.9153526970954357,2410,2206,204,4,2026-04-06T19:47:07Z
Edmonton Oilers,EDM,20092010,2,37,3,1475,206,351,557,-291,1103,52,6,19,1,2321,0.08875484704868591,85,82,27,47,8,3.276805417006741,0.9,2710,2439,271,3,2026-04-06T19:47:07Z
Florida Panthers,FLA,20092010,2,31,3,1476,202,349,551,-109,961,44,7,26,2,2331,0.08665808665808666,88,82,32,37,13,2.676337917801063,0.9204015776263894,2789,2567,222,8,2026-04-06T19:47:08Z
Los Angeles Kings,LAK,20092010,2,31,3,1476,231,406,637,69,961,64,4,36,4,2389,0.09669317706153202,86,82,46,27,9,2.474672646458175,0.9086474501108648,2255,2049,206,5,2026-04-06T19:47:08Z
Minnesota Wild,MIN,20092010,2,36,4,1474,214,366,580,-167,906,59,4,33,5,2266,0.09443954104148279,90,82,38,36,8,2.7824170063478086,0.9044056525353283,2406,2176,230,3,2026-04-06T19:47:08Z
Montréal Canadiens,MTL,20092010,2,37,2,1474,210,355,565,-60,912,57,4,32,8,2345,0.08955223880597014,86,82,39,33,10,2.573834023787251,0.9186311787072243,2630,2416,214,5,2026-04-06T19:47:09Z
Nashville Predators,NSH,20092010,2,31,2,1476,217,365,582,28,692,47,5,39,6,2508,0.08652312599681021,89,82,47,29,6,2.5885357166857066,0.9104227710339055,2389,2175,214,8,2026-04-06T19:47:09Z
New Jersey Devils,NJD,20092010,2,35,2,1476,216,375,591,95,837,51,7,42,2,2459,0.08784058560390402,89,82,48,27,7,2.222930684430424,0.9167797376752601,2211,2027,184,9,2026-04-06T19:47:09Z
New York Islanders,NYI,20092010,2,33,3,1476,214,365,579,-118,910,49,7,26,6,2493,0.08584035298836742,87,82,34,37,11,3.0520999876500765,0.902868068833652,2615,2361,254,3,2026-04-06T19:47:10Z
New York Rangers,NYR,20092010,2,30,5,1475,219,368,587,-11,1137,55,5,35,1,2425,0.09030927835051547,88,82,38,33,11,2.4769389028482776,0.9163934426229509,2440,2236,204,5,2026-04-06T19:47:10Z
Ottawa Senators,OTT,20092010,2,32,3,1476,220,378,598,-67,1113,49,6,39,5,2436,0.090311986863711,92,82,44,32,6,2.73242946429471,0.9031290184312044,2333,2107,226,6,2026-04-06T19:47:10Z
Philadelphia Flyers,PHI,20092010,2,28,5,1476,232,391,623,-16,1346,68,6,37,2,2589,0.08960988798764001,91,82,41,35,6,2.6401703335699076,0.9073441502988898,2342,2125,217,5,2026-04-06T19:47:11Z
Phoenix Coyotes,PHX,20092010,2,32,2,1476,211,364,575,80,901,46,3,36,5,2502,0.08433253397282174,86,82,50,25,7,2.262479549898248,0.921900826446281,2420,2231,189,8,2026-04-06T19:47:11Z
Pittsburgh Penguins,PIT,20092010,2,33,4,1476,249,431,680,40,1173,56,7,39,6,2688,0.09263392857142858,92,82,47,28,7,2.7182576304176385,0.9038461538461539,2340,2115,225,1,2026-04-06T19:47:11Z
San Jose Sharks,SJS,20092010,2,30,2,1476,257,443,700,145,1129,65,8,44,1,2602,0.09877017678708686,87,82,51,20,11,2.47160004286786,0.9201402415270744,2567,2362,205,3,2026-04-06T19:47:12Z
St. Louis Blues,STL,20092010,2,28,2,1476,218,375,593,-45,1292,52,7,33,3,2445,0.08916155419222904,87,82,40,32,10,2.51443922095366,0.9155501421031262,2463,2255,208,6,2026-04-06T19:47:12Z
Tampa Bay Lightning,TBL,20092010,2,32,3,1477,213,372,585,-184,1343,63,2,30,5,2367,0.08998732572877059,93,82,34,36,12,2.9794434485416073,0.9038536395484624,2569,2322,247,3,2026-04-06T19:47:12Z
Toronto Maple Leafs,TOR,20092010,2,34,4,1476,210,366,576,-123,1065,44,4,26,5,2671,0.07862223886184949,89,82,30,38,14,3.044234008711234,0.8962962962962963,2430,2178,252,4,2026-04-06T19:47:13Z
Vancouver Canucks,VAN,20092010,2,32,3,1476,268,466,734,189,1257,68,9,45,4,2534,0.10576164167324388,91,82,49,28,5,2.559911569142214,0.9125207296849088,2412,2201,211,5,2026-04-06T19:47:13Z
Washington Capitals,WSH,20092010,2,35,3,1476,313,520,833,384,920,79,4,49,6,2693,0.1162272558484961,90,82,54,15,13,2.7200058839851966,0.9108129439621152,2534,2308,226,3,2026-04-06T19:47:13Z
Anaheim Ducks,ANA,20082009,2,35,2,1476,238,426,664,29,1414,73,6,35,5,2481,0.09592906086255543,92,82,42,33,7,2.7424965617668473,0.909273384183059,2491,2265,226,6,2026-04-06T19:46:49Z
Atlanta Thrashers,ATL,20082009,2,31,3,1476,250,418,668,-57,1236,69,13,28,4,2306,0.10841283607979185,91,82,35,41,6,3.2790756515138737,0.8990276738967838,2674,2404,270,3,2026-04-06T19:46:49Z
Boston Bruins,BOS,20082009,2,29,3,1476,270,464,734,290,1008,74,8,49,3,2482,0.10878323932312652,83,82,53,19,10,2.236618072277018,0.9265873015873016,2520,2335,185,7,2026-04-06T19:46:50Z
Buffalo Sabres,BUF,20082009,2,29,3,1476,242,416,658,-11,1101,75,7,33,2,2505,0.09660678642714571,89,82,41,32,9,2.6680796265493374,0.9139072847682119,2567,2346,221,5,2026-04-06T19:46:50Z
Calgary Flames,CGY,20082009,2,32,2,1466,251,439,690,8,1277,61,6,43,3,2643,0.09496783957623912,90,82,46,30,6,2.91742078392177,0.9014373716632443,2435,2195,240,4,2026-04-06T19:46:50Z
Carolina Hurricanes,CAR,20082009,2,33,2,1476,236,408,644,-4,778,70,8,42,7,2675,0.08822429906542056,87,82,45,30,7,2.5419112751921564,0.9127906976744186,2408,2198,210,6,2026-04-06T19:46:51Z
Chicago Blackhawks,CHI,20082009,2,28,3,1476,260,459,719,202,1119,70,10,42,6,2683,0.09690644800596347,86,82,46,24,12,2.4558762249136343,0.9131736526946108,2338,2135,203,6,2026-04-06T19:46:51Z
Colorado Avalanche,COL,20082009,2,35,2,1475,190,328,518,-250,1042,50,4,23,3,2359,0.08054260279779568,87,82,32,45,5,2.955008780251499,0.8969159273341782,2367,2123,244,2,2026-04-06T19:46:51Z
Columbus Blue Jackets,CBJ,20082009,2,33,5,1476,220,371,591,73,1205,41,8,35,5,2370,0.09282700421940929,87,82,41,31,10,2.575839137107263,0.9058098591549296,2272,2058,214,11,2026-04-06T19:46:52Z
Dallas Stars,DAL,20082009,2,35,4,1476,224,393,617,-63,1116,54,2,30,5,2369,0.09455466441536513,88,82,36,35,11,2.9214410027866364,0.8945533769063181,2295,2053,242,3,2026-04-06T19:46:52Z
Detroit Red Wings,DET,20082009,2,26,3,1473,289,509,798,153,798,90,6,45,3,2965,0.09747048903878583,87,82,51,21,10,2.838535637714274,0.8964301454385192,2269,2034,235,8,2026-04-06T19:46:52Z
Edmonton Oilers,EDM,20082009,2,31,3,1476,228,405,633,0,1217,60,3,32,1,2303,0.09900130264871906,88,82,38,35,9,2.8962968199307233,0.9102515959444236,2663,2424,239,1,2026-04-06T19:46:53Z
Florida Panthers,FLA,20082009,2,31,2,1476,231,394,625,31,880,51,7,38,4,2411,0.09581086686022397,90,82,41,30,11,2.564559216384684,0.9251412429378532,2832,2620,212,9,2026-04-06T19:46:53Z
Los Angeles Kings,LAK,20082009,2,28,3,1476,202,335,537,-172,1187,69,4,29,3,2383,0.08476710029374737,91,82,34,37,11,2.5969668500872367,0.9061135371179039,2290,2075,215,6,2026-04-06T19:46:53Z
Minnesota Wild,MIN,20082009,2,27,2,1476,214,370,584,-72,861,66,9,35,3,2257,0.09481612760301285,90,82,40,33,9,2.3114780550774525,0.9239649681528662,2512,2321,191,8,2026-04-06T19:46:54Z
Montréal Canadiens,MTL,20082009,2,31,3,1476,242,399,641,-38,1219,72,10,34,4,2461,0.09833401056481106,87,82,41,30,11,2.839724049414407,0.9091259145167501,2597,2361,236,2,2026-04-06T19:46:54Z
Nashville Predators,NSH,20082009,2,28,2,1476,207,366,573,-87,974,50,9,34,6,2375,0.0871578947368421,87,82,40,34,8,2.5987543438481038,0.9103419516263553,2398,2183,215,10,2026-04-06T19:46:54Z
New Jersey Devils,NJD,20082009,2,29,3,1476,238,426,664,182,1032,58,12,45,9,2698,0.08821349147516679,87,82,51,27,4,2.4052536864440923,0.917324470294973,2407,2208,199,7,2026-04-06T19:46:55Z
New York Islanders,NYI,20082009,2,39,4,1472,198,341,539,-292,1190,54,12,23,3,2372,0.08347386172006746,88,82,26,47,9,3.2299301463519936,0.9030258840685381,2743,2477,266,3,2026-04-06T19:46:55Z
New York Rangers,NYR,20082009,2,28,2,1476,200,351,551,-109,1173,48,9,33,3,2658,0.07524454477050414,85,82,43,30,9,2.4960559502396578,0.9147446457990115,2428,2221,207,4,2026-04-06T19:46:55Z
Ottawa Senators,OTT,20082009,2,30,3,1476,213,358,571,-113,1076,66,8,32,3,2405,0.08856548856548857,88,82,36,35,11,2.6396601538456363,0.9061962134251291,2324,2106,218,3,2026-04-06T19:46:55Z
Philadelphia Flyers,PHI,20082009,2,35,2,1474,260,411,671,99,1406,71,16,40,6,2441,0.10651372388365424,87,82,44,27,11,2.758269958478736,0.9140712945590994,2665,2436,229,3,2026-04-06T19:46:56Z
Phoenix Coyotes,PHX,20082009,2,34,4,1476,205,350,555,-138,1070,50,5,33,1,2302,0.08905299739357081,87,82,36,39,7,2.9424281111313757,0.9063467492260062,2584,2342,242,4,2026-04-06T19:46:56Z
Pittsburgh Penguins,PIT,20082009,2,36,4,1476,258,447,705,102,1096,62,7,39,6,2381,0.10835783284334313,88,82,45,28,9,2.707554075871682,0.9091276252019386,2476,2251,225,4,2026-04-06T19:46:56Z
San Jose Sharks,SJS,20082009,2,28,2,1476,251,456,707,78,1023,87,12,47,4,2720,0.09227941176470589,84,82,53,18,11,2.3745350203737248,0.9115004492362982,2226,2029,197,9,2026-04-06T19:46:57Z
St. Louis Blues,STL,20082009,2,34,5,1476,227,383,610,-83,1226,72,10,35,4,2271,0.09995596653456627,95,82,41,31,10,2.6444899719646324,0.9065580797256751,2333,2115,218,6,2026-04-06T19:46:57Z
Tampa Bay Lightning,TBL,20082009,2,46,5,1475,207,364,571,-175,1255,61,4,21,2,2337,0.08857509627727857,89,82,24,40,18,3.122979893556091,0.9037532515793385,2691,2432,259,3,2026-04-06T19:46:57Z
Toronto Maple Leafs,TOR,20082009,2,35,4,1476,244,430,674,-133,1101,62,6,28,4,2603,0.09373799462159048,93,82,34,35,13,3.389103676554344,0.8865105008077544,2476,2195,281,1,2026-04-06T19:46:58Z
Vancouver Canucks,VAN,20082009,2,28,4,1476,243,425,668,146,1317,67,7,42,5,2335,0.10406852248394004,90,82,45,27,10,2.49184337944498,0.9136992040217846,2387,2181,206,10,2026-04-06T19:46:58Z
Washington Capitals,WSH,20082009,2,35,4,1475,268,445,713,87,1009,85,7,46,6,2747,0.0975609756097561,89,82,50,24,8,2.8271207600739667,0.9029850746268657,2412,2178,234,2,2026-04-06T19:46:58Z
Anaheim Ducks,ANA,20072008,2,33,3,1476,197,341,538,94,1461,60,8,39,4,2241,0.08790718429272647,90,82,47,27,8,2.144463482544442,0.9224062772449869,2294,2116,178,4,2026-04-06T19:46:35Z
Atlanta Thrashers,ATL,20072008,2,29,3,1476,207,333,540,-206,1035,52,13,25,6,2115,0.09787234042553192,91,82,34,40,8,3.13173356174467,0.9063400576368876,2776,2516,260,5,2026-04-06T19:46:35Z
Boston Bruins,BOS,20072008,2,28,4,1475,206,353,559,31,1049,56,9,35,3,2339,0.0880718255664814,88,82,41,29,12,2.5161439191516544,0.916131621187801,2492,2283,209,6,2026-04-06T19:46:35Z
Buffalo Sabres,BUF,20072008,2,28,2,1475,251,453,704,32,984,66,9,35,5,2478,0.10129136400322841,88,82,39,31,12,2.7101087054714084,0.9029335634167386,2318,2093,225,5,2026-04-06T19:46:36Z
Calgary Flames,CGY,20072008,2,24,4,1476,226,377,603,65,1318,59,9,39,3,2316,0.09758203799654577,91,82,42,30,10,2.6506542583950834,0.9060085836909871,2330,2111,219,2,2026-04-06T19:46:36Z
Carolina Hurricanes,CAR,20072008,2,33,3,1472,250,444,694,-2,1157,79,4,41,5,2669,0.09366804046459348,89,82,43,33,6,2.917460188824507,0.8983911939034717,2362,2122,240,4,2026-04-06T19:46:36Z
Chicago Blackhawks,CHI,20072008,2,40,3,1476,234,393,627,49,1359,58,17,35,4,2298,0.10182767624020887,87,82,40,34,8,2.6819393833157483,0.9053938356164384,2336,2115,221,4,2026-04-06T19:46:37Z
Colorado Avalanche,COL,20072008,2,30,3,1476,224,403,627,73,969,49,2,37,4,2349,0.09535972754363559,89,82,44,31,7,2.4821573916494577,0.9079065588499551,2226,2021,205,3,2026-04-06T19:46:37Z
Columbus Blue Jackets,CBJ,20072008,2,34,3,1476,190,314,504,-55,1301,53,8,31,2,2381,0.07979840403191936,92,82,34,36,12,2.431876537567048,0.9102678571428572,2240,2039,201,11,2026-04-06T19:46:37Z
Dallas Stars,DAL,20072008,2,29,4,1476,237,407,644,85,1140,64,13,40,3,2187,0.1083676268861454,86,82,45,30,7,2.367893788832446,0.9083646616541353,2128,1933,195,5,2026-04-06T19:46:38Z
Detroit Red Wings,DET,20072008,2,30,3,1476,252,439,691,235,921,81,5,49,2,2820,0.08936170212765958,88,82,54,21,7,2.118636942975037,0.9091381100726895,1926,1751,175,9,2026-04-06T19:46:38Z
Edmonton Oilers,EDM,20072008,2,32,2,1476,220,379,599,-156,1139,57,7,26,4,2156,0.10204081632653061,90,82,41,35,6,2.8450336955760593,0.907530238002341,2563,2326,237,4,2026-04-06T19:46:38Z
Florida Panthers,FLA,20072008,2,33,2,1474,211,346,557,-19,996,60,4,33,4,2549,0.08277755982738329,86,82,38,35,9,2.597855929757198,0.9217612809315866,2748,2533,215,6,2026-04-06T19:46:39Z
Los Angeles Kings,LAK,20072008,2,30,7,1476,226,381,607,-179,926,64,11,27,2,2349,0.09621115368241805,95,82,32,43,7,3.075707382305565,0.9032504780114723,2615,2362,253,3,2026-04-06T19:46:39Z
Minnesota Wild,MIN,20072008,2,28,2,1476,220,389,609,-22,1084,64,3,41,6,2218,0.09918845807033363,87,82,44,28,10,2.506426735218509,0.9156870693149575,2467,2259,208,5,2026-04-06T19:46:39Z
Montréal Canadiens,MTL,20072008,2,27,3,1475,257,438,695,51,1072,90,8,42,5,2382,0.10789252728799328,86,82,47,25,10,2.5323918373909664,0.9186991869918699,2583,2373,210,6,2026-04-06T19:46:40Z
Nashville Predators,NSH,20072008,2,26,3,1476,227,406,633,-6,1015,53,7,38,5,2425,0.09360824742268041,96,82,41,32,9,2.630347312244314,0.9108096999588985,2433,2216,217,10,2026-04-06T19:46:40Z
New Jersey Devils,NJD,20072008,2,26,2,1476,198,342,540,27,948,50,6,38,7,2362,0.0838272650296359,86,82,46,29,7,2.2296021532734307,0.917741218319253,2249,2064,185,4,2026-04-06T19:46:40Z
New York Islanders,NYI,20072008,2,37,3,1475,189,307,496,-162,1005,48,10,30,5,2431,0.07774578362813657,85,82,35,38,9,2.7944205676880842,0.9068172650262203,2479,2248,231,3,2026-04-06T19:46:41Z
New York Rangers,NYR,20072008,2,27,2,1476,205,370,575,38,1138,61,4,34,4,2579,0.0794881737107406,85,82,42,27,13,2.2242780280739956,0.9126946672958943,2119,1934,185,12,2026-04-06T19:46:41Z
Ottawa Senators,OTT,20072008,2,30,3,1473,258,439,697,114,1141,60,18,40,3,2471,0.10441116956697694,89,82,43,31,8,2.838571414130182,0.9044117647058824,2448,2214,234,2,2026-04-06T19:46:41Z
Philadelphia Flyers,PHI,20072008,2,34,2,1476,245,404,649,-27,1449,84,13,39,3,2358,0.10390161153519932,90,82,42,29,11,2.6838155044747047,0.9147465437788018,2604,2382,222,6,2026-04-06T19:46:42Z
Phoenix Coyotes,PHX,20072008,2,31,4,1476,209,360,569,-97,1171,63,11,33,4,2500,0.0836,87,82,38,37,7,2.624964718216153,0.9135458167330678,2510,2293,217,6,2026-04-06T19:46:42Z
Pittsburgh Penguins,PIT,20072008,2,34,3,1475,240,425,665,86,1149,77,6,40,1,2268,0.10582010582010581,92,82,47,27,8,2.5017625138483233,0.9177918983320096,2518,2311,207,8,2026-04-06T19:46:42Z
San Jose Sharks,SJS,20072008,2,29,4,1476,216,374,590,-3,1049,70,7,43,3,2428,0.08896210873146623,88,82,49,23,10,2.1844806662062584,0.9083544303797468,1975,1794,181,7,2026-04-06T19:46:43Z
St. Louis Blues,STL,20072008,2,29,4,1476,202,356,558,-111,1131,47,3,30,1,2141,0.09434843531060252,92,82,33,36,13,2.706082618441677,0.9004464285714285,2240,2017,223,5,2026-04-06T19:46:43Z
Tampa Bay Lightning,TBL,20072008,2,31,4,1476,221,377,598,-250,1010,57,7,29,2,2354,0.09388275276125743,90,82,31,42,9,3.0690537084398977,0.8903394255874674,2298,2046,252,3,2026-04-06T19:46:43Z
Toronto Maple Leafs,TOR,20072008,2,32,3,1476,228,394,622,-68,1075,61,4,33,5,2542,0.08969315499606609,88,82,36,35,11,3.0021083354909868,0.8964509394572026,2395,2147,248,4,2026-04-06T19:46:44Z
Vancouver Canucks,VAN,20072008,2,31,3,1476,207,347,554,2,1452,63,8,33,4,2252,0.09191829484902309,91,82,39,33,10,2.449389998659338,0.9141285956006768,2364,2161,203,6,2026-04-06T19:46:44Z
Washington Capitals,WSH,20072008,2,29,3,1476,238,398,636,57,945,65,5,39,7,2538,0.0937746256895193,86,82,43,31,8,2.6628830416041853,0.9023090586145648,2252,2032,220,3,2026-04-06T19:46:44Z
Anaheim Ducks,ANA,20062007,2,31,4,1476,254,450,704,131,1427,89,4,44,5,2582,0.0983733539891557,88,82,48,20,14,2.3479124650070737,0.9131403118040089,2245,2050,195,5,2026-04-06T19:46:21Z
Atlanta Thrashers,ATL,20062007,2,30,2,1476,239,395,634,33,1059,67,9,36,7,2438,0.09803117309269893,89,82,43,28,11,2.812913221760675,0.909126213592233,2575,2341,234,4,2026-04-06T19:46:21Z
Boston Bruins,BOS,20062007,2,36,5,1474,210,361,571,-328,1224,71,8,26,4,2370,0.08860759493670886,95,82,35,41,6,3.3185951950764117,0.8995617238860482,2738,2463,275,3,2026-04-06T19:46:22Z
Buffalo Sabres,BUF,20062007,2,30,3,1474,298,532,830,299,1153,71,8,43,5,2417,0.12329333884981382,87,82,53,22,7,2.8278992652810184,0.9074438755415518,2539,2304,235,2,2026-04-06T19:46:22Z
Calgary Flames,CGY,20062007,2,32,2,1476,255,446,701,191,1164,73,15,40,2,2242,0.11373773416592328,83,82,43,29,10,2.58081887484644,0.9145950280673617,2494,2281,213,7,2026-04-06T19:46:22Z
Carolina Hurricanes,CAR,20062007,2,28,2,1474,241,425,666,-84,999,67,12,40,6,2559,0.09417741305197343,88,82,40,34,8,2.904627350894783,0.8972926514825956,2327,2088,239,2,2026-04-06T19:46:23Z
Chicago Blackhawks,CHI,20062007,2,41,4,1475,195,324,519,-112,1308,43,12,25,3,2201,0.08859609268514311,88,82,31,42,9,2.9299594406441067,0.8991246352646937,2399,2157,242,3,2026-04-06T19:46:23Z
Colorado Avalanche,COL,20062007,2,28,2,1476,267,469,736,42,858,79,7,39,3,2603,0.10257395313100269,90,82,44,31,7,2.8868508123479586,0.8995356690586745,2369,2131,238,3,2026-04-06T19:46:23Z
Columbus Blue Jackets,CBJ,20062007,2,33,5,1476,196,337,533,-140,1329,65,6,28,4,2273,0.086229652441707,95,82,33,42,7,2.8996252460165537,0.8978632478632479,2340,2101,239,4,2026-04-06T19:46:24Z
Dallas Stars,DAL,20062007,2,31,2,1476,217,383,600,12,1091,79,3,41,6,2295,0.09455337690631808,90,82,50,25,7,2.2301695732540385,0.9108433734939759,2075,1890,185,9,2026-04-06T19:46:24Z
Detroit Red Wings,DET,20062007,2,29,3,1476,252,428,680,264,932,68,12,48,3,2771,0.09094189823168532,85,82,50,19,13,2.257636122177955,0.9072420634920635,2016,1829,187,8,2026-04-06T19:46:24Z
Edmonton Oilers,EDM,20062007,2,33,2,1471,192,333,525,-251,1251,53,6,29,1,2193,0.08755129958960328,90,82,32,43,7,2.8271421898166014,0.9043693322341303,2426,2194,232,4,2026-04-06T19:46:24Z
Florida Panthers,FLA,20062007,2,31,3,1476,245,414,659,58,1151,61,5,33,3,2730,0.08974358974358974,90,82,35,31,16,2.9176057682325243,0.8989561586638831,2395,2153,242,2,2026-04-06T19:46:25Z
Los Angeles Kings,LAK,20062007,2,37,5,1476,223,403,626,-223,1184,81,6,23,2,2542,0.08772619984264358,94,82,27,41,14,3.2591685148974694,0.889391447368421,2432,2163,269,3,2026-04-06T19:46:25Z
Minnesota Wild,MIN,20062007,2,29,3,1476,225,385,610,66,836,72,9,38,7,2431,0.0925545043192102,92,82,48,26,8,2.1920907714575675,0.9224576271186441,2360,2177,183,8,2026-04-06T19:46:25Z
Montréal Canadiens,MTL,20062007,2,26,3,1476,239,397,636,-166,1115,86,17,36,2,2426,0.09851607584501236,90,82,42,34,6,2.9523271759296605,0.9088872292755787,2678,2434,244,4,2026-04-06T19:46:26Z
Nashville Predators,NSH,20062007,2,29,3,1475,266,470,736,202,1147,71,8,45,3,2261,0.11764705882352941,85,82,51,23,8,2.4060372593207076,0.9220524872698785,2553,2354,199,10,2026-04-06T19:46:26Z
New Jersey Devils,NJD,20062007,2,29,2,1469,206,384,590,-67,810,65,4,39,3,2354,0.0875106202209006,84,82,49,24,9,2.2430878109568777,0.9196044711951848,2326,2139,187,12,2026-04-06T19:46:26Z
New York Islanders,NYI,20062007,2,33,3,1475,240,419,659,95,1014,63,7,32,2,2457,0.09768009768009768,89,82,40,30,12,2.7686381510312175,0.9137607799025121,2667,2437,230,5,2026-04-06T19:46:27Z
New York Rangers,NYR,20062007,2,34,3,1476,233,410,643,55,1087,75,11,33,3,2586,0.09010054137664346,87,82,42,30,10,2.5159167513776683,0.9101847872797594,2327,2118,209,5,2026-04-06T19:46:27Z
Ottawa Senators,OTT,20062007,2,27,2,1473,286,507,793,294,1131,72,17,46,2,2651,0.1078838174273859,87,82,48,25,9,2.569722926494207,0.9143434343434343,2475,2263,212,6,2026-04-06T19:46:27Z
Philadelphia Flyers,PHI,20062007,2,44,5,1476,213,369,582,-372,1281,53,15,21,3,2360,0.0902542372881356,91,82,22,48,12,3.501389681572113,0.8918918918918919,2664,2376,288,1,2026-04-06T19:46:28Z
Phoenix Coyotes,PHX,20062007,2,36,4,1475,211,372,583,-227,1407,66,5,26,2,2320,0.09094827586206897,95,82,31,46,5,3.3610726311212678,0.8876267748478702,2465,2188,277,6,2026-04-06T19:46:28Z
Pittsburgh Penguins,PIT,20062007,2,31,2,1476,267,465,732,19,1207,94,14,37,6,2366,0.1128486897717667,89,82,47,24,11,2.8282007836140117,0.9065716547901821,2526,2290,236,6,2026-04-06T19:46:28Z
San Jose Sharks,SJS,20062007,2,27,2,1476,256,456,712,92,933,92,7,49,1,2346,0.10912190963341858,88,82,51,26,5,2.317324371205551,0.911297852474323,2142,1952,190,11,2026-04-06T19:46:29Z
St. Louis Blues,STL,20062007,2,31,4,1476,208,369,577,-22,1199,46,7,28,4,2202,0.09445958219800181,97,82,34,35,13,2.874994127871471,0.8991097922848664,2359,2121,238,5,2026-04-06T19:46:29Z
Tampa Bay Lightning,TBL,20062007,2,25,3,1476,243,419,662,-113,885,69,14,34,5,2418,0.10049627791563276,94,82,44,33,5,3.0181288942246427,0.8876404494382022,2225,1975,250,2,2026-04-06T19:46:29Z
Toronto Maple Leafs,TOR,20062007,2,30,3,1476,254,444,698,37,1119,71,3,36,4,2681,0.09474076837001119,93,82,40,31,11,3.0533327522569786,0.8909952606635071,2321,2068,253,2,2026-04-06T19:46:30Z
Vancouver Canucks,VAN,20062007,2,34,2,1476,217,390,607,28,1180,70,5,44,12,2405,0.09022869022869023,85,82,49,26,7,2.317992950779539,0.919765984120351,2393,2201,192,5,2026-04-06T19:46:30Z
Washington Capitals,WSH,20062007,2,32,3,1476,234,376,610,-145,1203,67,12,27,4,2295,0.10196078431372549,88,82,28,40,14,3.1888765115623614,0.9030481087036357,2723,2459,264,1,2026-04-06T19:46:31Z
Anaheim Ducks,ANA,20052006,2,31,2,1476,251,430,681,126,1421,87,9,40,3,2585,0.09709864603481624,91,82,43,27,12,2.6146779736245707,0.9109278350515464,2425,2209,216,3,2026-04-06T19:46:07Z
Atlanta Thrashers,ATL,20052006,2,31,5,1475,276,468,744,18,1314,100,13,36,5,2522,0.10943695479777954,93,82,41,33,8,3.1962226459638607,0.8934194590230117,2477,2213,264,5,2026-04-06T19:46:08Z
Boston Bruins,BOS,20052006,2,39,4,1476,228,381,609,-70,1152,62,9,27,4,2511,0.0908004778972521,89,82,29,37,16,3.043171983496025,0.9040730871716787,2627,2375,252,2,2026-04-06T19:46:08Z
Buffalo Sabres,BUF,20052006,2,27,3,1475,276,484,760,-8,1132,101,10,47,6,2510,0.1099601593625498,87,82,52,24,6,2.767622443121733,0.908289947937525,2497,2268,229,2,2026-04-06T19:46:08Z
Calgary Flames,CGY,20052006,2,31,3,1475,216,362,578,73,1433,87,8,44,2,2299,0.0939538929969552,85,82,46,25,11,2.2721702784818625,0.9166666666666666,2256,2068,188,10,2026-04-06T19:46:09Z
Carolina Hurricanes,CAR,20052006,2,30,2,1470,286,477,763,41,1103,95,17,44,4,2553,0.11202506854680767,88,82,52,22,8,3.0501016365663918,0.8984751203852327,2492,2239,253,3,2026-04-06T19:46:09Z
Chicago Blackhawks,CHI,20052006,2,38,5,1475,209,354,563,-160,1494,51,6,24,7,2480,0.0842741935483871,91,82,26,43,13,3.3056294587149484,0.8867689755288262,2411,2138,273,2,2026-04-06T19:46:09Z
Colorado Avalanche,COL,20052006,2,25,4,1476,280,489,769,32,1130,89,11,40,3,2464,0.11363636363636363,90,82,43,30,9,2.9598280172791416,0.8986710963455149,2408,2164,244,5,2026-04-06T19:46:10Z
Columbus Blue Jackets,CBJ,20052006,2,38,3,1475,215,357,572,-165,1392,64,10,27,6,2250,0.09555555555555556,91,82,35,43,4,3.2397582269979854,0.9026870007262164,2754,2486,268,1,2026-04-06T19:46:10Z
Dallas Stars,DAL,20052006,2,29,2,1475,253,451,704,134,1450,88,10,41,3,2333,0.10844406343763395,87,82,53,23,6,2.573644861061929,0.8979007633587787,2096,1882,214,3,2026-04-06T19:46:10Z
Detroit Red Wings,DET,20052006,2,28,3,1471,301,518,819,302,1095,102,7,54,3,2796,0.10765379113018599,87,82,58,16,8,2.435461613543805,0.9076286764705882,2176,1975,201,9,2026-04-06T19:46:11Z
Edmonton Oilers,EDM,20052006,2,34,4,1476,249,436,685,-43,1176,88,15,34,6,2442,0.10196560196560196,95,82,41,28,13,2.848491121000778,0.8866028708133972,2090,1853,237,2,2026-04-06T19:46:11Z
Florida Panthers,FLA,20052006,2,32,2,1476,236,401,637,52,1253,63,5,33,8,2724,0.08663729809104258,92,82,37,34,11,2.974340791485063,0.9132724719101124,2848,2601,247,4,2026-04-06T19:46:11Z
Los Angeles Kings,LAK,20052006,2,33,3,1473,243,427,670,-25,1432,77,15,36,4,2394,0.10150375939849623,93,82,42,35,5,3.164621158332488,0.8938775510204081,2450,2190,260,5,2026-04-06T19:46:12Z
Minnesota Wild,MIN,20052006,2,28,3,1476,226,383,609,-50,1177,77,11,33,1,2194,0.10300820419325434,85,82,38,36,8,2.4933849314285523,0.9160554197229014,2454,2248,206,3,2026-04-06T19:46:12Z
Montréal Canadiens,MTL,20052006,2,28,4,1470,241,412,653,-17,1312,89,10,40,7,2470,0.09757085020242914,87,82,42,31,9,2.898521430664901,0.904476418864908,2502,2263,239,8,2026-04-06T19:46:12Z
Nashville Predators,NSH,20052006,2,30,4,1476,252,439,691,84,1491,94,12,43,3,2379,0.10592686002522068,87,82,49,25,8,2.702666307568004,0.9162283996994741,2662,2439,223,6,2026-04-06T19:46:13Z
New Jersey Devils,NJD,20052006,2,32,2,1475,233,414,647,-42,934,78,3,37,4,2393,0.09736732135394902,86,82,46,27,9,2.66875037566869,0.9075,2400,2178,222,5,2026-04-06T19:46:13Z
New York Islanders,NYI,20052006,2,37,3,1472,221,391,612,-160,1218,76,5,27,3,2481,0.08907698508665861,90,82,36,40,6,3.169947770188831,0.8963342530547891,2537,2274,263,1,2026-04-06T19:46:13Z
New York Rangers,NYR,20052006,2,32,3,1475,250,431,681,171,1178,83,4,37,4,2448,0.10212418300653595,86,82,44,26,12,2.4977877885930337,0.9120645709430756,2354,2147,207,2,2026-04-06T19:46:14Z
Ottawa Senators,OTT,20052006,2,27,3,1475,312,526,838,358,1424,102,25,50,2,2811,0.11099252934898612,86,82,52,21,9,2.46828933836133,0.912932138284251,2343,2139,204,8,2026-04-06T19:46:14Z
Philadelphia Flyers,PHI,20052006,2,38,2,1476,263,434,697,109,1183,80,19,41,7,2552,0.1030564263322884,86,82,45,26,11,2.9659498507982542,0.8959830866807611,2365,2119,246,3,2026-04-06T19:46:14Z
Phoenix Coyotes,PHX,20052006,2,39,4,1474,242,430,672,-135,1473,96,9,34,6,2318,0.10440034512510785,91,82,38,39,5,3.159995003426704,0.8948220064724919,2472,2212,260,4,2026-04-06T19:46:15Z
Pittsburgh Penguins,PIT,20052006,2,37,4,1476,243,431,674,-243,1537,94,13,21,4,2297,0.10579016107966914,93,82,22,46,14,3.6736425910833,0.8884388807069219,2716,2413,303,2,2026-04-06T19:46:15Z
San Jose Sharks,SJS,20052006,2,30,3,1475,265,454,719,73,1020,91,10,43,9,2483,0.10672573499798631,89,82,44,27,11,2.790838157563554,0.8938419117647058,2176,1945,231,4,2026-04-06T19:46:15Z
St. Louis Blues,STL,20052006,2,37,4,1476,193,341,534,-419,1355,75,6,17,3,2335,0.08265524625267666,96,82,21,46,15,3.295067457017944,0.8907563025210085,2499,2226,273,3,2026-04-06T19:46:15Z
Tampa Bay Lightning,TBL,20052006,2,26,4,1475,246,435,681,-109,913,81,11,37,6,2594,0.09483423284502698,95,82,43,33,6,2.9718120805369126,0.8906666666666667,2250,2004,246,7,2026-04-06T19:46:16Z
Toronto Maple Leafs,TOR,20052006,2,32,3,1476,254,445,699,-105,1366,107,14,38,7,2323,0.10934136891950065,85,82,41,33,8,3.100744017695556,0.8973232121454255,2503,2246,257,3,2026-04-06T19:46:16Z
Vancouver Canucks,VAN,20052006,2,32,5,1476,252,440,692,-26,1455,96,6,38,4,2358,0.10687022900763359,89,82,42,32,8,3.0034148137389676,0.8996750609260764,2462,2215,247,0,2026-04-06T19:46:16Z
Washington Capitals,WSH,20052006,2,37,3,1475,230,364,594,-137,1445,72,15,22,2,2445,0.09406952965235174,86,82,29,41,12,3.5078320151617635,0.8986415882967607,2871,2580,291,1,2026-04-06T19:46:17Z
Anaheim Ducks,ANA,20032004,2,32,3,1476,184,312,496,-159,1109,56,5,29,4,2438,0.07547169811320754,88,82,29,43,0,2.4872468230251443,0.9154351395730707,2436,2230,206,5,2026-04-06T19:45:43Z
Atlanta Thrashers,ATL,20032004,2,37,3,1475,214,366,580,-169,1436,60,11,33,6,2141,0.09995329285380664,86,82,33,41,0,2.7750568038374146,0.9044639132248644,2397,2168,229,4,2026-04-06T19:45:43Z
Boston Bruins,BOS,20032004,2,35,2,1476,209,341,550,145,1178,48,7,41,8,2500,0.0836,85,82,41,26,0,2.196803624195351,0.9191564147627417,2276,2092,184,7,2026-04-06T19:45:43Z
Buffalo Sabres,BUF,20032004,2,31,3,1476,219,358,577,-33,1251,58,7,37,2,2300,0.09521739130434782,90,82,37,38,0,2.6325012131341996,0.9071061643835616,2336,2119,217,4,2026-04-06T19:45:44Z
Calgary Flames,CGY,20032004,2,29,4,1476,200,334,534,88,1367,54,11,42,3,2248,0.08896797153024912,86,82,42,33,0,2.037715252204324,0.9193083573487032,2082,1914,168,11,2026-04-06T19:45:44Z
Carolina Hurricanes,CAR,20032004,2,31,3,1474,172,283,455,-73,1078,41,9,28,5,2394,0.07184628237259816,90,82,28,40,0,2.4171323777487532,0.9061624649859944,2142,1941,201,6,2026-04-06T19:45:44Z
Chicago Blackhawks,CHI,20032004,2,36,6,1474,188,324,512,-330,1292,55,5,20,4,2401,0.07830070803831737,86,82,20,51,0,2.9885018996133828,0.901195219123506,2510,2262,248,4,2026-04-06T19:45:45Z
Colorado Avalanche,COL,20032004,2,36,3,1475,236,417,653,92,1259,74,7,40,8,2410,0.0979253112033195,84,82,40,29,0,2.2950447593807786,0.9176013805004314,2318,2127,191,4,2026-04-06T19:45:45Z
Columbus Blue Jackets,CBJ,20032004,2,40,3,1476,177,294,471,-356,1175,58,5,25,6,2280,0.07763157894736843,89,82,25,49,0,2.755120536523473,0.912743972445465,2613,2385,228,5,2026-04-06T19:45:45Z
Dallas Stars,DAL,20032004,2,34,3,1476,194,343,537,52,1091,52,5,41,3,2196,0.0883424408014572,85,82,41,28,0,2.0415148281624353,0.9108649789029536,1896,1727,169,10,2026-04-06T19:45:46Z
Detroit Red Wings,DET,20032004,2,30,4,1476,255,430,685,205,940,63,15,48,7,2484,0.10265700483091787,88,82,48,23,0,2.207249615540538,0.9146853146853147,2145,1962,183,7,2026-04-06T19:45:46Z
Edmonton Oilers,EDM,20032004,2,29,4,1476,221,362,583,160,1177,44,13,36,6,2332,0.09476843910806175,90,82,36,34,0,2.4699787140045784,0.9056169429097606,2172,1967,205,4,2026-04-06T19:45:46Z
Florida Panthers,FLA,20032004,2,39,2,1476,188,304,492,-187,1162,52,7,28,5,2273,0.08271007479102507,88,82,28,39,0,2.576235365719082,0.924140375753279,2821,2607,214,7,2026-04-06T19:45:47Z
Los Angeles Kings,LAK,20032004,2,38,4,1476,205,358,563,4,1151,50,9,28,2,2349,0.08727117922520221,93,82,28,38,0,2.4926244807032334,0.9060372219700409,2203,1996,207,8,2026-04-06T19:45:47Z
Minnesota Wild,MIN,20032004,2,31,2,1476,188,312,500,-1,981,46,7,30,1,1982,0.09485368314833502,85,82,30,32,0,2.1422516248067685,0.9247583018074821,2379,2200,179,7,2026-04-06T19:45:47Z
Montréal Canadiens,MTL,20032004,2,32,2,1476,208,351,559,66,1017,55,5,41,5,2270,0.09162995594713656,86,82,41,34,0,2.2723915174794183,0.9196581196581196,2340,2152,188,6,2026-04-06T19:45:48Z
Nashville Predators,NSH,20032004,2,37,2,1476,216,371,587,-64,1293,72,14,38,7,2227,0.09699146834306241,90,82,38,33,0,2.4774079196487317,0.9117520447696944,2323,2118,205,4,2026-04-06T19:45:48Z
New Jersey Devils,NJD,20032004,2,30,3,1475,213,374,587,172,874,51,8,43,7,2433,0.08754623921085081,82,82,43,27,0,1.9279495787630998,0.9198798197295944,1997,1837,160,14,2026-04-06T19:45:49Z
New York Islanders,NYI,20032004,2,31,3,1476,237,377,614,119,1102,54,11,38,2,2341,0.10123878684322939,91,82,38,33,0,2.5262733774300776,0.9068212215782434,2243,2034,209,6,2026-04-06T19:45:49Z
New York Rangers,NYR,20032004,2,45,5,1475,206,355,561,-57,1427,46,6,27,3,2416,0.08526490066225166,93,82,27,48,0,2.978909482323657,0.8971571906354515,2392,2146,246,4,2026-04-06T19:45:49Z
Ottawa Senators,OTT,20032004,2,33,3,1475,262,429,691,241,1231,80,6,43,3,2421,0.10821974390747625,89,82,43,29,0,2.2417891459372594,0.9086892488954345,2037,1851,186,8,2026-04-06T19:45:50Z
Philadelphia Flyers,PHI,20032004,2,36,5,1475,229,403,632,176,1304,65,7,40,2,2410,0.0950207468879668,86,82,40,27,0,2.212306623560531,0.9119617224880383,2090,1906,184,7,2026-04-06T19:45:50Z
Phoenix Coyotes,PHX,20032004,2,33,5,1475,188,317,505,-189,1264,51,9,22,5,2171,0.08659603869184708,88,82,22,42,0,2.8384083355789094,0.9051240992794235,2498,2261,237,6,2026-04-06T19:45:50Z
Pittsburgh Penguins,PIT,20032004,2,35,5,1476,190,332,522,-482,1230,65,7,23,7,2029,0.09364218827008379,92,82,23,51,0,3.5137673037894164,0.8928703361654968,2707,2417,290,3,2026-04-06T19:45:51Z
San Jose Sharks,SJS,20032004,2,29,2,1476,219,375,594,128,1057,56,9,43,3,2300,0.09521739130434782,87,82,43,27,0,2.1615058490748553,0.9240506329113924,2370,2190,180,10,2026-04-06T19:45:51Z
St. Louis Blues,STL,20032004,2,37,3,1476,191,323,514,-64,1234,61,7,39,11,2223,0.08591992802519119,90,82,39,32,0,2.323567083468496,0.9080076263107721,2098,1905,193,4,2026-04-06T19:45:51Z
Tampa Bay Lightning,TBL,20032004,2,24,2,1476,245,413,658,193,935,55,15,46,4,2460,0.09959349593495935,84,82,46,28,0,2.237008722990471,0.9109720885466795,2078,1893,185,4,2026-04-06T19:45:52Z
Toronto Maple Leafs,TOR,20032004,2,36,3,1476,242,419,661,127,1414,75,8,45,4,2253,0.10741233910341766,85,82,45,27,0,2.424144966281068,0.9071164510166358,2164,1963,201,11,2026-04-06T19:45:52Z
Vancouver Canucks,VAN,20032004,2,33,3,1476,235,409,644,172,1214,56,5,43,11,2379,0.09878100042034468,87,82,43,29,0,2.3106701344547926,0.9119669876203577,2181,1989,192,8,2026-04-06T19:45:52Z
Washington Capitals,WSH,20032004,2,46,5,1474,186,316,502,-292,1262,64,4,23,1,1946,0.09558067831449127,87,82,23,49,0,2.9627630868861305,0.9053162592161428,2577,2333,244,3,2026-04-06T19:45:52Z
Anaheim Ducks,ANA,20022003,2,31,2,1476,203,354,557,-38,926,56,8,40,6,2246,0.09038290293855744,87,82,40,33,0,2.2176022176022174,0.9222972972972973,2368,2184,184,9,2026-04-06T19:45:28Z
Atlanta Thrashers,ATL,20022003,2,37,4,1474,226,362,588,-293,1221,64,8,31,7,2163,0.10448451225150254,92,82,31,44,0,3.355517929288696,0.8925396211828373,2587,2309,278,2,2026-04-06T19:45:28Z
Boston Bruins,BOS,20022003,2,33,5,1475,245,407,652,53,1334,59,10,36,6,2636,0.09294385432473444,86,82,36,35,0,2.822110552763819,0.8990944372574385,2319,2085,234,2,2026-04-06T19:45:29Z
Buffalo Sabres,BUF,20022003,2,35,3,1476,190,323,513,-144,1234,51,8,27,3,2345,0.08102345415778252,85,82,27,45,0,2.5456361241718137,0.90782000873744,2289,2078,211,6,2026-04-06T19:45:29Z
Calgary Flames,CGY,20022003,2,33,2,1476,186,311,497,-133,1341,47,5,29,6,2341,0.07945322511747116,87,82,29,40,0,2.671203345020405,0.8998194945848376,2216,1994,222,4,2026-04-06T19:45:29Z
Carolina Hurricanes,CAR,20022003,2,37,3,1476,171,286,457,-279,1186,58,6,22,2,2414,0.07083678541839271,87,82,22,49,0,2.8118683101636903,0.8997849462365591,2325,2092,233,5,2026-04-06T19:45:29Z
Chicago Blackhawks,CHI,20022003,2,33,4,1476,207,349,556,-15,1151,39,8,30,4,2279,0.09082931110136025,87,82,30,39,0,2.6610475617098133,0.9055555555555556,2340,2119,221,9,2026-04-06T19:45:30Z
Colorado Avalanche,COL,20022003,2,31,2,1475,251,448,699,250,1036,68,5,42,7,2386,0.10519698239731769,85,82,42,27,0,2.242325730121509,0.9192573402417962,2316,2129,187,6,2026-04-06T19:45:30Z
Columbus Blue Jackets,CBJ,20022003,2,32,2,1475,213,362,575,-317,1469,71,12,29,4,2143,0.09939337377508166,88,82,29,45,0,3.1318122121866594,0.9017823284034888,2637,2378,259,5,2026-04-06T19:45:30Z
Dallas Stars,DAL,20022003,2,29,3,1476,245,413,658,304,1122,62,9,46,5,2466,0.09935117599351176,88,82,46,21,0,1.9915950423413906,0.9198067632850242,2070,1904,166,11,2026-04-06T19:45:31Z
Detroit Red Wings,DET,20022003,2,26,2,1476,269,458,727,208,1182,76,11,48,7,2441,0.11020073740270381,86,82,48,24,0,2.401343465188229,0.9155706406448876,2357,2158,199,5,2026-04-06T19:45:31Z
Edmonton Oilers,EDM,20022003,2,32,2,1476,231,397,628,15,1181,56,13,36,7,2292,0.10078534031413612,87,82,36,35,0,2.678884265392406,0.9004908522980812,2241,2018,223,7,2026-04-06T19:45:31Z
Florida Panthers,FLA,20022003,2,36,2,1476,176,286,462,-227,1095,49,7,24,4,2229,0.07895917451772096,93,82,24,45,0,2.7580693514539822,0.9153789551140544,2718,2488,230,7,2026-04-06T19:45:32Z
Los Angeles Kings,LAK,20022003,2,40,3,1472,203,340,543,-51,1084,52,8,33,6,2272,0.08934859154929578,93,82,33,43,0,2.577202964863998,0.900562851782364,2132,1920,212,7,2026-04-06T19:45:32Z
Minnesota Wild,MIN,20022003,2,30,3,1476,198,325,523,41,1025,52,9,42,8,2086,0.09491850431447747,86,82,42,30,0,2.1306832431058753,0.9241645244215938,2334,2157,177,6,2026-04-06T19:45:32Z
Montréal Canadiens,MTL,20022003,2,29,3,1476,206,345,551,-75,872,44,2,30,2,2119,0.09721566776781501,83,82,30,44,0,2.731695524733327,0.9153558052434457,2670,2444,226,4,2026-04-06T19:45:33Z
Nashville Predators,NSH,20022003,2,38,5,1476,183,301,484,-97,921,58,2,27,5,2316,0.07901554404145078,89,82,27,42,0,2.4212329683861125,0.910547396528705,2247,2046,201,3,2026-04-06T19:45:33Z
New Jersey Devils,NJD,20022003,2,29,2,1475,216,368,584,224,910,36,7,46,8,2601,0.08304498269896193,84,82,46,26,0,1.948670313183931,0.9160186625194401,1929,1767,162,10,2026-04-06T19:45:33Z
New York Islanders,NYI,20022003,2,33,3,1474,224,388,612,-13,1176,58,12,35,5,2427,0.092295014421096,90,82,35,36,0,2.632611780333907,0.9054229934924078,2305,2087,218,3,2026-04-06T19:45:34Z
New York Rangers,NYR,20022003,2,37,4,1476,210,341,551,-18,1292,55,8,32,6,2465,0.08519269776876268,89,82,32,40,0,2.696176386626589,0.9077750206782464,2418,2195,223,6,2026-04-06T19:45:34Z
Ottawa Senators,OTT,20022003,2,31,3,1474,263,457,720,233,1107,83,4,52,7,2441,0.1077427283900041,88,82,52,22,0,2.1883028562792806,0.9109251968503937,2032,1851,181,8,2026-04-06T19:45:34Z
Philadelphia Flyers,PHI,20022003,2,39,2,1476,211,345,556,223,959,47,8,45,6,2537,0.08316909735908554,88,82,45,24,0,1.948370845262873,0.9196029776674938,2015,1853,162,8,2026-04-06T19:45:35Z
Phoenix Coyotes,PHX,20022003,2,34,5,1476,204,359,563,-29,1403,55,4,31,4,2297,0.08881149325206791,89,82,31,40,0,2.66779333655239,0.9097590853409555,2449,2228,221,3,2026-04-06T19:45:35Z
Pittsburgh Penguins,PIT,20022003,2,42,3,1474,189,331,520,-380,1067,66,3,27,3,2079,0.09090909090909091,86,82,27,49,0,2.993596692634513,0.9022556390977443,2527,2280,247,4,2026-04-06T19:45:35Z
San Jose Sharks,SJS,20022003,2,33,3,1474,214,368,582,-129,1072,68,5,28,2,2303,0.09292227529309596,88,82,28,45,0,2.805000100754314,0.9027253668763102,2385,2153,232,5,2026-04-06T19:45:36Z
St. Louis Blues,STL,20022003,2,34,7,1474,253,445,698,89,1600,80,11,41,6,2301,0.1099521946979574,94,82,41,30,0,2.5841950098994033,0.8946078431372549,2040,1825,215,8,2026-04-06T19:45:36Z
Tampa Bay Lightning,TBL,20022003,2,26,4,1476,219,385,604,-37,1028,70,6,36,2,2395,0.09144050104384134,90,82,36,30,0,2.434174369223083,0.9113924050632911,2291,2088,203,6,2026-04-06T19:45:36Z
Toronto Maple Leafs,TOR,20022003,2,33,3,1474,236,409,645,84,1344,63,11,44,7,2152,0.10966542750929369,84,82,44,31,0,2.4643551033693614,0.9156676312525837,2419,2215,204,7,2026-04-06T19:45:37Z
Vancouver Canucks,VAN,20022003,2,32,4,1476,264,454,718,142,1118,87,12,45,5,2388,0.11055276381909548,88,82,45,24,0,2.4247623324095824,0.9077134986225895,2178,1977,201,4,2026-04-06T19:45:37Z
Washington Capitals,WSH,20022003,2,33,3,1475,224,399,623,87,1246,57,8,39,6,2223,0.1007647323436797,88,82,39,35,0,2.571419948289912,0.9129546383326522,2447,2234,213,4,2026-04-06T19:45:38Z
Anaheim Ducks,ANA,20012002,2,28,3,1476,175,295,470,-106,1208,43,4,29,3,2142,0.08169934640522876,87,82,29,45,0,2.3216474377804563,0.914959928762244,2246,2055,191,4,2026-04-06T19:45:13Z
Atlanta Thrashers,ATL,20012002,2,39,5,1475,187,290,477,-365,1260,37,3,19,3,1984,0.09425403225806452,91,82,19,52,0,3.3091343379718468,0.9054193993786676,2897,2623,274,3,2026-04-06T19:45:14Z
Boston Bruins,BOS,20012002,2,36,3,1476,236,385,621,185,1409,39,14,43,9,2595,0.09094412331406551,84,82,43,33,0,2.365990892812833,0.9044834307992202,2052,1856,196,5,2026-04-06T19:45:14Z
Buffalo Sabres,BUF,20012002,2,27,3,1476,213,347,560,0,1191,50,7,35,4,2295,0.09281045751633987,91,82,35,36,0,2.313601324365156,0.9095215537659876,2111,1920,191,4,2026-04-06T19:45:14Z
Calgary Flames,CGY,20012002,2,33,3,1475,201,323,524,-59,1570,55,10,32,2,2207,0.09107385591300408,88,82,32,38,0,2.5740440487819614,0.9046979865771813,2235,2022,213,6,2026-04-06T19:45:15Z
Carolina Hurricanes,CAR,20012002,2,29,3,1475,217,368,585,-49,996,63,4,35,6,2347,0.09245845760545376,87,82,35,31,0,2.5430760157142904,0.9040289723856949,2209,1997,212,5,2026-04-06T19:45:15Z
Chicago Blackhawks,CHI,20012002,2,32,2,1476,216,384,600,79,1220,54,4,41,3,2271,0.095112285336856,90,82,41,28,0,2.433702360075501,0.9025096525096525,2072,1870,202,6,2026-04-06T19:45:15Z
Colorado Avalanche,COL,20012002,2,31,2,1476,212,363,575,96,967,62,7,45,4,2252,0.0941385435168739,84,82,45,29,0,1.9245576106435702,0.9266266728195662,2167,2008,159,11,2026-04-06T19:45:16Z
Columbus Blue Jackets,CBJ,20012002,2,34,3,1476,164,274,438,-445,1182,50,3,22,2,2046,0.0801564027370479,89,82,22,52,0,2.979280276397547,0.9,2460,2214,246,3,2026-04-06T19:45:16Z
Dallas Stars,DAL,20012002,2,36,2,1476,215,362,577,3,925,60,7,36,3,2335,0.09207708779443255,91,82,36,33,0,2.4788333171776866,0.9031954887218046,2128,1922,206,3,2026-04-06T19:45:16Z
Detroit Red Wings,DET,20012002,2,27,2,1476,251,431,682,184,1035,73,9,51,10,2538,0.09889676910953507,85,82,51,21,0,2.2249393653911684,0.9142327306444136,2157,1972,185,6,2026-04-06T19:45:17Z
Edmonton Oilers,EDM,20012002,2,27,3,1476,205,342,547,102,1259,51,12,38,3,2256,0.09086879432624113,87,82,38,32,0,2.1382406829484366,0.9163120567375886,2115,1938,177,8,2026-04-06T19:45:17Z
Florida Panthers,FLA,20012002,2,38,3,1475,180,298,478,-230,1966,50,8,22,0,2205,0.08163265306122448,95,82,22,50,0,2.9287577656455905,0.90895410082769,2658,2416,242,5,2026-04-06T19:45:17Z
Los Angeles Kings,LAK,20012002,2,33,2,1476,214,374,588,-2,1309,73,5,40,3,2110,0.1014218009478673,90,82,40,31,0,2.2389263910927037,0.9095796676441837,2046,1861,185,8,2026-04-06T19:45:18Z
Minnesota Wild,MIN,20012002,2,30,3,1476,195,329,524,-193,1181,55,11,26,0,1954,0.09979529170931423,90,82,26,44,0,2.8468563458670197,0.8967770034843205,2296,2059,237,6,2026-04-06T19:45:18Z
Montréal Canadiens,MTL,20012002,2,35,5,1476,207,349,556,-56,946,45,7,36,2,2092,0.09894837476099426,90,82,36,34,0,2.4151348450288475,0.9227202472952086,2588,2388,200,7,2026-04-06T19:45:18Z
Nashville Predators,NSH,20012002,2,38,3,1476,196,324,520,-169,1045,48,6,28,5,2019,0.09707776126795443,90,82,28,41,0,2.6954340797147434,0.9033376679670568,2307,2084,223,5,2026-04-06T19:45:19Z
New Jersey Devils,NJD,20012002,2,33,4,1476,205,349,554,77,980,44,2,41,6,2445,0.08384458077709611,86,82,41,32,0,2.1647406611126043,0.9053911205073996,1892,1713,179,4,2026-04-06T19:45:19Z
New York Islanders,NYI,20012002,2,36,2,1473,239,398,637,39,1217,59,17,42,6,2319,0.1030616645105649,91,82,42,32,0,2.5525908999260705,0.9072934973637962,2276,2065,211,6,2026-04-06T19:45:19Z
New York Rangers,NYR,20012002,2,36,3,1475,227,385,612,-7,1729,48,8,36,5,2392,0.09489966555183947,87,82,36,42,0,3.059964786119525,0.9035222052067381,2612,2360,252,2,2026-04-06T19:45:20Z
Ottawa Senators,OTT,20012002,2,31,4,1475,243,382,625,127,1295,55,11,39,3,2469,0.09842041312272175,88,82,39,34,0,2.4716414311406725,0.9034385303815355,2123,1918,205,10,2026-04-06T19:45:20Z
Philadelphia Flyers,PHI,20012002,2,32,3,1476,234,386,620,204,1202,39,8,42,3,2442,0.09582309582309582,88,82,42,30,0,2.2388436003025465,0.9132270168855535,2132,1947,185,6,2026-04-06T19:45:20Z
Phoenix Coyotes,PHX,20012002,2,35,3,1476,228,380,608,106,1106,53,8,40,4,2179,0.10463515374024782,87,82,40,33,0,2.4607631582474436,0.912932138284251,2343,2139,204,6,2026-04-06T19:45:21Z
Pittsburgh Penguins,PIT,20012002,2,34,2,1475,198,340,538,-216,1210,47,5,28,7,2215,0.08939051918735892,87,82,28,46,0,2.933099972841667,0.8982412060301508,2388,2145,243,6,2026-04-06T19:45:21Z
San Jose Sharks,SJS,20012002,2,25,3,1475,247,408,655,201,1223,58,15,44,2,2227,0.11091154018859452,88,82,44,30,0,2.328574219934374,0.9175257731958762,2328,2136,192,9,2026-04-06T19:45:21Z
St. Louis Blues,STL,20012002,2,31,3,1476,227,387,614,154,1315,62,5,43,6,2378,0.09545836837678721,84,82,43,31,0,2.188457198129937,0.9016304347826087,1840,1659,181,7,2026-04-06T19:45:22Z
Tampa Bay Lightning,TBL,20012002,2,36,3,1476,178,301,479,-238,1044,46,6,27,4,2179,0.08168884809545664,94,82,27,44,0,2.5270200374821155,0.9168324711500199,2513,2304,209,9,2026-04-06T19:45:22Z
Toronto Maple Leafs,TOR,20012002,2,29,4,1473,249,425,674,186,1188,54,9,43,3,2339,0.10645575032064986,86,82,43,29,0,2.438770821944913,0.900931829328102,2039,1837,202,5,2026-04-06T19:45:22Z
Vancouver Canucks,VAN,20012002,2,32,4,1476,254,438,692,142,1292,69,3,42,4,2326,0.10920034393809114,92,82,42,33,0,2.500345584442294,0.9006750241080038,2074,1868,206,8,2026-04-06T19:45:23Z
Washington Capitals,WSH,20012002,2,38,3,1476,228,392,620,-72,1029,58,2,36,6,2293,0.09943305713039687,90,82,36,35,0,2.8165892675457593,0.9008510638297872,2350,2117,233,6,2026-04-06T19:45:23Z
Anaheim Ducks,ANA,20002001,2,31,4,1476,188,321,509,-266,1114,66,6,25,4,2123,0.08855393311351861,90,82,25,46,0,2.8975689262562,0.900497512437811,2412,2172,240,6,2026-04-06T19:45:00Z
Atlanta Thrashers,ATL,20002001,2,36,4,1476,211,349,560,-223,1472,54,9,23,2,2291,0.092099519860323,94,82,23,47,0,3.3848788596181936,0.8941798941798942,2646,2366,280,2,2026-04-06T19:45:00Z
Boston Bruins,BOS,20002001,2,36,5,1474,227,386,613,-115,1299,64,8,36,4,2359,0.09622721492157695,100,82,36,38,0,2.9065618749937183,0.8896014658726523,2183,1942,241,2,2026-04-06T19:45:00Z
Buffalo Sabres,BUF,20002001,2,25,4,1476,218,379,597,57,1219,60,6,46,4,2204,0.09891107078039928,88,82,46,31,0,2.2023855797147984,0.9174270072992701,2192,2011,181,13,2026-04-06T19:45:01Z
Calgary Flames,CGY,20002001,2,33,2,1476,197,345,542,-151,1344,65,3,27,3,2230,0.08834080717488789,90,82,27,40,0,2.7308088166495126,0.8975169300225734,2215,1988,227,8,2026-04-06T19:45:01Z
Carolina Hurricanes,CAR,20002001,2,25,2,1474,212,367,579,-203,1067,72,6,38,6,2217,0.09562471808750564,89,82,38,35,0,2.623571845970943,0.9012738853503185,2198,1981,217,6,2026-04-06T19:45:01Z
Chicago Blackhawks,CHI,20002001,2,32,4,1476,210,344,554,-137,971,41,15,29,2,2160,0.09722222222222222,87,82,29,45,0,2.877205000856311,0.8909257561869844,2182,1944,238,6,2026-04-06T19:45:02Z
Colorado Avalanche,COL,20002001,2,30,2,1475,270,465,735,266,1112,80,11,52,6,2395,0.1127348643006263,88,82,52,20,0,2.2181665969024698,0.9102876645538761,2051,1867,184,7,2026-04-06T19:45:02Z
Columbus Blue Jackets,CBJ,20002001,2,37,2,1476,190,303,493,-155,1210,56,3,28,3,2082,0.09125840537944284,85,82,28,45,0,2.734311985804162,0.9084278768233387,2468,2242,226,4,2026-04-06T19:45:03Z
Dallas Stars,DAL,20002001,2,30,2,1476,241,411,652,143,1015,72,7,48,6,2100,0.11476190476190476,89,82,48,26,0,2.228974651470336,0.9098039215686274,2040,1856,184,11,2026-04-06T19:45:03Z
Detroit Red Wings,DET,20002001,2,26,2,1476,253,428,681,93,1050,85,10,49,10,2650,0.09547169811320755,91,82,49,24,0,2.4142683258055104,0.9098693105002253,2219,2019,200,3,2026-04-06T19:45:03Z
Edmonton Oilers,EDM,20002001,2,30,3,1476,243,410,653,111,1271,59,13,39,5,2145,0.11328671328671329,86,82,39,31,0,2.594338041576446,0.899155722326454,2132,1917,215,8,2026-04-06T19:45:04Z
Florida Panthers,FLA,20002001,2,36,2,1475,200,332,532,-153,1491,46,8,22,2,2170,0.09216589861751152,89,82,22,47,0,2.854151264664657,0.9070588235294118,2550,2313,237,6,2026-04-06T19:45:04Z
Los Angeles Kings,LAK,20002001,2,32,5,1476,252,433,685,106,1168,71,14,38,3,2288,0.11013986013986014,90,82,38,31,0,2.644590397091085,0.898186889818689,2151,1932,219,10,2026-04-06T19:45:04Z
Minnesota Wild,MIN,20002001,2,34,4,1476,168,280,448,-125,1162,36,13,25,4,2020,0.08316831683168317,85,82,25,44,0,2.4769125432107013,0.9105514546244029,2303,2097,206,6,2026-04-06T19:45:05Z
Montréal Canadiens,MTL,20002001,2,42,4,1476,205,346,551,-182,996,68,5,28,2,2147,0.09548206800186307,91,82,28,46,0,2.70459660139879,0.902534965034965,2288,2065,223,4,2026-04-06T19:45:05Z
Nashville Predators,NSH,20002001,2,32,3,1476,186,319,505,-95,932,51,7,34,5,2182,0.08524289642529789,86,82,34,39,0,2.3481234176896,0.9171294318667236,2341,2147,194,6,2026-04-06T19:45:05Z
New Jersey Devils,NJD,20002001,2,30,3,1476,295,515,810,370,1203,71,9,48,5,2588,0.11398763523956723,86,82,48,22,0,2.3208428253622557,0.9045499505440159,2022,1829,193,10,2026-04-06T19:45:06Z
New York Islanders,NYI,20002001,2,33,4,1473,185,307,492,-285,1307,51,9,21,2,2257,0.08196721311475409,92,82,21,54,0,3.1256545563881324,0.8914237431347698,2367,2110,257,2,2026-04-06T19:45:06Z
New York Rangers,NYR,20002001,2,36,6,1475,250,424,674,-114,1502,65,16,33,5,2345,0.10660980810234541,88,82,33,44,0,3.4433227320812363,0.889797507788162,2568,2285,283,0,2026-04-06T19:45:06Z
Ottawa Senators,OTT,20002001,2,32,3,1473,274,461,735,219,1050,71,10,48,3,2476,0.11066235864297254,83,82,48,25,0,2.394276309159921,0.9111310592459605,2228,2030,198,9,2026-04-06T19:45:07Z
Philadelphia Flyers,PHI,20002001,2,33,3,1476,240,397,637,151,1169,55,11,43,5,2452,0.09787928221859707,88,82,43,28,0,2.3871160035230723,0.9072599531615925,2135,1937,198,11,2026-04-06T19:45:07Z
Phoenix Coyotes,PHX,20002001,2,31,2,1476,214,363,577,34,1307,57,9,35,3,2055,0.10413625304136254,87,82,35,30,0,2.4751929989686694,0.915016501650165,2424,2218,206,6,2026-04-06T19:45:07Z
Pittsburgh Penguins,PIT,20002001,2,37,4,1461,281,500,781,116,1561,76,7,42,3,2394,0.11737677527151211,87,82,42,31,0,3.0130889876370577,0.8958158995815899,2390,2141,249,3,2026-04-06T19:45:08Z
San Jose Sharks,SJS,20002001,2,28,3,1475,217,372,589,135,1344,57,8,40,7,2266,0.09576345984112974,92,82,40,30,0,2.2488650447133964,0.9135859519408502,2164,1977,187,8,2026-04-06T19:45:08Z
St. Louis Blues,STL,20002001,2,37,2,1476,249,407,656,171,1323,72,15,43,6,2494,0.09983961507618284,85,82,43,27,0,2.2426976678757673,0.9033264033264033,1924,1738,186,10,2026-04-06T19:45:08Z
Tampa Bay Lightning,TBL,20002001,2,38,6,1475,201,334,535,-307,1376,53,9,24,2,2014,0.09980139026812314,100,82,24,52,0,3.2556758361903735,0.8946954813359529,2545,2277,268,5,2026-04-06T19:45:08Z
Toronto Maple Leafs,TOR,20002001,2,29,2,1474,232,403,635,109,1416,57,2,37,3,2276,0.10193321616871705,83,82,37,34,0,2.426079347144596,0.9101876675603218,2238,2037,201,6,2026-04-06T19:45:09Z
Vancouver Canucks,VAN,20002001,2,29,3,1476,239,397,636,6,1085,71,12,36,5,2434,0.09819227608874281,90,82,36,35,0,2.7954333222881584,0.8903591682419659,2116,1884,232,2,2026-04-06T19:45:09Z
Washington Capitals,WSH,20002001,2,33,3,1476,233,406,639,32,1117,75,6,41,2,2348,0.09923339011925042,85,82,41,31,0,2.468222973563396,0.909973521624007,2266,2062,204,5,2026-04-06T19:45:09Z
Anaheim Ducks,ANA,19992000,2,30,2,1475,217,373,590,-25,910,55,4,34,3,2352,0.09226190476190477,88,82,34,36,0,2.6349894909313116,0.9031111111111111,2250,2032,218,5,2026-04-06T19:44:47Z
Atlanta Thrashers,ATL,19992000,2,38,5,1476,170,286,456,-558,1400,44,6,14,0,2115,0.08037825059101655,92,82,14,61,0,3.692457677895015,0.8803789972364785,2533,2230,303,2,2026-04-06T19:44:47Z
Boston Bruins,BOS,19992000,2,38,3,1470,210,342,552,-170,845,51,0,24,1,2516,0.0834658187599364,92,82,24,39,0,2.884183861734699,0.8936921041023379,2267,2026,241,5,2026-04-06T19:44:48Z
Buffalo Sabres,BUF,19992000,2,34,3,1475,213,344,557,128,1145,37,8,35,5,2228,0.09560143626570916,90,82,35,36,0,2.3891162482026322,0.9100817438692098,2202,2004,198,8,2026-04-06T19:44:48Z
Calgary Flames,CGY,19992000,2,42,3,1475,211,370,581,-157,1251,59,4,31,11,2468,0.08549432739059967,91,82,31,41,0,3.0100032441146074,0.8947368421052632,2375,2125,250,5,2026-04-06T19:44:48Z
Carolina Hurricanes,CAR,19992000,2,25,3,1476,217,368,585,-97,779,58,3,37,4,2161,0.1004164738546969,87,82,37,35,0,2.513169520905982,0.9029080675422139,2132,1925,207,6,2026-04-06T19:44:49Z
Chicago Blackhawks,CHI,19992000,2,33,3,1476,242,402,644,-11,1413,52,10,33,5,2106,0.11490978157644824,86,82,33,39,0,2.804466372370813,0.9030633655056651,2383,2152,231,4,2026-04-06T19:44:49Z
Colorado Avalanche,COL,19992000,2,31,3,1474,233,388,621,108,1084,59,3,42,5,2187,0.10653863740283494,88,82,42,29,0,2.3428929897716486,0.9147627416520211,2276,2082,194,5,2026-04-06T19:44:49Z
Dallas Stars,DAL,19992000,2,37,2,1475,211,361,572,22,1005,54,9,43,3,2099,0.10052405907575036,86,82,43,29,0,2.111260053619303,0.9195032198712052,2174,1999,175,5,2026-04-06T19:44:50Z
Detroit Red Wings,DET,19992000,2,28,3,1472,278,465,743,200,976,69,15,48,4,2620,0.10610687022900764,86,82,48,24,0,2.501082392742431,0.9044321329639889,2166,1959,207,6,2026-04-06T19:44:50Z
Edmonton Oilers,EDM,19992000,2,29,3,1475,226,376,602,75,1318,53,9,32,4,2310,0.09783549783549783,87,82,32,34,0,2.5391924622714326,0.908541846419327,2318,2106,212,2,2026-04-06T19:44:50Z
Florida Panthers,FLA,19992000,2,33,5,1476,244,410,654,116,1305,58,2,43,3,2198,0.11101000909918107,85,82,43,33,0,2.48325986742488,0.915533580552122,2427,2222,205,2,2026-04-06T19:44:51Z
Los Angeles Kings,LAK,19992000,2,32,3,1476,245,422,667,103,1301,60,4,39,5,2421,0.10119785212722016,94,82,39,31,0,2.632867907057884,0.9043859649122807,2280,2062,218,2,2026-04-06T19:44:51Z
Montréal Canadiens,MTL,19992000,2,36,2,1476,196,326,522,-66,1049,54,7,35,4,2135,0.09180327868852459,86,82,35,38,0,2.3003349610557327,0.915929203539823,2260,2070,190,8,2026-04-06T19:44:51Z
Nashville Predators,NSH,19992000,2,33,2,1476,199,330,529,-194,918,41,9,28,4,2215,0.08984198645598195,85,82,28,47,0,2.820823244552058,0.9065008025682183,2492,2259,233,1,2026-04-06T19:44:51Z
New Jersey Devils,NJD,19992000,2,31,2,1476,250,434,684,148,1273,55,9,44,3,2716,0.09204712812960236,84,82,45,29,0,2.394791127715474,0.9055343511450382,2096,1898,198,6,2026-04-06T19:44:52Z
New York Islanders,NYI,19992000,2,42,5,1475,194,307,501,-233,1366,45,8,24,5,2146,0.09040074557315937,92,82,24,49,0,3.2143396606414583,0.90267105744603,2733,2467,266,3,2026-04-06T19:44:52Z
New York Rangers,NYR,19992000,2,34,4,1474,218,381,599,-179,906,55,5,29,6,2416,0.0902317880794702,86,82,29,41,0,2.8828563195668346,0.9020090200902009,2439,2200,239,0,2026-04-06T19:44:52Z
Ottawa Senators,OTT,19992000,2,34,5,1474,244,397,641,75,832,52,6,41,2,2584,0.09442724458204334,91,82,41,30,0,2.5005620560176904,0.8995633187772926,2061,1854,207,7,2026-04-06T19:44:53Z
Philadelphia Flyers,PHI,19992000,2,34,2,1475,237,384,621,140,1215,69,7,45,6,2495,0.09498997995991984,85,82,45,25,0,2.0812934229390083,0.9105018106570099,1933,1760,173,7,2026-04-06T19:44:53Z
Phoenix Coyotes,PHX,19992000,2,30,4,1476,232,399,631,26,912,37,14,39,4,2212,0.10488245931283906,88,82,39,35,0,2.6613797506636647,0.9054170249355116,2326,2106,220,6,2026-04-06T19:44:53Z
Pittsburgh Penguins,PIT,19992000,2,32,4,1468,241,426,667,40,1197,54,7,37,3,2137,0.1127749181094993,96,82,37,37,0,2.7729659366496358,0.9025117071094083,2349,2120,229,4,2026-04-06T19:44:54Z
San Jose Sharks,SJS,19992000,2,26,3,1476,225,382,607,27,1257,62,16,35,4,2248,0.10008896797153025,93,82,35,37,0,2.51657312578183,0.9111394557823129,2352,2143,209,5,2026-04-06T19:44:54Z
St. Louis Blues,STL,19992000,2,32,2,1476,248,427,675,309,1111,61,13,51,5,2445,0.10143149284253579,86,82,51,20,0,1.9559705397029823,0.9105466593042518,1811,1649,162,9,2026-04-06T19:44:54Z
Tampa Bay Lightning,TBL,19992000,2,47,6,1475,204,343,547,-397,1678,51,9,19,0,2084,0.09788867562380038,112,82,19,54,0,3.6570598207798497,0.8785197103781175,2486,2184,302,0,2026-04-06T19:44:55Z
Toronto Maple Leafs,TOR,19992000,2,33,2,1475,246,404,650,106,1075,57,11,45,7,2160,0.11388888888888889,83,82,45,30,0,2.622576584137642,0.9088618227635448,2381,2164,217,6,2026-04-06T19:44:55Z
Vancouver Canucks,VAN,19992000,2,36,5,1476,227,377,604,-2,1013,51,9,30,4,2187,0.10379515317786922,94,82,30,37,0,2.7463613377351512,0.899737302977233,2284,2055,229,1,2026-04-06T19:44:55Z
Washington Capitals,WSH,19992000,2,31,2,1476,227,375,602,177,974,43,9,44,5,2269,0.1000440722785368,86,82,44,26,0,2.300196366385554,0.9157476841640935,2267,2076,191,7,2026-04-06T19:44:56Z
Anaheim Ducks,ANA,19981999,2,25,2,1476,215,349,564,-73,1309,83,6,35,1,2331,0.09223509223509224,87,82,35,34,0,2.43999825522677,0.9220679012345679,2592,2390,202,7,2026-04-06T19:44:34Z
Boston Bruins,BOS,19981999,2,36,2,1475,214,364,578,-10,1151,65,3,39,2,2262,0.09460654288240496,85,82,39,30,0,2.1170102576096763,0.9207564160288159,2221,2045,176,11,2026-04-06T19:44:35Z
Buffalo Sabres,BUF,19981999,2,32,3,1476,207,348,555,184,1527,49,6,37,3,2150,0.09627906976744185,88,82,37,28,0,2.048640230022763,0.9304029304029304,2457,2286,171,10,2026-04-06T19:44:35Z
Calgary Flames,CGY,19981999,2,36,6,1476,211,343,554,4,1367,51,12,30,3,2344,0.09001706484641639,88,82,30,40,0,2.7434234379406197,0.9057308970099668,2408,2181,227,2,2026-04-06T19:44:35Z
Carolina Hurricanes,CAR,19981999,2,28,2,1475,210,348,558,78,1138,42,5,34,1,2142,0.09803921568627451,87,82,34,30,0,2.3511927571533775,0.9180944421228583,2393,2197,196,8,2026-04-06T19:44:36Z
Chicago Blackhawks,CHI,19981999,2,43,4,1474,202,331,533,-93,1783,50,8,29,1,2145,0.09417249417249417,90,82,29,41,0,2.8633466790615256,0.9009611366485583,2393,2156,237,4,2026-04-06T19:44:36Z
Colorado Avalanche,COL,19981999,2,36,3,1475,239,418,657,119,1575,71,7,44,2,2299,0.10395824271422358,86,82,44,28,0,2.423924131174694,0.9120879120879121,2275,2075,200,5,2026-04-06T19:44:36Z
Dallas Stars,DAL,19981999,2,32,3,1476,236,396,632,173,1074,74,6,51,3,2266,0.10414827890556046,88,82,51,19,0,2.013213808530374,0.914969450101833,1964,1797,167,6,2026-04-06T19:44:37Z
Detroit Red Wings,DET,19981999,2,30,4,1473,245,431,676,90,1184,67,14,43,2,2622,0.09344012204424104,87,82,43,32,0,2.396577476497185,0.9108597285067873,2210,2013,197,3,2026-04-06T19:44:37Z
Edmonton Oilers,EDM,19981999,2,37,4,1476,230,383,613,30,1357,63,8,33,3,2396,0.09599332220367279,92,82,33,37,0,2.6670152961171394,0.9003606853020739,2218,1997,221,3,2026-04-06T19:44:37Z
Florida Panthers,FLA,19981999,2,39,2,1476,210,348,558,-32,1475,51,10,30,1,2307,0.09102730819245773,89,82,30,34,0,2.688636310593507,0.9047213951509996,2351,2127,224,5,2026-04-06T19:44:38Z
Los Angeles Kings,LAK,19981999,2,35,4,1476,189,300,489,-152,1361,43,12,32,5,2317,0.08157099697885196,90,82,32,45,0,2.578090956075843,0.9133278822567457,2446,2234,212,7,2026-04-06T19:44:38Z
Montréal Canadiens,MTL,19981999,2,36,4,1475,184,311,495,-153,1277,50,8,32,0,2269,0.08109299250771265,92,82,32,39,0,2.490245196472824,0.9065335753176044,2204,1998,206,7,2026-04-06T19:44:38Z
Nashville Predators,NSH,19981999,2,36,4,1476,190,331,521,-195,1396,40,7,28,1,2218,0.08566275924256087,93,82,28,47,0,3.0716412776247055,0.9063309885227694,2701,2448,253,2,2026-04-06T19:44:39Z
New Jersey Devils,NJD,19981999,2,27,2,1476,248,425,673,178,1337,60,7,47,3,2565,0.09668615984405458,82,82,47,24,0,2.32055328006446,0.9050445103857567,2022,1830,192,5,2026-04-06T19:44:39Z
New York Islanders,NYI,19981999,2,37,4,1475,194,314,508,-232,1073,54,8,24,1,2157,0.0899397311080204,88,82,24,48,0,2.8519063060159917,0.8984072320275506,2323,2087,236,5,2026-04-06T19:44:39Z
New York Rangers,NYR,19981999,2,36,2,1463,217,374,591,-176,1071,71,7,33,5,2085,0.1040767386091127,90,82,33,38,0,2.641524605982631,0.9112641815235009,2468,2249,219,4,2026-04-06T19:44:40Z
Ottawa Senators,OTT,19981999,2,32,2,1476,238,391,629,222,876,59,6,44,1,2502,0.09512390087929656,88,82,44,23,0,2.1169748909938355,0.914769975786925,2065,1889,176,6,2026-04-06T19:44:40Z
Philadelphia Flyers,PHI,19981999,2,42,3,1475,231,396,627,111,1049,65,4,37,2,2451,0.09424724602203183,86,82,37,26,0,2.3005798046903605,0.8974906567004806,1873,1681,192,6,2026-04-06T19:44:40Z
Phoenix Coyotes,PHX,19981999,2,37,5,1472,205,357,562,55,1390,41,8,39,2,2398,0.08548790658882402,87,82,39,31,0,2.2971366393293975,0.9152542372881356,2242,2052,190,9,2026-04-06T19:44:41Z
Pittsburgh Penguins,PIT,19981999,2,33,3,1467,242,414,656,25,943,65,10,38,7,2089,0.11584490186692198,97,82,38,30,0,2.5920790885526555,0.8985370457763096,2119,1904,215,9,2026-04-06T19:44:41Z
San Jose Sharks,SJS,19981999,2,33,3,1476,196,329,525,53,1399,53,8,31,1,2143,0.09146056929538031,87,82,31,33,0,2.2453022753196854,0.9154993221870764,2213,2026,187,8,2026-04-06T19:44:41Z
St. Louis Blues,STL,19981999,2,32,5,1476,237,409,646,60,1288,61,7,37,1,2469,0.0959902794653706,92,82,37,32,0,2.4664738894318443,0.8904991948470209,1863,1659,204,6,2026-04-06T19:44:41Z
Tampa Bay Lightning,TBL,19981999,2,43,6,1476,179,286,465,-449,1300,43,11,19,1,2130,0.084037558685446,96,82,19,54,0,3.4758503756084926,0.8907914764079148,2628,2341,287,3,2026-04-06T19:44:42Z
Toronto Maple Leafs,TOR,19981999,2,30,4,1476,268,449,717,235,1073,53,7,45,6,2318,0.11561691113028473,83,82,45,30,0,2.726006098176605,0.9043773905652359,2353,2128,225,3,2026-04-06T19:44:42Z
Vancouver Canucks,VAN,19981999,2,32,3,1476,192,304,496,-246,1714,57,17,23,0,1945,0.09871465295629821,96,82,23,47,0,3.0651908340428684,0.8948899044453676,2407,2154,253,7,2026-04-06T19:44:43Z
Washington Capitals,WSH,19981999,2,37,4,1476,200,322,522,-101,1352,52,8,31,2,2377,0.08413967185527976,90,82,31,45,0,2.557423632488752,0.9016393442622951,2135,1925,210,6,2026-04-06T19:44:43Z
Anaheim Ducks,ANA,19971998,2,42,3,1476,205,316,521,-169,1829,46,9,26,3,2184,0.09386446886446886,93,82,26,43,0,3.0351084970993836,0.8985098670962546,2483,2231,252,4,2026-04-06T19:44:19Z
Boston Bruins,BOS,19971998,2,30,3,1476,221,363,584,34,1103,62,5,39,3,2230,0.09910313901345291,89,82,39,30,0,2.24232966532493,0.9136089177891314,2153,1967,186,9,2026-04-06T19:44:20Z
Buffalo Sabres,BUF,19971998,2,28,2,1476,211,340,551,178,1723,51,15,36,3,2172,0.09714548802946593,88,82,36,29,0,2.2060513213328226,0.9280406726632773,2557,2373,184,13,2026-04-06T19:44:20Z
Calgary Flames,CGY,19971998,2,38,3,1476,217,336,553,-70,1825,43,18,26,4,2270,0.09559471365638766,87,82,26,41,0,2.9574713219455995,0.8916299559471366,2270,2024,246,0,2026-04-06T19:44:20Z
Carolina Hurricanes,CAR,19971998,2,31,5,1476,200,335,535,-74,1433,50,8,33,2,2177,0.09186954524575103,88,82,33,41,0,2.5370321040439427,0.9073581560283688,2256,2047,209,4,2026-04-06T19:44:21Z
Chicago Blackhawks,CHI,19971998,2,36,3,1476,192,326,518,0,1524,47,13,30,1,2278,0.08428446005267778,85,82,30,39,0,2.321894063583349,0.9120879120879121,2184,1992,192,10,2026-04-06T19:44:21Z
Colorado Avalanche,COL,19971998,2,30,2,1476,231,401,632,15,1664,74,8,39,2,2289,0.10091743119266056,88,82,39,26,0,2.377347163392589,0.9179444674678823,2413,2215,198,5,2026-04-06T19:44:21Z
Dallas Stars,DAL,19971998,2,36,3,1476,242,405,647,183,1267,77,11,49,5,2200,0.11,86,82,49,22,0,1.9663166078022691,0.912647374062165,1866,1703,163,10,2026-04-06T19:44:22Z
Detroit Red Wings,DET,19971998,2,26,3,1476,250,425,675,179,1301,67,8,44,0,2531,0.09877518767285658,89,82,44,23,0,2.2925094599531444,0.9100378787878788,2112,1922,190,8,2026-04-06T19:44:22Z
Edmonton Oilers,EDM,19971998,2,41,2,1476,215,343,558,-118,1676,77,10,35,3,2351,0.09145044661846023,87,82,35,37,0,2.6140539014149375,0.9062906724511931,2305,2089,216,8,2026-04-06T19:44:22Z
Florida Panthers,FLA,19971998,2,30,4,1476,203,325,528,-139,1648,55,12,24,3,2278,0.08911325724319578,90,82,24,43,0,3.022558805426958,0.8935086974968179,2357,2106,251,5,2026-04-06T19:44:23Z
Los Angeles Kings,LAK,19971998,2,28,3,1476,227,373,600,54,1733,52,10,38,3,2200,0.10318181818181818,89,82,38,33,0,2.6678738494039536,0.910779168348809,2477,2256,221,4,2026-04-06T19:44:23Z
Montréal Canadiens,MTL,19971998,2,33,2,1475,235,412,647,101,1527,68,13,37,3,2277,0.10320597277119016,89,82,37,32,0,2.47734280264437,0.9034224097515237,2133,1927,206,5,2026-04-06T19:44:23Z
New Jersey Devils,NJD,19971998,2,32,4,1476,225,380,605,174,1470,63,4,48,2,2401,0.0937109537692628,87,82,48,23,0,1.9506908696830128,0.9164517792676637,1939,1777,162,11,2026-04-06T19:44:24Z
New York Islanders,NYI,19971998,2,40,3,1475,212,329,541,-127,1605,61,11,30,0,2119,0.10004719207173195,95,82,30,41,0,2.6000463574156747,0.9084327086882453,2348,2133,215,7,2026-04-06T19:44:24Z
New York Rangers,NYR,19971998,2,35,3,1474,197,351,548,-203,1505,62,0,25,2,2075,0.09493975903614457,90,82,25,39,0,2.6839829721516795,0.9022687609075044,2292,2068,224,0,2026-04-06T19:44:24Z
Ottawa Senators,OTT,19971998,2,31,2,1476,193,308,501,-47,1077,48,6,34,2,2401,0.08038317367763433,92,82,34,33,0,2.3017055249635967,0.905911330049261,2030,1839,191,8,2026-04-06T19:44:25Z
Philadelphia Flyers,PHI,19971998,2,29,3,1476,242,414,656,141,1720,71,7,42,3,2352,0.10289115646258504,86,82,42,29,0,2.3059200708275625,0.9082612872238233,2082,1891,191,6,2026-04-06T19:44:25Z
Phoenix Coyotes,PHX,19971998,2,35,3,1473,224,379,603,25,1558,57,10,35,0,2268,0.09876543209876543,90,82,35,35,0,2.687579026660569,0.8998646820027063,2217,1995,222,5,2026-04-06T19:44:25Z
Pittsburgh Penguins,PIT,19971998,2,27,3,1475,228,397,625,75,1193,67,11,40,3,2176,0.10477941176470588,95,82,40,24,0,2.109918214028825,0.919634703196347,2190,2014,176,7,2026-04-06T19:44:26Z
San Jose Sharks,SJS,19971998,2,34,3,1476,210,336,546,-6,1371,54,10,34,0,2169,0.09681881051175657,91,82,34,38,0,2.5447605198582206,0.8957298907646475,2014,1804,210,6,2026-04-06T19:44:26Z
St. Louis Blues,STL,19971998,2,28,3,1476,256,424,680,176,1396,62,12,45,2,2203,0.11620517476168861,89,82,45,29,0,2.4025481571363567,0.8996452103395844,1973,1775,198,5,2026-04-06T19:44:26Z
Tampa Bay Lightning,TBL,19971998,2,40,5,1474,151,247,398,-404,1789,33,11,17,0,2100,0.0719047619047619,97,82,17,55,0,3.085952863582731,0.8920863309352518,2363,2108,255,2,2026-04-06T19:44:27Z
Toronto Maple Leafs,TOR,19971998,2,31,3,1476,194,320,514,-178,1467,41,5,30,1,2272,0.08538732394366197,90,82,30,43,0,2.7761221170456727,0.9023037542662116,2344,2115,229,5,2026-04-06T19:44:27Z
Vancouver Canucks,VAN,19971998,2,36,5,1473,224,349,573,-134,2128,48,19,25,0,2092,0.10707456978967496,99,82,25,43,0,3.2328214475990067,0.8916734033953112,2474,2206,268,3,2026-04-06T19:44:28Z
Washington Capitals,WSH,19971998,2,37,2,1476,219,368,587,-16,1184,55,14,40,4,2225,0.09842696629213483,86,82,40,30,0,2.341463414634146,0.9150612959719789,2284,2090,194,5,2026-04-06T19:44:28Z
Anaheim Ducks,ANA,19961997,2,36,3,1476,245,416,661,78,1680,56,9,36,3,2331,0.10510510510510511,92,82,36,33,0,2.73898223281349,0.9153616703952274,2682,2455,227,6,2026-04-06T19:44:07Z
Boston Bruins,BOS,19961997,2,38,6,1473,234,392,626,-295,1365,46,15,26,3,2427,0.09641532756489493,97,82,26,47,0,3.5447598179899584,0.8791254125412541,2424,2131,293,3,2026-04-06T19:44:07Z
Buffalo Sabres,BUF,19961997,2,28,3,1476,237,391,628,214,1794,43,16,40,5,2090,0.11339712918660287,83,82,40,30,0,2.4313182679866396,0.925789860396767,2722,2520,202,5,2026-04-06T19:44:08Z
Calgary Flames,CGY,19961997,2,35,3,1476,214,344,558,-160,1410,61,11,32,3,2571,0.08323609490470633,93,82,32,41,0,2.819761187607573,0.9000429000429,2331,2098,233,6,2026-04-06T19:44:08Z
Chicago Blackhawks,CHI,19961997,2,31,4,1476,223,369,592,132,1717,45,5,34,1,2491,0.08952228020875151,83,82,34,35,0,2.449160153893588,0.9156976744186046,2408,2205,203,3,2026-04-06T19:44:08Z
Colorado Avalanche,COL,19961997,2,28,3,1476,277,462,739,138,1320,83,14,49,3,2619,0.1057655593738068,86,82,49,24,0,2.408326273750454,0.9194658033184946,2471,2272,199,8,2026-04-06T19:44:09Z
Dallas Stars,DAL,19961997,2,27,3,1476,252,429,681,283,1295,46,11,48,4,2439,0.1033210332103321,89,82,48,26,0,2.3560130352630044,0.9060240963855422,2075,1880,195,6,2026-04-06T19:44:09Z
Detroit Red Wings,DET,19961997,2,29,3,1476,253,432,685,164,1529,66,10,38,7,2726,0.09280997798972854,86,82,38,26,0,2.3092416195268513,0.9068083051665862,2071,1878,193,7,2026-04-06T19:44:09Z
Edmonton Oilers,EDM,19961997,2,32,2,1475,252,404,656,-48,1326,73,9,36,1,2521,0.09996033320111067,91,82,36,37,0,2.910188679245283,0.9054901960784314,2550,2309,241,7,2026-04-06T19:44:10Z
Florida Panthers,FLA,19961997,2,31,2,1476,221,378,599,99,1587,50,5,35,3,2387,0.09258483452031839,87,82,35,28,0,2.3156191562446122,0.91755206119847,2353,2159,194,2,2026-04-06T19:44:10Z
Hartford Whalers,HFD,19961997,2,36,3,1475,226,353,579,-204,1463,58,12,32,3,2435,0.09281314168377823,90,82,32,39,0,3.006207597347937,0.9033385093167702,2576,2327,249,4,2026-04-06T19:44:10Z
Los Angeles Kings,LAK,19961997,2,35,4,1475,214,340,554,-284,1628,46,5,28,0,2379,0.08995376208490963,90,82,28,43,0,3.129814809220265,0.9064981949458484,2770,2511,259,4,2026-04-06T19:44:11Z
Montréal Canadiens,MTL,19961997,2,33,4,1462,249,431,680,-62,1445,53,10,31,2,2474,0.10064672594987874,95,82,31,36,0,3.257287663640643,0.9023423423423423,2775,2504,271,1,2026-04-06T19:44:11Z
New Jersey Devils,NJD,19961997,2,32,3,1476,231,390,621,172,1121,40,4,45,1,2593,0.08908600077130736,96,82,45,23,0,2.11637383926782,0.9182915506035283,2154,1978,176,12,2026-04-06T19:44:11Z
New York Islanders,NYI,19961997,2,36,3,1475,240,371,611,-50,1616,48,14,29,3,2188,0.10968921389396709,93,82,29,41,0,2.923068147884701,0.9021431459765467,2473,2231,242,5,2026-04-06T19:44:12Z
New York Rangers,NYR,19961997,2,34,2,1469,258,432,690,138,1459,63,15,38,3,2528,0.10205696202531646,84,82,38,34,0,2.663939940263165,0.9146294140473419,2577,2357,220,5,2026-04-06T19:44:12Z
Ottawa Senators,OTT,19961997,2,28,3,1476,226,365,591,-88,1075,56,9,31,0,2397,0.09428452231956612,88,82,31,36,0,2.7729775348631596,0.8911500236630383,2113,1883,230,4,2026-04-06T19:44:12Z
Philadelphia Flyers,PHI,19961997,2,31,2,1476,274,454,728,251,1618,53,11,45,3,2644,0.10363086232980333,90,82,45,24,0,2.542806929450163,0.8995716325559258,2101,1890,211,7,2026-04-06T19:44:12Z
Phoenix Coyotes,PHX,19961997,2,34,4,1476,240,398,638,-121,1546,65,9,38,5,2467,0.09728415079043372,91,82,38,37,0,2.8419875100359784,0.9064490445859873,2512,2277,235,8,2026-04-06T19:44:13Z
Pittsburgh Penguins,PIT,19961997,2,38,4,1476,285,495,780,-53,1480,74,11,38,1,2414,0.11806130903065451,92,82,38,36,0,3.2588175513102238,0.9039628704034274,2801,2532,269,5,2026-04-06T19:44:13Z
San Jose Sharks,SJS,19961997,2,32,4,1475,211,330,541,-270,2071,50,9,27,3,2360,0.08940677966101696,90,82,27,47,0,3.2625614004352776,0.8874005860192549,2389,2120,269,1,2026-04-06T19:44:14Z
St. Louis Blues,STL,19961997,2,37,2,1476,236,384,620,-2,1306,50,9,36,1,2415,0.09772256728778468,88,82,36,35,0,2.8140285428646195,0.8959356855739169,2239,2006,233,3,2026-04-06T19:44:14Z
Tampa Bay Lightning,TBL,19961997,2,30,4,1476,217,350,567,-129,1652,47,13,32,4,2574,0.0843045843045843,97,82,32,40,0,2.8741647210369536,0.898981324278438,2356,2118,238,6,2026-04-06T19:44:14Z
Toronto Maple Leafs,TOR,19961997,2,42,3,1474,230,361,591,-176,1300,48,11,30,1,2401,0.09579341940857976,90,82,30,44,0,3.2140691328077624,0.9058614564831261,2815,2550,265,1,2026-04-06T19:44:14Z
Vancouver Canucks,VAN,19961997,2,31,3,1475,257,433,690,-24,1577,51,12,35,5,2301,0.11169056931768796,89,82,35,40,0,3.246757617159895,0.8915857605177994,2472,2204,268,3,2026-04-06T19:44:15Z
Washington Capitals,WSH,19961997,2,34,3,1473,214,341,555,-82,1611,51,8,33,2,2370,0.09029535864978903,87,82,33,40,0,2.692368590380644,0.8969359331476323,2154,1932,222,3,2026-04-06T19:44:15Z
Anaheim Ducks,ANA,19951996,2,40,2,1476,234,401,635,25,1677,60,10,35,6,2354,0.0994052676295667,89,82,35,39,0,2.9255810361097025,0.9081245254365984,2634,2392,242,4,2026-04-06T19:43:54Z
Boston Bruins,BOS,19951996,2,34,5,1472,282,455,737,39,1023,68,13,40,2,2838,0.09936575052854123,91,82,40,31,0,3.1997326873277085,0.8791458427987279,2201,1935,266,2,2026-04-06T19:43:55Z
Buffalo Sabres,BUF,19951996,2,35,5,1476,247,416,663,-105,2169,76,10,33,2,2333,0.10587226746678097,91,82,33,42,0,3.0723431992823134,0.912534435261708,2904,2650,254,2,2026-04-06T19:43:55Z
Calgary Flames,CGY,19951996,2,38,2,1476,241,379,620,39,1488,71,11,34,2,2466,0.09772911597729116,90,82,34,37,0,2.8544742270812193,0.8935498421290031,2217,1981,236,6,2026-04-06T19:43:55Z
Chicago Blackhawks,CHI,19951996,2,30,3,1476,273,472,745,257,1816,63,13,40,1,2240,0.121875,86,82,40,28,0,2.5861896138090494,0.9076857020180334,2329,2114,215,5,2026-04-06T19:43:56Z
Colorado Avalanche,COL,19951996,2,33,3,1476,326,541,867,325,1508,86,21,47,2,2644,0.12329803328290469,86,82,47,25,0,2.824807605251245,0.9010152284263959,2364,2130,234,2,2026-04-06T19:43:56Z
Dallas Stars,DAL,19951996,2,39,5,1476,227,377,604,-210,1604,67,8,26,1,2471,0.09186564144071226,94,82,26,42,0,3.2219138409557138,0.8937524870672503,2513,2246,267,2,2026-04-06T19:43:56Z
Detroit Red Wings,DET,19951996,2,27,3,1476,324,553,877,428,1527,97,17,62,3,2647,0.1224027200604458,86,82,62,13,0,2.169273340559756,0.9095959595959596,1980,1801,179,9,2026-04-06T19:43:57Z
Edmonton Oilers,EDM,19951996,2,34,4,1475,240,403,643,-293,1685,72,10,30,4,2458,0.09764035801464606,94,82,30,44,0,3.5796227555973594,0.8808853118712273,2485,2189,296,1,2026-04-06T19:43:57Z
Florida Panthers,FLA,19951996,2,30,2,1476,254,432,686,-1,1456,81,11,41,0,2364,0.10744500846023688,91,82,41,31,0,2.780230812881736,0.8992553657468244,2283,2053,230,2,2026-04-06T19:43:57Z
Hartford Whalers,HFD,19951996,2,29,3,1476,237,376,613,-43,1777,67,8,34,2,2493,0.0950661853188929,95,82,34,39,0,3.0626141166738963,0.9081669691470055,2755,2502,253,6,2026-04-06T19:43:58Z
Los Angeles Kings,LAK,19951996,2,44,3,1475,256,438,694,-241,1432,72,12,24,3,2573,0.09949475320637388,88,82,24,40,0,3.5607359920073267,0.8975862068965518,2900,2603,297,1,2026-04-06T19:43:58Z
Montréal Canadiens,MTL,19951996,2,35,5,1475,265,432,697,29,1801,77,15,40,2,2363,0.11214557765552265,88,82,40,32,0,2.924392765551781,0.9086792452830189,2650,2408,242,4,2026-04-06T19:43:58Z
New Jersey Devils,NJD,19951996,2,32,3,1476,215,346,561,14,1445,55,11,37,7,2636,0.0815629742033384,91,82,37,33,0,2.3399571811959112,0.9103926096997691,2165,1971,194,6,2026-04-06T19:43:58Z
New York Islanders,NYI,19951996,2,45,4,1465,229,372,601,-336,1646,70,8,22,2,2310,0.09913419913419913,98,82,22,50,0,3.720364009725655,0.8821060663868753,2621,2312,309,3,2026-04-06T19:43:59Z
New York Rangers,NYR,19951996,2,34,3,1476,272,467,739,179,1821,85,6,41,2,2671,0.10183451890677649,86,82,41,27,0,2.779003087781209,0.9063640048642075,2467,2236,231,5,2026-04-06T19:43:59Z
Ottawa Senators,OTT,19951996,2,34,3,1476,191,305,496,-364,1514,53,6,18,0,2204,0.0866606170598911,89,82,18,59,0,3.405520456772188,0.8876855194544725,2493,2213,280,3,2026-04-06T19:44:00Z
Philadelphia Flyers,PHI,19951996,2,35,3,1473,282,481,763,254,1719,82,12,45,4,2529,0.11150652431791222,88,82,45,24,0,2.4379096959284774,0.9041548630783758,2118,1915,203,5,2026-04-06T19:44:00Z
Pittsburgh Penguins,PIT,19951996,2,34,2,1462,362,638,1000,213,1585,109,18,49,3,2645,0.13686200378071833,86,82,49,29,0,3.345996295745515,0.9028611797951254,2831,2556,275,5,2026-04-06T19:44:00Z
San Jose Sharks,SJS,19951996,2,32,4,1472,252,398,650,-384,1450,62,15,20,1,2143,0.11759216052263183,96,82,20,55,0,4.20621815197901,0.8720887245841035,2705,2359,346,0,2026-04-06T19:44:01Z
St. Louis Blues,STL,19951996,2,42,4,1472,219,343,562,-110,1787,74,11,32,1,2548,0.08594976452119309,100,82,32,34,0,2.9651366357103557,0.898894801473598,2443,2196,247,3,2026-04-06T19:44:01Z
Tampa Bay Lightning,TBL,19951996,2,31,4,1476,238,385,623,-134,1608,83,6,38,3,2546,0.09347996857816182,92,82,38,32,0,2.916804772953265,0.9001650165016502,2424,2182,242,5,2026-04-06T19:44:01Z
Toronto Maple Leafs,TOR,19951996,2,37,3,1474,247,394,641,-96,1706,83,11,34,4,2675,0.09233644859813084,88,82,34,36,0,2.9825914869352297,0.9052187260168841,2606,2359,247,2,2026-04-06T19:44:02Z
Vancouver Canucks,VAN,19951996,2,33,2,1476,278,461,739,29,1520,69,18,32,1,2472,0.11245954692556634,86,82,32,35,0,3.2514342103062437,0.8904665314401623,2465,2195,270,3,2026-04-06T19:44:02Z
Washington Capitals,WSH,19951996,2,31,2,1476,234,404,638,156,1531,63,12,39,4,2470,0.09473684210526316,89,82,39,32,0,2.4042527485804035,0.9023073146784487,2037,1838,199,9,2026-04-06T19:44:02Z
Winnipeg Jets (1979),WIN,19951996,2,36,5,1476,275,445,720,-67,1590,82,10,36,2,2410,0.11410788381742738,92,82,36,40,0,3.429961483884046,0.8976034858387799,2754,2472,282,2,2026-04-06T19:44:03Z
Anaheim Ducks,ANA,19941995,2,32,2,864,125,211,336,-79,714,23,4,16,2,1346,0.09286775631500743,57,48,16,27,0,3.267388157441235,0.9,1580,1422,158,2,2026-04-06T19:43:42Z
Boston Bruins,BOS,19941995,2,28,3,863,150,246,396,-1,779,46,3,27,2,1651,0.09085402786190187,54,48,27,18,0,2.5828373329047736,0.8927958833619211,1166,1041,125,4,2026-04-06T19:43:42Z
Buffalo Sabres,BUF,19941995,2,34,3,864,130,212,342,-21,1016,45,13,22,1,1276,0.10188087774294671,50,48,22,19,0,2.409914291272357,0.9196428571428571,1456,1339,117,5,2026-04-06T19:43:43Z
Calgary Flames,CGY,19941995,2,37,4,863,163,271,434,116,1229,39,7,24,1,1451,0.11233631977946244,55,48,24,17,0,2.638495233187323,0.9086366880799429,1401,1273,128,3,2026-04-06T19:43:43Z
Chicago Blackhawks,CHI,19941995,2,30,3,863,156,255,411,111,1104,52,7,24,2,1443,0.10810810810810811,51,48,24,19,0,2.2996311152290136,0.906801007556675,1191,1080,111,5,2026-04-06T19:43:43Z
Dallas Stars,DAL,19941995,2,32,4,864,136,221,357,-23,1089,39,4,17,0,1520,0.08947368421052632,53,48,17,23,0,2.7422366295918716,0.9040404040404041,1386,1253,133,4,2026-04-06T19:43:44Z
Detroit Red Wings,DET,19941995,2,30,2,864,180,311,491,191,912,52,5,33,0,1571,0.11457670273711013,49,48,33,11,0,2.425806154360058,0.9029850746268657,1206,1089,117,2,2026-04-06T19:43:44Z
Edmonton Oilers,EDM,19941995,2,35,3,864,136,229,365,-193,1169,42,8,17,1,1427,0.09530483531885074,56,48,17,27,0,3.721208014379483,0.8772169167803547,1466,1286,180,2,2026-04-06T19:43:44Z
Florida Panthers,FLA,19941995,2,30,2,864,115,182,297,-49,756,29,1,20,0,1191,0.09655751469353484,52,48,20,22,0,2.5186952332889847,0.9103600293901543,1361,1239,122,6,2026-04-06T19:43:45Z
Hartford Whalers,HFD,19941995,2,28,2,864,127,216,343,-45,905,30,3,19,4,1428,0.08893557422969188,53,48,19,24,0,2.7772980068396147,0.9086571233810498,1467,1333,134,0,2026-04-06T19:43:45Z
Los Angeles Kings,LAK,19941995,2,35,5,861,142,249,391,-140,958,35,5,16,0,1443,0.0984060984060984,56,48,16,23,0,3.4412491986445644,0.8994581577363034,1661,1494,167,0,2026-04-06T19:43:45Z
Montréal Canadiens,MTL,19941995,2,37,2,864,125,207,332,-72,810,28,1,18,1,1376,0.09084302325581395,50,48,18,23,0,2.98779126672047,0.9051667756703728,1529,1384,145,1,2026-04-06T19:43:46Z
New Jersey Devils,NJD,19941995,2,31,2,864,136,225,361,102,771,22,3,22,1,1444,0.09418282548476455,55,48,22,18,0,2.467091173867108,0.9013968775677896,1217,1097,120,3,2026-04-06T19:43:46Z
New York Islanders,NYI,19941995,2,36,3,863,126,198,324,-77,893,28,4,15,1,1357,0.09285187914517318,53,48,15,28,0,3.214211654109352,0.8927335640138409,1445,1290,155,1,2026-04-06T19:43:46Z
New York Rangers,NYR,19941995,2,29,2,864,139,222,361,-11,773,40,5,22,0,1529,0.09090909090909091,52,48,22,23,0,2.7484412775162235,0.8953211736716892,1261,1129,132,3,2026-04-06T19:43:47Z
Ottawa Senators,OTT,19941995,2,32,4,863,117,179,296,-242,729,31,1,9,1,1247,0.09382518043303929,53,48,9,34,0,3.4870245556176958,0.8919614147909968,1555,1387,168,1,2026-04-06T19:43:47Z
Philadelphia Flyers,PHI,19941995,2,31,2,864,150,248,398,72,716,40,2,28,3,1314,0.1141552511415525,50,48,28,16,0,2.6909697265905757,0.898989898989899,1287,1157,130,2,2026-04-06T19:43:47Z
Pittsburgh Penguins,PIT,19941995,2,29,4,863,181,316,497,122,1010,42,8,29,1,1400,0.12928571428571428,51,48,29,16,0,3.2386422615134425,0.9010152284263959,1576,1420,156,0,2026-04-06T19:43:48Z
Quebec Nordiques,QUE,19941995,2,28,3,864,185,306,491,212,764,45,9,30,1,1448,0.1277624309392265,52,48,30,13,0,2.7559848271177856,0.9085281980742779,1454,1321,133,3,2026-04-06T19:43:48Z
San Jose Sharks,SJS,19941995,2,30,2,864,129,219,348,-92,818,24,6,19,1,1152,0.11197916666666667,56,48,19,25,0,3.2126571783888354,0.8974189278623428,1511,1356,155,5,2026-04-06T19:43:48Z
St. Louis Blues,STL,19941995,2,33,3,864,178,288,466,257,1059,36,7,28,1,1411,0.1261516654854713,59,48,28,15,0,2.787576357222748,0.9004424778761062,1356,1221,135,1,2026-04-06T19:43:49Z
Tampa Bay Lightning,TBL,19941995,2,29,2,863,120,186,306,-97,1026,25,6,17,2,1280,0.09375,53,48,17,28,0,2.87998342455583,0.8946969696969697,1320,1181,139,2,2026-04-06T19:43:49Z
Toronto Maple Leafs,TOR,19941995,2,33,2,864,135,219,354,-111,724,37,5,21,0,1520,0.08881578947368421,49,48,21,19,0,2.8511905786746095,0.9094488188976378,1524,1386,138,0,2026-04-06T19:43:49Z
Vancouver Canucks,VAN,19941995,2,34,2,863,153,253,406,-16,1076,47,7,18,0,1579,0.09689677010766308,51,48,18,18,0,2.98819730289041,0.8971106412966878,1419,1273,146,1,2026-04-06T19:43:49Z
Washington Capitals,WSH,19941995,2,27,4,861,136,235,371,9,1122,45,13,22,0,1386,0.09812409812409813,54,48,22,18,0,2.351862464183381,0.9038785834738617,1186,1072,114,4,2026-04-06T19:43:50Z
Winnipeg Jets (1979),WIN,19941995,2,31,2,862,157,267,424,-117,1119,42,7,16,0,1428,0.10994397759103641,56,48,16,25,0,3.5670103092783507,0.8877352368591823,1541,1368,173,0,2026-04-06T19:43:50Z
Anaheim Ducks,ANA,19931994,2,31,3,1512,229,359,588,-67,1479,54,9,33,2,2402,0.09533721898417985,90,84,33,46,0,2.8618173661780424,0.90752110514198,2606,2365,241,3,2026-04-06T19:43:26Z
Boston Bruins,BOS,19931994,2,33,3,1511,289,483,772,27,1407,84,17,42,2,2980,0.09697986577181208,93,84,42,29,0,2.9343392683062017,0.881572714353387,2111,1861,250,5,2026-04-06T19:43:26Z
Buffalo Sabres,BUF,19931994,2,31,2,1512,282,440,722,103,1722,96,21,43,0,2369,0.1190375685943436,90,84,43,32,0,2.5376549969508795,0.9125660837738918,2459,2244,215,9,2026-04-06T19:43:26Z
Calgary Flames,CGY,19931994,2,37,5,1510,302,491,793,213,1809,87,16,42,3,2640,0.1143939393939394,92,84,42,29,0,2.94814321790028,0.891153512575889,2306,2055,251,5,2026-04-06T19:43:27Z
Chicago Blackhawks,CHI,19931994,2,35,3,1511,254,428,682,83,2038,67,15,39,2,2545,0.09980353634577603,93,84,39,36,0,2.831830562138032,0.9023596419853539,2458,2218,240,7,2026-04-06T19:43:27Z
Dallas Stars,DAL,19931994,2,36,2,1512,286,484,770,34,1845,81,8,42,6,2558,0.11180609851446442,91,84,42,29,0,3.0227979105983436,0.9000774593338497,2582,2324,258,5,2026-04-06T19:43:27Z
Detroit Red Wings,DET,19931994,2,31,5,1511,356,589,945,324,1755,85,22,46,5,2990,0.11906354515050167,95,84,46,30,0,3.170388674930007,0.8832752613240418,2296,2028,268,4,2026-04-06T19:43:28Z
Edmonton Oilers,EDM,19931994,2,40,3,1511,261,436,697,-212,1844,74,2,25,1,2549,0.10239309533150255,91,84,25,45,0,3.4878486380688307,0.8969823100936525,2883,2586,297,1,2026-04-06T19:43:28Z
Florida Panthers,FLA,19931994,2,35,3,1512,233,377,610,7,1572,65,8,33,2,2291,0.1017023134002619,87,84,33,34,0,2.646972703907343,0.9193145305248126,2801,2575,226,2,2026-04-06T19:43:28Z
Hartford Whalers,HFD,19931994,2,40,5,1510,227,387,614,-193,1769,61,8,27,4,2319,0.09788702026735661,93,84,27,48,0,3.2359125936180613,0.8935508935508936,2574,2300,274,3,2026-04-06T19:43:28Z
Los Angeles Kings,LAK,19931994,2,38,4,1510,294,490,784,-177,1979,92,19,27,3,2769,0.10617551462621885,91,84,27,45,0,3.6424480761233666,0.8981206726013847,3033,2724,309,2,2026-04-06T19:43:29Z
Montréal Canadiens,MTL,19931994,2,32,5,1512,283,471,754,114,1480,78,8,41,3,2621,0.1079740557039298,94,84,41,29,0,2.8549143493060156,0.903876582278481,2528,2285,243,7,2026-04-06T19:43:29Z
New Jersey Devils,NJD,19931994,2,25,3,1512,306,508,814,472,1712,61,10,47,1,2657,0.11516748212269477,94,84,47,25,0,2.555429797646074,0.9108463434675431,2434,2217,217,5,2026-04-06T19:43:29Z
New York Islanders,NYI,19931994,2,35,3,1505,282,461,743,106,1721,74,15,36,5,2511,0.11230585424133811,94,84,36,36,0,3.073631733383056,0.8979671618451915,2558,2297,261,5,2026-04-06T19:43:30Z
New York Rangers,NYR,19931994,2,34,2,1511,299,493,792,171,1664,96,20,52,3,2871,0.10414489724834552,97,84,52,24,0,2.693593854090436,0.9019354838709678,2325,2097,228,7,2026-04-06T19:43:30Z
Ottawa Senators,OTT,19931994,2,42,4,1511,201,343,544,-755,1680,63,9,14,4,2148,0.0935754189944134,101,84,14,61,0,4.577780982282729,0.8597759306107697,2767,2379,388,0,2026-04-06T19:43:30Z
Philadelphia Flyers,PHI,19931994,2,34,3,1507,294,520,814,-108,1661,80,9,35,3,2409,0.12204234122042341,98,84,35,39,0,3.582417870189727,0.8854127402940067,2653,2349,304,3,2026-04-06T19:43:31Z
Pittsburgh Penguins,PIT,19931994,2,33,4,1502,299,516,815,43,1554,76,6,44,4,2731,0.10948370560234347,90,84,44,27,0,3.324012959343811,0.894166043380703,2674,2391,283,3,2026-04-06T19:43:31Z
Quebec Nordiques,QUE,19931994,2,37,4,1510,277,452,729,7,1593,67,10,34,0,2405,0.11517671517671518,98,84,34,42,0,3.3342232505710303,0.8902772354549005,2561,2280,281,2,2026-04-06T19:43:31Z
San Jose Sharks,SJS,19931994,2,34,2,1512,252,422,674,-31,1295,68,6,33,2,2101,0.1199428843407901,89,84,33,35,0,3.0419491442478974,0.8913134704154427,2383,2124,259,3,2026-04-06T19:43:32Z
St. Louis Blues,STL,19931994,2,36,2,1509,270,443,713,-142,1633,86,17,40,4,2570,0.10505836575875487,94,84,40,33,0,3.3198494426040805,0.9042444821731749,2945,2663,282,1,2026-04-06T19:43:32Z
Tampa Bay Lightning,TBL,19931994,2,32,4,1511,224,355,579,-142,1567,57,7,30,3,2503,0.08949260886935677,90,84,30,43,0,2.8940609007666516,0.8926233085988651,2291,2045,246,5,2026-04-06T19:43:32Z
Toronto Maple Leafs,TOR,19931994,2,37,2,1510,280,457,737,105,1863,88,8,43,4,2530,0.11067193675889328,88,84,43,29,0,2.8254684587461982,0.9059192473539789,2551,2311,240,3,2026-04-06T19:43:33Z
Vancouver Canucks,VAN,19931994,2,32,2,1508,279,451,730,1,1899,83,14,41,5,2625,0.10628571428571429,84,84,41,40,0,3.1962716764913623,0.8819139596136962,2278,2009,269,3,2026-04-06T19:43:33Z
Washington Capitals,WSH,19931994,2,32,4,1511,277,469,746,75,1961,70,8,39,2,2606,0.10629316960859554,97,84,39,35,0,3.0609832965647654,0.8805350553505535,2168,1909,259,4,2026-04-06T19:43:33Z
Winnipeg Jets (1979),WIN,19931994,2,38,4,1512,245,422,667,-444,2127,82,13,24,1,2470,0.09919028340080972,100,84,24,51,0,3.991955723673203,0.8789398280802292,2792,2454,338,2,2026-04-06T19:43:33Z
