Rk,Name,Team,Age,Pos,GP,G,A,P,PIM,+/-,PPG,SHG,GWG,G/GP,A/GP,P/GP,SOG,SH%
2,A.J. Greer,COL,22,F,54,19,25,44,63,6.0,4,1,0,0.352,0.463,0.815,157.0,12.1%
20,Aaron Luchuk,BEL,21,F,27,4,5,9,0,1.0,0,0,0,0.148,0.185,0.333,37.0,10.8%
3,Aaron Ness,HER,28,D,71,5,50,55,40,24.0,3,0,2,0.07,0.704,0.775,110.0,4.6%
38,Aaron Thow,UTC,23,D,6,0,1,1,4,0.0,0,0,0,0.0,0.167,0.167,8.0,0.0%
5,Adam Brooks,TOR,22,F,61,21,19,40,28,-6.0,8,2,5,0.344,0.311,0.656,147.0,14.3%
3,Adam Clendening,CLE,26,D,45,4,33,37,98,18.0,1,0,1,0.089,0.733,0.822,114.0,3.5%
8,Adam Cracknell,SD,33,F,32,15,13,28,18,11.0,1,2,3,0.469,0.406,0.875,67.0,22.4%
19,Adam Cracknell,TOR,33,F,14,3,7,10,10,0.0,0,0,1,0.214,0.5,0.714,22.0,13.6%
19,Adam Gaudette,UTC,22,F,14,5,6,11,12,1.0,1,0,0,0.357,0.429,0.786,39.0,12.8%
39,Adam Gilmour,SPR,24,F,1,0,0,0,0,2.0,0,0,0,0.0,0.0,0.0,0.0,0.00%
14,Adam Helewka,MIL,23,F,24,8,11,19,2,2.0,2,0,1,0.333,0.458,0.792,31.0,25.8%
8,Adam Helewka,TUC,23,F,41,13,18,31,20,-9.0,5,0,3,0.317,0.439,0.756,69.0,18.8%
44,Adam Huska,HFD,21,G,9,0,0,0,0,,0,0,0,0.0,0.0,0.0,,
4,Adam Johnson,WBS,24,F,67,18,25,43,27,-5.0,5,0,4,0.269,0.373,0.642,179.0,10.1%
6,Adam Mascherin,TEX,20,F,75,18,26,44,30,10.0,4,0,4,0.24,0.347,0.587,122.0,14.8%
17,Adam Musil,SA,21,F,65,6,8,14,20,-8.0,0,0,1,0.092,0.123,0.215,78.0,7.7%
13,Adam Ollas Mattsson,STK,22,D,65,6,12,18,28,22.0,0,0,0,0.092,0.185,0.277,69.0,8.7%
40,Adam Plant,LAV,23,D,14,0,1,1,10,-7.0,0,0,0,0.0,0.071,0.071,12.0,0.0%
30,Adam Plant,MIL,23,D,13,0,3,3,2,6.0,0,0,0,0.0,0.231,0.231,12.0,0.0%
27,Adam Rockwood,SPR,23,F,7,1,6,7,2,3.0,0,0,1,0.143,0.857,1.0,6.0,16.7%
6,Adam Tambellini,BEL,24,F,72,13,19,32,18,-8.0,5,0,0,0.181,0.264,0.444,140.0,9.3%
44,Adam Wilcox,ROC,26,G,28,0,0,0,0,,0,0,0,0.0,0.0,0.0,,
27,Adin Hill,TUC,22,G,36,0,3,3,6,,0,0,0,0.0,0.083,0.083,,
30,Aidan Dudas,ONT,18,F,6,0,2,2,4,3.0,0,0,0,0.0,0.333,0.333,2.0,0.0%
34,Al Montoya,BAK,33,G,11,0,0,0,0,,0,0,0,0.0,0.0,0.0,,
1,Alan Quine,STK,25,F,41,19,33,52,18,2.0,6,0,2,0.463,0.805,1.268,100.0,19.0%
2,Aleksi Saarela,CLT,21,F,69,30,24,54,12,18.0,7,0,9,0.435,0.348,0.783,197.0,15.2%
2,Alex Barre-Boulet,SYR,21,F,74,34,34,68,18,16.0,17,0,6,0.459,0.459,0.919,223.0,15.3%
51,Alex Basso,TOR,25,D,2,0,0,0,0,3.0,0,0,0,0.0,0.0,0.0,0.0,0.00%
1,Alex Belzile,LAV,27,F,74,19,35,54,80,-11.0,8,1,3,0.257,0.473,0.73,179.0,10.6%
36,Alex Biega,UTC,30,D,3,0,2,2,0,-5.0,0,0,0,0.0,0.667,0.667,11.0,0.0%
43,Alex Breton,BEL,21,D,1,0,0,0,0,-2.0,0,0,0,0.0,0.0,0.0,0.0,0.00%
29,Alex Breton,SPR,21,D,10,3,1,4,4,5.0,2,0,0,0.3,0.1,0.4,14.0,21.4%
7,Alex Broadhurst,CLE,25,F,51,8,22,30,12,-6.0,3,0,1,0.157,0.431,0.588,85.0,9.4%
50,Alex D'Orio,WBS,19,G,1,0,0,0,0,,0,0,0,0.0,0.0,0.0,,
32,Alex Dostie,SD,21,F,37,2,2,4,6,-3.0,1,0,0,0.054,0.054,0.108,23.0,8.7%
25,Alex Gallant,CHI,26,F,47,1,1,2,102,-3.0,0,0,1,0.021,0.021,0.043,24.0,4.2%
32,Alex Kile,HFD,24,F,2,1,0,1,0,-2.0,0,0,0,0.5,0.0,0.5,3.0,33.3%
20,Alex Kile,LAV,24,F,33,5,2,7,13,-12.0,0,0,0,0.152,0.061,0.212,23.0,21.7%
48,Alex Kile,UTC,24,F,4,0,0,0,0,-3.0,0,0,0,0.0,0.0,0.0,0.0,0.00%
30,Alex Krushelnyski,BNG,28,F,12,2,0,2,4,-2.0,0,0,0,0.167,0.0,0.167,18.0,11.1%
33,Alex Krushelnyski,LV,28,F,20,0,2,2,4,-6.0,0,0,0,0.0,0.1,0.1,17.0,0.0%
10,Alex Lintuniemi,ONT,23,D,67,2,23,25,22,-30.0,0,0,1,0.03,0.343,0.373,94.0,2.1%
36,Alex Lyon,LV,26,G,39,0,1,1,0,,0,0,0,0.0,0.026,0.026,,
43,Alex Overhardt,MIL,21,F,3,0,0,0,0,-1.0,0,0,0,0.0,0.0,0.0,0.0,0.00%
42,Alex Sakellaropoulos,SPR,24,G,2,0,0,0,0,,0,0,0,0.0,0.0,0.0,,
46,Alexandar Georgiev,HFD,22,G,11,0,0,0,4,,0,0,0,0.0,0.0,0.0,,
30,Alexander Nedeljkovic,CLT,22,G,51,0,2,2,6,,0,0,0,0.0,0.039,0.039,,
8,Alexander Nylander,ROC,20,F,49,12,19,31,12,11.0,5,0,1,0.245,0.388,0.633,89.0,13.5%
1,Alexander True,SJ,21,F,68,24,31,55,45,16.0,4,1,6,0.353,0.456,0.809,142.0,16.9%
5,Alexander Volkov,SYR,21,F,74,23,25,48,61,26.0,5,1,7,0.311,0.338,0.649,112.0,20.5%
6,Alexandre Alain,LAV,21,F,72,8,20,28,38,-6.0,2,0,1,0.111,0.278,0.389,109.0,7.3%
2,Alexandre Carrier,MIL,22,D,76,5,32,37,47,-1.0,1,0,0,0.066,0.421,0.487,106.0,4.7%
16,Alexandre Fortin,RFD,21,F,47,6,6,12,8,2.0,0,0,0,0.128,0.128,0.255,72.0,8.3%
8,Alexandre Grenier,LAV,27,F,68,11,16,27,54,-16.0,2,0,1,0.162,0.235,0.397,112.0,9.8%
23,Alexandre Texier,CLE,19,F,7,5,2,7,4,6.0,1,0,2,0.714,0.286,1.0,20.0,25.0%
16,Alexis D'Aoust,MTB,22,F,42,7,5,12,20,-8.0,1,1,1,0.167,0.119,0.286,57.0,12.3%
24,Anders Bjork,PRO,22,F,13,1,9,10,2,-3.0,1,0,0,0.077,0.692,0.769,33.0,3.0%
14,Andreas Borgman,TOR,23,D,45,4,13,17,43,0.0,0,0,0,0.089,0.289,0.378,101.0,4.0%
16,Andreas Englund,BEL,22,D,68,3,11,14,77,7.0,0,0,0,0.044,0.162,0.206,33.0,9.1%
18,Andreas Martinsen,RFD,28,F,38,3,8,11,32,-3.0,0,0,1,0.079,0.211,0.289,64.0,4.7%
27,Andrej Sekera,BAK,32,D,5,0,2,2,2,6.0,0,0,0,0.0,0.4,0.4,7.0,0.0%
33,Andrej Sustr,SD,28,D,39,0,3,3,20,-8.0,0,0,0,0.0,0.077,0.077,54.0,0.0%
1,Andrew Agozzino,COL,27,F,56,26,34,60,67,12.0,8,4,5,0.464,0.607,1.071,168.0,15.5%
20,Andrew Campbell,RFD,30,D,64,3,5,8,50,-1.0,0,0,0,0.047,0.078,0.125,44.0,6.8%
31,Andrew Hammond,IA,30,G,33,0,1,1,0,,0,0,0,0.0,0.03,0.03,,
26,Andrew Ladd,BRI,33,F,2,1,4,5,2,5.0,0,0,0,0.5,2.0,2.5,3.0,33.3%
21,Andrew MacWilliam,ROC,28,D,66,3,7,10,90,-1.0,0,0,0,0.045,0.106,0.152,84.0,3.6%
14,Andrew Mangiapane,STK,22,F,15,9,8,17,20,-5.0,2,0,1,0.6,0.533,1.133,39.0,23.1%
27,Andrew Nielsen,STK,22,D,29,0,4,4,56,-7.0,0,0,0,0.0,0.138,0.138,26.0,0.0%
29,Andrew Nielsen,TOR,22,D,8,0,3,3,12,0.0,0,0,0,0.0,0.375,0.375,11.0,0.0%
34,Andrew O'Brien,STK,26,D,9,1,0,1,20,-5.0,0,0,0,0.111,0.0,0.111,14.0,7.1%
20,Andrew Oglevie,ROC,23,F,28,5,5,10,2,4.0,0,0,1,0.179,0.179,0.357,44.0,11.4%
1,Andrew Poturalski,CLT,24,F,72,23,47,70,34,16.0,2,0,6,0.319,0.653,0.972,158.0,14.6%
35,Andrew Shortridge,SJ,23,G,1,0,0,0,0,,0,0,0,0.0,0.0,0.0,,
27,Andrew Sturtz,BEL,24,F,15,2,4,6,12,0.0,0,0,0,0.133,0.267,0.4,18.0,11.1%
11,Andrew Welinski,SD,25,D,27,8,11,19,16,-1.0,7,0,0,0.296,0.407,0.704,81.0,9.9%
4,Andy Andreoff,SYR,27,F,75,26,29,55,150,12.0,9,1,6,0.347,0.387,0.733,156.0,16.7%
49,Angus Redmond,SD,23,G,2,0,0,0,0,,0,0,0,0.0,0.0,0.0,,
8,Anthony Angello,WBS,22,F,65,16,13,29,53,17.0,3,1,0,0.246,0.2,0.446,128.0,12.5%
1,Anthony Greco,SPR,25,F,75,30,29,59,25,-9.0,8,4,4,0.4,0.387,0.787,267.0,11.2%
3,Anthony Louis,RFD,23,F,74,12,22,34,28,3.0,4,0,0,0.162,0.297,0.459,155.0,7.7%
21,Anthony Peluso,STK,29,F,35,3,5,8,56,-6.0,0,1,0,0.086,0.143,0.229,29.0,10.3%
47,Anthony Peters,WBS,28,G,19,0,1,1,0,,0,0,0,0.0,0.053,0.053,,
1,Anthony Richard,MIL,22,F,73,24,23,47,24,-6.0,6,1,2,0.329,0.315,0.644,153.0,15.7%
44,Anthony Stolarz,LV,24,G,5,0,0,0,0,,0,0,0,0.0,0.0,0.0,,
29,Antoine Bibeau,SJ,24,G,35,0,2,2,0,,0,0,0,0.0,0.057,0.057,,
23,Antoine Waked,LAV,22,F,27,2,3,5,28,0.0,0,1,1,0.074,0.111,0.185,20.0,10.0%
12,Anton Blidh,PRO,23,F,74,10,13,23,94,16.0,0,0,1,0.135,0.176,0.311,126.0,7.9%
39,Anton Forsberg,RFD,26,G,32,0,1,1,4,,0,0,0,0.0,0.031,0.031,,
21,Anton Lindholm,COL,24,D,57,1,7,8,16,-11.0,0,0,0,0.018,0.123,0.14,70.0,1.4%
15,Antti Suomela,SJ,24,F,47,6,14,20,14,-4.0,0,0,0,0.128,0.298,0.426,89.0,6.7%
32,Arvin Atwal,ROC,23,D,3,0,2,2,5,-2.0,0,0,0,0.0,0.667,0.667,2.0,0.0%
24,Ashton Sautner,UTC,24,D,31,3,5,8,22,4.0,1,0,0,0.097,0.161,0.258,31.0,9.7%
37,Atte Tolvanen,SYR,24,G,6,0,0,0,0,,0,0,0,0.0,0.0,0.0,,
33,Austin Carroll,MTB,24,F,7,1,0,1,21,0.0,0,0,0,0.143,0.0,0.143,6.0,16.7%
37,Austin Fyten,BEL,27,F,6,1,0,1,0,-1.0,0,0,0,0.167,0.0,0.167,3.0,33.3%
25,Austin Fyten,PRO,27,F,45,3,6,9,55,-11.0,0,1,0,0.067,0.133,0.2,41.0,7.3%
6,Austin Poganski,SA,22,F,59,9,22,31,12,-10.0,5,1,1,0.153,0.373,0.525,85.0,10.6%
13,Austin Strand,ONT,21,D,43,7,11,18,30,-4.0,1,0,0,0.163,0.256,0.419,98.0,7.1%
26,Austin Wagner,ONT,21,F,9,3,0,3,16,3.0,0,0,0,0.333,0.0,0.333,14.0,21.4%
27,Austin Watson,MIL,26,F,2,4,0,4,0,3.0,0,0,2,2.0,0.0,2.0,10.0,40.0%
8,Axel Holmstrm,GR,22,F,65,12,13,25,6,3.0,4,0,3,0.185,0.2,0.385,60.0,20.0%
25,Axel Jonsson Fjllby,HER,20,F,16,2,1,3,0,-5.0,0,0,1,0.125,0.063,0.188,16.0,12.5%
12,Beck Malenstyn,HER,20,F,74,7,9,16,66,0.0,0,1,1,0.095,0.122,0.216,92.0,7.6%
33,Ben Duffy,SA,26,F,3,0,1,1,0,0.0,0,0,0,0.0,0.333,0.333,2.0,0.0%
23,Ben Holmstrom,BRI,31,F,40,3,5,8,25,-6.0,0,0,0,0.075,0.125,0.2,53.0,5.7%
23,Ben Sexton,BEL,27,F,17,0,9,9,16,1.0,0,0,0,0.0,0.529,0.529,29.0,0.0%
19,Ben Sexton,WBS,27,F,26,7,3,10,31,-9.0,0,0,1,0.269,0.115,0.385,37.0,18.9%
9,Ben Street,SD,31,F,32,9,17,26,6,7.0,1,0,3,0.281,0.531,0.813,89.0,10.1%
15,Ben Thomas,SYR,22,D,67,2,14,16,24,18.0,0,1,0,0.03,0.209,0.239,68.0,2.9%
19,Ben Thomson,SD,25,F,53,4,9,13,91,-4.0,0,0,1,0.075,0.17,0.245,55.0,7.3%
7,Benjamin Gleason,TEX,20,D,72,5,32,37,34,-8.0,2,0,0,0.069,0.444,0.514,139.0,3.6%
10,Blaine Byron,SPR,23,F,44,13,12,25,8,2.0,3,0,0,0.295,0.273,0.568,60.0,21.7%
27,Blake Hillman,RFD,22,D,54,1,3,4,20,-14.0,0,0,0,0.019,0.056,0.074,59.0,1.7%
1,Blake Pietila,BNG,25,F,50,20,26,46,42,-24.0,7,2,2,0.4,0.52,0.92,135.0,14.8%
31,Blake Siebenaler,CLE,22,D,17,1,1,2,6,-11.0,0,0,0,0.059,0.059,0.118,22.0,4.6%
48,Blake Siebenaler,WBS,22,D,1,0,0,0,0,2.0,0,0,0,0.0,0.0,0.0,2.0,0.0%
22,Blake Speers,BNG,21,F,43,3,5,8,24,-11.0,1,0,0,0.07,0.116,0.186,45.0,6.7%
35,Bob Carpenter,BRI,22,F,2,1,0,1,2,1.0,0,0,0,0.5,0.0,0.5,3.0,33.3%
41,Bob Nardella,HER,22,D,2,0,0,0,2,1.0,0,0,0,0.0,0.0,0.0,3.0,0.0%
12,Bobby Butler,HFD,31,F,69,8,12,20,20,-26.0,2,1,2,0.116,0.174,0.29,95.0,8.4%
19,Bobby Farnham,SPR,29,F,67,4,13,17,112,-9.0,0,0,1,0.06,0.194,0.254,89.0,4.5%
10,Bobby MacIntyre,SA,22,F,58,8,13,21,29,-16.0,0,0,1,0.138,0.224,0.362,71.0,11.3%
26,Bobby Sanguinetti,CLT,30,D,28,1,3,4,10,-2.0,0,0,1,0.036,0.107,0.143,25.0,4.0%
22,Bokondji Imama,ONT,22,F,34,3,3,6,71,-3.0,0,0,1,0.088,0.088,0.176,20.0,15.0%
12,Boris Katchouk,SYR,20,F,75,11,12,23,58,7.0,0,3,2,0.147,0.16,0.307,78.0,14.1%
28,Boston Leier,BEL,25,F,34,1,5,6,10,-2.0,0,0,1,0.029,0.147,0.176,23.0,4.4%
13,Brad Malone,BAK,29,F,43,8,17,25,45,10.0,1,2,0,0.186,0.395,0.581,101.0,7.9%
17,Brad McClure,TEX,25,F,30,9,2,11,2,2.0,1,0,3,0.3,0.067,0.367,59.0,15.3%
11,Brad Morrison,ONT,21,F,50,10,10,20,13,0.0,2,0,0,0.2,0.2,0.4,47.0,21.3%
37,Brad Thiessen,CLE,32,G,26,0,0,0,0,,0,0,0,0.0,0.0,0.0,,
20,Braden Christoffer,BAK,24,F,47,7,3,10,58,-3.0,0,0,0,0.149,0.064,0.213,58.0,12.1%
46,Brady Austin,STK,25,D,2,0,0,0,0,-4.0,0,0,0,0.0,0.0,0.0,3.0,0.0%
17,Brady Brassart,SYR,25,F,61,3,8,11,32,5.0,0,1,0,0.049,0.131,0.18,64.0,4.7%
43,Brady Ferguson,TOR,24,F,8,0,1,1,4,-1.0,0,0,0,0.0,0.125,0.125,9.0,0.0%
25,Brady Norrish,TEX,25,D,13,1,4,5,12,-4.0,0,0,0,0.077,0.308,0.385,12.0,8.3%
31,Brady Shaw,CHI,26,F,2,0,0,0,2,0.0,0,0,0,0.0,0.0,0.0,3.0,0.0%
43,Branden Komm,LV,27,G,4,0,0,0,0,,0,0,0,0.0,0.0,0.0,,
34,Brandon Anselmini,UTC,25,D,10,1,1,2,11,-1.0,0,0,0,0.1,0.1,0.2,17.0,5.9%
20,Brandon Baddock,BNG,23,F,67,3,7,10,154,-6.0,0,0,0,0.045,0.104,0.149,47.0,6.4%
14,Brandon Crawley,HFD,21,D,50,3,12,15,111,-12.0,1,0,0,0.06,0.24,0.3,78.0,3.9%
36,Brandon Davidson,RFD,27,D,6,1,0,1,5,0.0,0,0,1,0.167,0.0,0.167,13.0,7.7%
3,Brandon Gignac,BNG,21,F,66,12,24,36,28,-18.0,2,0,3,0.182,0.364,0.545,84.0,14.3%
38,Brandon Hagel,RFD,20,F,8,0,1,1,2,-4.0,0,0,0,0.0,0.125,0.125,13.0,0.0%
47,Brandon Halverson,HFD,22,G,19,0,0,0,2,,0,0,0,0.0,0.0,0.0,,
36,Brandon Hawkins,WBS,24,F,5,2,0,2,2,-2.0,0,0,0,0.4,0.0,0.4,14.0,14.3%
23,Brandon Hickey,ROC,22,D,38,1,8,9,18,12.0,0,0,0,0.026,0.211,0.237,51.0,2.0%
32,Brandon Manning,BAK,28,D,8,0,0,0,15,5.0,0,0,0,0.0,0.0,0.0,3.0,0.0%
6,Brandon Pirri,CHI,27,F,29,18,24,42,37,7.0,6,0,3,0.621,0.828,1.448,115.0,15.7%
6,Brayden Burke,TUC,21,F,67,13,20,33,24,-1.0,2,0,0,0.194,0.299,0.493,98.0,13.3%
41,Braylon Shmyr,SA,21,F,2,0,0,0,2,0.0,0,0,0,0.0,0.0,0.0,2.0,0.0%
40,Braylon Shmyr,SPR,21,F,1,0,0,0,0,-1.0,0,0,0,0.0,0.0,0.0,1.0,0.0%
4,Brendan Gaunce,UTC,24,F,60,16,22,38,54,-2.0,1,3,3,0.267,0.367,0.633,174.0,9.2%
9,Brendan Guhle,ROC,21,D,50,5,22,27,34,-11.0,1,0,0,0.1,0.44,0.54,137.0,3.7%
41,Brendan Robbins,SPR,23,F,1,0,0,0,0,0.0,0,0,0,0.0,0.0,0.0,0.0,0.00%
11,Brendan Woods,UTC,26,F,53,7,10,17,103,-7.0,1,0,1,0.132,0.189,0.321,87.0,8.1%
4,Brennan Menell,IA,21,D,70,2,42,44,25,10.0,1,0,0,0.029,0.6,0.629,87.0,2.3%
35,Brent Gates,SD,21,F,6,1,1,2,0,3.0,0,0,0,0.167,0.167,0.333,11.0,9.1%
27,Brent Pedersen,MTB,23,F,29,4,1,5,15,-8.0,0,0,0,0.138,0.034,0.172,28.0,14.3%
28,Brett Gallant,CLE,30,F,38,2,2,4,65,-3.0,0,0,0,0.053,0.053,0.105,25.0,8.0%
14,Brett Kulak,LAV,24,D,19,3,8,11,4,2.0,2,0,1,0.158,0.421,0.579,52.0,5.8%
18,Brett Lernout,LAV,23,D,74,4,5,9,41,3.0,0,1,0,0.054,0.068,0.122,88.0,4.6%
44,Brett McKenzie,PRO,21,F,5,0,0,0,2,1.0,0,0,0,0.0,0.0,0.0,8.0,0.0%
17,Brett Pollock,STK,22,F,53,3,9,12,20,-9.0,0,0,0,0.057,0.17,0.226,77.0,3.9%
12,Brett Seney,BNG,22,F,26,3,16,19,48,-19.0,0,1,0,0.115,0.615,0.731,47.0,6.4%
41,Brett Supinski,ONT,23,F,2,0,0,0,0,0.0,0,0,0,0.0,0.0,0.0,0.0,0.00%
3,Brett Sutter,ONT,31,F,67,21,24,45,47,-9.0,4,2,5,0.313,0.358,0.672,125.0,16.8%
46,Brett Welychka,RFD,24,F,18,0,0,0,0,-4.0,0,0,0,0.0,0.0,0.0,11.0,0.0%
28,Brian Cooper,MIL,25,D,19,0,4,4,10,-1.0,0,0,0,0.0,0.211,0.211,18.0,0.0%
41,Brian Elliott,LV,33,G,2,0,0,0,0,,0,0,0,0.0,0.0,0.0,,
20,Brian Flynn,SA,30,F,21,1,8,9,8,-6.0,1,0,1,0.048,0.381,0.429,42.0,2.4%
17,Brian Lashoff,GR,28,D,53,1,13,14,33,5.0,0,0,0,0.019,0.245,0.264,70.0,1.4%
18,Brian Pinho,HER,23,F,73,4,8,12,8,-1.0,1,0,1,0.055,0.11,0.164,74.0,5.4%
48,Brian Strait,BNG,30,D,10,0,0,0,8,-2.0,0,0,0,0.0,0.0,0.0,5.0,0.0%
34,Brian Ward,BNG,26,F,17,1,1,2,8,1.0,0,0,0,0.059,0.059,0.118,10.0,10.0%
3,Brooks Macek,CHI,26,F,64,26,34,60,12,22.0,5,0,5,0.406,0.531,0.938,114.0,22.8%
35,Bryan Moore,GR,24,F,2,0,0,0,4,0.0,0,0,0,0.0,0.0,0.0,2.0,0.0%
4,Buddy Robinson,STK,27,F,65,14,28,42,51,10.0,5,1,2,0.215,0.431,0.646,153.0,9.2%
4,Byron Froese,LAV,27,F,46,14,16,30,23,2.0,4,1,1,0.304,0.348,0.652,97.0,14.4%
18,Byron Froese,LV,27,F,24,7,7,14,28,0.0,0,0,0,0.292,0.292,0.583,56.0,12.5%
32,C.J. Motte,IA,27,G,4,0,0,0,0,,0,0,0,0.0,0.0,0.0,,
2,C.J. Smith,ROC,24,F,62,28,30,58,26,26.0,6,2,4,0.452,0.484,0.935,207.0,13.5%
15,C.J. Suess,MTB,24,F,26,8,4,12,6,-3.0,4,0,1,0.308,0.154,0.462,38.0,21.1%
1,Cal O'Reilly,IA,32,F,67,16,51,67,14,-2.0,6,1,2,0.239,0.761,1.0,129.0,12.4%
44,Cal Petersen,ONT,24,G,38,0,0,0,6,,0,0,0,0.0,0.0,0.0,,
10,Cale Fleury,LAV,20,D,60,9,14,23,23,-16.0,4,0,2,0.15,0.233,0.383,85.0,10.6%
29,Caleb Herbert,COL,27,F,10,1,0,1,10,-8.0,0,1,0,0.1,0.0,0.1,10.0,10.0%
11,Caleb Jones,BAK,21,D,50,6,23,29,28,16.0,3,0,0,0.12,0.46,0.58,100.0,6.0%
40,Calen Addison,WBS,18,D,3,0,2,2,0,0.0,0,0,0,0.0,0.667,0.667,4.0,0.0%
10,Callan Foote,SYR,20,D,76,10,21,31,53,16.0,3,0,3,0.132,0.276,0.408,118.0,8.5%
4,Calle Rosn,TOR,24,D,54,7,39,46,36,8.0,3,0,0,0.13,0.722,0.852,132.0,5.3%
31,Callum Booth,CLT,21,G,10,0,1,1,0,,0,0,0,0.0,0.1,0.1,,
38,Calvin Pickard,TUC,26,G,4,0,0,0,0,,0,0,0,0.0,0.0,0.0,,
29,Calvin Thrkauf,CLE,21,F,26,2,0,2,24,-4.0,0,0,0,0.077,0.0,0.077,28.0,7.1%
27,Cam Brown,WBS,25,F,30,1,5,6,12,1.0,0,0,0,0.033,0.167,0.2,26.0,3.9%
19,Cam Dineen,TUC,20,D,57,3,9,12,6,-4.0,1,0,1,0.053,0.158,0.211,86.0,3.5%
38,Cam Johnson,BNG,24,G,29,0,1,1,2,,0,0,0,0.0,0.034,0.034,,
24,Cam Maclise,MTB,26,F,38,2,5,7,12,7.0,0,0,0,0.053,0.132,0.184,30.0,6.7%
8,Cameron Darcy,UTC,24,F,68,10,13,23,49,-14.0,1,0,4,0.147,0.191,0.338,90.0,11.1%
7,Cameron Gaunce,SYR,28,D,59,10,36,46,65,24.0,5,0,2,0.169,0.61,0.78,94.0,10.6%
10,Cameron Hebig,BAK,21,F,64,11,18,29,30,6.0,5,0,4,0.172,0.281,0.453,99.0,11.1%
7,Cameron Hughes,PRO,22,F,52,13,15,28,28,9.0,1,0,3,0.25,0.288,0.538,111.0,11.7%
7,Cameron Schilling,MTB,30,D,64,6,23,29,30,2.0,1,0,2,0.094,0.359,0.453,159.0,3.8%
21,Carl Dahlstrm,RFD,23,D,22,1,7,8,10,-11.0,1,0,0,0.045,0.318,0.364,36.0,2.8%
20,Carl Grundstrm,ONT,21,F,13,3,7,10,6,-5.0,0,0,0,0.231,0.538,0.769,27.0,11.1%
9,Carl Grundstrm,TOR,21,F,42,13,16,29,26,8.0,4,0,1,0.31,0.381,0.69,81.0,16.1%
39,Carl Gunnarsson,SA,32,D,2,0,0,0,2,1.0,0,0,0,0.0,0.0,0.0,1.0,0.0%
12,Carsen Twarynski,LV,21,F,69,10,14,24,50,-2.0,1,0,0,0.145,0.203,0.348,90.0,11.1%
15,Carson Soucy,IA,24,D,66,5,15,20,71,6.0,0,0,1,0.076,0.227,0.303,90.0,5.6%
15,Carter Bancks,UTC,29,F,69,4,11,15,47,-8.0,0,1,0,0.058,0.159,0.217,65.0,6.2%
3,Carter Camper,GR,30,F,67,17,33,50,24,-1.0,2,0,4,0.254,0.493,0.746,141.0,12.1%
46,Carter Hart,LV,20,G,18,0,0,0,0,,0,0,0,0.0,0.0,0.0,,
1,Carter Verhaeghe,SYR,23,F,76,34,48,82,34,26.0,7,0,6,0.447,0.632,1.079,204.0,16.7%
29,Casey Fitzgerald,ROC,21,D,4,1,2,3,0,1.0,0,0,0,0.25,0.5,0.75,4.0,25.0%
35,Casey Nelson,ROC,26,D,5,0,1,1,4,-1.0,0,0,0,0.0,0.2,0.2,8.0,0.0%
13,Cavan Fitzgerald,SJ,22,D,66,7,13,20,42,4.0,3,0,1,0.106,0.197,0.303,87.0,8.1%
35,Cdric Lacroix,WBS,24,F,1,2,0,2,2,1.0,0,0,0,2.0,0.0,2.0,3.0,66.7%
29,Chad Krys,RFD,20,D,9,0,4,4,8,-4.0,0,0,0,0.0,0.444,0.444,15.0,0.0%
28,Chad Ruhwedel,WBS,28,D,5,1,4,5,2,8.0,0,0,0,0.2,0.8,1.0,7.0,14.3%
43,Charles Williams,ONT,26,G,4,0,0,0,0,,0,0,0,0.0,0.0,0.0,,
25,Charles-David Beaudoin,MTB,24,D,57,1,6,7,44,-2.0,0,0,0,0.018,0.105,0.123,58.0,1.7%
46,Charlie Lindgren,LAV,25,G,33,0,0,0,2,,0,0,0,0.0,0.0,0.0,,
27,Charlie Sampair,SA,25,F,13,3,2,5,2,1.0,0,0,1,0.231,0.154,0.385,14.0,21.4%
11,Chase Balisy,BEL,26,F,76,7,15,22,36,3.0,1,0,4,0.092,0.197,0.289,78.0,9.0%
38,Chase Berger,WBS,24,F,6,1,1,2,0,3.0,0,0,1,0.167,0.167,0.333,9.0,11.1%
2,Chase de Leo,SD,23,F,66,20,35,55,12,16.0,2,1,3,0.303,0.53,0.833,173.0,11.6%
28,Chase Pearson,GR,21,F,10,2,0,2,2,-2.0,0,0,0,0.2,0.0,0.2,17.0,11.8%
21,Chaz Reddekopp,ONT,21,D,40,1,9,10,101,-5.0,0,1,0,0.025,0.225,0.25,33.0,3.0%
11,Chris Bigras,HFD,23,D,52,3,19,22,36,5.0,0,1,1,0.058,0.365,0.423,76.0,4.0%
21,Chris Breen,PRO,29,D,47,2,9,11,38,8.0,0,1,0,0.043,0.191,0.234,74.0,2.7%
11,Chris Butler,SA,32,D,51,2,19,21,40,-3.0,2,0,0,0.039,0.373,0.412,101.0,2.0%
36,Chris Carlisle,BEL,24,D,10,0,3,3,6,3.0,0,0,0,0.0,0.3,0.3,17.0,0.0%
33,Chris Carlisle,GR,24,D,2,0,1,1,7,0.0,0,0,0,0.0,0.5,0.5,0.0,0.00%
41,Chris Carlisle,PRO,24,D,2,0,0,0,2,0.0,0,0,0,0.0,0.0,0.0,3.0,0.0%
20,Chris Casto,BRI,27,D,43,4,9,13,21,10.0,0,0,1,0.093,0.209,0.302,66.0,6.1%
29,Chris Collins,MTB,26,F,9,2,0,2,6,3.0,1,0,0,0.222,0.0,0.222,7.0,28.6%
2,Chris Conner,LV,35,F,72,16,35,51,16,-6.0,6,0,5,0.222,0.486,0.708,126.0,12.7%
45,Chris Driedger,SPR,24,G,32,0,0,0,0,,0,0,0,0.0,0.0,0.0,,
51,Chris Forney,SD,24,D,3,0,0,0,0,-3.0,0,0,0,0.0,0.0,0.0,1.0,0.0%
23,Chris McCarthy,HER,27,F,2,1,3,4,0,2.0,0,0,0,0.5,1.5,2.0,3.0,33.3%
2,Chris Mueller,TOR,32,F,60,33,32,65,32,8.0,16,0,8,0.55,0.533,1.083,148.0,22.3%
40,Chris Nell,HFD,24,G,2,0,0,0,0,,0,0,0,0.0,0.0,0.0,,
15,Chris Summers,WBS,30,D,59,3,13,16,54,-2.0,0,0,1,0.051,0.22,0.271,82.0,3.7%
1,Chris Terry,GR,29,F,69,29,32,61,38,5.0,5,0,5,0.42,0.464,0.884,204.0,14.2%
24,Chris Thorburn,SA,35,F,40,2,5,7,45,-2.0,0,0,0,0.05,0.125,0.175,35.0,5.7%
20,Chris Wideman,SPR,28,D,16,3,10,13,12,-2.0,1,0,1,0.188,0.625,0.813,39.0,7.7%
39,Chris Wideman,WBS,28,D,3,0,2,2,7,-2.0,0,0,0,0.0,0.667,0.667,9.0,0.0%
40,Christian Djoos,HER,24,D,2,0,0,0,2,0.0,0,0,0,0.0,0.0,0.0,4.0,0.0%
37,Christian Dvorak,TUC,22,F,2,0,0,0,0,0.0,0,0,0,0.0,0.0,0.0,6.0,0.0%
42,Christian Jaros,BEL,22,D,1,0,0,0,0,0.0,0,0,0,0.0,0.0,0.0,1.0,0.0%
8,Christian Wolanin,BEL,23,D,40,7,24,31,24,7.0,1,0,1,0.175,0.6,0.775,69.0,10.1%
22,Christoffer Ehn,GR,22,F,17,2,5,7,8,4.0,0,0,0,0.118,0.294,0.412,11.0,18.2%
1,Christopher Bourque,BRI,32,F,72,15,39,54,52,4.0,6,0,5,0.208,0.542,0.75,164.0,9.2%
44,Christopher Brown,WBS,22,F,3,0,1,1,0,-2.0,0,0,0,0.0,0.333,0.333,1.0,0.0%
33,Christopher Gibson,BRI,26,G,40,0,3,3,10,,0,0,0,0.0,0.075,0.075,,
22,Clark Bishop,CLT,22,F,38,3,3,6,56,-7.0,1,0,0,0.079,0.079,0.158,58.0,5.2%
23,Cliff Pu,CLT,20,F,44,1,5,6,10,4.0,0,0,0,0.023,0.114,0.136,37.0,2.7%
33,Cliff Pu,SPR,20,F,9,1,1,2,0,-1.0,0,0,0,0.111,0.111,0.222,8.0,12.5%
29,Clifford Watson,HER,25,D,5,0,2,2,2,3.0,0,0,0,0.0,0.4,0.4,3.0,0.0%
27,Clifford Watson,ONT,25,D,13,2,1,3,14,4.0,0,0,0,0.154,0.077,0.231,16.0,12.5%
36,Clifford Watson,STK,25,D,4,0,1,1,6,1.0,0,0,0,0.0,0.25,0.25,6.0,0.0%
49,Clifford Watson,UTC,25,D,5,0,0,0,0,-4.0,0,0,0,0.0,0.0,0.0,1.0,0.0%
22,Cody Bass,COL,31,F,35,2,4,6,81,-6.0,0,0,0,0.057,0.114,0.171,28.0,7.1%
22,Cody Glass,CHI,19,F,6,3,2,5,2,0.0,1,0,1,0.5,0.333,0.833,11.0,27.3%
19,Cody Goloubef,BEL,29,D,30,3,9,12,46,15.0,1,0,0,0.1,0.3,0.4,60.0,5.0%
20,Cody Goloubef,PRO,29,D,16,3,9,12,27,-1.0,2,0,2,0.188,0.563,0.75,35.0,8.6%
15,Colby Cave,PRO,24,F,15,6,12,18,13,9.0,0,0,0,0.4,0.8,1.2,30.0,20.0%
37,Colby McAuley,SJ,22,F,4,0,0,0,2,0.0,0,0,0,0.0,0.0,0.0,2.0,0.0%
18,Colby Sissons,BNG,20,D,38,2,9,11,22,-7.0,0,0,0,0.053,0.237,0.289,29.0,6.9%
19,Colby Williams,HER,23,D,36,0,10,10,33,-15.0,0,0,0,0.0,0.278,0.278,29.0,0.0%
20,Cole Bardreau,LV,25,F,40,7,5,12,38,-3.0,0,4,1,0.175,0.125,0.3,52.0,13.5%
32,Cole Maier,MTB,23,F,3,1,0,1,0,0.0,0,0,0,0.333,0.0,0.333,6.0,16.7%
9,Cole Schneider,HFD,28,F,36,13,12,25,33,-2.0,6,0,2,0.361,0.333,0.694,82.0,15.9%
12,Cole Schneider,MIL,28,F,24,10,12,22,0,2.0,4,1,2,0.417,0.5,0.917,43.0,23.3%
34,Cole Ully,COL,23,F,2,0,0,0,0,0.0,0,0,0,0.0,0.0,0.0,1.0,0.0%
9,Colin Blackwell,MIL,25,F,43,14,12,26,22,-12.0,7,0,0,0.326,0.279,0.605,92.0,15.2%
12,Colin Campbell,GR,27,F,63,8,11,19,24,0.0,1,1,2,0.127,0.175,0.302,99.0,8.1%
17,Colin Greening,TOR,32,F,61,4,10,14,8,-9.0,0,0,0,0.066,0.164,0.23,88.0,4.6%
10,Colin Markison,TEX,26,F,62,8,19,27,14,8.0,1,0,0,0.129,0.306,0.435,95.0,8.4%
8,Colin McDonald,LV,34,F,69,13,15,28,14,-6.0,2,0,0,0.188,0.217,0.406,137.0,9.5%
48,Collin Delia,RFD,24,G,26,0,0,0,2,,0,0,0,0.0,0.0,0.0,,
31,Colt Conrad,TOR,21,F,7,2,0,2,2,-1.0,0,0,0,0.286,0.0,0.286,9.0,22.2%
11,Colton Beck,IA,28,F,74,14,9,23,34,-4.0,1,2,3,0.189,0.122,0.311,129.0,10.9%
11,Colton Hargrove,TEX,26,F,74,13,13,26,39,4.0,3,1,4,0.176,0.176,0.351,104.0,12.5%
40,Colton Phinney,BNG,25,G,1,0,0,0,0,,0,0,0,0.0,0.0,0.0,,
37,Colton Point,TEX,20,G,7,0,0,0,0,,0,0,0,0.0,0.0,0.0,,
30,Colton Saucerman,UTC,26,D,24,1,3,4,19,9.0,0,0,0,0.042,0.125,0.167,23.0,4.4%
7,Colton White,BNG,21,D,71,7,23,30,29,-16.0,4,0,2,0.099,0.324,0.423,101.0,6.9%
15,Conner Bleackley,SA,22,F,57,5,11,16,35,-15.0,0,0,0,0.088,0.193,0.281,71.0,7.0%
22,Connor Brickley,HFD,26,F,13,2,4,6,2,0.0,0,0,0,0.154,0.308,0.462,18.0,11.1%
22,Connor Brickley,MIL,26,F,39,7,4,11,18,-11.0,2,0,3,0.179,0.103,0.282,56.0,12.5%
6,Connor Bunnaman,LV,20,F,62,19,13,32,16,-10.0,9,0,5,0.306,0.21,0.516,91.0,20.9%
29,Connor Carrick,TEX,24,D,4,1,1,2,0,-4.0,0,0,0,0.25,0.25,0.5,13.0,7.7%
8,Connor Clifton,PRO,23,D,53,6,21,27,52,13.0,1,0,2,0.113,0.396,0.509,115.0,5.2%
10,Connor Hobbs,HER,21,D,59,3,15,18,82,-7.0,1,0,0,0.051,0.254,0.305,88.0,3.4%
39,Connor Ingram,SYR,21,G,22,0,0,0,0,,0,0,0,0.0,0.0,0.0,,
19,Connor Jones,BRI,28,F,67,6,7,13,55,4.0,0,1,1,0.09,0.104,0.194,75.0,8.0%
44,Connor LaCouvee,LAV,24,G,14,0,0,0,0,,0,0,0,0.0,0.0,0.0,,
46,Connor LaCouvee,UTC,24,G,3,0,0,0,0,,0,0,0,0.0,0.0,0.0,,
41,Connor Moynihan,RFD,21,F,2,0,0,0,4,0.0,0,0,0,0.0,0.0,0.0,0.0,0.00%
9,Conor Garland,TUC,22,F,21,12,13,25,22,11.0,3,0,5,0.571,0.619,1.19,75.0,16.0%
36,Conor Riley,BNG,26,D,2,1,0,1,2,1.0,0,0,0,0.5,0.0,0.5,3.0,33.3%
43,Conor Riley,PRO,26,D,3,0,0,0,0,-1.0,0,0,0,0.0,0.0,0.0,2.0,0.0%
2,Cooper Marody,BAK,22,F,58,19,45,64,40,31.0,4,0,4,0.328,0.776,1.103,138.0,13.8%
32,Cooper Zech,PRO,20,D,12,0,4,4,6,0.0,0,0,0,0.0,0.333,0.333,28.0,0.0%
22,Corban Knight,LV,28,F,8,4,6,10,2,7.0,1,1,1,0.5,0.75,1.25,18.0,22.2%
33,Corey Schueneman,STK,23,D,6,1,0,1,2,-2.0,0,0,0,0.167,0.0,0.167,5.0,20.0%
5,Corey Tropp,SD,29,F,55,20,20,40,124,-7.0,8,1,2,0.364,0.364,0.727,94.0,21.3%
3,Cory Conacher,SYR,29,F,70,22,42,64,95,13.0,6,2,2,0.314,0.6,0.914,179.0,12.3%
47,Cory Schneider,BNG,32,G,8,0,0,0,0,,0,0,0,0.0,0.0,0.0,,
23,Craig Wyszomirski,ONT,26,D,31,1,5,6,66,6.0,0,0,0,0.032,0.161,0.194,32.0,3.1%
37,Craig Wyszomirski,UTC,26,D,3,0,1,1,0,3.0,0,0,0,0.0,0.333,0.333,1.0,0.0%
19,Cristoval Nieves,HFD,24,F,16,3,5,8,6,-8.0,0,0,0,0.188,0.313,0.5,18.0,16.7%
5,Curtis Lazar,STK,23,F,57,20,21,41,47,-9.0,8,3,5,0.351,0.368,0.719,125.0,16.0%
4,Curtis McKenzie,CHI,27,F,71,20,34,54,112,20.0,5,1,5,0.282,0.479,0.761,165.0,12.1%
41,Dajon Mingo,MTB,28,F,3,0,0,0,0,3.0,0,0,0,0.0,0.0,0.0,4.0,0.0%
11,Dakota Mermis,TUC,24,D,62,3,21,24,49,-2.0,1,0,0,0.048,0.339,0.387,122.0,2.5%
30,Dale Weise,LAV,30,F,3,2,0,2,0,2.0,1,1,0,0.667,0.0,0.667,4.0,50.0%
30,Dale Weise,LV,30,F,3,1,1,2,2,1.0,0,0,0,0.333,0.333,0.667,6.0,16.7%
29,Dalton Prout,STK,28,D,4,1,2,3,8,-2.0,0,0,0,0.25,0.5,0.75,8.0,12.5%
25,Dalton Smith,ROC,26,F,48,2,6,8,111,-4.0,0,0,0,0.042,0.125,0.167,44.0,4.6%
18,Dan DeSalvo,CLE,26,F,50,5,11,16,20,-15.0,3,0,0,0.1,0.22,0.32,104.0,4.8%
13,Dan Renouf,CLT,24,D,74,2,22,24,121,13.0,0,0,0,0.027,0.297,0.324,99.0,2.0%
49,Dane Birks,WBS,23,D,1,0,0,0,0,0.0,0,0,0,0.0,0.0,0.0,1.0,0.0%
29,Danick Martel,SYR,24,F,4,0,1,1,6,-2.0,0,0,0,0.0,0.25,0.25,8.0,0.0%
3,Daniel Audette,LAV,22,F,71,14,25,39,53,-3.0,6,0,1,0.197,0.352,0.549,119.0,11.8%
18,Daniel Brickley,ONT,23,D,42,2,10,12,22,-31.0,1,0,0,0.048,0.238,0.286,86.0,2.3%
1,Daniel Carr,CHI,27,F,52,30,41,71,10,35.0,12,0,3,0.577,0.788,1.365,158.0,19.0%
34,Daniel Ciampini,BEL,28,F,19,1,2,3,2,0.0,0,0,0,0.053,0.105,0.158,10.0,10.0%
35,Daniel Maggio,TUC,27,D,1,0,0,0,0,-1.0,0,0,0,0.0,0.0,0.0,0.0,0.00%
48,Daniel Vladar,PRO,21,G,31,0,0,0,0,,0,0,0,0.0,0.0,0.0,,
36,Daniel Walcott,SYR,24,D,5,0,0,0,10,0.0,0,0,0,0.0,0.0,0.0,3.0,0.0%
51,Danny Fick,WBS,27,D,1,0,0,0,2,0.0,0,0,0,0.0,0.0,0.0,2.0,0.0%
4,Danny O'Regan,ROC,24,F,70,20,28,48,42,4.0,8,0,3,0.286,0.4,0.686,117.0,17.1%
29,Darik Angeli,TUC,28,F,4,0,1,1,4,1.0,0,0,0,0.0,0.25,0.25,3.0,0.0%
15,Darren Archibald,BEL,28,F,28,8,9,17,26,-1.0,1,1,2,0.286,0.321,0.607,66.0,12.1%
13,Darren Archibald,UTC,28,F,23,11,5,16,19,3.0,5,0,2,0.478,0.217,0.696,70.0,15.7%
27,Darren Raddysh,HFD,22,D,22,1,3,4,16,-10.0,0,0,0,0.045,0.136,0.182,32.0,3.1%
8,Darren Raddysh,RFD,22,D,54,8,18,26,20,6.0,2,0,3,0.148,0.333,0.481,106.0,7.6%
38,David Broll,PRO,25,F,1,0,0,0,7,0.0,0,0,0,0.0,0.0,0.0,0.0,0.00%
40,David Drake,LV,23,D,1,0,0,0,0,1.0,0,0,0,0.0,0.0,0.0,0.0,0.00%
8,David Gust,BAK,24,F,59,18,15,33,24,2.0,6,0,3,0.305,0.254,0.559,149.0,12.1%
13,David Kase,LV,21,F,40,8,15,23,10,-10.0,2,0,0,0.2,0.375,0.575,51.0,15.7%
24,David Pope,GR,24,F,28,2,1,3,12,-1.0,1,0,0,0.071,0.036,0.107,29.0,6.9%
27,David Schlemko,LAV,31,D,8,1,3,4,2,-6.0,0,0,0,0.125,0.375,0.5,24.0,4.2%
27,David Schlemko,LV,31,D,18,0,4,4,4,-2.0,0,0,0,0.0,0.222,0.222,24.0,0.0%
19,David Sklenicka,LAV,22,D,68,3,6,9,50,3.0,0,1,0,0.044,0.088,0.132,81.0,3.7%
12,David Ullstrm,TUC,29,F,29,10,13,23,14,11.0,0,0,2,0.345,0.448,0.793,49.0,20.4%
4,David Warsofsky,COL,28,D,51,5,27,32,48,-1.0,2,0,1,0.098,0.529,0.627,178.0,2.8%
49,Dawson Leedahl,HFD,22,F,29,0,0,0,22,-1.0,0,0,0,0.0,0.0,0.0,27.0,0.0%
30,Dean Kukan,CLE,25,D,5,1,1,2,0,0.0,1,0,1,0.2,0.2,0.4,14.0,7.1%
3,Denis Guryanov,TEX,21,F,57,20,28,48,12,2.0,4,0,3,0.351,0.491,0.842,158.0,12.7%
19,Dennis Cholowski,GR,20,D,25,0,12,12,12,0.0,0,0,0,0.0,0.48,0.48,43.0,0.0%
37,Dennis Everberg,MTB,27,F,11,0,1,1,4,-3.0,0,0,0,0.0,0.091,0.091,11.0,0.0%
13,Dennis Gilbert,RFD,22,D,63,5,9,14,67,-8.0,0,0,1,0.079,0.143,0.222,72.0,6.9%
18,Dennis Robertson,CLT,27,D,49,5,5,10,36,7.0,0,0,2,0.102,0.102,0.204,58.0,8.6%
13,Dennis Yan,SYR,21,F,53,11,11,22,46,12.0,1,0,0,0.208,0.208,0.415,91.0,12.1%
21,Derek Barach,CLE,23,F,15,7,4,11,6,6.0,1,0,1,0.467,0.267,0.733,34.0,20.6%
32,Derek Grant,WBS,28,F,5,3,1,4,6,5.0,0,0,1,0.6,0.2,0.8,10.0,30.0%
23,Derek Hulak,GR,29,F,35,1,3,4,6,0.0,0,0,0,0.029,0.086,0.114,35.0,2.9%
24,Derek Hulak,HER,29,F,8,2,1,3,0,2.0,0,0,0,0.25,0.125,0.375,7.0,28.6%
43,Derek Pratt,UTC,24,D,1,0,0,0,0,0.0,0,0,0,0.0,0.0,0.0,0.0,0.00%
32,Derek Sheppard,CLT,24,F,10,0,1,1,24,0.0,0,0,0,0.0,0.1,0.1,9.0,0.0%
50,Derian Plouffe,TOR,23,F,1,0,0,0,0,0.0,0,0,0,0.0,0.0,0.0,2.0,0.0%
35,Desmond Bergin,BNG,25,D,10,0,2,2,0,-4.0,0,0,0,0.0,0.2,0.2,12.0,0.0%
42,Desmond Bergin,MIL,25,D,2,0,0,0,2,1.0,0,0,0,0.0,0.0,0.0,2.0,0.0%
45,Desmond Bergin,PRO,25,D,6,0,0,0,2,1.0,0,0,0,0.0,0.0,0.0,5.0,0.0%
14,Devante Smith-Pelly,HER,26,F,20,6,8,14,2,2.0,1,0,0,0.3,0.4,0.7,51.0,11.8%
40,Devante Stephens,ROC,21,D,1,0,0,0,2,0.0,0,0,0,0.0,0.0,0.0,0.0,0.00%
27,Deven Sideroff,SD,21,F,20,0,6,6,7,-1.0,0,0,0,0.0,0.3,0.3,19.0,0.0%
40,Devin Williams,SA,23,G,2,0,0,0,0,,0,0,0,0.0,0.0,0.0,,
13,Devon Toews,BRI,24,D,24,5,14,19,16,-2.0,3,0,0,0.208,0.583,0.792,53.0,9.4%
31,Diego Cuglietta,TEX,23,F,3,1,0,1,0,2.0,0,0,1,0.333,0.0,0.333,4.0,25.0%
6,Dillon Dube,STK,20,F,37,15,24,39,24,7.0,2,2,3,0.405,0.649,1.054,116.0,12.9%
14,Dillon Heatherington,TEX,23,D,73,2,22,24,75,8.0,0,0,1,0.027,0.301,0.329,112.0,1.8%
17,Dillon Simpson,CLE,25,D,75,3,14,17,16,-3.0,0,0,0,0.04,0.187,0.227,99.0,3.0%
8,Dmitri Sokolov,IA,20,F,60,16,14,30,2,-4.0,6,0,3,0.267,0.233,0.5,116.0,13.8%
35,Dmitry Osipov,RFD,22,D,8,0,2,2,13,0.0,0,0,0,0.0,0.25,0.25,6.0,0.0%
3,Dmytro Timashov,TOR,22,F,72,14,35,49,52,-1.0,3,1,2,0.194,0.486,0.681,112.0,12.5%
26,Domenic Alberga,TUC,26,F,16,1,2,3,2,3.0,0,0,0,0.063,0.125,0.188,19.0,5.3%
6,Dominic Toninato,COL,24,F,57,14,15,29,43,8.0,0,3,2,0.246,0.263,0.509,96.0,14.6%
11,Dominic Turgeon,GR,22,F,72,6,14,20,41,1.0,0,0,1,0.083,0.194,0.278,115.0,5.2%
16,Dominik Masin,SYR,22,D,69,2,10,12,72,36.0,0,1,0,0.029,0.145,0.174,55.0,3.6%
20,Dominik Shine,GR,25,F,72,6,5,11,53,-3.0,0,0,2,0.083,0.069,0.153,87.0,6.9%
15,Doyle Somerby,CLE,24,D,66,8,12,20,37,16.0,0,0,1,0.121,0.182,0.303,66.0,12.1%
1,Drake Batherson,BEL,20,F,59,22,40,62,39,15.0,6,0,1,0.373,0.678,1.051,133.0,16.5%
25,Drake Rymsha,ONT,20,F,26,1,3,4,36,-7.0,0,0,0,0.038,0.115,0.154,12.0,8.3%
33,Drew Melanson,HFD,23,F,10,1,0,1,4,-2.0,0,0,0,0.1,0.0,0.1,9.0,11.1%
4,Dryden Hunt,SPR,23,F,51,23,21,44,45,2.0,8,1,4,0.451,0.412,0.863,145.0,15.9%
26,Duncan Siemens,MIL,25,D,48,2,5,7,77,1.0,0,0,0,0.042,0.104,0.146,38.0,5.3%
38,Dustin Tokarski,CLT,29,G,7,0,0,0,0,,0,0,0,0.0,0.0,0.0,,
38,Dustin Tokarski,HFD,29,G,21,0,1,1,6,,0,0,0,0.0,0.048,0.048,,
25,Dylan Blujus,UTC,24,D,43,1,7,8,41,12.0,0,0,0,0.023,0.163,0.186,52.0,1.9%
36,Dylan Bredo,SA,25,D,1,0,0,0,0,0.0,0,0,0,0.0,0.0,0.0,3.0,0.0%
8,Dylan Coghlan,CHI,20,D,66,15,25,40,22,4.0,10,0,2,0.227,0.379,0.606,143.0,10.5%
4,Dylan Gambrell,SJ,22,F,51,20,25,45,18,7.0,3,0,2,0.392,0.49,0.882,147.0,13.6%
35,Dylan MacPherson,SPR,20,D,2,0,1,1,0,3.0,0,0,0,0.0,0.5,0.5,1.0,0.0%
21,Dylan McIlrath,GR,26,D,52,1,9,10,98,13.0,0,0,1,0.019,0.173,0.192,65.0,1.5%
34,Dylan McLaughlin,RFD,23,F,7,0,2,2,0,-3.0,0,0,0,0.0,0.286,0.286,3.0,0.0%
32,Dylan Sadowy,GR,22,F,14,1,0,1,9,-3.0,0,0,0,0.071,0.0,0.071,19.0,5.3%
2,Dylan Sikura,RFD,23,F,46,17,18,35,12,7.0,3,0,6,0.37,0.391,0.761,150.0,11.3%
32,Dylan Steman,HER,24,F,4,0,1,1,0,3.0,0,0,0,0.0,0.25,0.25,2.0,0.0%
35,Dylan Wells,BAK,20,G,12,0,0,0,0,,0,0,0,0.0,0.0,0.0,,
24,Dysin Mayo,TUC,22,D,67,2,4,6,46,-3.0,0,0,0,0.03,0.06,0.09,61.0,3.3%
45,Dyson Stevenson,UTC,25,F,3,0,0,0,5,0.0,0,0,0,0.0,0.0,0.0,2.0,0.0%
45,Eamon McAdam,TOR,24,G,19,0,1,1,0,,0,0,0,0.0,0.053,0.053,,
46,Eddie Lck,BNG,30,G,6,0,0,0,2,,0,0,0,0.0,0.0,0.0,,
27,Eddie Pasquale,SYR,28,G,45,0,3,3,0,,0,0,0,0.0,0.067,0.067,,
3,Eeli Tolvanen,MIL,19,F,58,15,20,35,24,-8.0,4,0,1,0.259,0.345,0.603,156.0,9.6%
41,Eemeli Rsnen,TOR,19,D,5,0,1,1,2,2.0,0,0,0,0.0,0.2,0.2,9.0,0.0%
32,Elgin Pearce,TEX,26,F,5,1,0,1,2,-1.0,0,0,0,0.2,0.0,0.2,8.0,12.5%
44,Emerson Clark,MIL,26,F,8,0,0,0,6,-2.0,0,0,0,0.0,0.0,0.0,2.0,0.0%
35,Emerson Clark,TOR,26,F,6,1,0,1,5,-4.0,1,0,0,0.167,0.0,0.167,4.0,25.0%
34,Emerson Etem,ONT,26,F,9,1,0,1,0,-5.0,0,0,0,0.111,0.0,0.111,11.0,9.1%
23,Emil Johansson,PRO,22,D,65,3,7,10,46,3.0,0,1,0,0.046,0.108,0.154,71.0,4.2%
6,Emil Pettersson,MIL,24,F,49,11,22,33,24,3.0,1,1,3,0.224,0.449,0.673,96.0,11.5%
25,Emil Pettersson,TUC,24,F,12,0,5,5,4,-4.0,0,0,0,0.0,0.417,0.417,20.0,0.0%
21,Emile Poirier,MTB,24,F,24,3,5,8,17,-6.0,0,0,0,0.125,0.208,0.333,27.0,11.1%
44,Eric Comrie,MTB,23,G,47,0,0,0,2,,0,0,0,0.0,0.0,0.0,,
12,Eric Cornel,ROC,22,F,76,9,13,22,34,-2.0,2,0,2,0.118,0.171,0.289,84.0,10.7%
23,Eric Gryba,BNG,30,D,47,2,5,7,96,-19.0,0,1,0,0.043,0.106,0.149,52.0,3.9%
21,Eric Martinsson,IA,26,D,13,0,9,9,10,-2.0,0,0,0,0.0,0.692,0.692,16.0,0.0%
11,Eric Robinson,CLE,23,F,45,12,12,24,15,3.0,2,0,2,0.267,0.267,0.533,90.0,13.3%
36,Eric Sweetman,GR,24,D,2,0,0,0,0,-2.0,0,0,0,0.0,0.0,0.0,0.0,0.00%
11,Eric Tangradi,BNG,29,F,41,10,14,24,49,-16.0,3,1,2,0.244,0.341,0.585,106.0,9.4%
37,Eric Williams,CLT,23,D,2,0,0,0,4,0.0,0,0,0,0.0,0.0,0.0,1.0,0.0%
32,Erik Brnnstrm,BEL,19,D,9,0,4,4,12,-2.0,0,0,0,0.0,0.444,0.444,13.0,0.0%
11,Erik Brnnstrm,CHI,19,D,41,7,21,28,36,1.0,3,0,3,0.171,0.512,0.683,89.0,7.9%
55,Erik Brown,TOR,23,F,3,0,0,0,0,-2.0,0,0,0,0.0,0.0,0.0,3.0,0.0%
14,Erik Burgdoerfer,BEL,30,D,64,5,13,18,44,18.0,0,1,0,0.078,0.203,0.281,107.0,4.7%
20,Erik Cernak,SYR,21,D,9,2,5,7,14,-1.0,2,0,0,0.222,0.556,0.778,30.0,6.7%
1,Erik Condra,TEX,32,F,71,20,34,54,64,-6.0,8,1,1,0.282,0.479,0.761,138.0,14.5%
9,Ethan Bear,BAK,21,D,52,6,25,31,34,14.0,1,0,0,0.115,0.481,0.596,88.0,6.8%
1,Ethan Prow,WBS,26,D,74,18,32,50,22,26.0,9,0,3,0.243,0.432,0.676,185.0,9.7%
48,Etienne Boutet,STK,26,D,2,0,0,0,2,-1.0,0,0,0,0.0,0.0,0.0,2.0,0.0%
42,Etienne Marcoux,LAV,25,G,5,0,0,0,0,,0,0,0,0.0,0.0,0.0,,
49,Evan Cormier,BNG,21,G,15,0,0,0,0,,0,0,0,0.0,0.0,0.0,,
44,Evan Fitzpatrick,SA,20,G,8,0,0,0,0,,0,0,0,0.0,0.0,0.0,,
5,Evan McEneny,UTC,24,D,58,8,23,31,39,-17.0,4,0,2,0.138,0.397,0.534,112.0,7.1%
15,Evan Polei,BAK,22,F,53,9,11,20,82,6.0,0,0,1,0.17,0.208,0.377,106.0,8.5%
10,Evan Weinger,SJ,21,F,60,11,11,22,16,0.0,0,1,2,0.183,0.183,0.367,119.0,9.2%
11,Felix Girard,MTB,24,F,70,5,13,18,85,-3.0,0,0,1,0.071,0.186,0.257,89.0,5.6%
38,Felix Sandstrm,LV,21,G,1,0,0,0,0,,0,0,0,0.0,0.0,0.0,,
5,Filip Chlapik,BEL,21,F,57,16,18,34,28,-1.0,6,1,5,0.281,0.316,0.596,132.0,12.1%
48,Filip Gustavsson,BEL,20,G,31,0,0,0,0,,0,0,0,0.0,0.0,0.0,,
10,Filip Hronek,GR,21,D,31,7,17,24,45,0.0,4,0,3,0.226,0.548,0.774,80.0,8.8%
29,Filip Pyrochta,MIL,22,D,30,0,4,4,0,-9.0,0,0,0,0.0,0.133,0.133,26.0,0.0%
24,Filip Sandberg,SJ,24,F,8,1,4,5,2,0.0,0,0,0,0.125,0.5,0.625,13.0,7.7%
6,Filip Zadina,GR,19,F,59,16,19,35,18,-17.0,4,0,2,0.271,0.322,0.593,135.0,11.9%
2,Francis Perron,SJ,22,F,63,18,29,47,26,10.0,7,0,3,0.286,0.46,0.746,123.0,14.6%
25,Francois Beauchemin,BEL,22,F,40,4,2,6,26,-8.0,0,0,1,0.1,0.05,0.15,21.0,19.1%
25,Frank Corrado,TOR,25,D,39,2,4,6,18,-2.0,0,0,0,0.051,0.103,0.154,62.0,3.2%
39,Frank Hora,LV,22,D,1,0,0,0,0,0.0,0,0,0,0.0,0.0,0.0,0.0,0.00%
8,Frederic Allard,MIL,21,D,65,4,25,29,44,11.0,1,0,0,0.062,0.385,0.446,119.0,3.4%
42,Fredrik Olofsson,RFD,22,F,2,0,0,0,0,-2.0,0,0,0,0.0,0.0,0.0,3.0,0.0%
20,Gabriel Carlsson,CLE,21,D,67,2,10,12,14,-1.0,0,0,0,0.03,0.149,0.179,68.0,2.9%
8,Gabriel Dumont,SYR,28,F,59,15,28,43,67,29.0,1,4,4,0.254,0.475,0.729,118.0,12.7%
8,Gabriel Fontaine,HFD,21,F,72,11,15,26,18,-10.0,3,3,0,0.153,0.208,0.361,101.0,10.9%
35,Gabriel Fortier,SYR,18,F,4,0,0,0,0,0.0,0,0,0,0.0,0.0,0.0,3.0,0.0%
21,Gabriel Gagne,BEL,22,F,33,4,5,9,8,-2.0,0,0,0,0.121,0.152,0.273,59.0,6.8%
21,Gabriel Gagne,TOR,22,F,22,2,5,7,6,-4.0,0,0,0,0.091,0.227,0.318,47.0,4.3%
36,Gabriel Vilardi,ONT,19,F,4,0,1,1,0,0.0,0,0,0,0.0,0.25,0.25,6.0,0.0%
5,Gage Quinney,CHI,23,F,68,19,24,43,17,36.0,3,3,3,0.279,0.353,0.632,101.0,18.8%
26,Garret Cockerill,CLE,24,D,16,0,5,5,6,2.0,0,0,0,0.0,0.313,0.313,18.0,0.0%
25,Garret Ross,MIL,26,F,25,4,3,7,50,-5.0,1,0,0,0.16,0.12,0.28,19.0,21.1%
6,Garrett Pilon,HER,20,F,71,10,23,33,12,-4.0,1,0,1,0.141,0.324,0.465,97.0,10.3%
13,Garrett Wilson,WBS,27,F,18,8,10,18,69,0.0,5,0,2,0.444,0.556,1.0,37.0,21.6%
12,Gavin Bayreuther,TEX,24,D,53,7,18,25,18,0.0,3,0,0,0.132,0.34,0.472,131.0,5.3%
2,Gemel Smith,PRO,24,F,47,16,24,40,32,6.0,8,0,4,0.34,0.511,0.851,109.0,14.7%
2,Gerald Mayhew,IA,26,F,71,27,33,60,51,15.0,9,2,1,0.38,0.465,0.845,205.0,13.2%
21,German Rubtsov,LV,20,F,14,6,4,10,0,3.0,0,1,2,0.429,0.286,0.714,22.0,27.3%
16,Gerry Fitzgerald,IA,25,F,67,12,7,19,6,3.0,0,0,1,0.179,0.104,0.284,92.0,13.0%
40,Giorgio Estephan,TOR,21,F,3,0,1,1,2,-3.0,0,0,0,0.0,0.333,0.333,3.0,0.0%
21,Giovanni Fiore,SD,22,F,23,6,5,11,8,-2.0,2,0,0,0.261,0.217,0.478,41.0,14.6%
23,Giovanni Fiore,TUC,22,F,30,4,3,7,6,-3.0,1,0,2,0.133,0.1,0.233,48.0,8.3%
18,Givani Smith,GR,20,F,64,6,7,13,86,2.0,0,0,0,0.094,0.109,0.203,59.0,10.2%
9,Glenn Gawdin,STK,21,F,64,11,27,38,59,0.0,6,1,1,0.172,0.422,0.594,119.0,9.2%
15,Graham Knott,RFD,21,F,56,4,9,13,24,-8.0,0,0,3,0.071,0.161,0.232,48.0,8.3%
27,Grant Besse,HER,24,F,7,2,0,2,2,-1.0,0,0,1,0.286,0.0,0.286,15.0,13.3%
25,Grant Hutton,BRI,23,D,9,1,5,6,2,-3.0,1,0,0,0.111,0.556,0.667,22.0,4.6%
27,Grayson Downing,COL,26,F,13,1,2,3,19,-4.0,0,0,0,0.077,0.154,0.231,10.0,10.0%
1,Greg Carey,LV,28,F,74,29,32,61,45,-13.0,14,0,2,0.392,0.432,0.824,193.0,15.0%
42,Greg Chase,HFD,23,F,5,0,0,0,4,-1.0,0,0,0,0.0,0.0,0.0,2.0,0.0%
14,Greg McKegg,CLT,26,F,31,6,17,23,18,-5.0,2,0,0,0.194,0.548,0.742,44.0,13.6%
43,Greg Wolfe,BNG,28,F,2,0,0,0,0,0.0,0,0,0,0.0,0.0,0.0,1.0,0.0%
35,Greg Wolfe,CLE,28,F,4,0,0,0,0,2.0,0,0,0,0.0,0.0,0.0,6.0,0.0%
28,Griffen Molino,TOR,24,F,36,1,3,4,12,-5.0,0,0,0,0.028,0.083,0.111,29.0,3.5%
14,Griffin Reinhart,CHI,24,D,75,4,12,16,27,-8.0,0,1,2,0.053,0.16,0.213,64.0,6.3%
20,Guillaume Brisebois,UTC,21,D,49,3,8,11,22,4.0,0,0,2,0.061,0.163,0.224,60.0,5.0%
29,Gustav Bouramman,IA,21,D,23,0,2,2,6,-5.0,0,0,0,0.0,0.087,0.087,12.0,0.0%
33,Gustav Forsling,RFD,22,D,5,0,2,2,2,1.0,0,0,0,0.0,0.4,0.4,9.0,0.0%
37,Gustav Olofsson,LAV,24,D,2,0,1,1,0,0.0,0,0,0,0.0,0.5,0.5,1.0,0.0%
26,Hampus Gustafsson,HER,25,F,44,0,3,3,20,2.0,0,0,0,0.0,0.068,0.068,29.0,0.0%
26,Harri Steri,GR,29,G,40,0,3,3,0,,0,0,0,0.0,0.075,0.075,,
3,Harrison Zolnierczyk,SPR,31,F,72,15,36,51,38,-19.0,6,1,1,0.208,0.5,0.708,146.0,10.3%
21,Hayden Verbeek,LAV,21,F,48,4,3,7,17,-5.0,0,0,0,0.083,0.063,0.146,51.0,7.8%
19,Haydn Fleury,CLT,22,D,28,2,8,10,32,0.0,0,0,2,0.071,0.286,0.357,54.0,3.7%
11,Henri Jokiharju,RFD,19,D,30,2,15,17,14,7.0,1,0,0,0.067,0.5,0.567,65.0,3.1%
14,Henrik Borgstrm,SPR,21,F,24,5,17,22,8,4.0,1,0,0,0.208,0.708,0.917,48.0,10.4%
22,Henrik Samuelsson,RFD,24,F,40,2,5,7,33,-8.0,0,0,0,0.05,0.125,0.175,41.0,4.9%
18,Hubert Labrie,SYR,27,D,69,0,10,10,73,21.0,0,0,0,0.0,0.145,0.145,46.0,0.0%
36,Hudson Elynuik,TOR,21,F,10,1,0,1,4,-1.0,0,0,0,0.1,0.0,0.1,4.0,25.0%
5,Hudson Fasching,TUC,23,F,64,16,17,33,16,-1.0,3,2,3,0.25,0.266,0.516,145.0,11.0%
36,Hugo Roy,MIL,21,F,3,0,1,1,0,0.0,0,0,0,0.0,0.333,0.333,1.0,0.0%
22,Hunter Fejes,MTB,24,F,42,3,5,8,8,5.0,0,0,1,0.071,0.119,0.19,42.0,7.1%
45,Hunter Fejes,RFD,24,F,7,0,0,0,16,-4.0,0,0,0,0.0,0.0,0.0,6.0,0.0%
39,Hunter Miska,TUC,23,G,25,0,0,0,0,,0,0,0,0.0,0.0,0.0,,
16,Hunter Shinkaruk,LAV,24,F,54,5,5,10,20,1.0,1,0,2,0.093,0.093,0.185,68.0,7.4%
24,Hunter Warner,IA,23,D,73,1,6,7,97,7.0,0,0,0,0.014,0.082,0.096,42.0,2.4%
25,Ian McCoshen,SPR,23,D,38,0,9,9,49,-2.0,0,0,0,0.0,0.237,0.237,37.0,0.0%
15,Igor Shvyrev,COL,20,F,57,6,7,13,25,-4.0,1,0,0,0.105,0.123,0.228,58.0,10.3%
44,Ilya Samsonov,HER,21,G,37,0,0,0,0,,0,0,0,0.0,0.0,0.0,,
26,Isac Lundestrm,SD,19,F,12,0,6,6,2,-6.0,0,0,0,0.0,0.5,0.5,15.0,0.0%
25,Ivan Chekhovich,SJ,19,F,5,1,3,4,4,-1.0,1,0,0,0.2,0.6,0.8,6.0,16.7%
33,Ivan Kosorenkov,SJ,20,F,1,0,0,0,0,0.0,0,0,0,0.0,0.0,0.0,1.0,0.0%
53,Ivan Kulbakov,UTC,22,G,25,0,0,0,0,,0,0,0,0.0,0.0,0.0,,
29,J.C. Campagna,CHI,25,F,1,0,0,0,0,0.0,0,0,0,0.0,0.0,0.0,2.0,0.0%
8,J.C. Lipon,MTB,25,F,60,11,15,26,121,10.0,0,2,0,0.183,0.25,0.433,142.0,7.8%
42,J.J. Piccinich,TOR,22,F,6,0,1,1,0,0.0,0,0,0,0.0,0.167,0.167,4.0,0.0%
26,J.T. Brown,IA,28,F,6,3,3,6,4,3.0,0,0,0,0.5,0.5,1.0,22.0,13.6%
39,Jack Campbell,ONT,26,G,2,0,0,0,0,,0,0,0,0.0,0.0,0.0,,
19,Jack Dougherty,ROC,22,D,56,2,10,12,32,15.0,0,0,0,0.036,0.179,0.214,61.0,3.3%
39,Jack Glover,MTB,22,D,1,0,0,0,0,0.0,0,0,0,0.0,0.0,0.0,1.0,0.0%
18,Jack Kopacka,SD,20,F,32,6,8,14,4,-13.0,2,0,0,0.188,0.25,0.438,59.0,10.2%
2,Jack Rodewald,BEL,24,F,59,23,24,47,12,13.0,10,3,3,0.39,0.407,0.797,142.0,16.2%
33,Jack Stander,SYR,23,D,1,0,0,0,7,1.0,0,0,0,0.0,0.0,0.0,2.0,0.0%
42,Jacob Cederholm,MTB,20,D,9,0,0,0,4,-1.0,0,0,0,0.0,0.0,0.0,2.0,0.0%
25,Jacob Elmer,HFD,20,F,5,2,2,4,4,-1.0,0,0,0,0.4,0.4,0.8,11.0,18.2%
31,Jacob Larsson,SD,21,D,22,0,5,5,10,1.0,0,0,0,0.0,0.227,0.227,28.0,0.0%
5,Jacob MacDonald,SPR,25,D,72,14,29,43,27,-1.0,7,0,3,0.194,0.403,0.597,150.0,9.3%
16,Jacob Middleton,SJ,22,D,57,5,14,19,67,16.0,0,0,0,0.088,0.246,0.333,94.0,5.3%
5,Jacob Nilsson,RFD,25,F,61,15,17,32,22,-5.0,8,0,1,0.246,0.279,0.525,86.0,17.4%
39,Jagger Dirk,UTC,25,D,9,0,1,1,0,2.0,0,0,0,0.0,0.111,0.111,4.0,0.0%
16,Jaime Sifers,UTC,35,D,70,4,10,14,51,5.0,0,1,2,0.057,0.143,0.2,82.0,4.9%
6,Jake Bean,CLT,20,D,70,13,31,44,26,17.0,4,0,3,0.186,0.443,0.629,165.0,7.9%
18,Jake Bischoff,CHI,24,D,60,2,11,13,20,11.0,0,0,0,0.033,0.183,0.217,80.0,2.5%
14,Jake Chelios,GR,27,D,61,1,14,15,28,18.0,0,0,0,0.016,0.23,0.246,61.0,1.6%
23,Jake Dotchin,SD,24,D,20,4,3,7,68,10.0,0,1,0,0.2,0.15,0.35,34.0,11.8%
2,Jake Evans,LAV,22,F,67,13,32,45,26,-11.0,6,1,3,0.194,0.478,0.672,110.0,11.8%
17,Jake Horton,SPR,24,F,62,8,9,17,37,10.0,0,0,0,0.129,0.145,0.274,54.0,14.8%
21,Jake Kulevich,BAK,25,D,29,2,6,8,25,11.0,1,1,0,0.069,0.207,0.276,23.0,8.7%
32,Jake Leschyshyn,CHI,19,F,3,0,0,0,0,0.0,0,0,0,0.0,0.0,0.0,1.0,0.0%
33,Jake Linhart,HER,22,D,5,0,1,1,0,-1.0,0,0,0,0.0,0.2,0.2,1.0,0.0%
24,Jake Lucchini,WBS,23,F,15,6,1,7,2,-1.0,2,0,1,0.4,0.067,0.467,27.0,22.2%
36,Jake Marchment,SD,23,F,5,0,2,2,12,1.0,0,0,0,0.0,0.4,0.4,1.0,0.0%
36,Jake Oettinger,TEX,20,G,6,0,0,0,2,,0,0,0,0.0,0.0,0.0,,
45,Jake Paterson,BEL,24,G,4,0,0,0,0,,0,0,0,0.0,0.0,0.0,,
18,Jake Walman,SA,22,D,66,3,10,13,48,-31.0,1,0,3,0.045,0.152,0.197,143.0,2.1%
17,Jakob Forsbacka Karlsson,PRO,22,F,28,7,9,16,6,0.0,2,0,0,0.25,0.321,0.571,37.0,18.9%
22,Jakob Stukel,BAK,21,F,10,3,3,6,2,4.0,0,0,1,0.3,0.3,0.6,14.0,21.4%
16,Jakub Jerabek,SA,27,D,52,6,9,15,28,-22.0,4,0,0,0.115,0.173,0.288,64.0,9.4%
13,Jakub Zboril,PRO,21,D,56,4,15,19,38,3.0,0,0,0,0.071,0.268,0.339,81.0,4.9%
27,Jalen Chatfield,UTC,22,D,34,0,6,6,15,-13.0,0,0,0,0.0,0.176,0.176,39.0,0.0%
33,Jalen Smereck,TUC,21,D,16,0,1,1,8,-1.0,0,0,0,0.0,0.063,0.063,21.0,0.0%
23,James de Haas,LV,24,D,48,1,9,10,22,-12.0,0,0,0,0.021,0.188,0.208,46.0,2.2%
21,James Phelan,TEX,21,F,45,3,3,6,59,0.0,0,0,0,0.067,0.067,0.133,34.0,8.8%
28,Jamie Devane,ONT,27,F,27,2,1,3,79,-3.0,0,0,0,0.074,0.037,0.111,17.0,11.8%
30,Jamie McGinn,SPR,30,F,4,2,2,4,9,-3.0,1,0,0,0.5,0.5,1.0,8.0,25.0%
53,Jan Drozg,WBS,19,F,2,0,0,0,2,-2.0,0,0,0,0.0,0.0,0.0,1.0,0.0%
22,Jan Kovar,PRO,28,F,12,4,6,10,10,-11.0,2,0,0,0.333,0.5,0.833,31.0,12.9%
26,Jan Rutta,RFD,28,D,8,1,3,4,2,-2.0,0,0,1,0.125,0.375,0.5,16.0,6.3%
19,Jan Rutta,SYR,28,D,18,3,5,8,10,15.0,0,0,1,0.167,0.278,0.444,46.0,6.5%
8,Janne Kuokkanen,CLT,20,F,48,12,26,38,16,8.0,6,0,1,0.25,0.542,0.792,104.0,11.5%
5,Jansen Harkins,MTB,21,F,70,15,16,31,37,-2.0,3,0,4,0.214,0.229,0.443,83.0,18.1%
47,Jared Coreau,SA,27,G,32,0,0,0,0,,0,0,0,0.0,0.0,0.0,,
52,Jared Coreau,SD,27,G,13,0,0,0,0,,0,0,0,0.0,0.0,0.0,,
43,Jared Thomas,SA,24,F,4,0,0,0,0,-1.0,0,0,0,0.0,0.0,0.0,0.0,0.00%
50,Jared Thomas,SD,24,F,3,0,0,0,0,-2.0,0,0,0,0.0,0.0,0.0,4.0,0.0%
36,Jared VanWormer,COL,26,F,3,0,0,0,4,-1.0,0,0,0,0.0,0.0,0.0,3.0,0.0%
38,Jared VanWormer,MIL,26,F,4,0,1,1,0,2.0,0,0,0,0.0,0.25,0.25,2.0,0.0%
43,Jared VanWormer,STK,26,F,1,0,0,0,0,0.0,0,0,0,0.0,0.0,0.0,0.0,0.00%
30,Jared Wilson,BAK,24,D,1,0,0,0,4,0.0,0,0,0,0.0,0.0,0.0,0.0,0.00%
13,Jarred Tinordi,MIL,26,F,75,8,14,22,85,0.0,0,0,2,0.107,0.187,0.293,126.0,6.4%
10,Jarrett Burton,WBS,28,F,66,6,15,21,51,4.0,0,0,0,0.091,0.227,0.318,84.0,7.1%
28,Jason Demers,TUC,30,D,1,0,1,1,0,-1.0,0,0,0,0.0,1.0,1.0,3.0,0.0%
6,Jayce Hawryluk,SPR,22,F,31,8,25,33,64,9.0,5,0,1,0.258,0.806,1.065,62.0,12.9%
20,Jaycob Megna,SD,26,D,38,2,11,13,20,8.0,0,0,0,0.053,0.289,0.342,67.0,3.0%
5,Jayden Halbgewachs,SJ,21,F,64,13,22,35,20,9.0,3,0,3,0.203,0.344,0.547,81.0,16.1%
4,Jayson Megna,HER,28,F,71,20,23,43,34,-1.0,8,1,5,0.282,0.324,0.606,160.0,12.5%
35,Jean-Christophe Beaudin,BEL,21,F,20,1,2,3,2,0.0,0,0,0,0.05,0.1,0.15,18.0,5.6%
14,Jean-Christophe Beaudin,COL,21,F,42,6,7,13,18,-12.0,0,0,0,0.143,0.167,0.31,70.0,8.6%
33,Jean-Francois Berube,CLE,27,G,43,0,1,1,4,,0,0,0,0.0,0.023,0.023,,
13,Jean-Sebastien Dea,SPR,24,F,20,11,11,22,18,-6.0,5,0,1,0.55,0.55,1.1,47.0,23.4%
9,Jean-Sebastien Dea,WBS,24,F,26,6,16,22,40,-6.0,3,0,1,0.231,0.615,0.846,71.0,8.5%
45,Jeff Glass,SD,33,G,19,0,1,1,0,,0,0,0,0.0,0.053,0.053,,
44,Jeff Glass,TOR,33,G,10,0,1,1,0,,0,0,0,0.0,0.1,0.1,,
11,Jeff Kubiak,BRI,24,F,54,9,12,21,22,14.0,1,0,0,0.167,0.222,0.389,57.0,15.8%
21,Jeff Taylor,WBS,24,D,42,2,6,8,33,0.0,0,0,0,0.048,0.143,0.19,52.0,3.9%
11,Jeffrey Viel,SJ,21,F,68,11,11,22,94,-9.0,1,0,1,0.162,0.162,0.324,116.0,9.5%
16,Jens Lke,TUC,21,F,61,8,7,15,12,-8.0,2,0,1,0.131,0.115,0.246,86.0,9.3%
29,Jeremy Beaudry,BAK,25,D,1,0,0,0,0,-2.0,0,0,0,0.0,0.0,0.0,3.0,0.0%
1,Jeremy Bracco,TOR,21,F,75,22,57,79,16,1.0,8,0,1,0.293,0.76,1.053,129.0,17.1%
18,Jeremy Gregoire,MIL,23,F,42,5,7,12,74,0.0,0,0,0,0.119,0.167,0.286,60.0,8.3%
22,Jeremy Gregoire,TUC,23,F,26,5,2,7,39,2.0,0,1,1,0.192,0.077,0.269,51.0,9.8%
31,Jeremy Groleau,BNG,19,D,5,1,1,2,0,-2.0,0,0,0,0.2,0.2,0.4,5.0,20.0%
35,Jeremy Helvig,CLT,21,G,1,0,0,0,0,,0,0,0,0.0,0.0,0.0,,
26,Jeremy Lauzon,PRO,21,D,29,1,6,7,42,8.0,0,0,0,0.034,0.207,0.241,44.0,2.3%
42,Jeremy Morin,HER,27,F,3,0,0,0,2,0.0,0,0,0,0.0,0.0,0.0,3.0,0.0%
12,Jeremy Roy,SJ,21,D,58,6,15,21,18,5.0,1,0,1,0.103,0.259,0.362,86.0,7.0%
34,Jeremy Smith,BRI,29,G,43,0,2,2,0,,0,0,0,0.0,0.047,0.047,,
10,Jesse Graham,UTC,24,D,52,4,14,18,32,-20.0,2,0,1,0.077,0.269,0.346,67.0,6.0%
24,Jesse Puljujrvi,BAK,20,F,4,2,2,4,7,2.0,0,0,0,0.5,0.5,1.0,17.0,11.8%
33,Jim O'Brien,BEL,29,F,11,1,2,3,4,1.0,0,0,0,0.091,0.182,0.273,15.0,6.7%
7,Jimmy Hayes,WBS,29,F,72,15,15,30,25,-1.0,2,0,2,0.208,0.208,0.417,129.0,11.6%
28,Jimmy Oligny,CHI,25,D,16,0,1,1,28,2.0,0,0,0,0.0,0.063,0.063,18.0,0.0%
18,Jimmy Oligny,MTB,25,D,32,2,8,10,35,4.0,0,0,0,0.063,0.25,0.313,28.0,7.1%
25,Joe Cox,LAV,24,F,9,2,2,4,2,-2.0,1,0,1,0.222,0.222,0.444,17.0,11.8%
3,Joe Gambardella,BAK,25,F,50,29,19,48,19,19.0,4,1,5,0.58,0.38,0.96,97.0,29.9%
7,Joe Hicketts,GR,22,D,64,3,24,27,67,2.0,0,0,1,0.047,0.375,0.422,109.0,2.8%
15,Joe Pendenza,MIL,28,F,40,7,11,18,14,13.0,0,2,1,0.175,0.275,0.45,50.0,14.0%
20,Joel Eriksson Ek,IA,21,F,9,4,5,9,8,-3.0,2,0,2,0.444,0.556,1.0,31.0,12.9%
9,Joel Hanley,TEX,27,D,60,8,20,28,32,10.0,1,0,0,0.133,0.333,0.467,73.0,11.0%
37,Joel Hofer,SA,18,G,1,0,0,0,0,,0,0,0,0.0,0.0,0.0,,
4,Joel L'Esperance,TEX,23,F,54,30,15,45,23,-5.0,13,0,5,0.556,0.278,0.833,158.0,19.0%
8,Joel Lowry,SPR,27,F,55,10,20,30,72,-3.0,6,0,0,0.182,0.364,0.545,64.0,15.6%
27,Joel Messner,PRO,24,D,32,1,6,7,18,-10.0,1,0,0,0.031,0.188,0.219,34.0,2.9%
24,Joey Anderson,BNG,20,F,13,2,4,6,5,-2.0,1,0,1,0.154,0.308,0.462,25.0,8.0%
45,Joey Dudek,BNG,22,F,5,0,0,0,2,-2.0,0,0,0,0.0,0.0,0.0,9.0,0.0%
1,Joey LaLeggia,SA,26,D,71,16,31,47,30,-14.0,4,0,2,0.225,0.437,0.662,135.0,11.9%
28,Joey Leach,HER,26,D,18,1,1,2,6,2.0,0,0,1,0.056,0.056,0.111,17.0,5.9%
28,John Edwardh,BNG,23,F,10,3,0,3,2,-8.0,0,0,1,0.3,0.0,0.3,11.0,27.3%
1,John Gilmour,HFD,25,D,70,20,34,54,31,-11.0,5,0,5,0.286,0.486,0.771,170.0,11.8%
22,John McCarron,STK,26,F,14,3,4,7,8,4.0,0,0,0,0.214,0.286,0.5,23.0,13.0%
7,John McCarthy,SJ,32,F,67,13,17,30,26,14.0,2,1,1,0.194,0.254,0.448,132.0,9.9%
33,John McFarland,BAK,26,F,9,0,0,0,2,-2.0,0,0,0,0.0,0.0,0.0,5.0,0.0%
46,John Muse,WBS,30,G,10,0,1,1,2,,0,0,0,0.0,0.1,0.1,,
23,John Nyberg,TEX,22,D,44,1,5,6,17,-12.0,0,0,1,0.023,0.114,0.136,32.0,3.1%
2,John Quenneville,BNG,22,F,37,18,21,39,41,-2.0,8,1,1,0.486,0.568,1.054,111.0,16.2%
6,John Ramage,BNG,27,D,74,12,19,31,59,-21.0,2,0,3,0.162,0.257,0.419,139.0,8.6%
24,John Stevens,BRI,24,F,25,3,4,7,21,2.0,0,1,0,0.12,0.16,0.28,26.0,11.5%
30,Johnathan Kovacevic,MTB,21,D,1,1,1,2,2,2.0,0,0,0,1.0,1.0,2.0,1.0,100.0%
47,Johno May,SD,25,F,1,0,0,0,0,-1.0,0,0,0,0.0,0.0,0.0,2.0,0.0%
39,Jon Gillies,STK,24,G,45,0,1,1,0,,0,0,0,0.0,0.022,0.022,,
37,Jon Lizotte,WBS,24,D,3,1,1,2,0,-1.0,0,0,0,0.333,0.333,0.667,5.0,20.0%
9,Jon Martin,SJ,23,F,57,11,17,28,85,12.0,1,0,1,0.193,0.298,0.491,112.0,9.8%
23,Jonah Gadjovich,UTC,20,F,43,4,6,10,32,-7.0,0,0,1,0.093,0.14,0.233,42.0,9.5%
42,Jonas Johansson,ROC,23,G,5,0,0,0,0,,0,0,0,0.0,0.0,0.0,,
21,Jonas Siegenthaler,HER,21,D,34,2,4,6,30,3.0,0,0,1,0.059,0.118,0.176,36.0,5.6%
11,Jonathan Ang,SPR,20,F,75,5,20,25,42,2.0,0,1,2,0.067,0.267,0.333,74.0,6.8%
26,Jonathan Dahlen,SJ,21,F,7,0,4,4,2,-3.0,0,0,0,0.0,0.571,0.571,14.0,0.0%
6,Jonathan Dahlen,UTC,21,F,50,14,15,29,10,-13.0,8,0,1,0.28,0.3,0.58,103.0,13.6%
38,Jonathan Racine,BEL,25,D,9,1,0,1,13,-2.0,0,0,0,0.111,0.0,0.111,5.0,20.0%
14,Joni Tuulola,RFD,22,D,52,4,10,14,17,-2.0,0,0,1,0.077,0.192,0.269,61.0,6.6%
24,Jonne Tammela,SYR,21,F,20,1,3,4,8,3.0,0,0,0,0.05,0.15,0.2,10.0,10.0%
32,Jonny Brodzinski,ONT,25,F,3,1,0,1,2,-3.0,1,0,0,0.333,0.0,0.333,9.0,11.1%
33,Joona Koppanen,PRO,20,F,45,2,0,2,6,-6.0,0,0,0,0.044,0.0,0.044,42.0,4.8%
31,Joonas Lyytinen,MIL,23,D,20,0,3,3,6,0.0,0,0,0,0.0,0.15,0.15,9.0,0.0%
45,Jordan Binnington,SA,25,G,16,0,0,0,15,,0,0,0,0.0,0.0,0.0,,
42,Jordan Ernst,STK,21,F,1,0,0,0,0,0.0,0,0,0,0.0,0.0,0.0,0.0,0.00%
25,Jordan Greenway,IA,21,F,5,3,3,6,0,2.0,1,0,1,0.6,0.6,1.2,9.0,33.3%
10,Jordan Gross,TUC,23,D,61,5,20,25,28,-5.0,1,0,1,0.082,0.328,0.41,145.0,3.5%
3,Jordan Kyrou,SA,20,F,47,16,27,43,10,1.0,5,1,2,0.34,0.574,0.915,124.0,12.9%
10,Jordan Murray,BEL,26,D,54,9,17,26,38,-2.0,4,0,1,0.167,0.315,0.481,81.0,11.1%
4,Jordan Nolan,SA,29,F,59,17,18,35,72,-9.0,4,0,3,0.288,0.305,0.593,132.0,12.9%
21,Jordan Schmaltz,SA,25,D,36,1,8,9,20,-22.0,0,0,0,0.028,0.222,0.25,50.0,2.0%
1,Jordan Schroeder,RFD,28,F,62,19,26,45,10,-6.0,8,0,1,0.306,0.419,0.726,185.0,10.3%
13,Jordan Subban,TOR,23,D,48,3,15,18,25,-1.0,2,0,0,0.063,0.313,0.375,73.0,4.1%
1,Jordan Szwarz,PRO,27,F,68,23,23,46,56,3.0,7,1,3,0.338,0.338,0.676,128.0,18.0%
54,Jordy Bellerive,WBS,19,F,3,0,0,0,0,-3.0,0,0,0,0.0,0.0,0.0,3.0,0.0%
28,Jori Lehter,LV,31,F,5,1,2,3,4,0.0,0,0,0,0.2,0.4,0.6,4.0,25.0%
38,Josef Korenar,SJ,20,G,34,0,0,0,4,,0,0,0,0.0,0.0,0.0,,
10,Joseph Blandisi,SD,24,F,27,8,15,23,42,9.0,1,1,3,0.296,0.556,0.852,57.0,14.0%
12,Joseph Blandisi,WBS,24,F,27,9,11,20,58,-4.0,3,0,0,0.333,0.407,0.741,53.0,17.0%
30,Joseph Cecconi,TEX,21,D,8,0,2,2,0,1.0,0,0,0,0.0,0.25,0.25,6.0,0.0%
14,Joseph Cramarossa,WBS,26,F,56,4,12,16,116,-6.0,0,0,1,0.071,0.214,0.286,63.0,6.4%
53,Joseph Duszak,TOR,21,D,2,0,0,0,2,-3.0,0,0,0,0.0,0.0,0.0,7.0,0.0%
17,Joseph LaBate,BEL,25,F,70,8,5,13,106,-12.0,0,0,0,0.114,0.071,0.186,80.0,10.0%
20,Joseph Snively,HER,22,F,9,2,5,7,0,3.0,1,0,1,0.222,0.556,0.778,15.0,13.3%
32,Josh Anderson,COL,20,D,1,0,0,0,0,0.0,0,0,0,0.0,0.0,0.0,1.0,0.0%
30,Josh Atkinson,CHI,26,D,1,0,0,0,0,-2.0,0,0,0,0.0,0.0,0.0,1.0,0.0%
39,Josh Brook,LAV,19,D,7,0,1,1,10,-2.0,0,0,0,0.0,0.143,0.143,8.0,0.0%
31,Josh Brown,SPR,24,D,22,3,0,3,34,1.0,1,0,0,0.136,0.0,0.136,20.0,15.0%
4,Josh Currie,BAK,26,F,53,27,14,41,17,6.0,6,0,8,0.509,0.264,0.774,138.0,19.6%
25,Josh Dickinson,COL,21,F,21,1,3,4,4,-5.0,0,1,0,0.048,0.143,0.19,14.0,7.1%
18,Josh Healey,STK,24,D,55,1,10,11,64,4.0,0,0,0,0.018,0.182,0.2,31.0,3.2%
17,Josh Jacobs,BNG,22,D,69,3,10,13,42,-7.0,0,0,0,0.043,0.145,0.188,89.0,3.4%
15,Josh Jooris,TOR,28,F,74,8,7,15,28,-2.0,0,2,2,0.108,0.095,0.203,95.0,8.4%
49,Josh Kestner,TOR,25,F,1,0,0,0,4,-1.0,0,0,0,0.0,0.0,0.0,0.0,0.00%
45,Josh MacDonald,LV,24,F,8,0,0,0,0,-2.0,0,0,0,0.0,0.0,0.0,5.0,0.0%
31,Josh McArdle,RFD,24,D,19,1,2,3,6,-4.0,0,0,0,0.053,0.105,0.158,14.0,7.1%
28,Josh Melnick,TEX,23,F,11,0,3,3,2,6.0,0,0,0,0.0,0.273,0.273,10.0,0.0%
29,Josh Wesley,CLT,22,D,6,0,2,2,6,0.0,0,0,0,0.0,0.333,0.333,10.0,0.0%
34,Josh Wesley,HFD,22,D,15,1,0,1,13,-2.0,0,0,0,0.067,0.0,0.067,16.0,6.3%
5,Joshua Ho-Sang,BRI,22,F,56,8,35,43,18,-6.0,2,0,2,0.143,0.625,0.768,59.0,13.6%
12,Joshua Mahura,SD,20,D,40,1,18,19,10,-3.0,1,0,0,0.025,0.45,0.475,55.0,1.8%
20,Josiah Didier,CLT,25,D,41,2,8,10,52,10.0,0,0,1,0.049,0.195,0.244,41.0,4.9%
33,Judd Peterson,ROC,25,F,5,1,0,1,4,-1.0,0,0,0,0.2,0.0,0.2,4.0,25.0%
16,Juho Lammikko,SPR,22,F,36,6,12,18,22,-10.0,1,2,1,0.167,0.333,0.5,74.0,8.1%
21,Julian Melchiori,SPR,27,D,54,6,6,12,49,-1.0,3,0,1,0.111,0.111,0.222,74.0,8.1%
7,Julien Gauthier,CLT,21,F,75,27,14,41,57,-6.0,9,0,3,0.36,0.187,0.547,167.0,16.2%
26,Julien Nantel,COL,22,F,45,1,3,4,8,-1.0,0,0,0,0.022,0.067,0.089,62.0,1.6%
29,Julius Bergman,BEL,23,D,33,0,6,6,12,-9.0,0,0,0,0.0,0.182,0.182,27.0,0.0%
31,Julius Bergman,HFD,23,D,10,0,2,2,2,-3.0,0,0,0,0.0,0.2,0.2,4.0,0.0%
44,Justin Auger,BEL,24,F,2,0,0,0,0,-1.0,0,0,0,0.0,0.0,0.0,2.0,0.0%
32,Justin Auger,RFD,24,F,9,2,0,2,6,0.0,0,0,0,0.222,0.0,0.222,13.0,15.4%
24,Justin Bailey,LV,23,F,17,6,2,8,12,-4.0,1,0,0,0.353,0.118,0.471,42.0,14.3%
14,Justin Bailey,ROC,23,F,37,9,11,20,18,0.0,1,0,2,0.243,0.297,0.541,104.0,8.7%
35,Justin Baudry,ONT,22,D,2,0,1,1,0,-1.0,0,0,0,0.0,0.5,0.5,0.0,0.00%
2,Justin Dowling,TEX,28,F,62,13,40,53,12,-6.0,4,0,0,0.21,0.645,0.855,154.0,8.4%
31,Justin Falk,BEL,30,D,18,1,4,5,10,2.0,0,0,1,0.056,0.222,0.278,14.0,7.1%
28,Justin Falk,COL,30,D,8,1,1,2,6,2.0,0,0,0,0.125,0.125,0.25,13.0,7.7%
7,Justin Kirkland,MIL,22,F,75,9,21,30,58,-9.0,0,0,0,0.12,0.28,0.4,130.0,6.9%
9,Justin Kloos,IA,25,F,34,12,18,30,26,4.0,3,1,1,0.353,0.529,0.882,91.0,13.2%
17,Justin Kloos,SD,25,F,25,6,9,15,10,-1.0,1,0,1,0.24,0.36,0.6,57.0,10.5%
10,Justin Scott,CLE,23,F,67,13,11,24,61,4.0,1,1,1,0.194,0.164,0.358,179.0,7.3%
34,Justin Taylor,SA,29,F,1,0,0,0,0,-1.0,0,0,0,0.0,0.0,0.0,2.0,0.0%
32,Justin Wade,CLE,24,D,8,0,1,1,10,-4.0,0,0,0,0.0,0.125,0.125,4.0,0.0%
35,Justin Woods,MTB,24,D,9,0,1,1,2,-4.0,0,0,0,0.0,0.111,0.111,4.0,0.0%
15,Juuso Ikonen,HER,23,F,54,4,10,14,6,-1.0,1,0,1,0.074,0.185,0.259,53.0,7.6%
41,Juuso Riikola,WBS,25,D,5,0,2,2,0,1.0,0,0,0,0.0,0.4,0.4,9.0,0.0%
16,Juuso Vlimki,STK,20,D,20,4,10,14,18,9.0,0,0,1,0.2,0.5,0.7,37.0,10.8%
35,Kaapo Khknen,IA,22,G,39,0,0,0,2,,0,0,0,0.0,0.0,0.0,,
18,Kailer Yamamoto,BAK,20,F,27,10,8,18,16,12.0,6,0,2,0.37,0.296,0.667,45.0,22.2%
8,Kale Clague,ONT,20,D,52,7,22,29,34,-20.0,3,0,0,0.135,0.423,0.558,99.0,7.1%
38,Kale Kessy,COL,26,F,15,0,0,0,81,-3.0,0,0,0,0.0,0.0,0.0,6.0,0.0%
38,Kale Kessy,MTB,26,F,1,0,0,0,0,0.0,0,0,0,0.0,0.0,0.0,0.0,0.00%
6,Kalle Kossila,SD,25,F,44,14,21,35,14,-18.0,5,1,0,0.318,0.477,0.795,111.0,12.6%
31,Kamerin Nault,MTB,23,F,1,1,1,2,2,2.0,0,0,0,1.0,1.0,2.0,5.0,20.0%
22,Karl Alzner,LAV,30,D,34,1,5,6,10,2.0,0,0,0,0.029,0.147,0.176,26.0,3.9%
40,Karl El-Mir,PRO,22,F,1,0,0,0,0,-1.0,0,0,0,0.0,0.0,0.0,3.0,0.0%
6,Karson Kuhlman,PRO,23,F,58,12,18,30,8,23.0,0,3,0,0.207,0.31,0.517,123.0,9.8%
57,Kasimir Kaskisuo,TOR,25,G,30,0,0,0,0,,0,0,0,0.0,0.0,0.0,,
34,Kayle Doetzel,CLE,23,D,1,0,0,0,2,1.0,0,0,0,0.0,0.0,0.0,1.0,0.0%
40,Kayle Doetzel,STK,23,D,1,0,0,0,12,0.0,0,0,0,0.0,0.0,0.0,0.0,0.00%
20,Keaton Middleton,SJ,20,D,61,6,7,13,64,12.0,0,0,1,0.098,0.115,0.213,57.0,10.5%
25,Keaton Thompson,SD,23,D,53,0,7,7,49,-2.0,0,0,0,0.0,0.132,0.132,44.0,0.0%
9,Keegan Kolesar,CHI,21,F,74,20,16,36,90,-1.0,1,0,3,0.27,0.216,0.486,107.0,18.7%
17,Keegan Lowe,BAK,25,D,67,0,20,20,66,19.0,0,0,0,0.0,0.299,0.299,91.0,0.0%
31,Kelly Klima,TUC,21,F,10,0,1,1,22,2.0,0,0,0,0.0,0.1,0.1,7.0,0.0%
36,Ken Appleby,MTB,23,G,10,0,1,1,6,,0,0,0,0.0,0.1,0.1,,
17,Kenny Agostino,LAV,26,F,12,4,6,10,4,-5.0,2,0,0,0.333,0.5,0.833,48.0,8.3%
3,Kerby Rychel,STK,24,F,57,23,20,43,29,-8.0,8,0,4,0.404,0.351,0.754,134.0,17.2%
39,Kevin Boyle,SD,26,G,43,0,2,2,2,,0,0,0,0.0,0.047,0.047,,
11,Kevin Czuczman,WBS,27,D,65,4,17,21,60,8.0,1,0,1,0.062,0.262,0.323,110.0,3.6%
13,Kevin Davis,COL,21,D,25,3,12,15,0,-8.0,2,0,1,0.12,0.48,0.6,25.0,12.0%
34,Kevin Ekman-Larsson,TUC,23,D,28,0,1,1,4,-2.0,0,0,0,0.0,0.036,0.036,14.0,0.0%
28,Kevin Gravel,BAK,26,D,5,0,1,1,0,1.0,0,0,0,0.0,0.2,0.2,8.0,0.0%
30,Kevin Klima,TUC,21,F,4,0,1,1,0,-1.0,0,0,0,0.0,0.25,0.25,2.0,0.0%
47,Kevin Lankinen,RFD,23,G,19,0,0,0,0,,0,0,0,0.0,0.0,0.0,,
27,Kevin Lough,CHI,26,D,14,0,1,1,6,3.0,0,0,0,0.0,0.071,0.071,11.0,0.0%
7,Kevin Porter,ROC,32,F,58,10,29,39,37,21.0,3,1,1,0.172,0.5,0.672,92.0,10.9%
14,Kevin Rooney,BNG,25,F,38,1,16,17,26,-11.0,1,0,0,0.026,0.421,0.447,55.0,1.8%
30,Kevin Roy,SD,25,F,11,1,4,5,6,-4.0,0,0,0,0.091,0.364,0.455,26.0,3.9%
56,Kevin Spinozzi,WBS,22,D,5,0,0,0,0,-1.0,0,0,0,0.0,0.0,0.0,8.0,0.0%
9,Kevin Stenlund,CLE,22,F,59,15,10,25,12,-17.0,0,0,4,0.254,0.169,0.424,134.0,11.2%
39,Kevin Tansey,GR,25,D,4,0,0,0,2,-2.0,0,0,0,0.0,0.0,0.0,4.0,0.0%
26,Kevin Tansey,STK,25,D,11,2,2,4,2,0.0,0,0,0,0.182,0.182,0.364,15.0,13.3%
13,Kiefer Sherwood,SD,23,F,29,6,12,18,12,15.0,0,1,0,0.207,0.414,0.621,75.0,8.0%
12,Kieffer Bellows,BRI,20,F,73,12,7,19,101,-20.0,2,0,0,0.164,0.096,0.26,141.0,8.5%
7,Klim Kostin,SA,19,F,66,10,14,24,102,-28.0,4,0,1,0.152,0.212,0.364,99.0,10.1%
14,Kole Lind,UTC,20,F,51,5,11,16,20,-10.0,0,0,1,0.098,0.216,0.314,64.0,7.8%
8,Kole Sherwood,CLE,21,F,56,16,9,25,71,1.0,3,0,1,0.286,0.161,0.446,138.0,11.6%
29,Korbinian Holzer,SD,30,D,12,2,3,5,4,7.0,1,0,0,0.167,0.25,0.417,22.0,9.1%
19,Kristian Reichel,MTB,20,F,55,2,8,10,14,-3.0,0,0,0,0.036,0.145,0.182,58.0,3.5%
14,Kristian Vesalainen,MTB,19,F,22,4,9,13,10,-1.0,0,0,1,0.182,0.409,0.591,31.0,12.9%
30,Kristians Rubins,TOR,21,D,15,0,3,3,4,-2.0,0,0,0,0.0,0.2,0.2,16.0,0.0%
43,Kristofers Bindulis,HER,23,D,4,0,0,0,2,0.0,0,0,0,0.0,0.0,0.0,2.0,0.0%
31,Kurt Gosselin,ROC,24,D,8,0,3,3,4,0.0,0,0,0,0.0,0.375,0.375,11.0,0.0%
25,Kurtis Gabriel,BNG,25,F,32,2,4,6,28,-1.0,0,0,0,0.063,0.125,0.188,20.0,10.0%
17,Kurtis MacDermid,ONT,24,D,48,5,10,15,147,8.0,1,0,2,0.104,0.208,0.313,75.0,6.7%
14,Kyle Bauman,ONT,25,F,67,5,13,18,26,-17.0,0,2,1,0.075,0.194,0.269,66.0,7.6%
17,Kyle Burroughs,BRI,23,D,69,4,11,15,103,13.0,0,0,0,0.058,0.159,0.217,97.0,4.1%
7,Kyle Capobianco,TUC,21,D,40,7,25,32,51,10.0,3,0,1,0.175,0.625,0.8,93.0,7.5%
15,Kyle Criscuolo,ROC,26,F,43,6,14,20,14,0.0,1,0,0,0.14,0.326,0.465,79.0,7.6%
16,Kyle Cumiskey,PRO,32,D,35,3,15,18,12,7.0,1,0,1,0.086,0.429,0.514,38.0,7.9%
47,Kyle Cumiskey,TOR,32,D,1,0,0,0,0,-1.0,0,0,0,0.0,0.0,0.0,0.0,0.00%
3,Kyle Rau,IA,26,F,69,26,27,53,24,-21.0,17,2,4,0.377,0.391,0.768,202.0,12.9%
33,Kyle Thomas,UTC,28,F,6,1,1,2,2,0.0,0,0,0,0.167,0.167,0.333,7.0,14.3%
6,Kyle Wood,SJ,22,D,68,6,29,35,47,16.0,3,0,2,0.088,0.426,0.515,129.0,4.7%
40,Landon Bow,TEX,23,G,46,0,0,0,0,,0,0,0,0.0,0.0,0.0,,
28,Landon Ferraro,IA,27,F,12,2,3,5,14,1.0,1,0,0,0.167,0.25,0.417,15.0,13.3%
1,Lane Pederson,TUC,21,F,67,23,24,47,36,-10.0,8,0,3,0.343,0.358,0.701,132.0,17.4%
16,Laurent Dauphin,MIL,23,F,27,4,11,15,18,6.0,1,1,0,0.148,0.407,0.556,34.0,11.8%
14,Laurent Dauphin,TUC,23,F,34,6,14,20,42,2.0,2,1,1,0.176,0.412,0.588,72.0,8.3%
10,Lawrence Pilut,ROC,23,D,30,4,22,26,14,22.0,3,0,0,0.133,0.733,0.867,70.0,5.7%
14,Lee Stempniak,PRO,35,F,20,7,11,18,8,3.0,1,1,2,0.35,0.55,0.9,44.0,15.9%
30,Lewis Zerter-Gossage,HFD,23,F,5,2,0,2,0,1.0,0,0,1,0.4,0.0,0.4,6.0,33.3%
7,Liam O'Brien,HER,24,F,74,15,13,28,118,-12.0,3,0,4,0.203,0.176,0.378,131.0,11.5%
36,Liam Pecararo,SPR,22,F,2,0,1,1,0,-1.0,0,0,0,0.0,0.5,0.5,1.0,0.0%
13,Lias Andersson,HFD,20,F,36,6,14,20,25,-24.0,1,1,0,0.167,0.389,0.556,70.0,8.6%
24,Libor Hajek,HFD,20,D,58,0,5,5,36,-26.0,0,0,0,0.0,0.086,0.086,72.0,0.0%
16,Libor Sulak,GR,24,D,61,5,9,14,42,-7.0,0,0,0,0.082,0.148,0.23,95.0,5.3%
17,Linus lund,WBS,21,F,61,6,9,15,8,3.0,0,1,2,0.098,0.148,0.246,41.0,14.6%
3,Logan Brown,BEL,20,F,56,14,28,42,24,19.0,3,0,5,0.25,0.5,0.75,108.0,13.0%
7,Logan Day,BAK,24,D,64,7,27,34,14,14.0,3,0,1,0.109,0.422,0.531,120.0,5.8%
3,Logan O'Connor,COL,22,F,64,19,23,42,29,-1.0,3,5,4,0.297,0.359,0.656,174.0,10.9%
35,Logan Pyett,HER,30,D,10,0,1,1,8,-5.0,0,0,0,0.0,0.1,0.1,7.0,0.0%
40,Logan Roe,MTB,27,D,1,0,0,0,0,0.0,0,0,0,0.0,0.0,0.0,0.0,0.00%
2,Logan Shaw,MTB,26,F,63,27,19,46,38,-25.0,13,1,6,0.429,0.302,0.73,152.0,17.8%
28,Logan Shaw,SD,26,F,7,2,3,5,6,0.0,1,0,0,0.286,0.429,0.714,15.0,13.3%
10,Logan Stanley,MTB,20,D,73,6,16,22,70,-9.0,2,0,0,0.082,0.219,0.301,150.0,4.0%
39,Logan Thompson,BNG,21,G,1,0,0,0,0,,0,0,0,0.0,0.0,0.0,,
12,Louis Belpedio,IA,22,D,70,6,15,21,50,-10.0,3,0,1,0.086,0.214,0.3,147.0,4.1%
37,Luc Snuggerud,RFD,23,D,4,0,1,1,0,-4.0,0,0,0,0.0,0.25,0.25,1.0,0.0%
4,Lucas Carlsson,RFD,21,D,69,9,24,33,34,-5.0,2,0,0,0.13,0.348,0.478,123.0,7.3%
16,Lucas Johansen,HER,21,D,45,3,11,14,22,-14.0,1,0,0,0.067,0.244,0.311,50.0,6.0%
9,Ludvig Bystrm,SPR,24,D,71,4,26,30,14,5.0,2,0,2,0.056,0.366,0.423,84.0,4.8%
33,Ludvig Larsson,BNG,23,F,7,1,1,2,0,-1.0,0,0,0,0.143,0.143,0.286,19.0,5.3%
7,Lukas Jasek,UTC,21,F,63,9,20,29,24,-2.0,2,0,1,0.143,0.317,0.46,102.0,8.8%
22,Lukas Radil,SJ,28,F,15,4,7,11,14,5.0,0,0,1,0.267,0.467,0.733,28.0,14.3%
5,Lukas Vejdemo,LAV,22,F,66,13,16,29,18,5.0,1,1,1,0.197,0.242,0.439,97.0,13.4%
14,Luke Esposito,BAK,25,F,63,7,17,24,51,-2.0,0,0,0,0.111,0.27,0.381,90.0,7.8%
24,Luke Gazdic,SD,29,F,20,3,4,7,39,-2.0,0,0,1,0.15,0.2,0.35,18.0,16.7%
28,Luke Green,MTB,20,D,11,1,2,3,10,-5.0,0,0,1,0.091,0.182,0.273,12.0,8.3%
6,Luke Johnson,RFD,24,F,53,18,13,31,34,-13.0,4,0,6,0.34,0.245,0.585,99.0,18.2%
13,Luke Kunin,IA,21,F,28,12,8,20,30,2.0,3,0,1,0.429,0.286,0.714,59.0,20.3%
22,Luke Schenn,SD,29,D,22,2,8,10,9,8.0,0,0,0,0.091,0.364,0.455,41.0,4.9%
28,Luke Schenn,UTC,29,D,7,1,4,5,4,3.0,1,0,0,0.143,0.571,0.714,18.0,5.6%
38,Mackenze Stewart,GR,23,D,4,0,0,0,0,-3.0,0,0,0,0.0,0.0,0.0,7.0,0.0%
50,Mackenzie Blackwood,BNG,22,G,20,0,0,0,2,,0,0,0,0.0,0.0,0.0,,
14,MacKenzie MacEachern,SA,24,F,33,9,7,16,18,2.0,1,0,3,0.273,0.212,0.485,62.0,14.5%
33,Macoy Erkamps,WBS,23,D,24,0,4,4,39,-3.0,0,0,0,0.0,0.167,0.167,20.0,0.0%
18,Manuel Wiederer,SJ,22,F,39,9,7,16,16,7.0,0,1,1,0.231,0.179,0.41,67.0,13.4%
24,Marco Roy,CHI,24,F,12,1,1,2,2,1.0,0,0,0,0.083,0.083,0.167,3.0,33.3%
43,Marco Roy,LAV,24,F,10,0,0,0,6,-5.0,0,0,0,0.0,0.0,0.0,5.0,0.0%
40,Marcus Crawford,GR,21,D,8,0,0,0,4,-2.0,0,0,0,0.0,0.0,0.0,13.0,0.0%
40,Marcus Hgberg,BEL,24,G,39,0,1,1,0,,0,0,0,0.0,0.026,0.026,,
31,Marcus Hgstrm,STK,29,D,12,0,2,2,6,-4.0,0,0,0,0.0,0.167,0.167,18.0,0.0%
28,Marcus Vela,SJ,21,F,6,0,2,2,2,-2.0,0,0,0,0.0,0.333,0.333,2.0,0.0%
48,Marek Mazanec,HFD,27,G,20,0,0,0,0,,0,0,0,0.0,0.0,0.0,,
51,Marek Mazanec,UTC,27,G,10,0,0,0,0,,0,0,0,0.0,0.0,0.0,,
8,Marian Studenic,BNG,20,F,64,13,15,28,18,-9.0,1,0,2,0.203,0.234,0.438,76.0,17.1%
20,Mario Kempe,TUC,30,F,10,5,6,11,8,4.0,2,0,1,0.5,0.6,1.1,26.0,19.2%
11,Mark Alt,COL,27,D,61,6,13,19,30,-5.0,3,0,2,0.098,0.213,0.311,122.0,4.9%
30,Mark Barberio,COL,28,D,2,0,1,1,4,1.0,0,0,0,0.0,0.5,0.5,3.0,0.0%
23,Mark Cooper,SA,26,F,25,2,5,7,13,-7.0,0,0,0,0.08,0.2,0.28,24.0,8.3%
11,Mark Friedman,LV,23,D,75,5,21,26,68,-3.0,0,0,1,0.067,0.28,0.347,125.0,4.0%
2,Mark Letestu,CLE,33,F,64,21,29,50,16,2.0,5,1,7,0.328,0.453,0.781,153.0,13.7%
10,Mark McNeill,PRO,25,F,56,8,17,25,35,-2.0,4,0,0,0.143,0.304,0.446,79.0,10.1%
6,Marko Dano,MTB,24,F,51,12,18,30,75,-6.0,5,0,2,0.235,0.353,0.588,125.0,9.6%
31,Martin Bakos,PRO,28,F,16,3,1,4,8,-4.0,1,0,0,0.188,0.063,0.25,43.0,7.0%
15,Martin Frk,GR,25,F,13,5,9,14,6,12.0,1,0,0,0.385,0.692,1.077,37.0,13.5%
7,Martin Kaut,COL,19,F,63,12,14,26,34,-5.0,2,0,3,0.19,0.222,0.413,124.0,9.7%
27,Martin Marincin,TOR,26,D,8,1,3,4,0,0.0,0,0,0,0.125,0.375,0.5,21.0,4.8%
3,Martin Necas,CLT,19,F,64,16,36,52,36,20.0,5,0,3,0.25,0.563,0.813,115.0,13.9%
38,Martin Ouellette,SYR,27,G,6,0,0,0,0,,0,0,0,0.0,0.0,0.0,,
4,Mason Appleton,MTB,22,F,40,15,17,32,24,-5.0,6,0,7,0.375,0.425,0.8,107.0,14.0%
33,Mason Bergh,ONT,23,F,3,1,0,1,0,0.0,1,0,0,0.333,0.0,0.333,3.0,33.3%
12,Mason Geertsen,COL,23,D,58,3,13,16,134,5.0,0,0,0,0.052,0.224,0.276,56.0,5.4%
12,Mason Marchment,TOR,23,F,44,13,12,25,60,5.0,4,1,4,0.295,0.273,0.568,97.0,13.4%
36,Mason Mitchell,HER,24,F,11,0,1,1,8,-2.0,0,0,0,0.0,0.091,0.091,7.0,0.0%
25,Mason Morelli,STK,22,F,9,3,1,4,6,7.0,0,0,0,0.333,0.111,0.444,16.0,18.8%
7,Mason Shaw,IA,20,F,76,8,25,33,43,-2.0,2,0,1,0.105,0.329,0.434,124.0,6.5%
14,Mathew Berry,SD,26,F,42,4,14,18,28,6.0,0,0,1,0.095,0.333,0.429,72.0,5.6%
20,Mathieu Olivier,MIL,21,F,54,4,8,12,91,5.0,0,1,0,0.074,0.148,0.222,56.0,7.1%
36,Matiss Kivlenieks,CLE,22,G,14,0,0,0,0,,0,0,0,0.0,0.0,0.0,,
18,Matt Abt,WBS,25,D,63,0,12,12,55,7.0,0,0,0,0.0,0.19,0.19,91.0,0.0%
17,Matt Bartkowski,IA,30,D,70,4,15,19,48,11.0,0,0,2,0.057,0.214,0.271,86.0,4.7%
10,Matt Beleskey,HFD,30,F,53,5,17,22,55,-10.0,2,0,0,0.094,0.321,0.415,103.0,4.9%
4,Matt Donovan,MIL,28,D,64,11,24,35,66,5.0,7,0,3,0.172,0.375,0.547,116.0,9.5%
30,Matt Finn,GR,24,D,4,1,0,1,2,-2.0,0,0,0,0.25,0.0,0.25,2.0,50.0%
41,Matt Finn,HFD,24,D,4,0,0,0,2,1.0,0,0,0,0.0,0.0,0.0,4.0,0.0%
37,Matt Finn,ONT,24,D,1,0,0,0,0,-1.0,0,0,0,0.0,0.0,0.0,1.0,0.0%
21,Matt Fonteyne,SJ,21,F,41,5,7,12,2,-1.0,0,0,2,0.122,0.171,0.293,38.0,13.2%
34,Matt Hunwick,ROC,33,D,2,0,1,1,0,2.0,0,0,0,0.0,0.5,0.5,3.0,0.0%
25,Matt Iacopelli,RFD,24,F,27,2,2,4,19,-7.0,0,0,0,0.074,0.074,0.148,32.0,6.3%
15,Matt Lorito,BRI,28,F,23,5,11,16,12,6.0,0,0,1,0.217,0.478,0.696,45.0,11.1%
6,Matt Luff,ONT,21,F,36,11,20,31,32,7.0,2,2,0,0.306,0.556,0.861,153.0,7.2%
7,Matt Mangene,SPR,29,F,62,8,24,32,34,-9.0,5,0,0,0.129,0.387,0.516,104.0,7.7%
22,Matt Marcinew,SPR,25,F,33,4,8,12,13,1.0,2,0,1,0.121,0.242,0.364,44.0,9.1%
1,Matt Moulson,ONT,35,F,68,28,34,62,48,-1.0,14,0,1,0.412,0.5,0.912,154.0,18.2%
35,Matt Petgrave,UTC,26,D,12,1,1,2,4,-3.0,1,0,0,0.083,0.083,0.167,19.0,5.3%
2,Matt Puempel,GR,25,F,62,24,26,50,38,2.0,8,0,1,0.387,0.419,0.806,225.0,10.7%
6,Matt Read,IA,32,F,61,16,21,37,36,-5.0,4,2,2,0.262,0.344,0.607,107.0,15.0%
7,Matt Roy,ONT,23,D,45,8,21,29,17,-21.0,4,0,0,0.178,0.467,0.644,131.0,6.1%
31,Matt Spencer,SYR,21,D,11,0,1,1,2,0.0,0,0,0,0.0,0.091,0.091,6.0,0.0%
23,Matt Taormina,STK,32,D,31,0,7,7,14,-12.0,0,0,0,0.0,0.226,0.226,49.0,0.0%
13,Matt Tennyson,ROC,28,D,47,4,17,21,42,-8.0,0,0,0,0.085,0.362,0.447,90.0,4.4%
18,Matteo Gennaro,TUC,21,F,58,7,5,12,26,-3.0,0,0,1,0.121,0.086,0.207,66.0,10.6%
9,Matthew Ford,GR,34,F,61,11,13,24,49,-6.0,1,0,1,0.18,0.213,0.393,110.0,10.0%
29,Matthew Gaudreau,BRI,24,F,8,1,3,4,2,-2.0,0,0,0,0.125,0.375,0.5,9.0,11.1%
19,Matthew Highmore,RFD,22,F,12,3,6,9,6,1.0,0,1,0,0.25,0.5,0.75,17.0,17.7%
45,Matthew Lane,MIL,24,F,11,0,0,0,6,0.0,0,0,0,0.0,0.0,0.0,8.0,0.0%
52,Matthew O'Connor,WBS,26,G,2,0,0,0,0,,0,0,0,0.0,0.0,0.0,,
8,Matthew Phillips,STK,20,F,65,13,25,38,2,-4.0,1,0,3,0.2,0.385,0.585,97.0,13.4%
35,Matthew Register,HFD,29,D,5,0,1,1,0,-2.0,0,0,0,0.0,0.2,0.2,5.0,0.0%
31,Matthew Strome,LV,19,F,6,0,2,2,4,2.0,0,0,0,0.0,0.333,0.333,6.0,0.0%
34,Matthew Struthers,LAV,19,F,5,1,0,1,0,-3.0,1,0,0,0.2,0.0,0.2,5.0,20.0%
20,Matthew Weis,CHI,23,F,60,3,8,11,8,3.0,0,0,0,0.05,0.133,0.183,49.0,6.1%
29,Max Gottlieb,ONT,23,D,6,1,1,2,0,-1.0,1,0,0,0.167,0.167,0.333,9.0,11.1%
7,Max Jones,SD,20,F,43,14,15,29,50,7.0,2,0,4,0.326,0.349,0.674,97.0,14.4%
18,Max McCormick,BEL,26,F,20,7,5,12,19,4.0,1,0,0,0.35,0.25,0.6,39.0,18.0%
20,Max McCormick,COL,26,F,25,2,6,8,41,-9.0,0,1,1,0.08,0.24,0.32,37.0,5.4%
12,Maxim Lamarche,LAV,26,D,73,3,16,19,40,-1.0,0,0,0,0.041,0.219,0.26,50.0,6.0%
8,Maxim Letunov,SJ,22,F,57,12,16,28,20,0.0,1,0,4,0.211,0.281,0.491,93.0,12.9%
40,Maxime Comtois,SD,19,F,4,1,0,1,2,-2.0,1,0,0,0.25,0.0,0.25,3.0,33.3%
25,Maxime Fortier,CLE,21,F,20,1,4,5,2,-2.0,0,0,0,0.05,0.2,0.25,23.0,4.4%
34,Maxime Lagace,CHI,25,G,33,0,0,0,4,,0,0,0,0.0,0.0,0.0,,
39,Maxime Lajoie,BEL,21,D,3,0,1,1,0,2.0,0,0,0,0.0,0.333,0.333,3.0,0.0%
17,Maximilian Kammerer,HER,22,F,33,4,9,13,4,1.0,1,0,0,0.121,0.273,0.394,25.0,16.0%
32,Merrick Madsen,TUC,23,G,11,0,1,1,0,,0,0,0,0.0,0.091,0.091,,
25,Michael Bournival,SYR,26,F,5,1,2,3,2,0.0,0,1,0,0.2,0.4,0.6,6.0,16.7%
2,Michael Bunting,TUC,23,F,52,19,22,41,84,15.0,7,1,3,0.365,0.423,0.788,159.0,12.0%
11,Michael Carcone,TOR,22,F,42,14,13,27,39,0.0,2,0,5,0.333,0.31,0.643,82.0,17.1%
12,Michael Carcone,UTC,22,F,20,6,11,17,6,-2.0,2,1,0,0.3,0.55,0.85,46.0,13.0%
13,Michael Chaput,LAV,26,F,24,10,6,16,18,0.0,2,3,4,0.417,0.25,0.667,53.0,18.9%
15,Michael Chaput,TUC,26,F,16,6,10,16,16,6.0,2,0,0,0.375,0.625,1.0,43.0,14.0%
8,Michael Dal Colle,BRI,22,F,34,18,16,34,20,11.0,6,0,1,0.529,0.471,1.0,74.0,24.3%
41,Michael Doherty,BNG,25,F,1,0,0,0,0,0.0,0,0,0,0.0,0.0,0.0,1.0,0.0%
47,Michael Doherty,PRO,25,F,10,0,0,0,16,-2.0,0,0,0,0.0,0.0,0.0,9.0,0.0%
12,Michael Eyssimont,ONT,22,F,63,10,10,20,47,-11.0,0,0,1,0.159,0.159,0.317,118.0,8.5%
34,Michael Fora,CLT,23,D,1,0,0,0,0,1.0,0,0,0,0.0,0.0,0.0,1.0,0.0%
52,Michael Garteig,TOR,27,G,2,0,0,0,0,,0,0,0,0.0,0.0,0.0,,
29,Michael Huntebrinker,LV,26,F,22,2,0,2,8,-3.0,0,0,0,0.091,0.0,0.091,24.0,8.3%
44,Michael Hutchinson,SPR,28,G,8,0,0,0,0,,0,0,0,0.0,0.0,0.0,,
46,Michael Hutchinson,TOR,28,G,23,0,1,1,0,,0,0,0,0.0,0.043,0.043,,
5,Michael Joly,COL,23,F,47,15,15,30,10,-1.0,5,0,1,0.319,0.319,0.638,79.0,19.0%
15,Michael Kapla,BNG,24,D,45,1,15,16,10,-6.0,1,0,0,0.022,0.333,0.356,42.0,2.4%
22,Michael Kapla,IA,24,D,21,1,7,8,4,-8.0,0,0,0,0.048,0.333,0.381,11.0,9.1%
43,Michael Kim,WBS,23,D,2,0,1,1,0,-1.0,0,0,0,0.0,0.5,0.5,5.0,0.0%
19,Michael Liambas,IA,29,F,53,4,6,10,137,-2.0,0,0,0,0.075,0.113,0.189,35.0,11.4%
20,Michael Lindqvist,HFD,24,F,16,3,4,7,8,-3.0,1,0,0,0.188,0.25,0.438,21.0,14.3%
11,Michael McCarron,LAV,23,F,32,7,14,21,46,0.0,4,0,0,0.219,0.438,0.656,65.0,10.8%
5,Michael Mcleod,BNG,20,F,55,6,27,33,43,-1.0,0,0,0,0.109,0.491,0.6,74.0,8.1%
45,Michael McNiven,LAV,21,G,30,0,0,0,2,,0,0,0,0.0,0.0,0.0,,
5,Michael Mersch,TEX,26,F,68,23,22,45,36,-9.0,9,0,2,0.338,0.324,0.662,207.0,11.1%
28,Michael Paliotta,STK,25,D,32,0,4,4,26,-9.0,0,0,0,0.0,0.125,0.125,43.0,0.0%
15,Michael Pezzetta,LAV,20,F,55,6,4,10,77,-13.0,1,0,0,0.109,0.073,0.182,48.0,12.5%
24,Michael Prapavessis,CLE,22,D,26,1,5,6,6,-3.0,0,0,0,0.038,0.192,0.231,19.0,5.3%
27,Michael Rasmussen,GR,19,F,3,2,0,2,0,0.0,1,0,0,0.667,0.0,0.667,5.0,40.0%
1,Michael Sgarbossa,HER,26,F,75,30,35,65,91,-3.0,14,0,1,0.4,0.467,0.867,172.0,17.4%
3,Michael Spacek,MTB,21,F,74,10,31,41,32,-7.0,5,0,1,0.135,0.419,0.554,104.0,9.6%
30,Michael Stone,STK,28,D,3,0,2,2,2,7.0,0,0,0,0.0,0.667,0.667,9.0,0.0%
25,Michal Cajkovsky,CLT,26,D,23,1,3,4,18,7.0,0,1,0,0.043,0.13,0.174,34.0,2.9%
29,Michal Moravcik,LAV,24,D,20,1,2,3,8,4.0,0,0,0,0.05,0.1,0.15,22.0,4.6%
37,Michal Neuvirth,LV,30,G,1,0,0,0,0,,0,0,0,0.0,0.0,0.0,,
32,Micheal Haley,SPR,32,F,2,1,1,2,7,0.0,0,0,1,0.5,0.5,1.0,3.0,33.3%
32,Miikka Salomki,MIL,25,F,3,1,1,2,2,2.0,0,0,1,0.333,0.333,0.667,6.0,16.7%
9,Mike Amadio,ONT,22,F,28,8,18,26,12,6.0,2,1,1,0.286,0.643,0.929,100.0,8.0%
32,Mike Brodzinski,SJ,23,D,1,0,0,0,0,0.0,0,0,0,0.0,0.0,0.0,0.0,0.00%
41,Mike Condon,BEL,28,G,1,0,0,0,0,,0,0,0,0.0,0.0,0.0,,
37,Mike Cornell,BRI,30,D,4,0,0,0,9,0.0,0,0,0,0.0,0.0,0.0,4.0,0.0%
38,Mike Downing,SPR,23,D,1,0,0,0,0,-1.0,0,0,0,0.0,0.0,0.0,0.0,0.00%
42,Mike Leighton,ONT,37,G,3,0,0,0,0,,0,0,0,0.0,0.0,0.0,,
41,Mike Leighton,UTC,37,G,19,0,1,1,4,,0,0,0,0.0,0.053,0.053,,
46,Mike McKenna,BEL,35,G,6,0,0,0,0,,0,0,0,0.0,0.0,0.0,,
35,Mike McKenna,LV,35,G,10,0,1,1,0,,0,0,0,0.0,0.1,0.1,,
24,Mike McMurtry,STK,26,F,26,2,4,6,2,-10.0,0,0,0,0.077,0.154,0.231,14.0,14.3%
16,Mike Sislo,BRI,30,F,39,6,9,15,14,-12.0,2,0,1,0.154,0.231,0.385,84.0,7.1%
50,Mike Szmatula,STK,26,F,2,0,0,0,0,-1.0,0,0,0,0.0,0.0,0.0,1.0,0.0%
47,Mike Szmatula,UTC,26,F,3,0,0,0,0,1.0,0,0,0,0.0,0.0,0.0,2.0,0.0%
4,Mike Vecchione,LV,25,F,67,15,23,38,36,-8.0,3,2,4,0.224,0.343,0.567,133.0,11.3%
43,Mikhail Berdin,MTB,20,G,23,0,0,0,8,,0,0,0,0.0,0.0,0.0,,
10,Mikhail Vorobyov,LV,21,F,42,7,19,26,36,-1.0,3,1,1,0.167,0.452,0.619,46.0,15.2%
27,Miles Koules,CLE,24,F,19,4,0,4,6,-6.0,0,0,0,0.211,0.0,0.211,23.0,17.4%
6,Mitch Callahan,BAK,27,F,61,15,19,34,22,4.0,6,0,1,0.246,0.311,0.557,99.0,15.2%
36,Mitch Gillam,BRI,26,G,1,0,0,0,0,,0,0,0,0.0,0.0,0.0,,
42,Mitch Hults,SD,24,F,2,0,1,1,0,0.0,0,0,0,0.0,0.5,0.5,5.0,0.0%
23,Mitch Hults,SYR,24,F,9,1,3,4,4,-2.0,0,0,1,0.111,0.333,0.444,12.0,8.3%
14,Mitch McLain,IA,25,F,58,10,10,20,38,-2.0,0,0,1,0.172,0.172,0.345,78.0,12.8%
2,Mitch Reinke,SA,22,D,76,12,33,45,20,-2.0,9,0,2,0.158,0.434,0.592,121.0,9.9%
11,Mitchell Stephens,SYR,21,F,32,11,13,24,6,13.0,3,1,2,0.344,0.406,0.75,47.0,23.4%
9,Mitchell Vande Sompel,BRI,21,D,70,10,21,31,28,4.0,3,0,1,0.143,0.3,0.443,112.0,8.9%
44,Mitchell Vanderlaan,UTC,23,F,2,0,0,0,0,0.0,0,0,0,0.0,0.0,0.0,0.0,0.00%
32,Morgan Adams-Moisan,LAV,21,F,16,1,1,2,26,-2.0,0,0,0,0.063,0.063,0.125,10.0,10.0%
5,Morgan Geekie,CLT,20,F,73,19,27,46,22,24.0,4,0,2,0.26,0.37,0.63,93.0,20.4%
30,Morgan Klimchuk,BEL,23,F,8,4,1,5,4,3.0,1,0,0,0.5,0.125,0.625,13.0,30.8%
20,Morgan Klimchuk,STK,23,F,17,3,5,8,8,-2.0,0,0,0,0.176,0.294,0.471,36.0,8.3%
32,Morgan Klimchuk,TOR,23,F,13,2,0,2,21,-3.0,0,0,0,0.154,0.0,0.154,12.0,16.7%
43,Myles Powell,ROC,24,F,7,0,0,0,6,0.0,0,0,0,0.0,0.0,0.0,2.0,0.0%
23,Nate Prosser,IA,32,D,31,1,7,8,20,-1.0,0,0,0,0.032,0.226,0.258,32.0,3.1%
9,Nathan Bastian,BNG,21,F,58,18,6,24,63,9.0,5,0,3,0.31,0.103,0.414,133.0,13.5%
5,Nathan Gerbe,CLE,31,F,41,10,22,32,40,-1.0,4,1,1,0.244,0.537,0.78,121.0,8.3%
23,Nathan Noel,RFD,21,F,46,2,4,6,55,-8.0,0,1,0,0.043,0.087,0.13,31.0,6.5%
30,Nathan Paetsch,ROC,35,D,11,1,2,3,2,1.0,0,0,0,0.091,0.182,0.273,20.0,5.0%
5,Nathan Walker,HER,24,F,58,17,22,39,54,-8.0,6,0,1,0.293,0.379,0.672,126.0,13.5%
44,Neil Manning,RFD,27,D,3,0,0,0,2,0.0,0,0,0,0.0,0.0,0.0,4.0,0.0%
20,Nelson Nogier,MTB,22,D,74,1,8,9,48,-9.0,0,0,0,0.014,0.108,0.122,117.0,0.9%
42,Nic Pierog,PRO,25,F,2,0,0,0,0,-1.0,0,0,0,0.0,0.0,0.0,1.0,0.0%
11,Nicholas Baptiste,MIL,23,F,55,12,10,22,14,-19.0,4,0,2,0.218,0.182,0.4,118.0,10.2%
20,Nicholas Baptiste,TOR,23,F,18,2,5,7,6,-3.0,0,1,0,0.111,0.278,0.389,33.0,6.1%
13,Nicholas Caamano,TEX,20,F,73,12,12,24,91,1.0,2,0,3,0.164,0.164,0.329,119.0,10.1%
35,Nicholas Henry,COL,19,F,3,0,0,0,2,0.0,0,0,0,0.0,0.0,0.0,2.0,0.0%
4,Nicholas Merkley,TUC,21,F,45,10,24,34,26,-2.0,3,0,1,0.222,0.533,0.756,105.0,9.5%
32,Nick Bligh,SYR,25,F,1,0,0,0,2,0.0,0,0,0,0.0,0.0,0.0,0.0,0.00%
3,Nick DeSimone,SJ,24,D,65,14,32,46,30,1.0,5,1,2,0.215,0.492,0.708,154.0,9.1%
28,Nick Jones,HFD,22,F,10,2,1,3,4,-1.0,1,0,0,0.2,0.1,0.3,14.0,14.3%
4,Nick Lappin,BNG,26,F,56,19,15,34,25,-26.0,7,0,4,0.339,0.268,0.607,134.0,14.2%
24,Nick Moutrey,RFD,23,F,49,1,4,5,22,-10.0,0,0,0,0.02,0.082,0.102,53.0,1.9%
4,Nick Paul,BEL,23,F,43,16,23,39,29,20.0,6,0,4,0.372,0.535,0.907,97.0,16.5%
19,Nick Saracino,BNG,26,F,38,6,4,10,20,-15.0,3,0,1,0.158,0.105,0.263,52.0,11.5%
9,Nick Schilkey,CLT,24,F,64,15,22,37,12,22.0,4,0,2,0.234,0.344,0.578,104.0,14.4%
37,Nick Schneider,STK,21,G,11,0,1,1,0,,0,0,0,0.0,0.091,0.091,,
37,Nick Sorkin,BNG,27,F,7,0,1,1,0,-2.0,0,0,0,0.0,0.143,0.143,7.0,0.0%
7,Nicolas Aube-Kubel,LV,22,F,54,16,14,30,69,-2.0,0,0,5,0.296,0.259,0.556,95.0,16.8%
10,Nicolas Hague,CHI,20,D,75,13,19,32,38,31.0,5,0,1,0.173,0.253,0.427,171.0,7.6%
34,Nicolas Kerdiles,MTB,24,F,3,0,1,1,4,1.0,0,0,0,0.0,0.333,0.333,4.0,0.0%
9,Nicolas Meloche,COL,21,D,55,6,15,21,53,-3.0,1,0,2,0.109,0.273,0.382,76.0,7.9%
10,Nicolas Roy,CLT,21,F,69,17,19,36,28,10.0,4,1,5,0.246,0.275,0.522,135.0,12.6%
9,Nikita Jevpalovs,LAV,24,F,69,13,12,25,38,1.0,1,2,2,0.188,0.174,0.362,109.0,11.9%
19,Nikita Korostelev,CLE,21,F,31,3,10,13,4,-6.0,1,0,1,0.097,0.323,0.419,47.0,6.4%
26,Nikita Popugayev,BNG,20,F,17,3,2,5,2,-9.0,3,0,0,0.176,0.118,0.294,19.0,15.8%
33,Nikita Scherbak,LAV,23,F,5,1,0,1,2,0.0,0,0,0,0.2,0.0,0.2,6.0,16.7%
19,Nikita Scherbak,ONT,23,F,23,4,7,11,18,-10.0,1,0,0,0.174,0.304,0.478,36.0,11.1%
26,Nikita Soshnikov,SA,25,F,11,3,3,6,4,1.0,1,0,0,0.273,0.273,0.545,33.0,9.1%
16,Niklas Hansson,TEX,23,D,65,7,15,22,34,-2.0,2,0,0,0.108,0.231,0.338,91.0,7.7%
19,Niko Mikkola,SA,22,D,70,2,7,9,41,-3.0,0,0,0,0.029,0.1,0.129,80.0,2.5%
41,Noah Juulsen,LAV,21,D,3,0,0,0,0,-1.0,0,0,0,0.0,0.0,0.0,0.0,0.00%
49,Noah Philp,STK,20,F,2,0,0,0,2,-2.0,0,0,0,0.0,0.0,0.0,0.0,0.00%
33,Nolan De Jong,COL,23,D,1,0,0,0,0,0.0,0,0,0,0.0,0.0,0.0,1.0,0.0%
34,Nolan De Jong,SJ,23,D,1,0,0,0,0,0.0,0,0,0,0.0,0.0,0.0,2.0,0.0%
41,Nolan De Jong,STK,23,D,1,0,0,0,0,0.0,0,0,0,0.0,0.0,0.0,0.0,0.00%
12,Nolan Stevens,SA,22,F,59,9,9,18,12,2.0,2,0,1,0.153,0.153,0.305,60.0,15.0%
14,Nolan Valleau,SYR,26,D,68,3,17,20,33,20.0,0,0,1,0.044,0.25,0.294,80.0,3.8%
25,Nolan Vesey,BAK,23,F,17,0,3,3,11,2.0,0,0,0,0.0,0.176,0.176,11.0,0.0%
32,Nolan Yaremko,STK,20,F,5,1,0,1,0,-4.0,0,0,0,0.2,0.0,0.2,6.0,16.7%
28,Oleg Sosunov,SYR,20,D,20,1,0,1,8,0.0,0,0,0,0.05,0.0,0.05,14.0,7.1%
15,Oliver Kylington,STK,21,D,18,7,7,14,8,0.0,1,0,0,0.389,0.389,0.778,35.0,20.0%
32,Oliver Wahlstrom,BRI,18,F,5,2,1,3,9,-3.0,1,0,0,0.4,0.2,0.6,16.0,12.5%
26,Olivier Archambault,SYR,25,F,7,0,3,3,2,2.0,0,0,0,0.0,0.429,0.429,4.0,0.0%
37,Olivier Galipeau,PRO,21,D,5,0,1,1,4,-3.0,0,0,0,0.0,0.2,0.2,5.0,0.0%
17,Olli Juolevi,UTC,20,D,18,1,12,13,2,-12.0,1,0,0,0.056,0.667,0.722,34.0,2.9%
33,Ondrej Vala,TEX,20,D,9,0,1,1,4,-2.0,0,0,0,0.0,0.111,0.111,7.0,0.0%
35,Oscar Dansk,CHI,24,G,40,0,0,0,0,,0,0,0,0.0,0.0,0.0,,
2,Otto Koivula,BRI,20,F,69,21,25,46,28,14.0,4,0,3,0.304,0.362,0.667,103.0,20.4%
22,Otto Somppi,SYR,20,F,27,2,2,4,10,-1.0,0,0,0,0.074,0.074,0.148,12.0,16.7%
31,Parker Milner,HER,28,G,3,0,1,1,2,,0,0,0,0.0,0.333,0.333,,
10,Parker Wotherspoon,BRI,21,D,64,6,17,23,51,7.0,0,0,1,0.094,0.266,0.359,78.0,7.7%
38,Pascal Aquin,ROC,21,F,1,0,0,0,0,-1.0,0,0,0,0.0,0.0,0.0,2.0,0.0%
26,Pascal Laberge,LV,20,F,15,5,1,6,14,2.0,0,0,2,0.333,0.067,0.4,13.0,38.5%
34,Pat Nagle,GR,31,G,1,0,0,0,0,,0,0,0,0.0,0.0,0.0,,
28,Patrick Bajkov,SPR,21,F,18,3,2,5,6,2.0,1,0,2,0.167,0.111,0.278,8.0,37.5%
11,Patrick Brown,CLT,26,F,70,19,16,35,32,16.0,5,1,3,0.271,0.229,0.5,105.0,18.1%
37,Patrick Eaves,SD,34,F,7,0,2,2,0,-1.0,0,0,0,0.0,0.286,0.286,6.0,0.0%
57,Patrick McGrath,WBS,25,F,24,0,0,0,87,-2.0,0,0,0,0.0,0.0,0.0,8.0,0.0%
37,Patrick Newell,HFD,22,F,6,0,1,1,4,-3.0,0,0,0,0.0,0.167,0.167,7.0,0.0%
5,Patrick Russell,BAK,25,F,51,18,22,40,32,30.0,3,2,3,0.353,0.431,0.784,145.0,12.4%
22,Patrick Sieloff,BEL,24,D,45,1,8,9,73,-3.0,0,1,1,0.022,0.178,0.2,23.0,4.4%
43,Patrick Sieloff,SD,24,D,14,0,1,1,8,0.0,0,0,0,0.0,0.071,0.071,12.0,0.0%
41,Patrik Rybar,GR,25,G,37,0,0,0,0,,0,0,0,0.0,0.0,0.0,,
6,Paul Bittner,CLE,22,F,50,9,22,31,21,9.0,2,0,1,0.18,0.44,0.62,115.0,7.8%
9,Paul Carey,BEL,30,F,29,5,22,27,16,0.0,1,0,2,0.172,0.759,0.931,53.0,9.4%
5,Paul Carey,PRO,30,F,30,22,11,33,14,11.0,4,1,6,0.733,0.367,1.1,89.0,24.7%
2,Paul Thompson,SPR,30,F,72,26,27,53,111,-17.0,9,0,2,0.361,0.375,0.736,181.0,14.4%
40,Pavel Francouz,COL,28,G,49,0,0,0,13,,0,0,0,0.0,0.0,0.0,,
38,Pavel Jenys,ONT,22,F,1,0,0,0,0,-1.0,0,0,0,0.0,0.0,0.0,0.0,0.00%
27,Pavel Zacha,BNG,21,F,4,0,5,5,2,2.0,0,0,0,0.0,1.25,1.25,13.0,0.0%
31,Peter Budaj,ONT,36,G,27,0,2,2,0,,0,0,0,0.0,0.074,0.074,,
3,Peter Cehlarik,PRO,23,F,53,12,26,38,14,-1.0,6,0,3,0.226,0.491,0.717,114.0,10.5%
3,Peter Holland,HFD,27,F,52,20,29,49,50,-8.0,7,1,4,0.385,0.558,0.942,154.0,13.0%
12,Peter Holland,RFD,27,F,21,7,9,16,8,1.0,1,0,2,0.333,0.429,0.762,70.0,10.0%
46,Peter Sivak,SD,36,F,1,0,0,0,0,0.0,0,0,0,0.0,0.0,0.0,0.0,0.00%
13,Peter Stoykewych,MTB,26,D,60,5,11,16,39,-7.0,0,0,0,0.083,0.183,0.267,127.0,3.9%
40,Petrus Palmu,UTC,21,F,12,0,1,1,2,-3.0,0,0,0,0.0,0.083,0.083,13.0,0.0%
28,Phelix Martineau,LAV,21,F,30,0,4,4,16,-9.0,0,0,0,0.0,0.133,0.133,23.0,0.0%
36,Phil Di Giuseppe,CLT,25,F,2,0,0,0,19,-1.0,0,0,0,0.0,0.0,0.0,3.0,0.0%
17,Phil Di Giuseppe,MIL,25,F,24,5,7,12,6,7.0,0,0,2,0.208,0.292,0.5,49.0,10.2%
9,Phil Varone,LV,28,F,22,11,17,28,6,5.0,5,0,0,0.5,0.773,1.273,53.0,20.8%
17,Philip Samuelsson,LV,27,D,67,4,11,15,26,2.0,0,0,0,0.06,0.164,0.224,80.0,5.0%
43,Philipp Kurashev,RFD,19,F,3,0,0,0,0,-2.0,0,0,0,0.0,0.0,0.0,3.0,0.0%
39,Philippe Desrosiers,TEX,23,G,23,0,0,0,2,,0,0,0,0.0,0.0,0.0,,
38,Philippe Hudon,LAV,25,F,3,0,1,1,0,1.0,0,0,0,0.0,0.333,0.333,3.0,0.0%
2,Philippe Maillet,ONT,26,F,68,16,38,54,20,-7.0,5,0,2,0.235,0.559,0.794,174.0,9.2%
5,Philippe Myers,LV,21,D,53,9,24,33,78,9.0,1,1,1,0.17,0.453,0.623,144.0,6.3%
8,Pierre Engvall,TOR,22,F,70,19,13,32,57,0.0,1,0,1,0.271,0.186,0.457,157.0,12.1%
26,Pierre-Cedric Labrie,BAK,32,F,5,1,1,2,6,1.0,0,0,0,0.2,0.2,0.4,10.0,10.0%
34,Pontus berg,SD,25,F,2,1,1,2,4,0.0,0,0,0,0.5,0.5,1.0,9.0,11.1%
32,Radel Fazleyev,LV,22,F,15,0,2,2,0,-2.0,0,0,0,0.0,0.133,0.133,11.0,0.0%
40,Radovan Bondra,RFD,21,F,2,0,0,0,0,-1.0,0,0,0,0.0,0.0,0.0,0.0,0.00%
6,Rasmus Asplund,ROC,21,F,75,10,31,41,26,7.0,2,1,0,0.133,0.413,0.547,117.0,8.6%
10,Rasmus Sandin,TOR,18,D,44,6,22,28,16,-10.0,3,0,1,0.136,0.5,0.636,65.0,9.2%
34,Reece Scarlett,TEX,25,D,1,0,0,0,2,1.0,0,0,0,0.0,0.0,0.0,0.0,0.00%
14,Reece Wilcox,LV,24,D,65,3,17,20,25,-15.0,0,0,0,0.046,0.262,0.308,68.0,4.4%
28,Reese Johnson,RFD,20,F,6,0,4,4,2,0.0,0,0,0,0.0,0.667,0.667,8.0,0.0%
1,Reid Boucher,UTC,25,F,56,31,31,62,16,-7.0,9,0,5,0.554,0.554,1.107,227.0,13.7%
13,Reid Duke,CHI,22,F,44,7,9,16,33,-10.0,2,0,2,0.159,0.205,0.364,70.0,10.0%
32,Reid Gardiner,UTC,22,F,21,2,1,3,10,-4.0,0,0,0,0.095,0.048,0.143,27.0,7.4%
26,Reid Petryk,CHI,25,F,7,1,0,1,0,-1.0,0,0,0,0.143,0.0,0.143,10.0,10.0%
16,Remi Elie,ROC,23,F,25,8,6,14,14,2.0,2,1,1,0.32,0.24,0.56,53.0,15.1%
24,Rhett Gardner,TEX,22,F,11,4,1,5,4,-2.0,0,0,1,0.364,0.091,0.455,9.0,44.4%
37,Rich Clune,TOR,31,F,15,1,0,1,14,-8.0,0,0,0,0.067,0.0,0.067,3.0,33.3%
50,Richard Bachman,UTC,31,G,9,0,0,0,0,,0,0,0,0.0,0.0,0.0,,
2,Riley Barber,HER,24,F,64,31,29,60,84,0.0,13,1,6,0.484,0.453,0.938,232.0,13.4%
30,Riley Bourbonnais,IA,25,F,10,1,0,1,2,-2.0,0,0,0,0.1,0.0,0.1,6.0,16.7%
35,Riley Damiani,TEX,18,F,1,0,0,0,0,0.0,0,0,0,0.0,0.0,0.0,1.0,0.0%
18,Riley Stillman,SPR,20,D,59,4,13,17,52,8.0,0,0,1,0.068,0.22,0.288,65.0,6.2%
12,Rinat Valiyev,STK,23,D,57,4,17,21,51,10.0,0,1,0,0.07,0.298,0.368,58.0,6.9%
11,Rob Hamilton,STK,24,D,54,7,22,29,27,4.0,1,0,1,0.13,0.407,0.537,75.0,9.3%
17,Rob O'Gara,HFD,25,D,47,3,8,11,64,3.0,0,1,0,0.064,0.17,0.234,44.0,6.8%
22,Robbie Payne,TEX,25,F,29,2,4,6,11,-5.0,0,0,1,0.069,0.138,0.207,34.0,5.9%
3,Robbie Russo,TUC,25,D,67,6,33,39,32,12.0,5,0,1,0.09,0.493,0.582,165.0,3.6%
29,Robby Fabbri,SA,22,F,3,1,1,2,4,-4.0,0,1,0,0.333,0.333,0.667,10.0,10.0%
31,Robby Jackson,SA,21,F,3,1,0,1,0,-1.0,0,0,1,0.333,0.0,0.333,4.0,25.0%
34,Robert Michel,LV,24,D,3,0,1,1,0,-2.0,0,0,0,0.0,0.333,0.333,4.0,0.0%
23,Rocco Grimaldi,MIL,25,F,10,4,7,11,8,-1.0,2,0,1,0.4,0.7,1.1,33.0,12.1%
12,Roland McKeown,CLT,22,D,70,4,21,25,56,30.0,0,0,1,0.057,0.3,0.357,119.0,3.4%
15,Roope Hintz,TEX,22,F,21,9,13,22,10,0.0,2,0,2,0.429,0.619,1.048,49.0,18.4%
9,Ross Colton,SYR,22,F,66,14,17,31,36,9.0,1,0,0,0.212,0.258,0.47,110.0,12.7%
17,Rourke Chartier,SJ,22,F,26,6,12,18,4,3.0,5,0,0,0.231,0.462,0.692,84.0,7.1%
7,Rudolfs Balcers,BEL,21,F,43,17,14,31,4,-4.0,8,1,1,0.395,0.326,0.721,95.0,17.9%
14,Ryan Bourque,BRI,27,F,60,6,10,16,39,10.0,0,0,0,0.1,0.167,0.267,62.0,9.7%
22,Ryan Collins,CLE,22,D,60,3,6,9,32,-2.0,0,0,0,0.05,0.1,0.15,80.0,3.8%
36,Ryan Culkin,LAV,25,D,10,1,0,1,8,0.0,0,0,0,0.1,0.0,0.1,11.0,9.1%
26,Ryan Dmowski,HFD,21,F,10,1,3,4,4,-1.0,0,0,0,0.1,0.3,0.4,22.0,4.6%
27,Ryan Donato,IA,22,F,3,2,3,5,4,1.0,0,0,1,0.667,1.0,1.667,7.0,28.6%
19,Ryan Donato,PRO,22,F,18,7,5,12,7,-1.0,2,0,2,0.389,0.278,0.667,58.0,12.1%
47,Ryan Faragher,STK,28,G,2,0,0,0,0,,0,0,0,0.0,0.0,0.0,,
4,Ryan Fitzgerald,PRO,24,F,61,9,28,37,26,-25.0,5,0,2,0.148,0.459,0.607,114.0,7.9%
18,Ryan Graves,COL,23,D,32,2,7,9,26,4.0,0,0,0,0.063,0.219,0.281,64.0,3.1%
7,Ryan Gropp,HFD,22,F,61,11,15,26,18,-12.0,3,0,3,0.18,0.246,0.426,83.0,13.3%
3,Ryan Haggerty,WBS,25,F,68,23,21,44,44,7.0,4,0,5,0.338,0.309,0.647,201.0,11.4%
30,Ryan Hitchcock,BRI,22,F,20,0,4,4,0,-5.0,0,0,0,0.0,0.2,0.2,22.0,0.0%
24,Ryan Horvat,SPR,25,F,41,1,9,10,69,3.0,0,0,0,0.024,0.22,0.244,57.0,1.8%
45,Ryan Horvat,WBS,25,F,6,0,1,1,9,-1.0,0,0,0,0.0,0.167,0.167,3.0,0.0%
16,Ryan Lindgren,HFD,20,D,65,0,12,12,94,-1.0,0,0,0,0.0,0.185,0.185,57.0,0.0%
34,Ryan Lohin,SYR,22,F,3,0,0,0,2,0.0,0,0,0,0.0,0.0,0.0,1.0,0.0%
10,Ryan Lomberg,STK,24,F,58,12,17,29,72,-1.0,1,4,1,0.207,0.293,0.5,129.0,9.3%
13,Ryan MacInnis,CLE,22,F,71,4,20,24,39,2.0,0,0,0,0.056,0.282,0.338,115.0,3.5%
56,Ryan McGregor,TOR,19,F,4,0,0,0,0,-1.0,0,0,0,0.0,0.0,0.0,3.0,0.0%
36,Ryan Merkley,SJ,18,D,2,0,0,0,0,-1.0,0,0,0,0.0,0.0,0.0,3.0,0.0%
48,Ryan Moore,TOR,21,F,1,0,0,0,0,-2.0,0,0,0,0.0,0.0,0.0,2.0,0.0%
21,Ryan Murphy,BNG,25,D,23,0,10,10,8,-16.0,0,0,0,0.0,0.435,0.435,33.0,0.0%
18,Ryan Murphy,IA,25,D,35,3,12,15,12,2.0,1,0,1,0.086,0.343,0.429,48.0,6.3%
5,Ryan Olsen,SA,24,F,69,17,17,34,58,-12.0,6,2,0,0.246,0.246,0.493,127.0,13.4%
47,Ryan Scarfo,BEL,24,F,6,0,0,0,2,-2.0,0,0,0,0.0,0.0,0.0,3.0,0.0%
25,Ryan Scarfo,WBS,24,F,25,1,6,7,14,5.0,0,0,0,0.04,0.24,0.28,27.0,3.7%
10,Ryan Schmelzer,BNG,25,F,66,14,10,24,42,-14.0,4,1,0,0.212,0.152,0.364,111.0,12.6%
23,Ryan Spooner,BAK,26,F,7,2,4,6,6,7.0,0,0,1,0.286,0.571,0.857,7.0,28.6%
9,Ryan Sproul,HER,25,D,52,9,14,23,8,-2.0,2,0,4,0.173,0.269,0.442,140.0,6.4%
24,Ryan Sproul,LAV,25,D,11,1,4,5,8,0.0,1,0,0,0.091,0.364,0.455,20.0,5.0%
38,Ryan Sproul,TOR,25,D,1,0,1,1,0,0.0,0,0,0,0.0,1.0,1.0,5.0,0.0%
16,Ryan Stanton,BAK,29,D,65,5,15,20,76,20.0,1,0,0,0.077,0.231,0.308,91.0,5.5%
32,Ryan Tesink,SA,25,F,9,1,0,1,7,-3.0,0,0,0,0.111,0.0,0.111,8.0,12.5%
48,Ryan Tesink,SD,25,F,2,0,0,0,0,0.0,0,0,0,0.0,0.0,0.0,0.0,0.00%
21,Ryan Wagner,CHI,22,F,49,4,3,7,10,-6.0,0,0,1,0.082,0.061,0.143,42.0,9.5%
42,Ryan Walker,BNG,21,F,1,0,0,0,0,0.0,0,0,0,0.0,0.0,0.0,4.0,0.0%
23,Ryan White,MTB,30,F,27,5,2,7,57,-4.0,0,0,2,0.185,0.074,0.259,36.0,13.9%
16,Saku Menalanen,CLT,24,F,31,7,7,14,8,-14.0,2,3,0,0.226,0.226,0.452,46.0,15.2%
5,Sam Anas,IA,25,F,60,14,24,38,12,-13.0,9,0,3,0.233,0.4,0.633,107.0,13.1%
1,Sam Carrick,SD,26,F,61,32,29,61,90,7.0,11,3,5,0.525,0.475,1.0,169.0,18.9%
7,Sam Gagner,TOR,29,F,43,12,25,37,12,-7.0,7,0,1,0.279,0.581,0.86,129.0,9.3%
15,Sam Herr,ONT,26,F,68,9,8,17,41,-26.0,0,2,2,0.132,0.118,0.25,89.0,10.1%
22,Sam Jardine,TOR,25,D,37,1,6,7,59,-10.0,0,0,0,0.027,0.162,0.189,39.0,2.6%
32,Sam Kurker,BNG,24,F,7,1,1,2,8,-3.0,0,0,0,0.143,0.143,0.286,8.0,12.5%
24,Sam Kurker,ONT,24,F,15,2,2,4,8,0.0,0,0,0,0.133,0.133,0.267,22.0,9.1%
2,Sam Lafferty,WBS,23,F,70,13,36,49,94,1.0,3,1,1,0.186,0.514,0.7,166.0,7.8%
30,Sam Lofquist,SA,28,D,9,1,1,2,19,0.0,0,0,0,0.111,0.111,0.222,9.0,11.1%
6,Sam Miletic,WBS,21,F,49,12,23,35,14,14.0,1,1,2,0.245,0.469,0.714,97.0,12.4%
3,Sam Steel,SD,20,F,53,20,21,41,24,-3.0,3,1,3,0.377,0.396,0.774,99.0,20.2%
16,Sam Vigneault,CLE,23,F,61,4,16,20,32,-3.0,1,1,1,0.066,0.262,0.328,48.0,8.3%
17,Sami Niku,MTB,22,D,20,3,9,12,14,-6.0,1,0,0,0.15,0.45,0.6,38.0,7.9%
13,Samuel Blais,SA,22,F,26,8,10,18,55,-8.0,3,0,3,0.308,0.385,0.692,68.0,11.8%
20,Samuel Laberge,TEX,21,F,31,1,6,7,70,-2.0,0,0,0,0.032,0.194,0.226,30.0,3.3%
37,Samuel Montembeault,SPR,22,G,39,0,1,1,0,,0,0,0,0.0,0.026,0.026,,
42,Samuel Morin,LV,23,D,2,0,0,0,5,1.0,0,0,0,0.0,0.0,0.0,2.0,0.0%
33,Scott Darling,CLT,30,G,14,0,1,1,0,,0,0,0,0.0,0.071,0.071,,
21,Scott Eansor,BRI,22,F,40,7,2,9,28,0.0,0,1,3,0.175,0.05,0.225,57.0,12.3%
8,Scott Kosmachuk,COL,24,F,54,12,11,23,47,-7.0,2,0,4,0.222,0.204,0.426,116.0,10.3%
44,Scott Moldenhauer,SD,24,D,14,0,1,1,4,-2.0,0,0,0,0.0,0.071,0.071,5.0,0.0%
33,Scott Pooley,TOR,24,F,6,1,1,2,0,2.0,0,0,0,0.167,0.167,0.333,5.0,20.0%
19,Scott Sabourin,STK,26,F,43,4,4,8,72,-15.0,0,0,0,0.093,0.093,0.186,56.0,7.1%
33,Scott Savage,MIL,23,D,19,0,2,2,19,2.0,0,0,0,0.0,0.105,0.105,22.0,0.0%
36,Scott Wedgewood,ROC,26,G,48,0,1,1,0,,0,0,0,0.0,0.021,0.021,,
26,Scott Wilson,ROC,26,F,17,3,4,7,4,-6.0,1,0,0,0.176,0.235,0.412,47.0,6.4%
31,Seamus Malone,UTC,22,F,6,3,0,3,0,-1.0,1,0,0,0.5,0.0,0.5,10.0,30.0%
39,Sean Bonar,PRO,27,G,1,0,0,0,0,,0,0,0,0.0,0.0,0.0,,
15,Sean Day,HFD,20,D,46,3,11,14,8,-23.0,1,0,0,0.065,0.239,0.304,59.0,5.1%
18,Sean Malone,ROC,23,F,38,4,9,13,4,-6.0,0,1,0,0.105,0.237,0.342,40.0,10.0%
16,Sean Walker,ONT,24,D,22,6,11,17,18,5.0,1,0,2,0.273,0.5,0.773,78.0,7.7%
3,Sebastian Aho,BRI,22,D,67,9,37,46,36,4.0,4,0,3,0.134,0.552,0.687,140.0,6.4%
15,Sebastian Repo,SPR,22,F,64,12,8,20,45,-5.0,6,0,2,0.188,0.125,0.313,86.0,14.0%
45,Sebastian Vidmar,STK,24,F,1,0,0,0,0,0.0,0,0,0,0.0,0.0,0.0,1.0,0.0%
17,Sergei Boikov,COL,22,D,56,1,10,11,74,-5.0,0,0,0,0.018,0.179,0.196,73.0,1.4%
22,Sergei Shumakov,HER,26,F,10,3,1,4,2,3.0,0,0,0,0.3,0.1,0.4,9.0,33.3%
34,Sergei Shumakov,SPR,26,F,3,1,0,1,2,0.0,1,0,0,0.333,0.0,0.333,3.0,33.3%
1,Seth Griffith,MTB,25,F,69,16,41,57,30,-12.0,4,0,4,0.232,0.594,0.826,119.0,13.5%
18,Seth Helgeson,BRI,28,D,74,1,13,14,132,-4.0,0,0,0,0.014,0.176,0.189,79.0,1.3%
37,Shane Bowers,COL,19,F,4,0,0,0,2,-2.0,0,0,0,0.0,0.0,0.0,6.0,0.0%
8,Shane Gersich,HER,22,F,66,8,16,24,57,5.0,2,0,0,0.121,0.242,0.364,125.0,6.4%
19,Shane Hanna,TEX,24,D,58,2,8,10,20,6.0,0,0,1,0.034,0.138,0.172,55.0,3.6%
36,Shane Starrett,BAK,24,G,42,0,0,0,0,,0,0,0,0.0,0.0,0.0,,
36,Shawn McBride,HFD,23,F,5,0,1,1,0,0.0,0,0,0,0.0,0.2,0.2,1.0,0.0%
18,Shawn O'Donnell,HFD,30,F,53,5,3,8,54,4.0,0,0,0,0.094,0.057,0.151,51.0,9.8%
21,Shawn St. Amant,HFD,22,F,44,3,3,6,39,-9.0,0,0,0,0.068,0.068,0.136,41.0,7.3%
16,Sheldon Dries,COL,24,F,25,3,8,11,19,1.0,1,0,1,0.12,0.32,0.44,60.0,5.0%
4,Sheldon Rempal,ONT,23,F,59,15,25,40,25,-28.0,2,0,1,0.254,0.424,0.678,108.0,13.9%
16,Simon Benoit,SD,20,D,65,2,14,16,33,16.0,0,0,0,0.031,0.215,0.246,72.0,2.8%
31,Simon Despres,LAV,27,D,5,1,1,2,4,-2.0,1,0,1,0.2,0.2,0.4,3.0,33.3%
12,Skyler McKenzie,MTB,20,F,47,8,8,16,28,6.0,0,0,2,0.17,0.17,0.34,60.0,13.3%
30,Slater Koekkoek,SYR,24,D,5,0,1,1,2,-2.0,0,0,0,0.0,0.2,0.2,10.0,0.0%
12,Sonny Milano,CLE,22,F,27,11,13,24,22,-14.0,2,0,0,0.407,0.481,0.889,71.0,15.5%
7,Spencer Foo,STK,24,F,67,17,21,38,36,-19.0,7,0,2,0.254,0.313,0.567,168.0,10.1%
39,Spencer Martin,COL,23,G,23,0,0,0,4,,0,0,0,0.0,0.0,0.0,,
38,Spencer Naas,TEX,23,F,10,0,0,0,4,-1.0,0,0,0,0.0,0.0,0.0,9.0,0.0%
24,Spencer Smallman,CLT,22,F,12,0,6,6,12,2.0,0,0,0,0.0,0.5,0.5,7.0,0.0%
40,Spencer Watson,ONT,22,F,2,0,0,0,0,-2.0,0,0,0,0.0,0.0,0.0,1.0,0.0%
30,Spencer Watson,RFD,22,F,10,1,2,3,2,1.0,0,0,0,0.1,0.2,0.3,20.0,5.0%
12,Stefan Elliott,BEL,27,D,44,6,14,20,8,-1.0,2,0,0,0.136,0.318,0.455,72.0,8.3%
22,Stefan Elliott,WBS,27,D,20,1,7,8,4,4.0,0,0,0,0.05,0.35,0.4,41.0,2.4%
23,Stefan LeBlanc,TOR,22,D,17,0,7,7,8,2.0,0,0,0,0.0,0.412,0.412,11.0,0.0%
26,Stefan LeBlanc,UTC,22,D,25,0,6,6,16,-6.0,0,0,0,0.0,0.24,0.24,15.0,0.0%
16,Stefan Matteau,CHI,24,F,55,5,8,13,78,-9.0,2,1,2,0.091,0.145,0.236,82.0,6.1%
27,Stelio Mattheos,CLT,19,F,11,2,1,3,2,1.0,0,0,0,0.182,0.091,0.273,16.0,12.5%
33,Stepan Falkovsky,IA,22,D,5,0,0,0,2,-2.0,0,0,0,0.0,0.0,0.0,1.0,0.0%
28,Stephen Gionta,BRI,35,F,26,2,2,4,8,4.0,0,1,1,0.077,0.077,0.154,31.0,6.5%
28,Stephen Perfetto,SA,27,F,21,1,2,3,8,-1.0,0,0,0,0.048,0.095,0.143,19.0,5.3%
6,Steve Bernier,BRI,33,F,62,24,18,42,87,9.0,10,0,6,0.387,0.29,0.677,103.0,23.3%
41,Steve McParland,SD,27,F,5,1,0,1,6,0.0,0,0,0,0.2,0.0,0.2,3.0,33.3%
38,Steve Oleksy,SD,32,D,15,0,2,2,36,-3.0,0,0,0,0.0,0.133,0.133,13.0,0.0%
26,Steve Oleksy,TOR,32,D,23,2,3,5,30,4.0,0,0,1,0.087,0.13,0.217,30.0,6.7%
44,Steve Santini,BNG,23,D,3,0,0,0,0,-1.0,0,0,0,0.0,0.0,0.0,3.0,0.0%
2,Steven Fogarty,HFD,25,F,66,21,31,52,50,-21.0,5,3,2,0.318,0.47,0.788,117.0,18.0%
38,Steven Iacobellis,SA,25,F,1,0,0,0,0,-1.0,0,0,0,0.0,0.0,0.0,0.0,0.00%
34,Steven Johnson,HER,24,D,9,0,1,1,0,-6.0,0,0,0,0.0,0.111,0.111,11.0,0.0%
34,Steven Kampfer,PRO,30,D,3,1,1,2,2,3.0,0,1,0,0.333,0.333,0.667,4.0,25.0%
21,Steven Lorentz,CLT,22,F,29,3,6,9,23,3.0,0,0,0,0.103,0.207,0.31,36.0,8.3%
39,Steven Spinner,HER,23,F,1,0,0,0,0,0.0,0,0,0,0.0,0.0,0.0,2.0,0.0%
25,Steven Swavely,LV,27,F,40,0,7,7,8,-4.0,0,0,0,0.0,0.175,0.175,36.0,0.0%
11,Steven Whitney,HER,27,F,60,9,7,16,26,-3.0,1,0,3,0.15,0.117,0.267,65.0,13.9%
13,Stuart Percy,BEL,25,D,41,2,17,19,32,-1.0,0,0,0,0.049,0.415,0.463,57.0,3.5%
29,Stuart Percy,PRO,25,D,14,1,4,5,8,-1.0,0,0,0,0.071,0.286,0.357,26.0,3.9%
31,Stuart Skinner,BAK,20,G,6,0,0,0,0,,0,0,0,0.0,0.0,0.0,,
3,T.J. Brennan,LV,29,D,63,8,35,43,66,-13.0,3,0,2,0.127,0.556,0.683,173.0,4.6%
14,T.J. Hensick,SJ,33,F,23,6,14,20,0,2.0,2,0,0,0.261,0.609,0.87,58.0,10.3%
2,T.J. Tynan,CHI,26,F,71,12,59,71,28,17.0,1,0,0,0.169,0.831,1.0,105.0,11.4%
22,Tage Thompson,ROC,21,F,8,6,3,9,4,6.0,2,0,3,0.75,0.375,1.125,26.0,23.1%
7,Tanner Fritz,BRI,27,F,57,12,25,37,20,8.0,5,0,2,0.211,0.439,0.649,106.0,11.3%
21,Tanner Jeannot,MIL,21,F,37,7,4,11,39,0.0,1,0,1,0.189,0.108,0.297,48.0,14.6%
22,Tanner Kaspick,SA,20,F,46,4,4,8,24,-12.0,0,0,0,0.087,0.087,0.174,44.0,9.1%
2,Tanner Kero,UTC,26,F,67,24,33,57,37,-14.0,11,1,2,0.358,0.493,0.851,130.0,18.5%
24,Tanner MacMaster,TOR,22,F,26,2,4,6,8,1.0,0,0,1,0.077,0.154,0.231,28.0,7.1%
21,Tanner MacMaster,UTC,22,F,29,2,9,11,20,-10.0,0,0,0,0.069,0.31,0.379,31.0,6.5%
30,Tanner Pond,PRO,25,F,46,1,4,5,62,-6.0,0,0,0,0.022,0.087,0.109,41.0,2.4%
29,Tariq Hammond,BNG,25,D,43,1,2,3,18,-5.0,0,0,0,0.023,0.047,0.07,40.0,2.5%
28,Taylor Fedun,ROC,30,D,9,0,5,5,2,3.0,0,0,0,0.0,0.556,0.556,16.0,0.0%
27,Taylor Fedun,TEX,30,D,3,1,2,3,4,2.0,0,0,1,0.333,0.667,1.0,10.0,10.0%
15,Taylor Leier,LV,24,F,34,10,9,19,26,2.0,1,0,0,0.294,0.265,0.559,75.0,13.3%
11,Taylor Leier,ROC,24,F,35,12,11,23,20,4.0,2,1,1,0.343,0.314,0.657,85.0,14.1%
6,Taylor Raddysh,SYR,20,F,70,18,28,46,34,14.0,5,0,1,0.257,0.4,0.657,88.0,20.5%
5,Teodors Blueger,WBS,24,F,45,21,18,39,18,20.0,6,1,1,0.467,0.4,0.867,123.0,17.1%
39,Terrence Wallin,HFD,26,F,23,0,1,1,7,-6.0,0,0,0,0.0,0.043,0.043,22.0,0.0%
17,Terry Broadhurst,RFD,30,F,40,4,8,12,12,-5.0,1,0,2,0.1,0.2,0.3,67.0,6.0%
52,Thatcher Demko,UTC,23,G,16,0,0,0,2,,0,0,0,0.0,0.0,0.0,,
16,Thomas DiPauli,WBS,24,F,29,7,8,15,32,6.0,0,0,1,0.241,0.276,0.517,75.0,9.3%
35,Thomas Ebbing,LAV,24,F,6,1,0,1,2,-1.0,0,0,0,0.167,0.0,0.167,7.0,14.3%
23,Thomas Gregoire,SJ,20,D,26,2,7,9,8,10.0,0,0,0,0.077,0.269,0.346,57.0,3.5%
27,Thomas Hickey,BRI,29,D,2,2,2,4,0,2.0,0,0,0,1.0,1.0,2.0,5.0,40.0%
39,Thomas McCollum,MIL,29,G,34,0,1,1,2,,0,0,0,0.0,0.029,0.029,,
37,Thomas Novak,MIL,21,F,3,0,1,1,0,-1.0,0,0,0,0.0,0.333,0.333,2.0,0.0%
12,Thomas Schemitsch,SPR,22,D,56,9,15,24,31,4.0,2,0,1,0.161,0.268,0.429,93.0,9.7%
31,Tim Clifton,SJ,26,F,7,0,1,1,0,-1.0,0,0,0,0.0,0.143,0.143,5.0,0.0%
31,Tim Erixon,WBS,27,D,28,0,5,5,18,6.0,0,0,0,0.0,0.179,0.179,34.0,0.0%
19,Tim McGauley,COL,23,F,23,2,6,8,2,0.0,0,0,1,0.087,0.261,0.348,22.0,9.1%
6,Timothy Gettinger,HFD,20,F,64,14,13,27,27,-20.0,6,0,2,0.219,0.203,0.422,116.0,12.1%
16,Timothy Liljegren,TOR,19,D,43,3,12,15,18,-8.0,1,0,0,0.07,0.279,0.349,67.0,4.5%
38,Tobias Geisser,HER,19,D,41,0,1,1,6,0.0,0,0,0,0.0,0.024,0.024,18.0,0.0%
26,Tobias Lindberg,BEL,23,F,29,3,3,6,6,-1.0,0,0,0,0.103,0.103,0.207,29.0,10.3%
23,Tobias Lindberg,CHI,23,F,17,0,4,4,12,-3.0,0,0,0,0.0,0.235,0.235,13.0,0.0%
26,Tobias Lindberg,WBS,23,F,15,2,4,6,10,5.0,0,0,0,0.133,0.267,0.4,11.0,18.2%
37,Tobie Paquette-Bisson,ROC,21,D,1,0,0,0,0,0.0,0,0,0,0.0,0.0,0.0,1.0,0.0%
31,Tom Khnhackl,BRI,26,F,1,2,1,3,0,3.0,0,0,0,2.0,1.0,3.0,3.0,66.7%
46,Tom Marchin,PRO,23,F,7,0,0,0,2,-4.0,0,0,0,0.0,0.0,0.0,12.0,0.0%
9,Tom Pyatt,UTC,31,F,36,6,13,19,6,-10.0,1,1,1,0.167,0.361,0.528,69.0,8.7%
7,Tomas Hyka,CHI,25,F,43,16,24,40,10,13.0,6,0,2,0.372,0.558,0.93,92.0,17.4%
15,Tomas Jurco,CLT,26,F,19,8,9,17,14,7.0,2,0,1,0.421,0.474,0.895,45.0,17.8%
23,Tomas Jurco,SPR,26,F,14,4,6,10,8,-10.0,2,0,0,0.286,0.429,0.714,31.0,12.9%
4,Tommy Cross,CLE,29,D,73,7,27,34,71,-13.0,3,0,1,0.096,0.37,0.466,154.0,4.6%
34,Tommy Sestito,TOR,31,F,13,1,1,2,42,-4.0,0,0,0,0.077,0.077,0.154,6.0,16.7%
18,Tony Calderone,TEX,24,F,33,5,5,10,6,-2.0,0,0,1,0.152,0.152,0.303,30.0,16.7%
29,Tony Cameranesi,UTC,25,F,19,1,3,4,2,-7.0,0,0,0,0.053,0.158,0.211,20.0,5.0%
43,Tony Turgeon,SPR,29,F,7,0,0,0,25,0.0,0,0,0,0.0,0.0,0.0,1.0,0.0%
24,Travis Barron,COL,20,F,38,3,2,5,37,2.0,0,0,1,0.079,0.053,0.132,39.0,7.7%
30,Travis Boyd,HER,25,F,2,0,1,1,2,-2.0,0,0,0,0.0,0.5,0.5,1.0,0.0%
35,Travis Brown,SA,24,D,1,0,0,0,0,0.0,0,0,0,0.0,0.0,0.0,0.0,0.00%
36,Travis Howe,TUC,24,D,1,0,0,0,7,0.0,0,0,0,0.0,0.0,0.0,0.0,0.00%
8,Travis Morin,TEX,34,F,68,8,24,32,34,-22.0,6,0,0,0.118,0.353,0.471,140.0,5.7%
4,Travis St. Denis,BRI,26,F,75,17,26,43,105,-10.0,8,0,5,0.227,0.347,0.573,135.0,12.6%
9,Trent Frederic,PRO,20,F,55,14,11,25,67,2.0,1,1,3,0.255,0.2,0.455,102.0,13.7%
4,Trevor Carrick,CLT,24,D,71,9,38,47,86,8.0,2,0,4,0.127,0.535,0.662,154.0,5.8%
21,Trevor Cheek,TUC,26,F,63,7,3,10,48,-10.0,0,0,0,0.111,0.048,0.159,67.0,10.5%
25,Trevor Hamilton,GR,23,D,17,1,2,3,8,-7.0,1,0,0,0.059,0.118,0.176,13.0,7.7%
6,Trevor Moore,TOR,23,F,46,23,16,39,22,1.0,8,1,4,0.5,0.348,0.848,129.0,17.8%
15,Trevor Murphy,SD,23,D,37,3,15,18,48,8.0,2,0,0,0.081,0.405,0.486,84.0,3.6%
17,Trevor Murphy,TUC,23,D,27,5,8,13,26,-6.0,1,0,1,0.185,0.296,0.481,68.0,7.4%
8,Trevor Smith,SA,33,F,51,9,13,22,28,-15.0,3,0,1,0.176,0.255,0.431,63.0,14.3%
37,Trevor Yates,GR,23,F,2,0,0,0,4,-1.0,0,0,0,0.0,0.0,0.0,1.0,0.0%
55,Trevor Yates,WBS,23,F,4,0,0,0,0,0.0,0,0,0,0.0,0.0,0.0,2.0,0.0%
39,Trey Bradley,TOR,22,F,2,0,1,1,0,0.0,0,0,0,0.0,0.5,0.5,1.0,0.0%
30,Tristan Jarry,WBS,23,G,47,1,4,5,2,,0,0,0,0.021,0.085,0.106,,
21,Troy Bourke,SYR,24,F,25,1,5,6,6,-3.0,0,0,0,0.04,0.2,0.24,22.0,4.6%
40,Troy Grosenick,MIL,29,G,46,0,1,1,2,,0,0,0,0.0,0.022,0.022,,
34,Troy Josephs,WBS,24,F,11,0,3,3,2,1.0,0,0,0,0.0,0.273,0.273,9.0,0.0%
31,Troy Loggins,GR,23,F,4,1,0,1,0,-2.0,0,0,0,0.25,0.0,0.25,2.0,50.0%
4,Troy Terry,SD,21,F,41,16,25,41,4,1.0,4,0,3,0.39,0.61,1.0,92.0,17.4%
9,Tucker Poolman,MTB,25,D,43,5,20,25,10,4.0,3,0,1,0.116,0.465,0.581,72.0,6.9%
4,Turner Elson,GR,26,F,72,18,21,39,80,12.0,3,3,1,0.25,0.292,0.542,139.0,13.0%
26,Ty Dellandrea,TEX,18,F,11,2,1,3,4,5.0,0,0,1,0.182,0.091,0.273,15.0,13.3%
10,Ty Lewis,COL,20,F,51,8,11,19,32,-9.0,4,0,0,0.157,0.216,0.373,81.0,9.9%
42,Ty Reichenbach,UTC,25,G,1,0,0,0,0,,0,0,0,0.0,0.0,0.0,,
23,Ty Ronning,HFD,21,F,23,4,1,5,10,-7.0,0,0,0,0.174,0.043,0.217,30.0,13.3%
19,Tye McGinn,CHI,28,F,36,10,2,12,16,0.0,0,0,2,0.278,0.056,0.333,44.0,22.7%
26,Tye McGinn,MTB,28,F,26,2,4,6,38,-3.0,0,0,0,0.077,0.154,0.231,25.0,8.0%
1,Tyler Benson,BAK,20,F,68,15,51,66,44,21.0,2,0,3,0.221,0.75,0.971,173.0,8.7%
10,Tyler Gaudet,MIL,25,F,50,8,17,25,34,4.0,1,1,1,0.16,0.34,0.5,84.0,9.5%
2,Tyler Graovac,STK,25,F,65,24,26,50,37,-8.0,4,4,3,0.369,0.4,0.769,120.0,20.0%
13,Tyler Lewington,HER,24,D,65,3,12,15,121,7.0,0,0,0,0.046,0.185,0.231,56.0,5.4%
41,Tyler Moy,MIL,23,F,2,0,0,0,0,0.0,0,0,0,0.0,0.0,0.0,0.0,0.00%
38,Tyler Parsons,STK,21,G,20,0,1,1,4,,0,0,0,0.0,0.05,0.05,,
27,Tyler Randell,ROC,27,F,36,3,4,7,45,-2.0,0,0,0,0.083,0.111,0.194,24.0,12.5%
34,Tyler Sheehy,IA,23,F,5,0,0,0,0,-4.0,0,0,0,0.0,0.0,0.0,4.0,0.0%
9,Tyler Sikura,RFD,26,F,50,7,12,19,20,1.0,2,0,0,0.14,0.24,0.38,84.0,8.3%
29,Tyler Spezia,GR,25,F,8,1,1,2,0,2.0,0,0,1,0.125,0.125,0.25,7.0,14.3%
13,Tyler Steenbergen,TUC,20,F,63,9,13,22,16,-2.0,2,0,1,0.143,0.206,0.349,81.0,11.1%
42,Tyler Tucker,SA,18,D,2,0,0,0,0,-1.0,0,0,0,0.0,0.0,0.0,2.0,0.0%
19,Tyler Vesel,BAK,24,F,61,5,13,18,4,7.0,0,0,0,0.082,0.213,0.295,100.0,5.0%
17,Tyler Wong,CHI,22,F,68,5,8,13,24,-9.0,0,0,1,0.074,0.118,0.191,58.0,8.6%
9,Tyler Wotherspoon,SA,25,D,70,4,18,22,28,-3.0,0,0,0,0.057,0.257,0.314,98.0,4.1%
16,Tyrell Goulbourne,LV,24,F,63,9,9,18,135,1.0,0,0,1,0.143,0.143,0.286,85.0,10.6%
23,Tyson Jost,COL,20,F,8,4,1,5,2,-3.0,2,0,1,0.5,0.125,0.625,19.0,21.1%
39,Ukko-Pekka Luukkonen,ROC,19,G,1,0,0,0,0,,0,0,0,0.0,0.0,0.0,,
18,Urho Vaakanainen,PRO,19,D,30,4,10,14,10,2.0,1,1,0,0.133,0.333,0.467,47.0,8.5%
28,Valentin Zykov,CLT,23,F,6,2,0,2,16,-1.0,1,0,0,0.333,0.0,0.333,6.0,33.3%
41,Vasily Glotov,ROC,21,F,2,0,0,0,0,-1.0,0,0,0,0.0,0.0,0.0,1.0,0.0%
35,Victor Berglund,PRO,19,D,4,1,1,2,0,0.0,0,0,0,0.25,0.25,0.5,3.0,33.3%
7,Victor Ejdsell,RFD,23,F,61,12,17,29,24,-8.0,4,0,1,0.197,0.279,0.475,106.0,11.3%
26,Victor Mete,LAV,20,D,7,1,3,4,0,2.0,0,0,0,0.143,0.429,0.571,8.0,12.5%
1,Victor Olofsson,ROC,23,F,66,30,33,63,12,12.0,9,1,9,0.455,0.5,0.955,193.0,15.5%
13,Vili Saarijrvi,GR,21,D,70,2,14,16,20,19.0,2,0,1,0.029,0.2,0.229,121.0,1.7%
46,Ville Husso,SA,23,G,27,0,0,0,2,,0,0,0,0.0,0.0,0.0,,
5,Ville Meskanen,HFD,23,F,70,12,22,34,18,-13.0,2,0,2,0.171,0.314,0.486,125.0,9.6%
29,Vince Pedrie,HFD,24,D,7,0,3,3,4,-2.0,0,0,0,0.0,0.429,0.429,11.0,0.0%
24,Vince Pedrie,MIL,24,D,27,2,6,8,8,4.0,1,0,1,0.074,0.222,0.296,38.0,5.3%
18,Vincent Arseneau,UTC,26,F,38,9,2,11,49,2.0,0,0,1,0.237,0.053,0.289,47.0,19.2%
18,Vincent LoVerde,TOR,29,D,68,3,8,11,33,-2.0,0,0,0,0.044,0.118,0.162,68.0,4.4%
19,Vincent Praplan,SJ,24,F,27,4,12,16,14,7.0,1,0,1,0.148,0.444,0.593,38.0,10.5%
26,Vincent Praplan,SPR,24,F,14,2,5,7,4,3.0,0,0,0,0.143,0.357,0.5,18.0,11.1%
4,Vinni Lettieri,HFD,23,F,48,23,25,48,22,-10.0,8,1,3,0.479,0.521,1.0,182.0,12.6%
24,Vitaly Abramov,BEL,20,F,18,4,3,7,8,0.0,1,0,0,0.222,0.167,0.389,35.0,11.4%
14,Vitaly Abramov,CLE,20,F,52,12,10,22,28,-2.0,2,0,2,0.231,0.192,0.423,119.0,10.1%
37,Vitek Vanecek,HER,22,G,38,0,1,1,4,,0,0,0,0.0,0.026,0.026,,
31,Vladislav Kamenev,COL,22,F,2,0,1,1,2,-3.0,0,0,0,0.0,0.5,0.5,3.0,0.0%
30,Vladislav Kotkov,SJ,18,F,1,1,0,1,0,0.0,0,0,0,1.0,0.0,1.0,2.0,50.0%
22,Wacey Hamilton,UTC,28,F,23,1,10,11,33,1.0,0,1,0,0.043,0.435,0.478,26.0,3.9%
5,Wade Megan,GR,28,F,48,19,18,37,44,5.0,7,0,3,0.396,0.375,0.771,140.0,13.6%
5,Wayne Simpson,ROC,29,F,72,21,24,45,16,1.0,2,2,1,0.292,0.333,0.625,161.0,13.0%
28,Wiley Sherman,PRO,23,D,52,2,3,5,30,-7.0,0,0,0,0.038,0.058,0.096,35.0,5.7%
23,Will O'Neill,WBS,30,D,28,0,8,8,49,-6.0,0,0,0,0.0,0.286,0.286,41.0,0.0%
10,William Bitten,IA,20,F,63,13,16,29,20,2.0,0,0,1,0.206,0.254,0.46,102.0,12.8%
17,William Borgen,ROC,22,D,71,3,11,14,56,8.0,0,0,0,0.042,0.155,0.197,66.0,4.6%
12,William Lagesson,BAK,22,D,67,8,19,27,45,25.0,0,0,3,0.119,0.284,0.403,91.0,8.8%
10,William Pelletier,RFD,26,F,41,7,10,17,22,5.0,0,0,1,0.171,0.244,0.415,70.0,10.0%
44,Willie Raskob,STK,23,D,1,0,0,0,0,-3.0,0,0,0,0.0,0.0,0.0,0.0,0.00%
7,Xavier Ouellet,LAV,25,D,47,7,21,28,20,-11.0,3,0,2,0.149,0.447,0.596,144.0,4.9%
5,Yakov Trenin,MIL,21,F,74,14,19,33,39,21.0,2,0,2,0.189,0.257,0.446,114.0,12.3%
22,Yannick Rathgeb,BRI,23,D,32,4,5,9,33,-6.0,1,0,0,0.125,0.156,0.281,53.0,7.6%
24,Yannick Veilleux,ROC,25,F,50,5,3,8,64,-1.0,1,1,3,0.1,0.06,0.16,59.0,8.5%
51,Yasin Ehliz,STK,26,F,4,0,0,0,2,-5.0,0,0,0,0.0,0.0,0.0,3.0,0.0%
13,Yegor Sharangovich,BNG,20,F,68,9,8,17,14,-17.0,0,1,2,0.132,0.118,0.25,88.0,10.2%
16,Yegor Yakovlev,BNG,27,D,19,0,16,16,6,-8.0,0,0,0,0.0,0.842,0.842,31.0,0.0%
42,Yushiroh Hirano,WBS,23,F,1,0,1,1,2,1.0,0,0,0,0.0,1.0,1.0,1.0,0.0%
1,Zac Dalpe,CLE,29,F,55,33,22,55,43,17.0,10,2,3,0.6,0.4,1.0,203.0,16.3%
43,Zac Lynch,HFD,26,F,6,0,0,0,0,-1.0,0,0,0,0.0,0.0,0.0,7.0,0.0%
35,Zac Rinaldo,MIL,28,F,3,0,1,1,6,0.0,0,0,0,0.0,0.333,0.333,4.0,0.0%
20,Zach Aston-Reese,WBS,24,F,11,6,3,9,18,3.0,2,1,0,0.545,0.273,0.818,41.0,14.6%
35,Zach Fischer,STK,21,F,2,0,1,1,0,-2.0,0,0,0,0.0,0.5,0.5,4.0,0.0%
27,Zach Frye,SJ,24,D,7,1,1,2,0,0.0,0,0,0,0.143,0.143,0.286,5.0,20.0%
15,Zach Leslie,CHI,24,D,67,2,14,16,32,4.0,0,0,1,0.03,0.209,0.239,68.0,2.9%
17,Zach Nastasiuk,CLT,23,F,43,5,6,11,8,6.0,1,0,1,0.116,0.14,0.256,35.0,14.3%
54,Zach O'Brien,TOR,26,F,3,0,0,0,0,-1.0,0,0,0,0.0,0.0,0.0,4.0,0.0%
19,Zach Palmquist,LV,28,D,66,3,11,14,24,-16.0,0,0,1,0.045,0.167,0.212,75.0,4.0%
3,Zach Redmond,ROC,30,D,58,21,29,50,34,13.0,10,0,9,0.362,0.5,0.862,200.0,10.5%
11,Zach Senyshyn,PRO,21,F,66,14,10,24,20,-11.0,5,0,2,0.212,0.152,0.364,131.0,10.7%
45,Zach Tolkinen,HFD,29,D,9,0,0,0,4,-5.0,0,0,0,0.0,0.0,0.0,4.0,0.0%
29,Zach Trotman,WBS,28,D,24,1,4,5,39,-2.0,0,0,0,0.042,0.167,0.208,50.0,2.0%
12,Zach Whitecloud,CHI,22,D,74,6,22,28,52,39.0,0,0,1,0.081,0.297,0.378,92.0,6.5%
33,Zachary Fucale,CHI,23,G,5,0,0,0,0,,0,0,0,0.0,0.0,0.0,,
19,Zachary Magwood,MIL,20,F,44,4,8,12,12,8.0,0,0,1,0.091,0.182,0.273,41.0,9.8%
34,Zachary Osburn,MIL,21,D,1,0,1,1,0,2.0,0,0,0,0.0,1.0,1.0,0.0,0.00%
25,Zachary Sanford,SA,24,F,7,4,2,6,2,-1.0,1,0,1,0.571,0.286,0.857,14.0,28.6%
3,Zack MacEwen,UTC,22,F,69,22,31,53,75,-21.0,8,0,1,0.319,0.449,0.768,176.0,12.5%
5,Zack Mitchell,ONT,25,F,61,15,16,31,33,-9.0,5,0,3,0.246,0.262,0.508,97.0,15.5%
39,Zack Stortini,CLT,33,F,24,0,0,0,49,-1.0,0,0,0,0.0,0.0,0.0,12.0,0.0%
36,Zane McIntyre,PRO,26,G,46,0,2,2,6,,0,0,0,0.0,0.043,0.043,,
